value_basis,format,year,player_id,name,position,value,season_pts
ktc,hwang,2021,4034,Christian McCaffrey,RB,9608,90.5
ktc,hwang,2021,4988,Nick Chubb,RB,6441,189.3
ktc,hwang,2021,4663,Austin Ekeler,RB,5923,249.9
ktc,hwang,2021,6814,Laviska Shenault,WR,4507,57.8
ktc,hwang,2021,4017,Deshaun Watson,QB,4236,0
ktc,hwang,2021,6806,J.K. Dobbins,RB,4568,0
ktc,hwang,2021,1166,Kirk Cousins,QB,3272,278.4
ktc,hwang,2021,1352,Robert Woods,WR,4277,92.2
ktc,hwang,2021,6826,Cole Kmet,TE,2898,84.4
ktc,hwang,2021,4149,Jamaal Williams,RB,2568,88.6
ktc,hwang,2021,6824,Donovan Peoples-Jones,WR,1771,71.9
ktc,hwang,2021,2319,DeVante Parker,WR,2162,62.3
ktc,hwang,2021,5010,Will Dissly,TE,665,39.6
ktc,hwang,2021,5008,Durham Smythe,TE,0,48.8
ktc,hwang,2021,7066,K.J. Osborn,WR,0,100.4
ktc,hwang,2021,5374,Justin Watson,WR,0,0
ktc,hwang,2021,4147,Samaje Perine,RB,504,56.2
ktc,hwang,2021,7720,Kene Nwangwu,RB,369,18.6
ktc,hwang,2021,827,Tyrod Taylor,QB,1280,81.7
ktc,hwang,2021,5137,Richie James,WR,0,0
ktc,hwang,2021,6865,Colby Parkinson,TE,0,3.4
ktc,hwang,2021,4080,Zay Jones,WR,0,56.2
ktc,hwang,2021,7049,Jauan Jennings,WR,0,36.8
ktc,hwang,2021,6598,Trenton Irwin,WR,0,2.5
ktc,hwang,2021,7021,Rico Dowdle,RB,0,0
ktc,hwang,2021,19,Joe Flacco,QB,0,23.8
ktc,hwang,2021,7083,Tyler Huntley,QB,0,75.8
ktc,hwang,2021,6768,Tua Tagovailoa,QB,5065,168.8
ktc,hwang,2021,6151,Miles Sanders,RB,4583,91.2
ktc,hwang,2021,4943,Sam Darnold,QB,3497,142.6
ktc,hwang,2021,5872,Deebo Samuel,WR,3931,237
ktc,hwang,2021,7567,Kenneth Gainwell,RB,2632,75.7
ktc,hwang,2021,6805,KJ Hamler,WR,1945,7.4
ktc,hwang,2021,7535,Hunter Long,TE,768,1.3
ktc,hwang,2021,5121,Braxton Berrios,WR,0,75.1
ktc,hwang,2021,5970,Greg Dortch,WR,0,3.4
ktc,hwang,2021,6694,D'Ernest Johnson,RB,0,65.8
ktc,hwang,2021,1373,Geno Smith,QB,0,54.3
ktc,hwang,2021,5133,Tyler Conklin,TE,0,106.2
ktc,hwang,2021,7496,Nick Westbrook-Ikhine,WR,0,55.8
ktc,hwang,2021,7529,Gary Brightwell,RB,0,1
ktc,hwang,2021,4464,Nick Mullens,QB,0,9.9
ktc,hwang,2021,5045,Courtland Sutton,WR,4184,90.3
ktc,hwang,2021,4098,Kareem Hunt,RB,3860,88
ktc,hwang,2021,5870,Daniel Jones,QB,3037,166.5
ktc,hwang,2021,7565,Terrace Marshall,WR,4245,15.8
ktc,hwang,2021,2749,Raheem Mostert,RB,3007,2
ktc,hwang,2021,7606,Kadarius Toney,WR,2522,43.4
ktc,hwang,2021,7670,Josh Palmer,WR,2346,49.4
ktc,hwang,2021,7568,Brevin Jordan,TE,1074,45.8
ktc,hwang,2021,4054,Mo Alie-Cox,TE,578,63.9
ktc,hwang,2021,7713,Jaelon Darden,WR,848,5.4
ktc,hwang,2021,7757,Ben Skowronek,WR,0,13.3
ktc,hwang,2021,4234,Noah Brown,WR,0,18.4
ktc,hwang,2021,7551,Deon Jackson,RB,0,9.1
ktc,hwang,2021,4029,Dalvin Cook,RB,7347,164.1
ktc,hwang,2021,6945,Antonio Gibson,RB,6789,166
ktc,hwang,2021,2306,Jameis Winston,QB,3589,117.4
ktc,hwang,2021,7571,Rashod Bateman,WR,3967,55.3
ktc,hwang,2021,3271,Tyler Higbee,TE,2976,96
ktc,hwang,2021,6845,Zack Moss,RB,2833,80.8
ktc,hwang,2021,5917,Mecole Hardman,WR,2437,70.6
ktc,hwang,2021,7562,Tutu Atwell,WR,1521,0
ktc,hwang,2021,6074,Donald Parham,TE,1099,49
ktc,hwang,2021,6001,Drew Sample,TE,487,12.3
ktc,hwang,2021,6144,Trayveon Williams,RB,223,1.3
ktc,hwang,2021,4111,D'Onta Foreman,RB,0,76.5
ktc,hwang,2021,2307,Marcus Mariota,QB,933,12.4
ktc,hwang,2021,3634,Kalif Raymond,WR,0,67
ktc,hwang,2021,6659,Craig Reynolds,RB,0,28
ktc,hwang,2021,3198,Derrick Henry,RB,6290,175.3
ktc,hwang,2021,4892,Baker Mayfield,QB,4980,180.9
ktc,hwang,2021,6804,Jordan Love,QB,3127,13.9
ktc,hwang,2021,5985,Foster Moreau,TE,436,64.3
ktc,hwang,2021,4351,Tim Patrick,WR,814,93.9
ktc,hwang,2021,7045,Joshua Kelley,RB,632,12
ktc,hwang,2021,7716,John Bates,TE,0,39.9
ktc,hwang,2021,5089,Mike White,QB,0,44
ktc,hwang,2021,7543,Travis Etienne,RB,4386,0
ktc,hwang,2021,4144,Jonnu Smith,TE,3122,52.9
ktc,hwang,2021,7587,Dyami Brown,WR,2831,16.1
ktc,hwang,2021,2325,Nelson Agholor,WR,1508,64.1
ktc,hwang,2021,7694,Tommy Tremble,TE,1225,41
ktc,hwang,2021,6843,Albert Okwuegbunam,TE,567,59.5
ktc,hwang,2021,4198,Jamal Agnew,WR,0,58
ktc,hwang,2021,6290,Scotty Miller,WR,733,2.9
ktc,hwang,2021,3257,Jacoby Brissett,QB,0,72.3
ktc,hwang,2021,5973,Josh Oliver,TE,0,10.5
ktc,hwang,2021,6820,Clyde Edwards-Helaire,RB,5948,98.6
ktc,hwang,2021,6904,Jalen Hurts,QB,4760,312.2
ktc,hwang,2021,2028,Derek Carr,QB,3261,241.6
ktc,hwang,2021,5967,Tony Pollard,RB,2864,123.6
ktc,hwang,2021,5695,Brandon Powell,WR,0,6
ktc,hwang,2021,2711,Taylor Heinicke,QB,1035,216.8
ktc,hwang,2021,4179,Joshua Dobbs,QB,0,0
ktc,hwang,2021,3199,Michael Thomas,WR,4034,0
ktc,hwang,2021,6149,Darius Slayton,WR,1559,33.7
ktc,hwang,2021,7002,Juwan Johnson,TE,1105,39.4
ktc,hwang,2021,7602,Kylen Granson,TE,609,16.1
ktc,hwang,2021,4274,David Moore,WR,291,0
ktc,hwang,2021,5995,Justice Hill,RB,507,0
ktc,hwang,2021,6011,Gardner Minshew,QB,1077,19.2
ktc,hwang,2021,4197,Isaiah McKenzie,WR,0,30.6
ktc,hwang,2021,4972,Mason Rudolph,QB,0,18.4
ktc,hwang,2021,5937,Diontae Johnson,WR,4681,162.3
ktc,hwang,2021,6853,Van Jefferson,WR,1518,115.1
ktc,hwang,2021,6136,Jarrett Stidham,QB,0,0
ktc,hwang,2021,7607,Michael Carter,RB,3298,116.5
ktc,hwang,2021,6943,Gabriel Davis,WR,2855,87
ktc,hwang,2021,6111,Jake Browning,QB,0,0
ktc,hwang,2021,5248,Gus Edwards,RB,3753,0
ktc,hwang,2021,5880,Parris Campbell,WR,2260,22.2
ktc,hwang,2021,5323,Equanimeous St. Brown,WR,180,9
ktc,hwang,2021,3164,Ezekiel Elliott,RB,5770,196.1
ktc,hwang,2021,4454,Kendrick Bourne,WR,627,122.3
ktc,hwang,2021,4973,Hayden Hurst,TE,935,47.3
ktc,hwang,2021,3976,Mitchell Trubisky,QB,354,7.8
ktc,hwang,2021,5409,Tanner Hudson,TE,0,0
ktc,hwang,2021,6849,Denzel Mims,WR,1680,13.3
ktc,hwang,2021,7611,Rhamondre Stevenson,RB,3086,97.3
ktc,hwang,2021,7569,Nico Collins,WR,2502,43.9
ktc,hwang,2021,4950,Christian Kirk,WR,1585,126.3
ktc,hwang,2021,6271,Olamide Zaccheaus,WR,744,54.1
ktc,hwang,2021,6920,Isaiah Hodgins,WR,67,0
ktc,hwang,2021,2374,Tyler Lockett,WR,4375,146.4
ktc,hwang,2021,7601,Rondale Moore,WR,3841,55.1
ktc,hwang,2021,5113,Cedrick Wilson,WR,0,78.9
ktc,hwang,2021,6847,Devin Duvernay,WR,772,50
ktc,hwang,2021,1535,Cordarrelle Patterson,RB,175,181.4
ktc,hwang,2021,5938,Lil'Jordan Humphrey,WR,0,34.3
ktc,hwang,2021,2161,Jerick McKinnon,RB,572,11.9
ktc,hwang,2021,7596,Elijah Moore,WR,4416,95.2
ktc,hwang,2021,7547,Amon-Ra St. Brown,WR,2848,119.2
ktc,hwang,2021,6927,Quez Watkins,WR,1571,58.6
ktc,hwang,2021,4995,Ian Thomas,TE,324,27.8
ktc,hwang,2021,3321,Tyreek Hill,WR,7330,185.3
ktc,hwang,2021,7523,Trevor Lawrence,QB,7137,180.4
ktc,hwang,2021,5892,David Montgomery,RB,5028,145.1
ktc,hwang,2021,5850,Josh Jacobs,RB,4757,151.6
ktc,hwang,2021,1837,Jimmy Garoppolo,QB,1763,214.8
ktc,hwang,2021,2078,Odell Beckham,WR,3278,83.3
ktc,hwang,2021,4082,Curtis Samuel,WR,3336,3.8
ktc,hwang,2021,1689,Adam Thielen,WR,3251,132.8
ktc,hwang,2021,4381,Taysom Hill,TE,1425,109.6
ktc,hwang,2021,4137,James Conner,RB,1645,199.4
ktc,hwang,2021,7794,Chris Evans,RB,1371,22.9
ktc,hwang,2021,5185,Allen Lazard,WR,1113,83
ktc,hwang,2021,7559,Ihmir Smith-Marsette,WR,854,7.3
ktc,hwang,2021,421,Matthew Stafford,QB,5214,312.2
ktc,hwang,2021,3163,Jared Goff,QB,2945,177
ktc,hwang,2021,4951,D.J. Chark,WR,3435,27.4
ktc,hwang,2021,4068,Mike Williams,WR,3099,152.7
ktc,hwang,2021,6039,Ty Johnson,RB,1593,83.1
ktc,hwang,2021,5284,Jeffery Wilson,RB,800,44.5
ktc,hwang,2021,6794,Justin Jefferson,WR,7886,205.3
ktc,hwang,2021,7588,Javonte Williams,RB,5745,155.5
ktc,hwang,2021,7593,Trey Sermon,RB,4664,25.3
ktc,hwang,2021,6828,AJ Dillon,RB,3689,144.9
ktc,hwang,2021,4033,David Njoku,TE,1328,87.5
ktc,hwang,2021,6421,Jalen Guyton,WR,1043,61
ktc,hwang,2021,5000,Chase Edmonds,RB,3404,100.3
ktc,hwang,2021,5001,Dalton Schultz,TE,1401,154.2
ktc,hwang,2021,5987,Alexander Mattison,RB,1977,91.8
ktc,hwang,2021,6951,Eno Benjamin,RB,669,16.4
ktc,hwang,2021,6234,Deonte Harty,WR,1031,73.8
ktc,hwang,2021,1234,Russell Wilson,QB,6545,218.8
ktc,hwang,2021,4018,Joe Mixon,RB,5465,245.9
ktc,hwang,2021,6989,Marquez Callaway,WR,3364,105.8
ktc,hwang,2021,5980,Myles Gaskin,RB,3590,123.6
ktc,hwang,2021,5848,Marquise Brown,WR,3006,132.6
ktc,hwang,2021,5906,Dawson Knox,TE,1333,132.8
ktc,hwang,2021,5122,Boston Scott,RB,1106,85.6
ktc,hwang,2021,6931,DeeJay Dallas,RB,809,39
ktc,hwang,2021,7527,Mac Jones,QB,5168,214.1
ktc,hwang,2021,6955,James Robinson,RB,4620,142.9
ktc,hwang,2021,5947,Jakobi Meyers,WR,3318,98.3
ktc,hwang,2021,1339,Zach Ertz,TE,1381,131.8
ktc,hwang,2021,4985,Rashaad Penny,RB,1426,90.7
ktc,hwang,2021,2197,Brandin Cooks,WR,3228,139.2
ktc,hwang,2021,6918,Salvon Ahmed,RB,1411,26.6
ktc,hwang,2021,6885,Ke'Shawn Vaughn,RB,867,22.5
ktc,hwang,2021,7591,Justin Fields,QB,6536,126.8
ktc,hwang,2021,7533,Anthony Schwartz,WR,1000,21.8
ktc,hwang,2021,6819,Michael Pittman,WR,3602,136.2
ktc,hwang,2021,4171,Josh Reynolds,WR,1021,50.5
ktc,hwang,2021,6938,Cam Akers,RB,3508,0
ktc,hwang,2021,3225,Tyler Boyd,WR,3637,116.8
ktc,hwang,2021,7090,Darnell Mooney,WR,3639,126.1
ktc,hwang,2021,5038,Michael Gallup,WR,3433,56.5
ktc,hwang,2021,7608,Khalil Herbert,RB,1589,63.8
ktc,hwang,2021,7561,Elijah Mitchell,RB,1486,137.5
ktc,hwang,2021,3286,Demarcus Robinson,WR,860,42.5
ktc,hwang,2021,3294,Dak Prescott,QB,7435,288.8
ktc,hwang,2021,7610,Trey Lance,QB,6497,64.9
ktc,hwang,2021,2309,Amari Cooper,WR,5187,126.6
ktc,hwang,2021,7600,Pat Freiermuth,TE,3700,113.4
ktc,hwang,2021,6130,Devin Singletary,RB,2134,134.6
ktc,hwang,2021,6797,Justin Herbert,QB,7966,353.3
ktc,hwang,2021,7538,Zach Wilson,QB,5928,142
ktc,hwang,2021,4199,Aaron Jones,RB,6260,177
ktc,hwang,2021,5857,Noah Fant,TE,4170,122.9
ktc,hwang,2021,7594,Chuba Hubbard,RB,2398,101
ktc,hwang,2021,6960,Tyler Johnson,WR,1363,33.8
ktc,hwang,2021,6770,Joe Burrow,QB,6214,314.2
ktc,hwang,2021,6886,Chase Claypool,WR,5033,94.6
ktc,hwang,2021,5022,Dallas Goedert,TE,3594,137
ktc,hwang,2021,7526,Jaylen Waddle,WR,4878,133.1
ktc,hwang,2021,7595,Tylan Wallace,WR,1360,2.3
ktc,hwang,2021,1479,Keenan Allen,WR,5229,146.6
ktc,hwang,2021,7525,DeVonta Smith,WR,4902,117.5
ktc,hwang,2021,5347,Nyheim Hines,RB,2451,70.7
ktc,hwang,2021,6801,Tee Higgins,WR,5450,145.1
ktc,hwang,2021,7605,Kyle Trask,QB,1379,0
ktc,hwang,2021,7585,Davis Mills,QB,1292,129.7
ktc,hwang,2021,5854,Drew Lock,QB,1323,28.9
ktc,hwang,2021,6850,Harrison Bryant,TE,1582,50.4
ktc,hwang,2021,4881,Lamar Jackson,QB,7994,240
ktc,hwang,2021,4039,Cooper Kupp,WR,4695,274.9
ktc,hwang,2021,6803,Brandon Aiyuk,WR,5456,103.6
ktc,hwang,2021,5026,Tre'Quan Smith,WR,1471,42.1
ktc,hwang,2021,4866,Saquon Barkley,RB,6843,102.7
ktc,hwang,2021,3202,Austin Hooper,TE,1589,73.5
ktc,hwang,2021,96,Aaron Rodgers,QB,5366,318.1
ktc,hwang,2021,5849,Kyler Murray,QB,8761,283.4
ktc,hwang,2021,7528,Najee Harris,RB,7025,221.2
ktc,hwang,2021,1049,Ryan Tannehill,QB,5362,241.1
ktc,hwang,2021,6783,Jerry Jeudy,WR,5513,44
ktc,hwang,2021,4037,Chris Godwin,WR,5499,144.4
ktc,hwang,2021,4981,Calvin Ridley,WR,6943,40.1
ktc,hwang,2021,6786,CeeDee Lamb,WR,6907,149.3
ktc,hwang,2021,2133,Davante Adams,WR,6929,215.8
ktc,hwang,2021,6869,Adam Trautman,TE,2232,41.5
ktc,hwang,2021,2449,Stefon Diggs,WR,6733,168.4
ktc,hwang,2021,6126,Irv Smith,TE,2261,0
ktc,hwang,2021,4089,Gerald Everett,TE,1625,91.3
ktc,hwang,2021,3214,Hunter Henry,TE,2588,128.2
ktc,hwang,2021,4066,Evan Engram,TE,2128,78.6
ktc,hwang,2021,5859,A.J. Brown,WR,6946,105.1
ktc,hwang,2021,7828,Noah Gray,TE,1643,13.1
ktc,hwang,2021,5927,Terry McLaurin,WR,6217,127.2
ktc,hwang,2021,4035,Alvin Kamara,RB,7321,171.5
ktc,hwang,2021,4046,Patrick Mahomes,QB,9999,335.5
ktc,hwang,2021,4040,JuJu Smith-Schuster,WR,3762,19.8
ktc,hwang,2021,4984,Josh Allen,QB,9924,378.7
ktc,hwang,2021,5846,DK Metcalf,WR,7239,163.5
ktc,hwang,2021,4993,Mike Gesicki,TE,3466,125.3
ktc,hwang,2021,5955,Hunter Renfrow,WR,1339,143.2
ktc,hwang,2021,6790,D'Andre Swift,RB,6019,136.3
ktc,hwang,2021,5086,Marquez Valdes-Scantling,WR,1165,61
ktc,hwang,2021,5844,T.J. Hockenson,TE,6022,114.8
ktc,hwang,2021,5012,Mark Andrews,TE,5572,235.1
ktc,hwang,2021,4217,George Kittle,TE,6990,159
ktc,hwang,2021,7553,Kyle Pitts,TE,7142,140.8
ktc,hwang,2021,1466,Travis Kelce,TE,7380,205.4
ktc,hwang,2021,7564,Ja'Marr Chase,WR,5523,221
ktc,hwang,2021,4983,D.J. Moore,WR,5548,134.5
ktc,hwang,2021,2505,Darren Waller,TE,6821,102.8
ktc,hwang,2021,6813,Jonathan Taylor,RB,7300,323.6
ktc,hwang,2021,1426,DeAndre Hopkins,WR,5898,105.2
ktc,hwang,2021,2216,Mike Evans,WR,4933,167.6
ktc,hwang,2022,6813,Jonathan Taylor,RB,8706,118.4
ktc,hwang,2022,4018,Joe Mixon,RB,5319,167.9
ktc,hwang,2022,3198,Derrick Henry,RB,4752,257
ktc,hwang,2022,7547,Amon-Ra St. Brown,WR,4517,156.7
ktc,hwang,2022,8160,Kenny Pickett,QB,4129,136
ktc,hwang,2022,5892,David Montgomery,RB,3746,141.6
ktc,hwang,2022,7585,Davis Mills,QB,3173,159
ktc,hwang,2022,6943,Gabriel Davis,WR,4380,119.7
ktc,hwang,2022,8131,Isaiah Likely,TE,2748,59
ktc,hwang,2022,4098,Kareem Hunt,RB,3180,89
ktc,hwang,2022,5185,Allen Lazard,WR,3032,104.7
ktc,hwang,2022,1352,Robert Woods,WR,2342,58.7
ktc,hwang,2022,8219,Jelani Woods,TE,1446,60.3
ktc,hwang,2022,8110,Jake Ferguson,TE,1098,38
ktc,hwang,2022,6421,Jalen Guyton,WR,1205,6.4
ktc,hwang,2022,5121,Braxton Berrios,WR,994,39.7
ktc,hwang,2022,8116,Pierre Strong Jr.,RB,1348,20.2
ktc,hwang,2022,8230,Ty Chandler,RB,1273,0
ktc,hwang,2022,7605,Kyle Trask,QB,942,0
ktc,hwang,2022,6989,Marquez Callaway,WR,1002,21.8
ktc,hwang,2022,6865,Colby Parkinson,TE,0,51
ktc,hwang,2022,8204,Bo Melton,WR,0,0
ktc,hwang,2022,6598,Trenton Irwin,WR,0,47
ktc,hwang,2022,8235,Samori Toure,WR,0,14.2
ktc,hwang,2022,8195,Ronnie Rivers,RB,0,5
ktc,hwang,2022,4464,Nick Mullens,QB,0,8.3
ktc,hwang,2022,4179,Joshua Dobbs,QB,0,10.5
ktc,hwang,2022,8155,Breece Hall,RB,5420,96.1
ktc,hwang,2022,4035,Alvin Kamara,RB,4859,143.7
ktc,hwang,2022,2216,Mike Evans,WR,4534,148.4
ktc,hwang,2022,7611,Rhamondre Stevenson,RB,3698,171.9
ktc,hwang,2022,2306,Jameis Winston,QB,3239,43.9
ktc,hwang,2022,8137,George Pickens,WR,4489,101.3
ktc,hwang,2022,8136,Rachaad White,RB,2869,87.6
ktc,hwang,2022,5038,Michael Gallup,WR,2854,65.4
ktc,hwang,2022,8126,Wan'Dale Robinson,WR,2790,28.6
ktc,hwang,2022,4144,Jonnu Smith,TE,1453,38.5
ktc,hwang,2022,6869,Adam Trautman,TE,1137,33.4
ktc,hwang,2022,6814,Laviska Shenault,WR,1415,44.8
ktc,hwang,2022,7587,Dyami Brown,WR,1107,27.8
ktc,hwang,2022,2749,Raheem Mostert,RB,1333,131.2
ktc,hwang,2022,1837,Jimmy Garoppolo,QB,1724,164.8
ktc,hwang,2022,4171,Josh Reynolds,WR,757,64.3
ktc,hwang,2022,5010,Will Dissly,TE,332,69.9
ktc,hwang,2022,2325,Nelson Agholor,WR,684,44.2
ktc,hwang,2022,6920,Isaiah Hodgins,WR,0,63.2
ktc,hwang,2022,6659,Craig Reynolds,RB,0,21.8
ktc,hwang,2022,7527,Mac Jones,QB,4214,153.9
ktc,hwang,2022,7561,Elijah Mitchell,RB,3930,23.1
ktc,hwang,2022,8146,Garrett Wilson,WR,4385,123.8
ktc,hwang,2022,8130,Trey McBride,TE,2793,41.4
ktc,hwang,2022,7670,Josh Palmer,WR,2566,91.4
ktc,hwang,2022,2374,Tyler Lockett,WR,2407,141.9
ktc,hwang,2022,4973,Hayden Hurst,TE,1285,79.5
ktc,hwang,2022,6849,Denzel Mims,WR,1003,18.6
ktc,hwang,2022,8140,Justyn Ross,WR,1142,0
ktc,hwang,2022,8150,Kyren Williams,RB,1410,21.5
ktc,hwang,2022,8143,Jerome Ford,RB,1323,1.2
ktc,hwang,2022,6234,Deonte Harty,WR,489,-0.7
ktc,hwang,2022,8800,Malik Davis,RB,0,26.5
ktc,hwang,2022,6111,Jake Browning,QB,0,0
ktc,hwang,2022,6790,D'Andre Swift,RB,6374,134.5
ktc,hwang,2022,4029,Dalvin Cook,RB,5209,197.1
ktc,hwang,2022,4988,Nick Chubb,RB,4771,236.2
ktc,hwang,2022,1166,Kirk Cousins,QB,3710,278.6
ktc,hwang,2022,3164,Ezekiel Elliott,RB,3694,167.8
ktc,hwang,2022,7090,Darnell Mooney,WR,4324,61.5
ktc,hwang,2022,6151,Miles Sanders,RB,2791,193.4
ktc,hwang,2022,8121,Romeo Doubs,WR,2800,59.6
ktc,hwang,2022,5113,Cedrick Wilson,WR,1130,14.4
ktc,hwang,2022,4082,Curtis Samuel,WR,1372,112.9
ktc,hwang,2022,8221,Keaontay Ingram,RB,1371,13.8
ktc,hwang,2022,7595,Tylan Wallace,WR,810,2.1
ktc,hwang,2022,8177,Grant Calcaterra,TE,0,10.6
ktc,hwang,2022,7559,Ihmir Smith-Marsette,WR,670,-0.6
ktc,hwang,2022,8255,Raheem Blackshear,RB,0,32.9
ktc,hwang,2022,8159,Desmond Ridder,QB,2669,22.9
ktc,hwang,2022,5906,Dawson Knox,TE,3312,103.4
ktc,hwang,2022,8117,Jalen Tolbert,WR,2575,1.2
ktc,hwang,2022,3202,Austin Hooper,TE,1454,71.1
ktc,hwang,2022,4054,Mo Alie-Cox,TE,1042,37.5
ktc,hwang,2022,8125,Calvin Austin III,WR,1235,0
ktc,hwang,2022,8228,Jaylen Warren,RB,1288,61
ktc,hwang,2022,8162,Sam Howell,QB,1598,0
ktc,hwang,2022,8171,Kyle Philips,WR,630,3.8
ktc,hwang,2022,5137,Richie James,WR,0,75.5
ktc,hwang,2022,5938,Lil'Jordan Humphrey,WR,169,2
ktc,hwang,2022,8183,Brock Purdy,QB,0,86.4
ktc,hwang,2022,6136,Jarrett Stidham,QB,0,28.9
ktc,hwang,2022,4068,Mike Williams,WR,4495,110.3
ktc,hwang,2022,4981,Calvin Ridley,WR,2656,0
ktc,hwang,2022,5947,Jakobi Meyers,WR,2302,104.1
ktc,hwang,2022,7694,Tommy Tremble,TE,1409,42.2
ktc,hwang,2022,5133,Tyler Conklin,TE,1225,100.2
ktc,hwang,2022,6960,Tyler Johnson,WR,964,0
ktc,hwang,2022,1373,Geno Smith,QB,1134,290.3
ktc,hwang,2022,7562,Tutu Atwell,WR,939,35.4
ktc,hwang,2022,4381,Taysom Hill,TE,460,138.3
ktc,hwang,2022,7049,Jauan Jennings,WR,761,46.6
ktc,hwang,2022,19,Joe Flacco,QB,0,42.7
ktc,hwang,2022,5848,Marquise Brown,WR,4522,88.3
ktc,hwang,2022,96,Aaron Rodgers,QB,4313,228
ktc,hwang,2022,4892,Baker Mayfield,QB,3024,115.9
ktc,hwang,2022,6850,Harrison Bryant,TE,1179,43.2
ktc,hwang,2022,4080,Zay Jones,WR,1354,114
ktc,hwang,2022,4454,Kendrick Bourne,WR,1240,48.8
ktc,hwang,2022,7083,Tyler Huntley,QB,1398,50
ktc,hwang,2022,5927,Terry McLaurin,WR,4545,138.6
ktc,hwang,2022,8161,Malik Willis,QB,3325,19.3
ktc,hwang,2022,7828,Noah Gray,TE,1200,54.1
ktc,hwang,2022,6927,Quez Watkins,WR,1116,50.1
ktc,hwang,2022,7533,Anthony Schwartz,WR,1093,14.8
ktc,hwang,2022,6845,Zack Moss,RB,1178,35.4
ktc,hwang,2022,8489,Andrew Ogletree,TE,0,0
ktc,hwang,2022,8180,Jalen Nailor,WR,0,17.7
ktc,hwang,2022,7551,Deon Jackson,RB,0,43.5
ktc,hwang,2022,7045,Joshua Kelley,RB,1253,48.4
ktc,hwang,2022,5854,Drew Lock,QB,1003,0
ktc,hwang,2022,7713,Jaelon Darden,WR,666,2.8
ktc,hwang,2022,5695,Brandon Powell,WR,0,21.9
ktc,hwang,2022,8253,Deven Thompkins,WR,0,1.6
ktc,hwang,2022,6783,Jerry Jeudy,WR,4423,117.9
ktc,hwang,2022,3225,Tyler Boyd,WR,2370,111.4
ktc,hwang,2022,6847,Devin Duvernay,WR,1474,79.1
ktc,hwang,2022,8176,Danny Gray,WR,1260,1.9
ktc,hwang,2022,7594,Chuba Hubbard,RB,1478,66.8
ktc,hwang,2022,4111,D'Onta Foreman,RB,1225,119.2
ktc,hwang,2022,5374,Justin Watson,WR,0,36.8
ktc,hwang,2022,8135,Treylon Burks,WR,4353,59.2
ktc,hwang,2022,8118,David Bell,WR,2426,21.4
ktc,hwang,2022,7496,Nick Westbrook-Ikhine,WR,1300,57.7
ktc,hwang,2022,3257,Jacoby Brissett,QB,1240,168.6
ktc,hwang,2022,6290,Scotty Miller,WR,532,18.5
ktc,hwang,2022,4089,Gerald Everett,TE,1357,102.2
ktc,hwang,2022,8210,Chigoziem Okonkwo,TE,1178,69.5
ktc,hwang,2022,6694,D'Ernest Johnson,RB,1412,2.4
ktc,hwang,2022,6271,Olamide Zaccheaus,WR,819,60.3
ktc,hwang,2022,6001,Drew Sample,TE,422,0.8
ktc,hwang,2022,8114,Erik Ezukanma,WR,635,0
ktc,hwang,2022,8254,Julius Chestnut,RB,0,5.3
ktc,hwang,2022,7538,Zach Wilson,QB,3699,97.9
ktc,hwang,2022,4137,James Conner,RB,3730,154.2
ktc,hwang,2022,6820,Clyde Edwards-Helaire,RB,3202,81.3
ktc,hwang,2022,1689,Adam Thielen,WR,2601,102.8
ktc,hwang,2022,6074,Donald Parham,TE,1244,19.9
ktc,hwang,2022,5284,Jeffery Wilson,RB,1310,129.1
ktc,hwang,2022,4995,Ian Thomas,TE,453,30.2
ktc,hwang,2022,7757,Ben Skowronek,WR,0,45.3
ktc,hwang,2022,7569,Nico Collins,WR,2511,60.1
ktc,hwang,2022,4351,Tim Patrick,WR,1406,0
ktc,hwang,2022,8214,Cole Turner,TE,0,3.3
ktc,hwang,2022,8917,KaVontae Turpin,WR,0,0.6
ktc,hwang,2022,4234,Noah Brown,WR,0,70.5
ktc,hwang,2022,8142,Alec Pierce,WR,2882,67.1
ktc,hwang,2022,7565,Terrace Marshall,WR,1387,52.7
ktc,hwang,2022,5122,Boston Scott,RB,1095,29.8
ktc,hwang,2022,4274,David Moore,WR,116,0
ktc,hwang,2022,4985,Rashaad Penny,RB,2878,48.2
ktc,hwang,2022,8145,Jeremy Ruckert,TE,1084,0
ktc,hwang,2022,7720,Kene Nwangwu,RB,1049,6.6
ktc,hwang,2022,6804,Jordan Love,QB,1694,11.7
ktc,hwang,2022,6918,Salvon Ahmed,RB,458,12.5
ktc,hwang,2022,5026,Tre'Quan Smith,WR,585,33.2
ktc,hwang,2022,5970,Greg Dortch,WR,354,56.6
ktc,hwang,2022,5248,Gus Edwards,RB,1460,57.7
ktc,hwang,2022,6011,Gardner Minshew,QB,1010,36.8
ktc,hwang,2022,4951,D.J. Chark,WR,2221,66.8
ktc,hwang,2022,7021,Rico Dowdle,RB,0,0
ktc,hwang,2022,7601,Rondale Moore,WR,2897,46.9
ktc,hwang,2022,6149,Darius Slayton,WR,900,82.4
ktc,hwang,2022,4198,Jamal Agnew,WR,297,46.5
ktc,hwang,2022,5985,Foster Moreau,TE,946,67.2
ktc,hwang,2022,5323,Equanimeous St. Brown,WR,1062,43.4
ktc,hwang,2022,8154,Brian Robinson,RB,3057,103.7
ktc,hwang,2022,6945,Antonio Gibson,RB,3038,119.9
ktc,hwang,2022,7794,Chris Evans,RB,1237,9.8
ktc,hwang,2022,7891,Brock Wright,TE,0,54.6
ktc,hwang,2022,5973,Josh Oliver,TE,148,33.9
ktc,hwang,2022,3634,Kalif Raymond,WR,319,62.6
ktc,hwang,2022,5008,Durham Smythe,TE,0,27.1
ktc,hwang,2022,7066,K.J. Osborn,WR,2186,83.9
ktc,hwang,2022,3286,Demarcus Robinson,WR,538,53.4
ktc,hwang,2022,8122,Zonovan Knight,RB,339,43.8
ktc,hwang,2022,7529,Gary Brightwell,RB,0,17.7
ktc,hwang,2022,4972,Mason Rudolph,QB,349,0
ktc,hwang,2022,7564,Ja'Marr Chase,WR,8730,140.8
ktc,hwang,2022,7610,Trey Lance,QB,5965,12.5
ktc,hwang,2022,4199,Aaron Jones,RB,4615,184.8
ktc,hwang,2022,6806,J.K. Dobbins,RB,4581,74.2
ktc,hwang,2022,2197,Brandin Cooks,WR,3555,72
ktc,hwang,2022,8167,Christian Watson,WR,3117,111.5
ktc,hwang,2022,8138,James Cook,RB,3633,81.4
ktc,hwang,2022,8225,Daniel Bellinger,TE,1773,60
ktc,hwang,2022,5347,Nyheim Hines,RB,2225,39.4
ktc,hwang,2022,4149,Jamaal Williams,RB,1589,194.7
ktc,hwang,2022,6824,Donovan Peoples-Jones,WR,1772,101.9
ktc,hwang,2022,7602,Kylen Granson,TE,502,45.7
ktc,hwang,2022,6039,Ty Johnson,RB,462,28.3
ktc,hwang,2022,5980,Myles Gaskin,RB,861,5.4
ktc,hwang,2022,5409,Tanner Hudson,TE,0,18.2
ktc,hwang,2022,6904,Jalen Hurts,QB,6055,369.6
ktc,hwang,2022,6938,Cam Akers,RB,4141,115.5
ktc,hwang,2022,1049,Ryan Tannehill,QB,2549,161.2
ktc,hwang,2022,2309,Amari Cooper,WR,3181,162.9
ktc,hwang,2022,5967,Tony Pollard,RB,3591,207.9
ktc,hwang,2022,7606,Kadarius Toney,WR,3433,30.9
ktc,hwang,2022,8172,Greg Dulcich,TE,1868,69.6
ktc,hwang,2022,8211,Tyrion Davis-Price,RB,2155,7.2
ktc,hwang,2022,2078,Odell Beckham,WR,1504,0
ktc,hwang,2022,2319,DeVante Parker,WR,1688,52
ktc,hwang,2022,2161,Jerick McKinnon,RB,925,133.7
ktc,hwang,2022,6794,Justin Jefferson,WR,9490,236.9
ktc,hwang,2022,4040,JuJu Smith-Schuster,WR,3929,103.8
ktc,hwang,2022,4950,Christian Kirk,WR,3512,142
ktc,hwang,2022,1535,Cordarrelle Patterson,RB,2038,125.8
ktc,hwang,2022,6853,Van Jefferson,WR,1734,48.8
ktc,hwang,2022,8174,Kevin Harris,RB,628,11.2
ktc,hwang,2022,6931,DeeJay Dallas,RB,879,26.6
ktc,hwang,2022,8227,Teagan Quitoriano,TE,0,17
ktc,hwang,2022,2028,Derek Carr,QB,4478,219.1
ktc,hwang,2022,5955,Hunter Renfrow,WR,3607,30.7
ktc,hwang,2022,5000,Chase Edmonds,RB,3215,53.7
ktc,hwang,2022,8127,Charlie Kolar,TE,717,0
ktc,hwang,2022,8208,Tyler Badie,RB,798,0
ktc,hwang,2022,3294,Dak Prescott,QB,5611,189.9
ktc,hwang,2022,8132,Tyler Allgeier,RB,2531,129.9
ktc,hwang,2022,5880,Parris Campbell,WR,1702,79.3
ktc,hwang,2022,6828,AJ Dillon,RB,4703,136.3
ktc,hwang,2022,8129,Dameon Pierce,RB,4411,136.4
ktc,hwang,2022,8119,Jahan Dotson,WR,3712,88.4
ktc,hwang,2022,4066,Evan Engram,TE,1729,135.7
ktc,hwang,2022,6885,Ke'Shawn Vaughn,RB,978,3.8
ktc,hwang,2022,5850,Josh Jacobs,RB,3390,270.3
ktc,hwang,2022,8111,Cade Otton,TE,1544,71.1
ktc,hwang,2022,7567,Kenneth Gainwell,RB,2574,60.7
ktc,hwang,2022,8408,Jordan Mason,RB,560,29
ktc,hwang,2022,8197,Peyton Hendershot,TE,0,34
ktc,hwang,2022,6768,Tua Tagovailoa,QB,4370,230.9
ktc,hwang,2022,1479,Keenan Allen,WR,4103,75.8
ktc,hwang,2022,3199,Michael Thomas,WR,3142,35.1
ktc,hwang,2022,8153,Isaiah Spiller,RB,2429,5.4
ktc,hwang,2022,4147,Samaje Perine,RB,830,101.9
ktc,hwang,2022,8151,Kenneth Walker III,RB,4492,163.1
ktc,hwang,2022,3271,Tyler Higbee,TE,1823,110.7
ktc,hwang,2022,8205,Isiah Pacheco,RB,2474,109.6
ktc,hwang,2022,6144,Trayveon Williams,RB,488,6
ktc,hwang,2022,6130,Devin Singletary,RB,2516,139
ktc,hwang,2022,6951,Eno Benjamin,RB,1734,64.3
ktc,hwang,2022,7608,Khalil Herbert,RB,2521,103.9
ktc,hwang,2022,3163,Jared Goff,QB,2531,273.9
ktc,hwang,2022,5995,Justice Hill,RB,612,26.6
ktc,hwang,2022,1426,DeAndre Hopkins,WR,3162,87.7
ktc,hwang,2022,7002,Juwan Johnson,TE,773,111.2
ktc,hwang,2022,6886,Chase Claypool,WR,3044,56.1
ktc,hwang,2022,8168,Skyy Moore,WR,3843,21.4
ktc,hwang,2022,8139,Zamir White,RB,2597,6.6
ktc,hwang,2022,8123,Hassan Haskins,RB,1490,13.4
ktc,hwang,2022,7535,Hunter Long,TE,549,0
ktc,hwang,2022,7593,Trey Sermon,RB,1037,1.9
ktc,hwang,2022,8134,Khalil Shakir,WR,1762,21.3
ktc,hwang,2022,5917,Mecole Hardman,WR,1782,68.8
ktc,hwang,2022,5849,Kyler Murray,QB,7290,200.5
ktc,hwang,2022,7523,Trevor Lawrence,QB,5350,285.4
ktc,hwang,2022,5045,Courtland Sutton,WR,4697,86.1
ktc,hwang,2022,5001,Dalton Schultz,TE,4008,108.9
ktc,hwang,2022,7525,DeVonta Smith,WR,4562,152.9
ktc,hwang,2022,6770,Joe Burrow,QB,7524,345.4
ktc,hwang,2022,1234,Russell Wilson,QB,5493,201.6
ktc,hwang,2022,8144,Chris Olave,WR,4631,116.2
ktc,hwang,2022,7600,Pat Freiermuth,TE,3928,116.7
ktc,hwang,2022,4037,Chris Godwin,WR,4591,115.3
ktc,hwang,2022,4881,Lamar Jackson,QB,7924,236.1
ktc,hwang,2022,3321,Tyreek Hill,WR,4932,225.9
ktc,hwang,2022,8148,Jameson Williams,WR,4551,14.1
ktc,hwang,2022,7568,Brevin Jordan,TE,2045,19.8
ktc,hwang,2022,4866,Saquon Barkley,RB,5192,227
ktc,hwang,2022,5987,Alexander Mattison,RB,2681,55.4
ktc,hwang,2022,4017,Deshaun Watson,QB,4831,68
ktc,hwang,2022,5937,Diontae Johnson,WR,4608,88.9
ktc,hwang,2022,5022,Dallas Goedert,TE,3794,106.1
ktc,hwang,2022,6955,James Robinson,RB,2612,77.6
ktc,hwang,2022,7607,Michael Carter,RB,2690,84.5
ktc,hwang,2022,3976,Mitchell Trubisky,QB,1902,73.9
ktc,hwang,2022,2307,Marcus Mariota,QB,2061,196.6
ktc,hwang,2022,5870,Daniel Jones,QB,2401,289
ktc,hwang,2022,7571,Rashod Bateman,WR,4618,38.5
ktc,hwang,2022,4197,Isaiah McKenzie,WR,2146,75.9
ktc,hwang,2022,6805,KJ Hamler,WR,2141,18.8
ktc,hwang,2022,5086,Marquez Valdes-Scantling,WR,2124,77.7
ktc,hwang,2022,7716,John Bates,TE,492,23.8
ktc,hwang,2022,4046,Patrick Mahomes,QB,9462,401.4
ktc,hwang,2022,4034,Christian McCaffrey,RB,6079,257.5
ktc,hwang,2022,4983,D.J. Moore,WR,4961,135.1
ktc,hwang,2022,421,Matthew Stafford,QB,4531,108.4
ktc,hwang,2022,4663,Austin Ekeler,RB,5469,260.7
ktc,hwang,2022,7591,Justin Fields,QB,4699,296
ktc,hwang,2022,3214,Hunter Henry,TE,2153,76.2
ktc,hwang,2022,8112,Drake London,WR,4972,94.6
ktc,hwang,2022,2449,Stefon Diggs,WR,5724,194.8
ktc,hwang,2022,5859,A.J. Brown,WR,5601,202.1
ktc,hwang,2022,6819,Michael Pittman,WR,5419,108.5
ktc,hwang,2022,5857,Noah Fant,TE,2697,93.6
ktc,hwang,2022,4993,Mike Gesicki,TE,2574,75.6
ktc,hwang,2022,4943,Sam Darnold,QB,880,85.4
ktc,hwang,2022,5872,Deebo Samuel,WR,5435,110
ktc,hwang,2022,6843,Albert Okwuegbunam,TE,2322,20.5
ktc,hwang,2022,2711,Taylor Heinicke,QB,503,116
ktc,hwang,2022,5089,Mike White,QB,366,56.6
ktc,hwang,2022,4039,Cooper Kupp,WR,6111,126.4
ktc,hwang,2022,6801,Tee Higgins,WR,5658,147.5
ktc,hwang,2022,1339,Zach Ertz,TE,2609,92.1
ktc,hwang,2022,827,Tyrod Taylor,QB,391,11.3
ktc,hwang,2022,8157,Bailey Zappe,QB,413,38.6
ktc,hwang,2022,6126,Irv Smith,TE,2422,39.8
ktc,hwang,2022,4033,David Njoku,TE,2696,100.8
ktc,hwang,2022,6797,Justin Herbert,QB,9988,260.4
ktc,hwang,2022,7543,Travis Etienne,RB,5100,166.7
ktc,hwang,2022,6826,Cole Kmet,TE,3546,108.6
ktc,hwang,2022,7528,Najee Harris,RB,6308,169.5
ktc,hwang,2022,4984,Josh Allen,QB,9998,376.5
ktc,hwang,2022,6786,CeeDee Lamb,WR,6443,183.4
ktc,hwang,2022,6803,Brandon Aiyuk,WR,4132,143.9
ktc,hwang,2022,8147,John Metchie,WR,1954,0
ktc,hwang,2022,8188,Tyquan Thornton,WR,1831,43
ktc,hwang,2022,5844,T.J. Hockenson,TE,4612,170.3
ktc,hwang,2022,2505,Darren Waller,TE,4425,66.3
ktc,hwang,2022,1466,Travis Kelce,TE,5150,254.5
ktc,hwang,2022,7553,Kyle Pitts,TE,8386,61.6
ktc,hwang,2022,5012,Mark Andrews,TE,6461,154
ktc,hwang,2022,4217,George Kittle,TE,4920,153.6
ktc,hwang,2022,5846,DK Metcalf,WR,5087,132.8
ktc,hwang,2022,7588,Javonte Williams,RB,6230,26
ktc,hwang,2022,2133,Davante Adams,WR,5322,228.2
ktc,hwang,2022,7526,Jaylen Waddle,WR,5386,178.9
ktc,hwang,2022,7596,Elijah Moore,WR,4598,50
ktc,hwang,2023,4034,Christian McCaffrey,RB,6612,324.3
ktc,hwang,2023,5967,Tony Pollard,RB,5541,153
ktc,hwang,2023,8151,Kenneth Walker III,RB,5030,162.3
ktc,hwang,2023,4983,D.J. Moore,WR,4719,184.1
ktc,hwang,2023,8160,Kenny Pickett,QB,4690,110.2
ktc,hwang,2023,5987,Alexander Mattison,RB,3612,100.3
ktc,hwang,2023,1373,Geno Smith,QB,3706,205.9
ktc,hwang,2023,8135,Treylon Burks,WR,3984,23.9
ktc,hwang,2023,9482,Michael Mayer,TE,3444,57.9
ktc,hwang,2023,6945,Antonio Gibson,RB,3059,75.8
ktc,hwang,2023,2197,Brandin Cooks,WR,2469,109
ktc,hwang,2023,8147,John Metchie,WR,2343,15.7
ktc,hwang,2023,4993,Mike Gesicki,TE,1534,49.9
ktc,hwang,2023,5133,Tyler Conklin,TE,1283,90
ktc,hwang,2023,8125,Calvin Austin III,WR,1281,34.9
ktc,hwang,2023,8188,Tyquan Thornton,WR,1240,14.2
ktc,hwang,2023,6130,Devin Singletary,RB,1576,124.8
ktc,hwang,2023,9222,Zach Evans,RB,1566,1.6
ktc,hwang,2023,9998,Hendon Hooker,QB,1791,0
ktc,hwang,2023,2319,DeVante Parker,WR,940,38.8
ktc,hwang,2023,4144,Jonnu Smith,TE,709,88.8
ktc,hwang,2023,7757,Ben Skowronek,WR,604,11.3
ktc,hwang,2023,5026,Tre'Quan Smith,WR,431,0
ktc,hwang,2023,10867,Jake Bobo,WR,0,37
ktc,hwang,2023,8208,Tyler Badie,RB,291,0
ktc,hwang,2023,2307,Marcus Mariota,QB,430,1.2
ktc,hwang,2023,11292,Tommy DeVito,QB,0,93
ktc,hwang,2023,7611,Rhamondre Stevenson,RB,4747,107.7
ktc,hwang,2023,9754,Quentin Johnston,WR,4518,53.7
ktc,hwang,2023,6804,Jordan Love,QB,4452,300.5
ktc,hwang,2023,8136,Rachaad White,RB,3732,194.6
ktc,hwang,2023,96,Aaron Rodgers,QB,3373,0
ktc,hwang,2023,4066,Evan Engram,TE,3304,154.4
ktc,hwang,2023,9757,Kendre Miller,RB,3108,19.4
ktc,hwang,2023,8121,Romeo Doubs,WR,2863,115.4
ktc,hwang,2023,8126,Wan'Dale Robinson,WR,2362,64.7
ktc,hwang,2023,8214,Cole Turner,TE,931,17.5
ktc,hwang,2023,6886,Chase Claypool,WR,1564,13.4
ktc,hwang,2023,8134,Khalil Shakir,WR,1220,63.6
ktc,hwang,2023,6845,Zack Moss,RB,1413,139.6
ktc,hwang,2023,3164,Ezekiel Elliott,RB,1539,115.4
ktc,hwang,2023,10862,Dorian Thompson-Robinson,QB,1715,22.1
ktc,hwang,2023,7565,Terrace Marshall,WR,1371,13.4
ktc,hwang,2023,4197,Isaiah McKenzie,WR,596,5.6
ktc,hwang,2023,7533,Anthony Schwartz,WR,403,0
ktc,hwang,2023,10215,Jake Haener,QB,473,0
ktc,hwang,2023,4464,Nick Mullens,QB,0,46.1
ktc,hwang,2023,9509,Bijan Robinson,RB,7996,169.2
ktc,hwang,2023,5927,Terry McLaurin,WR,4067,124.6
ktc,hwang,2023,8183,Brock Purdy,QB,3994,295.6
ktc,hwang,2023,4199,Aaron Jones,RB,3601,90.8
ktc,hwang,2023,2028,Derek Carr,QB,3267,214
ktc,hwang,2023,2309,Amari Cooper,WR,3841,155
ktc,hwang,2023,4035,Alvin Kamara,RB,3148,158
ktc,hwang,2023,8225,Daniel Bellinger,TE,1641,38
ktc,hwang,2023,6843,Albert Okwuegbunam,TE,904,0
ktc,hwang,2023,1689,Adam Thielen,WR,1427,126.8
ktc,hwang,2023,9504,Kayshon Boutte,WR,1482,1.9
ktc,hwang,2023,4111,D'Onta Foreman,RB,1334,80.2
ktc,hwang,2023,4943,Sam Darnold,QB,1280,5.9
ktc,hwang,2023,3202,Austin Hooper,TE,564,30
ktc,hwang,2023,8171,Kyle Philips,WR,743,14.6
ktc,hwang,2023,7559,Ihmir Smith-Marsette,WR,490,23.9
ktc,hwang,2023,4274,David Moore,WR,151,14.6
ktc,hwang,2023,8123,Hassan Haskins,RB,553,0
ktc,hwang,2023,3976,Mitchell Trubisky,QB,425,48.7
ktc,hwang,2023,827,Tyrod Taylor,QB,0,69.7
ktc,hwang,2023,6813,Jonathan Taylor,RB,5301,111.8
ktc,hwang,2023,7588,Javonte Williams,RB,4554,118.7
ktc,hwang,2023,8162,Sam Howell,QB,3743,250.1
ktc,hwang,2023,6151,Miles Sanders,RB,3606,58.8
ktc,hwang,2023,1234,Russell Wilson,QB,3165,256.9
ktc,hwang,2023,8154,Brian Robinson,RB,3135,154.6
ktc,hwang,2023,7601,Rondale Moore,WR,2100,61.4
ktc,hwang,2023,8219,Jelani Woods,TE,1236,0
ktc,hwang,2023,7066,K.J. Osborn,WR,1534,71.1
ktc,hwang,2023,9227,Israel Abanikanda,RB,1426,8.7
ktc,hwang,2023,5985,Foster Moreau,TE,812,35
ktc,hwang,2023,9487,Parker Washington,WR,666,22.1
ktc,hwang,2023,7496,Nick Westbrook-Ikhine,WR,509,57
ktc,hwang,2023,10860,Malik Cunningham,WR,0,0
ktc,hwang,2023,6039,Ty Johnson,RB,251,24
ktc,hwang,2023,5854,Drew Lock,QB,531,29.1
ktc,hwang,2023,9231,Jaren Hall,QB,411,2.1
ktc,hwang,2023,5850,Josh Jacobs,RB,5385,144.1
ktc,hwang,2023,1166,Kirk Cousins,QB,3662,149.7
ktc,hwang,2023,4037,Chris Godwin,WR,3962,120.7
ktc,hwang,2023,4033,David Njoku,TE,3117,160.7
ktc,hwang,2023,9225,Tank Bigsby,RB,3141,20.2
ktc,hwang,2023,9502,Tank Dell,WR,2182,118
ktc,hwang,2023,1339,Zach Ertz,TE,1222,38.2
ktc,hwang,2023,5086,Marquez Valdes-Scantling,WR,1287,35.5
ktc,hwang,2023,6820,Clyde Edwards-Helaire,RB,1412,52.1
ktc,hwang,2023,8150,Kyren Williams,RB,1328,223
ktc,hwang,2023,6421,Jalen Guyton,WR,613,14.9
ktc,hwang,2023,5323,Equanimeous St. Brown,WR,474,4.4
ktc,hwang,2023,7595,Tylan Wallace,WR,411,6
ktc,hwang,2023,6931,DeeJay Dallas,RB,534,2.2
ktc,hwang,2023,5937,Diontae Johnson,WR,4042,86.8
ktc,hwang,2023,9500,Josh Downs,WR,2505,84.3
ktc,hwang,2023,6126,Irv Smith,TE,1665,24.5
ktc,hwang,2023,7610,Trey Lance,QB,1884,0
ktc,hwang,2023,5917,Mecole Hardman,WR,1385,3
ktc,hwang,2023,7891,Brock Wright,TE,758,21.6
ktc,hwang,2023,11311,Jason Brownlee,WR,407,11.6
ktc,hwang,2023,8253,Deven Thompkins,WR,0,17.8
ktc,hwang,2023,10870,Deneric Prince,RB,511,0
ktc,hwang,2023,11256,Tyson Bagent,QB,0,53.3
ktc,hwang,2023,6783,Jerry Jeudy,WR,4225,73.9
ktc,hwang,2023,3163,Jared Goff,QB,4061,268.3
ktc,hwang,2023,4018,Joe Mixon,RB,3799,191.3
ktc,hwang,2023,7569,Nico Collins,WR,2589,154.9
ktc,hwang,2023,7828,Noah Gray,TE,1636,56.6
ktc,hwang,2023,5970,Greg Dortch,WR,1183,39.1
ktc,hwang,2023,4892,Baker Mayfield,QB,1931,267.9
ktc,hwang,2023,4454,Kendrick Bourne,WR,928,63
ktc,hwang,2023,10231,Elijah Higgins,TE,801,25.1
ktc,hwang,2023,6814,Laviska Shenault,WR,844,11.5
ktc,hwang,2023,8180,Jalen Nailor,WR,433,2.9
ktc,hwang,2023,11210,Malik Heath,WR,0,17.6
ktc,hwang,2023,6955,James Robinson,RB,320,0
ktc,hwang,2023,6111,Jake Browning,QB,0,125.4
ktc,hwang,2023,19,Joe Flacco,QB,0,100.8
ktc,hwang,2023,7608,Khalil Herbert,RB,3218,88.4
ktc,hwang,2023,7606,Kadarius Toney,WR,2711,26
ktc,hwang,2023,5857,Noah Fant,TE,1740,57.4
ktc,hwang,2023,5955,Hunter Renfrow,WR,1457,23.5
ktc,hwang,2023,8221,Keaontay Ingram,RB,1308,10
ktc,hwang,2023,10866,Aidan O'Connell,QB,1435,108
ktc,hwang,2023,5113,Cedrick Wilson,WR,545,45.2
ktc,hwang,2023,6849,Denzel Mims,WR,411,0
ktc,hwang,2023,4040,JuJu Smith-Schuster,WR,2308,32
ktc,hwang,2023,3214,Hunter Henry,TE,1454,98.9
ktc,hwang,2023,6149,Darius Slayton,WR,1410,88.8
ktc,hwang,2023,7594,Chuba Hubbard,RB,1434,134.3
ktc,hwang,2023,1049,Ryan Tannehill,QB,1631,67.6
ktc,hwang,2023,10218,Xavier Hutchinson,WR,1261,13.3
ktc,hwang,2023,8197,Peyton Hendershot,TE,645,2.9
ktc,hwang,2023,2325,Nelson Agholor,WR,323,58.2
ktc,hwang,2023,6989,Marquez Callaway,WR,389,0
ktc,hwang,2023,5872,Deebo Samuel,WR,4258,180.5
ktc,hwang,2023,5045,Courtland Sutton,WR,2686,131
ktc,hwang,2023,9480,Brenton Strange,TE,904,12
ktc,hwang,2023,5880,Parris Campbell,WR,1388,10.4
ktc,hwang,2023,8139,Zamir White,RB,1794,46.8
ktc,hwang,2023,7794,Chris Evans,RB,1335,1.1
ktc,hwang,2023,8118,David Bell,WR,942,15.9
ktc,hwang,2023,3286,Demarcus Robinson,WR,403,61.4
ktc,hwang,2023,5347,Nyheim Hines,RB,507,0
ktc,hwang,2023,10222,Jayden Reed,WR,2661,142
ktc,hwang,2023,2161,Jerick McKinnon,RB,1544,59.4
ktc,hwang,2023,8117,Jalen Tolbert,WR,1048,30
ktc,hwang,2023,4381,Taysom Hill,TE,680,117.1
ktc,hwang,2023,7587,Dyami Brown,WR,996,22.8
ktc,hwang,2023,6271,Olamide Zaccheaus,WR,481,26.4
ktc,hwang,2023,8204,Bo Melton,WR,0,22.3
ktc,hwang,2023,5122,Boston Scott,RB,622,11.3
ktc,hwang,2023,5892,David Montgomery,RB,3214,181.2
ktc,hwang,2023,6234,Deonte Harty,WR,630,17.8
ktc,hwang,2023,5137,Richie James,WR,1046,7.9
ktc,hwang,2023,4234,Noah Brown,WR,610,68.6
ktc,hwang,2023,6853,Van Jefferson,WR,1698,20
ktc,hwang,2023,10863,A.T. Perry,WR,1138,31.3
ktc,hwang,2023,7538,Zach Wilson,QB,1375,119.9
ktc,hwang,2023,6659,Craig Reynolds,RB,358,24.6
ktc,hwang,2023,9484,Tucker Kraft,TE,1424,58.4
ktc,hwang,2023,4082,Curtis Samuel,WR,1496,92.2
ktc,hwang,2023,9490,Tyler Scott,WR,920,17.7
ktc,hwang,2023,6805,KJ Hamler,WR,457,0
ktc,hwang,2023,8111,Cade Otton,TE,1646,89
ktc,hwang,2023,6865,Colby Parkinson,TE,702,46.9
ktc,hwang,2023,10233,Max Duggan,QB,291,0
ktc,hwang,2023,1352,Robert Woods,WR,838,49.3
ktc,hwang,2023,9512,DeWayne McBride,RB,626,0
ktc,hwang,2023,4198,Jamal Agnew,WR,381,26.3
ktc,hwang,2023,11370,Chris Brooks,RB,0,10.6
ktc,hwang,2023,8157,Bailey Zappe,QB,655,68.4
ktc,hwang,2023,8137,George Pickens,WR,4719,145.5
ktc,hwang,2023,6819,Michael Pittman,WR,3856,138.8
ktc,hwang,2023,6074,Donald Parham,TE,500,55.2
ktc,hwang,2023,8254,Julius Chestnut,RB,585,0
ktc,hwang,2023,4972,Mason Rudolph,QB,0,31.6
ktc,hwang,2023,8161,Malik Willis,QB,1282,3.1
ktc,hwang,2023,6960,Tyler Johnson,WR,292,0
ktc,hwang,2023,6951,Eno Benjamin,RB,440,0
ktc,hwang,2023,4089,Gerald Everett,TE,1501,84.7
ktc,hwang,2023,7049,Jauan Jennings,WR,641,32.5
ktc,hwang,2023,8114,Erik Ezukanma,WR,382,2.2
ktc,hwang,2023,4973,Hayden Hurst,TE,1031,33.4
ktc,hwang,2023,9501,Demario Douglas,WR,954,56.9
ktc,hwang,2023,10226,Andrei Iosivas,WR,477,20
ktc,hwang,2023,8127,Charlie Kolar,TE,646,14.4
ktc,hwang,2023,4171,Josh Reynolds,WR,749,84.4
ktc,hwang,2023,8176,Danny Gray,WR,434,0
ktc,hwang,2023,8800,Malik Davis,RB,392,0
ktc,hwang,2023,10229,Rashee Rice,WR,2695,133.5
ktc,hwang,2023,5938,Lil'Jordan Humphrey,WR,258,34.2
ktc,hwang,2023,8122,Zonovan Knight,RB,482,2.1
ktc,hwang,2023,7562,Tutu Atwell,WR,1014,71.1
ktc,hwang,2023,9495,Rakim Jarrett,WR,765,6
ktc,hwang,2023,8235,Samori Toure,WR,469,7.8
ktc,hwang,2023,8255,Raheem Blackshear,RB,443,10.5
ktc,hwang,2023,9497,Jalin Hyatt,WR,2754,36.8
ktc,hwang,2023,9486,Dontayvion Wicks,WR,679,62.7
ktc,hwang,2023,6927,Quez Watkins,WR,667,4.9
ktc,hwang,2023,5121,Braxton Berrios,WR,468,30
ktc,hwang,2023,2078,Odell Beckham,WR,1675,72.5
ktc,hwang,2023,10213,Tre Tucker,WR,673,43.8
ktc,hwang,2023,9489,Justin Shorter,WR,553,0
ktc,hwang,2023,5947,Jakobi Meyers,WR,2135,129
ktc,hwang,2023,8143,Jerome Ford,RB,1734,164
ktc,hwang,2023,3634,Kalif Raymond,WR,474,57.4
ktc,hwang,2023,8174,Kevin Harris,RB,326,17.5
ktc,hwang,2023,7602,Kylen Granson,TE,486,55.2
ktc,hwang,2023,7593,Trey Sermon,RB,346,17.3
ktc,hwang,2023,6598,Trenton Irwin,WR,187,34.2
ktc,hwang,2023,3199,Michael Thomas,WR,2153,50.8
ktc,hwang,2023,7670,Josh Palmer,WR,1586,63.7
ktc,hwang,2023,7713,Jaelon Darden,WR,261,0
ktc,hwang,2023,9499,Bryce Ford-Wheaton,WR,342,0
ktc,hwang,2023,8230,Ty Chandler,RB,1416,71.1
ktc,hwang,2023,5695,Brandon Powell,WR,0,37.9
ktc,hwang,2023,6290,Scotty Miller,WR,358,21.5
ktc,hwang,2023,10228,Charlie Jones,WR,896,7.5
ktc,hwang,2023,8142,Alec Pierce,WR,2256,63.4
ktc,hwang,2023,7551,Deon Jackson,RB,1761,-1
ktc,hwang,2023,2749,Raheem Mostert,RB,1614,242.7
ktc,hwang,2023,9492,Trey Palmer,WR,1455,55.7
ktc,hwang,2023,6694,D'Ernest Johnson,RB,514,24.9
ktc,hwang,2023,6918,Salvon Ahmed,RB,635,26.9
ktc,hwang,2023,10234,Derius Davis,WR,0,17.2
ktc,hwang,2023,6847,Devin Duvernay,WR,761,3.3
ktc,hwang,2023,7090,Darnell Mooney,WR,2257,47.9
ktc,hwang,2023,4351,Tim Patrick,WR,1,0
ktc,hwang,2023,7529,Gary Brightwell,RB,392,6.6
ktc,hwang,2023,8917,KaVontae Turpin,WR,322,47.2
ktc,hwang,2023,5374,Justin Watson,WR,0,62
ktc,hwang,2023,6794,Justin Jefferson,WR,9948,110.2
ktc,hwang,2023,7591,Justin Fields,QB,7128,221.6
ktc,hwang,2023,8138,James Cook,RB,4017,183.5
ktc,hwang,2023,3198,Derrick Henry,RB,4169,197.4
ktc,hwang,2023,1479,Keenan Allen,WR,3441,170.9
ktc,hwang,2023,6943,Gabriel Davis,WR,3018,116.4
ktc,hwang,2023,2374,Tyler Lockett,WR,3113,108.3
ktc,hwang,2023,8130,Trey McBride,TE,2378,130.1
ktc,hwang,2023,10235,Roschon Johnson,RB,2829,66.1
ktc,hwang,2023,7561,Elijah Mitchell,RB,2233,28.8
ktc,hwang,2023,6920,Isaiah Hodgins,WR,1801,35.4
ktc,hwang,2023,7568,Brevin Jordan,TE,882,42.4
ktc,hwang,2023,10219,Chris Rodriguez,RB,1055,35.9
ktc,hwang,2023,7021,Rico Dowdle,RB,1061,64.5
ktc,hwang,2023,8195,Ronnie Rivers,RB,0,9.9
ktc,hwang,2023,4995,Ian Thomas,TE,278,7.1
ktc,hwang,2023,7564,Ja'Marr Chase,WR,9018,160.8
ktc,hwang,2023,7523,Trevor Lawrence,QB,7890,246.3
ktc,hwang,2023,9753,Zach Charbonnet,RB,3844,67.1
ktc,hwang,2023,8159,Desmond Ridder,QB,3064,160.5
ktc,hwang,2023,4950,Christian Kirk,WR,3790,93.3
ktc,hwang,2023,7596,Elijah Moore,WR,3284,73.1
ktc,hwang,2023,10871,Luke Schoonmaker,TE,2004,22.5
ktc,hwang,2023,4080,Zay Jones,WR,1904,39.4
ktc,hwang,2023,7607,Michael Carter,RB,1077,32.9
ktc,hwang,2023,10216,Kenny McIntosh,RB,846,0
ktc,hwang,2023,11199,Emari Demercado,RB,0,52.3
ktc,hwang,2023,5409,Tanner Hudson,TE,0,58.6
ktc,hwang,2023,7528,Najee Harris,RB,4466,147.2
ktc,hwang,2023,5849,Kyler Murray,QB,4911,128.6
ktc,hwang,2023,2216,Mike Evans,WR,3227,201.3
ktc,hwang,2023,8168,Skyy Moore,WR,3354,32.7
ktc,hwang,2023,9226,De'Von Achane,RB,3240,151.6
ktc,hwang,2023,3271,Tyler Higbee,TE,2007,85
ktc,hwang,2023,9506,Sean Tucker,RB,2061,3.2
ktc,hwang,2023,6869,Adam Trautman,TE,848,46.8
ktc,hwang,2023,5995,Justice Hill,RB,754,78.7
ktc,hwang,2023,9494,Marvin Mims,WR,3348,47
ktc,hwang,2023,7571,Rashod Bateman,WR,3014,44.5
ktc,hwang,2023,9479,Darnell Washington,TE,1916,9.6
ktc,hwang,2023,4029,Dalvin Cook,RB,2650,25.2
ktc,hwang,2023,6885,Ke'Shawn Vaughn,RB,821,4.4
ktc,hwang,2023,11306,Xavier Gipson,WR,0,37.3
ktc,hwang,2023,8698,Jake Tonges,TE,0,0
ktc,hwang,2023,8129,Dameon Pierce,RB,4331,69.7
ktc,hwang,2023,6938,Cam Akers,RB,3498,35.7
ktc,hwang,2023,4068,Mike Williams,WR,3268,31.2
ktc,hwang,2023,3225,Tyler Boyd,WR,1908,77.4
ktc,hwang,2023,8116,Pierre Strong Jr.,RB,1034,31.3
ktc,hwang,2023,10223,Eric Gray,RB,1093,4.2
ktc,hwang,2023,5008,Durham Smythe,TE,311,49.6
ktc,hwang,2023,9229,Anthony Richardson,QB,6401,72.7
ktc,hwang,2023,4147,Samaje Perine,RB,2033,68.3
ktc,hwang,2023,6144,Trayveon Williams,RB,865,8.1
ktc,hwang,2023,4149,Jamaal Williams,RB,2205,33.4
ktc,hwang,2023,4951,D.J. Chark,WR,1880,77.9
ktc,hwang,2023,7045,Joshua Kelley,RB,1078,53.6
ktc,hwang,2023,10214,Davis Allen,TE,0,16
ktc,hwang,2023,8205,Isiah Pacheco,RB,3496,169.9
ktc,hwang,2023,10225,Jonathan Mingo,WR,3177,41.8
ktc,hwang,2023,7567,Kenneth Gainwell,RB,2277,61.2
ktc,hwang,2023,9220,Evan Hull,RB,1931,0.7
ktc,hwang,2023,8145,Jeremy Ruckert,TE,845,23.1
ktc,hwang,2023,9511,Keaton Mitchell,RB,751,60.9
ktc,hwang,2023,8227,Teagan Quitoriano,TE,326,4.3
ktc,hwang,2023,6806,J.K. Dobbins,RB,3963,9.7
ktc,hwang,2023,6790,D'Andre Swift,RB,3429,160.3
ktc,hwang,2023,5248,Gus Edwards,RB,1184,172.2
ktc,hwang,2023,10221,Ronnie Bell,WR,0,18.3
ktc,hwang,2023,9505,Deuce Vaughn,RB,2001,8
ktc,hwang,2023,8676,Rashid Shaheed,WR,1891,97.1
ktc,hwang,2023,5284,Jeffery Wilson,RB,1261,22.8
ktc,hwang,2023,5980,Myles Gaskin,RB,679,0
ktc,hwang,2023,5848,Marquise Brown,WR,3532,83.7
ktc,hwang,2023,8489,Andrew Ogletree,TE,0,31.2
ktc,hwang,2023,4985,Rashaad Penny,RB,2036,2.2
ktc,hwang,2023,10444,Cedric Tillman,WR,1912,18.9
ktc,hwang,2023,9224,Chase Brown,RB,1893,34.2
ktc,hwang,2023,8153,Isaiah Spiller,RB,1255,13
ktc,hwang,2023,8408,Jordan Mason,RB,829,36.9
ktc,hwang,2023,8211,Tyrion Davis-Price,RB,771,2.1
ktc,hwang,2023,3294,Dak Prescott,QB,4820,317.7
ktc,hwang,2023,8132,Tyler Allgeier,RB,2459,116.2
ktc,hwang,2023,9508,Tyjae Spears,RB,2766,83.2
ktc,hwang,2023,8177,Grant Calcaterra,TE,0,3.1
ktc,hwang,2023,11439,Jaleel McLaughlin,RB,1069,74.4
ktc,hwang,2023,5906,Dawson Knox,TE,2030,34.4
ktc,hwang,2023,11435,Emanuel Wilson,RB,0,10.8
ktc,hwang,2023,7527,Mac Jones,QB,2997,106.4
ktc,hwang,2023,4098,Kareem Hunt,RB,1091,103
ktc,hwang,2023,1426,DeAndre Hopkins,WR,3010,138
ktc,hwang,2023,5038,Michael Gallup,WR,1867,53.8
ktc,hwang,2023,6850,Harrison Bryant,TE,822,31.4
ktc,hwang,2023,6770,Joe Burrow,QB,8866,147.2
ktc,hwang,2023,6768,Tua Tagovailoa,QB,5438,262.7
ktc,hwang,2023,7543,Travis Etienne,RB,5280,215.7
ktc,hwang,2023,5846,DK Metcalf,WR,5560,158.4
ktc,hwang,2023,10859,Sam LaPorta,TE,4027,184.9
ktc,hwang,2023,4039,Cooper Kupp,WR,4845,105.4
ktc,hwang,2023,9999,Will Levis,QB,2263,102
ktc,hwang,2023,4881,Lamar Jackson,QB,7944,331.2
ktc,hwang,2023,8167,Christian Watson,WR,4980,73.3
ktc,hwang,2023,2505,Darren Waller,TE,4028,80.2
ktc,hwang,2023,9997,Zay Flowers,WR,4816,129.4
ktc,hwang,2023,1837,Jimmy Garoppolo,QB,2126,64.1
ktc,hwang,2023,6797,Justin Herbert,QB,8490,233.2
ktc,hwang,2023,9228,Bryce Young,QB,5701,152.2
ktc,hwang,2023,9756,Jordan Addison,WR,5132,139.6
ktc,hwang,2023,7002,Juwan Johnson,TE,2385,73.8
ktc,hwang,2023,6828,AJ Dillon,RB,2884,95.6
ktc,hwang,2023,8228,Jaylen Warren,RB,2921,132.4
ktc,hwang,2023,9758,C.J. Stroud,QB,5227,254.5
ktc,hwang,2023,4981,Calvin Ridley,WR,4850,137.3
ktc,hwang,2023,4137,James Conner,RB,2895,148.1
ktc,hwang,2023,8140,Justyn Ross,WR,2041,3.6
ktc,hwang,2023,2133,Davante Adams,WR,5120,151.8
ktc,hwang,2023,5022,Dallas Goedert,TE,4096,105.9
ktc,hwang,2023,5089,Mike White,QB,670,2.1
ktc,hwang,2023,10232,Michael Wilson,WR,1991,67
ktc,hwang,2023,4054,Mo Alie-Cox,TE,354,37.8
ktc,hwang,2023,7694,Tommy Tremble,TE,818,46.8
ktc,hwang,2023,421,Matthew Stafford,QB,2185,243.1
ktc,hwang,2023,8119,Jahan Dotson,WR,4900,74.1
ktc,hwang,2023,6824,Donovan Peoples-Jones,WR,2023,13
ktc,hwang,2023,6001,Drew Sample,TE,343,37.6
ktc,hwang,2023,6904,Jalen Hurts,QB,9626,356.2
ktc,hwang,2023,4988,Nick Chubb,RB,5561,19.1
ktc,hwang,2023,4017,Deshaun Watson,QB,5169,86.8
ktc,hwang,2023,7720,Kene Nwangwu,RB,653,1.3
ktc,hwang,2023,5870,Daniel Jones,QB,5042,57
ktc,hwang,2023,4866,Saquon Barkley,RB,5908,160.5
ktc,hwang,2023,6801,Tee Higgins,WR,5672,95.6
ktc,hwang,2023,8131,Isaiah Likely,TE,2444,76
ktc,hwang,2023,5000,Chase Edmonds,RB,652,23.3
ktc,hwang,2023,2449,Stefon Diggs,WR,5625,158.1
ktc,hwang,2023,1535,Cordarrelle Patterson,RB,659,25.9
ktc,hwang,2023,7526,Jaylen Waddle,WR,6915,126.6
ktc,hwang,2023,8144,Chris Olave,WR,6774,132.7
ktc,hwang,2023,7525,DeVonta Smith,WR,6336,146.6
ktc,hwang,2023,6826,Cole Kmet,TE,2947,139
ktc,hwang,2023,8210,Chigoziem Okonkwo,TE,2821,81.8
ktc,hwang,2023,4179,Joshua Dobbs,QB,1057,200.7
ktc,hwang,2023,7547,Amon-Ra St. Brown,WR,7059,191.5
ktc,hwang,2023,5859,A.J. Brown,WR,6885,184.7
ktc,hwang,2023,10857,Stetson Bennett,QB,1198,0
ktc,hwang,2023,7083,Tyler Huntley,QB,979,11.8
ktc,hwang,2023,6786,CeeDee Lamb,WR,7441,245.7
ktc,hwang,2023,9481,Luke Musgrave,TE,3052,56.6
ktc,hwang,2023,5001,Dalton Schultz,TE,2514,114.3
ktc,hwang,2023,7605,Kyle Trask,QB,1145,-0.1
ktc,hwang,2023,5010,Will Dissly,TE,473,19.6
ktc,hwang,2023,8172,Greg Dulcich,TE,2875,4
ktc,hwang,2023,10217,Clayton Tune,QB,1177,7.4
ktc,hwang,2023,8110,Jake Ferguson,TE,2468,131.7
ktc,hwang,2023,6011,Gardner Minshew,QB,857,187.7
ktc,hwang,2023,4984,Josh Allen,QB,9756,369.6
ktc,hwang,2023,7600,Pat Freiermuth,TE,4016,57.7
ktc,hwang,2023,8148,Jameson Williams,WR,3795,56.3
ktc,hwang,2023,4046,Patrick Mahomes,QB,9999,280.2
ktc,hwang,2023,8146,Garrett Wilson,WR,7649,114.8
ktc,hwang,2023,4663,Austin Ekeler,RB,5260,129.5
ktc,hwang,2023,6136,Jarrett Stidham,QB,689,13.6
ktc,hwang,2023,5185,Allen Lazard,WR,1914,37.1
ktc,hwang,2023,9221,Jahmyr Gibbs,RB,6403,181.1
ktc,hwang,2023,3257,Jacoby Brissett,QB,737,22.9
ktc,hwang,2023,7585,Davis Mills,QB,819,17.8
ktc,hwang,2023,2306,Jameis Winston,QB,803,12
ktc,hwang,2023,2711,Taylor Heinicke,QB,687,66
ktc,hwang,2023,9493,Puka Nacua,WR,1919,183.4
ktc,hwang,2023,10236,Dalton Kincaid,TE,4629,101.9
ktc,hwang,2023,4217,George Kittle,TE,4312,170.7
ktc,hwang,2023,5012,Mark Andrews,TE,6317,112.9
ktc,hwang,2023,1466,Travis Kelce,TE,6359,172.9
ktc,hwang,2023,7553,Kyle Pitts,TE,5842,107.1
ktc,hwang,2023,8112,Drake London,WR,5723,101.3
ktc,hwang,2023,7716,John Bates,TE,374,24.6
ktc,hwang,2023,8155,Breece Hall,RB,6064,187.5
ktc,hwang,2023,3321,Tyreek Hill,WR,6311,243.2
ktc,hwang,2023,5844,T.J. Hockenson,TE,5568,171.5
ktc,hwang,2023,9488,Jaxon Smith-Njigba,WR,5934,85.4
ktc,hwang,2023,5973,Josh Oliver,TE,381,38.2
ktc,hwang,2023,7535,Hunter Long,TE,423,0
ktc,hwang,2023,10210,Cameron Latu,TE,467,0
ktc,hwang,2023,6803,Brandon Aiyuk,WR,4891,171.7
ktc,hwang,2024,9509,Bijan Robinson,RB,8695,251.4
ktc,hwang,2024,4866,Saquon Barkley,RB,5152,322.3
ktc,hwang,2024,8138,James Cook,RB,4694,225.9
ktc,hwang,2024,11624,Xavier Worthy,WR,4745,128.2
ktc,hwang,2024,11563,Bo Nix,QB,4478,282.7
ktc,hwang,2024,5892,David Montgomery,RB,3284,185.7
ktc,hwang,2024,9999,Will Levis,QB,3784,108.1
ktc,hwang,2024,5872,Deebo Samuel,WR,4566,102.6
ktc,hwang,2024,11596,Ben Sinnott,TE,3307,11.3
ktc,hwang,2024,9224,Chase Brown,RB,3117,201
ktc,hwang,2024,5848,Marquise Brown,WR,2909,9.1
ktc,hwang,2024,11638,Ricky Pearsall,WR,2848,49.6
ktc,hwang,2024,3214,Hunter Henry,TE,1857,112.4
ktc,hwang,2024,8225,Daniel Bellinger,TE,1721,17.6
ktc,hwang,2024,8142,Alec Pierce,WR,1551,112.7
ktc,hwang,2024,1689,Adam Thielen,WR,1577,87.1
ktc,hwang,2024,11577,Will Shipley,RB,1821,5
ktc,hwang,2024,11435,Emanuel Wilson,RB,1457,71.9
ktc,hwang,2024,1234,Russell Wilson,QB,2048,161.3
ktc,hwang,2024,11629,Devontez Walker,WR,1577,8.1
ktc,hwang,2024,11603,AJ Barner,TE,1058,51.6
ktc,hwang,2024,7562,Tutu Atwell,WR,1342,53.2
ktc,hwang,2024,11210,Malik Heath,WR,627,16.4
ktc,hwang,2024,6920,Isaiah Hodgins,WR,631,1.2
ktc,hwang,2024,8195,Ronnie Rivers,RB,565,5.1
ktc,hwang,2024,10857,Stetson Bennett,QB,807,0
ktc,hwang,2024,10217,Clayton Tune,QB,192,-2.3
ktc,hwang,2024,7543,Travis Etienne,RB,5470,85.2
ktc,hwang,2024,9756,Jordan Addison,WR,4107,149.5
ktc,hwang,2024,4892,Baker Mayfield,QB,3403,344.2
ktc,hwang,2024,8137,George Pickens,WR,4650,105.4
ktc,hwang,2024,4137,James Conner,RB,3093,206.8
ktc,hwang,2024,1479,Keenan Allen,WR,2788,113.9
ktc,hwang,2024,6865,Colby Parkinson,TE,1831,49.3
ktc,hwang,2024,7002,Juwan Johnson,TE,1744,86.8
ktc,hwang,2024,9492,Trey Palmer,WR,1616,23.2
ktc,hwang,2024,7593,Trey Sermon,RB,1417,37.3
ktc,hwang,2024,8162,Sam Howell,QB,1853,-0.8
ktc,hwang,2024,3225,Tyler Boyd,WR,1522,39.3
ktc,hwang,2024,9480,Brenton Strange,TE,1101,63.1
ktc,hwang,2024,8118,David Bell,WR,1004,2.7
ktc,hwang,2024,8168,Skyy Moore,WR,888,0
ktc,hwang,2024,11311,Jason Brownlee,WR,462,0
ktc,hwang,2024,5000,Chase Edmonds,RB,640,0
ktc,hwang,2024,7083,Tyler Huntley,QB,744,52
ktc,hwang,2024,19,Joe Flacco,QB,634,84.5
ktc,hwang,2024,8150,Kyren Williams,RB,5142,238.1
ktc,hwang,2024,11583,Jonathon Brooks,RB,4694,4.5
ktc,hwang,2024,9228,Bryce Young,QB,3952,158.6
ktc,hwang,2024,7588,Javonte Williams,RB,3341,98.1
ktc,hwang,2024,4033,David Njoku,TE,3597,116.5
ktc,hwang,2024,8143,Jerome Ford,RB,3095,97
ktc,hwang,2024,5045,Courtland Sutton,WR,2773,143.5
ktc,hwang,2024,5906,Dawson Knox,TE,1872,48.1
ktc,hwang,2024,4381,Taysom Hill,TE,1618,90.8
ktc,hwang,2024,2197,Brandin Cooks,WR,1774,42.6
ktc,hwang,2024,5995,Justice Hill,RB,1503,85.1
ktc,hwang,2024,10235,Roschon Johnson,RB,1994,59.5
ktc,hwang,2024,7596,Elijah Moore,WR,1591,56.3
ktc,hwang,2024,8219,Jelani Woods,TE,996,0
ktc,hwang,2024,5917,Mecole Hardman,WR,947,21.2
ktc,hwang,2024,10228,Charlie Jones,WR,791,4.5
ktc,hwang,2024,5880,Parris Campbell,WR,440,9
ktc,hwang,2024,7720,Kene Nwangwu,RB,506,6
ktc,hwang,2024,9488,Jaxon Smith-Njigba,WR,4717,151.7
ktc,hwang,2024,11564,Drake Maye,QB,4904,177.1
ktc,hwang,2024,11643,Jaylen Wright,RB,3086,24.1
ktc,hwang,2024,9501,Demario Douglas,WR,2446,78.3
ktc,hwang,2024,5857,Noah Fant,TE,1981,65.2
ktc,hwang,2024,9225,Tank Bigsby,RB,2003,111.8
ktc,hwang,2024,6011,Gardner Minshew,QB,2300,96.3
ktc,hwang,2024,9487,Parker Washington,WR,1447,57.5
ktc,hwang,2024,6850,Harrison Bryant,TE,801,13.1
ktc,hwang,2024,7066,K.J. Osborn,WR,1200,11.7
ktc,hwang,2024,6814,Laviska Shenault,WR,680,5.7
ktc,hwang,2024,5121,Braxton Berrios,WR,547,0
ktc,hwang,2024,8221,Keaontay Ingram,RB,552,0
ktc,hwang,2024,6136,Jarrett Stidham,QB,825,-0.2
ktc,hwang,2024,4464,Nick Mullens,QB,578,1.3
ktc,hwang,2024,9997,Zay Flowers,WR,4707,133.4
ktc,hwang,2024,3163,Jared Goff,QB,4836,314.2
ktc,hwang,2024,11559,Michael Penix Jr.,QB,3831,19.1
ktc,hwang,2024,10222,Jayden Reed,WR,4082,138.9
ktc,hwang,2024,8110,Jake Ferguson,TE,3738,72.7
ktc,hwang,2024,7670,Josh Palmer,WR,2701,68.4
ktc,hwang,2024,4144,Jonnu Smith,TE,1744,164.2
ktc,hwang,2024,9479,Darnell Washington,TE,1573,35.5
ktc,hwang,2024,4068,Mike Williams,WR,1941,33.3
ktc,hwang,2024,8147,John Metchie,WR,1585,29
ktc,hwang,2024,4943,Sam Darnold,QB,2317,300.3
ktc,hwang,2024,8135,Treylon Burks,WR,1545,3.5
ktc,hwang,2024,8125,Calvin Austin III,WR,1260,84.8
ktc,hwang,2024,4040,JuJu Smith-Schuster,WR,705,34.7
ktc,hwang,2024,6824,Donovan Peoples-Jones,WR,702,0
ktc,hwang,2024,9220,Evan Hull,RB,672,0
ktc,hwang,2024,8159,Desmond Ridder,QB,329,21.5
ktc,hwang,2024,8155,Breece Hall,RB,8273,168.7
ktc,hwang,2024,7611,Rhamondre Stevenson,RB,3337,142.9
ktc,hwang,2024,421,Matthew Stafford,QB,3099,214.6
ktc,hwang,2024,11635,Ladd McConkey,WR,4092,147.4
ktc,hwang,2024,5967,Tony Pollard,RB,2997,153.5
ktc,hwang,2024,8134,Khalil Shakir,WR,2948,106.5
ktc,hwang,2024,8126,Wan'Dale Robinson,WR,2047,85.4
ktc,hwang,2024,4951,D.J. Chark,WR,1485,2.5
ktc,hwang,2024,6945,Antonio Gibson,RB,1786,74.3
ktc,hwang,2024,7602,Kylen Granson,TE,1010,24
ktc,hwang,2024,9504,Kayshon Boutte,WR,968,61.2
ktc,hwang,2024,8140,Justyn Ross,WR,395,0
ktc,hwang,2024,8800,Malik Davis,RB,453,0
ktc,hwang,2024,4972,Mason Rudolph,QB,216,92.5
ktc,hwang,2024,6801,Tee Higgins,WR,4775,143.8
ktc,hwang,2024,11630,Roman Wilson,WR,2499,0
ktc,hwang,2024,10871,Luke Schoonmaker,TE,1520,41
ktc,hwang,2024,5970,Greg Dortch,WR,1821,35.9
ktc,hwang,2024,4089,Gerald Everett,TE,998,7.6
ktc,hwang,2024,10218,Xavier Hutchinson,WR,1105,11.2
ktc,hwang,2024,5185,Allen Lazard,WR,845,75.9
ktc,hwang,2024,6659,Craig Reynolds,RB,652,14
ktc,hwang,2024,7605,Kyle Trask,QB,558,-0.2
ktc,hwang,2024,5850,Josh Jacobs,RB,4407,246.5
ktc,hwang,2024,1166,Kirk Cousins,QB,3274,176.3
ktc,hwang,2024,9753,Zach Charbonnet,RB,2839,135.8
ktc,hwang,2024,11595,Jared Wiley,TE,1677,1.2
ktc,hwang,2024,10225,Jonathan Mingo,WR,1727,12.8
ktc,hwang,2024,8408,Jordan Mason,RB,2217,104
ktc,hwang,2024,11562,Spencer Rattler,QB,2069,52.6
ktc,hwang,2024,10213,Tre Tucker,WR,1579,79.9
ktc,hwang,2024,5010,Will Dissly,TE,839,72.4
ktc,hwang,2024,5374,Justin Watson,WR,800,40.4
ktc,hwang,2024,6847,Devin Duvernay,WR,773,8.2
ktc,hwang,2024,8174,Kevin Harris,RB,461,0
ktc,hwang,2024,11565,J.J. McCarthy,QB,4382,0
ktc,hwang,2024,4035,Alvin Kamara,RB,3309,197.3
ktc,hwang,2024,11599,Cade Stover,TE,1780,26.8
ktc,hwang,2024,8129,Dameon Pierce,RB,1530,17.9
ktc,hwang,2024,4973,Hayden Hurst,TE,921,11.3
ktc,hwang,2024,6960,Tyler Johnson,WR,649,25.6
ktc,hwang,2024,7585,Davis Mills,QB,532,3.4
ktc,hwang,2024,11586,Blake Corum,RB,3244,24.3
ktc,hwang,2024,4039,Cooper Kupp,WR,4080,108
ktc,hwang,2024,11618,Jalen McMillan,WR,2655,84.4
ktc,hwang,2024,9497,Jalin Hyatt,WR,1789,6.2
ktc,hwang,2024,4663,Austin Ekeler,RB,2166,94.1
ktc,hwang,2024,3257,Jacoby Brissett,QB,1553,45.2
ktc,hwang,2024,7601,Rondale Moore,WR,1349,0
ktc,hwang,2024,6853,Van Jefferson,WR,996,37.8
ktc,hwang,2024,9495,Rakim Jarrett,WR,736,12.4
ktc,hwang,2024,8171,Kyle Philips,WR,493,0
ktc,hwang,2024,11640,Jermaine Burton,WR,2613,10.7
ktc,hwang,2024,3164,Ezekiel Elliott,RB,1490,45.5
ktc,hwang,2024,2028,Derek Carr,QB,2212,150.9
ktc,hwang,2024,8180,Jalen Nailor,WR,1312,69.7
ktc,hwang,2024,5695,Brandon Powell,WR,638,7.1
ktc,hwang,2024,6290,Scotty Miller,WR,373,6.9
ktc,hwang,2024,8676,Rashid Shaheed,WR,2554,59.8
ktc,hwang,2024,7608,Khalil Herbert,RB,1999,13.2
ktc,hwang,2024,6271,Olamide Zaccheaus,WR,1024,62.3
ktc,hwang,2024,7595,Tylan Wallace,WR,619,25.3
ktc,hwang,2024,9222,Zach Evans,RB,659,0
ktc,hwang,2024,1837,Jimmy Garoppolo,QB,346,0
ktc,hwang,2024,4199,Aaron Jones,RB,2917,183.1
ktc,hwang,2024,11626,Xavier Legette,WR,3103,73.1
ktc,hwang,2024,11610,Malik Washington,WR,1890,24
ktc,hwang,2024,4171,Josh Reynolds,WR,1251,24.3
ktc,hwang,2024,8230,Ty Chandler,RB,2005,22.4
ktc,hwang,2024,10444,Cedric Tillman,WR,1316,51.4
ktc,hwang,2024,8145,Jeremy Ruckert,TE,1120,18.5
ktc,hwang,2024,4234,Noah Brown,WR,1115,51.3
ktc,hwang,2024,7049,Jauan Jennings,WR,1378,128.3
ktc,hwang,2024,4454,Kendrick Bourne,WR,1235,35.9
ktc,hwang,2024,9490,Tyler Scott,WR,743,0.5
ktc,hwang,2024,9512,DeWayne McBride,RB,434,0
ktc,hwang,2024,11650,Luke McCaffrey,WR,2438,16.8
ktc,hwang,2024,10226,Andrei Iosivas,WR,1914,82.7
ktc,hwang,2024,6938,Cam Akers,RB,1456,72.3
ktc,hwang,2024,8211,Tyrion Davis-Price,RB,546,0.7
ktc,hwang,2024,5133,Tyler Conklin,TE,1775,87.8
ktc,hwang,2024,10866,Aidan O'Connell,QB,1573,77.6
ktc,hwang,2024,5947,Jakobi Meyers,WR,2494,112.7
ktc,hwang,2024,10867,Jake Bobo,WR,893,10.3
ktc,hwang,2024,7496,Nick Westbrook-Ikhine,WR,563,98.7
ktc,hwang,2024,4351,Tim Patrick,WR,758,57.9
ktc,hwang,2024,10870,Deneric Prince,RB,452,0
ktc,hwang,2024,5987,Alexander Mattison,RB,1393,98.3
ktc,hwang,2024,10231,Elijah Higgins,TE,995,39.2
ktc,hwang,2024,8122,Zonovan Knight,RB,316,0
ktc,hwang,2024,827,Tyrod Taylor,QB,525,20.1
ktc,hwang,2024,8117,Jalen Tolbert,WR,1679,93.2
ktc,hwang,2024,10863,A.T. Perry,WR,1432,0
ktc,hwang,2024,5113,Cedrick Wilson,WR,746,27.7
ktc,hwang,2024,9500,Josh Downs,WR,2904,102.1
ktc,hwang,2024,4993,Mike Gesicki,TE,1641,98.2
ktc,hwang,2024,1535,Cordarrelle Patterson,RB,642,25.4
ktc,hwang,2024,7828,Noah Gray,TE,1518,93.1
ktc,hwang,2024,7587,Dyami Brown,WR,1867,35
ktc,hwang,2024,10221,Ronnie Bell,WR,815,2.2
ktc,hwang,2024,8188,Tyquan Thornton,WR,1250,4.7
ktc,hwang,2024,3634,Kalif Raymond,WR,830,38.4
ktc,hwang,2024,6805,KJ Hamler,WR,630,0
ktc,hwang,2024,9486,Dontayvion Wicks,WR,2945,66.6
ktc,hwang,2024,11256,Tyson Bagent,QB,827,-0.3
ktc,hwang,2024,2078,Odell Beckham,WR,775,5.5
ktc,hwang,2024,6927,Quez Watkins,WR,401,0
ktc,hwang,2024,8254,Julius Chestnut,RB,495,10.2
ktc,hwang,2024,8204,Bo Melton,WR,1245,14.4
ktc,hwang,2024,5086,Marquez Valdes-Scantling,WR,793,62.2
ktc,hwang,2024,6694,D'Ernest Johnson,RB,604,21.3
ktc,hwang,2024,11592,Erick All,TE,1641,25.8
ktc,hwang,2024,11621,Brenden Rice,WR,1612,0
ktc,hwang,2024,10234,Derius Davis,WR,827,26.7
ktc,hwang,2024,5284,Jeffery Wilson,RB,627,8
ktc,hwang,2024,9757,Kendre Miller,RB,2074,24.1
ktc,hwang,2024,6931,DeeJay Dallas,RB,493,15.3
ktc,hwang,2024,11637,Keon Coleman,WR,3969,78.5
ktc,hwang,2024,11306,Xavier Gipson,WR,1348,7.9
ktc,hwang,2024,7607,Michael Carter,RB,651,12.9
ktc,hwang,2024,10223,Eric Gray,RB,1445,6.3
ktc,hwang,2024,7565,Terrace Marshall,WR,678,4.1
ktc,hwang,2024,2307,Marcus Mariota,QB,213,19.7
ktc,hwang,2024,5026,Tre'Quan Smith,WR,423,0
ktc,hwang,2024,6849,Denzel Mims,WR,462,0
ktc,hwang,2024,9998,Hendon Hooker,QB,1438,2.7
ktc,hwang,2024,3286,Demarcus Robinson,WR,1370,85.3
ktc,hwang,2024,9489,Justin Shorter,WR,486,0
ktc,hwang,2024,5347,Nyheim Hines,RB,604,0
ktc,hwang,2024,10232,Michael Wilson,WR,2522,77.5
ktc,hwang,2024,6234,Deonte Harty,WR,501,0
ktc,hwang,2024,7891,Brock Wright,TE,956,28.5
ktc,hwang,2024,6149,Darius Slayton,WR,1176,71
ktc,hwang,2024,6598,Trenton Irwin,WR,536,1.5
ktc,hwang,2024,11636,Johnny Wilson,WR,1179,7.4
ktc,hwang,2024,8153,Isaiah Spiller,RB,583,0
ktc,hwang,2024,4080,Zay Jones,WR,1200,3.8
ktc,hwang,2024,10860,Malik Cunningham,WR,393,0
ktc,hwang,2024,6783,Jerry Jeudy,WR,2569,144.6
ktc,hwang,2024,6421,Jalen Guyton,WR,420,0
ktc,hwang,2024,7533,Anthony Schwartz,WR,545,0
ktc,hwang,2024,6786,CeeDee Lamb,WR,9796,162.4
ktc,hwang,2024,6804,Jordan Love,QB,7370,231.1
ktc,hwang,2024,9508,Tyjae Spears,RB,3406,83.6
ktc,hwang,2024,4037,Chris Godwin,WR,3382,87.8
ktc,hwang,2024,4950,Christian Kirk,WR,3402,43.9
ktc,hwang,2024,8154,Brian Robinson,RB,3216,138.2
ktc,hwang,2024,8210,Chigoziem Okonkwo,TE,2053,87.6
ktc,hwang,2024,8132,Tyler Allgeier,RB,2460,86.3
ktc,hwang,2024,3271,Tyler Higbee,TE,1448,9.5
ktc,hwang,2024,11199,Emari Demercado,RB,973,38.7
ktc,hwang,2024,6828,AJ Dillon,RB,917,0
ktc,hwang,2024,11370,Chris Brooks,RB,311,25.3
ktc,hwang,2024,7045,Joshua Kelley,RB,199,0
ktc,hwang,2024,8177,Grant Calcaterra,TE,0,45.8
ktc,hwang,2024,6794,Justin Jefferson,WR,9449,209.1
ktc,hwang,2024,6770,Joe Burrow,QB,7517,359.8
ktc,hwang,2024,3198,Derrick Henry,RB,3719,289.3
ktc,hwang,2024,11589,Trey Benson,RB,3653,41
ktc,hwang,2024,2309,Amari Cooper,WR,3453,78.7
ktc,hwang,2024,9484,Tucker Kraft,TE,2396,132.7
ktc,hwang,2024,11576,Braelon Allen,RB,2591,63.9
ktc,hwang,2024,5248,Gus Edwards,RB,2362,61.1
ktc,hwang,2024,6151,Miles Sanders,RB,1052,29.7
ktc,hwang,2024,9227,Israel Abanikanda,RB,1114,0
ktc,hwang,2024,2325,Nelson Agholor,WR,227,35.1
ktc,hwang,2024,8208,Tyler Badie,RB,236,6.4
ktc,hwang,2024,8489,Andrew Ogletree,TE,442,18.8
ktc,hwang,2024,6790,D'Andre Swift,RB,3377,160
ktc,hwang,2024,8167,Christian Watson,WR,3408,76.3
ktc,hwang,2024,8121,Romeo Doubs,WR,3170,86.1
ktc,hwang,2024,11600,Ja'Tavion Sanders,TE,2392,51.7
ktc,hwang,2024,7594,Chuba Hubbard,RB,2391,198.6
ktc,hwang,2024,7021,Rico Dowdle,RB,2536,144.4
ktc,hwang,2024,1339,Zach Ertz,TE,1363,131.5
ktc,hwang,2024,11573,Frank Gore Jr.,RB,1110,0
ktc,hwang,2024,4149,Jamaal Williams,RB,1076,25.9
ktc,hwang,2024,8698,Jake Tonges,TE,0,0
ktc,hwang,2024,8136,Rachaad White,RB,4070,148.6
ktc,hwang,2024,3294,Dak Prescott,QB,5387,116.5
ktc,hwang,2024,11625,Adonai Mitchell,WR,3339,30.8
ktc,hwang,2024,9511,Keaton Mitchell,RB,2380,4.8
ktc,hwang,2024,2374,Tyler Lockett,WR,2078,69.2
ktc,hwang,2024,7561,Elijah Mitchell,RB,1092,0
ktc,hwang,2024,2449,Stefon Diggs,WR,3285,74.9
ktc,hwang,2024,4981,Calvin Ridley,WR,3317,127.9
ktc,hwang,2024,8228,Jaylen Warren,RB,3161,84
ktc,hwang,2024,11439,Jaleel McLaughlin,RB,2551,68.4
ktc,hwang,2024,11617,Malachi Corley,WR,2168,2.2
ktc,hwang,2024,9754,Quentin Johnston,WR,2059,101.1
ktc,hwang,2024,7567,Kenneth Gainwell,RB,1340,44.3
ktc,hwang,2024,9229,Anthony Richardson,QB,7220,162.4
ktc,hwang,2024,8111,Cade Otton,TE,2397,111.1
ktc,hwang,2024,11579,Audric Estime,RB,2262,34.3
ktc,hwang,2024,8119,Jahan Dotson,WR,2048,13.5
ktc,hwang,2024,11590,Jase McClellan,RB,1038,3.2
ktc,hwang,2024,2216,Mike Evans,WR,3943,157.5
ktc,hwang,2024,7528,Najee Harris,RB,3236,157
ktc,hwang,2024,11619,Ja'Lynn Polk,WR,3142,20.7
ktc,hwang,2024,11597,Theo Johnson,TE,2127,53.6
ktc,hwang,2024,6820,Clyde Edwards-Helaire,RB,995,3
ktc,hwang,2024,4995,Ian Thomas,TE,425,2.2
ktc,hwang,2024,4018,Joe Mixon,RB,3343,201.7
ktc,hwang,2024,9506,Sean Tucker,RB,1229,58.1
ktc,hwang,2024,4147,Samaje Perine,RB,1189,52
ktc,hwang,2024,5927,Terry McLaurin,WR,3788,173.6
ktc,hwang,2024,8148,Jameson Williams,WR,3241,150.8
ktc,hwang,2024,7571,Rashod Bateman,WR,2056,116
ktc,hwang,2024,10216,Kenny McIntosh,RB,853,14.5
ktc,hwang,2024,4988,Nick Chubb,RB,2579,58.3
ktc,hwang,2024,11575,Ray Davis,RB,2320,86.6
ktc,hwang,2024,4197,Isaiah McKenzie,WR,338,0
ktc,hwang,2024,4017,Deshaun Watson,QB,3055,76.7
ktc,hwang,2024,10214,Davis Allen,TE,1240,6.9
ktc,hwang,2024,7794,Chris Evans,RB,983,0
ktc,hwang,2024,4274,David Moore,WR,356,46.2
ktc,hwang,2024,6768,Tua Tagovailoa,QB,5303,181.6
ktc,hwang,2024,6130,Devin Singletary,RB,2576,73.9
ktc,hwang,2024,8116,Pierre Strong Jr.,RB,1264,21.2
ktc,hwang,2024,8139,Zamir White,RB,3218,23.3
ktc,hwang,2024,9494,Marvin Mims,WR,2275,73.4
ktc,hwang,2024,9505,Deuce Vaughn,RB,1289,5.1
ktc,hwang,2024,4054,Mo Alie-Cox,TE,411,26.7
ktc,hwang,2024,11584,Bucky Irving,RB,2561,183
ktc,hwang,2024,5937,Diontae Johnson,WR,3246,54.9
ktc,hwang,2024,7568,Brevin Jordan,TE,1298,1.7
ktc,hwang,2024,10210,Cameron Latu,TE,367,0
ktc,hwang,2024,6806,J.K. Dobbins,RB,2312,152.3
ktc,hwang,2024,6074,Donald Parham,TE,381,0
ktc,hwang,2024,7090,Darnell Mooney,WR,2151,129.2
ktc,hwang,2024,6126,Irv Smith,TE,442,0
ktc,hwang,2024,7591,Justin Fields,QB,2688,119.1
ktc,hwang,2024,8917,KaVontae Turpin,WR,371,67.4
ktc,hwang,2024,5323,Equanimeous St. Brown,WR,255,0
ktc,hwang,2024,5938,Lil'Jordan Humphrey,WR,253,30.7
ktc,hwang,2024,6039,Ty Johnson,RB,912,72.4
ktc,hwang,2024,8123,Hassan Haskins,RB,752,20.5
ktc,hwang,2024,4111,D'Onta Foreman,RB,894,23.1
ktc,hwang,2024,7606,Kadarius Toney,WR,294,-2.4
ktc,hwang,2024,7716,John Bates,TE,215,10.4
ktc,hwang,2024,7757,Ben Skowronek,WR,240,6.9
ktc,hwang,2024,7559,Ihmir Smith-Marsette,WR,359,6
ktc,hwang,2024,11560,Caleb Williams,QB,8226,243.6
ktc,hwang,2024,5849,Kyler Murray,QB,6875,269.4
ktc,hwang,2024,7525,DeVonta Smith,WR,5679,131.4
ktc,hwang,2024,5844,T.J. Hockenson,TE,4433,64.1
ktc,hwang,2024,8172,Greg Dulcich,TE,2405,5.3
ktc,hwang,2024,6904,Jalen Hurts,QB,8621,315.1
ktc,hwang,2024,6797,Justin Herbert,QB,6485,257.4
ktc,hwang,2024,8151,Kenneth Walker III,RB,5112,135.2
ktc,hwang,2024,11620,Rome Odunze,WR,5687,89.1
ktc,hwang,2024,10229,Rashee Rice,WR,4934,40.9
ktc,hwang,2024,6845,Zack Moss,RB,2681,58.9
ktc,hwang,2024,4082,Curtis Samuel,WR,2377,27.5
ktc,hwang,2024,96,Aaron Rodgers,QB,2534,231.6
ktc,hwang,2024,6001,Drew Sample,TE,488,23.1
ktc,hwang,2024,4881,Lamar Jackson,QB,8641,407.4
ktc,hwang,2024,4983,D.J. Moore,WR,5270,127
ktc,hwang,2024,11631,Brian Thomas Jr.,WR,4838,186.7
ktc,hwang,2024,2505,Darren Waller,TE,516,0
ktc,hwang,2024,1466,Travis Kelce,TE,4498,146.9
ktc,hwang,2024,1373,Geno Smith,QB,2672,239.7
ktc,hwang,2024,11581,MarShawn Lloyd,RB,2814,1.8
ktc,hwang,2024,2749,Raheem Mostert,RB,2675,51.9
ktc,hwang,2024,7694,Tommy Tremble,TE,1154,34.9
ktc,hwang,2024,4217,George Kittle,TE,3906,193.9
ktc,hwang,2024,6819,Michael Pittman,WR,4893,89.6
ktc,hwang,2024,11566,Jayden Daniels,QB,6852,351.6
ktc,hwang,2024,5846,DK Metcalf,WR,5224,113.9
ktc,hwang,2024,5870,Daniel Jones,QB,2424,135.3
ktc,hwang,2024,8127,Charlie Kolar,TE,516,23.8
ktc,hwang,2024,7569,Nico Collins,WR,5769,132.8
ktc,hwang,2024,1426,DeAndre Hopkins,WR,2364,91
ktc,hwang,2024,8214,Cole Turner,TE,506,0
ktc,hwang,2024,8160,Kenny Pickett,QB,831,25.1
ktc,hwang,2024,11645,Javon Baker,WR,2384,0
ktc,hwang,2024,3202,Austin Hooper,TE,507,81.4
ktc,hwang,2024,9758,C.J. Stroud,QB,9304,214.4
ktc,hwang,2024,9226,De'Von Achane,RB,5905,203.8
ktc,hwang,2024,6813,Jonathan Taylor,RB,6050,202.7
ktc,hwang,2024,8144,Chris Olave,WR,5834,44.7
ktc,hwang,2024,8183,Brock Purdy,QB,5541,266.9
ktc,hwang,2024,9482,Michael Mayer,TE,2565,22
ktc,hwang,2024,6144,Trayveon Williams,RB,680,0
ktc,hwang,2024,6803,Brandon Aiyuk,WR,5809,37.4
ktc,hwang,2024,7523,Trevor Lawrence,QB,5963,145.2
ktc,hwang,2024,10219,Chris Rodriguez,RB,732,30.5
ktc,hwang,2024,4029,Dalvin Cook,RB,724,3
ktc,hwang,2024,11628,Marvin Harrison Jr.,WR,8293,122.2
ktc,hwang,2024,8146,Garrett Wilson,WR,7302,145.8
ktc,hwang,2024,9493,Puka Nacua,WR,6957,127.6
ktc,hwang,2024,9481,Luke Musgrave,TE,3008,5.6
ktc,hwang,2024,5022,Dallas Goedert,TE,2907,75.1
ktc,hwang,2024,11567,Jordan Travis,QB,1201,0
ktc,hwang,2024,6869,Adam Trautman,TE,739,37.3
ktc,hwang,2024,5859,A.J. Brown,WR,6867,149.9
ktc,hwang,2024,7600,Pat Freiermuth,TE,3019,117.3
ktc,hwang,2024,5001,Dalton Schultz,TE,2908,87.3
ktc,hwang,2024,10862,Dorian Thompson-Robinson,QB,1079,15
ktc,hwang,2024,8131,Isaiah Likely,TE,2998,97.4
ktc,hwang,2024,11632,Malik Nabers,WR,6844,152.2
ktc,hwang,2024,7610,Trey Lance,QB,963,0.4
ktc,hwang,2024,6826,Cole Kmet,TE,2958,95.6
ktc,hwang,2024,7564,Ja'Marr Chase,WR,8538,260.4
ktc,hwang,2024,6111,Jake Browning,QB,1056,-0.2
ktc,hwang,2024,2306,Jameis Winston,QB,1278,131.1
ktc,hwang,2024,11557,Joe Milton,QB,1219,0
ktc,hwang,2024,4046,Patrick Mahomes,QB,9992,282
ktc,hwang,2024,9221,Jahmyr Gibbs,RB,7319,269.9
ktc,hwang,2024,4984,Josh Allen,QB,9975,379
ktc,hwang,2024,7547,Amon-Ra St. Brown,WR,8857,193.5
ktc,hwang,2024,4066,Evan Engram,TE,3738,66
ktc,hwang,2024,8205,Isiah Pacheco,RB,4963,44.9
ktc,hwang,2024,8161,Malik Willis,QB,934,48.1
ktc,hwang,2024,4179,Joshua Dobbs,QB,838,8.1
ktc,hwang,2024,2133,Davante Adams,WR,3960,141.5
ktc,hwang,2024,5854,Drew Lock,QB,958,72.3
ktc,hwang,2024,7527,Mac Jones,QB,941,83.4
ktc,hwang,2024,6943,Gabriel Davis,WR,2294,33.9
ktc,hwang,2024,7538,Zach Wilson,QB,869,0
ktc,hwang,2024,11627,Troy Franklin,WR,2287,37.9
ktc,hwang,2024,7553,Kyle Pitts,TE,5348,105.2
ktc,hwang,2024,5012,Mark Andrews,TE,4957,147.9
ktc,hwang,2024,10859,Sam LaPorta,TE,7603,134.8
ktc,hwang,2024,8130,Trey McBride,TE,6233,178.3
ktc,hwang,2024,10236,Dalton Kincaid,TE,5985,78.8
ktc,hwang,2024,7526,Jaylen Waddle,WR,5988,86.6
ktc,hwang,2024,4034,Christian McCaffrey,RB,7268,32.8
ktc,hwang,2024,11604,Brock Bowers,TE,5765,193.7
ktc,hwang,2024,8112,Drake London,WR,6088,150.1
ktc,hwang,2024,6843,Albert Okwuegbunam,TE,575,0
ktc,hwang,2024,3321,Tyreek Hill,WR,6738,135.2
ktc,hwang,2024,5985,Foster Moreau,TE,613,82.2
ktc,hwang,2024,5973,Josh Oliver,TE,566,52.2
ktc,hwang,2024,8197,Peyton Hendershot,TE,714,4.1
ktc,hwang,2024,9502,Tank Dell,WR,5118,89
ktc,hwang,2025,9221,Jahmyr Gibbs,RB,8736,272.6
ktc,hwang,2025,6813,Jonathan Taylor,RB,5451,312.4
ktc,hwang,2025,8155,Breece Hall,RB,4944,171.7
ktc,hwang,2025,7526,Jaylen Waddle,WR,4486,130.1
ktc,hwang,2025,3294,Dak Prescott,QB,4458,313.1
ktc,hwang,2025,6790,D'Andre Swift,RB,3270,189.8
ktc,hwang,2025,7591,Justin Fields,QB,3634,142.7
ktc,hwang,2025,8144,Chris Olave,WR,4116,168
ktc,hwang,2025,7553,Kyle Pitts,TE,3504,158
ktc,hwang,2025,7611,Rhamondre Stevenson,RB,2487,113.5
ktc,hwang,2025,8121,Romeo Doubs,WR,2421,110.4
ktc,hwang,2025,11630,Roman Wilson,WR,2043,26.6
ktc,hwang,2025,11597,Theo Johnson,TE,2493,105.3
ktc,hwang,2025,12502,Gunnar Helm,TE,2091,69.7
ktc,hwang,2025,8188,Tyquan Thornton,WR,1294,61.8
ktc,hwang,2025,11645,Javon Baker,WR,1344,0
ktc,hwang,2025,11581,MarShawn Lloyd,RB,1883,0
ktc,hwang,2025,11435,Emanuel Wilson,RB,1383,74.7
ktc,hwang,2025,1166,Kirk Cousins,QB,1354,94.3
ktc,hwang,2025,11619,Ja'Lynn Polk,WR,1389,0
ktc,hwang,2025,6865,Colby Parkinson,TE,1428,90.7
ktc,hwang,2025,3286,Demarcus Robinson,WR,950,33.8
ktc,hwang,2025,6943,Gabriel Davis,WR,834,8.8
ktc,hwang,2025,5374,Justin Watson,WR,393,3
ktc,hwang,2025,10216,Kenny McIntosh,RB,695,0
ktc,hwang,2025,10862,Dorian Thompson-Robinson,QB,394,0
ktc,hwang,2025,7083,Tyler Huntley,QB,590,40.1
ktc,hwang,2025,9509,Bijan Robinson,RB,8997,287.5
ktc,hwang,2025,9997,Zay Flowers,WR,4384,131.5
ktc,hwang,2025,7523,Trevor Lawrence,QB,5045,314.9
ktc,hwang,2025,11576,Braelon Allen,RB,3188,13.3
ktc,hwang,2025,4983,D.J. Moore,WR,4254,119.1
ktc,hwang,2025,4018,Joe Mixon,RB,2738,0
ktc,hwang,2025,7090,Darnell Mooney,WR,2789,48.3
ktc,hwang,2025,11625,Adonai Mitchell,WR,2550,54.9
ktc,hwang,2025,9481,Luke Musgrave,TE,2143,37.2
ktc,hwang,2025,6149,Darius Slayton,WR,1561,56.4
ktc,hwang,2025,2374,Tyler Lockett,WR,1412,40.6
ktc,hwang,2025,7561,Elijah Mitchell,RB,1530,0
ktc,hwang,2025,19,Joe Flacco,QB,1567,146.5
ktc,hwang,2025,11617,Malachi Corley,WR,1221,16.8
ktc,hwang,2025,7568,Brevin Jordan,TE,1238,0
ktc,hwang,2025,7601,Rondale Moore,WR,1024,0
ktc,hwang,2025,10234,Derius Davis,WR,813,-1.2
ktc,hwang,2025,6144,Trayveon Williams,RB,457,7.1
ktc,hwang,2025,10857,Stetson Bennett,QB,644,0
ktc,hwang,2025,4034,Christian McCaffrey,RB,5071,308.9
ktc,hwang,2025,3198,Derrick Henry,RB,4799,251.9
ktc,hwang,2025,5045,Courtland Sutton,WR,4112,145.2
ktc,hwang,2025,1373,Geno Smith,QB,3106,173.9
ktc,hwang,2025,9500,Josh Downs,WR,3618,72.8
ktc,hwang,2025,8131,Isaiah Likely,TE,3534,44
ktc,hwang,2025,11575,Ray Davis,RB,2567,30.7
ktc,hwang,2025,7571,Rashod Bateman,WR,2680,36.4
ktc,hwang,2025,7828,Noah Gray,TE,2130,23.8
ktc,hwang,2025,9492,Trey Palmer,WR,1421,0
ktc,hwang,2025,6039,Ty Johnson,RB,1319,58.7
ktc,hwang,2025,6828,AJ Dillon,RB,1101,5.8
ktc,hwang,2025,2306,Jameis Winston,QB,1353,42.3
ktc,hwang,2025,8917,KaVontae Turpin,WR,997,57.8
ktc,hwang,2025,12715,Thomas Fidone,TE,1369,0
ktc,hwang,2025,4080,Zay Jones,WR,879,18.3
ktc,hwang,2025,8118,David Bell,WR,802,0
ktc,hwang,2025,10223,Eric Gray,RB,552,0
ktc,hwang,2025,11256,Tyson Bagent,QB,628,2.6
ktc,hwang,2025,5846,DK Metcalf,WR,4520,128.2
ktc,hwang,2025,5967,Tony Pollard,RB,3220,146.3
ktc,hwang,2025,421,Matthew Stafford,QB,2836,323.7
ktc,hwang,2025,5012,Mark Andrews,TE,3531,104.6
ktc,hwang,2025,8117,Jalen Tolbert,WR,1413,28.3
ktc,hwang,2025,6945,Antonio Gibson,RB,1141,21.2
ktc,hwang,2025,5995,Justice Hill,RB,1563,44.2
ktc,hwang,2025,11306,Xavier Gipson,WR,1069,-3.4
ktc,hwang,2025,6960,Tyler Johnson,WR,978,25.7
ktc,hwang,2025,6290,Scotty Miller,WR,403,5.3
ktc,hwang,2025,11638,Ricky Pearsall,WR,4517,52.6
ktc,hwang,2025,11559,Michael Penix Jr.,QB,4977,120.3
ktc,hwang,2025,8408,Jordan Mason,RB,3154,105.5
ktc,hwang,2025,6768,Tua Tagovailoa,QB,3641,160.7
ktc,hwang,2025,2216,Mike Evans,WR,3772,51.4
ktc,hwang,2025,8154,Brian Robinson,RB,2677,53.6
ktc,hwang,2025,9502,Tank Dell,WR,2388,0
ktc,hwang,2025,6826,Cole Kmet,TE,2383,59.1
ktc,hwang,2025,11603,AJ Barner,TE,1996,118.9
ktc,hwang,2025,8119,Jahan Dotson,WR,1311,28.2
ktc,hwang,2025,1426,DeAndre Hopkins,WR,1589,45
ktc,hwang,2025,4098,Kareem Hunt,RB,1358,123.9
ktc,hwang,2025,8162,Sam Howell,QB,1291,0
ktc,hwang,2025,9479,Darnell Washington,TE,1610,57.9
ktc,hwang,2025,7565,Terrace Marshall,WR,851,0
ktc,hwang,2025,6920,Isaiah Hodgins,WR,846,17.5
ktc,hwang,2025,8151,Kenneth Walker III,RB,4845,147.6
ktc,hwang,2025,11589,Trey Benson,RB,3154,22.4
ktc,hwang,2025,5848,Marquise Brown,WR,2072,82.3
ktc,hwang,2025,4082,Curtis Samuel,WR,1238,14.1
ktc,hwang,2025,7567,Kenneth Gainwell,RB,1288,134.9
ktc,hwang,2025,8161,Malik Willis,QB,1417,51.2
ktc,hwang,2025,8172,Greg Dulcich,TE,1321,45.2
ktc,hwang,2025,5917,Mecole Hardman,WR,847,-2
ktc,hwang,2025,8114,Erik Ezukanma,WR,588,0
ktc,hwang,2025,6111,Jake Browning,QB,811,48.7
ktc,hwang,2025,11618,Jalen McMillan,WR,2683,16.8
ktc,hwang,2025,8126,Wan'Dale Robinson,WR,2286,125.9
ktc,hwang,2025,4144,Jonnu Smith,TE,2439,65.3
ktc,hwang,2025,6151,Miles Sanders,RB,1524,18.7
ktc,hwang,2025,5937,Diontae Johnson,WR,1065,0
ktc,hwang,2025,7694,Tommy Tremble,TE,1409,39.1
ktc,hwang,2025,2197,Brandin Cooks,WR,949,27.9
ktc,hwang,2025,5938,Lil'Jordan Humphrey,WR,458,21.6
ktc,hwang,2025,6806,J.K. Dobbins,RB,2891,104.9
ktc,hwang,2025,9501,Demario Douglas,WR,2552,61.9
ktc,hwang,2025,9754,Quentin Johnston,WR,2198,120.2
ktc,hwang,2025,9482,Michael Mayer,TE,2210,50.1
ktc,hwang,2025,11640,Jermaine Burton,WR,1598,0
ktc,hwang,2025,8129,Dameon Pierce,RB,1705,2.6
ktc,hwang,2025,8160,Kenny Pickett,QB,1155,8.7
ktc,hwang,2025,11629,Devontez Walker,WR,1252,21
ktc,hwang,2025,4171,Josh Reynolds,WR,1056,12.1
ktc,hwang,2025,8204,Bo Melton,WR,805,20.2
ktc,hwang,2025,8150,Kyren Williams,RB,5397,219.2
ktc,hwang,2025,3163,Jared Goff,QB,4482,281.8
ktc,hwang,2025,4039,Cooper Kupp,WR,2683,66.4
ktc,hwang,2025,7608,Khalil Herbert,RB,1077,1
ktc,hwang,2025,11557,Joe Milton,QB,1885,5.1
ktc,hwang,2025,5185,Allen Lazard,WR,856,13
ktc,hwang,2025,7595,Tylan Wallace,WR,606,10.5
ktc,hwang,2025,8254,Julius Chestnut,RB,624,4
ktc,hwang,2025,4972,Mason Rudolph,QB,720,15
ktc,hwang,2025,4950,Christian Kirk,WR,2279,30.2
ktc,hwang,2025,7600,Pat Freiermuth,TE,2630,86.5
ktc,hwang,2025,4234,Noah Brown,WR,1159,8.3
ktc,hwang,2025,7527,Mac Jones,QB,1222,130
ktc,hwang,2025,8225,Daniel Bellinger,TE,1480,39.3
ktc,hwang,2025,9228,Bryce Young,QB,4832,201.5
ktc,hwang,2025,9508,Tyjae Spears,RB,2804,64
ktc,hwang,2025,5001,Dalton Schultz,TE,2221,127.4
ktc,hwang,2025,4454,Kendrick Bourne,WR,1017,55.1
ktc,hwang,2025,5133,Tyler Conklin,TE,1450,12.7
ktc,hwang,2025,10867,Jake Bobo,WR,990,2
ktc,hwang,2025,12493,Oronde Gadsden,TE,2208,103.6
ktc,hwang,2025,7496,Nick Westbrook-Ikhine,WR,1242,8.9
ktc,hwang,2025,7610,Trey Lance,QB,1141,5.2
ktc,hwang,2025,9490,Tyler Scott,WR,784,0
ktc,hwang,2025,8123,Hassan Haskins,RB,691,5.7
ktc,hwang,2025,4943,Sam Darnold,QB,3397,226.6
ktc,hwang,2025,6783,Jerry Jeudy,WR,3735,68.5
ktc,hwang,2025,10444,Cedric Tillman,WR,2704,36.7
ktc,hwang,2025,8167,Christian Watson,WR,2120,97.4
ktc,hwang,2025,3214,Hunter Henry,TE,2282,140.7
ktc,hwang,2025,9497,Jalin Hyatt,WR,1516,3.5
ktc,hwang,2025,2309,Amari Cooper,WR,1155,0
ktc,hwang,2025,6805,KJ Hamler,WR,907,0
ktc,hwang,2025,9495,Rakim Jarrett,WR,549,0
ktc,hwang,2025,8135,Treylon Burks,WR,605,17.8
ktc,hwang,2025,7562,Tutu Atwell,WR,1521,23.3
ktc,hwang,2025,8168,Skyy Moore,WR,823,9.8
ktc,hwang,2025,1339,Zach Ertz,TE,2228,101.4
ktc,hwang,2025,4993,Mike Gesicki,TE,2153,54.4
ktc,hwang,2025,4040,JuJu Smith-Schuster,WR,928,39.2
ktc,hwang,2025,5906,Dawson Knox,TE,1922,76.3
ktc,hwang,2025,7588,Javonte Williams,RB,2764,207.8
ktc,hwang,2025,5113,Cedrick Wilson,WR,418,4.4
ktc,hwang,2025,11439,Jaleel McLaughlin,RB,1596,21.6
ktc,hwang,2025,11595,Jared Wiley,TE,1402,0.9
ktc,hwang,2025,6820,Clyde Edwards-Helaire,RB,569,2.2
ktc,hwang,2025,8147,John Metchie,WR,1671,36.9
ktc,hwang,2025,6824,Donovan Peoples-Jones,WR,730,0
ktc,hwang,2025,11621,Brenden Rice,WR,975,0
ktc,hwang,2025,11626,Xavier Legette,WR,2794,52.1
ktc,hwang,2025,7002,Juwan Johnson,TE,1915,135.8
ktc,hwang,2025,3271,Tyler Higbee,TE,1567,41
ktc,hwang,2025,7593,Trey Sermon,RB,785,0
ktc,hwang,2025,10218,Xavier Hutchinson,WR,1234,54.6
ktc,hwang,2025,4351,Tim Patrick,WR,809,36.3
ktc,hwang,2025,9487,Parker Washington,WR,1582,112
ktc,hwang,2025,8142,Alec Pierce,WR,2077,111.1
ktc,hwang,2025,6130,Devin Singletary,RB,1221,80.2
ktc,hwang,2025,10231,Elijah Higgins,TE,1409,38.8
ktc,hwang,2025,11573,Frank Gore Jr.,RB,1021,0
ktc,hwang,2025,10225,Jonathan Mingo,WR,1108,2.5
ktc,hwang,2025,3321,Tyreek Hill,WR,3684,32.5
ktc,hwang,2025,7066,K.J. Osborn,WR,932,0
ktc,hwang,2025,10863,A.T. Perry,WR,865,0
ktc,hwang,2025,9227,Israel Abanikanda,RB,1059,0
ktc,hwang,2025,5086,Marquez Valdes-Scantling,WR,758,14.6
ktc,hwang,2025,6271,Olamide Zaccheaus,WR,995,45.8
ktc,hwang,2025,7596,Elijah Moore,WR,1668,19.6
ktc,hwang,2025,8208,Tyler Badie,RB,754,13.8
ktc,hwang,2025,11627,Troy Franklin,WR,2276,112.1
ktc,hwang,2025,11579,Audric Estime,RB,1599,25.5
ktc,hwang,2025,5970,Greg Dortch,WR,1128,46.1
ktc,hwang,2025,6011,Gardner Minshew,QB,862,-0.3
ktc,hwang,2025,6845,Zack Moss,RB,524,0
ktc,hwang,2025,8116,Pierre Strong Jr.,RB,749,0
ktc,hwang,2025,11636,Johnny Wilson,WR,951,0
ktc,hwang,2025,6853,Van Jefferson,WR,858,41
ktc,hwang,2025,7564,Ja'Marr Chase,WR,9999,173
ktc,hwang,2025,6797,Justin Herbert,QB,6281,286.9
ktc,hwang,2025,9753,Zach Charbonnet,RB,3557,145.7
ktc,hwang,2025,9225,Tank Bigsby,RB,3102,34.2
ktc,hwang,2025,11637,Keon Coleman,WR,3447,57.5
ktc,hwang,2025,9494,Marvin Mims,WR,2963,55
ktc,hwang,2025,8228,Jaylen Warren,RB,2988,167.2
ktc,hwang,2025,5872,Deebo Samuel,WR,2964,114.1
ktc,hwang,2025,11600,Ja'Tavion Sanders,TE,2701,39.5
ktc,hwang,2025,4663,Austin Ekeler,RB,2195,8.1
ktc,hwang,2025,5987,Alexander Mattison,RB,841,0
ktc,hwang,2025,6938,Cam Akers,RB,933,7.2
ktc,hwang,2025,3202,Austin Hooper,TE,443,47.8
ktc,hwang,2025,5892,David Montgomery,RB,3448,137.4
ktc,hwang,2025,5849,Kyler Murray,QB,5054,77.8
ktc,hwang,2025,4137,James Conner,RB,3365,25.3
ktc,hwang,2025,6803,Brandon Aiyuk,WR,3294,0
ktc,hwang,2025,5022,Dallas Goedert,TE,2816,155.1
ktc,hwang,2025,9506,Sean Tucker,RB,2075,83.8
ktc,hwang,2025,11199,Emari Demercado,RB,933,39.6
ktc,hwang,2025,8127,Charlie Kolar,TE,727,31.2
ktc,hwang,2025,11563,Bo Nix,QB,6423,294.3
ktc,hwang,2025,4035,Alvin Kamara,RB,3713,67.7
ktc,hwang,2025,5870,Daniel Jones,QB,2655,226.4
ktc,hwang,2025,6819,Michael Pittman,WR,3108,121.3
ktc,hwang,2025,8210,Chigoziem Okonkwo,TE,2630,94.8
ktc,hwang,2025,11586,Blake Corum,RB,2267,107.3
ktc,hwang,2025,11610,Malik Washington,WR,1826,61.9
ktc,hwang,2025,7607,Michael Carter,RB,864,62.1
ktc,hwang,2025,8139,Zamir White,RB,993,4.6
ktc,hwang,2025,6794,Justin Jefferson,WR,9072,107.1
ktc,hwang,2025,4892,Baker Mayfield,QB,5371,258.7
ktc,hwang,2025,8205,Isiah Pacheco,RB,3390,68.3
ktc,hwang,2025,4037,Chris Godwin,WR,3152,49.2
ktc,hwang,2025,2449,Stefon Diggs,WR,2948,121
ktc,hwang,2025,8111,Cade Otton,TE,2843,73.8
ktc,hwang,2025,4988,Nick Chubb,RB,1943,75.3
ktc,hwang,2025,11650,Luke McCaffrey,WR,1734,40.3
ktc,hwang,2025,11599,Cade Stover,TE,1634,12.5
ktc,hwang,2025,6850,Harrison Bryant,TE,942,1.7
ktc,hwang,2025,11564,Drake Maye,QB,6415,335.2
ktc,hwang,2025,7594,Chuba Hubbard,RB,4250,93.7
ktc,hwang,2025,7049,Jauan Jennings,WR,2979,114.8
ktc,hwang,2025,9511,Keaton Mitchell,RB,2385,46.2
ktc,hwang,2025,1689,Adam Thielen,WR,1804,16.3
ktc,hwang,2025,10235,Roschon Johnson,RB,1979,1.7
ktc,hwang,2025,8180,Jalen Nailor,WR,1685,66.8
ktc,hwang,2025,5985,Foster Moreau,TE,563,9.4
ktc,hwang,2025,5947,Jakobi Meyers,WR,3195,96.4
ktc,hwang,2025,8676,Rashid Shaheed,WR,2856,97.4
ktc,hwang,2025,11577,Will Shipley,RB,2090,7.2
ktc,hwang,2025,5857,Noah Fant,TE,1800,58.8
ktc,hwang,2025,9505,Deuce Vaughn,RB,1011,0
ktc,hwang,2025,4199,Aaron Jones,RB,2974,90.7
ktc,hwang,2025,8136,Rachaad White,RB,2444,98.9
ktc,hwang,2025,8230,Ty Chandler,RB,923,2.4
ktc,hwang,2025,10219,Chris Rodriguez,RB,2174,74.7
ktc,hwang,2025,5973,Josh Oliver,TE,448,43.6
ktc,hwang,2025,9504,Kayshon Boutte,WR,1842,88.7
ktc,hwang,2025,2505,Darren Waller,TE,1666,76.7
ktc,hwang,2025,8219,Jelani Woods,TE,687,0.9
ktc,hwang,2025,11583,Jonathon Brooks,RB,2239,0
ktc,hwang,2025,9229,Anthony Richardson,QB,2575,1.2
ktc,hwang,2025,8134,Khalil Shakir,WR,3273,94.4
ktc,hwang,2025,11596,Ben Sinnott,TE,2686,21.6
ktc,hwang,2025,7021,Rico Dowdle,RB,2007,176.3
ktc,hwang,2025,8125,Calvin Austin III,WR,1698,43.7
ktc,hwang,2025,7543,Travis Etienne,RB,3022,214.1
ktc,hwang,2025,8143,Jerome Ford,RB,2212,17.6
ktc,hwang,2025,11370,Chris Brooks,RB,799,13.6
ktc,hwang,2025,10222,Jayden Reed,WR,3360,29.5
ktc,hwang,2025,4981,Calvin Ridley,WR,3384,30.3
ktc,hwang,2025,7587,Dyami Brown,WR,1769,28.9
ktc,hwang,2025,9757,Kendre Miller,RB,2050,28.3
ktc,hwang,2025,6126,Irv Smith,TE,634,0
ktc,hwang,2025,10871,Luke Schoonmaker,TE,1667,18.5
ktc,hwang,2025,2749,Raheem Mostert,RB,1006,17.4
ktc,hwang,2025,4147,Samaje Perine,RB,892,55.7
ktc,hwang,2025,4381,Taysom Hill,TE,944,31.6
ktc,hwang,2025,6770,Joe Burrow,QB,8281,113.3
ktc,hwang,2025,6804,Jordan Love,QB,5786,235.1
ktc,hwang,2025,8138,James Cook,RB,5020,267.7
ktc,hwang,2025,10229,Rashee Rice,WR,5069,97.1
ktc,hwang,2025,4033,David Njoku,TE,3621,69.8
ktc,hwang,2025,8137,George Pickens,WR,4605,198
ktc,hwang,2025,11592,Erick All,TE,1623,0
ktc,hwang,2025,4046,Patrick Mahomes,QB,6463,284.7
ktc,hwang,2025,11560,Caleb Williams,QB,5965,299.6
ktc,hwang,2025,11620,Rome Odunze,WR,5078,102.1
ktc,hwang,2025,9484,Tucker Kraft,TE,3998,101.2
ktc,hwang,2025,7528,Najee Harris,RB,2455,8.6
ktc,hwang,2025,1479,Keenan Allen,WR,1889,98.1
ktc,hwang,2025,9758,C.J. Stroud,QB,6211,191.3
ktc,hwang,2025,5844,T.J. Hockenson,TE,4196,87.3
ktc,hwang,2025,12506,Harold Fannin,TE,2922,150.4
ktc,hwang,2025,5927,Terry McLaurin,WR,4574,70.5
ktc,hwang,2025,11643,Jaylen Wright,RB,2481,41.2
ktc,hwang,2025,6904,Jalen Hurts,QB,7677,299.1
ktc,hwang,2025,7525,DeVonta Smith,WR,4971,119.6
ktc,hwang,2025,11562,Spencer Rattler,QB,1915,98.1
ktc,hwang,2025,6801,Tee Higgins,WR,5459,139.9
ktc,hwang,2025,9756,Jordan Addison,WR,4543,92.3
ktc,hwang,2025,8148,Jameson Williams,WR,4988,147.5
ktc,hwang,2025,9486,Dontayvion Wicks,WR,1968,45.8
ktc,hwang,2025,1234,Russell Wilson,QB,2001,49.8
ktc,hwang,2025,8132,Tyler Allgeier,RB,2458,107.1
ktc,hwang,2025,10232,Michael Wilson,WR,1947,126.7
ktc,hwang,2025,96,Aaron Rodgers,QB,1899,208.3
ktc,hwang,2025,9224,Chase Brown,RB,5526,198.6
ktc,hwang,2025,11584,Bucky Irving,RB,6088,98.7
ktc,hwang,2025,8183,Brock Purdy,QB,5515,172.2
ktc,hwang,2025,4881,Lamar Jackson,QB,9792,194.4
ktc,hwang,2025,11565,J.J. McCarthy,QB,5429,117.4
ktc,hwang,2025,8146,Garrett Wilson,WR,5761,63.5
ktc,hwang,2025,12487,Terrance Ferguson,TE,3031,46.6
ktc,hwang,2025,5859,A.J. Brown,WR,5791,142.3
ktc,hwang,2025,7547,Amon-Ra St. Brown,WR,7362,193.1
ktc,hwang,2025,9493,Puka Nacua,WR,7186,230
ktc,hwang,2025,8112,Drake London,WR,6784,120.1
ktc,hwang,2025,8110,Jake Ferguson,TE,3386,146.1
ktc,hwang,2025,12521,Elijah Arroyo,TE,3309,29.4
ktc,hwang,2025,1837,Jimmy Garoppolo,QB,887,-0.7
ktc,hwang,2025,5854,Drew Lock,QB,904,0.1
ktc,hwang,2025,7569,Nico Collins,WR,6652,155.2
ktc,hwang,2025,6786,CeeDee Lamb,WR,8291,125.5
ktc,hwang,2025,12498,Mason Taylor,TE,3379,66.9
ktc,hwang,2025,11631,Brian Thomas Jr.,WR,7673,85.9
ktc,hwang,2025,4066,Evan Engram,TE,3398,71.8
ktc,hwang,2025,10214,Davis Allen,TE,1156,50.8
ktc,hwang,2025,7538,Zach Wilson,QB,975,1.4
ktc,hwang,2025,9999,Will Levis,QB,1047,0
ktc,hwang,2025,10866,Aidan O'Connell,QB,972,0
ktc,hwang,2025,1466,Travis Kelce,TE,3232,152.5
ktc,hwang,2025,9998,Hendon Hooker,QB,874,0
ktc,hwang,2025,9480,Brenton Strange,TE,3223,80.8
ktc,hwang,2025,4984,Josh Allen,QB,9992,364.6
ktc,hwang,2025,5850,Josh Jacobs,RB,4992,201.1
ktc,hwang,2025,4866,Saquon Barkley,RB,6422,195.3
ktc,hwang,2025,11566,Jayden Daniels,QB,9891,114.3
ktc,hwang,2025,11632,Malik Nabers,WR,8671,39.1
ktc,hwang,2025,10236,Dalton Kincaid,TE,3547,100.3
ktc,hwang,2025,2133,Davante Adams,WR,3493,162.9
ktc,hwang,2025,10213,Tre Tucker,WR,1863,101.3
ktc,hwang,2025,10226,Andrei Iosivas,WR,1877,55.9
ktc,hwang,2025,12517,Colston Loveland,TE,5134,116
ktc,hwang,2025,4217,George Kittle,TE,5043,127.6
ktc,hwang,2025,8130,Trey McBride,TE,7315,242.9
ktc,hwang,2025,11604,Brock Bowers,TE,9094,144.2
ktc,hwang,2025,12518,Tyler Warren,TE,5734,145.4
ktc,hwang,2025,11628,Marvin Harrison Jr.,WR,6278,86.8
ktc,hwang,2025,9226,De'Von Achane,RB,6247,255.8
ktc,hwang,2025,11635,Ladd McConkey,WR,6391,114.9
ktc,hwang,2025,9488,Jaxon Smith-Njigba,WR,6397,232.5
ktc,hwang,2025,5010,Will Dissly,TE,1123,14.1
ktc,hwang,2025,10859,Sam LaPorta,TE,5490,86.9
ktc,hwang,2025,7891,Brock Wright,TE,1060,29.8
ktc,hwang,2025,8145,Jeremy Ruckert,TE,1092,35.4
ktc,hwang,2025,8177,Grant Calcaterra,TE,1151,9
ktc,hwang,2025,11624,Xavier Worthy,WR,4694,67.9
ktc,regular,2021,4034,Christian McCaffrey,RB,9608,109
ktc,regular,2021,4988,Nick Chubb,RB,6441,198.8
ktc,regular,2021,4663,Austin Ekeler,RB,5923,282.4
ktc,regular,2021,6814,Laviska Shenault,WR,4507,86.8
ktc,regular,2021,4017,Deshaun Watson,QB,4236,0
ktc,regular,2021,6806,J.K. Dobbins,RB,4568,0
ktc,regular,2021,1166,Kirk Cousins,QB,3272,278.4
ktc,regular,2021,1352,Robert Woods,WR,4277,114.7
ktc,regular,2021,6826,Cole Kmet,TE,2898,112.4
ktc,regular,2021,4149,Jamaal Williams,RB,2568,101.1
ktc,regular,2021,6824,Donovan Peoples-Jones,WR,1771,87.4
ktc,regular,2021,2319,DeVante Parker,WR,2162,81.3
ktc,regular,2021,5010,Will Dissly,TE,665,50.1
ktc,regular,2021,5008,Durham Smythe,TE,0,64.8
ktc,regular,2021,7066,K.J. Osborn,WR,0,124.9
ktc,regular,2021,5374,Justin Watson,WR,0,0
ktc,regular,2021,4147,Samaje Perine,RB,504,69.7
ktc,regular,2021,7720,Kene Nwangwu,RB,369,20.6
ktc,regular,2021,827,Tyrod Taylor,QB,1280,81.7
ktc,regular,2021,5137,Richie James,WR,0,0
ktc,regular,2021,6865,Colby Parkinson,TE,0,4.9
ktc,regular,2021,4080,Zay Jones,WR,0,77.2
ktc,regular,2021,7049,Jauan Jennings,WR,0,45.8
ktc,regular,2021,6598,Trenton Irwin,WR,0,3
ktc,regular,2021,7021,Rico Dowdle,RB,0,0
ktc,regular,2021,19,Joe Flacco,QB,0,23.8
ktc,regular,2021,7083,Tyler Huntley,QB,0,75.8
ktc,regular,2021,6768,Tua Tagovailoa,QB,5065,168.8
ktc,regular,2021,6151,Miles Sanders,RB,4583,104.2
ktc,regular,2021,4943,Sam Darnold,QB,3497,142.6
ktc,regular,2021,5872,Deebo Samuel,WR,3931,273.5
ktc,regular,2021,7567,Kenneth Gainwell,RB,2632,90.2
ktc,regular,2021,6805,KJ Hamler,WR,1945,9.9
ktc,regular,2021,7535,Hunter Long,TE,768,1.8
ktc,regular,2021,5121,Braxton Berrios,WR,0,98.1
ktc,regular,2021,5970,Greg Dortch,WR,0,3.9
ktc,regular,2021,6694,D'Ernest Johnson,RB,0,74.8
ktc,regular,2021,1373,Geno Smith,QB,0,54.3
ktc,regular,2021,5133,Tyler Conklin,TE,0,135.7
ktc,regular,2021,7496,Nick Westbrook-Ikhine,WR,0,72.8
ktc,regular,2021,7529,Gary Brightwell,RB,0,1.5
ktc,regular,2021,4464,Nick Mullens,QB,0,9.9
ktc,regular,2021,5045,Courtland Sutton,WR,4184,118.8
ktc,regular,2021,4098,Kareem Hunt,RB,3860,99
ktc,regular,2021,5870,Daniel Jones,QB,3037,167
ktc,regular,2021,7565,Terrace Marshall,WR,4245,24.3
ktc,regular,2021,2749,Raheem Mostert,RB,3007,2
ktc,regular,2021,7606,Kadarius Toney,WR,2522,62.9
ktc,regular,2021,7670,Josh Palmer,WR,2346,63.9
ktc,regular,2021,7568,Brevin Jordan,TE,1074,55.8
ktc,regular,2021,4054,Mo Alie-Cox,TE,578,74.9
ktc,regular,2021,7713,Jaelon Darden,WR,848,8.4
ktc,regular,2021,7757,Ben Skowronek,WR,0,18.8
ktc,regular,2021,4234,Noah Brown,WR,0,26.4
ktc,regular,2021,7551,Deon Jackson,RB,0,9.1
ktc,regular,2021,4029,Dalvin Cook,RB,7347,180.6
ktc,regular,2021,6945,Antonio Gibson,RB,6789,186.5
ktc,regular,2021,2306,Jameis Winston,QB,3589,117.4
ktc,regular,2021,7571,Rashod Bateman,WR,3967,77.3
ktc,regular,2021,3271,Tyler Higbee,TE,2976,123.5
ktc,regular,2021,6845,Zack Moss,RB,2833,91.3
ktc,regular,2021,5917,Mecole Hardman,WR,2437,96.1
ktc,regular,2021,7562,Tutu Atwell,WR,1521,0
ktc,regular,2021,6074,Donald Parham,TE,1099,59
ktc,regular,2021,6001,Drew Sample,TE,487,17.3
ktc,regular,2021,6144,Trayveon Williams,RB,223,1.3
ktc,regular,2021,4111,D'Onta Foreman,RB,0,80.5
ktc,regular,2021,2307,Marcus Mariota,QB,933,12.4
ktc,regular,2021,3634,Kalif Raymond,WR,0,89
ktc,regular,2021,6659,Craig Reynolds,RB,0,31.5
ktc,regular,2021,3198,Derrick Henry,RB,6290,184.3
ktc,regular,2021,4892,Baker Mayfield,QB,4980,180.9
ktc,regular,2021,6804,Jordan Love,QB,3127,13.9
ktc,regular,2021,5985,Foster Moreau,TE,436,78.3
ktc,regular,2021,4351,Tim Patrick,WR,814,117.4
ktc,regular,2021,7045,Joshua Kelley,RB,632,14.5
ktc,regular,2021,7716,John Bates,TE,0,49.4
ktc,regular,2021,5089,Mike White,QB,0,44
ktc,regular,2021,7543,Travis Etienne,RB,4386,0
ktc,regular,2021,4144,Jonnu Smith,TE,3122,66.9
ktc,regular,2021,7587,Dyami Brown,WR,2831,22.1
ktc,regular,2021,2325,Nelson Agholor,WR,1508,82.1
ktc,regular,2021,7694,Tommy Tremble,TE,1225,50
ktc,regular,2021,6843,Albert Okwuegbunam,TE,567,76
ktc,regular,2021,4198,Jamal Agnew,WR,0,70
ktc,regular,2021,6290,Scotty Miller,WR,733,4.9
ktc,regular,2021,3257,Jacoby Brissett,QB,0,72.3
ktc,regular,2021,5973,Josh Oliver,TE,0,14.5
ktc,regular,2021,6820,Clyde Edwards-Helaire,RB,5948,108.1
ktc,regular,2021,6904,Jalen Hurts,QB,4760,312.2
ktc,regular,2021,2028,Derek Carr,QB,3261,241.6
ktc,regular,2021,5967,Tony Pollard,RB,2864,143.1
ktc,regular,2021,5695,Brandon Powell,WR,0,6
ktc,regular,2021,2711,Taylor Heinicke,QB,1035,217.3
ktc,regular,2021,4179,Joshua Dobbs,QB,0,0
ktc,regular,2021,3199,Michael Thomas,WR,4034,0
ktc,regular,2021,6149,Darius Slayton,WR,1559,45.7
ktc,regular,2021,7002,Juwan Johnson,TE,1105,45.4
ktc,regular,2021,7602,Kylen Granson,TE,609,21.6
ktc,regular,2021,4274,David Moore,WR,291,0
ktc,regular,2021,5995,Justice Hill,RB,507,0
ktc,regular,2021,6011,Gardner Minshew,QB,1077,19.2
ktc,regular,2021,4197,Isaiah McKenzie,WR,0,40.1
ktc,regular,2021,4972,Mason Rudolph,QB,0,18.4
ktc,regular,2021,5937,Diontae Johnson,WR,4681,212.3
ktc,regular,2021,6853,Van Jefferson,WR,1518,139.1
ktc,regular,2021,6136,Jarrett Stidham,QB,0,0
ktc,regular,2021,7607,Michael Carter,RB,3298,134.5
ktc,regular,2021,6943,Gabriel Davis,WR,2855,103
ktc,regular,2021,6111,Jake Browning,QB,0,0
ktc,regular,2021,5248,Gus Edwards,RB,3753,0
ktc,regular,2021,5880,Parris Campbell,WR,2260,27.2
ktc,regular,2021,5323,Equanimeous St. Brown,WR,180,12.5
ktc,regular,2021,3164,Ezekiel Elliott,RB,5770,219.1
ktc,regular,2021,4454,Kendrick Bourne,WR,627,148.3
ktc,regular,2021,4973,Hayden Hurst,TE,935,59.8
ktc,regular,2021,3976,Mitchell Trubisky,QB,354,7.8
ktc,regular,2021,5409,Tanner Hudson,TE,0,0
ktc,regular,2021,6849,Denzel Mims,WR,1680,17.3
ktc,regular,2021,7611,Rhamondre Stevenson,RB,3086,103.8
ktc,regular,2021,7569,Nico Collins,WR,2502,58.9
ktc,regular,2021,4950,Christian Kirk,WR,1585,163.8
ktc,regular,2021,6271,Olamide Zaccheaus,WR,744,68.1
ktc,regular,2021,6920,Isaiah Hodgins,WR,67,0
ktc,regular,2021,2374,Tyler Lockett,WR,4375,180.4
ktc,regular,2021,7601,Rondale Moore,WR,3841,82.1
ktc,regular,2021,5113,Cedrick Wilson,WR,0,98.9
ktc,regular,2021,6847,Devin Duvernay,WR,772,66.5
ktc,regular,2021,1535,Cordarrelle Patterson,RB,175,206.9
ktc,regular,2021,5938,Lil'Jordan Humphrey,WR,0,40.3
ktc,regular,2021,2161,Jerick McKinnon,RB,572,16.9
ktc,regular,2021,7596,Elijah Moore,WR,4416,116.7
ktc,regular,2021,7547,Amon-Ra St. Brown,WR,2848,160.2
ktc,regular,2021,6927,Quez Watkins,WR,1571,77.6
ktc,regular,2021,4995,Ian Thomas,TE,324,36.8
ktc,regular,2021,3321,Tyreek Hill,WR,7330,240.3
ktc,regular,2021,7523,Trevor Lawrence,QB,7137,180.4
ktc,regular,2021,5892,David Montgomery,RB,5028,165.1
ktc,regular,2021,5850,Josh Jacobs,RB,4757,177.6
ktc,regular,2021,1837,Jimmy Garoppolo,QB,1763,214.8
ktc,regular,2021,2078,Odell Beckham,WR,3278,104.3
ktc,regular,2021,4082,Curtis Samuel,WR,3336,6.8
ktc,regular,2021,1689,Adam Thielen,WR,3251,166.3
ktc,regular,2021,4381,Taysom Hill,TE,1425,111.6
ktc,regular,2021,4137,James Conner,RB,1645,214.9
ktc,regular,2021,7794,Chris Evans,RB,1371,28.4
ktc,regular,2021,5185,Allen Lazard,WR,1113,100.5
ktc,regular,2021,7559,Ihmir Smith-Marsette,WR,854,8.3
ktc,regular,2021,421,Matthew Stafford,QB,5214,312.2
ktc,regular,2021,3163,Jared Goff,QB,2945,177
ktc,regular,2021,4951,D.J. Chark,WR,3435,30.9
ktc,regular,2021,4068,Mike Williams,WR,3099,186.2
ktc,regular,2021,6039,Ty Johnson,RB,1593,100.1
ktc,regular,2021,5284,Jeffery Wilson,RB,800,48
ktc,regular,2021,6794,Justin Jefferson,WR,7886,256.8
ktc,regular,2021,7588,Javonte Williams,RB,5745,176
ktc,regular,2021,7593,Trey Sermon,RB,4664,26.8
ktc,regular,2021,6828,AJ Dillon,RB,3689,161.4
ktc,regular,2021,4033,David Njoku,TE,1328,104.5
ktc,regular,2021,6421,Jalen Guyton,WR,1043,73.5
ktc,regular,2021,5000,Chase Edmonds,RB,3404,121.8
ktc,regular,2021,5001,Dalton Schultz,TE,1401,191.7
ktc,regular,2021,5987,Alexander Mattison,RB,1977,107.3
ktc,regular,2021,6951,Eno Benjamin,RB,669,17.4
ktc,regular,2021,6234,Deonte Harty,WR,1031,90.3
ktc,regular,2021,1234,Russell Wilson,QB,6545,218.8
ktc,regular,2021,4018,Joe Mixon,RB,5465,266.9
ktc,regular,2021,6989,Marquez Callaway,WR,3364,128.8
ktc,regular,2021,5980,Myles Gaskin,RB,3590,146.6
ktc,regular,2021,5848,Marquise Brown,WR,3006,176.6
ktc,regular,2021,5906,Dawson Knox,TE,1333,155.8
ktc,regular,2021,5122,Boston Scott,RB,1106,92.1
ktc,regular,2021,6931,DeeJay Dallas,RB,809,49.5
ktc,regular,2021,7527,Mac Jones,QB,5168,214.1
ktc,regular,2021,6955,James Robinson,RB,4620,158.4
ktc,regular,2021,5947,Jakobi Meyers,WR,3318,137.8
ktc,regular,2021,1339,Zach Ertz,TE,1381,165.3
ktc,regular,2021,4985,Rashaad Penny,RB,1426,93.7
ktc,regular,2021,2197,Brandin Cooks,WR,3228,182.7
ktc,regular,2021,6918,Salvon Ahmed,RB,1411,32.6
ktc,regular,2021,6885,Ke'Shawn Vaughn,RB,867,23.5
ktc,regular,2021,7591,Justin Fields,QB,6536,126.8
ktc,regular,2021,7533,Anthony Schwartz,WR,1000,26.3
ktc,regular,2021,6819,Michael Pittman,WR,3602,177.2
ktc,regular,2021,4171,Josh Reynolds,WR,1021,64.5
ktc,regular,2021,6938,Cam Akers,RB,3508,0
ktc,regular,2021,3225,Tyler Boyd,WR,3637,150.3
ktc,regular,2021,7090,Darnell Mooney,WR,3639,160.6
ktc,regular,2021,5038,Michael Gallup,WR,3433,74
ktc,regular,2021,7608,Khalil Herbert,RB,1589,70.8
ktc,regular,2021,7561,Elijah Mitchell,RB,1486,147
ktc,regular,2021,3286,Demarcus Robinson,WR,860,53.5
ktc,regular,2021,3294,Dak Prescott,QB,7435,288.8
ktc,regular,2021,7610,Trey Lance,QB,6497,64.9
ktc,regular,2021,2309,Amari Cooper,WR,5187,158.1
ktc,regular,2021,7600,Pat Freiermuth,TE,3700,140.4
ktc,regular,2021,6130,Devin Singletary,RB,2134,153.6
ktc,regular,2021,6797,Justin Herbert,QB,7966,353.3
ktc,regular,2021,7538,Zach Wilson,QB,5928,142
ktc,regular,2021,4199,Aaron Jones,RB,6260,203
ktc,regular,2021,5857,Noah Fant,TE,4170,156.4
ktc,regular,2021,7594,Chuba Hubbard,RB,2398,112.5
ktc,regular,2021,6960,Tyler Johnson,WR,1363,49.3
ktc,regular,2021,6770,Joe Burrow,QB,6214,314.2
ktc,regular,2021,6886,Chase Claypool,WR,5033,121.6
ktc,regular,2021,5022,Dallas Goedert,TE,3594,165
ktc,regular,2021,7526,Jaylen Waddle,WR,4878,182.6
ktc,regular,2021,7595,Tylan Wallace,WR,1360,3.3
ktc,regular,2021,1479,Keenan Allen,WR,5229,196.6
ktc,regular,2021,7525,DeVonta Smith,WR,4902,148
ktc,regular,2021,5347,Nyheim Hines,RB,2451,89.7
ktc,regular,2021,6801,Tee Higgins,WR,5450,182.1
ktc,regular,2021,7605,Kyle Trask,QB,1379,0
ktc,regular,2021,7585,Davis Mills,QB,1292,129.7
ktc,regular,2021,5854,Drew Lock,QB,1323,29.4
ktc,regular,2021,6850,Harrison Bryant,TE,1582,60.4
ktc,regular,2021,4881,Lamar Jackson,QB,7994,240
ktc,regular,2021,4039,Cooper Kupp,WR,4695,343.9
ktc,regular,2021,6803,Brandon Aiyuk,WR,5456,128.6
ktc,regular,2021,5026,Tre'Quan Smith,WR,1471,55.6
ktc,regular,2021,4866,Saquon Barkley,RB,6843,121.7
ktc,regular,2021,3202,Austin Hooper,TE,1589,92.5
ktc,regular,2021,96,Aaron Rodgers,QB,5366,318.6
ktc,regular,2021,5849,Kyler Murray,QB,8761,283.4
ktc,regular,2021,7528,Najee Harris,RB,7025,256.2
ktc,regular,2021,1049,Ryan Tannehill,QB,5362,241.1
ktc,regular,2021,6783,Jerry Jeudy,WR,5513,62
ktc,regular,2021,4037,Chris Godwin,WR,5499,193.4
ktc,regular,2021,4981,Calvin Ridley,WR,6943,55.6
ktc,regular,2021,6786,CeeDee Lamb,WR,6907,187.8
ktc,regular,2021,2133,Davante Adams,WR,6929,274.3
ktc,regular,2021,6869,Adam Trautman,TE,2232,54.5
ktc,regular,2021,2449,Stefon Diggs,WR,6733,215.4
ktc,regular,2021,6126,Irv Smith,TE,2261,0
ktc,regular,2021,4089,Gerald Everett,TE,1625,114.8
ktc,regular,2021,3214,Hunter Henry,TE,2588,150.7
ktc,regular,2021,4066,Evan Engram,TE,2128,101.1
ktc,regular,2021,5859,A.J. Brown,WR,6946,134.6
ktc,regular,2021,7828,Noah Gray,TE,1643,16.6
ktc,regular,2021,5927,Terry McLaurin,WR,6217,163.7
ktc,regular,2021,4035,Alvin Kamara,RB,7321,194
ktc,regular,2021,4046,Patrick Mahomes,QB,9999,335.5
ktc,regular,2021,4040,JuJu Smith-Schuster,WR,3762,27.3
ktc,regular,2021,4984,Josh Allen,QB,9924,378.7
ktc,regular,2021,5846,DK Metcalf,WR,7239,198.5
ktc,regular,2021,4993,Mike Gesicki,TE,3466,160.8
ktc,regular,2021,5955,Hunter Renfrow,WR,1339,192.7
ktc,regular,2021,6790,D'Andre Swift,RB,6019,165.3
ktc,regular,2021,5086,Marquez Valdes-Scantling,WR,1165,74
ktc,regular,2021,5844,T.J. Hockenson,TE,6022,145.3
ktc,regular,2021,5012,Mark Andrews,TE,5572,284.6
ktc,regular,2021,4217,George Kittle,TE,6990,192
ktc,regular,2021,7553,Kyle Pitts,TE,7142,173.8
ktc,regular,2021,1466,Travis Kelce,TE,7380,249.4
ktc,regular,2021,7564,Ja'Marr Chase,WR,5523,260.5
ktc,regular,2021,4983,D.J. Moore,WR,5548,177.5
ktc,regular,2021,2505,Darren Waller,TE,6821,129.3
ktc,regular,2021,6813,Jonathan Taylor,RB,7300,342.1
ktc,regular,2021,1426,DeAndre Hopkins,WR,5898,126.2
ktc,regular,2021,2216,Mike Evans,WR,4933,201.6
ktc,regular,2022,6813,Jonathan Taylor,RB,8706,132.4
ktc,regular,2022,4018,Joe Mixon,RB,5319,195.4
ktc,regular,2022,3198,Derrick Henry,RB,4752,273
ktc,regular,2022,7547,Amon-Ra St. Brown,WR,4517,206.7
ktc,regular,2022,8160,Kenny Pickett,QB,4129,136
ktc,regular,2022,5892,David Montgomery,RB,3746,158.6
ktc,regular,2022,7585,Davis Mills,QB,3173,159
ktc,regular,2022,6943,Gabriel Davis,WR,4380,142.2
ktc,regular,2022,8131,Isaiah Likely,TE,2748,73
ktc,regular,2022,4098,Kareem Hunt,RB,3180,105
ktc,regular,2022,5185,Allen Lazard,WR,3032,132.7
ktc,regular,2022,1352,Robert Woods,WR,2342,83.2
ktc,regular,2022,8219,Jelani Woods,TE,1446,72.3
ktc,regular,2022,8110,Jake Ferguson,TE,1098,47
ktc,regular,2022,6421,Jalen Guyton,WR,1205,7.4
ktc,regular,2022,5121,Braxton Berrios,WR,994,48.7
ktc,regular,2022,8116,Pierre Strong Jr.,RB,1348,23.7
ktc,regular,2022,8230,Ty Chandler,RB,1273,0
ktc,regular,2022,7605,Kyle Trask,QB,942,0
ktc,regular,2022,6989,Marquez Callaway,WR,1002,29.8
ktc,regular,2022,6865,Colby Parkinson,TE,0,62.5
ktc,regular,2022,8204,Bo Melton,WR,0,0
ktc,regular,2022,6598,Trenton Irwin,WR,0,54
ktc,regular,2022,8235,Samori Toure,WR,0,16.7
ktc,regular,2022,8195,Ronnie Rivers,RB,0,7.5
ktc,regular,2022,4464,Nick Mullens,QB,0,8.3
ktc,regular,2022,4179,Joshua Dobbs,QB,0,10.5
ktc,regular,2022,8155,Breece Hall,RB,5420,105.6
ktc,regular,2022,4035,Alvin Kamara,RB,4859,171.7
ktc,regular,2022,2216,Mike Evans,WR,4534,186.9
ktc,regular,2022,7611,Rhamondre Stevenson,RB,3698,203.9
ktc,regular,2022,2306,Jameis Winston,QB,3239,43.9
ktc,regular,2022,8137,George Pickens,WR,4489,125.8
ktc,regular,2022,8136,Rachaad White,RB,2869,112.6
ktc,regular,2022,5038,Michael Gallup,WR,2854,84.4
ktc,regular,2022,8126,Wan'Dale Robinson,WR,2790,40.1
ktc,regular,2022,4144,Jonnu Smith,TE,1453,52
ktc,regular,2022,6869,Adam Trautman,TE,1137,41.9
ktc,regular,2022,6814,Laviska Shenault,WR,1415,57.8
ktc,regular,2022,7587,Dyami Brown,WR,1107,30.3
ktc,regular,2022,2749,Raheem Mostert,RB,1333,145.7
ktc,regular,2022,1837,Jimmy Garoppolo,QB,1724,164.8
ktc,regular,2022,4171,Josh Reynolds,WR,757,82.8
ktc,regular,2022,5010,Will Dissly,TE,332,86.9
ktc,regular,2022,2325,Nelson Agholor,WR,684,59.7
ktc,regular,2022,6920,Isaiah Hodgins,WR,0,81.7
ktc,regular,2022,6659,Craig Reynolds,RB,0,26.3
ktc,regular,2022,7527,Mac Jones,QB,4214,153.9
ktc,regular,2022,7561,Elijah Mitchell,RB,3930,24.6
ktc,regular,2022,8146,Garrett Wilson,WR,4385,160.8
ktc,regular,2022,8130,Trey McBride,TE,2793,54.4
ktc,regular,2022,7670,Josh Palmer,WR,2566,125.4
ktc,regular,2022,2374,Tyler Lockett,WR,2407,181.9
ktc,regular,2022,4973,Hayden Hurst,TE,1285,104.5
ktc,regular,2022,6849,Denzel Mims,WR,1003,24.1
ktc,regular,2022,8140,Justyn Ross,WR,1142,0
ktc,regular,2022,8150,Kyren Williams,RB,1410,26
ktc,regular,2022,8143,Jerome Ford,RB,1323,1.2
ktc,regular,2022,6234,Deonte Harty,WR,489,0.3
ktc,regular,2022,8800,Malik Davis,RB,0,29.5
ktc,regular,2022,6111,Jake Browning,QB,0,0
ktc,regular,2022,6790,D'Andre Swift,RB,6374,155
ktc,regular,2022,4029,Dalvin Cook,RB,5209,216.1
ktc,regular,2022,4988,Nick Chubb,RB,4771,247.2
ktc,regular,2022,1166,Kirk Cousins,QB,3710,278.6
ktc,regular,2022,3164,Ezekiel Elliott,RB,3694,176.3
ktc,regular,2022,7090,Darnell Mooney,WR,4324,81.5
ktc,regular,2022,6151,Miles Sanders,RB,2791,203.4
ktc,regular,2022,8121,Romeo Doubs,WR,2800,80.6
ktc,regular,2022,5113,Cedrick Wilson,WR,1130,20.4
ktc,regular,2022,4082,Curtis Samuel,WR,1372,144.4
ktc,regular,2022,8221,Keaontay Ingram,RB,1371,14.8
ktc,regular,2022,7595,Tylan Wallace,WR,810,3.6
ktc,regular,2022,8177,Grant Calcaterra,TE,0,13.1
ktc,regular,2022,7559,Ihmir Smith-Marsette,WR,670,-0.1
ktc,regular,2022,8255,Raheem Blackshear,RB,0,37.9
ktc,regular,2022,8159,Desmond Ridder,QB,2669,22.9
ktc,regular,2022,5906,Dawson Knox,TE,3312,126.4
ktc,regular,2022,8117,Jalen Tolbert,WR,2575,2.2
ktc,regular,2022,3202,Austin Hooper,TE,1454,89.6
ktc,regular,2022,4054,Mo Alie-Cox,TE,1042,46.5
ktc,regular,2022,8125,Calvin Austin III,WR,1235,0
ktc,regular,2022,8228,Jaylen Warren,RB,1288,73.5
ktc,regular,2022,8162,Sam Howell,QB,1598,0
ktc,regular,2022,8171,Kyle Philips,WR,630,7.8
ktc,regular,2022,5137,Richie James,WR,0,104
ktc,regular,2022,5938,Lil'Jordan Humphrey,WR,169,3
ktc,regular,2022,8183,Brock Purdy,QB,0,86.4
ktc,regular,2022,6136,Jarrett Stidham,QB,0,28.9
ktc,regular,2022,4068,Mike Williams,WR,4495,139.8
ktc,regular,2022,4981,Calvin Ridley,WR,2656,0
ktc,regular,2022,5947,Jakobi Meyers,WR,2302,136.1
ktc,regular,2022,7694,Tommy Tremble,TE,1409,51.2
ktc,regular,2022,5133,Tyler Conklin,TE,1225,128.2
ktc,regular,2022,6960,Tyler Johnson,WR,964,0
ktc,regular,2022,1373,Geno Smith,QB,1134,290.3
ktc,regular,2022,7562,Tutu Atwell,WR,939,43.4
ktc,regular,2022,4381,Taysom Hill,TE,460,142.3
ktc,regular,2022,7049,Jauan Jennings,WR,761,63.6
ktc,regular,2022,19,Joe Flacco,QB,0,42.7
ktc,regular,2022,5848,Marquise Brown,WR,4522,121.3
ktc,regular,2022,96,Aaron Rodgers,QB,4313,228
ktc,regular,2022,4892,Baker Mayfield,QB,3024,115.9
ktc,regular,2022,6850,Harrison Bryant,TE,1179,57.7
ktc,regular,2022,4080,Zay Jones,WR,1354,153
ktc,regular,2022,4454,Kendrick Bourne,WR,1240,64.3
ktc,regular,2022,7083,Tyler Huntley,QB,1398,50
ktc,regular,2022,5927,Terry McLaurin,WR,4545,175.6
ktc,regular,2022,8161,Malik Willis,QB,3325,19.3
ktc,regular,2022,7828,Noah Gray,TE,1200,67.6
ktc,regular,2022,6927,Quez Watkins,WR,1116,65.6
ktc,regular,2022,7533,Anthony Schwartz,WR,1093,16.8
ktc,regular,2022,6845,Zack Moss,RB,1178,39.4
ktc,regular,2022,8489,Andrew Ogletree,TE,0,0
ktc,regular,2022,8180,Jalen Nailor,WR,0,20.2
ktc,regular,2022,7551,Deon Jackson,RB,0,55.5
ktc,regular,2022,7045,Joshua Kelley,RB,1253,54.9
ktc,regular,2022,5854,Drew Lock,QB,1003,0
ktc,regular,2022,7713,Jaelon Darden,WR,666,3.8
ktc,regular,2022,5695,Brandon Powell,WR,0,33.4
ktc,regular,2022,8253,Deven Thompkins,WR,0,2.1
ktc,regular,2022,6783,Jerry Jeudy,WR,4423,148.9
ktc,regular,2022,3225,Tyler Boyd,WR,2370,138.4
ktc,regular,2022,6847,Devin Duvernay,WR,1474,97.6
ktc,regular,2022,8176,Danny Gray,WR,1260,2.4
ktc,regular,2022,7594,Chuba Hubbard,RB,1478,73.8
ktc,regular,2022,4111,D'Onta Foreman,RB,1225,121.7
ktc,regular,2022,5374,Justin Watson,WR,0,43.8
ktc,regular,2022,8135,Treylon Burks,WR,4353,73.7
ktc,regular,2022,8118,David Bell,WR,2426,33.4
ktc,regular,2022,7496,Nick Westbrook-Ikhine,WR,1300,70.2
ktc,regular,2022,3257,Jacoby Brissett,QB,1240,168.6
ktc,regular,2022,6290,Scotty Miller,WR,532,29.5
ktc,regular,2022,4089,Gerald Everett,TE,1357,129.7
ktc,regular,2022,8210,Chigoziem Okonkwo,TE,1178,84
ktc,regular,2022,6694,D'Ernest Johnson,RB,1412,3.9
ktc,regular,2022,6271,Olamide Zaccheaus,WR,819,78.3
ktc,regular,2022,6001,Drew Sample,TE,422,1.8
ktc,regular,2022,8114,Erik Ezukanma,WR,635,0
ktc,regular,2022,8254,Julius Chestnut,RB,0,6.8
ktc,regular,2022,7538,Zach Wilson,QB,3699,98.4
ktc,regular,2022,4137,James Conner,RB,3730,177.2
ktc,regular,2022,6820,Clyde Edwards-Helaire,RB,3202,89.8
ktc,regular,2022,1689,Adam Thielen,WR,2601,136.8
ktc,regular,2022,6074,Donald Parham,TE,1244,23.9
ktc,regular,2022,5284,Jeffery Wilson,RB,1310,139.1
ktc,regular,2022,4995,Ian Thomas,TE,453,40.7
ktc,regular,2022,7757,Ben Skowronek,WR,0,64.8
ktc,regular,2022,7569,Nico Collins,WR,2511,78.6
ktc,regular,2022,4351,Tim Patrick,WR,1406,0
ktc,regular,2022,8214,Cole Turner,TE,0,4.3
ktc,regular,2022,8917,KaVontae Turpin,WR,0,1.1
ktc,regular,2022,4234,Noah Brown,WR,0,91.5
ktc,regular,2022,8142,Alec Pierce,WR,2882,86.1
ktc,regular,2022,7565,Terrace Marshall,WR,1387,65.7
ktc,regular,2022,5122,Boston Scott,RB,1095,32.3
ktc,regular,2022,4274,David Moore,WR,116,0
ktc,regular,2022,4985,Rashaad Penny,RB,2878,50.2
ktc,regular,2022,8145,Jeremy Ruckert,TE,1084,0
ktc,regular,2022,7720,Kene Nwangwu,RB,1049,7.1
ktc,regular,2022,6804,Jordan Love,QB,1694,11.7
ktc,regular,2022,6918,Salvon Ahmed,RB,458,13
ktc,regular,2022,5026,Tre'Quan Smith,WR,585,42.2
ktc,regular,2022,5970,Greg Dortch,WR,354,80.6
ktc,regular,2022,5248,Gus Edwards,RB,1460,57.7
ktc,regular,2022,6011,Gardner Minshew,QB,1010,36.8
ktc,regular,2022,4951,D.J. Chark,WR,2221,80.3
ktc,regular,2022,7021,Rico Dowdle,RB,0,0
ktc,regular,2022,7601,Rondale Moore,WR,2897,67.4
ktc,regular,2022,6149,Darius Slayton,WR,900,105.4
ktc,regular,2022,4198,Jamal Agnew,WR,297,57.5
ktc,regular,2022,5985,Foster Moreau,TE,946,83.2
ktc,regular,2022,5323,Equanimeous St. Brown,WR,1062,53.4
ktc,regular,2022,8154,Brian Robinson,RB,3057,108.2
ktc,regular,2022,6945,Antonio Gibson,RB,3038,142.9
ktc,regular,2022,7794,Chris Evans,RB,1237,11.3
ktc,regular,2022,7891,Brock Wright,TE,0,63.6
ktc,regular,2022,5973,Josh Oliver,TE,148,40.9
ktc,regular,2022,3634,Kalif Raymond,WR,319,84.1
ktc,regular,2022,5008,Durham Smythe,TE,0,33.1
ktc,regular,2022,7066,K.J. Osborn,WR,2186,111.4
ktc,regular,2022,3286,Demarcus Robinson,WR,538,76.4
ktc,regular,2022,8122,Zonovan Knight,RB,339,50.3
ktc,regular,2022,7529,Gary Brightwell,RB,0,19.7
ktc,regular,2022,4972,Mason Rudolph,QB,349,0
ktc,regular,2022,7564,Ja'Marr Chase,WR,8730,180.3
ktc,regular,2022,7610,Trey Lance,QB,5965,12.5
ktc,regular,2022,4199,Aaron Jones,RB,4615,212.8
ktc,regular,2022,6806,J.K. Dobbins,RB,4581,77.7
ktc,regular,2022,2197,Brandin Cooks,WR,3555,98
ktc,regular,2022,8167,Christian Watson,WR,3117,129.5
ktc,regular,2022,8138,James Cook,RB,3633,90.9
ktc,regular,2022,8225,Daniel Bellinger,TE,1773,75
ktc,regular,2022,5347,Nyheim Hines,RB,2225,54.4
ktc,regular,2022,4149,Jamaal Williams,RB,1589,200.7
ktc,regular,2022,6824,Donovan Peoples-Jones,WR,1772,131.4
ktc,regular,2022,7602,Kylen Granson,TE,502,61.2
ktc,regular,2022,6039,Ty Johnson,RB,462,33.3
ktc,regular,2022,5980,Myles Gaskin,RB,861,7.4
ktc,regular,2022,5409,Tanner Hudson,TE,0,23.2
ktc,regular,2022,6904,Jalen Hurts,QB,6055,369.6
ktc,regular,2022,6938,Cam Akers,RB,4141,120.5
ktc,regular,2022,1049,Ryan Tannehill,QB,2549,161.2
ktc,regular,2022,2309,Amari Cooper,WR,3181,200.9
ktc,regular,2022,5967,Tony Pollard,RB,3591,227.4
ktc,regular,2022,7606,Kadarius Toney,WR,3433,37.9
ktc,regular,2022,8172,Greg Dulcich,TE,1868,86.1
ktc,regular,2022,8211,Tyrion Davis-Price,RB,2155,7.2
ktc,regular,2022,2078,Odell Beckham,WR,1504,0
ktc,regular,2022,2319,DeVante Parker,WR,1688,64.5
ktc,regular,2022,2161,Jerick McKinnon,RB,925,160.7
ktc,regular,2022,6794,Justin Jefferson,WR,9490,298.9
ktc,regular,2022,4040,JuJu Smith-Schuster,WR,3929,141.8
ktc,regular,2022,4950,Christian Kirk,WR,3512,181
ktc,regular,2022,1535,Cordarrelle Patterson,RB,2038,135.3
ktc,regular,2022,6853,Van Jefferson,WR,1734,59.3
ktc,regular,2022,8174,Kevin Harris,RB,628,11.2
ktc,regular,2022,6931,DeeJay Dallas,RB,879,34.6
ktc,regular,2022,8227,Teagan Quitoriano,TE,0,19
ktc,regular,2022,2028,Derek Carr,QB,4478,219.1
ktc,regular,2022,5955,Hunter Renfrow,WR,3607,45.2
ktc,regular,2022,5000,Chase Edmonds,RB,3215,61.7
ktc,regular,2022,8127,Charlie Kolar,TE,717,0
ktc,regular,2022,8208,Tyler Badie,RB,798,0
ktc,regular,2022,3294,Dak Prescott,QB,5611,189.9
ktc,regular,2022,8132,Tyler Allgeier,RB,2531,137.9
ktc,regular,2022,5880,Parris Campbell,WR,1702,107.8
ktc,regular,2022,6828,AJ Dillon,RB,4703,150.3
ktc,regular,2022,8129,Dameon Pierce,RB,4411,151.4
ktc,regular,2022,8119,Jahan Dotson,WR,3712,104.4
ktc,regular,2022,4066,Evan Engram,TE,1729,170.2
ktc,regular,2022,6885,Ke'Shawn Vaughn,RB,978,4.3
ktc,regular,2022,5850,Josh Jacobs,RB,3390,295.8
ktc,regular,2022,8111,Cade Otton,TE,1544,91.6
ktc,regular,2022,7567,Kenneth Gainwell,RB,2574,71.7
ktc,regular,2022,8408,Jordan Mason,RB,560,29
ktc,regular,2022,8197,Peyton Hendershot,TE,0,39.5
ktc,regular,2022,6768,Tua Tagovailoa,QB,4370,230.9
ktc,regular,2022,1479,Keenan Allen,WR,4103,104.8
ktc,regular,2022,3199,Michael Thomas,WR,3142,43.1
ktc,regular,2022,8153,Isaiah Spiller,RB,2429,6.9
ktc,regular,2022,4147,Samaje Perine,RB,830,120.4
ktc,regular,2022,8151,Kenneth Walker III,RB,4492,176.1
ktc,regular,2022,3271,Tyler Higbee,TE,1823,144.7
ktc,regular,2022,8205,Isiah Pacheco,RB,2474,116.1
ktc,regular,2022,6144,Trayveon Williams,RB,488,7
ktc,regular,2022,6130,Devin Singletary,RB,2516,157.5
ktc,regular,2022,6951,Eno Benjamin,RB,1734,76.8
ktc,regular,2022,7608,Khalil Herbert,RB,2521,107.9
ktc,regular,2022,3163,Jared Goff,QB,2531,274.4
ktc,regular,2022,5995,Justice Hill,RB,612,32.6
ktc,regular,2022,1426,DeAndre Hopkins,WR,3162,119.7
ktc,regular,2022,7002,Juwan Johnson,TE,773,131.7
ktc,regular,2022,6886,Chase Claypool,WR,3044,78.1
ktc,regular,2022,8168,Skyy Moore,WR,3843,32.4
ktc,regular,2022,8139,Zamir White,RB,2597,6.6
ktc,regular,2022,8123,Hassan Haskins,RB,1490,17.9
ktc,regular,2022,7535,Hunter Long,TE,549,0
ktc,regular,2022,7593,Trey Sermon,RB,1037,1.9
ktc,regular,2022,8134,Khalil Shakir,WR,1762,25.8
ktc,regular,2022,5917,Mecole Hardman,WR,1782,81.3
ktc,regular,2022,5849,Kyler Murray,QB,7290,200.5
ktc,regular,2022,7523,Trevor Lawrence,QB,5350,285.4
ktc,regular,2022,5045,Courtland Sutton,WR,4697,116.6
ktc,regular,2022,5001,Dalton Schultz,TE,4008,135.4
ktc,regular,2022,7525,DeVonta Smith,WR,4562,196.9
ktc,regular,2022,6770,Joe Burrow,QB,7524,345.4
ktc,regular,2022,1234,Russell Wilson,QB,5493,202.1
ktc,regular,2022,8144,Chris Olave,WR,4631,149.7
ktc,regular,2022,7600,Pat Freiermuth,TE,3928,148.2
ktc,regular,2022,4037,Chris Godwin,WR,4591,164.3
ktc,regular,2022,4881,Lamar Jackson,QB,7924,236.1
ktc,regular,2022,3321,Tyreek Hill,WR,4932,284.4
ktc,regular,2022,8148,Jameson Williams,WR,4551,14.6
ktc,regular,2022,7568,Brevin Jordan,TE,2045,26.8
ktc,regular,2022,4866,Saquon Barkley,RB,5192,255.5
ktc,regular,2022,5987,Alexander Mattison,RB,2681,62.4
ktc,regular,2022,4017,Deshaun Watson,QB,4831,68
ktc,regular,2022,5937,Diontae Johnson,WR,4608,130.9
ktc,regular,2022,5022,Dallas Goedert,TE,3794,130.6
ktc,regular,2022,6955,James Robinson,RB,2612,83.1
ktc,regular,2022,7607,Michael Carter,RB,2690,104
ktc,regular,2022,3976,Mitchell Trubisky,QB,1902,73.9
ktc,regular,2022,2307,Marcus Mariota,QB,2061,196.6
ktc,regular,2022,5870,Daniel Jones,QB,2401,289
ktc,regular,2022,7571,Rashod Bateman,WR,4618,46
ktc,regular,2022,4197,Isaiah McKenzie,WR,2146,95.9
ktc,regular,2022,6805,KJ Hamler,WR,2141,22.3
ktc,regular,2022,5086,Marquez Valdes-Scantling,WR,2124,97.2
ktc,regular,2022,7716,John Bates,TE,492,30.8
ktc,regular,2022,4046,Patrick Mahomes,QB,9462,401.9
ktc,regular,2022,4034,Christian McCaffrey,RB,6079,298.5
ktc,regular,2022,4983,D.J. Moore,WR,4961,166.1
ktc,regular,2022,421,Matthew Stafford,QB,4531,108.4
ktc,regular,2022,4663,Austin Ekeler,RB,5469,312.2
ktc,regular,2022,7591,Justin Fields,QB,4699,296
ktc,regular,2022,3214,Hunter Henry,TE,2153,93.7
ktc,regular,2022,8112,Drake London,WR,4972,127.6
ktc,regular,2022,2449,Stefon Diggs,WR,5724,246.3
ktc,regular,2022,5859,A.J. Brown,WR,5601,244.1
ktc,regular,2022,6819,Michael Pittman,WR,5419,156.5
ktc,regular,2022,5857,Noah Fant,TE,2697,116.6
ktc,regular,2022,4993,Mike Gesicki,TE,2574,89.6
ktc,regular,2022,4943,Sam Darnold,QB,880,85.4
ktc,regular,2022,5872,Deebo Samuel,WR,5435,137
ktc,regular,2022,6843,Albert Okwuegbunam,TE,2322,25.5
ktc,regular,2022,2711,Taylor Heinicke,QB,503,116
ktc,regular,2022,5089,Mike White,QB,366,56.6
ktc,regular,2022,4039,Cooper Kupp,WR,6111,163.9
ktc,regular,2022,6801,Tee Higgins,WR,5658,184.5
ktc,regular,2022,1339,Zach Ertz,TE,2609,115.6
ktc,regular,2022,827,Tyrod Taylor,QB,391,11.3
ktc,regular,2022,8157,Bailey Zappe,QB,413,39.1
ktc,regular,2022,6126,Irv Smith,TE,2422,50.8
ktc,regular,2022,4033,David Njoku,TE,2696,127.8
ktc,regular,2022,6797,Justin Herbert,QB,9988,261.4
ktc,regular,2022,7543,Travis Etienne,RB,5100,183.2
ktc,regular,2022,6826,Cole Kmet,TE,3546,131.6
ktc,regular,2022,7528,Najee Harris,RB,6308,189.5
ktc,regular,2022,4984,Josh Allen,QB,9998,376.5
ktc,regular,2022,6786,CeeDee Lamb,WR,6443,234.4
ktc,regular,2022,6803,Brandon Aiyuk,WR,4132,180.9
ktc,regular,2022,8147,John Metchie,WR,1954,0
ktc,regular,2022,8188,Tyquan Thornton,WR,1831,53.5
ktc,regular,2022,5844,T.J. Hockenson,TE,4612,212.8
ktc,regular,2022,2505,Darren Waller,TE,4425,79.3
ktc,regular,2022,1466,Travis Kelce,TE,5150,306.5
ktc,regular,2022,7553,Kyle Pitts,TE,8386,75.6
ktc,regular,2022,5012,Mark Andrews,TE,6461,190.5
ktc,regular,2022,4217,George Kittle,TE,4920,181.6
ktc,regular,2022,5846,DK Metcalf,WR,5087,176.3
ktc,regular,2022,7588,Javonte Williams,RB,6230,34
ktc,regular,2022,2133,Davante Adams,WR,5322,275.7
ktc,regular,2022,7526,Jaylen Waddle,WR,5386,213.9
ktc,regular,2022,7596,Elijah Moore,WR,4598,68
ktc,regular,2023,4034,Christian McCaffrey,RB,6612,357.8
ktc,regular,2023,5967,Tony Pollard,RB,5541,179.5
ktc,regular,2023,8151,Kenneth Walker III,RB,5030,176.3
ktc,regular,2023,4983,D.J. Moore,WR,4719,230.1
ktc,regular,2023,8160,Kenny Pickett,QB,4690,110.2
ktc,regular,2023,5987,Alexander Mattison,RB,3612,114.8
ktc,regular,2023,1373,Geno Smith,QB,3706,206.4
ktc,regular,2023,8135,Treylon Burks,WR,3984,31.9
ktc,regular,2023,9482,Michael Mayer,TE,3444,71.4
ktc,regular,2023,6945,Antonio Gibson,RB,3059,98.3
ktc,regular,2023,2197,Brandin Cooks,WR,2469,133
ktc,regular,2023,8147,John Metchie,WR,2343,23.2
ktc,regular,2023,4993,Mike Gesicki,TE,1534,63.9
ktc,regular,2023,5133,Tyler Conklin,TE,1283,119.5
ktc,regular,2023,8125,Calvin Austin III,WR,1281,43.4
ktc,regular,2023,8188,Tyquan Thornton,WR,1240,20.7
ktc,regular,2023,6130,Devin Singletary,RB,1576,139.3
ktc,regular,2023,9222,Zach Evans,RB,1566,1.6
ktc,regular,2023,9998,Hendon Hooker,QB,1791,0
ktc,regular,2023,2319,DeVante Parker,WR,940,54.8
ktc,regular,2023,4144,Jonnu Smith,TE,709,112.3
ktc,regular,2023,7757,Ben Skowronek,WR,604,14.3
ktc,regular,2023,5026,Tre'Quan Smith,WR,431,0
ktc,regular,2023,10867,Jake Bobo,WR,0,46
ktc,regular,2023,8208,Tyler Badie,RB,291,0
ktc,regular,2023,2307,Marcus Mariota,QB,430,1.2
ktc,regular,2023,11292,Tommy DeVito,QB,0,93
ktc,regular,2023,7611,Rhamondre Stevenson,RB,4747,126.7
ktc,regular,2023,9754,Quentin Johnston,WR,4518,71.7
ktc,regular,2023,6804,Jordan Love,QB,4452,300.5
ktc,regular,2023,8136,Rachaad White,RB,3732,224.6
ktc,regular,2023,96,Aaron Rodgers,QB,3373,0
ktc,regular,2023,4066,Evan Engram,TE,3304,206.4
ktc,regular,2023,9757,Kendre Miller,RB,3108,23.9
ktc,regular,2023,8121,Romeo Doubs,WR,2863,144.9
ktc,regular,2023,8126,Wan'Dale Robinson,WR,2362,92.2
ktc,regular,2023,8214,Cole Turner,TE,931,23
ktc,regular,2023,6886,Chase Claypool,WR,1564,16.9
ktc,regular,2023,8134,Khalil Shakir,WR,1220,80.1
ktc,regular,2023,6845,Zack Moss,RB,1413,153.1
ktc,regular,2023,3164,Ezekiel Elliott,RB,1539,138.4
ktc,regular,2023,10862,Dorian Thompson-Robinson,QB,1715,22.1
ktc,regular,2023,7565,Terrace Marshall,WR,1371,22.4
ktc,regular,2023,4197,Isaiah McKenzie,WR,596,11.1
ktc,regular,2023,7533,Anthony Schwartz,WR,403,0
ktc,regular,2023,10215,Jake Haener,QB,473,0
ktc,regular,2023,4464,Nick Mullens,QB,0,46.1
ktc,regular,2023,9509,Bijan Robinson,RB,7996,194.7
ktc,regular,2023,5927,Terry McLaurin,WR,4067,161.1
ktc,regular,2023,8183,Brock Purdy,QB,3994,295.6
ktc,regular,2023,4199,Aaron Jones,RB,3601,103.3
ktc,regular,2023,2028,Derek Carr,QB,3267,214
ktc,regular,2023,2309,Amari Cooper,WR,3841,191
ktc,regular,2023,4035,Alvin Kamara,RB,3148,195.5
ktc,regular,2023,8225,Daniel Bellinger,TE,1641,50.5
ktc,regular,2023,6843,Albert Okwuegbunam,TE,904,0
ktc,regular,2023,1689,Adam Thielen,WR,1427,177.3
ktc,regular,2023,9504,Kayshon Boutte,WR,1482,2.9
ktc,regular,2023,4111,D'Onta Foreman,RB,1334,85.7
ktc,regular,2023,4943,Sam Darnold,QB,1280,5.9
ktc,regular,2023,3202,Austin Hooper,TE,564,40.5
ktc,regular,2023,8171,Kyle Philips,WR,743,21.1
ktc,regular,2023,7559,Ihmir Smith-Marsette,WR,490,27.4
ktc,regular,2023,4274,David Moore,WR,151,16.6
ktc,regular,2023,8123,Hassan Haskins,RB,553,0
ktc,regular,2023,3976,Mitchell Trubisky,QB,425,48.7
ktc,regular,2023,827,Tyrod Taylor,QB,0,69.7
ktc,regular,2023,6813,Jonathan Taylor,RB,5301,120.3
ktc,regular,2023,7588,Javonte Williams,RB,4554,138.7
ktc,regular,2023,8162,Sam Howell,QB,3743,250.1
ktc,regular,2023,6151,Miles Sanders,RB,3606,72.3
ktc,regular,2023,1234,Russell Wilson,QB,3165,256.9
ktc,regular,2023,8154,Brian Robinson,RB,3135,171.1
ktc,regular,2023,7601,Rondale Moore,WR,2100,79.4
ktc,regular,2023,8219,Jelani Woods,TE,1236,0
ktc,regular,2023,7066,K.J. Osborn,WR,1534,94.1
ktc,regular,2023,9227,Israel Abanikanda,RB,1426,12.2
ktc,regular,2023,5985,Foster Moreau,TE,812,45
ktc,regular,2023,9487,Parker Washington,WR,666,29.6
ktc,regular,2023,7496,Nick Westbrook-Ikhine,WR,509,71
ktc,regular,2023,10860,Malik Cunningham,WR,0,0
ktc,regular,2023,6039,Ty Johnson,RB,251,27
ktc,regular,2023,5854,Drew Lock,QB,531,29.1
ktc,regular,2023,9231,Jaren Hall,QB,411,2.1
ktc,regular,2023,5850,Josh Jacobs,RB,5385,162.6
ktc,regular,2023,1166,Kirk Cousins,QB,3662,149.7
ktc,regular,2023,4037,Chris Godwin,WR,3962,159.2
ktc,regular,2023,4033,David Njoku,TE,3117,201.2
ktc,regular,2023,9225,Tank Bigsby,RB,3141,20.7
ktc,regular,2023,9502,Tank Dell,WR,2182,141.5
ktc,regular,2023,1339,Zach Ertz,TE,1222,51.7
ktc,regular,2023,5086,Marquez Valdes-Scantling,WR,1287,46
ktc,regular,2023,6820,Clyde Edwards-Helaire,RB,1412,60.1
ktc,regular,2023,8150,Kyren Williams,RB,1328,239
ktc,regular,2023,6421,Jalen Guyton,WR,613,19.9
ktc,regular,2023,5323,Equanimeous St. Brown,WR,474,6.4
ktc,regular,2023,7595,Tylan Wallace,WR,411,6
ktc,regular,2023,6931,DeeJay Dallas,RB,534,5.2
ktc,regular,2023,5937,Diontae Johnson,WR,4042,110.3
ktc,regular,2023,9500,Josh Downs,WR,2505,116.8
ktc,regular,2023,6126,Irv Smith,TE,1665,33.5
ktc,regular,2023,7610,Trey Lance,QB,1884,0
ktc,regular,2023,5917,Mecole Hardman,WR,1385,7.5
ktc,regular,2023,7891,Brock Wright,TE,758,28.1
ktc,regular,2023,11311,Jason Brownlee,WR,407,14.1
ktc,regular,2023,8253,Deven Thompkins,WR,0,25.8
ktc,regular,2023,10870,Deneric Prince,RB,511,0
ktc,regular,2023,11256,Tyson Bagent,QB,0,53.3
ktc,regular,2023,6783,Jerry Jeudy,WR,4225,99.4
ktc,regular,2023,3163,Jared Goff,QB,4061,268.3
ktc,regular,2023,4018,Joe Mixon,RB,3799,216.8
ktc,regular,2023,7569,Nico Collins,WR,2589,190.4
ktc,regular,2023,7828,Noah Gray,TE,1636,70.6
ktc,regular,2023,5970,Greg Dortch,WR,1183,50.1
ktc,regular,2023,4892,Baker Mayfield,QB,1931,267.9
ktc,regular,2023,4454,Kendrick Bourne,WR,928,81.5
ktc,regular,2023,10231,Elijah Higgins,TE,801,31.1
ktc,regular,2023,6814,Laviska Shenault,WR,844,16.5
ktc,regular,2023,8180,Jalen Nailor,WR,433,4.4
ktc,regular,2023,11210,Malik Heath,WR,0,23.6
ktc,regular,2023,6955,James Robinson,RB,320,0.5
ktc,regular,2023,6111,Jake Browning,QB,0,125.9
ktc,regular,2023,19,Joe Flacco,QB,0,100.8
ktc,regular,2023,7608,Khalil Herbert,RB,3218,97.4
ktc,regular,2023,7606,Kadarius Toney,WR,2711,39.5
ktc,regular,2023,5857,Noah Fant,TE,1740,73.4
ktc,regular,2023,5955,Hunter Renfrow,WR,1457,36
ktc,regular,2023,8221,Keaontay Ingram,RB,1308,12
ktc,regular,2023,10866,Aidan O'Connell,QB,1435,108
ktc,regular,2023,5113,Cedrick Wilson,WR,545,55.7
ktc,regular,2023,6849,Denzel Mims,WR,411,0
ktc,regular,2023,4040,JuJu Smith-Schuster,WR,2308,46.5
ktc,regular,2023,3214,Hunter Henry,TE,1454,119.9
ktc,regular,2023,6149,Darius Slayton,WR,1410,111.3
ktc,regular,2023,7594,Chuba Hubbard,RB,1434,152.8
ktc,regular,2023,1049,Ryan Tannehill,QB,1631,67.6
ktc,regular,2023,10218,Xavier Hutchinson,WR,1261,16.8
ktc,regular,2023,8197,Peyton Hendershot,TE,645,4.4
ktc,regular,2023,2325,Nelson Agholor,WR,323,73.2
ktc,regular,2023,6989,Marquez Callaway,WR,389,0
ktc,regular,2023,5872,Deebo Samuel,WR,4258,209.5
ktc,regular,2023,5045,Courtland Sutton,WR,2686,160
ktc,regular,2023,9480,Brenton Strange,TE,904,14.5
ktc,regular,2023,5880,Parris Campbell,WR,1388,20.4
ktc,regular,2023,8139,Zamir White,RB,1794,53.8
ktc,regular,2023,7794,Chris Evans,RB,1335,1.6
ktc,regular,2023,8118,David Bell,WR,942,20.9
ktc,regular,2023,3286,Demarcus Robinson,WR,403,74.4
ktc,regular,2023,5347,Nyheim Hines,RB,507,0
ktc,regular,2023,10222,Jayden Reed,WR,2661,172
ktc,regular,2023,2161,Jerick McKinnon,RB,1544,71.9
ktc,regular,2023,8117,Jalen Tolbert,WR,1048,40
ktc,regular,2023,4381,Taysom Hill,TE,680,131.6
ktc,regular,2023,7587,Dyami Brown,WR,996,28.8
ktc,regular,2023,6271,Olamide Zaccheaus,WR,481,30.4
ktc,regular,2023,8204,Bo Melton,WR,0,27.8
ktc,regular,2023,5122,Boston Scott,RB,622,13.3
ktc,regular,2023,5892,David Montgomery,RB,3214,189.2
ktc,regular,2023,6234,Deonte Harty,WR,630,24.8
ktc,regular,2023,5137,Richie James,WR,1046,11.9
ktc,regular,2023,4234,Noah Brown,WR,610,85.1
ktc,regular,2023,6853,Van Jefferson,WR,1698,29
ktc,regular,2023,10863,A.T. Perry,WR,1138,35.8
ktc,regular,2023,7538,Zach Wilson,QB,1375,119.9
ktc,regular,2023,6659,Craig Reynolds,RB,358,27.1
ktc,regular,2023,9484,Tucker Kraft,TE,1424,72.4
ktc,regular,2023,4082,Curtis Samuel,WR,1496,122.2
ktc,regular,2023,9490,Tyler Scott,WR,920,25.7
ktc,regular,2023,6805,KJ Hamler,WR,457,0
ktc,regular,2023,8111,Cade Otton,TE,1646,111.5
ktc,regular,2023,6865,Colby Parkinson,TE,702,57.9
ktc,regular,2023,10233,Max Duggan,QB,291,0
ktc,regular,2023,1352,Robert Woods,WR,838,69.3
ktc,regular,2023,9512,DeWayne McBride,RB,626,0
ktc,regular,2023,4198,Jamal Agnew,WR,381,33.3
ktc,regular,2023,11370,Chris Brooks,RB,0,10.6
ktc,regular,2023,8157,Bailey Zappe,QB,655,68.4
ktc,regular,2023,8137,George Pickens,WR,4719,177
ktc,regular,2023,6819,Michael Pittman,WR,3856,190.8
ktc,regular,2023,6074,Donald Parham,TE,500,66.2
ktc,regular,2023,8254,Julius Chestnut,RB,585,0
ktc,regular,2023,4972,Mason Rudolph,QB,0,31.6
ktc,regular,2023,8161,Malik Willis,QB,1282,3.1
ktc,regular,2023,6960,Tyler Johnson,WR,292,0
ktc,regular,2023,6951,Eno Benjamin,RB,440,0
ktc,regular,2023,4089,Gerald Everett,TE,1501,109.7
ktc,regular,2023,7049,Jauan Jennings,WR,641,42
ktc,regular,2023,8114,Erik Ezukanma,WR,382,2.2
ktc,regular,2023,4973,Hayden Hurst,TE,1031,42.4
ktc,regular,2023,9501,Demario Douglas,WR,954,80.4
ktc,regular,2023,10226,Andrei Iosivas,WR,477,25
ktc,regular,2023,8127,Charlie Kolar,TE,646,16.4
ktc,regular,2023,4171,Josh Reynolds,WR,749,101.9
ktc,regular,2023,8176,Danny Gray,WR,434,0
ktc,regular,2023,8800,Malik Davis,RB,392,0
ktc,regular,2023,10229,Rashee Rice,WR,2695,173
ktc,regular,2023,5938,Lil'Jordan Humphrey,WR,258,40.7
ktc,regular,2023,8122,Zonovan Knight,RB,482,2.6
ktc,regular,2023,7562,Tutu Atwell,WR,1014,89.6
ktc,regular,2023,9495,Rakim Jarrett,WR,765,8
ktc,regular,2023,8235,Samori Toure,WR,469,11.8
ktc,regular,2023,8255,Raheem Blackshear,RB,443,13.5
ktc,regular,2023,9497,Jalin Hyatt,WR,2754,47.8
ktc,regular,2023,9486,Dontayvion Wicks,WR,679,79.2
ktc,regular,2023,6927,Quez Watkins,WR,667,8.4
ktc,regular,2023,5121,Braxton Berrios,WR,468,42.5
ktc,regular,2023,2078,Odell Beckham,WR,1675,90
ktc,regular,2023,10213,Tre Tucker,WR,673,50.8
ktc,regular,2023,9489,Justin Shorter,WR,553,0
ktc,regular,2023,5947,Jakobi Meyers,WR,2135,163
ktc,regular,2023,8143,Jerome Ford,RB,1734,185
ktc,regular,2023,3634,Kalif Raymond,WR,474,73.9
ktc,regular,2023,8174,Kevin Harris,RB,326,18.5
ktc,regular,2023,7602,Kylen Granson,TE,486,69.7
ktc,regular,2023,7593,Trey Sermon,RB,346,18.8
ktc,regular,2023,6598,Trenton Irwin,WR,187,45.7
ktc,regular,2023,3199,Michael Thomas,WR,2153,70.3
ktc,regular,2023,7670,Josh Palmer,WR,1586,79.7
ktc,regular,2023,7713,Jaelon Darden,WR,261,0
ktc,regular,2023,9499,Bryce Ford-Wheaton,WR,342,0
ktc,regular,2023,8230,Ty Chandler,RB,1416,80.6
ktc,regular,2023,5695,Brandon Powell,WR,0,51.9
ktc,regular,2023,6290,Scotty Miller,WR,358,26
ktc,regular,2023,10228,Charlie Jones,WR,896,9.5
ktc,regular,2023,8142,Alec Pierce,WR,2256,79.4
ktc,regular,2023,7551,Deon Jackson,RB,1761,1.5
ktc,regular,2023,2749,Raheem Mostert,RB,1614,255.2
ktc,regular,2023,9492,Trey Palmer,WR,1455,74.2
ktc,regular,2023,6694,D'Ernest Johnson,RB,514,29.9
ktc,regular,2023,6918,Salvon Ahmed,RB,635,34.9
ktc,regular,2023,10234,Derius Davis,WR,0,24.2
ktc,regular,2023,6847,Devin Duvernay,WR,761,5.3
ktc,regular,2023,7090,Darnell Mooney,WR,2257,63.4
ktc,regular,2023,4351,Tim Patrick,WR,1,0
ktc,regular,2023,7529,Gary Brightwell,RB,392,9.1
ktc,regular,2023,8917,KaVontae Turpin,WR,322,53.2
ktc,regular,2023,5374,Justin Watson,WR,0,75.5
ktc,regular,2023,6794,Justin Jefferson,WR,9948,138.2
ktc,regular,2023,7591,Justin Fields,QB,7128,221.6
ktc,regular,2023,8138,James Cook,RB,4017,204
ktc,regular,2023,3198,Derrick Henry,RB,4169,211.4
ktc,regular,2023,1479,Keenan Allen,WR,3441,224.9
ktc,regular,2023,6943,Gabriel Davis,WR,3018,138.9
ktc,regular,2023,2374,Tyler Lockett,WR,3113,146.8
ktc,regular,2023,8130,Trey McBride,TE,2378,169.1
ktc,regular,2023,10235,Roschon Johnson,RB,2829,83.1
ktc,regular,2023,7561,Elijah Mitchell,RB,2233,30.8
ktc,regular,2023,6920,Isaiah Hodgins,WR,1801,44.4
ktc,regular,2023,7568,Brevin Jordan,TE,882,50.9
ktc,regular,2023,10219,Chris Rodriguez,RB,1055,36.9
ktc,regular,2023,7021,Rico Dowdle,RB,1061,71.5
ktc,regular,2023,8195,Ronnie Rivers,RB,0,12.4
ktc,regular,2023,4995,Ian Thomas,TE,278,9.1
ktc,regular,2023,7564,Ja'Marr Chase,WR,9018,208.8
ktc,regular,2023,7523,Trevor Lawrence,QB,7890,246.3
ktc,regular,2023,9753,Zach Charbonnet,RB,3844,82.6
ktc,regular,2023,8159,Desmond Ridder,QB,3064,161
ktc,regular,2023,4950,Christian Kirk,WR,3790,121.8
ktc,regular,2023,7596,Elijah Moore,WR,3284,102.6
ktc,regular,2023,10871,Luke Schoonmaker,TE,2004,26.5
ktc,regular,2023,4080,Zay Jones,WR,1904,53.4
ktc,regular,2023,7607,Michael Carter,RB,1077,44.4
ktc,regular,2023,10216,Kenny McIntosh,RB,846,0
ktc,regular,2023,11199,Emari Demercado,RB,0,62.8
ktc,regular,2023,5409,Tanner Hudson,TE,0,77.1
ktc,regular,2023,7528,Najee Harris,RB,4466,159.2
ktc,regular,2023,5849,Kyler Murray,QB,4911,128.6
ktc,regular,2023,2216,Mike Evans,WR,3227,239.3
ktc,regular,2023,8168,Skyy Moore,WR,3354,43.2
ktc,regular,2023,9226,De'Von Achane,RB,3240,164.6
ktc,regular,2023,3271,Tyler Higbee,TE,2007,108.5
ktc,regular,2023,9506,Sean Tucker,RB,2061,4.2
ktc,regular,2023,6869,Adam Trautman,TE,848,57.3
ktc,regular,2023,5995,Justice Hill,RB,754,91.2
ktc,regular,2023,9494,Marvin Mims,WR,3348,57.5
ktc,regular,2023,7571,Rashod Bateman,WR,3014,60.5
ktc,regular,2023,9479,Darnell Washington,TE,1916,13.1
ktc,regular,2023,4029,Dalvin Cook,RB,2650,32.7
ktc,regular,2023,6885,Ke'Shawn Vaughn,RB,821,5.4
ktc,regular,2023,11306,Xavier Gipson,WR,0,47.3
ktc,regular,2023,8698,Jake Tonges,TE,0,0
ktc,regular,2023,8129,Dameon Pierce,RB,4331,76.2
ktc,regular,2023,6938,Cam Akers,RB,3498,41.2
ktc,regular,2023,4068,Mike Williams,WR,3268,40.7
ktc,regular,2023,3225,Tyler Boyd,WR,1908,110.4
ktc,regular,2023,8116,Pierre Strong Jr.,RB,1034,33.8
ktc,regular,2023,10223,Eric Gray,RB,1093,6.7
ktc,regular,2023,5008,Durham Smythe,TE,311,65.6
ktc,regular,2023,9229,Anthony Richardson,QB,6401,72.7
ktc,regular,2023,4147,Samaje Perine,RB,2033,91.8
ktc,regular,2023,6144,Trayveon Williams,RB,865,11.6
ktc,regular,2023,4149,Jamaal Williams,RB,2205,40.9
ktc,regular,2023,4951,D.J. Chark,WR,1880,94.4
ktc,regular,2023,7045,Joshua Kelley,RB,1078,57.6
ktc,regular,2023,10214,Davis Allen,TE,0,19
ktc,regular,2023,8205,Isiah Pacheco,RB,3496,191.9
ktc,regular,2023,10225,Jonathan Mingo,WR,3177,63.3
ktc,regular,2023,7567,Kenneth Gainwell,RB,2277,76.2
ktc,regular,2023,9220,Evan Hull,RB,1931,1.2
ktc,regular,2023,8145,Jeremy Ruckert,TE,845,31.1
ktc,regular,2023,9511,Keaton Mitchell,RB,751,65.4
ktc,regular,2023,8227,Teagan Quitoriano,TE,326,5.3
ktc,regular,2023,6806,J.K. Dobbins,RB,3963,10.7
ktc,regular,2023,6790,D'Andre Swift,RB,3429,179.8
ktc,regular,2023,5248,Gus Edwards,RB,1184,178.2
ktc,regular,2023,10221,Ronnie Bell,WR,0,20.8
ktc,regular,2023,9505,Deuce Vaughn,RB,2001,11.5
ktc,regular,2023,8676,Rashid Shaheed,WR,1891,118.6
ktc,regular,2023,5284,Jeffery Wilson,RB,1261,29.8
ktc,regular,2023,5980,Myles Gaskin,RB,679,0
ktc,regular,2023,5848,Marquise Brown,WR,3532,109.2
ktc,regular,2023,8489,Andrew Ogletree,TE,0,35.7
ktc,regular,2023,4985,Rashaad Penny,RB,2036,2.7
ktc,regular,2023,10444,Cedric Tillman,WR,1912,27.9
ktc,regular,2023,9224,Chase Brown,RB,1893,40.7
ktc,regular,2023,8153,Isaiah Spiller,RB,1255,16
ktc,regular,2023,8408,Jordan Mason,RB,829,37.9
ktc,regular,2023,8211,Tyrion Davis-Price,RB,771,2.1
ktc,regular,2023,3294,Dak Prescott,QB,4820,317.7
ktc,regular,2023,8132,Tyler Allgeier,RB,2459,123.7
ktc,regular,2023,9508,Tyjae Spears,RB,2766,107.7
ktc,regular,2023,8177,Grant Calcaterra,TE,0,4.1
ktc,regular,2023,11439,Jaleel McLaughlin,RB,1069,89.9
ktc,regular,2023,5906,Dawson Knox,TE,2030,44.4
ktc,regular,2023,11435,Emanuel Wilson,RB,0,12.8
ktc,regular,2023,7527,Mac Jones,QB,2997,106.4
ktc,regular,2023,4098,Kareem Hunt,RB,1091,110
ktc,regular,2023,1426,DeAndre Hopkins,WR,3010,172
ktc,regular,2023,5038,Michael Gallup,WR,1867,70.8
ktc,regular,2023,6850,Harrison Bryant,TE,822,37.9
ktc,regular,2023,6770,Joe Burrow,QB,8866,147.2
ktc,regular,2023,6768,Tua Tagovailoa,QB,5438,262.7
ktc,regular,2023,7543,Travis Etienne,RB,5280,242.2
ktc,regular,2023,5846,DK Metcalf,WR,5560,190.9
ktc,regular,2023,10859,Sam LaPorta,TE,4027,225.4
ktc,regular,2023,4039,Cooper Kupp,WR,4845,134.9
ktc,regular,2023,9999,Will Levis,QB,2263,102
ktc,regular,2023,4881,Lamar Jackson,QB,7944,331.2
ktc,regular,2023,8167,Christian Watson,WR,4980,87.3
ktc,regular,2023,2505,Darren Waller,TE,4028,103.7
ktc,regular,2023,9997,Zay Flowers,WR,4816,167.9
ktc,regular,2023,1837,Jimmy Garoppolo,QB,2126,64.1
ktc,regular,2023,6797,Justin Herbert,QB,8490,233.7
ktc,regular,2023,9228,Bryce Young,QB,5701,152.2
ktc,regular,2023,9756,Jordan Addison,WR,5132,172.6
ktc,regular,2023,7002,Juwan Johnson,TE,2385,90.8
ktc,regular,2023,6828,AJ Dillon,RB,2884,106.6
ktc,regular,2023,8228,Jaylen Warren,RB,2921,160.4
ktc,regular,2023,9758,C.J. Stroud,QB,5227,255
ktc,regular,2023,4981,Calvin Ridley,WR,4850,172.3
ktc,regular,2023,4137,James Conner,RB,2895,159.6
ktc,regular,2023,8140,Justyn Ross,WR,2041,5.6
ktc,regular,2023,2133,Davante Adams,WR,5120,200.8
ktc,regular,2023,5022,Dallas Goedert,TE,4096,134.9
ktc,regular,2023,5089,Mike White,QB,670,2.1
ktc,regular,2023,10232,Michael Wilson,WR,1991,83
ktc,regular,2023,4054,Mo Alie-Cox,TE,354,43.3
ktc,regular,2023,7694,Tommy Tremble,TE,818,57.3
ktc,regular,2023,421,Matthew Stafford,QB,2185,243.1
ktc,regular,2023,8119,Jahan Dotson,WR,4900,97.6
ktc,regular,2023,6824,Donovan Peoples-Jones,WR,2023,18.5
ktc,regular,2023,6001,Drew Sample,TE,343,47.6
ktc,regular,2023,6904,Jalen Hurts,QB,9626,356.2
ktc,regular,2023,4988,Nick Chubb,RB,5561,21.1
ktc,regular,2023,4017,Deshaun Watson,QB,5169,86.8
ktc,regular,2023,7720,Kene Nwangwu,RB,653,1.3
ktc,regular,2023,5870,Daniel Jones,QB,5042,57
ktc,regular,2023,4866,Saquon Barkley,RB,5908,180
ktc,regular,2023,6801,Tee Higgins,WR,5672,116.6
ktc,regular,2023,8131,Isaiah Likely,TE,2444,90
ktc,regular,2023,5000,Chase Edmonds,RB,652,29.8
ktc,regular,2023,2449,Stefon Diggs,WR,5625,208.1
ktc,regular,2023,1535,Cordarrelle Patterson,RB,659,30.4
ktc,regular,2023,7526,Jaylen Waddle,WR,6915,162.6
ktc,regular,2023,8144,Chris Olave,WR,6774,174.7
ktc,regular,2023,7525,DeVonta Smith,WR,6336,187.1
ktc,regular,2023,6826,Cole Kmet,TE,2947,174
ktc,regular,2023,8210,Chigoziem Okonkwo,TE,2821,107.8
ktc,regular,2023,4179,Joshua Dobbs,QB,1057,200.7
ktc,regular,2023,7547,Amon-Ra St. Brown,WR,7059,247.5
ktc,regular,2023,5859,A.J. Brown,WR,6885,237.2
ktc,regular,2023,10857,Stetson Bennett,QB,1198,0
ktc,regular,2023,7083,Tyler Huntley,QB,979,11.8
ktc,regular,2023,6786,CeeDee Lamb,WR,7441,306.7
ktc,regular,2023,9481,Luke Musgrave,TE,3052,73.1
ktc,regular,2023,5001,Dalton Schultz,TE,2514,141.3
ktc,regular,2023,7605,Kyle Trask,QB,1145,-0.1
ktc,regular,2023,5010,Will Dissly,TE,473,26.6
ktc,regular,2023,8172,Greg Dulcich,TE,2875,5.5
ktc,regular,2023,10217,Clayton Tune,QB,1177,7.4
ktc,regular,2023,8110,Jake Ferguson,TE,2468,164.2
ktc,regular,2023,6011,Gardner Minshew,QB,857,187.7
ktc,regular,2023,4984,Josh Allen,QB,9756,369.6
ktc,regular,2023,7600,Pat Freiermuth,TE,4016,72.7
ktc,regular,2023,8148,Jameson Williams,WR,3795,68.3
ktc,regular,2023,4046,Patrick Mahomes,QB,9999,280.2
ktc,regular,2023,8146,Garrett Wilson,WR,7649,161.3
ktc,regular,2023,4663,Austin Ekeler,RB,5260,151.5
ktc,regular,2023,6136,Jarrett Stidham,QB,689,13.6
ktc,regular,2023,5185,Allen Lazard,WR,1914,48.6
ktc,regular,2023,9221,Jahmyr Gibbs,RB,6403,207.1
ktc,regular,2023,3257,Jacoby Brissett,QB,737,22.9
ktc,regular,2023,7585,Davis Mills,QB,819,17.8
ktc,regular,2023,2306,Jameis Winston,QB,803,12
ktc,regular,2023,2711,Taylor Heinicke,QB,687,66
ktc,regular,2023,9493,Puka Nacua,WR,1919,233.9
ktc,regular,2023,10236,Dalton Kincaid,TE,4629,134.9
ktc,regular,2023,4217,George Kittle,TE,4312,203.2
ktc,regular,2023,5012,Mark Andrews,TE,6317,135.4
ktc,regular,2023,1466,Travis Kelce,TE,6359,219.4
ktc,regular,2023,7553,Kyle Pitts,TE,5842,132.6
ktc,regular,2023,8112,Drake London,WR,5723,133.8
ktc,regular,2023,7716,John Bates,TE,374,34.1
ktc,regular,2023,8155,Breece Hall,RB,6064,224.5
ktc,regular,2023,3321,Tyreek Hill,WR,6311,299.2
ktc,regular,2023,5844,T.J. Hockenson,TE,5568,219
ktc,regular,2023,9488,Jaxon Smith-Njigba,WR,5934,115.4
ktc,regular,2023,5973,Josh Oliver,TE,381,48.2
ktc,regular,2023,7535,Hunter Long,TE,423,0
ktc,regular,2023,10210,Cameron Latu,TE,467,0
ktc,regular,2023,6803,Brandon Aiyuk,WR,4891,207.7
ktc,regular,2024,9509,Bijan Robinson,RB,8695,280.9
ktc,regular,2024,4866,Saquon Barkley,RB,5152,338.8
ktc,regular,2024,8138,James Cook,RB,4694,241.9
ktc,regular,2024,11624,Xavier Worthy,WR,4745,157.7
ktc,regular,2024,11563,Bo Nix,QB,4478,283.2
ktc,regular,2024,5892,David Montgomery,RB,3284,203.7
ktc,regular,2024,9999,Will Levis,QB,3784,108.1
ktc,regular,2024,5872,Deebo Samuel,WR,4566,128.1
ktc,regular,2024,11596,Ben Sinnott,TE,3307,13.8
ktc,regular,2024,9224,Chase Brown,RB,3117,228
ktc,regular,2024,5848,Marquise Brown,WR,2909,13.6
ktc,regular,2024,11638,Ricky Pearsall,WR,2848,62.1
ktc,regular,2024,3214,Hunter Henry,TE,1857,145.4
ktc,regular,2024,8225,Daniel Bellinger,TE,1721,23.6
ktc,regular,2024,8142,Alec Pierce,WR,1551,130.2
ktc,regular,2024,1689,Adam Thielen,WR,1577,108.6
ktc,regular,2024,11577,Will Shipley,RB,1821,5
ktc,regular,2024,11435,Emanuel Wilson,RB,1457,76.9
ktc,regular,2024,1234,Russell Wilson,QB,2048,161.3
ktc,regular,2024,11629,Devontez Walker,WR,1577,8.6
ktc,regular,2024,11603,AJ Barner,TE,1058,64.1
ktc,regular,2024,7562,Tutu Atwell,WR,1342,71.7
ktc,regular,2024,11210,Malik Heath,WR,627,19.9
ktc,regular,2024,6920,Isaiah Hodgins,WR,631,2.2
ktc,regular,2024,8195,Ronnie Rivers,RB,565,5.6
ktc,regular,2024,10857,Stetson Bennett,QB,807,0
ktc,regular,2024,10217,Clayton Tune,QB,192,-2.3
ktc,regular,2024,7543,Travis Etienne,RB,5470,103.2
ktc,regular,2024,9756,Jordan Addison,WR,4107,180.5
ktc,regular,2024,4892,Baker Mayfield,QB,3403,344.2
ktc,regular,2024,8137,George Pickens,WR,4650,134.4
ktc,regular,2024,4137,James Conner,RB,3093,230.3
ktc,regular,2024,1479,Keenan Allen,WR,2788,147.4
ktc,regular,2024,6865,Colby Parkinson,TE,1831,63.8
ktc,regular,2024,7002,Juwan Johnson,TE,1744,108.8
ktc,regular,2024,9492,Trey Palmer,WR,1616,29.2
ktc,regular,2024,7593,Trey Sermon,RB,1417,44.8
ktc,regular,2024,8162,Sam Howell,QB,1853,-0.8
ktc,regular,2024,3225,Tyler Boyd,WR,1522,58.8
ktc,regular,2024,9480,Brenton Strange,TE,1101,81.1
ktc,regular,2024,8118,David Bell,WR,1004,4.2
ktc,regular,2024,8168,Skyy Moore,WR,888,0
ktc,regular,2024,11311,Jason Brownlee,WR,462,0
ktc,regular,2024,5000,Chase Edmonds,RB,640,0
ktc,regular,2024,7083,Tyler Huntley,QB,744,52
ktc,regular,2024,19,Joe Flacco,QB,634,84.5
ktc,regular,2024,8150,Kyren Williams,RB,5142,255.1
ktc,regular,2024,11583,Jonathon Brooks,RB,4694,6
ktc,regular,2024,9228,Bryce Young,QB,3952,158.6
ktc,regular,2024,7588,Javonte Williams,RB,3341,122.6
ktc,regular,2024,4033,David Njoku,TE,3597,148.5
ktc,regular,2024,8143,Jerome Ford,RB,3095,115.5
ktc,regular,2024,5045,Courtland Sutton,WR,2773,181.5
ktc,regular,2024,5906,Dawson Knox,TE,1872,59.1
ktc,regular,2024,4381,Taysom Hill,TE,1618,102.3
ktc,regular,2024,2197,Brandin Cooks,WR,1774,54.1
ktc,regular,2024,5995,Justice Hill,RB,1503,106.1
ktc,regular,2024,10235,Roschon Johnson,RB,1994,65
ktc,regular,2024,7596,Elijah Moore,WR,1591,85.3
ktc,regular,2024,8219,Jelani Woods,TE,996,0
ktc,regular,2024,5917,Mecole Hardman,WR,947,27.2
ktc,regular,2024,10228,Charlie Jones,WR,791,5
ktc,regular,2024,5880,Parris Campbell,WR,440,12
ktc,regular,2024,7720,Kene Nwangwu,RB,506,6
ktc,regular,2024,9488,Jaxon Smith-Njigba,WR,4717,199.7
ktc,regular,2024,11564,Drake Maye,QB,4904,177.1
ktc,regular,2024,11643,Jaylen Wright,RB,3086,25.6
ktc,regular,2024,9501,Demario Douglas,WR,2446,109.8
ktc,regular,2024,5857,Noah Fant,TE,1981,86.7
ktc,regular,2024,9225,Tank Bigsby,RB,2003,114.8
ktc,regular,2024,6011,Gardner Minshew,QB,2300,96.3
ktc,regular,2024,9487,Parker Washington,WR,1447,72.5
ktc,regular,2024,6850,Harrison Bryant,TE,801,17.6
ktc,regular,2024,7066,K.J. Osborn,WR,1200,15.2
ktc,regular,2024,6814,Laviska Shenault,WR,680,8.2
ktc,regular,2024,5121,Braxton Berrios,WR,547,0
ktc,regular,2024,8221,Keaontay Ingram,RB,552,0
ktc,regular,2024,6136,Jarrett Stidham,QB,825,-0.2
ktc,regular,2024,4464,Nick Mullens,QB,578,1.3
ktc,regular,2024,9997,Zay Flowers,WR,4707,169.9
ktc,regular,2024,3163,Jared Goff,QB,4836,314.7
ktc,regular,2024,11559,Michael Penix Jr.,QB,3831,19.1
ktc,regular,2024,10222,Jayden Reed,WR,4082,165.4
ktc,regular,2024,8110,Jake Ferguson,TE,3738,101.2
ktc,regular,2024,7670,Josh Palmer,WR,2701,87.9
ktc,regular,2024,4144,Jonnu Smith,TE,1744,203.7
ktc,regular,2024,9479,Darnell Washington,TE,1573,45
ktc,regular,2024,4068,Mike Williams,WR,1941,43.3
ktc,regular,2024,8147,John Metchie,WR,1585,40
ktc,regular,2024,4943,Sam Darnold,QB,2317,300.3
ktc,regular,2024,8135,Treylon Burks,WR,1545,5.5
ktc,regular,2024,8125,Calvin Austin III,WR,1260,102.8
ktc,regular,2024,4040,JuJu Smith-Schuster,WR,705,43.2
ktc,regular,2024,6824,Donovan Peoples-Jones,WR,702,0
ktc,regular,2024,9220,Evan Hull,RB,672,0
ktc,regular,2024,8159,Desmond Ridder,QB,329,21.5
ktc,regular,2024,8155,Breece Hall,RB,8273,195.7
ktc,regular,2024,7611,Rhamondre Stevenson,RB,3337,159.4
ktc,regular,2024,421,Matthew Stafford,QB,3099,214.6
ktc,regular,2024,11635,Ladd McConkey,WR,4092,185.9
ktc,regular,2024,5967,Tony Pollard,RB,2997,174
ktc,regular,2024,8134,Khalil Shakir,WR,2948,144.5
ktc,regular,2024,8126,Wan'Dale Robinson,WR,2047,126.9
ktc,regular,2024,4951,D.J. Chark,WR,1485,4
ktc,regular,2024,6945,Antonio Gibson,RB,1786,83.8
ktc,regular,2024,7602,Kylen Granson,TE,1010,30.5
ktc,regular,2024,9504,Kayshon Boutte,WR,968,79.2
ktc,regular,2024,8140,Justyn Ross,WR,395,0
ktc,regular,2024,8800,Malik Davis,RB,453,0
ktc,regular,2024,4972,Mason Rudolph,QB,216,92.5
ktc,regular,2024,6801,Tee Higgins,WR,4775,178.3
ktc,regular,2024,11630,Roman Wilson,WR,2499,0
ktc,regular,2024,10871,Luke Schoonmaker,TE,1520,53.5
ktc,regular,2024,5970,Greg Dortch,WR,1821,52.4
ktc,regular,2024,4089,Gerald Everett,TE,998,11.6
ktc,regular,2024,10218,Xavier Hutchinson,WR,1105,16.7
ktc,regular,2024,5185,Allen Lazard,WR,845,92.9
ktc,regular,2024,6659,Craig Reynolds,RB,652,15.5
ktc,regular,2024,7605,Kyle Trask,QB,558,-0.2
ktc,regular,2024,5850,Josh Jacobs,RB,4407,264
ktc,regular,2024,1166,Kirk Cousins,QB,3274,176.3
ktc,regular,2024,9753,Zach Charbonnet,RB,2839,156.8
ktc,regular,2024,11595,Jared Wiley,TE,1677,1.7
ktc,regular,2024,10225,Jonathan Mingo,WR,1727,20.3
ktc,regular,2024,8408,Jordan Mason,RB,2217,109.5
ktc,regular,2024,11562,Spencer Rattler,QB,2069,52.6
ktc,regular,2024,10213,Tre Tucker,WR,1579,101.9
ktc,regular,2024,5010,Will Dissly,TE,839,94.9
ktc,regular,2024,5374,Justin Watson,WR,800,50.9
ktc,regular,2024,6847,Devin Duvernay,WR,773,13.7
ktc,regular,2024,8174,Kevin Harris,RB,461,0
ktc,regular,2024,11565,J.J. McCarthy,QB,4382,0
ktc,regular,2024,4035,Alvin Kamara,RB,3309,231.3
ktc,regular,2024,11599,Cade Stover,TE,1780,34.3
ktc,regular,2024,8129,Dameon Pierce,RB,1530,18.9
ktc,regular,2024,4973,Hayden Hurst,TE,921,15.3
ktc,regular,2024,6960,Tyler Johnson,WR,649,36.6
ktc,regular,2024,7585,Davis Mills,QB,532,3.4
ktc,regular,2024,11586,Blake Corum,RB,3244,27.3
ktc,regular,2024,4039,Cooper Kupp,WR,4080,141.5
ktc,regular,2024,11618,Jalen McMillan,WR,2655,100.4
ktc,regular,2024,9497,Jalin Hyatt,WR,1789,10.2
ktc,regular,2024,4663,Austin Ekeler,RB,2166,110.6
ktc,regular,2024,3257,Jacoby Brissett,QB,1553,45.2
ktc,regular,2024,7601,Rondale Moore,WR,1349,0
ktc,regular,2024,6853,Van Jefferson,WR,996,48.3
ktc,regular,2024,9495,Rakim Jarrett,WR,736,16.9
ktc,regular,2024,8171,Kyle Philips,WR,493,0
ktc,regular,2024,11640,Jermaine Burton,WR,2613,12.7
ktc,regular,2024,3164,Ezekiel Elliott,RB,1490,51.5
ktc,regular,2024,2028,Derek Carr,QB,2212,150.9
ktc,regular,2024,8180,Jalen Nailor,WR,1312,82.2
ktc,regular,2024,5695,Brandon Powell,WR,638,10.6
ktc,regular,2024,6290,Scotty Miller,WR,373,9.4
ktc,regular,2024,8676,Rashid Shaheed,WR,2554,69.8
ktc,regular,2024,7608,Khalil Herbert,RB,1999,14.7
ktc,regular,2024,6271,Olamide Zaccheaus,WR,1024,83.8
ktc,regular,2024,7595,Tylan Wallace,WR,619,30.8
ktc,regular,2024,9222,Zach Evans,RB,659,0
ktc,regular,2024,1837,Jimmy Garoppolo,QB,346,0
ktc,regular,2024,4199,Aaron Jones,RB,2917,206.1
ktc,regular,2024,11626,Xavier Legette,WR,3103,96.1
ktc,regular,2024,11610,Malik Washington,WR,1890,35
ktc,regular,2024,4171,Josh Reynolds,WR,1251,30.3
ktc,regular,2024,8230,Ty Chandler,RB,2005,25.4
ktc,regular,2024,10444,Cedric Tillman,WR,1316,65.9
ktc,regular,2024,8145,Jeremy Ruckert,TE,1120,27
ktc,regular,2024,4234,Noah Brown,WR,1115,68.8
ktc,regular,2024,7049,Jauan Jennings,WR,1378,163.3
ktc,regular,2024,4454,Kendrick Bourne,WR,1235,48.9
ktc,regular,2024,9490,Tyler Scott,WR,743,1
ktc,regular,2024,9512,DeWayne McBride,RB,434,0
ktc,regular,2024,11650,Luke McCaffrey,WR,2438,25.8
ktc,regular,2024,10226,Andrei Iosivas,WR,1914,99.7
ktc,regular,2024,6938,Cam Akers,RB,1456,78.3
ktc,regular,2024,8211,Tyrion Davis-Price,RB,546,0.7
ktc,regular,2024,5133,Tyler Conklin,TE,1775,112.3
ktc,regular,2024,10866,Aidan O'Connell,QB,1573,77.6
ktc,regular,2024,5947,Jakobi Meyers,WR,2494,151.7
ktc,regular,2024,10867,Jake Bobo,WR,893,16.3
ktc,regular,2024,7496,Nick Westbrook-Ikhine,WR,563,112.7
ktc,regular,2024,4351,Tim Patrick,WR,758,73.4
ktc,regular,2024,10870,Deneric Prince,RB,452,0
ktc,regular,2024,5987,Alexander Mattison,RB,1393,114.3
ktc,regular,2024,10231,Elijah Higgins,TE,995,49.2
ktc,regular,2024,8122,Zonovan Knight,RB,316,0
ktc,regular,2024,827,Tyrod Taylor,QB,525,20.1
ktc,regular,2024,8117,Jalen Tolbert,WR,1679,115.7
ktc,regular,2024,10863,A.T. Perry,WR,1432,0
ktc,regular,2024,5113,Cedrick Wilson,WR,746,36.2
ktc,regular,2024,9500,Josh Downs,WR,2904,133.1
ktc,regular,2024,4993,Mike Gesicki,TE,1641,126.7
ktc,regular,2024,1535,Cordarrelle Patterson,RB,642,31.4
ktc,regular,2024,7828,Noah Gray,TE,1518,112.6
ktc,regular,2024,7587,Dyami Brown,WR,1867,48.5
ktc,regular,2024,10221,Ronnie Bell,WR,815,3.2
ktc,regular,2024,8188,Tyquan Thornton,WR,1250,6.7
ktc,regular,2024,3634,Kalif Raymond,WR,830,46.4
ktc,regular,2024,6805,KJ Hamler,WR,630,0
ktc,regular,2024,9486,Dontayvion Wicks,WR,2945,83.6
ktc,regular,2024,11256,Tyson Bagent,QB,827,-0.3
ktc,regular,2024,2078,Odell Beckham,WR,775,10
ktc,regular,2024,6927,Quez Watkins,WR,401,0
ktc,regular,2024,8254,Julius Chestnut,RB,495,11.2
ktc,regular,2024,8204,Bo Melton,WR,1245,18.4
ktc,regular,2024,5086,Marquez Valdes-Scantling,WR,793,70.2
ktc,regular,2024,6694,D'Ernest Johnson,RB,604,26.8
ktc,regular,2024,11592,Erick All,TE,1641,35.8
ktc,regular,2024,11621,Brenden Rice,WR,1612,0
ktc,regular,2024,10234,Derius Davis,WR,827,32.7
ktc,regular,2024,5284,Jeffery Wilson,RB,627,9.5
ktc,regular,2024,9757,Kendre Miller,RB,2074,26.6
ktc,regular,2024,6931,DeeJay Dallas,RB,493,16.3
ktc,regular,2024,11637,Keon Coleman,WR,3969,92
ktc,regular,2024,11306,Xavier Gipson,WR,1348,10.9
ktc,regular,2024,7607,Michael Carter,RB,651,16.4
ktc,regular,2024,10223,Eric Gray,RB,1445,10.8
ktc,regular,2024,7565,Terrace Marshall,WR,678,5.6
ktc,regular,2024,2307,Marcus Mariota,QB,213,19.7
ktc,regular,2024,5026,Tre'Quan Smith,WR,423,0
ktc,regular,2024,6849,Denzel Mims,WR,462,0
ktc,regular,2024,9998,Hendon Hooker,QB,1438,2.7
ktc,regular,2024,3286,Demarcus Robinson,WR,1370,99.3
ktc,regular,2024,9489,Justin Shorter,WR,486,0
ktc,regular,2024,5347,Nyheim Hines,RB,604,0
ktc,regular,2024,10232,Michael Wilson,WR,2522,101
ktc,regular,2024,6234,Deonte Harty,WR,501,0
ktc,regular,2024,7891,Brock Wright,TE,956,35
ktc,regular,2024,6149,Darius Slayton,WR,1176,90.5
ktc,regular,2024,6598,Trenton Irwin,WR,536,3
ktc,regular,2024,11636,Johnny Wilson,WR,1179,8.4
ktc,regular,2024,8153,Isaiah Spiller,RB,583,0
ktc,regular,2024,4080,Zay Jones,WR,1200,5.8
ktc,regular,2024,10860,Malik Cunningham,WR,393,0
ktc,regular,2024,6783,Jerry Jeudy,WR,2569,186.6
ktc,regular,2024,6421,Jalen Guyton,WR,420,0
ktc,regular,2024,7533,Anthony Schwartz,WR,545,0
ktc,regular,2024,6786,CeeDee Lamb,WR,9796,212.9
ktc,regular,2024,6804,Jordan Love,QB,7370,231.1
ktc,regular,2024,9508,Tyjae Spears,RB,3406,98.6
ktc,regular,2024,4037,Chris Godwin,WR,3382,112.8
ktc,regular,2024,4950,Christian Kirk,WR,3402,57.4
ktc,regular,2024,8154,Brian Robinson,RB,3216,147.7
ktc,regular,2024,8210,Chigoziem Okonkwo,TE,2053,113.6
ktc,regular,2024,8132,Tyler Allgeier,RB,2460,91.8
ktc,regular,2024,3271,Tyler Higbee,TE,1448,11
ktc,regular,2024,11199,Emari Demercado,RB,973,46.7
ktc,regular,2024,6828,AJ Dillon,RB,917,0
ktc,regular,2024,11370,Chris Brooks,RB,311,30.8
ktc,regular,2024,7045,Joshua Kelley,RB,199,0
ktc,regular,2024,8177,Grant Calcaterra,TE,0,56.8
ktc,regular,2024,6794,Justin Jefferson,WR,9449,259.1
ktc,regular,2024,6770,Joe Burrow,QB,7517,359.8
ktc,regular,2024,3198,Derrick Henry,RB,3719,297.8
ktc,regular,2024,11589,Trey Benson,RB,3653,44
ktc,regular,2024,2309,Amari Cooper,WR,3453,100.7
ktc,regular,2024,9484,Tucker Kraft,TE,2396,155.7
ktc,regular,2024,11576,Braelon Allen,RB,2591,72.4
ktc,regular,2024,5248,Gus Edwards,RB,2362,62.6
ktc,regular,2024,6151,Miles Sanders,RB,1052,40.2
ktc,regular,2024,9227,Israel Abanikanda,RB,1114,0
ktc,regular,2024,2325,Nelson Agholor,WR,227,42.1
ktc,regular,2024,8208,Tyler Badie,RB,236,7.9
ktc,regular,2024,8489,Andrew Ogletree,TE,442,22.8
ktc,regular,2024,6790,D'Andre Swift,RB,3377,181
ktc,regular,2024,8167,Christian Watson,WR,3408,90.8
ktc,regular,2024,8121,Romeo Doubs,WR,3170,109.1
ktc,regular,2024,11600,Ja'Tavion Sanders,TE,2392,66.7
ktc,regular,2024,7594,Chuba Hubbard,RB,2391,220.1
ktc,regular,2024,7021,Rico Dowdle,RB,2536,162.9
ktc,regular,2024,1339,Zach Ertz,TE,1363,162
ktc,regular,2024,11573,Frank Gore Jr.,RB,1110,0
ktc,regular,2024,4149,Jamaal Williams,RB,1076,29.9
ktc,regular,2024,8698,Jake Tonges,TE,0,0
ktc,regular,2024,8136,Rachaad White,RB,4070,174.1
ktc,regular,2024,3294,Dak Prescott,QB,5387,116.5
ktc,regular,2024,11625,Adonai Mitchell,WR,3339,42.3
ktc,regular,2024,9511,Keaton Mitchell,RB,2380,5.3
ktc,regular,2024,2374,Tyler Lockett,WR,2078,92.7
ktc,regular,2024,7561,Elijah Mitchell,RB,1092,0
ktc,regular,2024,2449,Stefon Diggs,WR,3285,98.4
ktc,regular,2024,4981,Calvin Ridley,WR,3317,158.4
ktc,regular,2024,8228,Jaylen Warren,RB,3161,103
ktc,regular,2024,11439,Jaleel McLaughlin,RB,2551,79.4
ktc,regular,2024,11617,Malachi Corley,WR,2168,3.7
ktc,regular,2024,9754,Quentin Johnston,WR,2059,122.1
ktc,regular,2024,7567,Kenneth Gainwell,RB,1340,51.3
ktc,regular,2024,9229,Anthony Richardson,QB,7220,162.9
ktc,regular,2024,8111,Cade Otton,TE,2397,140.6
ktc,regular,2024,11579,Audric Estime,RB,2262,36.8
ktc,regular,2024,8119,Jahan Dotson,WR,2048,19.5
ktc,regular,2024,11590,Jase McClellan,RB,1038,3.2
ktc,regular,2024,2216,Mike Evans,WR,3943,190
ktc,regular,2024,7528,Najee Harris,RB,3236,173
ktc,regular,2024,11619,Ja'Lynn Polk,WR,3142,26.7
ktc,regular,2024,11597,Theo Johnson,TE,2127,68.1
ktc,regular,2024,6820,Clyde Edwards-Helaire,RB,995,4
ktc,regular,2024,4995,Ian Thomas,TE,425,3.7
ktc,regular,2024,4018,Joe Mixon,RB,3343,219.2
ktc,regular,2024,9506,Sean Tucker,RB,1229,62.6
ktc,regular,2024,4147,Samaje Perine,RB,1189,65.5
ktc,regular,2024,5927,Terry McLaurin,WR,3788,210.6
ktc,regular,2024,8148,Jameson Williams,WR,3241,176.8
ktc,regular,2024,7571,Rashod Bateman,WR,2056,136
ktc,regular,2024,10216,Kenny McIntosh,RB,853,16
ktc,regular,2024,4988,Nick Chubb,RB,2579,60.8
ktc,regular,2024,11575,Ray Davis,RB,2320,94.1
ktc,regular,2024,4197,Isaiah McKenzie,WR,338,0
ktc,regular,2024,4017,Deshaun Watson,QB,3055,76.7
ktc,regular,2024,10214,Davis Allen,TE,1240,9.9
ktc,regular,2024,7794,Chris Evans,RB,983,0
ktc,regular,2024,4274,David Moore,WR,356,61.7
ktc,regular,2024,6768,Tua Tagovailoa,QB,5303,181.6
ktc,regular,2024,6130,Devin Singletary,RB,2576,83.9
ktc,regular,2024,8116,Pierre Strong Jr.,RB,1264,28.2
ktc,regular,2024,8139,Zamir White,RB,3218,26.3
ktc,regular,2024,9494,Marvin Mims,WR,2275,90.4
ktc,regular,2024,9505,Deuce Vaughn,RB,1289,6.6
ktc,regular,2024,4054,Mo Alie-Cox,TE,411,32.7
ktc,regular,2024,11584,Bucky Irving,RB,2561,205.5
ktc,regular,2024,5937,Diontae Johnson,WR,3246,70.4
ktc,regular,2024,7568,Brevin Jordan,TE,1298,2.7
ktc,regular,2024,10210,Cameron Latu,TE,367,0
ktc,regular,2024,6806,J.K. Dobbins,RB,2312,166.8
ktc,regular,2024,6074,Donald Parham,TE,381,0
ktc,regular,2024,7090,Darnell Mooney,WR,2151,161.2
ktc,regular,2024,6126,Irv Smith,TE,442,0
ktc,regular,2024,7591,Justin Fields,QB,2688,119.1
ktc,regular,2024,8917,KaVontae Turpin,WR,371,81.4
ktc,regular,2024,5323,Equanimeous St. Brown,WR,255,0
ktc,regular,2024,5938,Lil'Jordan Humphrey,WR,253,45.2
ktc,regular,2024,6039,Ty Johnson,RB,912,80.9
ktc,regular,2024,8123,Hassan Haskins,RB,752,22
ktc,regular,2024,4111,D'Onta Foreman,RB,894,25.6
ktc,regular,2024,7606,Kadarius Toney,WR,294,-2.4
ktc,regular,2024,7716,John Bates,TE,215,14.4
ktc,regular,2024,7757,Ben Skowronek,WR,240,9.4
ktc,regular,2024,7559,Ihmir Smith-Marsette,WR,359,6
ktc,regular,2024,11560,Caleb Williams,QB,8226,243.6
ktc,regular,2024,5849,Kyler Murray,QB,6875,269.4
ktc,regular,2024,7525,DeVonta Smith,WR,5679,165.4
ktc,regular,2024,5844,T.J. Hockenson,TE,4433,83.6
ktc,regular,2024,8172,Greg Dulcich,TE,2405,7.8
ktc,regular,2024,6904,Jalen Hurts,QB,8621,315.1
ktc,regular,2024,6797,Justin Herbert,QB,6485,257.4
ktc,regular,2024,8151,Kenneth Walker III,RB,5112,158.2
ktc,regular,2024,11620,Rome Odunze,WR,5687,115.1
ktc,regular,2024,10229,Rashee Rice,WR,4934,52.9
ktc,regular,2024,6845,Zack Moss,RB,2681,70.4
ktc,regular,2024,4082,Curtis Samuel,WR,2377,39.5
ktc,regular,2024,96,Aaron Rodgers,QB,2534,231.6
ktc,regular,2024,6001,Drew Sample,TE,488,31.1
ktc,regular,2024,4881,Lamar Jackson,QB,8641,407.4
ktc,regular,2024,4983,D.J. Moore,WR,5270,171.5
ktc,regular,2024,11631,Brian Thomas Jr.,WR,4838,226.7
ktc,regular,2024,2505,Darren Waller,TE,516,0
ktc,regular,2024,1466,Travis Kelce,TE,4498,195.4
ktc,regular,2024,1373,Geno Smith,QB,2672,239.7
ktc,regular,2024,11581,MarShawn Lloyd,RB,2814,2.3
ktc,regular,2024,2749,Raheem Mostert,RB,2675,61.4
ktc,regular,2024,7694,Tommy Tremble,TE,1154,45.4
ktc,regular,2024,4217,George Kittle,TE,3906,231.9
ktc,regular,2024,6819,Michael Pittman,WR,4893,121.1
ktc,regular,2024,11566,Jayden Daniels,QB,6852,351.6
ktc,regular,2024,5846,DK Metcalf,WR,5224,145.4
ktc,regular,2024,5870,Daniel Jones,QB,2424,135.3
ktc,regular,2024,8127,Charlie Kolar,TE,516,28.3
ktc,regular,2024,7569,Nico Collins,WR,5769,164.3
ktc,regular,2024,1426,DeAndre Hopkins,WR,2364,119
ktc,regular,2024,8214,Cole Turner,TE,506,0
ktc,regular,2024,8160,Kenny Pickett,QB,831,25.1
ktc,regular,2024,11645,Javon Baker,WR,2384,0
ktc,regular,2024,3202,Austin Hooper,TE,507,101.9
ktc,regular,2024,9758,C.J. Stroud,QB,9304,214.4
ktc,regular,2024,9226,De'Von Achane,RB,5905,242.8
ktc,regular,2024,6813,Jonathan Taylor,RB,6050,211.2
ktc,regular,2024,8144,Chris Olave,WR,5834,60.7
ktc,regular,2024,8183,Brock Purdy,QB,5541,266.9
ktc,regular,2024,9482,Michael Mayer,TE,2565,30.5
ktc,regular,2024,6144,Trayveon Williams,RB,680,0
ktc,regular,2024,6803,Brandon Aiyuk,WR,5809,49.9
ktc,regular,2024,7523,Trevor Lawrence,QB,5963,145.2
ktc,regular,2024,10219,Chris Rodriguez,RB,732,31
ktc,regular,2024,4029,Dalvin Cook,RB,724,3.5
ktc,regular,2024,11628,Marvin Harrison Jr.,WR,8293,150.7
ktc,regular,2024,8146,Garrett Wilson,WR,7302,194.3
ktc,regular,2024,9493,Puka Nacua,WR,6957,167.1
ktc,regular,2024,9481,Luke Musgrave,TE,3008,8.6
ktc,regular,2024,5022,Dallas Goedert,TE,2907,94.1
ktc,regular,2024,11567,Jordan Travis,QB,1201,0
ktc,regular,2024,6869,Adam Trautman,TE,739,43.8
ktc,regular,2024,5859,A.J. Brown,WR,6867,183.4
ktc,regular,2024,7600,Pat Freiermuth,TE,3019,145.8
ktc,regular,2024,5001,Dalton Schultz,TE,2908,112.3
ktc,regular,2024,10862,Dorian Thompson-Robinson,QB,1079,15
ktc,regular,2024,8131,Isaiah Likely,TE,2998,116.9
ktc,regular,2024,11632,Malik Nabers,WR,6844,204.2
ktc,regular,2024,7610,Trey Lance,QB,963,0.4
ktc,regular,2024,6826,Cole Kmet,TE,2958,118.1
ktc,regular,2024,7564,Ja'Marr Chase,WR,8538,318.9
ktc,regular,2024,6111,Jake Browning,QB,1056,-0.2
ktc,regular,2024,2306,Jameis Winston,QB,1278,131.1
ktc,regular,2024,11557,Joe Milton,QB,1219,0
ktc,regular,2024,4046,Patrick Mahomes,QB,9992,282.5
ktc,regular,2024,9221,Jahmyr Gibbs,RB,7319,293.4
ktc,regular,2024,4984,Josh Allen,QB,9975,379
ktc,regular,2024,7547,Amon-Ra St. Brown,WR,8857,248
ktc,regular,2024,4066,Evan Engram,TE,3738,89.5
ktc,regular,2024,8205,Isiah Pacheco,RB,4963,50.9
ktc,regular,2024,8161,Malik Willis,QB,934,48.1
ktc,regular,2024,4179,Joshua Dobbs,QB,838,8.1
ktc,regular,2024,2133,Davante Adams,WR,3960,181
ktc,regular,2024,5854,Drew Lock,QB,958,72.3
ktc,regular,2024,7527,Mac Jones,QB,941,83.4
ktc,regular,2024,6943,Gabriel Davis,WR,2294,43.9
ktc,regular,2024,7538,Zach Wilson,QB,869,0
ktc,regular,2024,11627,Troy Franklin,WR,2287,50.9
ktc,regular,2024,7553,Kyle Pitts,TE,5348,127.7
ktc,regular,2024,5012,Mark Andrews,TE,4957,173.4
ktc,regular,2024,10859,Sam LaPorta,TE,7603,161.3
ktc,regular,2024,8130,Trey McBride,TE,6233,230.3
ktc,regular,2024,10236,Dalton Kincaid,TE,5985,100.8
ktc,regular,2024,7526,Jaylen Waddle,WR,5988,113.6
ktc,regular,2024,4034,Christian McCaffrey,RB,7268,40.3
ktc,regular,2024,11604,Brock Bowers,TE,5765,247.7
ktc,regular,2024,8112,Drake London,WR,6088,195.1
ktc,regular,2024,6843,Albert Okwuegbunam,TE,575,0
ktc,regular,2024,3321,Tyreek Hill,WR,6738,174.7
ktc,regular,2024,5985,Foster Moreau,TE,613,96.2
ktc,regular,2024,5973,Josh Oliver,TE,566,62.2
ktc,regular,2024,8197,Peyton Hendershot,TE,714,5.6
ktc,regular,2024,9502,Tank Dell,WR,5118,114.5
ktc,regular,2025,9221,Jahmyr Gibbs,RB,8736,309.6
ktc,regular,2025,6813,Jonathan Taylor,RB,5451,334.4
ktc,regular,2025,8155,Breece Hall,RB,4944,189.7
ktc,regular,2025,7526,Jaylen Waddle,WR,4486,162.1
ktc,regular,2025,3294,Dak Prescott,QB,4458,313.1
ktc,regular,2025,6790,D'Andre Swift,RB,3270,206.3
ktc,regular,2025,7591,Justin Fields,QB,3634,142.7
ktc,regular,2025,8144,Chris Olave,WR,4116,218
ktc,regular,2025,7553,Kyle Pitts,TE,3504,199
ktc,regular,2025,7611,Rhamondre Stevenson,RB,2487,128.5
ktc,regular,2025,8121,Romeo Doubs,WR,2421,137.9
ktc,regular,2025,11630,Roman Wilson,WR,2043,32.6
ktc,regular,2025,11597,Theo Johnson,TE,2493,127.8
ktc,regular,2025,12502,Gunnar Helm,TE,2091,91.7
ktc,regular,2025,8188,Tyquan Thornton,WR,1294,71.3
ktc,regular,2025,11645,Javon Baker,WR,1344,0
ktc,regular,2025,11581,MarShawn Lloyd,RB,1883,0
ktc,regular,2025,11435,Emanuel Wilson,RB,1383,81.7
ktc,regular,2025,1166,Kirk Cousins,QB,1354,94.3
ktc,regular,2025,11619,Ja'Lynn Polk,WR,1389,0
ktc,regular,2025,6865,Colby Parkinson,TE,1428,110.2
ktc,regular,2025,3286,Demarcus Robinson,WR,950,43.3
ktc,regular,2025,6943,Gabriel Davis,WR,834,12.3
ktc,regular,2025,5374,Justin Watson,WR,393,4.5
ktc,regular,2025,10216,Kenny McIntosh,RB,695,0
ktc,regular,2025,10862,Dorian Thompson-Robinson,QB,394,0
ktc,regular,2025,7083,Tyler Huntley,QB,590,40.1
ktc,regular,2025,9509,Bijan Robinson,RB,8997,325.5
ktc,regular,2025,9997,Zay Flowers,WR,4384,172.5
ktc,regular,2025,7523,Trevor Lawrence,QB,5045,314.9
ktc,regular,2025,11576,Braelon Allen,RB,3188,14.3
ktc,regular,2025,4983,D.J. Moore,WR,4254,143.6
ktc,regular,2025,4018,Joe Mixon,RB,2738,0
ktc,regular,2025,7090,Darnell Mooney,WR,2789,62.8
ktc,regular,2025,11625,Adonai Mitchell,WR,2550,71.4
ktc,regular,2025,9481,Luke Musgrave,TE,2143,49.2
ktc,regular,2025,6149,Darius Slayton,WR,1561,72.9
ktc,regular,2025,2374,Tyler Lockett,WR,1412,56.1
ktc,regular,2025,7561,Elijah Mitchell,RB,1530,0
ktc,regular,2025,19,Joe Flacco,QB,1567,146.5
ktc,regular,2025,11617,Malachi Corley,WR,1221,21.3
ktc,regular,2025,7568,Brevin Jordan,TE,1238,0
ktc,regular,2025,7601,Rondale Moore,WR,1024,0
ktc,regular,2025,10234,Derius Davis,WR,813,-0.7
ktc,regular,2025,6144,Trayveon Williams,RB,457,10.6
ktc,regular,2025,10857,Stetson Bennett,QB,644,0
ktc,regular,2025,4034,Christian McCaffrey,RB,5071,356.9
ktc,regular,2025,3198,Derrick Henry,RB,4799,259.4
ktc,regular,2025,5045,Courtland Sutton,WR,4112,181.7
ktc,regular,2025,1373,Geno Smith,QB,3106,173.9
ktc,regular,2025,9500,Josh Downs,WR,3618,99.8
ktc,regular,2025,8131,Isaiah Likely,TE,3534,56.5
ktc,regular,2025,11575,Ray Davis,RB,2567,34.7
ktc,regular,2025,7571,Rashod Bateman,WR,2680,45.9
ktc,regular,2025,7828,Noah Gray,TE,2130,32.8
ktc,regular,2025,9492,Trey Palmer,WR,1421,0
ktc,regular,2025,6039,Ty Johnson,RB,1319,69.7
ktc,regular,2025,6828,AJ Dillon,RB,1101,6.8
ktc,regular,2025,2306,Jameis Winston,QB,1353,42.8
ktc,regular,2025,8917,KaVontae Turpin,WR,997,70.8
ktc,regular,2025,12715,Thomas Fidone,TE,1369,0
ktc,regular,2025,4080,Zay Jones,WR,879,24.3
ktc,regular,2025,8118,David Bell,WR,802,0
ktc,regular,2025,10223,Eric Gray,RB,552,0
ktc,regular,2025,11256,Tyson Bagent,QB,628,2.6
ktc,regular,2025,5846,DK Metcalf,WR,4520,157.7
ktc,regular,2025,5967,Tony Pollard,RB,3220,161.3
ktc,regular,2025,421,Matthew Stafford,QB,2836,323.7
ktc,regular,2025,5012,Mark Andrews,TE,3531,127.6
ktc,regular,2025,8117,Jalen Tolbert,WR,1413,37.3
ktc,regular,2025,6945,Antonio Gibson,RB,1141,22.2
ktc,regular,2025,5995,Justice Hill,RB,1563,54.7
ktc,regular,2025,11306,Xavier Gipson,WR,1069,-2.4
ktc,regular,2025,6960,Tyler Johnson,WR,978,31.7
ktc,regular,2025,6290,Scotty Miller,WR,403,8.8
ktc,regular,2025,11638,Ricky Pearsall,WR,4517,70.6
ktc,regular,2025,11559,Michael Penix Jr.,QB,4977,120.3
ktc,regular,2025,8408,Jordan Mason,RB,3154,112.5
ktc,regular,2025,6768,Tua Tagovailoa,QB,3641,160.7
ktc,regular,2025,2216,Mike Evans,WR,3772,65.4
ktc,regular,2025,8154,Brian Robinson,RB,2677,57.6
ktc,regular,2025,9502,Tank Dell,WR,2388,0
ktc,regular,2025,6826,Cole Kmet,TE,2383,73.1
ktc,regular,2025,11603,AJ Barner,TE,1996,143.9
ktc,regular,2025,8119,Jahan Dotson,WR,1311,35.7
ktc,regular,2025,1426,DeAndre Hopkins,WR,1589,56
ktc,regular,2025,4098,Kareem Hunt,RB,1358,131.4
ktc,regular,2025,8162,Sam Howell,QB,1291,0
ktc,regular,2025,9479,Darnell Washington,TE,1610,73.4
ktc,regular,2025,7565,Terrace Marshall,WR,851,0
ktc,regular,2025,6920,Isaiah Hodgins,WR,846,22.5
ktc,regular,2025,8151,Kenneth Walker III,RB,4845,161.1
ktc,regular,2025,11589,Trey Benson,RB,3154,28.9
ktc,regular,2025,5848,Marquise Brown,WR,2072,105.3
ktc,regular,2025,4082,Curtis Samuel,WR,1238,17.6
ktc,regular,2025,7567,Kenneth Gainwell,RB,1288,167.4
ktc,regular,2025,8161,Malik Willis,QB,1417,51.2
ktc,regular,2025,8172,Greg Dulcich,TE,1321,56.7
ktc,regular,2025,5917,Mecole Hardman,WR,847,-2
ktc,regular,2025,8114,Erik Ezukanma,WR,588,0
ktc,regular,2025,6111,Jake Browning,QB,811,48.7
ktc,regular,2025,11618,Jalen McMillan,WR,2683,22.3
ktc,regular,2025,8126,Wan'Dale Robinson,WR,2286,171.9
ktc,regular,2025,4144,Jonnu Smith,TE,2439,83.8
ktc,regular,2025,6151,Miles Sanders,RB,1524,22.7
ktc,regular,2025,5937,Diontae Johnson,WR,1065,0
ktc,regular,2025,7694,Tommy Tremble,TE,1409,51.1
ktc,regular,2025,2197,Brandin Cooks,WR,949,39.9
ktc,regular,2025,5938,Lil'Jordan Humphrey,WR,458,28.1
ktc,regular,2025,6806,J.K. Dobbins,RB,2891,110.4
ktc,regular,2025,9501,Demario Douglas,WR,2552,76.4
ktc,regular,2025,9754,Quentin Johnston,WR,2198,145.7
ktc,regular,2025,9482,Michael Mayer,TE,2210,66.1
ktc,regular,2025,11640,Jermaine Burton,WR,1598,0
ktc,regular,2025,8129,Dameon Pierce,RB,1705,2.6
ktc,regular,2025,8160,Kenny Pickett,QB,1155,8.7
ktc,regular,2025,11629,Devontez Walker,WR,1252,23
ktc,regular,2025,4171,Josh Reynolds,WR,1056,17.6
ktc,regular,2025,8204,Bo Melton,WR,805,22.2
ktc,regular,2025,8150,Kyren Williams,RB,5397,235.7
ktc,regular,2025,3163,Jared Goff,QB,4482,281.8
ktc,regular,2025,4039,Cooper Kupp,WR,2683,88.9
ktc,regular,2025,7608,Khalil Herbert,RB,1077,1
ktc,regular,2025,11557,Joe Milton,QB,1885,5.1
ktc,regular,2025,5185,Allen Lazard,WR,856,18
ktc,regular,2025,7595,Tylan Wallace,WR,606,12.5
ktc,regular,2025,8254,Julius Chestnut,RB,624,4
ktc,regular,2025,4972,Mason Rudolph,QB,720,15
ktc,regular,2025,4950,Christian Kirk,WR,2279,43.7
ktc,regular,2025,7600,Pat Freiermuth,TE,2630,105.5
ktc,regular,2025,4234,Noah Brown,WR,1159,10.8
ktc,regular,2025,7527,Mac Jones,QB,1222,130
ktc,regular,2025,8225,Daniel Bellinger,TE,1480,47.8
ktc,regular,2025,9228,Bryce Young,QB,4832,201.5
ktc,regular,2025,9508,Tyjae Spears,RB,2804,83
ktc,regular,2025,5001,Dalton Schultz,TE,2221,166.4
ktc,regular,2025,4454,Kendrick Bourne,WR,1017,73.6
ktc,regular,2025,5133,Tyler Conklin,TE,1450,15.7
ktc,regular,2025,10867,Jake Bobo,WR,990,3
ktc,regular,2025,12493,Oronde Gadsden,TE,2208,127.1
ktc,regular,2025,7496,Nick Westbrook-Ikhine,WR,1242,14.4
ktc,regular,2025,7610,Trey Lance,QB,1141,5.2
ktc,regular,2025,9490,Tyler Scott,WR,784,0
ktc,regular,2025,8123,Hassan Haskins,RB,691,7.7
ktc,regular,2025,4943,Sam Darnold,QB,3397,226.6
ktc,regular,2025,6783,Jerry Jeudy,WR,3735,92.5
ktc,regular,2025,10444,Cedric Tillman,WR,2704,46.7
ktc,regular,2025,8167,Christian Watson,WR,2120,114.9
ktc,regular,2025,3214,Hunter Henry,TE,2282,168.2
ktc,regular,2025,9497,Jalin Hyatt,WR,1516,6
ktc,regular,2025,2309,Amari Cooper,WR,1155,0
ktc,regular,2025,6805,KJ Hamler,WR,907,0
ktc,regular,2025,9495,Rakim Jarrett,WR,549,0
ktc,regular,2025,8135,Treylon Burks,WR,605,21.8
ktc,regular,2025,7562,Tutu Atwell,WR,1521,25.8
ktc,regular,2025,8168,Skyy Moore,WR,823,12.3
ktc,regular,2025,1339,Zach Ertz,TE,2228,126.4
ktc,regular,2025,4993,Mike Gesicki,TE,2153,67.4
ktc,regular,2025,4040,JuJu Smith-Schuster,WR,928,54.7
ktc,regular,2025,5906,Dawson Knox,TE,1922,93.3
ktc,regular,2025,7588,Javonte Williams,RB,2764,225.3
ktc,regular,2025,5113,Cedrick Wilson,WR,418,6.9
ktc,regular,2025,11439,Jaleel McLaughlin,RB,1596,23.1
ktc,regular,2025,11595,Jared Wiley,TE,1402,1.4
ktc,regular,2025,6820,Clyde Edwards-Helaire,RB,569,3.2
ktc,regular,2025,8147,John Metchie,WR,1671,51.9
ktc,regular,2025,6824,Donovan Peoples-Jones,WR,730,0
ktc,regular,2025,11621,Brenden Rice,WR,975,0
ktc,regular,2025,11626,Xavier Legette,WR,2794,68.1
ktc,regular,2025,7002,Juwan Johnson,TE,1915,172.8
ktc,regular,2025,3271,Tyler Higbee,TE,1567,51
ktc,regular,2025,7593,Trey Sermon,RB,785,0
ktc,regular,2025,10218,Xavier Hutchinson,WR,1234,69.6
ktc,regular,2025,4351,Tim Patrick,WR,809,43.3
ktc,regular,2025,9487,Parker Washington,WR,1582,138.5
ktc,regular,2025,8142,Alec Pierce,WR,2077,132.6
ktc,regular,2025,6130,Devin Singletary,RB,1221,89.2
ktc,regular,2025,10231,Elijah Higgins,TE,1409,52.3
ktc,regular,2025,11573,Frank Gore Jr.,RB,1021,0
ktc,regular,2025,10225,Jonathan Mingo,WR,1108,3
ktc,regular,2025,3321,Tyreek Hill,WR,3684,43
ktc,regular,2025,7066,K.J. Osborn,WR,932,0
ktc,regular,2025,10863,A.T. Perry,WR,865,0
ktc,regular,2025,9227,Israel Abanikanda,RB,1059,0
ktc,regular,2025,5086,Marquez Valdes-Scantling,WR,758,19.1
ktc,regular,2025,6271,Olamide Zaccheaus,WR,995,65.3
ktc,regular,2025,7596,Elijah Moore,WR,1668,24.1
ktc,regular,2025,8208,Tyler Badie,RB,754,22.3
ktc,regular,2025,11627,Troy Franklin,WR,2276,144.6
ktc,regular,2025,11579,Audric Estime,RB,1599,29
ktc,regular,2025,5970,Greg Dortch,WR,1128,60.6
ktc,regular,2025,6011,Gardner Minshew,QB,862,-0.3
ktc,regular,2025,6845,Zack Moss,RB,524,0
ktc,regular,2025,8116,Pierre Strong Jr.,RB,749,0
ktc,regular,2025,11636,Johnny Wilson,WR,951,0
ktc,regular,2025,6853,Van Jefferson,WR,858,55.5
ktc,regular,2025,7564,Ja'Marr Chase,WR,9999,231.5
ktc,regular,2025,6797,Justin Herbert,QB,6281,286.9
ktc,regular,2025,9753,Zach Charbonnet,RB,3557,154.2
ktc,regular,2025,9225,Tank Bigsby,RB,3102,35.2
ktc,regular,2025,11637,Keon Coleman,WR,3447,75.5
ktc,regular,2025,9494,Marvin Mims,WR,2963,72.5
ktc,regular,2025,8228,Jaylen Warren,RB,2988,184.7
ktc,regular,2025,5872,Deebo Samuel,WR,2964,149.1
ktc,regular,2025,11600,Ja'Tavion Sanders,TE,2701,54
ktc,regular,2025,4663,Austin Ekeler,RB,2195,10.6
ktc,regular,2025,5987,Alexander Mattison,RB,841,0
ktc,regular,2025,6938,Cam Akers,RB,933,7.2
ktc,regular,2025,3202,Austin Hooper,TE,443,57.8
ktc,regular,2025,5892,David Montgomery,RB,3448,148.9
ktc,regular,2025,5849,Kyler Murray,QB,5054,77.8
ktc,regular,2025,4137,James Conner,RB,3365,29.3
ktc,regular,2025,6803,Brandon Aiyuk,WR,3294,0
ktc,regular,2025,5022,Dallas Goedert,TE,2816,185.1
ktc,regular,2025,9506,Sean Tucker,RB,2075,87.8
ktc,regular,2025,11199,Emari Demercado,RB,933,45.6
ktc,regular,2025,8127,Charlie Kolar,TE,727,36.2
ktc,regular,2025,11563,Bo Nix,QB,6423,294.3
ktc,regular,2025,4035,Alvin Kamara,RB,3713,84.2
ktc,regular,2025,5870,Daniel Jones,QB,2655,226.4
ktc,regular,2025,6819,Michael Pittman,WR,3108,160.3
ktc,regular,2025,8210,Chigoziem Okonkwo,TE,2630,121.8
ktc,regular,2025,11586,Blake Corum,RB,2267,110.8
ktc,regular,2025,11610,Malik Washington,WR,1826,83.4
ktc,regular,2025,7607,Michael Carter,RB,864,77.1
ktc,regular,2025,8139,Zamir White,RB,993,6.1
ktc,regular,2025,6794,Justin Jefferson,WR,9072,145.1
ktc,regular,2025,4892,Baker Mayfield,QB,5371,258.7
ktc,regular,2025,8205,Isiah Pacheco,RB,3390,77.8
ktc,regular,2025,4037,Chris Godwin,WR,3152,65.2
ktc,regular,2025,2449,Stefon Diggs,WR,2948,162
ktc,regular,2025,8111,Cade Otton,TE,2843,99.8
ktc,regular,2025,4988,Nick Chubb,RB,1943,81.8
ktc,regular,2025,11650,Luke McCaffrey,WR,1734,45.8
ktc,regular,2025,11599,Cade Stover,TE,1634,18
ktc,regular,2025,6850,Harrison Bryant,TE,942,2.7
ktc,regular,2025,11564,Drake Maye,QB,6415,335.7
ktc,regular,2025,7594,Chuba Hubbard,RB,4250,107.7
ktc,regular,2025,7049,Jauan Jennings,WR,2979,140.3
ktc,regular,2025,9511,Keaton Mitchell,RB,2385,50.7
ktc,regular,2025,1689,Adam Thielen,WR,1804,24.3
ktc,regular,2025,10235,Roschon Johnson,RB,1979,1.7
ktc,regular,2025,8180,Jalen Nailor,WR,1685,79.8
ktc,regular,2025,5985,Foster Moreau,TE,563,12.9
ktc,regular,2025,5947,Jakobi Meyers,WR,3195,131.4
ktc,regular,2025,8676,Rashid Shaheed,WR,2856,126.4
ktc,regular,2025,11577,Will Shipley,RB,2090,10.7
ktc,regular,2025,5857,Noah Fant,TE,1800,75.3
ktc,regular,2025,9505,Deuce Vaughn,RB,1011,0
ktc,regular,2025,4199,Aaron Jones,RB,2974,104.7
ktc,regular,2025,8136,Rachaad White,RB,2444,117.9
ktc,regular,2025,8230,Ty Chandler,RB,923,2.4
ktc,regular,2025,10219,Chris Rodriguez,RB,2174,75.7
ktc,regular,2025,5973,Josh Oliver,TE,448,50.1
ktc,regular,2025,9504,Kayshon Boutte,WR,1842,104.2
ktc,regular,2025,2505,Darren Waller,TE,1666,88.7
ktc,regular,2025,8219,Jelani Woods,TE,687,1.4
ktc,regular,2025,11583,Jonathon Brooks,RB,2239,0
ktc,regular,2025,9229,Anthony Richardson,QB,2575,1.7
ktc,regular,2025,8134,Khalil Shakir,WR,3273,130.4
ktc,regular,2025,11596,Ben Sinnott,TE,2686,26.1
ktc,regular,2025,7021,Rico Dowdle,RB,2007,194.8
ktc,regular,2025,8125,Calvin Austin III,WR,1698,57.7
ktc,regular,2025,7543,Travis Etienne,RB,3022,231.6
ktc,regular,2025,8143,Jerome Ford,RB,2212,30.6
ktc,regular,2025,11370,Chris Brooks,RB,799,20.1
ktc,regular,2025,10222,Jayden Reed,WR,3360,39
ktc,regular,2025,4981,Calvin Ridley,WR,3384,38.8
ktc,regular,2025,7587,Dyami Brown,WR,1769,38.4
ktc,regular,2025,9757,Kendre Miller,RB,2050,30.8
ktc,regular,2025,6126,Irv Smith,TE,634,0
ktc,regular,2025,10871,Luke Schoonmaker,TE,1667,25
ktc,regular,2025,2749,Raheem Mostert,RB,1006,23.4
ktc,regular,2025,4147,Samaje Perine,RB,892,62.7
ktc,regular,2025,4381,Taysom Hill,TE,944,35.6
ktc,regular,2025,6770,Joe Burrow,QB,8281,113.3
ktc,regular,2025,6804,Jordan Love,QB,5786,235.1
ktc,regular,2025,8138,James Cook,RB,5020,284.2
ktc,regular,2025,10229,Rashee Rice,WR,5069,123.6
ktc,regular,2025,4033,David Njoku,TE,3621,86.3
ktc,regular,2025,8137,George Pickens,WR,4605,244
ktc,regular,2025,11592,Erick All,TE,1623,0
ktc,regular,2025,4046,Patrick Mahomes,QB,6463,285.2
ktc,regular,2025,11560,Caleb Williams,QB,5965,300.6
ktc,regular,2025,11620,Rome Odunze,WR,5078,124.1
ktc,regular,2025,9484,Tucker Kraft,TE,3998,117.2
ktc,regular,2025,7528,Najee Harris,RB,2455,10.1
ktc,regular,2025,1479,Keenan Allen,WR,1889,135.1
ktc,regular,2025,9758,C.J. Stroud,QB,6211,191.3
ktc,regular,2025,5844,T.J. Hockenson,TE,4196,112.8
ktc,regular,2025,12506,Harold Fannin,TE,2922,186.4
ktc,regular,2025,5927,Terry McLaurin,WR,4574,87.5
ktc,regular,2025,11643,Jaylen Wright,RB,2481,42.7
ktc,regular,2025,6904,Jalen Hurts,QB,7677,299.1
ktc,regular,2025,7525,DeVonta Smith,WR,4971,156.6
ktc,regular,2025,11562,Spencer Rattler,QB,1915,98.6
ktc,regular,2025,6801,Tee Higgins,WR,5459,166.4
ktc,regular,2025,9756,Jordan Addison,WR,4543,112.8
ktc,regular,2025,8148,Jameson Williams,WR,4988,177
ktc,regular,2025,9486,Dontayvion Wicks,WR,1968,60.8
ktc,regular,2025,1234,Russell Wilson,QB,2001,49.8
ktc,regular,2025,8132,Tyler Allgeier,RB,2458,113.6
ktc,regular,2025,10232,Michael Wilson,WR,1947,163.2
ktc,regular,2025,96,Aaron Rodgers,QB,1899,208.8
ktc,regular,2025,9224,Chase Brown,RB,5526,231.1
ktc,regular,2025,11584,Bucky Irving,RB,6088,113.2
ktc,regular,2025,8183,Brock Purdy,QB,5515,172.2
ktc,regular,2025,4881,Lamar Jackson,QB,9792,194.4
ktc,regular,2025,11565,J.J. McCarthy,QB,5429,117.4
ktc,regular,2025,8146,Garrett Wilson,WR,5761,81.5
ktc,regular,2025,12487,Terrance Ferguson,TE,3031,52.1
ktc,regular,2025,5859,A.J. Brown,WR,5791,181.3
ktc,regular,2025,7547,Amon-Ra St. Brown,WR,7362,246.1
ktc,regular,2025,9493,Puka Nacua,WR,7186,289.5
ktc,regular,2025,8112,Drake London,WR,6784,152.1
ktc,regular,2025,8110,Jake Ferguson,TE,3386,186.6
ktc,regular,2025,12521,Elijah Arroyo,TE,3309,36.9
ktc,regular,2025,1837,Jimmy Garoppolo,QB,887,-0.7
ktc,regular,2025,5854,Drew Lock,QB,904,0.1
ktc,regular,2025,7569,Nico Collins,WR,6652,190.7
ktc,regular,2025,6786,CeeDee Lamb,WR,8291,162.5
ktc,regular,2025,12498,Mason Taylor,TE,3379,88.9
ktc,regular,2025,11631,Brian Thomas Jr.,WR,7673,108.4
ktc,regular,2025,4066,Evan Engram,TE,3398,95.3
ktc,regular,2025,10214,Davis Allen,TE,1156,62.8
ktc,regular,2025,7538,Zach Wilson,QB,975,1.4
ktc,regular,2025,9999,Will Levis,QB,1047,0
ktc,regular,2025,10866,Aidan O'Connell,QB,972,0
ktc,regular,2025,1466,Travis Kelce,TE,3232,189
ktc,regular,2025,9998,Hendon Hooker,QB,874,0
ktc,regular,2025,9480,Brenton Strange,TE,3223,100.8
ktc,regular,2025,4984,Josh Allen,QB,9992,364.6
ktc,regular,2025,5850,Josh Jacobs,RB,4992,219.1
ktc,regular,2025,4866,Saquon Barkley,RB,6422,213.8
ktc,regular,2025,11566,Jayden Daniels,QB,9891,114.3
ktc,regular,2025,11632,Malik Nabers,WR,8671,48.1
ktc,regular,2025,10236,Dalton Kincaid,TE,3547,118.3
ktc,regular,2025,2133,Davante Adams,WR,3493,192.9
ktc,regular,2025,10213,Tre Tucker,WR,1863,128.8
ktc,regular,2025,10226,Andrei Iosivas,WR,1877,71.4
ktc,regular,2025,12517,Colston Loveland,TE,5134,140
ktc,regular,2025,4217,George Kittle,TE,5043,153.6
ktc,regular,2025,8130,Trey McBride,TE,7315,302.4
ktc,regular,2025,11604,Brock Bowers,TE,9094,176.2
ktc,regular,2025,12518,Tyler Warren,TE,5734,180.9
ktc,regular,2025,11628,Marvin Harrison Jr.,WR,6278,107.3
ktc,regular,2025,9226,De'Von Achane,RB,6247,289.3
ktc,regular,2025,11635,Ladd McConkey,WR,6391,147.9
ktc,regular,2025,9488,Jaxon Smith-Njigba,WR,6397,289
ktc,regular,2025,5010,Will Dissly,TE,1123,19.1
ktc,regular,2025,10859,Sam LaPorta,TE,5490,106.9
ktc,regular,2025,7891,Brock Wright,TE,1060,36.8
ktc,regular,2025,8145,Jeremy Ruckert,TE,1092,46.9
ktc,regular,2025,8177,Grant Calcaterra,TE,1151,12.5
ktc,regular,2025,11624,Xavier Worthy,WR,4694,88.9
comp,hwang,2021,4029,Dalvin Cook,RB,6851,164.1
comp,hwang,2021,6813,Jonathan Taylor,RB,6151,323.6
comp,hwang,2021,6820,Clyde Edwards-Helaire,RB,5194,98.6
comp,hwang,2021,7564,Ja'Marr Chase,WR,3922,221
comp,hwang,2021,7591,Justin Fields,QB,4801,126.8
comp,hwang,2021,7528,Najee Harris,RB,5451,221.2
comp,hwang,2021,7610,Trey Lance,QB,4645,64.9
comp,hwang,2021,5045,Courtland Sutton,WR,4053,90.3
comp,hwang,2021,4993,Mike Gesicki,TE,2909,125.3
comp,hwang,2021,4149,Jamaal Williams,RB,2222,88.6
comp,hwang,2021,4068,Mike Williams,WR,2745,152.7
comp,hwang,2021,5038,Michael Gallup,WR,2805,56.5
comp,hwang,2021,5906,Dawson Knox,TE,504,132.8
comp,hwang,2021,4995,Ian Thomas,TE,179,27.8
comp,hwang,2021,4274,David Moore,WR,32,0
comp,hwang,2021,4351,Tim Patrick,WR,141,93.9
comp,hwang,2021,2161,Jerick McKinnon,RB,249,11.9
comp,hwang,2021,6144,Trayveon Williams,RB,6,1.3
comp,hwang,2021,2711,Taylor Heinicke,QB,482,216.8
comp,hwang,2021,5323,Equanimeous St. Brown,WR,23,9
comp,hwang,2021,7535,Hunter Long,TE,214,1.3
comp,hwang,2021,6920,Isaiah Hodgins,WR,10,0
comp,hwang,2021,7713,Jaelon Darden,WR,93,5.4
comp,hwang,2021,6847,Devin Duvernay,WR,102,50
comp,hwang,2021,6951,Eno Benjamin,RB,101,16.4
comp,hwang,2021,6011,Gardner Minshew,QB,544,19.2
comp,hwang,2021,2307,Marcus Mariota,QB,544,12.4
comp,hwang,2021,4034,Christian McCaffrey,RB,8917,90.5
comp,hwang,2021,4018,Joe Mixon,RB,5266,245.9
comp,hwang,2021,3225,Tyler Boyd,WR,3537,116.8
comp,hwang,2021,7523,Trevor Lawrence,QB,4961,180.4
comp,hwang,2021,1166,Kirk Cousins,QB,4717,278.4
comp,hwang,2021,5872,Deebo Samuel,WR,3625,237
comp,hwang,2021,4137,James Conner,RB,2298,199.4
comp,hwang,2021,4082,Curtis Samuel,WR,2515,3.8
comp,hwang,2021,4033,David Njoku,TE,335,87.5
comp,hwang,2021,6927,Quez Watkins,WR,177,58.6
comp,hwang,2021,6931,DeeJay Dallas,RB,121,39
comp,hwang,2021,7559,Ihmir Smith-Marsette,WR,103,7.3
comp,hwang,2021,5995,Justice Hill,RB,29,0
comp,hwang,2021,7605,Kyle Trask,QB,464,0
comp,hwang,2021,3976,Mitchell Trubisky,QB,420,7.8
comp,hwang,2021,5892,David Montgomery,RB,4957,145.1
comp,hwang,2021,6783,Jerry Jeudy,WR,4023,44
comp,hwang,2021,2028,Derek Carr,QB,3111,241.6
comp,hwang,2021,6828,AJ Dillon,RB,2719,144.9
comp,hwang,2021,6814,Laviska Shenault,WR,3298,57.8
comp,hwang,2021,5917,Mecole Hardman,WR,2105,70.6
comp,hwang,2021,5010,Will Dissly,TE,298,39.6
comp,hwang,2021,6001,Drew Sample,TE,193,12.3
comp,hwang,2021,7608,Khalil Herbert,RB,192,63.8
comp,hwang,2021,6804,Jordan Love,QB,675,13.9
comp,hwang,2021,6960,Tyler Johnson,WR,119,33.8
comp,hwang,2021,7602,Kylen Granson,TE,234,16.1
comp,hwang,2021,1535,Cordarrelle Patterson,RB,32,181.4
comp,hwang,2021,4035,Alvin Kamara,RB,6737,171.5
comp,hwang,2021,3164,Ezekiel Elliott,RB,6341,196.1
comp,hwang,2021,7525,DeVonta Smith,WR,3804,117.5
comp,hwang,2021,3199,Michael Thomas,WR,3801,0
comp,hwang,2021,3271,Tyler Higbee,TE,3023,96
comp,hwang,2021,6845,Zack Moss,RB,2749,80.8
comp,hwang,2021,4951,D.J. Chark,WR,3192,27.4
comp,hwang,2021,6989,Marquez Callaway,WR,2545,105.8
comp,hwang,2021,7533,Anthony Schwartz,WR,106,21.8
comp,hwang,2021,7794,Chris Evans,RB,182,22.9
comp,hwang,2021,6234,Deonte Harty,WR,103,73.8
comp,hwang,2021,4663,Austin Ekeler,RB,5851,249.9
comp,hwang,2021,6768,Tua Tagovailoa,QB,4073,168.8
comp,hwang,2021,5848,Marquise Brown,WR,3069,132.6
comp,hwang,2021,7670,Josh Palmer,WR,199,49.4
comp,hwang,2021,5122,Boston Scott,RB,236,85.6
comp,hwang,2021,6885,Ke'Shawn Vaughn,RB,77,22.5
comp,hwang,2021,7585,Davis Mills,QB,473,129.7
comp,hwang,2021,2197,Brandin Cooks,WR,3368,139.2
comp,hwang,2021,5022,Dallas Goedert,TE,3367,137
comp,hwang,2021,2749,Raheem Mostert,RB,3323,2
comp,hwang,2021,6819,Michael Pittman,WR,3194,136.2
comp,hwang,2021,7562,Tutu Atwell,WR,132,0
comp,hwang,2021,6945,Antonio Gibson,RB,5464,166
comp,hwang,2021,4892,Baker Mayfield,QB,4514,180.9
comp,hwang,2021,7090,Darnell Mooney,WR,2174,126.1
comp,hwang,2021,7606,Kadarius Toney,WR,295,43.4
comp,hwang,2021,4147,Samaje Perine,RB,140,56.2
comp,hwang,2021,5854,Drew Lock,QB,666,28.9
comp,hwang,2021,7593,Trey Sermon,RB,3216,25.3
comp,hwang,2021,7526,Jaylen Waddle,WR,3010,133.1
comp,hwang,2021,4054,Mo Alie-Cox,TE,322,63.9
comp,hwang,2021,6943,Gabriel Davis,WR,240,87
comp,hwang,2021,7045,Joshua Kelley,RB,248,12
comp,hwang,2021,6290,Scotty Miller,WR,115,2.9
comp,hwang,2021,4381,Taysom Hill,TE,508,109.6
comp,hwang,2021,6849,Denzel Mims,WR,211,13.3
comp,hwang,2021,1837,Jimmy Garoppolo,QB,1096,214.8
comp,hwang,2021,6843,Albert Okwuegbunam,TE,242,59.5
comp,hwang,2021,4454,Kendrick Bourne,WR,121,122.3
comp,hwang,2021,6805,KJ Hamler,WR,254,7.4
comp,hwang,2021,5284,Jeffery Wilson,RB,46,44.5
comp,hwang,2021,5955,Hunter Renfrow,WR,181,143.2
comp,hwang,2021,6824,Donovan Peoples-Jones,WR,368,71.9
comp,hwang,2021,6271,Olamide Zaccheaus,WR,121,54.1
comp,hwang,2021,7607,Michael Carter,RB,2498,116.5
comp,hwang,2021,7587,Dyami Brown,WR,313,16.1
comp,hwang,2021,6039,Ty Johnson,RB,248,83.1
comp,hwang,2021,7595,Tylan Wallace,WR,124,2.3
comp,hwang,2021,2319,DeVante Parker,WR,2370,62.3
comp,hwang,2021,827,Tyrod Taylor,QB,835,81.7
comp,hwang,2021,6850,Harrison Bryant,TE,339,50.4
comp,hwang,2021,7561,Elijah Mitchell,RB,144,137.5
comp,hwang,2021,3286,Demarcus Robinson,WR,144,42.5
comp,hwang,2021,7720,Kene Nwangwu,RB,34,18.6
comp,hwang,2021,6421,Jalen Guyton,WR,133,61
comp,hwang,2021,5985,Foster Moreau,TE,233,64.3
comp,hwang,2021,6149,Darius Slayton,WR,200,33.7
comp,hwang,2021,6918,Salvon Ahmed,RB,220,26.6
comp,hwang,2021,5347,Nyheim Hines,RB,193,70.7
comp,hwang,2021,7002,Juwan Johnson,TE,405,39.4
comp,hwang,2021,4171,Josh Reynolds,WR,179,50.5
comp,hwang,2021,7601,Rondale Moore,WR,273,55.1
comp,hwang,2021,6853,Van Jefferson,WR,232,115.1
comp,hwang,2021,3321,Tyreek Hill,WR,7272,185.3
comp,hwang,2021,96,Aaron Rodgers,QB,6744,318.1
comp,hwang,2021,6955,James Robinson,RB,4226,142.9
comp,hwang,2021,4017,Deshaun Watson,QB,1529,0
comp,hwang,2021,5185,Allen Lazard,WR,554,83
comp,hwang,2021,6151,Miles Sanders,RB,4243,91.2
comp,hwang,2021,2078,Odell Beckham,WR,4165,83.3
comp,hwang,2021,4144,Jonnu Smith,TE,2796,52.9
comp,hwang,2021,5880,Parris Campbell,WR,534,22.2
comp,hwang,2021,6806,J.K. Dobbins,RB,395,0
comp,hwang,2021,6938,Cam Akers,RB,290,0
comp,hwang,2021,6770,Joe Burrow,QB,5142,314.2
comp,hwang,2021,7527,Mac Jones,QB,1798,214.1
comp,hwang,2021,5850,Josh Jacobs,RB,4323,151.6
comp,hwang,2021,7543,Travis Etienne,RB,384,0
comp,hwang,2021,2133,Davante Adams,WR,7979,215.8
comp,hwang,2021,6790,D'Andre Swift,RB,4616,136.3
comp,hwang,2021,7588,Javonte Williams,RB,4218,155.5
comp,hwang,2021,3163,Jared Goff,QB,1561,177
comp,hwang,2021,5026,Tre'Quan Smith,WR,495,42.1
comp,hwang,2021,4098,Kareem Hunt,RB,3710,88
comp,hwang,2021,6801,Tee Higgins,WR,4180,145.1
comp,hwang,2021,7568,Brevin Jordan,TE,251,45.8
comp,hwang,2021,4040,JuJu Smith-Schuster,WR,4248,19.8
comp,hwang,2021,7567,Kenneth Gainwell,RB,589,75.7
comp,hwang,2021,7828,Noah Gray,TE,243,13.1
comp,hwang,2021,6797,Justin Herbert,QB,6359,353.3
comp,hwang,2021,5980,Myles Gaskin,RB,3819,123.6
comp,hwang,2021,6886,Chase Claypool,WR,4465,94.6
comp,hwang,2021,5086,Marquez Valdes-Scantling,WR,786,61
comp,hwang,2021,6126,Irv Smith,TE,283,0
comp,hwang,2021,5000,Chase Edmonds,RB,3466,100.3
comp,hwang,2021,421,Matthew Stafford,QB,5976,312.2
comp,hwang,2021,5870,Daniel Jones,QB,2259,166.5
comp,hwang,2021,7569,Nico Collins,WR,508,43.9
comp,hwang,2021,4943,Sam Darnold,QB,2728,142.6
comp,hwang,2021,5248,Gus Edwards,RB,311,0
comp,hwang,2021,7694,Tommy Tremble,TE,248,41
comp,hwang,2021,6803,Brandon Aiyuk,WR,4468,103.6
comp,hwang,2021,7571,Rashod Bateman,WR,710,55.3
comp,hwang,2021,1234,Russell Wilson,QB,6905,218.8
comp,hwang,2021,6786,CeeDee Lamb,WR,5461,149.3
comp,hwang,2021,5844,T.J. Hockenson,TE,5282,114.8
comp,hwang,2021,6794,Justin Jefferson,WR,6148,205.3
comp,hwang,2021,4973,Hayden Hurst,TE,818,47.3
comp,hwang,2021,4950,Christian Kirk,WR,846,126.3
comp,hwang,2021,3294,Dak Prescott,QB,7563,288.8
comp,hwang,2021,4988,Nick Chubb,RB,5595,189.3
comp,hwang,2021,2216,Mike Evans,WR,5283,167.6
comp,hwang,2021,3198,Derrick Henry,RB,6476,175.3
comp,hwang,2021,1479,Keenan Allen,WR,5828,146.6
comp,hwang,2021,7611,Rhamondre Stevenson,RB,888,97.3
comp,hwang,2021,5927,Terry McLaurin,WR,5734,127.2
comp,hwang,2021,5857,Noah Fant,TE,3623,122.9
comp,hwang,2021,5859,A.J. Brown,WR,6417,105.1
comp,hwang,2021,5001,Dalton Schultz,TE,641,154.2
comp,hwang,2021,5987,Alexander Mattison,RB,869,91.8
comp,hwang,2021,4199,Aaron Jones,RB,5755,177
comp,hwang,2021,5967,Tony Pollard,RB,1517,123.6
comp,hwang,2021,7594,Chuba Hubbard,RB,1048,101
comp,hwang,2021,6074,Donald Parham,TE,993,49
comp,hwang,2021,6130,Devin Singletary,RB,1967,134.6
comp,hwang,2021,4881,Lamar Jackson,QB,7642,240
comp,hwang,2021,4985,Rashaad Penny,RB,626,90.7
comp,hwang,2021,4984,Josh Allen,QB,9357,378.7
comp,hwang,2021,4866,Saquon Barkley,RB,5835,102.7
comp,hwang,2021,2309,Amari Cooper,WR,5167,126.6
comp,hwang,2021,7538,Zach Wilson,QB,2947,142
comp,hwang,2021,6826,Cole Kmet,TE,1735,84.4
comp,hwang,2021,7596,Elijah Moore,WR,1843,95.2
comp,hwang,2021,2374,Tyler Lockett,WR,4905,146.4
comp,hwang,2021,4089,Gerald Everett,TE,2014,91.3
comp,hwang,2021,7547,Amon-Ra St. Brown,WR,1103,119.2
comp,hwang,2021,7565,Terrace Marshall,WR,1219,15.8
comp,hwang,2021,4046,Patrick Mahomes,QB,9465,335.5
comp,hwang,2021,2306,Jameis Winston,QB,2986,117.4
comp,hwang,2021,4037,Chris Godwin,WR,5151,144.4
comp,hwang,2021,4066,Evan Engram,TE,2201,78.6
comp,hwang,2021,5849,Kyler Murray,QB,8404,283.4
comp,hwang,2021,1352,Robert Woods,WR,5185,92.2
comp,hwang,2021,4039,Cooper Kupp,WR,4668,274.9
comp,hwang,2021,1689,Adam Thielen,WR,4669,132.8
comp,hwang,2021,5947,Jakobi Meyers,WR,1292,98.3
comp,hwang,2021,2325,Nelson Agholor,WR,1609,64.1
comp,hwang,2021,1426,DeAndre Hopkins,WR,6517,105.2
comp,hwang,2021,4981,Calvin Ridley,WR,6594,40.1
comp,hwang,2021,3214,Hunter Henry,TE,2477,128.2
comp,hwang,2021,1339,Zach Ertz,TE,1500,131.8
comp,hwang,2021,5846,DK Metcalf,WR,6711,163.5
comp,hwang,2021,6869,Adam Trautman,TE,1277,41.5
comp,hwang,2021,3202,Austin Hooper,TE,1702,73.5
comp,hwang,2021,1049,Ryan Tannehill,QB,5624,241.1
comp,hwang,2021,6904,Jalen Hurts,QB,5752,312.2
comp,hwang,2021,2449,Stefon Diggs,WR,7046,168.4
comp,hwang,2021,5012,Mark Andrews,TE,5431,235.1
comp,hwang,2021,4217,George Kittle,TE,6466,159
comp,hwang,2021,2505,Darren Waller,TE,6676,102.8
comp,hwang,2021,7600,Pat Freiermuth,TE,1216,113.4
comp,hwang,2021,1466,Travis Kelce,TE,7077,205.4
comp,hwang,2021,7553,Kyle Pitts,TE,5941,140.8
comp,hwang,2021,4983,D.J. Moore,WR,4594,134.5
comp,hwang,2021,5937,Diontae Johnson,WR,4615,162.3
comp,hwang,2022,6813,Jonathan Taylor,RB,8442,118.4
comp,hwang,2022,3198,Derrick Henry,RB,5551,257
comp,hwang,2022,4199,Aaron Jones,RB,4549,184.8
comp,hwang,2022,7525,DeVonta Smith,WR,3895,152.9
comp,hwang,2022,1166,Kirk Cousins,QB,4482,278.6
comp,hwang,2022,4137,James Conner,RB,4636,154.2
comp,hwang,2022,7523,Trevor Lawrence,QB,4212,285.4
comp,hwang,2022,6783,Jerry Jeudy,WR,4146,117.9
comp,hwang,2022,1339,Zach Ertz,TE,3457,92.1
comp,hwang,2022,5000,Chase Edmonds,RB,3366,53.7
comp,hwang,2022,8135,Treylon Burks,WR,3466,59.2
comp,hwang,2022,8144,Chris Olave,WR,3296,116.2
comp,hwang,2022,4054,Mo Alie-Cox,TE,1153,37.5
comp,hwang,2022,8110,Jake Ferguson,TE,624,38
comp,hwang,2022,4171,Josh Reynolds,WR,135,64.3
comp,hwang,2022,8167,Christian Watson,WR,964,111.5
comp,hwang,2022,2749,Raheem Mostert,RB,1018,131.2
comp,hwang,2022,8408,Jordan Mason,RB,166,29
comp,hwang,2022,8160,Kenny Pickett,QB,1769,136
comp,hwang,2022,6847,Devin Duvernay,WR,243,79.1
comp,hwang,2022,5973,Josh Oliver,TE,75,33.9
comp,hwang,2022,7562,Tutu Atwell,WR,227,35.4
comp,hwang,2022,7559,Ihmir Smith-Marsette,WR,117,-0.6
comp,hwang,2022,4274,David Moore,WR,48,0
comp,hwang,2022,8122,Zonovan Knight,RB,67,43.8
comp,hwang,2022,8157,Bailey Zappe,QB,166,38.6
comp,hwang,2022,6011,Gardner Minshew,QB,356,36.8
comp,hwang,2022,4034,Christian McCaffrey,RB,7125,257.5
comp,hwang,2022,7528,Najee Harris,RB,5897,169.5
comp,hwang,2022,4040,JuJu Smith-Schuster,WR,4196,103.8
comp,hwang,2022,6768,Tua Tagovailoa,QB,4278,230.9
comp,hwang,2022,6790,D'Andre Swift,RB,4903,134.5
comp,hwang,2022,7591,Justin Fields,QB,4362,296
comp,hwang,2022,3199,Michael Thomas,WR,4285,35.1
comp,hwang,2022,5850,Josh Jacobs,RB,3499,270.3
comp,hwang,2022,2309,Amari Cooper,WR,3580,162.9
comp,hwang,2022,5955,Hunter Renfrow,WR,3050,30.7
comp,hwang,2022,3202,Austin Hooper,TE,1468,71.1
comp,hwang,2022,8219,Jelani Woods,TE,399,60.3
comp,hwang,2022,6814,Laviska Shenault,WR,510,44.8
comp,hwang,2022,4111,D'Onta Foreman,RB,715,119.2
comp,hwang,2022,6885,Ke'Shawn Vaughn,RB,205,3.8
comp,hwang,2022,8159,Desmond Ridder,QB,1203,22.9
comp,hwang,2022,5323,Equanimeous St. Brown,WR,145,43.4
comp,hwang,2022,8127,Charlie Kolar,TE,139,0
comp,hwang,2022,2325,Nelson Agholor,WR,316,44.2
comp,hwang,2022,6271,Olamide Zaccheaus,WR,159,60.3
comp,hwang,2022,5995,Justice Hill,RB,93,26.6
comp,hwang,2022,7605,Kyle Trask,QB,213,0
comp,hwang,2022,5854,Drew Lock,QB,791,0
comp,hwang,2022,4988,Nick Chubb,RB,4778,236.2
comp,hwang,2022,2028,Derek Carr,QB,4610,219.1
comp,hwang,2022,7571,Rashod Bateman,WR,4152,38.5
comp,hwang,2022,5906,Dawson Knox,TE,3591,103.4
comp,hwang,2022,4985,Rashaad Penny,RB,3074,48.2
comp,hwang,2022,8112,Drake London,WR,3430,94.6
comp,hwang,2022,4995,Ian Thomas,TE,271,30.2
comp,hwang,2022,7601,Rondale Moore,WR,190,46.9
comp,hwang,2022,8118,David Bell,WR,831,21.4
comp,hwang,2022,5987,Alexander Mattison,RB,1423,55.4
comp,hwang,2022,8176,Danny Gray,WR,335,1.9
comp,hwang,2022,4082,Curtis Samuel,WR,327,112.9
comp,hwang,2022,6144,Trayveon Williams,RB,83,6
comp,hwang,2022,2711,Taylor Heinicke,QB,176,116
comp,hwang,2022,4663,Austin Ekeler,RB,6254,260.7
comp,hwang,2022,4018,Joe Mixon,RB,5345,167.9
comp,hwang,2022,7596,Elijah Moore,WR,3997,50
comp,hwang,2022,7670,Josh Palmer,WR,188,91.4
comp,hwang,2022,8148,Jameson Williams,WR,1374,14.1
comp,hwang,2022,2161,Jerick McKinnon,RB,872,133.7
comp,hwang,2022,4147,Samaje Perine,RB,165,101.9
comp,hwang,2022,3257,Jacoby Brissett,QB,1154,168.6
comp,hwang,2022,4981,Calvin Ridley,WR,180,0
comp,hwang,2022,7535,Hunter Long,TE,115,0
comp,hwang,2022,5113,Cedrick Wilson,WR,462,14.4
comp,hwang,2022,827,Tyrod Taylor,QB,310,11.3
comp,hwang,2022,4943,Sam Darnold,QB,294,85.4
comp,hwang,2022,5870,Daniel Jones,QB,3600,289
comp,hwang,2022,5844,T.J. Hockenson,TE,3839,170.3
comp,hwang,2022,5967,Tony Pollard,RB,3505,207.9
comp,hwang,2022,8210,Chigoziem Okonkwo,TE,273,69.5
comp,hwang,2022,8126,Wan'Dale Robinson,WR,1256,28.6
comp,hwang,2022,7608,Khalil Herbert,RB,1583,103.9
comp,hwang,2022,6927,Quez Watkins,WR,321,50.1
comp,hwang,2022,7565,Terrace Marshall,WR,370,52.7
comp,hwang,2022,8125,Calvin Austin III,WR,139,0
comp,hwang,2022,7595,Tylan Wallace,WR,122,2.1
comp,hwang,2022,5089,Mike White,QB,172,56.6
comp,hwang,2022,6804,Jordan Love,QB,340,11.7
comp,hwang,2022,1689,Adam Thielen,WR,4127,102.8
comp,hwang,2022,7611,Rhamondre Stevenson,RB,3322,171.9
comp,hwang,2022,6803,Brandon Aiyuk,WR,3932,143.9
comp,hwang,2022,5133,Tyler Conklin,TE,1036,100.2
comp,hwang,2022,6850,Harrison Bryant,TE,326,43.2
comp,hwang,2022,6960,Tyler Johnson,WR,142,0
comp,hwang,2022,5880,Parris Campbell,WR,1070,79.3
comp,hwang,2022,8205,Isiah Pacheco,RB,1019,109.6
comp,hwang,2022,8174,Kevin Harris,RB,90,11.2
comp,hwang,2022,6989,Marquez Callaway,WR,222,21.8
comp,hwang,2022,8147,John Metchie,WR,165,0
comp,hwang,2022,1837,Jimmy Garoppolo,QB,1019,164.8
comp,hwang,2022,2306,Jameis Winston,QB,3978,43.9
comp,hwang,2022,1426,DeAndre Hopkins,WR,3708,87.7
comp,hwang,2022,1352,Robert Woods,WR,3129,58.7
comp,hwang,2022,7568,Brevin Jordan,TE,1310,19.8
comp,hwang,2022,8111,Cade Otton,TE,334,71.1
comp,hwang,2022,8142,Alec Pierce,WR,1576,67.1
comp,hwang,2022,8139,Zamir White,RB,1111,6.6
comp,hwang,2022,5347,Nyheim Hines,RB,182,39.4
comp,hwang,2022,8171,Kyle Philips,WR,381,3.8
comp,hwang,2022,5938,Lil'Jordan Humphrey,WR,59,2
comp,hwang,2022,5846,DK Metcalf,WR,4300,132.8
comp,hwang,2022,8131,Isaiah Likely,TE,1469,59
comp,hwang,2022,2319,DeVante Parker,WR,1018,52
comp,hwang,2022,7720,Kene Nwangwu,RB,164,6.6
comp,hwang,2022,6421,Jalen Guyton,WR,257,6.4
comp,hwang,2022,4198,Jamal Agnew,WR,102,46.5
comp,hwang,2022,8162,Sam Howell,QB,455,0
comp,hwang,2022,8168,Skyy Moore,WR,3103,21.4
comp,hwang,2022,8117,Jalen Tolbert,WR,1326,1.2
comp,hwang,2022,8123,Hassan Haskins,RB,179,13.4
comp,hwang,2022,6149,Darius Slayton,WR,141,82.4
comp,hwang,2022,5121,Braxton Berrios,WR,262,39.7
comp,hwang,2022,3286,Demarcus Robinson,WR,116,53.4
comp,hwang,2022,7713,Jaelon Darden,WR,110,2.8
comp,hwang,2022,7543,Travis Etienne,RB,4439,166.7
comp,hwang,2022,4454,Kendrick Bourne,WR,589,48.8
comp,hwang,2022,8230,Ty Chandler,RB,214,0
comp,hwang,2022,2078,Odell Beckham,WR,382,0
comp,hwang,2022,6918,Salvon Ahmed,RB,86,12.5
comp,hwang,2022,5038,Michael Gallup,WR,3210,65.4
comp,hwang,2022,8154,Brian Robinson,RB,847,103.7
comp,hwang,2022,6931,DeeJay Dallas,RB,181,26.6
comp,hwang,2022,7049,Jauan Jennings,WR,135,46.6
comp,hwang,2022,6945,Antonio Gibson,RB,3095,119.9
comp,hwang,2022,4950,Christian Kirk,WR,3591,142
comp,hwang,2022,8188,Tyquan Thornton,WR,213,43
comp,hwang,2022,6820,Clyde Edwards-Helaire,RB,3043,81.3
comp,hwang,2022,4144,Jonnu Smith,TE,980,38.5
comp,hwang,2022,4149,Jamaal Williams,RB,1399,194.7
comp,hwang,2022,2307,Marcus Mariota,QB,2068,196.6
comp,hwang,2022,8208,Tyler Badie,RB,144,0
comp,hwang,2022,7716,John Bates,TE,111,23.8
comp,hwang,2022,7496,Nick Westbrook-Ikhine,WR,491,57.7
comp,hwang,2022,5026,Tre'Quan Smith,WR,106,33.2
comp,hwang,2022,3634,Kalif Raymond,WR,80,62.6
comp,hwang,2022,5284,Jeffery Wilson,RB,132,129.1
comp,hwang,2022,7694,Tommy Tremble,TE,594,42.2
comp,hwang,2022,7533,Anthony Schwartz,WR,123,14.8
comp,hwang,2022,5970,Greg Dortch,WR,77,56.6
comp,hwang,2022,1373,Geno Smith,QB,1402,290.3
comp,hwang,2022,6290,Scotty Miller,WR,115,18.5
comp,hwang,2022,4381,Taysom Hill,TE,877,138.3
comp,hwang,2022,4080,Zay Jones,WR,450,114
comp,hwang,2022,6849,Denzel Mims,WR,138,18.6
comp,hwang,2022,8116,Pierre Strong Jr.,RB,192,20.2
comp,hwang,2022,7587,Dyami Brown,WR,133,27.8
comp,hwang,2022,6824,Donovan Peoples-Jones,WR,757,101.9
comp,hwang,2022,8211,Tyrion Davis-Price,RB,797,7.2
comp,hwang,2022,7066,K.J. Osborn,WR,1202,83.9
comp,hwang,2022,8134,Khalil Shakir,WR,487,21.3
comp,hwang,2022,8153,Isaiah Spiller,RB,715,5.4
comp,hwang,2022,6234,Deonte Harty,WR,97,-0.7
comp,hwang,2022,8143,Jerome Ford,RB,175,1.2
comp,hwang,2022,6805,KJ Hamler,WR,737,18.8
comp,hwang,2022,4972,Mason Rudolph,QB,464,0
comp,hwang,2022,5917,Mecole Hardman,WR,1393,68.8
comp,hwang,2022,3976,Mitchell Trubisky,QB,1753,73.9
comp,hwang,2022,5010,Will Dissly,TE,118,69.9
comp,hwang,2022,8145,Jeremy Ruckert,TE,207,0
comp,hwang,2022,8161,Malik Willis,QB,1522,19.3
comp,hwang,2022,8140,Justyn Ross,WR,129,0
comp,hwang,2022,7606,Kadarius Toney,WR,2926,30.9
comp,hwang,2022,5985,Foster Moreau,TE,465,67.2
comp,hwang,2022,6943,Gabriel Davis,WR,255,119.7
comp,hwang,2022,6039,Ty Johnson,RB,84,28.3
comp,hwang,2022,8114,Erik Ezukanma,WR,109,0
comp,hwang,2022,4351,Tim Patrick,WR,132,0
comp,hwang,2022,6853,Van Jefferson,WR,607,48.8
comp,hwang,2022,8221,Keaontay Ingram,RB,186,13.8
comp,hwang,2022,7083,Tyler Huntley,QB,891,50
comp,hwang,2022,6001,Drew Sample,TE,130,0.8
comp,hwang,2022,4039,Cooper Kupp,WR,8423,126.4
comp,hwang,2022,1234,Russell Wilson,QB,5885,201.6
comp,hwang,2022,8129,Dameon Pierce,RB,3924,136.4
comp,hwang,2022,6938,Cam Akers,RB,4304,115.5
comp,hwang,2022,7538,Zach Wilson,QB,2427,97.9
comp,hwang,2022,8121,Romeo Doubs,WR,1785,59.6
comp,hwang,2022,8155,Breece Hall,RB,3903,96.1
comp,hwang,2022,4037,Chris Godwin,WR,4474,115.3
comp,hwang,2022,6770,Joe Burrow,QB,6293,345.4
comp,hwang,2022,7561,Elijah Mitchell,RB,3542,23.1
comp,hwang,2022,3164,Ezekiel Elliott,RB,4355,167.8
comp,hwang,2022,4017,Deshaun Watson,QB,2202,68
comp,hwang,2022,7569,Nico Collins,WR,2113,60.1
comp,hwang,2022,5892,David Montgomery,RB,4089,141.6
comp,hwang,2022,7090,Darnell Mooney,WR,4466,61.5
comp,hwang,2022,6826,Cole Kmet,TE,3248,108.6
comp,hwang,2022,6955,James Robinson,RB,1738,77.6
comp,hwang,2022,6794,Justin Jefferson,WR,9212,236.9
comp,hwang,2022,6806,J.K. Dobbins,RB,3678,74.2
comp,hwang,2022,7527,Mac Jones,QB,3176,153.9
comp,hwang,2022,4197,Isaiah McKenzie,WR,1596,75.9
comp,hwang,2022,8132,Tyler Allgeier,RB,1883,129.9
comp,hwang,2022,8225,Daniel Bellinger,TE,868,60
comp,hwang,2022,96,Aaron Rodgers,QB,4655,228
comp,hwang,2022,4892,Baker Mayfield,QB,2969,115.9
comp,hwang,2022,5937,Diontae Johnson,WR,4456,88.9
comp,hwang,2022,8146,Garrett Wilson,WR,1986,123.8
comp,hwang,2022,6074,Donald Parham,TE,651,19.9
comp,hwang,2022,7610,Trey Lance,QB,5502,12.5
comp,hwang,2022,6828,AJ Dillon,RB,3607,136.3
comp,hwang,2022,5185,Allen Lazard,WR,4308,104.7
comp,hwang,2022,8130,Trey McBride,TE,809,41.4
comp,hwang,2022,7567,Kenneth Gainwell,RB,2190,60.7
comp,hwang,2022,2197,Brandin Cooks,WR,4405,72
comp,hwang,2022,8119,Jahan Dotson,WR,2321,88.4
comp,hwang,2022,7607,Michael Carter,RB,1762,84.5
comp,hwang,2022,8172,Greg Dulcich,TE,726,69.6
comp,hwang,2022,7585,Davis Mills,QB,2706,159
comp,hwang,2022,6869,Adam Trautman,TE,701,33.4
comp,hwang,2022,5980,Myles Gaskin,RB,222,5.4
comp,hwang,2022,5086,Marquez Valdes-Scantling,WR,2127,77.7
comp,hwang,2022,8150,Kyren Williams,RB,277,21.5
comp,hwang,2022,6151,Miles Sanders,RB,2361,193.4
comp,hwang,2022,5849,Kyler Murray,QB,7109,200.5
comp,hwang,2022,6904,Jalen Hurts,QB,7297,369.6
comp,hwang,2022,4866,Saquon Barkley,RB,5070,227
comp,hwang,2022,2216,Mike Evans,WR,5452,148.4
comp,hwang,2022,4029,Dalvin Cook,RB,6068,197.1
comp,hwang,2022,5022,Dallas Goedert,TE,3911,106.1
comp,hwang,2022,5859,A.J. Brown,WR,5500,202.1
comp,hwang,2022,7594,Chuba Hubbard,RB,491,66.8
comp,hwang,2022,5001,Dalton Schultz,TE,4377,108.9
comp,hwang,2022,4066,Evan Engram,TE,1685,135.7
comp,hwang,2022,4881,Lamar Jackson,QB,7885,236.1
comp,hwang,2022,7588,Javonte Williams,RB,5103,26
comp,hwang,2022,1479,Keenan Allen,WR,5409,75.8
comp,hwang,2022,3321,Tyreek Hill,WR,5512,225.9
comp,hwang,2022,5857,Noah Fant,TE,1855,93.6
comp,hwang,2022,6819,Michael Pittman,WR,5008,108.5
comp,hwang,2022,8138,James Cook,RB,2668,81.4
comp,hwang,2022,6130,Devin Singletary,RB,2908,139
comp,hwang,2022,4098,Kareem Hunt,RB,2770,89
comp,hwang,2022,1535,Cordarrelle Patterson,RB,2781,125.8
comp,hwang,2022,8136,Rachaad White,RB,2556,87.6
comp,hwang,2022,6694,D'Ernest Johnson,RB,461,2.4
comp,hwang,2022,6786,CeeDee Lamb,WR,5661,183.4
comp,hwang,2022,8151,Kenneth Walker III,RB,2480,163.1
comp,hwang,2022,5122,Boston Scott,RB,435,29.8
comp,hwang,2022,6951,Eno Benjamin,RB,703,64.3
comp,hwang,2022,4973,Hayden Hurst,TE,1582,79.5
comp,hwang,2022,6845,Zack Moss,RB,503,35.4
comp,hwang,2022,6886,Chase Claypool,WR,2433,56.1
comp,hwang,2022,4984,Josh Allen,QB,9684,376.5
comp,hwang,2022,7526,Jaylen Waddle,WR,4600,178.9
comp,hwang,2022,6843,Albert Okwuegbunam,TE,2579,20.5
comp,hwang,2022,6801,Tee Higgins,WR,4948,147.5
comp,hwang,2022,5045,Courtland Sutton,WR,4933,86.1
comp,hwang,2022,3163,Jared Goff,QB,3375,273.9
comp,hwang,2022,5947,Jakobi Meyers,WR,2795,104.1
comp,hwang,2022,4951,D.J. Chark,WR,2644,66.8
comp,hwang,2022,4046,Patrick Mahomes,QB,9272,401.4
comp,hwang,2022,3214,Hunter Henry,TE,2646,76.2
comp,hwang,2022,8137,George Pickens,WR,2464,101.3
comp,hwang,2022,1049,Ryan Tannehill,QB,3192,161.2
comp,hwang,2022,3225,Tyler Boyd,WR,2534,111.4
comp,hwang,2022,6797,Justin Herbert,QB,9509,260.4
comp,hwang,2022,4068,Mike Williams,WR,4832,110.3
comp,hwang,2022,6126,Irv Smith,TE,2722,39.8
comp,hwang,2022,4983,D.J. Moore,WR,4901,135.1
comp,hwang,2022,2374,Tyler Lockett,WR,2713,141.9
comp,hwang,2022,4035,Alvin Kamara,RB,5164,143.7
comp,hwang,2022,7002,Juwan Johnson,TE,142,111.2
comp,hwang,2022,5848,Marquise Brown,WR,4576,88.3
comp,hwang,2022,7828,Noah Gray,TE,190,54.1
comp,hwang,2022,7602,Kylen Granson,TE,177,45.7
comp,hwang,2022,5872,Deebo Samuel,WR,5892,110
comp,hwang,2022,2133,Davante Adams,WR,5894,228.2
comp,hwang,2022,7600,Pat Freiermuth,TE,2940,116.7
comp,hwang,2022,4033,David Njoku,TE,2452,100.8
comp,hwang,2022,2449,Stefon Diggs,WR,6153,194.8
comp,hwang,2022,4089,Gerald Everett,TE,2246,102.2
comp,hwang,2022,4993,Mike Gesicki,TE,2545,75.6
comp,hwang,2022,7045,Joshua Kelley,RB,283,48.4
comp,hwang,2022,7564,Ja'Marr Chase,WR,6966,140.8
comp,hwang,2022,3294,Dak Prescott,QB,5349,189.9
comp,hwang,2022,8228,Jaylen Warren,RB,425,61
comp,hwang,2022,7794,Chris Evans,RB,373,9.8
comp,hwang,2022,7593,Trey Sermon,RB,337,1.9
comp,hwang,2022,421,Matthew Stafford,QB,4842,108.4
comp,hwang,2022,5248,Gus Edwards,RB,369,57.7
comp,hwang,2022,2505,Darren Waller,TE,4691,66.3
comp,hwang,2022,7553,Kyle Pitts,TE,5624,61.6
comp,hwang,2022,3271,Tyler Higbee,TE,2019,110.7
comp,hwang,2022,1466,Travis Kelce,TE,7780,254.5
comp,hwang,2022,5012,Mark Andrews,TE,6201,154
comp,hwang,2022,4217,George Kittle,TE,4814,153.6
comp,hwang,2022,7547,Amon-Ra St. Brown,WR,4566,156.7
comp,hwang,2022,5927,Terry McLaurin,WR,4537,138.6
comp,hwang,2023,9509,Bijan Robinson,RB,6413,169.2
comp,hwang,2023,4988,Nick Chubb,RB,5926,19.1
comp,hwang,2023,4018,Joe Mixon,RB,4787,191.3
comp,hwang,2023,6783,Jerry Jeudy,WR,4023,73.9
comp,hwang,2023,9229,Anthony Richardson,QB,4846,72.7
comp,hwang,2023,9221,Jahmyr Gibbs,RB,5129,181.1
comp,hwang,2023,5870,Daniel Jones,QB,4896,57
comp,hwang,2023,2216,Mike Evans,WR,4089,201.3
comp,hwang,2023,4033,David Njoku,TE,3919,160.7
comp,hwang,2023,9226,De'Von Achane,RB,3175,151.6
comp,hwang,2023,5937,Diontae Johnson,WR,3732,86.8
comp,hwang,2023,9488,Jaxon Smith-Njigba,WR,3374,85.4
comp,hwang,2023,9481,Luke Musgrave,TE,1777,56.6
comp,hwang,2023,10871,Luke Schoonmaker,TE,528,22.5
comp,hwang,2023,1352,Robert Woods,WR,262,49.3
comp,hwang,2023,7066,K.J. Osborn,WR,1108,71.1
comp,hwang,2023,7567,Kenneth Gainwell,RB,1694,61.2
comp,hwang,2023,7607,Michael Carter,RB,313,32.9
comp,hwang,2023,4943,Sam Darnold,QB,1555,5.9
comp,hwang,2023,9500,Josh Downs,WR,311,84.3
comp,hwang,2023,5985,Foster Moreau,TE,185,35
comp,hwang,2023,9486,Dontayvion Wicks,WR,453,62.7
comp,hwang,2023,5970,Greg Dortch,WR,204,39.1
comp,hwang,2023,4351,Tim Patrick,WR,83,0
comp,hwang,2023,8174,Kevin Harris,RB,131,17.5
comp,hwang,2023,6136,Jarrett Stidham,QB,224,13.6
comp,hwang,2023,9999,Will Levis,QB,1132,102
comp,hwang,2023,7528,Najee Harris,RB,4537,147.2
comp,hwang,2023,6819,Michael Pittman,WR,3962,138.8
comp,hwang,2023,8151,Kenneth Walker III,RB,4968,162.3
comp,hwang,2023,96,Aaron Rodgers,QB,4501,0
comp,hwang,2023,4066,Evan Engram,TE,3896,154.4
comp,hwang,2023,7596,Elijah Moore,WR,2807,73.1
comp,hwang,2023,8111,Cade Otton,TE,1634,89
comp,hwang,2023,5857,Noah Fant,TE,927,57.4
comp,hwang,2023,8125,Calvin Austin III,WR,260,34.9
comp,hwang,2023,6853,Van Jefferson,WR,1177,20
comp,hwang,2023,4985,Rashaad Penny,RB,1782,2.2
comp,hwang,2023,8230,Ty Chandler,RB,489,71.1
comp,hwang,2023,8159,Desmond Ridder,QB,1817,160.5
comp,hwang,2023,9502,Tank Dell,WR,485,118
comp,hwang,2023,8197,Peyton Hendershot,TE,209,2.9
comp,hwang,2023,2319,DeVante Parker,WR,449,38.8
comp,hwang,2023,9490,Tyler Scott,WR,202,17.7
comp,hwang,2023,5938,Lil'Jordan Humphrey,WR,118,34.2
comp,hwang,2023,8211,Tyrion Davis-Price,RB,152,2.1
comp,hwang,2023,10215,Jake Haener,QB,201,0
comp,hwang,2023,10866,Aidan O'Connell,QB,1049,108
comp,hwang,2023,4663,Austin Ekeler,RB,6991,129.5
comp,hwang,2023,8155,Breece Hall,RB,4386,187.5
comp,hwang,2023,9997,Zay Flowers,WR,3801,129.4
comp,hwang,2023,8183,Brock Purdy,QB,4106,295.6
comp,hwang,2023,2374,Tyler Lockett,WR,3949,108.3
comp,hwang,2023,5892,David Montgomery,RB,3431,181.2
comp,hwang,2023,5045,Courtland Sutton,WR,3252,131
comp,hwang,2023,4381,Taysom Hill,TE,1300,117.1
comp,hwang,2023,6886,Chase Claypool,WR,441,13.4
comp,hwang,2023,9493,Puka Nacua,WR,1011,183.4
comp,hwang,2023,8153,Isaiah Spiller,RB,380,13
comp,hwang,2023,1049,Ryan Tannehill,QB,2152,67.6
comp,hwang,2023,8676,Rashid Shaheed,WR,698,97.1
comp,hwang,2023,4454,Kendrick Bourne,WR,246,63
comp,hwang,2023,10216,Kenny McIntosh,RB,147,0
comp,hwang,2023,10233,Max Duggan,QB,177,0
comp,hwang,2023,8161,Malik Willis,QB,838,3.1
comp,hwang,2023,4034,Christian McCaffrey,RB,7993,324.3
comp,hwang,2023,5850,Josh Jacobs,RB,5531,144.1
comp,hwang,2023,1373,Geno Smith,QB,4592,205.9
comp,hwang,2023,421,Matthew Stafford,QB,3900,243.1
comp,hwang,2023,2197,Brandin Cooks,WR,3546,109
comp,hwang,2023,7606,Kadarius Toney,WR,2999,26
comp,hwang,2023,5086,Marquez Valdes-Scantling,WR,1491,35.5
comp,hwang,2023,9225,Tank Bigsby,RB,1929,20.2
comp,hwang,2023,9224,Chase Brown,RB,467,34.2
comp,hwang,2023,7527,Mac Jones,QB,1879,106.4
comp,hwang,2023,10232,Michael Wilson,WR,395,67
comp,hwang,2023,7694,Tommy Tremble,TE,162,46.8
comp,hwang,2023,6149,Darius Slayton,WR,455,88.8
comp,hwang,2023,7562,Tutu Atwell,WR,226,71.1
comp,hwang,2023,7610,Trey Lance,QB,1408,0
comp,hwang,2023,3198,Derrick Henry,RB,5594,197.4
comp,hwang,2023,7600,Pat Freiermuth,TE,3779,57.7
comp,hwang,2023,9756,Jordan Addison,WR,3475,139.6
comp,hwang,2023,6869,Adam Trautman,TE,518,46.8
comp,hwang,2023,8117,Jalen Tolbert,WR,394,30
comp,hwang,2023,5038,Michael Gallup,WR,1614,53.8
comp,hwang,2023,8143,Jerome Ford,RB,1201,164
comp,hwang,2023,7794,Chris Evans,RB,317,1.1
comp,hwang,2023,1837,Jimmy Garoppolo,QB,2040,64.1
comp,hwang,2023,8145,Jeremy Ruckert,TE,174,23.1
comp,hwang,2023,4234,Noah Brown,WR,206,68.6
comp,hwang,2023,10228,Charlie Jones,WR,121,7.5
comp,hwang,2023,6951,Eno Benjamin,RB,142,0
comp,hwang,2023,6938,Cam Akers,RB,3488,35.7
comp,hwang,2023,5848,Marquise Brown,WR,3235,83.7
comp,hwang,2023,4973,Hayden Hurst,TE,1245,33.4
comp,hwang,2023,8225,Daniel Bellinger,TE,570,38
comp,hwang,2023,6927,Quez Watkins,WR,376,4.9
comp,hwang,2023,6824,Donovan Peoples-Jones,WR,858,13
comp,hwang,2023,9512,DeWayne McBride,RB,287,0
comp,hwang,2023,5113,Cedrick Wilson,WR,500,45.2
comp,hwang,2023,8126,Wan'Dale Robinson,WR,321,64.7
comp,hwang,2023,6039,Ty Johnson,RB,122,24
comp,hwang,2023,8167,Christian Watson,WR,4246,73.3
comp,hwang,2023,3163,Jared Goff,QB,4940,268.3
comp,hwang,2023,4035,Alvin Kamara,RB,3355,158
comp,hwang,2023,8135,Treylon Burks,WR,2915,23.9
comp,hwang,2023,3214,Hunter Henry,TE,1459,98.9
comp,hwang,2023,7602,Kylen Granson,TE,542,55.2
comp,hwang,2023,9492,Trey Palmer,WR,272,55.7
comp,hwang,2023,9494,Marvin Mims,WR,1327,47
comp,hwang,2023,10235,Roschon Johnson,RB,1481,66.1
comp,hwang,2023,8147,John Metchie,WR,291,15.7
comp,hwang,2023,6865,Colby Parkinson,TE,240,46.9
comp,hwang,2023,7565,Terrace Marshall,WR,282,13.4
comp,hwang,2023,7593,Trey Sermon,RB,134,17.3
comp,hwang,2023,4179,Joshua Dobbs,QB,1226,200.7
comp,hwang,2023,4950,Christian Kirk,WR,4444,93.3
comp,hwang,2023,6790,D'Andre Swift,RB,3534,160.3
comp,hwang,2023,9484,Tucker Kraft,TE,795,58.4
comp,hwang,2023,4098,Kareem Hunt,RB,1359,103
comp,hwang,2023,7045,Joshua Kelley,RB,425,53.6
comp,hwang,2023,4892,Baker Mayfield,QB,2786,267.9
comp,hwang,2023,5973,Josh Oliver,TE,215,38.2
comp,hwang,2023,9501,Demario Douglas,WR,191,56.9
comp,hwang,2023,8137,George Pickens,WR,3912,145.5
comp,hwang,2023,8132,Tyler Allgeier,RB,1559,116.2
comp,hwang,2023,8221,Keaontay Ingram,RB,369,10
comp,hwang,2023,6920,Isaiah Hodgins,WR,584,35.4
comp,hwang,2023,7595,Tylan Wallace,WR,116,6
comp,hwang,2023,9231,Jaren Hall,QB,193,2.1
comp,hwang,2023,5089,Mike White,QB,963,2.1
comp,hwang,2023,5133,Tyler Conklin,TE,1491,90
comp,hwang,2023,8214,Cole Turner,TE,663,17.5
comp,hwang,2023,3286,Demarcus Robinson,WR,368,61.4
comp,hwang,2023,7049,Jauan Jennings,WR,909,32.5
comp,hwang,2023,4171,Josh Reynolds,WR,525,84.4
comp,hwang,2023,9487,Parker Washington,WR,117,22.1
comp,hwang,2023,6694,D'Ernest Johnson,RB,155,24.9
comp,hwang,2023,8219,Jelani Woods,TE,621,0
comp,hwang,2023,10225,Jonathan Mingo,WR,1006,41.8
comp,hwang,2023,9508,Tyjae Spears,RB,1111,83.2
comp,hwang,2023,8134,Khalil Shakir,WR,785,63.6
comp,hwang,2023,8140,Justyn Ross,WR,362,3.6
comp,hwang,2023,5284,Jeffery Wilson,RB,143,22.8
comp,hwang,2023,10862,Dorian Thompson-Robinson,QB,995,22.1
comp,hwang,2023,8408,Jordan Mason,RB,437,36.9
comp,hwang,2023,5849,Kyler Murray,QB,2329,128.6
comp,hwang,2023,7587,Dyami Brown,WR,206,22.8
comp,hwang,2023,8180,Jalen Nailor,WR,110,2.9
comp,hwang,2023,5854,Drew Lock,QB,225,29.1
comp,hwang,2023,5917,Mecole Hardman,WR,860,3
comp,hwang,2023,8116,Pierre Strong Jr.,RB,309,31.3
comp,hwang,2023,4144,Jonnu Smith,TE,222,88.8
comp,hwang,2023,5955,Hunter Renfrow,WR,509,23.5
comp,hwang,2023,9499,Bryce Ford-Wheaton,WR,124,0
comp,hwang,2023,9998,Hendon Hooker,QB,208,0
comp,hwang,2023,1339,Zach Ertz,TE,870,38.2
comp,hwang,2023,9220,Evan Hull,RB,558,0.7
comp,hwang,2023,4080,Zay Jones,WR,1456,39.4
comp,hwang,2023,7529,Gary Brightwell,RB,135,6.6
comp,hwang,2023,8205,Isiah Pacheco,RB,3466,169.9
comp,hwang,2023,10444,Cedric Tillman,WR,282,18.9
comp,hwang,2023,8208,Tyler Badie,RB,128,0
comp,hwang,2023,3976,Mitchell Trubisky,QB,198,48.7
comp,hwang,2023,5248,Gus Edwards,RB,1577,172.2
comp,hwang,2023,5000,Chase Edmonds,RB,331,23.3
comp,hwang,2023,2161,Jerick McKinnon,RB,2132,59.4
comp,hwang,2023,5980,Myles Gaskin,RB,378,0
comp,hwang,2023,4054,Mo Alie-Cox,TE,191,37.8
comp,hwang,2023,9489,Justin Shorter,WR,110,0
comp,hwang,2023,2078,Odell Beckham,WR,3069,72.5
comp,hwang,2023,6126,Irv Smith,TE,1777,24.5
comp,hwang,2023,9495,Rakim Jarrett,WR,108,6
comp,hwang,2023,4029,Dalvin Cook,RB,3132,25.2
comp,hwang,2023,8142,Alec Pierce,WR,915,63.4
comp,hwang,2023,10863,A.T. Perry,WR,206,31.3
comp,hwang,2023,8171,Kyle Philips,WR,112,14.6
comp,hwang,2023,8119,Jahan Dotson,WR,3378,74.1
comp,hwang,2023,2325,Nelson Agholor,WR,323,58.2
comp,hwang,2023,5137,Richie James,WR,743,7.9
comp,hwang,2023,8123,Hassan Haskins,RB,143,0
comp,hwang,2023,4037,Chris Godwin,WR,4250,120.7
comp,hwang,2023,6885,Ke'Shawn Vaughn,RB,134,4.4
comp,hwang,2023,7090,Darnell Mooney,WR,1529,47.9
comp,hwang,2023,5323,Equanimeous St. Brown,WR,105,4.4
comp,hwang,2023,9511,Keaton Mitchell,RB,136,60.9
comp,hwang,2023,7605,Kyle Trask,QB,846,-0.1
comp,hwang,2023,10222,Jayden Reed,WR,1281,142
comp,hwang,2023,9504,Kayshon Boutte,WR,193,1.9
comp,hwang,2023,8188,Tyquan Thornton,WR,240,14.2
comp,hwang,2023,7713,Jaelon Darden,WR,118,0
comp,hwang,2023,6598,Trenton Irwin,WR,129,34.2
comp,hwang,2023,9506,Sean Tucker,RB,520,3.2
comp,hwang,2023,6234,Deonte Harty,WR,227,17.8
comp,hwang,2023,8122,Zonovan Knight,RB,149,2.1
comp,hwang,2023,6130,Devin Singletary,RB,1263,124.8
comp,hwang,2023,10231,Elijah Higgins,TE,164,25.1
comp,hwang,2023,10217,Clayton Tune,QB,740,7.4
comp,hwang,2023,4274,David Moore,WR,103,14.6
comp,hwang,2023,9480,Brenton Strange,TE,170,12
comp,hwang,2023,9497,Jalin Hyatt,WR,816,36.8
comp,hwang,2023,7559,Ihmir Smith-Marsette,WR,105,23.9
comp,hwang,2023,8176,Danny Gray,WR,110,0
comp,hwang,2023,6290,Scotty Miller,WR,127,21.5
comp,hwang,2023,4082,Curtis Samuel,WR,690,92.2
comp,hwang,2023,5347,Nyheim Hines,RB,148,0
comp,hwang,2023,6805,KJ Hamler,WR,110,0
comp,hwang,2023,4951,D.J. Chark,WR,611,77.9
comp,hwang,2023,8127,Charlie Kolar,TE,177,14.4
comp,hwang,2023,5880,Parris Campbell,WR,635,10.4
comp,hwang,2023,3225,Tyler Boyd,WR,1352,77.4
comp,hwang,2023,1535,Cordarrelle Patterson,RB,389,25.9
comp,hwang,2023,6659,Craig Reynolds,RB,136,24.6
comp,hwang,2023,7533,Anthony Schwartz,WR,124,0
comp,hwang,2023,7601,Rondale Moore,WR,128,61.4
comp,hwang,2023,8255,Raheem Blackshear,RB,155,10.5
comp,hwang,2023,8114,Erik Ezukanma,WR,122,2.2
comp,hwang,2023,5026,Tre'Quan Smith,WR,110,0
comp,hwang,2023,6794,Justin Jefferson,WR,9696,110.2
comp,hwang,2023,7523,Trevor Lawrence,QB,6554,246.3
comp,hwang,2023,6813,Jonathan Taylor,RB,3828,111.8
comp,hwang,2023,8138,James Cook,RB,4047,183.5
comp,hwang,2023,2028,Derek Carr,QB,3377,214
comp,hwang,2023,4199,Aaron Jones,RB,4159,90.8
comp,hwang,2023,8112,Drake London,WR,4591,101.3
comp,hwang,2023,10236,Dalton Kincaid,TE,3424,101.9
comp,hwang,2023,8148,Jameson Williams,WR,2141,56.3
comp,hwang,2023,7561,Elijah Mitchell,RB,2538,28.8
comp,hwang,2023,8130,Trey McBride,TE,1033,130.1
comp,hwang,2023,6001,Drew Sample,TE,151,37.6
comp,hwang,2023,7564,Ja'Marr Chase,WR,8966,160.8
comp,hwang,2023,7591,Justin Fields,QB,7508,221.6
comp,hwang,2023,8129,Dameon Pierce,RB,4324,69.7
comp,hwang,2023,1234,Russell Wilson,QB,3662,256.9
comp,hwang,2023,7588,Javonte Williams,RB,3784,118.7
comp,hwang,2023,5927,Terry McLaurin,WR,4605,124.6
comp,hwang,2023,4147,Samaje Perine,RB,2208,68.3
comp,hwang,2023,4995,Ian Thomas,TE,138,7.1
comp,hwang,2023,1166,Kirk Cousins,QB,5079,149.7
comp,hwang,2023,8136,Rachaad White,RB,3578,194.6
comp,hwang,2023,9228,Bryce Young,QB,2897,152.2
comp,hwang,2023,1426,DeAndre Hopkins,WR,4655,138
comp,hwang,2023,5008,Durham Smythe,TE,974,49.6
comp,hwang,2023,9505,Deuce Vaughn,RB,600,8
comp,hwang,2023,9758,C.J. Stroud,QB,3173,254.5
comp,hwang,2023,6151,Miles Sanders,RB,3677,58.8
comp,hwang,2023,8228,Jaylen Warren,RB,2475,132.4
comp,hwang,2023,9482,Michael Mayer,TE,1209,57.9
comp,hwang,2023,4198,Jamal Agnew,WR,166,26.3
comp,hwang,2023,7716,John Bates,TE,143,24.6
comp,hwang,2023,4983,D.J. Moore,WR,4773,184.1
comp,hwang,2023,5185,Allen Lazard,WR,1898,37.1
comp,hwang,2023,5010,Will Dissly,TE,152,19.6
comp,hwang,2023,3294,Dak Prescott,QB,5686,317.7
comp,hwang,2023,5987,Alexander Mattison,RB,3939,100.3
comp,hwang,2023,5947,Jakobi Meyers,WR,1666,129
comp,hwang,2023,4993,Mike Gesicki,TE,1102,49.9
comp,hwang,2023,8162,Sam Howell,QB,3076,250.1
comp,hwang,2023,8121,Romeo Doubs,WR,2099,115.4
comp,hwang,2023,10210,Cameron Latu,TE,147,0
comp,hwang,2023,4149,Jamaal Williams,RB,2310,33.4
comp,hwang,2023,6814,Laviska Shenault,WR,161,11.5
comp,hwang,2023,6850,Harrison Bryant,TE,159,31.4
comp,hwang,2023,6803,Brandon Aiyuk,WR,4763,171.7
comp,hwang,2023,10229,Rashee Rice,WR,1898,133.5
comp,hwang,2023,9753,Zach Charbonnet,RB,2513,67.1
comp,hwang,2023,6421,Jalen Guyton,WR,160,14.9
comp,hwang,2023,8139,Zamir White,RB,584,46.8
comp,hwang,2023,1689,Adam Thielen,WR,1779,126.8
comp,hwang,2023,7535,Hunter Long,TE,149,0
comp,hwang,2023,3634,Kalif Raymond,WR,165,57.4
comp,hwang,2023,6271,Olamide Zaccheaus,WR,168,26.4
comp,hwang,2023,8227,Teagan Quitoriano,TE,144,4.3
comp,hwang,2023,7828,Noah Gray,TE,1237,56.6
comp,hwang,2023,10218,Xavier Hutchinson,WR,185,13.3
comp,hwang,2023,4881,Lamar Jackson,QB,8702,331.2
comp,hwang,2023,7611,Rhamondre Stevenson,RB,5228,107.7
comp,hwang,2023,8144,Chris Olave,WR,5951,132.7
comp,hwang,2023,7553,Kyle Pitts,TE,4122,107.1
comp,hwang,2023,2133,Davante Adams,WR,6545,151.8
comp,hwang,2023,8131,Isaiah Likely,TE,2076,76
comp,hwang,2023,6828,AJ Dillon,RB,2880,95.6
comp,hwang,2023,6797,Justin Herbert,QB,7674,233.2
comp,hwang,2023,6770,Joe Burrow,QB,8146,147.2
comp,hwang,2023,7547,Amon-Ra St. Brown,WR,6678,191.5
comp,hwang,2023,2749,Raheem Mostert,RB,2727,242.7
comp,hwang,2023,8150,Kyren Williams,RB,999,223
comp,hwang,2023,7526,Jaylen Waddle,WR,6069,126.6
comp,hwang,2023,5022,Dallas Goedert,TE,4436,105.9
comp,hwang,2023,4089,Gerald Everett,TE,2182,84.7
comp,hwang,2023,4137,James Conner,RB,3098,148.1
comp,hwang,2023,6820,Clyde Edwards-Helaire,RB,887,52.1
comp,hwang,2023,7543,Travis Etienne,RB,5210,215.7
comp,hwang,2023,8172,Greg Dulcich,TE,2124,4
comp,hwang,2023,8154,Brian Robinson,RB,3017,154.6
comp,hwang,2023,4866,Saquon Barkley,RB,6113,160.5
comp,hwang,2023,9757,Kendre Miller,RB,884,19.4
comp,hwang,2023,8146,Garrett Wilson,WR,6313,114.8
comp,hwang,2023,7608,Khalil Herbert,RB,2981,88.4
comp,hwang,2023,7525,DeVonta Smith,WR,5697,146.6
comp,hwang,2023,7569,Nico Collins,WR,2254,154.9
comp,hwang,2023,6945,Antonio Gibson,RB,2920,75.8
comp,hwang,2023,4111,D'Onta Foreman,RB,906,80.2
comp,hwang,2023,3164,Ezekiel Elliott,RB,1095,115.4
comp,hwang,2023,7568,Brevin Jordan,TE,161,42.4
comp,hwang,2023,4046,Patrick Mahomes,QB,9835,280.2
comp,hwang,2023,2309,Amari Cooper,WR,4874,155
comp,hwang,2023,6804,Jordan Love,QB,3840,300.5
comp,hwang,2023,5001,Dalton Schultz,TE,2977,114.3
comp,hwang,2023,3199,Michael Thomas,WR,2302,50.8
comp,hwang,2023,4040,JuJu Smith-Schuster,WR,2586,32
comp,hwang,2023,8917,KaVontae Turpin,WR,148,47.2
comp,hwang,2023,6904,Jalen Hurts,QB,9509,356.2
comp,hwang,2023,4039,Cooper Kupp,WR,5510,105.4
comp,hwang,2023,6801,Tee Higgins,WR,5217,95.6
comp,hwang,2023,8110,Jake Ferguson,TE,2823,131.7
comp,hwang,2023,9479,Darnell Washington,TE,506,9.6
comp,hwang,2023,8800,Malik Davis,RB,171,0
comp,hwang,2023,6955,James Robinson,RB,228,0
comp,hwang,2023,5967,Tony Pollard,RB,5326,153
comp,hwang,2023,5872,Deebo Samuel,WR,5494,180.5
comp,hwang,2023,6074,Donald Parham,TE,243,55.2
comp,hwang,2023,8235,Samori Toure,WR,138,7.8
comp,hwang,2023,5121,Braxton Berrios,WR,156,30
comp,hwang,2023,10219,Chris Rodriguez,RB,192,35.9
comp,hwang,2023,11439,Jaleel McLaughlin,RB,239,74.4
comp,hwang,2023,5846,DK Metcalf,WR,5113,158.4
comp,hwang,2023,3271,Tyler Higbee,TE,3009,85
comp,hwang,2023,10213,Tre Tucker,WR,136,43.8
comp,hwang,2023,8160,Kenny Pickett,QB,3697,110.2
comp,hwang,2023,6849,Denzel Mims,WR,142,0
comp,hwang,2023,6989,Marquez Callaway,WR,149,0
comp,hwang,2023,6918,Salvon Ahmed,RB,218,26.9
comp,hwang,2023,6931,DeeJay Dallas,RB,245,2.2
comp,hwang,2023,6843,Albert Okwuegbunam,TE,414,0
comp,hwang,2023,7757,Ben Skowronek,WR,130,11.3
comp,hwang,2023,7891,Brock Wright,TE,306,21.6
comp,hwang,2023,3202,Austin Hooper,TE,343,30
comp,hwang,2023,6847,Devin Duvernay,WR,151,3.3
comp,hwang,2023,10226,Andrei Iosivas,WR,146,20
comp,hwang,2023,9754,Quentin Johnston,WR,2482,53.7
comp,hwang,2023,10223,Eric Gray,RB,201,4.2
comp,hwang,2023,4981,Calvin Ridley,WR,5445,137.3
comp,hwang,2023,4197,Isaiah McKenzie,WR,137,5.6
comp,hwang,2023,8168,Skyy Moore,WR,2742,32.7
comp,hwang,2023,7571,Rashod Bateman,WR,2379,44.5
comp,hwang,2023,7496,Nick Westbrook-Ikhine,WR,137,57
comp,hwang,2023,4984,Josh Allen,QB,9662,369.6
comp,hwang,2023,6144,Trayveon Williams,RB,267,8.1
comp,hwang,2023,7670,Josh Palmer,WR,139,63.7
comp,hwang,2023,9222,Zach Evans,RB,278,1.6
comp,hwang,2023,8254,Julius Chestnut,RB,254,0
comp,hwang,2023,5122,Boston Scott,RB,165,11.3
comp,hwang,2023,6806,J.K. Dobbins,RB,192,9.7
comp,hwang,2023,10870,Deneric Prince,RB,189,0
comp,hwang,2023,6960,Tyler Johnson,WR,139,0
comp,hwang,2023,8118,David Bell,WR,135,15.9
comp,hwang,2023,9227,Israel Abanikanda,RB,194,8.7
comp,hwang,2023,7720,Kene Nwangwu,RB,198,1.3
comp,hwang,2023,6943,Gabriel Davis,WR,145,116.4
comp,hwang,2023,11311,Jason Brownlee,WR,134,11.6
comp,hwang,2023,5859,A.J. Brown,WR,6811,184.7
comp,hwang,2023,7585,Davis Mills,QB,435,17.8
comp,hwang,2023,6786,CeeDee Lamb,WR,7282,245.7
comp,hwang,2023,2449,Stefon Diggs,WR,7067,158.1
comp,hwang,2023,8210,Chigoziem Okonkwo,TE,2419,81.8
comp,hwang,2023,7538,Zach Wilson,QB,409,119.9
comp,hwang,2023,5906,Dawson Knox,TE,2727,34.4
comp,hwang,2023,3257,Jacoby Brissett,QB,464,22.9
comp,hwang,2023,10859,Sam LaPorta,TE,3302,184.9
comp,hwang,2023,10857,Stetson Bennett,QB,695,0
comp,hwang,2023,8157,Bailey Zappe,QB,513,68.4
comp,hwang,2023,2307,Marcus Mariota,QB,229,1.2
comp,hwang,2023,7002,Juwan Johnson,TE,2722,73.8
comp,hwang,2023,6011,Gardner Minshew,QB,335,187.7
comp,hwang,2023,7021,Rico Dowdle,RB,628,64.5
comp,hwang,2023,6768,Tua Tagovailoa,QB,5490,262.7
comp,hwang,2023,6845,Zack Moss,RB,684,139.6
comp,hwang,2023,3321,Tyreek Hill,WR,7630,243.2
comp,hwang,2023,7551,Deon Jackson,RB,801,-1
comp,hwang,2023,4017,Deshaun Watson,QB,5343,86.8
comp,hwang,2023,7594,Chuba Hubbard,RB,699,134.3
comp,hwang,2023,5995,Justice Hill,RB,634,78.7
comp,hwang,2023,2306,Jameis Winston,QB,324,12
comp,hwang,2023,2711,Taylor Heinicke,QB,270,66
comp,hwang,2023,7083,Tyler Huntley,QB,308,11.8
comp,hwang,2023,2505,Darren Waller,TE,4722,80.2
comp,hwang,2023,5012,Mark Andrews,TE,6174,112.9
comp,hwang,2023,1466,Travis Kelce,TE,6612,172.9
comp,hwang,2023,5844,T.J. Hockenson,TE,5702,171.5
comp,hwang,2023,6826,Cole Kmet,TE,2400,139
comp,hwang,2023,4068,Mike Williams,WR,4802,31.2
comp,hwang,2023,1479,Keenan Allen,WR,4844,170.9
comp,hwang,2023,4217,George Kittle,TE,5465,170.7
comp,hwang,2024,4034,Christian McCaffrey,RB,8825,32.8
comp,hwang,2024,6813,Jonathan Taylor,RB,5996,202.7
comp,hwang,2024,8151,Kenneth Walker III,RB,4542,135.2
comp,hwang,2024,5927,Terry McLaurin,WR,4171,173.6
comp,hwang,2024,7523,Trevor Lawrence,QB,5304,145.2
comp,hwang,2024,3198,Derrick Henry,RB,5013,289.3
comp,hwang,2024,6768,Tua Tagovailoa,QB,5369,181.6
comp,hwang,2024,6801,Tee Higgins,WR,4618,143.8
comp,hwang,2024,4033,David Njoku,TE,3733,116.5
comp,hwang,2024,5967,Tony Pollard,RB,3247,153.5
comp,hwang,2024,4037,Chris Godwin,WR,4019,87.8
comp,hwang,2024,1426,DeAndre Hopkins,WR,3388,91
comp,hwang,2024,5857,Noah Fant,TE,2046,65.2
comp,hwang,2024,9482,Michael Mayer,TE,1041,22
comp,hwang,2024,4351,Tim Patrick,WR,436,57.9
comp,hwang,2024,8119,Jahan Dotson,WR,1199,13.5
comp,hwang,2024,8230,Ty Chandler,RB,1769,22.4
comp,hwang,2024,8254,Julius Chestnut,RB,287,10.2
comp,hwang,2024,2028,Derek Carr,QB,3069,150.9
comp,hwang,2024,6149,Darius Slayton,WR,590,71
comp,hwang,2024,4995,Ian Thomas,TE,417,2.2
comp,hwang,2024,11610,Malik Washington,WR,622,24
comp,hwang,2024,7049,Jauan Jennings,WR,408,128.3
comp,hwang,2024,6943,Gabriel Davis,WR,161,33.9
comp,hwang,2024,10219,Chris Rodriguez,RB,118,30.5
comp,hwang,2024,7605,Kyle Trask,QB,254,-0.2
comp,hwang,2024,11559,Michael Penix Jr.,QB,1623,19.1
comp,hwang,2024,9221,Jahmyr Gibbs,RB,6321,269.9
comp,hwang,2024,6797,Justin Herbert,QB,4937,257.4
comp,hwang,2024,9502,Tank Dell,WR,4687,89
comp,hwang,2024,7588,Javonte Williams,RB,3240,98.1
comp,hwang,2024,4981,Calvin Ridley,WR,4049,127.9
comp,hwang,2024,11631,Brian Thomas Jr.,WR,3251,186.7
comp,hwang,2024,8172,Greg Dulcich,TE,1468,5.3
comp,hwang,2024,5010,Will Dissly,TE,923,72.4
comp,hwang,2024,4171,Josh Reynolds,WR,517,24.3
comp,hwang,2024,9486,Dontayvion Wicks,WR,1820,66.6
comp,hwang,2024,6806,J.K. Dobbins,RB,1676,152.3
comp,hwang,2024,11435,Emanuel Wilson,RB,319,71.9
comp,hwang,2024,5870,Daniel Jones,QB,2617,135.3
comp,hwang,2024,8180,Jalen Nailor,WR,530,69.7
comp,hwang,2024,10226,Andrei Iosivas,WR,752,82.7
comp,hwang,2024,8135,Treylon Burks,WR,305,3.5
comp,hwang,2024,9495,Rakim Jarrett,WR,152,12.4
comp,hwang,2024,6931,DeeJay Dallas,RB,146,15.3
comp,hwang,2024,2307,Marcus Mariota,QB,172,19.7
comp,hwang,2024,3257,Jacoby Brissett,QB,1941,45.2
comp,hwang,2024,8150,Kyren Williams,RB,5537,238.1
comp,hwang,2024,8136,Rachaad White,RB,4285,148.6
comp,hwang,2024,4950,Christian Kirk,WR,4108,43.9
comp,hwang,2024,8183,Brock Purdy,QB,5874,266.9
comp,hwang,2024,8205,Isiah Pacheco,RB,4861,44.9
comp,hwang,2024,8110,Jake Ferguson,TE,3903,72.7
comp,hwang,2024,2749,Raheem Mostert,RB,3324,51.9
comp,hwang,2024,5937,Diontae Johnson,WR,3531,54.9
comp,hwang,2024,11635,Ladd McConkey,WR,3288,147.4
comp,hwang,2024,6865,Colby Parkinson,TE,1497,49.3
comp,hwang,2024,7602,Kylen Granson,TE,838,24
comp,hwang,2024,11625,Adonai Mitchell,WR,1892,30.8
comp,hwang,2024,1535,Cordarrelle Patterson,RB,315,25.4
comp,hwang,2024,4943,Sam Darnold,QB,2807,300.3
comp,hwang,2024,11617,Malachi Corley,WR,676,2.2
comp,hwang,2024,11640,Jermaine Burton,WR,860,10.7
comp,hwang,2024,10225,Jonathan Mingo,WR,286,12.8
comp,hwang,2024,8171,Kyle Philips,WR,152,0
comp,hwang,2024,9222,Zach Evans,RB,136,0
comp,hwang,2024,7083,Tyler Huntley,QB,284,52
comp,hwang,2024,2306,Jameis Winston,QB,1260,131.1
comp,hwang,2024,9509,Bijan Robinson,RB,8233,251.4
comp,hwang,2024,8138,James Cook,RB,4713,225.9
comp,hwang,2024,9997,Zay Flowers,WR,4543,133.4
comp,hwang,2024,8139,Zamir White,RB,3355,23.3
comp,hwang,2024,11620,Rome Odunze,WR,3510,89.1
comp,hwang,2024,7002,Juwan Johnson,TE,1795,86.8
comp,hwang,2024,4951,D.J. Chark,WR,435,2.5
comp,hwang,2024,2197,Brandin Cooks,WR,1747,42.6
comp,hwang,2024,4988,Nick Chubb,RB,1879,58.3
comp,hwang,2024,11564,Drake Maye,QB,2411,177.1
comp,hwang,2024,9497,Jalin Hyatt,WR,493,6.2
comp,hwang,2024,10871,Luke Schoonmaker,TE,203,41
comp,hwang,2024,3634,Kalif Raymond,WR,356,38.4
comp,hwang,2024,7670,Josh Palmer,WR,158,68.4
comp,hwang,2024,11370,Chris Brooks,RB,128,25.3
comp,hwang,2024,1837,Jimmy Garoppolo,QB,878,0
comp,hwang,2024,2309,Amari Cooper,WR,4589,78.7
comp,hwang,2024,8137,George Pickens,WR,4181,105.4
comp,hwang,2024,4066,Evan Engram,TE,4332,66
comp,hwang,2024,6130,Devin Singletary,RB,3001,73.9
comp,hwang,2024,8167,Christian Watson,WR,3418,76.3
comp,hwang,2024,11596,Ben Sinnott,TE,1730,11.3
comp,hwang,2024,7828,Noah Gray,TE,789,93.1
comp,hwang,2024,11626,Xavier Legette,WR,1430,73.1
comp,hwang,2024,4029,Dalvin Cook,RB,541,3
comp,hwang,2024,4234,Noah Brown,WR,543,51.3
comp,hwang,2024,6853,Van Jefferson,WR,393,37.8
comp,hwang,2024,10221,Ronnie Bell,WR,169,2.2
comp,hwang,2024,11573,Frank Gore Jr.,RB,128,0
comp,hwang,2024,19,Joe Flacco,QB,1757,84.5
comp,hwang,2024,8155,Breece Hall,RB,7264,168.7
comp,hwang,2024,3163,Jared Goff,QB,5375,314.2
comp,hwang,2024,421,Matthew Stafford,QB,4452,214.6
comp,hwang,2024,8148,Jameson Williams,WR,3311,150.8
comp,hwang,2024,11600,Ja'Tavion Sanders,TE,1076,51.7
comp,hwang,2024,10863,A.T. Perry,WR,373,0
comp,hwang,2024,9501,Demario Douglas,WR,1347,78.3
comp,hwang,2024,6945,Antonio Gibson,RB,1286,74.3
comp,hwang,2024,7591,Justin Fields,QB,2347,119.1
comp,hwang,2024,7587,Dyami Brown,WR,722,35
comp,hwang,2024,9479,Darnell Washington,TE,384,35.5
comp,hwang,2024,6271,Olamide Zaccheaus,WR,305,62.3
comp,hwang,2024,6927,Quez Watkins,WR,146,0
comp,hwang,2024,8160,Kenny Pickett,QB,280,25.1
comp,hwang,2024,10866,Aidan O'Connell,QB,1303,77.6
comp,hwang,2024,9488,Jaxon Smith-Njigba,WR,3473,151.7
comp,hwang,2024,4144,Jonnu Smith,TE,2067,164.2
comp,hwang,2024,7594,Chuba Hubbard,RB,1855,198.6
comp,hwang,2024,6820,Clyde Edwards-Helaire,RB,360,3
comp,hwang,2024,11630,Roman Wilson,WR,548,0
comp,hwang,2024,7568,Brevin Jordan,TE,248,1.7
comp,hwang,2024,11618,Jalen McMillan,WR,903,84.4
comp,hwang,2024,4454,Kendrick Bourne,WR,330,35.9
comp,hwang,2024,7720,Kene Nwangwu,RB,142,6
comp,hwang,2024,1166,Kirk Cousins,QB,4842,176.3
comp,hwang,2024,1479,Keenan Allen,WR,3947,113.9
comp,hwang,2024,10222,Jayden Reed,WR,3793,138.9
comp,hwang,2024,8117,Jalen Tolbert,WR,1050,93.2
comp,hwang,2024,10223,Eric Gray,RB,336,6.3
comp,hwang,2024,6011,Gardner Minshew,QB,2122,96.3
comp,hwang,2024,11627,Troy Franklin,WR,653,37.9
comp,hwang,2024,7694,Tommy Tremble,TE,371,34.9
comp,hwang,2024,11650,Luke McCaffrey,WR,774,16.8
comp,hwang,2024,5695,Brandon Powell,WR,173,7.1
comp,hwang,2024,11590,Jase McClellan,RB,139,3.2
comp,hwang,2024,7527,Mac Jones,QB,269,83.4
comp,hwang,2024,8161,Malik Willis,QB,896,48.1
comp,hwang,2024,8228,Jaylen Warren,RB,3200,84
comp,hwang,2024,11619,Ja'Lynn Polk,WR,1601,20.7
comp,hwang,2024,8132,Tyler Allgeier,RB,1616,86.3
comp,hwang,2024,6805,KJ Hamler,WR,167,0
comp,hwang,2024,10857,Stetson Bennett,QB,287,0
comp,hwang,2024,7090,Darnell Mooney,WR,1694,129.2
comp,hwang,2024,10216,Kenny McIntosh,RB,285,14.5
comp,hwang,2024,8197,Peyton Hendershot,TE,200,4.1
comp,hwang,2024,5880,Parris Campbell,WR,154,9
comp,hwang,2024,11567,Jordan Travis,QB,275,0
comp,hwang,2024,10214,Davis Allen,TE,779,6.9
comp,hwang,2024,9480,Brenton Strange,TE,331,63.1
comp,hwang,2024,10860,Malik Cunningham,WR,144,0
comp,hwang,2024,9227,Israel Abanikanda,RB,126,0
comp,hwang,2024,8225,Daniel Bellinger,TE,894,17.6
comp,hwang,2024,11584,Bucky Irving,RB,1310,183
comp,hwang,2024,6151,Miles Sanders,RB,343,29.7
comp,hwang,2024,2505,Darren Waller,TE,272,0
comp,hwang,2024,4040,JuJu Smith-Schuster,WR,329,34.7
comp,hwang,2024,6824,Donovan Peoples-Jones,WR,159,0
comp,hwang,2024,8211,Tyrion Davis-Price,RB,148,0.7
comp,hwang,2024,11565,J.J. McCarthy,QB,284,0
comp,hwang,2024,5906,Dawson Knox,TE,1117,48.1
comp,hwang,2024,11645,Javon Baker,WR,405,0
comp,hwang,2024,3286,Demarcus Robinson,WR,1164,85.3
comp,hwang,2024,9511,Keaton Mitchell,RB,497,4.8
comp,hwang,2024,1234,Russell Wilson,QB,2196,161.3
comp,hwang,2024,8147,John Metchie,WR,380,29
comp,hwang,2024,9504,Kayshon Boutte,WR,171,61.2
comp,hwang,2024,8126,Wan'Dale Robinson,WR,1116,85.4
comp,hwang,2024,11439,Jaleel McLaughlin,RB,1442,68.4
comp,hwang,2024,8142,Alec Pierce,WR,333,112.7
comp,hwang,2024,4089,Gerald Everett,TE,948,7.6
comp,hwang,2024,10232,Michael Wilson,WR,1571,77.5
comp,hwang,2024,7596,Elijah Moore,WR,451,56.3
comp,hwang,2024,11629,Devontez Walker,WR,361,8.1
comp,hwang,2024,7601,Rondale Moore,WR,171,0
comp,hwang,2024,8210,Chigoziem Okonkwo,TE,1664,87.6
comp,hwang,2024,8221,Keaontay Ingram,RB,149,0
comp,hwang,2024,8159,Desmond Ridder,QB,248,21.5
comp,hwang,2024,8154,Brian Robinson,RB,3060,138.2
comp,hwang,2024,4111,D'Onta Foreman,RB,415,23.1
comp,hwang,2024,5970,Greg Dortch,WR,902,35.9
comp,hwang,2024,9500,Josh Downs,WR,1506,102.1
comp,hwang,2024,11621,Brenden Rice,WR,274,0
comp,hwang,2024,11210,Malik Heath,WR,173,16.4
comp,hwang,2024,4080,Zay Jones,WR,351,3.8
comp,hwang,2024,7567,Kenneth Gainwell,RB,435,44.3
comp,hwang,2024,5374,Justin Watson,WR,283,40.4
comp,hwang,2024,7794,Chris Evans,RB,134,0
comp,hwang,2024,7593,Trey Sermon,RB,394,37.3
comp,hwang,2024,10213,Tre Tucker,WR,473,79.9
comp,hwang,2024,6828,AJ Dillon,RB,133,0
comp,hwang,2024,5973,Josh Oliver,TE,384,52.2
comp,hwang,2024,9494,Marvin Mims,WR,988,73.4
comp,hwang,2024,7561,Elijah Mitchell,RB,133,0
comp,hwang,2024,4149,Jamaal Williams,RB,444,25.9
comp,hwang,2024,7571,Rashod Bateman,WR,970,116
comp,hwang,2024,7565,Terrace Marshall,WR,169,4.1
comp,hwang,2024,11557,Joe Milton,QB,274,0
comp,hwang,2024,8129,Dameon Pierce,RB,495,17.9
comp,hwang,2024,3225,Tyler Boyd,WR,707,39.3
comp,hwang,2024,8800,Malik Davis,RB,141,0
comp,hwang,2024,8174,Kevin Harris,RB,141,0
comp,hwang,2024,4972,Mason Rudolph,QB,973,92.5
comp,hwang,2024,7595,Tylan Wallace,WR,171,25.3
comp,hwang,2024,6849,Denzel Mims,WR,150,0
comp,hwang,2024,11638,Ricky Pearsall,WR,798,49.6
comp,hwang,2024,9512,DeWayne McBride,RB,139,0
comp,hwang,2024,11624,Xavier Worthy,WR,3943,128.2
comp,hwang,2024,7538,Zach Wilson,QB,263,0
comp,hwang,2024,10231,Elijah Higgins,TE,259,39.2
comp,hwang,2024,8123,Hassan Haskins,RB,131,20.5
comp,hwang,2024,1689,Adam Thielen,WR,1367,87.1
comp,hwang,2024,5000,Chase Edmonds,RB,146,0
comp,hwang,2024,6144,Trayveon Williams,RB,127,0
comp,hwang,2024,9489,Justin Shorter,WR,152,0
comp,hwang,2024,9753,Zach Charbonnet,RB,1528,135.8
comp,hwang,2024,5121,Braxton Berrios,WR,172,0
comp,hwang,2024,11643,Jaylen Wright,RB,1406,24.1
comp,hwang,2024,10228,Charlie Jones,WR,152,4.5
comp,hwang,2024,6814,Laviska Shenault,WR,160,5.7
comp,hwang,2024,6421,Jalen Guyton,WR,153,0
comp,hwang,2024,11311,Jason Brownlee,WR,154,0
comp,hwang,2024,7533,Anthony Schwartz,WR,160,0
comp,hwang,2024,9754,Quentin Johnston,WR,1263,101.1
comp,hwang,2024,8162,Sam Howell,QB,1200,-0.8
comp,hwang,2024,8122,Zonovan Knight,RB,128,0
comp,hwang,2024,7066,K.J. Osborn,WR,267,11.7
comp,hwang,2024,11575,Ray Davis,RB,1216,86.6
comp,hwang,2024,6234,Deonte Harty,WR,154,0
comp,hwang,2024,9487,Parker Washington,WR,334,57.5
comp,hwang,2024,6847,Devin Duvernay,WR,168,8.2
comp,hwang,2024,6938,Cam Akers,RB,540,72.3
comp,hwang,2024,6598,Trenton Irwin,WR,166,1.5
comp,hwang,2024,6960,Tyler Johnson,WR,159,25.6
comp,hwang,2024,8140,Justyn Ross,WR,144,0
comp,hwang,2024,7891,Brock Wright,TE,331,28.5
comp,hwang,2024,5026,Tre'Quan Smith,WR,151,0
comp,hwang,2024,6920,Isaiah Hodgins,WR,158,1.2
comp,hwang,2024,8208,Tyler Badie,RB,121,6.4
comp,hwang,2024,6786,CeeDee Lamb,WR,9716,162.4
comp,hwang,2024,6770,Joe Burrow,QB,7161,359.8
comp,hwang,2024,5892,David Montgomery,RB,3570,185.7
comp,hwang,2024,4137,James Conner,RB,3638,206.8
comp,hwang,2024,11563,Bo Nix,QB,3251,282.7
comp,hwang,2024,7528,Najee Harris,RB,3494,157
comp,hwang,2024,2449,Stefon Diggs,WR,4834,74.9
comp,hwang,2024,4973,Hayden Hurst,TE,1207,11.3
comp,hwang,2024,6074,Donald Parham,TE,138,0
comp,hwang,2024,3321,Tyreek Hill,WR,9377,135.2
comp,hwang,2024,5849,Kyler Murray,QB,7564,269.4
comp,hwang,2024,1373,Geno Smith,QB,3781,239.7
comp,hwang,2024,6790,D'Andre Swift,RB,3638,160
comp,hwang,2024,2216,Mike Evans,WR,4761,157.5
comp,hwang,2024,6783,Jerry Jeudy,WR,1946,144.6
comp,hwang,2024,11586,Blake Corum,RB,2352,24.3
comp,hwang,2024,8204,Bo Melton,WR,243,14.4
comp,hwang,2024,7757,Ben Skowronek,WR,116,6.9
comp,hwang,2024,10210,Cameron Latu,TE,158,0
comp,hwang,2024,4035,Alvin Kamara,RB,4047,197.3
comp,hwang,2024,4199,Aaron Jones,RB,3603,183.1
comp,hwang,2024,11604,Brock Bowers,TE,3691,193.7
comp,hwang,2024,4082,Curtis Samuel,WR,2538,27.5
comp,hwang,2024,7716,John Bates,TE,125,10.4
comp,hwang,2024,11560,Caleb Williams,QB,6167,243.6
comp,hwang,2024,7611,Rhamondre Stevenson,RB,3403,142.9
comp,hwang,2024,7525,DeVonta Smith,WR,4930,131.4
comp,hwang,2024,8676,Rashid Shaheed,WR,2280,59.8
comp,hwang,2024,1339,Zach Ertz,TE,1327,131.5
comp,hwang,2024,9228,Bryce Young,QB,3099,158.6
comp,hwang,2024,4068,Mike Williams,WR,2311,33.3
comp,hwang,2024,3164,Ezekiel Elliott,RB,1953,45.5
comp,hwang,2024,11589,Trey Benson,RB,1981,41
comp,hwang,2024,5987,Alexander Mattison,RB,603,98.3
comp,hwang,2024,11306,Xavier Gipson,WR,249,7.9
comp,hwang,2024,6804,Jordan Love,QB,7012,231.1
comp,hwang,2024,4018,Joe Mixon,RB,3827,201.7
comp,hwang,2024,10229,Rashee Rice,WR,4737,40.9
comp,hwang,2024,4017,Deshaun Watson,QB,3888,76.7
comp,hwang,2024,4983,D.J. Moore,WR,4968,127
comp,hwang,2024,4993,Mike Gesicki,TE,1416,98.2
comp,hwang,2024,8214,Cole Turner,TE,147,0
comp,hwang,2024,5248,Gus Edwards,RB,2170,61.1
comp,hwang,2024,11597,Theo Johnson,TE,1162,53.6
comp,hwang,2024,7021,Rico Dowdle,RB,2226,144.4
comp,hwang,2024,7559,Ihmir Smith-Marsette,WR,136,6
comp,hwang,2024,6290,Scotty Miller,WR,141,6.9
comp,hwang,2024,9999,Will Levis,QB,3527,108.1
comp,hwang,2024,5947,Jakobi Meyers,WR,2427,112.7
comp,hwang,2024,2374,Tyler Lockett,WR,2085,69.2
comp,hwang,2024,9484,Tucker Kraft,TE,1289,132.7
comp,hwang,2024,11577,Will Shipley,RB,592,5
comp,hwang,2024,6001,Drew Sample,TE,145,23.1
comp,hwang,2024,5185,Allen Lazard,WR,250,75.9
comp,hwang,2024,6126,Irv Smith,TE,144,0
comp,hwang,2024,8489,Andrew Ogletree,TE,144,18.8
comp,hwang,2024,6843,Albert Okwuegbunam,TE,147,0
comp,hwang,2024,2078,Odell Beckham,WR,243,5.5
comp,hwang,2024,7606,Kadarius Toney,WR,124,-2.4
comp,hwang,2024,5323,Equanimeous St. Brown,WR,118,0
comp,hwang,2024,11636,Johnny Wilson,WR,260,7.4
comp,hwang,2024,4197,Isaiah McKenzie,WR,129,0
comp,hwang,2024,8188,Tyquan Thornton,WR,258,4.7
comp,hwang,2024,8127,Charlie Kolar,TE,142,23.8
comp,hwang,2024,5938,Lil'Jordan Humphrey,WR,118,30.7
comp,hwang,2024,4274,David Moore,WR,143,46.2
comp,hwang,2024,9758,C.J. Stroud,QB,7887,214.4
comp,hwang,2024,9229,Anthony Richardson,QB,8421,162.4
comp,hwang,2024,5850,Josh Jacobs,RB,5199,246.5
comp,hwang,2024,2133,Davante Adams,WR,5875,141.5
comp,hwang,2024,7553,Kyle Pitts,TE,4861,105.2
comp,hwang,2024,11628,Marvin Harrison Jr.,WR,6796,122.2
comp,hwang,2024,3214,Hunter Henry,TE,2348,112.4
comp,hwang,2024,9508,Tyjae Spears,RB,2497,83.6
comp,hwang,2024,8112,Drake London,WR,6604,150.1
comp,hwang,2024,8146,Garrett Wilson,WR,6960,145.8
comp,hwang,2024,8111,Cade Otton,TE,2168,111.1
comp,hwang,2024,11583,Jonathon Brooks,RB,2792,4.5
comp,hwang,2024,11576,Braelon Allen,RB,938,63.9
comp,hwang,2024,6869,Adam Trautman,TE,197,37.3
comp,hwang,2024,4881,Lamar Jackson,QB,8704,407.4
comp,hwang,2024,7569,Nico Collins,WR,6043,132.8
comp,hwang,2024,4866,Saquon Barkley,RB,6700,322.3
comp,hwang,2024,9493,Puka Nacua,WR,6805,127.6
comp,hwang,2024,11581,MarShawn Lloyd,RB,1032,1.8
comp,hwang,2024,4663,Austin Ekeler,RB,2487,94.1
comp,hwang,2024,4217,George Kittle,TE,4385,193.9
comp,hwang,2024,8131,Isaiah Likely,TE,2268,97.4
comp,hwang,2024,7608,Khalil Herbert,RB,976,13.2
comp,hwang,2024,8134,Khalil Shakir,WR,2570,106.5
comp,hwang,2024,8143,Jerome Ford,RB,2849,97
comp,hwang,2024,7543,Travis Etienne,RB,5216,85.2
comp,hwang,2024,8219,Jelani Woods,TE,184,0
comp,hwang,2024,6845,Zack Moss,RB,2906,58.9
comp,hwang,2024,9225,Tank Bigsby,RB,842,111.8
comp,hwang,2024,9224,Chase Brown,RB,2706,201
comp,hwang,2024,8408,Jordan Mason,RB,1152,104
comp,hwang,2024,4984,Josh Allen,QB,9942,379
comp,hwang,2024,9226,De'Von Achane,RB,5302,203.8
comp,hwang,2024,5872,Deebo Samuel,WR,5829,102.6
comp,hwang,2024,6803,Brandon Aiyuk,WR,5447,37.4
comp,hwang,2024,4892,Baker Mayfield,QB,3950,344.2
comp,hwang,2024,7600,Pat Freiermuth,TE,3032,117.3
comp,hwang,2024,5045,Courtland Sutton,WR,3172,143.5
comp,hwang,2024,11595,Jared Wiley,TE,551,1.2
comp,hwang,2024,10218,Xavier Hutchinson,WR,198,11.2
comp,hwang,2024,8125,Calvin Austin III,WR,224,84.8
comp,hwang,2024,5284,Jeffery Wilson,RB,154,8
comp,hwang,2024,8144,Chris Olave,WR,5747,44.7
comp,hwang,2024,8121,Romeo Doubs,WR,2912,86.1
comp,hwang,2024,7045,Joshua Kelley,RB,219,0
comp,hwang,2024,9505,Deuce Vaughn,RB,247,5.1
comp,hwang,2024,6904,Jalen Hurts,QB,9808,315.1
comp,hwang,2024,4039,Cooper Kupp,WR,5618,108
comp,hwang,2024,5844,T.J. Hockenson,TE,3044,64.1
comp,hwang,2024,11599,Cade Stover,TE,652,26.8
comp,hwang,2024,5086,Marquez Valdes-Scantling,WR,177,62.2
comp,hwang,2024,4046,Patrick Mahomes,QB,9535,282
comp,hwang,2024,5917,Mecole Hardman,WR,195,21.2
comp,hwang,2024,5347,Nyheim Hines,RB,152,0
comp,hwang,2024,5848,Marquise Brown,WR,3001,9.1
comp,hwang,2024,8917,KaVontae Turpin,WR,178,67.4
comp,hwang,2024,11637,Keon Coleman,WR,3070,78.5
comp,hwang,2024,10234,Derius Davis,WR,177,26.7
comp,hwang,2024,10444,Cedric Tillman,WR,242,51.4
comp,hwang,2024,8153,Isaiah Spiller,RB,225,0
comp,hwang,2024,11199,Emari Demercado,RB,206,38.7
comp,hwang,2024,96,Aaron Rodgers,QB,4379,231.6
comp,hwang,2024,10870,Deneric Prince,RB,201,0
comp,hwang,2024,7526,Jaylen Waddle,WR,5726,86.6
comp,hwang,2024,4054,Mo Alie-Cox,TE,441,26.7
comp,hwang,2024,8118,David Bell,WR,174,2.7
comp,hwang,2024,8116,Pierre Strong Jr.,RB,215,21.2
comp,hwang,2024,11592,Erick All,TE,639,25.8
comp,hwang,2024,10867,Jake Bobo,WR,227,10.3
comp,hwang,2024,5001,Dalton Schultz,TE,3232,87.3
comp,hwang,2024,9490,Tyler Scott,WR,197,0.5
comp,hwang,2024,6039,Ty Johnson,RB,198,72.4
comp,hwang,2024,7562,Tutu Atwell,WR,217,53.2
comp,hwang,2024,11632,Malik Nabers,WR,5334,152.2
comp,hwang,2024,6694,D'Ernest Johnson,RB,243,21.3
comp,hwang,2024,7496,Nick Westbrook-Ikhine,WR,174,98.7
comp,hwang,2024,9220,Evan Hull,RB,210,0
comp,hwang,2024,9756,Jordan Addison,WR,2758,149.5
comp,hwang,2024,3271,Tyler Higbee,TE,722,9.5
comp,hwang,2024,8168,Skyy Moore,WR,200,0
comp,hwang,2024,9506,Sean Tucker,RB,187,58.1
comp,hwang,2024,5113,Cedrick Wilson,WR,201,27.7
comp,hwang,2024,9492,Trey Palmer,WR,221,23.2
comp,hwang,2024,2325,Nelson Agholor,WR,230,35.1
comp,hwang,2024,7607,Michael Carter,RB,158,12.9
comp,hwang,2024,8195,Ronnie Rivers,RB,186,5.1
comp,hwang,2024,6659,Craig Reynolds,RB,164,14
comp,hwang,2024,7564,Ja'Marr Chase,WR,8336,260.4
comp,hwang,2024,6794,Justin Jefferson,WR,7995,209.1
comp,hwang,2024,5859,A.J. Brown,WR,7159,149.9
comp,hwang,2024,9481,Luke Musgrave,TE,2834,5.6
comp,hwang,2024,4179,Joshua Dobbs,QB,693,8.1
comp,hwang,2024,6826,Cole Kmet,TE,2970,95.6
comp,hwang,2024,8145,Jeremy Ruckert,TE,181,18.5
comp,hwang,2024,6111,Jake Browning,QB,632,-0.2
comp,hwang,2024,5022,Dallas Goedert,TE,3515,75.1
comp,hwang,2024,4381,Taysom Hill,TE,2807,90.8
comp,hwang,2024,827,Tyrod Taylor,QB,501,20.1
comp,hwang,2024,5985,Foster Moreau,TE,183,82.2
comp,hwang,2024,5995,Justice Hill,RB,644,85.1
comp,hwang,2024,5854,Drew Lock,QB,577,72.3
comp,hwang,2024,6850,Harrison Bryant,TE,166,13.1
comp,hwang,2024,11603,AJ Barner,TE,178,51.6
comp,hwang,2024,7610,Trey Lance,QB,791,0.4
comp,hwang,2024,3202,Austin Hooper,TE,166,81.4
comp,hwang,2024,11562,Spencer Rattler,QB,806,52.6
comp,hwang,2024,7547,Amon-Ra St. Brown,WR,8561,193.5
comp,hwang,2024,3294,Dak Prescott,QB,6663,116.5
comp,hwang,2024,4147,Samaje Perine,RB,821,52
comp,hwang,2024,11566,Jayden Daniels,QB,6651,351.6
comp,hwang,2024,10235,Roschon Johnson,RB,773,59.5
comp,hwang,2024,9757,Kendre Miller,RB,656,24.1
comp,hwang,2024,11579,Audric Estime,RB,737,34.3
comp,hwang,2024,11256,Tyson Bagent,QB,447,-0.3
comp,hwang,2024,6136,Jarrett Stidham,QB,294,-0.2
comp,hwang,2024,9998,Hendon Hooker,QB,485,2.7
comp,hwang,2024,10862,Dorian Thompson-Robinson,QB,333,15
comp,hwang,2024,7585,Davis Mills,QB,372,3.4
comp,hwang,2024,10217,Clayton Tune,QB,317,-2.3
comp,hwang,2024,4464,Nick Mullens,QB,499,1.3
comp,hwang,2024,5012,Mark Andrews,TE,5457,147.9
comp,hwang,2024,10859,Sam LaPorta,TE,7677,134.8
comp,hwang,2024,5133,Tyler Conklin,TE,2663,87.8
comp,hwang,2024,1466,Travis Kelce,TE,6726,146.9
comp,hwang,2024,8130,Trey McBride,TE,5866,178.3
comp,hwang,2024,10236,Dalton Kincaid,TE,5574,78.8
comp,hwang,2024,5846,DK Metcalf,WR,5141,113.9
comp,hwang,2024,6819,Michael Pittman,WR,5096,89.6
comp,hwang,2025,4866,Saquon Barkley,RB,6747,195.3
comp,hwang,2025,3198,Derrick Henry,RB,5639,251.9
comp,hwang,2025,7594,Chuba Hubbard,RB,3595,93.7
comp,hwang,2025,11638,Ricky Pearsall,WR,3861,52.6
comp,hwang,2025,7591,Justin Fields,QB,5434,142.7
comp,hwang,2025,8150,Kyren Williams,RB,4892,219.2
comp,hwang,2025,6797,Justin Herbert,QB,4979,286.9
comp,hwang,2025,9997,Zay Flowers,WR,4266,131.5
comp,hwang,2025,4033,David Njoku,TE,3518,69.8
comp,hwang,2025,9753,Zach Charbonnet,RB,2620,145.7
comp,hwang,2025,5947,Jakobi Meyers,WR,3169,96.4
comp,hwang,2025,2449,Stefon Diggs,WR,3252,121
comp,hwang,2025,4993,Mike Gesicki,TE,2186,54.4
comp,hwang,2025,11603,AJ Barner,TE,1045,118.9
comp,hwang,2025,8168,Skyy Moore,WR,226,9.8
comp,hwang,2025,6149,Darius Slayton,WR,824,56.4
comp,hwang,2025,11439,Jaleel McLaughlin,RB,536,21.6
comp,hwang,2025,11199,Emari Demercado,RB,124,39.6
comp,hwang,2025,9998,Hendon Hooker,QB,1202,0
comp,hwang,2025,8188,Tyquan Thornton,WR,260,61.8
comp,hwang,2025,10871,Luke Schoonmaker,TE,297,18.5
comp,hwang,2025,2197,Brandin Cooks,WR,278,27.9
comp,hwang,2025,9497,Jalin Hyatt,WR,178,3.5
comp,hwang,2025,5113,Cedrick Wilson,WR,111,4.4
comp,hwang,2025,7593,Trey Sermon,RB,95,0
comp,hwang,2025,8160,Kenny Pickett,QB,175,8.7
comp,hwang,2025,1837,Jimmy Garoppolo,QB,689,-0.7
comp,hwang,2025,9509,Bijan Robinson,RB,8843,287.5
comp,hwang,2025,8155,Breece Hall,RB,3984,171.7
comp,hwang,2025,10229,Rashee Rice,WR,4067,97.1
comp,hwang,2025,11564,Drake Maye,QB,5173,335.2
comp,hwang,2025,8137,George Pickens,WR,4391,198
comp,hwang,2025,8144,Chris Olave,WR,3300,168
comp,hwang,2025,11637,Keon Coleman,WR,2904,57.5
comp,hwang,2025,11600,Ja'Tavion Sanders,TE,2100,39.5
comp,hwang,2025,6826,Cole Kmet,TE,1362,59.1
comp,hwang,2025,5937,Diontae Johnson,WR,179,0
comp,hwang,2025,11630,Roman Wilson,WR,596,26.6
comp,hwang,2025,5995,Justice Hill,RB,824,44.2
comp,hwang,2025,4147,Samaje Perine,RB,161,55.7
comp,hwang,2025,9229,Anthony Richardson,QB,1786,1.2
comp,hwang,2025,4082,Curtis Samuel,WR,225,14.1
comp,hwang,2025,6865,Colby Parkinson,TE,666,90.7
comp,hwang,2025,4040,JuJu Smith-Schuster,WR,317,39.2
comp,hwang,2025,7596,Elijah Moore,WR,205,19.6
comp,hwang,2025,7595,Tylan Wallace,WR,140,10.5
comp,hwang,2025,6144,Trayveon Williams,RB,70,7.1
comp,hwang,2025,10866,Aidan O'Connell,QB,194,0
comp,hwang,2025,8161,Malik Willis,QB,361,51.2
comp,hwang,2025,11584,Bucky Irving,RB,5372,98.7
comp,hwang,2025,8138,James Cook,RB,4643,267.7
comp,hwang,2025,6783,Jerry Jeudy,WR,3850,68.5
comp,hwang,2025,9758,C.J. Stroud,QB,4833,191.3
comp,hwang,2025,7526,Jaylen Waddle,WR,3743,130.1
comp,hwang,2025,5012,Mark Andrews,TE,3945,104.6
comp,hwang,2025,6819,Michael Pittman,WR,2782,121.3
comp,hwang,2025,12506,Harold Fannin,TE,1833,150.4
comp,hwang,2025,5857,Noah Fant,TE,1192,58.8
comp,hwang,2025,4234,Noah Brown,WR,213,8.3
comp,hwang,2025,9504,Kayshon Boutte,WR,657,88.7
comp,hwang,2025,11586,Blake Corum,RB,697,107.3
comp,hwang,2025,8254,Julius Chestnut,RB,153,4
comp,hwang,2025,11562,Spencer Rattler,QB,1292,98.1
comp,hwang,2025,8147,John Metchie,WR,202,36.9
comp,hwang,2025,11599,Cade Stover,TE,615,12.5
comp,hwang,2025,10867,Jake Bobo,WR,160,2
comp,hwang,2025,6820,Clyde Edwards-Helaire,RB,90,2.2
comp,hwang,2025,10862,Dorian Thompson-Robinson,QB,149,0
comp,hwang,2025,4972,Mason Rudolph,QB,569,15
comp,hwang,2025,9221,Jahmyr Gibbs,RB,8055,272.6
comp,hwang,2025,3163,Jared Goff,QB,5333,281.8
comp,hwang,2025,6804,Jordan Love,QB,4612,235.1
comp,hwang,2025,4066,Evan Engram,TE,3752,71.8
comp,hwang,2025,9500,Josh Downs,WR,2619,72.8
comp,hwang,2025,12498,Mason Taylor,TE,2368,66.9
comp,hwang,2025,10232,Michael Wilson,WR,804,126.7
comp,hwang,2025,8129,Dameon Pierce,RB,433,2.6
comp,hwang,2025,11370,Chris Brooks,RB,151,13.6
comp,hwang,2025,5086,Marquez Valdes-Scantling,WR,209,14.6
comp,hwang,2025,8167,Christian Watson,WR,258,97.4
comp,hwang,2025,7496,Nick Westbrook-Ikhine,WR,192,8.9
comp,hwang,2025,7538,Zach Wilson,QB,233,1.4
comp,hwang,2025,7543,Travis Etienne,RB,2566,214.1
comp,hwang,2025,8134,Khalil Shakir,WR,3135,94.4
comp,hwang,2025,8111,Cade Otton,TE,2318,73.8
comp,hwang,2025,5985,Foster Moreau,TE,925,9.4
comp,hwang,2025,11626,Xavier Legette,WR,1061,52.1
comp,hwang,2025,9511,Keaton Mitchell,RB,419,46.2
comp,hwang,2025,4663,Austin Ekeler,RB,124,8.1
comp,hwang,2025,19,Joe Flacco,QB,1661,146.5
comp,hwang,2025,5010,Will Dissly,TE,703,14.1
comp,hwang,2025,10226,Andrei Iosivas,WR,470,55.9
comp,hwang,2025,10218,Xavier Hutchinson,WR,153,54.6
comp,hwang,2025,5987,Alexander Mattison,RB,96,0
comp,hwang,2025,1166,Kirk Cousins,QB,847,94.3
comp,hwang,2025,11565,J.J. McCarthy,QB,4919,117.4
comp,hwang,2025,4037,Chris Godwin,WR,2754,49.2
comp,hwang,2025,8126,Wan'Dale Robinson,WR,1261,125.9
comp,hwang,2025,11573,Frank Gore Jr.,RB,115,0
comp,hwang,2025,8127,Charlie Kolar,TE,331,31.2
comp,hwang,2025,6920,Isaiah Hodgins,WR,153,17.5
comp,hwang,2025,7083,Tyler Huntley,QB,172,40.1
comp,hwang,2025,8408,Jordan Mason,RB,2590,105.5
comp,hwang,2025,7049,Jauan Jennings,WR,2935,114.8
comp,hwang,2025,5133,Tyler Conklin,TE,1215,12.7
comp,hwang,2025,3286,Demarcus Robinson,WR,188,33.8
comp,hwang,2025,9501,Demario Douglas,WR,1165,61.9
comp,hwang,2025,11583,Jonathon Brooks,RB,118,0
comp,hwang,2025,4351,Tim Patrick,WR,208,36.3
comp,hwang,2025,9479,Darnell Washington,TE,556,57.9
comp,hwang,2025,5185,Allen Lazard,WR,177,13
comp,hwang,2025,10857,Stetson Bennett,QB,578,0
comp,hwang,2025,11620,Rome Odunze,WR,3564,102.1
comp,hwang,2025,9756,Jordan Addison,WR,3589,92.3
comp,hwang,2025,12493,Oronde Gadsden,TE,1104,103.6
comp,hwang,2025,96,Aaron Rodgers,QB,2523,208.3
comp,hwang,2025,9502,Tank Dell,WR,240,0
comp,hwang,2025,10231,Elijah Higgins,TE,532,38.8
comp,hwang,2025,11625,Adonai Mitchell,WR,477,54.9
comp,hwang,2025,10225,Jonathan Mingo,WR,137,2.5
comp,hwang,2025,9224,Chase Brown,RB,5422,198.6
comp,hwang,2025,4981,Calvin Ridley,WR,4123,30.3
comp,hwang,2025,4039,Cooper Kupp,WR,2991,66.4
comp,hwang,2025,12487,Terrance Ferguson,TE,1289,46.6
comp,hwang,2025,8917,KaVontae Turpin,WR,218,57.8
comp,hwang,2025,11618,Jalen McMillan,WR,1124,16.8
comp,hwang,2025,7608,Khalil Herbert,RB,166,1
comp,hwang,2025,10213,Tre Tucker,WR,299,101.3
comp,hwang,2025,7891,Brock Wright,TE,595,29.8
comp,hwang,2025,6271,Olamide Zaccheaus,WR,353,45.8
comp,hwang,2025,5970,Greg Dortch,WR,157,46.1
comp,hwang,2025,9505,Deuce Vaughn,RB,84,0
comp,hwang,2025,7588,Javonte Williams,RB,2806,207.8
comp,hwang,2025,11597,Theo Johnson,TE,2017,105.3
comp,hwang,2025,1689,Adam Thielen,WR,900,16.3
comp,hwang,2025,8177,Grant Calcaterra,TE,556,9
comp,hwang,2025,9495,Rakim Jarrett,WR,127,0
comp,hwang,2025,2306,Jameis Winston,QB,728,42.3
comp,hwang,2025,8151,Kenneth Walker III,RB,3872,147.6
comp,hwang,2025,6806,J.K. Dobbins,RB,2037,104.9
comp,hwang,2025,5870,Daniel Jones,QB,2113,226.4
comp,hwang,2025,8119,Jahan Dotson,WR,203,28.2
comp,hwang,2025,8116,Pierre Strong Jr.,RB,93,0
comp,hwang,2025,9482,Michael Mayer,TE,907,50.1
comp,hwang,2025,10219,Chris Rodriguez,RB,901,74.7
comp,hwang,2025,9227,Israel Abanikanda,RB,87,0
comp,hwang,2025,7611,Rhamondre Stevenson,RB,2314,113.5
comp,hwang,2025,11610,Malik Washington,WR,559,61.9
comp,hwang,2025,11643,Jaylen Wright,RB,441,41.2
comp,hwang,2025,11617,Malachi Corley,WR,213,16.8
comp,hwang,2025,3202,Austin Hooper,TE,350,47.8
comp,hwang,2025,8180,Jalen Nailor,WR,383,66.8
comp,hwang,2025,4080,Zay Jones,WR,166,18.3
comp,hwang,2025,8114,Erik Ezukanma,WR,133,0
comp,hwang,2025,11256,Tyson Bagent,QB,481,2.6
comp,hwang,2025,8117,Jalen Tolbert,WR,560,28.3
comp,hwang,2025,8208,Tyler Badie,RB,136,13.8
comp,hwang,2025,4171,Josh Reynolds,WR,206,12.1
comp,hwang,2025,6943,Gabriel Davis,WR,151,8.8
comp,hwang,2025,4018,Joe Mixon,RB,2208,0
comp,hwang,2025,5872,Deebo Samuel,WR,3336,114.1
comp,hwang,2025,10223,Eric Gray,RB,98,0
comp,hwang,2025,9999,Will Levis,QB,158,0
comp,hwang,2025,11650,Luke McCaffrey,WR,228,40.3
comp,hwang,2025,5973,Josh Oliver,TE,416,43.6
comp,hwang,2025,2374,Tyler Lockett,WR,458,40.6
comp,hwang,2025,1234,Russell Wilson,QB,1888,49.8
comp,hwang,2025,5938,Lil'Jordan Humphrey,WR,115,21.6
comp,hwang,2025,8123,Hassan Haskins,RB,119,5.7
comp,hwang,2025,7562,Tutu Atwell,WR,253,23.3
comp,hwang,2025,11627,Troy Franklin,WR,370,112.1
comp,hwang,2025,11579,Audric Estime,RB,174,25.5
comp,hwang,2025,7587,Dyami Brown,WR,438,28.9
comp,hwang,2025,6853,Van Jefferson,WR,167,41
comp,hwang,2025,11645,Javon Baker,WR,134,0
comp,hwang,2025,7828,Noah Gray,TE,1395,23.8
comp,hwang,2025,7607,Michael Carter,RB,130,62.1
comp,hwang,2025,10216,Kenny McIntosh,RB,90,0
comp,hwang,2025,9487,Parker Washington,WR,165,112
comp,hwang,2025,5854,Drew Lock,QB,789,0.1
comp,hwang,2025,9486,Dontayvion Wicks,WR,858,45.8
comp,hwang,2025,8139,Zamir White,RB,156,4.6
comp,hwang,2025,4098,Kareem Hunt,RB,515,123.9
comp,hwang,2025,8125,Calvin Austin III,WR,730,43.7
comp,hwang,2025,11575,Ray Davis,RB,1028,30.7
comp,hwang,2025,5374,Justin Watson,WR,114,3
comp,hwang,2025,6011,Gardner Minshew,QB,632,-0.3
comp,hwang,2025,12521,Elijah Arroyo,TE,1877,29.4
comp,hwang,2025,11577,Will Shipley,RB,607,7.2
comp,hwang,2025,6290,Scotty Miller,WR,134,5.3
comp,hwang,2025,9492,Trey Palmer,WR,134,0
comp,hwang,2025,6805,KJ Hamler,WR,152,0
comp,hwang,2025,8142,Alec Pierce,WR,972,111.1
comp,hwang,2025,8230,Ty Chandler,RB,172,2.4
comp,hwang,2025,10235,Roschon Johnson,RB,685,1.7
comp,hwang,2025,1426,DeAndre Hopkins,WR,781,45
comp,hwang,2025,6845,Zack Moss,RB,109,0
comp,hwang,2025,11306,Xavier Gipson,WR,135,-3.4
comp,hwang,2025,8135,Treylon Burks,WR,132,17.8
comp,hwang,2025,6945,Antonio Gibson,RB,162,21.2
comp,hwang,2025,2309,Amari Cooper,WR,131,0
comp,hwang,2025,11640,Jermaine Burton,WR,159,0
comp,hwang,2025,11621,Brenden Rice,WR,138,0
comp,hwang,2025,7601,Rondale Moore,WR,137,0
comp,hwang,2025,7564,Ja'Marr Chase,WR,9785,173
comp,hwang,2025,3294,Dak Prescott,QB,6305,313.1
comp,hwang,2025,4199,Aaron Jones,RB,3166,90.7
comp,hwang,2025,5967,Tony Pollard,RB,3195,146.3
comp,hwang,2025,9228,Bryce Young,QB,3731,201.5
comp,hwang,2025,9754,Quentin Johnston,WR,1293,120.2
comp,hwang,2025,8205,Isiah Pacheco,RB,3252,68.3
comp,hwang,2025,11624,Xavier Worthy,WR,4562,67.9
comp,hwang,2025,4988,Nick Chubb,RB,1046,75.3
comp,hwang,2025,7002,Juwan Johnson,TE,1619,135.8
comp,hwang,2025,6126,Irv Smith,TE,180,0
comp,hwang,2025,11560,Caleb Williams,QB,5589,299.6
comp,hwang,2025,4137,James Conner,RB,3482,25.3
comp,hwang,2025,5892,David Montgomery,RB,3146,137.4
comp,hwang,2025,1373,Geno Smith,QB,3169,173.9
comp,hwang,2025,6790,D'Andre Swift,RB,3379,189.8
comp,hwang,2025,5045,Courtland Sutton,WR,4612,145.2
comp,hwang,2025,9484,Tucker Kraft,TE,3492,101.2
comp,hwang,2025,7600,Pat Freiermuth,TE,1778,86.5
comp,hwang,2025,8145,Jeremy Ruckert,TE,248,35.4
comp,hwang,2025,4892,Baker Mayfield,QB,6580,258.7
comp,hwang,2025,8228,Jaylen Warren,RB,2898,167.2
comp,hwang,2025,8143,Jerome Ford,RB,1197,17.6
comp,hwang,2025,8132,Tyler Allgeier,RB,1107,107.1
comp,hwang,2025,4454,Kendrick Bourne,WR,150,55.1
comp,hwang,2025,6786,CeeDee Lamb,WR,8927,125.5
comp,hwang,2025,4035,Alvin Kamara,RB,3572,67.7
comp,hwang,2025,421,Matthew Stafford,QB,2842,323.7
comp,hwang,2025,11592,Erick All,TE,265,0
comp,hwang,2025,11563,Bo Nix,QB,6427,294.3
comp,hwang,2025,8148,Jameson Williams,WR,4528,147.5
comp,hwang,2025,7021,Rico Dowdle,RB,1294,176.3
comp,hwang,2025,5001,Dalton Schultz,TE,1573,127.4
comp,hwang,2025,6768,Tua Tagovailoa,QB,3658,160.7
comp,hwang,2025,6850,Harrison Bryant,TE,222,1.7
comp,hwang,2025,10444,Cedric Tillman,WR,1633,36.7
comp,hwang,2025,7525,DeVonta Smith,WR,4506,119.6
comp,hwang,2025,8121,Romeo Doubs,WR,1620,110.4
comp,hwang,2025,6039,Ty Johnson,RB,183,58.7
comp,hwang,2025,8204,Bo Melton,WR,150,20.2
comp,hwang,2025,4943,Sam Darnold,QB,2811,226.6
comp,hwang,2025,11576,Braelon Allen,RB,1337,13.3
comp,hwang,2025,6828,AJ Dillon,RB,188,5.8
comp,hwang,2025,8219,Jelani Woods,TE,204,0.9
comp,hwang,2025,5848,Marquise Brown,WR,1686,82.3
comp,hwang,2025,3271,Tyler Higbee,TE,1428,41
comp,hwang,2025,7568,Brevin Jordan,TE,243,0
comp,hwang,2025,10234,Derius Davis,WR,150,-1.2
comp,hwang,2025,5846,DK Metcalf,WR,4486,128.2
comp,hwang,2025,1479,Keenan Allen,WR,1507,98.1
comp,hwang,2025,6803,Brandon Aiyuk,WR,1930,0
comp,hwang,2025,5917,Mecole Hardman,WR,150,-2
comp,hwang,2025,2505,Darren Waller,TE,1510,76.7
comp,hwang,2025,10214,Davis Allen,TE,232,50.8
comp,hwang,2025,9490,Tyler Scott,WR,149,0
comp,hwang,2025,8118,David Bell,WR,149,0
comp,hwang,2025,11595,Jared Wiley,TE,267,0.9
comp,hwang,2025,6904,Jalen Hurts,QB,8094,299.1
comp,hwang,2025,6813,Jonathan Taylor,RB,5029,312.4
comp,hwang,2025,5859,A.J. Brown,WR,6292,142.3
comp,hwang,2025,11631,Brian Thomas Jr.,WR,6921,85.9
comp,hwang,2025,8154,Brian Robinson,RB,1852,53.6
comp,hwang,2025,9506,Sean Tucker,RB,408,83.8
comp,hwang,2025,4046,Patrick Mahomes,QB,6622,284.7
comp,hwang,2025,6770,Joe Burrow,QB,7887,113.3
comp,hwang,2025,12518,Tyler Warren,TE,4245,145.4
comp,hwang,2025,7694,Tommy Tremble,TE,293,39.1
comp,hwang,2025,4034,Christian McCaffrey,RB,6020,308.9
comp,hwang,2025,5844,T.J. Hockenson,TE,4915,87.3
comp,hwang,2025,8210,Chigoziem Okonkwo,TE,2701,94.8
comp,hwang,2025,5850,Josh Jacobs,RB,5077,201.1
comp,hwang,2025,11635,Ladd McConkey,WR,6129,114.9
comp,hwang,2025,9493,Puka Nacua,WR,6743,230
comp,hwang,2025,8136,Rachaad White,RB,1480,98.9
comp,hwang,2025,8112,Drake London,WR,6526,120.1
comp,hwang,2025,9488,Jaxon Smith-Njigba,WR,6128,232.5
comp,hwang,2025,4144,Jonnu Smith,TE,2633,65.3
comp,hwang,2025,8676,Rashid Shaheed,WR,2026,97.4
comp,hwang,2025,7528,Najee Harris,RB,1694,8.6
comp,hwang,2025,11589,Trey Benson,RB,1585,22.4
comp,hwang,2025,8131,Isaiah Likely,TE,2423,44
comp,hwang,2025,9225,Tank Bigsby,RB,1942,34.2
comp,hwang,2025,6151,Miles Sanders,RB,360,18.7
comp,hwang,2025,12715,Thomas Fidone,TE,294,0
comp,hwang,2025,7561,Elijah Mitchell,RB,325,0
comp,hwang,2025,9508,Tyjae Spears,RB,1450,64
comp,hwang,2025,9757,Kendre Miller,RB,325,28.3
comp,hwang,2025,11435,Emanuel Wilson,RB,275,74.7
comp,hwang,2025,11636,Johnny Wilson,WR,140,0
comp,hwang,2025,11566,Jayden Daniels,QB,9578,114.3
comp,hwang,2025,8146,Garrett Wilson,WR,5660,63.5
comp,hwang,2025,2216,Mike Evans,WR,5026,51.4
comp,hwang,2025,7523,Trevor Lawrence,QB,4501,314.9
comp,hwang,2025,10236,Dalton Kincaid,TE,3288,100.3
comp,hwang,2025,7090,Darnell Mooney,WR,2484,48.3
comp,hwang,2025,5906,Dawson Knox,TE,840,76.3
comp,hwang,2025,4881,Lamar Jackson,QB,9848,194.4
comp,hwang,2025,9226,De'Von Achane,RB,5161,255.8
comp,hwang,2025,5022,Dallas Goedert,TE,3244,155.1
comp,hwang,2025,6960,Tyler Johnson,WR,142,25.7
comp,hwang,2025,4984,Josh Allen,QB,9870,364.6
comp,hwang,2025,5927,Terry McLaurin,WR,5098,70.5
comp,hwang,2025,10222,Jayden Reed,WR,2502,29.5
comp,hwang,2025,11596,Ben Sinnott,TE,844,21.6
comp,hwang,2025,11628,Marvin Harrison Jr.,WR,5035,86.8
comp,hwang,2025,8110,Jake Ferguson,TE,3322,146.1
comp,hwang,2025,4950,Christian Kirk,WR,2135,30.2
comp,hwang,2025,3321,Tyreek Hill,WR,5373,32.5
comp,hwang,2025,4381,Taysom Hill,TE,860,31.6
comp,hwang,2025,7565,Terrace Marshall,WR,148,0
comp,hwang,2025,6801,Tee Higgins,WR,5636,139.9
comp,hwang,2025,7571,Rashod Bateman,WR,2204,36.4
comp,hwang,2025,9494,Marvin Mims,WR,2311,55
comp,hwang,2025,9481,Luke Musgrave,TE,787,37.2
comp,hwang,2025,11559,Michael Penix Jr.,QB,4172,120.3
comp,hwang,2025,12502,Gunnar Helm,TE,795,69.7
comp,hwang,2025,7066,K.J. Osborn,WR,146,0
comp,hwang,2025,11629,Devontez Walker,WR,146,21
comp,hwang,2025,10863,A.T. Perry,WR,144,0
comp,hwang,2025,6824,Donovan Peoples-Jones,WR,147,0
comp,hwang,2025,11619,Ja'Lynn Polk,WR,141,0
comp,hwang,2025,7547,Amon-Ra St. Brown,WR,7361,193.1
comp,hwang,2025,11632,Malik Nabers,WR,7343,39.1
comp,hwang,2025,6111,Jake Browning,QB,248,48.7
comp,hwang,2025,8172,Greg Dulcich,TE,286,45.2
comp,hwang,2025,12517,Colston Loveland,TE,3458,116
comp,hwang,2025,9480,Brenton Strange,TE,3021,80.8
comp,hwang,2025,7569,Nico Collins,WR,7788,155.2
comp,hwang,2025,7610,Trey Lance,QB,284,5.2
comp,hwang,2025,11557,Joe Milton,QB,274,5.1
comp,hwang,2025,7553,Kyle Pitts,TE,3239,158
comp,hwang,2025,7527,Mac Jones,QB,234,130
comp,hwang,2025,1339,Zach Ertz,TE,3082,101.4
comp,hwang,2025,8162,Sam Howell,QB,294,0
comp,hwang,2025,8225,Daniel Bellinger,TE,281,39.3
comp,hwang,2025,6130,Devin Singletary,RB,211,80.2
comp,hwang,2025,8183,Brock Purdy,QB,5935,172.2
comp,hwang,2025,5849,Kyler Murray,QB,6128,77.8
comp,hwang,2025,6938,Cam Akers,RB,271,7.2
comp,hwang,2025,6794,Justin Jefferson,WR,8393,107.1
comp,hwang,2025,7567,Kenneth Gainwell,RB,251,134.9
comp,hwang,2025,11581,MarShawn Lloyd,RB,229,0
comp,hwang,2025,2749,Raheem Mostert,RB,224,17.4
comp,hwang,2025,1466,Travis Kelce,TE,5077,152.5
comp,hwang,2025,8130,Trey McBride,TE,7202,242.9
comp,hwang,2025,3214,Hunter Henry,TE,2975,140.7
comp,hwang,2025,11604,Brock Bowers,TE,8684,144.2
comp,hwang,2025,4217,George Kittle,TE,6007,127.6
comp,hwang,2025,2133,Davante Adams,WR,4741,162.9
comp,hwang,2025,4983,D.J. Moore,WR,4617,119.1
comp,hwang,2025,10859,Sam LaPorta,TE,5388,86.9
comp,regular,2021,4029,Dalvin Cook,RB,6851,180.6
comp,regular,2021,6813,Jonathan Taylor,RB,6151,342.1
comp,regular,2021,6820,Clyde Edwards-Helaire,RB,5194,108.1
comp,regular,2021,7564,Ja'Marr Chase,WR,3922,260.5
comp,regular,2021,7591,Justin Fields,QB,4801,126.8
comp,regular,2021,7528,Najee Harris,RB,5451,256.2
comp,regular,2021,7610,Trey Lance,QB,4645,64.9
comp,regular,2021,5045,Courtland Sutton,WR,4053,118.8
comp,regular,2021,4993,Mike Gesicki,TE,2909,160.8
comp,regular,2021,4149,Jamaal Williams,RB,2222,101.1
comp,regular,2021,4068,Mike Williams,WR,2745,186.2
comp,regular,2021,5038,Michael Gallup,WR,2805,74
comp,regular,2021,5906,Dawson Knox,TE,504,155.8
comp,regular,2021,4995,Ian Thomas,TE,179,36.8
comp,regular,2021,4274,David Moore,WR,32,0
comp,regular,2021,4351,Tim Patrick,WR,141,117.4
comp,regular,2021,2161,Jerick McKinnon,RB,249,16.9
comp,regular,2021,6144,Trayveon Williams,RB,6,1.3
comp,regular,2021,2711,Taylor Heinicke,QB,482,217.3
comp,regular,2021,5323,Equanimeous St. Brown,WR,23,12.5
comp,regular,2021,7535,Hunter Long,TE,214,1.8
comp,regular,2021,6920,Isaiah Hodgins,WR,10,0
comp,regular,2021,7713,Jaelon Darden,WR,93,8.4
comp,regular,2021,6847,Devin Duvernay,WR,102,66.5
comp,regular,2021,6951,Eno Benjamin,RB,101,17.4
comp,regular,2021,6011,Gardner Minshew,QB,544,19.2
comp,regular,2021,2307,Marcus Mariota,QB,544,12.4
comp,regular,2021,4034,Christian McCaffrey,RB,8917,109
comp,regular,2021,4018,Joe Mixon,RB,5266,266.9
comp,regular,2021,3225,Tyler Boyd,WR,3537,150.3
comp,regular,2021,7523,Trevor Lawrence,QB,4961,180.4
comp,regular,2021,1166,Kirk Cousins,QB,4717,278.4
comp,regular,2021,5872,Deebo Samuel,WR,3625,273.5
comp,regular,2021,4137,James Conner,RB,2298,214.9
comp,regular,2021,4082,Curtis Samuel,WR,2515,6.8
comp,regular,2021,4033,David Njoku,TE,335,104.5
comp,regular,2021,6927,Quez Watkins,WR,177,77.6
comp,regular,2021,6931,DeeJay Dallas,RB,121,49.5
comp,regular,2021,7559,Ihmir Smith-Marsette,WR,103,8.3
comp,regular,2021,5995,Justice Hill,RB,29,0
comp,regular,2021,7605,Kyle Trask,QB,464,0
comp,regular,2021,3976,Mitchell Trubisky,QB,420,7.8
comp,regular,2021,5892,David Montgomery,RB,4957,165.1
comp,regular,2021,6783,Jerry Jeudy,WR,4023,62
comp,regular,2021,2028,Derek Carr,QB,3111,241.6
comp,regular,2021,6828,AJ Dillon,RB,2719,161.4
comp,regular,2021,6814,Laviska Shenault,WR,3298,86.8
comp,regular,2021,5917,Mecole Hardman,WR,2105,96.1
comp,regular,2021,5010,Will Dissly,TE,298,50.1
comp,regular,2021,6001,Drew Sample,TE,193,17.3
comp,regular,2021,7608,Khalil Herbert,RB,192,70.8
comp,regular,2021,6804,Jordan Love,QB,675,13.9
comp,regular,2021,6960,Tyler Johnson,WR,119,49.3
comp,regular,2021,7602,Kylen Granson,TE,234,21.6
comp,regular,2021,1535,Cordarrelle Patterson,RB,32,206.9
comp,regular,2021,4035,Alvin Kamara,RB,6737,194
comp,regular,2021,3164,Ezekiel Elliott,RB,6341,219.1
comp,regular,2021,7525,DeVonta Smith,WR,3804,148
comp,regular,2021,3199,Michael Thomas,WR,3801,0
comp,regular,2021,3271,Tyler Higbee,TE,3023,123.5
comp,regular,2021,6845,Zack Moss,RB,2749,91.3
comp,regular,2021,4951,D.J. Chark,WR,3192,30.9
comp,regular,2021,6989,Marquez Callaway,WR,2545,128.8
comp,regular,2021,7533,Anthony Schwartz,WR,106,26.3
comp,regular,2021,7794,Chris Evans,RB,182,28.4
comp,regular,2021,6234,Deonte Harty,WR,103,90.3
comp,regular,2021,4663,Austin Ekeler,RB,5851,282.4
comp,regular,2021,6768,Tua Tagovailoa,QB,4073,168.8
comp,regular,2021,5848,Marquise Brown,WR,3069,176.6
comp,regular,2021,7670,Josh Palmer,WR,199,63.9
comp,regular,2021,5122,Boston Scott,RB,236,92.1
comp,regular,2021,6885,Ke'Shawn Vaughn,RB,77,23.5
comp,regular,2021,7585,Davis Mills,QB,473,129.7
comp,regular,2021,2197,Brandin Cooks,WR,3368,182.7
comp,regular,2021,5022,Dallas Goedert,TE,3367,165
comp,regular,2021,2749,Raheem Mostert,RB,3323,2
comp,regular,2021,6819,Michael Pittman,WR,3194,177.2
comp,regular,2021,7562,Tutu Atwell,WR,132,0
comp,regular,2021,6945,Antonio Gibson,RB,5464,186.5
comp,regular,2021,4892,Baker Mayfield,QB,4514,180.9
comp,regular,2021,7090,Darnell Mooney,WR,2174,160.6
comp,regular,2021,7606,Kadarius Toney,WR,295,62.9
comp,regular,2021,4147,Samaje Perine,RB,140,69.7
comp,regular,2021,5854,Drew Lock,QB,666,29.4
comp,regular,2021,7593,Trey Sermon,RB,3216,26.8
comp,regular,2021,7526,Jaylen Waddle,WR,3010,182.6
comp,regular,2021,4054,Mo Alie-Cox,TE,322,74.9
comp,regular,2021,6943,Gabriel Davis,WR,240,103
comp,regular,2021,7045,Joshua Kelley,RB,248,14.5
comp,regular,2021,6290,Scotty Miller,WR,115,4.9
comp,regular,2021,4381,Taysom Hill,TE,508,111.6
comp,regular,2021,6849,Denzel Mims,WR,211,17.3
comp,regular,2021,1837,Jimmy Garoppolo,QB,1096,214.8
comp,regular,2021,6843,Albert Okwuegbunam,TE,242,76
comp,regular,2021,4454,Kendrick Bourne,WR,121,148.3
comp,regular,2021,6805,KJ Hamler,WR,254,9.9
comp,regular,2021,5284,Jeffery Wilson,RB,46,48
comp,regular,2021,5955,Hunter Renfrow,WR,181,192.7
comp,regular,2021,6824,Donovan Peoples-Jones,WR,368,87.4
comp,regular,2021,6271,Olamide Zaccheaus,WR,121,68.1
comp,regular,2021,7607,Michael Carter,RB,2498,134.5
comp,regular,2021,7587,Dyami Brown,WR,313,22.1
comp,regular,2021,6039,Ty Johnson,RB,248,100.1
comp,regular,2021,7595,Tylan Wallace,WR,124,3.3
comp,regular,2021,2319,DeVante Parker,WR,2370,81.3
comp,regular,2021,827,Tyrod Taylor,QB,835,81.7
comp,regular,2021,6850,Harrison Bryant,TE,339,60.4
comp,regular,2021,7561,Elijah Mitchell,RB,144,147
comp,regular,2021,3286,Demarcus Robinson,WR,144,53.5
comp,regular,2021,7720,Kene Nwangwu,RB,34,20.6
comp,regular,2021,6421,Jalen Guyton,WR,133,73.5
comp,regular,2021,5985,Foster Moreau,TE,233,78.3
comp,regular,2021,6149,Darius Slayton,WR,200,45.7
comp,regular,2021,6918,Salvon Ahmed,RB,220,32.6
comp,regular,2021,5347,Nyheim Hines,RB,193,89.7
comp,regular,2021,7002,Juwan Johnson,TE,405,45.4
comp,regular,2021,4171,Josh Reynolds,WR,179,64.5
comp,regular,2021,7601,Rondale Moore,WR,273,82.1
comp,regular,2021,6853,Van Jefferson,WR,232,139.1
comp,regular,2021,3321,Tyreek Hill,WR,7272,240.3
comp,regular,2021,96,Aaron Rodgers,QB,6744,318.6
comp,regular,2021,6955,James Robinson,RB,4226,158.4
comp,regular,2021,4017,Deshaun Watson,QB,1529,0
comp,regular,2021,5185,Allen Lazard,WR,554,100.5
comp,regular,2021,6151,Miles Sanders,RB,4243,104.2
comp,regular,2021,2078,Odell Beckham,WR,4165,104.3
comp,regular,2021,4144,Jonnu Smith,TE,2796,66.9
comp,regular,2021,5880,Parris Campbell,WR,534,27.2
comp,regular,2021,6806,J.K. Dobbins,RB,395,0
comp,regular,2021,6938,Cam Akers,RB,290,0
comp,regular,2021,6770,Joe Burrow,QB,5142,314.2
comp,regular,2021,7527,Mac Jones,QB,1798,214.1
comp,regular,2021,5850,Josh Jacobs,RB,4323,177.6
comp,regular,2021,7543,Travis Etienne,RB,384,0
comp,regular,2021,2133,Davante Adams,WR,7979,274.3
comp,regular,2021,6790,D'Andre Swift,RB,4616,165.3
comp,regular,2021,7588,Javonte Williams,RB,4218,176
comp,regular,2021,3163,Jared Goff,QB,1561,177
comp,regular,2021,5026,Tre'Quan Smith,WR,495,55.6
comp,regular,2021,4098,Kareem Hunt,RB,3710,99
comp,regular,2021,6801,Tee Higgins,WR,4180,182.1
comp,regular,2021,7568,Brevin Jordan,TE,251,55.8
comp,regular,2021,4040,JuJu Smith-Schuster,WR,4248,27.3
comp,regular,2021,7567,Kenneth Gainwell,RB,589,90.2
comp,regular,2021,7828,Noah Gray,TE,243,16.6
comp,regular,2021,6797,Justin Herbert,QB,6359,353.3
comp,regular,2021,5980,Myles Gaskin,RB,3819,146.6
comp,regular,2021,6886,Chase Claypool,WR,4465,121.6
comp,regular,2021,5086,Marquez Valdes-Scantling,WR,786,74
comp,regular,2021,6126,Irv Smith,TE,283,0
comp,regular,2021,5000,Chase Edmonds,RB,3466,121.8
comp,regular,2021,421,Matthew Stafford,QB,5976,312.2
comp,regular,2021,5870,Daniel Jones,QB,2259,167
comp,regular,2021,7569,Nico Collins,WR,508,58.9
comp,regular,2021,4943,Sam Darnold,QB,2728,142.6
comp,regular,2021,5248,Gus Edwards,RB,311,0
comp,regular,2021,7694,Tommy Tremble,TE,248,50
comp,regular,2021,6803,Brandon Aiyuk,WR,4468,128.6
comp,regular,2021,7571,Rashod Bateman,WR,710,77.3
comp,regular,2021,1234,Russell Wilson,QB,6905,218.8
comp,regular,2021,6786,CeeDee Lamb,WR,5461,187.8
comp,regular,2021,5844,T.J. Hockenson,TE,5282,145.3
comp,regular,2021,6794,Justin Jefferson,WR,6148,256.8
comp,regular,2021,4973,Hayden Hurst,TE,818,59.8
comp,regular,2021,4950,Christian Kirk,WR,846,163.8
comp,regular,2021,3294,Dak Prescott,QB,7563,288.8
comp,regular,2021,4988,Nick Chubb,RB,5595,198.8
comp,regular,2021,2216,Mike Evans,WR,5283,201.6
comp,regular,2021,3198,Derrick Henry,RB,6476,184.3
comp,regular,2021,1479,Keenan Allen,WR,5828,196.6
comp,regular,2021,7611,Rhamondre Stevenson,RB,888,103.8
comp,regular,2021,5927,Terry McLaurin,WR,5734,163.7
comp,regular,2021,5857,Noah Fant,TE,3623,156.4
comp,regular,2021,5859,A.J. Brown,WR,6417,134.6
comp,regular,2021,5001,Dalton Schultz,TE,641,191.7
comp,regular,2021,5987,Alexander Mattison,RB,869,107.3
comp,regular,2021,4199,Aaron Jones,RB,5755,203
comp,regular,2021,5967,Tony Pollard,RB,1517,143.1
comp,regular,2021,7594,Chuba Hubbard,RB,1048,112.5
comp,regular,2021,6074,Donald Parham,TE,993,59
comp,regular,2021,6130,Devin Singletary,RB,1967,153.6
comp,regular,2021,4881,Lamar Jackson,QB,7642,240
comp,regular,2021,4985,Rashaad Penny,RB,626,93.7
comp,regular,2021,4984,Josh Allen,QB,9357,378.7
comp,regular,2021,4866,Saquon Barkley,RB,5835,121.7
comp,regular,2021,2309,Amari Cooper,WR,5167,158.1
comp,regular,2021,7538,Zach Wilson,QB,2947,142
comp,regular,2021,6826,Cole Kmet,TE,1735,112.4
comp,regular,2021,7596,Elijah Moore,WR,1843,116.7
comp,regular,2021,2374,Tyler Lockett,WR,4905,180.4
comp,regular,2021,4089,Gerald Everett,TE,2014,114.8
comp,regular,2021,7547,Amon-Ra St. Brown,WR,1103,160.2
comp,regular,2021,7565,Terrace Marshall,WR,1219,24.3
comp,regular,2021,4046,Patrick Mahomes,QB,9465,335.5
comp,regular,2021,2306,Jameis Winston,QB,2986,117.4
comp,regular,2021,4037,Chris Godwin,WR,5151,193.4
comp,regular,2021,4066,Evan Engram,TE,2201,101.1
comp,regular,2021,5849,Kyler Murray,QB,8404,283.4
comp,regular,2021,1352,Robert Woods,WR,5185,114.7
comp,regular,2021,4039,Cooper Kupp,WR,4668,343.9
comp,regular,2021,1689,Adam Thielen,WR,4669,166.3
comp,regular,2021,5947,Jakobi Meyers,WR,1292,137.8
comp,regular,2021,2325,Nelson Agholor,WR,1609,82.1
comp,regular,2021,1426,DeAndre Hopkins,WR,6517,126.2
comp,regular,2021,4981,Calvin Ridley,WR,6594,55.6
comp,regular,2021,3214,Hunter Henry,TE,2477,150.7
comp,regular,2021,1339,Zach Ertz,TE,1500,165.3
comp,regular,2021,5846,DK Metcalf,WR,6711,198.5
comp,regular,2021,6869,Adam Trautman,TE,1277,54.5
comp,regular,2021,3202,Austin Hooper,TE,1702,92.5
comp,regular,2021,1049,Ryan Tannehill,QB,5624,241.1
comp,regular,2021,6904,Jalen Hurts,QB,5752,312.2
comp,regular,2021,2449,Stefon Diggs,WR,7046,215.4
comp,regular,2021,5012,Mark Andrews,TE,5431,284.6
comp,regular,2021,4217,George Kittle,TE,6466,192
comp,regular,2021,2505,Darren Waller,TE,6676,129.3
comp,regular,2021,7600,Pat Freiermuth,TE,1216,140.4
comp,regular,2021,1466,Travis Kelce,TE,7077,249.4
comp,regular,2021,7553,Kyle Pitts,TE,5941,173.8
comp,regular,2021,4983,D.J. Moore,WR,4594,177.5
comp,regular,2021,5937,Diontae Johnson,WR,4615,212.3
comp,regular,2022,6813,Jonathan Taylor,RB,8442,132.4
comp,regular,2022,3198,Derrick Henry,RB,5551,273
comp,regular,2022,4199,Aaron Jones,RB,4549,212.8
comp,regular,2022,7525,DeVonta Smith,WR,3895,196.9
comp,regular,2022,1166,Kirk Cousins,QB,4482,278.6
comp,regular,2022,4137,James Conner,RB,4636,177.2
comp,regular,2022,7523,Trevor Lawrence,QB,4212,285.4
comp,regular,2022,6783,Jerry Jeudy,WR,4146,148.9
comp,regular,2022,1339,Zach Ertz,TE,3457,115.6
comp,regular,2022,5000,Chase Edmonds,RB,3366,61.7
comp,regular,2022,8135,Treylon Burks,WR,3466,73.7
comp,regular,2022,8144,Chris Olave,WR,3296,149.7
comp,regular,2022,4054,Mo Alie-Cox,TE,1153,46.5
comp,regular,2022,8110,Jake Ferguson,TE,624,47
comp,regular,2022,4171,Josh Reynolds,WR,135,82.8
comp,regular,2022,8167,Christian Watson,WR,964,129.5
comp,regular,2022,2749,Raheem Mostert,RB,1018,145.7
comp,regular,2022,8408,Jordan Mason,RB,166,29
comp,regular,2022,8160,Kenny Pickett,QB,1769,136
comp,regular,2022,6847,Devin Duvernay,WR,243,97.6
comp,regular,2022,5973,Josh Oliver,TE,75,40.9
comp,regular,2022,7562,Tutu Atwell,WR,227,43.4
comp,regular,2022,7559,Ihmir Smith-Marsette,WR,117,-0.1
comp,regular,2022,4274,David Moore,WR,48,0
comp,regular,2022,8122,Zonovan Knight,RB,67,50.3
comp,regular,2022,8157,Bailey Zappe,QB,166,39.1
comp,regular,2022,6011,Gardner Minshew,QB,356,36.8
comp,regular,2022,4034,Christian McCaffrey,RB,7125,298.5
comp,regular,2022,7528,Najee Harris,RB,5897,189.5
comp,regular,2022,4040,JuJu Smith-Schuster,WR,4196,141.8
comp,regular,2022,6768,Tua Tagovailoa,QB,4278,230.9
comp,regular,2022,6790,D'Andre Swift,RB,4903,155
comp,regular,2022,7591,Justin Fields,QB,4362,296
comp,regular,2022,3199,Michael Thomas,WR,4285,43.1
comp,regular,2022,5850,Josh Jacobs,RB,3499,295.8
comp,regular,2022,2309,Amari Cooper,WR,3580,200.9
comp,regular,2022,5955,Hunter Renfrow,WR,3050,45.2
comp,regular,2022,3202,Austin Hooper,TE,1468,89.6
comp,regular,2022,8219,Jelani Woods,TE,399,72.3
comp,regular,2022,6814,Laviska Shenault,WR,510,57.8
comp,regular,2022,4111,D'Onta Foreman,RB,715,121.7
comp,regular,2022,6885,Ke'Shawn Vaughn,RB,205,4.3
comp,regular,2022,8159,Desmond Ridder,QB,1203,22.9
comp,regular,2022,5323,Equanimeous St. Brown,WR,145,53.4
comp,regular,2022,8127,Charlie Kolar,TE,139,0
comp,regular,2022,2325,Nelson Agholor,WR,316,59.7
comp,regular,2022,6271,Olamide Zaccheaus,WR,159,78.3
comp,regular,2022,5995,Justice Hill,RB,93,32.6
comp,regular,2022,7605,Kyle Trask,QB,213,0
comp,regular,2022,5854,Drew Lock,QB,791,0
comp,regular,2022,4988,Nick Chubb,RB,4778,247.2
comp,regular,2022,2028,Derek Carr,QB,4610,219.1
comp,regular,2022,7571,Rashod Bateman,WR,4152,46
comp,regular,2022,5906,Dawson Knox,TE,3591,126.4
comp,regular,2022,4985,Rashaad Penny,RB,3074,50.2
comp,regular,2022,8112,Drake London,WR,3430,127.6
comp,regular,2022,4995,Ian Thomas,TE,271,40.7
comp,regular,2022,7601,Rondale Moore,WR,190,67.4
comp,regular,2022,8118,David Bell,WR,831,33.4
comp,regular,2022,5987,Alexander Mattison,RB,1423,62.4
comp,regular,2022,8176,Danny Gray,WR,335,2.4
comp,regular,2022,4082,Curtis Samuel,WR,327,144.4
comp,regular,2022,6144,Trayveon Williams,RB,83,7
comp,regular,2022,2711,Taylor Heinicke,QB,176,116
comp,regular,2022,4663,Austin Ekeler,RB,6254,312.2
comp,regular,2022,4018,Joe Mixon,RB,5345,195.4
comp,regular,2022,7596,Elijah Moore,WR,3997,68
comp,regular,2022,7670,Josh Palmer,WR,188,125.4
comp,regular,2022,8148,Jameson Williams,WR,1374,14.6
comp,regular,2022,2161,Jerick McKinnon,RB,872,160.7
comp,regular,2022,4147,Samaje Perine,RB,165,120.4
comp,regular,2022,3257,Jacoby Brissett,QB,1154,168.6
comp,regular,2022,4981,Calvin Ridley,WR,180,0
comp,regular,2022,7535,Hunter Long,TE,115,0
comp,regular,2022,5113,Cedrick Wilson,WR,462,20.4
comp,regular,2022,827,Tyrod Taylor,QB,310,11.3
comp,regular,2022,4943,Sam Darnold,QB,294,85.4
comp,regular,2022,5870,Daniel Jones,QB,3600,289
comp,regular,2022,5844,T.J. Hockenson,TE,3839,212.8
comp,regular,2022,5967,Tony Pollard,RB,3505,227.4
comp,regular,2022,8210,Chigoziem Okonkwo,TE,273,84
comp,regular,2022,8126,Wan'Dale Robinson,WR,1256,40.1
comp,regular,2022,7608,Khalil Herbert,RB,1583,107.9
comp,regular,2022,6927,Quez Watkins,WR,321,65.6
comp,regular,2022,7565,Terrace Marshall,WR,370,65.7
comp,regular,2022,8125,Calvin Austin III,WR,139,0
comp,regular,2022,7595,Tylan Wallace,WR,122,3.6
comp,regular,2022,5089,Mike White,QB,172,56.6
comp,regular,2022,6804,Jordan Love,QB,340,11.7
comp,regular,2022,1689,Adam Thielen,WR,4127,136.8
comp,regular,2022,7611,Rhamondre Stevenson,RB,3322,203.9
comp,regular,2022,6803,Brandon Aiyuk,WR,3932,180.9
comp,regular,2022,5133,Tyler Conklin,TE,1036,128.2
comp,regular,2022,6850,Harrison Bryant,TE,326,57.7
comp,regular,2022,6960,Tyler Johnson,WR,142,0
comp,regular,2022,5880,Parris Campbell,WR,1070,107.8
comp,regular,2022,8205,Isiah Pacheco,RB,1019,116.1
comp,regular,2022,8174,Kevin Harris,RB,90,11.2
comp,regular,2022,6989,Marquez Callaway,WR,222,29.8
comp,regular,2022,8147,John Metchie,WR,165,0
comp,regular,2022,1837,Jimmy Garoppolo,QB,1019,164.8
comp,regular,2022,2306,Jameis Winston,QB,3978,43.9
comp,regular,2022,1426,DeAndre Hopkins,WR,3708,119.7
comp,regular,2022,1352,Robert Woods,WR,3129,83.2
comp,regular,2022,7568,Brevin Jordan,TE,1310,26.8
comp,regular,2022,8111,Cade Otton,TE,334,91.6
comp,regular,2022,8142,Alec Pierce,WR,1576,86.1
comp,regular,2022,8139,Zamir White,RB,1111,6.6
comp,regular,2022,5347,Nyheim Hines,RB,182,54.4
comp,regular,2022,8171,Kyle Philips,WR,381,7.8
comp,regular,2022,5938,Lil'Jordan Humphrey,WR,59,3
comp,regular,2022,5846,DK Metcalf,WR,4300,176.3
comp,regular,2022,8131,Isaiah Likely,TE,1469,73
comp,regular,2022,2319,DeVante Parker,WR,1018,64.5
comp,regular,2022,7720,Kene Nwangwu,RB,164,7.1
comp,regular,2022,6421,Jalen Guyton,WR,257,7.4
comp,regular,2022,4198,Jamal Agnew,WR,102,57.5
comp,regular,2022,8162,Sam Howell,QB,455,0
comp,regular,2022,8168,Skyy Moore,WR,3103,32.4
comp,regular,2022,8117,Jalen Tolbert,WR,1326,2.2
comp,regular,2022,8123,Hassan Haskins,RB,179,17.9
comp,regular,2022,6149,Darius Slayton,WR,141,105.4
comp,regular,2022,5121,Braxton Berrios,WR,262,48.7
comp,regular,2022,3286,Demarcus Robinson,WR,116,76.4
comp,regular,2022,7713,Jaelon Darden,WR,110,3.8
comp,regular,2022,7543,Travis Etienne,RB,4439,183.2
comp,regular,2022,4454,Kendrick Bourne,WR,589,64.3
comp,regular,2022,8230,Ty Chandler,RB,214,0
comp,regular,2022,2078,Odell Beckham,WR,382,0
comp,regular,2022,6918,Salvon Ahmed,RB,86,13
comp,regular,2022,5038,Michael Gallup,WR,3210,84.4
comp,regular,2022,8154,Brian Robinson,RB,847,108.2
comp,regular,2022,6931,DeeJay Dallas,RB,181,34.6
comp,regular,2022,7049,Jauan Jennings,WR,135,63.6
comp,regular,2022,6945,Antonio Gibson,RB,3095,142.9
comp,regular,2022,4950,Christian Kirk,WR,3591,181
comp,regular,2022,8188,Tyquan Thornton,WR,213,53.5
comp,regular,2022,6820,Clyde Edwards-Helaire,RB,3043,89.8
comp,regular,2022,4144,Jonnu Smith,TE,980,52
comp,regular,2022,4149,Jamaal Williams,RB,1399,200.7
comp,regular,2022,2307,Marcus Mariota,QB,2068,196.6
comp,regular,2022,8208,Tyler Badie,RB,144,0
comp,regular,2022,7716,John Bates,TE,111,30.8
comp,regular,2022,7496,Nick Westbrook-Ikhine,WR,491,70.2
comp,regular,2022,5026,Tre'Quan Smith,WR,106,42.2
comp,regular,2022,3634,Kalif Raymond,WR,80,84.1
comp,regular,2022,5284,Jeffery Wilson,RB,132,139.1
comp,regular,2022,7694,Tommy Tremble,TE,594,51.2
comp,regular,2022,7533,Anthony Schwartz,WR,123,16.8
comp,regular,2022,5970,Greg Dortch,WR,77,80.6
comp,regular,2022,1373,Geno Smith,QB,1402,290.3
comp,regular,2022,6290,Scotty Miller,WR,115,29.5
comp,regular,2022,4381,Taysom Hill,TE,877,142.3
comp,regular,2022,4080,Zay Jones,WR,450,153
comp,regular,2022,6849,Denzel Mims,WR,138,24.1
comp,regular,2022,8116,Pierre Strong Jr.,RB,192,23.7
comp,regular,2022,7587,Dyami Brown,WR,133,30.3
comp,regular,2022,6824,Donovan Peoples-Jones,WR,757,131.4
comp,regular,2022,8211,Tyrion Davis-Price,RB,797,7.2
comp,regular,2022,7066,K.J. Osborn,WR,1202,111.4
comp,regular,2022,8134,Khalil Shakir,WR,487,25.8
comp,regular,2022,8153,Isaiah Spiller,RB,715,6.9
comp,regular,2022,6234,Deonte Harty,WR,97,0.3
comp,regular,2022,8143,Jerome Ford,RB,175,1.2
comp,regular,2022,6805,KJ Hamler,WR,737,22.3
comp,regular,2022,4972,Mason Rudolph,QB,464,0
comp,regular,2022,5917,Mecole Hardman,WR,1393,81.3
comp,regular,2022,3976,Mitchell Trubisky,QB,1753,73.9
comp,regular,2022,5010,Will Dissly,TE,118,86.9
comp,regular,2022,8145,Jeremy Ruckert,TE,207,0
comp,regular,2022,8161,Malik Willis,QB,1522,19.3
comp,regular,2022,8140,Justyn Ross,WR,129,0
comp,regular,2022,7606,Kadarius Toney,WR,2926,37.9
comp,regular,2022,5985,Foster Moreau,TE,465,83.2
comp,regular,2022,6943,Gabriel Davis,WR,255,142.2
comp,regular,2022,6039,Ty Johnson,RB,84,33.3
comp,regular,2022,8114,Erik Ezukanma,WR,109,0
comp,regular,2022,4351,Tim Patrick,WR,132,0
comp,regular,2022,6853,Van Jefferson,WR,607,59.3
comp,regular,2022,8221,Keaontay Ingram,RB,186,14.8
comp,regular,2022,7083,Tyler Huntley,QB,891,50
comp,regular,2022,6001,Drew Sample,TE,130,1.8
comp,regular,2022,4039,Cooper Kupp,WR,8423,163.9
comp,regular,2022,1234,Russell Wilson,QB,5885,202.1
comp,regular,2022,8129,Dameon Pierce,RB,3924,151.4
comp,regular,2022,6938,Cam Akers,RB,4304,120.5
comp,regular,2022,7538,Zach Wilson,QB,2427,98.4
comp,regular,2022,8121,Romeo Doubs,WR,1785,80.6
comp,regular,2022,8155,Breece Hall,RB,3903,105.6
comp,regular,2022,4037,Chris Godwin,WR,4474,164.3
comp,regular,2022,6770,Joe Burrow,QB,6293,345.4
comp,regular,2022,7561,Elijah Mitchell,RB,3542,24.6
comp,regular,2022,3164,Ezekiel Elliott,RB,4355,176.3
comp,regular,2022,4017,Deshaun Watson,QB,2202,68
comp,regular,2022,7569,Nico Collins,WR,2113,78.6
comp,regular,2022,5892,David Montgomery,RB,4089,158.6
comp,regular,2022,7090,Darnell Mooney,WR,4466,81.5
comp,regular,2022,6826,Cole Kmet,TE,3248,131.6
comp,regular,2022,6955,James Robinson,RB,1738,83.1
comp,regular,2022,6794,Justin Jefferson,WR,9212,298.9
comp,regular,2022,6806,J.K. Dobbins,RB,3678,77.7
comp,regular,2022,7527,Mac Jones,QB,3176,153.9
comp,regular,2022,4197,Isaiah McKenzie,WR,1596,95.9
comp,regular,2022,8132,Tyler Allgeier,RB,1883,137.9
comp,regular,2022,8225,Daniel Bellinger,TE,868,75
comp,regular,2022,96,Aaron Rodgers,QB,4655,228
comp,regular,2022,4892,Baker Mayfield,QB,2969,115.9
comp,regular,2022,5937,Diontae Johnson,WR,4456,130.9
comp,regular,2022,8146,Garrett Wilson,WR,1986,160.8
comp,regular,2022,6074,Donald Parham,TE,651,23.9
comp,regular,2022,7610,Trey Lance,QB,5502,12.5
comp,regular,2022,6828,AJ Dillon,RB,3607,150.3
comp,regular,2022,5185,Allen Lazard,WR,4308,132.7
comp,regular,2022,8130,Trey McBride,TE,809,54.4
comp,regular,2022,7567,Kenneth Gainwell,RB,2190,71.7
comp,regular,2022,2197,Brandin Cooks,WR,4405,98
comp,regular,2022,8119,Jahan Dotson,WR,2321,104.4
comp,regular,2022,7607,Michael Carter,RB,1762,104
comp,regular,2022,8172,Greg Dulcich,TE,726,86.1
comp,regular,2022,7585,Davis Mills,QB,2706,159
comp,regular,2022,6869,Adam Trautman,TE,701,41.9
comp,regular,2022,5980,Myles Gaskin,RB,222,7.4
comp,regular,2022,5086,Marquez Valdes-Scantling,WR,2127,97.2
comp,regular,2022,8150,Kyren Williams,RB,277,26
comp,regular,2022,6151,Miles Sanders,RB,2361,203.4
comp,regular,2022,5849,Kyler Murray,QB,7109,200.5
comp,regular,2022,6904,Jalen Hurts,QB,7297,369.6
comp,regular,2022,4866,Saquon Barkley,RB,5070,255.5
comp,regular,2022,2216,Mike Evans,WR,5452,186.9
comp,regular,2022,4029,Dalvin Cook,RB,6068,216.1
comp,regular,2022,5022,Dallas Goedert,TE,3911,130.6
comp,regular,2022,5859,A.J. Brown,WR,5500,244.1
comp,regular,2022,7594,Chuba Hubbard,RB,491,73.8
comp,regular,2022,5001,Dalton Schultz,TE,4377,135.4
comp,regular,2022,4066,Evan Engram,TE,1685,170.2
comp,regular,2022,4881,Lamar Jackson,QB,7885,236.1
comp,regular,2022,7588,Javonte Williams,RB,5103,34
comp,regular,2022,1479,Keenan Allen,WR,5409,104.8
comp,regular,2022,3321,Tyreek Hill,WR,5512,284.4
comp,regular,2022,5857,Noah Fant,TE,1855,116.6
comp,regular,2022,6819,Michael Pittman,WR,5008,156.5
comp,regular,2022,8138,James Cook,RB,2668,90.9
comp,regular,2022,6130,Devin Singletary,RB,2908,157.5
comp,regular,2022,4098,Kareem Hunt,RB,2770,105
comp,regular,2022,1535,Cordarrelle Patterson,RB,2781,135.3
comp,regular,2022,8136,Rachaad White,RB,2556,112.6
comp,regular,2022,6694,D'Ernest Johnson,RB,461,3.9
comp,regular,2022,6786,CeeDee Lamb,WR,5661,234.4
comp,regular,2022,8151,Kenneth Walker III,RB,2480,176.1
comp,regular,2022,5122,Boston Scott,RB,435,32.3
comp,regular,2022,6951,Eno Benjamin,RB,703,76.8
comp,regular,2022,4973,Hayden Hurst,TE,1582,104.5
comp,regular,2022,6845,Zack Moss,RB,503,39.4
comp,regular,2022,6886,Chase Claypool,WR,2433,78.1
comp,regular,2022,4984,Josh Allen,QB,9684,376.5
comp,regular,2022,7526,Jaylen Waddle,WR,4600,213.9
comp,regular,2022,6843,Albert Okwuegbunam,TE,2579,25.5
comp,regular,2022,6801,Tee Higgins,WR,4948,184.5
comp,regular,2022,5045,Courtland Sutton,WR,4933,116.6
comp,regular,2022,3163,Jared Goff,QB,3375,274.4
comp,regular,2022,5947,Jakobi Meyers,WR,2795,136.1
comp,regular,2022,4951,D.J. Chark,WR,2644,80.3
comp,regular,2022,4046,Patrick Mahomes,QB,9272,401.9
comp,regular,2022,3214,Hunter Henry,TE,2646,93.7
comp,regular,2022,8137,George Pickens,WR,2464,125.8
comp,regular,2022,1049,Ryan Tannehill,QB,3192,161.2
comp,regular,2022,3225,Tyler Boyd,WR,2534,138.4
comp,regular,2022,6797,Justin Herbert,QB,9509,261.4
comp,regular,2022,4068,Mike Williams,WR,4832,139.8
comp,regular,2022,6126,Irv Smith,TE,2722,50.8
comp,regular,2022,4983,D.J. Moore,WR,4901,166.1
comp,regular,2022,2374,Tyler Lockett,WR,2713,181.9
comp,regular,2022,4035,Alvin Kamara,RB,5164,171.7
comp,regular,2022,7002,Juwan Johnson,TE,142,131.7
comp,regular,2022,5848,Marquise Brown,WR,4576,121.3
comp,regular,2022,7828,Noah Gray,TE,190,67.6
comp,regular,2022,7602,Kylen Granson,TE,177,61.2
comp,regular,2022,5872,Deebo Samuel,WR,5892,137
comp,regular,2022,2133,Davante Adams,WR,5894,275.7
comp,regular,2022,7600,Pat Freiermuth,TE,2940,148.2
comp,regular,2022,4033,David Njoku,TE,2452,127.8
comp,regular,2022,2449,Stefon Diggs,WR,6153,246.3
comp,regular,2022,4089,Gerald Everett,TE,2246,129.7
comp,regular,2022,4993,Mike Gesicki,TE,2545,89.6
comp,regular,2022,7045,Joshua Kelley,RB,283,54.9
comp,regular,2022,7564,Ja'Marr Chase,WR,6966,180.3
comp,regular,2022,3294,Dak Prescott,QB,5349,189.9
comp,regular,2022,8228,Jaylen Warren,RB,425,73.5
comp,regular,2022,7794,Chris Evans,RB,373,11.3
comp,regular,2022,7593,Trey Sermon,RB,337,1.9
comp,regular,2022,421,Matthew Stafford,QB,4842,108.4
comp,regular,2022,5248,Gus Edwards,RB,369,57.7
comp,regular,2022,2505,Darren Waller,TE,4691,79.3
comp,regular,2022,7553,Kyle Pitts,TE,5624,75.6
comp,regular,2022,3271,Tyler Higbee,TE,2019,144.7
comp,regular,2022,1466,Travis Kelce,TE,7780,306.5
comp,regular,2022,5012,Mark Andrews,TE,6201,190.5
comp,regular,2022,4217,George Kittle,TE,4814,181.6
comp,regular,2022,7547,Amon-Ra St. Brown,WR,4566,206.7
comp,regular,2022,5927,Terry McLaurin,WR,4537,175.6
comp,regular,2023,9509,Bijan Robinson,RB,6413,194.7
comp,regular,2023,4988,Nick Chubb,RB,5926,21.1
comp,regular,2023,4018,Joe Mixon,RB,4787,216.8
comp,regular,2023,6783,Jerry Jeudy,WR,4023,99.4
comp,regular,2023,9229,Anthony Richardson,QB,4846,72.7
comp,regular,2023,9221,Jahmyr Gibbs,RB,5129,207.1
comp,regular,2023,5870,Daniel Jones,QB,4896,57
comp,regular,2023,2216,Mike Evans,WR,4089,239.3
comp,regular,2023,4033,David Njoku,TE,3919,201.2
comp,regular,2023,9226,De'Von Achane,RB,3175,164.6
comp,regular,2023,5937,Diontae Johnson,WR,3732,110.3
comp,regular,2023,9488,Jaxon Smith-Njigba,WR,3374,115.4
comp,regular,2023,9481,Luke Musgrave,TE,1777,73.1
comp,regular,2023,10871,Luke Schoonmaker,TE,528,26.5
comp,regular,2023,1352,Robert Woods,WR,262,69.3
comp,regular,2023,7066,K.J. Osborn,WR,1108,94.1
comp,regular,2023,7567,Kenneth Gainwell,RB,1694,76.2
comp,regular,2023,7607,Michael Carter,RB,313,44.4
comp,regular,2023,4943,Sam Darnold,QB,1555,5.9
comp,regular,2023,9500,Josh Downs,WR,311,116.8
comp,regular,2023,5985,Foster Moreau,TE,185,45
comp,regular,2023,9486,Dontayvion Wicks,WR,453,79.2
comp,regular,2023,5970,Greg Dortch,WR,204,50.1
comp,regular,2023,4351,Tim Patrick,WR,83,0
comp,regular,2023,8174,Kevin Harris,RB,131,18.5
comp,regular,2023,6136,Jarrett Stidham,QB,224,13.6
comp,regular,2023,9999,Will Levis,QB,1132,102
comp,regular,2023,7528,Najee Harris,RB,4537,159.2
comp,regular,2023,6819,Michael Pittman,WR,3962,190.8
comp,regular,2023,8151,Kenneth Walker III,RB,4968,176.3
comp,regular,2023,96,Aaron Rodgers,QB,4501,0
comp,regular,2023,4066,Evan Engram,TE,3896,206.4
comp,regular,2023,7596,Elijah Moore,WR,2807,102.6
comp,regular,2023,8111,Cade Otton,TE,1634,111.5
comp,regular,2023,5857,Noah Fant,TE,927,73.4
comp,regular,2023,8125,Calvin Austin III,WR,260,43.4
comp,regular,2023,6853,Van Jefferson,WR,1177,29
comp,regular,2023,4985,Rashaad Penny,RB,1782,2.7
comp,regular,2023,8230,Ty Chandler,RB,489,80.6
comp,regular,2023,8159,Desmond Ridder,QB,1817,161
comp,regular,2023,9502,Tank Dell,WR,485,141.5
comp,regular,2023,8197,Peyton Hendershot,TE,209,4.4
comp,regular,2023,2319,DeVante Parker,WR,449,54.8
comp,regular,2023,9490,Tyler Scott,WR,202,25.7
comp,regular,2023,5938,Lil'Jordan Humphrey,WR,118,40.7
comp,regular,2023,8211,Tyrion Davis-Price,RB,152,2.1
comp,regular,2023,10215,Jake Haener,QB,201,0
comp,regular,2023,10866,Aidan O'Connell,QB,1049,108
comp,regular,2023,4663,Austin Ekeler,RB,6991,151.5
comp,regular,2023,8155,Breece Hall,RB,4386,224.5
comp,regular,2023,9997,Zay Flowers,WR,3801,167.9
comp,regular,2023,8183,Brock Purdy,QB,4106,295.6
comp,regular,2023,2374,Tyler Lockett,WR,3949,146.8
comp,regular,2023,5892,David Montgomery,RB,3431,189.2
comp,regular,2023,5045,Courtland Sutton,WR,3252,160
comp,regular,2023,4381,Taysom Hill,TE,1300,131.6
comp,regular,2023,6886,Chase Claypool,WR,441,16.9
comp,regular,2023,9493,Puka Nacua,WR,1011,233.9
comp,regular,2023,8153,Isaiah Spiller,RB,380,16
comp,regular,2023,1049,Ryan Tannehill,QB,2152,67.6
comp,regular,2023,8676,Rashid Shaheed,WR,698,118.6
comp,regular,2023,4454,Kendrick Bourne,WR,246,81.5
comp,regular,2023,10216,Kenny McIntosh,RB,147,0
comp,regular,2023,10233,Max Duggan,QB,177,0
comp,regular,2023,8161,Malik Willis,QB,838,3.1
comp,regular,2023,4034,Christian McCaffrey,RB,7993,357.8
comp,regular,2023,5850,Josh Jacobs,RB,5531,162.6
comp,regular,2023,1373,Geno Smith,QB,4592,206.4
comp,regular,2023,421,Matthew Stafford,QB,3900,243.1
comp,regular,2023,2197,Brandin Cooks,WR,3546,133
comp,regular,2023,7606,Kadarius Toney,WR,2999,39.5
comp,regular,2023,5086,Marquez Valdes-Scantling,WR,1491,46
comp,regular,2023,9225,Tank Bigsby,RB,1929,20.7
comp,regular,2023,9224,Chase Brown,RB,467,40.7
comp,regular,2023,7527,Mac Jones,QB,1879,106.4
comp,regular,2023,10232,Michael Wilson,WR,395,83
comp,regular,2023,7694,Tommy Tremble,TE,162,57.3
comp,regular,2023,6149,Darius Slayton,WR,455,111.3
comp,regular,2023,7562,Tutu Atwell,WR,226,89.6
comp,regular,2023,7610,Trey Lance,QB,1408,0
comp,regular,2023,3198,Derrick Henry,RB,5594,211.4
comp,regular,2023,7600,Pat Freiermuth,TE,3779,72.7
comp,regular,2023,9756,Jordan Addison,WR,3475,172.6
comp,regular,2023,6869,Adam Trautman,TE,518,57.3
comp,regular,2023,8117,Jalen Tolbert,WR,394,40
comp,regular,2023,5038,Michael Gallup,WR,1614,70.8
comp,regular,2023,8143,Jerome Ford,RB,1201,185
comp,regular,2023,7794,Chris Evans,RB,317,1.6
comp,regular,2023,1837,Jimmy Garoppolo,QB,2040,64.1
comp,regular,2023,8145,Jeremy Ruckert,TE,174,31.1
comp,regular,2023,4234,Noah Brown,WR,206,85.1
comp,regular,2023,10228,Charlie Jones,WR,121,9.5
comp,regular,2023,6951,Eno Benjamin,RB,142,0
comp,regular,2023,6938,Cam Akers,RB,3488,41.2
comp,regular,2023,5848,Marquise Brown,WR,3235,109.2
comp,regular,2023,4973,Hayden Hurst,TE,1245,42.4
comp,regular,2023,8225,Daniel Bellinger,TE,570,50.5
comp,regular,2023,6927,Quez Watkins,WR,376,8.4
comp,regular,2023,6824,Donovan Peoples-Jones,WR,858,18.5
comp,regular,2023,9512,DeWayne McBride,RB,287,0
comp,regular,2023,5113,Cedrick Wilson,WR,500,55.7
comp,regular,2023,8126,Wan'Dale Robinson,WR,321,92.2
comp,regular,2023,6039,Ty Johnson,RB,122,27
comp,regular,2023,8167,Christian Watson,WR,4246,87.3
comp,regular,2023,3163,Jared Goff,QB,4940,268.3
comp,regular,2023,4035,Alvin Kamara,RB,3355,195.5
comp,regular,2023,8135,Treylon Burks,WR,2915,31.9
comp,regular,2023,3214,Hunter Henry,TE,1459,119.9
comp,regular,2023,7602,Kylen Granson,TE,542,69.7
comp,regular,2023,9492,Trey Palmer,WR,272,74.2
comp,regular,2023,9494,Marvin Mims,WR,1327,57.5
comp,regular,2023,10235,Roschon Johnson,RB,1481,83.1
comp,regular,2023,8147,John Metchie,WR,291,23.2
comp,regular,2023,6865,Colby Parkinson,TE,240,57.9
comp,regular,2023,7565,Terrace Marshall,WR,282,22.4
comp,regular,2023,7593,Trey Sermon,RB,134,18.8
comp,regular,2023,4179,Joshua Dobbs,QB,1226,200.7
comp,regular,2023,4950,Christian Kirk,WR,4444,121.8
comp,regular,2023,6790,D'Andre Swift,RB,3534,179.8
comp,regular,2023,9484,Tucker Kraft,TE,795,72.4
comp,regular,2023,4098,Kareem Hunt,RB,1359,110
comp,regular,2023,7045,Joshua Kelley,RB,425,57.6
comp,regular,2023,4892,Baker Mayfield,QB,2786,267.9
comp,regular,2023,5973,Josh Oliver,TE,215,48.2
comp,regular,2023,9501,Demario Douglas,WR,191,80.4
comp,regular,2023,8137,George Pickens,WR,3912,177
comp,regular,2023,8132,Tyler Allgeier,RB,1559,123.7
comp,regular,2023,8221,Keaontay Ingram,RB,369,12
comp,regular,2023,6920,Isaiah Hodgins,WR,584,44.4
comp,regular,2023,7595,Tylan Wallace,WR,116,6
comp,regular,2023,9231,Jaren Hall,QB,193,2.1
comp,regular,2023,5089,Mike White,QB,963,2.1
comp,regular,2023,5133,Tyler Conklin,TE,1491,119.5
comp,regular,2023,8214,Cole Turner,TE,663,23
comp,regular,2023,3286,Demarcus Robinson,WR,368,74.4
comp,regular,2023,7049,Jauan Jennings,WR,909,42
comp,regular,2023,4171,Josh Reynolds,WR,525,101.9
comp,regular,2023,9487,Parker Washington,WR,117,29.6
comp,regular,2023,6694,D'Ernest Johnson,RB,155,29.9
comp,regular,2023,8219,Jelani Woods,TE,621,0
comp,regular,2023,10225,Jonathan Mingo,WR,1006,63.3
comp,regular,2023,9508,Tyjae Spears,RB,1111,107.7
comp,regular,2023,8134,Khalil Shakir,WR,785,80.1
comp,regular,2023,8140,Justyn Ross,WR,362,5.6
comp,regular,2023,5284,Jeffery Wilson,RB,143,29.8
comp,regular,2023,10862,Dorian Thompson-Robinson,QB,995,22.1
comp,regular,2023,8408,Jordan Mason,RB,437,37.9
comp,regular,2023,5849,Kyler Murray,QB,2329,128.6
comp,regular,2023,7587,Dyami Brown,WR,206,28.8
comp,regular,2023,8180,Jalen Nailor,WR,110,4.4
comp,regular,2023,5854,Drew Lock,QB,225,29.1
comp,regular,2023,5917,Mecole Hardman,WR,860,7.5
comp,regular,2023,8116,Pierre Strong Jr.,RB,309,33.8
comp,regular,2023,4144,Jonnu Smith,TE,222,112.3
comp,regular,2023,5955,Hunter Renfrow,WR,509,36
comp,regular,2023,9499,Bryce Ford-Wheaton,WR,124,0
comp,regular,2023,9998,Hendon Hooker,QB,208,0
comp,regular,2023,1339,Zach Ertz,TE,870,51.7
comp,regular,2023,9220,Evan Hull,RB,558,1.2
comp,regular,2023,4080,Zay Jones,WR,1456,53.4
comp,regular,2023,7529,Gary Brightwell,RB,135,9.1
comp,regular,2023,8205,Isiah Pacheco,RB,3466,191.9
comp,regular,2023,10444,Cedric Tillman,WR,282,27.9
comp,regular,2023,8208,Tyler Badie,RB,128,0
comp,regular,2023,3976,Mitchell Trubisky,QB,198,48.7
comp,regular,2023,5248,Gus Edwards,RB,1577,178.2
comp,regular,2023,5000,Chase Edmonds,RB,331,29.8
comp,regular,2023,2161,Jerick McKinnon,RB,2132,71.9
comp,regular,2023,5980,Myles Gaskin,RB,378,0
comp,regular,2023,4054,Mo Alie-Cox,TE,191,43.3
comp,regular,2023,9489,Justin Shorter,WR,110,0
comp,regular,2023,2078,Odell Beckham,WR,3069,90
comp,regular,2023,6126,Irv Smith,TE,1777,33.5
comp,regular,2023,9495,Rakim Jarrett,WR,108,8
comp,regular,2023,4029,Dalvin Cook,RB,3132,32.7
comp,regular,2023,8142,Alec Pierce,WR,915,79.4
comp,regular,2023,10863,A.T. Perry,WR,206,35.8
comp,regular,2023,8171,Kyle Philips,WR,112,21.1
comp,regular,2023,8119,Jahan Dotson,WR,3378,97.6
comp,regular,2023,2325,Nelson Agholor,WR,323,73.2
comp,regular,2023,5137,Richie James,WR,743,11.9
comp,regular,2023,8123,Hassan Haskins,RB,143,0
comp,regular,2023,4037,Chris Godwin,WR,4250,159.2
comp,regular,2023,6885,Ke'Shawn Vaughn,RB,134,5.4
comp,regular,2023,7090,Darnell Mooney,WR,1529,63.4
comp,regular,2023,5323,Equanimeous St. Brown,WR,105,6.4
comp,regular,2023,9511,Keaton Mitchell,RB,136,65.4
comp,regular,2023,7605,Kyle Trask,QB,846,-0.1
comp,regular,2023,10222,Jayden Reed,WR,1281,172
comp,regular,2023,9504,Kayshon Boutte,WR,193,2.9
comp,regular,2023,8188,Tyquan Thornton,WR,240,20.7
comp,regular,2023,7713,Jaelon Darden,WR,118,0
comp,regular,2023,6598,Trenton Irwin,WR,129,45.7
comp,regular,2023,9506,Sean Tucker,RB,520,4.2
comp,regular,2023,6234,Deonte Harty,WR,227,24.8
comp,regular,2023,8122,Zonovan Knight,RB,149,2.6
comp,regular,2023,6130,Devin Singletary,RB,1263,139.3
comp,regular,2023,10231,Elijah Higgins,TE,164,31.1
comp,regular,2023,10217,Clayton Tune,QB,740,7.4
comp,regular,2023,4274,David Moore,WR,103,16.6
comp,regular,2023,9480,Brenton Strange,TE,170,14.5
comp,regular,2023,9497,Jalin Hyatt,WR,816,47.8
comp,regular,2023,7559,Ihmir Smith-Marsette,WR,105,27.4
comp,regular,2023,8176,Danny Gray,WR,110,0
comp,regular,2023,6290,Scotty Miller,WR,127,26
comp,regular,2023,4082,Curtis Samuel,WR,690,122.2
comp,regular,2023,5347,Nyheim Hines,RB,148,0
comp,regular,2023,6805,KJ Hamler,WR,110,0
comp,regular,2023,4951,D.J. Chark,WR,611,94.4
comp,regular,2023,8127,Charlie Kolar,TE,177,16.4
comp,regular,2023,5880,Parris Campbell,WR,635,20.4
comp,regular,2023,3225,Tyler Boyd,WR,1352,110.4
comp,regular,2023,1535,Cordarrelle Patterson,RB,389,30.4
comp,regular,2023,6659,Craig Reynolds,RB,136,27.1
comp,regular,2023,7533,Anthony Schwartz,WR,124,0
comp,regular,2023,7601,Rondale Moore,WR,128,79.4
comp,regular,2023,8255,Raheem Blackshear,RB,155,13.5
comp,regular,2023,8114,Erik Ezukanma,WR,122,2.2
comp,regular,2023,5026,Tre'Quan Smith,WR,110,0
comp,regular,2023,6794,Justin Jefferson,WR,9696,138.2
comp,regular,2023,7523,Trevor Lawrence,QB,6554,246.3
comp,regular,2023,6813,Jonathan Taylor,RB,3828,120.3
comp,regular,2023,8138,James Cook,RB,4047,204
comp,regular,2023,2028,Derek Carr,QB,3377,214
comp,regular,2023,4199,Aaron Jones,RB,4159,103.3
comp,regular,2023,8112,Drake London,WR,4591,133.8
comp,regular,2023,10236,Dalton Kincaid,TE,3424,134.9
comp,regular,2023,8148,Jameson Williams,WR,2141,68.3
comp,regular,2023,7561,Elijah Mitchell,RB,2538,30.8
comp,regular,2023,8130,Trey McBride,TE,1033,169.1
comp,regular,2023,6001,Drew Sample,TE,151,47.6
comp,regular,2023,7564,Ja'Marr Chase,WR,8966,208.8
comp,regular,2023,7591,Justin Fields,QB,7508,221.6
comp,regular,2023,8129,Dameon Pierce,RB,4324,76.2
comp,regular,2023,1234,Russell Wilson,QB,3662,256.9
comp,regular,2023,7588,Javonte Williams,RB,3784,138.7
comp,regular,2023,5927,Terry McLaurin,WR,4605,161.1
comp,regular,2023,4147,Samaje Perine,RB,2208,91.8
comp,regular,2023,4995,Ian Thomas,TE,138,9.1
comp,regular,2023,1166,Kirk Cousins,QB,5079,149.7
comp,regular,2023,8136,Rachaad White,RB,3578,224.6
comp,regular,2023,9228,Bryce Young,QB,2897,152.2
comp,regular,2023,1426,DeAndre Hopkins,WR,4655,172
comp,regular,2023,5008,Durham Smythe,TE,974,65.6
comp,regular,2023,9505,Deuce Vaughn,RB,600,11.5
comp,regular,2023,9758,C.J. Stroud,QB,3173,255
comp,regular,2023,6151,Miles Sanders,RB,3677,72.3
comp,regular,2023,8228,Jaylen Warren,RB,2475,160.4
comp,regular,2023,9482,Michael Mayer,TE,1209,71.4
comp,regular,2023,4198,Jamal Agnew,WR,166,33.3
comp,regular,2023,7716,John Bates,TE,143,34.1
comp,regular,2023,4983,D.J. Moore,WR,4773,230.1
comp,regular,2023,5185,Allen Lazard,WR,1898,48.6
comp,regular,2023,5010,Will Dissly,TE,152,26.6
comp,regular,2023,3294,Dak Prescott,QB,5686,317.7
comp,regular,2023,5987,Alexander Mattison,RB,3939,114.8
comp,regular,2023,5947,Jakobi Meyers,WR,1666,163
comp,regular,2023,4993,Mike Gesicki,TE,1102,63.9
comp,regular,2023,8162,Sam Howell,QB,3076,250.1
comp,regular,2023,8121,Romeo Doubs,WR,2099,144.9
comp,regular,2023,10210,Cameron Latu,TE,147,0
comp,regular,2023,4149,Jamaal Williams,RB,2310,40.9
comp,regular,2023,6814,Laviska Shenault,WR,161,16.5
comp,regular,2023,6850,Harrison Bryant,TE,159,37.9
comp,regular,2023,6803,Brandon Aiyuk,WR,4763,207.7
comp,regular,2023,10229,Rashee Rice,WR,1898,173
comp,regular,2023,9753,Zach Charbonnet,RB,2513,82.6
comp,regular,2023,6421,Jalen Guyton,WR,160,19.9
comp,regular,2023,8139,Zamir White,RB,584,53.8
comp,regular,2023,1689,Adam Thielen,WR,1779,177.3
comp,regular,2023,7535,Hunter Long,TE,149,0
comp,regular,2023,3634,Kalif Raymond,WR,165,73.9
comp,regular,2023,6271,Olamide Zaccheaus,WR,168,30.4
comp,regular,2023,8227,Teagan Quitoriano,TE,144,5.3
comp,regular,2023,7828,Noah Gray,TE,1237,70.6
comp,regular,2023,10218,Xavier Hutchinson,WR,185,16.8
comp,regular,2023,4881,Lamar Jackson,QB,8702,331.2
comp,regular,2023,7611,Rhamondre Stevenson,RB,5228,126.7
comp,regular,2023,8144,Chris Olave,WR,5951,174.7
comp,regular,2023,7553,Kyle Pitts,TE,4122,132.6
comp,regular,2023,2133,Davante Adams,WR,6545,200.8
comp,regular,2023,8131,Isaiah Likely,TE,2076,90
comp,regular,2023,6828,AJ Dillon,RB,2880,106.6
comp,regular,2023,6797,Justin Herbert,QB,7674,233.7
comp,regular,2023,6770,Joe Burrow,QB,8146,147.2
comp,regular,2023,7547,Amon-Ra St. Brown,WR,6678,247.5
comp,regular,2023,2749,Raheem Mostert,RB,2727,255.2
comp,regular,2023,8150,Kyren Williams,RB,999,239
comp,regular,2023,7526,Jaylen Waddle,WR,6069,162.6
comp,regular,2023,5022,Dallas Goedert,TE,4436,134.9
comp,regular,2023,4089,Gerald Everett,TE,2182,109.7
comp,regular,2023,4137,James Conner,RB,3098,159.6
comp,regular,2023,6820,Clyde Edwards-Helaire,RB,887,60.1
comp,regular,2023,7543,Travis Etienne,RB,5210,242.2
comp,regular,2023,8172,Greg Dulcich,TE,2124,5.5
comp,regular,2023,8154,Brian Robinson,RB,3017,171.1
comp,regular,2023,4866,Saquon Barkley,RB,6113,180
comp,regular,2023,9757,Kendre Miller,RB,884,23.9
comp,regular,2023,8146,Garrett Wilson,WR,6313,161.3
comp,regular,2023,7608,Khalil Herbert,RB,2981,97.4
comp,regular,2023,7525,DeVonta Smith,WR,5697,187.1
comp,regular,2023,7569,Nico Collins,WR,2254,190.4
comp,regular,2023,6945,Antonio Gibson,RB,2920,98.3
comp,regular,2023,4111,D'Onta Foreman,RB,906,85.7
comp,regular,2023,3164,Ezekiel Elliott,RB,1095,138.4
comp,regular,2023,7568,Brevin Jordan,TE,161,50.9
comp,regular,2023,4046,Patrick Mahomes,QB,9835,280.2
comp,regular,2023,2309,Amari Cooper,WR,4874,191
comp,regular,2023,6804,Jordan Love,QB,3840,300.5
comp,regular,2023,5001,Dalton Schultz,TE,2977,141.3
comp,regular,2023,3199,Michael Thomas,WR,2302,70.3
comp,regular,2023,4040,JuJu Smith-Schuster,WR,2586,46.5
comp,regular,2023,8917,KaVontae Turpin,WR,148,53.2
comp,regular,2023,6904,Jalen Hurts,QB,9509,356.2
comp,regular,2023,4039,Cooper Kupp,WR,5510,134.9
comp,regular,2023,6801,Tee Higgins,WR,5217,116.6
comp,regular,2023,8110,Jake Ferguson,TE,2823,164.2
comp,regular,2023,9479,Darnell Washington,TE,506,13.1
comp,regular,2023,8800,Malik Davis,RB,171,0
comp,regular,2023,6955,James Robinson,RB,228,0.5
comp,regular,2023,5967,Tony Pollard,RB,5326,179.5
comp,regular,2023,5872,Deebo Samuel,WR,5494,209.5
comp,regular,2023,6074,Donald Parham,TE,243,66.2
comp,regular,2023,8235,Samori Toure,WR,138,11.8
comp,regular,2023,5121,Braxton Berrios,WR,156,42.5
comp,regular,2023,10219,Chris Rodriguez,RB,192,36.9
comp,regular,2023,11439,Jaleel McLaughlin,RB,239,89.9
comp,regular,2023,5846,DK Metcalf,WR,5113,190.9
comp,regular,2023,3271,Tyler Higbee,TE,3009,108.5
comp,regular,2023,10213,Tre Tucker,WR,136,50.8
comp,regular,2023,8160,Kenny Pickett,QB,3697,110.2
comp,regular,2023,6849,Denzel Mims,WR,142,0
comp,regular,2023,6989,Marquez Callaway,WR,149,0
comp,regular,2023,6918,Salvon Ahmed,RB,218,34.9
comp,regular,2023,6931,DeeJay Dallas,RB,245,5.2
comp,regular,2023,6843,Albert Okwuegbunam,TE,414,0
comp,regular,2023,7757,Ben Skowronek,WR,130,14.3
comp,regular,2023,7891,Brock Wright,TE,306,28.1
comp,regular,2023,3202,Austin Hooper,TE,343,40.5
comp,regular,2023,6847,Devin Duvernay,WR,151,5.3
comp,regular,2023,10226,Andrei Iosivas,WR,146,25
comp,regular,2023,9754,Quentin Johnston,WR,2482,71.7
comp,regular,2023,10223,Eric Gray,RB,201,6.7
comp,regular,2023,4981,Calvin Ridley,WR,5445,172.3
comp,regular,2023,4197,Isaiah McKenzie,WR,137,11.1
comp,regular,2023,8168,Skyy Moore,WR,2742,43.2
comp,regular,2023,7571,Rashod Bateman,WR,2379,60.5
comp,regular,2023,7496,Nick Westbrook-Ikhine,WR,137,71
comp,regular,2023,4984,Josh Allen,QB,9662,369.6
comp,regular,2023,6144,Trayveon Williams,RB,267,11.6
comp,regular,2023,7670,Josh Palmer,WR,139,79.7
comp,regular,2023,9222,Zach Evans,RB,278,1.6
comp,regular,2023,8254,Julius Chestnut,RB,254,0
comp,regular,2023,5122,Boston Scott,RB,165,13.3
comp,regular,2023,6806,J.K. Dobbins,RB,192,10.7
comp,regular,2023,10870,Deneric Prince,RB,189,0
comp,regular,2023,6960,Tyler Johnson,WR,139,0
comp,regular,2023,8118,David Bell,WR,135,20.9
comp,regular,2023,9227,Israel Abanikanda,RB,194,12.2
comp,regular,2023,7720,Kene Nwangwu,RB,198,1.3
comp,regular,2023,6943,Gabriel Davis,WR,145,138.9
comp,regular,2023,11311,Jason Brownlee,WR,134,14.1
comp,regular,2023,5859,A.J. Brown,WR,6811,237.2
comp,regular,2023,7585,Davis Mills,QB,435,17.8
comp,regular,2023,6786,CeeDee Lamb,WR,7282,306.7
comp,regular,2023,2449,Stefon Diggs,WR,7067,208.1
comp,regular,2023,8210,Chigoziem Okonkwo,TE,2419,107.8
comp,regular,2023,7538,Zach Wilson,QB,409,119.9
comp,regular,2023,5906,Dawson Knox,TE,2727,44.4
comp,regular,2023,3257,Jacoby Brissett,QB,464,22.9
comp,regular,2023,10859,Sam LaPorta,TE,3302,225.4
comp,regular,2023,10857,Stetson Bennett,QB,695,0
comp,regular,2023,8157,Bailey Zappe,QB,513,68.4
comp,regular,2023,2307,Marcus Mariota,QB,229,1.2
comp,regular,2023,7002,Juwan Johnson,TE,2722,90.8
comp,regular,2023,6011,Gardner Minshew,QB,335,187.7
comp,regular,2023,7021,Rico Dowdle,RB,628,71.5
comp,regular,2023,6768,Tua Tagovailoa,QB,5490,262.7
comp,regular,2023,6845,Zack Moss,RB,684,153.1
comp,regular,2023,3321,Tyreek Hill,WR,7630,299.2
comp,regular,2023,7551,Deon Jackson,RB,801,1.5
comp,regular,2023,4017,Deshaun Watson,QB,5343,86.8
comp,regular,2023,7594,Chuba Hubbard,RB,699,152.8
comp,regular,2023,5995,Justice Hill,RB,634,91.2
comp,regular,2023,2306,Jameis Winston,QB,324,12
comp,regular,2023,2711,Taylor Heinicke,QB,270,66
comp,regular,2023,7083,Tyler Huntley,QB,308,11.8
comp,regular,2023,2505,Darren Waller,TE,4722,103.7
comp,regular,2023,5012,Mark Andrews,TE,6174,135.4
comp,regular,2023,1466,Travis Kelce,TE,6612,219.4
comp,regular,2023,5844,T.J. Hockenson,TE,5702,219
comp,regular,2023,6826,Cole Kmet,TE,2400,174
comp,regular,2023,4068,Mike Williams,WR,4802,40.7
comp,regular,2023,1479,Keenan Allen,WR,4844,224.9
comp,regular,2023,4217,George Kittle,TE,5465,203.2
comp,regular,2024,4034,Christian McCaffrey,RB,8825,40.3
comp,regular,2024,6813,Jonathan Taylor,RB,5996,211.2
comp,regular,2024,8151,Kenneth Walker III,RB,4542,158.2
comp,regular,2024,5927,Terry McLaurin,WR,4171,210.6
comp,regular,2024,7523,Trevor Lawrence,QB,5304,145.2
comp,regular,2024,3198,Derrick Henry,RB,5013,297.8
comp,regular,2024,6768,Tua Tagovailoa,QB,5369,181.6
comp,regular,2024,6801,Tee Higgins,WR,4618,178.3
comp,regular,2024,4033,David Njoku,TE,3733,148.5
comp,regular,2024,5967,Tony Pollard,RB,3247,174
comp,regular,2024,4037,Chris Godwin,WR,4019,112.8
comp,regular,2024,1426,DeAndre Hopkins,WR,3388,119
comp,regular,2024,5857,Noah Fant,TE,2046,86.7
comp,regular,2024,9482,Michael Mayer,TE,1041,30.5
comp,regular,2024,4351,Tim Patrick,WR,436,73.4
comp,regular,2024,8119,Jahan Dotson,WR,1199,19.5
comp,regular,2024,8230,Ty Chandler,RB,1769,25.4
comp,regular,2024,8254,Julius Chestnut,RB,287,11.2
comp,regular,2024,2028,Derek Carr,QB,3069,150.9
comp,regular,2024,6149,Darius Slayton,WR,590,90.5
comp,regular,2024,4995,Ian Thomas,TE,417,3.7
comp,regular,2024,11610,Malik Washington,WR,622,35
comp,regular,2024,7049,Jauan Jennings,WR,408,163.3
comp,regular,2024,6943,Gabriel Davis,WR,161,43.9
comp,regular,2024,10219,Chris Rodriguez,RB,118,31
comp,regular,2024,7605,Kyle Trask,QB,254,-0.2
comp,regular,2024,11559,Michael Penix Jr.,QB,1623,19.1
comp,regular,2024,9221,Jahmyr Gibbs,RB,6321,293.4
comp,regular,2024,6797,Justin Herbert,QB,4937,257.4
comp,regular,2024,9502,Tank Dell,WR,4687,114.5
comp,regular,2024,7588,Javonte Williams,RB,3240,122.6
comp,regular,2024,4981,Calvin Ridley,WR,4049,158.4
comp,regular,2024,11631,Brian Thomas Jr.,WR,3251,226.7
comp,regular,2024,8172,Greg Dulcich,TE,1468,7.8
comp,regular,2024,5010,Will Dissly,TE,923,94.9
comp,regular,2024,4171,Josh Reynolds,WR,517,30.3
comp,regular,2024,9486,Dontayvion Wicks,WR,1820,83.6
comp,regular,2024,6806,J.K. Dobbins,RB,1676,166.8
comp,regular,2024,11435,Emanuel Wilson,RB,319,76.9
comp,regular,2024,5870,Daniel Jones,QB,2617,135.3
comp,regular,2024,8180,Jalen Nailor,WR,530,82.2
comp,regular,2024,10226,Andrei Iosivas,WR,752,99.7
comp,regular,2024,8135,Treylon Burks,WR,305,5.5
comp,regular,2024,9495,Rakim Jarrett,WR,152,16.9
comp,regular,2024,6931,DeeJay Dallas,RB,146,16.3
comp,regular,2024,2307,Marcus Mariota,QB,172,19.7
comp,regular,2024,3257,Jacoby Brissett,QB,1941,45.2
comp,regular,2024,8150,Kyren Williams,RB,5537,255.1
comp,regular,2024,8136,Rachaad White,RB,4285,174.1
comp,regular,2024,4950,Christian Kirk,WR,4108,57.4
comp,regular,2024,8183,Brock Purdy,QB,5874,266.9
comp,regular,2024,8205,Isiah Pacheco,RB,4861,50.9
comp,regular,2024,8110,Jake Ferguson,TE,3903,101.2
comp,regular,2024,2749,Raheem Mostert,RB,3324,61.4
comp,regular,2024,5937,Diontae Johnson,WR,3531,70.4
comp,regular,2024,11635,Ladd McConkey,WR,3288,185.9
comp,regular,2024,6865,Colby Parkinson,TE,1497,63.8
comp,regular,2024,7602,Kylen Granson,TE,838,30.5
comp,regular,2024,11625,Adonai Mitchell,WR,1892,42.3
comp,regular,2024,1535,Cordarrelle Patterson,RB,315,31.4
comp,regular,2024,4943,Sam Darnold,QB,2807,300.3
comp,regular,2024,11617,Malachi Corley,WR,676,3.7
comp,regular,2024,11640,Jermaine Burton,WR,860,12.7
comp,regular,2024,10225,Jonathan Mingo,WR,286,20.3
comp,regular,2024,8171,Kyle Philips,WR,152,0
comp,regular,2024,9222,Zach Evans,RB,136,0
comp,regular,2024,7083,Tyler Huntley,QB,284,52
comp,regular,2024,2306,Jameis Winston,QB,1260,131.1
comp,regular,2024,9509,Bijan Robinson,RB,8233,280.9
comp,regular,2024,8138,James Cook,RB,4713,241.9
comp,regular,2024,9997,Zay Flowers,WR,4543,169.9
comp,regular,2024,8139,Zamir White,RB,3355,26.3
comp,regular,2024,11620,Rome Odunze,WR,3510,115.1
comp,regular,2024,7002,Juwan Johnson,TE,1795,108.8
comp,regular,2024,4951,D.J. Chark,WR,435,4
comp,regular,2024,2197,Brandin Cooks,WR,1747,54.1
comp,regular,2024,4988,Nick Chubb,RB,1879,60.8
comp,regular,2024,11564,Drake Maye,QB,2411,177.1
comp,regular,2024,9497,Jalin Hyatt,WR,493,10.2
comp,regular,2024,10871,Luke Schoonmaker,TE,203,53.5
comp,regular,2024,3634,Kalif Raymond,WR,356,46.4
comp,regular,2024,7670,Josh Palmer,WR,158,87.9
comp,regular,2024,11370,Chris Brooks,RB,128,30.8
comp,regular,2024,1837,Jimmy Garoppolo,QB,878,0
comp,regular,2024,2309,Amari Cooper,WR,4589,100.7
comp,regular,2024,8137,George Pickens,WR,4181,134.4
comp,regular,2024,4066,Evan Engram,TE,4332,89.5
comp,regular,2024,6130,Devin Singletary,RB,3001,83.9
comp,regular,2024,8167,Christian Watson,WR,3418,90.8
comp,regular,2024,11596,Ben Sinnott,TE,1730,13.8
comp,regular,2024,7828,Noah Gray,TE,789,112.6
comp,regular,2024,11626,Xavier Legette,WR,1430,96.1
comp,regular,2024,4029,Dalvin Cook,RB,541,3.5
comp,regular,2024,4234,Noah Brown,WR,543,68.8
comp,regular,2024,6853,Van Jefferson,WR,393,48.3
comp,regular,2024,10221,Ronnie Bell,WR,169,3.2
comp,regular,2024,11573,Frank Gore Jr.,RB,128,0
comp,regular,2024,19,Joe Flacco,QB,1757,84.5
comp,regular,2024,8155,Breece Hall,RB,7264,195.7
comp,regular,2024,3163,Jared Goff,QB,5375,314.7
comp,regular,2024,421,Matthew Stafford,QB,4452,214.6
comp,regular,2024,8148,Jameson Williams,WR,3311,176.8
comp,regular,2024,11600,Ja'Tavion Sanders,TE,1076,66.7
comp,regular,2024,10863,A.T. Perry,WR,373,0
comp,regular,2024,9501,Demario Douglas,WR,1347,109.8
comp,regular,2024,6945,Antonio Gibson,RB,1286,83.8
comp,regular,2024,7591,Justin Fields,QB,2347,119.1
comp,regular,2024,7587,Dyami Brown,WR,722,48.5
comp,regular,2024,9479,Darnell Washington,TE,384,45
comp,regular,2024,6271,Olamide Zaccheaus,WR,305,83.8
comp,regular,2024,6927,Quez Watkins,WR,146,0
comp,regular,2024,8160,Kenny Pickett,QB,280,25.1
comp,regular,2024,10866,Aidan O'Connell,QB,1303,77.6
comp,regular,2024,9488,Jaxon Smith-Njigba,WR,3473,199.7
comp,regular,2024,4144,Jonnu Smith,TE,2067,203.7
comp,regular,2024,7594,Chuba Hubbard,RB,1855,220.1
comp,regular,2024,6820,Clyde Edwards-Helaire,RB,360,4
comp,regular,2024,11630,Roman Wilson,WR,548,0
comp,regular,2024,7568,Brevin Jordan,TE,248,2.7
comp,regular,2024,11618,Jalen McMillan,WR,903,100.4
comp,regular,2024,4454,Kendrick Bourne,WR,330,48.9
comp,regular,2024,7720,Kene Nwangwu,RB,142,6
comp,regular,2024,1166,Kirk Cousins,QB,4842,176.3
comp,regular,2024,1479,Keenan Allen,WR,3947,147.4
comp,regular,2024,10222,Jayden Reed,WR,3793,165.4
comp,regular,2024,8117,Jalen Tolbert,WR,1050,115.7
comp,regular,2024,10223,Eric Gray,RB,336,10.8
comp,regular,2024,6011,Gardner Minshew,QB,2122,96.3
comp,regular,2024,11627,Troy Franklin,WR,653,50.9
comp,regular,2024,7694,Tommy Tremble,TE,371,45.4
comp,regular,2024,11650,Luke McCaffrey,WR,774,25.8
comp,regular,2024,5695,Brandon Powell,WR,173,10.6
comp,regular,2024,11590,Jase McClellan,RB,139,3.2
comp,regular,2024,7527,Mac Jones,QB,269,83.4
comp,regular,2024,8161,Malik Willis,QB,896,48.1
comp,regular,2024,8228,Jaylen Warren,RB,3200,103
comp,regular,2024,11619,Ja'Lynn Polk,WR,1601,26.7
comp,regular,2024,8132,Tyler Allgeier,RB,1616,91.8
comp,regular,2024,6805,KJ Hamler,WR,167,0
comp,regular,2024,10857,Stetson Bennett,QB,287,0
comp,regular,2024,7090,Darnell Mooney,WR,1694,161.2
comp,regular,2024,10216,Kenny McIntosh,RB,285,16
comp,regular,2024,8197,Peyton Hendershot,TE,200,5.6
comp,regular,2024,5880,Parris Campbell,WR,154,12
comp,regular,2024,11567,Jordan Travis,QB,275,0
comp,regular,2024,10214,Davis Allen,TE,779,9.9
comp,regular,2024,9480,Brenton Strange,TE,331,81.1
comp,regular,2024,10860,Malik Cunningham,WR,144,0
comp,regular,2024,9227,Israel Abanikanda,RB,126,0
comp,regular,2024,8225,Daniel Bellinger,TE,894,23.6
comp,regular,2024,11584,Bucky Irving,RB,1310,205.5
comp,regular,2024,6151,Miles Sanders,RB,343,40.2
comp,regular,2024,2505,Darren Waller,TE,272,0
comp,regular,2024,4040,JuJu Smith-Schuster,WR,329,43.2
comp,regular,2024,6824,Donovan Peoples-Jones,WR,159,0
comp,regular,2024,8211,Tyrion Davis-Price,RB,148,0.7
comp,regular,2024,11565,J.J. McCarthy,QB,284,0
comp,regular,2024,5906,Dawson Knox,TE,1117,59.1
comp,regular,2024,11645,Javon Baker,WR,405,0
comp,regular,2024,3286,Demarcus Robinson,WR,1164,99.3
comp,regular,2024,9511,Keaton Mitchell,RB,497,5.3
comp,regular,2024,1234,Russell Wilson,QB,2196,161.3
comp,regular,2024,8147,John Metchie,WR,380,40
comp,regular,2024,9504,Kayshon Boutte,WR,171,79.2
comp,regular,2024,8126,Wan'Dale Robinson,WR,1116,126.9
comp,regular,2024,11439,Jaleel McLaughlin,RB,1442,79.4
comp,regular,2024,8142,Alec Pierce,WR,333,130.2
comp,regular,2024,4089,Gerald Everett,TE,948,11.6
comp,regular,2024,10232,Michael Wilson,WR,1571,101
comp,regular,2024,7596,Elijah Moore,WR,451,85.3
comp,regular,2024,11629,Devontez Walker,WR,361,8.6
comp,regular,2024,7601,Rondale Moore,WR,171,0
comp,regular,2024,8210,Chigoziem Okonkwo,TE,1664,113.6
comp,regular,2024,8221,Keaontay Ingram,RB,149,0
comp,regular,2024,8159,Desmond Ridder,QB,248,21.5
comp,regular,2024,8154,Brian Robinson,RB,3060,147.7
comp,regular,2024,4111,D'Onta Foreman,RB,415,25.6
comp,regular,2024,5970,Greg Dortch,WR,902,52.4
comp,regular,2024,9500,Josh Downs,WR,1506,133.1
comp,regular,2024,11621,Brenden Rice,WR,274,0
comp,regular,2024,11210,Malik Heath,WR,173,19.9
comp,regular,2024,4080,Zay Jones,WR,351,5.8
comp,regular,2024,7567,Kenneth Gainwell,RB,435,51.3
comp,regular,2024,5374,Justin Watson,WR,283,50.9
comp,regular,2024,7794,Chris Evans,RB,134,0
comp,regular,2024,7593,Trey Sermon,RB,394,44.8
comp,regular,2024,10213,Tre Tucker,WR,473,101.9
comp,regular,2024,6828,AJ Dillon,RB,133,0
comp,regular,2024,5973,Josh Oliver,TE,384,62.2
comp,regular,2024,9494,Marvin Mims,WR,988,90.4
comp,regular,2024,7561,Elijah Mitchell,RB,133,0
comp,regular,2024,4149,Jamaal Williams,RB,444,29.9
comp,regular,2024,7571,Rashod Bateman,WR,970,136
comp,regular,2024,7565,Terrace Marshall,WR,169,5.6
comp,regular,2024,11557,Joe Milton,QB,274,0
comp,regular,2024,8129,Dameon Pierce,RB,495,18.9
comp,regular,2024,3225,Tyler Boyd,WR,707,58.8
comp,regular,2024,8800,Malik Davis,RB,141,0
comp,regular,2024,8174,Kevin Harris,RB,141,0
comp,regular,2024,4972,Mason Rudolph,QB,973,92.5
comp,regular,2024,7595,Tylan Wallace,WR,171,30.8
comp,regular,2024,6849,Denzel Mims,WR,150,0
comp,regular,2024,11638,Ricky Pearsall,WR,798,62.1
comp,regular,2024,9512,DeWayne McBride,RB,139,0
comp,regular,2024,11624,Xavier Worthy,WR,3943,157.7
comp,regular,2024,7538,Zach Wilson,QB,263,0
comp,regular,2024,10231,Elijah Higgins,TE,259,49.2
comp,regular,2024,8123,Hassan Haskins,RB,131,22
comp,regular,2024,1689,Adam Thielen,WR,1367,108.6
comp,regular,2024,5000,Chase Edmonds,RB,146,0
comp,regular,2024,6144,Trayveon Williams,RB,127,0
comp,regular,2024,9489,Justin Shorter,WR,152,0
comp,regular,2024,9753,Zach Charbonnet,RB,1528,156.8
comp,regular,2024,5121,Braxton Berrios,WR,172,0
comp,regular,2024,11643,Jaylen Wright,RB,1406,25.6
comp,regular,2024,10228,Charlie Jones,WR,152,5
comp,regular,2024,6814,Laviska Shenault,WR,160,8.2
comp,regular,2024,6421,Jalen Guyton,WR,153,0
comp,regular,2024,11311,Jason Brownlee,WR,154,0
comp,regular,2024,7533,Anthony Schwartz,WR,160,0
comp,regular,2024,9754,Quentin Johnston,WR,1263,122.1
comp,regular,2024,8162,Sam Howell,QB,1200,-0.8
comp,regular,2024,8122,Zonovan Knight,RB,128,0
comp,regular,2024,7066,K.J. Osborn,WR,267,15.2
comp,regular,2024,11575,Ray Davis,RB,1216,94.1
comp,regular,2024,6234,Deonte Harty,WR,154,0
comp,regular,2024,9487,Parker Washington,WR,334,72.5
comp,regular,2024,6847,Devin Duvernay,WR,168,13.7
comp,regular,2024,6938,Cam Akers,RB,540,78.3
comp,regular,2024,6598,Trenton Irwin,WR,166,3
comp,regular,2024,6960,Tyler Johnson,WR,159,36.6
comp,regular,2024,8140,Justyn Ross,WR,144,0
comp,regular,2024,7891,Brock Wright,TE,331,35
comp,regular,2024,5026,Tre'Quan Smith,WR,151,0
comp,regular,2024,6920,Isaiah Hodgins,WR,158,2.2
comp,regular,2024,8208,Tyler Badie,RB,121,7.9
comp,regular,2024,6786,CeeDee Lamb,WR,9716,212.9
comp,regular,2024,6770,Joe Burrow,QB,7161,359.8
comp,regular,2024,5892,David Montgomery,RB,3570,203.7
comp,regular,2024,4137,James Conner,RB,3638,230.3
comp,regular,2024,11563,Bo Nix,QB,3251,283.2
comp,regular,2024,7528,Najee Harris,RB,3494,173
comp,regular,2024,2449,Stefon Diggs,WR,4834,98.4
comp,regular,2024,4973,Hayden Hurst,TE,1207,15.3
comp,regular,2024,6074,Donald Parham,TE,138,0
comp,regular,2024,3321,Tyreek Hill,WR,9377,174.7
comp,regular,2024,5849,Kyler Murray,QB,7564,269.4
comp,regular,2024,1373,Geno Smith,QB,3781,239.7
comp,regular,2024,6790,D'Andre Swift,RB,3638,181
comp,regular,2024,2216,Mike Evans,WR,4761,190
comp,regular,2024,6783,Jerry Jeudy,WR,1946,186.6
comp,regular,2024,11586,Blake Corum,RB,2352,27.3
comp,regular,2024,8204,Bo Melton,WR,243,18.4
comp,regular,2024,7757,Ben Skowronek,WR,116,9.4
comp,regular,2024,10210,Cameron Latu,TE,158,0
comp,regular,2024,4035,Alvin Kamara,RB,4047,231.3
comp,regular,2024,4199,Aaron Jones,RB,3603,206.1
comp,regular,2024,11604,Brock Bowers,TE,3691,247.7
comp,regular,2024,4082,Curtis Samuel,WR,2538,39.5
comp,regular,2024,7716,John Bates,TE,125,14.4
comp,regular,2024,11560,Caleb Williams,QB,6167,243.6
comp,regular,2024,7611,Rhamondre Stevenson,RB,3403,159.4
comp,regular,2024,7525,DeVonta Smith,WR,4930,165.4
comp,regular,2024,8676,Rashid Shaheed,WR,2280,69.8
comp,regular,2024,1339,Zach Ertz,TE,1327,162
comp,regular,2024,9228,Bryce Young,QB,3099,158.6
comp,regular,2024,4068,Mike Williams,WR,2311,43.3
comp,regular,2024,3164,Ezekiel Elliott,RB,1953,51.5
comp,regular,2024,11589,Trey Benson,RB,1981,44
comp,regular,2024,5987,Alexander Mattison,RB,603,114.3
comp,regular,2024,11306,Xavier Gipson,WR,249,10.9
comp,regular,2024,6804,Jordan Love,QB,7012,231.1
comp,regular,2024,4018,Joe Mixon,RB,3827,219.2
comp,regular,2024,10229,Rashee Rice,WR,4737,52.9
comp,regular,2024,4017,Deshaun Watson,QB,3888,76.7
comp,regular,2024,4983,D.J. Moore,WR,4968,171.5
comp,regular,2024,4993,Mike Gesicki,TE,1416,126.7
comp,regular,2024,8214,Cole Turner,TE,147,0
comp,regular,2024,5248,Gus Edwards,RB,2170,62.6
comp,regular,2024,11597,Theo Johnson,TE,1162,68.1
comp,regular,2024,7021,Rico Dowdle,RB,2226,162.9
comp,regular,2024,7559,Ihmir Smith-Marsette,WR,136,6
comp,regular,2024,6290,Scotty Miller,WR,141,9.4
comp,regular,2024,9999,Will Levis,QB,3527,108.1
comp,regular,2024,5947,Jakobi Meyers,WR,2427,151.7
comp,regular,2024,2374,Tyler Lockett,WR,2085,92.7
comp,regular,2024,9484,Tucker Kraft,TE,1289,155.7
comp,regular,2024,11577,Will Shipley,RB,592,5
comp,regular,2024,6001,Drew Sample,TE,145,31.1
comp,regular,2024,5185,Allen Lazard,WR,250,92.9
comp,regular,2024,6126,Irv Smith,TE,144,0
comp,regular,2024,8489,Andrew Ogletree,TE,144,22.8
comp,regular,2024,6843,Albert Okwuegbunam,TE,147,0
comp,regular,2024,2078,Odell Beckham,WR,243,10
comp,regular,2024,7606,Kadarius Toney,WR,124,-2.4
comp,regular,2024,5323,Equanimeous St. Brown,WR,118,0
comp,regular,2024,11636,Johnny Wilson,WR,260,8.4
comp,regular,2024,4197,Isaiah McKenzie,WR,129,0
comp,regular,2024,8188,Tyquan Thornton,WR,258,6.7
comp,regular,2024,8127,Charlie Kolar,TE,142,28.3
comp,regular,2024,5938,Lil'Jordan Humphrey,WR,118,45.2
comp,regular,2024,4274,David Moore,WR,143,61.7
comp,regular,2024,9758,C.J. Stroud,QB,7887,214.4
comp,regular,2024,9229,Anthony Richardson,QB,8421,162.9
comp,regular,2024,5850,Josh Jacobs,RB,5199,264
comp,regular,2024,2133,Davante Adams,WR,5875,181
comp,regular,2024,7553,Kyle Pitts,TE,4861,127.7
comp,regular,2024,11628,Marvin Harrison Jr.,WR,6796,150.7
comp,regular,2024,3214,Hunter Henry,TE,2348,145.4
comp,regular,2024,9508,Tyjae Spears,RB,2497,98.6
comp,regular,2024,8112,Drake London,WR,6604,195.1
comp,regular,2024,8146,Garrett Wilson,WR,6960,194.3
comp,regular,2024,8111,Cade Otton,TE,2168,140.6
comp,regular,2024,11583,Jonathon Brooks,RB,2792,6
comp,regular,2024,11576,Braelon Allen,RB,938,72.4
comp,regular,2024,6869,Adam Trautman,TE,197,43.8
comp,regular,2024,4881,Lamar Jackson,QB,8704,407.4
comp,regular,2024,7569,Nico Collins,WR,6043,164.3
comp,regular,2024,4866,Saquon Barkley,RB,6700,338.8
comp,regular,2024,9493,Puka Nacua,WR,6805,167.1
comp,regular,2024,11581,MarShawn Lloyd,RB,1032,2.3
comp,regular,2024,4663,Austin Ekeler,RB,2487,110.6
comp,regular,2024,4217,George Kittle,TE,4385,231.9
comp,regular,2024,8131,Isaiah Likely,TE,2268,116.9
comp,regular,2024,7608,Khalil Herbert,RB,976,14.7
comp,regular,2024,8134,Khalil Shakir,WR,2570,144.5
comp,regular,2024,8143,Jerome Ford,RB,2849,115.5
comp,regular,2024,7543,Travis Etienne,RB,5216,103.2
comp,regular,2024,8219,Jelani Woods,TE,184,0
comp,regular,2024,6845,Zack Moss,RB,2906,70.4
comp,regular,2024,9225,Tank Bigsby,RB,842,114.8
comp,regular,2024,9224,Chase Brown,RB,2706,228
comp,regular,2024,8408,Jordan Mason,RB,1152,109.5
comp,regular,2024,4984,Josh Allen,QB,9942,379
comp,regular,2024,9226,De'Von Achane,RB,5302,242.8
comp,regular,2024,5872,Deebo Samuel,WR,5829,128.1
comp,regular,2024,6803,Brandon Aiyuk,WR,5447,49.9
comp,regular,2024,4892,Baker Mayfield,QB,3950,344.2
comp,regular,2024,7600,Pat Freiermuth,TE,3032,145.8
comp,regular,2024,5045,Courtland Sutton,WR,3172,181.5
comp,regular,2024,11595,Jared Wiley,TE,551,1.7
comp,regular,2024,10218,Xavier Hutchinson,WR,198,16.7
comp,regular,2024,8125,Calvin Austin III,WR,224,102.8
comp,regular,2024,5284,Jeffery Wilson,RB,154,9.5
comp,regular,2024,8144,Chris Olave,WR,5747,60.7
comp,regular,2024,8121,Romeo Doubs,WR,2912,109.1
comp,regular,2024,7045,Joshua Kelley,RB,219,0
comp,regular,2024,9505,Deuce Vaughn,RB,247,6.6
comp,regular,2024,6904,Jalen Hurts,QB,9808,315.1
comp,regular,2024,4039,Cooper Kupp,WR,5618,141.5
comp,regular,2024,5844,T.J. Hockenson,TE,3044,83.6
comp,regular,2024,11599,Cade Stover,TE,652,34.3
comp,regular,2024,5086,Marquez Valdes-Scantling,WR,177,70.2
comp,regular,2024,4046,Patrick Mahomes,QB,9535,282.5
comp,regular,2024,5917,Mecole Hardman,WR,195,27.2
comp,regular,2024,5347,Nyheim Hines,RB,152,0
comp,regular,2024,5848,Marquise Brown,WR,3001,13.6
comp,regular,2024,8917,KaVontae Turpin,WR,178,81.4
comp,regular,2024,11637,Keon Coleman,WR,3070,92
comp,regular,2024,10234,Derius Davis,WR,177,32.7
comp,regular,2024,10444,Cedric Tillman,WR,242,65.9
comp,regular,2024,8153,Isaiah Spiller,RB,225,0
comp,regular,2024,11199,Emari Demercado,RB,206,46.7
comp,regular,2024,96,Aaron Rodgers,QB,4379,231.6
comp,regular,2024,10870,Deneric Prince,RB,201,0
comp,regular,2024,7526,Jaylen Waddle,WR,5726,113.6
comp,regular,2024,4054,Mo Alie-Cox,TE,441,32.7
comp,regular,2024,8118,David Bell,WR,174,4.2
comp,regular,2024,8116,Pierre Strong Jr.,RB,215,28.2
comp,regular,2024,11592,Erick All,TE,639,35.8
comp,regular,2024,10867,Jake Bobo,WR,227,16.3
comp,regular,2024,5001,Dalton Schultz,TE,3232,112.3
comp,regular,2024,9490,Tyler Scott,WR,197,1
comp,regular,2024,6039,Ty Johnson,RB,198,80.9
comp,regular,2024,7562,Tutu Atwell,WR,217,71.7
comp,regular,2024,11632,Malik Nabers,WR,5334,204.2
comp,regular,2024,6694,D'Ernest Johnson,RB,243,26.8
comp,regular,2024,7496,Nick Westbrook-Ikhine,WR,174,112.7
comp,regular,2024,9220,Evan Hull,RB,210,0
comp,regular,2024,9756,Jordan Addison,WR,2758,180.5
comp,regular,2024,3271,Tyler Higbee,TE,722,11
comp,regular,2024,8168,Skyy Moore,WR,200,0
comp,regular,2024,9506,Sean Tucker,RB,187,62.6
comp,regular,2024,5113,Cedrick Wilson,WR,201,36.2
comp,regular,2024,9492,Trey Palmer,WR,221,29.2
comp,regular,2024,2325,Nelson Agholor,WR,230,42.1
comp,regular,2024,7607,Michael Carter,RB,158,16.4
comp,regular,2024,8195,Ronnie Rivers,RB,186,5.6
comp,regular,2024,6659,Craig Reynolds,RB,164,15.5
comp,regular,2024,7564,Ja'Marr Chase,WR,8336,318.9
comp,regular,2024,6794,Justin Jefferson,WR,7995,259.1
comp,regular,2024,5859,A.J. Brown,WR,7159,183.4
comp,regular,2024,9481,Luke Musgrave,TE,2834,8.6
comp,regular,2024,4179,Joshua Dobbs,QB,693,8.1
comp,regular,2024,6826,Cole Kmet,TE,2970,118.1
comp,regular,2024,8145,Jeremy Ruckert,TE,181,27
comp,regular,2024,6111,Jake Browning,QB,632,-0.2
comp,regular,2024,5022,Dallas Goedert,TE,3515,94.1
comp,regular,2024,4381,Taysom Hill,TE,2807,102.3
comp,regular,2024,827,Tyrod Taylor,QB,501,20.1
comp,regular,2024,5985,Foster Moreau,TE,183,96.2
comp,regular,2024,5995,Justice Hill,RB,644,106.1
comp,regular,2024,5854,Drew Lock,QB,577,72.3
comp,regular,2024,6850,Harrison Bryant,TE,166,17.6
comp,regular,2024,11603,AJ Barner,TE,178,64.1
comp,regular,2024,7610,Trey Lance,QB,791,0.4
comp,regular,2024,3202,Austin Hooper,TE,166,101.9
comp,regular,2024,11562,Spencer Rattler,QB,806,52.6
comp,regular,2024,7547,Amon-Ra St. Brown,WR,8561,248
comp,regular,2024,3294,Dak Prescott,QB,6663,116.5
comp,regular,2024,4147,Samaje Perine,RB,821,65.5
comp,regular,2024,11566,Jayden Daniels,QB,6651,351.6
comp,regular,2024,10235,Roschon Johnson,RB,773,65
comp,regular,2024,9757,Kendre Miller,RB,656,26.6
comp,regular,2024,11579,Audric Estime,RB,737,36.8
comp,regular,2024,11256,Tyson Bagent,QB,447,-0.3
comp,regular,2024,6136,Jarrett Stidham,QB,294,-0.2
comp,regular,2024,9998,Hendon Hooker,QB,485,2.7
comp,regular,2024,10862,Dorian Thompson-Robinson,QB,333,15
comp,regular,2024,7585,Davis Mills,QB,372,3.4
comp,regular,2024,10217,Clayton Tune,QB,317,-2.3
comp,regular,2024,4464,Nick Mullens,QB,499,1.3
comp,regular,2024,5012,Mark Andrews,TE,5457,173.4
comp,regular,2024,10859,Sam LaPorta,TE,7677,161.3
comp,regular,2024,5133,Tyler Conklin,TE,2663,112.3
comp,regular,2024,1466,Travis Kelce,TE,6726,195.4
comp,regular,2024,8130,Trey McBride,TE,5866,230.3
comp,regular,2024,10236,Dalton Kincaid,TE,5574,100.8
comp,regular,2024,5846,DK Metcalf,WR,5141,145.4
comp,regular,2024,6819,Michael Pittman,WR,5096,121.1
comp,regular,2025,4866,Saquon Barkley,RB,6747,213.8
comp,regular,2025,3198,Derrick Henry,RB,5639,259.4
comp,regular,2025,7594,Chuba Hubbard,RB,3595,107.7
comp,regular,2025,11638,Ricky Pearsall,WR,3861,70.6
comp,regular,2025,7591,Justin Fields,QB,5434,142.7
comp,regular,2025,8150,Kyren Williams,RB,4892,235.7
comp,regular,2025,6797,Justin Herbert,QB,4979,286.9
comp,regular,2025,9997,Zay Flowers,WR,4266,172.5
comp,regular,2025,4033,David Njoku,TE,3518,86.3
comp,regular,2025,9753,Zach Charbonnet,RB,2620,154.2
comp,regular,2025,5947,Jakobi Meyers,WR,3169,131.4
comp,regular,2025,2449,Stefon Diggs,WR,3252,162
comp,regular,2025,4993,Mike Gesicki,TE,2186,67.4
comp,regular,2025,11603,AJ Barner,TE,1045,143.9
comp,regular,2025,8168,Skyy Moore,WR,226,12.3
comp,regular,2025,6149,Darius Slayton,WR,824,72.9
comp,regular,2025,11439,Jaleel McLaughlin,RB,536,23.1
comp,regular,2025,11199,Emari Demercado,RB,124,45.6
comp,regular,2025,9998,Hendon Hooker,QB,1202,0
comp,regular,2025,8188,Tyquan Thornton,WR,260,71.3
comp,regular,2025,10871,Luke Schoonmaker,TE,297,25
comp,regular,2025,2197,Brandin Cooks,WR,278,39.9
comp,regular,2025,9497,Jalin Hyatt,WR,178,6
comp,regular,2025,5113,Cedrick Wilson,WR,111,6.9
comp,regular,2025,7593,Trey Sermon,RB,95,0
comp,regular,2025,8160,Kenny Pickett,QB,175,8.7
comp,regular,2025,1837,Jimmy Garoppolo,QB,689,-0.7
comp,regular,2025,9509,Bijan Robinson,RB,8843,325.5
comp,regular,2025,8155,Breece Hall,RB,3984,189.7
comp,regular,2025,10229,Rashee Rice,WR,4067,123.6
comp,regular,2025,11564,Drake Maye,QB,5173,335.7
comp,regular,2025,8137,George Pickens,WR,4391,244
comp,regular,2025,8144,Chris Olave,WR,3300,218
comp,regular,2025,11637,Keon Coleman,WR,2904,75.5
comp,regular,2025,11600,Ja'Tavion Sanders,TE,2100,54
comp,regular,2025,6826,Cole Kmet,TE,1362,73.1
comp,regular,2025,5937,Diontae Johnson,WR,179,0
comp,regular,2025,11630,Roman Wilson,WR,596,32.6
comp,regular,2025,5995,Justice Hill,RB,824,54.7
comp,regular,2025,4147,Samaje Perine,RB,161,62.7
comp,regular,2025,9229,Anthony Richardson,QB,1786,1.7
comp,regular,2025,4082,Curtis Samuel,WR,225,17.6
comp,regular,2025,6865,Colby Parkinson,TE,666,110.2
comp,regular,2025,4040,JuJu Smith-Schuster,WR,317,54.7
comp,regular,2025,7596,Elijah Moore,WR,205,24.1
comp,regular,2025,7595,Tylan Wallace,WR,140,12.5
comp,regular,2025,6144,Trayveon Williams,RB,70,10.6
comp,regular,2025,10866,Aidan O'Connell,QB,194,0
comp,regular,2025,8161,Malik Willis,QB,361,51.2
comp,regular,2025,11584,Bucky Irving,RB,5372,113.2
comp,regular,2025,8138,James Cook,RB,4643,284.2
comp,regular,2025,6783,Jerry Jeudy,WR,3850,92.5
comp,regular,2025,9758,C.J. Stroud,QB,4833,191.3
comp,regular,2025,7526,Jaylen Waddle,WR,3743,162.1
comp,regular,2025,5012,Mark Andrews,TE,3945,127.6
comp,regular,2025,6819,Michael Pittman,WR,2782,160.3
comp,regular,2025,12506,Harold Fannin,TE,1833,186.4
comp,regular,2025,5857,Noah Fant,TE,1192,75.3
comp,regular,2025,4234,Noah Brown,WR,213,10.8
comp,regular,2025,9504,Kayshon Boutte,WR,657,104.2
comp,regular,2025,11586,Blake Corum,RB,697,110.8
comp,regular,2025,8254,Julius Chestnut,RB,153,4
comp,regular,2025,11562,Spencer Rattler,QB,1292,98.6
comp,regular,2025,8147,John Metchie,WR,202,51.9
comp,regular,2025,11599,Cade Stover,TE,615,18
comp,regular,2025,10867,Jake Bobo,WR,160,3
comp,regular,2025,6820,Clyde Edwards-Helaire,RB,90,3.2
comp,regular,2025,10862,Dorian Thompson-Robinson,QB,149,0
comp,regular,2025,4972,Mason Rudolph,QB,569,15
comp,regular,2025,9221,Jahmyr Gibbs,RB,8055,309.6
comp,regular,2025,3163,Jared Goff,QB,5333,281.8
comp,regular,2025,6804,Jordan Love,QB,4612,235.1
comp,regular,2025,4066,Evan Engram,TE,3752,95.3
comp,regular,2025,9500,Josh Downs,WR,2619,99.8
comp,regular,2025,12498,Mason Taylor,TE,2368,88.9
comp,regular,2025,10232,Michael Wilson,WR,804,163.2
comp,regular,2025,8129,Dameon Pierce,RB,433,2.6
comp,regular,2025,11370,Chris Brooks,RB,151,20.1
comp,regular,2025,5086,Marquez Valdes-Scantling,WR,209,19.1
comp,regular,2025,8167,Christian Watson,WR,258,114.9
comp,regular,2025,7496,Nick Westbrook-Ikhine,WR,192,14.4
comp,regular,2025,7538,Zach Wilson,QB,233,1.4
comp,regular,2025,7543,Travis Etienne,RB,2566,231.6
comp,regular,2025,8134,Khalil Shakir,WR,3135,130.4
comp,regular,2025,8111,Cade Otton,TE,2318,99.8
comp,regular,2025,5985,Foster Moreau,TE,925,12.9
comp,regular,2025,11626,Xavier Legette,WR,1061,68.1
comp,regular,2025,9511,Keaton Mitchell,RB,419,50.7
comp,regular,2025,4663,Austin Ekeler,RB,124,10.6
comp,regular,2025,19,Joe Flacco,QB,1661,146.5
comp,regular,2025,5010,Will Dissly,TE,703,19.1
comp,regular,2025,10226,Andrei Iosivas,WR,470,71.4
comp,regular,2025,10218,Xavier Hutchinson,WR,153,69.6
comp,regular,2025,5987,Alexander Mattison,RB,96,0
comp,regular,2025,1166,Kirk Cousins,QB,847,94.3
comp,regular,2025,11565,J.J. McCarthy,QB,4919,117.4
comp,regular,2025,4037,Chris Godwin,WR,2754,65.2
comp,regular,2025,8126,Wan'Dale Robinson,WR,1261,171.9
comp,regular,2025,11573,Frank Gore Jr.,RB,115,0
comp,regular,2025,8127,Charlie Kolar,TE,331,36.2
comp,regular,2025,6920,Isaiah Hodgins,WR,153,22.5
comp,regular,2025,7083,Tyler Huntley,QB,172,40.1
comp,regular,2025,8408,Jordan Mason,RB,2590,112.5
comp,regular,2025,7049,Jauan Jennings,WR,2935,140.3
comp,regular,2025,5133,Tyler Conklin,TE,1215,15.7
comp,regular,2025,3286,Demarcus Robinson,WR,188,43.3
comp,regular,2025,9501,Demario Douglas,WR,1165,76.4
comp,regular,2025,11583,Jonathon Brooks,RB,118,0
comp,regular,2025,4351,Tim Patrick,WR,208,43.3
comp,regular,2025,9479,Darnell Washington,TE,556,73.4
comp,regular,2025,5185,Allen Lazard,WR,177,18
comp,regular,2025,10857,Stetson Bennett,QB,578,0
comp,regular,2025,11620,Rome Odunze,WR,3564,124.1
comp,regular,2025,9756,Jordan Addison,WR,3589,112.8
comp,regular,2025,12493,Oronde Gadsden,TE,1104,127.1
comp,regular,2025,96,Aaron Rodgers,QB,2523,208.8
comp,regular,2025,9502,Tank Dell,WR,240,0
comp,regular,2025,10231,Elijah Higgins,TE,532,52.3
comp,regular,2025,11625,Adonai Mitchell,WR,477,71.4
comp,regular,2025,10225,Jonathan Mingo,WR,137,3
comp,regular,2025,9224,Chase Brown,RB,5422,231.1
comp,regular,2025,4981,Calvin Ridley,WR,4123,38.8
comp,regular,2025,4039,Cooper Kupp,WR,2991,88.9
comp,regular,2025,12487,Terrance Ferguson,TE,1289,52.1
comp,regular,2025,8917,KaVontae Turpin,WR,218,70.8
comp,regular,2025,11618,Jalen McMillan,WR,1124,22.3
comp,regular,2025,7608,Khalil Herbert,RB,166,1
comp,regular,2025,10213,Tre Tucker,WR,299,128.8
comp,regular,2025,7891,Brock Wright,TE,595,36.8
comp,regular,2025,6271,Olamide Zaccheaus,WR,353,65.3
comp,regular,2025,5970,Greg Dortch,WR,157,60.6
comp,regular,2025,9505,Deuce Vaughn,RB,84,0
comp,regular,2025,7588,Javonte Williams,RB,2806,225.3
comp,regular,2025,11597,Theo Johnson,TE,2017,127.8
comp,regular,2025,1689,Adam Thielen,WR,900,24.3
comp,regular,2025,8177,Grant Calcaterra,TE,556,12.5
comp,regular,2025,9495,Rakim Jarrett,WR,127,0
comp,regular,2025,2306,Jameis Winston,QB,728,42.8
comp,regular,2025,8151,Kenneth Walker III,RB,3872,161.1
comp,regular,2025,6806,J.K. Dobbins,RB,2037,110.4
comp,regular,2025,5870,Daniel Jones,QB,2113,226.4
comp,regular,2025,8119,Jahan Dotson,WR,203,35.7
comp,regular,2025,8116,Pierre Strong Jr.,RB,93,0
comp,regular,2025,9482,Michael Mayer,TE,907,66.1
comp,regular,2025,10219,Chris Rodriguez,RB,901,75.7
comp,regular,2025,9227,Israel Abanikanda,RB,87,0
comp,regular,2025,7611,Rhamondre Stevenson,RB,2314,128.5
comp,regular,2025,11610,Malik Washington,WR,559,83.4
comp,regular,2025,11643,Jaylen Wright,RB,441,42.7
comp,regular,2025,11617,Malachi Corley,WR,213,21.3
comp,regular,2025,3202,Austin Hooper,TE,350,57.8
comp,regular,2025,8180,Jalen Nailor,WR,383,79.8
comp,regular,2025,4080,Zay Jones,WR,166,24.3
comp,regular,2025,8114,Erik Ezukanma,WR,133,0
comp,regular,2025,11256,Tyson Bagent,QB,481,2.6
comp,regular,2025,8117,Jalen Tolbert,WR,560,37.3
comp,regular,2025,8208,Tyler Badie,RB,136,22.3
comp,regular,2025,4171,Josh Reynolds,WR,206,17.6
comp,regular,2025,6943,Gabriel Davis,WR,151,12.3
comp,regular,2025,4018,Joe Mixon,RB,2208,0
comp,regular,2025,5872,Deebo Samuel,WR,3336,149.1
comp,regular,2025,10223,Eric Gray,RB,98,0
comp,regular,2025,9999,Will Levis,QB,158,0
comp,regular,2025,11650,Luke McCaffrey,WR,228,45.8
comp,regular,2025,5973,Josh Oliver,TE,416,50.1
comp,regular,2025,2374,Tyler Lockett,WR,458,56.1
comp,regular,2025,1234,Russell Wilson,QB,1888,49.8
comp,regular,2025,5938,Lil'Jordan Humphrey,WR,115,28.1
comp,regular,2025,8123,Hassan Haskins,RB,119,7.7
comp,regular,2025,7562,Tutu Atwell,WR,253,25.8
comp,regular,2025,11627,Troy Franklin,WR,370,144.6
comp,regular,2025,11579,Audric Estime,RB,174,29
comp,regular,2025,7587,Dyami Brown,WR,438,38.4
comp,regular,2025,6853,Van Jefferson,WR,167,55.5
comp,regular,2025,11645,Javon Baker,WR,134,0
comp,regular,2025,7828,Noah Gray,TE,1395,32.8
comp,regular,2025,7607,Michael Carter,RB,130,77.1
comp,regular,2025,10216,Kenny McIntosh,RB,90,0
comp,regular,2025,9487,Parker Washington,WR,165,138.5
comp,regular,2025,5854,Drew Lock,QB,789,0.1
comp,regular,2025,9486,Dontayvion Wicks,WR,858,60.8
comp,regular,2025,8139,Zamir White,RB,156,6.1
comp,regular,2025,4098,Kareem Hunt,RB,515,131.4
comp,regular,2025,8125,Calvin Austin III,WR,730,57.7
comp,regular,2025,11575,Ray Davis,RB,1028,34.7
comp,regular,2025,5374,Justin Watson,WR,114,4.5
comp,regular,2025,6011,Gardner Minshew,QB,632,-0.3
comp,regular,2025,12521,Elijah Arroyo,TE,1877,36.9
comp,regular,2025,11577,Will Shipley,RB,607,10.7
comp,regular,2025,6290,Scotty Miller,WR,134,8.8
comp,regular,2025,9492,Trey Palmer,WR,134,0
comp,regular,2025,6805,KJ Hamler,WR,152,0
comp,regular,2025,8142,Alec Pierce,WR,972,132.6
comp,regular,2025,8230,Ty Chandler,RB,172,2.4
comp,regular,2025,10235,Roschon Johnson,RB,685,1.7
comp,regular,2025,1426,DeAndre Hopkins,WR,781,56
comp,regular,2025,6845,Zack Moss,RB,109,0
comp,regular,2025,11306,Xavier Gipson,WR,135,-2.4
comp,regular,2025,8135,Treylon Burks,WR,132,21.8
comp,regular,2025,6945,Antonio Gibson,RB,162,22.2
comp,regular,2025,2309,Amari Cooper,WR,131,0
comp,regular,2025,11640,Jermaine Burton,WR,159,0
comp,regular,2025,11621,Brenden Rice,WR,138,0
comp,regular,2025,7601,Rondale Moore,WR,137,0
comp,regular,2025,7564,Ja'Marr Chase,WR,9785,231.5
comp,regular,2025,3294,Dak Prescott,QB,6305,313.1
comp,regular,2025,4199,Aaron Jones,RB,3166,104.7
comp,regular,2025,5967,Tony Pollard,RB,3195,161.3
comp,regular,2025,9228,Bryce Young,QB,3731,201.5
comp,regular,2025,9754,Quentin Johnston,WR,1293,145.7
comp,regular,2025,8205,Isiah Pacheco,RB,3252,77.8
comp,regular,2025,11624,Xavier Worthy,WR,4562,88.9
comp,regular,2025,4988,Nick Chubb,RB,1046,81.8
comp,regular,2025,7002,Juwan Johnson,TE,1619,172.8
comp,regular,2025,6126,Irv Smith,TE,180,0
comp,regular,2025,11560,Caleb Williams,QB,5589,300.6
comp,regular,2025,4137,James Conner,RB,3482,29.3
comp,regular,2025,5892,David Montgomery,RB,3146,148.9
comp,regular,2025,1373,Geno Smith,QB,3169,173.9
comp,regular,2025,6790,D'Andre Swift,RB,3379,206.3
comp,regular,2025,5045,Courtland Sutton,WR,4612,181.7
comp,regular,2025,9484,Tucker Kraft,TE,3492,117.2
comp,regular,2025,7600,Pat Freiermuth,TE,1778,105.5
comp,regular,2025,8145,Jeremy Ruckert,TE,248,46.9
comp,regular,2025,4892,Baker Mayfield,QB,6580,258.7
comp,regular,2025,8228,Jaylen Warren,RB,2898,184.7
comp,regular,2025,8143,Jerome Ford,RB,1197,30.6
comp,regular,2025,8132,Tyler Allgeier,RB,1107,113.6
comp,regular,2025,4454,Kendrick Bourne,WR,150,73.6
comp,regular,2025,6786,CeeDee Lamb,WR,8927,162.5
comp,regular,2025,4035,Alvin Kamara,RB,3572,84.2
comp,regular,2025,421,Matthew Stafford,QB,2842,323.7
comp,regular,2025,11592,Erick All,TE,265,0
comp,regular,2025,11563,Bo Nix,QB,6427,294.3
comp,regular,2025,8148,Jameson Williams,WR,4528,177
comp,regular,2025,7021,Rico Dowdle,RB,1294,194.8
comp,regular,2025,5001,Dalton Schultz,TE,1573,166.4
comp,regular,2025,6768,Tua Tagovailoa,QB,3658,160.7
comp,regular,2025,6850,Harrison Bryant,TE,222,2.7
comp,regular,2025,10444,Cedric Tillman,WR,1633,46.7
comp,regular,2025,7525,DeVonta Smith,WR,4506,156.6
comp,regular,2025,8121,Romeo Doubs,WR,1620,137.9
comp,regular,2025,6039,Ty Johnson,RB,183,69.7
comp,regular,2025,8204,Bo Melton,WR,150,22.2
comp,regular,2025,4943,Sam Darnold,QB,2811,226.6
comp,regular,2025,11576,Braelon Allen,RB,1337,14.3
comp,regular,2025,6828,AJ Dillon,RB,188,6.8
comp,regular,2025,8219,Jelani Woods,TE,204,1.4
comp,regular,2025,5848,Marquise Brown,WR,1686,105.3
comp,regular,2025,3271,Tyler Higbee,TE,1428,51
comp,regular,2025,7568,Brevin Jordan,TE,243,0
comp,regular,2025,10234,Derius Davis,WR,150,-0.7
comp,regular,2025,5846,DK Metcalf,WR,4486,157.7
comp,regular,2025,1479,Keenan Allen,WR,1507,135.1
comp,regular,2025,6803,Brandon Aiyuk,WR,1930,0
comp,regular,2025,5917,Mecole Hardman,WR,150,-2
comp,regular,2025,2505,Darren Waller,TE,1510,88.7
comp,regular,2025,10214,Davis Allen,TE,232,62.8
comp,regular,2025,9490,Tyler Scott,WR,149,0
comp,regular,2025,8118,David Bell,WR,149,0
comp,regular,2025,11595,Jared Wiley,TE,267,1.4
comp,regular,2025,6904,Jalen Hurts,QB,8094,299.1
comp,regular,2025,6813,Jonathan Taylor,RB,5029,334.4
comp,regular,2025,5859,A.J. Brown,WR,6292,181.3
comp,regular,2025,11631,Brian Thomas Jr.,WR,6921,108.4
comp,regular,2025,8154,Brian Robinson,RB,1852,57.6
comp,regular,2025,9506,Sean Tucker,RB,408,87.8
comp,regular,2025,4046,Patrick Mahomes,QB,6622,285.2
comp,regular,2025,6770,Joe Burrow,QB,7887,113.3
comp,regular,2025,12518,Tyler Warren,TE,4245,180.9
comp,regular,2025,7694,Tommy Tremble,TE,293,51.1
comp,regular,2025,4034,Christian McCaffrey,RB,6020,356.9
comp,regular,2025,5844,T.J. Hockenson,TE,4915,112.8
comp,regular,2025,8210,Chigoziem Okonkwo,TE,2701,121.8
comp,regular,2025,5850,Josh Jacobs,RB,5077,219.1
comp,regular,2025,11635,Ladd McConkey,WR,6129,147.9
comp,regular,2025,9493,Puka Nacua,WR,6743,289.5
comp,regular,2025,8136,Rachaad White,RB,1480,117.9
comp,regular,2025,8112,Drake London,WR,6526,152.1
comp,regular,2025,9488,Jaxon Smith-Njigba,WR,6128,289
comp,regular,2025,4144,Jonnu Smith,TE,2633,83.8
comp,regular,2025,8676,Rashid Shaheed,WR,2026,126.4
comp,regular,2025,7528,Najee Harris,RB,1694,10.1
comp,regular,2025,11589,Trey Benson,RB,1585,28.9
comp,regular,2025,8131,Isaiah Likely,TE,2423,56.5
comp,regular,2025,9225,Tank Bigsby,RB,1942,35.2
comp,regular,2025,6151,Miles Sanders,RB,360,22.7
comp,regular,2025,12715,Thomas Fidone,TE,294,0
comp,regular,2025,7561,Elijah Mitchell,RB,325,0
comp,regular,2025,9508,Tyjae Spears,RB,1450,83
comp,regular,2025,9757,Kendre Miller,RB,325,30.8
comp,regular,2025,11435,Emanuel Wilson,RB,275,81.7
comp,regular,2025,11636,Johnny Wilson,WR,140,0
comp,regular,2025,11566,Jayden Daniels,QB,9578,114.3
comp,regular,2025,8146,Garrett Wilson,WR,5660,81.5
comp,regular,2025,2216,Mike Evans,WR,5026,65.4
comp,regular,2025,7523,Trevor Lawrence,QB,4501,314.9
comp,regular,2025,10236,Dalton Kincaid,TE,3288,118.3
comp,regular,2025,7090,Darnell Mooney,WR,2484,62.8
comp,regular,2025,5906,Dawson Knox,TE,840,93.3
comp,regular,2025,4881,Lamar Jackson,QB,9848,194.4
comp,regular,2025,9226,De'Von Achane,RB,5161,289.3
comp,regular,2025,5022,Dallas Goedert,TE,3244,185.1
comp,regular,2025,6960,Tyler Johnson,WR,142,31.7
comp,regular,2025,4984,Josh Allen,QB,9870,364.6
comp,regular,2025,5927,Terry McLaurin,WR,5098,87.5
comp,regular,2025,10222,Jayden Reed,WR,2502,39
comp,regular,2025,11596,Ben Sinnott,TE,844,26.1
comp,regular,2025,11628,Marvin Harrison Jr.,WR,5035,107.3
comp,regular,2025,8110,Jake Ferguson,TE,3322,186.6
comp,regular,2025,4950,Christian Kirk,WR,2135,43.7
comp,regular,2025,3321,Tyreek Hill,WR,5373,43
comp,regular,2025,4381,Taysom Hill,TE,860,35.6
comp,regular,2025,7565,Terrace Marshall,WR,148,0
comp,regular,2025,6801,Tee Higgins,WR,5636,166.4
comp,regular,2025,7571,Rashod Bateman,WR,2204,45.9
comp,regular,2025,9494,Marvin Mims,WR,2311,72.5
comp,regular,2025,9481,Luke Musgrave,TE,787,49.2
comp,regular,2025,11559,Michael Penix Jr.,QB,4172,120.3
comp,regular,2025,12502,Gunnar Helm,TE,795,91.7
comp,regular,2025,7066,K.J. Osborn,WR,146,0
comp,regular,2025,11629,Devontez Walker,WR,146,23
comp,regular,2025,10863,A.T. Perry,WR,144,0
comp,regular,2025,6824,Donovan Peoples-Jones,WR,147,0
comp,regular,2025,11619,Ja'Lynn Polk,WR,141,0
comp,regular,2025,7547,Amon-Ra St. Brown,WR,7361,246.1
comp,regular,2025,11632,Malik Nabers,WR,7343,48.1
comp,regular,2025,6111,Jake Browning,QB,248,48.7
comp,regular,2025,8172,Greg Dulcich,TE,286,56.7
comp,regular,2025,12517,Colston Loveland,TE,3458,140
comp,regular,2025,9480,Brenton Strange,TE,3021,100.8
comp,regular,2025,7569,Nico Collins,WR,7788,190.7
comp,regular,2025,7610,Trey Lance,QB,284,5.2
comp,regular,2025,11557,Joe Milton,QB,274,5.1
comp,regular,2025,7553,Kyle Pitts,TE,3239,199
comp,regular,2025,7527,Mac Jones,QB,234,130
comp,regular,2025,1339,Zach Ertz,TE,3082,126.4
comp,regular,2025,8162,Sam Howell,QB,294,0
comp,regular,2025,8225,Daniel Bellinger,TE,281,47.8
comp,regular,2025,6130,Devin Singletary,RB,211,89.2
comp,regular,2025,8183,Brock Purdy,QB,5935,172.2
comp,regular,2025,5849,Kyler Murray,QB,6128,77.8
comp,regular,2025,6938,Cam Akers,RB,271,7.2
comp,regular,2025,6794,Justin Jefferson,WR,8393,145.1
comp,regular,2025,7567,Kenneth Gainwell,RB,251,167.4
comp,regular,2025,11581,MarShawn Lloyd,RB,229,0
comp,regular,2025,2749,Raheem Mostert,RB,224,23.4
comp,regular,2025,1466,Travis Kelce,TE,5077,189
comp,regular,2025,8130,Trey McBride,TE,7202,302.4
comp,regular,2025,3214,Hunter Henry,TE,2975,168.2
comp,regular,2025,11604,Brock Bowers,TE,8684,176.2
comp,regular,2025,4217,George Kittle,TE,6007,153.6
comp,regular,2025,2133,Davante Adams,WR,4741,192.9
comp,regular,2025,4983,D.J. Moore,WR,4617,143.6
comp,regular,2025,10859,Sam LaPorta,TE,5388,106.9
