season,season_type,week,game_id,date,home,away,home_abbr,away_abbr,home_final,away_final,winner,margin,spread,over_under,n_drives,n_td,n_fg,n_punt,n_other,ok,note
2023,2,1,401520145,2023-08-26,Jacksonville State Gamecocks,UTEP Miners,JVST,UTEP,17,14,home,3,1.0,52.0,22,4,3,9,6,1,
2023,2,1,401525434,2023-08-26,Notre Dame Fighting Irish,Navy Midshipmen,ND,NAVY,42,3,home,39,-20.0,50.5,16,6,3,4,3,1,
2023,2,1,401525450,2023-08-26,New Mexico State Aggies,Massachusetts Minutemen,NMSU,MASS,30,41,away,11,-8.0,42.5,25,7,3,9,6,1,
2023,2,1,401532392,2023-08-26,San Diego State Aztecs,Ohio Bobcats,SDSU,OHIO,20,13,home,7,-3.5,49.0,20,3,6,6,5,1,
2023,2,1,401539999,2023-08-26,Jackson State Tigers,South Carolina State Bulldogs,JKST,SCST,37,7,home,30,,,21,5,4,11,1,1,
2023,2,1,401540199,2023-08-26,Mercer Bears,North Alabama Lions,MER,UNA,17,7,home,10,,,20,3,3,8,6,1,
2023,2,1,401540628,2023-08-26,UAlbany Great Danes,Fordham Rams,ALB,FOR,34,13,home,21,,,24,5,4,10,5,1,
2023,2,1,401520146,2023-08-27,Louisiana Tech Bulldogs,Florida International Panthers,LT,FIU,22,17,home,5,-10.0,59.0,25,4,6,11,4,1,
2023,2,1,401520147,2023-08-27,Vanderbilt Commodores,Hawai'i Rainbow Warriors,VAN,HAW,35,28,home,7,-17.5,55.0,22,9,0,8,5,1,
2023,2,1,401523986,2023-08-27,USC Trojans,San José State Spartans,USC,SJSU,56,28,home,28,-30.5,63.5,23,11,0,12,0,1,
2023,2,1,401520174,2023-08-31,UConn Huskies,NC State Wolfpack,CONN,NCSU,14,24,away,10,16.5,48.0,19,5,2,9,3,1,
2023,2,1,401525461,2023-08-31,Wake Forest Demon Deacons,Elon Phoenix,WAKE,ELON,37,17,home,20,,,25,5,4,12,4,1,
2023,2,1,401525816,2023-08-31,UCF Knights,Kent State Golden Flashes,UCF,KENT,56,6,home,50,-33.5,58.5,25,8,3,7,7,1,
2023,2,1,401531834,2023-08-31,Georgia State Panthers,Rhode Island Rams,GAST,URI,42,35,home,7,,,23,10,1,8,4,1,
2023,2,1,401532393,2023-08-31,Western Michigan Broncos,St. Francis (PA) Red Flash,WMU,SFPA,35,17,home,18,,,20,6,1,9,4,1,
2023,2,1,401540285,2023-08-31,Nicholls Colonels,Sacramento State Hornets,NICH,SAC,24,38,away,14,,,27,8,3,11,5,1,
2023,2,1,401540299,2023-08-31,Indiana State Sycamores,Eastern Illinois Panthers,INST,EIU,0,27,away,27,,,22,2,0,7,13,1,
2023,2,1,401540311,2023-08-31,Campbell Fighting Camels,William & Mary Tribe,CAM,W&M,24,34,away,10,,,0,0,0,0,0,0,no drives
2023,2,1,401540323,2023-08-31,Stony Brook Seawolves,Delaware Blue Hens,STBK,DEL,13,37,away,24,,,25,5,5,4,11,1,
2023,2,1,401540451,2023-08-31,Youngstown State Penguins,Valparaiso Beacons,YSU,VAL,52,10,home,42,,,0,0,0,0,0,0,no drives
2023,2,1,401540470,2023-08-31,Charleston Southern Buccaneers,North Greenville Trailblazers,CHSO,NG,13,10,home,3,,,22,2,3,14,3,1,
2023,2,1,401540527,2023-08-31,Morehead State Eagles,West Virginia State Yellow Jackets,MORE,WVST,37,35,home,2,,,21,9,1,5,6,1,
2023,2,1,401540534,2023-08-31,Furman Paladins,Tennessee Tech Golden Eagles,FUR,TNTC,45,10,home,35,,,26,5,3,9,9,1,
2023,2,1,401540607,2023-08-31,Kennesaw State Owls,Tusculum Pioneers,KENN,TUSC,38,7,home,31,,,28,5,3,11,9,1,
2023,2,1,401541855,2023-08-31,Samford Bulldogs,Shorter Hawks,SAM,SHOR,69,14,home,55,,,28,12,0,12,4,1,
2023,2,1,401520148,2023-09-01,Minnesota Golden Gophers,Nebraska Cornhuskers,MINN,NEB,13,10,home,3,-7.0,46.0,19,2,4,7,6,1,
2023,2,1,401520163,2023-09-01,Michigan State Spartans,Central Michigan Chippewas,MSU,CMU,31,7,home,24,-15.0,50.0,26,5,1,14,6,1,
2023,2,1,401520165,2023-09-01,Missouri Tigers,South Dakota Coyotes,MIZ,SDAK,35,10,home,25,,,21,6,3,8,4,1,
2023,2,1,401520176,2023-09-01,Utah Utes,Florida Gators,UTAH,FLA,24,11,home,13,-8.0,48.0,24,4,4,10,6,1,
2023,2,1,401523987,2023-09-01,Arizona State Sun Devils,Southern Utah Thunderbirds,ASU,SUU,24,21,home,3,,,22,4,1,14,3,1,
2023,2,1,401525462,2023-09-01,Georgia Tech Yellow Jackets,Louisville Cardinals,GT,LOU,34,39,away,5,8.0,51.5,0,0,0,0,0,0,no drives
2023,2,1,401525463,2023-09-01,Miami Hurricanes,Miami (OH) RedHawks,MIA,M-OH,38,3,home,35,-17.0,46.5,21,4,4,8,5,1,
2023,2,1,401531337,2023-09-01,Tulsa Golden Hurricane,Arkansas-Pine Bluff Golden Lions,TLSA,UAPB,42,7,home,35,,,25,7,0,13,5,1,
2023,2,1,401531377,2023-09-01,UAB Blazers,North Carolina A&T Aggies,UAB,NCAT,35,6,home,29,,,17,5,4,4,4,1,
2023,2,1,401532394,2023-09-01,Eastern Michigan Eagles,Howard Bison,EMU,HOW,33,23,home,10,,,21,5,2,7,7,1,
2023,2,1,401540244,2023-09-01,Lamar Cardinals,Idaho Vandals,LAM,IDHO,17,42,away,25,,,22,8,1,8,5,1,
2023,2,1,401540278,2023-09-01,Abilene Christian Wildcats,Northern Colorado Bears,ACU,UNCO,31,11,home,20,,,19,5,2,8,4,1,
2023,2,1,401540288,2023-09-01,Texas A&M-Commerce Lions,UC Davis Aggies,TAMC,UCD,10,48,away,38,,,0,0,0,0,0,0,no drives
2023,2,1,401540463,2023-09-01,South Dakota State Jackrabbits,Western Oregon Wolves,SDST,WOR,45,7,home,38,,,20,5,2,7,6,1,
2023,2,1,401541923,2023-09-01,Weber State Wildcats,Central Washington Wildcats,WEB,CEN,35,10,home,25,,,0,0,0,0,0,0,no drives
2023,2,1,401550428,2023-09-01,Lindenwood Lions,Wisconsin-Stevens Point Pointers,LIN,WIS,77,9,home,68,,,27,11,2,10,4,1,
2023,2,1,401520149,2023-09-02,Alabama Crimson Tide,Middle Tennessee Blue Raiders,ALA,MTSU,56,7,home,49,-39.0,54.5,25,9,1,11,4,1,
2023,2,1,401520150,2023-09-02,Arkansas Razorbacks,Western Carolina Catamounts,ARK,WCU,56,13,home,43,,,25,6,2,10,7,1,
2023,2,1,401520151,2023-09-02,Auburn Tigers,Massachusetts Minutemen,AUB,MASS,59,14,home,45,-39.0,53.5,25,9,2,7,7,1,
2023,2,1,401520153,2023-09-02,Florida International Panthers,Maine Black Bears,FIU,ME,14,12,home,2,,,23,3,3,9,8,1,
2023,2,1,401520154,2023-09-02,Georgia Bulldogs,UT Martin Skyhawks,UGA,UTM,48,7,home,41,,,26,6,3,14,3,1,
2023,2,1,401520155,2023-09-02,Illinois Fighting Illini,Toledo Rockets,ILL,TOL,30,28,home,2,-10.0,49.5,20,6,4,6,4,1,
2023,2,1,401520156,2023-09-02,Indiana Hoosiers,Ohio State Buckeyes,IU,OSU,3,23,away,20,27.5,59.5,21,2,4,10,5,1,
2023,2,1,401520157,2023-09-02,Iowa Hawkeyes,Utah State Aggies,IOWA,USU,24,14,home,10,-23.0,43.0,26,4,3,13,6,1,
2023,2,1,401520158,2023-09-02,Jacksonville State Gamecocks,East Tennessee State Buccaneers,JVST,ETSU,49,3,home,46,,,28,7,2,14,5,1,
2023,2,1,401520159,2023-09-02,Kentucky Wildcats,Ball State Cardinals,UK,BALL,44,14,home,30,-26.5,48.5,20,5,4,6,5,1,
2023,2,1,401520160,2023-09-02,Liberty Flames,Bowling Green Falcons,LIB,BGSU,34,24,home,10,-12.0,51.5,25,5,4,6,10,1,
2023,2,1,401520161,2023-09-02,Maryland Terrapins,Towson Tigers,MD,TOW,38,6,home,32,,,21,5,4,8,4,1,
2023,2,1,401520162,2023-09-02,Michigan Wolverines,East Carolina Pirates,MICH,ECU,30,3,home,27,-34.5,52.0,18,3,4,7,4,1,
2023,2,1,401520164,2023-09-02,Mississippi State Bulldogs,SE Louisiana Lions,MSST,SELA,48,7,home,41,,,22,6,2,9,5,1,
2023,2,1,401520167,2023-09-02,South Carolina Gamecocks,North Carolina Tar Heels,SC,UNC,17,31,away,14,2.5,62.5,24,6,2,7,9,1,
2023,2,1,401520168,2023-09-02,Ole Miss Rebels,Mercer Bears,MISS,MER,73,7,home,66,,,25,10,1,8,6,1,
2023,2,1,401520169,2023-09-02,Penn State Nittany Lions,West Virginia Mountaineers,PSU,WVU,38,15,home,23,-20.5,53.5,0,0,0,0,0,0,no drives
2023,2,1,401520170,2023-09-02,Purdue Boilermakers,Fresno State Bulldogs,PUR,FRES,35,39,away,4,-5.5,51.5,24,9,3,8,4,1,
2023,2,1,401520172,2023-09-02,SMU Mustangs,Louisiana Tech Bulldogs,SMU,LT,38,14,home,24,-18.5,65.5,24,6,4,9,5,1,
2023,2,1,401520173,2023-09-02,Texas A&M Aggies,New Mexico Lobos,TA&M,UNM,52,10,home,42,-38.0,48.5,22,8,2,8,4,1,
2023,2,1,401520175,2023-09-02,UL Monroe Warhawks,Army Black Knights,ULM,ARMY,17,13,home,4,7.5,48.5,24,2,5,10,7,1,
2023,2,1,401520178,2023-09-02,Vanderbilt Commodores,Alabama A&M Bulldogs,VAN,AAMU,47,13,home,34,,,25,7,3,10,5,1,
2023,2,1,401520179,2023-09-02,Tennessee Volunteers,Virginia Cavaliers,TENN,UVA,49,13,home,36,-28.0,58.5,29,8,3,13,5,1,
2023,2,1,401520180,2023-09-02,Wisconsin Badgers,Buffalo Bulls,WIS,BUFF,38,17,home,21,-24.0,55.0,29,7,3,12,7,1,
2023,2,1,401520181,2023-09-02,Western Kentucky Hilltoppers,South Florida Bulls,WKU,USF,41,24,home,17,-13.5,70.5,29,7,3,12,7,1,
2023,2,1,401523988,2023-09-02,Hawai'i Rainbow Warriors,Stanford Cardinal,HAW,STAN,24,37,away,13,7.0,58.5,22,7,4,8,3,1,
2023,2,1,401523990,2023-09-02,Colorado State Rams,Washington State Cougars,CSU,WSU,24,50,away,26,12.5,58.0,26,8,2,8,8,1,
2023,2,1,401523991,2023-09-02,North Texas Mean Green,California Golden Bears,UNT,CAL,21,58,away,37,9.0,57.5,31,11,3,9,8,1,
2023,2,1,401523992,2023-09-02,Oregon Ducks,Portland State Vikings,ORE,PRST,81,7,home,74,,,26,12,1,10,3,1,
2023,2,1,401523994,2023-09-02,TCU Horned Frogs,Colorado Buffaloes,TCU,COLO,42,45,away,3,-20.0,59.0,25,12,3,5,5,1,
2023,2,1,401523996,2023-09-02,USC Trojans,Nevada Wolf Pack,USC,NEV,66,14,home,52,-38.0,63.5,26,10,3,8,5,1,
2023,2,1,401523997,2023-09-02,Washington Huskies,Boise State Broncos,WASH,BOIS,56,19,home,37,-14.5,59.0,29,10,1,12,6,1,
2023,2,1,401525435,2023-09-02,Notre Dame Fighting Irish,Tennessee State Tigers,ND,TNST,56,3,home,53,,,22,7,3,8,4,1,
2023,2,1,401525464,2023-09-02,Boston College Eagles,Northern Illinois Huskies,BC,NIU,24,27,away,3,-10.0,52.0,24,7,1,13,3,1,
2023,2,1,401525465,2023-09-02,Pittsburgh Panthers,Wofford Terriers,PITT,WOF,45,7,home,38,,,21,7,1,10,3,1,
2023,2,1,401525466,2023-09-02,Syracuse Orange,Colgate Raiders,SYR,COLG,65,0,home,65,,,30,8,1,10,11,1,
2023,2,1,401525815,2023-09-02,Kansas Jayhawks,Missouri State Bears,KU,MOST,48,17,home,31,,,23,8,3,6,6,1,
2023,2,1,401525817,2023-09-02,Baylor Bears,Texas State Bobcats,BAY,TXST,31,42,away,11,-25.5,58.0,24,9,4,5,6,1,
2023,2,1,401525818,2023-09-02,Cincinnati Bearcats,Eastern Kentucky Colonels,CIN,EKU,66,13,home,53,,,25,9,3,5,8,1,
2023,2,1,401525819,2023-09-02,Houston Cougars,UTSA Roadrunners,HOU,UTSA,17,14,home,3,0.0,61.0,23,4,3,10,6,1,
2023,2,1,401525820,2023-09-02,Iowa State Cyclones,Northern Iowa Panthers,ISU,UNI,30,9,home,21,,,25,4,2,15,4,1,
2023,2,1,401525821,2023-09-02,Kansas State Wildcats,Southeast Missouri State Redhawks,KSU,SEMO,45,0,home,45,,,23,6,1,10,6,1,
2023,2,1,401525822,2023-09-02,Oklahoma Sooners,Arkansas State Red Wolves,OU,ARST,73,0,home,73,-33.0,61.0,24,9,3,8,4,1,
2023,2,1,401525823,2023-09-02,Oklahoma State Cowboys,Central Arkansas Bears,OKST,CARK,27,13,home,14,,,24,4,4,11,5,1,
2023,2,1,401525824,2023-09-02,Texas Longhorns,Rice Owls,TEX,RICE,37,10,home,27,-35.0,59.5,25,5,5,7,8,1,
2023,2,1,401531387,2023-09-02,Temple Owls,Akron Zips,TEM,AKR,24,21,home,3,-10.5,54.5,25,6,2,14,3,1,
2023,2,1,401531402,2023-09-02,Charlotte 49ers,South Carolina State Bulldogs,CLT,SCST,24,3,home,21,,,24,3,3,11,7,1,
2023,2,1,401531418,2023-09-02,Florida Atlantic Owls,Monmouth Hawks,FAU,MONM,42,20,home,22,,,30,9,0,11,10,1,
2023,2,1,401531426,2023-09-02,Memphis Tigers,Bethune-Cookman Wildcats,MEM,BCU,56,14,home,42,,,29,7,2,13,7,1,
2023,2,1,401531835,2023-09-02,Appalachian State Mountaineers,Gardner-Webb Runnin' Bulldogs,APP,GWEB,45,24,home,21,,,25,9,3,8,5,1,
2023,2,1,401531836,2023-09-02,Georgia Southern Eagles,The Citadel Bulldogs,GASO,CIT,34,0,home,34,,,22,4,2,11,5,1,
2023,2,1,401531837,2023-09-02,James Madison Dukes,Bucknell Bison,JMU,BUCK,38,3,home,35,,,26,5,2,13,6,1,
2023,2,1,401531838,2023-09-02,Marshall Thundering Herd,UAlbany Great Danes,MRSH,ALB,21,17,home,4,,,25,5,3,10,7,1,
2023,2,1,401531840,2023-09-02,Southern Miss Golden Eagles,Alcorn State Braves,USM,ALCN,40,14,home,26,,,25,6,4,10,5,1,
2023,2,1,401531841,2023-09-02,Troy Trojans,Stephen F. Austin Lumberjacks,TROY,SFA,48,30,home,18,,,25,7,5,5,8,1,
2023,2,1,401532395,2023-09-02,Ohio Bobcats,Long Island University Sharks,OHIO,LIU,27,10,home,17,,,22,4,4,6,8,1,
2023,2,1,401532570,2023-09-02,Air Force Falcons,Robert Morris Colonials,AFA,RMU,42,7,home,35,,,20,8,0,7,5,1,
2023,2,1,401532572,2023-09-02,UNLV Rebels,Bryant Bulldogs,UNLV,BRY,44,14,home,30,,,24,8,4,5,7,1,
2023,2,1,401539970,2023-09-02,Delaware State Hornets,Bowie State Bulldogs,DSU,BSU,11,22,away,11,,,0,0,0,0,0,0,no drives
2023,2,1,401539978,2023-09-02,Richmond Spiders,Morgan State Bears,RICH,MORG,10,17,away,7,,,27,3,5,11,8,1,
2023,2,1,401539986,2023-09-02,Norfolk State Spartans,Virginia State Trojans,NORF,VIR,24,33,away,9,,,24,6,2,8,8,1,
2023,2,1,401539993,2023-09-02,North Carolina Central Eagles,Winston-Salem Rams,NCCU,WNSL,47,21,home,26,,,23,8,2,8,5,1,
2023,2,1,401540003,2023-09-02,Central Connecticut Blue Devils,American International Yellow Jackets,CCSU,AIC,44,0,home,44,,,25,5,3,10,7,1,
2023,2,1,401540012,2023-09-02,Duquesne Dukes,Edinboro Fighting Scots,DUQ,EDI,49,7,home,42,,,0,0,0,0,0,0,no drives
2023,2,1,401540027,2023-09-02,Sacred Heart Pioneers,Lafayette Leopards,SHU,LAF,14,19,away,5,,,19,5,2,8,4,1,
2023,2,1,401540043,2023-09-02,Fordham Rams,Wagner Seahawks,FOR,WAG,46,16,home,30,,,26,9,1,10,6,1,
2023,2,1,401540057,2023-09-02,Georgetown Hoyas,Marist Red Foxes,GTWN,MRST,49,7,home,42,,,19,7,2,6,4,1,
2023,2,1,401540065,2023-09-02,Holy Cross Crusaders,Merrimack Warriors,HC,MRMK,42,20,home,22,,,19,8,3,3,5,1,
2023,2,1,401540078,2023-09-02,Lehigh Mountain Hawks,Villanova Wildcats,LEH,VILL,10,38,away,28,,,27,6,2,14,5,1,
2023,2,1,401540099,2023-09-02,Illinois State Redbirds,Dayton Flyers,ILST,DAY,41,0,home,41,,,0,0,0,0,0,0,no drives
2023,2,1,401540115,2023-09-02,Alabama State Hornets,Southern Jaguars,ALST,SOU,14,10,home,4,,,22,3,3,7,9,1,
2023,2,1,401540155,2023-09-02,Hampton Pirates,Grambling Tigers,HAMP,GRAM,35,31,home,4,,,0,0,0,0,0,0,no drives
2023,2,1,401540163,2023-09-02,Mississippi Valley State Delta Devils,Central State (OH) Marauders,MVSU,CEN,21,24,away,3,,,0,0,0,0,0,0,no drives
2023,2,1,401540173,2023-09-02,Southern Illinois Salukis,Austin Peay Governors,SIU,APSU,49,23,home,26,,,26,8,2,9,7,1,
2023,2,1,401540200,2023-09-02,North Alabama Lions,Chattanooga Mocs,UNA,UTC,41,27,home,14,,,31,9,4,11,7,1,
2023,2,1,401540225,2023-09-02,Cal Poly Mustangs,San Diego Toreros,CP,USD,27,10,home,17,,,25,3,4,10,8,1,
2023,2,1,401540235,2023-09-02,North Dakota State Bison,Eastern Washington Eagles,NDSU,EWU,35,10,home,25,,,24,6,2,12,4,1,
2023,2,1,401540258,2023-09-02,Montana Grizzlies,Butler Bulldogs,MONT,BUT,35,20,home,15,,,26,6,5,7,8,1,
2023,2,1,401540354,2023-09-02,Houston Christian Huskies,Arkansas Baptist Buffaloes,HCU,ARBA,66,0,home,66,,,0,0,0,0,0,0,no drives
2023,2,1,401540363,2023-09-02,Murray State Racers,Presbyterian Blue Hose,MUR,PRES,41,10,home,31,,,23,6,3,11,3,1,
2023,2,1,401540369,2023-09-02,North Dakota Fighting Hawks,Drake Bulldogs,UND,DRKE,55,7,home,48,,,24,9,2,4,9,1,
2023,2,1,401540396,2023-09-02,VMI Keydets,Davidson Wildcats,VMI,DAV,12,7,home,5,,,23,3,1,14,5,1,
2023,2,1,401540508,2023-09-02,Stonehill Skyhawks,New Hampshire Wildcats,STO,UNH,17,51,away,34,,,0,0,0,0,0,0,no drives
2023,2,1,401540562,2023-09-02,St. Thomas-Minnesota Tommies,Black Hills State Yellow Jackets,STMN,BHS,36,26,home,10,,,22,8,4,7,3,1,
2023,2,1,401540565,2023-09-02,Stetson Hatters,St. Thomas University (Fl) Bobcats,STET,STTHO,34,33,home,1,,,0,0,0,0,0,0,no drives
2023,2,1,401520152,2023-09-03,BYU Cougars,Sam Houston Bearkats,BYU,SHSU,14,0,home,14,-22.5,50.5,28,2,0,19,7,1,
2023,2,1,401520166,2023-09-03,New Mexico State Aggies,Western Illinois Leathernecks,NMSU,WIU,58,21,home,37,,,23,11,2,8,2,1,
2023,2,1,401520171,2023-09-03,Rutgers Scarlet Knights,Northwestern Wildcats,RUTG,NU,24,7,home,17,-7.0,40.5,23,4,2,11,6,1,
2023,2,1,401520177,2023-09-03,UTEP Miners,Incarnate Word Cardinals,UTEP,UIW,28,14,home,14,,,17,6,0,7,4,1,
2023,2,1,401520182,2023-09-03,Florida State Seminoles,LSU Tigers,FSU,LSU,45,24,home,21,2.5,55.5,23,9,1,6,7,1,
2023,2,1,401523989,2023-09-03,Arizona Wildcats,Northern Arizona Lumberjacks,ARIZ,NAU,38,3,home,35,,,23,4,3,7,9,1,
2023,2,1,401523995,2023-09-03,UCLA Bruins,Coastal Carolina Chanticleers,UCLA,CCU,27,13,home,14,-16.0,64.5,22,4,5,4,9,1,
2023,2,1,401525467,2023-09-03,Virginia Tech Hokies,Old Dominion Monarchs,VT,ODU,36,17,home,19,-14.0,50.0,24,6,3,7,8,1,
2023,2,1,401525825,2023-09-03,Wyoming Cowboys,Texas Tech Red Raiders,WYO,TTU,35,33,home,2,13.5,53.5,28,8,7,9,4,1,
2023,2,1,401531347,2023-09-03,Tulane Green Wave,South Alabama Jaguars,TULN,USA,37,17,home,20,-7.0,55.5,23,5,5,2,11,1,
2023,2,1,401531839,2023-09-03,Louisiana Ragin' Cajuns,Northwestern State Demons,UL,NWST,38,13,home,25,,,31,6,3,17,5,1,
2023,2,1,401532571,2023-09-03,San Diego State Aztecs,Idaho State Bengals,SDSU,IDST,36,28,home,8,,,29,7,4,9,9,1,
2023,2,1,401532573,2023-09-03,San José State Spartans,Oregon State Beavers,SJSU,ORST,17,42,away,25,16.5,54.5,20,8,1,6,5,1,
2023,2,1,401540148,2023-09-03,Florida A&M Rattlers,Jackson State Tigers,FAMU,JKST,28,10,home,18,,,23,4,3,10,6,1,
2023,2,1,401540166,2023-09-03,Texas Southern Tigers,Prairie View A&M Panthers,TXSO,PV,34,37,away,3,,,30,8,6,7,9,1,
2023,2,1,401540213,2023-09-03,McNeese Cowboys,Tarleton State Texans,MCN,TAR,34,52,away,18,,,27,9,3,11,4,1,
2023,2,1,401540219,2023-09-03,Montana State Bobcats,Utah Tech Trailblazers,MTST,UTU,63,20,home,43,,,24,11,2,5,6,1,
2023,2,1,401525468,2023-09-05,Duke Blue Devils,Clemson Tigers,DUKE,CLEM,28,7,home,21,12.5,57.5,25,4,4,9,8,1,
2023,2,2,401525469,2023-09-07,Louisville Cardinals,Murray State Racers,LOU,MUR,56,0,home,56,,,27,8,0,12,7,1,
2023,2,2,401520193,2023-09-08,Indiana Hoosiers,Indiana State Sycamores,IU,INST,41,7,home,34,,,21,5,2,10,4,1,
2023,2,2,401520195,2023-09-08,Kansas Jayhawks,Illinois Fighting Illini,KU,ILL,34,23,home,11,,,22,7,2,5,8,1,
2023,2,2,401540397,2023-09-08,Davidson Wildcats,Barton College Bulldogs,DAV,BAR,31,33,away,2,,,24,8,2,9,5,1,
2023,2,2,401540548,2023-09-08,Rhode Island Rams,Stony Brook Seawolves,URI,STBK,35,14,home,21,,,0,0,0,0,0,0,no drives
2023,2,2,401520183,2023-09-09,Alabama Crimson Tide,Texas Longhorns,ALA,TEX,24,34,away,10,,,24,6,5,8,5,1,
2023,2,2,401520184,2023-09-09,Arkansas Razorbacks,Kent State Golden Flashes,ARK,KENT,28,6,home,22,,,18,3,2,8,5,1,
2023,2,2,401520185,2023-09-09,Army Black Knights,Delaware State Hornets,ARMY,DSU,57,0,home,57,,,23,8,3,6,6,1,
2023,2,2,401520187,2023-09-09,Coastal Carolina Chanticleers,Jacksonville State Gamecocks,CCU,JVST,30,16,home,14,,,23,4,6,7,6,1,
2023,2,2,401520188,2023-09-09,Colorado Buffaloes,Nebraska Cornhuskers,COLO,NEB,36,14,home,22,,,26,6,4,8,8,1,
2023,2,2,401520189,2023-09-09,Florida International Panthers,North Texas Mean Green,FIU,UNT,46,39,home,7,,,31,11,3,7,10,1,
2023,2,2,401520190,2023-09-09,Florida Gators,McNeese Cowboys,FLA,MCN,49,7,home,42,,,20,8,0,8,4,1,
2023,2,2,401520191,2023-09-09,Georgia Bulldogs,Ball State Cardinals,UGA,BALL,45,3,home,42,,,25,5,3,10,7,1,
2023,2,2,401520192,2023-09-09,Georgia State Panthers,UConn Huskies,GAST,CONN,35,14,home,21,,,26,7,1,11,7,1,
2023,2,2,401520194,2023-09-09,Iowa State Cyclones,Iowa Hawkeyes,ISU,IOWA,13,20,away,7,,,23,2,5,12,4,1,
2023,2,2,401520196,2023-09-09,Kentucky Wildcats,Eastern Kentucky Colonels,UK,EKU,28,17,home,11,,,22,6,2,8,6,1,
2023,2,2,401520197,2023-09-09,Louisiana Tech Bulldogs,Northwestern State Demons,LT,NWST,51,21,home,30,,,31,8,3,12,8,1,
2023,2,2,401520198,2023-09-09,Liberty Flames,New Mexico State Aggies,LIB,NMSU,33,17,home,16,,,20,6,3,4,7,1,
2023,2,2,401520199,2023-09-09,LSU Tigers,Grambling Tigers,LSU,GRAM,72,10,home,62,,,22,11,2,4,5,1,
2023,2,2,401520200,2023-09-09,Maryland Terrapins,Charlotte 49ers,MD,CLT,38,20,home,18,,,22,6,3,8,5,1,
2023,2,2,401520201,2023-09-09,Miami Hurricanes,Texas A&M Aggies,MIA,TA&M,48,33,home,15,,,27,9,6,6,6,1,
2023,2,2,401520202,2023-09-09,Michigan Wolverines,UNLV Rebels,MICH,UNLV,35,7,home,28,,,22,6,0,9,7,1,
2023,2,2,401520203,2023-09-09,Michigan State Spartans,Richmond Spiders,MSU,RICH,45,14,home,31,,,24,7,2,10,5,1,
2023,2,2,401520204,2023-09-09,Minnesota Golden Gophers,Eastern Michigan Eagles,MINN,EMU,25,6,home,19,,,17,2,5,5,5,1,
2023,2,2,401520205,2023-09-09,Mississippi State Bulldogs,Arizona Wildcats,MSST,ARIZ,31,24,home,7,,,25,7,3,6,9,1,
2023,2,2,401520206,2023-09-09,Missouri Tigers,Middle Tennessee Blue Raiders,MIZ,MTSU,23,19,home,4,,,20,5,2,9,4,1,
2023,2,2,401520207,2023-09-09,Northwestern Wildcats,UTEP Miners,NU,UTEP,38,7,home,31,,,23,6,2,8,7,1,
2023,2,2,401520208,2023-09-09,Ohio State Buckeyes,Youngstown State Penguins,OSU,YSU,35,7,home,28,,,20,6,0,9,5,1,
2023,2,2,401520209,2023-09-09,Penn State Nittany Lions,Delaware Blue Hens,PSU,DEL,63,7,home,56,,,23,9,1,9,4,1,
2023,2,2,401520210,2023-09-09,Rutgers Scarlet Knights,Temple Owls,RUTG,TEM,36,7,home,29,,,25,5,3,10,7,1,
2023,2,2,401520212,2023-09-09,South Carolina Gamecocks,Furman Paladins,SC,FUR,47,21,home,26,,,27,10,1,11,5,1,
2023,2,2,401520213,2023-09-09,Tennessee Volunteers,Austin Peay Governors,TENN,APSU,30,13,home,17,,,25,4,5,8,8,1,
2023,2,2,401520214,2023-09-09,Tulane Green Wave,Ole Miss Rebels,TULN,MISS,20,37,away,17,,,27,5,5,9,8,1,
2023,2,2,401520215,2023-09-09,Virginia Tech Hokies,Purdue Boilermakers,VT,PUR,17,24,away,7,,,27,5,3,13,6,1,
2023,2,2,401520216,2023-09-09,Wake Forest Demon Deacons,Vanderbilt Commodores,WAKE,VAN,36,20,home,16,,,21,6,4,3,8,1,
2023,2,2,401520217,2023-09-09,Washington State Cougars,Wisconsin Badgers,WSU,WIS,31,22,home,9,,,25,6,4,9,6,1,
2023,2,2,401520218,2023-09-09,Western Kentucky Hilltoppers,Houston Christian Huskies,WKU,HCU,52,22,home,30,,,22,9,1,7,5,1,
2023,2,2,401523999,2023-09-09,Baylor Bears,Utah Utes,BAY,UTAH,13,20,away,7,,,22,3,5,8,6,1,
2023,2,2,401524001,2023-09-09,San Diego State Aztecs,UCLA Bruins,SDSU,UCLA,10,35,away,25,,,27,6,1,12,8,1,
2023,2,2,401524002,2023-09-09,Texas Tech Red Raiders,Oregon Ducks,TTU,ORE,30,38,away,8,,,24,7,5,6,6,1,
2023,2,2,401524004,2023-09-09,Washington Huskies,Tulsa Golden Hurricane,WASH,TLSA,43,10,home,33,,,19,7,2,3,7,1,
2023,2,2,401525436,2023-09-09,NC State Wolfpack,Notre Dame Fighting Irish,NCSU,ND,24,45,away,21,,,32,9,4,12,7,1,
2023,2,2,401525490,2023-09-09,Boston College Eagles,Holy Cross Crusaders,BC,HC,31,28,home,3,,,17,8,1,6,2,1,
2023,2,2,401525491,2023-09-09,Clemson Tigers,Charleston Southern Buccaneers,CLEM,CHSO,66,17,home,49,,,27,9,2,11,5,1,
2023,2,2,401525492,2023-09-09,Duke Blue Devils,Lafayette Leopards,DUKE,LAF,42,7,home,35,,,18,7,1,4,6,1,
2023,2,2,401525494,2023-09-09,Georgia Tech Yellow Jackets,South Carolina State Bulldogs,GT,SCST,48,13,home,35,,,24,8,3,6,7,1,
2023,2,2,401525495,2023-09-09,North Carolina Tar Heels,Appalachian State Mountaineers,UNC,APP,40,34,home,6,,,22,9,6,4,3,1,
2023,2,2,401525496,2023-09-09,Pittsburgh Panthers,Cincinnati Bearcats,PITT,CIN,21,27,away,6,,,24,6,3,10,5,1,
2023,2,2,401525497,2023-09-09,Syracuse Orange,Western Michigan Broncos,SYR,WMU,48,7,home,41,,,25,7,2,12,4,1,
2023,2,2,401525498,2023-09-09,Virginia Cavaliers,James Madison Dukes,UVA,JMU,35,36,away,1,,,28,8,1,12,7,1,
2023,2,2,401525827,2023-09-09,Boise State Broncos,UCF Knights,BOIS,UCF,16,18,away,2,,,21,3,5,7,6,1,
2023,2,2,401525828,2023-09-09,BYU Cougars,Southern Utah Thunderbirds,BYU,SUU,41,16,home,25,,,25,8,2,11,4,1,
2023,2,2,401525829,2023-09-09,Kansas State Wildcats,Troy Trojans,KSU,TROY,42,13,home,29,,,26,7,2,10,7,1,
2023,2,2,401525830,2023-09-09,Oklahoma Sooners,SMU Mustangs,OU,SMU,28,11,home,17,,,23,5,2,9,7,1,
2023,2,2,401525831,2023-09-09,Rice Owls,Houston Cougars,RICE,HOU,43,41,home,2,,,26,11,0,7,8,1,
2023,2,2,401525833,2023-09-09,West Virginia Mountaineers,Duquesne Dukes,WVU,DUQ,56,17,home,39,,,28,10,1,9,8,1,
2023,2,2,401526833,2023-09-09,Massachusetts Minutemen,Miami (OH) RedHawks,MASS,M-OH,28,41,away,13,,,28,6,3,11,8,1,
2023,2,2,401531378,2023-09-09,Georgia Southern Eagles,UAB Blazers,GASO,UAB,49,35,home,14,,,24,11,3,2,8,1,
2023,2,2,401531395,2023-09-09,UTSA Roadrunners,Texas State Bobcats,UTSA,TXST,20,13,home,7,,,23,3,4,11,5,1,
2023,2,2,401531411,2023-09-09,East Carolina Pirates,Marshall Thundering Herd,ECU,MRSH,13,31,away,18,,,28,5,5,9,9,1,
2023,2,2,401531419,2023-09-09,Florida Atlantic Owls,Ohio Bobcats,FAU,OHIO,10,17,away,7,,,24,2,3,10,9,1,
2023,2,2,401531422,2023-09-09,South Florida Bulls,Florida A&M Rattlers,USF,FAMU,38,24,home,14,,,27,8,2,9,8,1,
2023,2,2,401531427,2023-09-09,Arkansas State Red Wolves,Memphis Tigers,ARST,MEM,3,37,away,34,,,25,4,3,12,6,1,
2023,2,2,401531432,2023-09-09,Navy Midshipmen,Wagner Seahawks,NAVY,WAG,24,0,home,24,,,26,3,3,14,6,1,
2023,2,2,401531842,2023-09-09,Old Dominion Monarchs,Louisiana Ragin' Cajuns,ODU,UL,38,31,home,7,,,21,9,2,6,4,1,
2023,2,2,401531844,2023-09-09,South Alabama Jaguars,SE Louisiana Lions,USA,SELA,35,17,home,18,,,19,6,1,6,6,1,
2023,2,2,401532396,2023-09-09,Central Michigan Chippewas,New Hampshire Wildcats,CMU,UNH,45,42,home,3,,,26,11,2,8,5,1,
2023,2,2,401532397,2023-09-09,Northern Illinois Huskies,Southern Illinois Salukis,NIU,SIU,11,14,away,3,,,25,2,4,12,7,1,
2023,2,2,401532398,2023-09-09,Toledo Rockets,Texas Southern Tigers,TOL,TXSO,71,3,home,68,,,23,10,1,8,4,1,
2023,2,2,401532399,2023-09-09,Akron Zips,Morgan State Bears,AKR,MORG,24,21,home,3,,,27,4,2,11,10,1,
2023,2,2,401532400,2023-09-09,Bowling Green Falcons,Eastern Illinois Panthers,BGSU,EIU,38,15,home,23,,,18,6,2,5,5,1,
2023,2,2,401532401,2023-09-09,Buffalo Bulls,Fordham Rams,BUFF,FOR,37,40,away,3,,,0,0,0,0,0,0,no drives
2023,2,2,401532576,2023-09-09,Nevada Wolf Pack,Idaho Vandals,NEV,IDHO,6,33,away,27,,,0,0,0,0,0,0,no drives
2023,2,2,401532578,2023-09-09,San José State Spartans,Cal Poly Mustangs,SJSU,CP,59,3,home,56,,,23,7,2,8,6,1,
2023,2,2,401532580,2023-09-09,Wyoming Cowboys,Portland State Vikings,WYO,PRST,31,17,home,14,,,23,6,2,8,7,1,
2023,2,2,401534850,2023-09-09,Howard Bison,Morehouse College Maroon Tigers,HOW,MOR,65,19,home,46,,,27,11,2,7,7,1,
2023,2,2,401539987,2023-09-09,Hampton Pirates,Norfolk State Spartans,HAMP,NORF,23,31,away,8,,,0,0,0,0,0,0,no drives
2023,2,2,401539994,2023-09-09,North Carolina A&T Aggies,North Carolina Central Eagles,NCAT,NCCU,16,30,away,14,,,22,5,3,9,5,1,
2023,2,2,401540004,2023-09-09,Central Connecticut Blue Devils,Stonehill Skyhawks,CCSU,STO,30,33,away,3,,,25,7,4,9,5,1,
2023,2,2,401540020,2023-09-09,Bryant Bulldogs,Long Island University Sharks,BRY,LIU,21,10,home,11,,,23,4,2,11,6,1,
2023,2,2,401540028,2023-09-09,Georgetown Hoyas,Sacred Heart Pioneers,GTWN,SHU,27,10,home,17,,,24,4,4,11,5,1,
2023,2,2,401540033,2023-09-09,Robert Morris Colonials,St. Francis (PA) Red Flash,RMU,SFPA,31,21,home,10,,,23,7,1,8,7,1,
2023,2,2,401540047,2023-09-09,Bucknell Bison,VMI Keydets,BUCK,VMI,21,13,home,8,,,26,5,2,17,2,1,
2023,2,2,401540079,2023-09-09,Merrimack Warriors,Lehigh Mountain Hawks,MRMK,LEH,12,14,away,2,,,28,2,2,19,5,1,
2023,2,2,401540085,2023-09-09,Alabama A&M Bulldogs,Lane Dragons,AAMU,LAC,51,13,home,38,,,25,8,0,9,8,1,
2023,2,2,401540100,2023-09-09,Western Illinois Leathernecks,Illinois State Redbirds,WIU,ILST,18,34,away,16,,,25,7,2,13,3,1,
2023,2,2,401540116,2023-09-09,Alabama State Hornets,Miles College Golden Bears,ALST,MIL,17,21,away,4,,,23,4,1,11,7,1,
2023,2,2,401540125,2023-09-09,Stephen F. Austin Lumberjacks,Alcorn State Braves,SFA,ALCN,38,10,home,28,,,24,5,4,9,6,1,
2023,2,2,401540133,2023-09-09,Arkansas-Pine Bluff Golden Lions,Tennessee State Tigers,UAPB,TNST,14,24,away,10,,,0,0,0,0,0,0,no drives
2023,2,2,401540141,2023-09-09,Bethune-Cookman Wildcats,Savannah State Tigers,BCU,SAV,31,6,home,25,,,21,4,5,8,4,1,
2023,2,2,401540160,2023-09-09,Southern Jaguars,Jackson State Tigers,SOU,JKST,14,27,away,13,,,0,0,0,0,0,0,no drives
2023,2,2,401540167,2023-09-09,Prairie View A&M Panthers,Abilene Christian Wildcats,PV,ACU,16,45,away,29,,,0,0,0,0,0,0,no drives
2023,2,2,401540183,2023-09-09,Central Arkansas Bears,Texas College Steers,CARK,TC,70,2,home,68,,,25,10,0,7,8,1,
2023,2,2,401540201,2023-09-09,Tarleton State Texans,North Alabama Lions,TAR,UNA,52,31,home,21,,,0,0,0,0,0,0,no drives
2023,2,2,401540266,2023-09-09,South Dakota State Jackrabbits,Montana State Bobcats,SDST,MTST,20,16,home,4,,,18,4,3,7,4,1,
2023,2,2,401540272,2023-09-09,North Dakota Fighting Hawks,Northern Arizona Lumberjacks,UND,NAU,37,22,home,15,,,19,8,1,5,5,1,
2023,2,2,401540279,2023-09-09,Northern Colorado Bears,Incarnate Word Cardinals,UNCO,UIW,7,42,away,35,,,27,7,1,14,5,1,
2023,2,2,401540310,2023-09-09,Northern Iowa Panthers,Weber State Wildcats,UNI,WEB,17,34,away,17,,,28,6,4,11,7,1,
2023,2,2,401540312,2023-09-09,The Citadel Bulldogs,Campbell Fighting Camels,CIT,CAM,7,56,away,49,,,21,9,0,6,6,1,
2023,2,2,401540346,2023-09-09,UT Martin Skyhawks,Missouri State Bears,UTM,MOST,38,31,home,7,,,25,8,4,8,5,1,
2023,2,2,401540383,2023-09-09,North Dakota State Bison,Maine Black Bears,NDSU,ME,44,7,home,37,,,23,6,4,5,8,1,
2023,2,2,401540410,2023-09-09,Gardner-Webb Runnin' Bulldogs,Elon Phoenix,GWEB,ELON,34,27,home,7,,,0,0,0,0,0,0,no drives
2023,2,2,401540441,2023-09-09,South Dakota Coyotes,St. Thomas-Minnesota Tommies,SDAK,STMN,24,0,home,24,,,9,1,0,7,1,1,
2023,2,2,401540454,2023-09-09,Indiana Wesleyan Wildcats,Valparaiso Beacons,INWS,VAL,24,22,home,2,,,0,0,0,0,0,0,no drives
2023,2,2,401540465,2023-09-09,Dayton Flyers,Central State (OH) Marauders,DAY,CEN,62,24,home,38,,,30,9,3,10,8,1,
2023,2,2,401540494,2023-09-09,Southeast Missouri State Redhawks,Lindenwood Lions,SEMO,LIN,45,7,home,38,,,23,6,1,10,6,1,
2023,2,2,401540503,2023-09-09,Towson Tigers,Monmouth Hawks,TOW,MONM,23,42,away,19,,,28,9,2,10,7,1,
2023,2,2,401540513,2023-09-09,Drake Bulldogs,Northwestern (IA) Red Raiders,DRKE,NAD,24,27,away,3,,,21,5,7,8,1,1,
2023,2,2,401540528,2023-09-09,Mercer Bears,Morehead State Eagles,MER,MORE,48,22,home,26,,,23,7,5,7,4,1,
2023,2,2,401540553,2023-09-09,Presbyterian Blue Hose,Virginia Lynchburg Dragons,PRES,UVAL,48,17,home,31,,,12,3,2,5,2,1,
2023,2,2,401540558,2023-09-09,San Diego Toreros,Colorado Mesa Mavericks,USD,MES,21,28,away,7,,,27,7,1,13,6,1,
2023,2,2,401540566,2023-09-09,Stetson Hatters,Webber International Warriors,STET,WEBB,38,28,home,10,,,0,0,0,0,0,0,no drives
2023,2,2,401540581,2023-09-09,Chattanooga Mocs,Kennesaw State Owls,UTC,KENN,27,20,home,7,,,20,5,6,6,3,1,
2023,2,2,401540590,2023-09-09,East Tennessee State Buccaneers,Carson-Newman Eagles,ETSU,CAR,42,0,home,42,,,27,5,0,17,5,1,
2023,2,2,401540605,2023-09-09,Villanova Wildcats,Colgate Raiders,VILL,COLG,42,19,home,23,,,22,8,2,9,3,1,
2023,2,2,401540616,2023-09-09,William & Mary Tribe,Wofford Terriers,W&M,WOF,23,6,home,17,,,20,2,5,11,2,1,
2023,2,2,401540625,2023-09-09,Western Carolina Catamounts,Samford Bulldogs,WCU,SAM,30,7,home,23,,,19,4,3,6,6,1,
2023,2,2,401541636,2023-09-09,Butler Bulldogs,Taylor Trojans,BUT,TAY,41,13,home,28,,,24,6,2,10,6,1,
2023,2,2,401520186,2023-09-10,California Golden Bears,Auburn Tigers,CAL,AUB,10,14,away,4,,,26,3,4,9,10,1,
2023,2,2,401520211,2023-09-10,Sam Houston Bearkats,Air Force Falcons,SHSU,AFA,3,13,away,10,,,19,1,3,12,3,1,
2023,2,2,401523998,2023-09-10,Arizona State Sun Devils,Oklahoma State Cowboys,ASU,OKST,15,27,away,12,,,24,5,3,9,7,1,
2023,2,2,401524000,2023-09-10,Oregon State Beavers,UC Davis Aggies,ORST,UCD,55,7,home,48,,,25,7,2,12,4,1,
2023,2,2,401524003,2023-09-10,USC Trojans,Stanford Cardinal,USC,STAN,56,10,home,46,,,27,8,1,11,7,1,
2023,2,2,401525493,2023-09-10,Florida State Seminoles,Southern Miss Golden Eagles,FSU,USM,66,13,home,53,,,24,9,2,8,5,1,
2023,2,2,401525832,2023-09-10,TCU Horned Frogs,Nicholls Colonels,TCU,NICH,41,6,home,35,,,31,5,4,11,11,1,
2023,2,2,401531843,2023-09-10,UL Monroe Warhawks,Lamar Cardinals,ULM,LAM,24,14,home,10,,,20,4,2,9,5,1,
2023,2,2,401532574,2023-09-10,Fresno State Bulldogs,Eastern Washington Eagles,FRES,EWU,34,31,home,3,,,32,8,4,11,9,1,
2023,2,2,401532575,2023-09-10,Hawai'i Rainbow Warriors,UAlbany Great Danes,HAW,ALB,31,20,home,11,,,29,5,3,11,10,1,
2023,2,2,401532577,2023-09-10,New Mexico Lobos,Tennessee Tech Golden Eagles,UNM,TNTC,56,10,home,46,,,25,9,1,8,7,1,
2023,2,2,401532579,2023-09-10,Utah State Aggies,Idaho State Bengals,USU,IDST,78,28,home,50,,,29,13,1,10,5,1,
2023,2,2,401540220,2023-09-10,Utah Tech Trailblazers,Montana Grizzlies,UTU,MONT,13,43,away,30,,,28,7,1,12,8,1,
2023,2,2,401540286,2023-09-10,Sacramento State Hornets,Texas A&M-Commerce Lions,SAC,TAMC,34,6,home,28,,,23,5,2,10,6,1,
2023,2,3,401525499,2023-09-14,Miami Hurricanes,Bethune-Cookman Wildcats,MIA,BCU,48,7,home,41,,,20,8,0,8,4,1,
2023,2,3,401531428,2023-09-14,Memphis Tigers,Navy Midshipmen,MEM,NAVY,28,24,home,4,,,28,7,2,11,8,1,
2023,2,3,401520231,2023-09-15,Maryland Terrapins,Virginia Cavaliers,MD,UVA,42,14,home,28,,,22,7,1,8,6,1,
2023,2,3,401531396,2023-09-15,UTSA Roadrunners,Army Black Knights,UTSA,ARMY,29,37,away,8,,,20,7,3,6,4,1,
2023,2,3,401540488,2023-09-15,Maine Black Bears,Rhode Island Rams,ME,URI,17,34,away,17,,,22,6,3,9,4,1,
2023,2,3,401520220,2023-09-16,Arkansas Razorbacks,BYU Cougars,ARK,BYU,31,38,away,7,,,30,8,4,13,5,1,
2023,2,3,401520221,2023-09-16,Auburn Tigers,Samford Bulldogs,AUB,SAM,45,13,home,32,,,25,8,1,8,8,1,
2023,2,3,401520222,2023-09-16,Buffalo Bulls,Liberty Flames,BUFF,LIB,27,55,away,28,,,33,11,3,10,9,1,
2023,2,3,401520223,2023-09-16,Duke Blue Devils,Northwestern Wildcats,DUKE,NU,38,14,home,24,,,19,7,1,6,5,1,
2023,2,3,401520224,2023-09-16,Florida Gators,Tennessee Volunteers,FLA,TENN,29,16,home,13,,,22,6,3,6,7,1,
2023,2,3,401520225,2023-09-16,Georgia Bulldogs,South Carolina Gamecocks,UGA,SC,24,14,home,10,,,21,5,3,8,5,1,
2023,2,3,401520226,2023-09-16,Illinois Fighting Illini,Penn State Nittany Lions,ILL,PSU,13,30,away,17,,,30,5,5,13,7,1,
2023,2,3,401520227,2023-09-16,Iowa Hawkeyes,Western Michigan Broncos,IOWA,WMU,41,10,home,31,,,27,6,3,12,6,1,
2023,2,3,401520228,2023-09-16,Kentucky Wildcats,Akron Zips,UK,AKR,35,3,home,32,,,21,5,3,8,5,1,
2023,2,3,401520229,2023-09-16,Louisiana Tech Bulldogs,North Texas Mean Green,LT,UNT,37,40,away,3,,,23,9,5,5,4,1,
2023,2,3,401520230,2023-09-16,Indiana Hoosiers,Louisville Cardinals,IU,LOU,14,21,away,7,,,20,5,1,8,6,1,
2023,2,3,401520232,2023-09-16,Michigan Wolverines,Bowling Green Falcons,MICH,BGSU,31,6,home,25,,,25,4,4,9,8,1,
2023,2,3,401520233,2023-09-16,Michigan State Spartans,Washington Huskies,MSU,WASH,7,41,away,34,,,24,6,2,10,6,1,
2023,2,3,401520234,2023-09-16,Middle Tennessee Blue Raiders,Murray State Racers,MTSU,MUR,35,14,home,21,,,27,7,1,10,9,1,
2023,2,3,401520235,2023-09-16,Mississippi State Bulldogs,LSU Tigers,MSST,LSU,14,41,away,27,,,21,7,2,9,3,1,
2023,2,3,401520236,2023-09-16,Missouri Tigers,Kansas State Wildcats,MIZ,KSU,30,27,home,3,,,26,6,7,11,2,1,
2023,2,3,401520237,2023-09-16,Nebraska Cornhuskers,Northern Illinois Huskies,NEB,NIU,35,11,home,24,,,26,6,1,15,4,1,
2023,2,3,401520239,2023-09-16,North Carolina Tar Heels,Minnesota Golden Gophers,UNC,MINN,31,13,home,18,,,23,5,3,9,6,1,
2023,2,3,401520240,2023-09-16,Ohio State Buckeyes,Western Kentucky Hilltoppers,OSU,WKU,63,10,home,53,,,26,7,1,6,12,1,
2023,2,3,401520241,2023-09-16,Ole Miss Rebels,Georgia Tech Yellow Jackets,MISS,GT,48,23,home,25,,,0,0,0,0,0,0,no drives
2023,2,3,401520242,2023-09-16,Purdue Boilermakers,Syracuse Orange,PUR,SYR,20,35,away,15,,,23,8,1,5,9,1,
2023,2,3,401520243,2023-09-16,Rutgers Scarlet Knights,Virginia Tech Hokies,RUTG,VT,35,16,home,19,,,26,7,2,12,5,1,
2023,2,3,401520244,2023-09-16,South Florida Bulls,Alabama Crimson Tide,USF,ALA,3,17,away,14,,,25,2,2,13,8,1,
2023,2,3,401520245,2023-09-16,Texas A&M Aggies,UL Monroe Warhawks,TA&M,ULM,47,3,home,44,,,22,5,5,9,3,1,
2023,2,3,401520246,2023-09-16,UConn Huskies,Florida International Panthers,CONN,FIU,17,24,away,7,,,28,5,3,17,3,1,
2023,2,3,401520247,2023-09-16,UNLV Rebels,Vanderbilt Commodores,UNLV,VAN,40,37,home,3,,,30,6,9,8,7,1,
2023,2,3,401520249,2023-09-16,Wisconsin Badgers,Georgia Southern Eagles,WIS,GASO,35,14,home,21,,,26,7,1,9,9,1,
2023,2,3,401524006,2023-09-16,California Golden Bears,Idaho Vandals,CAL,IDHO,31,17,home,14,,,23,5,3,5,10,1,
2023,2,3,401524009,2023-09-16,Oregon State Beavers,San Diego State Aztecs,ORST,SDSU,26,9,home,17,,,23,4,6,9,4,1,
2023,2,3,401524011,2023-09-16,UCLA Bruins,North Carolina Central Eagles,UCLA,NCCU,59,7,home,52,,,26,9,1,10,6,1,
2023,2,3,401524012,2023-09-16,Utah Utes,Weber State Wildcats,UTAH,WEB,31,7,home,24,,,21,4,1,10,6,1,
2023,2,3,401524013,2023-09-16,Washington State Cougars,Northern Colorado Bears,WSU,UNCO,64,21,home,43,,,24,12,0,9,3,1,
2023,2,3,401525437,2023-09-16,Notre Dame Fighting Irish,Central Michigan Chippewas,ND,CMU,41,17,home,24,,,23,7,5,9,2,1,
2023,2,3,401525500,2023-09-16,Boston College Eagles,Florida State Seminoles,BC,FSU,29,31,away,2,,,23,7,2,9,5,1,
2023,2,3,401525502,2023-09-16,NC State Wolfpack,VMI Keydets,NCSU,VMI,45,7,home,38,,,18,5,1,9,3,1,
2023,2,3,401525503,2023-09-16,West Virginia Mountaineers,Pittsburgh Panthers,WVU,PITT,17,6,home,11,,,23,2,3,8,10,1,
2023,2,3,401525504,2023-09-16,Old Dominion Monarchs,Wake Forest Demon Deacons,ODU,WAKE,24,27,away,3,,,30,4,4,14,8,1,
2023,2,3,401525834,2023-09-16,Baylor Bears,Long Island University Sharks,BAY,LIU,30,7,home,23,,,19,5,1,6,7,1,
2023,2,3,401525835,2023-09-16,Cincinnati Bearcats,Miami (OH) RedHawks,CIN,M-OH,24,31,away,7,,,23,5,5,6,7,1,
2023,2,3,401525838,2023-09-16,Ohio Bobcats,Iowa State Cyclones,OHIO,ISU,10,7,home,3,,,21,2,4,11,4,1,
2023,2,3,401525839,2023-09-16,Oklahoma State Cowboys,South Alabama Jaguars,OKST,USA,7,33,away,26,,,24,5,2,14,3,1,
2023,2,3,401525841,2023-09-16,Texas Tech Red Raiders,Tarleton State Texans,TTU,TAR,41,3,home,38,,,24,4,3,9,8,1,
2023,2,3,401525842,2023-09-16,Tulsa Golden Hurricane,Oklahoma Sooners,TLSA,OU,17,66,away,49,,,25,10,1,6,8,1,
2023,2,3,401525843,2023-09-16,UCF Knights,Villanova Wildcats,UCF,VILL,48,14,home,34,,,26,8,2,12,4,1,
2023,2,3,401526834,2023-09-16,Eastern Michigan Eagles,Massachusetts Minutemen,EMU,MASS,19,17,home,2,,,27,4,3,11,9,1,
2023,2,3,401531348,2023-09-16,Southern Miss Golden Eagles,Tulane Green Wave,USM,TULN,3,21,away,18,,,21,3,3,10,5,1,
2023,2,3,401531379,2023-09-16,UAB Blazers,Louisiana Ragin' Cajuns,UAB,UL,21,41,away,20,,,27,8,4,7,8,1,
2023,2,3,401531388,2023-09-16,Temple Owls,Norfolk State Spartans,TEM,NORF,41,9,home,32,,,20,6,5,5,4,1,
2023,2,3,401531403,2023-09-16,Charlotte 49ers,Georgia State Panthers,CLT,GAST,25,41,away,16,,,24,7,3,9,5,1,
2023,2,3,401531412,2023-09-16,Appalachian State Mountaineers,East Carolina Pirates,APP,ECU,43,28,home,15,,,24,8,1,7,8,1,
2023,2,3,401531438,2023-09-16,SMU Mustangs,Prairie View A&M Panthers,SMU,PV,69,0,home,69,,,24,9,0,11,4,1,
2023,2,3,401531441,2023-09-16,Rice Owls,Texas Southern Tigers,RICE,TXSO,59,7,home,52,,,27,9,1,11,6,1,
2023,2,3,401531845,2023-09-16,Coastal Carolina Chanticleers,Duquesne Dukes,CCU,DUQ,66,7,home,59,,,22,8,2,5,7,1,
2023,2,3,401531846,2023-09-16,Arkansas State Red Wolves,Stony Brook Seawolves,ARST,STBK,31,7,home,24,,,22,5,4,10,3,1,
2023,2,3,401531848,2023-09-16,Troy Trojans,James Madison Dukes,TROY,JMU,14,16,away,2,,,27,3,4,15,5,1,
2023,2,3,401532402,2023-09-16,Ball State Cardinals,Indiana State Sycamores,BALL,INST,45,7,home,38,,,24,6,4,10,4,1,
2023,2,3,401532403,2023-09-16,Toledo Rockets,San José State Spartans,TOL,SJSU,21,17,home,4,,,23,4,3,10,6,1,
2023,2,3,401532404,2023-09-16,Kent State Golden Flashes,Central Connecticut Blue Devils,KENT,CCSU,38,10,home,28,,,27,6,2,12,7,1,
2023,2,3,401532581,2023-09-16,Air Force Falcons,Utah State Aggies,AFA,USU,39,21,home,18,,,19,8,1,6,4,1,
2023,2,3,401532582,2023-09-16,Boise State Broncos,North Dakota Fighting Hawks,BOIS,UND,42,18,home,24,,,26,9,0,9,8,1,
2023,2,3,401534851,2023-09-16,Howard Bison,Hampton Pirates,HOW,HAMP,34,35,away,1,,,24,9,2,7,6,1,
2023,2,3,401539971,2023-09-16,Richmond Spiders,Delaware State Hornets,RICH,DSU,38,6,home,32,,,20,4,3,8,5,1,
2023,2,3,401539979,2023-09-16,Morgan State Bears,Towson Tigers,MORG,TOW,10,20,away,10,,,28,3,5,11,9,1,
2023,2,3,401540034,2023-09-16,Delaware Blue Hens,St. Francis (PA) Red Flash,DEL,SFPA,42,14,home,28,,,21,7,0,8,6,1,
2023,2,3,401540039,2023-09-16,Georgetown Hoyas,Stonehill Skyhawks,GTWN,STO,20,23,away,3,,,18,6,3,6,3,1,
2023,2,3,401540044,2023-09-16,Sacred Heart Pioneers,Wagner Seahawks,SHU,WAG,10,17,away,7,,,24,2,2,12,8,1,
2023,2,3,401540066,2023-09-16,Yale Bulldogs,Holy Cross Crusaders,YALE,HC,24,49,away,25,,,0,0,0,0,0,0,no drives
2023,2,3,401540072,2023-09-16,Lafayette Leopards,Columbia Lions,LAF,COLU,24,3,home,21,,,21,2,3,7,9,1,
2023,2,3,401540080,2023-09-16,Lehigh Mountain Hawks,Cornell Big Red,LEH,COR,20,23,away,3,,,25,5,4,10,6,1,
2023,2,3,401540086,2023-09-16,Southern Jaguars,Alabama A&M Bulldogs,SOU,AAMU,20,10,home,10,,,0,0,0,0,0,0,no drives
2023,2,3,401540101,2023-09-16,Eastern Illinois Panthers,Illinois State Redbirds,EIU,ILST,14,13,home,1,,,29,4,1,14,10,1,
2023,2,3,401540134,2023-09-16,Arkansas-Pine Bluff Golden Lions,Miles College Golden Bears,UAPB,MIL,21,20,home,1,,,32,5,2,16,9,1,
2023,2,3,401540149,2023-09-16,Florida A&M Rattlers,West Florida Argonauts,FAMU,WFLA,31,10,home,21,,,0,0,0,0,0,0,no drives
2023,2,3,401540156,2023-09-16,Grambling Tigers,Florida Memorial University Lions,GRAM,FLMRL,58,22,home,36,,,0,0,0,0,0,0,no drives
2023,2,3,401540164,2023-09-16,Delta State Statesmen,Mississippi Valley State Delta Devils,DELT,MVSU,35,7,home,28,,,0,0,0,0,0,0,no drives
2023,2,3,401540174,2023-09-16,Austin Peay Governors,East Tennessee State Buccaneers,APSU,ETSU,63,3,home,60,,,22,7,1,9,5,1,
2023,2,3,401540184,2023-09-16,North Dakota State Bison,Central Arkansas Bears,NDSU,CARK,49,31,home,18,,,20,10,1,5,4,1,
2023,2,3,401540192,2023-09-16,Eastern Kentucky Colonels,Western Carolina Catamounts,EKU,WCU,24,27,away,3,,,25,6,5,11,3,1,
2023,2,3,401540202,2023-09-16,Tennessee Tech Golden Eagles,North Alabama Lions,TNTC,UNA,7,20,away,13,,,24,1,3,9,11,1,
2023,2,3,401540221,2023-09-16,Northern Arizona Lumberjacks,Utah Tech Trailblazers,NAU,UTU,36,50,away,14,,,27,8,6,6,7,1,
2023,2,3,401540236,2023-09-16,Eastern Washington Eagles,SE Louisiana Lions,EWU,SELA,40,29,home,11,,,23,8,3,6,6,1,
2023,2,3,401540251,2023-09-16,Idaho State Bengals,Northern Iowa Panthers,IDST,UNI,17,41,away,24,,,0,0,0,0,0,0,no drives
2023,2,3,401540267,2023-09-16,Montana State Bobcats,Stetson Hatters,MTST,STET,57,20,home,37,,,24,8,5,6,5,1,
2023,2,3,401540283,2023-09-16,Portland State Vikings,North American University Stallions,PRST,NOAM,91,0,home,91,,,29,11,0,12,6,1,
2023,2,3,401540290,2023-09-16,Bryant Bulldogs,Brown Bears,BRY,BRWN,25,29,away,4,,,23,7,5,4,7,1,
2023,2,3,401540313,2023-09-16,Monmouth Hawks,Campbell Fighting Camels,MONM,CAM,31,45,away,14,,,22,10,3,2,7,1,
2023,2,3,401540334,2023-09-16,New Hampshire Wildcats,Dartmouth Big Green,UNH,DART,24,7,home,17,,,23,4,2,9,8,1,
2023,2,3,401540341,2023-09-16,Harvard Crimson,St. Thomas-Minnesota Tommies,HARV,STMN,45,13,home,32,,,25,7,2,9,7,1,
2023,2,3,401540355,2023-09-16,UT Martin Skyhawks,Houston Christian Huskies,UTM,HCU,66,7,home,59,,,28,9,1,10,8,1,
2023,2,3,401540375,2023-09-16,South Dakota Coyotes,Lamar Cardinals,SDAK,LAM,35,6,home,29,,,16,5,3,3,5,1,
2023,2,3,401540389,2023-09-16,Alcorn State Braves,McNeese Cowboys,ALCN,MCN,17,3,home,14,,,0,0,0,0,0,0,no drives
2023,2,3,401540398,2023-09-16,Marist Red Foxes,Davidson Wildcats,MRST,DAV,21,49,away,28,,,27,10,0,10,7,1,
2023,2,3,401540409,2023-09-16,Northwestern State Demons,Stephen F. Austin Lumberjacks,NWST,SFA,7,41,away,34,,,32,5,4,11,12,1,
2023,2,3,401540411,2023-09-16,Elon Phoenix,North Carolina A&T Aggies,ELON,NCAT,27,3,home,24,,,25,3,4,12,6,1,
2023,2,3,401540446,2023-09-16,Southeast Missouri State Redhawks,Southern Illinois Salukis,SEMO,SIU,25,26,away,1,,,30,6,3,11,10,1,
2023,2,3,401540450,2023-09-16,Western Illinois Leathernecks,Lindenwood Lions,WIU,LIN,40,43,away,3,,,22,11,3,1,7,1,
2023,2,3,401540452,2023-09-16,Youngstown State Penguins,Robert Morris Colonials,YSU,RMU,48,28,home,20,,,23,11,0,8,4,1,
2023,2,3,401540464,2023-09-16,Drake Bulldogs,South Dakota State Jackrabbits,DRKE,SDST,7,70,away,63,,,27,11,1,12,3,1,
2023,2,3,401540466,2023-09-16,Dayton Flyers,Taylor Trojans,DAY,TAY,52,20,home,32,,,0,0,0,0,0,0,no drives
2023,2,3,401540471,2023-09-16,Charleston Southern Buccaneers,William & Mary Tribe,CHSO,W&M,7,15,away,8,,,0,0,0,0,0,0,no drives
2023,2,3,401540484,2023-09-16,Tennessee State Tigers,Gardner-Webb Runnin' Bulldogs,TNST,GWEB,27,25,home,2,,,38,6,5,20,7,1,
2023,2,3,401540554,2023-09-16,Wofford Terriers,Presbyterian Blue Hose,WOF,PRES,20,23,away,3,,,23,4,8,8,3,1,
2023,2,3,401540559,2023-09-16,San Diego Toreros,Princeton Tigers,USD,PRIN,12,23,away,11,,,30,4,3,17,6,1,
2023,2,3,401540582,2023-09-16,Chattanooga Mocs,The Citadel Bulldogs,UTC,CIT,48,3,home,45,,,21,6,3,7,5,1,
2023,2,3,401540598,2023-09-16,Kennesaw State Owls,Furman Paladins,KENN,FUR,28,31,away,3,,,28,8,2,14,4,1,
2023,2,3,401541637,2023-09-16,Butler Bulldogs,Wabash College Little Giants,BUT,WAB,47,21,home,26,,,18,8,2,4,4,1,
2023,2,3,401544199,2023-09-16,Merrimack Warriors,Virginia Lynchburg Dragons,MRMK,UVAL,44,0,home,44,,,10,4,0,6,0,1,
2023,2,3,401549200,2023-09-16,Colgate Raiders,Pennsylvania Quakers,COLG,PENN,6,20,away,14,,,23,2,4,7,10,1,
2023,2,3,401520219,2023-09-17,Arizona Wildcats,UTEP Miners,ARIZ,UTEP,31,10,home,21,,,23,5,3,10,5,1,
2023,2,3,401520238,2023-09-17,New Mexico Lobos,New Mexico State Aggies,UNM,NMSU,17,27,away,10,,,18,5,4,6,3,1,
2023,2,3,401524005,2023-09-17,Arizona State Sun Devils,Fresno State Bulldogs,ASU,FRES,0,29,away,29,,,26,2,7,7,10,1,
2023,2,3,401524007,2023-09-17,Colorado Buffaloes,Colorado State Rams,COLO,CSU,43,35,home,8,,,31,8,4,11,8,1,
2023,2,3,401524008,2023-09-17,Oregon Ducks,Hawai'i Rainbow Warriors,ORE,HAW,55,10,home,45,,,22,8,3,9,2,1,
2023,2,3,401524010,2023-09-17,Stanford Cardinal,Sacramento State Hornets,STAN,SAC,23,30,away,7,,,0,0,0,0,0,0,no drives
2023,2,3,401525501,2023-09-17,Clemson Tigers,Florida Atlantic Owls,CLEM,FAU,48,14,home,34,,,29,8,2,11,8,1,
2023,2,3,401525836,2023-09-17,Houston Cougars,TCU Horned Frogs,HOU,TCU,13,36,away,23,,,26,4,8,6,8,1,
2023,2,3,401525837,2023-09-17,Nevada Wolf Pack,Kansas Jayhawks,NEV,KU,24,31,away,7,,,21,7,2,8,4,1,
2023,2,3,401525840,2023-09-17,Texas Longhorns,Wyoming Cowboys,TEX,WYO,31,10,home,21,,,20,4,2,11,3,1,
2023,2,3,401531847,2023-09-17,Texas State Bobcats,Jackson State Tigers,TXST,JKST,77,34,home,43,,,26,15,0,5,6,1,
2023,2,3,401540206,2023-09-17,UC Davis Aggies,Southern Utah Thunderbirds,UCD,SUU,23,21,home,2,,,25,5,3,13,4,1,
2023,2,3,401540226,2023-09-17,Cal Poly Mustangs,Lincoln (CA) Oaklanders,CP,LCLN,41,20,home,21,,,26,9,0,11,6,1,
2023,2,3,401540259,2023-09-17,Montana Grizzlies,Ferris State Bulldogs,MONT,FRST,17,10,home,7,,,22,3,4,10,5,1,
2023,2,3,401541630,2023-09-17,Abilene Christian Wildcats,Incarnate Word Cardinals,ACU,UIW,20,27,away,7,,,25,5,4,11,5,1,
2023,2,4,401531849,2023-09-21,Coastal Carolina Chanticleers,Georgia State Panthers,CCU,GAST,17,30,away,13,,,19,4,6,6,3,1,
2023,2,4,401540087,2023-09-21,Alabama A&M Bulldogs,Arkansas-Pine Bluff Golden Lions,AAMU,UAPB,31,24,home,7,,,25,7,3,8,7,1,
2023,2,4,401520266,2023-09-22,Purdue Boilermakers,Wisconsin Badgers,PUR,WIS,17,38,away,21,,,22,6,4,5,7,1,
2023,2,4,401525505,2023-09-22,Virginia Cavaliers,NC State Wolfpack,UVA,NCSU,21,24,away,3,,,26,5,3,13,5,1,
2023,2,4,401540291,2023-09-22,Harvard Crimson,Brown Bears,HARV,BRWN,34,31,home,3,,,20,9,2,6,3,1,
2023,2,4,401520250,2023-09-23,Alabama Crimson Tide,Ole Miss Rebels,ALA,MISS,24,10,home,14,,,21,3,5,8,5,1,
2023,2,4,401520251,2023-09-23,Florida Gators,Charlotte 49ers,FLA,CLT,22,7,home,15,,,22,2,6,9,5,1,
2023,2,4,401520252,2023-09-23,Georgia Bulldogs,UAB Blazers,UGA,UAB,49,21,home,28,,,26,10,0,9,7,1,
2023,2,4,401520254,2023-09-23,Houston Cougars,Sam Houston Bearkats,HOU,SHSU,38,7,home,31,,,23,6,2,10,5,1,
2023,2,4,401520255,2023-09-23,Illinois Fighting Illini,Florida Atlantic Owls,ILL,FAU,23,17,home,6,,,25,5,3,10,7,1,
2023,2,4,401520256,2023-09-23,Indiana Hoosiers,Akron Zips,IU,AKR,29,27,home,2,,,32,5,5,12,10,1,
2023,2,4,401520257,2023-09-23,Jacksonville State Gamecocks,Eastern Michigan Eagles,JVST,EMU,21,0,home,21,,,27,3,1,15,8,1,
2023,2,4,401520258,2023-09-23,LSU Tigers,Arkansas Razorbacks,LSU,ARK,34,31,home,3,,,19,7,5,3,4,1,
2023,2,4,401520259,2023-09-23,Missouri Tigers,Memphis Tigers,MIZ,MEM,34,27,home,7,,,24,7,4,7,6,1,
2023,2,4,401520260,2023-09-23,Michigan Wolverines,Rutgers Scarlet Knights,MICH,RUTG,31,7,home,24,,,15,4,3,4,4,1,
2023,2,4,401520261,2023-09-23,Michigan State Spartans,Maryland Terrapins,MSU,MD,9,31,away,22,,,22,5,5,5,7,1,
2023,2,4,401520262,2023-09-23,Middle Tennessee Blue Raiders,Colorado State Rams,MTSU,CSU,23,31,away,8,,,23,6,2,10,5,1,
2023,2,4,401520263,2023-09-23,Nebraska Cornhuskers,Louisiana Tech Bulldogs,NEB,LT,28,14,home,14,,,23,6,1,13,3,1,
2023,2,4,401520264,2023-09-23,Northwestern Wildcats,Minnesota Golden Gophers,NU,MINN,37,34,home,3,,,27,9,3,14,1,1,
2023,2,4,401520265,2023-09-23,Penn State Nittany Lions,Iowa Hawkeyes,PSU,IOWA,31,0,home,31,,,22,4,2,11,5,1,
2023,2,4,401520267,2023-09-23,South Carolina Gamecocks,Mississippi State Bulldogs,SC,MSST,37,30,home,7,,,24,8,4,7,5,1,
2023,2,4,401520268,2023-09-23,Syracuse Orange,Army Black Knights,SYR,ARMY,29,16,home,13,,,23,5,4,8,6,1,
2023,2,4,401520269,2023-09-23,Tennessee Volunteers,UTSA Roadrunners,TENN,UTSA,45,14,home,31,,,30,7,2,13,8,1,
2023,2,4,401520270,2023-09-23,Texas A&M Aggies,Auburn Tigers,TA&M,AUB,27,10,home,17,,,24,3,2,14,5,1,
2023,2,4,401520271,2023-09-23,Troy Trojans,Western Kentucky Hilltoppers,TROY,WKU,27,24,home,3,,,24,6,3,9,6,1,
2023,2,4,401520272,2023-09-23,UConn Huskies,Duke Blue Devils,CONN,DUKE,7,41,away,34,,,26,5,4,11,6,1,
2023,2,4,401520274,2023-09-23,Vanderbilt Commodores,Kentucky Wildcats,VAN,UK,28,45,away,17,,,29,7,3,12,7,1,
2023,2,4,401520275,2023-09-23,Florida International Panthers,Liberty Flames,FIU,LIB,6,38,away,32,,,25,6,2,8,9,1,
2023,2,4,401521330,2023-09-23,Notre Dame Fighting Irish,Ohio State Buckeyes,ND,OSU,14,17,away,3,,,17,4,2,5,6,1,
2023,2,4,401524015,2023-09-23,Oregon Ducks,Colorado Buffaloes,ORE,COLO,42,6,home,36,,,21,7,0,10,4,1,
2023,2,4,401524016,2023-09-23,Stanford Cardinal,Arizona Wildcats,STAN,ARIZ,20,21,away,1,,,21,5,4,9,3,1,
2023,2,4,401524017,2023-09-23,Utah Utes,UCLA Bruins,UTAH,UCLA,14,7,home,7,,,28,2,1,16,9,1,
2023,2,4,401524019,2023-09-23,Washington State Cougars,Oregon State Beavers,WSU,ORST,38,35,home,3,,,22,10,2,2,8,1,
2023,2,4,401525506,2023-09-23,Louisville Cardinals,Boston College Eagles,LOU,BC,56,28,home,28,,,24,12,0,7,5,1,
2023,2,4,401525507,2023-09-23,Clemson Tigers,Florida State Seminoles,CLEM,FSU,24,31,away,7,,,24,6,3,10,5,1,
2023,2,4,401525508,2023-09-23,Wake Forest Demon Deacons,Georgia Tech Yellow Jackets,WAKE,GT,16,30,away,14,,,25,4,4,6,11,1,
2023,2,4,401525509,2023-09-23,Temple Owls,Miami Hurricanes,TEM,MIA,7,41,away,34,,,23,6,2,7,8,1,
2023,2,4,401525511,2023-09-23,Marshall Thundering Herd,Virginia Tech Hokies,MRSH,VT,24,17,home,7,,,27,5,3,12,7,1,
2023,2,4,401525844,2023-09-23,Baylor Bears,Texas Longhorns,BAY,TEX,6,38,away,32,,,25,5,4,10,6,1,
2023,2,4,401525845,2023-09-23,Cincinnati Bearcats,Oklahoma Sooners,CIN,OU,6,20,away,14,,,24,2,5,10,7,1,
2023,2,4,401525846,2023-09-23,Iowa State Cyclones,Oklahoma State Cowboys,ISU,OKST,34,27,home,7,,,30,7,4,16,3,1,
2023,2,4,401525847,2023-09-23,Kansas Jayhawks,BYU Cougars,KU,BYU,38,27,home,11,,,19,6,3,3,7,1,
2023,2,4,401525849,2023-09-23,TCU Horned Frogs,SMU Mustangs,TCU,SMU,34,17,home,17,,,22,6,3,5,8,1,
2023,2,4,401525850,2023-09-23,West Virginia Mountaineers,Texas Tech Red Raiders,WVU,TTU,20,13,home,7,,,26,3,4,12,7,1,
2023,2,4,401526835,2023-09-23,Massachusetts Minutemen,New Mexico Lobos,MASS,UNM,31,34,away,3,,,22,8,4,5,5,1,
2023,2,4,401531338,2023-09-23,Northern Illinois Huskies,Tulsa Golden Hurricane,NIU,TLSA,14,22,away,8,,,27,4,3,10,10,1,
2023,2,4,401531349,2023-09-23,Tulane Green Wave,Nicholls Colonels,TULN,NICH,36,7,home,29,,,23,4,3,6,10,1,
2023,2,4,401531413,2023-09-23,East Carolina Pirates,Gardner-Webb Runnin' Bulldogs,ECU,GWEB,44,0,home,44,,,29,6,2,12,9,1,
2023,2,4,401531423,2023-09-23,South Florida Bulls,Rice Owls,USF,RICE,42,29,home,13,,,23,9,4,6,4,1,
2023,2,4,401531870,2023-09-23,Wyoming Cowboys,Appalachian State Mountaineers,WYO,APP,22,19,home,3,,,24,2,5,12,5,1,
2023,2,4,401531871,2023-09-23,Ball State Cardinals,Georgia Southern Eagles,BALL,GASO,3,40,away,37,,,27,4,5,15,3,1,
2023,2,4,401531873,2023-09-23,Old Dominion Monarchs,Texas A&M-Commerce Lions,ODU,TAMC,10,9,home,1,,,27,2,3,12,10,1,
2023,2,4,401531874,2023-09-23,Arkansas State Red Wolves,Southern Miss Golden Eagles,ARST,USM,44,37,home,7,,,28,9,6,8,5,1,
2023,2,4,401531875,2023-09-23,Louisiana Ragin' Cajuns,Buffalo Bulls,UL,BUFF,45,38,home,7,,,29,9,2,9,9,1,
2023,2,4,401531876,2023-09-23,South Alabama Jaguars,Central Michigan Chippewas,USA,CMU,30,34,away,4,,,22,8,1,9,4,1,
2023,2,4,401531877,2023-09-23,Texas State Bobcats,Nevada Wolf Pack,TXST,NEV,35,24,home,11,,,22,6,1,4,11,1,
2023,2,4,401532405,2023-09-23,Bowling Green Falcons,Ohio Bobcats,BGSU,OHIO,7,38,away,31,,,24,4,2,9,9,1,
2023,2,4,401532406,2023-09-23,Toledo Rockets,Western Michigan Broncos,TOL,WMU,49,31,home,18,,,32,10,1,7,14,1,
2023,2,4,401532408,2023-09-23,Miami (OH) RedHawks,Delaware State Hornets,M-OH,DSU,62,20,home,42,,,23,11,2,6,4,1,
2023,2,4,401532583,2023-09-23,San Diego State Aztecs,Boise State Broncos,SDSU,BOIS,31,34,away,3,,,24,8,4,8,4,1,
2023,2,4,401532584,2023-09-23,San José State Spartans,Air Force Falcons,SJSU,AFA,20,45,away,25,,,18,9,1,3,5,1,
2023,2,4,401539980,2023-09-23,Morgan State Bears,UAlbany Great Danes,MORG,ALB,17,23,away,6,,,0,0,0,0,0,0,no drives
2023,2,4,401539988,2023-09-23,Towson Tigers,Norfolk State Spartans,TOW,NORF,14,21,away,7,,,25,5,0,12,8,1,
2023,2,4,401539995,2023-09-23,North Carolina Central Eagles,Mississippi Valley State Delta Devils,NCCU,MVSU,45,3,home,42,,,25,6,3,11,5,1,
2023,2,4,401540000,2023-09-23,South Carolina State Bulldogs,The Citadel Bulldogs,SCST,CIT,31,10,home,21,,,0,0,0,0,0,0,no drives
2023,2,4,401540029,2023-09-23,St. Francis (PA) Red Flash,Sacred Heart Pioneers,SFPA,SHU,34,37,away,3,,,25,8,5,11,1,1,
2023,2,4,401540040,2023-09-23,Fordham Rams,Stonehill Skyhawks,FOR,STO,44,0,home,44,,,27,5,3,13,6,1,
2023,2,4,401540045,2023-09-23,Wagner Seahawks,Merrimack Warriors,WAG,MRMK,30,27,home,3,,,29,6,1,16,6,1,
2023,2,4,401540048,2023-09-23,Bucknell Bison,Pennsylvania Quakers,BUCK,PENN,21,37,away,16,,,24,8,2,9,5,1,
2023,2,4,401540058,2023-09-23,Columbia Lions,Georgetown Hoyas,COLU,GTWN,30,0,home,30,,,22,4,2,10,6,1,
2023,2,4,401540067,2023-09-23,Holy Cross Crusaders,Colgate Raiders,HC,COLG,47,7,home,40,,,22,8,0,7,7,1,
2023,2,4,401540073,2023-09-23,Lafayette Leopards,Monmouth Hawks,LAF,MONM,28,20,home,8,,,19,7,2,7,3,1,
2023,2,4,401540081,2023-09-23,Dartmouth Big Green,Lehigh Mountain Hawks,DART,LEH,34,17,home,17,,,24,5,3,10,6,1,
2023,2,4,401540102,2023-09-23,Illinois State Redbirds,Lindenwood Lions,ILST,LIN,48,17,home,31,,,22,9,1,8,4,1,
2023,2,4,401540117,2023-09-23,Florida A&M Rattlers,Alabama State Hornets,FAMU,ALST,23,10,home,13,,,21,3,3,8,7,1,
2023,2,4,401540126,2023-09-23,Alcorn State Braves,Prairie View A&M Panthers,ALCN,PV,20,23,away,3,,,20,5,4,9,2,1,
2023,2,4,401540142,2023-09-23,Jackson State Tigers,Bethune-Cookman Wildcats,JKST,BCU,22,16,home,6,,,26,5,1,14,6,1,
2023,2,4,401540157,2023-09-23,Grambling Tigers,Texas Southern Tigers,GRAM,TXSO,35,23,home,12,,,0,0,0,0,0,0,no drives
2023,2,4,401540175,2023-09-23,Stephen F. Austin Lumberjacks,Austin Peay Governors,SFA,APSU,20,22,away,2,,,25,4,3,7,11,1,
2023,2,4,401540185,2023-09-23,Central Arkansas Bears,Abilene Christian Wildcats,CARK,ACU,52,17,home,35,,,0,0,0,0,0,0,no drives
2023,2,4,401540193,2023-09-23,Eastern Kentucky Colonels,Southeast Missouri State Redhawks,EKU,SEMO,41,38,home,3,,,24,10,4,9,1,1,
2023,2,4,401540203,2023-09-23,North Alabama Lions,UT Martin Skyhawks,UNA,UTM,21,37,away,16,,,29,8,3,10,8,1,
2023,2,4,401540214,2023-09-23,Tarleton State Texans,Southwest Baptist Bearcats,TAR,SWB,27,13,home,14,,,30,3,4,16,7,1,
2023,2,4,401540222,2023-09-23,Missouri State Bears,Utah Tech Trailblazers,MOST,UTU,59,14,home,45,,,29,9,4,7,9,1,
2023,2,4,401540227,2023-09-23,Portland State Vikings,Cal Poly Mustangs,PRST,CP,59,21,home,38,,,27,10,1,11,5,1,
2023,2,4,401540245,2023-09-23,Idaho Vandals,Sacramento State Hornets,IDHO,SAC,36,27,home,9,,,19,6,5,4,4,1,
2023,2,4,401540252,2023-09-23,Idaho State Bengals,Northern Colorado Bears,IDST,UNCO,35,21,home,14,,,0,0,0,0,0,0,no drives
2023,2,4,401540260,2023-09-23,Northern Arizona Lumberjacks,Montana Grizzlies,NAU,MONT,28,14,home,14,,,28,6,2,10,10,1,
2023,2,4,401540307,2023-09-23,Yale Bulldogs,Cornell Big Red,YALE,COR,21,23,away,2,,,18,5,5,5,3,1,
2023,2,4,401540314,2023-09-23,Campbell Fighting Camels,Elon Phoenix,CAM,ELON,24,28,away,4,,,21,7,1,8,5,1,
2023,2,4,401540324,2023-09-23,Delaware Blue Hens,New Hampshire Wildcats,DEL,UNH,29,25,home,4,,,0,0,0,0,0,0,no drives
2023,2,4,401540356,2023-09-23,SE Louisiana Lions,Houston Christian Huskies,SELA,HCU,19,34,away,15,,,21,7,2,8,4,1,
2023,2,4,401540376,2023-09-23,Lamar Cardinals,Lincoln (CA) Oaklanders,LAM,LCLN,38,0,home,38,,,23,5,2,10,6,1,
2023,2,4,401540390,2023-09-23,Eastern Illinois Panthers,McNeese Cowboys,EIU,MCN,31,28,home,3,,,21,8,2,7,4,1,
2023,2,4,401540399,2023-09-23,Davidson Wildcats,St. Andrews Knights,DAV,STAU,84,6,home,78,,,26,12,1,9,4,1,
2023,2,4,401540422,2023-09-23,Princeton Tigers,Bryant Bulldogs,PRIN,BRY,13,16,away,3,,,23,2,2,12,7,1,
2023,2,4,401540455,2023-09-23,Valparaiso Beacons,Marist Red Foxes,VAL,MRST,30,36,away,6,,,24,9,3,8,4,1,
2023,2,4,401540467,2023-09-23,San Diego Toreros,Dayton Flyers,USD,DAY,40,25,home,15,,,23,7,3,7,6,1,
2023,2,4,401540472,2023-09-23,Western Carolina Catamounts,Charleston Southern Buccaneers,WCU,CHSO,77,21,home,56,,,27,14,1,9,3,1,
2023,2,4,401540489,2023-09-23,William & Mary Tribe,Maine Black Bears,W&M,ME,28,3,home,25,,,23,4,1,14,4,1,
2023,2,4,401540499,2023-09-23,Robert Morris Colonials,Virginia Lynchburg Dragons,RMU,UVAL,46,0,home,46,,,11,3,1,3,4,1,
2023,2,4,401540529,2023-09-23,St. Thomas-Minnesota Tommies,Morehead State Eagles,STMN,MORE,35,28,home,7,,,27,8,0,13,6,1,
2023,2,4,401540535,2023-09-23,Tennessee Tech Golden Eagles,Kennesaw State Owls,TNTC,KENN,17,7,home,10,,,22,3,3,12,4,1,
2023,2,4,401540549,2023-09-23,Villanova Wildcats,Rhode Island Rams,VILL,URI,35,9,home,26,,,20,6,1,9,4,1,
2023,2,4,401540567,2023-09-23,Stetson Hatters,Butler Bulldogs,STET,BUT,18,28,away,10,,,0,0,0,0,0,0,no drives
2023,2,4,401540573,2023-09-23,Stony Brook Seawolves,Richmond Spiders,STBK,RICH,19,20,away,1,,,31,3,4,13,11,1,
2023,2,4,401540583,2023-09-23,Samford Bulldogs,Chattanooga Mocs,SAM,UTC,24,47,away,23,,,21,7,5,2,7,1,
2023,2,4,401540599,2023-09-23,Furman Paladins,Mercer Bears,FUR,MER,38,14,home,24,,,22,7,2,7,6,1,
2023,2,4,401540622,2023-09-23,VMI Keydets,Wofford Terriers,VMI,WOF,17,14,home,3,,,0,0,0,0,0,0,no drives
2023,2,4,401544201,2023-09-23,Incarnate Word Cardinals,North American University Stallions,UIW,NOAM,63,3,home,60,,,25,7,1,11,6,1,
2023,2,4,401520253,2023-09-24,Hawai'i Rainbow Warriors,New Mexico State Aggies,HAW,NMSU,20,17,home,3,,,19,4,5,7,3,1,
2023,2,4,401520273,2023-09-24,UTEP Miners,UNLV Rebels,UTEP,UNLV,28,45,away,17,,,26,10,1,8,7,1,
2023,2,4,401524014,2023-09-24,Arizona State Sun Devils,USC Trojans,ASU,USC,28,42,away,14,,,24,7,4,5,8,1,
2023,2,4,401524018,2023-09-24,Washington Huskies,California Golden Bears,WASH,CAL,59,32,home,27,,,25,11,1,6,7,1,
2023,2,4,401525510,2023-09-24,Pittsburgh Panthers,North Carolina Tar Heels,PITT,UNC,24,41,away,17,,,24,6,4,7,7,1,
2023,2,4,401525848,2023-09-24,Kansas State Wildcats,UCF Knights,KSU,UCF,44,31,home,13,,,23,10,4,3,6,1,
2023,2,4,401531872,2023-09-24,Utah State Aggies,James Madison Dukes,USU,JMU,38,45,away,7,,,34,11,3,9,11,1,
2023,2,4,401532407,2023-09-24,Fresno State Bulldogs,Kent State Golden Flashes,FRES,KENT,53,10,home,43,,,20,8,2,6,4,1,
2023,2,4,401540207,2023-09-24,Southern Utah Thunderbirds,Western Illinois Leathernecks,SUU,WIU,37,17,home,20,,,25,6,5,6,8,1,
2023,2,4,401540237,2023-09-24,UC Davis Aggies,Eastern Washington Eagles,UCD,EWU,24,27,away,3,,,24,5,4,9,6,1,
2023,2,4,401540268,2023-09-24,Weber State Wildcats,Montana State Bobcats,WEB,MTST,0,40,away,40,,,25,6,2,11,6,1,
2023,2,5,401520277,2023-09-28,Western Kentucky Hilltoppers,Middle Tennessee Blue Raiders,WKU,MTSU,31,10,home,21,,,26,5,2,11,8,1,
2023,2,5,401531339,2023-09-28,Tulsa Golden Hurricane,Temple Owls,TLSA,TEM,48,26,home,22,,,24,8,3,6,7,1,
2023,2,5,401520276,2023-09-29,Sam Houston Bearkats,Jacksonville State Gamecocks,SHSU,JVST,28,35,away,7,,,33,9,1,16,7,1,
2023,2,5,401525512,2023-09-29,NC State Wolfpack,Louisville Cardinals,NCSU,LOU,10,13,away,3,,,26,2,3,13,8,1,
2023,2,5,401541632,2023-09-29,Princeton Tigers,Columbia Lions,PRIN,COLU,10,7,home,3,,,22,1,3,13,5,1,
2023,2,5,401520278,2023-09-30,UTEP Miners,Louisiana Tech Bulldogs,UTEP,LT,10,24,away,14,,,21,3,2,12,4,1,
2023,2,5,401520279,2023-09-30,Arkansas Razorbacks,Texas A&M Aggies,ARK,TA&M,22,34,away,12,,,25,3,7,8,7,1,
2023,2,5,401520280,2023-09-30,Auburn Tigers,Georgia Bulldogs,AUB,UGA,20,27,away,7,,,22,5,4,8,5,1,
2023,2,5,401520281,2023-09-30,Iowa Hawkeyes,Michigan State Spartans,IOWA,MSU,26,16,home,10,,,30,1,8,13,8,1,
2023,2,5,401520282,2023-09-30,Kentucky Wildcats,Florida Gators,UK,FLA,33,14,home,19,,,21,6,2,8,5,1,
2023,2,5,401520283,2023-09-30,Maryland Terrapins,Indiana Hoosiers,MD,IU,44,17,home,27,,,25,8,3,8,6,1,
2023,2,5,401520284,2023-09-30,Minnesota Golden Gophers,Louisiana Ragin' Cajuns,MINN,UL,35,24,home,11,,,20,8,1,5,6,1,
2023,2,5,401520286,2023-09-30,Nebraska Cornhuskers,Michigan Wolverines,NEB,MICH,7,45,away,38,,,19,7,2,4,6,1,
2023,2,5,401520287,2023-09-30,Northwestern Wildcats,Penn State Nittany Lions,NU,PSU,13,41,away,28,,,25,6,4,10,5,1,
2023,2,5,401520288,2023-09-30,Ole Miss Rebels,LSU Tigers,MISS,LSU,55,49,home,6,,,25,14,2,5,4,1,
2023,2,5,401520289,2023-09-30,Purdue Boilermakers,Illinois Fighting Illini,PUR,ILL,44,19,home,25,,,24,7,3,10,4,1,
2023,2,5,401520290,2023-09-30,Rutgers Scarlet Knights,Wagner Seahawks,RUTG,WAG,52,3,home,49,,,18,7,3,5,3,1,
2023,2,5,401520291,2023-09-30,Tennessee Volunteers,South Carolina Gamecocks,TENN,SC,41,20,home,21,,,26,5,4,8,9,1,
2023,2,5,401520292,2023-09-30,UConn Huskies,Utah State Aggies,CONN,USU,33,34,away,1,,,26,8,4,8,6,1,
2023,2,5,401520293,2023-09-30,Vanderbilt Commodores,Missouri Tigers,VAN,MIZ,21,38,away,17,,,23,8,1,9,5,1,
2023,2,5,401524020,2023-09-30,Oregon State Beavers,Utah Utes,ORST,UTAH,21,7,home,14,,,24,4,0,13,7,1,
2023,2,5,401524022,2023-09-30,California Golden Bears,Arizona State Sun Devils,CAL,ASU,24,21,home,3,,,26,5,3,11,7,1,
2023,2,5,401524023,2023-09-30,Colorado Buffaloes,USC Trojans,COLO,USC,41,48,away,7,,,29,13,2,9,5,1,
2023,2,5,401524024,2023-09-30,Stanford Cardinal,Oregon Ducks,STAN,ORE,6,42,away,36,,,19,6,3,6,4,1,
2023,2,5,401525438,2023-09-30,Duke Blue Devils,Notre Dame Fighting Irish,DUKE,ND,14,21,away,7,,,24,4,5,12,3,1,
2023,2,5,401525513,2023-09-30,Boston College Eagles,Virginia Cavaliers,BC,UVA,27,24,home,3,,,26,6,3,10,7,1,
2023,2,5,401525514,2023-09-30,Syracuse Orange,Clemson Tigers,SYR,CLEM,14,31,away,17,,,28,6,2,12,8,1,
2023,2,5,401525515,2023-09-30,Georgia Tech Yellow Jackets,Bowling Green Falcons,GT,BGSU,27,38,away,11,,,22,8,1,6,7,1,
2023,2,5,401525851,2023-09-30,BYU Cougars,Cincinnati Bearcats,BYU,CIN,35,27,home,8,,,24,7,3,9,5,1,
2023,2,5,401525852,2023-09-30,Oklahoma Sooners,Iowa State Cyclones,OU,ISU,50,20,home,30,,,24,7,5,6,6,1,
2023,2,5,401525854,2023-09-30,Texas Longhorns,Kansas Jayhawks,TEX,KU,40,14,home,26,,,22,7,4,6,5,1,
2023,2,5,401525855,2023-09-30,Texas Tech Red Raiders,Houston Cougars,TTU,HOU,49,28,home,21,,,21,9,1,8,3,1,
2023,2,5,401525856,2023-09-30,UCF Knights,Baylor Bears,UCF,BAY,35,36,away,1,,,23,7,5,6,5,1,
2023,2,5,401526836,2023-09-30,Massachusetts Minutemen,Arkansas State Red Wolves,MASS,ARST,28,52,away,24,,,22,10,4,5,3,1,
2023,2,5,401531370,2023-09-30,Tulane Green Wave,UAB Blazers,TULN,UAB,35,23,home,12,,,21,7,4,4,6,1,
2023,2,5,401531404,2023-09-30,SMU Mustangs,Charlotte 49ers,SMU,CLT,34,16,home,18,,,21,6,4,5,6,1,
2023,2,5,401531414,2023-09-30,Rice Owls,East Carolina Pirates,RICE,ECU,24,17,home,7,,,25,4,5,8,8,1,
2023,2,5,401531424,2023-09-30,Navy Midshipmen,South Florida Bulls,NAVY,USF,30,44,away,14,,,28,9,2,10,7,1,
2023,2,5,401531429,2023-09-30,Memphis Tigers,Boise State Broncos,MEM,BOIS,35,32,home,3,,,23,8,2,10,3,1,
2023,2,5,401531436,2023-09-30,North Texas Mean Green,Abilene Christian Wildcats,UNT,ACU,45,31,home,14,,,26,10,3,10,3,1,
2023,2,5,401531878,2023-09-30,Georgia Southern Eagles,Coastal Carolina Chanticleers,GASO,CCU,38,28,home,10,,,27,8,4,8,7,1,
2023,2,5,401531879,2023-09-30,Georgia State Panthers,Troy Trojans,GAST,TROY,7,28,away,21,,,20,4,3,6,7,1,
2023,2,5,401531880,2023-09-30,James Madison Dukes,South Alabama Jaguars,JMU,USA,31,23,home,8,,,30,6,2,14,8,1,
2023,2,5,401531881,2023-09-30,Marshall Thundering Herd,Old Dominion Monarchs,MRSH,ODU,41,35,home,6,,,32,9,3,9,11,1,
2023,2,5,401531883,2023-09-30,Southern Miss Golden Eagles,Texas State Bobcats,USM,TXST,36,50,away,14,,,29,11,2,7,9,1,
2023,2,5,401532409,2023-09-30,Western Michigan Broncos,Ball State Cardinals,WMU,BALL,42,24,home,18,,,24,8,2,10,4,1,
2023,2,5,401532410,2023-09-30,Central Michigan Chippewas,Eastern Michigan Eagles,CMU,EMU,26,23,home,3,,,18,4,3,5,6,1,
2023,2,5,401532411,2023-09-30,Toledo Rockets,Northern Illinois Huskies,TOL,NIU,35,33,home,2,,,24,8,2,9,5,1,
2023,2,5,401532412,2023-09-30,Akron Zips,Buffalo Bulls,AKR,BUFF,10,13,away,3,,,23,2,4,11,6,1,
2023,2,5,401532413,2023-09-30,Kent State Golden Flashes,Miami (OH) RedHawks,KENT,M-OH,3,23,away,20,,,23,2,4,13,4,1,
2023,2,5,401532585,2023-09-30,Colorado State Rams,Utah Tech Trailblazers,CSU,UTU,41,20,home,21,,,24,8,2,5,9,1,
2023,2,5,401532586,2023-09-30,UNLV Rebels,Hawai'i Rainbow Warriors,UNLV,HAW,44,20,home,24,,,24,7,5,8,4,1,
2023,2,5,401532588,2023-09-30,Wyoming Cowboys,New Mexico Lobos,WYO,UNM,35,26,home,9,,,24,6,6,8,4,1,
2023,2,5,401534852,2023-09-30,Robert Morris Colonials,Howard Bison,RMU,HOW,10,35,away,25,,,21,5,1,10,5,1,
2023,2,5,401539972,2023-09-30,Delaware State Hornets,Virginia Lynchburg Dragons,DSU,UVAL,48,10,home,38,,,30,7,4,10,9,1,
2023,2,5,401539981,2023-09-30,Yale Bulldogs,Morgan State Bears,YALE,MORG,45,3,home,42,,,28,5,3,13,7,1,
2023,2,5,401539989,2023-09-30,Norfolk State Spartans,North Carolina A&T Aggies,NORF,NCAT,26,28,away,2,,,2,1,0,1,0,1,
2023,2,5,401539996,2023-09-30,North Carolina Central Eagles,Campbell Fighting Camels,NCCU,CAM,49,48,home,1,,,23,13,1,5,4,1,
2023,2,5,401540005,2023-09-30,Brown Bears,Central Connecticut Blue Devils,BRWN,CCSU,42,20,home,22,,,25,8,3,9,5,1,
2023,2,5,401540013,2023-09-30,Long Island University Sharks,Duquesne Dukes,LIU,DUQ,28,31,away,3,,,24,8,1,8,7,1,
2023,2,5,401540030,2023-09-30,Sacred Heart Pioneers,Merrimack Warriors,SHU,MRMK,7,17,away,10,,,32,1,3,18,10,1,
2023,2,5,401540035,2023-09-30,Stonehill Skyhawks,St. Francis (PA) Red Flash,STO,SFPA,10,15,away,5,,,27,3,4,12,8,1,
2023,2,5,401540049,2023-09-30,Lafayette Leopards,Bucknell Bison,LAF,BUCK,56,22,home,34,,,25,11,2,7,5,1,
2023,2,5,401540059,2023-09-30,Georgetown Hoyas,Fordham Rams,GTWN,FOR,28,24,home,4,,,22,7,2,6,7,1,
2023,2,5,401540068,2023-09-30,Holy Cross Crusaders,Harvard Crimson,HC,HARV,28,38,away,10,,,24,8,1,6,9,1,
2023,2,5,401540082,2023-09-30,Monmouth Hawks,Lehigh Mountain Hawks,MONM,LEH,49,7,home,42,,,25,7,1,12,5,1,
2023,2,5,401540088,2023-09-30,Alabama A&M Bulldogs,Tuskegee Golden Tigers,AAMU,TUSK,58,3,home,55,,,26,8,2,9,7,1,
2023,2,5,401540118,2023-09-30,Alabama State Hornets,Alcorn State Braves,ALST,ALCN,20,23,away,3,,,23,4,6,9,4,1,
2023,2,5,401540135,2023-09-30,Arkansas-Pine Bluff Golden Lions,Southern Jaguars,UAPB,SOU,0,27,away,27,,,26,3,3,10,10,1,
2023,2,5,401540150,2023-09-30,Mississippi Valley State Delta Devils,Florida A&M Rattlers,MVSU,FAMU,7,31,away,24,,,0,0,0,0,0,0,no drives
2023,2,5,401540158,2023-09-30,Grambling Tigers,Prairie View A&M Panthers,GRAM,PV,35,20,home,15,,,24,6,6,6,6,1,
2023,2,5,401540172,2023-09-30,Texas Southern Tigers,Lincoln (CA) Oaklanders,TXSO,LCLN,52,7,home,45,,,23,8,1,10,4,1,
2023,2,5,401540176,2023-09-30,Lindenwood Lions,Austin Peay Governors,LIN,APSU,10,52,away,42,,,34,8,2,13,11,1,
2023,2,5,401540194,2023-09-30,North Alabama Lions,Eastern Kentucky Colonels,UNA,EKU,22,32,away,10,,,26,7,1,9,9,1,
2023,2,5,401540215,2023-09-30,SE Louisiana Lions,Tarleton State Texans,SELA,TAR,13,14,away,1,,,22,3,1,11,7,1,
2023,2,5,401540238,2023-09-30,Eastern Washington Eagles,Idaho Vandals,EWU,IDHO,36,44,away,8,,,20,10,1,4,5,1,
2023,2,5,401540253,2023-09-30,Montana Grizzlies,Idaho State Bengals,MONT,IDST,28,20,home,8,,,21,7,2,7,5,1,
2023,2,5,401540269,2023-09-30,Montana State Bobcats,Portland State Vikings,MTST,PRST,38,22,home,16,,,18,8,2,5,3,1,
2023,2,5,401540280,2023-09-30,Northern Colorado Bears,Weber State Wildcats,UNCO,WEB,21,28,away,7,,,26,5,1,9,11,1,
2023,2,5,401540300,2023-09-30,Murray State Racers,Indiana State Sycamores,MUR,INST,30,28,home,2,,,21,7,1,8,5,1,
2023,2,5,401540308,2023-09-30,Cornell Big Red,Colgate Raiders,COR,COLG,25,35,away,10,,,28,8,3,11,6,1,
2023,2,5,401540335,2023-09-30,Pennsylvania Quakers,Dartmouth Big Green,PENN,DART,20,23,away,3,,,31,4,7,11,9,1,
2023,2,5,401540347,2023-09-30,Southern Illinois Salukis,Missouri State Bears,SIU,MOST,33,20,home,13,,,19,6,4,6,3,1,
2023,2,5,401540357,2023-09-30,Houston Christian Huskies,Lamar Cardinals,HCU,LAM,19,21,away,2,,,25,5,2,9,9,1,
2023,2,5,401540370,2023-09-30,South Dakota State Jackrabbits,North Dakota Fighting Hawks,SDST,UND,42,21,home,21,,,16,9,0,5,2,1,
2023,2,5,401540384,2023-09-30,North Dakota State Bison,South Dakota Coyotes,NDSU,SDAK,19,24,away,5,,,13,5,3,2,3,1,
2023,2,5,401540400,2023-09-30,Davidson Wildcats,San Diego Toreros,DAV,USD,55,33,home,22,,,22,11,4,3,4,1,
2023,2,5,401540407,2023-09-30,Northern Iowa Panthers,Youngstown State Penguins,UNI,YSU,44,41,home,3,,,27,11,3,8,5,1,
2023,2,5,401540412,2023-09-30,Elon Phoenix,William & Mary Tribe,ELON,W&M,14,6,home,8,,,20,1,3,7,9,1,
2023,2,5,401540417,2023-09-30,Richmond Spiders,Hampton Pirates,RICH,HAMP,14,31,away,17,,,26,6,2,14,4,1,
2023,2,5,401540423,2023-09-30,Rhode Island Rams,Bryant Bulldogs,URI,BRY,49,26,home,23,,,0,0,0,0,0,0,no drives
2023,2,5,401540430,2023-09-30,Northwestern State Demons,Eastern Illinois Panthers,NWST,EIU,10,19,away,9,,,25,3,6,7,9,1,
2023,2,5,401540438,2023-09-30,Stephen F. Austin Lumberjacks,Texas A&M-Commerce Lions,SFA,TAMC,56,27,home,29,,,25,12,1,4,8,1,
2023,2,5,401540456,2023-09-30,Valparaiso Beacons,Southwest Minnesota State Mustangs,VAL,SWMN,16,15,home,1,,,26,3,2,14,7,1,
2023,2,5,401540468,2023-09-30,Dayton Flyers,St. Thomas-Minnesota Tommies,DAY,STMN,14,20,away,6,,,28,5,1,13,9,1,
2023,2,5,401540473,2023-09-30,Charleston Southern Buccaneers,Kennesaw State Owls,CHSO,KENN,13,10,home,3,,,19,2,5,8,4,1,
2023,2,5,401540490,2023-09-30,Maine Black Bears,Stony Brook Seawolves,ME,STBK,56,28,home,28,,,32,12,1,11,8,1,
2023,2,5,401540509,2023-09-30,New Hampshire Wildcats,Towson Tigers,UNH,TOW,51,54,away,3,,,27,12,5,5,5,1,
2023,2,5,401540514,2023-09-30,Morehead State Eagles,Drake Bulldogs,MORE,DRKE,9,16,away,7,,,20,3,2,10,5,1,
2023,2,5,401540522,2023-09-30,Marist Red Foxes,Stetson Hatters,MRST,STET,34,24,home,10,,,21,7,5,4,5,1,
2023,2,5,401540542,2023-09-30,UT Martin Skyhawks,Tennessee State Tigers,UTM,TNST,20,10,home,10,,,23,3,3,13,4,1,
2023,2,5,401540555,2023-09-30,Butler Bulldogs,Presbyterian Blue Hose,BUT,PRES,27,17,home,10,,,21,5,4,7,5,1,
2023,2,5,401540584,2023-09-30,Wofford Terriers,Chattanooga Mocs,WOF,UTC,13,23,away,10,,,26,3,5,11,7,1,
2023,2,5,401540591,2023-09-30,Samford Bulldogs,East Tennessee State Buccaneers,SAM,ETSU,42,28,home,14,,,27,10,0,8,9,1,
2023,2,5,401540606,2023-09-30,UAlbany Great Danes,Villanova Wildcats,ALB,VILL,31,10,home,21,,,20,5,2,5,8,1,
2023,2,5,401540611,2023-09-30,Mercer Bears,VMI Keydets,MER,VMI,38,3,home,35,,,24,4,2,12,6,1,
2023,2,5,401540618,2023-09-30,The Citadel Bulldogs,Western Carolina Catamounts,CIT,WCU,14,49,away,35,,,19,10,0,4,5,1,
2023,2,5,401520285,2023-10-01,Mississippi State Bulldogs,Alabama Crimson Tide,MSST,ALA,17,40,away,23,,,23,5,5,6,7,1,
2023,2,5,401524021,2023-10-01,Arizona Wildcats,Washington Huskies,ARIZ,WASH,24,31,away,7,,,19,7,2,5,5,1,
2023,2,5,401525516,2023-10-01,Virginia Tech Hokies,Pittsburgh Panthers,VT,PITT,38,21,home,17,,,25,7,2,11,5,1,
2023,2,5,401525853,2023-10-01,TCU Horned Frogs,West Virginia Mountaineers,TCU,WVU,21,24,away,3,,,25,6,5,10,4,1,
2023,2,5,401531882,2023-10-01,UL Monroe Warhawks,Appalachian State Mountaineers,ULM,APP,40,41,away,1,,,29,10,2,8,9,1,
2023,2,5,401532587,2023-10-01,Fresno State Bulldogs,Nevada Wolf Pack,FRES,NEV,27,9,home,18,,,25,4,3,10,8,1,
2023,2,5,401532589,2023-10-01,Air Force Falcons,San Diego State Aztecs,AFA,SDSU,49,10,home,39,,,17,7,1,6,3,1,
2023,2,5,401540186,2023-10-01,Southern Utah Thunderbirds,Central Arkansas Bears,SUU,CARK,27,29,away,2,,,28,7,5,11,5,1,
2023,2,5,401540228,2023-10-01,Cal Poly Mustangs,UC Davis Aggies,CP,UCD,13,31,away,18,,,22,6,1,6,9,1,
2023,2,5,401540273,2023-10-01,Sacramento State Hornets,Northern Arizona Lumberjacks,SAC,NAU,31,30,home,1,,,20,8,2,6,4,1,
2023,2,5,401540391,2023-10-01,McNeese Cowboys,Nicholls Colonels,MCN,NICH,10,31,away,21,,,21,4,2,7,8,1,
2023,2,6,401520294,2023-10-05,Middle Tennessee Blue Raiders,Jacksonville State Gamecocks,MTSU,JVST,30,45,away,15,,,37,9,3,17,8,1,
2023,2,6,401520296,2023-10-05,Liberty Flames,Sam Houston Bearkats,LIB,SHSU,21,16,home,5,,,24,5,3,11,5,1,
2023,2,6,401520297,2023-10-05,New Mexico State Aggies,Florida International Panthers,NMSU,FIU,34,17,home,17,,,25,6,3,9,7,1,
2023,2,6,401520295,2023-10-06,Louisiana Tech Bulldogs,Western Kentucky Hilltoppers,LT,WKU,28,35,away,7,,,30,9,1,13,7,1,
2023,2,6,401525857,2023-10-06,Oklahoma State Cowboys,Kansas State Wildcats,OKST,KSU,29,21,home,8,,,26,4,6,7,9,1,
2023,2,6,401540309,2023-10-06,Harvard Crimson,Cornell Big Red,HARV,COR,41,23,home,18,,,22,9,1,7,5,1,
2023,2,6,401520298,2023-10-07,Army Black Knights,Boston College Eagles,ARMY,BC,24,27,away,3,,,20,7,1,8,4,1,
2023,2,6,401520299,2023-10-07,Florida Gators,Vanderbilt Commodores,FLA,VAN,38,14,home,24,,,22,7,1,8,6,1,
2023,2,6,401520300,2023-10-07,Georgia Bulldogs,Kentucky Wildcats,UGA,UK,51,13,home,38,,,22,8,2,9,3,1,
2023,2,6,401520301,2023-10-07,Illinois Fighting Illini,Nebraska Cornhuskers,ILL,NEB,7,20,away,13,,,26,3,4,9,10,1,
2023,2,6,401520302,2023-10-07,Iowa Hawkeyes,Purdue Boilermakers,IOWA,PUR,20,14,home,6,,,29,4,5,13,7,1,
2023,2,6,401520303,2023-10-07,Minnesota Golden Gophers,Michigan Wolverines,MINN,MICH,10,52,away,42,,,22,6,2,10,4,1,
2023,2,6,401520304,2023-10-07,Mississippi State Bulldogs,Western Michigan Broncos,MSST,WMU,41,28,home,13,,,25,9,4,7,5,1,
2023,2,6,401520305,2023-10-07,Missouri Tigers,LSU Tigers,MIZ,LSU,39,49,away,10,,,25,10,5,5,5,1,
2023,2,6,401520306,2023-10-07,Northwestern Wildcats,Howard Bison,NU,HOW,23,20,home,3,,,20,6,0,8,6,1,
2023,2,6,401520307,2023-10-07,Ohio State Buckeyes,Maryland Terrapins,OSU,MD,37,17,home,20,,,25,5,4,9,7,1,
2023,2,6,401520308,2023-10-07,Ole Miss Rebels,Arkansas Razorbacks,MISS,ARK,27,20,home,7,,,23,5,5,9,4,1,
2023,2,6,401520309,2023-10-07,Rice Owls,UConn Huskies,RICE,CONN,31,38,away,7,,,25,7,4,7,7,1,
2023,2,6,401520310,2023-10-07,Texas A&M Aggies,Alabama Crimson Tide,TA&M,ALA,20,26,away,6,,,26,5,4,10,7,1,
2023,2,6,401520311,2023-10-07,Wisconsin Badgers,Rutgers Scarlet Knights,WIS,RUTG,24,13,home,11,,,25,4,2,12,7,1,
2023,2,6,401524026,2023-10-07,Arizona State Sun Devils,Colorado Buffaloes,ASU,COLO,24,27,away,3,,,25,5,4,14,2,1,
2023,2,6,401524028,2023-10-07,UCLA Bruins,Washington State Cougars,UCLA,WSU,25,17,home,8,,,33,4,5,16,8,1,
2023,2,6,401525439,2023-10-07,Louisville Cardinals,Notre Dame Fighting Irish,LOU,ND,33,20,home,13,,,29,5,7,8,9,1,
2023,2,6,401525517,2023-10-07,Clemson Tigers,Wake Forest Demon Deacons,CLEM,WAKE,17,12,home,5,,,23,3,5,11,4,1,
2023,2,6,401525518,2023-10-07,Florida State Seminoles,Virginia Tech Hokies,FSU,VT,39,17,home,22,,,23,6,2,10,5,1,
2023,2,6,401525520,2023-10-07,North Carolina Tar Heels,Syracuse Orange,UNC,SYR,40,7,home,33,,,21,5,5,6,5,1,
2023,2,6,401525521,2023-10-07,NC State Wolfpack,Marshall Thundering Herd,NCSU,MRSH,48,41,home,7,,,37,10,4,12,11,1,
2023,2,6,401525522,2023-10-07,Virginia Cavaliers,William & Mary Tribe,UVA,W&M,27,13,home,14,,,20,4,4,5,7,1,
2023,2,6,401525860,2023-10-07,Kansas Jayhawks,UCF Knights,KU,UCF,51,22,home,29,,,21,9,2,5,5,1,
2023,2,6,401525861,2023-10-07,Texas Longhorns,Oklahoma Sooners,TEX,OU,30,34,away,4,,,23,6,5,4,8,1,
2023,2,6,401526837,2023-10-07,Massachusetts Minutemen,Toledo Rockets,MASS,TOL,24,41,away,17,,,22,8,5,6,3,1,
2023,2,6,401531340,2023-10-07,Florida Atlantic Owls,Tulsa Golden Hurricane,FAU,TLSA,20,17,home,3,,,24,4,4,8,8,1,
2023,2,6,401531380,2023-10-07,UAB Blazers,South Florida Bulls,UAB,USF,56,35,home,21,,,30,13,1,6,10,1,
2023,2,6,401531389,2023-10-07,Temple Owls,UTSA Roadrunners,TEM,UTSA,34,49,away,15,,,25,12,1,5,7,1,
2023,2,6,401531433,2023-10-07,Navy Midshipmen,North Texas Mean Green,NAVY,UNT,27,24,home,3,,,23,7,2,8,6,1,
2023,2,6,401531884,2023-10-07,Louisiana Ragin' Cajuns,Texas State Bobcats,UL,TXST,34,30,home,4,,,21,7,3,3,8,1,
2023,2,6,401531885,2023-10-07,UL Monroe Warhawks,South Alabama Jaguars,ULM,USA,7,55,away,48,,,21,8,3,5,5,1,
2023,2,6,401531886,2023-10-07,Southern Miss Golden Eagles,Old Dominion Monarchs,USM,ODU,13,17,away,4,,,22,2,3,13,4,1,
2023,2,6,401531887,2023-10-07,Troy Trojans,Arkansas State Red Wolves,TROY,ARST,37,3,home,34,,,23,4,4,10,5,1,
2023,2,6,401532414,2023-10-07,Eastern Michigan Eagles,Ball State Cardinals,EMU,BALL,24,10,home,14,,,22,4,3,9,6,1,
2023,2,6,401532415,2023-10-07,Buffalo Bulls,Central Michigan Chippewas,BUFF,CMU,37,13,home,24,,,25,4,4,8,9,1,
2023,2,6,401532416,2023-10-07,Miami (OH) RedHawks,Bowling Green Falcons,M-OH,BGSU,27,0,home,27,,,16,3,3,6,4,1,
2023,2,6,401532417,2023-10-07,Ohio Bobcats,Kent State Golden Flashes,OHIO,KENT,42,17,home,25,,,23,8,1,10,4,1,
2023,2,6,401532418,2023-10-07,Akron Zips,Northern Illinois Huskies,AKR,NIU,14,55,away,41,,,27,10,2,10,5,1,
2023,2,6,401539973,2023-10-07,Central Connecticut Blue Devils,Delaware State Hornets,CCSU,DSU,51,44,home,7,,,27,11,5,5,6,1,
2023,2,6,401539997,2023-10-07,Elon Phoenix,North Carolina Central Eagles,ELON,NCCU,23,34,away,11,,,22,8,2,6,6,1,
2023,2,6,401540001,2023-10-07,South Carolina State Bulldogs,Virginia Lynchburg Dragons,SCST,UVAL,56,6,home,50,,,0,0,0,0,0,0,no drives
2023,2,6,401540014,2023-10-07,Delaware Blue Hens,Duquesne Dukes,DEL,DUQ,43,17,home,26,,,23,8,1,8,6,1,
2023,2,6,401540021,2023-10-07,Long Island University Sharks,Sacred Heart Pioneers,LIU,SHU,23,13,home,10,,,0,0,0,0,0,0,no drives
2023,2,6,401540041,2023-10-07,Merrimack Warriors,Stonehill Skyhawks,MRMK,STO,45,34,home,11,,,26,11,1,10,4,1,
2023,2,6,401540050,2023-10-07,Bucknell Bison,Holy Cross Crusaders,BUCK,HC,27,55,away,28,,,29,11,2,8,8,1,
2023,2,6,401540060,2023-10-07,Pennsylvania Quakers,Georgetown Hoyas,PENN,GTWN,42,39,home,3,,,27,10,4,9,4,1,
2023,2,6,401540074,2023-10-07,Princeton Tigers,Lafayette Leopards,PRIN,LAF,9,12,away,3,,,22,2,3,10,7,1,
2023,2,6,401540083,2023-10-07,Fordham Rams,Lehigh Mountain Hawks,FOR,LEH,38,35,home,3,,,21,9,3,5,4,1,
2023,2,6,401540089,2023-10-07,Alabama A&M Bulldogs,Jackson State Tigers,AAMU,JKST,30,45,away,15,,,31,10,1,12,8,1,
2023,2,6,401540103,2023-10-07,Illinois State Redbirds,South Dakota State Jackrabbits,ILST,SDST,21,40,away,19,,,20,9,1,5,5,1,
2023,2,6,401540119,2023-10-07,Alabama State Hornets,Bethune-Cookman Wildcats,ALST,BCU,19,14,home,5,,,22,4,3,10,5,1,
2023,2,6,401540127,2023-10-07,Alcorn State Braves,Grambling Tigers,ALCN,GRAM,25,24,home,1,,,23,5,2,10,6,1,
2023,2,6,401540151,2023-10-07,Southern Jaguars,Florida A&M Rattlers,SOU,FAMU,19,26,away,7,,,25,6,1,12,6,1,
2023,2,6,401540165,2023-10-07,Prairie View A&M Panthers,Mississippi Valley State Delta Devils,PV,MVSU,31,12,home,19,,,18,5,4,6,3,1,
2023,2,6,401540187,2023-10-07,Central Arkansas Bears,Southeast Missouri State Redhawks,CARK,SEMO,38,33,home,5,,,24,9,5,7,3,1,
2023,2,6,401540208,2023-10-07,Tarleton State Texans,Southern Utah Thunderbirds,TAR,SUU,26,27,away,1,,,24,6,2,7,9,1,
2023,2,6,401540261,2023-10-07,UC Davis Aggies,Montana Grizzlies,UCD,MONT,23,31,away,8,,,28,7,3,11,7,1,
2023,2,6,401540292,2023-10-07,Brown Bears,Rhode Island Rams,BRWN,URI,30,34,away,4,,,28,7,4,11,6,1,
2023,2,6,401540301,2023-10-07,Indiana State Sycamores,Northern Iowa Panthers,INST,UNI,20,27,away,7,,,20,5,4,7,4,1,
2023,2,6,401540315,2023-10-07,Hampton Pirates,Campbell Fighting Camels,HAMP,CAM,27,30,away,3,,,0,0,0,0,0,0,no drives
2023,2,6,401540336,2023-10-07,Dartmouth Big Green,Yale Bulldogs,DART,YALE,24,31,away,7,,,23,6,2,10,5,1,
2023,2,6,401540348,2023-10-07,Missouri State Bears,North Dakota State Bison,MOST,NDSU,10,38,away,28,,,21,6,3,3,9,1,
2023,2,6,401540358,2023-10-07,Nicholls Colonels,Houston Christian Huskies,NICH,HCU,38,7,home,31,,,29,6,3,15,5,1,
2023,2,6,401540364,2023-10-07,South Dakota Coyotes,Murray State Racers,SDAK,MUR,38,7,home,31,,,0,0,0,0,0,0,no drives
2023,2,6,401540371,2023-10-07,North Dakota Fighting Hawks,Western Illinois Leathernecks,UND,WIU,49,10,home,39,,,17,7,1,4,5,1,
2023,2,6,401540377,2023-10-07,Lamar Cardinals,Northwestern State Demons,LAM,NWST,27,13,home,14,,,19,4,4,6,5,1,
2023,2,6,401540435,2023-10-07,Incarnate Word Cardinals,SE Louisiana Lions,UIW,SELA,33,26,home,7,,,21,7,4,2,8,1,
2023,2,6,401540447,2023-10-07,Youngstown State Penguins,Southern Illinois Salukis,YSU,SIU,31,3,home,28,,,21,4,3,7,7,1,
2023,2,6,401540457,2023-10-07,Drake Bulldogs,Valparaiso Beacons,DRKE,VAL,20,14,home,6,,,27,4,2,17,4,1,
2023,2,6,401540469,2023-10-07,Morehead State Eagles,Dayton Flyers,MORE,DAY,31,7,home,24,,,27,5,2,8,12,1,
2023,2,6,401540479,2023-10-07,Eastern Illinois Panthers,UT Martin Skyhawks,EIU,UTM,27,28,away,1,,,34,8,4,16,6,1,
2023,2,6,401540485,2023-10-07,Gardner-Webb Runnin' Bulldogs,Robert Morris Colonials,GWEB,RMU,31,16,home,15,,,0,0,0,0,0,0,no drives
2023,2,6,401540491,2023-10-07,Richmond Spiders,Maine Black Bears,RICH,ME,42,31,home,11,,,27,10,1,9,7,1,
2023,2,6,401540495,2023-10-07,Lindenwood Lions,Tennessee Tech Golden Eagles,LIN,TNTC,23,0,home,23,,,27,1,4,14,8,1,
2023,2,6,401540523,2023-10-07,Columbia Lions,Marist Red Foxes,COLU,MRST,16,0,home,16,,,26,2,2,9,13,1,
2023,2,6,401540544,2023-10-07,North Carolina A&T Aggies,Villanova Wildcats,NCAT,VILL,14,37,away,23,,,23,5,4,11,3,1,
2023,2,6,401540556,2023-10-07,Presbyterian Blue Hose,Stetson Hatters,PRES,STET,24,28,away,4,,,21,7,2,3,9,1,
2023,2,6,401540563,2023-10-07,St. Thomas-Minnesota Tommies,Butler Bulldogs,STMN,BUT,17,10,home,7,,,20,3,2,9,6,1,
2023,2,6,401540578,2023-10-07,Towson Tigers,UAlbany Great Danes,TOW,ALB,17,24,away,7,,,22,4,4,6,8,1,
2023,2,6,401540585,2023-10-07,Chattanooga Mocs,Western Carolina Catamounts,UTC,WCU,50,52,away,2,,,25,12,3,8,2,1,
2023,2,6,401540592,2023-10-07,East Tennessee State Buccaneers,Mercer Bears,ETSU,MER,6,24,away,18,,,30,3,5,16,6,1,
2023,2,6,401540600,2023-10-07,Furman Paladins,The Citadel Bulldogs,FUR,CIT,28,14,home,14,,,21,6,1,5,9,1,
2023,2,6,401540608,2023-10-07,Kennesaw State Owls,Tennessee State Tigers,KENN,TNST,20,27,away,7,,,30,5,4,15,6,1,
2023,2,6,401540627,2023-10-07,Wofford Terriers,Samford Bulldogs,WOF,SAM,10,31,away,21,,,25,5,3,13,4,1,
2023,2,6,401524025,2023-10-08,USC Trojans,Arizona Wildcats,USC,ARIZ,43,41,home,2,,,28,12,4,8,4,1,
2023,2,6,401524027,2023-10-08,California Golden Bears,Oregon State Beavers,CAL,ORST,40,52,away,12,,,23,12,2,3,6,1,
2023,2,6,401525519,2023-10-08,Miami Hurricanes,Georgia Tech Yellow Jackets,MIA,GT,20,23,away,3,,,25,5,3,9,8,1,
2023,2,6,401525858,2023-10-08,Baylor Bears,Texas Tech Red Raiders,BAY,TTU,14,39,away,25,,,27,6,3,6,12,1,
2023,2,6,401525859,2023-10-08,Iowa State Cyclones,TCU Horned Frogs,ISU,TCU,27,14,home,13,,,25,5,3,10,7,1,
2023,2,6,401532590,2023-10-08,Utah State Aggies,Colorado State Rams,USU,CSU,44,24,home,20,,,34,8,3,12,11,1,
2023,2,6,401532591,2023-10-08,Wyoming Cowboys,Fresno State Bulldogs,WYO,FRES,24,19,home,5,,,19,5,4,7,3,1,
2023,2,6,401532592,2023-10-08,Boise State Broncos,San José State Spartans,BOIS,SJSU,35,27,home,8,,,26,8,3,7,8,1,
2023,2,6,401540223,2023-10-08,Utah Tech Trailblazers,Stephen F. Austin Lumberjacks,UTU,SFA,37,31,home,6,,,28,9,4,8,7,1,
2023,2,6,401540229,2023-10-08,Cal Poly Mustangs,Idaho Vandals,CP,IDHO,14,42,away,28,,,27,8,1,9,9,1,
2023,2,6,401540274,2023-10-08,Weber State Wildcats,Northern Arizona Lumberjacks,WEB,NAU,10,27,away,17,,,23,4,4,9,6,1,
2023,2,6,401540392,2023-10-08,Texas A&M-Commerce Lions,McNeese Cowboys,TAMC,MCN,41,10,home,31,,,28,6,3,12,7,1,
2023,2,7,401520312,2023-10-10,Jacksonville State Gamecocks,Liberty Flames,JVST,LIB,13,31,away,18,,,19,5,4,4,6,1,
2023,2,7,401520313,2023-10-10,Middle Tennessee Blue Raiders,Louisiana Tech Bulldogs,MTSU,LT,31,23,home,8,,,22,7,2,8,5,1,
2023,2,7,401531888,2023-10-10,Appalachian State Mountaineers,Coastal Carolina Chanticleers,APP,CCU,24,27,away,3,,,21,6,2,7,6,1,
2023,2,7,401520314,2023-10-11,Florida International Panthers,UTEP Miners,FIU,UTEP,14,27,away,13,,,25,5,4,9,7,1,
2023,2,7,401520315,2023-10-12,New Mexico State Aggies,Sam Houston Bearkats,NMSU,SHSU,27,13,home,14,,,26,5,3,12,6,1,
2023,2,7,401525862,2023-10-12,Houston Cougars,West Virginia Mountaineers,HOU,WVU,41,39,home,2,,,23,10,1,10,2,1,
2023,2,7,401531415,2023-10-12,East Carolina Pirates,SMU Mustangs,ECU,SMU,10,31,away,21,,,31,4,3,20,4,1,
2023,2,7,401540036,2023-10-12,St. Francis (PA) Red Flash,Wagner Seahawks,SFPA,WAG,31,7,home,24,,,20,5,4,6,5,1,
2023,2,7,401531371,2023-10-13,Memphis Tigers,Tulane Green Wave,MEM,TULN,21,31,away,10,,,24,7,1,10,6,1,
2023,2,7,401520316,2023-10-14,Alabama Crimson Tide,Arkansas Razorbacks,ALA,ARK,24,21,home,3,,,24,5,3,14,2,1,
2023,2,7,401520317,2023-10-14,Army Black Knights,Troy Trojans,ARMY,TROY,0,19,away,19,,,25,1,5,8,11,1,
2023,2,7,401520318,2023-10-14,Kentucky Wildcats,Missouri Tigers,UK,MIZ,21,38,away,17,,,26,7,4,8,7,1,
2023,2,7,401520319,2023-10-14,LSU Tigers,Auburn Tigers,LSU,AUB,48,18,home,30,,,22,8,3,7,4,1,
2023,2,7,401520320,2023-10-14,Maryland Terrapins,Illinois Fighting Illini,MD,ILL,24,27,away,3,,,24,6,5,10,3,1,
2023,2,7,401520321,2023-10-14,Michigan Wolverines,Indiana Hoosiers,MICH,IU,52,7,home,45,,,22,8,1,6,7,1,
2023,2,7,401520322,2023-10-14,Penn State Nittany Lions,Massachusetts Minutemen,PSU,MASS,63,0,home,63,,,23,7,0,11,5,1,
2023,2,7,401520323,2023-10-14,Purdue Boilermakers,Ohio State Buckeyes,PUR,OSU,7,41,away,34,,,26,7,3,11,5,1,
2023,2,7,401520324,2023-10-14,Rutgers Scarlet Knights,Michigan State Spartans,RUTG,MSU,27,24,home,3,,,22,5,4,6,7,1,
2023,2,7,401520325,2023-10-14,South Carolina Gamecocks,Florida Gators,SC,FLA,39,41,away,2,,,24,9,6,6,3,1,
2023,2,7,401520326,2023-10-14,Tennessee Volunteers,Texas A&M Aggies,TENN,TA&M,20,13,home,7,,,22,2,6,7,7,1,
2023,2,7,401520327,2023-10-14,Vanderbilt Commodores,Georgia Bulldogs,VAN,UGA,20,37,away,17,,,20,7,4,4,5,1,
2023,2,7,401520328,2023-10-14,Wisconsin Badgers,Iowa Hawkeyes,WIS,IOWA,6,15,away,9,,,30,1,4,18,7,1,
2023,2,7,401524029,2023-10-14,Colorado Buffaloes,Stanford Cardinal,COLO,STAN,43,46,away,3,,,27,12,3,6,6,1,
2023,2,7,401524030,2023-10-14,Washington State Cougars,Arizona Wildcats,WSU,ARIZ,6,44,away,38,,,23,6,3,6,8,1,
2023,2,7,401524031,2023-10-14,Notre Dame Fighting Irish,USC Trojans,ND,USC,48,20,home,28,,,26,6,4,8,8,1,
2023,2,7,401524033,2023-10-14,Utah Utes,California Golden Bears,UTAH,CAL,34,14,home,20,,,22,6,4,5,7,1,
2023,2,7,401524034,2023-10-14,Washington Huskies,Oregon Ducks,WASH,ORE,36,33,home,3,,,21,9,2,5,5,1,
2023,2,7,401525524,2023-10-14,Florida State Seminoles,Syracuse Orange,FSU,SYR,41,3,home,38,,,28,5,4,13,6,1,
2023,2,7,401525525,2023-10-14,Pittsburgh Panthers,Louisville Cardinals,PITT,LOU,38,21,home,17,,,28,7,2,10,9,1,
2023,2,7,401525526,2023-10-14,North Carolina Tar Heels,Miami Hurricanes,UNC,MIA,41,31,home,10,,,27,9,2,10,6,1,
2023,2,7,401525527,2023-10-14,Virginia Tech Hokies,Wake Forest Demon Deacons,VT,WAKE,30,13,home,17,,,26,3,6,9,8,1,
2023,2,7,401525863,2023-10-14,Cincinnati Bearcats,Iowa State Cyclones,CIN,ISU,10,30,away,20,,,20,4,4,8,4,1,
2023,2,7,401525864,2023-10-14,Oklahoma State Cowboys,Kansas Jayhawks,OKST,KU,39,32,home,7,,,27,9,5,7,6,1,
2023,2,7,401525865,2023-10-14,TCU Horned Frogs,BYU Cougars,TCU,BYU,44,11,home,33,,,26,5,4,8,9,1,
2023,2,7,401525866,2023-10-14,Texas Tech Red Raiders,Kansas State Wildcats,TTU,KSU,21,38,away,17,,,25,8,1,9,7,1,
2023,2,7,401531390,2023-10-14,North Texas Mean Green,Temple Owls,UNT,TEM,45,14,home,31,,,22,8,1,5,8,1,
2023,2,7,401531405,2023-10-14,Charlotte 49ers,Navy Midshipmen,CLT,NAVY,0,14,away,14,,,27,2,0,20,5,1,
2023,2,7,401531420,2023-10-14,South Florida Bulls,Florida Atlantic Owls,USF,FAU,14,56,away,42,,,25,9,1,7,8,1,
2023,2,7,401531889,2023-10-14,Georgia State Panthers,Marshall Thundering Herd,GAST,MRSH,41,24,home,17,,,23,7,3,7,6,1,
2023,2,7,401531890,2023-10-14,James Madison Dukes,Georgia Southern Eagles,JMU,GASO,41,13,home,28,,,22,6,4,8,4,1,
2023,2,7,401531891,2023-10-14,Texas State Bobcats,UL Monroe Warhawks,TXST,ULM,21,20,home,1,,,24,3,5,11,5,1,
2023,2,7,401532419,2023-10-14,Ball State Cardinals,Toledo Rockets,BALL,TOL,6,13,away,7,,,19,1,4,8,6,1,
2023,2,7,401532420,2023-10-14,Central Michigan Chippewas,Akron Zips,CMU,AKR,17,10,home,7,,,26,2,4,12,8,1,
2023,2,7,401532421,2023-10-14,Buffalo Bulls,Bowling Green Falcons,BUFF,BGSU,14,24,away,10,,,25,4,3,6,12,1,
2023,2,7,401532422,2023-10-14,Eastern Michigan Eagles,Kent State Golden Flashes,EMU,KENT,28,14,home,14,,,31,5,0,18,8,1,
2023,2,7,401532423,2023-10-14,Western Michigan Broncos,Miami (OH) RedHawks,WMU,M-OH,21,34,away,13,,,24,6,5,5,8,1,
2023,2,7,401532424,2023-10-14,Northern Illinois Huskies,Ohio Bobcats,NIU,OHIO,23,13,home,10,,,21,3,5,7,6,1,
2023,2,7,401532594,2023-10-14,Utah State Aggies,Fresno State Bulldogs,USU,FRES,32,37,away,5,,,25,9,2,9,5,1,
2023,2,7,401532596,2023-10-14,New Mexico Lobos,San José State Spartans,UNM,SJSU,24,52,away,28,,,24,9,3,8,4,1,
2023,2,7,401532597,2023-10-14,Nevada Wolf Pack,UNLV Rebels,NEV,UNLV,27,45,away,18,,,27,10,1,10,6,1,
2023,2,7,401532598,2023-10-14,Air Force Falcons,Wyoming Cowboys,AFA,WYO,34,27,home,7,,,19,8,4,3,4,1,
2023,2,7,401534853,2023-10-14,Harvard Crimson,Howard Bison,HARV,HOW,48,7,home,41,,,22,7,2,6,7,1,
2023,2,7,401539990,2023-10-14,Tennessee State Tigers,Norfolk State Spartans,TNST,NORF,24,17,home,7,,,24,5,2,11,6,1,
2023,2,7,401540002,2023-10-14,South Carolina State Bulldogs,Tennessee Tech Golden Eagles,SCST,TNTC,7,28,away,21,,,0,0,0,0,0,0,no drives
2023,2,7,401540006,2023-10-14,Duquesne Dukes,Central Connecticut Blue Devils,DUQ,CCSU,44,20,home,24,,,23,8,3,6,6,1,
2023,2,7,401540022,2023-10-14,Maine Black Bears,Long Island University Sharks,ME,LIU,24,13,home,11,,,19,4,5,7,3,1,
2023,2,7,401540031,2023-10-14,Yale Bulldogs,Sacred Heart Pioneers,YALE,SHU,31,3,home,28,,,27,4,3,12,8,1,
2023,2,7,401540051,2023-10-14,Cornell Big Red,Bucknell Bison,COR,BUCK,13,21,away,8,,,21,4,3,9,5,1,
2023,2,7,401540061,2023-10-14,Lehigh Mountain Hawks,Georgetown Hoyas,LEH,GTWN,7,17,away,10,,,20,3,3,8,6,1,
2023,2,7,401540104,2023-10-14,Illinois State Redbirds,Indiana State Sycamores,ILST,INST,44,7,home,37,,,23,5,1,10,7,1,
2023,2,7,401540110,2023-10-14,Grambling Tigers,Alabama A&M Bulldogs,GRAM,AAMU,24,45,away,21,,,26,9,3,6,8,1,
2023,2,7,401540120,2023-10-14,Jackson State Tigers,Alabama State Hornets,JKST,ALST,19,24,away,5,,,26,5,3,10,8,1,
2023,2,7,401540136,2023-10-14,Mississippi Valley State Delta Devils,Arkansas-Pine Bluff Golden Lions,MVSU,UAPB,42,17,home,25,,,25,7,3,9,6,1,
2023,2,7,401540143,2023-10-14,Bethune-Cookman Wildcats,Texas Southern Tigers,BCU,TXSO,31,34,away,3,,,22,7,5,7,3,1,
2023,2,7,401540168,2023-10-14,Houston Christian Huskies,Prairie View A&M Panthers,HCU,PV,30,0,home,30,,,22,3,3,9,7,1,
2023,2,7,401540170,2023-10-14,Southern Jaguars,Lincoln (CA) Oaklanders,SOU,LCLN,45,18,home,27,,,25,8,1,8,8,1,
2023,2,7,401540177,2023-10-14,Austin Peay Governors,Gardner-Webb Runnin' Bulldogs,APSU,GWEB,41,14,home,27,,,25,6,4,9,6,1,
2023,2,7,401540188,2023-10-14,Central Arkansas Bears,Stephen F. Austin Lumberjacks,CARK,SFA,24,21,home,3,,,24,6,4,8,6,1,
2023,2,7,401540195,2023-10-14,Eastern Kentucky Colonels,Tarleton State Texans,EKU,TAR,41,35,home,6,,,23,11,2,7,3,1,
2023,2,7,401540204,2023-10-14,Abilene Christian Wildcats,North Alabama Lions,ACU,UNA,30,13,home,17,,,0,0,0,0,0,0,no drives
2023,2,7,401540239,2023-10-14,Idaho State Bengals,Eastern Washington Eagles,IDST,EWU,42,41,home,1,,,0,0,0,0,0,0,no drives
2023,2,7,401540275,2023-10-14,Northern Arizona Lumberjacks,Portland State Vikings,NAU,PRST,21,45,away,24,,,21,9,1,4,7,1,
2023,2,7,401540281,2023-10-14,Northern Colorado Bears,Sacramento State Hornets,UNCO,SAC,13,21,away,8,,,22,4,3,9,6,1,
2023,2,7,401540293,2023-10-14,Brown Bears,Princeton Tigers,BRWN,PRIN,28,27,home,1,,,31,7,0,13,11,1,
2023,2,7,401540325,2023-10-14,Delaware Blue Hens,North Carolina A&T Aggies,DEL,NCAT,21,6,home,15,,,25,3,3,10,9,1,
2023,2,7,401540337,2023-10-14,Colgate Raiders,Dartmouth Big Green,COLG,DART,27,24,home,3,,,22,6,3,6,7,1,
2023,2,7,401540349,2023-10-14,Western Illinois Leathernecks,Missouri State Bears,WIU,MOST,7,48,away,41,,,18,6,2,2,8,1,
2023,2,7,401540365,2023-10-14,Murray State Racers,Southern Illinois Salukis,MUR,SIU,6,27,away,21,,,24,3,4,11,6,1,
2023,2,7,401540372,2023-10-14,North Dakota Fighting Hawks,North Dakota State Bison,UND,NDSU,49,24,home,25,,,18,9,1,3,5,1,
2023,2,7,401540378,2023-10-14,SE Louisiana Lions,Lamar Cardinals,SELA,LAM,24,30,away,6,,,24,5,2,10,7,1,
2023,2,7,401540401,2023-10-14,Butler Bulldogs,Davidson Wildcats,BUT,DAV,33,35,away,2,,,22,8,3,4,7,1,
2023,2,7,401540408,2023-10-14,South Dakota State Jackrabbits,Northern Iowa Panthers,SDST,UNI,41,6,home,35,,,21,5,4,3,9,1,
2023,2,7,401540413,2023-10-14,Villanova Wildcats,Elon Phoenix,VILL,ELON,21,0,home,21,,,18,3,0,7,8,1,
2023,2,7,401540418,2023-10-14,Monmouth Hawks,Hampton Pirates,MONM,HAMP,61,10,home,51,,,26,9,2,10,5,1,
2023,2,7,401540424,2023-10-14,Bryant Bulldogs,Robert Morris Colonials,BRY,RMU,43,24,home,19,,,0,0,0,0,0,0,no drives
2023,2,7,401540431,2023-10-14,Nicholls Colonels,Northwestern State Demons,NICH,NWST,1,0,home,1,,,0,0,0,0,0,0,no drives
2023,2,7,401540439,2023-10-14,Incarnate Word Cardinals,Texas A&M-Commerce Lions,UIW,TAMC,28,11,home,17,,,32,4,4,12,12,1,
2023,2,7,401540442,2023-10-14,South Dakota Coyotes,Youngstown State Penguins,SDAK,YSU,34,31,home,3,,,24,8,3,9,4,1,
2023,2,7,401540458,2023-10-14,Valparaiso Beacons,Morehead State Eagles,VAL,MORE,21,24,away,3,,,25,6,2,10,7,1,
2023,2,7,401540474,2023-10-14,Charleston Southern Buccaneers,Lindenwood Lions,CHSO,LIN,24,10,home,14,,,25,4,2,11,8,1,
2023,2,7,401540480,2023-10-14,Southeast Missouri State Redhawks,Eastern Illinois Panthers,SEMO,EIU,35,28,home,7,,,27,9,0,11,7,1,
2023,2,7,401540510,2023-10-14,Dayton Flyers,Presbyterian Blue Hose,DAY,PRES,17,20,away,3,,,24,4,4,8,8,1,
2023,2,7,401540515,2023-10-14,Drake Bulldogs,St. Thomas-Minnesota Tommies,DRKE,STMN,52,21,home,31,,,23,9,1,7,6,1,
2023,2,7,401540524,2023-10-14,Marist Red Foxes,San Diego Toreros,MRST,USD,30,16,home,14,,,27,5,2,9,11,1,
2023,2,7,401540530,2023-10-14,New Hampshire Wildcats,UAlbany Great Danes,UNH,ALB,38,31,home,7,,,31,9,3,12,7,1,
2023,2,7,401540570,2023-10-14,Rhode Island Rams,Richmond Spiders,URI,RICH,17,24,away,7,,,0,0,0,0,0,0,no drives
2023,2,7,401540575,2023-10-14,Stony Brook Seawolves,Fordham Rams,STBK,FOR,7,26,away,19,,,25,4,3,11,7,1,
2023,2,7,401540586,2023-10-14,Mercer Bears,Chattanooga Mocs,MER,UTC,10,22,away,12,,,29,2,6,14,7,1,
2023,2,7,401540593,2023-10-14,East Tennessee State Buccaneers,Wofford Terriers,ETSU,WOF,41,10,home,31,,,20,5,4,7,4,1,
2023,2,7,401540601,2023-10-14,Samford Bulldogs,Furman Paladins,SAM,FUR,21,27,away,6,,,21,6,3,8,4,1,
2023,2,7,401540619,2023-10-14,The Citadel Bulldogs,VMI Keydets,CIT,VMI,13,17,away,4,,,20,3,4,6,7,1,
2023,2,7,401541633,2023-10-14,Columbia Lions,Pennsylvania Quakers,COLU,PENN,17,20,away,3,,,25,4,3,13,5,1,
2023,2,7,401524032,2023-10-15,Oregon State Beavers,UCLA Bruins,ORST,UCLA,36,24,home,12,,,23,6,4,5,8,1,
2023,2,7,401525523,2023-10-15,Duke Blue Devils,NC State Wolfpack,DUKE,NCSU,24,3,home,21,,,24,3,2,12,7,1,
2023,2,7,401531381,2023-10-15,UTSA Roadrunners,UAB Blazers,UTSA,UAB,41,20,home,21,,,23,7,5,5,6,1,
2023,2,7,401532593,2023-10-15,Colorado State Rams,Boise State Broncos,CSU,BOIS,31,30,home,1,,,26,7,5,9,5,1,
2023,2,7,401532595,2023-10-15,Hawai'i Rainbow Warriors,San Diego State Aztecs,HAW,SDSU,34,41,away,7,,,28,8,5,8,7,1,
2023,2,7,401540230,2023-10-15,Montana State Bobcats,Cal Poly Mustangs,MTST,CP,59,19,home,40,,,28,10,2,14,2,1,
2023,2,7,401540246,2023-10-15,Idaho Vandals,Montana Grizzlies,IDHO,MONT,21,23,away,2,,,20,5,3,5,7,1,
2023,2,7,401540289,2023-10-15,Weber State Wildcats,UC Davis Aggies,WEB,UCD,16,17,away,1,,,27,3,5,14,5,1,
2023,2,8,401520329,2023-10-17,Jacksonville State Gamecocks,Western Kentucky Hilltoppers,JVST,WKU,20,17,home,3,,,26,4,3,13,6,1,
2023,2,8,401520330,2023-10-17,Liberty Flames,Middle Tennessee Blue Raiders,LIB,MTSU,42,35,home,7,,,27,11,0,8,8,1,
2023,2,8,401531892,2023-10-17,South Alabama Jaguars,Southern Miss Golden Eagles,USA,USM,55,3,home,52,,,23,7,4,7,5,1,
2023,2,8,401520331,2023-10-18,Sam Houston Bearkats,Florida International Panthers,SHSU,FIU,27,33,away,6,,,25,6,5,10,4,1,
2023,2,8,401520332,2023-10-19,UTEP Miners,New Mexico State Aggies,UTEP,NMSU,7,28,away,21,,,19,5,2,7,5,1,
2023,2,8,401531341,2023-10-19,Tulsa Golden Hurricane,Rice Owls,TLSA,RICE,10,42,away,32,,,25,7,1,10,7,1,
2023,2,8,401531893,2023-10-19,Marshall Thundering Herd,James Madison Dukes,MRSH,JMU,9,20,away,11,,,27,2,2,14,9,1,
2023,2,8,401539983,2023-10-19,Morgan State Bears,North Carolina Central Eagles,MORG,NCCU,10,16,away,6,,,22,2,5,10,5,1,
2023,2,8,401531391,2023-10-20,Temple Owls,SMU Mustangs,TEM,SMU,0,55,away,55,,,25,6,3,10,6,1,
2023,2,8,401540432,2023-10-20,Northwestern State Demons,SE Louisiana Lions,NWST,SELA,20,37,away,17,,,28,6,4,7,11,1,
2023,2,8,401520333,2023-10-21,Alabama Crimson Tide,Tennessee Volunteers,ALA,TENN,34,20,home,14,,,27,5,4,10,8,1,
2023,2,8,401520334,2023-10-21,Arkansas Razorbacks,Mississippi State Bulldogs,ARK,MSST,3,7,away,4,,,23,1,2,14,6,1,
2023,2,8,401520335,2023-10-21,Auburn Tigers,Ole Miss Rebels,AUB,MISS,21,28,away,7,,,27,7,0,12,8,1,
2023,2,8,401520336,2023-10-21,Illinois Fighting Illini,Wisconsin Badgers,ILL,WIS,21,25,away,4,,,22,6,1,10,5,1,
2023,2,8,401520337,2023-10-21,Indiana Hoosiers,Rutgers Scarlet Knights,IU,RUTG,14,31,away,17,,,19,5,1,8,5,1,
2023,2,8,401520338,2023-10-21,Iowa Hawkeyes,Minnesota Golden Gophers,IOWA,MINN,10,12,away,2,,,29,1,6,18,4,1,
2023,2,8,401520339,2023-10-21,LSU Tigers,Army Black Knights,LSU,ARMY,62,0,home,62,,,23,8,2,5,8,1,
2023,2,8,401520340,2023-10-21,Michigan State Spartans,Michigan Wolverines,MSU,MICH,0,49,away,49,,,23,6,0,11,6,1,
2023,2,8,401520341,2023-10-21,Missouri Tigers,South Carolina Gamecocks,MIZ,SC,34,12,home,22,,,23,4,7,7,5,1,
2023,2,8,401520342,2023-10-21,Nebraska Cornhuskers,Northwestern Wildcats,NEB,NU,17,9,home,8,,,26,2,5,14,5,1,
2023,2,8,401520343,2023-10-21,Ohio State Buckeyes,Penn State Nittany Lions,OSU,PSU,20,12,home,8,,,28,3,5,15,5,1,
2023,2,8,401520344,2023-10-21,UConn Huskies,South Florida Bulls,CONN,USF,21,24,away,3,,,27,6,4,8,9,1,
2023,2,8,401524035,2023-10-21,Oregon Ducks,Washington State Cougars,ORE,WSU,38,24,home,14,,,23,7,5,6,5,1,
2023,2,8,401525528,2023-10-21,Georgia Tech Yellow Jackets,Boston College Eagles,GT,BC,23,38,away,15,,,25,7,3,9,6,1,
2023,2,8,401525530,2023-10-21,Florida State Seminoles,Duke Blue Devils,FSU,DUKE,38,20,home,18,,,21,5,3,4,9,1,
2023,2,8,401525531,2023-10-21,North Carolina Tar Heels,Virginia Cavaliers,UNC,UVA,27,31,away,4,,,28,7,3,11,7,1,
2023,2,8,401525532,2023-10-21,Wake Forest Demon Deacons,Pittsburgh Panthers,WAKE,PITT,21,17,home,4,,,27,5,1,14,7,1,
2023,2,8,401525867,2023-10-21,BYU Cougars,Texas Tech Red Raiders,BYU,TTU,27,14,home,13,,,25,4,2,12,7,1,
2023,2,8,401525868,2023-10-21,Cincinnati Bearcats,Baylor Bears,CIN,BAY,29,32,away,3,,,23,6,4,6,7,1,
2023,2,8,401525869,2023-10-21,Houston Cougars,Texas Longhorns,HOU,TEX,24,31,away,7,,,23,7,2,7,7,1,
2023,2,8,401525870,2023-10-21,Kansas State Wildcats,TCU Horned Frogs,KSU,TCU,41,3,home,38,,,18,5,3,6,4,1,
2023,2,8,401525871,2023-10-21,Oklahoma Sooners,UCF Knights,OU,UCF,31,29,home,2,,,27,7,6,12,2,1,
2023,2,8,401525872,2023-10-21,West Virginia Mountaineers,Oklahoma State Cowboys,WVU,OKST,34,48,away,14,,,28,10,5,6,7,1,
2023,2,8,401531372,2023-10-21,Tulane Green Wave,North Texas Mean Green,TULN,UNT,35,28,home,7,,,23,9,0,4,10,1,
2023,2,8,401531382,2023-10-21,UAB Blazers,Memphis Tigers,UAB,MEM,21,45,away,24,,,22,8,1,3,10,1,
2023,2,8,401531397,2023-10-21,Florida Atlantic Owls,UTSA Roadrunners,FAU,UTSA,10,36,away,26,,,25,4,3,10,8,1,
2023,2,8,401531406,2023-10-21,East Carolina Pirates,Charlotte 49ers,ECU,CLT,7,10,away,3,,,26,2,5,15,4,1,
2023,2,8,401531434,2023-10-21,Navy Midshipmen,Air Force Falcons,NAVY,AFA,6,17,away,11,,,27,2,3,17,5,1,
2023,2,8,401531894,2023-10-21,Georgia Southern Eagles,UL Monroe Warhawks,GASO,ULM,38,28,home,10,,,34,7,4,10,13,1,
2023,2,8,401531895,2023-10-21,Old Dominion Monarchs,Appalachian State Mountaineers,ODU,APP,28,21,home,7,,,20,4,2,11,3,1,
2023,2,8,401531896,2023-10-21,Arkansas State Red Wolves,Coastal Carolina Chanticleers,ARST,CCU,17,27,away,10,,,26,5,5,9,7,1,
2023,2,8,401532425,2023-10-21,Ball State Cardinals,Central Michigan Chippewas,BALL,CMU,24,17,home,7,,,19,5,2,9,3,1,
2023,2,8,401532426,2023-10-21,Northern Illinois Huskies,Eastern Michigan Eagles,NIU,EMU,20,13,home,7,,,20,3,4,9,4,1,
2023,2,8,401532427,2023-10-21,Miami (OH) RedHawks,Toledo Rockets,M-OH,TOL,17,21,away,4,,,25,5,1,15,4,1,
2023,2,8,401532428,2023-10-21,Ohio Bobcats,Western Michigan Broncos,OHIO,WMU,20,17,home,3,,,21,4,7,6,4,1,
2023,2,8,401532429,2023-10-21,Bowling Green Falcons,Akron Zips,BGSU,AKR,41,14,home,27,,,23,7,3,6,7,1,
2023,2,8,401532430,2023-10-21,Kent State Golden Flashes,Buffalo Bulls,KENT,BUFF,6,24,away,18,,,26,3,4,14,5,1,
2023,2,8,401532599,2023-10-21,UNLV Rebels,Colorado State Rams,UNLV,CSU,25,23,home,2,,,24,3,9,8,4,1,
2023,2,8,401532600,2023-10-21,New Mexico Lobos,Hawai'i Rainbow Warriors,UNM,HAW,42,21,home,21,,,21,9,0,4,8,1,
2023,2,8,401532602,2023-10-21,San José State Spartans,Utah State Aggies,SJSU,USU,42,21,home,21,,,25,9,1,8,7,1,
2023,2,8,401534854,2023-10-21,Howard Bison,Norfolk State Spartans,HOW,NORF,27,23,home,4,,,21,5,5,9,2,1,
2023,2,8,401539974,2023-10-21,Delaware State Hornets,South Carolina State Bulldogs,DSU,SCST,7,35,away,28,,,21,6,1,10,4,1,
2023,2,8,401540007,2023-10-21,Wagner Seahawks,Central Connecticut Blue Devils,WAG,CCSU,3,17,away,14,,,22,2,4,10,6,1,
2023,2,8,401540015,2023-10-21,Duquesne Dukes,St. Francis (PA) Red Flash,DUQ,SFPA,38,35,home,3,,,24,8,3,6,7,1,
2023,2,8,401540023,2023-10-21,Long Island University Sharks,Merrimack Warriors,LIU,MRMK,0,39,away,39,,,0,0,0,0,0,0,no drives
2023,2,8,401540032,2023-10-21,Stonehill Skyhawks,Sacred Heart Pioneers,STO,SHU,22,19,home,3,,,27,3,6,12,6,1,
2023,2,8,401540052,2023-10-21,Bucknell Bison,Lehigh Mountain Hawks,BUCK,LEH,18,27,away,9,,,28,3,4,14,7,1,
2023,2,8,401540062,2023-10-21,Georgetown Hoyas,Colgate Raiders,GTWN,COLG,18,28,away,10,,,25,5,2,11,7,1,
2023,2,8,401540069,2023-10-21,Holy Cross Crusaders,Lafayette Leopards,HC,LAF,35,38,away,3,,,20,10,2,3,5,1,
2023,2,8,401540105,2023-10-21,Youngstown State Penguins,Illinois State Redbirds,YSU,ILST,41,38,home,3,,,25,10,3,10,2,1,
2023,2,8,401540128,2023-10-21,Arkansas-Pine Bluff Golden Lions,Alcorn State Braves,UAPB,ALCN,7,31,away,24,,,25,5,2,13,5,1,
2023,2,8,401540144,2023-10-21,Bethune-Cookman Wildcats,Southern Jaguars,BCU,SOU,18,28,away,10,,,25,6,2,10,7,1,
2023,2,8,401540161,2023-10-21,Mississippi Valley State Delta Devils,Jackson State Tigers,MVSU,JKST,6,21,away,15,,,29,4,2,13,10,1,
2023,2,8,401540196,2023-10-21,Gardner-Webb Runnin' Bulldogs,Eastern Kentucky Colonels,GWEB,EKU,35,32,home,3,,,10,8,1,0,1,1,
2023,2,8,401540205,2023-10-21,North Alabama Lions,Utah Tech Trailblazers,UNA,UTU,31,30,home,1,,,18,8,2,5,3,1,
2023,2,8,401540216,2023-10-21,Tarleton State Texans,Morehead State Eagles,TAR,MORE,42,0,home,42,,,28,6,2,16,4,1,
2023,2,8,401540240,2023-10-21,Eastern Washington Eagles,Weber State Wildcats,EWU,WEB,31,23,home,8,,,18,6,4,6,2,1,
2023,2,8,401540254,2023-10-21,Portland State Vikings,Idaho State Bengals,PRST,IDST,24,38,away,14,,,22,8,3,9,2,1,
2023,2,8,401540294,2023-10-21,Cornell Big Red,Brown Bears,COR,BRWN,36,14,home,22,,,23,5,3,10,5,1,
2023,2,8,401540302,2023-10-21,Indiana State Sycamores,South Dakota Coyotes,INST,SDAK,3,17,away,14,,,17,2,3,8,4,1,
2023,2,8,401540316,2023-10-21,Campbell Fighting Camels,Maine Black Bears,CAM,ME,34,28,home,6,,,25,9,0,9,7,1,
2023,2,8,401540326,2023-10-21,Hampton Pirates,Delaware Blue Hens,HAMP,DEL,3,47,away,44,,,0,0,0,0,0,0,no drives
2023,2,8,401540338,2023-10-21,Dartmouth Big Green,Columbia Lions,DART,COLU,20,9,home,11,,,0,0,0,0,0,0,no drives
2023,2,8,401540342,2023-10-21,Princeton Tigers,Harvard Crimson,PRIN,HARV,21,14,home,7,,,29,5,0,19,5,1,
2023,2,8,401540350,2023-10-21,Missouri State Bears,Murray State Racers,MOST,MUR,28,24,home,4,,,26,7,2,9,8,1,
2023,2,8,401540373,2023-10-21,Northern Iowa Panthers,North Dakota Fighting Hawks,UNI,UND,27,0,home,27,,,21,3,3,10,5,1,
2023,2,8,401540385,2023-10-21,North Dakota State Bison,Western Illinois Leathernecks,NDSU,WIU,52,7,home,45,,,22,8,1,7,6,1,
2023,2,8,401540402,2023-10-21,Davidson Wildcats,Valparaiso Beacons,DAV,VAL,42,21,home,21,,,21,9,0,6,6,1,
2023,2,8,401540414,2023-10-21,Elon Phoenix,Monmouth Hawks,ELON,MONM,28,26,home,2,,,24,7,0,8,9,1,
2023,2,8,401540425,2023-10-21,Eastern Illinois Panthers,Bryant Bulldogs,EIU,BRY,25,24,home,1,,,20,6,6,5,3,1,
2023,2,8,401540440,2023-10-21,Texas A&M-Commerce Lions,Nicholls Colonels,TAMC,NICH,7,27,away,20,,,23,5,1,11,6,1,
2023,2,8,401540448,2023-10-21,Southern Illinois Salukis,South Dakota State Jackrabbits,SIU,SDST,10,17,away,7,,,20,3,3,8,6,1,
2023,2,8,401540475,2023-10-21,UT Martin Skyhawks,Charleston Southern Buccaneers,UTM,CHSO,17,0,home,17,,,23,2,2,13,6,1,
2023,2,8,401540500,2023-10-21,Tennessee Tech Golden Eagles,Southeast Missouri State Redhawks,TNTC,SEMO,3,28,away,25,,,22,4,3,11,4,1,
2023,2,8,401540511,2023-10-21,Dayton Flyers,Butler Bulldogs,DAY,BUT,10,37,away,27,,,23,5,4,7,7,1,
2023,2,8,401540516,2023-10-21,San Diego Toreros,Drake Bulldogs,USD,DRKE,20,25,away,5,,,26,3,6,15,2,1,
2023,2,8,401540525,2023-10-21,Presbyterian Blue Hose,Marist Red Foxes,PRES,MRST,10,19,away,9,,,24,1,3,14,6,1,
2023,2,8,401540531,2023-10-21,Stony Brook Seawolves,New Hampshire Wildcats,STBK,UNH,14,45,away,31,,,24,8,2,9,5,1,
2023,2,8,401540545,2023-10-21,North Carolina A&T Aggies,Richmond Spiders,NCAT,RICH,10,33,away,23,,,22,1,5,8,8,1,
2023,2,8,401540564,2023-10-21,Stetson Hatters,St. Thomas-Minnesota Tommies,STET,STMN,6,38,away,32,,,23,6,3,11,3,1,
2023,2,8,401540571,2023-10-21,UAlbany Great Danes,Rhode Island Rams,ALB,URI,35,10,home,25,,,24,6,2,10,6,1,
2023,2,8,401540579,2023-10-21,William & Mary Tribe,Towson Tigers,W&M,TOW,24,34,away,10,,,18,7,5,4,2,1,
2023,2,8,401540587,2023-10-21,Chattanooga Mocs,East Tennessee State Buccaneers,UTC,ETSU,34,3,home,31,,,28,4,5,10,9,1,
2023,2,8,401540602,2023-10-21,Western Carolina Catamounts,Furman Paladins,WCU,FUR,17,29,away,12,,,18,6,4,3,5,1,
2023,2,8,401540612,2023-10-21,Mercer Bears,Wofford Terriers,MER,WOF,31,17,home,14,,,22,4,3,8,7,1,
2023,2,8,401540623,2023-10-21,VMI Keydets,Samford Bulldogs,VMI,SAM,14,27,away,13,,,26,5,4,13,4,1,
2023,2,8,401540630,2023-10-21,Tennessee State Tigers,Lincoln (CA) Oaklanders,TNST,LCLN,54,0,home,54,,,22,8,0,7,7,1,
2023,2,8,401541631,2023-10-21,Stephen F. Austin Lumberjacks,Abilene Christian Wildcats,SFA,ACU,27,34,away,7,,,27,7,4,7,9,1,
2023,2,8,401544197,2023-10-21,Yale Bulldogs,Pennsylvania Quakers,YALE,PENN,17,27,away,10,,,18,5,4,5,4,1,
2023,2,8,401524036,2023-10-22,Stanford Cardinal,UCLA Bruins,STAN,UCLA,7,42,away,35,,,27,7,2,10,8,1,
2023,2,8,401524037,2023-10-22,USC Trojans,Utah Utes,USC,UTAH,32,34,away,2,,,23,7,4,8,4,1,
2023,2,8,401524038,2023-10-22,Washington Huskies,Arizona State Sun Devils,WASH,ASU,15,7,home,8,,,23,1,5,7,10,1,
2023,2,8,401525529,2023-10-22,Miami Hurricanes,Clemson Tigers,MIA,CLEM,28,20,home,8,,,27,5,4,9,9,1,
2023,2,8,401531897,2023-10-22,Louisiana Ragin' Cajuns,Georgia State Panthers,UL,GAST,17,20,away,3,,,23,5,2,11,5,1,
2023,2,8,401532601,2023-10-22,San Diego State Aztecs,Nevada Wolf Pack,SDSU,NEV,0,6,away,6,,,21,0,5,12,4,1,
2023,2,8,401540152,2023-10-22,Texas Southern Tigers,Florida A&M Rattlers,TXSO,FAMU,21,31,away,10,,,23,7,2,9,5,1,
2023,2,8,401540178,2023-10-22,Southern Utah Thunderbirds,Austin Peay Governors,SUU,APSU,45,48,away,3,,,29,12,2,11,4,1,
2023,2,8,401540231,2023-10-22,Cal Poly Mustangs,Northern Colorado Bears,CP,UNCO,24,17,home,7,,,21,5,2,9,5,1,
2023,2,8,401540270,2023-10-22,Sacramento State Hornets,Montana State Bobcats,SAC,MTST,30,42,away,12,,,21,9,4,3,5,1,
2023,2,8,401540393,2023-10-22,McNeese Cowboys,Incarnate Word Cardinals,MCN,UIW,24,35,away,11,,,25,8,2,10,5,1,
2023,2,9,401520345,2023-10-24,Louisiana Tech Bulldogs,New Mexico State Aggies,LT,NMSU,24,27,away,3,,,21,6,4,5,6,1,
2023,2,9,401520346,2023-10-24,Western Kentucky Hilltoppers,Liberty Flames,WKU,LIB,29,42,away,13,,,21,10,2,6,3,1,
2023,2,9,401520347,2023-10-25,Florida International Panthers,Jacksonville State Gamecocks,FIU,JVST,16,41,away,25,,,29,7,3,13,6,1,
2023,2,9,401520348,2023-10-26,Sam Houston Bearkats,UTEP Miners,SHSU,UTEP,34,37,away,3,,,24,8,5,7,4,1,
2023,2,9,401525533,2023-10-26,Virginia Tech Hokies,Syracuse Orange,VT,SYR,38,10,home,28,,,24,4,6,11,3,1,
2023,2,9,401531929,2023-10-26,Georgia Southern Eagles,Georgia State Panthers,GASO,GAST,44,27,home,17,,,27,8,4,8,7,1,
2023,2,9,401539998,2023-10-26,North Carolina Central Eagles,South Carolina State Bulldogs,NCCU,SCST,62,28,home,34,,,29,11,0,12,6,1,
2023,2,9,401540008,2023-10-26,Central Connecticut Blue Devils,Long Island University Sharks,CCSU,LIU,23,24,away,1,,,29,5,3,17,4,1,
2023,2,9,401531407,2023-10-27,Charlotte 49ers,Florida Atlantic Owls,CLT,FAU,16,38,away,22,,,22,6,4,7,5,1,
2023,2,9,401540295,2023-10-27,Pennsylvania Quakers,Brown Bears,PENN,BRWN,26,30,away,4,,,24,6,4,8,6,1,
2023,2,9,401520349,2023-10-28,Army Black Knights,Massachusetts Minutemen,ARMY,MASS,14,21,away,7,,,17,4,3,4,6,1,
2023,2,9,401520350,2023-10-28,Auburn Tigers,Mississippi State Bulldogs,AUB,MSST,27,13,home,14,,,22,4,4,9,5,1,
2023,2,9,401520351,2023-10-28,Boston College Eagles,UConn Huskies,BC,CONN,21,14,home,7,,,18,5,2,5,6,1,
2023,2,9,401520352,2023-10-28,Florida Gators,Georgia Bulldogs,FLA,UGA,20,43,away,23,,,23,8,2,7,6,1,
2023,2,9,401520353,2023-10-28,Kentucky Wildcats,Tennessee Volunteers,UK,TENN,27,33,away,6,,,20,6,7,3,4,1,
2023,2,9,401520354,2023-10-28,Minnesota Golden Gophers,Michigan State Spartans,MINN,MSU,27,12,home,15,,,26,4,6,9,7,1,
2023,2,9,401520355,2023-10-28,Nebraska Cornhuskers,Purdue Boilermakers,NEB,PUR,31,14,home,17,,,28,4,2,12,10,1,
2023,2,9,401520356,2023-10-28,Northwestern Wildcats,Maryland Terrapins,NU,MD,33,27,home,6,,,25,6,6,8,5,1,
2023,2,9,401520357,2023-10-28,Ole Miss Rebels,Vanderbilt Commodores,MISS,VAN,33,7,home,26,,,24,5,2,7,10,1,
2023,2,9,401520358,2023-10-28,Penn State Nittany Lions,Indiana Hoosiers,PSU,IU,33,24,home,9,,,26,7,4,10,5,1,
2023,2,9,401520359,2023-10-28,Texas A&M Aggies,South Carolina Gamecocks,TA&M,SC,30,17,home,13,,,24,5,5,9,5,1,
2023,2,9,401520360,2023-10-28,Wisconsin Badgers,Ohio State Buckeyes,WIS,OSU,10,24,away,14,,,24,4,3,10,7,1,
2023,2,9,401524041,2023-10-28,California Golden Bears,USC Trojans,CAL,USC,49,50,away,1,,,34,14,2,10,8,1,
2023,2,9,401524042,2023-10-28,Stanford Cardinal,Washington Huskies,STAN,WASH,33,42,away,9,,,28,10,2,11,5,1,
2023,2,9,401524043,2023-10-28,UCLA Bruins,Colorado Buffaloes,UCLA,COLO,28,16,home,12,,,25,5,4,10,6,1,
2023,2,9,401524044,2023-10-28,Utah Utes,Oregon Ducks,UTAH,ORE,6,35,away,29,,,23,5,2,10,6,1,
2023,2,9,401525440,2023-10-28,Notre Dame Fighting Irish,Pittsburgh Panthers,ND,PITT,58,7,home,51,,,25,6,2,8,9,1,
2023,2,9,401525534,2023-10-28,NC State Wolfpack,Clemson Tigers,NCSU,CLEM,24,17,home,7,,,27,4,3,16,4,1,
2023,2,9,401525535,2023-10-28,Louisville Cardinals,Duke Blue Devils,LOU,DUKE,23,0,home,23,,,21,2,3,11,5,1,
2023,2,9,401525536,2023-10-28,Wake Forest Demon Deacons,Florida State Seminoles,WAKE,FSU,16,41,away,25,,,28,7,4,14,3,1,
2023,2,9,401525538,2023-10-28,Miami Hurricanes,Virginia Cavaliers,MIA,UVA,29,26,home,3,,,25,4,7,9,5,1,
2023,2,9,401525873,2023-10-28,Baylor Bears,Iowa State Cyclones,BAY,ISU,18,30,away,12,,,25,6,3,7,9,1,
2023,2,9,401525874,2023-10-28,Kansas Jayhawks,Oklahoma Sooners,KU,OU,38,33,home,5,,,26,8,3,6,9,1,
2023,2,9,401525875,2023-10-28,Kansas State Wildcats,Houston Cougars,KSU,HOU,41,0,home,41,,,23,6,1,8,8,1,
2023,2,9,401525877,2023-10-28,Texas Longhorns,BYU Cougars,TEX,BYU,35,6,home,29,,,24,4,2,8,10,1,
2023,2,9,401525878,2023-10-28,UCF Knights,West Virginia Mountaineers,UCF,WVU,28,41,away,13,,,22,9,2,3,8,1,
2023,2,9,401531342,2023-10-28,SMU Mustangs,Tulsa Golden Hurricane,SMU,TLSA,69,10,home,59,,,28,9,3,10,6,1,
2023,2,9,401531373,2023-10-28,Rice Owls,Tulane Green Wave,RICE,TULN,28,30,away,2,,,20,7,4,5,4,1,
2023,2,9,401531398,2023-10-28,UTSA Roadrunners,East Carolina Pirates,UTSA,ECU,41,27,home,14,,,28,7,6,10,5,1,
2023,2,9,401531430,2023-10-28,North Texas Mean Green,Memphis Tigers,UNT,MEM,42,45,away,3,,,26,11,3,6,6,1,
2023,2,9,401531898,2023-10-28,Appalachian State Mountaineers,Southern Miss Golden Eagles,APP,USM,48,38,home,10,,,29,12,3,8,6,1,
2023,2,9,401531899,2023-10-28,Coastal Carolina Chanticleers,Marshall Thundering Herd,CCU,MRSH,34,6,home,28,,,25,4,6,5,10,1,
2023,2,9,401531901,2023-10-28,UL Monroe Warhawks,Arkansas State Red Wolves,ULM,ARST,24,34,away,10,,,26,6,5,11,4,1,
2023,2,9,401531902,2023-10-28,South Alabama Jaguars,Louisiana Ragin' Cajuns,USA,UL,20,33,away,13,,,24,6,2,8,8,1,
2023,2,9,401531903,2023-10-28,Texas State Bobcats,Troy Trojans,TXST,TROY,13,31,away,18,,,24,5,3,6,10,1,
2023,2,9,401532431,2023-10-28,Eastern Michigan Eagles,Western Michigan Broncos,EMU,WMU,21,45,away,24,,,28,5,3,6,14,1,
2023,2,9,401532432,2023-10-28,Ohio Bobcats,Miami (OH) RedHawks,OHIO,M-OH,16,30,away,14,,,24,5,4,10,5,1,
2023,2,9,401532603,2023-10-28,Colorado State Rams,Air Force Falcons,CSU,AFA,13,30,away,17,,,21,5,3,7,6,1,
2023,2,9,401532607,2023-10-28,Boise State Broncos,Wyoming Cowboys,BOIS,WYO,32,7,home,25,,,23,5,2,12,4,1,
2023,2,9,401534855,2023-10-28,Delaware State Hornets,Howard Bison,DSU,HOW,10,17,away,7,,,17,3,2,8,4,1,
2023,2,9,401539984,2023-10-28,Norfolk State Spartans,Morgan State Bears,NORF,MORG,28,32,away,4,,,0,0,0,0,0,0,no drives
2023,2,9,401540016,2023-10-28,Sacred Heart Pioneers,Duquesne Dukes,SHU,DUQ,0,27,away,27,,,25,3,2,16,4,1,
2023,2,9,401540037,2023-10-28,St. Francis (PA) Red Flash,Merrimack Warriors,SFPA,MRMK,28,21,home,7,,,23,7,0,12,4,1,
2023,2,9,401540042,2023-10-28,Wagner Seahawks,Stonehill Skyhawks,WAG,STO,28,17,home,11,,,27,4,3,14,6,1,
2023,2,9,401540053,2023-10-28,Colgate Raiders,Bucknell Bison,COLG,BUCK,34,49,away,15,,,26,12,2,7,5,1,
2023,2,9,401540063,2023-10-28,Georgetown Hoyas,Lafayette Leopards,GTWN,LAF,25,35,away,10,,,0,0,0,0,0,0,no drives
2023,2,9,401540070,2023-10-28,Fordham Rams,Holy Cross Crusaders,FOR,HC,47,49,away,2,,,22,13,1,5,3,1,
2023,2,9,401540106,2023-10-28,Illinois State Redbirds,Northern Iowa Panthers,ILST,UNI,21,24,away,3,,,21,6,2,6,7,1,
2023,2,9,401540111,2023-10-28,Alabama A&M Bulldogs,Alabama State Hornets,AAMU,ALST,16,31,away,15,,,23,4,3,8,8,1,
2023,2,9,401540129,2023-10-28,Alcorn State Braves,Mississippi Valley State Delta Devils,ALCN,MVSU,24,3,home,21,,,0,0,0,0,0,0,no drives
2023,2,9,401540137,2023-10-28,Arkansas-Pine Bluff Golden Lions,Jackson State Tigers,UAPB,JKST,14,40,away,26,,,23,7,2,9,5,1,
2023,2,9,401540145,2023-10-28,Grambling Tigers,Bethune-Cookman Wildcats,GRAM,BCU,28,14,home,14,,,31,4,2,17,8,1,
2023,2,9,401540153,2023-10-28,Florida A&M Rattlers,Prairie View A&M Panthers,FAMU,PV,45,7,home,38,,,26,6,1,11,8,1,
2023,2,9,401540171,2023-10-28,Southern Jaguars,Texas Southern Tigers,SOU,TXSO,23,17,home,6,,,27,4,4,9,10,1,
2023,2,9,401540179,2023-10-28,Austin Peay Governors,North Alabama Lions,APSU,UNA,49,39,home,10,,,30,12,2,11,5,1,
2023,2,9,401540189,2023-10-28,Central Arkansas Bears,Tarleton State Texans,CARK,TAR,23,25,away,2,,,20,5,6,7,2,1,
2023,2,9,401540209,2023-10-28,Southern Utah Thunderbirds,Abilene Christian Wildcats,SUU,ACU,52,14,home,38,,,26,9,2,11,4,1,
2023,2,9,401540241,2023-10-28,Portland State Vikings,Eastern Washington Eagles,PRST,EWU,47,35,home,12,,,24,11,4,1,8,1,
2023,2,9,401540247,2023-10-28,Idaho Vandals,Montana State Bobcats,IDHO,MTST,24,21,home,3,,,17,6,3,5,3,1,
2023,2,9,401540262,2023-10-28,Montana Grizzlies,Northern Colorado Bears,MONT,UNCO,40,0,home,40,,,27,4,2,14,7,1,
2023,2,9,401540276,2023-10-28,Northern Arizona Lumberjacks,UC Davis Aggies,NAU,UCD,38,21,home,17,,,30,6,5,8,11,1,
2023,2,9,401540303,2023-10-28,North Dakota Fighting Hawks,Indiana State Sycamores,UND,INST,36,33,home,3,,,28,9,3,9,7,1,
2023,2,9,401540317,2023-10-28,Richmond Spiders,Campbell Fighting Camels,RICH,CAM,44,13,home,31,,,22,6,3,8,5,1,
2023,2,9,401540327,2023-10-28,Towson Tigers,Delaware Blue Hens,TOW,DEL,13,51,away,38,,,22,7,5,3,7,1,
2023,2,9,401540330,2023-10-28,Cornell Big Red,Princeton Tigers,COR,PRIN,3,14,away,11,,,21,2,2,12,5,1,
2023,2,9,401540339,2023-10-28,Harvard Crimson,Dartmouth Big Green,HARV,DART,17,9,home,8,,,25,2,5,10,8,1,
2023,2,9,401540351,2023-10-28,Youngstown State Penguins,Missouri State Bears,YSU,MOST,44,28,home,16,,,24,9,3,10,2,1,
2023,2,9,401540359,2023-10-28,Houston Christian Huskies,Texas A&M-Commerce Lions,HCU,TAMC,17,13,home,4,,,24,4,3,11,6,1,
2023,2,9,401540366,2023-10-28,North Dakota State Bison,Murray State Racers,NDSU,MUR,38,6,home,32,,,23,4,3,8,8,1,
2023,2,9,401540379,2023-10-28,Lamar Cardinals,Incarnate Word Cardinals,LAM,UIW,7,17,away,10,,,25,2,3,12,8,1,
2023,2,9,401540403,2023-10-28,Davidson Wildcats,Presbyterian Blue Hose,DAV,PRES,45,28,home,17,,,21,9,3,6,3,1,
2023,2,9,401540419,2023-10-28,Hampton Pirates,North Carolina A&T Aggies,HAMP,NCAT,26,24,home,2,,,0,0,0,0,0,0,no drives
2023,2,9,401540426,2023-10-28,Charleston Southern Buccaneers,Bryant Bulldogs,CHSO,BRY,24,47,away,23,,,26,9,4,5,8,1,
2023,2,9,401540443,2023-10-28,South Dakota Coyotes,South Dakota State Jackrabbits,SDAK,SDST,3,37,away,34,,,18,4,4,6,4,1,
2023,2,9,401540449,2023-10-28,Western Illinois Leathernecks,Southern Illinois Salukis,WIU,SIU,0,63,away,63,,,30,8,0,13,9,1,
2023,2,9,401540459,2023-10-28,Butler Bulldogs,Valparaiso Beacons,BUT,VAL,17,7,home,10,,,17,3,5,3,6,1,
2023,2,9,401540486,2023-10-28,Gardner-Webb Runnin' Bulldogs,UT Martin Skyhawks,GWEB,UTM,38,34,home,4,,,0,0,0,0,0,0,no drives
2023,2,9,401540492,2023-10-28,Maine Black Bears,UAlbany Great Danes,ME,ALB,21,37,away,16,,,20,7,1,5,7,1,
2023,2,9,401540496,2023-10-28,Tennessee State Tigers,Lindenwood Lions,TNST,LIN,43,20,home,23,,,27,7,5,9,6,1,
2023,2,9,401540497,2023-10-28,Robert Morris Colonials,Tennessee Tech Golden Eagles,RMU,TNTC,13,38,away,25,,,27,5,1,13,8,1,
2023,2,9,401540501,2023-10-28,Nicholls Colonels,Southeast Missouri State Redhawks,NICH,SEMO,31,35,away,4,,,28,7,4,11,6,1,
2023,2,9,401540504,2023-10-28,William & Mary Tribe,Monmouth Hawks,W&M,MONM,31,28,home,3,,,20,6,2,7,5,1,
2023,2,9,401540517,2023-10-28,Drake Bulldogs,Stetson Hatters,DRKE,STET,33,7,home,26,,,30,5,2,7,16,1,
2023,2,9,401540526,2023-10-28,St. Thomas-Minnesota Tommies,Marist Red Foxes,STMN,MRST,49,14,home,35,,,24,9,0,8,7,1,
2023,2,9,401540532,2023-10-28,Rhode Island Rams,New Hampshire Wildcats,URI,UNH,34,28,home,6,,,0,0,0,0,0,0,no drives
2023,2,9,401540550,2023-10-28,San Diego Toreros,Morehead State Eagles,USD,MORE,17,11,home,6,,,24,3,3,12,6,1,
2023,2,9,401540576,2023-10-28,Villanova Wildcats,Stony Brook Seawolves,VILL,STBK,48,13,home,35,,,24,9,1,11,3,1,
2023,2,9,401540588,2023-10-28,VMI Keydets,Chattanooga Mocs,VMI,UTC,23,24,away,1,,,22,5,4,8,5,1,
2023,2,9,401540594,2023-10-28,Furman Paladins,East Tennessee State Buccaneers,FUR,ETSU,16,8,home,8,,,24,1,4,12,7,1,
2023,2,9,401540609,2023-10-28,Kennesaw State Owls,Lincoln (CA) Oaklanders,KENN,LCLN,28,12,home,16,,,24,6,1,8,9,1,
2023,2,9,401540613,2023-10-28,Western Carolina Catamounts,Mercer Bears,WCU,MER,38,45,away,7,,,27,9,4,5,9,1,
2023,2,9,401540620,2023-10-28,Samford Bulldogs,The Citadel Bulldogs,SAM,CIT,37,7,home,30,,,22,6,2,9,5,1,
2023,2,9,401541634,2023-10-28,Yale Bulldogs,Columbia Lions,YALE,COLU,35,7,home,28,,,21,6,1,9,5,1,
2023,2,9,401524039,2023-10-29,Arizona Wildcats,Oregon State Beavers,ARIZ,ORST,27,24,home,3,,,18,6,3,6,3,1,
2023,2,9,401524040,2023-10-29,Arizona State Sun Devils,Washington State Cougars,ASU,WSU,38,27,home,11,,,19,8,4,5,2,1,
2023,2,9,401525537,2023-10-29,Georgia Tech Yellow Jackets,North Carolina Tar Heels,GT,UNC,46,42,home,4,,,25,12,2,6,5,1,
2023,2,9,401525876,2023-10-29,Oklahoma State Cowboys,Cincinnati Bearcats,OKST,CIN,45,13,home,32,,,29,8,4,9,8,1,
2023,2,9,401531900,2023-10-29,James Madison Dukes,Old Dominion Monarchs,JMU,ODU,30,27,home,3,,,27,7,2,9,9,1,
2023,2,9,401532604,2023-10-29,Nevada Wolf Pack,New Mexico Lobos,NEV,UNM,34,24,home,10,,,26,4,5,10,7,1,
2023,2,9,401532605,2023-10-29,Hawai'i Rainbow Warriors,San José State Spartans,HAW,SJSU,0,35,away,35,,,21,5,1,9,6,1,
2023,2,9,401532606,2023-10-29,Fresno State Bulldogs,UNLV Rebels,FRES,UNLV,31,24,home,7,,,26,7,2,9,8,1,
2023,2,9,401540197,2023-10-29,Utah Tech Trailblazers,Eastern Kentucky Colonels,UTU,EKU,30,34,away,4,,,23,7,6,5,5,1,
2023,2,9,401540255,2023-10-29,Sacramento State Hornets,Idaho State Bengals,SAC,IDST,51,16,home,35,,,28,9,2,6,11,1,
2023,2,9,401540394,2023-10-29,McNeese Cowboys,Northwestern State Demons,MCN,NWST,1,0,home,1,,,0,0,0,0,0,0,no drives
2023,2,10,401532433,2023-10-31,Central Michigan Chippewas,Northern Illinois Huskies,CMU,NIU,37,31,home,6,,,27,8,5,7,7,1,
2023,2,10,401532434,2023-10-31,Toledo Rockets,Buffalo Bulls,TOL,BUFF,31,13,home,18,,,30,5,2,9,14,1,
2023,2,10,401532435,2023-11-01,Bowling Green Falcons,Ball State Cardinals,BGSU,BALL,24,21,home,3,,,21,6,2,6,7,1,
2023,2,10,401532436,2023-11-01,Akron Zips,Kent State Golden Flashes,AKR,KENT,31,27,home,4,,,23,8,1,11,3,1,
2023,2,10,401525539,2023-11-02,Duke Blue Devils,Wake Forest Demon Deacons,DUKE,WAKE,24,21,home,3,,,26,6,3,11,6,1,
2023,2,10,401525879,2023-11-02,Texas Tech Red Raiders,TCU Horned Frogs,TTU,TCU,35,28,home,7,,,25,8,3,9,5,1,
2023,2,10,401531904,2023-11-02,Troy Trojans,South Alabama Jaguars,TROY,USA,28,10,home,18,,,23,5,3,10,5,1,
2023,2,10,401540146,2023-11-02,Bethune-Cookman Wildcats,Mississippi Valley State Delta Devils,BCU,MVSU,20,7,home,13,,,24,3,6,8,7,1,
2023,2,10,401525540,2023-11-03,Syracuse Orange,Boston College Eagles,SYR,BC,10,17,away,7,,,24,3,3,10,8,1,
2023,2,10,401540340,2023-11-03,Dartmouth Big Green,Princeton Tigers,DART,PRIN,23,21,home,2,,,26,4,4,11,7,1,
2023,2,10,401520361,2023-11-04,Air Force Falcons,Army Black Knights,AFA,ARMY,3,23,away,20,,,25,2,5,8,10,1,
2023,2,10,401520362,2023-11-04,Alabama Crimson Tide,LSU Tigers,ALA,LSU,42,28,home,14,,,21,10,3,3,5,1,
2023,2,10,401520363,2023-11-04,Florida Gators,Arkansas Razorbacks,FLA,ARK,36,39,away,3,,,30,7,9,9,5,1,
2023,2,10,401520364,2023-11-04,Georgia Bulldogs,Missouri Tigers,UGA,MIZ,30,21,home,9,,,20,5,5,7,3,1,
2023,2,10,401520365,2023-11-04,Indiana Hoosiers,Wisconsin Badgers,IU,WIS,20,14,home,6,,,23,4,3,11,5,1,
2023,2,10,401520366,2023-11-04,Liberty Flames,Louisiana Tech Bulldogs,LIB,LT,56,30,home,26,,,21,12,1,4,4,1,
2023,2,10,401520367,2023-11-04,Maryland Terrapins,Penn State Nittany Lions,MD,PSU,15,51,away,36,,,24,8,3,6,7,1,
2023,2,10,401520368,2023-11-04,Michigan Wolverines,Purdue Boilermakers,MICH,PUR,41,13,home,28,,,28,6,4,14,4,1,
2023,2,10,401520369,2023-11-04,Michigan State Spartans,Nebraska Cornhuskers,MSU,NEB,20,17,home,3,,,26,4,4,13,5,1,
2023,2,10,401520370,2023-11-04,Minnesota Golden Gophers,Illinois Fighting Illini,MINN,ILL,26,27,away,1,,,25,7,3,9,6,1,
2023,2,10,401520371,2023-11-04,Mississippi State Bulldogs,Kentucky Wildcats,MSST,UK,3,24,away,21,,,22,2,2,13,5,1,
2023,2,10,401520372,2023-11-04,New Mexico State Aggies,Middle Tennessee Blue Raiders,NMSU,MTSU,13,7,home,6,,,22,2,4,13,3,1,
2023,2,10,401520373,2023-11-04,Northwestern Wildcats,Iowa Hawkeyes,NU,IOWA,7,10,away,3,,,22,2,2,14,4,1,
2023,2,10,401520374,2023-11-04,Ole Miss Rebels,Texas A&M Aggies,MISS,TA&M,38,35,home,3,,,21,9,2,8,2,1,
2023,2,10,401520375,2023-11-04,Rutgers Scarlet Knights,Ohio State Buckeyes,RUTG,OSU,16,35,away,19,,,22,5,3,8,6,1,
2023,2,10,401520376,2023-11-04,South Carolina Gamecocks,Jacksonville State Gamecocks,SC,JVST,38,28,home,10,,,33,8,1,14,10,1,
2023,2,10,401520377,2023-11-04,Tennessee Volunteers,UConn Huskies,TENN,CONN,59,3,home,56,,,22,5,2,8,7,1,
2023,2,10,401520379,2023-11-04,Vanderbilt Commodores,Auburn Tigers,VAN,AUB,15,31,away,16,,,27,5,2,15,5,1,
2023,2,10,401520400,2023-11-04,Massachusetts Minutemen,Merrimack Warriors,MASS,MRMK,31,21,home,10,,,23,5,3,12,3,1,
2023,2,10,401524047,2023-11-04,Oregon Ducks,California Golden Bears,ORE,CAL,63,19,home,44,,,28,10,3,7,8,1,
2023,2,10,401524048,2023-11-04,USC Trojans,Washington Huskies,USC,WASH,42,52,away,10,,,22,13,1,3,5,1,
2023,2,10,401524049,2023-11-04,Utah Utes,Arizona State Sun Devils,UTAH,ASU,55,3,home,52,,,28,7,4,10,7,1,
2023,2,10,401525441,2023-11-04,Clemson Tigers,Notre Dame Fighting Irish,CLEM,ND,31,23,home,8,,,29,5,4,13,7,1,
2023,2,10,401525451,2023-11-04,Sam Houston Bearkats,Kennesaw State Owls,SHSU,KENN,24,21,home,3,,,21,6,3,6,6,1,
2023,2,10,401525541,2023-11-04,Pittsburgh Panthers,Florida State Seminoles,PITT,FSU,7,24,away,17,,,28,4,1,16,7,1,
2023,2,10,401525542,2023-11-04,Virginia Cavaliers,Georgia Tech Yellow Jackets,UVA,GT,17,45,away,28,,,25,7,3,9,6,1,
2023,2,10,401525543,2023-11-04,Louisville Cardinals,Virginia Tech Hokies,LOU,VT,34,3,home,31,,,21,5,2,11,3,1,
2023,2,10,401525545,2023-11-04,North Carolina Tar Heels,Campbell Fighting Camels,UNC,CAM,59,7,home,52,,,26,8,2,10,6,1,
2023,2,10,401525880,2023-11-04,Baylor Bears,Houston Cougars,BAY,HOU,24,25,away,1,,,21,4,5,5,7,1,
2023,2,10,401525881,2023-11-04,Cincinnati Bearcats,UCF Knights,CIN,UCF,26,28,away,2,,,21,7,3,6,5,1,
2023,2,10,401525882,2023-11-04,Iowa State Cyclones,Kansas Jayhawks,ISU,KU,21,28,away,7,,,20,5,3,7,5,1,
2023,2,10,401525883,2023-11-04,Oklahoma State Cowboys,Oklahoma Sooners,OKST,OU,27,24,home,3,,,27,6,4,7,10,1,
2023,2,10,401525884,2023-11-04,Texas Longhorns,Kansas State Wildcats,TEX,KSU,33,30,home,3,,,33,7,6,12,8,1,
2023,2,10,401525885,2023-11-04,West Virginia Mountaineers,BYU Cougars,WVU,BYU,37,7,home,30,,,21,5,4,5,7,1,
2023,2,10,401531343,2023-11-04,Tulsa Golden Hurricane,Charlotte 49ers,TLSA,CLT,26,33,away,7,,,28,6,7,11,4,1,
2023,2,10,401531374,2023-11-04,East Carolina Pirates,Tulane Green Wave,ECU,TULN,10,13,away,3,,,15,2,4,6,3,1,
2023,2,10,401531383,2023-11-04,UAB Blazers,Florida Atlantic Owls,UAB,FAU,45,42,home,3,,,29,11,2,9,7,1,
2023,2,10,401531392,2023-11-04,Temple Owls,Navy Midshipmen,TEM,NAVY,32,18,home,14,,,22,6,2,8,6,1,
2023,2,10,401531399,2023-11-04,North Texas Mean Green,UTSA Roadrunners,UNT,UTSA,29,37,away,8,,,23,7,5,7,4,1,
2023,2,10,401531425,2023-11-04,Memphis Tigers,South Florida Bulls,MEM,USF,59,50,home,9,,,31,15,2,6,8,1,
2023,2,10,401531440,2023-11-04,Rice Owls,SMU Mustangs,RICE,SMU,31,36,away,5,,,28,6,5,8,9,1,
2023,2,10,401531905,2023-11-04,Appalachian State Mountaineers,Marshall Thundering Herd,APP,MRSH,31,9,home,22,,,20,4,3,8,5,1,
2023,2,10,401531906,2023-11-04,Georgia State Panthers,James Madison Dukes,GAST,JMU,14,42,away,28,,,22,8,2,7,5,1,
2023,2,10,401531907,2023-11-04,Old Dominion Monarchs,Coastal Carolina Chanticleers,ODU,CCU,24,28,away,4,,,27,6,4,11,6,1,
2023,2,10,401531908,2023-11-04,Arkansas State Red Wolves,Louisiana Ragin' Cajuns,ARST,UL,37,17,home,20,,,21,5,4,7,5,1,
2023,2,10,401531909,2023-11-04,Southern Miss Golden Eagles,UL Monroe Warhawks,USM,ULM,24,7,home,17,,,27,4,3,13,7,1,
2023,2,10,401531910,2023-11-04,Texas State Bobcats,Georgia Southern Eagles,TXST,GASO,45,24,home,21,,,22,9,2,4,7,1,
2023,2,10,401532609,2023-11-04,Wyoming Cowboys,Colorado State Rams,WYO,CSU,24,15,home,9,,,24,5,4,7,8,1,
2023,2,10,401532610,2023-11-04,Nevada Wolf Pack,Hawai'i Rainbow Warriors,NEV,HAW,14,27,away,13,,,29,5,2,15,7,1,
2023,2,10,401532611,2023-11-04,New Mexico Lobos,UNLV Rebels,UNM,UNLV,14,56,away,42,,,22,10,1,8,3,1,
2023,2,10,401532612,2023-11-04,San Diego State Aztecs,Utah State Aggies,SDSU,USU,24,32,away,8,,,26,4,4,13,5,1,
2023,2,10,401534856,2023-11-04,South Carolina State Bulldogs,Howard Bison,SCST,HOW,27,24,home,3,,,0,0,0,0,0,0,no drives
2023,2,10,401539975,2023-11-04,Morgan State Bears,Delaware State Hornets,MORG,DSU,24,17,home,7,,,21,5,2,8,6,1,
2023,2,10,401539991,2023-11-04,North Carolina Central Eagles,Norfolk State Spartans,NCCU,NORF,38,24,home,14,,,21,8,3,5,5,1,
2023,2,10,401540009,2023-11-04,Sacred Heart Pioneers,Central Connecticut Blue Devils,SHU,CCSU,31,24,home,7,,,25,7,3,8,7,1,
2023,2,10,401540017,2023-11-04,Wagner Seahawks,Duquesne Dukes,WAG,DUQ,26,34,away,8,,,23,7,1,8,7,1,
2023,2,10,401540024,2023-11-04,St. Francis (PA) Red Flash,Long Island University Sharks,SFPA,LIU,28,29,away,1,,,23,8,1,8,6,1,
2023,2,10,401540054,2023-11-04,Fordham Rams,Bucknell Bison,FOR,BUCK,27,21,home,6,,,23,5,5,7,6,1,
2023,2,10,401540071,2023-11-04,Lehigh Mountain Hawks,Holy Cross Crusaders,LEH,HC,24,28,away,4,,,22,7,2,4,9,1,
2023,2,10,401540075,2023-11-04,Lafayette Leopards,Colgate Raiders,LAF,COLG,34,37,away,3,,,29,9,5,10,5,1,
2023,2,10,401540107,2023-11-04,Missouri State Bears,Illinois State Redbirds,MOST,ILST,35,36,away,1,,,20,9,2,4,5,1,
2023,2,10,401540112,2023-11-04,Alabama A&M Bulldogs,Florida A&M Rattlers,AAMU,FAMU,28,42,away,14,,,27,8,2,9,8,1,
2023,2,10,401540121,2023-11-04,Alabama State Hornets,Grambling Tigers,ALST,GRAM,17,6,home,11,,,21,3,3,9,6,1,
2023,2,10,401540130,2023-11-04,Alcorn State Braves,Southern Jaguars,ALCN,SOU,44,21,home,23,,,23,6,3,8,6,1,
2023,2,10,401540138,2023-11-04,Prairie View A&M Panthers,Arkansas-Pine Bluff Golden Lions,PV,UAPB,38,14,home,24,,,24,6,2,11,5,1,
2023,2,10,401540162,2023-11-04,Jackson State Tigers,Texas Southern Tigers,JKST,TXSO,21,19,home,2,,,0,0,0,0,0,0,no drives
2023,2,10,401540180,2023-11-04,Eastern Kentucky Colonels,Austin Peay Governors,EKU,APSU,30,33,away,3,,,30,9,4,15,2,1,
2023,2,10,401540190,2023-11-04,North Alabama Lions,Central Arkansas Bears,UNA,CARK,14,27,away,13,,,28,5,2,13,8,1,
2023,2,10,401540210,2023-11-04,Southern Utah Thunderbirds,Lincoln (CA) Oaklanders,SUU,LCLN,35,6,home,29,,,25,7,0,9,9,1,
2023,2,10,401540217,2023-11-04,Tarleton State Texans,Stephen F. Austin Lumberjacks,TAR,SFA,59,17,home,42,,,27,10,4,7,6,1,
2023,2,10,401540224,2023-11-04,Abilene Christian Wildcats,Utah Tech Trailblazers,ACU,UTU,24,7,home,17,,,21,4,2,9,6,1,
2023,2,10,401540232,2023-11-04,Eastern Washington Eagles,Cal Poly Mustangs,EWU,CP,48,13,home,35,,,28,6,2,12,8,1,
2023,2,10,401540248,2023-11-04,Northern Colorado Bears,Idaho Vandals,UNCO,IDHO,13,27,away,14,,,17,3,5,6,3,1,
2023,2,10,401540256,2023-11-04,Idaho State Bengals,Weber State Wildcats,IDST,WEB,21,33,away,12,,,33,6,3,13,11,1,
2023,2,10,401540284,2023-11-04,UC Davis Aggies,Portland State Vikings,UCD,PRST,37,23,home,14,,,19,7,5,3,4,1,
2023,2,10,401540296,2023-11-04,Brown Bears,Yale Bulldogs,BRWN,YALE,17,36,away,19,,,32,6,2,11,13,1,
2023,2,10,401540304,2023-11-04,Indiana State Sycamores,Youngstown State Penguins,INST,YSU,7,19,away,12,,,23,3,3,12,5,1,
2023,2,10,401540328,2023-11-04,Delaware Blue Hens,Elon Phoenix,DEL,ELON,27,33,away,6,,,32,7,4,15,6,1,
2023,2,10,401540331,2023-11-04,Pennsylvania Quakers,Cornell Big Red,PENN,COR,23,8,home,15,,,16,4,2,5,5,1,
2023,2,10,401540343,2023-11-04,Columbia Lions,Harvard Crimson,COLU,HARV,24,38,away,14,,,23,7,2,8,6,1,
2023,2,10,401540360,2023-11-04,Northwestern State Demons,Houston Christian Huskies,NWST,HCU,0,1,away,1,,,0,0,0,0,0,0,no drives
2023,2,10,401540367,2023-11-04,Murray State Racers,North Dakota Fighting Hawks,MUR,UND,31,45,away,14,,,19,10,2,4,3,1,
2023,2,10,401540380,2023-11-04,Lamar Cardinals,Texas A&M-Commerce Lions,LAM,TAMC,41,21,home,20,,,27,6,1,12,8,1,
2023,2,10,401540386,2023-11-04,South Dakota State Jackrabbits,North Dakota State Bison,SDST,NDSU,33,16,home,17,,,19,5,7,3,4,1,
2023,2,10,401540395,2023-11-04,SE Louisiana Lions,McNeese Cowboys,SELA,MCN,38,24,home,14,,,28,8,3,9,8,1,
2023,2,10,401540404,2023-11-04,Stetson Hatters,Davidson Wildcats,STET,DAV,41,61,away,20,,,27,13,4,4,6,1,
2023,2,10,401540420,2023-11-04,Maine Black Bears,Hampton Pirates,ME,HAMP,35,42,away,7,,,25,11,0,7,7,1,
2023,2,10,401540427,2023-11-04,Bryant Bulldogs,Gardner-Webb Runnin' Bulldogs,BRY,GWEB,44,45,away,1,,,26,10,4,6,6,1,
2023,2,10,401540444,2023-11-04,Southern Illinois Salukis,South Dakota Coyotes,SIU,SDAK,7,14,away,7,,,1,0,0,0,1,1,
2023,2,10,401540460,2023-11-04,Valparaiso Beacons,Dayton Flyers,VAL,DAY,21,7,home,14,,,24,4,0,15,5,1,
2023,2,10,401540476,2023-11-04,Charleston Southern Buccaneers,Tennessee State Tigers,CHSO,TNST,35,21,home,14,,,31,8,0,15,8,1,
2023,2,10,401540481,2023-11-04,Lindenwood Lions,Eastern Illinois Panthers,LIN,EIU,10,16,away,6,,,27,3,3,12,9,1,
2023,2,10,401540498,2023-11-04,Southeast Missouri State Redhawks,Robert Morris Colonials,SEMO,RMU,20,21,away,1,,,25,4,3,9,9,1,
2023,2,10,401540505,2023-11-04,Monmouth Hawks,Stony Brook Seawolves,MONM,STBK,56,17,home,39,,,23,10,1,9,3,1,
2023,2,10,401540518,2023-11-04,Marist Red Foxes,Drake Bulldogs,MRST,DRKE,3,10,away,7,,,20,1,2,6,11,1,
2023,2,10,401540533,2023-11-04,New Hampshire Wildcats,Villanova Wildcats,UNH,VILL,33,45,away,12,,,26,9,5,3,9,1,
2023,2,10,401540536,2023-11-04,Tennessee Tech Golden Eagles,UT Martin Skyhawks,TNTC,UTM,41,44,away,3,,,29,11,2,12,4,1,
2023,2,10,401540546,2023-11-04,North Carolina A&T Aggies,Towson Tigers,NCAT,TOW,32,42,away,10,,,21,10,2,6,3,1,
2023,2,10,401540551,2023-11-04,Morehead State Eagles,Butler Bulldogs,MORE,BUT,7,49,away,42,,,25,7,0,10,8,1,
2023,2,10,401540557,2023-11-04,Presbyterian Blue Hose,San Diego Toreros,PRES,USD,13,23,away,10,,,27,3,5,10,9,1,
2023,2,10,401540589,2023-11-04,Chattanooga Mocs,Furman Paladins,UTC,FUR,14,17,away,3,,,27,4,2,15,6,1,
2023,2,10,401540595,2023-11-04,East Tennessee State Buccaneers,VMI Keydets,ETSU,VMI,24,31,away,7,,,26,7,3,7,9,1,
2023,2,10,401540614,2023-11-04,The Citadel Bulldogs,Mercer Bears,CIT,MER,16,38,away,22,,,23,6,2,10,5,1,
2023,2,10,401540617,2023-11-04,UAlbany Great Danes,William & Mary Tribe,ALB,W&M,24,8,home,16,,,19,3,1,10,5,1,
2023,2,10,401540626,2023-11-04,Wofford Terriers,Western Carolina Catamounts,WOF,WCU,25,28,away,3,,,23,5,4,7,7,1,
2023,2,10,401540807,2023-11-04,Northern Iowa Panthers,Western Illinois Leathernecks,UNI,WIU,50,6,home,44,,,22,7,2,5,8,1,
2023,2,10,401544202,2023-11-04,Incarnate Word Cardinals,Nicholls Colonels,UIW,NICH,32,45,away,13,,,25,9,3,8,5,1,
2023,2,10,401553854,2023-11-04,Montana State Bobcats,Northern Arizona Lumberjacks,MTST,NAU,45,21,home,24,,,24,9,1,8,6,1,
2023,2,10,401520378,2023-11-05,UTEP Miners,Western Kentucky Hilltoppers,UTEP,WKU,13,21,away,8,,,21,4,2,9,6,1,
2023,2,10,401524045,2023-11-05,Arizona Wildcats,UCLA Bruins,ARIZ,UCLA,27,10,home,17,,,18,4,5,5,4,1,
2023,2,10,401524046,2023-11-05,Colorado Buffaloes,Oregon State Beavers,COLO,ORST,19,26,away,7,,,24,5,3,11,5,1,
2023,2,10,401524050,2023-11-05,Washington State Cougars,Stanford Cardinal,WSU,STAN,7,10,away,3,,,22,2,2,12,6,1,
2023,2,10,401525544,2023-11-05,NC State Wolfpack,Miami Hurricanes,NCSU,MIA,20,6,home,14,,,24,2,5,9,8,1,
2023,2,10,401532608,2023-11-05,Fresno State Bulldogs,Boise State Broncos,FRES,BOIS,37,30,home,7,,,24,6,6,8,4,1,
2023,2,10,401540263,2023-11-05,Montana Grizzlies,Sacramento State Hornets,MONT,SAC,34,7,home,27,,,25,6,2,11,6,1,
2023,2,11,401532437,2023-11-08,Northern Illinois Huskies,Ball State Cardinals,NIU,BALL,17,20,away,3,,,20,4,5,8,3,1,
2023,2,11,401532438,2023-11-08,Western Michigan Broncos,Central Michigan Chippewas,WMU,CMU,38,28,home,10,,,30,9,3,10,8,1,
2023,2,11,401532439,2023-11-08,Buffalo Bulls,Ohio Bobcats,BUFF,OHIO,10,20,away,10,,,15,3,4,5,3,1,
2023,2,11,401532440,2023-11-09,Toledo Rockets,Eastern Michigan Eagles,TOL,EMU,49,23,home,26,,,20,10,1,5,4,1,
2023,2,11,401532441,2023-11-09,Miami (OH) RedHawks,Akron Zips,M-OH,AKR,19,0,home,19,,,25,2,2,11,10,1,
2023,2,11,401532442,2023-11-09,Kent State Golden Flashes,Bowling Green Falcons,KENT,BGSU,19,49,away,30,,,26,9,3,7,7,1,
2023,2,11,401525546,2023-11-10,Louisville Cardinals,Virginia Cavaliers,LOU,UVA,31,24,home,7,,,25,5,4,8,8,1,
2023,2,11,401531911,2023-11-10,Louisiana Ragin' Cajuns,Southern Miss Golden Eagles,UL,USM,31,34,away,3,,,26,8,3,8,7,1,
2023,2,11,401520380,2023-11-11,Arkansas Razorbacks,Auburn Tigers,ARK,AUB,10,48,away,38,,,25,6,3,9,7,1,
2023,2,11,401520381,2023-11-11,Army Black Knights,Holy Cross Crusaders,ARMY,HC,17,14,home,3,,,16,3,1,4,8,1,
2023,2,11,401520383,2023-11-11,Illinois Fighting Illini,Indiana Hoosiers,ILL,IU,48,45,home,3,,,28,10,3,7,8,1,
2023,2,11,401520384,2023-11-11,Iowa Hawkeyes,Rutgers Scarlet Knights,IOWA,RUTG,22,0,home,22,,,22,2,4,12,4,1,
2023,2,11,401520385,2023-11-11,James Madison Dukes,UConn Huskies,JMU,CONN,44,6,home,38,,,21,4,5,5,7,1,
2023,2,11,401520386,2023-11-11,Kentucky Wildcats,Alabama Crimson Tide,UK,ALA,21,49,away,28,,,25,10,0,9,6,1,
2023,2,11,401520387,2023-11-11,Louisiana Tech Bulldogs,Sam Houston Bearkats,LT,SHSU,27,42,away,15,,,25,8,2,9,6,1,
2023,2,11,401520388,2023-11-11,Liberty Flames,Old Dominion Monarchs,LIB,ODU,38,10,home,28,,,24,6,2,8,8,1,
2023,2,11,401520390,2023-11-11,Middle Tennessee Blue Raiders,Florida International Panthers,MTSU,FIU,40,6,home,34,,,25,4,4,12,5,1,
2023,2,11,401520391,2023-11-11,Missouri Tigers,Tennessee Volunteers,MIZ,TENN,36,7,home,29,,,22,4,4,9,5,1,
2023,2,11,401520392,2023-11-11,Nebraska Cornhuskers,Maryland Terrapins,NEB,MD,10,13,away,3,,,21,2,3,5,11,1,
2023,2,11,401520394,2023-11-11,Penn State Nittany Lions,Michigan Wolverines,PSU,MICH,15,24,away,9,,,21,5,2,10,4,1,
2023,2,11,401520395,2023-11-11,Purdue Boilermakers,Minnesota Golden Gophers,PUR,MINN,49,30,home,19,,,24,10,4,8,2,1,
2023,2,11,401520396,2023-11-11,South Carolina Gamecocks,Vanderbilt Commodores,SC,VAN,47,6,home,41,,,26,7,0,10,9,1,
2023,2,11,401520398,2023-11-11,Wisconsin Badgers,Northwestern Wildcats,WIS,NU,10,24,away,14,,,21,4,3,10,4,1,
2023,2,11,401520399,2023-11-11,Western Kentucky Hilltoppers,New Mexico State Aggies,WKU,NMSU,29,38,away,9,,,19,8,3,6,2,1,
2023,2,11,401524051,2023-11-11,California Golden Bears,Washington State Cougars,CAL,WSU,42,39,home,3,,,26,9,3,7,7,1,
2023,2,11,401524052,2023-11-11,Colorado Buffaloes,Arizona Wildcats,COLO,ARIZ,31,34,away,3,,,24,8,4,12,0,1,
2023,2,11,401524054,2023-11-11,Oregon State Beavers,Stanford Cardinal,ORST,STAN,62,17,home,45,,,26,11,1,7,7,1,
2023,2,11,401524056,2023-11-11,Washington Huskies,Utah Utes,WASH,UTAH,35,28,home,7,,,25,7,3,9,6,1,
2023,2,11,401525547,2023-11-11,Boston College Eagles,Virginia Tech Hokies,BC,VT,22,48,away,26,,,24,9,2,8,5,1,
2023,2,11,401525548,2023-11-11,Clemson Tigers,Georgia Tech Yellow Jackets,CLEM,GT,42,21,home,21,,,26,8,1,9,8,1,
2023,2,11,401525550,2023-11-11,Florida State Seminoles,Miami Hurricanes,FSU,MIA,27,20,home,7,,,26,5,4,14,3,1,
2023,2,11,401525551,2023-11-11,Wake Forest Demon Deacons,NC State Wolfpack,WAKE,NCSU,6,26,away,20,,,0,0,0,0,0,0,no drives
2023,2,11,401525552,2023-11-11,Syracuse Orange,Pittsburgh Panthers,SYR,PITT,28,13,home,15,,,23,4,3,9,7,1,
2023,2,11,401525888,2023-11-11,Kansas Jayhawks,Texas Tech Red Raiders,KU,TTU,13,16,away,3,,,23,2,6,9,6,1,
2023,2,11,401525889,2023-11-11,Kansas State Wildcats,Baylor Bears,KSU,BAY,59,25,home,34,,,29,10,1,8,10,1,
2023,2,11,401525892,2023-11-11,UCF Knights,Oklahoma State Cowboys,UCF,OKST,45,3,home,42,,,28,6,2,9,11,1,
2023,2,11,401531344,2023-11-11,Tulane Green Wave,Tulsa Golden Hurricane,TULN,TLSA,24,22,home,2,,,24,4,4,11,5,1,
2023,2,11,401531384,2023-11-11,Navy Midshipmen,UAB Blazers,NAVY,UAB,31,6,home,25,,,22,3,4,8,7,1,
2023,2,11,401531393,2023-11-11,South Florida Bulls,Temple Owls,USF,TEM,27,23,home,4,,,26,5,6,7,8,1,
2023,2,11,401531408,2023-11-11,Charlotte 49ers,Memphis Tigers,CLT,MEM,38,44,away,6,,,29,10,4,5,10,1,
2023,2,11,401531416,2023-11-11,Florida Atlantic Owls,East Carolina Pirates,FAU,ECU,7,22,away,15,,,29,2,6,12,9,1,
2023,2,11,401531437,2023-11-11,SMU Mustangs,North Texas Mean Green,SMU,UNT,45,21,home,24,,,25,9,2,6,8,1,
2023,2,11,401531912,2023-11-11,Coastal Carolina Chanticleers,Texas State Bobcats,CCU,TXST,31,23,home,8,,,23,7,2,8,6,1,
2023,2,11,401531913,2023-11-11,Georgia State Panthers,Appalachian State Mountaineers,GAST,APP,14,42,away,28,,,29,8,0,13,8,1,
2023,2,11,401531915,2023-11-11,UL Monroe Warhawks,Troy Trojans,ULM,TROY,14,45,away,31,,,26,8,2,9,7,1,
2023,2,11,401531916,2023-11-11,South Alabama Jaguars,Arkansas State Red Wolves,USA,ARST,21,14,home,7,,,24,4,3,10,7,1,
2023,2,11,401532615,2023-11-11,Utah State Aggies,Nevada Wolf Pack,USU,NEV,41,24,home,17,,,32,7,3,15,7,1,
2023,2,11,401532618,2023-11-11,UNLV Rebels,Wyoming Cowboys,UNLV,WYO,34,14,home,20,,,24,6,3,9,6,1,
2023,2,11,401534857,2023-11-11,Howard Bison,North Carolina Central Eagles,HOW,NCCU,50,20,home,30,,,20,9,0,10,1,1,
2023,2,11,401539976,2023-11-11,Delaware State Hornets,Norfolk State Spartans,DSU,NORF,21,44,away,23,,,23,8,3,6,6,1,
2023,2,11,401539985,2023-11-11,South Carolina State Bulldogs,Morgan State Bears,SCST,MORG,17,20,away,3,,,0,0,0,0,0,0,no drives
2023,2,11,401540010,2023-11-11,Merrimack Warriors,Central Connecticut Blue Devils,MRMK,CCSU,35,24,home,11,,,21,8,2,8,3,1,
2023,2,11,401540018,2023-11-11,Duquesne Dukes,Stonehill Skyhawks,DUQ,STO,28,33,away,5,,,27,7,2,7,11,1,
2023,2,11,401540025,2023-11-11,Long Island University Sharks,Wagner Seahawks,LIU,WAG,49,14,home,35,,,23,8,0,10,5,1,
2023,2,11,401540055,2023-11-11,Bucknell Bison,Georgetown Hoyas,BUCK,GTWN,47,50,away,3,,,34,12,1,11,10,1,
2023,2,11,401540076,2023-11-11,Lafayette Leopards,Fordham Rams,LAF,FOR,24,16,home,8,,,16,4,3,6,3,1,
2023,2,11,401540084,2023-11-11,Colgate Raiders,Lehigh Mountain Hawks,COLG,LEH,37,21,home,16,,,23,8,2,7,6,1,
2023,2,11,401540108,2023-11-11,Illinois State Redbirds,Murray State Racers,ILST,MUR,44,7,home,37,,,0,0,0,0,0,0,no drives
2023,2,11,401540113,2023-11-11,Bethune-Cookman Wildcats,Alabama A&M Bulldogs,BCU,AAMU,31,14,home,17,,,25,6,1,8,10,1,
2023,2,11,401540122,2023-11-11,Mississippi Valley State Delta Devils,Alabama State Hornets,MVSU,ALST,3,20,away,17,,,25,3,1,15,6,1,
2023,2,11,401540139,2023-11-11,Arkansas-Pine Bluff Golden Lions,Grambling Tigers,UAPB,GRAM,14,43,away,29,,,0,0,0,0,0,0,no drives
2023,2,11,401540154,2023-11-11,Florida A&M Rattlers,Lincoln (CA) Oaklanders,FAMU,LCLN,28,0,home,28,,,18,3,0,10,5,1,
2023,2,11,401540169,2023-11-11,Southern Jaguars,Prairie View A&M Panthers,SOU,PV,21,27,away,6,,,26,6,5,9,6,1,
2023,2,11,401540181,2023-11-11,Austin Peay Governors,Utah Tech Trailblazers,APSU,UTU,30,17,home,13,,,28,5,6,10,7,1,
2023,2,11,401540191,2023-11-11,Central Arkansas Bears,Eastern Kentucky Colonels,CARK,EKU,27,24,home,3,,,23,5,3,8,7,1,
2023,2,11,401540211,2023-11-11,Stephen F. Austin Lumberjacks,Southern Utah Thunderbirds,SFA,SUU,17,45,away,28,,,26,8,3,9,6,1,
2023,2,11,401540218,2023-11-11,Abilene Christian Wildcats,Tarleton State Texans,ACU,TAR,30,31,away,1,,,23,8,3,7,5,1,
2023,2,11,401540233,2023-11-11,Sacramento State Hornets,Cal Poly Mustangs,SAC,CP,41,30,home,11,,,27,8,5,9,5,1,
2023,2,11,401540242,2023-11-11,Montana State Bobcats,Eastern Washington Eagles,MTST,EWU,57,14,home,43,,,30,9,2,13,6,1,
2023,2,11,401540249,2023-11-11,Weber State Wildcats,Idaho Vandals,WEB,IDHO,31,29,home,2,,,23,7,4,8,4,1,
2023,2,11,401540257,2023-11-11,Idaho State Bengals,UC Davis Aggies,IDST,UCD,14,21,away,7,,,29,4,0,16,9,1,
2023,2,11,401540277,2023-11-11,Northern Arizona Lumberjacks,Northern Colorado Bears,NAU,UNCO,28,7,home,21,,,23,5,0,12,6,1,
2023,2,11,401540297,2023-11-11,Columbia Lions,Brown Bears,COLU,BRWN,14,21,away,7,,,23,5,1,12,5,1,
2023,2,11,401540305,2023-11-11,Indiana State Sycamores,Western Illinois Leathernecks,INST,WIU,27,6,home,21,,,23,4,2,12,5,1,
2023,2,11,401540318,2023-11-11,Campbell Fighting Camels,Delaware Blue Hens,CAM,DEL,7,45,away,38,,,24,6,1,9,8,1,
2023,2,11,401540332,2023-11-11,Dartmouth Big Green,Cornell Big Red,DART,COR,30,14,home,16,,,24,6,1,10,7,1,
2023,2,11,401540344,2023-11-11,Harvard Crimson,Pennsylvania Quakers,HARV,PENN,25,23,home,2,,,21,5,5,9,2,1,
2023,2,11,401540352,2023-11-11,Missouri State Bears,Northern Iowa Panthers,MOST,UNI,35,16,home,19,,,23,5,4,6,8,1,
2023,2,11,401540374,2023-11-11,South Dakota Coyotes,North Dakota Fighting Hawks,SDAK,UND,14,10,home,4,,,17,2,2,7,6,1,
2023,2,11,401540381,2023-11-11,Nicholls Colonels,Lamar Cardinals,NICH,LAM,37,24,home,13,,,24,8,3,3,10,1,
2023,2,11,401540387,2023-11-11,North Dakota State Bison,Southern Illinois Salukis,NDSU,SIU,34,10,home,24,,,22,5,4,9,4,1,
2023,2,11,401540405,2023-11-11,Morehead State Eagles,Davidson Wildcats,MORE,DAV,47,17,home,30,,,31,9,2,8,12,1,
2023,2,11,401540415,2023-11-11,Richmond Spiders,Elon Phoenix,RICH,ELON,38,24,home,14,,,24,8,2,9,5,1,
2023,2,11,401540421,2023-11-11,Hampton Pirates,William & Mary Tribe,HAMP,W&M,10,31,away,21,,,21,4,2,6,9,1,
2023,2,11,401540428,2023-11-11,Lindenwood Lions,Bryant Bulldogs,LIN,BRY,3,38,away,35,,,20,5,2,7,6,1,
2023,2,11,401540433,2023-11-11,Incarnate Word Cardinals,Northwestern State Demons,UIW,NWST,1,0,home,1,,,0,0,0,0,0,0,no drives
2023,2,11,401540436,2023-11-11,Texas A&M-Commerce Lions,SE Louisiana Lions,TAMC,SELA,14,52,away,38,,,30,9,2,10,9,1,
2023,2,11,401540453,2023-11-11,Youngstown State Penguins,South Dakota State Jackrabbits,YSU,SDST,0,34,away,34,,,20,4,4,8,4,1,
2023,2,11,401540477,2023-11-11,Robert Morris Colonials,Charleston Southern Buccaneers,RMU,CHSO,14,12,home,2,,,22,3,5,9,5,1,
2023,2,11,401540482,2023-11-11,Eastern Illinois Panthers,Tennessee State Tigers,EIU,TNST,30,17,home,13,,,28,6,3,15,4,1,
2023,2,11,401540487,2023-11-11,Tennessee Tech Golden Eagles,Gardner-Webb Runnin' Bulldogs,TNTC,GWEB,0,35,away,35,,,33,3,1,18,11,1,
2023,2,11,401540502,2023-11-11,UT Martin Skyhawks,Southeast Missouri State Redhawks,UTM,SEMO,41,14,home,27,,,27,7,1,12,7,1,
2023,2,11,401540506,2023-11-11,Monmouth Hawks,New Hampshire Wildcats,MONM,UNH,24,31,away,7,,,23,7,4,8,4,1,
2023,2,11,401540512,2023-11-11,Dayton Flyers,Marist Red Foxes,DAY,MRST,35,6,home,29,,,24,6,1,6,11,1,
2023,2,11,401540519,2023-11-11,Drake Bulldogs,Presbyterian Blue Hose,DRKE,PRES,16,14,home,2,,,24,3,4,13,4,1,
2023,2,11,401540547,2023-11-11,Rhode Island Rams,North Carolina A&T Aggies,URI,NCAT,31,24,home,7,,,0,0,0,0,0,0,no drives
2023,2,11,401540560,2023-11-11,San Diego Toreros,St. Thomas-Minnesota Tommies,USD,STMN,14,20,away,6,,,20,5,2,7,6,1,
2023,2,11,401540568,2023-11-11,Valparaiso Beacons,Stetson Hatters,VAL,STET,23,20,home,3,,,24,4,2,8,10,1,
2023,2,11,401540577,2023-11-11,Stony Brook Seawolves,UAlbany Great Danes,STBK,ALB,20,38,away,18,,,19,6,4,4,5,1,
2023,2,11,401540580,2023-11-11,Villanova Wildcats,Towson Tigers,VILL,TOW,33,10,home,23,,,21,5,2,7,7,1,
2023,2,11,401540596,2023-11-11,Western Carolina Catamounts,East Tennessee State Buccaneers,WCU,ETSU,58,7,home,51,,,27,8,3,10,6,1,
2023,2,11,401540603,2023-11-11,Furman Paladins,VMI Keydets,FUR,VMI,37,3,home,34,,,27,4,5,13,5,1,
2023,2,11,401540610,2023-11-11,Kennesaw State Owls,Virginia Lynchburg Dragons,KENN,UVAL,63,3,home,60,,,20,8,2,6,4,1,
2023,2,11,401540615,2023-11-11,Mercer Bears,Samford Bulldogs,MER,SAM,28,21,home,7,,,24,7,1,12,4,1,
2023,2,11,401540621,2023-11-11,The Citadel Bulldogs,Wofford Terriers,CIT,WOF,3,11,away,8,,,20,1,3,10,6,1,
2023,2,11,401544198,2023-11-11,Princeton Tigers,Yale Bulldogs,PRIN,YALE,28,36,away,8,,,26,7,1,14,4,1,
2023,2,11,401520382,2023-11-12,Georgia Bulldogs,Ole Miss Rebels,UGA,MISS,52,17,home,35,,,22,9,2,5,6,1,
2023,2,11,401520389,2023-11-12,LSU Tigers,Florida Gators,LSU,FLA,52,35,home,17,,,25,12,1,5,7,1,
2023,2,11,401520393,2023-11-12,Ohio State Buckeyes,Michigan State Spartans,OSU,MSU,38,3,home,35,,,22,5,4,11,2,1,
2023,2,11,401520397,2023-11-12,Texas A&M Aggies,Mississippi State Bulldogs,TA&M,MSST,51,10,home,41,,,24,5,5,6,8,1,
2023,2,11,401524053,2023-11-12,Oregon Ducks,USC Trojans,ORE,USC,36,27,home,9,,,19,9,2,5,3,1,
2023,2,11,401524055,2023-11-12,UCLA Bruins,Arizona State Sun Devils,UCLA,ASU,7,17,away,10,,,22,3,1,10,8,1,
2023,2,11,401525549,2023-11-12,North Carolina Tar Heels,Duke Blue Devils,UNC,DUKE,47,45,home,2,,,22,8,5,6,3,1,
2023,2,11,401525886,2023-11-12,BYU Cougars,Iowa State Cyclones,BYU,ISU,13,45,away,32,,,24,8,1,8,7,1,
2023,2,11,401525887,2023-11-12,Houston Cougars,Cincinnati Bearcats,HOU,CIN,14,24,away,10,,,22,5,1,8,8,1,
2023,2,11,401525890,2023-11-12,Oklahoma Sooners,West Virginia Mountaineers,OU,WVU,59,20,home,39,,,28,11,2,9,6,1,
2023,2,11,401525891,2023-11-12,TCU Horned Frogs,Texas Longhorns,TCU,TEX,26,29,away,3,,,25,6,5,8,6,1,
2023,2,11,401531400,2023-11-12,UTSA Roadrunners,Rice Owls,UTSA,RICE,34,14,home,20,,,22,5,2,11,4,1,
2023,2,11,401531914,2023-11-12,Marshall Thundering Herd,Georgia Southern Eagles,MRSH,GASO,38,33,home,5,,,30,7,6,12,5,1,
2023,2,11,401532613,2023-11-12,Hawai'i Rainbow Warriors,Air Force Falcons,HAW,AFA,27,13,home,14,,,18,4,4,5,5,1,
2023,2,11,401532614,2023-11-12,San José State Spartans,Fresno State Bulldogs,SJSU,FRES,42,18,home,24,,,24,7,1,11,5,1,
2023,2,11,401532616,2023-11-12,Boise State Broncos,New Mexico Lobos,BOIS,UNM,42,14,home,28,,,19,7,3,6,3,1,
2023,2,11,401532617,2023-11-12,Colorado State Rams,San Diego State Aztecs,CSU,SDSU,22,19,home,3,,,22,4,4,10,4,1,
2023,2,11,401540131,2023-11-12,Texas Southern Tigers,Alcorn State Braves,TXSO,ALCN,44,10,home,34,,,0,0,0,0,0,0,no drives
2023,2,11,401540264,2023-11-12,Portland State Vikings,Montana Grizzlies,PRST,MONT,10,34,away,24,,,18,5,3,9,1,1,
2023,2,11,401540361,2023-11-12,McNeese Cowboys,Houston Christian Huskies,MCN,HCU,24,35,away,11,,,22,7,2,9,4,1,
2023,2,12,401532443,2023-11-15,Bowling Green Falcons,Toledo Rockets,BGSU,TOL,31,32,away,1,,,27,8,2,9,8,1,
2023,2,12,401532444,2023-11-15,Northern Illinois Huskies,Western Michigan Broncos,NIU,WMU,24,0,home,24,,,18,2,1,10,5,1,
2023,2,12,401532445,2023-11-15,Eastern Michigan Eagles,Akron Zips,EMU,AKR,30,27,home,3,,,18,4,3,8,3,1,
2023,2,12,401532446,2023-11-16,Ohio Bobcats,Central Michigan Chippewas,OHIO,CMU,34,20,home,14,,,24,6,3,8,7,1,
2023,2,12,401532447,2023-11-16,Miami (OH) RedHawks,Buffalo Bulls,M-OH,BUFF,23,10,home,13,,,23,2,4,11,6,1,
2023,2,12,401525553,2023-11-17,Pittsburgh Panthers,Boston College Eagles,PITT,BC,24,16,home,8,,,22,4,5,7,6,1,
2023,2,12,401540114,2023-11-17,Alabama A&M Bulldogs,Mississippi Valley State Delta Devils,AAMU,MVSU,30,21,home,9,,,30,6,2,12,10,1,
2023,2,12,401540437,2023-11-17,SE Louisiana Lions,Nicholls Colonels,SELA,NICH,16,21,away,5,,,25,4,5,11,5,1,
2023,2,12,401520401,2023-11-18,Alabama Crimson Tide,Chattanooga Mocs,ALA,UTC,66,10,home,56,,,25,9,2,11,3,1,
2023,2,12,401520403,2023-11-18,Army Black Knights,Coastal Carolina Chanticleers,ARMY,CCU,28,21,home,7,,,17,6,0,3,8,1,
2023,2,12,401520404,2023-11-18,Auburn Tigers,New Mexico State Aggies,AUB,NMSU,10,31,away,21,,,16,5,2,6,3,1,
2023,2,12,401520405,2023-11-18,Indiana Hoosiers,Michigan State Spartans,IU,MSU,21,24,away,3,,,24,6,3,9,6,1,
2023,2,12,401520406,2023-11-18,Iowa Hawkeyes,Illinois Fighting Illini,IOWA,ILL,15,13,home,2,,,24,3,4,13,4,1,
2023,2,12,401520407,2023-11-18,Jacksonville State Gamecocks,Louisiana Tech Bulldogs,JVST,LT,56,17,home,39,,,28,8,1,8,11,1,
2023,2,12,401520408,2023-11-18,Liberty Flames,Massachusetts Minutemen,LIB,MASS,49,25,home,24,,,25,9,3,5,8,1,
2023,2,12,401520410,2023-11-18,Maryland Terrapins,Michigan Wolverines,MD,MICH,24,31,away,7,,,21,6,1,7,7,1,
2023,2,12,401520411,2023-11-18,Middle Tennessee Blue Raiders,UTEP Miners,MTSU,UTEP,34,30,home,4,,,27,7,3,8,9,1,
2023,2,12,401520412,2023-11-18,Mississippi State Bulldogs,Southern Miss Golden Eagles,MSST,USM,41,20,home,21,,,27,5,4,12,6,1,
2023,2,12,401520414,2023-11-18,Northwestern Wildcats,Purdue Boilermakers,NU,PUR,23,15,home,8,,,27,5,3,10,9,1,
2023,2,12,401520415,2023-11-18,Ohio State Buckeyes,Minnesota Golden Gophers,OSU,MINN,37,3,home,34,,,21,4,4,9,4,1,
2023,2,12,401520416,2023-11-18,Ole Miss Rebels,UL Monroe Warhawks,MISS,ULM,35,3,home,32,,,22,5,2,8,7,1,
2023,2,12,401520417,2023-11-18,Penn State Nittany Lions,Rutgers Scarlet Knights,PSU,RUTG,27,6,home,21,,,19,3,4,6,6,1,
2023,2,12,401520419,2023-11-18,Tennessee Volunteers,Georgia Bulldogs,TENN,UGA,10,38,away,28,,,21,6,3,8,4,1,
2023,2,12,401520420,2023-11-18,Texas A&M Aggies,Abilene Christian Wildcats,TA&M,ACU,38,10,home,28,,,26,5,3,15,3,1,
2023,2,12,401520421,2023-11-18,UConn Huskies,Sacred Heart Pioneers,CONN,SHU,31,3,home,28,,,21,4,3,12,2,1,
2023,2,12,401520423,2023-11-18,Western Kentucky Hilltoppers,Sam Houston Bearkats,WKU,SHSU,28,23,home,5,,,30,6,1,11,12,1,
2023,2,12,401524057,2023-11-18,Washington State Cougars,Colorado Buffaloes,WSU,COLO,56,14,home,42,,,29,7,0,14,8,1,
2023,2,12,401524058,2023-11-18,Arizona Wildcats,Utah Utes,ARIZ,UTAH,42,18,home,24,,,21,7,3,5,6,1,
2023,2,12,401524059,2023-11-18,Arizona State Sun Devils,Oregon Ducks,ASU,ORE,13,49,away,36,,,20,7,3,3,7,1,
2023,2,12,401524061,2023-11-18,Stanford Cardinal,California Golden Bears,STAN,CAL,15,27,away,12,,,24,5,3,11,5,1,
2023,2,12,401524062,2023-11-18,USC Trojans,UCLA Bruins,USC,UCLA,20,38,away,18,,,24,6,5,6,7,1,
2023,2,12,401525442,2023-11-18,Notre Dame Fighting Irish,Wake Forest Demon Deacons,ND,WAKE,45,7,home,38,,,21,7,3,6,5,1,
2023,2,12,401525554,2023-11-18,Clemson Tigers,North Carolina Tar Heels,CLEM,UNC,31,20,home,11,,,30,7,2,11,10,1,
2023,2,12,401525555,2023-11-18,Virginia Cavaliers,Duke Blue Devils,UVA,DUKE,30,27,home,3,,,24,5,6,9,4,1,
2023,2,12,401525556,2023-11-18,Florida State Seminoles,North Alabama Lions,FSU,UNA,58,13,home,45,,,29,9,1,13,6,1,
2023,2,12,401525558,2023-11-18,Miami Hurricanes,Louisville Cardinals,MIA,LOU,31,38,away,7,,,25,9,3,9,4,1,
2023,2,12,401525559,2023-11-18,Virginia Tech Hokies,NC State Wolfpack,VT,NCSU,28,35,away,7,,,24,9,0,11,4,1,
2023,2,12,401525893,2023-11-18,BYU Cougars,Oklahoma Sooners,BYU,OU,24,31,away,7,,,21,6,3,8,4,1,
2023,2,12,401525894,2023-11-18,Houston Cougars,Oklahoma State Cowboys,HOU,OKST,30,43,away,13,,,26,8,3,9,6,1,
2023,2,12,401525897,2023-11-18,TCU Horned Frogs,Baylor Bears,TCU,BAY,42,17,home,25,,,20,7,1,2,10,1,
2023,2,12,401525898,2023-11-18,Texas Tech Red Raiders,UCF Knights,TTU,UCF,24,23,home,1,,,20,6,3,5,6,1,
2023,2,12,401525899,2023-11-18,West Virginia Mountaineers,Cincinnati Bearcats,WVU,CIN,42,21,home,21,,,20,9,1,7,3,1,
2023,2,12,401531345,2023-11-18,Tulsa Golden Hurricane,North Texas Mean Green,TLSA,UNT,28,35,away,7,,,29,9,1,13,6,1,
2023,2,12,401531375,2023-11-18,Florida Atlantic Owls,Tulane Green Wave,FAU,TULN,8,24,away,16,,,19,4,2,6,7,1,
2023,2,12,401531385,2023-11-18,UAB Blazers,Temple Owls,UAB,TEM,34,24,home,10,,,21,7,3,8,3,1,
2023,2,12,401531401,2023-11-18,UTSA Roadrunners,South Florida Bulls,UTSA,USF,49,21,home,28,,,28,10,0,11,7,1,
2023,2,12,401531409,2023-11-18,Charlotte 49ers,Rice Owls,CLT,RICE,7,28,away,21,,,24,4,3,8,9,1,
2023,2,12,401531417,2023-11-18,Navy Midshipmen,East Carolina Pirates,NAVY,ECU,10,0,home,10,,,28,1,4,14,9,1,
2023,2,12,401531431,2023-11-18,Memphis Tigers,SMU Mustangs,MEM,SMU,34,38,away,4,,,21,9,3,6,3,1,
2023,2,12,401531917,2023-11-18,Georgia Southern Eagles,Old Dominion Monarchs,GASO,ODU,17,20,away,3,,,22,4,4,10,4,1,
2023,2,12,401531918,2023-11-18,James Madison Dukes,Appalachian State Mountaineers,JMU,APP,23,26,away,3,,,27,6,5,10,6,1,
2023,2,12,401531919,2023-11-18,Arkansas State Red Wolves,Texas State Bobcats,ARST,TXST,77,31,home,46,,,24,11,1,6,6,1,
2023,2,12,401531920,2023-11-18,South Alabama Jaguars,Marshall Thundering Herd,USA,MRSH,28,0,home,28,,,24,3,2,11,8,1,
2023,2,12,401531921,2023-11-18,Troy Trojans,Louisiana Ragin' Cajuns,TROY,UL,31,24,home,7,,,22,7,2,10,3,1,
2023,2,12,401532448,2023-11-18,Ball State Cardinals,Kent State Golden Flashes,BALL,KENT,34,3,home,31,,,21,4,3,11,3,1,
2023,2,12,401532620,2023-11-18,Wyoming Cowboys,Hawai'i Rainbow Warriors,WYO,HAW,42,9,home,33,,,26,7,2,8,9,1,
2023,2,12,401532621,2023-11-18,Colorado State Rams,Nevada Wolf Pack,CSU,NEV,30,20,home,10,,,21,4,6,8,3,1,
2023,2,12,401532624,2023-11-18,Air Force Falcons,UNLV Rebels,AFA,UNLV,27,31,away,4,,,30,7,3,15,5,1,
2023,2,12,401534858,2023-11-18,Howard Bison,Morgan State Bears,HOW,MORG,14,7,home,7,,,23,3,0,15,5,1,
2023,2,12,401539977,2023-11-18,North Carolina Central Eagles,Delaware State Hornets,NCCU,DSU,55,14,home,41,,,21,9,3,4,5,1,
2023,2,12,401539992,2023-11-18,Norfolk State Spartans,South Carolina State Bulldogs,NORF,SCST,17,44,away,27,,,21,8,2,4,7,1,
2023,2,12,401540011,2023-11-18,Central Connecticut Blue Devils,St. Francis (PA) Red Flash,CCSU,SFPA,14,49,away,35,,,22,8,0,7,7,1,
2023,2,12,401540019,2023-11-18,Merrimack Warriors,Duquesne Dukes,MRMK,DUQ,14,26,away,12,,,25,6,0,14,5,1,
2023,2,12,401540026,2023-11-18,Stonehill Skyhawks,Long Island University Sharks,STO,LIU,40,23,home,17,,,0,0,0,0,0,0,no drives
2023,2,12,401540046,2023-11-18,Wagner Seahawks,Post University Eagles,WAG,POST,48,21,home,27,,,26,10,0,7,9,1,
2023,2,12,401540056,2023-11-18,Marist Red Foxes,Bucknell Bison,MRST,BUCK,21,38,away,17,,,22,8,2,8,4,1,
2023,2,12,401540064,2023-11-18,Holy Cross Crusaders,Georgetown Hoyas,HC,GTWN,31,10,home,21,,,16,5,2,4,5,1,
2023,2,12,401540077,2023-11-18,Lehigh Mountain Hawks,Lafayette Leopards,LEH,LAF,21,49,away,28,,,21,10,0,6,5,1,
2023,2,12,401540109,2023-11-18,North Dakota Fighting Hawks,Illinois State Redbirds,UND,ILST,22,21,home,1,,,18,6,3,6,3,1,
2023,2,12,401540123,2023-11-18,Prairie View A&M Panthers,Alabama State Hornets,PV,ALST,21,14,home,7,,,21,5,2,10,4,1,
2023,2,12,401540132,2023-11-18,Jackson State Tigers,Alcorn State Braves,JKST,ALCN,24,28,away,4,,,24,7,2,10,5,1,
2023,2,12,401540140,2023-11-18,Texas Southern Tigers,Arkansas-Pine Bluff Golden Lions,TXSO,UAPB,34,35,away,1,,,0,0,0,0,0,0,no drives
2023,2,12,401540147,2023-11-18,Bethune-Cookman Wildcats,Florida A&M Rattlers,BCU,FAMU,7,24,away,17,,,21,4,1,11,5,1,
2023,2,12,401540182,2023-11-18,Austin Peay Governors,Central Arkansas Bears,APSU,CARK,14,12,home,2,,,26,3,3,15,5,1,
2023,2,12,401540198,2023-11-18,Eastern Kentucky Colonels,Stephen F. Austin Lumberjacks,EKU,SFA,36,24,home,12,,,19,5,6,4,4,1,
2023,2,12,401540243,2023-11-18,Eastern Washington Eagles,Northern Arizona Lumberjacks,EWU,NAU,42,49,away,7,,,30,12,0,8,10,1,
2023,2,12,401540265,2023-11-18,Montana Grizzlies,Montana State Bobcats,MONT,MTST,37,7,home,30,,,23,5,4,8,6,1,
2023,2,12,401540282,2023-11-18,Northern Colorado Bears,Portland State Vikings,UNCO,PRST,23,27,away,4,,,19,6,3,6,4,1,
2023,2,12,401540287,2023-11-18,UC Davis Aggies,Sacramento State Hornets,UCD,SAC,31,21,home,10,,,27,7,1,9,10,1,
2023,2,12,401540298,2023-11-18,Brown Bears,Dartmouth Big Green,BRWN,DART,13,38,away,25,,,25,6,1,11,7,1,
2023,2,12,401540306,2023-11-18,Southern Illinois Salukis,Indiana State Sycamores,SIU,INST,38,9,home,29,,,23,4,3,7,9,1,
2023,2,12,401540319,2023-11-18,North Carolina A&T Aggies,Campbell Fighting Camels,NCAT,CAM,14,28,away,14,,,19,6,3,5,5,1,
2023,2,12,401540329,2023-11-18,Delaware Blue Hens,Villanova Wildcats,DEL,VILL,7,35,away,28,,,23,5,3,5,10,1,
2023,2,12,401540333,2023-11-18,Cornell Big Red,Columbia Lions,COR,COLU,14,29,away,15,,,25,4,5,10,6,1,
2023,2,12,401540345,2023-11-18,Yale Bulldogs,Harvard Crimson,YALE,HARV,23,18,home,5,,,29,6,1,14,8,1,
2023,2,12,401540353,2023-11-18,South Dakota State Jackrabbits,Missouri State Bears,SDST,MOST,35,17,home,18,,,19,7,3,6,3,1,
2023,2,12,401540362,2023-11-18,Houston Christian Huskies,Incarnate Word Cardinals,HCU,UIW,24,45,away,21,,,25,8,4,6,7,1,
2023,2,12,401540368,2023-11-18,Murray State Racers,Youngstown State Penguins,MUR,YSU,17,34,away,17,,,22,7,3,6,6,1,
2023,2,12,401540382,2023-11-18,Lamar Cardinals,McNeese Cowboys,LAM,MCN,52,27,home,25,,,26,10,1,8,7,1,
2023,2,12,401540388,2023-11-18,Northern Iowa Panthers,North Dakota State Bison,UNI,NDSU,27,48,away,21,,,26,8,4,6,8,1,
2023,2,12,401540416,2023-11-18,Elon Phoenix,Hampton Pirates,ELON,HAMP,51,14,home,37,,,29,7,1,14,7,1,
2023,2,12,401540429,2023-11-18,Bryant Bulldogs,Southeast Missouri State Redhawks,BRY,SEMO,45,21,home,24,,,25,9,1,6,9,1,
2023,2,12,401540434,2023-11-18,Northwestern State Demons,Texas A&M-Commerce Lions,NWST,TAMC,0,1,away,1,,,0,0,0,0,0,0,no drives
2023,2,12,401540445,2023-11-18,Western Illinois Leathernecks,South Dakota Coyotes,WIU,SDAK,6,48,away,42,,,27,7,2,14,4,1,
2023,2,12,401540462,2023-11-18,St. Thomas-Minnesota Tommies,Valparaiso Beacons,STMN,VAL,16,10,home,6,,,20,3,2,10,5,1,
2023,2,12,401540478,2023-11-18,Gardner-Webb Runnin' Bulldogs,Charleston Southern Buccaneers,GWEB,CHSO,34,10,home,24,,,0,0,0,0,0,0,no drives
2023,2,12,401540483,2023-11-18,Robert Morris Colonials,Eastern Illinois Panthers,RMU,EIU,14,28,away,14,,,22,6,1,10,5,1,
2023,2,12,401540493,2023-11-18,New Hampshire Wildcats,Maine Black Bears,UNH,ME,44,25,home,19,,,22,8,2,6,6,1,
2023,2,12,401540507,2023-11-18,UAlbany Great Danes,Monmouth Hawks,ALB,MONM,41,0,home,41,,,0,0,0,0,0,0,no drives
2023,2,12,401540520,2023-11-18,Butler Bulldogs,Drake Bulldogs,BUT,DRKE,9,13,away,4,,,18,2,3,10,3,1,
2023,2,12,401540537,2023-11-18,Tennessee State Tigers,Tennessee Tech Golden Eagles,TNST,TNTC,0,35,away,35,,,27,5,2,14,6,1,
2023,2,12,401540543,2023-11-18,Samford Bulldogs,UT Martin Skyhawks,SAM,UTM,27,17,home,10,,,26,4,5,9,8,1,
2023,2,12,401540552,2023-11-18,Presbyterian Blue Hose,Morehead State Eagles,PRES,MORE,31,27,home,4,,,0,0,0,0,0,0,no drives
2023,2,12,401540561,2023-11-18,Stetson Hatters,San Diego Toreros,STET,USD,20,47,away,27,,,22,7,3,3,9,1,
2023,2,12,401540572,2023-11-18,Towson Tigers,Rhode Island Rams,TOW,URI,31,30,home,1,,,25,7,4,10,4,1,
2023,2,12,401540574,2023-11-18,William & Mary Tribe,Richmond Spiders,W&M,RICH,26,27,away,1,,,21,6,4,10,1,1,
2023,2,12,401540597,2023-11-18,East Tennessee State Buccaneers,The Citadel Bulldogs,ETSU,CIT,35,23,home,12,,,26,6,4,9,7,1,
2023,2,12,401540604,2023-11-18,Wofford Terriers,Furman Paladins,WOF,FUR,19,13,home,6,,,25,2,5,10,8,1,
2023,2,12,401540624,2023-11-18,VMI Keydets,Western Carolina Catamounts,VMI,WCU,27,24,home,3,,,27,7,2,11,7,1,
2023,2,12,401541635,2023-11-18,Colgate Raiders,Fordham Rams,COLG,FOR,21,14,home,7,,,24,5,0,10,9,1,
2023,2,12,401552541,2023-11-18,Pennsylvania Quakers,Princeton Tigers,PENN,PRIN,24,31,away,7,,,29,7,2,10,10,1,
2023,2,12,401520402,2023-11-19,Arkansas Razorbacks,Florida International Panthers,ARK,FIU,44,20,home,24,,,28,7,6,10,5,1,
2023,2,12,401520409,2023-11-19,LSU Tigers,Georgia State Panthers,LSU,GAST,56,14,home,42,,,18,10,0,3,5,1,
2023,2,12,401520413,2023-11-19,Missouri Tigers,Florida Gators,MIZ,FLA,33,31,home,2,,,23,7,5,7,4,1,
2023,2,12,401520418,2023-11-19,South Carolina Gamecocks,Kentucky Wildcats,SC,UK,17,14,home,3,,,24,4,1,13,6,1,
2023,2,12,401520422,2023-11-19,Wisconsin Badgers,Nebraska Cornhuskers,WIS,NEB,24,17,home,7,,,21,5,3,9,4,1,
2023,2,12,401524060,2023-11-19,Oregon State Beavers,Washington Huskies,ORST,WASH,20,22,away,2,,,21,5,3,5,8,1,
2023,2,12,401525557,2023-11-19,Georgia Tech Yellow Jackets,Syracuse Orange,GT,SYR,31,22,home,9,,,23,7,3,7,6,1,
2023,2,12,401525895,2023-11-19,Iowa State Cyclones,Texas Longhorns,ISU,TEX,16,26,away,10,,,21,4,5,8,4,1,
2023,2,12,401525896,2023-11-19,Kansas Jayhawks,Kansas State Wildcats,KU,KSU,27,31,away,4,,,20,8,0,7,5,1,
2023,2,12,401532619,2023-11-19,Utah State Aggies,Boise State Broncos,USU,BOIS,10,45,away,35,,,29,7,2,13,7,1,
2023,2,12,401532622,2023-11-19,Fresno State Bulldogs,New Mexico Lobos,FRES,UNM,17,25,away,8,,,22,5,4,9,4,1,
2023,2,12,401532623,2023-11-19,San José State Spartans,San Diego State Aztecs,SJSU,SDSU,24,13,home,11,,,15,4,3,3,5,1,
2023,2,12,401540212,2023-11-19,Utah Tech Trailblazers,Southern Utah Thunderbirds,UTU,SUU,16,24,away,8,,,21,5,4,5,7,1,
2023,2,12,401540234,2023-11-19,Cal Poly Mustangs,Weber State Wildcats,CP,WEB,21,48,away,27,,,25,9,3,5,8,1,
2023,2,12,401540250,2023-11-19,Idaho Vandals,Idaho State Bengals,IDHO,IDST,63,21,home,42,,,29,11,0,3,15,1,
2023,2,12,401540406,2023-11-19,Davidson Wildcats,Dayton Flyers,DAV,DAY,14,45,away,31,,,18,7,2,3,6,1,
2023,2,13,401532449,2023-11-22,Buffalo Bulls,Eastern Michigan Eagles,BUFF,EMU,11,24,away,13,,,23,4,3,7,9,1,
2023,2,13,401532450,2023-11-22,Western Michigan Broncos,Bowling Green Falcons,WMU,BGSU,10,34,away,24,,,20,3,4,7,6,1,
2023,2,13,401540124,2023-11-23,Alabama State Hornets,Tuskegee Golden Tigers,ALST,TUSK,41,3,home,38,,,19,5,2,6,6,1,
2023,2,13,401520424,2023-11-24,Mississippi State Bulldogs,Ole Miss Rebels,MSST,MISS,7,17,away,10,,,25,3,3,16,3,1,
2023,2,13,401520425,2023-11-24,Nebraska Cornhuskers,Iowa Hawkeyes,NEB,IOWA,10,13,away,3,,,26,2,6,14,4,1,
2023,2,13,401520426,2023-11-24,Arkansas Razorbacks,Missouri Tigers,ARK,MIZ,14,48,away,34,,,26,7,2,11,6,1,
2023,2,13,401525560,2023-11-24,Boston College Eagles,Miami Hurricanes,BC,MIA,20,45,away,25,,,22,9,2,6,5,1,
2023,2,13,401525900,2023-11-24,Oklahoma Sooners,TCU Horned Frogs,OU,TCU,69,45,home,24,,,28,14,3,6,5,1,
2023,2,13,401531376,2023-11-24,Tulane Green Wave,UTSA Roadrunners,TULN,UTSA,29,16,home,13,,,27,5,4,9,9,1,
2023,2,13,401531394,2023-11-24,Temple Owls,Memphis Tigers,TEM,MEM,21,45,away,24,,,24,9,1,4,10,1,
2023,2,13,401532451,2023-11-24,Central Michigan Chippewas,Toledo Rockets,CMU,TOL,17,32,away,15,,,21,6,3,9,3,1,
2023,2,13,401532452,2023-11-24,Akron Zips,Ohio Bobcats,AKR,OHIO,14,25,away,11,,,19,5,3,7,4,1,
2023,2,13,401532625,2023-11-24,Boise State Broncos,Air Force Falcons,BOIS,AFA,27,19,home,8,,,22,5,4,8,5,1,
2023,2,13,401532629,2023-11-24,New Mexico Lobos,Utah State Aggies,UNM,USU,41,44,away,3,,,0,0,0,0,0,0,no drives
2023,2,13,401520427,2023-11-25,Auburn Tigers,Alabama Crimson Tide,AUB,ALA,24,27,away,3,,,22,6,4,10,2,1,
2023,2,13,401520428,2023-11-25,Florida International Panthers,Western Kentucky Hilltoppers,FIU,WKU,28,41,away,13,,,24,8,0,9,7,1,
2023,2,13,401520431,2023-11-25,Illinois Fighting Illini,Northwestern Wildcats,ILL,NU,43,45,away,2,,,26,9,5,5,7,1,
2023,2,13,401520432,2023-11-25,Louisville Cardinals,Kentucky Wildcats,LOU,UK,31,38,away,7,,,22,8,2,5,7,1,
2023,2,13,401520433,2023-11-25,LSU Tigers,Texas A&M Aggies,LSU,TA&M,42,30,home,12,,,20,4,2,4,10,1,
2023,2,13,401520434,2023-11-25,Michigan Wolverines,Ohio State Buckeyes,MICH,OSU,30,24,home,6,,,20,6,5,6,3,1,
2023,2,13,401520435,2023-11-25,Michigan State Spartans,Penn State Nittany Lions,MSU,PSU,0,42,away,42,,,24,5,3,13,3,1,
2023,2,13,401520436,2023-11-25,Minnesota Golden Gophers,Wisconsin Badgers,MINN,WIS,14,28,away,14,,,23,6,0,12,5,1,
2023,2,13,401520437,2023-11-25,New Mexico State Aggies,Jacksonville State Gamecocks,NMSU,JVST,20,17,home,3,,,23,3,6,7,7,1,
2023,2,13,401520438,2023-11-25,Purdue Boilermakers,Indiana Hoosiers,PUR,IU,35,31,home,4,,,29,7,5,11,6,1,
2023,2,13,401520439,2023-11-25,Rutgers Scarlet Knights,Maryland Terrapins,RUTG,MD,24,42,away,18,,,26,9,1,9,7,1,
2023,2,13,401520440,2023-11-25,Sam Houston Bearkats,Middle Tennessee Blue Raiders,SHSU,MTSU,23,20,home,3,,,25,3,6,11,5,1,
2023,2,13,401520442,2023-11-25,Tennessee Volunteers,Vanderbilt Commodores,TENN,VAN,48,24,home,24,,,26,9,4,11,2,1,
2023,2,13,401520443,2023-11-25,Massachusetts Minutemen,UConn Huskies,MASS,CONN,18,31,away,13,,,25,6,3,8,8,1,
2023,2,13,401520444,2023-11-25,UTEP Miners,Liberty Flames,UTEP,LIB,28,42,away,14,,,25,10,0,6,9,1,
2023,2,13,401524063,2023-11-25,Oregon Ducks,Oregon State Beavers,ORE,ORST,31,7,home,24,,,18,5,2,4,7,1,
2023,2,13,401524064,2023-11-25,Arizona State Sun Devils,Arizona Wildcats,ASU,ARIZ,23,59,away,36,,,26,11,2,5,8,1,
2023,2,13,401524067,2023-11-25,Utah Utes,Colorado Buffaloes,UTAH,COLO,23,17,home,6,,,15,4,4,4,3,1,
2023,2,13,401524068,2023-11-25,Washington Huskies,Washington State Cougars,WASH,WSU,24,21,home,3,,,25,6,3,11,5,1,
2023,2,13,401525561,2023-11-25,Duke Blue Devils,Pittsburgh Panthers,DUKE,PITT,30,19,home,11,,,21,5,5,7,4,1,
2023,2,13,401525563,2023-11-25,Syracuse Orange,Wake Forest Demon Deacons,SYR,WAKE,35,31,home,4,,,17,9,2,2,4,1,
2023,2,13,401525564,2023-11-25,Virginia Cavaliers,Virginia Tech Hokies,UVA,VT,17,55,away,38,,,28,8,3,12,5,1,
2023,2,13,401525901,2023-11-25,Texas Longhorns,Texas Tech Red Raiders,TEX,TTU,57,7,home,50,,,29,5,4,11,9,1,
2023,2,13,401525905,2023-11-25,Oklahoma State Cowboys,BYU Cougars,OKST,BYU,40,34,home,6,,,30,8,4,13,5,1,
2023,2,13,401525906,2023-11-25,UCF Knights,Houston Cougars,UCF,HOU,27,13,home,14,,,17,5,4,3,5,1,
2023,2,13,401531346,2023-11-25,East Carolina Pirates,Tulsa Golden Hurricane,ECU,TLSA,27,29,away,2,,,23,6,6,6,5,1,
2023,2,13,401531386,2023-11-25,North Texas Mean Green,UAB Blazers,UNT,UAB,45,42,home,3,,,25,11,4,7,3,1,
2023,2,13,401531421,2023-11-25,Rice Owls,Florida Atlantic Owls,RICE,FAU,24,21,home,3,,,19,6,1,7,5,1,
2023,2,13,401531435,2023-11-25,SMU Mustangs,Navy Midshipmen,SMU,NAVY,59,14,home,45,,,29,8,1,15,5,1,
2023,2,13,401531922,2023-11-25,Appalachian State Mountaineers,Georgia Southern Eagles,APP,GASO,55,27,home,28,,,25,9,4,6,6,1,
2023,2,13,401531923,2023-11-25,Coastal Carolina Chanticleers,James Madison Dukes,CCU,JMU,14,56,away,42,,,24,10,0,7,7,1,
2023,2,13,401531924,2023-11-25,Marshall Thundering Herd,Arkansas State Red Wolves,MRSH,ARST,35,21,home,14,,,28,7,2,13,6,1,
2023,2,13,401531925,2023-11-25,Old Dominion Monarchs,Georgia State Panthers,ODU,GAST,25,24,home,1,,,32,6,3,14,9,1,
2023,2,13,401531926,2023-11-25,Louisiana Ragin' Cajuns,UL Monroe Warhawks,UL,ULM,52,21,home,31,,,20,9,1,4,6,1,
2023,2,13,401531927,2023-11-25,Southern Miss Golden Eagles,Troy Trojans,USM,TROY,17,35,away,18,,,22,6,1,8,7,1,
2023,2,13,401532453,2023-11-25,Kent State Golden Flashes,Northern Illinois Huskies,KENT,NIU,27,37,away,10,,,22,6,4,6,6,1,
2023,2,13,401532454,2023-11-25,Ball State Cardinals,Miami (OH) RedHawks,BALL,M-OH,15,17,away,2,,,23,3,5,9,6,1,
2023,2,13,401532628,2023-11-25,UNLV Rebels,San José State Spartans,UNLV,SJSU,31,37,away,6,,,23,8,5,6,4,1,
2023,2,13,401540159,2023-11-25,Grambling Tigers,Southern Jaguars,GRAM,SOU,22,27,away,5,,,26,5,0,12,9,1,
2023,2,13,401614599,2023-11-25,Mercer Bears,Gardner-Webb Runnin' Bulldogs,MER,GWEB,17,7,home,10,,,32,3,3,18,8,1,
2023,2,13,401614600,2023-11-25,Youngstown State Penguins,Duquesne Dukes,YSU,DUQ,40,7,home,33,,,19,4,4,6,5,1,
2023,2,13,401614601,2023-11-25,Richmond Spiders,North Carolina Central Eagles,RICH,NCCU,49,27,home,22,,,0,0,0,0,0,0,no drives
2023,2,13,401614602,2023-11-25,Southern Illinois Salukis,Nicholls Colonels,SIU,NICH,35,0,home,35,,,22,5,1,6,10,1,
2023,2,13,401614603,2023-11-25,North Dakota Fighting Hawks,Sacramento State Hornets,UND,SAC,35,42,away,7,,,19,11,0,5,3,1,
2023,2,13,401614604,2023-11-25,North Dakota State Bison,Drake Bulldogs,NDSU,DRKE,66,3,home,63,,,25,8,2,5,10,1,
2023,2,13,401614615,2023-11-25,Austin Peay Governors,Chattanooga Mocs,APSU,UTC,21,24,away,3,,,26,5,3,16,2,1,
2023,2,13,401614616,2023-11-25,Delaware Blue Hens,Lafayette Leopards,DEL,LAF,36,34,home,2,,,28,10,2,5,11,1,
2023,2,13,401520429,2023-11-26,Florida Gators,Florida State Seminoles,FLA,FSU,15,24,away,9,,,22,4,5,10,3,1,
2023,2,13,401520430,2023-11-26,Georgia Tech Yellow Jackets,Georgia Bulldogs,GT,UGA,23,31,away,8,,,18,6,5,3,4,1,
2023,2,13,401520441,2023-11-26,South Carolina Gamecocks,Clemson Tigers,SC,CLEM,7,16,away,9,,,24,1,3,14,6,1,
2023,2,13,401524065,2023-11-26,Stanford Cardinal,Notre Dame Fighting Irish,STAN,ND,23,56,away,33,,,26,9,4,3,10,1,
2023,2,13,401524066,2023-11-26,UCLA Bruins,California Golden Bears,UCLA,CAL,7,33,away,26,,,23,3,5,5,10,1,
2023,2,13,401525562,2023-11-26,NC State Wolfpack,North Carolina Tar Heels,NCSU,UNC,39,20,home,19,,,25,7,4,10,4,1,
2023,2,13,401525902,2023-11-26,Baylor Bears,West Virginia Mountaineers,BAY,WVU,31,34,away,3,,,21,6,5,7,3,1,
2023,2,13,401525903,2023-11-26,Cincinnati Bearcats,Kansas Jayhawks,CIN,KU,16,49,away,33,,,21,9,2,7,3,1,
2023,2,13,401525904,2023-11-26,Kansas State Wildcats,Iowa State Cyclones,KSU,ISU,35,42,away,7,,,26,10,2,9,5,1,
2023,2,13,401531410,2023-11-26,South Florida Bulls,Charlotte 49ers,USF,CLT,48,14,home,34,,,27,8,2,8,9,1,
2023,2,13,401531928,2023-11-26,Texas State Bobcats,South Alabama Jaguars,TXST,USA,52,44,home,8,,,25,11,3,6,5,1,
2023,2,13,401532626,2023-11-26,Hawai'i Rainbow Warriors,Colorado State Rams,HAW,CSU,27,24,home,3,,,20,6,5,5,4,1,
2023,2,13,401532627,2023-11-26,San Diego State Aztecs,Fresno State Bulldogs,SDSU,FRES,33,18,home,15,,,22,5,5,9,3,1,
2023,2,13,401532630,2023-11-26,Nevada Wolf Pack,Wyoming Cowboys,NEV,WYO,6,42,away,36,,,20,6,2,8,4,1,
2023,2,14,401539475,2023-12-02,Washington Huskies,Oregon Ducks,WASH,ORE,34,31,home,3,,,21,8,3,5,5,1,
2023,2,14,401539476,2023-12-02,Liberty Flames,New Mexico State Aggies,LIB,NMSU,49,35,home,14,,,21,12,1,3,5,1,
2023,2,14,401539477,2023-12-02,Tulane Green Wave,SMU Mustangs,TULN,SMU,14,26,away,12,,,29,4,5,12,8,1,
2023,2,14,401539479,2023-12-02,Texas Longhorns,Oklahoma State Cowboys,TEX,OKST,49,21,home,28,,,22,10,1,6,5,1,
2023,2,14,401539481,2023-12-02,Toledo Rockets,Miami (OH) RedHawks,TOL,M-OH,14,23,away,9,,,28,4,6,14,4,1,
2023,2,14,401539482,2023-12-02,UNLV Rebels,Boise State Broncos,UNLV,BOIS,20,44,away,24,,,25,5,5,5,10,1,
2023,2,14,401539483,2023-12-02,Alabama Crimson Tide,Georgia Bulldogs,ALA,UGA,27,24,home,3,,,22,6,4,9,3,1,
2023,2,14,401539484,2023-12-02,Troy Trojans,Appalachian State Mountaineers,TROY,APP,49,23,home,26,,,24,9,1,9,5,1,
2023,2,14,401539485,2023-12-02,Florida A&M Rattlers,Prairie View A&M Panthers,FAMU,PV,35,14,home,21,,,23,7,1,9,6,1,
2023,2,14,401615819,2023-12-02,South Dakota Coyotes,Sacramento State Hornets,SDAK,SAC,34,24,home,10,,,24,6,3,10,5,1,
2023,2,14,401615860,2023-12-02,UAlbany Great Danes,Richmond Spiders,ALB,RICH,41,13,home,28,,,23,6,1,9,7,1,
2023,2,14,401615899,2023-12-02,South Dakota State Jackrabbits,Mercer Bears,SDST,MER,41,0,home,41,,,23,5,2,9,7,1,
2023,2,14,401615900,2023-12-02,Montana State Bobcats,North Dakota State Bison,MTST,NDSU,34,35,away,1,,,26,10,2,11,3,1,
2023,2,14,401615901,2023-12-02,Furman Paladins,Chattanooga Mocs,FUR,UTC,26,7,home,19,,,23,3,4,10,6,1,
2023,2,14,401615939,2023-12-02,Villanova Wildcats,Youngstown State Penguins,VILL,YSU,45,28,home,17,,,24,9,3,7,5,1,
2023,2,14,401539478,2023-12-03,Florida State Seminoles,Louisville Cardinals,FSU,LOU,16,6,home,10,,,32,1,6,18,7,1,
2023,2,14,401539480,2023-12-03,Iowa Hawkeyes,Michigan Wolverines,IOWA,MICH,0,26,away,26,,,27,2,4,13,8,1,
2023,2,14,401615859,2023-12-03,Montana Grizzlies,Delaware Blue Hens,MONT,DEL,49,19,home,30,,,27,8,2,7,10,1,
2023,2,14,401615879,2023-12-03,Idaho Vandals,Southern Illinois Salukis,IDHO,SIU,20,17,home,3,,,19,3,3,9,4,1,
2023,2,15,401520445,2023-12-09,Navy Midshipmen,Army Black Knights,NAVY,ARMY,11,17,away,6,,,22,2,1,12,7,1,
2023,2,15,401617307,2023-12-09,South Dakota State Jackrabbits,Villanova Wildcats,SDST,VILL,23,12,home,11,,,22,3,3,12,4,1,
2023,2,15,401617308,2023-12-09,South Dakota Coyotes,North Dakota State Bison,SDAK,NDSU,17,45,away,28,,,16,6,2,2,6,1,
2023,2,15,401617310,2023-12-09,Montana Grizzlies,Furman Paladins,MONT,FUR,35,28,home,7,,,36,5,4,21,6,1,
2023,2,15,401617309,2023-12-10,Idaho Vandals,UAlbany Great Danes,IDHO,ALB,22,30,away,8,,,28,6,8,10,4,1,
2023,3,1,401551470,2023-12-16,Florida A&M Rattlers,Howard Bison,FAMU,HOW,30,26,home,4,,,25,6,2,7,10,1,
2023,3,1,401551731,2023-12-16,Appalachian State Mountaineers,Miami (OH) RedHawks,APP,M-OH,13,9,home,4,,,24,2,3,8,11,1,
2023,3,1,401551732,2023-12-16,Fresno State Bulldogs,New Mexico State Aggies,FRES,NMSU,37,10,home,27,,,23,5,4,6,8,1,
2023,3,1,401551733,2023-12-16,Ohio Bobcats,Georgia Southern Eagles,OHIO,GASO,41,21,home,20,,,24,8,1,5,10,1,
2023,3,1,401551751,2023-12-16,Louisiana Ragin' Cajuns,Jacksonville State Gamecocks,UL,JVST,31,34,away,3,,,29,5,4,13,7,1,
2023,3,1,401618099,2023-12-16,Montana Grizzlies,North Dakota State Bison,MONT,NDSU,31,29,home,2,,,22,6,5,9,2,1,
2023,3,1,401618179,2023-12-16,South Dakota State Jackrabbits,UAlbany Great Danes,SDST,ALB,59,0,home,59,,,21,6,2,4,9,1,
2023,3,1,401551752,2023-12-17,Boise State Broncos,UCLA Bruins,BOIS,UCLA,22,35,away,13,,,21,7,3,8,3,1,
2023,3,1,401551753,2023-12-17,Texas Tech Red Raiders,California Golden Bears,TTU,CAL,34,14,home,20,,,29,6,3,11,9,1,
2023,3,1,401551469,2023-12-18,Old Dominion Monarchs,Western Kentucky Hilltoppers,ODU,WKU,35,38,away,3,,,26,9,3,6,8,1,
2023,3,1,401551735,2023-12-20,Marshall Thundering Herd,UTSA Roadrunners,MRSH,UTSA,17,35,away,18,,,30,7,3,12,8,1,
2023,3,1,401551737,2023-12-22,Syracuse Orange,South Florida Bulls,SYR,USF,0,45,away,45,,,30,4,1,17,8,1,
2023,3,1,401551754,2023-12-22,UCF Knights,Georgia Tech Yellow Jackets,UCF,GT,17,30,away,13,,,23,5,5,6,7,1,
2023,3,1,401551739,2023-12-23,Duke Blue Devils,Troy Trojans,DUKE,TROY,17,10,home,7,,,23,2,4,8,9,1,
2023,3,1,401551741,2023-12-23,Northern Illinois Huskies,Arkansas State Red Wolves,NIU,ARST,21,19,home,2,,,22,5,3,8,6,1,
2023,3,1,401551742,2023-12-23,Air Force Falcons,James Madison Dukes,AFA,JMU,31,21,home,10,,,20,7,1,8,4,1,
2023,3,1,401551743,2023-12-23,Utah State Aggies,Georgia State Panthers,USU,GAST,22,45,away,23,,,26,9,3,7,7,1,
2023,3,1,401551744,2023-12-24,Northwestern Wildcats,Utah Utes,NU,UTAH,14,7,home,7,,,27,3,1,14,9,1,
2023,3,1,401551746,2023-12-24,San José State Spartans,Coastal Carolina Chanticleers,SJSU,CCU,14,24,away,10,,,20,5,2,7,6,1,
2023,3,1,401551755,2023-12-24,South Alabama Jaguars,Eastern Michigan Eagles,USA,EMU,59,10,home,49,,,28,9,3,7,9,1,
2023,3,1,401551748,2023-12-26,Rice Owls,Texas State Bobcats,RICE,TXST,21,45,away,24,,,29,7,0,15,7,1,
2023,3,1,401551756,2023-12-26,Minnesota Golden Gophers,Bowling Green Falcons,MINN,BGSU,30,24,home,6,,,22,7,2,9,4,1,
2023,3,1,401551757,2023-12-27,UNLV Rebels,Kansas Jayhawks,UNLV,KU,36,49,away,13,,,26,12,1,5,8,1,
2023,3,1,401551758,2023-12-27,Tulane Green Wave,Virginia Tech Hokies,TULN,VT,20,41,away,21,,,22,6,4,5,7,1,
2023,3,1,401551761,2023-12-27,West Virginia Mountaineers,North Carolina Tar Heels,WVU,UNC,30,10,home,20,,,22,3,4,7,8,1,
2023,3,1,401551749,2023-12-28,Oklahoma State Cowboys,Texas A&M Aggies,OKST,TA&M,31,23,home,8,,,23,6,5,7,5,1,
2023,3,1,401551750,2023-12-28,Boston College Eagles,SMU Mustangs,BC,SMU,23,14,home,9,,,21,5,3,7,6,1,
2023,3,1,401551762,2023-12-28,Miami Hurricanes,Rutgers Scarlet Knights,MIA,RUTG,24,31,away,7,,,20,6,2,6,6,1,
2023,3,1,401551764,2023-12-28,Kansas State Wildcats,NC State Wolfpack,KSU,NCSU,28,19,home,9,,,22,6,2,10,4,1,
2023,3,1,401581109,2023-12-28,USC Trojans,Louisville Cardinals,USC,LOU,42,28,home,14,,,22,10,1,5,6,1,
2023,3,1,401551765,2023-12-29,Oklahoma Sooners,Arizona Wildcats,OU,ARIZ,24,38,away,14,,,29,6,4,10,9,1,
2023,3,1,401551766,2023-12-29,Kentucky Wildcats,Clemson Tigers,UK,CLEM,35,38,away,3,,,30,9,3,11,7,1,
2023,3,1,401551767,2023-12-29,Memphis Tigers,Iowa State Cyclones,MEM,ISU,36,26,home,10,,,20,8,3,4,5,1,
2023,3,1,401551798,2023-12-29,Notre Dame Fighting Irish,Oregon State Beavers,ND,ORST,40,8,home,32,,,19,6,2,5,6,1,
2023,3,1,401551768,2023-12-30,Ohio State Buckeyes,Missouri Tigers,OSU,MIZ,3,14,away,11,,,23,2,2,16,3,1,
2023,3,1,401551769,2023-12-30,Penn State Nittany Lions,Ole Miss Rebels,PSU,MISS,25,38,away,13,,,27,7,5,10,5,1,
2023,3,1,401551770,2023-12-30,Maryland Terrapins,Auburn Tigers,MD,AUB,31,13,home,18,,,23,5,1,10,7,1,
2023,3,1,401551773,2023-12-30,Florida State Seminoles,Georgia Bulldogs,FSU,UGA,3,63,away,60,,,23,9,1,7,6,1,
2023,3,1,401554566,2023-12-30,Wyoming Cowboys,Toledo Rockets,WYO,TOL,16,15,home,1,,,19,2,4,9,4,1,
2023,3,1,401551778,2024-01-01,LSU Tigers,Wisconsin Badgers,LSU,WIS,35,31,home,4,,,27,9,2,10,6,1,
2023,3,1,401551780,2024-01-01,Tennessee Volunteers,Iowa Hawkeyes,TENN,IOWA,35,0,home,35,,,25,4,0,14,7,1,
2023,3,1,401551782,2024-01-01,Oregon Ducks,Liberty Flames,ORE,LIB,45,6,home,39,,,20,7,1,7,5,1,
2023,3,1,401551786,2024-01-01,Michigan Wolverines,Alabama Crimson Tide,MICH,ALA,27,20,home,7,,,26,6,3,13,4,1,
2023,3,1,401551788,2024-01-02,Washington Huskies,Texas Longhorns,WASH,TEX,37,31,home,6,,,25,8,4,8,5,1,
2023,3,1,401555031,2024-01-07,South Dakota State Jackrabbits,Montana Grizzlies,SDST,MONT,23,3,home,20,,,25,3,2,12,8,1,
2023,3,1,401551789,2024-01-09,Michigan Wolverines,Washington Huskies,MICH,WASH,34,13,home,21,,,26,5,4,10,7,1,
2024,2,1,401635525,2024-08-24,Georgia Tech Yellow Jackets,Florida State Seminoles,GT,FSU,24,21,home,3,,,14,5,2,4,3,1,
2024,2,1,401636372,2024-08-24,Norfolk State Spartans,Florida A&M Rattlers,NORF,FAMU,23,24,away,1,,,18,6,2,6,4,1,
2024,2,1,401643697,2024-08-24,New Mexico Lobos,Montana State Bobcats,UNM,MTST,31,35,away,4,,,23,7,3,6,7,1,
2024,2,1,401654662,2024-08-24,Southeast Missouri State Redhawks,North Alabama Lions,SEMO,UNA,37,15,home,22,,,24,6,1,7,10,1,
2024,2,1,401654665,2024-08-24,Tarleton State Texans,McNeese Cowboys,TAR,MCN,26,23,home,3,,,27,5,6,10,6,1,
2024,2,1,401643696,2024-08-25,Nevada Wolf Pack,SMU Mustangs,NEV,SMU,24,29,away,5,,,25,6,4,8,7,1,
2024,2,1,401643858,2024-08-25,Hawai'i Rainbow Warriors,Delaware State Hornets,HAW,DSU,35,14,home,21,,,28,6,0,20,2,1,
2024,2,1,401628320,2024-08-29,Arkansas Razorbacks,Arkansas-Pine Bluff Golden Lions,ARK,UAPB,70,0,home,70,,,21,10,0,9,2,1,
2024,2,1,401628458,2024-08-29,Rutgers Scarlet Knights,Howard Bison,RUTG,HOW,44,7,home,37,,,21,6,1,7,7,1,
2024,2,1,401628579,2024-08-29,Delaware Blue Hens,Bryant Bulldogs,DEL,BRY,48,17,home,31,,,25,9,2,10,4,1,
2024,2,1,401628580,2024-08-29,Villanova Wildcats,Youngstown State Penguins,VILL,YSU,24,17,home,7,,,18,5,3,5,5,1,
2024,2,1,401628581,2024-08-29,Wake Forest Demon Deacons,North Carolina A&T Aggies,WAKE,NCAT,45,13,home,32,,,20,6,3,9,2,1,
2024,2,1,401628582,2024-08-29,UCF Knights,New Hampshire Wildcats,UCF,UNH,57,3,home,54,,,31,7,3,13,8,1,
2024,2,1,401628592,2024-08-29,William & Mary Tribe,VMI Keydets,W&M,VMI,41,7,home,34,,,17,5,0,5,7,1,
2024,2,1,401634152,2024-08-29,Gardner-Webb Runnin' Bulldogs,Wofford Terriers,GWEB,WOF,20,21,away,1,,,20,4,6,6,4,1,
2024,2,1,401634299,2024-08-29,NC State Wolfpack,Western Carolina Catamounts,NCSU,WCU,38,21,home,17,,,23,8,2,6,7,1,
2024,2,1,401644727,2024-08-29,Buffalo Bulls,Lafayette Leopards,BUFF,LAF,30,13,home,17,,,26,6,3,12,5,1,
2024,2,1,401644728,2024-08-29,Toledo Rockets,Duquesne Dukes,TOL,DUQ,49,10,home,39,,,22,8,3,7,4,1,
2024,2,1,401644729,2024-08-29,Bowling Green Falcons,Fordham Rams,BGSU,FOR,41,17,home,24,,,19,6,1,9,3,1,
2024,2,1,401644730,2024-08-29,Central Michigan Chippewas,Central Connecticut Blue Devils,CMU,CCSU,66,10,home,56,,,0,0,0,0,0,0,no drives
2024,2,1,401673041,2024-08-29,Morehead State Eagles,Central State (OH) Marauders,MORE,CEN,17,10,home,7,,,23,3,4,11,5,1,
2024,2,1,401674305,2024-08-29,Wheeling Cardinals,Mercyhurst Lakers,WHEE,MERC,25,28,away,3,,,0,0,0,0,0,0,no drives
2024,2,1,401628327,2024-08-30,Missouri Tigers,Murray State Racers,MIZ,MUR,51,0,home,51,,,24,5,3,10,6,1,
2024,2,1,401628328,2024-08-30,Oklahoma Sooners,Temple Owls,OU,TEM,51,3,home,48,,,27,5,4,10,8,1,
2024,2,1,401628448,2024-08-30,Minnesota Golden Gophers,North Carolina Tar Heels,MINN,UNC,17,19,away,2,,,22,3,7,8,4,1,
2024,2,1,401628453,2024-08-30,Michigan State Spartans,Florida Atlantic Owls,MSU,FAU,16,10,home,6,,,27,3,2,10,12,1,
2024,2,1,401628583,2024-08-30,Eastern Washington Eagles,Monmouth Hawks,EWU,MONM,42,27,home,15,,,20,10,0,5,5,1,
2024,2,1,401628584,2024-08-30,Duke Blue Devils,Elon Phoenix,DUKE,ELON,26,3,home,23,,,24,3,4,11,6,1,
2024,2,1,401634143,2024-08-30,Mercer Bears,Presbyterian Blue Hose,MER,PRES,63,10,home,53,,,23,8,1,9,5,1,
2024,2,1,401634206,2024-08-30,Colorado Buffaloes,North Dakota State Bison,COLO,NDSU,31,26,home,5,,,18,7,2,5,4,1,
2024,2,1,401636387,2024-08-30,UL Monroe Warhawks,Jackson State Tigers,ULM,JKST,30,14,home,16,,,0,0,0,0,0,0,no drives
2024,2,1,401636606,2024-08-30,Kansas Jayhawks,Lindenwood Lions,KU,LIN,48,3,home,45,,,19,6,1,6,6,1,
2024,2,1,401636607,2024-08-30,Utah Utes,Southern Utah Thunderbirds,UTAH,SUU,49,0,home,49,,,24,7,1,9,7,1,
2024,2,1,401640998,2024-08-30,Jacksonville State Gamecocks,Coastal Carolina Chanticleers,JVST,CCU,27,55,away,28,,,28,9,4,8,7,1,
2024,2,1,401643698,2024-08-30,San José State Spartans,Sacramento State Hornets,SJSU,SAC,42,24,home,18,,,29,9,3,7,10,1,
2024,2,1,401645316,2024-08-30,UAB Blazers,Alcorn State Braves,UAB,ALCN,41,3,home,38,,,26,4,3,11,8,1,
2024,2,1,401645317,2024-08-30,Tulane Green Wave,SE Louisiana Lions,TULN,SELA,52,0,home,52,,,18,6,2,5,5,1,
2024,2,1,401645318,2024-08-30,Tulsa Golden Hurricane,Northwestern State Demons,TLSA,NWST,62,28,home,34,,,24,10,1,10,3,1,
2024,2,1,401645319,2024-08-30,Army Black Knights,Lehigh Mountain Hawks,ARMY,LEH,42,7,home,35,,,14,7,0,2,5,1,
2024,2,1,401654562,2024-08-30,South Dakota Coyotes,Northern State Wolves,SDAK,NSU,45,3,home,42,,,19,4,4,6,5,1,
2024,2,1,401654845,2024-08-30,Illinois Fighting Illini,Eastern Illinois Panthers,ILL,EIU,45,0,home,45,,,24,5,1,11,7,1,
2024,2,1,401655860,2024-08-30,St. Thomas-Minnesota Tommies,Sioux Falls Cougars,STMN,SIO,13,34,away,21,,,26,6,2,12,6,1,
2024,2,1,401656600,2024-08-30,Maine Black Bears,Colgate Raiders,ME,COLG,17,14,home,3,,,18,4,1,8,5,1,
2024,2,1,401675114,2024-08-30,Stephen F. Austin Lumberjacks,North American University Stallions,SFA,NOAM,77,0,home,77,,,0,0,0,0,0,0,no drives
2024,2,1,401628319,2024-08-31,Alabama Crimson Tide,Western Kentucky Hilltoppers,ALA,WKU,63,0,home,63,,,28,9,1,12,6,1,
2024,2,1,401628321,2024-08-31,Auburn Tigers,Alabama A&M Bulldogs,AUB,AAMU,73,3,home,70,,,28,9,4,9,6,1,
2024,2,1,401628322,2024-08-31,Florida Gators,Miami Hurricanes,FLA,MIA,17,41,away,24,,,24,7,4,7,6,1,
2024,2,1,401628323,2024-08-31,Georgia Bulldogs,Clemson Tigers,UGA,CLEM,34,3,home,31,,,22,4,3,11,4,1,
2024,2,1,401628324,2024-08-31,Kentucky Wildcats,Southern Miss Golden Eagles,UK,USM,31,0,home,31,,,14,4,1,4,5,1,
2024,2,1,401628325,2024-08-31,Ole Miss Rebels,Furman Paladins,MISS,FUR,76,0,home,76,,,32,10,3,14,5,1,
2024,2,1,401628326,2024-08-31,Mississippi State Bulldogs,Eastern Kentucky Colonels,MSST,EKU,56,7,home,49,,,25,7,1,10,7,1,
2024,2,1,401628329,2024-08-31,South Carolina Gamecocks,Old Dominion Monarchs,SC,ODU,23,19,home,4,,,29,3,6,12,8,1,
2024,2,1,401628330,2024-08-31,Tennessee Volunteers,Chattanooga Mocs,TENN,UTC,69,3,home,66,,,27,8,5,9,5,1,
2024,2,1,401628331,2024-08-31,Texas Longhorns,Colorado State Rams,TEX,CSU,52,0,home,52,,,24,7,1,8,8,1,
2024,2,1,401628332,2024-08-31,Texas A&M Aggies,Notre Dame Fighting Irish,TA&M,ND,13,23,away,10,,,25,3,5,9,8,1,
2024,2,1,401628333,2024-08-31,Vanderbilt Commodores,Virginia Tech Hokies,VAN,VT,34,27,home,7,,,22,7,4,7,4,1,
2024,2,1,401628449,2024-08-31,Indiana Hoosiers,Florida International Panthers,IU,FIU,31,7,home,24,,,20,5,1,8,6,1,
2024,2,1,401628450,2024-08-31,Iowa Hawkeyes,Illinois State Redbirds,IOWA,ILST,40,0,home,40,,,28,5,2,13,8,1,
2024,2,1,401628451,2024-08-31,Maryland Terrapins,UConn Huskies,MD,CONN,50,7,home,43,,,30,7,4,14,5,1,
2024,2,1,401628452,2024-08-31,Michigan Wolverines,Fresno State Bulldogs,MICH,FRES,30,10,home,20,,,23,3,4,11,5,1,
2024,2,1,401628454,2024-08-31,Nebraska Cornhuskers,UTEP Miners,NEB,UTEP,40,7,home,33,,,22,6,1,8,7,1,
2024,2,1,401628455,2024-08-31,Ohio State Buckeyes,Akron Zips,OSU,AKR,52,6,home,46,,,24,5,3,9,7,1,
2024,2,1,401628456,2024-08-31,Oregon Ducks,Idaho Vandals,ORE,IDHO,24,14,home,10,,,25,5,2,10,8,1,
2024,2,1,401628457,2024-08-31,West Virginia Mountaineers,Penn State Nittany Lions,WVU,PSU,12,34,away,22,,,24,6,3,8,7,1,
2024,2,1,401628459,2024-08-31,Hawai'i Rainbow Warriors,UCLA Bruins,HAW,UCLA,13,16,away,3,,,23,2,6,9,6,1,
2024,2,1,401628461,2024-08-31,Wisconsin Badgers,Western Michigan Broncos,WIS,WMU,28,14,home,14,,,16,5,4,3,4,1,
2024,2,1,401628585,2024-08-31,UAlbany Great Danes,Long Island University Sharks,ALB,LIU,27,21,home,6,,,25,5,3,12,5,1,
2024,2,1,401628586,2024-08-31,Liberty Flames,Campbell Fighting Camels,LIB,CAM,41,24,home,17,,,23,8,4,7,4,1,
2024,2,1,401628588,2024-08-31,Rhode Island Rams,Holy Cross Crusaders,URI,HC,20,17,home,3,,,20,4,5,5,6,1,
2024,2,1,401628589,2024-08-31,Virginia Cavaliers,Richmond Spiders,UVA,RICH,34,13,home,21,,,22,5,5,8,4,1,
2024,2,1,401628590,2024-08-31,Marshall Thundering Herd,Stony Brook Seawolves,MRSH,STBK,45,3,home,42,,,26,6,3,13,4,1,
2024,2,1,401628591,2024-08-31,Cincinnati Bearcats,Towson Tigers,CIN,TOW,38,20,home,18,,,25,7,4,8,6,1,
2024,2,1,401629039,2024-08-31,Massachusetts Minutemen,Eastern Michigan Eagles,MASS,EMU,14,28,away,14,,,18,5,4,4,5,1,
2024,2,1,401632062,2024-08-31,Louisville Cardinals,Austin Peay Governors,LOU,APSU,62,0,home,62,,,27,7,2,14,4,1,
2024,2,1,401632063,2024-08-31,West Georgia Wolves,Samford Bulldogs,WES,SAM,38,29,home,9,,,0,0,0,0,0,0,no drives
2024,2,1,401632064,2024-08-31,Arkansas State Red Wolves,Central Arkansas Bears,ARST,CARK,34,31,home,3,,,29,8,3,14,4,1,
2024,2,1,401634133,2024-08-31,App State Mountaineers,East Tennessee State Buccaneers,APP,ETSU,38,10,home,28,,,22,6,2,9,5,1,
2024,2,1,401634169,2024-08-31,Purdue Boilermakers,Indiana State Sycamores,PUR,INST,49,0,home,49,,,23,7,1,13,2,1,
2024,2,1,401634197,2024-08-31,Iowa State Cyclones,North Dakota Fighting Hawks,ISU,UND,21,3,home,18,,,16,3,2,8,3,1,
2024,2,1,401634212,2024-08-31,Oklahoma State Cowboys,South Dakota State Jackrabbits,OKST,SDST,44,20,home,24,,,26,7,5,7,7,1,
2024,2,1,401634300,2024-08-31,Stanford Cardinal,TCU Horned Frogs,STAN,TCU,27,34,away,7,,,26,7,5,5,9,1,
2024,2,1,401634301,2024-08-31,California Golden Bears,UC Davis Aggies,CAL,UCD,31,13,home,18,,,13,2,1,5,5,1,
2024,2,1,401634304,2024-08-31,Syracuse Orange,Ohio Bobcats,SYR,OHIO,38,22,home,16,,,22,7,4,6,5,1,
2024,2,1,401634305,2024-08-31,Pittsburgh Panthers,Kent State Golden Flashes,PITT,KENT,55,24,home,31,,,24,8,3,6,7,1,
2024,2,1,401636363,2024-08-31,South Florida Bulls,Bethune-Cookman Wildcats,USF,BCU,48,3,home,45,,,27,6,3,13,5,1,
2024,2,1,401636373,2024-08-31,Florida A&M Rattlers,South Carolina State Bulldogs,FAMU,SCST,22,18,home,4,,,20,5,3,9,3,1,
2024,2,1,401636610,2024-08-31,Baylor Bears,Tarleton State Texans,BAY,TAR,45,3,home,42,,,26,5,3,11,7,1,
2024,2,1,401636611,2024-08-31,Houston Cougars,UNLV Rebels,HOU,UNLV,7,27,away,20,,,27,3,4,12,8,1,
2024,2,1,401636612,2024-08-31,Kansas State Wildcats,UT Martin Skyhawks,KSU,UTM,41,6,home,35,,,23,4,4,11,4,1,
2024,2,1,401636613,2024-08-31,Texas Tech Red Raiders,Abilene Christian Wildcats,TTU,ACU,52,51,home,1,,,26,13,4,3,6,1,
2024,2,1,401637159,2024-08-31,Washington State Cougars,Portland State Vikings,WSU,PRST,70,30,home,40,,,28,13,1,10,4,1,
2024,2,1,401638359,2024-08-31,Incarnate Word Cardinals,Northern Colorado Bears,UIW,UNCO,28,7,home,21,,,27,5,1,11,10,1,
2024,2,1,401641015,2024-08-31,UTSA Roadrunners,Kennesaw State Owls,UTSA,KENN,28,16,home,12,,,26,5,5,10,6,1,
2024,2,1,401641023,2024-08-31,Middle Tennessee Blue Raiders,Tennessee Tech Golden Eagles,MTSU,TNTC,32,25,home,7,,,21,7,3,6,5,1,
2024,2,1,401641039,2024-08-31,Rice Owls,Sam Houston Bearkats,RICE,SHSU,14,34,away,20,,,26,5,4,12,5,1,
2024,2,1,401643699,2024-08-31,Air Force Falcons,Merrimack Warriors,AFA,MRMK,21,6,home,15,,,22,4,2,11,5,1,
2024,2,1,401643700,2024-08-31,Georgia Southern Eagles,Boise State Broncos,GASO,BOIS,45,56,away,11,,,27,14,1,5,7,1,
2024,2,1,401643701,2024-08-31,Troy Trojans,Nevada Wolf Pack,TROY,NEV,26,28,away,2,,,20,7,3,7,3,1,
2024,2,1,401643704,2024-08-31,Oregon State Beavers,Idaho State Bengals,ORST,IDST,38,15,home,23,,,20,7,1,5,7,1,
2024,2,1,401643775,2024-08-31,South Alabama Jaguars,North Texas Mean Green,USA,UNT,38,52,away,14,,,23,10,4,3,6,1,
2024,2,1,401644683,2024-08-31,Northwestern Wildcats,Miami (OH) RedHawks,NU,M-OH,13,6,home,7,,,21,1,6,7,7,1,
2024,2,1,401644731,2024-08-31,Northern Illinois Huskies,Western Illinois Leathernecks,NIU,WIU,54,15,home,39,,,23,9,3,7,4,1,
2024,2,1,401645320,2024-08-31,East Carolina Pirates,Norfolk State Spartans,ECU,NORF,42,3,home,39,,,30,5,1,15,9,1,
2024,2,1,401645321,2024-08-31,Memphis Tigers,North Alabama Lions,MEM,UNA,40,0,home,40,,,21,5,3,6,7,1,
2024,2,1,401645322,2024-08-31,Navy Midshipmen,Bucknell Bison,NAVY,BUCK,49,21,home,28,,,28,10,1,9,8,1,
2024,2,1,401654497,2024-08-31,Sacred Heart Pioneers,Delaware State Hornets,SHU,DSU,15,17,away,2,,,20,3,5,7,5,1,
2024,2,1,401654510,2024-08-31,Hampton Pirates,Morgan State Bears,HAMP,MORG,28,30,away,2,,,21,8,1,8,4,1,
2024,2,1,401654565,2024-08-31,Prairie View A&M Panthers,Texas Southern Tigers,PV,TXSO,9,27,away,18,,,0,0,0,0,0,0,no drives
2024,2,1,401654582,2024-08-31,Northern Iowa Panthers,Valparaiso Beacons,UNI,VAL,35,7,home,28,,,20,6,1,11,2,1,
2024,2,1,401654584,2024-08-31,Tennessee State Tigers,Mississippi Valley State Delta Devils,TNST,MVSU,41,21,home,20,,,23,7,2,8,6,1,
2024,2,1,401654641,2024-08-31,Georgetown Hoyas,Davidson Wildcats,GTWN,DAV,46,24,home,22,,,21,7,5,3,6,1,
2024,2,1,401654646,2024-08-31,Dayton Flyers,St. Francis (PA) Red Flash,DAY,SFPA,18,10,home,8,,,24,3,2,9,10,1,
2024,2,1,401654657,2024-08-31,Wagner Seahawks,Virginia Lynchburg Dragons,WAG,UVAL,46,7,home,39,,,20,7,2,6,5,1,
2024,2,1,401654844,2024-08-31,Charleston Southern Buccaneers,The Citadel Bulldogs,CHSO,CIT,21,22,away,1,,,20,6,4,5,5,1,
2024,2,1,401655628,2024-08-31,Northern Arizona Lumberjacks,Lincoln (CA) Oaklanders,NAU,LCLN,66,6,home,60,,,25,9,1,7,8,1,
2024,2,1,401655657,2024-08-31,Butler Bulldogs,Upper Iowa Peacocks,BUT,UPP,40,7,home,33,,,27,7,0,10,10,1,
2024,2,1,401673044,2024-08-31,Stetson Hatters,Ave Maria Gyrenes,STET,AVE,41,3,home,38,,,20,5,4,8,3,1,
2024,2,1,401628334,2024-09-01,LSU Tigers,USC Trojans,LSU,USC,20,27,away,7,,,21,5,4,7,5,1,
2024,2,1,401628460,2024-09-01,Washington Huskies,Weber State Wildcats,WASH,WEB,35,3,home,32,,,21,3,2,9,7,1,
2024,2,1,401632066,2024-09-01,Utah Tech Trailblazers,Montana State Bobcats,UTU,MTST,7,31,away,24,,,24,5,3,14,2,1,
2024,2,1,401634180,2024-09-01,Montana Grizzlies,Missouri State Bears,MONT,MOST,29,24,home,5,,,22,6,4,8,4,1,
2024,2,1,401634240,2024-09-01,BYU Cougars,Southern Illinois Salukis,BYU,SIU,41,13,home,28,,,23,7,3,9,4,1,
2024,2,1,401634302,2024-09-01,Georgia Tech Yellow Jackets,Georgia State Panthers,GT,GAST,35,12,home,23,,,20,6,2,6,6,1,
2024,2,1,401634303,2024-09-01,SMU Mustangs,Houston Christian Huskies,SMU,HCU,59,7,home,52,,,26,8,1,10,7,1,
2024,2,1,401636343,2024-09-01,Alabama State Hornets,North Carolina Central Eagles,ALST,NCCU,24,31,away,7,,,22,5,2,8,7,1,
2024,2,1,401636380,2024-09-01,Louisiana Ragin' Cajuns,Grambling Tigers,UL,GRAM,40,10,home,30,,,19,5,4,5,5,1,
2024,2,1,401636608,2024-09-01,Arizona Wildcats,New Mexico Lobos,ARIZ,UNM,61,39,home,22,,,26,13,3,5,5,1,
2024,2,1,401636609,2024-09-01,Arizona State Sun Devils,Wyoming Cowboys,ASU,WYO,48,7,home,41,,,24,5,4,10,5,1,
2024,2,1,401641007,2024-09-01,Louisiana Tech Bulldogs,Nicholls Colonels,LT,NICH,25,17,home,8,,,33,4,4,16,9,1,
2024,2,1,401641032,2024-09-01,New Mexico State Aggies,Southeast Missouri State Redhawks,NMSU,SEMO,23,16,home,7,,,24,3,6,9,6,1,
2024,2,1,401643702,2024-09-01,San Diego State Aztecs,East Texas A&M Lions,SDSU,ETAM,45,14,home,31,,,24,6,2,9,7,1,
2024,2,1,401643703,2024-09-01,Utah State Aggies,Robert Morris Colonials,USU,RMU,36,14,home,22,,,29,6,3,13,7,1,
2024,2,1,401643774,2024-09-01,Charlotte 49ers,James Madison Dukes,CLT,JMU,7,30,away,23,,,24,5,1,6,12,1,
2024,2,1,401643776,2024-09-01,Texas State Bobcats,Lamar Cardinals,TXST,LAM,34,27,home,7,,,24,7,5,6,6,1,
2024,2,1,401654557,2024-09-01,McNeese Cowboys,Southern Jaguars,MCN,SOU,21,7,home,14,,,26,4,2,12,8,1,
2024,2,1,401655621,2024-09-01,San Diego Toreros,Cal Poly Mustangs,USD,CP,27,21,home,6,,,24,3,2,13,6,1,
2024,2,1,401634306,2024-09-02,Florida State Seminoles,Boston College Eagles,FSU,BC,13,28,away,15,,,23,5,2,12,4,1,
2024,2,2,401628463,2024-09-06,Indiana Hoosiers,Western Illinois Leathernecks,IU,WIU,77,3,home,74,,,26,10,1,9,6,1,
2024,2,2,401634765,2024-09-06,SMU Mustangs,BYU Cougars,SMU,BYU,15,18,away,3,,,28,2,7,10,9,1,
2024,2,2,401628335,2024-09-07,Alabama Crimson Tide,South Florida Bulls,ALA,USF,42,16,home,26,,,33,7,4,16,6,1,
2024,2,2,401628336,2024-09-07,Oklahoma State Cowboys,Arkansas Razorbacks,OKST,ARK,39,31,home,8,,,29,7,6,8,8,1,
2024,2,2,401628337,2024-09-07,Auburn Tigers,California Golden Bears,AUB,CAL,14,21,away,7,,,27,6,3,11,7,1,
2024,2,2,401628338,2024-09-07,Florida Gators,Samford Bulldogs,FLA,SAM,45,7,home,38,,,25,7,1,11,6,1,
2024,2,2,401628339,2024-09-07,Georgia Bulldogs,Tennessee Tech Golden Eagles,UGA,TNTC,48,3,home,45,,,20,6,3,9,2,1,
2024,2,2,401628340,2024-09-07,Kentucky Wildcats,South Carolina Gamecocks,UK,SC,6,31,away,25,,,24,3,3,11,7,1,
2024,2,2,401628341,2024-09-07,LSU Tigers,Nicholls Colonels,LSU,NICH,44,21,home,23,,,22,9,1,8,4,1,
2024,2,2,401628342,2024-09-07,Ole Miss Rebels,Middle Tennessee Blue Raiders,MISS,MTSU,52,3,home,49,,,21,7,2,6,6,1,
2024,2,2,401628344,2024-09-07,Missouri Tigers,Buffalo Bulls,MIZ,BUFF,38,0,home,38,,,22,5,4,8,5,1,
2024,2,2,401628345,2024-09-07,Oklahoma Sooners,Houston Cougars,OU,HOU,16,12,home,4,,,24,3,3,14,4,1,
2024,2,2,401628346,2024-09-07,NC State Wolfpack,Tennessee Volunteers,NCSU,TENN,10,51,away,41,,,25,5,4,7,9,1,
2024,2,2,401628347,2024-09-07,Michigan Wolverines,Texas Longhorns,MICH,TEX,12,31,away,19,,,20,5,4,5,6,1,
2024,2,2,401628348,2024-09-07,Texas A&M Aggies,McNeese Cowboys,TA&M,MCN,52,10,home,42,,,19,8,2,5,4,1,
2024,2,2,401628349,2024-09-07,Vanderbilt Commodores,Alcorn State Braves,VAN,ALCN,55,0,home,55,,,21,5,2,10,4,1,
2024,2,2,401628462,2024-09-07,Illinois Fighting Illini,Kansas Jayhawks,ILL,KU,23,17,home,6,,,20,3,4,6,7,1,
2024,2,2,401628464,2024-09-07,Iowa Hawkeyes,Iowa State Cyclones,IOWA,ISU,19,20,away,1,,,30,4,5,18,3,1,
2024,2,2,401628465,2024-09-07,Maryland Terrapins,Michigan State Spartans,MD,MSU,24,27,away,3,,,22,6,4,7,5,1,
2024,2,2,401628466,2024-09-07,Minnesota Golden Gophers,Rhode Island Rams,MINN,URI,48,0,home,48,,,19,5,3,6,5,1,
2024,2,2,401628467,2024-09-07,Nebraska Cornhuskers,Colorado Buffaloes,NEB,COLO,28,10,home,18,,,25,4,4,12,5,1,
2024,2,2,401628468,2024-09-07,Ohio State Buckeyes,Western Michigan Broncos,OSU,WMU,56,0,home,56,,,26,8,1,15,2,1,
2024,2,2,401628470,2024-09-07,Penn State Nittany Lions,Bowling Green Falcons,PSU,BGSU,34,27,home,7,,,24,7,4,7,6,1,
2024,2,2,401628471,2024-09-07,Rutgers Scarlet Knights,Akron Zips,RUTG,AKR,49,17,home,32,,,23,9,2,7,5,1,
2024,2,2,401628473,2024-09-07,Washington Huskies,Eastern Michigan Eagles,WASH,EMU,30,9,home,21,,,20,4,4,7,5,1,
2024,2,2,401628474,2024-09-07,Wisconsin Badgers,South Dakota Coyotes,WIS,SDAK,27,13,home,14,,,21,4,4,11,2,1,
2024,2,2,401628593,2024-09-07,West Virginia Mountaineers,UAlbany Great Danes,WVU,ALB,49,14,home,35,,,19,9,0,5,5,1,
2024,2,2,401628594,2024-09-07,Western Carolina Catamounts,Campbell Fighting Camels,WCU,CAM,16,24,away,8,,,26,3,6,7,10,1,
2024,2,2,401628595,2024-09-07,North Carolina Central Eagles,Elon Phoenix,NCCU,ELON,19,41,away,22,,,24,7,2,9,6,1,
2024,2,2,401628596,2024-09-07,Monmouth Hawks,Lafayette Leopards,MONM,LAF,35,40,away,5,,,21,11,1,4,5,1,
2024,2,2,401628598,2024-09-07,Holy Cross Crusaders,New Hampshire Wildcats,HC,UNH,20,21,away,1,,,22,5,2,10,5,1,
2024,2,2,401628599,2024-09-07,Richmond Spiders,Wofford Terriers,RICH,WOF,19,26,away,7,,,25,5,4,10,6,1,
2024,2,2,401628600,2024-09-07,Stony Brook Seawolves,Stonehill Skyhawks,STBK,STO,37,10,home,27,,,28,5,3,14,6,1,
2024,2,2,401628601,2024-09-07,Towson Tigers,Morgan State Bears,TOW,MORG,14,9,home,5,,,20,3,3,7,7,1,
2024,2,2,401628602,2024-09-07,Colgate Raiders,Villanova Wildcats,COLG,VILL,3,28,away,25,,,22,4,2,12,4,1,
2024,2,2,401628603,2024-09-07,Coastal Carolina Chanticleers,William & Mary Tribe,CCU,W&M,40,21,home,19,,,25,6,4,12,3,1,
2024,2,2,401628604,2024-09-07,Bryant Bulldogs,Franklin Pierce Ravens,BRY,FRA,21,17,home,4,,,0,0,0,0,0,0,no drives
2024,2,2,401628605,2024-09-07,Hampton Pirates,Virginia Union Panthers,HAMP,VU,33,21,home,12,,,19,7,2,6,4,1,
2024,2,2,401628606,2024-09-07,North Carolina A&T Aggies,Winston-Salem Rams,NCAT,WNSL,27,20,home,7,,,25,6,3,12,4,1,
2024,2,2,401628977,2024-09-07,Notre Dame Fighting Irish,Northern Illinois Huskies,ND,NIU,14,16,away,2,,,21,3,6,9,3,1,
2024,2,2,401629040,2024-09-07,Toledo Rockets,Massachusetts Minutemen,TOL,MASS,38,23,home,15,,,27,6,4,12,5,1,
2024,2,2,401632068,2024-09-07,Western Kentucky Hilltoppers,Eastern Kentucky Colonels,WKU,EKU,31,0,home,31,,,20,4,2,8,6,1,
2024,2,2,401632069,2024-09-07,Lindenwood Lions,Central Arkansas Bears,LIN,CARK,13,34,away,21,,,25,6,4,12,3,1,
2024,2,2,401632070,2024-09-07,Austin Peay Governors,Southern Illinois Salukis,APSU,SIU,17,31,away,14,,,28,6,3,11,8,1,
2024,2,2,401632071,2024-09-07,UNLV Rebels,Utah Tech Trailblazers,UNLV,UTU,72,14,home,58,,,30,11,4,10,5,1,
2024,2,2,401632459,2024-09-07,Georgia State Panthers,Chattanooga Mocs,GAST,UTC,24,21,home,3,,,26,6,2,11,7,1,
2024,2,2,401633979,2024-09-07,Southeast Missouri State Redhawks,UT Martin Skyhawks,SEMO,UTM,45,42,home,3,,,32,12,4,14,2,1,
2024,2,2,401634134,2024-09-07,East Tennessee State Buccaneers,UVA Wise Cavaliers,ETSU,UVAW,61,0,home,61,,,32,7,3,15,7,1,
2024,2,2,401634144,2024-09-07,Bethune-Cookman Wildcats,Mercer Bears,BCU,MER,2,31,away,29,,,26,4,1,13,8,1,
2024,2,2,401634158,2024-09-07,North Alabama Lions,Illinois State Redbirds,UNA,ILST,17,24,away,7,,,28,5,3,13,7,1,
2024,2,2,401634170,2024-09-07,Eastern Illinois Panthers,Indiana State Sycamores,EIU,INST,27,20,home,7,,,24,5,3,9,7,1,
2024,2,2,401634181,2024-09-07,Ball State Cardinals,Missouri State Bears,BALL,MOST,42,34,home,8,,,27,10,1,9,7,1,
2024,2,2,401634190,2024-09-07,Murray State Racers,Butler Bulldogs,MUR,BUT,17,19,away,2,,,18,4,3,6,5,1,
2024,2,2,401634198,2024-09-07,North Dakota Fighting Hawks,Montana Grizzlies,UND,MONT,27,24,home,3,,,22,6,4,8,4,1,
2024,2,2,401634207,2024-09-07,North Dakota State Bison,Tennessee State Tigers,NDSU,TNST,52,3,home,49,,,24,7,2,9,6,1,
2024,2,2,401634213,2024-09-07,South Dakota State Jackrabbits,Incarnate Word Cardinals,SDST,UIW,45,24,home,21,,,20,9,3,1,7,1,
2024,2,2,401634245,2024-09-07,Youngstown State Penguins,Valparaiso Beacons,YSU,VAL,59,25,home,34,,,26,10,2,9,5,1,
2024,2,2,401634250,2024-09-07,Alabama A&M Bulldogs,Kentucky State Thorobreds,AAMU,KYST,49,7,home,42,,,22,8,0,5,9,1,
2024,2,2,401635531,2024-09-07,Boston College Eagles,Duquesne Dukes,BC,DUQ,56,0,home,56,,,24,7,1,10,6,1,
2024,2,2,401635533,2024-09-07,Northwestern Wildcats,Duke Blue Devils,NU,DUKE,20,26,away,6,,,32,5,6,14,7,1,
2024,2,2,401635534,2024-09-07,Syracuse Orange,Georgia Tech Yellow Jackets,SYR,GT,31,28,home,3,,,19,8,3,6,2,1,
2024,2,2,401635535,2024-09-07,Louisville Cardinals,Jacksonville State Gamecocks,LOU,JVST,49,14,home,35,,,23,9,3,9,2,1,
2024,2,2,401635536,2024-09-07,Miami Hurricanes,Florida A&M Rattlers,MIA,FAMU,56,9,home,47,,,24,7,5,6,6,1,
2024,2,2,401635537,2024-09-07,North Carolina Tar Heels,Charlotte 49ers,UNC,CLT,38,20,home,18,,,0,0,0,0,0,0,no drives
2024,2,2,401635538,2024-09-07,Cincinnati Bearcats,Pittsburgh Panthers,CIN,PITT,27,28,away,1,,,22,6,6,7,3,1,
2024,2,2,401635539,2024-09-07,Stanford Cardinal,Cal Poly Mustangs,STAN,CP,41,7,home,34,,,20,5,3,7,5,1,
2024,2,2,401635540,2024-09-07,Virginia Tech Hokies,Marshall Thundering Herd,VT,MRSH,31,14,home,17,,,25,5,2,13,5,1,
2024,2,2,401635639,2024-09-07,Wake Forest Demon Deacons,Virginia Cavaliers,WAKE,UVA,30,31,away,1,,,27,7,4,9,7,1,
2024,2,2,401636344,2024-09-07,Alabama State Hornets,Miles College Golden Bears,ALST,MIL,24,3,home,21,,,28,3,3,11,11,1,
2024,2,2,401636381,2024-09-07,Grambling Tigers,Tuskegee Golden Tigers,GRAM,TUSK,37,20,home,17,,,27,6,5,12,4,1,
2024,2,2,401636388,2024-09-07,Jackson State Tigers,Lane Dragons,JKST,LAC,58,7,home,51,,,25,8,3,9,5,1,
2024,2,2,401636616,2024-09-07,Tulane Green Wave,Kansas State Wildcats,TULN,KSU,27,34,away,7,,,24,6,4,9,5,1,
2024,2,2,401636617,2024-09-07,UCF Knights,Sam Houston Bearkats,UCF,SHSU,45,14,home,31,,,23,8,1,8,6,1,
2024,2,2,401636618,2024-09-07,Utah Utes,Baylor Bears,UTAH,BAY,23,12,home,11,,,25,3,6,12,4,1,
2024,2,2,401636999,2024-09-07,UConn Huskies,Merrimack Warriors,CONN,MRMK,63,17,home,46,,,28,11,2,11,4,1,
2024,2,2,401640979,2024-09-07,Florida International Panthers,Central Michigan Chippewas,FIU,CMU,52,16,home,36,,,28,8,2,10,8,1,
2024,2,2,401641016,2024-09-07,Kennesaw State Owls,Louisiana Ragin' Cajuns,KENN,UL,10,34,away,24,,,15,5,3,6,1,1,
2024,2,2,401643705,2024-09-07,Air Force Falcons,San José State Spartans,AFA,SJSU,7,17,away,10,,,29,3,1,17,8,1,
2024,2,2,401643706,2024-09-07,Colorado State Rams,Northern Colorado Bears,CSU,UNCO,38,17,home,21,,,24,6,2,12,4,1,
2024,2,2,401643708,2024-09-07,Nevada Wolf Pack,Georgia Southern Eagles,NEV,GASO,17,20,away,3,,,21,4,3,10,4,1,
2024,2,2,401643710,2024-09-07,Wyoming Cowboys,Idaho Vandals,WYO,IDHO,13,17,away,4,,,24,3,4,11,6,1,
2024,2,2,401643777,2024-09-07,James Madison Dukes,Gardner-Webb Runnin' Bulldogs,JMU,GWEB,13,6,home,7,,,19,1,5,6,7,1,
2024,2,2,401643778,2024-09-07,Old Dominion Monarchs,East Carolina Pirates,ODU,ECU,14,20,away,6,,,27,4,2,14,7,1,
2024,2,2,401643779,2024-09-07,Arkansas State Red Wolves,Tulsa Golden Hurricane,ARST,TLSA,28,24,home,4,,,25,6,2,11,6,1,
2024,2,2,401643780,2024-09-07,UL Monroe Warhawks,UAB Blazers,ULM,UAB,32,6,home,26,,,23,2,5,7,9,1,
2024,2,2,401643781,2024-09-07,Ohio Bobcats,South Alabama Jaguars,OHIO,USA,27,20,home,7,,,24,5,4,12,3,1,
2024,2,2,401643782,2024-09-07,Southern Miss Golden Eagles,SE Louisiana Lions,USM,SELA,35,10,home,25,,,26,5,4,11,6,1,
2024,2,2,401643783,2024-09-07,Texas State Bobcats,UTSA Roadrunners,TXST,UTSA,49,10,home,39,,,0,0,0,0,0,0,no drives
2024,2,2,401643784,2024-09-07,Memphis Tigers,Troy Trojans,MEM,TROY,38,17,home,21,,,20,7,2,8,3,1,
2024,2,2,401644732,2024-09-07,Kent State Golden Flashes,St. Francis (PA) Red Flash,KENT,SFPA,17,23,away,6,,,29,4,5,14,6,1,
2024,2,2,401645323,2024-09-07,Florida Atlantic Owls,Army Black Knights,FAU,ARMY,7,24,away,17,,,17,4,1,6,6,1,
2024,2,2,401645324,2024-09-07,Navy Midshipmen,Temple Owls,NAVY,TEM,38,11,home,27,,,26,6,1,11,8,1,
2024,2,2,401645325,2024-09-07,North Texas Mean Green,Stephen F. Austin Lumberjacks,UNT,SFA,35,20,home,15,,,30,6,2,12,10,1,
2024,2,2,401645326,2024-09-07,Rice Owls,Texas Southern Tigers,RICE,TXSO,69,7,home,62,,,27,9,2,11,5,1,
2024,2,2,401654538,2024-09-07,The Citadel Bulldogs,South Carolina State Bulldogs,CIT,SCST,20,23,away,3,,,18,5,4,6,3,1,
2024,2,2,401654549,2024-09-07,Norfolk State Spartans,Virginia State Trojans,NORF,VIR,28,23,home,5,,,20,7,2,6,5,1,
2024,2,2,401654558,2024-09-07,Southern Jaguars,Savannah State Tigers,SOU,SAV,42,10,home,32,,,25,6,5,11,3,1,
2024,2,2,401654569,2024-09-07,Northwestern State Demons,Prairie View A&M Panthers,NWST,PV,31,37,away,6,,,28,6,4,13,5,1,
2024,2,2,401654573,2024-09-07,Central Connecticut Blue Devils,Fordham Rams,CCSU,FOR,33,3,home,30,,,31,3,3,12,13,1,
2024,2,2,401654583,2024-09-07,St. Thomas-Minnesota Tommies,Northern Iowa Panthers,STMN,UNI,10,17,away,7,,,23,3,5,9,6,1,
2024,2,2,401654585,2024-09-07,Lamar Cardinals,Mississippi Valley State Delta Devils,LAM,MVSU,28,14,home,14,,,22,6,1,9,6,1,
2024,2,2,401654605,2024-09-07,Robert Morris Colonials,Edinboro Fighting Scots,RMU,EDI,21,23,away,2,,,23,6,0,10,7,1,
2024,2,2,401654616,2024-09-07,Lehigh Mountain Hawks,Wagner Seahawks,LEH,WAG,49,13,home,36,,,23,8,0,9,6,1,
2024,2,2,401654632,2024-09-07,Sacred Heart Pioneers,St. Anselm Hawks,SHU,STA,10,3,home,7,,,22,1,4,12,5,1,
2024,2,2,401654642,2024-09-07,Marist Red Foxes,Georgetown Hoyas,MRST,GTWN,10,31,away,21,,,21,5,2,13,1,1,
2024,2,2,401654649,2024-09-07,VMI Keydets,Bucknell Bison,VMI,BUCK,28,35,away,7,,,25,7,0,12,6,1,
2024,2,2,401654664,2024-09-07,Houston Christian Huskies,Tarleton State Texans,HCU,TAR,18,35,away,17,,,22,7,2,6,7,1,
2024,2,2,401654677,2024-09-07,Furman Paladins,Charleston Southern Buccaneers,FUR,CHSO,20,24,away,4,,,26,5,4,9,8,1,
2024,2,2,401655623,2024-09-07,Eastern Washington Eagles,Drake Bulldogs,EWU,DRKE,32,35,away,3,,,0,0,0,0,0,0,no drives
2024,2,2,401655624,2024-09-07,Idaho State Bengals,Western Oregon Wolves,IDST,WOR,50,10,home,40,,,27,5,5,11,6,1,
2024,2,2,401655660,2024-09-07,Davidson Wildcats,Catawba Indians,DAV,CAT,49,14,home,35,,,21,9,1,7,4,1,
2024,2,2,401655665,2024-09-07,Erskine Flying Fleet,Presbyterian Blue Hose,ERSK,PRES,14,31,away,17,,,0,0,0,0,0,0,no drives
2024,2,2,401656598,2024-09-07,Howard Bison,Mercyhurst Lakers,HOW,MERC,32,31,home,1,,,24,8,4,6,6,1,
2024,2,2,401673042,2024-09-07,Morehead State Eagles,Kentucky Christian Knights,MORE,KYCH,48,7,home,41,,,26,6,3,9,8,1,
2024,2,2,401673043,2024-09-07,San Diego Toreros,Central Washington Wildcats,USD,CEN,26,7,home,19,,,25,4,1,16,4,1,
2024,2,2,401673045,2024-09-07,Stetson Hatters,Warner Royals,STET,WAR,35,0,home,35,,,24,5,1,10,8,1,
2024,2,2,401628343,2024-09-08,Arizona State Sun Devils,Mississippi State Bulldogs,ASU,MSST,30,23,home,7,,,19,5,4,6,4,1,
2024,2,2,401628469,2024-09-08,Oregon Ducks,Boise State Broncos,ORE,BOIS,37,34,home,3,,,29,6,4,15,4,1,
2024,2,2,401628472,2024-09-08,USC Trojans,Utah State Aggies,USC,USU,48,0,home,48,,,22,6,3,7,6,1,
2024,2,2,401628597,2024-09-08,Montana State Bobcats,Maine Black Bears,MTST,ME,41,24,home,17,,,26,8,3,10,5,1,
2024,2,2,401632067,2024-09-08,Abilene Christian Wildcats,West Georgia Wolves,ACU,WES,38,24,home,14,,,28,8,4,12,4,1,
2024,2,2,401632072,2024-09-08,UTEP Miners,Southern Utah Thunderbirds,UTEP,SUU,24,27,away,3,,,22,6,6,9,1,1,
2024,2,2,401635532,2024-09-08,Clemson Tigers,App State Mountaineers,CLEM,APP,66,20,home,46,,,29,11,3,10,5,1,
2024,2,2,401636354,2024-09-08,Arkansas-Pine Bluff Golden Lions,Arkansas Baptist Buffaloes,UAPB,ARBA,73,0,home,73,,,27,10,1,8,8,1,
2024,2,2,401636614,2024-09-08,Arizona Wildcats,Northern Arizona Lumberjacks,ARIZ,NAU,22,10,home,12,,,24,3,4,10,7,1,
2024,2,2,401636615,2024-09-08,TCU Horned Frogs,Long Island University Sharks,TCU,LIU,45,0,home,45,,,25,6,2,13,4,1,
2024,2,2,401636859,2024-09-08,Washington State Cougars,Texas Tech Red Raiders,WSU,TTU,37,16,home,21,,,29,7,3,8,11,1,
2024,2,2,401637160,2024-09-08,Weber State Wildcats,Portland State Vikings,WEB,PRST,43,16,home,27,,,28,6,5,11,6,1,
2024,2,2,401640989,2024-09-08,New Mexico State Aggies,Liberty Flames,NMSU,LIB,24,30,away,6,,,27,5,5,12,5,1,
2024,2,2,401643707,2024-09-08,Fresno State Bulldogs,Sacramento State Hornets,FRES,SAC,46,30,home,16,,,33,9,4,11,9,1,
2024,2,2,401643709,2024-09-08,San Diego State Aztecs,Oregon State Beavers,SDSU,ORST,0,21,away,21,,,23,3,2,13,5,1,
2024,2,2,401654850,2024-09-08,UC Davis Aggies,East Texas A&M Lions,UCD,ETAM,36,22,home,14,,,0,0,0,0,0,0,no drives
2024,2,3,401636867,2024-09-12,Texas State Bobcats,Arizona State Sun Devils,TXST,ASU,28,31,away,3,,,0,0,0,0,0,0,no drives
2024,2,3,401643788,2024-09-12,South Alabama Jaguars,Northwestern State Demons,USA,NWST,87,10,home,77,,,28,11,3,7,7,1,
2024,2,3,401636863,2024-09-13,Kansas Jayhawks,UNLV Rebels,KU,UNLV,20,23,away,3,,,21,4,6,7,4,1,
2024,2,3,401628350,2024-09-14,Wisconsin Badgers,Alabama Crimson Tide,WIS,ALA,10,42,away,32,,,25,7,3,10,5,1,
2024,2,3,401628351,2024-09-14,Arkansas Razorbacks,UAB Blazers,ARK,UAB,37,27,home,10,,,20,7,6,3,4,1,
2024,2,3,401628352,2024-09-14,Auburn Tigers,New Mexico Lobos,AUB,UNM,45,19,home,26,,,22,8,4,4,6,1,
2024,2,3,401628353,2024-09-14,Florida Gators,Texas A&M Aggies,FLA,TA&M,20,33,away,13,,,19,6,4,5,4,1,
2024,2,3,401628354,2024-09-14,Kentucky Wildcats,Georgia Bulldogs,UK,UGA,12,13,away,1,,,20,1,6,10,3,1,
2024,2,3,401628355,2024-09-14,Wake Forest Demon Deacons,Ole Miss Rebels,WAKE,MISS,6,40,away,34,,,23,5,4,6,8,1,
2024,2,3,401628356,2024-09-14,Mississippi State Bulldogs,Toledo Rockets,MSST,TOL,17,41,away,24,,,21,7,3,6,5,1,
2024,2,3,401628357,2024-09-14,Missouri Tigers,Boston College Eagles,MIZ,BC,27,21,home,6,,,19,5,4,7,3,1,
2024,2,3,401628358,2024-09-14,Oklahoma Sooners,Tulane Green Wave,OU,TULN,34,19,home,15,,,26,6,3,11,6,1,
2024,2,3,401628359,2024-09-14,South Carolina Gamecocks,LSU Tigers,SC,LSU,33,36,away,3,,,28,9,3,7,9,1,
2024,2,3,401628360,2024-09-14,Tennessee Volunteers,Kent State Golden Flashes,TENN,KENT,71,0,home,71,,,24,9,3,8,4,1,
2024,2,3,401628361,2024-09-14,Texas Longhorns,UTSA Roadrunners,TEX,UTSA,56,7,home,49,,,30,8,2,12,8,1,
2024,2,3,401628362,2024-09-14,Georgia State Panthers,Vanderbilt Commodores,GAST,VAN,36,32,home,4,,,24,8,4,7,5,1,
2024,2,3,401628475,2024-09-14,Illinois Fighting Illini,Central Michigan Chippewas,ILL,CMU,30,9,home,21,,,20,3,7,7,3,1,
2024,2,3,401628476,2024-09-14,UCLA Bruins,Indiana Hoosiers,UCLA,IU,13,42,away,29,,,17,7,3,3,4,1,
2024,2,3,401628477,2024-09-14,Iowa Hawkeyes,Troy Trojans,IOWA,TROY,38,21,home,17,,,23,6,1,11,5,1,
2024,2,3,401628479,2024-09-14,Michigan Wolverines,Arkansas State Red Wolves,MICH,ARST,28,18,home,10,,,22,6,3,8,5,1,
2024,2,3,401628480,2024-09-14,Michigan State Spartans,Prairie View A&M Panthers,MSU,PV,40,0,home,40,,,17,4,3,7,3,1,
2024,2,3,401628481,2024-09-14,Minnesota Golden Gophers,Nevada Wolf Pack,MINN,NEV,27,0,home,27,,,22,3,4,9,6,1,
2024,2,3,401628482,2024-09-14,Nebraska Cornhuskers,Northern Iowa Panthers,NEB,UNI,34,3,home,31,,,18,4,3,4,7,1,
2024,2,3,401628483,2024-09-14,Oregon State Beavers,Oregon Ducks,ORST,ORE,14,49,away,35,,,19,8,3,4,4,1,
2024,2,3,401628484,2024-09-14,Washington Huskies,Washington State Cougars,WASH,WSU,19,24,away,5,,,22,4,6,7,5,1,
2024,2,3,401628607,2024-09-14,Maine Black Bears,Monmouth Hawks,ME,MONM,22,51,away,29,,,19,9,2,5,3,1,
2024,2,3,401628608,2024-09-14,Rhode Island Rams,Campbell Fighting Camels,URI,CAM,21,9,home,12,,,25,4,1,12,8,1,
2024,2,3,401628609,2024-09-14,North Carolina A&T Aggies,Delaware Blue Hens,NCAT,DEL,13,42,away,29,,,23,6,3,9,5,1,
2024,2,3,401628610,2024-09-14,Villanova Wildcats,Towson Tigers,VILL,TOW,14,13,home,1,,,23,3,5,12,3,1,
2024,2,3,401628611,2024-09-14,Wofford Terriers,William & Mary Tribe,WOF,W&M,21,28,away,7,,,22,7,1,8,6,1,
2024,2,3,401628612,2024-09-14,Elon Phoenix,Western Carolina Catamounts,ELON,WCU,17,24,away,7,,,26,4,4,13,5,1,
2024,2,3,401628613,2024-09-14,Norfolk State Spartans,Hampton Pirates,NORF,HAMP,7,37,away,30,,,18,6,2,9,1,1,
2024,2,3,401628614,2024-09-14,New Hampshire Wildcats,Stonehill Skyhawks,UNH,STO,45,6,home,39,,,23,7,1,11,4,1,
2024,2,3,401628615,2024-09-14,Richmond Spiders,Charleston Southern Buccaneers,RICH,CHSO,38,0,home,38,,,22,4,1,12,5,1,
2024,2,3,401628616,2024-09-14,Fordham Rams,Stony Brook Seawolves,FOR,STBK,21,27,away,6,,,0,0,0,0,0,0,no drives
2024,2,3,401628617,2024-09-14,Idaho Vandals,UAlbany Great Danes,IDHO,ALB,41,13,home,28,,,23,5,4,11,3,1,
2024,2,3,401628618,2024-09-14,Bryant Bulldogs,Holy Cross Crusaders,BRY,HC,22,43,away,21,,,18,7,2,4,5,1,
2024,2,3,401628978,2024-09-14,Purdue Boilermakers,Notre Dame Fighting Irish,PUR,ND,7,66,away,59,,,29,9,1,14,5,1,
2024,2,3,401629030,2024-09-14,Duke Blue Devils,UConn Huskies,DUKE,CONN,26,21,home,5,,,28,5,3,15,5,1,
2024,2,3,401629041,2024-09-14,Buffalo Bulls,Massachusetts Minutemen,BUFF,MASS,34,3,home,31,,,24,4,5,13,2,1,
2024,2,3,401632073,2024-09-14,Central Arkansas Bears,Austin Peay Governors,CARK,APSU,45,17,home,28,,,24,7,3,7,7,1,
2024,2,3,401632074,2024-09-14,Eastern Kentucky Colonels,West Georgia Wolves,EKU,WES,26,7,home,19,,,22,4,3,11,4,1,
2024,2,3,401632460,2024-09-14,Chattanooga Mocs,Mercer Bears,UTC,MER,3,10,away,7,,,23,1,4,14,4,1,
2024,2,3,401634135,2024-09-14,East Tennessee State Buccaneers,North Dakota State Bison,ETSU,NDSU,35,38,away,3,,,21,10,2,5,4,1,
2024,2,3,401634159,2024-09-14,Illinois State Redbirds,Western Illinois Leathernecks,ILST,WIU,51,34,home,17,,,24,11,2,7,4,1,
2024,2,3,401634171,2024-09-14,Indiana State Sycamores,Dayton Flyers,INST,DAY,24,13,home,11,,,27,3,1,17,6,1,
2024,2,3,401634182,2024-09-14,Missouri State Bears,Lindenwood Lions,MOST,LIN,28,14,home,14,,,21,6,1,8,6,1,
2024,2,3,401634191,2024-09-14,Murray State Racers,Mississippi Valley State Delta Devils,MUR,MVSU,59,8,home,51,,,25,8,1,8,8,1,
2024,2,3,401634199,2024-09-14,North Dakota Fighting Hawks,Idaho State Bengals,UND,IDST,52,28,home,24,,,30,10,1,11,8,1,
2024,2,3,401634214,2024-09-14,South Dakota State Jackrabbits,Augustana University (SD) Vikings,SDST,AUSD,24,3,home,21,,,25,3,3,10,9,1,
2024,2,3,401634241,2024-09-14,Southern Illinois Salukis,Incarnate Word Cardinals,SIU,UIW,35,28,home,7,,,24,9,0,7,8,1,
2024,2,3,401634246,2024-09-14,Youngstown State Penguins,Duquesne Dukes,YSU,DUQ,25,28,away,3,,,16,7,1,4,4,1,
2024,2,3,401635542,2024-09-14,Florida State Seminoles,Memphis Tigers,FSU,MEM,12,20,away,8,,,21,3,4,8,6,1,
2024,2,3,401635543,2024-09-14,Georgia Tech Yellow Jackets,VMI Keydets,GT,VMI,59,7,home,52,,,26,9,1,13,3,1,
2024,2,3,401635544,2024-09-14,Miami Hurricanes,Ball State Cardinals,MIA,BALL,62,0,home,62,,,25,8,2,11,4,1,
2024,2,3,401635545,2024-09-14,North Carolina Tar Heels,North Carolina Central Eagles,UNC,NCCU,45,10,home,35,,,24,6,2,11,5,1,
2024,2,3,401635546,2024-09-14,NC State Wolfpack,Louisiana Tech Bulldogs,NCSU,LT,30,20,home,10,,,22,4,5,7,6,1,
2024,2,3,401635547,2024-09-14,Pittsburgh Panthers,West Virginia Mountaineers,PITT,WVU,38,34,home,4,,,24,8,3,7,6,1,
2024,2,3,401635548,2024-09-14,Old Dominion Monarchs,Virginia Tech Hokies,ODU,VT,17,37,away,20,,,28,6,5,11,6,1,
2024,2,3,401636345,2024-09-14,Samford Bulldogs,Alabama State Hornets,SAM,ALST,12,7,home,5,,,25,3,2,17,3,1,
2024,2,3,401636355,2024-09-14,Tennessee State Tigers,Arkansas-Pine Bluff Golden Lions,TNST,UAPB,41,28,home,13,,,27,9,4,9,5,1,
2024,2,3,401636364,2024-09-14,Western Michigan Broncos,Bethune-Cookman Wildcats,WMU,BCU,59,31,home,28,,,24,10,3,8,3,1,
2024,2,3,401636389,2024-09-14,Jackson State Tigers,Southern Jaguars,JKST,SOU,33,15,home,18,,,23,6,4,8,5,1,
2024,2,3,401636860,2024-09-14,Baylor Bears,Air Force Falcons,BAY,AFA,31,3,home,28,,,23,3,6,5,9,1,
2024,2,3,401636861,2024-09-14,Colorado State Rams,Colorado Buffaloes,CSU,COLO,9,28,away,19,,,23,5,3,8,7,1,
2024,2,3,401636864,2024-09-14,Kansas State Wildcats,Arizona Wildcats,KSU,ARIZ,31,7,home,24,,,18,4,2,6,6,1,
2024,2,3,401636865,2024-09-14,Miami (OH) RedHawks,Cincinnati Bearcats,M-OH,CIN,16,27,away,11,,,22,4,3,9,6,1,
2024,2,3,401636866,2024-09-14,TCU Horned Frogs,UCF Knights,TCU,UCF,34,35,away,1,,,28,11,6,11,0,1,
2024,2,3,401636868,2024-09-14,Texas Tech Red Raiders,North Texas Mean Green,TTU,UNT,66,21,home,45,,,30,11,2,10,7,1,
2024,2,3,401636869,2024-09-14,Tulsa Golden Hurricane,Oklahoma State Cowboys,TLSA,OKST,10,45,away,35,,,25,7,3,8,7,1,
2024,2,3,401636870,2024-09-14,Utah State Aggies,Utah Utes,USU,UTAH,21,38,away,17,,,29,7,5,9,8,1,
2024,2,3,401640980,2024-09-14,Florida Atlantic Owls,Florida International Panthers,FAU,FIU,38,20,home,18,,,27,7,3,9,8,1,
2024,2,3,401640990,2024-09-14,Liberty Flames,UTEP Miners,LIB,UTEP,28,10,home,18,,,26,5,2,10,9,1,
2024,2,3,401640999,2024-09-14,Eastern Michigan Eagles,Jacksonville State Gamecocks,EMU,JVST,37,34,home,3,,,26,7,9,2,8,1,
2024,2,3,401641017,2024-09-14,San José State Spartans,Kennesaw State Owls,SJSU,KENN,31,10,home,21,,,25,5,2,9,9,1,
2024,2,3,401641024,2024-09-14,Middle Tennessee Blue Raiders,Western Kentucky Hilltoppers,MTSU,WKU,21,49,away,28,,,18,10,0,1,7,1,
2024,2,3,401641040,2024-09-14,Sam Houston Bearkats,Hawai'i Rainbow Warriors,SHSU,HAW,31,13,home,18,,,22,5,4,7,6,1,
2024,2,3,401643785,2024-09-14,East Carolina Pirates,App State Mountaineers,ECU,APP,19,21,away,2,,,25,3,5,10,7,1,
2024,2,3,401643786,2024-09-14,Temple Owls,Coastal Carolina Chanticleers,TEM,CCU,20,28,away,8,,,20,5,3,6,6,1,
2024,2,3,401643787,2024-09-14,Georgia Southern Eagles,South Carolina State Bulldogs,GASO,SCST,42,14,home,28,,,22,7,3,9,3,1,
2024,2,3,401643789,2024-09-14,Southern Miss Golden Eagles,South Florida Bulls,USM,USF,24,49,away,25,,,26,10,2,7,7,1,
2024,2,3,401644733,2024-09-14,Akron Zips,Colgate Raiders,AKR,COLG,31,20,home,11,,,27,6,3,12,6,1,
2024,2,3,401644734,2024-09-14,Ohio Bobcats,Morgan State Bears,OHIO,MORG,21,6,home,15,,,24,3,3,9,9,1,
2024,2,3,401645327,2024-09-14,Charlotte 49ers,Gardner-Webb Runnin' Bulldogs,CLT,GWEB,27,26,home,1,,,25,5,5,7,8,1,
2024,2,3,401654498,2024-09-14,Delaware State Hornets,Wagner Seahawks,DSU,WAG,7,30,away,23,,,23,5,1,8,9,1,
2024,2,3,401654574,2024-09-14,St. Francis (PA) Red Flash,Central Connecticut Blue Devils,SFPA,CCSU,20,27,away,7,,,28,3,4,12,9,1,
2024,2,3,401654595,2024-09-14,Long Island University Sharks,Lehigh Mountain Hawks,LIU,LEH,17,20,away,3,,,18,5,2,7,4,1,
2024,2,3,401654601,2024-09-14,Alcorn State Braves,Edward Waters Tigers,ALCN,EAU,38,7,home,31,,,0,0,0,0,0,0,no drives
2024,2,3,401654603,2024-09-14,Northern Colorado Bears,Abilene Christian Wildcats,UNCO,ACU,22,24,away,2,,,28,5,3,17,3,1,
2024,2,3,401654611,2024-09-14,Bucknell Bison,Merrimack Warriors,BUCK,MRMK,21,31,away,10,,,21,7,1,9,4,1,
2024,2,3,401654624,2024-09-14,Lafayette Leopards,Marist Red Foxes,LAF,MRST,56,14,home,42,,,26,7,0,11,8,1,
2024,2,3,401654633,2024-09-14,Sacred Heart Pioneers,Georgetown Hoyas,SHU,GTWN,40,14,home,26,,,28,7,2,11,8,1,
2024,2,3,401654663,2024-09-14,UT Martin Skyhawks,North Alabama Lions,UTM,UNA,43,28,home,15,,,31,7,4,10,10,1,
2024,2,3,401654674,2024-09-14,East Texas A&M Lions,Grambling Tigers,ETAM,GRAM,28,35,away,7,,,37,8,1,14,14,1,
2024,2,3,401654678,2024-09-14,Furman Paladins,Stetson Hatters,FUR,STET,48,7,home,41,,,28,7,3,12,6,1,
2024,2,3,401654848,2024-09-14,The Citadel Bulldogs,North Greenville Trailblazers,CIT,NG,54,0,home,54,,,27,6,3,11,7,1,
2024,2,3,401654849,2024-09-14,Houston Christian Huskies,Louisiana Christian University Wildcats,HCU,LCU,70,7,home,63,,,0,0,0,0,0,0,no drives
2024,2,3,401655616,2024-09-14,Lamar Cardinals,Weber State Wildcats,LAM,WEB,17,16,home,1,,,17,3,4,5,5,1,
2024,2,3,401655620,2024-09-14,SE Louisiana Lions,Eastern Washington Eagles,SELA,EWU,28,24,home,4,,,23,7,1,9,6,1,
2024,2,3,401655625,2024-09-14,Montana Grizzlies,Morehead State Eagles,MONT,MORE,59,2,home,57,,,26,8,2,11,5,1,
2024,2,3,401655632,2024-09-14,Northwestern Wildcats,Eastern Illinois Panthers,NU,EIU,31,7,home,24,,,21,5,3,8,5,1,
2024,2,3,401655658,2024-09-14,Butler Bulldogs,Hanover Panthers,BUT,HAN,53,0,home,53,,,21,7,2,9,3,1,
2024,2,3,401655661,2024-09-14,Davidson Wildcats,Point University Skyhawks,DAV,POI,42,12,home,30,,,25,8,1,10,6,1,
2024,2,3,401655666,2024-09-14,Presbyterian Blue Hose,Virginia Lynchburg Dragons,PRES,UVAL,52,0,home,52,,,27,7,1,13,6,1,
2024,2,3,401655859,2024-09-14,Valparaiso Beacons,Indiana Wesleyan Wildcats,VAL,INWS,20,17,home,3,,,26,4,5,13,4,1,
2024,2,3,401655861,2024-09-14,St. Thomas-Minnesota Tommies,Black Hills State Yellow Jackets,STMN,BHS,24,14,home,10,,,29,5,1,17,6,1,
2024,2,3,401656599,2024-09-14,Morehouse College Maroon Tigers,Howard Bison,MOR,HOW,21,35,away,14,,,0,0,0,0,0,0,no drives
2024,2,3,401656952,2024-09-14,Robert Morris Colonials,Mercyhurst Lakers,RMU,MERC,55,28,home,27,,,22,12,0,5,5,1,
2024,2,3,401678898,2024-09-14,Alabama A&M Bulldogs,Georgetown (KY) Tigers,AAMU,GGA,24,16,home,8,,,22,4,7,8,3,1,
2024,2,3,401628478,2024-09-15,Virginia Cavaliers,Maryland Terrapins,UVA,MD,13,27,away,14,,,26,4,5,11,6,1,
2024,2,3,401632075,2024-09-15,Southern Utah Thunderbirds,UC Davis Aggies,SUU,UCD,21,24,away,3,,,21,4,4,11,2,1,
2024,2,3,401632076,2024-09-15,Utah Tech Trailblazers,Northern Arizona Lumberjacks,UTU,NAU,17,45,away,28,,,0,0,0,0,0,0,no drives
2024,2,3,401635541,2024-09-15,California Golden Bears,San Diego State Aztecs,CAL,SDSU,31,10,home,21,,,0,0,0,0,0,0,no drives
2024,2,3,401636862,2024-09-15,Houston Cougars,Rice Owls,HOU,RICE,33,7,home,26,,,25,5,1,15,4,1,
2024,2,3,401636871,2024-09-15,Wyoming Cowboys,BYU Cougars,WYO,BYU,14,34,away,20,,,24,5,2,12,5,1,
2024,2,3,401641033,2024-09-15,Fresno State Bulldogs,New Mexico State Aggies,FRES,NMSU,48,0,home,48,,,29,6,2,15,6,1,
2024,2,3,401655618,2024-09-15,Sacramento State Hornets,Nicholls Colonels,SAC,NICH,34,7,home,27,,,26,4,4,11,7,1,
2024,2,3,401655622,2024-09-15,Cal Poly Mustangs,Western Oregon Wolves,CP,WOR,31,14,home,17,,,24,5,2,12,5,1,
2024,2,3,401675115,2024-09-15,McNeese Cowboys,Stephen F. Austin Lumberjacks,MCN,SFA,28,24,home,4,,,28,7,2,13,6,1,
2024,2,4,401643790,2024-09-19,App State Mountaineers,South Alabama Jaguars,APP,USA,14,48,away,34,,,24,9,0,9,6,1,
2024,2,4,401634766,2024-09-20,Syracuse Orange,Stanford Cardinal,SYR,STAN,24,26,away,2,,,24,4,5,10,5,1,
2024,2,4,401628363,2024-09-21,Auburn Tigers,Arkansas Razorbacks,AUB,ARK,14,24,away,10,,,26,5,2,6,13,1,
2024,2,4,401628364,2024-09-21,Kentucky Wildcats,Ohio Bobcats,UK,OHIO,41,6,home,35,,,19,5,2,7,5,1,
2024,2,4,401628365,2024-09-21,LSU Tigers,UCLA Bruins,LSU,UCLA,34,17,home,17,,,19,6,3,5,5,1,
2024,2,4,401628366,2024-09-21,Ole Miss Rebels,Georgia Southern Eagles,MISS,GASO,52,13,home,39,,,26,8,3,9,6,1,
2024,2,4,401628367,2024-09-21,Mississippi State Bulldogs,Florida Gators,MSST,FLA,28,45,away,17,,,22,10,1,7,4,1,
2024,2,4,401628368,2024-09-21,Missouri Tigers,Vanderbilt Commodores,MIZ,VAN,30,27,home,3,,,27,6,10,9,2,1,
2024,2,4,401628369,2024-09-21,Oklahoma Sooners,Tennessee Volunteers,OU,TENN,15,25,away,10,,,33,4,4,15,10,1,
2024,2,4,401628370,2024-09-21,South Carolina Gamecocks,Akron Zips,SC,AKR,50,7,home,43,,,26,8,0,14,4,1,
2024,2,4,401628372,2024-09-21,Texas A&M Aggies,Bowling Green Falcons,TA&M,BGSU,26,20,home,6,,,21,4,7,7,3,1,
2024,2,4,401628485,2024-09-21,Nebraska Cornhuskers,Illinois Fighting Illini,NEB,ILL,24,31,away,7,,,22,7,3,5,7,1,
2024,2,4,401628486,2024-09-21,Indiana Hoosiers,Charlotte 49ers,IU,CLT,52,14,home,38,,,22,9,1,6,6,1,
2024,2,4,401628487,2024-09-21,Minnesota Golden Gophers,Iowa Hawkeyes,MINN,IOWA,14,31,away,17,,,24,6,1,12,5,1,
2024,2,4,401628488,2024-09-21,Maryland Terrapins,Villanova Wildcats,MD,VILL,38,20,home,18,,,21,7,4,5,5,1,
2024,2,4,401628489,2024-09-21,Michigan Wolverines,USC Trojans,MICH,USC,27,24,home,3,,,28,6,1,15,6,1,
2024,2,4,401628491,2024-09-21,Washington Huskies,Northwestern Wildcats,WASH,NU,24,5,home,19,,,25,3,3,12,7,1,
2024,2,4,401628492,2024-09-21,Ohio State Buckeyes,Marshall Thundering Herd,OSU,MRSH,49,14,home,35,,,0,0,0,0,0,0,no drives
2024,2,4,401628493,2024-09-21,Penn State Nittany Lions,Kent State Golden Flashes,PSU,KENT,56,0,home,56,,,23,8,0,12,3,1,
2024,2,4,401628494,2024-09-21,Virginia Tech Hokies,Rutgers Scarlet Knights,VT,RUTG,23,26,away,3,,,25,6,3,7,9,1,
2024,2,4,401628619,2024-09-21,New Hampshire Wildcats,Bryant Bulldogs,UNH,BRY,38,17,home,21,,,22,7,3,5,7,1,
2024,2,4,401628620,2024-09-21,Campbell Fighting Camels,Stony Brook Seawolves,CAM,STBK,17,24,away,7,,,22,5,2,12,3,1,
2024,2,4,401628621,2024-09-21,Delaware Blue Hens,Pennsylvania Quakers,DEL,PENN,29,22,home,7,,,21,7,3,6,5,1,
2024,2,4,401628622,2024-09-21,Elon Phoenix,East Tennessee State Buccaneers,ELON,ETSU,14,34,away,20,,,23,6,2,10,5,1,
2024,2,4,401628623,2024-09-21,Hampton Pirates,Howard Bison,HAMP,HOW,27,20,home,7,,,20,7,1,6,6,1,
2024,2,4,401628624,2024-09-21,Merrimack Warriors,Maine Black Bears,MRMK,ME,15,26,away,11,,,26,3,5,13,5,1,
2024,2,4,401628625,2024-09-21,Florida International Panthers,Monmouth Hawks,FIU,MONM,42,45,away,3,,,27,11,1,9,6,1,
2024,2,4,401628626,2024-09-21,North Carolina Central Eagles,North Carolina A&T Aggies,NCCU,NCAT,66,24,home,42,,,26,10,2,8,6,1,
2024,2,4,401628627,2024-09-21,Long Island University Sharks,Rhode Island Rams,LIU,URI,21,28,away,7,,,24,7,0,9,8,1,
2024,2,4,401628628,2024-09-21,Delaware State Hornets,Richmond Spiders,DSU,RICH,24,38,away,14,,,0,0,0,0,0,0,no drives
2024,2,4,401628629,2024-09-21,North Dakota State Bison,Towson Tigers,NDSU,TOW,41,24,home,17,,,20,7,4,3,6,1,
2024,2,4,401628630,2024-09-21,William & Mary Tribe,Furman Paladins,W&M,FUR,34,24,home,10,,,0,0,0,0,0,0,no drives
2024,2,4,401628979,2024-09-21,Notre Dame Fighting Irish,Miami (OH) RedHawks,ND,M-OH,28,3,home,25,,,23,4,2,10,7,1,
2024,2,4,401629031,2024-09-21,UConn Huskies,Florida Atlantic Owls,CONN,FAU,48,14,home,34,,,21,8,2,6,5,1,
2024,2,4,401629042,2024-09-21,Massachusetts Minutemen,Central Connecticut Blue Devils,MASS,CCSU,35,31,home,4,,,25,9,2,9,5,1,
2024,2,4,401632078,2024-09-21,Eastern Kentucky Colonels,Morehead State Eagles,EKU,MORE,42,13,home,29,,,23,7,3,7,6,1,
2024,2,4,401632099,2024-09-21,Arkansas-Pine Bluff Golden Lions,Central Arkansas Bears,UAPB,CARK,17,56,away,39,,,0,0,0,0,0,0,no drives
2024,2,4,401632100,2024-09-21,Austin Peay Governors,Alabama A&M Bulldogs,APSU,AAMU,59,16,home,43,,,27,8,3,9,7,1,
2024,2,4,401632102,2024-09-21,Idaho State Bengals,Southern Utah Thunderbirds,IDST,SUU,38,28,home,10,,,24,9,1,7,7,1,
2024,2,4,401633980,2024-09-21,Tennessee Tech Golden Eagles,Tennessee State Tigers,TNTC,TNST,24,14,home,10,,,29,3,2,17,7,1,
2024,2,4,401634145,2024-09-21,Mercer Bears,The Citadel Bulldogs,MER,CIT,38,21,home,17,,,25,6,1,9,9,1,
2024,2,4,401634160,2024-09-21,Illinois State Redbirds,Eastern Illinois Panthers,ILST,EIU,31,7,home,24,,,21,5,1,7,8,1,
2024,2,4,401634183,2024-09-21,UT Martin Skyhawks,Missouri State Bears,UTM,MOST,24,31,away,7,,,23,7,2,10,4,1,
2024,2,4,401634200,2024-09-21,North Dakota Fighting Hawks,San Diego Toreros,UND,USD,41,24,home,17,,,25,8,4,5,8,1,
2024,2,4,401634215,2024-09-21,SE Louisiana Lions,South Dakota State Jackrabbits,SELA,SDST,0,41,away,41,,,25,5,2,12,6,1,
2024,2,4,401634242,2024-09-21,Southern Illinois Salukis,Southeast Missouri State Redhawks,SIU,SEMO,21,38,away,17,,,22,7,5,4,6,1,
2024,2,4,401634247,2024-09-21,Pittsburgh Panthers,Youngstown State Penguins,PITT,YSU,73,17,home,56,,,24,11,2,6,5,1,
2024,2,4,401635551,2024-09-21,Florida State Seminoles,California Golden Bears,FSU,CAL,14,9,home,5,,,22,2,5,10,5,1,
2024,2,4,401635552,2024-09-21,Clemson Tigers,NC State Wolfpack,CLEM,NCSU,59,35,home,24,,,28,12,1,9,6,1,
2024,2,4,401635553,2024-09-21,Middle Tennessee Blue Raiders,Duke Blue Devils,MTSU,DUKE,17,45,away,28,,,29,8,3,10,8,1,
2024,2,4,401635554,2024-09-21,Louisville Cardinals,Georgia Tech Yellow Jackets,LOU,GT,31,19,home,12,,,18,4,5,4,5,1,
2024,2,4,401635555,2024-09-21,South Florida Bulls,Miami Hurricanes,USF,MIA,15,50,away,35,,,21,8,4,4,5,1,
2024,2,4,401635556,2024-09-21,North Carolina Tar Heels,James Madison Dukes,UNC,JMU,50,70,away,20,,,32,13,3,6,10,1,
2024,2,4,401635557,2024-09-21,SMU Mustangs,TCU Horned Frogs,SMU,TCU,66,42,home,24,,,24,11,4,2,7,1,
2024,2,4,401635558,2024-09-21,Coastal Carolina Chanticleers,Virginia Cavaliers,CCU,UVA,24,43,away,19,,,24,8,4,6,6,1,
2024,2,4,401636365,2024-09-21,Bethune-Cookman Wildcats,Clark Atlanta Panthers,BCU,CLA,37,38,away,1,,,24,9,4,8,3,1,
2024,2,4,401636374,2024-09-21,Troy Trojans,Florida A&M Rattlers,TROY,FAMU,34,12,home,22,,,20,5,4,7,4,1,
2024,2,4,401636382,2024-09-21,Grambling Tigers,Jackson State Tigers,GRAM,JKST,41,20,home,21,,,28,6,3,10,9,1,
2024,2,4,401636873,2024-09-21,Cincinnati Bearcats,Houston Cougars,CIN,HOU,34,0,home,34,,,19,4,3,6,6,1,
2024,2,4,401636875,2024-09-21,Iowa State Cyclones,Arkansas State Red Wolves,ISU,ARST,52,7,home,45,,,24,8,1,8,7,1,
2024,2,4,401636876,2024-09-21,Oklahoma State Cowboys,Utah Utes,OKST,UTAH,19,22,away,3,,,30,4,6,12,8,1,
2024,2,4,401636877,2024-09-21,Texas Tech Red Raiders,Arizona State Sun Devils,TTU,ASU,30,22,home,8,,,24,6,4,8,6,1,
2024,2,4,401636879,2024-09-21,West Virginia Mountaineers,Kansas Jayhawks,WVU,KU,32,28,home,4,,,24,8,1,9,6,1,
2024,2,4,401638360,2024-09-21,Incarnate Word Cardinals,Northern Arizona Lumberjacks,UIW,NAU,38,14,home,24,,,0,0,0,0,0,0,no drives
2024,2,4,401640991,2024-09-21,Liberty Flames,East Carolina Pirates,LIB,ECU,35,24,home,11,,,22,8,2,5,7,1,
2024,2,4,401641000,2024-09-21,Jacksonville State Gamecocks,Southern Miss Golden Eagles,JVST,USM,44,7,home,37,,,25,7,1,7,10,1,
2024,2,4,401641008,2024-09-21,Louisiana Tech Bulldogs,Tulsa Golden Hurricane,LT,TLSA,20,23,away,3,,,31,5,3,17,6,1,
2024,2,4,401641028,2024-09-21,Colorado State Rams,UTEP Miners,CSU,UTEP,27,17,home,10,,,26,5,3,10,8,1,
2024,2,4,401641034,2024-09-21,Sam Houston Bearkats,New Mexico State Aggies,SHSU,NMSU,31,11,home,20,,,0,0,0,0,0,0,no drives
2024,2,4,401641037,2024-09-21,Western Kentucky Hilltoppers,Toledo Rockets,WKU,TOL,26,21,home,5,,,29,5,1,11,12,1,
2024,2,4,401643713,2024-09-21,Nevada Wolf Pack,Eastern Washington Eagles,NEV,EWU,49,16,home,33,,,18,9,1,4,4,1,
2024,2,4,401643714,2024-09-21,Washington State Cougars,San José State Spartans,WSU,SJSU,54,52,home,2,,,29,14,3,6,6,1,
2024,2,4,401643715,2024-09-21,Temple Owls,Utah State Aggies,TEM,USU,45,29,home,16,,,27,10,2,12,3,1,
2024,2,4,401643716,2024-09-21,North Texas Mean Green,Wyoming Cowboys,UNT,WYO,44,17,home,27,,,22,6,4,9,3,1,
2024,2,4,401643791,2024-09-21,Louisiana Ragin' Cajuns,Tulane Green Wave,UL,TULN,33,41,away,8,,,19,7,5,2,5,1,
2024,2,4,401644596,2024-09-21,Harvard Crimson,Stetson Hatters,HARV,STET,35,0,home,35,,,27,4,1,13,9,1,
2024,2,4,401644735,2024-09-21,Central Michigan Chippewas,Ball State Cardinals,CMU,BALL,37,34,home,3,,,24,9,3,8,4,1,
2024,2,4,401644736,2024-09-21,Northern Illinois Huskies,Buffalo Bulls,NIU,BUFF,20,23,away,3,,,28,4,7,12,5,1,
2024,2,4,401644737,2024-09-21,Eastern Michigan Eagles,St. Francis (PA) Red Flash,EMU,SFPA,36,0,home,36,,,24,2,4,10,8,1,
2024,2,4,401645328,2024-09-21,Army Black Knights,Rice Owls,ARMY,RICE,37,14,home,23,,,17,7,1,3,6,1,
2024,2,4,401645329,2024-09-21,Navy Midshipmen,Memphis Tigers,NAVY,MEM,56,44,home,12,,,23,13,1,5,4,1,
2024,2,4,401645330,2024-09-21,UTSA Roadrunners,Houston Christian Huskies,UTSA,HCU,45,7,home,38,,,22,7,2,8,5,1,
2024,2,4,401654456,2024-09-21,Georgetown Hoyas,Brown Bears,GTWN,BRWN,14,26,away,12,,,29,5,2,13,9,1,
2024,2,4,401654463,2024-09-21,Lehigh Mountain Hawks,Princeton Tigers,LEH,PRIN,35,20,home,15,,,27,8,1,8,10,1,
2024,2,4,401654470,2024-09-21,Dartmouth Big Green,Fordham Rams,DART,FOR,45,13,home,32,,,27,7,3,13,4,1,
2024,2,4,401654487,2024-09-21,Columbia Lions,Lafayette Leopards,COLU,LAF,31,20,home,11,,,25,6,4,6,9,1,
2024,2,4,401654505,2024-09-21,Colgate Raiders,Cornell Big Red,COLG,COR,41,24,home,17,,,0,0,0,0,0,0,no drives
2024,2,4,401654511,2024-09-21,Morgan State Bears,Virginia Lynchburg Dragons,MORG,UVAL,56,7,home,49,,,0,0,0,0,0,0,no drives
2024,2,4,401654550,2024-09-21,VMI Keydets,Norfolk State Spartans,VMI,NORF,10,32,away,22,,,28,5,2,13,8,1,
2024,2,4,401654559,2024-09-21,Prairie View A&M Panthers,Southern Jaguars,PV,SOU,24,31,away,7,,,29,6,5,13,5,1,
2024,2,4,401654563,2024-09-21,South Dakota Coyotes,Drake Bulldogs,SDAK,DRKE,42,3,home,39,,,24,5,1,11,7,1,
2024,2,4,401654566,2024-09-21,Lamar Cardinals,Texas Southern Tigers,LAM,TXSO,20,17,home,3,,,18,4,3,5,6,1,
2024,2,4,401654586,2024-09-21,Nicholls Colonels,Mississippi Valley State Delta Devils,NICH,MVSU,66,0,home,66,,,30,9,1,10,10,1,
2024,2,4,401654588,2024-09-21,Duquesne Dukes,West Virginia Wesleyan Bobcats,DUQ,WES,35,0,home,35,,,24,5,1,12,6,1,
2024,2,4,401654606,2024-09-21,Wagner Seahawks,Robert Morris Colonials,WAG,RMU,14,21,away,7,,,24,5,1,13,5,1,
2024,2,4,401654634,2024-09-21,Stonehill Skyhawks,Sacred Heart Pioneers,STO,SHU,35,21,home,14,,,22,8,2,9,3,1,
2024,2,4,401654636,2024-09-21,Holy Cross Crusaders,Yale Bulldogs,HC,YALE,31,38,away,7,,,23,9,3,9,2,1,
2024,2,4,401654650,2024-09-21,Bucknell Bison,Marist Red Foxes,BUCK,MRST,34,18,home,16,,,23,6,2,8,7,1,
2024,2,4,401654851,2024-09-21,East Texas A&M Lions,Sacramento State Hornets,ETAM,SAC,0,34,away,34,,,25,3,3,9,10,1,
2024,2,4,401655619,2024-09-21,Northwestern State Demons,Weber State Wildcats,NWST,WEB,0,39,away,39,,,31,4,4,16,7,1,
2024,2,4,401655626,2024-09-21,Montana Grizzlies,Western Carolina Catamounts,MONT,WCU,46,35,home,11,,,29,10,6,8,5,1,
2024,2,4,401655631,2024-09-21,Presbyterian Blue Hose,Gardner-Webb Runnin' Bulldogs,PRES,GWEB,21,42,away,21,,,23,9,1,10,3,1,
2024,2,4,401655634,2024-09-21,Lindenwood Lions,St. Thomas-Minnesota Tommies,LIN,STMN,64,0,home,64,,,29,7,3,12,7,1,
2024,2,4,401655663,2024-09-21,Dayton Flyers,Ave Maria Gyrenes,DAY,AVE,49,7,home,42,,,21,7,2,8,4,1,
2024,2,4,401673046,2024-09-21,Valparaiso Beacons,Roosevelt Lakers,VAL,ROOSE,31,23,home,8,,,26,5,7,8,6,1,
2024,2,4,401677764,2024-09-21,Montana State Bobcats,Mercyhurst Lakers,MTST,MERC,52,13,home,39,,,20,7,1,5,7,1,
2024,2,4,401678897,2024-09-21,North Alabama Lions,Tarleton State Texans,UNA,TAR,14,28,away,14,,,24,5,2,12,5,1,
2024,2,4,401628371,2024-09-22,Texas Longhorns,UL Monroe Warhawks,TEX,ULM,51,3,home,48,,,26,7,2,10,7,1,
2024,2,4,401628490,2024-09-22,Boston College Eagles,Michigan State Spartans,BC,MSU,23,19,home,4,,,22,4,5,6,7,1,
2024,2,4,401632101,2024-09-22,UC Davis Aggies,Utah Tech Trailblazers,UCD,UTU,32,14,home,18,,,29,5,4,12,8,1,
2024,2,4,401636872,2024-09-22,BYU Cougars,Kansas State Wildcats,BYU,KSU,38,9,home,29,,,20,3,4,5,8,1,
2024,2,4,401636874,2024-09-22,Colorado Buffaloes,Baylor Bears,COLO,BAY,38,31,home,7,,,28,8,3,13,4,1,
2024,2,4,401637162,2024-09-22,Boise State Broncos,Portland State Vikings,BOIS,PRST,56,14,home,42,,,25,10,2,10,3,1,
2024,2,4,401643711,2024-09-22,New Mexico Lobos,Fresno State Bulldogs,UNM,FRES,21,38,away,17,,,22,6,5,5,6,1,
2024,2,4,401643712,2024-09-22,Hawai'i Rainbow Warriors,Northern Iowa Panthers,HAW,UNI,36,7,home,29,,,18,6,0,6,6,1,
2024,2,4,401643717,2024-09-22,Oregon State Beavers,Purdue Boilermakers,ORST,PUR,38,21,home,17,,,23,7,2,6,8,1,
2024,2,4,401654602,2024-09-22,McNeese Cowboys,Alcorn State Braves,MCN,ALCN,42,14,home,28,,,28,7,0,12,9,1,
2024,2,4,401654604,2024-09-22,Abilene Christian Wildcats,Idaho Vandals,ACU,IDHO,24,27,away,3,,,24,6,3,9,6,1,
2024,2,4,401655630,2024-09-22,Stephen F. Austin Lumberjacks,Northern Colorado Bears,SFA,UNCO,48,7,home,41,,,28,7,3,14,4,1,
2024,2,5,401645331,2024-09-26,Temple Owls,Army Black Knights,TEM,ARMY,14,42,away,28,,,21,8,0,9,4,1,
2024,2,5,401634767,2024-09-27,Miami Hurricanes,Virginia Tech Hokies,MIA,VT,38,34,home,4,,,22,9,2,4,7,1,
2024,2,5,401628373,2024-09-28,Texas A&M Aggies,Arkansas Razorbacks,TA&M,ARK,21,17,home,4,,,27,5,1,15,6,1,
2024,2,5,401628374,2024-09-28,Alabama Crimson Tide,Georgia Bulldogs,ALA,UGA,41,34,home,7,,,28,10,1,8,9,1,
2024,2,5,401628375,2024-09-28,Auburn Tigers,Oklahoma Sooners,AUB,OU,21,27,away,6,,,22,5,3,8,6,1,
2024,2,5,401628376,2024-09-28,LSU Tigers,South Alabama Jaguars,LSU,USA,42,10,home,32,,,22,7,1,8,6,1,
2024,2,5,401628377,2024-09-28,Ole Miss Rebels,Kentucky Wildcats,MISS,UK,17,20,away,3,,,22,4,4,11,3,1,
2024,2,5,401628378,2024-09-28,Texas Longhorns,Mississippi State Bulldogs,TEX,MSST,35,13,home,22,,,22,6,2,6,8,1,
2024,2,5,401628495,2024-09-28,Penn State Nittany Lions,Illinois Fighting Illini,PSU,ILL,21,7,home,14,,,17,4,3,5,5,1,
2024,2,5,401628496,2024-09-28,Indiana Hoosiers,Maryland Terrapins,IU,MD,42,28,home,14,,,30,10,0,11,9,1,
2024,2,5,401628497,2024-09-28,Michigan Wolverines,Minnesota Golden Gophers,MICH,MINN,27,24,home,3,,,25,6,4,11,4,1,
2024,2,5,401628498,2024-09-28,Michigan State Spartans,Ohio State Buckeyes,MSU,OSU,7,38,away,31,,,23,6,1,8,8,1,
2024,2,5,401628499,2024-09-28,Purdue Boilermakers,Nebraska Cornhuskers,PUR,NEB,10,28,away,18,,,21,4,5,9,3,1,
2024,2,5,401628501,2024-09-28,Rutgers Scarlet Knights,Washington Huskies,RUTG,WASH,21,18,home,3,,,21,5,4,9,3,1,
2024,2,5,401628502,2024-09-28,USC Trojans,Wisconsin Badgers,USC,WIS,38,21,home,17,,,24,7,1,9,7,1,
2024,2,5,401628631,2024-09-28,UAlbany Great Danes,Maine Black Bears,ALB,ME,20,34,away,14,,,20,6,3,4,7,1,
2024,2,5,401628632,2024-09-28,Elon Phoenix,Richmond Spiders,ELON,RICH,17,27,away,10,,,21,4,5,6,6,1,
2024,2,5,401628633,2024-09-28,William & Mary Tribe,Hampton Pirates,W&M,HAMP,49,7,home,42,,,23,7,0,10,6,1,
2024,2,5,401628634,2024-09-28,Campbell Fighting Camels,Delaware State Hornets,CAM,DSU,44,41,home,3,,,25,11,5,5,4,1,
2024,2,5,401628635,2024-09-28,Delaware Blue Hens,Sacred Heart Pioneers,DEL,SHU,49,0,home,49,,,21,6,2,8,5,1,
2024,2,5,401628636,2024-09-28,Monmouth Hawks,Fordham Rams,MONM,FOR,63,21,home,42,,,22,10,0,8,4,1,
2024,2,5,401628637,2024-09-28,South Carolina State Bulldogs,North Carolina A&T Aggies,SCST,NCAT,45,25,home,20,,,26,9,2,6,9,1,
2024,2,5,401628638,2024-09-28,Stony Brook Seawolves,Morgan State Bears,STBK,MORG,22,3,home,19,,,21,3,3,9,6,1,
2024,2,5,401628639,2024-09-28,Villanova Wildcats,Long Island University Sharks,VILL,LIU,24,10,home,14,,,21,4,3,10,4,1,
2024,2,5,401628980,2024-09-28,Notre Dame Fighting Irish,Louisville Cardinals,ND,LOU,31,24,home,7,,,26,7,2,7,10,1,
2024,2,5,401629032,2024-09-28,UConn Huskies,Buffalo Bulls,CONN,BUFF,47,3,home,44,,,28,5,5,13,5,1,
2024,2,5,401629043,2024-09-28,Miami (OH) RedHawks,Massachusetts Minutemen,M-OH,MASS,23,20,home,3,,,21,4,5,10,2,1,
2024,2,5,401632105,2024-09-28,West Georgia Wolves,North Alabama Lions,WES,UNA,16,25,away,9,,,0,0,0,0,0,0,no drives
2024,2,5,401632106,2024-09-28,Austin Peay Governors,Southern Utah Thunderbirds,APSU,SUU,17,28,away,11,,,21,5,1,9,6,1,
2024,2,5,401632107,2024-09-28,Central Arkansas Bears,Lamar Cardinals,CARK,LAM,34,14,home,20,,,21,5,4,6,6,1,
2024,2,5,401632110,2024-09-28,Eastern Kentucky Colonels,Robert Morris Colonials,EKU,RMU,31,7,home,24,,,23,5,1,14,3,1,
2024,2,5,401632461,2024-09-28,Chattanooga Mocs,Portland State Vikings,UTC,PRST,45,30,home,15,,,20,10,3,2,5,1,
2024,2,5,401633981,2024-09-28,Tennessee State Tigers,Charleston Southern Buccaneers,TNST,CHSO,13,9,home,4,,,20,1,3,10,6,1,
2024,2,5,401633982,2024-09-28,Eastern Illinois Panthers,Lindenwood Lions,EIU,LIN,25,28,away,3,,,23,7,4,9,3,1,
2024,2,5,401633983,2024-09-28,Gardner-Webb Runnin' Bulldogs,Tennessee Tech Golden Eagles,GWEB,TNTC,21,52,away,31,,,21,8,2,5,6,1,
2024,2,5,401634046,2024-09-28,Northern Colorado Bears,Cal Poly Mustangs,UNCO,CP,7,28,away,21,,,24,5,1,11,7,1,
2024,2,5,401634048,2024-09-28,Idaho State Bengals,Montana State Bobcats,IDST,MTST,17,37,away,20,,,21,7,2,9,3,1,
2024,2,5,401634050,2024-09-28,Northern Arizona Lumberjacks,Sacramento State Hornets,NAU,SAC,34,16,home,18,,,0,0,0,0,0,0,no drives
2024,2,5,401634136,2024-09-28,The Citadel Bulldogs,East Tennessee State Buccaneers,CIT,ETSU,17,34,away,17,,,0,0,0,0,0,0,no drives
2024,2,5,401634146,2024-09-28,Wofford Terriers,Mercer Bears,WOF,MER,3,22,away,19,,,28,1,4,14,9,1,
2024,2,5,401634161,2024-09-28,Illinois State Redbirds,North Dakota State Bison,ILST,NDSU,10,42,away,32,,,19,7,2,7,3,1,
2024,2,5,401634172,2024-09-28,Indiana State Sycamores,Houston Christian Huskies,INST,HCU,24,27,away,3,,,24,6,4,9,5,1,
2024,2,5,401634184,2024-09-28,Missouri State Bears,Youngstown State Penguins,MOST,YSU,38,31,home,7,,,20,9,2,6,3,1,
2024,2,5,401634192,2024-09-28,North Dakota Fighting Hawks,Murray State Racers,UND,MUR,72,35,home,37,,,30,13,3,10,4,1,
2024,2,5,401634243,2024-09-28,South Dakota Coyotes,Southern Illinois Salukis,SDAK,SIU,42,13,home,29,,,24,8,1,12,3,1,
2024,2,5,401635560,2024-09-28,Boston College Eagles,Western Kentucky Hilltoppers,BC,WKU,21,20,home,1,,,22,5,2,7,8,1,
2024,2,5,401635561,2024-09-28,Clemson Tigers,Stanford Cardinal,CLEM,STAN,40,14,home,26,,,29,7,2,11,9,1,
2024,2,5,401635562,2024-09-28,Duke Blue Devils,North Carolina Tar Heels,DUKE,UNC,21,20,home,1,,,28,5,3,16,4,1,
2024,2,5,401635564,2024-09-28,NC State Wolfpack,Northern Illinois Huskies,NCSU,NIU,24,17,home,7,,,22,4,2,12,4,1,
2024,2,5,401635565,2024-09-28,Syracuse Orange,Holy Cross Crusaders,SYR,HC,42,14,home,28,,,28,7,3,12,6,1,
2024,2,5,401635659,2024-09-28,Wake Forest Demon Deacons,Louisiana Ragin' Cajuns,WAKE,UL,38,41,away,3,,,20,10,4,3,3,1,
2024,2,5,401636346,2024-09-28,Bethune-Cookman Wildcats,Alabama State Hornets,BCU,ALST,21,26,away,5,,,20,6,5,4,5,1,
2024,2,5,401636383,2024-09-28,Grambling Tigers,Prairie View A&M Panthers,GRAM,PV,34,36,away,2,,,0,0,0,0,0,0,no drives
2024,2,5,401636390,2024-09-28,Texas Southern Tigers,Jackson State Tigers,TXSO,JKST,14,43,away,29,,,0,0,0,0,0,0,no drives
2024,2,5,401636880,2024-09-28,Baylor Bears,BYU Cougars,BAY,BYU,28,34,away,6,,,26,8,4,6,8,1,
2024,2,5,401636881,2024-09-28,Houston Cougars,Iowa State Cyclones,HOU,ISU,0,20,away,20,,,20,2,3,9,6,1,
2024,2,5,401636882,2024-09-28,Kansas Jayhawks,TCU Horned Frogs,KU,TCU,27,38,away,11,,,25,6,4,7,8,1,
2024,2,5,401636883,2024-09-28,Kansas State Wildcats,Oklahoma State Cowboys,KSU,OKST,42,20,home,22,,,30,8,3,12,7,1,
2024,2,5,401636885,2024-09-28,UCF Knights,Colorado Buffaloes,UCF,COLO,21,48,away,27,,,26,8,3,6,9,1,
2024,2,5,401638660,2024-09-28,Marist Red Foxes,Dayton Flyers,MRST,DAY,14,47,away,33,,,25,8,2,12,3,1,
2024,2,5,401638661,2024-09-28,Drake Bulldogs,San Diego Toreros,DRKE,USD,30,28,home,2,,,28,6,5,13,4,1,
2024,2,5,401638662,2024-09-28,Morehead State Eagles,Valparaiso Beacons,MORE,VAL,17,5,home,12,,,23,2,2,11,8,1,
2024,2,5,401640981,2024-09-28,Florida International Panthers,Louisiana Tech Bulldogs,FIU,LT,17,10,home,7,,,22,3,2,10,7,1,
2024,2,5,401641018,2024-09-28,Kennesaw State Owls,UT Martin Skyhawks,KENN,UTM,13,24,away,11,,,20,2,4,8,6,1,
2024,2,5,401641025,2024-09-28,Memphis Tigers,Middle Tennessee Blue Raiders,MEM,MTSU,24,7,home,17,,,23,4,2,12,5,1,
2024,2,5,401641041,2024-09-28,Sam Houston Bearkats,Texas State Bobcats,SHSU,TXST,40,39,home,1,,,23,7,5,5,6,1,
2024,2,5,401643720,2024-09-28,UNLV Rebels,Fresno State Bulldogs,UNLV,FRES,59,14,home,45,,,25,8,1,6,10,1,
2024,2,5,401643721,2024-09-28,Central Michigan Chippewas,San Diego State Aztecs,CMU,SDSU,22,21,home,1,,,24,5,5,10,4,1,
2024,2,5,401643792,2024-09-28,Georgia State Panthers,Georgia Southern Eagles,GAST,GASO,21,38,away,17,,,28,8,2,11,7,1,
2024,2,5,401643793,2024-09-28,James Madison Dukes,Ball State Cardinals,JMU,BALL,63,7,home,56,,,20,9,0,3,8,1,
2024,2,5,401643794,2024-09-28,Marshall Thundering Herd,Western Michigan Broncos,MRSH,WMU,27,20,home,7,,,22,5,5,7,5,1,
2024,2,5,401643795,2024-09-28,Bowling Green Falcons,Old Dominion Monarchs,BGSU,ODU,27,30,away,3,,,24,8,3,10,3,1,
2024,2,5,401643796,2024-09-28,Troy Trojans,UL Monroe Warhawks,TROY,ULM,9,13,away,4,,,17,1,6,6,4,1,
2024,2,5,401644597,2024-09-28,Brown Bears,Harvard Crimson,BRWN,HARV,31,28,home,3,,,26,8,2,10,6,1,
2024,2,5,401644738,2024-09-28,Ohio Bobcats,Akron Zips,OHIO,AKR,30,10,home,20,,,29,5,2,14,8,1,
2024,2,5,401644739,2024-09-28,Kent State Golden Flashes,Eastern Michigan Eagles,KENT,EMU,33,52,away,19,,,33,12,2,10,9,1,
2024,2,5,401645332,2024-09-28,UAB Blazers,Navy Midshipmen,UAB,NAVY,18,41,away,23,,,17,6,3,3,5,1,
2024,2,5,401645333,2024-09-28,Rice Owls,Charlotte 49ers,RICE,CLT,20,21,away,1,,,24,5,3,12,4,1,
2024,2,5,401645334,2024-09-28,East Carolina Pirates,UTSA Roadrunners,ECU,UTSA,30,20,home,10,,,33,5,5,12,11,1,
2024,2,5,401645335,2024-09-28,Florida Atlantic Owls,Wagner Seahawks,FAU,WAG,41,10,home,31,,,0,0,0,0,0,0,no drives
2024,2,5,401645336,2024-09-28,North Texas Mean Green,Tulsa Golden Hurricane,UNT,TLSA,52,20,home,32,,,30,9,3,10,8,1,
2024,2,5,401645337,2024-09-28,Tulane Green Wave,South Florida Bulls,TULN,USF,45,10,home,35,,,22,7,2,7,6,1,
2024,2,5,401654464,2024-09-28,Princeton Tigers,Howard Bison,PRIN,HOW,30,13,home,17,,,22,4,3,9,6,1,
2024,2,5,401654471,2024-09-28,Merrimack Warriors,Dartmouth Big Green,MRMK,DART,14,16,away,2,,,19,3,5,8,3,1,
2024,2,5,401654488,2024-09-28,Georgetown Hoyas,Columbia Lions,GTWN,COLU,20,17,home,3,,,21,5,3,7,6,1,
2024,2,5,401654506,2024-09-28,Cornell Big Red,Yale Bulldogs,COR,YALE,47,23,home,24,,,25,9,3,8,5,1,
2024,2,5,401654553,2024-09-28,Norfolk State Spartans,North Carolina Central Eagles,NORF,NCCU,10,37,away,27,,,22,6,2,11,3,1,
2024,2,5,401654587,2024-09-28,Mississippi Valley State Delta Devils,Alcorn State Braves,MVSU,ALCN,21,42,away,21,,,27,8,2,7,10,1,
2024,2,5,401654617,2024-09-28,Lehigh Mountain Hawks,Bucknell Bison,LEH,BUCK,35,38,away,3,,,0,0,0,0,0,0,no drives
2024,2,5,401654666,2024-09-28,Tarleton State Texans,SE Louisiana Lions,TAR,SELA,36,33,home,3,,,24,9,2,9,4,1,
2024,2,5,401654846,2024-09-28,Southeast Missouri State Redhawks,Northwestern State Demons,SEMO,NWST,19,0,home,19,,,20,1,6,8,5,1,
2024,2,5,401654847,2024-09-28,Western Illinois Leathernecks,McKendree Bearcats,WIU,MCK,49,32,home,17,,,23,10,5,2,6,1,
2024,2,5,401655659,2024-09-28,Butler Bulldogs,Virginia Lynchburg Dragons,BUT,UVAL,63,0,home,63,,,20,9,0,9,2,1,
2024,2,5,401656601,2024-09-28,Pennsylvania Quakers,Colgate Raiders,PENN,COLG,27,17,home,10,,,19,4,5,5,5,1,
2024,2,5,401679156,2024-09-28,Mercyhurst Lakers,Frostburg State Bobcats,MERC,FRO,24,25,away,1,,,0,0,0,0,0,0,no drives
2024,2,5,401628500,2024-09-29,UCLA Bruins,Oregon Ducks,UCLA,ORE,13,34,away,21,,,20,4,4,7,5,1,
2024,2,5,401632103,2024-09-29,Utah Tech Trailblazers,Abilene Christian Wildcats,UTU,ACU,30,55,away,25,,,33,11,4,13,5,1,
2024,2,5,401634047,2024-09-29,UC Davis Aggies,Idaho Vandals,UCD,IDHO,28,26,home,2,,,25,7,3,7,8,1,
2024,2,5,401634049,2024-09-29,Eastern Washington Eagles,Montana Grizzlies,EWU,MONT,49,52,away,3,,,25,14,3,5,3,1,
2024,2,5,401635563,2024-09-29,SMU Mustangs,Florida State Seminoles,SMU,FSU,42,16,home,26,,,24,7,1,8,8,1,
2024,2,5,401636884,2024-09-29,Texas Tech Red Raiders,Cincinnati Bearcats,TTU,CIN,44,41,home,3,,,21,9,7,2,3,1,
2024,2,5,401636886,2024-09-29,Utah Utes,Arizona Wildcats,UTAH,ARIZ,10,23,away,13,,,25,3,5,8,9,1,
2024,2,5,401638659,2024-09-29,Davidson Wildcats,Presbyterian Blue Hose,DAV,PRES,48,37,home,11,,,22,12,1,6,3,1,
2024,2,5,401641035,2024-09-29,New Mexico State Aggies,New Mexico Lobos,NMSU,UNM,40,50,away,10,,,26,12,4,9,1,1,
2024,2,5,401643718,2024-09-29,Wyoming Cowboys,Air Force Falcons,WYO,AFA,31,19,home,12,,,19,6,3,6,4,1,
2024,2,5,401643719,2024-09-29,Boise State Broncos,Washington State Cougars,BOIS,WSU,45,24,home,21,,,25,9,2,7,7,1,
2024,2,5,401655617,2024-09-29,Weber State Wildcats,McNeese Cowboys,WEB,MCN,26,28,away,2,,,27,8,1,12,6,1,
2024,2,6,401643797,2024-10-03,Troy Trojans,Texas State Bobcats,TROY,TXST,17,38,away,21,,,24,7,2,6,9,1,
2024,2,6,401636891,2024-10-04,TCU Horned Frogs,Houston Cougars,TCU,HOU,19,30,away,11,,,23,6,3,6,8,1,
2024,2,6,401641001,2024-10-04,Kennesaw State Owls,Jacksonville State Gamecocks,KENN,JVST,24,63,away,39,,,24,10,2,5,7,1,
2024,2,6,401641029,2024-10-04,UTEP Miners,Sam Houston Bearkats,UTEP,SHSU,21,41,away,20,,,31,7,2,14,8,1,
2024,2,6,401644598,2024-10-04,Harvard Crimson,New Hampshire Wildcats,HARV,UNH,28,23,home,5,,,22,5,3,9,5,1,
2024,2,6,401628379,2024-10-05,Arkansas Razorbacks,Tennessee Volunteers,ARK,TENN,19,14,home,5,,,22,4,3,10,5,1,
2024,2,6,401628380,2024-10-05,Florida Gators,UCF Knights,FLA,UCF,24,13,home,11,,,19,4,4,7,4,1,
2024,2,6,401628381,2024-10-05,Georgia Bulldogs,Auburn Tigers,UGA,AUB,31,13,home,18,,,18,5,3,6,4,1,
2024,2,6,401628382,2024-10-05,South Carolina Gamecocks,Ole Miss Rebels,SC,MISS,3,27,away,24,,,25,3,4,8,10,1,
2024,2,6,401628383,2024-10-05,Texas A&M Aggies,Missouri Tigers,TA&M,MIZ,41,10,home,31,,,22,6,3,8,5,1,
2024,2,6,401628384,2024-10-05,Vanderbilt Commodores,Alabama Crimson Tide,VAN,ALA,40,35,home,5,,,19,9,2,4,4,1,
2024,2,6,401628503,2024-10-05,Northwestern Wildcats,Indiana Hoosiers,NU,IU,24,41,away,17,,,19,8,3,4,4,1,
2024,2,6,401628504,2024-10-05,Ohio State Buckeyes,Iowa Hawkeyes,OSU,IOWA,35,7,home,28,,,0,0,0,0,0,0,no drives
2024,2,6,401628505,2024-10-05,Washington Huskies,Michigan Wolverines,WASH,MICH,27,17,home,10,,,22,5,5,8,4,1,
2024,2,6,401628506,2024-10-05,Oregon Ducks,Michigan State Spartans,ORE,MSU,31,10,home,21,,,20,5,2,8,5,1,
2024,2,6,401628507,2024-10-05,Minnesota Golden Gophers,USC Trojans,MINN,USC,24,17,home,7,,,18,5,3,5,5,1,
2024,2,6,401628508,2024-10-05,Nebraska Cornhuskers,Rutgers Scarlet Knights,NEB,RUTG,14,7,home,7,,,0,0,0,0,0,0,no drives
2024,2,6,401628509,2024-10-05,Wisconsin Badgers,Purdue Boilermakers,WIS,PUR,52,6,home,46,,,25,7,3,10,5,1,
2024,2,6,401628510,2024-10-05,Penn State Nittany Lions,UCLA Bruins,PSU,UCLA,27,11,home,16,,,18,4,3,7,4,1,
2024,2,6,401628640,2024-10-05,Monmouth Hawks,Delaware Blue Hens,MONM,DEL,35,42,away,7,,,22,10,2,4,6,1,
2024,2,6,401628641,2024-10-05,Hampton Pirates,Rhode Island Rams,HAMP,URI,44,46,away,2,,,30,11,2,10,7,1,
2024,2,6,401628642,2024-10-05,Richmond Spiders,North Carolina A&T Aggies,RICH,NCAT,20,17,home,3,,,19,4,3,8,4,1,
2024,2,6,401628643,2024-10-05,Stony Brook Seawolves,Villanova Wildcats,STBK,VILL,24,42,away,18,,,27,9,2,13,3,1,
2024,2,6,401628644,2024-10-05,Towson Tigers,William & Mary Tribe,TOW,W&M,34,27,home,7,,,20,5,4,5,6,1,
2024,2,6,401628645,2024-10-05,Cornell Big Red,UAlbany Great Danes,COR,ALB,10,31,away,21,,,18,4,5,5,4,1,
2024,2,6,401628646,2024-10-05,Brown Bears,Bryant Bulldogs,BRWN,BRY,35,42,away,7,,,24,10,2,10,2,1,
2024,2,6,401628647,2024-10-05,Campbell Fighting Camels,North Carolina Central Eagles,CAM,NCCU,14,45,away,31,,,23,7,1,7,8,1,
2024,2,6,401629033,2024-10-05,UConn Huskies,Temple Owls,CONN,TEM,29,20,home,9,,,31,3,6,14,8,1,
2024,2,6,401629044,2024-10-05,Northern Illinois Huskies,Massachusetts Minutemen,NIU,MASS,34,20,home,14,,,21,7,2,3,9,1,
2024,2,6,401632108,2024-10-05,North Alabama Lions,Utah Tech Trailblazers,UNA,UTU,60,14,home,46,,,30,9,2,13,6,1,
2024,2,6,401632109,2024-10-05,West Georgia Wolves,Austin Peay Governors,WES,APSU,16,20,away,4,,,0,0,0,0,0,0,no drives
2024,2,6,401632117,2024-10-05,Abilene Christian Wildcats,Central Arkansas Bears,ACU,CARK,41,34,home,7,,,24,9,5,6,4,1,
2024,2,6,401632462,2024-10-05,East Tennessee State Buccaneers,Chattanooga Mocs,ETSU,UTC,10,17,away,7,,,25,3,6,11,5,1,
2024,2,6,401633984,2024-10-05,Charleston Southern Buccaneers,Western Illinois Leathernecks,CHSO,WIU,20,31,away,11,,,20,6,1,5,8,1,
2024,2,6,401633985,2024-10-05,Eastern Illinois Panthers,Southeast Missouri State Redhawks,EIU,SEMO,27,38,away,11,,,24,9,1,9,5,1,
2024,2,6,401633986,2024-10-05,UT Martin Skyhawks,Gardner-Webb Runnin' Bulldogs,UTM,GWEB,35,17,home,18,,,23,7,2,10,4,1,
2024,2,6,401633987,2024-10-05,Lindenwood Lions,Tennessee State Tigers,LIN,TNST,20,24,away,4,,,26,4,5,10,7,1,
2024,2,6,401634031,2024-10-05,Houston Christian Huskies,McNeese Cowboys,HCU,MCN,43,22,home,21,,,25,6,8,5,6,1,
2024,2,6,401634038,2024-10-05,SE Louisiana Lions,East Texas A&M Lions,SELA,ETAM,21,9,home,12,,,27,4,2,15,6,1,
2024,2,6,401634052,2024-10-05,Idaho Vandals,Northern Arizona Lumberjacks,IDHO,NAU,23,17,home,6,,,23,5,2,9,7,1,
2024,2,6,401634053,2024-10-05,Montana Grizzlies,Weber State Wildcats,MONT,WEB,48,55,away,7,,,26,11,4,5,6,1,
2024,2,6,401634054,2024-10-05,Montana State Bobcats,Northern Colorado Bears,MTST,UNCO,55,17,home,38,,,27,10,1,11,5,1,
2024,2,6,401634055,2024-10-05,Portland State Vikings,UC Davis Aggies,PRST,UCD,26,27,away,1,,,23,7,2,9,5,1,
2024,2,6,401634153,2024-10-05,Western Carolina Catamounts,Wofford Terriers,WCU,WOF,21,17,home,4,,,23,4,5,5,9,1,
2024,2,6,401634162,2024-10-05,Southern Illinois Salukis,Illinois State Redbirds,SIU,ILST,10,45,away,35,,,29,7,4,10,8,1,
2024,2,6,401634173,2024-10-05,Youngstown State Penguins,Indiana State Sycamores,YSU,INST,21,14,home,7,,,22,5,1,12,4,1,
2024,2,6,401634193,2024-10-05,Murray State Racers,South Dakota Coyotes,MUR,SDAK,0,59,away,59,,,25,8,1,8,8,1,
2024,2,6,401634201,2024-10-05,North Dakota State Bison,North Dakota Fighting Hawks,NDSU,UND,41,17,home,24,,,21,7,3,6,5,1,
2024,2,6,401634216,2024-10-05,Northern Iowa Panthers,South Dakota State Jackrabbits,UNI,SDST,3,41,away,38,,,23,4,4,8,7,1,
2024,2,6,401634253,2024-10-05,Jackson State Tigers,Alabama A&M Bulldogs,JKST,AAMU,45,38,home,7,,,21,10,2,5,4,1,
2024,2,6,401634779,2024-10-05,UNLV Rebels,Syracuse Orange,UNLV,SYR,41,44,away,3,,,22,10,3,3,6,1,
2024,2,6,401635567,2024-10-05,Virginia Cavaliers,Boston College Eagles,UVA,BC,24,14,home,10,,,20,2,4,7,7,1,
2024,2,6,401635569,2024-10-05,Florida State Seminoles,Clemson Tigers,FSU,CLEM,13,29,away,16,,,22,4,7,9,2,1,
2024,2,6,401635571,2024-10-05,Louisville Cardinals,SMU Mustangs,LOU,SMU,27,34,away,7,,,20,7,5,4,4,1,
2024,2,6,401635572,2024-10-05,North Carolina Tar Heels,Pittsburgh Panthers,UNC,PITT,24,34,away,10,,,22,6,3,6,7,1,
2024,2,6,401635573,2024-10-05,Stanford Cardinal,Virginia Tech Hokies,STAN,VT,7,31,away,24,,,18,5,2,7,4,1,
2024,2,6,401635638,2024-10-05,NC State Wolfpack,Wake Forest Demon Deacons,NCSU,WAKE,30,34,away,4,,,25,7,6,6,6,1,
2024,2,6,401636347,2024-10-05,Alabama State Hornets,Florida A&M Rattlers,ALST,FAMU,13,28,away,15,,,26,4,5,6,11,1,
2024,2,6,401636356,2024-10-05,Alcorn State Braves,Arkansas-Pine Bluff Golden Lions,ALCN,UAPB,38,28,home,10,,,0,0,0,0,0,0,no drives
2024,2,6,401636889,2024-10-05,Iowa State Cyclones,Baylor Bears,ISU,BAY,43,21,home,22,,,21,7,3,4,7,1,
2024,2,6,401636890,2024-10-05,Oklahoma State Cowboys,West Virginia Mountaineers,OKST,WVU,14,38,away,24,,,18,7,1,4,6,1,
2024,2,6,401638342,2024-10-05,Samford Bulldogs,VMI Keydets,SAM,VMI,27,3,home,24,,,23,3,4,13,3,1,
2024,2,6,401638343,2024-10-05,The Citadel Bulldogs,Furman Paladins,CIT,FUR,16,17,away,1,,,21,3,4,11,3,1,
2024,2,6,401638361,2024-10-05,Incarnate Word Cardinals,Prairie View A&M Panthers,UIW,PV,56,28,home,28,,,25,9,2,11,3,1,
2024,2,6,401638663,2024-10-05,Valparaiso Beacons,Drake Bulldogs,VAL,DRKE,3,27,away,24,,,22,2,5,9,6,1,
2024,2,6,401638664,2024-10-05,Davidson Wildcats,Marist Red Foxes,DAV,MRST,42,19,home,23,,,24,9,3,7,5,1,
2024,2,6,401638665,2024-10-05,Butler Bulldogs,Morehead State Eagles,BUT,MORE,40,6,home,34,,,17,7,2,6,2,1,
2024,2,6,401638666,2024-10-05,San Diego Toreros,Presbyterian Blue Hose,USD,PRES,27,21,home,6,,,25,6,3,12,4,1,
2024,2,6,401638667,2024-10-05,St. Thomas-Minnesota Tommies,Stetson Hatters,STMN,STET,34,24,home,10,,,0,0,0,0,0,0,no drives
2024,2,6,401643722,2024-10-05,Air Force Falcons,Navy Midshipmen,AFA,NAVY,7,34,away,27,,,23,6,1,11,5,1,
2024,2,6,401643723,2024-10-05,Boise State Broncos,Utah State Aggies,BOIS,USU,62,30,home,32,,,27,11,3,7,6,1,
2024,2,6,401643724,2024-10-05,Oregon State Beavers,Colorado State Rams,ORST,CSU,39,31,home,8,,,23,9,2,7,5,1,
2024,2,6,401643726,2024-10-05,San José State Spartans,Nevada Wolf Pack,SJSU,NEV,35,31,home,4,,,19,9,1,6,3,1,
2024,2,6,401643798,2024-10-05,Coastal Carolina Chanticleers,Old Dominion Monarchs,CCU,ODU,45,37,home,8,,,24,10,2,6,6,1,
2024,2,6,401643799,2024-10-05,Marshall Thundering Herd,App State Mountaineers,MRSH,APP,52,37,home,15,,,22,11,3,4,4,1,
2024,2,6,401643800,2024-10-05,Arkansas State Red Wolves,South Alabama Jaguars,ARST,USA,18,16,home,2,,,21,3,5,10,3,1,
2024,2,6,401643801,2024-10-05,UL Monroe Warhawks,James Madison Dukes,ULM,JMU,21,19,home,2,,,22,4,2,9,7,1,
2024,2,6,401643802,2024-10-05,Southern Miss Golden Eagles,Louisiana Ragin' Cajuns,USM,UL,13,23,away,10,,,21,4,3,11,3,1,
2024,2,6,401644684,2024-10-05,Toledo Rockets,Miami (OH) RedHawks,TOL,M-OH,30,20,home,10,,,20,3,5,8,4,1,
2024,2,6,401644740,2024-10-05,Akron Zips,Bowling Green Falcons,AKR,BGSU,20,27,away,7,,,20,4,4,8,4,1,
2024,2,6,401644741,2024-10-05,Ball State Cardinals,Western Michigan Broncos,BALL,WMU,42,45,away,3,,,24,11,1,4,8,1,
2024,2,6,401645338,2024-10-05,UAB Blazers,Tulane Green Wave,UAB,TULN,20,71,away,51,,,29,10,3,7,9,1,
2024,2,6,401645339,2024-10-05,Tulsa Golden Hurricane,Army Black Knights,TLSA,ARMY,7,49,away,42,,,19,8,0,5,6,1,
2024,2,6,401645340,2024-10-05,Charlotte 49ers,East Carolina Pirates,CLT,ECU,55,24,home,31,,,25,8,3,9,5,1,
2024,2,6,401654472,2024-10-05,Dartmouth Big Green,Pennsylvania Quakers,DART,PENN,20,17,home,3,,,19,4,3,8,4,1,
2024,2,6,401654489,2024-10-05,Columbia Lions,Princeton Tigers,COLU,PRIN,34,17,home,17,,,20,6,3,5,6,1,
2024,2,6,401654509,2024-10-05,Delaware State Hornets,St. Francis (PA) Red Flash,DSU,SFPA,17,28,away,11,,,24,6,1,11,6,1,
2024,2,6,401654512,2024-10-05,Morgan State Bears,Lincoln (PA) Lions,MORG,LINP,41,0,home,41,,,0,0,0,0,0,0,no drives
2024,2,6,401654539,2024-10-05,Tennessee Tech Golden Eagles,South Carolina State Bulldogs,TNTC,SCST,20,22,away,2,,,27,5,7,8,7,1,
2024,2,6,401654551,2024-10-05,Sacred Heart Pioneers,Norfolk State Spartans,SHU,NORF,10,3,home,7,,,23,2,3,14,4,1,
2024,2,6,401654560,2024-10-05,Southern Jaguars,Nicholls Colonels,SOU,NICH,7,51,away,44,,,29,8,1,12,8,1,
2024,2,6,401654567,2024-10-05,Texas Southern Tigers,Virginia Lynchburg Dragons,TXSO,UVAL,28,10,home,18,,,18,3,3,5,7,1,
2024,2,6,401654575,2024-10-05,Yale Bulldogs,Central Connecticut Blue Devils,YALE,CCSU,23,22,home,1,,,25,5,5,10,5,1,
2024,2,6,401654589,2024-10-05,Duquesne Dukes,Long Island University Sharks,DUQ,LIU,47,21,home,26,,,20,9,0,5,6,1,
2024,2,6,401654625,2024-10-05,Fordham Rams,Lafayette Leopards,FOR,LAF,23,28,away,5,,,24,6,2,8,8,1,
2024,2,6,401654637,2024-10-05,Colgate Raiders,Holy Cross Crusaders,COLG,HC,7,38,away,31,,,19,6,1,5,7,1,
2024,2,6,401654654,2024-10-05,Stonehill Skyhawks,Wagner Seahawks,STO,WAG,7,28,away,21,,,22,5,0,8,9,1,
2024,2,6,401677465,2024-10-05,Mercyhurst Lakers,Buffalo State Bengals,MERC,BUF,55,0,home,55,,,0,0,0,0,0,0,no drives
2024,2,6,401632112,2024-10-06,Southern Utah Thunderbirds,Tarleton State Texans,SUU,TAR,37,38,away,1,,,25,8,5,8,4,1,
2024,2,6,401634051,2024-10-06,Cal Poly Mustangs,Idaho State Bengals,CP,IDST,38,41,away,3,,,25,9,3,6,7,1,
2024,2,6,401635568,2024-10-06,California Golden Bears,Miami Hurricanes,CAL,MIA,38,39,away,1,,,25,9,2,9,5,1,
2024,2,6,401635570,2024-10-06,Georgia Tech Yellow Jackets,Duke Blue Devils,GT,DUKE,24,14,home,10,,,21,5,2,10,4,1,
2024,2,6,401636887,2024-10-06,Arizona Wildcats,Texas Tech Red Raiders,ARIZ,TTU,22,28,away,6,,,29,4,8,10,7,1,
2024,2,6,401636888,2024-10-06,Arizona State Sun Devils,Kansas Jayhawks,ASU,KU,35,31,home,4,,,21,9,2,6,4,1,
2024,2,6,401643725,2024-10-06,San Diego State Aztecs,Hawai'i Rainbow Warriors,SDSU,HAW,27,24,home,3,,,20,6,3,8,3,1,
2024,2,6,401675117,2024-10-06,Stephen F. Austin Lumberjacks,Northwestern State Demons,SFA,NWST,59,17,home,42,,,28,9,3,9,7,1,
2024,2,7,401640982,2024-10-08,Liberty Flames,Florida International Panthers,LIB,FIU,31,24,home,7,,,25,7,2,10,6,1,
2024,2,7,401641002,2024-10-09,Jacksonville State Gamecocks,New Mexico State Aggies,JVST,NMSU,54,13,home,41,,,27,8,4,7,8,1,
2024,2,7,401643803,2024-10-10,James Madison Dukes,Coastal Carolina Chanticleers,JMU,CCU,39,7,home,32,,,27,5,1,15,6,1,
2024,2,7,401641009,2024-10-11,Louisiana Tech Bulldogs,Middle Tennessee Blue Raiders,LT,MTSU,48,21,home,27,,,23,10,1,7,5,1,
2024,2,7,401641030,2024-10-11,Western Kentucky Hilltoppers,UTEP Miners,WKU,UTEP,44,17,home,27,,,21,6,4,5,6,1,
2024,2,7,401644599,2024-10-11,Cornell Big Red,Harvard Crimson,COR,HARV,20,38,away,18,,,20,8,1,6,5,1,
2024,2,7,401628385,2024-10-12,Alabama Crimson Tide,South Carolina Gamecocks,ALA,SC,27,25,home,2,,,22,7,2,6,7,1,
2024,2,7,401628386,2024-10-12,Georgia Bulldogs,Mississippi State Bulldogs,UGA,MSST,41,31,home,10,,,23,9,4,6,4,1,
2024,2,7,401628387,2024-10-12,Kentucky Wildcats,Vanderbilt Commodores,UK,VAN,13,20,away,7,,,16,4,2,4,6,1,
2024,2,7,401628388,2024-10-12,LSU Tigers,Ole Miss Rebels,LSU,MISS,29,26,home,3,,,29,5,9,7,8,1,
2024,2,7,401628389,2024-10-12,Massachusetts Minutemen,Missouri Tigers,MASS,MIZ,3,45,away,42,,,23,6,2,12,3,1,
2024,2,7,401628390,2024-10-12,Oklahoma Sooners,Texas Longhorns,OU,TEX,3,34,away,31,,,25,4,5,9,7,1,
2024,2,7,401628391,2024-10-12,Tennessee Volunteers,Florida Gators,TENN,FLA,23,17,home,6,,,28,5,3,12,8,1,
2024,2,7,401628511,2024-10-12,Illinois Fighting Illini,Purdue Boilermakers,ILL,PUR,50,49,home,1,,,0,0,0,0,0,0,no drives
2024,2,7,401628512,2024-10-12,Iowa Hawkeyes,Washington Huskies,IOWA,WASH,40,16,home,24,,,21,6,6,3,6,1,
2024,2,7,401628513,2024-10-12,Maryland Terrapins,Northwestern Wildcats,MD,NU,10,37,away,27,,,25,4,5,8,8,1,
2024,2,7,401628515,2024-10-12,Oregon Ducks,Ohio State Buckeyes,ORE,OSU,32,31,home,1,,,22,8,4,6,4,1,
2024,2,7,401628516,2024-10-12,USC Trojans,Penn State Nittany Lions,USC,PSU,30,33,away,3,,,25,6,8,6,5,1,
2024,2,7,401628517,2024-10-12,Rutgers Scarlet Knights,Wisconsin Badgers,RUTG,WIS,7,42,away,35,,,30,7,2,14,7,1,
2024,2,7,401628649,2024-10-12,Bryant Bulldogs,UAlbany Great Danes,BRY,ALB,17,24,away,7,,,0,0,0,0,0,0,no drives
2024,2,7,401628650,2024-10-12,Delaware Blue Hens,Maine Black Bears,DEL,ME,44,21,home,23,,,21,8,1,5,7,1,
2024,2,7,401628651,2024-10-12,Elon Phoenix,New Hampshire Wildcats,ELON,UNH,10,17,away,7,,,27,3,4,12,8,1,
2024,2,7,401628652,2024-10-12,Norfolk State Spartans,Towson Tigers,NORF,TOW,23,28,away,5,,,0,0,0,0,0,0,no drives
2024,2,7,401628653,2024-10-12,Rhode Island Rams,Brown Bears,URI,BRWN,31,21,home,10,,,24,7,2,7,8,1,
2024,2,7,401628981,2024-10-12,Notre Dame Fighting Irish,Stanford Cardinal,ND,STAN,49,7,home,42,,,20,8,0,5,7,1,
2024,2,7,401632113,2024-10-12,North Alabama Lions,Abilene Christian Wildcats,UNA,ACU,47,34,home,13,,,28,12,1,9,6,1,
2024,2,7,401632114,2024-10-12,Tarleton State Texans,Utah Tech Trailblazers,TAR,UTU,42,0,home,42,,,29,6,1,15,7,1,
2024,2,7,401632136,2024-10-12,Central Arkansas Bears,West Georgia Wolves,CARK,WES,34,33,home,1,,,33,8,3,17,5,1,
2024,2,7,401632463,2024-10-12,Furman Paladins,Chattanooga Mocs,FUR,UTC,10,41,away,31,,,22,5,3,7,7,1,
2024,2,7,401633988,2024-10-12,Lindenwood Lions,Charleston Southern Buccaneers,LIN,CHSO,29,14,home,15,,,25,3,6,9,7,1,
2024,2,7,401633989,2024-10-12,Tennessee State Tigers,Eastern Illinois Panthers,TNST,EIU,41,17,home,24,,,25,8,3,9,5,1,
2024,2,7,401633990,2024-10-12,Southeast Missouri State Redhawks,Tennessee Tech Golden Eagles,SEMO,TNTC,34,3,home,31,,,25,4,4,9,8,1,
2024,2,7,401633991,2024-10-12,Western Illinois Leathernecks,UT Martin Skyhawks,WIU,UTM,17,45,away,28,,,26,8,2,10,6,1,
2024,2,7,401634019,2024-10-12,Incarnate Word Cardinals,Nicholls Colonels,UIW,NICH,55,10,home,45,,,28,7,1,9,11,1,
2024,2,7,401634030,2024-10-12,Northwestern State Demons,East Texas A&M Lions,NWST,ETAM,21,42,away,21,,,27,8,1,11,7,1,
2024,2,7,401634056,2024-10-12,UC Davis Aggies,Cal Poly Mustangs,UCD,CP,56,10,home,46,,,23,8,1,7,7,1,
2024,2,7,401634058,2024-10-12,Idaho State Bengals,Portland State Vikings,IDST,PRST,38,42,away,4,,,25,11,1,9,4,1,
2024,2,7,401634099,2024-10-12,Montana Grizzlies,Northern Arizona Lumberjacks,MONT,NAU,31,20,home,11,,,21,5,4,7,5,1,
2024,2,7,401634137,2024-10-12,East Tennessee State Buccaneers,Samford Bulldogs,ETSU,SAM,31,28,home,3,,,33,8,2,14,9,1,
2024,2,7,401634147,2024-10-12,Mercer Bears,Princeton Tigers,MER,PRIN,34,7,home,27,,,27,3,3,11,10,1,
2024,2,7,401634154,2024-10-12,Wofford Terriers,VMI Keydets,WOF,VMI,31,16,home,15,,,33,4,2,14,13,1,
2024,2,7,401634163,2024-10-12,Illinois State Redbirds,Missouri State Bears,ILST,MOST,7,41,away,34,,,25,5,2,8,10,1,
2024,2,7,401634174,2024-10-12,Indiana State Sycamores,Murray State Racers,INST,MUR,31,27,home,4,,,26,7,3,13,3,1,
2024,2,7,401634208,2024-10-12,Southern Illinois Salukis,North Dakota State Bison,SIU,NDSU,3,24,away,21,,,18,3,3,7,5,1,
2024,2,7,401634217,2024-10-12,South Dakota State Jackrabbits,Youngstown State Penguins,SDST,YSU,63,13,home,50,,,20,9,2,5,4,1,
2024,2,7,401634254,2024-10-12,Alabama A&M Bulldogs,Bethune-Cookman Wildcats,AAMU,BCU,56,12,home,44,,,23,9,1,8,5,1,
2024,2,7,401635575,2024-10-12,Pittsburgh Panthers,California Golden Bears,PITT,CAL,17,15,home,2,,,24,4,3,12,5,1,
2024,2,7,401635576,2024-10-12,Wake Forest Demon Deacons,Clemson Tigers,WAKE,CLEM,14,49,away,35,,,23,9,0,9,5,1,
2024,2,7,401635577,2024-10-12,North Carolina Tar Heels,Georgia Tech Yellow Jackets,UNC,GT,34,41,away,7,,,25,8,6,7,4,1,
2024,2,7,401635578,2024-10-12,Virginia Cavaliers,Louisville Cardinals,UVA,LOU,20,24,away,4,,,23,5,4,8,6,1,
2024,2,7,401636348,2024-10-12,Alabama State Hornets,Mississippi Valley State Delta Devils,ALST,MVSU,54,17,home,37,,,28,8,3,10,7,1,
2024,2,7,401636357,2024-10-12,Arkansas-Pine Bluff Golden Lions,Prairie View A&M Panthers,UAPB,PV,21,17,home,4,,,23,4,4,8,7,1,
2024,2,7,401636384,2024-10-12,Grambling Tigers,Alcorn State Braves,GRAM,ALCN,15,17,away,2,,,24,3,5,11,5,1,
2024,2,7,401636892,2024-10-12,Arizona State Sun Devils,Utah Utes,ASU,UTAH,27,19,home,8,,,21,5,4,4,8,1,
2024,2,7,401636893,2024-10-12,BYU Cougars,Arizona Wildcats,BYU,ARIZ,41,19,home,22,,,24,6,4,4,10,1,
2024,2,7,401636895,2024-10-12,UCF Knights,Cincinnati Bearcats,UCF,CIN,13,19,away,6,,,20,3,5,6,6,1,
2024,2,7,401638344,2024-10-12,Western Carolina Catamounts,The Citadel Bulldogs,WCU,CIT,30,16,home,14,,,20,6,3,6,5,1,
2024,2,7,401638668,2024-10-12,Drake Bulldogs,Butler Bulldogs,DRKE,BUT,27,17,home,10,,,19,5,3,4,7,1,
2024,2,7,401638669,2024-10-12,Dayton Flyers,Davidson Wildcats,DAY,DAV,16,14,home,2,,,29,4,5,14,6,1,
2024,2,7,401638670,2024-10-12,Morehead State Eagles,Presbyterian Blue Hose,MORE,PRES,14,7,home,7,,,22,3,1,9,9,1,
2024,2,7,401638671,2024-10-12,Marist Red Foxes,St. Thomas-Minnesota Tommies,MRST,STMN,32,39,away,7,,,23,10,1,7,5,1,
2024,2,7,401643727,2024-10-12,New Mexico Lobos,Air Force Falcons,UNM,AFA,52,37,home,15,,,21,11,2,2,6,1,
2024,2,7,401643729,2024-10-12,Colorado State Rams,San José State Spartans,CSU,SJSU,31,24,home,7,,,22,6,4,7,5,1,
2024,2,7,401643730,2024-10-12,Fresno State Bulldogs,Washington State Cougars,FRES,WSU,17,25,away,8,,,0,0,0,0,0,0,no drives
2024,2,7,401643731,2024-10-12,Nevada Wolf Pack,Oregon State Beavers,NEV,ORST,42,37,home,5,,,20,10,1,3,6,1,
2024,2,7,401643732,2024-10-12,Wyoming Cowboys,San Diego State Aztecs,WYO,SDSU,24,27,away,3,,,28,5,4,14,5,1,
2024,2,7,401643733,2024-10-12,Utah State Aggies,UNLV Rebels,USU,UNLV,34,50,away,16,,,28,11,3,7,7,1,
2024,2,7,401643805,2024-10-12,Georgia State Panthers,Old Dominion Monarchs,GAST,ODU,14,21,away,7,,,27,5,1,14,7,1,
2024,2,7,401643806,2024-10-12,Louisiana Ragin' Cajuns,App State Mountaineers,UL,APP,34,24,home,10,,,25,7,4,7,7,1,
2024,2,7,401643807,2024-10-12,UL Monroe Warhawks,Southern Miss Golden Eagles,ULM,USM,38,21,home,17,,,27,6,4,11,6,1,
2024,2,7,401643808,2024-10-12,Texas State Bobcats,Arkansas State Red Wolves,TXST,ARST,41,9,home,32,,,21,5,5,6,5,1,
2024,2,7,401644685,2024-10-12,Eastern Michigan Eagles,Miami (OH) RedHawks,EMU,M-OH,14,38,away,24,,,22,7,2,9,4,1,
2024,2,7,401644742,2024-10-12,Western Michigan Broncos,Akron Zips,WMU,AKR,34,24,home,10,,,23,6,5,5,7,1,
2024,2,7,401644743,2024-10-12,Kent State Golden Flashes,Ball State Cardinals,KENT,BALL,35,37,away,2,,,24,9,4,6,5,1,
2024,2,7,401644744,2024-10-12,Bowling Green Falcons,Northern Illinois Huskies,BGSU,NIU,7,17,away,10,,,23,2,6,9,6,1,
2024,2,7,401644745,2024-10-12,Buffalo Bulls,Toledo Rockets,BUFF,TOL,30,15,home,15,,,25,6,1,13,5,1,
2024,2,7,401644746,2024-10-12,Central Michigan Chippewas,Ohio Bobcats,CMU,OHIO,25,27,away,2,,,24,6,3,11,4,1,
2024,2,7,401645341,2024-10-12,South Florida Bulls,Memphis Tigers,USF,MEM,3,21,away,18,,,27,2,2,14,9,1,
2024,2,7,401645342,2024-10-12,Army Black Knights,UAB Blazers,ARMY,UAB,44,10,home,34,,,20,7,2,5,6,1,
2024,2,7,401645343,2024-10-12,Florida Atlantic Owls,North Texas Mean Green,FAU,UNT,37,41,away,4,,,25,9,6,4,6,1,
2024,2,7,401645344,2024-10-12,Rice Owls,UTSA Roadrunners,RICE,UTSA,29,27,home,2,,,24,7,5,9,3,1,
2024,2,7,401654473,2024-10-12,Yale Bulldogs,Dartmouth Big Green,YALE,DART,43,44,away,1,,,27,9,4,7,7,1,
2024,2,7,401654490,2024-10-12,Wagner Seahawks,Columbia Lions,WAG,COLU,6,24,away,18,,,24,4,1,12,7,1,
2024,2,7,401654499,2024-10-12,Robert Morris Colonials,Delaware State Hornets,RMU,DSU,23,0,home,23,,,20,3,2,9,6,1,
2024,2,7,401654513,2024-10-12,Morgan State Bears,Merrimack Warriors,MORG,MRMK,24,32,away,8,,,0,0,0,0,0,0,no drives
2024,2,7,401654547,2024-10-12,Texas Southern Tigers,Southern Jaguars,TXSO,SOU,19,22,away,3,,,0,0,0,0,0,0,no drives
2024,2,7,401654555,2024-10-12,North Carolina Central Eagles,Virginia Lynchburg Dragons,NCCU,UVAL,68,0,home,68,,,21,6,0,10,5,1,
2024,2,7,401654564,2024-10-12,South Dakota Coyotes,Northern Iowa Panthers,SDAK,UNI,42,17,home,25,,,19,8,1,6,4,1,
2024,2,7,401654576,2024-10-12,Central Connecticut Blue Devils,Mercyhurst Lakers,CCSU,MERC,38,20,home,18,,,24,8,2,5,9,1,
2024,2,7,401654590,2024-10-12,St. Francis (PA) Red Flash,Duquesne Dukes,SFPA,DUQ,7,38,away,31,,,28,5,2,16,5,1,
2024,2,7,401654596,2024-10-12,Long Island University Sharks,Stonehill Skyhawks,LIU,STO,31,7,home,24,,,19,5,1,6,7,1,
2024,2,7,401654626,2024-10-12,Lafayette Leopards,Georgetown Hoyas,LAF,GTWN,0,17,away,17,,,26,2,1,12,11,1,
2024,2,7,401654638,2024-10-12,Holy Cross Crusaders,Fordham Rams,HC,FOR,19,16,home,3,,,25,3,5,12,5,1,
2024,2,7,401654651,2024-10-12,Pennsylvania Quakers,Bucknell Bison,PENN,BUCK,31,21,home,10,,,17,7,4,0,6,1,
2024,2,7,401673031,2024-10-12,Howard Bison,Sacred Heart Pioneers,HOW,SHU,21,14,home,7,,,25,5,0,14,6,1,
2024,2,7,401675116,2024-10-12,Houston Christian Huskies,SE Louisiana Lions,HCU,SELA,7,37,away,30,,,26,5,3,13,5,1,
2024,2,7,401675118,2024-10-12,Lamar Cardinals,Stephen F. Austin Lumberjacks,LAM,SFA,20,27,away,7,,,22,6,2,9,5,1,
2024,2,7,401678917,2024-10-12,Southern Utah Thunderbirds,Eastern Kentucky Colonels,SUU,EKU,42,21,home,21,,,21,8,3,5,5,1,
2024,2,7,401628514,2024-10-13,UCLA Bruins,Minnesota Golden Gophers,UCLA,MINN,17,21,away,4,,,21,5,2,11,3,1,
2024,2,7,401634057,2024-10-13,Sacramento State Hornets,Eastern Washington Eagles,SAC,EWU,28,35,away,7,,,16,9,1,3,3,1,
2024,2,7,401634100,2024-10-13,Montana State Bobcats,Idaho Vandals,MTST,IDHO,38,7,home,31,,,21,6,2,5,8,1,
2024,2,7,401634101,2024-10-13,Weber State Wildcats,Northern Colorado Bears,WEB,UNCO,17,21,away,4,,,24,5,2,10,7,1,
2024,2,7,401635574,2024-10-13,NC State Wolfpack,Syracuse Orange,NCSU,SYR,17,24,away,7,,,17,5,4,2,6,1,
2024,2,7,401636894,2024-10-13,Colorado Buffaloes,Kansas State Wildcats,COLO,KSU,28,31,away,3,,,20,8,1,6,5,1,
2024,2,7,401636896,2024-10-13,West Virginia Mountaineers,Iowa State Cyclones,WVU,ISU,16,28,away,12,,,17,6,3,4,4,1,
2024,2,7,401643728,2024-10-13,Hawai'i Rainbow Warriors,Boise State Broncos,HAW,BOIS,7,28,away,21,,,17,4,3,6,4,1,
2024,2,7,401643804,2024-10-13,Georgia Southern Eagles,Marshall Thundering Herd,GASO,MRSH,24,23,home,1,,,28,5,4,11,8,1,
2024,2,8,401643809,2024-10-15,South Alabama Jaguars,Troy Trojans,USA,TROY,25,9,home,16,,,27,3,4,12,8,1,
2024,2,8,401641010,2024-10-16,New Mexico State Aggies,Louisiana Tech Bulldogs,NMSU,LT,33,30,home,3,,,27,7,6,11,3,1,
2024,2,8,401641019,2024-10-16,Middle Tennessee Blue Raiders,Kennesaw State Owls,MTSU,KENN,14,5,home,9,,,28,1,2,16,9,1,
2024,2,8,401641038,2024-10-16,Sam Houston Bearkats,Western Kentucky Hilltoppers,SHSU,WKU,14,31,away,17,,,24,6,3,9,6,1,
2024,2,8,401634768,2024-10-17,Virginia Tech Hokies,Boston College Eagles,VT,BC,42,21,home,21,,,26,9,0,7,10,1,
2024,2,8,401640983,2024-10-17,UTEP Miners,Florida International Panthers,UTEP,FIU,30,21,home,9,,,30,6,3,12,9,1,
2024,2,8,401643810,2024-10-17,Marshall Thundering Herd,Georgia State Panthers,MRSH,GAST,35,20,home,15,,,22,6,4,6,6,1,
2024,2,8,401634769,2024-10-18,Duke Blue Devils,Florida State Seminoles,DUKE,FSU,23,16,home,7,,,28,1,7,13,7,1,
2024,2,8,401654457,2024-10-18,Princeton Tigers,Brown Bears,PRIN,BRWN,29,17,home,12,,,23,6,2,5,10,1,
2024,2,8,401628392,2024-10-19,Arkansas Razorbacks,LSU Tigers,ARK,LSU,10,34,away,24,,,20,4,6,4,6,1,
2024,2,8,401628393,2024-10-19,Florida Gators,Kentucky Wildcats,FLA,UK,48,20,home,28,,,27,8,2,8,9,1,
2024,2,8,401628394,2024-10-19,Mississippi State Bulldogs,Texas A&M Aggies,MSST,TA&M,24,34,away,10,,,22,7,3,5,7,1,
2024,2,8,401628395,2024-10-19,Missouri Tigers,Auburn Tigers,MIZ,AUB,21,17,home,4,,,25,3,6,10,6,1,
2024,2,8,401628396,2024-10-19,Oklahoma Sooners,South Carolina Gamecocks,OU,SC,9,35,away,26,,,0,0,0,0,0,0,no drives
2024,2,8,401628397,2024-10-19,Tennessee Volunteers,Alabama Crimson Tide,TENN,ALA,24,17,home,7,,,29,5,5,11,8,1,
2024,2,8,401628398,2024-10-19,Texas Longhorns,Georgia Bulldogs,TEX,UGA,15,30,away,15,,,29,5,2,9,13,1,
2024,2,8,401628399,2024-10-19,Vanderbilt Commodores,Ball State Cardinals,VAN,BALL,24,14,home,10,,,18,4,3,9,2,1,
2024,2,8,401628518,2024-10-19,Illinois Fighting Illini,Michigan Wolverines,ILL,MICH,21,7,home,14,,,20,3,4,7,6,1,
2024,2,8,401628519,2024-10-19,Indiana Hoosiers,Nebraska Cornhuskers,IU,NEB,56,7,home,49,,,23,9,0,4,10,1,
2024,2,8,401628520,2024-10-19,Michigan State Spartans,Iowa Hawkeyes,MSU,IOWA,32,20,home,12,,,21,5,8,4,4,1,
2024,2,8,401628521,2024-10-19,Maryland Terrapins,USC Trojans,MD,USC,29,28,home,1,,,26,8,2,8,8,1,
2024,2,8,401628522,2024-10-19,Northwestern Wildcats,Wisconsin Badgers,NU,WIS,3,23,away,20,,,26,3,4,12,7,1,
2024,2,8,401628523,2024-10-19,Purdue Boilermakers,Oregon Ducks,PUR,ORE,0,35,away,35,,,21,5,2,6,8,1,
2024,2,8,401628524,2024-10-19,Rutgers Scarlet Knights,UCLA Bruins,RUTG,UCLA,32,35,away,3,,,20,9,3,4,4,1,
2024,2,8,401628654,2024-10-19,William & Mary Tribe,Campbell Fighting Camels,W&M,CAM,35,28,home,7,,,21,9,1,4,7,1,
2024,2,8,401628655,2024-10-19,Maine Black Bears,Villanova Wildcats,ME,VILL,35,7,home,28,,,23,5,1,9,8,1,
2024,2,8,401628656,2024-10-19,North Carolina A&T Aggies,Hampton Pirates,NCAT,HAMP,17,59,away,42,,,27,8,4,7,8,1,
2024,2,8,401628657,2024-10-19,Towson Tigers,Stony Brook Seawolves,TOW,STBK,24,52,away,28,,,24,10,2,6,6,1,
2024,2,8,401628658,2024-10-19,Richmond Spiders,Delaware Blue Hens,RICH,DEL,28,9,home,19,,,22,5,1,7,9,1,
2024,2,8,401628659,2024-10-19,New Hampshire Wildcats,Rhode Island Rams,UNH,URI,9,26,away,17,,,27,3,3,12,9,1,
2024,2,8,401628660,2024-10-19,Monmouth Hawks,Bryant Bulldogs,MONM,BRY,55,17,home,38,,,23,8,2,7,6,1,
2024,2,8,401628661,2024-10-19,UAlbany Great Danes,Elon Phoenix,ALB,ELON,14,30,away,16,,,21,4,2,12,3,1,
2024,2,8,401628982,2024-10-19,Georgia Tech Yellow Jackets,Notre Dame Fighting Irish,GT,ND,13,31,away,18,,,22,5,3,6,8,1,
2024,2,8,401629034,2024-10-19,UConn Huskies,Wake Forest Demon Deacons,CONN,WAKE,20,23,away,3,,,26,4,6,11,5,1,
2024,2,8,401632118,2024-10-19,West Georgia Wolves,Shorter Hawks,WES,SHOR,41,13,home,28,,,26,7,4,11,4,1,
2024,2,8,401632134,2024-10-19,Utah Tech Trailblazers,Austin Peay Governors,UTU,APSU,7,13,away,6,,,25,2,3,16,4,1,
2024,2,8,401632137,2024-10-19,Abilene Christian Wildcats,Eastern Kentucky Colonels,ACU,EKU,34,20,home,14,,,23,7,2,5,9,1,
2024,2,8,401632464,2024-10-19,Chattanooga Mocs,Wofford Terriers,UTC,WOF,37,5,home,32,,,23,3,4,8,8,1,
2024,2,8,401633992,2024-10-19,Charleston Southern Buccaneers,Southeast Missouri State Redhawks,CHSO,SEMO,13,26,away,13,,,22,4,5,7,6,1,
2024,2,8,401633993,2024-10-19,Gardner-Webb Runnin' Bulldogs,Lindenwood Lions,GWEB,LIN,42,35,home,7,,,24,11,1,6,6,1,
2024,2,8,401633994,2024-10-19,Western Illinois Leathernecks,Tennessee Tech Golden Eagles,WIU,TNTC,37,21,home,16,,,22,7,4,3,8,1,
2024,2,8,401634022,2024-10-19,Incarnate Word Cardinals,McNeese Cowboys,UIW,MCN,30,17,home,13,,,24,5,5,11,3,1,
2024,2,8,401634033,2024-10-19,East Texas A&M Lions,Lamar Cardinals,ETAM,LAM,20,29,away,9,,,22,4,6,6,6,1,
2024,2,8,401634034,2024-10-19,Nicholls Colonels,Northwestern State Demons,NICH,NWST,20,0,home,20,,,23,2,2,15,4,1,
2024,2,8,401634102,2024-10-19,Idaho Vandals,Cal Poly Mustangs,IDHO,CP,34,29,home,5,,,22,7,3,5,7,1,
2024,2,8,401634103,2024-10-19,Eastern Washington Eagles,UC Davis Aggies,EWU,UCD,38,48,away,10,,,29,10,4,12,3,1,
2024,2,8,401634104,2024-10-19,Northern Arizona Lumberjacks,Idaho State Bengals,NAU,IDST,30,26,home,4,,,23,5,8,8,2,1,
2024,2,8,401634105,2024-10-19,Portland State Vikings,Montana State Bobcats,PRST,MTST,14,44,away,30,,,20,7,3,5,5,1,
2024,2,8,401634148,2024-10-19,Samford Bulldogs,Mercer Bears,SAM,MER,55,35,home,20,,,36,11,1,14,10,1,
2024,2,8,401634164,2024-10-19,Murray State Racers,Illinois State Redbirds,MUR,ILST,32,40,away,8,,,27,9,6,9,3,1,
2024,2,8,401634175,2024-10-19,Missouri State Bears,Indiana State Sycamores,MOST,INST,46,21,home,25,,,21,8,2,6,5,1,
2024,2,8,401634202,2024-10-19,North Dakota Fighting Hawks,Northern Iowa Panthers,UND,UNI,31,7,home,24,,,20,5,2,7,6,1,
2024,2,8,401634248,2024-10-19,Youngstown State Penguins,South Dakota Coyotes,YSU,SDAK,17,27,away,10,,,21,5,5,7,4,1,
2024,2,8,401635587,2024-10-19,California Golden Bears,NC State Wolfpack,CAL,NCSU,23,24,away,1,,,25,5,6,9,5,1,
2024,2,8,401635588,2024-10-19,Clemson Tigers,Virginia Cavaliers,CLEM,UVA,48,31,home,17,,,25,10,3,8,4,1,
2024,2,8,401635589,2024-10-19,Louisville Cardinals,Miami Hurricanes,LOU,MIA,45,52,away,7,,,23,11,2,5,5,1,
2024,2,8,401636358,2024-10-19,Grambling Tigers,Arkansas-Pine Bluff Golden Lions,GRAM,UAPB,31,21,home,10,,,24,7,1,11,5,1,
2024,2,8,401636366,2024-10-19,Mississippi Valley State Delta Devils,Bethune-Cookman Wildcats,MVSU,BCU,10,20,away,10,,,21,3,3,8,7,1,
2024,2,8,401636375,2024-10-19,Jackson State Tigers,Florida A&M Rattlers,JKST,FAMU,35,21,home,14,,,25,6,5,6,8,1,
2024,2,8,401636897,2024-10-19,Arizona Wildcats,Colorado Buffaloes,ARIZ,COLO,7,34,away,27,,,26,5,3,9,9,1,
2024,2,8,401636898,2024-10-19,BYU Cougars,Oklahoma State Cowboys,BYU,OKST,38,35,home,3,,,20,10,2,2,6,1,
2024,2,8,401636899,2024-10-19,Cincinnati Bearcats,Arizona State Sun Devils,CIN,ASU,24,14,home,10,,,24,5,4,8,7,1,
2024,2,8,401636900,2024-10-19,Iowa State Cyclones,UCF Knights,ISU,UCF,38,35,home,3,,,33,9,1,17,6,1,
2024,2,8,401636901,2024-10-19,Kansas Jayhawks,Houston Cougars,KU,HOU,42,14,home,28,,,21,8,1,4,8,1,
2024,2,8,401636902,2024-10-19,Texas Tech Red Raiders,Baylor Bears,TTU,BAY,35,59,away,24,,,26,13,1,9,3,1,
2024,2,8,401636904,2024-10-19,West Virginia Mountaineers,Kansas State Wildcats,WVU,KSU,18,45,away,27,,,22,7,2,5,8,1,
2024,2,8,401638345,2024-10-19,Furman Paladins,Western Carolina Catamounts,FUR,WCU,20,52,away,32,,,29,8,3,13,5,1,
2024,2,8,401638346,2024-10-19,VMI Keydets,The Citadel Bulldogs,VMI,CIT,10,13,away,3,,,24,2,5,10,7,1,
2024,2,8,401638673,2024-10-19,Butler Bulldogs,Dayton Flyers,BUT,DAY,14,21,away,7,,,16,4,3,7,2,1,
2024,2,8,401638674,2024-10-19,Presbyterian Blue Hose,Drake Bulldogs,PRES,DRKE,16,19,away,3,,,25,4,5,10,6,1,
2024,2,8,401638675,2024-10-19,San Diego Toreros,Marist Red Foxes,USD,MRST,34,6,home,28,,,23,4,3,10,6,1,
2024,2,8,401638676,2024-10-19,Davidson Wildcats,Stetson Hatters,DAV,STET,70,48,home,22,,,31,16,1,7,7,1,
2024,2,8,401638677,2024-10-19,Valparaiso Beacons,St. Thomas-Minnesota Tommies,VAL,STMN,14,42,away,28,,,29,8,0,15,6,1,
2024,2,8,401643735,2024-10-19,Nevada Wolf Pack,Fresno State Bulldogs,NEV,FRES,21,24,away,3,,,22,6,1,9,6,1,
2024,2,8,401643736,2024-10-19,Washington State Cougars,Hawai'i Rainbow Warriors,WSU,HAW,42,10,home,32,,,21,7,2,5,7,1,
2024,2,8,401643737,2024-10-19,Utah State Aggies,New Mexico Lobos,USU,UNM,45,50,away,5,,,0,0,0,0,0,0,no drives
2024,2,8,401643738,2024-10-19,San José State Spartans,Wyoming Cowboys,SJSU,WYO,24,14,home,10,,,29,5,2,13,9,1,
2024,2,8,401643811,2024-10-19,Coastal Carolina Chanticleers,Louisiana Ragin' Cajuns,CCU,UL,24,34,away,10,,,21,7,5,7,2,1,
2024,2,8,401643812,2024-10-19,Georgia Southern Eagles,James Madison Dukes,GASO,JMU,28,14,home,14,,,23,5,1,8,9,1,
2024,2,8,401643813,2024-10-19,Old Dominion Monarchs,Texas State Bobcats,ODU,TXST,24,14,home,10,,,0,0,0,0,0,0,no drives
2024,2,8,401643814,2024-10-19,Southern Miss Golden Eagles,Arkansas State Red Wolves,USM,ARST,28,44,away,16,,,23,9,3,6,5,1,
2024,2,8,401644600,2024-10-19,Harvard Crimson,Holy Cross Crusaders,HARV,HC,35,34,home,1,,,20,8,0,7,5,1,
2024,2,8,401644686,2024-10-19,Miami (OH) RedHawks,Ohio Bobcats,M-OH,OHIO,30,20,home,10,,,26,6,1,14,5,1,
2024,2,8,401644748,2024-10-19,Bowling Green Falcons,Kent State Golden Flashes,BGSU,KENT,27,6,home,21,,,24,3,5,8,8,1,
2024,2,8,401644749,2024-10-19,Buffalo Bulls,Western Michigan Broncos,BUFF,WMU,41,48,away,7,,,26,11,4,5,6,1,
2024,2,8,401644750,2024-10-19,Eastern Michigan Eagles,Central Michigan Chippewas,EMU,CMU,38,34,home,4,,,28,7,5,9,7,1,
2024,2,8,401644751,2024-10-19,Northern Illinois Huskies,Toledo Rockets,NIU,TOL,6,13,away,7,,,28,1,5,13,9,1,
2024,2,8,401645345,2024-10-19,South Florida Bulls,UAB Blazers,USF,UAB,35,25,home,10,,,32,7,4,14,7,1,
2024,2,8,401645346,2024-10-19,Army Black Knights,East Carolina Pirates,ARMY,ECU,45,28,home,17,,,23,9,1,8,5,1,
2024,2,8,401645347,2024-10-19,Navy Midshipmen,Charlotte 49ers,NAVY,CLT,51,17,home,34,,,28,7,2,9,10,1,
2024,2,8,401645348,2024-10-19,UTSA Roadrunners,Florida Atlantic Owls,UTSA,FAU,38,24,home,14,,,29,6,4,11,8,1,
2024,2,8,401645349,2024-10-19,Memphis Tigers,North Texas Mean Green,MEM,UNT,52,44,home,8,,,31,13,3,10,5,1,
2024,2,8,401645350,2024-10-19,Tulane Green Wave,Rice Owls,TULN,RICE,24,10,home,14,,,27,3,2,11,11,1,
2024,2,8,401645351,2024-10-19,Temple Owls,Tulsa Golden Hurricane,TEM,TLSA,20,10,home,10,,,23,3,3,11,6,1,
2024,2,8,401654474,2024-10-19,Dartmouth Big Green,Central Connecticut Blue Devils,DART,CCSU,20,16,home,4,,,19,4,5,6,4,1,
2024,2,8,401654491,2024-10-19,Pennsylvania Quakers,Columbia Lions,PENN,COLU,17,23,away,6,,,20,4,5,6,5,1,
2024,2,8,401654507,2024-10-19,Bucknell Bison,Cornell Big Red,BUCK,COR,21,34,away,13,,,29,6,2,12,9,1,
2024,2,8,401654540,2024-10-19,South Carolina State Bulldogs,Fort Valley State Wildcats,SCST,FVS,30,3,home,27,,,0,0,0,0,0,0,no drives
2024,2,8,401654561,2024-10-19,Southern Jaguars,Alcorn State Braves,SOU,ALCN,24,14,home,10,,,25,5,1,10,9,1,
2024,2,8,401654597,2024-10-19,Robert Morris Colonials,Long Island University Sharks,RMU,LIU,45,31,home,14,,,22,10,4,4,4,1,
2024,2,8,401654612,2024-10-19,Merrimack Warriors,Stonehill Skyhawks,MRMK,STO,48,28,home,20,,,22,10,2,4,6,1,
2024,2,8,401654618,2024-10-19,Yale Bulldogs,Lehigh Mountain Hawks,YALE,LEH,38,23,home,15,,,24,7,2,7,8,1,
2024,2,8,401654627,2024-10-19,Lafayette Leopards,Sacred Heart Pioneers,LAF,SHU,31,17,home,14,,,20,6,2,7,5,1,
2024,2,8,401654643,2024-10-19,Colgate Raiders,Georgetown Hoyas,COLG,GTWN,38,28,home,10,,,22,9,1,8,4,1,
2024,2,8,401654647,2024-10-19,Wagner Seahawks,St. Francis (PA) Red Flash,WAG,SFPA,14,0,home,14,,,25,2,0,16,7,1,
2024,2,8,401655635,2024-10-19,Howard Bison,Tennessee State Tigers,HOW,TNST,14,27,away,13,,,27,4,3,11,9,1,
2024,2,8,401675119,2024-10-19,SE Louisiana Lions,Stephen F. Austin Lumberjacks,SELA,SFA,24,23,home,1,,,16,5,4,7,0,1,
2024,2,8,401634106,2024-10-20,Sacramento State Hornets,Weber State Wildcats,SAC,WEB,51,48,home,3,,,27,11,6,5,5,1,
2024,2,8,401634209,2024-10-20,North Dakota State Bison,South Dakota State Jackrabbits,NDSU,SDST,13,9,home,4,,,20,3,3,11,3,1,
2024,2,8,401635590,2024-10-20,Stanford Cardinal,SMU Mustangs,STAN,SMU,10,40,away,30,,,29,6,3,12,8,1,
2024,2,8,401636903,2024-10-20,Utah Utes,TCU Horned Frogs,UTAH,TCU,7,13,away,6,,,29,2,3,19,5,1,
2024,2,8,401643734,2024-10-20,Air Force Falcons,Colorado State Rams,AFA,CSU,13,21,away,8,,,25,5,1,13,6,1,
2024,2,8,401643739,2024-10-20,Oregon State Beavers,UNLV Rebels,ORST,UNLV,25,33,away,8,,,22,6,5,7,4,1,
2024,2,9,401640984,2024-10-22,Florida International Panthers,Sam Houston Bearkats,FIU,SHSU,7,10,away,3,,,22,2,3,10,7,1,
2024,2,9,401640993,2024-10-23,Kennesaw State Owls,Liberty Flames,KENN,LIB,27,24,home,3,,,20,6,3,5,6,1,
2024,2,9,401641003,2024-10-23,Jacksonville State Gamecocks,Middle Tennessee Blue Raiders,JVST,MTSU,42,20,home,22,,,20,8,2,6,4,1,
2024,2,9,401641011,2024-10-23,Louisiana Tech Bulldogs,UTEP Miners,LT,UTEP,14,10,home,4,,,25,3,3,14,5,1,
2024,2,9,401634770,2024-10-24,Pittsburgh Panthers,Syracuse Orange,PITT,SYR,41,13,home,28,,,23,4,3,8,8,1,
2024,2,9,401643815,2024-10-24,Old Dominion Monarchs,Georgia Southern Eagles,ODU,GASO,47,19,home,28,,,25,8,3,9,5,1,
2024,2,9,401634771,2024-10-25,Boston College Eagles,Louisville Cardinals,BC,LOU,27,31,away,4,,,27,8,2,10,7,1,
2024,2,9,401673036,2024-10-25,Pennsylvania Quakers,Yale Bulldogs,PENN,YALE,10,31,away,21,,,22,5,2,9,6,1,
2024,2,9,401628400,2024-10-26,Alabama Crimson Tide,Missouri Tigers,ALA,MIZ,34,0,home,34,,,24,4,2,12,6,1,
2024,2,9,401628401,2024-10-26,Kentucky Wildcats,Auburn Tigers,UK,AUB,10,24,away,14,,,19,4,3,7,5,1,
2024,2,9,401628402,2024-10-26,Ole Miss Rebels,Oklahoma Sooners,MISS,OU,26,14,home,12,,,25,5,2,9,9,1,
2024,2,9,401628403,2024-10-26,Mississippi State Bulldogs,Arkansas Razorbacks,MSST,ARK,25,58,away,33,,,26,10,5,1,10,1,
2024,2,9,401628404,2024-10-26,Texas A&M Aggies,LSU Tigers,TA&M,LSU,38,23,home,15,,,28,8,4,7,9,1,
2024,2,9,401628405,2024-10-26,Vanderbilt Commodores,Texas Longhorns,VAN,TEX,24,27,away,3,,,24,6,3,9,6,1,
2024,2,9,401628525,2024-10-26,Oregon Ducks,Illinois Fighting Illini,ORE,ILL,38,9,home,29,,,22,6,2,5,9,1,
2024,2,9,401628526,2024-10-26,Indiana Hoosiers,Washington Huskies,IU,WASH,31,17,home,14,,,22,5,2,8,7,1,
2024,2,9,401628527,2024-10-26,Iowa Hawkeyes,Northwestern Wildcats,IOWA,NU,40,14,home,26,,,29,4,2,16,7,1,
2024,2,9,401628528,2024-10-26,Minnesota Golden Gophers,Maryland Terrapins,MINN,MD,48,23,home,25,,,23,8,3,6,6,1,
2024,2,9,401628529,2024-10-26,Michigan Wolverines,Michigan State Spartans,MICH,MSU,24,17,home,7,,,20,5,3,8,4,1,
2024,2,9,401628530,2024-10-26,Ohio State Buckeyes,Nebraska Cornhuskers,OSU,NEB,21,17,home,4,,,24,4,4,11,5,1,
2024,2,9,401628531,2024-10-26,Wisconsin Badgers,Penn State Nittany Lions,WIS,PSU,13,28,away,15,,,21,4,2,10,5,1,
2024,2,9,401628532,2024-10-26,USC Trojans,Rutgers Scarlet Knights,USC,RUTG,42,20,home,22,,,20,8,2,6,4,1,
2024,2,9,401628662,2024-10-26,Delaware Blue Hens,UAlbany Great Danes,DEL,ALB,28,14,home,14,,,20,6,3,8,3,1,
2024,2,9,401628663,2024-10-26,Bryant Bulldogs,Richmond Spiders,BRY,RICH,14,41,away,27,,,0,0,0,0,0,0,no drives
2024,2,9,401628664,2024-10-26,Campbell Fighting Camels,North Carolina A&T Aggies,CAM,NCAT,21,7,home,14,,,19,4,2,7,6,1,
2024,2,9,401628665,2024-10-26,Hampton Pirates,Elon Phoenix,HAMP,ELON,41,21,home,20,,,31,8,2,16,5,1,
2024,2,9,401628666,2024-10-26,Rhode Island Rams,Maine Black Bears,URI,ME,24,14,home,10,,,22,5,1,12,4,1,
2024,2,9,401628667,2024-10-26,Monmouth Hawks,Towson Tigers,MONM,TOW,14,26,away,12,,,18,5,2,6,5,1,
2024,2,9,401628668,2024-10-26,Villanova Wildcats,New Hampshire Wildcats,VILL,UNH,14,6,home,8,,,19,2,3,7,7,1,
2024,2,9,401628669,2024-10-26,Stony Brook Seawolves,William & Mary Tribe,STBK,W&M,35,13,home,22,,,0,0,0,0,0,0,no drives
2024,2,9,401628983,2024-10-26,Navy Midshipmen,Notre Dame Fighting Irish,NAVY,ND,14,51,away,37,,,21,8,3,4,6,1,
2024,2,9,401629035,2024-10-26,UConn Huskies,Rice Owls,CONN,RICE,17,10,home,7,,,30,2,3,20,5,1,
2024,2,9,401632116,2024-10-26,West Georgia Wolves,Southern Utah Thunderbirds,WES,SUU,17,28,away,11,,,20,6,2,7,5,1,
2024,2,9,401632120,2024-10-26,Eastern Kentucky Colonels,Utah Tech Trailblazers,EKU,UTU,28,17,home,11,,,22,5,2,12,3,1,
2024,2,9,401632122,2024-10-26,Austin Peay Governors,Tarleton State Texans,APSU,TAR,17,27,away,10,,,25,5,4,5,11,1,
2024,2,9,401632123,2024-10-26,Central Arkansas Bears,North Alabama Lions,CARK,UNA,24,19,home,5,,,26,6,1,13,6,1,
2024,2,9,401632465,2024-10-26,Chattanooga Mocs,VMI Keydets,UTC,VMI,31,10,home,21,,,22,5,2,10,5,1,
2024,2,9,401633995,2024-10-26,Tennessee Tech Golden Eagles,Charleston Southern Buccaneers,TNTC,CHSO,28,23,home,5,,,27,6,4,11,6,1,
2024,2,9,401633996,2024-10-26,UT Martin Skyhawks,Eastern Illinois Panthers,UTM,EIU,52,17,home,35,,,23,8,2,7,6,1,
2024,2,9,401633997,2024-10-26,Southeast Missouri State Redhawks,Gardner-Webb Runnin' Bulldogs,SEMO,GWEB,30,24,home,6,,,30,6,5,13,6,1,
2024,2,9,401633998,2024-10-26,Lindenwood Lions,Western Illinois Leathernecks,LIN,WIU,49,38,home,11,,,20,13,1,3,3,1,
2024,2,9,401634017,2024-10-26,Northwestern State Demons,Lamar Cardinals,NWST,LAM,10,42,away,32,,,22,7,2,6,7,1,
2024,2,9,401634026,2024-10-26,Nicholls Colonels,McNeese Cowboys,NICH,MCN,24,19,home,5,,,23,5,3,10,5,1,
2024,2,9,401634032,2024-10-26,SE Louisiana Lions,Incarnate Word Cardinals,SELA,UIW,31,34,away,3,,,23,5,4,8,6,1,
2024,2,9,401634108,2024-10-26,Idaho State Bengals,Sacramento State Hornets,IDST,SAC,30,27,home,3,,,18,6,4,3,5,1,
2024,2,9,401634109,2024-10-26,Northern Colorado Bears,Montana Grizzlies,UNCO,MONT,0,24,away,24,,,19,3,2,8,6,1,
2024,2,9,401634138,2024-10-26,Wofford Terriers,East Tennessee State Buccaneers,WOF,ETSU,7,24,away,17,,,22,3,4,8,7,1,
2024,2,9,401634149,2024-10-26,Mercer Bears,Western Carolina Catamounts,MER,WCU,44,34,home,10,,,27,9,6,7,5,1,
2024,2,9,401634176,2024-10-26,Indiana State Sycamores,Southern Illinois Salukis,INST,SIU,20,17,home,3,,,21,4,1,8,8,1,
2024,2,9,401634185,2024-10-26,Northern Iowa Panthers,Missouri State Bears,UNI,MOST,42,49,away,7,,,21,13,0,5,3,1,
2024,2,9,401634194,2024-10-26,Murray State Racers,North Dakota State Bison,MUR,NDSU,6,59,away,53,,,24,7,6,2,9,1,
2024,2,9,401634203,2024-10-26,Youngstown State Penguins,North Dakota Fighting Hawks,YSU,UND,41,40,home,1,,,20,11,2,4,3,1,
2024,2,9,401634218,2024-10-26,South Dakota State Jackrabbits,South Dakota Coyotes,SDST,SDAK,20,17,home,3,,,24,4,3,12,5,1,
2024,2,9,401634255,2024-10-26,Alabama A&M Bulldogs,Alabama State Hornets,AAMU,ALST,19,27,away,8,,,0,0,0,0,0,0,no drives
2024,2,9,401635594,2024-10-26,California Golden Bears,Oregon State Beavers,CAL,ORST,44,7,home,37,,,20,4,6,5,5,1,
2024,2,9,401635596,2024-10-26,Miami Hurricanes,Florida State Seminoles,MIA,FSU,36,14,home,22,,,17,6,3,4,4,1,
2024,2,9,401635597,2024-10-26,Virginia Tech Hokies,Georgia Tech Yellow Jackets,VT,GT,21,6,home,15,,,29,3,3,17,6,1,
2024,2,9,401635598,2024-10-26,Virginia Cavaliers,North Carolina Tar Heels,UVA,UNC,14,41,away,27,,,23,5,5,6,7,1,
2024,2,9,401635599,2024-10-26,Stanford Cardinal,Wake Forest Demon Deacons,STAN,WAKE,24,27,away,3,,,24,5,4,6,9,1,
2024,2,9,401636359,2024-10-26,Arkansas-Pine Bluff Golden Lions,Mississippi Valley State Delta Devils,UAPB,MVSU,35,21,home,14,,,16,9,1,4,2,1,
2024,2,9,401636367,2024-10-26,Bethune-Cookman Wildcats,Jackson State Tigers,BCU,JKST,17,37,away,20,,,19,6,4,7,2,1,
2024,2,9,401636376,2024-10-26,Florida A&M Rattlers,Southern Jaguars,FAMU,SOU,24,6,home,18,,,22,2,4,11,5,1,
2024,2,9,401636385,2024-10-26,Texas Southern Tigers,Grambling Tigers,TXSO,GRAM,24,17,home,7,,,20,5,3,9,3,1,
2024,2,9,401636905,2024-10-26,Arizona Wildcats,West Virginia Mountaineers,ARIZ,WVU,26,31,away,5,,,18,8,1,6,3,1,
2024,2,9,401636906,2024-10-26,Baylor Bears,Oklahoma State Cowboys,BAY,OKST,38,28,home,10,,,25,8,3,8,6,1,
2024,2,9,401636908,2024-10-26,Houston Cougars,Utah Utes,HOU,UTAH,17,14,home,3,,,27,4,3,14,6,1,
2024,2,9,401636910,2024-10-26,TCU Horned Frogs,Texas Tech Red Raiders,TCU,TTU,35,34,home,1,,,28,9,3,9,7,1,
2024,2,9,401636911,2024-10-26,UCF Knights,BYU Cougars,UCF,BYU,24,37,away,13,,,22,7,4,6,5,1,
2024,2,9,401638347,2024-10-26,The Citadel Bulldogs,Samford Bulldogs,CIT,SAM,28,11,home,17,,,25,5,5,9,6,1,
2024,2,9,401638678,2024-10-26,Davidson Wildcats,Butler Bulldogs,DAV,BUT,38,48,away,10,,,25,10,4,5,6,1,
2024,2,9,401638679,2024-10-26,Dayton Flyers,Morehead State Eagles,DAY,MORE,6,14,away,8,,,23,2,5,10,6,1,
2024,2,9,401638680,2024-10-26,Stetson Hatters,Presbyterian Blue Hose,STET,PRES,14,42,away,28,,,23,8,1,7,7,1,
2024,2,9,401638681,2024-10-26,St. Thomas-Minnesota Tommies,San Diego Toreros,STMN,USD,34,14,home,20,,,21,6,2,4,9,1,
2024,2,9,401638682,2024-10-26,Marist Red Foxes,Valparaiso Beacons,MRST,VAL,14,17,away,3,,,22,4,1,11,6,1,
2024,2,9,401643740,2024-10-26,UNLV Rebels,Boise State Broncos,UNLV,BOIS,24,29,away,5,,,21,6,5,8,2,1,
2024,2,9,401643741,2024-10-26,Colorado State Rams,New Mexico Lobos,CSU,UNM,17,6,home,11,,,21,1,5,9,6,1,
2024,2,9,401643745,2024-10-26,Wyoming Cowboys,Utah State Aggies,WYO,USU,25,27,away,2,,,24,5,6,9,4,1,
2024,2,9,401643816,2024-10-26,App State Mountaineers,Georgia State Panthers,APP,GAST,33,26,home,7,,,20,7,4,5,4,1,
2024,2,9,401643817,2024-10-26,James Madison Dukes,Southern Miss Golden Eagles,JMU,USM,32,15,home,17,,,30,4,4,14,8,1,
2024,2,9,401643818,2024-10-26,Arkansas State Red Wolves,Troy Trojans,ARST,TROY,34,31,home,3,,,25,7,5,5,8,1,
2024,2,9,401643819,2024-10-26,South Alabama Jaguars,UL Monroe Warhawks,USA,ULM,46,17,home,29,,,26,8,2,9,7,1,
2024,2,9,401644601,2024-10-26,Harvard Crimson,Princeton Tigers,HARV,PRIN,45,13,home,32,,,0,0,0,0,0,0,no drives
2024,2,9,401644687,2024-10-26,Miami (OH) RedHawks,Central Michigan Chippewas,M-OH,CMU,46,7,home,39,,,23,5,7,8,3,1,
2024,2,9,401644752,2024-10-26,Akron Zips,Eastern Michigan Eagles,AKR,EMU,25,21,home,4,,,22,6,2,8,6,1,
2024,2,9,401644753,2024-10-26,Ball State Cardinals,Northern Illinois Huskies,BALL,NIU,25,23,home,2,,,24,5,6,7,6,1,
2024,2,9,401644754,2024-10-26,Toledo Rockets,Bowling Green Falcons,TOL,BGSU,26,41,away,15,,,24,7,4,8,5,1,
2024,2,9,401644755,2024-10-26,Ohio Bobcats,Buffalo Bulls,OHIO,BUFF,47,16,home,31,,,22,7,3,4,8,1,
2024,2,9,401644756,2024-10-26,Western Michigan Broncos,Kent State Golden Flashes,WMU,KENT,52,21,home,31,,,27,10,1,9,7,1,
2024,2,9,401645308,2024-10-26,Massachusetts Minutemen,Wagner Seahawks,MASS,WAG,35,7,home,28,,,18,5,0,7,6,1,
2024,2,9,401645352,2024-10-26,East Carolina Pirates,Temple Owls,ECU,TEM,56,34,home,22,,,29,12,1,8,8,1,
2024,2,9,401645353,2024-10-26,Memphis Tigers,Charlotte 49ers,MEM,CLT,33,28,home,5,,,24,8,2,7,7,1,
2024,2,9,401645354,2024-10-26,North Texas Mean Green,Tulane Green Wave,UNT,TULN,37,45,away,8,,,27,11,2,7,7,1,
2024,2,9,401645355,2024-10-26,Tulsa Golden Hurricane,UTSA Roadrunners,TLSA,UTSA,46,45,home,1,,,35,10,2,15,8,1,
2024,2,9,401654458,2024-10-26,Brown Bears,Cornell Big Red,BRWN,COR,23,21,home,2,,,25,5,4,11,5,1,
2024,2,9,401654492,2024-10-26,Columbia Lions,Dartmouth Big Green,COLU,DART,21,24,away,3,,,24,6,2,10,6,1,
2024,2,9,401654500,2024-10-26,South Carolina State Bulldogs,Delaware State Hornets,SCST,DSU,69,35,home,34,,,29,13,1,9,6,1,
2024,2,9,401654514,2024-10-26,North Carolina Central Eagles,Morgan State Bears,NCCU,MORG,16,7,home,9,,,22,3,2,11,6,1,
2024,2,9,401654552,2024-10-26,Norfolk State Spartans,Howard Bison,NORF,HOW,21,20,home,1,,,15,4,5,2,4,1,
2024,2,9,401654570,2024-10-26,Prairie View A&M Panthers,East Texas A&M Lions,PV,ETAM,34,27,home,7,,,27,7,4,7,9,1,
2024,2,9,401654577,2024-10-26,Long Island University Sharks,Central Connecticut Blue Devils,LIU,CCSU,24,21,home,3,,,20,6,1,6,7,1,
2024,2,9,401654591,2024-10-26,Stonehill Skyhawks,Duquesne Dukes,STO,DUQ,34,48,away,14,,,20,9,2,4,5,1,
2024,2,9,401654608,2024-10-26,Robert Morris Colonials,St. Francis (PA) Red Flash,RMU,SFPA,17,0,home,17,,,23,2,1,16,4,1,
2024,2,9,401654613,2024-10-26,Merrimack Warriors,Colgate Raiders,MRMK,COLG,51,17,home,34,,,23,10,3,4,6,1,
2024,2,9,401654619,2024-10-26,Lehigh Mountain Hawks,Fordham Rams,LEH,FOR,33,19,home,14,,,26,6,2,12,6,1,
2024,2,9,401654628,2024-10-26,Lafayette Leopards,Holy Cross Crusaders,LAF,HC,28,34,away,6,,,20,8,4,4,4,1,
2024,2,9,401654644,2024-10-26,Georgetown Hoyas,Bucknell Bison,GTWN,BUCK,21,20,home,1,,,26,5,3,13,5,1,
2024,2,9,401656951,2024-10-26,Sacred Heart Pioneers,Mercyhurst Lakers,SHU,MERC,31,14,home,17,,,22,7,1,7,7,1,
2024,2,9,401675120,2024-10-26,Stephen F. Austin Lumberjacks,Houston Christian Huskies,SFA,HCU,55,6,home,49,,,26,6,4,10,6,1,
2024,2,9,401634107,2024-10-27,Idaho Vandals,Eastern Washington Eagles,IDHO,EWU,38,28,home,10,,,0,0,0,0,0,0,no drives
2024,2,9,401635595,2024-10-27,Duke Blue Devils,SMU Mustangs,DUKE,SMU,27,28,away,1,,,27,8,2,7,10,1,
2024,2,9,401636907,2024-10-27,Colorado Buffaloes,Cincinnati Bearcats,COLO,CIN,34,23,home,11,,,19,7,3,6,3,1,
2024,2,9,401636909,2024-10-27,Kansas State Wildcats,Kansas Jayhawks,KSU,KU,29,27,home,2,,,25,7,2,8,8,1,
2024,2,9,401643742,2024-10-27,Fresno State Bulldogs,San José State Spartans,FRES,SJSU,33,10,home,23,,,26,5,4,9,8,1,
2024,2,9,401643743,2024-10-27,Hawai'i Rainbow Warriors,Nevada Wolf Pack,HAW,NEV,34,13,home,21,,,19,6,3,2,8,1,
2024,2,9,401643744,2024-10-27,San Diego State Aztecs,Washington State Cougars,SDSU,WSU,26,29,away,3,,,23,6,2,7,8,1,
2024,2,10,401640985,2024-10-29,Florida International Panthers,New Mexico State Aggies,FIU,NMSU,34,13,home,21,,,25,5,4,10,6,1,
2024,2,10,401643820,2024-10-29,Texas State Bobcats,Louisiana Ragin' Cajuns,TXST,UL,17,23,away,6,,,19,3,6,5,5,1,
2024,2,10,401640994,2024-10-30,Liberty Flames,Jacksonville State Gamecocks,LIB,JVST,21,31,away,10,,,24,7,2,9,6,1,
2024,2,10,401641012,2024-10-30,Sam Houston Bearkats,Louisiana Tech Bulldogs,SHSU,LT,9,3,home,6,,,26,1,2,11,12,1,
2024,2,10,401641020,2024-10-30,Western Kentucky Hilltoppers,Kennesaw State Owls,WKU,KENN,31,14,home,17,,,23,6,1,11,5,1,
2024,2,10,401645356,2024-10-31,Charlotte 49ers,Tulane Green Wave,CLT,TULN,3,34,away,31,,,17,3,3,5,6,1,
2024,2,10,401654541,2024-10-31,South Carolina State Bulldogs,North Carolina Central Eagles,SCST,NCCU,24,21,home,3,,,21,6,1,8,6,1,
2024,2,10,401629036,2024-11-01,UConn Huskies,Georgia State Panthers,CONN,GAST,34,27,home,7,,,22,7,4,6,5,1,
2024,2,10,401645357,2024-11-01,Florida Atlantic Owls,South Florida Bulls,FAU,USF,21,44,away,23,,,29,9,4,9,7,1,
2024,2,10,401654493,2024-11-01,Columbia Lions,Yale Bulldogs,COLU,YALE,13,10,home,3,,,17,2,4,7,4,1,
2024,2,10,401628406,2024-11-02,Arkansas Razorbacks,Ole Miss Rebels,ARK,MISS,31,63,away,32,,,25,12,2,6,5,1,
2024,2,10,401628407,2024-11-02,Auburn Tigers,Vanderbilt Commodores,AUB,VAN,7,17,away,10,,,24,3,3,14,4,1,
2024,2,10,401628408,2024-11-02,Georgia Bulldogs,Florida Gators,UGA,FLA,34,20,home,14,,,31,6,4,13,8,1,
2024,2,10,401628409,2024-11-02,Mississippi State Bulldogs,Massachusetts Minutemen,MSST,MASS,45,20,home,25,,,21,8,3,7,3,1,
2024,2,10,401628410,2024-11-02,Oklahoma Sooners,Maine Black Bears,OU,ME,59,14,home,45,,,23,10,1,8,4,1,
2024,2,10,401628411,2024-11-02,South Carolina Gamecocks,Texas A&M Aggies,SC,TA&M,44,20,home,24,,,29,7,5,9,8,1,
2024,2,10,401628412,2024-11-02,Tennessee Volunteers,Kentucky Wildcats,TENN,UK,28,18,home,10,,,25,6,4,7,8,1,
2024,2,10,401628533,2024-11-02,Illinois Fighting Illini,Minnesota Golden Gophers,ILL,MINN,17,25,away,8,,,22,4,6,7,5,1,
2024,2,10,401628534,2024-11-02,Michigan State Spartans,Indiana Hoosiers,MSU,IU,10,47,away,37,,,24,7,2,8,7,1,
2024,2,10,401628535,2024-11-02,Iowa Hawkeyes,Wisconsin Badgers,IOWA,WIS,42,10,home,32,,,22,7,2,9,4,1,
2024,2,10,401628536,2024-11-02,Michigan Wolverines,Oregon Ducks,MICH,ORE,17,38,away,21,,,20,7,2,8,3,1,
2024,2,10,401628537,2024-11-02,Nebraska Cornhuskers,UCLA Bruins,NEB,UCLA,20,27,away,7,,,21,5,2,8,6,1,
2024,2,10,401628538,2024-11-02,Purdue Boilermakers,Northwestern Wildcats,PUR,NU,20,26,away,6,,,21,5,4,7,5,1,
2024,2,10,401628539,2024-11-02,Penn State Nittany Lions,Ohio State Buckeyes,PSU,OSU,13,20,away,7,,,18,2,4,6,6,1,
2024,2,10,401628540,2024-11-02,Washington Huskies,USC Trojans,WASH,USC,26,21,home,5,,,22,6,3,6,7,1,
2024,2,10,401628670,2024-11-02,North Carolina A&T Aggies,William & Mary Tribe,NCAT,W&M,7,45,away,38,,,19,7,1,6,5,1,
2024,2,10,401628671,2024-11-02,Hampton Pirates,Villanova Wildcats,HAMP,VILL,14,20,away,6,,,27,4,3,15,5,1,
2024,2,10,401628672,2024-11-02,Richmond Spiders,Towson Tigers,RICH,TOW,35,24,home,11,,,23,5,6,5,7,1,
2024,2,10,401628673,2024-11-02,Bryant Bulldogs,Stony Brook Seawolves,BRY,STBK,30,31,away,1,,,21,6,3,7,5,1,
2024,2,10,401628674,2024-11-02,Rhode Island Rams,Monmouth Hawks,URI,MONM,37,28,home,9,,,24,8,2,6,8,1,
2024,2,10,401628675,2024-11-02,UAlbany Great Danes,New Hampshire Wildcats,ALB,UNH,14,31,away,17,,,20,5,1,8,6,1,
2024,2,10,401628676,2024-11-02,Elon Phoenix,Campbell Fighting Camels,ELON,CAM,50,27,home,23,,,23,10,2,8,3,1,
2024,2,10,401632124,2024-11-02,Tarleton State Texans,Eastern Kentucky Colonels,TAR,EKU,13,17,away,4,,,23,3,3,8,9,1,
2024,2,10,401632125,2024-11-02,Utah Tech Trailblazers,Central Arkansas Bears,UTU,CARK,34,21,home,13,,,0,0,0,0,0,0,no drives
2024,2,10,401632126,2024-11-02,North Alabama Lions,Austin Peay Governors,UNA,APSU,17,31,away,14,,,21,6,5,5,5,1,
2024,2,10,401632128,2024-11-02,Abilene Christian Wildcats,Southern Utah Thunderbirds,ACU,SUU,28,25,home,3,,,21,7,2,8,4,1,
2024,2,10,401632466,2024-11-02,Western Carolina Catamounts,Chattanooga Mocs,WCU,UTC,38,34,home,4,,,29,9,4,10,6,1,
2024,2,10,401633999,2024-11-02,Charleston Southern Buccaneers,Gardner-Webb Runnin' Bulldogs,CHSO,GWEB,14,17,away,3,,,24,4,2,9,9,1,
2024,2,10,401634000,2024-11-02,Eastern Illinois Panthers,Western Illinois Leathernecks,EIU,WIU,45,38,home,7,,,19,11,2,5,1,1,
2024,2,10,401634001,2024-11-02,Tennessee Tech Golden Eagles,Lindenwood Lions,TNTC,LIN,52,10,home,42,,,22,7,2,8,5,1,
2024,2,10,401634002,2024-11-02,Tennessee State Tigers,UT Martin Skyhawks,TNST,UTM,21,28,away,7,,,23,6,1,11,5,1,
2024,2,10,401634025,2024-11-02,Lamar Cardinals,SE Louisiana Lions,LAM,SELA,27,30,away,3,,,25,6,3,10,6,1,
2024,2,10,401634035,2024-11-02,Incarnate Word Cardinals,Houston Christian Huskies,UIW,HCU,45,20,home,25,,,32,8,3,13,8,1,
2024,2,10,401634110,2024-11-02,Cal Poly Mustangs,Montana Grizzlies,CP,MONT,7,42,away,35,,,26,6,0,10,10,1,
2024,2,10,401634111,2024-11-02,Eastern Washington Eagles,Montana State Bobcats,EWU,MTST,28,42,away,14,,,22,10,0,5,7,1,
2024,2,10,401634112,2024-11-02,Northern Arizona Lumberjacks,Weber State Wildcats,NAU,WEB,27,6,home,21,,,23,4,4,9,6,1,
2024,2,10,401634113,2024-11-02,UC Davis Aggies,Northern Colorado Bears,UCD,UNCO,59,7,home,52,,,27,9,3,9,6,1,
2024,2,10,401634139,2024-11-02,Mercer Bears,East Tennessee State Buccaneers,MER,ETSU,37,31,home,6,,,33,5,4,17,7,1,
2024,2,10,401634155,2024-11-02,Samford Bulldogs,Wofford Terriers,SAM,WOF,13,17,away,4,,,21,3,4,9,5,1,
2024,2,10,401634165,2024-11-02,Illinois State Redbirds,Youngstown State Penguins,ILST,YSU,23,16,home,7,,,20,5,2,7,6,1,
2024,2,10,401634177,2024-11-02,Indiana State Sycamores,North Dakota Fighting Hawks,INST,UND,35,31,home,4,,,20,8,1,6,5,1,
2024,2,10,401634186,2024-11-02,Missouri State Bears,Southern Illinois Salukis,MOST,SIU,38,17,home,21,,,29,7,2,13,7,1,
2024,2,10,401634195,2024-11-02,South Dakota State Jackrabbits,Murray State Racers,SDST,MUR,52,6,home,46,,,22,7,4,6,5,1,
2024,2,10,401634210,2024-11-02,North Dakota State Bison,Northern Iowa Panthers,NDSU,UNI,42,19,home,23,,,16,11,1,2,2,1,
2024,2,10,401634256,2024-11-02,Alabama A&M Bulldogs,Southern Jaguars,AAMU,SOU,20,25,away,5,,,25,5,5,12,3,1,
2024,2,10,401635516,2024-11-02,NC State Wolfpack,Stanford Cardinal,NCSU,STAN,59,28,home,31,,,24,12,1,4,7,1,
2024,2,10,401635600,2024-11-02,Clemson Tigers,Louisville Cardinals,CLEM,LOU,21,33,away,12,,,23,6,7,7,3,1,
2024,2,10,401635601,2024-11-02,Miami Hurricanes,Duke Blue Devils,MIA,DUKE,53,31,home,22,,,30,11,2,9,8,1,
2024,2,10,401635602,2024-11-02,Florida State Seminoles,North Carolina Tar Heels,FSU,UNC,11,35,away,24,,,21,6,2,8,5,1,
2024,2,10,401635604,2024-11-02,Syracuse Orange,Virginia Tech Hokies,SYR,VT,38,31,home,7,,,27,9,2,10,6,1,
2024,2,10,401636349,2024-11-02,Alabama State Hornets,Alcorn State Braves,ALST,ALCN,21,17,home,4,,,0,0,0,0,0,0,no drives
2024,2,10,401636360,2024-11-02,Jackson State Tigers,Arkansas-Pine Bluff Golden Lions,JKST,UAPB,41,3,home,38,,,20,5,5,4,6,1,
2024,2,10,401636368,2024-11-02,Bethune-Cookman Wildcats,Grambling Tigers,BCU,GRAM,24,21,home,3,,,24,5,2,10,7,1,
2024,2,10,401636377,2024-11-02,Florida A&M Rattlers,Texas Southern Tigers,FAMU,TXSO,52,28,home,24,,,0,0,0,0,0,0,no drives
2024,2,10,401636913,2024-11-02,Houston Cougars,Kansas State Wildcats,HOU,KSU,24,19,home,5,,,26,5,3,11,7,1,
2024,2,10,401636914,2024-11-02,Iowa State Cyclones,Texas Tech Red Raiders,ISU,TTU,22,23,away,1,,,25,5,5,8,7,1,
2024,2,10,401636915,2024-11-02,Oklahoma State Cowboys,Arizona State Sun Devils,OKST,ASU,21,42,away,21,,,22,9,1,8,4,1,
2024,2,10,401636916,2024-11-02,UCF Knights,Arizona Wildcats,UCF,ARIZ,56,12,home,44,,,20,10,1,6,3,1,
2024,2,10,401638348,2024-11-02,VMI Keydets,Furman Paladins,VMI,FUR,21,17,home,4,,,23,5,3,8,7,1,
2024,2,10,401638683,2024-11-02,San Diego Toreros,Davidson Wildcats,USD,DAV,40,13,home,27,,,21,6,4,7,4,1,
2024,2,10,401638684,2024-11-02,Presbyterian Blue Hose,Dayton Flyers,PRES,DAY,28,7,home,21,,,21,3,4,5,9,1,
2024,2,10,401638685,2024-11-02,Drake Bulldogs,Marist Red Foxes,DRKE,MRST,19,0,home,19,,,19,2,3,5,9,1,
2024,2,10,401638686,2024-11-02,Butler Bulldogs,Stetson Hatters,BUT,STET,46,13,home,33,,,18,7,1,3,7,1,
2024,2,10,401638687,2024-11-02,Morehead State Eagles,St. Thomas-Minnesota Tommies,MORE,STMN,21,7,home,14,,,25,4,1,12,8,1,
2024,2,10,401641026,2024-11-02,UTEP Miners,Middle Tennessee Blue Raiders,UTEP,MTSU,13,20,away,7,,,26,3,5,11,7,1,
2024,2,10,401643746,2024-11-02,Army Black Knights,Air Force Falcons,ARMY,AFA,20,3,home,17,,,16,1,3,8,4,1,
2024,2,10,401643747,2024-11-02,Boise State Broncos,San Diego State Aztecs,BOIS,SDSU,56,24,home,32,,,21,10,1,6,4,1,
2024,2,10,401643749,2024-11-02,Fresno State Bulldogs,Hawai'i Rainbow Warriors,FRES,HAW,20,21,away,1,,,21,5,0,11,5,1,
2024,2,10,401643750,2024-11-02,New Mexico Lobos,Wyoming Cowboys,UNM,WYO,45,49,away,4,,,26,12,2,6,6,1,
2024,2,10,401643821,2024-11-02,App State Mountaineers,Old Dominion Monarchs,APP,ODU,28,20,home,8,,,21,6,2,4,9,1,
2024,2,10,401643822,2024-11-02,Marshall Thundering Herd,UL Monroe Warhawks,MRSH,ULM,28,23,home,5,,,22,7,4,7,4,1,
2024,2,10,401643823,2024-11-02,South Alabama Jaguars,Georgia Southern Eagles,USA,GASO,30,34,away,4,,,22,8,3,7,4,1,
2024,2,10,401643824,2024-11-02,Troy Trojans,Coastal Carolina Chanticleers,TROY,CCU,38,24,home,14,,,21,8,2,6,5,1,
2024,2,10,401644602,2024-11-02,Dartmouth Big Green,Harvard Crimson,DART,HARV,27,31,away,4,,,23,7,3,10,3,1,
2024,2,10,401644757,2024-11-02,Akron Zips,Buffalo Bulls,AKR,BUFF,30,41,away,11,,,29,9,2,9,9,1,
2024,2,10,401644758,2024-11-02,Eastern Michigan Eagles,Toledo Rockets,EMU,TOL,28,29,away,1,,,31,7,5,13,6,1,
2024,2,10,401645358,2024-11-02,UAB Blazers,Tulsa Golden Hurricane,UAB,TLSA,59,21,home,38,,,27,10,2,11,4,1,
2024,2,10,401645359,2024-11-02,UTSA Roadrunners,Memphis Tigers,UTSA,MEM,44,36,home,8,,,30,10,6,6,8,1,
2024,2,10,401645360,2024-11-02,Rice Owls,Navy Midshipmen,RICE,NAVY,24,10,home,14,,,24,4,3,9,8,1,
2024,2,10,401654459,2024-11-02,Brown Bears,Pennsylvania Quakers,BRWN,PENN,28,38,away,10,,,24,9,4,8,3,1,
2024,2,10,401654466,2024-11-02,Princeton Tigers,Cornell Big Red,PRIN,COR,35,49,away,14,,,24,12,0,5,7,1,
2024,2,10,401654501,2024-11-02,Howard Bison,Delaware State Hornets,HOW,DSU,38,0,home,38,,,19,5,2,6,6,1,
2024,2,10,401654515,2024-11-02,Morgan State Bears,Norfolk State Spartans,MORG,NORF,38,37,home,1,,,0,0,0,0,0,0,no drives
2024,2,10,401654571,2024-11-02,Mississippi Valley State Delta Devils,Prairie View A&M Panthers,MVSU,PV,16,17,away,1,,,22,4,6,9,3,1,
2024,2,10,401654578,2024-11-02,Central Connecticut Blue Devils,Wagner Seahawks,CCSU,WAG,24,14,home,10,,,20,5,1,10,4,1,
2024,2,10,401654592,2024-11-02,Duquesne Dukes,Mercyhurst Lakers,DUQ,MERC,31,24,home,7,,,22,7,3,6,6,1,
2024,2,10,401654609,2024-11-02,Robert Morris Colonials,Merrimack Warriors,RMU,MRMK,6,0,home,6,,,18,1,2,9,6,1,
2024,2,10,401654620,2024-11-02,Georgetown Hoyas,Lehigh Mountain Hawks,GTWN,LEH,6,43,away,37,,,28,5,3,10,10,1,
2024,2,10,401654629,2024-11-02,Bucknell Bison,Lafayette Leopards,BUCK,LAF,21,14,home,7,,,21,5,0,8,8,1,
2024,2,10,401654648,2024-11-02,St. Francis (PA) Red Flash,Stonehill Skyhawks,SFPA,STO,34,0,home,34,,,22,5,2,11,4,1,
2024,2,10,401656602,2024-11-02,Fordham Rams,Colgate Raiders,FOR,COLG,20,14,home,6,,,25,5,0,11,9,1,
2024,2,10,401675121,2024-11-02,Nicholls Colonels,Stephen F. Austin Lumberjacks,NICH,SFA,12,28,away,16,,,31,5,3,11,12,1,
2024,2,10,401693680,2024-11-02,West Georgia Wolves,Lincoln (CA) Oaklanders,WES,LCLN,88,12,home,76,,,0,0,0,0,0,0,no drives
2024,2,10,401634020,2024-11-03,McNeese Cowboys,East Texas A&M Lions,MCN,ETAM,31,3,home,28,,,26,4,3,10,9,1,
2024,2,10,401634114,2024-11-03,Sacramento State Hornets,Portland State Vikings,SAC,PRST,38,58,away,20,,,22,13,2,4,3,1,
2024,2,10,401635627,2024-11-03,SMU Mustangs,Pittsburgh Panthers,SMU,PITT,48,25,home,23,,,29,9,4,11,5,1,
2024,2,10,401636912,2024-11-03,Baylor Bears,TCU Horned Frogs,BAY,TCU,37,34,home,3,,,21,9,3,8,1,1,
2024,2,10,401643748,2024-11-03,Nevada Wolf Pack,Colorado State Rams,NEV,CSU,21,38,away,17,,,20,6,3,7,4,1,
2024,2,11,401644688,2024-11-06,Ball State Cardinals,Miami (OH) RedHawks,BALL,M-OH,21,27,away,6,,,21,4,4,8,5,1,
2024,2,11,401644760,2024-11-06,Central Michigan Chippewas,Bowling Green Falcons,CMU,BGSU,13,23,away,10,,,21,4,4,10,3,1,
2024,2,11,401644761,2024-11-07,Kent State Golden Flashes,Ohio Bobcats,KENT,OHIO,0,41,away,41,,,23,3,3,12,5,1,
2024,2,11,401644762,2024-11-07,Western Michigan Broncos,Northern Illinois Huskies,WMU,NIU,28,42,away,14,,,21,8,1,4,8,1,
2024,2,11,401643825,2024-11-08,Coastal Carolina Chanticleers,App State Mountaineers,CCU,APP,38,24,home,14,,,21,8,2,4,7,1,
2024,2,11,401645361,2024-11-08,East Carolina Pirates,Florida Atlantic Owls,ECU,FAU,49,14,home,35,,,20,9,1,5,5,1,
2024,2,11,401654467,2024-11-08,Princeton Tigers,Dartmouth Big Green,PRIN,DART,17,26,away,9,,,23,5,2,12,4,1,
2024,2,11,401628414,2024-11-09,Ole Miss Rebels,Georgia Bulldogs,MISS,UGA,28,10,home,18,,,22,3,6,6,7,1,
2024,2,11,401628417,2024-11-09,Texas Longhorns,Florida Gators,TEX,FLA,49,17,home,32,,,26,9,3,8,6,1,
2024,2,11,401628418,2024-11-09,Vanderbilt Commodores,South Carolina Gamecocks,VAN,SC,7,28,away,21,,,19,5,1,7,6,1,
2024,2,11,401628541,2024-11-09,Indiana Hoosiers,Michigan Wolverines,IU,MICH,20,15,home,5,,,23,3,5,9,6,1,
2024,2,11,401628542,2024-11-09,UCLA Bruins,Iowa Hawkeyes,UCLA,IOWA,20,17,home,3,,,20,4,4,4,8,1,
2024,2,11,401628544,2024-11-09,Rutgers Scarlet Knights,Minnesota Golden Gophers,RUTG,MINN,26,19,home,7,,,25,5,3,11,6,1,
2024,2,11,401628545,2024-11-09,Ohio State Buckeyes,Purdue Boilermakers,OSU,PUR,45,0,home,45,,,21,5,3,6,7,1,
2024,2,11,401628677,2024-11-09,Stony Brook Seawolves,UAlbany Great Danes,STBK,ALB,24,6,home,18,,,27,4,2,12,9,1,
2024,2,11,401628678,2024-11-09,Maine Black Bears,Bryant Bulldogs,ME,BRY,38,26,home,12,,,24,9,1,7,7,1,
2024,2,11,401628679,2024-11-09,Campbell Fighting Camels,Richmond Spiders,CAM,RICH,24,27,away,3,,,21,5,4,5,7,1,
2024,2,11,401628680,2024-11-09,Delaware Blue Hens,Rhode Island Rams,DEL,URI,24,21,home,3,,,23,5,2,11,5,1,
2024,2,11,401628681,2024-11-09,William & Mary Tribe,Elon Phoenix,W&M,ELON,36,40,away,4,,,23,10,2,6,5,1,
2024,2,11,401628682,2024-11-09,Towson Tigers,Hampton Pirates,TOW,HAMP,27,10,home,17,,,22,3,4,7,8,1,
2024,2,11,401628683,2024-11-09,New Hampshire Wildcats,Monmouth Hawks,UNH,MONM,33,20,home,13,,,24,6,4,7,7,1,
2024,2,11,401628684,2024-11-09,Villanova Wildcats,North Carolina A&T Aggies,VILL,NCAT,31,3,home,28,,,20,4,2,11,3,1,
2024,2,11,401629037,2024-11-09,UAB Blazers,UConn Huskies,UAB,CONN,23,31,away,8,,,29,6,5,8,10,1,
2024,2,11,401629045,2024-11-09,North Texas Mean Green,Army Black Knights,UNT,ARMY,3,14,away,11,,,13,2,1,2,8,1,
2024,2,11,401632077,2024-11-09,West Georgia Wolves,Tarleton State Texans,WES,TAR,21,38,away,17,,,25,8,1,10,6,1,
2024,2,11,401632130,2024-11-09,Austin Peay Governors,Abilene Christian Wildcats,APSU,ACU,34,35,away,1,,,23,9,3,7,4,1,
2024,2,11,401632135,2024-11-09,Southern Utah Thunderbirds,North Alabama Lions,SUU,UNA,38,26,home,12,,,22,8,2,7,5,1,
2024,2,11,401632140,2024-11-09,Eastern Kentucky Colonels,Central Arkansas Bears,EKU,CARK,31,24,home,7,,,26,6,3,10,7,1,
2024,2,11,401632467,2024-11-09,The Citadel Bulldogs,Chattanooga Mocs,CIT,UTC,7,31,away,24,,,24,5,3,8,8,1,
2024,2,11,401634003,2024-11-09,Charleston Southern Buccaneers,UT Martin Skyhawks,CHSO,UTM,14,40,away,26,,,24,6,3,9,6,1,
2024,2,11,401634004,2024-11-09,Gardner-Webb Runnin' Bulldogs,Eastern Illinois Panthers,GWEB,EIU,31,28,home,3,,,22,8,4,6,4,1,
2024,2,11,401634005,2024-11-09,Lindenwood Lions,Southeast Missouri State Redhawks,LIN,SEMO,24,12,home,12,,,30,4,4,13,9,1,
2024,2,11,401634006,2024-11-09,Western Illinois Leathernecks,Tennessee State Tigers,WIU,TNST,20,45,away,25,,,24,8,5,6,5,1,
2024,2,11,401634023,2024-11-09,SE Louisiana Lions,Northwestern State Demons,SELA,NWST,41,0,home,41,,,24,5,2,12,5,1,
2024,2,11,401634027,2024-11-09,Houston Christian Huskies,Nicholls Colonels,HCU,NICH,24,21,home,3,,,30,5,5,15,5,1,
2024,2,11,401634028,2024-11-09,Incarnate Word Cardinals,Lamar Cardinals,UIW,LAM,41,20,home,21,,,26,8,3,8,7,1,
2024,2,11,401634116,2024-11-09,Northern Colorado Bears,Eastern Washington Eagles,UNCO,EWU,15,43,away,28,,,21,8,1,8,4,1,
2024,2,11,401634117,2024-11-09,Portland State Vikings,Idaho Vandals,PRST,IDHO,30,39,away,9,,,20,8,5,4,3,1,
2024,2,11,401634118,2024-11-09,Weber State Wildcats,Idaho State Bengals,WEB,IDST,35,43,away,8,,,22,11,2,5,4,1,
2024,2,11,401634120,2024-11-09,Montana State Bobcats,Sacramento State Hornets,MTST,SAC,49,7,home,42,,,23,8,1,9,5,1,
2024,2,11,401634140,2024-11-09,East Tennessee State Buccaneers,Western Carolina Catamounts,ETSU,WCU,24,21,home,3,,,28,6,1,9,12,1,
2024,2,11,401634150,2024-11-09,VMI Keydets,Mercer Bears,VMI,MER,0,34,away,34,,,28,4,2,17,5,1,
2024,2,11,401634156,2024-11-09,Furman Paladins,Wofford Terriers,FUR,WOF,13,19,away,6,,,24,3,4,11,6,1,
2024,2,11,401634166,2024-11-09,Northern Iowa Panthers,Illinois State Redbirds,UNI,ILST,9,31,away,22,,,17,4,5,6,2,1,
2024,2,11,401634178,2024-11-09,South Dakota Coyotes,Indiana State Sycamores,SDAK,INST,49,0,home,49,,,28,7,1,14,6,1,
2024,2,11,401634187,2024-11-09,Murray State Racers,Missouri State Bears,MUR,MOST,31,59,away,28,,,27,9,4,9,5,1,
2024,2,11,401634204,2024-11-09,North Dakota Fighting Hawks,South Dakota State Jackrabbits,UND,SDST,7,38,away,31,,,24,6,3,11,4,1,
2024,2,11,401634244,2024-11-09,Southern Illinois Salukis,Youngstown State Penguins,SIU,YSU,37,33,home,4,,,27,10,1,9,7,1,
2024,2,11,401634257,2024-11-09,Arkansas-Pine Bluff Golden Lions,Alabama A&M Bulldogs,UAPB,AAMU,24,52,away,28,,,27,9,3,5,10,1,
2024,2,11,401634773,2024-11-09,Wake Forest Demon Deacons,California Golden Bears,WAKE,CAL,36,46,away,10,,,29,6,7,12,4,1,
2024,2,11,401635606,2024-11-09,Boston College Eagles,Syracuse Orange,BC,SYR,37,31,home,6,,,26,9,2,8,7,1,
2024,2,11,401635607,2024-11-09,Virginia Tech Hokies,Clemson Tigers,VT,CLEM,14,24,away,10,,,27,4,3,12,8,1,
2024,2,11,401635608,2024-11-09,NC State Wolfpack,Duke Blue Devils,NCSU,DUKE,19,29,away,10,,,29,4,7,11,7,1,
2024,2,11,401635609,2024-11-09,Georgia Tech Yellow Jackets,Miami Hurricanes,GT,MIA,28,23,home,5,,,21,7,1,7,6,1,
2024,2,11,401636350,2024-11-09,Grambling Tigers,Alabama State Hornets,GRAM,ALST,24,23,home,1,,,26,5,5,13,3,1,
2024,2,11,401636369,2024-11-09,Southern Jaguars,Bethune-Cookman Wildcats,SOU,BCU,25,23,home,2,,,0,0,0,0,0,0,no drives
2024,2,11,401636378,2024-11-09,Prairie View A&M Panthers,Florida A&M Rattlers,PV,FAMU,31,12,home,19,,,19,4,3,6,6,1,
2024,2,11,401636391,2024-11-09,Jackson State Tigers,Mississippi Valley State Delta Devils,JKST,MVSU,51,14,home,37,,,24,8,3,9,4,1,
2024,2,11,401636918,2024-11-09,Cincinnati Bearcats,West Virginia Mountaineers,CIN,WVU,24,31,away,7,,,24,5,2,10,7,1,
2024,2,11,401636919,2024-11-09,Kansas Jayhawks,Iowa State Cyclones,KU,ISU,45,36,home,9,,,23,9,4,7,3,1,
2024,2,11,401636921,2024-11-09,Texas Tech Red Raiders,Colorado Buffaloes,TTU,COLO,27,41,away,14,,,30,7,5,11,7,1,
2024,2,11,401638688,2024-11-09,Valparaiso Beacons,Butler Bulldogs,VAL,BUT,17,24,away,7,,,21,5,3,8,5,1,
2024,2,11,401638689,2024-11-09,St. Thomas-Minnesota Tommies,Drake Bulldogs,STMN,DRKE,19,22,away,3,,,21,4,5,6,6,1,
2024,2,11,401638690,2024-11-09,Stetson Hatters,Marist Red Foxes,STET,MRST,31,40,away,9,,,33,10,2,12,9,1,
2024,2,11,401638691,2024-11-09,Davidson Wildcats,Morehead State Eagles,DAV,MORE,31,14,home,17,,,20,5,1,7,7,1,
2024,2,11,401638692,2024-11-09,Dayton Flyers,San Diego Toreros,DAY,USD,10,16,away,6,,,23,2,4,7,10,1,
2024,2,11,401640995,2024-11-09,Middle Tennessee Blue Raiders,Liberty Flames,MTSU,LIB,17,37,away,20,,,20,7,2,5,6,1,
2024,2,11,401641004,2024-11-09,Louisiana Tech Bulldogs,Jacksonville State Gamecocks,LT,JVST,37,44,away,7,,,31,11,2,8,10,1,
2024,2,11,401641021,2024-11-09,UTEP Miners,Kennesaw State Owls,UTEP,KENN,43,35,home,8,,,34,10,2,15,7,1,
2024,2,11,401641036,2024-11-09,New Mexico State Aggies,Western Kentucky Hilltoppers,NMSU,WKU,28,41,away,13,,,27,9,3,7,8,1,
2024,2,11,401643754,2024-11-09,San Diego State Aztecs,New Mexico Lobos,SDSU,UNM,16,21,away,5,,,20,4,3,10,3,1,
2024,2,11,401643755,2024-11-09,Oregon State Beavers,San José State Spartans,ORST,SJSU,13,24,away,11,,,20,3,4,5,8,1,
2024,2,11,401643826,2024-11-09,James Madison Dukes,Georgia State Panthers,JMU,GAST,38,7,home,31,,,24,6,3,10,5,1,
2024,2,11,401643827,2024-11-09,Louisiana Ragin' Cajuns,Arkansas State Red Wolves,UL,ARST,55,19,home,36,,,24,10,2,7,5,1,
2024,2,11,401643828,2024-11-09,UL Monroe Warhawks,Texas State Bobcats,ULM,TXST,17,38,away,21,,,25,7,2,11,5,1,
2024,2,11,401643829,2024-11-09,Southern Miss Golden Eagles,Marshall Thundering Herd,USM,MRSH,3,37,away,34,,,27,4,6,7,10,1,
2024,2,11,401645362,2024-11-09,Memphis Tigers,Rice Owls,MEM,RICE,27,20,home,7,,,24,5,4,11,4,1,
2024,2,11,401645363,2024-11-09,South Florida Bulls,Navy Midshipmen,USF,NAVY,7,28,away,21,,,25,5,0,13,7,1,
2024,2,11,401645364,2024-11-09,Tulane Green Wave,Temple Owls,TULN,TEM,52,6,home,46,,,28,8,1,14,5,1,
2024,2,11,401654460,2024-11-09,Yale Bulldogs,Brown Bears,YALE,BRWN,56,34,home,22,,,24,12,2,3,7,1,
2024,2,11,401654494,2024-11-09,Harvard Crimson,Columbia Lions,HARV,COLU,26,6,home,20,,,21,4,4,7,6,1,
2024,2,11,401654502,2024-11-09,Delaware State Hornets,Morgan State Bears,DSU,MORG,28,36,away,8,,,26,8,3,10,5,1,
2024,2,11,401654508,2024-11-09,Cornell Big Red,Pennsylvania Quakers,COR,PENN,49,67,away,18,,,24,16,2,2,4,1,
2024,2,11,401654542,2024-11-09,Howard Bison,South Carolina State Bulldogs,HOW,SCST,14,38,away,24,,,28,7,1,11,9,1,
2024,2,11,401654568,2024-11-09,Alcorn State Braves,Texas Southern Tigers,ALCN,TXSO,42,21,home,21,,,26,8,0,12,6,1,
2024,2,11,401654579,2024-11-09,Stonehill Skyhawks,Central Connecticut Blue Devils,STO,CCSU,17,21,away,4,,,21,4,1,9,7,1,
2024,2,11,401654593,2024-11-09,Duquesne Dukes,Robert Morris Colonials,DUQ,RMU,31,6,home,25,,,23,5,1,14,3,1,
2024,2,11,401654598,2024-11-09,Sacred Heart Pioneers,Long Island University Sharks,SHU,LIU,7,28,away,21,,,23,5,0,10,8,1,
2024,2,11,401654621,2024-11-09,Holy Cross Crusaders,Lehigh Mountain Hawks,HC,LEH,7,10,away,3,,,15,2,2,9,2,1,
2024,2,11,401654630,2024-11-09,Colgate Raiders,Lafayette Leopards,COLG,LAF,20,21,away,1,,,25,5,3,8,9,1,
2024,2,11,401654652,2024-11-09,Bucknell Bison,Fordham Rams,BUCK,FOR,28,27,home,1,,,26,6,1,11,8,1,
2024,2,11,401655656,2024-11-09,Samford Bulldogs,Tennessee Tech Golden Eagles,SAM,TNTC,7,27,away,20,,,33,4,2,19,8,1,
2024,2,11,401675122,2024-11-09,East Texas A&M Lions,Stephen F. Austin Lumberjacks,ETAM,SFA,19,14,home,5,,,27,4,4,9,10,1,
2024,2,11,401679157,2024-11-09,Mercyhurst Lakers,Lincoln (CA) Oaklanders,MERC,LCLN,66,0,home,66,,,27,8,1,6,12,1,
2024,2,11,401628413,2024-11-10,LSU Tigers,Alabama Crimson Tide,LSU,ALA,13,42,away,29,,,20,7,2,4,7,1,
2024,2,11,401628415,2024-11-10,Missouri Tigers,Oklahoma Sooners,MIZ,OU,30,23,home,7,,,24,4,4,9,7,1,
2024,2,11,401628416,2024-11-10,Tennessee Volunteers,Mississippi State Bulldogs,TENN,MSST,33,14,home,19,,,25,5,4,10,6,1,
2024,2,11,401628543,2024-11-10,Oregon Ducks,Maryland Terrapins,ORE,MD,39,18,home,21,,,24,6,2,9,7,1,
2024,2,11,401628546,2024-11-10,Penn State Nittany Lions,Washington Huskies,PSU,WASH,35,6,home,29,,,16,5,4,2,5,1,
2024,2,11,401628984,2024-11-10,Notre Dame Fighting Irish,Florida State Seminoles,ND,FSU,52,3,home,49,,,24,6,3,10,5,1,
2024,2,11,401634115,2024-11-10,Cal Poly Mustangs,Northern Arizona Lumberjacks,CP,NAU,14,31,away,17,,,22,4,1,8,9,1,
2024,2,11,401634119,2024-11-10,Montana Grizzlies,UC Davis Aggies,MONT,UCD,14,30,away,16,,,27,5,3,13,6,1,
2024,2,11,401635610,2024-11-10,Pittsburgh Panthers,Virginia Cavaliers,PITT,UVA,19,24,away,5,,,27,5,4,12,6,1,
2024,2,11,401636917,2024-11-10,Arizona State Sun Devils,UCF Knights,ASU,UCF,35,31,home,4,,,21,7,3,5,6,1,
2024,2,11,401636920,2024-11-10,TCU Horned Frogs,Oklahoma State Cowboys,TCU,OKST,38,13,home,25,,,18,6,2,3,7,1,
2024,2,11,401636922,2024-11-10,Utah Utes,BYU Cougars,UTAH,BYU,21,22,away,1,,,24,4,2,11,7,1,
2024,2,11,401643751,2024-11-10,Air Force Falcons,Fresno State Bulldogs,AFA,FRES,36,28,home,8,,,17,8,3,1,5,1,
2024,2,11,401643752,2024-11-10,Boise State Broncos,Nevada Wolf Pack,BOIS,NEV,28,21,home,7,,,24,7,0,11,6,1,
2024,2,11,401643753,2024-11-10,Hawai'i Rainbow Warriors,UNLV Rebels,HAW,UNLV,27,29,away,2,,,30,6,6,14,4,1,
2024,2,11,401643756,2024-11-10,Washington State Cougars,Utah State Aggies,WSU,USU,49,28,home,21,,,23,11,1,7,4,1,
2024,2,12,401644763,2024-11-13,Buffalo Bulls,Ball State Cardinals,BUFF,BALL,51,48,home,3,,,29,13,3,8,5,1,
2024,2,12,401644764,2024-11-13,Bowling Green Falcons,Western Michigan Broncos,BGSU,WMU,31,13,home,18,,,21,6,2,7,6,1,
2024,2,12,401644765,2024-11-13,Toledo Rockets,Central Michigan Chippewas,TOL,CMU,37,10,home,27,,,24,4,4,8,8,1,
2024,2,12,401644689,2024-11-14,Miami (OH) RedHawks,Kent State Golden Flashes,M-OH,KENT,34,7,home,27,,,0,0,0,0,0,0,no drives
2024,2,12,401644766,2024-11-14,Northern Illinois Huskies,Akron Zips,NIU,AKR,29,16,home,13,,,27,5,2,13,7,1,
2024,2,12,401644767,2024-11-14,Ohio Bobcats,Eastern Michigan Eagles,OHIO,EMU,35,10,home,25,,,26,6,2,11,7,1,
2024,2,12,401634258,2024-11-15,Alabama A&M Bulldogs,Grambling Tigers,AAMU,GRAM,22,17,home,5,,,26,3,5,11,7,1,
2024,2,12,401645365,2024-11-15,Tulsa Golden Hurricane,East Carolina Pirates,TLSA,ECU,31,38,away,7,,,29,8,3,9,9,1,
2024,2,12,401628419,2024-11-16,Arkansas Razorbacks,Texas Longhorns,ARK,TEX,10,20,away,10,,,22,3,3,12,4,1,
2024,2,12,401628420,2024-11-16,Florida Gators,LSU Tigers,FLA,LSU,27,16,home,11,,,21,4,6,6,5,1,
2024,2,12,401628422,2024-11-16,Kentucky Wildcats,Murray State Racers,UK,MUR,48,6,home,42,,,23,6,4,7,6,1,
2024,2,12,401628423,2024-11-16,South Carolina Gamecocks,Missouri Tigers,SC,MIZ,34,30,home,4,,,22,7,4,3,8,1,
2024,2,12,401628425,2024-11-16,Alabama Crimson Tide,Mercer Bears,ALA,MER,52,7,home,45,,,21,7,1,8,5,1,
2024,2,12,401628426,2024-11-16,Auburn Tigers,UL Monroe Warhawks,AUB,ULM,48,14,home,34,,,24,8,2,9,5,1,
2024,2,12,401628547,2024-11-16,Illinois Fighting Illini,Michigan State Spartans,ILL,MSU,38,16,home,22,,,24,7,2,11,4,1,
2024,2,12,401628548,2024-11-16,Maryland Terrapins,Rutgers Scarlet Knights,MD,RUTG,17,31,away,14,,,20,6,3,5,6,1,
2024,2,12,401628549,2024-11-16,USC Trojans,Nebraska Cornhuskers,USC,NEB,28,20,home,8,,,22,5,3,9,5,1,
2024,2,12,401628550,2024-11-16,Northwestern Wildcats,Ohio State Buckeyes,NU,OSU,7,31,away,24,,,18,5,1,6,6,1,
2024,2,12,401628552,2024-11-16,Purdue Boilermakers,Penn State Nittany Lions,PUR,PSU,10,49,away,39,,,23,8,2,12,1,1,
2024,2,12,401628553,2024-11-16,Washington Huskies,UCLA Bruins,WASH,UCLA,31,19,home,12,,,23,6,4,5,8,1,
2024,2,12,401628685,2024-11-16,Hampton Pirates,Richmond Spiders,HAMP,RICH,21,24,away,3,,,16,6,1,2,7,1,
2024,2,12,401628686,2024-11-16,Monmouth Hawks,Villanova Wildcats,MONM,VILL,40,33,home,7,,,18,10,1,5,2,1,
2024,2,12,401628687,2024-11-16,Elon Phoenix,Maine Black Bears,ELON,ME,31,25,home,6,,,26,7,3,13,3,1,
2024,2,12,401628688,2024-11-16,Towson Tigers,North Carolina A&T Aggies,TOW,NCAT,31,13,home,18,,,25,6,1,13,5,1,
2024,2,12,401628689,2024-11-16,Rhode Island Rams,UAlbany Great Danes,URI,ALB,20,17,home,3,,,26,5,3,13,5,1,
2024,2,12,401628690,2024-11-16,William & Mary Tribe,Bryant Bulldogs,W&M,BRY,22,12,home,10,,,19,3,3,10,3,1,
2024,2,12,401628691,2024-11-16,Delaware Blue Hens,Campbell Fighting Camels,DEL,CAM,41,22,home,19,,,22,9,1,6,6,1,
2024,2,12,401628692,2024-11-16,New Hampshire Wildcats,Stony Brook Seawolves,UNH,STBK,31,30,home,1,,,26,7,5,7,7,1,
2024,2,12,401628985,2024-11-16,Notre Dame Fighting Irish,Virginia Cavaliers,ND,UVA,35,14,home,21,,,29,7,2,12,8,1,
2024,2,12,401629046,2024-11-16,Massachusetts Minutemen,Liberty Flames,MASS,LIB,34,35,away,1,,,22,9,3,6,4,1,
2024,2,12,401632119,2024-11-16,Austin Peay Governors,Eastern Kentucky Colonels,APSU,EKU,27,30,away,3,,,26,7,3,12,4,1,
2024,2,12,401632129,2024-11-16,Utah Tech Trailblazers,West Georgia Wolves,UTU,WES,31,34,away,3,,,25,7,4,8,6,1,
2024,2,12,401632468,2024-11-16,Chattanooga Mocs,Samford Bulldogs,UTC,SAM,13,36,away,23,,,25,4,3,13,5,1,
2024,2,12,401634007,2024-11-16,Eastern Illinois Panthers,Charleston Southern Buccaneers,EIU,CHSO,16,13,home,3,,,27,3,4,12,8,1,
2024,2,12,401634008,2024-11-16,Gardner-Webb Runnin' Bulldogs,Tennessee State Tigers,GWEB,TNST,20,23,away,3,,,22,5,3,11,3,1,
2024,2,12,401634009,2024-11-16,Southeast Missouri State Redhawks,Western Illinois Leathernecks,SEMO,WIU,54,45,home,9,,,28,12,6,5,5,1,
2024,2,12,401634010,2024-11-16,UT Martin Skyhawks,Tennessee Tech Golden Eagles,UTM,TNTC,9,10,away,1,,,30,1,3,18,8,1,
2024,2,12,401634021,2024-11-16,East Texas A&M Lions,Houston Christian Huskies,ETAM,HCU,41,40,home,1,,,34,7,5,13,9,1,
2024,2,12,401634036,2024-11-16,Northwestern State Demons,McNeese Cowboys,NWST,MCN,3,35,away,32,,,27,5,1,13,8,1,
2024,2,12,401634037,2024-11-16,Lamar Cardinals,Nicholls Colonels,LAM,NICH,24,7,home,17,,,22,2,2,9,9,1,
2024,2,12,401634121,2024-11-16,Cal Poly Mustangs,Sacramento State Hornets,CP,SAC,26,23,home,3,,,24,4,7,9,4,1,
2024,2,12,401634122,2024-11-16,Eastern Washington Eagles,Idaho State Bengals,EWU,IDST,77,42,home,35,,,22,15,0,1,6,1,
2024,2,12,401634124,2024-11-16,Montana Grizzlies,Portland State Vikings,MONT,PRST,28,17,home,11,,,21,6,1,6,8,1,
2024,2,12,401634126,2024-11-16,Northern Colorado Bears,Northern Arizona Lumberjacks,UNCO,NAU,3,44,away,41,,,21,6,2,9,4,1,
2024,2,12,401634141,2024-11-16,East Tennessee State Buccaneers,Furman Paladins,ETSU,FUR,21,24,away,3,,,23,6,3,6,8,1,
2024,2,12,401634157,2024-11-16,Wofford Terriers,The Citadel Bulldogs,WOF,CIT,17,30,away,13,,,18,4,5,5,4,1,
2024,2,12,401634167,2024-11-16,Indiana State Sycamores,Illinois State Redbirds,INST,ILST,19,31,away,12,,,22,7,2,10,3,1,
2024,2,12,401634188,2024-11-16,North Dakota State Bison,Missouri State Bears,NDSU,MOST,59,21,home,38,,,23,11,1,5,6,1,
2024,2,12,401634205,2024-11-16,North Dakota Fighting Hawks,South Dakota Coyotes,UND,SDAK,36,42,away,6,,,23,10,3,5,5,1,
2024,2,12,401634239,2024-11-16,South Dakota State Jackrabbits,Southern Illinois Salukis,SDST,SIU,41,10,home,31,,,22,6,4,6,6,1,
2024,2,12,401634249,2024-11-16,Youngstown State Penguins,Northern Iowa Panthers,YSU,UNI,39,38,home,1,,,21,9,3,7,2,1,
2024,2,12,401635517,2024-11-16,Stanford Cardinal,Louisville Cardinals,STAN,LOU,38,35,home,3,,,25,9,3,8,5,1,
2024,2,12,401635580,2024-11-16,SMU Mustangs,Boston College Eagles,SMU,BC,38,28,home,10,,,22,8,4,4,6,1,
2024,2,12,401635581,2024-11-16,California Golden Bears,Syracuse Orange,CAL,SYR,25,33,away,8,,,20,6,6,5,3,1,
2024,2,12,401635582,2024-11-16,Pittsburgh Panthers,Clemson Tigers,PITT,CLEM,20,24,away,4,,,29,5,4,15,5,1,
2024,2,12,401636351,2024-11-16,Alabama State Hornets,Jackson State Tigers,ALST,JKST,10,16,away,6,,,27,3,2,15,7,1,
2024,2,12,401636361,2024-11-16,Southern Jaguars,Arkansas-Pine Bluff Golden Lions,SOU,UAPB,31,9,home,22,,,21,3,6,6,6,1,
2024,2,12,401636370,2024-11-16,Texas Southern Tigers,Bethune-Cookman Wildcats,TXSO,BCU,17,14,home,3,,,21,4,3,12,2,1,
2024,2,12,401636379,2024-11-16,Florida A&M Rattlers,Mississippi Valley State Delta Devils,FAMU,MVSU,21,24,away,3,,,23,5,4,10,4,1,
2024,2,12,401636923,2024-11-16,Arizona Wildcats,Houston Cougars,ARIZ,HOU,27,3,home,24,,,25,3,3,9,10,1,
2024,2,12,401636925,2024-11-16,Colorado Buffaloes,Utah Utes,COLO,UTAH,49,24,home,25,,,30,8,3,11,8,1,
2024,2,12,401636929,2024-11-16,West Virginia Mountaineers,Baylor Bears,WVU,BAY,35,49,away,14,,,24,12,1,6,5,1,
2024,2,12,401638349,2024-11-16,Western Carolina Catamounts,VMI Keydets,WCU,VMI,58,28,home,30,,,29,10,3,10,6,1,
2024,2,12,401638693,2024-11-16,Drake Bulldogs,Morehead State Eagles,DRKE,MORE,20,29,away,9,,,22,5,3,8,6,1,
2024,2,12,401638694,2024-11-16,Marist Red Foxes,Presbyterian Blue Hose,MRST,PRES,23,42,away,19,,,24,9,2,9,4,1,
2024,2,12,401638695,2024-11-16,San Diego Toreros,Stetson Hatters,USD,STET,45,6,home,39,,,22,7,4,5,6,1,
2024,2,12,401638696,2024-11-16,Butler Bulldogs,St. Thomas-Minnesota Tommies,BUT,STMN,36,20,home,16,,,27,8,3,10,6,1,
2024,2,12,401638697,2024-11-16,Dayton Flyers,Valparaiso Beacons,DAY,VAL,26,14,home,12,,,21,5,1,11,4,1,
2024,2,12,401640986,2024-11-16,Jacksonville State Gamecocks,Florida International Panthers,JVST,FIU,34,31,home,3,,,23,8,3,9,3,1,
2024,2,12,401641013,2024-11-16,Western Kentucky Hilltoppers,Louisiana Tech Bulldogs,WKU,LT,7,12,away,5,,,18,1,5,8,4,1,
2024,2,12,401641022,2024-11-16,Kennesaw State Owls,Sam Houston Bearkats,KENN,SHSU,17,23,away,6,,,27,5,3,15,4,1,
2024,2,12,401643757,2024-11-16,Air Force Falcons,Oregon State Beavers,AFA,ORST,28,0,home,28,,,17,4,2,5,6,1,
2024,2,12,401643759,2024-11-16,Colorado State Rams,Wyoming Cowboys,CSU,WYO,24,10,home,14,,,26,4,4,13,5,1,
2024,2,12,401643760,2024-11-16,Utah State Aggies,Hawai'i Rainbow Warriors,USU,HAW,55,10,home,45,,,31,8,3,11,9,1,
2024,2,12,401643830,2024-11-16,Georgia Southern Eagles,Troy Trojans,GASO,TROY,20,28,away,8,,,17,6,3,5,3,1,
2024,2,12,401643831,2024-11-16,Georgia State Panthers,Arkansas State Red Wolves,GAST,ARST,20,27,away,7,,,25,5,4,10,6,1,
2024,2,12,401643832,2024-11-16,Marshall Thundering Herd,Coastal Carolina Chanticleers,MRSH,CCU,31,19,home,12,,,25,5,3,8,9,1,
2024,2,12,401643833,2024-11-16,Old Dominion Monarchs,James Madison Dukes,ODU,JMU,32,35,away,3,,,28,8,3,15,2,1,
2024,2,12,401644604,2024-11-16,Pennsylvania Quakers,Harvard Crimson,PENN,HARV,28,31,away,3,,,18,8,3,4,3,1,
2024,2,12,401645366,2024-11-16,UTSA Roadrunners,North Texas Mean Green,UTSA,UNT,48,27,home,21,,,28,9,4,6,9,1,
2024,2,12,401645368,2024-11-16,Charlotte 49ers,South Florida Bulls,CLT,USF,24,59,away,35,,,28,9,3,9,7,1,
2024,2,12,401645369,2024-11-16,Temple Owls,Florida Atlantic Owls,TEM,FAU,18,15,home,3,,,22,3,6,10,3,1,
2024,2,12,401645370,2024-11-16,Navy Midshipmen,Tulane Green Wave,NAVY,TULN,0,35,away,35,,,20,5,0,10,5,1,
2024,2,12,401654468,2024-11-16,Yale Bulldogs,Princeton Tigers,YALE,PRIN,42,28,home,14,,,22,9,0,7,6,1,
2024,2,12,401654476,2024-11-16,Cornell Big Red,Dartmouth Big Green,COR,DART,39,22,home,17,,,26,6,5,5,10,1,
2024,2,12,401654495,2024-11-16,Brown Bears,Columbia Lions,BRWN,COLU,12,21,away,9,,,23,4,5,8,6,1,
2024,2,12,401654503,2024-11-16,Norfolk State Spartans,Delaware State Hornets,NORF,DSU,38,19,home,19,,,25,7,3,9,6,1,
2024,2,12,401654536,2024-11-16,Morgan State Bears,South Carolina State Bulldogs,MORG,SCST,7,54,away,47,,,0,0,0,0,0,0,no drives
2024,2,12,401654556,2024-11-16,North Carolina Central Eagles,Howard Bison,NCCU,HOW,26,3,home,23,,,26,4,3,12,7,1,
2024,2,12,401654572,2024-11-16,Prairie View A&M Panthers,Alcorn State Braves,PV,ALCN,13,26,away,13,,,28,3,5,13,7,1,
2024,2,12,401654580,2024-11-16,Central Connecticut Blue Devils,Robert Morris Colonials,CCSU,RMU,35,33,home,2,,,0,0,0,0,0,0,no drives
2024,2,12,401654594,2024-11-16,Duquesne Dukes,Wagner Seahawks,DUQ,WAG,42,21,home,21,,,26,9,0,11,6,1,
2024,2,12,401654599,2024-11-16,Long Island University Sharks,St. Francis (PA) Red Flash,LIU,SFPA,27,34,away,7,,,0,0,0,0,0,0,no drives
2024,2,12,401654614,2024-11-16,Merrimack Warriors,Sacred Heart Pioneers,MRMK,SHU,20,31,away,11,,,21,4,3,6,8,1,
2024,2,12,401654622,2024-11-16,Lehigh Mountain Hawks,Colgate Raiders,LEH,COLG,45,17,home,28,,,17,8,2,5,2,1,
2024,2,12,401654631,2024-11-16,Lafayette Leopards,Stonehill Skyhawks,LAF,STO,42,10,home,32,,,24,7,2,6,9,1,
2024,2,12,401654639,2024-11-16,Holy Cross Crusaders,Bucknell Bison,HC,BUCK,40,38,home,2,,,27,8,4,8,7,1,
2024,2,12,401654645,2024-11-16,Fordham Rams,Georgetown Hoyas,FOR,GTWN,31,3,home,28,,,0,0,0,0,0,0,no drives
2024,2,12,401675123,2024-11-16,Stephen F. Austin Lumberjacks,Incarnate Word Cardinals,SFA,UIW,20,27,away,7,,,29,4,6,11,8,1,
2024,2,12,401678916,2024-11-16,Central Arkansas Bears,Southern Utah Thunderbirds,CARK,SUU,31,38,away,7,,,23,8,4,6,5,1,
2024,2,12,401628421,2024-11-17,Georgia Bulldogs,Tennessee Volunteers,UGA,TENN,31,17,home,14,,,20,6,2,9,3,1,
2024,2,12,401628424,2024-11-17,Texas A&M Aggies,New Mexico State Aggies,TA&M,NMSU,38,3,home,35,,,23,5,3,10,5,1,
2024,2,12,401628551,2024-11-17,Wisconsin Badgers,Oregon Ducks,WIS,ORE,13,16,away,3,,,23,2,5,10,6,1,
2024,2,12,401632139,2024-11-17,Tarleton State Texans,Abilene Christian Wildcats,TAR,ACU,31,35,away,4,,,20,8,4,5,3,1,
2024,2,12,401634123,2024-11-17,Idaho Vandals,Weber State Wildcats,IDHO,WEB,31,24,home,7,,,25,6,4,10,5,1,
2024,2,12,401634125,2024-11-17,UC Davis Aggies,Montana State Bobcats,UCD,MTST,28,30,away,2,,,23,7,2,11,3,1,
2024,2,12,401635583,2024-11-17,North Carolina Tar Heels,Wake Forest Demon Deacons,UNC,WAKE,31,24,home,7,,,27,6,3,11,7,1,
2024,2,12,401636924,2024-11-17,BYU Cougars,Kansas Jayhawks,BYU,KU,13,17,away,4,,,18,3,3,7,5,1,
2024,2,12,401636926,2024-11-17,Iowa State Cyclones,Cincinnati Bearcats,ISU,CIN,34,17,home,17,,,23,6,3,10,4,1,
2024,2,12,401636927,2024-11-17,Kansas State Wildcats,Arizona State Sun Devils,KSU,ASU,14,24,away,10,,,21,5,2,6,8,1,
2024,2,12,401643758,2024-11-17,San José State Spartans,Boise State Broncos,SJSU,BOIS,21,42,away,21,,,19,8,1,2,8,1,
2024,2,12,401643761,2024-11-17,New Mexico Lobos,Washington State Cougars,UNM,WSU,38,35,home,3,,,23,10,1,10,2,1,
2024,2,12,401643762,2024-11-17,UNLV Rebels,San Diego State Aztecs,UNLV,SDSU,41,20,home,21,,,28,8,2,10,8,1,
2024,2,12,401643834,2024-11-17,Louisiana Ragin' Cajuns,South Alabama Jaguars,UL,USA,22,24,away,2,,,21,5,4,6,6,1,
2024,2,12,401643835,2024-11-17,Texas State Bobcats,Southern Miss Golden Eagles,TXST,USM,58,3,home,55,,,24,8,2,9,5,1,
2024,2,12,401645367,2024-11-17,Memphis Tigers,UAB Blazers,MEM,UAB,53,18,home,35,,,24,9,4,6,5,1,
2024,2,13,401644690,2024-11-20,Miami (OH) RedHawks,Northern Illinois Huskies,M-OH,NIU,20,9,home,11,,,23,3,5,9,6,1,
2024,2,13,401644769,2024-11-20,Kent State Golden Flashes,Akron Zips,KENT,AKR,17,38,away,21,,,25,6,4,11,4,1,
2024,2,13,401644770,2024-11-20,Central Michigan Chippewas,Western Michigan Broncos,CMU,WMU,16,14,home,2,,,22,2,3,14,3,1,
2024,2,13,401644772,2024-11-21,Eastern Michigan Eagles,Buffalo Bulls,EMU,BUFF,20,37,away,17,,,28,7,1,11,9,1,
2024,2,13,401644773,2024-11-21,Toledo Rockets,Ohio Bobcats,TOL,OHIO,7,24,away,17,,,24,4,1,12,7,1,
2024,2,13,401634039,2024-11-22,Nicholls Colonels,SE Louisiana Lions,NICH,SELA,16,19,away,3,,,20,3,5,9,3,1,
2024,2,13,401634772,2024-11-22,Georgia Tech Yellow Jackets,NC State Wolfpack,GT,NCSU,30,29,home,1,,,27,6,3,10,8,1,
2024,2,13,401628427,2024-11-23,Arkansas Razorbacks,Louisiana Tech Bulldogs,ARK,LT,35,14,home,21,,,29,7,1,13,8,1,
2024,2,13,401628429,2024-11-23,Florida Gators,Ole Miss Rebels,FLA,MISS,24,17,home,7,,,26,5,3,11,7,1,
2024,2,13,401628430,2024-11-23,Georgia Bulldogs,Massachusetts Minutemen,UGA,MASS,59,21,home,38,,,21,10,2,4,5,1,
2024,2,13,401628432,2024-11-23,Mississippi State Bulldogs,Missouri Tigers,MSST,MIZ,20,39,away,19,,,20,6,4,5,5,1,
2024,2,13,401628434,2024-11-23,South Carolina Gamecocks,Wofford Terriers,SC,WOF,56,12,home,44,,,22,9,3,7,3,1,
2024,2,13,401628435,2024-11-23,Tennessee Volunteers,UTEP Miners,TENN,UTEP,56,0,home,56,,,29,8,2,12,7,1,
2024,2,13,401628436,2024-11-23,Texas Longhorns,Kentucky Wildcats,TEX,UK,31,14,home,17,,,23,5,3,7,8,1,
2024,2,13,401628554,2024-11-23,Rutgers Scarlet Knights,Illinois Fighting Illini,RUTG,ILL,31,38,away,7,,,19,9,2,6,2,1,
2024,2,13,401628555,2024-11-23,Ohio State Buckeyes,Indiana Hoosiers,OSU,IU,38,15,home,23,,,20,6,1,7,6,1,
2024,2,13,401628556,2024-11-23,Maryland Terrapins,Iowa Hawkeyes,MD,IOWA,13,29,away,16,,,24,4,5,10,5,1,
2024,2,13,401628557,2024-11-23,Michigan Wolverines,Northwestern Wildcats,MICH,NU,50,6,home,44,,,21,6,4,5,6,1,
2024,2,13,401628558,2024-11-23,Michigan State Spartans,Purdue Boilermakers,MSU,PUR,24,17,home,7,,,20,5,3,8,4,1,
2024,2,13,401628559,2024-11-23,Minnesota Golden Gophers,Penn State Nittany Lions,MINN,PSU,25,26,away,1,,,22,5,5,7,5,1,
2024,2,13,401628560,2024-11-23,Nebraska Cornhuskers,Wisconsin Badgers,NEB,WIS,44,25,home,19,,,25,8,6,4,7,1,
2024,2,13,401628693,2024-11-23,Maine Black Bears,New Hampshire Wildcats,ME,UNH,9,27,away,18,,,22,4,5,8,5,1,
2024,2,13,401628694,2024-11-23,Villanova Wildcats,Delaware Blue Hens,VILL,DEL,38,28,home,10,,,27,8,2,8,9,1,
2024,2,13,401628695,2024-11-23,Richmond Spiders,William & Mary Tribe,RICH,W&M,27,0,home,27,,,17,3,3,5,6,1,
2024,2,13,401628696,2024-11-23,North Carolina A&T Aggies,Elon Phoenix,NCAT,ELON,21,31,away,10,,,23,5,4,8,6,1,
2024,2,13,401628697,2024-11-23,Stony Brook Seawolves,Monmouth Hawks,STBK,MONM,47,55,away,8,,,28,12,4,5,7,1,
2024,2,13,401628698,2024-11-23,UAlbany Great Danes,Hampton Pirates,ALB,HAMP,41,34,home,7,,,28,10,2,8,8,1,
2024,2,13,401628699,2024-11-23,Bryant Bulldogs,Rhode Island Rams,BRY,URI,21,35,away,14,,,0,0,0,0,0,0,no drives
2024,2,13,401628700,2024-11-23,Campbell Fighting Camels,Towson Tigers,CAM,TOW,23,45,away,22,,,26,8,6,7,5,1,
2024,2,13,401632131,2024-11-23,Tarleton State Texans,Central Arkansas Bears,TAR,CARK,39,14,home,25,,,25,7,1,8,9,1,
2024,2,13,401632132,2024-11-23,Eastern Kentucky Colonels,North Alabama Lions,EKU,UNA,21,15,home,6,,,17,5,1,8,3,1,
2024,2,13,401632142,2024-11-23,Austin Peay Governors,Chattanooga Mocs,APSU,UTC,17,24,away,7,,,27,5,2,12,8,1,
2024,2,13,401632143,2024-11-23,Southern Utah Thunderbirds,Utah Tech Trailblazers,SUU,UTU,37,34,home,3,,,25,8,5,10,2,1,
2024,2,13,401634011,2024-11-23,Tennessee Tech Golden Eagles,Eastern Illinois Panthers,TNTC,EIU,23,6,home,17,,,19,3,5,5,6,1,
2024,2,13,401634012,2024-11-23,Western Illinois Leathernecks,Gardner-Webb Runnin' Bulldogs,WIU,GWEB,45,28,home,17,,,25,10,2,3,10,1,
2024,2,13,401634013,2024-11-23,UT Martin Skyhawks,Lindenwood Lions,UTM,LIN,33,26,home,7,,,26,8,2,9,7,1,
2024,2,13,401634014,2024-11-23,Tennessee State Tigers,Southeast Missouri State Redhawks,TNST,SEMO,28,21,home,7,,,25,6,2,12,5,1,
2024,2,13,401634040,2024-11-23,Houston Christian Huskies,Northwestern State Demons,HCU,NWST,62,24,home,38,,,33,10,4,12,7,1,
2024,2,13,401634041,2024-11-23,East Texas A&M Lions,Incarnate Word Cardinals,ETAM,UIW,24,38,away,14,,,31,8,3,13,7,1,
2024,2,13,401634127,2024-11-23,Weber State Wildcats,Cal Poly Mustangs,WEB,CP,28,17,home,11,,,26,4,6,9,7,1,
2024,2,13,401634128,2024-11-23,Northern Arizona Lumberjacks,Eastern Washington Eagles,NAU,EWU,30,18,home,12,,,21,5,3,4,9,1,
2024,2,13,401634129,2024-11-23,Idaho State Bengals,Idaho Vandals,IDST,IDHO,17,40,away,23,,,23,5,5,5,8,1,
2024,2,13,401634130,2024-11-23,Montana State Bobcats,Montana Grizzlies,MTST,MONT,34,11,home,23,,,21,5,3,10,3,1,
2024,2,13,401634131,2024-11-23,Portland State Vikings,Northern Colorado Bears,PRST,UNCO,45,13,home,32,,,22,8,1,6,7,1,
2024,2,13,401634132,2024-11-23,Sacramento State Hornets,UC Davis Aggies,SAC,UCD,39,42,away,3,,,27,11,1,9,6,1,
2024,2,13,401634142,2024-11-23,VMI Keydets,East Tennessee State Buccaneers,VMI,ETSU,9,16,away,7,,,23,1,6,11,5,1,
2024,2,13,401634151,2024-11-23,Mercer Bears,Furman Paladins,MER,FUR,49,23,home,26,,,30,8,3,11,8,1,
2024,2,13,401634168,2024-11-23,Illinois State Redbirds,North Dakota Fighting Hawks,ILST,UND,35,13,home,22,,,24,6,3,6,9,1,
2024,2,13,401634179,2024-11-23,Northern Iowa Panthers,Indiana State Sycamores,UNI,INST,41,34,home,7,,,19,8,5,3,3,1,
2024,2,13,401634189,2024-11-23,Missouri State Bears,South Dakota State Jackrabbits,MOST,SDST,9,45,away,36,,,24,6,4,10,4,1,
2024,2,13,401634196,2024-11-23,Southern Illinois Salukis,Murray State Racers,SIU,MUR,62,0,home,62,,,28,8,2,9,9,1,
2024,2,13,401634211,2024-11-23,South Dakota Coyotes,North Dakota State Bison,SDAK,NDSU,29,28,home,1,,,20,8,1,9,2,1,
2024,2,13,401634259,2024-11-23,Mississippi Valley State Delta Devils,Alabama A&M Bulldogs,MVSU,AAMU,35,49,away,14,,,27,12,1,4,10,1,
2024,2,13,401635518,2024-11-23,Syracuse Orange,UConn Huskies,SYR,CONN,31,24,home,7,,,23,7,4,9,3,1,
2024,2,13,401635612,2024-11-23,Boston College Eagles,North Carolina Tar Heels,BC,UNC,41,21,home,20,,,24,5,2,7,10,1,
2024,2,13,401635613,2024-11-23,California Golden Bears,Stanford Cardinal,CAL,STAN,24,21,home,3,,,21,6,3,7,5,1,
2024,2,13,401635614,2024-11-23,Clemson Tigers,The Citadel Bulldogs,CLEM,CIT,51,14,home,37,,,21,8,3,4,6,1,
2024,2,13,401635616,2024-11-23,Florida State Seminoles,Charleston Southern Buccaneers,FSU,CHSO,41,7,home,34,,,20,6,4,6,4,1,
2024,2,13,401635617,2024-11-23,Louisville Cardinals,Pittsburgh Panthers,LOU,PITT,37,9,home,28,,,24,5,3,7,9,1,
2024,2,13,401635618,2024-11-23,Miami Hurricanes,Wake Forest Demon Deacons,MIA,WAKE,42,14,home,28,,,21,5,2,8,6,1,
2024,2,13,401635619,2024-11-23,Virginia Cavaliers,SMU Mustangs,UVA,SMU,7,33,away,26,,,24,5,4,9,6,1,
2024,2,13,401636352,2024-11-23,Alabama State Hornets,Prairie View A&M Panthers,ALST,PV,9,6,home,3,,,23,0,6,9,8,1,
2024,2,13,401636362,2024-11-23,Arkansas-Pine Bluff Golden Lions,Texas Southern Tigers,UAPB,TXSO,23,31,away,8,,,23,5,4,7,7,1,
2024,2,13,401636371,2024-11-23,Bethune-Cookman Wildcats,Florida A&M Rattlers,BCU,FAMU,38,41,away,3,,,25,9,4,7,5,1,
2024,2,13,401636392,2024-11-23,Alcorn State Braves,Jackson State Tigers,ALCN,JKST,10,48,away,38,,,23,7,3,11,2,1,
2024,2,13,401636930,2024-11-23,Arizona State Sun Devils,BYU Cougars,ASU,BYU,28,23,home,5,,,19,7,1,2,9,1,
2024,2,13,401636932,2024-11-23,Kansas Jayhawks,Colorado Buffaloes,KU,COLO,37,21,home,16,,,16,7,3,2,4,1,
2024,2,13,401636934,2024-11-23,Oklahoma State Cowboys,Texas Tech Red Raiders,OKST,TTU,48,56,away,8,,,29,14,1,8,6,1,
2024,2,13,401636935,2024-11-23,TCU Horned Frogs,Arizona Wildcats,TCU,ARIZ,49,28,home,21,,,23,9,2,6,6,1,
2024,2,13,401636937,2024-11-23,West Virginia Mountaineers,UCF Knights,WVU,UCF,31,21,home,10,,,20,7,1,8,4,1,
2024,2,13,401638350,2024-11-23,Samford Bulldogs,Western Carolina Catamounts,SAM,WCU,42,47,away,5,,,29,10,2,9,8,1,
2024,2,13,401638698,2024-11-23,Presbyterian Blue Hose,Butler Bulldogs,PRES,BUT,30,27,home,3,,,24,8,2,8,6,1,
2024,2,13,401638699,2024-11-23,Valparaiso Beacons,Davidson Wildcats,VAL,DAV,18,17,home,1,,,18,4,4,9,1,1,
2024,2,13,401638700,2024-11-23,St. Thomas-Minnesota Tommies,Dayton Flyers,STMN,DAY,32,9,home,23,,,29,4,2,12,11,1,
2024,2,13,401638701,2024-11-23,Stetson Hatters,Drake Bulldogs,STET,DRKE,10,49,away,39,,,23,8,2,5,8,1,
2024,2,13,401638702,2024-11-23,Morehead State Eagles,San Diego Toreros,MORE,USD,14,37,away,23,,,22,6,3,9,4,1,
2024,2,13,401640987,2024-11-23,Kennesaw State Owls,Florida International Panthers,KENN,FIU,27,26,home,1,,,29,6,6,12,5,1,
2024,2,13,401640996,2024-11-23,Liberty Flames,Western Kentucky Hilltoppers,LIB,WKU,38,21,home,17,,,20,8,1,3,8,1,
2024,2,13,401641005,2024-11-23,Jacksonville State Gamecocks,Sam Houston Bearkats,JVST,SHSU,21,11,home,10,,,18,4,3,5,6,1,
2024,2,13,401641027,2024-11-23,Middle Tennessee Blue Raiders,New Mexico State Aggies,MTSU,NMSU,21,36,away,15,,,19,6,3,4,6,1,
2024,2,13,401643766,2024-11-23,Utah State Aggies,San Diego State Aztecs,USU,SDSU,41,20,home,21,,,26,8,2,10,6,1,
2024,2,13,401643767,2024-11-23,San José State Spartans,UNLV Rebels,SJSU,UNLV,16,27,away,11,,,23,4,3,12,4,1,
2024,2,13,401643836,2024-11-23,App State Mountaineers,James Madison Dukes,APP,JMU,34,20,home,14,,,25,4,4,9,8,1,
2024,2,13,401643837,2024-11-23,Coastal Carolina Chanticleers,Georgia Southern Eagles,CCU,GASO,6,26,away,20,,,25,2,7,8,8,1,
2024,2,13,401643839,2024-11-23,Arkansas State Red Wolves,UL Monroe Warhawks,ARST,ULM,28,21,home,7,,,20,7,0,8,5,1,
2024,2,13,401643840,2024-11-23,Louisiana Ragin' Cajuns,Troy Trojans,UL,TROY,51,30,home,21,,,26,8,3,8,7,1,
2024,2,13,401643841,2024-11-23,Southern Miss Golden Eagles,South Alabama Jaguars,USM,USA,14,35,away,21,,,24,5,3,12,4,1,
2024,2,13,401644605,2024-11-23,Harvard Crimson,Yale Bulldogs,HARV,YALE,29,34,away,5,,,0,0,0,0,0,0,no drives
2024,2,13,401644774,2024-11-23,Ball State Cardinals,Bowling Green Falcons,BALL,BGSU,13,38,away,25,,,25,6,3,9,7,1,
2024,2,13,401645371,2024-11-23,Florida Atlantic Owls,Charlotte 49ers,FAU,CLT,27,39,away,12,,,23,6,6,5,6,1,
2024,2,13,401645372,2024-11-23,North Texas Mean Green,East Carolina Pirates,UNT,ECU,28,40,away,12,,,27,9,4,5,9,1,
2024,2,13,401645373,2024-11-23,UAB Blazers,Rice Owls,UAB,RICE,40,14,home,26,,,24,6,2,8,8,1,
2024,2,13,401645374,2024-11-23,UTSA Roadrunners,Temple Owls,UTSA,TEM,51,27,home,24,,,35,7,6,12,10,1,
2024,2,13,401645375,2024-11-23,South Florida Bulls,Tulsa Golden Hurricane,USF,TLSA,63,30,home,33,,,35,13,2,9,11,1,
2024,2,13,401654462,2024-11-23,Dartmouth Big Green,Brown Bears,DART,BRWN,56,28,home,28,,,26,11,0,8,7,1,
2024,2,13,401654469,2024-11-23,Princeton Tigers,Pennsylvania Quakers,PRIN,PENN,20,17,home,3,,,24,3,3,8,10,1,
2024,2,13,401654496,2024-11-23,Columbia Lions,Cornell Big Red,COLU,COR,17,9,home,8,,,20,2,6,6,6,1,
2024,2,13,401654504,2024-11-23,Delaware State Hornets,North Carolina Central Eagles,DSU,NCCU,10,52,away,42,,,20,8,2,3,7,1,
2024,2,13,401654537,2024-11-23,Morgan State Bears,Howard Bison,MORG,HOW,35,21,home,14,,,0,0,0,0,0,0,no drives
2024,2,13,401654543,2024-11-23,South Carolina State Bulldogs,Norfolk State Spartans,SCST,NORF,53,21,home,32,,,27,10,1,11,5,1,
2024,2,13,401654581,2024-11-23,Central Connecticut Blue Devils,Duquesne Dukes,CCSU,DUQ,21,14,home,7,,,31,4,3,13,11,1,
2024,2,13,401654600,2024-11-23,Wagner Seahawks,Long Island University Sharks,WAG,LIU,28,35,away,7,,,0,0,0,0,0,0,no drives
2024,2,13,401654610,2024-11-23,Robert Morris Colonials,Stonehill Skyhawks,RMU,STO,31,13,home,18,,,29,4,4,13,8,1,
2024,2,13,401654615,2024-11-23,Fordham Rams,Merrimack Warriors,FOR,MRMK,3,19,away,16,,,22,2,3,12,5,1,
2024,2,13,401654623,2024-11-23,Lehigh Mountain Hawks,Lafayette Leopards,LEH,LAF,38,14,home,24,,,16,6,1,4,5,1,
2024,2,13,401654635,2024-11-23,Mercyhurst Lakers,St. Francis (PA) Red Flash,MERC,SFPA,21,20,home,1,,,17,4,4,5,4,1,
2024,2,13,401654640,2024-11-23,Georgetown Hoyas,Holy Cross Crusaders,GTWN,HC,0,34,away,34,,,27,3,2,11,11,1,
2024,2,13,401654653,2024-11-23,Bucknell Bison,Colgate Raiders,BUCK,COLG,48,34,home,14,,,26,9,5,7,5,1,
2024,2,13,401678896,2024-11-23,Stephen F. Austin Lumberjacks,Abilene Christian Wildcats,SFA,ACU,32,19,home,13,,,34,7,3,16,8,1,
2024,2,13,401628428,2024-11-24,Auburn Tigers,Texas A&M Aggies,AUB,TA&M,43,41,home,2,,,29,10,6,9,4,1,
2024,2,13,401628431,2024-11-24,LSU Tigers,Vanderbilt Commodores,LSU,VAN,24,17,home,7,,,17,5,2,6,4,1,
2024,2,13,401628433,2024-11-24,Oklahoma Sooners,Alabama Crimson Tide,OU,ALA,24,3,home,21,,,19,2,3,7,7,1,
2024,2,13,401628561,2024-11-24,UCLA Bruins,USC Trojans,UCLA,USC,13,19,away,6,,,20,2,6,6,6,1,
2024,2,13,401628572,2024-11-24,Oregon State Beavers,Washington State Cougars,ORST,WSU,41,38,home,3,,,20,9,3,2,6,1,
2024,2,13,401634042,2024-11-24,McNeese Cowboys,Lamar Cardinals,MCN,LAM,24,26,away,2,,,24,5,3,9,7,1,
2024,2,13,401635615,2024-11-24,Duke Blue Devils,Virginia Tech Hokies,DUKE,VT,31,28,home,3,,,33,6,3,12,12,1,
2024,2,13,401636931,2024-11-24,Houston Cougars,Baylor Bears,HOU,BAY,10,20,away,10,,,21,2,4,8,7,1,
2024,2,13,401636933,2024-11-24,Kansas State Wildcats,Cincinnati Bearcats,KSU,CIN,41,15,home,26,,,24,7,3,6,8,1,
2024,2,13,401636936,2024-11-24,Utah Utes,Iowa State Cyclones,UTAH,ISU,28,31,away,3,,,21,5,5,7,4,1,
2024,2,13,401640959,2024-11-24,Notre Dame Fighting Irish,Army Black Knights,ND,ARMY,49,14,home,35,,,21,9,2,4,6,1,
2024,2,13,401643763,2024-11-24,Nevada Wolf Pack,Air Force Falcons,NEV,AFA,19,22,away,3,,,19,5,3,7,4,1,
2024,2,13,401643764,2024-11-24,Wyoming Cowboys,Boise State Broncos,WYO,BOIS,13,17,away,4,,,22,3,5,9,5,1,
2024,2,13,401643765,2024-11-24,Fresno State Bulldogs,Colorado State Rams,FRES,CSU,28,22,home,6,,,26,6,0,13,7,1,
2024,2,13,401643838,2024-11-24,Old Dominion Monarchs,Marshall Thundering Herd,ODU,MRSH,35,42,away,7,,,27,10,2,12,3,1,
2024,2,13,401643842,2024-11-24,Texas State Bobcats,Georgia State Panthers,TXST,GAST,44,52,away,8,,,28,12,1,9,6,1,
2024,2,14,401644775,2024-11-27,Akron Zips,Toledo Rockets,AKR,TOL,21,14,home,7,,,22,5,3,11,3,1,
2024,2,14,401644776,2024-11-27,Buffalo Bulls,Kent State Golden Flashes,BUFF,KENT,43,7,home,36,,,27,7,1,12,7,1,
2024,2,14,401636353,2024-11-28,Alabama State Hornets,Tuskegee Golden Tigers,ALST,TUSK,34,6,home,28,,,23,4,4,8,7,1,
2024,2,14,401628442,2024-11-29,Ole Miss Rebels,Mississippi State Bulldogs,MISS,MSST,26,14,home,12,,,24,5,3,12,4,1,
2024,2,14,401628568,2024-11-29,Wisconsin Badgers,Minnesota Golden Gophers,WIS,MINN,7,24,away,17,,,24,4,3,14,3,1,
2024,2,14,401634252,2024-11-29,Florida A&M Rattlers,Alabama A&M Bulldogs,FAMU,AAMU,28,20,home,8,,,25,6,2,9,8,1,
2024,2,14,401635625,2024-11-29,San José State Spartans,Stanford Cardinal,SJSU,STAN,34,31,home,3,,,22,7,3,3,9,1,
2024,2,14,401636938,2024-11-29,Colorado Buffaloes,Oklahoma State Cowboys,COLO,OKST,52,0,home,52,,,31,6,1,15,9,1,
2024,2,14,401640997,2024-11-29,Sam Houston Bearkats,Liberty Flames,SHSU,LIB,20,18,home,2,,,28,4,4,10,10,1,
2024,2,14,401643769,2024-11-29,Boise State Broncos,Oregon State Beavers,BOIS,ORST,34,18,home,16,,,22,6,3,6,7,1,
2024,2,14,401643770,2024-11-29,Colorado State Rams,Utah State Aggies,CSU,USU,42,37,home,5,,,28,9,5,7,7,1,
2024,2,14,401643843,2024-11-29,South Alabama Jaguars,Texas State Bobcats,USA,TXST,38,45,away,7,,,25,9,2,7,7,1,
2024,2,14,401644691,2024-11-29,Bowling Green Falcons,Miami (OH) RedHawks,BGSU,M-OH,12,28,away,16,,,27,5,1,12,9,1,
2024,2,14,401644777,2024-11-29,Ohio Bobcats,Ball State Cardinals,OHIO,BALL,42,21,home,21,,,25,9,0,8,8,1,
2024,2,14,401645376,2024-11-29,Tulane Green Wave,Memphis Tigers,TULN,MEM,24,34,away,10,,,21,7,3,6,5,1,
2024,2,14,401645379,2024-11-29,East Carolina Pirates,Navy Midshipmen,ECU,NAVY,20,34,away,14,,,27,7,4,9,7,1,
2024,2,14,401628437,2024-11-30,Alabama Crimson Tide,Auburn Tigers,ALA,AUB,28,14,home,14,,,24,5,3,7,9,1,
2024,2,14,401628439,2024-11-30,Georgia Bulldogs,Georgia Tech Yellow Jackets,UGA,GT,44,42,home,2,,,37,16,3,4,14,1,
2024,2,14,401628440,2024-11-30,Kentucky Wildcats,Louisville Cardinals,UK,LOU,14,41,away,27,,,29,6,2,11,10,1,
2024,2,14,401628443,2024-11-30,Missouri Tigers,Arkansas Razorbacks,MIZ,ARK,28,21,home,7,,,20,6,2,7,5,1,
2024,2,14,401628444,2024-11-30,Clemson Tigers,South Carolina Gamecocks,CLEM,SC,14,17,away,3,,,24,4,1,11,8,1,
2024,2,14,401628446,2024-11-30,Vanderbilt Commodores,Tennessee Volunteers,VAN,TENN,23,36,away,13,,,22,6,3,4,9,1,
2024,2,14,401628562,2024-11-30,Iowa Hawkeyes,Nebraska Cornhuskers,IOWA,NEB,13,10,home,3,,,24,2,4,16,2,1,
2024,2,14,401628563,2024-11-30,Northwestern Wildcats,Illinois Fighting Illini,NU,ILL,28,38,away,10,,,27,7,4,8,8,1,
2024,2,14,401628565,2024-11-30,Penn State Nittany Lions,Maryland Terrapins,PSU,MD,44,7,home,37,,,27,7,2,11,7,1,
2024,2,14,401628566,2024-11-30,Ohio State Buckeyes,Michigan Wolverines,OSU,MICH,10,13,away,3,,,21,2,5,6,8,1,
2024,2,14,401628567,2024-11-30,Michigan State Spartans,Rutgers Scarlet Knights,MSU,RUTG,14,41,away,27,,,19,6,4,4,5,1,
2024,2,14,401628570,2024-11-30,UCLA Bruins,Fresno State Bulldogs,UCLA,FRES,20,13,home,7,,,21,3,4,12,2,1,
2024,2,14,401628571,2024-11-30,USC Trojans,Notre Dame Fighting Irish,USC,ND,35,49,away,14,,,25,10,1,6,8,1,
2024,2,14,401629038,2024-11-30,Massachusetts Minutemen,UConn Huskies,MASS,CONN,42,47,away,5,,,27,10,2,10,5,1,
2024,2,14,401635620,2024-11-30,Boston College Eagles,Pittsburgh Panthers,BC,PITT,34,23,home,11,,,26,7,1,12,6,1,
2024,2,14,401635621,2024-11-30,SMU Mustangs,California Golden Bears,SMU,CAL,38,6,home,32,,,24,5,4,10,5,1,
2024,2,14,401635622,2024-11-30,Wake Forest Demon Deacons,Duke Blue Devils,WAKE,DUKE,17,23,away,6,,,24,5,3,13,3,1,
2024,2,14,401635623,2024-11-30,Syracuse Orange,Miami Hurricanes,SYR,MIA,42,38,home,4,,,20,10,1,5,4,1,
2024,2,14,401635624,2024-11-30,North Carolina Tar Heels,NC State Wolfpack,UNC,NCSU,30,35,away,5,,,26,8,5,9,4,1,
2024,2,14,401636386,2024-11-30,Southern Jaguars,Grambling Tigers,SOU,GRAM,24,14,home,10,,,32,4,2,21,5,1,
2024,2,14,401636939,2024-11-30,UCF Knights,Utah Utes,UCF,UTAH,14,28,away,14,,,25,3,2,12,8,1,
2024,2,14,401636940,2024-11-30,Arizona Wildcats,Arizona State Sun Devils,ARIZ,ASU,7,49,away,42,,,22,8,2,7,5,1,
2024,2,14,401636941,2024-11-30,Baylor Bears,Kansas Jayhawks,BAY,KU,45,17,home,28,,,21,8,4,4,5,1,
2024,2,14,401636943,2024-11-30,Cincinnati Bearcats,TCU Horned Frogs,CIN,TCU,13,20,away,7,,,22,4,3,10,5,1,
2024,2,14,401636945,2024-11-30,Texas Tech Red Raiders,West Virginia Mountaineers,TTU,WVU,52,15,home,37,,,22,8,4,2,8,1,
2024,2,14,401640988,2024-11-30,Florida International Panthers,Middle Tennessee Blue Raiders,FIU,MTSU,35,24,home,11,,,22,8,2,9,3,1,
2024,2,14,401641006,2024-11-30,Western Kentucky Hilltoppers,Jacksonville State Gamecocks,WKU,JVST,19,17,home,2,,,29,3,5,15,6,1,
2024,2,14,401641014,2024-11-30,Louisiana Tech Bulldogs,Kennesaw State Owls,LT,KENN,33,0,home,33,,,26,4,3,16,3,1,
2024,2,14,401641031,2024-11-30,New Mexico State Aggies,UTEP Miners,NMSU,UTEP,35,42,away,7,,,28,7,5,7,9,1,
2024,2,14,401643773,2024-11-30,Washington State Cougars,Wyoming Cowboys,WSU,WYO,14,15,away,1,,,23,3,3,9,8,1,
2024,2,14,401643844,2024-11-30,Georgia Southern Eagles,App State Mountaineers,GASO,APP,29,20,home,9,,,21,7,1,5,8,1,
2024,2,14,401643845,2024-11-30,Georgia State Panthers,Coastal Carolina Chanticleers,GAST,CCU,27,48,away,21,,,24,8,4,3,9,1,
2024,2,14,401643847,2024-11-30,Arkansas State Red Wolves,Old Dominion Monarchs,ARST,ODU,32,40,away,8,,,24,10,1,7,6,1,
2024,2,14,401643848,2024-11-30,UL Monroe Warhawks,Louisiana Ragin' Cajuns,ULM,UL,23,37,away,14,,,23,7,4,5,7,1,
2024,2,14,401643849,2024-11-30,Troy Trojans,Southern Miss Golden Eagles,TROY,USM,52,20,home,32,,,26,9,3,9,5,1,
2024,2,14,401644779,2024-11-30,Northern Illinois Huskies,Central Michigan Chippewas,NIU,CMU,24,16,home,8,,,22,5,3,5,9,1,
2024,2,14,401644780,2024-11-30,Western Michigan Broncos,Eastern Michigan Eagles,WMU,EMU,26,18,home,8,,,0,0,0,0,0,0,no drives
2024,2,14,401645377,2024-11-30,Charlotte 49ers,UAB Blazers,CLT,UAB,29,27,home,2,,,26,7,5,12,2,1,
2024,2,14,401645378,2024-11-30,Army Black Knights,UTSA Roadrunners,ARMY,UTSA,29,24,home,5,,,21,6,5,3,7,1,
2024,2,14,401645380,2024-11-30,Tulsa Golden Hurricane,Florida Atlantic Owls,TLSA,FAU,16,63,away,47,,,35,10,4,10,11,1,
2024,2,14,401645381,2024-11-30,Temple Owls,North Texas Mean Green,TEM,UNT,17,24,away,7,,,34,5,4,17,8,1,
2024,2,14,401645382,2024-11-30,Rice Owls,South Florida Bulls,RICE,USF,35,28,home,7,,,31,8,4,10,9,1,
2024,2,14,401729729,2024-11-30,New Hampshire Wildcats,UT Martin Skyhawks,UNH,UTM,10,41,away,31,,,25,5,3,9,8,1,
2024,2,14,401729730,2024-11-30,Richmond Spiders,Lehigh Mountain Hawks,RICH,LEH,16,20,away,4,,,19,4,3,6,6,1,
2024,2,14,401729731,2024-11-30,Southeast Missouri State Redhawks,Illinois State Redbirds,SEMO,ILST,27,35,away,8,,,29,7,0,9,13,1,
2024,2,14,401729732,2024-11-30,Tarleton State Texans,Drake Bulldogs,TAR,DRKE,43,29,home,14,,,27,10,1,10,6,1,
2024,2,14,401729736,2024-11-30,Villanova Wildcats,Eastern Kentucky Colonels,VILL,EKU,22,17,home,5,,,0,0,0,0,0,0,no drives
2024,2,14,401729737,2024-11-30,Rhode Island Rams,Central Connecticut Blue Devils,URI,CCSU,21,17,home,4,,,24,4,2,8,10,1,
2024,2,14,401729738,2024-11-30,Abilene Christian Wildcats,Northern Arizona Lumberjacks,ACU,NAU,24,0,home,24,,,23,3,1,11,8,1,
2024,2,14,401628438,2024-12-01,Florida State Seminoles,Florida Gators,FSU,FLA,11,31,away,20,,,25,5,2,11,7,1,
2024,2,14,401628441,2024-12-01,LSU Tigers,Oklahoma Sooners,LSU,OU,37,17,home,20,,,21,3,4,8,6,1,
2024,2,14,401628445,2024-12-01,Texas A&M Aggies,Texas Longhorns,TA&M,TEX,7,17,away,10,,,20,2,1,8,9,1,
2024,2,14,401628564,2024-12-01,Indiana Hoosiers,Purdue Boilermakers,IU,PUR,66,0,home,66,,,29,9,2,11,7,1,
2024,2,14,401628569,2024-12-01,Oregon Ducks,Washington Huskies,ORE,WASH,49,21,home,28,,,21,9,3,6,3,1,
2024,2,14,401635640,2024-12-01,Virginia Tech Hokies,Virginia Cavaliers,VT,UVA,37,17,home,20,,,23,6,4,8,5,1,
2024,2,14,401636942,2024-12-01,BYU Cougars,Houston Cougars,BYU,HOU,30,18,home,12,,,22,4,2,7,9,1,
2024,2,14,401636944,2024-12-01,Iowa State Cyclones,Kansas State Wildcats,ISU,KSU,29,21,home,8,,,29,6,4,10,9,1,
2024,2,14,401643768,2024-12-01,San Diego State Aztecs,Air Force Falcons,SDSU,AFA,20,31,away,11,,,15,7,1,2,5,1,
2024,2,14,401643771,2024-12-01,Hawai'i Rainbow Warriors,New Mexico Lobos,HAW,UNM,38,30,home,8,,,22,9,4,5,4,1,
2024,2,14,401643772,2024-12-01,UNLV Rebels,Nevada Wolf Pack,UNLV,NEV,38,14,home,24,,,19,6,1,6,6,1,
2024,2,14,401643846,2024-12-01,James Madison Dukes,Marshall Thundering Herd,JMU,MRSH,33,35,away,2,,,21,5,3,9,4,1,
2024,2,14,401729734,2024-12-01,Montana Grizzlies,Tennessee State Tigers,MONT,TNST,41,27,home,14,,,26,5,7,9,5,1,
2024,2,15,401673462,2024-12-07,Army Black Knights,Tulane Green Wave,ARMY,TULN,35,14,home,21,,,14,7,1,0,6,1,
2024,2,15,401673465,2024-12-07,Arizona State Sun Devils,Iowa State Cyclones,ASU,ISU,45,19,home,26,,,22,8,4,4,6,1,
2024,2,15,401673466,2024-12-07,Jacksonville State Gamecocks,Western Kentucky Hilltoppers,JVST,WKU,52,12,home,40,,,21,8,4,5,4,1,
2024,2,15,401673467,2024-12-07,Miami (OH) RedHawks,Ohio Bobcats,M-OH,OHIO,3,38,away,35,,,16,5,2,5,4,1,
2024,2,15,401673468,2024-12-07,Boise State Broncos,UNLV Rebels,BOIS,UNLV,21,7,home,14,,,23,4,1,13,5,1,
2024,2,15,401673469,2024-12-07,Texas Longhorns,Georgia Bulldogs,TEX,UGA,19,22,away,3,,,23,3,9,6,5,1,
2024,2,15,401673471,2024-12-07,Jackson State Tigers,Southern Jaguars,JKST,SOU,41,13,home,28,,,29,6,4,12,7,1,
2024,2,15,401729743,2024-12-07,Montana State Bobcats,UT Martin Skyhawks,MTST,UTM,49,17,home,32,,,26,9,1,13,3,1,
2024,2,15,401729745,2024-12-07,North Dakota State Bison,Abilene Christian Wildcats,NDSU,ACU,51,31,home,20,,,26,8,4,6,8,1,
2024,2,15,401729750,2024-12-07,South Dakota State Jackrabbits,Montana Grizzlies,SDST,MONT,35,18,home,17,,,21,6,2,8,5,1,
2024,2,15,401729752,2024-12-07,South Dakota Coyotes,Tarleton State Texans,SDAK,TAR,42,31,home,11,,,20,10,2,2,6,1,
2024,2,15,401729753,2024-12-07,UC Davis Aggies,Illinois State Redbirds,UCD,ILST,42,10,home,32,,,25,7,2,9,7,1,
2024,2,15,401729754,2024-12-07,Incarnate Word Cardinals,Villanova Wildcats,UIW,VILL,13,6,home,7,,,26,1,4,15,6,1,
2024,2,15,401729756,2024-12-07,Mercer Bears,Rhode Island Rams,MER,URI,17,10,home,7,,,25,2,2,18,3,1,
2024,2,15,401673463,2024-12-08,SMU Mustangs,Clemson Tigers,SMU,CLEM,31,34,away,3,,,29,8,5,13,3,1,
2024,2,15,401673464,2024-12-08,Oregon Ducks,Penn State Nittany Lions,ORE,PSU,45,37,home,8,,,24,11,3,6,4,1,
2024,2,15,401673470,2024-12-08,Louisiana Ragin' Cajuns,Marshall Thundering Herd,UL,MRSH,3,31,away,28,,,22,4,2,10,6,1,
2024,2,15,401729759,2024-12-08,Idaho Vandals,Lehigh Mountain Hawks,IDHO,LEH,34,13,home,21,,,19,5,3,6,5,1,
2024,2,16,401645383,2024-12-14,Army Black Knights,Navy Midshipmen,ARMY,NAVY,13,31,away,18,,,18,5,3,5,5,1,
2024,2,16,401729780,2024-12-14,Montana State Bobcats,Idaho Vandals,MTST,IDHO,52,19,home,33,,,24,9,3,3,9,1,
2024,2,16,401729781,2024-12-14,South Dakota State Jackrabbits,Incarnate Word Cardinals,SDST,UIW,55,14,home,41,,,29,9,2,7,11,1,
2024,2,16,401729783,2024-12-14,South Dakota Coyotes,UC Davis Aggies,SDAK,UCD,35,21,home,14,,,24,8,0,5,11,1,
2024,2,16,401729785,2024-12-14,North Dakota State Bison,Mercer Bears,NDSU,MER,31,7,home,24,,,25,5,1,12,7,1,
2024,3,1,401677076,2024-12-14,South Carolina State Bulldogs,Jackson State Tigers,SCST,JKST,7,28,away,21,,,25,5,2,10,8,1,
2024,3,1,401677077,2024-12-15,Western Michigan Broncos,South Alabama Jaguars,WMU,USA,23,30,away,7,,,21,6,5,6,4,1,
2024,3,1,401677079,2024-12-18,James Madison Dukes,Western Kentucky Hilltoppers,JMU,WKU,27,17,home,10,,,25,5,5,9,6,1,
2024,3,1,401677080,2024-12-18,West Virginia Mountaineers,Memphis Tigers,WVU,MEM,37,42,away,5,,,22,10,4,4,4,1,
2024,3,1,401677081,2024-12-19,UNLV Rebels,California Golden Bears,UNLV,CAL,24,13,home,11,,,28,4,4,15,5,1,
2024,3,1,401677082,2024-12-20,Sam Houston Bearkats,Georgia Southern Eagles,SHSU,GASO,31,26,home,5,,,26,6,2,11,7,1,
2024,3,1,401677083,2024-12-20,Jacksonville State Gamecocks,Ohio Bobcats,JVST,OHIO,27,30,away,3,,,26,8,2,10,6,1,
2024,3,1,401677084,2024-12-20,Florida Gators,Tulane Green Wave,FLA,TULN,33,8,home,25,,,27,4,5,8,10,1,
2024,3,1,401677176,2024-12-21,Texas Longhorns,Clemson Tigers,TEX,CLEM,38,24,home,14,,,24,8,2,5,9,1,
2024,3,1,401677178,2024-12-21,Penn State Nittany Lions,SMU Mustangs,PSU,SMU,38,10,home,28,,,25,4,3,8,10,1,
2024,3,1,401677179,2024-12-21,Notre Dame Fighting Irish,Indiana Hoosiers,ND,IU,27,17,home,10,,,21,5,4,8,4,1,
2024,3,1,401729786,2024-12-21,North Dakota State Bison,South Dakota State Jackrabbits,NDSU,SDST,28,21,home,7,,,20,7,0,9,4,1,
2024,3,1,401729787,2024-12-21,Montana State Bobcats,South Dakota Coyotes,MTST,SDAK,31,17,home,14,,,22,6,2,9,5,1,
2024,3,1,401677177,2024-12-22,Ohio State Buckeyes,Tennessee Volunteers,OSU,TENN,42,17,home,25,,,23,8,1,10,4,1,
2024,3,1,401677085,2024-12-23,Coastal Carolina Chanticleers,UTSA Roadrunners,CCU,UTSA,15,44,away,29,,,28,6,3,9,10,1,
2024,3,1,401677086,2024-12-23,Fresno State Bulldogs,Northern Illinois Huskies,FRES,NIU,20,28,away,8,,,24,6,5,5,8,1,
2024,3,1,401677087,2024-12-25,San José State Spartans,South Florida Bulls,SJSU,USF,39,41,away,2,,,34,6,6,13,9,1,
2024,3,1,401677088,2024-12-26,Kansas State Wildcats,Rutgers Scarlet Knights,KSU,RUTG,44,41,home,3,,,27,11,3,8,5,1,
2024,3,1,401677180,2024-12-26,Toledo Rockets,Pittsburgh Panthers,TOL,PITT,48,46,home,2,,,38,8,5,10,15,1,
2024,3,1,401677089,2024-12-27,Bowling Green Falcons,Arkansas State Red Wolves,BGSU,ARST,31,38,away,7,,,24,8,6,5,5,1,
2024,3,1,401677090,2024-12-27,Navy Midshipmen,Oklahoma Sooners,NAVY,OU,21,20,home,1,,,22,6,2,8,6,1,
2024,3,1,401677091,2024-12-27,Vanderbilt Commodores,Georgia Tech Yellow Jackets,VAN,GT,35,27,home,8,,,21,8,2,7,4,1,
2024,3,1,401677092,2024-12-28,Arkansas Razorbacks,Texas Tech Red Raiders,ARK,TTU,39,26,home,13,,,27,7,3,8,9,1,
2024,3,1,401677093,2024-12-28,Texas A&M Aggies,USC Trojans,TA&M,USC,31,35,away,4,,,27,9,3,8,7,1,
2024,3,1,401677094,2024-12-28,North Carolina Tar Heels,UConn Huskies,UNC,CONN,14,27,away,13,,,23,4,3,10,6,1,
2024,3,1,401677095,2024-12-28,Nebraska Cornhuskers,Boston College Eagles,NEB,BC,20,15,home,5,,,19,5,1,3,10,1,
2024,3,1,401677096,2024-12-28,TCU Horned Frogs,Louisiana Ragin' Cajuns,TCU,UL,34,3,home,31,,,24,4,4,9,7,1,
2024,3,1,401677097,2024-12-28,Miami Hurricanes,Iowa State Cyclones,MIA,ISU,41,42,away,1,,,22,11,2,4,5,1,
2024,3,1,401677098,2024-12-28,NC State Wolfpack,East Carolina Pirates,NCSU,ECU,21,26,away,5,,,20,6,4,3,7,1,
2024,3,1,401677188,2024-12-28,Colorado State Rams,Miami (OH) RedHawks,CSU,M-OH,17,43,away,26,,,26,7,4,6,9,1,
2024,3,1,401729867,2024-12-28,Washington State Cougars,Syracuse Orange,WSU,SYR,35,52,away,17,,,23,11,4,3,5,1,
2024,3,1,401677099,2024-12-29,Colorado Buffaloes,BYU Cougars,COLO,BYU,14,36,away,22,,,21,5,3,5,8,1,
2024,3,1,401677100,2024-12-29,Army Black Knights,Louisiana Tech Bulldogs,ARMY,LT,27,6,home,21,,,17,4,3,3,7,1,
2024,3,1,401677101,2024-12-30,Missouri Tigers,Iowa Hawkeyes,MIZ,IOWA,27,24,home,3,,,21,4,3,9,5,1,
2024,3,1,401677102,2024-12-31,Michigan Wolverines,Alabama Crimson Tide,MICH,ALA,19,13,home,6,,,27,2,6,10,9,1,
2024,3,1,401677103,2024-12-31,Illinois Fighting Illini,South Carolina Gamecocks,ILL,SC,21,17,home,4,,,18,5,1,5,7,1,
2024,3,1,401677104,2024-12-31,LSU Tigers,Baylor Bears,LSU,BAY,44,31,home,13,,,23,8,3,3,9,1,
2024,3,1,401677190,2024-12-31,Washington Huskies,Louisville Cardinals,WASH,LOU,34,35,away,1,,,25,9,0,12,4,1,
2024,3,1,401677181,2025-01-01,Boise State Broncos,Penn State Nittany Lions,BOIS,PSU,14,31,away,17,,,25,6,2,10,7,1,
2024,3,1,401677182,2025-01-01,Arizona State Sun Devils,Texas Longhorns,ASU,TEX,31,39,away,8,,,25,7,6,6,6,1,
2024,3,1,401677183,2025-01-01,Oregon Ducks,Ohio State Buckeyes,ORE,OSU,21,41,away,20,,,25,7,2,13,3,1,
2024,3,1,401677184,2025-01-02,Georgia Bulldogs,Notre Dame Fighting Irish,UGA,ND,10,23,away,13,,,23,2,4,9,8,1,
2024,3,1,401677105,2025-01-03,Ole Miss Rebels,Duke Blue Devils,MISS,DUKE,52,20,home,32,,,24,8,1,7,8,1,
2024,3,1,401677106,2025-01-03,Texas State Bobcats,North Texas Mean Green,TXST,UNT,30,28,home,2,,,23,7,3,6,7,1,
2024,3,1,401677107,2025-01-04,Virginia Tech Hokies,Minnesota Golden Gophers,VT,MINN,10,24,away,14,,,19,4,2,8,5,1,
2024,3,1,401677108,2025-01-04,Liberty Flames,Buffalo Bulls,LIB,BUFF,7,26,away,19,,,22,2,6,9,5,1,
2024,3,1,401680057,2025-01-07,Montana State Bobcats,North Dakota State Bison,MTST,NDSU,32,35,away,3,,,18,9,1,6,2,1,
2024,3,1,401677189,2025-01-10,Penn State Nittany Lions,Notre Dame Fighting Irish,PSU,ND,24,27,away,3,,,22,6,3,9,4,1,
2024,3,1,401677191,2025-01-11,Texas Longhorns,Ohio State Buckeyes,TEX,OSU,14,28,away,14,,,23,5,0,12,6,1,
2024,3,1,401677192,2025-01-21,Notre Dame Fighting Irish,Ohio State Buckeyes,ND,OSU,23,34,away,11,,,17,7,3,3,4,1,
2025,2,1,401754516,2025-08-23,Hawai'i Rainbow Warriors,Stanford Cardinal,HAW,STAN,23,20,home,3,,,21,3,6,8,4,1,
2025,2,1,401756846,2025-08-23,Kansas State Wildcats,Iowa State Cyclones,KSU,ISU,21,24,away,3,,,24,6,2,8,8,1,
2025,2,1,401756847,2025-08-23,Kansas Jayhawks,Fresno State Bulldogs,KU,FRES,31,7,home,24,,,20,5,2,7,6,1,
2025,2,1,401757218,2025-08-23,Western Kentucky Hilltoppers,Sam Houston Bearkats,WKU,SHSU,41,24,home,17,,,30,7,4,11,8,1,
2025,2,1,401760371,2025-08-23,UNLV Rebels,Idaho State Bengals,UNLV,IDST,38,31,home,7,,,28,9,4,6,9,1,
2025,2,1,401767126,2025-08-23,Portland State Vikings,Tarleton State Texans,PRST,TAR,0,42,away,42,,,23,4,4,7,8,1,
2025,2,1,401767410,2025-08-23,Southern Jaguars,North Carolina Central Eagles,SOU,NCCU,14,31,away,17,,,18,6,1,7,4,1,
2025,2,1,401767476,2025-08-23,Nicholls Colonels,Incarnate Word Cardinals,NICH,UIW,20,6,home,14,,,27,1,6,15,5,1,
2025,2,1,401752674,2025-08-28,Missouri Tigers,Central Arkansas Bears,MIZ,CARK,61,6,home,55,,,23,6,2,9,6,1,
2025,2,1,401752794,2025-08-28,Rutgers Scarlet Knights,Ohio Bobcats,RUTG,OHIO,34,31,home,3,,,20,9,4,3,4,1,
2025,2,1,401754373,2025-08-28,NC State Wolfpack,East Carolina Pirates,NCSU,ECU,24,17,home,7,,,24,5,5,9,5,1,
2025,2,1,401754517,2025-08-28,Duke Blue Devils,Elon Phoenix,DUKE,ELON,45,17,home,28,,,21,7,3,7,4,1,
2025,2,1,401756848,2025-08-28,UCF Knights,Jacksonville State Gamecocks,UCF,JVST,17,10,home,7,,,20,3,4,9,4,1,
2025,2,1,401756876,2025-08-28,Oklahoma State Cowboys,UT Martin Skyhawks,OKST,UTM,27,7,home,20,,,22,4,2,13,3,1,
2025,2,1,401757219,2025-08-28,Delaware Blue Hens,Delaware State Hornets,DEL,DSU,35,17,home,18,,,19,6,2,6,5,1,
2025,2,1,401761588,2025-08-28,UL Monroe Warhawks,Saint Francis Red Flash,ULM,SFPA,29,0,home,29,,,21,3,2,10,6,1,
2025,2,1,401762522,2025-08-28,South Florida Bulls,Boise State Broncos,USF,BOIS,34,7,home,27,,,24,5,2,8,9,1,
2025,2,1,401762789,2025-08-28,Akron Zips,Wyoming Cowboys,AKR,WYO,0,10,away,10,,,25,1,2,15,7,1,
2025,2,1,401762790,2025-08-28,Bowling Green Falcons,Lafayette Leopards,BGSU,LAF,26,7,home,19,,,22,2,5,10,5,1,
2025,2,1,401767171,2025-08-28,Eastern Illinois Panthers,Dayton Flyers,EIU,DAY,24,14,home,10,,,27,5,3,11,8,1,
2025,2,1,401767209,2025-08-28,St. Thomas-Minnesota Tommies,Lindenwood Lions,STMN,LIN,35,13,home,22,,,19,7,4,5,3,1,
2025,2,1,401767298,2025-08-28,Samford Bulldogs,West Georgia Wolves,SAM,WES,3,34,away,31,,,26,2,5,12,7,1,
2025,2,1,401767327,2025-08-28,Norfolk State Spartans,Towson Tigers,NORF,TOW,7,27,away,20,,,21,4,3,11,3,1,
2025,2,1,401767446,2025-08-28,Indiana State Sycamores,McKendree Bearcats,INST,MCK,41,24,home,17,,,28,8,5,7,8,1,
2025,2,1,401767468,2025-08-28,Houston Christian Huskies,Arkansas Baptist Buffaloes,HCU,ARBA,69,0,home,69,,,31,9,0,13,9,1,
2025,2,1,401767549,2025-08-28,Youngstown State Penguins,Mercyhurst Lakers,YSU,MERC,24,15,home,9,,,19,5,2,4,8,1,
2025,2,1,401767620,2025-08-28,Drake Bulldogs,Upper Iowa Peacocks,DRKE,UPP,41,7,home,34,,,23,6,2,9,6,1,
2025,2,1,401752793,2025-08-29,Minnesota Golden Gophers,Buffalo Bulls,MINN,BUFF,23,10,home,13,,,21,3,5,10,3,1,
2025,2,1,401752795,2025-08-29,Illinois Fighting Illini,Western Illinois Leathernecks,ILL,WIU,52,3,home,49,,,21,6,3,7,5,1,
2025,2,1,401752796,2025-08-29,Cincinnati Bearcats,Nebraska Cornhuskers,CIN,NEB,17,20,away,3,,,20,4,3,8,5,1,
2025,2,1,401752802,2025-08-29,Michigan State Spartans,Western Michigan Broncos,MSU,WMU,23,6,home,17,,,25,4,2,11,8,1,
2025,2,1,401754374,2025-08-29,Wake Forest Demon Deacons,Kennesaw State Owls,WAKE,KENN,10,9,home,1,,,23,2,4,13,4,1,
2025,2,1,401756852,2025-08-29,Houston Cougars,Stephen F. Austin Lumberjacks,HOU,SFA,27,0,home,27,,,28,3,2,15,8,1,
2025,2,1,401756854,2025-08-29,Kansas Jayhawks,Wagner Seahawks,KU,WAG,46,7,home,39,,,26,7,1,14,4,1,
2025,2,1,401760357,2025-08-29,San Diego State Aztecs,Stony Brook Seawolves,SDSU,STBK,42,0,home,42,,,25,5,2,14,4,1,
2025,2,1,401761589,2025-08-29,Charlotte 49ers,App State Mountaineers,CLT,APP,11,34,away,23,,,21,5,3,9,4,1,
2025,2,1,401762430,2025-08-29,UAB Blazers,Alabama State Hornets,UAB,ALST,52,42,home,10,,,19,13,1,2,3,1,
2025,2,1,401762432,2025-08-29,Army Black Knights,Tarleton State Texans,ARMY,TAR,27,30,away,3,,,30,6,6,11,7,1,
2025,2,1,401762791,2025-08-29,Wisconsin Badgers,Miami (OH) RedHawks,WIS,M-OH,17,0,home,17,,,20,2,1,13,4,1,
2025,2,1,401767140,2025-08-29,Rhode Island Rams,Campbell Fighting Camels,URI,CAM,31,20,home,11,,,27,6,4,11,6,1,
2025,2,1,401767256,2025-08-29,Colgate Raiders,Monmouth Hawks,COLG,MONM,39,42,away,3,,,24,11,2,4,7,1,
2025,2,1,401767369,2025-08-29,Northwestern State Demons,Alcorn State Braves,NWST,ALCN,20,10,home,10,,,26,2,2,14,8,1,
2025,2,1,401779329,2025-08-29,Marist Red Foxes,New Haven Chargers,MRST,NH,31,14,home,17,,,25,4,3,9,9,1,
2025,2,1,401752665,2025-08-30,Florida State Seminoles,Alabama Crimson Tide,FSU,ALA,31,17,home,14,,,20,6,3,6,5,1,
2025,2,1,401752666,2025-08-30,Arkansas Razorbacks,Alabama A&M Bulldogs,ARK,AAMU,52,7,home,45,,,25,8,1,13,3,1,
2025,2,1,401752667,2025-08-30,Baylor Bears,Auburn Tigers,BAY,AUB,24,38,away,14,,,19,6,2,5,6,1,
2025,2,1,401752668,2025-08-30,Florida Gators,Long Island University Sharks,FLA,LIU,55,0,home,55,,,26,6,5,10,5,1,
2025,2,1,401752669,2025-08-30,Georgia Bulldogs,Marshall Thundering Herd,UGA,MRSH,45,7,home,38,,,27,7,1,17,2,1,
2025,2,1,401752670,2025-08-30,Kentucky Wildcats,Toledo Rockets,UK,TOL,24,16,home,8,,,26,5,1,11,9,1,
2025,2,1,401752671,2025-08-30,Clemson Tigers,LSU Tigers,CLEM,LSU,10,17,away,7,,,22,3,4,8,7,1,
2025,2,1,401752672,2025-08-30,Ole Miss Rebels,Georgia State Panthers,MISS,GAST,63,7,home,56,,,29,9,3,10,7,1,
2025,2,1,401752673,2025-08-30,Southern Miss Golden Eagles,Mississippi State Bulldogs,USM,MSST,17,34,away,17,,,24,6,3,9,6,1,
2025,2,1,401752675,2025-08-30,Oklahoma Sooners,Illinois State Redbirds,OU,ILST,35,3,home,32,,,22,5,1,11,5,1,
2025,2,1,401752676,2025-08-30,Tennessee Volunteers,Syracuse Orange,TENN,SYR,45,26,home,19,,,25,9,1,9,6,1,
2025,2,1,401752677,2025-08-30,Ohio State Buckeyes,Texas Longhorns,OSU,TEX,14,7,home,7,,,21,3,0,10,8,1,
2025,2,1,401752678,2025-08-30,Texas A&M Aggies,UTSA Roadrunners,TA&M,UTSA,42,24,home,18,,,26,8,2,15,1,1,
2025,2,1,401752679,2025-08-30,Vanderbilt Commodores,Charleston Southern Buccaneers,VAN,CHSO,45,3,home,42,,,22,6,2,9,5,1,
2025,2,1,401752797,2025-08-30,Maryland Terrapins,Florida Atlantic Owls,MD,FAU,39,7,home,32,,,32,4,3,9,16,1,
2025,2,1,401752798,2025-08-30,USC Trojans,Missouri State Bears,USC,MOST,73,13,home,60,,,25,10,3,6,6,1,
2025,2,1,401752799,2025-08-30,Iowa Hawkeyes,UAlbany Great Danes,IOWA,ALB,34,7,home,27,,,20,5,2,10,3,1,
2025,2,1,401752801,2025-08-30,Purdue Boilermakers,Ball State Cardinals,PUR,BALL,31,0,home,31,,,18,4,3,8,3,1,
2025,2,1,401752803,2025-08-30,Tulane Green Wave,Northwestern Wildcats,TULN,NU,23,3,home,20,,,23,2,4,8,9,1,
2025,2,1,401752804,2025-08-30,Oregon Ducks,Montana State Bobcats,ORE,MTST,59,13,home,46,,,19,9,3,5,2,1,
2025,2,1,401752806,2025-08-30,Indiana Hoosiers,Old Dominion Monarchs,IU,ODU,27,14,home,13,,,23,4,3,7,9,1,
2025,2,1,401752807,2025-08-30,Penn State Nittany Lions,Nevada Wolf Pack,PSU,NEV,46,11,home,35,,,22,6,5,4,7,1,
2025,2,1,401752808,2025-08-30,Michigan Wolverines,New Mexico Lobos,MICH,UNM,34,17,home,17,,,24,6,3,8,7,1,
2025,2,1,401754375,2025-08-30,Colorado Buffaloes,Georgia Tech Yellow Jackets,COLO,GT,20,27,away,7,,,20,5,4,7,4,1,
2025,2,1,401754518,2025-08-30,Boston College Eagles,Fordham Rams,BC,FOR,66,10,home,56,,,29,9,2,15,3,1,
2025,2,1,401754519,2025-08-30,Louisville Cardinals,Eastern Kentucky Colonels,LOU,EKU,51,17,home,34,,,24,7,2,10,5,1,
2025,2,1,401754520,2025-08-30,Pittsburgh Panthers,Duquesne Dukes,PITT,DUQ,61,9,home,52,,,30,8,3,16,3,1,
2025,2,1,401754616,2025-08-30,Virginia Cavaliers,Coastal Carolina Chanticleers,UVA,CCU,48,7,home,41,,,28,5,3,11,9,1,
2025,2,1,401756853,2025-08-30,Iowa State Cyclones,South Dakota Coyotes,ISU,SDAK,55,7,home,48,,,19,8,2,5,4,1,
2025,2,1,401756855,2025-08-30,Kansas State Wildcats,North Dakota Fighting Hawks,KSU,UND,38,35,home,3,,,26,10,1,10,5,1,
2025,2,1,401756877,2025-08-30,Texas Tech Red Raiders,Arkansas-Pine Bluff Golden Lions,TTU,UAPB,67,7,home,60,,,24,9,3,7,5,1,
2025,2,1,401756878,2025-08-30,West Virginia Mountaineers,Robert Morris Colonials,WVU,RMU,45,3,home,42,,,30,5,2,14,9,1,
2025,2,1,401757167,2025-08-30,UConn Huskies,Central Connecticut Blue Devils,CONN,CCSU,59,13,home,46,,,26,9,4,9,4,1,
2025,2,1,401757220,2025-08-30,Liberty Flames,Maine Black Bears,LIB,ME,28,7,home,21,,,23,5,1,9,8,1,
2025,2,1,401757221,2025-08-30,Louisiana Tech Bulldogs,SE Louisiana Lions,LT,SELA,24,0,home,24,,,24,2,1,14,7,1,
2025,2,1,401757222,2025-08-30,Middle Tennessee Blue Raiders,Austin Peay Governors,MTSU,APSU,14,34,away,20,,,27,6,2,14,5,1,
2025,2,1,401757224,2025-08-30,Sam Houston Bearkats,UNLV Rebels,SHSU,UNLV,21,38,away,17,,,21,8,2,5,6,1,
2025,2,1,401757225,2025-08-30,Utah State Aggies,UTEP Miners,USU,UTEP,28,16,home,12,,,26,5,3,16,2,1,
2025,2,1,401757226,2025-08-30,Western Kentucky Hilltoppers,North Alabama Lions,WKU,UNA,55,6,home,49,,,27,7,4,10,6,1,
2025,2,1,401760358,2025-08-30,San José State Spartans,Central Michigan Chippewas,SJSU,CMU,14,16,away,2,,,23,3,6,10,4,1,
2025,2,1,401760359,2025-08-30,Air Force Falcons,Bucknell Bison,AFA,BUCK,49,13,home,36,,,19,7,3,5,4,1,
2025,2,1,401761590,2025-08-30,James Madison Dukes,Weber State Wildcats,JMU,WEB,45,10,home,35,,,29,6,3,9,11,1,
2025,2,1,401761591,2025-08-30,Arkansas State Red Wolves,Southeast Missouri State Redhawks,ARST,SEMO,42,24,home,18,,,23,9,1,7,6,1,
2025,2,1,401761593,2025-08-30,South Alabama Jaguars,Morgan State Bears,USA,MORG,38,21,home,17,,,23,8,1,7,7,1,
2025,2,1,401761595,2025-08-30,Troy Trojans,Nicholls Colonels,TROY,NICH,38,20,home,18,,,22,7,3,7,5,1,
2025,2,1,401762433,2025-08-30,Memphis Tigers,Chattanooga Mocs,MEM,UTC,45,10,home,35,,,22,6,4,7,5,1,
2025,2,1,401762434,2025-08-30,Navy Midshipmen,VMI Keydets,NAVY,VMI,52,7,home,45,,,22,8,1,10,3,1,
2025,2,1,401762456,2025-08-30,Massachusetts Minutemen,Temple Owls,MASS,TEM,10,42,away,32,,,21,7,1,7,6,1,
2025,2,1,401762792,2025-08-30,Kent State Golden Flashes,Merrimack Warriors,KENT,MRMK,21,17,home,4,,,25,3,5,13,4,1,
2025,2,1,401762793,2025-08-30,Northern Illinois Huskies,Holy Cross Crusaders,NIU,HC,19,17,home,2,,,24,0,5,10,9,1,
2025,2,1,401766898,2025-08-30,Florida International Panthers,Bethune-Cookman Wildcats,FIU,BCU,42,9,home,33,,,23,6,4,6,7,1,
2025,2,1,401767059,2025-08-30,Incarnate Word Cardinals,Eastern Washington Eagles,UIW,EWU,31,21,home,10,,,26,7,2,11,6,1,
2025,2,1,401767119,2025-08-30,Northern Colorado Bears,Chadron State Eagles,UNCO,CHA,17,3,home,14,,,16,2,4,7,3,1,
2025,2,1,401767130,2025-08-30,South Dakota State Jackrabbits,Sacramento State Hornets,SDST,SAC,20,3,home,17,,,23,2,5,7,9,1,
2025,2,1,401767179,2025-08-30,Jackson State Tigers,Hampton Pirates,JKST,HAMP,28,14,home,14,,,24,4,0,12,8,1,
2025,2,1,401767201,2025-08-30,Western Carolina Catamounts,Gardner-Webb Runnin' Bulldogs,WCU,GWEB,45,52,away,7,,,36,13,3,11,9,1,
2025,2,1,401767223,2025-08-30,Tennessee State Tigers,North Carolina A&T Aggies,TNST,NCAT,24,21,home,3,,,28,6,2,14,6,1,
2025,2,1,401767230,2025-08-30,Tennessee Tech Golden Eagles,Cumberland (TN) Bulldogs,TNTC,CUMB,65,0,home,65,,,23,8,1,9,5,1,
2025,2,1,401767265,2025-08-30,North Carolina Central Eagles,New Hampshire Wildcats,NCCU,UNH,10,27,away,17,,,25,4,4,12,5,1,
2025,2,1,401767339,2025-08-30,Furman Paladins,William & Mary Tribe,FUR,W&M,23,21,home,2,,,23,4,4,10,5,1,
2025,2,1,401767350,2025-08-30,Florida A&M Rattlers,Howard Bison,FAMU,HOW,9,10,away,1,,,22,1,5,14,2,1,
2025,2,1,401767415,2025-08-30,South Carolina State Bulldogs,Wofford Terriers,SCST,WOF,16,15,home,1,,,24,2,7,10,5,1,
2025,2,1,401767425,2025-08-30,Mississippi Valley State Delta Devils,Southern Jaguars,MVSU,SOU,29,34,away,5,,,29,6,6,9,8,1,
2025,2,1,401767454,2025-08-30,East Tennessee State Buccaneers,Murray State Racers,ETSU,MUR,45,17,home,28,,,24,8,3,6,7,1,
2025,2,1,401767490,2025-08-30,McNeese Cowboys,Louisiana Christian University Wildcats,MCN,LCU,54,9,home,45,,,24,7,2,9,6,1,
2025,2,1,401767509,2025-08-30,The Citadel Bulldogs,North Dakota State Bison,CIT,NDSU,0,38,away,38,,,20,5,1,10,4,1,
2025,2,1,401767536,2025-08-30,Northern Iowa Panthers,Butler Bulldogs,UNI,BUT,38,14,home,24,,,18,7,2,4,5,1,
2025,2,1,401767547,2025-08-30,Southern Illinois Salukis,Thomas More College Saints,SIU,THO,49,3,home,46,,,24,6,2,9,7,1,
2025,2,1,401767572,2025-08-30,Mercer Bears,Presbyterian Blue Hose,MER,PRES,10,15,away,5,,,20,3,2,9,6,1,
2025,2,1,401767602,2025-08-30,Davidson Wildcats,Georgetown Hoyas,DAV,GTWN,14,51,away,37,,,23,9,1,6,7,1,
2025,2,1,401767634,2025-08-30,Morehead State Eagles,Allen Yellow Jackets,MORE,ALN,38,31,home,7,,,20,8,3,6,3,1,
2025,2,1,401767651,2025-08-30,Stetson Hatters,Webber International Warriors,STET,WEBB,21,31,away,10,,,24,5,3,9,7,1,
2025,2,1,401767655,2025-08-30,Valparaiso Beacons,Virginia Lynchburg Dragons,VAL,UVAL,67,10,home,57,,,28,7,3,8,10,1,
2025,2,1,401767657,2025-08-30,Sacred Heart Pioneers,Stonehill Skyhawks,SHU,STO,12,7,home,5,,,18,2,1,7,8,1,
2025,2,1,401767732,2025-08-30,Lehigh Mountain Hawks,Richmond Spiders,LEH,RICH,21,14,home,7,,,21,4,1,10,6,1,
2025,2,1,401752680,2025-08-31,South Carolina Gamecocks,Virginia Tech Hokies,SC,VT,24,11,home,13,,,21,2,3,11,5,1,
2025,2,1,401752800,2025-08-31,UCLA Bruins,Utah Utes,UCLA,UTAH,10,43,away,33,,,17,7,2,5,3,1,
2025,2,1,401752805,2025-08-31,Washington Huskies,Colorado State Rams,WASH,CSU,38,21,home,17,,,21,8,1,6,6,1,
2025,2,1,401752936,2025-08-31,Oregon State Beavers,California Golden Bears,ORST,CAL,15,34,away,19,,,24,7,2,9,6,1,
2025,2,1,401752947,2025-08-31,Washington State Cougars,Idaho Vandals,WSU,IDHO,13,10,home,3,,,22,2,4,11,5,1,
2025,2,1,401754521,2025-08-31,SMU Mustangs,East Texas A&M Lions,SMU,ETAM,42,13,home,29,,,25,5,3,9,8,1,
2025,2,1,401754522,2025-08-31,Miami Hurricanes,Notre Dame Fighting Irish,MIA,ND,27,24,home,3,,,23,6,3,9,5,1,
2025,2,1,401756849,2025-08-31,Arizona Wildcats,Hawai'i Rainbow Warriors,ARIZ,HAW,40,6,home,34,,,24,5,4,8,7,1,
2025,2,1,401756850,2025-08-31,Arizona State Sun Devils,Northern Arizona Lumberjacks,ASU,NAU,38,19,home,19,,,27,6,4,10,7,1,
2025,2,1,401756851,2025-08-31,BYU Cougars,Portland State Vikings,BYU,PRST,69,0,home,69,,,25,8,3,11,3,1,
2025,2,1,401757223,2025-08-31,New Mexico State Aggies,Bryant Bulldogs,NMSU,BRY,19,3,home,16,,,27,2,3,16,6,1,
2025,2,1,401760361,2025-08-31,Fresno State Bulldogs,Georgia Southern Eagles,FRES,GASO,42,14,home,28,,,21,7,2,7,5,1,
2025,2,1,401761592,2025-08-31,Louisiana Ragin' Cajuns,Rice Owls,UL,RICE,12,14,away,2,,,21,3,2,9,7,1,
2025,2,1,401761594,2025-08-31,Texas State Bobcats,Eastern Michigan Eagles,TXST,EMU,52,27,home,25,,,21,10,3,6,2,1,
2025,2,1,401762435,2025-08-31,North Texas Mean Green,Lamar Cardinals,UNT,LAM,51,0,home,51,,,25,6,1,11,7,1,
2025,2,1,401762457,2025-08-31,Tulsa Golden Hurricane,Abilene Christian Wildcats,TLSA,ACU,35,7,home,28,,,22,5,2,10,5,1,
2025,2,1,401767070,2025-08-31,San Diego Toreros,Cal Poly Mustangs,USD,CP,17,41,away,24,,,23,7,4,10,2,1,
2025,2,1,401767080,2025-08-31,Southern Utah Thunderbirds,Idaho State Bengals,SUU,IDST,46,24,home,22,,,24,8,2,8,6,1,
2025,2,1,401767156,2025-08-31,Utah Tech Trailblazers,UC Davis Aggies,UTU,UCD,24,31,away,7,,,31,7,3,9,12,1,
2025,2,1,401767431,2025-08-31,Texas Southern Tigers,Prairie View A&M Panthers,TXSO,PV,21,22,away,1,,,18,6,1,9,2,1,
2025,2,1,401767526,2025-08-31,UT Rio Grande Valley Vaqueros,Sul Ross State Lobos,RGV,SROS,66,0,home,66,,,24,9,2,9,4,1,
2025,2,1,401788977,2025-08-31,Grambling Tigers,Langston Lions,GRAM,LAN,55,7,home,48,,,30,9,1,12,8,1,
2025,2,1,401754523,2025-09-02,North Carolina Tar Heels,TCU Horned Frogs,UNC,TCU,14,48,away,34,,,21,6,1,8,6,1,
2025,2,2,401752817,2025-09-05,Northwestern Wildcats,Western Illinois Leathernecks,NU,WIU,42,7,home,35,,,24,5,3,11,5,1,
2025,2,2,401752826,2025-09-05,Maryland Terrapins,Northern Illinois Huskies,MD,NIU,20,9,home,11,,,23,3,5,9,6,1,
2025,2,2,401754528,2025-09-05,Louisville Cardinals,James Madison Dukes,LOU,JMU,28,14,home,14,,,24,4,2,10,8,1,
2025,2,2,401752681,2025-09-06,Alabama Crimson Tide,UL Monroe Warhawks,ALA,ULM,73,0,home,73,,,23,9,1,6,7,1,
2025,2,2,401752682,2025-09-06,Arkansas Razorbacks,Arkansas State Red Wolves,ARK,ARST,56,14,home,42,,,23,8,1,5,9,1,
2025,2,2,401752683,2025-09-06,Auburn Tigers,Ball State Cardinals,AUB,BALL,42,3,home,39,,,25,5,2,13,5,1,
2025,2,2,401752684,2025-09-06,Florida Gators,South Florida Bulls,FLA,USF,16,18,away,2,,,21,2,7,10,2,1,
2025,2,2,401752685,2025-09-06,Georgia Bulldogs,Austin Peay Governors,UGA,APSU,28,6,home,22,,,22,4,2,10,6,1,
2025,2,2,401752686,2025-09-06,Kentucky Wildcats,Ole Miss Rebels,UK,MISS,23,30,away,7,,,28,5,7,10,6,1,
2025,2,2,401752687,2025-09-06,LSU Tigers,Louisiana Tech Bulldogs,LSU,LT,23,7,home,16,,,22,3,4,12,3,1,
2025,2,2,401752688,2025-09-06,Mississippi State Bulldogs,Arizona State Sun Devils,MSST,ASU,24,20,home,4,,,24,5,2,10,7,1,
2025,2,2,401752689,2025-09-06,Missouri Tigers,Kansas Jayhawks,MIZ,KU,42,31,home,11,,,22,8,3,6,5,1,
2025,2,2,401752690,2025-09-06,Oklahoma Sooners,Michigan Wolverines,OU,MICH,24,13,home,11,,,23,4,5,10,4,1,
2025,2,2,401752691,2025-09-06,South Carolina Gamecocks,South Carolina State Bulldogs,SC,SCST,38,10,home,28,,,22,3,3,11,5,1,
2025,2,2,401752692,2025-09-06,Tennessee Volunteers,East Tennessee State Buccaneers,TENN,ETSU,72,17,home,55,,,30,11,4,11,4,1,
2025,2,2,401752693,2025-09-06,Texas Longhorns,San José State Spartans,TEX,SJSU,38,7,home,31,,,29,6,2,11,10,1,
2025,2,2,401752694,2025-09-06,Texas A&M Aggies,Utah State Aggies,TA&M,USU,44,22,home,22,,,28,9,2,11,6,1,
2025,2,2,401752695,2025-09-06,Virginia Tech Hokies,Vanderbilt Commodores,VT,VAN,20,44,away,24,,,20,8,3,4,5,1,
2025,2,2,401752810,2025-09-06,Nebraska Cornhuskers,Akron Zips,NEB,AKR,68,0,home,68,,,27,9,3,8,7,1,
2025,2,2,401752811,2025-09-06,Penn State Nittany Lions,Florida International Panthers,PSU,FIU,34,0,home,34,,,24,4,2,10,8,1,
2025,2,2,401752812,2025-09-06,Indiana Hoosiers,Kennesaw State Owls,IU,KENN,56,9,home,47,,,25,8,3,9,5,1,
2025,2,2,401752813,2025-09-06,Minnesota Golden Gophers,Northwestern State Demons,MINN,NWST,66,0,home,66,,,24,7,1,9,7,1,
2025,2,2,401752814,2025-09-06,USC Trojans,Georgia Southern Eagles,USC,GASO,59,20,home,39,,,27,11,1,10,5,1,
2025,2,2,401752815,2025-09-06,Ohio State Buckeyes,Grambling Tigers,OSU,GRAM,70,0,home,70,,,24,9,1,8,6,1,
2025,2,2,401752816,2025-09-06,Michigan State Spartans,Boston College Eagles,MSU,BC,42,40,home,2,,,25,10,4,7,4,1,
2025,2,2,401752818,2025-09-06,Rutgers Scarlet Knights,Miami (OH) RedHawks,RUTG,M-OH,45,17,home,28,,,19,8,2,5,4,1,
2025,2,2,401752819,2025-09-06,Purdue Boilermakers,Southern Illinois Salukis,PUR,SIU,34,17,home,17,,,17,6,4,3,4,1,
2025,2,2,401752820,2025-09-06,Wisconsin Badgers,Middle Tennessee Blue Raiders,WIS,MTSU,42,10,home,32,,,22,7,1,8,6,1,
2025,2,2,401752822,2025-09-06,Iowa State Cyclones,Iowa Hawkeyes,ISU,IOWA,16,13,home,3,,,20,2,5,9,4,1,
2025,2,2,401752824,2025-09-06,Oregon Ducks,Oklahoma State Cowboys,ORE,OKST,69,3,home,66,,,27,8,2,12,5,1,
2025,2,2,401752825,2025-09-06,Duke Blue Devils,Illinois Fighting Illini,DUKE,ILL,19,45,away,26,,,22,8,3,4,7,1,
2025,2,2,401752937,2025-09-06,Oregon State Beavers,Fresno State Bulldogs,ORST,FRES,27,36,away,9,,,22,6,5,5,6,1,
2025,2,2,401754524,2025-09-06,NC State Wolfpack,Virginia Cavaliers,NCSU,UVA,35,31,home,4,,,21,9,2,6,4,1,
2025,2,2,401754525,2025-09-06,SMU Mustangs,Baylor Bears,SMU,BAY,45,48,away,3,,,27,12,5,4,6,1,
2025,2,2,401754527,2025-09-06,Charlotte 49ers,North Carolina Tar Heels,CLT,UNC,3,20,away,17,,,23,2,4,12,5,1,
2025,2,2,401754529,2025-09-06,Pittsburgh Panthers,Central Michigan Chippewas,PITT,CMU,45,17,home,28,,,22,8,2,6,6,1,
2025,2,2,401754530,2025-09-06,California Golden Bears,Texas Southern Tigers,CAL,TXSO,35,3,home,32,,,25,4,3,12,6,1,
2025,2,2,401754618,2025-09-06,Syracuse Orange,UConn Huskies,SYR,CONN,27,20,home,7,,,28,5,5,13,5,1,
2025,2,2,401754620,2025-09-06,Wake Forest Demon Deacons,Western Carolina Catamounts,WAKE,WCU,42,10,home,32,,,31,7,2,12,10,1,
2025,2,2,401754621,2025-09-06,Florida State Seminoles,East Texas A&M Lions,FSU,ETAM,77,3,home,74,,,25,11,1,7,6,1,
2025,2,2,401754622,2025-09-06,Georgia Tech Yellow Jackets,Gardner-Webb Runnin' Bulldogs,GT,GWEB,59,12,home,47,,,0,0,0,0,0,0,no drives
2025,2,2,401754637,2025-09-06,Clemson Tigers,Troy Trojans,CLEM,TROY,27,16,home,11,,,21,4,4,6,7,1,
2025,2,2,401754641,2025-09-06,Miami Hurricanes,Bethune-Cookman Wildcats,MIA,BCU,45,3,home,42,,,17,6,2,4,5,1,
2025,2,2,401756880,2025-09-06,Cincinnati Bearcats,Bowling Green Falcons,CIN,BGSU,34,20,home,14,,,21,6,5,6,4,1,
2025,2,2,401756881,2025-09-06,Colorado Buffaloes,Delaware Blue Hens,COLO,DEL,31,7,home,24,,,22,5,2,9,6,1,
2025,2,2,401756882,2025-09-06,Kansas State Wildcats,Army Black Knights,KSU,ARMY,21,24,away,3,,,16,3,3,5,5,1,
2025,2,2,401756883,2025-09-06,Ohio Bobcats,West Virginia Mountaineers,OHIO,WVU,17,10,home,7,,,27,2,3,12,10,1,
2025,2,2,401756884,2025-09-06,Rice Owls,Houston Cougars,RICE,HOU,9,35,away,26,,,25,5,2,12,6,1,
2025,2,2,401756885,2025-09-06,Texas Tech Red Raiders,Kent State Golden Flashes,TTU,KENT,62,14,home,48,,,29,9,2,10,8,1,
2025,2,2,401756886,2025-09-06,UCF Knights,North Carolina A&T Aggies,UCF,NCAT,68,7,home,61,,,25,8,3,10,4,1,
2025,2,2,401756887,2025-09-06,Utah Utes,Cal Poly Mustangs,UTAH,CP,63,9,home,54,,,25,8,3,9,5,1,
2025,2,2,401757227,2025-09-06,Jacksonville State Gamecocks,Liberty Flames,JVST,LIB,34,24,home,10,,,22,7,4,6,5,1,
2025,2,2,401757228,2025-09-06,Marshall Thundering Herd,Missouri State Bears,MRSH,MOST,20,21,away,1,,,25,5,5,10,5,1,
2025,2,2,401757232,2025-09-06,Toledo Rockets,Western Kentucky Hilltoppers,TOL,WKU,45,21,home,24,,,25,8,1,10,6,1,
2025,2,2,401760363,2025-09-06,Boise State Broncos,Eastern Washington Eagles,BOIS,EWU,51,14,home,37,,,29,9,3,10,7,1,
2025,2,2,401760364,2025-09-06,Colorado State Rams,Northern Colorado Bears,CSU,UNCO,21,17,home,4,,,23,5,2,9,7,1,
2025,2,2,401760365,2025-09-06,Nevada Wolf Pack,Sacramento State Hornets,NEV,SAC,20,17,home,3,,,20,3,4,6,7,1,
2025,2,2,401760366,2025-09-06,New Mexico Lobos,Idaho State Bengals,UNM,IDST,32,22,home,10,,,22,6,4,6,6,1,
2025,2,2,401760367,2025-09-06,Wyoming Cowboys,Northern Iowa Panthers,WYO,UNI,31,7,home,24,,,24,5,3,12,4,1,
2025,2,2,401761596,2025-09-06,App State Mountaineers,Lindenwood Lions,APP,LIN,20,13,home,7,,,25,4,2,10,9,1,
2025,2,2,401761597,2025-09-06,Coastal Carolina Chanticleers,Charleston Southern Buccaneers,CCU,CHSO,13,0,home,13,,,21,1,2,12,6,1,
2025,2,2,401761598,2025-09-06,Georgia State Panthers,Memphis Tigers,GAST,MEM,16,38,away,22,,,21,6,4,6,5,1,
2025,2,2,401761599,2025-09-06,Old Dominion Monarchs,North Carolina Central Eagles,ODU,NCCU,54,6,home,48,,,27,7,3,8,9,1,
2025,2,2,401761601,2025-09-06,South Alabama Jaguars,Tulane Green Wave,USA,TULN,31,33,away,2,,,22,8,3,6,5,1,
2025,2,2,401761602,2025-09-06,Southern Miss Golden Eagles,Jackson State Tigers,USM,JKST,38,20,home,18,,,23,6,5,7,5,1,
2025,2,2,401761603,2025-09-06,UTSA Roadrunners,Texas State Bobcats,UTSA,TXST,36,43,away,7,,,27,10,2,8,7,1,
2025,2,2,401762458,2025-09-06,Navy Midshipmen,UAB Blazers,NAVY,UAB,38,24,home,14,,,20,7,3,4,6,1,
2025,2,2,401762459,2025-09-06,East Carolina Pirates,Campbell Fighting Camels,ECU,CAM,56,3,home,53,,,24,8,1,11,4,1,
2025,2,2,401762460,2025-09-06,Florida Atlantic Owls,Florida A&M Rattlers,FAU,FAMU,56,14,home,42,,,25,8,3,10,4,1,
2025,2,2,401762461,2025-09-06,Western Michigan Broncos,North Texas Mean Green,WMU,UNT,30,33,away,3,,,23,7,5,10,1,1,
2025,2,2,401762462,2025-09-06,Temple Owls,Howard Bison,TEM,HOW,55,7,home,48,,,22,7,2,9,4,1,
2025,2,2,401762794,2025-09-06,Buffalo Bulls,Saint Francis Red Flash,BUFF,SFPA,45,6,home,39,,,22,7,1,9,5,1,
2025,2,2,401762795,2025-09-06,Eastern Michigan Eagles,Long Island University Sharks,EMU,LIU,23,28,away,5,,,22,6,2,9,5,1,
2025,2,2,401762816,2025-09-06,Massachusetts Minutemen,Bryant Bulldogs,MASS,BRY,26,27,away,1,,,25,5,6,10,4,1,
2025,2,2,401767089,2025-09-06,Idaho Vandals,St. Thomas-Minnesota Tommies,IDHO,STMN,37,30,home,7,,,22,8,4,3,7,1,
2025,2,2,401767112,2025-09-06,Northern Arizona Lumberjacks,Utah Tech Trailblazers,NAU,UTU,38,31,home,7,,,25,9,2,7,7,1,
2025,2,2,401767127,2025-09-06,North Dakota Fighting Hawks,Portland State Vikings,UND,PRST,50,20,home,30,,,22,9,2,3,8,1,
2025,2,2,401767172,2025-09-06,Indiana State Sycamores,Eastern Illinois Panthers,INST,EIU,38,14,home,24,,,25,7,1,12,5,1,
2025,2,2,401767180,2025-09-06,Hampton Pirates,Elizabeth City State Vikings,HAMP,ELIZ,27,20,home,7,,,20,6,2,4,8,1,
2025,2,2,401767189,2025-09-06,William & Mary Tribe,Maine Black Bears,W&M,ME,28,27,home,1,,,20,7,2,6,5,1,
2025,2,2,401767216,2025-09-06,Southeast Missouri State Redhawks,North Alabama Lions,SEMO,UNA,30,21,home,9,,,27,6,4,10,7,1,
2025,2,2,401767224,2025-09-06,Tennessee State Tigers,North Dakota State Bison,TNST,NDSU,3,59,away,56,,,25,7,3,10,5,1,
2025,2,2,401767231,2025-09-06,Tennessee Tech Golden Eagles,Chattanooga Mocs,TNTC,UTC,45,17,home,28,,,25,7,2,9,7,1,
2025,2,2,401767257,2025-09-06,Fordham Rams,Monmouth Hawks,FOR,MONM,28,49,away,21,,,26,11,0,8,7,1,
2025,2,2,401767266,2025-09-06,New Hampshire Wildcats,Holy Cross Crusaders,UNH,HC,19,16,home,3,,,20,2,6,7,5,1,
2025,2,2,401767277,2025-09-06,Eastern Kentucky Colonels,Houston Christian Huskies,EKU,HCU,20,10,home,10,,,26,2,5,12,7,1,
2025,2,2,401767304,2025-09-06,Tarleton State Texans,Mississippi Valley State Delta Devils,TAR,MVSU,59,3,home,56,,,29,7,3,8,11,1,
2025,2,2,401767309,2025-09-06,Alabama A&M Bulldogs,Alcorn State Braves,AAMU,ALCN,41,31,home,10,,,25,10,2,8,5,1,
2025,2,2,401767317,2025-09-06,Stony Brook Seawolves,Rhode Island Rams,STBK,URI,17,31,away,14,,,32,7,5,11,9,1,
2025,2,2,401767328,2025-09-06,Morgan State Bears,Towson Tigers,MORG,TOW,22,27,away,5,,,19,5,2,6,6,1,
2025,2,2,401767332,2025-09-06,Delaware State Hornets,UAlbany Great Danes,DSU,ALB,37,32,home,5,,,25,10,2,7,6,1,
2025,2,2,401767336,2025-09-06,Villanova Wildcats,Colgate Raiders,VILL,COLG,24,17,home,7,,,21,5,3,11,2,1,
2025,2,2,401767359,2025-09-06,Southern Jaguars,Alabama State Hornets,SOU,ALST,7,30,away,23,,,22,4,6,6,6,1,
2025,2,2,401767379,2025-09-06,Central Arkansas Bears,Arkansas-Pine Bluff Golden Lions,CARK,UAPB,41,17,home,24,,,22,7,2,6,7,1,
2025,2,2,401767404,2025-09-06,Norfolk State Spartans,Virginia State Trojans,NORF,VIR,34,31,home,3,,,24,6,4,8,6,1,
2025,2,2,401767432,2025-09-06,Prairie View A&M Panthers,UT Rio Grande Valley Vaqueros,PV,RGV,21,27,away,6,,,26,6,3,12,5,1,
2025,2,2,401767437,2025-09-06,Illinois State Redbirds,Morehead State Eagles,ILST,MORE,41,13,home,28,,,23,6,2,6,9,1,
2025,2,2,401767455,2025-09-06,Murray State Racers,SE Louisiana Lions,MUR,SELA,24,45,away,21,,,25,8,3,7,7,1,
2025,2,2,401767482,2025-09-06,Lamar Cardinals,South Dakota Coyotes,LAM,SDAK,20,13,home,7,,,20,3,4,5,8,1,
2025,2,2,401767550,2025-09-06,Youngstown State Penguins,Robert Morris Colonials,YSU,RMU,56,17,home,39,,,22,10,1,8,3,1,
2025,2,2,401767565,2025-09-06,Furman Paladins,Presbyterian Blue Hose,FUR,PRES,38,39,away,1,,,29,8,3,10,8,1,
2025,2,2,401767579,2025-09-06,Samford Bulldogs,The Citadel Bulldogs,SAM,CIT,13,40,away,27,,,26,4,5,9,8,1,
2025,2,2,401767587,2025-09-06,VMI Keydets,Ferrum Panthers,VMI,FER,42,7,home,35,,,27,6,2,12,7,1,
2025,2,2,401767593,2025-09-06,Wofford Terriers,Richmond Spiders,WOF,RICH,10,14,away,4,,,24,2,2,16,4,1,
2025,2,2,401767612,2025-09-06,Dayton Flyers,Thomas More College Saints,DAY,THO,38,0,home,38,,,20,5,2,6,7,1,
2025,2,2,401767626,2025-09-06,Marist Red Foxes,Bucknell Bison,MRST,BUCK,23,34,away,11,,,23,7,3,6,7,1,
2025,2,2,401767652,2025-09-06,Stetson Hatters,Warner Royals,STET,WAR,59,13,home,46,,,26,9,3,9,5,1,
2025,2,2,401767656,2025-09-06,Valparaiso Beacons,Adrian Bulldogs,VAL,ADR,7,10,away,3,,,20,2,2,6,10,1,
2025,2,2,401767658,2025-09-06,Lehigh Mountain Hawks,Sacred Heart Pioneers,LEH,SHU,28,10,home,18,,,20,4,1,10,5,1,
2025,2,2,401767719,2025-09-06,Georgetown Hoyas,Wagner Seahawks,GTWN,WAG,31,20,home,11,,,22,5,3,8,6,1,
2025,2,2,401767741,2025-09-06,Central Connecticut Blue Devils,American International Yellow Jackets,CCSU,AIC,34,7,home,27,,,23,4,2,11,6,1,
2025,2,2,401767750,2025-09-06,Duquesne Dukes,Lincoln (PA) Lions,DUQ,LINP,55,14,home,41,,,26,10,0,13,3,1,
2025,2,2,401767771,2025-09-06,Stonehill Skyhawks,Lafayette Leopards,STO,LAF,26,42,away,16,,,21,9,0,5,7,1,
2025,2,2,401769067,2025-09-06,Merrimack Warriors,St. Anselm Hawks,MRMK,STA,31,6,home,25,,,20,4,2,7,7,1,
2025,2,2,401769868,2025-09-06,Nicholls Colonels,West Georgia Wolves,NICH,WES,10,34,away,24,,,26,5,3,11,7,1,
2025,2,2,401769891,2025-09-06,Butler Bulldogs,Truman State Bulldogs,BUT,TRUM,37,27,home,10,,,24,9,2,10,3,1,
2025,2,2,401779511,2025-09-06,Mercyhurst Lakers,New Haven Chargers,MERC,NH,48,14,home,34,,,21,9,1,6,5,1,
2025,2,2,401752821,2025-09-07,Washington Huskies,UC Davis Aggies,WASH,UCD,70,10,home,60,,,20,10,1,6,3,1,
2025,2,2,401752823,2025-09-07,UNLV Rebels,UCLA Bruins,UNLV,UCLA,30,23,home,7,,,18,6,4,5,3,1,
2025,2,2,401752948,2025-09-07,Washington State Cougars,San Diego State Aztecs,WSU,SDSU,36,13,home,23,,,28,6,2,13,7,1,
2025,2,2,401754526,2025-09-07,BYU Cougars,Stanford Cardinal,BYU,STAN,27,3,home,24,,,22,2,5,8,7,1,
2025,2,2,401756879,2025-09-07,Arizona Wildcats,Weber State Wildcats,ARIZ,WEB,48,3,home,45,,,21,4,5,8,4,1,
2025,2,2,401757229,2025-09-07,New Mexico State Aggies,Tulsa Golden Hurricane,NMSU,TLSA,21,14,home,7,,,23,4,3,10,6,1,
2025,2,2,401757230,2025-09-07,Hawai'i Rainbow Warriors,Sam Houston Bearkats,HAW,SHSU,37,20,home,17,,,22,3,5,8,6,1,
2025,2,2,401757231,2025-09-07,UTEP Miners,UT Martin Skyhawks,UTEP,UTM,42,17,home,25,,,29,8,2,11,8,1,
2025,2,2,401761600,2025-09-07,Louisiana Ragin' Cajuns,McNeese Cowboys,UL,MCN,34,10,home,24,,,20,5,5,5,5,1,
2025,2,2,401767097,2025-09-07,Montana Grizzlies,Central Washington Wildcats,MONT,CEN,42,17,home,25,,,23,8,1,7,7,1,
2025,2,2,401767105,2025-09-07,Montana State Bobcats,South Dakota State Jackrabbits,MTST,SDST,24,30,away,6,,,30,6,4,14,6,1,
2025,2,2,401767149,2025-09-07,Elon Phoenix,Davidson Wildcats,ELON,DAV,55,7,home,48,,,26,8,2,10,6,1,
2025,2,2,401767238,2025-09-07,Abilene Christian Wildcats,Stephen F. Austin Lumberjacks,ACU,SFA,28,20,home,8,,,22,4,2,7,9,1,
2025,2,2,401767292,2025-09-07,San Diego Toreros,Southern Utah Thunderbirds,USD,SUU,30,27,home,3,,,22,5,3,11,3,1,
2025,2,3,401754531,2025-09-11,Wake Forest Demon Deacons,NC State Wolfpack,WAKE,NCSU,24,34,away,10,,,24,6,3,10,5,1,
2025,2,3,401752836,2025-09-12,Indiana Hoosiers,Indiana State Sycamores,IU,INST,73,0,home,73,,,26,10,1,11,4,1,
2025,2,3,401754532,2025-09-12,Syracuse Orange,Colgate Raiders,SYR,COLG,66,24,home,42,,,29,10,3,5,11,1,
2025,2,3,401756893,2025-09-12,Houston Cougars,Colorado Buffaloes,HOU,COLO,36,20,home,16,,,25,6,6,7,6,1,
2025,2,3,401752696,2025-09-13,Alabama Crimson Tide,Wisconsin Badgers,ALA,WIS,38,14,home,24,,,19,6,1,6,6,1,
2025,2,3,401752697,2025-09-13,Auburn Tigers,South Alabama Jaguars,AUB,USA,31,15,home,16,,,16,5,2,3,6,1,
2025,2,3,401752698,2025-09-13,Kentucky Wildcats,Eastern Michigan Eagles,UK,EMU,48,23,home,25,,,25,8,6,5,6,1,
2025,2,3,401752699,2025-09-13,LSU Tigers,Florida Gators,LSU,FLA,20,10,home,10,,,24,2,2,12,8,1,
2025,2,3,401752700,2025-09-13,Ole Miss Rebels,Arkansas Razorbacks,MISS,ARK,41,35,home,6,,,19,10,4,3,2,1,
2025,2,3,401752701,2025-09-13,Mississippi State Bulldogs,Alcorn State Braves,MSST,ALCN,63,0,home,63,,,25,9,1,9,6,1,
2025,2,3,401752702,2025-09-13,Missouri Tigers,Louisiana Ragin' Cajuns,MIZ,UL,52,10,home,42,,,23,8,3,10,2,1,
2025,2,3,401752703,2025-09-13,Temple Owls,Oklahoma Sooners,TEM,OU,3,42,away,39,,,28,5,4,16,3,1,
2025,2,3,401752704,2025-09-13,South Carolina Gamecocks,Vanderbilt Commodores,SC,VAN,7,31,away,24,,,21,5,2,5,9,1,
2025,2,3,401752705,2025-09-13,Tennessee Volunteers,Georgia Bulldogs,TENN,UGA,41,44,away,3,,,27,10,6,5,6,1,
2025,2,3,401752706,2025-09-13,Texas Longhorns,UTEP Miners,TEX,UTEP,27,10,home,17,,,26,4,3,9,10,1,
2025,2,3,401752707,2025-09-13,Notre Dame Fighting Irish,Texas A&M Aggies,ND,TA&M,40,41,away,1,,,25,9,4,5,7,1,
2025,2,3,401752827,2025-09-13,Ohio State Buckeyes,Ohio Bobcats,OSU,OHIO,37,9,home,28,,,22,5,4,7,6,1,
2025,2,3,401752828,2025-09-13,Nebraska Cornhuskers,Houston Christian Huskies,NEB,HCU,59,7,home,52,,,22,8,1,8,5,1,
2025,2,3,401752829,2025-09-13,Illinois Fighting Illini,Western Michigan Broncos,ILL,WMU,38,0,home,38,,,22,5,2,12,3,1,
2025,2,3,401752830,2025-09-13,Iowa Hawkeyes,Massachusetts Minutemen,IOWA,MASS,47,7,home,40,,,22,6,3,8,5,1,
2025,2,3,401752831,2025-09-13,Northwestern Wildcats,Oregon Ducks,NU,ORE,14,34,away,20,,,20,6,2,5,7,1,
2025,2,3,401752832,2025-09-13,Purdue Boilermakers,USC Trojans,PUR,USC,17,33,away,16,,,18,4,6,3,5,1,
2025,2,3,401752833,2025-09-13,Rutgers Scarlet Knights,Norfolk State Spartans,RUTG,NORF,60,10,home,50,,,21,7,3,5,6,1,
2025,2,3,401752834,2025-09-13,Michigan State Spartans,Youngstown State Penguins,MSU,YSU,41,24,home,17,,,20,8,4,4,4,1,
2025,2,3,401752835,2025-09-13,Penn State Nittany Lions,Villanova Wildcats,PSU,VILL,52,6,home,46,,,24,5,4,10,5,1,
2025,2,3,401752837,2025-09-13,UCLA Bruins,New Mexico Lobos,UCLA,UNM,10,35,away,25,,,20,6,1,7,6,1,
2025,2,3,401752838,2025-09-13,Maryland Terrapins,Towson Tigers,MD,TOW,44,17,home,27,,,26,6,4,11,5,1,
2025,2,3,401752839,2025-09-13,Michigan Wolverines,Central Michigan Chippewas,MICH,CMU,63,3,home,60,,,25,9,2,6,8,1,
2025,2,3,401752938,2025-09-13,Texas Tech Red Raiders,Oregon State Beavers,TTU,ORST,45,14,home,31,,,26,8,2,9,7,1,
2025,2,3,401752949,2025-09-13,North Texas Mean Green,Washington State Cougars,UNT,WSU,59,10,home,49,,,24,8,2,6,8,1,
2025,2,3,401754535,2025-09-13,Miami Hurricanes,South Florida Bulls,MIA,USF,49,12,home,37,,,26,8,2,8,8,1,
2025,2,3,401754536,2025-09-13,Virginia Tech Hokies,Old Dominion Monarchs,VT,ODU,26,45,away,19,,,23,8,1,6,8,1,
2025,2,3,401754615,2025-09-13,Missouri State Bears,SMU Mustangs,MOST,SMU,10,28,away,18,,,26,5,3,11,7,1,
2025,2,3,401754619,2025-09-13,Virginia Cavaliers,William & Mary Tribe,UVA,W&M,55,16,home,39,,,27,9,2,9,7,1,
2025,2,3,401754623,2025-09-13,Georgia Tech Yellow Jackets,Clemson Tigers,GT,CLEM,24,21,home,3,,,19,5,3,5,6,1,
2025,2,3,401754638,2025-09-13,West Virginia Mountaineers,Pittsburgh Panthers,WVU,PITT,31,24,home,7,,,31,6,6,13,6,1,
2025,2,3,401754639,2025-09-13,North Carolina Tar Heels,Richmond Spiders,UNC,RICH,41,6,home,35,,,22,4,4,6,8,1,
2025,2,3,401756888,2025-09-13,Arizona Wildcats,Kansas State Wildcats,ARIZ,KSU,23,17,home,6,,,25,4,7,8,6,1,
2025,2,3,401756890,2025-09-13,Arkansas State Red Wolves,Iowa State Cyclones,ARST,ISU,16,24,away,8,,,20,4,5,6,5,1,
2025,2,3,401756891,2025-09-13,Baylor Bears,Samford Bulldogs,BAY,SAM,42,7,home,35,,,28,7,0,12,9,1,
2025,2,3,401756892,2025-09-13,Cincinnati Bearcats,Northwestern State Demons,CIN,NWST,70,0,home,70,,,25,9,0,11,5,1,
2025,2,3,401757168,2025-09-13,Delaware Blue Hens,UConn Huskies,DEL,CONN,44,41,home,3,,,24,11,4,7,2,1,
2025,2,3,401757234,2025-09-13,Georgia Southern Eagles,Jacksonville State Gamecocks,GASO,JVST,41,34,home,7,,,22,7,4,6,5,1,
2025,2,3,401757235,2025-09-13,Kennesaw State Owls,Merrimack Warriors,KENN,MRMK,27,13,home,14,,,19,4,3,7,5,1,
2025,2,3,401757256,2025-09-13,Bowling Green Falcons,Liberty Flames,BGSU,LIB,23,13,home,10,,,24,4,4,9,7,1,
2025,2,3,401757257,2025-09-13,Louisiana Tech Bulldogs,New Mexico State Aggies,LT,NMSU,49,14,home,35,,,29,6,5,11,7,1,
2025,2,3,401757258,2025-09-13,Nevada Wolf Pack,Middle Tennessee Blue Raiders,NEV,MTSU,13,14,away,1,,,26,3,5,13,5,1,
2025,2,3,401761604,2025-09-13,Coastal Carolina Chanticleers,East Carolina Pirates,CCU,ECU,0,38,away,38,,,26,5,3,7,11,1,
2025,2,3,401761605,2025-09-13,Georgia State Panthers,Murray State Racers,GAST,MUR,37,21,home,16,,,25,8,2,8,7,1,
2025,2,3,401761606,2025-09-13,Marshall Thundering Herd,Eastern Kentucky Colonels,MRSH,EKU,38,7,home,31,,,30,6,3,14,7,1,
2025,2,3,401761607,2025-09-13,Southern Miss Golden Eagles,App State Mountaineers,USM,APP,38,22,home,16,,,25,7,2,8,8,1,
2025,2,3,401761608,2025-09-13,Troy Trojans,Memphis Tigers,TROY,MEM,7,28,away,21,,,26,4,0,17,5,1,
2025,2,3,401762464,2025-09-13,Charlotte 49ers,Monmouth Hawks,CLT,MONM,42,35,home,7,,,24,10,0,5,9,1,
2025,2,3,401762466,2025-09-13,Rice Owls,Prairie View A&M Panthers,RICE,PV,38,17,home,21,,,20,7,3,6,4,1,
2025,2,3,401762467,2025-09-13,UTSA Roadrunners,Incarnate Word Cardinals,UTSA,UIW,48,20,home,28,,,28,8,2,10,8,1,
2025,2,3,401762817,2025-09-13,Kent State Golden Flashes,Buffalo Bulls,KENT,BUFF,28,31,away,3,,,26,8,1,10,7,1,
2025,2,3,401762818,2025-09-13,Ball State Cardinals,New Hampshire Wildcats,BALL,UNH,34,29,home,5,,,30,6,7,9,8,1,
2025,2,3,401762819,2025-09-13,Toledo Rockets,Morgan State Bears,TOL,MORG,60,0,home,60,,,29,8,1,15,5,1,
2025,2,3,401767030,2025-09-13,Bryant Bulldogs,Bentley Falcons,BRY,BENT,42,6,home,36,,,19,4,0,5,10,1,
2025,2,3,401767060,2025-09-13,Northern Iowa Panthers,Eastern Washington Eagles,UNI,EWU,17,14,home,3,,,23,4,2,13,4,1,
2025,2,3,401767090,2025-09-13,Idaho Vandals,Utah Tech Trailblazers,IDHO,UTU,20,6,home,14,,,16,2,6,6,2,1,
2025,2,3,401767098,2025-09-13,Montana Grizzlies,North Dakota Fighting Hawks,MONT,UND,24,23,home,1,,,32,6,2,17,7,1,
2025,2,3,401767106,2025-09-13,Montana State Bobcats,San Diego Toreros,MTST,USD,41,7,home,34,,,22,6,2,11,3,1,
2025,2,3,401767120,2025-09-13,South Dakota Coyotes,Northern Colorado Bears,SDAK,UNCO,24,17,home,7,,,19,3,6,5,5,1,
2025,2,3,401767141,2025-09-13,Campbell Fighting Camels,Furman Paladins,CAM,FUR,24,28,away,4,,,18,6,3,5,4,1,
2025,2,3,401767150,2025-09-13,Western Carolina Catamounts,Elon Phoenix,WCU,ELON,31,37,away,6,,,30,7,4,13,6,1,
2025,2,3,401767159,2025-09-13,McNeese Cowboys,Weber State Wildcats,MCN,WEB,41,42,away,1,,,27,9,1,8,9,1,
2025,2,3,401767161,2025-09-13,Charleston Southern Buccaneers,Lindenwood Lions,CHSO,LIN,28,35,away,7,,,25,8,1,12,4,1,
2025,2,3,401767173,2025-09-13,Eastern Illinois Panthers,Illinois State Redbirds,EIU,ILST,30,42,away,12,,,30,10,1,12,7,1,
2025,2,3,401767181,2025-09-13,North Carolina A&T Aggies,Hampton Pirates,NCAT,HAMP,33,30,home,3,,,25,4,4,15,2,1,
2025,2,3,401767190,2025-09-13,Maine Black Bears,Stonehill Skyhawks,ME,STO,10,13,away,3,,,23,2,3,13,5,1,
2025,2,3,401767202,2025-09-13,Gardner-Webb Runnin' Bulldogs,The Citadel Bulldogs,GWEB,CIT,23,13,home,10,,,21,4,4,10,3,1,
2025,2,3,401767217,2025-09-13,North Dakota State Bison,Southeast Missouri State Redhawks,NDSU,SEMO,41,14,home,27,,,24,7,3,11,3,1,
2025,2,3,401767225,2025-09-13,Tennessee State Tigers,Alabama A&M Bulldogs,TNST,AAMU,21,23,away,2,,,23,5,3,11,4,1,
2025,2,3,401767232,2025-09-13,Tennessee Tech Golden Eagles,Davidson Wildcats,TNTC,DAV,72,14,home,58,,,27,11,1,11,4,1,
2025,2,3,401767235,2025-09-13,UT Martin Skyhawks,Southern Illinois Salukis,UTM,SIU,10,37,away,27,,,22,6,2,6,8,1,
2025,2,3,401767237,2025-09-13,Western Illinois Leathernecks,Valparaiso Beacons,WIU,VAL,51,30,home,21,,,23,9,2,6,6,1,
2025,2,3,401767248,2025-09-13,Austin Peay Governors,Morehead State Eagles,APSU,MORE,56,7,home,49,,,22,9,0,10,3,1,
2025,2,3,401767285,2025-09-13,North Alabama Lions,Northeastern State RiverHawks,UNA,NEOS,49,21,home,28,,,29,7,3,9,10,1,
2025,2,3,401767300,2025-09-13,West Georgia Wolves,East Tennessee State Buccaneers,WES,ETSU,35,31,home,4,,,26,8,4,7,7,1,
2025,2,3,401767305,2025-09-13,Central Arkansas Bears,Tarleton State Texans,CARK,TAR,10,56,away,46,,,31,9,2,9,11,1,
2025,2,3,401767318,2025-09-13,Holy Cross Crusaders,Rhode Island Rams,HC,URI,7,9,away,2,,,19,1,4,9,5,1,
2025,2,3,401767322,2025-09-13,Stony Brook Seawolves,Fordham Rams,STBK,FOR,41,18,home,23,,,29,5,4,12,8,1,
2025,2,3,401767341,2025-09-13,Delaware State Hornets,Bowie State Bulldogs,DSU,BSU,36,14,home,22,,,27,5,1,12,9,1,
2025,2,3,401767351,2025-09-13,Morehouse College Maroon Tigers,Howard Bison,MOR,HOW,10,38,away,28,,,26,5,4,11,6,1,
2025,2,3,401767360,2025-09-13,Alabama State Hornets,Miles College Golden Bears,ALST,MIL,37,9,home,28,,,21,5,4,8,4,1,
2025,2,3,401767380,2025-09-13,Arkansas-Pine Bluff Golden Lions,Lincoln (CA) Oaklanders,UAPB,LCLN,34,8,home,26,,,22,6,0,8,8,1,
2025,2,3,401767388,2025-09-13,South Carolina State Bulldogs,Bethune-Cookman Wildcats,SCST,BCU,55,41,home,14,,,23,12,2,4,5,1,
2025,2,3,401767395,2025-09-13,Grambling Tigers,Kentucky State Thorobreds,GRAM,KYST,37,31,home,6,,,22,8,3,8,3,1,
2025,2,3,401767411,2025-09-13,North Carolina Central Eagles,Fayetteville State Broncos,NCCU,FAY,49,19,home,30,,,23,5,5,7,6,1,
2025,2,3,401767421,2025-09-13,Jackson State Tigers,Tuskegee Golden Tigers,JKST,TUSK,30,0,home,30,,,21,3,3,10,5,1,
2025,2,3,401767426,2025-09-13,SE Louisiana Lions,Mississippi Valley State Delta Devils,SELA,MVSU,56,3,home,53,,,25,7,2,9,7,1,
2025,2,3,401767458,2025-09-13,Texas Southern Tigers,Lamar Cardinals,TXSO,LAM,7,31,away,24,,,22,4,2,8,8,1,
2025,2,3,401767529,2025-09-13,Chattanooga Mocs,Stetson Hatters,UTC,STET,63,0,home,63,,,26,7,0,11,8,1,
2025,2,3,401767544,2025-09-13,South Dakota State Jackrabbits,Drake Bulldogs,SDST,DRKE,37,21,home,16,,,23,7,5,4,7,1,
2025,2,3,401767573,2025-09-13,Mercer Bears,Wofford Terriers,MER,WOF,22,21,home,1,,,29,5,4,12,8,1,
2025,2,3,401767588,2025-09-13,Bucknell Bison,VMI Keydets,BUCK,VMI,35,28,home,7,,,26,9,1,12,4,1,
2025,2,3,401767627,2025-09-13,Wagner Seahawks,Marist Red Foxes,WAG,MRST,10,21,away,11,,,30,3,1,12,14,1,
2025,2,3,401767639,2025-09-13,Presbyterian Blue Hose,Erskine Flying Fleet,PRES,ERS,42,14,home,28,,,22,7,0,9,6,1,
2025,2,3,401767648,2025-09-13,Northern Michigan Wildcats,St. Thomas-Minnesota Tommies,NMI,STMN,7,20,away,13,,,20,4,2,11,3,1,
2025,2,3,401767659,2025-09-13,Long Island University Sharks,Sacred Heart Pioneers,LIU,SHU,21,24,away,3,,,0,0,0,0,0,0,no drives
2025,2,3,401767720,2025-09-13,Georgetown Hoyas,Lafayette Leopards,GTWN,LAF,37,42,away,5,,,22,10,2,5,5,1,
2025,2,3,401767733,2025-09-13,Duquesne Dukes,Lehigh Mountain Hawks,DUQ,LEH,21,35,away,14,,,23,8,0,11,4,1,
2025,2,3,401767742,2025-09-13,Central Connecticut Blue Devils,Saint Francis Red Flash,CCSU,SFPA,31,7,home,24,,,28,4,3,15,6,1,
2025,2,3,401767762,2025-09-13,Robert Morris Colonials,West Liberty Hilltoppers,RMU,WLIB,28,14,home,14,,,21,5,1,4,11,1,
2025,2,3,401769832,2025-09-13,Florida A&M Rattlers,Albany State Golden Rams,FAMU,ALBS,33,25,home,8,,,0,0,0,0,0,0,no drives
2025,2,3,401769892,2025-09-13,Hanover Panthers,Butler Bulldogs,HAN,BUT,7,16,away,9,,,21,2,1,9,9,1,
2025,2,3,401783278,2025-09-13,UAlbany Great Danes,New Haven Chargers,ALB,NH,17,24,away,7,,,25,5,3,11,6,1,
2025,2,3,401752840,2025-09-14,California Golden Bears,Minnesota Golden Gophers,CAL,MINN,27,14,home,13,,,22,5,3,9,5,1,
2025,2,3,401754533,2025-09-14,Stanford Cardinal,Boston College Eagles,STAN,BC,30,20,home,10,,,23,4,5,9,5,1,
2025,2,3,401754534,2025-09-14,Tulane Green Wave,Duke Blue Devils,TULN,DUKE,34,27,home,7,,,23,7,6,3,7,1,
2025,2,3,401756889,2025-09-14,Arizona State Sun Devils,Texas State Bobcats,ASU,TXST,34,15,home,19,,,20,6,4,5,5,1,
2025,2,3,401756894,2025-09-14,TCU Horned Frogs,Abilene Christian Wildcats,TCU,ACU,42,21,home,21,,,18,9,3,3,3,1,
2025,2,3,401756895,2025-09-14,Wyoming Cowboys,Utah Utes,WYO,UTAH,6,31,away,25,,,21,5,4,7,5,1,
2025,2,3,401757233,2025-09-14,Florida International Panthers,Florida Atlantic Owls,FIU,FAU,38,28,home,10,,,28,7,1,8,12,1,
2025,2,3,401760368,2025-09-14,Utah State Aggies,Air Force Falcons,USU,AFA,49,30,home,19,,,24,11,1,7,5,1,
2025,2,3,401760369,2025-09-14,Fresno State Bulldogs,Southern Jaguars,FRES,SOU,56,7,home,49,,,22,9,1,9,3,1,
2025,2,3,401760370,2025-09-14,Hawai'i Rainbow Warriors,Portland State Vikings,HAW,PRST,23,3,home,20,,,23,1,4,11,7,1,
2025,2,3,401762463,2025-09-14,UAB Blazers,Akron Zips,UAB,AKR,31,28,home,3,,,25,5,4,8,8,1,
2025,2,3,401762465,2025-09-14,Tulsa Golden Hurricane,Navy Midshipmen,TLSA,NAVY,23,42,away,19,,,24,9,1,4,10,1,
2025,2,3,401767071,2025-09-14,Cal Poly Mustangs,Western Oregon Wolves,CP,WOR,56,7,home,49,,,29,8,1,12,8,1,
2025,2,3,401767113,2025-09-14,Southern Utah Thunderbirds,Northern Arizona Lumberjacks,SUU,NAU,49,52,away,3,,,25,12,1,7,5,1,
2025,2,3,401767131,2025-09-14,Sacramento State Hornets,Mercyhurst Lakers,SAC,MERC,49,28,home,21,,,22,9,2,3,8,1,
2025,2,3,401767524,2025-09-14,Stephen F. Austin Lumberjacks,Sul Ross State Lobos,SFA,SROS,63,0,home,63,,,21,7,0,8,6,1,
2025,2,3,401767527,2025-09-14,UT Rio Grande Valley Vaqueros,Langston Lions,RGV,LAN,80,0,home,80,,,31,7,1,14,9,1,
2025,2,4,401762468,2025-09-18,Charlotte 49ers,Rice Owls,CLT,RICE,17,28,away,11,,,23,5,4,11,3,1,
2025,2,4,401756900,2025-09-19,Oklahoma State Cowboys,Tulsa Golden Hurricane,OKST,TLSA,12,19,away,7,,,24,1,7,9,7,1,
2025,2,4,401767679,2025-09-19,Lafayette Leopards,Columbia Lions,LAF,COLU,38,14,home,24,,,21,7,1,7,6,1,
2025,2,4,401752708,2025-09-20,Memphis Tigers,Arkansas Razorbacks,MEM,ARK,32,31,home,1,,,27,8,4,8,7,1,
2025,2,4,401752709,2025-09-20,Miami Hurricanes,Florida Gators,MIA,FLA,26,7,home,19,,,23,4,2,11,6,1,
2025,2,4,401752710,2025-09-20,LSU Tigers,SE Louisiana Lions,LSU,SELA,56,10,home,46,,,21,9,1,8,3,1,
2025,2,4,401752711,2025-09-20,Ole Miss Rebels,Tulane Green Wave,MISS,TULN,45,10,home,35,,,22,6,4,5,7,1,
2025,2,4,401752712,2025-09-20,Mississippi State Bulldogs,Northern Illinois Huskies,MSST,NIU,38,10,home,28,,,20,6,2,7,5,1,
2025,2,4,401752713,2025-09-20,Missouri Tigers,South Carolina Gamecocks,MIZ,SC,29,20,home,9,,,22,5,5,8,4,1,
2025,2,4,401752714,2025-09-20,Oklahoma Sooners,Auburn Tigers,OU,AUB,24,17,home,7,,,25,4,5,11,5,1,
2025,2,4,401752715,2025-09-20,Tennessee Volunteers,UAB Blazers,TENN,UAB,56,24,home,32,,,26,9,1,9,7,1,
2025,2,4,401752716,2025-09-20,Vanderbilt Commodores,Georgia State Panthers,VAN,GAST,70,21,home,49,,,25,11,2,5,7,1,
2025,2,4,401752841,2025-09-20,Oregon Ducks,Oregon State Beavers,ORE,ORST,41,7,home,34,,,22,6,2,10,4,1,
2025,2,4,401752842,2025-09-20,Washington State Cougars,Washington Huskies,WSU,WASH,24,59,away,35,,,19,10,2,2,5,1,
2025,2,4,401752843,2025-09-20,Indiana Hoosiers,Illinois Fighting Illini,IU,ILL,63,10,home,53,,,23,9,0,10,4,1,
2025,2,4,401752844,2025-09-20,Rutgers Scarlet Knights,Iowa Hawkeyes,RUTG,IOWA,28,38,away,10,,,21,8,4,6,3,1,
2025,2,4,401752845,2025-09-20,Wisconsin Badgers,Maryland Terrapins,WIS,MD,10,27,away,17,,,27,4,5,15,3,1,
2025,2,4,401752846,2025-09-20,Nebraska Cornhuskers,Michigan Wolverines,NEB,MICH,27,30,away,3,,,24,6,6,8,4,1,
2025,2,4,401752848,2025-09-20,Notre Dame Fighting Irish,Purdue Boilermakers,ND,PUR,56,30,home,26,,,26,10,4,5,7,1,
2025,2,4,401754537,2025-09-20,Clemson Tigers,Syracuse Orange,CLEM,SYR,21,34,away,13,,,27,7,2,11,7,1,
2025,2,4,401754538,2025-09-20,Duke Blue Devils,NC State Wolfpack,DUKE,NCSU,45,33,home,12,,,24,10,2,4,8,1,
2025,2,4,401754539,2025-09-20,Virginia Cavaliers,Stanford Cardinal,UVA,STAN,48,20,home,28,,,24,9,4,8,3,1,
2025,2,4,401754541,2025-09-20,Florida State Seminoles,Kent State Golden Flashes,FSU,KENT,66,10,home,56,,,24,10,2,7,5,1,
2025,2,4,401754542,2025-09-20,Georgia Tech Yellow Jackets,Temple Owls,GT,TEM,45,24,home,21,,,27,9,3,11,4,1,
2025,2,4,401754617,2025-09-20,Virginia Tech Hokies,Wofford Terriers,VT,WOF,38,6,home,32,,,23,5,4,10,4,1,
2025,2,4,401754636,2025-09-20,TCU Horned Frogs,SMU Mustangs,TCU,SMU,35,24,home,11,,,24,8,3,7,6,1,
2025,2,4,401754640,2025-09-20,UCF Knights,North Carolina Tar Heels,UCF,UNC,34,9,home,25,,,18,5,3,5,5,1,
2025,2,4,401754642,2025-09-20,Louisville Cardinals,Bowling Green Falcons,LOU,BGSU,40,17,home,23,,,23,5,5,9,4,1,
2025,2,4,401756896,2025-09-20,Baylor Bears,Arizona State Sun Devils,BAY,ASU,24,27,away,3,,,21,5,5,5,6,1,
2025,2,4,401756898,2025-09-20,East Carolina Pirates,BYU Cougars,ECU,BYU,13,34,away,21,,,22,4,4,8,6,1,
2025,2,4,401756899,2025-09-20,Kansas Jayhawks,West Virginia Mountaineers,KU,WVU,41,10,home,31,,,27,5,3,14,5,1,
2025,2,4,401756901,2025-09-20,Utah Utes,Texas Tech Red Raiders,UTAH,TTU,10,34,away,24,,,29,5,3,13,8,1,
2025,2,4,401757169,2025-09-20,UConn Huskies,Ball State Cardinals,CONN,BALL,31,25,home,6,,,20,7,2,8,3,1,
2025,2,4,401757259,2025-09-20,Florida International Panthers,Delaware Blue Hens,FIU,DEL,16,38,away,22,,,18,6,3,4,5,1,
2025,2,4,401757260,2025-09-20,Jacksonville State Gamecocks,Murray State Racers,JVST,MUR,45,10,home,35,,,26,6,2,11,7,1,
2025,2,4,401757261,2025-09-20,Kennesaw State Owls,Arkansas State Red Wolves,KENN,ARST,28,21,home,7,,,26,7,0,12,7,1,
2025,2,4,401757262,2025-09-20,Liberty Flames,James Madison Dukes,LIB,JMU,13,31,away,18,,,19,5,3,7,4,1,
2025,2,4,401757263,2025-09-20,Louisiana Tech Bulldogs,Southern Miss Golden Eagles,LT,USM,30,20,home,10,,,27,5,4,13,5,1,
2025,2,4,401757264,2025-09-20,Middle Tennessee Blue Raiders,Marshall Thundering Herd,MTSU,MRSH,28,42,away,14,,,23,8,2,8,5,1,
2025,2,4,401757265,2025-09-20,Missouri State Bears,UT Martin Skyhawks,MOST,UTM,42,10,home,32,,,22,7,1,8,6,1,
2025,2,4,401757268,2025-09-20,Western Kentucky Hilltoppers,Nevada Wolf Pack,WKU,NEV,31,16,home,15,,,23,4,5,9,5,1,
2025,2,4,401760372,2025-09-20,Air Force Falcons,Boise State Broncos,AFA,BOIS,37,49,away,12,,,22,12,1,4,5,1,
2025,2,4,401760375,2025-09-20,San José State Spartans,Idaho Vandals,SJSU,IDHO,31,28,home,3,,,18,8,2,5,3,1,
2025,2,4,401760376,2025-09-20,Miami (OH) RedHawks,UNLV Rebels,M-OH,UNLV,38,41,away,3,,,22,6,3,5,8,1,
2025,2,4,401761609,2025-09-20,Georgia Southern Eagles,Maine Black Bears,GASO,ME,45,17,home,28,,,24,7,3,7,7,1,
2025,2,4,401761610,2025-09-20,Eastern Michigan Eagles,Louisiana Ragin' Cajuns,EMU,UL,34,31,home,3,,,25,7,5,8,5,1,
2025,2,4,401761611,2025-09-20,South Alabama Jaguars,Coastal Carolina Chanticleers,USA,CCU,20,38,away,18,,,26,6,4,9,7,1,
2025,2,4,401761613,2025-09-20,Buffalo Bulls,Troy Trojans,BUFF,TROY,17,21,away,4,,,25,5,1,13,6,1,
2025,2,4,401762469,2025-09-20,Army Black Knights,North Texas Mean Green,ARMY,UNT,38,45,away,7,,,22,11,2,0,9,1,
2025,2,4,401762470,2025-09-20,South Florida Bulls,South Carolina State Bulldogs,USF,SCST,63,14,home,49,,,26,8,1,11,6,1,
2025,2,4,401762820,2025-09-20,Western Michigan Broncos,Toledo Rockets,WMU,TOL,14,13,home,1,,,26,3,2,12,9,1,
2025,2,4,401762821,2025-09-20,Akron Zips,Duquesne Dukes,AKR,DUQ,51,7,home,44,,,27,6,3,10,8,1,
2025,2,4,401762822,2025-09-20,Central Michigan Chippewas,Wagner Seahawks,CMU,WAG,49,10,home,39,,,26,6,1,12,7,1,
2025,2,4,401762823,2025-09-20,Ohio Bobcats,Gardner-Webb Runnin' Bulldogs,OHIO,GWEB,52,35,home,17,,,24,12,2,7,3,1,
2025,2,4,401767031,2025-09-20,Campbell Fighting Camels,Bryant Bulldogs,CAM,BRY,50,48,home,2,,,29,7,2,8,12,1,
2025,2,4,401767061,2025-09-20,Eastern Washington Eagles,Western Illinois Leathernecks,EWU,WIU,52,31,home,21,,,34,11,3,12,8,1,
2025,2,4,401767081,2025-09-20,Idaho State Bengals,Lincoln (CA) Oaklanders,IDST,LCLN,90,0,home,90,,,24,12,0,2,10,1,
2025,2,4,401767099,2025-09-20,Montana Grizzlies,Indiana State Sycamores,MONT,INST,63,20,home,43,,,28,11,0,13,4,1,
2025,2,4,401767107,2025-09-20,Montana State Bobcats,Mercyhurst Lakers,MTST,MERC,17,0,home,17,,,12,2,1,4,5,1,
2025,2,4,401767114,2025-09-20,Northern Arizona Lumberjacks,Incarnate Word Cardinals,NAU,UIW,31,23,home,8,,,22,7,2,11,2,1,
2025,2,4,401767121,2025-09-20,Houston Christian Huskies,Northern Colorado Bears,HCU,UNCO,23,26,away,3,,,32,3,8,16,5,1,
2025,2,4,401767162,2025-09-20,William & Mary Tribe,Charleston Southern Buccaneers,W&M,CHSO,34,7,home,27,,,21,6,1,8,6,1,
2025,2,4,401767182,2025-09-20,Howard Bison,Hampton Pirates,HOW,HAMP,34,7,home,27,,,21,6,0,11,4,1,
2025,2,4,401767210,2025-09-20,Lindenwood Lions,Stony Brook Seawolves,LIN,STBK,30,27,home,3,,,22,7,2,10,3,1,
2025,2,4,401767218,2025-09-20,Southeast Missouri State Redhawks,Southern Illinois Salukis,SEMO,SIU,31,59,away,28,,,23,11,4,4,4,1,
2025,2,4,401767258,2025-09-20,Monmouth Hawks,Villanova Wildcats,MONM,VILL,51,33,home,18,,,24,12,1,6,5,1,
2025,2,4,401767267,2025-09-20,Dartmouth Big Green,New Hampshire Wildcats,DART,UNH,27,20,home,7,,,21,6,2,5,8,1,
2025,2,4,401767272,2025-09-20,North Carolina A&T Aggies,North Carolina Central Eagles,NCAT,NCCU,20,62,away,42,,,28,8,1,7,12,1,
2025,2,4,401767278,2025-09-20,West Georgia Wolves,Eastern Kentucky Colonels,WES,EKU,33,12,home,21,,,25,4,3,10,8,1,
2025,2,4,401767286,2025-09-20,Illinois State Redbirds,North Alabama Lions,ILST,UNA,38,36,home,2,,,29,9,5,10,5,1,
2025,2,4,401767306,2025-09-20,Tarleton State Texans,Chattanooga Mocs,TAR,UTC,52,24,home,28,,,28,8,5,11,4,1,
2025,2,4,401767310,2025-09-20,Alabama A&M Bulldogs,Lane Dragons,AAMU,LAC,49,7,home,42,,,29,7,1,10,11,1,
2025,2,4,401767319,2025-09-20,Rhode Island Rams,Long Island University Sharks,URI,LIU,28,7,home,21,,,24,5,1,11,7,1,
2025,2,4,401767329,2025-09-20,Towson Tigers,Youngstown State Penguins,TOW,YSU,28,31,away,3,,,19,7,4,5,3,1,
2025,2,4,401767333,2025-09-20,UAlbany Great Danes,Cornell Big Red,ALB,COR,13,10,home,3,,,24,2,3,13,6,1,
2025,2,4,401767342,2025-09-20,Saint Francis Red Flash,Delaware State Hornets,SFPA,DSU,10,39,away,29,,,25,7,1,9,8,1,
2025,2,4,401767389,2025-09-20,Bethune-Cookman Wildcats,Edward Waters Tigers,BCU,EAU,35,9,home,26,,,26,5,2,12,7,1,
2025,2,4,401767405,2025-09-20,Norfolk State Spartans,Sacred Heart Pioneers,NORF,SHU,28,31,away,3,,,25,8,3,10,4,1,
2025,2,4,401767416,2025-09-20,Grambling Tigers,East Texas A&M Lions,GRAM,ETAM,31,28,home,3,,,26,8,2,11,5,1,
2025,2,4,401767433,2025-09-20,Prairie View A&M Panthers,Northwestern State Demons,PV,NWST,27,24,home,3,,,24,6,3,9,6,1,
2025,2,4,401767502,2025-09-20,North Dakota Fighting Hawks,Valparaiso Beacons,UND,VAL,58,7,home,51,,,29,5,3,15,6,1,
2025,2,4,401767541,2025-09-20,South Dakota Coyotes,Drake Bulldogs,SDAK,DRKE,42,21,home,21,,,23,9,0,8,6,1,
2025,2,4,401767551,2025-09-20,Brown Bears,Georgetown Hoyas,BRWN,GTWN,46,0,home,46,,,28,6,2,13,7,1,
2025,2,4,401767574,2025-09-20,The Citadel Bulldogs,Mercer Bears,CIT,MER,0,38,away,38,,,21,5,1,9,6,1,
2025,2,4,401767580,2025-09-20,Western Carolina Catamounts,Samford Bulldogs,WCU,SAM,50,35,home,15,,,25,12,3,3,7,1,
2025,2,4,401767589,2025-09-20,Richmond Spiders,VMI Keydets,RICH,VMI,38,14,home,24,,,25,7,1,13,4,1,
2025,2,4,401767603,2025-09-20,Davidson Wildcats,Greensboro College Pride,DAV,GRE,48,0,home,48,,,23,9,0,4,10,1,
2025,2,4,401767613,2025-09-20,Robert Morris Colonials,Dayton Flyers,RMU,DAY,14,17,away,3,,,18,4,1,8,5,1,
2025,2,4,401767635,2025-09-20,Morehead State Eagles,Kentucky Christian Knights,MORE,KYCH,45,28,home,17,,,20,10,2,6,2,1,
2025,2,4,401767640,2025-09-20,Presbyterian Blue Hose,Bluefield University Ramblin' Rams,PRES,BLU,76,3,home,73,,,30,9,3,11,7,1,
2025,2,4,401767644,2025-09-20,Princeton Tigers,San Diego Toreros,PRIN,USD,35,42,away,7,,,27,11,0,11,5,1,
2025,2,4,401767653,2025-09-20,Stetson Hatters,Harvard Crimson,STET,HARV,7,59,away,52,,,27,9,2,7,9,1,
2025,2,4,401767664,2025-09-20,Bucknell Bison,Lehigh Mountain Hawks,BUCK,LEH,24,41,away,17,,,23,6,3,8,6,1,
2025,2,4,401767672,2025-09-20,Colgate Raiders,Fordham Rams,COLG,FOR,44,21,home,23,,,23,9,1,6,7,1,
2025,2,4,401767726,2025-09-20,Yale Bulldogs,Holy Cross Crusaders,YALE,HC,28,10,home,18,,,24,5,1,11,7,1,
2025,2,4,401767743,2025-09-20,Merrimack Warriors,Central Connecticut Blue Devils,MRMK,CCSU,16,14,home,2,,,26,3,5,12,6,1,
2025,2,4,401767772,2025-09-20,Stonehill Skyhawks,Pennsylvania Quakers,STO,PENN,21,24,away,3,,,23,5,2,13,3,1,
2025,2,4,401773491,2025-09-20,New Haven Chargers,Saginaw Valley State Cardinals,NH,SVS,35,28,home,7,,,30,9,0,14,7,1,
2025,2,4,401774013,2025-09-20,Morgan State Bears,Central State (OH) Marauders,MORG,CEN,27,0,home,27,,,26,2,0,14,10,1,
2025,2,4,401752723,2025-09-21,Texas Longhorns,Sam Houston Bearkats,TEX,SHSU,55,0,home,55,,,23,7,2,11,3,1,
2025,2,4,401752847,2025-09-21,USC Trojans,Michigan State Spartans,USC,MSU,45,31,home,14,,,21,10,3,4,4,1,
2025,2,4,401754540,2025-09-21,San Diego State Aztecs,California Golden Bears,SDSU,CAL,34,0,home,34,,,23,2,3,12,6,1,
2025,2,4,401756897,2025-09-21,Colorado Buffaloes,Wyoming Cowboys,COLO,WYO,37,20,home,17,,,21,7,3,7,4,1,
2025,2,4,401757267,2025-09-21,UTEP Miners,UL Monroe Warhawks,UTEP,ULM,25,31,away,6,,,27,6,3,9,9,1,
2025,2,4,401760373,2025-09-21,Colorado State Rams,UTSA Roadrunners,CSU,UTSA,16,17,away,1,,,26,4,2,14,6,1,
2025,2,4,401760374,2025-09-21,Hawai'i Rainbow Warriors,Fresno State Bulldogs,HAW,FRES,21,23,away,2,,,25,3,6,7,9,1,
2025,2,4,401760377,2025-09-21,Utah State Aggies,McNeese Cowboys,USU,MCN,48,7,home,41,,,24,8,0,10,6,1,
2025,2,4,401761612,2025-09-21,Texas State Bobcats,Nicholls Colonels,TXST,NICH,35,3,home,32,,,19,5,1,7,6,1,
2025,2,4,401767072,2025-09-21,Stephen F. Austin Lumberjacks,Cal Poly Mustangs,SFA,CP,35,17,home,18,,,29,5,1,16,7,1,
2025,2,4,401767132,2025-09-21,Sacramento State Hornets,Central Arkansas Bears,SAC,CARK,45,16,home,29,,,22,8,2,8,4,1,
2025,2,4,401767151,2025-09-21,East Tennessee State Buccaneers,Elon Phoenix,ETSU,ELON,26,16,home,10,,,26,5,3,11,7,1,
2025,2,4,401767157,2025-09-21,UC Davis Aggies,Southern Utah Thunderbirds,UCD,SUU,50,34,home,16,,,25,12,0,9,4,1,
2025,2,4,401767160,2025-09-21,Weber State Wildcats,Butler Bulldogs,WEB,BUT,38,24,home,14,,,32,7,4,12,9,1,
2025,2,4,401767239,2025-09-21,Abilene Christian Wildcats,Austin Peay Governors,ACU,APSU,45,31,home,14,,,28,10,3,11,4,1,
2025,2,4,401767308,2025-09-21,Utah Tech Trailblazers,Northern Iowa Panthers,UTU,UNI,20,9,home,11,,,20,2,6,7,5,1,
2025,2,4,401767528,2025-09-21,UT Rio Grande Valley Vaqueros,Texas Wesleyan Rams,RGV,TWES,61,13,home,48,,,30,8,3,7,12,1,
2025,2,5,401762471,2025-09-25,East Carolina Pirates,Army Black Knights,ECU,ARMY,28,6,home,22,,,22,5,0,5,12,1,
2025,2,5,401754543,2025-09-26,Virginia Cavaliers,Florida State Seminoles,UVA,FSU,46,38,home,8,,,26,11,3,4,8,1,
2025,2,5,401752717,2025-09-27,Arkansas Razorbacks,Notre Dame Fighting Irish,ARK,ND,13,56,away,43,,,20,9,2,2,7,1,
2025,2,5,401752718,2025-09-27,Georgia Bulldogs,Alabama Crimson Tide,UGA,ALA,21,24,away,3,,,20,6,2,7,5,1,
2025,2,5,401752719,2025-09-27,Ole Miss Rebels,LSU Tigers,MISS,LSU,24,19,home,5,,,22,5,3,9,5,1,
2025,2,5,401752720,2025-09-27,Mississippi State Bulldogs,Tennessee Volunteers,MSST,TENN,34,41,away,7,,,27,7,6,8,6,1,
2025,2,5,401752721,2025-09-27,Missouri Tigers,Massachusetts Minutemen,MIZ,MASS,42,6,home,36,,,25,7,0,14,4,1,
2025,2,5,401752722,2025-09-27,South Carolina Gamecocks,Kentucky Wildcats,SC,UK,35,13,home,22,,,19,4,2,5,8,1,
2025,2,5,401752724,2025-09-27,Texas A&M Aggies,Auburn Tigers,TA&M,AUB,16,10,home,6,,,27,2,6,15,4,1,
2025,2,5,401752725,2025-09-27,Vanderbilt Commodores,Utah State Aggies,VAN,USU,55,35,home,20,,,25,11,2,7,5,1,
2025,2,5,401752849,2025-09-27,Minnesota Golden Gophers,Rutgers Scarlet Knights,MINN,RUTG,31,28,home,3,,,23,8,4,8,3,1,
2025,2,5,401752850,2025-09-27,Illinois Fighting Illini,USC Trojans,ILL,USC,34,32,home,2,,,19,8,3,2,6,1,
2025,2,5,401752851,2025-09-27,Northwestern Wildcats,UCLA Bruins,NU,UCLA,17,14,home,3,,,15,3,4,6,2,1,
2025,2,5,401752852,2025-09-27,Washington Huskies,Ohio State Buckeyes,WASH,OSU,6,24,away,18,,,15,3,3,4,5,1,
2025,2,5,401752853,2025-09-27,Iowa Hawkeyes,Indiana Hoosiers,IOWA,IU,15,20,away,5,,,23,3,5,8,7,1,
2025,2,5,401752854,2025-09-27,Penn State Nittany Lions,Oregon Ducks,PSU,ORE,24,30,away,6,,,21,7,3,7,4,1,
2025,2,5,401752939,2025-09-27,Oregon State Beavers,Houston Cougars,ORST,HOU,24,27,away,3,,,28,7,4,15,2,1,
2025,2,5,401752950,2025-09-27,Colorado State Rams,Washington State Cougars,CSU,WSU,3,20,away,17,,,18,2,5,6,5,1,
2025,2,5,401754544,2025-09-27,Boston College Eagles,California Golden Bears,BC,CAL,24,28,away,4,,,21,7,1,6,7,1,
2025,2,5,401754545,2025-09-27,Syracuse Orange,Duke Blue Devils,SYR,DUKE,3,38,away,35,,,23,5,3,9,6,1,
2025,2,5,401754546,2025-09-27,Wake Forest Demon Deacons,Georgia Tech Yellow Jackets,WAKE,GT,29,30,away,1,,,28,6,7,10,5,1,
2025,2,5,401754547,2025-09-27,Pittsburgh Panthers,Louisville Cardinals,PITT,LOU,27,34,away,7,,,29,5,5,9,10,1,
2025,2,5,401754548,2025-09-27,NC State Wolfpack,Virginia Tech Hokies,NCSU,VT,21,23,away,2,,,21,5,3,9,4,1,
2025,2,5,401754549,2025-09-27,Stanford Cardinal,San José State Spartans,STAN,SJSU,30,29,home,1,,,25,7,6,7,5,1,
2025,2,5,401756902,2025-09-27,Arizona State Sun Devils,TCU Horned Frogs,ASU,TCU,27,24,home,3,,,26,6,5,7,8,1,
2025,2,5,401756904,2025-09-27,Iowa State Cyclones,Arizona Wildcats,ISU,ARIZ,39,14,home,25,,,24,7,2,8,7,1,
2025,2,5,401756905,2025-09-27,Kansas Jayhawks,Cincinnati Bearcats,KU,CIN,34,37,away,3,,,20,8,5,5,2,1,
2025,2,5,401756906,2025-09-27,Kansas State Wildcats,UCF Knights,KSU,UCF,34,20,home,14,,,26,6,4,8,8,1,
2025,2,5,401756907,2025-09-27,Oklahoma State Cowboys,Baylor Bears,OKST,BAY,27,45,away,18,,,28,9,4,9,6,1,
2025,2,5,401756908,2025-09-27,West Virginia Mountaineers,Utah Utes,WVU,UTAH,14,48,away,34,,,19,8,2,3,6,1,
2025,2,5,401757170,2025-09-27,Buffalo Bulls,UConn Huskies,BUFF,CONN,17,20,away,3,,,24,4,3,13,4,1,
2025,2,5,401757269,2025-09-27,Southern Miss Golden Eagles,Jacksonville State Gamecocks,USM,JVST,42,25,home,17,,,27,8,1,9,9,1,
2025,2,5,401757270,2025-09-27,Kennesaw State Owls,Middle Tennessee Blue Raiders,KENN,MTSU,24,16,home,8,,,23,5,3,8,7,1,
2025,2,5,401757271,2025-09-27,Old Dominion Monarchs,Liberty Flames,ODU,LIB,21,7,home,14,,,26,3,3,9,11,1,
2025,2,5,401757273,2025-09-27,Missouri State Bears,Western Kentucky Hilltoppers,MOST,WKU,22,27,away,5,,,24,5,6,10,3,1,
2025,2,5,401757274,2025-09-27,New Mexico Lobos,New Mexico State Aggies,UNM,NMSU,38,20,home,18,,,25,6,4,8,7,1,
2025,2,5,401760378,2025-09-27,Air Force Falcons,Hawai'i Rainbow Warriors,AFA,HAW,35,44,away,9,,,21,10,3,2,6,1,
2025,2,5,401760379,2025-09-27,Boise State Broncos,App State Mountaineers,BOIS,APP,47,14,home,33,,,26,6,2,11,7,1,
2025,2,5,401760380,2025-09-27,Northern Illinois Huskies,San Diego State Aztecs,NIU,SDSU,3,6,away,3,,,22,0,3,13,6,1,
2025,2,5,401761614,2025-09-27,James Madison Dukes,Georgia Southern Eagles,JMU,GASO,35,10,home,25,,,22,5,2,12,3,1,
2025,2,5,401761616,2025-09-27,UL Monroe Warhawks,Arkansas State Red Wolves,ULM,ARST,28,16,home,12,,,21,4,4,7,6,1,
2025,2,5,401761617,2025-09-27,North Texas Mean Green,South Alabama Jaguars,UNT,USA,36,22,home,14,,,23,8,1,8,6,1,
2025,2,5,401762472,2025-09-27,Florida Atlantic Owls,Memphis Tigers,FAU,MEM,26,55,away,29,,,26,10,4,5,7,1,
2025,2,5,401762473,2025-09-27,Navy Midshipmen,Rice Owls,NAVY,RICE,21,13,home,8,,,19,4,3,8,4,1,
2025,2,5,401762474,2025-09-27,Tulsa Golden Hurricane,Tulane Green Wave,TLSA,TULN,14,31,away,17,,,31,6,1,17,7,1,
2025,2,5,401762824,2025-09-27,Toledo Rockets,Akron Zips,TOL,AKR,45,3,home,42,,,24,6,3,12,3,1,
2025,2,5,401762825,2025-09-27,Ohio Bobcats,Bowling Green Falcons,OHIO,BGSU,35,20,home,15,,,26,6,3,8,9,1,
2025,2,5,401762826,2025-09-27,Central Michigan Chippewas,Eastern Michigan Eagles,CMU,EMU,24,13,home,11,,,18,3,5,6,4,1,
2025,2,5,401762827,2025-09-27,Miami (OH) RedHawks,Lindenwood Lions,M-OH,LIN,38,0,home,38,,,27,4,2,15,6,1,
2025,2,5,401762828,2025-09-27,Western Michigan Broncos,Rhode Island Rams,WMU,URI,47,14,home,33,,,25,7,4,5,9,1,
2025,2,5,401767032,2025-09-27,Bryant Bulldogs,Towson Tigers,BRY,TOW,24,26,away,2,,,24,4,5,6,9,1,
2025,2,5,401767062,2025-09-27,Montana State Bobcats,Eastern Washington Eagles,MTST,EWU,57,3,home,54,,,27,8,3,10,6,1,
2025,2,5,401767082,2025-09-27,Northern Colorado Bears,Idaho State Bengals,UNCO,IDST,18,26,away,8,,,27,4,6,10,7,1,
2025,2,5,401767115,2025-09-27,Portland State Vikings,Northern Arizona Lumberjacks,PRST,NAU,17,31,away,14,,,19,5,2,7,5,1,
2025,2,5,401767142,2025-09-27,Campbell Fighting Camels,Western Carolina Catamounts,CAM,WCU,35,42,away,7,,,31,10,3,12,6,1,
2025,2,5,401767152,2025-09-27,Elon Phoenix,Hampton Pirates,ELON,HAMP,41,20,home,21,,,27,6,4,10,7,1,
2025,2,5,401767163,2025-09-27,Charleston Southern Buccaneers,South Carolina State Bulldogs,CHSO,SCST,31,24,home,7,,,23,5,2,9,7,1,
2025,2,5,401767174,2025-09-27,Western Illinois Leathernecks,Eastern Illinois Panthers,WIU,EIU,23,31,away,8,,,23,6,4,8,5,1,
2025,2,5,401767191,2025-09-27,Maine Black Bears,North Carolina A&T Aggies,ME,NCAT,37,30,home,7,,,21,8,1,9,3,1,
2025,2,5,401767219,2025-09-27,UT Martin Skyhawks,Southeast Missouri State Redhawks,UTM,SEMO,34,10,home,24,,,25,4,4,9,8,1,
2025,2,5,401767226,2025-09-27,Tennessee State Tigers,Tennessee Tech Golden Eagles,TNST,TNTC,8,35,away,27,,,25,4,6,7,8,1,
2025,2,5,401767240,2025-09-27,Incarnate Word Cardinals,Abilene Christian Wildcats,UIW,ACU,38,7,home,31,,,21,5,1,9,6,1,
2025,2,5,401767249,2025-09-27,Austin Peay Governors,Utah Tech Trailblazers,APSU,UTU,42,10,home,32,,,21,7,3,9,2,1,
2025,2,5,401767268,2025-09-27,New Hampshire Wildcats,UAlbany Great Danes,UNH,ALB,24,6,home,18,,,17,5,2,6,4,1,
2025,2,5,401767279,2025-09-27,Eastern Kentucky Colonels,Nicholls Colonels,EKU,NICH,27,7,home,20,,,25,2,2,12,9,1,
2025,2,5,401767311,2025-09-27,Bethune-Cookman Wildcats,Alabama A&M Bulldogs,BCU,AAMU,41,34,home,7,,,23,10,2,5,6,1,
2025,2,5,401767323,2025-09-27,Stony Brook Seawolves,Merrimack Warriors,STBK,MRMK,35,10,home,25,,,23,5,4,9,5,1,
2025,2,5,401767337,2025-09-27,Villanova Wildcats,William & Mary Tribe,VILL,W&M,31,24,home,7,,,17,6,4,6,1,1,
2025,2,5,401767343,2025-09-27,Sacred Heart Pioneers,Delaware State Hornets,SHU,DSU,35,31,home,4,,,21,8,5,5,3,1,
2025,2,5,401767352,2025-09-27,Richmond Spiders,Howard Bison,RICH,HOW,13,12,home,1,,,22,3,3,10,6,1,
2025,2,5,401767361,2025-09-27,Florida A&M Rattlers,Alabama State Hornets,FAMU,ALST,14,42,away,28,,,18,8,1,3,6,1,
2025,2,5,401767370,2025-09-27,Arkansas-Pine Bluff Golden Lions,Alcorn State Braves,UAPB,ALCN,24,20,home,4,,,29,7,2,12,8,1,
2025,2,5,401767398,2025-09-27,Morgan State Bears,Miles College Golden Bears,MORG,MIL,24,17,home,7,,,23,4,2,13,4,1,
2025,2,5,401767406,2025-09-27,Wagner Seahawks,Norfolk State Spartans,WAG,NORF,18,13,home,5,,,26,5,0,12,9,1,
2025,2,5,401767412,2025-09-27,East Texas A&M Lions,North Carolina Central Eagles,ETAM,NCCU,42,50,away,8,,,31,11,2,6,12,1,
2025,2,5,401767417,2025-09-27,Prairie View A&M Panthers,Grambling Tigers,PV,GRAM,28,13,home,15,,,29,4,3,12,10,1,
2025,2,5,401767422,2025-09-27,Southern Jaguars,Jackson State Tigers,SOU,JKST,13,38,away,25,,,20,6,5,6,3,1,
2025,2,5,401767427,2025-09-27,Mississippi Valley State Delta Devils,Texas Southern Tigers,MVSU,TXSO,20,23,away,3,,,20,5,5,5,5,1,
2025,2,5,401767483,2025-09-27,Lamar Cardinals,Central Arkansas Bears,LAM,CARK,35,32,home,3,,,26,8,1,8,9,1,
2025,2,5,401767510,2025-09-27,North Dakota State Bison,South Dakota Coyotes,NDSU,SDAK,51,13,home,38,,,19,7,3,6,3,1,
2025,2,5,401767523,2025-09-27,SE Louisiana Lions,UT Rio Grande Valley Vaqueros,SELA,RGV,45,31,home,14,,,26,9,2,11,4,1,
2025,2,5,401767530,2025-09-27,Chattanooga Mocs,The Citadel Bulldogs,UTC,CIT,10,28,away,18,,,16,5,2,2,7,1,
2025,2,5,401767545,2025-09-27,South Dakota State Jackrabbits,Mercyhurst Lakers,SDST,MERC,51,7,home,44,,,18,6,3,5,4,1,
2025,2,5,401767552,2025-09-27,Harvard Crimson,Brown Bears,HARV,BRWN,41,7,home,34,,,25,6,1,11,7,1,
2025,2,5,401767558,2025-09-27,East Tennessee State Buccaneers,Mercer Bears,ETSU,MER,34,38,away,4,,,24,9,3,6,6,1,
2025,2,5,401767566,2025-09-27,Samford Bulldogs,Furman Paladins,SAM,FUR,13,31,away,18,,,29,5,4,13,7,1,
2025,2,5,401767594,2025-09-27,Butler Bulldogs,Marist Red Foxes,BUT,MRST,31,28,home,3,,,28,6,1,10,11,1,
2025,2,5,401767614,2025-09-27,Dayton Flyers,Stetson Hatters,DAY,STET,48,14,home,34,,,20,8,0,6,6,1,
2025,2,5,401767636,2025-09-27,Presbyterian Blue Hose,Morehead State Eagles,PRES,MORE,41,0,home,41,,,27,6,1,10,10,1,
2025,2,5,401767645,2025-09-27,San Diego Toreros,St. Thomas-Minnesota Tommies,USD,STMN,30,27,home,3,,,27,6,6,10,5,1,
2025,2,5,401767665,2025-09-27,Bucknell Bison,Saint Francis Red Flash,BUCK,SFPA,30,23,home,7,,,23,7,2,8,6,1,
2025,2,5,401767673,2025-09-27,Fordham Rams,Holy Cross Crusaders,FOR,HC,26,21,home,5,,,24,6,3,10,5,1,
2025,2,5,401767689,2025-09-27,Yale Bulldogs,Cornell Big Red,YALE,COR,41,24,home,17,,,34,7,4,11,12,1,
2025,2,5,401767697,2025-09-27,Central Connecticut Blue Devils,Dartmouth Big Green,CCSU,DART,28,35,away,7,,,22,8,4,6,4,1,
2025,2,5,401767721,2025-09-27,Columbia Lions,Georgetown Hoyas,COLU,GTWN,19,10,home,9,,,22,3,3,8,8,1,
2025,2,5,401767734,2025-09-27,Lehigh Mountain Hawks,Pennsylvania Quakers,LEH,PENN,44,30,home,14,,,23,9,4,4,6,1,
2025,2,5,401767758,2025-09-27,Stonehill Skyhawks,Long Island University Sharks,STO,LIU,10,3,home,7,,,17,1,2,7,7,1,
2025,2,5,401769866,2025-09-27,Lafayette Leopards,Princeton Tigers,LAF,PRIN,28,38,away,10,,,22,8,1,8,5,1,
2025,2,5,401779328,2025-09-27,Duquesne Dukes,New Haven Chargers,DUQ,NH,44,18,home,26,,,21,8,1,6,6,1,
2025,2,5,401756903,2025-09-28,Colorado Buffaloes,BYU Cougars,COLO,BYU,21,24,away,3,,,20,6,2,8,4,1,
2025,2,5,401757272,2025-09-28,UTEP Miners,Louisiana Tech Bulldogs,UTEP,LT,11,30,away,19,,,29,3,3,11,12,1,
2025,2,5,401761615,2025-09-28,Louisiana Ragin' Cajuns,Marshall Thundering Herd,UL,MRSH,54,51,home,3,,,28,12,6,6,4,1,
2025,2,5,401767073,2025-09-28,Sacramento State Hornets,Cal Poly Mustangs,SAC,CP,24,32,away,8,,,27,6,3,12,6,1,
2025,2,5,401767091,2025-09-28,Montana Grizzlies,Idaho Vandals,MONT,IDHO,41,30,home,11,,,24,8,4,9,3,1,
2025,2,5,401767158,2025-09-28,UC Davis Aggies,Weber State Wildcats,UCD,WEB,34,12,home,22,,,21,4,5,7,5,1,
2025,2,5,401767293,2025-09-28,Southern Utah Thunderbirds,West Georgia Wolves,SUU,WES,24,27,away,3,,,23,6,5,10,2,1,
2025,2,5,401767491,2025-09-28,Stephen F. Austin Lumberjacks,McNeese Cowboys,SFA,MCN,34,17,home,17,,,26,6,3,11,6,1,
2025,2,6,401757275,2025-10-03,New Mexico State Aggies,Sam Houston Bearkats,NMSU,SHSU,37,10,home,27,,,18,4,5,3,6,1,
2025,2,6,401757276,2025-10-03,Delaware Blue Hens,Western Kentucky Hilltoppers,DEL,WKU,24,27,away,3,,,18,5,4,5,4,1,
2025,2,6,401762475,2025-10-03,South Florida Bulls,Charlotte 49ers,USF,CLT,54,26,home,28,,,33,10,2,9,12,1,
2025,2,6,401767320,2025-10-03,Brown Bears,Rhode Island Rams,BRWN,URI,28,21,home,7,,,22,7,2,7,6,1,
2025,2,6,401767681,2025-10-03,Princeton Tigers,Columbia Lions,PRIN,COLU,17,10,home,7,,,23,3,2,11,7,1,
2025,2,6,401752726,2025-10-04,Alabama Crimson Tide,Vanderbilt Commodores,ALA,VAN,30,14,home,16,,,19,5,4,4,6,1,
2025,2,6,401752727,2025-10-04,Florida Gators,Texas Longhorns,FLA,TEX,29,21,home,8,,,25,6,2,11,6,1,
2025,2,6,401752728,2025-10-04,Georgia Bulldogs,Kentucky Wildcats,UGA,UK,35,14,home,21,,,20,7,0,6,7,1,
2025,2,6,401752729,2025-10-04,Oklahoma Sooners,Kent State Golden Flashes,OU,KENT,44,0,home,44,,,23,4,3,10,6,1,
2025,2,6,401752730,2025-10-04,Texas A&M Aggies,Mississippi State Bulldogs,TA&M,MSST,31,9,home,22,,,25,5,2,12,6,1,
2025,2,6,401752855,2025-10-04,UCLA Bruins,Penn State Nittany Lions,UCLA,PSU,42,37,home,5,,,20,9,3,1,7,1,
2025,2,6,401752856,2025-10-04,Michigan Wolverines,Wisconsin Badgers,MICH,WIS,24,10,home,14,,,23,3,3,12,5,1,
2025,2,6,401752857,2025-10-04,Maryland Terrapins,Washington Huskies,MD,WASH,20,24,away,4,,,21,5,4,5,7,1,
2025,2,6,401752858,2025-10-04,Northwestern Wildcats,UL Monroe Warhawks,NU,ULM,42,7,home,35,,,18,6,3,6,3,1,
2025,2,6,401752859,2025-10-04,Ohio State Buckeyes,Minnesota Golden Gophers,OSU,MINN,42,3,home,39,,,20,6,3,9,2,1,
2025,2,6,401752860,2025-10-04,Nebraska Cornhuskers,Michigan State Spartans,NEB,MSU,38,27,home,11,,,26,8,1,8,9,1,
2025,2,6,401752861,2025-10-04,Purdue Boilermakers,Illinois Fighting Illini,PUR,ILL,27,43,away,16,,,25,8,5,8,4,1,
2025,2,6,401752940,2025-10-04,App State Mountaineers,Oregon State Beavers,APP,ORST,27,23,home,4,,,23,6,4,7,6,1,
2025,2,6,401754550,2025-10-04,Pittsburgh Panthers,Boston College Eagles,PITT,BC,48,7,home,41,,,24,7,2,9,6,1,
2025,2,6,401754552,2025-10-04,North Carolina Tar Heels,Clemson Tigers,UNC,CLEM,10,38,away,28,,,23,5,3,9,6,1,
2025,2,6,401754553,2025-10-04,Florida State Seminoles,Miami Hurricanes,FSU,MIA,22,28,away,6,,,23,6,2,9,6,1,
2025,2,6,401754554,2025-10-04,Louisville Cardinals,Virginia Cavaliers,LOU,UVA,27,30,away,3,,,23,5,4,9,5,1,
2025,2,6,401754555,2025-10-04,SMU Mustangs,Syracuse Orange,SMU,SYR,31,18,home,13,,,26,6,3,7,10,1,
2025,2,6,401754556,2025-10-04,Virginia Tech Hokies,Wake Forest Demon Deacons,VT,WAKE,23,30,away,7,,,26,5,7,9,5,1,
2025,2,6,401754557,2025-10-04,NC State Wolfpack,Campbell Fighting Camels,NCSU,CAM,56,10,home,46,,,26,9,1,11,5,1,
2025,2,6,401756909,2025-10-04,BYU Cougars,West Virginia Mountaineers,BYU,WVU,38,24,home,14,,,24,8,3,4,9,1,
2025,2,6,401756910,2025-10-04,Arizona Wildcats,Oklahoma State Cowboys,ARIZ,OKST,41,13,home,28,,,30,5,6,11,8,1,
2025,2,6,401756911,2025-10-04,Baylor Bears,Kansas State Wildcats,BAY,KSU,35,34,home,1,,,24,6,5,6,7,1,
2025,2,6,401756912,2025-10-04,Cincinnati Bearcats,Iowa State Cyclones,CIN,ISU,38,30,home,8,,,23,8,2,6,7,1,
2025,2,6,401756913,2025-10-04,Houston Cougars,Texas Tech Red Raiders,HOU,TTU,11,35,away,24,,,28,4,8,7,9,1,
2025,2,6,401756914,2025-10-04,TCU Horned Frogs,Colorado Buffaloes,TCU,COLO,35,21,home,14,,,22,8,1,8,5,1,
2025,2,6,401756915,2025-10-04,UCF Knights,Kansas Jayhawks,UCF,KU,20,27,away,7,,,23,5,4,8,6,1,
2025,2,6,401757165,2025-10-04,Notre Dame Fighting Irish,Boise State Broncos,ND,BOIS,28,7,home,21,,,21,5,0,7,9,1,
2025,2,6,401757171,2025-10-04,UConn Huskies,Florida International Panthers,CONN,FIU,51,10,home,41,,,30,7,4,10,9,1,
2025,2,6,401760381,2025-10-04,Navy Midshipmen,Air Force Falcons,NAVY,AFA,34,31,home,3,,,20,8,4,4,4,1,
2025,2,6,401760382,2025-10-04,San Diego State Aztecs,Colorado State Rams,SDSU,CSU,45,24,home,21,,,20,9,2,7,2,1,
2025,2,6,401760384,2025-10-04,San José State Spartans,New Mexico Lobos,SJSU,UNM,35,28,home,7,,,18,7,2,4,5,1,
2025,2,6,401760385,2025-10-04,Wyoming Cowboys,UNLV Rebels,WYO,UNLV,17,31,away,14,,,23,4,2,7,10,1,
2025,2,6,401761618,2025-10-04,Georgia State Panthers,James Madison Dukes,GAST,JMU,7,14,away,7,,,18,3,1,10,4,1,
2025,2,6,401761619,2025-10-04,Old Dominion Monarchs,Coastal Carolina Chanticleers,ODU,CCU,47,7,home,40,,,27,6,5,9,7,1,
2025,2,6,401761620,2025-10-04,Arkansas State Red Wolves,Texas State Bobcats,ARST,TXST,31,30,home,1,,,25,8,2,13,2,1,
2025,2,6,401761621,2025-10-04,Troy Trojans,South Alabama Jaguars,TROY,USA,31,24,home,7,,,24,7,3,8,6,1,
2025,2,6,401762476,2025-10-04,UAB Blazers,Army Black Knights,UAB,ARMY,13,31,away,18,,,20,5,3,6,6,1,
2025,2,6,401762477,2025-10-04,Rice Owls,Florida Atlantic Owls,RICE,FAU,21,27,away,6,,,19,6,3,6,4,1,
2025,2,6,401762479,2025-10-04,Temple Owls,UTSA Roadrunners,TEM,UTSA,27,21,home,6,,,24,6,2,11,5,1,
2025,2,6,401762829,2025-10-04,Akron Zips,Central Michigan Chippewas,AKR,CMU,28,22,home,6,,,20,6,4,7,3,1,
2025,2,6,401762830,2025-10-04,Ball State Cardinals,Ohio Bobcats,BALL,OHIO,20,14,home,6,,,23,3,2,11,7,1,
2025,2,6,401762831,2025-10-04,Buffalo Bulls,Eastern Michigan Eagles,BUFF,EMU,31,30,home,1,,,25,7,4,11,3,1,
2025,2,6,401762832,2025-10-04,Massachusetts Minutemen,Western Michigan Broncos,MASS,WMU,3,21,away,18,,,22,3,3,10,6,1,
2025,2,6,401762873,2025-10-04,Northern Illinois Huskies,Miami (OH) RedHawks,NIU,M-OH,14,25,away,11,,,24,4,4,12,4,1,
2025,2,6,401767033,2025-10-04,Bryant Bulldogs,Maine Black Bears,BRY,ME,14,34,away,20,,,26,5,2,13,6,1,
2025,2,6,401767063,2025-10-04,Eastern Washington Eagles,Portland State Vikings,EWU,PRST,35,27,home,8,,,25,8,3,6,8,1,
2025,2,6,401767108,2025-10-04,Northern Arizona Lumberjacks,Montana State Bobcats,NAU,MTST,10,34,away,24,,,21,4,2,10,5,1,
2025,2,6,401767153,2025-10-04,Towson Tigers,Elon Phoenix,TOW,ELON,3,17,away,14,,,19,1,4,8,6,1,
2025,2,6,401767164,2025-10-04,Gardner-Webb Runnin' Bulldogs,Charleston Southern Buccaneers,GWEB,CHSO,30,27,home,3,,,23,6,4,8,5,1,
2025,2,6,401767175,2025-10-04,Eastern Illinois Panthers,Tennessee State Tigers,EIU,TNST,31,7,home,24,,,18,5,3,4,6,1,
2025,2,6,401767183,2025-10-04,Hampton Pirates,Norfolk State Spartans,HAMP,NORF,41,34,home,7,,,22,7,5,2,8,1,
2025,2,6,401767211,2025-10-04,Lindenwood Lions,UT Martin Skyhawks,LIN,UTM,30,14,home,16,,,17,6,2,5,4,1,
2025,2,6,401767233,2025-10-04,Tennessee Tech Golden Eagles,Western Illinois Leathernecks,TNTC,WIU,66,20,home,46,,,28,9,3,9,7,1,
2025,2,6,401767241,2025-10-04,Abilene Christian Wildcats,North Alabama Lions,ACU,UNA,52,23,home,29,,,27,10,2,10,5,1,
2025,2,6,401767250,2025-10-04,Austin Peay Governors,West Georgia Wolves,APSU,WES,44,30,home,14,,,28,8,1,11,8,1,
2025,2,6,401767259,2025-10-04,Monmouth Hawks,Delaware State Hornets,MONM,DSU,49,38,home,11,,,21,12,1,5,3,1,
2025,2,6,401767269,2025-10-04,New Hampshire Wildcats,Villanova Wildcats,UNH,VILL,7,37,away,30,,,17,6,3,3,5,1,
2025,2,6,401767273,2025-10-04,William & Mary Tribe,North Carolina A&T Aggies,W&M,NCAT,38,34,home,4,,,26,6,3,6,11,1,
2025,2,6,401767294,2025-10-04,Tarleton State Texans,Southern Utah Thunderbirds,TAR,SUU,52,42,home,10,,,23,13,1,6,3,1,
2025,2,6,401767312,2025-10-04,Alabama A&M Bulldogs,Jackson State Tigers,AAMU,JKST,24,57,away,33,,,29,10,5,9,5,1,
2025,2,6,401767324,2025-10-04,UAlbany Great Danes,Stony Brook Seawolves,ALB,STBK,12,47,away,35,,,27,6,5,9,7,1,
2025,2,6,401767362,2025-10-04,Alabama State Hornets,Bethune-Cookman Wildcats,ALST,BCU,52,35,home,17,,,24,12,2,5,5,1,
2025,2,6,401767371,2025-10-04,Alcorn State Braves,Prairie View A&M Panthers,ALCN,PV,12,13,away,1,,,19,2,6,9,2,1,
2025,2,6,401767381,2025-10-04,Texas Southern Tigers,Arkansas-Pine Bluff Golden Lions,TXSO,UAPB,51,7,home,44,,,24,6,5,8,5,1,
2025,2,6,401767399,2025-10-04,Georgetown Hoyas,Morgan State Bears,GTWN,MORG,27,24,home,3,,,23,7,3,10,3,1,
2025,2,6,401767436,2025-10-04,South Carolina State Bulldogs,Savannah State Tigers,SCST,SAV,49,6,home,43,,,27,5,3,9,10,1,
2025,2,6,401767438,2025-10-04,Illinois State Redbirds,North Dakota State Bison,ILST,NDSU,16,33,away,17,,,17,6,2,3,6,1,
2025,2,6,401767447,2025-10-04,Southern Illinois Salukis,Indiana State Sycamores,SIU,INST,55,27,home,28,,,29,10,3,10,6,1,
2025,2,6,401767460,2025-10-04,Northwestern State Demons,East Texas A&M Lions,NWST,ETAM,10,40,away,30,,,22,6,6,6,4,1,
2025,2,6,401767477,2025-10-04,Incarnate Word Cardinals,Stephen F. Austin Lumberjacks,UIW,SFA,17,31,away,14,,,25,5,4,8,8,1,
2025,2,6,401767484,2025-10-04,Lamar Cardinals,Nicholls Colonels,LAM,NICH,24,17,home,7,,,24,3,2,14,5,1,
2025,2,6,401767492,2025-10-04,McNeese Cowboys,SE Louisiana Lions,MCN,SELA,0,38,away,38,,,22,4,1,11,6,1,
2025,2,6,401767496,2025-10-04,South Dakota Coyotes,Murray State Racers,SDAK,MUR,49,24,home,25,,,21,10,1,8,2,1,
2025,2,6,401767503,2025-10-04,Northern Iowa Panthers,North Dakota Fighting Hawks,UNI,UND,7,35,away,28,,,22,5,1,10,6,1,
2025,2,6,401767531,2025-10-04,VMI Keydets,Chattanooga Mocs,VMI,UTC,14,21,away,7,,,23,3,3,11,6,1,
2025,2,6,401767546,2025-10-04,Youngstown State Penguins,South Dakota State Jackrabbits,YSU,SDST,30,35,away,5,,,27,9,2,10,6,1,
2025,2,6,401767559,2025-10-04,Furman Paladins,East Tennessee State Buccaneers,FUR,ETSU,31,22,home,9,,,22,5,3,8,6,1,
2025,2,6,401767575,2025-10-04,Mercer Bears,Samford Bulldogs,MER,SAM,45,21,home,24,,,31,7,2,13,9,1,
2025,2,6,401767592,2025-10-04,Wofford Terriers,Western Carolina Catamounts,WOF,WCU,21,23,away,2,,,0,0,0,0,0,0,no drives
2025,2,6,401767595,2025-10-04,St. Thomas-Minnesota Tommies,Butler Bulldogs,STMN,BUT,14,21,away,7,,,15,4,2,6,3,1,
2025,2,6,401767604,2025-10-04,Stetson Hatters,Davidson Wildcats,STET,DAV,35,32,home,3,,,21,9,2,2,8,1,
2025,2,6,401767615,2025-10-04,Morehead State Eagles,Dayton Flyers,MORE,DAY,28,35,away,7,,,23,8,1,8,6,1,
2025,2,6,401767621,2025-10-04,Drake Bulldogs,Valparaiso Beacons,DRKE,VAL,41,0,home,41,,,26,4,3,12,7,1,
2025,2,6,401767628,2025-10-04,Marist Red Foxes,San Diego Toreros,MRST,USD,19,14,home,5,,,34,5,0,23,6,1,
2025,2,6,401767660,2025-10-04,Central Connecticut Blue Devils,Sacred Heart Pioneers,CCSU,SHU,42,35,home,7,,,23,8,2,10,3,1,
2025,2,6,401767666,2025-10-04,Bucknell Bison,Richmond Spiders,BUCK,RICH,33,28,home,5,,,20,8,3,1,8,1,
2025,2,6,401767674,2025-10-04,Lafayette Leopards,Fordham Rams,LAF,FOR,24,10,home,14,,,22,3,3,9,7,1,
2025,2,6,401767690,2025-10-04,Cornell Big Red,Colgate Raiders,COR,COLG,21,41,away,20,,,27,9,0,10,8,1,
2025,2,6,401767698,2025-10-04,Pennsylvania Quakers,Dartmouth Big Green,PENN,DART,36,24,home,12,,,21,7,4,3,7,1,
2025,2,6,401767727,2025-10-04,Holy Cross Crusaders,Harvard Crimson,HC,HARV,24,59,away,35,,,32,11,2,11,8,1,
2025,2,6,401767735,2025-10-04,Lehigh Mountain Hawks,Yale Bulldogs,LEH,YALE,31,13,home,18,,,19,5,1,6,7,1,
2025,2,6,401767751,2025-10-04,Duquesne Dukes,Stonehill Skyhawks,DUQ,STO,34,14,home,20,,,22,7,1,8,6,1,
2025,2,6,401767757,2025-10-04,Mercyhurst Lakers,Long Island University Sharks,MERC,LIU,22,13,home,9,,,18,4,4,6,4,1,
2025,2,6,401767763,2025-10-04,Merrimack Warriors,Robert Morris Colonials,MRMK,RMU,24,7,home,17,,,20,4,1,10,5,1,
2025,2,6,401769869,2025-10-04,Central Arkansas Bears,Utah Tech Trailblazers,CARK,UTU,23,17,home,6,,,28,4,5,10,9,1,
2025,2,6,401777983,2025-10-04,New Haven Chargers,Pace Setters,NH,PAC,28,14,home,14,,,23,5,4,6,8,1,
2025,2,6,401754551,2025-10-05,California Golden Bears,Duke Blue Devils,CAL,DUKE,21,45,away,24,,,25,9,0,10,6,1,
2025,2,6,401760383,2025-10-05,Fresno State Bulldogs,Nevada Wolf Pack,FRES,NEV,20,17,home,3,,,26,4,4,10,8,1,
2025,2,6,401762478,2025-10-05,Memphis Tigers,Tulsa Golden Hurricane,MEM,TLSA,45,7,home,38,,,25,7,2,7,9,1,
2025,2,6,401767074,2025-10-05,Cal Poly Mustangs,UC Davis Aggies,CP,UCD,27,34,away,7,,,22,8,2,10,2,1,
2025,2,6,401767083,2025-10-05,Idaho State Bengals,Montana Grizzlies,IDST,MONT,38,42,away,4,,,27,10,4,8,5,1,
2025,2,6,401767469,2025-10-05,UT Rio Grande Valley Vaqueros,Houston Christian Huskies,RGV,HCU,27,7,home,20,,,24,4,3,8,9,1,
2025,2,7,401757278,2025-10-08,Middle Tennessee Blue Raiders,Missouri State Bears,MTSU,MOST,20,22,away,2,,,24,4,7,7,6,1,
2025,2,7,401757277,2025-10-09,UTEP Miners,Liberty Flames,UTEP,LIB,8,19,away,11,,,21,2,6,11,2,1,
2025,2,7,401757280,2025-10-09,Kennesaw State Owls,Louisiana Tech Bulldogs,KENN,LT,35,7,home,28,,,23,6,0,11,6,1,
2025,2,7,401762480,2025-10-09,Tulane Green Wave,East Carolina Pirates,TULN,ECU,26,19,home,7,,,22,4,6,7,5,1,
2025,2,7,401757279,2025-10-10,Sam Houston Bearkats,Jacksonville State Gamecocks,SHSU,JVST,27,29,away,2,,,25,7,4,10,4,1,
2025,2,7,401761622,2025-10-10,Georgia Southern Eagles,Southern Miss Golden Eagles,GASO,USM,35,38,away,3,,,28,9,1,11,7,1,
2025,2,7,401762481,2025-10-10,North Texas Mean Green,South Florida Bulls,UNT,USF,36,63,away,27,,,29,13,0,7,9,1,
2025,2,7,401767034,2025-10-10,Bryant Bulldogs,Brown Bears,BRY,BRWN,19,29,away,10,,,24,7,0,9,8,1,
2025,2,7,401767629,2025-10-10,Pennsylvania Quakers,Marist Red Foxes,PENN,MRST,28,9,home,19,,,20,5,2,6,7,1,
2025,2,7,401767691,2025-10-10,Harvard Crimson,Cornell Big Red,HARV,COR,34,10,home,24,,,22,3,4,9,6,1,
2025,2,7,401752731,2025-10-11,Auburn Tigers,Georgia Bulldogs,AUB,UGA,10,20,away,10,,,21,3,5,7,6,1,
2025,2,7,401752732,2025-10-11,LSU Tigers,South Carolina Gamecocks,LSU,SC,20,10,home,10,,,24,3,4,8,9,1,
2025,2,7,401752733,2025-10-11,Ole Miss Rebels,Washington State Cougars,MISS,WSU,24,21,home,3,,,21,6,3,8,4,1,
2025,2,7,401752734,2025-10-11,Missouri Tigers,Alabama Crimson Tide,MIZ,ALA,24,27,away,3,,,22,6,3,7,6,1,
2025,2,7,401752735,2025-10-11,Tennessee Volunteers,Arkansas Razorbacks,TENN,ARK,34,31,home,3,,,24,8,3,7,6,1,
2025,2,7,401752736,2025-10-11,Texas Longhorns,Oklahoma Sooners,TEX,OU,23,6,home,17,,,20,1,7,5,7,1,
2025,2,7,401752737,2025-10-11,Texas A&M Aggies,Florida Gators,TA&M,FLA,34,17,home,17,,,26,6,4,8,8,1,
2025,2,7,401752862,2025-10-11,Washington Huskies,Rutgers Scarlet Knights,WASH,RUTG,38,19,home,19,,,21,5,5,4,7,1,
2025,2,7,401752863,2025-10-11,Michigan State Spartans,UCLA Bruins,MSU,UCLA,13,38,away,25,,,20,7,2,5,6,1,
2025,2,7,401752864,2025-10-11,Minnesota Golden Gophers,Purdue Boilermakers,MINN,PUR,27,20,home,7,,,25,4,5,10,6,1,
2025,2,7,401752865,2025-10-11,Illinois Fighting Illini,Ohio State Buckeyes,ILL,OSU,16,34,away,18,,,22,6,3,6,7,1,
2025,2,7,401752866,2025-10-11,Penn State Nittany Lions,Northwestern Wildcats,PSU,NU,21,22,away,1,,,17,5,3,6,3,1,
2025,2,7,401752867,2025-10-11,Maryland Terrapins,Nebraska Cornhuskers,MD,NEB,31,34,away,3,,,24,7,3,6,8,1,
2025,2,7,401752868,2025-10-11,USC Trojans,Michigan Wolverines,USC,MICH,31,13,home,18,,,20,6,1,6,7,1,
2025,2,7,401752869,2025-10-11,Wisconsin Badgers,Iowa Hawkeyes,WIS,IOWA,0,37,away,37,,,24,4,3,10,7,1,
2025,2,7,401752870,2025-10-11,Oregon Ducks,Indiana Hoosiers,ORE,IU,20,30,away,10,,,25,4,6,9,6,1,
2025,2,7,401754558,2025-10-11,Boston College Eagles,Clemson Tigers,BC,CLEM,10,41,away,31,,,21,6,3,5,7,1,
2025,2,7,401754559,2025-10-11,Florida State Seminoles,Pittsburgh Panthers,FSU,PITT,31,34,away,3,,,23,8,3,7,5,1,
2025,2,7,401754560,2025-10-11,Georgia Tech Yellow Jackets,Virginia Tech Hokies,GT,VT,35,20,home,15,,,20,7,3,6,4,1,
2025,2,7,401754561,2025-10-11,SMU Mustangs,Stanford Cardinal,SMU,STAN,34,10,home,24,,,20,4,3,9,4,1,
2025,2,7,401754562,2025-10-11,Notre Dame Fighting Irish,NC State Wolfpack,ND,NCSU,36,7,home,29,,,25,5,2,10,8,1,
2025,2,7,401754563,2025-10-11,Oregon State Beavers,Wake Forest Demon Deacons,ORST,WAKE,14,39,away,25,,,27,7,2,13,5,1,
2025,2,7,401756917,2025-10-11,Cincinnati Bearcats,UCF Knights,CIN,UCF,20,11,home,9,,,20,3,3,8,6,1,
2025,2,7,401756918,2025-10-11,Colorado Buffaloes,Iowa State Cyclones,COLO,ISU,24,17,home,7,,,23,5,3,12,3,1,
2025,2,7,401756919,2025-10-11,Kansas State Wildcats,TCU Horned Frogs,KSU,TCU,41,28,home,13,,,25,7,2,8,8,1,
2025,2,7,401756920,2025-10-11,Oklahoma State Cowboys,Houston Cougars,OKST,HOU,17,39,away,22,,,23,6,6,7,4,1,
2025,2,7,401756921,2025-10-11,Texas Tech Red Raiders,Kansas Jayhawks,TTU,KU,42,17,home,25,,,27,7,3,14,3,1,
2025,2,7,401760386,2025-10-11,UNLV Rebels,Air Force Falcons,UNLV,AFA,51,48,home,3,,,26,13,4,4,5,1,
2025,2,7,401760388,2025-10-11,Colorado State Rams,Fresno State Bulldogs,CSU,FRES,49,21,home,28,,,26,9,0,8,9,1,
2025,2,7,401760391,2025-10-11,Wyoming Cowboys,San José State Spartans,WYO,SJSU,35,28,home,7,,,29,7,2,12,8,1,
2025,2,7,401761623,2025-10-11,Coastal Carolina Chanticleers,UL Monroe Warhawks,CCU,ULM,23,8,home,15,,,28,3,3,14,8,1,
2025,2,7,401761624,2025-10-11,Georgia State Panthers,App State Mountaineers,GAST,APP,20,41,away,21,,,27,8,4,8,7,1,
2025,2,7,401761625,2025-10-11,James Madison Dukes,Louisiana Ragin' Cajuns,JMU,UL,24,14,home,10,,,28,5,3,13,7,1,
2025,2,7,401761626,2025-10-11,Marshall Thundering Herd,Old Dominion Monarchs,MRSH,ODU,48,24,home,24,,,30,8,4,10,8,1,
2025,2,7,401762482,2025-10-11,Florida Atlantic Owls,UAB Blazers,FAU,UAB,53,33,home,20,,,23,10,2,6,5,1,
2025,2,7,401762483,2025-10-11,Army Black Knights,Charlotte 49ers,ARMY,CLT,24,7,home,17,,,19,4,3,5,7,1,
2025,2,7,401762484,2025-10-11,Temple Owls,Navy Midshipmen,TEM,NAVY,31,32,away,1,,,19,8,3,5,3,1,
2025,2,7,401762485,2025-10-11,UTSA Roadrunners,Rice Owls,UTSA,RICE,61,13,home,48,,,27,7,3,8,9,1,
2025,2,7,401762833,2025-10-11,Akron Zips,Miami (OH) RedHawks,AKR,M-OH,7,20,away,13,,,20,3,3,7,7,1,
2025,2,7,401762834,2025-10-11,Western Michigan Broncos,Ball State Cardinals,WMU,BALL,42,0,home,42,,,27,6,1,13,7,1,
2025,2,7,401762835,2025-10-11,Bowling Green Falcons,Toledo Rockets,BGSU,TOL,28,23,home,5,,,30,5,0,16,9,1,
2025,2,7,401762836,2025-10-11,Eastern Michigan Eagles,Northern Illinois Huskies,EMU,NIU,16,10,home,6,,,24,2,5,11,6,1,
2025,2,7,401762837,2025-10-11,Kent State Golden Flashes,Massachusetts Minutemen,KENT,MASS,42,6,home,36,,,29,5,2,13,9,1,
2025,2,7,401767079,2025-10-11,Montana Grizzlies,Cal Poly Mustangs,MONT,CP,28,9,home,19,,,27,3,1,14,9,1,
2025,2,7,401767084,2025-10-11,Montana State Bobcats,Idaho State Bengals,MTST,IDST,48,14,home,34,,,24,9,1,9,5,1,
2025,2,7,401767116,2025-10-11,UC Davis Aggies,Northern Arizona Lumberjacks,UCD,NAU,45,24,home,21,,,24,9,4,3,8,1,
2025,2,7,401767122,2025-10-11,Idaho Vandals,Northern Colorado Bears,IDHO,UNCO,33,49,away,16,,,24,10,3,6,5,1,
2025,2,7,401767143,2025-10-11,Hampton Pirates,Campbell Fighting Camels,HAMP,CAM,21,38,away,17,,,24,7,2,8,7,1,
2025,2,7,401767154,2025-10-11,Elon Phoenix,Villanova Wildcats,ELON,VILL,21,29,away,8,,,19,5,3,7,4,1,
2025,2,7,401767165,2025-10-11,Charleston Southern Buccaneers,Tennessee Tech Golden Eagles,CHSO,TNTC,13,27,away,14,,,23,5,2,8,8,1,
2025,2,7,401767192,2025-10-11,Merrimack Warriors,Maine Black Bears,MRMK,ME,13,20,away,7,,,20,3,6,5,6,1,
2025,2,7,401767196,2025-10-11,Eastern Illinois Panthers,Gardner-Webb Runnin' Bulldogs,EIU,GWEB,10,21,away,11,,,22,4,2,9,7,1,
2025,2,7,401767220,2025-10-11,Southeast Missouri State Redhawks,Tennessee State Tigers,SEMO,TNST,28,12,home,16,,,29,5,3,11,10,1,
2025,2,7,401767236,2025-10-11,UT Martin Skyhawks,Western Illinois Leathernecks,UTM,WIU,32,31,home,1,,,23,8,4,8,3,1,
2025,2,7,401767242,2025-10-11,West Georgia Wolves,Abilene Christian Wildcats,WES,ACU,13,30,away,17,,,25,6,3,7,9,1,
2025,2,7,401767251,2025-10-11,Eastern Kentucky Colonels,Austin Peay Governors,EKU,APSU,34,20,home,14,,,20,3,5,7,5,1,
2025,2,7,401767260,2025-10-11,Towson Tigers,Monmouth Hawks,TOW,MONM,31,42,away,11,,,19,8,2,1,8,1,
2025,2,7,401767270,2025-10-11,Rhode Island Rams,New Hampshire Wildcats,URI,UNH,38,27,home,11,,,22,7,4,7,4,1,
2025,2,7,401767274,2025-10-11,North Carolina A&T Aggies,South Carolina State Bulldogs,NCAT,SCST,16,22,away,6,,,26,3,4,13,6,1,
2025,2,7,401767287,2025-10-11,North Alabama Lions,Central Arkansas Bears,UNA,CARK,21,49,away,28,,,28,9,1,8,10,1,
2025,2,7,401767313,2025-10-11,Alabama A&M Bulldogs,Mississippi Valley State Delta Devils,AAMU,MVSU,45,25,home,20,,,19,9,3,5,2,1,
2025,2,7,401767344,2025-10-11,Delaware State Hornets,Southern Connecticut State Owls,DSU,SCSU,70,23,home,47,,,28,12,0,8,8,1,
2025,2,7,401767353,2025-10-11,Sacred Heart Pioneers,Howard Bison,SHU,HOW,32,14,home,18,,,23,5,3,11,4,1,
2025,2,7,401767363,2025-10-11,Jackson State Tigers,Alabama State Hornets,JKST,ALST,38,34,home,4,,,19,9,4,2,4,1,
2025,2,7,401767372,2025-10-11,Alcorn State Braves,Lincoln (CA) Oaklanders,ALCN,LCLN,42,0,home,42,,,21,6,1,8,6,1,
2025,2,7,401767390,2025-10-11,Bethune-Cookman Wildcats,Southern Jaguars,BCU,SOU,45,14,home,31,,,9,8,1,0,0,1,
2025,2,7,401767400,2025-10-11,Morgan State Bears,Virginia Lynchburg Dragons,MORG,UVAL,44,6,home,38,,,22,7,0,8,7,1,
2025,2,7,401767407,2025-10-11,Wofford Terriers,Norfolk State Spartans,WOF,NORF,31,14,home,17,,,25,5,2,10,8,1,
2025,2,7,401767413,2025-10-11,Florida A&M Rattlers,North Carolina Central Eagles,FAMU,NCCU,7,45,away,38,,,24,6,1,11,6,1,
2025,2,7,401767418,2025-10-11,Grambling Tigers,Texas Southern Tigers,GRAM,TXSO,20,21,away,1,,,22,4,0,8,10,1,
2025,2,7,401767439,2025-10-11,Murray State Racers,Illinois State Redbirds,MUR,ILST,32,46,away,14,,,20,10,3,4,3,1,
2025,2,7,401767448,2025-10-11,Indiana State Sycamores,South Dakota Coyotes,INST,SDAK,14,19,away,5,,,21,3,4,12,2,1,
2025,2,7,401767461,2025-10-11,East Texas A&M Lions,Lamar Cardinals,ETAM,LAM,23,33,away,10,,,21,3,6,7,5,1,
2025,2,7,401767470,2025-10-11,Houston Christian Huskies,Northwestern State Demons,HCU,NWST,20,17,home,3,,,20,5,3,8,4,1,
2025,2,7,401767504,2025-10-11,North Dakota Fighting Hawks,Youngstown State Penguins,UND,YSU,35,17,home,18,,,23,7,1,10,5,1,
2025,2,7,401767511,2025-10-11,North Dakota State Bison,Southern Illinois Salukis,NDSU,SIU,45,17,home,28,,,20,8,2,5,5,1,
2025,2,7,401767537,2025-10-11,South Dakota State Jackrabbits,Northern Iowa Panthers,SDST,UNI,31,3,home,28,,,27,4,5,9,9,1,
2025,2,7,401767560,2025-10-11,East Tennessee State Buccaneers,VMI Keydets,ETSU,VMI,45,10,home,35,,,35,5,2,20,8,1,
2025,2,7,401767567,2025-10-11,Western Carolina Catamounts,Furman Paladins,WCU,FUR,52,7,home,45,,,27,7,1,10,9,1,
2025,2,7,401767576,2025-10-11,Princeton Tigers,Mercer Bears,PRIN,MER,14,38,away,24,,,23,7,1,8,7,1,
2025,2,7,401767583,2025-10-11,The Citadel Bulldogs,Valdosta State Blazers,CIT,VAL,38,14,home,24,,,0,0,0,0,0,0,no drives
2025,2,7,401767596,2025-10-11,Butler Bulldogs,Presbyterian Blue Hose,BUT,PRES,25,31,away,6,,,20,6,5,7,2,1,
2025,2,7,401767605,2025-10-11,Davidson Wildcats,St. Thomas-Minnesota Tommies,DAV,STMN,13,57,away,44,,,27,10,0,9,8,1,
2025,2,7,401767616,2025-10-11,Valparaiso Beacons,Dayton Flyers,VAL,DAY,10,41,away,31,,,27,6,3,10,8,1,
2025,2,7,401767622,2025-10-11,San Diego Toreros,Drake Bulldogs,USD,DRKE,16,19,away,3,,,24,3,6,13,2,1,
2025,2,7,401767637,2025-10-11,Stetson Hatters,Morehead State Eagles,STET,MORE,21,14,home,7,,,23,5,2,10,6,1,
2025,2,7,401767667,2025-10-11,Lafayette Leopards,Bucknell Bison,LAF,BUCK,62,24,home,38,,,30,11,1,12,6,1,
2025,2,7,401767699,2025-10-11,Dartmouth Big Green,Yale Bulldogs,DART,YALE,17,16,home,1,,,18,4,4,5,5,1,
2025,2,7,401767736,2025-10-11,Columbia Lions,Lehigh Mountain Hawks,COLU,LEH,7,31,away,24,,,24,5,1,13,5,1,
2025,2,7,401767739,2025-10-11,Colgate Raiders,Richmond Spiders,COLG,RICH,19,24,away,5,,,20,4,3,10,3,1,
2025,2,7,401767744,2025-10-11,Robert Morris Colonials,Central Connecticut Blue Devils,RMU,CCSU,12,24,away,12,,,24,4,4,10,6,1,
2025,2,7,401767752,2025-10-11,Duquesne Dukes,Saint Francis Red Flash,DUQ,SFPA,52,7,home,45,,,29,7,1,14,7,1,
2025,2,7,401767776,2025-10-11,Wagner Seahawks,Mercyhurst Lakers,WAG,MERC,7,19,away,12,,,20,4,1,9,6,1,
2025,2,7,401779512,2025-10-11,New Haven Chargers,Western Connecticut State Wolves,NH,WES,69,0,home,69,,,26,8,2,9,7,1,
2025,2,7,401756916,2025-10-12,Arizona Wildcats,BYU Cougars,ARIZ,BYU,27,33,away,6,,,24,7,5,6,6,1,
2025,2,7,401756922,2025-10-12,Utah Utes,Arizona State Sun Devils,UTAH,ASU,42,10,home,32,,,16,7,2,4,3,1,
2025,2,7,401760387,2025-10-12,Boise State Broncos,New Mexico Lobos,BOIS,UNM,41,25,home,16,,,21,5,3,4,9,1,
2025,2,7,401760389,2025-10-12,Hawai'i Rainbow Warriors,Utah State Aggies,HAW,USU,44,26,home,18,,,30,8,5,10,7,1,
2025,2,7,401760390,2025-10-12,Nevada Wolf Pack,San Diego State Aztecs,NEV,SDSU,10,44,away,34,,,23,3,4,9,7,1,
2025,2,7,401761627,2025-10-12,Texas State Bobcats,Troy Trojans,TXST,TROY,41,48,away,7,,,20,10,5,4,1,1,
2025,2,7,401767133,2025-10-12,Weber State Wildcats,Sacramento State Hornets,WEB,SAC,27,55,away,28,,,22,9,2,6,5,1,
2025,2,7,401767307,2025-10-12,Utah Tech Trailblazers,Tarleton State Texans,UTU,TAR,23,41,away,18,,,23,8,3,7,5,1,
2025,2,8,401757282,2025-10-14,Liberty Flames,New Mexico State Aggies,LIB,NMSU,30,27,home,3,,,23,6,6,7,4,1,
2025,2,8,401761628,2025-10-14,South Alabama Jaguars,Arkansas State Red Wolves,USA,ARST,14,15,away,1,,,23,3,5,13,2,1,
2025,2,8,401757281,2025-10-15,Western Kentucky Hilltoppers,Florida International Panthers,WKU,FIU,6,25,away,19,,,21,2,6,9,4,1,
2025,2,8,401757283,2025-10-15,Jacksonville State Gamecocks,Delaware Blue Hens,JVST,DEL,38,25,home,13,,,27,8,3,10,6,1,
2025,2,8,401757284,2025-10-15,Sam Houston Bearkats,UTEP Miners,SHSU,UTEP,17,35,away,18,,,26,7,3,7,9,1,
2025,2,8,401762486,2025-10-16,East Carolina Pirates,Tulsa Golden Hurricane,ECU,TLSA,41,27,home,14,,,29,8,4,10,7,1,
2025,2,8,401754564,2025-10-17,Miami Hurricanes,Louisville Cardinals,MIA,LOU,21,24,away,3,,,24,5,3,9,7,1,
2025,2,8,401752738,2025-10-18,Alabama Crimson Tide,Tennessee Volunteers,ALA,TENN,37,20,home,17,,,19,7,0,7,5,1,
2025,2,8,401752739,2025-10-18,Arkansas Razorbacks,Texas A&M Aggies,ARK,TA&M,42,45,away,3,,,20,11,3,4,2,1,
2025,2,8,401752740,2025-10-18,Auburn Tigers,Missouri Tigers,AUB,MIZ,17,23,away,6,,,25,5,4,9,7,1,
2025,2,8,401752741,2025-10-18,Florida Gators,Mississippi State Bulldogs,FLA,MSST,23,21,home,2,,,24,5,4,8,7,1,
2025,2,8,401752742,2025-10-18,Georgia Bulldogs,Ole Miss Rebels,UGA,MISS,43,35,home,8,,,17,10,2,2,3,1,
2025,2,8,401752743,2025-10-18,Kentucky Wildcats,Texas Longhorns,UK,TEX,13,16,away,3,,,26,2,6,14,4,1,
2025,2,8,401752744,2025-10-18,South Carolina Gamecocks,Oklahoma Sooners,SC,OU,7,26,away,19,,,24,4,1,12,7,1,
2025,2,8,401752745,2025-10-18,Vanderbilt Commodores,LSU Tigers,VAN,LSU,31,24,home,7,,,18,6,5,4,3,1,
2025,2,8,401752871,2025-10-18,Notre Dame Fighting Irish,USC Trojans,ND,USC,34,24,home,10,,,25,5,4,6,10,1,
2025,2,8,401752872,2025-10-18,Minnesota Golden Gophers,Nebraska Cornhuskers,MINN,NEB,24,6,home,18,,,20,3,3,10,4,1,
2025,2,8,401752873,2025-10-18,Michigan Wolverines,Washington Huskies,MICH,WASH,24,7,home,17,,,21,4,3,6,8,1,
2025,2,8,401752874,2025-10-18,Northwestern Wildcats,Purdue Boilermakers,NU,PUR,19,0,home,19,,,23,2,3,7,11,1,
2025,2,8,401752875,2025-10-18,Iowa Hawkeyes,Penn State Nittany Lions,IOWA,PSU,25,24,home,1,,,21,5,4,5,7,1,
2025,2,8,401752876,2025-10-18,Rutgers Scarlet Knights,Oregon Ducks,RUTG,ORE,10,56,away,46,,,26,9,2,7,8,1,
2025,2,8,401752877,2025-10-18,Wisconsin Badgers,Ohio State Buckeyes,WIS,OSU,0,34,away,34,,,19,4,3,8,4,1,
2025,2,8,401752878,2025-10-18,Indiana Hoosiers,Michigan State Spartans,IU,MSU,38,13,home,25,,,16,6,4,2,4,1,
2025,2,8,401752879,2025-10-18,UCLA Bruins,Maryland Terrapins,UCLA,MD,20,17,home,3,,,29,4,4,15,6,1,
2025,2,8,401752951,2025-10-18,Virginia Cavaliers,Washington State Cougars,UVA,WSU,22,20,home,2,,,24,4,4,10,6,1,
2025,2,8,401754371,2025-10-18,California Golden Bears,North Carolina Tar Heels,CAL,UNC,21,18,home,3,,,24,5,1,14,4,1,
2025,2,8,401754565,2025-10-18,Clemson Tigers,SMU Mustangs,CLEM,SMU,24,35,away,11,,,28,7,4,12,5,1,
2025,2,8,401754566,2025-10-18,Duke Blue Devils,Georgia Tech Yellow Jackets,DUKE,GT,18,27,away,9,,,18,4,4,6,4,1,
2025,2,8,401754568,2025-10-18,Syracuse Orange,Pittsburgh Panthers,SYR,PITT,13,30,away,17,,,27,3,3,12,9,1,
2025,2,8,401754569,2025-10-18,Boston College Eagles,UConn Huskies,BC,CONN,23,38,away,15,,,21,7,4,7,3,1,
2025,2,8,401756923,2025-10-18,Arizona State Sun Devils,Texas Tech Red Raiders,ASU,TTU,26,22,home,4,,,26,5,4,11,6,1,
2025,2,8,401756925,2025-10-18,Houston Cougars,Arizona Wildcats,HOU,ARIZ,31,28,home,3,,,16,8,2,4,2,1,
2025,2,8,401756927,2025-10-18,TCU Horned Frogs,Baylor Bears,TCU,BAY,42,36,home,6,,,30,9,2,10,9,1,
2025,2,8,401756928,2025-10-18,UCF Knights,West Virginia Mountaineers,UCF,WVU,45,13,home,32,,,29,7,2,12,8,1,
2025,2,8,401760392,2025-10-18,Air Force Falcons,Wyoming Cowboys,AFA,WYO,24,21,home,3,,,18,5,3,5,5,1,
2025,2,8,401760393,2025-10-18,Boise State Broncos,UNLV Rebels,BOIS,UNLV,56,31,home,25,,,27,11,1,10,5,1,
2025,2,8,401760394,2025-10-18,Colorado State Rams,Hawai'i Rainbow Warriors,CSU,HAW,19,31,away,12,,,22,5,1,9,7,1,
2025,2,8,401760396,2025-10-18,Utah State Aggies,San José State Spartans,USU,SJSU,30,25,home,5,,,22,6,5,6,5,1,
2025,2,8,401761629,2025-10-18,App State Mountaineers,Coastal Carolina Chanticleers,APP,CCU,37,45,away,8,,,20,9,4,2,5,1,
2025,2,8,401761630,2025-10-18,Georgia Southern Eagles,Georgia State Panthers,GASO,GAST,41,24,home,17,,,17,8,3,1,5,1,
2025,2,8,401761631,2025-10-18,James Madison Dukes,Old Dominion Monarchs,JMU,ODU,63,27,home,36,,,26,12,0,9,5,1,
2025,2,8,401761632,2025-10-18,Marshall Thundering Herd,Texas State Bobcats,MRSH,TXST,40,37,home,3,,,34,9,9,8,8,1,
2025,2,8,401761633,2025-10-18,UL Monroe Warhawks,Troy Trojans,ULM,TROY,14,37,away,23,,,23,5,4,6,8,1,
2025,2,8,401761668,2025-10-18,Louisiana Ragin' Cajuns,Southern Miss Golden Eagles,UL,USM,10,22,away,12,,,25,3,5,8,9,1,
2025,2,8,401762487,2025-10-18,UAB Blazers,Memphis Tigers,UAB,MEM,31,24,home,7,,,16,6,2,2,6,1,
2025,2,8,401762488,2025-10-18,Tulane Green Wave,Army Black Knights,TULN,ARMY,24,17,home,7,,,16,5,3,4,4,1,
2025,2,8,401762489,2025-10-18,Charlotte 49ers,Temple Owls,CLT,TEM,14,49,away,35,,,25,7,0,11,7,1,
2025,2,8,401762490,2025-10-18,South Florida Bulls,Florida Atlantic Owls,USF,FAU,48,13,home,35,,,24,7,5,8,4,1,
2025,2,8,401762491,2025-10-18,North Texas Mean Green,UTSA Roadrunners,UNT,UTSA,55,17,home,38,,,26,8,3,8,7,1,
2025,2,8,401762838,2025-10-18,Ball State Cardinals,Akron Zips,BALL,AKR,42,28,home,14,,,29,8,3,8,10,1,
2025,2,8,401762839,2025-10-18,Bowling Green Falcons,Central Michigan Chippewas,BGSU,CMU,6,27,away,21,,,22,3,4,8,7,1,
2025,2,8,401762840,2025-10-18,Massachusetts Minutemen,Buffalo Bulls,MASS,BUFF,21,28,away,7,,,28,6,3,15,4,1,
2025,2,8,401762841,2025-10-18,Miami (OH) RedHawks,Eastern Michigan Eagles,M-OH,EMU,44,30,home,14,,,23,10,0,7,6,1,
2025,2,8,401762842,2025-10-18,Toledo Rockets,Kent State Golden Flashes,TOL,KENT,45,10,home,35,,,23,6,2,11,4,1,
2025,2,8,401762843,2025-10-18,Ohio Bobcats,Northern Illinois Huskies,OHIO,NIU,48,21,home,27,,,21,9,0,6,6,1,
2025,2,8,401767092,2025-10-18,Eastern Washington Eagles,Idaho Vandals,EWU,IDHO,21,14,home,7,,,28,4,3,12,9,1,
2025,2,8,401767100,2025-10-18,Montana Grizzlies,Sacred Heart Pioneers,MONT,SHU,43,21,home,22,,,19,9,1,5,4,1,
2025,2,8,401767128,2025-10-18,Portland State Vikings,Weber State Wildcats,PRST,WEB,27,43,away,16,,,31,7,5,9,10,1,
2025,2,8,401767144,2025-10-18,Campbell Fighting Camels,New Hampshire Wildcats,CAM,UNH,10,24,away,14,,,19,3,5,6,5,1,
2025,2,8,401767155,2025-10-18,William & Mary Tribe,Elon Phoenix,W&M,ELON,26,21,home,5,,,22,6,1,10,5,1,
2025,2,8,401767166,2025-10-18,Western Illinois Leathernecks,Charleston Southern Buccaneers,WIU,CHSO,24,29,away,5,,,24,7,2,10,5,1,
2025,2,8,401767184,2025-10-18,Villanova Wildcats,Hampton Pirates,VILL,HAMP,56,14,home,42,,,22,9,0,8,5,1,
2025,2,8,401767197,2025-10-18,Southeast Missouri State Redhawks,Eastern Illinois Panthers,SEMO,EIU,42,13,home,29,,,33,6,3,11,13,1,
2025,2,8,401767203,2025-10-18,Gardner-Webb Runnin' Bulldogs,UT Martin Skyhawks,GWEB,UTM,7,37,away,30,,,21,5,3,5,8,1,
2025,2,8,401767212,2025-10-18,Lindenwood Lions,Tennessee Tech Golden Eagles,LIN,TNTC,28,52,away,24,,,27,11,1,10,5,1,
2025,2,8,401767227,2025-10-18,Tennessee State Tigers,Howard Bison,TNST,HOW,24,7,home,17,,,25,4,1,14,6,1,
2025,2,8,401767261,2025-10-18,Monmouth Hawks,Stony Brook Seawolves,MONM,STBK,49,21,home,28,,,26,7,0,7,12,1,
2025,2,8,401767280,2025-10-18,North Alabama Lions,Eastern Kentucky Colonels,UNA,EKU,35,14,home,21,,,21,7,0,9,5,1,
2025,2,8,401767301,2025-10-18,Tarleton State Texans,West Georgia Wolves,TAR,WES,45,10,home,35,,,24,6,3,8,7,1,
2025,2,8,401767321,2025-10-18,UAlbany Great Danes,Rhode Island Rams,ALB,URI,17,58,away,41,,,23,7,2,5,9,1,
2025,2,8,401767373,2025-10-18,Florida A&M Rattlers,Alcorn State Braves,FAMU,ALCN,33,28,home,5,,,22,6,6,6,4,1,
2025,2,8,401767383,2025-10-18,Arkansas-Pine Bluff Golden Lions,Grambling Tigers,UAPB,GRAM,16,20,away,4,,,27,4,4,9,10,1,
2025,2,8,401767429,2025-10-18,Mississippi Valley State Delta Devils,Lincoln (CA) Oaklanders,MVSU,LCLN,49,0,home,49,,,22,5,1,6,10,1,
2025,2,8,401767434,2025-10-18,Southern Jaguars,Prairie View A&M Panthers,SOU,PV,3,24,away,21,,,20,3,4,9,4,1,
2025,2,8,401767440,2025-10-18,Illinois State Redbirds,Youngstown State Penguins,ILST,YSU,35,40,away,5,,,25,10,2,7,6,1,
2025,2,8,401767449,2025-10-18,Indiana State Sycamores,North Dakota State Bison,INST,NDSU,7,38,away,31,,,24,6,2,9,7,1,
2025,2,8,401767462,2025-10-18,Incarnate Word Cardinals,East Texas A&M Lions,UIW,ETAM,45,52,away,7,,,31,13,2,5,11,1,
2025,2,8,401767471,2025-10-18,McNeese Cowboys,Houston Christian Huskies,MCN,HCU,27,0,home,27,,,21,3,3,10,5,1,
2025,2,8,401767485,2025-10-18,Lamar Cardinals,UT Rio Grande Valley Vaqueros,LAM,RGV,23,21,home,2,,,24,5,3,12,4,1,
2025,2,8,401767497,2025-10-18,Murray State Racers,South Dakota State Jackrabbits,MUR,SDST,14,35,away,21,,,0,0,0,0,0,0,no drives
2025,2,8,401767505,2025-10-18,Southern Illinois Salukis,North Dakota Fighting Hawks,SIU,UND,19,38,away,19,,,21,7,1,6,7,1,
2025,2,8,401767517,2025-10-18,Stephen F. Austin Lumberjacks,Nicholls Colonels,SFA,NICH,34,7,home,27,,,25,4,2,12,7,1,
2025,2,8,401767521,2025-10-18,SE Louisiana Lions,Northwestern State Demons,SELA,NWST,49,0,home,49,,,23,6,0,12,5,1,
2025,2,8,401767532,2025-10-18,Chattanooga Mocs,East Tennessee State Buccaneers,UTC,ETSU,42,38,home,4,,,24,11,1,8,4,1,
2025,2,8,401767538,2025-10-18,Northern Iowa Panthers,South Dakota Coyotes,UNI,SDAK,14,17,away,3,,,21,3,2,13,3,1,
2025,2,8,401767553,2025-10-18,Brown Bears,Princeton Tigers,BRWN,PRIN,21,40,away,19,,,25,8,2,5,10,1,
2025,2,8,401767568,2025-10-18,Wofford Terriers,Furman Paladins,WOF,FUR,31,13,home,18,,,27,5,1,14,7,1,
2025,2,8,401767581,2025-10-18,VMI Keydets,Samford Bulldogs,VMI,SAM,22,24,away,2,,,28,6,6,13,3,1,
2025,2,8,401767584,2025-10-18,The Citadel Bulldogs,Western Carolina Catamounts,CIT,WCU,38,45,away,7,,,23,11,2,8,2,1,
2025,2,8,401767597,2025-10-18,Dayton Flyers,Butler Bulldogs,DAY,BUT,17,23,away,6,,,17,3,4,7,3,1,
2025,2,8,401767606,2025-10-18,Drake Bulldogs,Davidson Wildcats,DRKE,DAV,45,0,home,45,,,21,6,2,8,5,1,
2025,2,8,401767630,2025-10-18,Morehead State Eagles,Marist Red Foxes,MORE,MRST,23,21,home,2,,,22,4,5,4,9,1,
2025,2,8,401767641,2025-10-18,Presbyterian Blue Hose,Stetson Hatters,PRES,STET,42,7,home,35,,,22,7,0,9,6,1,
2025,2,8,401767649,2025-10-18,St. Thomas-Minnesota Tommies,Valparaiso Beacons,STMN,VAL,55,17,home,38,,,23,8,3,5,7,1,
2025,2,8,401767683,2025-10-18,Columbia Lions,Pennsylvania Quakers,COLU,PENN,21,35,away,14,,,23,8,0,5,10,1,
2025,2,8,401767692,2025-10-18,Cornell Big Red,Bucknell Bison,COR,BUCK,30,20,home,10,,,24,7,1,8,8,1,
2025,2,8,401767700,2025-10-18,Fordham Rams,Dartmouth Big Green,FOR,DART,13,30,away,17,,,23,4,6,8,5,1,
2025,2,8,401767704,2025-10-18,Harvard Crimson,Merrimack Warriors,HARV,MRMK,31,7,home,24,,,20,4,3,5,8,1,
2025,2,8,401767722,2025-10-18,Georgetown Hoyas,Colgate Raiders,GTWN,COLG,21,17,home,4,,,22,5,2,7,8,1,
2025,2,8,401767728,2025-10-18,Richmond Spiders,Holy Cross Crusaders,RICH,HC,22,28,away,6,,,24,6,3,12,3,1,
2025,2,8,401767745,2025-10-18,Wagner Seahawks,Central Connecticut Blue Devils,WAG,CCSU,17,24,away,7,,,27,1,4,15,7,1,
2025,2,8,401767753,2025-10-18,Mercyhurst Lakers,Duquesne Dukes,MERC,DUQ,0,37,away,37,,,19,3,4,7,5,1,
2025,2,8,401767759,2025-10-18,Long Island University Sharks,Robert Morris Colonials,LIU,RMU,17,7,home,10,,,23,3,3,11,6,1,
2025,2,8,401767773,2025-10-18,Yale Bulldogs,Stonehill Skyhawks,YALE,STO,47,7,home,40,,,22,6,4,10,2,1,
2025,2,8,401752941,2025-10-19,Oregon State Beavers,Lafayette Leopards,ORST,LAF,45,13,home,32,,,27,7,3,11,6,1,
2025,2,8,401754567,2025-10-19,Stanford Cardinal,Florida State Seminoles,STAN,FSU,20,13,home,7,,,24,3,5,11,5,1,
2025,2,8,401756924,2025-10-19,BYU Cougars,Utah Utes,BYU,UTAH,24,21,home,3,,,23,6,1,7,9,1,
2025,2,8,401756926,2025-10-19,Oklahoma State Cowboys,Cincinnati Bearcats,OKST,CIN,17,49,away,32,,,19,8,1,4,6,1,
2025,2,8,401760395,2025-10-19,New Mexico Lobos,Nevada Wolf Pack,UNM,NEV,24,22,home,2,,,18,5,5,2,6,1,
2025,2,8,401767123,2025-10-19,Sacramento State Hornets,Northern Colorado Bears,SAC,UNCO,40,35,home,5,,,24,8,4,5,7,1,
2025,2,8,401767243,2025-10-19,Southern Utah Thunderbirds,Abilene Christian Wildcats,SUU,ACU,31,24,home,7,,,22,6,3,6,7,1,
2025,2,9,401757285,2025-10-21,Florida International Panthers,Kennesaw State Owls,FIU,KENN,26,45,away,19,,,25,9,3,8,5,1,
2025,2,9,401757286,2025-10-21,Louisiana Tech Bulldogs,Western Kentucky Hilltoppers,LT,WKU,27,28,away,1,,,23,6,7,6,4,1,
2025,2,9,401757287,2025-10-22,Delaware Blue Hens,Middle Tennessee Blue Raiders,DEL,MTSU,31,28,home,3,,,28,8,1,12,7,1,
2025,2,9,401757288,2025-10-23,New Mexico State Aggies,Missouri State Bears,NMSU,MOST,17,24,away,7,,,27,5,4,9,9,1,
2025,2,9,401761634,2025-10-23,Georgia State Panthers,South Alabama Jaguars,GAST,USA,31,38,away,7,,,21,9,4,5,3,1,
2025,2,9,401754372,2025-10-24,Virginia Tech Hokies,California Golden Bears,VT,CAL,42,34,home,8,,,28,9,6,8,5,1,
2025,2,9,401762492,2025-10-24,Charlotte 49ers,North Texas Mean Green,CLT,UNT,20,54,away,34,,,30,9,4,10,7,1,
2025,2,9,401767701,2025-10-24,Dartmouth Big Green,Columbia Lions,DART,COLU,49,3,home,46,,,21,6,1,9,5,1,
2025,2,9,401752746,2025-10-25,Arkansas Razorbacks,Auburn Tigers,ARK,AUB,24,33,away,9,,,21,3,7,3,8,1,
2025,2,9,401752747,2025-10-25,Kentucky Wildcats,Tennessee Volunteers,UK,TENN,34,56,away,22,,,23,12,1,6,4,1,
2025,2,9,401752748,2025-10-25,LSU Tigers,Texas A&M Aggies,LSU,TA&M,25,49,away,24,,,24,9,1,8,6,1,
2025,2,9,401752749,2025-10-25,Mississippi State Bulldogs,Texas Longhorns,MSST,TEX,38,45,away,7,,,34,10,4,15,5,1,
2025,2,9,401752750,2025-10-25,Oklahoma Sooners,Ole Miss Rebels,OU,MISS,26,34,away,8,,,26,6,6,9,5,1,
2025,2,9,401752751,2025-10-25,South Carolina Gamecocks,Alabama Crimson Tide,SC,ALA,22,29,away,7,,,24,5,4,9,6,1,
2025,2,9,401752752,2025-10-25,Vanderbilt Commodores,Missouri Tigers,VAN,MIZ,17,10,home,7,,,20,3,3,9,5,1,
2025,2,9,401752880,2025-10-25,Washington Huskies,Illinois Fighting Illini,WASH,ILL,42,25,home,17,,,16,9,1,2,4,1,
2025,2,9,401752881,2025-10-25,Michigan State Spartans,Michigan Wolverines,MSU,MICH,20,31,away,11,,,27,7,1,13,6,1,
2025,2,9,401752882,2025-10-25,Iowa Hawkeyes,Minnesota Golden Gophers,IOWA,MINN,41,3,home,38,,,24,3,3,12,6,1,
2025,2,9,401752883,2025-10-25,Nebraska Cornhuskers,Northwestern Wildcats,NEB,NU,28,21,home,7,,,20,6,3,4,7,1,
2025,2,9,401752884,2025-10-25,Purdue Boilermakers,Rutgers Scarlet Knights,PUR,RUTG,24,27,away,3,,,22,6,4,8,4,1,
2025,2,9,401752885,2025-10-25,Indiana Hoosiers,UCLA Bruins,IU,UCLA,56,6,home,50,,,23,7,2,5,9,1,
2025,2,9,401752886,2025-10-25,Oregon Ducks,Wisconsin Badgers,ORE,WIS,21,7,home,14,,,19,4,0,10,5,1,
2025,2,9,401752942,2025-10-25,Wake Forest Demon Deacons,SMU Mustangs,WAKE,SMU,13,12,home,1,,,34,2,6,17,9,1,
2025,2,9,401752952,2025-10-25,Washington State Cougars,Toledo Rockets,WSU,TOL,28,7,home,21,,,23,5,0,10,8,1,
2025,2,9,401754570,2025-10-25,Louisville Cardinals,Boston College Eagles,LOU,BC,38,24,home,14,,,33,8,3,12,10,1,
2025,2,9,401754571,2025-10-25,Georgia Tech Yellow Jackets,Syracuse Orange,GT,SYR,41,16,home,25,,,22,7,3,6,6,1,
2025,2,9,401754572,2025-10-25,Miami Hurricanes,Stanford Cardinal,MIA,STAN,42,7,home,35,,,21,7,1,6,7,1,
2025,2,9,401754573,2025-10-25,North Carolina Tar Heels,Virginia Cavaliers,UNC,UVA,16,17,away,1,,,29,4,3,15,7,1,
2025,2,9,401754574,2025-10-25,Pittsburgh Panthers,NC State Wolfpack,PITT,NCSU,53,34,home,19,,,30,11,5,7,7,1,
2025,2,9,401756930,2025-10-25,Cincinnati Bearcats,Baylor Bears,CIN,BAY,41,20,home,21,,,18,8,2,3,5,1,
2025,2,9,401756931,2025-10-25,Iowa State Cyclones,BYU Cougars,ISU,BYU,27,41,away,14,,,22,7,4,5,6,1,
2025,2,9,401756932,2025-10-25,Kansas Jayhawks,Kansas State Wildcats,KU,KSU,17,42,away,25,,,23,7,1,7,8,1,
2025,2,9,401756933,2025-10-25,Texas Tech Red Raiders,Oklahoma State Cowboys,TTU,OKST,42,0,home,42,,,28,4,1,13,10,1,
2025,2,9,401756935,2025-10-25,West Virginia Mountaineers,TCU Horned Frogs,WVU,TCU,17,23,away,6,,,22,4,4,7,7,1,
2025,2,9,401757172,2025-10-25,Rice Owls,UConn Huskies,RICE,CONN,37,34,home,3,,,32,9,4,16,3,1,
2025,2,9,401760397,2025-10-25,Nevada Wolf Pack,Boise State Broncos,NEV,BOIS,3,24,away,21,,,23,3,2,9,9,1,
2025,2,9,401760398,2025-10-25,Wyoming Cowboys,Colorado State Rams,WYO,CSU,28,0,home,28,,,23,4,0,12,7,1,
2025,2,9,401760399,2025-10-25,Fresno State Bulldogs,San Diego State Aztecs,FRES,SDSU,0,23,away,23,,,22,1,3,9,9,1,
2025,2,9,401760400,2025-10-25,New Mexico Lobos,Utah State Aggies,UNM,USU,33,14,home,19,,,20,5,1,10,4,1,
2025,2,9,401761635,2025-10-25,Old Dominion Monarchs,App State Mountaineers,ODU,APP,24,21,home,3,,,23,6,4,8,5,1,
2025,2,9,401761636,2025-10-25,Arkansas State Red Wolves,Georgia Southern Eagles,ARST,GASO,34,24,home,10,,,23,7,3,9,4,1,
2025,2,9,401761637,2025-10-25,Southern Miss Golden Eagles,UL Monroe Warhawks,USM,ULM,49,21,home,28,,,23,10,1,8,4,1,
2025,2,9,401761638,2025-10-25,Troy Trojans,Louisiana Ragin' Cajuns,TROY,UL,35,23,home,12,,,21,6,4,5,6,1,
2025,2,9,401762493,2025-10-25,Navy Midshipmen,Florida Atlantic Owls,NAVY,FAU,42,32,home,10,,,22,10,3,1,8,1,
2025,2,9,401762494,2025-10-25,Memphis Tigers,South Florida Bulls,MEM,USF,34,31,home,3,,,25,8,5,9,3,1,
2025,2,9,401762495,2025-10-25,Tulsa Golden Hurricane,Temple Owls,TLSA,TEM,37,38,away,1,,,26,10,2,10,4,1,
2025,2,9,401762844,2025-10-25,Buffalo Bulls,Akron Zips,BUFF,AKR,16,24,away,8,,,33,4,3,13,13,1,
2025,2,9,401762845,2025-10-25,Northern Illinois Huskies,Ball State Cardinals,NIU,BALL,21,7,home,14,,,22,4,1,9,8,1,
2025,2,9,401762846,2025-10-25,Kent State Golden Flashes,Bowling Green Falcons,KENT,BGSU,24,21,home,3,,,20,6,2,9,3,1,
2025,2,9,401762847,2025-10-25,Central Michigan Chippewas,Massachusetts Minutemen,CMU,MASS,38,13,home,25,,,24,6,3,8,7,1,
2025,2,9,401762848,2025-10-25,Eastern Michigan Eagles,Ohio Bobcats,EMU,OHIO,21,28,away,7,,,23,7,2,9,5,1,
2025,2,9,401762874,2025-10-25,Miami (OH) RedHawks,Western Michigan Broncos,M-OH,WMU,26,17,home,9,,,21,4,5,7,5,1,
2025,2,9,401767035,2025-10-25,Rhode Island Rams,Bryant Bulldogs,URI,BRY,38,17,home,21,,,25,6,2,8,9,1,
2025,2,9,401767065,2025-10-25,Weber State Wildcats,Eastern Washington Eagles,WEB,EWU,20,23,away,3,,,29,5,3,15,6,1,
2025,2,9,401767085,2025-10-25,Idaho State Bengals,Northern Arizona Lumberjacks,IDST,NAU,18,31,away,13,,,20,6,4,7,3,1,
2025,2,9,401767093,2025-10-25,Idaho Vandals,Portland State Vikings,IDHO,PRST,45,6,home,39,,,23,6,4,6,7,1,
2025,2,9,401767101,2025-10-25,Sacramento State Hornets,Montana Grizzlies,SAC,MONT,35,49,away,14,,,25,12,0,6,7,1,
2025,2,9,401767124,2025-10-25,Northern Colorado Bears,UC Davis Aggies,UNCO,UCD,16,27,away,11,,,26,5,4,11,6,1,
2025,2,9,401767145,2025-10-25,North Carolina A&T Aggies,Campbell Fighting Camels,NCAT,CAM,28,24,home,4,,,25,6,2,12,5,1,
2025,2,9,401767167,2025-10-25,Charleston Southern Buccaneers,Eastern Illinois Panthers,CHSO,EIU,17,16,home,1,,,21,3,6,8,4,1,
2025,2,9,401767176,2025-10-25,Maine Black Bears,Elon Phoenix,ME,ELON,35,14,home,21,,,21,6,1,8,6,1,
2025,2,9,401767185,2025-10-25,Hampton Pirates,Monmouth Hawks,HAMP,MONM,10,28,away,18,,,18,5,1,4,8,1,
2025,2,9,401767204,2025-10-25,Lindenwood Lions,Gardner-Webb Runnin' Bulldogs,LIN,GWEB,20,48,away,28,,,22,8,4,5,5,1,
2025,2,9,401767221,2025-10-25,Tennessee Tech Golden Eagles,Southeast Missouri State Redhawks,TNTC,SEMO,42,23,home,19,,,28,7,3,12,6,1,
2025,2,9,401767228,2025-10-25,Tennessee State Tigers,Western Illinois Leathernecks,TNST,WIU,16,17,away,1,,,24,2,6,11,5,1,
2025,2,9,401767252,2025-10-25,Austin Peay Governors,North Alabama Lions,APSU,UNA,56,28,home,28,,,29,12,1,7,9,1,
2025,2,9,401767271,2025-10-25,New Hampshire Wildcats,William & Mary Tribe,UNH,W&M,34,24,home,10,,,16,7,6,1,2,1,
2025,2,9,401767281,2025-10-25,Eastern Kentucky Colonels,Tarleton State Texans,EKU,TAR,7,31,away,24,,,22,5,1,10,6,1,
2025,2,9,401767302,2025-10-25,West Georgia Wolves,Central Arkansas Bears,WES,CARK,18,17,home,1,,,20,4,4,5,7,1,
2025,2,9,401767314,2025-10-25,Alabama A&M Bulldogs,Alabama State Hornets,AAMU,ALST,13,56,away,43,,,30,10,0,14,6,1,
2025,2,9,401767325,2025-10-25,Stony Brook Seawolves,Towson Tigers,STBK,TOW,27,19,home,8,,,21,5,3,11,2,1,
2025,2,9,401767334,2025-10-25,Villanova Wildcats,UAlbany Great Danes,VILL,ALB,29,16,home,13,,,25,5,5,8,7,1,
2025,2,9,401767345,2025-10-25,North Carolina Central Eagles,Delaware State Hornets,NCCU,DSU,26,35,away,9,,,21,7,2,7,5,1,
2025,2,9,401767354,2025-10-25,Howard Bison,Morgan State Bears,HOW,MORG,33,27,home,6,,,25,9,2,8,6,1,
2025,2,9,401767374,2025-10-25,Alcorn State Braves,Mississippi Valley State Delta Devils,ALCN,MVSU,32,10,home,22,,,26,5,2,11,8,1,
2025,2,9,401767384,2025-10-25,Bethune-Cookman Wildcats,Arkansas-Pine Bluff Golden Lions,BCU,UAPB,31,14,home,17,,,25,6,1,13,5,1,
2025,2,9,401767408,2025-10-25,Norfolk State Spartans,South Carolina State Bulldogs,NORF,SCST,20,51,away,31,,,26,9,4,7,6,1,
2025,2,9,401767419,2025-10-25,Grambling Tigers,Jackson State Tigers,GRAM,JKST,26,24,home,2,,,20,6,4,6,4,1,
2025,2,9,401767435,2025-10-25,Prairie View A&M Panthers,Lincoln (CA) Oaklanders,PV,LCLN,38,0,home,38,,,15,5,2,5,3,1,
2025,2,9,401767441,2025-10-25,South Dakota Coyotes,Illinois State Redbirds,SDAK,ILST,13,21,away,8,,,19,4,3,8,4,1,
2025,2,9,401767450,2025-10-25,North Dakota Fighting Hawks,Indiana State Sycamores,UND,INST,46,17,home,29,,,32,7,3,13,9,1,
2025,2,9,401767456,2025-10-25,Southern Jaguars,Florida A&M Rattlers,SOU,FAMU,35,43,away,8,,,24,10,3,7,4,1,
2025,2,9,401767463,2025-10-25,East Texas A&M Lions,Stephen F. Austin Lumberjacks,ETAM,SFA,21,31,away,10,,,29,7,3,9,10,1,
2025,2,9,401767472,2025-10-25,Houston Christian Huskies,SE Louisiana Lions,HCU,SELA,14,38,away,24,,,27,5,4,11,7,1,
2025,2,9,401767486,2025-10-25,Northwestern State Demons,Lamar Cardinals,NWST,LAM,14,41,away,27,,,25,7,4,9,5,1,
2025,2,9,401767493,2025-10-25,Nicholls Colonels,McNeese Cowboys,NICH,MCN,31,7,home,24,,,17,4,1,7,5,1,
2025,2,9,401767498,2025-10-25,Youngstown State Penguins,Murray State Racers,YSU,MUR,51,17,home,34,,,20,9,2,6,3,1,
2025,2,9,401767533,2025-10-25,Samford Bulldogs,Chattanooga Mocs,SAM,UTC,13,49,away,36,,,30,8,0,18,4,1,
2025,2,9,401767539,2025-10-25,Southern Illinois Salukis,Northern Iowa Panthers,SIU,UNI,31,17,home,14,,,26,5,2,13,6,1,
2025,2,9,401767554,2025-10-25,Cornell Big Red,Brown Bears,COR,BRWN,30,24,home,6,,,28,7,3,9,9,1,
2025,2,9,401767561,2025-10-25,East Tennessee State Buccaneers,Wofford Terriers,ETSU,WOF,14,10,home,4,,,20,3,1,12,4,1,
2025,2,9,401767569,2025-10-25,Furman Paladins,The Citadel Bulldogs,FUR,CIT,24,14,home,10,,,23,4,3,8,8,1,
2025,2,9,401767577,2025-10-25,Mercer Bears,VMI Keydets,MER,VMI,62,0,home,62,,,30,8,4,17,1,1,
2025,2,9,401767607,2025-10-25,Davidson Wildcats,San Diego Toreros,DAV,USD,28,40,away,12,,,22,9,1,6,6,1,
2025,2,9,401767617,2025-10-25,Dayton Flyers,Presbyterian Blue Hose,DAY,PRES,35,19,home,16,,,22,7,1,6,8,1,
2025,2,9,401767623,2025-10-25,Marist Red Foxes,Drake Bulldogs,MRST,DRKE,17,31,away,14,,,20,6,2,7,5,1,
2025,2,9,401767638,2025-10-25,Valparaiso Beacons,Morehead State Eagles,VAL,MORE,13,17,away,4,,,22,4,2,9,7,1,
2025,2,9,401767650,2025-10-25,Stetson Hatters,St. Thomas-Minnesota Tommies,STET,STMN,10,52,away,42,,,24,7,2,9,6,1,
2025,2,9,401767668,2025-10-25,Bucknell Bison,Georgetown Hoyas,BUCK,GTWN,24,31,away,7,,,28,6,3,16,3,1,
2025,2,9,401767675,2025-10-25,Fordham Rams,Lehigh Mountain Hawks,FOR,LEH,6,27,away,21,,,20,4,4,7,5,1,
2025,2,9,401767705,2025-10-25,Princeton Tigers,Harvard Crimson,PRIN,HARV,14,35,away,21,,,22,6,3,7,6,1,
2025,2,9,401767729,2025-10-25,Holy Cross Crusaders,Colgate Raiders,HC,COLG,28,29,away,1,,,22,7,3,8,4,1,
2025,2,9,401767754,2025-10-25,Wagner Seahawks,Duquesne Dukes,WAG,DUQ,24,13,home,11,,,18,5,2,6,5,1,
2025,2,9,401767764,2025-10-25,Saint Francis Red Flash,Robert Morris Colonials,SFPA,RMU,14,24,away,10,,,19,5,2,8,4,1,
2025,2,9,401767774,2025-10-25,Mercyhurst Lakers,Stonehill Skyhawks,MERC,STO,15,22,away,7,,,20,4,3,6,7,1,
2025,2,9,401779510,2025-10-25,Long Island University Sharks,New Haven Chargers,LIU,NH,38,16,home,22,,,33,6,2,14,11,1,
2025,2,9,401788997,2025-10-25,Yale Bulldogs,Pennsylvania Quakers,YALE,PENN,35,13,home,22,,,22,5,3,6,8,1,
2025,2,9,401756929,2025-10-26,Arizona State Sun Devils,Houston Cougars,ASU,HOU,16,24,away,8,,,23,5,4,9,5,1,
2025,2,9,401756934,2025-10-26,Utah Utes,Colorado Buffaloes,UTAH,COLO,53,7,home,46,,,31,7,4,15,5,1,
2025,2,9,401767075,2025-10-26,Cal Poly Mustangs,Montana State Bobcats,CP,MTST,17,34,away,17,,,23,6,3,10,4,1,
2025,2,9,401767295,2025-10-26,Utah Tech Trailblazers,Southern Utah Thunderbirds,UTU,SUU,7,28,away,21,,,16,4,5,3,4,1,
2025,2,9,401767478,2025-10-26,UT Rio Grande Valley Vaqueros,Incarnate Word Cardinals,RGV,UIW,56,28,home,28,,,28,11,0,9,8,1,
2025,2,9,401767512,2025-10-26,South Dakota State Jackrabbits,North Dakota State Bison,SDST,NDSU,7,38,away,31,,,20,6,1,8,5,1,
2025,2,10,401757289,2025-10-29,Kennesaw State Owls,UTEP Miners,KENN,UTEP,33,20,home,13,,,27,4,3,14,6,1,
2025,2,10,401757292,2025-10-29,Middle Tennessee Blue Raiders,Jacksonville State Gamecocks,MTSU,JVST,21,24,away,3,,,24,6,1,13,4,1,
2025,2,10,401761639,2025-10-29,Texas State Bobcats,James Madison Dukes,TXST,JMU,20,52,away,32,,,26,9,3,8,6,1,
2025,2,10,401757291,2025-10-30,Missouri State Bears,Florida International Panthers,MOST,FIU,28,21,home,7,,,26,7,1,13,5,1,
2025,2,10,401761640,2025-10-30,Coastal Carolina Chanticleers,Marshall Thundering Herd,CCU,MRSH,44,27,home,17,,,32,7,5,10,10,1,
2025,2,10,401762443,2025-10-30,UTSA Roadrunners,Tulane Green Wave,UTSA,TULN,48,26,home,22,,,25,10,3,5,7,1,
2025,2,10,401767346,2025-10-30,Delaware State Hornets,Norfolk State Spartans,DSU,NORF,27,20,home,7,,,21,5,2,10,4,1,
2025,2,10,401754575,2025-10-31,Syracuse Orange,North Carolina Tar Heels,SYR,UNC,10,27,away,17,,,22,3,3,10,6,1,
2025,2,10,401762497,2025-10-31,Rice Owls,Memphis Tigers,RICE,MEM,14,38,away,24,,,23,7,1,11,4,1,
2025,2,10,401767555,2025-10-31,Pennsylvania Quakers,Brown Bears,PENN,BRWN,28,21,home,7,,,17,7,1,5,4,1,
2025,2,10,401752753,2025-11-01,Arkansas Razorbacks,Mississippi State Bulldogs,ARK,MSST,35,38,away,3,,,25,9,3,8,5,1,
2025,2,10,401752754,2025-11-01,Auburn Tigers,Kentucky Wildcats,AUB,UK,3,10,away,7,,,21,1,2,13,5,1,
2025,2,10,401752755,2025-11-01,Florida Gators,Georgia Bulldogs,FLA,UGA,20,24,away,4,,,24,5,3,11,5,1,
2025,2,10,401752756,2025-11-01,Ole Miss Rebels,South Carolina Gamecocks,MISS,SC,30,14,home,16,,,25,5,3,9,8,1,
2025,2,10,401752757,2025-11-01,Tennessee Volunteers,Oklahoma Sooners,TENN,OU,27,33,away,6,,,24,5,7,5,7,1,
2025,2,10,401752758,2025-11-01,Texas Longhorns,Vanderbilt Commodores,TEX,VAN,34,31,home,3,,,19,8,5,3,3,1,
2025,2,10,401752887,2025-11-01,Maryland Terrapins,Indiana Hoosiers,MD,IU,10,55,away,45,,,23,7,3,5,8,1,
2025,2,10,401752888,2025-11-01,Minnesota Golden Gophers,Michigan State Spartans,MINN,MSU,23,20,home,3,,,25,5,6,11,3,1,
2025,2,10,401752889,2025-11-01,Ohio State Buckeyes,Penn State Nittany Lions,OSU,PSU,38,14,home,24,,,19,7,1,7,4,1,
2025,2,10,401752890,2025-11-01,Michigan Wolverines,Purdue Boilermakers,MICH,PUR,21,16,home,5,,,20,5,1,8,6,1,
2025,2,10,401752891,2025-11-01,Illinois Fighting Illini,Rutgers Scarlet Knights,ILL,RUTG,35,13,home,22,,,17,6,3,4,4,1,
2025,2,10,401752892,2025-11-01,Nebraska Cornhuskers,USC Trojans,NEB,USC,17,21,away,4,,,22,4,4,8,6,1,
2025,2,10,401752943,2025-11-01,Oregon State Beavers,Washington State Cougars,ORST,WSU,10,7,home,3,,,26,2,1,17,6,1,
2025,2,10,401754576,2025-11-01,California Golden Bears,Virginia Cavaliers,CAL,UVA,21,31,away,10,,,25,6,2,12,5,1,
2025,2,10,401754577,2025-11-01,Clemson Tigers,Duke Blue Devils,CLEM,DUKE,45,46,away,1,,,23,11,2,7,3,1,
2025,2,10,401754578,2025-11-01,Florida State Seminoles,Wake Forest Demon Deacons,FSU,WAKE,42,7,home,35,,,23,7,0,8,8,1,
2025,2,10,401754579,2025-11-01,NC State Wolfpack,Georgia Tech Yellow Jackets,NCSU,GT,48,36,home,12,,,20,9,6,3,2,1,
2025,2,10,401754580,2025-11-01,Virginia Tech Hokies,Louisville Cardinals,VT,LOU,16,28,away,12,,,25,6,0,12,7,1,
2025,2,10,401754581,2025-11-01,SMU Mustangs,Miami Hurricanes,SMU,MIA,26,20,home,6,,,26,5,5,10,6,1,
2025,2,10,401754582,2025-11-01,Stanford Cardinal,Pittsburgh Panthers,STAN,PITT,20,35,away,15,,,29,6,2,10,11,1,
2025,2,10,401754583,2025-11-01,Boston College Eagles,Notre Dame Fighting Irish,BC,ND,10,25,away,15,,,21,5,2,5,9,1,
2025,2,10,401756936,2025-11-01,Baylor Bears,UCF Knights,BAY,UCF,30,3,home,27,,,22,3,6,5,8,1,
2025,2,10,401756937,2025-11-01,Colorado Buffaloes,Arizona Wildcats,COLO,ARIZ,17,52,away,35,,,33,9,3,9,12,1,
2025,2,10,401756938,2025-11-01,Houston Cougars,West Virginia Mountaineers,HOU,WVU,35,45,away,10,,,26,10,1,10,5,1,
2025,2,10,401756939,2025-11-01,Iowa State Cyclones,Arizona State Sun Devils,ISU,ASU,19,24,away,5,,,30,5,5,13,7,1,
2025,2,10,401756940,2025-11-01,Kansas Jayhawks,Oklahoma State Cowboys,KU,OKST,38,21,home,17,,,14,8,3,1,2,1,
2025,2,10,401756941,2025-11-01,Kansas State Wildcats,Texas Tech Red Raiders,KSU,TTU,20,43,away,23,,,30,7,3,8,12,1,
2025,2,10,401757173,2025-11-01,UConn Huskies,UAB Blazers,CONN,UAB,38,19,home,19,,,20,8,1,4,7,1,
2025,2,10,401757290,2025-11-01,Louisiana Tech Bulldogs,Sam Houston Bearkats,LT,SHSU,55,14,home,41,,,24,9,0,6,9,1,
2025,2,10,401757293,2025-11-01,Liberty Flames,Delaware Blue Hens,LIB,DEL,59,30,home,29,,,24,11,4,4,5,1,
2025,2,10,401757294,2025-11-01,Western Kentucky Hilltoppers,New Mexico State Aggies,WKU,NMSU,35,16,home,19,,,29,5,4,11,9,1,
2025,2,10,401760401,2025-11-01,Air Force Falcons,Army Black Knights,AFA,ARMY,17,20,away,3,,,19,4,4,6,5,1,
2025,2,10,401760402,2025-11-01,Boise State Broncos,Fresno State Bulldogs,BOIS,FRES,7,30,away,23,,,30,4,4,15,7,1,
2025,2,10,401760404,2025-11-01,UNLV Rebels,New Mexico Lobos,UNLV,UNM,35,40,away,5,,,25,9,2,8,6,1,
2025,2,10,401760405,2025-11-01,San Diego State Aztecs,Wyoming Cowboys,SDSU,WYO,24,7,home,17,,,30,4,4,13,9,1,
2025,2,10,401761641,2025-11-01,UL Monroe Warhawks,Old Dominion Monarchs,ULM,ODU,6,31,away,25,,,27,5,2,8,12,1,
2025,2,10,401761642,2025-11-01,South Alabama Jaguars,Louisiana Ragin' Cajuns,USA,UL,22,31,away,9,,,20,7,2,6,5,1,
2025,2,10,401762498,2025-11-01,Temple Owls,East Carolina Pirates,TEM,ECU,14,45,away,31,,,23,8,1,8,6,1,
2025,2,10,401762499,2025-11-01,North Texas Mean Green,Navy Midshipmen,UNT,NAVY,31,17,home,14,,,18,6,2,4,6,1,
2025,2,10,401762849,2025-11-01,Bowling Green Falcons,Buffalo Bulls,BGSU,BUFF,3,28,away,25,,,28,3,2,14,9,1,
2025,2,10,401762850,2025-11-01,Western Michigan Broncos,Central Michigan Chippewas,WMU,CMU,24,21,home,3,,,18,6,1,6,5,1,
2025,2,10,401767066,2025-11-01,Eastern Washington Eagles,Sacramento State Hornets,EWU,SAC,13,35,away,22,,,29,6,2,15,6,1,
2025,2,10,401767076,2025-11-01,Cal Poly Mustangs,Portland State Vikings,CP,PRST,35,40,away,5,,,29,10,4,8,7,1,
2025,2,10,401767086,2025-11-01,UC Davis Aggies,Idaho State Bengals,UCD,IDST,36,38,away,2,,,24,8,4,3,9,1,
2025,2,10,401767094,2025-11-01,Northern Arizona Lumberjacks,Idaho Vandals,NAU,IDHO,32,35,away,3,,,27,7,3,10,7,1,
2025,2,10,401767102,2025-11-01,Weber State Wildcats,Montana Grizzlies,WEB,MONT,17,38,away,21,,,27,7,3,10,7,1,
2025,2,10,401767109,2025-11-01,Northern Colorado Bears,Montana State Bobcats,UNCO,MTST,7,55,away,48,,,25,7,2,11,5,1,
2025,2,10,401767136,2025-11-01,Bryant Bulldogs,Monmouth Hawks,BRY,MONM,7,35,away,28,,,21,6,0,8,7,1,
2025,2,10,401767168,2025-11-01,Southeast Missouri State Redhawks,Charleston Southern Buccaneers,SEMO,CHSO,17,23,away,6,,,27,4,5,11,7,1,
2025,2,10,401767193,2025-11-01,Maine Black Bears,Stony Brook Seawolves,ME,STBK,28,21,home,7,,,27,7,0,10,10,1,
2025,2,10,401767198,2025-11-01,Eastern Illinois Panthers,UT Martin Skyhawks,EIU,UTM,20,27,away,7,,,18,6,3,5,4,1,
2025,2,10,401767205,2025-11-01,Tennessee Tech Golden Eagles,Gardner-Webb Runnin' Bulldogs,TNTC,GWEB,27,21,home,6,,,23,6,3,10,4,1,
2025,2,10,401767213,2025-11-01,Tennessee State Tigers,Lindenwood Lions,TNST,LIN,13,35,away,22,,,23,6,3,8,6,1,
2025,2,10,401767244,2025-11-01,Abilene Christian Wildcats,Tarleton State Texans,ACU,TAR,31,28,home,3,,,26,7,5,11,3,1,
2025,2,10,401767275,2025-11-01,North Carolina A&T Aggies,Towson Tigers,NCAT,TOW,9,62,away,53,,,27,8,3,11,5,1,
2025,2,10,401767282,2025-11-01,Central Arkansas Bears,Eastern Kentucky Colonels,CARK,EKU,13,34,away,21,,,20,5,5,3,7,1,
2025,2,10,401767288,2025-11-01,Utah Tech Trailblazers,North Alabama Lions,UTU,UNA,34,33,home,1,,,25,9,2,9,5,1,
2025,2,10,401767315,2025-11-01,Grambling Tigers,Alabama A&M Bulldogs,GRAM,AAMU,13,10,home,3,,,28,2,4,16,6,1,
2025,2,10,401767335,2025-11-01,William & Mary Tribe,UAlbany Great Danes,W&M,ALB,37,7,home,30,,,21,5,3,7,6,1,
2025,2,10,401767355,2025-11-01,Howard Bison,North Carolina Central Eagles,HOW,NCCU,14,35,away,21,,,25,7,1,7,10,1,
2025,2,10,401767364,2025-11-01,Prairie View A&M Panthers,Alabama State Hornets,PV,ALST,28,31,away,3,,,23,8,2,6,7,1,
2025,2,10,401767375,2025-11-01,Texas Southern Tigers,Alcorn State Braves,TXSO,ALCN,14,33,away,19,,,22,6,2,10,4,1,
2025,2,10,401767385,2025-11-01,Arkansas-Pine Bluff Golden Lions,Southern Jaguars,UAPB,SOU,40,21,home,19,,,25,8,1,10,6,1,
2025,2,10,401767391,2025-11-01,Bethune-Cookman Wildcats,Mississippi Valley State Delta Devils,BCU,MVSU,42,34,home,8,,,26,8,2,10,6,1,
2025,2,10,401767401,2025-11-01,South Carolina State Bulldogs,Morgan State Bears,SCST,MORG,36,30,home,6,,,27,8,4,9,6,1,
2025,2,10,401767423,2025-11-01,Florida A&M Rattlers,Jackson State Tigers,FAMU,JKST,16,41,away,25,,,24,7,3,9,5,1,
2025,2,10,401767442,2025-11-01,Illinois State Redbirds,Northern Iowa Panthers,ILST,UNI,31,16,home,15,,,19,6,3,5,5,1,
2025,2,10,401767451,2025-11-01,South Dakota State Jackrabbits,Indiana State Sycamores,SDST,INST,12,24,away,12,,,25,3,3,9,10,1,
2025,2,10,401767464,2025-11-01,SE Louisiana Lions,East Texas A&M Lions,SELA,ETAM,59,14,home,45,,,23,9,1,8,5,1,
2025,2,10,401767473,2025-11-01,Nicholls Colonels,Houston Christian Huskies,NICH,HCU,31,7,home,24,,,23,5,2,7,9,1,
2025,2,10,401767479,2025-11-01,Incarnate Word Cardinals,Lamar Cardinals,UIW,LAM,24,17,home,7,,,22,5,2,11,4,1,
2025,2,10,401767494,2025-11-01,McNeese Cowboys,Northwestern State Demons,MCN,NWST,50,3,home,47,,,26,7,1,12,6,1,
2025,2,10,401767499,2025-11-01,Murray State Racers,Southern Illinois Salukis,MUR,SIU,7,27,away,20,,,19,4,2,6,7,1,
2025,2,10,401767506,2025-11-01,South Dakota Coyotes,North Dakota Fighting Hawks,SDAK,UND,26,21,home,5,,,21,5,1,5,10,1,
2025,2,10,401767513,2025-11-01,North Dakota State Bison,Youngstown State Penguins,NDSU,YSU,38,30,home,8,,,23,7,4,5,7,1,
2025,2,10,401767525,2025-11-01,Stephen F. Austin Lumberjacks,UT Rio Grande Valley Vaqueros,SFA,RGV,41,17,home,24,,,17,7,3,4,3,1,
2025,2,10,401767534,2025-11-01,Chattanooga Mocs,Western Carolina Catamounts,UTC,WCU,28,35,away,7,,,20,9,1,4,6,1,
2025,2,10,401767570,2025-11-01,Furman Paladins,Mercer Bears,FUR,MER,28,52,away,24,,,28,10,1,13,4,1,
2025,2,10,401767582,2025-11-01,Wofford Terriers,Samford Bulldogs,WOF,SAM,26,16,home,10,,,30,2,4,14,10,1,
2025,2,10,401767585,2025-11-01,The Citadel Bulldogs,VMI Keydets,CIT,VMI,35,24,home,11,,,24,8,1,9,6,1,
2025,2,10,401767598,2025-11-01,Butler Bulldogs,Drake Bulldogs,BUT,DRKE,19,24,away,5,,,21,6,2,8,5,1,
2025,2,10,401767608,2025-11-01,Morehead State Eagles,Davidson Wildcats,MORE,DAV,28,24,home,4,,,21,6,4,3,8,1,
2025,2,10,401767618,2025-11-01,San Diego Toreros,Dayton Flyers,USD,DAY,31,13,home,18,,,25,6,1,13,5,1,
2025,2,10,401767631,2025-11-01,St. Thomas-Minnesota Tommies,Marist Red Foxes,STMN,MRST,45,0,home,45,,,26,6,1,11,8,1,
2025,2,10,401767642,2025-11-01,Presbyterian Blue Hose,Valparaiso Beacons,PRES,VAL,43,14,home,29,,,27,8,2,10,7,1,
2025,2,10,401767661,2025-11-01,Sacred Heart Pioneers,New Haven Chargers,SHU,NH,35,20,home,15,,,28,7,3,12,6,1,
2025,2,10,401767685,2025-11-01,Yale Bulldogs,Columbia Lions,YALE,COLU,24,10,home,14,,,21,4,3,11,3,1,
2025,2,10,401767693,2025-11-01,Cornell Big Red,Princeton Tigers,COR,PRIN,20,17,home,3,,,23,5,1,8,9,1,
2025,2,10,401767702,2025-11-01,Harvard Crimson,Dartmouth Big Green,HARV,DART,31,10,home,21,,,20,5,3,5,7,1,
2025,2,10,401767716,2025-11-01,Richmond Spiders,Fordham Rams,RICH,FOR,17,14,home,3,,,26,4,3,13,6,1,
2025,2,10,401767723,2025-11-01,Lehigh Mountain Hawks,Georgetown Hoyas,LEH,GTWN,41,0,home,41,,,21,5,0,9,7,1,
2025,2,10,401767730,2025-11-01,Holy Cross Crusaders,Lafayette Leopards,HC,LAF,13,21,away,8,,,25,3,2,11,9,1,
2025,2,10,401767746,2025-11-01,Central Connecticut Blue Devils,Long Island University Sharks,CCSU,LIU,10,7,home,3,,,21,2,4,12,3,1,
2025,2,10,401767765,2025-11-01,Stonehill Skyhawks,Robert Morris Colonials,STO,RMU,17,20,away,3,,,22,4,3,5,10,1,
2025,2,10,401767768,2025-11-01,Saint Francis Red Flash,Wagner Seahawks,SFPA,WAG,20,23,away,3,,,23,3,5,7,8,1,
2025,2,10,401769068,2025-11-01,Colgate Raiders,Merrimack Warriors,COLG,MRMK,23,20,home,3,,,22,4,5,7,6,1,
2025,2,10,401756942,2025-11-02,Utah Utes,Cincinnati Bearcats,UTAH,CIN,45,14,home,31,,,25,7,2,10,6,1,
2025,2,10,401760403,2025-11-02,San José State Spartans,Hawai'i Rainbow Warriors,SJSU,HAW,45,38,home,7,,,24,11,2,6,5,1,
2025,2,10,401761643,2025-11-02,Troy Trojans,Arkansas State Red Wolves,TROY,ARST,10,23,away,13,,,26,3,5,10,8,1,
2025,2,10,401767253,2025-11-02,Southern Utah Thunderbirds,Austin Peay Governors,SUU,APSU,33,17,home,16,,,20,5,5,6,4,1,
2025,2,11,401762851,2025-11-05,Akron Zips,Massachusetts Minutemen,AKR,MASS,44,10,home,34,,,23,6,2,9,6,1,
2025,2,11,401762852,2025-11-05,Ohio Bobcats,Miami (OH) RedHawks,OHIO,M-OH,24,20,home,4,,,23,4,3,9,7,1,
2025,2,11,401762853,2025-11-06,Ball State Cardinals,Kent State Golden Flashes,BALL,KENT,17,13,home,4,,,24,3,6,8,7,1,
2025,2,11,401762854,2025-11-06,Toledo Rockets,Northern Illinois Huskies,TOL,NIU,42,3,home,39,,,25,5,3,12,5,1,
2025,2,11,401761644,2025-11-07,App State Mountaineers,Georgia Southern Eagles,APP,GASO,23,25,away,2,,,22,5,6,7,4,1,
2025,2,11,401762500,2025-11-07,South Florida Bulls,UTSA Roadrunners,USF,UTSA,55,23,home,32,,,24,7,5,9,3,1,
2025,2,11,401752761,2025-11-08,Ole Miss Rebels,The Citadel Bulldogs,MISS,CIT,49,0,home,49,,,25,7,2,10,6,1,
2025,2,11,401752762,2025-11-08,Mississippi State Bulldogs,Georgia Bulldogs,MSST,UGA,21,41,away,20,,,22,8,2,7,5,1,
2025,2,11,401752763,2025-11-08,Missouri Tigers,Texas A&M Aggies,MIZ,TA&M,17,38,away,21,,,24,7,2,9,6,1,
2025,2,11,401752764,2025-11-08,Vanderbilt Commodores,Auburn Tigers,VAN,AUB,45,38,home,7,,,24,10,4,5,5,1,
2025,2,11,401752893,2025-11-08,Penn State Nittany Lions,Indiana Hoosiers,PSU,IU,24,27,away,3,,,21,6,3,7,5,1,
2025,2,11,401752894,2025-11-08,Rutgers Scarlet Knights,Maryland Terrapins,RUTG,MD,35,20,home,15,,,21,7,2,5,7,1,
2025,2,11,401752896,2025-11-08,USC Trojans,Northwestern Wildcats,USC,NU,38,17,home,21,,,19,7,2,6,4,1,
2025,2,11,401752897,2025-11-08,Purdue Boilermakers,Ohio State Buckeyes,PUR,OSU,10,34,away,24,,,18,5,3,6,4,1,
2025,2,11,401752898,2025-11-08,Iowa Hawkeyes,Oregon Ducks,IOWA,ORE,16,18,away,2,,,18,3,4,7,4,1,
2025,2,11,401752899,2025-11-08,Wisconsin Badgers,Washington Huskies,WIS,WASH,13,10,home,3,,,25,2,5,11,7,1,
2025,2,11,401754584,2025-11-08,Boston College Eagles,SMU Mustangs,BC,SMU,13,45,away,32,,,28,7,3,9,9,1,
2025,2,11,401754587,2025-11-08,Miami Hurricanes,Syracuse Orange,MIA,SYR,38,10,home,28,,,24,5,2,11,6,1,
2025,2,11,401754588,2025-11-08,North Carolina Tar Heels,Stanford Cardinal,UNC,STAN,20,15,home,5,,,23,4,4,11,4,1,
2025,2,11,401754590,2025-11-08,UConn Huskies,Duke Blue Devils,CONN,DUKE,37,34,home,3,,,23,9,4,5,5,1,
2025,2,11,401756943,2025-11-08,Arizona Wildcats,Kansas Jayhawks,ARIZ,KU,24,20,home,4,,,23,5,4,12,2,1,
2025,2,11,401756944,2025-11-08,TCU Horned Frogs,Iowa State Cyclones,TCU,ISU,17,20,away,3,,,21,4,2,6,9,1,
2025,2,11,401756945,2025-11-08,Texas Tech Red Raiders,BYU Cougars,TTU,BYU,29,7,home,22,,,26,3,6,11,6,1,
2025,2,11,401756946,2025-11-08,UCF Knights,Houston Cougars,UCF,HOU,27,30,away,3,,,26,4,5,10,7,1,
2025,2,11,401756947,2025-11-08,West Virginia Mountaineers,Colorado Buffaloes,WVU,COLO,29,22,home,7,,,27,5,5,10,7,1,
2025,2,11,401757295,2025-11-08,Delaware Blue Hens,Louisiana Tech Bulldogs,DEL,LT,25,24,home,1,,,23,4,7,7,5,1,
2025,2,11,401757296,2025-11-08,Middle Tennessee Blue Raiders,Florida International Panthers,MTSU,FIU,30,56,away,26,,,35,12,2,11,10,1,
2025,2,11,401757297,2025-11-08,UTEP Miners,Jacksonville State Gamecocks,UTEP,JVST,27,30,away,3,,,23,6,3,7,7,1,
2025,2,11,401757298,2025-11-08,New Mexico State Aggies,Kennesaw State Owls,NMSU,KENN,21,24,away,3,,,28,6,3,12,7,1,
2025,2,11,401757299,2025-11-08,Liberty Flames,Missouri State Bears,LIB,MOST,17,21,away,4,,,23,5,2,13,3,1,
2025,2,11,401760406,2025-11-08,San José State Spartans,Air Force Falcons,SJSU,AFA,16,26,away,10,,,19,4,4,4,7,1,
2025,2,11,401761645,2025-11-08,Coastal Carolina Chanticleers,Georgia State Panthers,CCU,GAST,40,27,home,13,,,26,8,4,8,6,1,
2025,2,11,401761646,2025-11-08,Marshall Thundering Herd,James Madison Dukes,MRSH,JMU,23,35,away,12,,,24,7,4,9,4,1,
2025,2,11,401761647,2025-11-08,Arkansas State Red Wolves,Southern Miss Golden Eagles,ARST,USM,21,27,away,6,,,29,6,2,12,9,1,
2025,2,11,401761648,2025-11-08,Louisiana Ragin' Cajuns,Texas State Bobcats,UL,TXST,42,39,home,3,,,24,11,2,4,7,1,
2025,2,11,401762501,2025-11-08,Memphis Tigers,Tulane Green Wave,MEM,TULN,32,38,away,6,,,24,9,2,9,4,1,
2025,2,11,401762502,2025-11-08,Rice Owls,UAB Blazers,RICE,UAB,24,17,home,7,,,22,5,2,8,7,1,
2025,2,11,401762503,2025-11-08,Army Black Knights,Temple Owls,ARMY,TEM,14,13,home,1,,,12,3,3,4,2,1,
2025,2,11,401762504,2025-11-08,East Carolina Pirates,Charlotte 49ers,ECU,CLT,48,22,home,26,,,29,8,2,8,11,1,
2025,2,11,401762505,2025-11-08,Florida Atlantic Owls,Tulsa Golden Hurricane,FAU,TLSA,40,21,home,19,,,25,6,5,4,10,1,
2025,2,11,401762855,2025-11-08,Eastern Michigan Eagles,Bowling Green Falcons,EMU,BGSU,27,21,home,6,,,22,6,3,9,4,1,
2025,2,11,401767069,2025-11-08,Montana Grizzlies,Eastern Washington Eagles,MONT,EWU,29,24,home,5,,,26,7,2,11,6,1,
2025,2,11,401767077,2025-11-08,Idaho State Bengals,Cal Poly Mustangs,IDST,CP,27,17,home,10,,,18,5,4,6,3,1,
2025,2,11,401767110,2025-11-08,Montana State Bobcats,Weber State Wildcats,MTST,WEB,66,14,home,52,,,25,11,1,6,7,1,
2025,2,11,401767117,2025-11-08,Northern Arizona Lumberjacks,Northern Colorado Bears,NAU,UNCO,49,10,home,39,,,20,7,1,5,7,1,
2025,2,11,401767129,2025-11-08,Portland State Vikings,Sacramento State Hornets,PRST,SAC,24,52,away,28,,,28,10,3,9,6,1,
2025,2,11,401767137,2025-11-08,UAlbany Great Danes,Bryant Bulldogs,ALB,BRY,24,27,away,3,,,24,6,4,6,8,1,
2025,2,11,401767146,2025-11-08,Campbell Fighting Camels,William & Mary Tribe,CAM,W&M,27,30,away,3,,,21,6,6,4,5,1,
2025,2,11,401767177,2025-11-08,Elon Phoenix,Rhode Island Rams,ELON,URI,20,34,away,14,,,22,5,4,10,3,1,
2025,2,11,401767186,2025-11-08,Hampton Pirates,Maine Black Bears,HAMP,ME,7,35,away,28,,,20,6,0,11,3,1,
2025,2,11,401767199,2025-11-08,Eastern Illinois Panthers,Tennessee Tech Golden Eagles,EIU,TNTC,9,21,away,12,,,20,3,4,6,7,1,
2025,2,11,401767206,2025-11-08,Gardner-Webb Runnin' Bulldogs,Southeast Missouri State Redhawks,GWEB,SEMO,27,24,home,3,,,32,6,4,19,3,1,
2025,2,11,401767214,2025-11-08,Western Illinois Leathernecks,Lindenwood Lions,WIU,LIN,24,21,home,3,,,26,6,2,10,8,1,
2025,2,11,401767229,2025-11-08,UT Martin Skyhawks,Tennessee State Tigers,UTM,TNST,26,7,home,19,,,22,4,1,11,6,1,
2025,2,11,401767245,2025-11-08,Abilene Christian Wildcats,Utah Tech Trailblazers,ACU,UTU,31,10,home,21,,,26,3,2,14,7,1,
2025,2,11,401767254,2025-11-08,Austin Peay Governors,Central Arkansas Bears,APSU,CARK,41,38,home,3,,,31,10,3,10,8,1,
2025,2,11,401767262,2025-11-08,Monmouth Hawks,New Hampshire Wildcats,MONM,UNH,13,34,away,21,,,23,6,3,5,9,1,
2025,2,11,401767283,2025-11-08,Eastern Kentucky Colonels,Southern Utah Thunderbirds,EKU,SUU,17,27,away,10,,,18,4,3,6,5,1,
2025,2,11,401767289,2025-11-08,North Alabama Lions,West Georgia Wolves,UNA,WES,17,24,away,7,,,27,5,3,15,4,1,
2025,2,11,401767316,2025-11-08,Stony Brook Seawolves,North Carolina A&T Aggies,STBK,NCAT,38,12,home,26,,,21,6,4,7,4,1,
2025,2,11,401767330,2025-11-08,Towson Tigers,Villanova Wildcats,TOW,VILL,10,28,away,18,,,25,5,4,10,6,1,
2025,2,11,401767347,2025-11-08,Morgan State Bears,Delaware State Hornets,MORG,DSU,12,14,away,2,,,26,2,4,13,7,1,
2025,2,11,401767356,2025-11-08,Alabama A&M Bulldogs,Prairie View A&M Panthers,AAMU,PV,5,48,away,43,,,26,7,2,13,4,1,
2025,2,11,401767365,2025-11-08,Alabama State Hornets,Texas Southern Tigers,ALST,TXSO,42,24,home,18,,,19,7,3,5,4,1,
2025,2,11,401767376,2025-11-08,Alcorn State Braves,Southern Jaguars,ALCN,SOU,35,17,home,18,,,26,6,1,14,5,1,
2025,2,11,401767386,2025-11-08,Arkansas-Pine Bluff Golden Lions,Florida A&M Rattlers,UAPB,FAMU,28,31,away,3,,,19,8,1,4,6,1,
2025,2,11,401767392,2025-11-08,Grambling Tigers,Bethune-Cookman Wildcats,GRAM,BCU,31,23,home,8,,,26,6,4,10,6,1,
2025,2,11,401767396,2025-11-08,South Carolina State Bulldogs,Howard Bison,SCST,HOW,42,12,home,30,,,27,6,2,13,6,1,
2025,2,11,401767409,2025-11-08,North Carolina Central Eagles,Norfolk State Spartans,NCCU,NORF,31,28,home,3,,,27,7,6,9,5,1,
2025,2,11,401767424,2025-11-08,Mississippi Valley State Delta Devils,Jackson State Tigers,MVSU,JKST,3,42,away,39,,,24,5,2,11,6,1,
2025,2,11,401767443,2025-11-08,Indiana State Sycamores,Illinois State Redbirds,INST,ILST,20,52,away,32,,,25,10,1,7,7,1,
2025,2,11,401767465,2025-11-08,East Texas A&M Lions,McNeese Cowboys,ETAM,MCN,20,35,away,15,,,26,5,4,9,8,1,
2025,2,11,401767474,2025-11-08,Houston Christian Huskies,Stephen F. Austin Lumberjacks,HCU,SFA,3,50,away,47,,,28,6,1,16,5,1,
2025,2,11,401767480,2025-11-08,Northwestern State Demons,Incarnate Word Cardinals,NWST,UIW,3,38,away,35,,,20,5,2,8,5,1,
2025,2,11,401767487,2025-11-08,Lamar Cardinals,SE Louisiana Lions,LAM,SELA,14,12,home,2,,,24,3,3,11,7,1,
2025,2,11,401767500,2025-11-08,Northern Iowa Panthers,Murray State Racers,UNI,MUR,31,14,home,17,,,18,6,1,5,6,1,
2025,2,11,401767507,2025-11-08,North Dakota Fighting Hawks,North Dakota State Bison,UND,NDSU,10,15,away,5,,,22,2,5,8,7,1,
2025,2,11,401767518,2025-11-08,UT Rio Grande Valley Vaqueros,Nicholls Colonels,RGV,NICH,28,21,home,7,,,21,7,1,7,6,1,
2025,2,11,401767535,2025-11-08,Chattanooga Mocs,Furman Paladins,UTC,FUR,45,28,home,17,,,21,9,2,5,5,1,
2025,2,11,401767542,2025-11-08,South Dakota Coyotes,South Dakota State Jackrabbits,SDAK,SDST,24,17,home,7,,,19,5,2,8,4,1,
2025,2,11,401767548,2025-11-08,Youngstown State Penguins,Southern Illinois Salukis,YSU,SIU,48,38,home,10,,,23,12,3,5,3,1,
2025,2,11,401767562,2025-11-08,Samford Bulldogs,East Tennessee State Buccaneers,SAM,ETSU,14,38,away,24,,,29,7,2,17,3,1,
2025,2,11,401767578,2025-11-08,Western Carolina Catamounts,Mercer Bears,WCU,MER,47,49,away,2,,,29,13,3,10,3,1,
2025,2,11,401767590,2025-11-08,VMI Keydets,Wofford Terriers,VMI,WOF,10,52,away,42,,,28,7,2,12,7,1,
2025,2,11,401767599,2025-11-08,Morehead State Eagles,Butler Bulldogs,MORE,BUT,31,30,home,1,,,22,6,5,4,7,1,
2025,2,11,401767609,2025-11-08,Davidson Wildcats,Presbyterian Blue Hose,DAV,PRES,14,13,home,1,,,23,4,1,8,10,1,
2025,2,11,401767624,2025-11-08,Drake Bulldogs,St. Thomas-Minnesota Tommies,DRKE,STMN,13,20,away,7,,,18,3,4,6,5,1,
2025,2,11,401767632,2025-11-08,Marist Red Foxes,Stetson Hatters,MRST,STET,41,13,home,28,,,26,6,3,9,8,1,
2025,2,11,401767646,2025-11-08,Valparaiso Beacons,San Diego Toreros,VAL,USD,27,43,away,16,,,22,8,3,4,7,1,
2025,2,11,401767662,2025-11-08,Sacred Heart Pioneers,Virginia Lynchburg Dragons,SHU,UVAL,56,10,home,46,,,24,8,2,7,7,1,
2025,2,11,401767669,2025-11-08,Fordham Rams,Bucknell Bison,FOR,BUCK,19,37,away,18,,,24,7,4,6,7,1,
2025,2,11,401767676,2025-11-08,Brown Bears,Yale Bulldogs,BRWN,YALE,22,34,away,12,,,26,6,6,8,6,1,
2025,2,11,401767694,2025-11-08,Pennsylvania Quakers,Cornell Big Red,PENN,COR,17,39,away,22,,,18,7,3,3,5,1,
2025,2,11,401767703,2025-11-08,Dartmouth Big Green,Princeton Tigers,DART,PRIN,20,17,home,3,,,18,5,3,5,5,1,
2025,2,11,401767706,2025-11-08,Columbia Lions,Harvard Crimson,COLU,HARV,14,31,away,17,,,21,6,2,8,5,1,
2025,2,11,401767724,2025-11-08,Georgetown Hoyas,Richmond Spiders,GTWN,RICH,24,31,away,7,,,26,7,2,12,5,1,
2025,2,11,401767731,2025-11-08,Lehigh Mountain Hawks,Holy Cross Crusaders,LEH,HC,38,3,home,35,,,27,5,2,14,6,1,
2025,2,11,401767747,2025-11-08,Central Connecticut Blue Devils,Stonehill Skyhawks,CCSU,STO,40,10,home,30,,,17,6,3,6,2,1,
2025,2,11,401767755,2025-11-08,Long Island University Sharks,Duquesne Dukes,LIU,DUQ,29,11,home,18,,,19,4,2,6,7,1,
2025,2,11,401767766,2025-11-08,Robert Morris Colonials,Wagner Seahawks,RMU,WAG,20,24,away,4,,,25,5,3,9,8,1,
2025,2,11,401767769,2025-11-08,Saint Francis Red Flash,Mercyhurst Lakers,SFPA,MERC,15,16,away,1,,,21,2,7,7,5,1,
2025,2,11,401769849,2025-11-08,Lafayette Leopards,Colgate Raiders,LAF,COLG,59,42,home,17,,,29,14,1,9,5,1,
2025,2,11,401783279,2025-11-08,New Haven Chargers,Merrimack Warriors,NH,MRMK,41,31,home,10,,,26,9,5,8,4,1,
2025,2,11,401752759,2025-11-09,Alabama Crimson Tide,LSU Tigers,ALA,LSU,20,9,home,11,,,22,2,7,7,6,1,
2025,2,11,401752760,2025-11-09,Kentucky Wildcats,Florida Gators,UK,FLA,38,7,home,31,,,21,6,1,3,11,1,
2025,2,11,401752895,2025-11-09,UCLA Bruins,Nebraska Cornhuskers,UCLA,NEB,21,28,away,7,,,15,7,1,4,3,1,
2025,2,11,401752944,2025-11-09,Oregon State Beavers,Sam Houston Bearkats,ORST,SHSU,17,21,away,4,,,27,3,5,8,11,1,
2025,2,11,401754585,2025-11-09,Louisville Cardinals,California Golden Bears,LOU,CAL,26,29,away,3,,,25,5,8,9,3,1,
2025,2,11,401754586,2025-11-09,Clemson Tigers,Florida State Seminoles,CLEM,FSU,24,10,home,14,,,24,3,5,10,6,1,
2025,2,11,401754589,2025-11-09,Virginia Cavaliers,Wake Forest Demon Deacons,UVA,WAKE,9,16,away,7,,,25,0,6,10,9,1,
2025,2,11,401757166,2025-11-09,Notre Dame Fighting Irish,Navy Midshipmen,ND,NAVY,49,10,home,39,,,19,8,1,7,3,1,
2025,2,11,401760407,2025-11-09,Colorado State Rams,UNLV Rebels,CSU,UNLV,10,42,away,32,,,24,7,2,10,5,1,
2025,2,11,401760408,2025-11-09,Hawai'i Rainbow Warriors,San Diego State Aztecs,HAW,SDSU,38,6,home,32,,,28,3,4,11,10,1,
2025,2,11,401760409,2025-11-09,Utah State Aggies,Nevada Wolf Pack,USU,NEV,51,14,home,37,,,27,7,3,10,7,1,
2025,2,11,401767095,2025-11-09,Idaho Vandals,UC Davis Aggies,IDHO,UCD,14,28,away,14,,,22,6,3,5,8,1,
2025,2,12,401762856,2025-11-12,Akron Zips,Kent State Golden Flashes,AKR,KENT,35,42,away,7,,,28,10,3,10,5,1,
2025,2,12,401762857,2025-11-12,Western Michigan Broncos,Ohio Bobcats,WMU,OHIO,17,13,home,4,,,20,4,3,7,6,1,
2025,2,12,401762858,2025-11-13,Central Michigan Chippewas,Buffalo Bulls,CMU,BUFF,38,19,home,19,,,28,5,3,10,10,1,
2025,2,12,401762859,2025-11-13,Massachusetts Minutemen,Northern Illinois Huskies,MASS,NIU,3,45,away,42,,,20,6,3,6,5,1,
2025,2,12,401762860,2025-11-13,Miami (OH) RedHawks,Toledo Rockets,M-OH,TOL,3,24,away,21,,,25,3,2,9,11,1,
2025,2,12,401761649,2025-11-14,Old Dominion Monarchs,Troy Trojans,ODU,TROY,33,0,home,33,,,27,4,4,10,9,1,
2025,2,12,401767414,2025-11-14,North Carolina Central Eagles,South Carolina State Bulldogs,NCCU,SCST,27,34,away,7,,,23,6,4,7,6,1,
2025,2,12,401752765,2025-11-15,Alabama Crimson Tide,Oklahoma Sooners,ALA,OU,21,23,away,2,,,22,4,4,9,5,1,
2025,2,12,401752767,2025-11-15,Kentucky Wildcats,Tennessee Tech Golden Eagles,UK,TNTC,42,10,home,32,,,19,7,2,5,5,1,
2025,2,12,401752768,2025-11-15,LSU Tigers,Arkansas Razorbacks,LSU,ARK,23,22,home,1,,,23,4,4,8,7,1,
2025,2,12,401752771,2025-11-15,Tennessee Volunteers,New Mexico State Aggies,TENN,NMSU,42,9,home,33,,,26,6,1,9,10,1,
2025,2,12,401752772,2025-11-15,Texas A&M Aggies,South Carolina Gamecocks,TA&M,SC,31,30,home,1,,,30,6,6,8,10,1,
2025,2,12,401752901,2025-11-15,Indiana Hoosiers,Wisconsin Badgers,IU,WIS,31,7,home,24,,,20,5,2,9,4,1,
2025,2,12,401752903,2025-11-15,Michigan State Spartans,Penn State Nittany Lions,MSU,PSU,10,28,away,18,,,23,5,1,10,7,1,
2025,2,12,401752904,2025-11-15,Oregon Ducks,Minnesota Golden Gophers,ORE,MINN,42,13,home,29,,,20,7,2,8,3,1,
2025,2,12,401752905,2025-11-15,Northwestern Wildcats,Michigan Wolverines,NU,MICH,22,24,away,2,,,22,5,6,6,5,1,
2025,2,12,401752906,2025-11-15,Illinois Fighting Illini,Maryland Terrapins,ILL,MD,24,6,home,18,,,20,3,3,8,6,1,
2025,2,12,401752907,2025-11-15,USC Trojans,Iowa Hawkeyes,USC,IOWA,26,21,home,5,,,18,6,2,5,5,1,
2025,2,12,401752945,2025-11-15,Tulsa Golden Hurricane,Oregon State Beavers,TLSA,ORST,31,14,home,17,,,23,6,1,10,6,1,
2025,2,12,401754591,2025-11-15,Louisville Cardinals,Clemson Tigers,LOU,CLEM,19,20,away,1,,,25,4,6,9,6,1,
2025,2,12,401754592,2025-11-15,Boston College Eagles,Georgia Tech Yellow Jackets,BC,GT,34,36,away,2,,,22,9,4,7,2,1,
2025,2,12,401754593,2025-11-15,Duke Blue Devils,Virginia Cavaliers,DUKE,UVA,17,34,away,17,,,22,5,3,8,6,1,
2025,2,12,401754595,2025-11-15,Miami Hurricanes,NC State Wolfpack,MIA,NCSU,41,7,home,34,,,23,5,3,10,5,1,
2025,2,12,401754596,2025-11-15,Wake Forest Demon Deacons,North Carolina Tar Heels,WAKE,UNC,28,12,home,16,,,21,4,6,8,3,1,
2025,2,12,401754597,2025-11-15,Pittsburgh Panthers,Notre Dame Fighting Irish,PITT,ND,15,37,away,22,,,22,5,3,5,9,1,
2025,2,12,401756948,2025-11-15,Arizona State Sun Devils,West Virginia Mountaineers,ASU,WVU,25,23,home,2,,,24,6,3,9,6,1,
2025,2,12,401756951,2025-11-15,Cincinnati Bearcats,Arizona Wildcats,CIN,ARIZ,24,30,away,6,,,22,6,6,5,5,1,
2025,2,12,401756952,2025-11-15,Oklahoma State Cowboys,Kansas State Wildcats,OKST,KSU,6,14,away,8,,,22,2,4,8,8,1,
2025,2,12,401756953,2025-11-15,Texas Tech Red Raiders,UCF Knights,TTU,UCF,48,9,home,39,,,23,7,2,8,6,1,
2025,2,12,401757174,2025-11-15,UConn Huskies,Air Force Falcons,CONN,AFA,26,16,home,10,,,18,5,4,4,5,1,
2025,2,12,401757301,2025-11-15,Florida International Panthers,Liberty Flames,FIU,LIB,34,27,home,7,,,19,7,4,4,4,1,
2025,2,12,401757303,2025-11-15,Western Kentucky Hilltoppers,Middle Tennessee Blue Raiders,WKU,MTSU,42,26,home,16,,,25,9,3,6,7,1,
2025,2,12,401757304,2025-11-15,Missouri State Bears,UTEP Miners,MOST,UTEP,38,24,home,14,,,19,7,3,5,4,1,
2025,2,12,401760411,2025-11-15,New Mexico Lobos,Colorado State Rams,UNM,CSU,20,17,home,3,,,28,4,3,11,10,1,
2025,2,12,401760413,2025-11-15,Nevada Wolf Pack,San José State Spartans,NEV,SJSU,55,10,home,45,,,26,6,4,7,9,1,
2025,2,12,401761650,2025-11-15,Georgia Southern Eagles,Coastal Carolina Chanticleers,GASO,CCU,45,40,home,5,,,29,10,4,9,6,1,
2025,2,12,401761651,2025-11-15,Georgia State Panthers,Marshall Thundering Herd,GAST,MRSH,18,30,away,12,,,21,6,2,9,4,1,
2025,2,12,401761652,2025-11-15,James Madison Dukes,App State Mountaineers,JMU,APP,58,10,home,48,,,27,8,4,11,4,1,
2025,2,12,401761653,2025-11-15,UL Monroe Warhawks,South Alabama Jaguars,ULM,USA,14,26,away,12,,,23,5,0,12,6,1,
2025,2,12,401761654,2025-11-15,Southern Miss Golden Eagles,Texas State Bobcats,USM,TXST,14,41,away,27,,,22,6,2,8,6,1,
2025,2,12,401762506,2025-11-15,UAB Blazers,North Texas Mean Green,UAB,UNT,24,53,away,29,,,21,10,2,0,9,1,
2025,2,12,401762507,2025-11-15,Charlotte 49ers,UTSA Roadrunners,CLT,UTSA,7,28,away,21,,,22,4,2,8,8,1,
2025,2,12,401762508,2025-11-15,East Carolina Pirates,Memphis Tigers,ECU,MEM,31,27,home,4,,,24,7,3,10,4,1,
2025,2,12,401762509,2025-11-15,Tulane Green Wave,Florida Atlantic Owls,TULN,FAU,35,24,home,11,,,22,8,1,5,8,1,
2025,2,12,401762510,2025-11-15,Navy Midshipmen,South Florida Bulls,NAVY,USF,41,38,home,3,,,27,10,3,8,6,1,
2025,2,12,401762861,2025-11-15,Ball State Cardinals,Eastern Michigan Eagles,BALL,EMU,9,24,away,15,,,22,3,4,7,8,1,
2025,2,12,401767067,2025-11-15,Eastern Washington Eagles,Northern Colorado Bears,EWU,UNCO,27,7,home,20,,,23,4,2,7,10,1,
2025,2,12,401767078,2025-11-15,Northern Arizona Lumberjacks,Cal Poly Mustangs,NAU,CP,35,27,home,8,,,26,7,5,6,8,1,
2025,2,12,401767087,2025-11-15,Idaho State Bengals,Weber State Wildcats,IDST,WEB,31,3,home,28,,,23,4,3,13,3,1,
2025,2,12,401767103,2025-11-15,Portland State Vikings,Montana Grizzlies,PRST,MONT,17,63,away,46,,,28,11,2,6,9,1,
2025,2,12,401767138,2025-11-15,Bryant Bulldogs,New Hampshire Wildcats,BRY,UNH,14,42,away,28,,,22,8,0,8,6,1,
2025,2,12,401767147,2025-11-15,Campbell Fighting Camels,Elon Phoenix,CAM,ELON,24,31,away,7,,,22,6,2,8,6,1,
2025,2,12,401767169,2025-11-15,UT Martin Skyhawks,Charleston Southern Buccaneers,UTM,CHSO,17,14,home,3,,,23,4,3,10,6,1,
2025,2,12,401767187,2025-11-15,Hampton Pirates,William & Mary Tribe,HAMP,W&M,14,55,away,41,,,23,8,2,10,3,1,
2025,2,12,401767194,2025-11-15,Maine Black Bears,Rhode Island Rams,ME,URI,13,45,away,32,,,24,8,2,8,6,1,
2025,2,12,401767200,2025-11-15,Lindenwood Lions,Eastern Illinois Panthers,LIN,EIU,42,12,home,30,,,26,7,2,10,7,1,
2025,2,12,401767207,2025-11-15,Tennessee State Tigers,Gardner-Webb Runnin' Bulldogs,TNST,GWEB,14,30,away,16,,,24,5,3,8,8,1,
2025,2,12,401767222,2025-11-15,Western Illinois Leathernecks,Southeast Missouri State Redhawks,WIU,SEMO,17,22,away,5,,,30,4,6,12,8,1,
2025,2,12,401767246,2025-11-15,Eastern Kentucky Colonels,Abilene Christian Wildcats,EKU,ACU,10,17,away,7,,,24,2,4,13,5,1,
2025,2,12,401767255,2025-11-15,Austin Peay Governors,Samford Bulldogs,APSU,SAM,30,16,home,14,,,25,4,5,8,8,1,
2025,2,12,401767263,2025-11-15,North Carolina A&T Aggies,Monmouth Hawks,NCAT,MONM,19,63,away,44,,,24,10,4,7,3,1,
2025,2,12,401767303,2025-11-15,West Georgia Wolves,Utah Tech Trailblazers,WES,UTU,23,0,home,23,,,22,3,2,11,6,1,
2025,2,12,401767326,2025-11-15,Villanova Wildcats,Stony Brook Seawolves,VILL,STBK,30,27,home,3,,,26,7,4,10,5,1,
2025,2,12,401767331,2025-11-15,UAlbany Great Danes,Towson Tigers,ALB,TOW,19,36,away,17,,,0,0,0,0,0,0,no drives
2025,2,12,401767348,2025-11-15,Delaware State Hornets,Howard Bison,DSU,HOW,26,13,home,13,,,23,3,4,8,8,1,
2025,2,12,401767357,2025-11-15,Alabama A&M Bulldogs,Florida A&M Rattlers,AAMU,FAMU,23,26,away,3,,,21,6,6,7,2,1,
2025,2,12,401767366,2025-11-15,Mississippi Valley State Delta Devils,Alabama State Hornets,MVSU,ALST,3,41,away,38,,,0,0,0,0,0,0,no drives
2025,2,12,401767377,2025-11-15,Alcorn State Braves,Grambling Tigers,ALCN,GRAM,27,16,home,11,,,23,3,4,12,4,1,
2025,2,12,401767387,2025-11-15,Prairie View A&M Panthers,Arkansas-Pine Bluff Golden Lions,PV,UAPB,56,9,home,47,,,24,9,1,9,5,1,
2025,2,12,401767393,2025-11-15,Jackson State Tigers,Bethune-Cookman Wildcats,JKST,BCU,28,13,home,15,,,24,3,3,10,8,1,
2025,2,12,401767402,2025-11-15,Norfolk State Spartans,Morgan State Bears,NORF,MORG,28,35,away,7,,,24,8,2,8,6,1,
2025,2,12,401767444,2025-11-15,South Dakota State Jackrabbits,Illinois State Redbirds,SDST,ILST,21,35,away,14,,,27,7,1,10,9,1,
2025,2,12,401767452,2025-11-15,Youngstown State Penguins,Indiana State Sycamores,YSU,INST,48,29,home,19,,,26,10,4,6,6,1,
2025,2,12,401767457,2025-11-15,Southern Jaguars,Texas Southern Tigers,SOU,TXSO,30,35,away,5,,,21,9,2,7,3,1,
2025,2,12,401767466,2025-11-15,East Texas A&M Lions,Houston Christian Huskies,ETAM,HCU,37,32,home,5,,,29,9,0,11,9,1,
2025,2,12,401767481,2025-11-15,Incarnate Word Cardinals,SE Louisiana Lions,UIW,SELA,7,10,away,3,,,24,2,5,14,3,1,
2025,2,12,401767488,2025-11-15,Stephen F. Austin Lumberjacks,Lamar Cardinals,SFA,LAM,26,15,home,11,,,21,4,6,6,5,1,
2025,2,12,401767501,2025-11-15,Murray State Racers,North Dakota Fighting Hawks,MUR,UND,17,35,away,18,,,20,5,4,4,7,1,
2025,2,12,401767514,2025-11-15,North Dakota State Bison,Northern Iowa Panthers,NDSU,UNI,48,16,home,32,,,25,8,2,9,6,1,
2025,2,12,401767519,2025-11-15,Nicholls Colonels,Northwestern State Demons,NICH,NWST,26,21,home,5,,,21,7,1,8,5,1,
2025,2,12,401767543,2025-11-15,Southern Illinois Salukis,South Dakota Coyotes,SIU,SDAK,51,53,away,2,,,30,12,5,3,10,1,
2025,2,12,401767556,2025-11-15,Mercer Bears,Chattanooga Mocs,MER,UTC,63,17,home,46,,,27,11,1,9,6,1,
2025,2,12,401767563,2025-11-15,Western Carolina Catamounts,East Tennessee State Buccaneers,WCU,ETSU,35,52,away,17,,,27,11,2,6,8,1,
2025,2,12,401767571,2025-11-15,Furman Paladins,VMI Keydets,FUR,VMI,32,14,home,18,,,24,6,3,9,6,1,
2025,2,12,401767586,2025-11-15,The Citadel Bulldogs,Wofford Terriers,CIT,WOF,14,16,away,2,,,23,4,3,10,6,1,
2025,2,12,401767600,2025-11-15,San Diego Toreros,Butler Bulldogs,USD,BUT,29,7,home,22,,,21,4,3,5,9,1,
2025,2,12,401767610,2025-11-15,Marist Red Foxes,Davidson Wildcats,MRST,DAV,37,10,home,27,,,20,6,2,6,6,1,
2025,2,12,401767619,2025-11-15,Dayton Flyers,Drake Bulldogs,DAY,DRKE,6,14,away,8,,,24,3,1,11,9,1,
2025,2,12,401767643,2025-11-15,St. Thomas-Minnesota Tommies,Presbyterian Blue Hose,STMN,PRES,9,23,away,14,,,21,3,4,4,10,1,
2025,2,12,401767654,2025-11-15,Valparaiso Beacons,Stetson Hatters,VAL,STET,32,31,home,1,,,26,8,2,11,5,1,
2025,2,12,401767663,2025-11-15,Sacred Heart Pioneers,Merrimack Warriors,SHU,MRMK,42,37,home,5,,,22,11,2,7,2,1,
2025,2,12,401767670,2025-11-15,Bucknell Bison,Holy Cross Crusaders,BUCK,HC,20,37,away,17,,,24,7,4,8,5,1,
2025,2,12,401767677,2025-11-15,Columbia Lions,Brown Bears,COLU,BRWN,29,32,away,3,,,25,8,2,8,7,1,
2025,2,12,401767695,2025-11-15,Dartmouth Big Green,Cornell Big Red,DART,COR,24,14,home,10,,,18,5,3,6,4,1,
2025,2,12,401767707,2025-11-15,Harvard Crimson,Pennsylvania Quakers,HARV,PENN,45,43,home,2,,,20,12,2,3,3,1,
2025,2,12,401767717,2025-11-15,Georgetown Hoyas,Fordham Rams,GTWN,FOR,14,0,home,14,,,28,2,4,14,8,1,
2025,2,12,401767737,2025-11-15,Colgate Raiders,Lehigh Mountain Hawks,COLG,LEH,7,27,away,20,,,21,4,4,10,3,1,
2025,2,12,401767740,2025-11-15,Richmond Spiders,Lafayette Leopards,RICH,LAF,28,35,away,7,,,28,9,1,13,5,1,
2025,2,12,401767748,2025-11-15,Duquesne Dukes,Central Connecticut Blue Devils,DUQ,CCSU,38,33,home,5,,,29,11,0,13,5,1,
2025,2,12,401767760,2025-11-15,Saint Francis Red Flash,Long Island University Sharks,SFPA,LIU,3,10,away,7,,,26,0,4,17,5,1,
2025,2,12,401767767,2025-11-15,Mercyhurst Lakers,Robert Morris Colonials,MERC,RMU,27,13,home,14,,,21,4,4,8,5,1,
2025,2,12,401767775,2025-11-15,Wagner Seahawks,Stonehill Skyhawks,WAG,STO,20,14,home,6,,,22,3,2,10,7,1,
2025,2,12,401788998,2025-11-15,Princeton Tigers,Yale Bulldogs,PRIN,YALE,10,13,away,3,,,20,2,3,9,6,1,
2025,2,12,401752766,2025-11-16,Georgia Bulldogs,Texas Longhorns,UGA,TEX,35,10,home,25,,,22,6,1,10,5,1,
2025,2,12,401752769,2025-11-16,Ole Miss Rebels,Florida Gators,MISS,FLA,34,24,home,10,,,23,7,3,5,8,1,
2025,2,12,401752770,2025-11-16,Missouri Tigers,Mississippi State Bulldogs,MIZ,MSST,49,27,home,22,,,26,8,3,7,8,1,
2025,2,12,401752900,2025-11-16,Ohio State Buckeyes,UCLA Bruins,OSU,UCLA,48,10,home,38,,,21,6,3,6,6,1,
2025,2,12,401752902,2025-11-16,Washington Huskies,Purdue Boilermakers,WASH,PUR,49,13,home,36,,,22,8,2,6,6,1,
2025,2,12,401752953,2025-11-16,Washington State Cougars,Louisiana Tech Bulldogs,WSU,LT,28,3,home,25,,,19,4,2,10,3,1,
2025,2,12,401754594,2025-11-16,Florida State Seminoles,Virginia Tech Hokies,FSU,VT,34,14,home,20,,,16,6,4,0,6,1,
2025,2,12,401756949,2025-11-16,Baylor Bears,Utah Utes,BAY,UTAH,28,55,away,27,,,28,10,3,8,7,1,
2025,2,12,401756950,2025-11-16,BYU Cougars,TCU Horned Frogs,BYU,TCU,44,13,home,31,,,20,5,5,5,5,1,
2025,2,12,401757300,2025-11-16,Sam Houston Bearkats,Delaware Blue Hens,SHSU,DEL,26,23,home,3,,,28,5,7,11,5,1,
2025,2,12,401757302,2025-11-16,Jacksonville State Gamecocks,Kennesaw State Owls,JVST,KENN,35,26,home,9,,,22,7,5,5,5,1,
2025,2,12,401760410,2025-11-16,San Diego State Aztecs,Boise State Broncos,SDSU,BOIS,17,7,home,10,,,20,3,2,13,2,1,
2025,2,12,401760412,2025-11-16,Fresno State Bulldogs,Wyoming Cowboys,FRES,WYO,24,3,home,21,,,26,3,3,14,6,1,
2025,2,12,401760414,2025-11-16,UNLV Rebels,Utah State Aggies,UNLV,USU,29,26,home,3,,,24,6,10,5,3,1,
2025,2,12,401767096,2025-11-16,Sacramento State Hornets,Idaho Vandals,SAC,IDHO,23,20,home,3,,,18,4,6,4,4,1,
2025,2,12,401767111,2025-11-16,Montana State Bobcats,UC Davis Aggies,MTST,UCD,38,17,home,21,,,22,6,4,8,4,1,
2025,2,12,401767290,2025-11-16,Tarleton State Texans,North Alabama Lions,TAR,UNA,61,0,home,61,,,33,8,2,13,10,1,
2025,2,12,401767296,2025-11-16,Southern Utah Thunderbirds,Central Arkansas Bears,SUU,CARK,28,21,home,7,,,22,7,1,8,6,1,
2025,2,12,401767495,2025-11-16,McNeese Cowboys,UT Rio Grande Valley Vaqueros,MCN,RGV,13,28,away,15,,,20,5,3,7,5,1,
2025,2,13,401762862,2025-11-19,Bowling Green Falcons,Akron Zips,BGSU,AKR,16,19,away,3,,,26,2,8,9,7,1,
2025,2,13,401762863,2025-11-19,Ohio Bobcats,Massachusetts Minutemen,OHIO,MASS,42,14,home,28,,,22,8,2,4,8,1,
2025,2,13,401762864,2025-11-19,Northern Illinois Huskies,Western Michigan Broncos,NIU,WMU,19,35,away,16,,,22,7,2,7,6,1,
2025,2,13,401762865,2025-11-20,Buffalo Bulls,Miami (OH) RedHawks,BUFF,M-OH,20,37,away,17,,,32,6,5,13,8,1,
2025,2,13,401762866,2025-11-20,Kent State Golden Flashes,Central Michigan Chippewas,KENT,CMU,16,28,away,12,,,21,5,2,8,6,1,
2025,2,13,401761655,2025-11-21,Arkansas State Red Wolves,Louisiana Ragin' Cajuns,ARST,UL,30,34,away,4,,,27,5,5,10,7,1,
2025,2,13,401767520,2025-11-21,SE Louisiana Lions,Nicholls Colonels,SELA,NICH,38,26,home,12,,,24,8,2,8,6,1,
2025,2,13,401767522,2025-11-21,Northwestern State Demons,Stephen F. Austin Lumberjacks,NWST,SFA,14,62,away,48,,,22,10,0,9,3,1,
2025,2,13,401752773,2025-11-22,Alabama Crimson Tide,Eastern Illinois Panthers,ALA,EIU,56,0,home,56,,,24,8,1,9,6,1,
2025,2,13,401752774,2025-11-22,Auburn Tigers,Mercer Bears,AUB,MER,62,17,home,45,,,24,9,3,7,5,1,
2025,2,13,401752776,2025-11-22,Georgia Bulldogs,Charlotte 49ers,UGA,CLT,35,3,home,32,,,22,5,1,11,5,1,
2025,2,13,401752778,2025-11-22,Oklahoma Sooners,Missouri Tigers,OU,MIZ,17,6,home,11,,,27,2,4,16,5,1,
2025,2,13,401752779,2025-11-22,South Carolina Gamecocks,Coastal Carolina Chanticleers,SC,CCU,51,7,home,44,,,23,7,2,9,5,1,
2025,2,13,401752780,2025-11-22,Texas Longhorns,Arkansas Razorbacks,TEX,ARK,52,37,home,15,,,22,10,4,5,3,1,
2025,2,13,401752781,2025-11-22,Texas A&M Aggies,Samford Bulldogs,TA&M,SAM,48,0,home,48,,,29,6,5,15,3,1,
2025,2,13,401752782,2025-11-22,Vanderbilt Commodores,Kentucky Wildcats,VAN,UK,45,17,home,28,,,24,8,2,7,7,1,
2025,2,13,401752909,2025-11-22,Northwestern Wildcats,Minnesota Golden Gophers,NU,MINN,38,35,home,3,,,19,9,5,3,2,1,
2025,2,13,401752911,2025-11-22,Oregon Ducks,USC Trojans,ORE,USC,42,27,home,15,,,23,9,1,6,7,1,
2025,2,13,401752912,2025-11-22,Ohio State Buckeyes,Rutgers Scarlet Knights,OSU,RUTG,42,9,home,33,,,21,7,1,7,6,1,
2025,2,13,401752913,2025-11-22,Iowa Hawkeyes,Michigan State Spartans,IOWA,MSU,20,17,home,3,,,26,3,4,15,4,1,
2025,2,13,401752914,2025-11-22,Maryland Terrapins,Michigan Wolverines,MD,MICH,20,45,away,25,,,19,8,4,2,5,1,
2025,2,13,401752954,2025-11-22,James Madison Dukes,Washington State Cougars,JMU,WSU,24,20,home,4,,,20,4,3,8,5,1,
2025,2,13,401754598,2025-11-22,NC State Wolfpack,Florida State Seminoles,NCSU,FSU,21,11,home,10,,,20,4,3,8,5,1,
2025,2,13,401754600,2025-11-22,North Carolina Tar Heels,Duke Blue Devils,UNC,DUKE,25,32,away,7,,,17,7,2,4,4,1,
2025,2,13,401754602,2025-11-22,SMU Mustangs,Louisville Cardinals,SMU,LOU,38,6,home,32,,,20,5,3,9,3,1,
2025,2,13,401754603,2025-11-22,Virginia Tech Hokies,Miami Hurricanes,VT,MIA,17,34,away,17,,,18,6,3,4,5,1,
2025,2,13,401754604,2025-11-22,Notre Dame Fighting Irish,Syracuse Orange,ND,SYR,70,7,home,63,,,24,8,1,7,8,1,
2025,2,13,401754605,2025-11-22,Clemson Tigers,Furman Paladins,CLEM,FUR,45,10,home,35,,,28,7,5,9,7,1,
2025,2,13,401754606,2025-11-22,Wake Forest Demon Deacons,Delaware Blue Hens,WAKE,DEL,52,14,home,38,,,22,8,3,5,6,1,
2025,2,13,401756954,2025-11-22,Arizona Wildcats,Baylor Bears,ARIZ,BAY,41,17,home,24,,,22,7,3,5,7,1,
2025,2,13,401756957,2025-11-22,Houston Cougars,TCU Horned Frogs,HOU,TCU,14,17,away,3,,,26,4,3,11,8,1,
2025,2,13,401756958,2025-11-22,Iowa State Cyclones,Kansas Jayhawks,ISU,KU,38,14,home,24,,,17,7,2,3,5,1,
2025,2,13,401756959,2025-11-22,UCF Knights,Oklahoma State Cowboys,UCF,OKST,17,14,home,3,,,24,4,1,13,6,1,
2025,2,13,401756960,2025-11-22,Utah Utes,Kansas State Wildcats,UTAH,KSU,51,47,home,4,,,26,13,2,7,4,1,
2025,2,13,401757175,2025-11-22,Florida Atlantic Owls,UConn Huskies,FAU,CONN,45,48,away,3,,,24,12,4,4,4,1,
2025,2,13,401757305,2025-11-22,Florida International Panthers,Jacksonville State Gamecocks,FIU,JVST,27,21,home,6,,,30,6,3,11,10,1,
2025,2,13,401757306,2025-11-22,Kennesaw State Owls,Missouri State Bears,KENN,MOST,41,34,home,7,,,25,10,4,6,5,1,
2025,2,13,401757307,2025-11-22,Louisiana Tech Bulldogs,Liberty Flames,LT,LIB,34,28,home,6,,,25,8,4,8,5,1,
2025,2,13,401757308,2025-11-22,Middle Tennessee Blue Raiders,Sam Houston Bearkats,MTSU,SHSU,31,17,home,14,,,23,6,3,9,5,1,
2025,2,13,401757309,2025-11-22,UTEP Miners,New Mexico State Aggies,UTEP,NMSU,31,34,away,3,,,26,8,3,10,5,1,
2025,2,13,401760418,2025-11-22,UNLV Rebels,Hawai'i Rainbow Warriors,UNLV,HAW,38,10,home,28,,,20,6,2,5,7,1,
2025,2,13,401760419,2025-11-22,Wyoming Cowboys,Nevada Wolf Pack,WYO,NEV,7,13,away,6,,,20,2,5,10,3,1,
2025,2,13,401761656,2025-11-22,App State Mountaineers,Marshall Thundering Herd,APP,MRSH,26,24,home,2,,,26,6,4,10,6,1,
2025,2,13,401761657,2025-11-22,Georgia Southern Eagles,Old Dominion Monarchs,GASO,ODU,10,45,away,35,,,24,7,3,9,5,1,
2025,2,13,401761658,2025-11-22,South Alabama Jaguars,Southern Miss Golden Eagles,USA,USM,42,35,home,7,,,26,11,1,8,6,1,
2025,2,13,401761659,2025-11-22,Texas State Bobcats,UL Monroe Warhawks,TXST,ULM,31,14,home,17,,,21,6,1,10,4,1,
2025,2,13,401761660,2025-11-22,Troy Trojans,Georgia State Panthers,TROY,GAST,31,19,home,12,,,28,6,4,10,8,1,
2025,2,13,401762511,2025-11-22,UAB Blazers,South Florida Bulls,UAB,USF,18,48,away,30,,,23,8,3,5,7,1,
2025,2,13,401762512,2025-11-22,Army Black Knights,Tulsa Golden Hurricane,ARMY,TLSA,25,26,away,1,,,20,6,4,3,7,1,
2025,2,13,401762513,2025-11-22,UTSA Roadrunners,East Carolina Pirates,UTSA,ECU,58,24,home,34,,,28,9,4,9,6,1,
2025,2,13,401762515,2025-11-22,Temple Owls,Tulane Green Wave,TEM,TULN,13,37,away,24,,,24,5,5,11,3,1,
2025,2,13,401762867,2025-11-22,Toledo Rockets,Ball State Cardinals,TOL,BALL,38,9,home,29,,,29,6,3,12,8,1,
2025,2,13,401767068,2025-11-22,Cal Poly Mustangs,Eastern Washington Eagles,CP,EWU,43,34,home,9,,,33,9,5,10,9,1,
2025,2,13,401767088,2025-11-22,Idaho Vandals,Idaho State Bengals,IDHO,IDST,16,37,away,21,,,22,6,3,7,6,1,
2025,2,13,401767104,2025-11-22,Montana Grizzlies,Montana State Bobcats,MONT,MTST,28,31,away,3,,,16,7,3,4,2,1,
2025,2,13,401767118,2025-11-22,Weber State Wildcats,Northern Arizona Lumberjacks,WEB,NAU,48,28,home,20,,,30,9,2,12,7,1,
2025,2,13,401767125,2025-11-22,Northern Colorado Bears,Portland State Vikings,UNCO,PRST,24,13,home,11,,,23,4,4,12,3,1,
2025,2,13,401767134,2025-11-22,UC Davis Aggies,Sacramento State Hornets,UCD,SAC,31,27,home,4,,,21,8,2,4,7,1,
2025,2,13,401767139,2025-11-22,Stony Brook Seawolves,Bryant Bulldogs,STBK,BRY,35,28,home,7,,,23,8,3,5,7,1,
2025,2,13,401767148,2025-11-22,Towson Tigers,Campbell Fighting Camels,TOW,CAM,35,31,home,4,,,21,9,1,7,4,1,
2025,2,13,401767170,2025-11-22,Charleston Southern Buccaneers,Tennessee State Tigers,CHSO,TNST,7,6,home,1,,,26,1,3,15,7,1,
2025,2,13,401767178,2025-11-22,Elon Phoenix,North Carolina A&T Aggies,ELON,NCAT,55,17,home,38,,,29,9,3,10,7,1,
2025,2,13,401767188,2025-11-22,Rhode Island Rams,Hampton Pirates,URI,HAMP,38,10,home,28,,,27,6,2,13,6,1,
2025,2,13,401767195,2025-11-22,New Hampshire Wildcats,Maine Black Bears,UNH,ME,33,27,home,6,,,23,7,4,6,6,1,
2025,2,13,401767208,2025-11-22,Gardner-Webb Runnin' Bulldogs,Western Illinois Leathernecks,GWEB,WIU,24,29,away,5,,,27,7,1,14,5,1,
2025,2,13,401767215,2025-11-22,Southeast Missouri State Redhawks,Lindenwood Lions,SEMO,LIN,13,30,away,17,,,23,6,1,12,4,1,
2025,2,13,401767234,2025-11-22,Tennessee Tech Golden Eagles,UT Martin Skyhawks,TNTC,UTM,20,17,home,3,,,21,4,3,12,2,1,
2025,2,13,401767247,2025-11-22,Central Arkansas Bears,Abilene Christian Wildcats,CARK,ACU,28,49,away,21,,,24,9,2,5,8,1,
2025,2,13,401767264,2025-11-22,Monmouth Hawks,UAlbany Great Danes,MONM,ALB,24,31,away,7,,,21,7,2,6,6,1,
2025,2,13,401767276,2025-11-22,Tarleton State Texans,Austin Peay Governors,TAR,APSU,45,44,home,1,,,31,12,2,12,5,1,
2025,2,13,401767284,2025-11-22,Utah Tech Trailblazers,Eastern Kentucky Colonels,UTU,EKU,10,33,away,23,,,25,4,4,10,7,1,
2025,2,13,401767291,2025-11-22,North Alabama Lions,Southern Utah Thunderbirds,UNA,SUU,34,36,away,2,,,27,10,1,10,6,1,
2025,2,13,401767338,2025-11-22,Villanova Wildcats,Sacred Heart Pioneers,VILL,SHU,34,10,home,24,,,21,5,4,4,8,1,
2025,2,13,401767340,2025-11-22,William & Mary Tribe,Richmond Spiders,W&M,RICH,21,28,away,7,,,25,7,0,13,5,1,
2025,2,13,401767349,2025-11-22,Delaware State Hornets,South Carolina State Bulldogs,DSU,SCST,17,28,away,11,,,27,5,4,11,7,1,
2025,2,13,401767358,2025-11-22,Texas Southern Tigers,Alabama A&M Bulldogs,TXSO,AAMU,24,7,home,17,,,25,4,4,11,6,1,
2025,2,13,401767367,2025-11-22,Alabama State Hornets,Arkansas-Pine Bluff Golden Lions,ALST,UAPB,44,13,home,31,,,18,7,4,5,2,1,
2025,2,13,401767378,2025-11-22,Jackson State Tigers,Alcorn State Braves,JKST,ALCN,27,21,home,6,,,22,6,2,9,5,1,
2025,2,13,401767394,2025-11-22,Bethune-Cookman Wildcats,Florida A&M Rattlers,BCU,FAMU,38,34,home,4,,,0,0,0,0,0,0,no drives
2025,2,13,401767397,2025-11-22,Howard Bison,Norfolk State Spartans,HOW,NORF,44,15,home,29,,,23,8,2,3,10,1,
2025,2,13,401767403,2025-11-22,Morgan State Bears,North Carolina Central Eagles,MORG,NCCU,14,33,away,19,,,28,5,3,9,11,1,
2025,2,13,401767430,2025-11-22,Prairie View A&M Panthers,Mississippi Valley State Delta Devils,PV,MVSU,59,6,home,53,,,27,7,2,13,5,1,
2025,2,13,401767445,2025-11-22,Illinois State Redbirds,Southern Illinois Salukis,ILST,SIU,7,37,away,30,,,21,5,4,5,7,1,
2025,2,13,401767453,2025-11-22,Indiana State Sycamores,Murray State Racers,INST,MUR,17,31,away,14,,,26,6,2,10,8,1,
2025,2,13,401767475,2025-11-22,Houston Christian Huskies,Incarnate Word Cardinals,HCU,UIW,10,31,away,21,,,0,0,0,0,0,0,no drives
2025,2,13,401767489,2025-11-22,Lamar Cardinals,McNeese Cowboys,LAM,MCN,19,21,away,2,,,26,4,3,12,7,1,
2025,2,13,401767508,2025-11-22,North Dakota Fighting Hawks,South Dakota State Jackrabbits,UND,SDST,31,34,away,3,,,27,8,3,8,8,1,
2025,2,13,401767515,2025-11-22,North Dakota State Bison,St. Thomas-Minnesota Tommies,NDSU,STMN,62,7,home,55,,,29,9,2,9,9,1,
2025,2,13,401767540,2025-11-22,Northern Iowa Panthers,Youngstown State Penguins,UNI,YSU,32,35,away,3,,,20,9,1,5,5,1,
2025,2,13,401767557,2025-11-22,Wofford Terriers,Chattanooga Mocs,WOF,UTC,35,13,home,22,,,20,7,1,7,5,1,
2025,2,13,401767564,2025-11-22,East Tennessee State Buccaneers,The Citadel Bulldogs,ETSU,CIT,28,26,home,2,,,18,7,2,4,5,1,
2025,2,13,401767591,2025-11-22,VMI Keydets,Western Carolina Catamounts,VMI,WCU,6,48,away,42,,,19,6,5,2,6,1,
2025,2,13,401767601,2025-11-22,Butler Bulldogs,Valparaiso Beacons,BUT,VAL,27,20,home,7,,,22,6,2,7,7,1,
2025,2,13,401767611,2025-11-22,Davidson Wildcats,Dayton Flyers,DAV,DAY,14,42,away,28,,,25,7,1,6,11,1,
2025,2,13,401767625,2025-11-22,Drake Bulldogs,Morehead State Eagles,DRKE,MORE,17,10,home,7,,,20,3,5,7,5,1,
2025,2,13,401767633,2025-11-22,Presbyterian Blue Hose,Marist Red Foxes,PRES,MRST,29,25,home,4,,,20,6,4,3,7,1,
2025,2,13,401767647,2025-11-22,Stetson Hatters,San Diego Toreros,STET,USD,8,42,away,34,,,26,6,0,11,9,1,
2025,2,13,401767671,2025-11-22,Colgate Raiders,Bucknell Bison,COLG,BUCK,38,19,home,19,,,26,8,1,12,5,1,
2025,2,13,401767678,2025-11-22,Brown Bears,Dartmouth Big Green,BRWN,DART,35,28,home,7,,,24,8,1,6,9,1,
2025,2,13,401767696,2025-11-22,Cornell Big Red,Columbia Lions,COR,COLU,12,29,away,17,,,19,5,2,5,7,1,
2025,2,13,401767708,2025-11-22,Yale Bulldogs,Harvard Crimson,YALE,HARV,45,28,home,17,,,22,10,1,8,3,1,
2025,2,13,401767718,2025-11-22,Merrimack Warriors,Fordham Rams,MRMK,FOR,27,26,home,1,,,29,5,4,13,7,1,
2025,2,13,401767725,2025-11-22,Holy Cross Crusaders,Georgetown Hoyas,HC,GTWN,42,7,home,35,,,28,4,1,11,12,1,
2025,2,13,401767738,2025-11-22,Lafayette Leopards,Lehigh Mountain Hawks,LAF,LEH,32,42,away,10,,,20,10,1,3,6,1,
2025,2,13,401767749,2025-11-22,Central Connecticut Blue Devils,Mercyhurst Lakers,CCSU,MERC,35,28,home,7,,,25,9,2,6,8,1,
2025,2,13,401767756,2025-11-22,Robert Morris Colonials,Duquesne Dukes,RMU,DUQ,17,20,away,3,,,26,3,4,14,5,1,
2025,2,13,401767761,2025-11-22,Long Island University Sharks,Wagner Seahawks,LIU,WAG,24,17,home,7,,,24,4,2,11,7,1,
2025,2,13,401767770,2025-11-22,Stonehill Skyhawks,Saint Francis Red Flash,STO,SFPA,20,10,home,10,,,25,3,4,9,9,1,
2025,2,13,401788996,2025-11-22,Pennsylvania Quakers,Princeton Tigers,PENN,PRIN,17,6,home,11,,,18,2,3,7,6,1,
2025,2,13,401752775,2025-11-23,Florida Gators,Tennessee Volunteers,FLA,TENN,11,31,away,20,,,17,5,4,6,2,1,
2025,2,13,401752777,2025-11-23,LSU Tigers,Western Kentucky Hilltoppers,LSU,WKU,13,10,home,3,,,29,1,3,14,11,1,
2025,2,13,401752908,2025-11-23,Penn State Nittany Lions,Nebraska Cornhuskers,PSU,NEB,37,10,home,27,,,18,6,2,4,6,1,
2025,2,13,401752910,2025-11-23,UCLA Bruins,Washington Huskies,UCLA,WASH,14,48,away,34,,,25,6,2,8,9,1,
2025,2,13,401752915,2025-11-23,Wisconsin Badgers,Illinois Fighting Illini,WIS,ILL,27,10,home,17,,,22,4,4,9,5,1,
2025,2,13,401754599,2025-11-23,Stanford Cardinal,California Golden Bears,STAN,CAL,31,10,home,21,,,25,3,4,9,9,1,
2025,2,13,401754601,2025-11-23,Georgia Tech Yellow Jackets,Pittsburgh Panthers,GT,PITT,28,42,away,14,,,26,9,1,9,7,1,
2025,2,13,401756955,2025-11-23,Cincinnati Bearcats,BYU Cougars,CIN,BYU,14,26,away,12,,,20,5,5,5,5,1,
2025,2,13,401756956,2025-11-23,Colorado Buffaloes,Arizona State Sun Devils,COLO,ASU,17,42,away,25,,,33,7,3,13,10,1,
2025,2,13,401760415,2025-11-23,Air Force Falcons,New Mexico Lobos,AFA,UNM,3,20,away,17,,,14,2,3,2,7,1,
2025,2,13,401760416,2025-11-23,Boise State Broncos,Colorado State Rams,BOIS,CSU,49,21,home,28,,,29,9,2,9,9,1,
2025,2,13,401760417,2025-11-23,Fresno State Bulldogs,Utah State Aggies,FRES,USU,17,28,away,11,,,27,6,2,12,7,1,
2025,2,13,401760420,2025-11-23,San Diego State Aztecs,San José State Spartans,SDSU,SJSU,25,3,home,22,,,22,3,4,8,7,1,
2025,2,13,401762514,2025-11-23,Rice Owls,North Texas Mean Green,RICE,UNT,24,56,away,32,,,22,11,1,7,3,1,
2025,2,13,401767467,2025-11-23,UT Rio Grande Valley Vaqueros,East Texas A&M Lions,RGV,ETAM,33,14,home,19,,,18,4,5,4,5,1,
2025,2,14,401762868,2025-11-25,Massachusetts Minutemen,Bowling Green Falcons,MASS,BGSU,14,45,away,31,14.0,44.5,22,8,1,7,6,1,
2025,2,14,401762869,2025-11-26,Eastern Michigan Eagles,Western Michigan Broncos,EMU,WMU,21,31,away,10,7.0,49.5,22,7,1,7,7,1,
2025,2,14,401767368,2025-11-27,Alabama State Hornets,Tuskegee Golden Tigers,ALST,TUSK,58,21,home,37,,,23,10,1,6,6,1,
2025,2,14,401752786,2025-11-28,Georgia Tech Yellow Jackets,Georgia Bulldogs,GT,UGA,9,16,away,7,16.5,60.5,19,1,6,8,4,1,
2025,2,14,401752788,2025-11-28,Mississippi State Bulldogs,Ole Miss Rebels,MSST,MISS,19,38,away,19,7.5,62.5,24,7,4,7,6,1,
2025,2,14,401752916,2025-11-28,Nebraska Cornhuskers,Iowa Hawkeyes,NEB,IOWA,16,40,away,24,5.5,38.5,20,6,4,7,3,1,
2025,2,14,401756964,2025-11-28,Kansas Jayhawks,Utah Utes,KU,UTAH,21,31,away,10,10.0,60.5,22,6,2,4,10,1,
2025,2,14,401760421,2025-11-28,Colorado State Rams,Air Force Falcons,CSU,AFA,21,42,away,21,,47.5,16,9,1,4,2,1,
2025,2,14,401760422,2025-11-28,Utah State Aggies,Boise State Broncos,USU,BOIS,24,25,away,1,1.5,55.5,29,6,4,10,9,1,
2025,2,14,401760426,2025-11-28,New Mexico Lobos,San Diego State Aztecs,UNM,SDSU,23,17,home,6,1.5,,27,5,3,13,6,1,
2025,2,14,401762442,2025-11-28,North Texas Mean Green,Temple Owls,UNT,TEM,52,25,home,27,-20.5,,23,10,2,5,6,1,
2025,2,14,401762516,2025-11-28,Memphis Tigers,Navy Midshipmen,MEM,NAVY,17,28,away,11,-4.0,57.5,21,6,2,8,5,1,
2025,2,14,401762870,2025-11-28,Buffalo Bulls,Ohio Bobcats,BUFF,OHIO,26,31,away,5,6.5,44.5,25,8,2,8,7,1,
2025,2,14,401762871,2025-11-28,Northern Illinois Huskies,Kent State Golden Flashes,NIU,KENT,31,35,away,4,-4.5,44.5,21,8,3,3,7,1,
2025,2,14,401752783,2025-11-29,Arkansas Razorbacks,Missouri Tigers,ARK,MIZ,17,31,away,14,4.5,,19,4,3,7,5,1,
2025,2,14,401752785,2025-11-29,Florida Gators,Florida State Seminoles,FLA,FSU,40,21,home,19,1.5,49.5,21,8,3,4,6,1,
2025,2,14,401752787,2025-11-29,Louisville Cardinals,Kentucky Wildcats,LOU,UK,41,0,home,41,-3.5,47.5,24,5,3,11,5,1,
2025,2,14,401752789,2025-11-29,Oklahoma Sooners,LSU Tigers,OU,LSU,17,13,home,4,-12.5,36.5,30,3,3,16,8,1,
2025,2,14,401752790,2025-11-29,South Carolina Gamecocks,Clemson Tigers,SC,CLEM,14,28,away,14,-2.5,46.5,25,4,2,11,8,1,
2025,2,14,401752791,2025-11-29,Tennessee Volunteers,Vanderbilt Commodores,TENN,VAN,24,45,away,21,-2.5,66.5,22,9,2,5,6,1,
2025,2,14,401752792,2025-11-29,Texas Longhorns,Texas A&M Aggies,TEX,TA&M,27,17,home,10,2.5,54.5,25,5,4,13,3,1,
2025,2,14,401752917,2025-11-29,Washington Huskies,Oregon Ducks,WASH,ORE,14,26,away,12,6.5,51.5,23,4,4,9,6,1,
2025,2,14,401752918,2025-11-29,Minnesota Golden Gophers,Wisconsin Badgers,MINN,WIS,17,7,home,10,,,21,3,2,10,6,1,
2025,2,14,401752920,2025-11-29,Rutgers Scarlet Knights,Penn State Nittany Lions,RUTG,PSU,36,40,away,4,12.5,55.5,21,9,2,5,5,1,
2025,2,14,401752921,2025-11-29,Michigan Wolverines,Ohio State Buckeyes,MICH,OSU,9,27,away,18,10.0,42.5,18,3,5,6,4,1,
2025,2,14,401752924,2025-11-29,Purdue Boilermakers,Indiana Hoosiers,PUR,IU,3,56,away,53,28.5,54.5,26,8,2,12,4,1,
2025,2,14,401752946,2025-11-29,Washington State Cougars,Oregon State Beavers,WSU,ORST,32,8,home,24,,,25,5,2,10,8,1,
2025,2,14,401754608,2025-11-29,Syracuse Orange,Boston College Eagles,SYR,BC,12,34,away,22,,,22,5,5,8,4,1,
2025,2,14,401754610,2025-11-29,Duke Blue Devils,Wake Forest Demon Deacons,DUKE,WAKE,49,32,home,17,-2.5,53.5,26,11,1,5,9,1,
2025,2,14,401754611,2025-11-29,Pittsburgh Panthers,Miami Hurricanes,PITT,MIA,7,38,away,31,6.5,48.5,21,6,2,8,5,1,
2025,2,14,401756961,2025-11-29,Arizona State Sun Devils,Arizona Wildcats,ASU,ARIZ,7,23,away,16,2.5,48.5,24,3,7,6,8,1,
2025,2,14,401756962,2025-11-29,Baylor Bears,Houston Cougars,BAY,HOU,24,31,away,7,-2.5,57.5,23,6,4,5,8,1,
2025,2,14,401756963,2025-11-29,BYU Cougars,UCF Knights,BYU,UCF,41,21,home,20,,46.5,22,8,4,3,7,1,
2025,2,14,401756965,2025-11-29,Kansas State Wildcats,Colorado Buffaloes,KSU,COLO,24,14,home,10,-16.5,49.5,19,5,2,5,7,1,
2025,2,14,401756966,2025-11-29,Oklahoma State Cowboys,Iowa State Cyclones,OKST,ISU,13,20,away,7,14.0,47.5,23,3,4,12,4,1,
2025,2,14,401756967,2025-11-29,TCU Horned Frogs,Cincinnati Bearcats,TCU,CIN,45,23,home,22,-3.0,58.5,21,9,2,6,4,1,
2025,2,14,401756968,2025-11-29,West Virginia Mountaineers,Texas Tech Red Raiders,WVU,TTU,0,49,away,49,24.5,53.5,25,7,0,10,8,1,
2025,2,14,401757310,2025-11-29,Delaware Blue Hens,UTEP Miners,DEL,UTEP,61,31,home,30,,,33,10,5,8,10,1,
2025,2,14,401757311,2025-11-29,Sam Houston Bearkats,Florida International Panthers,SHSU,FIU,16,56,away,40,,,31,9,4,9,9,1,
2025,2,14,401757312,2025-11-29,Jacksonville State Gamecocks,Western Kentucky Hilltoppers,JVST,WKU,37,34,home,3,,,24,8,6,5,5,1,
2025,2,14,401757313,2025-11-29,Liberty Flames,Kennesaw State Owls,LIB,KENN,42,48,away,6,,,26,13,1,8,4,1,
2025,2,14,401757314,2025-11-29,Missouri State Bears,Louisiana Tech Bulldogs,MOST,LT,30,42,away,12,,,21,9,1,5,6,1,
2025,2,14,401757315,2025-11-29,New Mexico State Aggies,Middle Tennessee Blue Raiders,NMSU,MTSU,24,31,away,7,,,29,7,2,12,8,1,
2025,2,14,401761661,2025-11-29,App State Mountaineers,Arkansas State Red Wolves,APP,ARST,29,30,away,1,,,28,6,9,10,3,1,
2025,2,14,401761662,2025-11-29,Coastal Carolina Chanticleers,James Madison Dukes,CCU,JMU,10,59,away,49,,,27,7,5,9,6,1,
2025,2,14,401761663,2025-11-29,Marshall Thundering Herd,Georgia Southern Eagles,MRSH,GASO,19,24,away,5,-7.5,62.5,19,5,4,5,5,1,
2025,2,14,401761664,2025-11-29,Old Dominion Monarchs,Georgia State Panthers,ODU,GAST,27,10,home,17,,,27,4,4,14,5,1,
2025,2,14,401761665,2025-11-29,Louisiana Ragin' Cajuns,UL Monroe Warhawks,UL,ULM,30,27,home,3,-10.5,,26,6,5,10,5,1,
2025,2,14,401761666,2025-11-29,Southern Miss Golden Eagles,Troy Trojans,USM,TROY,18,28,away,10,,,24,6,3,9,6,1,
2025,2,14,401761667,2025-11-29,Texas State Bobcats,South Alabama Jaguars,TXST,USA,49,26,home,23,,,24,9,2,8,5,1,
2025,2,14,401762441,2025-11-29,UTSA Roadrunners,Army Black Knights,UTSA,ARMY,24,27,away,3,,,19,5,3,5,6,1,
2025,2,14,401762517,2025-11-29,Tulsa Golden Hurricane,UAB Blazers,TLSA,UAB,24,31,away,7,-9.5,56.5,24,7,3,6,8,1,
2025,2,14,401762519,2025-11-29,Florida Atlantic Owls,East Carolina Pirates,FAU,ECU,3,42,away,39,,,24,6,1,7,10,1,
2025,2,14,401762872,2025-11-29,Central Michigan Chippewas,Toledo Rockets,CMU,TOL,3,21,away,18,,,22,3,1,8,10,1,
2025,2,14,401762875,2025-11-29,Miami (OH) RedHawks,Ball State Cardinals,M-OH,BALL,45,24,home,21,,,25,8,2,11,4,1,
2025,2,14,401767420,2025-11-29,Grambling Tigers,Southern Jaguars,GRAM,SOU,27,28,away,1,,,32,7,5,13,7,1,
2025,2,14,401767428,2025-11-29,Mississippi Valley State Delta Devils,Florida A&M Rattlers,MVSU,FAMU,35,31,home,4,,,28,9,1,13,5,1,
2025,2,14,401833969,2025-11-29,Abilene Christian Wildcats,Lamar Cardinals,ACU,LAM,38,20,home,18,,,27,9,2,6,10,1,
2025,2,14,401833975,2025-11-29,Youngstown State Penguins,Yale Bulldogs,YSU,YALE,42,43,away,1,,,25,12,2,4,7,1,
2025,2,14,401836055,2025-11-29,Villanova Wildcats,Harvard Crimson,VILL,HARV,52,7,home,45,,,21,8,1,6,6,1,
2025,2,14,401836095,2025-11-29,SE Louisiana Lions,Illinois State Redbirds,SELA,ILST,3,21,away,18,,,23,3,2,9,9,1,
2025,2,14,401836102,2025-11-29,Rhode Island Rams,Central Connecticut Blue Devils,URI,CCSU,27,19,home,8,,,22,5,6,9,2,1,
2025,2,14,401836115,2025-11-29,Tennessee Tech Golden Eagles,North Dakota Fighting Hawks,TNTC,UND,6,31,away,25,,,34,5,4,11,14,1,
2025,2,14,401836116,2025-11-29,South Dakota State Jackrabbits,New Hampshire Wildcats,SDST,UNH,41,3,home,38,,,16,6,1,4,5,1,
2025,2,14,401836195,2025-11-29,South Dakota Coyotes,Drake Bulldogs,SDAK,DRKE,38,17,home,21,,,18,7,2,5,4,1,
2025,2,14,401752784,2025-11-30,Auburn Tigers,Alabama Crimson Tide,AUB,ALA,20,27,away,7,7.0,48.5,25,5,4,12,4,1,
2025,2,14,401752919,2025-11-30,USC Trojans,UCLA Bruins,USC,UCLA,29,10,home,19,-21.5,59.5,17,5,3,5,4,1,
2025,2,14,401752922,2025-11-30,Illinois Fighting Illini,Northwestern Wildcats,ILL,NU,20,13,home,7,-7.0,43.5,22,3,4,6,9,1,
2025,2,14,401752923,2025-11-30,Michigan State Spartans,Maryland Terrapins,MSU,MD,38,28,home,10,-4.0,49.5,26,8,2,9,7,1,
2025,2,14,401754609,2025-11-30,California Golden Bears,SMU Mustangs,CAL,SMU,38,35,home,3,,,22,10,3,6,3,1,
2025,2,14,401754612,2025-11-30,NC State Wolfpack,North Carolina Tar Heels,NCSU,UNC,42,19,home,23,-7.0,48.5,18,8,2,5,3,1,
2025,2,14,401754613,2025-11-30,Virginia Cavaliers,Virginia Tech Hokies,UVA,VT,27,7,home,20,-8.5,52.5,23,4,3,11,5,1,
2025,2,14,401754614,2025-11-30,Stanford Cardinal,Notre Dame Fighting Irish,STAN,ND,20,49,away,29,32.5,51.5,22,9,2,6,5,1,
2025,2,14,401760423,2025-11-30,San José State Spartans,Fresno State Bulldogs,SJSU,FRES,14,41,away,27,3.0,44.5,29,5,5,7,12,1,
2025,2,14,401760424,2025-11-30,Hawai'i Rainbow Warriors,Wyoming Cowboys,HAW,WYO,27,7,home,20,-8.5,,24,3,4,11,6,1,
2025,2,14,401760425,2025-11-30,Nevada Wolf Pack,UNLV Rebels,NEV,UNLV,17,42,away,25,7.5,52.5,22,8,2,5,7,1,
2025,2,14,401762518,2025-11-30,Tulane Green Wave,Charlotte 49ers,TULN,CLT,27,0,home,27,-29.5,51.5,26,3,4,12,7,1,
2025,2,14,401762520,2025-11-30,South Florida Bulls,Rice Owls,USF,RICE,52,3,home,49,,,20,7,2,7,4,1,
2025,2,15,401777324,2025-12-06,Tulane Green Wave,North Texas Mean Green,TULN,UNT,34,21,home,13,1.5,66.5,19,6,3,5,5,1,
2025,2,15,401777325,2025-12-06,Jacksonville State Gamecocks,Kennesaw State Owls,JVST,KENN,15,19,away,4,3.0,62.5,20,4,2,7,7,1,
2025,2,15,401777326,2025-12-06,Boise State Broncos,UNLV Rebels,BOIS,UNLV,38,21,home,17,-6.0,59.5,25,8,2,10,5,1,
2025,2,15,401777327,2025-12-06,Texas Tech Red Raiders,BYU Cougars,TTU,BYU,34,7,home,27,-12.5,50.5,26,4,7,6,9,1,
2025,2,15,401777329,2025-12-06,Western Michigan Broncos,Miami (OH) RedHawks,WMU,M-OH,23,13,home,10,-2.5,44.5,26,4,4,10,8,1,
2025,2,15,401777350,2025-12-06,Jackson State Tigers,Prairie View A&M Panthers,JKST,PV,21,23,away,2,,,24,5,4,9,6,1,
2025,2,15,401777351,2025-12-06,Alabama Crimson Tide,Georgia Bulldogs,ALA,UGA,7,28,away,21,1.5,48.5,24,5,0,14,5,1,
2025,2,15,401777352,2025-12-06,James Madison Dukes,Troy Trojans,JMU,TROY,31,14,home,17,-24.5,47.5,30,5,2,16,7,1,
2025,2,15,401833978,2025-12-06,Lehigh Mountain Hawks,Villanova Wildcats,LEH,VILL,7,14,away,7,,,23,3,2,12,6,1,
2025,2,15,401836196,2025-12-06,Montana State Bobcats,Yale Bulldogs,MTST,YALE,21,13,home,8,,,21,5,0,10,6,1,
2025,2,15,401836197,2025-12-06,Montana Grizzlies,South Dakota State Jackrabbits,MONT,SDST,50,29,home,21,,,24,11,1,7,5,1,
2025,2,15,401836198,2025-12-06,North Dakota State Bison,Illinois State Redbirds,NDSU,ILST,28,29,away,1,,,29,6,0,11,12,1,
2025,2,15,401836216,2025-12-06,Stephen F. Austin Lumberjacks,Abilene Christian Wildcats,SFA,ACU,41,34,home,7,,,26,9,4,9,4,1,
2025,2,15,401836217,2025-12-06,Tarleton State Texans,North Dakota Fighting Hawks,TAR,UND,31,13,home,18,,,25,5,3,9,8,1,
2025,2,15,401836218,2025-12-06,Mercer Bears,South Dakota Coyotes,MER,SDAK,0,47,away,47,,,25,6,2,8,9,1,
2025,2,15,401777328,2025-12-07,Virginia Cavaliers,Duke Blue Devils,UVA,DUKE,20,27,away,7,-3.5,58.5,21,5,5,6,5,1,
2025,2,15,401777353,2025-12-07,Ohio State Buckeyes,Indiana Hoosiers,OSU,IU,10,13,away,3,-3.5,45.5,18,2,5,6,5,1,
2025,2,15,401833977,2025-12-07,UC Davis Aggies,Rhode Island Rams,UCD,URI,47,26,home,21,,,26,10,2,8,6,1,
2025,2,16,401762521,2025-12-13,Navy Midshipmen,Army Black Knights,NAVY,ARMY,17,16,home,1,-6.0,37.5,16,3,4,5,4,1,
2025,2,16,401833985,2025-12-13,Montana State Bobcats,Stephen F. Austin Lumberjacks,MTST,SFA,44,28,home,16,-15.5,56.5,23,9,3,4,7,1,
2025,3,1,401778123,2025-12-13,Prairie View A&M Panthers,South Carolina State Bulldogs,PV,SCST,38,40,away,2,-3.0,53.5,34,10,4,12,8,1,
2025,3,1,401833986,2025-12-13,Tarleton State Texans,Villanova Wildcats,TAR,VILL,21,26,away,5,-14.5,54.5,24,6,2,10,6,1,
2025,3,1,401833987,2025-12-13,Montana Grizzlies,South Dakota Coyotes,MONT,SDAK,52,22,home,30,-7.5,59.5,21,9,1,6,5,1,
2025,3,1,401836219,2025-12-13,UC Davis Aggies,Illinois State Redbirds,UCD,ILST,31,42,away,11,-3.0,57.5,21,9,3,2,7,1,
2025,3,1,401778302,2025-12-14,Washington Huskies,Boise State Broncos,WASH,BOIS,38,10,home,28,-10.0,55.5,27,6,2,9,10,1,
2025,3,1,401778303,2025-12-17,Jacksonville State Gamecocks,Troy Trojans,JVST,TROY,17,13,home,4,-3.0,47.5,23,2,4,9,8,1,
2025,3,1,401778304,2025-12-17,South Florida Bulls,Old Dominion Monarchs,USF,ODU,10,24,away,14,-4.0,52.5,29,4,5,11,9,1,
2025,3,1,401778305,2025-12-18,Delaware Blue Hens,Louisiana Ragin' Cajuns,DEL,UL,20,13,home,7,1.5,60.5,20,3,6,5,6,1,
2025,3,1,401778306,2025-12-19,Western Michigan Broncos,Kennesaw State Owls,WMU,KENN,41,6,home,35,-3.5,47.5,26,5,2,12,7,1,
2025,3,1,401778307,2025-12-19,NC State Wolfpack,Memphis Tigers,NCSU,MEM,31,7,home,24,-3.5,56.5,25,5,2,9,9,1,
2025,3,1,401838053,2025-12-19,Arkansas State Red Wolves,Missouri State Bears,ARST,MOST,34,28,home,6,-1.5,55.5,26,8,3,12,3,1,
2025,3,1,401779840,2025-12-20,Oklahoma Sooners,Alabama Crimson Tide,OU,ALA,24,34,away,10,-2.5,42.5,27,6,5,13,3,1,
2025,3,1,401779841,2025-12-20,Texas A&M Aggies,Miami Hurricanes,TA&M,MIA,3,10,away,7,-3.0,48.5,23,1,5,10,7,1,
2025,3,1,401779842,2025-12-20,Ole Miss Rebels,Tulane Green Wave,MISS,TULN,41,10,home,31,-16.5,57.5,24,6,3,6,9,1,
2025,3,1,401833989,2025-12-20,Montana State Bobcats,Montana Grizzlies,MTST,MONT,48,23,home,25,-6.5,56.5,20,9,1,5,5,1,
2025,3,1,401779843,2025-12-21,Oregon Ducks,James Madison Dukes,ORE,JMU,51,34,home,17,-20.5,47.5,26,10,4,7,5,1,
2025,3,1,401833990,2025-12-21,Villanova Wildcats,Illinois State Redbirds,VILL,ILST,14,30,away,16,-1.5,51.5,19,4,5,5,5,1,
2025,3,1,401778308,2025-12-22,Utah State Aggies,Washington State Cougars,USU,WSU,21,34,away,13,-1.5,50.5,26,7,4,8,7,1,
2025,3,1,401778309,2025-12-23,Louisville Cardinals,Toledo Rockets,LOU,TOL,27,22,home,5,-11.5,44.5,23,6,4,9,4,1,
2025,3,1,401778310,2025-12-23,Southern Miss Golden Eagles,Western Kentucky Hilltoppers,USM,WKU,16,27,away,11,-2.5,59.5,30,4,6,13,7,1,
2025,3,1,401778311,2025-12-24,Ohio Bobcats,UNLV Rebels,OHIO,UNLV,17,10,home,7,6.5,64.5,18,3,2,6,7,1,
2025,3,1,401778312,2025-12-25,Hawai'i Rainbow Warriors,California Golden Bears,HAW,CAL,35,31,home,4,-1.5,50.5,19,8,5,4,2,1,
2025,3,1,401778313,2025-12-26,Northwestern Wildcats,Central Michigan Chippewas,NU,CMU,34,7,home,27,-13.5,43.5,24,5,1,8,10,1,
2025,3,1,401778314,2025-12-26,Minnesota Golden Gophers,New Mexico Lobos,MINN,UNM,20,17,home,3,-1.5,44.5,0,0,0,0,0,0,no drives
2025,3,1,401778315,2025-12-27,UTSA Roadrunners,Florida International Panthers,UTSA,FIU,57,20,home,37,-7.5,63.5,27,9,2,6,10,1,
2025,3,1,401778316,2025-12-27,East Carolina Pirates,Pittsburgh Panthers,ECU,PITT,23,17,home,6,13.5,51.5,26,3,5,7,11,1,
2025,3,1,401778317,2025-12-27,Clemson Tigers,Penn State Nittany Lions,CLEM,PSU,10,22,away,12,-2.5,47.5,21,3,5,8,5,1,
2025,3,1,401778318,2025-12-27,Army Black Knights,UConn Huskies,ARMY,CONN,41,16,home,25,-7.5,41.5,17,8,1,4,4,1,
2025,3,1,401778319,2025-12-27,BYU Cougars,Georgia Tech Yellow Jackets,BYU,GT,25,21,home,4,-3.5,55.5,19,6,2,5,6,1,
2025,3,1,401778320,2025-12-27,Fresno State Bulldogs,Miami (OH) RedHawks,FRES,M-OH,18,3,home,15,-5.5,40.5,21,1,6,9,5,1,
2025,3,1,401778321,2025-12-27,San Diego State Aztecs,North Texas Mean Green,SDSU,UNT,47,49,away,2,7.5,55.5,32,13,2,8,9,1,
2025,3,1,401778322,2025-12-28,Missouri Tigers,Virginia Cavaliers,MIZ,UVA,7,13,away,6,-4.0,43.5,21,2,4,7,8,1,
2025,3,1,401778323,2025-12-28,Houston Cougars,LSU Tigers,HOU,LSU,38,35,home,3,-1.5,43.5,22,9,2,6,5,1,
2025,3,1,401778324,2025-12-29,App State Mountaineers,Georgia Southern Eagles,APP,GASO,10,29,away,19,10.0,58.5,19,4,5,4,6,1,
2025,3,1,401778325,2025-12-30,Louisiana Tech Bulldogs,Coastal Carolina Chanticleers,LT,CCU,23,14,home,9,-10.0,51.5,36,4,5,17,10,1,
2025,3,1,401778326,2025-12-30,Illinois Fighting Illini,Tennessee Volunteers,ILL,TENN,30,28,home,2,3.0,61.5,17,5,4,3,5,1,
2025,3,1,401778327,2025-12-31,TCU Horned Frogs,USC Trojans,TCU,USC,30,27,home,3,4.5,56.5,23,6,5,8,4,1,
2025,3,1,401778328,2025-12-31,Vanderbilt Commodores,Iowa Hawkeyes,VAN,IOWA,27,34,away,7,-3.0,47.5,22,7,4,7,4,1,
2025,3,1,401778329,2025-12-31,Duke Blue Devils,Arizona State Sun Devils,DUKE,ASU,42,39,home,3,-4.0,49.5,30,11,1,7,11,1,
2025,3,1,401778330,2025-12-31,Texas Longhorns,Michigan Wolverines,TEX,MICH,41,27,home,14,-4.0,50.5,25,8,5,7,5,1,
2025,3,1,401778331,2025-12-31,Utah Utes,Nebraska Cornhuskers,UTAH,NEB,44,22,home,22,-13.5,51.5,23,9,1,7,6,1,
2025,3,1,401769070,2026-01-01,Ohio State Buckeyes,Miami Hurricanes,OSU,MIA,14,24,away,10,-7.5,39.5,20,4,2,9,5,1,
2025,3,1,401769071,2026-01-01,Texas Tech Red Raiders,Oregon Ducks,TTU,ORE,0,23,away,23,-1.5,50.5,26,2,5,6,13,1,
2025,3,1,401769072,2026-01-01,Indiana Hoosiers,Alabama Crimson Tide,IU,ALA,38,3,home,35,-7.5,46.5,18,5,2,6,5,1,
2025,3,1,401769073,2026-01-02,Georgia Bulldogs,Ole Miss Rebels,UGA,MISS,34,39,away,5,-6.0,53.5,26,7,6,7,6,1,
2025,3,1,401778332,2026-01-02,Texas State Bobcats,Rice Owls,TXST,RICE,41,10,home,31,-19.5,55.5,27,6,3,9,9,1,
2025,3,1,401778333,2026-01-02,Cincinnati Bearcats,Navy Midshipmen,CIN,NAVY,13,35,away,22,7.5,57.5,23,6,0,11,6,1,
2025,3,1,401778334,2026-01-03,Mississippi State Bulldogs,Wake Forest Demon Deacons,MSST,WAKE,29,43,away,14,-3.0,52.5,28,7,4,12,5,1,
2025,3,1,401831583,2026-01-03,SMU Mustangs,Arizona Wildcats,SMU,ARIZ,24,19,home,5,-2.5,55.5,22,6,1,6,9,1,
2025,3,1,401833680,2026-01-06,Montana State Bobcats,Illinois State Redbirds,MTST,ILST,35,34,home,1,-10.5,58.5,21,10,1,8,2,1,
2025,3,1,401769075,2026-01-09,Ole Miss Rebels,Miami Hurricanes,MISS,MIA,27,31,away,4,3.0,52.5,22,6,7,6,3,1,
2025,3,1,401769074,2026-01-10,Indiana Hoosiers,Oregon Ducks,IU,ORE,56,22,home,34,-3.0,50.5,23,10,1,6,6,1,
2025,3,1,401769076,2026-01-20,Indiana Hoosiers,Miami Hurricanes,IU,MIA,27,21,home,6,-7.5,47.5,22,5,3,10,4,1,
