season,pos_a,pos_b,pair_key,player_a,player_b,player_id_a,player_id_b,value_a,value_b,value_gap,hvorp_a,hvorp_b,delta
2021,QB,RB,QB_vs_RB,Dak Prescott,Dalvin Cook,3294,4029,7435,7347,88,288.8,164.1,124.7
2021,QB,RB,QB_vs_RB,Dak Prescott,Alvin Kamara,3294,4035,7435,7321,114,288.8,171.5,117.3
2021,QB,RB,QB_vs_RB,Dak Prescott,Jonathan Taylor,3294,6813,7435,7300,135,288.8,323.6,-34.8
2021,QB,RB,QB_vs_RB,Trevor Lawrence,Alvin Kamara,7523,4035,7137,7321,-184,180.4,171.5,8.9
2021,QB,RB,QB_vs_RB,Trevor Lawrence,Jonathan Taylor,7523,6813,7137,7300,-163,180.4,323.6,-143.2
2021,QB,RB,QB_vs_RB,Trevor Lawrence,Najee Harris,7523,7528,7137,7025,112,180.4,221.2,-40.8
2021,QB,RB,QB_vs_RB,Russell Wilson,Nick Chubb,1234,4988,6545,6441,104,218.8,189.3,29.5
2021,QB,RB,QB_vs_RB,Justin Fields,Nick Chubb,7591,4988,6536,6441,95,126.8,189.3,-62.5
2021,QB,RB,QB_vs_RB,Trey Lance,Nick Chubb,7610,4988,6497,6441,56,64.9,189.3,-124.4
2021,QB,RB,QB_vs_RB,Joe Burrow,Derrick Henry,6770,3198,6214,6290,-76,314.2,175.3,138.9
2021,QB,RB,QB_vs_RB,Joe Burrow,Aaron Jones,6770,4199,6214,6260,-46,314.2,177,137.2
2021,QB,RB,QB_vs_RB,Joe Burrow,D'Andre Swift,6770,6790,6214,6019,195,314.2,136.3,177.9
2021,QB,RB,QB_vs_RB,Zach Wilson,D'Andre Swift,7538,6790,5928,6019,-91,142,136.3,5.7
2021,QB,RB,QB_vs_RB,Zach Wilson,Clyde Edwards-Helaire,7538,6820,5928,5948,-20,142,98.6,43.4
2021,QB,RB,QB_vs_RB,Zach Wilson,Austin Ekeler,7538,4663,5928,5923,5,142,249.9,-107.9
2021,QB,RB,QB_vs_RB,Zach Wilson,Ezekiel Elliott,7538,3164,5928,5770,158,142,196.1,-54.1
2021,QB,RB,QB_vs_RB,Zach Wilson,Javonte Williams,7538,7588,5928,5745,183,142,155.5,-13.5
2021,QB,RB,QB_vs_RB,Aaron Rodgers,Joe Mixon,96,4018,5366,5465,-99,318.1,245.9,72.2
2021,QB,RB,QB_vs_RB,Ryan Tannehill,Joe Mixon,1049,4018,5362,5465,-103,241.1,245.9,-4.8
2021,QB,RB,QB_vs_RB,Matthew Stafford,David Montgomery,421,5892,5214,5028,186,312.2,145.1,167.1
2021,QB,RB,QB_vs_RB,Mac Jones,David Montgomery,7527,5892,5168,5028,140,214.1,145.1,69
2021,QB,RB,QB_vs_RB,Tua Tagovailoa,David Montgomery,6768,5892,5065,5028,37,168.8,145.1,23.7
2021,QB,RB,QB_vs_RB,Baker Mayfield,David Montgomery,4892,5892,4980,5028,-48,180.9,145.1,35.8
2021,QB,RB,QB_vs_RB,Jalen Hurts,Josh Jacobs,6904,5850,4760,4757,3,312.2,151.6,160.6
2021,QB,RB,QB_vs_RB,Jalen Hurts,Trey Sermon,6904,7593,4760,4664,96,312.2,25.3,286.9
2021,QB,RB,QB_vs_RB,Jalen Hurts,James Robinson,6904,6955,4760,4620,140,312.2,142.9,169.3
2021,QB,RB,QB_vs_RB,Jalen Hurts,Miles Sanders,6904,6151,4760,4583,177,312.2,91.2,221
2021,QB,RB,QB_vs_RB,Jameis Winston,AJ Dillon,2306,6828,3589,3689,-100,117.4,144.9,-27.5
2021,QB,RB,QB_vs_RB,Jameis Winston,Myles Gaskin,2306,5980,3589,3590,-1,117.4,123.6,-6.2
2021,QB,RB,QB_vs_RB,Jameis Winston,Chase Edmonds,2306,5000,3589,3404,185,117.4,100.3,17.1
2021,QB,RB,QB_vs_RB,Sam Darnold,AJ Dillon,4943,6828,3497,3689,-192,142.6,144.9,-2.3
2021,QB,RB,QB_vs_RB,Sam Darnold,Myles Gaskin,4943,5980,3497,3590,-93,142.6,123.6,19
2021,QB,RB,QB_vs_RB,Sam Darnold,Chase Edmonds,4943,5000,3497,3404,93,142.6,100.3,42.3
2021,QB,RB,QB_vs_RB,Sam Darnold,Michael Carter,4943,7607,3497,3298,199,142.6,116.5,26.1
2021,QB,RB,QB_vs_RB,Kirk Cousins,Chase Edmonds,1166,5000,3272,3404,-132,278.4,100.3,178.1
2021,QB,RB,QB_vs_RB,Kirk Cousins,Michael Carter,1166,7607,3272,3298,-26,278.4,116.5,161.9
2021,QB,RB,QB_vs_RB,Kirk Cousins,Rhamondre Stevenson,1166,7611,3272,3086,186,278.4,97.3,181.1
2021,QB,RB,QB_vs_RB,Derek Carr,Chase Edmonds,2028,5000,3261,3404,-143,241.6,100.3,141.3
2021,QB,RB,QB_vs_RB,Derek Carr,Michael Carter,2028,7607,3261,3298,-37,241.6,116.5,125.1
2021,QB,RB,QB_vs_RB,Derek Carr,Rhamondre Stevenson,2028,7611,3261,3086,175,241.6,97.3,144.3
2021,QB,RB,QB_vs_RB,Jordan Love,Michael Carter,6804,7607,3127,3298,-171,13.9,116.5,-102.6
2021,QB,RB,QB_vs_RB,Jordan Love,Rhamondre Stevenson,6804,7611,3127,3086,41,13.9,97.3,-83.4
2021,QB,RB,QB_vs_RB,Jordan Love,Raheem Mostert,6804,2749,3127,3007,120,13.9,2,11.9
2021,QB,RB,QB_vs_RB,Daniel Jones,Rhamondre Stevenson,5870,7611,3037,3086,-49,166.5,97.3,69.2
2021,QB,RB,QB_vs_RB,Daniel Jones,Raheem Mostert,5870,2749,3037,3007,30,166.5,2,164.5
2021,QB,RB,QB_vs_RB,Daniel Jones,Tony Pollard,5870,5967,3037,2864,173,166.5,123.6,42.9
2021,QB,RB,QB_vs_RB,Jared Goff,Rhamondre Stevenson,3163,7611,2945,3086,-141,177,97.3,79.7
2021,QB,RB,QB_vs_RB,Jared Goff,Raheem Mostert,3163,2749,2945,3007,-62,177,2,175
2021,QB,RB,QB_vs_RB,Jared Goff,Tony Pollard,3163,5967,2945,2864,81,177,123.6,53.4
2021,QB,RB,QB_vs_RB,Jared Goff,Zack Moss,3163,6845,2945,2833,112,177,80.8,96.2
2021,QB,RB,QB_vs_RB,Jimmy Garoppolo,James Conner,1837,4137,1763,1645,118,214.8,199.4,15.4
2021,QB,RB,QB_vs_RB,Jimmy Garoppolo,Ty Johnson,1837,6039,1763,1593,170,214.8,83.1,131.7
2021,QB,RB,QB_vs_RB,Jimmy Garoppolo,Khalil Herbert,1837,7608,1763,1589,174,214.8,63.8,151
2021,QB,RB,QB_vs_RB,Drew Lock,Elijah Mitchell,5854,7561,1323,1486,-163,28.9,137.5,-108.6
2021,QB,RB,QB_vs_RB,Drew Lock,Rashaad Penny,5854,4985,1323,1426,-103,28.9,90.7,-61.8
2021,QB,RB,QB_vs_RB,Drew Lock,Salvon Ahmed,5854,6918,1323,1411,-88,28.9,26.6,2.3
2021,QB,RB,QB_vs_RB,Drew Lock,Chris Evans,5854,7794,1323,1371,-48,28.9,22.9,6
2021,QB,RB,QB_vs_RB,Davis Mills,Elijah Mitchell,7585,7561,1292,1486,-194,129.7,137.5,-7.8
2021,QB,RB,QB_vs_RB,Davis Mills,Rashaad Penny,7585,4985,1292,1426,-134,129.7,90.7,39
2021,QB,RB,QB_vs_RB,Davis Mills,Salvon Ahmed,7585,6918,1292,1411,-119,129.7,26.6,103.1
2021,QB,RB,QB_vs_RB,Davis Mills,Chris Evans,7585,7794,1292,1371,-79,129.7,22.9,106.8
2021,QB,RB,QB_vs_RB,Davis Mills,Boston Scott,7585,5122,1292,1106,186,129.7,85.6,44.1
2021,QB,RB,QB_vs_RB,Tyrod Taylor,Rashaad Penny,827,4985,1280,1426,-146,81.7,90.7,-9
2021,QB,RB,QB_vs_RB,Tyrod Taylor,Salvon Ahmed,827,6918,1280,1411,-131,81.7,26.6,55.1
2021,QB,RB,QB_vs_RB,Tyrod Taylor,Chris Evans,827,7794,1280,1371,-91,81.7,22.9,58.8
2021,QB,RB,QB_vs_RB,Tyrod Taylor,Boston Scott,827,5122,1280,1106,174,81.7,85.6,-3.9
2021,QB,RB,QB_vs_RB,Gardner Minshew,Boston Scott,6011,5122,1077,1106,-29,19.2,85.6,-66.4
2021,QB,RB,QB_vs_RB,Taylor Heinicke,Boston Scott,2711,5122,1035,1106,-71,216.8,85.6,131.2
2021,QB,RB,QB_vs_RB,Taylor Heinicke,Ke'Shawn Vaughn,2711,6885,1035,867,168,216.8,22.5,194.3
2021,QB,RB,QB_vs_RB,Marcus Mariota,Boston Scott,2307,5122,933,1106,-173,12.4,85.6,-73.2
2021,QB,RB,QB_vs_RB,Marcus Mariota,Ke'Shawn Vaughn,2307,6885,933,867,66,12.4,22.5,-10.1
2021,QB,RB,QB_vs_RB,Marcus Mariota,DeeJay Dallas,2307,6931,933,809,124,12.4,39,-26.6
2021,QB,RB,QB_vs_RB,Marcus Mariota,Jeffery Wilson,2307,5284,933,800,133,12.4,44.5,-32.1
2021,QB,RB,QB_vs_RB,Mitchell Trubisky,Samaje Perine,3976,4147,354,504,-150,7.8,56.2,-48.4
2021,QB,RB,QB_vs_RB,Mitchell Trubisky,Kene Nwangwu,3976,7720,354,369,-15,7.8,18.6,-10.8
2021,QB,RB,QB_vs_RB,Mitchell Trubisky,Trayveon Williams,3976,6144,354,223,131,7.8,1.3,6.5
2021,QB,RB,QB_vs_RB,Mitchell Trubisky,Cordarrelle Patterson,3976,1535,354,175,179,7.8,181.4,-173.6
2021,QB,RB,QB_vs_RB,Geno Smith,Cordarrelle Patterson,1373,1535,0,175,-175,54.3,181.4,-127.1
2021,QB,RB,QB_vs_RB,Geno Smith,Craig Reynolds,1373,6659,0,0,0,54.3,28,26.3
2021,QB,RB,QB_vs_RB,Geno Smith,D'Ernest Johnson,1373,6694,0,0,0,54.3,65.8,-11.5
2021,QB,RB,QB_vs_RB,Geno Smith,D'Onta Foreman,1373,4111,0,0,0,54.3,76.5,-22.2
2021,QB,RB,QB_vs_RB,Geno Smith,Deon Jackson,1373,7551,0,0,0,54.3,9.1,45.2
2021,QB,RB,QB_vs_RB,Geno Smith,Gary Brightwell,1373,7529,0,0,0,54.3,1,53.3
2021,QB,RB,QB_vs_RB,Jacoby Brissett,Cordarrelle Patterson,3257,1535,0,175,-175,72.3,181.4,-109.1
2021,QB,RB,QB_vs_RB,Jacoby Brissett,Craig Reynolds,3257,6659,0,0,0,72.3,28,44.3
2021,QB,RB,QB_vs_RB,Jacoby Brissett,D'Ernest Johnson,3257,6694,0,0,0,72.3,65.8,6.5
2021,QB,RB,QB_vs_RB,Jacoby Brissett,D'Onta Foreman,3257,4111,0,0,0,72.3,76.5,-4.2
2021,QB,RB,QB_vs_RB,Jacoby Brissett,Deon Jackson,3257,7551,0,0,0,72.3,9.1,63.2
2021,QB,RB,QB_vs_RB,Jacoby Brissett,Gary Brightwell,3257,7529,0,0,0,72.3,1,71.3
2021,QB,RB,QB_vs_RB,Joe Flacco,Cordarrelle Patterson,19,1535,0,175,-175,23.8,181.4,-157.6
2021,QB,RB,QB_vs_RB,Joe Flacco,Craig Reynolds,19,6659,0,0,0,23.8,28,-4.2
2021,QB,RB,QB_vs_RB,Joe Flacco,D'Ernest Johnson,19,6694,0,0,0,23.8,65.8,-42
2021,QB,RB,QB_vs_RB,Joe Flacco,D'Onta Foreman,19,4111,0,0,0,23.8,76.5,-52.7
2021,QB,RB,QB_vs_RB,Joe Flacco,Deon Jackson,19,7551,0,0,0,23.8,9.1,14.7
2021,QB,RB,QB_vs_RB,Joe Flacco,Gary Brightwell,19,7529,0,0,0,23.8,1,22.8
2021,QB,RB,QB_vs_RB,Mason Rudolph,Cordarrelle Patterson,4972,1535,0,175,-175,18.4,181.4,-163
2021,QB,RB,QB_vs_RB,Mason Rudolph,Craig Reynolds,4972,6659,0,0,0,18.4,28,-9.6
2021,QB,RB,QB_vs_RB,Mason Rudolph,D'Ernest Johnson,4972,6694,0,0,0,18.4,65.8,-47.4
2021,QB,RB,QB_vs_RB,Mason Rudolph,D'Onta Foreman,4972,4111,0,0,0,18.4,76.5,-58.1
2021,QB,RB,QB_vs_RB,Mason Rudolph,Deon Jackson,4972,7551,0,0,0,18.4,9.1,9.3
2021,QB,RB,QB_vs_RB,Mason Rudolph,Gary Brightwell,4972,7529,0,0,0,18.4,1,17.4
2021,QB,RB,QB_vs_RB,Mike White,Cordarrelle Patterson,5089,1535,0,175,-175,44,181.4,-137.4
2021,QB,RB,QB_vs_RB,Mike White,Craig Reynolds,5089,6659,0,0,0,44,28,16
2021,QB,RB,QB_vs_RB,Mike White,D'Ernest Johnson,5089,6694,0,0,0,44,65.8,-21.8
2021,QB,RB,QB_vs_RB,Mike White,D'Onta Foreman,5089,4111,0,0,0,44,76.5,-32.5
2021,QB,RB,QB_vs_RB,Mike White,Deon Jackson,5089,7551,0,0,0,44,9.1,34.9
2021,QB,RB,QB_vs_RB,Mike White,Gary Brightwell,5089,7529,0,0,0,44,1,43
2021,QB,RB,QB_vs_RB,Nick Mullens,Cordarrelle Patterson,4464,1535,0,175,-175,9.9,181.4,-171.5
2021,QB,RB,QB_vs_RB,Nick Mullens,Craig Reynolds,4464,6659,0,0,0,9.9,28,-18.1
2021,QB,RB,QB_vs_RB,Nick Mullens,D'Ernest Johnson,4464,6694,0,0,0,9.9,65.8,-55.9
2021,QB,RB,QB_vs_RB,Nick Mullens,D'Onta Foreman,4464,4111,0,0,0,9.9,76.5,-66.6
2021,QB,RB,QB_vs_RB,Nick Mullens,Deon Jackson,4464,7551,0,0,0,9.9,9.1,0.8
2021,QB,RB,QB_vs_RB,Nick Mullens,Gary Brightwell,4464,7529,0,0,0,9.9,1,8.9
2021,QB,RB,QB_vs_RB,Tyler Huntley,Cordarrelle Patterson,7083,1535,0,175,-175,75.8,181.4,-105.6
2021,QB,RB,QB_vs_RB,Tyler Huntley,Craig Reynolds,7083,6659,0,0,0,75.8,28,47.8
2021,QB,RB,QB_vs_RB,Tyler Huntley,D'Ernest Johnson,7083,6694,0,0,0,75.8,65.8,10
2021,QB,RB,QB_vs_RB,Tyler Huntley,D'Onta Foreman,7083,4111,0,0,0,75.8,76.5,-0.7
2021,QB,RB,QB_vs_RB,Tyler Huntley,Deon Jackson,7083,7551,0,0,0,75.8,9.1,66.7
2021,QB,RB,QB_vs_RB,Tyler Huntley,Gary Brightwell,7083,7529,0,0,0,75.8,1,74.8
2021,QB,WR,QB_vs_WR,Lamar Jackson,Justin Jefferson,4881,6794,7994,7886,108,240,205.3,34.7
2021,QB,WR,QB_vs_WR,Justin Herbert,Justin Jefferson,6797,6794,7966,7886,80,353.3,205.3,148
2021,QB,WR,QB_vs_WR,Dak Prescott,Tyreek Hill,3294,3321,7435,7330,105,288.8,185.3,103.5
2021,QB,WR,QB_vs_WR,Dak Prescott,DK Metcalf,3294,5846,7435,7239,196,288.8,163.5,125.3
2021,QB,WR,QB_vs_WR,Trevor Lawrence,Tyreek Hill,7523,3321,7137,7330,-193,180.4,185.3,-4.9
2021,QB,WR,QB_vs_WR,Trevor Lawrence,DK Metcalf,7523,5846,7137,7239,-102,180.4,163.5,16.9
2021,QB,WR,QB_vs_WR,Trevor Lawrence,A.J. Brown,7523,5859,7137,6946,191,180.4,105.1,75.3
2021,QB,WR,QB_vs_WR,Trevor Lawrence,Calvin Ridley,7523,4981,7137,6943,194,180.4,40.1,140.3
2021,QB,WR,QB_vs_WR,Russell Wilson,Stefon Diggs,1234,2449,6545,6733,-188,218.8,168.4,50.4
2021,QB,WR,QB_vs_WR,Justin Fields,Stefon Diggs,7591,2449,6536,6733,-197,126.8,168.4,-41.6
2021,QB,WR,QB_vs_WR,Joe Burrow,Terry McLaurin,6770,5927,6214,6217,-3,314.2,127.2,187
2021,QB,WR,QB_vs_WR,Zach Wilson,DeAndre Hopkins,7538,1426,5928,5898,30,142,105.2,36.8
2021,QB,WR,QB_vs_WR,Aaron Rodgers,D.J. Moore,96,4983,5366,5548,-182,318.1,134.5,183.6
2021,QB,WR,QB_vs_WR,Aaron Rodgers,Ja'Marr Chase,96,7564,5366,5523,-157,318.1,221,97.1
2021,QB,WR,QB_vs_WR,Aaron Rodgers,Jerry Jeudy,96,6783,5366,5513,-147,318.1,44,274.1
2021,QB,WR,QB_vs_WR,Aaron Rodgers,Chris Godwin,96,4037,5366,5499,-133,318.1,144.4,173.7
2021,QB,WR,QB_vs_WR,Aaron Rodgers,Brandon Aiyuk,96,6803,5366,5456,-90,318.1,103.6,214.5
2021,QB,WR,QB_vs_WR,Aaron Rodgers,Tee Higgins,96,6801,5366,5450,-84,318.1,145.1,173
2021,QB,WR,QB_vs_WR,Aaron Rodgers,Keenan Allen,96,1479,5366,5229,137,318.1,146.6,171.5
2021,QB,WR,QB_vs_WR,Aaron Rodgers,Amari Cooper,96,2309,5366,5187,179,318.1,126.6,191.5
2021,QB,WR,QB_vs_WR,Ryan Tannehill,D.J. Moore,1049,4983,5362,5548,-186,241.1,134.5,106.6
2021,QB,WR,QB_vs_WR,Ryan Tannehill,Ja'Marr Chase,1049,7564,5362,5523,-161,241.1,221,20.1
2021,QB,WR,QB_vs_WR,Ryan Tannehill,Jerry Jeudy,1049,6783,5362,5513,-151,241.1,44,197.1
2021,QB,WR,QB_vs_WR,Ryan Tannehill,Chris Godwin,1049,4037,5362,5499,-137,241.1,144.4,96.7
2021,QB,WR,QB_vs_WR,Ryan Tannehill,Brandon Aiyuk,1049,6803,5362,5456,-94,241.1,103.6,137.5
2021,QB,WR,QB_vs_WR,Ryan Tannehill,Tee Higgins,1049,6801,5362,5450,-88,241.1,145.1,96
2021,QB,WR,QB_vs_WR,Ryan Tannehill,Keenan Allen,1049,1479,5362,5229,133,241.1,146.6,94.5
2021,QB,WR,QB_vs_WR,Ryan Tannehill,Amari Cooper,1049,2309,5362,5187,175,241.1,126.6,114.5
2021,QB,WR,QB_vs_WR,Matthew Stafford,Keenan Allen,421,1479,5214,5229,-15,312.2,146.6,165.6
2021,QB,WR,QB_vs_WR,Matthew Stafford,Amari Cooper,421,2309,5214,5187,27,312.2,126.6,185.6
2021,QB,WR,QB_vs_WR,Matthew Stafford,Chase Claypool,421,6886,5214,5033,181,312.2,94.6,217.6
2021,QB,WR,QB_vs_WR,Mac Jones,Keenan Allen,7527,1479,5168,5229,-61,214.1,146.6,67.5
2021,QB,WR,QB_vs_WR,Mac Jones,Amari Cooper,7527,2309,5168,5187,-19,214.1,126.6,87.5
2021,QB,WR,QB_vs_WR,Mac Jones,Chase Claypool,7527,6886,5168,5033,135,214.1,94.6,119.5
2021,QB,WR,QB_vs_WR,Tua Tagovailoa,Keenan Allen,6768,1479,5065,5229,-164,168.8,146.6,22.2
2021,QB,WR,QB_vs_WR,Tua Tagovailoa,Amari Cooper,6768,2309,5065,5187,-122,168.8,126.6,42.2
2021,QB,WR,QB_vs_WR,Tua Tagovailoa,Chase Claypool,6768,6886,5065,5033,32,168.8,94.6,74.2
2021,QB,WR,QB_vs_WR,Tua Tagovailoa,Mike Evans,6768,2216,5065,4933,132,168.8,167.6,1.2
2021,QB,WR,QB_vs_WR,Tua Tagovailoa,DeVonta Smith,6768,7525,5065,4902,163,168.8,117.5,51.3
2021,QB,WR,QB_vs_WR,Tua Tagovailoa,Jaylen Waddle,6768,7526,5065,4878,187,168.8,133.1,35.7
2021,QB,WR,QB_vs_WR,Baker Mayfield,Chase Claypool,4892,6886,4980,5033,-53,180.9,94.6,86.3
2021,QB,WR,QB_vs_WR,Baker Mayfield,Mike Evans,4892,2216,4980,4933,47,180.9,167.6,13.3
2021,QB,WR,QB_vs_WR,Baker Mayfield,DeVonta Smith,4892,7525,4980,4902,78,180.9,117.5,63.4
2021,QB,WR,QB_vs_WR,Baker Mayfield,Jaylen Waddle,4892,7526,4980,4878,102,180.9,133.1,47.8
2021,QB,WR,QB_vs_WR,Jalen Hurts,Mike Evans,6904,2216,4760,4933,-173,312.2,167.6,144.6
2021,QB,WR,QB_vs_WR,Jalen Hurts,DeVonta Smith,6904,7525,4760,4902,-142,312.2,117.5,194.7
2021,QB,WR,QB_vs_WR,Jalen Hurts,Jaylen Waddle,6904,7526,4760,4878,-118,312.2,133.1,179.1
2021,QB,WR,QB_vs_WR,Jalen Hurts,Cooper Kupp,6904,4039,4760,4695,65,312.2,274.9,37.3
2021,QB,WR,QB_vs_WR,Jalen Hurts,Diontae Johnson,6904,5937,4760,4681,79,312.2,162.3,149.9
2021,QB,WR,QB_vs_WR,Jameis Winston,JuJu Smith-Schuster,2306,4040,3589,3762,-173,117.4,19.8,97.6
2021,QB,WR,QB_vs_WR,Jameis Winston,Darnell Mooney,2306,7090,3589,3639,-50,117.4,126.1,-8.7
2021,QB,WR,QB_vs_WR,Jameis Winston,Tyler Boyd,2306,3225,3589,3637,-48,117.4,116.8,0.6
2021,QB,WR,QB_vs_WR,Jameis Winston,Michael Pittman,2306,6819,3589,3602,-13,117.4,136.2,-18.8
2021,QB,WR,QB_vs_WR,Jameis Winston,D.J. Chark,2306,4951,3589,3435,154,117.4,27.4,90
2021,QB,WR,QB_vs_WR,Jameis Winston,Michael Gallup,2306,5038,3589,3433,156,117.4,56.5,60.9
2021,QB,WR,QB_vs_WR,Sam Darnold,Darnell Mooney,4943,7090,3497,3639,-142,142.6,126.1,16.5
2021,QB,WR,QB_vs_WR,Sam Darnold,Tyler Boyd,4943,3225,3497,3637,-140,142.6,116.8,25.8
2021,QB,WR,QB_vs_WR,Sam Darnold,Michael Pittman,4943,6819,3497,3602,-105,142.6,136.2,6.4
2021,QB,WR,QB_vs_WR,Sam Darnold,D.J. Chark,4943,4951,3497,3435,62,142.6,27.4,115.2
2021,QB,WR,QB_vs_WR,Sam Darnold,Michael Gallup,4943,5038,3497,3433,64,142.6,56.5,86.1
2021,QB,WR,QB_vs_WR,Sam Darnold,Marquez Callaway,4943,6989,3497,3364,133,142.6,105.8,36.8
2021,QB,WR,QB_vs_WR,Sam Darnold,Curtis Samuel,4943,4082,3497,3336,161,142.6,3.8,138.8
2021,QB,WR,QB_vs_WR,Sam Darnold,Jakobi Meyers,4943,5947,3497,3318,179,142.6,98.3,44.3
2021,QB,WR,QB_vs_WR,Kirk Cousins,D.J. Chark,1166,4951,3272,3435,-163,278.4,27.4,251
2021,QB,WR,QB_vs_WR,Kirk Cousins,Michael Gallup,1166,5038,3272,3433,-161,278.4,56.5,221.9
2021,QB,WR,QB_vs_WR,Kirk Cousins,Marquez Callaway,1166,6989,3272,3364,-92,278.4,105.8,172.6
2021,QB,WR,QB_vs_WR,Kirk Cousins,Curtis Samuel,1166,4082,3272,3336,-64,278.4,3.8,274.6
2021,QB,WR,QB_vs_WR,Kirk Cousins,Jakobi Meyers,1166,5947,3272,3318,-46,278.4,98.3,180.1
2021,QB,WR,QB_vs_WR,Kirk Cousins,Odell Beckham,1166,2078,3272,3278,-6,278.4,83.3,195.1
2021,QB,WR,QB_vs_WR,Kirk Cousins,Adam Thielen,1166,1689,3272,3251,21,278.4,132.8,145.6
2021,QB,WR,QB_vs_WR,Kirk Cousins,Brandin Cooks,1166,2197,3272,3228,44,278.4,139.2,139.2
2021,QB,WR,QB_vs_WR,Kirk Cousins,Mike Williams,1166,4068,3272,3099,173,278.4,152.7,125.7
2021,QB,WR,QB_vs_WR,Derek Carr,D.J. Chark,2028,4951,3261,3435,-174,241.6,27.4,214.2
2021,QB,WR,QB_vs_WR,Derek Carr,Michael Gallup,2028,5038,3261,3433,-172,241.6,56.5,185.1
2021,QB,WR,QB_vs_WR,Derek Carr,Marquez Callaway,2028,6989,3261,3364,-103,241.6,105.8,135.8
2021,QB,WR,QB_vs_WR,Derek Carr,Curtis Samuel,2028,4082,3261,3336,-75,241.6,3.8,237.8
2021,QB,WR,QB_vs_WR,Derek Carr,Jakobi Meyers,2028,5947,3261,3318,-57,241.6,98.3,143.3
2021,QB,WR,QB_vs_WR,Derek Carr,Odell Beckham,2028,2078,3261,3278,-17,241.6,83.3,158.3
2021,QB,WR,QB_vs_WR,Derek Carr,Adam Thielen,2028,1689,3261,3251,10,241.6,132.8,108.8
2021,QB,WR,QB_vs_WR,Derek Carr,Brandin Cooks,2028,2197,3261,3228,33,241.6,139.2,102.4
2021,QB,WR,QB_vs_WR,Derek Carr,Mike Williams,2028,4068,3261,3099,162,241.6,152.7,88.9
2021,QB,WR,QB_vs_WR,Jordan Love,Jakobi Meyers,6804,5947,3127,3318,-191,13.9,98.3,-84.4
2021,QB,WR,QB_vs_WR,Jordan Love,Odell Beckham,6804,2078,3127,3278,-151,13.9,83.3,-69.4
2021,QB,WR,QB_vs_WR,Jordan Love,Adam Thielen,6804,1689,3127,3251,-124,13.9,132.8,-118.9
2021,QB,WR,QB_vs_WR,Jordan Love,Brandin Cooks,6804,2197,3127,3228,-101,13.9,139.2,-125.3
2021,QB,WR,QB_vs_WR,Jordan Love,Mike Williams,6804,4068,3127,3099,28,13.9,152.7,-138.8
2021,QB,WR,QB_vs_WR,Jordan Love,Marquise Brown,6804,5848,3127,3006,121,13.9,132.6,-118.7
2021,QB,WR,QB_vs_WR,Daniel Jones,Brandin Cooks,5870,2197,3037,3228,-191,166.5,139.2,27.3
2021,QB,WR,QB_vs_WR,Daniel Jones,Mike Williams,5870,4068,3037,3099,-62,166.5,152.7,13.8
2021,QB,WR,QB_vs_WR,Daniel Jones,Marquise Brown,5870,5848,3037,3006,31,166.5,132.6,33.9
2021,QB,WR,QB_vs_WR,Daniel Jones,Gabriel Davis,5870,6943,3037,2855,182,166.5,87,79.5
2021,QB,WR,QB_vs_WR,Daniel Jones,Amon-Ra St. Brown,5870,7547,3037,2848,189,166.5,119.2,47.3
2021,QB,WR,QB_vs_WR,Jared Goff,Mike Williams,3163,4068,2945,3099,-154,177,152.7,24.3
2021,QB,WR,QB_vs_WR,Jared Goff,Marquise Brown,3163,5848,2945,3006,-61,177,132.6,44.4
2021,QB,WR,QB_vs_WR,Jared Goff,Gabriel Davis,3163,6943,2945,2855,90,177,87,90
2021,QB,WR,QB_vs_WR,Jared Goff,Amon-Ra St. Brown,3163,7547,2945,2848,97,177,119.2,57.8
2021,QB,WR,QB_vs_WR,Jared Goff,Dyami Brown,3163,7587,2945,2831,114,177,16.1,160.9
2021,QB,WR,QB_vs_WR,Jimmy Garoppolo,KJ Hamler,1837,6805,1763,1945,-182,214.8,7.4,207.4
2021,QB,WR,QB_vs_WR,Jimmy Garoppolo,Donovan Peoples-Jones,1837,6824,1763,1771,-8,214.8,71.9,142.9
2021,QB,WR,QB_vs_WR,Jimmy Garoppolo,Denzel Mims,1837,6849,1763,1680,83,214.8,13.3,201.5
2021,QB,WR,QB_vs_WR,Jimmy Garoppolo,Christian Kirk,1837,4950,1763,1585,178,214.8,126.3,88.5
2021,QB,WR,QB_vs_WR,Jimmy Garoppolo,Quez Watkins,1837,6927,1763,1571,192,214.8,58.6,156.2
2021,QB,WR,QB_vs_WR,Drew Lock,Van Jefferson,5854,6853,1323,1518,-195,28.9,115.1,-86.2
2021,QB,WR,QB_vs_WR,Drew Lock,Nelson Agholor,5854,2325,1323,1508,-185,28.9,64.1,-35.2
2021,QB,WR,QB_vs_WR,Drew Lock,Tre'Quan Smith,5854,5026,1323,1471,-148,28.9,42.1,-13.2
2021,QB,WR,QB_vs_WR,Drew Lock,Tyler Johnson,5854,6960,1323,1363,-40,28.9,33.8,-4.9
2021,QB,WR,QB_vs_WR,Drew Lock,Tylan Wallace,5854,7595,1323,1360,-37,28.9,2.3,26.6
2021,QB,WR,QB_vs_WR,Drew Lock,Hunter Renfrow,5854,5955,1323,1339,-16,28.9,143.2,-114.3
2021,QB,WR,QB_vs_WR,Drew Lock,Marquez Valdes-Scantling,5854,5086,1323,1165,158,28.9,61,-32.1
2021,QB,WR,QB_vs_WR,Davis Mills,Tre'Quan Smith,7585,5026,1292,1471,-179,129.7,42.1,87.6
2021,QB,WR,QB_vs_WR,Davis Mills,Tyler Johnson,7585,6960,1292,1363,-71,129.7,33.8,95.9
2021,QB,WR,QB_vs_WR,Davis Mills,Tylan Wallace,7585,7595,1292,1360,-68,129.7,2.3,127.4
2021,QB,WR,QB_vs_WR,Davis Mills,Hunter Renfrow,7585,5955,1292,1339,-47,129.7,143.2,-13.5
2021,QB,WR,QB_vs_WR,Davis Mills,Marquez Valdes-Scantling,7585,5086,1292,1165,127,129.7,61,68.7
2021,QB,WR,QB_vs_WR,Davis Mills,Allen Lazard,7585,5185,1292,1113,179,129.7,83,46.7
2021,QB,WR,QB_vs_WR,Tyrod Taylor,Tre'Quan Smith,827,5026,1280,1471,-191,81.7,42.1,39.6
2021,QB,WR,QB_vs_WR,Tyrod Taylor,Tyler Johnson,827,6960,1280,1363,-83,81.7,33.8,47.9
2021,QB,WR,QB_vs_WR,Tyrod Taylor,Tylan Wallace,827,7595,1280,1360,-80,81.7,2.3,79.4
2021,QB,WR,QB_vs_WR,Tyrod Taylor,Hunter Renfrow,827,5955,1280,1339,-59,81.7,143.2,-61.5
2021,QB,WR,QB_vs_WR,Tyrod Taylor,Marquez Valdes-Scantling,827,5086,1280,1165,115,81.7,61,20.7
2021,QB,WR,QB_vs_WR,Tyrod Taylor,Allen Lazard,827,5185,1280,1113,167,81.7,83,-1.3
2021,QB,WR,QB_vs_WR,Gardner Minshew,Marquez Valdes-Scantling,6011,5086,1077,1165,-88,19.2,61,-41.8
2021,QB,WR,QB_vs_WR,Gardner Minshew,Allen Lazard,6011,5185,1077,1113,-36,19.2,83,-63.8
2021,QB,WR,QB_vs_WR,Gardner Minshew,Jalen Guyton,6011,6421,1077,1043,34,19.2,61,-41.8
2021,QB,WR,QB_vs_WR,Gardner Minshew,Deonte Harty,6011,6234,1077,1031,46,19.2,73.8,-54.6
2021,QB,WR,QB_vs_WR,Gardner Minshew,Josh Reynolds,6011,4171,1077,1021,56,19.2,50.5,-31.3
2021,QB,WR,QB_vs_WR,Gardner Minshew,Anthony Schwartz,6011,7533,1077,1000,77,19.2,21.8,-2.6
2021,QB,WR,QB_vs_WR,Taylor Heinicke,Marquez Valdes-Scantling,2711,5086,1035,1165,-130,216.8,61,155.8
2021,QB,WR,QB_vs_WR,Taylor Heinicke,Allen Lazard,2711,5185,1035,1113,-78,216.8,83,133.8
2021,QB,WR,QB_vs_WR,Taylor Heinicke,Jalen Guyton,2711,6421,1035,1043,-8,216.8,61,155.8
2021,QB,WR,QB_vs_WR,Taylor Heinicke,Deonte Harty,2711,6234,1035,1031,4,216.8,73.8,143
2021,QB,WR,QB_vs_WR,Taylor Heinicke,Josh Reynolds,2711,4171,1035,1021,14,216.8,50.5,166.3
2021,QB,WR,QB_vs_WR,Taylor Heinicke,Anthony Schwartz,2711,7533,1035,1000,35,216.8,21.8,195
2021,QB,WR,QB_vs_WR,Taylor Heinicke,Demarcus Robinson,2711,3286,1035,860,175,216.8,42.5,174.3
2021,QB,WR,QB_vs_WR,Taylor Heinicke,Ihmir Smith-Marsette,2711,7559,1035,854,181,216.8,7.3,209.5
2021,QB,WR,QB_vs_WR,Taylor Heinicke,Jaelon Darden,2711,7713,1035,848,187,216.8,5.4,211.4
2021,QB,WR,QB_vs_WR,Marcus Mariota,Allen Lazard,2307,5185,933,1113,-180,12.4,83,-70.6
2021,QB,WR,QB_vs_WR,Marcus Mariota,Jalen Guyton,2307,6421,933,1043,-110,12.4,61,-48.6
2021,QB,WR,QB_vs_WR,Marcus Mariota,Deonte Harty,2307,6234,933,1031,-98,12.4,73.8,-61.4
2021,QB,WR,QB_vs_WR,Marcus Mariota,Josh Reynolds,2307,4171,933,1021,-88,12.4,50.5,-38.1
2021,QB,WR,QB_vs_WR,Marcus Mariota,Anthony Schwartz,2307,7533,933,1000,-67,12.4,21.8,-9.4
2021,QB,WR,QB_vs_WR,Marcus Mariota,Demarcus Robinson,2307,3286,933,860,73,12.4,42.5,-30.1
2021,QB,WR,QB_vs_WR,Marcus Mariota,Ihmir Smith-Marsette,2307,7559,933,854,79,12.4,7.3,5.1
2021,QB,WR,QB_vs_WR,Marcus Mariota,Jaelon Darden,2307,7713,933,848,85,12.4,5.4,7
2021,QB,WR,QB_vs_WR,Marcus Mariota,Tim Patrick,2307,4351,933,814,119,12.4,93.9,-81.5
2021,QB,WR,QB_vs_WR,Marcus Mariota,Devin Duvernay,2307,6847,933,772,161,12.4,50,-37.6
2021,QB,WR,QB_vs_WR,Marcus Mariota,Olamide Zaccheaus,2307,6271,933,744,189,12.4,54.1,-41.7
2021,QB,WR,QB_vs_WR,Marcus Mariota,Scotty Miller,2307,6290,933,733,200,12.4,2.9,9.5
2021,QB,WR,QB_vs_WR,Mitchell Trubisky,Equanimeous St. Brown,3976,5323,354,180,174,7.8,9,-1.2
2021,QB,WR,QB_vs_WR,Geno Smith,Equanimeous St. Brown,1373,5323,0,180,-180,54.3,9,45.3
2021,QB,WR,QB_vs_WR,Geno Smith,Ben Skowronek,1373,7757,0,0,0,54.3,13.3,41
2021,QB,WR,QB_vs_WR,Geno Smith,Brandon Powell,1373,5695,0,0,0,54.3,6,48.3
2021,QB,WR,QB_vs_WR,Geno Smith,Braxton Berrios,1373,5121,0,0,0,54.3,75.1,-20.8
2021,QB,WR,QB_vs_WR,Geno Smith,Cedrick Wilson,1373,5113,0,0,0,54.3,78.9,-24.6
2021,QB,WR,QB_vs_WR,Geno Smith,Greg Dortch,1373,5970,0,0,0,54.3,3.4,50.9
2021,QB,WR,QB_vs_WR,Geno Smith,Isaiah McKenzie,1373,4197,0,0,0,54.3,30.6,23.7
2021,QB,WR,QB_vs_WR,Geno Smith,Jamal Agnew,1373,4198,0,0,0,54.3,58,-3.7
2021,QB,WR,QB_vs_WR,Geno Smith,Jauan Jennings,1373,7049,0,0,0,54.3,36.8,17.5
2021,QB,WR,QB_vs_WR,Geno Smith,K.J. Osborn,1373,7066,0,0,0,54.3,100.4,-46.1
2021,QB,WR,QB_vs_WR,Geno Smith,Kalif Raymond,1373,3634,0,0,0,54.3,67,-12.7
2021,QB,WR,QB_vs_WR,Geno Smith,Lil'Jordan Humphrey,1373,5938,0,0,0,54.3,34.3,20
2021,QB,WR,QB_vs_WR,Geno Smith,Nick Westbrook-Ikhine,1373,7496,0,0,0,54.3,55.8,-1.5
2021,QB,WR,QB_vs_WR,Geno Smith,Noah Brown,1373,4234,0,0,0,54.3,18.4,35.9
2021,QB,WR,QB_vs_WR,Geno Smith,Trenton Irwin,1373,6598,0,0,0,54.3,2.5,51.8
2021,QB,WR,QB_vs_WR,Geno Smith,Zay Jones,1373,4080,0,0,0,54.3,56.2,-1.9
2021,QB,WR,QB_vs_WR,Jacoby Brissett,Equanimeous St. Brown,3257,5323,0,180,-180,72.3,9,63.3
2021,QB,WR,QB_vs_WR,Jacoby Brissett,Ben Skowronek,3257,7757,0,0,0,72.3,13.3,59
2021,QB,WR,QB_vs_WR,Jacoby Brissett,Brandon Powell,3257,5695,0,0,0,72.3,6,66.3
2021,QB,WR,QB_vs_WR,Jacoby Brissett,Braxton Berrios,3257,5121,0,0,0,72.3,75.1,-2.8
2021,QB,WR,QB_vs_WR,Jacoby Brissett,Cedrick Wilson,3257,5113,0,0,0,72.3,78.9,-6.6
2021,QB,WR,QB_vs_WR,Jacoby Brissett,Greg Dortch,3257,5970,0,0,0,72.3,3.4,68.9
2021,QB,WR,QB_vs_WR,Jacoby Brissett,Isaiah McKenzie,3257,4197,0,0,0,72.3,30.6,41.7
2021,QB,WR,QB_vs_WR,Jacoby Brissett,Jamal Agnew,3257,4198,0,0,0,72.3,58,14.3
2021,QB,WR,QB_vs_WR,Jacoby Brissett,Jauan Jennings,3257,7049,0,0,0,72.3,36.8,35.5
2021,QB,WR,QB_vs_WR,Jacoby Brissett,K.J. Osborn,3257,7066,0,0,0,72.3,100.4,-28.1
2021,QB,WR,QB_vs_WR,Jacoby Brissett,Kalif Raymond,3257,3634,0,0,0,72.3,67,5.3
2021,QB,WR,QB_vs_WR,Jacoby Brissett,Lil'Jordan Humphrey,3257,5938,0,0,0,72.3,34.3,38
2021,QB,WR,QB_vs_WR,Jacoby Brissett,Nick Westbrook-Ikhine,3257,7496,0,0,0,72.3,55.8,16.5
2021,QB,WR,QB_vs_WR,Jacoby Brissett,Noah Brown,3257,4234,0,0,0,72.3,18.4,53.9
2021,QB,WR,QB_vs_WR,Jacoby Brissett,Trenton Irwin,3257,6598,0,0,0,72.3,2.5,69.8
2021,QB,WR,QB_vs_WR,Jacoby Brissett,Zay Jones,3257,4080,0,0,0,72.3,56.2,16.1
2021,QB,WR,QB_vs_WR,Joe Flacco,Equanimeous St. Brown,19,5323,0,180,-180,23.8,9,14.8
2021,QB,WR,QB_vs_WR,Joe Flacco,Ben Skowronek,19,7757,0,0,0,23.8,13.3,10.5
2021,QB,WR,QB_vs_WR,Joe Flacco,Brandon Powell,19,5695,0,0,0,23.8,6,17.8
2021,QB,WR,QB_vs_WR,Joe Flacco,Braxton Berrios,19,5121,0,0,0,23.8,75.1,-51.3
2021,QB,WR,QB_vs_WR,Joe Flacco,Cedrick Wilson,19,5113,0,0,0,23.8,78.9,-55.1
2021,QB,WR,QB_vs_WR,Joe Flacco,Greg Dortch,19,5970,0,0,0,23.8,3.4,20.4
2021,QB,WR,QB_vs_WR,Joe Flacco,Isaiah McKenzie,19,4197,0,0,0,23.8,30.6,-6.8
2021,QB,WR,QB_vs_WR,Joe Flacco,Jamal Agnew,19,4198,0,0,0,23.8,58,-34.2
2021,QB,WR,QB_vs_WR,Joe Flacco,Jauan Jennings,19,7049,0,0,0,23.8,36.8,-13
2021,QB,WR,QB_vs_WR,Joe Flacco,K.J. Osborn,19,7066,0,0,0,23.8,100.4,-76.6
2021,QB,WR,QB_vs_WR,Joe Flacco,Kalif Raymond,19,3634,0,0,0,23.8,67,-43.2
2021,QB,WR,QB_vs_WR,Joe Flacco,Lil'Jordan Humphrey,19,5938,0,0,0,23.8,34.3,-10.5
2021,QB,WR,QB_vs_WR,Joe Flacco,Nick Westbrook-Ikhine,19,7496,0,0,0,23.8,55.8,-32
2021,QB,WR,QB_vs_WR,Joe Flacco,Noah Brown,19,4234,0,0,0,23.8,18.4,5.4
2021,QB,WR,QB_vs_WR,Joe Flacco,Trenton Irwin,19,6598,0,0,0,23.8,2.5,21.3
2021,QB,WR,QB_vs_WR,Joe Flacco,Zay Jones,19,4080,0,0,0,23.8,56.2,-32.4
2021,QB,WR,QB_vs_WR,Mason Rudolph,Equanimeous St. Brown,4972,5323,0,180,-180,18.4,9,9.4
2021,QB,WR,QB_vs_WR,Mason Rudolph,Ben Skowronek,4972,7757,0,0,0,18.4,13.3,5.1
2021,QB,WR,QB_vs_WR,Mason Rudolph,Brandon Powell,4972,5695,0,0,0,18.4,6,12.4
2021,QB,WR,QB_vs_WR,Mason Rudolph,Braxton Berrios,4972,5121,0,0,0,18.4,75.1,-56.7
2021,QB,WR,QB_vs_WR,Mason Rudolph,Cedrick Wilson,4972,5113,0,0,0,18.4,78.9,-60.5
2021,QB,WR,QB_vs_WR,Mason Rudolph,Greg Dortch,4972,5970,0,0,0,18.4,3.4,15
2021,QB,WR,QB_vs_WR,Mason Rudolph,Isaiah McKenzie,4972,4197,0,0,0,18.4,30.6,-12.2
2021,QB,WR,QB_vs_WR,Mason Rudolph,Jamal Agnew,4972,4198,0,0,0,18.4,58,-39.6
2021,QB,WR,QB_vs_WR,Mason Rudolph,Jauan Jennings,4972,7049,0,0,0,18.4,36.8,-18.4
2021,QB,WR,QB_vs_WR,Mason Rudolph,K.J. Osborn,4972,7066,0,0,0,18.4,100.4,-82
2021,QB,WR,QB_vs_WR,Mason Rudolph,Kalif Raymond,4972,3634,0,0,0,18.4,67,-48.6
2021,QB,WR,QB_vs_WR,Mason Rudolph,Lil'Jordan Humphrey,4972,5938,0,0,0,18.4,34.3,-15.9
2021,QB,WR,QB_vs_WR,Mason Rudolph,Nick Westbrook-Ikhine,4972,7496,0,0,0,18.4,55.8,-37.4
2021,QB,WR,QB_vs_WR,Mason Rudolph,Noah Brown,4972,4234,0,0,0,18.4,18.4,0
2021,QB,WR,QB_vs_WR,Mason Rudolph,Trenton Irwin,4972,6598,0,0,0,18.4,2.5,15.9
2021,QB,WR,QB_vs_WR,Mason Rudolph,Zay Jones,4972,4080,0,0,0,18.4,56.2,-37.8
2021,QB,WR,QB_vs_WR,Mike White,Equanimeous St. Brown,5089,5323,0,180,-180,44,9,35
2021,QB,WR,QB_vs_WR,Mike White,Ben Skowronek,5089,7757,0,0,0,44,13.3,30.7
2021,QB,WR,QB_vs_WR,Mike White,Brandon Powell,5089,5695,0,0,0,44,6,38
2021,QB,WR,QB_vs_WR,Mike White,Braxton Berrios,5089,5121,0,0,0,44,75.1,-31.1
2021,QB,WR,QB_vs_WR,Mike White,Cedrick Wilson,5089,5113,0,0,0,44,78.9,-34.9
2021,QB,WR,QB_vs_WR,Mike White,Greg Dortch,5089,5970,0,0,0,44,3.4,40.6
2021,QB,WR,QB_vs_WR,Mike White,Isaiah McKenzie,5089,4197,0,0,0,44,30.6,13.4
2021,QB,WR,QB_vs_WR,Mike White,Jamal Agnew,5089,4198,0,0,0,44,58,-14
2021,QB,WR,QB_vs_WR,Mike White,Jauan Jennings,5089,7049,0,0,0,44,36.8,7.2
2021,QB,WR,QB_vs_WR,Mike White,K.J. Osborn,5089,7066,0,0,0,44,100.4,-56.4
2021,QB,WR,QB_vs_WR,Mike White,Kalif Raymond,5089,3634,0,0,0,44,67,-23
2021,QB,WR,QB_vs_WR,Mike White,Lil'Jordan Humphrey,5089,5938,0,0,0,44,34.3,9.7
2021,QB,WR,QB_vs_WR,Mike White,Nick Westbrook-Ikhine,5089,7496,0,0,0,44,55.8,-11.8
2021,QB,WR,QB_vs_WR,Mike White,Noah Brown,5089,4234,0,0,0,44,18.4,25.6
2021,QB,WR,QB_vs_WR,Mike White,Trenton Irwin,5089,6598,0,0,0,44,2.5,41.5
2021,QB,WR,QB_vs_WR,Mike White,Zay Jones,5089,4080,0,0,0,44,56.2,-12.2
2021,QB,WR,QB_vs_WR,Nick Mullens,Equanimeous St. Brown,4464,5323,0,180,-180,9.9,9,0.9
2021,QB,WR,QB_vs_WR,Nick Mullens,Ben Skowronek,4464,7757,0,0,0,9.9,13.3,-3.4
2021,QB,WR,QB_vs_WR,Nick Mullens,Brandon Powell,4464,5695,0,0,0,9.9,6,3.9
2021,QB,WR,QB_vs_WR,Nick Mullens,Braxton Berrios,4464,5121,0,0,0,9.9,75.1,-65.2
2021,QB,WR,QB_vs_WR,Nick Mullens,Cedrick Wilson,4464,5113,0,0,0,9.9,78.9,-69
2021,QB,WR,QB_vs_WR,Nick Mullens,Greg Dortch,4464,5970,0,0,0,9.9,3.4,6.5
2021,QB,WR,QB_vs_WR,Nick Mullens,Isaiah McKenzie,4464,4197,0,0,0,9.9,30.6,-20.7
2021,QB,WR,QB_vs_WR,Nick Mullens,Jamal Agnew,4464,4198,0,0,0,9.9,58,-48.1
2021,QB,WR,QB_vs_WR,Nick Mullens,Jauan Jennings,4464,7049,0,0,0,9.9,36.8,-26.9
2021,QB,WR,QB_vs_WR,Nick Mullens,K.J. Osborn,4464,7066,0,0,0,9.9,100.4,-90.5
2021,QB,WR,QB_vs_WR,Nick Mullens,Kalif Raymond,4464,3634,0,0,0,9.9,67,-57.1
2021,QB,WR,QB_vs_WR,Nick Mullens,Lil'Jordan Humphrey,4464,5938,0,0,0,9.9,34.3,-24.4
2021,QB,WR,QB_vs_WR,Nick Mullens,Nick Westbrook-Ikhine,4464,7496,0,0,0,9.9,55.8,-45.9
2021,QB,WR,QB_vs_WR,Nick Mullens,Noah Brown,4464,4234,0,0,0,9.9,18.4,-8.5
2021,QB,WR,QB_vs_WR,Nick Mullens,Trenton Irwin,4464,6598,0,0,0,9.9,2.5,7.4
2021,QB,WR,QB_vs_WR,Nick Mullens,Zay Jones,4464,4080,0,0,0,9.9,56.2,-46.3
2021,QB,WR,QB_vs_WR,Tyler Huntley,Equanimeous St. Brown,7083,5323,0,180,-180,75.8,9,66.8
2021,QB,WR,QB_vs_WR,Tyler Huntley,Ben Skowronek,7083,7757,0,0,0,75.8,13.3,62.5
2021,QB,WR,QB_vs_WR,Tyler Huntley,Brandon Powell,7083,5695,0,0,0,75.8,6,69.8
2021,QB,WR,QB_vs_WR,Tyler Huntley,Braxton Berrios,7083,5121,0,0,0,75.8,75.1,0.7
2021,QB,WR,QB_vs_WR,Tyler Huntley,Cedrick Wilson,7083,5113,0,0,0,75.8,78.9,-3.1
2021,QB,WR,QB_vs_WR,Tyler Huntley,Greg Dortch,7083,5970,0,0,0,75.8,3.4,72.4
2021,QB,WR,QB_vs_WR,Tyler Huntley,Isaiah McKenzie,7083,4197,0,0,0,75.8,30.6,45.2
2021,QB,WR,QB_vs_WR,Tyler Huntley,Jamal Agnew,7083,4198,0,0,0,75.8,58,17.8
2021,QB,WR,QB_vs_WR,Tyler Huntley,Jauan Jennings,7083,7049,0,0,0,75.8,36.8,39
2021,QB,WR,QB_vs_WR,Tyler Huntley,K.J. Osborn,7083,7066,0,0,0,75.8,100.4,-24.6
2021,QB,WR,QB_vs_WR,Tyler Huntley,Kalif Raymond,7083,3634,0,0,0,75.8,67,8.8
2021,QB,WR,QB_vs_WR,Tyler Huntley,Lil'Jordan Humphrey,7083,5938,0,0,0,75.8,34.3,41.5
2021,QB,WR,QB_vs_WR,Tyler Huntley,Nick Westbrook-Ikhine,7083,7496,0,0,0,75.8,55.8,20
2021,QB,WR,QB_vs_WR,Tyler Huntley,Noah Brown,7083,4234,0,0,0,75.8,18.4,57.4
2021,QB,WR,QB_vs_WR,Tyler Huntley,Trenton Irwin,7083,6598,0,0,0,75.8,2.5,73.3
2021,QB,WR,QB_vs_WR,Tyler Huntley,Zay Jones,7083,4080,0,0,0,75.8,56.2,19.6
2021,QB,TE,QB_vs_TE,Dak Prescott,Travis Kelce,3294,1466,7435,7380,55,288.8,205.4,83.4
2021,QB,TE,QB_vs_TE,Trevor Lawrence,Kyle Pitts,7523,7553,7137,7142,-5,180.4,140.8,39.6
2021,QB,TE,QB_vs_TE,Trevor Lawrence,George Kittle,7523,4217,7137,6990,147,180.4,159,21.4
2021,QB,TE,QB_vs_TE,Joe Burrow,T.J. Hockenson,6770,5844,6214,6022,192,314.2,114.8,199.4
2021,QB,TE,QB_vs_TE,Zach Wilson,T.J. Hockenson,7538,5844,5928,6022,-94,142,114.8,27.2
2021,QB,TE,QB_vs_TE,Jameis Winston,Pat Freiermuth,2306,7600,3589,3700,-111,117.4,113.4,4
2021,QB,TE,QB_vs_TE,Jameis Winston,Dallas Goedert,2306,5022,3589,3594,-5,117.4,137,-19.6
2021,QB,TE,QB_vs_TE,Jameis Winston,Mike Gesicki,2306,4993,3589,3466,123,117.4,125.3,-7.9
2021,QB,TE,QB_vs_TE,Sam Darnold,Dallas Goedert,4943,5022,3497,3594,-97,142.6,137,5.6
2021,QB,TE,QB_vs_TE,Sam Darnold,Mike Gesicki,4943,4993,3497,3466,31,142.6,125.3,17.3
2021,QB,TE,QB_vs_TE,Kirk Cousins,Mike Gesicki,1166,4993,3272,3466,-194,278.4,125.3,153.1
2021,QB,TE,QB_vs_TE,Kirk Cousins,Jonnu Smith,1166,4144,3272,3122,150,278.4,52.9,225.5
2021,QB,TE,QB_vs_TE,Derek Carr,Jonnu Smith,2028,4144,3261,3122,139,241.6,52.9,188.7
2021,QB,TE,QB_vs_TE,Jordan Love,Jonnu Smith,6804,4144,3127,3122,5,13.9,52.9,-39
2021,QB,TE,QB_vs_TE,Jordan Love,Tyler Higbee,6804,3271,3127,2976,151,13.9,96,-82.1
2021,QB,TE,QB_vs_TE,Daniel Jones,Jonnu Smith,5870,4144,3037,3122,-85,166.5,52.9,113.6
2021,QB,TE,QB_vs_TE,Daniel Jones,Tyler Higbee,5870,3271,3037,2976,61,166.5,96,70.5
2021,QB,TE,QB_vs_TE,Daniel Jones,Cole Kmet,5870,6826,3037,2898,139,166.5,84.4,82.1
2021,QB,TE,QB_vs_TE,Jared Goff,Jonnu Smith,3163,4144,2945,3122,-177,177,52.9,124.1
2021,QB,TE,QB_vs_TE,Jared Goff,Tyler Higbee,3163,3271,2945,2976,-31,177,96,81
2021,QB,TE,QB_vs_TE,Jared Goff,Cole Kmet,3163,6826,2945,2898,47,177,84.4,92.6
2021,QB,TE,QB_vs_TE,Jimmy Garoppolo,Noah Gray,1837,7828,1763,1643,120,214.8,13.1,201.7
2021,QB,TE,QB_vs_TE,Jimmy Garoppolo,Gerald Everett,1837,4089,1763,1625,138,214.8,91.3,123.5
2021,QB,TE,QB_vs_TE,Jimmy Garoppolo,Austin Hooper,1837,3202,1763,1589,174,214.8,73.5,141.3
2021,QB,TE,QB_vs_TE,Jimmy Garoppolo,Harrison Bryant,1837,6850,1763,1582,181,214.8,50.4,164.4
2021,QB,TE,QB_vs_TE,Drew Lock,Taysom Hill,5854,4381,1323,1425,-102,28.9,109.6,-80.7
2021,QB,TE,QB_vs_TE,Drew Lock,Dalton Schultz,5854,5001,1323,1401,-78,28.9,154.2,-125.3
2021,QB,TE,QB_vs_TE,Drew Lock,Zach Ertz,5854,1339,1323,1381,-58,28.9,131.8,-102.9
2021,QB,TE,QB_vs_TE,Drew Lock,Dawson Knox,5854,5906,1323,1333,-10,28.9,132.8,-103.9
2021,QB,TE,QB_vs_TE,Drew Lock,David Njoku,5854,4033,1323,1328,-5,28.9,87.5,-58.6
2021,QB,TE,QB_vs_TE,Drew Lock,Tommy Tremble,5854,7694,1323,1225,98,28.9,41,-12.1
2021,QB,TE,QB_vs_TE,Davis Mills,Taysom Hill,7585,4381,1292,1425,-133,129.7,109.6,20.1
2021,QB,TE,QB_vs_TE,Davis Mills,Dalton Schultz,7585,5001,1292,1401,-109,129.7,154.2,-24.5
2021,QB,TE,QB_vs_TE,Davis Mills,Zach Ertz,7585,1339,1292,1381,-89,129.7,131.8,-2.1
2021,QB,TE,QB_vs_TE,Davis Mills,Dawson Knox,7585,5906,1292,1333,-41,129.7,132.8,-3.1
2021,QB,TE,QB_vs_TE,Davis Mills,David Njoku,7585,4033,1292,1328,-36,129.7,87.5,42.2
2021,QB,TE,QB_vs_TE,Davis Mills,Tommy Tremble,7585,7694,1292,1225,67,129.7,41,88.7
2021,QB,TE,QB_vs_TE,Davis Mills,Juwan Johnson,7585,7002,1292,1105,187,129.7,39.4,90.3
2021,QB,TE,QB_vs_TE,Davis Mills,Donald Parham,7585,6074,1292,1099,193,129.7,49,80.7
2021,QB,TE,QB_vs_TE,Tyrod Taylor,Taysom Hill,827,4381,1280,1425,-145,81.7,109.6,-27.9
2021,QB,TE,QB_vs_TE,Tyrod Taylor,Dalton Schultz,827,5001,1280,1401,-121,81.7,154.2,-72.5
2021,QB,TE,QB_vs_TE,Tyrod Taylor,Zach Ertz,827,1339,1280,1381,-101,81.7,131.8,-50.1
2021,QB,TE,QB_vs_TE,Tyrod Taylor,Dawson Knox,827,5906,1280,1333,-53,81.7,132.8,-51.1
2021,QB,TE,QB_vs_TE,Tyrod Taylor,David Njoku,827,4033,1280,1328,-48,81.7,87.5,-5.8
2021,QB,TE,QB_vs_TE,Tyrod Taylor,Tommy Tremble,827,7694,1280,1225,55,81.7,41,40.7
2021,QB,TE,QB_vs_TE,Tyrod Taylor,Juwan Johnson,827,7002,1280,1105,175,81.7,39.4,42.3
2021,QB,TE,QB_vs_TE,Tyrod Taylor,Donald Parham,827,6074,1280,1099,181,81.7,49,32.7
2021,QB,TE,QB_vs_TE,Gardner Minshew,Tommy Tremble,6011,7694,1077,1225,-148,19.2,41,-21.8
2021,QB,TE,QB_vs_TE,Gardner Minshew,Juwan Johnson,6011,7002,1077,1105,-28,19.2,39.4,-20.2
2021,QB,TE,QB_vs_TE,Gardner Minshew,Donald Parham,6011,6074,1077,1099,-22,19.2,49,-29.8
2021,QB,TE,QB_vs_TE,Gardner Minshew,Brevin Jordan,6011,7568,1077,1074,3,19.2,45.8,-26.6
2021,QB,TE,QB_vs_TE,Gardner Minshew,Hayden Hurst,6011,4973,1077,935,142,19.2,47.3,-28.1
2021,QB,TE,QB_vs_TE,Taylor Heinicke,Tommy Tremble,2711,7694,1035,1225,-190,216.8,41,175.8
2021,QB,TE,QB_vs_TE,Taylor Heinicke,Juwan Johnson,2711,7002,1035,1105,-70,216.8,39.4,177.4
2021,QB,TE,QB_vs_TE,Taylor Heinicke,Donald Parham,2711,6074,1035,1099,-64,216.8,49,167.8
2021,QB,TE,QB_vs_TE,Taylor Heinicke,Brevin Jordan,2711,7568,1035,1074,-39,216.8,45.8,171
2021,QB,TE,QB_vs_TE,Taylor Heinicke,Hayden Hurst,2711,4973,1035,935,100,216.8,47.3,169.5
2021,QB,TE,QB_vs_TE,Marcus Mariota,Juwan Johnson,2307,7002,933,1105,-172,12.4,39.4,-27
2021,QB,TE,QB_vs_TE,Marcus Mariota,Donald Parham,2307,6074,933,1099,-166,12.4,49,-36.6
2021,QB,TE,QB_vs_TE,Marcus Mariota,Brevin Jordan,2307,7568,933,1074,-141,12.4,45.8,-33.4
2021,QB,TE,QB_vs_TE,Marcus Mariota,Hayden Hurst,2307,4973,933,935,-2,12.4,47.3,-34.9
2021,QB,TE,QB_vs_TE,Marcus Mariota,Hunter Long,2307,7535,933,768,165,12.4,1.3,11.1
2021,QB,TE,QB_vs_TE,Mitchell Trubisky,Drew Sample,3976,6001,354,487,-133,7.8,12.3,-4.5
2021,QB,TE,QB_vs_TE,Mitchell Trubisky,Foster Moreau,3976,5985,354,436,-82,7.8,64.3,-56.5
2021,QB,TE,QB_vs_TE,Mitchell Trubisky,Ian Thomas,3976,4995,354,324,30,7.8,27.8,-20
2021,QB,TE,QB_vs_TE,Geno Smith,Colby Parkinson,1373,6865,0,0,0,54.3,3.4,50.9
2021,QB,TE,QB_vs_TE,Geno Smith,Durham Smythe,1373,5008,0,0,0,54.3,48.8,5.5
2021,QB,TE,QB_vs_TE,Geno Smith,John Bates,1373,7716,0,0,0,54.3,39.9,14.4
2021,QB,TE,QB_vs_TE,Geno Smith,Josh Oliver,1373,5973,0,0,0,54.3,10.5,43.8
2021,QB,TE,QB_vs_TE,Geno Smith,Tyler Conklin,1373,5133,0,0,0,54.3,106.2,-51.9
2021,QB,TE,QB_vs_TE,Jacoby Brissett,Colby Parkinson,3257,6865,0,0,0,72.3,3.4,68.9
2021,QB,TE,QB_vs_TE,Jacoby Brissett,Durham Smythe,3257,5008,0,0,0,72.3,48.8,23.5
2021,QB,TE,QB_vs_TE,Jacoby Brissett,John Bates,3257,7716,0,0,0,72.3,39.9,32.4
2021,QB,TE,QB_vs_TE,Jacoby Brissett,Josh Oliver,3257,5973,0,0,0,72.3,10.5,61.8
2021,QB,TE,QB_vs_TE,Jacoby Brissett,Tyler Conklin,3257,5133,0,0,0,72.3,106.2,-33.9
2021,QB,TE,QB_vs_TE,Joe Flacco,Colby Parkinson,19,6865,0,0,0,23.8,3.4,20.4
2021,QB,TE,QB_vs_TE,Joe Flacco,Durham Smythe,19,5008,0,0,0,23.8,48.8,-25
2021,QB,TE,QB_vs_TE,Joe Flacco,John Bates,19,7716,0,0,0,23.8,39.9,-16.1
2021,QB,TE,QB_vs_TE,Joe Flacco,Josh Oliver,19,5973,0,0,0,23.8,10.5,13.3
2021,QB,TE,QB_vs_TE,Joe Flacco,Tyler Conklin,19,5133,0,0,0,23.8,106.2,-82.4
2021,QB,TE,QB_vs_TE,Mason Rudolph,Colby Parkinson,4972,6865,0,0,0,18.4,3.4,15
2021,QB,TE,QB_vs_TE,Mason Rudolph,Durham Smythe,4972,5008,0,0,0,18.4,48.8,-30.4
2021,QB,TE,QB_vs_TE,Mason Rudolph,John Bates,4972,7716,0,0,0,18.4,39.9,-21.5
2021,QB,TE,QB_vs_TE,Mason Rudolph,Josh Oliver,4972,5973,0,0,0,18.4,10.5,7.9
2021,QB,TE,QB_vs_TE,Mason Rudolph,Tyler Conklin,4972,5133,0,0,0,18.4,106.2,-87.8
2021,QB,TE,QB_vs_TE,Mike White,Colby Parkinson,5089,6865,0,0,0,44,3.4,40.6
2021,QB,TE,QB_vs_TE,Mike White,Durham Smythe,5089,5008,0,0,0,44,48.8,-4.8
2021,QB,TE,QB_vs_TE,Mike White,John Bates,5089,7716,0,0,0,44,39.9,4.1
2021,QB,TE,QB_vs_TE,Mike White,Josh Oliver,5089,5973,0,0,0,44,10.5,33.5
2021,QB,TE,QB_vs_TE,Mike White,Tyler Conklin,5089,5133,0,0,0,44,106.2,-62.2
2021,QB,TE,QB_vs_TE,Nick Mullens,Colby Parkinson,4464,6865,0,0,0,9.9,3.4,6.5
2021,QB,TE,QB_vs_TE,Nick Mullens,Durham Smythe,4464,5008,0,0,0,9.9,48.8,-38.9
2021,QB,TE,QB_vs_TE,Nick Mullens,John Bates,4464,7716,0,0,0,9.9,39.9,-30
2021,QB,TE,QB_vs_TE,Nick Mullens,Josh Oliver,4464,5973,0,0,0,9.9,10.5,-0.6
2021,QB,TE,QB_vs_TE,Nick Mullens,Tyler Conklin,4464,5133,0,0,0,9.9,106.2,-96.3
2021,QB,TE,QB_vs_TE,Tyler Huntley,Colby Parkinson,7083,6865,0,0,0,75.8,3.4,72.4
2021,QB,TE,QB_vs_TE,Tyler Huntley,Durham Smythe,7083,5008,0,0,0,75.8,48.8,27
2021,QB,TE,QB_vs_TE,Tyler Huntley,John Bates,7083,7716,0,0,0,75.8,39.9,35.9
2021,QB,TE,QB_vs_TE,Tyler Huntley,Josh Oliver,7083,5973,0,0,0,75.8,10.5,65.3
2021,QB,TE,QB_vs_TE,Tyler Huntley,Tyler Conklin,7083,5133,0,0,0,75.8,106.2,-30.4
2021,RB,WR,RB_vs_WR,Dalvin Cook,Tyreek Hill,4029,3321,7347,7330,17,164.1,185.3,-21.2
2021,RB,WR,RB_vs_WR,Dalvin Cook,DK Metcalf,4029,5846,7347,7239,108,164.1,163.5,0.6
2021,RB,WR,RB_vs_WR,Alvin Kamara,Tyreek Hill,4035,3321,7321,7330,-9,171.5,185.3,-13.8
2021,RB,WR,RB_vs_WR,Alvin Kamara,DK Metcalf,4035,5846,7321,7239,82,171.5,163.5,8
2021,RB,WR,RB_vs_WR,Jonathan Taylor,Tyreek Hill,6813,3321,7300,7330,-30,323.6,185.3,138.3
2021,RB,WR,RB_vs_WR,Jonathan Taylor,DK Metcalf,6813,5846,7300,7239,61,323.6,163.5,160.1
2021,RB,WR,RB_vs_WR,Najee Harris,A.J. Brown,7528,5859,7025,6946,79,221.2,105.1,116.1
2021,RB,WR,RB_vs_WR,Najee Harris,Calvin Ridley,7528,4981,7025,6943,82,221.2,40.1,181.1
2021,RB,WR,RB_vs_WR,Najee Harris,Davante Adams,7528,2133,7025,6929,96,221.2,215.8,5.4
2021,RB,WR,RB_vs_WR,Najee Harris,CeeDee Lamb,7528,6786,7025,6907,118,221.2,149.3,71.9
2021,RB,WR,RB_vs_WR,Saquon Barkley,A.J. Brown,4866,5859,6843,6946,-103,102.7,105.1,-2.4
2021,RB,WR,RB_vs_WR,Saquon Barkley,Calvin Ridley,4866,4981,6843,6943,-100,102.7,40.1,62.6
2021,RB,WR,RB_vs_WR,Saquon Barkley,Davante Adams,4866,2133,6843,6929,-86,102.7,215.8,-113.1
2021,RB,WR,RB_vs_WR,Saquon Barkley,CeeDee Lamb,4866,6786,6843,6907,-64,102.7,149.3,-46.6
2021,RB,WR,RB_vs_WR,Saquon Barkley,Stefon Diggs,4866,2449,6843,6733,110,102.7,168.4,-65.7
2021,RB,WR,RB_vs_WR,Antonio Gibson,A.J. Brown,6945,5859,6789,6946,-157,166,105.1,60.9
2021,RB,WR,RB_vs_WR,Antonio Gibson,Calvin Ridley,6945,4981,6789,6943,-154,166,40.1,125.9
2021,RB,WR,RB_vs_WR,Antonio Gibson,Davante Adams,6945,2133,6789,6929,-140,166,215.8,-49.8
2021,RB,WR,RB_vs_WR,Antonio Gibson,CeeDee Lamb,6945,6786,6789,6907,-118,166,149.3,16.7
2021,RB,WR,RB_vs_WR,Antonio Gibson,Stefon Diggs,6945,2449,6789,6733,56,166,168.4,-2.4
2021,RB,WR,RB_vs_WR,Derrick Henry,Terry McLaurin,3198,5927,6290,6217,73,175.3,127.2,48.1
2021,RB,WR,RB_vs_WR,Aaron Jones,Terry McLaurin,4199,5927,6260,6217,43,177,127.2,49.8
2021,RB,WR,RB_vs_WR,D'Andre Swift,Terry McLaurin,6790,5927,6019,6217,-198,136.3,127.2,9.1
2021,RB,WR,RB_vs_WR,D'Andre Swift,DeAndre Hopkins,6790,1426,6019,5898,121,136.3,105.2,31.1
2021,RB,WR,RB_vs_WR,Clyde Edwards-Helaire,DeAndre Hopkins,6820,1426,5948,5898,50,98.6,105.2,-6.6
2021,RB,WR,RB_vs_WR,Austin Ekeler,DeAndre Hopkins,4663,1426,5923,5898,25,249.9,105.2,144.7
2021,RB,WR,RB_vs_WR,Ezekiel Elliott,DeAndre Hopkins,3164,1426,5770,5898,-128,196.1,105.2,90.9
2021,RB,WR,RB_vs_WR,Javonte Williams,DeAndre Hopkins,7588,1426,5745,5898,-153,155.5,105.2,50.3
2021,RB,WR,RB_vs_WR,Javonte Williams,D.J. Moore,7588,4983,5745,5548,197,155.5,134.5,21
2021,RB,WR,RB_vs_WR,Joe Mixon,D.J. Moore,4018,4983,5465,5548,-83,245.9,134.5,111.4
2021,RB,WR,RB_vs_WR,Joe Mixon,Ja'Marr Chase,4018,7564,5465,5523,-58,245.9,221,24.9
2021,RB,WR,RB_vs_WR,Joe Mixon,Jerry Jeudy,4018,6783,5465,5513,-48,245.9,44,201.9
2021,RB,WR,RB_vs_WR,Joe Mixon,Chris Godwin,4018,4037,5465,5499,-34,245.9,144.4,101.5
2021,RB,WR,RB_vs_WR,Joe Mixon,Brandon Aiyuk,4018,6803,5465,5456,9,245.9,103.6,142.3
2021,RB,WR,RB_vs_WR,Joe Mixon,Tee Higgins,4018,6801,5465,5450,15,245.9,145.1,100.8
2021,RB,WR,RB_vs_WR,David Montgomery,Amari Cooper,5892,2309,5028,5187,-159,145.1,126.6,18.5
2021,RB,WR,RB_vs_WR,David Montgomery,Chase Claypool,5892,6886,5028,5033,-5,145.1,94.6,50.5
2021,RB,WR,RB_vs_WR,David Montgomery,Mike Evans,5892,2216,5028,4933,95,145.1,167.6,-22.5
2021,RB,WR,RB_vs_WR,David Montgomery,DeVonta Smith,5892,7525,5028,4902,126,145.1,117.5,27.6
2021,RB,WR,RB_vs_WR,David Montgomery,Jaylen Waddle,5892,7526,5028,4878,150,145.1,133.1,12
2021,RB,WR,RB_vs_WR,Josh Jacobs,Mike Evans,5850,2216,4757,4933,-176,151.6,167.6,-16
2021,RB,WR,RB_vs_WR,Josh Jacobs,DeVonta Smith,5850,7525,4757,4902,-145,151.6,117.5,34.1
2021,RB,WR,RB_vs_WR,Josh Jacobs,Jaylen Waddle,5850,7526,4757,4878,-121,151.6,133.1,18.5
2021,RB,WR,RB_vs_WR,Josh Jacobs,Cooper Kupp,5850,4039,4757,4695,62,151.6,274.9,-123.3
2021,RB,WR,RB_vs_WR,Josh Jacobs,Diontae Johnson,5850,5937,4757,4681,76,151.6,162.3,-10.7
2021,RB,WR,RB_vs_WR,Trey Sermon,Cooper Kupp,7593,4039,4664,4695,-31,25.3,274.9,-249.6
2021,RB,WR,RB_vs_WR,Trey Sermon,Diontae Johnson,7593,5937,4664,4681,-17,25.3,162.3,-137
2021,RB,WR,RB_vs_WR,Trey Sermon,Laviska Shenault,7593,6814,4664,4507,157,25.3,57.8,-32.5
2021,RB,WR,RB_vs_WR,James Robinson,Cooper Kupp,6955,4039,4620,4695,-75,142.9,274.9,-132
2021,RB,WR,RB_vs_WR,James Robinson,Diontae Johnson,6955,5937,4620,4681,-61,142.9,162.3,-19.4
2021,RB,WR,RB_vs_WR,James Robinson,Laviska Shenault,6955,6814,4620,4507,113,142.9,57.8,85.1
2021,RB,WR,RB_vs_WR,Miles Sanders,Cooper Kupp,6151,4039,4583,4695,-112,91.2,274.9,-183.7
2021,RB,WR,RB_vs_WR,Miles Sanders,Diontae Johnson,6151,5937,4583,4681,-98,91.2,162.3,-71.1
2021,RB,WR,RB_vs_WR,Miles Sanders,Laviska Shenault,6151,6814,4583,4507,76,91.2,57.8,33.4
2021,RB,WR,RB_vs_WR,Miles Sanders,Elijah Moore,6151,7596,4583,4416,167,91.2,95.2,-4
2021,RB,WR,RB_vs_WR,Kareem Hunt,Rashod Bateman,4098,7571,3860,3967,-107,88,55.3,32.7
2021,RB,WR,RB_vs_WR,Kareem Hunt,Deebo Samuel,4098,5872,3860,3931,-71,88,237,-149
2021,RB,WR,RB_vs_WR,Kareem Hunt,Rondale Moore,4098,7601,3860,3841,19,88,55.1,32.9
2021,RB,WR,RB_vs_WR,Kareem Hunt,JuJu Smith-Schuster,4098,4040,3860,3762,98,88,19.8,68.2
2021,RB,WR,RB_vs_WR,AJ Dillon,Rondale Moore,6828,7601,3689,3841,-152,144.9,55.1,89.8
2021,RB,WR,RB_vs_WR,AJ Dillon,JuJu Smith-Schuster,6828,4040,3689,3762,-73,144.9,19.8,125.1
2021,RB,WR,RB_vs_WR,AJ Dillon,Darnell Mooney,6828,7090,3689,3639,50,144.9,126.1,18.8
2021,RB,WR,RB_vs_WR,AJ Dillon,Tyler Boyd,6828,3225,3689,3637,52,144.9,116.8,28.1
2021,RB,WR,RB_vs_WR,AJ Dillon,Michael Pittman,6828,6819,3689,3602,87,144.9,136.2,8.7
2021,RB,WR,RB_vs_WR,Myles Gaskin,JuJu Smith-Schuster,5980,4040,3590,3762,-172,123.6,19.8,103.8
2021,RB,WR,RB_vs_WR,Myles Gaskin,Darnell Mooney,5980,7090,3590,3639,-49,123.6,126.1,-2.5
2021,RB,WR,RB_vs_WR,Myles Gaskin,Tyler Boyd,5980,3225,3590,3637,-47,123.6,116.8,6.8
2021,RB,WR,RB_vs_WR,Myles Gaskin,Michael Pittman,5980,6819,3590,3602,-12,123.6,136.2,-12.6
2021,RB,WR,RB_vs_WR,Myles Gaskin,D.J. Chark,5980,4951,3590,3435,155,123.6,27.4,96.2
2021,RB,WR,RB_vs_WR,Myles Gaskin,Michael Gallup,5980,5038,3590,3433,157,123.6,56.5,67.1
2021,RB,WR,RB_vs_WR,Chase Edmonds,Michael Pittman,5000,6819,3404,3602,-198,100.3,136.2,-35.9
2021,RB,WR,RB_vs_WR,Chase Edmonds,D.J. Chark,5000,4951,3404,3435,-31,100.3,27.4,72.9
2021,RB,WR,RB_vs_WR,Chase Edmonds,Michael Gallup,5000,5038,3404,3433,-29,100.3,56.5,43.8
2021,RB,WR,RB_vs_WR,Chase Edmonds,Marquez Callaway,5000,6989,3404,3364,40,100.3,105.8,-5.5
2021,RB,WR,RB_vs_WR,Chase Edmonds,Curtis Samuel,5000,4082,3404,3336,68,100.3,3.8,96.5
2021,RB,WR,RB_vs_WR,Chase Edmonds,Jakobi Meyers,5000,5947,3404,3318,86,100.3,98.3,2
2021,RB,WR,RB_vs_WR,Chase Edmonds,Odell Beckham,5000,2078,3404,3278,126,100.3,83.3,17
2021,RB,WR,RB_vs_WR,Chase Edmonds,Adam Thielen,5000,1689,3404,3251,153,100.3,132.8,-32.5
2021,RB,WR,RB_vs_WR,Chase Edmonds,Brandin Cooks,5000,2197,3404,3228,176,100.3,139.2,-38.9
2021,RB,WR,RB_vs_WR,Michael Carter,D.J. Chark,7607,4951,3298,3435,-137,116.5,27.4,89.1
2021,RB,WR,RB_vs_WR,Michael Carter,Michael Gallup,7607,5038,3298,3433,-135,116.5,56.5,60
2021,RB,WR,RB_vs_WR,Michael Carter,Marquez Callaway,7607,6989,3298,3364,-66,116.5,105.8,10.7
2021,RB,WR,RB_vs_WR,Michael Carter,Curtis Samuel,7607,4082,3298,3336,-38,116.5,3.8,112.7
2021,RB,WR,RB_vs_WR,Michael Carter,Jakobi Meyers,7607,5947,3298,3318,-20,116.5,98.3,18.2
2021,RB,WR,RB_vs_WR,Michael Carter,Odell Beckham,7607,2078,3298,3278,20,116.5,83.3,33.2
2021,RB,WR,RB_vs_WR,Michael Carter,Adam Thielen,7607,1689,3298,3251,47,116.5,132.8,-16.3
2021,RB,WR,RB_vs_WR,Michael Carter,Brandin Cooks,7607,2197,3298,3228,70,116.5,139.2,-22.7
2021,RB,WR,RB_vs_WR,Michael Carter,Mike Williams,7607,4068,3298,3099,199,116.5,152.7,-36.2
2021,RB,WR,RB_vs_WR,Rhamondre Stevenson,Odell Beckham,7611,2078,3086,3278,-192,97.3,83.3,14
2021,RB,WR,RB_vs_WR,Rhamondre Stevenson,Adam Thielen,7611,1689,3086,3251,-165,97.3,132.8,-35.5
2021,RB,WR,RB_vs_WR,Rhamondre Stevenson,Brandin Cooks,7611,2197,3086,3228,-142,97.3,139.2,-41.9
2021,RB,WR,RB_vs_WR,Rhamondre Stevenson,Mike Williams,7611,4068,3086,3099,-13,97.3,152.7,-55.4
2021,RB,WR,RB_vs_WR,Rhamondre Stevenson,Marquise Brown,7611,5848,3086,3006,80,97.3,132.6,-35.3
2021,RB,WR,RB_vs_WR,Raheem Mostert,Mike Williams,2749,4068,3007,3099,-92,2,152.7,-150.7
2021,RB,WR,RB_vs_WR,Raheem Mostert,Marquise Brown,2749,5848,3007,3006,1,2,132.6,-130.6
2021,RB,WR,RB_vs_WR,Raheem Mostert,Gabriel Davis,2749,6943,3007,2855,152,2,87,-85
2021,RB,WR,RB_vs_WR,Raheem Mostert,Amon-Ra St. Brown,2749,7547,3007,2848,159,2,119.2,-117.2
2021,RB,WR,RB_vs_WR,Raheem Mostert,Dyami Brown,2749,7587,3007,2831,176,2,16.1,-14.1
2021,RB,WR,RB_vs_WR,Tony Pollard,Marquise Brown,5967,5848,2864,3006,-142,123.6,132.6,-9
2021,RB,WR,RB_vs_WR,Tony Pollard,Gabriel Davis,5967,6943,2864,2855,9,123.6,87,36.6
2021,RB,WR,RB_vs_WR,Tony Pollard,Amon-Ra St. Brown,5967,7547,2864,2848,16,123.6,119.2,4.4
2021,RB,WR,RB_vs_WR,Tony Pollard,Dyami Brown,5967,7587,2864,2831,33,123.6,16.1,107.5
2021,RB,WR,RB_vs_WR,Zack Moss,Marquise Brown,6845,5848,2833,3006,-173,80.8,132.6,-51.8
2021,RB,WR,RB_vs_WR,Zack Moss,Gabriel Davis,6845,6943,2833,2855,-22,80.8,87,-6.2
2021,RB,WR,RB_vs_WR,Zack Moss,Amon-Ra St. Brown,6845,7547,2833,2848,-15,80.8,119.2,-38.4
2021,RB,WR,RB_vs_WR,Zack Moss,Dyami Brown,6845,7587,2833,2831,2,80.8,16.1,64.7
2021,RB,WR,RB_vs_WR,Kenneth Gainwell,Dyami Brown,7567,7587,2632,2831,-199,75.7,16.1,59.6
2021,RB,WR,RB_vs_WR,Kenneth Gainwell,Kadarius Toney,7567,7606,2632,2522,110,75.7,43.4,32.3
2021,RB,WR,RB_vs_WR,Kenneth Gainwell,Nico Collins,7567,7569,2632,2502,130,75.7,43.9,31.8
2021,RB,WR,RB_vs_WR,Kenneth Gainwell,Mecole Hardman,7567,5917,2632,2437,195,75.7,70.6,5.1
2021,RB,WR,RB_vs_WR,Jamaal Williams,Kadarius Toney,4149,7606,2568,2522,46,88.6,43.4,45.2
2021,RB,WR,RB_vs_WR,Jamaal Williams,Nico Collins,4149,7569,2568,2502,66,88.6,43.9,44.7
2021,RB,WR,RB_vs_WR,Jamaal Williams,Mecole Hardman,4149,5917,2568,2437,131,88.6,70.6,18
2021,RB,WR,RB_vs_WR,Nyheim Hines,Kadarius Toney,5347,7606,2451,2522,-71,70.7,43.4,27.3
2021,RB,WR,RB_vs_WR,Nyheim Hines,Nico Collins,5347,7569,2451,2502,-51,70.7,43.9,26.8
2021,RB,WR,RB_vs_WR,Nyheim Hines,Mecole Hardman,5347,5917,2451,2437,14,70.7,70.6,0.1
2021,RB,WR,RB_vs_WR,Nyheim Hines,Josh Palmer,5347,7670,2451,2346,105,70.7,49.4,21.3
2021,RB,WR,RB_vs_WR,Nyheim Hines,Parris Campbell,5347,5880,2451,2260,191,70.7,22.2,48.5
2021,RB,WR,RB_vs_WR,Chuba Hubbard,Kadarius Toney,7594,7606,2398,2522,-124,101,43.4,57.6
2021,RB,WR,RB_vs_WR,Chuba Hubbard,Nico Collins,7594,7569,2398,2502,-104,101,43.9,57.1
2021,RB,WR,RB_vs_WR,Chuba Hubbard,Mecole Hardman,7594,5917,2398,2437,-39,101,70.6,30.4
2021,RB,WR,RB_vs_WR,Chuba Hubbard,Josh Palmer,7594,7670,2398,2346,52,101,49.4,51.6
2021,RB,WR,RB_vs_WR,Chuba Hubbard,Parris Campbell,7594,5880,2398,2260,138,101,22.2,78.8
2021,RB,WR,RB_vs_WR,Devin Singletary,Parris Campbell,6130,5880,2134,2260,-126,134.6,22.2,112.4
2021,RB,WR,RB_vs_WR,Devin Singletary,DeVante Parker,6130,2319,2134,2162,-28,134.6,62.3,72.3
2021,RB,WR,RB_vs_WR,Devin Singletary,KJ Hamler,6130,6805,2134,1945,189,134.6,7.4,127.2
2021,RB,WR,RB_vs_WR,Alexander Mattison,DeVante Parker,5987,2319,1977,2162,-185,91.8,62.3,29.5
2021,RB,WR,RB_vs_WR,Alexander Mattison,KJ Hamler,5987,6805,1977,1945,32,91.8,7.4,84.4
2021,RB,WR,RB_vs_WR,James Conner,Donovan Peoples-Jones,4137,6824,1645,1771,-126,199.4,71.9,127.5
2021,RB,WR,RB_vs_WR,James Conner,Denzel Mims,4137,6849,1645,1680,-35,199.4,13.3,186.1
2021,RB,WR,RB_vs_WR,James Conner,Christian Kirk,4137,4950,1645,1585,60,199.4,126.3,73.1
2021,RB,WR,RB_vs_WR,James Conner,Quez Watkins,4137,6927,1645,1571,74,199.4,58.6,140.8
2021,RB,WR,RB_vs_WR,James Conner,Darius Slayton,4137,6149,1645,1559,86,199.4,33.7,165.7
2021,RB,WR,RB_vs_WR,James Conner,Van Jefferson,4137,6853,1645,1518,127,199.4,115.1,84.3
2021,RB,WR,RB_vs_WR,James Conner,Nelson Agholor,4137,2325,1645,1508,137,199.4,64.1,135.3
2021,RB,WR,RB_vs_WR,James Conner,Tre'Quan Smith,4137,5026,1645,1471,174,199.4,42.1,157.3
2021,RB,WR,RB_vs_WR,Ty Johnson,Donovan Peoples-Jones,6039,6824,1593,1771,-178,83.1,71.9,11.2
2021,RB,WR,RB_vs_WR,Ty Johnson,Denzel Mims,6039,6849,1593,1680,-87,83.1,13.3,69.8
2021,RB,WR,RB_vs_WR,Ty Johnson,Christian Kirk,6039,4950,1593,1585,8,83.1,126.3,-43.2
2021,RB,WR,RB_vs_WR,Ty Johnson,Quez Watkins,6039,6927,1593,1571,22,83.1,58.6,24.5
2021,RB,WR,RB_vs_WR,Ty Johnson,Darius Slayton,6039,6149,1593,1559,34,83.1,33.7,49.4
2021,RB,WR,RB_vs_WR,Ty Johnson,Van Jefferson,6039,6853,1593,1518,75,83.1,115.1,-32
2021,RB,WR,RB_vs_WR,Ty Johnson,Nelson Agholor,6039,2325,1593,1508,85,83.1,64.1,19
2021,RB,WR,RB_vs_WR,Ty Johnson,Tre'Quan Smith,6039,5026,1593,1471,122,83.1,42.1,41
2021,RB,WR,RB_vs_WR,Khalil Herbert,Donovan Peoples-Jones,7608,6824,1589,1771,-182,63.8,71.9,-8.1
2021,RB,WR,RB_vs_WR,Khalil Herbert,Denzel Mims,7608,6849,1589,1680,-91,63.8,13.3,50.5
2021,RB,WR,RB_vs_WR,Khalil Herbert,Christian Kirk,7608,4950,1589,1585,4,63.8,126.3,-62.5
2021,RB,WR,RB_vs_WR,Khalil Herbert,Quez Watkins,7608,6927,1589,1571,18,63.8,58.6,5.2
2021,RB,WR,RB_vs_WR,Khalil Herbert,Darius Slayton,7608,6149,1589,1559,30,63.8,33.7,30.1
2021,RB,WR,RB_vs_WR,Khalil Herbert,Van Jefferson,7608,6853,1589,1518,71,63.8,115.1,-51.3
2021,RB,WR,RB_vs_WR,Khalil Herbert,Nelson Agholor,7608,2325,1589,1508,81,63.8,64.1,-0.3
2021,RB,WR,RB_vs_WR,Khalil Herbert,Tre'Quan Smith,7608,5026,1589,1471,118,63.8,42.1,21.7
2021,RB,WR,RB_vs_WR,Elijah Mitchell,Denzel Mims,7561,6849,1486,1680,-194,137.5,13.3,124.2
2021,RB,WR,RB_vs_WR,Elijah Mitchell,Christian Kirk,7561,4950,1486,1585,-99,137.5,126.3,11.2
2021,RB,WR,RB_vs_WR,Elijah Mitchell,Quez Watkins,7561,6927,1486,1571,-85,137.5,58.6,78.9
2021,RB,WR,RB_vs_WR,Elijah Mitchell,Darius Slayton,7561,6149,1486,1559,-73,137.5,33.7,103.8
2021,RB,WR,RB_vs_WR,Elijah Mitchell,Van Jefferson,7561,6853,1486,1518,-32,137.5,115.1,22.4
2021,RB,WR,RB_vs_WR,Elijah Mitchell,Nelson Agholor,7561,2325,1486,1508,-22,137.5,64.1,73.4
2021,RB,WR,RB_vs_WR,Elijah Mitchell,Tre'Quan Smith,7561,5026,1486,1471,15,137.5,42.1,95.4
2021,RB,WR,RB_vs_WR,Elijah Mitchell,Tyler Johnson,7561,6960,1486,1363,123,137.5,33.8,103.7
2021,RB,WR,RB_vs_WR,Elijah Mitchell,Tylan Wallace,7561,7595,1486,1360,126,137.5,2.3,135.2
2021,RB,WR,RB_vs_WR,Elijah Mitchell,Hunter Renfrow,7561,5955,1486,1339,147,137.5,143.2,-5.7
2021,RB,WR,RB_vs_WR,Rashaad Penny,Christian Kirk,4985,4950,1426,1585,-159,90.7,126.3,-35.6
2021,RB,WR,RB_vs_WR,Rashaad Penny,Quez Watkins,4985,6927,1426,1571,-145,90.7,58.6,32.1
2021,RB,WR,RB_vs_WR,Rashaad Penny,Darius Slayton,4985,6149,1426,1559,-133,90.7,33.7,57
2021,RB,WR,RB_vs_WR,Rashaad Penny,Van Jefferson,4985,6853,1426,1518,-92,90.7,115.1,-24.4
2021,RB,WR,RB_vs_WR,Rashaad Penny,Nelson Agholor,4985,2325,1426,1508,-82,90.7,64.1,26.6
2021,RB,WR,RB_vs_WR,Rashaad Penny,Tre'Quan Smith,4985,5026,1426,1471,-45,90.7,42.1,48.6
2021,RB,WR,RB_vs_WR,Rashaad Penny,Tyler Johnson,4985,6960,1426,1363,63,90.7,33.8,56.9
2021,RB,WR,RB_vs_WR,Rashaad Penny,Tylan Wallace,4985,7595,1426,1360,66,90.7,2.3,88.4
2021,RB,WR,RB_vs_WR,Rashaad Penny,Hunter Renfrow,4985,5955,1426,1339,87,90.7,143.2,-52.5
2021,RB,WR,RB_vs_WR,Salvon Ahmed,Christian Kirk,6918,4950,1411,1585,-174,26.6,126.3,-99.7
2021,RB,WR,RB_vs_WR,Salvon Ahmed,Quez Watkins,6918,6927,1411,1571,-160,26.6,58.6,-32
2021,RB,WR,RB_vs_WR,Salvon Ahmed,Darius Slayton,6918,6149,1411,1559,-148,26.6,33.7,-7.1
2021,RB,WR,RB_vs_WR,Salvon Ahmed,Van Jefferson,6918,6853,1411,1518,-107,26.6,115.1,-88.5
2021,RB,WR,RB_vs_WR,Salvon Ahmed,Nelson Agholor,6918,2325,1411,1508,-97,26.6,64.1,-37.5
2021,RB,WR,RB_vs_WR,Salvon Ahmed,Tre'Quan Smith,6918,5026,1411,1471,-60,26.6,42.1,-15.5
2021,RB,WR,RB_vs_WR,Salvon Ahmed,Tyler Johnson,6918,6960,1411,1363,48,26.6,33.8,-7.2
2021,RB,WR,RB_vs_WR,Salvon Ahmed,Tylan Wallace,6918,7595,1411,1360,51,26.6,2.3,24.3
2021,RB,WR,RB_vs_WR,Salvon Ahmed,Hunter Renfrow,6918,5955,1411,1339,72,26.6,143.2,-116.6
2021,RB,WR,RB_vs_WR,Chris Evans,Quez Watkins,7794,6927,1371,1571,-200,22.9,58.6,-35.7
2021,RB,WR,RB_vs_WR,Chris Evans,Darius Slayton,7794,6149,1371,1559,-188,22.9,33.7,-10.8
2021,RB,WR,RB_vs_WR,Chris Evans,Van Jefferson,7794,6853,1371,1518,-147,22.9,115.1,-92.2
2021,RB,WR,RB_vs_WR,Chris Evans,Nelson Agholor,7794,2325,1371,1508,-137,22.9,64.1,-41.2
2021,RB,WR,RB_vs_WR,Chris Evans,Tre'Quan Smith,7794,5026,1371,1471,-100,22.9,42.1,-19.2
2021,RB,WR,RB_vs_WR,Chris Evans,Tyler Johnson,7794,6960,1371,1363,8,22.9,33.8,-10.9
2021,RB,WR,RB_vs_WR,Chris Evans,Tylan Wallace,7794,7595,1371,1360,11,22.9,2.3,20.6
2021,RB,WR,RB_vs_WR,Chris Evans,Hunter Renfrow,7794,5955,1371,1339,32,22.9,143.2,-120.3
2021,RB,WR,RB_vs_WR,Boston Scott,Marquez Valdes-Scantling,5122,5086,1106,1165,-59,85.6,61,24.6
2021,RB,WR,RB_vs_WR,Boston Scott,Allen Lazard,5122,5185,1106,1113,-7,85.6,83,2.6
2021,RB,WR,RB_vs_WR,Boston Scott,Jalen Guyton,5122,6421,1106,1043,63,85.6,61,24.6
2021,RB,WR,RB_vs_WR,Boston Scott,Deonte Harty,5122,6234,1106,1031,75,85.6,73.8,11.8
2021,RB,WR,RB_vs_WR,Boston Scott,Josh Reynolds,5122,4171,1106,1021,85,85.6,50.5,35.1
2021,RB,WR,RB_vs_WR,Boston Scott,Anthony Schwartz,5122,7533,1106,1000,106,85.6,21.8,63.8
2021,RB,WR,RB_vs_WR,Ke'Shawn Vaughn,Jalen Guyton,6885,6421,867,1043,-176,22.5,61,-38.5
2021,RB,WR,RB_vs_WR,Ke'Shawn Vaughn,Deonte Harty,6885,6234,867,1031,-164,22.5,73.8,-51.3
2021,RB,WR,RB_vs_WR,Ke'Shawn Vaughn,Josh Reynolds,6885,4171,867,1021,-154,22.5,50.5,-28
2021,RB,WR,RB_vs_WR,Ke'Shawn Vaughn,Anthony Schwartz,6885,7533,867,1000,-133,22.5,21.8,0.7
2021,RB,WR,RB_vs_WR,Ke'Shawn Vaughn,Demarcus Robinson,6885,3286,867,860,7,22.5,42.5,-20
2021,RB,WR,RB_vs_WR,Ke'Shawn Vaughn,Ihmir Smith-Marsette,6885,7559,867,854,13,22.5,7.3,15.2
2021,RB,WR,RB_vs_WR,Ke'Shawn Vaughn,Jaelon Darden,6885,7713,867,848,19,22.5,5.4,17.1
2021,RB,WR,RB_vs_WR,Ke'Shawn Vaughn,Tim Patrick,6885,4351,867,814,53,22.5,93.9,-71.4
2021,RB,WR,RB_vs_WR,Ke'Shawn Vaughn,Devin Duvernay,6885,6847,867,772,95,22.5,50,-27.5
2021,RB,WR,RB_vs_WR,Ke'Shawn Vaughn,Olamide Zaccheaus,6885,6271,867,744,123,22.5,54.1,-31.6
2021,RB,WR,RB_vs_WR,Ke'Shawn Vaughn,Scotty Miller,6885,6290,867,733,134,22.5,2.9,19.6
2021,RB,WR,RB_vs_WR,DeeJay Dallas,Anthony Schwartz,6931,7533,809,1000,-191,39,21.8,17.2
2021,RB,WR,RB_vs_WR,DeeJay Dallas,Demarcus Robinson,6931,3286,809,860,-51,39,42.5,-3.5
2021,RB,WR,RB_vs_WR,DeeJay Dallas,Ihmir Smith-Marsette,6931,7559,809,854,-45,39,7.3,31.7
2021,RB,WR,RB_vs_WR,DeeJay Dallas,Jaelon Darden,6931,7713,809,848,-39,39,5.4,33.6
2021,RB,WR,RB_vs_WR,DeeJay Dallas,Tim Patrick,6931,4351,809,814,-5,39,93.9,-54.9
2021,RB,WR,RB_vs_WR,DeeJay Dallas,Devin Duvernay,6931,6847,809,772,37,39,50,-11
2021,RB,WR,RB_vs_WR,DeeJay Dallas,Olamide Zaccheaus,6931,6271,809,744,65,39,54.1,-15.1
2021,RB,WR,RB_vs_WR,DeeJay Dallas,Scotty Miller,6931,6290,809,733,76,39,2.9,36.1
2021,RB,WR,RB_vs_WR,DeeJay Dallas,Kendrick Bourne,6931,4454,809,627,182,39,122.3,-83.3
2021,RB,WR,RB_vs_WR,Jeffery Wilson,Anthony Schwartz,5284,7533,800,1000,-200,44.5,21.8,22.7
2021,RB,WR,RB_vs_WR,Jeffery Wilson,Demarcus Robinson,5284,3286,800,860,-60,44.5,42.5,2
2021,RB,WR,RB_vs_WR,Jeffery Wilson,Ihmir Smith-Marsette,5284,7559,800,854,-54,44.5,7.3,37.2
2021,RB,WR,RB_vs_WR,Jeffery Wilson,Jaelon Darden,5284,7713,800,848,-48,44.5,5.4,39.1
2021,RB,WR,RB_vs_WR,Jeffery Wilson,Tim Patrick,5284,4351,800,814,-14,44.5,93.9,-49.4
2021,RB,WR,RB_vs_WR,Jeffery Wilson,Devin Duvernay,5284,6847,800,772,28,44.5,50,-5.5
2021,RB,WR,RB_vs_WR,Jeffery Wilson,Olamide Zaccheaus,5284,6271,800,744,56,44.5,54.1,-9.6
2021,RB,WR,RB_vs_WR,Jeffery Wilson,Scotty Miller,5284,6290,800,733,67,44.5,2.9,41.6
2021,RB,WR,RB_vs_WR,Jeffery Wilson,Kendrick Bourne,5284,4454,800,627,173,44.5,122.3,-77.8
2021,RB,WR,RB_vs_WR,Eno Benjamin,Demarcus Robinson,6951,3286,669,860,-191,16.4,42.5,-26.1
2021,RB,WR,RB_vs_WR,Eno Benjamin,Ihmir Smith-Marsette,6951,7559,669,854,-185,16.4,7.3,9.1
2021,RB,WR,RB_vs_WR,Eno Benjamin,Jaelon Darden,6951,7713,669,848,-179,16.4,5.4,11
2021,RB,WR,RB_vs_WR,Eno Benjamin,Tim Patrick,6951,4351,669,814,-145,16.4,93.9,-77.5
2021,RB,WR,RB_vs_WR,Eno Benjamin,Devin Duvernay,6951,6847,669,772,-103,16.4,50,-33.6
2021,RB,WR,RB_vs_WR,Eno Benjamin,Olamide Zaccheaus,6951,6271,669,744,-75,16.4,54.1,-37.7
2021,RB,WR,RB_vs_WR,Eno Benjamin,Scotty Miller,6951,6290,669,733,-64,16.4,2.9,13.5
2021,RB,WR,RB_vs_WR,Eno Benjamin,Kendrick Bourne,6951,4454,669,627,42,16.4,122.3,-105.9
2021,RB,WR,RB_vs_WR,Joshua Kelley,Tim Patrick,7045,4351,632,814,-182,12,93.9,-81.9
2021,RB,WR,RB_vs_WR,Joshua Kelley,Devin Duvernay,7045,6847,632,772,-140,12,50,-38
2021,RB,WR,RB_vs_WR,Joshua Kelley,Olamide Zaccheaus,7045,6271,632,744,-112,12,54.1,-42.1
2021,RB,WR,RB_vs_WR,Joshua Kelley,Scotty Miller,7045,6290,632,733,-101,12,2.9,9.1
2021,RB,WR,RB_vs_WR,Joshua Kelley,Kendrick Bourne,7045,4454,632,627,5,12,122.3,-110.3
2021,RB,WR,RB_vs_WR,Jerick McKinnon,Devin Duvernay,2161,6847,572,772,-200,11.9,50,-38.1
2021,RB,WR,RB_vs_WR,Jerick McKinnon,Olamide Zaccheaus,2161,6271,572,744,-172,11.9,54.1,-42.2
2021,RB,WR,RB_vs_WR,Jerick McKinnon,Scotty Miller,2161,6290,572,733,-161,11.9,2.9,9
2021,RB,WR,RB_vs_WR,Jerick McKinnon,Kendrick Bourne,2161,4454,572,627,-55,11.9,122.3,-110.4
2021,RB,WR,RB_vs_WR,Samaje Perine,Kendrick Bourne,4147,4454,504,627,-123,56.2,122.3,-66.1
2021,RB,WR,RB_vs_WR,Kene Nwangwu,Equanimeous St. Brown,7720,5323,369,180,189,18.6,9,9.6
2021,RB,WR,RB_vs_WR,Trayveon Williams,Equanimeous St. Brown,6144,5323,223,180,43,1.3,9,-7.7
2021,RB,WR,RB_vs_WR,Cordarrelle Patterson,Equanimeous St. Brown,1535,5323,175,180,-5,181.4,9,172.4
2021,RB,WR,RB_vs_WR,Cordarrelle Patterson,Ben Skowronek,1535,7757,175,0,175,181.4,13.3,168.1
2021,RB,WR,RB_vs_WR,Cordarrelle Patterson,Brandon Powell,1535,5695,175,0,175,181.4,6,175.4
2021,RB,WR,RB_vs_WR,Cordarrelle Patterson,Braxton Berrios,1535,5121,175,0,175,181.4,75.1,106.3
2021,RB,WR,RB_vs_WR,Cordarrelle Patterson,Cedrick Wilson,1535,5113,175,0,175,181.4,78.9,102.5
2021,RB,WR,RB_vs_WR,Cordarrelle Patterson,Greg Dortch,1535,5970,175,0,175,181.4,3.4,178
2021,RB,WR,RB_vs_WR,Cordarrelle Patterson,Isaiah McKenzie,1535,4197,175,0,175,181.4,30.6,150.8
2021,RB,WR,RB_vs_WR,Cordarrelle Patterson,Jamal Agnew,1535,4198,175,0,175,181.4,58,123.4
2021,RB,WR,RB_vs_WR,Cordarrelle Patterson,Jauan Jennings,1535,7049,175,0,175,181.4,36.8,144.6
2021,RB,WR,RB_vs_WR,Cordarrelle Patterson,K.J. Osborn,1535,7066,175,0,175,181.4,100.4,81
2021,RB,WR,RB_vs_WR,Cordarrelle Patterson,Kalif Raymond,1535,3634,175,0,175,181.4,67,114.4
2021,RB,WR,RB_vs_WR,Cordarrelle Patterson,Lil'Jordan Humphrey,1535,5938,175,0,175,181.4,34.3,147.1
2021,RB,WR,RB_vs_WR,Cordarrelle Patterson,Nick Westbrook-Ikhine,1535,7496,175,0,175,181.4,55.8,125.6
2021,RB,WR,RB_vs_WR,Cordarrelle Patterson,Noah Brown,1535,4234,175,0,175,181.4,18.4,163
2021,RB,WR,RB_vs_WR,Cordarrelle Patterson,Trenton Irwin,1535,6598,175,0,175,181.4,2.5,178.9
2021,RB,WR,RB_vs_WR,Cordarrelle Patterson,Zay Jones,1535,4080,175,0,175,181.4,56.2,125.2
2021,RB,WR,RB_vs_WR,Craig Reynolds,Equanimeous St. Brown,6659,5323,0,180,-180,28,9,19
2021,RB,WR,RB_vs_WR,Craig Reynolds,Ben Skowronek,6659,7757,0,0,0,28,13.3,14.7
2021,RB,WR,RB_vs_WR,Craig Reynolds,Brandon Powell,6659,5695,0,0,0,28,6,22
2021,RB,WR,RB_vs_WR,Craig Reynolds,Braxton Berrios,6659,5121,0,0,0,28,75.1,-47.1
2021,RB,WR,RB_vs_WR,Craig Reynolds,Cedrick Wilson,6659,5113,0,0,0,28,78.9,-50.9
2021,RB,WR,RB_vs_WR,Craig Reynolds,Greg Dortch,6659,5970,0,0,0,28,3.4,24.6
2021,RB,WR,RB_vs_WR,Craig Reynolds,Isaiah McKenzie,6659,4197,0,0,0,28,30.6,-2.6
2021,RB,WR,RB_vs_WR,Craig Reynolds,Jamal Agnew,6659,4198,0,0,0,28,58,-30
2021,RB,WR,RB_vs_WR,Craig Reynolds,Jauan Jennings,6659,7049,0,0,0,28,36.8,-8.8
2021,RB,WR,RB_vs_WR,Craig Reynolds,K.J. Osborn,6659,7066,0,0,0,28,100.4,-72.4
2021,RB,WR,RB_vs_WR,Craig Reynolds,Kalif Raymond,6659,3634,0,0,0,28,67,-39
2021,RB,WR,RB_vs_WR,Craig Reynolds,Lil'Jordan Humphrey,6659,5938,0,0,0,28,34.3,-6.3
2021,RB,WR,RB_vs_WR,Craig Reynolds,Nick Westbrook-Ikhine,6659,7496,0,0,0,28,55.8,-27.8
2021,RB,WR,RB_vs_WR,Craig Reynolds,Noah Brown,6659,4234,0,0,0,28,18.4,9.6
2021,RB,WR,RB_vs_WR,Craig Reynolds,Trenton Irwin,6659,6598,0,0,0,28,2.5,25.5
2021,RB,WR,RB_vs_WR,Craig Reynolds,Zay Jones,6659,4080,0,0,0,28,56.2,-28.2
2021,RB,WR,RB_vs_WR,D'Ernest Johnson,Equanimeous St. Brown,6694,5323,0,180,-180,65.8,9,56.8
2021,RB,WR,RB_vs_WR,D'Ernest Johnson,Ben Skowronek,6694,7757,0,0,0,65.8,13.3,52.5
2021,RB,WR,RB_vs_WR,D'Ernest Johnson,Brandon Powell,6694,5695,0,0,0,65.8,6,59.8
2021,RB,WR,RB_vs_WR,D'Ernest Johnson,Braxton Berrios,6694,5121,0,0,0,65.8,75.1,-9.3
2021,RB,WR,RB_vs_WR,D'Ernest Johnson,Cedrick Wilson,6694,5113,0,0,0,65.8,78.9,-13.1
2021,RB,WR,RB_vs_WR,D'Ernest Johnson,Greg Dortch,6694,5970,0,0,0,65.8,3.4,62.4
2021,RB,WR,RB_vs_WR,D'Ernest Johnson,Isaiah McKenzie,6694,4197,0,0,0,65.8,30.6,35.2
2021,RB,WR,RB_vs_WR,D'Ernest Johnson,Jamal Agnew,6694,4198,0,0,0,65.8,58,7.8
2021,RB,WR,RB_vs_WR,D'Ernest Johnson,Jauan Jennings,6694,7049,0,0,0,65.8,36.8,29
2021,RB,WR,RB_vs_WR,D'Ernest Johnson,K.J. Osborn,6694,7066,0,0,0,65.8,100.4,-34.6
2021,RB,WR,RB_vs_WR,D'Ernest Johnson,Kalif Raymond,6694,3634,0,0,0,65.8,67,-1.2
2021,RB,WR,RB_vs_WR,D'Ernest Johnson,Lil'Jordan Humphrey,6694,5938,0,0,0,65.8,34.3,31.5
2021,RB,WR,RB_vs_WR,D'Ernest Johnson,Nick Westbrook-Ikhine,6694,7496,0,0,0,65.8,55.8,10
2021,RB,WR,RB_vs_WR,D'Ernest Johnson,Noah Brown,6694,4234,0,0,0,65.8,18.4,47.4
2021,RB,WR,RB_vs_WR,D'Ernest Johnson,Trenton Irwin,6694,6598,0,0,0,65.8,2.5,63.3
2021,RB,WR,RB_vs_WR,D'Ernest Johnson,Zay Jones,6694,4080,0,0,0,65.8,56.2,9.6
2021,RB,WR,RB_vs_WR,D'Onta Foreman,Equanimeous St. Brown,4111,5323,0,180,-180,76.5,9,67.5
2021,RB,WR,RB_vs_WR,D'Onta Foreman,Ben Skowronek,4111,7757,0,0,0,76.5,13.3,63.2
2021,RB,WR,RB_vs_WR,D'Onta Foreman,Brandon Powell,4111,5695,0,0,0,76.5,6,70.5
2021,RB,WR,RB_vs_WR,D'Onta Foreman,Braxton Berrios,4111,5121,0,0,0,76.5,75.1,1.4
2021,RB,WR,RB_vs_WR,D'Onta Foreman,Cedrick Wilson,4111,5113,0,0,0,76.5,78.9,-2.4
2021,RB,WR,RB_vs_WR,D'Onta Foreman,Greg Dortch,4111,5970,0,0,0,76.5,3.4,73.1
2021,RB,WR,RB_vs_WR,D'Onta Foreman,Isaiah McKenzie,4111,4197,0,0,0,76.5,30.6,45.9
2021,RB,WR,RB_vs_WR,D'Onta Foreman,Jamal Agnew,4111,4198,0,0,0,76.5,58,18.5
2021,RB,WR,RB_vs_WR,D'Onta Foreman,Jauan Jennings,4111,7049,0,0,0,76.5,36.8,39.7
2021,RB,WR,RB_vs_WR,D'Onta Foreman,K.J. Osborn,4111,7066,0,0,0,76.5,100.4,-23.9
2021,RB,WR,RB_vs_WR,D'Onta Foreman,Kalif Raymond,4111,3634,0,0,0,76.5,67,9.5
2021,RB,WR,RB_vs_WR,D'Onta Foreman,Lil'Jordan Humphrey,4111,5938,0,0,0,76.5,34.3,42.2
2021,RB,WR,RB_vs_WR,D'Onta Foreman,Nick Westbrook-Ikhine,4111,7496,0,0,0,76.5,55.8,20.7
2021,RB,WR,RB_vs_WR,D'Onta Foreman,Noah Brown,4111,4234,0,0,0,76.5,18.4,58.1
2021,RB,WR,RB_vs_WR,D'Onta Foreman,Trenton Irwin,4111,6598,0,0,0,76.5,2.5,74
2021,RB,WR,RB_vs_WR,D'Onta Foreman,Zay Jones,4111,4080,0,0,0,76.5,56.2,20.3
2021,RB,WR,RB_vs_WR,Deon Jackson,Equanimeous St. Brown,7551,5323,0,180,-180,9.1,9,0.1
2021,RB,WR,RB_vs_WR,Deon Jackson,Ben Skowronek,7551,7757,0,0,0,9.1,13.3,-4.2
2021,RB,WR,RB_vs_WR,Deon Jackson,Brandon Powell,7551,5695,0,0,0,9.1,6,3.1
2021,RB,WR,RB_vs_WR,Deon Jackson,Braxton Berrios,7551,5121,0,0,0,9.1,75.1,-66
2021,RB,WR,RB_vs_WR,Deon Jackson,Cedrick Wilson,7551,5113,0,0,0,9.1,78.9,-69.8
2021,RB,WR,RB_vs_WR,Deon Jackson,Greg Dortch,7551,5970,0,0,0,9.1,3.4,5.7
2021,RB,WR,RB_vs_WR,Deon Jackson,Isaiah McKenzie,7551,4197,0,0,0,9.1,30.6,-21.5
2021,RB,WR,RB_vs_WR,Deon Jackson,Jamal Agnew,7551,4198,0,0,0,9.1,58,-48.9
2021,RB,WR,RB_vs_WR,Deon Jackson,Jauan Jennings,7551,7049,0,0,0,9.1,36.8,-27.7
2021,RB,WR,RB_vs_WR,Deon Jackson,K.J. Osborn,7551,7066,0,0,0,9.1,100.4,-91.3
2021,RB,WR,RB_vs_WR,Deon Jackson,Kalif Raymond,7551,3634,0,0,0,9.1,67,-57.9
2021,RB,WR,RB_vs_WR,Deon Jackson,Lil'Jordan Humphrey,7551,5938,0,0,0,9.1,34.3,-25.2
2021,RB,WR,RB_vs_WR,Deon Jackson,Nick Westbrook-Ikhine,7551,7496,0,0,0,9.1,55.8,-46.7
2021,RB,WR,RB_vs_WR,Deon Jackson,Noah Brown,7551,4234,0,0,0,9.1,18.4,-9.3
2021,RB,WR,RB_vs_WR,Deon Jackson,Trenton Irwin,7551,6598,0,0,0,9.1,2.5,6.6
2021,RB,WR,RB_vs_WR,Deon Jackson,Zay Jones,7551,4080,0,0,0,9.1,56.2,-47.1
2021,RB,WR,RB_vs_WR,Gary Brightwell,Equanimeous St. Brown,7529,5323,0,180,-180,1,9,-8
2021,RB,WR,RB_vs_WR,Gary Brightwell,Ben Skowronek,7529,7757,0,0,0,1,13.3,-12.3
2021,RB,WR,RB_vs_WR,Gary Brightwell,Brandon Powell,7529,5695,0,0,0,1,6,-5
2021,RB,WR,RB_vs_WR,Gary Brightwell,Braxton Berrios,7529,5121,0,0,0,1,75.1,-74.1
2021,RB,WR,RB_vs_WR,Gary Brightwell,Cedrick Wilson,7529,5113,0,0,0,1,78.9,-77.9
2021,RB,WR,RB_vs_WR,Gary Brightwell,Greg Dortch,7529,5970,0,0,0,1,3.4,-2.4
2021,RB,WR,RB_vs_WR,Gary Brightwell,Isaiah McKenzie,7529,4197,0,0,0,1,30.6,-29.6
2021,RB,WR,RB_vs_WR,Gary Brightwell,Jamal Agnew,7529,4198,0,0,0,1,58,-57
2021,RB,WR,RB_vs_WR,Gary Brightwell,Jauan Jennings,7529,7049,0,0,0,1,36.8,-35.8
2021,RB,WR,RB_vs_WR,Gary Brightwell,K.J. Osborn,7529,7066,0,0,0,1,100.4,-99.4
2021,RB,WR,RB_vs_WR,Gary Brightwell,Kalif Raymond,7529,3634,0,0,0,1,67,-66
2021,RB,WR,RB_vs_WR,Gary Brightwell,Lil'Jordan Humphrey,7529,5938,0,0,0,1,34.3,-33.3
2021,RB,WR,RB_vs_WR,Gary Brightwell,Nick Westbrook-Ikhine,7529,7496,0,0,0,1,55.8,-54.8
2021,RB,WR,RB_vs_WR,Gary Brightwell,Noah Brown,7529,4234,0,0,0,1,18.4,-17.4
2021,RB,WR,RB_vs_WR,Gary Brightwell,Trenton Irwin,7529,6598,0,0,0,1,2.5,-1.5
2021,RB,WR,RB_vs_WR,Gary Brightwell,Zay Jones,7529,4080,0,0,0,1,56.2,-55.2
2021,RB,TE,RB_vs_TE,Dalvin Cook,Travis Kelce,4029,1466,7347,7380,-33,164.1,205.4,-41.3
2021,RB,TE,RB_vs_TE,Alvin Kamara,Travis Kelce,4035,1466,7321,7380,-59,171.5,205.4,-33.9
2021,RB,TE,RB_vs_TE,Alvin Kamara,Kyle Pitts,4035,7553,7321,7142,179,171.5,140.8,30.7
2021,RB,TE,RB_vs_TE,Jonathan Taylor,Travis Kelce,6813,1466,7300,7380,-80,323.6,205.4,118.2
2021,RB,TE,RB_vs_TE,Jonathan Taylor,Kyle Pitts,6813,7553,7300,7142,158,323.6,140.8,182.8
2021,RB,TE,RB_vs_TE,Najee Harris,Kyle Pitts,7528,7553,7025,7142,-117,221.2,140.8,80.4
2021,RB,TE,RB_vs_TE,Najee Harris,George Kittle,7528,4217,7025,6990,35,221.2,159,62.2
2021,RB,TE,RB_vs_TE,Saquon Barkley,George Kittle,4866,4217,6843,6990,-147,102.7,159,-56.3
2021,RB,TE,RB_vs_TE,Saquon Barkley,Darren Waller,4866,2505,6843,6821,22,102.7,102.8,-0.1
2021,RB,TE,RB_vs_TE,Antonio Gibson,Darren Waller,6945,2505,6789,6821,-32,166,102.8,63.2
2021,RB,TE,RB_vs_TE,D'Andre Swift,T.J. Hockenson,6790,5844,6019,6022,-3,136.3,114.8,21.5
2021,RB,TE,RB_vs_TE,Clyde Edwards-Helaire,T.J. Hockenson,6820,5844,5948,6022,-74,98.6,114.8,-16.2
2021,RB,TE,RB_vs_TE,Austin Ekeler,T.J. Hockenson,4663,5844,5923,6022,-99,249.9,114.8,135.1
2021,RB,TE,RB_vs_TE,Ezekiel Elliott,Mark Andrews,3164,5012,5770,5572,198,196.1,235.1,-39
2021,RB,TE,RB_vs_TE,Javonte Williams,Mark Andrews,7588,5012,5745,5572,173,155.5,235.1,-79.6
2021,RB,TE,RB_vs_TE,Joe Mixon,Mark Andrews,4018,5012,5465,5572,-107,245.9,235.1,10.8
2021,RB,TE,RB_vs_TE,Kareem Hunt,Pat Freiermuth,4098,7600,3860,3700,160,88,113.4,-25.4
2021,RB,TE,RB_vs_TE,AJ Dillon,Pat Freiermuth,6828,7600,3689,3700,-11,144.9,113.4,31.5
2021,RB,TE,RB_vs_TE,AJ Dillon,Dallas Goedert,6828,5022,3689,3594,95,144.9,137,7.9
2021,RB,TE,RB_vs_TE,Myles Gaskin,Pat Freiermuth,5980,7600,3590,3700,-110,123.6,113.4,10.2
2021,RB,TE,RB_vs_TE,Myles Gaskin,Dallas Goedert,5980,5022,3590,3594,-4,123.6,137,-13.4
2021,RB,TE,RB_vs_TE,Myles Gaskin,Mike Gesicki,5980,4993,3590,3466,124,123.6,125.3,-1.7
2021,RB,TE,RB_vs_TE,Chase Edmonds,Dallas Goedert,5000,5022,3404,3594,-190,100.3,137,-36.7
2021,RB,TE,RB_vs_TE,Chase Edmonds,Mike Gesicki,5000,4993,3404,3466,-62,100.3,125.3,-25
2021,RB,TE,RB_vs_TE,Michael Carter,Mike Gesicki,7607,4993,3298,3466,-168,116.5,125.3,-8.8
2021,RB,TE,RB_vs_TE,Michael Carter,Jonnu Smith,7607,4144,3298,3122,176,116.5,52.9,63.6
2021,RB,TE,RB_vs_TE,Rhamondre Stevenson,Jonnu Smith,7611,4144,3086,3122,-36,97.3,52.9,44.4
2021,RB,TE,RB_vs_TE,Rhamondre Stevenson,Tyler Higbee,7611,3271,3086,2976,110,97.3,96,1.3
2021,RB,TE,RB_vs_TE,Rhamondre Stevenson,Cole Kmet,7611,6826,3086,2898,188,97.3,84.4,12.9
2021,RB,TE,RB_vs_TE,Raheem Mostert,Jonnu Smith,2749,4144,3007,3122,-115,2,52.9,-50.9
2021,RB,TE,RB_vs_TE,Raheem Mostert,Tyler Higbee,2749,3271,3007,2976,31,2,96,-94
2021,RB,TE,RB_vs_TE,Raheem Mostert,Cole Kmet,2749,6826,3007,2898,109,2,84.4,-82.4
2021,RB,TE,RB_vs_TE,Tony Pollard,Tyler Higbee,5967,3271,2864,2976,-112,123.6,96,27.6
2021,RB,TE,RB_vs_TE,Tony Pollard,Cole Kmet,5967,6826,2864,2898,-34,123.6,84.4,39.2
2021,RB,TE,RB_vs_TE,Zack Moss,Tyler Higbee,6845,3271,2833,2976,-143,80.8,96,-15.2
2021,RB,TE,RB_vs_TE,Zack Moss,Cole Kmet,6845,6826,2833,2898,-65,80.8,84.4,-3.6
2021,RB,TE,RB_vs_TE,Kenneth Gainwell,Hunter Henry,7567,3214,2632,2588,44,75.7,128.2,-52.5
2021,RB,TE,RB_vs_TE,Jamaal Williams,Hunter Henry,4149,3214,2568,2588,-20,88.6,128.2,-39.6
2021,RB,TE,RB_vs_TE,Nyheim Hines,Hunter Henry,5347,3214,2451,2588,-137,70.7,128.2,-57.5
2021,RB,TE,RB_vs_TE,Chuba Hubbard,Hunter Henry,7594,3214,2398,2588,-190,101,128.2,-27.2
2021,RB,TE,RB_vs_TE,Chuba Hubbard,Adam Trautman,7594,6869,2398,2232,166,101,41.5,59.5
2021,RB,TE,RB_vs_TE,Devin Singletary,Adam Trautman,6130,6869,2134,2232,-98,134.6,41.5,93.1
2021,RB,TE,RB_vs_TE,Devin Singletary,Evan Engram,6130,4066,2134,2128,6,134.6,78.6,56
2021,RB,TE,RB_vs_TE,Alexander Mattison,Evan Engram,5987,4066,1977,2128,-151,91.8,78.6,13.2
2021,RB,TE,RB_vs_TE,James Conner,Noah Gray,4137,7828,1645,1643,2,199.4,13.1,186.3
2021,RB,TE,RB_vs_TE,James Conner,Gerald Everett,4137,4089,1645,1625,20,199.4,91.3,108.1
2021,RB,TE,RB_vs_TE,James Conner,Austin Hooper,4137,3202,1645,1589,56,199.4,73.5,125.9
2021,RB,TE,RB_vs_TE,James Conner,Harrison Bryant,4137,6850,1645,1582,63,199.4,50.4,149
2021,RB,TE,RB_vs_TE,Ty Johnson,Noah Gray,6039,7828,1593,1643,-50,83.1,13.1,70
2021,RB,TE,RB_vs_TE,Ty Johnson,Gerald Everett,6039,4089,1593,1625,-32,83.1,91.3,-8.2
2021,RB,TE,RB_vs_TE,Ty Johnson,Austin Hooper,6039,3202,1593,1589,4,83.1,73.5,9.6
2021,RB,TE,RB_vs_TE,Ty Johnson,Harrison Bryant,6039,6850,1593,1582,11,83.1,50.4,32.7
2021,RB,TE,RB_vs_TE,Ty Johnson,Taysom Hill,6039,4381,1593,1425,168,83.1,109.6,-26.5
2021,RB,TE,RB_vs_TE,Ty Johnson,Dalton Schultz,6039,5001,1593,1401,192,83.1,154.2,-71.1
2021,RB,TE,RB_vs_TE,Khalil Herbert,Noah Gray,7608,7828,1589,1643,-54,63.8,13.1,50.7
2021,RB,TE,RB_vs_TE,Khalil Herbert,Gerald Everett,7608,4089,1589,1625,-36,63.8,91.3,-27.5
2021,RB,TE,RB_vs_TE,Khalil Herbert,Austin Hooper,7608,3202,1589,1589,0,63.8,73.5,-9.7
2021,RB,TE,RB_vs_TE,Khalil Herbert,Harrison Bryant,7608,6850,1589,1582,7,63.8,50.4,13.4
2021,RB,TE,RB_vs_TE,Khalil Herbert,Taysom Hill,7608,4381,1589,1425,164,63.8,109.6,-45.8
2021,RB,TE,RB_vs_TE,Khalil Herbert,Dalton Schultz,7608,5001,1589,1401,188,63.8,154.2,-90.4
2021,RB,TE,RB_vs_TE,Elijah Mitchell,Noah Gray,7561,7828,1486,1643,-157,137.5,13.1,124.4
2021,RB,TE,RB_vs_TE,Elijah Mitchell,Gerald Everett,7561,4089,1486,1625,-139,137.5,91.3,46.2
2021,RB,TE,RB_vs_TE,Elijah Mitchell,Austin Hooper,7561,3202,1486,1589,-103,137.5,73.5,64
2021,RB,TE,RB_vs_TE,Elijah Mitchell,Harrison Bryant,7561,6850,1486,1582,-96,137.5,50.4,87.1
2021,RB,TE,RB_vs_TE,Elijah Mitchell,Taysom Hill,7561,4381,1486,1425,61,137.5,109.6,27.9
2021,RB,TE,RB_vs_TE,Elijah Mitchell,Dalton Schultz,7561,5001,1486,1401,85,137.5,154.2,-16.7
2021,RB,TE,RB_vs_TE,Elijah Mitchell,Zach Ertz,7561,1339,1486,1381,105,137.5,131.8,5.7
2021,RB,TE,RB_vs_TE,Elijah Mitchell,Dawson Knox,7561,5906,1486,1333,153,137.5,132.8,4.7
2021,RB,TE,RB_vs_TE,Elijah Mitchell,David Njoku,7561,4033,1486,1328,158,137.5,87.5,50
2021,RB,TE,RB_vs_TE,Rashaad Penny,Gerald Everett,4985,4089,1426,1625,-199,90.7,91.3,-0.6
2021,RB,TE,RB_vs_TE,Rashaad Penny,Austin Hooper,4985,3202,1426,1589,-163,90.7,73.5,17.2
2021,RB,TE,RB_vs_TE,Rashaad Penny,Harrison Bryant,4985,6850,1426,1582,-156,90.7,50.4,40.3
2021,RB,TE,RB_vs_TE,Rashaad Penny,Taysom Hill,4985,4381,1426,1425,1,90.7,109.6,-18.9
2021,RB,TE,RB_vs_TE,Rashaad Penny,Dalton Schultz,4985,5001,1426,1401,25,90.7,154.2,-63.5
2021,RB,TE,RB_vs_TE,Rashaad Penny,Zach Ertz,4985,1339,1426,1381,45,90.7,131.8,-41.1
2021,RB,TE,RB_vs_TE,Rashaad Penny,Dawson Knox,4985,5906,1426,1333,93,90.7,132.8,-42.1
2021,RB,TE,RB_vs_TE,Rashaad Penny,David Njoku,4985,4033,1426,1328,98,90.7,87.5,3.2
2021,RB,TE,RB_vs_TE,Salvon Ahmed,Austin Hooper,6918,3202,1411,1589,-178,26.6,73.5,-46.9
2021,RB,TE,RB_vs_TE,Salvon Ahmed,Harrison Bryant,6918,6850,1411,1582,-171,26.6,50.4,-23.8
2021,RB,TE,RB_vs_TE,Salvon Ahmed,Taysom Hill,6918,4381,1411,1425,-14,26.6,109.6,-83
2021,RB,TE,RB_vs_TE,Salvon Ahmed,Dalton Schultz,6918,5001,1411,1401,10,26.6,154.2,-127.6
2021,RB,TE,RB_vs_TE,Salvon Ahmed,Zach Ertz,6918,1339,1411,1381,30,26.6,131.8,-105.2
2021,RB,TE,RB_vs_TE,Salvon Ahmed,Dawson Knox,6918,5906,1411,1333,78,26.6,132.8,-106.2
2021,RB,TE,RB_vs_TE,Salvon Ahmed,David Njoku,6918,4033,1411,1328,83,26.6,87.5,-60.9
2021,RB,TE,RB_vs_TE,Salvon Ahmed,Tommy Tremble,6918,7694,1411,1225,186,26.6,41,-14.4
2021,RB,TE,RB_vs_TE,Chris Evans,Taysom Hill,7794,4381,1371,1425,-54,22.9,109.6,-86.7
2021,RB,TE,RB_vs_TE,Chris Evans,Dalton Schultz,7794,5001,1371,1401,-30,22.9,154.2,-131.3
2021,RB,TE,RB_vs_TE,Chris Evans,Zach Ertz,7794,1339,1371,1381,-10,22.9,131.8,-108.9
2021,RB,TE,RB_vs_TE,Chris Evans,Dawson Knox,7794,5906,1371,1333,38,22.9,132.8,-109.9
2021,RB,TE,RB_vs_TE,Chris Evans,David Njoku,7794,4033,1371,1328,43,22.9,87.5,-64.6
2021,RB,TE,RB_vs_TE,Chris Evans,Tommy Tremble,7794,7694,1371,1225,146,22.9,41,-18.1
2021,RB,TE,RB_vs_TE,Boston Scott,Tommy Tremble,5122,7694,1106,1225,-119,85.6,41,44.6
2021,RB,TE,RB_vs_TE,Boston Scott,Juwan Johnson,5122,7002,1106,1105,1,85.6,39.4,46.2
2021,RB,TE,RB_vs_TE,Boston Scott,Donald Parham,5122,6074,1106,1099,7,85.6,49,36.6
2021,RB,TE,RB_vs_TE,Boston Scott,Brevin Jordan,5122,7568,1106,1074,32,85.6,45.8,39.8
2021,RB,TE,RB_vs_TE,Boston Scott,Hayden Hurst,5122,4973,1106,935,171,85.6,47.3,38.3
2021,RB,TE,RB_vs_TE,Ke'Shawn Vaughn,Hayden Hurst,6885,4973,867,935,-68,22.5,47.3,-24.8
2021,RB,TE,RB_vs_TE,Ke'Shawn Vaughn,Hunter Long,6885,7535,867,768,99,22.5,1.3,21.2
2021,RB,TE,RB_vs_TE,DeeJay Dallas,Hayden Hurst,6931,4973,809,935,-126,39,47.3,-8.3
2021,RB,TE,RB_vs_TE,DeeJay Dallas,Hunter Long,6931,7535,809,768,41,39,1.3,37.7
2021,RB,TE,RB_vs_TE,DeeJay Dallas,Will Dissly,6931,5010,809,665,144,39,39.6,-0.6
2021,RB,TE,RB_vs_TE,DeeJay Dallas,Kylen Granson,6931,7602,809,609,200,39,16.1,22.9
2021,RB,TE,RB_vs_TE,Jeffery Wilson,Hayden Hurst,5284,4973,800,935,-135,44.5,47.3,-2.8
2021,RB,TE,RB_vs_TE,Jeffery Wilson,Hunter Long,5284,7535,800,768,32,44.5,1.3,43.2
2021,RB,TE,RB_vs_TE,Jeffery Wilson,Will Dissly,5284,5010,800,665,135,44.5,39.6,4.9
2021,RB,TE,RB_vs_TE,Jeffery Wilson,Kylen Granson,5284,7602,800,609,191,44.5,16.1,28.4
2021,RB,TE,RB_vs_TE,Eno Benjamin,Hunter Long,6951,7535,669,768,-99,16.4,1.3,15.1
2021,RB,TE,RB_vs_TE,Eno Benjamin,Will Dissly,6951,5010,669,665,4,16.4,39.6,-23.2
2021,RB,TE,RB_vs_TE,Eno Benjamin,Kylen Granson,6951,7602,669,609,60,16.4,16.1,0.3
2021,RB,TE,RB_vs_TE,Eno Benjamin,Mo Alie-Cox,6951,4054,669,578,91,16.4,63.9,-47.5
2021,RB,TE,RB_vs_TE,Eno Benjamin,Albert Okwuegbunam,6951,6843,669,567,102,16.4,59.5,-43.1
2021,RB,TE,RB_vs_TE,Eno Benjamin,Drew Sample,6951,6001,669,487,182,16.4,12.3,4.1
2021,RB,TE,RB_vs_TE,Joshua Kelley,Hunter Long,7045,7535,632,768,-136,12,1.3,10.7
2021,RB,TE,RB_vs_TE,Joshua Kelley,Will Dissly,7045,5010,632,665,-33,12,39.6,-27.6
2021,RB,TE,RB_vs_TE,Joshua Kelley,Kylen Granson,7045,7602,632,609,23,12,16.1,-4.1
2021,RB,TE,RB_vs_TE,Joshua Kelley,Mo Alie-Cox,7045,4054,632,578,54,12,63.9,-51.9
2021,RB,TE,RB_vs_TE,Joshua Kelley,Albert Okwuegbunam,7045,6843,632,567,65,12,59.5,-47.5
2021,RB,TE,RB_vs_TE,Joshua Kelley,Drew Sample,7045,6001,632,487,145,12,12.3,-0.3
2021,RB,TE,RB_vs_TE,Joshua Kelley,Foster Moreau,7045,5985,632,436,196,12,64.3,-52.3
2021,RB,TE,RB_vs_TE,Jerick McKinnon,Hunter Long,2161,7535,572,768,-196,11.9,1.3,10.6
2021,RB,TE,RB_vs_TE,Jerick McKinnon,Will Dissly,2161,5010,572,665,-93,11.9,39.6,-27.7
2021,RB,TE,RB_vs_TE,Jerick McKinnon,Kylen Granson,2161,7602,572,609,-37,11.9,16.1,-4.2
2021,RB,TE,RB_vs_TE,Jerick McKinnon,Mo Alie-Cox,2161,4054,572,578,-6,11.9,63.9,-52
2021,RB,TE,RB_vs_TE,Jerick McKinnon,Albert Okwuegbunam,2161,6843,572,567,5,11.9,59.5,-47.6
2021,RB,TE,RB_vs_TE,Jerick McKinnon,Drew Sample,2161,6001,572,487,85,11.9,12.3,-0.4
2021,RB,TE,RB_vs_TE,Jerick McKinnon,Foster Moreau,2161,5985,572,436,136,11.9,64.3,-52.4
2021,RB,TE,RB_vs_TE,Samaje Perine,Will Dissly,4147,5010,504,665,-161,56.2,39.6,16.6
2021,RB,TE,RB_vs_TE,Samaje Perine,Kylen Granson,4147,7602,504,609,-105,56.2,16.1,40.1
2021,RB,TE,RB_vs_TE,Samaje Perine,Mo Alie-Cox,4147,4054,504,578,-74,56.2,63.9,-7.7
2021,RB,TE,RB_vs_TE,Samaje Perine,Albert Okwuegbunam,4147,6843,504,567,-63,56.2,59.5,-3.3
2021,RB,TE,RB_vs_TE,Samaje Perine,Drew Sample,4147,6001,504,487,17,56.2,12.3,43.9
2021,RB,TE,RB_vs_TE,Samaje Perine,Foster Moreau,4147,5985,504,436,68,56.2,64.3,-8.1
2021,RB,TE,RB_vs_TE,Samaje Perine,Ian Thomas,4147,4995,504,324,180,56.2,27.8,28.4
2021,RB,TE,RB_vs_TE,Kene Nwangwu,Albert Okwuegbunam,7720,6843,369,567,-198,18.6,59.5,-40.9
2021,RB,TE,RB_vs_TE,Kene Nwangwu,Drew Sample,7720,6001,369,487,-118,18.6,12.3,6.3
2021,RB,TE,RB_vs_TE,Kene Nwangwu,Foster Moreau,7720,5985,369,436,-67,18.6,64.3,-45.7
2021,RB,TE,RB_vs_TE,Kene Nwangwu,Ian Thomas,7720,4995,369,324,45,18.6,27.8,-9.2
2021,RB,TE,RB_vs_TE,Trayveon Williams,Ian Thomas,6144,4995,223,324,-101,1.3,27.8,-26.5
2021,RB,TE,RB_vs_TE,Cordarrelle Patterson,Ian Thomas,1535,4995,175,324,-149,181.4,27.8,153.6
2021,RB,TE,RB_vs_TE,Cordarrelle Patterson,Colby Parkinson,1535,6865,175,0,175,181.4,3.4,178
2021,RB,TE,RB_vs_TE,Cordarrelle Patterson,Durham Smythe,1535,5008,175,0,175,181.4,48.8,132.6
2021,RB,TE,RB_vs_TE,Cordarrelle Patterson,John Bates,1535,7716,175,0,175,181.4,39.9,141.5
2021,RB,TE,RB_vs_TE,Cordarrelle Patterson,Josh Oliver,1535,5973,175,0,175,181.4,10.5,170.9
2021,RB,TE,RB_vs_TE,Cordarrelle Patterson,Tyler Conklin,1535,5133,175,0,175,181.4,106.2,75.2
2021,RB,TE,RB_vs_TE,Craig Reynolds,Colby Parkinson,6659,6865,0,0,0,28,3.4,24.6
2021,RB,TE,RB_vs_TE,Craig Reynolds,Durham Smythe,6659,5008,0,0,0,28,48.8,-20.8
2021,RB,TE,RB_vs_TE,Craig Reynolds,John Bates,6659,7716,0,0,0,28,39.9,-11.9
2021,RB,TE,RB_vs_TE,Craig Reynolds,Josh Oliver,6659,5973,0,0,0,28,10.5,17.5
2021,RB,TE,RB_vs_TE,Craig Reynolds,Tyler Conklin,6659,5133,0,0,0,28,106.2,-78.2
2021,RB,TE,RB_vs_TE,D'Ernest Johnson,Colby Parkinson,6694,6865,0,0,0,65.8,3.4,62.4
2021,RB,TE,RB_vs_TE,D'Ernest Johnson,Durham Smythe,6694,5008,0,0,0,65.8,48.8,17
2021,RB,TE,RB_vs_TE,D'Ernest Johnson,John Bates,6694,7716,0,0,0,65.8,39.9,25.9
2021,RB,TE,RB_vs_TE,D'Ernest Johnson,Josh Oliver,6694,5973,0,0,0,65.8,10.5,55.3
2021,RB,TE,RB_vs_TE,D'Ernest Johnson,Tyler Conklin,6694,5133,0,0,0,65.8,106.2,-40.4
2021,RB,TE,RB_vs_TE,D'Onta Foreman,Colby Parkinson,4111,6865,0,0,0,76.5,3.4,73.1
2021,RB,TE,RB_vs_TE,D'Onta Foreman,Durham Smythe,4111,5008,0,0,0,76.5,48.8,27.7
2021,RB,TE,RB_vs_TE,D'Onta Foreman,John Bates,4111,7716,0,0,0,76.5,39.9,36.6
2021,RB,TE,RB_vs_TE,D'Onta Foreman,Josh Oliver,4111,5973,0,0,0,76.5,10.5,66
2021,RB,TE,RB_vs_TE,D'Onta Foreman,Tyler Conklin,4111,5133,0,0,0,76.5,106.2,-29.7
2021,RB,TE,RB_vs_TE,Deon Jackson,Colby Parkinson,7551,6865,0,0,0,9.1,3.4,5.7
2021,RB,TE,RB_vs_TE,Deon Jackson,Durham Smythe,7551,5008,0,0,0,9.1,48.8,-39.7
2021,RB,TE,RB_vs_TE,Deon Jackson,John Bates,7551,7716,0,0,0,9.1,39.9,-30.8
2021,RB,TE,RB_vs_TE,Deon Jackson,Josh Oliver,7551,5973,0,0,0,9.1,10.5,-1.4
2021,RB,TE,RB_vs_TE,Deon Jackson,Tyler Conklin,7551,5133,0,0,0,9.1,106.2,-97.1
2021,RB,TE,RB_vs_TE,Gary Brightwell,Colby Parkinson,7529,6865,0,0,0,1,3.4,-2.4
2021,RB,TE,RB_vs_TE,Gary Brightwell,Durham Smythe,7529,5008,0,0,0,1,48.8,-47.8
2021,RB,TE,RB_vs_TE,Gary Brightwell,John Bates,7529,7716,0,0,0,1,39.9,-38.9
2021,RB,TE,RB_vs_TE,Gary Brightwell,Josh Oliver,7529,5973,0,0,0,1,10.5,-9.5
2021,RB,TE,RB_vs_TE,Gary Brightwell,Tyler Conklin,7529,5133,0,0,0,1,106.2,-105.2
2021,WR,TE,WR_vs_TE,Tyreek Hill,Travis Kelce,3321,1466,7330,7380,-50,185.3,205.4,-20.1
2021,WR,TE,WR_vs_TE,Tyreek Hill,Kyle Pitts,3321,7553,7330,7142,188,185.3,140.8,44.5
2021,WR,TE,WR_vs_TE,DK Metcalf,Travis Kelce,5846,1466,7239,7380,-141,163.5,205.4,-41.9
2021,WR,TE,WR_vs_TE,DK Metcalf,Kyle Pitts,5846,7553,7239,7142,97,163.5,140.8,22.7
2021,WR,TE,WR_vs_TE,A.J. Brown,Kyle Pitts,5859,7553,6946,7142,-196,105.1,140.8,-35.7
2021,WR,TE,WR_vs_TE,A.J. Brown,George Kittle,5859,4217,6946,6990,-44,105.1,159,-53.9
2021,WR,TE,WR_vs_TE,A.J. Brown,Darren Waller,5859,2505,6946,6821,125,105.1,102.8,2.3
2021,WR,TE,WR_vs_TE,Calvin Ridley,Kyle Pitts,4981,7553,6943,7142,-199,40.1,140.8,-100.7
2021,WR,TE,WR_vs_TE,Calvin Ridley,George Kittle,4981,4217,6943,6990,-47,40.1,159,-118.9
2021,WR,TE,WR_vs_TE,Calvin Ridley,Darren Waller,4981,2505,6943,6821,122,40.1,102.8,-62.7
2021,WR,TE,WR_vs_TE,Davante Adams,George Kittle,2133,4217,6929,6990,-61,215.8,159,56.8
2021,WR,TE,WR_vs_TE,Davante Adams,Darren Waller,2133,2505,6929,6821,108,215.8,102.8,113
2021,WR,TE,WR_vs_TE,CeeDee Lamb,George Kittle,6786,4217,6907,6990,-83,149.3,159,-9.7
2021,WR,TE,WR_vs_TE,CeeDee Lamb,Darren Waller,6786,2505,6907,6821,86,149.3,102.8,46.5
2021,WR,TE,WR_vs_TE,Stefon Diggs,Darren Waller,2449,2505,6733,6821,-88,168.4,102.8,65.6
2021,WR,TE,WR_vs_TE,Terry McLaurin,T.J. Hockenson,5927,5844,6217,6022,195,127.2,114.8,12.4
2021,WR,TE,WR_vs_TE,DeAndre Hopkins,T.J. Hockenson,1426,5844,5898,6022,-124,105.2,114.8,-9.6
2021,WR,TE,WR_vs_TE,D.J. Moore,Mark Andrews,4983,5012,5548,5572,-24,134.5,235.1,-100.6
2021,WR,TE,WR_vs_TE,Ja'Marr Chase,Mark Andrews,7564,5012,5523,5572,-49,221,235.1,-14.1
2021,WR,TE,WR_vs_TE,Jerry Jeudy,Mark Andrews,6783,5012,5513,5572,-59,44,235.1,-191.1
2021,WR,TE,WR_vs_TE,Chris Godwin,Mark Andrews,4037,5012,5499,5572,-73,144.4,235.1,-90.7
2021,WR,TE,WR_vs_TE,Brandon Aiyuk,Mark Andrews,6803,5012,5456,5572,-116,103.6,235.1,-131.5
2021,WR,TE,WR_vs_TE,Tee Higgins,Mark Andrews,6801,5012,5450,5572,-122,145.1,235.1,-90
2021,WR,TE,WR_vs_TE,Robert Woods,Noah Fant,1352,5857,4277,4170,107,92.2,122.9,-30.7
2021,WR,TE,WR_vs_TE,Terrace Marshall,Noah Fant,7565,5857,4245,4170,75,15.8,122.9,-107.1
2021,WR,TE,WR_vs_TE,Courtland Sutton,Noah Fant,5045,5857,4184,4170,14,90.3,122.9,-32.6
2021,WR,TE,WR_vs_TE,Rondale Moore,Pat Freiermuth,7601,7600,3841,3700,141,55.1,113.4,-58.3
2021,WR,TE,WR_vs_TE,JuJu Smith-Schuster,Pat Freiermuth,4040,7600,3762,3700,62,19.8,113.4,-93.6
2021,WR,TE,WR_vs_TE,JuJu Smith-Schuster,Dallas Goedert,4040,5022,3762,3594,168,19.8,137,-117.2
2021,WR,TE,WR_vs_TE,Darnell Mooney,Pat Freiermuth,7090,7600,3639,3700,-61,126.1,113.4,12.7
2021,WR,TE,WR_vs_TE,Darnell Mooney,Dallas Goedert,7090,5022,3639,3594,45,126.1,137,-10.9
2021,WR,TE,WR_vs_TE,Darnell Mooney,Mike Gesicki,7090,4993,3639,3466,173,126.1,125.3,0.8
2021,WR,TE,WR_vs_TE,Tyler Boyd,Pat Freiermuth,3225,7600,3637,3700,-63,116.8,113.4,3.4
2021,WR,TE,WR_vs_TE,Tyler Boyd,Dallas Goedert,3225,5022,3637,3594,43,116.8,137,-20.2
2021,WR,TE,WR_vs_TE,Tyler Boyd,Mike Gesicki,3225,4993,3637,3466,171,116.8,125.3,-8.5
2021,WR,TE,WR_vs_TE,Michael Pittman,Pat Freiermuth,6819,7600,3602,3700,-98,136.2,113.4,22.8
2021,WR,TE,WR_vs_TE,Michael Pittman,Dallas Goedert,6819,5022,3602,3594,8,136.2,137,-0.8
2021,WR,TE,WR_vs_TE,Michael Pittman,Mike Gesicki,6819,4993,3602,3466,136,136.2,125.3,10.9
2021,WR,TE,WR_vs_TE,D.J. Chark,Dallas Goedert,4951,5022,3435,3594,-159,27.4,137,-109.6
2021,WR,TE,WR_vs_TE,D.J. Chark,Mike Gesicki,4951,4993,3435,3466,-31,27.4,125.3,-97.9
2021,WR,TE,WR_vs_TE,Michael Gallup,Dallas Goedert,5038,5022,3433,3594,-161,56.5,137,-80.5
2021,WR,TE,WR_vs_TE,Michael Gallup,Mike Gesicki,5038,4993,3433,3466,-33,56.5,125.3,-68.8
2021,WR,TE,WR_vs_TE,Marquez Callaway,Mike Gesicki,6989,4993,3364,3466,-102,105.8,125.3,-19.5
2021,WR,TE,WR_vs_TE,Curtis Samuel,Mike Gesicki,4082,4993,3336,3466,-130,3.8,125.3,-121.5
2021,WR,TE,WR_vs_TE,Jakobi Meyers,Mike Gesicki,5947,4993,3318,3466,-148,98.3,125.3,-27
2021,WR,TE,WR_vs_TE,Jakobi Meyers,Jonnu Smith,5947,4144,3318,3122,196,98.3,52.9,45.4
2021,WR,TE,WR_vs_TE,Odell Beckham,Mike Gesicki,2078,4993,3278,3466,-188,83.3,125.3,-42
2021,WR,TE,WR_vs_TE,Odell Beckham,Jonnu Smith,2078,4144,3278,3122,156,83.3,52.9,30.4
2021,WR,TE,WR_vs_TE,Adam Thielen,Jonnu Smith,1689,4144,3251,3122,129,132.8,52.9,79.9
2021,WR,TE,WR_vs_TE,Brandin Cooks,Jonnu Smith,2197,4144,3228,3122,106,139.2,52.9,86.3
2021,WR,TE,WR_vs_TE,Mike Williams,Jonnu Smith,4068,4144,3099,3122,-23,152.7,52.9,99.8
2021,WR,TE,WR_vs_TE,Mike Williams,Tyler Higbee,4068,3271,3099,2976,123,152.7,96,56.7
2021,WR,TE,WR_vs_TE,Marquise Brown,Jonnu Smith,5848,4144,3006,3122,-116,132.6,52.9,79.7
2021,WR,TE,WR_vs_TE,Marquise Brown,Tyler Higbee,5848,3271,3006,2976,30,132.6,96,36.6
2021,WR,TE,WR_vs_TE,Marquise Brown,Cole Kmet,5848,6826,3006,2898,108,132.6,84.4,48.2
2021,WR,TE,WR_vs_TE,Gabriel Davis,Tyler Higbee,6943,3271,2855,2976,-121,87,96,-9
2021,WR,TE,WR_vs_TE,Gabriel Davis,Cole Kmet,6943,6826,2855,2898,-43,87,84.4,2.6
2021,WR,TE,WR_vs_TE,Amon-Ra St. Brown,Tyler Higbee,7547,3271,2848,2976,-128,119.2,96,23.2
2021,WR,TE,WR_vs_TE,Amon-Ra St. Brown,Cole Kmet,7547,6826,2848,2898,-50,119.2,84.4,34.8
2021,WR,TE,WR_vs_TE,Dyami Brown,Tyler Higbee,7587,3271,2831,2976,-145,16.1,96,-79.9
2021,WR,TE,WR_vs_TE,Dyami Brown,Cole Kmet,7587,6826,2831,2898,-67,16.1,84.4,-68.3
2021,WR,TE,WR_vs_TE,Kadarius Toney,Hunter Henry,7606,3214,2522,2588,-66,43.4,128.2,-84.8
2021,WR,TE,WR_vs_TE,Nico Collins,Hunter Henry,7569,3214,2502,2588,-86,43.9,128.2,-84.3
2021,WR,TE,WR_vs_TE,Mecole Hardman,Hunter Henry,5917,3214,2437,2588,-151,70.6,128.2,-57.6
2021,WR,TE,WR_vs_TE,Josh Palmer,Adam Trautman,7670,6869,2346,2232,114,49.4,41.5,7.9
2021,WR,TE,WR_vs_TE,Parris Campbell,Adam Trautman,5880,6869,2260,2232,28,22.2,41.5,-19.3
2021,WR,TE,WR_vs_TE,Parris Campbell,Evan Engram,5880,4066,2260,2128,132,22.2,78.6,-56.4
2021,WR,TE,WR_vs_TE,DeVante Parker,Adam Trautman,2319,6869,2162,2232,-70,62.3,41.5,20.8
2021,WR,TE,WR_vs_TE,DeVante Parker,Evan Engram,2319,4066,2162,2128,34,62.3,78.6,-16.3
2021,WR,TE,WR_vs_TE,KJ Hamler,Evan Engram,6805,4066,1945,2128,-183,7.4,78.6,-71.2
2021,WR,TE,WR_vs_TE,Donovan Peoples-Jones,Noah Gray,6824,7828,1771,1643,128,71.9,13.1,58.8
2021,WR,TE,WR_vs_TE,Donovan Peoples-Jones,Gerald Everett,6824,4089,1771,1625,146,71.9,91.3,-19.4
2021,WR,TE,WR_vs_TE,Donovan Peoples-Jones,Austin Hooper,6824,3202,1771,1589,182,71.9,73.5,-1.6
2021,WR,TE,WR_vs_TE,Donovan Peoples-Jones,Harrison Bryant,6824,6850,1771,1582,189,71.9,50.4,21.5
2021,WR,TE,WR_vs_TE,Denzel Mims,Noah Gray,6849,7828,1680,1643,37,13.3,13.1,0.2
2021,WR,TE,WR_vs_TE,Denzel Mims,Gerald Everett,6849,4089,1680,1625,55,13.3,91.3,-78
2021,WR,TE,WR_vs_TE,Denzel Mims,Austin Hooper,6849,3202,1680,1589,91,13.3,73.5,-60.2
2021,WR,TE,WR_vs_TE,Denzel Mims,Harrison Bryant,6849,6850,1680,1582,98,13.3,50.4,-37.1
2021,WR,TE,WR_vs_TE,Christian Kirk,Noah Gray,4950,7828,1585,1643,-58,126.3,13.1,113.2
2021,WR,TE,WR_vs_TE,Christian Kirk,Gerald Everett,4950,4089,1585,1625,-40,126.3,91.3,35
2021,WR,TE,WR_vs_TE,Christian Kirk,Austin Hooper,4950,3202,1585,1589,-4,126.3,73.5,52.8
2021,WR,TE,WR_vs_TE,Christian Kirk,Harrison Bryant,4950,6850,1585,1582,3,126.3,50.4,75.9
2021,WR,TE,WR_vs_TE,Christian Kirk,Taysom Hill,4950,4381,1585,1425,160,126.3,109.6,16.7
2021,WR,TE,WR_vs_TE,Christian Kirk,Dalton Schultz,4950,5001,1585,1401,184,126.3,154.2,-27.9
2021,WR,TE,WR_vs_TE,Quez Watkins,Noah Gray,6927,7828,1571,1643,-72,58.6,13.1,45.5
2021,WR,TE,WR_vs_TE,Quez Watkins,Gerald Everett,6927,4089,1571,1625,-54,58.6,91.3,-32.7
2021,WR,TE,WR_vs_TE,Quez Watkins,Austin Hooper,6927,3202,1571,1589,-18,58.6,73.5,-14.9
2021,WR,TE,WR_vs_TE,Quez Watkins,Harrison Bryant,6927,6850,1571,1582,-11,58.6,50.4,8.2
2021,WR,TE,WR_vs_TE,Quez Watkins,Taysom Hill,6927,4381,1571,1425,146,58.6,109.6,-51
2021,WR,TE,WR_vs_TE,Quez Watkins,Dalton Schultz,6927,5001,1571,1401,170,58.6,154.2,-95.6
2021,WR,TE,WR_vs_TE,Quez Watkins,Zach Ertz,6927,1339,1571,1381,190,58.6,131.8,-73.2
2021,WR,TE,WR_vs_TE,Darius Slayton,Noah Gray,6149,7828,1559,1643,-84,33.7,13.1,20.6
2021,WR,TE,WR_vs_TE,Darius Slayton,Gerald Everett,6149,4089,1559,1625,-66,33.7,91.3,-57.6
2021,WR,TE,WR_vs_TE,Darius Slayton,Austin Hooper,6149,3202,1559,1589,-30,33.7,73.5,-39.8
2021,WR,TE,WR_vs_TE,Darius Slayton,Harrison Bryant,6149,6850,1559,1582,-23,33.7,50.4,-16.7
2021,WR,TE,WR_vs_TE,Darius Slayton,Taysom Hill,6149,4381,1559,1425,134,33.7,109.6,-75.9
2021,WR,TE,WR_vs_TE,Darius Slayton,Dalton Schultz,6149,5001,1559,1401,158,33.7,154.2,-120.5
2021,WR,TE,WR_vs_TE,Darius Slayton,Zach Ertz,6149,1339,1559,1381,178,33.7,131.8,-98.1
2021,WR,TE,WR_vs_TE,Van Jefferson,Noah Gray,6853,7828,1518,1643,-125,115.1,13.1,102
2021,WR,TE,WR_vs_TE,Van Jefferson,Gerald Everett,6853,4089,1518,1625,-107,115.1,91.3,23.8
2021,WR,TE,WR_vs_TE,Van Jefferson,Austin Hooper,6853,3202,1518,1589,-71,115.1,73.5,41.6
2021,WR,TE,WR_vs_TE,Van Jefferson,Harrison Bryant,6853,6850,1518,1582,-64,115.1,50.4,64.7
2021,WR,TE,WR_vs_TE,Van Jefferson,Taysom Hill,6853,4381,1518,1425,93,115.1,109.6,5.5
2021,WR,TE,WR_vs_TE,Van Jefferson,Dalton Schultz,6853,5001,1518,1401,117,115.1,154.2,-39.1
2021,WR,TE,WR_vs_TE,Van Jefferson,Zach Ertz,6853,1339,1518,1381,137,115.1,131.8,-16.7
2021,WR,TE,WR_vs_TE,Van Jefferson,Dawson Knox,6853,5906,1518,1333,185,115.1,132.8,-17.7
2021,WR,TE,WR_vs_TE,Van Jefferson,David Njoku,6853,4033,1518,1328,190,115.1,87.5,27.6
2021,WR,TE,WR_vs_TE,Nelson Agholor,Noah Gray,2325,7828,1508,1643,-135,64.1,13.1,51
2021,WR,TE,WR_vs_TE,Nelson Agholor,Gerald Everett,2325,4089,1508,1625,-117,64.1,91.3,-27.2
2021,WR,TE,WR_vs_TE,Nelson Agholor,Austin Hooper,2325,3202,1508,1589,-81,64.1,73.5,-9.4
2021,WR,TE,WR_vs_TE,Nelson Agholor,Harrison Bryant,2325,6850,1508,1582,-74,64.1,50.4,13.7
2021,WR,TE,WR_vs_TE,Nelson Agholor,Taysom Hill,2325,4381,1508,1425,83,64.1,109.6,-45.5
2021,WR,TE,WR_vs_TE,Nelson Agholor,Dalton Schultz,2325,5001,1508,1401,107,64.1,154.2,-90.1
2021,WR,TE,WR_vs_TE,Nelson Agholor,Zach Ertz,2325,1339,1508,1381,127,64.1,131.8,-67.7
2021,WR,TE,WR_vs_TE,Nelson Agholor,Dawson Knox,2325,5906,1508,1333,175,64.1,132.8,-68.7
2021,WR,TE,WR_vs_TE,Nelson Agholor,David Njoku,2325,4033,1508,1328,180,64.1,87.5,-23.4
2021,WR,TE,WR_vs_TE,Tre'Quan Smith,Noah Gray,5026,7828,1471,1643,-172,42.1,13.1,29
2021,WR,TE,WR_vs_TE,Tre'Quan Smith,Gerald Everett,5026,4089,1471,1625,-154,42.1,91.3,-49.2
2021,WR,TE,WR_vs_TE,Tre'Quan Smith,Austin Hooper,5026,3202,1471,1589,-118,42.1,73.5,-31.4
2021,WR,TE,WR_vs_TE,Tre'Quan Smith,Harrison Bryant,5026,6850,1471,1582,-111,42.1,50.4,-8.3
2021,WR,TE,WR_vs_TE,Tre'Quan Smith,Taysom Hill,5026,4381,1471,1425,46,42.1,109.6,-67.5
2021,WR,TE,WR_vs_TE,Tre'Quan Smith,Dalton Schultz,5026,5001,1471,1401,70,42.1,154.2,-112.1
2021,WR,TE,WR_vs_TE,Tre'Quan Smith,Zach Ertz,5026,1339,1471,1381,90,42.1,131.8,-89.7
2021,WR,TE,WR_vs_TE,Tre'Quan Smith,Dawson Knox,5026,5906,1471,1333,138,42.1,132.8,-90.7
2021,WR,TE,WR_vs_TE,Tre'Quan Smith,David Njoku,5026,4033,1471,1328,143,42.1,87.5,-45.4
2021,WR,TE,WR_vs_TE,Tyler Johnson,Taysom Hill,6960,4381,1363,1425,-62,33.8,109.6,-75.8
2021,WR,TE,WR_vs_TE,Tyler Johnson,Dalton Schultz,6960,5001,1363,1401,-38,33.8,154.2,-120.4
2021,WR,TE,WR_vs_TE,Tyler Johnson,Zach Ertz,6960,1339,1363,1381,-18,33.8,131.8,-98
2021,WR,TE,WR_vs_TE,Tyler Johnson,Dawson Knox,6960,5906,1363,1333,30,33.8,132.8,-99
2021,WR,TE,WR_vs_TE,Tyler Johnson,David Njoku,6960,4033,1363,1328,35,33.8,87.5,-53.7
2021,WR,TE,WR_vs_TE,Tyler Johnson,Tommy Tremble,6960,7694,1363,1225,138,33.8,41,-7.2
2021,WR,TE,WR_vs_TE,Tylan Wallace,Taysom Hill,7595,4381,1360,1425,-65,2.3,109.6,-107.3
2021,WR,TE,WR_vs_TE,Tylan Wallace,Dalton Schultz,7595,5001,1360,1401,-41,2.3,154.2,-151.9
2021,WR,TE,WR_vs_TE,Tylan Wallace,Zach Ertz,7595,1339,1360,1381,-21,2.3,131.8,-129.5
2021,WR,TE,WR_vs_TE,Tylan Wallace,Dawson Knox,7595,5906,1360,1333,27,2.3,132.8,-130.5
2021,WR,TE,WR_vs_TE,Tylan Wallace,David Njoku,7595,4033,1360,1328,32,2.3,87.5,-85.2
2021,WR,TE,WR_vs_TE,Tylan Wallace,Tommy Tremble,7595,7694,1360,1225,135,2.3,41,-38.7
2021,WR,TE,WR_vs_TE,Hunter Renfrow,Taysom Hill,5955,4381,1339,1425,-86,143.2,109.6,33.6
2021,WR,TE,WR_vs_TE,Hunter Renfrow,Dalton Schultz,5955,5001,1339,1401,-62,143.2,154.2,-11
2021,WR,TE,WR_vs_TE,Hunter Renfrow,Zach Ertz,5955,1339,1339,1381,-42,143.2,131.8,11.4
2021,WR,TE,WR_vs_TE,Hunter Renfrow,Dawson Knox,5955,5906,1339,1333,6,143.2,132.8,10.4
2021,WR,TE,WR_vs_TE,Hunter Renfrow,David Njoku,5955,4033,1339,1328,11,143.2,87.5,55.7
2021,WR,TE,WR_vs_TE,Hunter Renfrow,Tommy Tremble,5955,7694,1339,1225,114,143.2,41,102.2
2021,WR,TE,WR_vs_TE,Marquez Valdes-Scantling,Dawson Knox,5086,5906,1165,1333,-168,61,132.8,-71.8
2021,WR,TE,WR_vs_TE,Marquez Valdes-Scantling,David Njoku,5086,4033,1165,1328,-163,61,87.5,-26.5
2021,WR,TE,WR_vs_TE,Marquez Valdes-Scantling,Tommy Tremble,5086,7694,1165,1225,-60,61,41,20
2021,WR,TE,WR_vs_TE,Marquez Valdes-Scantling,Juwan Johnson,5086,7002,1165,1105,60,61,39.4,21.6
2021,WR,TE,WR_vs_TE,Marquez Valdes-Scantling,Donald Parham,5086,6074,1165,1099,66,61,49,12
2021,WR,TE,WR_vs_TE,Marquez Valdes-Scantling,Brevin Jordan,5086,7568,1165,1074,91,61,45.8,15.2
2021,WR,TE,WR_vs_TE,Allen Lazard,Tommy Tremble,5185,7694,1113,1225,-112,83,41,42
2021,WR,TE,WR_vs_TE,Allen Lazard,Juwan Johnson,5185,7002,1113,1105,8,83,39.4,43.6
2021,WR,TE,WR_vs_TE,Allen Lazard,Donald Parham,5185,6074,1113,1099,14,83,49,34
2021,WR,TE,WR_vs_TE,Allen Lazard,Brevin Jordan,5185,7568,1113,1074,39,83,45.8,37.2
2021,WR,TE,WR_vs_TE,Allen Lazard,Hayden Hurst,5185,4973,1113,935,178,83,47.3,35.7
2021,WR,TE,WR_vs_TE,Jalen Guyton,Tommy Tremble,6421,7694,1043,1225,-182,61,41,20
2021,WR,TE,WR_vs_TE,Jalen Guyton,Juwan Johnson,6421,7002,1043,1105,-62,61,39.4,21.6
2021,WR,TE,WR_vs_TE,Jalen Guyton,Donald Parham,6421,6074,1043,1099,-56,61,49,12
2021,WR,TE,WR_vs_TE,Jalen Guyton,Brevin Jordan,6421,7568,1043,1074,-31,61,45.8,15.2
2021,WR,TE,WR_vs_TE,Jalen Guyton,Hayden Hurst,6421,4973,1043,935,108,61,47.3,13.7
2021,WR,TE,WR_vs_TE,Deonte Harty,Tommy Tremble,6234,7694,1031,1225,-194,73.8,41,32.8
2021,WR,TE,WR_vs_TE,Deonte Harty,Juwan Johnson,6234,7002,1031,1105,-74,73.8,39.4,34.4
2021,WR,TE,WR_vs_TE,Deonte Harty,Donald Parham,6234,6074,1031,1099,-68,73.8,49,24.8
2021,WR,TE,WR_vs_TE,Deonte Harty,Brevin Jordan,6234,7568,1031,1074,-43,73.8,45.8,28
2021,WR,TE,WR_vs_TE,Deonte Harty,Hayden Hurst,6234,4973,1031,935,96,73.8,47.3,26.5
2021,WR,TE,WR_vs_TE,Josh Reynolds,Juwan Johnson,4171,7002,1021,1105,-84,50.5,39.4,11.1
2021,WR,TE,WR_vs_TE,Josh Reynolds,Donald Parham,4171,6074,1021,1099,-78,50.5,49,1.5
2021,WR,TE,WR_vs_TE,Josh Reynolds,Brevin Jordan,4171,7568,1021,1074,-53,50.5,45.8,4.7
2021,WR,TE,WR_vs_TE,Josh Reynolds,Hayden Hurst,4171,4973,1021,935,86,50.5,47.3,3.2
2021,WR,TE,WR_vs_TE,Anthony Schwartz,Juwan Johnson,7533,7002,1000,1105,-105,21.8,39.4,-17.6
2021,WR,TE,WR_vs_TE,Anthony Schwartz,Donald Parham,7533,6074,1000,1099,-99,21.8,49,-27.2
2021,WR,TE,WR_vs_TE,Anthony Schwartz,Brevin Jordan,7533,7568,1000,1074,-74,21.8,45.8,-24
2021,WR,TE,WR_vs_TE,Anthony Schwartz,Hayden Hurst,7533,4973,1000,935,65,21.8,47.3,-25.5
2021,WR,TE,WR_vs_TE,Demarcus Robinson,Hayden Hurst,3286,4973,860,935,-75,42.5,47.3,-4.8
2021,WR,TE,WR_vs_TE,Demarcus Robinson,Hunter Long,3286,7535,860,768,92,42.5,1.3,41.2
2021,WR,TE,WR_vs_TE,Demarcus Robinson,Will Dissly,3286,5010,860,665,195,42.5,39.6,2.9
2021,WR,TE,WR_vs_TE,Ihmir Smith-Marsette,Hayden Hurst,7559,4973,854,935,-81,7.3,47.3,-40
2021,WR,TE,WR_vs_TE,Ihmir Smith-Marsette,Hunter Long,7559,7535,854,768,86,7.3,1.3,6
2021,WR,TE,WR_vs_TE,Ihmir Smith-Marsette,Will Dissly,7559,5010,854,665,189,7.3,39.6,-32.3
2021,WR,TE,WR_vs_TE,Jaelon Darden,Hayden Hurst,7713,4973,848,935,-87,5.4,47.3,-41.9
2021,WR,TE,WR_vs_TE,Jaelon Darden,Hunter Long,7713,7535,848,768,80,5.4,1.3,4.1
2021,WR,TE,WR_vs_TE,Jaelon Darden,Will Dissly,7713,5010,848,665,183,5.4,39.6,-34.2
2021,WR,TE,WR_vs_TE,Tim Patrick,Hayden Hurst,4351,4973,814,935,-121,93.9,47.3,46.6
2021,WR,TE,WR_vs_TE,Tim Patrick,Hunter Long,4351,7535,814,768,46,93.9,1.3,92.6
2021,WR,TE,WR_vs_TE,Tim Patrick,Will Dissly,4351,5010,814,665,149,93.9,39.6,54.3
2021,WR,TE,WR_vs_TE,Devin Duvernay,Hayden Hurst,6847,4973,772,935,-163,50,47.3,2.7
2021,WR,TE,WR_vs_TE,Devin Duvernay,Hunter Long,6847,7535,772,768,4,50,1.3,48.7
2021,WR,TE,WR_vs_TE,Devin Duvernay,Will Dissly,6847,5010,772,665,107,50,39.6,10.4
2021,WR,TE,WR_vs_TE,Devin Duvernay,Kylen Granson,6847,7602,772,609,163,50,16.1,33.9
2021,WR,TE,WR_vs_TE,Devin Duvernay,Mo Alie-Cox,6847,4054,772,578,194,50,63.9,-13.9
2021,WR,TE,WR_vs_TE,Olamide Zaccheaus,Hayden Hurst,6271,4973,744,935,-191,54.1,47.3,6.8
2021,WR,TE,WR_vs_TE,Olamide Zaccheaus,Hunter Long,6271,7535,744,768,-24,54.1,1.3,52.8
2021,WR,TE,WR_vs_TE,Olamide Zaccheaus,Will Dissly,6271,5010,744,665,79,54.1,39.6,14.5
2021,WR,TE,WR_vs_TE,Olamide Zaccheaus,Kylen Granson,6271,7602,744,609,135,54.1,16.1,38
2021,WR,TE,WR_vs_TE,Olamide Zaccheaus,Mo Alie-Cox,6271,4054,744,578,166,54.1,63.9,-9.8
2021,WR,TE,WR_vs_TE,Olamide Zaccheaus,Albert Okwuegbunam,6271,6843,744,567,177,54.1,59.5,-5.4
2021,WR,TE,WR_vs_TE,Scotty Miller,Hunter Long,6290,7535,733,768,-35,2.9,1.3,1.6
2021,WR,TE,WR_vs_TE,Scotty Miller,Will Dissly,6290,5010,733,665,68,2.9,39.6,-36.7
2021,WR,TE,WR_vs_TE,Scotty Miller,Kylen Granson,6290,7602,733,609,124,2.9,16.1,-13.2
2021,WR,TE,WR_vs_TE,Scotty Miller,Mo Alie-Cox,6290,4054,733,578,155,2.9,63.9,-61
2021,WR,TE,WR_vs_TE,Scotty Miller,Albert Okwuegbunam,6290,6843,733,567,166,2.9,59.5,-56.6
2021,WR,TE,WR_vs_TE,Kendrick Bourne,Hunter Long,4454,7535,627,768,-141,122.3,1.3,121
2021,WR,TE,WR_vs_TE,Kendrick Bourne,Will Dissly,4454,5010,627,665,-38,122.3,39.6,82.7
2021,WR,TE,WR_vs_TE,Kendrick Bourne,Kylen Granson,4454,7602,627,609,18,122.3,16.1,106.2
2021,WR,TE,WR_vs_TE,Kendrick Bourne,Mo Alie-Cox,4454,4054,627,578,49,122.3,63.9,58.4
2021,WR,TE,WR_vs_TE,Kendrick Bourne,Albert Okwuegbunam,4454,6843,627,567,60,122.3,59.5,62.8
2021,WR,TE,WR_vs_TE,Kendrick Bourne,Drew Sample,4454,6001,627,487,140,122.3,12.3,110
2021,WR,TE,WR_vs_TE,Kendrick Bourne,Foster Moreau,4454,5985,627,436,191,122.3,64.3,58
2021,WR,TE,WR_vs_TE,Equanimeous St. Brown,Ian Thomas,5323,4995,180,324,-144,9,27.8,-18.8
2021,WR,TE,WR_vs_TE,Equanimeous St. Brown,Colby Parkinson,5323,6865,180,0,180,9,3.4,5.6
2021,WR,TE,WR_vs_TE,Equanimeous St. Brown,Durham Smythe,5323,5008,180,0,180,9,48.8,-39.8
2021,WR,TE,WR_vs_TE,Equanimeous St. Brown,John Bates,5323,7716,180,0,180,9,39.9,-30.9
2021,WR,TE,WR_vs_TE,Equanimeous St. Brown,Josh Oliver,5323,5973,180,0,180,9,10.5,-1.5
2021,WR,TE,WR_vs_TE,Equanimeous St. Brown,Tyler Conklin,5323,5133,180,0,180,9,106.2,-97.2
2021,WR,TE,WR_vs_TE,Ben Skowronek,Colby Parkinson,7757,6865,0,0,0,13.3,3.4,9.9
2021,WR,TE,WR_vs_TE,Ben Skowronek,Durham Smythe,7757,5008,0,0,0,13.3,48.8,-35.5
2021,WR,TE,WR_vs_TE,Ben Skowronek,John Bates,7757,7716,0,0,0,13.3,39.9,-26.6
2021,WR,TE,WR_vs_TE,Ben Skowronek,Josh Oliver,7757,5973,0,0,0,13.3,10.5,2.8
2021,WR,TE,WR_vs_TE,Ben Skowronek,Tyler Conklin,7757,5133,0,0,0,13.3,106.2,-92.9
2021,WR,TE,WR_vs_TE,Brandon Powell,Colby Parkinson,5695,6865,0,0,0,6,3.4,2.6
2021,WR,TE,WR_vs_TE,Brandon Powell,Durham Smythe,5695,5008,0,0,0,6,48.8,-42.8
2021,WR,TE,WR_vs_TE,Brandon Powell,John Bates,5695,7716,0,0,0,6,39.9,-33.9
2021,WR,TE,WR_vs_TE,Brandon Powell,Josh Oliver,5695,5973,0,0,0,6,10.5,-4.5
2021,WR,TE,WR_vs_TE,Brandon Powell,Tyler Conklin,5695,5133,0,0,0,6,106.2,-100.2
2021,WR,TE,WR_vs_TE,Braxton Berrios,Colby Parkinson,5121,6865,0,0,0,75.1,3.4,71.7
2021,WR,TE,WR_vs_TE,Braxton Berrios,Durham Smythe,5121,5008,0,0,0,75.1,48.8,26.3
2021,WR,TE,WR_vs_TE,Braxton Berrios,John Bates,5121,7716,0,0,0,75.1,39.9,35.2
2021,WR,TE,WR_vs_TE,Braxton Berrios,Josh Oliver,5121,5973,0,0,0,75.1,10.5,64.6
2021,WR,TE,WR_vs_TE,Braxton Berrios,Tyler Conklin,5121,5133,0,0,0,75.1,106.2,-31.1
2021,WR,TE,WR_vs_TE,Cedrick Wilson,Colby Parkinson,5113,6865,0,0,0,78.9,3.4,75.5
2021,WR,TE,WR_vs_TE,Cedrick Wilson,Durham Smythe,5113,5008,0,0,0,78.9,48.8,30.1
2021,WR,TE,WR_vs_TE,Cedrick Wilson,John Bates,5113,7716,0,0,0,78.9,39.9,39
2021,WR,TE,WR_vs_TE,Cedrick Wilson,Josh Oliver,5113,5973,0,0,0,78.9,10.5,68.4
2021,WR,TE,WR_vs_TE,Cedrick Wilson,Tyler Conklin,5113,5133,0,0,0,78.9,106.2,-27.3
2021,WR,TE,WR_vs_TE,Greg Dortch,Colby Parkinson,5970,6865,0,0,0,3.4,3.4,0
2021,WR,TE,WR_vs_TE,Greg Dortch,Durham Smythe,5970,5008,0,0,0,3.4,48.8,-45.4
2021,WR,TE,WR_vs_TE,Greg Dortch,John Bates,5970,7716,0,0,0,3.4,39.9,-36.5
2021,WR,TE,WR_vs_TE,Greg Dortch,Josh Oliver,5970,5973,0,0,0,3.4,10.5,-7.1
2021,WR,TE,WR_vs_TE,Greg Dortch,Tyler Conklin,5970,5133,0,0,0,3.4,106.2,-102.8
2021,WR,TE,WR_vs_TE,Isaiah McKenzie,Colby Parkinson,4197,6865,0,0,0,30.6,3.4,27.2
2021,WR,TE,WR_vs_TE,Isaiah McKenzie,Durham Smythe,4197,5008,0,0,0,30.6,48.8,-18.2
2021,WR,TE,WR_vs_TE,Isaiah McKenzie,John Bates,4197,7716,0,0,0,30.6,39.9,-9.3
2021,WR,TE,WR_vs_TE,Isaiah McKenzie,Josh Oliver,4197,5973,0,0,0,30.6,10.5,20.1
2021,WR,TE,WR_vs_TE,Isaiah McKenzie,Tyler Conklin,4197,5133,0,0,0,30.6,106.2,-75.6
2021,WR,TE,WR_vs_TE,Jamal Agnew,Colby Parkinson,4198,6865,0,0,0,58,3.4,54.6
2021,WR,TE,WR_vs_TE,Jamal Agnew,Durham Smythe,4198,5008,0,0,0,58,48.8,9.2
2021,WR,TE,WR_vs_TE,Jamal Agnew,John Bates,4198,7716,0,0,0,58,39.9,18.1
2021,WR,TE,WR_vs_TE,Jamal Agnew,Josh Oliver,4198,5973,0,0,0,58,10.5,47.5
2021,WR,TE,WR_vs_TE,Jamal Agnew,Tyler Conklin,4198,5133,0,0,0,58,106.2,-48.2
2021,WR,TE,WR_vs_TE,Jauan Jennings,Colby Parkinson,7049,6865,0,0,0,36.8,3.4,33.4
2021,WR,TE,WR_vs_TE,Jauan Jennings,Durham Smythe,7049,5008,0,0,0,36.8,48.8,-12
2021,WR,TE,WR_vs_TE,Jauan Jennings,John Bates,7049,7716,0,0,0,36.8,39.9,-3.1
2021,WR,TE,WR_vs_TE,Jauan Jennings,Josh Oliver,7049,5973,0,0,0,36.8,10.5,26.3
2021,WR,TE,WR_vs_TE,Jauan Jennings,Tyler Conklin,7049,5133,0,0,0,36.8,106.2,-69.4
2021,WR,TE,WR_vs_TE,K.J. Osborn,Colby Parkinson,7066,6865,0,0,0,100.4,3.4,97
2021,WR,TE,WR_vs_TE,K.J. Osborn,Durham Smythe,7066,5008,0,0,0,100.4,48.8,51.6
2021,WR,TE,WR_vs_TE,K.J. Osborn,John Bates,7066,7716,0,0,0,100.4,39.9,60.5
2021,WR,TE,WR_vs_TE,K.J. Osborn,Josh Oliver,7066,5973,0,0,0,100.4,10.5,89.9
2021,WR,TE,WR_vs_TE,K.J. Osborn,Tyler Conklin,7066,5133,0,0,0,100.4,106.2,-5.8
2021,WR,TE,WR_vs_TE,Kalif Raymond,Colby Parkinson,3634,6865,0,0,0,67,3.4,63.6
2021,WR,TE,WR_vs_TE,Kalif Raymond,Durham Smythe,3634,5008,0,0,0,67,48.8,18.2
2021,WR,TE,WR_vs_TE,Kalif Raymond,John Bates,3634,7716,0,0,0,67,39.9,27.1
2021,WR,TE,WR_vs_TE,Kalif Raymond,Josh Oliver,3634,5973,0,0,0,67,10.5,56.5
2021,WR,TE,WR_vs_TE,Kalif Raymond,Tyler Conklin,3634,5133,0,0,0,67,106.2,-39.2
2021,WR,TE,WR_vs_TE,Lil'Jordan Humphrey,Colby Parkinson,5938,6865,0,0,0,34.3,3.4,30.9
2021,WR,TE,WR_vs_TE,Lil'Jordan Humphrey,Durham Smythe,5938,5008,0,0,0,34.3,48.8,-14.5
2021,WR,TE,WR_vs_TE,Lil'Jordan Humphrey,John Bates,5938,7716,0,0,0,34.3,39.9,-5.6
2021,WR,TE,WR_vs_TE,Lil'Jordan Humphrey,Josh Oliver,5938,5973,0,0,0,34.3,10.5,23.8
2021,WR,TE,WR_vs_TE,Lil'Jordan Humphrey,Tyler Conklin,5938,5133,0,0,0,34.3,106.2,-71.9
2021,WR,TE,WR_vs_TE,Nick Westbrook-Ikhine,Colby Parkinson,7496,6865,0,0,0,55.8,3.4,52.4
2021,WR,TE,WR_vs_TE,Nick Westbrook-Ikhine,Durham Smythe,7496,5008,0,0,0,55.8,48.8,7
2021,WR,TE,WR_vs_TE,Nick Westbrook-Ikhine,John Bates,7496,7716,0,0,0,55.8,39.9,15.9
2021,WR,TE,WR_vs_TE,Nick Westbrook-Ikhine,Josh Oliver,7496,5973,0,0,0,55.8,10.5,45.3
2021,WR,TE,WR_vs_TE,Nick Westbrook-Ikhine,Tyler Conklin,7496,5133,0,0,0,55.8,106.2,-50.4
2021,WR,TE,WR_vs_TE,Noah Brown,Colby Parkinson,4234,6865,0,0,0,18.4,3.4,15
2021,WR,TE,WR_vs_TE,Noah Brown,Durham Smythe,4234,5008,0,0,0,18.4,48.8,-30.4
2021,WR,TE,WR_vs_TE,Noah Brown,John Bates,4234,7716,0,0,0,18.4,39.9,-21.5
2021,WR,TE,WR_vs_TE,Noah Brown,Josh Oliver,4234,5973,0,0,0,18.4,10.5,7.9
2021,WR,TE,WR_vs_TE,Noah Brown,Tyler Conklin,4234,5133,0,0,0,18.4,106.2,-87.8
2021,WR,TE,WR_vs_TE,Trenton Irwin,Colby Parkinson,6598,6865,0,0,0,2.5,3.4,-0.9
2021,WR,TE,WR_vs_TE,Trenton Irwin,Durham Smythe,6598,5008,0,0,0,2.5,48.8,-46.3
2021,WR,TE,WR_vs_TE,Trenton Irwin,John Bates,6598,7716,0,0,0,2.5,39.9,-37.4
2021,WR,TE,WR_vs_TE,Trenton Irwin,Josh Oliver,6598,5973,0,0,0,2.5,10.5,-8
2021,WR,TE,WR_vs_TE,Trenton Irwin,Tyler Conklin,6598,5133,0,0,0,2.5,106.2,-103.7
2021,WR,TE,WR_vs_TE,Zay Jones,Colby Parkinson,4080,6865,0,0,0,56.2,3.4,52.8
2021,WR,TE,WR_vs_TE,Zay Jones,Durham Smythe,4080,5008,0,0,0,56.2,48.8,7.4
2021,WR,TE,WR_vs_TE,Zay Jones,John Bates,4080,7716,0,0,0,56.2,39.9,16.3
2021,WR,TE,WR_vs_TE,Zay Jones,Josh Oliver,4080,5973,0,0,0,56.2,10.5,45.7
2021,WR,TE,WR_vs_TE,Zay Jones,Tyler Conklin,4080,5133,0,0,0,56.2,106.2,-50
2022,QB,RB,QB_vs_RB,Jalen Hurts,Javonte Williams,6904,7588,6055,6230,-175,369.6,26,343.6
2022,QB,RB,QB_vs_RB,Jalen Hurts,Christian McCaffrey,6904,4034,6055,6079,-24,369.6,257.5,112.1
2022,QB,RB,QB_vs_RB,Trey Lance,Christian McCaffrey,7610,4034,5965,6079,-114,12.5,257.5,-245
2022,QB,RB,QB_vs_RB,Dak Prescott,Austin Ekeler,3294,4663,5611,5469,142,189.9,260.7,-70.8
2022,QB,RB,QB_vs_RB,Dak Prescott,Breece Hall,3294,8155,5611,5420,191,189.9,96.1,93.8
2022,QB,RB,QB_vs_RB,Russell Wilson,Austin Ekeler,1234,4663,5493,5469,24,201.6,260.7,-59.1
2022,QB,RB,QB_vs_RB,Russell Wilson,Breece Hall,1234,8155,5493,5420,73,201.6,96.1,105.5
2022,QB,RB,QB_vs_RB,Russell Wilson,Joe Mixon,1234,4018,5493,5319,174,201.6,167.9,33.7
2022,QB,RB,QB_vs_RB,Trevor Lawrence,Austin Ekeler,7523,4663,5350,5469,-119,285.4,260.7,24.7
2022,QB,RB,QB_vs_RB,Trevor Lawrence,Breece Hall,7523,8155,5350,5420,-70,285.4,96.1,189.3
2022,QB,RB,QB_vs_RB,Trevor Lawrence,Joe Mixon,7523,4018,5350,5319,31,285.4,167.9,117.5
2022,QB,RB,QB_vs_RB,Trevor Lawrence,Dalvin Cook,7523,4029,5350,5209,141,285.4,197.1,88.3
2022,QB,RB,QB_vs_RB,Trevor Lawrence,Saquon Barkley,7523,4866,5350,5192,158,285.4,227,58.4
2022,QB,RB,QB_vs_RB,Deshaun Watson,Alvin Kamara,4017,4035,4831,4859,-28,68,143.7,-75.7
2022,QB,RB,QB_vs_RB,Deshaun Watson,Nick Chubb,4017,4988,4831,4771,60,68,236.2,-168.2
2022,QB,RB,QB_vs_RB,Deshaun Watson,Derrick Henry,4017,3198,4831,4752,79,68,257,-189
2022,QB,RB,QB_vs_RB,Deshaun Watson,AJ Dillon,4017,6828,4831,4703,128,68,136.3,-68.3
2022,QB,RB,QB_vs_RB,Justin Fields,Alvin Kamara,7591,4035,4699,4859,-160,296,143.7,152.3
2022,QB,RB,QB_vs_RB,Justin Fields,Nick Chubb,7591,4988,4699,4771,-72,296,236.2,59.8
2022,QB,RB,QB_vs_RB,Justin Fields,Derrick Henry,7591,3198,4699,4752,-53,296,257,39
2022,QB,RB,QB_vs_RB,Justin Fields,AJ Dillon,7591,6828,4699,4703,-4,296,136.3,159.7
2022,QB,RB,QB_vs_RB,Justin Fields,Aaron Jones,7591,4199,4699,4615,84,296,184.8,111.2
2022,QB,RB,QB_vs_RB,Justin Fields,J.K. Dobbins,7591,6806,4699,4581,118,296,74.2,221.8
2022,QB,RB,QB_vs_RB,Matthew Stafford,AJ Dillon,421,6828,4531,4703,-172,108.4,136.3,-27.9
2022,QB,RB,QB_vs_RB,Matthew Stafford,Aaron Jones,421,4199,4531,4615,-84,108.4,184.8,-76.4
2022,QB,RB,QB_vs_RB,Matthew Stafford,J.K. Dobbins,421,6806,4531,4581,-50,108.4,74.2,34.2
2022,QB,RB,QB_vs_RB,Matthew Stafford,Kenneth Walker III,421,8151,4531,4492,39,108.4,163.1,-54.7
2022,QB,RB,QB_vs_RB,Matthew Stafford,Dameon Pierce,421,8129,4531,4411,120,108.4,136.4,-28
2022,QB,RB,QB_vs_RB,Derek Carr,Aaron Jones,2028,4199,4478,4615,-137,219.1,184.8,34.3
2022,QB,RB,QB_vs_RB,Derek Carr,J.K. Dobbins,2028,6806,4478,4581,-103,219.1,74.2,144.9
2022,QB,RB,QB_vs_RB,Derek Carr,Kenneth Walker III,2028,8151,4478,4492,-14,219.1,163.1,56
2022,QB,RB,QB_vs_RB,Derek Carr,Dameon Pierce,2028,8129,4478,4411,67,219.1,136.4,82.7
2022,QB,RB,QB_vs_RB,Tua Tagovailoa,Kenneth Walker III,6768,8151,4370,4492,-122,230.9,163.1,67.8
2022,QB,RB,QB_vs_RB,Tua Tagovailoa,Dameon Pierce,6768,8129,4370,4411,-41,230.9,136.4,94.5
2022,QB,RB,QB_vs_RB,Aaron Rodgers,Kenneth Walker III,96,8151,4313,4492,-179,228,163.1,64.9
2022,QB,RB,QB_vs_RB,Aaron Rodgers,Dameon Pierce,96,8129,4313,4411,-98,228,136.4,91.6
2022,QB,RB,QB_vs_RB,Aaron Rodgers,Cam Akers,96,6938,4313,4141,172,228,115.5,112.5
2022,QB,RB,QB_vs_RB,Mac Jones,Dameon Pierce,7527,8129,4214,4411,-197,153.9,136.4,17.5
2022,QB,RB,QB_vs_RB,Mac Jones,Cam Akers,7527,6938,4214,4141,73,153.9,115.5,38.4
2022,QB,RB,QB_vs_RB,Kenny Pickett,Cam Akers,8160,6938,4129,4141,-12,136,115.5,20.5
2022,QB,RB,QB_vs_RB,Kenny Pickett,Elijah Mitchell,8160,7561,4129,3930,199,136,23.1,112.9
2022,QB,RB,QB_vs_RB,Kirk Cousins,David Montgomery,1166,5892,3710,3746,-36,278.6,141.6,137
2022,QB,RB,QB_vs_RB,Kirk Cousins,James Conner,1166,4137,3710,3730,-20,278.6,154.2,124.4
2022,QB,RB,QB_vs_RB,Kirk Cousins,Rhamondre Stevenson,1166,7611,3710,3698,12,278.6,171.9,106.7
2022,QB,RB,QB_vs_RB,Kirk Cousins,Ezekiel Elliott,1166,3164,3710,3694,16,278.6,167.8,110.8
2022,QB,RB,QB_vs_RB,Kirk Cousins,James Cook,1166,8138,3710,3633,77,278.6,81.4,197.2
2022,QB,RB,QB_vs_RB,Kirk Cousins,Tony Pollard,1166,5967,3710,3591,119,278.6,207.9,70.7
2022,QB,RB,QB_vs_RB,Zach Wilson,David Montgomery,7538,5892,3699,3746,-47,97.9,141.6,-43.7
2022,QB,RB,QB_vs_RB,Zach Wilson,James Conner,7538,4137,3699,3730,-31,97.9,154.2,-56.3
2022,QB,RB,QB_vs_RB,Zach Wilson,Rhamondre Stevenson,7538,7611,3699,3698,1,97.9,171.9,-74
2022,QB,RB,QB_vs_RB,Zach Wilson,Ezekiel Elliott,7538,3164,3699,3694,5,97.9,167.8,-69.9
2022,QB,RB,QB_vs_RB,Zach Wilson,James Cook,7538,8138,3699,3633,66,97.9,81.4,16.5
2022,QB,RB,QB_vs_RB,Zach Wilson,Tony Pollard,7538,5967,3699,3591,108,97.9,207.9,-110
2022,QB,RB,QB_vs_RB,Malik Willis,Josh Jacobs,8161,5850,3325,3390,-65,19.3,270.3,-251
2022,QB,RB,QB_vs_RB,Malik Willis,Chase Edmonds,8161,5000,3325,3215,110,19.3,53.7,-34.4
2022,QB,RB,QB_vs_RB,Malik Willis,Clyde Edwards-Helaire,8161,6820,3325,3202,123,19.3,81.3,-62
2022,QB,RB,QB_vs_RB,Malik Willis,Kareem Hunt,8161,4098,3325,3180,145,19.3,89,-69.7
2022,QB,RB,QB_vs_RB,Jameis Winston,Josh Jacobs,2306,5850,3239,3390,-151,43.9,270.3,-226.4
2022,QB,RB,QB_vs_RB,Jameis Winston,Chase Edmonds,2306,5000,3239,3215,24,43.9,53.7,-9.8
2022,QB,RB,QB_vs_RB,Jameis Winston,Clyde Edwards-Helaire,2306,6820,3239,3202,37,43.9,81.3,-37.4
2022,QB,RB,QB_vs_RB,Jameis Winston,Kareem Hunt,2306,4098,3239,3180,59,43.9,89,-45.1
2022,QB,RB,QB_vs_RB,Jameis Winston,Brian Robinson,2306,8154,3239,3057,182,43.9,103.7,-59.8
2022,QB,RB,QB_vs_RB,Davis Mills,Chase Edmonds,7585,5000,3173,3215,-42,159,53.7,105.3
2022,QB,RB,QB_vs_RB,Davis Mills,Clyde Edwards-Helaire,7585,6820,3173,3202,-29,159,81.3,77.7
2022,QB,RB,QB_vs_RB,Davis Mills,Kareem Hunt,7585,4098,3173,3180,-7,159,89,70
2022,QB,RB,QB_vs_RB,Davis Mills,Brian Robinson,7585,8154,3173,3057,116,159,103.7,55.3
2022,QB,RB,QB_vs_RB,Davis Mills,Antonio Gibson,7585,6945,3173,3038,135,159,119.9,39.1
2022,QB,RB,QB_vs_RB,Baker Mayfield,Chase Edmonds,4892,5000,3024,3215,-191,115.9,53.7,62.2
2022,QB,RB,QB_vs_RB,Baker Mayfield,Clyde Edwards-Helaire,4892,6820,3024,3202,-178,115.9,81.3,34.6
2022,QB,RB,QB_vs_RB,Baker Mayfield,Kareem Hunt,4892,4098,3024,3180,-156,115.9,89,26.9
2022,QB,RB,QB_vs_RB,Baker Mayfield,Brian Robinson,4892,8154,3024,3057,-33,115.9,103.7,12.2
2022,QB,RB,QB_vs_RB,Baker Mayfield,Antonio Gibson,4892,6945,3024,3038,-14,115.9,119.9,-4
2022,QB,RB,QB_vs_RB,Baker Mayfield,Rashaad Penny,4892,4985,3024,2878,146,115.9,48.2,67.7
2022,QB,RB,QB_vs_RB,Baker Mayfield,Rachaad White,4892,8136,3024,2869,155,115.9,87.6,28.3
2022,QB,RB,QB_vs_RB,Desmond Ridder,Rachaad White,8159,8136,2669,2869,-200,22.9,87.6,-64.7
2022,QB,RB,QB_vs_RB,Desmond Ridder,Miles Sanders,8159,6151,2669,2791,-122,22.9,193.4,-170.5
2022,QB,RB,QB_vs_RB,Desmond Ridder,Michael Carter,8159,7607,2669,2690,-21,22.9,84.5,-61.6
2022,QB,RB,QB_vs_RB,Desmond Ridder,Alexander Mattison,8159,5987,2669,2681,-12,22.9,55.4,-32.5
2022,QB,RB,QB_vs_RB,Desmond Ridder,James Robinson,8159,6955,2669,2612,57,22.9,77.6,-54.7
2022,QB,RB,QB_vs_RB,Desmond Ridder,Zamir White,8159,8139,2669,2597,72,22.9,6.6,16.3
2022,QB,RB,QB_vs_RB,Desmond Ridder,Kenneth Gainwell,8159,7567,2669,2574,95,22.9,60.7,-37.8
2022,QB,RB,QB_vs_RB,Desmond Ridder,Tyler Allgeier,8159,8132,2669,2531,138,22.9,129.9,-107
2022,QB,RB,QB_vs_RB,Desmond Ridder,Khalil Herbert,8159,7608,2669,2521,148,22.9,103.9,-81
2022,QB,RB,QB_vs_RB,Desmond Ridder,Devin Singletary,8159,6130,2669,2516,153,22.9,139,-116.1
2022,QB,RB,QB_vs_RB,Desmond Ridder,Isiah Pacheco,8159,8205,2669,2474,195,22.9,109.6,-86.7
2022,QB,RB,QB_vs_RB,Ryan Tannehill,Michael Carter,1049,7607,2549,2690,-141,161.2,84.5,76.7
2022,QB,RB,QB_vs_RB,Ryan Tannehill,Alexander Mattison,1049,5987,2549,2681,-132,161.2,55.4,105.8
2022,QB,RB,QB_vs_RB,Ryan Tannehill,James Robinson,1049,6955,2549,2612,-63,161.2,77.6,83.6
2022,QB,RB,QB_vs_RB,Ryan Tannehill,Zamir White,1049,8139,2549,2597,-48,161.2,6.6,154.6
2022,QB,RB,QB_vs_RB,Ryan Tannehill,Kenneth Gainwell,1049,7567,2549,2574,-25,161.2,60.7,100.5
2022,QB,RB,QB_vs_RB,Ryan Tannehill,Tyler Allgeier,1049,8132,2549,2531,18,161.2,129.9,31.3
2022,QB,RB,QB_vs_RB,Ryan Tannehill,Khalil Herbert,1049,7608,2549,2521,28,161.2,103.9,57.3
2022,QB,RB,QB_vs_RB,Ryan Tannehill,Devin Singletary,1049,6130,2549,2516,33,161.2,139,22.2
2022,QB,RB,QB_vs_RB,Ryan Tannehill,Isiah Pacheco,1049,8205,2549,2474,75,161.2,109.6,51.6
2022,QB,RB,QB_vs_RB,Ryan Tannehill,Isaiah Spiller,1049,8153,2549,2429,120,161.2,5.4,155.8
2022,QB,RB,QB_vs_RB,Jared Goff,Michael Carter,3163,7607,2531,2690,-159,273.9,84.5,189.4
2022,QB,RB,QB_vs_RB,Jared Goff,Alexander Mattison,3163,5987,2531,2681,-150,273.9,55.4,218.5
2022,QB,RB,QB_vs_RB,Jared Goff,James Robinson,3163,6955,2531,2612,-81,273.9,77.6,196.3
2022,QB,RB,QB_vs_RB,Jared Goff,Zamir White,3163,8139,2531,2597,-66,273.9,6.6,267.3
2022,QB,RB,QB_vs_RB,Jared Goff,Kenneth Gainwell,3163,7567,2531,2574,-43,273.9,60.7,213.2
2022,QB,RB,QB_vs_RB,Jared Goff,Tyler Allgeier,3163,8132,2531,2531,0,273.9,129.9,144
2022,QB,RB,QB_vs_RB,Jared Goff,Khalil Herbert,3163,7608,2531,2521,10,273.9,103.9,170
2022,QB,RB,QB_vs_RB,Jared Goff,Devin Singletary,3163,6130,2531,2516,15,273.9,139,134.9
2022,QB,RB,QB_vs_RB,Jared Goff,Isiah Pacheco,3163,8205,2531,2474,57,273.9,109.6,164.3
2022,QB,RB,QB_vs_RB,Jared Goff,Isaiah Spiller,3163,8153,2531,2429,102,273.9,5.4,268.5
2022,QB,RB,QB_vs_RB,Daniel Jones,Zamir White,5870,8139,2401,2597,-196,289,6.6,282.4
2022,QB,RB,QB_vs_RB,Daniel Jones,Kenneth Gainwell,5870,7567,2401,2574,-173,289,60.7,228.3
2022,QB,RB,QB_vs_RB,Daniel Jones,Tyler Allgeier,5870,8132,2401,2531,-130,289,129.9,159.1
2022,QB,RB,QB_vs_RB,Daniel Jones,Khalil Herbert,5870,7608,2401,2521,-120,289,103.9,185.1
2022,QB,RB,QB_vs_RB,Daniel Jones,Devin Singletary,5870,6130,2401,2516,-115,289,139,150
2022,QB,RB,QB_vs_RB,Daniel Jones,Isiah Pacheco,5870,8205,2401,2474,-73,289,109.6,179.4
2022,QB,RB,QB_vs_RB,Daniel Jones,Isaiah Spiller,5870,8153,2401,2429,-28,289,5.4,283.6
2022,QB,RB,QB_vs_RB,Daniel Jones,Nyheim Hines,5870,5347,2401,2225,176,289,39.4,249.6
2022,QB,RB,QB_vs_RB,Marcus Mariota,Nyheim Hines,2307,5347,2061,2225,-164,196.6,39.4,157.2
2022,QB,RB,QB_vs_RB,Marcus Mariota,Tyrion Davis-Price,2307,8211,2061,2155,-94,196.6,7.2,189.4
2022,QB,RB,QB_vs_RB,Marcus Mariota,Cordarrelle Patterson,2307,1535,2061,2038,23,196.6,125.8,70.8
2022,QB,RB,QB_vs_RB,Mitchell Trubisky,Cordarrelle Patterson,3976,1535,1902,2038,-136,73.9,125.8,-51.9
2022,QB,RB,QB_vs_RB,Mitchell Trubisky,Eno Benjamin,3976,6951,1902,1734,168,73.9,64.3,9.6
2022,QB,RB,QB_vs_RB,Jimmy Garoppolo,Eno Benjamin,1837,6951,1724,1734,-10,164.8,64.3,100.5
2022,QB,RB,QB_vs_RB,Jimmy Garoppolo,Jamaal Williams,1837,4149,1724,1589,135,164.8,194.7,-29.9
2022,QB,RB,QB_vs_RB,Jordan Love,Eno Benjamin,6804,6951,1694,1734,-40,11.7,64.3,-52.6
2022,QB,RB,QB_vs_RB,Jordan Love,Jamaal Williams,6804,4149,1694,1589,105,11.7,194.7,-183
2022,QB,RB,QB_vs_RB,Tyler Huntley,Jamaal Williams,7083,4149,1398,1589,-191,50,194.7,-144.7
2022,QB,RB,QB_vs_RB,Tyler Huntley,Hassan Haskins,7083,8123,1398,1490,-92,50,13.4,36.6
2022,QB,RB,QB_vs_RB,Tyler Huntley,Chuba Hubbard,7083,7594,1398,1478,-80,50,66.8,-16.8
2022,QB,RB,QB_vs_RB,Tyler Huntley,Gus Edwards,7083,5248,1398,1460,-62,50,57.7,-7.7
2022,QB,RB,QB_vs_RB,Tyler Huntley,D'Ernest Johnson,7083,6694,1398,1412,-14,50,2.4,47.6
2022,QB,RB,QB_vs_RB,Tyler Huntley,Kyren Williams,7083,8150,1398,1410,-12,50,21.5,28.5
2022,QB,RB,QB_vs_RB,Tyler Huntley,Keaontay Ingram,7083,8221,1398,1371,27,50,13.8,36.2
2022,QB,RB,QB_vs_RB,Tyler Huntley,Pierre Strong Jr.,7083,8116,1398,1348,50,50,20.2,29.8
2022,QB,RB,QB_vs_RB,Tyler Huntley,Raheem Mostert,7083,2749,1398,1333,65,50,131.2,-81.2
2022,QB,RB,QB_vs_RB,Tyler Huntley,Jerome Ford,7083,8143,1398,1323,75,50,1.2,48.8
2022,QB,RB,QB_vs_RB,Tyler Huntley,Jeffery Wilson,7083,5284,1398,1310,88,50,129.1,-79.1
2022,QB,RB,QB_vs_RB,Tyler Huntley,Jaylen Warren,7083,8228,1398,1288,110,50,61,-11
2022,QB,RB,QB_vs_RB,Tyler Huntley,Joshua Kelley,7083,7045,1398,1253,145,50,48.4,1.6
2022,QB,RB,QB_vs_RB,Tyler Huntley,Chris Evans,7083,7794,1398,1237,161,50,9.8,40.2
2022,QB,RB,QB_vs_RB,Tyler Huntley,D'Onta Foreman,7083,4111,1398,1225,173,50,119.2,-69.2
2022,QB,RB,QB_vs_RB,Jacoby Brissett,D'Ernest Johnson,3257,6694,1240,1412,-172,168.6,2.4,166.2
2022,QB,RB,QB_vs_RB,Jacoby Brissett,Kyren Williams,3257,8150,1240,1410,-170,168.6,21.5,147.1
2022,QB,RB,QB_vs_RB,Jacoby Brissett,Keaontay Ingram,3257,8221,1240,1371,-131,168.6,13.8,154.8
2022,QB,RB,QB_vs_RB,Jacoby Brissett,Pierre Strong Jr.,3257,8116,1240,1348,-108,168.6,20.2,148.4
2022,QB,RB,QB_vs_RB,Jacoby Brissett,Raheem Mostert,3257,2749,1240,1333,-93,168.6,131.2,37.4
2022,QB,RB,QB_vs_RB,Jacoby Brissett,Jerome Ford,3257,8143,1240,1323,-83,168.6,1.2,167.4
2022,QB,RB,QB_vs_RB,Jacoby Brissett,Jeffery Wilson,3257,5284,1240,1310,-70,168.6,129.1,39.5
2022,QB,RB,QB_vs_RB,Jacoby Brissett,Jaylen Warren,3257,8228,1240,1288,-48,168.6,61,107.6
2022,QB,RB,QB_vs_RB,Jacoby Brissett,Joshua Kelley,3257,7045,1240,1253,-13,168.6,48.4,120.2
2022,QB,RB,QB_vs_RB,Jacoby Brissett,Chris Evans,3257,7794,1240,1237,3,168.6,9.8,158.8
2022,QB,RB,QB_vs_RB,Jacoby Brissett,D'Onta Foreman,3257,4111,1240,1225,15,168.6,119.2,49.4
2022,QB,RB,QB_vs_RB,Jacoby Brissett,Zack Moss,3257,6845,1240,1178,62,168.6,35.4,133.2
2022,QB,RB,QB_vs_RB,Jacoby Brissett,Boston Scott,3257,5122,1240,1095,145,168.6,29.8,138.8
2022,QB,RB,QB_vs_RB,Jacoby Brissett,Kene Nwangwu,3257,7720,1240,1049,191,168.6,6.6,162
2022,QB,RB,QB_vs_RB,Geno Smith,Raheem Mostert,1373,2749,1134,1333,-199,290.3,131.2,159.1
2022,QB,RB,QB_vs_RB,Geno Smith,Jerome Ford,1373,8143,1134,1323,-189,290.3,1.2,289.1
2022,QB,RB,QB_vs_RB,Geno Smith,Jeffery Wilson,1373,5284,1134,1310,-176,290.3,129.1,161.2
2022,QB,RB,QB_vs_RB,Geno Smith,Jaylen Warren,1373,8228,1134,1288,-154,290.3,61,229.3
2022,QB,RB,QB_vs_RB,Geno Smith,Joshua Kelley,1373,7045,1134,1253,-119,290.3,48.4,241.9
2022,QB,RB,QB_vs_RB,Geno Smith,Chris Evans,1373,7794,1134,1237,-103,290.3,9.8,280.5
2022,QB,RB,QB_vs_RB,Geno Smith,D'Onta Foreman,1373,4111,1134,1225,-91,290.3,119.2,171.1
2022,QB,RB,QB_vs_RB,Geno Smith,Zack Moss,1373,6845,1134,1178,-44,290.3,35.4,254.9
2022,QB,RB,QB_vs_RB,Geno Smith,Boston Scott,1373,5122,1134,1095,39,290.3,29.8,260.5
2022,QB,RB,QB_vs_RB,Geno Smith,Kene Nwangwu,1373,7720,1134,1049,85,290.3,6.6,283.7
2022,QB,RB,QB_vs_RB,Geno Smith,Trey Sermon,1373,7593,1134,1037,97,290.3,1.9,288.4
2022,QB,RB,QB_vs_RB,Geno Smith,Ke'Shawn Vaughn,1373,6885,1134,978,156,290.3,3.8,286.5
2022,QB,RB,QB_vs_RB,Gardner Minshew,Zack Moss,6011,6845,1010,1178,-168,36.8,35.4,1.4
2022,QB,RB,QB_vs_RB,Gardner Minshew,Boston Scott,6011,5122,1010,1095,-85,36.8,29.8,7
2022,QB,RB,QB_vs_RB,Gardner Minshew,Kene Nwangwu,6011,7720,1010,1049,-39,36.8,6.6,30.2
2022,QB,RB,QB_vs_RB,Gardner Minshew,Trey Sermon,6011,7593,1010,1037,-27,36.8,1.9,34.9
2022,QB,RB,QB_vs_RB,Gardner Minshew,Ke'Shawn Vaughn,6011,6885,1010,978,32,36.8,3.8,33
2022,QB,RB,QB_vs_RB,Gardner Minshew,Jerick McKinnon,6011,2161,1010,925,85,36.8,133.7,-96.9
2022,QB,RB,QB_vs_RB,Gardner Minshew,DeeJay Dallas,6011,6931,1010,879,131,36.8,26.6,10.2
2022,QB,RB,QB_vs_RB,Gardner Minshew,Myles Gaskin,6011,5980,1010,861,149,36.8,5.4,31.4
2022,QB,RB,QB_vs_RB,Gardner Minshew,Samaje Perine,6011,4147,1010,830,180,36.8,101.9,-65.1
2022,QB,RB,QB_vs_RB,Sam Darnold,Kene Nwangwu,4943,7720,880,1049,-169,85.4,6.6,78.8
2022,QB,RB,QB_vs_RB,Sam Darnold,Trey Sermon,4943,7593,880,1037,-157,85.4,1.9,83.5
2022,QB,RB,QB_vs_RB,Sam Darnold,Ke'Shawn Vaughn,4943,6885,880,978,-98,85.4,3.8,81.6
2022,QB,RB,QB_vs_RB,Sam Darnold,Jerick McKinnon,4943,2161,880,925,-45,85.4,133.7,-48.3
2022,QB,RB,QB_vs_RB,Sam Darnold,DeeJay Dallas,4943,6931,880,879,1,85.4,26.6,58.8
2022,QB,RB,QB_vs_RB,Sam Darnold,Myles Gaskin,4943,5980,880,861,19,85.4,5.4,80
2022,QB,RB,QB_vs_RB,Sam Darnold,Samaje Perine,4943,4147,880,830,50,85.4,101.9,-16.5
2022,QB,RB,QB_vs_RB,Taylor Heinicke,Kevin Harris,2711,8174,503,628,-125,116,11.2,104.8
2022,QB,RB,QB_vs_RB,Taylor Heinicke,Justice Hill,2711,5995,503,612,-109,116,26.6,89.4
2022,QB,RB,QB_vs_RB,Taylor Heinicke,Jordan Mason,2711,8408,503,560,-57,116,29,87
2022,QB,RB,QB_vs_RB,Taylor Heinicke,Trayveon Williams,2711,6144,503,488,15,116,6,110
2022,QB,RB,QB_vs_RB,Taylor Heinicke,Ty Johnson,2711,6039,503,462,41,116,28.3,87.7
2022,QB,RB,QB_vs_RB,Taylor Heinicke,Salvon Ahmed,2711,6918,503,458,45,116,12.5,103.5
2022,QB,RB,QB_vs_RB,Taylor Heinicke,Zonovan Knight,2711,8122,503,339,164,116,43.8,72.2
2022,QB,RB,QB_vs_RB,Bailey Zappe,Justice Hill,8157,5995,413,612,-199,38.6,26.6,12
2022,QB,RB,QB_vs_RB,Bailey Zappe,Jordan Mason,8157,8408,413,560,-147,38.6,29,9.6
2022,QB,RB,QB_vs_RB,Bailey Zappe,Trayveon Williams,8157,6144,413,488,-75,38.6,6,32.6
2022,QB,RB,QB_vs_RB,Bailey Zappe,Ty Johnson,8157,6039,413,462,-49,38.6,28.3,10.3
2022,QB,RB,QB_vs_RB,Bailey Zappe,Salvon Ahmed,8157,6918,413,458,-45,38.6,12.5,26.1
2022,QB,RB,QB_vs_RB,Bailey Zappe,Zonovan Knight,8157,8122,413,339,74,38.6,43.8,-5.2
2022,QB,RB,QB_vs_RB,Tyrod Taylor,Jordan Mason,827,8408,391,560,-169,11.3,29,-17.7
2022,QB,RB,QB_vs_RB,Tyrod Taylor,Trayveon Williams,827,6144,391,488,-97,11.3,6,5.3
2022,QB,RB,QB_vs_RB,Tyrod Taylor,Ty Johnson,827,6039,391,462,-71,11.3,28.3,-17
2022,QB,RB,QB_vs_RB,Tyrod Taylor,Salvon Ahmed,827,6918,391,458,-67,11.3,12.5,-1.2
2022,QB,RB,QB_vs_RB,Tyrod Taylor,Zonovan Knight,827,8122,391,339,52,11.3,43.8,-32.5
2022,QB,RB,QB_vs_RB,Mike White,Jordan Mason,5089,8408,366,560,-194,56.6,29,27.6
2022,QB,RB,QB_vs_RB,Mike White,Trayveon Williams,5089,6144,366,488,-122,56.6,6,50.6
2022,QB,RB,QB_vs_RB,Mike White,Ty Johnson,5089,6039,366,462,-96,56.6,28.3,28.3
2022,QB,RB,QB_vs_RB,Mike White,Salvon Ahmed,5089,6918,366,458,-92,56.6,12.5,44.1
2022,QB,RB,QB_vs_RB,Mike White,Zonovan Knight,5089,8122,366,339,27,56.6,43.8,12.8
2022,QB,WR,QB_vs_WR,Patrick Mahomes,Justin Jefferson,4046,6794,9462,9490,-28,401.4,236.9,164.5
2022,QB,WR,QB_vs_WR,Jalen Hurts,Cooper Kupp,6904,4039,6055,6111,-56,369.6,126.4,243.2
2022,QB,WR,QB_vs_WR,Trey Lance,Cooper Kupp,7610,4039,5965,6111,-146,12.5,126.4,-113.9
2022,QB,WR,QB_vs_WR,Dak Prescott,Stefon Diggs,3294,2449,5611,5724,-113,189.9,194.8,-4.9
2022,QB,WR,QB_vs_WR,Dak Prescott,Tee Higgins,3294,6801,5611,5658,-47,189.9,147.5,42.4
2022,QB,WR,QB_vs_WR,Dak Prescott,A.J. Brown,3294,5859,5611,5601,10,189.9,202.1,-12.2
2022,QB,WR,QB_vs_WR,Dak Prescott,Deebo Samuel,3294,5872,5611,5435,176,189.9,110,79.9
2022,QB,WR,QB_vs_WR,Dak Prescott,Michael Pittman,3294,6819,5611,5419,192,189.9,108.5,81.4
2022,QB,WR,QB_vs_WR,Russell Wilson,Tee Higgins,1234,6801,5493,5658,-165,201.6,147.5,54.1
2022,QB,WR,QB_vs_WR,Russell Wilson,A.J. Brown,1234,5859,5493,5601,-108,201.6,202.1,-0.5
2022,QB,WR,QB_vs_WR,Russell Wilson,Deebo Samuel,1234,5872,5493,5435,58,201.6,110,91.6
2022,QB,WR,QB_vs_WR,Russell Wilson,Michael Pittman,1234,6819,5493,5419,74,201.6,108.5,93.1
2022,QB,WR,QB_vs_WR,Russell Wilson,Jaylen Waddle,1234,7526,5493,5386,107,201.6,178.9,22.7
2022,QB,WR,QB_vs_WR,Russell Wilson,Davante Adams,1234,2133,5493,5322,171,201.6,228.2,-26.6
2022,QB,WR,QB_vs_WR,Trevor Lawrence,Deebo Samuel,7523,5872,5350,5435,-85,285.4,110,175.4
2022,QB,WR,QB_vs_WR,Trevor Lawrence,Michael Pittman,7523,6819,5350,5419,-69,285.4,108.5,176.9
2022,QB,WR,QB_vs_WR,Trevor Lawrence,Jaylen Waddle,7523,7526,5350,5386,-36,285.4,178.9,106.5
2022,QB,WR,QB_vs_WR,Trevor Lawrence,Davante Adams,7523,2133,5350,5322,28,285.4,228.2,57.2
2022,QB,WR,QB_vs_WR,Deshaun Watson,Drake London,4017,8112,4831,4972,-141,68,94.6,-26.6
2022,QB,WR,QB_vs_WR,Deshaun Watson,D.J. Moore,4017,4983,4831,4961,-130,68,135.1,-67.1
2022,QB,WR,QB_vs_WR,Deshaun Watson,Tyreek Hill,4017,3321,4831,4932,-101,68,225.9,-157.9
2022,QB,WR,QB_vs_WR,Deshaun Watson,Courtland Sutton,4017,5045,4831,4697,134,68,86.1,-18.1
2022,QB,WR,QB_vs_WR,Deshaun Watson,Chris Olave,4017,8144,4831,4631,200,68,116.2,-48.2
2022,QB,WR,QB_vs_WR,Justin Fields,Courtland Sutton,7591,5045,4699,4697,2,296,86.1,209.9
2022,QB,WR,QB_vs_WR,Justin Fields,Chris Olave,7591,8144,4699,4631,68,296,116.2,179.8
2022,QB,WR,QB_vs_WR,Justin Fields,Rashod Bateman,7591,7571,4699,4618,81,296,38.5,257.5
2022,QB,WR,QB_vs_WR,Justin Fields,Diontae Johnson,7591,5937,4699,4608,91,296,88.9,207.1
2022,QB,WR,QB_vs_WR,Justin Fields,Elijah Moore,7591,7596,4699,4598,101,296,50,246
2022,QB,WR,QB_vs_WR,Justin Fields,Chris Godwin,7591,4037,4699,4591,108,296,115.3,180.7
2022,QB,WR,QB_vs_WR,Justin Fields,DeVonta Smith,7591,7525,4699,4562,137,296,152.9,143.1
2022,QB,WR,QB_vs_WR,Justin Fields,Jameson Williams,7591,8148,4699,4551,148,296,14.1,281.9
2022,QB,WR,QB_vs_WR,Justin Fields,Terry McLaurin,7591,5927,4699,4545,154,296,138.6,157.4
2022,QB,WR,QB_vs_WR,Justin Fields,Mike Evans,7591,2216,4699,4534,165,296,148.4,147.6
2022,QB,WR,QB_vs_WR,Justin Fields,Marquise Brown,7591,5848,4699,4522,177,296,88.3,207.7
2022,QB,WR,QB_vs_WR,Justin Fields,Amon-Ra St. Brown,7591,7547,4699,4517,182,296,156.7,139.3
2022,QB,WR,QB_vs_WR,Matthew Stafford,Courtland Sutton,421,5045,4531,4697,-166,108.4,86.1,22.3
2022,QB,WR,QB_vs_WR,Matthew Stafford,Chris Olave,421,8144,4531,4631,-100,108.4,116.2,-7.8
2022,QB,WR,QB_vs_WR,Matthew Stafford,Rashod Bateman,421,7571,4531,4618,-87,108.4,38.5,69.9
2022,QB,WR,QB_vs_WR,Matthew Stafford,Diontae Johnson,421,5937,4531,4608,-77,108.4,88.9,19.5
2022,QB,WR,QB_vs_WR,Matthew Stafford,Elijah Moore,421,7596,4531,4598,-67,108.4,50,58.4
2022,QB,WR,QB_vs_WR,Matthew Stafford,Chris Godwin,421,4037,4531,4591,-60,108.4,115.3,-6.9
2022,QB,WR,QB_vs_WR,Matthew Stafford,DeVonta Smith,421,7525,4531,4562,-31,108.4,152.9,-44.5
2022,QB,WR,QB_vs_WR,Matthew Stafford,Jameson Williams,421,8148,4531,4551,-20,108.4,14.1,94.3
2022,QB,WR,QB_vs_WR,Matthew Stafford,Terry McLaurin,421,5927,4531,4545,-14,108.4,138.6,-30.2
2022,QB,WR,QB_vs_WR,Matthew Stafford,Mike Evans,421,2216,4531,4534,-3,108.4,148.4,-40
2022,QB,WR,QB_vs_WR,Matthew Stafford,Marquise Brown,421,5848,4531,4522,9,108.4,88.3,20.1
2022,QB,WR,QB_vs_WR,Matthew Stafford,Amon-Ra St. Brown,421,7547,4531,4517,14,108.4,156.7,-48.3
2022,QB,WR,QB_vs_WR,Matthew Stafford,Mike Williams,421,4068,4531,4495,36,108.4,110.3,-1.9
2022,QB,WR,QB_vs_WR,Matthew Stafford,George Pickens,421,8137,4531,4489,42,108.4,101.3,7.1
2022,QB,WR,QB_vs_WR,Matthew Stafford,Jerry Jeudy,421,6783,4531,4423,108,108.4,117.9,-9.5
2022,QB,WR,QB_vs_WR,Matthew Stafford,Garrett Wilson,421,8146,4531,4385,146,108.4,123.8,-15.4
2022,QB,WR,QB_vs_WR,Matthew Stafford,Gabriel Davis,421,6943,4531,4380,151,108.4,119.7,-11.3
2022,QB,WR,QB_vs_WR,Matthew Stafford,Treylon Burks,421,8135,4531,4353,178,108.4,59.2,49.2
2022,QB,WR,QB_vs_WR,Derek Carr,Chris Olave,2028,8144,4478,4631,-153,219.1,116.2,102.9
2022,QB,WR,QB_vs_WR,Derek Carr,Rashod Bateman,2028,7571,4478,4618,-140,219.1,38.5,180.6
2022,QB,WR,QB_vs_WR,Derek Carr,Diontae Johnson,2028,5937,4478,4608,-130,219.1,88.9,130.2
2022,QB,WR,QB_vs_WR,Derek Carr,Elijah Moore,2028,7596,4478,4598,-120,219.1,50,169.1
2022,QB,WR,QB_vs_WR,Derek Carr,Chris Godwin,2028,4037,4478,4591,-113,219.1,115.3,103.8
2022,QB,WR,QB_vs_WR,Derek Carr,DeVonta Smith,2028,7525,4478,4562,-84,219.1,152.9,66.2
2022,QB,WR,QB_vs_WR,Derek Carr,Jameson Williams,2028,8148,4478,4551,-73,219.1,14.1,205
2022,QB,WR,QB_vs_WR,Derek Carr,Terry McLaurin,2028,5927,4478,4545,-67,219.1,138.6,80.5
2022,QB,WR,QB_vs_WR,Derek Carr,Mike Evans,2028,2216,4478,4534,-56,219.1,148.4,70.7
2022,QB,WR,QB_vs_WR,Derek Carr,Marquise Brown,2028,5848,4478,4522,-44,219.1,88.3,130.8
2022,QB,WR,QB_vs_WR,Derek Carr,Amon-Ra St. Brown,2028,7547,4478,4517,-39,219.1,156.7,62.4
2022,QB,WR,QB_vs_WR,Derek Carr,Mike Williams,2028,4068,4478,4495,-17,219.1,110.3,108.8
2022,QB,WR,QB_vs_WR,Derek Carr,George Pickens,2028,8137,4478,4489,-11,219.1,101.3,117.8
2022,QB,WR,QB_vs_WR,Derek Carr,Jerry Jeudy,2028,6783,4478,4423,55,219.1,117.9,101.2
2022,QB,WR,QB_vs_WR,Derek Carr,Garrett Wilson,2028,8146,4478,4385,93,219.1,123.8,95.3
2022,QB,WR,QB_vs_WR,Derek Carr,Gabriel Davis,2028,6943,4478,4380,98,219.1,119.7,99.4
2022,QB,WR,QB_vs_WR,Derek Carr,Treylon Burks,2028,8135,4478,4353,125,219.1,59.2,159.9
2022,QB,WR,QB_vs_WR,Derek Carr,Darnell Mooney,2028,7090,4478,4324,154,219.1,61.5,157.6
2022,QB,WR,QB_vs_WR,Tua Tagovailoa,DeVonta Smith,6768,7525,4370,4562,-192,230.9,152.9,78
2022,QB,WR,QB_vs_WR,Tua Tagovailoa,Jameson Williams,6768,8148,4370,4551,-181,230.9,14.1,216.8
2022,QB,WR,QB_vs_WR,Tua Tagovailoa,Terry McLaurin,6768,5927,4370,4545,-175,230.9,138.6,92.3
2022,QB,WR,QB_vs_WR,Tua Tagovailoa,Mike Evans,6768,2216,4370,4534,-164,230.9,148.4,82.5
2022,QB,WR,QB_vs_WR,Tua Tagovailoa,Marquise Brown,6768,5848,4370,4522,-152,230.9,88.3,142.6
2022,QB,WR,QB_vs_WR,Tua Tagovailoa,Amon-Ra St. Brown,6768,7547,4370,4517,-147,230.9,156.7,74.2
2022,QB,WR,QB_vs_WR,Tua Tagovailoa,Mike Williams,6768,4068,4370,4495,-125,230.9,110.3,120.6
2022,QB,WR,QB_vs_WR,Tua Tagovailoa,George Pickens,6768,8137,4370,4489,-119,230.9,101.3,129.6
2022,QB,WR,QB_vs_WR,Tua Tagovailoa,Jerry Jeudy,6768,6783,4370,4423,-53,230.9,117.9,113
2022,QB,WR,QB_vs_WR,Tua Tagovailoa,Garrett Wilson,6768,8146,4370,4385,-15,230.9,123.8,107.1
2022,QB,WR,QB_vs_WR,Tua Tagovailoa,Gabriel Davis,6768,6943,4370,4380,-10,230.9,119.7,111.2
2022,QB,WR,QB_vs_WR,Tua Tagovailoa,Treylon Burks,6768,8135,4370,4353,17,230.9,59.2,171.7
2022,QB,WR,QB_vs_WR,Tua Tagovailoa,Darnell Mooney,6768,7090,4370,4324,46,230.9,61.5,169.4
2022,QB,WR,QB_vs_WR,Aaron Rodgers,Mike Williams,96,4068,4313,4495,-182,228,110.3,117.7
2022,QB,WR,QB_vs_WR,Aaron Rodgers,George Pickens,96,8137,4313,4489,-176,228,101.3,126.7
2022,QB,WR,QB_vs_WR,Aaron Rodgers,Jerry Jeudy,96,6783,4313,4423,-110,228,117.9,110.1
2022,QB,WR,QB_vs_WR,Aaron Rodgers,Garrett Wilson,96,8146,4313,4385,-72,228,123.8,104.2
2022,QB,WR,QB_vs_WR,Aaron Rodgers,Gabriel Davis,96,6943,4313,4380,-67,228,119.7,108.3
2022,QB,WR,QB_vs_WR,Aaron Rodgers,Treylon Burks,96,8135,4313,4353,-40,228,59.2,168.8
2022,QB,WR,QB_vs_WR,Aaron Rodgers,Darnell Mooney,96,7090,4313,4324,-11,228,61.5,166.5
2022,QB,WR,QB_vs_WR,Aaron Rodgers,Brandon Aiyuk,96,6803,4313,4132,181,228,143.9,84.1
2022,QB,WR,QB_vs_WR,Mac Jones,Garrett Wilson,7527,8146,4214,4385,-171,153.9,123.8,30.1
2022,QB,WR,QB_vs_WR,Mac Jones,Gabriel Davis,7527,6943,4214,4380,-166,153.9,119.7,34.2
2022,QB,WR,QB_vs_WR,Mac Jones,Treylon Burks,7527,8135,4214,4353,-139,153.9,59.2,94.7
2022,QB,WR,QB_vs_WR,Mac Jones,Darnell Mooney,7527,7090,4214,4324,-110,153.9,61.5,92.4
2022,QB,WR,QB_vs_WR,Mac Jones,Brandon Aiyuk,7527,6803,4214,4132,82,153.9,143.9,10
2022,QB,WR,QB_vs_WR,Mac Jones,Keenan Allen,7527,1479,4214,4103,111,153.9,75.8,78.1
2022,QB,WR,QB_vs_WR,Kenny Pickett,Darnell Mooney,8160,7090,4129,4324,-195,136,61.5,74.5
2022,QB,WR,QB_vs_WR,Kenny Pickett,Brandon Aiyuk,8160,6803,4129,4132,-3,136,143.9,-7.9
2022,QB,WR,QB_vs_WR,Kenny Pickett,Keenan Allen,8160,1479,4129,4103,26,136,75.8,60.2
2022,QB,WR,QB_vs_WR,Kenny Pickett,JuJu Smith-Schuster,8160,4040,4129,3929,200,136,103.8,32.2
2022,QB,WR,QB_vs_WR,Kirk Cousins,Skyy Moore,1166,8168,3710,3843,-133,278.6,21.4,257.2
2022,QB,WR,QB_vs_WR,Kirk Cousins,Jahan Dotson,1166,8119,3710,3712,-2,278.6,88.4,190.2
2022,QB,WR,QB_vs_WR,Kirk Cousins,Hunter Renfrow,1166,5955,3710,3607,103,278.6,30.7,247.9
2022,QB,WR,QB_vs_WR,Kirk Cousins,Brandin Cooks,1166,2197,3710,3555,155,278.6,72,206.6
2022,QB,WR,QB_vs_WR,Kirk Cousins,Christian Kirk,1166,4950,3710,3512,198,278.6,142,136.6
2022,QB,WR,QB_vs_WR,Zach Wilson,Skyy Moore,7538,8168,3699,3843,-144,97.9,21.4,76.5
2022,QB,WR,QB_vs_WR,Zach Wilson,Jahan Dotson,7538,8119,3699,3712,-13,97.9,88.4,9.5
2022,QB,WR,QB_vs_WR,Zach Wilson,Hunter Renfrow,7538,5955,3699,3607,92,97.9,30.7,67.2
2022,QB,WR,QB_vs_WR,Zach Wilson,Brandin Cooks,7538,2197,3699,3555,144,97.9,72,25.9
2022,QB,WR,QB_vs_WR,Zach Wilson,Christian Kirk,7538,4950,3699,3512,187,97.9,142,-44.1
2022,QB,WR,QB_vs_WR,Malik Willis,Christian Kirk,8161,4950,3325,3512,-187,19.3,142,-122.7
2022,QB,WR,QB_vs_WR,Malik Willis,Kadarius Toney,8161,7606,3325,3433,-108,19.3,30.9,-11.6
2022,QB,WR,QB_vs_WR,Malik Willis,Amari Cooper,8161,2309,3325,3181,144,19.3,162.9,-143.6
2022,QB,WR,QB_vs_WR,Malik Willis,DeAndre Hopkins,8161,1426,3325,3162,163,19.3,87.7,-68.4
2022,QB,WR,QB_vs_WR,Malik Willis,Michael Thomas,8161,3199,3325,3142,183,19.3,35.1,-15.8
2022,QB,WR,QB_vs_WR,Jameis Winston,Kadarius Toney,2306,7606,3239,3433,-194,43.9,30.9,13
2022,QB,WR,QB_vs_WR,Jameis Winston,Amari Cooper,2306,2309,3239,3181,58,43.9,162.9,-119
2022,QB,WR,QB_vs_WR,Jameis Winston,DeAndre Hopkins,2306,1426,3239,3162,77,43.9,87.7,-43.8
2022,QB,WR,QB_vs_WR,Jameis Winston,Michael Thomas,2306,3199,3239,3142,97,43.9,35.1,8.8
2022,QB,WR,QB_vs_WR,Jameis Winston,Christian Watson,2306,8167,3239,3117,122,43.9,111.5,-67.6
2022,QB,WR,QB_vs_WR,Jameis Winston,Chase Claypool,2306,6886,3239,3044,195,43.9,56.1,-12.2
2022,QB,WR,QB_vs_WR,Davis Mills,Amari Cooper,7585,2309,3173,3181,-8,159,162.9,-3.9
2022,QB,WR,QB_vs_WR,Davis Mills,DeAndre Hopkins,7585,1426,3173,3162,11,159,87.7,71.3
2022,QB,WR,QB_vs_WR,Davis Mills,Michael Thomas,7585,3199,3173,3142,31,159,35.1,123.9
2022,QB,WR,QB_vs_WR,Davis Mills,Christian Watson,7585,8167,3173,3117,56,159,111.5,47.5
2022,QB,WR,QB_vs_WR,Davis Mills,Chase Claypool,7585,6886,3173,3044,129,159,56.1,102.9
2022,QB,WR,QB_vs_WR,Davis Mills,Allen Lazard,7585,5185,3173,3032,141,159,104.7,54.3
2022,QB,WR,QB_vs_WR,Baker Mayfield,Amari Cooper,4892,2309,3024,3181,-157,115.9,162.9,-47
2022,QB,WR,QB_vs_WR,Baker Mayfield,DeAndre Hopkins,4892,1426,3024,3162,-138,115.9,87.7,28.2
2022,QB,WR,QB_vs_WR,Baker Mayfield,Michael Thomas,4892,3199,3024,3142,-118,115.9,35.1,80.8
2022,QB,WR,QB_vs_WR,Baker Mayfield,Christian Watson,4892,8167,3024,3117,-93,115.9,111.5,4.4
2022,QB,WR,QB_vs_WR,Baker Mayfield,Chase Claypool,4892,6886,3024,3044,-20,115.9,56.1,59.8
2022,QB,WR,QB_vs_WR,Baker Mayfield,Allen Lazard,4892,5185,3024,3032,-8,115.9,104.7,11.2
2022,QB,WR,QB_vs_WR,Baker Mayfield,Rondale Moore,4892,7601,3024,2897,127,115.9,46.9,69
2022,QB,WR,QB_vs_WR,Baker Mayfield,Alec Pierce,4892,8142,3024,2882,142,115.9,67.1,48.8
2022,QB,WR,QB_vs_WR,Baker Mayfield,Michael Gallup,4892,5038,3024,2854,170,115.9,65.4,50.5
2022,QB,WR,QB_vs_WR,Desmond Ridder,Michael Gallup,8159,5038,2669,2854,-185,22.9,65.4,-42.5
2022,QB,WR,QB_vs_WR,Desmond Ridder,Romeo Doubs,8159,8121,2669,2800,-131,22.9,59.6,-36.7
2022,QB,WR,QB_vs_WR,Desmond Ridder,Wan'Dale Robinson,8159,8126,2669,2790,-121,22.9,28.6,-5.7
2022,QB,WR,QB_vs_WR,Desmond Ridder,Adam Thielen,8159,1689,2669,2601,68,22.9,102.8,-79.9
2022,QB,WR,QB_vs_WR,Desmond Ridder,Jalen Tolbert,8159,8117,2669,2575,94,22.9,1.2,21.7
2022,QB,WR,QB_vs_WR,Desmond Ridder,Josh Palmer,8159,7670,2669,2566,103,22.9,91.4,-68.5
2022,QB,WR,QB_vs_WR,Desmond Ridder,Nico Collins,8159,7569,2669,2511,158,22.9,60.1,-37.2
2022,QB,WR,QB_vs_WR,Ryan Tannehill,Adam Thielen,1049,1689,2549,2601,-52,161.2,102.8,58.4
2022,QB,WR,QB_vs_WR,Ryan Tannehill,Jalen Tolbert,1049,8117,2549,2575,-26,161.2,1.2,160
2022,QB,WR,QB_vs_WR,Ryan Tannehill,Josh Palmer,1049,7670,2549,2566,-17,161.2,91.4,69.8
2022,QB,WR,QB_vs_WR,Ryan Tannehill,Nico Collins,1049,7569,2549,2511,38,161.2,60.1,101.1
2022,QB,WR,QB_vs_WR,Ryan Tannehill,David Bell,1049,8118,2549,2426,123,161.2,21.4,139.8
2022,QB,WR,QB_vs_WR,Ryan Tannehill,Tyler Lockett,1049,2374,2549,2407,142,161.2,141.9,19.3
2022,QB,WR,QB_vs_WR,Ryan Tannehill,Tyler Boyd,1049,3225,2549,2370,179,161.2,111.4,49.8
2022,QB,WR,QB_vs_WR,Jared Goff,Adam Thielen,3163,1689,2531,2601,-70,273.9,102.8,171.1
2022,QB,WR,QB_vs_WR,Jared Goff,Jalen Tolbert,3163,8117,2531,2575,-44,273.9,1.2,272.7
2022,QB,WR,QB_vs_WR,Jared Goff,Josh Palmer,3163,7670,2531,2566,-35,273.9,91.4,182.5
2022,QB,WR,QB_vs_WR,Jared Goff,Nico Collins,3163,7569,2531,2511,20,273.9,60.1,213.8
2022,QB,WR,QB_vs_WR,Jared Goff,David Bell,3163,8118,2531,2426,105,273.9,21.4,252.5
2022,QB,WR,QB_vs_WR,Jared Goff,Tyler Lockett,3163,2374,2531,2407,124,273.9,141.9,132
2022,QB,WR,QB_vs_WR,Jared Goff,Tyler Boyd,3163,3225,2531,2370,161,273.9,111.4,162.5
2022,QB,WR,QB_vs_WR,Jared Goff,Robert Woods,3163,1352,2531,2342,189,273.9,58.7,215.2
2022,QB,WR,QB_vs_WR,Daniel Jones,Adam Thielen,5870,1689,2401,2601,-200,289,102.8,186.2
2022,QB,WR,QB_vs_WR,Daniel Jones,Jalen Tolbert,5870,8117,2401,2575,-174,289,1.2,287.8
2022,QB,WR,QB_vs_WR,Daniel Jones,Josh Palmer,5870,7670,2401,2566,-165,289,91.4,197.6
2022,QB,WR,QB_vs_WR,Daniel Jones,Nico Collins,5870,7569,2401,2511,-110,289,60.1,228.9
2022,QB,WR,QB_vs_WR,Daniel Jones,David Bell,5870,8118,2401,2426,-25,289,21.4,267.6
2022,QB,WR,QB_vs_WR,Daniel Jones,Tyler Lockett,5870,2374,2401,2407,-6,289,141.9,147.1
2022,QB,WR,QB_vs_WR,Daniel Jones,Tyler Boyd,5870,3225,2401,2370,31,289,111.4,177.6
2022,QB,WR,QB_vs_WR,Daniel Jones,Robert Woods,5870,1352,2401,2342,59,289,58.7,230.3
2022,QB,WR,QB_vs_WR,Daniel Jones,Jakobi Meyers,5870,5947,2401,2302,99,289,104.1,184.9
2022,QB,WR,QB_vs_WR,Daniel Jones,D.J. Chark,5870,4951,2401,2221,180,289,66.8,222.2
2022,QB,WR,QB_vs_WR,Marcus Mariota,D.J. Chark,2307,4951,2061,2221,-160,196.6,66.8,129.8
2022,QB,WR,QB_vs_WR,Marcus Mariota,K.J. Osborn,2307,7066,2061,2186,-125,196.6,83.9,112.7
2022,QB,WR,QB_vs_WR,Marcus Mariota,Isaiah McKenzie,2307,4197,2061,2146,-85,196.6,75.9,120.7
2022,QB,WR,QB_vs_WR,Marcus Mariota,KJ Hamler,2307,6805,2061,2141,-80,196.6,18.8,177.8
2022,QB,WR,QB_vs_WR,Marcus Mariota,Marquez Valdes-Scantling,2307,5086,2061,2124,-63,196.6,77.7,118.9
2022,QB,WR,QB_vs_WR,Mitchell Trubisky,Tyquan Thornton,3976,8188,1902,1831,71,73.9,43,30.9
2022,QB,WR,QB_vs_WR,Mitchell Trubisky,Mecole Hardman,3976,5917,1902,1782,120,73.9,68.8,5.1
2022,QB,WR,QB_vs_WR,Mitchell Trubisky,Donovan Peoples-Jones,3976,6824,1902,1772,130,73.9,101.9,-28
2022,QB,WR,QB_vs_WR,Mitchell Trubisky,Khalil Shakir,3976,8134,1902,1762,140,73.9,21.3,52.6
2022,QB,WR,QB_vs_WR,Mitchell Trubisky,Van Jefferson,3976,6853,1902,1734,168,73.9,48.8,25.1
2022,QB,WR,QB_vs_WR,Mitchell Trubisky,Parris Campbell,3976,5880,1902,1702,200,73.9,79.3,-5.4
2022,QB,WR,QB_vs_WR,Jimmy Garoppolo,Tyquan Thornton,1837,8188,1724,1831,-107,164.8,43,121.8
2022,QB,WR,QB_vs_WR,Jimmy Garoppolo,Mecole Hardman,1837,5917,1724,1782,-58,164.8,68.8,96
2022,QB,WR,QB_vs_WR,Jimmy Garoppolo,Donovan Peoples-Jones,1837,6824,1724,1772,-48,164.8,101.9,62.9
2022,QB,WR,QB_vs_WR,Jimmy Garoppolo,Khalil Shakir,1837,8134,1724,1762,-38,164.8,21.3,143.5
2022,QB,WR,QB_vs_WR,Jimmy Garoppolo,Van Jefferson,1837,6853,1724,1734,-10,164.8,48.8,116
2022,QB,WR,QB_vs_WR,Jimmy Garoppolo,Parris Campbell,1837,5880,1724,1702,22,164.8,79.3,85.5
2022,QB,WR,QB_vs_WR,Jimmy Garoppolo,DeVante Parker,1837,2319,1724,1688,36,164.8,52,112.8
2022,QB,WR,QB_vs_WR,Jordan Love,Tyquan Thornton,6804,8188,1694,1831,-137,11.7,43,-31.3
2022,QB,WR,QB_vs_WR,Jordan Love,Mecole Hardman,6804,5917,1694,1782,-88,11.7,68.8,-57.1
2022,QB,WR,QB_vs_WR,Jordan Love,Donovan Peoples-Jones,6804,6824,1694,1772,-78,11.7,101.9,-90.2
2022,QB,WR,QB_vs_WR,Jordan Love,Khalil Shakir,6804,8134,1694,1762,-68,11.7,21.3,-9.6
2022,QB,WR,QB_vs_WR,Jordan Love,Van Jefferson,6804,6853,1694,1734,-40,11.7,48.8,-37.1
2022,QB,WR,QB_vs_WR,Jordan Love,Parris Campbell,6804,5880,1694,1702,-8,11.7,79.3,-67.6
2022,QB,WR,QB_vs_WR,Jordan Love,DeVante Parker,6804,2319,1694,1688,6,11.7,52,-40.3
2022,QB,WR,QB_vs_WR,Tyler Huntley,Devin Duvernay,7083,6847,1398,1474,-76,50,79.1,-29.1
2022,QB,WR,QB_vs_WR,Tyler Huntley,Laviska Shenault,7083,6814,1398,1415,-17,50,44.8,5.2
2022,QB,WR,QB_vs_WR,Tyler Huntley,Terrace Marshall,7083,7565,1398,1387,11,50,52.7,-2.7
2022,QB,WR,QB_vs_WR,Tyler Huntley,Curtis Samuel,7083,4082,1398,1372,26,50,112.9,-62.9
2022,QB,WR,QB_vs_WR,Tyler Huntley,Zay Jones,7083,4080,1398,1354,44,50,114,-64
2022,QB,WR,QB_vs_WR,Tyler Huntley,Nick Westbrook-Ikhine,7083,7496,1398,1300,98,50,57.7,-7.7
2022,QB,WR,QB_vs_WR,Tyler Huntley,Danny Gray,7083,8176,1398,1260,138,50,1.9,48.1
2022,QB,WR,QB_vs_WR,Tyler Huntley,Kendrick Bourne,7083,4454,1398,1240,158,50,48.8,1.2
2022,QB,WR,QB_vs_WR,Tyler Huntley,Jalen Guyton,7083,6421,1398,1205,193,50,6.4,43.6
2022,QB,WR,QB_vs_WR,Jacoby Brissett,Laviska Shenault,3257,6814,1240,1415,-175,168.6,44.8,123.8
2022,QB,WR,QB_vs_WR,Jacoby Brissett,Terrace Marshall,3257,7565,1240,1387,-147,168.6,52.7,115.9
2022,QB,WR,QB_vs_WR,Jacoby Brissett,Curtis Samuel,3257,4082,1240,1372,-132,168.6,112.9,55.7
2022,QB,WR,QB_vs_WR,Jacoby Brissett,Zay Jones,3257,4080,1240,1354,-114,168.6,114,54.6
2022,QB,WR,QB_vs_WR,Jacoby Brissett,Nick Westbrook-Ikhine,3257,7496,1240,1300,-60,168.6,57.7,110.9
2022,QB,WR,QB_vs_WR,Jacoby Brissett,Danny Gray,3257,8176,1240,1260,-20,168.6,1.9,166.7
2022,QB,WR,QB_vs_WR,Jacoby Brissett,Kendrick Bourne,3257,4454,1240,1240,0,168.6,48.8,119.8
2022,QB,WR,QB_vs_WR,Jacoby Brissett,Jalen Guyton,3257,6421,1240,1205,35,168.6,6.4,162.2
2022,QB,WR,QB_vs_WR,Jacoby Brissett,Cedrick Wilson,3257,5113,1240,1130,110,168.6,14.4,154.2
2022,QB,WR,QB_vs_WR,Jacoby Brissett,Quez Watkins,3257,6927,1240,1116,124,168.6,50.1,118.5
2022,QB,WR,QB_vs_WR,Jacoby Brissett,Dyami Brown,3257,7587,1240,1107,133,168.6,27.8,140.8
2022,QB,WR,QB_vs_WR,Jacoby Brissett,Anthony Schwartz,3257,7533,1240,1093,147,168.6,14.8,153.8
2022,QB,WR,QB_vs_WR,Jacoby Brissett,Equanimeous St. Brown,3257,5323,1240,1062,178,168.6,43.4,125.2
2022,QB,WR,QB_vs_WR,Geno Smith,Nick Westbrook-Ikhine,1373,7496,1134,1300,-166,290.3,57.7,232.6
2022,QB,WR,QB_vs_WR,Geno Smith,Danny Gray,1373,8176,1134,1260,-126,290.3,1.9,288.4
2022,QB,WR,QB_vs_WR,Geno Smith,Kendrick Bourne,1373,4454,1134,1240,-106,290.3,48.8,241.5
2022,QB,WR,QB_vs_WR,Geno Smith,Jalen Guyton,1373,6421,1134,1205,-71,290.3,6.4,283.9
2022,QB,WR,QB_vs_WR,Geno Smith,Cedrick Wilson,1373,5113,1134,1130,4,290.3,14.4,275.9
2022,QB,WR,QB_vs_WR,Geno Smith,Quez Watkins,1373,6927,1134,1116,18,290.3,50.1,240.2
2022,QB,WR,QB_vs_WR,Geno Smith,Dyami Brown,1373,7587,1134,1107,27,290.3,27.8,262.5
2022,QB,WR,QB_vs_WR,Geno Smith,Anthony Schwartz,1373,7533,1134,1093,41,290.3,14.8,275.5
2022,QB,WR,QB_vs_WR,Geno Smith,Equanimeous St. Brown,1373,5323,1134,1062,72,290.3,43.4,246.9
2022,QB,WR,QB_vs_WR,Geno Smith,Denzel Mims,1373,6849,1134,1003,131,290.3,18.6,271.7
2022,QB,WR,QB_vs_WR,Geno Smith,Marquez Callaway,1373,6989,1134,1002,132,290.3,21.8,268.5
2022,QB,WR,QB_vs_WR,Geno Smith,Braxton Berrios,1373,5121,1134,994,140,290.3,39.7,250.6
2022,QB,WR,QB_vs_WR,Geno Smith,Tutu Atwell,1373,7562,1134,939,195,290.3,35.4,254.9
2022,QB,WR,QB_vs_WR,Gardner Minshew,Jalen Guyton,6011,6421,1010,1205,-195,36.8,6.4,30.4
2022,QB,WR,QB_vs_WR,Gardner Minshew,Cedrick Wilson,6011,5113,1010,1130,-120,36.8,14.4,22.4
2022,QB,WR,QB_vs_WR,Gardner Minshew,Quez Watkins,6011,6927,1010,1116,-106,36.8,50.1,-13.3
2022,QB,WR,QB_vs_WR,Gardner Minshew,Dyami Brown,6011,7587,1010,1107,-97,36.8,27.8,9
2022,QB,WR,QB_vs_WR,Gardner Minshew,Anthony Schwartz,6011,7533,1010,1093,-83,36.8,14.8,22
2022,QB,WR,QB_vs_WR,Gardner Minshew,Equanimeous St. Brown,6011,5323,1010,1062,-52,36.8,43.4,-6.6
2022,QB,WR,QB_vs_WR,Gardner Minshew,Denzel Mims,6011,6849,1010,1003,7,36.8,18.6,18.2
2022,QB,WR,QB_vs_WR,Gardner Minshew,Marquez Callaway,6011,6989,1010,1002,8,36.8,21.8,15
2022,QB,WR,QB_vs_WR,Gardner Minshew,Braxton Berrios,6011,5121,1010,994,16,36.8,39.7,-2.9
2022,QB,WR,QB_vs_WR,Gardner Minshew,Tutu Atwell,6011,7562,1010,939,71,36.8,35.4,1.4
2022,QB,WR,QB_vs_WR,Gardner Minshew,Darius Slayton,6011,6149,1010,900,110,36.8,82.4,-45.6
2022,QB,WR,QB_vs_WR,Gardner Minshew,Olamide Zaccheaus,6011,6271,1010,819,191,36.8,60.3,-23.5
2022,QB,WR,QB_vs_WR,Gardner Minshew,Tylan Wallace,6011,7595,1010,810,200,36.8,2.1,34.7
2022,QB,WR,QB_vs_WR,Sam Darnold,Equanimeous St. Brown,4943,5323,880,1062,-182,85.4,43.4,42
2022,QB,WR,QB_vs_WR,Sam Darnold,Denzel Mims,4943,6849,880,1003,-123,85.4,18.6,66.8
2022,QB,WR,QB_vs_WR,Sam Darnold,Marquez Callaway,4943,6989,880,1002,-122,85.4,21.8,63.6
2022,QB,WR,QB_vs_WR,Sam Darnold,Braxton Berrios,4943,5121,880,994,-114,85.4,39.7,45.7
2022,QB,WR,QB_vs_WR,Sam Darnold,Tutu Atwell,4943,7562,880,939,-59,85.4,35.4,50
2022,QB,WR,QB_vs_WR,Sam Darnold,Darius Slayton,4943,6149,880,900,-20,85.4,82.4,3
2022,QB,WR,QB_vs_WR,Sam Darnold,Olamide Zaccheaus,4943,6271,880,819,61,85.4,60.3,25.1
2022,QB,WR,QB_vs_WR,Sam Darnold,Tylan Wallace,4943,7595,880,810,70,85.4,2.1,83.3
2022,QB,WR,QB_vs_WR,Sam Darnold,Jauan Jennings,4943,7049,880,761,119,85.4,46.6,38.8
2022,QB,WR,QB_vs_WR,Sam Darnold,Josh Reynolds,4943,4171,880,757,123,85.4,64.3,21.1
2022,QB,WR,QB_vs_WR,Sam Darnold,Nelson Agholor,4943,2325,880,684,196,85.4,44.2,41.2
2022,QB,WR,QB_vs_WR,Taylor Heinicke,Nelson Agholor,2711,2325,503,684,-181,116,44.2,71.8
2022,QB,WR,QB_vs_WR,Taylor Heinicke,Jaelon Darden,2711,7713,503,666,-163,116,2.8,113.2
2022,QB,WR,QB_vs_WR,Taylor Heinicke,Kyle Philips,2711,8171,503,630,-127,116,3.8,112.2
2022,QB,WR,QB_vs_WR,Taylor Heinicke,Tre'Quan Smith,2711,5026,503,585,-82,116,33.2,82.8
2022,QB,WR,QB_vs_WR,Taylor Heinicke,Demarcus Robinson,2711,3286,503,538,-35,116,53.4,62.6
2022,QB,WR,QB_vs_WR,Taylor Heinicke,Scotty Miller,2711,6290,503,532,-29,116,18.5,97.5
2022,QB,WR,QB_vs_WR,Taylor Heinicke,Greg Dortch,2711,5970,503,354,149,116,56.6,59.4
2022,QB,WR,QB_vs_WR,Taylor Heinicke,Kalif Raymond,2711,3634,503,319,184,116,62.6,53.4
2022,QB,WR,QB_vs_WR,Bailey Zappe,Tre'Quan Smith,8157,5026,413,585,-172,38.6,33.2,5.4
2022,QB,WR,QB_vs_WR,Bailey Zappe,Demarcus Robinson,8157,3286,413,538,-125,38.6,53.4,-14.8
2022,QB,WR,QB_vs_WR,Bailey Zappe,Scotty Miller,8157,6290,413,532,-119,38.6,18.5,20.1
2022,QB,WR,QB_vs_WR,Bailey Zappe,Greg Dortch,8157,5970,413,354,59,38.6,56.6,-18
2022,QB,WR,QB_vs_WR,Bailey Zappe,Kalif Raymond,8157,3634,413,319,94,38.6,62.6,-24
2022,QB,WR,QB_vs_WR,Bailey Zappe,Jamal Agnew,8157,4198,413,297,116,38.6,46.5,-7.9
2022,QB,WR,QB_vs_WR,Tyrod Taylor,Tre'Quan Smith,827,5026,391,585,-194,11.3,33.2,-21.9
2022,QB,WR,QB_vs_WR,Tyrod Taylor,Demarcus Robinson,827,3286,391,538,-147,11.3,53.4,-42.1
2022,QB,WR,QB_vs_WR,Tyrod Taylor,Scotty Miller,827,6290,391,532,-141,11.3,18.5,-7.2
2022,QB,WR,QB_vs_WR,Tyrod Taylor,Greg Dortch,827,5970,391,354,37,11.3,56.6,-45.3
2022,QB,WR,QB_vs_WR,Tyrod Taylor,Kalif Raymond,827,3634,391,319,72,11.3,62.6,-51.3
2022,QB,WR,QB_vs_WR,Tyrod Taylor,Jamal Agnew,827,4198,391,297,94,11.3,46.5,-35.2
2022,QB,WR,QB_vs_WR,Mike White,Demarcus Robinson,5089,3286,366,538,-172,56.6,53.4,3.2
2022,QB,WR,QB_vs_WR,Mike White,Scotty Miller,5089,6290,366,532,-166,56.6,18.5,38.1
2022,QB,WR,QB_vs_WR,Mike White,Greg Dortch,5089,5970,366,354,12,56.6,56.6,0
2022,QB,WR,QB_vs_WR,Mike White,Kalif Raymond,5089,3634,366,319,47,56.6,62.6,-6
2022,QB,WR,QB_vs_WR,Mike White,Jamal Agnew,5089,4198,366,297,69,56.6,46.5,10.1
2022,QB,WR,QB_vs_WR,Mike White,Lil'Jordan Humphrey,5089,5938,366,169,197,56.6,2,54.6
2022,QB,TE,QB_vs_TE,Trevor Lawrence,Travis Kelce,7523,1466,5350,5150,200,285.4,254.5,30.9
2022,QB,TE,QB_vs_TE,Deshaun Watson,George Kittle,4017,4217,4831,4920,-89,68,153.6,-85.6
2022,QB,TE,QB_vs_TE,Justin Fields,T.J. Hockenson,7591,5844,4699,4612,87,296,170.3,125.7
2022,QB,TE,QB_vs_TE,Matthew Stafford,T.J. Hockenson,421,5844,4531,4612,-81,108.4,170.3,-61.9
2022,QB,TE,QB_vs_TE,Matthew Stafford,Darren Waller,421,2505,4531,4425,106,108.4,66.3,42.1
2022,QB,TE,QB_vs_TE,Derek Carr,T.J. Hockenson,2028,5844,4478,4612,-134,219.1,170.3,48.8
2022,QB,TE,QB_vs_TE,Derek Carr,Darren Waller,2028,2505,4478,4425,53,219.1,66.3,152.8
2022,QB,TE,QB_vs_TE,Tua Tagovailoa,Darren Waller,6768,2505,4370,4425,-55,230.9,66.3,164.6
2022,QB,TE,QB_vs_TE,Aaron Rodgers,Darren Waller,96,2505,4313,4425,-112,228,66.3,161.7
2022,QB,TE,QB_vs_TE,Kenny Pickett,Dalton Schultz,8160,5001,4129,4008,121,136,108.9,27.1
2022,QB,TE,QB_vs_TE,Kirk Cousins,Dallas Goedert,1166,5022,3710,3794,-84,278.6,106.1,172.5
2022,QB,TE,QB_vs_TE,Kirk Cousins,Cole Kmet,1166,6826,3710,3546,164,278.6,108.6,170
2022,QB,TE,QB_vs_TE,Zach Wilson,Dallas Goedert,7538,5022,3699,3794,-95,97.9,106.1,-8.2
2022,QB,TE,QB_vs_TE,Zach Wilson,Cole Kmet,7538,6826,3699,3546,153,97.9,108.6,-10.7
2022,QB,TE,QB_vs_TE,Malik Willis,Dawson Knox,8161,5906,3325,3312,13,19.3,103.4,-84.1
2022,QB,TE,QB_vs_TE,Jameis Winston,Dawson Knox,2306,5906,3239,3312,-73,43.9,103.4,-59.5
2022,QB,TE,QB_vs_TE,Davis Mills,Dawson Knox,7585,5906,3173,3312,-139,159,103.4,55.6
2022,QB,TE,QB_vs_TE,Desmond Ridder,Trey McBride,8159,8130,2669,2793,-124,22.9,41.4,-18.5
2022,QB,TE,QB_vs_TE,Desmond Ridder,Isaiah Likely,8159,8131,2669,2748,-79,22.9,59,-36.1
2022,QB,TE,QB_vs_TE,Desmond Ridder,Noah Fant,8159,5857,2669,2697,-28,22.9,93.6,-70.7
2022,QB,TE,QB_vs_TE,Desmond Ridder,David Njoku,8159,4033,2669,2696,-27,22.9,100.8,-77.9
2022,QB,TE,QB_vs_TE,Desmond Ridder,Zach Ertz,8159,1339,2669,2609,60,22.9,92.1,-69.2
2022,QB,TE,QB_vs_TE,Desmond Ridder,Mike Gesicki,8159,4993,2669,2574,95,22.9,75.6,-52.7
2022,QB,TE,QB_vs_TE,Ryan Tannehill,Isaiah Likely,1049,8131,2549,2748,-199,161.2,59,102.2
2022,QB,TE,QB_vs_TE,Ryan Tannehill,Noah Fant,1049,5857,2549,2697,-148,161.2,93.6,67.6
2022,QB,TE,QB_vs_TE,Ryan Tannehill,David Njoku,1049,4033,2549,2696,-147,161.2,100.8,60.4
2022,QB,TE,QB_vs_TE,Ryan Tannehill,Zach Ertz,1049,1339,2549,2609,-60,161.2,92.1,69.1
2022,QB,TE,QB_vs_TE,Ryan Tannehill,Mike Gesicki,1049,4993,2549,2574,-25,161.2,75.6,85.6
2022,QB,TE,QB_vs_TE,Ryan Tannehill,Irv Smith,1049,6126,2549,2422,127,161.2,39.8,121.4
2022,QB,TE,QB_vs_TE,Jared Goff,Noah Fant,3163,5857,2531,2697,-166,273.9,93.6,180.3
2022,QB,TE,QB_vs_TE,Jared Goff,David Njoku,3163,4033,2531,2696,-165,273.9,100.8,173.1
2022,QB,TE,QB_vs_TE,Jared Goff,Zach Ertz,3163,1339,2531,2609,-78,273.9,92.1,181.8
2022,QB,TE,QB_vs_TE,Jared Goff,Mike Gesicki,3163,4993,2531,2574,-43,273.9,75.6,198.3
2022,QB,TE,QB_vs_TE,Jared Goff,Irv Smith,3163,6126,2531,2422,109,273.9,39.8,234.1
2022,QB,TE,QB_vs_TE,Daniel Jones,Mike Gesicki,5870,4993,2401,2574,-173,289,75.6,213.4
2022,QB,TE,QB_vs_TE,Daniel Jones,Irv Smith,5870,6126,2401,2422,-21,289,39.8,249.2
2022,QB,TE,QB_vs_TE,Daniel Jones,Albert Okwuegbunam,5870,6843,2401,2322,79,289,20.5,268.5
2022,QB,TE,QB_vs_TE,Marcus Mariota,Hunter Henry,2307,3214,2061,2153,-92,196.6,76.2,120.4
2022,QB,TE,QB_vs_TE,Marcus Mariota,Brevin Jordan,2307,7568,2061,2045,16,196.6,19.8,176.8
2022,QB,TE,QB_vs_TE,Marcus Mariota,Greg Dulcich,2307,8172,2061,1868,193,196.6,69.6,127
2022,QB,TE,QB_vs_TE,Mitchell Trubisky,Brevin Jordan,3976,7568,1902,2045,-143,73.9,19.8,54.1
2022,QB,TE,QB_vs_TE,Mitchell Trubisky,Greg Dulcich,3976,8172,1902,1868,34,73.9,69.6,4.3
2022,QB,TE,QB_vs_TE,Mitchell Trubisky,Tyler Higbee,3976,3271,1902,1823,79,73.9,110.7,-36.8
2022,QB,TE,QB_vs_TE,Mitchell Trubisky,Daniel Bellinger,3976,8225,1902,1773,129,73.9,60,13.9
2022,QB,TE,QB_vs_TE,Mitchell Trubisky,Evan Engram,3976,4066,1902,1729,173,73.9,135.7,-61.8
2022,QB,TE,QB_vs_TE,Jimmy Garoppolo,Greg Dulcich,1837,8172,1724,1868,-144,164.8,69.6,95.2
2022,QB,TE,QB_vs_TE,Jimmy Garoppolo,Tyler Higbee,1837,3271,1724,1823,-99,164.8,110.7,54.1
2022,QB,TE,QB_vs_TE,Jimmy Garoppolo,Daniel Bellinger,1837,8225,1724,1773,-49,164.8,60,104.8
2022,QB,TE,QB_vs_TE,Jimmy Garoppolo,Evan Engram,1837,4066,1724,1729,-5,164.8,135.7,29.1
2022,QB,TE,QB_vs_TE,Jimmy Garoppolo,Cade Otton,1837,8111,1724,1544,180,164.8,71.1,93.7
2022,QB,TE,QB_vs_TE,Jordan Love,Greg Dulcich,6804,8172,1694,1868,-174,11.7,69.6,-57.9
2022,QB,TE,QB_vs_TE,Jordan Love,Tyler Higbee,6804,3271,1694,1823,-129,11.7,110.7,-99
2022,QB,TE,QB_vs_TE,Jordan Love,Daniel Bellinger,6804,8225,1694,1773,-79,11.7,60,-48.3
2022,QB,TE,QB_vs_TE,Jordan Love,Evan Engram,6804,4066,1694,1729,-35,11.7,135.7,-124
2022,QB,TE,QB_vs_TE,Jordan Love,Cade Otton,6804,8111,1694,1544,150,11.7,71.1,-59.4
2022,QB,TE,QB_vs_TE,Tyler Huntley,Cade Otton,7083,8111,1398,1544,-146,50,71.1,-21.1
2022,QB,TE,QB_vs_TE,Tyler Huntley,Austin Hooper,7083,3202,1398,1454,-56,50,71.1,-21.1
2022,QB,TE,QB_vs_TE,Tyler Huntley,Jonnu Smith,7083,4144,1398,1453,-55,50,38.5,11.5
2022,QB,TE,QB_vs_TE,Tyler Huntley,Jelani Woods,7083,8219,1398,1446,-48,50,60.3,-10.3
2022,QB,TE,QB_vs_TE,Tyler Huntley,Tommy Tremble,7083,7694,1398,1409,-11,50,42.2,7.8
2022,QB,TE,QB_vs_TE,Tyler Huntley,Gerald Everett,7083,4089,1398,1357,41,50,102.2,-52.2
2022,QB,TE,QB_vs_TE,Tyler Huntley,Hayden Hurst,7083,4973,1398,1285,113,50,79.5,-29.5
2022,QB,TE,QB_vs_TE,Tyler Huntley,Donald Parham,7083,6074,1398,1244,154,50,19.9,30.1
2022,QB,TE,QB_vs_TE,Tyler Huntley,Tyler Conklin,7083,5133,1398,1225,173,50,100.2,-50.2
2022,QB,TE,QB_vs_TE,Tyler Huntley,Noah Gray,7083,7828,1398,1200,198,50,54.1,-4.1
2022,QB,TE,QB_vs_TE,Jacoby Brissett,Tommy Tremble,3257,7694,1240,1409,-169,168.6,42.2,126.4
2022,QB,TE,QB_vs_TE,Jacoby Brissett,Gerald Everett,3257,4089,1240,1357,-117,168.6,102.2,66.4
2022,QB,TE,QB_vs_TE,Jacoby Brissett,Hayden Hurst,3257,4973,1240,1285,-45,168.6,79.5,89.1
2022,QB,TE,QB_vs_TE,Jacoby Brissett,Donald Parham,3257,6074,1240,1244,-4,168.6,19.9,148.7
2022,QB,TE,QB_vs_TE,Jacoby Brissett,Tyler Conklin,3257,5133,1240,1225,15,168.6,100.2,68.4
2022,QB,TE,QB_vs_TE,Jacoby Brissett,Noah Gray,3257,7828,1240,1200,40,168.6,54.1,114.5
2022,QB,TE,QB_vs_TE,Jacoby Brissett,Harrison Bryant,3257,6850,1240,1179,61,168.6,43.2,125.4
2022,QB,TE,QB_vs_TE,Jacoby Brissett,Chigoziem Okonkwo,3257,8210,1240,1178,62,168.6,69.5,99.1
2022,QB,TE,QB_vs_TE,Jacoby Brissett,Adam Trautman,3257,6869,1240,1137,103,168.6,33.4,135.2
2022,QB,TE,QB_vs_TE,Jacoby Brissett,Jake Ferguson,3257,8110,1240,1098,142,168.6,38,130.6
2022,QB,TE,QB_vs_TE,Jacoby Brissett,Mo Alie-Cox,3257,4054,1240,1042,198,168.6,37.5,131.1
2022,QB,TE,QB_vs_TE,Geno Smith,Hayden Hurst,1373,4973,1134,1285,-151,290.3,79.5,210.8
2022,QB,TE,QB_vs_TE,Geno Smith,Donald Parham,1373,6074,1134,1244,-110,290.3,19.9,270.4
2022,QB,TE,QB_vs_TE,Geno Smith,Tyler Conklin,1373,5133,1134,1225,-91,290.3,100.2,190.1
2022,QB,TE,QB_vs_TE,Geno Smith,Noah Gray,1373,7828,1134,1200,-66,290.3,54.1,236.2
2022,QB,TE,QB_vs_TE,Geno Smith,Harrison Bryant,1373,6850,1134,1179,-45,290.3,43.2,247.1
2022,QB,TE,QB_vs_TE,Geno Smith,Chigoziem Okonkwo,1373,8210,1134,1178,-44,290.3,69.5,220.8
2022,QB,TE,QB_vs_TE,Geno Smith,Adam Trautman,1373,6869,1134,1137,-3,290.3,33.4,256.9
2022,QB,TE,QB_vs_TE,Geno Smith,Jake Ferguson,1373,8110,1134,1098,36,290.3,38,252.3
2022,QB,TE,QB_vs_TE,Geno Smith,Mo Alie-Cox,1373,4054,1134,1042,92,290.3,37.5,252.8
2022,QB,TE,QB_vs_TE,Geno Smith,Foster Moreau,1373,5985,1134,946,188,290.3,67.2,223.1
2022,QB,TE,QB_vs_TE,Gardner Minshew,Noah Gray,6011,7828,1010,1200,-190,36.8,54.1,-17.3
2022,QB,TE,QB_vs_TE,Gardner Minshew,Harrison Bryant,6011,6850,1010,1179,-169,36.8,43.2,-6.4
2022,QB,TE,QB_vs_TE,Gardner Minshew,Chigoziem Okonkwo,6011,8210,1010,1178,-168,36.8,69.5,-32.7
2022,QB,TE,QB_vs_TE,Gardner Minshew,Adam Trautman,6011,6869,1010,1137,-127,36.8,33.4,3.4
2022,QB,TE,QB_vs_TE,Gardner Minshew,Jake Ferguson,6011,8110,1010,1098,-88,36.8,38,-1.2
2022,QB,TE,QB_vs_TE,Gardner Minshew,Mo Alie-Cox,6011,4054,1010,1042,-32,36.8,37.5,-0.7
2022,QB,TE,QB_vs_TE,Gardner Minshew,Foster Moreau,6011,5985,1010,946,64,36.8,67.2,-30.4
2022,QB,TE,QB_vs_TE,Sam Darnold,Mo Alie-Cox,4943,4054,880,1042,-162,85.4,37.5,47.9
2022,QB,TE,QB_vs_TE,Sam Darnold,Foster Moreau,4943,5985,880,946,-66,85.4,67.2,18.2
2022,QB,TE,QB_vs_TE,Sam Darnold,Juwan Johnson,4943,7002,880,773,107,85.4,111.2,-25.8
2022,QB,TE,QB_vs_TE,Taylor Heinicke,Kylen Granson,2711,7602,503,502,1,116,45.7,70.3
2022,QB,TE,QB_vs_TE,Taylor Heinicke,John Bates,2711,7716,503,492,11,116,23.8,92.2
2022,QB,TE,QB_vs_TE,Taylor Heinicke,Taysom Hill,2711,4381,503,460,43,116,138.3,-22.3
2022,QB,TE,QB_vs_TE,Taylor Heinicke,Ian Thomas,2711,4995,503,453,50,116,30.2,85.8
2022,QB,TE,QB_vs_TE,Taylor Heinicke,Drew Sample,2711,6001,503,422,81,116,0.8,115.2
2022,QB,TE,QB_vs_TE,Taylor Heinicke,Will Dissly,2711,5010,503,332,171,116,69.9,46.1
2022,QB,TE,QB_vs_TE,Bailey Zappe,Kylen Granson,8157,7602,413,502,-89,38.6,45.7,-7.1
2022,QB,TE,QB_vs_TE,Bailey Zappe,John Bates,8157,7716,413,492,-79,38.6,23.8,14.8
2022,QB,TE,QB_vs_TE,Bailey Zappe,Taysom Hill,8157,4381,413,460,-47,38.6,138.3,-99.7
2022,QB,TE,QB_vs_TE,Bailey Zappe,Ian Thomas,8157,4995,413,453,-40,38.6,30.2,8.4
2022,QB,TE,QB_vs_TE,Bailey Zappe,Drew Sample,8157,6001,413,422,-9,38.6,0.8,37.8
2022,QB,TE,QB_vs_TE,Bailey Zappe,Will Dissly,8157,5010,413,332,81,38.6,69.9,-31.3
2022,QB,TE,QB_vs_TE,Tyrod Taylor,Kylen Granson,827,7602,391,502,-111,11.3,45.7,-34.4
2022,QB,TE,QB_vs_TE,Tyrod Taylor,John Bates,827,7716,391,492,-101,11.3,23.8,-12.5
2022,QB,TE,QB_vs_TE,Tyrod Taylor,Taysom Hill,827,4381,391,460,-69,11.3,138.3,-127
2022,QB,TE,QB_vs_TE,Tyrod Taylor,Ian Thomas,827,4995,391,453,-62,11.3,30.2,-18.9
2022,QB,TE,QB_vs_TE,Tyrod Taylor,Drew Sample,827,6001,391,422,-31,11.3,0.8,10.5
2022,QB,TE,QB_vs_TE,Tyrod Taylor,Will Dissly,827,5010,391,332,59,11.3,69.9,-58.6
2022,QB,TE,QB_vs_TE,Mike White,Kylen Granson,5089,7602,366,502,-136,56.6,45.7,10.9
2022,QB,TE,QB_vs_TE,Mike White,John Bates,5089,7716,366,492,-126,56.6,23.8,32.8
2022,QB,TE,QB_vs_TE,Mike White,Taysom Hill,5089,4381,366,460,-94,56.6,138.3,-81.7
2022,QB,TE,QB_vs_TE,Mike White,Ian Thomas,5089,4995,366,453,-87,56.6,30.2,26.4
2022,QB,TE,QB_vs_TE,Mike White,Drew Sample,5089,6001,366,422,-56,56.6,0.8,55.8
2022,QB,TE,QB_vs_TE,Mike White,Will Dissly,5089,5010,366,332,34,56.6,69.9,-13.3
2022,RB,WR,RB_vs_WR,Jonathan Taylor,Ja'Marr Chase,6813,7564,8706,8730,-24,118.4,140.8,-22.4
2022,RB,WR,RB_vs_WR,D'Andre Swift,CeeDee Lamb,6790,6786,6374,6443,-69,134.5,183.4,-48.9
2022,RB,WR,RB_vs_WR,Najee Harris,CeeDee Lamb,7528,6786,6308,6443,-135,169.5,183.4,-13.9
2022,RB,WR,RB_vs_WR,Najee Harris,Cooper Kupp,7528,4039,6308,6111,197,169.5,126.4,43.1
2022,RB,WR,RB_vs_WR,Javonte Williams,Cooper Kupp,7588,4039,6230,6111,119,26,126.4,-100.4
2022,RB,WR,RB_vs_WR,Christian McCaffrey,Cooper Kupp,4034,4039,6079,6111,-32,257.5,126.4,131.1
2022,RB,WR,RB_vs_WR,Austin Ekeler,Tee Higgins,4663,6801,5469,5658,-189,260.7,147.5,113.2
2022,RB,WR,RB_vs_WR,Austin Ekeler,A.J. Brown,4663,5859,5469,5601,-132,260.7,202.1,58.6
2022,RB,WR,RB_vs_WR,Austin Ekeler,Deebo Samuel,4663,5872,5469,5435,34,260.7,110,150.7
2022,RB,WR,RB_vs_WR,Austin Ekeler,Michael Pittman,4663,6819,5469,5419,50,260.7,108.5,152.2
2022,RB,WR,RB_vs_WR,Austin Ekeler,Jaylen Waddle,4663,7526,5469,5386,83,260.7,178.9,81.8
2022,RB,WR,RB_vs_WR,Austin Ekeler,Davante Adams,4663,2133,5469,5322,147,260.7,228.2,32.5
2022,RB,WR,RB_vs_WR,Breece Hall,A.J. Brown,8155,5859,5420,5601,-181,96.1,202.1,-106
2022,RB,WR,RB_vs_WR,Breece Hall,Deebo Samuel,8155,5872,5420,5435,-15,96.1,110,-13.9
2022,RB,WR,RB_vs_WR,Breece Hall,Michael Pittman,8155,6819,5420,5419,1,96.1,108.5,-12.4
2022,RB,WR,RB_vs_WR,Breece Hall,Jaylen Waddle,8155,7526,5420,5386,34,96.1,178.9,-82.8
2022,RB,WR,RB_vs_WR,Breece Hall,Davante Adams,8155,2133,5420,5322,98,96.1,228.2,-132.1
2022,RB,WR,RB_vs_WR,Joe Mixon,Deebo Samuel,4018,5872,5319,5435,-116,167.9,110,57.9
2022,RB,WR,RB_vs_WR,Joe Mixon,Michael Pittman,4018,6819,5319,5419,-100,167.9,108.5,59.4
2022,RB,WR,RB_vs_WR,Joe Mixon,Jaylen Waddle,4018,7526,5319,5386,-67,167.9,178.9,-11
2022,RB,WR,RB_vs_WR,Joe Mixon,Davante Adams,4018,2133,5319,5322,-3,167.9,228.2,-60.3
2022,RB,WR,RB_vs_WR,Dalvin Cook,Jaylen Waddle,4029,7526,5209,5386,-177,197.1,178.9,18.2
2022,RB,WR,RB_vs_WR,Dalvin Cook,Davante Adams,4029,2133,5209,5322,-113,197.1,228.2,-31.1
2022,RB,WR,RB_vs_WR,Dalvin Cook,DK Metcalf,4029,5846,5209,5087,122,197.1,132.8,64.3
2022,RB,WR,RB_vs_WR,Saquon Barkley,Jaylen Waddle,4866,7526,5192,5386,-194,227,178.9,48.1
2022,RB,WR,RB_vs_WR,Saquon Barkley,Davante Adams,4866,2133,5192,5322,-130,227,228.2,-1.2
2022,RB,WR,RB_vs_WR,Saquon Barkley,DK Metcalf,4866,5846,5192,5087,105,227,132.8,94.2
2022,RB,WR,RB_vs_WR,Travis Etienne,DK Metcalf,7543,5846,5100,5087,13,166.7,132.8,33.9
2022,RB,WR,RB_vs_WR,Travis Etienne,Drake London,7543,8112,5100,4972,128,166.7,94.6,72.1
2022,RB,WR,RB_vs_WR,Travis Etienne,D.J. Moore,7543,4983,5100,4961,139,166.7,135.1,31.6
2022,RB,WR,RB_vs_WR,Travis Etienne,Tyreek Hill,7543,3321,5100,4932,168,166.7,225.9,-59.2
2022,RB,WR,RB_vs_WR,Alvin Kamara,Drake London,4035,8112,4859,4972,-113,143.7,94.6,49.1
2022,RB,WR,RB_vs_WR,Alvin Kamara,D.J. Moore,4035,4983,4859,4961,-102,143.7,135.1,8.6
2022,RB,WR,RB_vs_WR,Alvin Kamara,Tyreek Hill,4035,3321,4859,4932,-73,143.7,225.9,-82.2
2022,RB,WR,RB_vs_WR,Alvin Kamara,Courtland Sutton,4035,5045,4859,4697,162,143.7,86.1,57.6
2022,RB,WR,RB_vs_WR,Nick Chubb,D.J. Moore,4988,4983,4771,4961,-190,236.2,135.1,101.1
2022,RB,WR,RB_vs_WR,Nick Chubb,Tyreek Hill,4988,3321,4771,4932,-161,236.2,225.9,10.3
2022,RB,WR,RB_vs_WR,Nick Chubb,Courtland Sutton,4988,5045,4771,4697,74,236.2,86.1,150.1
2022,RB,WR,RB_vs_WR,Nick Chubb,Chris Olave,4988,8144,4771,4631,140,236.2,116.2,120
2022,RB,WR,RB_vs_WR,Nick Chubb,Rashod Bateman,4988,7571,4771,4618,153,236.2,38.5,197.7
2022,RB,WR,RB_vs_WR,Nick Chubb,Diontae Johnson,4988,5937,4771,4608,163,236.2,88.9,147.3
2022,RB,WR,RB_vs_WR,Nick Chubb,Elijah Moore,4988,7596,4771,4598,173,236.2,50,186.2
2022,RB,WR,RB_vs_WR,Nick Chubb,Chris Godwin,4988,4037,4771,4591,180,236.2,115.3,120.9
2022,RB,WR,RB_vs_WR,Derrick Henry,Tyreek Hill,3198,3321,4752,4932,-180,257,225.9,31.1
2022,RB,WR,RB_vs_WR,Derrick Henry,Courtland Sutton,3198,5045,4752,4697,55,257,86.1,170.9
2022,RB,WR,RB_vs_WR,Derrick Henry,Chris Olave,3198,8144,4752,4631,121,257,116.2,140.8
2022,RB,WR,RB_vs_WR,Derrick Henry,Rashod Bateman,3198,7571,4752,4618,134,257,38.5,218.5
2022,RB,WR,RB_vs_WR,Derrick Henry,Diontae Johnson,3198,5937,4752,4608,144,257,88.9,168.1
2022,RB,WR,RB_vs_WR,Derrick Henry,Elijah Moore,3198,7596,4752,4598,154,257,50,207
2022,RB,WR,RB_vs_WR,Derrick Henry,Chris Godwin,3198,4037,4752,4591,161,257,115.3,141.7
2022,RB,WR,RB_vs_WR,Derrick Henry,DeVonta Smith,3198,7525,4752,4562,190,257,152.9,104.1
2022,RB,WR,RB_vs_WR,AJ Dillon,Courtland Sutton,6828,5045,4703,4697,6,136.3,86.1,50.2
2022,RB,WR,RB_vs_WR,AJ Dillon,Chris Olave,6828,8144,4703,4631,72,136.3,116.2,20.1
2022,RB,WR,RB_vs_WR,AJ Dillon,Rashod Bateman,6828,7571,4703,4618,85,136.3,38.5,97.8
2022,RB,WR,RB_vs_WR,AJ Dillon,Diontae Johnson,6828,5937,4703,4608,95,136.3,88.9,47.4
2022,RB,WR,RB_vs_WR,AJ Dillon,Elijah Moore,6828,7596,4703,4598,105,136.3,50,86.3
2022,RB,WR,RB_vs_WR,AJ Dillon,Chris Godwin,6828,4037,4703,4591,112,136.3,115.3,21
2022,RB,WR,RB_vs_WR,AJ Dillon,DeVonta Smith,6828,7525,4703,4562,141,136.3,152.9,-16.6
2022,RB,WR,RB_vs_WR,AJ Dillon,Jameson Williams,6828,8148,4703,4551,152,136.3,14.1,122.2
2022,RB,WR,RB_vs_WR,AJ Dillon,Terry McLaurin,6828,5927,4703,4545,158,136.3,138.6,-2.3
2022,RB,WR,RB_vs_WR,AJ Dillon,Mike Evans,6828,2216,4703,4534,169,136.3,148.4,-12.1
2022,RB,WR,RB_vs_WR,AJ Dillon,Marquise Brown,6828,5848,4703,4522,181,136.3,88.3,48
2022,RB,WR,RB_vs_WR,AJ Dillon,Amon-Ra St. Brown,6828,7547,4703,4517,186,136.3,156.7,-20.4
2022,RB,WR,RB_vs_WR,Aaron Jones,Courtland Sutton,4199,5045,4615,4697,-82,184.8,86.1,98.7
2022,RB,WR,RB_vs_WR,Aaron Jones,Chris Olave,4199,8144,4615,4631,-16,184.8,116.2,68.6
2022,RB,WR,RB_vs_WR,Aaron Jones,Rashod Bateman,4199,7571,4615,4618,-3,184.8,38.5,146.3
2022,RB,WR,RB_vs_WR,Aaron Jones,Diontae Johnson,4199,5937,4615,4608,7,184.8,88.9,95.9
2022,RB,WR,RB_vs_WR,Aaron Jones,Elijah Moore,4199,7596,4615,4598,17,184.8,50,134.8
2022,RB,WR,RB_vs_WR,Aaron Jones,Chris Godwin,4199,4037,4615,4591,24,184.8,115.3,69.5
2022,RB,WR,RB_vs_WR,Aaron Jones,DeVonta Smith,4199,7525,4615,4562,53,184.8,152.9,31.9
2022,RB,WR,RB_vs_WR,Aaron Jones,Jameson Williams,4199,8148,4615,4551,64,184.8,14.1,170.7
2022,RB,WR,RB_vs_WR,Aaron Jones,Terry McLaurin,4199,5927,4615,4545,70,184.8,138.6,46.2
2022,RB,WR,RB_vs_WR,Aaron Jones,Mike Evans,4199,2216,4615,4534,81,184.8,148.4,36.4
2022,RB,WR,RB_vs_WR,Aaron Jones,Marquise Brown,4199,5848,4615,4522,93,184.8,88.3,96.5
2022,RB,WR,RB_vs_WR,Aaron Jones,Amon-Ra St. Brown,4199,7547,4615,4517,98,184.8,156.7,28.1
2022,RB,WR,RB_vs_WR,Aaron Jones,Mike Williams,4199,4068,4615,4495,120,184.8,110.3,74.5
2022,RB,WR,RB_vs_WR,Aaron Jones,George Pickens,4199,8137,4615,4489,126,184.8,101.3,83.5
2022,RB,WR,RB_vs_WR,Aaron Jones,Jerry Jeudy,4199,6783,4615,4423,192,184.8,117.9,66.9
2022,RB,WR,RB_vs_WR,J.K. Dobbins,Courtland Sutton,6806,5045,4581,4697,-116,74.2,86.1,-11.9
2022,RB,WR,RB_vs_WR,J.K. Dobbins,Chris Olave,6806,8144,4581,4631,-50,74.2,116.2,-42
2022,RB,WR,RB_vs_WR,J.K. Dobbins,Rashod Bateman,6806,7571,4581,4618,-37,74.2,38.5,35.7
2022,RB,WR,RB_vs_WR,J.K. Dobbins,Diontae Johnson,6806,5937,4581,4608,-27,74.2,88.9,-14.7
2022,RB,WR,RB_vs_WR,J.K. Dobbins,Elijah Moore,6806,7596,4581,4598,-17,74.2,50,24.2
2022,RB,WR,RB_vs_WR,J.K. Dobbins,Chris Godwin,6806,4037,4581,4591,-10,74.2,115.3,-41.1
2022,RB,WR,RB_vs_WR,J.K. Dobbins,DeVonta Smith,6806,7525,4581,4562,19,74.2,152.9,-78.7
2022,RB,WR,RB_vs_WR,J.K. Dobbins,Jameson Williams,6806,8148,4581,4551,30,74.2,14.1,60.1
2022,RB,WR,RB_vs_WR,J.K. Dobbins,Terry McLaurin,6806,5927,4581,4545,36,74.2,138.6,-64.4
2022,RB,WR,RB_vs_WR,J.K. Dobbins,Mike Evans,6806,2216,4581,4534,47,74.2,148.4,-74.2
2022,RB,WR,RB_vs_WR,J.K. Dobbins,Marquise Brown,6806,5848,4581,4522,59,74.2,88.3,-14.1
2022,RB,WR,RB_vs_WR,J.K. Dobbins,Amon-Ra St. Brown,6806,7547,4581,4517,64,74.2,156.7,-82.5
2022,RB,WR,RB_vs_WR,J.K. Dobbins,Mike Williams,6806,4068,4581,4495,86,74.2,110.3,-36.1
2022,RB,WR,RB_vs_WR,J.K. Dobbins,George Pickens,6806,8137,4581,4489,92,74.2,101.3,-27.1
2022,RB,WR,RB_vs_WR,J.K. Dobbins,Jerry Jeudy,6806,6783,4581,4423,158,74.2,117.9,-43.7
2022,RB,WR,RB_vs_WR,J.K. Dobbins,Garrett Wilson,6806,8146,4581,4385,196,74.2,123.8,-49.6
2022,RB,WR,RB_vs_WR,Kenneth Walker III,Chris Olave,8151,8144,4492,4631,-139,163.1,116.2,46.9
2022,RB,WR,RB_vs_WR,Kenneth Walker III,Rashod Bateman,8151,7571,4492,4618,-126,163.1,38.5,124.6
2022,RB,WR,RB_vs_WR,Kenneth Walker III,Diontae Johnson,8151,5937,4492,4608,-116,163.1,88.9,74.2
2022,RB,WR,RB_vs_WR,Kenneth Walker III,Elijah Moore,8151,7596,4492,4598,-106,163.1,50,113.1
2022,RB,WR,RB_vs_WR,Kenneth Walker III,Chris Godwin,8151,4037,4492,4591,-99,163.1,115.3,47.8
2022,RB,WR,RB_vs_WR,Kenneth Walker III,DeVonta Smith,8151,7525,4492,4562,-70,163.1,152.9,10.2
2022,RB,WR,RB_vs_WR,Kenneth Walker III,Jameson Williams,8151,8148,4492,4551,-59,163.1,14.1,149
2022,RB,WR,RB_vs_WR,Kenneth Walker III,Terry McLaurin,8151,5927,4492,4545,-53,163.1,138.6,24.5
2022,RB,WR,RB_vs_WR,Kenneth Walker III,Mike Evans,8151,2216,4492,4534,-42,163.1,148.4,14.7
2022,RB,WR,RB_vs_WR,Kenneth Walker III,Marquise Brown,8151,5848,4492,4522,-30,163.1,88.3,74.8
2022,RB,WR,RB_vs_WR,Kenneth Walker III,Amon-Ra St. Brown,8151,7547,4492,4517,-25,163.1,156.7,6.4
2022,RB,WR,RB_vs_WR,Kenneth Walker III,Mike Williams,8151,4068,4492,4495,-3,163.1,110.3,52.8
2022,RB,WR,RB_vs_WR,Kenneth Walker III,George Pickens,8151,8137,4492,4489,3,163.1,101.3,61.8
2022,RB,WR,RB_vs_WR,Kenneth Walker III,Jerry Jeudy,8151,6783,4492,4423,69,163.1,117.9,45.2
2022,RB,WR,RB_vs_WR,Kenneth Walker III,Garrett Wilson,8151,8146,4492,4385,107,163.1,123.8,39.3
2022,RB,WR,RB_vs_WR,Kenneth Walker III,Gabriel Davis,8151,6943,4492,4380,112,163.1,119.7,43.4
2022,RB,WR,RB_vs_WR,Kenneth Walker III,Treylon Burks,8151,8135,4492,4353,139,163.1,59.2,103.9
2022,RB,WR,RB_vs_WR,Kenneth Walker III,Darnell Mooney,8151,7090,4492,4324,168,163.1,61.5,101.6
2022,RB,WR,RB_vs_WR,Dameon Pierce,Diontae Johnson,8129,5937,4411,4608,-197,136.4,88.9,47.5
2022,RB,WR,RB_vs_WR,Dameon Pierce,Elijah Moore,8129,7596,4411,4598,-187,136.4,50,86.4
2022,RB,WR,RB_vs_WR,Dameon Pierce,Chris Godwin,8129,4037,4411,4591,-180,136.4,115.3,21.1
2022,RB,WR,RB_vs_WR,Dameon Pierce,DeVonta Smith,8129,7525,4411,4562,-151,136.4,152.9,-16.5
2022,RB,WR,RB_vs_WR,Dameon Pierce,Jameson Williams,8129,8148,4411,4551,-140,136.4,14.1,122.3
2022,RB,WR,RB_vs_WR,Dameon Pierce,Terry McLaurin,8129,5927,4411,4545,-134,136.4,138.6,-2.2
2022,RB,WR,RB_vs_WR,Dameon Pierce,Mike Evans,8129,2216,4411,4534,-123,136.4,148.4,-12
2022,RB,WR,RB_vs_WR,Dameon Pierce,Marquise Brown,8129,5848,4411,4522,-111,136.4,88.3,48.1
2022,RB,WR,RB_vs_WR,Dameon Pierce,Amon-Ra St. Brown,8129,7547,4411,4517,-106,136.4,156.7,-20.3
2022,RB,WR,RB_vs_WR,Dameon Pierce,Mike Williams,8129,4068,4411,4495,-84,136.4,110.3,26.1
2022,RB,WR,RB_vs_WR,Dameon Pierce,George Pickens,8129,8137,4411,4489,-78,136.4,101.3,35.1
2022,RB,WR,RB_vs_WR,Dameon Pierce,Jerry Jeudy,8129,6783,4411,4423,-12,136.4,117.9,18.5
2022,RB,WR,RB_vs_WR,Dameon Pierce,Garrett Wilson,8129,8146,4411,4385,26,136.4,123.8,12.6
2022,RB,WR,RB_vs_WR,Dameon Pierce,Gabriel Davis,8129,6943,4411,4380,31,136.4,119.7,16.7
2022,RB,WR,RB_vs_WR,Dameon Pierce,Treylon Burks,8129,8135,4411,4353,58,136.4,59.2,77.2
2022,RB,WR,RB_vs_WR,Dameon Pierce,Darnell Mooney,8129,7090,4411,4324,87,136.4,61.5,74.9
2022,RB,WR,RB_vs_WR,Cam Akers,Darnell Mooney,6938,7090,4141,4324,-183,115.5,61.5,54
2022,RB,WR,RB_vs_WR,Cam Akers,Brandon Aiyuk,6938,6803,4141,4132,9,115.5,143.9,-28.4
2022,RB,WR,RB_vs_WR,Cam Akers,Keenan Allen,6938,1479,4141,4103,38,115.5,75.8,39.7
2022,RB,WR,RB_vs_WR,Elijah Mitchell,Keenan Allen,7561,1479,3930,4103,-173,23.1,75.8,-52.7
2022,RB,WR,RB_vs_WR,Elijah Mitchell,JuJu Smith-Schuster,7561,4040,3930,3929,1,23.1,103.8,-80.7
2022,RB,WR,RB_vs_WR,Elijah Mitchell,Skyy Moore,7561,8168,3930,3843,87,23.1,21.4,1.7
2022,RB,WR,RB_vs_WR,David Montgomery,JuJu Smith-Schuster,5892,4040,3746,3929,-183,141.6,103.8,37.8
2022,RB,WR,RB_vs_WR,David Montgomery,Skyy Moore,5892,8168,3746,3843,-97,141.6,21.4,120.2
2022,RB,WR,RB_vs_WR,David Montgomery,Jahan Dotson,5892,8119,3746,3712,34,141.6,88.4,53.2
2022,RB,WR,RB_vs_WR,David Montgomery,Hunter Renfrow,5892,5955,3746,3607,139,141.6,30.7,110.9
2022,RB,WR,RB_vs_WR,David Montgomery,Brandin Cooks,5892,2197,3746,3555,191,141.6,72,69.6
2022,RB,WR,RB_vs_WR,James Conner,JuJu Smith-Schuster,4137,4040,3730,3929,-199,154.2,103.8,50.4
2022,RB,WR,RB_vs_WR,James Conner,Skyy Moore,4137,8168,3730,3843,-113,154.2,21.4,132.8
2022,RB,WR,RB_vs_WR,James Conner,Jahan Dotson,4137,8119,3730,3712,18,154.2,88.4,65.8
2022,RB,WR,RB_vs_WR,James Conner,Hunter Renfrow,4137,5955,3730,3607,123,154.2,30.7,123.5
2022,RB,WR,RB_vs_WR,James Conner,Brandin Cooks,4137,2197,3730,3555,175,154.2,72,82.2
2022,RB,WR,RB_vs_WR,Rhamondre Stevenson,Skyy Moore,7611,8168,3698,3843,-145,171.9,21.4,150.5
2022,RB,WR,RB_vs_WR,Rhamondre Stevenson,Jahan Dotson,7611,8119,3698,3712,-14,171.9,88.4,83.5
2022,RB,WR,RB_vs_WR,Rhamondre Stevenson,Hunter Renfrow,7611,5955,3698,3607,91,171.9,30.7,141.2
2022,RB,WR,RB_vs_WR,Rhamondre Stevenson,Brandin Cooks,7611,2197,3698,3555,143,171.9,72,99.9
2022,RB,WR,RB_vs_WR,Rhamondre Stevenson,Christian Kirk,7611,4950,3698,3512,186,171.9,142,29.9
2022,RB,WR,RB_vs_WR,Ezekiel Elliott,Skyy Moore,3164,8168,3694,3843,-149,167.8,21.4,146.4
2022,RB,WR,RB_vs_WR,Ezekiel Elliott,Jahan Dotson,3164,8119,3694,3712,-18,167.8,88.4,79.4
2022,RB,WR,RB_vs_WR,Ezekiel Elliott,Hunter Renfrow,3164,5955,3694,3607,87,167.8,30.7,137.1
2022,RB,WR,RB_vs_WR,Ezekiel Elliott,Brandin Cooks,3164,2197,3694,3555,139,167.8,72,95.8
2022,RB,WR,RB_vs_WR,Ezekiel Elliott,Christian Kirk,3164,4950,3694,3512,182,167.8,142,25.8
2022,RB,WR,RB_vs_WR,James Cook,Jahan Dotson,8138,8119,3633,3712,-79,81.4,88.4,-7
2022,RB,WR,RB_vs_WR,James Cook,Hunter Renfrow,8138,5955,3633,3607,26,81.4,30.7,50.7
2022,RB,WR,RB_vs_WR,James Cook,Brandin Cooks,8138,2197,3633,3555,78,81.4,72,9.4
2022,RB,WR,RB_vs_WR,James Cook,Christian Kirk,8138,4950,3633,3512,121,81.4,142,-60.6
2022,RB,WR,RB_vs_WR,James Cook,Kadarius Toney,8138,7606,3633,3433,200,81.4,30.9,50.5
2022,RB,WR,RB_vs_WR,Tony Pollard,Jahan Dotson,5967,8119,3591,3712,-121,207.9,88.4,119.5
2022,RB,WR,RB_vs_WR,Tony Pollard,Hunter Renfrow,5967,5955,3591,3607,-16,207.9,30.7,177.2
2022,RB,WR,RB_vs_WR,Tony Pollard,Brandin Cooks,5967,2197,3591,3555,36,207.9,72,135.9
2022,RB,WR,RB_vs_WR,Tony Pollard,Christian Kirk,5967,4950,3591,3512,79,207.9,142,65.9
2022,RB,WR,RB_vs_WR,Tony Pollard,Kadarius Toney,5967,7606,3591,3433,158,207.9,30.9,177
2022,RB,WR,RB_vs_WR,Josh Jacobs,Brandin Cooks,5850,2197,3390,3555,-165,270.3,72,198.3
2022,RB,WR,RB_vs_WR,Josh Jacobs,Christian Kirk,5850,4950,3390,3512,-122,270.3,142,128.3
2022,RB,WR,RB_vs_WR,Josh Jacobs,Kadarius Toney,5850,7606,3390,3433,-43,270.3,30.9,239.4
2022,RB,WR,RB_vs_WR,Chase Edmonds,Amari Cooper,5000,2309,3215,3181,34,53.7,162.9,-109.2
2022,RB,WR,RB_vs_WR,Chase Edmonds,DeAndre Hopkins,5000,1426,3215,3162,53,53.7,87.7,-34
2022,RB,WR,RB_vs_WR,Chase Edmonds,Michael Thomas,5000,3199,3215,3142,73,53.7,35.1,18.6
2022,RB,WR,RB_vs_WR,Chase Edmonds,Christian Watson,5000,8167,3215,3117,98,53.7,111.5,-57.8
2022,RB,WR,RB_vs_WR,Chase Edmonds,Chase Claypool,5000,6886,3215,3044,171,53.7,56.1,-2.4
2022,RB,WR,RB_vs_WR,Chase Edmonds,Allen Lazard,5000,5185,3215,3032,183,53.7,104.7,-51
2022,RB,WR,RB_vs_WR,Clyde Edwards-Helaire,Amari Cooper,6820,2309,3202,3181,21,81.3,162.9,-81.6
2022,RB,WR,RB_vs_WR,Clyde Edwards-Helaire,DeAndre Hopkins,6820,1426,3202,3162,40,81.3,87.7,-6.4
2022,RB,WR,RB_vs_WR,Clyde Edwards-Helaire,Michael Thomas,6820,3199,3202,3142,60,81.3,35.1,46.2
2022,RB,WR,RB_vs_WR,Clyde Edwards-Helaire,Christian Watson,6820,8167,3202,3117,85,81.3,111.5,-30.2
2022,RB,WR,RB_vs_WR,Clyde Edwards-Helaire,Chase Claypool,6820,6886,3202,3044,158,81.3,56.1,25.2
2022,RB,WR,RB_vs_WR,Clyde Edwards-Helaire,Allen Lazard,6820,5185,3202,3032,170,81.3,104.7,-23.4
2022,RB,WR,RB_vs_WR,Kareem Hunt,Amari Cooper,4098,2309,3180,3181,-1,89,162.9,-73.9
2022,RB,WR,RB_vs_WR,Kareem Hunt,DeAndre Hopkins,4098,1426,3180,3162,18,89,87.7,1.3
2022,RB,WR,RB_vs_WR,Kareem Hunt,Michael Thomas,4098,3199,3180,3142,38,89,35.1,53.9
2022,RB,WR,RB_vs_WR,Kareem Hunt,Christian Watson,4098,8167,3180,3117,63,89,111.5,-22.5
2022,RB,WR,RB_vs_WR,Kareem Hunt,Chase Claypool,4098,6886,3180,3044,136,89,56.1,32.9
2022,RB,WR,RB_vs_WR,Kareem Hunt,Allen Lazard,4098,5185,3180,3032,148,89,104.7,-15.7
2022,RB,WR,RB_vs_WR,Brian Robinson,Amari Cooper,8154,2309,3057,3181,-124,103.7,162.9,-59.2
2022,RB,WR,RB_vs_WR,Brian Robinson,DeAndre Hopkins,8154,1426,3057,3162,-105,103.7,87.7,16
2022,RB,WR,RB_vs_WR,Brian Robinson,Michael Thomas,8154,3199,3057,3142,-85,103.7,35.1,68.6
2022,RB,WR,RB_vs_WR,Brian Robinson,Christian Watson,8154,8167,3057,3117,-60,103.7,111.5,-7.8
2022,RB,WR,RB_vs_WR,Brian Robinson,Chase Claypool,8154,6886,3057,3044,13,103.7,56.1,47.6
2022,RB,WR,RB_vs_WR,Brian Robinson,Allen Lazard,8154,5185,3057,3032,25,103.7,104.7,-1
2022,RB,WR,RB_vs_WR,Brian Robinson,Rondale Moore,8154,7601,3057,2897,160,103.7,46.9,56.8
2022,RB,WR,RB_vs_WR,Brian Robinson,Alec Pierce,8154,8142,3057,2882,175,103.7,67.1,36.6
2022,RB,WR,RB_vs_WR,Antonio Gibson,Amari Cooper,6945,2309,3038,3181,-143,119.9,162.9,-43
2022,RB,WR,RB_vs_WR,Antonio Gibson,DeAndre Hopkins,6945,1426,3038,3162,-124,119.9,87.7,32.2
2022,RB,WR,RB_vs_WR,Antonio Gibson,Michael Thomas,6945,3199,3038,3142,-104,119.9,35.1,84.8
2022,RB,WR,RB_vs_WR,Antonio Gibson,Christian Watson,6945,8167,3038,3117,-79,119.9,111.5,8.4
2022,RB,WR,RB_vs_WR,Antonio Gibson,Chase Claypool,6945,6886,3038,3044,-6,119.9,56.1,63.8
2022,RB,WR,RB_vs_WR,Antonio Gibson,Allen Lazard,6945,5185,3038,3032,6,119.9,104.7,15.2
2022,RB,WR,RB_vs_WR,Antonio Gibson,Rondale Moore,6945,7601,3038,2897,141,119.9,46.9,73
2022,RB,WR,RB_vs_WR,Antonio Gibson,Alec Pierce,6945,8142,3038,2882,156,119.9,67.1,52.8
2022,RB,WR,RB_vs_WR,Antonio Gibson,Michael Gallup,6945,5038,3038,2854,184,119.9,65.4,54.5
2022,RB,WR,RB_vs_WR,Rashaad Penny,Chase Claypool,4985,6886,2878,3044,-166,48.2,56.1,-7.9
2022,RB,WR,RB_vs_WR,Rashaad Penny,Allen Lazard,4985,5185,2878,3032,-154,48.2,104.7,-56.5
2022,RB,WR,RB_vs_WR,Rashaad Penny,Rondale Moore,4985,7601,2878,2897,-19,48.2,46.9,1.3
2022,RB,WR,RB_vs_WR,Rashaad Penny,Alec Pierce,4985,8142,2878,2882,-4,48.2,67.1,-18.9
2022,RB,WR,RB_vs_WR,Rashaad Penny,Michael Gallup,4985,5038,2878,2854,24,48.2,65.4,-17.2
2022,RB,WR,RB_vs_WR,Rashaad Penny,Romeo Doubs,4985,8121,2878,2800,78,48.2,59.6,-11.4
2022,RB,WR,RB_vs_WR,Rashaad Penny,Wan'Dale Robinson,4985,8126,2878,2790,88,48.2,28.6,19.6
2022,RB,WR,RB_vs_WR,Rachaad White,Chase Claypool,8136,6886,2869,3044,-175,87.6,56.1,31.5
2022,RB,WR,RB_vs_WR,Rachaad White,Allen Lazard,8136,5185,2869,3032,-163,87.6,104.7,-17.1
2022,RB,WR,RB_vs_WR,Rachaad White,Rondale Moore,8136,7601,2869,2897,-28,87.6,46.9,40.7
2022,RB,WR,RB_vs_WR,Rachaad White,Alec Pierce,8136,8142,2869,2882,-13,87.6,67.1,20.5
2022,RB,WR,RB_vs_WR,Rachaad White,Michael Gallup,8136,5038,2869,2854,15,87.6,65.4,22.2
2022,RB,WR,RB_vs_WR,Rachaad White,Romeo Doubs,8136,8121,2869,2800,69,87.6,59.6,28
2022,RB,WR,RB_vs_WR,Rachaad White,Wan'Dale Robinson,8136,8126,2869,2790,79,87.6,28.6,59
2022,RB,WR,RB_vs_WR,Miles Sanders,Rondale Moore,6151,7601,2791,2897,-106,193.4,46.9,146.5
2022,RB,WR,RB_vs_WR,Miles Sanders,Alec Pierce,6151,8142,2791,2882,-91,193.4,67.1,126.3
2022,RB,WR,RB_vs_WR,Miles Sanders,Michael Gallup,6151,5038,2791,2854,-63,193.4,65.4,128
2022,RB,WR,RB_vs_WR,Miles Sanders,Romeo Doubs,6151,8121,2791,2800,-9,193.4,59.6,133.8
2022,RB,WR,RB_vs_WR,Miles Sanders,Wan'Dale Robinson,6151,8126,2791,2790,1,193.4,28.6,164.8
2022,RB,WR,RB_vs_WR,Miles Sanders,Adam Thielen,6151,1689,2791,2601,190,193.4,102.8,90.6
2022,RB,WR,RB_vs_WR,Michael Carter,Alec Pierce,7607,8142,2690,2882,-192,84.5,67.1,17.4
2022,RB,WR,RB_vs_WR,Michael Carter,Michael Gallup,7607,5038,2690,2854,-164,84.5,65.4,19.1
2022,RB,WR,RB_vs_WR,Michael Carter,Romeo Doubs,7607,8121,2690,2800,-110,84.5,59.6,24.9
2022,RB,WR,RB_vs_WR,Michael Carter,Wan'Dale Robinson,7607,8126,2690,2790,-100,84.5,28.6,55.9
2022,RB,WR,RB_vs_WR,Michael Carter,Adam Thielen,7607,1689,2690,2601,89,84.5,102.8,-18.3
2022,RB,WR,RB_vs_WR,Michael Carter,Jalen Tolbert,7607,8117,2690,2575,115,84.5,1.2,83.3
2022,RB,WR,RB_vs_WR,Michael Carter,Josh Palmer,7607,7670,2690,2566,124,84.5,91.4,-6.9
2022,RB,WR,RB_vs_WR,Michael Carter,Nico Collins,7607,7569,2690,2511,179,84.5,60.1,24.4
2022,RB,WR,RB_vs_WR,Alexander Mattison,Michael Gallup,5987,5038,2681,2854,-173,55.4,65.4,-10
2022,RB,WR,RB_vs_WR,Alexander Mattison,Romeo Doubs,5987,8121,2681,2800,-119,55.4,59.6,-4.2
2022,RB,WR,RB_vs_WR,Alexander Mattison,Wan'Dale Robinson,5987,8126,2681,2790,-109,55.4,28.6,26.8
2022,RB,WR,RB_vs_WR,Alexander Mattison,Adam Thielen,5987,1689,2681,2601,80,55.4,102.8,-47.4
2022,RB,WR,RB_vs_WR,Alexander Mattison,Jalen Tolbert,5987,8117,2681,2575,106,55.4,1.2,54.2
2022,RB,WR,RB_vs_WR,Alexander Mattison,Josh Palmer,5987,7670,2681,2566,115,55.4,91.4,-36
2022,RB,WR,RB_vs_WR,Alexander Mattison,Nico Collins,5987,7569,2681,2511,170,55.4,60.1,-4.7
2022,RB,WR,RB_vs_WR,James Robinson,Romeo Doubs,6955,8121,2612,2800,-188,77.6,59.6,18
2022,RB,WR,RB_vs_WR,James Robinson,Wan'Dale Robinson,6955,8126,2612,2790,-178,77.6,28.6,49
2022,RB,WR,RB_vs_WR,James Robinson,Adam Thielen,6955,1689,2612,2601,11,77.6,102.8,-25.2
2022,RB,WR,RB_vs_WR,James Robinson,Jalen Tolbert,6955,8117,2612,2575,37,77.6,1.2,76.4
2022,RB,WR,RB_vs_WR,James Robinson,Josh Palmer,6955,7670,2612,2566,46,77.6,91.4,-13.8
2022,RB,WR,RB_vs_WR,James Robinson,Nico Collins,6955,7569,2612,2511,101,77.6,60.1,17.5
2022,RB,WR,RB_vs_WR,James Robinson,David Bell,6955,8118,2612,2426,186,77.6,21.4,56.2
2022,RB,WR,RB_vs_WR,Zamir White,Wan'Dale Robinson,8139,8126,2597,2790,-193,6.6,28.6,-22
2022,RB,WR,RB_vs_WR,Zamir White,Adam Thielen,8139,1689,2597,2601,-4,6.6,102.8,-96.2
2022,RB,WR,RB_vs_WR,Zamir White,Jalen Tolbert,8139,8117,2597,2575,22,6.6,1.2,5.4
2022,RB,WR,RB_vs_WR,Zamir White,Josh Palmer,8139,7670,2597,2566,31,6.6,91.4,-84.8
2022,RB,WR,RB_vs_WR,Zamir White,Nico Collins,8139,7569,2597,2511,86,6.6,60.1,-53.5
2022,RB,WR,RB_vs_WR,Zamir White,David Bell,8139,8118,2597,2426,171,6.6,21.4,-14.8
2022,RB,WR,RB_vs_WR,Zamir White,Tyler Lockett,8139,2374,2597,2407,190,6.6,141.9,-135.3
2022,RB,WR,RB_vs_WR,Kenneth Gainwell,Adam Thielen,7567,1689,2574,2601,-27,60.7,102.8,-42.1
2022,RB,WR,RB_vs_WR,Kenneth Gainwell,Jalen Tolbert,7567,8117,2574,2575,-1,60.7,1.2,59.5
2022,RB,WR,RB_vs_WR,Kenneth Gainwell,Josh Palmer,7567,7670,2574,2566,8,60.7,91.4,-30.7
2022,RB,WR,RB_vs_WR,Kenneth Gainwell,Nico Collins,7567,7569,2574,2511,63,60.7,60.1,0.6
2022,RB,WR,RB_vs_WR,Kenneth Gainwell,David Bell,7567,8118,2574,2426,148,60.7,21.4,39.3
2022,RB,WR,RB_vs_WR,Kenneth Gainwell,Tyler Lockett,7567,2374,2574,2407,167,60.7,141.9,-81.2
2022,RB,WR,RB_vs_WR,Tyler Allgeier,Adam Thielen,8132,1689,2531,2601,-70,129.9,102.8,27.1
2022,RB,WR,RB_vs_WR,Tyler Allgeier,Jalen Tolbert,8132,8117,2531,2575,-44,129.9,1.2,128.7
2022,RB,WR,RB_vs_WR,Tyler Allgeier,Josh Palmer,8132,7670,2531,2566,-35,129.9,91.4,38.5
2022,RB,WR,RB_vs_WR,Tyler Allgeier,Nico Collins,8132,7569,2531,2511,20,129.9,60.1,69.8
2022,RB,WR,RB_vs_WR,Tyler Allgeier,David Bell,8132,8118,2531,2426,105,129.9,21.4,108.5
2022,RB,WR,RB_vs_WR,Tyler Allgeier,Tyler Lockett,8132,2374,2531,2407,124,129.9,141.9,-12
2022,RB,WR,RB_vs_WR,Tyler Allgeier,Tyler Boyd,8132,3225,2531,2370,161,129.9,111.4,18.5
2022,RB,WR,RB_vs_WR,Tyler Allgeier,Robert Woods,8132,1352,2531,2342,189,129.9,58.7,71.2
2022,RB,WR,RB_vs_WR,Khalil Herbert,Adam Thielen,7608,1689,2521,2601,-80,103.9,102.8,1.1
2022,RB,WR,RB_vs_WR,Khalil Herbert,Jalen Tolbert,7608,8117,2521,2575,-54,103.9,1.2,102.7
2022,RB,WR,RB_vs_WR,Khalil Herbert,Josh Palmer,7608,7670,2521,2566,-45,103.9,91.4,12.5
2022,RB,WR,RB_vs_WR,Khalil Herbert,Nico Collins,7608,7569,2521,2511,10,103.9,60.1,43.8
2022,RB,WR,RB_vs_WR,Khalil Herbert,David Bell,7608,8118,2521,2426,95,103.9,21.4,82.5
2022,RB,WR,RB_vs_WR,Khalil Herbert,Tyler Lockett,7608,2374,2521,2407,114,103.9,141.9,-38
2022,RB,WR,RB_vs_WR,Khalil Herbert,Tyler Boyd,7608,3225,2521,2370,151,103.9,111.4,-7.5
2022,RB,WR,RB_vs_WR,Khalil Herbert,Robert Woods,7608,1352,2521,2342,179,103.9,58.7,45.2
2022,RB,WR,RB_vs_WR,Devin Singletary,Adam Thielen,6130,1689,2516,2601,-85,139,102.8,36.2
2022,RB,WR,RB_vs_WR,Devin Singletary,Jalen Tolbert,6130,8117,2516,2575,-59,139,1.2,137.8
2022,RB,WR,RB_vs_WR,Devin Singletary,Josh Palmer,6130,7670,2516,2566,-50,139,91.4,47.6
2022,RB,WR,RB_vs_WR,Devin Singletary,Nico Collins,6130,7569,2516,2511,5,139,60.1,78.9
2022,RB,WR,RB_vs_WR,Devin Singletary,David Bell,6130,8118,2516,2426,90,139,21.4,117.6
2022,RB,WR,RB_vs_WR,Devin Singletary,Tyler Lockett,6130,2374,2516,2407,109,139,141.9,-2.9
2022,RB,WR,RB_vs_WR,Devin Singletary,Tyler Boyd,6130,3225,2516,2370,146,139,111.4,27.6
2022,RB,WR,RB_vs_WR,Devin Singletary,Robert Woods,6130,1352,2516,2342,174,139,58.7,80.3
2022,RB,WR,RB_vs_WR,Isiah Pacheco,Adam Thielen,8205,1689,2474,2601,-127,109.6,102.8,6.8
2022,RB,WR,RB_vs_WR,Isiah Pacheco,Jalen Tolbert,8205,8117,2474,2575,-101,109.6,1.2,108.4
2022,RB,WR,RB_vs_WR,Isiah Pacheco,Josh Palmer,8205,7670,2474,2566,-92,109.6,91.4,18.2
2022,RB,WR,RB_vs_WR,Isiah Pacheco,Nico Collins,8205,7569,2474,2511,-37,109.6,60.1,49.5
2022,RB,WR,RB_vs_WR,Isiah Pacheco,David Bell,8205,8118,2474,2426,48,109.6,21.4,88.2
2022,RB,WR,RB_vs_WR,Isiah Pacheco,Tyler Lockett,8205,2374,2474,2407,67,109.6,141.9,-32.3
2022,RB,WR,RB_vs_WR,Isiah Pacheco,Tyler Boyd,8205,3225,2474,2370,104,109.6,111.4,-1.8
2022,RB,WR,RB_vs_WR,Isiah Pacheco,Robert Woods,8205,1352,2474,2342,132,109.6,58.7,50.9
2022,RB,WR,RB_vs_WR,Isiah Pacheco,Jakobi Meyers,8205,5947,2474,2302,172,109.6,104.1,5.5
2022,RB,WR,RB_vs_WR,Isaiah Spiller,Adam Thielen,8153,1689,2429,2601,-172,5.4,102.8,-97.4
2022,RB,WR,RB_vs_WR,Isaiah Spiller,Jalen Tolbert,8153,8117,2429,2575,-146,5.4,1.2,4.2
2022,RB,WR,RB_vs_WR,Isaiah Spiller,Josh Palmer,8153,7670,2429,2566,-137,5.4,91.4,-86
2022,RB,WR,RB_vs_WR,Isaiah Spiller,Nico Collins,8153,7569,2429,2511,-82,5.4,60.1,-54.7
2022,RB,WR,RB_vs_WR,Isaiah Spiller,David Bell,8153,8118,2429,2426,3,5.4,21.4,-16
2022,RB,WR,RB_vs_WR,Isaiah Spiller,Tyler Lockett,8153,2374,2429,2407,22,5.4,141.9,-136.5
2022,RB,WR,RB_vs_WR,Isaiah Spiller,Tyler Boyd,8153,3225,2429,2370,59,5.4,111.4,-106
2022,RB,WR,RB_vs_WR,Isaiah Spiller,Robert Woods,8153,1352,2429,2342,87,5.4,58.7,-53.3
2022,RB,WR,RB_vs_WR,Isaiah Spiller,Jakobi Meyers,8153,5947,2429,2302,127,5.4,104.1,-98.7
2022,RB,WR,RB_vs_WR,Nyheim Hines,Tyler Lockett,5347,2374,2225,2407,-182,39.4,141.9,-102.5
2022,RB,WR,RB_vs_WR,Nyheim Hines,Tyler Boyd,5347,3225,2225,2370,-145,39.4,111.4,-72
2022,RB,WR,RB_vs_WR,Nyheim Hines,Robert Woods,5347,1352,2225,2342,-117,39.4,58.7,-19.3
2022,RB,WR,RB_vs_WR,Nyheim Hines,Jakobi Meyers,5347,5947,2225,2302,-77,39.4,104.1,-64.7
2022,RB,WR,RB_vs_WR,Nyheim Hines,D.J. Chark,5347,4951,2225,2221,4,39.4,66.8,-27.4
2022,RB,WR,RB_vs_WR,Nyheim Hines,K.J. Osborn,5347,7066,2225,2186,39,39.4,83.9,-44.5
2022,RB,WR,RB_vs_WR,Nyheim Hines,Isaiah McKenzie,5347,4197,2225,2146,79,39.4,75.9,-36.5
2022,RB,WR,RB_vs_WR,Nyheim Hines,KJ Hamler,5347,6805,2225,2141,84,39.4,18.8,20.6
2022,RB,WR,RB_vs_WR,Nyheim Hines,Marquez Valdes-Scantling,5347,5086,2225,2124,101,39.4,77.7,-38.3
2022,RB,WR,RB_vs_WR,Tyrion Davis-Price,Robert Woods,8211,1352,2155,2342,-187,7.2,58.7,-51.5
2022,RB,WR,RB_vs_WR,Tyrion Davis-Price,Jakobi Meyers,8211,5947,2155,2302,-147,7.2,104.1,-96.9
2022,RB,WR,RB_vs_WR,Tyrion Davis-Price,D.J. Chark,8211,4951,2155,2221,-66,7.2,66.8,-59.6
2022,RB,WR,RB_vs_WR,Tyrion Davis-Price,K.J. Osborn,8211,7066,2155,2186,-31,7.2,83.9,-76.7
2022,RB,WR,RB_vs_WR,Tyrion Davis-Price,Isaiah McKenzie,8211,4197,2155,2146,9,7.2,75.9,-68.7
2022,RB,WR,RB_vs_WR,Tyrion Davis-Price,KJ Hamler,8211,6805,2155,2141,14,7.2,18.8,-11.6
2022,RB,WR,RB_vs_WR,Tyrion Davis-Price,Marquez Valdes-Scantling,8211,5086,2155,2124,31,7.2,77.7,-70.5
2022,RB,WR,RB_vs_WR,Cordarrelle Patterson,D.J. Chark,1535,4951,2038,2221,-183,125.8,66.8,59
2022,RB,WR,RB_vs_WR,Cordarrelle Patterson,K.J. Osborn,1535,7066,2038,2186,-148,125.8,83.9,41.9
2022,RB,WR,RB_vs_WR,Cordarrelle Patterson,Isaiah McKenzie,1535,4197,2038,2146,-108,125.8,75.9,49.9
2022,RB,WR,RB_vs_WR,Cordarrelle Patterson,KJ Hamler,1535,6805,2038,2141,-103,125.8,18.8,107
2022,RB,WR,RB_vs_WR,Cordarrelle Patterson,Marquez Valdes-Scantling,1535,5086,2038,2124,-86,125.8,77.7,48.1
2022,RB,WR,RB_vs_WR,Eno Benjamin,Tyquan Thornton,6951,8188,1734,1831,-97,64.3,43,21.3
2022,RB,WR,RB_vs_WR,Eno Benjamin,Mecole Hardman,6951,5917,1734,1782,-48,64.3,68.8,-4.5
2022,RB,WR,RB_vs_WR,Eno Benjamin,Donovan Peoples-Jones,6951,6824,1734,1772,-38,64.3,101.9,-37.6
2022,RB,WR,RB_vs_WR,Eno Benjamin,Khalil Shakir,6951,8134,1734,1762,-28,64.3,21.3,43
2022,RB,WR,RB_vs_WR,Eno Benjamin,Van Jefferson,6951,6853,1734,1734,0,64.3,48.8,15.5
2022,RB,WR,RB_vs_WR,Eno Benjamin,Parris Campbell,6951,5880,1734,1702,32,64.3,79.3,-15
2022,RB,WR,RB_vs_WR,Eno Benjamin,DeVante Parker,6951,2319,1734,1688,46,64.3,52,12.3
2022,RB,WR,RB_vs_WR,Jamaal Williams,Mecole Hardman,4149,5917,1589,1782,-193,194.7,68.8,125.9
2022,RB,WR,RB_vs_WR,Jamaal Williams,Donovan Peoples-Jones,4149,6824,1589,1772,-183,194.7,101.9,92.8
2022,RB,WR,RB_vs_WR,Jamaal Williams,Khalil Shakir,4149,8134,1589,1762,-173,194.7,21.3,173.4
2022,RB,WR,RB_vs_WR,Jamaal Williams,Van Jefferson,4149,6853,1589,1734,-145,194.7,48.8,145.9
2022,RB,WR,RB_vs_WR,Jamaal Williams,Parris Campbell,4149,5880,1589,1702,-113,194.7,79.3,115.4
2022,RB,WR,RB_vs_WR,Jamaal Williams,DeVante Parker,4149,2319,1589,1688,-99,194.7,52,142.7
2022,RB,WR,RB_vs_WR,Jamaal Williams,Devin Duvernay,4149,6847,1589,1474,115,194.7,79.1,115.6
2022,RB,WR,RB_vs_WR,Jamaal Williams,Laviska Shenault,4149,6814,1589,1415,174,194.7,44.8,149.9
2022,RB,WR,RB_vs_WR,Hassan Haskins,DeVante Parker,8123,2319,1490,1688,-198,13.4,52,-38.6
2022,RB,WR,RB_vs_WR,Hassan Haskins,Devin Duvernay,8123,6847,1490,1474,16,13.4,79.1,-65.7
2022,RB,WR,RB_vs_WR,Hassan Haskins,Laviska Shenault,8123,6814,1490,1415,75,13.4,44.8,-31.4
2022,RB,WR,RB_vs_WR,Hassan Haskins,Terrace Marshall,8123,7565,1490,1387,103,13.4,52.7,-39.3
2022,RB,WR,RB_vs_WR,Hassan Haskins,Curtis Samuel,8123,4082,1490,1372,118,13.4,112.9,-99.5
2022,RB,WR,RB_vs_WR,Hassan Haskins,Zay Jones,8123,4080,1490,1354,136,13.4,114,-100.6
2022,RB,WR,RB_vs_WR,Hassan Haskins,Nick Westbrook-Ikhine,8123,7496,1490,1300,190,13.4,57.7,-44.3
2022,RB,WR,RB_vs_WR,Chuba Hubbard,Devin Duvernay,7594,6847,1478,1474,4,66.8,79.1,-12.3
2022,RB,WR,RB_vs_WR,Chuba Hubbard,Laviska Shenault,7594,6814,1478,1415,63,66.8,44.8,22
2022,RB,WR,RB_vs_WR,Chuba Hubbard,Terrace Marshall,7594,7565,1478,1387,91,66.8,52.7,14.1
2022,RB,WR,RB_vs_WR,Chuba Hubbard,Curtis Samuel,7594,4082,1478,1372,106,66.8,112.9,-46.1
2022,RB,WR,RB_vs_WR,Chuba Hubbard,Zay Jones,7594,4080,1478,1354,124,66.8,114,-47.2
2022,RB,WR,RB_vs_WR,Chuba Hubbard,Nick Westbrook-Ikhine,7594,7496,1478,1300,178,66.8,57.7,9.1
2022,RB,WR,RB_vs_WR,Gus Edwards,Devin Duvernay,5248,6847,1460,1474,-14,57.7,79.1,-21.4
2022,RB,WR,RB_vs_WR,Gus Edwards,Laviska Shenault,5248,6814,1460,1415,45,57.7,44.8,12.9
2022,RB,WR,RB_vs_WR,Gus Edwards,Terrace Marshall,5248,7565,1460,1387,73,57.7,52.7,5
2022,RB,WR,RB_vs_WR,Gus Edwards,Curtis Samuel,5248,4082,1460,1372,88,57.7,112.9,-55.2
2022,RB,WR,RB_vs_WR,Gus Edwards,Zay Jones,5248,4080,1460,1354,106,57.7,114,-56.3
2022,RB,WR,RB_vs_WR,Gus Edwards,Nick Westbrook-Ikhine,5248,7496,1460,1300,160,57.7,57.7,0
2022,RB,WR,RB_vs_WR,Gus Edwards,Danny Gray,5248,8176,1460,1260,200,57.7,1.9,55.8
2022,RB,WR,RB_vs_WR,D'Ernest Johnson,Devin Duvernay,6694,6847,1412,1474,-62,2.4,79.1,-76.7
2022,RB,WR,RB_vs_WR,D'Ernest Johnson,Laviska Shenault,6694,6814,1412,1415,-3,2.4,44.8,-42.4
2022,RB,WR,RB_vs_WR,D'Ernest Johnson,Terrace Marshall,6694,7565,1412,1387,25,2.4,52.7,-50.3
2022,RB,WR,RB_vs_WR,D'Ernest Johnson,Curtis Samuel,6694,4082,1412,1372,40,2.4,112.9,-110.5
2022,RB,WR,RB_vs_WR,D'Ernest Johnson,Zay Jones,6694,4080,1412,1354,58,2.4,114,-111.6
2022,RB,WR,RB_vs_WR,D'Ernest Johnson,Nick Westbrook-Ikhine,6694,7496,1412,1300,112,2.4,57.7,-55.3
2022,RB,WR,RB_vs_WR,D'Ernest Johnson,Danny Gray,6694,8176,1412,1260,152,2.4,1.9,0.5
2022,RB,WR,RB_vs_WR,D'Ernest Johnson,Kendrick Bourne,6694,4454,1412,1240,172,2.4,48.8,-46.4
2022,RB,WR,RB_vs_WR,Kyren Williams,Devin Duvernay,8150,6847,1410,1474,-64,21.5,79.1,-57.6
2022,RB,WR,RB_vs_WR,Kyren Williams,Laviska Shenault,8150,6814,1410,1415,-5,21.5,44.8,-23.3
2022,RB,WR,RB_vs_WR,Kyren Williams,Terrace Marshall,8150,7565,1410,1387,23,21.5,52.7,-31.2
2022,RB,WR,RB_vs_WR,Kyren Williams,Curtis Samuel,8150,4082,1410,1372,38,21.5,112.9,-91.4
2022,RB,WR,RB_vs_WR,Kyren Williams,Zay Jones,8150,4080,1410,1354,56,21.5,114,-92.5
2022,RB,WR,RB_vs_WR,Kyren Williams,Nick Westbrook-Ikhine,8150,7496,1410,1300,110,21.5,57.7,-36.2
2022,RB,WR,RB_vs_WR,Kyren Williams,Danny Gray,8150,8176,1410,1260,150,21.5,1.9,19.6
2022,RB,WR,RB_vs_WR,Kyren Williams,Kendrick Bourne,8150,4454,1410,1240,170,21.5,48.8,-27.3
2022,RB,WR,RB_vs_WR,Keaontay Ingram,Devin Duvernay,8221,6847,1371,1474,-103,13.8,79.1,-65.3
2022,RB,WR,RB_vs_WR,Keaontay Ingram,Laviska Shenault,8221,6814,1371,1415,-44,13.8,44.8,-31
2022,RB,WR,RB_vs_WR,Keaontay Ingram,Terrace Marshall,8221,7565,1371,1387,-16,13.8,52.7,-38.9
2022,RB,WR,RB_vs_WR,Keaontay Ingram,Curtis Samuel,8221,4082,1371,1372,-1,13.8,112.9,-99.1
2022,RB,WR,RB_vs_WR,Keaontay Ingram,Zay Jones,8221,4080,1371,1354,17,13.8,114,-100.2
2022,RB,WR,RB_vs_WR,Keaontay Ingram,Nick Westbrook-Ikhine,8221,7496,1371,1300,71,13.8,57.7,-43.9
2022,RB,WR,RB_vs_WR,Keaontay Ingram,Danny Gray,8221,8176,1371,1260,111,13.8,1.9,11.9
2022,RB,WR,RB_vs_WR,Keaontay Ingram,Kendrick Bourne,8221,4454,1371,1240,131,13.8,48.8,-35
2022,RB,WR,RB_vs_WR,Keaontay Ingram,Jalen Guyton,8221,6421,1371,1205,166,13.8,6.4,7.4
2022,RB,WR,RB_vs_WR,Pierre Strong Jr.,Devin Duvernay,8116,6847,1348,1474,-126,20.2,79.1,-58.9
2022,RB,WR,RB_vs_WR,Pierre Strong Jr.,Laviska Shenault,8116,6814,1348,1415,-67,20.2,44.8,-24.6
2022,RB,WR,RB_vs_WR,Pierre Strong Jr.,Terrace Marshall,8116,7565,1348,1387,-39,20.2,52.7,-32.5
2022,RB,WR,RB_vs_WR,Pierre Strong Jr.,Curtis Samuel,8116,4082,1348,1372,-24,20.2,112.9,-92.7
2022,RB,WR,RB_vs_WR,Pierre Strong Jr.,Zay Jones,8116,4080,1348,1354,-6,20.2,114,-93.8
2022,RB,WR,RB_vs_WR,Pierre Strong Jr.,Nick Westbrook-Ikhine,8116,7496,1348,1300,48,20.2,57.7,-37.5
2022,RB,WR,RB_vs_WR,Pierre Strong Jr.,Danny Gray,8116,8176,1348,1260,88,20.2,1.9,18.3
2022,RB,WR,RB_vs_WR,Pierre Strong Jr.,Kendrick Bourne,8116,4454,1348,1240,108,20.2,48.8,-28.6
2022,RB,WR,RB_vs_WR,Pierre Strong Jr.,Jalen Guyton,8116,6421,1348,1205,143,20.2,6.4,13.8
2022,RB,WR,RB_vs_WR,Raheem Mostert,Devin Duvernay,2749,6847,1333,1474,-141,131.2,79.1,52.1
2022,RB,WR,RB_vs_WR,Raheem Mostert,Laviska Shenault,2749,6814,1333,1415,-82,131.2,44.8,86.4
2022,RB,WR,RB_vs_WR,Raheem Mostert,Terrace Marshall,2749,7565,1333,1387,-54,131.2,52.7,78.5
2022,RB,WR,RB_vs_WR,Raheem Mostert,Curtis Samuel,2749,4082,1333,1372,-39,131.2,112.9,18.3
2022,RB,WR,RB_vs_WR,Raheem Mostert,Zay Jones,2749,4080,1333,1354,-21,131.2,114,17.2
2022,RB,WR,RB_vs_WR,Raheem Mostert,Nick Westbrook-Ikhine,2749,7496,1333,1300,33,131.2,57.7,73.5
2022,RB,WR,RB_vs_WR,Raheem Mostert,Danny Gray,2749,8176,1333,1260,73,131.2,1.9,129.3
2022,RB,WR,RB_vs_WR,Raheem Mostert,Kendrick Bourne,2749,4454,1333,1240,93,131.2,48.8,82.4
2022,RB,WR,RB_vs_WR,Raheem Mostert,Jalen Guyton,2749,6421,1333,1205,128,131.2,6.4,124.8
2022,RB,WR,RB_vs_WR,Jerome Ford,Devin Duvernay,8143,6847,1323,1474,-151,1.2,79.1,-77.9
2022,RB,WR,RB_vs_WR,Jerome Ford,Laviska Shenault,8143,6814,1323,1415,-92,1.2,44.8,-43.6
2022,RB,WR,RB_vs_WR,Jerome Ford,Terrace Marshall,8143,7565,1323,1387,-64,1.2,52.7,-51.5
2022,RB,WR,RB_vs_WR,Jerome Ford,Curtis Samuel,8143,4082,1323,1372,-49,1.2,112.9,-111.7
2022,RB,WR,RB_vs_WR,Jerome Ford,Zay Jones,8143,4080,1323,1354,-31,1.2,114,-112.8
2022,RB,WR,RB_vs_WR,Jerome Ford,Nick Westbrook-Ikhine,8143,7496,1323,1300,23,1.2,57.7,-56.5
2022,RB,WR,RB_vs_WR,Jerome Ford,Danny Gray,8143,8176,1323,1260,63,1.2,1.9,-0.7
2022,RB,WR,RB_vs_WR,Jerome Ford,Kendrick Bourne,8143,4454,1323,1240,83,1.2,48.8,-47.6
2022,RB,WR,RB_vs_WR,Jerome Ford,Jalen Guyton,8143,6421,1323,1205,118,1.2,6.4,-5.2
2022,RB,WR,RB_vs_WR,Jerome Ford,Cedrick Wilson,8143,5113,1323,1130,193,1.2,14.4,-13.2
2022,RB,WR,RB_vs_WR,Jeffery Wilson,Devin Duvernay,5284,6847,1310,1474,-164,129.1,79.1,50
2022,RB,WR,RB_vs_WR,Jeffery Wilson,Laviska Shenault,5284,6814,1310,1415,-105,129.1,44.8,84.3
2022,RB,WR,RB_vs_WR,Jeffery Wilson,Terrace Marshall,5284,7565,1310,1387,-77,129.1,52.7,76.4
2022,RB,WR,RB_vs_WR,Jeffery Wilson,Curtis Samuel,5284,4082,1310,1372,-62,129.1,112.9,16.2
2022,RB,WR,RB_vs_WR,Jeffery Wilson,Zay Jones,5284,4080,1310,1354,-44,129.1,114,15.1
2022,RB,WR,RB_vs_WR,Jeffery Wilson,Nick Westbrook-Ikhine,5284,7496,1310,1300,10,129.1,57.7,71.4
2022,RB,WR,RB_vs_WR,Jeffery Wilson,Danny Gray,5284,8176,1310,1260,50,129.1,1.9,127.2
2022,RB,WR,RB_vs_WR,Jeffery Wilson,Kendrick Bourne,5284,4454,1310,1240,70,129.1,48.8,80.3
2022,RB,WR,RB_vs_WR,Jeffery Wilson,Jalen Guyton,5284,6421,1310,1205,105,129.1,6.4,122.7
2022,RB,WR,RB_vs_WR,Jeffery Wilson,Cedrick Wilson,5284,5113,1310,1130,180,129.1,14.4,114.7
2022,RB,WR,RB_vs_WR,Jeffery Wilson,Quez Watkins,5284,6927,1310,1116,194,129.1,50.1,79
2022,RB,WR,RB_vs_WR,Jaylen Warren,Devin Duvernay,8228,6847,1288,1474,-186,61,79.1,-18.1
2022,RB,WR,RB_vs_WR,Jaylen Warren,Laviska Shenault,8228,6814,1288,1415,-127,61,44.8,16.2
2022,RB,WR,RB_vs_WR,Jaylen Warren,Terrace Marshall,8228,7565,1288,1387,-99,61,52.7,8.3
2022,RB,WR,RB_vs_WR,Jaylen Warren,Curtis Samuel,8228,4082,1288,1372,-84,61,112.9,-51.9
2022,RB,WR,RB_vs_WR,Jaylen Warren,Zay Jones,8228,4080,1288,1354,-66,61,114,-53
2022,RB,WR,RB_vs_WR,Jaylen Warren,Nick Westbrook-Ikhine,8228,7496,1288,1300,-12,61,57.7,3.3
2022,RB,WR,RB_vs_WR,Jaylen Warren,Danny Gray,8228,8176,1288,1260,28,61,1.9,59.1
2022,RB,WR,RB_vs_WR,Jaylen Warren,Kendrick Bourne,8228,4454,1288,1240,48,61,48.8,12.2
2022,RB,WR,RB_vs_WR,Jaylen Warren,Jalen Guyton,8228,6421,1288,1205,83,61,6.4,54.6
2022,RB,WR,RB_vs_WR,Jaylen Warren,Cedrick Wilson,8228,5113,1288,1130,158,61,14.4,46.6
2022,RB,WR,RB_vs_WR,Jaylen Warren,Quez Watkins,8228,6927,1288,1116,172,61,50.1,10.9
2022,RB,WR,RB_vs_WR,Jaylen Warren,Dyami Brown,8228,7587,1288,1107,181,61,27.8,33.2
2022,RB,WR,RB_vs_WR,Jaylen Warren,Anthony Schwartz,8228,7533,1288,1093,195,61,14.8,46.2
2022,RB,WR,RB_vs_WR,Joshua Kelley,Laviska Shenault,7045,6814,1253,1415,-162,48.4,44.8,3.6
2022,RB,WR,RB_vs_WR,Joshua Kelley,Terrace Marshall,7045,7565,1253,1387,-134,48.4,52.7,-4.3
2022,RB,WR,RB_vs_WR,Joshua Kelley,Curtis Samuel,7045,4082,1253,1372,-119,48.4,112.9,-64.5
2022,RB,WR,RB_vs_WR,Joshua Kelley,Zay Jones,7045,4080,1253,1354,-101,48.4,114,-65.6
2022,RB,WR,RB_vs_WR,Joshua Kelley,Nick Westbrook-Ikhine,7045,7496,1253,1300,-47,48.4,57.7,-9.3
2022,RB,WR,RB_vs_WR,Joshua Kelley,Danny Gray,7045,8176,1253,1260,-7,48.4,1.9,46.5
2022,RB,WR,RB_vs_WR,Joshua Kelley,Kendrick Bourne,7045,4454,1253,1240,13,48.4,48.8,-0.4
2022,RB,WR,RB_vs_WR,Joshua Kelley,Jalen Guyton,7045,6421,1253,1205,48,48.4,6.4,42
2022,RB,WR,RB_vs_WR,Joshua Kelley,Cedrick Wilson,7045,5113,1253,1130,123,48.4,14.4,34
2022,RB,WR,RB_vs_WR,Joshua Kelley,Quez Watkins,7045,6927,1253,1116,137,48.4,50.1,-1.7
2022,RB,WR,RB_vs_WR,Joshua Kelley,Dyami Brown,7045,7587,1253,1107,146,48.4,27.8,20.6
2022,RB,WR,RB_vs_WR,Joshua Kelley,Anthony Schwartz,7045,7533,1253,1093,160,48.4,14.8,33.6
2022,RB,WR,RB_vs_WR,Joshua Kelley,Equanimeous St. Brown,7045,5323,1253,1062,191,48.4,43.4,5
2022,RB,WR,RB_vs_WR,Chris Evans,Laviska Shenault,7794,6814,1237,1415,-178,9.8,44.8,-35
2022,RB,WR,RB_vs_WR,Chris Evans,Terrace Marshall,7794,7565,1237,1387,-150,9.8,52.7,-42.9
2022,RB,WR,RB_vs_WR,Chris Evans,Curtis Samuel,7794,4082,1237,1372,-135,9.8,112.9,-103.1
2022,RB,WR,RB_vs_WR,Chris Evans,Zay Jones,7794,4080,1237,1354,-117,9.8,114,-104.2
2022,RB,WR,RB_vs_WR,Chris Evans,Nick Westbrook-Ikhine,7794,7496,1237,1300,-63,9.8,57.7,-47.9
2022,RB,WR,RB_vs_WR,Chris Evans,Danny Gray,7794,8176,1237,1260,-23,9.8,1.9,7.9
2022,RB,WR,RB_vs_WR,Chris Evans,Kendrick Bourne,7794,4454,1237,1240,-3,9.8,48.8,-39
2022,RB,WR,RB_vs_WR,Chris Evans,Jalen Guyton,7794,6421,1237,1205,32,9.8,6.4,3.4
2022,RB,WR,RB_vs_WR,Chris Evans,Cedrick Wilson,7794,5113,1237,1130,107,9.8,14.4,-4.6
2022,RB,WR,RB_vs_WR,Chris Evans,Quez Watkins,7794,6927,1237,1116,121,9.8,50.1,-40.3
2022,RB,WR,RB_vs_WR,Chris Evans,Dyami Brown,7794,7587,1237,1107,130,9.8,27.8,-18
2022,RB,WR,RB_vs_WR,Chris Evans,Anthony Schwartz,7794,7533,1237,1093,144,9.8,14.8,-5
2022,RB,WR,RB_vs_WR,Chris Evans,Equanimeous St. Brown,7794,5323,1237,1062,175,9.8,43.4,-33.6
2022,RB,WR,RB_vs_WR,D'Onta Foreman,Laviska Shenault,4111,6814,1225,1415,-190,119.2,44.8,74.4
2022,RB,WR,RB_vs_WR,D'Onta Foreman,Terrace Marshall,4111,7565,1225,1387,-162,119.2,52.7,66.5
2022,RB,WR,RB_vs_WR,D'Onta Foreman,Curtis Samuel,4111,4082,1225,1372,-147,119.2,112.9,6.3
2022,RB,WR,RB_vs_WR,D'Onta Foreman,Zay Jones,4111,4080,1225,1354,-129,119.2,114,5.2
2022,RB,WR,RB_vs_WR,D'Onta Foreman,Nick Westbrook-Ikhine,4111,7496,1225,1300,-75,119.2,57.7,61.5
2022,RB,WR,RB_vs_WR,D'Onta Foreman,Danny Gray,4111,8176,1225,1260,-35,119.2,1.9,117.3
2022,RB,WR,RB_vs_WR,D'Onta Foreman,Kendrick Bourne,4111,4454,1225,1240,-15,119.2,48.8,70.4
2022,RB,WR,RB_vs_WR,D'Onta Foreman,Jalen Guyton,4111,6421,1225,1205,20,119.2,6.4,112.8
2022,RB,WR,RB_vs_WR,D'Onta Foreman,Cedrick Wilson,4111,5113,1225,1130,95,119.2,14.4,104.8
2022,RB,WR,RB_vs_WR,D'Onta Foreman,Quez Watkins,4111,6927,1225,1116,109,119.2,50.1,69.1
2022,RB,WR,RB_vs_WR,D'Onta Foreman,Dyami Brown,4111,7587,1225,1107,118,119.2,27.8,91.4
2022,RB,WR,RB_vs_WR,D'Onta Foreman,Anthony Schwartz,4111,7533,1225,1093,132,119.2,14.8,104.4
2022,RB,WR,RB_vs_WR,D'Onta Foreman,Equanimeous St. Brown,4111,5323,1225,1062,163,119.2,43.4,75.8
2022,RB,WR,RB_vs_WR,Zack Moss,Curtis Samuel,6845,4082,1178,1372,-194,35.4,112.9,-77.5
2022,RB,WR,RB_vs_WR,Zack Moss,Zay Jones,6845,4080,1178,1354,-176,35.4,114,-78.6
2022,RB,WR,RB_vs_WR,Zack Moss,Nick Westbrook-Ikhine,6845,7496,1178,1300,-122,35.4,57.7,-22.3
2022,RB,WR,RB_vs_WR,Zack Moss,Danny Gray,6845,8176,1178,1260,-82,35.4,1.9,33.5
2022,RB,WR,RB_vs_WR,Zack Moss,Kendrick Bourne,6845,4454,1178,1240,-62,35.4,48.8,-13.4
2022,RB,WR,RB_vs_WR,Zack Moss,Jalen Guyton,6845,6421,1178,1205,-27,35.4,6.4,29
2022,RB,WR,RB_vs_WR,Zack Moss,Cedrick Wilson,6845,5113,1178,1130,48,35.4,14.4,21
2022,RB,WR,RB_vs_WR,Zack Moss,Quez Watkins,6845,6927,1178,1116,62,35.4,50.1,-14.7
2022,RB,WR,RB_vs_WR,Zack Moss,Dyami Brown,6845,7587,1178,1107,71,35.4,27.8,7.6
2022,RB,WR,RB_vs_WR,Zack Moss,Anthony Schwartz,6845,7533,1178,1093,85,35.4,14.8,20.6
2022,RB,WR,RB_vs_WR,Zack Moss,Equanimeous St. Brown,6845,5323,1178,1062,116,35.4,43.4,-8
2022,RB,WR,RB_vs_WR,Zack Moss,Denzel Mims,6845,6849,1178,1003,175,35.4,18.6,16.8
2022,RB,WR,RB_vs_WR,Zack Moss,Marquez Callaway,6845,6989,1178,1002,176,35.4,21.8,13.6
2022,RB,WR,RB_vs_WR,Zack Moss,Braxton Berrios,6845,5121,1178,994,184,35.4,39.7,-4.3
2022,RB,WR,RB_vs_WR,Boston Scott,Danny Gray,5122,8176,1095,1260,-165,29.8,1.9,27.9
2022,RB,WR,RB_vs_WR,Boston Scott,Kendrick Bourne,5122,4454,1095,1240,-145,29.8,48.8,-19
2022,RB,WR,RB_vs_WR,Boston Scott,Jalen Guyton,5122,6421,1095,1205,-110,29.8,6.4,23.4
2022,RB,WR,RB_vs_WR,Boston Scott,Cedrick Wilson,5122,5113,1095,1130,-35,29.8,14.4,15.4
2022,RB,WR,RB_vs_WR,Boston Scott,Quez Watkins,5122,6927,1095,1116,-21,29.8,50.1,-20.3
2022,RB,WR,RB_vs_WR,Boston Scott,Dyami Brown,5122,7587,1095,1107,-12,29.8,27.8,2
2022,RB,WR,RB_vs_WR,Boston Scott,Anthony Schwartz,5122,7533,1095,1093,2,29.8,14.8,15
2022,RB,WR,RB_vs_WR,Boston Scott,Equanimeous St. Brown,5122,5323,1095,1062,33,29.8,43.4,-13.6
2022,RB,WR,RB_vs_WR,Boston Scott,Denzel Mims,5122,6849,1095,1003,92,29.8,18.6,11.2
2022,RB,WR,RB_vs_WR,Boston Scott,Marquez Callaway,5122,6989,1095,1002,93,29.8,21.8,8
2022,RB,WR,RB_vs_WR,Boston Scott,Braxton Berrios,5122,5121,1095,994,101,29.8,39.7,-9.9
2022,RB,WR,RB_vs_WR,Boston Scott,Tutu Atwell,5122,7562,1095,939,156,29.8,35.4,-5.6
2022,RB,WR,RB_vs_WR,Boston Scott,Darius Slayton,5122,6149,1095,900,195,29.8,82.4,-52.6
2022,RB,WR,RB_vs_WR,Kene Nwangwu,Kendrick Bourne,7720,4454,1049,1240,-191,6.6,48.8,-42.2
2022,RB,WR,RB_vs_WR,Kene Nwangwu,Jalen Guyton,7720,6421,1049,1205,-156,6.6,6.4,0.2
2022,RB,WR,RB_vs_WR,Kene Nwangwu,Cedrick Wilson,7720,5113,1049,1130,-81,6.6,14.4,-7.8
2022,RB,WR,RB_vs_WR,Kene Nwangwu,Quez Watkins,7720,6927,1049,1116,-67,6.6,50.1,-43.5
2022,RB,WR,RB_vs_WR,Kene Nwangwu,Dyami Brown,7720,7587,1049,1107,-58,6.6,27.8,-21.2
2022,RB,WR,RB_vs_WR,Kene Nwangwu,Anthony Schwartz,7720,7533,1049,1093,-44,6.6,14.8,-8.2
2022,RB,WR,RB_vs_WR,Kene Nwangwu,Equanimeous St. Brown,7720,5323,1049,1062,-13,6.6,43.4,-36.8
2022,RB,WR,RB_vs_WR,Kene Nwangwu,Denzel Mims,7720,6849,1049,1003,46,6.6,18.6,-12
2022,RB,WR,RB_vs_WR,Kene Nwangwu,Marquez Callaway,7720,6989,1049,1002,47,6.6,21.8,-15.2
2022,RB,WR,RB_vs_WR,Kene Nwangwu,Braxton Berrios,7720,5121,1049,994,55,6.6,39.7,-33.1
2022,RB,WR,RB_vs_WR,Kene Nwangwu,Tutu Atwell,7720,7562,1049,939,110,6.6,35.4,-28.8
2022,RB,WR,RB_vs_WR,Kene Nwangwu,Darius Slayton,7720,6149,1049,900,149,6.6,82.4,-75.8
2022,RB,WR,RB_vs_WR,Trey Sermon,Jalen Guyton,7593,6421,1037,1205,-168,1.9,6.4,-4.5
2022,RB,WR,RB_vs_WR,Trey Sermon,Cedrick Wilson,7593,5113,1037,1130,-93,1.9,14.4,-12.5
2022,RB,WR,RB_vs_WR,Trey Sermon,Quez Watkins,7593,6927,1037,1116,-79,1.9,50.1,-48.2
2022,RB,WR,RB_vs_WR,Trey Sermon,Dyami Brown,7593,7587,1037,1107,-70,1.9,27.8,-25.9
2022,RB,WR,RB_vs_WR,Trey Sermon,Anthony Schwartz,7593,7533,1037,1093,-56,1.9,14.8,-12.9
2022,RB,WR,RB_vs_WR,Trey Sermon,Equanimeous St. Brown,7593,5323,1037,1062,-25,1.9,43.4,-41.5
2022,RB,WR,RB_vs_WR,Trey Sermon,Denzel Mims,7593,6849,1037,1003,34,1.9,18.6,-16.7
2022,RB,WR,RB_vs_WR,Trey Sermon,Marquez Callaway,7593,6989,1037,1002,35,1.9,21.8,-19.9
2022,RB,WR,RB_vs_WR,Trey Sermon,Braxton Berrios,7593,5121,1037,994,43,1.9,39.7,-37.8
2022,RB,WR,RB_vs_WR,Trey Sermon,Tutu Atwell,7593,7562,1037,939,98,1.9,35.4,-33.5
2022,RB,WR,RB_vs_WR,Trey Sermon,Darius Slayton,7593,6149,1037,900,137,1.9,82.4,-80.5
2022,RB,WR,RB_vs_WR,Ke'Shawn Vaughn,Cedrick Wilson,6885,5113,978,1130,-152,3.8,14.4,-10.6
2022,RB,WR,RB_vs_WR,Ke'Shawn Vaughn,Quez Watkins,6885,6927,978,1116,-138,3.8,50.1,-46.3
2022,RB,WR,RB_vs_WR,Ke'Shawn Vaughn,Dyami Brown,6885,7587,978,1107,-129,3.8,27.8,-24
2022,RB,WR,RB_vs_WR,Ke'Shawn Vaughn,Anthony Schwartz,6885,7533,978,1093,-115,3.8,14.8,-11
2022,RB,WR,RB_vs_WR,Ke'Shawn Vaughn,Equanimeous St. Brown,6885,5323,978,1062,-84,3.8,43.4,-39.6
2022,RB,WR,RB_vs_WR,Ke'Shawn Vaughn,Denzel Mims,6885,6849,978,1003,-25,3.8,18.6,-14.8
2022,RB,WR,RB_vs_WR,Ke'Shawn Vaughn,Marquez Callaway,6885,6989,978,1002,-24,3.8,21.8,-18
2022,RB,WR,RB_vs_WR,Ke'Shawn Vaughn,Braxton Berrios,6885,5121,978,994,-16,3.8,39.7,-35.9
2022,RB,WR,RB_vs_WR,Ke'Shawn Vaughn,Tutu Atwell,6885,7562,978,939,39,3.8,35.4,-31.6
2022,RB,WR,RB_vs_WR,Ke'Shawn Vaughn,Darius Slayton,6885,6149,978,900,78,3.8,82.4,-78.6
2022,RB,WR,RB_vs_WR,Ke'Shawn Vaughn,Olamide Zaccheaus,6885,6271,978,819,159,3.8,60.3,-56.5
2022,RB,WR,RB_vs_WR,Ke'Shawn Vaughn,Tylan Wallace,6885,7595,978,810,168,3.8,2.1,1.7
2022,RB,WR,RB_vs_WR,Jerick McKinnon,Quez Watkins,2161,6927,925,1116,-191,133.7,50.1,83.6
2022,RB,WR,RB_vs_WR,Jerick McKinnon,Dyami Brown,2161,7587,925,1107,-182,133.7,27.8,105.9
2022,RB,WR,RB_vs_WR,Jerick McKinnon,Anthony Schwartz,2161,7533,925,1093,-168,133.7,14.8,118.9
2022,RB,WR,RB_vs_WR,Jerick McKinnon,Equanimeous St. Brown,2161,5323,925,1062,-137,133.7,43.4,90.3
2022,RB,WR,RB_vs_WR,Jerick McKinnon,Denzel Mims,2161,6849,925,1003,-78,133.7,18.6,115.1
2022,RB,WR,RB_vs_WR,Jerick McKinnon,Marquez Callaway,2161,6989,925,1002,-77,133.7,21.8,111.9
2022,RB,WR,RB_vs_WR,Jerick McKinnon,Braxton Berrios,2161,5121,925,994,-69,133.7,39.7,94
2022,RB,WR,RB_vs_WR,Jerick McKinnon,Tutu Atwell,2161,7562,925,939,-14,133.7,35.4,98.3
2022,RB,WR,RB_vs_WR,Jerick McKinnon,Darius Slayton,2161,6149,925,900,25,133.7,82.4,51.3
2022,RB,WR,RB_vs_WR,Jerick McKinnon,Olamide Zaccheaus,2161,6271,925,819,106,133.7,60.3,73.4
2022,RB,WR,RB_vs_WR,Jerick McKinnon,Tylan Wallace,2161,7595,925,810,115,133.7,2.1,131.6
2022,RB,WR,RB_vs_WR,Jerick McKinnon,Jauan Jennings,2161,7049,925,761,164,133.7,46.6,87.1
2022,RB,WR,RB_vs_WR,Jerick McKinnon,Josh Reynolds,2161,4171,925,757,168,133.7,64.3,69.4
2022,RB,WR,RB_vs_WR,DeeJay Dallas,Equanimeous St. Brown,6931,5323,879,1062,-183,26.6,43.4,-16.8
2022,RB,WR,RB_vs_WR,DeeJay Dallas,Denzel Mims,6931,6849,879,1003,-124,26.6,18.6,8
2022,RB,WR,RB_vs_WR,DeeJay Dallas,Marquez Callaway,6931,6989,879,1002,-123,26.6,21.8,4.8
2022,RB,WR,RB_vs_WR,DeeJay Dallas,Braxton Berrios,6931,5121,879,994,-115,26.6,39.7,-13.1
2022,RB,WR,RB_vs_WR,DeeJay Dallas,Tutu Atwell,6931,7562,879,939,-60,26.6,35.4,-8.8
2022,RB,WR,RB_vs_WR,DeeJay Dallas,Darius Slayton,6931,6149,879,900,-21,26.6,82.4,-55.8
2022,RB,WR,RB_vs_WR,DeeJay Dallas,Olamide Zaccheaus,6931,6271,879,819,60,26.6,60.3,-33.7
2022,RB,WR,RB_vs_WR,DeeJay Dallas,Tylan Wallace,6931,7595,879,810,69,26.6,2.1,24.5
2022,RB,WR,RB_vs_WR,DeeJay Dallas,Jauan Jennings,6931,7049,879,761,118,26.6,46.6,-20
2022,RB,WR,RB_vs_WR,DeeJay Dallas,Josh Reynolds,6931,4171,879,757,122,26.6,64.3,-37.7
2022,RB,WR,RB_vs_WR,DeeJay Dallas,Nelson Agholor,6931,2325,879,684,195,26.6,44.2,-17.6
2022,RB,WR,RB_vs_WR,Myles Gaskin,Denzel Mims,5980,6849,861,1003,-142,5.4,18.6,-13.2
2022,RB,WR,RB_vs_WR,Myles Gaskin,Marquez Callaway,5980,6989,861,1002,-141,5.4,21.8,-16.4
2022,RB,WR,RB_vs_WR,Myles Gaskin,Braxton Berrios,5980,5121,861,994,-133,5.4,39.7,-34.3
2022,RB,WR,RB_vs_WR,Myles Gaskin,Tutu Atwell,5980,7562,861,939,-78,5.4,35.4,-30
2022,RB,WR,RB_vs_WR,Myles Gaskin,Darius Slayton,5980,6149,861,900,-39,5.4,82.4,-77
2022,RB,WR,RB_vs_WR,Myles Gaskin,Olamide Zaccheaus,5980,6271,861,819,42,5.4,60.3,-54.9
2022,RB,WR,RB_vs_WR,Myles Gaskin,Tylan Wallace,5980,7595,861,810,51,5.4,2.1,3.3
2022,RB,WR,RB_vs_WR,Myles Gaskin,Jauan Jennings,5980,7049,861,761,100,5.4,46.6,-41.2
2022,RB,WR,RB_vs_WR,Myles Gaskin,Josh Reynolds,5980,4171,861,757,104,5.4,64.3,-58.9
2022,RB,WR,RB_vs_WR,Myles Gaskin,Nelson Agholor,5980,2325,861,684,177,5.4,44.2,-38.8
2022,RB,WR,RB_vs_WR,Myles Gaskin,Jaelon Darden,5980,7713,861,666,195,5.4,2.8,2.6
2022,RB,WR,RB_vs_WR,Samaje Perine,Denzel Mims,4147,6849,830,1003,-173,101.9,18.6,83.3
2022,RB,WR,RB_vs_WR,Samaje Perine,Marquez Callaway,4147,6989,830,1002,-172,101.9,21.8,80.1
2022,RB,WR,RB_vs_WR,Samaje Perine,Braxton Berrios,4147,5121,830,994,-164,101.9,39.7,62.2
2022,RB,WR,RB_vs_WR,Samaje Perine,Tutu Atwell,4147,7562,830,939,-109,101.9,35.4,66.5
2022,RB,WR,RB_vs_WR,Samaje Perine,Darius Slayton,4147,6149,830,900,-70,101.9,82.4,19.5
2022,RB,WR,RB_vs_WR,Samaje Perine,Olamide Zaccheaus,4147,6271,830,819,11,101.9,60.3,41.6
2022,RB,WR,RB_vs_WR,Samaje Perine,Tylan Wallace,4147,7595,830,810,20,101.9,2.1,99.8
2022,RB,WR,RB_vs_WR,Samaje Perine,Jauan Jennings,4147,7049,830,761,69,101.9,46.6,55.3
2022,RB,WR,RB_vs_WR,Samaje Perine,Josh Reynolds,4147,4171,830,757,73,101.9,64.3,37.6
2022,RB,WR,RB_vs_WR,Samaje Perine,Nelson Agholor,4147,2325,830,684,146,101.9,44.2,57.7
2022,RB,WR,RB_vs_WR,Samaje Perine,Jaelon Darden,4147,7713,830,666,164,101.9,2.8,99.1
2022,RB,WR,RB_vs_WR,Samaje Perine,Kyle Philips,4147,8171,830,630,200,101.9,3.8,98.1
2022,RB,WR,RB_vs_WR,Kevin Harris,Olamide Zaccheaus,8174,6271,628,819,-191,11.2,60.3,-49.1
2022,RB,WR,RB_vs_WR,Kevin Harris,Tylan Wallace,8174,7595,628,810,-182,11.2,2.1,9.1
2022,RB,WR,RB_vs_WR,Kevin Harris,Jauan Jennings,8174,7049,628,761,-133,11.2,46.6,-35.4
2022,RB,WR,RB_vs_WR,Kevin Harris,Josh Reynolds,8174,4171,628,757,-129,11.2,64.3,-53.1
2022,RB,WR,RB_vs_WR,Kevin Harris,Nelson Agholor,8174,2325,628,684,-56,11.2,44.2,-33
2022,RB,WR,RB_vs_WR,Kevin Harris,Jaelon Darden,8174,7713,628,666,-38,11.2,2.8,8.4
2022,RB,WR,RB_vs_WR,Kevin Harris,Kyle Philips,8174,8171,628,630,-2,11.2,3.8,7.4
2022,RB,WR,RB_vs_WR,Kevin Harris,Tre'Quan Smith,8174,5026,628,585,43,11.2,33.2,-22
2022,RB,WR,RB_vs_WR,Kevin Harris,Demarcus Robinson,8174,3286,628,538,90,11.2,53.4,-42.2
2022,RB,WR,RB_vs_WR,Kevin Harris,Scotty Miller,8174,6290,628,532,96,11.2,18.5,-7.3
2022,RB,WR,RB_vs_WR,Justice Hill,Tylan Wallace,5995,7595,612,810,-198,26.6,2.1,24.5
2022,RB,WR,RB_vs_WR,Justice Hill,Jauan Jennings,5995,7049,612,761,-149,26.6,46.6,-20
2022,RB,WR,RB_vs_WR,Justice Hill,Josh Reynolds,5995,4171,612,757,-145,26.6,64.3,-37.7
2022,RB,WR,RB_vs_WR,Justice Hill,Nelson Agholor,5995,2325,612,684,-72,26.6,44.2,-17.6
2022,RB,WR,RB_vs_WR,Justice Hill,Jaelon Darden,5995,7713,612,666,-54,26.6,2.8,23.8
2022,RB,WR,RB_vs_WR,Justice Hill,Kyle Philips,5995,8171,612,630,-18,26.6,3.8,22.8
2022,RB,WR,RB_vs_WR,Justice Hill,Tre'Quan Smith,5995,5026,612,585,27,26.6,33.2,-6.6
2022,RB,WR,RB_vs_WR,Justice Hill,Demarcus Robinson,5995,3286,612,538,74,26.6,53.4,-26.8
2022,RB,WR,RB_vs_WR,Justice Hill,Scotty Miller,5995,6290,612,532,80,26.6,18.5,8.1
2022,RB,WR,RB_vs_WR,Jordan Mason,Josh Reynolds,8408,4171,560,757,-197,29,64.3,-35.3
2022,RB,WR,RB_vs_WR,Jordan Mason,Nelson Agholor,8408,2325,560,684,-124,29,44.2,-15.2
2022,RB,WR,RB_vs_WR,Jordan Mason,Jaelon Darden,8408,7713,560,666,-106,29,2.8,26.2
2022,RB,WR,RB_vs_WR,Jordan Mason,Kyle Philips,8408,8171,560,630,-70,29,3.8,25.2
2022,RB,WR,RB_vs_WR,Jordan Mason,Tre'Quan Smith,8408,5026,560,585,-25,29,33.2,-4.2
2022,RB,WR,RB_vs_WR,Jordan Mason,Demarcus Robinson,8408,3286,560,538,22,29,53.4,-24.4
2022,RB,WR,RB_vs_WR,Jordan Mason,Scotty Miller,8408,6290,560,532,28,29,18.5,10.5
2022,RB,WR,RB_vs_WR,Trayveon Williams,Nelson Agholor,6144,2325,488,684,-196,6,44.2,-38.2
2022,RB,WR,RB_vs_WR,Trayveon Williams,Jaelon Darden,6144,7713,488,666,-178,6,2.8,3.2
2022,RB,WR,RB_vs_WR,Trayveon Williams,Kyle Philips,6144,8171,488,630,-142,6,3.8,2.2
2022,RB,WR,RB_vs_WR,Trayveon Williams,Tre'Quan Smith,6144,5026,488,585,-97,6,33.2,-27.2
2022,RB,WR,RB_vs_WR,Trayveon Williams,Demarcus Robinson,6144,3286,488,538,-50,6,53.4,-47.4
2022,RB,WR,RB_vs_WR,Trayveon Williams,Scotty Miller,6144,6290,488,532,-44,6,18.5,-12.5
2022,RB,WR,RB_vs_WR,Trayveon Williams,Greg Dortch,6144,5970,488,354,134,6,56.6,-50.6
2022,RB,WR,RB_vs_WR,Trayveon Williams,Kalif Raymond,6144,3634,488,319,169,6,62.6,-56.6
2022,RB,WR,RB_vs_WR,Trayveon Williams,Jamal Agnew,6144,4198,488,297,191,6,46.5,-40.5
2022,RB,WR,RB_vs_WR,Ty Johnson,Kyle Philips,6039,8171,462,630,-168,28.3,3.8,24.5
2022,RB,WR,RB_vs_WR,Ty Johnson,Tre'Quan Smith,6039,5026,462,585,-123,28.3,33.2,-4.9
2022,RB,WR,RB_vs_WR,Ty Johnson,Demarcus Robinson,6039,3286,462,538,-76,28.3,53.4,-25.1
2022,RB,WR,RB_vs_WR,Ty Johnson,Scotty Miller,6039,6290,462,532,-70,28.3,18.5,9.8
2022,RB,WR,RB_vs_WR,Ty Johnson,Greg Dortch,6039,5970,462,354,108,28.3,56.6,-28.3
2022,RB,WR,RB_vs_WR,Ty Johnson,Kalif Raymond,6039,3634,462,319,143,28.3,62.6,-34.3
2022,RB,WR,RB_vs_WR,Ty Johnson,Jamal Agnew,6039,4198,462,297,165,28.3,46.5,-18.2
2022,RB,WR,RB_vs_WR,Salvon Ahmed,Kyle Philips,6918,8171,458,630,-172,12.5,3.8,8.7
2022,RB,WR,RB_vs_WR,Salvon Ahmed,Tre'Quan Smith,6918,5026,458,585,-127,12.5,33.2,-20.7
2022,RB,WR,RB_vs_WR,Salvon Ahmed,Demarcus Robinson,6918,3286,458,538,-80,12.5,53.4,-40.9
2022,RB,WR,RB_vs_WR,Salvon Ahmed,Scotty Miller,6918,6290,458,532,-74,12.5,18.5,-6
2022,RB,WR,RB_vs_WR,Salvon Ahmed,Greg Dortch,6918,5970,458,354,104,12.5,56.6,-44.1
2022,RB,WR,RB_vs_WR,Salvon Ahmed,Kalif Raymond,6918,3634,458,319,139,12.5,62.6,-50.1
2022,RB,WR,RB_vs_WR,Salvon Ahmed,Jamal Agnew,6918,4198,458,297,161,12.5,46.5,-34
2022,RB,WR,RB_vs_WR,Zonovan Knight,Demarcus Robinson,8122,3286,339,538,-199,43.8,53.4,-9.6
2022,RB,WR,RB_vs_WR,Zonovan Knight,Scotty Miller,8122,6290,339,532,-193,43.8,18.5,25.3
2022,RB,WR,RB_vs_WR,Zonovan Knight,Greg Dortch,8122,5970,339,354,-15,43.8,56.6,-12.8
2022,RB,WR,RB_vs_WR,Zonovan Knight,Kalif Raymond,8122,3634,339,319,20,43.8,62.6,-18.8
2022,RB,WR,RB_vs_WR,Zonovan Knight,Jamal Agnew,8122,4198,339,297,42,43.8,46.5,-2.7
2022,RB,WR,RB_vs_WR,Zonovan Knight,Lil'Jordan Humphrey,8122,5938,339,169,170,43.8,2,41.8
2022,RB,TE,RB_vs_TE,D'Andre Swift,Mark Andrews,6790,5012,6374,6461,-87,134.5,154,-19.5
2022,RB,TE,RB_vs_TE,Najee Harris,Mark Andrews,7528,5012,6308,6461,-153,169.5,154,15.5
2022,RB,TE,RB_vs_TE,Joe Mixon,Travis Kelce,4018,1466,5319,5150,169,167.9,254.5,-86.6
2022,RB,TE,RB_vs_TE,Dalvin Cook,Travis Kelce,4029,1466,5209,5150,59,197.1,254.5,-57.4
2022,RB,TE,RB_vs_TE,Saquon Barkley,Travis Kelce,4866,1466,5192,5150,42,227,254.5,-27.5
2022,RB,TE,RB_vs_TE,Travis Etienne,Travis Kelce,7543,1466,5100,5150,-50,166.7,254.5,-87.8
2022,RB,TE,RB_vs_TE,Travis Etienne,George Kittle,7543,4217,5100,4920,180,166.7,153.6,13.1
2022,RB,TE,RB_vs_TE,Alvin Kamara,George Kittle,4035,4217,4859,4920,-61,143.7,153.6,-9.9
2022,RB,TE,RB_vs_TE,Nick Chubb,George Kittle,4988,4217,4771,4920,-149,236.2,153.6,82.6
2022,RB,TE,RB_vs_TE,Nick Chubb,T.J. Hockenson,4988,5844,4771,4612,159,236.2,170.3,65.9
2022,RB,TE,RB_vs_TE,Derrick Henry,George Kittle,3198,4217,4752,4920,-168,257,153.6,103.4
2022,RB,TE,RB_vs_TE,Derrick Henry,T.J. Hockenson,3198,5844,4752,4612,140,257,170.3,86.7
2022,RB,TE,RB_vs_TE,AJ Dillon,T.J. Hockenson,6828,5844,4703,4612,91,136.3,170.3,-34
2022,RB,TE,RB_vs_TE,Aaron Jones,T.J. Hockenson,4199,5844,4615,4612,3,184.8,170.3,14.5
2022,RB,TE,RB_vs_TE,Aaron Jones,Darren Waller,4199,2505,4615,4425,190,184.8,66.3,118.5
2022,RB,TE,RB_vs_TE,J.K. Dobbins,T.J. Hockenson,6806,5844,4581,4612,-31,74.2,170.3,-96.1
2022,RB,TE,RB_vs_TE,J.K. Dobbins,Darren Waller,6806,2505,4581,4425,156,74.2,66.3,7.9
2022,RB,TE,RB_vs_TE,Kenneth Walker III,T.J. Hockenson,8151,5844,4492,4612,-120,163.1,170.3,-7.2
2022,RB,TE,RB_vs_TE,Kenneth Walker III,Darren Waller,8151,2505,4492,4425,67,163.1,66.3,96.8
2022,RB,TE,RB_vs_TE,Dameon Pierce,Darren Waller,8129,2505,4411,4425,-14,136.4,66.3,70.1
2022,RB,TE,RB_vs_TE,Cam Akers,Dalton Schultz,6938,5001,4141,4008,133,115.5,108.9,6.6
2022,RB,TE,RB_vs_TE,Elijah Mitchell,Dalton Schultz,7561,5001,3930,4008,-78,23.1,108.9,-85.8
2022,RB,TE,RB_vs_TE,Elijah Mitchell,Pat Freiermuth,7561,7600,3930,3928,2,23.1,116.7,-93.6
2022,RB,TE,RB_vs_TE,Elijah Mitchell,Dallas Goedert,7561,5022,3930,3794,136,23.1,106.1,-83
2022,RB,TE,RB_vs_TE,David Montgomery,Pat Freiermuth,5892,7600,3746,3928,-182,141.6,116.7,24.9
2022,RB,TE,RB_vs_TE,David Montgomery,Dallas Goedert,5892,5022,3746,3794,-48,141.6,106.1,35.5
2022,RB,TE,RB_vs_TE,David Montgomery,Cole Kmet,5892,6826,3746,3546,200,141.6,108.6,33
2022,RB,TE,RB_vs_TE,James Conner,Pat Freiermuth,4137,7600,3730,3928,-198,154.2,116.7,37.5
2022,RB,TE,RB_vs_TE,James Conner,Dallas Goedert,4137,5022,3730,3794,-64,154.2,106.1,48.1
2022,RB,TE,RB_vs_TE,James Conner,Cole Kmet,4137,6826,3730,3546,184,154.2,108.6,45.6
2022,RB,TE,RB_vs_TE,Rhamondre Stevenson,Dallas Goedert,7611,5022,3698,3794,-96,171.9,106.1,65.8
2022,RB,TE,RB_vs_TE,Rhamondre Stevenson,Cole Kmet,7611,6826,3698,3546,152,171.9,108.6,63.3
2022,RB,TE,RB_vs_TE,Ezekiel Elliott,Dallas Goedert,3164,5022,3694,3794,-100,167.8,106.1,61.7
2022,RB,TE,RB_vs_TE,Ezekiel Elliott,Cole Kmet,3164,6826,3694,3546,148,167.8,108.6,59.2
2022,RB,TE,RB_vs_TE,James Cook,Dallas Goedert,8138,5022,3633,3794,-161,81.4,106.1,-24.7
2022,RB,TE,RB_vs_TE,James Cook,Cole Kmet,8138,6826,3633,3546,87,81.4,108.6,-27.2
2022,RB,TE,RB_vs_TE,Tony Pollard,Cole Kmet,5967,6826,3591,3546,45,207.9,108.6,99.3
2022,RB,TE,RB_vs_TE,Josh Jacobs,Cole Kmet,5850,6826,3390,3546,-156,270.3,108.6,161.7
2022,RB,TE,RB_vs_TE,Josh Jacobs,Dawson Knox,5850,5906,3390,3312,78,270.3,103.4,166.9
2022,RB,TE,RB_vs_TE,Chase Edmonds,Dawson Knox,5000,5906,3215,3312,-97,53.7,103.4,-49.7
2022,RB,TE,RB_vs_TE,Clyde Edwards-Helaire,Dawson Knox,6820,5906,3202,3312,-110,81.3,103.4,-22.1
2022,RB,TE,RB_vs_TE,Kareem Hunt,Dawson Knox,4098,5906,3180,3312,-132,89,103.4,-14.4
2022,RB,TE,RB_vs_TE,Rashaad Penny,Trey McBride,4985,8130,2878,2793,85,48.2,41.4,6.8
2022,RB,TE,RB_vs_TE,Rashaad Penny,Isaiah Likely,4985,8131,2878,2748,130,48.2,59,-10.8
2022,RB,TE,RB_vs_TE,Rashaad Penny,Noah Fant,4985,5857,2878,2697,181,48.2,93.6,-45.4
2022,RB,TE,RB_vs_TE,Rashaad Penny,David Njoku,4985,4033,2878,2696,182,48.2,100.8,-52.6
2022,RB,TE,RB_vs_TE,Rachaad White,Trey McBride,8136,8130,2869,2793,76,87.6,41.4,46.2
2022,RB,TE,RB_vs_TE,Rachaad White,Isaiah Likely,8136,8131,2869,2748,121,87.6,59,28.6
2022,RB,TE,RB_vs_TE,Rachaad White,Noah Fant,8136,5857,2869,2697,172,87.6,93.6,-6
2022,RB,TE,RB_vs_TE,Rachaad White,David Njoku,8136,4033,2869,2696,173,87.6,100.8,-13.2
2022,RB,TE,RB_vs_TE,Miles Sanders,Trey McBride,6151,8130,2791,2793,-2,193.4,41.4,152
2022,RB,TE,RB_vs_TE,Miles Sanders,Isaiah Likely,6151,8131,2791,2748,43,193.4,59,134.4
2022,RB,TE,RB_vs_TE,Miles Sanders,Noah Fant,6151,5857,2791,2697,94,193.4,93.6,99.8
2022,RB,TE,RB_vs_TE,Miles Sanders,David Njoku,6151,4033,2791,2696,95,193.4,100.8,92.6
2022,RB,TE,RB_vs_TE,Miles Sanders,Zach Ertz,6151,1339,2791,2609,182,193.4,92.1,101.3
2022,RB,TE,RB_vs_TE,Michael Carter,Trey McBride,7607,8130,2690,2793,-103,84.5,41.4,43.1
2022,RB,TE,RB_vs_TE,Michael Carter,Isaiah Likely,7607,8131,2690,2748,-58,84.5,59,25.5
2022,RB,TE,RB_vs_TE,Michael Carter,Noah Fant,7607,5857,2690,2697,-7,84.5,93.6,-9.1
2022,RB,TE,RB_vs_TE,Michael Carter,David Njoku,7607,4033,2690,2696,-6,84.5,100.8,-16.3
2022,RB,TE,RB_vs_TE,Michael Carter,Zach Ertz,7607,1339,2690,2609,81,84.5,92.1,-7.6
2022,RB,TE,RB_vs_TE,Michael Carter,Mike Gesicki,7607,4993,2690,2574,116,84.5,75.6,8.9
2022,RB,TE,RB_vs_TE,Alexander Mattison,Trey McBride,5987,8130,2681,2793,-112,55.4,41.4,14
2022,RB,TE,RB_vs_TE,Alexander Mattison,Isaiah Likely,5987,8131,2681,2748,-67,55.4,59,-3.6
2022,RB,TE,RB_vs_TE,Alexander Mattison,Noah Fant,5987,5857,2681,2697,-16,55.4,93.6,-38.2
2022,RB,TE,RB_vs_TE,Alexander Mattison,David Njoku,5987,4033,2681,2696,-15,55.4,100.8,-45.4
2022,RB,TE,RB_vs_TE,Alexander Mattison,Zach Ertz,5987,1339,2681,2609,72,55.4,92.1,-36.7
2022,RB,TE,RB_vs_TE,Alexander Mattison,Mike Gesicki,5987,4993,2681,2574,107,55.4,75.6,-20.2
2022,RB,TE,RB_vs_TE,James Robinson,Trey McBride,6955,8130,2612,2793,-181,77.6,41.4,36.2
2022,RB,TE,RB_vs_TE,James Robinson,Isaiah Likely,6955,8131,2612,2748,-136,77.6,59,18.6
2022,RB,TE,RB_vs_TE,James Robinson,Noah Fant,6955,5857,2612,2697,-85,77.6,93.6,-16
2022,RB,TE,RB_vs_TE,James Robinson,David Njoku,6955,4033,2612,2696,-84,77.6,100.8,-23.2
2022,RB,TE,RB_vs_TE,James Robinson,Zach Ertz,6955,1339,2612,2609,3,77.6,92.1,-14.5
2022,RB,TE,RB_vs_TE,James Robinson,Mike Gesicki,6955,4993,2612,2574,38,77.6,75.6,2
2022,RB,TE,RB_vs_TE,James Robinson,Irv Smith,6955,6126,2612,2422,190,77.6,39.8,37.8
2022,RB,TE,RB_vs_TE,Zamir White,Trey McBride,8139,8130,2597,2793,-196,6.6,41.4,-34.8
2022,RB,TE,RB_vs_TE,Zamir White,Isaiah Likely,8139,8131,2597,2748,-151,6.6,59,-52.4
2022,RB,TE,RB_vs_TE,Zamir White,Noah Fant,8139,5857,2597,2697,-100,6.6,93.6,-87
2022,RB,TE,RB_vs_TE,Zamir White,David Njoku,8139,4033,2597,2696,-99,6.6,100.8,-94.2
2022,RB,TE,RB_vs_TE,Zamir White,Zach Ertz,8139,1339,2597,2609,-12,6.6,92.1,-85.5
2022,RB,TE,RB_vs_TE,Zamir White,Mike Gesicki,8139,4993,2597,2574,23,6.6,75.6,-69
2022,RB,TE,RB_vs_TE,Zamir White,Irv Smith,8139,6126,2597,2422,175,6.6,39.8,-33.2
2022,RB,TE,RB_vs_TE,Kenneth Gainwell,Isaiah Likely,7567,8131,2574,2748,-174,60.7,59,1.7
2022,RB,TE,RB_vs_TE,Kenneth Gainwell,Noah Fant,7567,5857,2574,2697,-123,60.7,93.6,-32.9
2022,RB,TE,RB_vs_TE,Kenneth Gainwell,David Njoku,7567,4033,2574,2696,-122,60.7,100.8,-40.1
2022,RB,TE,RB_vs_TE,Kenneth Gainwell,Zach Ertz,7567,1339,2574,2609,-35,60.7,92.1,-31.4
2022,RB,TE,RB_vs_TE,Kenneth Gainwell,Mike Gesicki,7567,4993,2574,2574,0,60.7,75.6,-14.9
2022,RB,TE,RB_vs_TE,Kenneth Gainwell,Irv Smith,7567,6126,2574,2422,152,60.7,39.8,20.9
2022,RB,TE,RB_vs_TE,Tyler Allgeier,Noah Fant,8132,5857,2531,2697,-166,129.9,93.6,36.3
2022,RB,TE,RB_vs_TE,Tyler Allgeier,David Njoku,8132,4033,2531,2696,-165,129.9,100.8,29.1
2022,RB,TE,RB_vs_TE,Tyler Allgeier,Zach Ertz,8132,1339,2531,2609,-78,129.9,92.1,37.8
2022,RB,TE,RB_vs_TE,Tyler Allgeier,Mike Gesicki,8132,4993,2531,2574,-43,129.9,75.6,54.3
2022,RB,TE,RB_vs_TE,Tyler Allgeier,Irv Smith,8132,6126,2531,2422,109,129.9,39.8,90.1
2022,RB,TE,RB_vs_TE,Khalil Herbert,Noah Fant,7608,5857,2521,2697,-176,103.9,93.6,10.3
2022,RB,TE,RB_vs_TE,Khalil Herbert,David Njoku,7608,4033,2521,2696,-175,103.9,100.8,3.1
2022,RB,TE,RB_vs_TE,Khalil Herbert,Zach Ertz,7608,1339,2521,2609,-88,103.9,92.1,11.8
2022,RB,TE,RB_vs_TE,Khalil Herbert,Mike Gesicki,7608,4993,2521,2574,-53,103.9,75.6,28.3
2022,RB,TE,RB_vs_TE,Khalil Herbert,Irv Smith,7608,6126,2521,2422,99,103.9,39.8,64.1
2022,RB,TE,RB_vs_TE,Khalil Herbert,Albert Okwuegbunam,7608,6843,2521,2322,199,103.9,20.5,83.4
2022,RB,TE,RB_vs_TE,Devin Singletary,Noah Fant,6130,5857,2516,2697,-181,139,93.6,45.4
2022,RB,TE,RB_vs_TE,Devin Singletary,David Njoku,6130,4033,2516,2696,-180,139,100.8,38.2
2022,RB,TE,RB_vs_TE,Devin Singletary,Zach Ertz,6130,1339,2516,2609,-93,139,92.1,46.9
2022,RB,TE,RB_vs_TE,Devin Singletary,Mike Gesicki,6130,4993,2516,2574,-58,139,75.6,63.4
2022,RB,TE,RB_vs_TE,Devin Singletary,Irv Smith,6130,6126,2516,2422,94,139,39.8,99.2
2022,RB,TE,RB_vs_TE,Devin Singletary,Albert Okwuegbunam,6130,6843,2516,2322,194,139,20.5,118.5
2022,RB,TE,RB_vs_TE,Isiah Pacheco,Zach Ertz,8205,1339,2474,2609,-135,109.6,92.1,17.5
2022,RB,TE,RB_vs_TE,Isiah Pacheco,Mike Gesicki,8205,4993,2474,2574,-100,109.6,75.6,34
2022,RB,TE,RB_vs_TE,Isiah Pacheco,Irv Smith,8205,6126,2474,2422,52,109.6,39.8,69.8
2022,RB,TE,RB_vs_TE,Isiah Pacheco,Albert Okwuegbunam,8205,6843,2474,2322,152,109.6,20.5,89.1
2022,RB,TE,RB_vs_TE,Isaiah Spiller,Zach Ertz,8153,1339,2429,2609,-180,5.4,92.1,-86.7
2022,RB,TE,RB_vs_TE,Isaiah Spiller,Mike Gesicki,8153,4993,2429,2574,-145,5.4,75.6,-70.2
2022,RB,TE,RB_vs_TE,Isaiah Spiller,Irv Smith,8153,6126,2429,2422,7,5.4,39.8,-34.4
2022,RB,TE,RB_vs_TE,Isaiah Spiller,Albert Okwuegbunam,8153,6843,2429,2322,107,5.4,20.5,-15.1
2022,RB,TE,RB_vs_TE,Nyheim Hines,Irv Smith,5347,6126,2225,2422,-197,39.4,39.8,-0.4
2022,RB,TE,RB_vs_TE,Nyheim Hines,Albert Okwuegbunam,5347,6843,2225,2322,-97,39.4,20.5,18.9
2022,RB,TE,RB_vs_TE,Nyheim Hines,Hunter Henry,5347,3214,2225,2153,72,39.4,76.2,-36.8
2022,RB,TE,RB_vs_TE,Nyheim Hines,Brevin Jordan,5347,7568,2225,2045,180,39.4,19.8,19.6
2022,RB,TE,RB_vs_TE,Tyrion Davis-Price,Albert Okwuegbunam,8211,6843,2155,2322,-167,7.2,20.5,-13.3
2022,RB,TE,RB_vs_TE,Tyrion Davis-Price,Hunter Henry,8211,3214,2155,2153,2,7.2,76.2,-69
2022,RB,TE,RB_vs_TE,Tyrion Davis-Price,Brevin Jordan,8211,7568,2155,2045,110,7.2,19.8,-12.6
2022,RB,TE,RB_vs_TE,Cordarrelle Patterson,Hunter Henry,1535,3214,2038,2153,-115,125.8,76.2,49.6
2022,RB,TE,RB_vs_TE,Cordarrelle Patterson,Brevin Jordan,1535,7568,2038,2045,-7,125.8,19.8,106
2022,RB,TE,RB_vs_TE,Cordarrelle Patterson,Greg Dulcich,1535,8172,2038,1868,170,125.8,69.6,56.2
2022,RB,TE,RB_vs_TE,Eno Benjamin,Greg Dulcich,6951,8172,1734,1868,-134,64.3,69.6,-5.3
2022,RB,TE,RB_vs_TE,Eno Benjamin,Tyler Higbee,6951,3271,1734,1823,-89,64.3,110.7,-46.4
2022,RB,TE,RB_vs_TE,Eno Benjamin,Daniel Bellinger,6951,8225,1734,1773,-39,64.3,60,4.3
2022,RB,TE,RB_vs_TE,Eno Benjamin,Evan Engram,6951,4066,1734,1729,5,64.3,135.7,-71.4
2022,RB,TE,RB_vs_TE,Eno Benjamin,Cade Otton,6951,8111,1734,1544,190,64.3,71.1,-6.8
2022,RB,TE,RB_vs_TE,Jamaal Williams,Daniel Bellinger,4149,8225,1589,1773,-184,194.7,60,134.7
2022,RB,TE,RB_vs_TE,Jamaal Williams,Evan Engram,4149,4066,1589,1729,-140,194.7,135.7,59
2022,RB,TE,RB_vs_TE,Jamaal Williams,Cade Otton,4149,8111,1589,1544,45,194.7,71.1,123.6
2022,RB,TE,RB_vs_TE,Jamaal Williams,Austin Hooper,4149,3202,1589,1454,135,194.7,71.1,123.6
2022,RB,TE,RB_vs_TE,Jamaal Williams,Jonnu Smith,4149,4144,1589,1453,136,194.7,38.5,156.2
2022,RB,TE,RB_vs_TE,Jamaal Williams,Jelani Woods,4149,8219,1589,1446,143,194.7,60.3,134.4
2022,RB,TE,RB_vs_TE,Jamaal Williams,Tommy Tremble,4149,7694,1589,1409,180,194.7,42.2,152.5
2022,RB,TE,RB_vs_TE,Hassan Haskins,Cade Otton,8123,8111,1490,1544,-54,13.4,71.1,-57.7
2022,RB,TE,RB_vs_TE,Hassan Haskins,Austin Hooper,8123,3202,1490,1454,36,13.4,71.1,-57.7
2022,RB,TE,RB_vs_TE,Hassan Haskins,Jonnu Smith,8123,4144,1490,1453,37,13.4,38.5,-25.1
2022,RB,TE,RB_vs_TE,Hassan Haskins,Jelani Woods,8123,8219,1490,1446,44,13.4,60.3,-46.9
2022,RB,TE,RB_vs_TE,Hassan Haskins,Tommy Tremble,8123,7694,1490,1409,81,13.4,42.2,-28.8
2022,RB,TE,RB_vs_TE,Hassan Haskins,Gerald Everett,8123,4089,1490,1357,133,13.4,102.2,-88.8
2022,RB,TE,RB_vs_TE,Chuba Hubbard,Cade Otton,7594,8111,1478,1544,-66,66.8,71.1,-4.3
2022,RB,TE,RB_vs_TE,Chuba Hubbard,Austin Hooper,7594,3202,1478,1454,24,66.8,71.1,-4.3
2022,RB,TE,RB_vs_TE,Chuba Hubbard,Jonnu Smith,7594,4144,1478,1453,25,66.8,38.5,28.3
2022,RB,TE,RB_vs_TE,Chuba Hubbard,Jelani Woods,7594,8219,1478,1446,32,66.8,60.3,6.5
2022,RB,TE,RB_vs_TE,Chuba Hubbard,Tommy Tremble,7594,7694,1478,1409,69,66.8,42.2,24.6
2022,RB,TE,RB_vs_TE,Chuba Hubbard,Gerald Everett,7594,4089,1478,1357,121,66.8,102.2,-35.4
2022,RB,TE,RB_vs_TE,Chuba Hubbard,Hayden Hurst,7594,4973,1478,1285,193,66.8,79.5,-12.7
2022,RB,TE,RB_vs_TE,Gus Edwards,Cade Otton,5248,8111,1460,1544,-84,57.7,71.1,-13.4
2022,RB,TE,RB_vs_TE,Gus Edwards,Austin Hooper,5248,3202,1460,1454,6,57.7,71.1,-13.4
2022,RB,TE,RB_vs_TE,Gus Edwards,Jonnu Smith,5248,4144,1460,1453,7,57.7,38.5,19.2
2022,RB,TE,RB_vs_TE,Gus Edwards,Jelani Woods,5248,8219,1460,1446,14,57.7,60.3,-2.6
2022,RB,TE,RB_vs_TE,Gus Edwards,Tommy Tremble,5248,7694,1460,1409,51,57.7,42.2,15.5
2022,RB,TE,RB_vs_TE,Gus Edwards,Gerald Everett,5248,4089,1460,1357,103,57.7,102.2,-44.5
2022,RB,TE,RB_vs_TE,Gus Edwards,Hayden Hurst,5248,4973,1460,1285,175,57.7,79.5,-21.8
2022,RB,TE,RB_vs_TE,D'Ernest Johnson,Cade Otton,6694,8111,1412,1544,-132,2.4,71.1,-68.7
2022,RB,TE,RB_vs_TE,D'Ernest Johnson,Austin Hooper,6694,3202,1412,1454,-42,2.4,71.1,-68.7
2022,RB,TE,RB_vs_TE,D'Ernest Johnson,Jonnu Smith,6694,4144,1412,1453,-41,2.4,38.5,-36.1
2022,RB,TE,RB_vs_TE,D'Ernest Johnson,Jelani Woods,6694,8219,1412,1446,-34,2.4,60.3,-57.9
2022,RB,TE,RB_vs_TE,D'Ernest Johnson,Tommy Tremble,6694,7694,1412,1409,3,2.4,42.2,-39.8
2022,RB,TE,RB_vs_TE,D'Ernest Johnson,Gerald Everett,6694,4089,1412,1357,55,2.4,102.2,-99.8
2022,RB,TE,RB_vs_TE,D'Ernest Johnson,Hayden Hurst,6694,4973,1412,1285,127,2.4,79.5,-77.1
2022,RB,TE,RB_vs_TE,D'Ernest Johnson,Donald Parham,6694,6074,1412,1244,168,2.4,19.9,-17.5
2022,RB,TE,RB_vs_TE,D'Ernest Johnson,Tyler Conklin,6694,5133,1412,1225,187,2.4,100.2,-97.8
2022,RB,TE,RB_vs_TE,Kyren Williams,Cade Otton,8150,8111,1410,1544,-134,21.5,71.1,-49.6
2022,RB,TE,RB_vs_TE,Kyren Williams,Austin Hooper,8150,3202,1410,1454,-44,21.5,71.1,-49.6
2022,RB,TE,RB_vs_TE,Kyren Williams,Jonnu Smith,8150,4144,1410,1453,-43,21.5,38.5,-17
2022,RB,TE,RB_vs_TE,Kyren Williams,Jelani Woods,8150,8219,1410,1446,-36,21.5,60.3,-38.8
2022,RB,TE,RB_vs_TE,Kyren Williams,Tommy Tremble,8150,7694,1410,1409,1,21.5,42.2,-20.7
2022,RB,TE,RB_vs_TE,Kyren Williams,Gerald Everett,8150,4089,1410,1357,53,21.5,102.2,-80.7
2022,RB,TE,RB_vs_TE,Kyren Williams,Hayden Hurst,8150,4973,1410,1285,125,21.5,79.5,-58
2022,RB,TE,RB_vs_TE,Kyren Williams,Donald Parham,8150,6074,1410,1244,166,21.5,19.9,1.6
2022,RB,TE,RB_vs_TE,Kyren Williams,Tyler Conklin,8150,5133,1410,1225,185,21.5,100.2,-78.7
2022,RB,TE,RB_vs_TE,Keaontay Ingram,Cade Otton,8221,8111,1371,1544,-173,13.8,71.1,-57.3
2022,RB,TE,RB_vs_TE,Keaontay Ingram,Austin Hooper,8221,3202,1371,1454,-83,13.8,71.1,-57.3
2022,RB,TE,RB_vs_TE,Keaontay Ingram,Jonnu Smith,8221,4144,1371,1453,-82,13.8,38.5,-24.7
2022,RB,TE,RB_vs_TE,Keaontay Ingram,Jelani Woods,8221,8219,1371,1446,-75,13.8,60.3,-46.5
2022,RB,TE,RB_vs_TE,Keaontay Ingram,Tommy Tremble,8221,7694,1371,1409,-38,13.8,42.2,-28.4
2022,RB,TE,RB_vs_TE,Keaontay Ingram,Gerald Everett,8221,4089,1371,1357,14,13.8,102.2,-88.4
2022,RB,TE,RB_vs_TE,Keaontay Ingram,Hayden Hurst,8221,4973,1371,1285,86,13.8,79.5,-65.7
2022,RB,TE,RB_vs_TE,Keaontay Ingram,Donald Parham,8221,6074,1371,1244,127,13.8,19.9,-6.1
2022,RB,TE,RB_vs_TE,Keaontay Ingram,Tyler Conklin,8221,5133,1371,1225,146,13.8,100.2,-86.4
2022,RB,TE,RB_vs_TE,Keaontay Ingram,Noah Gray,8221,7828,1371,1200,171,13.8,54.1,-40.3
2022,RB,TE,RB_vs_TE,Keaontay Ingram,Harrison Bryant,8221,6850,1371,1179,192,13.8,43.2,-29.4
2022,RB,TE,RB_vs_TE,Keaontay Ingram,Chigoziem Okonkwo,8221,8210,1371,1178,193,13.8,69.5,-55.7
2022,RB,TE,RB_vs_TE,Pierre Strong Jr.,Cade Otton,8116,8111,1348,1544,-196,20.2,71.1,-50.9
2022,RB,TE,RB_vs_TE,Pierre Strong Jr.,Austin Hooper,8116,3202,1348,1454,-106,20.2,71.1,-50.9
2022,RB,TE,RB_vs_TE,Pierre Strong Jr.,Jonnu Smith,8116,4144,1348,1453,-105,20.2,38.5,-18.3
2022,RB,TE,RB_vs_TE,Pierre Strong Jr.,Jelani Woods,8116,8219,1348,1446,-98,20.2,60.3,-40.1
2022,RB,TE,RB_vs_TE,Pierre Strong Jr.,Tommy Tremble,8116,7694,1348,1409,-61,20.2,42.2,-22
2022,RB,TE,RB_vs_TE,Pierre Strong Jr.,Gerald Everett,8116,4089,1348,1357,-9,20.2,102.2,-82
2022,RB,TE,RB_vs_TE,Pierre Strong Jr.,Hayden Hurst,8116,4973,1348,1285,63,20.2,79.5,-59.3
2022,RB,TE,RB_vs_TE,Pierre Strong Jr.,Donald Parham,8116,6074,1348,1244,104,20.2,19.9,0.3
2022,RB,TE,RB_vs_TE,Pierre Strong Jr.,Tyler Conklin,8116,5133,1348,1225,123,20.2,100.2,-80
2022,RB,TE,RB_vs_TE,Pierre Strong Jr.,Noah Gray,8116,7828,1348,1200,148,20.2,54.1,-33.9
2022,RB,TE,RB_vs_TE,Pierre Strong Jr.,Harrison Bryant,8116,6850,1348,1179,169,20.2,43.2,-23
2022,RB,TE,RB_vs_TE,Pierre Strong Jr.,Chigoziem Okonkwo,8116,8210,1348,1178,170,20.2,69.5,-49.3
2022,RB,TE,RB_vs_TE,Raheem Mostert,Austin Hooper,2749,3202,1333,1454,-121,131.2,71.1,60.1
2022,RB,TE,RB_vs_TE,Raheem Mostert,Jonnu Smith,2749,4144,1333,1453,-120,131.2,38.5,92.7
2022,RB,TE,RB_vs_TE,Raheem Mostert,Jelani Woods,2749,8219,1333,1446,-113,131.2,60.3,70.9
2022,RB,TE,RB_vs_TE,Raheem Mostert,Tommy Tremble,2749,7694,1333,1409,-76,131.2,42.2,89
2022,RB,TE,RB_vs_TE,Raheem Mostert,Gerald Everett,2749,4089,1333,1357,-24,131.2,102.2,29
2022,RB,TE,RB_vs_TE,Raheem Mostert,Hayden Hurst,2749,4973,1333,1285,48,131.2,79.5,51.7
2022,RB,TE,RB_vs_TE,Raheem Mostert,Donald Parham,2749,6074,1333,1244,89,131.2,19.9,111.3
2022,RB,TE,RB_vs_TE,Raheem Mostert,Tyler Conklin,2749,5133,1333,1225,108,131.2,100.2,31
2022,RB,TE,RB_vs_TE,Raheem Mostert,Noah Gray,2749,7828,1333,1200,133,131.2,54.1,77.1
2022,RB,TE,RB_vs_TE,Raheem Mostert,Harrison Bryant,2749,6850,1333,1179,154,131.2,43.2,88
2022,RB,TE,RB_vs_TE,Raheem Mostert,Chigoziem Okonkwo,2749,8210,1333,1178,155,131.2,69.5,61.7
2022,RB,TE,RB_vs_TE,Raheem Mostert,Adam Trautman,2749,6869,1333,1137,196,131.2,33.4,97.8
2022,RB,TE,RB_vs_TE,Jerome Ford,Austin Hooper,8143,3202,1323,1454,-131,1.2,71.1,-69.9
2022,RB,TE,RB_vs_TE,Jerome Ford,Jonnu Smith,8143,4144,1323,1453,-130,1.2,38.5,-37.3
2022,RB,TE,RB_vs_TE,Jerome Ford,Jelani Woods,8143,8219,1323,1446,-123,1.2,60.3,-59.1
2022,RB,TE,RB_vs_TE,Jerome Ford,Tommy Tremble,8143,7694,1323,1409,-86,1.2,42.2,-41
2022,RB,TE,RB_vs_TE,Jerome Ford,Gerald Everett,8143,4089,1323,1357,-34,1.2,102.2,-101
2022,RB,TE,RB_vs_TE,Jerome Ford,Hayden Hurst,8143,4973,1323,1285,38,1.2,79.5,-78.3
2022,RB,TE,RB_vs_TE,Jerome Ford,Donald Parham,8143,6074,1323,1244,79,1.2,19.9,-18.7
2022,RB,TE,RB_vs_TE,Jerome Ford,Tyler Conklin,8143,5133,1323,1225,98,1.2,100.2,-99
2022,RB,TE,RB_vs_TE,Jerome Ford,Noah Gray,8143,7828,1323,1200,123,1.2,54.1,-52.9
2022,RB,TE,RB_vs_TE,Jerome Ford,Harrison Bryant,8143,6850,1323,1179,144,1.2,43.2,-42
2022,RB,TE,RB_vs_TE,Jerome Ford,Chigoziem Okonkwo,8143,8210,1323,1178,145,1.2,69.5,-68.3
2022,RB,TE,RB_vs_TE,Jerome Ford,Adam Trautman,8143,6869,1323,1137,186,1.2,33.4,-32.2
2022,RB,TE,RB_vs_TE,Jeffery Wilson,Austin Hooper,5284,3202,1310,1454,-144,129.1,71.1,58
2022,RB,TE,RB_vs_TE,Jeffery Wilson,Jonnu Smith,5284,4144,1310,1453,-143,129.1,38.5,90.6
2022,RB,TE,RB_vs_TE,Jeffery Wilson,Jelani Woods,5284,8219,1310,1446,-136,129.1,60.3,68.8
2022,RB,TE,RB_vs_TE,Jeffery Wilson,Tommy Tremble,5284,7694,1310,1409,-99,129.1,42.2,86.9
2022,RB,TE,RB_vs_TE,Jeffery Wilson,Gerald Everett,5284,4089,1310,1357,-47,129.1,102.2,26.9
2022,RB,TE,RB_vs_TE,Jeffery Wilson,Hayden Hurst,5284,4973,1310,1285,25,129.1,79.5,49.6
2022,RB,TE,RB_vs_TE,Jeffery Wilson,Donald Parham,5284,6074,1310,1244,66,129.1,19.9,109.2
2022,RB,TE,RB_vs_TE,Jeffery Wilson,Tyler Conklin,5284,5133,1310,1225,85,129.1,100.2,28.9
2022,RB,TE,RB_vs_TE,Jeffery Wilson,Noah Gray,5284,7828,1310,1200,110,129.1,54.1,75
2022,RB,TE,RB_vs_TE,Jeffery Wilson,Harrison Bryant,5284,6850,1310,1179,131,129.1,43.2,85.9
2022,RB,TE,RB_vs_TE,Jeffery Wilson,Chigoziem Okonkwo,5284,8210,1310,1178,132,129.1,69.5,59.6
2022,RB,TE,RB_vs_TE,Jeffery Wilson,Adam Trautman,5284,6869,1310,1137,173,129.1,33.4,95.7
2022,RB,TE,RB_vs_TE,Jaylen Warren,Austin Hooper,8228,3202,1288,1454,-166,61,71.1,-10.1
2022,RB,TE,RB_vs_TE,Jaylen Warren,Jonnu Smith,8228,4144,1288,1453,-165,61,38.5,22.5
2022,RB,TE,RB_vs_TE,Jaylen Warren,Jelani Woods,8228,8219,1288,1446,-158,61,60.3,0.7
2022,RB,TE,RB_vs_TE,Jaylen Warren,Tommy Tremble,8228,7694,1288,1409,-121,61,42.2,18.8
2022,RB,TE,RB_vs_TE,Jaylen Warren,Gerald Everett,8228,4089,1288,1357,-69,61,102.2,-41.2
2022,RB,TE,RB_vs_TE,Jaylen Warren,Hayden Hurst,8228,4973,1288,1285,3,61,79.5,-18.5
2022,RB,TE,RB_vs_TE,Jaylen Warren,Donald Parham,8228,6074,1288,1244,44,61,19.9,41.1
2022,RB,TE,RB_vs_TE,Jaylen Warren,Tyler Conklin,8228,5133,1288,1225,63,61,100.2,-39.2
2022,RB,TE,RB_vs_TE,Jaylen Warren,Noah Gray,8228,7828,1288,1200,88,61,54.1,6.9
2022,RB,TE,RB_vs_TE,Jaylen Warren,Harrison Bryant,8228,6850,1288,1179,109,61,43.2,17.8
2022,RB,TE,RB_vs_TE,Jaylen Warren,Chigoziem Okonkwo,8228,8210,1288,1178,110,61,69.5,-8.5
2022,RB,TE,RB_vs_TE,Jaylen Warren,Adam Trautman,8228,6869,1288,1137,151,61,33.4,27.6
2022,RB,TE,RB_vs_TE,Jaylen Warren,Jake Ferguson,8228,8110,1288,1098,190,61,38,23
2022,RB,TE,RB_vs_TE,Joshua Kelley,Jonnu Smith,7045,4144,1253,1453,-200,48.4,38.5,9.9
2022,RB,TE,RB_vs_TE,Joshua Kelley,Jelani Woods,7045,8219,1253,1446,-193,48.4,60.3,-11.9
2022,RB,TE,RB_vs_TE,Joshua Kelley,Tommy Tremble,7045,7694,1253,1409,-156,48.4,42.2,6.2
2022,RB,TE,RB_vs_TE,Joshua Kelley,Gerald Everett,7045,4089,1253,1357,-104,48.4,102.2,-53.8
2022,RB,TE,RB_vs_TE,Joshua Kelley,Hayden Hurst,7045,4973,1253,1285,-32,48.4,79.5,-31.1
2022,RB,TE,RB_vs_TE,Joshua Kelley,Donald Parham,7045,6074,1253,1244,9,48.4,19.9,28.5
2022,RB,TE,RB_vs_TE,Joshua Kelley,Tyler Conklin,7045,5133,1253,1225,28,48.4,100.2,-51.8
2022,RB,TE,RB_vs_TE,Joshua Kelley,Noah Gray,7045,7828,1253,1200,53,48.4,54.1,-5.7
2022,RB,TE,RB_vs_TE,Joshua Kelley,Harrison Bryant,7045,6850,1253,1179,74,48.4,43.2,5.2
2022,RB,TE,RB_vs_TE,Joshua Kelley,Chigoziem Okonkwo,7045,8210,1253,1178,75,48.4,69.5,-21.1
2022,RB,TE,RB_vs_TE,Joshua Kelley,Adam Trautman,7045,6869,1253,1137,116,48.4,33.4,15
2022,RB,TE,RB_vs_TE,Joshua Kelley,Jake Ferguson,7045,8110,1253,1098,155,48.4,38,10.4
2022,RB,TE,RB_vs_TE,Chris Evans,Tommy Tremble,7794,7694,1237,1409,-172,9.8,42.2,-32.4
2022,RB,TE,RB_vs_TE,Chris Evans,Gerald Everett,7794,4089,1237,1357,-120,9.8,102.2,-92.4
2022,RB,TE,RB_vs_TE,Chris Evans,Hayden Hurst,7794,4973,1237,1285,-48,9.8,79.5,-69.7
2022,RB,TE,RB_vs_TE,Chris Evans,Donald Parham,7794,6074,1237,1244,-7,9.8,19.9,-10.1
2022,RB,TE,RB_vs_TE,Chris Evans,Tyler Conklin,7794,5133,1237,1225,12,9.8,100.2,-90.4
2022,RB,TE,RB_vs_TE,Chris Evans,Noah Gray,7794,7828,1237,1200,37,9.8,54.1,-44.3
2022,RB,TE,RB_vs_TE,Chris Evans,Harrison Bryant,7794,6850,1237,1179,58,9.8,43.2,-33.4
2022,RB,TE,RB_vs_TE,Chris Evans,Chigoziem Okonkwo,7794,8210,1237,1178,59,9.8,69.5,-59.7
2022,RB,TE,RB_vs_TE,Chris Evans,Adam Trautman,7794,6869,1237,1137,100,9.8,33.4,-23.6
2022,RB,TE,RB_vs_TE,Chris Evans,Jake Ferguson,7794,8110,1237,1098,139,9.8,38,-28.2
2022,RB,TE,RB_vs_TE,Chris Evans,Mo Alie-Cox,7794,4054,1237,1042,195,9.8,37.5,-27.7
2022,RB,TE,RB_vs_TE,D'Onta Foreman,Tommy Tremble,4111,7694,1225,1409,-184,119.2,42.2,77
2022,RB,TE,RB_vs_TE,D'Onta Foreman,Gerald Everett,4111,4089,1225,1357,-132,119.2,102.2,17
2022,RB,TE,RB_vs_TE,D'Onta Foreman,Hayden Hurst,4111,4973,1225,1285,-60,119.2,79.5,39.7
2022,RB,TE,RB_vs_TE,D'Onta Foreman,Donald Parham,4111,6074,1225,1244,-19,119.2,19.9,99.3
2022,RB,TE,RB_vs_TE,D'Onta Foreman,Tyler Conklin,4111,5133,1225,1225,0,119.2,100.2,19
2022,RB,TE,RB_vs_TE,D'Onta Foreman,Noah Gray,4111,7828,1225,1200,25,119.2,54.1,65.1
2022,RB,TE,RB_vs_TE,D'Onta Foreman,Harrison Bryant,4111,6850,1225,1179,46,119.2,43.2,76
2022,RB,TE,RB_vs_TE,D'Onta Foreman,Chigoziem Okonkwo,4111,8210,1225,1178,47,119.2,69.5,49.7
2022,RB,TE,RB_vs_TE,D'Onta Foreman,Adam Trautman,4111,6869,1225,1137,88,119.2,33.4,85.8
2022,RB,TE,RB_vs_TE,D'Onta Foreman,Jake Ferguson,4111,8110,1225,1098,127,119.2,38,81.2
2022,RB,TE,RB_vs_TE,D'Onta Foreman,Mo Alie-Cox,4111,4054,1225,1042,183,119.2,37.5,81.7
2022,RB,TE,RB_vs_TE,Zack Moss,Gerald Everett,6845,4089,1178,1357,-179,35.4,102.2,-66.8
2022,RB,TE,RB_vs_TE,Zack Moss,Hayden Hurst,6845,4973,1178,1285,-107,35.4,79.5,-44.1
2022,RB,TE,RB_vs_TE,Zack Moss,Donald Parham,6845,6074,1178,1244,-66,35.4,19.9,15.5
2022,RB,TE,RB_vs_TE,Zack Moss,Tyler Conklin,6845,5133,1178,1225,-47,35.4,100.2,-64.8
2022,RB,TE,RB_vs_TE,Zack Moss,Noah Gray,6845,7828,1178,1200,-22,35.4,54.1,-18.7
2022,RB,TE,RB_vs_TE,Zack Moss,Harrison Bryant,6845,6850,1178,1179,-1,35.4,43.2,-7.8
2022,RB,TE,RB_vs_TE,Zack Moss,Chigoziem Okonkwo,6845,8210,1178,1178,0,35.4,69.5,-34.1
2022,RB,TE,RB_vs_TE,Zack Moss,Adam Trautman,6845,6869,1178,1137,41,35.4,33.4,2
2022,RB,TE,RB_vs_TE,Zack Moss,Jake Ferguson,6845,8110,1178,1098,80,35.4,38,-2.6
2022,RB,TE,RB_vs_TE,Zack Moss,Mo Alie-Cox,6845,4054,1178,1042,136,35.4,37.5,-2.1
2022,RB,TE,RB_vs_TE,Boston Scott,Hayden Hurst,5122,4973,1095,1285,-190,29.8,79.5,-49.7
2022,RB,TE,RB_vs_TE,Boston Scott,Donald Parham,5122,6074,1095,1244,-149,29.8,19.9,9.9
2022,RB,TE,RB_vs_TE,Boston Scott,Tyler Conklin,5122,5133,1095,1225,-130,29.8,100.2,-70.4
2022,RB,TE,RB_vs_TE,Boston Scott,Noah Gray,5122,7828,1095,1200,-105,29.8,54.1,-24.3
2022,RB,TE,RB_vs_TE,Boston Scott,Harrison Bryant,5122,6850,1095,1179,-84,29.8,43.2,-13.4
2022,RB,TE,RB_vs_TE,Boston Scott,Chigoziem Okonkwo,5122,8210,1095,1178,-83,29.8,69.5,-39.7
2022,RB,TE,RB_vs_TE,Boston Scott,Adam Trautman,5122,6869,1095,1137,-42,29.8,33.4,-3.6
2022,RB,TE,RB_vs_TE,Boston Scott,Jake Ferguson,5122,8110,1095,1098,-3,29.8,38,-8.2
2022,RB,TE,RB_vs_TE,Boston Scott,Mo Alie-Cox,5122,4054,1095,1042,53,29.8,37.5,-7.7
2022,RB,TE,RB_vs_TE,Boston Scott,Foster Moreau,5122,5985,1095,946,149,29.8,67.2,-37.4
2022,RB,TE,RB_vs_TE,Kene Nwangwu,Donald Parham,7720,6074,1049,1244,-195,6.6,19.9,-13.3
2022,RB,TE,RB_vs_TE,Kene Nwangwu,Tyler Conklin,7720,5133,1049,1225,-176,6.6,100.2,-93.6
2022,RB,TE,RB_vs_TE,Kene Nwangwu,Noah Gray,7720,7828,1049,1200,-151,6.6,54.1,-47.5
2022,RB,TE,RB_vs_TE,Kene Nwangwu,Harrison Bryant,7720,6850,1049,1179,-130,6.6,43.2,-36.6
2022,RB,TE,RB_vs_TE,Kene Nwangwu,Chigoziem Okonkwo,7720,8210,1049,1178,-129,6.6,69.5,-62.9
2022,RB,TE,RB_vs_TE,Kene Nwangwu,Adam Trautman,7720,6869,1049,1137,-88,6.6,33.4,-26.8
2022,RB,TE,RB_vs_TE,Kene Nwangwu,Jake Ferguson,7720,8110,1049,1098,-49,6.6,38,-31.4
2022,RB,TE,RB_vs_TE,Kene Nwangwu,Mo Alie-Cox,7720,4054,1049,1042,7,6.6,37.5,-30.9
2022,RB,TE,RB_vs_TE,Kene Nwangwu,Foster Moreau,7720,5985,1049,946,103,6.6,67.2,-60.6
2022,RB,TE,RB_vs_TE,Trey Sermon,Tyler Conklin,7593,5133,1037,1225,-188,1.9,100.2,-98.3
2022,RB,TE,RB_vs_TE,Trey Sermon,Noah Gray,7593,7828,1037,1200,-163,1.9,54.1,-52.2
2022,RB,TE,RB_vs_TE,Trey Sermon,Harrison Bryant,7593,6850,1037,1179,-142,1.9,43.2,-41.3
2022,RB,TE,RB_vs_TE,Trey Sermon,Chigoziem Okonkwo,7593,8210,1037,1178,-141,1.9,69.5,-67.6
2022,RB,TE,RB_vs_TE,Trey Sermon,Adam Trautman,7593,6869,1037,1137,-100,1.9,33.4,-31.5
2022,RB,TE,RB_vs_TE,Trey Sermon,Jake Ferguson,7593,8110,1037,1098,-61,1.9,38,-36.1
2022,RB,TE,RB_vs_TE,Trey Sermon,Mo Alie-Cox,7593,4054,1037,1042,-5,1.9,37.5,-35.6
2022,RB,TE,RB_vs_TE,Trey Sermon,Foster Moreau,7593,5985,1037,946,91,1.9,67.2,-65.3
2022,RB,TE,RB_vs_TE,Ke'Shawn Vaughn,Chigoziem Okonkwo,6885,8210,978,1178,-200,3.8,69.5,-65.7
2022,RB,TE,RB_vs_TE,Ke'Shawn Vaughn,Adam Trautman,6885,6869,978,1137,-159,3.8,33.4,-29.6
2022,RB,TE,RB_vs_TE,Ke'Shawn Vaughn,Jake Ferguson,6885,8110,978,1098,-120,3.8,38,-34.2
2022,RB,TE,RB_vs_TE,Ke'Shawn Vaughn,Mo Alie-Cox,6885,4054,978,1042,-64,3.8,37.5,-33.7
2022,RB,TE,RB_vs_TE,Ke'Shawn Vaughn,Foster Moreau,6885,5985,978,946,32,3.8,67.2,-63.4
2022,RB,TE,RB_vs_TE,Jerick McKinnon,Jake Ferguson,2161,8110,925,1098,-173,133.7,38,95.7
2022,RB,TE,RB_vs_TE,Jerick McKinnon,Mo Alie-Cox,2161,4054,925,1042,-117,133.7,37.5,96.2
2022,RB,TE,RB_vs_TE,Jerick McKinnon,Foster Moreau,2161,5985,925,946,-21,133.7,67.2,66.5
2022,RB,TE,RB_vs_TE,Jerick McKinnon,Juwan Johnson,2161,7002,925,773,152,133.7,111.2,22.5
2022,RB,TE,RB_vs_TE,DeeJay Dallas,Mo Alie-Cox,6931,4054,879,1042,-163,26.6,37.5,-10.9
2022,RB,TE,RB_vs_TE,DeeJay Dallas,Foster Moreau,6931,5985,879,946,-67,26.6,67.2,-40.6
2022,RB,TE,RB_vs_TE,DeeJay Dallas,Juwan Johnson,6931,7002,879,773,106,26.6,111.2,-84.6
2022,RB,TE,RB_vs_TE,Myles Gaskin,Mo Alie-Cox,5980,4054,861,1042,-181,5.4,37.5,-32.1
2022,RB,TE,RB_vs_TE,Myles Gaskin,Foster Moreau,5980,5985,861,946,-85,5.4,67.2,-61.8
2022,RB,TE,RB_vs_TE,Myles Gaskin,Juwan Johnson,5980,7002,861,773,88,5.4,111.2,-105.8
2022,RB,TE,RB_vs_TE,Samaje Perine,Foster Moreau,4147,5985,830,946,-116,101.9,67.2,34.7
2022,RB,TE,RB_vs_TE,Samaje Perine,Juwan Johnson,4147,7002,830,773,57,101.9,111.2,-9.3
2022,RB,TE,RB_vs_TE,Kevin Harris,Juwan Johnson,8174,7002,628,773,-145,11.2,111.2,-100
2022,RB,TE,RB_vs_TE,Kevin Harris,Kylen Granson,8174,7602,628,502,126,11.2,45.7,-34.5
2022,RB,TE,RB_vs_TE,Kevin Harris,John Bates,8174,7716,628,492,136,11.2,23.8,-12.6
2022,RB,TE,RB_vs_TE,Kevin Harris,Taysom Hill,8174,4381,628,460,168,11.2,138.3,-127.1
2022,RB,TE,RB_vs_TE,Kevin Harris,Ian Thomas,8174,4995,628,453,175,11.2,30.2,-19
2022,RB,TE,RB_vs_TE,Justice Hill,Juwan Johnson,5995,7002,612,773,-161,26.6,111.2,-84.6
2022,RB,TE,RB_vs_TE,Justice Hill,Kylen Granson,5995,7602,612,502,110,26.6,45.7,-19.1
2022,RB,TE,RB_vs_TE,Justice Hill,John Bates,5995,7716,612,492,120,26.6,23.8,2.8
2022,RB,TE,RB_vs_TE,Justice Hill,Taysom Hill,5995,4381,612,460,152,26.6,138.3,-111.7
2022,RB,TE,RB_vs_TE,Justice Hill,Ian Thomas,5995,4995,612,453,159,26.6,30.2,-3.6
2022,RB,TE,RB_vs_TE,Justice Hill,Drew Sample,5995,6001,612,422,190,26.6,0.8,25.8
2022,RB,TE,RB_vs_TE,Jordan Mason,Kylen Granson,8408,7602,560,502,58,29,45.7,-16.7
2022,RB,TE,RB_vs_TE,Jordan Mason,John Bates,8408,7716,560,492,68,29,23.8,5.2
2022,RB,TE,RB_vs_TE,Jordan Mason,Taysom Hill,8408,4381,560,460,100,29,138.3,-109.3
2022,RB,TE,RB_vs_TE,Jordan Mason,Ian Thomas,8408,4995,560,453,107,29,30.2,-1.2
2022,RB,TE,RB_vs_TE,Jordan Mason,Drew Sample,8408,6001,560,422,138,29,0.8,28.2
2022,RB,TE,RB_vs_TE,Trayveon Williams,Kylen Granson,6144,7602,488,502,-14,6,45.7,-39.7
2022,RB,TE,RB_vs_TE,Trayveon Williams,John Bates,6144,7716,488,492,-4,6,23.8,-17.8
2022,RB,TE,RB_vs_TE,Trayveon Williams,Taysom Hill,6144,4381,488,460,28,6,138.3,-132.3
2022,RB,TE,RB_vs_TE,Trayveon Williams,Ian Thomas,6144,4995,488,453,35,6,30.2,-24.2
2022,RB,TE,RB_vs_TE,Trayveon Williams,Drew Sample,6144,6001,488,422,66,6,0.8,5.2
2022,RB,TE,RB_vs_TE,Trayveon Williams,Will Dissly,6144,5010,488,332,156,6,69.9,-63.9
2022,RB,TE,RB_vs_TE,Ty Johnson,Kylen Granson,6039,7602,462,502,-40,28.3,45.7,-17.4
2022,RB,TE,RB_vs_TE,Ty Johnson,John Bates,6039,7716,462,492,-30,28.3,23.8,4.5
2022,RB,TE,RB_vs_TE,Ty Johnson,Taysom Hill,6039,4381,462,460,2,28.3,138.3,-110
2022,RB,TE,RB_vs_TE,Ty Johnson,Ian Thomas,6039,4995,462,453,9,28.3,30.2,-1.9
2022,RB,TE,RB_vs_TE,Ty Johnson,Drew Sample,6039,6001,462,422,40,28.3,0.8,27.5
2022,RB,TE,RB_vs_TE,Ty Johnson,Will Dissly,6039,5010,462,332,130,28.3,69.9,-41.6
2022,RB,TE,RB_vs_TE,Salvon Ahmed,Kylen Granson,6918,7602,458,502,-44,12.5,45.7,-33.2
2022,RB,TE,RB_vs_TE,Salvon Ahmed,John Bates,6918,7716,458,492,-34,12.5,23.8,-11.3
2022,RB,TE,RB_vs_TE,Salvon Ahmed,Taysom Hill,6918,4381,458,460,-2,12.5,138.3,-125.8
2022,RB,TE,RB_vs_TE,Salvon Ahmed,Ian Thomas,6918,4995,458,453,5,12.5,30.2,-17.7
2022,RB,TE,RB_vs_TE,Salvon Ahmed,Drew Sample,6918,6001,458,422,36,12.5,0.8,11.7
2022,RB,TE,RB_vs_TE,Salvon Ahmed,Will Dissly,6918,5010,458,332,126,12.5,69.9,-57.4
2022,RB,TE,RB_vs_TE,Zonovan Knight,Kylen Granson,8122,7602,339,502,-163,43.8,45.7,-1.9
2022,RB,TE,RB_vs_TE,Zonovan Knight,John Bates,8122,7716,339,492,-153,43.8,23.8,20
2022,RB,TE,RB_vs_TE,Zonovan Knight,Taysom Hill,8122,4381,339,460,-121,43.8,138.3,-94.5
2022,RB,TE,RB_vs_TE,Zonovan Knight,Ian Thomas,8122,4995,339,453,-114,43.8,30.2,13.6
2022,RB,TE,RB_vs_TE,Zonovan Knight,Drew Sample,8122,6001,339,422,-83,43.8,0.8,43
2022,RB,TE,RB_vs_TE,Zonovan Knight,Will Dissly,8122,5010,339,332,7,43.8,69.9,-26.1
2022,RB,TE,RB_vs_TE,Zonovan Knight,Josh Oliver,8122,5973,339,148,191,43.8,33.9,9.9
2022,WR,TE,WR_vs_TE,CeeDee Lamb,Mark Andrews,6786,5012,6443,6461,-18,183.4,154,29.4
2022,WR,TE,WR_vs_TE,Davante Adams,Travis Kelce,2133,1466,5322,5150,172,228.2,254.5,-26.3
2022,WR,TE,WR_vs_TE,DK Metcalf,Travis Kelce,5846,1466,5087,5150,-63,132.8,254.5,-121.7
2022,WR,TE,WR_vs_TE,DK Metcalf,George Kittle,5846,4217,5087,4920,167,132.8,153.6,-20.8
2022,WR,TE,WR_vs_TE,Drake London,Travis Kelce,8112,1466,4972,5150,-178,94.6,254.5,-159.9
2022,WR,TE,WR_vs_TE,Drake London,George Kittle,8112,4217,4972,4920,52,94.6,153.6,-59
2022,WR,TE,WR_vs_TE,D.J. Moore,Travis Kelce,4983,1466,4961,5150,-189,135.1,254.5,-119.4
2022,WR,TE,WR_vs_TE,D.J. Moore,George Kittle,4983,4217,4961,4920,41,135.1,153.6,-18.5
2022,WR,TE,WR_vs_TE,Tyreek Hill,George Kittle,3321,4217,4932,4920,12,225.9,153.6,72.3
2022,WR,TE,WR_vs_TE,Courtland Sutton,T.J. Hockenson,5045,5844,4697,4612,85,86.1,170.3,-84.2
2022,WR,TE,WR_vs_TE,Chris Olave,T.J. Hockenson,8144,5844,4631,4612,19,116.2,170.3,-54.1
2022,WR,TE,WR_vs_TE,Rashod Bateman,T.J. Hockenson,7571,5844,4618,4612,6,38.5,170.3,-131.8
2022,WR,TE,WR_vs_TE,Rashod Bateman,Darren Waller,7571,2505,4618,4425,193,38.5,66.3,-27.8
2022,WR,TE,WR_vs_TE,Diontae Johnson,T.J. Hockenson,5937,5844,4608,4612,-4,88.9,170.3,-81.4
2022,WR,TE,WR_vs_TE,Diontae Johnson,Darren Waller,5937,2505,4608,4425,183,88.9,66.3,22.6
2022,WR,TE,WR_vs_TE,Elijah Moore,T.J. Hockenson,7596,5844,4598,4612,-14,50,170.3,-120.3
2022,WR,TE,WR_vs_TE,Elijah Moore,Darren Waller,7596,2505,4598,4425,173,50,66.3,-16.3
2022,WR,TE,WR_vs_TE,Chris Godwin,T.J. Hockenson,4037,5844,4591,4612,-21,115.3,170.3,-55
2022,WR,TE,WR_vs_TE,Chris Godwin,Darren Waller,4037,2505,4591,4425,166,115.3,66.3,49
2022,WR,TE,WR_vs_TE,DeVonta Smith,T.J. Hockenson,7525,5844,4562,4612,-50,152.9,170.3,-17.4
2022,WR,TE,WR_vs_TE,DeVonta Smith,Darren Waller,7525,2505,4562,4425,137,152.9,66.3,86.6
2022,WR,TE,WR_vs_TE,Jameson Williams,T.J. Hockenson,8148,5844,4551,4612,-61,14.1,170.3,-156.2
2022,WR,TE,WR_vs_TE,Jameson Williams,Darren Waller,8148,2505,4551,4425,126,14.1,66.3,-52.2
2022,WR,TE,WR_vs_TE,Terry McLaurin,T.J. Hockenson,5927,5844,4545,4612,-67,138.6,170.3,-31.7
2022,WR,TE,WR_vs_TE,Terry McLaurin,Darren Waller,5927,2505,4545,4425,120,138.6,66.3,72.3
2022,WR,TE,WR_vs_TE,Mike Evans,T.J. Hockenson,2216,5844,4534,4612,-78,148.4,170.3,-21.9
2022,WR,TE,WR_vs_TE,Mike Evans,Darren Waller,2216,2505,4534,4425,109,148.4,66.3,82.1
2022,WR,TE,WR_vs_TE,Marquise Brown,T.J. Hockenson,5848,5844,4522,4612,-90,88.3,170.3,-82
2022,WR,TE,WR_vs_TE,Marquise Brown,Darren Waller,5848,2505,4522,4425,97,88.3,66.3,22
2022,WR,TE,WR_vs_TE,Amon-Ra St. Brown,T.J. Hockenson,7547,5844,4517,4612,-95,156.7,170.3,-13.6
2022,WR,TE,WR_vs_TE,Amon-Ra St. Brown,Darren Waller,7547,2505,4517,4425,92,156.7,66.3,90.4
2022,WR,TE,WR_vs_TE,Mike Williams,T.J. Hockenson,4068,5844,4495,4612,-117,110.3,170.3,-60
2022,WR,TE,WR_vs_TE,Mike Williams,Darren Waller,4068,2505,4495,4425,70,110.3,66.3,44
2022,WR,TE,WR_vs_TE,George Pickens,T.J. Hockenson,8137,5844,4489,4612,-123,101.3,170.3,-69
2022,WR,TE,WR_vs_TE,George Pickens,Darren Waller,8137,2505,4489,4425,64,101.3,66.3,35
2022,WR,TE,WR_vs_TE,Jerry Jeudy,T.J. Hockenson,6783,5844,4423,4612,-189,117.9,170.3,-52.4
2022,WR,TE,WR_vs_TE,Jerry Jeudy,Darren Waller,6783,2505,4423,4425,-2,117.9,66.3,51.6
2022,WR,TE,WR_vs_TE,Garrett Wilson,Darren Waller,8146,2505,4385,4425,-40,123.8,66.3,57.5
2022,WR,TE,WR_vs_TE,Gabriel Davis,Darren Waller,6943,2505,4380,4425,-45,119.7,66.3,53.4
2022,WR,TE,WR_vs_TE,Treylon Burks,Darren Waller,8135,2505,4353,4425,-72,59.2,66.3,-7.1
2022,WR,TE,WR_vs_TE,Darnell Mooney,Darren Waller,7090,2505,4324,4425,-101,61.5,66.3,-4.8
2022,WR,TE,WR_vs_TE,Brandon Aiyuk,Dalton Schultz,6803,5001,4132,4008,124,143.9,108.9,35
2022,WR,TE,WR_vs_TE,Keenan Allen,Dalton Schultz,1479,5001,4103,4008,95,75.8,108.9,-33.1
2022,WR,TE,WR_vs_TE,Keenan Allen,Pat Freiermuth,1479,7600,4103,3928,175,75.8,116.7,-40.9
2022,WR,TE,WR_vs_TE,JuJu Smith-Schuster,Dalton Schultz,4040,5001,3929,4008,-79,103.8,108.9,-5.1
2022,WR,TE,WR_vs_TE,JuJu Smith-Schuster,Pat Freiermuth,4040,7600,3929,3928,1,103.8,116.7,-12.9
2022,WR,TE,WR_vs_TE,JuJu Smith-Schuster,Dallas Goedert,4040,5022,3929,3794,135,103.8,106.1,-2.3
2022,WR,TE,WR_vs_TE,Skyy Moore,Dalton Schultz,8168,5001,3843,4008,-165,21.4,108.9,-87.5
2022,WR,TE,WR_vs_TE,Skyy Moore,Pat Freiermuth,8168,7600,3843,3928,-85,21.4,116.7,-95.3
2022,WR,TE,WR_vs_TE,Skyy Moore,Dallas Goedert,8168,5022,3843,3794,49,21.4,106.1,-84.7
2022,WR,TE,WR_vs_TE,Jahan Dotson,Dallas Goedert,8119,5022,3712,3794,-82,88.4,106.1,-17.7
2022,WR,TE,WR_vs_TE,Jahan Dotson,Cole Kmet,8119,6826,3712,3546,166,88.4,108.6,-20.2
2022,WR,TE,WR_vs_TE,Hunter Renfrow,Dallas Goedert,5955,5022,3607,3794,-187,30.7,106.1,-75.4
2022,WR,TE,WR_vs_TE,Hunter Renfrow,Cole Kmet,5955,6826,3607,3546,61,30.7,108.6,-77.9
2022,WR,TE,WR_vs_TE,Brandin Cooks,Cole Kmet,2197,6826,3555,3546,9,72,108.6,-36.6
2022,WR,TE,WR_vs_TE,Christian Kirk,Cole Kmet,4950,6826,3512,3546,-34,142,108.6,33.4
2022,WR,TE,WR_vs_TE,Christian Kirk,Dawson Knox,4950,5906,3512,3312,200,142,103.4,38.6
2022,WR,TE,WR_vs_TE,Kadarius Toney,Cole Kmet,7606,6826,3433,3546,-113,30.9,108.6,-77.7
2022,WR,TE,WR_vs_TE,Kadarius Toney,Dawson Knox,7606,5906,3433,3312,121,30.9,103.4,-72.5
2022,WR,TE,WR_vs_TE,Amari Cooper,Dawson Knox,2309,5906,3181,3312,-131,162.9,103.4,59.5
2022,WR,TE,WR_vs_TE,DeAndre Hopkins,Dawson Knox,1426,5906,3162,3312,-150,87.7,103.4,-15.7
2022,WR,TE,WR_vs_TE,Michael Thomas,Dawson Knox,3199,5906,3142,3312,-170,35.1,103.4,-68.3
2022,WR,TE,WR_vs_TE,Christian Watson,Dawson Knox,8167,5906,3117,3312,-195,111.5,103.4,8.1
2022,WR,TE,WR_vs_TE,Rondale Moore,Trey McBride,7601,8130,2897,2793,104,46.9,41.4,5.5
2022,WR,TE,WR_vs_TE,Rondale Moore,Isaiah Likely,7601,8131,2897,2748,149,46.9,59,-12.1
2022,WR,TE,WR_vs_TE,Rondale Moore,Noah Fant,7601,5857,2897,2697,200,46.9,93.6,-46.7
2022,WR,TE,WR_vs_TE,Alec Pierce,Trey McBride,8142,8130,2882,2793,89,67.1,41.4,25.7
2022,WR,TE,WR_vs_TE,Alec Pierce,Isaiah Likely,8142,8131,2882,2748,134,67.1,59,8.1
2022,WR,TE,WR_vs_TE,Alec Pierce,Noah Fant,8142,5857,2882,2697,185,67.1,93.6,-26.5
2022,WR,TE,WR_vs_TE,Alec Pierce,David Njoku,8142,4033,2882,2696,186,67.1,100.8,-33.7
2022,WR,TE,WR_vs_TE,Michael Gallup,Trey McBride,5038,8130,2854,2793,61,65.4,41.4,24
2022,WR,TE,WR_vs_TE,Michael Gallup,Isaiah Likely,5038,8131,2854,2748,106,65.4,59,6.4
2022,WR,TE,WR_vs_TE,Michael Gallup,Noah Fant,5038,5857,2854,2697,157,65.4,93.6,-28.2
2022,WR,TE,WR_vs_TE,Michael Gallup,David Njoku,5038,4033,2854,2696,158,65.4,100.8,-35.4
2022,WR,TE,WR_vs_TE,Romeo Doubs,Trey McBride,8121,8130,2800,2793,7,59.6,41.4,18.2
2022,WR,TE,WR_vs_TE,Romeo Doubs,Isaiah Likely,8121,8131,2800,2748,52,59.6,59,0.6
2022,WR,TE,WR_vs_TE,Romeo Doubs,Noah Fant,8121,5857,2800,2697,103,59.6,93.6,-34
2022,WR,TE,WR_vs_TE,Romeo Doubs,David Njoku,8121,4033,2800,2696,104,59.6,100.8,-41.2
2022,WR,TE,WR_vs_TE,Romeo Doubs,Zach Ertz,8121,1339,2800,2609,191,59.6,92.1,-32.5
2022,WR,TE,WR_vs_TE,Wan'Dale Robinson,Trey McBride,8126,8130,2790,2793,-3,28.6,41.4,-12.8
2022,WR,TE,WR_vs_TE,Wan'Dale Robinson,Isaiah Likely,8126,8131,2790,2748,42,28.6,59,-30.4
2022,WR,TE,WR_vs_TE,Wan'Dale Robinson,Noah Fant,8126,5857,2790,2697,93,28.6,93.6,-65
2022,WR,TE,WR_vs_TE,Wan'Dale Robinson,David Njoku,8126,4033,2790,2696,94,28.6,100.8,-72.2
2022,WR,TE,WR_vs_TE,Wan'Dale Robinson,Zach Ertz,8126,1339,2790,2609,181,28.6,92.1,-63.5
2022,WR,TE,WR_vs_TE,Adam Thielen,Trey McBride,1689,8130,2601,2793,-192,102.8,41.4,61.4
2022,WR,TE,WR_vs_TE,Adam Thielen,Isaiah Likely,1689,8131,2601,2748,-147,102.8,59,43.8
2022,WR,TE,WR_vs_TE,Adam Thielen,Noah Fant,1689,5857,2601,2697,-96,102.8,93.6,9.2
2022,WR,TE,WR_vs_TE,Adam Thielen,David Njoku,1689,4033,2601,2696,-95,102.8,100.8,2
2022,WR,TE,WR_vs_TE,Adam Thielen,Zach Ertz,1689,1339,2601,2609,-8,102.8,92.1,10.7
2022,WR,TE,WR_vs_TE,Adam Thielen,Mike Gesicki,1689,4993,2601,2574,27,102.8,75.6,27.2
2022,WR,TE,WR_vs_TE,Adam Thielen,Irv Smith,1689,6126,2601,2422,179,102.8,39.8,63
2022,WR,TE,WR_vs_TE,Jalen Tolbert,Isaiah Likely,8117,8131,2575,2748,-173,1.2,59,-57.8
2022,WR,TE,WR_vs_TE,Jalen Tolbert,Noah Fant,8117,5857,2575,2697,-122,1.2,93.6,-92.4
2022,WR,TE,WR_vs_TE,Jalen Tolbert,David Njoku,8117,4033,2575,2696,-121,1.2,100.8,-99.6
2022,WR,TE,WR_vs_TE,Jalen Tolbert,Zach Ertz,8117,1339,2575,2609,-34,1.2,92.1,-90.9
2022,WR,TE,WR_vs_TE,Jalen Tolbert,Mike Gesicki,8117,4993,2575,2574,1,1.2,75.6,-74.4
2022,WR,TE,WR_vs_TE,Jalen Tolbert,Irv Smith,8117,6126,2575,2422,153,1.2,39.8,-38.6
2022,WR,TE,WR_vs_TE,Josh Palmer,Isaiah Likely,7670,8131,2566,2748,-182,91.4,59,32.4
2022,WR,TE,WR_vs_TE,Josh Palmer,Noah Fant,7670,5857,2566,2697,-131,91.4,93.6,-2.2
2022,WR,TE,WR_vs_TE,Josh Palmer,David Njoku,7670,4033,2566,2696,-130,91.4,100.8,-9.4
2022,WR,TE,WR_vs_TE,Josh Palmer,Zach Ertz,7670,1339,2566,2609,-43,91.4,92.1,-0.7
2022,WR,TE,WR_vs_TE,Josh Palmer,Mike Gesicki,7670,4993,2566,2574,-8,91.4,75.6,15.8
2022,WR,TE,WR_vs_TE,Josh Palmer,Irv Smith,7670,6126,2566,2422,144,91.4,39.8,51.6
2022,WR,TE,WR_vs_TE,Nico Collins,Noah Fant,7569,5857,2511,2697,-186,60.1,93.6,-33.5
2022,WR,TE,WR_vs_TE,Nico Collins,David Njoku,7569,4033,2511,2696,-185,60.1,100.8,-40.7
2022,WR,TE,WR_vs_TE,Nico Collins,Zach Ertz,7569,1339,2511,2609,-98,60.1,92.1,-32
2022,WR,TE,WR_vs_TE,Nico Collins,Mike Gesicki,7569,4993,2511,2574,-63,60.1,75.6,-15.5
2022,WR,TE,WR_vs_TE,Nico Collins,Irv Smith,7569,6126,2511,2422,89,60.1,39.8,20.3
2022,WR,TE,WR_vs_TE,Nico Collins,Albert Okwuegbunam,7569,6843,2511,2322,189,60.1,20.5,39.6
2022,WR,TE,WR_vs_TE,David Bell,Zach Ertz,8118,1339,2426,2609,-183,21.4,92.1,-70.7
2022,WR,TE,WR_vs_TE,David Bell,Mike Gesicki,8118,4993,2426,2574,-148,21.4,75.6,-54.2
2022,WR,TE,WR_vs_TE,David Bell,Irv Smith,8118,6126,2426,2422,4,21.4,39.8,-18.4
2022,WR,TE,WR_vs_TE,David Bell,Albert Okwuegbunam,8118,6843,2426,2322,104,21.4,20.5,0.9
2022,WR,TE,WR_vs_TE,Tyler Lockett,Mike Gesicki,2374,4993,2407,2574,-167,141.9,75.6,66.3
2022,WR,TE,WR_vs_TE,Tyler Lockett,Irv Smith,2374,6126,2407,2422,-15,141.9,39.8,102.1
2022,WR,TE,WR_vs_TE,Tyler Lockett,Albert Okwuegbunam,2374,6843,2407,2322,85,141.9,20.5,121.4
2022,WR,TE,WR_vs_TE,Tyler Boyd,Irv Smith,3225,6126,2370,2422,-52,111.4,39.8,71.6
2022,WR,TE,WR_vs_TE,Tyler Boyd,Albert Okwuegbunam,3225,6843,2370,2322,48,111.4,20.5,90.9
2022,WR,TE,WR_vs_TE,Robert Woods,Irv Smith,1352,6126,2342,2422,-80,58.7,39.8,18.9
2022,WR,TE,WR_vs_TE,Robert Woods,Albert Okwuegbunam,1352,6843,2342,2322,20,58.7,20.5,38.2
2022,WR,TE,WR_vs_TE,Robert Woods,Hunter Henry,1352,3214,2342,2153,189,58.7,76.2,-17.5
2022,WR,TE,WR_vs_TE,Jakobi Meyers,Irv Smith,5947,6126,2302,2422,-120,104.1,39.8,64.3
2022,WR,TE,WR_vs_TE,Jakobi Meyers,Albert Okwuegbunam,5947,6843,2302,2322,-20,104.1,20.5,83.6
2022,WR,TE,WR_vs_TE,Jakobi Meyers,Hunter Henry,5947,3214,2302,2153,149,104.1,76.2,27.9
2022,WR,TE,WR_vs_TE,D.J. Chark,Albert Okwuegbunam,4951,6843,2221,2322,-101,66.8,20.5,46.3
2022,WR,TE,WR_vs_TE,D.J. Chark,Hunter Henry,4951,3214,2221,2153,68,66.8,76.2,-9.4
2022,WR,TE,WR_vs_TE,D.J. Chark,Brevin Jordan,4951,7568,2221,2045,176,66.8,19.8,47
2022,WR,TE,WR_vs_TE,K.J. Osborn,Albert Okwuegbunam,7066,6843,2186,2322,-136,83.9,20.5,63.4
2022,WR,TE,WR_vs_TE,K.J. Osborn,Hunter Henry,7066,3214,2186,2153,33,83.9,76.2,7.7
2022,WR,TE,WR_vs_TE,K.J. Osborn,Brevin Jordan,7066,7568,2186,2045,141,83.9,19.8,64.1
2022,WR,TE,WR_vs_TE,Isaiah McKenzie,Albert Okwuegbunam,4197,6843,2146,2322,-176,75.9,20.5,55.4
2022,WR,TE,WR_vs_TE,Isaiah McKenzie,Hunter Henry,4197,3214,2146,2153,-7,75.9,76.2,-0.3
2022,WR,TE,WR_vs_TE,Isaiah McKenzie,Brevin Jordan,4197,7568,2146,2045,101,75.9,19.8,56.1
2022,WR,TE,WR_vs_TE,KJ Hamler,Albert Okwuegbunam,6805,6843,2141,2322,-181,18.8,20.5,-1.7
2022,WR,TE,WR_vs_TE,KJ Hamler,Hunter Henry,6805,3214,2141,2153,-12,18.8,76.2,-57.4
2022,WR,TE,WR_vs_TE,KJ Hamler,Brevin Jordan,6805,7568,2141,2045,96,18.8,19.8,-1
2022,WR,TE,WR_vs_TE,Marquez Valdes-Scantling,Albert Okwuegbunam,5086,6843,2124,2322,-198,77.7,20.5,57.2
2022,WR,TE,WR_vs_TE,Marquez Valdes-Scantling,Hunter Henry,5086,3214,2124,2153,-29,77.7,76.2,1.5
2022,WR,TE,WR_vs_TE,Marquez Valdes-Scantling,Brevin Jordan,5086,7568,2124,2045,79,77.7,19.8,57.9
2022,WR,TE,WR_vs_TE,Tyquan Thornton,Greg Dulcich,8188,8172,1831,1868,-37,43,69.6,-26.6
2022,WR,TE,WR_vs_TE,Tyquan Thornton,Tyler Higbee,8188,3271,1831,1823,8,43,110.7,-67.7
2022,WR,TE,WR_vs_TE,Tyquan Thornton,Daniel Bellinger,8188,8225,1831,1773,58,43,60,-17
2022,WR,TE,WR_vs_TE,Tyquan Thornton,Evan Engram,8188,4066,1831,1729,102,43,135.7,-92.7
2022,WR,TE,WR_vs_TE,Mecole Hardman,Greg Dulcich,5917,8172,1782,1868,-86,68.8,69.6,-0.8
2022,WR,TE,WR_vs_TE,Mecole Hardman,Tyler Higbee,5917,3271,1782,1823,-41,68.8,110.7,-41.9
2022,WR,TE,WR_vs_TE,Mecole Hardman,Daniel Bellinger,5917,8225,1782,1773,9,68.8,60,8.8
2022,WR,TE,WR_vs_TE,Mecole Hardman,Evan Engram,5917,4066,1782,1729,53,68.8,135.7,-66.9
2022,WR,TE,WR_vs_TE,Donovan Peoples-Jones,Greg Dulcich,6824,8172,1772,1868,-96,101.9,69.6,32.3
2022,WR,TE,WR_vs_TE,Donovan Peoples-Jones,Tyler Higbee,6824,3271,1772,1823,-51,101.9,110.7,-8.8
2022,WR,TE,WR_vs_TE,Donovan Peoples-Jones,Daniel Bellinger,6824,8225,1772,1773,-1,101.9,60,41.9
2022,WR,TE,WR_vs_TE,Donovan Peoples-Jones,Evan Engram,6824,4066,1772,1729,43,101.9,135.7,-33.8
2022,WR,TE,WR_vs_TE,Khalil Shakir,Greg Dulcich,8134,8172,1762,1868,-106,21.3,69.6,-48.3
2022,WR,TE,WR_vs_TE,Khalil Shakir,Tyler Higbee,8134,3271,1762,1823,-61,21.3,110.7,-89.4
2022,WR,TE,WR_vs_TE,Khalil Shakir,Daniel Bellinger,8134,8225,1762,1773,-11,21.3,60,-38.7
2022,WR,TE,WR_vs_TE,Khalil Shakir,Evan Engram,8134,4066,1762,1729,33,21.3,135.7,-114.4
2022,WR,TE,WR_vs_TE,Van Jefferson,Greg Dulcich,6853,8172,1734,1868,-134,48.8,69.6,-20.8
2022,WR,TE,WR_vs_TE,Van Jefferson,Tyler Higbee,6853,3271,1734,1823,-89,48.8,110.7,-61.9
2022,WR,TE,WR_vs_TE,Van Jefferson,Daniel Bellinger,6853,8225,1734,1773,-39,48.8,60,-11.2
2022,WR,TE,WR_vs_TE,Van Jefferson,Evan Engram,6853,4066,1734,1729,5,48.8,135.7,-86.9
2022,WR,TE,WR_vs_TE,Van Jefferson,Cade Otton,6853,8111,1734,1544,190,48.8,71.1,-22.3
2022,WR,TE,WR_vs_TE,Parris Campbell,Greg Dulcich,5880,8172,1702,1868,-166,79.3,69.6,9.7
2022,WR,TE,WR_vs_TE,Parris Campbell,Tyler Higbee,5880,3271,1702,1823,-121,79.3,110.7,-31.4
2022,WR,TE,WR_vs_TE,Parris Campbell,Daniel Bellinger,5880,8225,1702,1773,-71,79.3,60,19.3
2022,WR,TE,WR_vs_TE,Parris Campbell,Evan Engram,5880,4066,1702,1729,-27,79.3,135.7,-56.4
2022,WR,TE,WR_vs_TE,Parris Campbell,Cade Otton,5880,8111,1702,1544,158,79.3,71.1,8.2
2022,WR,TE,WR_vs_TE,DeVante Parker,Greg Dulcich,2319,8172,1688,1868,-180,52,69.6,-17.6
2022,WR,TE,WR_vs_TE,DeVante Parker,Tyler Higbee,2319,3271,1688,1823,-135,52,110.7,-58.7
2022,WR,TE,WR_vs_TE,DeVante Parker,Daniel Bellinger,2319,8225,1688,1773,-85,52,60,-8
2022,WR,TE,WR_vs_TE,DeVante Parker,Evan Engram,2319,4066,1688,1729,-41,52,135.7,-83.7
2022,WR,TE,WR_vs_TE,DeVante Parker,Cade Otton,2319,8111,1688,1544,144,52,71.1,-19.1
2022,WR,TE,WR_vs_TE,Devin Duvernay,Cade Otton,6847,8111,1474,1544,-70,79.1,71.1,8
2022,WR,TE,WR_vs_TE,Devin Duvernay,Austin Hooper,6847,3202,1474,1454,20,79.1,71.1,8
2022,WR,TE,WR_vs_TE,Devin Duvernay,Jonnu Smith,6847,4144,1474,1453,21,79.1,38.5,40.6
2022,WR,TE,WR_vs_TE,Devin Duvernay,Jelani Woods,6847,8219,1474,1446,28,79.1,60.3,18.8
2022,WR,TE,WR_vs_TE,Devin Duvernay,Tommy Tremble,6847,7694,1474,1409,65,79.1,42.2,36.9
2022,WR,TE,WR_vs_TE,Devin Duvernay,Gerald Everett,6847,4089,1474,1357,117,79.1,102.2,-23.1
2022,WR,TE,WR_vs_TE,Devin Duvernay,Hayden Hurst,6847,4973,1474,1285,189,79.1,79.5,-0.4
2022,WR,TE,WR_vs_TE,Laviska Shenault,Cade Otton,6814,8111,1415,1544,-129,44.8,71.1,-26.3
2022,WR,TE,WR_vs_TE,Laviska Shenault,Austin Hooper,6814,3202,1415,1454,-39,44.8,71.1,-26.3
2022,WR,TE,WR_vs_TE,Laviska Shenault,Jonnu Smith,6814,4144,1415,1453,-38,44.8,38.5,6.3
2022,WR,TE,WR_vs_TE,Laviska Shenault,Jelani Woods,6814,8219,1415,1446,-31,44.8,60.3,-15.5
2022,WR,TE,WR_vs_TE,Laviska Shenault,Tommy Tremble,6814,7694,1415,1409,6,44.8,42.2,2.6
2022,WR,TE,WR_vs_TE,Laviska Shenault,Gerald Everett,6814,4089,1415,1357,58,44.8,102.2,-57.4
2022,WR,TE,WR_vs_TE,Laviska Shenault,Hayden Hurst,6814,4973,1415,1285,130,44.8,79.5,-34.7
2022,WR,TE,WR_vs_TE,Laviska Shenault,Donald Parham,6814,6074,1415,1244,171,44.8,19.9,24.9
2022,WR,TE,WR_vs_TE,Laviska Shenault,Tyler Conklin,6814,5133,1415,1225,190,44.8,100.2,-55.4
2022,WR,TE,WR_vs_TE,Terrace Marshall,Cade Otton,7565,8111,1387,1544,-157,52.7,71.1,-18.4
2022,WR,TE,WR_vs_TE,Terrace Marshall,Austin Hooper,7565,3202,1387,1454,-67,52.7,71.1,-18.4
2022,WR,TE,WR_vs_TE,Terrace Marshall,Jonnu Smith,7565,4144,1387,1453,-66,52.7,38.5,14.2
2022,WR,TE,WR_vs_TE,Terrace Marshall,Jelani Woods,7565,8219,1387,1446,-59,52.7,60.3,-7.6
2022,WR,TE,WR_vs_TE,Terrace Marshall,Tommy Tremble,7565,7694,1387,1409,-22,52.7,42.2,10.5
2022,WR,TE,WR_vs_TE,Terrace Marshall,Gerald Everett,7565,4089,1387,1357,30,52.7,102.2,-49.5
2022,WR,TE,WR_vs_TE,Terrace Marshall,Hayden Hurst,7565,4973,1387,1285,102,52.7,79.5,-26.8
2022,WR,TE,WR_vs_TE,Terrace Marshall,Donald Parham,7565,6074,1387,1244,143,52.7,19.9,32.8
2022,WR,TE,WR_vs_TE,Terrace Marshall,Tyler Conklin,7565,5133,1387,1225,162,52.7,100.2,-47.5
2022,WR,TE,WR_vs_TE,Terrace Marshall,Noah Gray,7565,7828,1387,1200,187,52.7,54.1,-1.4
2022,WR,TE,WR_vs_TE,Curtis Samuel,Cade Otton,4082,8111,1372,1544,-172,112.9,71.1,41.8
2022,WR,TE,WR_vs_TE,Curtis Samuel,Austin Hooper,4082,3202,1372,1454,-82,112.9,71.1,41.8
2022,WR,TE,WR_vs_TE,Curtis Samuel,Jonnu Smith,4082,4144,1372,1453,-81,112.9,38.5,74.4
2022,WR,TE,WR_vs_TE,Curtis Samuel,Jelani Woods,4082,8219,1372,1446,-74,112.9,60.3,52.6
2022,WR,TE,WR_vs_TE,Curtis Samuel,Tommy Tremble,4082,7694,1372,1409,-37,112.9,42.2,70.7
2022,WR,TE,WR_vs_TE,Curtis Samuel,Gerald Everett,4082,4089,1372,1357,15,112.9,102.2,10.7
2022,WR,TE,WR_vs_TE,Curtis Samuel,Hayden Hurst,4082,4973,1372,1285,87,112.9,79.5,33.4
2022,WR,TE,WR_vs_TE,Curtis Samuel,Donald Parham,4082,6074,1372,1244,128,112.9,19.9,93
2022,WR,TE,WR_vs_TE,Curtis Samuel,Tyler Conklin,4082,5133,1372,1225,147,112.9,100.2,12.7
2022,WR,TE,WR_vs_TE,Curtis Samuel,Noah Gray,4082,7828,1372,1200,172,112.9,54.1,58.8
2022,WR,TE,WR_vs_TE,Curtis Samuel,Harrison Bryant,4082,6850,1372,1179,193,112.9,43.2,69.7
2022,WR,TE,WR_vs_TE,Curtis Samuel,Chigoziem Okonkwo,4082,8210,1372,1178,194,112.9,69.5,43.4
2022,WR,TE,WR_vs_TE,Zay Jones,Cade Otton,4080,8111,1354,1544,-190,114,71.1,42.9
2022,WR,TE,WR_vs_TE,Zay Jones,Austin Hooper,4080,3202,1354,1454,-100,114,71.1,42.9
2022,WR,TE,WR_vs_TE,Zay Jones,Jonnu Smith,4080,4144,1354,1453,-99,114,38.5,75.5
2022,WR,TE,WR_vs_TE,Zay Jones,Jelani Woods,4080,8219,1354,1446,-92,114,60.3,53.7
2022,WR,TE,WR_vs_TE,Zay Jones,Tommy Tremble,4080,7694,1354,1409,-55,114,42.2,71.8
2022,WR,TE,WR_vs_TE,Zay Jones,Gerald Everett,4080,4089,1354,1357,-3,114,102.2,11.8
2022,WR,TE,WR_vs_TE,Zay Jones,Hayden Hurst,4080,4973,1354,1285,69,114,79.5,34.5
2022,WR,TE,WR_vs_TE,Zay Jones,Donald Parham,4080,6074,1354,1244,110,114,19.9,94.1
2022,WR,TE,WR_vs_TE,Zay Jones,Tyler Conklin,4080,5133,1354,1225,129,114,100.2,13.8
2022,WR,TE,WR_vs_TE,Zay Jones,Noah Gray,4080,7828,1354,1200,154,114,54.1,59.9
2022,WR,TE,WR_vs_TE,Zay Jones,Harrison Bryant,4080,6850,1354,1179,175,114,43.2,70.8
2022,WR,TE,WR_vs_TE,Zay Jones,Chigoziem Okonkwo,4080,8210,1354,1178,176,114,69.5,44.5
2022,WR,TE,WR_vs_TE,Nick Westbrook-Ikhine,Austin Hooper,7496,3202,1300,1454,-154,57.7,71.1,-13.4
2022,WR,TE,WR_vs_TE,Nick Westbrook-Ikhine,Jonnu Smith,7496,4144,1300,1453,-153,57.7,38.5,19.2
2022,WR,TE,WR_vs_TE,Nick Westbrook-Ikhine,Jelani Woods,7496,8219,1300,1446,-146,57.7,60.3,-2.6
2022,WR,TE,WR_vs_TE,Nick Westbrook-Ikhine,Tommy Tremble,7496,7694,1300,1409,-109,57.7,42.2,15.5
2022,WR,TE,WR_vs_TE,Nick Westbrook-Ikhine,Gerald Everett,7496,4089,1300,1357,-57,57.7,102.2,-44.5
2022,WR,TE,WR_vs_TE,Nick Westbrook-Ikhine,Hayden Hurst,7496,4973,1300,1285,15,57.7,79.5,-21.8
2022,WR,TE,WR_vs_TE,Nick Westbrook-Ikhine,Donald Parham,7496,6074,1300,1244,56,57.7,19.9,37.8
2022,WR,TE,WR_vs_TE,Nick Westbrook-Ikhine,Tyler Conklin,7496,5133,1300,1225,75,57.7,100.2,-42.5
2022,WR,TE,WR_vs_TE,Nick Westbrook-Ikhine,Noah Gray,7496,7828,1300,1200,100,57.7,54.1,3.6
2022,WR,TE,WR_vs_TE,Nick Westbrook-Ikhine,Harrison Bryant,7496,6850,1300,1179,121,57.7,43.2,14.5
2022,WR,TE,WR_vs_TE,Nick Westbrook-Ikhine,Chigoziem Okonkwo,7496,8210,1300,1178,122,57.7,69.5,-11.8
2022,WR,TE,WR_vs_TE,Nick Westbrook-Ikhine,Adam Trautman,7496,6869,1300,1137,163,57.7,33.4,24.3
2022,WR,TE,WR_vs_TE,Danny Gray,Austin Hooper,8176,3202,1260,1454,-194,1.9,71.1,-69.2
2022,WR,TE,WR_vs_TE,Danny Gray,Jonnu Smith,8176,4144,1260,1453,-193,1.9,38.5,-36.6
2022,WR,TE,WR_vs_TE,Danny Gray,Jelani Woods,8176,8219,1260,1446,-186,1.9,60.3,-58.4
2022,WR,TE,WR_vs_TE,Danny Gray,Tommy Tremble,8176,7694,1260,1409,-149,1.9,42.2,-40.3
2022,WR,TE,WR_vs_TE,Danny Gray,Gerald Everett,8176,4089,1260,1357,-97,1.9,102.2,-100.3
2022,WR,TE,WR_vs_TE,Danny Gray,Hayden Hurst,8176,4973,1260,1285,-25,1.9,79.5,-77.6
2022,WR,TE,WR_vs_TE,Danny Gray,Donald Parham,8176,6074,1260,1244,16,1.9,19.9,-18
2022,WR,TE,WR_vs_TE,Danny Gray,Tyler Conklin,8176,5133,1260,1225,35,1.9,100.2,-98.3
2022,WR,TE,WR_vs_TE,Danny Gray,Noah Gray,8176,7828,1260,1200,60,1.9,54.1,-52.2
2022,WR,TE,WR_vs_TE,Danny Gray,Harrison Bryant,8176,6850,1260,1179,81,1.9,43.2,-41.3
2022,WR,TE,WR_vs_TE,Danny Gray,Chigoziem Okonkwo,8176,8210,1260,1178,82,1.9,69.5,-67.6
2022,WR,TE,WR_vs_TE,Danny Gray,Adam Trautman,8176,6869,1260,1137,123,1.9,33.4,-31.5
2022,WR,TE,WR_vs_TE,Danny Gray,Jake Ferguson,8176,8110,1260,1098,162,1.9,38,-36.1
2022,WR,TE,WR_vs_TE,Kendrick Bourne,Tommy Tremble,4454,7694,1240,1409,-169,48.8,42.2,6.6
2022,WR,TE,WR_vs_TE,Kendrick Bourne,Gerald Everett,4454,4089,1240,1357,-117,48.8,102.2,-53.4
2022,WR,TE,WR_vs_TE,Kendrick Bourne,Hayden Hurst,4454,4973,1240,1285,-45,48.8,79.5,-30.7
2022,WR,TE,WR_vs_TE,Kendrick Bourne,Donald Parham,4454,6074,1240,1244,-4,48.8,19.9,28.9
2022,WR,TE,WR_vs_TE,Kendrick Bourne,Tyler Conklin,4454,5133,1240,1225,15,48.8,100.2,-51.4
2022,WR,TE,WR_vs_TE,Kendrick Bourne,Noah Gray,4454,7828,1240,1200,40,48.8,54.1,-5.3
2022,WR,TE,WR_vs_TE,Kendrick Bourne,Harrison Bryant,4454,6850,1240,1179,61,48.8,43.2,5.6
2022,WR,TE,WR_vs_TE,Kendrick Bourne,Chigoziem Okonkwo,4454,8210,1240,1178,62,48.8,69.5,-20.7
2022,WR,TE,WR_vs_TE,Kendrick Bourne,Adam Trautman,4454,6869,1240,1137,103,48.8,33.4,15.4
2022,WR,TE,WR_vs_TE,Kendrick Bourne,Jake Ferguson,4454,8110,1240,1098,142,48.8,38,10.8
2022,WR,TE,WR_vs_TE,Kendrick Bourne,Mo Alie-Cox,4454,4054,1240,1042,198,48.8,37.5,11.3
2022,WR,TE,WR_vs_TE,Jalen Guyton,Gerald Everett,6421,4089,1205,1357,-152,6.4,102.2,-95.8
2022,WR,TE,WR_vs_TE,Jalen Guyton,Hayden Hurst,6421,4973,1205,1285,-80,6.4,79.5,-73.1
2022,WR,TE,WR_vs_TE,Jalen Guyton,Donald Parham,6421,6074,1205,1244,-39,6.4,19.9,-13.5
2022,WR,TE,WR_vs_TE,Jalen Guyton,Tyler Conklin,6421,5133,1205,1225,-20,6.4,100.2,-93.8
2022,WR,TE,WR_vs_TE,Jalen Guyton,Noah Gray,6421,7828,1205,1200,5,6.4,54.1,-47.7
2022,WR,TE,WR_vs_TE,Jalen Guyton,Harrison Bryant,6421,6850,1205,1179,26,6.4,43.2,-36.8
2022,WR,TE,WR_vs_TE,Jalen Guyton,Chigoziem Okonkwo,6421,8210,1205,1178,27,6.4,69.5,-63.1
2022,WR,TE,WR_vs_TE,Jalen Guyton,Adam Trautman,6421,6869,1205,1137,68,6.4,33.4,-27
2022,WR,TE,WR_vs_TE,Jalen Guyton,Jake Ferguson,6421,8110,1205,1098,107,6.4,38,-31.6
2022,WR,TE,WR_vs_TE,Jalen Guyton,Mo Alie-Cox,6421,4054,1205,1042,163,6.4,37.5,-31.1
2022,WR,TE,WR_vs_TE,Cedrick Wilson,Hayden Hurst,5113,4973,1130,1285,-155,14.4,79.5,-65.1
2022,WR,TE,WR_vs_TE,Cedrick Wilson,Donald Parham,5113,6074,1130,1244,-114,14.4,19.9,-5.5
2022,WR,TE,WR_vs_TE,Cedrick Wilson,Tyler Conklin,5113,5133,1130,1225,-95,14.4,100.2,-85.8
2022,WR,TE,WR_vs_TE,Cedrick Wilson,Noah Gray,5113,7828,1130,1200,-70,14.4,54.1,-39.7
2022,WR,TE,WR_vs_TE,Cedrick Wilson,Harrison Bryant,5113,6850,1130,1179,-49,14.4,43.2,-28.8
2022,WR,TE,WR_vs_TE,Cedrick Wilson,Chigoziem Okonkwo,5113,8210,1130,1178,-48,14.4,69.5,-55.1
2022,WR,TE,WR_vs_TE,Cedrick Wilson,Adam Trautman,5113,6869,1130,1137,-7,14.4,33.4,-19
2022,WR,TE,WR_vs_TE,Cedrick Wilson,Jake Ferguson,5113,8110,1130,1098,32,14.4,38,-23.6
2022,WR,TE,WR_vs_TE,Cedrick Wilson,Mo Alie-Cox,5113,4054,1130,1042,88,14.4,37.5,-23.1
2022,WR,TE,WR_vs_TE,Cedrick Wilson,Foster Moreau,5113,5985,1130,946,184,14.4,67.2,-52.8
2022,WR,TE,WR_vs_TE,Quez Watkins,Hayden Hurst,6927,4973,1116,1285,-169,50.1,79.5,-29.4
2022,WR,TE,WR_vs_TE,Quez Watkins,Donald Parham,6927,6074,1116,1244,-128,50.1,19.9,30.2
2022,WR,TE,WR_vs_TE,Quez Watkins,Tyler Conklin,6927,5133,1116,1225,-109,50.1,100.2,-50.1
2022,WR,TE,WR_vs_TE,Quez Watkins,Noah Gray,6927,7828,1116,1200,-84,50.1,54.1,-4
2022,WR,TE,WR_vs_TE,Quez Watkins,Harrison Bryant,6927,6850,1116,1179,-63,50.1,43.2,6.9
2022,WR,TE,WR_vs_TE,Quez Watkins,Chigoziem Okonkwo,6927,8210,1116,1178,-62,50.1,69.5,-19.4
2022,WR,TE,WR_vs_TE,Quez Watkins,Adam Trautman,6927,6869,1116,1137,-21,50.1,33.4,16.7
2022,WR,TE,WR_vs_TE,Quez Watkins,Jake Ferguson,6927,8110,1116,1098,18,50.1,38,12.1
2022,WR,TE,WR_vs_TE,Quez Watkins,Mo Alie-Cox,6927,4054,1116,1042,74,50.1,37.5,12.6
2022,WR,TE,WR_vs_TE,Quez Watkins,Foster Moreau,6927,5985,1116,946,170,50.1,67.2,-17.1
2022,WR,TE,WR_vs_TE,Dyami Brown,Hayden Hurst,7587,4973,1107,1285,-178,27.8,79.5,-51.7
2022,WR,TE,WR_vs_TE,Dyami Brown,Donald Parham,7587,6074,1107,1244,-137,27.8,19.9,7.9
2022,WR,TE,WR_vs_TE,Dyami Brown,Tyler Conklin,7587,5133,1107,1225,-118,27.8,100.2,-72.4
2022,WR,TE,WR_vs_TE,Dyami Brown,Noah Gray,7587,7828,1107,1200,-93,27.8,54.1,-26.3
2022,WR,TE,WR_vs_TE,Dyami Brown,Harrison Bryant,7587,6850,1107,1179,-72,27.8,43.2,-15.4
2022,WR,TE,WR_vs_TE,Dyami Brown,Chigoziem Okonkwo,7587,8210,1107,1178,-71,27.8,69.5,-41.7
2022,WR,TE,WR_vs_TE,Dyami Brown,Adam Trautman,7587,6869,1107,1137,-30,27.8,33.4,-5.6
2022,WR,TE,WR_vs_TE,Dyami Brown,Jake Ferguson,7587,8110,1107,1098,9,27.8,38,-10.2
2022,WR,TE,WR_vs_TE,Dyami Brown,Mo Alie-Cox,7587,4054,1107,1042,65,27.8,37.5,-9.7
2022,WR,TE,WR_vs_TE,Dyami Brown,Foster Moreau,7587,5985,1107,946,161,27.8,67.2,-39.4
2022,WR,TE,WR_vs_TE,Anthony Schwartz,Hayden Hurst,7533,4973,1093,1285,-192,14.8,79.5,-64.7
2022,WR,TE,WR_vs_TE,Anthony Schwartz,Donald Parham,7533,6074,1093,1244,-151,14.8,19.9,-5.1
2022,WR,TE,WR_vs_TE,Anthony Schwartz,Tyler Conklin,7533,5133,1093,1225,-132,14.8,100.2,-85.4
2022,WR,TE,WR_vs_TE,Anthony Schwartz,Noah Gray,7533,7828,1093,1200,-107,14.8,54.1,-39.3
2022,WR,TE,WR_vs_TE,Anthony Schwartz,Harrison Bryant,7533,6850,1093,1179,-86,14.8,43.2,-28.4
2022,WR,TE,WR_vs_TE,Anthony Schwartz,Chigoziem Okonkwo,7533,8210,1093,1178,-85,14.8,69.5,-54.7
2022,WR,TE,WR_vs_TE,Anthony Schwartz,Adam Trautman,7533,6869,1093,1137,-44,14.8,33.4,-18.6
2022,WR,TE,WR_vs_TE,Anthony Schwartz,Jake Ferguson,7533,8110,1093,1098,-5,14.8,38,-23.2
2022,WR,TE,WR_vs_TE,Anthony Schwartz,Mo Alie-Cox,7533,4054,1093,1042,51,14.8,37.5,-22.7
2022,WR,TE,WR_vs_TE,Anthony Schwartz,Foster Moreau,7533,5985,1093,946,147,14.8,67.2,-52.4
2022,WR,TE,WR_vs_TE,Equanimeous St. Brown,Donald Parham,5323,6074,1062,1244,-182,43.4,19.9,23.5
2022,WR,TE,WR_vs_TE,Equanimeous St. Brown,Tyler Conklin,5323,5133,1062,1225,-163,43.4,100.2,-56.8
2022,WR,TE,WR_vs_TE,Equanimeous St. Brown,Noah Gray,5323,7828,1062,1200,-138,43.4,54.1,-10.7
2022,WR,TE,WR_vs_TE,Equanimeous St. Brown,Harrison Bryant,5323,6850,1062,1179,-117,43.4,43.2,0.2
2022,WR,TE,WR_vs_TE,Equanimeous St. Brown,Chigoziem Okonkwo,5323,8210,1062,1178,-116,43.4,69.5,-26.1
2022,WR,TE,WR_vs_TE,Equanimeous St. Brown,Adam Trautman,5323,6869,1062,1137,-75,43.4,33.4,10
2022,WR,TE,WR_vs_TE,Equanimeous St. Brown,Jake Ferguson,5323,8110,1062,1098,-36,43.4,38,5.4
2022,WR,TE,WR_vs_TE,Equanimeous St. Brown,Mo Alie-Cox,5323,4054,1062,1042,20,43.4,37.5,5.9
2022,WR,TE,WR_vs_TE,Equanimeous St. Brown,Foster Moreau,5323,5985,1062,946,116,43.4,67.2,-23.8
2022,WR,TE,WR_vs_TE,Denzel Mims,Noah Gray,6849,7828,1003,1200,-197,18.6,54.1,-35.5
2022,WR,TE,WR_vs_TE,Denzel Mims,Harrison Bryant,6849,6850,1003,1179,-176,18.6,43.2,-24.6
2022,WR,TE,WR_vs_TE,Denzel Mims,Chigoziem Okonkwo,6849,8210,1003,1178,-175,18.6,69.5,-50.9
2022,WR,TE,WR_vs_TE,Denzel Mims,Adam Trautman,6849,6869,1003,1137,-134,18.6,33.4,-14.8
2022,WR,TE,WR_vs_TE,Denzel Mims,Jake Ferguson,6849,8110,1003,1098,-95,18.6,38,-19.4
2022,WR,TE,WR_vs_TE,Denzel Mims,Mo Alie-Cox,6849,4054,1003,1042,-39,18.6,37.5,-18.9
2022,WR,TE,WR_vs_TE,Denzel Mims,Foster Moreau,6849,5985,1003,946,57,18.6,67.2,-48.6
2022,WR,TE,WR_vs_TE,Marquez Callaway,Noah Gray,6989,7828,1002,1200,-198,21.8,54.1,-32.3
2022,WR,TE,WR_vs_TE,Marquez Callaway,Harrison Bryant,6989,6850,1002,1179,-177,21.8,43.2,-21.4
2022,WR,TE,WR_vs_TE,Marquez Callaway,Chigoziem Okonkwo,6989,8210,1002,1178,-176,21.8,69.5,-47.7
2022,WR,TE,WR_vs_TE,Marquez Callaway,Adam Trautman,6989,6869,1002,1137,-135,21.8,33.4,-11.6
2022,WR,TE,WR_vs_TE,Marquez Callaway,Jake Ferguson,6989,8110,1002,1098,-96,21.8,38,-16.2
2022,WR,TE,WR_vs_TE,Marquez Callaway,Mo Alie-Cox,6989,4054,1002,1042,-40,21.8,37.5,-15.7
2022,WR,TE,WR_vs_TE,Marquez Callaway,Foster Moreau,6989,5985,1002,946,56,21.8,67.2,-45.4
2022,WR,TE,WR_vs_TE,Braxton Berrios,Harrison Bryant,5121,6850,994,1179,-185,39.7,43.2,-3.5
2022,WR,TE,WR_vs_TE,Braxton Berrios,Chigoziem Okonkwo,5121,8210,994,1178,-184,39.7,69.5,-29.8
2022,WR,TE,WR_vs_TE,Braxton Berrios,Adam Trautman,5121,6869,994,1137,-143,39.7,33.4,6.3
2022,WR,TE,WR_vs_TE,Braxton Berrios,Jake Ferguson,5121,8110,994,1098,-104,39.7,38,1.7
2022,WR,TE,WR_vs_TE,Braxton Berrios,Mo Alie-Cox,5121,4054,994,1042,-48,39.7,37.5,2.2
2022,WR,TE,WR_vs_TE,Braxton Berrios,Foster Moreau,5121,5985,994,946,48,39.7,67.2,-27.5
2022,WR,TE,WR_vs_TE,Tutu Atwell,Adam Trautman,7562,6869,939,1137,-198,35.4,33.4,2
2022,WR,TE,WR_vs_TE,Tutu Atwell,Jake Ferguson,7562,8110,939,1098,-159,35.4,38,-2.6
2022,WR,TE,WR_vs_TE,Tutu Atwell,Mo Alie-Cox,7562,4054,939,1042,-103,35.4,37.5,-2.1
2022,WR,TE,WR_vs_TE,Tutu Atwell,Foster Moreau,7562,5985,939,946,-7,35.4,67.2,-31.8
2022,WR,TE,WR_vs_TE,Tutu Atwell,Juwan Johnson,7562,7002,939,773,166,35.4,111.2,-75.8
2022,WR,TE,WR_vs_TE,Darius Slayton,Jake Ferguson,6149,8110,900,1098,-198,82.4,38,44.4
2022,WR,TE,WR_vs_TE,Darius Slayton,Mo Alie-Cox,6149,4054,900,1042,-142,82.4,37.5,44.9
2022,WR,TE,WR_vs_TE,Darius Slayton,Foster Moreau,6149,5985,900,946,-46,82.4,67.2,15.2
2022,WR,TE,WR_vs_TE,Darius Slayton,Juwan Johnson,6149,7002,900,773,127,82.4,111.2,-28.8
2022,WR,TE,WR_vs_TE,Olamide Zaccheaus,Foster Moreau,6271,5985,819,946,-127,60.3,67.2,-6.9
2022,WR,TE,WR_vs_TE,Olamide Zaccheaus,Juwan Johnson,6271,7002,819,773,46,60.3,111.2,-50.9
2022,WR,TE,WR_vs_TE,Tylan Wallace,Foster Moreau,7595,5985,810,946,-136,2.1,67.2,-65.1
2022,WR,TE,WR_vs_TE,Tylan Wallace,Juwan Johnson,7595,7002,810,773,37,2.1,111.2,-109.1
2022,WR,TE,WR_vs_TE,Jauan Jennings,Foster Moreau,7049,5985,761,946,-185,46.6,67.2,-20.6
2022,WR,TE,WR_vs_TE,Jauan Jennings,Juwan Johnson,7049,7002,761,773,-12,46.6,111.2,-64.6
2022,WR,TE,WR_vs_TE,Josh Reynolds,Foster Moreau,4171,5985,757,946,-189,64.3,67.2,-2.9
2022,WR,TE,WR_vs_TE,Josh Reynolds,Juwan Johnson,4171,7002,757,773,-16,64.3,111.2,-46.9
2022,WR,TE,WR_vs_TE,Nelson Agholor,Juwan Johnson,2325,7002,684,773,-89,44.2,111.2,-67
2022,WR,TE,WR_vs_TE,Nelson Agholor,Kylen Granson,2325,7602,684,502,182,44.2,45.7,-1.5
2022,WR,TE,WR_vs_TE,Nelson Agholor,John Bates,2325,7716,684,492,192,44.2,23.8,20.4
2022,WR,TE,WR_vs_TE,Jaelon Darden,Juwan Johnson,7713,7002,666,773,-107,2.8,111.2,-108.4
2022,WR,TE,WR_vs_TE,Jaelon Darden,Kylen Granson,7713,7602,666,502,164,2.8,45.7,-42.9
2022,WR,TE,WR_vs_TE,Jaelon Darden,John Bates,7713,7716,666,492,174,2.8,23.8,-21
2022,WR,TE,WR_vs_TE,Kyle Philips,Juwan Johnson,8171,7002,630,773,-143,3.8,111.2,-107.4
2022,WR,TE,WR_vs_TE,Kyle Philips,Kylen Granson,8171,7602,630,502,128,3.8,45.7,-41.9
2022,WR,TE,WR_vs_TE,Kyle Philips,John Bates,8171,7716,630,492,138,3.8,23.8,-20
2022,WR,TE,WR_vs_TE,Kyle Philips,Taysom Hill,8171,4381,630,460,170,3.8,138.3,-134.5
2022,WR,TE,WR_vs_TE,Kyle Philips,Ian Thomas,8171,4995,630,453,177,3.8,30.2,-26.4
2022,WR,TE,WR_vs_TE,Tre'Quan Smith,Juwan Johnson,5026,7002,585,773,-188,33.2,111.2,-78
2022,WR,TE,WR_vs_TE,Tre'Quan Smith,Kylen Granson,5026,7602,585,502,83,33.2,45.7,-12.5
2022,WR,TE,WR_vs_TE,Tre'Quan Smith,John Bates,5026,7716,585,492,93,33.2,23.8,9.4
2022,WR,TE,WR_vs_TE,Tre'Quan Smith,Taysom Hill,5026,4381,585,460,125,33.2,138.3,-105.1
2022,WR,TE,WR_vs_TE,Tre'Quan Smith,Ian Thomas,5026,4995,585,453,132,33.2,30.2,3
2022,WR,TE,WR_vs_TE,Tre'Quan Smith,Drew Sample,5026,6001,585,422,163,33.2,0.8,32.4
2022,WR,TE,WR_vs_TE,Demarcus Robinson,Kylen Granson,3286,7602,538,502,36,53.4,45.7,7.7
2022,WR,TE,WR_vs_TE,Demarcus Robinson,John Bates,3286,7716,538,492,46,53.4,23.8,29.6
2022,WR,TE,WR_vs_TE,Demarcus Robinson,Taysom Hill,3286,4381,538,460,78,53.4,138.3,-84.9
2022,WR,TE,WR_vs_TE,Demarcus Robinson,Ian Thomas,3286,4995,538,453,85,53.4,30.2,23.2
2022,WR,TE,WR_vs_TE,Demarcus Robinson,Drew Sample,3286,6001,538,422,116,53.4,0.8,52.6
2022,WR,TE,WR_vs_TE,Scotty Miller,Kylen Granson,6290,7602,532,502,30,18.5,45.7,-27.2
2022,WR,TE,WR_vs_TE,Scotty Miller,John Bates,6290,7716,532,492,40,18.5,23.8,-5.3
2022,WR,TE,WR_vs_TE,Scotty Miller,Taysom Hill,6290,4381,532,460,72,18.5,138.3,-119.8
2022,WR,TE,WR_vs_TE,Scotty Miller,Ian Thomas,6290,4995,532,453,79,18.5,30.2,-11.7
2022,WR,TE,WR_vs_TE,Scotty Miller,Drew Sample,6290,6001,532,422,110,18.5,0.8,17.7
2022,WR,TE,WR_vs_TE,Scotty Miller,Will Dissly,6290,5010,532,332,200,18.5,69.9,-51.4
2022,WR,TE,WR_vs_TE,Greg Dortch,Kylen Granson,5970,7602,354,502,-148,56.6,45.7,10.9
2022,WR,TE,WR_vs_TE,Greg Dortch,John Bates,5970,7716,354,492,-138,56.6,23.8,32.8
2022,WR,TE,WR_vs_TE,Greg Dortch,Taysom Hill,5970,4381,354,460,-106,56.6,138.3,-81.7
2022,WR,TE,WR_vs_TE,Greg Dortch,Ian Thomas,5970,4995,354,453,-99,56.6,30.2,26.4
2022,WR,TE,WR_vs_TE,Greg Dortch,Drew Sample,5970,6001,354,422,-68,56.6,0.8,55.8
2022,WR,TE,WR_vs_TE,Greg Dortch,Will Dissly,5970,5010,354,332,22,56.6,69.9,-13.3
2022,WR,TE,WR_vs_TE,Kalif Raymond,Kylen Granson,3634,7602,319,502,-183,62.6,45.7,16.9
2022,WR,TE,WR_vs_TE,Kalif Raymond,John Bates,3634,7716,319,492,-173,62.6,23.8,38.8
2022,WR,TE,WR_vs_TE,Kalif Raymond,Taysom Hill,3634,4381,319,460,-141,62.6,138.3,-75.7
2022,WR,TE,WR_vs_TE,Kalif Raymond,Ian Thomas,3634,4995,319,453,-134,62.6,30.2,32.4
2022,WR,TE,WR_vs_TE,Kalif Raymond,Drew Sample,3634,6001,319,422,-103,62.6,0.8,61.8
2022,WR,TE,WR_vs_TE,Kalif Raymond,Will Dissly,3634,5010,319,332,-13,62.6,69.9,-7.3
2022,WR,TE,WR_vs_TE,Kalif Raymond,Josh Oliver,3634,5973,319,148,171,62.6,33.9,28.7
2022,WR,TE,WR_vs_TE,Jamal Agnew,John Bates,4198,7716,297,492,-195,46.5,23.8,22.7
2022,WR,TE,WR_vs_TE,Jamal Agnew,Taysom Hill,4198,4381,297,460,-163,46.5,138.3,-91.8
2022,WR,TE,WR_vs_TE,Jamal Agnew,Ian Thomas,4198,4995,297,453,-156,46.5,30.2,16.3
2022,WR,TE,WR_vs_TE,Jamal Agnew,Drew Sample,4198,6001,297,422,-125,46.5,0.8,45.7
2022,WR,TE,WR_vs_TE,Jamal Agnew,Will Dissly,4198,5010,297,332,-35,46.5,69.9,-23.4
2022,WR,TE,WR_vs_TE,Jamal Agnew,Josh Oliver,4198,5973,297,148,149,46.5,33.9,12.6
2022,WR,TE,WR_vs_TE,Lil'Jordan Humphrey,Will Dissly,5938,5010,169,332,-163,2,69.9,-67.9
2022,WR,TE,WR_vs_TE,Lil'Jordan Humphrey,Josh Oliver,5938,5973,169,148,21,2,33.9,-31.9
2023,QB,RB,QB_vs_RB,Lamar Jackson,Bijan Robinson,4881,9509,7944,7996,-52,331.2,169.2,162
2023,QB,RB,QB_vs_RB,Trevor Lawrence,Bijan Robinson,7523,9509,7890,7996,-106,246.3,169.2,77.1
2023,QB,RB,QB_vs_RB,Anthony Richardson,Jahmyr Gibbs,9229,9221,6401,6403,-2,72.7,181.1,-108.4
2023,QB,RB,QB_vs_RB,Bryce Young,Nick Chubb,9228,4988,5701,5561,140,152.2,19.1,133.1
2023,QB,RB,QB_vs_RB,Bryce Young,Tony Pollard,9228,5967,5701,5541,160,152.2,153,-0.8
2023,QB,RB,QB_vs_RB,Tua Tagovailoa,Nick Chubb,6768,4988,5438,5561,-123,262.7,19.1,243.6
2023,QB,RB,QB_vs_RB,Tua Tagovailoa,Tony Pollard,6768,5967,5438,5541,-103,262.7,153,109.7
2023,QB,RB,QB_vs_RB,Tua Tagovailoa,Josh Jacobs,6768,5850,5438,5385,53,262.7,144.1,118.6
2023,QB,RB,QB_vs_RB,Tua Tagovailoa,Jonathan Taylor,6768,6813,5438,5301,137,262.7,111.8,150.9
2023,QB,RB,QB_vs_RB,Tua Tagovailoa,Travis Etienne,6768,7543,5438,5280,158,262.7,215.7,47
2023,QB,RB,QB_vs_RB,Tua Tagovailoa,Austin Ekeler,6768,4663,5438,5260,178,262.7,129.5,133.2
2023,QB,RB,QB_vs_RB,C.J. Stroud,Josh Jacobs,9758,5850,5227,5385,-158,254.5,144.1,110.4
2023,QB,RB,QB_vs_RB,C.J. Stroud,Jonathan Taylor,9758,6813,5227,5301,-74,254.5,111.8,142.7
2023,QB,RB,QB_vs_RB,C.J. Stroud,Travis Etienne,9758,7543,5227,5280,-53,254.5,215.7,38.8
2023,QB,RB,QB_vs_RB,C.J. Stroud,Austin Ekeler,9758,4663,5227,5260,-33,254.5,129.5,125
2023,QB,RB,QB_vs_RB,C.J. Stroud,Kenneth Walker III,9758,8151,5227,5030,197,254.5,162.3,92.2
2023,QB,RB,QB_vs_RB,Deshaun Watson,Jonathan Taylor,4017,6813,5169,5301,-132,86.8,111.8,-25
2023,QB,RB,QB_vs_RB,Deshaun Watson,Travis Etienne,4017,7543,5169,5280,-111,86.8,215.7,-128.9
2023,QB,RB,QB_vs_RB,Deshaun Watson,Austin Ekeler,4017,4663,5169,5260,-91,86.8,129.5,-42.7
2023,QB,RB,QB_vs_RB,Deshaun Watson,Kenneth Walker III,4017,8151,5169,5030,139,86.8,162.3,-75.5
2023,QB,RB,QB_vs_RB,Daniel Jones,Kenneth Walker III,5870,8151,5042,5030,12,57,162.3,-105.3
2023,QB,RB,QB_vs_RB,Kyler Murray,Kenneth Walker III,5849,8151,4911,5030,-119,128.6,162.3,-33.7
2023,QB,RB,QB_vs_RB,Kyler Murray,Rhamondre Stevenson,5849,7611,4911,4747,164,128.6,107.7,20.9
2023,QB,RB,QB_vs_RB,Dak Prescott,Rhamondre Stevenson,3294,7611,4820,4747,73,317.7,107.7,210
2023,QB,RB,QB_vs_RB,Kenny Pickett,Rhamondre Stevenson,8160,7611,4690,4747,-57,110.2,107.7,2.5
2023,QB,RB,QB_vs_RB,Kenny Pickett,Javonte Williams,8160,7588,4690,4554,136,110.2,118.7,-8.5
2023,QB,RB,QB_vs_RB,Jordan Love,Javonte Williams,6804,7588,4452,4554,-102,300.5,118.7,181.8
2023,QB,RB,QB_vs_RB,Jordan Love,Najee Harris,6804,7528,4452,4466,-14,300.5,147.2,153.3
2023,QB,RB,QB_vs_RB,Jordan Love,Dameon Pierce,6804,8129,4452,4331,121,300.5,69.7,230.8
2023,QB,RB,QB_vs_RB,Jared Goff,Derrick Henry,3163,3198,4061,4169,-108,268.3,197.4,70.9
2023,QB,RB,QB_vs_RB,Jared Goff,James Cook,3163,8138,4061,4017,44,268.3,183.5,84.8
2023,QB,RB,QB_vs_RB,Jared Goff,J.K. Dobbins,3163,6806,4061,3963,98,268.3,9.7,258.6
2023,QB,RB,QB_vs_RB,Brock Purdy,Derrick Henry,8183,3198,3994,4169,-175,295.6,197.4,98.2
2023,QB,RB,QB_vs_RB,Brock Purdy,James Cook,8183,8138,3994,4017,-23,295.6,183.5,112.1
2023,QB,RB,QB_vs_RB,Brock Purdy,J.K. Dobbins,8183,6806,3994,3963,31,295.6,9.7,285.9
2023,QB,RB,QB_vs_RB,Brock Purdy,Zach Charbonnet,8183,9753,3994,3844,150,295.6,67.1,228.5
2023,QB,RB,QB_vs_RB,Brock Purdy,Joe Mixon,8183,4018,3994,3799,195,295.6,191.3,104.3
2023,QB,RB,QB_vs_RB,Sam Howell,Zach Charbonnet,8162,9753,3743,3844,-101,250.1,67.1,183
2023,QB,RB,QB_vs_RB,Sam Howell,Joe Mixon,8162,4018,3743,3799,-56,250.1,191.3,58.8
2023,QB,RB,QB_vs_RB,Sam Howell,Rachaad White,8162,8136,3743,3732,11,250.1,194.6,55.5
2023,QB,RB,QB_vs_RB,Sam Howell,Alexander Mattison,8162,5987,3743,3612,131,250.1,100.3,149.8
2023,QB,RB,QB_vs_RB,Sam Howell,Miles Sanders,8162,6151,3743,3606,137,250.1,58.8,191.3
2023,QB,RB,QB_vs_RB,Sam Howell,Aaron Jones,8162,4199,3743,3601,142,250.1,90.8,159.3
2023,QB,RB,QB_vs_RB,Geno Smith,Zach Charbonnet,1373,9753,3706,3844,-138,205.9,67.1,138.8
2023,QB,RB,QB_vs_RB,Geno Smith,Joe Mixon,1373,4018,3706,3799,-93,205.9,191.3,14.6
2023,QB,RB,QB_vs_RB,Geno Smith,Rachaad White,1373,8136,3706,3732,-26,205.9,194.6,11.3
2023,QB,RB,QB_vs_RB,Geno Smith,Alexander Mattison,1373,5987,3706,3612,94,205.9,100.3,105.6
2023,QB,RB,QB_vs_RB,Geno Smith,Miles Sanders,1373,6151,3706,3606,100,205.9,58.8,147.1
2023,QB,RB,QB_vs_RB,Geno Smith,Aaron Jones,1373,4199,3706,3601,105,205.9,90.8,115.1
2023,QB,RB,QB_vs_RB,Kirk Cousins,Zach Charbonnet,1166,9753,3662,3844,-182,149.7,67.1,82.6
2023,QB,RB,QB_vs_RB,Kirk Cousins,Joe Mixon,1166,4018,3662,3799,-137,149.7,191.3,-41.6
2023,QB,RB,QB_vs_RB,Kirk Cousins,Rachaad White,1166,8136,3662,3732,-70,149.7,194.6,-44.9
2023,QB,RB,QB_vs_RB,Kirk Cousins,Alexander Mattison,1166,5987,3662,3612,50,149.7,100.3,49.4
2023,QB,RB,QB_vs_RB,Kirk Cousins,Miles Sanders,1166,6151,3662,3606,56,149.7,58.8,90.9
2023,QB,RB,QB_vs_RB,Kirk Cousins,Aaron Jones,1166,4199,3662,3601,61,149.7,90.8,58.9
2023,QB,RB,QB_vs_RB,Kirk Cousins,Cam Akers,1166,6938,3662,3498,164,149.7,35.7,114
2023,QB,RB,QB_vs_RB,Kirk Cousins,Isiah Pacheco,1166,8205,3662,3496,166,149.7,169.9,-20.2
2023,QB,RB,QB_vs_RB,Derek Carr,D'Andre Swift,2028,6790,3267,3429,-162,214,160.3,53.7
2023,QB,RB,QB_vs_RB,Derek Carr,De'Von Achane,2028,9226,3267,3240,27,214,151.6,62.4
2023,QB,RB,QB_vs_RB,Derek Carr,Khalil Herbert,2028,7608,3267,3218,49,214,88.4,125.6
2023,QB,RB,QB_vs_RB,Derek Carr,David Montgomery,2028,5892,3267,3214,53,214,181.2,32.8
2023,QB,RB,QB_vs_RB,Derek Carr,Alvin Kamara,2028,4035,3267,3148,119,214,158,56
2023,QB,RB,QB_vs_RB,Derek Carr,Tank Bigsby,2028,9225,3267,3141,126,214,20.2,193.8
2023,QB,RB,QB_vs_RB,Derek Carr,Brian Robinson,2028,8154,3267,3135,132,214,154.6,59.4
2023,QB,RB,QB_vs_RB,Derek Carr,Kendre Miller,2028,9757,3267,3108,159,214,19.4,194.6
2023,QB,RB,QB_vs_RB,Russell Wilson,De'Von Achane,1234,9226,3165,3240,-75,256.9,151.6,105.3
2023,QB,RB,QB_vs_RB,Russell Wilson,Khalil Herbert,1234,7608,3165,3218,-53,256.9,88.4,168.5
2023,QB,RB,QB_vs_RB,Russell Wilson,David Montgomery,1234,5892,3165,3214,-49,256.9,181.2,75.7
2023,QB,RB,QB_vs_RB,Russell Wilson,Alvin Kamara,1234,4035,3165,3148,17,256.9,158,98.9
2023,QB,RB,QB_vs_RB,Russell Wilson,Tank Bigsby,1234,9225,3165,3141,24,256.9,20.2,236.7
2023,QB,RB,QB_vs_RB,Russell Wilson,Brian Robinson,1234,8154,3165,3135,30,256.9,154.6,102.3
2023,QB,RB,QB_vs_RB,Russell Wilson,Kendre Miller,1234,9757,3165,3108,57,256.9,19.4,237.5
2023,QB,RB,QB_vs_RB,Russell Wilson,Antonio Gibson,1234,6945,3165,3059,106,256.9,75.8,181.1
2023,QB,RB,QB_vs_RB,Desmond Ridder,De'Von Achane,8159,9226,3064,3240,-176,160.5,151.6,8.9
2023,QB,RB,QB_vs_RB,Desmond Ridder,Khalil Herbert,8159,7608,3064,3218,-154,160.5,88.4,72.1
2023,QB,RB,QB_vs_RB,Desmond Ridder,David Montgomery,8159,5892,3064,3214,-150,160.5,181.2,-20.7
2023,QB,RB,QB_vs_RB,Desmond Ridder,Alvin Kamara,8159,4035,3064,3148,-84,160.5,158,2.5
2023,QB,RB,QB_vs_RB,Desmond Ridder,Tank Bigsby,8159,9225,3064,3141,-77,160.5,20.2,140.3
2023,QB,RB,QB_vs_RB,Desmond Ridder,Brian Robinson,8159,8154,3064,3135,-71,160.5,154.6,5.9
2023,QB,RB,QB_vs_RB,Desmond Ridder,Kendre Miller,8159,9757,3064,3108,-44,160.5,19.4,141.1
2023,QB,RB,QB_vs_RB,Desmond Ridder,Antonio Gibson,8159,6945,3064,3059,5,160.5,75.8,84.7
2023,QB,RB,QB_vs_RB,Desmond Ridder,Jaylen Warren,8159,8228,3064,2921,143,160.5,132.4,28.1
2023,QB,RB,QB_vs_RB,Desmond Ridder,James Conner,8159,4137,3064,2895,169,160.5,148.1,12.4
2023,QB,RB,QB_vs_RB,Desmond Ridder,AJ Dillon,8159,6828,3064,2884,180,160.5,95.6,64.9
2023,QB,RB,QB_vs_RB,Mac Jones,Alvin Kamara,7527,4035,2997,3148,-151,106.4,158,-51.6
2023,QB,RB,QB_vs_RB,Mac Jones,Tank Bigsby,7527,9225,2997,3141,-144,106.4,20.2,86.2
2023,QB,RB,QB_vs_RB,Mac Jones,Brian Robinson,7527,8154,2997,3135,-138,106.4,154.6,-48.2
2023,QB,RB,QB_vs_RB,Mac Jones,Kendre Miller,7527,9757,2997,3108,-111,106.4,19.4,87
2023,QB,RB,QB_vs_RB,Mac Jones,Antonio Gibson,7527,6945,2997,3059,-62,106.4,75.8,30.6
2023,QB,RB,QB_vs_RB,Mac Jones,Jaylen Warren,7527,8228,2997,2921,76,106.4,132.4,-26
2023,QB,RB,QB_vs_RB,Mac Jones,James Conner,7527,4137,2997,2895,102,106.4,148.1,-41.7
2023,QB,RB,QB_vs_RB,Mac Jones,AJ Dillon,7527,6828,2997,2884,113,106.4,95.6,10.8
2023,QB,RB,QB_vs_RB,Mac Jones,Roschon Johnson,7527,10235,2997,2829,168,106.4,66.1,40.3
2023,QB,RB,QB_vs_RB,Will Levis,Tyler Allgeier,9999,8132,2263,2459,-196,102,116.2,-14.2
2023,QB,RB,QB_vs_RB,Will Levis,Kenneth Gainwell,9999,7567,2263,2277,-14,102,61.2,40.8
2023,QB,RB,QB_vs_RB,Will Levis,Elijah Mitchell,9999,7561,2263,2233,30,102,28.8,73.2
2023,QB,RB,QB_vs_RB,Will Levis,Jamaal Williams,9999,4149,2263,2205,58,102,33.4,68.6
2023,QB,RB,QB_vs_RB,Matthew Stafford,Kenneth Gainwell,421,7567,2185,2277,-92,243.1,61.2,181.9
2023,QB,RB,QB_vs_RB,Matthew Stafford,Elijah Mitchell,421,7561,2185,2233,-48,243.1,28.8,214.3
2023,QB,RB,QB_vs_RB,Matthew Stafford,Jamaal Williams,421,4149,2185,2205,-20,243.1,33.4,209.7
2023,QB,RB,QB_vs_RB,Matthew Stafford,Sean Tucker,421,9506,2185,2061,124,243.1,3.2,239.9
2023,QB,RB,QB_vs_RB,Matthew Stafford,Rashaad Penny,421,4985,2185,2036,149,243.1,2.2,240.9
2023,QB,RB,QB_vs_RB,Matthew Stafford,Samaje Perine,421,4147,2185,2033,152,243.1,68.3,174.8
2023,QB,RB,QB_vs_RB,Matthew Stafford,Deuce Vaughn,421,9505,2185,2001,184,243.1,8,235.1
2023,QB,RB,QB_vs_RB,Jimmy Garoppolo,Kenneth Gainwell,1837,7567,2126,2277,-151,64.1,61.2,2.9
2023,QB,RB,QB_vs_RB,Jimmy Garoppolo,Elijah Mitchell,1837,7561,2126,2233,-107,64.1,28.8,35.3
2023,QB,RB,QB_vs_RB,Jimmy Garoppolo,Jamaal Williams,1837,4149,2126,2205,-79,64.1,33.4,30.7
2023,QB,RB,QB_vs_RB,Jimmy Garoppolo,Sean Tucker,1837,9506,2126,2061,65,64.1,3.2,60.9
2023,QB,RB,QB_vs_RB,Jimmy Garoppolo,Rashaad Penny,1837,4985,2126,2036,90,64.1,2.2,61.9
2023,QB,RB,QB_vs_RB,Jimmy Garoppolo,Samaje Perine,1837,4147,2126,2033,93,64.1,68.3,-4.2
2023,QB,RB,QB_vs_RB,Jimmy Garoppolo,Deuce Vaughn,1837,9505,2126,2001,125,64.1,8,56.1
2023,QB,RB,QB_vs_RB,Jimmy Garoppolo,Evan Hull,1837,9220,2126,1931,195,64.1,0.7,63.4
2023,QB,RB,QB_vs_RB,Baker Mayfield,Sean Tucker,4892,9506,1931,2061,-130,267.9,3.2,264.7
2023,QB,RB,QB_vs_RB,Baker Mayfield,Rashaad Penny,4892,4985,1931,2036,-105,267.9,2.2,265.7
2023,QB,RB,QB_vs_RB,Baker Mayfield,Samaje Perine,4892,4147,1931,2033,-102,267.9,68.3,199.6
2023,QB,RB,QB_vs_RB,Baker Mayfield,Deuce Vaughn,4892,9505,1931,2001,-70,267.9,8,259.9
2023,QB,RB,QB_vs_RB,Baker Mayfield,Evan Hull,4892,9220,1931,1931,0,267.9,0.7,267.2
2023,QB,RB,QB_vs_RB,Baker Mayfield,Chase Brown,4892,9224,1931,1893,38,267.9,34.2,233.7
2023,QB,RB,QB_vs_RB,Baker Mayfield,Zamir White,4892,8139,1931,1794,137,267.9,46.8,221.1
2023,QB,RB,QB_vs_RB,Baker Mayfield,Jerome Ford,4892,8143,1931,1734,197,267.9,164,103.9
2023,QB,RB,QB_vs_RB,Dorian Thompson-Robinson,Chase Brown,10862,9224,1715,1893,-178,22.1,34.2,-12.1
2023,QB,RB,QB_vs_RB,Dorian Thompson-Robinson,Zamir White,10862,8139,1715,1794,-79,22.1,46.8,-24.7
2023,QB,RB,QB_vs_RB,Dorian Thompson-Robinson,Jerome Ford,10862,8143,1715,1734,-19,22.1,164,-141.9
2023,QB,RB,QB_vs_RB,Dorian Thompson-Robinson,Raheem Mostert,10862,2749,1715,1614,101,22.1,242.7,-220.6
2023,QB,RB,QB_vs_RB,Dorian Thompson-Robinson,Devin Singletary,10862,6130,1715,1576,139,22.1,124.8,-102.7
2023,QB,RB,QB_vs_RB,Dorian Thompson-Robinson,Zach Evans,10862,9222,1715,1566,149,22.1,1.6,20.5
2023,QB,RB,QB_vs_RB,Dorian Thompson-Robinson,Jerick McKinnon,10862,2161,1715,1544,171,22.1,59.4,-37.3
2023,QB,RB,QB_vs_RB,Dorian Thompson-Robinson,Ezekiel Elliott,10862,3164,1715,1539,176,22.1,115.4,-93.3
2023,QB,RB,QB_vs_RB,Ryan Tannehill,Zamir White,1049,8139,1631,1794,-163,67.6,46.8,20.8
2023,QB,RB,QB_vs_RB,Ryan Tannehill,Jerome Ford,1049,8143,1631,1734,-103,67.6,164,-96.4
2023,QB,RB,QB_vs_RB,Ryan Tannehill,Raheem Mostert,1049,2749,1631,1614,17,67.6,242.7,-175.1
2023,QB,RB,QB_vs_RB,Ryan Tannehill,Devin Singletary,1049,6130,1631,1576,55,67.6,124.8,-57.2
2023,QB,RB,QB_vs_RB,Ryan Tannehill,Zach Evans,1049,9222,1631,1566,65,67.6,1.6,66
2023,QB,RB,QB_vs_RB,Ryan Tannehill,Jerick McKinnon,1049,2161,1631,1544,87,67.6,59.4,8.2
2023,QB,RB,QB_vs_RB,Ryan Tannehill,Ezekiel Elliott,1049,3164,1631,1539,92,67.6,115.4,-47.8
2023,QB,RB,QB_vs_RB,Ryan Tannehill,Chuba Hubbard,1049,7594,1631,1434,197,67.6,134.3,-66.7
2023,QB,RB,QB_vs_RB,Aidan O'Connell,Raheem Mostert,10866,2749,1435,1614,-179,108,242.7,-134.7
2023,QB,RB,QB_vs_RB,Aidan O'Connell,Devin Singletary,10866,6130,1435,1576,-141,108,124.8,-16.8
2023,QB,RB,QB_vs_RB,Aidan O'Connell,Zach Evans,10866,9222,1435,1566,-131,108,1.6,106.4
2023,QB,RB,QB_vs_RB,Aidan O'Connell,Jerick McKinnon,10866,2161,1435,1544,-109,108,59.4,48.6
2023,QB,RB,QB_vs_RB,Aidan O'Connell,Ezekiel Elliott,10866,3164,1435,1539,-104,108,115.4,-7.4
2023,QB,RB,QB_vs_RB,Aidan O'Connell,Chuba Hubbard,10866,7594,1435,1434,1,108,134.3,-26.3
2023,QB,RB,QB_vs_RB,Aidan O'Connell,Israel Abanikanda,10866,9227,1435,1426,9,108,8.7,99.3
2023,QB,RB,QB_vs_RB,Aidan O'Connell,Ty Chandler,10866,8230,1435,1416,19,108,71.1,36.9
2023,QB,RB,QB_vs_RB,Aidan O'Connell,Zack Moss,10866,6845,1435,1413,22,108,139.6,-31.6
2023,QB,RB,QB_vs_RB,Aidan O'Connell,Clyde Edwards-Helaire,10866,6820,1435,1412,23,108,52.1,55.9
2023,QB,RB,QB_vs_RB,Aidan O'Connell,Chris Evans,10866,7794,1435,1335,100,108,1.1,106.9
2023,QB,RB,QB_vs_RB,Aidan O'Connell,D'Onta Foreman,10866,4111,1435,1334,101,108,80.2,27.8
2023,QB,RB,QB_vs_RB,Aidan O'Connell,Kyren Williams,10866,8150,1435,1328,107,108,223,-115
2023,QB,RB,QB_vs_RB,Aidan O'Connell,Keaontay Ingram,10866,8221,1435,1308,127,108,10,98
2023,QB,RB,QB_vs_RB,Aidan O'Connell,Jeffery Wilson,10866,5284,1435,1261,174,108,22.8,85.2
2023,QB,RB,QB_vs_RB,Aidan O'Connell,Isaiah Spiller,10866,8153,1435,1255,180,108,13,95
2023,QB,RB,QB_vs_RB,Zach Wilson,Zach Evans,7538,9222,1375,1566,-191,119.9,1.6,118.3
2023,QB,RB,QB_vs_RB,Zach Wilson,Jerick McKinnon,7538,2161,1375,1544,-169,119.9,59.4,60.5
2023,QB,RB,QB_vs_RB,Zach Wilson,Ezekiel Elliott,7538,3164,1375,1539,-164,119.9,115.4,4.5
2023,QB,RB,QB_vs_RB,Zach Wilson,Chuba Hubbard,7538,7594,1375,1434,-59,119.9,134.3,-14.4
2023,QB,RB,QB_vs_RB,Zach Wilson,Israel Abanikanda,7538,9227,1375,1426,-51,119.9,8.7,111.2
2023,QB,RB,QB_vs_RB,Zach Wilson,Ty Chandler,7538,8230,1375,1416,-41,119.9,71.1,48.8
2023,QB,RB,QB_vs_RB,Zach Wilson,Zack Moss,7538,6845,1375,1413,-38,119.9,139.6,-19.7
2023,QB,RB,QB_vs_RB,Zach Wilson,Clyde Edwards-Helaire,7538,6820,1375,1412,-37,119.9,52.1,67.8
2023,QB,RB,QB_vs_RB,Zach Wilson,Chris Evans,7538,7794,1375,1335,40,119.9,1.1,118.8
2023,QB,RB,QB_vs_RB,Zach Wilson,D'Onta Foreman,7538,4111,1375,1334,41,119.9,80.2,39.7
2023,QB,RB,QB_vs_RB,Zach Wilson,Kyren Williams,7538,8150,1375,1328,47,119.9,223,-103.1
2023,QB,RB,QB_vs_RB,Zach Wilson,Keaontay Ingram,7538,8221,1375,1308,67,119.9,10,109.9
2023,QB,RB,QB_vs_RB,Zach Wilson,Jeffery Wilson,7538,5284,1375,1261,114,119.9,22.8,97.1
2023,QB,RB,QB_vs_RB,Zach Wilson,Isaiah Spiller,7538,8153,1375,1255,120,119.9,13,106.9
2023,QB,RB,QB_vs_RB,Zach Wilson,Gus Edwards,7538,5248,1375,1184,191,119.9,172.2,-52.3
2023,QB,RB,QB_vs_RB,Malik Willis,Chuba Hubbard,8161,7594,1282,1434,-152,3.1,134.3,-131.2
2023,QB,RB,QB_vs_RB,Malik Willis,Israel Abanikanda,8161,9227,1282,1426,-144,3.1,8.7,-5.6
2023,QB,RB,QB_vs_RB,Malik Willis,Ty Chandler,8161,8230,1282,1416,-134,3.1,71.1,-68
2023,QB,RB,QB_vs_RB,Malik Willis,Zack Moss,8161,6845,1282,1413,-131,3.1,139.6,-136.5
2023,QB,RB,QB_vs_RB,Malik Willis,Clyde Edwards-Helaire,8161,6820,1282,1412,-130,3.1,52.1,-49
2023,QB,RB,QB_vs_RB,Malik Willis,Chris Evans,8161,7794,1282,1335,-53,3.1,1.1,2
2023,QB,RB,QB_vs_RB,Malik Willis,D'Onta Foreman,8161,4111,1282,1334,-52,3.1,80.2,-77.1
2023,QB,RB,QB_vs_RB,Malik Willis,Kyren Williams,8161,8150,1282,1328,-46,3.1,223,-219.9
2023,QB,RB,QB_vs_RB,Malik Willis,Keaontay Ingram,8161,8221,1282,1308,-26,3.1,10,-6.9
2023,QB,RB,QB_vs_RB,Malik Willis,Jeffery Wilson,8161,5284,1282,1261,21,3.1,22.8,-19.7
2023,QB,RB,QB_vs_RB,Malik Willis,Isaiah Spiller,8161,8153,1282,1255,27,3.1,13,-9.9
2023,QB,RB,QB_vs_RB,Malik Willis,Gus Edwards,8161,5248,1282,1184,98,3.1,172.2,-169.1
2023,QB,RB,QB_vs_RB,Malik Willis,Eric Gray,8161,10223,1282,1093,189,3.1,4.2,-1.1
2023,QB,RB,QB_vs_RB,Malik Willis,Kareem Hunt,8161,4098,1282,1091,191,3.1,103,-99.9
2023,QB,RB,QB_vs_RB,Sam Darnold,Chuba Hubbard,4943,7594,1280,1434,-154,5.9,134.3,-128.4
2023,QB,RB,QB_vs_RB,Sam Darnold,Israel Abanikanda,4943,9227,1280,1426,-146,5.9,8.7,-2.8
2023,QB,RB,QB_vs_RB,Sam Darnold,Ty Chandler,4943,8230,1280,1416,-136,5.9,71.1,-65.2
2023,QB,RB,QB_vs_RB,Sam Darnold,Zack Moss,4943,6845,1280,1413,-133,5.9,139.6,-133.7
2023,QB,RB,QB_vs_RB,Sam Darnold,Clyde Edwards-Helaire,4943,6820,1280,1412,-132,5.9,52.1,-46.2
2023,QB,RB,QB_vs_RB,Sam Darnold,Chris Evans,4943,7794,1280,1335,-55,5.9,1.1,4.8
2023,QB,RB,QB_vs_RB,Sam Darnold,D'Onta Foreman,4943,4111,1280,1334,-54,5.9,80.2,-74.3
2023,QB,RB,QB_vs_RB,Sam Darnold,Kyren Williams,4943,8150,1280,1328,-48,5.9,223,-217.1
2023,QB,RB,QB_vs_RB,Sam Darnold,Keaontay Ingram,4943,8221,1280,1308,-28,5.9,10,-4.1
2023,QB,RB,QB_vs_RB,Sam Darnold,Jeffery Wilson,4943,5284,1280,1261,19,5.9,22.8,-16.9
2023,QB,RB,QB_vs_RB,Sam Darnold,Isaiah Spiller,4943,8153,1280,1255,25,5.9,13,-7.1
2023,QB,RB,QB_vs_RB,Sam Darnold,Gus Edwards,4943,5248,1280,1184,96,5.9,172.2,-166.3
2023,QB,RB,QB_vs_RB,Sam Darnold,Eric Gray,4943,10223,1280,1093,187,5.9,4.2,1.7
2023,QB,RB,QB_vs_RB,Sam Darnold,Kareem Hunt,4943,4098,1280,1091,189,5.9,103,-97.1
2023,QB,RB,QB_vs_RB,Clayton Tune,Chris Evans,10217,7794,1177,1335,-158,7.4,1.1,6.3
2023,QB,RB,QB_vs_RB,Clayton Tune,D'Onta Foreman,10217,4111,1177,1334,-157,7.4,80.2,-72.8
2023,QB,RB,QB_vs_RB,Clayton Tune,Kyren Williams,10217,8150,1177,1328,-151,7.4,223,-215.6
2023,QB,RB,QB_vs_RB,Clayton Tune,Keaontay Ingram,10217,8221,1177,1308,-131,7.4,10,-2.6
2023,QB,RB,QB_vs_RB,Clayton Tune,Jeffery Wilson,10217,5284,1177,1261,-84,7.4,22.8,-15.4
2023,QB,RB,QB_vs_RB,Clayton Tune,Isaiah Spiller,10217,8153,1177,1255,-78,7.4,13,-5.6
2023,QB,RB,QB_vs_RB,Clayton Tune,Gus Edwards,10217,5248,1177,1184,-7,7.4,172.2,-164.8
2023,QB,RB,QB_vs_RB,Clayton Tune,Eric Gray,10217,10223,1177,1093,84,7.4,4.2,3.2
2023,QB,RB,QB_vs_RB,Clayton Tune,Kareem Hunt,10217,4098,1177,1091,86,7.4,103,-95.6
2023,QB,RB,QB_vs_RB,Clayton Tune,Joshua Kelley,10217,7045,1177,1078,99,7.4,53.6,-46.2
2023,QB,RB,QB_vs_RB,Clayton Tune,Michael Carter,10217,7607,1177,1077,100,7.4,32.9,-25.5
2023,QB,RB,QB_vs_RB,Clayton Tune,Jaleel McLaughlin,10217,11439,1177,1069,108,7.4,74.4,-67
2023,QB,RB,QB_vs_RB,Clayton Tune,Rico Dowdle,10217,7021,1177,1061,116,7.4,64.5,-57.1
2023,QB,RB,QB_vs_RB,Clayton Tune,Chris Rodriguez,10217,10219,1177,1055,122,7.4,35.9,-28.5
2023,QB,RB,QB_vs_RB,Clayton Tune,Pierre Strong Jr.,10217,8116,1177,1034,143,7.4,31.3,-23.9
2023,QB,RB,QB_vs_RB,Joshua Dobbs,Isaiah Spiller,4179,8153,1057,1255,-198,200.7,13,187.7
2023,QB,RB,QB_vs_RB,Joshua Dobbs,Gus Edwards,4179,5248,1057,1184,-127,200.7,172.2,28.5
2023,QB,RB,QB_vs_RB,Joshua Dobbs,Eric Gray,4179,10223,1057,1093,-36,200.7,4.2,196.5
2023,QB,RB,QB_vs_RB,Joshua Dobbs,Kareem Hunt,4179,4098,1057,1091,-34,200.7,103,97.7
2023,QB,RB,QB_vs_RB,Joshua Dobbs,Joshua Kelley,4179,7045,1057,1078,-21,200.7,53.6,147.1
2023,QB,RB,QB_vs_RB,Joshua Dobbs,Michael Carter,4179,7607,1057,1077,-20,200.7,32.9,167.8
2023,QB,RB,QB_vs_RB,Joshua Dobbs,Jaleel McLaughlin,4179,11439,1057,1069,-12,200.7,74.4,126.3
2023,QB,RB,QB_vs_RB,Joshua Dobbs,Rico Dowdle,4179,7021,1057,1061,-4,200.7,64.5,136.2
2023,QB,RB,QB_vs_RB,Joshua Dobbs,Chris Rodriguez,4179,10219,1057,1055,2,200.7,35.9,164.8
2023,QB,RB,QB_vs_RB,Joshua Dobbs,Pierre Strong Jr.,4179,8116,1057,1034,23,200.7,31.3,169.4
2023,QB,RB,QB_vs_RB,Joshua Dobbs,Trayveon Williams,4179,6144,1057,865,192,200.7,8.1,192.6
2023,QB,RB,QB_vs_RB,Tyler Huntley,Eric Gray,7083,10223,979,1093,-114,11.8,4.2,7.6
2023,QB,RB,QB_vs_RB,Tyler Huntley,Kareem Hunt,7083,4098,979,1091,-112,11.8,103,-91.2
2023,QB,RB,QB_vs_RB,Tyler Huntley,Joshua Kelley,7083,7045,979,1078,-99,11.8,53.6,-41.8
2023,QB,RB,QB_vs_RB,Tyler Huntley,Michael Carter,7083,7607,979,1077,-98,11.8,32.9,-21.1
2023,QB,RB,QB_vs_RB,Tyler Huntley,Jaleel McLaughlin,7083,11439,979,1069,-90,11.8,74.4,-62.6
2023,QB,RB,QB_vs_RB,Tyler Huntley,Rico Dowdle,7083,7021,979,1061,-82,11.8,64.5,-52.7
2023,QB,RB,QB_vs_RB,Tyler Huntley,Chris Rodriguez,7083,10219,979,1055,-76,11.8,35.9,-24.1
2023,QB,RB,QB_vs_RB,Tyler Huntley,Pierre Strong Jr.,7083,8116,979,1034,-55,11.8,31.3,-19.5
2023,QB,RB,QB_vs_RB,Tyler Huntley,Trayveon Williams,7083,6144,979,865,114,11.8,8.1,3.7
2023,QB,RB,QB_vs_RB,Tyler Huntley,Jordan Mason,7083,8408,979,829,150,11.8,36.9,-25.1
2023,QB,RB,QB_vs_RB,Tyler Huntley,Ke'Shawn Vaughn,7083,6885,979,821,158,11.8,4.4,7.4
2023,QB,RB,QB_vs_RB,Gardner Minshew,Chris Rodriguez,6011,10219,857,1055,-198,187.7,35.9,151.8
2023,QB,RB,QB_vs_RB,Gardner Minshew,Pierre Strong Jr.,6011,8116,857,1034,-177,187.7,31.3,156.4
2023,QB,RB,QB_vs_RB,Gardner Minshew,Trayveon Williams,6011,6144,857,865,-8,187.7,8.1,179.6
2023,QB,RB,QB_vs_RB,Gardner Minshew,Jordan Mason,6011,8408,857,829,28,187.7,36.9,150.8
2023,QB,RB,QB_vs_RB,Gardner Minshew,Ke'Shawn Vaughn,6011,6885,857,821,36,187.7,4.4,183.3
2023,QB,RB,QB_vs_RB,Gardner Minshew,Tyrion Davis-Price,6011,8211,857,771,86,187.7,2.1,185.6
2023,QB,RB,QB_vs_RB,Gardner Minshew,Justice Hill,6011,5995,857,754,103,187.7,78.7,109
2023,QB,RB,QB_vs_RB,Gardner Minshew,Keaton Mitchell,6011,9511,857,751,106,187.7,60.9,126.8
2023,QB,RB,QB_vs_RB,Davis Mills,Trayveon Williams,7585,6144,819,865,-46,17.8,8.1,9.7
2023,QB,RB,QB_vs_RB,Davis Mills,Jordan Mason,7585,8408,819,829,-10,17.8,36.9,-19.1
2023,QB,RB,QB_vs_RB,Davis Mills,Ke'Shawn Vaughn,7585,6885,819,821,-2,17.8,4.4,13.4
2023,QB,RB,QB_vs_RB,Davis Mills,Tyrion Davis-Price,7585,8211,819,771,48,17.8,2.1,15.7
2023,QB,RB,QB_vs_RB,Davis Mills,Justice Hill,7585,5995,819,754,65,17.8,78.7,-60.9
2023,QB,RB,QB_vs_RB,Davis Mills,Keaton Mitchell,7585,9511,819,751,68,17.8,60.9,-43.1
2023,QB,RB,QB_vs_RB,Jameis Winston,Trayveon Williams,2306,6144,803,865,-62,12,8.1,3.9
2023,QB,RB,QB_vs_RB,Jameis Winston,Jordan Mason,2306,8408,803,829,-26,12,36.9,-24.9
2023,QB,RB,QB_vs_RB,Jameis Winston,Ke'Shawn Vaughn,2306,6885,803,821,-18,12,4.4,7.6
2023,QB,RB,QB_vs_RB,Jameis Winston,Tyrion Davis-Price,2306,8211,803,771,32,12,2.1,9.9
2023,QB,RB,QB_vs_RB,Jameis Winston,Justice Hill,2306,5995,803,754,49,12,78.7,-66.7
2023,QB,RB,QB_vs_RB,Jameis Winston,Keaton Mitchell,2306,9511,803,751,52,12,60.9,-48.9
2023,QB,WR,QB_vs_WR,Patrick Mahomes,Justin Jefferson,4046,6794,9999,9948,51,280.2,110.2,170
2023,QB,WR,QB_vs_WR,Josh Allen,Justin Jefferson,4984,6794,9756,9948,-192,369.6,110.2,259.4
2023,QB,WR,QB_vs_WR,Joe Burrow,Ja'Marr Chase,6770,7564,8866,9018,-152,147.2,160.8,-13.6
2023,QB,WR,QB_vs_WR,Justin Fields,Amon-Ra St. Brown,7591,7547,7128,7059,69,221.6,191.5,30.1
2023,QB,WR,QB_vs_WR,Anthony Richardson,DeVonta Smith,9229,7525,6401,6336,65,72.7,146.6,-73.9
2023,QB,WR,QB_vs_WR,Anthony Richardson,Tyreek Hill,9229,3321,6401,6311,90,72.7,243.2,-170.5
2023,QB,WR,QB_vs_WR,Bryce Young,Drake London,9228,8112,5701,5723,-22,152.2,101.3,50.9
2023,QB,WR,QB_vs_WR,Bryce Young,Tee Higgins,9228,6801,5701,5672,29,152.2,95.6,56.6
2023,QB,WR,QB_vs_WR,Bryce Young,Stefon Diggs,9228,2449,5701,5625,76,152.2,158.1,-5.9
2023,QB,WR,QB_vs_WR,Bryce Young,DK Metcalf,9228,5846,5701,5560,141,152.2,158.4,-6.2
2023,QB,WR,QB_vs_WR,Tua Tagovailoa,Stefon Diggs,6768,2449,5438,5625,-187,262.7,158.1,104.6
2023,QB,WR,QB_vs_WR,Tua Tagovailoa,DK Metcalf,6768,5846,5438,5560,-122,262.7,158.4,104.3
2023,QB,WR,QB_vs_WR,C.J. Stroud,Jordan Addison,9758,9756,5227,5132,95,254.5,139.6,114.9
2023,QB,WR,QB_vs_WR,C.J. Stroud,Davante Adams,9758,2133,5227,5120,107,254.5,151.8,102.7
2023,QB,WR,QB_vs_WR,Deshaun Watson,Jordan Addison,4017,9756,5169,5132,37,86.8,139.6,-52.8
2023,QB,WR,QB_vs_WR,Deshaun Watson,Davante Adams,4017,2133,5169,5120,49,86.8,151.8,-65
2023,QB,WR,QB_vs_WR,Deshaun Watson,Christian Watson,4017,8167,5169,4980,189,86.8,73.3,13.5
2023,QB,WR,QB_vs_WR,Daniel Jones,Jordan Addison,5870,9756,5042,5132,-90,57,139.6,-82.6
2023,QB,WR,QB_vs_WR,Daniel Jones,Davante Adams,5870,2133,5042,5120,-78,57,151.8,-94.8
2023,QB,WR,QB_vs_WR,Daniel Jones,Christian Watson,5870,8167,5042,4980,62,57,73.3,-16.3
2023,QB,WR,QB_vs_WR,Daniel Jones,Jahan Dotson,5870,8119,5042,4900,142,57,74.1,-17.1
2023,QB,WR,QB_vs_WR,Daniel Jones,Brandon Aiyuk,5870,6803,5042,4891,151,57,171.7,-114.7
2023,QB,WR,QB_vs_WR,Daniel Jones,Calvin Ridley,5870,4981,5042,4850,192,57,137.3,-80.3
2023,QB,WR,QB_vs_WR,Daniel Jones,Cooper Kupp,5870,4039,5042,4845,197,57,105.4,-48.4
2023,QB,WR,QB_vs_WR,Kyler Murray,Christian Watson,5849,8167,4911,4980,-69,128.6,73.3,55.3
2023,QB,WR,QB_vs_WR,Kyler Murray,Jahan Dotson,5849,8119,4911,4900,11,128.6,74.1,54.5
2023,QB,WR,QB_vs_WR,Kyler Murray,Brandon Aiyuk,5849,6803,4911,4891,20,128.6,171.7,-43.1
2023,QB,WR,QB_vs_WR,Kyler Murray,Calvin Ridley,5849,4981,4911,4850,61,128.6,137.3,-8.7
2023,QB,WR,QB_vs_WR,Kyler Murray,Cooper Kupp,5849,4039,4911,4845,66,128.6,105.4,23.2
2023,QB,WR,QB_vs_WR,Kyler Murray,Zay Flowers,5849,9997,4911,4816,95,128.6,129.4,-0.8
2023,QB,WR,QB_vs_WR,Kyler Murray,D.J. Moore,5849,4983,4911,4719,192,128.6,184.1,-55.5
2023,QB,WR,QB_vs_WR,Kyler Murray,George Pickens,5849,8137,4911,4719,192,128.6,145.5,-16.9
2023,QB,WR,QB_vs_WR,Dak Prescott,Christian Watson,3294,8167,4820,4980,-160,317.7,73.3,244.4
2023,QB,WR,QB_vs_WR,Dak Prescott,Jahan Dotson,3294,8119,4820,4900,-80,317.7,74.1,243.6
2023,QB,WR,QB_vs_WR,Dak Prescott,Brandon Aiyuk,3294,6803,4820,4891,-71,317.7,171.7,146
2023,QB,WR,QB_vs_WR,Dak Prescott,Calvin Ridley,3294,4981,4820,4850,-30,317.7,137.3,180.4
2023,QB,WR,QB_vs_WR,Dak Prescott,Cooper Kupp,3294,4039,4820,4845,-25,317.7,105.4,212.3
2023,QB,WR,QB_vs_WR,Dak Prescott,Zay Flowers,3294,9997,4820,4816,4,317.7,129.4,188.3
2023,QB,WR,QB_vs_WR,Dak Prescott,D.J. Moore,3294,4983,4820,4719,101,317.7,184.1,133.6
2023,QB,WR,QB_vs_WR,Dak Prescott,George Pickens,3294,8137,4820,4719,101,317.7,145.5,172.2
2023,QB,WR,QB_vs_WR,Kenny Pickett,Calvin Ridley,8160,4981,4690,4850,-160,110.2,137.3,-27.1
2023,QB,WR,QB_vs_WR,Kenny Pickett,Cooper Kupp,8160,4039,4690,4845,-155,110.2,105.4,4.8
2023,QB,WR,QB_vs_WR,Kenny Pickett,Zay Flowers,8160,9997,4690,4816,-126,110.2,129.4,-19.2
2023,QB,WR,QB_vs_WR,Kenny Pickett,D.J. Moore,8160,4983,4690,4719,-29,110.2,184.1,-73.9
2023,QB,WR,QB_vs_WR,Kenny Pickett,George Pickens,8160,8137,4690,4719,-29,110.2,145.5,-35.3
2023,QB,WR,QB_vs_WR,Kenny Pickett,Quentin Johnston,8160,9754,4690,4518,172,110.2,53.7,56.5
2023,QB,WR,QB_vs_WR,Jordan Love,Quentin Johnston,6804,9754,4452,4518,-66,300.5,53.7,246.8
2023,QB,WR,QB_vs_WR,Jordan Love,Deebo Samuel,6804,5872,4452,4258,194,300.5,180.5,120
2023,QB,WR,QB_vs_WR,Jared Goff,Deebo Samuel,3163,5872,4061,4258,-197,268.3,180.5,87.8
2023,QB,WR,QB_vs_WR,Jared Goff,Jerry Jeudy,3163,6783,4061,4225,-164,268.3,73.9,194.4
2023,QB,WR,QB_vs_WR,Jared Goff,Terry McLaurin,3163,5927,4061,4067,-6,268.3,124.6,143.7
2023,QB,WR,QB_vs_WR,Jared Goff,Diontae Johnson,3163,5937,4061,4042,19,268.3,86.8,181.5
2023,QB,WR,QB_vs_WR,Jared Goff,Treylon Burks,3163,8135,4061,3984,77,268.3,23.9,244.4
2023,QB,WR,QB_vs_WR,Jared Goff,Chris Godwin,3163,4037,4061,3962,99,268.3,120.7,147.6
2023,QB,WR,QB_vs_WR,Brock Purdy,Terry McLaurin,8183,5927,3994,4067,-73,295.6,124.6,171
2023,QB,WR,QB_vs_WR,Brock Purdy,Diontae Johnson,8183,5937,3994,4042,-48,295.6,86.8,208.8
2023,QB,WR,QB_vs_WR,Brock Purdy,Treylon Burks,8183,8135,3994,3984,10,295.6,23.9,271.7
2023,QB,WR,QB_vs_WR,Brock Purdy,Chris Godwin,8183,4037,3994,3962,32,295.6,120.7,174.9
2023,QB,WR,QB_vs_WR,Brock Purdy,Michael Pittman,8183,6819,3994,3856,138,295.6,138.8,156.8
2023,QB,WR,QB_vs_WR,Brock Purdy,Amari Cooper,8183,2309,3994,3841,153,295.6,155,140.6
2023,QB,WR,QB_vs_WR,Brock Purdy,Jameson Williams,8183,8148,3994,3795,199,295.6,56.3,239.3
2023,QB,WR,QB_vs_WR,Sam Howell,Michael Pittman,8162,6819,3743,3856,-113,250.1,138.8,111.3
2023,QB,WR,QB_vs_WR,Sam Howell,Amari Cooper,8162,2309,3743,3841,-98,250.1,155,95.1
2023,QB,WR,QB_vs_WR,Sam Howell,Jameson Williams,8162,8148,3743,3795,-52,250.1,56.3,193.8
2023,QB,WR,QB_vs_WR,Sam Howell,Christian Kirk,8162,4950,3743,3790,-47,250.1,93.3,156.8
2023,QB,WR,QB_vs_WR,Geno Smith,Michael Pittman,1373,6819,3706,3856,-150,205.9,138.8,67.1
2023,QB,WR,QB_vs_WR,Geno Smith,Amari Cooper,1373,2309,3706,3841,-135,205.9,155,50.9
2023,QB,WR,QB_vs_WR,Geno Smith,Jameson Williams,1373,8148,3706,3795,-89,205.9,56.3,149.6
2023,QB,WR,QB_vs_WR,Geno Smith,Christian Kirk,1373,4950,3706,3790,-84,205.9,93.3,112.6
2023,QB,WR,QB_vs_WR,Geno Smith,Marquise Brown,1373,5848,3706,3532,174,205.9,83.7,122.2
2023,QB,WR,QB_vs_WR,Kirk Cousins,Michael Pittman,1166,6819,3662,3856,-194,149.7,138.8,10.9
2023,QB,WR,QB_vs_WR,Kirk Cousins,Amari Cooper,1166,2309,3662,3841,-179,149.7,155,-5.3
2023,QB,WR,QB_vs_WR,Kirk Cousins,Jameson Williams,1166,8148,3662,3795,-133,149.7,56.3,93.4
2023,QB,WR,QB_vs_WR,Kirk Cousins,Christian Kirk,1166,4950,3662,3790,-128,149.7,93.3,56.4
2023,QB,WR,QB_vs_WR,Kirk Cousins,Marquise Brown,1166,5848,3662,3532,130,149.7,83.7,66
2023,QB,WR,QB_vs_WR,Derek Carr,Keenan Allen,2028,1479,3267,3441,-174,214,170.9,43.1
2023,QB,WR,QB_vs_WR,Derek Carr,Skyy Moore,2028,8168,3267,3354,-87,214,32.7,181.3
2023,QB,WR,QB_vs_WR,Derek Carr,Marvin Mims,2028,9494,3267,3348,-81,214,47,167
2023,QB,WR,QB_vs_WR,Derek Carr,Elijah Moore,2028,7596,3267,3284,-17,214,73.1,140.9
2023,QB,WR,QB_vs_WR,Derek Carr,Mike Williams,2028,4068,3267,3268,-1,214,31.2,182.8
2023,QB,WR,QB_vs_WR,Derek Carr,Mike Evans,2028,2216,3267,3227,40,214,201.3,12.7
2023,QB,WR,QB_vs_WR,Derek Carr,Jonathan Mingo,2028,10225,3267,3177,90,214,41.8,172.2
2023,QB,WR,QB_vs_WR,Derek Carr,Tyler Lockett,2028,2374,3267,3113,154,214,108.3,105.7
2023,QB,WR,QB_vs_WR,Russell Wilson,Skyy Moore,1234,8168,3165,3354,-189,256.9,32.7,224.2
2023,QB,WR,QB_vs_WR,Russell Wilson,Marvin Mims,1234,9494,3165,3348,-183,256.9,47,209.9
2023,QB,WR,QB_vs_WR,Russell Wilson,Elijah Moore,1234,7596,3165,3284,-119,256.9,73.1,183.8
2023,QB,WR,QB_vs_WR,Russell Wilson,Mike Williams,1234,4068,3165,3268,-103,256.9,31.2,225.7
2023,QB,WR,QB_vs_WR,Russell Wilson,Mike Evans,1234,2216,3165,3227,-62,256.9,201.3,55.6
2023,QB,WR,QB_vs_WR,Russell Wilson,Jonathan Mingo,1234,10225,3165,3177,-12,256.9,41.8,215.1
2023,QB,WR,QB_vs_WR,Russell Wilson,Tyler Lockett,1234,2374,3165,3113,52,256.9,108.3,148.6
2023,QB,WR,QB_vs_WR,Russell Wilson,Gabriel Davis,1234,6943,3165,3018,147,256.9,116.4,140.5
2023,QB,WR,QB_vs_WR,Russell Wilson,Rashod Bateman,1234,7571,3165,3014,151,256.9,44.5,212.4
2023,QB,WR,QB_vs_WR,Russell Wilson,DeAndre Hopkins,1234,1426,3165,3010,155,256.9,138,118.9
2023,QB,WR,QB_vs_WR,Desmond Ridder,Mike Evans,8159,2216,3064,3227,-163,160.5,201.3,-40.8
2023,QB,WR,QB_vs_WR,Desmond Ridder,Jonathan Mingo,8159,10225,3064,3177,-113,160.5,41.8,118.7
2023,QB,WR,QB_vs_WR,Desmond Ridder,Tyler Lockett,8159,2374,3064,3113,-49,160.5,108.3,52.2
2023,QB,WR,QB_vs_WR,Desmond Ridder,Gabriel Davis,8159,6943,3064,3018,46,160.5,116.4,44.1
2023,QB,WR,QB_vs_WR,Desmond Ridder,Rashod Bateman,8159,7571,3064,3014,50,160.5,44.5,116
2023,QB,WR,QB_vs_WR,Desmond Ridder,DeAndre Hopkins,8159,1426,3064,3010,54,160.5,138,22.5
2023,QB,WR,QB_vs_WR,Mac Jones,Jonathan Mingo,7527,10225,2997,3177,-180,106.4,41.8,64.6
2023,QB,WR,QB_vs_WR,Mac Jones,Tyler Lockett,7527,2374,2997,3113,-116,106.4,108.3,-1.9
2023,QB,WR,QB_vs_WR,Mac Jones,Gabriel Davis,7527,6943,2997,3018,-21,106.4,116.4,-10
2023,QB,WR,QB_vs_WR,Mac Jones,Rashod Bateman,7527,7571,2997,3014,-17,106.4,44.5,61.9
2023,QB,WR,QB_vs_WR,Mac Jones,DeAndre Hopkins,7527,1426,2997,3010,-13,106.4,138,-31.6
2023,QB,WR,QB_vs_WR,Mac Jones,Romeo Doubs,7527,8121,2997,2863,134,106.4,115.4,-9
2023,QB,WR,QB_vs_WR,Will Levis,Wan'Dale Robinson,9999,8126,2263,2362,-99,102,64.7,37.3
2023,QB,WR,QB_vs_WR,Will Levis,John Metchie,9999,8147,2263,2343,-80,102,15.7,86.3
2023,QB,WR,QB_vs_WR,Will Levis,JuJu Smith-Schuster,9999,4040,2263,2308,-45,102,32,70
2023,QB,WR,QB_vs_WR,Will Levis,Darnell Mooney,9999,7090,2263,2257,6,102,47.9,54.1
2023,QB,WR,QB_vs_WR,Will Levis,Alec Pierce,9999,8142,2263,2256,7,102,63.4,38.6
2023,QB,WR,QB_vs_WR,Will Levis,Tank Dell,9999,9502,2263,2182,81,102,118,-16
2023,QB,WR,QB_vs_WR,Will Levis,Michael Thomas,9999,3199,2263,2153,110,102,50.8,51.2
2023,QB,WR,QB_vs_WR,Will Levis,Jakobi Meyers,9999,5947,2263,2135,128,102,129,-27
2023,QB,WR,QB_vs_WR,Will Levis,Rondale Moore,9999,7601,2263,2100,163,102,61.4,40.6
2023,QB,WR,QB_vs_WR,Matthew Stafford,Wan'Dale Robinson,421,8126,2185,2362,-177,243.1,64.7,178.4
2023,QB,WR,QB_vs_WR,Matthew Stafford,John Metchie,421,8147,2185,2343,-158,243.1,15.7,227.4
2023,QB,WR,QB_vs_WR,Matthew Stafford,JuJu Smith-Schuster,421,4040,2185,2308,-123,243.1,32,211.1
2023,QB,WR,QB_vs_WR,Matthew Stafford,Darnell Mooney,421,7090,2185,2257,-72,243.1,47.9,195.2
2023,QB,WR,QB_vs_WR,Matthew Stafford,Alec Pierce,421,8142,2185,2256,-71,243.1,63.4,179.7
2023,QB,WR,QB_vs_WR,Matthew Stafford,Tank Dell,421,9502,2185,2182,3,243.1,118,125.1
2023,QB,WR,QB_vs_WR,Matthew Stafford,Michael Thomas,421,3199,2185,2153,32,243.1,50.8,192.3
2023,QB,WR,QB_vs_WR,Matthew Stafford,Jakobi Meyers,421,5947,2185,2135,50,243.1,129,114.1
2023,QB,WR,QB_vs_WR,Matthew Stafford,Rondale Moore,421,7601,2185,2100,85,243.1,61.4,181.7
2023,QB,WR,QB_vs_WR,Matthew Stafford,Justyn Ross,421,8140,2185,2041,144,243.1,3.6,239.5
2023,QB,WR,QB_vs_WR,Matthew Stafford,Donovan Peoples-Jones,421,6824,2185,2023,162,243.1,13,230.1
2023,QB,WR,QB_vs_WR,Matthew Stafford,Michael Wilson,421,10232,2185,1991,194,243.1,67,176.1
2023,QB,WR,QB_vs_WR,Jimmy Garoppolo,JuJu Smith-Schuster,1837,4040,2126,2308,-182,64.1,32,32.1
2023,QB,WR,QB_vs_WR,Jimmy Garoppolo,Darnell Mooney,1837,7090,2126,2257,-131,64.1,47.9,16.2
2023,QB,WR,QB_vs_WR,Jimmy Garoppolo,Alec Pierce,1837,8142,2126,2256,-130,64.1,63.4,0.7
2023,QB,WR,QB_vs_WR,Jimmy Garoppolo,Tank Dell,1837,9502,2126,2182,-56,64.1,118,-53.9
2023,QB,WR,QB_vs_WR,Jimmy Garoppolo,Michael Thomas,1837,3199,2126,2153,-27,64.1,50.8,13.3
2023,QB,WR,QB_vs_WR,Jimmy Garoppolo,Jakobi Meyers,1837,5947,2126,2135,-9,64.1,129,-64.9
2023,QB,WR,QB_vs_WR,Jimmy Garoppolo,Rondale Moore,1837,7601,2126,2100,26,64.1,61.4,2.7
2023,QB,WR,QB_vs_WR,Jimmy Garoppolo,Justyn Ross,1837,8140,2126,2041,85,64.1,3.6,60.5
2023,QB,WR,QB_vs_WR,Jimmy Garoppolo,Donovan Peoples-Jones,1837,6824,2126,2023,103,64.1,13,51.1
2023,QB,WR,QB_vs_WR,Jimmy Garoppolo,Michael Wilson,1837,10232,2126,1991,135,64.1,67,-2.9
2023,QB,WR,QB_vs_WR,Baker Mayfield,Rondale Moore,4892,7601,1931,2100,-169,267.9,61.4,206.5
2023,QB,WR,QB_vs_WR,Baker Mayfield,Justyn Ross,4892,8140,1931,2041,-110,267.9,3.6,264.3
2023,QB,WR,QB_vs_WR,Baker Mayfield,Donovan Peoples-Jones,4892,6824,1931,2023,-92,267.9,13,254.9
2023,QB,WR,QB_vs_WR,Baker Mayfield,Michael Wilson,4892,10232,1931,1991,-60,267.9,67,200.9
2023,QB,WR,QB_vs_WR,Baker Mayfield,Puka Nacua,4892,9493,1931,1919,12,267.9,183.4,84.5
2023,QB,WR,QB_vs_WR,Baker Mayfield,Allen Lazard,4892,5185,1931,1914,17,267.9,37.1,230.8
2023,QB,WR,QB_vs_WR,Baker Mayfield,Cedric Tillman,4892,10444,1931,1912,19,267.9,18.9,249
2023,QB,WR,QB_vs_WR,Baker Mayfield,Tyler Boyd,4892,3225,1931,1908,23,267.9,77.4,190.5
2023,QB,WR,QB_vs_WR,Baker Mayfield,Zay Jones,4892,4080,1931,1904,27,267.9,39.4,228.5
2023,QB,WR,QB_vs_WR,Baker Mayfield,Rashid Shaheed,4892,8676,1931,1891,40,267.9,97.1,170.8
2023,QB,WR,QB_vs_WR,Baker Mayfield,D.J. Chark,4892,4951,1931,1880,51,267.9,77.9,190
2023,QB,WR,QB_vs_WR,Baker Mayfield,Michael Gallup,4892,5038,1931,1867,64,267.9,53.8,214.1
2023,QB,WR,QB_vs_WR,Baker Mayfield,Isaiah Hodgins,4892,6920,1931,1801,130,267.9,35.4,232.5
2023,QB,WR,QB_vs_WR,Dorian Thompson-Robinson,Allen Lazard,10862,5185,1715,1914,-199,22.1,37.1,-15
2023,QB,WR,QB_vs_WR,Dorian Thompson-Robinson,Cedric Tillman,10862,10444,1715,1912,-197,22.1,18.9,3.2
2023,QB,WR,QB_vs_WR,Dorian Thompson-Robinson,Tyler Boyd,10862,3225,1715,1908,-193,22.1,77.4,-55.3
2023,QB,WR,QB_vs_WR,Dorian Thompson-Robinson,Zay Jones,10862,4080,1715,1904,-189,22.1,39.4,-17.3
2023,QB,WR,QB_vs_WR,Dorian Thompson-Robinson,Rashid Shaheed,10862,8676,1715,1891,-176,22.1,97.1,-75
2023,QB,WR,QB_vs_WR,Dorian Thompson-Robinson,D.J. Chark,10862,4951,1715,1880,-165,22.1,77.9,-55.8
2023,QB,WR,QB_vs_WR,Dorian Thompson-Robinson,Michael Gallup,10862,5038,1715,1867,-152,22.1,53.8,-31.7
2023,QB,WR,QB_vs_WR,Dorian Thompson-Robinson,Isaiah Hodgins,10862,6920,1715,1801,-86,22.1,35.4,-13.3
2023,QB,WR,QB_vs_WR,Dorian Thompson-Robinson,Van Jefferson,10862,6853,1715,1698,17,22.1,20,2.1
2023,QB,WR,QB_vs_WR,Dorian Thompson-Robinson,Odell Beckham,10862,2078,1715,1675,40,22.1,72.5,-50.4
2023,QB,WR,QB_vs_WR,Dorian Thompson-Robinson,Josh Palmer,10862,7670,1715,1586,129,22.1,63.7,-41.6
2023,QB,WR,QB_vs_WR,Dorian Thompson-Robinson,Chase Claypool,10862,6886,1715,1564,151,22.1,13.4,8.7
2023,QB,WR,QB_vs_WR,Dorian Thompson-Robinson,K.J. Osborn,10862,7066,1715,1534,181,22.1,71.1,-49
2023,QB,WR,QB_vs_WR,Ryan Tannehill,Isaiah Hodgins,1049,6920,1631,1801,-170,67.6,35.4,32.2
2023,QB,WR,QB_vs_WR,Ryan Tannehill,Van Jefferson,1049,6853,1631,1698,-67,67.6,20,47.6
2023,QB,WR,QB_vs_WR,Ryan Tannehill,Odell Beckham,1049,2078,1631,1675,-44,67.6,72.5,-4.9
2023,QB,WR,QB_vs_WR,Ryan Tannehill,Josh Palmer,1049,7670,1631,1586,45,67.6,63.7,3.9
2023,QB,WR,QB_vs_WR,Ryan Tannehill,Chase Claypool,1049,6886,1631,1564,67,67.6,13.4,54.2
2023,QB,WR,QB_vs_WR,Ryan Tannehill,K.J. Osborn,1049,7066,1631,1534,97,67.6,71.1,-3.5
2023,QB,WR,QB_vs_WR,Ryan Tannehill,Curtis Samuel,1049,4082,1631,1496,135,67.6,92.2,-24.6
2023,QB,WR,QB_vs_WR,Ryan Tannehill,Kayshon Boutte,1049,9504,1631,1482,149,67.6,1.9,65.7
2023,QB,WR,QB_vs_WR,Ryan Tannehill,Hunter Renfrow,1049,5955,1631,1457,174,67.6,23.5,44.1
2023,QB,WR,QB_vs_WR,Ryan Tannehill,Trey Palmer,1049,9492,1631,1455,176,67.6,55.7,11.9
2023,QB,WR,QB_vs_WR,Aidan O'Connell,Josh Palmer,10866,7670,1435,1586,-151,108,63.7,44.3
2023,QB,WR,QB_vs_WR,Aidan O'Connell,Chase Claypool,10866,6886,1435,1564,-129,108,13.4,94.6
2023,QB,WR,QB_vs_WR,Aidan O'Connell,K.J. Osborn,10866,7066,1435,1534,-99,108,71.1,36.9
2023,QB,WR,QB_vs_WR,Aidan O'Connell,Curtis Samuel,10866,4082,1435,1496,-61,108,92.2,15.8
2023,QB,WR,QB_vs_WR,Aidan O'Connell,Kayshon Boutte,10866,9504,1435,1482,-47,108,1.9,106.1
2023,QB,WR,QB_vs_WR,Aidan O'Connell,Hunter Renfrow,10866,5955,1435,1457,-22,108,23.5,84.5
2023,QB,WR,QB_vs_WR,Aidan O'Connell,Trey Palmer,10866,9492,1435,1455,-20,108,55.7,52.3
2023,QB,WR,QB_vs_WR,Aidan O'Connell,Adam Thielen,10866,1689,1435,1427,8,108,126.8,-18.8
2023,QB,WR,QB_vs_WR,Aidan O'Connell,Darius Slayton,10866,6149,1435,1410,25,108,88.8,19.2
2023,QB,WR,QB_vs_WR,Aidan O'Connell,Parris Campbell,10866,5880,1435,1388,47,108,10.4,97.6
2023,QB,WR,QB_vs_WR,Aidan O'Connell,Mecole Hardman,10866,5917,1435,1385,50,108,3,105
2023,QB,WR,QB_vs_WR,Aidan O'Connell,Terrace Marshall,10866,7565,1435,1371,64,108,13.4,94.6
2023,QB,WR,QB_vs_WR,Aidan O'Connell,Marquez Valdes-Scantling,10866,5086,1435,1287,148,108,35.5,72.5
2023,QB,WR,QB_vs_WR,Aidan O'Connell,Calvin Austin III,10866,8125,1435,1281,154,108,34.9,73.1
2023,QB,WR,QB_vs_WR,Aidan O'Connell,Xavier Hutchinson,10866,10218,1435,1261,174,108,13.3,94.7
2023,QB,WR,QB_vs_WR,Aidan O'Connell,Tyquan Thornton,10866,8188,1435,1240,195,108,14.2,93.8
2023,QB,WR,QB_vs_WR,Zach Wilson,Chase Claypool,7538,6886,1375,1564,-189,119.9,13.4,106.5
2023,QB,WR,QB_vs_WR,Zach Wilson,K.J. Osborn,7538,7066,1375,1534,-159,119.9,71.1,48.8
2023,QB,WR,QB_vs_WR,Zach Wilson,Curtis Samuel,7538,4082,1375,1496,-121,119.9,92.2,27.7
2023,QB,WR,QB_vs_WR,Zach Wilson,Kayshon Boutte,7538,9504,1375,1482,-107,119.9,1.9,118
2023,QB,WR,QB_vs_WR,Zach Wilson,Hunter Renfrow,7538,5955,1375,1457,-82,119.9,23.5,96.4
2023,QB,WR,QB_vs_WR,Zach Wilson,Trey Palmer,7538,9492,1375,1455,-80,119.9,55.7,64.2
2023,QB,WR,QB_vs_WR,Zach Wilson,Adam Thielen,7538,1689,1375,1427,-52,119.9,126.8,-6.9
2023,QB,WR,QB_vs_WR,Zach Wilson,Darius Slayton,7538,6149,1375,1410,-35,119.9,88.8,31.1
2023,QB,WR,QB_vs_WR,Zach Wilson,Parris Campbell,7538,5880,1375,1388,-13,119.9,10.4,109.5
2023,QB,WR,QB_vs_WR,Zach Wilson,Mecole Hardman,7538,5917,1375,1385,-10,119.9,3,116.9
2023,QB,WR,QB_vs_WR,Zach Wilson,Terrace Marshall,7538,7565,1375,1371,4,119.9,13.4,106.5
2023,QB,WR,QB_vs_WR,Zach Wilson,Marquez Valdes-Scantling,7538,5086,1375,1287,88,119.9,35.5,84.4
2023,QB,WR,QB_vs_WR,Zach Wilson,Calvin Austin III,7538,8125,1375,1281,94,119.9,34.9,85
2023,QB,WR,QB_vs_WR,Zach Wilson,Xavier Hutchinson,7538,10218,1375,1261,114,119.9,13.3,106.6
2023,QB,WR,QB_vs_WR,Zach Wilson,Tyquan Thornton,7538,8188,1375,1240,135,119.9,14.2,105.7
2023,QB,WR,QB_vs_WR,Zach Wilson,Khalil Shakir,7538,8134,1375,1220,155,119.9,63.6,56.3
2023,QB,WR,QB_vs_WR,Zach Wilson,Greg Dortch,7538,5970,1375,1183,192,119.9,39.1,80.8
2023,QB,WR,QB_vs_WR,Malik Willis,Kayshon Boutte,8161,9504,1282,1482,-200,3.1,1.9,1.2
2023,QB,WR,QB_vs_WR,Malik Willis,Hunter Renfrow,8161,5955,1282,1457,-175,3.1,23.5,-20.4
2023,QB,WR,QB_vs_WR,Malik Willis,Trey Palmer,8161,9492,1282,1455,-173,3.1,55.7,-52.6
2023,QB,WR,QB_vs_WR,Malik Willis,Adam Thielen,8161,1689,1282,1427,-145,3.1,126.8,-123.7
2023,QB,WR,QB_vs_WR,Malik Willis,Darius Slayton,8161,6149,1282,1410,-128,3.1,88.8,-85.7
2023,QB,WR,QB_vs_WR,Malik Willis,Parris Campbell,8161,5880,1282,1388,-106,3.1,10.4,-7.3
2023,QB,WR,QB_vs_WR,Malik Willis,Mecole Hardman,8161,5917,1282,1385,-103,3.1,3,0.1
2023,QB,WR,QB_vs_WR,Malik Willis,Terrace Marshall,8161,7565,1282,1371,-89,3.1,13.4,-10.3
2023,QB,WR,QB_vs_WR,Malik Willis,Marquez Valdes-Scantling,8161,5086,1282,1287,-5,3.1,35.5,-32.4
2023,QB,WR,QB_vs_WR,Malik Willis,Calvin Austin III,8161,8125,1282,1281,1,3.1,34.9,-31.8
2023,QB,WR,QB_vs_WR,Malik Willis,Xavier Hutchinson,8161,10218,1282,1261,21,3.1,13.3,-10.2
2023,QB,WR,QB_vs_WR,Malik Willis,Tyquan Thornton,8161,8188,1282,1240,42,3.1,14.2,-11.1
2023,QB,WR,QB_vs_WR,Malik Willis,Khalil Shakir,8161,8134,1282,1220,62,3.1,63.6,-60.5
2023,QB,WR,QB_vs_WR,Malik Willis,Greg Dortch,8161,5970,1282,1183,99,3.1,39.1,-36
2023,QB,WR,QB_vs_WR,Malik Willis,A.T. Perry,8161,10863,1282,1138,144,3.1,31.3,-28.2
2023,QB,WR,QB_vs_WR,Sam Darnold,Hunter Renfrow,4943,5955,1280,1457,-177,5.9,23.5,-17.6
2023,QB,WR,QB_vs_WR,Sam Darnold,Trey Palmer,4943,9492,1280,1455,-175,5.9,55.7,-49.8
2023,QB,WR,QB_vs_WR,Sam Darnold,Adam Thielen,4943,1689,1280,1427,-147,5.9,126.8,-120.9
2023,QB,WR,QB_vs_WR,Sam Darnold,Darius Slayton,4943,6149,1280,1410,-130,5.9,88.8,-82.9
2023,QB,WR,QB_vs_WR,Sam Darnold,Parris Campbell,4943,5880,1280,1388,-108,5.9,10.4,-4.5
2023,QB,WR,QB_vs_WR,Sam Darnold,Mecole Hardman,4943,5917,1280,1385,-105,5.9,3,2.9
2023,QB,WR,QB_vs_WR,Sam Darnold,Terrace Marshall,4943,7565,1280,1371,-91,5.9,13.4,-7.5
2023,QB,WR,QB_vs_WR,Sam Darnold,Marquez Valdes-Scantling,4943,5086,1280,1287,-7,5.9,35.5,-29.6
2023,QB,WR,QB_vs_WR,Sam Darnold,Calvin Austin III,4943,8125,1280,1281,-1,5.9,34.9,-29
2023,QB,WR,QB_vs_WR,Sam Darnold,Xavier Hutchinson,4943,10218,1280,1261,19,5.9,13.3,-7.4
2023,QB,WR,QB_vs_WR,Sam Darnold,Tyquan Thornton,4943,8188,1280,1240,40,5.9,14.2,-8.3
2023,QB,WR,QB_vs_WR,Sam Darnold,Khalil Shakir,4943,8134,1280,1220,60,5.9,63.6,-57.7
2023,QB,WR,QB_vs_WR,Sam Darnold,Greg Dortch,4943,5970,1280,1183,97,5.9,39.1,-33.2
2023,QB,WR,QB_vs_WR,Sam Darnold,A.T. Perry,4943,10863,1280,1138,142,5.9,31.3,-25.4
2023,QB,WR,QB_vs_WR,Clayton Tune,Terrace Marshall,10217,7565,1177,1371,-194,7.4,13.4,-6
2023,QB,WR,QB_vs_WR,Clayton Tune,Marquez Valdes-Scantling,10217,5086,1177,1287,-110,7.4,35.5,-28.1
2023,QB,WR,QB_vs_WR,Clayton Tune,Calvin Austin III,10217,8125,1177,1281,-104,7.4,34.9,-27.5
2023,QB,WR,QB_vs_WR,Clayton Tune,Xavier Hutchinson,10217,10218,1177,1261,-84,7.4,13.3,-5.9
2023,QB,WR,QB_vs_WR,Clayton Tune,Tyquan Thornton,10217,8188,1177,1240,-63,7.4,14.2,-6.8
2023,QB,WR,QB_vs_WR,Clayton Tune,Khalil Shakir,10217,8134,1177,1220,-43,7.4,63.6,-56.2
2023,QB,WR,QB_vs_WR,Clayton Tune,Greg Dortch,10217,5970,1177,1183,-6,7.4,39.1,-31.7
2023,QB,WR,QB_vs_WR,Clayton Tune,A.T. Perry,10217,10863,1177,1138,39,7.4,31.3,-23.9
2023,QB,WR,QB_vs_WR,Clayton Tune,Jalen Tolbert,10217,8117,1177,1048,129,7.4,30,-22.6
2023,QB,WR,QB_vs_WR,Clayton Tune,Richie James,10217,5137,1177,1046,131,7.4,7.9,-0.5
2023,QB,WR,QB_vs_WR,Clayton Tune,Tutu Atwell,10217,7562,1177,1014,163,7.4,71.1,-63.7
2023,QB,WR,QB_vs_WR,Clayton Tune,Dyami Brown,10217,7587,1177,996,181,7.4,22.8,-15.4
2023,QB,WR,QB_vs_WR,Joshua Dobbs,Tyquan Thornton,4179,8188,1057,1240,-183,200.7,14.2,186.5
2023,QB,WR,QB_vs_WR,Joshua Dobbs,Khalil Shakir,4179,8134,1057,1220,-163,200.7,63.6,137.1
2023,QB,WR,QB_vs_WR,Joshua Dobbs,Greg Dortch,4179,5970,1057,1183,-126,200.7,39.1,161.6
2023,QB,WR,QB_vs_WR,Joshua Dobbs,A.T. Perry,4179,10863,1057,1138,-81,200.7,31.3,169.4
2023,QB,WR,QB_vs_WR,Joshua Dobbs,Jalen Tolbert,4179,8117,1057,1048,9,200.7,30,170.7
2023,QB,WR,QB_vs_WR,Joshua Dobbs,Richie James,4179,5137,1057,1046,11,200.7,7.9,192.8
2023,QB,WR,QB_vs_WR,Joshua Dobbs,Tutu Atwell,4179,7562,1057,1014,43,200.7,71.1,129.6
2023,QB,WR,QB_vs_WR,Joshua Dobbs,Dyami Brown,4179,7587,1057,996,61,200.7,22.8,177.9
2023,QB,WR,QB_vs_WR,Joshua Dobbs,Demario Douglas,4179,9501,1057,954,103,200.7,56.9,143.8
2023,QB,WR,QB_vs_WR,Joshua Dobbs,David Bell,4179,8118,1057,942,115,200.7,15.9,184.8
2023,QB,WR,QB_vs_WR,Joshua Dobbs,DeVante Parker,4179,2319,1057,940,117,200.7,38.8,161.9
2023,QB,WR,QB_vs_WR,Joshua Dobbs,Kendrick Bourne,4179,4454,1057,928,129,200.7,63,137.7
2023,QB,WR,QB_vs_WR,Joshua Dobbs,Tyler Scott,4179,9490,1057,920,137,200.7,17.7,183
2023,QB,WR,QB_vs_WR,Joshua Dobbs,Charlie Jones,4179,10228,1057,896,161,200.7,7.5,193.2
2023,QB,WR,QB_vs_WR,Tyler Huntley,A.T. Perry,7083,10863,979,1138,-159,11.8,31.3,-19.5
2023,QB,WR,QB_vs_WR,Tyler Huntley,Jalen Tolbert,7083,8117,979,1048,-69,11.8,30,-18.2
2023,QB,WR,QB_vs_WR,Tyler Huntley,Richie James,7083,5137,979,1046,-67,11.8,7.9,3.9
2023,QB,WR,QB_vs_WR,Tyler Huntley,Tutu Atwell,7083,7562,979,1014,-35,11.8,71.1,-59.3
2023,QB,WR,QB_vs_WR,Tyler Huntley,Dyami Brown,7083,7587,979,996,-17,11.8,22.8,-11
2023,QB,WR,QB_vs_WR,Tyler Huntley,Demario Douglas,7083,9501,979,954,25,11.8,56.9,-45.1
2023,QB,WR,QB_vs_WR,Tyler Huntley,David Bell,7083,8118,979,942,37,11.8,15.9,-4.1
2023,QB,WR,QB_vs_WR,Tyler Huntley,DeVante Parker,7083,2319,979,940,39,11.8,38.8,-27
2023,QB,WR,QB_vs_WR,Tyler Huntley,Kendrick Bourne,7083,4454,979,928,51,11.8,63,-51.2
2023,QB,WR,QB_vs_WR,Tyler Huntley,Tyler Scott,7083,9490,979,920,59,11.8,17.7,-5.9
2023,QB,WR,QB_vs_WR,Tyler Huntley,Charlie Jones,7083,10228,979,896,83,11.8,7.5,4.3
2023,QB,WR,QB_vs_WR,Tyler Huntley,Laviska Shenault,7083,6814,979,844,135,11.8,11.5,0.3
2023,QB,WR,QB_vs_WR,Tyler Huntley,Robert Woods,7083,1352,979,838,141,11.8,49.3,-37.5
2023,QB,WR,QB_vs_WR,Gardner Minshew,Jalen Tolbert,6011,8117,857,1048,-191,187.7,30,157.7
2023,QB,WR,QB_vs_WR,Gardner Minshew,Richie James,6011,5137,857,1046,-189,187.7,7.9,179.8
2023,QB,WR,QB_vs_WR,Gardner Minshew,Tutu Atwell,6011,7562,857,1014,-157,187.7,71.1,116.6
2023,QB,WR,QB_vs_WR,Gardner Minshew,Dyami Brown,6011,7587,857,996,-139,187.7,22.8,164.9
2023,QB,WR,QB_vs_WR,Gardner Minshew,Demario Douglas,6011,9501,857,954,-97,187.7,56.9,130.8
2023,QB,WR,QB_vs_WR,Gardner Minshew,David Bell,6011,8118,857,942,-85,187.7,15.9,171.8
2023,QB,WR,QB_vs_WR,Gardner Minshew,DeVante Parker,6011,2319,857,940,-83,187.7,38.8,148.9
2023,QB,WR,QB_vs_WR,Gardner Minshew,Kendrick Bourne,6011,4454,857,928,-71,187.7,63,124.7
2023,QB,WR,QB_vs_WR,Gardner Minshew,Tyler Scott,6011,9490,857,920,-63,187.7,17.7,170
2023,QB,WR,QB_vs_WR,Gardner Minshew,Charlie Jones,6011,10228,857,896,-39,187.7,7.5,180.2
2023,QB,WR,QB_vs_WR,Gardner Minshew,Laviska Shenault,6011,6814,857,844,13,187.7,11.5,176.2
2023,QB,WR,QB_vs_WR,Gardner Minshew,Robert Woods,6011,1352,857,838,19,187.7,49.3,138.4
2023,QB,WR,QB_vs_WR,Gardner Minshew,Rakim Jarrett,6011,9495,857,765,92,187.7,6,181.7
2023,QB,WR,QB_vs_WR,Gardner Minshew,Devin Duvernay,6011,6847,857,761,96,187.7,3.3,184.4
2023,QB,WR,QB_vs_WR,Gardner Minshew,Josh Reynolds,6011,4171,857,749,108,187.7,84.4,103.3
2023,QB,WR,QB_vs_WR,Gardner Minshew,Kyle Philips,6011,8171,857,743,114,187.7,14.6,173.1
2023,QB,WR,QB_vs_WR,Davis Mills,Tutu Atwell,7585,7562,819,1014,-195,17.8,71.1,-53.3
2023,QB,WR,QB_vs_WR,Davis Mills,Dyami Brown,7585,7587,819,996,-177,17.8,22.8,-5
2023,QB,WR,QB_vs_WR,Davis Mills,Demario Douglas,7585,9501,819,954,-135,17.8,56.9,-39.1
2023,QB,WR,QB_vs_WR,Davis Mills,David Bell,7585,8118,819,942,-123,17.8,15.9,1.9
2023,QB,WR,QB_vs_WR,Davis Mills,DeVante Parker,7585,2319,819,940,-121,17.8,38.8,-21
2023,QB,WR,QB_vs_WR,Davis Mills,Kendrick Bourne,7585,4454,819,928,-109,17.8,63,-45.2
2023,QB,WR,QB_vs_WR,Davis Mills,Tyler Scott,7585,9490,819,920,-101,17.8,17.7,0.1
2023,QB,WR,QB_vs_WR,Davis Mills,Charlie Jones,7585,10228,819,896,-77,17.8,7.5,10.3
2023,QB,WR,QB_vs_WR,Davis Mills,Laviska Shenault,7585,6814,819,844,-25,17.8,11.5,6.3
2023,QB,WR,QB_vs_WR,Davis Mills,Robert Woods,7585,1352,819,838,-19,17.8,49.3,-31.5
2023,QB,WR,QB_vs_WR,Davis Mills,Rakim Jarrett,7585,9495,819,765,54,17.8,6,11.8
2023,QB,WR,QB_vs_WR,Davis Mills,Devin Duvernay,7585,6847,819,761,58,17.8,3.3,14.5
2023,QB,WR,QB_vs_WR,Davis Mills,Josh Reynolds,7585,4171,819,749,70,17.8,84.4,-66.6
2023,QB,WR,QB_vs_WR,Davis Mills,Kyle Philips,7585,8171,819,743,76,17.8,14.6,3.2
2023,QB,WR,QB_vs_WR,Jameis Winston,Dyami Brown,2306,7587,803,996,-193,12,22.8,-10.8
2023,QB,WR,QB_vs_WR,Jameis Winston,Demario Douglas,2306,9501,803,954,-151,12,56.9,-44.9
2023,QB,WR,QB_vs_WR,Jameis Winston,David Bell,2306,8118,803,942,-139,12,15.9,-3.9
2023,QB,WR,QB_vs_WR,Jameis Winston,DeVante Parker,2306,2319,803,940,-137,12,38.8,-26.8
2023,QB,WR,QB_vs_WR,Jameis Winston,Kendrick Bourne,2306,4454,803,928,-125,12,63,-51
2023,QB,WR,QB_vs_WR,Jameis Winston,Tyler Scott,2306,9490,803,920,-117,12,17.7,-5.7
2023,QB,WR,QB_vs_WR,Jameis Winston,Charlie Jones,2306,10228,803,896,-93,12,7.5,4.5
2023,QB,WR,QB_vs_WR,Jameis Winston,Laviska Shenault,2306,6814,803,844,-41,12,11.5,0.5
2023,QB,WR,QB_vs_WR,Jameis Winston,Robert Woods,2306,1352,803,838,-35,12,49.3,-37.3
2023,QB,WR,QB_vs_WR,Jameis Winston,Rakim Jarrett,2306,9495,803,765,38,12,6,6
2023,QB,WR,QB_vs_WR,Jameis Winston,Devin Duvernay,2306,6847,803,761,42,12,3.3,8.7
2023,QB,WR,QB_vs_WR,Jameis Winston,Josh Reynolds,2306,4171,803,749,54,12,84.4,-72.4
2023,QB,WR,QB_vs_WR,Jameis Winston,Kyle Philips,2306,8171,803,743,60,12,14.6,-2.6
2023,QB,TE,QB_vs_TE,Anthony Richardson,Travis Kelce,9229,1466,6401,6359,42,72.7,172.9,-100.2
2023,QB,TE,QB_vs_TE,Anthony Richardson,Mark Andrews,9229,5012,6401,6317,84,72.7,112.9,-40.2
2023,QB,TE,QB_vs_TE,Bryce Young,Kyle Pitts,9228,7553,5701,5842,-141,152.2,107.1,45.1
2023,QB,TE,QB_vs_TE,Bryce Young,T.J. Hockenson,9228,5844,5701,5568,133,152.2,171.5,-19.3
2023,QB,TE,QB_vs_TE,Tua Tagovailoa,T.J. Hockenson,6768,5844,5438,5568,-130,262.7,171.5,91.2
2023,QB,TE,QB_vs_TE,Dak Prescott,Dalton Kincaid,3294,10236,4820,4629,191,317.7,101.9,215.8
2023,QB,TE,QB_vs_TE,Kenny Pickett,Dalton Kincaid,8160,10236,4690,4629,61,110.2,101.9,8.3
2023,QB,TE,QB_vs_TE,Jordan Love,Dalton Kincaid,6804,10236,4452,4629,-177,300.5,101.9,198.6
2023,QB,TE,QB_vs_TE,Jordan Love,George Kittle,6804,4217,4452,4312,140,300.5,170.7,129.8
2023,QB,TE,QB_vs_TE,Jared Goff,Dallas Goedert,3163,5022,4061,4096,-35,268.3,105.9,162.4
2023,QB,TE,QB_vs_TE,Jared Goff,Darren Waller,3163,2505,4061,4028,33,268.3,80.2,188.1
2023,QB,TE,QB_vs_TE,Jared Goff,Sam LaPorta,3163,10859,4061,4027,34,268.3,184.9,83.4
2023,QB,TE,QB_vs_TE,Jared Goff,Pat Freiermuth,3163,7600,4061,4016,45,268.3,57.7,210.6
2023,QB,TE,QB_vs_TE,Brock Purdy,Dallas Goedert,8183,5022,3994,4096,-102,295.6,105.9,189.7
2023,QB,TE,QB_vs_TE,Brock Purdy,Darren Waller,8183,2505,3994,4028,-34,295.6,80.2,215.4
2023,QB,TE,QB_vs_TE,Brock Purdy,Sam LaPorta,8183,10859,3994,4027,-33,295.6,184.9,110.7
2023,QB,TE,QB_vs_TE,Brock Purdy,Pat Freiermuth,8183,7600,3994,4016,-22,295.6,57.7,237.9
2023,QB,TE,QB_vs_TE,Derek Carr,Michael Mayer,2028,9482,3267,3444,-177,214,57.9,156.1
2023,QB,TE,QB_vs_TE,Derek Carr,Evan Engram,2028,4066,3267,3304,-37,214,154.4,59.6
2023,QB,TE,QB_vs_TE,Derek Carr,David Njoku,2028,4033,3267,3117,150,214,160.7,53.3
2023,QB,TE,QB_vs_TE,Russell Wilson,Evan Engram,1234,4066,3165,3304,-139,256.9,154.4,102.5
2023,QB,TE,QB_vs_TE,Russell Wilson,David Njoku,1234,4033,3165,3117,48,256.9,160.7,96.2
2023,QB,TE,QB_vs_TE,Russell Wilson,Luke Musgrave,1234,9481,3165,3052,113,256.9,56.6,200.3
2023,QB,TE,QB_vs_TE,Desmond Ridder,David Njoku,8159,4033,3064,3117,-53,160.5,160.7,-0.2
2023,QB,TE,QB_vs_TE,Desmond Ridder,Luke Musgrave,8159,9481,3064,3052,12,160.5,56.6,103.9
2023,QB,TE,QB_vs_TE,Desmond Ridder,Cole Kmet,8159,6826,3064,2947,117,160.5,139,21.5
2023,QB,TE,QB_vs_TE,Desmond Ridder,Greg Dulcich,8159,8172,3064,2875,189,160.5,4,156.5
2023,QB,TE,QB_vs_TE,Mac Jones,David Njoku,7527,4033,2997,3117,-120,106.4,160.7,-54.3
2023,QB,TE,QB_vs_TE,Mac Jones,Luke Musgrave,7527,9481,2997,3052,-55,106.4,56.6,49.8
2023,QB,TE,QB_vs_TE,Mac Jones,Cole Kmet,7527,6826,2997,2947,50,106.4,139,-32.6
2023,QB,TE,QB_vs_TE,Mac Jones,Greg Dulcich,7527,8172,2997,2875,122,106.4,4,102.4
2023,QB,TE,QB_vs_TE,Mac Jones,Chigoziem Okonkwo,7527,8210,2997,2821,176,106.4,81.8,24.6
2023,QB,TE,QB_vs_TE,Will Levis,Isaiah Likely,9999,8131,2263,2444,-181,102,76,26
2023,QB,TE,QB_vs_TE,Will Levis,Juwan Johnson,9999,7002,2263,2385,-122,102,73.8,28.2
2023,QB,TE,QB_vs_TE,Will Levis,Trey McBride,9999,8130,2263,2378,-115,102,130.1,-28.1
2023,QB,TE,QB_vs_TE,Matthew Stafford,Juwan Johnson,421,7002,2185,2385,-200,243.1,73.8,169.3
2023,QB,TE,QB_vs_TE,Matthew Stafford,Trey McBride,421,8130,2185,2378,-193,243.1,130.1,113
2023,QB,TE,QB_vs_TE,Matthew Stafford,Dawson Knox,421,5906,2185,2030,155,243.1,34.4,208.7
2023,QB,TE,QB_vs_TE,Matthew Stafford,Tyler Higbee,421,3271,2185,2007,178,243.1,85,158.1
2023,QB,TE,QB_vs_TE,Matthew Stafford,Luke Schoonmaker,421,10871,2185,2004,181,243.1,22.5,220.6
2023,QB,TE,QB_vs_TE,Jimmy Garoppolo,Dawson Knox,1837,5906,2126,2030,96,64.1,34.4,29.7
2023,QB,TE,QB_vs_TE,Jimmy Garoppolo,Tyler Higbee,1837,3271,2126,2007,119,64.1,85,-20.9
2023,QB,TE,QB_vs_TE,Jimmy Garoppolo,Luke Schoonmaker,1837,10871,2126,2004,122,64.1,22.5,41.6
2023,QB,TE,QB_vs_TE,Baker Mayfield,Dawson Knox,4892,5906,1931,2030,-99,267.9,34.4,233.5
2023,QB,TE,QB_vs_TE,Baker Mayfield,Tyler Higbee,4892,3271,1931,2007,-76,267.9,85,182.9
2023,QB,TE,QB_vs_TE,Baker Mayfield,Luke Schoonmaker,4892,10871,1931,2004,-73,267.9,22.5,245.4
2023,QB,TE,QB_vs_TE,Baker Mayfield,Darnell Washington,4892,9479,1931,1916,15,267.9,9.6,258.3
2023,QB,TE,QB_vs_TE,Baker Mayfield,Noah Fant,4892,5857,1931,1740,191,267.9,57.4,210.5
2023,QB,TE,QB_vs_TE,Dorian Thompson-Robinson,Noah Fant,10862,5857,1715,1740,-25,22.1,57.4,-35.3
2023,QB,TE,QB_vs_TE,Dorian Thompson-Robinson,Irv Smith,10862,6126,1715,1665,50,22.1,24.5,-2.4
2023,QB,TE,QB_vs_TE,Dorian Thompson-Robinson,Cade Otton,10862,8111,1715,1646,69,22.1,89,-66.9
2023,QB,TE,QB_vs_TE,Dorian Thompson-Robinson,Daniel Bellinger,10862,8225,1715,1641,74,22.1,38,-15.9
2023,QB,TE,QB_vs_TE,Dorian Thompson-Robinson,Noah Gray,10862,7828,1715,1636,79,22.1,56.6,-34.5
2023,QB,TE,QB_vs_TE,Dorian Thompson-Robinson,Mike Gesicki,10862,4993,1715,1534,181,22.1,49.9,-27.8
2023,QB,TE,QB_vs_TE,Ryan Tannehill,Noah Fant,1049,5857,1631,1740,-109,67.6,57.4,10.2
2023,QB,TE,QB_vs_TE,Ryan Tannehill,Irv Smith,1049,6126,1631,1665,-34,67.6,24.5,43.1
2023,QB,TE,QB_vs_TE,Ryan Tannehill,Cade Otton,1049,8111,1631,1646,-15,67.6,89,-21.4
2023,QB,TE,QB_vs_TE,Ryan Tannehill,Daniel Bellinger,1049,8225,1631,1641,-10,67.6,38,29.6
2023,QB,TE,QB_vs_TE,Ryan Tannehill,Noah Gray,1049,7828,1631,1636,-5,67.6,56.6,11
2023,QB,TE,QB_vs_TE,Ryan Tannehill,Mike Gesicki,1049,4993,1631,1534,97,67.6,49.9,17.7
2023,QB,TE,QB_vs_TE,Ryan Tannehill,Gerald Everett,1049,4089,1631,1501,130,67.6,84.7,-17.1
2023,QB,TE,QB_vs_TE,Ryan Tannehill,Hunter Henry,1049,3214,1631,1454,177,67.6,98.9,-31.3
2023,QB,TE,QB_vs_TE,Aidan O'Connell,Mike Gesicki,10866,4993,1435,1534,-99,108,49.9,58.1
2023,QB,TE,QB_vs_TE,Aidan O'Connell,Gerald Everett,10866,4089,1435,1501,-66,108,84.7,23.3
2023,QB,TE,QB_vs_TE,Aidan O'Connell,Hunter Henry,10866,3214,1435,1454,-19,108,98.9,9.1
2023,QB,TE,QB_vs_TE,Aidan O'Connell,Tucker Kraft,10866,9484,1435,1424,11,108,58.4,49.6
2023,QB,TE,QB_vs_TE,Aidan O'Connell,Tyler Conklin,10866,5133,1435,1283,152,108,90,18
2023,QB,TE,QB_vs_TE,Zach Wilson,Mike Gesicki,7538,4993,1375,1534,-159,119.9,49.9,70
2023,QB,TE,QB_vs_TE,Zach Wilson,Gerald Everett,7538,4089,1375,1501,-126,119.9,84.7,35.2
2023,QB,TE,QB_vs_TE,Zach Wilson,Hunter Henry,7538,3214,1375,1454,-79,119.9,98.9,21
2023,QB,TE,QB_vs_TE,Zach Wilson,Tucker Kraft,7538,9484,1375,1424,-49,119.9,58.4,61.5
2023,QB,TE,QB_vs_TE,Zach Wilson,Tyler Conklin,7538,5133,1375,1283,92,119.9,90,29.9
2023,QB,TE,QB_vs_TE,Zach Wilson,Zach Ertz,7538,1339,1375,1222,153,119.9,38.2,81.7
2023,QB,TE,QB_vs_TE,Malik Willis,Hunter Henry,8161,3214,1282,1454,-172,3.1,98.9,-95.8
2023,QB,TE,QB_vs_TE,Malik Willis,Tucker Kraft,8161,9484,1282,1424,-142,3.1,58.4,-55.3
2023,QB,TE,QB_vs_TE,Malik Willis,Tyler Conklin,8161,5133,1282,1283,-1,3.1,90,-86.9
2023,QB,TE,QB_vs_TE,Malik Willis,Zach Ertz,8161,1339,1282,1222,60,3.1,38.2,-35.1
2023,QB,TE,QB_vs_TE,Sam Darnold,Hunter Henry,4943,3214,1280,1454,-174,5.9,98.9,-93
2023,QB,TE,QB_vs_TE,Sam Darnold,Tucker Kraft,4943,9484,1280,1424,-144,5.9,58.4,-52.5
2023,QB,TE,QB_vs_TE,Sam Darnold,Tyler Conklin,4943,5133,1280,1283,-3,5.9,90,-84.1
2023,QB,TE,QB_vs_TE,Sam Darnold,Zach Ertz,4943,1339,1280,1222,58,5.9,38.2,-32.3
2023,QB,TE,QB_vs_TE,Clayton Tune,Tyler Conklin,10217,5133,1177,1283,-106,7.4,90,-82.6
2023,QB,TE,QB_vs_TE,Clayton Tune,Zach Ertz,10217,1339,1177,1222,-45,7.4,38.2,-30.8
2023,QB,TE,QB_vs_TE,Clayton Tune,Hayden Hurst,10217,4973,1177,1031,146,7.4,33.4,-26
2023,QB,TE,QB_vs_TE,Joshua Dobbs,Zach Ertz,4179,1339,1057,1222,-165,200.7,38.2,162.5
2023,QB,TE,QB_vs_TE,Joshua Dobbs,Hayden Hurst,4179,4973,1057,1031,26,200.7,33.4,167.3
2023,QB,TE,QB_vs_TE,Joshua Dobbs,Cole Turner,4179,8214,1057,931,126,200.7,17.5,183.2
2023,QB,TE,QB_vs_TE,Joshua Dobbs,Brenton Strange,4179,9480,1057,904,153,200.7,12,188.7
2023,QB,TE,QB_vs_TE,Joshua Dobbs,Brevin Jordan,4179,7568,1057,882,175,200.7,42.4,158.3
2023,QB,TE,QB_vs_TE,Tyler Huntley,Hayden Hurst,7083,4973,979,1031,-52,11.8,33.4,-21.6
2023,QB,TE,QB_vs_TE,Tyler Huntley,Cole Turner,7083,8214,979,931,48,11.8,17.5,-5.7
2023,QB,TE,QB_vs_TE,Tyler Huntley,Brenton Strange,7083,9480,979,904,75,11.8,12,-0.2
2023,QB,TE,QB_vs_TE,Tyler Huntley,Brevin Jordan,7083,7568,979,882,97,11.8,42.4,-30.6
2023,QB,TE,QB_vs_TE,Tyler Huntley,Adam Trautman,7083,6869,979,848,131,11.8,46.8,-35
2023,QB,TE,QB_vs_TE,Tyler Huntley,Jeremy Ruckert,7083,8145,979,845,134,11.8,23.1,-11.3
2023,QB,TE,QB_vs_TE,Tyler Huntley,Harrison Bryant,7083,6850,979,822,157,11.8,31.4,-19.6
2023,QB,TE,QB_vs_TE,Tyler Huntley,Tommy Tremble,7083,7694,979,818,161,11.8,46.8,-35
2023,QB,TE,QB_vs_TE,Tyler Huntley,Foster Moreau,7083,5985,979,812,167,11.8,35,-23.2
2023,QB,TE,QB_vs_TE,Tyler Huntley,Elijah Higgins,7083,10231,979,801,178,11.8,25.1,-13.3
2023,QB,TE,QB_vs_TE,Gardner Minshew,Hayden Hurst,6011,4973,857,1031,-174,187.7,33.4,154.3
2023,QB,TE,QB_vs_TE,Gardner Minshew,Cole Turner,6011,8214,857,931,-74,187.7,17.5,170.2
2023,QB,TE,QB_vs_TE,Gardner Minshew,Brenton Strange,6011,9480,857,904,-47,187.7,12,175.7
2023,QB,TE,QB_vs_TE,Gardner Minshew,Brevin Jordan,6011,7568,857,882,-25,187.7,42.4,145.3
2023,QB,TE,QB_vs_TE,Gardner Minshew,Adam Trautman,6011,6869,857,848,9,187.7,46.8,140.9
2023,QB,TE,QB_vs_TE,Gardner Minshew,Jeremy Ruckert,6011,8145,857,845,12,187.7,23.1,164.6
2023,QB,TE,QB_vs_TE,Gardner Minshew,Harrison Bryant,6011,6850,857,822,35,187.7,31.4,156.3
2023,QB,TE,QB_vs_TE,Gardner Minshew,Tommy Tremble,6011,7694,857,818,39,187.7,46.8,140.9
2023,QB,TE,QB_vs_TE,Gardner Minshew,Foster Moreau,6011,5985,857,812,45,187.7,35,152.7
2023,QB,TE,QB_vs_TE,Gardner Minshew,Elijah Higgins,6011,10231,857,801,56,187.7,25.1,162.6
2023,QB,TE,QB_vs_TE,Gardner Minshew,Brock Wright,6011,7891,857,758,99,187.7,21.6,166.1
2023,QB,TE,QB_vs_TE,Davis Mills,Cole Turner,7585,8214,819,931,-112,17.8,17.5,0.3
2023,QB,TE,QB_vs_TE,Davis Mills,Brenton Strange,7585,9480,819,904,-85,17.8,12,5.8
2023,QB,TE,QB_vs_TE,Davis Mills,Brevin Jordan,7585,7568,819,882,-63,17.8,42.4,-24.6
2023,QB,TE,QB_vs_TE,Davis Mills,Adam Trautman,7585,6869,819,848,-29,17.8,46.8,-29
2023,QB,TE,QB_vs_TE,Davis Mills,Jeremy Ruckert,7585,8145,819,845,-26,17.8,23.1,-5.3
2023,QB,TE,QB_vs_TE,Davis Mills,Harrison Bryant,7585,6850,819,822,-3,17.8,31.4,-13.6
2023,QB,TE,QB_vs_TE,Davis Mills,Tommy Tremble,7585,7694,819,818,1,17.8,46.8,-29
2023,QB,TE,QB_vs_TE,Davis Mills,Foster Moreau,7585,5985,819,812,7,17.8,35,-17.2
2023,QB,TE,QB_vs_TE,Davis Mills,Elijah Higgins,7585,10231,819,801,18,17.8,25.1,-7.3
2023,QB,TE,QB_vs_TE,Davis Mills,Brock Wright,7585,7891,819,758,61,17.8,21.6,-3.8
2023,QB,TE,QB_vs_TE,Jameis Winston,Cole Turner,2306,8214,803,931,-128,12,17.5,-5.5
2023,QB,TE,QB_vs_TE,Jameis Winston,Brenton Strange,2306,9480,803,904,-101,12,12,0
2023,QB,TE,QB_vs_TE,Jameis Winston,Brevin Jordan,2306,7568,803,882,-79,12,42.4,-30.4
2023,QB,TE,QB_vs_TE,Jameis Winston,Adam Trautman,2306,6869,803,848,-45,12,46.8,-34.8
2023,QB,TE,QB_vs_TE,Jameis Winston,Jeremy Ruckert,2306,8145,803,845,-42,12,23.1,-11.1
2023,QB,TE,QB_vs_TE,Jameis Winston,Harrison Bryant,2306,6850,803,822,-19,12,31.4,-19.4
2023,QB,TE,QB_vs_TE,Jameis Winston,Tommy Tremble,2306,7694,803,818,-15,12,46.8,-34.8
2023,QB,TE,QB_vs_TE,Jameis Winston,Foster Moreau,2306,5985,803,812,-9,12,35,-23
2023,QB,TE,QB_vs_TE,Jameis Winston,Elijah Higgins,2306,10231,803,801,2,12,25.1,-13.1
2023,QB,TE,QB_vs_TE,Jameis Winston,Brock Wright,2306,7891,803,758,45,12,21.6,-9.6
2023,RB,WR,RB_vs_WR,Christian McCaffrey,Chris Olave,4034,8144,6612,6774,-162,324.3,132.7,191.6
2023,RB,WR,RB_vs_WR,Jahmyr Gibbs,DeVonta Smith,9221,7525,6403,6336,67,181.1,146.6,34.5
2023,RB,WR,RB_vs_WR,Jahmyr Gibbs,Tyreek Hill,9221,3321,6403,6311,92,181.1,243.2,-62.1
2023,RB,WR,RB_vs_WR,Breece Hall,Jaxon Smith-Njigba,8155,9488,6064,5934,130,187.5,85.4,102.1
2023,RB,WR,RB_vs_WR,Saquon Barkley,Jaxon Smith-Njigba,4866,9488,5908,5934,-26,160.5,85.4,75.1
2023,RB,WR,RB_vs_WR,Saquon Barkley,Drake London,4866,8112,5908,5723,185,160.5,101.3,59.2
2023,RB,WR,RB_vs_WR,Nick Chubb,Drake London,4988,8112,5561,5723,-162,19.1,101.3,-82.2
2023,RB,WR,RB_vs_WR,Nick Chubb,Tee Higgins,4988,6801,5561,5672,-111,19.1,95.6,-76.5
2023,RB,WR,RB_vs_WR,Nick Chubb,Stefon Diggs,4988,2449,5561,5625,-64,19.1,158.1,-139
2023,RB,WR,RB_vs_WR,Nick Chubb,DK Metcalf,4988,5846,5561,5560,1,19.1,158.4,-139.3
2023,RB,WR,RB_vs_WR,Tony Pollard,Drake London,5967,8112,5541,5723,-182,153,101.3,51.7
2023,RB,WR,RB_vs_WR,Tony Pollard,Tee Higgins,5967,6801,5541,5672,-131,153,95.6,57.4
2023,RB,WR,RB_vs_WR,Tony Pollard,Stefon Diggs,5967,2449,5541,5625,-84,153,158.1,-5.1
2023,RB,WR,RB_vs_WR,Tony Pollard,DK Metcalf,5967,5846,5541,5560,-19,153,158.4,-5.4
2023,RB,WR,RB_vs_WR,Josh Jacobs,DK Metcalf,5850,5846,5385,5560,-175,144.1,158.4,-14.3
2023,RB,WR,RB_vs_WR,Jonathan Taylor,Jordan Addison,6813,9756,5301,5132,169,111.8,139.6,-27.8
2023,RB,WR,RB_vs_WR,Jonathan Taylor,Davante Adams,6813,2133,5301,5120,181,111.8,151.8,-40
2023,RB,WR,RB_vs_WR,Travis Etienne,Jordan Addison,7543,9756,5280,5132,148,215.7,139.6,76.1
2023,RB,WR,RB_vs_WR,Travis Etienne,Davante Adams,7543,2133,5280,5120,160,215.7,151.8,63.9
2023,RB,WR,RB_vs_WR,Austin Ekeler,Jordan Addison,4663,9756,5260,5132,128,129.5,139.6,-10.1
2023,RB,WR,RB_vs_WR,Austin Ekeler,Davante Adams,4663,2133,5260,5120,140,129.5,151.8,-22.3
2023,RB,WR,RB_vs_WR,Kenneth Walker III,Jordan Addison,8151,9756,5030,5132,-102,162.3,139.6,22.7
2023,RB,WR,RB_vs_WR,Kenneth Walker III,Davante Adams,8151,2133,5030,5120,-90,162.3,151.8,10.5
2023,RB,WR,RB_vs_WR,Kenneth Walker III,Christian Watson,8151,8167,5030,4980,50,162.3,73.3,89
2023,RB,WR,RB_vs_WR,Kenneth Walker III,Jahan Dotson,8151,8119,5030,4900,130,162.3,74.1,88.2
2023,RB,WR,RB_vs_WR,Kenneth Walker III,Brandon Aiyuk,8151,6803,5030,4891,139,162.3,171.7,-9.4
2023,RB,WR,RB_vs_WR,Kenneth Walker III,Calvin Ridley,8151,4981,5030,4850,180,162.3,137.3,25
2023,RB,WR,RB_vs_WR,Kenneth Walker III,Cooper Kupp,8151,4039,5030,4845,185,162.3,105.4,56.9
2023,RB,WR,RB_vs_WR,Rhamondre Stevenson,Jahan Dotson,7611,8119,4747,4900,-153,107.7,74.1,33.6
2023,RB,WR,RB_vs_WR,Rhamondre Stevenson,Brandon Aiyuk,7611,6803,4747,4891,-144,107.7,171.7,-64
2023,RB,WR,RB_vs_WR,Rhamondre Stevenson,Calvin Ridley,7611,4981,4747,4850,-103,107.7,137.3,-29.6
2023,RB,WR,RB_vs_WR,Rhamondre Stevenson,Cooper Kupp,7611,4039,4747,4845,-98,107.7,105.4,2.3
2023,RB,WR,RB_vs_WR,Rhamondre Stevenson,Zay Flowers,7611,9997,4747,4816,-69,107.7,129.4,-21.7
2023,RB,WR,RB_vs_WR,Rhamondre Stevenson,D.J. Moore,7611,4983,4747,4719,28,107.7,184.1,-76.4
2023,RB,WR,RB_vs_WR,Rhamondre Stevenson,George Pickens,7611,8137,4747,4719,28,107.7,145.5,-37.8
2023,RB,WR,RB_vs_WR,Javonte Williams,D.J. Moore,7588,4983,4554,4719,-165,118.7,184.1,-65.4
2023,RB,WR,RB_vs_WR,Javonte Williams,George Pickens,7588,8137,4554,4719,-165,118.7,145.5,-26.8
2023,RB,WR,RB_vs_WR,Javonte Williams,Quentin Johnston,7588,9754,4554,4518,36,118.7,53.7,65
2023,RB,WR,RB_vs_WR,Najee Harris,Quentin Johnston,7528,9754,4466,4518,-52,147.2,53.7,93.5
2023,RB,WR,RB_vs_WR,Dameon Pierce,Quentin Johnston,8129,9754,4331,4518,-187,69.7,53.7,16
2023,RB,WR,RB_vs_WR,Dameon Pierce,Deebo Samuel,8129,5872,4331,4258,73,69.7,180.5,-110.8
2023,RB,WR,RB_vs_WR,Dameon Pierce,Jerry Jeudy,8129,6783,4331,4225,106,69.7,73.9,-4.2
2023,RB,WR,RB_vs_WR,Derrick Henry,Deebo Samuel,3198,5872,4169,4258,-89,197.4,180.5,16.9
2023,RB,WR,RB_vs_WR,Derrick Henry,Jerry Jeudy,3198,6783,4169,4225,-56,197.4,73.9,123.5
2023,RB,WR,RB_vs_WR,Derrick Henry,Terry McLaurin,3198,5927,4169,4067,102,197.4,124.6,72.8
2023,RB,WR,RB_vs_WR,Derrick Henry,Diontae Johnson,3198,5937,4169,4042,127,197.4,86.8,110.6
2023,RB,WR,RB_vs_WR,Derrick Henry,Treylon Burks,3198,8135,4169,3984,185,197.4,23.9,173.5
2023,RB,WR,RB_vs_WR,James Cook,Terry McLaurin,8138,5927,4017,4067,-50,183.5,124.6,58.9
2023,RB,WR,RB_vs_WR,James Cook,Diontae Johnson,8138,5937,4017,4042,-25,183.5,86.8,96.7
2023,RB,WR,RB_vs_WR,James Cook,Treylon Burks,8138,8135,4017,3984,33,183.5,23.9,159.6
2023,RB,WR,RB_vs_WR,James Cook,Chris Godwin,8138,4037,4017,3962,55,183.5,120.7,62.8
2023,RB,WR,RB_vs_WR,James Cook,Michael Pittman,8138,6819,4017,3856,161,183.5,138.8,44.7
2023,RB,WR,RB_vs_WR,James Cook,Amari Cooper,8138,2309,4017,3841,176,183.5,155,28.5
2023,RB,WR,RB_vs_WR,J.K. Dobbins,Terry McLaurin,6806,5927,3963,4067,-104,9.7,124.6,-114.9
2023,RB,WR,RB_vs_WR,J.K. Dobbins,Diontae Johnson,6806,5937,3963,4042,-79,9.7,86.8,-77.1
2023,RB,WR,RB_vs_WR,J.K. Dobbins,Treylon Burks,6806,8135,3963,3984,-21,9.7,23.9,-14.2
2023,RB,WR,RB_vs_WR,J.K. Dobbins,Chris Godwin,6806,4037,3963,3962,1,9.7,120.7,-111
2023,RB,WR,RB_vs_WR,J.K. Dobbins,Michael Pittman,6806,6819,3963,3856,107,9.7,138.8,-129.1
2023,RB,WR,RB_vs_WR,J.K. Dobbins,Amari Cooper,6806,2309,3963,3841,122,9.7,155,-145.3
2023,RB,WR,RB_vs_WR,J.K. Dobbins,Jameson Williams,6806,8148,3963,3795,168,9.7,56.3,-46.6
2023,RB,WR,RB_vs_WR,J.K. Dobbins,Christian Kirk,6806,4950,3963,3790,173,9.7,93.3,-83.6
2023,RB,WR,RB_vs_WR,Zach Charbonnet,Diontae Johnson,9753,5937,3844,4042,-198,67.1,86.8,-19.7
2023,RB,WR,RB_vs_WR,Zach Charbonnet,Treylon Burks,9753,8135,3844,3984,-140,67.1,23.9,43.2
2023,RB,WR,RB_vs_WR,Zach Charbonnet,Chris Godwin,9753,4037,3844,3962,-118,67.1,120.7,-53.6
2023,RB,WR,RB_vs_WR,Zach Charbonnet,Michael Pittman,9753,6819,3844,3856,-12,67.1,138.8,-71.7
2023,RB,WR,RB_vs_WR,Zach Charbonnet,Amari Cooper,9753,2309,3844,3841,3,67.1,155,-87.9
2023,RB,WR,RB_vs_WR,Zach Charbonnet,Jameson Williams,9753,8148,3844,3795,49,67.1,56.3,10.8
2023,RB,WR,RB_vs_WR,Zach Charbonnet,Christian Kirk,9753,4950,3844,3790,54,67.1,93.3,-26.2
2023,RB,WR,RB_vs_WR,Joe Mixon,Treylon Burks,4018,8135,3799,3984,-185,191.3,23.9,167.4
2023,RB,WR,RB_vs_WR,Joe Mixon,Chris Godwin,4018,4037,3799,3962,-163,191.3,120.7,70.6
2023,RB,WR,RB_vs_WR,Joe Mixon,Michael Pittman,4018,6819,3799,3856,-57,191.3,138.8,52.5
2023,RB,WR,RB_vs_WR,Joe Mixon,Amari Cooper,4018,2309,3799,3841,-42,191.3,155,36.3
2023,RB,WR,RB_vs_WR,Joe Mixon,Jameson Williams,4018,8148,3799,3795,4,191.3,56.3,135
2023,RB,WR,RB_vs_WR,Joe Mixon,Christian Kirk,4018,4950,3799,3790,9,191.3,93.3,98
2023,RB,WR,RB_vs_WR,Rachaad White,Michael Pittman,8136,6819,3732,3856,-124,194.6,138.8,55.8
2023,RB,WR,RB_vs_WR,Rachaad White,Amari Cooper,8136,2309,3732,3841,-109,194.6,155,39.6
2023,RB,WR,RB_vs_WR,Rachaad White,Jameson Williams,8136,8148,3732,3795,-63,194.6,56.3,138.3
2023,RB,WR,RB_vs_WR,Rachaad White,Christian Kirk,8136,4950,3732,3790,-58,194.6,93.3,101.3
2023,RB,WR,RB_vs_WR,Rachaad White,Marquise Brown,8136,5848,3732,3532,200,194.6,83.7,110.9
2023,RB,WR,RB_vs_WR,Alexander Mattison,Jameson Williams,5987,8148,3612,3795,-183,100.3,56.3,44
2023,RB,WR,RB_vs_WR,Alexander Mattison,Christian Kirk,5987,4950,3612,3790,-178,100.3,93.3,7
2023,RB,WR,RB_vs_WR,Alexander Mattison,Marquise Brown,5987,5848,3612,3532,80,100.3,83.7,16.6
2023,RB,WR,RB_vs_WR,Alexander Mattison,Keenan Allen,5987,1479,3612,3441,171,100.3,170.9,-70.6
2023,RB,WR,RB_vs_WR,Miles Sanders,Jameson Williams,6151,8148,3606,3795,-189,58.8,56.3,2.5
2023,RB,WR,RB_vs_WR,Miles Sanders,Christian Kirk,6151,4950,3606,3790,-184,58.8,93.3,-34.5
2023,RB,WR,RB_vs_WR,Miles Sanders,Marquise Brown,6151,5848,3606,3532,74,58.8,83.7,-24.9
2023,RB,WR,RB_vs_WR,Miles Sanders,Keenan Allen,6151,1479,3606,3441,165,58.8,170.9,-112.1
2023,RB,WR,RB_vs_WR,Aaron Jones,Jameson Williams,4199,8148,3601,3795,-194,90.8,56.3,34.5
2023,RB,WR,RB_vs_WR,Aaron Jones,Christian Kirk,4199,4950,3601,3790,-189,90.8,93.3,-2.5
2023,RB,WR,RB_vs_WR,Aaron Jones,Marquise Brown,4199,5848,3601,3532,69,90.8,83.7,7.1
2023,RB,WR,RB_vs_WR,Aaron Jones,Keenan Allen,4199,1479,3601,3441,160,90.8,170.9,-80.1
2023,RB,WR,RB_vs_WR,Cam Akers,Marquise Brown,6938,5848,3498,3532,-34,35.7,83.7,-48
2023,RB,WR,RB_vs_WR,Cam Akers,Keenan Allen,6938,1479,3498,3441,57,35.7,170.9,-135.2
2023,RB,WR,RB_vs_WR,Cam Akers,Skyy Moore,6938,8168,3498,3354,144,35.7,32.7,3
2023,RB,WR,RB_vs_WR,Cam Akers,Marvin Mims,6938,9494,3498,3348,150,35.7,47,-11.3
2023,RB,WR,RB_vs_WR,Isiah Pacheco,Marquise Brown,8205,5848,3496,3532,-36,169.9,83.7,86.2
2023,RB,WR,RB_vs_WR,Isiah Pacheco,Keenan Allen,8205,1479,3496,3441,55,169.9,170.9,-1
2023,RB,WR,RB_vs_WR,Isiah Pacheco,Skyy Moore,8205,8168,3496,3354,142,169.9,32.7,137.2
2023,RB,WR,RB_vs_WR,Isiah Pacheco,Marvin Mims,8205,9494,3496,3348,148,169.9,47,122.9
2023,RB,WR,RB_vs_WR,D'Andre Swift,Marquise Brown,6790,5848,3429,3532,-103,160.3,83.7,76.6
2023,RB,WR,RB_vs_WR,D'Andre Swift,Keenan Allen,6790,1479,3429,3441,-12,160.3,170.9,-10.6
2023,RB,WR,RB_vs_WR,D'Andre Swift,Skyy Moore,6790,8168,3429,3354,75,160.3,32.7,127.6
2023,RB,WR,RB_vs_WR,D'Andre Swift,Marvin Mims,6790,9494,3429,3348,81,160.3,47,113.3
2023,RB,WR,RB_vs_WR,D'Andre Swift,Elijah Moore,6790,7596,3429,3284,145,160.3,73.1,87.2
2023,RB,WR,RB_vs_WR,D'Andre Swift,Mike Williams,6790,4068,3429,3268,161,160.3,31.2,129.1
2023,RB,WR,RB_vs_WR,De'Von Achane,Skyy Moore,9226,8168,3240,3354,-114,151.6,32.7,118.9
2023,RB,WR,RB_vs_WR,De'Von Achane,Marvin Mims,9226,9494,3240,3348,-108,151.6,47,104.6
2023,RB,WR,RB_vs_WR,De'Von Achane,Elijah Moore,9226,7596,3240,3284,-44,151.6,73.1,78.5
2023,RB,WR,RB_vs_WR,De'Von Achane,Mike Williams,9226,4068,3240,3268,-28,151.6,31.2,120.4
2023,RB,WR,RB_vs_WR,De'Von Achane,Mike Evans,9226,2216,3240,3227,13,151.6,201.3,-49.7
2023,RB,WR,RB_vs_WR,De'Von Achane,Jonathan Mingo,9226,10225,3240,3177,63,151.6,41.8,109.8
2023,RB,WR,RB_vs_WR,De'Von Achane,Tyler Lockett,9226,2374,3240,3113,127,151.6,108.3,43.3
2023,RB,WR,RB_vs_WR,Khalil Herbert,Skyy Moore,7608,8168,3218,3354,-136,88.4,32.7,55.7
2023,RB,WR,RB_vs_WR,Khalil Herbert,Marvin Mims,7608,9494,3218,3348,-130,88.4,47,41.4
2023,RB,WR,RB_vs_WR,Khalil Herbert,Elijah Moore,7608,7596,3218,3284,-66,88.4,73.1,15.3
2023,RB,WR,RB_vs_WR,Khalil Herbert,Mike Williams,7608,4068,3218,3268,-50,88.4,31.2,57.2
2023,RB,WR,RB_vs_WR,Khalil Herbert,Mike Evans,7608,2216,3218,3227,-9,88.4,201.3,-112.9
2023,RB,WR,RB_vs_WR,Khalil Herbert,Jonathan Mingo,7608,10225,3218,3177,41,88.4,41.8,46.6
2023,RB,WR,RB_vs_WR,Khalil Herbert,Tyler Lockett,7608,2374,3218,3113,105,88.4,108.3,-19.9
2023,RB,WR,RB_vs_WR,Khalil Herbert,Gabriel Davis,7608,6943,3218,3018,200,88.4,116.4,-28
2023,RB,WR,RB_vs_WR,David Montgomery,Skyy Moore,5892,8168,3214,3354,-140,181.2,32.7,148.5
2023,RB,WR,RB_vs_WR,David Montgomery,Marvin Mims,5892,9494,3214,3348,-134,181.2,47,134.2
2023,RB,WR,RB_vs_WR,David Montgomery,Elijah Moore,5892,7596,3214,3284,-70,181.2,73.1,108.1
2023,RB,WR,RB_vs_WR,David Montgomery,Mike Williams,5892,4068,3214,3268,-54,181.2,31.2,150
2023,RB,WR,RB_vs_WR,David Montgomery,Mike Evans,5892,2216,3214,3227,-13,181.2,201.3,-20.1
2023,RB,WR,RB_vs_WR,David Montgomery,Jonathan Mingo,5892,10225,3214,3177,37,181.2,41.8,139.4
2023,RB,WR,RB_vs_WR,David Montgomery,Tyler Lockett,5892,2374,3214,3113,101,181.2,108.3,72.9
2023,RB,WR,RB_vs_WR,David Montgomery,Gabriel Davis,5892,6943,3214,3018,196,181.2,116.4,64.8
2023,RB,WR,RB_vs_WR,David Montgomery,Rashod Bateman,5892,7571,3214,3014,200,181.2,44.5,136.7
2023,RB,WR,RB_vs_WR,Alvin Kamara,Marvin Mims,4035,9494,3148,3348,-200,158,47,111
2023,RB,WR,RB_vs_WR,Alvin Kamara,Elijah Moore,4035,7596,3148,3284,-136,158,73.1,84.9
2023,RB,WR,RB_vs_WR,Alvin Kamara,Mike Williams,4035,4068,3148,3268,-120,158,31.2,126.8
2023,RB,WR,RB_vs_WR,Alvin Kamara,Mike Evans,4035,2216,3148,3227,-79,158,201.3,-43.3
2023,RB,WR,RB_vs_WR,Alvin Kamara,Jonathan Mingo,4035,10225,3148,3177,-29,158,41.8,116.2
2023,RB,WR,RB_vs_WR,Alvin Kamara,Tyler Lockett,4035,2374,3148,3113,35,158,108.3,49.7
2023,RB,WR,RB_vs_WR,Alvin Kamara,Gabriel Davis,4035,6943,3148,3018,130,158,116.4,41.6
2023,RB,WR,RB_vs_WR,Alvin Kamara,Rashod Bateman,4035,7571,3148,3014,134,158,44.5,113.5
2023,RB,WR,RB_vs_WR,Alvin Kamara,DeAndre Hopkins,4035,1426,3148,3010,138,158,138,20
2023,RB,WR,RB_vs_WR,Tank Bigsby,Elijah Moore,9225,7596,3141,3284,-143,20.2,73.1,-52.9
2023,RB,WR,RB_vs_WR,Tank Bigsby,Mike Williams,9225,4068,3141,3268,-127,20.2,31.2,-11
2023,RB,WR,RB_vs_WR,Tank Bigsby,Mike Evans,9225,2216,3141,3227,-86,20.2,201.3,-181.1
2023,RB,WR,RB_vs_WR,Tank Bigsby,Jonathan Mingo,9225,10225,3141,3177,-36,20.2,41.8,-21.6
2023,RB,WR,RB_vs_WR,Tank Bigsby,Tyler Lockett,9225,2374,3141,3113,28,20.2,108.3,-88.1
2023,RB,WR,RB_vs_WR,Tank Bigsby,Gabriel Davis,9225,6943,3141,3018,123,20.2,116.4,-96.2
2023,RB,WR,RB_vs_WR,Tank Bigsby,Rashod Bateman,9225,7571,3141,3014,127,20.2,44.5,-24.3
2023,RB,WR,RB_vs_WR,Tank Bigsby,DeAndre Hopkins,9225,1426,3141,3010,131,20.2,138,-117.8
2023,RB,WR,RB_vs_WR,Brian Robinson,Elijah Moore,8154,7596,3135,3284,-149,154.6,73.1,81.5
2023,RB,WR,RB_vs_WR,Brian Robinson,Mike Williams,8154,4068,3135,3268,-133,154.6,31.2,123.4
2023,RB,WR,RB_vs_WR,Brian Robinson,Mike Evans,8154,2216,3135,3227,-92,154.6,201.3,-46.7
2023,RB,WR,RB_vs_WR,Brian Robinson,Jonathan Mingo,8154,10225,3135,3177,-42,154.6,41.8,112.8
2023,RB,WR,RB_vs_WR,Brian Robinson,Tyler Lockett,8154,2374,3135,3113,22,154.6,108.3,46.3
2023,RB,WR,RB_vs_WR,Brian Robinson,Gabriel Davis,8154,6943,3135,3018,117,154.6,116.4,38.2
2023,RB,WR,RB_vs_WR,Brian Robinson,Rashod Bateman,8154,7571,3135,3014,121,154.6,44.5,110.1
2023,RB,WR,RB_vs_WR,Brian Robinson,DeAndre Hopkins,8154,1426,3135,3010,125,154.6,138,16.6
2023,RB,WR,RB_vs_WR,Kendre Miller,Elijah Moore,9757,7596,3108,3284,-176,19.4,73.1,-53.7
2023,RB,WR,RB_vs_WR,Kendre Miller,Mike Williams,9757,4068,3108,3268,-160,19.4,31.2,-11.8
2023,RB,WR,RB_vs_WR,Kendre Miller,Mike Evans,9757,2216,3108,3227,-119,19.4,201.3,-181.9
2023,RB,WR,RB_vs_WR,Kendre Miller,Jonathan Mingo,9757,10225,3108,3177,-69,19.4,41.8,-22.4
2023,RB,WR,RB_vs_WR,Kendre Miller,Tyler Lockett,9757,2374,3108,3113,-5,19.4,108.3,-88.9
2023,RB,WR,RB_vs_WR,Kendre Miller,Gabriel Davis,9757,6943,3108,3018,90,19.4,116.4,-97
2023,RB,WR,RB_vs_WR,Kendre Miller,Rashod Bateman,9757,7571,3108,3014,94,19.4,44.5,-25.1
2023,RB,WR,RB_vs_WR,Kendre Miller,DeAndre Hopkins,9757,1426,3108,3010,98,19.4,138,-118.6
2023,RB,WR,RB_vs_WR,Antonio Gibson,Mike Evans,6945,2216,3059,3227,-168,75.8,201.3,-125.5
2023,RB,WR,RB_vs_WR,Antonio Gibson,Jonathan Mingo,6945,10225,3059,3177,-118,75.8,41.8,34
2023,RB,WR,RB_vs_WR,Antonio Gibson,Tyler Lockett,6945,2374,3059,3113,-54,75.8,108.3,-32.5
2023,RB,WR,RB_vs_WR,Antonio Gibson,Gabriel Davis,6945,6943,3059,3018,41,75.8,116.4,-40.6
2023,RB,WR,RB_vs_WR,Antonio Gibson,Rashod Bateman,6945,7571,3059,3014,45,75.8,44.5,31.3
2023,RB,WR,RB_vs_WR,Antonio Gibson,DeAndre Hopkins,6945,1426,3059,3010,49,75.8,138,-62.2
2023,RB,WR,RB_vs_WR,Antonio Gibson,Romeo Doubs,6945,8121,3059,2863,196,75.8,115.4,-39.6
2023,RB,WR,RB_vs_WR,Jaylen Warren,Tyler Lockett,8228,2374,2921,3113,-192,132.4,108.3,24.1
2023,RB,WR,RB_vs_WR,Jaylen Warren,Gabriel Davis,8228,6943,2921,3018,-97,132.4,116.4,16
2023,RB,WR,RB_vs_WR,Jaylen Warren,Rashod Bateman,8228,7571,2921,3014,-93,132.4,44.5,87.9
2023,RB,WR,RB_vs_WR,Jaylen Warren,DeAndre Hopkins,8228,1426,2921,3010,-89,132.4,138,-5.6
2023,RB,WR,RB_vs_WR,Jaylen Warren,Romeo Doubs,8228,8121,2921,2863,58,132.4,115.4,17
2023,RB,WR,RB_vs_WR,Jaylen Warren,Jalin Hyatt,8228,9497,2921,2754,167,132.4,36.8,95.6
2023,RB,WR,RB_vs_WR,James Conner,Gabriel Davis,4137,6943,2895,3018,-123,148.1,116.4,31.7
2023,RB,WR,RB_vs_WR,James Conner,Rashod Bateman,4137,7571,2895,3014,-119,148.1,44.5,103.6
2023,RB,WR,RB_vs_WR,James Conner,DeAndre Hopkins,4137,1426,2895,3010,-115,148.1,138,10.1
2023,RB,WR,RB_vs_WR,James Conner,Romeo Doubs,4137,8121,2895,2863,32,148.1,115.4,32.7
2023,RB,WR,RB_vs_WR,James Conner,Jalin Hyatt,4137,9497,2895,2754,141,148.1,36.8,111.3
2023,RB,WR,RB_vs_WR,James Conner,Kadarius Toney,4137,7606,2895,2711,184,148.1,26,122.1
2023,RB,WR,RB_vs_WR,James Conner,Rashee Rice,4137,10229,2895,2695,200,148.1,133.5,14.6
2023,RB,WR,RB_vs_WR,AJ Dillon,Gabriel Davis,6828,6943,2884,3018,-134,95.6,116.4,-20.8
2023,RB,WR,RB_vs_WR,AJ Dillon,Rashod Bateman,6828,7571,2884,3014,-130,95.6,44.5,51.1
2023,RB,WR,RB_vs_WR,AJ Dillon,DeAndre Hopkins,6828,1426,2884,3010,-126,95.6,138,-42.4
2023,RB,WR,RB_vs_WR,AJ Dillon,Romeo Doubs,6828,8121,2884,2863,21,95.6,115.4,-19.8
2023,RB,WR,RB_vs_WR,AJ Dillon,Jalin Hyatt,6828,9497,2884,2754,130,95.6,36.8,58.8
2023,RB,WR,RB_vs_WR,AJ Dillon,Kadarius Toney,6828,7606,2884,2711,173,95.6,26,69.6
2023,RB,WR,RB_vs_WR,AJ Dillon,Rashee Rice,6828,10229,2884,2695,189,95.6,133.5,-37.9
2023,RB,WR,RB_vs_WR,AJ Dillon,Courtland Sutton,6828,5045,2884,2686,198,95.6,131,-35.4
2023,RB,WR,RB_vs_WR,Roschon Johnson,Gabriel Davis,10235,6943,2829,3018,-189,66.1,116.4,-50.3
2023,RB,WR,RB_vs_WR,Roschon Johnson,Rashod Bateman,10235,7571,2829,3014,-185,66.1,44.5,21.6
2023,RB,WR,RB_vs_WR,Roschon Johnson,DeAndre Hopkins,10235,1426,2829,3010,-181,66.1,138,-71.9
2023,RB,WR,RB_vs_WR,Roschon Johnson,Romeo Doubs,10235,8121,2829,2863,-34,66.1,115.4,-49.3
2023,RB,WR,RB_vs_WR,Roschon Johnson,Jalin Hyatt,10235,9497,2829,2754,75,66.1,36.8,29.3
2023,RB,WR,RB_vs_WR,Roschon Johnson,Kadarius Toney,10235,7606,2829,2711,118,66.1,26,40.1
2023,RB,WR,RB_vs_WR,Roschon Johnson,Rashee Rice,10235,10229,2829,2695,134,66.1,133.5,-67.4
2023,RB,WR,RB_vs_WR,Roschon Johnson,Courtland Sutton,10235,5045,2829,2686,143,66.1,131,-64.9
2023,RB,WR,RB_vs_WR,Roschon Johnson,Jayden Reed,10235,10222,2829,2661,168,66.1,142,-75.9
2023,RB,WR,RB_vs_WR,Tyjae Spears,Romeo Doubs,9508,8121,2766,2863,-97,83.2,115.4,-32.2
2023,RB,WR,RB_vs_WR,Tyjae Spears,Jalin Hyatt,9508,9497,2766,2754,12,83.2,36.8,46.4
2023,RB,WR,RB_vs_WR,Tyjae Spears,Kadarius Toney,9508,7606,2766,2711,55,83.2,26,57.2
2023,RB,WR,RB_vs_WR,Tyjae Spears,Rashee Rice,9508,10229,2766,2695,71,83.2,133.5,-50.3
2023,RB,WR,RB_vs_WR,Tyjae Spears,Courtland Sutton,9508,5045,2766,2686,80,83.2,131,-47.8
2023,RB,WR,RB_vs_WR,Tyjae Spears,Jayden Reed,9508,10222,2766,2661,105,83.2,142,-58.8
2023,RB,WR,RB_vs_WR,Tyjae Spears,Nico Collins,9508,7569,2766,2589,177,83.2,154.9,-71.7
2023,RB,WR,RB_vs_WR,Dalvin Cook,Jalin Hyatt,4029,9497,2650,2754,-104,25.2,36.8,-11.6
2023,RB,WR,RB_vs_WR,Dalvin Cook,Kadarius Toney,4029,7606,2650,2711,-61,25.2,26,-0.8
2023,RB,WR,RB_vs_WR,Dalvin Cook,Rashee Rice,4029,10229,2650,2695,-45,25.2,133.5,-108.3
2023,RB,WR,RB_vs_WR,Dalvin Cook,Courtland Sutton,4029,5045,2650,2686,-36,25.2,131,-105.8
2023,RB,WR,RB_vs_WR,Dalvin Cook,Jayden Reed,4029,10222,2650,2661,-11,25.2,142,-116.8
2023,RB,WR,RB_vs_WR,Dalvin Cook,Nico Collins,4029,7569,2650,2589,61,25.2,154.9,-129.7
2023,RB,WR,RB_vs_WR,Dalvin Cook,Josh Downs,4029,9500,2650,2505,145,25.2,84.3,-59.1
2023,RB,WR,RB_vs_WR,Dalvin Cook,Brandin Cooks,4029,2197,2650,2469,181,25.2,109,-83.8
2023,RB,WR,RB_vs_WR,Tyler Allgeier,Nico Collins,8132,7569,2459,2589,-130,116.2,154.9,-38.7
2023,RB,WR,RB_vs_WR,Tyler Allgeier,Josh Downs,8132,9500,2459,2505,-46,116.2,84.3,31.9
2023,RB,WR,RB_vs_WR,Tyler Allgeier,Brandin Cooks,8132,2197,2459,2469,-10,116.2,109,7.2
2023,RB,WR,RB_vs_WR,Tyler Allgeier,Wan'Dale Robinson,8132,8126,2459,2362,97,116.2,64.7,51.5
2023,RB,WR,RB_vs_WR,Tyler Allgeier,John Metchie,8132,8147,2459,2343,116,116.2,15.7,100.5
2023,RB,WR,RB_vs_WR,Tyler Allgeier,JuJu Smith-Schuster,8132,4040,2459,2308,151,116.2,32,84.2
2023,RB,WR,RB_vs_WR,Kenneth Gainwell,Brandin Cooks,7567,2197,2277,2469,-192,61.2,109,-47.8
2023,RB,WR,RB_vs_WR,Kenneth Gainwell,Wan'Dale Robinson,7567,8126,2277,2362,-85,61.2,64.7,-3.5
2023,RB,WR,RB_vs_WR,Kenneth Gainwell,John Metchie,7567,8147,2277,2343,-66,61.2,15.7,45.5
2023,RB,WR,RB_vs_WR,Kenneth Gainwell,JuJu Smith-Schuster,7567,4040,2277,2308,-31,61.2,32,29.2
2023,RB,WR,RB_vs_WR,Kenneth Gainwell,Darnell Mooney,7567,7090,2277,2257,20,61.2,47.9,13.3
2023,RB,WR,RB_vs_WR,Kenneth Gainwell,Alec Pierce,7567,8142,2277,2256,21,61.2,63.4,-2.2
2023,RB,WR,RB_vs_WR,Kenneth Gainwell,Tank Dell,7567,9502,2277,2182,95,61.2,118,-56.8
2023,RB,WR,RB_vs_WR,Kenneth Gainwell,Michael Thomas,7567,3199,2277,2153,124,61.2,50.8,10.4
2023,RB,WR,RB_vs_WR,Kenneth Gainwell,Jakobi Meyers,7567,5947,2277,2135,142,61.2,129,-67.8
2023,RB,WR,RB_vs_WR,Kenneth Gainwell,Rondale Moore,7567,7601,2277,2100,177,61.2,61.4,-0.2
2023,RB,WR,RB_vs_WR,Elijah Mitchell,Wan'Dale Robinson,7561,8126,2233,2362,-129,28.8,64.7,-35.9
2023,RB,WR,RB_vs_WR,Elijah Mitchell,John Metchie,7561,8147,2233,2343,-110,28.8,15.7,13.1
2023,RB,WR,RB_vs_WR,Elijah Mitchell,JuJu Smith-Schuster,7561,4040,2233,2308,-75,28.8,32,-3.2
2023,RB,WR,RB_vs_WR,Elijah Mitchell,Darnell Mooney,7561,7090,2233,2257,-24,28.8,47.9,-19.1
2023,RB,WR,RB_vs_WR,Elijah Mitchell,Alec Pierce,7561,8142,2233,2256,-23,28.8,63.4,-34.6
2023,RB,WR,RB_vs_WR,Elijah Mitchell,Tank Dell,7561,9502,2233,2182,51,28.8,118,-89.2
2023,RB,WR,RB_vs_WR,Elijah Mitchell,Michael Thomas,7561,3199,2233,2153,80,28.8,50.8,-22
2023,RB,WR,RB_vs_WR,Elijah Mitchell,Jakobi Meyers,7561,5947,2233,2135,98,28.8,129,-100.2
2023,RB,WR,RB_vs_WR,Elijah Mitchell,Rondale Moore,7561,7601,2233,2100,133,28.8,61.4,-32.6
2023,RB,WR,RB_vs_WR,Elijah Mitchell,Justyn Ross,7561,8140,2233,2041,192,28.8,3.6,25.2
2023,RB,WR,RB_vs_WR,Jamaal Williams,Wan'Dale Robinson,4149,8126,2205,2362,-157,33.4,64.7,-31.3
2023,RB,WR,RB_vs_WR,Jamaal Williams,John Metchie,4149,8147,2205,2343,-138,33.4,15.7,17.7
2023,RB,WR,RB_vs_WR,Jamaal Williams,JuJu Smith-Schuster,4149,4040,2205,2308,-103,33.4,32,1.4
2023,RB,WR,RB_vs_WR,Jamaal Williams,Darnell Mooney,4149,7090,2205,2257,-52,33.4,47.9,-14.5
2023,RB,WR,RB_vs_WR,Jamaal Williams,Alec Pierce,4149,8142,2205,2256,-51,33.4,63.4,-30
2023,RB,WR,RB_vs_WR,Jamaal Williams,Tank Dell,4149,9502,2205,2182,23,33.4,118,-84.6
2023,RB,WR,RB_vs_WR,Jamaal Williams,Michael Thomas,4149,3199,2205,2153,52,33.4,50.8,-17.4
2023,RB,WR,RB_vs_WR,Jamaal Williams,Jakobi Meyers,4149,5947,2205,2135,70,33.4,129,-95.6
2023,RB,WR,RB_vs_WR,Jamaal Williams,Rondale Moore,4149,7601,2205,2100,105,33.4,61.4,-28
2023,RB,WR,RB_vs_WR,Jamaal Williams,Justyn Ross,4149,8140,2205,2041,164,33.4,3.6,29.8
2023,RB,WR,RB_vs_WR,Jamaal Williams,Donovan Peoples-Jones,4149,6824,2205,2023,182,33.4,13,20.4
2023,RB,WR,RB_vs_WR,Sean Tucker,Darnell Mooney,9506,7090,2061,2257,-196,3.2,47.9,-44.7
2023,RB,WR,RB_vs_WR,Sean Tucker,Alec Pierce,9506,8142,2061,2256,-195,3.2,63.4,-60.2
2023,RB,WR,RB_vs_WR,Sean Tucker,Tank Dell,9506,9502,2061,2182,-121,3.2,118,-114.8
2023,RB,WR,RB_vs_WR,Sean Tucker,Michael Thomas,9506,3199,2061,2153,-92,3.2,50.8,-47.6
2023,RB,WR,RB_vs_WR,Sean Tucker,Jakobi Meyers,9506,5947,2061,2135,-74,3.2,129,-125.8
2023,RB,WR,RB_vs_WR,Sean Tucker,Rondale Moore,9506,7601,2061,2100,-39,3.2,61.4,-58.2
2023,RB,WR,RB_vs_WR,Sean Tucker,Justyn Ross,9506,8140,2061,2041,20,3.2,3.6,-0.4
2023,RB,WR,RB_vs_WR,Sean Tucker,Donovan Peoples-Jones,9506,6824,2061,2023,38,3.2,13,-9.8
2023,RB,WR,RB_vs_WR,Sean Tucker,Michael Wilson,9506,10232,2061,1991,70,3.2,67,-63.8
2023,RB,WR,RB_vs_WR,Sean Tucker,Puka Nacua,9506,9493,2061,1919,142,3.2,183.4,-180.2
2023,RB,WR,RB_vs_WR,Sean Tucker,Allen Lazard,9506,5185,2061,1914,147,3.2,37.1,-33.9
2023,RB,WR,RB_vs_WR,Sean Tucker,Cedric Tillman,9506,10444,2061,1912,149,3.2,18.9,-15.7
2023,RB,WR,RB_vs_WR,Sean Tucker,Tyler Boyd,9506,3225,2061,1908,153,3.2,77.4,-74.2
2023,RB,WR,RB_vs_WR,Sean Tucker,Zay Jones,9506,4080,2061,1904,157,3.2,39.4,-36.2
2023,RB,WR,RB_vs_WR,Sean Tucker,Rashid Shaheed,9506,8676,2061,1891,170,3.2,97.1,-93.9
2023,RB,WR,RB_vs_WR,Sean Tucker,D.J. Chark,9506,4951,2061,1880,181,3.2,77.9,-74.7
2023,RB,WR,RB_vs_WR,Sean Tucker,Michael Gallup,9506,5038,2061,1867,194,3.2,53.8,-50.6
2023,RB,WR,RB_vs_WR,Rashaad Penny,Tank Dell,4985,9502,2036,2182,-146,2.2,118,-115.8
2023,RB,WR,RB_vs_WR,Rashaad Penny,Michael Thomas,4985,3199,2036,2153,-117,2.2,50.8,-48.6
2023,RB,WR,RB_vs_WR,Rashaad Penny,Jakobi Meyers,4985,5947,2036,2135,-99,2.2,129,-126.8
2023,RB,WR,RB_vs_WR,Rashaad Penny,Rondale Moore,4985,7601,2036,2100,-64,2.2,61.4,-59.2
2023,RB,WR,RB_vs_WR,Rashaad Penny,Justyn Ross,4985,8140,2036,2041,-5,2.2,3.6,-1.4
2023,RB,WR,RB_vs_WR,Rashaad Penny,Donovan Peoples-Jones,4985,6824,2036,2023,13,2.2,13,-10.8
2023,RB,WR,RB_vs_WR,Rashaad Penny,Michael Wilson,4985,10232,2036,1991,45,2.2,67,-64.8
2023,RB,WR,RB_vs_WR,Rashaad Penny,Puka Nacua,4985,9493,2036,1919,117,2.2,183.4,-181.2
2023,RB,WR,RB_vs_WR,Rashaad Penny,Allen Lazard,4985,5185,2036,1914,122,2.2,37.1,-34.9
2023,RB,WR,RB_vs_WR,Rashaad Penny,Cedric Tillman,4985,10444,2036,1912,124,2.2,18.9,-16.7
2023,RB,WR,RB_vs_WR,Rashaad Penny,Tyler Boyd,4985,3225,2036,1908,128,2.2,77.4,-75.2
2023,RB,WR,RB_vs_WR,Rashaad Penny,Zay Jones,4985,4080,2036,1904,132,2.2,39.4,-37.2
2023,RB,WR,RB_vs_WR,Rashaad Penny,Rashid Shaheed,4985,8676,2036,1891,145,2.2,97.1,-94.9
2023,RB,WR,RB_vs_WR,Rashaad Penny,D.J. Chark,4985,4951,2036,1880,156,2.2,77.9,-75.7
2023,RB,WR,RB_vs_WR,Rashaad Penny,Michael Gallup,4985,5038,2036,1867,169,2.2,53.8,-51.6
2023,RB,WR,RB_vs_WR,Samaje Perine,Tank Dell,4147,9502,2033,2182,-149,68.3,118,-49.7
2023,RB,WR,RB_vs_WR,Samaje Perine,Michael Thomas,4147,3199,2033,2153,-120,68.3,50.8,17.5
2023,RB,WR,RB_vs_WR,Samaje Perine,Jakobi Meyers,4147,5947,2033,2135,-102,68.3,129,-60.7
2023,RB,WR,RB_vs_WR,Samaje Perine,Rondale Moore,4147,7601,2033,2100,-67,68.3,61.4,6.9
2023,RB,WR,RB_vs_WR,Samaje Perine,Justyn Ross,4147,8140,2033,2041,-8,68.3,3.6,64.7
2023,RB,WR,RB_vs_WR,Samaje Perine,Donovan Peoples-Jones,4147,6824,2033,2023,10,68.3,13,55.3
2023,RB,WR,RB_vs_WR,Samaje Perine,Michael Wilson,4147,10232,2033,1991,42,68.3,67,1.3
2023,RB,WR,RB_vs_WR,Samaje Perine,Puka Nacua,4147,9493,2033,1919,114,68.3,183.4,-115.1
2023,RB,WR,RB_vs_WR,Samaje Perine,Allen Lazard,4147,5185,2033,1914,119,68.3,37.1,31.2
2023,RB,WR,RB_vs_WR,Samaje Perine,Cedric Tillman,4147,10444,2033,1912,121,68.3,18.9,49.4
2023,RB,WR,RB_vs_WR,Samaje Perine,Tyler Boyd,4147,3225,2033,1908,125,68.3,77.4,-9.1
2023,RB,WR,RB_vs_WR,Samaje Perine,Zay Jones,4147,4080,2033,1904,129,68.3,39.4,28.9
2023,RB,WR,RB_vs_WR,Samaje Perine,Rashid Shaheed,4147,8676,2033,1891,142,68.3,97.1,-28.8
2023,RB,WR,RB_vs_WR,Samaje Perine,D.J. Chark,4147,4951,2033,1880,153,68.3,77.9,-9.6
2023,RB,WR,RB_vs_WR,Samaje Perine,Michael Gallup,4147,5038,2033,1867,166,68.3,53.8,14.5
2023,RB,WR,RB_vs_WR,Deuce Vaughn,Tank Dell,9505,9502,2001,2182,-181,8,118,-110
2023,RB,WR,RB_vs_WR,Deuce Vaughn,Michael Thomas,9505,3199,2001,2153,-152,8,50.8,-42.8
2023,RB,WR,RB_vs_WR,Deuce Vaughn,Jakobi Meyers,9505,5947,2001,2135,-134,8,129,-121
2023,RB,WR,RB_vs_WR,Deuce Vaughn,Rondale Moore,9505,7601,2001,2100,-99,8,61.4,-53.4
2023,RB,WR,RB_vs_WR,Deuce Vaughn,Justyn Ross,9505,8140,2001,2041,-40,8,3.6,4.4
2023,RB,WR,RB_vs_WR,Deuce Vaughn,Donovan Peoples-Jones,9505,6824,2001,2023,-22,8,13,-5
2023,RB,WR,RB_vs_WR,Deuce Vaughn,Michael Wilson,9505,10232,2001,1991,10,8,67,-59
2023,RB,WR,RB_vs_WR,Deuce Vaughn,Puka Nacua,9505,9493,2001,1919,82,8,183.4,-175.4
2023,RB,WR,RB_vs_WR,Deuce Vaughn,Allen Lazard,9505,5185,2001,1914,87,8,37.1,-29.1
2023,RB,WR,RB_vs_WR,Deuce Vaughn,Cedric Tillman,9505,10444,2001,1912,89,8,18.9,-10.9
2023,RB,WR,RB_vs_WR,Deuce Vaughn,Tyler Boyd,9505,3225,2001,1908,93,8,77.4,-69.4
2023,RB,WR,RB_vs_WR,Deuce Vaughn,Zay Jones,9505,4080,2001,1904,97,8,39.4,-31.4
2023,RB,WR,RB_vs_WR,Deuce Vaughn,Rashid Shaheed,9505,8676,2001,1891,110,8,97.1,-89.1
2023,RB,WR,RB_vs_WR,Deuce Vaughn,D.J. Chark,9505,4951,2001,1880,121,8,77.9,-69.9
2023,RB,WR,RB_vs_WR,Deuce Vaughn,Michael Gallup,9505,5038,2001,1867,134,8,53.8,-45.8
2023,RB,WR,RB_vs_WR,Deuce Vaughn,Isaiah Hodgins,9505,6920,2001,1801,200,8,35.4,-27.4
2023,RB,WR,RB_vs_WR,Evan Hull,Rondale Moore,9220,7601,1931,2100,-169,0.7,61.4,-60.7
2023,RB,WR,RB_vs_WR,Evan Hull,Justyn Ross,9220,8140,1931,2041,-110,0.7,3.6,-2.9
2023,RB,WR,RB_vs_WR,Evan Hull,Donovan Peoples-Jones,9220,6824,1931,2023,-92,0.7,13,-12.3
2023,RB,WR,RB_vs_WR,Evan Hull,Michael Wilson,9220,10232,1931,1991,-60,0.7,67,-66.3
2023,RB,WR,RB_vs_WR,Evan Hull,Puka Nacua,9220,9493,1931,1919,12,0.7,183.4,-182.7
2023,RB,WR,RB_vs_WR,Evan Hull,Allen Lazard,9220,5185,1931,1914,17,0.7,37.1,-36.4
2023,RB,WR,RB_vs_WR,Evan Hull,Cedric Tillman,9220,10444,1931,1912,19,0.7,18.9,-18.2
2023,RB,WR,RB_vs_WR,Evan Hull,Tyler Boyd,9220,3225,1931,1908,23,0.7,77.4,-76.7
2023,RB,WR,RB_vs_WR,Evan Hull,Zay Jones,9220,4080,1931,1904,27,0.7,39.4,-38.7
2023,RB,WR,RB_vs_WR,Evan Hull,Rashid Shaheed,9220,8676,1931,1891,40,0.7,97.1,-96.4
2023,RB,WR,RB_vs_WR,Evan Hull,D.J. Chark,9220,4951,1931,1880,51,0.7,77.9,-77.2
2023,RB,WR,RB_vs_WR,Evan Hull,Michael Gallup,9220,5038,1931,1867,64,0.7,53.8,-53.1
2023,RB,WR,RB_vs_WR,Evan Hull,Isaiah Hodgins,9220,6920,1931,1801,130,0.7,35.4,-34.7
2023,RB,WR,RB_vs_WR,Chase Brown,Justyn Ross,9224,8140,1893,2041,-148,34.2,3.6,30.6
2023,RB,WR,RB_vs_WR,Chase Brown,Donovan Peoples-Jones,9224,6824,1893,2023,-130,34.2,13,21.2
2023,RB,WR,RB_vs_WR,Chase Brown,Michael Wilson,9224,10232,1893,1991,-98,34.2,67,-32.8
2023,RB,WR,RB_vs_WR,Chase Brown,Puka Nacua,9224,9493,1893,1919,-26,34.2,183.4,-149.2
2023,RB,WR,RB_vs_WR,Chase Brown,Allen Lazard,9224,5185,1893,1914,-21,34.2,37.1,-2.9
2023,RB,WR,RB_vs_WR,Chase Brown,Cedric Tillman,9224,10444,1893,1912,-19,34.2,18.9,15.3
2023,RB,WR,RB_vs_WR,Chase Brown,Tyler Boyd,9224,3225,1893,1908,-15,34.2,77.4,-43.2
2023,RB,WR,RB_vs_WR,Chase Brown,Zay Jones,9224,4080,1893,1904,-11,34.2,39.4,-5.2
2023,RB,WR,RB_vs_WR,Chase Brown,Rashid Shaheed,9224,8676,1893,1891,2,34.2,97.1,-62.9
2023,RB,WR,RB_vs_WR,Chase Brown,D.J. Chark,9224,4951,1893,1880,13,34.2,77.9,-43.7
2023,RB,WR,RB_vs_WR,Chase Brown,Michael Gallup,9224,5038,1893,1867,26,34.2,53.8,-19.6
2023,RB,WR,RB_vs_WR,Chase Brown,Isaiah Hodgins,9224,6920,1893,1801,92,34.2,35.4,-1.2
2023,RB,WR,RB_vs_WR,Chase Brown,Van Jefferson,9224,6853,1893,1698,195,34.2,20,14.2
2023,RB,WR,RB_vs_WR,Zamir White,Michael Wilson,8139,10232,1794,1991,-197,46.8,67,-20.2
2023,RB,WR,RB_vs_WR,Zamir White,Puka Nacua,8139,9493,1794,1919,-125,46.8,183.4,-136.6
2023,RB,WR,RB_vs_WR,Zamir White,Allen Lazard,8139,5185,1794,1914,-120,46.8,37.1,9.7
2023,RB,WR,RB_vs_WR,Zamir White,Cedric Tillman,8139,10444,1794,1912,-118,46.8,18.9,27.9
2023,RB,WR,RB_vs_WR,Zamir White,Tyler Boyd,8139,3225,1794,1908,-114,46.8,77.4,-30.6
2023,RB,WR,RB_vs_WR,Zamir White,Zay Jones,8139,4080,1794,1904,-110,46.8,39.4,7.4
2023,RB,WR,RB_vs_WR,Zamir White,Rashid Shaheed,8139,8676,1794,1891,-97,46.8,97.1,-50.3
2023,RB,WR,RB_vs_WR,Zamir White,D.J. Chark,8139,4951,1794,1880,-86,46.8,77.9,-31.1
2023,RB,WR,RB_vs_WR,Zamir White,Michael Gallup,8139,5038,1794,1867,-73,46.8,53.8,-7
2023,RB,WR,RB_vs_WR,Zamir White,Isaiah Hodgins,8139,6920,1794,1801,-7,46.8,35.4,11.4
2023,RB,WR,RB_vs_WR,Zamir White,Van Jefferson,8139,6853,1794,1698,96,46.8,20,26.8
2023,RB,WR,RB_vs_WR,Zamir White,Odell Beckham,8139,2078,1794,1675,119,46.8,72.5,-25.7
2023,RB,WR,RB_vs_WR,Jerome Ford,Puka Nacua,8143,9493,1734,1919,-185,164,183.4,-19.4
2023,RB,WR,RB_vs_WR,Jerome Ford,Allen Lazard,8143,5185,1734,1914,-180,164,37.1,126.9
2023,RB,WR,RB_vs_WR,Jerome Ford,Cedric Tillman,8143,10444,1734,1912,-178,164,18.9,145.1
2023,RB,WR,RB_vs_WR,Jerome Ford,Tyler Boyd,8143,3225,1734,1908,-174,164,77.4,86.6
2023,RB,WR,RB_vs_WR,Jerome Ford,Zay Jones,8143,4080,1734,1904,-170,164,39.4,124.6
2023,RB,WR,RB_vs_WR,Jerome Ford,Rashid Shaheed,8143,8676,1734,1891,-157,164,97.1,66.9
2023,RB,WR,RB_vs_WR,Jerome Ford,D.J. Chark,8143,4951,1734,1880,-146,164,77.9,86.1
2023,RB,WR,RB_vs_WR,Jerome Ford,Michael Gallup,8143,5038,1734,1867,-133,164,53.8,110.2
2023,RB,WR,RB_vs_WR,Jerome Ford,Isaiah Hodgins,8143,6920,1734,1801,-67,164,35.4,128.6
2023,RB,WR,RB_vs_WR,Jerome Ford,Van Jefferson,8143,6853,1734,1698,36,164,20,144
2023,RB,WR,RB_vs_WR,Jerome Ford,Odell Beckham,8143,2078,1734,1675,59,164,72.5,91.5
2023,RB,WR,RB_vs_WR,Jerome Ford,Josh Palmer,8143,7670,1734,1586,148,164,63.7,100.3
2023,RB,WR,RB_vs_WR,Jerome Ford,Chase Claypool,8143,6886,1734,1564,170,164,13.4,150.6
2023,RB,WR,RB_vs_WR,Jerome Ford,K.J. Osborn,8143,7066,1734,1534,200,164,71.1,92.9
2023,RB,WR,RB_vs_WR,Raheem Mostert,Isaiah Hodgins,2749,6920,1614,1801,-187,242.7,35.4,207.3
2023,RB,WR,RB_vs_WR,Raheem Mostert,Van Jefferson,2749,6853,1614,1698,-84,242.7,20,222.7
2023,RB,WR,RB_vs_WR,Raheem Mostert,Odell Beckham,2749,2078,1614,1675,-61,242.7,72.5,170.2
2023,RB,WR,RB_vs_WR,Raheem Mostert,Josh Palmer,2749,7670,1614,1586,28,242.7,63.7,179
2023,RB,WR,RB_vs_WR,Raheem Mostert,Chase Claypool,2749,6886,1614,1564,50,242.7,13.4,229.3
2023,RB,WR,RB_vs_WR,Raheem Mostert,K.J. Osborn,2749,7066,1614,1534,80,242.7,71.1,171.6
2023,RB,WR,RB_vs_WR,Raheem Mostert,Curtis Samuel,2749,4082,1614,1496,118,242.7,92.2,150.5
2023,RB,WR,RB_vs_WR,Raheem Mostert,Kayshon Boutte,2749,9504,1614,1482,132,242.7,1.9,240.8
2023,RB,WR,RB_vs_WR,Raheem Mostert,Hunter Renfrow,2749,5955,1614,1457,157,242.7,23.5,219.2
2023,RB,WR,RB_vs_WR,Raheem Mostert,Trey Palmer,2749,9492,1614,1455,159,242.7,55.7,187
2023,RB,WR,RB_vs_WR,Raheem Mostert,Adam Thielen,2749,1689,1614,1427,187,242.7,126.8,115.9
2023,RB,WR,RB_vs_WR,Devin Singletary,Van Jefferson,6130,6853,1576,1698,-122,124.8,20,104.8
2023,RB,WR,RB_vs_WR,Devin Singletary,Odell Beckham,6130,2078,1576,1675,-99,124.8,72.5,52.3
2023,RB,WR,RB_vs_WR,Devin Singletary,Josh Palmer,6130,7670,1576,1586,-10,124.8,63.7,61.1
2023,RB,WR,RB_vs_WR,Devin Singletary,Chase Claypool,6130,6886,1576,1564,12,124.8,13.4,111.4
2023,RB,WR,RB_vs_WR,Devin Singletary,K.J. Osborn,6130,7066,1576,1534,42,124.8,71.1,53.7
2023,RB,WR,RB_vs_WR,Devin Singletary,Curtis Samuel,6130,4082,1576,1496,80,124.8,92.2,32.6
2023,RB,WR,RB_vs_WR,Devin Singletary,Kayshon Boutte,6130,9504,1576,1482,94,124.8,1.9,122.9
2023,RB,WR,RB_vs_WR,Devin Singletary,Hunter Renfrow,6130,5955,1576,1457,119,124.8,23.5,101.3
2023,RB,WR,RB_vs_WR,Devin Singletary,Trey Palmer,6130,9492,1576,1455,121,124.8,55.7,69.1
2023,RB,WR,RB_vs_WR,Devin Singletary,Adam Thielen,6130,1689,1576,1427,149,124.8,126.8,-2
2023,RB,WR,RB_vs_WR,Devin Singletary,Darius Slayton,6130,6149,1576,1410,166,124.8,88.8,36
2023,RB,WR,RB_vs_WR,Devin Singletary,Parris Campbell,6130,5880,1576,1388,188,124.8,10.4,114.4
2023,RB,WR,RB_vs_WR,Devin Singletary,Mecole Hardman,6130,5917,1576,1385,191,124.8,3,121.8
2023,RB,WR,RB_vs_WR,Zach Evans,Van Jefferson,9222,6853,1566,1698,-132,1.6,20,-18.4
2023,RB,WR,RB_vs_WR,Zach Evans,Odell Beckham,9222,2078,1566,1675,-109,1.6,72.5,-70.9
2023,RB,WR,RB_vs_WR,Zach Evans,Josh Palmer,9222,7670,1566,1586,-20,1.6,63.7,-62.1
2023,RB,WR,RB_vs_WR,Zach Evans,Chase Claypool,9222,6886,1566,1564,2,1.6,13.4,-11.8
2023,RB,WR,RB_vs_WR,Zach Evans,K.J. Osborn,9222,7066,1566,1534,32,1.6,71.1,-69.5
2023,RB,WR,RB_vs_WR,Zach Evans,Curtis Samuel,9222,4082,1566,1496,70,1.6,92.2,-90.6
2023,RB,WR,RB_vs_WR,Zach Evans,Kayshon Boutte,9222,9504,1566,1482,84,1.6,1.9,-0.3
2023,RB,WR,RB_vs_WR,Zach Evans,Hunter Renfrow,9222,5955,1566,1457,109,1.6,23.5,-21.9
2023,RB,WR,RB_vs_WR,Zach Evans,Trey Palmer,9222,9492,1566,1455,111,1.6,55.7,-54.1
2023,RB,WR,RB_vs_WR,Zach Evans,Adam Thielen,9222,1689,1566,1427,139,1.6,126.8,-125.2
2023,RB,WR,RB_vs_WR,Zach Evans,Darius Slayton,9222,6149,1566,1410,156,1.6,88.8,-87.2
2023,RB,WR,RB_vs_WR,Zach Evans,Parris Campbell,9222,5880,1566,1388,178,1.6,10.4,-8.8
2023,RB,WR,RB_vs_WR,Zach Evans,Mecole Hardman,9222,5917,1566,1385,181,1.6,3,-1.4
2023,RB,WR,RB_vs_WR,Zach Evans,Terrace Marshall,9222,7565,1566,1371,195,1.6,13.4,-11.8
2023,RB,WR,RB_vs_WR,Jerick McKinnon,Van Jefferson,2161,6853,1544,1698,-154,59.4,20,39.4
2023,RB,WR,RB_vs_WR,Jerick McKinnon,Odell Beckham,2161,2078,1544,1675,-131,59.4,72.5,-13.1
2023,RB,WR,RB_vs_WR,Jerick McKinnon,Josh Palmer,2161,7670,1544,1586,-42,59.4,63.7,-4.3
2023,RB,WR,RB_vs_WR,Jerick McKinnon,Chase Claypool,2161,6886,1544,1564,-20,59.4,13.4,46
2023,RB,WR,RB_vs_WR,Jerick McKinnon,K.J. Osborn,2161,7066,1544,1534,10,59.4,71.1,-11.7
2023,RB,WR,RB_vs_WR,Jerick McKinnon,Curtis Samuel,2161,4082,1544,1496,48,59.4,92.2,-32.8
2023,RB,WR,RB_vs_WR,Jerick McKinnon,Kayshon Boutte,2161,9504,1544,1482,62,59.4,1.9,57.5
2023,RB,WR,RB_vs_WR,Jerick McKinnon,Hunter Renfrow,2161,5955,1544,1457,87,59.4,23.5,35.9
2023,RB,WR,RB_vs_WR,Jerick McKinnon,Trey Palmer,2161,9492,1544,1455,89,59.4,55.7,3.7
2023,RB,WR,RB_vs_WR,Jerick McKinnon,Adam Thielen,2161,1689,1544,1427,117,59.4,126.8,-67.4
2023,RB,WR,RB_vs_WR,Jerick McKinnon,Darius Slayton,2161,6149,1544,1410,134,59.4,88.8,-29.4
2023,RB,WR,RB_vs_WR,Jerick McKinnon,Parris Campbell,2161,5880,1544,1388,156,59.4,10.4,49
2023,RB,WR,RB_vs_WR,Jerick McKinnon,Mecole Hardman,2161,5917,1544,1385,159,59.4,3,56.4
2023,RB,WR,RB_vs_WR,Jerick McKinnon,Terrace Marshall,2161,7565,1544,1371,173,59.4,13.4,46
2023,RB,WR,RB_vs_WR,Ezekiel Elliott,Van Jefferson,3164,6853,1539,1698,-159,115.4,20,95.4
2023,RB,WR,RB_vs_WR,Ezekiel Elliott,Odell Beckham,3164,2078,1539,1675,-136,115.4,72.5,42.9
2023,RB,WR,RB_vs_WR,Ezekiel Elliott,Josh Palmer,3164,7670,1539,1586,-47,115.4,63.7,51.7
2023,RB,WR,RB_vs_WR,Ezekiel Elliott,Chase Claypool,3164,6886,1539,1564,-25,115.4,13.4,102
2023,RB,WR,RB_vs_WR,Ezekiel Elliott,K.J. Osborn,3164,7066,1539,1534,5,115.4,71.1,44.3
2023,RB,WR,RB_vs_WR,Ezekiel Elliott,Curtis Samuel,3164,4082,1539,1496,43,115.4,92.2,23.2
2023,RB,WR,RB_vs_WR,Ezekiel Elliott,Kayshon Boutte,3164,9504,1539,1482,57,115.4,1.9,113.5
2023,RB,WR,RB_vs_WR,Ezekiel Elliott,Hunter Renfrow,3164,5955,1539,1457,82,115.4,23.5,91.9
2023,RB,WR,RB_vs_WR,Ezekiel Elliott,Trey Palmer,3164,9492,1539,1455,84,115.4,55.7,59.7
2023,RB,WR,RB_vs_WR,Ezekiel Elliott,Adam Thielen,3164,1689,1539,1427,112,115.4,126.8,-11.4
2023,RB,WR,RB_vs_WR,Ezekiel Elliott,Darius Slayton,3164,6149,1539,1410,129,115.4,88.8,26.6
2023,RB,WR,RB_vs_WR,Ezekiel Elliott,Parris Campbell,3164,5880,1539,1388,151,115.4,10.4,105
2023,RB,WR,RB_vs_WR,Ezekiel Elliott,Mecole Hardman,3164,5917,1539,1385,154,115.4,3,112.4
2023,RB,WR,RB_vs_WR,Ezekiel Elliott,Terrace Marshall,3164,7565,1539,1371,168,115.4,13.4,102
2023,RB,WR,RB_vs_WR,Chuba Hubbard,Josh Palmer,7594,7670,1434,1586,-152,134.3,63.7,70.6
2023,RB,WR,RB_vs_WR,Chuba Hubbard,Chase Claypool,7594,6886,1434,1564,-130,134.3,13.4,120.9
2023,RB,WR,RB_vs_WR,Chuba Hubbard,K.J. Osborn,7594,7066,1434,1534,-100,134.3,71.1,63.2
2023,RB,WR,RB_vs_WR,Chuba Hubbard,Curtis Samuel,7594,4082,1434,1496,-62,134.3,92.2,42.1
2023,RB,WR,RB_vs_WR,Chuba Hubbard,Kayshon Boutte,7594,9504,1434,1482,-48,134.3,1.9,132.4
2023,RB,WR,RB_vs_WR,Chuba Hubbard,Hunter Renfrow,7594,5955,1434,1457,-23,134.3,23.5,110.8
2023,RB,WR,RB_vs_WR,Chuba Hubbard,Trey Palmer,7594,9492,1434,1455,-21,134.3,55.7,78.6
2023,RB,WR,RB_vs_WR,Chuba Hubbard,Adam Thielen,7594,1689,1434,1427,7,134.3,126.8,7.5
2023,RB,WR,RB_vs_WR,Chuba Hubbard,Darius Slayton,7594,6149,1434,1410,24,134.3,88.8,45.5
2023,RB,WR,RB_vs_WR,Chuba Hubbard,Parris Campbell,7594,5880,1434,1388,46,134.3,10.4,123.9
2023,RB,WR,RB_vs_WR,Chuba Hubbard,Mecole Hardman,7594,5917,1434,1385,49,134.3,3,131.3
2023,RB,WR,RB_vs_WR,Chuba Hubbard,Terrace Marshall,7594,7565,1434,1371,63,134.3,13.4,120.9
2023,RB,WR,RB_vs_WR,Chuba Hubbard,Marquez Valdes-Scantling,7594,5086,1434,1287,147,134.3,35.5,98.8
2023,RB,WR,RB_vs_WR,Chuba Hubbard,Calvin Austin III,7594,8125,1434,1281,153,134.3,34.9,99.4
2023,RB,WR,RB_vs_WR,Chuba Hubbard,Xavier Hutchinson,7594,10218,1434,1261,173,134.3,13.3,121
2023,RB,WR,RB_vs_WR,Chuba Hubbard,Tyquan Thornton,7594,8188,1434,1240,194,134.3,14.2,120.1
2023,RB,WR,RB_vs_WR,Israel Abanikanda,Josh Palmer,9227,7670,1426,1586,-160,8.7,63.7,-55
2023,RB,WR,RB_vs_WR,Israel Abanikanda,Chase Claypool,9227,6886,1426,1564,-138,8.7,13.4,-4.7
2023,RB,WR,RB_vs_WR,Israel Abanikanda,K.J. Osborn,9227,7066,1426,1534,-108,8.7,71.1,-62.4
2023,RB,WR,RB_vs_WR,Israel Abanikanda,Curtis Samuel,9227,4082,1426,1496,-70,8.7,92.2,-83.5
2023,RB,WR,RB_vs_WR,Israel Abanikanda,Kayshon Boutte,9227,9504,1426,1482,-56,8.7,1.9,6.8
2023,RB,WR,RB_vs_WR,Israel Abanikanda,Hunter Renfrow,9227,5955,1426,1457,-31,8.7,23.5,-14.8
2023,RB,WR,RB_vs_WR,Israel Abanikanda,Trey Palmer,9227,9492,1426,1455,-29,8.7,55.7,-47
2023,RB,WR,RB_vs_WR,Israel Abanikanda,Adam Thielen,9227,1689,1426,1427,-1,8.7,126.8,-118.1
2023,RB,WR,RB_vs_WR,Israel Abanikanda,Darius Slayton,9227,6149,1426,1410,16,8.7,88.8,-80.1
2023,RB,WR,RB_vs_WR,Israel Abanikanda,Parris Campbell,9227,5880,1426,1388,38,8.7,10.4,-1.7
2023,RB,WR,RB_vs_WR,Israel Abanikanda,Mecole Hardman,9227,5917,1426,1385,41,8.7,3,5.7
2023,RB,WR,RB_vs_WR,Israel Abanikanda,Terrace Marshall,9227,7565,1426,1371,55,8.7,13.4,-4.7
2023,RB,WR,RB_vs_WR,Israel Abanikanda,Marquez Valdes-Scantling,9227,5086,1426,1287,139,8.7,35.5,-26.8
2023,RB,WR,RB_vs_WR,Israel Abanikanda,Calvin Austin III,9227,8125,1426,1281,145,8.7,34.9,-26.2
2023,RB,WR,RB_vs_WR,Israel Abanikanda,Xavier Hutchinson,9227,10218,1426,1261,165,8.7,13.3,-4.6
2023,RB,WR,RB_vs_WR,Israel Abanikanda,Tyquan Thornton,9227,8188,1426,1240,186,8.7,14.2,-5.5
2023,RB,WR,RB_vs_WR,Ty Chandler,Josh Palmer,8230,7670,1416,1586,-170,71.1,63.7,7.4
2023,RB,WR,RB_vs_WR,Ty Chandler,Chase Claypool,8230,6886,1416,1564,-148,71.1,13.4,57.7
2023,RB,WR,RB_vs_WR,Ty Chandler,K.J. Osborn,8230,7066,1416,1534,-118,71.1,71.1,0
2023,RB,WR,RB_vs_WR,Ty Chandler,Curtis Samuel,8230,4082,1416,1496,-80,71.1,92.2,-21.1
2023,RB,WR,RB_vs_WR,Ty Chandler,Kayshon Boutte,8230,9504,1416,1482,-66,71.1,1.9,69.2
2023,RB,WR,RB_vs_WR,Ty Chandler,Hunter Renfrow,8230,5955,1416,1457,-41,71.1,23.5,47.6
2023,RB,WR,RB_vs_WR,Ty Chandler,Trey Palmer,8230,9492,1416,1455,-39,71.1,55.7,15.4
2023,RB,WR,RB_vs_WR,Ty Chandler,Adam Thielen,8230,1689,1416,1427,-11,71.1,126.8,-55.7
2023,RB,WR,RB_vs_WR,Ty Chandler,Darius Slayton,8230,6149,1416,1410,6,71.1,88.8,-17.7
2023,RB,WR,RB_vs_WR,Ty Chandler,Parris Campbell,8230,5880,1416,1388,28,71.1,10.4,60.7
2023,RB,WR,RB_vs_WR,Ty Chandler,Mecole Hardman,8230,5917,1416,1385,31,71.1,3,68.1
2023,RB,WR,RB_vs_WR,Ty Chandler,Terrace Marshall,8230,7565,1416,1371,45,71.1,13.4,57.7
2023,RB,WR,RB_vs_WR,Ty Chandler,Marquez Valdes-Scantling,8230,5086,1416,1287,129,71.1,35.5,35.6
2023,RB,WR,RB_vs_WR,Ty Chandler,Calvin Austin III,8230,8125,1416,1281,135,71.1,34.9,36.2
2023,RB,WR,RB_vs_WR,Ty Chandler,Xavier Hutchinson,8230,10218,1416,1261,155,71.1,13.3,57.8
2023,RB,WR,RB_vs_WR,Ty Chandler,Tyquan Thornton,8230,8188,1416,1240,176,71.1,14.2,56.9
2023,RB,WR,RB_vs_WR,Ty Chandler,Khalil Shakir,8230,8134,1416,1220,196,71.1,63.6,7.5
2023,RB,WR,RB_vs_WR,Zack Moss,Josh Palmer,6845,7670,1413,1586,-173,139.6,63.7,75.9
2023,RB,WR,RB_vs_WR,Zack Moss,Chase Claypool,6845,6886,1413,1564,-151,139.6,13.4,126.2
2023,RB,WR,RB_vs_WR,Zack Moss,K.J. Osborn,6845,7066,1413,1534,-121,139.6,71.1,68.5
2023,RB,WR,RB_vs_WR,Zack Moss,Curtis Samuel,6845,4082,1413,1496,-83,139.6,92.2,47.4
2023,RB,WR,RB_vs_WR,Zack Moss,Kayshon Boutte,6845,9504,1413,1482,-69,139.6,1.9,137.7
2023,RB,WR,RB_vs_WR,Zack Moss,Hunter Renfrow,6845,5955,1413,1457,-44,139.6,23.5,116.1
2023,RB,WR,RB_vs_WR,Zack Moss,Trey Palmer,6845,9492,1413,1455,-42,139.6,55.7,83.9
2023,RB,WR,RB_vs_WR,Zack Moss,Adam Thielen,6845,1689,1413,1427,-14,139.6,126.8,12.8
2023,RB,WR,RB_vs_WR,Zack Moss,Darius Slayton,6845,6149,1413,1410,3,139.6,88.8,50.8
2023,RB,WR,RB_vs_WR,Zack Moss,Parris Campbell,6845,5880,1413,1388,25,139.6,10.4,129.2
2023,RB,WR,RB_vs_WR,Zack Moss,Mecole Hardman,6845,5917,1413,1385,28,139.6,3,136.6
2023,RB,WR,RB_vs_WR,Zack Moss,Terrace Marshall,6845,7565,1413,1371,42,139.6,13.4,126.2
2023,RB,WR,RB_vs_WR,Zack Moss,Marquez Valdes-Scantling,6845,5086,1413,1287,126,139.6,35.5,104.1
2023,RB,WR,RB_vs_WR,Zack Moss,Calvin Austin III,6845,8125,1413,1281,132,139.6,34.9,104.7
2023,RB,WR,RB_vs_WR,Zack Moss,Xavier Hutchinson,6845,10218,1413,1261,152,139.6,13.3,126.3
2023,RB,WR,RB_vs_WR,Zack Moss,Tyquan Thornton,6845,8188,1413,1240,173,139.6,14.2,125.4
2023,RB,WR,RB_vs_WR,Zack Moss,Khalil Shakir,6845,8134,1413,1220,193,139.6,63.6,76
2023,RB,WR,RB_vs_WR,Clyde Edwards-Helaire,Josh Palmer,6820,7670,1412,1586,-174,52.1,63.7,-11.6
2023,RB,WR,RB_vs_WR,Clyde Edwards-Helaire,Chase Claypool,6820,6886,1412,1564,-152,52.1,13.4,38.7
2023,RB,WR,RB_vs_WR,Clyde Edwards-Helaire,K.J. Osborn,6820,7066,1412,1534,-122,52.1,71.1,-19
2023,RB,WR,RB_vs_WR,Clyde Edwards-Helaire,Curtis Samuel,6820,4082,1412,1496,-84,52.1,92.2,-40.1
2023,RB,WR,RB_vs_WR,Clyde Edwards-Helaire,Kayshon Boutte,6820,9504,1412,1482,-70,52.1,1.9,50.2
2023,RB,WR,RB_vs_WR,Clyde Edwards-Helaire,Hunter Renfrow,6820,5955,1412,1457,-45,52.1,23.5,28.6
2023,RB,WR,RB_vs_WR,Clyde Edwards-Helaire,Trey Palmer,6820,9492,1412,1455,-43,52.1,55.7,-3.6
2023,RB,WR,RB_vs_WR,Clyde Edwards-Helaire,Adam Thielen,6820,1689,1412,1427,-15,52.1,126.8,-74.7
2023,RB,WR,RB_vs_WR,Clyde Edwards-Helaire,Darius Slayton,6820,6149,1412,1410,2,52.1,88.8,-36.7
2023,RB,WR,RB_vs_WR,Clyde Edwards-Helaire,Parris Campbell,6820,5880,1412,1388,24,52.1,10.4,41.7
2023,RB,WR,RB_vs_WR,Clyde Edwards-Helaire,Mecole Hardman,6820,5917,1412,1385,27,52.1,3,49.1
2023,RB,WR,RB_vs_WR,Clyde Edwards-Helaire,Terrace Marshall,6820,7565,1412,1371,41,52.1,13.4,38.7
2023,RB,WR,RB_vs_WR,Clyde Edwards-Helaire,Marquez Valdes-Scantling,6820,5086,1412,1287,125,52.1,35.5,16.6
2023,RB,WR,RB_vs_WR,Clyde Edwards-Helaire,Calvin Austin III,6820,8125,1412,1281,131,52.1,34.9,17.2
2023,RB,WR,RB_vs_WR,Clyde Edwards-Helaire,Xavier Hutchinson,6820,10218,1412,1261,151,52.1,13.3,38.8
2023,RB,WR,RB_vs_WR,Clyde Edwards-Helaire,Tyquan Thornton,6820,8188,1412,1240,172,52.1,14.2,37.9
2023,RB,WR,RB_vs_WR,Clyde Edwards-Helaire,Khalil Shakir,6820,8134,1412,1220,192,52.1,63.6,-11.5
2023,RB,WR,RB_vs_WR,Chris Evans,K.J. Osborn,7794,7066,1335,1534,-199,1.1,71.1,-70
2023,RB,WR,RB_vs_WR,Chris Evans,Curtis Samuel,7794,4082,1335,1496,-161,1.1,92.2,-91.1
2023,RB,WR,RB_vs_WR,Chris Evans,Kayshon Boutte,7794,9504,1335,1482,-147,1.1,1.9,-0.8
2023,RB,WR,RB_vs_WR,Chris Evans,Hunter Renfrow,7794,5955,1335,1457,-122,1.1,23.5,-22.4
2023,RB,WR,RB_vs_WR,Chris Evans,Trey Palmer,7794,9492,1335,1455,-120,1.1,55.7,-54.6
2023,RB,WR,RB_vs_WR,Chris Evans,Adam Thielen,7794,1689,1335,1427,-92,1.1,126.8,-125.7
2023,RB,WR,RB_vs_WR,Chris Evans,Darius Slayton,7794,6149,1335,1410,-75,1.1,88.8,-87.7
2023,RB,WR,RB_vs_WR,Chris Evans,Parris Campbell,7794,5880,1335,1388,-53,1.1,10.4,-9.3
2023,RB,WR,RB_vs_WR,Chris Evans,Mecole Hardman,7794,5917,1335,1385,-50,1.1,3,-1.9
2023,RB,WR,RB_vs_WR,Chris Evans,Terrace Marshall,7794,7565,1335,1371,-36,1.1,13.4,-12.3
2023,RB,WR,RB_vs_WR,Chris Evans,Marquez Valdes-Scantling,7794,5086,1335,1287,48,1.1,35.5,-34.4
2023,RB,WR,RB_vs_WR,Chris Evans,Calvin Austin III,7794,8125,1335,1281,54,1.1,34.9,-33.8
2023,RB,WR,RB_vs_WR,Chris Evans,Xavier Hutchinson,7794,10218,1335,1261,74,1.1,13.3,-12.2
2023,RB,WR,RB_vs_WR,Chris Evans,Tyquan Thornton,7794,8188,1335,1240,95,1.1,14.2,-13.1
2023,RB,WR,RB_vs_WR,Chris Evans,Khalil Shakir,7794,8134,1335,1220,115,1.1,63.6,-62.5
2023,RB,WR,RB_vs_WR,Chris Evans,Greg Dortch,7794,5970,1335,1183,152,1.1,39.1,-38
2023,RB,WR,RB_vs_WR,Chris Evans,A.T. Perry,7794,10863,1335,1138,197,1.1,31.3,-30.2
2023,RB,WR,RB_vs_WR,D'Onta Foreman,K.J. Osborn,4111,7066,1334,1534,-200,80.2,71.1,9.1
2023,RB,WR,RB_vs_WR,D'Onta Foreman,Curtis Samuel,4111,4082,1334,1496,-162,80.2,92.2,-12
2023,RB,WR,RB_vs_WR,D'Onta Foreman,Kayshon Boutte,4111,9504,1334,1482,-148,80.2,1.9,78.3
2023,RB,WR,RB_vs_WR,D'Onta Foreman,Hunter Renfrow,4111,5955,1334,1457,-123,80.2,23.5,56.7
2023,RB,WR,RB_vs_WR,D'Onta Foreman,Trey Palmer,4111,9492,1334,1455,-121,80.2,55.7,24.5
2023,RB,WR,RB_vs_WR,D'Onta Foreman,Adam Thielen,4111,1689,1334,1427,-93,80.2,126.8,-46.6
2023,RB,WR,RB_vs_WR,D'Onta Foreman,Darius Slayton,4111,6149,1334,1410,-76,80.2,88.8,-8.6
2023,RB,WR,RB_vs_WR,D'Onta Foreman,Parris Campbell,4111,5880,1334,1388,-54,80.2,10.4,69.8
2023,RB,WR,RB_vs_WR,D'Onta Foreman,Mecole Hardman,4111,5917,1334,1385,-51,80.2,3,77.2
2023,RB,WR,RB_vs_WR,D'Onta Foreman,Terrace Marshall,4111,7565,1334,1371,-37,80.2,13.4,66.8
2023,RB,WR,RB_vs_WR,D'Onta Foreman,Marquez Valdes-Scantling,4111,5086,1334,1287,47,80.2,35.5,44.7
2023,RB,WR,RB_vs_WR,D'Onta Foreman,Calvin Austin III,4111,8125,1334,1281,53,80.2,34.9,45.3
2023,RB,WR,RB_vs_WR,D'Onta Foreman,Xavier Hutchinson,4111,10218,1334,1261,73,80.2,13.3,66.9
2023,RB,WR,RB_vs_WR,D'Onta Foreman,Tyquan Thornton,4111,8188,1334,1240,94,80.2,14.2,66
2023,RB,WR,RB_vs_WR,D'Onta Foreman,Khalil Shakir,4111,8134,1334,1220,114,80.2,63.6,16.6
2023,RB,WR,RB_vs_WR,D'Onta Foreman,Greg Dortch,4111,5970,1334,1183,151,80.2,39.1,41.1
2023,RB,WR,RB_vs_WR,D'Onta Foreman,A.T. Perry,4111,10863,1334,1138,196,80.2,31.3,48.9
2023,RB,WR,RB_vs_WR,Kyren Williams,Curtis Samuel,8150,4082,1328,1496,-168,223,92.2,130.8
2023,RB,WR,RB_vs_WR,Kyren Williams,Kayshon Boutte,8150,9504,1328,1482,-154,223,1.9,221.1
2023,RB,WR,RB_vs_WR,Kyren Williams,Hunter Renfrow,8150,5955,1328,1457,-129,223,23.5,199.5
2023,RB,WR,RB_vs_WR,Kyren Williams,Trey Palmer,8150,9492,1328,1455,-127,223,55.7,167.3
2023,RB,WR,RB_vs_WR,Kyren Williams,Adam Thielen,8150,1689,1328,1427,-99,223,126.8,96.2
2023,RB,WR,RB_vs_WR,Kyren Williams,Darius Slayton,8150,6149,1328,1410,-82,223,88.8,134.2
2023,RB,WR,RB_vs_WR,Kyren Williams,Parris Campbell,8150,5880,1328,1388,-60,223,10.4,212.6
2023,RB,WR,RB_vs_WR,Kyren Williams,Mecole Hardman,8150,5917,1328,1385,-57,223,3,220
2023,RB,WR,RB_vs_WR,Kyren Williams,Terrace Marshall,8150,7565,1328,1371,-43,223,13.4,209.6
2023,RB,WR,RB_vs_WR,Kyren Williams,Marquez Valdes-Scantling,8150,5086,1328,1287,41,223,35.5,187.5
2023,RB,WR,RB_vs_WR,Kyren Williams,Calvin Austin III,8150,8125,1328,1281,47,223,34.9,188.1
2023,RB,WR,RB_vs_WR,Kyren Williams,Xavier Hutchinson,8150,10218,1328,1261,67,223,13.3,209.7
2023,RB,WR,RB_vs_WR,Kyren Williams,Tyquan Thornton,8150,8188,1328,1240,88,223,14.2,208.8
2023,RB,WR,RB_vs_WR,Kyren Williams,Khalil Shakir,8150,8134,1328,1220,108,223,63.6,159.4
2023,RB,WR,RB_vs_WR,Kyren Williams,Greg Dortch,8150,5970,1328,1183,145,223,39.1,183.9
2023,RB,WR,RB_vs_WR,Kyren Williams,A.T. Perry,8150,10863,1328,1138,190,223,31.3,191.7
2023,RB,WR,RB_vs_WR,Keaontay Ingram,Curtis Samuel,8221,4082,1308,1496,-188,10,92.2,-82.2
2023,RB,WR,RB_vs_WR,Keaontay Ingram,Kayshon Boutte,8221,9504,1308,1482,-174,10,1.9,8.1
2023,RB,WR,RB_vs_WR,Keaontay Ingram,Hunter Renfrow,8221,5955,1308,1457,-149,10,23.5,-13.5
2023,RB,WR,RB_vs_WR,Keaontay Ingram,Trey Palmer,8221,9492,1308,1455,-147,10,55.7,-45.7
2023,RB,WR,RB_vs_WR,Keaontay Ingram,Adam Thielen,8221,1689,1308,1427,-119,10,126.8,-116.8
2023,RB,WR,RB_vs_WR,Keaontay Ingram,Darius Slayton,8221,6149,1308,1410,-102,10,88.8,-78.8
2023,RB,WR,RB_vs_WR,Keaontay Ingram,Parris Campbell,8221,5880,1308,1388,-80,10,10.4,-0.4
2023,RB,WR,RB_vs_WR,Keaontay Ingram,Mecole Hardman,8221,5917,1308,1385,-77,10,3,7
2023,RB,WR,RB_vs_WR,Keaontay Ingram,Terrace Marshall,8221,7565,1308,1371,-63,10,13.4,-3.4
2023,RB,WR,RB_vs_WR,Keaontay Ingram,Marquez Valdes-Scantling,8221,5086,1308,1287,21,10,35.5,-25.5
2023,RB,WR,RB_vs_WR,Keaontay Ingram,Calvin Austin III,8221,8125,1308,1281,27,10,34.9,-24.9
2023,RB,WR,RB_vs_WR,Keaontay Ingram,Xavier Hutchinson,8221,10218,1308,1261,47,10,13.3,-3.3
2023,RB,WR,RB_vs_WR,Keaontay Ingram,Tyquan Thornton,8221,8188,1308,1240,68,10,14.2,-4.2
2023,RB,WR,RB_vs_WR,Keaontay Ingram,Khalil Shakir,8221,8134,1308,1220,88,10,63.6,-53.6
2023,RB,WR,RB_vs_WR,Keaontay Ingram,Greg Dortch,8221,5970,1308,1183,125,10,39.1,-29.1
2023,RB,WR,RB_vs_WR,Keaontay Ingram,A.T. Perry,8221,10863,1308,1138,170,10,31.3,-21.3
2023,RB,WR,RB_vs_WR,Jeffery Wilson,Hunter Renfrow,5284,5955,1261,1457,-196,22.8,23.5,-0.7
2023,RB,WR,RB_vs_WR,Jeffery Wilson,Trey Palmer,5284,9492,1261,1455,-194,22.8,55.7,-32.9
2023,RB,WR,RB_vs_WR,Jeffery Wilson,Adam Thielen,5284,1689,1261,1427,-166,22.8,126.8,-104
2023,RB,WR,RB_vs_WR,Jeffery Wilson,Darius Slayton,5284,6149,1261,1410,-149,22.8,88.8,-66
2023,RB,WR,RB_vs_WR,Jeffery Wilson,Parris Campbell,5284,5880,1261,1388,-127,22.8,10.4,12.4
2023,RB,WR,RB_vs_WR,Jeffery Wilson,Mecole Hardman,5284,5917,1261,1385,-124,22.8,3,19.8
2023,RB,WR,RB_vs_WR,Jeffery Wilson,Terrace Marshall,5284,7565,1261,1371,-110,22.8,13.4,9.4
2023,RB,WR,RB_vs_WR,Jeffery Wilson,Marquez Valdes-Scantling,5284,5086,1261,1287,-26,22.8,35.5,-12.7
2023,RB,WR,RB_vs_WR,Jeffery Wilson,Calvin Austin III,5284,8125,1261,1281,-20,22.8,34.9,-12.1
2023,RB,WR,RB_vs_WR,Jeffery Wilson,Xavier Hutchinson,5284,10218,1261,1261,0,22.8,13.3,9.5
2023,RB,WR,RB_vs_WR,Jeffery Wilson,Tyquan Thornton,5284,8188,1261,1240,21,22.8,14.2,8.6
2023,RB,WR,RB_vs_WR,Jeffery Wilson,Khalil Shakir,5284,8134,1261,1220,41,22.8,63.6,-40.8
2023,RB,WR,RB_vs_WR,Jeffery Wilson,Greg Dortch,5284,5970,1261,1183,78,22.8,39.1,-16.3
2023,RB,WR,RB_vs_WR,Jeffery Wilson,A.T. Perry,5284,10863,1261,1138,123,22.8,31.3,-8.5
2023,RB,WR,RB_vs_WR,Isaiah Spiller,Trey Palmer,8153,9492,1255,1455,-200,13,55.7,-42.7
2023,RB,WR,RB_vs_WR,Isaiah Spiller,Adam Thielen,8153,1689,1255,1427,-172,13,126.8,-113.8
2023,RB,WR,RB_vs_WR,Isaiah Spiller,Darius Slayton,8153,6149,1255,1410,-155,13,88.8,-75.8
2023,RB,WR,RB_vs_WR,Isaiah Spiller,Parris Campbell,8153,5880,1255,1388,-133,13,10.4,2.6
2023,RB,WR,RB_vs_WR,Isaiah Spiller,Mecole Hardman,8153,5917,1255,1385,-130,13,3,10
2023,RB,WR,RB_vs_WR,Isaiah Spiller,Terrace Marshall,8153,7565,1255,1371,-116,13,13.4,-0.4
2023,RB,WR,RB_vs_WR,Isaiah Spiller,Marquez Valdes-Scantling,8153,5086,1255,1287,-32,13,35.5,-22.5
2023,RB,WR,RB_vs_WR,Isaiah Spiller,Calvin Austin III,8153,8125,1255,1281,-26,13,34.9,-21.9
2023,RB,WR,RB_vs_WR,Isaiah Spiller,Xavier Hutchinson,8153,10218,1255,1261,-6,13,13.3,-0.3
2023,RB,WR,RB_vs_WR,Isaiah Spiller,Tyquan Thornton,8153,8188,1255,1240,15,13,14.2,-1.2
2023,RB,WR,RB_vs_WR,Isaiah Spiller,Khalil Shakir,8153,8134,1255,1220,35,13,63.6,-50.6
2023,RB,WR,RB_vs_WR,Isaiah Spiller,Greg Dortch,8153,5970,1255,1183,72,13,39.1,-26.1
2023,RB,WR,RB_vs_WR,Isaiah Spiller,A.T. Perry,8153,10863,1255,1138,117,13,31.3,-18.3
2023,RB,WR,RB_vs_WR,Gus Edwards,Terrace Marshall,5248,7565,1184,1371,-187,172.2,13.4,158.8
2023,RB,WR,RB_vs_WR,Gus Edwards,Marquez Valdes-Scantling,5248,5086,1184,1287,-103,172.2,35.5,136.7
2023,RB,WR,RB_vs_WR,Gus Edwards,Calvin Austin III,5248,8125,1184,1281,-97,172.2,34.9,137.3
2023,RB,WR,RB_vs_WR,Gus Edwards,Xavier Hutchinson,5248,10218,1184,1261,-77,172.2,13.3,158.9
2023,RB,WR,RB_vs_WR,Gus Edwards,Tyquan Thornton,5248,8188,1184,1240,-56,172.2,14.2,158
2023,RB,WR,RB_vs_WR,Gus Edwards,Khalil Shakir,5248,8134,1184,1220,-36,172.2,63.6,108.6
2023,RB,WR,RB_vs_WR,Gus Edwards,Greg Dortch,5248,5970,1184,1183,1,172.2,39.1,133.1
2023,RB,WR,RB_vs_WR,Gus Edwards,A.T. Perry,5248,10863,1184,1138,46,172.2,31.3,140.9
2023,RB,WR,RB_vs_WR,Gus Edwards,Jalen Tolbert,5248,8117,1184,1048,136,172.2,30,142.2
2023,RB,WR,RB_vs_WR,Gus Edwards,Richie James,5248,5137,1184,1046,138,172.2,7.9,164.3
2023,RB,WR,RB_vs_WR,Gus Edwards,Tutu Atwell,5248,7562,1184,1014,170,172.2,71.1,101.1
2023,RB,WR,RB_vs_WR,Gus Edwards,Dyami Brown,5248,7587,1184,996,188,172.2,22.8,149.4
2023,RB,WR,RB_vs_WR,Eric Gray,Marquez Valdes-Scantling,10223,5086,1093,1287,-194,4.2,35.5,-31.3
2023,RB,WR,RB_vs_WR,Eric Gray,Calvin Austin III,10223,8125,1093,1281,-188,4.2,34.9,-30.7
2023,RB,WR,RB_vs_WR,Eric Gray,Xavier Hutchinson,10223,10218,1093,1261,-168,4.2,13.3,-9.1
2023,RB,WR,RB_vs_WR,Eric Gray,Tyquan Thornton,10223,8188,1093,1240,-147,4.2,14.2,-10
2023,RB,WR,RB_vs_WR,Eric Gray,Khalil Shakir,10223,8134,1093,1220,-127,4.2,63.6,-59.4
2023,RB,WR,RB_vs_WR,Eric Gray,Greg Dortch,10223,5970,1093,1183,-90,4.2,39.1,-34.9
2023,RB,WR,RB_vs_WR,Eric Gray,A.T. Perry,10223,10863,1093,1138,-45,4.2,31.3,-27.1
2023,RB,WR,RB_vs_WR,Eric Gray,Jalen Tolbert,10223,8117,1093,1048,45,4.2,30,-25.8
2023,RB,WR,RB_vs_WR,Eric Gray,Richie James,10223,5137,1093,1046,47,4.2,7.9,-3.7
2023,RB,WR,RB_vs_WR,Eric Gray,Tutu Atwell,10223,7562,1093,1014,79,4.2,71.1,-66.9
2023,RB,WR,RB_vs_WR,Eric Gray,Dyami Brown,10223,7587,1093,996,97,4.2,22.8,-18.6
2023,RB,WR,RB_vs_WR,Eric Gray,Demario Douglas,10223,9501,1093,954,139,4.2,56.9,-52.7
2023,RB,WR,RB_vs_WR,Eric Gray,David Bell,10223,8118,1093,942,151,4.2,15.9,-11.7
2023,RB,WR,RB_vs_WR,Eric Gray,DeVante Parker,10223,2319,1093,940,153,4.2,38.8,-34.6
2023,RB,WR,RB_vs_WR,Eric Gray,Kendrick Bourne,10223,4454,1093,928,165,4.2,63,-58.8
2023,RB,WR,RB_vs_WR,Eric Gray,Tyler Scott,10223,9490,1093,920,173,4.2,17.7,-13.5
2023,RB,WR,RB_vs_WR,Eric Gray,Charlie Jones,10223,10228,1093,896,197,4.2,7.5,-3.3
2023,RB,WR,RB_vs_WR,Kareem Hunt,Marquez Valdes-Scantling,4098,5086,1091,1287,-196,103,35.5,67.5
2023,RB,WR,RB_vs_WR,Kareem Hunt,Calvin Austin III,4098,8125,1091,1281,-190,103,34.9,68.1
2023,RB,WR,RB_vs_WR,Kareem Hunt,Xavier Hutchinson,4098,10218,1091,1261,-170,103,13.3,89.7
2023,RB,WR,RB_vs_WR,Kareem Hunt,Tyquan Thornton,4098,8188,1091,1240,-149,103,14.2,88.8
2023,RB,WR,RB_vs_WR,Kareem Hunt,Khalil Shakir,4098,8134,1091,1220,-129,103,63.6,39.4
2023,RB,WR,RB_vs_WR,Kareem Hunt,Greg Dortch,4098,5970,1091,1183,-92,103,39.1,63.9
2023,RB,WR,RB_vs_WR,Kareem Hunt,A.T. Perry,4098,10863,1091,1138,-47,103,31.3,71.7
2023,RB,WR,RB_vs_WR,Kareem Hunt,Jalen Tolbert,4098,8117,1091,1048,43,103,30,73
2023,RB,WR,RB_vs_WR,Kareem Hunt,Richie James,4098,5137,1091,1046,45,103,7.9,95.1
2023,RB,WR,RB_vs_WR,Kareem Hunt,Tutu Atwell,4098,7562,1091,1014,77,103,71.1,31.9
2023,RB,WR,RB_vs_WR,Kareem Hunt,Dyami Brown,4098,7587,1091,996,95,103,22.8,80.2
2023,RB,WR,RB_vs_WR,Kareem Hunt,Demario Douglas,4098,9501,1091,954,137,103,56.9,46.1
2023,RB,WR,RB_vs_WR,Kareem Hunt,David Bell,4098,8118,1091,942,149,103,15.9,87.1
2023,RB,WR,RB_vs_WR,Kareem Hunt,DeVante Parker,4098,2319,1091,940,151,103,38.8,64.2
2023,RB,WR,RB_vs_WR,Kareem Hunt,Kendrick Bourne,4098,4454,1091,928,163,103,63,40
2023,RB,WR,RB_vs_WR,Kareem Hunt,Tyler Scott,4098,9490,1091,920,171,103,17.7,85.3
2023,RB,WR,RB_vs_WR,Kareem Hunt,Charlie Jones,4098,10228,1091,896,195,103,7.5,95.5
2023,RB,WR,RB_vs_WR,Joshua Kelley,Xavier Hutchinson,7045,10218,1078,1261,-183,53.6,13.3,40.3
2023,RB,WR,RB_vs_WR,Joshua Kelley,Tyquan Thornton,7045,8188,1078,1240,-162,53.6,14.2,39.4
2023,RB,WR,RB_vs_WR,Joshua Kelley,Khalil Shakir,7045,8134,1078,1220,-142,53.6,63.6,-10
2023,RB,WR,RB_vs_WR,Joshua Kelley,Greg Dortch,7045,5970,1078,1183,-105,53.6,39.1,14.5
2023,RB,WR,RB_vs_WR,Joshua Kelley,A.T. Perry,7045,10863,1078,1138,-60,53.6,31.3,22.3
2023,RB,WR,RB_vs_WR,Joshua Kelley,Jalen Tolbert,7045,8117,1078,1048,30,53.6,30,23.6
2023,RB,WR,RB_vs_WR,Joshua Kelley,Richie James,7045,5137,1078,1046,32,53.6,7.9,45.7
2023,RB,WR,RB_vs_WR,Joshua Kelley,Tutu Atwell,7045,7562,1078,1014,64,53.6,71.1,-17.5
2023,RB,WR,RB_vs_WR,Joshua Kelley,Dyami Brown,7045,7587,1078,996,82,53.6,22.8,30.8
2023,RB,WR,RB_vs_WR,Joshua Kelley,Demario Douglas,7045,9501,1078,954,124,53.6,56.9,-3.3
2023,RB,WR,RB_vs_WR,Joshua Kelley,David Bell,7045,8118,1078,942,136,53.6,15.9,37.7
2023,RB,WR,RB_vs_WR,Joshua Kelley,DeVante Parker,7045,2319,1078,940,138,53.6,38.8,14.8
2023,RB,WR,RB_vs_WR,Joshua Kelley,Kendrick Bourne,7045,4454,1078,928,150,53.6,63,-9.4
2023,RB,WR,RB_vs_WR,Joshua Kelley,Tyler Scott,7045,9490,1078,920,158,53.6,17.7,35.9
2023,RB,WR,RB_vs_WR,Joshua Kelley,Charlie Jones,7045,10228,1078,896,182,53.6,7.5,46.1
2023,RB,WR,RB_vs_WR,Michael Carter,Xavier Hutchinson,7607,10218,1077,1261,-184,32.9,13.3,19.6
2023,RB,WR,RB_vs_WR,Michael Carter,Tyquan Thornton,7607,8188,1077,1240,-163,32.9,14.2,18.7
2023,RB,WR,RB_vs_WR,Michael Carter,Khalil Shakir,7607,8134,1077,1220,-143,32.9,63.6,-30.7
2023,RB,WR,RB_vs_WR,Michael Carter,Greg Dortch,7607,5970,1077,1183,-106,32.9,39.1,-6.2
2023,RB,WR,RB_vs_WR,Michael Carter,A.T. Perry,7607,10863,1077,1138,-61,32.9,31.3,1.6
2023,RB,WR,RB_vs_WR,Michael Carter,Jalen Tolbert,7607,8117,1077,1048,29,32.9,30,2.9
2023,RB,WR,RB_vs_WR,Michael Carter,Richie James,7607,5137,1077,1046,31,32.9,7.9,25
2023,RB,WR,RB_vs_WR,Michael Carter,Tutu Atwell,7607,7562,1077,1014,63,32.9,71.1,-38.2
2023,RB,WR,RB_vs_WR,Michael Carter,Dyami Brown,7607,7587,1077,996,81,32.9,22.8,10.1
2023,RB,WR,RB_vs_WR,Michael Carter,Demario Douglas,7607,9501,1077,954,123,32.9,56.9,-24
2023,RB,WR,RB_vs_WR,Michael Carter,David Bell,7607,8118,1077,942,135,32.9,15.9,17
2023,RB,WR,RB_vs_WR,Michael Carter,DeVante Parker,7607,2319,1077,940,137,32.9,38.8,-5.9
2023,RB,WR,RB_vs_WR,Michael Carter,Kendrick Bourne,7607,4454,1077,928,149,32.9,63,-30.1
2023,RB,WR,RB_vs_WR,Michael Carter,Tyler Scott,7607,9490,1077,920,157,32.9,17.7,15.2
2023,RB,WR,RB_vs_WR,Michael Carter,Charlie Jones,7607,10228,1077,896,181,32.9,7.5,25.4
2023,RB,WR,RB_vs_WR,Jaleel McLaughlin,Xavier Hutchinson,11439,10218,1069,1261,-192,74.4,13.3,61.1
2023,RB,WR,RB_vs_WR,Jaleel McLaughlin,Tyquan Thornton,11439,8188,1069,1240,-171,74.4,14.2,60.2
2023,RB,WR,RB_vs_WR,Jaleel McLaughlin,Khalil Shakir,11439,8134,1069,1220,-151,74.4,63.6,10.8
2023,RB,WR,RB_vs_WR,Jaleel McLaughlin,Greg Dortch,11439,5970,1069,1183,-114,74.4,39.1,35.3
2023,RB,WR,RB_vs_WR,Jaleel McLaughlin,A.T. Perry,11439,10863,1069,1138,-69,74.4,31.3,43.1
2023,RB,WR,RB_vs_WR,Jaleel McLaughlin,Jalen Tolbert,11439,8117,1069,1048,21,74.4,30,44.4
2023,RB,WR,RB_vs_WR,Jaleel McLaughlin,Richie James,11439,5137,1069,1046,23,74.4,7.9,66.5
2023,RB,WR,RB_vs_WR,Jaleel McLaughlin,Tutu Atwell,11439,7562,1069,1014,55,74.4,71.1,3.3
2023,RB,WR,RB_vs_WR,Jaleel McLaughlin,Dyami Brown,11439,7587,1069,996,73,74.4,22.8,51.6
2023,RB,WR,RB_vs_WR,Jaleel McLaughlin,Demario Douglas,11439,9501,1069,954,115,74.4,56.9,17.5
2023,RB,WR,RB_vs_WR,Jaleel McLaughlin,David Bell,11439,8118,1069,942,127,74.4,15.9,58.5
2023,RB,WR,RB_vs_WR,Jaleel McLaughlin,DeVante Parker,11439,2319,1069,940,129,74.4,38.8,35.6
2023,RB,WR,RB_vs_WR,Jaleel McLaughlin,Kendrick Bourne,11439,4454,1069,928,141,74.4,63,11.4
2023,RB,WR,RB_vs_WR,Jaleel McLaughlin,Tyler Scott,11439,9490,1069,920,149,74.4,17.7,56.7
2023,RB,WR,RB_vs_WR,Jaleel McLaughlin,Charlie Jones,11439,10228,1069,896,173,74.4,7.5,66.9
2023,RB,WR,RB_vs_WR,Rico Dowdle,Xavier Hutchinson,7021,10218,1061,1261,-200,64.5,13.3,51.2
2023,RB,WR,RB_vs_WR,Rico Dowdle,Tyquan Thornton,7021,8188,1061,1240,-179,64.5,14.2,50.3
2023,RB,WR,RB_vs_WR,Rico Dowdle,Khalil Shakir,7021,8134,1061,1220,-159,64.5,63.6,0.9
2023,RB,WR,RB_vs_WR,Rico Dowdle,Greg Dortch,7021,5970,1061,1183,-122,64.5,39.1,25.4
2023,RB,WR,RB_vs_WR,Rico Dowdle,A.T. Perry,7021,10863,1061,1138,-77,64.5,31.3,33.2
2023,RB,WR,RB_vs_WR,Rico Dowdle,Jalen Tolbert,7021,8117,1061,1048,13,64.5,30,34.5
2023,RB,WR,RB_vs_WR,Rico Dowdle,Richie James,7021,5137,1061,1046,15,64.5,7.9,56.6
2023,RB,WR,RB_vs_WR,Rico Dowdle,Tutu Atwell,7021,7562,1061,1014,47,64.5,71.1,-6.6
2023,RB,WR,RB_vs_WR,Rico Dowdle,Dyami Brown,7021,7587,1061,996,65,64.5,22.8,41.7
2023,RB,WR,RB_vs_WR,Rico Dowdle,Demario Douglas,7021,9501,1061,954,107,64.5,56.9,7.6
2023,RB,WR,RB_vs_WR,Rico Dowdle,David Bell,7021,8118,1061,942,119,64.5,15.9,48.6
2023,RB,WR,RB_vs_WR,Rico Dowdle,DeVante Parker,7021,2319,1061,940,121,64.5,38.8,25.7
2023,RB,WR,RB_vs_WR,Rico Dowdle,Kendrick Bourne,7021,4454,1061,928,133,64.5,63,1.5
2023,RB,WR,RB_vs_WR,Rico Dowdle,Tyler Scott,7021,9490,1061,920,141,64.5,17.7,46.8
2023,RB,WR,RB_vs_WR,Rico Dowdle,Charlie Jones,7021,10228,1061,896,165,64.5,7.5,57
2023,RB,WR,RB_vs_WR,Chris Rodriguez,Tyquan Thornton,10219,8188,1055,1240,-185,35.9,14.2,21.7
2023,RB,WR,RB_vs_WR,Chris Rodriguez,Khalil Shakir,10219,8134,1055,1220,-165,35.9,63.6,-27.7
2023,RB,WR,RB_vs_WR,Chris Rodriguez,Greg Dortch,10219,5970,1055,1183,-128,35.9,39.1,-3.2
2023,RB,WR,RB_vs_WR,Chris Rodriguez,A.T. Perry,10219,10863,1055,1138,-83,35.9,31.3,4.6
2023,RB,WR,RB_vs_WR,Chris Rodriguez,Jalen Tolbert,10219,8117,1055,1048,7,35.9,30,5.9
2023,RB,WR,RB_vs_WR,Chris Rodriguez,Richie James,10219,5137,1055,1046,9,35.9,7.9,28
2023,RB,WR,RB_vs_WR,Chris Rodriguez,Tutu Atwell,10219,7562,1055,1014,41,35.9,71.1,-35.2
2023,RB,WR,RB_vs_WR,Chris Rodriguez,Dyami Brown,10219,7587,1055,996,59,35.9,22.8,13.1
2023,RB,WR,RB_vs_WR,Chris Rodriguez,Demario Douglas,10219,9501,1055,954,101,35.9,56.9,-21
2023,RB,WR,RB_vs_WR,Chris Rodriguez,David Bell,10219,8118,1055,942,113,35.9,15.9,20
2023,RB,WR,RB_vs_WR,Chris Rodriguez,DeVante Parker,10219,2319,1055,940,115,35.9,38.8,-2.9
2023,RB,WR,RB_vs_WR,Chris Rodriguez,Kendrick Bourne,10219,4454,1055,928,127,35.9,63,-27.1
2023,RB,WR,RB_vs_WR,Chris Rodriguez,Tyler Scott,10219,9490,1055,920,135,35.9,17.7,18.2
2023,RB,WR,RB_vs_WR,Chris Rodriguez,Charlie Jones,10219,10228,1055,896,159,35.9,7.5,28.4
2023,RB,WR,RB_vs_WR,Pierre Strong Jr.,Khalil Shakir,8116,8134,1034,1220,-186,31.3,63.6,-32.3
2023,RB,WR,RB_vs_WR,Pierre Strong Jr.,Greg Dortch,8116,5970,1034,1183,-149,31.3,39.1,-7.8
2023,RB,WR,RB_vs_WR,Pierre Strong Jr.,A.T. Perry,8116,10863,1034,1138,-104,31.3,31.3,0
2023,RB,WR,RB_vs_WR,Pierre Strong Jr.,Jalen Tolbert,8116,8117,1034,1048,-14,31.3,30,1.3
2023,RB,WR,RB_vs_WR,Pierre Strong Jr.,Richie James,8116,5137,1034,1046,-12,31.3,7.9,23.4
2023,RB,WR,RB_vs_WR,Pierre Strong Jr.,Tutu Atwell,8116,7562,1034,1014,20,31.3,71.1,-39.8
2023,RB,WR,RB_vs_WR,Pierre Strong Jr.,Dyami Brown,8116,7587,1034,996,38,31.3,22.8,8.5
2023,RB,WR,RB_vs_WR,Pierre Strong Jr.,Demario Douglas,8116,9501,1034,954,80,31.3,56.9,-25.6
2023,RB,WR,RB_vs_WR,Pierre Strong Jr.,David Bell,8116,8118,1034,942,92,31.3,15.9,15.4
2023,RB,WR,RB_vs_WR,Pierre Strong Jr.,DeVante Parker,8116,2319,1034,940,94,31.3,38.8,-7.5
2023,RB,WR,RB_vs_WR,Pierre Strong Jr.,Kendrick Bourne,8116,4454,1034,928,106,31.3,63,-31.7
2023,RB,WR,RB_vs_WR,Pierre Strong Jr.,Tyler Scott,8116,9490,1034,920,114,31.3,17.7,13.6
2023,RB,WR,RB_vs_WR,Pierre Strong Jr.,Charlie Jones,8116,10228,1034,896,138,31.3,7.5,23.8
2023,RB,WR,RB_vs_WR,Pierre Strong Jr.,Laviska Shenault,8116,6814,1034,844,190,31.3,11.5,19.8
2023,RB,WR,RB_vs_WR,Pierre Strong Jr.,Robert Woods,8116,1352,1034,838,196,31.3,49.3,-18
2023,RB,WR,RB_vs_WR,Trayveon Williams,Jalen Tolbert,6144,8117,865,1048,-183,8.1,30,-21.9
2023,RB,WR,RB_vs_WR,Trayveon Williams,Richie James,6144,5137,865,1046,-181,8.1,7.9,0.2
2023,RB,WR,RB_vs_WR,Trayveon Williams,Tutu Atwell,6144,7562,865,1014,-149,8.1,71.1,-63
2023,RB,WR,RB_vs_WR,Trayveon Williams,Dyami Brown,6144,7587,865,996,-131,8.1,22.8,-14.7
2023,RB,WR,RB_vs_WR,Trayveon Williams,Demario Douglas,6144,9501,865,954,-89,8.1,56.9,-48.8
2023,RB,WR,RB_vs_WR,Trayveon Williams,David Bell,6144,8118,865,942,-77,8.1,15.9,-7.8
2023,RB,WR,RB_vs_WR,Trayveon Williams,DeVante Parker,6144,2319,865,940,-75,8.1,38.8,-30.7
2023,RB,WR,RB_vs_WR,Trayveon Williams,Kendrick Bourne,6144,4454,865,928,-63,8.1,63,-54.9
2023,RB,WR,RB_vs_WR,Trayveon Williams,Tyler Scott,6144,9490,865,920,-55,8.1,17.7,-9.6
2023,RB,WR,RB_vs_WR,Trayveon Williams,Charlie Jones,6144,10228,865,896,-31,8.1,7.5,0.6
2023,RB,WR,RB_vs_WR,Trayveon Williams,Laviska Shenault,6144,6814,865,844,21,8.1,11.5,-3.4
2023,RB,WR,RB_vs_WR,Trayveon Williams,Robert Woods,6144,1352,865,838,27,8.1,49.3,-41.2
2023,RB,WR,RB_vs_WR,Trayveon Williams,Rakim Jarrett,6144,9495,865,765,100,8.1,6,2.1
2023,RB,WR,RB_vs_WR,Trayveon Williams,Devin Duvernay,6144,6847,865,761,104,8.1,3.3,4.8
2023,RB,WR,RB_vs_WR,Trayveon Williams,Josh Reynolds,6144,4171,865,749,116,8.1,84.4,-76.3
2023,RB,WR,RB_vs_WR,Trayveon Williams,Kyle Philips,6144,8171,865,743,122,8.1,14.6,-6.5
2023,RB,WR,RB_vs_WR,Jordan Mason,Tutu Atwell,8408,7562,829,1014,-185,36.9,71.1,-34.2
2023,RB,WR,RB_vs_WR,Jordan Mason,Dyami Brown,8408,7587,829,996,-167,36.9,22.8,14.1
2023,RB,WR,RB_vs_WR,Jordan Mason,Demario Douglas,8408,9501,829,954,-125,36.9,56.9,-20
2023,RB,WR,RB_vs_WR,Jordan Mason,David Bell,8408,8118,829,942,-113,36.9,15.9,21
2023,RB,WR,RB_vs_WR,Jordan Mason,DeVante Parker,8408,2319,829,940,-111,36.9,38.8,-1.9
2023,RB,WR,RB_vs_WR,Jordan Mason,Kendrick Bourne,8408,4454,829,928,-99,36.9,63,-26.1
2023,RB,WR,RB_vs_WR,Jordan Mason,Tyler Scott,8408,9490,829,920,-91,36.9,17.7,19.2
2023,RB,WR,RB_vs_WR,Jordan Mason,Charlie Jones,8408,10228,829,896,-67,36.9,7.5,29.4
2023,RB,WR,RB_vs_WR,Jordan Mason,Laviska Shenault,8408,6814,829,844,-15,36.9,11.5,25.4
2023,RB,WR,RB_vs_WR,Jordan Mason,Robert Woods,8408,1352,829,838,-9,36.9,49.3,-12.4
2023,RB,WR,RB_vs_WR,Jordan Mason,Rakim Jarrett,8408,9495,829,765,64,36.9,6,30.9
2023,RB,WR,RB_vs_WR,Jordan Mason,Devin Duvernay,8408,6847,829,761,68,36.9,3.3,33.6
2023,RB,WR,RB_vs_WR,Jordan Mason,Josh Reynolds,8408,4171,829,749,80,36.9,84.4,-47.5
2023,RB,WR,RB_vs_WR,Jordan Mason,Kyle Philips,8408,8171,829,743,86,36.9,14.6,22.3
2023,RB,WR,RB_vs_WR,Ke'Shawn Vaughn,Tutu Atwell,6885,7562,821,1014,-193,4.4,71.1,-66.7
2023,RB,WR,RB_vs_WR,Ke'Shawn Vaughn,Dyami Brown,6885,7587,821,996,-175,4.4,22.8,-18.4
2023,RB,WR,RB_vs_WR,Ke'Shawn Vaughn,Demario Douglas,6885,9501,821,954,-133,4.4,56.9,-52.5
2023,RB,WR,RB_vs_WR,Ke'Shawn Vaughn,David Bell,6885,8118,821,942,-121,4.4,15.9,-11.5
2023,RB,WR,RB_vs_WR,Ke'Shawn Vaughn,DeVante Parker,6885,2319,821,940,-119,4.4,38.8,-34.4
2023,RB,WR,RB_vs_WR,Ke'Shawn Vaughn,Kendrick Bourne,6885,4454,821,928,-107,4.4,63,-58.6
2023,RB,WR,RB_vs_WR,Ke'Shawn Vaughn,Tyler Scott,6885,9490,821,920,-99,4.4,17.7,-13.3
2023,RB,WR,RB_vs_WR,Ke'Shawn Vaughn,Charlie Jones,6885,10228,821,896,-75,4.4,7.5,-3.1
2023,RB,WR,RB_vs_WR,Ke'Shawn Vaughn,Laviska Shenault,6885,6814,821,844,-23,4.4,11.5,-7.1
2023,RB,WR,RB_vs_WR,Ke'Shawn Vaughn,Robert Woods,6885,1352,821,838,-17,4.4,49.3,-44.9
2023,RB,WR,RB_vs_WR,Ke'Shawn Vaughn,Rakim Jarrett,6885,9495,821,765,56,4.4,6,-1.6
2023,RB,WR,RB_vs_WR,Ke'Shawn Vaughn,Devin Duvernay,6885,6847,821,761,60,4.4,3.3,1.1
2023,RB,WR,RB_vs_WR,Ke'Shawn Vaughn,Josh Reynolds,6885,4171,821,749,72,4.4,84.4,-80
2023,RB,WR,RB_vs_WR,Ke'Shawn Vaughn,Kyle Philips,6885,8171,821,743,78,4.4,14.6,-10.2
2023,RB,WR,RB_vs_WR,Tyrion Davis-Price,Demario Douglas,8211,9501,771,954,-183,2.1,56.9,-54.8
2023,RB,WR,RB_vs_WR,Tyrion Davis-Price,David Bell,8211,8118,771,942,-171,2.1,15.9,-13.8
2023,RB,WR,RB_vs_WR,Tyrion Davis-Price,DeVante Parker,8211,2319,771,940,-169,2.1,38.8,-36.7
2023,RB,WR,RB_vs_WR,Tyrion Davis-Price,Kendrick Bourne,8211,4454,771,928,-157,2.1,63,-60.9
2023,RB,WR,RB_vs_WR,Tyrion Davis-Price,Tyler Scott,8211,9490,771,920,-149,2.1,17.7,-15.6
2023,RB,WR,RB_vs_WR,Tyrion Davis-Price,Charlie Jones,8211,10228,771,896,-125,2.1,7.5,-5.4
2023,RB,WR,RB_vs_WR,Tyrion Davis-Price,Laviska Shenault,8211,6814,771,844,-73,2.1,11.5,-9.4
2023,RB,WR,RB_vs_WR,Tyrion Davis-Price,Robert Woods,8211,1352,771,838,-67,2.1,49.3,-47.2
2023,RB,WR,RB_vs_WR,Tyrion Davis-Price,Rakim Jarrett,8211,9495,771,765,6,2.1,6,-3.9
2023,RB,WR,RB_vs_WR,Tyrion Davis-Price,Devin Duvernay,8211,6847,771,761,10,2.1,3.3,-1.2
2023,RB,WR,RB_vs_WR,Tyrion Davis-Price,Josh Reynolds,8211,4171,771,749,22,2.1,84.4,-82.3
2023,RB,WR,RB_vs_WR,Tyrion Davis-Price,Kyle Philips,8211,8171,771,743,28,2.1,14.6,-12.5
2023,RB,WR,RB_vs_WR,Justice Hill,Demario Douglas,5995,9501,754,954,-200,78.7,56.9,21.8
2023,RB,WR,RB_vs_WR,Justice Hill,David Bell,5995,8118,754,942,-188,78.7,15.9,62.8
2023,RB,WR,RB_vs_WR,Justice Hill,DeVante Parker,5995,2319,754,940,-186,78.7,38.8,39.9
2023,RB,WR,RB_vs_WR,Justice Hill,Kendrick Bourne,5995,4454,754,928,-174,78.7,63,15.7
2023,RB,WR,RB_vs_WR,Justice Hill,Tyler Scott,5995,9490,754,920,-166,78.7,17.7,61
2023,RB,WR,RB_vs_WR,Justice Hill,Charlie Jones,5995,10228,754,896,-142,78.7,7.5,71.2
2023,RB,WR,RB_vs_WR,Justice Hill,Laviska Shenault,5995,6814,754,844,-90,78.7,11.5,67.2
2023,RB,WR,RB_vs_WR,Justice Hill,Robert Woods,5995,1352,754,838,-84,78.7,49.3,29.4
2023,RB,WR,RB_vs_WR,Justice Hill,Rakim Jarrett,5995,9495,754,765,-11,78.7,6,72.7
2023,RB,WR,RB_vs_WR,Justice Hill,Devin Duvernay,5995,6847,754,761,-7,78.7,3.3,75.4
2023,RB,WR,RB_vs_WR,Justice Hill,Josh Reynolds,5995,4171,754,749,5,78.7,84.4,-5.7
2023,RB,WR,RB_vs_WR,Justice Hill,Kyle Philips,5995,8171,754,743,11,78.7,14.6,64.1
2023,RB,WR,RB_vs_WR,Keaton Mitchell,David Bell,9511,8118,751,942,-191,60.9,15.9,45
2023,RB,WR,RB_vs_WR,Keaton Mitchell,DeVante Parker,9511,2319,751,940,-189,60.9,38.8,22.1
2023,RB,WR,RB_vs_WR,Keaton Mitchell,Kendrick Bourne,9511,4454,751,928,-177,60.9,63,-2.1
2023,RB,WR,RB_vs_WR,Keaton Mitchell,Tyler Scott,9511,9490,751,920,-169,60.9,17.7,43.2
2023,RB,WR,RB_vs_WR,Keaton Mitchell,Charlie Jones,9511,10228,751,896,-145,60.9,7.5,53.4
2023,RB,WR,RB_vs_WR,Keaton Mitchell,Laviska Shenault,9511,6814,751,844,-93,60.9,11.5,49.4
2023,RB,WR,RB_vs_WR,Keaton Mitchell,Robert Woods,9511,1352,751,838,-87,60.9,49.3,11.6
2023,RB,WR,RB_vs_WR,Keaton Mitchell,Rakim Jarrett,9511,9495,751,765,-14,60.9,6,54.9
2023,RB,WR,RB_vs_WR,Keaton Mitchell,Devin Duvernay,9511,6847,751,761,-10,60.9,3.3,57.6
2023,RB,WR,RB_vs_WR,Keaton Mitchell,Josh Reynolds,9511,4171,751,749,2,60.9,84.4,-23.5
2023,RB,WR,RB_vs_WR,Keaton Mitchell,Kyle Philips,9511,8171,751,743,8,60.9,14.6,46.3
2023,RB,TE,RB_vs_TE,Jahmyr Gibbs,Travis Kelce,9221,1466,6403,6359,44,181.1,172.9,8.2
2023,RB,TE,RB_vs_TE,Jahmyr Gibbs,Mark Andrews,9221,5012,6403,6317,86,181.1,112.9,68.2
2023,RB,TE,RB_vs_TE,Saquon Barkley,Kyle Pitts,4866,7553,5908,5842,66,160.5,107.1,53.4
2023,RB,TE,RB_vs_TE,Nick Chubb,T.J. Hockenson,4988,5844,5561,5568,-7,19.1,171.5,-152.4
2023,RB,TE,RB_vs_TE,Tony Pollard,T.J. Hockenson,5967,5844,5541,5568,-27,153,171.5,-18.5
2023,RB,TE,RB_vs_TE,Josh Jacobs,T.J. Hockenson,5850,5844,5385,5568,-183,144.1,171.5,-27.4
2023,RB,TE,RB_vs_TE,Rhamondre Stevenson,Dalton Kincaid,7611,10236,4747,4629,118,107.7,101.9,5.8
2023,RB,TE,RB_vs_TE,Javonte Williams,Dalton Kincaid,7588,10236,4554,4629,-75,118.7,101.9,16.8
2023,RB,TE,RB_vs_TE,Najee Harris,Dalton Kincaid,7528,10236,4466,4629,-163,147.2,101.9,45.3
2023,RB,TE,RB_vs_TE,Najee Harris,George Kittle,7528,4217,4466,4312,154,147.2,170.7,-23.5
2023,RB,TE,RB_vs_TE,Dameon Pierce,George Kittle,8129,4217,4331,4312,19,69.7,170.7,-101
2023,RB,TE,RB_vs_TE,Derrick Henry,George Kittle,3198,4217,4169,4312,-143,197.4,170.7,26.7
2023,RB,TE,RB_vs_TE,Derrick Henry,Dallas Goedert,3198,5022,4169,4096,73,197.4,105.9,91.5
2023,RB,TE,RB_vs_TE,Derrick Henry,Darren Waller,3198,2505,4169,4028,141,197.4,80.2,117.2
2023,RB,TE,RB_vs_TE,Derrick Henry,Sam LaPorta,3198,10859,4169,4027,142,197.4,184.9,12.5
2023,RB,TE,RB_vs_TE,Derrick Henry,Pat Freiermuth,3198,7600,4169,4016,153,197.4,57.7,139.7
2023,RB,TE,RB_vs_TE,James Cook,Dallas Goedert,8138,5022,4017,4096,-79,183.5,105.9,77.6
2023,RB,TE,RB_vs_TE,James Cook,Darren Waller,8138,2505,4017,4028,-11,183.5,80.2,103.3
2023,RB,TE,RB_vs_TE,James Cook,Sam LaPorta,8138,10859,4017,4027,-10,183.5,184.9,-1.4
2023,RB,TE,RB_vs_TE,James Cook,Pat Freiermuth,8138,7600,4017,4016,1,183.5,57.7,125.8
2023,RB,TE,RB_vs_TE,J.K. Dobbins,Dallas Goedert,6806,5022,3963,4096,-133,9.7,105.9,-96.2
2023,RB,TE,RB_vs_TE,J.K. Dobbins,Darren Waller,6806,2505,3963,4028,-65,9.7,80.2,-70.5
2023,RB,TE,RB_vs_TE,J.K. Dobbins,Sam LaPorta,6806,10859,3963,4027,-64,9.7,184.9,-175.2
2023,RB,TE,RB_vs_TE,J.K. Dobbins,Pat Freiermuth,6806,7600,3963,4016,-53,9.7,57.7,-48
2023,RB,TE,RB_vs_TE,Zach Charbonnet,Darren Waller,9753,2505,3844,4028,-184,67.1,80.2,-13.1
2023,RB,TE,RB_vs_TE,Zach Charbonnet,Sam LaPorta,9753,10859,3844,4027,-183,67.1,184.9,-117.8
2023,RB,TE,RB_vs_TE,Zach Charbonnet,Pat Freiermuth,9753,7600,3844,4016,-172,67.1,57.7,9.4
2023,RB,TE,RB_vs_TE,Alexander Mattison,Michael Mayer,5987,9482,3612,3444,168,100.3,57.9,42.4
2023,RB,TE,RB_vs_TE,Miles Sanders,Michael Mayer,6151,9482,3606,3444,162,58.8,57.9,0.9
2023,RB,TE,RB_vs_TE,Aaron Jones,Michael Mayer,4199,9482,3601,3444,157,90.8,57.9,32.9
2023,RB,TE,RB_vs_TE,Cam Akers,Michael Mayer,6938,9482,3498,3444,54,35.7,57.9,-22.2
2023,RB,TE,RB_vs_TE,Cam Akers,Evan Engram,6938,4066,3498,3304,194,35.7,154.4,-118.7
2023,RB,TE,RB_vs_TE,Isiah Pacheco,Michael Mayer,8205,9482,3496,3444,52,169.9,57.9,112
2023,RB,TE,RB_vs_TE,Isiah Pacheco,Evan Engram,8205,4066,3496,3304,192,169.9,154.4,15.5
2023,RB,TE,RB_vs_TE,D'Andre Swift,Michael Mayer,6790,9482,3429,3444,-15,160.3,57.9,102.4
2023,RB,TE,RB_vs_TE,D'Andre Swift,Evan Engram,6790,4066,3429,3304,125,160.3,154.4,5.9
2023,RB,TE,RB_vs_TE,De'Von Achane,Evan Engram,9226,4066,3240,3304,-64,151.6,154.4,-2.8
2023,RB,TE,RB_vs_TE,De'Von Achane,David Njoku,9226,4033,3240,3117,123,151.6,160.7,-9.1
2023,RB,TE,RB_vs_TE,De'Von Achane,Luke Musgrave,9226,9481,3240,3052,188,151.6,56.6,95
2023,RB,TE,RB_vs_TE,Khalil Herbert,Evan Engram,7608,4066,3218,3304,-86,88.4,154.4,-66
2023,RB,TE,RB_vs_TE,Khalil Herbert,David Njoku,7608,4033,3218,3117,101,88.4,160.7,-72.3
2023,RB,TE,RB_vs_TE,Khalil Herbert,Luke Musgrave,7608,9481,3218,3052,166,88.4,56.6,31.8
2023,RB,TE,RB_vs_TE,David Montgomery,Evan Engram,5892,4066,3214,3304,-90,181.2,154.4,26.8
2023,RB,TE,RB_vs_TE,David Montgomery,David Njoku,5892,4033,3214,3117,97,181.2,160.7,20.5
2023,RB,TE,RB_vs_TE,David Montgomery,Luke Musgrave,5892,9481,3214,3052,162,181.2,56.6,124.6
2023,RB,TE,RB_vs_TE,Alvin Kamara,Evan Engram,4035,4066,3148,3304,-156,158,154.4,3.6
2023,RB,TE,RB_vs_TE,Alvin Kamara,David Njoku,4035,4033,3148,3117,31,158,160.7,-2.7
2023,RB,TE,RB_vs_TE,Alvin Kamara,Luke Musgrave,4035,9481,3148,3052,96,158,56.6,101.4
2023,RB,TE,RB_vs_TE,Tank Bigsby,Evan Engram,9225,4066,3141,3304,-163,20.2,154.4,-134.2
2023,RB,TE,RB_vs_TE,Tank Bigsby,David Njoku,9225,4033,3141,3117,24,20.2,160.7,-140.5
2023,RB,TE,RB_vs_TE,Tank Bigsby,Luke Musgrave,9225,9481,3141,3052,89,20.2,56.6,-36.4
2023,RB,TE,RB_vs_TE,Tank Bigsby,Cole Kmet,9225,6826,3141,2947,194,20.2,139,-118.8
2023,RB,TE,RB_vs_TE,Brian Robinson,Evan Engram,8154,4066,3135,3304,-169,154.6,154.4,0.2
2023,RB,TE,RB_vs_TE,Brian Robinson,David Njoku,8154,4033,3135,3117,18,154.6,160.7,-6.1
2023,RB,TE,RB_vs_TE,Brian Robinson,Luke Musgrave,8154,9481,3135,3052,83,154.6,56.6,98
2023,RB,TE,RB_vs_TE,Brian Robinson,Cole Kmet,8154,6826,3135,2947,188,154.6,139,15.6
2023,RB,TE,RB_vs_TE,Kendre Miller,Evan Engram,9757,4066,3108,3304,-196,19.4,154.4,-135
2023,RB,TE,RB_vs_TE,Kendre Miller,David Njoku,9757,4033,3108,3117,-9,19.4,160.7,-141.3
2023,RB,TE,RB_vs_TE,Kendre Miller,Luke Musgrave,9757,9481,3108,3052,56,19.4,56.6,-37.2
2023,RB,TE,RB_vs_TE,Kendre Miller,Cole Kmet,9757,6826,3108,2947,161,19.4,139,-119.6
2023,RB,TE,RB_vs_TE,Antonio Gibson,David Njoku,6945,4033,3059,3117,-58,75.8,160.7,-84.9
2023,RB,TE,RB_vs_TE,Antonio Gibson,Luke Musgrave,6945,9481,3059,3052,7,75.8,56.6,19.2
2023,RB,TE,RB_vs_TE,Antonio Gibson,Cole Kmet,6945,6826,3059,2947,112,75.8,139,-63.2
2023,RB,TE,RB_vs_TE,Antonio Gibson,Greg Dulcich,6945,8172,3059,2875,184,75.8,4,71.8
2023,RB,TE,RB_vs_TE,Jaylen Warren,David Njoku,8228,4033,2921,3117,-196,132.4,160.7,-28.3
2023,RB,TE,RB_vs_TE,Jaylen Warren,Luke Musgrave,8228,9481,2921,3052,-131,132.4,56.6,75.8
2023,RB,TE,RB_vs_TE,Jaylen Warren,Cole Kmet,8228,6826,2921,2947,-26,132.4,139,-6.6
2023,RB,TE,RB_vs_TE,Jaylen Warren,Greg Dulcich,8228,8172,2921,2875,46,132.4,4,128.4
2023,RB,TE,RB_vs_TE,Jaylen Warren,Chigoziem Okonkwo,8228,8210,2921,2821,100,132.4,81.8,50.6
2023,RB,TE,RB_vs_TE,James Conner,Luke Musgrave,4137,9481,2895,3052,-157,148.1,56.6,91.5
2023,RB,TE,RB_vs_TE,James Conner,Cole Kmet,4137,6826,2895,2947,-52,148.1,139,9.1
2023,RB,TE,RB_vs_TE,James Conner,Greg Dulcich,4137,8172,2895,2875,20,148.1,4,144.1
2023,RB,TE,RB_vs_TE,James Conner,Chigoziem Okonkwo,4137,8210,2895,2821,74,148.1,81.8,66.3
2023,RB,TE,RB_vs_TE,AJ Dillon,Luke Musgrave,6828,9481,2884,3052,-168,95.6,56.6,39
2023,RB,TE,RB_vs_TE,AJ Dillon,Cole Kmet,6828,6826,2884,2947,-63,95.6,139,-43.4
2023,RB,TE,RB_vs_TE,AJ Dillon,Greg Dulcich,6828,8172,2884,2875,9,95.6,4,91.6
2023,RB,TE,RB_vs_TE,AJ Dillon,Chigoziem Okonkwo,6828,8210,2884,2821,63,95.6,81.8,13.8
2023,RB,TE,RB_vs_TE,Roschon Johnson,Cole Kmet,10235,6826,2829,2947,-118,66.1,139,-72.9
2023,RB,TE,RB_vs_TE,Roschon Johnson,Greg Dulcich,10235,8172,2829,2875,-46,66.1,4,62.1
2023,RB,TE,RB_vs_TE,Roschon Johnson,Chigoziem Okonkwo,10235,8210,2829,2821,8,66.1,81.8,-15.7
2023,RB,TE,RB_vs_TE,Tyjae Spears,Cole Kmet,9508,6826,2766,2947,-181,83.2,139,-55.8
2023,RB,TE,RB_vs_TE,Tyjae Spears,Greg Dulcich,9508,8172,2766,2875,-109,83.2,4,79.2
2023,RB,TE,RB_vs_TE,Tyjae Spears,Chigoziem Okonkwo,9508,8210,2766,2821,-55,83.2,81.8,1.4
2023,RB,TE,RB_vs_TE,Dalvin Cook,Chigoziem Okonkwo,4029,8210,2650,2821,-171,25.2,81.8,-56.6
2023,RB,TE,RB_vs_TE,Dalvin Cook,Dalton Schultz,4029,5001,2650,2514,136,25.2,114.3,-89.1
2023,RB,TE,RB_vs_TE,Dalvin Cook,Jake Ferguson,4029,8110,2650,2468,182,25.2,131.7,-106.5
2023,RB,TE,RB_vs_TE,Tyler Allgeier,Dalton Schultz,8132,5001,2459,2514,-55,116.2,114.3,1.9
2023,RB,TE,RB_vs_TE,Tyler Allgeier,Jake Ferguson,8132,8110,2459,2468,-9,116.2,131.7,-15.5
2023,RB,TE,RB_vs_TE,Tyler Allgeier,Isaiah Likely,8132,8131,2459,2444,15,116.2,76,40.2
2023,RB,TE,RB_vs_TE,Tyler Allgeier,Juwan Johnson,8132,7002,2459,2385,74,116.2,73.8,42.4
2023,RB,TE,RB_vs_TE,Tyler Allgeier,Trey McBride,8132,8130,2459,2378,81,116.2,130.1,-13.9
2023,RB,TE,RB_vs_TE,Kenneth Gainwell,Jake Ferguson,7567,8110,2277,2468,-191,61.2,131.7,-70.5
2023,RB,TE,RB_vs_TE,Kenneth Gainwell,Isaiah Likely,7567,8131,2277,2444,-167,61.2,76,-14.8
2023,RB,TE,RB_vs_TE,Kenneth Gainwell,Juwan Johnson,7567,7002,2277,2385,-108,61.2,73.8,-12.6
2023,RB,TE,RB_vs_TE,Kenneth Gainwell,Trey McBride,7567,8130,2277,2378,-101,61.2,130.1,-68.9
2023,RB,TE,RB_vs_TE,Elijah Mitchell,Juwan Johnson,7561,7002,2233,2385,-152,28.8,73.8,-45
2023,RB,TE,RB_vs_TE,Elijah Mitchell,Trey McBride,7561,8130,2233,2378,-145,28.8,130.1,-101.3
2023,RB,TE,RB_vs_TE,Jamaal Williams,Juwan Johnson,4149,7002,2205,2385,-180,33.4,73.8,-40.4
2023,RB,TE,RB_vs_TE,Jamaal Williams,Trey McBride,4149,8130,2205,2378,-173,33.4,130.1,-96.7
2023,RB,TE,RB_vs_TE,Jamaal Williams,Dawson Knox,4149,5906,2205,2030,175,33.4,34.4,-1
2023,RB,TE,RB_vs_TE,Jamaal Williams,Tyler Higbee,4149,3271,2205,2007,198,33.4,85,-51.6
2023,RB,TE,RB_vs_TE,Sean Tucker,Dawson Knox,9506,5906,2061,2030,31,3.2,34.4,-31.2
2023,RB,TE,RB_vs_TE,Sean Tucker,Tyler Higbee,9506,3271,2061,2007,54,3.2,85,-81.8
2023,RB,TE,RB_vs_TE,Sean Tucker,Luke Schoonmaker,9506,10871,2061,2004,57,3.2,22.5,-19.3
2023,RB,TE,RB_vs_TE,Sean Tucker,Darnell Washington,9506,9479,2061,1916,145,3.2,9.6,-6.4
2023,RB,TE,RB_vs_TE,Rashaad Penny,Dawson Knox,4985,5906,2036,2030,6,2.2,34.4,-32.2
2023,RB,TE,RB_vs_TE,Rashaad Penny,Tyler Higbee,4985,3271,2036,2007,29,2.2,85,-82.8
2023,RB,TE,RB_vs_TE,Rashaad Penny,Luke Schoonmaker,4985,10871,2036,2004,32,2.2,22.5,-20.3
2023,RB,TE,RB_vs_TE,Rashaad Penny,Darnell Washington,4985,9479,2036,1916,120,2.2,9.6,-7.4
2023,RB,TE,RB_vs_TE,Samaje Perine,Dawson Knox,4147,5906,2033,2030,3,68.3,34.4,33.9
2023,RB,TE,RB_vs_TE,Samaje Perine,Tyler Higbee,4147,3271,2033,2007,26,68.3,85,-16.7
2023,RB,TE,RB_vs_TE,Samaje Perine,Luke Schoonmaker,4147,10871,2033,2004,29,68.3,22.5,45.8
2023,RB,TE,RB_vs_TE,Samaje Perine,Darnell Washington,4147,9479,2033,1916,117,68.3,9.6,58.7
2023,RB,TE,RB_vs_TE,Deuce Vaughn,Dawson Knox,9505,5906,2001,2030,-29,8,34.4,-26.4
2023,RB,TE,RB_vs_TE,Deuce Vaughn,Tyler Higbee,9505,3271,2001,2007,-6,8,85,-77
2023,RB,TE,RB_vs_TE,Deuce Vaughn,Luke Schoonmaker,9505,10871,2001,2004,-3,8,22.5,-14.5
2023,RB,TE,RB_vs_TE,Deuce Vaughn,Darnell Washington,9505,9479,2001,1916,85,8,9.6,-1.6
2023,RB,TE,RB_vs_TE,Evan Hull,Dawson Knox,9220,5906,1931,2030,-99,0.7,34.4,-33.7
2023,RB,TE,RB_vs_TE,Evan Hull,Tyler Higbee,9220,3271,1931,2007,-76,0.7,85,-84.3
2023,RB,TE,RB_vs_TE,Evan Hull,Luke Schoonmaker,9220,10871,1931,2004,-73,0.7,22.5,-21.8
2023,RB,TE,RB_vs_TE,Evan Hull,Darnell Washington,9220,9479,1931,1916,15,0.7,9.6,-8.9
2023,RB,TE,RB_vs_TE,Evan Hull,Noah Fant,9220,5857,1931,1740,191,0.7,57.4,-56.7
2023,RB,TE,RB_vs_TE,Chase Brown,Dawson Knox,9224,5906,1893,2030,-137,34.2,34.4,-0.2
2023,RB,TE,RB_vs_TE,Chase Brown,Tyler Higbee,9224,3271,1893,2007,-114,34.2,85,-50.8
2023,RB,TE,RB_vs_TE,Chase Brown,Luke Schoonmaker,9224,10871,1893,2004,-111,34.2,22.5,11.7
2023,RB,TE,RB_vs_TE,Chase Brown,Darnell Washington,9224,9479,1893,1916,-23,34.2,9.6,24.6
2023,RB,TE,RB_vs_TE,Chase Brown,Noah Fant,9224,5857,1893,1740,153,34.2,57.4,-23.2
2023,RB,TE,RB_vs_TE,Zamir White,Darnell Washington,8139,9479,1794,1916,-122,46.8,9.6,37.2
2023,RB,TE,RB_vs_TE,Zamir White,Noah Fant,8139,5857,1794,1740,54,46.8,57.4,-10.6
2023,RB,TE,RB_vs_TE,Zamir White,Irv Smith,8139,6126,1794,1665,129,46.8,24.5,22.3
2023,RB,TE,RB_vs_TE,Zamir White,Cade Otton,8139,8111,1794,1646,148,46.8,89,-42.2
2023,RB,TE,RB_vs_TE,Zamir White,Daniel Bellinger,8139,8225,1794,1641,153,46.8,38,8.8
2023,RB,TE,RB_vs_TE,Zamir White,Noah Gray,8139,7828,1794,1636,158,46.8,56.6,-9.8
2023,RB,TE,RB_vs_TE,Jerome Ford,Darnell Washington,8143,9479,1734,1916,-182,164,9.6,154.4
2023,RB,TE,RB_vs_TE,Jerome Ford,Noah Fant,8143,5857,1734,1740,-6,164,57.4,106.6
2023,RB,TE,RB_vs_TE,Jerome Ford,Irv Smith,8143,6126,1734,1665,69,164,24.5,139.5
2023,RB,TE,RB_vs_TE,Jerome Ford,Cade Otton,8143,8111,1734,1646,88,164,89,75
2023,RB,TE,RB_vs_TE,Jerome Ford,Daniel Bellinger,8143,8225,1734,1641,93,164,38,126
2023,RB,TE,RB_vs_TE,Jerome Ford,Noah Gray,8143,7828,1734,1636,98,164,56.6,107.4
2023,RB,TE,RB_vs_TE,Jerome Ford,Mike Gesicki,8143,4993,1734,1534,200,164,49.9,114.1
2023,RB,TE,RB_vs_TE,Raheem Mostert,Noah Fant,2749,5857,1614,1740,-126,242.7,57.4,185.3
2023,RB,TE,RB_vs_TE,Raheem Mostert,Irv Smith,2749,6126,1614,1665,-51,242.7,24.5,218.2
2023,RB,TE,RB_vs_TE,Raheem Mostert,Cade Otton,2749,8111,1614,1646,-32,242.7,89,153.7
2023,RB,TE,RB_vs_TE,Raheem Mostert,Daniel Bellinger,2749,8225,1614,1641,-27,242.7,38,204.7
2023,RB,TE,RB_vs_TE,Raheem Mostert,Noah Gray,2749,7828,1614,1636,-22,242.7,56.6,186.1
2023,RB,TE,RB_vs_TE,Raheem Mostert,Mike Gesicki,2749,4993,1614,1534,80,242.7,49.9,192.8
2023,RB,TE,RB_vs_TE,Raheem Mostert,Gerald Everett,2749,4089,1614,1501,113,242.7,84.7,158
2023,RB,TE,RB_vs_TE,Raheem Mostert,Hunter Henry,2749,3214,1614,1454,160,242.7,98.9,143.8
2023,RB,TE,RB_vs_TE,Raheem Mostert,Tucker Kraft,2749,9484,1614,1424,190,242.7,58.4,184.3
2023,RB,TE,RB_vs_TE,Devin Singletary,Noah Fant,6130,5857,1576,1740,-164,124.8,57.4,67.4
2023,RB,TE,RB_vs_TE,Devin Singletary,Irv Smith,6130,6126,1576,1665,-89,124.8,24.5,100.3
2023,RB,TE,RB_vs_TE,Devin Singletary,Cade Otton,6130,8111,1576,1646,-70,124.8,89,35.8
2023,RB,TE,RB_vs_TE,Devin Singletary,Daniel Bellinger,6130,8225,1576,1641,-65,124.8,38,86.8
2023,RB,TE,RB_vs_TE,Devin Singletary,Noah Gray,6130,7828,1576,1636,-60,124.8,56.6,68.2
2023,RB,TE,RB_vs_TE,Devin Singletary,Mike Gesicki,6130,4993,1576,1534,42,124.8,49.9,74.9
2023,RB,TE,RB_vs_TE,Devin Singletary,Gerald Everett,6130,4089,1576,1501,75,124.8,84.7,40.1
2023,RB,TE,RB_vs_TE,Devin Singletary,Hunter Henry,6130,3214,1576,1454,122,124.8,98.9,25.9
2023,RB,TE,RB_vs_TE,Devin Singletary,Tucker Kraft,6130,9484,1576,1424,152,124.8,58.4,66.4
2023,RB,TE,RB_vs_TE,Zach Evans,Noah Fant,9222,5857,1566,1740,-174,1.6,57.4,-55.8
2023,RB,TE,RB_vs_TE,Zach Evans,Irv Smith,9222,6126,1566,1665,-99,1.6,24.5,-22.9
2023,RB,TE,RB_vs_TE,Zach Evans,Cade Otton,9222,8111,1566,1646,-80,1.6,89,-87.4
2023,RB,TE,RB_vs_TE,Zach Evans,Daniel Bellinger,9222,8225,1566,1641,-75,1.6,38,-36.4
2023,RB,TE,RB_vs_TE,Zach Evans,Noah Gray,9222,7828,1566,1636,-70,1.6,56.6,-55
2023,RB,TE,RB_vs_TE,Zach Evans,Mike Gesicki,9222,4993,1566,1534,32,1.6,49.9,-48.3
2023,RB,TE,RB_vs_TE,Zach Evans,Gerald Everett,9222,4089,1566,1501,65,1.6,84.7,-83.1
2023,RB,TE,RB_vs_TE,Zach Evans,Hunter Henry,9222,3214,1566,1454,112,1.6,98.9,-97.3
2023,RB,TE,RB_vs_TE,Zach Evans,Tucker Kraft,9222,9484,1566,1424,142,1.6,58.4,-56.8
2023,RB,TE,RB_vs_TE,Jerick McKinnon,Noah Fant,2161,5857,1544,1740,-196,59.4,57.4,2
2023,RB,TE,RB_vs_TE,Jerick McKinnon,Irv Smith,2161,6126,1544,1665,-121,59.4,24.5,34.9
2023,RB,TE,RB_vs_TE,Jerick McKinnon,Cade Otton,2161,8111,1544,1646,-102,59.4,89,-29.6
2023,RB,TE,RB_vs_TE,Jerick McKinnon,Daniel Bellinger,2161,8225,1544,1641,-97,59.4,38,21.4
2023,RB,TE,RB_vs_TE,Jerick McKinnon,Noah Gray,2161,7828,1544,1636,-92,59.4,56.6,2.8
2023,RB,TE,RB_vs_TE,Jerick McKinnon,Mike Gesicki,2161,4993,1544,1534,10,59.4,49.9,9.5
2023,RB,TE,RB_vs_TE,Jerick McKinnon,Gerald Everett,2161,4089,1544,1501,43,59.4,84.7,-25.3
2023,RB,TE,RB_vs_TE,Jerick McKinnon,Hunter Henry,2161,3214,1544,1454,90,59.4,98.9,-39.5
2023,RB,TE,RB_vs_TE,Jerick McKinnon,Tucker Kraft,2161,9484,1544,1424,120,59.4,58.4,1
2023,RB,TE,RB_vs_TE,Ezekiel Elliott,Irv Smith,3164,6126,1539,1665,-126,115.4,24.5,90.9
2023,RB,TE,RB_vs_TE,Ezekiel Elliott,Cade Otton,3164,8111,1539,1646,-107,115.4,89,26.4
2023,RB,TE,RB_vs_TE,Ezekiel Elliott,Daniel Bellinger,3164,8225,1539,1641,-102,115.4,38,77.4
2023,RB,TE,RB_vs_TE,Ezekiel Elliott,Noah Gray,3164,7828,1539,1636,-97,115.4,56.6,58.8
2023,RB,TE,RB_vs_TE,Ezekiel Elliott,Mike Gesicki,3164,4993,1539,1534,5,115.4,49.9,65.5
2023,RB,TE,RB_vs_TE,Ezekiel Elliott,Gerald Everett,3164,4089,1539,1501,38,115.4,84.7,30.7
2023,RB,TE,RB_vs_TE,Ezekiel Elliott,Hunter Henry,3164,3214,1539,1454,85,115.4,98.9,16.5
2023,RB,TE,RB_vs_TE,Ezekiel Elliott,Tucker Kraft,3164,9484,1539,1424,115,115.4,58.4,57
2023,RB,TE,RB_vs_TE,Chuba Hubbard,Mike Gesicki,7594,4993,1434,1534,-100,134.3,49.9,84.4
2023,RB,TE,RB_vs_TE,Chuba Hubbard,Gerald Everett,7594,4089,1434,1501,-67,134.3,84.7,49.6
2023,RB,TE,RB_vs_TE,Chuba Hubbard,Hunter Henry,7594,3214,1434,1454,-20,134.3,98.9,35.4
2023,RB,TE,RB_vs_TE,Chuba Hubbard,Tucker Kraft,7594,9484,1434,1424,10,134.3,58.4,75.9
2023,RB,TE,RB_vs_TE,Chuba Hubbard,Tyler Conklin,7594,5133,1434,1283,151,134.3,90,44.3
2023,RB,TE,RB_vs_TE,Israel Abanikanda,Mike Gesicki,9227,4993,1426,1534,-108,8.7,49.9,-41.2
2023,RB,TE,RB_vs_TE,Israel Abanikanda,Gerald Everett,9227,4089,1426,1501,-75,8.7,84.7,-76
2023,RB,TE,RB_vs_TE,Israel Abanikanda,Hunter Henry,9227,3214,1426,1454,-28,8.7,98.9,-90.2
2023,RB,TE,RB_vs_TE,Israel Abanikanda,Tucker Kraft,9227,9484,1426,1424,2,8.7,58.4,-49.7
2023,RB,TE,RB_vs_TE,Israel Abanikanda,Tyler Conklin,9227,5133,1426,1283,143,8.7,90,-81.3
2023,RB,TE,RB_vs_TE,Ty Chandler,Mike Gesicki,8230,4993,1416,1534,-118,71.1,49.9,21.2
2023,RB,TE,RB_vs_TE,Ty Chandler,Gerald Everett,8230,4089,1416,1501,-85,71.1,84.7,-13.6
2023,RB,TE,RB_vs_TE,Ty Chandler,Hunter Henry,8230,3214,1416,1454,-38,71.1,98.9,-27.8
2023,RB,TE,RB_vs_TE,Ty Chandler,Tucker Kraft,8230,9484,1416,1424,-8,71.1,58.4,12.7
2023,RB,TE,RB_vs_TE,Ty Chandler,Tyler Conklin,8230,5133,1416,1283,133,71.1,90,-18.9
2023,RB,TE,RB_vs_TE,Ty Chandler,Zach Ertz,8230,1339,1416,1222,194,71.1,38.2,32.9
2023,RB,TE,RB_vs_TE,Zack Moss,Mike Gesicki,6845,4993,1413,1534,-121,139.6,49.9,89.7
2023,RB,TE,RB_vs_TE,Zack Moss,Gerald Everett,6845,4089,1413,1501,-88,139.6,84.7,54.9
2023,RB,TE,RB_vs_TE,Zack Moss,Hunter Henry,6845,3214,1413,1454,-41,139.6,98.9,40.7
2023,RB,TE,RB_vs_TE,Zack Moss,Tucker Kraft,6845,9484,1413,1424,-11,139.6,58.4,81.2
2023,RB,TE,RB_vs_TE,Zack Moss,Tyler Conklin,6845,5133,1413,1283,130,139.6,90,49.6
2023,RB,TE,RB_vs_TE,Zack Moss,Zach Ertz,6845,1339,1413,1222,191,139.6,38.2,101.4
2023,RB,TE,RB_vs_TE,Clyde Edwards-Helaire,Mike Gesicki,6820,4993,1412,1534,-122,52.1,49.9,2.2
2023,RB,TE,RB_vs_TE,Clyde Edwards-Helaire,Gerald Everett,6820,4089,1412,1501,-89,52.1,84.7,-32.6
2023,RB,TE,RB_vs_TE,Clyde Edwards-Helaire,Hunter Henry,6820,3214,1412,1454,-42,52.1,98.9,-46.8
2023,RB,TE,RB_vs_TE,Clyde Edwards-Helaire,Tucker Kraft,6820,9484,1412,1424,-12,52.1,58.4,-6.3
2023,RB,TE,RB_vs_TE,Clyde Edwards-Helaire,Tyler Conklin,6820,5133,1412,1283,129,52.1,90,-37.9
2023,RB,TE,RB_vs_TE,Clyde Edwards-Helaire,Zach Ertz,6820,1339,1412,1222,190,52.1,38.2,13.9
2023,RB,TE,RB_vs_TE,Chris Evans,Mike Gesicki,7794,4993,1335,1534,-199,1.1,49.9,-48.8
2023,RB,TE,RB_vs_TE,Chris Evans,Gerald Everett,7794,4089,1335,1501,-166,1.1,84.7,-83.6
2023,RB,TE,RB_vs_TE,Chris Evans,Hunter Henry,7794,3214,1335,1454,-119,1.1,98.9,-97.8
2023,RB,TE,RB_vs_TE,Chris Evans,Tucker Kraft,7794,9484,1335,1424,-89,1.1,58.4,-57.3
2023,RB,TE,RB_vs_TE,Chris Evans,Tyler Conklin,7794,5133,1335,1283,52,1.1,90,-88.9
2023,RB,TE,RB_vs_TE,Chris Evans,Zach Ertz,7794,1339,1335,1222,113,1.1,38.2,-37.1
2023,RB,TE,RB_vs_TE,D'Onta Foreman,Mike Gesicki,4111,4993,1334,1534,-200,80.2,49.9,30.3
2023,RB,TE,RB_vs_TE,D'Onta Foreman,Gerald Everett,4111,4089,1334,1501,-167,80.2,84.7,-4.5
2023,RB,TE,RB_vs_TE,D'Onta Foreman,Hunter Henry,4111,3214,1334,1454,-120,80.2,98.9,-18.7
2023,RB,TE,RB_vs_TE,D'Onta Foreman,Tucker Kraft,4111,9484,1334,1424,-90,80.2,58.4,21.8
2023,RB,TE,RB_vs_TE,D'Onta Foreman,Tyler Conklin,4111,5133,1334,1283,51,80.2,90,-9.8
2023,RB,TE,RB_vs_TE,D'Onta Foreman,Zach Ertz,4111,1339,1334,1222,112,80.2,38.2,42
2023,RB,TE,RB_vs_TE,Kyren Williams,Gerald Everett,8150,4089,1328,1501,-173,223,84.7,138.3
2023,RB,TE,RB_vs_TE,Kyren Williams,Hunter Henry,8150,3214,1328,1454,-126,223,98.9,124.1
2023,RB,TE,RB_vs_TE,Kyren Williams,Tucker Kraft,8150,9484,1328,1424,-96,223,58.4,164.6
2023,RB,TE,RB_vs_TE,Kyren Williams,Tyler Conklin,8150,5133,1328,1283,45,223,90,133
2023,RB,TE,RB_vs_TE,Kyren Williams,Zach Ertz,8150,1339,1328,1222,106,223,38.2,184.8
2023,RB,TE,RB_vs_TE,Keaontay Ingram,Gerald Everett,8221,4089,1308,1501,-193,10,84.7,-74.7
2023,RB,TE,RB_vs_TE,Keaontay Ingram,Hunter Henry,8221,3214,1308,1454,-146,10,98.9,-88.9
2023,RB,TE,RB_vs_TE,Keaontay Ingram,Tucker Kraft,8221,9484,1308,1424,-116,10,58.4,-48.4
2023,RB,TE,RB_vs_TE,Keaontay Ingram,Tyler Conklin,8221,5133,1308,1283,25,10,90,-80
2023,RB,TE,RB_vs_TE,Keaontay Ingram,Zach Ertz,8221,1339,1308,1222,86,10,38.2,-28.2
2023,RB,TE,RB_vs_TE,Jeffery Wilson,Hunter Henry,5284,3214,1261,1454,-193,22.8,98.9,-76.1
2023,RB,TE,RB_vs_TE,Jeffery Wilson,Tucker Kraft,5284,9484,1261,1424,-163,22.8,58.4,-35.6
2023,RB,TE,RB_vs_TE,Jeffery Wilson,Tyler Conklin,5284,5133,1261,1283,-22,22.8,90,-67.2
2023,RB,TE,RB_vs_TE,Jeffery Wilson,Zach Ertz,5284,1339,1261,1222,39,22.8,38.2,-15.4
2023,RB,TE,RB_vs_TE,Isaiah Spiller,Hunter Henry,8153,3214,1255,1454,-199,13,98.9,-85.9
2023,RB,TE,RB_vs_TE,Isaiah Spiller,Tucker Kraft,8153,9484,1255,1424,-169,13,58.4,-45.4
2023,RB,TE,RB_vs_TE,Isaiah Spiller,Tyler Conklin,8153,5133,1255,1283,-28,13,90,-77
2023,RB,TE,RB_vs_TE,Isaiah Spiller,Zach Ertz,8153,1339,1255,1222,33,13,38.2,-25.2
2023,RB,TE,RB_vs_TE,Gus Edwards,Tyler Conklin,5248,5133,1184,1283,-99,172.2,90,82.2
2023,RB,TE,RB_vs_TE,Gus Edwards,Zach Ertz,5248,1339,1184,1222,-38,172.2,38.2,134
2023,RB,TE,RB_vs_TE,Gus Edwards,Hayden Hurst,5248,4973,1184,1031,153,172.2,33.4,138.8
2023,RB,TE,RB_vs_TE,Eric Gray,Tyler Conklin,10223,5133,1093,1283,-190,4.2,90,-85.8
2023,RB,TE,RB_vs_TE,Eric Gray,Zach Ertz,10223,1339,1093,1222,-129,4.2,38.2,-34
2023,RB,TE,RB_vs_TE,Eric Gray,Hayden Hurst,10223,4973,1093,1031,62,4.2,33.4,-29.2
2023,RB,TE,RB_vs_TE,Eric Gray,Cole Turner,10223,8214,1093,931,162,4.2,17.5,-13.3
2023,RB,TE,RB_vs_TE,Eric Gray,Brenton Strange,10223,9480,1093,904,189,4.2,12,-7.8
2023,RB,TE,RB_vs_TE,Kareem Hunt,Tyler Conklin,4098,5133,1091,1283,-192,103,90,13
2023,RB,TE,RB_vs_TE,Kareem Hunt,Zach Ertz,4098,1339,1091,1222,-131,103,38.2,64.8
2023,RB,TE,RB_vs_TE,Kareem Hunt,Hayden Hurst,4098,4973,1091,1031,60,103,33.4,69.6
2023,RB,TE,RB_vs_TE,Kareem Hunt,Cole Turner,4098,8214,1091,931,160,103,17.5,85.5
2023,RB,TE,RB_vs_TE,Kareem Hunt,Brenton Strange,4098,9480,1091,904,187,103,12,91
2023,RB,TE,RB_vs_TE,Joshua Kelley,Zach Ertz,7045,1339,1078,1222,-144,53.6,38.2,15.4
2023,RB,TE,RB_vs_TE,Joshua Kelley,Hayden Hurst,7045,4973,1078,1031,47,53.6,33.4,20.2
2023,RB,TE,RB_vs_TE,Joshua Kelley,Cole Turner,7045,8214,1078,931,147,53.6,17.5,36.1
2023,RB,TE,RB_vs_TE,Joshua Kelley,Brenton Strange,7045,9480,1078,904,174,53.6,12,41.6
2023,RB,TE,RB_vs_TE,Joshua Kelley,Brevin Jordan,7045,7568,1078,882,196,53.6,42.4,11.2
2023,RB,TE,RB_vs_TE,Michael Carter,Zach Ertz,7607,1339,1077,1222,-145,32.9,38.2,-5.3
2023,RB,TE,RB_vs_TE,Michael Carter,Hayden Hurst,7607,4973,1077,1031,46,32.9,33.4,-0.5
2023,RB,TE,RB_vs_TE,Michael Carter,Cole Turner,7607,8214,1077,931,146,32.9,17.5,15.4
2023,RB,TE,RB_vs_TE,Michael Carter,Brenton Strange,7607,9480,1077,904,173,32.9,12,20.9
2023,RB,TE,RB_vs_TE,Michael Carter,Brevin Jordan,7607,7568,1077,882,195,32.9,42.4,-9.5
2023,RB,TE,RB_vs_TE,Jaleel McLaughlin,Zach Ertz,11439,1339,1069,1222,-153,74.4,38.2,36.2
2023,RB,TE,RB_vs_TE,Jaleel McLaughlin,Hayden Hurst,11439,4973,1069,1031,38,74.4,33.4,41
2023,RB,TE,RB_vs_TE,Jaleel McLaughlin,Cole Turner,11439,8214,1069,931,138,74.4,17.5,56.9
2023,RB,TE,RB_vs_TE,Jaleel McLaughlin,Brenton Strange,11439,9480,1069,904,165,74.4,12,62.4
2023,RB,TE,RB_vs_TE,Jaleel McLaughlin,Brevin Jordan,11439,7568,1069,882,187,74.4,42.4,32
2023,RB,TE,RB_vs_TE,Rico Dowdle,Zach Ertz,7021,1339,1061,1222,-161,64.5,38.2,26.3
2023,RB,TE,RB_vs_TE,Rico Dowdle,Hayden Hurst,7021,4973,1061,1031,30,64.5,33.4,31.1
2023,RB,TE,RB_vs_TE,Rico Dowdle,Cole Turner,7021,8214,1061,931,130,64.5,17.5,47
2023,RB,TE,RB_vs_TE,Rico Dowdle,Brenton Strange,7021,9480,1061,904,157,64.5,12,52.5
2023,RB,TE,RB_vs_TE,Rico Dowdle,Brevin Jordan,7021,7568,1061,882,179,64.5,42.4,22.1
2023,RB,TE,RB_vs_TE,Chris Rodriguez,Zach Ertz,10219,1339,1055,1222,-167,35.9,38.2,-2.3
2023,RB,TE,RB_vs_TE,Chris Rodriguez,Hayden Hurst,10219,4973,1055,1031,24,35.9,33.4,2.5
2023,RB,TE,RB_vs_TE,Chris Rodriguez,Cole Turner,10219,8214,1055,931,124,35.9,17.5,18.4
2023,RB,TE,RB_vs_TE,Chris Rodriguez,Brenton Strange,10219,9480,1055,904,151,35.9,12,23.9
2023,RB,TE,RB_vs_TE,Chris Rodriguez,Brevin Jordan,10219,7568,1055,882,173,35.9,42.4,-6.5
2023,RB,TE,RB_vs_TE,Pierre Strong Jr.,Zach Ertz,8116,1339,1034,1222,-188,31.3,38.2,-6.9
2023,RB,TE,RB_vs_TE,Pierre Strong Jr.,Hayden Hurst,8116,4973,1034,1031,3,31.3,33.4,-2.1
2023,RB,TE,RB_vs_TE,Pierre Strong Jr.,Cole Turner,8116,8214,1034,931,103,31.3,17.5,13.8
2023,RB,TE,RB_vs_TE,Pierre Strong Jr.,Brenton Strange,8116,9480,1034,904,130,31.3,12,19.3
2023,RB,TE,RB_vs_TE,Pierre Strong Jr.,Brevin Jordan,8116,7568,1034,882,152,31.3,42.4,-11.1
2023,RB,TE,RB_vs_TE,Pierre Strong Jr.,Adam Trautman,8116,6869,1034,848,186,31.3,46.8,-15.5
2023,RB,TE,RB_vs_TE,Pierre Strong Jr.,Jeremy Ruckert,8116,8145,1034,845,189,31.3,23.1,8.2
2023,RB,TE,RB_vs_TE,Trayveon Williams,Hayden Hurst,6144,4973,865,1031,-166,8.1,33.4,-25.3
2023,RB,TE,RB_vs_TE,Trayveon Williams,Cole Turner,6144,8214,865,931,-66,8.1,17.5,-9.4
2023,RB,TE,RB_vs_TE,Trayveon Williams,Brenton Strange,6144,9480,865,904,-39,8.1,12,-3.9
2023,RB,TE,RB_vs_TE,Trayveon Williams,Brevin Jordan,6144,7568,865,882,-17,8.1,42.4,-34.3
2023,RB,TE,RB_vs_TE,Trayveon Williams,Adam Trautman,6144,6869,865,848,17,8.1,46.8,-38.7
2023,RB,TE,RB_vs_TE,Trayveon Williams,Jeremy Ruckert,6144,8145,865,845,20,8.1,23.1,-15
2023,RB,TE,RB_vs_TE,Trayveon Williams,Harrison Bryant,6144,6850,865,822,43,8.1,31.4,-23.3
2023,RB,TE,RB_vs_TE,Trayveon Williams,Tommy Tremble,6144,7694,865,818,47,8.1,46.8,-38.7
2023,RB,TE,RB_vs_TE,Trayveon Williams,Foster Moreau,6144,5985,865,812,53,8.1,35,-26.9
2023,RB,TE,RB_vs_TE,Trayveon Williams,Elijah Higgins,6144,10231,865,801,64,8.1,25.1,-17
2023,RB,TE,RB_vs_TE,Trayveon Williams,Brock Wright,6144,7891,865,758,107,8.1,21.6,-13.5
2023,RB,TE,RB_vs_TE,Jordan Mason,Cole Turner,8408,8214,829,931,-102,36.9,17.5,19.4
2023,RB,TE,RB_vs_TE,Jordan Mason,Brenton Strange,8408,9480,829,904,-75,36.9,12,24.9
2023,RB,TE,RB_vs_TE,Jordan Mason,Brevin Jordan,8408,7568,829,882,-53,36.9,42.4,-5.5
2023,RB,TE,RB_vs_TE,Jordan Mason,Adam Trautman,8408,6869,829,848,-19,36.9,46.8,-9.9
2023,RB,TE,RB_vs_TE,Jordan Mason,Jeremy Ruckert,8408,8145,829,845,-16,36.9,23.1,13.8
2023,RB,TE,RB_vs_TE,Jordan Mason,Harrison Bryant,8408,6850,829,822,7,36.9,31.4,5.5
2023,RB,TE,RB_vs_TE,Jordan Mason,Tommy Tremble,8408,7694,829,818,11,36.9,46.8,-9.9
2023,RB,TE,RB_vs_TE,Jordan Mason,Foster Moreau,8408,5985,829,812,17,36.9,35,1.9
2023,RB,TE,RB_vs_TE,Jordan Mason,Elijah Higgins,8408,10231,829,801,28,36.9,25.1,11.8
2023,RB,TE,RB_vs_TE,Jordan Mason,Brock Wright,8408,7891,829,758,71,36.9,21.6,15.3
2023,RB,TE,RB_vs_TE,Ke'Shawn Vaughn,Cole Turner,6885,8214,821,931,-110,4.4,17.5,-13.1
2023,RB,TE,RB_vs_TE,Ke'Shawn Vaughn,Brenton Strange,6885,9480,821,904,-83,4.4,12,-7.6
2023,RB,TE,RB_vs_TE,Ke'Shawn Vaughn,Brevin Jordan,6885,7568,821,882,-61,4.4,42.4,-38
2023,RB,TE,RB_vs_TE,Ke'Shawn Vaughn,Adam Trautman,6885,6869,821,848,-27,4.4,46.8,-42.4
2023,RB,TE,RB_vs_TE,Ke'Shawn Vaughn,Jeremy Ruckert,6885,8145,821,845,-24,4.4,23.1,-18.7
2023,RB,TE,RB_vs_TE,Ke'Shawn Vaughn,Harrison Bryant,6885,6850,821,822,-1,4.4,31.4,-27
2023,RB,TE,RB_vs_TE,Ke'Shawn Vaughn,Tommy Tremble,6885,7694,821,818,3,4.4,46.8,-42.4
2023,RB,TE,RB_vs_TE,Ke'Shawn Vaughn,Foster Moreau,6885,5985,821,812,9,4.4,35,-30.6
2023,RB,TE,RB_vs_TE,Ke'Shawn Vaughn,Elijah Higgins,6885,10231,821,801,20,4.4,25.1,-20.7
2023,RB,TE,RB_vs_TE,Ke'Shawn Vaughn,Brock Wright,6885,7891,821,758,63,4.4,21.6,-17.2
2023,RB,TE,RB_vs_TE,Tyrion Davis-Price,Cole Turner,8211,8214,771,931,-160,2.1,17.5,-15.4
2023,RB,TE,RB_vs_TE,Tyrion Davis-Price,Brenton Strange,8211,9480,771,904,-133,2.1,12,-9.9
2023,RB,TE,RB_vs_TE,Tyrion Davis-Price,Brevin Jordan,8211,7568,771,882,-111,2.1,42.4,-40.3
2023,RB,TE,RB_vs_TE,Tyrion Davis-Price,Adam Trautman,8211,6869,771,848,-77,2.1,46.8,-44.7
2023,RB,TE,RB_vs_TE,Tyrion Davis-Price,Jeremy Ruckert,8211,8145,771,845,-74,2.1,23.1,-21
2023,RB,TE,RB_vs_TE,Tyrion Davis-Price,Harrison Bryant,8211,6850,771,822,-51,2.1,31.4,-29.3
2023,RB,TE,RB_vs_TE,Tyrion Davis-Price,Tommy Tremble,8211,7694,771,818,-47,2.1,46.8,-44.7
2023,RB,TE,RB_vs_TE,Tyrion Davis-Price,Foster Moreau,8211,5985,771,812,-41,2.1,35,-32.9
2023,RB,TE,RB_vs_TE,Tyrion Davis-Price,Elijah Higgins,8211,10231,771,801,-30,2.1,25.1,-23
2023,RB,TE,RB_vs_TE,Tyrion Davis-Price,Brock Wright,8211,7891,771,758,13,2.1,21.6,-19.5
2023,RB,TE,RB_vs_TE,Justice Hill,Cole Turner,5995,8214,754,931,-177,78.7,17.5,61.2
2023,RB,TE,RB_vs_TE,Justice Hill,Brenton Strange,5995,9480,754,904,-150,78.7,12,66.7
2023,RB,TE,RB_vs_TE,Justice Hill,Brevin Jordan,5995,7568,754,882,-128,78.7,42.4,36.3
2023,RB,TE,RB_vs_TE,Justice Hill,Adam Trautman,5995,6869,754,848,-94,78.7,46.8,31.9
2023,RB,TE,RB_vs_TE,Justice Hill,Jeremy Ruckert,5995,8145,754,845,-91,78.7,23.1,55.6
2023,RB,TE,RB_vs_TE,Justice Hill,Harrison Bryant,5995,6850,754,822,-68,78.7,31.4,47.3
2023,RB,TE,RB_vs_TE,Justice Hill,Tommy Tremble,5995,7694,754,818,-64,78.7,46.8,31.9
2023,RB,TE,RB_vs_TE,Justice Hill,Foster Moreau,5995,5985,754,812,-58,78.7,35,43.7
2023,RB,TE,RB_vs_TE,Justice Hill,Elijah Higgins,5995,10231,754,801,-47,78.7,25.1,53.6
2023,RB,TE,RB_vs_TE,Justice Hill,Brock Wright,5995,7891,754,758,-4,78.7,21.6,57.1
2023,RB,TE,RB_vs_TE,Keaton Mitchell,Cole Turner,9511,8214,751,931,-180,60.9,17.5,43.4
2023,RB,TE,RB_vs_TE,Keaton Mitchell,Brenton Strange,9511,9480,751,904,-153,60.9,12,48.9
2023,RB,TE,RB_vs_TE,Keaton Mitchell,Brevin Jordan,9511,7568,751,882,-131,60.9,42.4,18.5
2023,RB,TE,RB_vs_TE,Keaton Mitchell,Adam Trautman,9511,6869,751,848,-97,60.9,46.8,14.1
2023,RB,TE,RB_vs_TE,Keaton Mitchell,Jeremy Ruckert,9511,8145,751,845,-94,60.9,23.1,37.8
2023,RB,TE,RB_vs_TE,Keaton Mitchell,Harrison Bryant,9511,6850,751,822,-71,60.9,31.4,29.5
2023,RB,TE,RB_vs_TE,Keaton Mitchell,Tommy Tremble,9511,7694,751,818,-67,60.9,46.8,14.1
2023,RB,TE,RB_vs_TE,Keaton Mitchell,Foster Moreau,9511,5985,751,812,-61,60.9,35,25.9
2023,RB,TE,RB_vs_TE,Keaton Mitchell,Elijah Higgins,9511,10231,751,801,-50,60.9,25.1,35.8
2023,RB,TE,RB_vs_TE,Keaton Mitchell,Brock Wright,9511,7891,751,758,-7,60.9,21.6,39.3
2023,WR,TE,WR_vs_TE,DeVonta Smith,Travis Kelce,7525,1466,6336,6359,-23,146.6,172.9,-26.3
2023,WR,TE,WR_vs_TE,DeVonta Smith,Mark Andrews,7525,5012,6336,6317,19,146.6,112.9,33.7
2023,WR,TE,WR_vs_TE,Tyreek Hill,Travis Kelce,3321,1466,6311,6359,-48,243.2,172.9,70.3
2023,WR,TE,WR_vs_TE,Tyreek Hill,Mark Andrews,3321,5012,6311,6317,-6,243.2,112.9,130.3
2023,WR,TE,WR_vs_TE,Jaxon Smith-Njigba,Kyle Pitts,9488,7553,5934,5842,92,85.4,107.1,-21.7
2023,WR,TE,WR_vs_TE,Drake London,Kyle Pitts,8112,7553,5723,5842,-119,101.3,107.1,-5.8
2023,WR,TE,WR_vs_TE,Drake London,T.J. Hockenson,8112,5844,5723,5568,155,101.3,171.5,-70.2
2023,WR,TE,WR_vs_TE,Tee Higgins,Kyle Pitts,6801,7553,5672,5842,-170,95.6,107.1,-11.5
2023,WR,TE,WR_vs_TE,Tee Higgins,T.J. Hockenson,6801,5844,5672,5568,104,95.6,171.5,-75.9
2023,WR,TE,WR_vs_TE,Stefon Diggs,T.J. Hockenson,2449,5844,5625,5568,57,158.1,171.5,-13.4
2023,WR,TE,WR_vs_TE,DK Metcalf,T.J. Hockenson,5846,5844,5560,5568,-8,158.4,171.5,-13.1
2023,WR,TE,WR_vs_TE,Zay Flowers,Dalton Kincaid,9997,10236,4816,4629,187,129.4,101.9,27.5
2023,WR,TE,WR_vs_TE,D.J. Moore,Dalton Kincaid,4983,10236,4719,4629,90,184.1,101.9,82.2
2023,WR,TE,WR_vs_TE,George Pickens,Dalton Kincaid,8137,10236,4719,4629,90,145.5,101.9,43.6
2023,WR,TE,WR_vs_TE,Quentin Johnston,Dalton Kincaid,9754,10236,4518,4629,-111,53.7,101.9,-48.2
2023,WR,TE,WR_vs_TE,Deebo Samuel,George Kittle,5872,4217,4258,4312,-54,180.5,170.7,9.8
2023,WR,TE,WR_vs_TE,Deebo Samuel,Dallas Goedert,5872,5022,4258,4096,162,180.5,105.9,74.6
2023,WR,TE,WR_vs_TE,Jerry Jeudy,George Kittle,6783,4217,4225,4312,-87,73.9,170.7,-96.8
2023,WR,TE,WR_vs_TE,Jerry Jeudy,Dallas Goedert,6783,5022,4225,4096,129,73.9,105.9,-32
2023,WR,TE,WR_vs_TE,Jerry Jeudy,Darren Waller,6783,2505,4225,4028,197,73.9,80.2,-6.3
2023,WR,TE,WR_vs_TE,Jerry Jeudy,Sam LaPorta,6783,10859,4225,4027,198,73.9,184.9,-111
2023,WR,TE,WR_vs_TE,Terry McLaurin,Dallas Goedert,5927,5022,4067,4096,-29,124.6,105.9,18.7
2023,WR,TE,WR_vs_TE,Terry McLaurin,Darren Waller,5927,2505,4067,4028,39,124.6,80.2,44.4
2023,WR,TE,WR_vs_TE,Terry McLaurin,Sam LaPorta,5927,10859,4067,4027,40,124.6,184.9,-60.3
2023,WR,TE,WR_vs_TE,Terry McLaurin,Pat Freiermuth,5927,7600,4067,4016,51,124.6,57.7,66.9
2023,WR,TE,WR_vs_TE,Diontae Johnson,Dallas Goedert,5937,5022,4042,4096,-54,86.8,105.9,-19.1
2023,WR,TE,WR_vs_TE,Diontae Johnson,Darren Waller,5937,2505,4042,4028,14,86.8,80.2,6.6
2023,WR,TE,WR_vs_TE,Diontae Johnson,Sam LaPorta,5937,10859,4042,4027,15,86.8,184.9,-98.1
2023,WR,TE,WR_vs_TE,Diontae Johnson,Pat Freiermuth,5937,7600,4042,4016,26,86.8,57.7,29.1
2023,WR,TE,WR_vs_TE,Treylon Burks,Dallas Goedert,8135,5022,3984,4096,-112,23.9,105.9,-82
2023,WR,TE,WR_vs_TE,Treylon Burks,Darren Waller,8135,2505,3984,4028,-44,23.9,80.2,-56.3
2023,WR,TE,WR_vs_TE,Treylon Burks,Sam LaPorta,8135,10859,3984,4027,-43,23.9,184.9,-161
2023,WR,TE,WR_vs_TE,Treylon Burks,Pat Freiermuth,8135,7600,3984,4016,-32,23.9,57.7,-33.8
2023,WR,TE,WR_vs_TE,Chris Godwin,Dallas Goedert,4037,5022,3962,4096,-134,120.7,105.9,14.8
2023,WR,TE,WR_vs_TE,Chris Godwin,Darren Waller,4037,2505,3962,4028,-66,120.7,80.2,40.5
2023,WR,TE,WR_vs_TE,Chris Godwin,Sam LaPorta,4037,10859,3962,4027,-65,120.7,184.9,-64.2
2023,WR,TE,WR_vs_TE,Chris Godwin,Pat Freiermuth,4037,7600,3962,4016,-54,120.7,57.7,63
2023,WR,TE,WR_vs_TE,Michael Pittman,Darren Waller,6819,2505,3856,4028,-172,138.8,80.2,58.6
2023,WR,TE,WR_vs_TE,Michael Pittman,Sam LaPorta,6819,10859,3856,4027,-171,138.8,184.9,-46.1
2023,WR,TE,WR_vs_TE,Michael Pittman,Pat Freiermuth,6819,7600,3856,4016,-160,138.8,57.7,81.1
2023,WR,TE,WR_vs_TE,Amari Cooper,Darren Waller,2309,2505,3841,4028,-187,155,80.2,74.8
2023,WR,TE,WR_vs_TE,Amari Cooper,Sam LaPorta,2309,10859,3841,4027,-186,155,184.9,-29.9
2023,WR,TE,WR_vs_TE,Amari Cooper,Pat Freiermuth,2309,7600,3841,4016,-175,155,57.7,97.3
2023,WR,TE,WR_vs_TE,Marquise Brown,Michael Mayer,5848,9482,3532,3444,88,83.7,57.9,25.8
2023,WR,TE,WR_vs_TE,Keenan Allen,Michael Mayer,1479,9482,3441,3444,-3,170.9,57.9,113
2023,WR,TE,WR_vs_TE,Keenan Allen,Evan Engram,1479,4066,3441,3304,137,170.9,154.4,16.5
2023,WR,TE,WR_vs_TE,Skyy Moore,Michael Mayer,8168,9482,3354,3444,-90,32.7,57.9,-25.2
2023,WR,TE,WR_vs_TE,Skyy Moore,Evan Engram,8168,4066,3354,3304,50,32.7,154.4,-121.7
2023,WR,TE,WR_vs_TE,Marvin Mims,Michael Mayer,9494,9482,3348,3444,-96,47,57.9,-10.9
2023,WR,TE,WR_vs_TE,Marvin Mims,Evan Engram,9494,4066,3348,3304,44,47,154.4,-107.4
2023,WR,TE,WR_vs_TE,Elijah Moore,Michael Mayer,7596,9482,3284,3444,-160,73.1,57.9,15.2
2023,WR,TE,WR_vs_TE,Elijah Moore,Evan Engram,7596,4066,3284,3304,-20,73.1,154.4,-81.3
2023,WR,TE,WR_vs_TE,Elijah Moore,David Njoku,7596,4033,3284,3117,167,73.1,160.7,-87.6
2023,WR,TE,WR_vs_TE,Mike Williams,Michael Mayer,4068,9482,3268,3444,-176,31.2,57.9,-26.7
2023,WR,TE,WR_vs_TE,Mike Williams,Evan Engram,4068,4066,3268,3304,-36,31.2,154.4,-123.2
2023,WR,TE,WR_vs_TE,Mike Williams,David Njoku,4068,4033,3268,3117,151,31.2,160.7,-129.5
2023,WR,TE,WR_vs_TE,Mike Evans,Evan Engram,2216,4066,3227,3304,-77,201.3,154.4,46.9
2023,WR,TE,WR_vs_TE,Mike Evans,David Njoku,2216,4033,3227,3117,110,201.3,160.7,40.6
2023,WR,TE,WR_vs_TE,Mike Evans,Luke Musgrave,2216,9481,3227,3052,175,201.3,56.6,144.7
2023,WR,TE,WR_vs_TE,Jonathan Mingo,Evan Engram,10225,4066,3177,3304,-127,41.8,154.4,-112.6
2023,WR,TE,WR_vs_TE,Jonathan Mingo,David Njoku,10225,4033,3177,3117,60,41.8,160.7,-118.9
2023,WR,TE,WR_vs_TE,Jonathan Mingo,Luke Musgrave,10225,9481,3177,3052,125,41.8,56.6,-14.8
2023,WR,TE,WR_vs_TE,Tyler Lockett,Evan Engram,2374,4066,3113,3304,-191,108.3,154.4,-46.1
2023,WR,TE,WR_vs_TE,Tyler Lockett,David Njoku,2374,4033,3113,3117,-4,108.3,160.7,-52.4
2023,WR,TE,WR_vs_TE,Tyler Lockett,Luke Musgrave,2374,9481,3113,3052,61,108.3,56.6,51.7
2023,WR,TE,WR_vs_TE,Tyler Lockett,Cole Kmet,2374,6826,3113,2947,166,108.3,139,-30.7
2023,WR,TE,WR_vs_TE,Gabriel Davis,David Njoku,6943,4033,3018,3117,-99,116.4,160.7,-44.3
2023,WR,TE,WR_vs_TE,Gabriel Davis,Luke Musgrave,6943,9481,3018,3052,-34,116.4,56.6,59.8
2023,WR,TE,WR_vs_TE,Gabriel Davis,Cole Kmet,6943,6826,3018,2947,71,116.4,139,-22.6
2023,WR,TE,WR_vs_TE,Gabriel Davis,Greg Dulcich,6943,8172,3018,2875,143,116.4,4,112.4
2023,WR,TE,WR_vs_TE,Gabriel Davis,Chigoziem Okonkwo,6943,8210,3018,2821,197,116.4,81.8,34.6
2023,WR,TE,WR_vs_TE,Rashod Bateman,David Njoku,7571,4033,3014,3117,-103,44.5,160.7,-116.2
2023,WR,TE,WR_vs_TE,Rashod Bateman,Luke Musgrave,7571,9481,3014,3052,-38,44.5,56.6,-12.1
2023,WR,TE,WR_vs_TE,Rashod Bateman,Cole Kmet,7571,6826,3014,2947,67,44.5,139,-94.5
2023,WR,TE,WR_vs_TE,Rashod Bateman,Greg Dulcich,7571,8172,3014,2875,139,44.5,4,40.5
2023,WR,TE,WR_vs_TE,Rashod Bateman,Chigoziem Okonkwo,7571,8210,3014,2821,193,44.5,81.8,-37.3
2023,WR,TE,WR_vs_TE,DeAndre Hopkins,David Njoku,1426,4033,3010,3117,-107,138,160.7,-22.7
2023,WR,TE,WR_vs_TE,DeAndre Hopkins,Luke Musgrave,1426,9481,3010,3052,-42,138,56.6,81.4
2023,WR,TE,WR_vs_TE,DeAndre Hopkins,Cole Kmet,1426,6826,3010,2947,63,138,139,-1
2023,WR,TE,WR_vs_TE,DeAndre Hopkins,Greg Dulcich,1426,8172,3010,2875,135,138,4,134
2023,WR,TE,WR_vs_TE,DeAndre Hopkins,Chigoziem Okonkwo,1426,8210,3010,2821,189,138,81.8,56.2
2023,WR,TE,WR_vs_TE,Romeo Doubs,Luke Musgrave,8121,9481,2863,3052,-189,115.4,56.6,58.8
2023,WR,TE,WR_vs_TE,Romeo Doubs,Cole Kmet,8121,6826,2863,2947,-84,115.4,139,-23.6
2023,WR,TE,WR_vs_TE,Romeo Doubs,Greg Dulcich,8121,8172,2863,2875,-12,115.4,4,111.4
2023,WR,TE,WR_vs_TE,Romeo Doubs,Chigoziem Okonkwo,8121,8210,2863,2821,42,115.4,81.8,33.6
2023,WR,TE,WR_vs_TE,Jalin Hyatt,Cole Kmet,9497,6826,2754,2947,-193,36.8,139,-102.2
2023,WR,TE,WR_vs_TE,Jalin Hyatt,Greg Dulcich,9497,8172,2754,2875,-121,36.8,4,32.8
2023,WR,TE,WR_vs_TE,Jalin Hyatt,Chigoziem Okonkwo,9497,8210,2754,2821,-67,36.8,81.8,-45
2023,WR,TE,WR_vs_TE,Kadarius Toney,Greg Dulcich,7606,8172,2711,2875,-164,26,4,22
2023,WR,TE,WR_vs_TE,Kadarius Toney,Chigoziem Okonkwo,7606,8210,2711,2821,-110,26,81.8,-55.8
2023,WR,TE,WR_vs_TE,Kadarius Toney,Dalton Schultz,7606,5001,2711,2514,197,26,114.3,-88.3
2023,WR,TE,WR_vs_TE,Rashee Rice,Greg Dulcich,10229,8172,2695,2875,-180,133.5,4,129.5
2023,WR,TE,WR_vs_TE,Rashee Rice,Chigoziem Okonkwo,10229,8210,2695,2821,-126,133.5,81.8,51.7
2023,WR,TE,WR_vs_TE,Rashee Rice,Dalton Schultz,10229,5001,2695,2514,181,133.5,114.3,19.2
2023,WR,TE,WR_vs_TE,Courtland Sutton,Greg Dulcich,5045,8172,2686,2875,-189,131,4,127
2023,WR,TE,WR_vs_TE,Courtland Sutton,Chigoziem Okonkwo,5045,8210,2686,2821,-135,131,81.8,49.2
2023,WR,TE,WR_vs_TE,Courtland Sutton,Dalton Schultz,5045,5001,2686,2514,172,131,114.3,16.7
2023,WR,TE,WR_vs_TE,Jayden Reed,Chigoziem Okonkwo,10222,8210,2661,2821,-160,142,81.8,60.2
2023,WR,TE,WR_vs_TE,Jayden Reed,Dalton Schultz,10222,5001,2661,2514,147,142,114.3,27.7
2023,WR,TE,WR_vs_TE,Jayden Reed,Jake Ferguson,10222,8110,2661,2468,193,142,131.7,10.3
2023,WR,TE,WR_vs_TE,Nico Collins,Dalton Schultz,7569,5001,2589,2514,75,154.9,114.3,40.6
2023,WR,TE,WR_vs_TE,Nico Collins,Jake Ferguson,7569,8110,2589,2468,121,154.9,131.7,23.2
2023,WR,TE,WR_vs_TE,Nico Collins,Isaiah Likely,7569,8131,2589,2444,145,154.9,76,78.9
2023,WR,TE,WR_vs_TE,Josh Downs,Dalton Schultz,9500,5001,2505,2514,-9,84.3,114.3,-30
2023,WR,TE,WR_vs_TE,Josh Downs,Jake Ferguson,9500,8110,2505,2468,37,84.3,131.7,-47.4
2023,WR,TE,WR_vs_TE,Josh Downs,Isaiah Likely,9500,8131,2505,2444,61,84.3,76,8.3
2023,WR,TE,WR_vs_TE,Josh Downs,Juwan Johnson,9500,7002,2505,2385,120,84.3,73.8,10.5
2023,WR,TE,WR_vs_TE,Josh Downs,Trey McBride,9500,8130,2505,2378,127,84.3,130.1,-45.8
2023,WR,TE,WR_vs_TE,Brandin Cooks,Dalton Schultz,2197,5001,2469,2514,-45,109,114.3,-5.3
2023,WR,TE,WR_vs_TE,Brandin Cooks,Jake Ferguson,2197,8110,2469,2468,1,109,131.7,-22.7
2023,WR,TE,WR_vs_TE,Brandin Cooks,Isaiah Likely,2197,8131,2469,2444,25,109,76,33
2023,WR,TE,WR_vs_TE,Brandin Cooks,Juwan Johnson,2197,7002,2469,2385,84,109,73.8,35.2
2023,WR,TE,WR_vs_TE,Brandin Cooks,Trey McBride,2197,8130,2469,2378,91,109,130.1,-21.1
2023,WR,TE,WR_vs_TE,Wan'Dale Robinson,Dalton Schultz,8126,5001,2362,2514,-152,64.7,114.3,-49.6
2023,WR,TE,WR_vs_TE,Wan'Dale Robinson,Jake Ferguson,8126,8110,2362,2468,-106,64.7,131.7,-67
2023,WR,TE,WR_vs_TE,Wan'Dale Robinson,Isaiah Likely,8126,8131,2362,2444,-82,64.7,76,-11.3
2023,WR,TE,WR_vs_TE,Wan'Dale Robinson,Juwan Johnson,8126,7002,2362,2385,-23,64.7,73.8,-9.1
2023,WR,TE,WR_vs_TE,Wan'Dale Robinson,Trey McBride,8126,8130,2362,2378,-16,64.7,130.1,-65.4
2023,WR,TE,WR_vs_TE,John Metchie,Dalton Schultz,8147,5001,2343,2514,-171,15.7,114.3,-98.6
2023,WR,TE,WR_vs_TE,John Metchie,Jake Ferguson,8147,8110,2343,2468,-125,15.7,131.7,-116
2023,WR,TE,WR_vs_TE,John Metchie,Isaiah Likely,8147,8131,2343,2444,-101,15.7,76,-60.3
2023,WR,TE,WR_vs_TE,John Metchie,Juwan Johnson,8147,7002,2343,2385,-42,15.7,73.8,-58.1
2023,WR,TE,WR_vs_TE,John Metchie,Trey McBride,8147,8130,2343,2378,-35,15.7,130.1,-114.4
2023,WR,TE,WR_vs_TE,JuJu Smith-Schuster,Jake Ferguson,4040,8110,2308,2468,-160,32,131.7,-99.7
2023,WR,TE,WR_vs_TE,JuJu Smith-Schuster,Isaiah Likely,4040,8131,2308,2444,-136,32,76,-44
2023,WR,TE,WR_vs_TE,JuJu Smith-Schuster,Juwan Johnson,4040,7002,2308,2385,-77,32,73.8,-41.8
2023,WR,TE,WR_vs_TE,JuJu Smith-Schuster,Trey McBride,4040,8130,2308,2378,-70,32,130.1,-98.1
2023,WR,TE,WR_vs_TE,Darnell Mooney,Isaiah Likely,7090,8131,2257,2444,-187,47.9,76,-28.1
2023,WR,TE,WR_vs_TE,Darnell Mooney,Juwan Johnson,7090,7002,2257,2385,-128,47.9,73.8,-25.9
2023,WR,TE,WR_vs_TE,Darnell Mooney,Trey McBride,7090,8130,2257,2378,-121,47.9,130.1,-82.2
2023,WR,TE,WR_vs_TE,Alec Pierce,Isaiah Likely,8142,8131,2256,2444,-188,63.4,76,-12.6
2023,WR,TE,WR_vs_TE,Alec Pierce,Juwan Johnson,8142,7002,2256,2385,-129,63.4,73.8,-10.4
2023,WR,TE,WR_vs_TE,Alec Pierce,Trey McBride,8142,8130,2256,2378,-122,63.4,130.1,-66.7
2023,WR,TE,WR_vs_TE,Tank Dell,Trey McBride,9502,8130,2182,2378,-196,118,130.1,-12.1
2023,WR,TE,WR_vs_TE,Tank Dell,Dawson Knox,9502,5906,2182,2030,152,118,34.4,83.6
2023,WR,TE,WR_vs_TE,Tank Dell,Tyler Higbee,9502,3271,2182,2007,175,118,85,33
2023,WR,TE,WR_vs_TE,Tank Dell,Luke Schoonmaker,9502,10871,2182,2004,178,118,22.5,95.5
2023,WR,TE,WR_vs_TE,Michael Thomas,Dawson Knox,3199,5906,2153,2030,123,50.8,34.4,16.4
2023,WR,TE,WR_vs_TE,Michael Thomas,Tyler Higbee,3199,3271,2153,2007,146,50.8,85,-34.2
2023,WR,TE,WR_vs_TE,Michael Thomas,Luke Schoonmaker,3199,10871,2153,2004,149,50.8,22.5,28.3
2023,WR,TE,WR_vs_TE,Jakobi Meyers,Dawson Knox,5947,5906,2135,2030,105,129,34.4,94.6
2023,WR,TE,WR_vs_TE,Jakobi Meyers,Tyler Higbee,5947,3271,2135,2007,128,129,85,44
2023,WR,TE,WR_vs_TE,Jakobi Meyers,Luke Schoonmaker,5947,10871,2135,2004,131,129,22.5,106.5
2023,WR,TE,WR_vs_TE,Rondale Moore,Dawson Knox,7601,5906,2100,2030,70,61.4,34.4,27
2023,WR,TE,WR_vs_TE,Rondale Moore,Tyler Higbee,7601,3271,2100,2007,93,61.4,85,-23.6
2023,WR,TE,WR_vs_TE,Rondale Moore,Luke Schoonmaker,7601,10871,2100,2004,96,61.4,22.5,38.9
2023,WR,TE,WR_vs_TE,Rondale Moore,Darnell Washington,7601,9479,2100,1916,184,61.4,9.6,51.8
2023,WR,TE,WR_vs_TE,Justyn Ross,Dawson Knox,8140,5906,2041,2030,11,3.6,34.4,-30.8
2023,WR,TE,WR_vs_TE,Justyn Ross,Tyler Higbee,8140,3271,2041,2007,34,3.6,85,-81.4
2023,WR,TE,WR_vs_TE,Justyn Ross,Luke Schoonmaker,8140,10871,2041,2004,37,3.6,22.5,-18.9
2023,WR,TE,WR_vs_TE,Justyn Ross,Darnell Washington,8140,9479,2041,1916,125,3.6,9.6,-6
2023,WR,TE,WR_vs_TE,Donovan Peoples-Jones,Dawson Knox,6824,5906,2023,2030,-7,13,34.4,-21.4
2023,WR,TE,WR_vs_TE,Donovan Peoples-Jones,Tyler Higbee,6824,3271,2023,2007,16,13,85,-72
2023,WR,TE,WR_vs_TE,Donovan Peoples-Jones,Luke Schoonmaker,6824,10871,2023,2004,19,13,22.5,-9.5
2023,WR,TE,WR_vs_TE,Donovan Peoples-Jones,Darnell Washington,6824,9479,2023,1916,107,13,9.6,3.4
2023,WR,TE,WR_vs_TE,Michael Wilson,Dawson Knox,10232,5906,1991,2030,-39,67,34.4,32.6
2023,WR,TE,WR_vs_TE,Michael Wilson,Tyler Higbee,10232,3271,1991,2007,-16,67,85,-18
2023,WR,TE,WR_vs_TE,Michael Wilson,Luke Schoonmaker,10232,10871,1991,2004,-13,67,22.5,44.5
2023,WR,TE,WR_vs_TE,Michael Wilson,Darnell Washington,10232,9479,1991,1916,75,67,9.6,57.4
2023,WR,TE,WR_vs_TE,Puka Nacua,Dawson Knox,9493,5906,1919,2030,-111,183.4,34.4,149
2023,WR,TE,WR_vs_TE,Puka Nacua,Tyler Higbee,9493,3271,1919,2007,-88,183.4,85,98.4
2023,WR,TE,WR_vs_TE,Puka Nacua,Luke Schoonmaker,9493,10871,1919,2004,-85,183.4,22.5,160.9
2023,WR,TE,WR_vs_TE,Puka Nacua,Darnell Washington,9493,9479,1919,1916,3,183.4,9.6,173.8
2023,WR,TE,WR_vs_TE,Puka Nacua,Noah Fant,9493,5857,1919,1740,179,183.4,57.4,126
2023,WR,TE,WR_vs_TE,Allen Lazard,Dawson Knox,5185,5906,1914,2030,-116,37.1,34.4,2.7
2023,WR,TE,WR_vs_TE,Allen Lazard,Tyler Higbee,5185,3271,1914,2007,-93,37.1,85,-47.9
2023,WR,TE,WR_vs_TE,Allen Lazard,Luke Schoonmaker,5185,10871,1914,2004,-90,37.1,22.5,14.6
2023,WR,TE,WR_vs_TE,Allen Lazard,Darnell Washington,5185,9479,1914,1916,-2,37.1,9.6,27.5
2023,WR,TE,WR_vs_TE,Allen Lazard,Noah Fant,5185,5857,1914,1740,174,37.1,57.4,-20.3
2023,WR,TE,WR_vs_TE,Cedric Tillman,Dawson Knox,10444,5906,1912,2030,-118,18.9,34.4,-15.5
2023,WR,TE,WR_vs_TE,Cedric Tillman,Tyler Higbee,10444,3271,1912,2007,-95,18.9,85,-66.1
2023,WR,TE,WR_vs_TE,Cedric Tillman,Luke Schoonmaker,10444,10871,1912,2004,-92,18.9,22.5,-3.6
2023,WR,TE,WR_vs_TE,Cedric Tillman,Darnell Washington,10444,9479,1912,1916,-4,18.9,9.6,9.3
2023,WR,TE,WR_vs_TE,Cedric Tillman,Noah Fant,10444,5857,1912,1740,172,18.9,57.4,-38.5
2023,WR,TE,WR_vs_TE,Tyler Boyd,Dawson Knox,3225,5906,1908,2030,-122,77.4,34.4,43
2023,WR,TE,WR_vs_TE,Tyler Boyd,Tyler Higbee,3225,3271,1908,2007,-99,77.4,85,-7.6
2023,WR,TE,WR_vs_TE,Tyler Boyd,Luke Schoonmaker,3225,10871,1908,2004,-96,77.4,22.5,54.9
2023,WR,TE,WR_vs_TE,Tyler Boyd,Darnell Washington,3225,9479,1908,1916,-8,77.4,9.6,67.8
2023,WR,TE,WR_vs_TE,Tyler Boyd,Noah Fant,3225,5857,1908,1740,168,77.4,57.4,20
2023,WR,TE,WR_vs_TE,Zay Jones,Dawson Knox,4080,5906,1904,2030,-126,39.4,34.4,5
2023,WR,TE,WR_vs_TE,Zay Jones,Tyler Higbee,4080,3271,1904,2007,-103,39.4,85,-45.6
2023,WR,TE,WR_vs_TE,Zay Jones,Luke Schoonmaker,4080,10871,1904,2004,-100,39.4,22.5,16.9
2023,WR,TE,WR_vs_TE,Zay Jones,Darnell Washington,4080,9479,1904,1916,-12,39.4,9.6,29.8
2023,WR,TE,WR_vs_TE,Zay Jones,Noah Fant,4080,5857,1904,1740,164,39.4,57.4,-18
2023,WR,TE,WR_vs_TE,Rashid Shaheed,Dawson Knox,8676,5906,1891,2030,-139,97.1,34.4,62.7
2023,WR,TE,WR_vs_TE,Rashid Shaheed,Tyler Higbee,8676,3271,1891,2007,-116,97.1,85,12.1
2023,WR,TE,WR_vs_TE,Rashid Shaheed,Luke Schoonmaker,8676,10871,1891,2004,-113,97.1,22.5,74.6
2023,WR,TE,WR_vs_TE,Rashid Shaheed,Darnell Washington,8676,9479,1891,1916,-25,97.1,9.6,87.5
2023,WR,TE,WR_vs_TE,Rashid Shaheed,Noah Fant,8676,5857,1891,1740,151,97.1,57.4,39.7
2023,WR,TE,WR_vs_TE,D.J. Chark,Dawson Knox,4951,5906,1880,2030,-150,77.9,34.4,43.5
2023,WR,TE,WR_vs_TE,D.J. Chark,Tyler Higbee,4951,3271,1880,2007,-127,77.9,85,-7.1
2023,WR,TE,WR_vs_TE,D.J. Chark,Luke Schoonmaker,4951,10871,1880,2004,-124,77.9,22.5,55.4
2023,WR,TE,WR_vs_TE,D.J. Chark,Darnell Washington,4951,9479,1880,1916,-36,77.9,9.6,68.3
2023,WR,TE,WR_vs_TE,D.J. Chark,Noah Fant,4951,5857,1880,1740,140,77.9,57.4,20.5
2023,WR,TE,WR_vs_TE,Michael Gallup,Dawson Knox,5038,5906,1867,2030,-163,53.8,34.4,19.4
2023,WR,TE,WR_vs_TE,Michael Gallup,Tyler Higbee,5038,3271,1867,2007,-140,53.8,85,-31.2
2023,WR,TE,WR_vs_TE,Michael Gallup,Luke Schoonmaker,5038,10871,1867,2004,-137,53.8,22.5,31.3
2023,WR,TE,WR_vs_TE,Michael Gallup,Darnell Washington,5038,9479,1867,1916,-49,53.8,9.6,44.2
2023,WR,TE,WR_vs_TE,Michael Gallup,Noah Fant,5038,5857,1867,1740,127,53.8,57.4,-3.6
2023,WR,TE,WR_vs_TE,Isaiah Hodgins,Darnell Washington,6920,9479,1801,1916,-115,35.4,9.6,25.8
2023,WR,TE,WR_vs_TE,Isaiah Hodgins,Noah Fant,6920,5857,1801,1740,61,35.4,57.4,-22
2023,WR,TE,WR_vs_TE,Isaiah Hodgins,Irv Smith,6920,6126,1801,1665,136,35.4,24.5,10.9
2023,WR,TE,WR_vs_TE,Isaiah Hodgins,Cade Otton,6920,8111,1801,1646,155,35.4,89,-53.6
2023,WR,TE,WR_vs_TE,Isaiah Hodgins,Daniel Bellinger,6920,8225,1801,1641,160,35.4,38,-2.6
2023,WR,TE,WR_vs_TE,Isaiah Hodgins,Noah Gray,6920,7828,1801,1636,165,35.4,56.6,-21.2
2023,WR,TE,WR_vs_TE,Van Jefferson,Noah Fant,6853,5857,1698,1740,-42,20,57.4,-37.4
2023,WR,TE,WR_vs_TE,Van Jefferson,Irv Smith,6853,6126,1698,1665,33,20,24.5,-4.5
2023,WR,TE,WR_vs_TE,Van Jefferson,Cade Otton,6853,8111,1698,1646,52,20,89,-69
2023,WR,TE,WR_vs_TE,Van Jefferson,Daniel Bellinger,6853,8225,1698,1641,57,20,38,-18
2023,WR,TE,WR_vs_TE,Van Jefferson,Noah Gray,6853,7828,1698,1636,62,20,56.6,-36.6
2023,WR,TE,WR_vs_TE,Van Jefferson,Mike Gesicki,6853,4993,1698,1534,164,20,49.9,-29.9
2023,WR,TE,WR_vs_TE,Van Jefferson,Gerald Everett,6853,4089,1698,1501,197,20,84.7,-64.7
2023,WR,TE,WR_vs_TE,Odell Beckham,Noah Fant,2078,5857,1675,1740,-65,72.5,57.4,15.1
2023,WR,TE,WR_vs_TE,Odell Beckham,Irv Smith,2078,6126,1675,1665,10,72.5,24.5,48
2023,WR,TE,WR_vs_TE,Odell Beckham,Cade Otton,2078,8111,1675,1646,29,72.5,89,-16.5
2023,WR,TE,WR_vs_TE,Odell Beckham,Daniel Bellinger,2078,8225,1675,1641,34,72.5,38,34.5
2023,WR,TE,WR_vs_TE,Odell Beckham,Noah Gray,2078,7828,1675,1636,39,72.5,56.6,15.9
2023,WR,TE,WR_vs_TE,Odell Beckham,Mike Gesicki,2078,4993,1675,1534,141,72.5,49.9,22.6
2023,WR,TE,WR_vs_TE,Odell Beckham,Gerald Everett,2078,4089,1675,1501,174,72.5,84.7,-12.2
2023,WR,TE,WR_vs_TE,Josh Palmer,Noah Fant,7670,5857,1586,1740,-154,63.7,57.4,6.3
2023,WR,TE,WR_vs_TE,Josh Palmer,Irv Smith,7670,6126,1586,1665,-79,63.7,24.5,39.2
2023,WR,TE,WR_vs_TE,Josh Palmer,Cade Otton,7670,8111,1586,1646,-60,63.7,89,-25.3
2023,WR,TE,WR_vs_TE,Josh Palmer,Daniel Bellinger,7670,8225,1586,1641,-55,63.7,38,25.7
2023,WR,TE,WR_vs_TE,Josh Palmer,Noah Gray,7670,7828,1586,1636,-50,63.7,56.6,7.1
2023,WR,TE,WR_vs_TE,Josh Palmer,Mike Gesicki,7670,4993,1586,1534,52,63.7,49.9,13.8
2023,WR,TE,WR_vs_TE,Josh Palmer,Gerald Everett,7670,4089,1586,1501,85,63.7,84.7,-21
2023,WR,TE,WR_vs_TE,Josh Palmer,Hunter Henry,7670,3214,1586,1454,132,63.7,98.9,-35.2
2023,WR,TE,WR_vs_TE,Josh Palmer,Tucker Kraft,7670,9484,1586,1424,162,63.7,58.4,5.3
2023,WR,TE,WR_vs_TE,Chase Claypool,Noah Fant,6886,5857,1564,1740,-176,13.4,57.4,-44
2023,WR,TE,WR_vs_TE,Chase Claypool,Irv Smith,6886,6126,1564,1665,-101,13.4,24.5,-11.1
2023,WR,TE,WR_vs_TE,Chase Claypool,Cade Otton,6886,8111,1564,1646,-82,13.4,89,-75.6
2023,WR,TE,WR_vs_TE,Chase Claypool,Daniel Bellinger,6886,8225,1564,1641,-77,13.4,38,-24.6
2023,WR,TE,WR_vs_TE,Chase Claypool,Noah Gray,6886,7828,1564,1636,-72,13.4,56.6,-43.2
2023,WR,TE,WR_vs_TE,Chase Claypool,Mike Gesicki,6886,4993,1564,1534,30,13.4,49.9,-36.5
2023,WR,TE,WR_vs_TE,Chase Claypool,Gerald Everett,6886,4089,1564,1501,63,13.4,84.7,-71.3
2023,WR,TE,WR_vs_TE,Chase Claypool,Hunter Henry,6886,3214,1564,1454,110,13.4,98.9,-85.5
2023,WR,TE,WR_vs_TE,Chase Claypool,Tucker Kraft,6886,9484,1564,1424,140,13.4,58.4,-45
2023,WR,TE,WR_vs_TE,K.J. Osborn,Irv Smith,7066,6126,1534,1665,-131,71.1,24.5,46.6
2023,WR,TE,WR_vs_TE,K.J. Osborn,Cade Otton,7066,8111,1534,1646,-112,71.1,89,-17.9
2023,WR,TE,WR_vs_TE,K.J. Osborn,Daniel Bellinger,7066,8225,1534,1641,-107,71.1,38,33.1
2023,WR,TE,WR_vs_TE,K.J. Osborn,Noah Gray,7066,7828,1534,1636,-102,71.1,56.6,14.5
2023,WR,TE,WR_vs_TE,K.J. Osborn,Mike Gesicki,7066,4993,1534,1534,0,71.1,49.9,21.2
2023,WR,TE,WR_vs_TE,K.J. Osborn,Gerald Everett,7066,4089,1534,1501,33,71.1,84.7,-13.6
2023,WR,TE,WR_vs_TE,K.J. Osborn,Hunter Henry,7066,3214,1534,1454,80,71.1,98.9,-27.8
2023,WR,TE,WR_vs_TE,K.J. Osborn,Tucker Kraft,7066,9484,1534,1424,110,71.1,58.4,12.7
2023,WR,TE,WR_vs_TE,Curtis Samuel,Irv Smith,4082,6126,1496,1665,-169,92.2,24.5,67.7
2023,WR,TE,WR_vs_TE,Curtis Samuel,Cade Otton,4082,8111,1496,1646,-150,92.2,89,3.2
2023,WR,TE,WR_vs_TE,Curtis Samuel,Daniel Bellinger,4082,8225,1496,1641,-145,92.2,38,54.2
2023,WR,TE,WR_vs_TE,Curtis Samuel,Noah Gray,4082,7828,1496,1636,-140,92.2,56.6,35.6
2023,WR,TE,WR_vs_TE,Curtis Samuel,Mike Gesicki,4082,4993,1496,1534,-38,92.2,49.9,42.3
2023,WR,TE,WR_vs_TE,Curtis Samuel,Gerald Everett,4082,4089,1496,1501,-5,92.2,84.7,7.5
2023,WR,TE,WR_vs_TE,Curtis Samuel,Hunter Henry,4082,3214,1496,1454,42,92.2,98.9,-6.7
2023,WR,TE,WR_vs_TE,Curtis Samuel,Tucker Kraft,4082,9484,1496,1424,72,92.2,58.4,33.8
2023,WR,TE,WR_vs_TE,Kayshon Boutte,Irv Smith,9504,6126,1482,1665,-183,1.9,24.5,-22.6
2023,WR,TE,WR_vs_TE,Kayshon Boutte,Cade Otton,9504,8111,1482,1646,-164,1.9,89,-87.1
2023,WR,TE,WR_vs_TE,Kayshon Boutte,Daniel Bellinger,9504,8225,1482,1641,-159,1.9,38,-36.1
2023,WR,TE,WR_vs_TE,Kayshon Boutte,Noah Gray,9504,7828,1482,1636,-154,1.9,56.6,-54.7
2023,WR,TE,WR_vs_TE,Kayshon Boutte,Mike Gesicki,9504,4993,1482,1534,-52,1.9,49.9,-48
2023,WR,TE,WR_vs_TE,Kayshon Boutte,Gerald Everett,9504,4089,1482,1501,-19,1.9,84.7,-82.8
2023,WR,TE,WR_vs_TE,Kayshon Boutte,Hunter Henry,9504,3214,1482,1454,28,1.9,98.9,-97
2023,WR,TE,WR_vs_TE,Kayshon Boutte,Tucker Kraft,9504,9484,1482,1424,58,1.9,58.4,-56.5
2023,WR,TE,WR_vs_TE,Kayshon Boutte,Tyler Conklin,9504,5133,1482,1283,199,1.9,90,-88.1
2023,WR,TE,WR_vs_TE,Hunter Renfrow,Cade Otton,5955,8111,1457,1646,-189,23.5,89,-65.5
2023,WR,TE,WR_vs_TE,Hunter Renfrow,Daniel Bellinger,5955,8225,1457,1641,-184,23.5,38,-14.5
2023,WR,TE,WR_vs_TE,Hunter Renfrow,Noah Gray,5955,7828,1457,1636,-179,23.5,56.6,-33.1
2023,WR,TE,WR_vs_TE,Hunter Renfrow,Mike Gesicki,5955,4993,1457,1534,-77,23.5,49.9,-26.4
2023,WR,TE,WR_vs_TE,Hunter Renfrow,Gerald Everett,5955,4089,1457,1501,-44,23.5,84.7,-61.2
2023,WR,TE,WR_vs_TE,Hunter Renfrow,Hunter Henry,5955,3214,1457,1454,3,23.5,98.9,-75.4
2023,WR,TE,WR_vs_TE,Hunter Renfrow,Tucker Kraft,5955,9484,1457,1424,33,23.5,58.4,-34.9
2023,WR,TE,WR_vs_TE,Hunter Renfrow,Tyler Conklin,5955,5133,1457,1283,174,23.5,90,-66.5
2023,WR,TE,WR_vs_TE,Trey Palmer,Cade Otton,9492,8111,1455,1646,-191,55.7,89,-33.3
2023,WR,TE,WR_vs_TE,Trey Palmer,Daniel Bellinger,9492,8225,1455,1641,-186,55.7,38,17.7
2023,WR,TE,WR_vs_TE,Trey Palmer,Noah Gray,9492,7828,1455,1636,-181,55.7,56.6,-0.9
2023,WR,TE,WR_vs_TE,Trey Palmer,Mike Gesicki,9492,4993,1455,1534,-79,55.7,49.9,5.8
2023,WR,TE,WR_vs_TE,Trey Palmer,Gerald Everett,9492,4089,1455,1501,-46,55.7,84.7,-29
2023,WR,TE,WR_vs_TE,Trey Palmer,Hunter Henry,9492,3214,1455,1454,1,55.7,98.9,-43.2
2023,WR,TE,WR_vs_TE,Trey Palmer,Tucker Kraft,9492,9484,1455,1424,31,55.7,58.4,-2.7
2023,WR,TE,WR_vs_TE,Trey Palmer,Tyler Conklin,9492,5133,1455,1283,172,55.7,90,-34.3
2023,WR,TE,WR_vs_TE,Adam Thielen,Mike Gesicki,1689,4993,1427,1534,-107,126.8,49.9,76.9
2023,WR,TE,WR_vs_TE,Adam Thielen,Gerald Everett,1689,4089,1427,1501,-74,126.8,84.7,42.1
2023,WR,TE,WR_vs_TE,Adam Thielen,Hunter Henry,1689,3214,1427,1454,-27,126.8,98.9,27.9
2023,WR,TE,WR_vs_TE,Adam Thielen,Tucker Kraft,1689,9484,1427,1424,3,126.8,58.4,68.4
2023,WR,TE,WR_vs_TE,Adam Thielen,Tyler Conklin,1689,5133,1427,1283,144,126.8,90,36.8
2023,WR,TE,WR_vs_TE,Darius Slayton,Mike Gesicki,6149,4993,1410,1534,-124,88.8,49.9,38.9
2023,WR,TE,WR_vs_TE,Darius Slayton,Gerald Everett,6149,4089,1410,1501,-91,88.8,84.7,4.1
2023,WR,TE,WR_vs_TE,Darius Slayton,Hunter Henry,6149,3214,1410,1454,-44,88.8,98.9,-10.1
2023,WR,TE,WR_vs_TE,Darius Slayton,Tucker Kraft,6149,9484,1410,1424,-14,88.8,58.4,30.4
2023,WR,TE,WR_vs_TE,Darius Slayton,Tyler Conklin,6149,5133,1410,1283,127,88.8,90,-1.2
2023,WR,TE,WR_vs_TE,Darius Slayton,Zach Ertz,6149,1339,1410,1222,188,88.8,38.2,50.6
2023,WR,TE,WR_vs_TE,Parris Campbell,Mike Gesicki,5880,4993,1388,1534,-146,10.4,49.9,-39.5
2023,WR,TE,WR_vs_TE,Parris Campbell,Gerald Everett,5880,4089,1388,1501,-113,10.4,84.7,-74.3
2023,WR,TE,WR_vs_TE,Parris Campbell,Hunter Henry,5880,3214,1388,1454,-66,10.4,98.9,-88.5
2023,WR,TE,WR_vs_TE,Parris Campbell,Tucker Kraft,5880,9484,1388,1424,-36,10.4,58.4,-48
2023,WR,TE,WR_vs_TE,Parris Campbell,Tyler Conklin,5880,5133,1388,1283,105,10.4,90,-79.6
2023,WR,TE,WR_vs_TE,Parris Campbell,Zach Ertz,5880,1339,1388,1222,166,10.4,38.2,-27.8
2023,WR,TE,WR_vs_TE,Mecole Hardman,Mike Gesicki,5917,4993,1385,1534,-149,3,49.9,-46.9
2023,WR,TE,WR_vs_TE,Mecole Hardman,Gerald Everett,5917,4089,1385,1501,-116,3,84.7,-81.7
2023,WR,TE,WR_vs_TE,Mecole Hardman,Hunter Henry,5917,3214,1385,1454,-69,3,98.9,-95.9
2023,WR,TE,WR_vs_TE,Mecole Hardman,Tucker Kraft,5917,9484,1385,1424,-39,3,58.4,-55.4
2023,WR,TE,WR_vs_TE,Mecole Hardman,Tyler Conklin,5917,5133,1385,1283,102,3,90,-87
2023,WR,TE,WR_vs_TE,Mecole Hardman,Zach Ertz,5917,1339,1385,1222,163,3,38.2,-35.2
2023,WR,TE,WR_vs_TE,Terrace Marshall,Mike Gesicki,7565,4993,1371,1534,-163,13.4,49.9,-36.5
2023,WR,TE,WR_vs_TE,Terrace Marshall,Gerald Everett,7565,4089,1371,1501,-130,13.4,84.7,-71.3
2023,WR,TE,WR_vs_TE,Terrace Marshall,Hunter Henry,7565,3214,1371,1454,-83,13.4,98.9,-85.5
2023,WR,TE,WR_vs_TE,Terrace Marshall,Tucker Kraft,7565,9484,1371,1424,-53,13.4,58.4,-45
2023,WR,TE,WR_vs_TE,Terrace Marshall,Tyler Conklin,7565,5133,1371,1283,88,13.4,90,-76.6
2023,WR,TE,WR_vs_TE,Terrace Marshall,Zach Ertz,7565,1339,1371,1222,149,13.4,38.2,-24.8
2023,WR,TE,WR_vs_TE,Marquez Valdes-Scantling,Hunter Henry,5086,3214,1287,1454,-167,35.5,98.9,-63.4
2023,WR,TE,WR_vs_TE,Marquez Valdes-Scantling,Tucker Kraft,5086,9484,1287,1424,-137,35.5,58.4,-22.9
2023,WR,TE,WR_vs_TE,Marquez Valdes-Scantling,Tyler Conklin,5086,5133,1287,1283,4,35.5,90,-54.5
2023,WR,TE,WR_vs_TE,Marquez Valdes-Scantling,Zach Ertz,5086,1339,1287,1222,65,35.5,38.2,-2.7
2023,WR,TE,WR_vs_TE,Calvin Austin III,Hunter Henry,8125,3214,1281,1454,-173,34.9,98.9,-64
2023,WR,TE,WR_vs_TE,Calvin Austin III,Tucker Kraft,8125,9484,1281,1424,-143,34.9,58.4,-23.5
2023,WR,TE,WR_vs_TE,Calvin Austin III,Tyler Conklin,8125,5133,1281,1283,-2,34.9,90,-55.1
2023,WR,TE,WR_vs_TE,Calvin Austin III,Zach Ertz,8125,1339,1281,1222,59,34.9,38.2,-3.3
2023,WR,TE,WR_vs_TE,Xavier Hutchinson,Hunter Henry,10218,3214,1261,1454,-193,13.3,98.9,-85.6
2023,WR,TE,WR_vs_TE,Xavier Hutchinson,Tucker Kraft,10218,9484,1261,1424,-163,13.3,58.4,-45.1
2023,WR,TE,WR_vs_TE,Xavier Hutchinson,Tyler Conklin,10218,5133,1261,1283,-22,13.3,90,-76.7
2023,WR,TE,WR_vs_TE,Xavier Hutchinson,Zach Ertz,10218,1339,1261,1222,39,13.3,38.2,-24.9
2023,WR,TE,WR_vs_TE,Tyquan Thornton,Tucker Kraft,8188,9484,1240,1424,-184,14.2,58.4,-44.2
2023,WR,TE,WR_vs_TE,Tyquan Thornton,Tyler Conklin,8188,5133,1240,1283,-43,14.2,90,-75.8
2023,WR,TE,WR_vs_TE,Tyquan Thornton,Zach Ertz,8188,1339,1240,1222,18,14.2,38.2,-24
2023,WR,TE,WR_vs_TE,Khalil Shakir,Tyler Conklin,8134,5133,1220,1283,-63,63.6,90,-26.4
2023,WR,TE,WR_vs_TE,Khalil Shakir,Zach Ertz,8134,1339,1220,1222,-2,63.6,38.2,25.4
2023,WR,TE,WR_vs_TE,Khalil Shakir,Hayden Hurst,8134,4973,1220,1031,189,63.6,33.4,30.2
2023,WR,TE,WR_vs_TE,Greg Dortch,Tyler Conklin,5970,5133,1183,1283,-100,39.1,90,-50.9
2023,WR,TE,WR_vs_TE,Greg Dortch,Zach Ertz,5970,1339,1183,1222,-39,39.1,38.2,0.9
2023,WR,TE,WR_vs_TE,Greg Dortch,Hayden Hurst,5970,4973,1183,1031,152,39.1,33.4,5.7
2023,WR,TE,WR_vs_TE,A.T. Perry,Tyler Conklin,10863,5133,1138,1283,-145,31.3,90,-58.7
2023,WR,TE,WR_vs_TE,A.T. Perry,Zach Ertz,10863,1339,1138,1222,-84,31.3,38.2,-6.9
2023,WR,TE,WR_vs_TE,A.T. Perry,Hayden Hurst,10863,4973,1138,1031,107,31.3,33.4,-2.1
2023,WR,TE,WR_vs_TE,Jalen Tolbert,Zach Ertz,8117,1339,1048,1222,-174,30,38.2,-8.2
2023,WR,TE,WR_vs_TE,Jalen Tolbert,Hayden Hurst,8117,4973,1048,1031,17,30,33.4,-3.4
2023,WR,TE,WR_vs_TE,Jalen Tolbert,Cole Turner,8117,8214,1048,931,117,30,17.5,12.5
2023,WR,TE,WR_vs_TE,Jalen Tolbert,Brenton Strange,8117,9480,1048,904,144,30,12,18
2023,WR,TE,WR_vs_TE,Jalen Tolbert,Brevin Jordan,8117,7568,1048,882,166,30,42.4,-12.4
2023,WR,TE,WR_vs_TE,Jalen Tolbert,Adam Trautman,8117,6869,1048,848,200,30,46.8,-16.8
2023,WR,TE,WR_vs_TE,Richie James,Zach Ertz,5137,1339,1046,1222,-176,7.9,38.2,-30.3
2023,WR,TE,WR_vs_TE,Richie James,Hayden Hurst,5137,4973,1046,1031,15,7.9,33.4,-25.5
2023,WR,TE,WR_vs_TE,Richie James,Cole Turner,5137,8214,1046,931,115,7.9,17.5,-9.6
2023,WR,TE,WR_vs_TE,Richie James,Brenton Strange,5137,9480,1046,904,142,7.9,12,-4.1
2023,WR,TE,WR_vs_TE,Richie James,Brevin Jordan,5137,7568,1046,882,164,7.9,42.4,-34.5
2023,WR,TE,WR_vs_TE,Richie James,Adam Trautman,5137,6869,1046,848,198,7.9,46.8,-38.9
2023,WR,TE,WR_vs_TE,Tutu Atwell,Hayden Hurst,7562,4973,1014,1031,-17,71.1,33.4,37.7
2023,WR,TE,WR_vs_TE,Tutu Atwell,Cole Turner,7562,8214,1014,931,83,71.1,17.5,53.6
2023,WR,TE,WR_vs_TE,Tutu Atwell,Brenton Strange,7562,9480,1014,904,110,71.1,12,59.1
2023,WR,TE,WR_vs_TE,Tutu Atwell,Brevin Jordan,7562,7568,1014,882,132,71.1,42.4,28.7
2023,WR,TE,WR_vs_TE,Tutu Atwell,Adam Trautman,7562,6869,1014,848,166,71.1,46.8,24.3
2023,WR,TE,WR_vs_TE,Tutu Atwell,Jeremy Ruckert,7562,8145,1014,845,169,71.1,23.1,48
2023,WR,TE,WR_vs_TE,Tutu Atwell,Harrison Bryant,7562,6850,1014,822,192,71.1,31.4,39.7
2023,WR,TE,WR_vs_TE,Tutu Atwell,Tommy Tremble,7562,7694,1014,818,196,71.1,46.8,24.3
2023,WR,TE,WR_vs_TE,Dyami Brown,Hayden Hurst,7587,4973,996,1031,-35,22.8,33.4,-10.6
2023,WR,TE,WR_vs_TE,Dyami Brown,Cole Turner,7587,8214,996,931,65,22.8,17.5,5.3
2023,WR,TE,WR_vs_TE,Dyami Brown,Brenton Strange,7587,9480,996,904,92,22.8,12,10.8
2023,WR,TE,WR_vs_TE,Dyami Brown,Brevin Jordan,7587,7568,996,882,114,22.8,42.4,-19.6
2023,WR,TE,WR_vs_TE,Dyami Brown,Adam Trautman,7587,6869,996,848,148,22.8,46.8,-24
2023,WR,TE,WR_vs_TE,Dyami Brown,Jeremy Ruckert,7587,8145,996,845,151,22.8,23.1,-0.3
2023,WR,TE,WR_vs_TE,Dyami Brown,Harrison Bryant,7587,6850,996,822,174,22.8,31.4,-8.6
2023,WR,TE,WR_vs_TE,Dyami Brown,Tommy Tremble,7587,7694,996,818,178,22.8,46.8,-24
2023,WR,TE,WR_vs_TE,Dyami Brown,Foster Moreau,7587,5985,996,812,184,22.8,35,-12.2
2023,WR,TE,WR_vs_TE,Dyami Brown,Elijah Higgins,7587,10231,996,801,195,22.8,25.1,-2.3
2023,WR,TE,WR_vs_TE,Demario Douglas,Hayden Hurst,9501,4973,954,1031,-77,56.9,33.4,23.5
2023,WR,TE,WR_vs_TE,Demario Douglas,Cole Turner,9501,8214,954,931,23,56.9,17.5,39.4
2023,WR,TE,WR_vs_TE,Demario Douglas,Brenton Strange,9501,9480,954,904,50,56.9,12,44.9
2023,WR,TE,WR_vs_TE,Demario Douglas,Brevin Jordan,9501,7568,954,882,72,56.9,42.4,14.5
2023,WR,TE,WR_vs_TE,Demario Douglas,Adam Trautman,9501,6869,954,848,106,56.9,46.8,10.1
2023,WR,TE,WR_vs_TE,Demario Douglas,Jeremy Ruckert,9501,8145,954,845,109,56.9,23.1,33.8
2023,WR,TE,WR_vs_TE,Demario Douglas,Harrison Bryant,9501,6850,954,822,132,56.9,31.4,25.5
2023,WR,TE,WR_vs_TE,Demario Douglas,Tommy Tremble,9501,7694,954,818,136,56.9,46.8,10.1
2023,WR,TE,WR_vs_TE,Demario Douglas,Foster Moreau,9501,5985,954,812,142,56.9,35,21.9
2023,WR,TE,WR_vs_TE,Demario Douglas,Elijah Higgins,9501,10231,954,801,153,56.9,25.1,31.8
2023,WR,TE,WR_vs_TE,Demario Douglas,Brock Wright,9501,7891,954,758,196,56.9,21.6,35.3
2023,WR,TE,WR_vs_TE,David Bell,Hayden Hurst,8118,4973,942,1031,-89,15.9,33.4,-17.5
2023,WR,TE,WR_vs_TE,David Bell,Cole Turner,8118,8214,942,931,11,15.9,17.5,-1.6
2023,WR,TE,WR_vs_TE,David Bell,Brenton Strange,8118,9480,942,904,38,15.9,12,3.9
2023,WR,TE,WR_vs_TE,David Bell,Brevin Jordan,8118,7568,942,882,60,15.9,42.4,-26.5
2023,WR,TE,WR_vs_TE,David Bell,Adam Trautman,8118,6869,942,848,94,15.9,46.8,-30.9
2023,WR,TE,WR_vs_TE,David Bell,Jeremy Ruckert,8118,8145,942,845,97,15.9,23.1,-7.2
2023,WR,TE,WR_vs_TE,David Bell,Harrison Bryant,8118,6850,942,822,120,15.9,31.4,-15.5
2023,WR,TE,WR_vs_TE,David Bell,Tommy Tremble,8118,7694,942,818,124,15.9,46.8,-30.9
2023,WR,TE,WR_vs_TE,David Bell,Foster Moreau,8118,5985,942,812,130,15.9,35,-19.1
2023,WR,TE,WR_vs_TE,David Bell,Elijah Higgins,8118,10231,942,801,141,15.9,25.1,-9.2
2023,WR,TE,WR_vs_TE,David Bell,Brock Wright,8118,7891,942,758,184,15.9,21.6,-5.7
2023,WR,TE,WR_vs_TE,DeVante Parker,Hayden Hurst,2319,4973,940,1031,-91,38.8,33.4,5.4
2023,WR,TE,WR_vs_TE,DeVante Parker,Cole Turner,2319,8214,940,931,9,38.8,17.5,21.3
2023,WR,TE,WR_vs_TE,DeVante Parker,Brenton Strange,2319,9480,940,904,36,38.8,12,26.8
2023,WR,TE,WR_vs_TE,DeVante Parker,Brevin Jordan,2319,7568,940,882,58,38.8,42.4,-3.6
2023,WR,TE,WR_vs_TE,DeVante Parker,Adam Trautman,2319,6869,940,848,92,38.8,46.8,-8
2023,WR,TE,WR_vs_TE,DeVante Parker,Jeremy Ruckert,2319,8145,940,845,95,38.8,23.1,15.7
2023,WR,TE,WR_vs_TE,DeVante Parker,Harrison Bryant,2319,6850,940,822,118,38.8,31.4,7.4
2023,WR,TE,WR_vs_TE,DeVante Parker,Tommy Tremble,2319,7694,940,818,122,38.8,46.8,-8
2023,WR,TE,WR_vs_TE,DeVante Parker,Foster Moreau,2319,5985,940,812,128,38.8,35,3.8
2023,WR,TE,WR_vs_TE,DeVante Parker,Elijah Higgins,2319,10231,940,801,139,38.8,25.1,13.7
2023,WR,TE,WR_vs_TE,DeVante Parker,Brock Wright,2319,7891,940,758,182,38.8,21.6,17.2
2023,WR,TE,WR_vs_TE,Kendrick Bourne,Hayden Hurst,4454,4973,928,1031,-103,63,33.4,29.6
2023,WR,TE,WR_vs_TE,Kendrick Bourne,Cole Turner,4454,8214,928,931,-3,63,17.5,45.5
2023,WR,TE,WR_vs_TE,Kendrick Bourne,Brenton Strange,4454,9480,928,904,24,63,12,51
2023,WR,TE,WR_vs_TE,Kendrick Bourne,Brevin Jordan,4454,7568,928,882,46,63,42.4,20.6
2023,WR,TE,WR_vs_TE,Kendrick Bourne,Adam Trautman,4454,6869,928,848,80,63,46.8,16.2
2023,WR,TE,WR_vs_TE,Kendrick Bourne,Jeremy Ruckert,4454,8145,928,845,83,63,23.1,39.9
2023,WR,TE,WR_vs_TE,Kendrick Bourne,Harrison Bryant,4454,6850,928,822,106,63,31.4,31.6
2023,WR,TE,WR_vs_TE,Kendrick Bourne,Tommy Tremble,4454,7694,928,818,110,63,46.8,16.2
2023,WR,TE,WR_vs_TE,Kendrick Bourne,Foster Moreau,4454,5985,928,812,116,63,35,28
2023,WR,TE,WR_vs_TE,Kendrick Bourne,Elijah Higgins,4454,10231,928,801,127,63,25.1,37.9
2023,WR,TE,WR_vs_TE,Kendrick Bourne,Brock Wright,4454,7891,928,758,170,63,21.6,41.4
2023,WR,TE,WR_vs_TE,Tyler Scott,Hayden Hurst,9490,4973,920,1031,-111,17.7,33.4,-15.7
2023,WR,TE,WR_vs_TE,Tyler Scott,Cole Turner,9490,8214,920,931,-11,17.7,17.5,0.2
2023,WR,TE,WR_vs_TE,Tyler Scott,Brenton Strange,9490,9480,920,904,16,17.7,12,5.7
2023,WR,TE,WR_vs_TE,Tyler Scott,Brevin Jordan,9490,7568,920,882,38,17.7,42.4,-24.7
2023,WR,TE,WR_vs_TE,Tyler Scott,Adam Trautman,9490,6869,920,848,72,17.7,46.8,-29.1
2023,WR,TE,WR_vs_TE,Tyler Scott,Jeremy Ruckert,9490,8145,920,845,75,17.7,23.1,-5.4
2023,WR,TE,WR_vs_TE,Tyler Scott,Harrison Bryant,9490,6850,920,822,98,17.7,31.4,-13.7
2023,WR,TE,WR_vs_TE,Tyler Scott,Tommy Tremble,9490,7694,920,818,102,17.7,46.8,-29.1
2023,WR,TE,WR_vs_TE,Tyler Scott,Foster Moreau,9490,5985,920,812,108,17.7,35,-17.3
2023,WR,TE,WR_vs_TE,Tyler Scott,Elijah Higgins,9490,10231,920,801,119,17.7,25.1,-7.4
2023,WR,TE,WR_vs_TE,Tyler Scott,Brock Wright,9490,7891,920,758,162,17.7,21.6,-3.9
2023,WR,TE,WR_vs_TE,Charlie Jones,Hayden Hurst,10228,4973,896,1031,-135,7.5,33.4,-25.9
2023,WR,TE,WR_vs_TE,Charlie Jones,Cole Turner,10228,8214,896,931,-35,7.5,17.5,-10
2023,WR,TE,WR_vs_TE,Charlie Jones,Brenton Strange,10228,9480,896,904,-8,7.5,12,-4.5
2023,WR,TE,WR_vs_TE,Charlie Jones,Brevin Jordan,10228,7568,896,882,14,7.5,42.4,-34.9
2023,WR,TE,WR_vs_TE,Charlie Jones,Adam Trautman,10228,6869,896,848,48,7.5,46.8,-39.3
2023,WR,TE,WR_vs_TE,Charlie Jones,Jeremy Ruckert,10228,8145,896,845,51,7.5,23.1,-15.6
2023,WR,TE,WR_vs_TE,Charlie Jones,Harrison Bryant,10228,6850,896,822,74,7.5,31.4,-23.9
2023,WR,TE,WR_vs_TE,Charlie Jones,Tommy Tremble,10228,7694,896,818,78,7.5,46.8,-39.3
2023,WR,TE,WR_vs_TE,Charlie Jones,Foster Moreau,10228,5985,896,812,84,7.5,35,-27.5
2023,WR,TE,WR_vs_TE,Charlie Jones,Elijah Higgins,10228,10231,896,801,95,7.5,25.1,-17.6
2023,WR,TE,WR_vs_TE,Charlie Jones,Brock Wright,10228,7891,896,758,138,7.5,21.6,-14.1
2023,WR,TE,WR_vs_TE,Laviska Shenault,Hayden Hurst,6814,4973,844,1031,-187,11.5,33.4,-21.9
2023,WR,TE,WR_vs_TE,Laviska Shenault,Cole Turner,6814,8214,844,931,-87,11.5,17.5,-6
2023,WR,TE,WR_vs_TE,Laviska Shenault,Brenton Strange,6814,9480,844,904,-60,11.5,12,-0.5
2023,WR,TE,WR_vs_TE,Laviska Shenault,Brevin Jordan,6814,7568,844,882,-38,11.5,42.4,-30.9
2023,WR,TE,WR_vs_TE,Laviska Shenault,Adam Trautman,6814,6869,844,848,-4,11.5,46.8,-35.3
2023,WR,TE,WR_vs_TE,Laviska Shenault,Jeremy Ruckert,6814,8145,844,845,-1,11.5,23.1,-11.6
2023,WR,TE,WR_vs_TE,Laviska Shenault,Harrison Bryant,6814,6850,844,822,22,11.5,31.4,-19.9
2023,WR,TE,WR_vs_TE,Laviska Shenault,Tommy Tremble,6814,7694,844,818,26,11.5,46.8,-35.3
2023,WR,TE,WR_vs_TE,Laviska Shenault,Foster Moreau,6814,5985,844,812,32,11.5,35,-23.5
2023,WR,TE,WR_vs_TE,Laviska Shenault,Elijah Higgins,6814,10231,844,801,43,11.5,25.1,-13.6
2023,WR,TE,WR_vs_TE,Laviska Shenault,Brock Wright,6814,7891,844,758,86,11.5,21.6,-10.1
2023,WR,TE,WR_vs_TE,Robert Woods,Hayden Hurst,1352,4973,838,1031,-193,49.3,33.4,15.9
2023,WR,TE,WR_vs_TE,Robert Woods,Cole Turner,1352,8214,838,931,-93,49.3,17.5,31.8
2023,WR,TE,WR_vs_TE,Robert Woods,Brenton Strange,1352,9480,838,904,-66,49.3,12,37.3
2023,WR,TE,WR_vs_TE,Robert Woods,Brevin Jordan,1352,7568,838,882,-44,49.3,42.4,6.9
2023,WR,TE,WR_vs_TE,Robert Woods,Adam Trautman,1352,6869,838,848,-10,49.3,46.8,2.5
2023,WR,TE,WR_vs_TE,Robert Woods,Jeremy Ruckert,1352,8145,838,845,-7,49.3,23.1,26.2
2023,WR,TE,WR_vs_TE,Robert Woods,Harrison Bryant,1352,6850,838,822,16,49.3,31.4,17.9
2023,WR,TE,WR_vs_TE,Robert Woods,Tommy Tremble,1352,7694,838,818,20,49.3,46.8,2.5
2023,WR,TE,WR_vs_TE,Robert Woods,Foster Moreau,1352,5985,838,812,26,49.3,35,14.3
2023,WR,TE,WR_vs_TE,Robert Woods,Elijah Higgins,1352,10231,838,801,37,49.3,25.1,24.2
2023,WR,TE,WR_vs_TE,Robert Woods,Brock Wright,1352,7891,838,758,80,49.3,21.6,27.7
2023,WR,TE,WR_vs_TE,Rakim Jarrett,Cole Turner,9495,8214,765,931,-166,6,17.5,-11.5
2023,WR,TE,WR_vs_TE,Rakim Jarrett,Brenton Strange,9495,9480,765,904,-139,6,12,-6
2023,WR,TE,WR_vs_TE,Rakim Jarrett,Brevin Jordan,9495,7568,765,882,-117,6,42.4,-36.4
2023,WR,TE,WR_vs_TE,Rakim Jarrett,Adam Trautman,9495,6869,765,848,-83,6,46.8,-40.8
2023,WR,TE,WR_vs_TE,Rakim Jarrett,Jeremy Ruckert,9495,8145,765,845,-80,6,23.1,-17.1
2023,WR,TE,WR_vs_TE,Rakim Jarrett,Harrison Bryant,9495,6850,765,822,-57,6,31.4,-25.4
2023,WR,TE,WR_vs_TE,Rakim Jarrett,Tommy Tremble,9495,7694,765,818,-53,6,46.8,-40.8
2023,WR,TE,WR_vs_TE,Rakim Jarrett,Foster Moreau,9495,5985,765,812,-47,6,35,-29
2023,WR,TE,WR_vs_TE,Rakim Jarrett,Elijah Higgins,9495,10231,765,801,-36,6,25.1,-19.1
2023,WR,TE,WR_vs_TE,Rakim Jarrett,Brock Wright,9495,7891,765,758,7,6,21.6,-15.6
2023,WR,TE,WR_vs_TE,Devin Duvernay,Cole Turner,6847,8214,761,931,-170,3.3,17.5,-14.2
2023,WR,TE,WR_vs_TE,Devin Duvernay,Brenton Strange,6847,9480,761,904,-143,3.3,12,-8.7
2023,WR,TE,WR_vs_TE,Devin Duvernay,Brevin Jordan,6847,7568,761,882,-121,3.3,42.4,-39.1
2023,WR,TE,WR_vs_TE,Devin Duvernay,Adam Trautman,6847,6869,761,848,-87,3.3,46.8,-43.5
2023,WR,TE,WR_vs_TE,Devin Duvernay,Jeremy Ruckert,6847,8145,761,845,-84,3.3,23.1,-19.8
2023,WR,TE,WR_vs_TE,Devin Duvernay,Harrison Bryant,6847,6850,761,822,-61,3.3,31.4,-28.1
2023,WR,TE,WR_vs_TE,Devin Duvernay,Tommy Tremble,6847,7694,761,818,-57,3.3,46.8,-43.5
2023,WR,TE,WR_vs_TE,Devin Duvernay,Foster Moreau,6847,5985,761,812,-51,3.3,35,-31.7
2023,WR,TE,WR_vs_TE,Devin Duvernay,Elijah Higgins,6847,10231,761,801,-40,3.3,25.1,-21.8
2023,WR,TE,WR_vs_TE,Devin Duvernay,Brock Wright,6847,7891,761,758,3,3.3,21.6,-18.3
2023,WR,TE,WR_vs_TE,Josh Reynolds,Cole Turner,4171,8214,749,931,-182,84.4,17.5,66.9
2023,WR,TE,WR_vs_TE,Josh Reynolds,Brenton Strange,4171,9480,749,904,-155,84.4,12,72.4
2023,WR,TE,WR_vs_TE,Josh Reynolds,Brevin Jordan,4171,7568,749,882,-133,84.4,42.4,42
2023,WR,TE,WR_vs_TE,Josh Reynolds,Adam Trautman,4171,6869,749,848,-99,84.4,46.8,37.6
2023,WR,TE,WR_vs_TE,Josh Reynolds,Jeremy Ruckert,4171,8145,749,845,-96,84.4,23.1,61.3
2023,WR,TE,WR_vs_TE,Josh Reynolds,Harrison Bryant,4171,6850,749,822,-73,84.4,31.4,53
2023,WR,TE,WR_vs_TE,Josh Reynolds,Tommy Tremble,4171,7694,749,818,-69,84.4,46.8,37.6
2023,WR,TE,WR_vs_TE,Josh Reynolds,Foster Moreau,4171,5985,749,812,-63,84.4,35,49.4
2023,WR,TE,WR_vs_TE,Josh Reynolds,Elijah Higgins,4171,10231,749,801,-52,84.4,25.1,59.3
2023,WR,TE,WR_vs_TE,Josh Reynolds,Brock Wright,4171,7891,749,758,-9,84.4,21.6,62.8
2023,WR,TE,WR_vs_TE,Kyle Philips,Cole Turner,8171,8214,743,931,-188,14.6,17.5,-2.9
2023,WR,TE,WR_vs_TE,Kyle Philips,Brenton Strange,8171,9480,743,904,-161,14.6,12,2.6
2023,WR,TE,WR_vs_TE,Kyle Philips,Brevin Jordan,8171,7568,743,882,-139,14.6,42.4,-27.8
2023,WR,TE,WR_vs_TE,Kyle Philips,Adam Trautman,8171,6869,743,848,-105,14.6,46.8,-32.2
2023,WR,TE,WR_vs_TE,Kyle Philips,Jeremy Ruckert,8171,8145,743,845,-102,14.6,23.1,-8.5
2023,WR,TE,WR_vs_TE,Kyle Philips,Harrison Bryant,8171,6850,743,822,-79,14.6,31.4,-16.8
2023,WR,TE,WR_vs_TE,Kyle Philips,Tommy Tremble,8171,7694,743,818,-75,14.6,46.8,-32.2
2023,WR,TE,WR_vs_TE,Kyle Philips,Foster Moreau,8171,5985,743,812,-69,14.6,35,-20.4
2023,WR,TE,WR_vs_TE,Kyle Philips,Elijah Higgins,8171,10231,743,801,-58,14.6,25.1,-10.5
2023,WR,TE,WR_vs_TE,Kyle Philips,Brock Wright,8171,7891,743,758,-15,14.6,21.6,-7
2024,QB,RB,QB_vs_RB,Lamar Jackson,Bijan Robinson,4881,9509,8641,8695,-54,407.4,251.4,156
2024,QB,RB,QB_vs_RB,Jalen Hurts,Bijan Robinson,6904,9509,8621,8695,-74,315.1,251.4,63.7
2024,QB,RB,QB_vs_RB,Caleb Williams,Breece Hall,11560,8155,8226,8273,-47,243.6,168.7,74.9
2024,QB,RB,QB_vs_RB,Joe Burrow,Jahmyr Gibbs,6770,9221,7517,7319,198,359.8,269.9,89.9
2024,QB,RB,QB_vs_RB,Jordan Love,Jahmyr Gibbs,6804,9221,7370,7319,51,231.1,269.9,-38.8
2024,QB,RB,QB_vs_RB,Jordan Love,Christian McCaffrey,6804,4034,7370,7268,102,231.1,32.8,198.3
2024,QB,RB,QB_vs_RB,Anthony Richardson,Jahmyr Gibbs,9229,9221,7220,7319,-99,162.4,269.9,-107.5
2024,QB,RB,QB_vs_RB,Anthony Richardson,Christian McCaffrey,9229,4034,7220,7268,-48,162.4,32.8,129.6
2024,QB,RB,QB_vs_RB,Trevor Lawrence,Jonathan Taylor,7523,6813,5963,6050,-87,145.2,202.7,-57.5
2024,QB,RB,QB_vs_RB,Trevor Lawrence,De'Von Achane,7523,9226,5963,5905,58,145.2,203.8,-58.6
2024,QB,RB,QB_vs_RB,Brock Purdy,Travis Etienne,8183,7543,5541,5470,71,266.9,85.2,181.7
2024,QB,RB,QB_vs_RB,Dak Prescott,Travis Etienne,3294,7543,5387,5470,-83,116.5,85.2,31.3
2024,QB,RB,QB_vs_RB,Tua Tagovailoa,Travis Etienne,6768,7543,5303,5470,-167,181.6,85.2,96.4
2024,QB,RB,QB_vs_RB,Tua Tagovailoa,Saquon Barkley,6768,4866,5303,5152,151,181.6,322.3,-140.7
2024,QB,RB,QB_vs_RB,Tua Tagovailoa,Kyren Williams,6768,8150,5303,5142,161,181.6,238.1,-56.5
2024,QB,RB,QB_vs_RB,Tua Tagovailoa,Kenneth Walker III,6768,8151,5303,5112,191,181.6,135.2,46.4
2024,QB,RB,QB_vs_RB,Drake Maye,Isiah Pacheco,11564,8205,4904,4963,-59,177.1,44.9,132.2
2024,QB,RB,QB_vs_RB,Jared Goff,Isiah Pacheco,3163,8205,4836,4963,-127,314.2,44.9,269.3
2024,QB,RB,QB_vs_RB,Jared Goff,James Cook,3163,8138,4836,4694,142,314.2,225.9,88.3
2024,QB,RB,QB_vs_RB,Jared Goff,Jonathon Brooks,3163,11583,4836,4694,142,314.2,4.5,309.7
2024,QB,RB,QB_vs_RB,Bo Nix,Josh Jacobs,11563,5850,4478,4407,71,282.7,246.5,36.2
2024,QB,RB,QB_vs_RB,Bryce Young,Rachaad White,9228,8136,3952,4070,-118,158.6,148.6,10
2024,QB,RB,QB_vs_RB,Michael Penix Jr.,Derrick Henry,11559,3198,3831,3719,112,19.1,289.3,-270.2
2024,QB,RB,QB_vs_RB,Michael Penix Jr.,Trey Benson,11559,11589,3831,3653,178,19.1,41,-21.9
2024,QB,RB,QB_vs_RB,Will Levis,Derrick Henry,9999,3198,3784,3719,65,108.1,289.3,-181.2
2024,QB,RB,QB_vs_RB,Will Levis,Trey Benson,9999,11589,3784,3653,131,108.1,41,67.1
2024,QB,RB,QB_vs_RB,Baker Mayfield,Tyjae Spears,4892,9508,3403,3406,-3,344.2,83.6,260.6
2024,QB,RB,QB_vs_RB,Baker Mayfield,D'Andre Swift,4892,6790,3403,3377,26,344.2,160,184.2
2024,QB,RB,QB_vs_RB,Baker Mayfield,Joe Mixon,4892,4018,3403,3343,60,344.2,201.7,142.5
2024,QB,RB,QB_vs_RB,Baker Mayfield,Javonte Williams,4892,7588,3403,3341,62,344.2,98.1,246.1
2024,QB,RB,QB_vs_RB,Baker Mayfield,Rhamondre Stevenson,4892,7611,3403,3337,66,344.2,142.9,201.3
2024,QB,RB,QB_vs_RB,Baker Mayfield,Alvin Kamara,4892,4035,3403,3309,94,344.2,197.3,146.9
2024,QB,RB,QB_vs_RB,Baker Mayfield,David Montgomery,4892,5892,3403,3284,119,344.2,185.7,158.5
2024,QB,RB,QB_vs_RB,Baker Mayfield,Blake Corum,4892,11586,3403,3244,159,344.2,24.3,319.9
2024,QB,RB,QB_vs_RB,Baker Mayfield,Najee Harris,4892,7528,3403,3236,167,344.2,157,187.2
2024,QB,RB,QB_vs_RB,Baker Mayfield,Zamir White,4892,8139,3403,3218,185,344.2,23.3,320.9
2024,QB,RB,QB_vs_RB,Baker Mayfield,Brian Robinson,4892,8154,3403,3216,187,344.2,138.2,206
2024,QB,RB,QB_vs_RB,Kirk Cousins,Tyjae Spears,1166,9508,3274,3406,-132,176.3,83.6,92.7
2024,QB,RB,QB_vs_RB,Kirk Cousins,D'Andre Swift,1166,6790,3274,3377,-103,176.3,160,16.3
2024,QB,RB,QB_vs_RB,Kirk Cousins,Joe Mixon,1166,4018,3274,3343,-69,176.3,201.7,-25.4
2024,QB,RB,QB_vs_RB,Kirk Cousins,Javonte Williams,1166,7588,3274,3341,-67,176.3,98.1,78.2
2024,QB,RB,QB_vs_RB,Kirk Cousins,Rhamondre Stevenson,1166,7611,3274,3337,-63,176.3,142.9,33.4
2024,QB,RB,QB_vs_RB,Kirk Cousins,Alvin Kamara,1166,4035,3274,3309,-35,176.3,197.3,-21
2024,QB,RB,QB_vs_RB,Kirk Cousins,David Montgomery,1166,5892,3274,3284,-10,176.3,185.7,-9.4
2024,QB,RB,QB_vs_RB,Kirk Cousins,Blake Corum,1166,11586,3274,3244,30,176.3,24.3,152
2024,QB,RB,QB_vs_RB,Kirk Cousins,Najee Harris,1166,7528,3274,3236,38,176.3,157,19.3
2024,QB,RB,QB_vs_RB,Kirk Cousins,Zamir White,1166,8139,3274,3218,56,176.3,23.3,153
2024,QB,RB,QB_vs_RB,Kirk Cousins,Brian Robinson,1166,8154,3274,3216,58,176.3,138.2,38.1
2024,QB,RB,QB_vs_RB,Kirk Cousins,Jaylen Warren,1166,8228,3274,3161,113,176.3,84,92.3
2024,QB,RB,QB_vs_RB,Kirk Cousins,Chase Brown,1166,9224,3274,3117,157,176.3,201,-24.7
2024,QB,RB,QB_vs_RB,Kirk Cousins,Jerome Ford,1166,8143,3274,3095,179,176.3,97,79.3
2024,QB,RB,QB_vs_RB,Kirk Cousins,James Conner,1166,4137,3274,3093,181,176.3,206.8,-30.5
2024,QB,RB,QB_vs_RB,Kirk Cousins,Jaylen Wright,1166,11643,3274,3086,188,176.3,24.1,152.2
2024,QB,RB,QB_vs_RB,Matthew Stafford,David Montgomery,421,5892,3099,3284,-185,214.6,185.7,28.9
2024,QB,RB,QB_vs_RB,Matthew Stafford,Blake Corum,421,11586,3099,3244,-145,214.6,24.3,190.3
2024,QB,RB,QB_vs_RB,Matthew Stafford,Najee Harris,421,7528,3099,3236,-137,214.6,157,57.6
2024,QB,RB,QB_vs_RB,Matthew Stafford,Zamir White,421,8139,3099,3218,-119,214.6,23.3,191.3
2024,QB,RB,QB_vs_RB,Matthew Stafford,Brian Robinson,421,8154,3099,3216,-117,214.6,138.2,76.4
2024,QB,RB,QB_vs_RB,Matthew Stafford,Jaylen Warren,421,8228,3099,3161,-62,214.6,84,130.6
2024,QB,RB,QB_vs_RB,Matthew Stafford,Chase Brown,421,9224,3099,3117,-18,214.6,201,13.6
2024,QB,RB,QB_vs_RB,Matthew Stafford,Jerome Ford,421,8143,3099,3095,4,214.6,97,117.6
2024,QB,RB,QB_vs_RB,Matthew Stafford,James Conner,421,4137,3099,3093,6,214.6,206.8,7.8
2024,QB,RB,QB_vs_RB,Matthew Stafford,Jaylen Wright,421,11643,3099,3086,13,214.6,24.1,190.5
2024,QB,RB,QB_vs_RB,Matthew Stafford,Tony Pollard,421,5967,3099,2997,102,214.6,153.5,61.1
2024,QB,RB,QB_vs_RB,Matthew Stafford,Aaron Jones,421,4199,3099,2917,182,214.6,183.1,31.5
2024,QB,RB,QB_vs_RB,Deshaun Watson,Blake Corum,4017,11586,3055,3244,-189,76.7,24.3,52.4
2024,QB,RB,QB_vs_RB,Deshaun Watson,Najee Harris,4017,7528,3055,3236,-181,76.7,157,-80.3
2024,QB,RB,QB_vs_RB,Deshaun Watson,Zamir White,4017,8139,3055,3218,-163,76.7,23.3,53.4
2024,QB,RB,QB_vs_RB,Deshaun Watson,Brian Robinson,4017,8154,3055,3216,-161,76.7,138.2,-61.5
2024,QB,RB,QB_vs_RB,Deshaun Watson,Jaylen Warren,4017,8228,3055,3161,-106,76.7,84,-7.3
2024,QB,RB,QB_vs_RB,Deshaun Watson,Chase Brown,4017,9224,3055,3117,-62,76.7,201,-124.3
2024,QB,RB,QB_vs_RB,Deshaun Watson,Jerome Ford,4017,8143,3055,3095,-40,76.7,97,-20.3
2024,QB,RB,QB_vs_RB,Deshaun Watson,James Conner,4017,4137,3055,3093,-38,76.7,206.8,-130.1
2024,QB,RB,QB_vs_RB,Deshaun Watson,Jaylen Wright,4017,11643,3055,3086,-31,76.7,24.1,52.6
2024,QB,RB,QB_vs_RB,Deshaun Watson,Tony Pollard,4017,5967,3055,2997,58,76.7,153.5,-76.8
2024,QB,RB,QB_vs_RB,Deshaun Watson,Aaron Jones,4017,4199,3055,2917,138,76.7,183.1,-106.4
2024,QB,RB,QB_vs_RB,Justin Fields,Zach Charbonnet,7591,9753,2688,2839,-151,119.1,135.8,-16.7
2024,QB,RB,QB_vs_RB,Justin Fields,MarShawn Lloyd,7591,11581,2688,2814,-126,119.1,1.8,117.3
2024,QB,RB,QB_vs_RB,Justin Fields,Zack Moss,7591,6845,2688,2681,7,119.1,58.9,60.2
2024,QB,RB,QB_vs_RB,Justin Fields,Raheem Mostert,7591,2749,2688,2675,13,119.1,51.9,67.2
2024,QB,RB,QB_vs_RB,Justin Fields,Braelon Allen,7591,11576,2688,2591,97,119.1,63.9,55.2
2024,QB,RB,QB_vs_RB,Justin Fields,Nick Chubb,7591,4988,2688,2579,109,119.1,58.3,60.8
2024,QB,RB,QB_vs_RB,Justin Fields,Devin Singletary,7591,6130,2688,2576,112,119.1,73.9,45.2
2024,QB,RB,QB_vs_RB,Justin Fields,Bucky Irving,7591,11584,2688,2561,127,119.1,183,-63.9
2024,QB,RB,QB_vs_RB,Justin Fields,Jaleel McLaughlin,7591,11439,2688,2551,137,119.1,68.4,50.7
2024,QB,RB,QB_vs_RB,Justin Fields,Rico Dowdle,7591,7021,2688,2536,152,119.1,144.4,-25.3
2024,QB,RB,QB_vs_RB,Geno Smith,Zach Charbonnet,1373,9753,2672,2839,-167,239.7,135.8,103.9
2024,QB,RB,QB_vs_RB,Geno Smith,MarShawn Lloyd,1373,11581,2672,2814,-142,239.7,1.8,237.9
2024,QB,RB,QB_vs_RB,Geno Smith,Zack Moss,1373,6845,2672,2681,-9,239.7,58.9,180.8
2024,QB,RB,QB_vs_RB,Geno Smith,Raheem Mostert,1373,2749,2672,2675,-3,239.7,51.9,187.8
2024,QB,RB,QB_vs_RB,Geno Smith,Braelon Allen,1373,11576,2672,2591,81,239.7,63.9,175.8
2024,QB,RB,QB_vs_RB,Geno Smith,Nick Chubb,1373,4988,2672,2579,93,239.7,58.3,181.4
2024,QB,RB,QB_vs_RB,Geno Smith,Devin Singletary,1373,6130,2672,2576,96,239.7,73.9,165.8
2024,QB,RB,QB_vs_RB,Geno Smith,Bucky Irving,1373,11584,2672,2561,111,239.7,183,56.7
2024,QB,RB,QB_vs_RB,Geno Smith,Jaleel McLaughlin,1373,11439,2672,2551,121,239.7,68.4,171.3
2024,QB,RB,QB_vs_RB,Geno Smith,Rico Dowdle,1373,7021,2672,2536,136,239.7,144.4,95.3
2024,QB,RB,QB_vs_RB,Aaron Rodgers,Zack Moss,96,6845,2534,2681,-147,231.6,58.9,172.7
2024,QB,RB,QB_vs_RB,Aaron Rodgers,Raheem Mostert,96,2749,2534,2675,-141,231.6,51.9,179.7
2024,QB,RB,QB_vs_RB,Aaron Rodgers,Braelon Allen,96,11576,2534,2591,-57,231.6,63.9,167.7
2024,QB,RB,QB_vs_RB,Aaron Rodgers,Nick Chubb,96,4988,2534,2579,-45,231.6,58.3,173.3
2024,QB,RB,QB_vs_RB,Aaron Rodgers,Devin Singletary,96,6130,2534,2576,-42,231.6,73.9,157.7
2024,QB,RB,QB_vs_RB,Aaron Rodgers,Bucky Irving,96,11584,2534,2561,-27,231.6,183,48.6
2024,QB,RB,QB_vs_RB,Aaron Rodgers,Jaleel McLaughlin,96,11439,2534,2551,-17,231.6,68.4,163.2
2024,QB,RB,QB_vs_RB,Aaron Rodgers,Rico Dowdle,96,7021,2534,2536,-2,231.6,144.4,87.2
2024,QB,RB,QB_vs_RB,Aaron Rodgers,Tyler Allgeier,96,8132,2534,2460,74,231.6,86.3,145.3
2024,QB,RB,QB_vs_RB,Aaron Rodgers,Chuba Hubbard,96,7594,2534,2391,143,231.6,198.6,33
2024,QB,RB,QB_vs_RB,Aaron Rodgers,Keaton Mitchell,96,9511,2534,2380,154,231.6,4.8,226.8
2024,QB,RB,QB_vs_RB,Aaron Rodgers,Gus Edwards,96,5248,2534,2362,172,231.6,61.1,170.5
2024,QB,RB,QB_vs_RB,Daniel Jones,Braelon Allen,5870,11576,2424,2591,-167,135.3,63.9,71.4
2024,QB,RB,QB_vs_RB,Daniel Jones,Nick Chubb,5870,4988,2424,2579,-155,135.3,58.3,77
2024,QB,RB,QB_vs_RB,Daniel Jones,Devin Singletary,5870,6130,2424,2576,-152,135.3,73.9,61.4
2024,QB,RB,QB_vs_RB,Daniel Jones,Bucky Irving,5870,11584,2424,2561,-137,135.3,183,-47.7
2024,QB,RB,QB_vs_RB,Daniel Jones,Jaleel McLaughlin,5870,11439,2424,2551,-127,135.3,68.4,66.9
2024,QB,RB,QB_vs_RB,Daniel Jones,Rico Dowdle,5870,7021,2424,2536,-112,135.3,144.4,-9.1
2024,QB,RB,QB_vs_RB,Daniel Jones,Tyler Allgeier,5870,8132,2424,2460,-36,135.3,86.3,49
2024,QB,RB,QB_vs_RB,Daniel Jones,Chuba Hubbard,5870,7594,2424,2391,33,135.3,198.6,-63.3
2024,QB,RB,QB_vs_RB,Daniel Jones,Keaton Mitchell,5870,9511,2424,2380,44,135.3,4.8,130.5
2024,QB,RB,QB_vs_RB,Daniel Jones,Gus Edwards,5870,5248,2424,2362,62,135.3,61.1,74.2
2024,QB,RB,QB_vs_RB,Daniel Jones,Ray Davis,5870,11575,2424,2320,104,135.3,86.6,48.7
2024,QB,RB,QB_vs_RB,Daniel Jones,J.K. Dobbins,5870,6806,2424,2312,112,135.3,152.3,-17
2024,QB,RB,QB_vs_RB,Daniel Jones,Audric Estime,5870,11579,2424,2262,162,135.3,34.3,101
2024,QB,RB,QB_vs_RB,Sam Darnold,Tyler Allgeier,4943,8132,2317,2460,-143,300.3,86.3,214
2024,QB,RB,QB_vs_RB,Sam Darnold,Chuba Hubbard,4943,7594,2317,2391,-74,300.3,198.6,101.7
2024,QB,RB,QB_vs_RB,Sam Darnold,Keaton Mitchell,4943,9511,2317,2380,-63,300.3,4.8,295.5
2024,QB,RB,QB_vs_RB,Sam Darnold,Gus Edwards,4943,5248,2317,2362,-45,300.3,61.1,239.2
2024,QB,RB,QB_vs_RB,Sam Darnold,Ray Davis,4943,11575,2317,2320,-3,300.3,86.6,213.7
2024,QB,RB,QB_vs_RB,Sam Darnold,J.K. Dobbins,4943,6806,2317,2312,5,300.3,152.3,148
2024,QB,RB,QB_vs_RB,Sam Darnold,Audric Estime,4943,11579,2317,2262,55,300.3,34.3,266
2024,QB,RB,QB_vs_RB,Sam Darnold,Jordan Mason,4943,8408,2317,2217,100,300.3,104,196.3
2024,QB,RB,QB_vs_RB,Sam Darnold,Austin Ekeler,4943,4663,2317,2166,151,300.3,94.1,206.2
2024,QB,RB,QB_vs_RB,Gardner Minshew,Tyler Allgeier,6011,8132,2300,2460,-160,96.3,86.3,10
2024,QB,RB,QB_vs_RB,Gardner Minshew,Chuba Hubbard,6011,7594,2300,2391,-91,96.3,198.6,-102.3
2024,QB,RB,QB_vs_RB,Gardner Minshew,Keaton Mitchell,6011,9511,2300,2380,-80,96.3,4.8,91.5
2024,QB,RB,QB_vs_RB,Gardner Minshew,Gus Edwards,6011,5248,2300,2362,-62,96.3,61.1,35.2
2024,QB,RB,QB_vs_RB,Gardner Minshew,Ray Davis,6011,11575,2300,2320,-20,96.3,86.6,9.7
2024,QB,RB,QB_vs_RB,Gardner Minshew,J.K. Dobbins,6011,6806,2300,2312,-12,96.3,152.3,-56
2024,QB,RB,QB_vs_RB,Gardner Minshew,Audric Estime,6011,11579,2300,2262,38,96.3,34.3,62
2024,QB,RB,QB_vs_RB,Gardner Minshew,Jordan Mason,6011,8408,2300,2217,83,96.3,104,-7.7
2024,QB,RB,QB_vs_RB,Gardner Minshew,Austin Ekeler,6011,4663,2300,2166,134,96.3,94.1,2.2
2024,QB,RB,QB_vs_RB,Derek Carr,Chuba Hubbard,2028,7594,2212,2391,-179,150.9,198.6,-47.7
2024,QB,RB,QB_vs_RB,Derek Carr,Keaton Mitchell,2028,9511,2212,2380,-168,150.9,4.8,146.1
2024,QB,RB,QB_vs_RB,Derek Carr,Gus Edwards,2028,5248,2212,2362,-150,150.9,61.1,89.8
2024,QB,RB,QB_vs_RB,Derek Carr,Ray Davis,2028,11575,2212,2320,-108,150.9,86.6,64.3
2024,QB,RB,QB_vs_RB,Derek Carr,J.K. Dobbins,2028,6806,2212,2312,-100,150.9,152.3,-1.4
2024,QB,RB,QB_vs_RB,Derek Carr,Audric Estime,2028,11579,2212,2262,-50,150.9,34.3,116.6
2024,QB,RB,QB_vs_RB,Derek Carr,Jordan Mason,2028,8408,2212,2217,-5,150.9,104,46.9
2024,QB,RB,QB_vs_RB,Derek Carr,Austin Ekeler,2028,4663,2212,2166,46,150.9,94.1,56.8
2024,QB,RB,QB_vs_RB,Derek Carr,Kendre Miller,2028,9757,2212,2074,138,150.9,24.1,126.8
2024,QB,RB,QB_vs_RB,Spencer Rattler,Audric Estime,11562,11579,2069,2262,-193,52.6,34.3,18.3
2024,QB,RB,QB_vs_RB,Spencer Rattler,Jordan Mason,11562,8408,2069,2217,-148,52.6,104,-51.4
2024,QB,RB,QB_vs_RB,Spencer Rattler,Austin Ekeler,11562,4663,2069,2166,-97,52.6,94.1,-41.5
2024,QB,RB,QB_vs_RB,Spencer Rattler,Kendre Miller,11562,9757,2069,2074,-5,52.6,24.1,28.5
2024,QB,RB,QB_vs_RB,Spencer Rattler,Ty Chandler,11562,8230,2069,2005,64,52.6,22.4,30.2
2024,QB,RB,QB_vs_RB,Spencer Rattler,Tank Bigsby,11562,9225,2069,2003,66,52.6,111.8,-59.2
2024,QB,RB,QB_vs_RB,Spencer Rattler,Khalil Herbert,11562,7608,2069,1999,70,52.6,13.2,39.4
2024,QB,RB,QB_vs_RB,Spencer Rattler,Roschon Johnson,11562,10235,2069,1994,75,52.6,59.5,-6.9
2024,QB,RB,QB_vs_RB,Russell Wilson,Jordan Mason,1234,8408,2048,2217,-169,161.3,104,57.3
2024,QB,RB,QB_vs_RB,Russell Wilson,Austin Ekeler,1234,4663,2048,2166,-118,161.3,94.1,67.2
2024,QB,RB,QB_vs_RB,Russell Wilson,Kendre Miller,1234,9757,2048,2074,-26,161.3,24.1,137.2
2024,QB,RB,QB_vs_RB,Russell Wilson,Ty Chandler,1234,8230,2048,2005,43,161.3,22.4,138.9
2024,QB,RB,QB_vs_RB,Russell Wilson,Tank Bigsby,1234,9225,2048,2003,45,161.3,111.8,49.5
2024,QB,RB,QB_vs_RB,Russell Wilson,Khalil Herbert,1234,7608,2048,1999,49,161.3,13.2,148.1
2024,QB,RB,QB_vs_RB,Russell Wilson,Roschon Johnson,1234,10235,2048,1994,54,161.3,59.5,101.8
2024,QB,RB,QB_vs_RB,Aidan O'Connell,Dameon Pierce,10866,8129,1573,1530,43,77.6,17.9,59.7
2024,QB,RB,QB_vs_RB,Aidan O'Connell,Justice Hill,10866,5995,1573,1503,70,77.6,85.1,-7.5
2024,QB,RB,QB_vs_RB,Aidan O'Connell,Ezekiel Elliott,10866,3164,1573,1490,83,77.6,45.5,32.1
2024,QB,RB,QB_vs_RB,Aidan O'Connell,Emanuel Wilson,10866,11435,1573,1457,116,77.6,71.9,5.7
2024,QB,RB,QB_vs_RB,Aidan O'Connell,Cam Akers,10866,6938,1573,1456,117,77.6,72.3,5.3
2024,QB,RB,QB_vs_RB,Aidan O'Connell,Eric Gray,10866,10223,1573,1445,128,77.6,6.3,71.3
2024,QB,RB,QB_vs_RB,Aidan O'Connell,Trey Sermon,10866,7593,1573,1417,156,77.6,37.3,40.3
2024,QB,RB,QB_vs_RB,Aidan O'Connell,Alexander Mattison,10866,5987,1573,1393,180,77.6,98.3,-20.7
2024,QB,RB,QB_vs_RB,Jacoby Brissett,Dameon Pierce,3257,8129,1553,1530,23,45.2,17.9,27.3
2024,QB,RB,QB_vs_RB,Jacoby Brissett,Justice Hill,3257,5995,1553,1503,50,45.2,85.1,-39.9
2024,QB,RB,QB_vs_RB,Jacoby Brissett,Ezekiel Elliott,3257,3164,1553,1490,63,45.2,45.5,-0.3
2024,QB,RB,QB_vs_RB,Jacoby Brissett,Emanuel Wilson,3257,11435,1553,1457,96,45.2,71.9,-26.7
2024,QB,RB,QB_vs_RB,Jacoby Brissett,Cam Akers,3257,6938,1553,1456,97,45.2,72.3,-27.1
2024,QB,RB,QB_vs_RB,Jacoby Brissett,Eric Gray,3257,10223,1553,1445,108,45.2,6.3,38.9
2024,QB,RB,QB_vs_RB,Jacoby Brissett,Trey Sermon,3257,7593,1553,1417,136,45.2,37.3,7.9
2024,QB,RB,QB_vs_RB,Jacoby Brissett,Alexander Mattison,3257,5987,1553,1393,160,45.2,98.3,-53.1
2024,QB,RB,QB_vs_RB,Hendon Hooker,Dameon Pierce,9998,8129,1438,1530,-92,2.7,17.9,-15.2
2024,QB,RB,QB_vs_RB,Hendon Hooker,Justice Hill,9998,5995,1438,1503,-65,2.7,85.1,-82.4
2024,QB,RB,QB_vs_RB,Hendon Hooker,Ezekiel Elliott,9998,3164,1438,1490,-52,2.7,45.5,-42.8
2024,QB,RB,QB_vs_RB,Hendon Hooker,Emanuel Wilson,9998,11435,1438,1457,-19,2.7,71.9,-69.2
2024,QB,RB,QB_vs_RB,Hendon Hooker,Cam Akers,9998,6938,1438,1456,-18,2.7,72.3,-69.6
2024,QB,RB,QB_vs_RB,Hendon Hooker,Eric Gray,9998,10223,1438,1445,-7,2.7,6.3,-3.6
2024,QB,RB,QB_vs_RB,Hendon Hooker,Trey Sermon,9998,7593,1438,1417,21,2.7,37.3,-34.6
2024,QB,RB,QB_vs_RB,Hendon Hooker,Alexander Mattison,9998,5987,1438,1393,45,2.7,98.3,-95.6
2024,QB,RB,QB_vs_RB,Hendon Hooker,Kenneth Gainwell,9998,7567,1438,1340,98,2.7,44.3,-41.6
2024,QB,RB,QB_vs_RB,Hendon Hooker,Deuce Vaughn,9998,9505,1438,1289,149,2.7,5.1,-2.4
2024,QB,RB,QB_vs_RB,Hendon Hooker,Pierre Strong Jr.,9998,8116,1438,1264,174,2.7,21.2,-18.5
2024,QB,RB,QB_vs_RB,Jameis Winston,Emanuel Wilson,2306,11435,1278,1457,-179,131.1,71.9,59.2
2024,QB,RB,QB_vs_RB,Jameis Winston,Cam Akers,2306,6938,1278,1456,-178,131.1,72.3,58.8
2024,QB,RB,QB_vs_RB,Jameis Winston,Eric Gray,2306,10223,1278,1445,-167,131.1,6.3,124.8
2024,QB,RB,QB_vs_RB,Jameis Winston,Trey Sermon,2306,7593,1278,1417,-139,131.1,37.3,93.8
2024,QB,RB,QB_vs_RB,Jameis Winston,Alexander Mattison,2306,5987,1278,1393,-115,131.1,98.3,32.8
2024,QB,RB,QB_vs_RB,Jameis Winston,Kenneth Gainwell,2306,7567,1278,1340,-62,131.1,44.3,86.8
2024,QB,RB,QB_vs_RB,Jameis Winston,Deuce Vaughn,2306,9505,1278,1289,-11,131.1,5.1,126
2024,QB,RB,QB_vs_RB,Jameis Winston,Pierre Strong Jr.,2306,8116,1278,1264,14,131.1,21.2,109.9
2024,QB,RB,QB_vs_RB,Jameis Winston,Sean Tucker,2306,9506,1278,1229,49,131.1,58.1,73
2024,QB,RB,QB_vs_RB,Jameis Winston,Samaje Perine,2306,4147,1278,1189,89,131.1,52,79.1
2024,QB,RB,QB_vs_RB,Dorian Thompson-Robinson,Pierre Strong Jr.,10862,8116,1079,1264,-185,15,21.2,-6.2
2024,QB,RB,QB_vs_RB,Dorian Thompson-Robinson,Sean Tucker,10862,9506,1079,1229,-150,15,58.1,-43.1
2024,QB,RB,QB_vs_RB,Dorian Thompson-Robinson,Samaje Perine,10862,4147,1079,1189,-110,15,52,-37
2024,QB,RB,QB_vs_RB,Dorian Thompson-Robinson,Jamaal Williams,10862,4149,1079,1076,3,15,25.9,-10.9
2024,QB,RB,QB_vs_RB,Dorian Thompson-Robinson,Miles Sanders,10862,6151,1079,1052,27,15,29.7,-14.7
2024,QB,RB,QB_vs_RB,Dorian Thompson-Robinson,Jase McClellan,10862,11590,1079,1038,41,15,3.2,11.8
2024,QB,WR,QB_vs_WR,Patrick Mahomes,CeeDee Lamb,4046,6786,9992,9796,196,282,162.4,119.6
2024,QB,WR,QB_vs_WR,Josh Allen,CeeDee Lamb,4984,6786,9975,9796,179,379,162.4,216.6
2024,QB,WR,QB_vs_WR,C.J. Stroud,Justin Jefferson,9758,6794,9304,9449,-145,214.4,209.1,5.3
2024,QB,WR,QB_vs_WR,Lamar Jackson,Ja'Marr Chase,4881,7564,8641,8538,103,407.4,260.4,147
2024,QB,WR,QB_vs_WR,Jalen Hurts,Ja'Marr Chase,6904,7564,8621,8538,83,315.1,260.4,54.7
2024,QB,WR,QB_vs_WR,Caleb Williams,Marvin Harrison Jr.,11560,11628,8226,8293,-67,243.6,122.2,121.4
2024,QB,WR,QB_vs_WR,Jordan Love,Garrett Wilson,6804,8146,7370,7302,68,231.1,145.8,85.3
2024,QB,WR,QB_vs_WR,Anthony Richardson,Garrett Wilson,9229,8146,7220,7302,-82,162.4,145.8,16.6
2024,QB,WR,QB_vs_WR,Kyler Murray,Puka Nacua,5849,9493,6875,6957,-82,269.4,127.6,141.8
2024,QB,WR,QB_vs_WR,Kyler Murray,A.J. Brown,5849,5859,6875,6867,8,269.4,149.9,119.5
2024,QB,WR,QB_vs_WR,Kyler Murray,Malik Nabers,5849,11632,6875,6844,31,269.4,152.2,117.2
2024,QB,WR,QB_vs_WR,Kyler Murray,Tyreek Hill,5849,3321,6875,6738,137,269.4,135.2,134.2
2024,QB,WR,QB_vs_WR,Jayden Daniels,Puka Nacua,11566,9493,6852,6957,-105,351.6,127.6,224
2024,QB,WR,QB_vs_WR,Jayden Daniels,A.J. Brown,11566,5859,6852,6867,-15,351.6,149.9,201.7
2024,QB,WR,QB_vs_WR,Jayden Daniels,Malik Nabers,11566,11632,6852,6844,8,351.6,152.2,199.4
2024,QB,WR,QB_vs_WR,Jayden Daniels,Tyreek Hill,11566,3321,6852,6738,114,351.6,135.2,216.4
2024,QB,WR,QB_vs_WR,Trevor Lawrence,Drake London,7523,8112,5963,6088,-125,145.2,150.1,-4.9
2024,QB,WR,QB_vs_WR,Trevor Lawrence,Jaylen Waddle,7523,7526,5963,5988,-25,145.2,86.6,58.6
2024,QB,WR,QB_vs_WR,Trevor Lawrence,Chris Olave,7523,8144,5963,5834,129,145.2,44.7,100.5
2024,QB,WR,QB_vs_WR,Trevor Lawrence,Brandon Aiyuk,7523,6803,5963,5809,154,145.2,37.4,107.8
2024,QB,WR,QB_vs_WR,Trevor Lawrence,Nico Collins,7523,7569,5963,5769,194,145.2,132.8,12.4
2024,QB,WR,QB_vs_WR,Brock Purdy,Rome Odunze,8183,11620,5541,5687,-146,266.9,89.1,177.8
2024,QB,WR,QB_vs_WR,Brock Purdy,DeVonta Smith,8183,7525,5541,5679,-138,266.9,131.4,135.5
2024,QB,WR,QB_vs_WR,Dak Prescott,D.J. Moore,3294,4983,5387,5270,117,116.5,127,-10.5
2024,QB,WR,QB_vs_WR,Dak Prescott,DK Metcalf,3294,5846,5387,5224,163,116.5,113.9,2.6
2024,QB,WR,QB_vs_WR,Tua Tagovailoa,D.J. Moore,6768,4983,5303,5270,33,181.6,127,54.6
2024,QB,WR,QB_vs_WR,Tua Tagovailoa,DK Metcalf,6768,5846,5303,5224,79,181.6,113.9,67.7
2024,QB,WR,QB_vs_WR,Tua Tagovailoa,Tank Dell,6768,9502,5303,5118,185,181.6,89,92.6
2024,QB,WR,QB_vs_WR,Drake Maye,Rashee Rice,11564,10229,4904,4934,-30,177.1,40.9,136.2
2024,QB,WR,QB_vs_WR,Drake Maye,Michael Pittman,11564,6819,4904,4893,11,177.1,89.6,87.5
2024,QB,WR,QB_vs_WR,Drake Maye,Brian Thomas Jr.,11564,11631,4904,4838,66,177.1,186.7,-9.6
2024,QB,WR,QB_vs_WR,Drake Maye,Tee Higgins,11564,6801,4904,4775,129,177.1,143.8,33.3
2024,QB,WR,QB_vs_WR,Drake Maye,Xavier Worthy,11564,11624,4904,4745,159,177.1,128.2,48.9
2024,QB,WR,QB_vs_WR,Drake Maye,Jaxon Smith-Njigba,11564,9488,4904,4717,187,177.1,151.7,25.4
2024,QB,WR,QB_vs_WR,Drake Maye,Zay Flowers,11564,9997,4904,4707,197,177.1,133.4,43.7
2024,QB,WR,QB_vs_WR,Jared Goff,Rashee Rice,3163,10229,4836,4934,-98,314.2,40.9,273.3
2024,QB,WR,QB_vs_WR,Jared Goff,Michael Pittman,3163,6819,4836,4893,-57,314.2,89.6,224.6
2024,QB,WR,QB_vs_WR,Jared Goff,Brian Thomas Jr.,3163,11631,4836,4838,-2,314.2,186.7,127.5
2024,QB,WR,QB_vs_WR,Jared Goff,Tee Higgins,3163,6801,4836,4775,61,314.2,143.8,170.4
2024,QB,WR,QB_vs_WR,Jared Goff,Xavier Worthy,3163,11624,4836,4745,91,314.2,128.2,186
2024,QB,WR,QB_vs_WR,Jared Goff,Jaxon Smith-Njigba,3163,9488,4836,4717,119,314.2,151.7,162.5
2024,QB,WR,QB_vs_WR,Jared Goff,Zay Flowers,3163,9997,4836,4707,129,314.2,133.4,180.8
2024,QB,WR,QB_vs_WR,Jared Goff,George Pickens,3163,8137,4836,4650,186,314.2,105.4,208.8
2024,QB,WR,QB_vs_WR,Bo Nix,George Pickens,11563,8137,4478,4650,-172,282.7,105.4,177.3
2024,QB,WR,QB_vs_WR,Bo Nix,Deebo Samuel,11563,5872,4478,4566,-88,282.7,102.6,180.1
2024,QB,WR,QB_vs_WR,Bryce Young,Jordan Addison,9228,9756,3952,4107,-155,158.6,149.5,9.1
2024,QB,WR,QB_vs_WR,Bryce Young,Ladd McConkey,9228,11635,3952,4092,-140,158.6,147.4,11.2
2024,QB,WR,QB_vs_WR,Bryce Young,Jayden Reed,9228,10222,3952,4082,-130,158.6,138.9,19.7
2024,QB,WR,QB_vs_WR,Bryce Young,Cooper Kupp,9228,4039,3952,4080,-128,158.6,108,50.6
2024,QB,WR,QB_vs_WR,Bryce Young,Keon Coleman,9228,11637,3952,3969,-17,158.6,78.5,80.1
2024,QB,WR,QB_vs_WR,Bryce Young,Davante Adams,9228,2133,3952,3960,-8,158.6,141.5,17.1
2024,QB,WR,QB_vs_WR,Bryce Young,Mike Evans,9228,2216,3952,3943,9,158.6,157.5,1.1
2024,QB,WR,QB_vs_WR,Bryce Young,Terry McLaurin,9228,5927,3952,3788,164,158.6,173.6,-15
2024,QB,WR,QB_vs_WR,Michael Penix Jr.,Keon Coleman,11559,11637,3831,3969,-138,19.1,78.5,-59.4
2024,QB,WR,QB_vs_WR,Michael Penix Jr.,Davante Adams,11559,2133,3831,3960,-129,19.1,141.5,-122.4
2024,QB,WR,QB_vs_WR,Michael Penix Jr.,Mike Evans,11559,2216,3831,3943,-112,19.1,157.5,-138.4
2024,QB,WR,QB_vs_WR,Michael Penix Jr.,Terry McLaurin,11559,5927,3831,3788,43,19.1,173.6,-154.5
2024,QB,WR,QB_vs_WR,Will Levis,Keon Coleman,9999,11637,3784,3969,-185,108.1,78.5,29.6
2024,QB,WR,QB_vs_WR,Will Levis,Davante Adams,9999,2133,3784,3960,-176,108.1,141.5,-33.4
2024,QB,WR,QB_vs_WR,Will Levis,Mike Evans,9999,2216,3784,3943,-159,108.1,157.5,-49.4
2024,QB,WR,QB_vs_WR,Will Levis,Terry McLaurin,9999,5927,3784,3788,-4,108.1,173.6,-65.5
2024,QB,WR,QB_vs_WR,Baker Mayfield,Amari Cooper,4892,2309,3403,3453,-50,344.2,78.7,265.5
2024,QB,WR,QB_vs_WR,Baker Mayfield,Christian Watson,4892,8167,3403,3408,-5,344.2,76.3,267.9
2024,QB,WR,QB_vs_WR,Baker Mayfield,Christian Kirk,4892,4950,3403,3402,1,344.2,43.9,300.3
2024,QB,WR,QB_vs_WR,Baker Mayfield,Chris Godwin,4892,4037,3403,3382,21,344.2,87.8,256.4
2024,QB,WR,QB_vs_WR,Baker Mayfield,Adonai Mitchell,4892,11625,3403,3339,64,344.2,30.8,313.4
2024,QB,WR,QB_vs_WR,Baker Mayfield,Calvin Ridley,4892,4981,3403,3317,86,344.2,127.9,216.3
2024,QB,WR,QB_vs_WR,Baker Mayfield,Stefon Diggs,4892,2449,3403,3285,118,344.2,74.9,269.3
2024,QB,WR,QB_vs_WR,Baker Mayfield,Diontae Johnson,4892,5937,3403,3246,157,344.2,54.9,289.3
2024,QB,WR,QB_vs_WR,Baker Mayfield,Jameson Williams,4892,8148,3403,3241,162,344.2,150.8,193.4
2024,QB,WR,QB_vs_WR,Kirk Cousins,Amari Cooper,1166,2309,3274,3453,-179,176.3,78.7,97.6
2024,QB,WR,QB_vs_WR,Kirk Cousins,Christian Watson,1166,8167,3274,3408,-134,176.3,76.3,100
2024,QB,WR,QB_vs_WR,Kirk Cousins,Christian Kirk,1166,4950,3274,3402,-128,176.3,43.9,132.4
2024,QB,WR,QB_vs_WR,Kirk Cousins,Chris Godwin,1166,4037,3274,3382,-108,176.3,87.8,88.5
2024,QB,WR,QB_vs_WR,Kirk Cousins,Adonai Mitchell,1166,11625,3274,3339,-65,176.3,30.8,145.5
2024,QB,WR,QB_vs_WR,Kirk Cousins,Calvin Ridley,1166,4981,3274,3317,-43,176.3,127.9,48.4
2024,QB,WR,QB_vs_WR,Kirk Cousins,Stefon Diggs,1166,2449,3274,3285,-11,176.3,74.9,101.4
2024,QB,WR,QB_vs_WR,Kirk Cousins,Diontae Johnson,1166,5937,3274,3246,28,176.3,54.9,121.4
2024,QB,WR,QB_vs_WR,Kirk Cousins,Jameson Williams,1166,8148,3274,3241,33,176.3,150.8,25.5
2024,QB,WR,QB_vs_WR,Kirk Cousins,Romeo Doubs,1166,8121,3274,3170,104,176.3,86.1,90.2
2024,QB,WR,QB_vs_WR,Kirk Cousins,Ja'Lynn Polk,1166,11619,3274,3142,132,176.3,20.7,155.6
2024,QB,WR,QB_vs_WR,Kirk Cousins,Xavier Legette,1166,11626,3274,3103,171,176.3,73.1,103.2
2024,QB,WR,QB_vs_WR,Matthew Stafford,Stefon Diggs,421,2449,3099,3285,-186,214.6,74.9,139.7
2024,QB,WR,QB_vs_WR,Matthew Stafford,Diontae Johnson,421,5937,3099,3246,-147,214.6,54.9,159.7
2024,QB,WR,QB_vs_WR,Matthew Stafford,Jameson Williams,421,8148,3099,3241,-142,214.6,150.8,63.8
2024,QB,WR,QB_vs_WR,Matthew Stafford,Romeo Doubs,421,8121,3099,3170,-71,214.6,86.1,128.5
2024,QB,WR,QB_vs_WR,Matthew Stafford,Ja'Lynn Polk,421,11619,3099,3142,-43,214.6,20.7,193.9
2024,QB,WR,QB_vs_WR,Matthew Stafford,Xavier Legette,421,11626,3099,3103,-4,214.6,73.1,141.5
2024,QB,WR,QB_vs_WR,Matthew Stafford,Khalil Shakir,421,8134,3099,2948,151,214.6,106.5,108.1
2024,QB,WR,QB_vs_WR,Matthew Stafford,Dontayvion Wicks,421,9486,3099,2945,154,214.6,66.6,148
2024,QB,WR,QB_vs_WR,Matthew Stafford,Marquise Brown,421,5848,3099,2909,190,214.6,9.1,205.5
2024,QB,WR,QB_vs_WR,Matthew Stafford,Josh Downs,421,9500,3099,2904,195,214.6,102.1,112.5
2024,QB,WR,QB_vs_WR,Deshaun Watson,Diontae Johnson,4017,5937,3055,3246,-191,76.7,54.9,21.8
2024,QB,WR,QB_vs_WR,Deshaun Watson,Jameson Williams,4017,8148,3055,3241,-186,76.7,150.8,-74.1
2024,QB,WR,QB_vs_WR,Deshaun Watson,Romeo Doubs,4017,8121,3055,3170,-115,76.7,86.1,-9.4
2024,QB,WR,QB_vs_WR,Deshaun Watson,Ja'Lynn Polk,4017,11619,3055,3142,-87,76.7,20.7,56
2024,QB,WR,QB_vs_WR,Deshaun Watson,Xavier Legette,4017,11626,3055,3103,-48,76.7,73.1,3.6
2024,QB,WR,QB_vs_WR,Deshaun Watson,Khalil Shakir,4017,8134,3055,2948,107,76.7,106.5,-29.8
2024,QB,WR,QB_vs_WR,Deshaun Watson,Dontayvion Wicks,4017,9486,3055,2945,110,76.7,66.6,10.1
2024,QB,WR,QB_vs_WR,Deshaun Watson,Marquise Brown,4017,5848,3055,2909,146,76.7,9.1,67.6
2024,QB,WR,QB_vs_WR,Deshaun Watson,Josh Downs,4017,9500,3055,2904,151,76.7,102.1,-25.4
2024,QB,WR,QB_vs_WR,Justin Fields,Ricky Pearsall,7591,11638,2688,2848,-160,119.1,49.6,69.5
2024,QB,WR,QB_vs_WR,Justin Fields,Keenan Allen,7591,1479,2688,2788,-100,119.1,113.9,5.2
2024,QB,WR,QB_vs_WR,Justin Fields,Courtland Sutton,7591,5045,2688,2773,-85,119.1,143.5,-24.4
2024,QB,WR,QB_vs_WR,Justin Fields,Josh Palmer,7591,7670,2688,2701,-13,119.1,68.4,50.7
2024,QB,WR,QB_vs_WR,Justin Fields,Jalen McMillan,7591,11618,2688,2655,33,119.1,84.4,34.7
2024,QB,WR,QB_vs_WR,Justin Fields,Jermaine Burton,7591,11640,2688,2613,75,119.1,10.7,108.4
2024,QB,WR,QB_vs_WR,Justin Fields,Jerry Jeudy,7591,6783,2688,2569,119,119.1,144.6,-25.5
2024,QB,WR,QB_vs_WR,Justin Fields,Rashid Shaheed,7591,8676,2688,2554,134,119.1,59.8,59.3
2024,QB,WR,QB_vs_WR,Justin Fields,Michael Wilson,7591,10232,2688,2522,166,119.1,77.5,41.6
2024,QB,WR,QB_vs_WR,Justin Fields,Jakobi Meyers,7591,5947,2688,2494,194,119.1,112.7,6.4
2024,QB,WR,QB_vs_WR,Geno Smith,Ricky Pearsall,1373,11638,2672,2848,-176,239.7,49.6,190.1
2024,QB,WR,QB_vs_WR,Geno Smith,Keenan Allen,1373,1479,2672,2788,-116,239.7,113.9,125.8
2024,QB,WR,QB_vs_WR,Geno Smith,Courtland Sutton,1373,5045,2672,2773,-101,239.7,143.5,96.2
2024,QB,WR,QB_vs_WR,Geno Smith,Josh Palmer,1373,7670,2672,2701,-29,239.7,68.4,171.3
2024,QB,WR,QB_vs_WR,Geno Smith,Jalen McMillan,1373,11618,2672,2655,17,239.7,84.4,155.3
2024,QB,WR,QB_vs_WR,Geno Smith,Jermaine Burton,1373,11640,2672,2613,59,239.7,10.7,229
2024,QB,WR,QB_vs_WR,Geno Smith,Jerry Jeudy,1373,6783,2672,2569,103,239.7,144.6,95.1
2024,QB,WR,QB_vs_WR,Geno Smith,Rashid Shaheed,1373,8676,2672,2554,118,239.7,59.8,179.9
2024,QB,WR,QB_vs_WR,Geno Smith,Michael Wilson,1373,10232,2672,2522,150,239.7,77.5,162.2
2024,QB,WR,QB_vs_WR,Geno Smith,Jakobi Meyers,1373,5947,2672,2494,178,239.7,112.7,127
2024,QB,WR,QB_vs_WR,Aaron Rodgers,Josh Palmer,96,7670,2534,2701,-167,231.6,68.4,163.2
2024,QB,WR,QB_vs_WR,Aaron Rodgers,Jalen McMillan,96,11618,2534,2655,-121,231.6,84.4,147.2
2024,QB,WR,QB_vs_WR,Aaron Rodgers,Jermaine Burton,96,11640,2534,2613,-79,231.6,10.7,220.9
2024,QB,WR,QB_vs_WR,Aaron Rodgers,Jerry Jeudy,96,6783,2534,2569,-35,231.6,144.6,87
2024,QB,WR,QB_vs_WR,Aaron Rodgers,Rashid Shaheed,96,8676,2534,2554,-20,231.6,59.8,171.8
2024,QB,WR,QB_vs_WR,Aaron Rodgers,Michael Wilson,96,10232,2534,2522,12,231.6,77.5,154.1
2024,QB,WR,QB_vs_WR,Aaron Rodgers,Jakobi Meyers,96,5947,2534,2494,40,231.6,112.7,118.9
2024,QB,WR,QB_vs_WR,Aaron Rodgers,Demario Douglas,96,9501,2534,2446,88,231.6,78.3,153.3
2024,QB,WR,QB_vs_WR,Aaron Rodgers,Luke McCaffrey,96,11650,2534,2438,96,231.6,16.8,214.8
2024,QB,WR,QB_vs_WR,Aaron Rodgers,Curtis Samuel,96,4082,2534,2377,157,231.6,27.5,204.1
2024,QB,WR,QB_vs_WR,Aaron Rodgers,DeAndre Hopkins,96,1426,2534,2364,170,231.6,91,140.6
2024,QB,WR,QB_vs_WR,Daniel Jones,Jermaine Burton,5870,11640,2424,2613,-189,135.3,10.7,124.6
2024,QB,WR,QB_vs_WR,Daniel Jones,Jerry Jeudy,5870,6783,2424,2569,-145,135.3,144.6,-9.3
2024,QB,WR,QB_vs_WR,Daniel Jones,Rashid Shaheed,5870,8676,2424,2554,-130,135.3,59.8,75.5
2024,QB,WR,QB_vs_WR,Daniel Jones,Michael Wilson,5870,10232,2424,2522,-98,135.3,77.5,57.8
2024,QB,WR,QB_vs_WR,Daniel Jones,Jakobi Meyers,5870,5947,2424,2494,-70,135.3,112.7,22.6
2024,QB,WR,QB_vs_WR,Daniel Jones,Demario Douglas,5870,9501,2424,2446,-22,135.3,78.3,57
2024,QB,WR,QB_vs_WR,Daniel Jones,Luke McCaffrey,5870,11650,2424,2438,-14,135.3,16.8,118.5
2024,QB,WR,QB_vs_WR,Daniel Jones,Curtis Samuel,5870,4082,2424,2377,47,135.3,27.5,107.8
2024,QB,WR,QB_vs_WR,Daniel Jones,DeAndre Hopkins,5870,1426,2424,2364,60,135.3,91,44.3
2024,QB,WR,QB_vs_WR,Daniel Jones,Gabriel Davis,5870,6943,2424,2294,130,135.3,33.9,101.4
2024,QB,WR,QB_vs_WR,Daniel Jones,Troy Franklin,5870,11627,2424,2287,137,135.3,37.9,97.4
2024,QB,WR,QB_vs_WR,Daniel Jones,Marvin Mims,5870,9494,2424,2275,149,135.3,73.4,61.9
2024,QB,WR,QB_vs_WR,Sam Darnold,Jakobi Meyers,4943,5947,2317,2494,-177,300.3,112.7,187.6
2024,QB,WR,QB_vs_WR,Sam Darnold,Demario Douglas,4943,9501,2317,2446,-129,300.3,78.3,222
2024,QB,WR,QB_vs_WR,Sam Darnold,Luke McCaffrey,4943,11650,2317,2438,-121,300.3,16.8,283.5
2024,QB,WR,QB_vs_WR,Sam Darnold,Curtis Samuel,4943,4082,2317,2377,-60,300.3,27.5,272.8
2024,QB,WR,QB_vs_WR,Sam Darnold,DeAndre Hopkins,4943,1426,2317,2364,-47,300.3,91,209.3
2024,QB,WR,QB_vs_WR,Sam Darnold,Gabriel Davis,4943,6943,2317,2294,23,300.3,33.9,266.4
2024,QB,WR,QB_vs_WR,Sam Darnold,Troy Franklin,4943,11627,2317,2287,30,300.3,37.9,262.4
2024,QB,WR,QB_vs_WR,Sam Darnold,Marvin Mims,4943,9494,2317,2275,42,300.3,73.4,226.9
2024,QB,WR,QB_vs_WR,Sam Darnold,Malachi Corley,4943,11617,2317,2168,149,300.3,2.2,298.1
2024,QB,WR,QB_vs_WR,Sam Darnold,Darnell Mooney,4943,7090,2317,2151,166,300.3,129.2,171.1
2024,QB,WR,QB_vs_WR,Gardner Minshew,Jakobi Meyers,6011,5947,2300,2494,-194,96.3,112.7,-16.4
2024,QB,WR,QB_vs_WR,Gardner Minshew,Demario Douglas,6011,9501,2300,2446,-146,96.3,78.3,18
2024,QB,WR,QB_vs_WR,Gardner Minshew,Luke McCaffrey,6011,11650,2300,2438,-138,96.3,16.8,79.5
2024,QB,WR,QB_vs_WR,Gardner Minshew,Curtis Samuel,6011,4082,2300,2377,-77,96.3,27.5,68.8
2024,QB,WR,QB_vs_WR,Gardner Minshew,DeAndre Hopkins,6011,1426,2300,2364,-64,96.3,91,5.3
2024,QB,WR,QB_vs_WR,Gardner Minshew,Gabriel Davis,6011,6943,2300,2294,6,96.3,33.9,62.4
2024,QB,WR,QB_vs_WR,Gardner Minshew,Troy Franklin,6011,11627,2300,2287,13,96.3,37.9,58.4
2024,QB,WR,QB_vs_WR,Gardner Minshew,Marvin Mims,6011,9494,2300,2275,25,96.3,73.4,22.9
2024,QB,WR,QB_vs_WR,Gardner Minshew,Malachi Corley,6011,11617,2300,2168,132,96.3,2.2,94.1
2024,QB,WR,QB_vs_WR,Gardner Minshew,Darnell Mooney,6011,7090,2300,2151,149,96.3,129.2,-32.9
2024,QB,WR,QB_vs_WR,Derek Carr,Curtis Samuel,2028,4082,2212,2377,-165,150.9,27.5,123.4
2024,QB,WR,QB_vs_WR,Derek Carr,DeAndre Hopkins,2028,1426,2212,2364,-152,150.9,91,59.9
2024,QB,WR,QB_vs_WR,Derek Carr,Gabriel Davis,2028,6943,2212,2294,-82,150.9,33.9,117
2024,QB,WR,QB_vs_WR,Derek Carr,Troy Franklin,2028,11627,2212,2287,-75,150.9,37.9,113
2024,QB,WR,QB_vs_WR,Derek Carr,Marvin Mims,2028,9494,2212,2275,-63,150.9,73.4,77.5
2024,QB,WR,QB_vs_WR,Derek Carr,Malachi Corley,2028,11617,2212,2168,44,150.9,2.2,148.7
2024,QB,WR,QB_vs_WR,Derek Carr,Darnell Mooney,2028,7090,2212,2151,61,150.9,129.2,21.7
2024,QB,WR,QB_vs_WR,Derek Carr,Tyler Lockett,2028,2374,2212,2078,134,150.9,69.2,81.7
2024,QB,WR,QB_vs_WR,Derek Carr,Quentin Johnston,2028,9754,2212,2059,153,150.9,101.1,49.8
2024,QB,WR,QB_vs_WR,Derek Carr,Rashod Bateman,2028,7571,2212,2056,156,150.9,116,34.9
2024,QB,WR,QB_vs_WR,Derek Carr,Jahan Dotson,2028,8119,2212,2048,164,150.9,13.5,137.4
2024,QB,WR,QB_vs_WR,Derek Carr,Wan'Dale Robinson,2028,8126,2212,2047,165,150.9,85.4,65.5
2024,QB,WR,QB_vs_WR,Spencer Rattler,Malachi Corley,11562,11617,2069,2168,-99,52.6,2.2,50.4
2024,QB,WR,QB_vs_WR,Spencer Rattler,Darnell Mooney,11562,7090,2069,2151,-82,52.6,129.2,-76.6
2024,QB,WR,QB_vs_WR,Spencer Rattler,Tyler Lockett,11562,2374,2069,2078,-9,52.6,69.2,-16.6
2024,QB,WR,QB_vs_WR,Spencer Rattler,Quentin Johnston,11562,9754,2069,2059,10,52.6,101.1,-48.5
2024,QB,WR,QB_vs_WR,Spencer Rattler,Rashod Bateman,11562,7571,2069,2056,13,52.6,116,-63.4
2024,QB,WR,QB_vs_WR,Spencer Rattler,Jahan Dotson,11562,8119,2069,2048,21,52.6,13.5,39.1
2024,QB,WR,QB_vs_WR,Spencer Rattler,Wan'Dale Robinson,11562,8126,2069,2047,22,52.6,85.4,-32.8
2024,QB,WR,QB_vs_WR,Spencer Rattler,Mike Williams,11562,4068,2069,1941,128,52.6,33.3,19.3
2024,QB,WR,QB_vs_WR,Spencer Rattler,Andrei Iosivas,11562,10226,2069,1914,155,52.6,82.7,-30.1
2024,QB,WR,QB_vs_WR,Spencer Rattler,Malik Washington,11562,11610,2069,1890,179,52.6,24,28.6
2024,QB,WR,QB_vs_WR,Russell Wilson,Malachi Corley,1234,11617,2048,2168,-120,161.3,2.2,159.1
2024,QB,WR,QB_vs_WR,Russell Wilson,Darnell Mooney,1234,7090,2048,2151,-103,161.3,129.2,32.1
2024,QB,WR,QB_vs_WR,Russell Wilson,Tyler Lockett,1234,2374,2048,2078,-30,161.3,69.2,92.1
2024,QB,WR,QB_vs_WR,Russell Wilson,Quentin Johnston,1234,9754,2048,2059,-11,161.3,101.1,60.2
2024,QB,WR,QB_vs_WR,Russell Wilson,Rashod Bateman,1234,7571,2048,2056,-8,161.3,116,45.3
2024,QB,WR,QB_vs_WR,Russell Wilson,Jahan Dotson,1234,8119,2048,2048,0,161.3,13.5,147.8
2024,QB,WR,QB_vs_WR,Russell Wilson,Wan'Dale Robinson,1234,8126,2048,2047,1,161.3,85.4,75.9
2024,QB,WR,QB_vs_WR,Russell Wilson,Mike Williams,1234,4068,2048,1941,107,161.3,33.3,128
2024,QB,WR,QB_vs_WR,Russell Wilson,Andrei Iosivas,1234,10226,2048,1914,134,161.3,82.7,78.6
2024,QB,WR,QB_vs_WR,Russell Wilson,Malik Washington,1234,11610,2048,1890,158,161.3,24,137.3
2024,QB,WR,QB_vs_WR,Russell Wilson,Dyami Brown,1234,7587,2048,1867,181,161.3,35,126.3
2024,QB,WR,QB_vs_WR,Aidan O'Connell,Jonathan Mingo,10866,10225,1573,1727,-154,77.6,12.8,64.8
2024,QB,WR,QB_vs_WR,Aidan O'Connell,Jalen Tolbert,10866,8117,1573,1679,-106,77.6,93.2,-15.6
2024,QB,WR,QB_vs_WR,Aidan O'Connell,Trey Palmer,10866,9492,1573,1616,-43,77.6,23.2,54.4
2024,QB,WR,QB_vs_WR,Aidan O'Connell,Elijah Moore,10866,7596,1573,1591,-18,77.6,56.3,21.3
2024,QB,WR,QB_vs_WR,Aidan O'Connell,John Metchie,10866,8147,1573,1585,-12,77.6,29,48.6
2024,QB,WR,QB_vs_WR,Aidan O'Connell,Tre Tucker,10866,10213,1573,1579,-6,77.6,79.9,-2.3
2024,QB,WR,QB_vs_WR,Aidan O'Connell,Adam Thielen,10866,1689,1573,1577,-4,77.6,87.1,-9.5
2024,QB,WR,QB_vs_WR,Aidan O'Connell,Devontez Walker,10866,11629,1573,1577,-4,77.6,8.1,69.5
2024,QB,WR,QB_vs_WR,Aidan O'Connell,Alec Pierce,10866,8142,1573,1551,22,77.6,112.7,-35.1
2024,QB,WR,QB_vs_WR,Aidan O'Connell,Treylon Burks,10866,8135,1573,1545,28,77.6,3.5,74.1
2024,QB,WR,QB_vs_WR,Aidan O'Connell,Tyler Boyd,10866,3225,1573,1522,51,77.6,39.3,38.3
2024,QB,WR,QB_vs_WR,Aidan O'Connell,D.J. Chark,10866,4951,1573,1485,88,77.6,2.5,75.1
2024,QB,WR,QB_vs_WR,Aidan O'Connell,Parker Washington,10866,9487,1573,1447,126,77.6,57.5,20.1
2024,QB,WR,QB_vs_WR,Aidan O'Connell,Jauan Jennings,10866,7049,1573,1378,195,77.6,128.3,-50.7
2024,QB,WR,QB_vs_WR,Jacoby Brissett,Jonathan Mingo,3257,10225,1553,1727,-174,45.2,12.8,32.4
2024,QB,WR,QB_vs_WR,Jacoby Brissett,Jalen Tolbert,3257,8117,1553,1679,-126,45.2,93.2,-48
2024,QB,WR,QB_vs_WR,Jacoby Brissett,Trey Palmer,3257,9492,1553,1616,-63,45.2,23.2,22
2024,QB,WR,QB_vs_WR,Jacoby Brissett,Elijah Moore,3257,7596,1553,1591,-38,45.2,56.3,-11.1
2024,QB,WR,QB_vs_WR,Jacoby Brissett,John Metchie,3257,8147,1553,1585,-32,45.2,29,16.2
2024,QB,WR,QB_vs_WR,Jacoby Brissett,Tre Tucker,3257,10213,1553,1579,-26,45.2,79.9,-34.7
2024,QB,WR,QB_vs_WR,Jacoby Brissett,Adam Thielen,3257,1689,1553,1577,-24,45.2,87.1,-41.9
2024,QB,WR,QB_vs_WR,Jacoby Brissett,Devontez Walker,3257,11629,1553,1577,-24,45.2,8.1,37.1
2024,QB,WR,QB_vs_WR,Jacoby Brissett,Alec Pierce,3257,8142,1553,1551,2,45.2,112.7,-67.5
2024,QB,WR,QB_vs_WR,Jacoby Brissett,Treylon Burks,3257,8135,1553,1545,8,45.2,3.5,41.7
2024,QB,WR,QB_vs_WR,Jacoby Brissett,Tyler Boyd,3257,3225,1553,1522,31,45.2,39.3,5.9
2024,QB,WR,QB_vs_WR,Jacoby Brissett,D.J. Chark,3257,4951,1553,1485,68,45.2,2.5,42.7
2024,QB,WR,QB_vs_WR,Jacoby Brissett,Parker Washington,3257,9487,1553,1447,106,45.2,57.5,-12.3
2024,QB,WR,QB_vs_WR,Jacoby Brissett,Jauan Jennings,3257,7049,1553,1378,175,45.2,128.3,-83.1
2024,QB,WR,QB_vs_WR,Jacoby Brissett,Demarcus Robinson,3257,3286,1553,1370,183,45.2,85.3,-40.1
2024,QB,WR,QB_vs_WR,Hendon Hooker,Trey Palmer,9998,9492,1438,1616,-178,2.7,23.2,-20.5
2024,QB,WR,QB_vs_WR,Hendon Hooker,Elijah Moore,9998,7596,1438,1591,-153,2.7,56.3,-53.6
2024,QB,WR,QB_vs_WR,Hendon Hooker,John Metchie,9998,8147,1438,1585,-147,2.7,29,-26.3
2024,QB,WR,QB_vs_WR,Hendon Hooker,Tre Tucker,9998,10213,1438,1579,-141,2.7,79.9,-77.2
2024,QB,WR,QB_vs_WR,Hendon Hooker,Adam Thielen,9998,1689,1438,1577,-139,2.7,87.1,-84.4
2024,QB,WR,QB_vs_WR,Hendon Hooker,Devontez Walker,9998,11629,1438,1577,-139,2.7,8.1,-5.4
2024,QB,WR,QB_vs_WR,Hendon Hooker,Alec Pierce,9998,8142,1438,1551,-113,2.7,112.7,-110
2024,QB,WR,QB_vs_WR,Hendon Hooker,Treylon Burks,9998,8135,1438,1545,-107,2.7,3.5,-0.8
2024,QB,WR,QB_vs_WR,Hendon Hooker,Tyler Boyd,9998,3225,1438,1522,-84,2.7,39.3,-36.6
2024,QB,WR,QB_vs_WR,Hendon Hooker,D.J. Chark,9998,4951,1438,1485,-47,2.7,2.5,0.2
2024,QB,WR,QB_vs_WR,Hendon Hooker,Parker Washington,9998,9487,1438,1447,-9,2.7,57.5,-54.8
2024,QB,WR,QB_vs_WR,Hendon Hooker,Jauan Jennings,9998,7049,1438,1378,60,2.7,128.3,-125.6
2024,QB,WR,QB_vs_WR,Hendon Hooker,Demarcus Robinson,9998,3286,1438,1370,68,2.7,85.3,-82.6
2024,QB,WR,QB_vs_WR,Hendon Hooker,Xavier Gipson,9998,11306,1438,1348,90,2.7,7.9,-5.2
2024,QB,WR,QB_vs_WR,Hendon Hooker,Tutu Atwell,9998,7562,1438,1342,96,2.7,53.2,-50.5
2024,QB,WR,QB_vs_WR,Hendon Hooker,Cedric Tillman,9998,10444,1438,1316,122,2.7,51.4,-48.7
2024,QB,WR,QB_vs_WR,Hendon Hooker,Jalen Nailor,9998,8180,1438,1312,126,2.7,69.7,-67
2024,QB,WR,QB_vs_WR,Hendon Hooker,Calvin Austin III,9998,8125,1438,1260,178,2.7,84.8,-82.1
2024,QB,WR,QB_vs_WR,Hendon Hooker,Josh Reynolds,9998,4171,1438,1251,187,2.7,24.3,-21.6
2024,QB,WR,QB_vs_WR,Hendon Hooker,Tyquan Thornton,9998,8188,1438,1250,188,2.7,4.7,-2
2024,QB,WR,QB_vs_WR,Hendon Hooker,Bo Melton,9998,8204,1438,1245,193,2.7,14.4,-11.7
2024,QB,WR,QB_vs_WR,Jameis Winston,Parker Washington,2306,9487,1278,1447,-169,131.1,57.5,73.6
2024,QB,WR,QB_vs_WR,Jameis Winston,Jauan Jennings,2306,7049,1278,1378,-100,131.1,128.3,2.8
2024,QB,WR,QB_vs_WR,Jameis Winston,Demarcus Robinson,2306,3286,1278,1370,-92,131.1,85.3,45.8
2024,QB,WR,QB_vs_WR,Jameis Winston,Xavier Gipson,2306,11306,1278,1348,-70,131.1,7.9,123.2
2024,QB,WR,QB_vs_WR,Jameis Winston,Tutu Atwell,2306,7562,1278,1342,-64,131.1,53.2,77.9
2024,QB,WR,QB_vs_WR,Jameis Winston,Cedric Tillman,2306,10444,1278,1316,-38,131.1,51.4,79.7
2024,QB,WR,QB_vs_WR,Jameis Winston,Jalen Nailor,2306,8180,1278,1312,-34,131.1,69.7,61.4
2024,QB,WR,QB_vs_WR,Jameis Winston,Calvin Austin III,2306,8125,1278,1260,18,131.1,84.8,46.3
2024,QB,WR,QB_vs_WR,Jameis Winston,Josh Reynolds,2306,4171,1278,1251,27,131.1,24.3,106.8
2024,QB,WR,QB_vs_WR,Jameis Winston,Tyquan Thornton,2306,8188,1278,1250,28,131.1,4.7,126.4
2024,QB,WR,QB_vs_WR,Jameis Winston,Bo Melton,2306,8204,1278,1245,33,131.1,14.4,116.7
2024,QB,WR,QB_vs_WR,Jameis Winston,Kendrick Bourne,2306,4454,1278,1235,43,131.1,35.9,95.2
2024,QB,WR,QB_vs_WR,Jameis Winston,K.J. Osborn,2306,7066,1278,1200,78,131.1,11.7,119.4
2024,QB,WR,QB_vs_WR,Jameis Winston,Zay Jones,2306,4080,1278,1200,78,131.1,3.8,127.3
2024,QB,WR,QB_vs_WR,Jameis Winston,Johnny Wilson,2306,11636,1278,1179,99,131.1,7.4,123.7
2024,QB,WR,QB_vs_WR,Jameis Winston,Darius Slayton,2306,6149,1278,1176,102,131.1,71,60.1
2024,QB,WR,QB_vs_WR,Jameis Winston,Noah Brown,2306,4234,1278,1115,163,131.1,51.3,79.8
2024,QB,WR,QB_vs_WR,Jameis Winston,Xavier Hutchinson,2306,10218,1278,1105,173,131.1,11.2,119.9
2024,QB,WR,QB_vs_WR,Dorian Thompson-Robinson,Calvin Austin III,10862,8125,1079,1260,-181,15,84.8,-69.8
2024,QB,WR,QB_vs_WR,Dorian Thompson-Robinson,Josh Reynolds,10862,4171,1079,1251,-172,15,24.3,-9.3
2024,QB,WR,QB_vs_WR,Dorian Thompson-Robinson,Tyquan Thornton,10862,8188,1079,1250,-171,15,4.7,10.3
2024,QB,WR,QB_vs_WR,Dorian Thompson-Robinson,Bo Melton,10862,8204,1079,1245,-166,15,14.4,0.6
2024,QB,WR,QB_vs_WR,Dorian Thompson-Robinson,Kendrick Bourne,10862,4454,1079,1235,-156,15,35.9,-20.9
2024,QB,WR,QB_vs_WR,Dorian Thompson-Robinson,K.J. Osborn,10862,7066,1079,1200,-121,15,11.7,3.3
2024,QB,WR,QB_vs_WR,Dorian Thompson-Robinson,Zay Jones,10862,4080,1079,1200,-121,15,3.8,11.2
2024,QB,WR,QB_vs_WR,Dorian Thompson-Robinson,Johnny Wilson,10862,11636,1079,1179,-100,15,7.4,7.6
2024,QB,WR,QB_vs_WR,Dorian Thompson-Robinson,Darius Slayton,10862,6149,1079,1176,-97,15,71,-56
2024,QB,WR,QB_vs_WR,Dorian Thompson-Robinson,Noah Brown,10862,4234,1079,1115,-36,15,51.3,-36.3
2024,QB,WR,QB_vs_WR,Dorian Thompson-Robinson,Xavier Hutchinson,10862,10218,1079,1105,-26,15,11.2,3.8
2024,QB,WR,QB_vs_WR,Dorian Thompson-Robinson,Olamide Zaccheaus,10862,6271,1079,1024,55,15,62.3,-47.3
2024,QB,WR,QB_vs_WR,Dorian Thompson-Robinson,David Bell,10862,8118,1079,1004,75,15,2.7,12.3
2024,QB,WR,QB_vs_WR,Dorian Thompson-Robinson,Van Jefferson,10862,6853,1079,996,83,15,37.8,-22.8
2024,QB,TE,QB_vs_TE,Joe Burrow,Sam LaPorta,6770,10859,7517,7603,-86,359.8,134.8,225
2024,QB,TE,QB_vs_TE,Trevor Lawrence,Dalton Kincaid,7523,10236,5963,5985,-22,145.2,78.8,66.4
2024,QB,TE,QB_vs_TE,Trevor Lawrence,Brock Bowers,7523,11604,5963,5765,198,145.2,193.7,-48.5
2024,QB,TE,QB_vs_TE,Brock Purdy,Kyle Pitts,8183,7553,5541,5348,193,266.9,105.2,161.7
2024,QB,TE,QB_vs_TE,Dak Prescott,Kyle Pitts,3294,7553,5387,5348,39,116.5,105.2,11.3
2024,QB,TE,QB_vs_TE,Tua Tagovailoa,Kyle Pitts,6768,7553,5303,5348,-45,181.6,105.2,76.4
2024,QB,TE,QB_vs_TE,Drake Maye,Mark Andrews,11564,5012,4904,4957,-53,177.1,147.9,29.2
2024,QB,TE,QB_vs_TE,Jared Goff,Mark Andrews,3163,5012,4836,4957,-121,314.2,147.9,166.3
2024,QB,TE,QB_vs_TE,Bo Nix,Travis Kelce,11563,1466,4478,4498,-20,282.7,146.9,135.8
2024,QB,TE,QB_vs_TE,Bo Nix,T.J. Hockenson,11563,5844,4478,4433,45,282.7,64.1,218.6
2024,QB,TE,QB_vs_TE,Bryce Young,George Kittle,9228,4217,3952,3906,46,158.6,193.9,-35.3
2024,QB,TE,QB_vs_TE,Michael Penix Jr.,George Kittle,11559,4217,3831,3906,-75,19.1,193.9,-174.8
2024,QB,TE,QB_vs_TE,Michael Penix Jr.,Evan Engram,11559,4066,3831,3738,93,19.1,66,-46.9
2024,QB,TE,QB_vs_TE,Michael Penix Jr.,Jake Ferguson,11559,8110,3831,3738,93,19.1,72.7,-53.6
2024,QB,TE,QB_vs_TE,Will Levis,George Kittle,9999,4217,3784,3906,-122,108.1,193.9,-85.8
2024,QB,TE,QB_vs_TE,Will Levis,Evan Engram,9999,4066,3784,3738,46,108.1,66,42.1
2024,QB,TE,QB_vs_TE,Will Levis,Jake Ferguson,9999,8110,3784,3738,46,108.1,72.7,35.4
2024,QB,TE,QB_vs_TE,Will Levis,David Njoku,9999,4033,3784,3597,187,108.1,116.5,-8.4
2024,QB,TE,QB_vs_TE,Baker Mayfield,David Njoku,4892,4033,3403,3597,-194,344.2,116.5,227.7
2024,QB,TE,QB_vs_TE,Baker Mayfield,Ben Sinnott,4892,11596,3403,3307,96,344.2,11.3,332.9
2024,QB,TE,QB_vs_TE,Kirk Cousins,Ben Sinnott,1166,11596,3274,3307,-33,176.3,11.3,165
2024,QB,TE,QB_vs_TE,Matthew Stafford,Pat Freiermuth,421,7600,3099,3019,80,214.6,117.3,97.3
2024,QB,TE,QB_vs_TE,Matthew Stafford,Luke Musgrave,421,9481,3099,3008,91,214.6,5.6,209
2024,QB,TE,QB_vs_TE,Matthew Stafford,Isaiah Likely,421,8131,3099,2998,101,214.6,97.4,117.2
2024,QB,TE,QB_vs_TE,Matthew Stafford,Cole Kmet,421,6826,3099,2958,141,214.6,95.6,119
2024,QB,TE,QB_vs_TE,Matthew Stafford,Dalton Schultz,421,5001,3099,2908,191,214.6,87.3,127.3
2024,QB,TE,QB_vs_TE,Matthew Stafford,Dallas Goedert,421,5022,3099,2907,192,214.6,75.1,139.5
2024,QB,TE,QB_vs_TE,Deshaun Watson,Pat Freiermuth,4017,7600,3055,3019,36,76.7,117.3,-40.6
2024,QB,TE,QB_vs_TE,Deshaun Watson,Luke Musgrave,4017,9481,3055,3008,47,76.7,5.6,71.1
2024,QB,TE,QB_vs_TE,Deshaun Watson,Isaiah Likely,4017,8131,3055,2998,57,76.7,97.4,-20.7
2024,QB,TE,QB_vs_TE,Deshaun Watson,Cole Kmet,4017,6826,3055,2958,97,76.7,95.6,-18.9
2024,QB,TE,QB_vs_TE,Deshaun Watson,Dalton Schultz,4017,5001,3055,2908,147,76.7,87.3,-10.6
2024,QB,TE,QB_vs_TE,Deshaun Watson,Dallas Goedert,4017,5022,3055,2907,148,76.7,75.1,1.6
2024,QB,TE,QB_vs_TE,Justin Fields,Michael Mayer,7591,9482,2688,2565,123,119.1,22,97.1
2024,QB,TE,QB_vs_TE,Geno Smith,Michael Mayer,1373,9482,2672,2565,107,239.7,22,217.7
2024,QB,TE,QB_vs_TE,Aaron Rodgers,Michael Mayer,96,9482,2534,2565,-31,231.6,22,209.6
2024,QB,TE,QB_vs_TE,Aaron Rodgers,Greg Dulcich,96,8172,2534,2405,129,231.6,5.3,226.3
2024,QB,TE,QB_vs_TE,Aaron Rodgers,Cade Otton,96,8111,2534,2397,137,231.6,111.1,120.5
2024,QB,TE,QB_vs_TE,Aaron Rodgers,Tucker Kraft,96,9484,2534,2396,138,231.6,132.7,98.9
2024,QB,TE,QB_vs_TE,Aaron Rodgers,Ja'Tavion Sanders,96,11600,2534,2392,142,231.6,51.7,179.9
2024,QB,TE,QB_vs_TE,Daniel Jones,Michael Mayer,5870,9482,2424,2565,-141,135.3,22,113.3
2024,QB,TE,QB_vs_TE,Daniel Jones,Greg Dulcich,5870,8172,2424,2405,19,135.3,5.3,130
2024,QB,TE,QB_vs_TE,Daniel Jones,Cade Otton,5870,8111,2424,2397,27,135.3,111.1,24.2
2024,QB,TE,QB_vs_TE,Daniel Jones,Tucker Kraft,5870,9484,2424,2396,28,135.3,132.7,2.6
2024,QB,TE,QB_vs_TE,Daniel Jones,Ja'Tavion Sanders,5870,11600,2424,2392,32,135.3,51.7,83.6
2024,QB,TE,QB_vs_TE,Sam Darnold,Greg Dulcich,4943,8172,2317,2405,-88,300.3,5.3,295
2024,QB,TE,QB_vs_TE,Sam Darnold,Cade Otton,4943,8111,2317,2397,-80,300.3,111.1,189.2
2024,QB,TE,QB_vs_TE,Sam Darnold,Tucker Kraft,4943,9484,2317,2396,-79,300.3,132.7,167.6
2024,QB,TE,QB_vs_TE,Sam Darnold,Ja'Tavion Sanders,4943,11600,2317,2392,-75,300.3,51.7,248.6
2024,QB,TE,QB_vs_TE,Sam Darnold,Theo Johnson,4943,11597,2317,2127,190,300.3,53.6,246.7
2024,QB,TE,QB_vs_TE,Gardner Minshew,Greg Dulcich,6011,8172,2300,2405,-105,96.3,5.3,91
2024,QB,TE,QB_vs_TE,Gardner Minshew,Cade Otton,6011,8111,2300,2397,-97,96.3,111.1,-14.8
2024,QB,TE,QB_vs_TE,Gardner Minshew,Tucker Kraft,6011,9484,2300,2396,-96,96.3,132.7,-36.4
2024,QB,TE,QB_vs_TE,Gardner Minshew,Ja'Tavion Sanders,6011,11600,2300,2392,-92,96.3,51.7,44.6
2024,QB,TE,QB_vs_TE,Gardner Minshew,Theo Johnson,6011,11597,2300,2127,173,96.3,53.6,42.7
2024,QB,TE,QB_vs_TE,Derek Carr,Greg Dulcich,2028,8172,2212,2405,-193,150.9,5.3,145.6
2024,QB,TE,QB_vs_TE,Derek Carr,Cade Otton,2028,8111,2212,2397,-185,150.9,111.1,39.8
2024,QB,TE,QB_vs_TE,Derek Carr,Tucker Kraft,2028,9484,2212,2396,-184,150.9,132.7,18.2
2024,QB,TE,QB_vs_TE,Derek Carr,Ja'Tavion Sanders,2028,11600,2212,2392,-180,150.9,51.7,99.2
2024,QB,TE,QB_vs_TE,Derek Carr,Theo Johnson,2028,11597,2212,2127,85,150.9,53.6,97.3
2024,QB,TE,QB_vs_TE,Derek Carr,Chigoziem Okonkwo,2028,8210,2212,2053,159,150.9,87.6,63.3
2024,QB,TE,QB_vs_TE,Spencer Rattler,Theo Johnson,11562,11597,2069,2127,-58,52.6,53.6,-1
2024,QB,TE,QB_vs_TE,Spencer Rattler,Chigoziem Okonkwo,11562,8210,2069,2053,16,52.6,87.6,-35
2024,QB,TE,QB_vs_TE,Spencer Rattler,Noah Fant,11562,5857,2069,1981,88,52.6,65.2,-12.6
2024,QB,TE,QB_vs_TE,Spencer Rattler,Dawson Knox,11562,5906,2069,1872,197,52.6,48.1,4.5
2024,QB,TE,QB_vs_TE,Russell Wilson,Theo Johnson,1234,11597,2048,2127,-79,161.3,53.6,107.7
2024,QB,TE,QB_vs_TE,Russell Wilson,Chigoziem Okonkwo,1234,8210,2048,2053,-5,161.3,87.6,73.7
2024,QB,TE,QB_vs_TE,Russell Wilson,Noah Fant,1234,5857,2048,1981,67,161.3,65.2,96.1
2024,QB,TE,QB_vs_TE,Russell Wilson,Dawson Knox,1234,5906,2048,1872,176,161.3,48.1,113.2
2024,QB,TE,QB_vs_TE,Russell Wilson,Hunter Henry,1234,3214,2048,1857,191,161.3,112.4,48.9
2024,QB,TE,QB_vs_TE,Aidan O'Connell,Jonnu Smith,10866,4144,1573,1744,-171,77.6,164.2,-86.6
2024,QB,TE,QB_vs_TE,Aidan O'Connell,Juwan Johnson,10866,7002,1573,1744,-171,77.6,86.8,-9.2
2024,QB,TE,QB_vs_TE,Aidan O'Connell,Daniel Bellinger,10866,8225,1573,1721,-148,77.6,17.6,60
2024,QB,TE,QB_vs_TE,Aidan O'Connell,Jared Wiley,10866,11595,1573,1677,-104,77.6,1.2,76.4
2024,QB,TE,QB_vs_TE,Aidan O'Connell,Erick All,10866,11592,1573,1641,-68,77.6,25.8,51.8
2024,QB,TE,QB_vs_TE,Aidan O'Connell,Mike Gesicki,10866,4993,1573,1641,-68,77.6,98.2,-20.6
2024,QB,TE,QB_vs_TE,Aidan O'Connell,Taysom Hill,10866,4381,1573,1618,-45,77.6,90.8,-13.2
2024,QB,TE,QB_vs_TE,Aidan O'Connell,Darnell Washington,10866,9479,1573,1573,0,77.6,35.5,42.1
2024,QB,TE,QB_vs_TE,Aidan O'Connell,Luke Schoonmaker,10866,10871,1573,1520,53,77.6,41,36.6
2024,QB,TE,QB_vs_TE,Aidan O'Connell,Noah Gray,10866,7828,1573,1518,55,77.6,93.1,-15.5
2024,QB,TE,QB_vs_TE,Aidan O'Connell,Tyler Higbee,10866,3271,1573,1448,125,77.6,9.5,68.1
2024,QB,TE,QB_vs_TE,Jacoby Brissett,Jonnu Smith,3257,4144,1553,1744,-191,45.2,164.2,-119
2024,QB,TE,QB_vs_TE,Jacoby Brissett,Juwan Johnson,3257,7002,1553,1744,-191,45.2,86.8,-41.6
2024,QB,TE,QB_vs_TE,Jacoby Brissett,Daniel Bellinger,3257,8225,1553,1721,-168,45.2,17.6,27.6
2024,QB,TE,QB_vs_TE,Jacoby Brissett,Jared Wiley,3257,11595,1553,1677,-124,45.2,1.2,44
2024,QB,TE,QB_vs_TE,Jacoby Brissett,Erick All,3257,11592,1553,1641,-88,45.2,25.8,19.4
2024,QB,TE,QB_vs_TE,Jacoby Brissett,Mike Gesicki,3257,4993,1553,1641,-88,45.2,98.2,-53
2024,QB,TE,QB_vs_TE,Jacoby Brissett,Taysom Hill,3257,4381,1553,1618,-65,45.2,90.8,-45.6
2024,QB,TE,QB_vs_TE,Jacoby Brissett,Darnell Washington,3257,9479,1553,1573,-20,45.2,35.5,9.7
2024,QB,TE,QB_vs_TE,Jacoby Brissett,Luke Schoonmaker,3257,10871,1553,1520,33,45.2,41,4.2
2024,QB,TE,QB_vs_TE,Jacoby Brissett,Noah Gray,3257,7828,1553,1518,35,45.2,93.1,-47.9
2024,QB,TE,QB_vs_TE,Jacoby Brissett,Tyler Higbee,3257,3271,1553,1448,105,45.2,9.5,35.7
2024,QB,TE,QB_vs_TE,Jacoby Brissett,Zach Ertz,3257,1339,1553,1363,190,45.2,131.5,-86.3
2024,QB,TE,QB_vs_TE,Hendon Hooker,Taysom Hill,9998,4381,1438,1618,-180,2.7,90.8,-88.1
2024,QB,TE,QB_vs_TE,Hendon Hooker,Darnell Washington,9998,9479,1438,1573,-135,2.7,35.5,-32.8
2024,QB,TE,QB_vs_TE,Hendon Hooker,Luke Schoonmaker,9998,10871,1438,1520,-82,2.7,41,-38.3
2024,QB,TE,QB_vs_TE,Hendon Hooker,Noah Gray,9998,7828,1438,1518,-80,2.7,93.1,-90.4
2024,QB,TE,QB_vs_TE,Hendon Hooker,Tyler Higbee,9998,3271,1438,1448,-10,2.7,9.5,-6.8
2024,QB,TE,QB_vs_TE,Hendon Hooker,Zach Ertz,9998,1339,1438,1363,75,2.7,131.5,-128.8
2024,QB,TE,QB_vs_TE,Hendon Hooker,Brevin Jordan,9998,7568,1438,1298,140,2.7,1.7,1
2024,QB,TE,QB_vs_TE,Hendon Hooker,Davis Allen,9998,10214,1438,1240,198,2.7,6.9,-4.2
2024,QB,TE,QB_vs_TE,Jameis Winston,Tyler Higbee,2306,3271,1278,1448,-170,131.1,9.5,121.6
2024,QB,TE,QB_vs_TE,Jameis Winston,Zach Ertz,2306,1339,1278,1363,-85,131.1,131.5,-0.4
2024,QB,TE,QB_vs_TE,Jameis Winston,Brevin Jordan,2306,7568,1278,1298,-20,131.1,1.7,129.4
2024,QB,TE,QB_vs_TE,Jameis Winston,Davis Allen,2306,10214,1278,1240,38,131.1,6.9,124.2
2024,QB,TE,QB_vs_TE,Jameis Winston,Tommy Tremble,2306,7694,1278,1154,124,131.1,34.9,96.2
2024,QB,TE,QB_vs_TE,Jameis Winston,Jeremy Ruckert,2306,8145,1278,1120,158,131.1,18.5,112.6
2024,QB,TE,QB_vs_TE,Jameis Winston,Brenton Strange,2306,9480,1278,1101,177,131.1,63.1,68
2024,QB,TE,QB_vs_TE,Dorian Thompson-Robinson,Davis Allen,10862,10214,1079,1240,-161,15,6.9,8.1
2024,QB,TE,QB_vs_TE,Dorian Thompson-Robinson,Tommy Tremble,10862,7694,1079,1154,-75,15,34.9,-19.9
2024,QB,TE,QB_vs_TE,Dorian Thompson-Robinson,Jeremy Ruckert,10862,8145,1079,1120,-41,15,18.5,-3.5
2024,QB,TE,QB_vs_TE,Dorian Thompson-Robinson,Brenton Strange,10862,9480,1079,1101,-22,15,63.1,-48.1
2024,QB,TE,QB_vs_TE,Dorian Thompson-Robinson,AJ Barner,10862,11603,1079,1058,21,15,51.6,-36.6
2024,QB,TE,QB_vs_TE,Dorian Thompson-Robinson,Kylen Granson,10862,7602,1079,1010,69,15,24,-9
2024,QB,TE,QB_vs_TE,Dorian Thompson-Robinson,Gerald Everett,10862,4089,1079,998,81,15,7.6,7.4
2024,RB,WR,RB_vs_WR,Bijan Robinson,Amon-Ra St. Brown,9509,7547,8695,8857,-162,251.4,193.5,57.9
2024,RB,WR,RB_vs_WR,Bijan Robinson,Ja'Marr Chase,9509,7564,8695,8538,157,251.4,260.4,-9
2024,RB,WR,RB_vs_WR,Breece Hall,Marvin Harrison Jr.,8155,11628,8273,8293,-20,168.7,122.2,46.5
2024,RB,WR,RB_vs_WR,Jahmyr Gibbs,Garrett Wilson,9221,8146,7319,7302,17,269.9,145.8,124.1
2024,RB,WR,RB_vs_WR,Christian McCaffrey,Garrett Wilson,4034,8146,7268,7302,-34,32.8,145.8,-113
2024,RB,WR,RB_vs_WR,Jonathan Taylor,Drake London,6813,8112,6050,6088,-38,202.7,150.1,52.6
2024,RB,WR,RB_vs_WR,Jonathan Taylor,Jaylen Waddle,6813,7526,6050,5988,62,202.7,86.6,116.1
2024,RB,WR,RB_vs_WR,De'Von Achane,Drake London,9226,8112,5905,6088,-183,203.8,150.1,53.7
2024,RB,WR,RB_vs_WR,De'Von Achane,Jaylen Waddle,9226,7526,5905,5988,-83,203.8,86.6,117.2
2024,RB,WR,RB_vs_WR,De'Von Achane,Chris Olave,9226,8144,5905,5834,71,203.8,44.7,159.1
2024,RB,WR,RB_vs_WR,De'Von Achane,Brandon Aiyuk,9226,6803,5905,5809,96,203.8,37.4,166.4
2024,RB,WR,RB_vs_WR,De'Von Achane,Nico Collins,9226,7569,5905,5769,136,203.8,132.8,71
2024,RB,WR,RB_vs_WR,Travis Etienne,D.J. Moore,7543,4983,5470,5270,200,85.2,127,-41.8
2024,RB,WR,RB_vs_WR,Saquon Barkley,D.J. Moore,4866,4983,5152,5270,-118,322.3,127,195.3
2024,RB,WR,RB_vs_WR,Saquon Barkley,DK Metcalf,4866,5846,5152,5224,-72,322.3,113.9,208.4
2024,RB,WR,RB_vs_WR,Saquon Barkley,Tank Dell,4866,9502,5152,5118,34,322.3,89,233.3
2024,RB,WR,RB_vs_WR,Kyren Williams,D.J. Moore,8150,4983,5142,5270,-128,238.1,127,111.1
2024,RB,WR,RB_vs_WR,Kyren Williams,DK Metcalf,8150,5846,5142,5224,-82,238.1,113.9,124.2
2024,RB,WR,RB_vs_WR,Kyren Williams,Tank Dell,8150,9502,5142,5118,24,238.1,89,149.1
2024,RB,WR,RB_vs_WR,Kenneth Walker III,D.J. Moore,8151,4983,5112,5270,-158,135.2,127,8.2
2024,RB,WR,RB_vs_WR,Kenneth Walker III,DK Metcalf,8151,5846,5112,5224,-112,135.2,113.9,21.3
2024,RB,WR,RB_vs_WR,Kenneth Walker III,Tank Dell,8151,9502,5112,5118,-6,135.2,89,46.2
2024,RB,WR,RB_vs_WR,Kenneth Walker III,Rashee Rice,8151,10229,5112,4934,178,135.2,40.9,94.3
2024,RB,WR,RB_vs_WR,Isiah Pacheco,Tank Dell,8205,9502,4963,5118,-155,44.9,89,-44.1
2024,RB,WR,RB_vs_WR,Isiah Pacheco,Rashee Rice,8205,10229,4963,4934,29,44.9,40.9,4
2024,RB,WR,RB_vs_WR,Isiah Pacheco,Michael Pittman,8205,6819,4963,4893,70,44.9,89.6,-44.7
2024,RB,WR,RB_vs_WR,Isiah Pacheco,Brian Thomas Jr.,8205,11631,4963,4838,125,44.9,186.7,-141.8
2024,RB,WR,RB_vs_WR,Isiah Pacheco,Tee Higgins,8205,6801,4963,4775,188,44.9,143.8,-98.9
2024,RB,WR,RB_vs_WR,James Cook,Michael Pittman,8138,6819,4694,4893,-199,225.9,89.6,136.3
2024,RB,WR,RB_vs_WR,James Cook,Brian Thomas Jr.,8138,11631,4694,4838,-144,225.9,186.7,39.2
2024,RB,WR,RB_vs_WR,James Cook,Tee Higgins,8138,6801,4694,4775,-81,225.9,143.8,82.1
2024,RB,WR,RB_vs_WR,James Cook,Xavier Worthy,8138,11624,4694,4745,-51,225.9,128.2,97.7
2024,RB,WR,RB_vs_WR,James Cook,Jaxon Smith-Njigba,8138,9488,4694,4717,-23,225.9,151.7,74.2
2024,RB,WR,RB_vs_WR,James Cook,Zay Flowers,8138,9997,4694,4707,-13,225.9,133.4,92.5
2024,RB,WR,RB_vs_WR,James Cook,George Pickens,8138,8137,4694,4650,44,225.9,105.4,120.5
2024,RB,WR,RB_vs_WR,James Cook,Deebo Samuel,8138,5872,4694,4566,128,225.9,102.6,123.3
2024,RB,WR,RB_vs_WR,Jonathon Brooks,Michael Pittman,11583,6819,4694,4893,-199,4.5,89.6,-85.1
2024,RB,WR,RB_vs_WR,Jonathon Brooks,Brian Thomas Jr.,11583,11631,4694,4838,-144,4.5,186.7,-182.2
2024,RB,WR,RB_vs_WR,Jonathon Brooks,Tee Higgins,11583,6801,4694,4775,-81,4.5,143.8,-139.3
2024,RB,WR,RB_vs_WR,Jonathon Brooks,Xavier Worthy,11583,11624,4694,4745,-51,4.5,128.2,-123.7
2024,RB,WR,RB_vs_WR,Jonathon Brooks,Jaxon Smith-Njigba,11583,9488,4694,4717,-23,4.5,151.7,-147.2
2024,RB,WR,RB_vs_WR,Jonathon Brooks,Zay Flowers,11583,9997,4694,4707,-13,4.5,133.4,-128.9
2024,RB,WR,RB_vs_WR,Jonathon Brooks,George Pickens,11583,8137,4694,4650,44,4.5,105.4,-100.9
2024,RB,WR,RB_vs_WR,Jonathon Brooks,Deebo Samuel,11583,5872,4694,4566,128,4.5,102.6,-98.1
2024,RB,WR,RB_vs_WR,Josh Jacobs,Deebo Samuel,5850,5872,4407,4566,-159,246.5,102.6,143.9
2024,RB,WR,RB_vs_WR,Rachaad White,Jordan Addison,8136,9756,4070,4107,-37,148.6,149.5,-0.9
2024,RB,WR,RB_vs_WR,Rachaad White,Ladd McConkey,8136,11635,4070,4092,-22,148.6,147.4,1.2
2024,RB,WR,RB_vs_WR,Rachaad White,Jayden Reed,8136,10222,4070,4082,-12,148.6,138.9,9.7
2024,RB,WR,RB_vs_WR,Rachaad White,Cooper Kupp,8136,4039,4070,4080,-10,148.6,108,40.6
2024,RB,WR,RB_vs_WR,Rachaad White,Keon Coleman,8136,11637,4070,3969,101,148.6,78.5,70.1
2024,RB,WR,RB_vs_WR,Rachaad White,Davante Adams,8136,2133,4070,3960,110,148.6,141.5,7.1
2024,RB,WR,RB_vs_WR,Rachaad White,Mike Evans,8136,2216,4070,3943,127,148.6,157.5,-8.9
2024,RB,WR,RB_vs_WR,Derrick Henry,Terry McLaurin,3198,5927,3719,3788,-69,289.3,173.6,115.7
2024,RB,WR,RB_vs_WR,Trey Benson,Terry McLaurin,11589,5927,3653,3788,-135,41,173.6,-132.6
2024,RB,WR,RB_vs_WR,Trey Benson,Amari Cooper,11589,2309,3653,3453,200,41,78.7,-37.7
2024,RB,WR,RB_vs_WR,Tyjae Spears,Amari Cooper,9508,2309,3406,3453,-47,83.6,78.7,4.9
2024,RB,WR,RB_vs_WR,Tyjae Spears,Christian Watson,9508,8167,3406,3408,-2,83.6,76.3,7.3
2024,RB,WR,RB_vs_WR,Tyjae Spears,Christian Kirk,9508,4950,3406,3402,4,83.6,43.9,39.7
2024,RB,WR,RB_vs_WR,Tyjae Spears,Chris Godwin,9508,4037,3406,3382,24,83.6,87.8,-4.2
2024,RB,WR,RB_vs_WR,Tyjae Spears,Adonai Mitchell,9508,11625,3406,3339,67,83.6,30.8,52.8
2024,RB,WR,RB_vs_WR,Tyjae Spears,Calvin Ridley,9508,4981,3406,3317,89,83.6,127.9,-44.3
2024,RB,WR,RB_vs_WR,Tyjae Spears,Stefon Diggs,9508,2449,3406,3285,121,83.6,74.9,8.7
2024,RB,WR,RB_vs_WR,Tyjae Spears,Diontae Johnson,9508,5937,3406,3246,160,83.6,54.9,28.7
2024,RB,WR,RB_vs_WR,Tyjae Spears,Jameson Williams,9508,8148,3406,3241,165,83.6,150.8,-67.2
2024,RB,WR,RB_vs_WR,D'Andre Swift,Amari Cooper,6790,2309,3377,3453,-76,160,78.7,81.3
2024,RB,WR,RB_vs_WR,D'Andre Swift,Christian Watson,6790,8167,3377,3408,-31,160,76.3,83.7
2024,RB,WR,RB_vs_WR,D'Andre Swift,Christian Kirk,6790,4950,3377,3402,-25,160,43.9,116.1
2024,RB,WR,RB_vs_WR,D'Andre Swift,Chris Godwin,6790,4037,3377,3382,-5,160,87.8,72.2
2024,RB,WR,RB_vs_WR,D'Andre Swift,Adonai Mitchell,6790,11625,3377,3339,38,160,30.8,129.2
2024,RB,WR,RB_vs_WR,D'Andre Swift,Calvin Ridley,6790,4981,3377,3317,60,160,127.9,32.1
2024,RB,WR,RB_vs_WR,D'Andre Swift,Stefon Diggs,6790,2449,3377,3285,92,160,74.9,85.1
2024,RB,WR,RB_vs_WR,D'Andre Swift,Diontae Johnson,6790,5937,3377,3246,131,160,54.9,105.1
2024,RB,WR,RB_vs_WR,D'Andre Swift,Jameson Williams,6790,8148,3377,3241,136,160,150.8,9.2
2024,RB,WR,RB_vs_WR,Joe Mixon,Amari Cooper,4018,2309,3343,3453,-110,201.7,78.7,123
2024,RB,WR,RB_vs_WR,Joe Mixon,Christian Watson,4018,8167,3343,3408,-65,201.7,76.3,125.4
2024,RB,WR,RB_vs_WR,Joe Mixon,Christian Kirk,4018,4950,3343,3402,-59,201.7,43.9,157.8
2024,RB,WR,RB_vs_WR,Joe Mixon,Chris Godwin,4018,4037,3343,3382,-39,201.7,87.8,113.9
2024,RB,WR,RB_vs_WR,Joe Mixon,Adonai Mitchell,4018,11625,3343,3339,4,201.7,30.8,170.9
2024,RB,WR,RB_vs_WR,Joe Mixon,Calvin Ridley,4018,4981,3343,3317,26,201.7,127.9,73.8
2024,RB,WR,RB_vs_WR,Joe Mixon,Stefon Diggs,4018,2449,3343,3285,58,201.7,74.9,126.8
2024,RB,WR,RB_vs_WR,Joe Mixon,Diontae Johnson,4018,5937,3343,3246,97,201.7,54.9,146.8
2024,RB,WR,RB_vs_WR,Joe Mixon,Jameson Williams,4018,8148,3343,3241,102,201.7,150.8,50.9
2024,RB,WR,RB_vs_WR,Joe Mixon,Romeo Doubs,4018,8121,3343,3170,173,201.7,86.1,115.6
2024,RB,WR,RB_vs_WR,Javonte Williams,Amari Cooper,7588,2309,3341,3453,-112,98.1,78.7,19.4
2024,RB,WR,RB_vs_WR,Javonte Williams,Christian Watson,7588,8167,3341,3408,-67,98.1,76.3,21.8
2024,RB,WR,RB_vs_WR,Javonte Williams,Christian Kirk,7588,4950,3341,3402,-61,98.1,43.9,54.2
2024,RB,WR,RB_vs_WR,Javonte Williams,Chris Godwin,7588,4037,3341,3382,-41,98.1,87.8,10.3
2024,RB,WR,RB_vs_WR,Javonte Williams,Adonai Mitchell,7588,11625,3341,3339,2,98.1,30.8,67.3
2024,RB,WR,RB_vs_WR,Javonte Williams,Calvin Ridley,7588,4981,3341,3317,24,98.1,127.9,-29.8
2024,RB,WR,RB_vs_WR,Javonte Williams,Stefon Diggs,7588,2449,3341,3285,56,98.1,74.9,23.2
2024,RB,WR,RB_vs_WR,Javonte Williams,Diontae Johnson,7588,5937,3341,3246,95,98.1,54.9,43.2
2024,RB,WR,RB_vs_WR,Javonte Williams,Jameson Williams,7588,8148,3341,3241,100,98.1,150.8,-52.7
2024,RB,WR,RB_vs_WR,Javonte Williams,Romeo Doubs,7588,8121,3341,3170,171,98.1,86.1,12
2024,RB,WR,RB_vs_WR,Javonte Williams,Ja'Lynn Polk,7588,11619,3341,3142,199,98.1,20.7,77.4
2024,RB,WR,RB_vs_WR,Rhamondre Stevenson,Amari Cooper,7611,2309,3337,3453,-116,142.9,78.7,64.2
2024,RB,WR,RB_vs_WR,Rhamondre Stevenson,Christian Watson,7611,8167,3337,3408,-71,142.9,76.3,66.6
2024,RB,WR,RB_vs_WR,Rhamondre Stevenson,Christian Kirk,7611,4950,3337,3402,-65,142.9,43.9,99
2024,RB,WR,RB_vs_WR,Rhamondre Stevenson,Chris Godwin,7611,4037,3337,3382,-45,142.9,87.8,55.1
2024,RB,WR,RB_vs_WR,Rhamondre Stevenson,Adonai Mitchell,7611,11625,3337,3339,-2,142.9,30.8,112.1
2024,RB,WR,RB_vs_WR,Rhamondre Stevenson,Calvin Ridley,7611,4981,3337,3317,20,142.9,127.9,15
2024,RB,WR,RB_vs_WR,Rhamondre Stevenson,Stefon Diggs,7611,2449,3337,3285,52,142.9,74.9,68
2024,RB,WR,RB_vs_WR,Rhamondre Stevenson,Diontae Johnson,7611,5937,3337,3246,91,142.9,54.9,88
2024,RB,WR,RB_vs_WR,Rhamondre Stevenson,Jameson Williams,7611,8148,3337,3241,96,142.9,150.8,-7.9
2024,RB,WR,RB_vs_WR,Rhamondre Stevenson,Romeo Doubs,7611,8121,3337,3170,167,142.9,86.1,56.8
2024,RB,WR,RB_vs_WR,Rhamondre Stevenson,Ja'Lynn Polk,7611,11619,3337,3142,195,142.9,20.7,122.2
2024,RB,WR,RB_vs_WR,Alvin Kamara,Amari Cooper,4035,2309,3309,3453,-144,197.3,78.7,118.6
2024,RB,WR,RB_vs_WR,Alvin Kamara,Christian Watson,4035,8167,3309,3408,-99,197.3,76.3,121
2024,RB,WR,RB_vs_WR,Alvin Kamara,Christian Kirk,4035,4950,3309,3402,-93,197.3,43.9,153.4
2024,RB,WR,RB_vs_WR,Alvin Kamara,Chris Godwin,4035,4037,3309,3382,-73,197.3,87.8,109.5
2024,RB,WR,RB_vs_WR,Alvin Kamara,Adonai Mitchell,4035,11625,3309,3339,-30,197.3,30.8,166.5
2024,RB,WR,RB_vs_WR,Alvin Kamara,Calvin Ridley,4035,4981,3309,3317,-8,197.3,127.9,69.4
2024,RB,WR,RB_vs_WR,Alvin Kamara,Stefon Diggs,4035,2449,3309,3285,24,197.3,74.9,122.4
2024,RB,WR,RB_vs_WR,Alvin Kamara,Diontae Johnson,4035,5937,3309,3246,63,197.3,54.9,142.4
2024,RB,WR,RB_vs_WR,Alvin Kamara,Jameson Williams,4035,8148,3309,3241,68,197.3,150.8,46.5
2024,RB,WR,RB_vs_WR,Alvin Kamara,Romeo Doubs,4035,8121,3309,3170,139,197.3,86.1,111.2
2024,RB,WR,RB_vs_WR,Alvin Kamara,Ja'Lynn Polk,4035,11619,3309,3142,167,197.3,20.7,176.6
2024,RB,WR,RB_vs_WR,David Montgomery,Amari Cooper,5892,2309,3284,3453,-169,185.7,78.7,107
2024,RB,WR,RB_vs_WR,David Montgomery,Christian Watson,5892,8167,3284,3408,-124,185.7,76.3,109.4
2024,RB,WR,RB_vs_WR,David Montgomery,Christian Kirk,5892,4950,3284,3402,-118,185.7,43.9,141.8
2024,RB,WR,RB_vs_WR,David Montgomery,Chris Godwin,5892,4037,3284,3382,-98,185.7,87.8,97.9
2024,RB,WR,RB_vs_WR,David Montgomery,Adonai Mitchell,5892,11625,3284,3339,-55,185.7,30.8,154.9
2024,RB,WR,RB_vs_WR,David Montgomery,Calvin Ridley,5892,4981,3284,3317,-33,185.7,127.9,57.8
2024,RB,WR,RB_vs_WR,David Montgomery,Stefon Diggs,5892,2449,3284,3285,-1,185.7,74.9,110.8
2024,RB,WR,RB_vs_WR,David Montgomery,Diontae Johnson,5892,5937,3284,3246,38,185.7,54.9,130.8
2024,RB,WR,RB_vs_WR,David Montgomery,Jameson Williams,5892,8148,3284,3241,43,185.7,150.8,34.9
2024,RB,WR,RB_vs_WR,David Montgomery,Romeo Doubs,5892,8121,3284,3170,114,185.7,86.1,99.6
2024,RB,WR,RB_vs_WR,David Montgomery,Ja'Lynn Polk,5892,11619,3284,3142,142,185.7,20.7,165
2024,RB,WR,RB_vs_WR,David Montgomery,Xavier Legette,5892,11626,3284,3103,181,185.7,73.1,112.6
2024,RB,WR,RB_vs_WR,Blake Corum,Christian Watson,11586,8167,3244,3408,-164,24.3,76.3,-52
2024,RB,WR,RB_vs_WR,Blake Corum,Christian Kirk,11586,4950,3244,3402,-158,24.3,43.9,-19.6
2024,RB,WR,RB_vs_WR,Blake Corum,Chris Godwin,11586,4037,3244,3382,-138,24.3,87.8,-63.5
2024,RB,WR,RB_vs_WR,Blake Corum,Adonai Mitchell,11586,11625,3244,3339,-95,24.3,30.8,-6.5
2024,RB,WR,RB_vs_WR,Blake Corum,Calvin Ridley,11586,4981,3244,3317,-73,24.3,127.9,-103.6
2024,RB,WR,RB_vs_WR,Blake Corum,Stefon Diggs,11586,2449,3244,3285,-41,24.3,74.9,-50.6
2024,RB,WR,RB_vs_WR,Blake Corum,Diontae Johnson,11586,5937,3244,3246,-2,24.3,54.9,-30.6
2024,RB,WR,RB_vs_WR,Blake Corum,Jameson Williams,11586,8148,3244,3241,3,24.3,150.8,-126.5
2024,RB,WR,RB_vs_WR,Blake Corum,Romeo Doubs,11586,8121,3244,3170,74,24.3,86.1,-61.8
2024,RB,WR,RB_vs_WR,Blake Corum,Ja'Lynn Polk,11586,11619,3244,3142,102,24.3,20.7,3.6
2024,RB,WR,RB_vs_WR,Blake Corum,Xavier Legette,11586,11626,3244,3103,141,24.3,73.1,-48.8
2024,RB,WR,RB_vs_WR,Najee Harris,Christian Watson,7528,8167,3236,3408,-172,157,76.3,80.7
2024,RB,WR,RB_vs_WR,Najee Harris,Christian Kirk,7528,4950,3236,3402,-166,157,43.9,113.1
2024,RB,WR,RB_vs_WR,Najee Harris,Chris Godwin,7528,4037,3236,3382,-146,157,87.8,69.2
2024,RB,WR,RB_vs_WR,Najee Harris,Adonai Mitchell,7528,11625,3236,3339,-103,157,30.8,126.2
2024,RB,WR,RB_vs_WR,Najee Harris,Calvin Ridley,7528,4981,3236,3317,-81,157,127.9,29.1
2024,RB,WR,RB_vs_WR,Najee Harris,Stefon Diggs,7528,2449,3236,3285,-49,157,74.9,82.1
2024,RB,WR,RB_vs_WR,Najee Harris,Diontae Johnson,7528,5937,3236,3246,-10,157,54.9,102.1
2024,RB,WR,RB_vs_WR,Najee Harris,Jameson Williams,7528,8148,3236,3241,-5,157,150.8,6.2
2024,RB,WR,RB_vs_WR,Najee Harris,Romeo Doubs,7528,8121,3236,3170,66,157,86.1,70.9
2024,RB,WR,RB_vs_WR,Najee Harris,Ja'Lynn Polk,7528,11619,3236,3142,94,157,20.7,136.3
2024,RB,WR,RB_vs_WR,Najee Harris,Xavier Legette,7528,11626,3236,3103,133,157,73.1,83.9
2024,RB,WR,RB_vs_WR,Zamir White,Christian Watson,8139,8167,3218,3408,-190,23.3,76.3,-53
2024,RB,WR,RB_vs_WR,Zamir White,Christian Kirk,8139,4950,3218,3402,-184,23.3,43.9,-20.6
2024,RB,WR,RB_vs_WR,Zamir White,Chris Godwin,8139,4037,3218,3382,-164,23.3,87.8,-64.5
2024,RB,WR,RB_vs_WR,Zamir White,Adonai Mitchell,8139,11625,3218,3339,-121,23.3,30.8,-7.5
2024,RB,WR,RB_vs_WR,Zamir White,Calvin Ridley,8139,4981,3218,3317,-99,23.3,127.9,-104.6
2024,RB,WR,RB_vs_WR,Zamir White,Stefon Diggs,8139,2449,3218,3285,-67,23.3,74.9,-51.6
2024,RB,WR,RB_vs_WR,Zamir White,Diontae Johnson,8139,5937,3218,3246,-28,23.3,54.9,-31.6
2024,RB,WR,RB_vs_WR,Zamir White,Jameson Williams,8139,8148,3218,3241,-23,23.3,150.8,-127.5
2024,RB,WR,RB_vs_WR,Zamir White,Romeo Doubs,8139,8121,3218,3170,48,23.3,86.1,-62.8
2024,RB,WR,RB_vs_WR,Zamir White,Ja'Lynn Polk,8139,11619,3218,3142,76,23.3,20.7,2.6
2024,RB,WR,RB_vs_WR,Zamir White,Xavier Legette,8139,11626,3218,3103,115,23.3,73.1,-49.8
2024,RB,WR,RB_vs_WR,Brian Robinson,Christian Watson,8154,8167,3216,3408,-192,138.2,76.3,61.9
2024,RB,WR,RB_vs_WR,Brian Robinson,Christian Kirk,8154,4950,3216,3402,-186,138.2,43.9,94.3
2024,RB,WR,RB_vs_WR,Brian Robinson,Chris Godwin,8154,4037,3216,3382,-166,138.2,87.8,50.4
2024,RB,WR,RB_vs_WR,Brian Robinson,Adonai Mitchell,8154,11625,3216,3339,-123,138.2,30.8,107.4
2024,RB,WR,RB_vs_WR,Brian Robinson,Calvin Ridley,8154,4981,3216,3317,-101,138.2,127.9,10.3
2024,RB,WR,RB_vs_WR,Brian Robinson,Stefon Diggs,8154,2449,3216,3285,-69,138.2,74.9,63.3
2024,RB,WR,RB_vs_WR,Brian Robinson,Diontae Johnson,8154,5937,3216,3246,-30,138.2,54.9,83.3
2024,RB,WR,RB_vs_WR,Brian Robinson,Jameson Williams,8154,8148,3216,3241,-25,138.2,150.8,-12.6
2024,RB,WR,RB_vs_WR,Brian Robinson,Romeo Doubs,8154,8121,3216,3170,46,138.2,86.1,52.1
2024,RB,WR,RB_vs_WR,Brian Robinson,Ja'Lynn Polk,8154,11619,3216,3142,74,138.2,20.7,117.5
2024,RB,WR,RB_vs_WR,Brian Robinson,Xavier Legette,8154,11626,3216,3103,113,138.2,73.1,65.1
2024,RB,WR,RB_vs_WR,Jaylen Warren,Adonai Mitchell,8228,11625,3161,3339,-178,84,30.8,53.2
2024,RB,WR,RB_vs_WR,Jaylen Warren,Calvin Ridley,8228,4981,3161,3317,-156,84,127.9,-43.9
2024,RB,WR,RB_vs_WR,Jaylen Warren,Stefon Diggs,8228,2449,3161,3285,-124,84,74.9,9.1
2024,RB,WR,RB_vs_WR,Jaylen Warren,Diontae Johnson,8228,5937,3161,3246,-85,84,54.9,29.1
2024,RB,WR,RB_vs_WR,Jaylen Warren,Jameson Williams,8228,8148,3161,3241,-80,84,150.8,-66.8
2024,RB,WR,RB_vs_WR,Jaylen Warren,Romeo Doubs,8228,8121,3161,3170,-9,84,86.1,-2.1
2024,RB,WR,RB_vs_WR,Jaylen Warren,Ja'Lynn Polk,8228,11619,3161,3142,19,84,20.7,63.3
2024,RB,WR,RB_vs_WR,Jaylen Warren,Xavier Legette,8228,11626,3161,3103,58,84,73.1,10.9
2024,RB,WR,RB_vs_WR,Chase Brown,Calvin Ridley,9224,4981,3117,3317,-200,201,127.9,73.1
2024,RB,WR,RB_vs_WR,Chase Brown,Stefon Diggs,9224,2449,3117,3285,-168,201,74.9,126.1
2024,RB,WR,RB_vs_WR,Chase Brown,Diontae Johnson,9224,5937,3117,3246,-129,201,54.9,146.1
2024,RB,WR,RB_vs_WR,Chase Brown,Jameson Williams,9224,8148,3117,3241,-124,201,150.8,50.2
2024,RB,WR,RB_vs_WR,Chase Brown,Romeo Doubs,9224,8121,3117,3170,-53,201,86.1,114.9
2024,RB,WR,RB_vs_WR,Chase Brown,Ja'Lynn Polk,9224,11619,3117,3142,-25,201,20.7,180.3
2024,RB,WR,RB_vs_WR,Chase Brown,Xavier Legette,9224,11626,3117,3103,14,201,73.1,127.9
2024,RB,WR,RB_vs_WR,Chase Brown,Khalil Shakir,9224,8134,3117,2948,169,201,106.5,94.5
2024,RB,WR,RB_vs_WR,Chase Brown,Dontayvion Wicks,9224,9486,3117,2945,172,201,66.6,134.4
2024,RB,WR,RB_vs_WR,Jerome Ford,Stefon Diggs,8143,2449,3095,3285,-190,97,74.9,22.1
2024,RB,WR,RB_vs_WR,Jerome Ford,Diontae Johnson,8143,5937,3095,3246,-151,97,54.9,42.1
2024,RB,WR,RB_vs_WR,Jerome Ford,Jameson Williams,8143,8148,3095,3241,-146,97,150.8,-53.8
2024,RB,WR,RB_vs_WR,Jerome Ford,Romeo Doubs,8143,8121,3095,3170,-75,97,86.1,10.9
2024,RB,WR,RB_vs_WR,Jerome Ford,Ja'Lynn Polk,8143,11619,3095,3142,-47,97,20.7,76.3
2024,RB,WR,RB_vs_WR,Jerome Ford,Xavier Legette,8143,11626,3095,3103,-8,97,73.1,23.9
2024,RB,WR,RB_vs_WR,Jerome Ford,Khalil Shakir,8143,8134,3095,2948,147,97,106.5,-9.5
2024,RB,WR,RB_vs_WR,Jerome Ford,Dontayvion Wicks,8143,9486,3095,2945,150,97,66.6,30.4
2024,RB,WR,RB_vs_WR,Jerome Ford,Marquise Brown,8143,5848,3095,2909,186,97,9.1,87.9
2024,RB,WR,RB_vs_WR,Jerome Ford,Josh Downs,8143,9500,3095,2904,191,97,102.1,-5.1
2024,RB,WR,RB_vs_WR,James Conner,Stefon Diggs,4137,2449,3093,3285,-192,206.8,74.9,131.9
2024,RB,WR,RB_vs_WR,James Conner,Diontae Johnson,4137,5937,3093,3246,-153,206.8,54.9,151.9
2024,RB,WR,RB_vs_WR,James Conner,Jameson Williams,4137,8148,3093,3241,-148,206.8,150.8,56
2024,RB,WR,RB_vs_WR,James Conner,Romeo Doubs,4137,8121,3093,3170,-77,206.8,86.1,120.7
2024,RB,WR,RB_vs_WR,James Conner,Ja'Lynn Polk,4137,11619,3093,3142,-49,206.8,20.7,186.1
2024,RB,WR,RB_vs_WR,James Conner,Xavier Legette,4137,11626,3093,3103,-10,206.8,73.1,133.7
2024,RB,WR,RB_vs_WR,James Conner,Khalil Shakir,4137,8134,3093,2948,145,206.8,106.5,100.3
2024,RB,WR,RB_vs_WR,James Conner,Dontayvion Wicks,4137,9486,3093,2945,148,206.8,66.6,140.2
2024,RB,WR,RB_vs_WR,James Conner,Marquise Brown,4137,5848,3093,2909,184,206.8,9.1,197.7
2024,RB,WR,RB_vs_WR,James Conner,Josh Downs,4137,9500,3093,2904,189,206.8,102.1,104.7
2024,RB,WR,RB_vs_WR,Jaylen Wright,Stefon Diggs,11643,2449,3086,3285,-199,24.1,74.9,-50.8
2024,RB,WR,RB_vs_WR,Jaylen Wright,Diontae Johnson,11643,5937,3086,3246,-160,24.1,54.9,-30.8
2024,RB,WR,RB_vs_WR,Jaylen Wright,Jameson Williams,11643,8148,3086,3241,-155,24.1,150.8,-126.7
2024,RB,WR,RB_vs_WR,Jaylen Wright,Romeo Doubs,11643,8121,3086,3170,-84,24.1,86.1,-62
2024,RB,WR,RB_vs_WR,Jaylen Wright,Ja'Lynn Polk,11643,11619,3086,3142,-56,24.1,20.7,3.4
2024,RB,WR,RB_vs_WR,Jaylen Wright,Xavier Legette,11643,11626,3086,3103,-17,24.1,73.1,-49
2024,RB,WR,RB_vs_WR,Jaylen Wright,Khalil Shakir,11643,8134,3086,2948,138,24.1,106.5,-82.4
2024,RB,WR,RB_vs_WR,Jaylen Wright,Dontayvion Wicks,11643,9486,3086,2945,141,24.1,66.6,-42.5
2024,RB,WR,RB_vs_WR,Jaylen Wright,Marquise Brown,11643,5848,3086,2909,177,24.1,9.1,15
2024,RB,WR,RB_vs_WR,Jaylen Wright,Josh Downs,11643,9500,3086,2904,182,24.1,102.1,-78
2024,RB,WR,RB_vs_WR,Tony Pollard,Romeo Doubs,5967,8121,2997,3170,-173,153.5,86.1,67.4
2024,RB,WR,RB_vs_WR,Tony Pollard,Ja'Lynn Polk,5967,11619,2997,3142,-145,153.5,20.7,132.8
2024,RB,WR,RB_vs_WR,Tony Pollard,Xavier Legette,5967,11626,2997,3103,-106,153.5,73.1,80.4
2024,RB,WR,RB_vs_WR,Tony Pollard,Khalil Shakir,5967,8134,2997,2948,49,153.5,106.5,47
2024,RB,WR,RB_vs_WR,Tony Pollard,Dontayvion Wicks,5967,9486,2997,2945,52,153.5,66.6,86.9
2024,RB,WR,RB_vs_WR,Tony Pollard,Marquise Brown,5967,5848,2997,2909,88,153.5,9.1,144.4
2024,RB,WR,RB_vs_WR,Tony Pollard,Josh Downs,5967,9500,2997,2904,93,153.5,102.1,51.4
2024,RB,WR,RB_vs_WR,Tony Pollard,Ricky Pearsall,5967,11638,2997,2848,149,153.5,49.6,103.9
2024,RB,WR,RB_vs_WR,Aaron Jones,Xavier Legette,4199,11626,2917,3103,-186,183.1,73.1,110
2024,RB,WR,RB_vs_WR,Aaron Jones,Khalil Shakir,4199,8134,2917,2948,-31,183.1,106.5,76.6
2024,RB,WR,RB_vs_WR,Aaron Jones,Dontayvion Wicks,4199,9486,2917,2945,-28,183.1,66.6,116.5
2024,RB,WR,RB_vs_WR,Aaron Jones,Marquise Brown,4199,5848,2917,2909,8,183.1,9.1,174
2024,RB,WR,RB_vs_WR,Aaron Jones,Josh Downs,4199,9500,2917,2904,13,183.1,102.1,81
2024,RB,WR,RB_vs_WR,Aaron Jones,Ricky Pearsall,4199,11638,2917,2848,69,183.1,49.6,133.5
2024,RB,WR,RB_vs_WR,Aaron Jones,Keenan Allen,4199,1479,2917,2788,129,183.1,113.9,69.2
2024,RB,WR,RB_vs_WR,Aaron Jones,Courtland Sutton,4199,5045,2917,2773,144,183.1,143.5,39.6
2024,RB,WR,RB_vs_WR,Zach Charbonnet,Khalil Shakir,9753,8134,2839,2948,-109,135.8,106.5,29.3
2024,RB,WR,RB_vs_WR,Zach Charbonnet,Dontayvion Wicks,9753,9486,2839,2945,-106,135.8,66.6,69.2
2024,RB,WR,RB_vs_WR,Zach Charbonnet,Marquise Brown,9753,5848,2839,2909,-70,135.8,9.1,126.7
2024,RB,WR,RB_vs_WR,Zach Charbonnet,Josh Downs,9753,9500,2839,2904,-65,135.8,102.1,33.7
2024,RB,WR,RB_vs_WR,Zach Charbonnet,Ricky Pearsall,9753,11638,2839,2848,-9,135.8,49.6,86.2
2024,RB,WR,RB_vs_WR,Zach Charbonnet,Keenan Allen,9753,1479,2839,2788,51,135.8,113.9,21.9
2024,RB,WR,RB_vs_WR,Zach Charbonnet,Courtland Sutton,9753,5045,2839,2773,66,135.8,143.5,-7.7
2024,RB,WR,RB_vs_WR,Zach Charbonnet,Josh Palmer,9753,7670,2839,2701,138,135.8,68.4,67.4
2024,RB,WR,RB_vs_WR,Zach Charbonnet,Jalen McMillan,9753,11618,2839,2655,184,135.8,84.4,51.4
2024,RB,WR,RB_vs_WR,MarShawn Lloyd,Khalil Shakir,11581,8134,2814,2948,-134,1.8,106.5,-104.7
2024,RB,WR,RB_vs_WR,MarShawn Lloyd,Dontayvion Wicks,11581,9486,2814,2945,-131,1.8,66.6,-64.8
2024,RB,WR,RB_vs_WR,MarShawn Lloyd,Marquise Brown,11581,5848,2814,2909,-95,1.8,9.1,-7.3
2024,RB,WR,RB_vs_WR,MarShawn Lloyd,Josh Downs,11581,9500,2814,2904,-90,1.8,102.1,-100.3
2024,RB,WR,RB_vs_WR,MarShawn Lloyd,Ricky Pearsall,11581,11638,2814,2848,-34,1.8,49.6,-47.8
2024,RB,WR,RB_vs_WR,MarShawn Lloyd,Keenan Allen,11581,1479,2814,2788,26,1.8,113.9,-112.1
2024,RB,WR,RB_vs_WR,MarShawn Lloyd,Courtland Sutton,11581,5045,2814,2773,41,1.8,143.5,-141.7
2024,RB,WR,RB_vs_WR,MarShawn Lloyd,Josh Palmer,11581,7670,2814,2701,113,1.8,68.4,-66.6
2024,RB,WR,RB_vs_WR,MarShawn Lloyd,Jalen McMillan,11581,11618,2814,2655,159,1.8,84.4,-82.6
2024,RB,WR,RB_vs_WR,Zack Moss,Ricky Pearsall,6845,11638,2681,2848,-167,58.9,49.6,9.3
2024,RB,WR,RB_vs_WR,Zack Moss,Keenan Allen,6845,1479,2681,2788,-107,58.9,113.9,-55
2024,RB,WR,RB_vs_WR,Zack Moss,Courtland Sutton,6845,5045,2681,2773,-92,58.9,143.5,-84.6
2024,RB,WR,RB_vs_WR,Zack Moss,Josh Palmer,6845,7670,2681,2701,-20,58.9,68.4,-9.5
2024,RB,WR,RB_vs_WR,Zack Moss,Jalen McMillan,6845,11618,2681,2655,26,58.9,84.4,-25.5
2024,RB,WR,RB_vs_WR,Zack Moss,Jermaine Burton,6845,11640,2681,2613,68,58.9,10.7,48.2
2024,RB,WR,RB_vs_WR,Zack Moss,Jerry Jeudy,6845,6783,2681,2569,112,58.9,144.6,-85.7
2024,RB,WR,RB_vs_WR,Zack Moss,Rashid Shaheed,6845,8676,2681,2554,127,58.9,59.8,-0.9
2024,RB,WR,RB_vs_WR,Zack Moss,Michael Wilson,6845,10232,2681,2522,159,58.9,77.5,-18.6
2024,RB,WR,RB_vs_WR,Zack Moss,Jakobi Meyers,6845,5947,2681,2494,187,58.9,112.7,-53.8
2024,RB,WR,RB_vs_WR,Raheem Mostert,Ricky Pearsall,2749,11638,2675,2848,-173,51.9,49.6,2.3
2024,RB,WR,RB_vs_WR,Raheem Mostert,Keenan Allen,2749,1479,2675,2788,-113,51.9,113.9,-62
2024,RB,WR,RB_vs_WR,Raheem Mostert,Courtland Sutton,2749,5045,2675,2773,-98,51.9,143.5,-91.6
2024,RB,WR,RB_vs_WR,Raheem Mostert,Josh Palmer,2749,7670,2675,2701,-26,51.9,68.4,-16.5
2024,RB,WR,RB_vs_WR,Raheem Mostert,Jalen McMillan,2749,11618,2675,2655,20,51.9,84.4,-32.5
2024,RB,WR,RB_vs_WR,Raheem Mostert,Jermaine Burton,2749,11640,2675,2613,62,51.9,10.7,41.2
2024,RB,WR,RB_vs_WR,Raheem Mostert,Jerry Jeudy,2749,6783,2675,2569,106,51.9,144.6,-92.7
2024,RB,WR,RB_vs_WR,Raheem Mostert,Rashid Shaheed,2749,8676,2675,2554,121,51.9,59.8,-7.9
2024,RB,WR,RB_vs_WR,Raheem Mostert,Michael Wilson,2749,10232,2675,2522,153,51.9,77.5,-25.6
2024,RB,WR,RB_vs_WR,Raheem Mostert,Jakobi Meyers,2749,5947,2675,2494,181,51.9,112.7,-60.8
2024,RB,WR,RB_vs_WR,Braelon Allen,Keenan Allen,11576,1479,2591,2788,-197,63.9,113.9,-50
2024,RB,WR,RB_vs_WR,Braelon Allen,Courtland Sutton,11576,5045,2591,2773,-182,63.9,143.5,-79.6
2024,RB,WR,RB_vs_WR,Braelon Allen,Josh Palmer,11576,7670,2591,2701,-110,63.9,68.4,-4.5
2024,RB,WR,RB_vs_WR,Braelon Allen,Jalen McMillan,11576,11618,2591,2655,-64,63.9,84.4,-20.5
2024,RB,WR,RB_vs_WR,Braelon Allen,Jermaine Burton,11576,11640,2591,2613,-22,63.9,10.7,53.2
2024,RB,WR,RB_vs_WR,Braelon Allen,Jerry Jeudy,11576,6783,2591,2569,22,63.9,144.6,-80.7
2024,RB,WR,RB_vs_WR,Braelon Allen,Rashid Shaheed,11576,8676,2591,2554,37,63.9,59.8,4.1
2024,RB,WR,RB_vs_WR,Braelon Allen,Michael Wilson,11576,10232,2591,2522,69,63.9,77.5,-13.6
2024,RB,WR,RB_vs_WR,Braelon Allen,Jakobi Meyers,11576,5947,2591,2494,97,63.9,112.7,-48.8
2024,RB,WR,RB_vs_WR,Braelon Allen,Demario Douglas,11576,9501,2591,2446,145,63.9,78.3,-14.4
2024,RB,WR,RB_vs_WR,Braelon Allen,Luke McCaffrey,11576,11650,2591,2438,153,63.9,16.8,47.1
2024,RB,WR,RB_vs_WR,Nick Chubb,Courtland Sutton,4988,5045,2579,2773,-194,58.3,143.5,-85.2
2024,RB,WR,RB_vs_WR,Nick Chubb,Josh Palmer,4988,7670,2579,2701,-122,58.3,68.4,-10.1
2024,RB,WR,RB_vs_WR,Nick Chubb,Jalen McMillan,4988,11618,2579,2655,-76,58.3,84.4,-26.1
2024,RB,WR,RB_vs_WR,Nick Chubb,Jermaine Burton,4988,11640,2579,2613,-34,58.3,10.7,47.6
2024,RB,WR,RB_vs_WR,Nick Chubb,Jerry Jeudy,4988,6783,2579,2569,10,58.3,144.6,-86.3
2024,RB,WR,RB_vs_WR,Nick Chubb,Rashid Shaheed,4988,8676,2579,2554,25,58.3,59.8,-1.5
2024,RB,WR,RB_vs_WR,Nick Chubb,Michael Wilson,4988,10232,2579,2522,57,58.3,77.5,-19.2
2024,RB,WR,RB_vs_WR,Nick Chubb,Jakobi Meyers,4988,5947,2579,2494,85,58.3,112.7,-54.4
2024,RB,WR,RB_vs_WR,Nick Chubb,Demario Douglas,4988,9501,2579,2446,133,58.3,78.3,-20
2024,RB,WR,RB_vs_WR,Nick Chubb,Luke McCaffrey,4988,11650,2579,2438,141,58.3,16.8,41.5
2024,RB,WR,RB_vs_WR,Devin Singletary,Courtland Sutton,6130,5045,2576,2773,-197,73.9,143.5,-69.6
2024,RB,WR,RB_vs_WR,Devin Singletary,Josh Palmer,6130,7670,2576,2701,-125,73.9,68.4,5.5
2024,RB,WR,RB_vs_WR,Devin Singletary,Jalen McMillan,6130,11618,2576,2655,-79,73.9,84.4,-10.5
2024,RB,WR,RB_vs_WR,Devin Singletary,Jermaine Burton,6130,11640,2576,2613,-37,73.9,10.7,63.2
2024,RB,WR,RB_vs_WR,Devin Singletary,Jerry Jeudy,6130,6783,2576,2569,7,73.9,144.6,-70.7
2024,RB,WR,RB_vs_WR,Devin Singletary,Rashid Shaheed,6130,8676,2576,2554,22,73.9,59.8,14.1
2024,RB,WR,RB_vs_WR,Devin Singletary,Michael Wilson,6130,10232,2576,2522,54,73.9,77.5,-3.6
2024,RB,WR,RB_vs_WR,Devin Singletary,Jakobi Meyers,6130,5947,2576,2494,82,73.9,112.7,-38.8
2024,RB,WR,RB_vs_WR,Devin Singletary,Demario Douglas,6130,9501,2576,2446,130,73.9,78.3,-4.4
2024,RB,WR,RB_vs_WR,Devin Singletary,Luke McCaffrey,6130,11650,2576,2438,138,73.9,16.8,57.1
2024,RB,WR,RB_vs_WR,Devin Singletary,Curtis Samuel,6130,4082,2576,2377,199,73.9,27.5,46.4
2024,RB,WR,RB_vs_WR,Bucky Irving,Josh Palmer,11584,7670,2561,2701,-140,183,68.4,114.6
2024,RB,WR,RB_vs_WR,Bucky Irving,Jalen McMillan,11584,11618,2561,2655,-94,183,84.4,98.6
2024,RB,WR,RB_vs_WR,Bucky Irving,Jermaine Burton,11584,11640,2561,2613,-52,183,10.7,172.3
2024,RB,WR,RB_vs_WR,Bucky Irving,Jerry Jeudy,11584,6783,2561,2569,-8,183,144.6,38.4
2024,RB,WR,RB_vs_WR,Bucky Irving,Rashid Shaheed,11584,8676,2561,2554,7,183,59.8,123.2
2024,RB,WR,RB_vs_WR,Bucky Irving,Michael Wilson,11584,10232,2561,2522,39,183,77.5,105.5
2024,RB,WR,RB_vs_WR,Bucky Irving,Jakobi Meyers,11584,5947,2561,2494,67,183,112.7,70.3
2024,RB,WR,RB_vs_WR,Bucky Irving,Demario Douglas,11584,9501,2561,2446,115,183,78.3,104.7
2024,RB,WR,RB_vs_WR,Bucky Irving,Luke McCaffrey,11584,11650,2561,2438,123,183,16.8,166.2
2024,RB,WR,RB_vs_WR,Bucky Irving,Curtis Samuel,11584,4082,2561,2377,184,183,27.5,155.5
2024,RB,WR,RB_vs_WR,Bucky Irving,DeAndre Hopkins,11584,1426,2561,2364,197,183,91,92
2024,RB,WR,RB_vs_WR,Jaleel McLaughlin,Josh Palmer,11439,7670,2551,2701,-150,68.4,68.4,0
2024,RB,WR,RB_vs_WR,Jaleel McLaughlin,Jalen McMillan,11439,11618,2551,2655,-104,68.4,84.4,-16
2024,RB,WR,RB_vs_WR,Jaleel McLaughlin,Jermaine Burton,11439,11640,2551,2613,-62,68.4,10.7,57.7
2024,RB,WR,RB_vs_WR,Jaleel McLaughlin,Jerry Jeudy,11439,6783,2551,2569,-18,68.4,144.6,-76.2
2024,RB,WR,RB_vs_WR,Jaleel McLaughlin,Rashid Shaheed,11439,8676,2551,2554,-3,68.4,59.8,8.6
2024,RB,WR,RB_vs_WR,Jaleel McLaughlin,Michael Wilson,11439,10232,2551,2522,29,68.4,77.5,-9.1
2024,RB,WR,RB_vs_WR,Jaleel McLaughlin,Jakobi Meyers,11439,5947,2551,2494,57,68.4,112.7,-44.3
2024,RB,WR,RB_vs_WR,Jaleel McLaughlin,Demario Douglas,11439,9501,2551,2446,105,68.4,78.3,-9.9
2024,RB,WR,RB_vs_WR,Jaleel McLaughlin,Luke McCaffrey,11439,11650,2551,2438,113,68.4,16.8,51.6
2024,RB,WR,RB_vs_WR,Jaleel McLaughlin,Curtis Samuel,11439,4082,2551,2377,174,68.4,27.5,40.9
2024,RB,WR,RB_vs_WR,Jaleel McLaughlin,DeAndre Hopkins,11439,1426,2551,2364,187,68.4,91,-22.6
2024,RB,WR,RB_vs_WR,Rico Dowdle,Josh Palmer,7021,7670,2536,2701,-165,144.4,68.4,76
2024,RB,WR,RB_vs_WR,Rico Dowdle,Jalen McMillan,7021,11618,2536,2655,-119,144.4,84.4,60
2024,RB,WR,RB_vs_WR,Rico Dowdle,Jermaine Burton,7021,11640,2536,2613,-77,144.4,10.7,133.7
2024,RB,WR,RB_vs_WR,Rico Dowdle,Jerry Jeudy,7021,6783,2536,2569,-33,144.4,144.6,-0.2
2024,RB,WR,RB_vs_WR,Rico Dowdle,Rashid Shaheed,7021,8676,2536,2554,-18,144.4,59.8,84.6
2024,RB,WR,RB_vs_WR,Rico Dowdle,Michael Wilson,7021,10232,2536,2522,14,144.4,77.5,66.9
2024,RB,WR,RB_vs_WR,Rico Dowdle,Jakobi Meyers,7021,5947,2536,2494,42,144.4,112.7,31.7
2024,RB,WR,RB_vs_WR,Rico Dowdle,Demario Douglas,7021,9501,2536,2446,90,144.4,78.3,66.1
2024,RB,WR,RB_vs_WR,Rico Dowdle,Luke McCaffrey,7021,11650,2536,2438,98,144.4,16.8,127.6
2024,RB,WR,RB_vs_WR,Rico Dowdle,Curtis Samuel,7021,4082,2536,2377,159,144.4,27.5,116.9
2024,RB,WR,RB_vs_WR,Rico Dowdle,DeAndre Hopkins,7021,1426,2536,2364,172,144.4,91,53.4
2024,RB,WR,RB_vs_WR,Tyler Allgeier,Jalen McMillan,8132,11618,2460,2655,-195,86.3,84.4,1.9
2024,RB,WR,RB_vs_WR,Tyler Allgeier,Jermaine Burton,8132,11640,2460,2613,-153,86.3,10.7,75.6
2024,RB,WR,RB_vs_WR,Tyler Allgeier,Jerry Jeudy,8132,6783,2460,2569,-109,86.3,144.6,-58.3
2024,RB,WR,RB_vs_WR,Tyler Allgeier,Rashid Shaheed,8132,8676,2460,2554,-94,86.3,59.8,26.5
2024,RB,WR,RB_vs_WR,Tyler Allgeier,Michael Wilson,8132,10232,2460,2522,-62,86.3,77.5,8.8
2024,RB,WR,RB_vs_WR,Tyler Allgeier,Jakobi Meyers,8132,5947,2460,2494,-34,86.3,112.7,-26.4
2024,RB,WR,RB_vs_WR,Tyler Allgeier,Demario Douglas,8132,9501,2460,2446,14,86.3,78.3,8
2024,RB,WR,RB_vs_WR,Tyler Allgeier,Luke McCaffrey,8132,11650,2460,2438,22,86.3,16.8,69.5
2024,RB,WR,RB_vs_WR,Tyler Allgeier,Curtis Samuel,8132,4082,2460,2377,83,86.3,27.5,58.8
2024,RB,WR,RB_vs_WR,Tyler Allgeier,DeAndre Hopkins,8132,1426,2460,2364,96,86.3,91,-4.7
2024,RB,WR,RB_vs_WR,Tyler Allgeier,Gabriel Davis,8132,6943,2460,2294,166,86.3,33.9,52.4
2024,RB,WR,RB_vs_WR,Tyler Allgeier,Troy Franklin,8132,11627,2460,2287,173,86.3,37.9,48.4
2024,RB,WR,RB_vs_WR,Tyler Allgeier,Marvin Mims,8132,9494,2460,2275,185,86.3,73.4,12.9
2024,RB,WR,RB_vs_WR,Chuba Hubbard,Jerry Jeudy,7594,6783,2391,2569,-178,198.6,144.6,54
2024,RB,WR,RB_vs_WR,Chuba Hubbard,Rashid Shaheed,7594,8676,2391,2554,-163,198.6,59.8,138.8
2024,RB,WR,RB_vs_WR,Chuba Hubbard,Michael Wilson,7594,10232,2391,2522,-131,198.6,77.5,121.1
2024,RB,WR,RB_vs_WR,Chuba Hubbard,Jakobi Meyers,7594,5947,2391,2494,-103,198.6,112.7,85.9
2024,RB,WR,RB_vs_WR,Chuba Hubbard,Demario Douglas,7594,9501,2391,2446,-55,198.6,78.3,120.3
2024,RB,WR,RB_vs_WR,Chuba Hubbard,Luke McCaffrey,7594,11650,2391,2438,-47,198.6,16.8,181.8
2024,RB,WR,RB_vs_WR,Chuba Hubbard,Curtis Samuel,7594,4082,2391,2377,14,198.6,27.5,171.1
2024,RB,WR,RB_vs_WR,Chuba Hubbard,DeAndre Hopkins,7594,1426,2391,2364,27,198.6,91,107.6
2024,RB,WR,RB_vs_WR,Chuba Hubbard,Gabriel Davis,7594,6943,2391,2294,97,198.6,33.9,164.7
2024,RB,WR,RB_vs_WR,Chuba Hubbard,Troy Franklin,7594,11627,2391,2287,104,198.6,37.9,160.7
2024,RB,WR,RB_vs_WR,Chuba Hubbard,Marvin Mims,7594,9494,2391,2275,116,198.6,73.4,125.2
2024,RB,WR,RB_vs_WR,Keaton Mitchell,Jerry Jeudy,9511,6783,2380,2569,-189,4.8,144.6,-139.8
2024,RB,WR,RB_vs_WR,Keaton Mitchell,Rashid Shaheed,9511,8676,2380,2554,-174,4.8,59.8,-55
2024,RB,WR,RB_vs_WR,Keaton Mitchell,Michael Wilson,9511,10232,2380,2522,-142,4.8,77.5,-72.7
2024,RB,WR,RB_vs_WR,Keaton Mitchell,Jakobi Meyers,9511,5947,2380,2494,-114,4.8,112.7,-107.9
2024,RB,WR,RB_vs_WR,Keaton Mitchell,Demario Douglas,9511,9501,2380,2446,-66,4.8,78.3,-73.5
2024,RB,WR,RB_vs_WR,Keaton Mitchell,Luke McCaffrey,9511,11650,2380,2438,-58,4.8,16.8,-12
2024,RB,WR,RB_vs_WR,Keaton Mitchell,Curtis Samuel,9511,4082,2380,2377,3,4.8,27.5,-22.7
2024,RB,WR,RB_vs_WR,Keaton Mitchell,DeAndre Hopkins,9511,1426,2380,2364,16,4.8,91,-86.2
2024,RB,WR,RB_vs_WR,Keaton Mitchell,Gabriel Davis,9511,6943,2380,2294,86,4.8,33.9,-29.1
2024,RB,WR,RB_vs_WR,Keaton Mitchell,Troy Franklin,9511,11627,2380,2287,93,4.8,37.9,-33.1
2024,RB,WR,RB_vs_WR,Keaton Mitchell,Marvin Mims,9511,9494,2380,2275,105,4.8,73.4,-68.6
2024,RB,WR,RB_vs_WR,Gus Edwards,Rashid Shaheed,5248,8676,2362,2554,-192,61.1,59.8,1.3
2024,RB,WR,RB_vs_WR,Gus Edwards,Michael Wilson,5248,10232,2362,2522,-160,61.1,77.5,-16.4
2024,RB,WR,RB_vs_WR,Gus Edwards,Jakobi Meyers,5248,5947,2362,2494,-132,61.1,112.7,-51.6
2024,RB,WR,RB_vs_WR,Gus Edwards,Demario Douglas,5248,9501,2362,2446,-84,61.1,78.3,-17.2
2024,RB,WR,RB_vs_WR,Gus Edwards,Luke McCaffrey,5248,11650,2362,2438,-76,61.1,16.8,44.3
2024,RB,WR,RB_vs_WR,Gus Edwards,Curtis Samuel,5248,4082,2362,2377,-15,61.1,27.5,33.6
2024,RB,WR,RB_vs_WR,Gus Edwards,DeAndre Hopkins,5248,1426,2362,2364,-2,61.1,91,-29.9
2024,RB,WR,RB_vs_WR,Gus Edwards,Gabriel Davis,5248,6943,2362,2294,68,61.1,33.9,27.2
2024,RB,WR,RB_vs_WR,Gus Edwards,Troy Franklin,5248,11627,2362,2287,75,61.1,37.9,23.2
2024,RB,WR,RB_vs_WR,Gus Edwards,Marvin Mims,5248,9494,2362,2275,87,61.1,73.4,-12.3
2024,RB,WR,RB_vs_WR,Gus Edwards,Malachi Corley,5248,11617,2362,2168,194,61.1,2.2,58.9
2024,RB,WR,RB_vs_WR,Ray Davis,Jakobi Meyers,11575,5947,2320,2494,-174,86.6,112.7,-26.1
2024,RB,WR,RB_vs_WR,Ray Davis,Demario Douglas,11575,9501,2320,2446,-126,86.6,78.3,8.3
2024,RB,WR,RB_vs_WR,Ray Davis,Luke McCaffrey,11575,11650,2320,2438,-118,86.6,16.8,69.8
2024,RB,WR,RB_vs_WR,Ray Davis,Curtis Samuel,11575,4082,2320,2377,-57,86.6,27.5,59.1
2024,RB,WR,RB_vs_WR,Ray Davis,DeAndre Hopkins,11575,1426,2320,2364,-44,86.6,91,-4.4
2024,RB,WR,RB_vs_WR,Ray Davis,Gabriel Davis,11575,6943,2320,2294,26,86.6,33.9,52.7
2024,RB,WR,RB_vs_WR,Ray Davis,Troy Franklin,11575,11627,2320,2287,33,86.6,37.9,48.7
2024,RB,WR,RB_vs_WR,Ray Davis,Marvin Mims,11575,9494,2320,2275,45,86.6,73.4,13.2
2024,RB,WR,RB_vs_WR,Ray Davis,Malachi Corley,11575,11617,2320,2168,152,86.6,2.2,84.4
2024,RB,WR,RB_vs_WR,Ray Davis,Darnell Mooney,11575,7090,2320,2151,169,86.6,129.2,-42.6
2024,RB,WR,RB_vs_WR,J.K. Dobbins,Jakobi Meyers,6806,5947,2312,2494,-182,152.3,112.7,39.6
2024,RB,WR,RB_vs_WR,J.K. Dobbins,Demario Douglas,6806,9501,2312,2446,-134,152.3,78.3,74
2024,RB,WR,RB_vs_WR,J.K. Dobbins,Luke McCaffrey,6806,11650,2312,2438,-126,152.3,16.8,135.5
2024,RB,WR,RB_vs_WR,J.K. Dobbins,Curtis Samuel,6806,4082,2312,2377,-65,152.3,27.5,124.8
2024,RB,WR,RB_vs_WR,J.K. Dobbins,DeAndre Hopkins,6806,1426,2312,2364,-52,152.3,91,61.3
2024,RB,WR,RB_vs_WR,J.K. Dobbins,Gabriel Davis,6806,6943,2312,2294,18,152.3,33.9,118.4
2024,RB,WR,RB_vs_WR,J.K. Dobbins,Troy Franklin,6806,11627,2312,2287,25,152.3,37.9,114.4
2024,RB,WR,RB_vs_WR,J.K. Dobbins,Marvin Mims,6806,9494,2312,2275,37,152.3,73.4,78.9
2024,RB,WR,RB_vs_WR,J.K. Dobbins,Malachi Corley,6806,11617,2312,2168,144,152.3,2.2,150.1
2024,RB,WR,RB_vs_WR,J.K. Dobbins,Darnell Mooney,6806,7090,2312,2151,161,152.3,129.2,23.1
2024,RB,WR,RB_vs_WR,Audric Estime,Demario Douglas,11579,9501,2262,2446,-184,34.3,78.3,-44
2024,RB,WR,RB_vs_WR,Audric Estime,Luke McCaffrey,11579,11650,2262,2438,-176,34.3,16.8,17.5
2024,RB,WR,RB_vs_WR,Audric Estime,Curtis Samuel,11579,4082,2262,2377,-115,34.3,27.5,6.8
2024,RB,WR,RB_vs_WR,Audric Estime,DeAndre Hopkins,11579,1426,2262,2364,-102,34.3,91,-56.7
2024,RB,WR,RB_vs_WR,Audric Estime,Gabriel Davis,11579,6943,2262,2294,-32,34.3,33.9,0.4
2024,RB,WR,RB_vs_WR,Audric Estime,Troy Franklin,11579,11627,2262,2287,-25,34.3,37.9,-3.6
2024,RB,WR,RB_vs_WR,Audric Estime,Marvin Mims,11579,9494,2262,2275,-13,34.3,73.4,-39.1
2024,RB,WR,RB_vs_WR,Audric Estime,Malachi Corley,11579,11617,2262,2168,94,34.3,2.2,32.1
2024,RB,WR,RB_vs_WR,Audric Estime,Darnell Mooney,11579,7090,2262,2151,111,34.3,129.2,-94.9
2024,RB,WR,RB_vs_WR,Audric Estime,Tyler Lockett,11579,2374,2262,2078,184,34.3,69.2,-34.9
2024,RB,WR,RB_vs_WR,Jordan Mason,Curtis Samuel,8408,4082,2217,2377,-160,104,27.5,76.5
2024,RB,WR,RB_vs_WR,Jordan Mason,DeAndre Hopkins,8408,1426,2217,2364,-147,104,91,13
2024,RB,WR,RB_vs_WR,Jordan Mason,Gabriel Davis,8408,6943,2217,2294,-77,104,33.9,70.1
2024,RB,WR,RB_vs_WR,Jordan Mason,Troy Franklin,8408,11627,2217,2287,-70,104,37.9,66.1
2024,RB,WR,RB_vs_WR,Jordan Mason,Marvin Mims,8408,9494,2217,2275,-58,104,73.4,30.6
2024,RB,WR,RB_vs_WR,Jordan Mason,Malachi Corley,8408,11617,2217,2168,49,104,2.2,101.8
2024,RB,WR,RB_vs_WR,Jordan Mason,Darnell Mooney,8408,7090,2217,2151,66,104,129.2,-25.2
2024,RB,WR,RB_vs_WR,Jordan Mason,Tyler Lockett,8408,2374,2217,2078,139,104,69.2,34.8
2024,RB,WR,RB_vs_WR,Jordan Mason,Quentin Johnston,8408,9754,2217,2059,158,104,101.1,2.9
2024,RB,WR,RB_vs_WR,Jordan Mason,Rashod Bateman,8408,7571,2217,2056,161,104,116,-12
2024,RB,WR,RB_vs_WR,Jordan Mason,Jahan Dotson,8408,8119,2217,2048,169,104,13.5,90.5
2024,RB,WR,RB_vs_WR,Jordan Mason,Wan'Dale Robinson,8408,8126,2217,2047,170,104,85.4,18.6
2024,RB,WR,RB_vs_WR,Austin Ekeler,DeAndre Hopkins,4663,1426,2166,2364,-198,94.1,91,3.1
2024,RB,WR,RB_vs_WR,Austin Ekeler,Gabriel Davis,4663,6943,2166,2294,-128,94.1,33.9,60.2
2024,RB,WR,RB_vs_WR,Austin Ekeler,Troy Franklin,4663,11627,2166,2287,-121,94.1,37.9,56.2
2024,RB,WR,RB_vs_WR,Austin Ekeler,Marvin Mims,4663,9494,2166,2275,-109,94.1,73.4,20.7
2024,RB,WR,RB_vs_WR,Austin Ekeler,Malachi Corley,4663,11617,2166,2168,-2,94.1,2.2,91.9
2024,RB,WR,RB_vs_WR,Austin Ekeler,Darnell Mooney,4663,7090,2166,2151,15,94.1,129.2,-35.1
2024,RB,WR,RB_vs_WR,Austin Ekeler,Tyler Lockett,4663,2374,2166,2078,88,94.1,69.2,24.9
2024,RB,WR,RB_vs_WR,Austin Ekeler,Quentin Johnston,4663,9754,2166,2059,107,94.1,101.1,-7
2024,RB,WR,RB_vs_WR,Austin Ekeler,Rashod Bateman,4663,7571,2166,2056,110,94.1,116,-21.9
2024,RB,WR,RB_vs_WR,Austin Ekeler,Jahan Dotson,4663,8119,2166,2048,118,94.1,13.5,80.6
2024,RB,WR,RB_vs_WR,Austin Ekeler,Wan'Dale Robinson,4663,8126,2166,2047,119,94.1,85.4,8.7
2024,RB,WR,RB_vs_WR,Kendre Miller,Malachi Corley,9757,11617,2074,2168,-94,24.1,2.2,21.9
2024,RB,WR,RB_vs_WR,Kendre Miller,Darnell Mooney,9757,7090,2074,2151,-77,24.1,129.2,-105.1
2024,RB,WR,RB_vs_WR,Kendre Miller,Tyler Lockett,9757,2374,2074,2078,-4,24.1,69.2,-45.1
2024,RB,WR,RB_vs_WR,Kendre Miller,Quentin Johnston,9757,9754,2074,2059,15,24.1,101.1,-77
2024,RB,WR,RB_vs_WR,Kendre Miller,Rashod Bateman,9757,7571,2074,2056,18,24.1,116,-91.9
2024,RB,WR,RB_vs_WR,Kendre Miller,Jahan Dotson,9757,8119,2074,2048,26,24.1,13.5,10.6
2024,RB,WR,RB_vs_WR,Kendre Miller,Wan'Dale Robinson,9757,8126,2074,2047,27,24.1,85.4,-61.3
2024,RB,WR,RB_vs_WR,Kendre Miller,Mike Williams,9757,4068,2074,1941,133,24.1,33.3,-9.2
2024,RB,WR,RB_vs_WR,Kendre Miller,Andrei Iosivas,9757,10226,2074,1914,160,24.1,82.7,-58.6
2024,RB,WR,RB_vs_WR,Kendre Miller,Malik Washington,9757,11610,2074,1890,184,24.1,24,0.1
2024,RB,WR,RB_vs_WR,Ty Chandler,Malachi Corley,8230,11617,2005,2168,-163,22.4,2.2,20.2
2024,RB,WR,RB_vs_WR,Ty Chandler,Darnell Mooney,8230,7090,2005,2151,-146,22.4,129.2,-106.8
2024,RB,WR,RB_vs_WR,Ty Chandler,Tyler Lockett,8230,2374,2005,2078,-73,22.4,69.2,-46.8
2024,RB,WR,RB_vs_WR,Ty Chandler,Quentin Johnston,8230,9754,2005,2059,-54,22.4,101.1,-78.7
2024,RB,WR,RB_vs_WR,Ty Chandler,Rashod Bateman,8230,7571,2005,2056,-51,22.4,116,-93.6
2024,RB,WR,RB_vs_WR,Ty Chandler,Jahan Dotson,8230,8119,2005,2048,-43,22.4,13.5,8.9
2024,RB,WR,RB_vs_WR,Ty Chandler,Wan'Dale Robinson,8230,8126,2005,2047,-42,22.4,85.4,-63
2024,RB,WR,RB_vs_WR,Ty Chandler,Mike Williams,8230,4068,2005,1941,64,22.4,33.3,-10.9
2024,RB,WR,RB_vs_WR,Ty Chandler,Andrei Iosivas,8230,10226,2005,1914,91,22.4,82.7,-60.3
2024,RB,WR,RB_vs_WR,Ty Chandler,Malik Washington,8230,11610,2005,1890,115,22.4,24,-1.6
2024,RB,WR,RB_vs_WR,Ty Chandler,Dyami Brown,8230,7587,2005,1867,138,22.4,35,-12.6
2024,RB,WR,RB_vs_WR,Ty Chandler,Greg Dortch,8230,5970,2005,1821,184,22.4,35.9,-13.5
2024,RB,WR,RB_vs_WR,Tank Bigsby,Malachi Corley,9225,11617,2003,2168,-165,111.8,2.2,109.6
2024,RB,WR,RB_vs_WR,Tank Bigsby,Darnell Mooney,9225,7090,2003,2151,-148,111.8,129.2,-17.4
2024,RB,WR,RB_vs_WR,Tank Bigsby,Tyler Lockett,9225,2374,2003,2078,-75,111.8,69.2,42.6
2024,RB,WR,RB_vs_WR,Tank Bigsby,Quentin Johnston,9225,9754,2003,2059,-56,111.8,101.1,10.7
2024,RB,WR,RB_vs_WR,Tank Bigsby,Rashod Bateman,9225,7571,2003,2056,-53,111.8,116,-4.2
2024,RB,WR,RB_vs_WR,Tank Bigsby,Jahan Dotson,9225,8119,2003,2048,-45,111.8,13.5,98.3
2024,RB,WR,RB_vs_WR,Tank Bigsby,Wan'Dale Robinson,9225,8126,2003,2047,-44,111.8,85.4,26.4
2024,RB,WR,RB_vs_WR,Tank Bigsby,Mike Williams,9225,4068,2003,1941,62,111.8,33.3,78.5
2024,RB,WR,RB_vs_WR,Tank Bigsby,Andrei Iosivas,9225,10226,2003,1914,89,111.8,82.7,29.1
2024,RB,WR,RB_vs_WR,Tank Bigsby,Malik Washington,9225,11610,2003,1890,113,111.8,24,87.8
2024,RB,WR,RB_vs_WR,Tank Bigsby,Dyami Brown,9225,7587,2003,1867,136,111.8,35,76.8
2024,RB,WR,RB_vs_WR,Tank Bigsby,Greg Dortch,9225,5970,2003,1821,182,111.8,35.9,75.9
2024,RB,WR,RB_vs_WR,Khalil Herbert,Malachi Corley,7608,11617,1999,2168,-169,13.2,2.2,11
2024,RB,WR,RB_vs_WR,Khalil Herbert,Darnell Mooney,7608,7090,1999,2151,-152,13.2,129.2,-116
2024,RB,WR,RB_vs_WR,Khalil Herbert,Tyler Lockett,7608,2374,1999,2078,-79,13.2,69.2,-56
2024,RB,WR,RB_vs_WR,Khalil Herbert,Quentin Johnston,7608,9754,1999,2059,-60,13.2,101.1,-87.9
2024,RB,WR,RB_vs_WR,Khalil Herbert,Rashod Bateman,7608,7571,1999,2056,-57,13.2,116,-102.8
2024,RB,WR,RB_vs_WR,Khalil Herbert,Jahan Dotson,7608,8119,1999,2048,-49,13.2,13.5,-0.3
2024,RB,WR,RB_vs_WR,Khalil Herbert,Wan'Dale Robinson,7608,8126,1999,2047,-48,13.2,85.4,-72.2
2024,RB,WR,RB_vs_WR,Khalil Herbert,Mike Williams,7608,4068,1999,1941,58,13.2,33.3,-20.1
2024,RB,WR,RB_vs_WR,Khalil Herbert,Andrei Iosivas,7608,10226,1999,1914,85,13.2,82.7,-69.5
2024,RB,WR,RB_vs_WR,Khalil Herbert,Malik Washington,7608,11610,1999,1890,109,13.2,24,-10.8
2024,RB,WR,RB_vs_WR,Khalil Herbert,Dyami Brown,7608,7587,1999,1867,132,13.2,35,-21.8
2024,RB,WR,RB_vs_WR,Khalil Herbert,Greg Dortch,7608,5970,1999,1821,178,13.2,35.9,-22.7
2024,RB,WR,RB_vs_WR,Roschon Johnson,Malachi Corley,10235,11617,1994,2168,-174,59.5,2.2,57.3
2024,RB,WR,RB_vs_WR,Roschon Johnson,Darnell Mooney,10235,7090,1994,2151,-157,59.5,129.2,-69.7
2024,RB,WR,RB_vs_WR,Roschon Johnson,Tyler Lockett,10235,2374,1994,2078,-84,59.5,69.2,-9.7
2024,RB,WR,RB_vs_WR,Roschon Johnson,Quentin Johnston,10235,9754,1994,2059,-65,59.5,101.1,-41.6
2024,RB,WR,RB_vs_WR,Roschon Johnson,Rashod Bateman,10235,7571,1994,2056,-62,59.5,116,-56.5
2024,RB,WR,RB_vs_WR,Roschon Johnson,Jahan Dotson,10235,8119,1994,2048,-54,59.5,13.5,46
2024,RB,WR,RB_vs_WR,Roschon Johnson,Wan'Dale Robinson,10235,8126,1994,2047,-53,59.5,85.4,-25.9
2024,RB,WR,RB_vs_WR,Roschon Johnson,Mike Williams,10235,4068,1994,1941,53,59.5,33.3,26.2
2024,RB,WR,RB_vs_WR,Roschon Johnson,Andrei Iosivas,10235,10226,1994,1914,80,59.5,82.7,-23.2
2024,RB,WR,RB_vs_WR,Roschon Johnson,Malik Washington,10235,11610,1994,1890,104,59.5,24,35.5
2024,RB,WR,RB_vs_WR,Roschon Johnson,Dyami Brown,10235,7587,1994,1867,127,59.5,35,24.5
2024,RB,WR,RB_vs_WR,Roschon Johnson,Greg Dortch,10235,5970,1994,1821,173,59.5,35.9,23.6
2024,RB,WR,RB_vs_WR,Will Shipley,Mike Williams,11577,4068,1821,1941,-120,5,33.3,-28.3
2024,RB,WR,RB_vs_WR,Will Shipley,Andrei Iosivas,11577,10226,1821,1914,-93,5,82.7,-77.7
2024,RB,WR,RB_vs_WR,Will Shipley,Malik Washington,11577,11610,1821,1890,-69,5,24,-19
2024,RB,WR,RB_vs_WR,Will Shipley,Dyami Brown,11577,7587,1821,1867,-46,5,35,-30
2024,RB,WR,RB_vs_WR,Will Shipley,Greg Dortch,11577,5970,1821,1821,0,5,35.9,-30.9
2024,RB,WR,RB_vs_WR,Will Shipley,Jalin Hyatt,11577,9497,1821,1789,32,5,6.2,-1.2
2024,RB,WR,RB_vs_WR,Will Shipley,Brandin Cooks,11577,2197,1821,1774,47,5,42.6,-37.6
2024,RB,WR,RB_vs_WR,Will Shipley,Jonathan Mingo,11577,10225,1821,1727,94,5,12.8,-7.8
2024,RB,WR,RB_vs_WR,Will Shipley,Jalen Tolbert,11577,8117,1821,1679,142,5,93.2,-88.2
2024,RB,WR,RB_vs_WR,Antonio Gibson,Mike Williams,6945,4068,1786,1941,-155,74.3,33.3,41
2024,RB,WR,RB_vs_WR,Antonio Gibson,Andrei Iosivas,6945,10226,1786,1914,-128,74.3,82.7,-8.4
2024,RB,WR,RB_vs_WR,Antonio Gibson,Malik Washington,6945,11610,1786,1890,-104,74.3,24,50.3
2024,RB,WR,RB_vs_WR,Antonio Gibson,Dyami Brown,6945,7587,1786,1867,-81,74.3,35,39.3
2024,RB,WR,RB_vs_WR,Antonio Gibson,Greg Dortch,6945,5970,1786,1821,-35,74.3,35.9,38.4
2024,RB,WR,RB_vs_WR,Antonio Gibson,Jalin Hyatt,6945,9497,1786,1789,-3,74.3,6.2,68.1
2024,RB,WR,RB_vs_WR,Antonio Gibson,Brandin Cooks,6945,2197,1786,1774,12,74.3,42.6,31.7
2024,RB,WR,RB_vs_WR,Antonio Gibson,Jonathan Mingo,6945,10225,1786,1727,59,74.3,12.8,61.5
2024,RB,WR,RB_vs_WR,Antonio Gibson,Jalen Tolbert,6945,8117,1786,1679,107,74.3,93.2,-18.9
2024,RB,WR,RB_vs_WR,Antonio Gibson,Trey Palmer,6945,9492,1786,1616,170,74.3,23.2,51.1
2024,RB,WR,RB_vs_WR,Antonio Gibson,Elijah Moore,6945,7596,1786,1591,195,74.3,56.3,18
2024,RB,WR,RB_vs_WR,Dameon Pierce,Jonathan Mingo,8129,10225,1530,1727,-197,17.9,12.8,5.1
2024,RB,WR,RB_vs_WR,Dameon Pierce,Jalen Tolbert,8129,8117,1530,1679,-149,17.9,93.2,-75.3
2024,RB,WR,RB_vs_WR,Dameon Pierce,Trey Palmer,8129,9492,1530,1616,-86,17.9,23.2,-5.3
2024,RB,WR,RB_vs_WR,Dameon Pierce,Elijah Moore,8129,7596,1530,1591,-61,17.9,56.3,-38.4
2024,RB,WR,RB_vs_WR,Dameon Pierce,John Metchie,8129,8147,1530,1585,-55,17.9,29,-11.1
2024,RB,WR,RB_vs_WR,Dameon Pierce,Tre Tucker,8129,10213,1530,1579,-49,17.9,79.9,-62
2024,RB,WR,RB_vs_WR,Dameon Pierce,Adam Thielen,8129,1689,1530,1577,-47,17.9,87.1,-69.2
2024,RB,WR,RB_vs_WR,Dameon Pierce,Devontez Walker,8129,11629,1530,1577,-47,17.9,8.1,9.8
2024,RB,WR,RB_vs_WR,Dameon Pierce,Alec Pierce,8129,8142,1530,1551,-21,17.9,112.7,-94.8
2024,RB,WR,RB_vs_WR,Dameon Pierce,Treylon Burks,8129,8135,1530,1545,-15,17.9,3.5,14.4
2024,RB,WR,RB_vs_WR,Dameon Pierce,Tyler Boyd,8129,3225,1530,1522,8,17.9,39.3,-21.4
2024,RB,WR,RB_vs_WR,Dameon Pierce,D.J. Chark,8129,4951,1530,1485,45,17.9,2.5,15.4
2024,RB,WR,RB_vs_WR,Dameon Pierce,Parker Washington,8129,9487,1530,1447,83,17.9,57.5,-39.6
2024,RB,WR,RB_vs_WR,Dameon Pierce,Jauan Jennings,8129,7049,1530,1378,152,17.9,128.3,-110.4
2024,RB,WR,RB_vs_WR,Dameon Pierce,Demarcus Robinson,8129,3286,1530,1370,160,17.9,85.3,-67.4
2024,RB,WR,RB_vs_WR,Dameon Pierce,Xavier Gipson,8129,11306,1530,1348,182,17.9,7.9,10
2024,RB,WR,RB_vs_WR,Dameon Pierce,Tutu Atwell,8129,7562,1530,1342,188,17.9,53.2,-35.3
2024,RB,WR,RB_vs_WR,Justice Hill,Jalen Tolbert,5995,8117,1503,1679,-176,85.1,93.2,-8.1
2024,RB,WR,RB_vs_WR,Justice Hill,Trey Palmer,5995,9492,1503,1616,-113,85.1,23.2,61.9
2024,RB,WR,RB_vs_WR,Justice Hill,Elijah Moore,5995,7596,1503,1591,-88,85.1,56.3,28.8
2024,RB,WR,RB_vs_WR,Justice Hill,John Metchie,5995,8147,1503,1585,-82,85.1,29,56.1
2024,RB,WR,RB_vs_WR,Justice Hill,Tre Tucker,5995,10213,1503,1579,-76,85.1,79.9,5.2
2024,RB,WR,RB_vs_WR,Justice Hill,Adam Thielen,5995,1689,1503,1577,-74,85.1,87.1,-2
2024,RB,WR,RB_vs_WR,Justice Hill,Devontez Walker,5995,11629,1503,1577,-74,85.1,8.1,77
2024,RB,WR,RB_vs_WR,Justice Hill,Alec Pierce,5995,8142,1503,1551,-48,85.1,112.7,-27.6
2024,RB,WR,RB_vs_WR,Justice Hill,Treylon Burks,5995,8135,1503,1545,-42,85.1,3.5,81.6
2024,RB,WR,RB_vs_WR,Justice Hill,Tyler Boyd,5995,3225,1503,1522,-19,85.1,39.3,45.8
2024,RB,WR,RB_vs_WR,Justice Hill,D.J. Chark,5995,4951,1503,1485,18,85.1,2.5,82.6
2024,RB,WR,RB_vs_WR,Justice Hill,Parker Washington,5995,9487,1503,1447,56,85.1,57.5,27.6
2024,RB,WR,RB_vs_WR,Justice Hill,Jauan Jennings,5995,7049,1503,1378,125,85.1,128.3,-43.2
2024,RB,WR,RB_vs_WR,Justice Hill,Demarcus Robinson,5995,3286,1503,1370,133,85.1,85.3,-0.2
2024,RB,WR,RB_vs_WR,Justice Hill,Xavier Gipson,5995,11306,1503,1348,155,85.1,7.9,77.2
2024,RB,WR,RB_vs_WR,Justice Hill,Tutu Atwell,5995,7562,1503,1342,161,85.1,53.2,31.9
2024,RB,WR,RB_vs_WR,Justice Hill,Cedric Tillman,5995,10444,1503,1316,187,85.1,51.4,33.7
2024,RB,WR,RB_vs_WR,Justice Hill,Jalen Nailor,5995,8180,1503,1312,191,85.1,69.7,15.4
2024,RB,WR,RB_vs_WR,Ezekiel Elliott,Jalen Tolbert,3164,8117,1490,1679,-189,45.5,93.2,-47.7
2024,RB,WR,RB_vs_WR,Ezekiel Elliott,Trey Palmer,3164,9492,1490,1616,-126,45.5,23.2,22.3
2024,RB,WR,RB_vs_WR,Ezekiel Elliott,Elijah Moore,3164,7596,1490,1591,-101,45.5,56.3,-10.8
2024,RB,WR,RB_vs_WR,Ezekiel Elliott,John Metchie,3164,8147,1490,1585,-95,45.5,29,16.5
2024,RB,WR,RB_vs_WR,Ezekiel Elliott,Tre Tucker,3164,10213,1490,1579,-89,45.5,79.9,-34.4
2024,RB,WR,RB_vs_WR,Ezekiel Elliott,Adam Thielen,3164,1689,1490,1577,-87,45.5,87.1,-41.6
2024,RB,WR,RB_vs_WR,Ezekiel Elliott,Devontez Walker,3164,11629,1490,1577,-87,45.5,8.1,37.4
2024,RB,WR,RB_vs_WR,Ezekiel Elliott,Alec Pierce,3164,8142,1490,1551,-61,45.5,112.7,-67.2
2024,RB,WR,RB_vs_WR,Ezekiel Elliott,Treylon Burks,3164,8135,1490,1545,-55,45.5,3.5,42
2024,RB,WR,RB_vs_WR,Ezekiel Elliott,Tyler Boyd,3164,3225,1490,1522,-32,45.5,39.3,6.2
2024,RB,WR,RB_vs_WR,Ezekiel Elliott,D.J. Chark,3164,4951,1490,1485,5,45.5,2.5,43
2024,RB,WR,RB_vs_WR,Ezekiel Elliott,Parker Washington,3164,9487,1490,1447,43,45.5,57.5,-12
2024,RB,WR,RB_vs_WR,Ezekiel Elliott,Jauan Jennings,3164,7049,1490,1378,112,45.5,128.3,-82.8
2024,RB,WR,RB_vs_WR,Ezekiel Elliott,Demarcus Robinson,3164,3286,1490,1370,120,45.5,85.3,-39.8
2024,RB,WR,RB_vs_WR,Ezekiel Elliott,Xavier Gipson,3164,11306,1490,1348,142,45.5,7.9,37.6
2024,RB,WR,RB_vs_WR,Ezekiel Elliott,Tutu Atwell,3164,7562,1490,1342,148,45.5,53.2,-7.7
2024,RB,WR,RB_vs_WR,Ezekiel Elliott,Cedric Tillman,3164,10444,1490,1316,174,45.5,51.4,-5.9
2024,RB,WR,RB_vs_WR,Ezekiel Elliott,Jalen Nailor,3164,8180,1490,1312,178,45.5,69.7,-24.2
2024,RB,WR,RB_vs_WR,Emanuel Wilson,Trey Palmer,11435,9492,1457,1616,-159,71.9,23.2,48.7
2024,RB,WR,RB_vs_WR,Emanuel Wilson,Elijah Moore,11435,7596,1457,1591,-134,71.9,56.3,15.6
2024,RB,WR,RB_vs_WR,Emanuel Wilson,John Metchie,11435,8147,1457,1585,-128,71.9,29,42.9
2024,RB,WR,RB_vs_WR,Emanuel Wilson,Tre Tucker,11435,10213,1457,1579,-122,71.9,79.9,-8
2024,RB,WR,RB_vs_WR,Emanuel Wilson,Adam Thielen,11435,1689,1457,1577,-120,71.9,87.1,-15.2
2024,RB,WR,RB_vs_WR,Emanuel Wilson,Devontez Walker,11435,11629,1457,1577,-120,71.9,8.1,63.8
2024,RB,WR,RB_vs_WR,Emanuel Wilson,Alec Pierce,11435,8142,1457,1551,-94,71.9,112.7,-40.8
2024,RB,WR,RB_vs_WR,Emanuel Wilson,Treylon Burks,11435,8135,1457,1545,-88,71.9,3.5,68.4
2024,RB,WR,RB_vs_WR,Emanuel Wilson,Tyler Boyd,11435,3225,1457,1522,-65,71.9,39.3,32.6
2024,RB,WR,RB_vs_WR,Emanuel Wilson,D.J. Chark,11435,4951,1457,1485,-28,71.9,2.5,69.4
2024,RB,WR,RB_vs_WR,Emanuel Wilson,Parker Washington,11435,9487,1457,1447,10,71.9,57.5,14.4
2024,RB,WR,RB_vs_WR,Emanuel Wilson,Jauan Jennings,11435,7049,1457,1378,79,71.9,128.3,-56.4
2024,RB,WR,RB_vs_WR,Emanuel Wilson,Demarcus Robinson,11435,3286,1457,1370,87,71.9,85.3,-13.4
2024,RB,WR,RB_vs_WR,Emanuel Wilson,Xavier Gipson,11435,11306,1457,1348,109,71.9,7.9,64
2024,RB,WR,RB_vs_WR,Emanuel Wilson,Tutu Atwell,11435,7562,1457,1342,115,71.9,53.2,18.7
2024,RB,WR,RB_vs_WR,Emanuel Wilson,Cedric Tillman,11435,10444,1457,1316,141,71.9,51.4,20.5
2024,RB,WR,RB_vs_WR,Emanuel Wilson,Jalen Nailor,11435,8180,1457,1312,145,71.9,69.7,2.2
2024,RB,WR,RB_vs_WR,Emanuel Wilson,Calvin Austin III,11435,8125,1457,1260,197,71.9,84.8,-12.9
2024,RB,WR,RB_vs_WR,Cam Akers,Trey Palmer,6938,9492,1456,1616,-160,72.3,23.2,49.1
2024,RB,WR,RB_vs_WR,Cam Akers,Elijah Moore,6938,7596,1456,1591,-135,72.3,56.3,16
2024,RB,WR,RB_vs_WR,Cam Akers,John Metchie,6938,8147,1456,1585,-129,72.3,29,43.3
2024,RB,WR,RB_vs_WR,Cam Akers,Tre Tucker,6938,10213,1456,1579,-123,72.3,79.9,-7.6
2024,RB,WR,RB_vs_WR,Cam Akers,Adam Thielen,6938,1689,1456,1577,-121,72.3,87.1,-14.8
2024,RB,WR,RB_vs_WR,Cam Akers,Devontez Walker,6938,11629,1456,1577,-121,72.3,8.1,64.2
2024,RB,WR,RB_vs_WR,Cam Akers,Alec Pierce,6938,8142,1456,1551,-95,72.3,112.7,-40.4
2024,RB,WR,RB_vs_WR,Cam Akers,Treylon Burks,6938,8135,1456,1545,-89,72.3,3.5,68.8
2024,RB,WR,RB_vs_WR,Cam Akers,Tyler Boyd,6938,3225,1456,1522,-66,72.3,39.3,33
2024,RB,WR,RB_vs_WR,Cam Akers,D.J. Chark,6938,4951,1456,1485,-29,72.3,2.5,69.8
2024,RB,WR,RB_vs_WR,Cam Akers,Parker Washington,6938,9487,1456,1447,9,72.3,57.5,14.8
2024,RB,WR,RB_vs_WR,Cam Akers,Jauan Jennings,6938,7049,1456,1378,78,72.3,128.3,-56
2024,RB,WR,RB_vs_WR,Cam Akers,Demarcus Robinson,6938,3286,1456,1370,86,72.3,85.3,-13
2024,RB,WR,RB_vs_WR,Cam Akers,Xavier Gipson,6938,11306,1456,1348,108,72.3,7.9,64.4
2024,RB,WR,RB_vs_WR,Cam Akers,Tutu Atwell,6938,7562,1456,1342,114,72.3,53.2,19.1
2024,RB,WR,RB_vs_WR,Cam Akers,Cedric Tillman,6938,10444,1456,1316,140,72.3,51.4,20.9
2024,RB,WR,RB_vs_WR,Cam Akers,Jalen Nailor,6938,8180,1456,1312,144,72.3,69.7,2.6
2024,RB,WR,RB_vs_WR,Cam Akers,Calvin Austin III,6938,8125,1456,1260,196,72.3,84.8,-12.5
2024,RB,WR,RB_vs_WR,Eric Gray,Trey Palmer,10223,9492,1445,1616,-171,6.3,23.2,-16.9
2024,RB,WR,RB_vs_WR,Eric Gray,Elijah Moore,10223,7596,1445,1591,-146,6.3,56.3,-50
2024,RB,WR,RB_vs_WR,Eric Gray,John Metchie,10223,8147,1445,1585,-140,6.3,29,-22.7
2024,RB,WR,RB_vs_WR,Eric Gray,Tre Tucker,10223,10213,1445,1579,-134,6.3,79.9,-73.6
2024,RB,WR,RB_vs_WR,Eric Gray,Adam Thielen,10223,1689,1445,1577,-132,6.3,87.1,-80.8
2024,RB,WR,RB_vs_WR,Eric Gray,Devontez Walker,10223,11629,1445,1577,-132,6.3,8.1,-1.8
2024,RB,WR,RB_vs_WR,Eric Gray,Alec Pierce,10223,8142,1445,1551,-106,6.3,112.7,-106.4
2024,RB,WR,RB_vs_WR,Eric Gray,Treylon Burks,10223,8135,1445,1545,-100,6.3,3.5,2.8
2024,RB,WR,RB_vs_WR,Eric Gray,Tyler Boyd,10223,3225,1445,1522,-77,6.3,39.3,-33
2024,RB,WR,RB_vs_WR,Eric Gray,D.J. Chark,10223,4951,1445,1485,-40,6.3,2.5,3.8
2024,RB,WR,RB_vs_WR,Eric Gray,Parker Washington,10223,9487,1445,1447,-2,6.3,57.5,-51.2
2024,RB,WR,RB_vs_WR,Eric Gray,Jauan Jennings,10223,7049,1445,1378,67,6.3,128.3,-122
2024,RB,WR,RB_vs_WR,Eric Gray,Demarcus Robinson,10223,3286,1445,1370,75,6.3,85.3,-79
2024,RB,WR,RB_vs_WR,Eric Gray,Xavier Gipson,10223,11306,1445,1348,97,6.3,7.9,-1.6
2024,RB,WR,RB_vs_WR,Eric Gray,Tutu Atwell,10223,7562,1445,1342,103,6.3,53.2,-46.9
2024,RB,WR,RB_vs_WR,Eric Gray,Cedric Tillman,10223,10444,1445,1316,129,6.3,51.4,-45.1
2024,RB,WR,RB_vs_WR,Eric Gray,Jalen Nailor,10223,8180,1445,1312,133,6.3,69.7,-63.4
2024,RB,WR,RB_vs_WR,Eric Gray,Calvin Austin III,10223,8125,1445,1260,185,6.3,84.8,-78.5
2024,RB,WR,RB_vs_WR,Eric Gray,Josh Reynolds,10223,4171,1445,1251,194,6.3,24.3,-18
2024,RB,WR,RB_vs_WR,Eric Gray,Tyquan Thornton,10223,8188,1445,1250,195,6.3,4.7,1.6
2024,RB,WR,RB_vs_WR,Eric Gray,Bo Melton,10223,8204,1445,1245,200,6.3,14.4,-8.1
2024,RB,WR,RB_vs_WR,Trey Sermon,Trey Palmer,7593,9492,1417,1616,-199,37.3,23.2,14.1
2024,RB,WR,RB_vs_WR,Trey Sermon,Elijah Moore,7593,7596,1417,1591,-174,37.3,56.3,-19
2024,RB,WR,RB_vs_WR,Trey Sermon,John Metchie,7593,8147,1417,1585,-168,37.3,29,8.3
2024,RB,WR,RB_vs_WR,Trey Sermon,Tre Tucker,7593,10213,1417,1579,-162,37.3,79.9,-42.6
2024,RB,WR,RB_vs_WR,Trey Sermon,Adam Thielen,7593,1689,1417,1577,-160,37.3,87.1,-49.8
2024,RB,WR,RB_vs_WR,Trey Sermon,Devontez Walker,7593,11629,1417,1577,-160,37.3,8.1,29.2
2024,RB,WR,RB_vs_WR,Trey Sermon,Alec Pierce,7593,8142,1417,1551,-134,37.3,112.7,-75.4
2024,RB,WR,RB_vs_WR,Trey Sermon,Treylon Burks,7593,8135,1417,1545,-128,37.3,3.5,33.8
2024,RB,WR,RB_vs_WR,Trey Sermon,Tyler Boyd,7593,3225,1417,1522,-105,37.3,39.3,-2
2024,RB,WR,RB_vs_WR,Trey Sermon,D.J. Chark,7593,4951,1417,1485,-68,37.3,2.5,34.8
2024,RB,WR,RB_vs_WR,Trey Sermon,Parker Washington,7593,9487,1417,1447,-30,37.3,57.5,-20.2
2024,RB,WR,RB_vs_WR,Trey Sermon,Jauan Jennings,7593,7049,1417,1378,39,37.3,128.3,-91
2024,RB,WR,RB_vs_WR,Trey Sermon,Demarcus Robinson,7593,3286,1417,1370,47,37.3,85.3,-48
2024,RB,WR,RB_vs_WR,Trey Sermon,Xavier Gipson,7593,11306,1417,1348,69,37.3,7.9,29.4
2024,RB,WR,RB_vs_WR,Trey Sermon,Tutu Atwell,7593,7562,1417,1342,75,37.3,53.2,-15.9
2024,RB,WR,RB_vs_WR,Trey Sermon,Cedric Tillman,7593,10444,1417,1316,101,37.3,51.4,-14.1
2024,RB,WR,RB_vs_WR,Trey Sermon,Jalen Nailor,7593,8180,1417,1312,105,37.3,69.7,-32.4
2024,RB,WR,RB_vs_WR,Trey Sermon,Calvin Austin III,7593,8125,1417,1260,157,37.3,84.8,-47.5
2024,RB,WR,RB_vs_WR,Trey Sermon,Josh Reynolds,7593,4171,1417,1251,166,37.3,24.3,13
2024,RB,WR,RB_vs_WR,Trey Sermon,Tyquan Thornton,7593,8188,1417,1250,167,37.3,4.7,32.6
2024,RB,WR,RB_vs_WR,Trey Sermon,Bo Melton,7593,8204,1417,1245,172,37.3,14.4,22.9
2024,RB,WR,RB_vs_WR,Trey Sermon,Kendrick Bourne,7593,4454,1417,1235,182,37.3,35.9,1.4
2024,RB,WR,RB_vs_WR,Alexander Mattison,Elijah Moore,5987,7596,1393,1591,-198,98.3,56.3,42
2024,RB,WR,RB_vs_WR,Alexander Mattison,John Metchie,5987,8147,1393,1585,-192,98.3,29,69.3
2024,RB,WR,RB_vs_WR,Alexander Mattison,Tre Tucker,5987,10213,1393,1579,-186,98.3,79.9,18.4
2024,RB,WR,RB_vs_WR,Alexander Mattison,Adam Thielen,5987,1689,1393,1577,-184,98.3,87.1,11.2
2024,RB,WR,RB_vs_WR,Alexander Mattison,Devontez Walker,5987,11629,1393,1577,-184,98.3,8.1,90.2
2024,RB,WR,RB_vs_WR,Alexander Mattison,Alec Pierce,5987,8142,1393,1551,-158,98.3,112.7,-14.4
2024,RB,WR,RB_vs_WR,Alexander Mattison,Treylon Burks,5987,8135,1393,1545,-152,98.3,3.5,94.8
2024,RB,WR,RB_vs_WR,Alexander Mattison,Tyler Boyd,5987,3225,1393,1522,-129,98.3,39.3,59
2024,RB,WR,RB_vs_WR,Alexander Mattison,D.J. Chark,5987,4951,1393,1485,-92,98.3,2.5,95.8
2024,RB,WR,RB_vs_WR,Alexander Mattison,Parker Washington,5987,9487,1393,1447,-54,98.3,57.5,40.8
2024,RB,WR,RB_vs_WR,Alexander Mattison,Jauan Jennings,5987,7049,1393,1378,15,98.3,128.3,-30
2024,RB,WR,RB_vs_WR,Alexander Mattison,Demarcus Robinson,5987,3286,1393,1370,23,98.3,85.3,13
2024,RB,WR,RB_vs_WR,Alexander Mattison,Xavier Gipson,5987,11306,1393,1348,45,98.3,7.9,90.4
2024,RB,WR,RB_vs_WR,Alexander Mattison,Tutu Atwell,5987,7562,1393,1342,51,98.3,53.2,45.1
2024,RB,WR,RB_vs_WR,Alexander Mattison,Cedric Tillman,5987,10444,1393,1316,77,98.3,51.4,46.9
2024,RB,WR,RB_vs_WR,Alexander Mattison,Jalen Nailor,5987,8180,1393,1312,81,98.3,69.7,28.6
2024,RB,WR,RB_vs_WR,Alexander Mattison,Calvin Austin III,5987,8125,1393,1260,133,98.3,84.8,13.5
2024,RB,WR,RB_vs_WR,Alexander Mattison,Josh Reynolds,5987,4171,1393,1251,142,98.3,24.3,74
2024,RB,WR,RB_vs_WR,Alexander Mattison,Tyquan Thornton,5987,8188,1393,1250,143,98.3,4.7,93.6
2024,RB,WR,RB_vs_WR,Alexander Mattison,Bo Melton,5987,8204,1393,1245,148,98.3,14.4,83.9
2024,RB,WR,RB_vs_WR,Alexander Mattison,Kendrick Bourne,5987,4454,1393,1235,158,98.3,35.9,62.4
2024,RB,WR,RB_vs_WR,Alexander Mattison,K.J. Osborn,5987,7066,1393,1200,193,98.3,11.7,86.6
2024,RB,WR,RB_vs_WR,Alexander Mattison,Zay Jones,5987,4080,1393,1200,193,98.3,3.8,94.5
2024,RB,WR,RB_vs_WR,Kenneth Gainwell,Tyler Boyd,7567,3225,1340,1522,-182,44.3,39.3,5
2024,RB,WR,RB_vs_WR,Kenneth Gainwell,D.J. Chark,7567,4951,1340,1485,-145,44.3,2.5,41.8
2024,RB,WR,RB_vs_WR,Kenneth Gainwell,Parker Washington,7567,9487,1340,1447,-107,44.3,57.5,-13.2
2024,RB,WR,RB_vs_WR,Kenneth Gainwell,Jauan Jennings,7567,7049,1340,1378,-38,44.3,128.3,-84
2024,RB,WR,RB_vs_WR,Kenneth Gainwell,Demarcus Robinson,7567,3286,1340,1370,-30,44.3,85.3,-41
2024,RB,WR,RB_vs_WR,Kenneth Gainwell,Xavier Gipson,7567,11306,1340,1348,-8,44.3,7.9,36.4
2024,RB,WR,RB_vs_WR,Kenneth Gainwell,Tutu Atwell,7567,7562,1340,1342,-2,44.3,53.2,-8.9
2024,RB,WR,RB_vs_WR,Kenneth Gainwell,Cedric Tillman,7567,10444,1340,1316,24,44.3,51.4,-7.1
2024,RB,WR,RB_vs_WR,Kenneth Gainwell,Jalen Nailor,7567,8180,1340,1312,28,44.3,69.7,-25.4
2024,RB,WR,RB_vs_WR,Kenneth Gainwell,Calvin Austin III,7567,8125,1340,1260,80,44.3,84.8,-40.5
2024,RB,WR,RB_vs_WR,Kenneth Gainwell,Josh Reynolds,7567,4171,1340,1251,89,44.3,24.3,20
2024,RB,WR,RB_vs_WR,Kenneth Gainwell,Tyquan Thornton,7567,8188,1340,1250,90,44.3,4.7,39.6
2024,RB,WR,RB_vs_WR,Kenneth Gainwell,Bo Melton,7567,8204,1340,1245,95,44.3,14.4,29.9
2024,RB,WR,RB_vs_WR,Kenneth Gainwell,Kendrick Bourne,7567,4454,1340,1235,105,44.3,35.9,8.4
2024,RB,WR,RB_vs_WR,Kenneth Gainwell,K.J. Osborn,7567,7066,1340,1200,140,44.3,11.7,32.6
2024,RB,WR,RB_vs_WR,Kenneth Gainwell,Zay Jones,7567,4080,1340,1200,140,44.3,3.8,40.5
2024,RB,WR,RB_vs_WR,Kenneth Gainwell,Johnny Wilson,7567,11636,1340,1179,161,44.3,7.4,36.9
2024,RB,WR,RB_vs_WR,Kenneth Gainwell,Darius Slayton,7567,6149,1340,1176,164,44.3,71,-26.7
2024,RB,WR,RB_vs_WR,Deuce Vaughn,D.J. Chark,9505,4951,1289,1485,-196,5.1,2.5,2.6
2024,RB,WR,RB_vs_WR,Deuce Vaughn,Parker Washington,9505,9487,1289,1447,-158,5.1,57.5,-52.4
2024,RB,WR,RB_vs_WR,Deuce Vaughn,Jauan Jennings,9505,7049,1289,1378,-89,5.1,128.3,-123.2
2024,RB,WR,RB_vs_WR,Deuce Vaughn,Demarcus Robinson,9505,3286,1289,1370,-81,5.1,85.3,-80.2
2024,RB,WR,RB_vs_WR,Deuce Vaughn,Xavier Gipson,9505,11306,1289,1348,-59,5.1,7.9,-2.8
2024,RB,WR,RB_vs_WR,Deuce Vaughn,Tutu Atwell,9505,7562,1289,1342,-53,5.1,53.2,-48.1
2024,RB,WR,RB_vs_WR,Deuce Vaughn,Cedric Tillman,9505,10444,1289,1316,-27,5.1,51.4,-46.3
2024,RB,WR,RB_vs_WR,Deuce Vaughn,Jalen Nailor,9505,8180,1289,1312,-23,5.1,69.7,-64.6
2024,RB,WR,RB_vs_WR,Deuce Vaughn,Calvin Austin III,9505,8125,1289,1260,29,5.1,84.8,-79.7
2024,RB,WR,RB_vs_WR,Deuce Vaughn,Josh Reynolds,9505,4171,1289,1251,38,5.1,24.3,-19.2
2024,RB,WR,RB_vs_WR,Deuce Vaughn,Tyquan Thornton,9505,8188,1289,1250,39,5.1,4.7,0.4
2024,RB,WR,RB_vs_WR,Deuce Vaughn,Bo Melton,9505,8204,1289,1245,44,5.1,14.4,-9.3
2024,RB,WR,RB_vs_WR,Deuce Vaughn,Kendrick Bourne,9505,4454,1289,1235,54,5.1,35.9,-30.8
2024,RB,WR,RB_vs_WR,Deuce Vaughn,K.J. Osborn,9505,7066,1289,1200,89,5.1,11.7,-6.6
2024,RB,WR,RB_vs_WR,Deuce Vaughn,Zay Jones,9505,4080,1289,1200,89,5.1,3.8,1.3
2024,RB,WR,RB_vs_WR,Deuce Vaughn,Johnny Wilson,9505,11636,1289,1179,110,5.1,7.4,-2.3
2024,RB,WR,RB_vs_WR,Deuce Vaughn,Darius Slayton,9505,6149,1289,1176,113,5.1,71,-65.9
2024,RB,WR,RB_vs_WR,Deuce Vaughn,Noah Brown,9505,4234,1289,1115,174,5.1,51.3,-46.2
2024,RB,WR,RB_vs_WR,Deuce Vaughn,Xavier Hutchinson,9505,10218,1289,1105,184,5.1,11.2,-6.1
2024,RB,WR,RB_vs_WR,Pierre Strong Jr.,Parker Washington,8116,9487,1264,1447,-183,21.2,57.5,-36.3
2024,RB,WR,RB_vs_WR,Pierre Strong Jr.,Jauan Jennings,8116,7049,1264,1378,-114,21.2,128.3,-107.1
2024,RB,WR,RB_vs_WR,Pierre Strong Jr.,Demarcus Robinson,8116,3286,1264,1370,-106,21.2,85.3,-64.1
2024,RB,WR,RB_vs_WR,Pierre Strong Jr.,Xavier Gipson,8116,11306,1264,1348,-84,21.2,7.9,13.3
2024,RB,WR,RB_vs_WR,Pierre Strong Jr.,Tutu Atwell,8116,7562,1264,1342,-78,21.2,53.2,-32
2024,RB,WR,RB_vs_WR,Pierre Strong Jr.,Cedric Tillman,8116,10444,1264,1316,-52,21.2,51.4,-30.2
2024,RB,WR,RB_vs_WR,Pierre Strong Jr.,Jalen Nailor,8116,8180,1264,1312,-48,21.2,69.7,-48.5
2024,RB,WR,RB_vs_WR,Pierre Strong Jr.,Calvin Austin III,8116,8125,1264,1260,4,21.2,84.8,-63.6
2024,RB,WR,RB_vs_WR,Pierre Strong Jr.,Josh Reynolds,8116,4171,1264,1251,13,21.2,24.3,-3.1
2024,RB,WR,RB_vs_WR,Pierre Strong Jr.,Tyquan Thornton,8116,8188,1264,1250,14,21.2,4.7,16.5
2024,RB,WR,RB_vs_WR,Pierre Strong Jr.,Bo Melton,8116,8204,1264,1245,19,21.2,14.4,6.8
2024,RB,WR,RB_vs_WR,Pierre Strong Jr.,Kendrick Bourne,8116,4454,1264,1235,29,21.2,35.9,-14.7
2024,RB,WR,RB_vs_WR,Pierre Strong Jr.,K.J. Osborn,8116,7066,1264,1200,64,21.2,11.7,9.5
2024,RB,WR,RB_vs_WR,Pierre Strong Jr.,Zay Jones,8116,4080,1264,1200,64,21.2,3.8,17.4
2024,RB,WR,RB_vs_WR,Pierre Strong Jr.,Johnny Wilson,8116,11636,1264,1179,85,21.2,7.4,13.8
2024,RB,WR,RB_vs_WR,Pierre Strong Jr.,Darius Slayton,8116,6149,1264,1176,88,21.2,71,-49.8
2024,RB,WR,RB_vs_WR,Pierre Strong Jr.,Noah Brown,8116,4234,1264,1115,149,21.2,51.3,-30.1
2024,RB,WR,RB_vs_WR,Pierre Strong Jr.,Xavier Hutchinson,8116,10218,1264,1105,159,21.2,11.2,10
2024,RB,WR,RB_vs_WR,Sean Tucker,Jauan Jennings,9506,7049,1229,1378,-149,58.1,128.3,-70.2
2024,RB,WR,RB_vs_WR,Sean Tucker,Demarcus Robinson,9506,3286,1229,1370,-141,58.1,85.3,-27.2
2024,RB,WR,RB_vs_WR,Sean Tucker,Xavier Gipson,9506,11306,1229,1348,-119,58.1,7.9,50.2
2024,RB,WR,RB_vs_WR,Sean Tucker,Tutu Atwell,9506,7562,1229,1342,-113,58.1,53.2,4.9
2024,RB,WR,RB_vs_WR,Sean Tucker,Cedric Tillman,9506,10444,1229,1316,-87,58.1,51.4,6.7
2024,RB,WR,RB_vs_WR,Sean Tucker,Jalen Nailor,9506,8180,1229,1312,-83,58.1,69.7,-11.6
2024,RB,WR,RB_vs_WR,Sean Tucker,Calvin Austin III,9506,8125,1229,1260,-31,58.1,84.8,-26.7
2024,RB,WR,RB_vs_WR,Sean Tucker,Josh Reynolds,9506,4171,1229,1251,-22,58.1,24.3,33.8
2024,RB,WR,RB_vs_WR,Sean Tucker,Tyquan Thornton,9506,8188,1229,1250,-21,58.1,4.7,53.4
2024,RB,WR,RB_vs_WR,Sean Tucker,Bo Melton,9506,8204,1229,1245,-16,58.1,14.4,43.7
2024,RB,WR,RB_vs_WR,Sean Tucker,Kendrick Bourne,9506,4454,1229,1235,-6,58.1,35.9,22.2
2024,RB,WR,RB_vs_WR,Sean Tucker,K.J. Osborn,9506,7066,1229,1200,29,58.1,11.7,46.4
2024,RB,WR,RB_vs_WR,Sean Tucker,Zay Jones,9506,4080,1229,1200,29,58.1,3.8,54.3
2024,RB,WR,RB_vs_WR,Sean Tucker,Johnny Wilson,9506,11636,1229,1179,50,58.1,7.4,50.7
2024,RB,WR,RB_vs_WR,Sean Tucker,Darius Slayton,9506,6149,1229,1176,53,58.1,71,-12.9
2024,RB,WR,RB_vs_WR,Sean Tucker,Noah Brown,9506,4234,1229,1115,114,58.1,51.3,6.8
2024,RB,WR,RB_vs_WR,Sean Tucker,Xavier Hutchinson,9506,10218,1229,1105,124,58.1,11.2,46.9
2024,RB,WR,RB_vs_WR,Samaje Perine,Jauan Jennings,4147,7049,1189,1378,-189,52,128.3,-76.3
2024,RB,WR,RB_vs_WR,Samaje Perine,Demarcus Robinson,4147,3286,1189,1370,-181,52,85.3,-33.3
2024,RB,WR,RB_vs_WR,Samaje Perine,Xavier Gipson,4147,11306,1189,1348,-159,52,7.9,44.1
2024,RB,WR,RB_vs_WR,Samaje Perine,Tutu Atwell,4147,7562,1189,1342,-153,52,53.2,-1.2
2024,RB,WR,RB_vs_WR,Samaje Perine,Cedric Tillman,4147,10444,1189,1316,-127,52,51.4,0.6
2024,RB,WR,RB_vs_WR,Samaje Perine,Jalen Nailor,4147,8180,1189,1312,-123,52,69.7,-17.7
2024,RB,WR,RB_vs_WR,Samaje Perine,Calvin Austin III,4147,8125,1189,1260,-71,52,84.8,-32.8
2024,RB,WR,RB_vs_WR,Samaje Perine,Josh Reynolds,4147,4171,1189,1251,-62,52,24.3,27.7
2024,RB,WR,RB_vs_WR,Samaje Perine,Tyquan Thornton,4147,8188,1189,1250,-61,52,4.7,47.3
2024,RB,WR,RB_vs_WR,Samaje Perine,Bo Melton,4147,8204,1189,1245,-56,52,14.4,37.6
2024,RB,WR,RB_vs_WR,Samaje Perine,Kendrick Bourne,4147,4454,1189,1235,-46,52,35.9,16.1
2024,RB,WR,RB_vs_WR,Samaje Perine,K.J. Osborn,4147,7066,1189,1200,-11,52,11.7,40.3
2024,RB,WR,RB_vs_WR,Samaje Perine,Zay Jones,4147,4080,1189,1200,-11,52,3.8,48.2
2024,RB,WR,RB_vs_WR,Samaje Perine,Johnny Wilson,4147,11636,1189,1179,10,52,7.4,44.6
2024,RB,WR,RB_vs_WR,Samaje Perine,Darius Slayton,4147,6149,1189,1176,13,52,71,-19
2024,RB,WR,RB_vs_WR,Samaje Perine,Noah Brown,4147,4234,1189,1115,74,52,51.3,0.7
2024,RB,WR,RB_vs_WR,Samaje Perine,Xavier Hutchinson,4147,10218,1189,1105,84,52,11.2,40.8
2024,RB,WR,RB_vs_WR,Samaje Perine,Olamide Zaccheaus,4147,6271,1189,1024,165,52,62.3,-10.3
2024,RB,WR,RB_vs_WR,Samaje Perine,David Bell,4147,8118,1189,1004,185,52,2.7,49.3
2024,RB,WR,RB_vs_WR,Samaje Perine,Van Jefferson,4147,6853,1189,996,193,52,37.8,14.2
2024,RB,WR,RB_vs_WR,Jamaal Williams,Calvin Austin III,4149,8125,1076,1260,-184,25.9,84.8,-58.9
2024,RB,WR,RB_vs_WR,Jamaal Williams,Josh Reynolds,4149,4171,1076,1251,-175,25.9,24.3,1.6
2024,RB,WR,RB_vs_WR,Jamaal Williams,Tyquan Thornton,4149,8188,1076,1250,-174,25.9,4.7,21.2
2024,RB,WR,RB_vs_WR,Jamaal Williams,Bo Melton,4149,8204,1076,1245,-169,25.9,14.4,11.5
2024,RB,WR,RB_vs_WR,Jamaal Williams,Kendrick Bourne,4149,4454,1076,1235,-159,25.9,35.9,-10
2024,RB,WR,RB_vs_WR,Jamaal Williams,K.J. Osborn,4149,7066,1076,1200,-124,25.9,11.7,14.2
2024,RB,WR,RB_vs_WR,Jamaal Williams,Zay Jones,4149,4080,1076,1200,-124,25.9,3.8,22.1
2024,RB,WR,RB_vs_WR,Jamaal Williams,Johnny Wilson,4149,11636,1076,1179,-103,25.9,7.4,18.5
2024,RB,WR,RB_vs_WR,Jamaal Williams,Darius Slayton,4149,6149,1076,1176,-100,25.9,71,-45.1
2024,RB,WR,RB_vs_WR,Jamaal Williams,Noah Brown,4149,4234,1076,1115,-39,25.9,51.3,-25.4
2024,RB,WR,RB_vs_WR,Jamaal Williams,Xavier Hutchinson,4149,10218,1076,1105,-29,25.9,11.2,14.7
2024,RB,WR,RB_vs_WR,Jamaal Williams,Olamide Zaccheaus,4149,6271,1076,1024,52,25.9,62.3,-36.4
2024,RB,WR,RB_vs_WR,Jamaal Williams,David Bell,4149,8118,1076,1004,72,25.9,2.7,23.2
2024,RB,WR,RB_vs_WR,Jamaal Williams,Van Jefferson,4149,6853,1076,996,80,25.9,37.8,-11.9
2024,RB,WR,RB_vs_WR,Miles Sanders,Josh Reynolds,6151,4171,1052,1251,-199,29.7,24.3,5.4
2024,RB,WR,RB_vs_WR,Miles Sanders,Tyquan Thornton,6151,8188,1052,1250,-198,29.7,4.7,25
2024,RB,WR,RB_vs_WR,Miles Sanders,Bo Melton,6151,8204,1052,1245,-193,29.7,14.4,15.3
2024,RB,WR,RB_vs_WR,Miles Sanders,Kendrick Bourne,6151,4454,1052,1235,-183,29.7,35.9,-6.2
2024,RB,WR,RB_vs_WR,Miles Sanders,K.J. Osborn,6151,7066,1052,1200,-148,29.7,11.7,18
2024,RB,WR,RB_vs_WR,Miles Sanders,Zay Jones,6151,4080,1052,1200,-148,29.7,3.8,25.9
2024,RB,WR,RB_vs_WR,Miles Sanders,Johnny Wilson,6151,11636,1052,1179,-127,29.7,7.4,22.3
2024,RB,WR,RB_vs_WR,Miles Sanders,Darius Slayton,6151,6149,1052,1176,-124,29.7,71,-41.3
2024,RB,WR,RB_vs_WR,Miles Sanders,Noah Brown,6151,4234,1052,1115,-63,29.7,51.3,-21.6
2024,RB,WR,RB_vs_WR,Miles Sanders,Xavier Hutchinson,6151,10218,1052,1105,-53,29.7,11.2,18.5
2024,RB,WR,RB_vs_WR,Miles Sanders,Olamide Zaccheaus,6151,6271,1052,1024,28,29.7,62.3,-32.6
2024,RB,WR,RB_vs_WR,Miles Sanders,David Bell,6151,8118,1052,1004,48,29.7,2.7,27
2024,RB,WR,RB_vs_WR,Miles Sanders,Van Jefferson,6151,6853,1052,996,56,29.7,37.8,-8.1
2024,RB,WR,RB_vs_WR,Jase McClellan,Kendrick Bourne,11590,4454,1038,1235,-197,3.2,35.9,-32.7
2024,RB,WR,RB_vs_WR,Jase McClellan,K.J. Osborn,11590,7066,1038,1200,-162,3.2,11.7,-8.5
2024,RB,WR,RB_vs_WR,Jase McClellan,Zay Jones,11590,4080,1038,1200,-162,3.2,3.8,-0.6
2024,RB,WR,RB_vs_WR,Jase McClellan,Johnny Wilson,11590,11636,1038,1179,-141,3.2,7.4,-4.2
2024,RB,WR,RB_vs_WR,Jase McClellan,Darius Slayton,11590,6149,1038,1176,-138,3.2,71,-67.8
2024,RB,WR,RB_vs_WR,Jase McClellan,Noah Brown,11590,4234,1038,1115,-77,3.2,51.3,-48.1
2024,RB,WR,RB_vs_WR,Jase McClellan,Xavier Hutchinson,11590,10218,1038,1105,-67,3.2,11.2,-8
2024,RB,WR,RB_vs_WR,Jase McClellan,Olamide Zaccheaus,11590,6271,1038,1024,14,3.2,62.3,-59.1
2024,RB,WR,RB_vs_WR,Jase McClellan,David Bell,11590,8118,1038,1004,34,3.2,2.7,0.5
2024,RB,WR,RB_vs_WR,Jase McClellan,Van Jefferson,11590,6853,1038,996,42,3.2,37.8,-34.6
2024,RB,TE,RB_vs_TE,Jonathan Taylor,Trey McBride,6813,8130,6050,6233,-183,202.7,178.3,24.4
2024,RB,TE,RB_vs_TE,Jonathan Taylor,Dalton Kincaid,6813,10236,6050,5985,65,202.7,78.8,123.9
2024,RB,TE,RB_vs_TE,De'Von Achane,Dalton Kincaid,9226,10236,5905,5985,-80,203.8,78.8,125
2024,RB,TE,RB_vs_TE,De'Von Achane,Brock Bowers,9226,11604,5905,5765,140,203.8,193.7,10.1
2024,RB,TE,RB_vs_TE,Travis Etienne,Kyle Pitts,7543,7553,5470,5348,122,85.2,105.2,-20
2024,RB,TE,RB_vs_TE,Saquon Barkley,Kyle Pitts,4866,7553,5152,5348,-196,322.3,105.2,217.1
2024,RB,TE,RB_vs_TE,Saquon Barkley,Mark Andrews,4866,5012,5152,4957,195,322.3,147.9,174.4
2024,RB,TE,RB_vs_TE,Kyren Williams,Mark Andrews,8150,5012,5142,4957,185,238.1,147.9,90.2
2024,RB,TE,RB_vs_TE,Kenneth Walker III,Mark Andrews,8151,5012,5112,4957,155,135.2,147.9,-12.7
2024,RB,TE,RB_vs_TE,Isiah Pacheco,Mark Andrews,8205,5012,4963,4957,6,44.9,147.9,-103
2024,RB,TE,RB_vs_TE,James Cook,Travis Kelce,8138,1466,4694,4498,196,225.9,146.9,79
2024,RB,TE,RB_vs_TE,Jonathon Brooks,Travis Kelce,11583,1466,4694,4498,196,4.5,146.9,-142.4
2024,RB,TE,RB_vs_TE,Josh Jacobs,Travis Kelce,5850,1466,4407,4498,-91,246.5,146.9,99.6
2024,RB,TE,RB_vs_TE,Josh Jacobs,T.J. Hockenson,5850,5844,4407,4433,-26,246.5,64.1,182.4
2024,RB,TE,RB_vs_TE,Rachaad White,George Kittle,8136,4217,4070,3906,164,148.6,193.9,-45.3
2024,RB,TE,RB_vs_TE,Derrick Henry,George Kittle,3198,4217,3719,3906,-187,289.3,193.9,95.4
2024,RB,TE,RB_vs_TE,Derrick Henry,Evan Engram,3198,4066,3719,3738,-19,289.3,66,223.3
2024,RB,TE,RB_vs_TE,Derrick Henry,Jake Ferguson,3198,8110,3719,3738,-19,289.3,72.7,216.6
2024,RB,TE,RB_vs_TE,Derrick Henry,David Njoku,3198,4033,3719,3597,122,289.3,116.5,172.8
2024,RB,TE,RB_vs_TE,Trey Benson,Evan Engram,11589,4066,3653,3738,-85,41,66,-25
2024,RB,TE,RB_vs_TE,Trey Benson,Jake Ferguson,11589,8110,3653,3738,-85,41,72.7,-31.7
2024,RB,TE,RB_vs_TE,Trey Benson,David Njoku,11589,4033,3653,3597,56,41,116.5,-75.5
2024,RB,TE,RB_vs_TE,Tyjae Spears,David Njoku,9508,4033,3406,3597,-191,83.6,116.5,-32.9
2024,RB,TE,RB_vs_TE,Tyjae Spears,Ben Sinnott,9508,11596,3406,3307,99,83.6,11.3,72.3
2024,RB,TE,RB_vs_TE,D'Andre Swift,Ben Sinnott,6790,11596,3377,3307,70,160,11.3,148.7
2024,RB,TE,RB_vs_TE,Joe Mixon,Ben Sinnott,4018,11596,3343,3307,36,201.7,11.3,190.4
2024,RB,TE,RB_vs_TE,Javonte Williams,Ben Sinnott,7588,11596,3341,3307,34,98.1,11.3,86.8
2024,RB,TE,RB_vs_TE,Rhamondre Stevenson,Ben Sinnott,7611,11596,3337,3307,30,142.9,11.3,131.6
2024,RB,TE,RB_vs_TE,Alvin Kamara,Ben Sinnott,4035,11596,3309,3307,2,197.3,11.3,186
2024,RB,TE,RB_vs_TE,David Montgomery,Ben Sinnott,5892,11596,3284,3307,-23,185.7,11.3,174.4
2024,RB,TE,RB_vs_TE,Blake Corum,Ben Sinnott,11586,11596,3244,3307,-63,24.3,11.3,13
2024,RB,TE,RB_vs_TE,Najee Harris,Ben Sinnott,7528,11596,3236,3307,-71,157,11.3,145.7
2024,RB,TE,RB_vs_TE,Zamir White,Ben Sinnott,8139,11596,3218,3307,-89,23.3,11.3,12
2024,RB,TE,RB_vs_TE,Zamir White,Pat Freiermuth,8139,7600,3218,3019,199,23.3,117.3,-94
2024,RB,TE,RB_vs_TE,Brian Robinson,Ben Sinnott,8154,11596,3216,3307,-91,138.2,11.3,126.9
2024,RB,TE,RB_vs_TE,Brian Robinson,Pat Freiermuth,8154,7600,3216,3019,197,138.2,117.3,20.9
2024,RB,TE,RB_vs_TE,Jaylen Warren,Ben Sinnott,8228,11596,3161,3307,-146,84,11.3,72.7
2024,RB,TE,RB_vs_TE,Jaylen Warren,Pat Freiermuth,8228,7600,3161,3019,142,84,117.3,-33.3
2024,RB,TE,RB_vs_TE,Jaylen Warren,Luke Musgrave,8228,9481,3161,3008,153,84,5.6,78.4
2024,RB,TE,RB_vs_TE,Jaylen Warren,Isaiah Likely,8228,8131,3161,2998,163,84,97.4,-13.4
2024,RB,TE,RB_vs_TE,Chase Brown,Ben Sinnott,9224,11596,3117,3307,-190,201,11.3,189.7
2024,RB,TE,RB_vs_TE,Chase Brown,Pat Freiermuth,9224,7600,3117,3019,98,201,117.3,83.7
2024,RB,TE,RB_vs_TE,Chase Brown,Luke Musgrave,9224,9481,3117,3008,109,201,5.6,195.4
2024,RB,TE,RB_vs_TE,Chase Brown,Isaiah Likely,9224,8131,3117,2998,119,201,97.4,103.6
2024,RB,TE,RB_vs_TE,Chase Brown,Cole Kmet,9224,6826,3117,2958,159,201,95.6,105.4
2024,RB,TE,RB_vs_TE,Jerome Ford,Pat Freiermuth,8143,7600,3095,3019,76,97,117.3,-20.3
2024,RB,TE,RB_vs_TE,Jerome Ford,Luke Musgrave,8143,9481,3095,3008,87,97,5.6,91.4
2024,RB,TE,RB_vs_TE,Jerome Ford,Isaiah Likely,8143,8131,3095,2998,97,97,97.4,-0.4
2024,RB,TE,RB_vs_TE,Jerome Ford,Cole Kmet,8143,6826,3095,2958,137,97,95.6,1.4
2024,RB,TE,RB_vs_TE,Jerome Ford,Dalton Schultz,8143,5001,3095,2908,187,97,87.3,9.7
2024,RB,TE,RB_vs_TE,Jerome Ford,Dallas Goedert,8143,5022,3095,2907,188,97,75.1,21.9
2024,RB,TE,RB_vs_TE,James Conner,Pat Freiermuth,4137,7600,3093,3019,74,206.8,117.3,89.5
2024,RB,TE,RB_vs_TE,James Conner,Luke Musgrave,4137,9481,3093,3008,85,206.8,5.6,201.2
2024,RB,TE,RB_vs_TE,James Conner,Isaiah Likely,4137,8131,3093,2998,95,206.8,97.4,109.4
2024,RB,TE,RB_vs_TE,James Conner,Cole Kmet,4137,6826,3093,2958,135,206.8,95.6,111.2
2024,RB,TE,RB_vs_TE,James Conner,Dalton Schultz,4137,5001,3093,2908,185,206.8,87.3,119.5
2024,RB,TE,RB_vs_TE,James Conner,Dallas Goedert,4137,5022,3093,2907,186,206.8,75.1,131.7
2024,RB,TE,RB_vs_TE,Jaylen Wright,Pat Freiermuth,11643,7600,3086,3019,67,24.1,117.3,-93.2
2024,RB,TE,RB_vs_TE,Jaylen Wright,Luke Musgrave,11643,9481,3086,3008,78,24.1,5.6,18.5
2024,RB,TE,RB_vs_TE,Jaylen Wright,Isaiah Likely,11643,8131,3086,2998,88,24.1,97.4,-73.3
2024,RB,TE,RB_vs_TE,Jaylen Wright,Cole Kmet,11643,6826,3086,2958,128,24.1,95.6,-71.5
2024,RB,TE,RB_vs_TE,Jaylen Wright,Dalton Schultz,11643,5001,3086,2908,178,24.1,87.3,-63.2
2024,RB,TE,RB_vs_TE,Jaylen Wright,Dallas Goedert,11643,5022,3086,2907,179,24.1,75.1,-51
2024,RB,TE,RB_vs_TE,Tony Pollard,Pat Freiermuth,5967,7600,2997,3019,-22,153.5,117.3,36.2
2024,RB,TE,RB_vs_TE,Tony Pollard,Luke Musgrave,5967,9481,2997,3008,-11,153.5,5.6,147.9
2024,RB,TE,RB_vs_TE,Tony Pollard,Isaiah Likely,5967,8131,2997,2998,-1,153.5,97.4,56.1
2024,RB,TE,RB_vs_TE,Tony Pollard,Cole Kmet,5967,6826,2997,2958,39,153.5,95.6,57.9
2024,RB,TE,RB_vs_TE,Tony Pollard,Dalton Schultz,5967,5001,2997,2908,89,153.5,87.3,66.2
2024,RB,TE,RB_vs_TE,Tony Pollard,Dallas Goedert,5967,5022,2997,2907,90,153.5,75.1,78.4
2024,RB,TE,RB_vs_TE,Aaron Jones,Pat Freiermuth,4199,7600,2917,3019,-102,183.1,117.3,65.8
2024,RB,TE,RB_vs_TE,Aaron Jones,Luke Musgrave,4199,9481,2917,3008,-91,183.1,5.6,177.5
2024,RB,TE,RB_vs_TE,Aaron Jones,Isaiah Likely,4199,8131,2917,2998,-81,183.1,97.4,85.7
2024,RB,TE,RB_vs_TE,Aaron Jones,Cole Kmet,4199,6826,2917,2958,-41,183.1,95.6,87.5
2024,RB,TE,RB_vs_TE,Aaron Jones,Dalton Schultz,4199,5001,2917,2908,9,183.1,87.3,95.8
2024,RB,TE,RB_vs_TE,Aaron Jones,Dallas Goedert,4199,5022,2917,2907,10,183.1,75.1,108
2024,RB,TE,RB_vs_TE,Zach Charbonnet,Pat Freiermuth,9753,7600,2839,3019,-180,135.8,117.3,18.5
2024,RB,TE,RB_vs_TE,Zach Charbonnet,Luke Musgrave,9753,9481,2839,3008,-169,135.8,5.6,130.2
2024,RB,TE,RB_vs_TE,Zach Charbonnet,Isaiah Likely,9753,8131,2839,2998,-159,135.8,97.4,38.4
2024,RB,TE,RB_vs_TE,Zach Charbonnet,Cole Kmet,9753,6826,2839,2958,-119,135.8,95.6,40.2
2024,RB,TE,RB_vs_TE,Zach Charbonnet,Dalton Schultz,9753,5001,2839,2908,-69,135.8,87.3,48.5
2024,RB,TE,RB_vs_TE,Zach Charbonnet,Dallas Goedert,9753,5022,2839,2907,-68,135.8,75.1,60.7
2024,RB,TE,RB_vs_TE,MarShawn Lloyd,Luke Musgrave,11581,9481,2814,3008,-194,1.8,5.6,-3.8
2024,RB,TE,RB_vs_TE,MarShawn Lloyd,Isaiah Likely,11581,8131,2814,2998,-184,1.8,97.4,-95.6
2024,RB,TE,RB_vs_TE,MarShawn Lloyd,Cole Kmet,11581,6826,2814,2958,-144,1.8,95.6,-93.8
2024,RB,TE,RB_vs_TE,MarShawn Lloyd,Dalton Schultz,11581,5001,2814,2908,-94,1.8,87.3,-85.5
2024,RB,TE,RB_vs_TE,MarShawn Lloyd,Dallas Goedert,11581,5022,2814,2907,-93,1.8,75.1,-73.3
2024,RB,TE,RB_vs_TE,Zack Moss,Michael Mayer,6845,9482,2681,2565,116,58.9,22,36.9
2024,RB,TE,RB_vs_TE,Raheem Mostert,Michael Mayer,2749,9482,2675,2565,110,51.9,22,29.9
2024,RB,TE,RB_vs_TE,Braelon Allen,Michael Mayer,11576,9482,2591,2565,26,63.9,22,41.9
2024,RB,TE,RB_vs_TE,Braelon Allen,Greg Dulcich,11576,8172,2591,2405,186,63.9,5.3,58.6
2024,RB,TE,RB_vs_TE,Braelon Allen,Cade Otton,11576,8111,2591,2397,194,63.9,111.1,-47.2
2024,RB,TE,RB_vs_TE,Braelon Allen,Tucker Kraft,11576,9484,2591,2396,195,63.9,132.7,-68.8
2024,RB,TE,RB_vs_TE,Braelon Allen,Ja'Tavion Sanders,11576,11600,2591,2392,199,63.9,51.7,12.2
2024,RB,TE,RB_vs_TE,Nick Chubb,Michael Mayer,4988,9482,2579,2565,14,58.3,22,36.3
2024,RB,TE,RB_vs_TE,Nick Chubb,Greg Dulcich,4988,8172,2579,2405,174,58.3,5.3,53
2024,RB,TE,RB_vs_TE,Nick Chubb,Cade Otton,4988,8111,2579,2397,182,58.3,111.1,-52.8
2024,RB,TE,RB_vs_TE,Nick Chubb,Tucker Kraft,4988,9484,2579,2396,183,58.3,132.7,-74.4
2024,RB,TE,RB_vs_TE,Nick Chubb,Ja'Tavion Sanders,4988,11600,2579,2392,187,58.3,51.7,6.6
2024,RB,TE,RB_vs_TE,Devin Singletary,Michael Mayer,6130,9482,2576,2565,11,73.9,22,51.9
2024,RB,TE,RB_vs_TE,Devin Singletary,Greg Dulcich,6130,8172,2576,2405,171,73.9,5.3,68.6
2024,RB,TE,RB_vs_TE,Devin Singletary,Cade Otton,6130,8111,2576,2397,179,73.9,111.1,-37.2
2024,RB,TE,RB_vs_TE,Devin Singletary,Tucker Kraft,6130,9484,2576,2396,180,73.9,132.7,-58.8
2024,RB,TE,RB_vs_TE,Devin Singletary,Ja'Tavion Sanders,6130,11600,2576,2392,184,73.9,51.7,22.2
2024,RB,TE,RB_vs_TE,Bucky Irving,Michael Mayer,11584,9482,2561,2565,-4,183,22,161
2024,RB,TE,RB_vs_TE,Bucky Irving,Greg Dulcich,11584,8172,2561,2405,156,183,5.3,177.7
2024,RB,TE,RB_vs_TE,Bucky Irving,Cade Otton,11584,8111,2561,2397,164,183,111.1,71.9
2024,RB,TE,RB_vs_TE,Bucky Irving,Tucker Kraft,11584,9484,2561,2396,165,183,132.7,50.3
2024,RB,TE,RB_vs_TE,Bucky Irving,Ja'Tavion Sanders,11584,11600,2561,2392,169,183,51.7,131.3
2024,RB,TE,RB_vs_TE,Jaleel McLaughlin,Michael Mayer,11439,9482,2551,2565,-14,68.4,22,46.4
2024,RB,TE,RB_vs_TE,Jaleel McLaughlin,Greg Dulcich,11439,8172,2551,2405,146,68.4,5.3,63.1
2024,RB,TE,RB_vs_TE,Jaleel McLaughlin,Cade Otton,11439,8111,2551,2397,154,68.4,111.1,-42.7
2024,RB,TE,RB_vs_TE,Jaleel McLaughlin,Tucker Kraft,11439,9484,2551,2396,155,68.4,132.7,-64.3
2024,RB,TE,RB_vs_TE,Jaleel McLaughlin,Ja'Tavion Sanders,11439,11600,2551,2392,159,68.4,51.7,16.7
2024,RB,TE,RB_vs_TE,Rico Dowdle,Michael Mayer,7021,9482,2536,2565,-29,144.4,22,122.4
2024,RB,TE,RB_vs_TE,Rico Dowdle,Greg Dulcich,7021,8172,2536,2405,131,144.4,5.3,139.1
2024,RB,TE,RB_vs_TE,Rico Dowdle,Cade Otton,7021,8111,2536,2397,139,144.4,111.1,33.3
2024,RB,TE,RB_vs_TE,Rico Dowdle,Tucker Kraft,7021,9484,2536,2396,140,144.4,132.7,11.7
2024,RB,TE,RB_vs_TE,Rico Dowdle,Ja'Tavion Sanders,7021,11600,2536,2392,144,144.4,51.7,92.7
2024,RB,TE,RB_vs_TE,Tyler Allgeier,Michael Mayer,8132,9482,2460,2565,-105,86.3,22,64.3
2024,RB,TE,RB_vs_TE,Tyler Allgeier,Greg Dulcich,8132,8172,2460,2405,55,86.3,5.3,81
2024,RB,TE,RB_vs_TE,Tyler Allgeier,Cade Otton,8132,8111,2460,2397,63,86.3,111.1,-24.8
2024,RB,TE,RB_vs_TE,Tyler Allgeier,Tucker Kraft,8132,9484,2460,2396,64,86.3,132.7,-46.4
2024,RB,TE,RB_vs_TE,Tyler Allgeier,Ja'Tavion Sanders,8132,11600,2460,2392,68,86.3,51.7,34.6
2024,RB,TE,RB_vs_TE,Chuba Hubbard,Michael Mayer,7594,9482,2391,2565,-174,198.6,22,176.6
2024,RB,TE,RB_vs_TE,Chuba Hubbard,Greg Dulcich,7594,8172,2391,2405,-14,198.6,5.3,193.3
2024,RB,TE,RB_vs_TE,Chuba Hubbard,Cade Otton,7594,8111,2391,2397,-6,198.6,111.1,87.5
2024,RB,TE,RB_vs_TE,Chuba Hubbard,Tucker Kraft,7594,9484,2391,2396,-5,198.6,132.7,65.9
2024,RB,TE,RB_vs_TE,Chuba Hubbard,Ja'Tavion Sanders,7594,11600,2391,2392,-1,198.6,51.7,146.9
2024,RB,TE,RB_vs_TE,Keaton Mitchell,Michael Mayer,9511,9482,2380,2565,-185,4.8,22,-17.2
2024,RB,TE,RB_vs_TE,Keaton Mitchell,Greg Dulcich,9511,8172,2380,2405,-25,4.8,5.3,-0.5
2024,RB,TE,RB_vs_TE,Keaton Mitchell,Cade Otton,9511,8111,2380,2397,-17,4.8,111.1,-106.3
2024,RB,TE,RB_vs_TE,Keaton Mitchell,Tucker Kraft,9511,9484,2380,2396,-16,4.8,132.7,-127.9
2024,RB,TE,RB_vs_TE,Keaton Mitchell,Ja'Tavion Sanders,9511,11600,2380,2392,-12,4.8,51.7,-46.9
2024,RB,TE,RB_vs_TE,Gus Edwards,Greg Dulcich,5248,8172,2362,2405,-43,61.1,5.3,55.8
2024,RB,TE,RB_vs_TE,Gus Edwards,Cade Otton,5248,8111,2362,2397,-35,61.1,111.1,-50
2024,RB,TE,RB_vs_TE,Gus Edwards,Tucker Kraft,5248,9484,2362,2396,-34,61.1,132.7,-71.6
2024,RB,TE,RB_vs_TE,Gus Edwards,Ja'Tavion Sanders,5248,11600,2362,2392,-30,61.1,51.7,9.4
2024,RB,TE,RB_vs_TE,Ray Davis,Greg Dulcich,11575,8172,2320,2405,-85,86.6,5.3,81.3
2024,RB,TE,RB_vs_TE,Ray Davis,Cade Otton,11575,8111,2320,2397,-77,86.6,111.1,-24.5
2024,RB,TE,RB_vs_TE,Ray Davis,Tucker Kraft,11575,9484,2320,2396,-76,86.6,132.7,-46.1
2024,RB,TE,RB_vs_TE,Ray Davis,Ja'Tavion Sanders,11575,11600,2320,2392,-72,86.6,51.7,34.9
2024,RB,TE,RB_vs_TE,Ray Davis,Theo Johnson,11575,11597,2320,2127,193,86.6,53.6,33
2024,RB,TE,RB_vs_TE,J.K. Dobbins,Greg Dulcich,6806,8172,2312,2405,-93,152.3,5.3,147
2024,RB,TE,RB_vs_TE,J.K. Dobbins,Cade Otton,6806,8111,2312,2397,-85,152.3,111.1,41.2
2024,RB,TE,RB_vs_TE,J.K. Dobbins,Tucker Kraft,6806,9484,2312,2396,-84,152.3,132.7,19.6
2024,RB,TE,RB_vs_TE,J.K. Dobbins,Ja'Tavion Sanders,6806,11600,2312,2392,-80,152.3,51.7,100.6
2024,RB,TE,RB_vs_TE,J.K. Dobbins,Theo Johnson,6806,11597,2312,2127,185,152.3,53.6,98.7
2024,RB,TE,RB_vs_TE,Audric Estime,Greg Dulcich,11579,8172,2262,2405,-143,34.3,5.3,29
2024,RB,TE,RB_vs_TE,Audric Estime,Cade Otton,11579,8111,2262,2397,-135,34.3,111.1,-76.8
2024,RB,TE,RB_vs_TE,Audric Estime,Tucker Kraft,11579,9484,2262,2396,-134,34.3,132.7,-98.4
2024,RB,TE,RB_vs_TE,Audric Estime,Ja'Tavion Sanders,11579,11600,2262,2392,-130,34.3,51.7,-17.4
2024,RB,TE,RB_vs_TE,Audric Estime,Theo Johnson,11579,11597,2262,2127,135,34.3,53.6,-19.3
2024,RB,TE,RB_vs_TE,Jordan Mason,Greg Dulcich,8408,8172,2217,2405,-188,104,5.3,98.7
2024,RB,TE,RB_vs_TE,Jordan Mason,Cade Otton,8408,8111,2217,2397,-180,104,111.1,-7.1
2024,RB,TE,RB_vs_TE,Jordan Mason,Tucker Kraft,8408,9484,2217,2396,-179,104,132.7,-28.7
2024,RB,TE,RB_vs_TE,Jordan Mason,Ja'Tavion Sanders,8408,11600,2217,2392,-175,104,51.7,52.3
2024,RB,TE,RB_vs_TE,Jordan Mason,Theo Johnson,8408,11597,2217,2127,90,104,53.6,50.4
2024,RB,TE,RB_vs_TE,Jordan Mason,Chigoziem Okonkwo,8408,8210,2217,2053,164,104,87.6,16.4
2024,RB,TE,RB_vs_TE,Austin Ekeler,Theo Johnson,4663,11597,2166,2127,39,94.1,53.6,40.5
2024,RB,TE,RB_vs_TE,Austin Ekeler,Chigoziem Okonkwo,4663,8210,2166,2053,113,94.1,87.6,6.5
2024,RB,TE,RB_vs_TE,Austin Ekeler,Noah Fant,4663,5857,2166,1981,185,94.1,65.2,28.9
2024,RB,TE,RB_vs_TE,Kendre Miller,Theo Johnson,9757,11597,2074,2127,-53,24.1,53.6,-29.5
2024,RB,TE,RB_vs_TE,Kendre Miller,Chigoziem Okonkwo,9757,8210,2074,2053,21,24.1,87.6,-63.5
2024,RB,TE,RB_vs_TE,Kendre Miller,Noah Fant,9757,5857,2074,1981,93,24.1,65.2,-41.1
2024,RB,TE,RB_vs_TE,Ty Chandler,Theo Johnson,8230,11597,2005,2127,-122,22.4,53.6,-31.2
2024,RB,TE,RB_vs_TE,Ty Chandler,Chigoziem Okonkwo,8230,8210,2005,2053,-48,22.4,87.6,-65.2
2024,RB,TE,RB_vs_TE,Ty Chandler,Noah Fant,8230,5857,2005,1981,24,22.4,65.2,-42.8
2024,RB,TE,RB_vs_TE,Ty Chandler,Dawson Knox,8230,5906,2005,1872,133,22.4,48.1,-25.7
2024,RB,TE,RB_vs_TE,Ty Chandler,Hunter Henry,8230,3214,2005,1857,148,22.4,112.4,-90
2024,RB,TE,RB_vs_TE,Ty Chandler,Colby Parkinson,8230,6865,2005,1831,174,22.4,49.3,-26.9
2024,RB,TE,RB_vs_TE,Tank Bigsby,Theo Johnson,9225,11597,2003,2127,-124,111.8,53.6,58.2
2024,RB,TE,RB_vs_TE,Tank Bigsby,Chigoziem Okonkwo,9225,8210,2003,2053,-50,111.8,87.6,24.2
2024,RB,TE,RB_vs_TE,Tank Bigsby,Noah Fant,9225,5857,2003,1981,22,111.8,65.2,46.6
2024,RB,TE,RB_vs_TE,Tank Bigsby,Dawson Knox,9225,5906,2003,1872,131,111.8,48.1,63.7
2024,RB,TE,RB_vs_TE,Tank Bigsby,Hunter Henry,9225,3214,2003,1857,146,111.8,112.4,-0.6
2024,RB,TE,RB_vs_TE,Tank Bigsby,Colby Parkinson,9225,6865,2003,1831,172,111.8,49.3,62.5
2024,RB,TE,RB_vs_TE,Khalil Herbert,Theo Johnson,7608,11597,1999,2127,-128,13.2,53.6,-40.4
2024,RB,TE,RB_vs_TE,Khalil Herbert,Chigoziem Okonkwo,7608,8210,1999,2053,-54,13.2,87.6,-74.4
2024,RB,TE,RB_vs_TE,Khalil Herbert,Noah Fant,7608,5857,1999,1981,18,13.2,65.2,-52
2024,RB,TE,RB_vs_TE,Khalil Herbert,Dawson Knox,7608,5906,1999,1872,127,13.2,48.1,-34.9
2024,RB,TE,RB_vs_TE,Khalil Herbert,Hunter Henry,7608,3214,1999,1857,142,13.2,112.4,-99.2
2024,RB,TE,RB_vs_TE,Khalil Herbert,Colby Parkinson,7608,6865,1999,1831,168,13.2,49.3,-36.1
2024,RB,TE,RB_vs_TE,Roschon Johnson,Theo Johnson,10235,11597,1994,2127,-133,59.5,53.6,5.9
2024,RB,TE,RB_vs_TE,Roschon Johnson,Chigoziem Okonkwo,10235,8210,1994,2053,-59,59.5,87.6,-28.1
2024,RB,TE,RB_vs_TE,Roschon Johnson,Noah Fant,10235,5857,1994,1981,13,59.5,65.2,-5.7
2024,RB,TE,RB_vs_TE,Roschon Johnson,Dawson Knox,10235,5906,1994,1872,122,59.5,48.1,11.4
2024,RB,TE,RB_vs_TE,Roschon Johnson,Hunter Henry,10235,3214,1994,1857,137,59.5,112.4,-52.9
2024,RB,TE,RB_vs_TE,Roschon Johnson,Colby Parkinson,10235,6865,1994,1831,163,59.5,49.3,10.2
2024,RB,TE,RB_vs_TE,Will Shipley,Noah Fant,11577,5857,1821,1981,-160,5,65.2,-60.2
2024,RB,TE,RB_vs_TE,Will Shipley,Dawson Knox,11577,5906,1821,1872,-51,5,48.1,-43.1
2024,RB,TE,RB_vs_TE,Will Shipley,Hunter Henry,11577,3214,1821,1857,-36,5,112.4,-107.4
2024,RB,TE,RB_vs_TE,Will Shipley,Colby Parkinson,11577,6865,1821,1831,-10,5,49.3,-44.3
2024,RB,TE,RB_vs_TE,Will Shipley,Cade Stover,11577,11599,1821,1780,41,5,26.8,-21.8
2024,RB,TE,RB_vs_TE,Will Shipley,Tyler Conklin,11577,5133,1821,1775,46,5,87.8,-82.8
2024,RB,TE,RB_vs_TE,Will Shipley,Jonnu Smith,11577,4144,1821,1744,77,5,164.2,-159.2
2024,RB,TE,RB_vs_TE,Will Shipley,Juwan Johnson,11577,7002,1821,1744,77,5,86.8,-81.8
2024,RB,TE,RB_vs_TE,Will Shipley,Daniel Bellinger,11577,8225,1821,1721,100,5,17.6,-12.6
2024,RB,TE,RB_vs_TE,Will Shipley,Jared Wiley,11577,11595,1821,1677,144,5,1.2,3.8
2024,RB,TE,RB_vs_TE,Will Shipley,Erick All,11577,11592,1821,1641,180,5,25.8,-20.8
2024,RB,TE,RB_vs_TE,Will Shipley,Mike Gesicki,11577,4993,1821,1641,180,5,98.2,-93.2
2024,RB,TE,RB_vs_TE,Antonio Gibson,Noah Fant,6945,5857,1786,1981,-195,74.3,65.2,9.1
2024,RB,TE,RB_vs_TE,Antonio Gibson,Dawson Knox,6945,5906,1786,1872,-86,74.3,48.1,26.2
2024,RB,TE,RB_vs_TE,Antonio Gibson,Hunter Henry,6945,3214,1786,1857,-71,74.3,112.4,-38.1
2024,RB,TE,RB_vs_TE,Antonio Gibson,Colby Parkinson,6945,6865,1786,1831,-45,74.3,49.3,25
2024,RB,TE,RB_vs_TE,Antonio Gibson,Cade Stover,6945,11599,1786,1780,6,74.3,26.8,47.5
2024,RB,TE,RB_vs_TE,Antonio Gibson,Tyler Conklin,6945,5133,1786,1775,11,74.3,87.8,-13.5
2024,RB,TE,RB_vs_TE,Antonio Gibson,Jonnu Smith,6945,4144,1786,1744,42,74.3,164.2,-89.9
2024,RB,TE,RB_vs_TE,Antonio Gibson,Juwan Johnson,6945,7002,1786,1744,42,74.3,86.8,-12.5
2024,RB,TE,RB_vs_TE,Antonio Gibson,Daniel Bellinger,6945,8225,1786,1721,65,74.3,17.6,56.7
2024,RB,TE,RB_vs_TE,Antonio Gibson,Jared Wiley,6945,11595,1786,1677,109,74.3,1.2,73.1
2024,RB,TE,RB_vs_TE,Antonio Gibson,Erick All,6945,11592,1786,1641,145,74.3,25.8,48.5
2024,RB,TE,RB_vs_TE,Antonio Gibson,Mike Gesicki,6945,4993,1786,1641,145,74.3,98.2,-23.9
2024,RB,TE,RB_vs_TE,Antonio Gibson,Taysom Hill,6945,4381,1786,1618,168,74.3,90.8,-16.5
2024,RB,TE,RB_vs_TE,Dameon Pierce,Daniel Bellinger,8129,8225,1530,1721,-191,17.9,17.6,0.3
2024,RB,TE,RB_vs_TE,Dameon Pierce,Jared Wiley,8129,11595,1530,1677,-147,17.9,1.2,16.7
2024,RB,TE,RB_vs_TE,Dameon Pierce,Erick All,8129,11592,1530,1641,-111,17.9,25.8,-7.9
2024,RB,TE,RB_vs_TE,Dameon Pierce,Mike Gesicki,8129,4993,1530,1641,-111,17.9,98.2,-80.3
2024,RB,TE,RB_vs_TE,Dameon Pierce,Taysom Hill,8129,4381,1530,1618,-88,17.9,90.8,-72.9
2024,RB,TE,RB_vs_TE,Dameon Pierce,Darnell Washington,8129,9479,1530,1573,-43,17.9,35.5,-17.6
2024,RB,TE,RB_vs_TE,Dameon Pierce,Luke Schoonmaker,8129,10871,1530,1520,10,17.9,41,-23.1
2024,RB,TE,RB_vs_TE,Dameon Pierce,Noah Gray,8129,7828,1530,1518,12,17.9,93.1,-75.2
2024,RB,TE,RB_vs_TE,Dameon Pierce,Tyler Higbee,8129,3271,1530,1448,82,17.9,9.5,8.4
2024,RB,TE,RB_vs_TE,Dameon Pierce,Zach Ertz,8129,1339,1530,1363,167,17.9,131.5,-113.6
2024,RB,TE,RB_vs_TE,Justice Hill,Jared Wiley,5995,11595,1503,1677,-174,85.1,1.2,83.9
2024,RB,TE,RB_vs_TE,Justice Hill,Erick All,5995,11592,1503,1641,-138,85.1,25.8,59.3
2024,RB,TE,RB_vs_TE,Justice Hill,Mike Gesicki,5995,4993,1503,1641,-138,85.1,98.2,-13.1
2024,RB,TE,RB_vs_TE,Justice Hill,Taysom Hill,5995,4381,1503,1618,-115,85.1,90.8,-5.7
2024,RB,TE,RB_vs_TE,Justice Hill,Darnell Washington,5995,9479,1503,1573,-70,85.1,35.5,49.6
2024,RB,TE,RB_vs_TE,Justice Hill,Luke Schoonmaker,5995,10871,1503,1520,-17,85.1,41,44.1
2024,RB,TE,RB_vs_TE,Justice Hill,Noah Gray,5995,7828,1503,1518,-15,85.1,93.1,-8
2024,RB,TE,RB_vs_TE,Justice Hill,Tyler Higbee,5995,3271,1503,1448,55,85.1,9.5,75.6
2024,RB,TE,RB_vs_TE,Justice Hill,Zach Ertz,5995,1339,1503,1363,140,85.1,131.5,-46.4
2024,RB,TE,RB_vs_TE,Ezekiel Elliott,Jared Wiley,3164,11595,1490,1677,-187,45.5,1.2,44.3
2024,RB,TE,RB_vs_TE,Ezekiel Elliott,Erick All,3164,11592,1490,1641,-151,45.5,25.8,19.7
2024,RB,TE,RB_vs_TE,Ezekiel Elliott,Mike Gesicki,3164,4993,1490,1641,-151,45.5,98.2,-52.7
2024,RB,TE,RB_vs_TE,Ezekiel Elliott,Taysom Hill,3164,4381,1490,1618,-128,45.5,90.8,-45.3
2024,RB,TE,RB_vs_TE,Ezekiel Elliott,Darnell Washington,3164,9479,1490,1573,-83,45.5,35.5,10
2024,RB,TE,RB_vs_TE,Ezekiel Elliott,Luke Schoonmaker,3164,10871,1490,1520,-30,45.5,41,4.5
2024,RB,TE,RB_vs_TE,Ezekiel Elliott,Noah Gray,3164,7828,1490,1518,-28,45.5,93.1,-47.6
2024,RB,TE,RB_vs_TE,Ezekiel Elliott,Tyler Higbee,3164,3271,1490,1448,42,45.5,9.5,36
2024,RB,TE,RB_vs_TE,Ezekiel Elliott,Zach Ertz,3164,1339,1490,1363,127,45.5,131.5,-86
2024,RB,TE,RB_vs_TE,Ezekiel Elliott,Brevin Jordan,3164,7568,1490,1298,192,45.5,1.7,43.8
2024,RB,TE,RB_vs_TE,Emanuel Wilson,Erick All,11435,11592,1457,1641,-184,71.9,25.8,46.1
2024,RB,TE,RB_vs_TE,Emanuel Wilson,Mike Gesicki,11435,4993,1457,1641,-184,71.9,98.2,-26.3
2024,RB,TE,RB_vs_TE,Emanuel Wilson,Taysom Hill,11435,4381,1457,1618,-161,71.9,90.8,-18.9
2024,RB,TE,RB_vs_TE,Emanuel Wilson,Darnell Washington,11435,9479,1457,1573,-116,71.9,35.5,36.4
2024,RB,TE,RB_vs_TE,Emanuel Wilson,Luke Schoonmaker,11435,10871,1457,1520,-63,71.9,41,30.9
2024,RB,TE,RB_vs_TE,Emanuel Wilson,Noah Gray,11435,7828,1457,1518,-61,71.9,93.1,-21.2
2024,RB,TE,RB_vs_TE,Emanuel Wilson,Tyler Higbee,11435,3271,1457,1448,9,71.9,9.5,62.4
2024,RB,TE,RB_vs_TE,Emanuel Wilson,Zach Ertz,11435,1339,1457,1363,94,71.9,131.5,-59.6
2024,RB,TE,RB_vs_TE,Emanuel Wilson,Brevin Jordan,11435,7568,1457,1298,159,71.9,1.7,70.2
2024,RB,TE,RB_vs_TE,Cam Akers,Erick All,6938,11592,1456,1641,-185,72.3,25.8,46.5
2024,RB,TE,RB_vs_TE,Cam Akers,Mike Gesicki,6938,4993,1456,1641,-185,72.3,98.2,-25.9
2024,RB,TE,RB_vs_TE,Cam Akers,Taysom Hill,6938,4381,1456,1618,-162,72.3,90.8,-18.5
2024,RB,TE,RB_vs_TE,Cam Akers,Darnell Washington,6938,9479,1456,1573,-117,72.3,35.5,36.8
2024,RB,TE,RB_vs_TE,Cam Akers,Luke Schoonmaker,6938,10871,1456,1520,-64,72.3,41,31.3
2024,RB,TE,RB_vs_TE,Cam Akers,Noah Gray,6938,7828,1456,1518,-62,72.3,93.1,-20.8
2024,RB,TE,RB_vs_TE,Cam Akers,Tyler Higbee,6938,3271,1456,1448,8,72.3,9.5,62.8
2024,RB,TE,RB_vs_TE,Cam Akers,Zach Ertz,6938,1339,1456,1363,93,72.3,131.5,-59.2
2024,RB,TE,RB_vs_TE,Cam Akers,Brevin Jordan,6938,7568,1456,1298,158,72.3,1.7,70.6
2024,RB,TE,RB_vs_TE,Eric Gray,Erick All,10223,11592,1445,1641,-196,6.3,25.8,-19.5
2024,RB,TE,RB_vs_TE,Eric Gray,Mike Gesicki,10223,4993,1445,1641,-196,6.3,98.2,-91.9
2024,RB,TE,RB_vs_TE,Eric Gray,Taysom Hill,10223,4381,1445,1618,-173,6.3,90.8,-84.5
2024,RB,TE,RB_vs_TE,Eric Gray,Darnell Washington,10223,9479,1445,1573,-128,6.3,35.5,-29.2
2024,RB,TE,RB_vs_TE,Eric Gray,Luke Schoonmaker,10223,10871,1445,1520,-75,6.3,41,-34.7
2024,RB,TE,RB_vs_TE,Eric Gray,Noah Gray,10223,7828,1445,1518,-73,6.3,93.1,-86.8
2024,RB,TE,RB_vs_TE,Eric Gray,Tyler Higbee,10223,3271,1445,1448,-3,6.3,9.5,-3.2
2024,RB,TE,RB_vs_TE,Eric Gray,Zach Ertz,10223,1339,1445,1363,82,6.3,131.5,-125.2
2024,RB,TE,RB_vs_TE,Eric Gray,Brevin Jordan,10223,7568,1445,1298,147,6.3,1.7,4.6
2024,RB,TE,RB_vs_TE,Trey Sermon,Darnell Washington,7593,9479,1417,1573,-156,37.3,35.5,1.8
2024,RB,TE,RB_vs_TE,Trey Sermon,Luke Schoonmaker,7593,10871,1417,1520,-103,37.3,41,-3.7
2024,RB,TE,RB_vs_TE,Trey Sermon,Noah Gray,7593,7828,1417,1518,-101,37.3,93.1,-55.8
2024,RB,TE,RB_vs_TE,Trey Sermon,Tyler Higbee,7593,3271,1417,1448,-31,37.3,9.5,27.8
2024,RB,TE,RB_vs_TE,Trey Sermon,Zach Ertz,7593,1339,1417,1363,54,37.3,131.5,-94.2
2024,RB,TE,RB_vs_TE,Trey Sermon,Brevin Jordan,7593,7568,1417,1298,119,37.3,1.7,35.6
2024,RB,TE,RB_vs_TE,Trey Sermon,Davis Allen,7593,10214,1417,1240,177,37.3,6.9,30.4
2024,RB,TE,RB_vs_TE,Alexander Mattison,Darnell Washington,5987,9479,1393,1573,-180,98.3,35.5,62.8
2024,RB,TE,RB_vs_TE,Alexander Mattison,Luke Schoonmaker,5987,10871,1393,1520,-127,98.3,41,57.3
2024,RB,TE,RB_vs_TE,Alexander Mattison,Noah Gray,5987,7828,1393,1518,-125,98.3,93.1,5.2
2024,RB,TE,RB_vs_TE,Alexander Mattison,Tyler Higbee,5987,3271,1393,1448,-55,98.3,9.5,88.8
2024,RB,TE,RB_vs_TE,Alexander Mattison,Zach Ertz,5987,1339,1393,1363,30,98.3,131.5,-33.2
2024,RB,TE,RB_vs_TE,Alexander Mattison,Brevin Jordan,5987,7568,1393,1298,95,98.3,1.7,96.6
2024,RB,TE,RB_vs_TE,Alexander Mattison,Davis Allen,5987,10214,1393,1240,153,98.3,6.9,91.4
2024,RB,TE,RB_vs_TE,Kenneth Gainwell,Luke Schoonmaker,7567,10871,1340,1520,-180,44.3,41,3.3
2024,RB,TE,RB_vs_TE,Kenneth Gainwell,Noah Gray,7567,7828,1340,1518,-178,44.3,93.1,-48.8
2024,RB,TE,RB_vs_TE,Kenneth Gainwell,Tyler Higbee,7567,3271,1340,1448,-108,44.3,9.5,34.8
2024,RB,TE,RB_vs_TE,Kenneth Gainwell,Zach Ertz,7567,1339,1340,1363,-23,44.3,131.5,-87.2
2024,RB,TE,RB_vs_TE,Kenneth Gainwell,Brevin Jordan,7567,7568,1340,1298,42,44.3,1.7,42.6
2024,RB,TE,RB_vs_TE,Kenneth Gainwell,Davis Allen,7567,10214,1340,1240,100,44.3,6.9,37.4
2024,RB,TE,RB_vs_TE,Kenneth Gainwell,Tommy Tremble,7567,7694,1340,1154,186,44.3,34.9,9.4
2024,RB,TE,RB_vs_TE,Deuce Vaughn,Tyler Higbee,9505,3271,1289,1448,-159,5.1,9.5,-4.4
2024,RB,TE,RB_vs_TE,Deuce Vaughn,Zach Ertz,9505,1339,1289,1363,-74,5.1,131.5,-126.4
2024,RB,TE,RB_vs_TE,Deuce Vaughn,Brevin Jordan,9505,7568,1289,1298,-9,5.1,1.7,3.4
2024,RB,TE,RB_vs_TE,Deuce Vaughn,Davis Allen,9505,10214,1289,1240,49,5.1,6.9,-1.8
2024,RB,TE,RB_vs_TE,Deuce Vaughn,Tommy Tremble,9505,7694,1289,1154,135,5.1,34.9,-29.8
2024,RB,TE,RB_vs_TE,Deuce Vaughn,Jeremy Ruckert,9505,8145,1289,1120,169,5.1,18.5,-13.4
2024,RB,TE,RB_vs_TE,Deuce Vaughn,Brenton Strange,9505,9480,1289,1101,188,5.1,63.1,-58
2024,RB,TE,RB_vs_TE,Pierre Strong Jr.,Tyler Higbee,8116,3271,1264,1448,-184,21.2,9.5,11.7
2024,RB,TE,RB_vs_TE,Pierre Strong Jr.,Zach Ertz,8116,1339,1264,1363,-99,21.2,131.5,-110.3
2024,RB,TE,RB_vs_TE,Pierre Strong Jr.,Brevin Jordan,8116,7568,1264,1298,-34,21.2,1.7,19.5
2024,RB,TE,RB_vs_TE,Pierre Strong Jr.,Davis Allen,8116,10214,1264,1240,24,21.2,6.9,14.3
2024,RB,TE,RB_vs_TE,Pierre Strong Jr.,Tommy Tremble,8116,7694,1264,1154,110,21.2,34.9,-13.7
2024,RB,TE,RB_vs_TE,Pierre Strong Jr.,Jeremy Ruckert,8116,8145,1264,1120,144,21.2,18.5,2.7
2024,RB,TE,RB_vs_TE,Pierre Strong Jr.,Brenton Strange,8116,9480,1264,1101,163,21.2,63.1,-41.9
2024,RB,TE,RB_vs_TE,Sean Tucker,Zach Ertz,9506,1339,1229,1363,-134,58.1,131.5,-73.4
2024,RB,TE,RB_vs_TE,Sean Tucker,Brevin Jordan,9506,7568,1229,1298,-69,58.1,1.7,56.4
2024,RB,TE,RB_vs_TE,Sean Tucker,Davis Allen,9506,10214,1229,1240,-11,58.1,6.9,51.2
2024,RB,TE,RB_vs_TE,Sean Tucker,Tommy Tremble,9506,7694,1229,1154,75,58.1,34.9,23.2
2024,RB,TE,RB_vs_TE,Sean Tucker,Jeremy Ruckert,9506,8145,1229,1120,109,58.1,18.5,39.6
2024,RB,TE,RB_vs_TE,Sean Tucker,Brenton Strange,9506,9480,1229,1101,128,58.1,63.1,-5
2024,RB,TE,RB_vs_TE,Sean Tucker,AJ Barner,9506,11603,1229,1058,171,58.1,51.6,6.5
2024,RB,TE,RB_vs_TE,Samaje Perine,Zach Ertz,4147,1339,1189,1363,-174,52,131.5,-79.5
2024,RB,TE,RB_vs_TE,Samaje Perine,Brevin Jordan,4147,7568,1189,1298,-109,52,1.7,50.3
2024,RB,TE,RB_vs_TE,Samaje Perine,Davis Allen,4147,10214,1189,1240,-51,52,6.9,45.1
2024,RB,TE,RB_vs_TE,Samaje Perine,Tommy Tremble,4147,7694,1189,1154,35,52,34.9,17.1
2024,RB,TE,RB_vs_TE,Samaje Perine,Jeremy Ruckert,4147,8145,1189,1120,69,52,18.5,33.5
2024,RB,TE,RB_vs_TE,Samaje Perine,Brenton Strange,4147,9480,1189,1101,88,52,63.1,-11.1
2024,RB,TE,RB_vs_TE,Samaje Perine,AJ Barner,4147,11603,1189,1058,131,52,51.6,0.4
2024,RB,TE,RB_vs_TE,Samaje Perine,Kylen Granson,4147,7602,1189,1010,179,52,24,28
2024,RB,TE,RB_vs_TE,Samaje Perine,Gerald Everett,4147,4089,1189,998,191,52,7.6,44.4
2024,RB,TE,RB_vs_TE,Jamaal Williams,Davis Allen,4149,10214,1076,1240,-164,25.9,6.9,19
2024,RB,TE,RB_vs_TE,Jamaal Williams,Tommy Tremble,4149,7694,1076,1154,-78,25.9,34.9,-9
2024,RB,TE,RB_vs_TE,Jamaal Williams,Jeremy Ruckert,4149,8145,1076,1120,-44,25.9,18.5,7.4
2024,RB,TE,RB_vs_TE,Jamaal Williams,Brenton Strange,4149,9480,1076,1101,-25,25.9,63.1,-37.2
2024,RB,TE,RB_vs_TE,Jamaal Williams,AJ Barner,4149,11603,1076,1058,18,25.9,51.6,-25.7
2024,RB,TE,RB_vs_TE,Jamaal Williams,Kylen Granson,4149,7602,1076,1010,66,25.9,24,1.9
2024,RB,TE,RB_vs_TE,Jamaal Williams,Gerald Everett,4149,4089,1076,998,78,25.9,7.6,18.3
2024,RB,TE,RB_vs_TE,Miles Sanders,Davis Allen,6151,10214,1052,1240,-188,29.7,6.9,22.8
2024,RB,TE,RB_vs_TE,Miles Sanders,Tommy Tremble,6151,7694,1052,1154,-102,29.7,34.9,-5.2
2024,RB,TE,RB_vs_TE,Miles Sanders,Jeremy Ruckert,6151,8145,1052,1120,-68,29.7,18.5,11.2
2024,RB,TE,RB_vs_TE,Miles Sanders,Brenton Strange,6151,9480,1052,1101,-49,29.7,63.1,-33.4
2024,RB,TE,RB_vs_TE,Miles Sanders,AJ Barner,6151,11603,1052,1058,-6,29.7,51.6,-21.9
2024,RB,TE,RB_vs_TE,Miles Sanders,Kylen Granson,6151,7602,1052,1010,42,29.7,24,5.7
2024,RB,TE,RB_vs_TE,Miles Sanders,Gerald Everett,6151,4089,1052,998,54,29.7,7.6,22.1
2024,RB,TE,RB_vs_TE,Jase McClellan,Tommy Tremble,11590,7694,1038,1154,-116,3.2,34.9,-31.7
2024,RB,TE,RB_vs_TE,Jase McClellan,Jeremy Ruckert,11590,8145,1038,1120,-82,3.2,18.5,-15.3
2024,RB,TE,RB_vs_TE,Jase McClellan,Brenton Strange,11590,9480,1038,1101,-63,3.2,63.1,-59.9
2024,RB,TE,RB_vs_TE,Jase McClellan,AJ Barner,11590,11603,1038,1058,-20,3.2,51.6,-48.4
2024,RB,TE,RB_vs_TE,Jase McClellan,Kylen Granson,11590,7602,1038,1010,28,3.2,24,-20.8
2024,RB,TE,RB_vs_TE,Jase McClellan,Gerald Everett,11590,4089,1038,998,40,3.2,7.6,-4.4
2024,WR,TE,WR_vs_TE,Drake London,Trey McBride,8112,8130,6088,6233,-145,150.1,178.3,-28.2
2024,WR,TE,WR_vs_TE,Drake London,Dalton Kincaid,8112,10236,6088,5985,103,150.1,78.8,71.3
2024,WR,TE,WR_vs_TE,Jaylen Waddle,Dalton Kincaid,7526,10236,5988,5985,3,86.6,78.8,7.8
2024,WR,TE,WR_vs_TE,Chris Olave,Dalton Kincaid,8144,10236,5834,5985,-151,44.7,78.8,-34.1
2024,WR,TE,WR_vs_TE,Chris Olave,Brock Bowers,8144,11604,5834,5765,69,44.7,193.7,-149
2024,WR,TE,WR_vs_TE,Brandon Aiyuk,Dalton Kincaid,6803,10236,5809,5985,-176,37.4,78.8,-41.4
2024,WR,TE,WR_vs_TE,Brandon Aiyuk,Brock Bowers,6803,11604,5809,5765,44,37.4,193.7,-156.3
2024,WR,TE,WR_vs_TE,Nico Collins,Brock Bowers,7569,11604,5769,5765,4,132.8,193.7,-60.9
2024,WR,TE,WR_vs_TE,Rome Odunze,Brock Bowers,11620,11604,5687,5765,-78,89.1,193.7,-104.6
2024,WR,TE,WR_vs_TE,DeVonta Smith,Brock Bowers,7525,11604,5679,5765,-86,131.4,193.7,-62.3
2024,WR,TE,WR_vs_TE,D.J. Moore,Kyle Pitts,4983,7553,5270,5348,-78,127,105.2,21.8
2024,WR,TE,WR_vs_TE,DK Metcalf,Kyle Pitts,5846,7553,5224,5348,-124,113.9,105.2,8.7
2024,WR,TE,WR_vs_TE,Tank Dell,Mark Andrews,9502,5012,5118,4957,161,89,147.9,-58.9
2024,WR,TE,WR_vs_TE,Rashee Rice,Mark Andrews,10229,5012,4934,4957,-23,40.9,147.9,-107
2024,WR,TE,WR_vs_TE,Michael Pittman,Mark Andrews,6819,5012,4893,4957,-64,89.6,147.9,-58.3
2024,WR,TE,WR_vs_TE,Brian Thomas Jr.,Mark Andrews,11631,5012,4838,4957,-119,186.7,147.9,38.8
2024,WR,TE,WR_vs_TE,Tee Higgins,Mark Andrews,6801,5012,4775,4957,-182,143.8,147.9,-4.1
2024,WR,TE,WR_vs_TE,George Pickens,Travis Kelce,8137,1466,4650,4498,152,105.4,146.9,-41.5
2024,WR,TE,WR_vs_TE,Deebo Samuel,Travis Kelce,5872,1466,4566,4498,68,102.6,146.9,-44.3
2024,WR,TE,WR_vs_TE,Deebo Samuel,T.J. Hockenson,5872,5844,4566,4433,133,102.6,64.1,38.5
2024,WR,TE,WR_vs_TE,Ladd McConkey,George Kittle,11635,4217,4092,3906,186,147.4,193.9,-46.5
2024,WR,TE,WR_vs_TE,Jayden Reed,George Kittle,10222,4217,4082,3906,176,138.9,193.9,-55
2024,WR,TE,WR_vs_TE,Cooper Kupp,George Kittle,4039,4217,4080,3906,174,108,193.9,-85.9
2024,WR,TE,WR_vs_TE,Keon Coleman,George Kittle,11637,4217,3969,3906,63,78.5,193.9,-115.4
2024,WR,TE,WR_vs_TE,Davante Adams,George Kittle,2133,4217,3960,3906,54,141.5,193.9,-52.4
2024,WR,TE,WR_vs_TE,Mike Evans,George Kittle,2216,4217,3943,3906,37,157.5,193.9,-36.4
2024,WR,TE,WR_vs_TE,Terry McLaurin,George Kittle,5927,4217,3788,3906,-118,173.6,193.9,-20.3
2024,WR,TE,WR_vs_TE,Terry McLaurin,Evan Engram,5927,4066,3788,3738,50,173.6,66,107.6
2024,WR,TE,WR_vs_TE,Terry McLaurin,Jake Ferguson,5927,8110,3788,3738,50,173.6,72.7,100.9
2024,WR,TE,WR_vs_TE,Terry McLaurin,David Njoku,5927,4033,3788,3597,191,173.6,116.5,57.1
2024,WR,TE,WR_vs_TE,Amari Cooper,David Njoku,2309,4033,3453,3597,-144,78.7,116.5,-37.8
2024,WR,TE,WR_vs_TE,Amari Cooper,Ben Sinnott,2309,11596,3453,3307,146,78.7,11.3,67.4
2024,WR,TE,WR_vs_TE,Christian Watson,David Njoku,8167,4033,3408,3597,-189,76.3,116.5,-40.2
2024,WR,TE,WR_vs_TE,Christian Watson,Ben Sinnott,8167,11596,3408,3307,101,76.3,11.3,65
2024,WR,TE,WR_vs_TE,Christian Kirk,David Njoku,4950,4033,3402,3597,-195,43.9,116.5,-72.6
2024,WR,TE,WR_vs_TE,Christian Kirk,Ben Sinnott,4950,11596,3402,3307,95,43.9,11.3,32.6
2024,WR,TE,WR_vs_TE,Chris Godwin,Ben Sinnott,4037,11596,3382,3307,75,87.8,11.3,76.5
2024,WR,TE,WR_vs_TE,Adonai Mitchell,Ben Sinnott,11625,11596,3339,3307,32,30.8,11.3,19.5
2024,WR,TE,WR_vs_TE,Calvin Ridley,Ben Sinnott,4981,11596,3317,3307,10,127.9,11.3,116.6
2024,WR,TE,WR_vs_TE,Stefon Diggs,Ben Sinnott,2449,11596,3285,3307,-22,74.9,11.3,63.6
2024,WR,TE,WR_vs_TE,Diontae Johnson,Ben Sinnott,5937,11596,3246,3307,-61,54.9,11.3,43.6
2024,WR,TE,WR_vs_TE,Jameson Williams,Ben Sinnott,8148,11596,3241,3307,-66,150.8,11.3,139.5
2024,WR,TE,WR_vs_TE,Romeo Doubs,Ben Sinnott,8121,11596,3170,3307,-137,86.1,11.3,74.8
2024,WR,TE,WR_vs_TE,Romeo Doubs,Pat Freiermuth,8121,7600,3170,3019,151,86.1,117.3,-31.2
2024,WR,TE,WR_vs_TE,Romeo Doubs,Luke Musgrave,8121,9481,3170,3008,162,86.1,5.6,80.5
2024,WR,TE,WR_vs_TE,Romeo Doubs,Isaiah Likely,8121,8131,3170,2998,172,86.1,97.4,-11.3
2024,WR,TE,WR_vs_TE,Ja'Lynn Polk,Ben Sinnott,11619,11596,3142,3307,-165,20.7,11.3,9.4
2024,WR,TE,WR_vs_TE,Ja'Lynn Polk,Pat Freiermuth,11619,7600,3142,3019,123,20.7,117.3,-96.6
2024,WR,TE,WR_vs_TE,Ja'Lynn Polk,Luke Musgrave,11619,9481,3142,3008,134,20.7,5.6,15.1
2024,WR,TE,WR_vs_TE,Ja'Lynn Polk,Isaiah Likely,11619,8131,3142,2998,144,20.7,97.4,-76.7
2024,WR,TE,WR_vs_TE,Ja'Lynn Polk,Cole Kmet,11619,6826,3142,2958,184,20.7,95.6,-74.9
2024,WR,TE,WR_vs_TE,Xavier Legette,Pat Freiermuth,11626,7600,3103,3019,84,73.1,117.3,-44.2
2024,WR,TE,WR_vs_TE,Xavier Legette,Luke Musgrave,11626,9481,3103,3008,95,73.1,5.6,67.5
2024,WR,TE,WR_vs_TE,Xavier Legette,Isaiah Likely,11626,8131,3103,2998,105,73.1,97.4,-24.3
2024,WR,TE,WR_vs_TE,Xavier Legette,Cole Kmet,11626,6826,3103,2958,145,73.1,95.6,-22.5
2024,WR,TE,WR_vs_TE,Xavier Legette,Dalton Schultz,11626,5001,3103,2908,195,73.1,87.3,-14.2
2024,WR,TE,WR_vs_TE,Xavier Legette,Dallas Goedert,11626,5022,3103,2907,196,73.1,75.1,-2
2024,WR,TE,WR_vs_TE,Khalil Shakir,Pat Freiermuth,8134,7600,2948,3019,-71,106.5,117.3,-10.8
2024,WR,TE,WR_vs_TE,Khalil Shakir,Luke Musgrave,8134,9481,2948,3008,-60,106.5,5.6,100.9
2024,WR,TE,WR_vs_TE,Khalil Shakir,Isaiah Likely,8134,8131,2948,2998,-50,106.5,97.4,9.1
2024,WR,TE,WR_vs_TE,Khalil Shakir,Cole Kmet,8134,6826,2948,2958,-10,106.5,95.6,10.9
2024,WR,TE,WR_vs_TE,Khalil Shakir,Dalton Schultz,8134,5001,2948,2908,40,106.5,87.3,19.2
2024,WR,TE,WR_vs_TE,Khalil Shakir,Dallas Goedert,8134,5022,2948,2907,41,106.5,75.1,31.4
2024,WR,TE,WR_vs_TE,Dontayvion Wicks,Pat Freiermuth,9486,7600,2945,3019,-74,66.6,117.3,-50.7
2024,WR,TE,WR_vs_TE,Dontayvion Wicks,Luke Musgrave,9486,9481,2945,3008,-63,66.6,5.6,61
2024,WR,TE,WR_vs_TE,Dontayvion Wicks,Isaiah Likely,9486,8131,2945,2998,-53,66.6,97.4,-30.8
2024,WR,TE,WR_vs_TE,Dontayvion Wicks,Cole Kmet,9486,6826,2945,2958,-13,66.6,95.6,-29
2024,WR,TE,WR_vs_TE,Dontayvion Wicks,Dalton Schultz,9486,5001,2945,2908,37,66.6,87.3,-20.7
2024,WR,TE,WR_vs_TE,Dontayvion Wicks,Dallas Goedert,9486,5022,2945,2907,38,66.6,75.1,-8.5
2024,WR,TE,WR_vs_TE,Marquise Brown,Pat Freiermuth,5848,7600,2909,3019,-110,9.1,117.3,-108.2
2024,WR,TE,WR_vs_TE,Marquise Brown,Luke Musgrave,5848,9481,2909,3008,-99,9.1,5.6,3.5
2024,WR,TE,WR_vs_TE,Marquise Brown,Isaiah Likely,5848,8131,2909,2998,-89,9.1,97.4,-88.3
2024,WR,TE,WR_vs_TE,Marquise Brown,Cole Kmet,5848,6826,2909,2958,-49,9.1,95.6,-86.5
2024,WR,TE,WR_vs_TE,Marquise Brown,Dalton Schultz,5848,5001,2909,2908,1,9.1,87.3,-78.2
2024,WR,TE,WR_vs_TE,Marquise Brown,Dallas Goedert,5848,5022,2909,2907,2,9.1,75.1,-66
2024,WR,TE,WR_vs_TE,Josh Downs,Pat Freiermuth,9500,7600,2904,3019,-115,102.1,117.3,-15.2
2024,WR,TE,WR_vs_TE,Josh Downs,Luke Musgrave,9500,9481,2904,3008,-104,102.1,5.6,96.5
2024,WR,TE,WR_vs_TE,Josh Downs,Isaiah Likely,9500,8131,2904,2998,-94,102.1,97.4,4.7
2024,WR,TE,WR_vs_TE,Josh Downs,Cole Kmet,9500,6826,2904,2958,-54,102.1,95.6,6.5
2024,WR,TE,WR_vs_TE,Josh Downs,Dalton Schultz,9500,5001,2904,2908,-4,102.1,87.3,14.8
2024,WR,TE,WR_vs_TE,Josh Downs,Dallas Goedert,9500,5022,2904,2907,-3,102.1,75.1,27
2024,WR,TE,WR_vs_TE,Ricky Pearsall,Pat Freiermuth,11638,7600,2848,3019,-171,49.6,117.3,-67.7
2024,WR,TE,WR_vs_TE,Ricky Pearsall,Luke Musgrave,11638,9481,2848,3008,-160,49.6,5.6,44
2024,WR,TE,WR_vs_TE,Ricky Pearsall,Isaiah Likely,11638,8131,2848,2998,-150,49.6,97.4,-47.8
2024,WR,TE,WR_vs_TE,Ricky Pearsall,Cole Kmet,11638,6826,2848,2958,-110,49.6,95.6,-46
2024,WR,TE,WR_vs_TE,Ricky Pearsall,Dalton Schultz,11638,5001,2848,2908,-60,49.6,87.3,-37.7
2024,WR,TE,WR_vs_TE,Ricky Pearsall,Dallas Goedert,11638,5022,2848,2907,-59,49.6,75.1,-25.5
2024,WR,TE,WR_vs_TE,Keenan Allen,Cole Kmet,1479,6826,2788,2958,-170,113.9,95.6,18.3
2024,WR,TE,WR_vs_TE,Keenan Allen,Dalton Schultz,1479,5001,2788,2908,-120,113.9,87.3,26.6
2024,WR,TE,WR_vs_TE,Keenan Allen,Dallas Goedert,1479,5022,2788,2907,-119,113.9,75.1,38.8
2024,WR,TE,WR_vs_TE,Courtland Sutton,Cole Kmet,5045,6826,2773,2958,-185,143.5,95.6,47.9
2024,WR,TE,WR_vs_TE,Courtland Sutton,Dalton Schultz,5045,5001,2773,2908,-135,143.5,87.3,56.2
2024,WR,TE,WR_vs_TE,Courtland Sutton,Dallas Goedert,5045,5022,2773,2907,-134,143.5,75.1,68.4
2024,WR,TE,WR_vs_TE,Josh Palmer,Michael Mayer,7670,9482,2701,2565,136,68.4,22,46.4
2024,WR,TE,WR_vs_TE,Jalen McMillan,Michael Mayer,11618,9482,2655,2565,90,84.4,22,62.4
2024,WR,TE,WR_vs_TE,Jermaine Burton,Michael Mayer,11640,9482,2613,2565,48,10.7,22,-11.3
2024,WR,TE,WR_vs_TE,Jerry Jeudy,Michael Mayer,6783,9482,2569,2565,4,144.6,22,122.6
2024,WR,TE,WR_vs_TE,Jerry Jeudy,Greg Dulcich,6783,8172,2569,2405,164,144.6,5.3,139.3
2024,WR,TE,WR_vs_TE,Jerry Jeudy,Cade Otton,6783,8111,2569,2397,172,144.6,111.1,33.5
2024,WR,TE,WR_vs_TE,Jerry Jeudy,Tucker Kraft,6783,9484,2569,2396,173,144.6,132.7,11.9
2024,WR,TE,WR_vs_TE,Jerry Jeudy,Ja'Tavion Sanders,6783,11600,2569,2392,177,144.6,51.7,92.9
2024,WR,TE,WR_vs_TE,Rashid Shaheed,Michael Mayer,8676,9482,2554,2565,-11,59.8,22,37.8
2024,WR,TE,WR_vs_TE,Rashid Shaheed,Greg Dulcich,8676,8172,2554,2405,149,59.8,5.3,54.5
2024,WR,TE,WR_vs_TE,Rashid Shaheed,Cade Otton,8676,8111,2554,2397,157,59.8,111.1,-51.3
2024,WR,TE,WR_vs_TE,Rashid Shaheed,Tucker Kraft,8676,9484,2554,2396,158,59.8,132.7,-72.9
2024,WR,TE,WR_vs_TE,Rashid Shaheed,Ja'Tavion Sanders,8676,11600,2554,2392,162,59.8,51.7,8.1
2024,WR,TE,WR_vs_TE,Michael Wilson,Michael Mayer,10232,9482,2522,2565,-43,77.5,22,55.5
2024,WR,TE,WR_vs_TE,Michael Wilson,Greg Dulcich,10232,8172,2522,2405,117,77.5,5.3,72.2
2024,WR,TE,WR_vs_TE,Michael Wilson,Cade Otton,10232,8111,2522,2397,125,77.5,111.1,-33.6
2024,WR,TE,WR_vs_TE,Michael Wilson,Tucker Kraft,10232,9484,2522,2396,126,77.5,132.7,-55.2
2024,WR,TE,WR_vs_TE,Michael Wilson,Ja'Tavion Sanders,10232,11600,2522,2392,130,77.5,51.7,25.8
2024,WR,TE,WR_vs_TE,Jakobi Meyers,Michael Mayer,5947,9482,2494,2565,-71,112.7,22,90.7
2024,WR,TE,WR_vs_TE,Jakobi Meyers,Greg Dulcich,5947,8172,2494,2405,89,112.7,5.3,107.4
2024,WR,TE,WR_vs_TE,Jakobi Meyers,Cade Otton,5947,8111,2494,2397,97,112.7,111.1,1.6
2024,WR,TE,WR_vs_TE,Jakobi Meyers,Tucker Kraft,5947,9484,2494,2396,98,112.7,132.7,-20
2024,WR,TE,WR_vs_TE,Jakobi Meyers,Ja'Tavion Sanders,5947,11600,2494,2392,102,112.7,51.7,61
2024,WR,TE,WR_vs_TE,Demario Douglas,Michael Mayer,9501,9482,2446,2565,-119,78.3,22,56.3
2024,WR,TE,WR_vs_TE,Demario Douglas,Greg Dulcich,9501,8172,2446,2405,41,78.3,5.3,73
2024,WR,TE,WR_vs_TE,Demario Douglas,Cade Otton,9501,8111,2446,2397,49,78.3,111.1,-32.8
2024,WR,TE,WR_vs_TE,Demario Douglas,Tucker Kraft,9501,9484,2446,2396,50,78.3,132.7,-54.4
2024,WR,TE,WR_vs_TE,Demario Douglas,Ja'Tavion Sanders,9501,11600,2446,2392,54,78.3,51.7,26.6
2024,WR,TE,WR_vs_TE,Luke McCaffrey,Michael Mayer,11650,9482,2438,2565,-127,16.8,22,-5.2
2024,WR,TE,WR_vs_TE,Luke McCaffrey,Greg Dulcich,11650,8172,2438,2405,33,16.8,5.3,11.5
2024,WR,TE,WR_vs_TE,Luke McCaffrey,Cade Otton,11650,8111,2438,2397,41,16.8,111.1,-94.3
2024,WR,TE,WR_vs_TE,Luke McCaffrey,Tucker Kraft,11650,9484,2438,2396,42,16.8,132.7,-115.9
2024,WR,TE,WR_vs_TE,Luke McCaffrey,Ja'Tavion Sanders,11650,11600,2438,2392,46,16.8,51.7,-34.9
2024,WR,TE,WR_vs_TE,Curtis Samuel,Michael Mayer,4082,9482,2377,2565,-188,27.5,22,5.5
2024,WR,TE,WR_vs_TE,Curtis Samuel,Greg Dulcich,4082,8172,2377,2405,-28,27.5,5.3,22.2
2024,WR,TE,WR_vs_TE,Curtis Samuel,Cade Otton,4082,8111,2377,2397,-20,27.5,111.1,-83.6
2024,WR,TE,WR_vs_TE,Curtis Samuel,Tucker Kraft,4082,9484,2377,2396,-19,27.5,132.7,-105.2
2024,WR,TE,WR_vs_TE,Curtis Samuel,Ja'Tavion Sanders,4082,11600,2377,2392,-15,27.5,51.7,-24.2
2024,WR,TE,WR_vs_TE,DeAndre Hopkins,Greg Dulcich,1426,8172,2364,2405,-41,91,5.3,85.7
2024,WR,TE,WR_vs_TE,DeAndre Hopkins,Cade Otton,1426,8111,2364,2397,-33,91,111.1,-20.1
2024,WR,TE,WR_vs_TE,DeAndre Hopkins,Tucker Kraft,1426,9484,2364,2396,-32,91,132.7,-41.7
2024,WR,TE,WR_vs_TE,DeAndre Hopkins,Ja'Tavion Sanders,1426,11600,2364,2392,-28,91,51.7,39.3
2024,WR,TE,WR_vs_TE,Gabriel Davis,Greg Dulcich,6943,8172,2294,2405,-111,33.9,5.3,28.6
2024,WR,TE,WR_vs_TE,Gabriel Davis,Cade Otton,6943,8111,2294,2397,-103,33.9,111.1,-77.2
2024,WR,TE,WR_vs_TE,Gabriel Davis,Tucker Kraft,6943,9484,2294,2396,-102,33.9,132.7,-98.8
2024,WR,TE,WR_vs_TE,Gabriel Davis,Ja'Tavion Sanders,6943,11600,2294,2392,-98,33.9,51.7,-17.8
2024,WR,TE,WR_vs_TE,Gabriel Davis,Theo Johnson,6943,11597,2294,2127,167,33.9,53.6,-19.7
2024,WR,TE,WR_vs_TE,Troy Franklin,Greg Dulcich,11627,8172,2287,2405,-118,37.9,5.3,32.6
2024,WR,TE,WR_vs_TE,Troy Franklin,Cade Otton,11627,8111,2287,2397,-110,37.9,111.1,-73.2
2024,WR,TE,WR_vs_TE,Troy Franklin,Tucker Kraft,11627,9484,2287,2396,-109,37.9,132.7,-94.8
2024,WR,TE,WR_vs_TE,Troy Franklin,Ja'Tavion Sanders,11627,11600,2287,2392,-105,37.9,51.7,-13.8
2024,WR,TE,WR_vs_TE,Troy Franklin,Theo Johnson,11627,11597,2287,2127,160,37.9,53.6,-15.7
2024,WR,TE,WR_vs_TE,Marvin Mims,Greg Dulcich,9494,8172,2275,2405,-130,73.4,5.3,68.1
2024,WR,TE,WR_vs_TE,Marvin Mims,Cade Otton,9494,8111,2275,2397,-122,73.4,111.1,-37.7
2024,WR,TE,WR_vs_TE,Marvin Mims,Tucker Kraft,9494,9484,2275,2396,-121,73.4,132.7,-59.3
2024,WR,TE,WR_vs_TE,Marvin Mims,Ja'Tavion Sanders,9494,11600,2275,2392,-117,73.4,51.7,21.7
2024,WR,TE,WR_vs_TE,Marvin Mims,Theo Johnson,9494,11597,2275,2127,148,73.4,53.6,19.8
2024,WR,TE,WR_vs_TE,Malachi Corley,Theo Johnson,11617,11597,2168,2127,41,2.2,53.6,-51.4
2024,WR,TE,WR_vs_TE,Malachi Corley,Chigoziem Okonkwo,11617,8210,2168,2053,115,2.2,87.6,-85.4
2024,WR,TE,WR_vs_TE,Malachi Corley,Noah Fant,11617,5857,2168,1981,187,2.2,65.2,-63
2024,WR,TE,WR_vs_TE,Darnell Mooney,Theo Johnson,7090,11597,2151,2127,24,129.2,53.6,75.6
2024,WR,TE,WR_vs_TE,Darnell Mooney,Chigoziem Okonkwo,7090,8210,2151,2053,98,129.2,87.6,41.6
2024,WR,TE,WR_vs_TE,Darnell Mooney,Noah Fant,7090,5857,2151,1981,170,129.2,65.2,64
2024,WR,TE,WR_vs_TE,Tyler Lockett,Theo Johnson,2374,11597,2078,2127,-49,69.2,53.6,15.6
2024,WR,TE,WR_vs_TE,Tyler Lockett,Chigoziem Okonkwo,2374,8210,2078,2053,25,69.2,87.6,-18.4
2024,WR,TE,WR_vs_TE,Tyler Lockett,Noah Fant,2374,5857,2078,1981,97,69.2,65.2,4
2024,WR,TE,WR_vs_TE,Quentin Johnston,Theo Johnson,9754,11597,2059,2127,-68,101.1,53.6,47.5
2024,WR,TE,WR_vs_TE,Quentin Johnston,Chigoziem Okonkwo,9754,8210,2059,2053,6,101.1,87.6,13.5
2024,WR,TE,WR_vs_TE,Quentin Johnston,Noah Fant,9754,5857,2059,1981,78,101.1,65.2,35.9
2024,WR,TE,WR_vs_TE,Quentin Johnston,Dawson Knox,9754,5906,2059,1872,187,101.1,48.1,53
2024,WR,TE,WR_vs_TE,Rashod Bateman,Theo Johnson,7571,11597,2056,2127,-71,116,53.6,62.4
2024,WR,TE,WR_vs_TE,Rashod Bateman,Chigoziem Okonkwo,7571,8210,2056,2053,3,116,87.6,28.4
2024,WR,TE,WR_vs_TE,Rashod Bateman,Noah Fant,7571,5857,2056,1981,75,116,65.2,50.8
2024,WR,TE,WR_vs_TE,Rashod Bateman,Dawson Knox,7571,5906,2056,1872,184,116,48.1,67.9
2024,WR,TE,WR_vs_TE,Rashod Bateman,Hunter Henry,7571,3214,2056,1857,199,116,112.4,3.6
2024,WR,TE,WR_vs_TE,Jahan Dotson,Theo Johnson,8119,11597,2048,2127,-79,13.5,53.6,-40.1
2024,WR,TE,WR_vs_TE,Jahan Dotson,Chigoziem Okonkwo,8119,8210,2048,2053,-5,13.5,87.6,-74.1
2024,WR,TE,WR_vs_TE,Jahan Dotson,Noah Fant,8119,5857,2048,1981,67,13.5,65.2,-51.7
2024,WR,TE,WR_vs_TE,Jahan Dotson,Dawson Knox,8119,5906,2048,1872,176,13.5,48.1,-34.6
2024,WR,TE,WR_vs_TE,Jahan Dotson,Hunter Henry,8119,3214,2048,1857,191,13.5,112.4,-98.9
2024,WR,TE,WR_vs_TE,Wan'Dale Robinson,Theo Johnson,8126,11597,2047,2127,-80,85.4,53.6,31.8
2024,WR,TE,WR_vs_TE,Wan'Dale Robinson,Chigoziem Okonkwo,8126,8210,2047,2053,-6,85.4,87.6,-2.2
2024,WR,TE,WR_vs_TE,Wan'Dale Robinson,Noah Fant,8126,5857,2047,1981,66,85.4,65.2,20.2
2024,WR,TE,WR_vs_TE,Wan'Dale Robinson,Dawson Knox,8126,5906,2047,1872,175,85.4,48.1,37.3
2024,WR,TE,WR_vs_TE,Wan'Dale Robinson,Hunter Henry,8126,3214,2047,1857,190,85.4,112.4,-27
2024,WR,TE,WR_vs_TE,Mike Williams,Theo Johnson,4068,11597,1941,2127,-186,33.3,53.6,-20.3
2024,WR,TE,WR_vs_TE,Mike Williams,Chigoziem Okonkwo,4068,8210,1941,2053,-112,33.3,87.6,-54.3
2024,WR,TE,WR_vs_TE,Mike Williams,Noah Fant,4068,5857,1941,1981,-40,33.3,65.2,-31.9
2024,WR,TE,WR_vs_TE,Mike Williams,Dawson Knox,4068,5906,1941,1872,69,33.3,48.1,-14.8
2024,WR,TE,WR_vs_TE,Mike Williams,Hunter Henry,4068,3214,1941,1857,84,33.3,112.4,-79.1
2024,WR,TE,WR_vs_TE,Mike Williams,Colby Parkinson,4068,6865,1941,1831,110,33.3,49.3,-16
2024,WR,TE,WR_vs_TE,Mike Williams,Cade Stover,4068,11599,1941,1780,161,33.3,26.8,6.5
2024,WR,TE,WR_vs_TE,Mike Williams,Tyler Conklin,4068,5133,1941,1775,166,33.3,87.8,-54.5
2024,WR,TE,WR_vs_TE,Mike Williams,Jonnu Smith,4068,4144,1941,1744,197,33.3,164.2,-130.9
2024,WR,TE,WR_vs_TE,Mike Williams,Juwan Johnson,4068,7002,1941,1744,197,33.3,86.8,-53.5
2024,WR,TE,WR_vs_TE,Andrei Iosivas,Chigoziem Okonkwo,10226,8210,1914,2053,-139,82.7,87.6,-4.9
2024,WR,TE,WR_vs_TE,Andrei Iosivas,Noah Fant,10226,5857,1914,1981,-67,82.7,65.2,17.5
2024,WR,TE,WR_vs_TE,Andrei Iosivas,Dawson Knox,10226,5906,1914,1872,42,82.7,48.1,34.6
2024,WR,TE,WR_vs_TE,Andrei Iosivas,Hunter Henry,10226,3214,1914,1857,57,82.7,112.4,-29.7
2024,WR,TE,WR_vs_TE,Andrei Iosivas,Colby Parkinson,10226,6865,1914,1831,83,82.7,49.3,33.4
2024,WR,TE,WR_vs_TE,Andrei Iosivas,Cade Stover,10226,11599,1914,1780,134,82.7,26.8,55.9
2024,WR,TE,WR_vs_TE,Andrei Iosivas,Tyler Conklin,10226,5133,1914,1775,139,82.7,87.8,-5.1
2024,WR,TE,WR_vs_TE,Andrei Iosivas,Jonnu Smith,10226,4144,1914,1744,170,82.7,164.2,-81.5
2024,WR,TE,WR_vs_TE,Andrei Iosivas,Juwan Johnson,10226,7002,1914,1744,170,82.7,86.8,-4.1
2024,WR,TE,WR_vs_TE,Andrei Iosivas,Daniel Bellinger,10226,8225,1914,1721,193,82.7,17.6,65.1
2024,WR,TE,WR_vs_TE,Malik Washington,Chigoziem Okonkwo,11610,8210,1890,2053,-163,24,87.6,-63.6
2024,WR,TE,WR_vs_TE,Malik Washington,Noah Fant,11610,5857,1890,1981,-91,24,65.2,-41.2
2024,WR,TE,WR_vs_TE,Malik Washington,Dawson Knox,11610,5906,1890,1872,18,24,48.1,-24.1
2024,WR,TE,WR_vs_TE,Malik Washington,Hunter Henry,11610,3214,1890,1857,33,24,112.4,-88.4
2024,WR,TE,WR_vs_TE,Malik Washington,Colby Parkinson,11610,6865,1890,1831,59,24,49.3,-25.3
2024,WR,TE,WR_vs_TE,Malik Washington,Cade Stover,11610,11599,1890,1780,110,24,26.8,-2.8
2024,WR,TE,WR_vs_TE,Malik Washington,Tyler Conklin,11610,5133,1890,1775,115,24,87.8,-63.8
2024,WR,TE,WR_vs_TE,Malik Washington,Jonnu Smith,11610,4144,1890,1744,146,24,164.2,-140.2
2024,WR,TE,WR_vs_TE,Malik Washington,Juwan Johnson,11610,7002,1890,1744,146,24,86.8,-62.8
2024,WR,TE,WR_vs_TE,Malik Washington,Daniel Bellinger,11610,8225,1890,1721,169,24,17.6,6.4
2024,WR,TE,WR_vs_TE,Dyami Brown,Chigoziem Okonkwo,7587,8210,1867,2053,-186,35,87.6,-52.6
2024,WR,TE,WR_vs_TE,Dyami Brown,Noah Fant,7587,5857,1867,1981,-114,35,65.2,-30.2
2024,WR,TE,WR_vs_TE,Dyami Brown,Dawson Knox,7587,5906,1867,1872,-5,35,48.1,-13.1
2024,WR,TE,WR_vs_TE,Dyami Brown,Hunter Henry,7587,3214,1867,1857,10,35,112.4,-77.4
2024,WR,TE,WR_vs_TE,Dyami Brown,Colby Parkinson,7587,6865,1867,1831,36,35,49.3,-14.3
2024,WR,TE,WR_vs_TE,Dyami Brown,Cade Stover,7587,11599,1867,1780,87,35,26.8,8.2
2024,WR,TE,WR_vs_TE,Dyami Brown,Tyler Conklin,7587,5133,1867,1775,92,35,87.8,-52.8
2024,WR,TE,WR_vs_TE,Dyami Brown,Jonnu Smith,7587,4144,1867,1744,123,35,164.2,-129.2
2024,WR,TE,WR_vs_TE,Dyami Brown,Juwan Johnson,7587,7002,1867,1744,123,35,86.8,-51.8
2024,WR,TE,WR_vs_TE,Dyami Brown,Daniel Bellinger,7587,8225,1867,1721,146,35,17.6,17.4
2024,WR,TE,WR_vs_TE,Dyami Brown,Jared Wiley,7587,11595,1867,1677,190,35,1.2,33.8
2024,WR,TE,WR_vs_TE,Greg Dortch,Noah Fant,5970,5857,1821,1981,-160,35.9,65.2,-29.3
2024,WR,TE,WR_vs_TE,Greg Dortch,Dawson Knox,5970,5906,1821,1872,-51,35.9,48.1,-12.2
2024,WR,TE,WR_vs_TE,Greg Dortch,Hunter Henry,5970,3214,1821,1857,-36,35.9,112.4,-76.5
2024,WR,TE,WR_vs_TE,Greg Dortch,Colby Parkinson,5970,6865,1821,1831,-10,35.9,49.3,-13.4
2024,WR,TE,WR_vs_TE,Greg Dortch,Cade Stover,5970,11599,1821,1780,41,35.9,26.8,9.1
2024,WR,TE,WR_vs_TE,Greg Dortch,Tyler Conklin,5970,5133,1821,1775,46,35.9,87.8,-51.9
2024,WR,TE,WR_vs_TE,Greg Dortch,Jonnu Smith,5970,4144,1821,1744,77,35.9,164.2,-128.3
2024,WR,TE,WR_vs_TE,Greg Dortch,Juwan Johnson,5970,7002,1821,1744,77,35.9,86.8,-50.9
2024,WR,TE,WR_vs_TE,Greg Dortch,Daniel Bellinger,5970,8225,1821,1721,100,35.9,17.6,18.3
2024,WR,TE,WR_vs_TE,Greg Dortch,Jared Wiley,5970,11595,1821,1677,144,35.9,1.2,34.7
2024,WR,TE,WR_vs_TE,Greg Dortch,Erick All,5970,11592,1821,1641,180,35.9,25.8,10.1
2024,WR,TE,WR_vs_TE,Greg Dortch,Mike Gesicki,5970,4993,1821,1641,180,35.9,98.2,-62.3
2024,WR,TE,WR_vs_TE,Jalin Hyatt,Noah Fant,9497,5857,1789,1981,-192,6.2,65.2,-59
2024,WR,TE,WR_vs_TE,Jalin Hyatt,Dawson Knox,9497,5906,1789,1872,-83,6.2,48.1,-41.9
2024,WR,TE,WR_vs_TE,Jalin Hyatt,Hunter Henry,9497,3214,1789,1857,-68,6.2,112.4,-106.2
2024,WR,TE,WR_vs_TE,Jalin Hyatt,Colby Parkinson,9497,6865,1789,1831,-42,6.2,49.3,-43.1
2024,WR,TE,WR_vs_TE,Jalin Hyatt,Cade Stover,9497,11599,1789,1780,9,6.2,26.8,-20.6
2024,WR,TE,WR_vs_TE,Jalin Hyatt,Tyler Conklin,9497,5133,1789,1775,14,6.2,87.8,-81.6
2024,WR,TE,WR_vs_TE,Jalin Hyatt,Jonnu Smith,9497,4144,1789,1744,45,6.2,164.2,-158
2024,WR,TE,WR_vs_TE,Jalin Hyatt,Juwan Johnson,9497,7002,1789,1744,45,6.2,86.8,-80.6
2024,WR,TE,WR_vs_TE,Jalin Hyatt,Daniel Bellinger,9497,8225,1789,1721,68,6.2,17.6,-11.4
2024,WR,TE,WR_vs_TE,Jalin Hyatt,Jared Wiley,9497,11595,1789,1677,112,6.2,1.2,5
2024,WR,TE,WR_vs_TE,Jalin Hyatt,Erick All,9497,11592,1789,1641,148,6.2,25.8,-19.6
2024,WR,TE,WR_vs_TE,Jalin Hyatt,Mike Gesicki,9497,4993,1789,1641,148,6.2,98.2,-92
2024,WR,TE,WR_vs_TE,Jalin Hyatt,Taysom Hill,9497,4381,1789,1618,171,6.2,90.8,-84.6
2024,WR,TE,WR_vs_TE,Brandin Cooks,Dawson Knox,2197,5906,1774,1872,-98,42.6,48.1,-5.5
2024,WR,TE,WR_vs_TE,Brandin Cooks,Hunter Henry,2197,3214,1774,1857,-83,42.6,112.4,-69.8
2024,WR,TE,WR_vs_TE,Brandin Cooks,Colby Parkinson,2197,6865,1774,1831,-57,42.6,49.3,-6.7
2024,WR,TE,WR_vs_TE,Brandin Cooks,Cade Stover,2197,11599,1774,1780,-6,42.6,26.8,15.8
2024,WR,TE,WR_vs_TE,Brandin Cooks,Tyler Conklin,2197,5133,1774,1775,-1,42.6,87.8,-45.2
2024,WR,TE,WR_vs_TE,Brandin Cooks,Jonnu Smith,2197,4144,1774,1744,30,42.6,164.2,-121.6
2024,WR,TE,WR_vs_TE,Brandin Cooks,Juwan Johnson,2197,7002,1774,1744,30,42.6,86.8,-44.2
2024,WR,TE,WR_vs_TE,Brandin Cooks,Daniel Bellinger,2197,8225,1774,1721,53,42.6,17.6,25
2024,WR,TE,WR_vs_TE,Brandin Cooks,Jared Wiley,2197,11595,1774,1677,97,42.6,1.2,41.4
2024,WR,TE,WR_vs_TE,Brandin Cooks,Erick All,2197,11592,1774,1641,133,42.6,25.8,16.8
2024,WR,TE,WR_vs_TE,Brandin Cooks,Mike Gesicki,2197,4993,1774,1641,133,42.6,98.2,-55.6
2024,WR,TE,WR_vs_TE,Brandin Cooks,Taysom Hill,2197,4381,1774,1618,156,42.6,90.8,-48.2
2024,WR,TE,WR_vs_TE,Jonathan Mingo,Dawson Knox,10225,5906,1727,1872,-145,12.8,48.1,-35.3
2024,WR,TE,WR_vs_TE,Jonathan Mingo,Hunter Henry,10225,3214,1727,1857,-130,12.8,112.4,-99.6
2024,WR,TE,WR_vs_TE,Jonathan Mingo,Colby Parkinson,10225,6865,1727,1831,-104,12.8,49.3,-36.5
2024,WR,TE,WR_vs_TE,Jonathan Mingo,Cade Stover,10225,11599,1727,1780,-53,12.8,26.8,-14
2024,WR,TE,WR_vs_TE,Jonathan Mingo,Tyler Conklin,10225,5133,1727,1775,-48,12.8,87.8,-75
2024,WR,TE,WR_vs_TE,Jonathan Mingo,Jonnu Smith,10225,4144,1727,1744,-17,12.8,164.2,-151.4
2024,WR,TE,WR_vs_TE,Jonathan Mingo,Juwan Johnson,10225,7002,1727,1744,-17,12.8,86.8,-74
2024,WR,TE,WR_vs_TE,Jonathan Mingo,Daniel Bellinger,10225,8225,1727,1721,6,12.8,17.6,-4.8
2024,WR,TE,WR_vs_TE,Jonathan Mingo,Jared Wiley,10225,11595,1727,1677,50,12.8,1.2,11.6
2024,WR,TE,WR_vs_TE,Jonathan Mingo,Erick All,10225,11592,1727,1641,86,12.8,25.8,-13
2024,WR,TE,WR_vs_TE,Jonathan Mingo,Mike Gesicki,10225,4993,1727,1641,86,12.8,98.2,-85.4
2024,WR,TE,WR_vs_TE,Jonathan Mingo,Taysom Hill,10225,4381,1727,1618,109,12.8,90.8,-78
2024,WR,TE,WR_vs_TE,Jonathan Mingo,Darnell Washington,10225,9479,1727,1573,154,12.8,35.5,-22.7
2024,WR,TE,WR_vs_TE,Jalen Tolbert,Dawson Knox,8117,5906,1679,1872,-193,93.2,48.1,45.1
2024,WR,TE,WR_vs_TE,Jalen Tolbert,Hunter Henry,8117,3214,1679,1857,-178,93.2,112.4,-19.2
2024,WR,TE,WR_vs_TE,Jalen Tolbert,Colby Parkinson,8117,6865,1679,1831,-152,93.2,49.3,43.9
2024,WR,TE,WR_vs_TE,Jalen Tolbert,Cade Stover,8117,11599,1679,1780,-101,93.2,26.8,66.4
2024,WR,TE,WR_vs_TE,Jalen Tolbert,Tyler Conklin,8117,5133,1679,1775,-96,93.2,87.8,5.4
2024,WR,TE,WR_vs_TE,Jalen Tolbert,Jonnu Smith,8117,4144,1679,1744,-65,93.2,164.2,-71
2024,WR,TE,WR_vs_TE,Jalen Tolbert,Juwan Johnson,8117,7002,1679,1744,-65,93.2,86.8,6.4
2024,WR,TE,WR_vs_TE,Jalen Tolbert,Daniel Bellinger,8117,8225,1679,1721,-42,93.2,17.6,75.6
2024,WR,TE,WR_vs_TE,Jalen Tolbert,Jared Wiley,8117,11595,1679,1677,2,93.2,1.2,92
2024,WR,TE,WR_vs_TE,Jalen Tolbert,Erick All,8117,11592,1679,1641,38,93.2,25.8,67.4
2024,WR,TE,WR_vs_TE,Jalen Tolbert,Mike Gesicki,8117,4993,1679,1641,38,93.2,98.2,-5
2024,WR,TE,WR_vs_TE,Jalen Tolbert,Taysom Hill,8117,4381,1679,1618,61,93.2,90.8,2.4
2024,WR,TE,WR_vs_TE,Jalen Tolbert,Darnell Washington,8117,9479,1679,1573,106,93.2,35.5,57.7
2024,WR,TE,WR_vs_TE,Jalen Tolbert,Luke Schoonmaker,8117,10871,1679,1520,159,93.2,41,52.2
2024,WR,TE,WR_vs_TE,Jalen Tolbert,Noah Gray,8117,7828,1679,1518,161,93.2,93.1,0.1
2024,WR,TE,WR_vs_TE,Trey Palmer,Cade Stover,9492,11599,1616,1780,-164,23.2,26.8,-3.6
2024,WR,TE,WR_vs_TE,Trey Palmer,Tyler Conklin,9492,5133,1616,1775,-159,23.2,87.8,-64.6
2024,WR,TE,WR_vs_TE,Trey Palmer,Jonnu Smith,9492,4144,1616,1744,-128,23.2,164.2,-141
2024,WR,TE,WR_vs_TE,Trey Palmer,Juwan Johnson,9492,7002,1616,1744,-128,23.2,86.8,-63.6
2024,WR,TE,WR_vs_TE,Trey Palmer,Daniel Bellinger,9492,8225,1616,1721,-105,23.2,17.6,5.6
2024,WR,TE,WR_vs_TE,Trey Palmer,Jared Wiley,9492,11595,1616,1677,-61,23.2,1.2,22
2024,WR,TE,WR_vs_TE,Trey Palmer,Erick All,9492,11592,1616,1641,-25,23.2,25.8,-2.6
2024,WR,TE,WR_vs_TE,Trey Palmer,Mike Gesicki,9492,4993,1616,1641,-25,23.2,98.2,-75
2024,WR,TE,WR_vs_TE,Trey Palmer,Taysom Hill,9492,4381,1616,1618,-2,23.2,90.8,-67.6
2024,WR,TE,WR_vs_TE,Trey Palmer,Darnell Washington,9492,9479,1616,1573,43,23.2,35.5,-12.3
2024,WR,TE,WR_vs_TE,Trey Palmer,Luke Schoonmaker,9492,10871,1616,1520,96,23.2,41,-17.8
2024,WR,TE,WR_vs_TE,Trey Palmer,Noah Gray,9492,7828,1616,1518,98,23.2,93.1,-69.9
2024,WR,TE,WR_vs_TE,Trey Palmer,Tyler Higbee,9492,3271,1616,1448,168,23.2,9.5,13.7
2024,WR,TE,WR_vs_TE,Elijah Moore,Cade Stover,7596,11599,1591,1780,-189,56.3,26.8,29.5
2024,WR,TE,WR_vs_TE,Elijah Moore,Tyler Conklin,7596,5133,1591,1775,-184,56.3,87.8,-31.5
2024,WR,TE,WR_vs_TE,Elijah Moore,Jonnu Smith,7596,4144,1591,1744,-153,56.3,164.2,-107.9
2024,WR,TE,WR_vs_TE,Elijah Moore,Juwan Johnson,7596,7002,1591,1744,-153,56.3,86.8,-30.5
2024,WR,TE,WR_vs_TE,Elijah Moore,Daniel Bellinger,7596,8225,1591,1721,-130,56.3,17.6,38.7
2024,WR,TE,WR_vs_TE,Elijah Moore,Jared Wiley,7596,11595,1591,1677,-86,56.3,1.2,55.1
2024,WR,TE,WR_vs_TE,Elijah Moore,Erick All,7596,11592,1591,1641,-50,56.3,25.8,30.5
2024,WR,TE,WR_vs_TE,Elijah Moore,Mike Gesicki,7596,4993,1591,1641,-50,56.3,98.2,-41.9
2024,WR,TE,WR_vs_TE,Elijah Moore,Taysom Hill,7596,4381,1591,1618,-27,56.3,90.8,-34.5
2024,WR,TE,WR_vs_TE,Elijah Moore,Darnell Washington,7596,9479,1591,1573,18,56.3,35.5,20.8
2024,WR,TE,WR_vs_TE,Elijah Moore,Luke Schoonmaker,7596,10871,1591,1520,71,56.3,41,15.3
2024,WR,TE,WR_vs_TE,Elijah Moore,Noah Gray,7596,7828,1591,1518,73,56.3,93.1,-36.8
2024,WR,TE,WR_vs_TE,Elijah Moore,Tyler Higbee,7596,3271,1591,1448,143,56.3,9.5,46.8
2024,WR,TE,WR_vs_TE,John Metchie,Cade Stover,8147,11599,1585,1780,-195,29,26.8,2.2
2024,WR,TE,WR_vs_TE,John Metchie,Tyler Conklin,8147,5133,1585,1775,-190,29,87.8,-58.8
2024,WR,TE,WR_vs_TE,John Metchie,Jonnu Smith,8147,4144,1585,1744,-159,29,164.2,-135.2
2024,WR,TE,WR_vs_TE,John Metchie,Juwan Johnson,8147,7002,1585,1744,-159,29,86.8,-57.8
2024,WR,TE,WR_vs_TE,John Metchie,Daniel Bellinger,8147,8225,1585,1721,-136,29,17.6,11.4
2024,WR,TE,WR_vs_TE,John Metchie,Jared Wiley,8147,11595,1585,1677,-92,29,1.2,27.8
2024,WR,TE,WR_vs_TE,John Metchie,Erick All,8147,11592,1585,1641,-56,29,25.8,3.2
2024,WR,TE,WR_vs_TE,John Metchie,Mike Gesicki,8147,4993,1585,1641,-56,29,98.2,-69.2
2024,WR,TE,WR_vs_TE,John Metchie,Taysom Hill,8147,4381,1585,1618,-33,29,90.8,-61.8
2024,WR,TE,WR_vs_TE,John Metchie,Darnell Washington,8147,9479,1585,1573,12,29,35.5,-6.5
2024,WR,TE,WR_vs_TE,John Metchie,Luke Schoonmaker,8147,10871,1585,1520,65,29,41,-12
2024,WR,TE,WR_vs_TE,John Metchie,Noah Gray,8147,7828,1585,1518,67,29,93.1,-64.1
2024,WR,TE,WR_vs_TE,John Metchie,Tyler Higbee,8147,3271,1585,1448,137,29,9.5,19.5
2024,WR,TE,WR_vs_TE,Tre Tucker,Tyler Conklin,10213,5133,1579,1775,-196,79.9,87.8,-7.9
2024,WR,TE,WR_vs_TE,Tre Tucker,Jonnu Smith,10213,4144,1579,1744,-165,79.9,164.2,-84.3
2024,WR,TE,WR_vs_TE,Tre Tucker,Juwan Johnson,10213,7002,1579,1744,-165,79.9,86.8,-6.9
2024,WR,TE,WR_vs_TE,Tre Tucker,Daniel Bellinger,10213,8225,1579,1721,-142,79.9,17.6,62.3
2024,WR,TE,WR_vs_TE,Tre Tucker,Jared Wiley,10213,11595,1579,1677,-98,79.9,1.2,78.7
2024,WR,TE,WR_vs_TE,Tre Tucker,Erick All,10213,11592,1579,1641,-62,79.9,25.8,54.1
2024,WR,TE,WR_vs_TE,Tre Tucker,Mike Gesicki,10213,4993,1579,1641,-62,79.9,98.2,-18.3
2024,WR,TE,WR_vs_TE,Tre Tucker,Taysom Hill,10213,4381,1579,1618,-39,79.9,90.8,-10.9
2024,WR,TE,WR_vs_TE,Tre Tucker,Darnell Washington,10213,9479,1579,1573,6,79.9,35.5,44.4
2024,WR,TE,WR_vs_TE,Tre Tucker,Luke Schoonmaker,10213,10871,1579,1520,59,79.9,41,38.9
2024,WR,TE,WR_vs_TE,Tre Tucker,Noah Gray,10213,7828,1579,1518,61,79.9,93.1,-13.2
2024,WR,TE,WR_vs_TE,Tre Tucker,Tyler Higbee,10213,3271,1579,1448,131,79.9,9.5,70.4
2024,WR,TE,WR_vs_TE,Adam Thielen,Tyler Conklin,1689,5133,1577,1775,-198,87.1,87.8,-0.7
2024,WR,TE,WR_vs_TE,Adam Thielen,Jonnu Smith,1689,4144,1577,1744,-167,87.1,164.2,-77.1
2024,WR,TE,WR_vs_TE,Adam Thielen,Juwan Johnson,1689,7002,1577,1744,-167,87.1,86.8,0.3
2024,WR,TE,WR_vs_TE,Adam Thielen,Daniel Bellinger,1689,8225,1577,1721,-144,87.1,17.6,69.5
2024,WR,TE,WR_vs_TE,Adam Thielen,Jared Wiley,1689,11595,1577,1677,-100,87.1,1.2,85.9
2024,WR,TE,WR_vs_TE,Adam Thielen,Erick All,1689,11592,1577,1641,-64,87.1,25.8,61.3
2024,WR,TE,WR_vs_TE,Adam Thielen,Mike Gesicki,1689,4993,1577,1641,-64,87.1,98.2,-11.1
2024,WR,TE,WR_vs_TE,Adam Thielen,Taysom Hill,1689,4381,1577,1618,-41,87.1,90.8,-3.7
2024,WR,TE,WR_vs_TE,Adam Thielen,Darnell Washington,1689,9479,1577,1573,4,87.1,35.5,51.6
2024,WR,TE,WR_vs_TE,Adam Thielen,Luke Schoonmaker,1689,10871,1577,1520,57,87.1,41,46.1
2024,WR,TE,WR_vs_TE,Adam Thielen,Noah Gray,1689,7828,1577,1518,59,87.1,93.1,-6
2024,WR,TE,WR_vs_TE,Adam Thielen,Tyler Higbee,1689,3271,1577,1448,129,87.1,9.5,77.6
2024,WR,TE,WR_vs_TE,Devontez Walker,Tyler Conklin,11629,5133,1577,1775,-198,8.1,87.8,-79.7
2024,WR,TE,WR_vs_TE,Devontez Walker,Jonnu Smith,11629,4144,1577,1744,-167,8.1,164.2,-156.1
2024,WR,TE,WR_vs_TE,Devontez Walker,Juwan Johnson,11629,7002,1577,1744,-167,8.1,86.8,-78.7
2024,WR,TE,WR_vs_TE,Devontez Walker,Daniel Bellinger,11629,8225,1577,1721,-144,8.1,17.6,-9.5
2024,WR,TE,WR_vs_TE,Devontez Walker,Jared Wiley,11629,11595,1577,1677,-100,8.1,1.2,6.9
2024,WR,TE,WR_vs_TE,Devontez Walker,Erick All,11629,11592,1577,1641,-64,8.1,25.8,-17.7
2024,WR,TE,WR_vs_TE,Devontez Walker,Mike Gesicki,11629,4993,1577,1641,-64,8.1,98.2,-90.1
2024,WR,TE,WR_vs_TE,Devontez Walker,Taysom Hill,11629,4381,1577,1618,-41,8.1,90.8,-82.7
2024,WR,TE,WR_vs_TE,Devontez Walker,Darnell Washington,11629,9479,1577,1573,4,8.1,35.5,-27.4
2024,WR,TE,WR_vs_TE,Devontez Walker,Luke Schoonmaker,11629,10871,1577,1520,57,8.1,41,-32.9
2024,WR,TE,WR_vs_TE,Devontez Walker,Noah Gray,11629,7828,1577,1518,59,8.1,93.1,-85
2024,WR,TE,WR_vs_TE,Devontez Walker,Tyler Higbee,11629,3271,1577,1448,129,8.1,9.5,-1.4
2024,WR,TE,WR_vs_TE,Alec Pierce,Jonnu Smith,8142,4144,1551,1744,-193,112.7,164.2,-51.5
2024,WR,TE,WR_vs_TE,Alec Pierce,Juwan Johnson,8142,7002,1551,1744,-193,112.7,86.8,25.9
2024,WR,TE,WR_vs_TE,Alec Pierce,Daniel Bellinger,8142,8225,1551,1721,-170,112.7,17.6,95.1
2024,WR,TE,WR_vs_TE,Alec Pierce,Jared Wiley,8142,11595,1551,1677,-126,112.7,1.2,111.5
2024,WR,TE,WR_vs_TE,Alec Pierce,Erick All,8142,11592,1551,1641,-90,112.7,25.8,86.9
2024,WR,TE,WR_vs_TE,Alec Pierce,Mike Gesicki,8142,4993,1551,1641,-90,112.7,98.2,14.5
2024,WR,TE,WR_vs_TE,Alec Pierce,Taysom Hill,8142,4381,1551,1618,-67,112.7,90.8,21.9
2024,WR,TE,WR_vs_TE,Alec Pierce,Darnell Washington,8142,9479,1551,1573,-22,112.7,35.5,77.2
2024,WR,TE,WR_vs_TE,Alec Pierce,Luke Schoonmaker,8142,10871,1551,1520,31,112.7,41,71.7
2024,WR,TE,WR_vs_TE,Alec Pierce,Noah Gray,8142,7828,1551,1518,33,112.7,93.1,19.6
2024,WR,TE,WR_vs_TE,Alec Pierce,Tyler Higbee,8142,3271,1551,1448,103,112.7,9.5,103.2
2024,WR,TE,WR_vs_TE,Alec Pierce,Zach Ertz,8142,1339,1551,1363,188,112.7,131.5,-18.8
2024,WR,TE,WR_vs_TE,Treylon Burks,Jonnu Smith,8135,4144,1545,1744,-199,3.5,164.2,-160.7
2024,WR,TE,WR_vs_TE,Treylon Burks,Juwan Johnson,8135,7002,1545,1744,-199,3.5,86.8,-83.3
2024,WR,TE,WR_vs_TE,Treylon Burks,Daniel Bellinger,8135,8225,1545,1721,-176,3.5,17.6,-14.1
2024,WR,TE,WR_vs_TE,Treylon Burks,Jared Wiley,8135,11595,1545,1677,-132,3.5,1.2,2.3
2024,WR,TE,WR_vs_TE,Treylon Burks,Erick All,8135,11592,1545,1641,-96,3.5,25.8,-22.3
2024,WR,TE,WR_vs_TE,Treylon Burks,Mike Gesicki,8135,4993,1545,1641,-96,3.5,98.2,-94.7
2024,WR,TE,WR_vs_TE,Treylon Burks,Taysom Hill,8135,4381,1545,1618,-73,3.5,90.8,-87.3
2024,WR,TE,WR_vs_TE,Treylon Burks,Darnell Washington,8135,9479,1545,1573,-28,3.5,35.5,-32
2024,WR,TE,WR_vs_TE,Treylon Burks,Luke Schoonmaker,8135,10871,1545,1520,25,3.5,41,-37.5
2024,WR,TE,WR_vs_TE,Treylon Burks,Noah Gray,8135,7828,1545,1518,27,3.5,93.1,-89.6
2024,WR,TE,WR_vs_TE,Treylon Burks,Tyler Higbee,8135,3271,1545,1448,97,3.5,9.5,-6
2024,WR,TE,WR_vs_TE,Treylon Burks,Zach Ertz,8135,1339,1545,1363,182,3.5,131.5,-128
2024,WR,TE,WR_vs_TE,Tyler Boyd,Daniel Bellinger,3225,8225,1522,1721,-199,39.3,17.6,21.7
2024,WR,TE,WR_vs_TE,Tyler Boyd,Jared Wiley,3225,11595,1522,1677,-155,39.3,1.2,38.1
2024,WR,TE,WR_vs_TE,Tyler Boyd,Erick All,3225,11592,1522,1641,-119,39.3,25.8,13.5
2024,WR,TE,WR_vs_TE,Tyler Boyd,Mike Gesicki,3225,4993,1522,1641,-119,39.3,98.2,-58.9
2024,WR,TE,WR_vs_TE,Tyler Boyd,Taysom Hill,3225,4381,1522,1618,-96,39.3,90.8,-51.5
2024,WR,TE,WR_vs_TE,Tyler Boyd,Darnell Washington,3225,9479,1522,1573,-51,39.3,35.5,3.8
2024,WR,TE,WR_vs_TE,Tyler Boyd,Luke Schoonmaker,3225,10871,1522,1520,2,39.3,41,-1.7
2024,WR,TE,WR_vs_TE,Tyler Boyd,Noah Gray,3225,7828,1522,1518,4,39.3,93.1,-53.8
2024,WR,TE,WR_vs_TE,Tyler Boyd,Tyler Higbee,3225,3271,1522,1448,74,39.3,9.5,29.8
2024,WR,TE,WR_vs_TE,Tyler Boyd,Zach Ertz,3225,1339,1522,1363,159,39.3,131.5,-92.2
2024,WR,TE,WR_vs_TE,D.J. Chark,Jared Wiley,4951,11595,1485,1677,-192,2.5,1.2,1.3
2024,WR,TE,WR_vs_TE,D.J. Chark,Erick All,4951,11592,1485,1641,-156,2.5,25.8,-23.3
2024,WR,TE,WR_vs_TE,D.J. Chark,Mike Gesicki,4951,4993,1485,1641,-156,2.5,98.2,-95.7
2024,WR,TE,WR_vs_TE,D.J. Chark,Taysom Hill,4951,4381,1485,1618,-133,2.5,90.8,-88.3
2024,WR,TE,WR_vs_TE,D.J. Chark,Darnell Washington,4951,9479,1485,1573,-88,2.5,35.5,-33
2024,WR,TE,WR_vs_TE,D.J. Chark,Luke Schoonmaker,4951,10871,1485,1520,-35,2.5,41,-38.5
2024,WR,TE,WR_vs_TE,D.J. Chark,Noah Gray,4951,7828,1485,1518,-33,2.5,93.1,-90.6
2024,WR,TE,WR_vs_TE,D.J. Chark,Tyler Higbee,4951,3271,1485,1448,37,2.5,9.5,-7
2024,WR,TE,WR_vs_TE,D.J. Chark,Zach Ertz,4951,1339,1485,1363,122,2.5,131.5,-129
2024,WR,TE,WR_vs_TE,D.J. Chark,Brevin Jordan,4951,7568,1485,1298,187,2.5,1.7,0.8
2024,WR,TE,WR_vs_TE,Parker Washington,Erick All,9487,11592,1447,1641,-194,57.5,25.8,31.7
2024,WR,TE,WR_vs_TE,Parker Washington,Mike Gesicki,9487,4993,1447,1641,-194,57.5,98.2,-40.7
2024,WR,TE,WR_vs_TE,Parker Washington,Taysom Hill,9487,4381,1447,1618,-171,57.5,90.8,-33.3
2024,WR,TE,WR_vs_TE,Parker Washington,Darnell Washington,9487,9479,1447,1573,-126,57.5,35.5,22
2024,WR,TE,WR_vs_TE,Parker Washington,Luke Schoonmaker,9487,10871,1447,1520,-73,57.5,41,16.5
2024,WR,TE,WR_vs_TE,Parker Washington,Noah Gray,9487,7828,1447,1518,-71,57.5,93.1,-35.6
2024,WR,TE,WR_vs_TE,Parker Washington,Tyler Higbee,9487,3271,1447,1448,-1,57.5,9.5,48
2024,WR,TE,WR_vs_TE,Parker Washington,Zach Ertz,9487,1339,1447,1363,84,57.5,131.5,-74
2024,WR,TE,WR_vs_TE,Parker Washington,Brevin Jordan,9487,7568,1447,1298,149,57.5,1.7,55.8
2024,WR,TE,WR_vs_TE,Jauan Jennings,Darnell Washington,7049,9479,1378,1573,-195,128.3,35.5,92.8
2024,WR,TE,WR_vs_TE,Jauan Jennings,Luke Schoonmaker,7049,10871,1378,1520,-142,128.3,41,87.3
2024,WR,TE,WR_vs_TE,Jauan Jennings,Noah Gray,7049,7828,1378,1518,-140,128.3,93.1,35.2
2024,WR,TE,WR_vs_TE,Jauan Jennings,Tyler Higbee,7049,3271,1378,1448,-70,128.3,9.5,118.8
2024,WR,TE,WR_vs_TE,Jauan Jennings,Zach Ertz,7049,1339,1378,1363,15,128.3,131.5,-3.2
2024,WR,TE,WR_vs_TE,Jauan Jennings,Brevin Jordan,7049,7568,1378,1298,80,128.3,1.7,126.6
2024,WR,TE,WR_vs_TE,Jauan Jennings,Davis Allen,7049,10214,1378,1240,138,128.3,6.9,121.4
2024,WR,TE,WR_vs_TE,Demarcus Robinson,Luke Schoonmaker,3286,10871,1370,1520,-150,85.3,41,44.3
2024,WR,TE,WR_vs_TE,Demarcus Robinson,Noah Gray,3286,7828,1370,1518,-148,85.3,93.1,-7.8
2024,WR,TE,WR_vs_TE,Demarcus Robinson,Tyler Higbee,3286,3271,1370,1448,-78,85.3,9.5,75.8
2024,WR,TE,WR_vs_TE,Demarcus Robinson,Zach Ertz,3286,1339,1370,1363,7,85.3,131.5,-46.2
2024,WR,TE,WR_vs_TE,Demarcus Robinson,Brevin Jordan,3286,7568,1370,1298,72,85.3,1.7,83.6
2024,WR,TE,WR_vs_TE,Demarcus Robinson,Davis Allen,3286,10214,1370,1240,130,85.3,6.9,78.4
2024,WR,TE,WR_vs_TE,Xavier Gipson,Luke Schoonmaker,11306,10871,1348,1520,-172,7.9,41,-33.1
2024,WR,TE,WR_vs_TE,Xavier Gipson,Noah Gray,11306,7828,1348,1518,-170,7.9,93.1,-85.2
2024,WR,TE,WR_vs_TE,Xavier Gipson,Tyler Higbee,11306,3271,1348,1448,-100,7.9,9.5,-1.6
2024,WR,TE,WR_vs_TE,Xavier Gipson,Zach Ertz,11306,1339,1348,1363,-15,7.9,131.5,-123.6
2024,WR,TE,WR_vs_TE,Xavier Gipson,Brevin Jordan,11306,7568,1348,1298,50,7.9,1.7,6.2
2024,WR,TE,WR_vs_TE,Xavier Gipson,Davis Allen,11306,10214,1348,1240,108,7.9,6.9,1
2024,WR,TE,WR_vs_TE,Xavier Gipson,Tommy Tremble,11306,7694,1348,1154,194,7.9,34.9,-27
2024,WR,TE,WR_vs_TE,Tutu Atwell,Luke Schoonmaker,7562,10871,1342,1520,-178,53.2,41,12.2
2024,WR,TE,WR_vs_TE,Tutu Atwell,Noah Gray,7562,7828,1342,1518,-176,53.2,93.1,-39.9
2024,WR,TE,WR_vs_TE,Tutu Atwell,Tyler Higbee,7562,3271,1342,1448,-106,53.2,9.5,43.7
2024,WR,TE,WR_vs_TE,Tutu Atwell,Zach Ertz,7562,1339,1342,1363,-21,53.2,131.5,-78.3
2024,WR,TE,WR_vs_TE,Tutu Atwell,Brevin Jordan,7562,7568,1342,1298,44,53.2,1.7,51.5
2024,WR,TE,WR_vs_TE,Tutu Atwell,Davis Allen,7562,10214,1342,1240,102,53.2,6.9,46.3
2024,WR,TE,WR_vs_TE,Tutu Atwell,Tommy Tremble,7562,7694,1342,1154,188,53.2,34.9,18.3
2024,WR,TE,WR_vs_TE,Cedric Tillman,Tyler Higbee,10444,3271,1316,1448,-132,51.4,9.5,41.9
2024,WR,TE,WR_vs_TE,Cedric Tillman,Zach Ertz,10444,1339,1316,1363,-47,51.4,131.5,-80.1
2024,WR,TE,WR_vs_TE,Cedric Tillman,Brevin Jordan,10444,7568,1316,1298,18,51.4,1.7,49.7
2024,WR,TE,WR_vs_TE,Cedric Tillman,Davis Allen,10444,10214,1316,1240,76,51.4,6.9,44.5
2024,WR,TE,WR_vs_TE,Cedric Tillman,Tommy Tremble,10444,7694,1316,1154,162,51.4,34.9,16.5
2024,WR,TE,WR_vs_TE,Cedric Tillman,Jeremy Ruckert,10444,8145,1316,1120,196,51.4,18.5,32.9
2024,WR,TE,WR_vs_TE,Jalen Nailor,Tyler Higbee,8180,3271,1312,1448,-136,69.7,9.5,60.2
2024,WR,TE,WR_vs_TE,Jalen Nailor,Zach Ertz,8180,1339,1312,1363,-51,69.7,131.5,-61.8
2024,WR,TE,WR_vs_TE,Jalen Nailor,Brevin Jordan,8180,7568,1312,1298,14,69.7,1.7,68
2024,WR,TE,WR_vs_TE,Jalen Nailor,Davis Allen,8180,10214,1312,1240,72,69.7,6.9,62.8
2024,WR,TE,WR_vs_TE,Jalen Nailor,Tommy Tremble,8180,7694,1312,1154,158,69.7,34.9,34.8
2024,WR,TE,WR_vs_TE,Jalen Nailor,Jeremy Ruckert,8180,8145,1312,1120,192,69.7,18.5,51.2
2024,WR,TE,WR_vs_TE,Calvin Austin III,Tyler Higbee,8125,3271,1260,1448,-188,84.8,9.5,75.3
2024,WR,TE,WR_vs_TE,Calvin Austin III,Zach Ertz,8125,1339,1260,1363,-103,84.8,131.5,-46.7
2024,WR,TE,WR_vs_TE,Calvin Austin III,Brevin Jordan,8125,7568,1260,1298,-38,84.8,1.7,83.1
2024,WR,TE,WR_vs_TE,Calvin Austin III,Davis Allen,8125,10214,1260,1240,20,84.8,6.9,77.9
2024,WR,TE,WR_vs_TE,Calvin Austin III,Tommy Tremble,8125,7694,1260,1154,106,84.8,34.9,49.9
2024,WR,TE,WR_vs_TE,Calvin Austin III,Jeremy Ruckert,8125,8145,1260,1120,140,84.8,18.5,66.3
2024,WR,TE,WR_vs_TE,Calvin Austin III,Brenton Strange,8125,9480,1260,1101,159,84.8,63.1,21.7
2024,WR,TE,WR_vs_TE,Josh Reynolds,Tyler Higbee,4171,3271,1251,1448,-197,24.3,9.5,14.8
2024,WR,TE,WR_vs_TE,Josh Reynolds,Zach Ertz,4171,1339,1251,1363,-112,24.3,131.5,-107.2
2024,WR,TE,WR_vs_TE,Josh Reynolds,Brevin Jordan,4171,7568,1251,1298,-47,24.3,1.7,22.6
2024,WR,TE,WR_vs_TE,Josh Reynolds,Davis Allen,4171,10214,1251,1240,11,24.3,6.9,17.4
2024,WR,TE,WR_vs_TE,Josh Reynolds,Tommy Tremble,4171,7694,1251,1154,97,24.3,34.9,-10.6
2024,WR,TE,WR_vs_TE,Josh Reynolds,Jeremy Ruckert,4171,8145,1251,1120,131,24.3,18.5,5.8
2024,WR,TE,WR_vs_TE,Josh Reynolds,Brenton Strange,4171,9480,1251,1101,150,24.3,63.1,-38.8
2024,WR,TE,WR_vs_TE,Josh Reynolds,AJ Barner,4171,11603,1251,1058,193,24.3,51.6,-27.3
2024,WR,TE,WR_vs_TE,Tyquan Thornton,Tyler Higbee,8188,3271,1250,1448,-198,4.7,9.5,-4.8
2024,WR,TE,WR_vs_TE,Tyquan Thornton,Zach Ertz,8188,1339,1250,1363,-113,4.7,131.5,-126.8
2024,WR,TE,WR_vs_TE,Tyquan Thornton,Brevin Jordan,8188,7568,1250,1298,-48,4.7,1.7,3
2024,WR,TE,WR_vs_TE,Tyquan Thornton,Davis Allen,8188,10214,1250,1240,10,4.7,6.9,-2.2
2024,WR,TE,WR_vs_TE,Tyquan Thornton,Tommy Tremble,8188,7694,1250,1154,96,4.7,34.9,-30.2
2024,WR,TE,WR_vs_TE,Tyquan Thornton,Jeremy Ruckert,8188,8145,1250,1120,130,4.7,18.5,-13.8
2024,WR,TE,WR_vs_TE,Tyquan Thornton,Brenton Strange,8188,9480,1250,1101,149,4.7,63.1,-58.4
2024,WR,TE,WR_vs_TE,Tyquan Thornton,AJ Barner,8188,11603,1250,1058,192,4.7,51.6,-46.9
2024,WR,TE,WR_vs_TE,Bo Melton,Zach Ertz,8204,1339,1245,1363,-118,14.4,131.5,-117.1
2024,WR,TE,WR_vs_TE,Bo Melton,Brevin Jordan,8204,7568,1245,1298,-53,14.4,1.7,12.7
2024,WR,TE,WR_vs_TE,Bo Melton,Davis Allen,8204,10214,1245,1240,5,14.4,6.9,7.5
2024,WR,TE,WR_vs_TE,Bo Melton,Tommy Tremble,8204,7694,1245,1154,91,14.4,34.9,-20.5
2024,WR,TE,WR_vs_TE,Bo Melton,Jeremy Ruckert,8204,8145,1245,1120,125,14.4,18.5,-4.1
2024,WR,TE,WR_vs_TE,Bo Melton,Brenton Strange,8204,9480,1245,1101,144,14.4,63.1,-48.7
2024,WR,TE,WR_vs_TE,Bo Melton,AJ Barner,8204,11603,1245,1058,187,14.4,51.6,-37.2
2024,WR,TE,WR_vs_TE,Kendrick Bourne,Zach Ertz,4454,1339,1235,1363,-128,35.9,131.5,-95.6
2024,WR,TE,WR_vs_TE,Kendrick Bourne,Brevin Jordan,4454,7568,1235,1298,-63,35.9,1.7,34.2
2024,WR,TE,WR_vs_TE,Kendrick Bourne,Davis Allen,4454,10214,1235,1240,-5,35.9,6.9,29
2024,WR,TE,WR_vs_TE,Kendrick Bourne,Tommy Tremble,4454,7694,1235,1154,81,35.9,34.9,1
2024,WR,TE,WR_vs_TE,Kendrick Bourne,Jeremy Ruckert,4454,8145,1235,1120,115,35.9,18.5,17.4
2024,WR,TE,WR_vs_TE,Kendrick Bourne,Brenton Strange,4454,9480,1235,1101,134,35.9,63.1,-27.2
2024,WR,TE,WR_vs_TE,Kendrick Bourne,AJ Barner,4454,11603,1235,1058,177,35.9,51.6,-15.7
2024,WR,TE,WR_vs_TE,K.J. Osborn,Zach Ertz,7066,1339,1200,1363,-163,11.7,131.5,-119.8
2024,WR,TE,WR_vs_TE,K.J. Osborn,Brevin Jordan,7066,7568,1200,1298,-98,11.7,1.7,10
2024,WR,TE,WR_vs_TE,K.J. Osborn,Davis Allen,7066,10214,1200,1240,-40,11.7,6.9,4.8
2024,WR,TE,WR_vs_TE,K.J. Osborn,Tommy Tremble,7066,7694,1200,1154,46,11.7,34.9,-23.2
2024,WR,TE,WR_vs_TE,K.J. Osborn,Jeremy Ruckert,7066,8145,1200,1120,80,11.7,18.5,-6.8
2024,WR,TE,WR_vs_TE,K.J. Osborn,Brenton Strange,7066,9480,1200,1101,99,11.7,63.1,-51.4
2024,WR,TE,WR_vs_TE,K.J. Osborn,AJ Barner,7066,11603,1200,1058,142,11.7,51.6,-39.9
2024,WR,TE,WR_vs_TE,K.J. Osborn,Kylen Granson,7066,7602,1200,1010,190,11.7,24,-12.3
2024,WR,TE,WR_vs_TE,Zay Jones,Zach Ertz,4080,1339,1200,1363,-163,3.8,131.5,-127.7
2024,WR,TE,WR_vs_TE,Zay Jones,Brevin Jordan,4080,7568,1200,1298,-98,3.8,1.7,2.1
2024,WR,TE,WR_vs_TE,Zay Jones,Davis Allen,4080,10214,1200,1240,-40,3.8,6.9,-3.1
2024,WR,TE,WR_vs_TE,Zay Jones,Tommy Tremble,4080,7694,1200,1154,46,3.8,34.9,-31.1
2024,WR,TE,WR_vs_TE,Zay Jones,Jeremy Ruckert,4080,8145,1200,1120,80,3.8,18.5,-14.7
2024,WR,TE,WR_vs_TE,Zay Jones,Brenton Strange,4080,9480,1200,1101,99,3.8,63.1,-59.3
2024,WR,TE,WR_vs_TE,Zay Jones,AJ Barner,4080,11603,1200,1058,142,3.8,51.6,-47.8
2024,WR,TE,WR_vs_TE,Zay Jones,Kylen Granson,4080,7602,1200,1010,190,3.8,24,-20.2
2024,WR,TE,WR_vs_TE,Johnny Wilson,Zach Ertz,11636,1339,1179,1363,-184,7.4,131.5,-124.1
2024,WR,TE,WR_vs_TE,Johnny Wilson,Brevin Jordan,11636,7568,1179,1298,-119,7.4,1.7,5.7
2024,WR,TE,WR_vs_TE,Johnny Wilson,Davis Allen,11636,10214,1179,1240,-61,7.4,6.9,0.5
2024,WR,TE,WR_vs_TE,Johnny Wilson,Tommy Tremble,11636,7694,1179,1154,25,7.4,34.9,-27.5
2024,WR,TE,WR_vs_TE,Johnny Wilson,Jeremy Ruckert,11636,8145,1179,1120,59,7.4,18.5,-11.1
2024,WR,TE,WR_vs_TE,Johnny Wilson,Brenton Strange,11636,9480,1179,1101,78,7.4,63.1,-55.7
2024,WR,TE,WR_vs_TE,Johnny Wilson,AJ Barner,11636,11603,1179,1058,121,7.4,51.6,-44.2
2024,WR,TE,WR_vs_TE,Johnny Wilson,Kylen Granson,11636,7602,1179,1010,169,7.4,24,-16.6
2024,WR,TE,WR_vs_TE,Johnny Wilson,Gerald Everett,11636,4089,1179,998,181,7.4,7.6,-0.2
2024,WR,TE,WR_vs_TE,Darius Slayton,Zach Ertz,6149,1339,1176,1363,-187,71,131.5,-60.5
2024,WR,TE,WR_vs_TE,Darius Slayton,Brevin Jordan,6149,7568,1176,1298,-122,71,1.7,69.3
2024,WR,TE,WR_vs_TE,Darius Slayton,Davis Allen,6149,10214,1176,1240,-64,71,6.9,64.1
2024,WR,TE,WR_vs_TE,Darius Slayton,Tommy Tremble,6149,7694,1176,1154,22,71,34.9,36.1
2024,WR,TE,WR_vs_TE,Darius Slayton,Jeremy Ruckert,6149,8145,1176,1120,56,71,18.5,52.5
2024,WR,TE,WR_vs_TE,Darius Slayton,Brenton Strange,6149,9480,1176,1101,75,71,63.1,7.9
2024,WR,TE,WR_vs_TE,Darius Slayton,AJ Barner,6149,11603,1176,1058,118,71,51.6,19.4
2024,WR,TE,WR_vs_TE,Darius Slayton,Kylen Granson,6149,7602,1176,1010,166,71,24,47
2024,WR,TE,WR_vs_TE,Darius Slayton,Gerald Everett,6149,4089,1176,998,178,71,7.6,63.4
2024,WR,TE,WR_vs_TE,Noah Brown,Brevin Jordan,4234,7568,1115,1298,-183,51.3,1.7,49.6
2024,WR,TE,WR_vs_TE,Noah Brown,Davis Allen,4234,10214,1115,1240,-125,51.3,6.9,44.4
2024,WR,TE,WR_vs_TE,Noah Brown,Tommy Tremble,4234,7694,1115,1154,-39,51.3,34.9,16.4
2024,WR,TE,WR_vs_TE,Noah Brown,Jeremy Ruckert,4234,8145,1115,1120,-5,51.3,18.5,32.8
2024,WR,TE,WR_vs_TE,Noah Brown,Brenton Strange,4234,9480,1115,1101,14,51.3,63.1,-11.8
2024,WR,TE,WR_vs_TE,Noah Brown,AJ Barner,4234,11603,1115,1058,57,51.3,51.6,-0.3
2024,WR,TE,WR_vs_TE,Noah Brown,Kylen Granson,4234,7602,1115,1010,105,51.3,24,27.3
2024,WR,TE,WR_vs_TE,Noah Brown,Gerald Everett,4234,4089,1115,998,117,51.3,7.6,43.7
2024,WR,TE,WR_vs_TE,Xavier Hutchinson,Brevin Jordan,10218,7568,1105,1298,-193,11.2,1.7,9.5
2024,WR,TE,WR_vs_TE,Xavier Hutchinson,Davis Allen,10218,10214,1105,1240,-135,11.2,6.9,4.3
2024,WR,TE,WR_vs_TE,Xavier Hutchinson,Tommy Tremble,10218,7694,1105,1154,-49,11.2,34.9,-23.7
2024,WR,TE,WR_vs_TE,Xavier Hutchinson,Jeremy Ruckert,10218,8145,1105,1120,-15,11.2,18.5,-7.3
2024,WR,TE,WR_vs_TE,Xavier Hutchinson,Brenton Strange,10218,9480,1105,1101,4,11.2,63.1,-51.9
2024,WR,TE,WR_vs_TE,Xavier Hutchinson,AJ Barner,10218,11603,1105,1058,47,11.2,51.6,-40.4
2024,WR,TE,WR_vs_TE,Xavier Hutchinson,Kylen Granson,10218,7602,1105,1010,95,11.2,24,-12.8
2024,WR,TE,WR_vs_TE,Xavier Hutchinson,Gerald Everett,10218,4089,1105,998,107,11.2,7.6,3.6
2024,WR,TE,WR_vs_TE,Olamide Zaccheaus,Tommy Tremble,6271,7694,1024,1154,-130,62.3,34.9,27.4
2024,WR,TE,WR_vs_TE,Olamide Zaccheaus,Jeremy Ruckert,6271,8145,1024,1120,-96,62.3,18.5,43.8
2024,WR,TE,WR_vs_TE,Olamide Zaccheaus,Brenton Strange,6271,9480,1024,1101,-77,62.3,63.1,-0.8
2024,WR,TE,WR_vs_TE,Olamide Zaccheaus,AJ Barner,6271,11603,1024,1058,-34,62.3,51.6,10.7
2024,WR,TE,WR_vs_TE,Olamide Zaccheaus,Kylen Granson,6271,7602,1024,1010,14,62.3,24,38.3
2024,WR,TE,WR_vs_TE,Olamide Zaccheaus,Gerald Everett,6271,4089,1024,998,26,62.3,7.6,54.7
2024,WR,TE,WR_vs_TE,David Bell,Tommy Tremble,8118,7694,1004,1154,-150,2.7,34.9,-32.2
2024,WR,TE,WR_vs_TE,David Bell,Jeremy Ruckert,8118,8145,1004,1120,-116,2.7,18.5,-15.8
2024,WR,TE,WR_vs_TE,David Bell,Brenton Strange,8118,9480,1004,1101,-97,2.7,63.1,-60.4
2024,WR,TE,WR_vs_TE,David Bell,AJ Barner,8118,11603,1004,1058,-54,2.7,51.6,-48.9
2024,WR,TE,WR_vs_TE,David Bell,Kylen Granson,8118,7602,1004,1010,-6,2.7,24,-21.3
2024,WR,TE,WR_vs_TE,David Bell,Gerald Everett,8118,4089,1004,998,6,2.7,7.6,-4.9
2024,WR,TE,WR_vs_TE,Van Jefferson,Tommy Tremble,6853,7694,996,1154,-158,37.8,34.9,2.9
2024,WR,TE,WR_vs_TE,Van Jefferson,Jeremy Ruckert,6853,8145,996,1120,-124,37.8,18.5,19.3
2024,WR,TE,WR_vs_TE,Van Jefferson,Brenton Strange,6853,9480,996,1101,-105,37.8,63.1,-25.3
2024,WR,TE,WR_vs_TE,Van Jefferson,AJ Barner,6853,11603,996,1058,-62,37.8,51.6,-13.8
2024,WR,TE,WR_vs_TE,Van Jefferson,Kylen Granson,6853,7602,996,1010,-14,37.8,24,13.8
2024,WR,TE,WR_vs_TE,Van Jefferson,Gerald Everett,6853,4089,996,998,-2,37.8,7.6,30.2
2025,QB,RB,QB_vs_RB,Patrick Mahomes,Saquon Barkley,4046,4866,6463,6422,41,284.7,195.3,89.4
2025,QB,RB,QB_vs_RB,Bo Nix,Saquon Barkley,11563,4866,6423,6422,1,294.3,195.3,99
2025,QB,RB,QB_vs_RB,Bo Nix,De'Von Achane,11563,9226,6423,6247,176,294.3,255.8,38.5
2025,QB,RB,QB_vs_RB,Drake Maye,Saquon Barkley,11564,4866,6415,6422,-7,335.2,195.3,139.9
2025,QB,RB,QB_vs_RB,Drake Maye,De'Von Achane,11564,9226,6415,6247,168,335.2,255.8,79.4
2025,QB,RB,QB_vs_RB,Justin Herbert,Saquon Barkley,6797,4866,6281,6422,-141,286.9,195.3,91.6
2025,QB,RB,QB_vs_RB,Justin Herbert,De'Von Achane,6797,9226,6281,6247,34,286.9,255.8,31.1
2025,QB,RB,QB_vs_RB,Justin Herbert,Bucky Irving,6797,11584,6281,6088,193,286.9,98.7,188.2
2025,QB,RB,QB_vs_RB,C.J. Stroud,De'Von Achane,9758,9226,6211,6247,-36,191.3,255.8,-64.5
2025,QB,RB,QB_vs_RB,C.J. Stroud,Bucky Irving,9758,11584,6211,6088,123,191.3,98.7,92.6
2025,QB,RB,QB_vs_RB,Caleb Williams,Bucky Irving,11560,11584,5965,6088,-123,299.6,98.7,200.9
2025,QB,RB,QB_vs_RB,Brock Purdy,Chase Brown,8183,9224,5515,5526,-11,172.2,198.6,-26.4
2025,QB,RB,QB_vs_RB,Brock Purdy,Jonathan Taylor,8183,6813,5515,5451,64,172.2,312.4,-140.2
2025,QB,RB,QB_vs_RB,Brock Purdy,Kyren Williams,8183,8150,5515,5397,118,172.2,219.2,-47
2025,QB,RB,QB_vs_RB,J.J. McCarthy,Chase Brown,11565,9224,5429,5526,-97,117.4,198.6,-81.2
2025,QB,RB,QB_vs_RB,J.J. McCarthy,Jonathan Taylor,11565,6813,5429,5451,-22,117.4,312.4,-195
2025,QB,RB,QB_vs_RB,J.J. McCarthy,Kyren Williams,11565,8150,5429,5397,32,117.4,219.2,-101.8
2025,QB,RB,QB_vs_RB,Baker Mayfield,Chase Brown,4892,9224,5371,5526,-155,258.7,198.6,60.1
2025,QB,RB,QB_vs_RB,Baker Mayfield,Jonathan Taylor,4892,6813,5371,5451,-80,258.7,312.4,-53.7
2025,QB,RB,QB_vs_RB,Baker Mayfield,Kyren Williams,4892,8150,5371,5397,-26,258.7,219.2,39.5
2025,QB,RB,QB_vs_RB,Kyler Murray,Christian McCaffrey,5849,4034,5054,5071,-17,77.8,308.9,-231.1
2025,QB,RB,QB_vs_RB,Kyler Murray,James Cook,5849,8138,5054,5020,34,77.8,267.7,-189.9
2025,QB,RB,QB_vs_RB,Kyler Murray,Josh Jacobs,5849,5850,5054,4992,62,77.8,201.1,-123.3
2025,QB,RB,QB_vs_RB,Kyler Murray,Breece Hall,5849,8155,5054,4944,110,77.8,171.7,-93.9
2025,QB,RB,QB_vs_RB,Trevor Lawrence,Christian McCaffrey,7523,4034,5045,5071,-26,314.9,308.9,6
2025,QB,RB,QB_vs_RB,Trevor Lawrence,James Cook,7523,8138,5045,5020,25,314.9,267.7,47.2
2025,QB,RB,QB_vs_RB,Trevor Lawrence,Josh Jacobs,7523,5850,5045,4992,53,314.9,201.1,113.8
2025,QB,RB,QB_vs_RB,Trevor Lawrence,Breece Hall,7523,8155,5045,4944,101,314.9,171.7,143.2
2025,QB,RB,QB_vs_RB,Trevor Lawrence,Kenneth Walker III,7523,8151,5045,4845,200,314.9,147.6,167.3
2025,QB,RB,QB_vs_RB,Michael Penix Jr.,Christian McCaffrey,11559,4034,4977,5071,-94,120.3,308.9,-188.6
2025,QB,RB,QB_vs_RB,Michael Penix Jr.,James Cook,11559,8138,4977,5020,-43,120.3,267.7,-147.4
2025,QB,RB,QB_vs_RB,Michael Penix Jr.,Josh Jacobs,11559,5850,4977,4992,-15,120.3,201.1,-80.8
2025,QB,RB,QB_vs_RB,Michael Penix Jr.,Breece Hall,11559,8155,4977,4944,33,120.3,171.7,-51.4
2025,QB,RB,QB_vs_RB,Michael Penix Jr.,Kenneth Walker III,11559,8151,4977,4845,132,120.3,147.6,-27.3
2025,QB,RB,QB_vs_RB,Michael Penix Jr.,Derrick Henry,11559,3198,4977,4799,178,120.3,251.9,-131.6
2025,QB,RB,QB_vs_RB,Bryce Young,James Cook,9228,8138,4832,5020,-188,201.5,267.7,-66.2
2025,QB,RB,QB_vs_RB,Bryce Young,Josh Jacobs,9228,5850,4832,4992,-160,201.5,201.1,0.4
2025,QB,RB,QB_vs_RB,Bryce Young,Breece Hall,9228,8155,4832,4944,-112,201.5,171.7,29.8
2025,QB,RB,QB_vs_RB,Bryce Young,Kenneth Walker III,9228,8151,4832,4845,-13,201.5,147.6,53.9
2025,QB,RB,QB_vs_RB,Bryce Young,Derrick Henry,9228,3198,4832,4799,33,201.5,251.9,-50.4
2025,QB,RB,QB_vs_RB,Tua Tagovailoa,Alvin Kamara,6768,4035,3641,3713,-72,160.7,67.7,93
2025,QB,RB,QB_vs_RB,Tua Tagovailoa,Zach Charbonnet,6768,9753,3641,3557,84,160.7,145.7,15
2025,QB,RB,QB_vs_RB,Tua Tagovailoa,David Montgomery,6768,5892,3641,3448,193,160.7,137.4,23.3
2025,QB,RB,QB_vs_RB,Justin Fields,Alvin Kamara,7591,4035,3634,3713,-79,142.7,67.7,75
2025,QB,RB,QB_vs_RB,Justin Fields,Zach Charbonnet,7591,9753,3634,3557,77,142.7,145.7,-3
2025,QB,RB,QB_vs_RB,Justin Fields,David Montgomery,7591,5892,3634,3448,186,142.7,137.4,5.3
2025,QB,RB,QB_vs_RB,Sam Darnold,Zach Charbonnet,4943,9753,3397,3557,-160,226.6,145.7,80.9
2025,QB,RB,QB_vs_RB,Sam Darnold,David Montgomery,4943,5892,3397,3448,-51,226.6,137.4,89.2
2025,QB,RB,QB_vs_RB,Sam Darnold,Isiah Pacheco,4943,8205,3397,3390,7,226.6,68.3,158.3
2025,QB,RB,QB_vs_RB,Sam Darnold,James Conner,4943,4137,3397,3365,32,226.6,25.3,201.3
2025,QB,RB,QB_vs_RB,Sam Darnold,D'Andre Swift,4943,6790,3397,3270,127,226.6,189.8,36.8
2025,QB,RB,QB_vs_RB,Sam Darnold,Tony Pollard,4943,5967,3397,3220,177,226.6,146.3,80.3
2025,QB,RB,QB_vs_RB,Geno Smith,D'Andre Swift,1373,6790,3106,3270,-164,173.9,189.8,-15.9
2025,QB,RB,QB_vs_RB,Geno Smith,Tony Pollard,1373,5967,3106,3220,-114,173.9,146.3,27.6
2025,QB,RB,QB_vs_RB,Geno Smith,Braelon Allen,1373,11576,3106,3188,-82,173.9,13.3,160.6
2025,QB,RB,QB_vs_RB,Geno Smith,Jordan Mason,1373,8408,3106,3154,-48,173.9,105.5,68.4
2025,QB,RB,QB_vs_RB,Geno Smith,Trey Benson,1373,11589,3106,3154,-48,173.9,22.4,151.5
2025,QB,RB,QB_vs_RB,Geno Smith,Tank Bigsby,1373,9225,3106,3102,4,173.9,34.2,139.7
2025,QB,RB,QB_vs_RB,Geno Smith,Travis Etienne,1373,7543,3106,3022,84,173.9,214.1,-40.2
2025,QB,RB,QB_vs_RB,Geno Smith,Jaylen Warren,1373,8228,3106,2988,118,173.9,167.2,6.7
2025,QB,RB,QB_vs_RB,Geno Smith,Aaron Jones,1373,4199,3106,2974,132,173.9,90.7,83.2
2025,QB,RB,QB_vs_RB,Matthew Stafford,Travis Etienne,421,7543,2836,3022,-186,323.7,214.1,109.6
2025,QB,RB,QB_vs_RB,Matthew Stafford,Jaylen Warren,421,8228,2836,2988,-152,323.7,167.2,156.5
2025,QB,RB,QB_vs_RB,Matthew Stafford,Aaron Jones,421,4199,2836,2974,-138,323.7,90.7,233
2025,QB,RB,QB_vs_RB,Matthew Stafford,J.K. Dobbins,421,6806,2836,2891,-55,323.7,104.9,218.8
2025,QB,RB,QB_vs_RB,Matthew Stafford,Tyjae Spears,421,9508,2836,2804,32,323.7,64,259.7
2025,QB,RB,QB_vs_RB,Matthew Stafford,Javonte Williams,421,7588,2836,2764,72,323.7,207.8,115.9
2025,QB,RB,QB_vs_RB,Matthew Stafford,Brian Robinson,421,8154,2836,2677,159,323.7,53.6,270.1
2025,QB,RB,QB_vs_RB,Daniel Jones,Tyjae Spears,5870,9508,2655,2804,-149,226.4,64,162.4
2025,QB,RB,QB_vs_RB,Daniel Jones,Javonte Williams,5870,7588,2655,2764,-109,226.4,207.8,18.6
2025,QB,RB,QB_vs_RB,Daniel Jones,Brian Robinson,5870,8154,2655,2677,-22,226.4,53.6,172.8
2025,QB,RB,QB_vs_RB,Daniel Jones,Ray Davis,5870,11575,2655,2567,88,226.4,30.7,195.7
2025,QB,RB,QB_vs_RB,Daniel Jones,Rhamondre Stevenson,5870,7611,2655,2487,168,226.4,113.5,112.9
2025,QB,RB,QB_vs_RB,Daniel Jones,Jaylen Wright,5870,11643,2655,2481,174,226.4,41.2,185.2
2025,QB,RB,QB_vs_RB,Daniel Jones,Tyler Allgeier,5870,8132,2655,2458,197,226.4,107.1,119.3
2025,QB,RB,QB_vs_RB,Daniel Jones,Najee Harris,5870,7528,2655,2455,200,226.4,8.6,217.8
2025,QB,RB,QB_vs_RB,Anthony Richardson,Javonte Williams,9229,7588,2575,2764,-189,1.2,207.8,-206.6
2025,QB,RB,QB_vs_RB,Anthony Richardson,Brian Robinson,9229,8154,2575,2677,-102,1.2,53.6,-52.4
2025,QB,RB,QB_vs_RB,Anthony Richardson,Ray Davis,9229,11575,2575,2567,8,1.2,30.7,-29.5
2025,QB,RB,QB_vs_RB,Anthony Richardson,Rhamondre Stevenson,9229,7611,2575,2487,88,1.2,113.5,-112.3
2025,QB,RB,QB_vs_RB,Anthony Richardson,Jaylen Wright,9229,11643,2575,2481,94,1.2,41.2,-40
2025,QB,RB,QB_vs_RB,Anthony Richardson,Tyler Allgeier,9229,8132,2575,2458,117,1.2,107.1,-105.9
2025,QB,RB,QB_vs_RB,Anthony Richardson,Najee Harris,9229,7528,2575,2455,120,1.2,8.6,-7.4
2025,QB,RB,QB_vs_RB,Anthony Richardson,Rachaad White,9229,8136,2575,2444,131,1.2,98.9,-97.7
2025,QB,RB,QB_vs_RB,Anthony Richardson,Keaton Mitchell,9229,9511,2575,2385,190,1.2,46.2,-45
2025,QB,RB,QB_vs_RB,Russell Wilson,Austin Ekeler,1234,4663,2001,2195,-194,49.8,8.1,41.7
2025,QB,RB,QB_vs_RB,Russell Wilson,Chris Rodriguez,1234,10219,2001,2174,-173,49.8,74.7,-24.9
2025,QB,RB,QB_vs_RB,Russell Wilson,Will Shipley,1234,11577,2001,2090,-89,49.8,7.2,42.6
2025,QB,RB,QB_vs_RB,Russell Wilson,Sean Tucker,1234,9506,2001,2075,-74,49.8,83.8,-34
2025,QB,RB,QB_vs_RB,Russell Wilson,Kendre Miller,1234,9757,2001,2050,-49,49.8,28.3,21.5
2025,QB,RB,QB_vs_RB,Russell Wilson,Rico Dowdle,1234,7021,2001,2007,-6,49.8,176.3,-126.5
2025,QB,RB,QB_vs_RB,Russell Wilson,Roschon Johnson,1234,10235,2001,1979,22,49.8,1.7,48.1
2025,QB,RB,QB_vs_RB,Russell Wilson,Nick Chubb,1234,4988,2001,1943,58,49.8,75.3,-25.5
2025,QB,RB,QB_vs_RB,Spencer Rattler,Will Shipley,11562,11577,1915,2090,-175,98.1,7.2,90.9
2025,QB,RB,QB_vs_RB,Spencer Rattler,Sean Tucker,11562,9506,1915,2075,-160,98.1,83.8,14.3
2025,QB,RB,QB_vs_RB,Spencer Rattler,Kendre Miller,11562,9757,1915,2050,-135,98.1,28.3,69.8
2025,QB,RB,QB_vs_RB,Spencer Rattler,Rico Dowdle,11562,7021,1915,2007,-92,98.1,176.3,-78.2
2025,QB,RB,QB_vs_RB,Spencer Rattler,Roschon Johnson,11562,10235,1915,1979,-64,98.1,1.7,96.4
2025,QB,RB,QB_vs_RB,Spencer Rattler,Nick Chubb,11562,4988,1915,1943,-28,98.1,75.3,22.8
2025,QB,RB,QB_vs_RB,Aaron Rodgers,Will Shipley,96,11577,1899,2090,-191,208.3,7.2,201.1
2025,QB,RB,QB_vs_RB,Aaron Rodgers,Sean Tucker,96,9506,1899,2075,-176,208.3,83.8,124.5
2025,QB,RB,QB_vs_RB,Aaron Rodgers,Kendre Miller,96,9757,1899,2050,-151,208.3,28.3,180
2025,QB,RB,QB_vs_RB,Aaron Rodgers,Rico Dowdle,96,7021,1899,2007,-108,208.3,176.3,32
2025,QB,RB,QB_vs_RB,Aaron Rodgers,Roschon Johnson,96,10235,1899,1979,-80,208.3,1.7,206.6
2025,QB,RB,QB_vs_RB,Aaron Rodgers,Nick Chubb,96,4988,1899,1943,-44,208.3,75.3,133
2025,QB,RB,QB_vs_RB,Aaron Rodgers,Dameon Pierce,96,8129,1899,1705,194,208.3,2.6,205.7
2025,QB,RB,QB_vs_RB,Joe Milton,Sean Tucker,11557,9506,1885,2075,-190,5.1,83.8,-78.7
2025,QB,RB,QB_vs_RB,Joe Milton,Kendre Miller,11557,9757,1885,2050,-165,5.1,28.3,-23.2
2025,QB,RB,QB_vs_RB,Joe Milton,Rico Dowdle,11557,7021,1885,2007,-122,5.1,176.3,-171.2
2025,QB,RB,QB_vs_RB,Joe Milton,Roschon Johnson,11557,10235,1885,1979,-94,5.1,1.7,3.4
2025,QB,RB,QB_vs_RB,Joe Milton,Nick Chubb,11557,4988,1885,1943,-58,5.1,75.3,-70.2
2025,QB,RB,QB_vs_RB,Joe Milton,Dameon Pierce,11557,8129,1885,1705,180,5.1,2.6,2.5
2025,QB,RB,QB_vs_RB,Joe Flacco,Dameon Pierce,19,8129,1567,1705,-138,146.5,2.6,143.9
2025,QB,RB,QB_vs_RB,Joe Flacco,Audric Estime,19,11579,1567,1599,-32,146.5,25.5,121
2025,QB,RB,QB_vs_RB,Joe Flacco,Jaleel McLaughlin,19,11439,1567,1596,-29,146.5,21.6,124.9
2025,QB,RB,QB_vs_RB,Joe Flacco,Justice Hill,19,5995,1567,1563,4,146.5,44.2,102.3
2025,QB,RB,QB_vs_RB,Joe Flacco,Miles Sanders,19,6151,1567,1524,43,146.5,18.7,127.8
2025,QB,RB,QB_vs_RB,Joe Flacco,Emanuel Wilson,19,11435,1567,1383,184,146.5,74.7,71.8
2025,QB,RB,QB_vs_RB,Malik Willis,Audric Estime,8161,11579,1417,1599,-182,51.2,25.5,25.7
2025,QB,RB,QB_vs_RB,Malik Willis,Jaleel McLaughlin,8161,11439,1417,1596,-179,51.2,21.6,29.6
2025,QB,RB,QB_vs_RB,Malik Willis,Justice Hill,8161,5995,1417,1563,-146,51.2,44.2,7
2025,QB,RB,QB_vs_RB,Malik Willis,Miles Sanders,8161,6151,1417,1524,-107,51.2,18.7,32.5
2025,QB,RB,QB_vs_RB,Malik Willis,Emanuel Wilson,8161,11435,1417,1383,34,51.2,74.7,-23.5
2025,QB,RB,QB_vs_RB,Malik Willis,Kareem Hunt,8161,4098,1417,1358,59,51.2,123.9,-72.7
2025,QB,RB,QB_vs_RB,Malik Willis,Ty Johnson,8161,6039,1417,1319,98,51.2,58.7,-7.5
2025,QB,RB,QB_vs_RB,Malik Willis,Kenneth Gainwell,8161,7567,1417,1288,129,51.2,134.9,-83.7
2025,QB,RB,QB_vs_RB,Malik Willis,Devin Singletary,8161,6130,1417,1221,196,51.2,80.2,-29
2025,QB,RB,QB_vs_RB,Kirk Cousins,Miles Sanders,1166,6151,1354,1524,-170,94.3,18.7,75.6
2025,QB,RB,QB_vs_RB,Kirk Cousins,Emanuel Wilson,1166,11435,1354,1383,-29,94.3,74.7,19.6
2025,QB,RB,QB_vs_RB,Kirk Cousins,Kareem Hunt,1166,4098,1354,1358,-4,94.3,123.9,-29.6
2025,QB,RB,QB_vs_RB,Kirk Cousins,Ty Johnson,1166,6039,1354,1319,35,94.3,58.7,35.6
2025,QB,RB,QB_vs_RB,Kirk Cousins,Kenneth Gainwell,1166,7567,1354,1288,66,94.3,134.9,-40.6
2025,QB,RB,QB_vs_RB,Kirk Cousins,Devin Singletary,1166,6130,1354,1221,133,94.3,80.2,14.1
2025,QB,RB,QB_vs_RB,Jameis Winston,Miles Sanders,2306,6151,1353,1524,-171,42.3,18.7,23.6
2025,QB,RB,QB_vs_RB,Jameis Winston,Emanuel Wilson,2306,11435,1353,1383,-30,42.3,74.7,-32.4
2025,QB,RB,QB_vs_RB,Jameis Winston,Kareem Hunt,2306,4098,1353,1358,-5,42.3,123.9,-81.6
2025,QB,RB,QB_vs_RB,Jameis Winston,Ty Johnson,2306,6039,1353,1319,34,42.3,58.7,-16.4
2025,QB,RB,QB_vs_RB,Jameis Winston,Kenneth Gainwell,2306,7567,1353,1288,65,42.3,134.9,-92.6
2025,QB,RB,QB_vs_RB,Jameis Winston,Devin Singletary,2306,6130,1353,1221,132,42.3,80.2,-37.9
2025,QB,RB,QB_vs_RB,Mac Jones,Emanuel Wilson,7527,11435,1222,1383,-161,130,74.7,55.3
2025,QB,RB,QB_vs_RB,Mac Jones,Kareem Hunt,7527,4098,1222,1358,-136,130,123.9,6.1
2025,QB,RB,QB_vs_RB,Mac Jones,Ty Johnson,7527,6039,1222,1319,-97,130,58.7,71.3
2025,QB,RB,QB_vs_RB,Mac Jones,Kenneth Gainwell,7527,7567,1222,1288,-66,130,134.9,-4.9
2025,QB,RB,QB_vs_RB,Mac Jones,Devin Singletary,7527,6130,1222,1221,1,130,80.2,49.8
2025,QB,RB,QB_vs_RB,Mac Jones,Antonio Gibson,7527,6945,1222,1141,81,130,21.2,108.8
2025,QB,RB,QB_vs_RB,Mac Jones,AJ Dillon,7527,6828,1222,1101,121,130,5.8,124.2
2025,QB,RB,QB_vs_RB,Mac Jones,Khalil Herbert,7527,7608,1222,1077,145,130,1,129
2025,QB,RB,QB_vs_RB,Kenny Pickett,Ty Johnson,8160,6039,1155,1319,-164,8.7,58.7,-50
2025,QB,RB,QB_vs_RB,Kenny Pickett,Kenneth Gainwell,8160,7567,1155,1288,-133,8.7,134.9,-126.2
2025,QB,RB,QB_vs_RB,Kenny Pickett,Devin Singletary,8160,6130,1155,1221,-66,8.7,80.2,-71.5
2025,QB,RB,QB_vs_RB,Kenny Pickett,Antonio Gibson,8160,6945,1155,1141,14,8.7,21.2,-12.5
2025,QB,RB,QB_vs_RB,Kenny Pickett,AJ Dillon,8160,6828,1155,1101,54,8.7,5.8,2.9
2025,QB,RB,QB_vs_RB,Kenny Pickett,Khalil Herbert,8160,7608,1155,1077,78,8.7,1,7.7
2025,QB,RB,QB_vs_RB,Kenny Pickett,Raheem Mostert,8160,2749,1155,1006,149,8.7,17.4,-8.7
2025,QB,RB,QB_vs_RB,Kenny Pickett,Zamir White,8160,8139,1155,993,162,8.7,4.6,4.1
2025,QB,RB,QB_vs_RB,Trey Lance,Ty Johnson,7610,6039,1141,1319,-178,5.2,58.7,-53.5
2025,QB,RB,QB_vs_RB,Trey Lance,Kenneth Gainwell,7610,7567,1141,1288,-147,5.2,134.9,-129.7
2025,QB,RB,QB_vs_RB,Trey Lance,Devin Singletary,7610,6130,1141,1221,-80,5.2,80.2,-75
2025,QB,RB,QB_vs_RB,Trey Lance,Antonio Gibson,7610,6945,1141,1141,0,5.2,21.2,-16
2025,QB,RB,QB_vs_RB,Trey Lance,AJ Dillon,7610,6828,1141,1101,40,5.2,5.8,-0.6
2025,QB,RB,QB_vs_RB,Trey Lance,Khalil Herbert,7610,7608,1141,1077,64,5.2,1,4.2
2025,QB,RB,QB_vs_RB,Trey Lance,Raheem Mostert,7610,2749,1141,1006,135,5.2,17.4,-12.2
2025,QB,RB,QB_vs_RB,Trey Lance,Zamir White,7610,8139,1141,993,148,5.2,4.6,0.6
2025,QB,RB,QB_vs_RB,Zach Wilson,Antonio Gibson,7538,6945,975,1141,-166,1.4,21.2,-19.8
2025,QB,RB,QB_vs_RB,Zach Wilson,AJ Dillon,7538,6828,975,1101,-126,1.4,5.8,-4.4
2025,QB,RB,QB_vs_RB,Zach Wilson,Khalil Herbert,7538,7608,975,1077,-102,1.4,1,0.4
2025,QB,RB,QB_vs_RB,Zach Wilson,Raheem Mostert,7538,2749,975,1006,-31,1.4,17.4,-16
2025,QB,RB,QB_vs_RB,Zach Wilson,Zamir White,7538,8139,975,993,-18,1.4,4.6,-3.2
2025,QB,RB,QB_vs_RB,Zach Wilson,Cam Akers,7538,6938,975,933,42,1.4,7.2,-5.8
2025,QB,RB,QB_vs_RB,Zach Wilson,Emari Demercado,7538,11199,975,933,42,1.4,39.6,-38.2
2025,QB,RB,QB_vs_RB,Zach Wilson,Ty Chandler,7538,8230,975,923,52,1.4,2.4,-1
2025,QB,WR,QB_vs_WR,Josh Allen,Ja'Marr Chase,4984,7564,9992,9999,-7,364.6,173,191.6
2025,QB,WR,QB_vs_WR,Jayden Daniels,Ja'Marr Chase,11566,7564,9891,9999,-108,114.3,173,-58.7
2025,QB,WR,QB_vs_WR,Joe Burrow,CeeDee Lamb,6770,6786,8281,8291,-10,113.3,125.5,-12.2
2025,QB,WR,QB_vs_WR,Jalen Hurts,Brian Thomas Jr.,6904,11631,7677,7673,4,299.1,85.9,213.2
2025,QB,WR,QB_vs_WR,Patrick Mahomes,Nico Collins,4046,7569,6463,6652,-189,284.7,155.2,129.5
2025,QB,WR,QB_vs_WR,Patrick Mahomes,Jaxon Smith-Njigba,4046,9488,6463,6397,66,284.7,232.5,52.2
2025,QB,WR,QB_vs_WR,Patrick Mahomes,Ladd McConkey,4046,11635,6463,6391,72,284.7,114.9,169.8
2025,QB,WR,QB_vs_WR,Patrick Mahomes,Marvin Harrison Jr.,4046,11628,6463,6278,185,284.7,86.8,197.9
2025,QB,WR,QB_vs_WR,Bo Nix,Jaxon Smith-Njigba,11563,9488,6423,6397,26,294.3,232.5,61.8
2025,QB,WR,QB_vs_WR,Bo Nix,Ladd McConkey,11563,11635,6423,6391,32,294.3,114.9,179.4
2025,QB,WR,QB_vs_WR,Bo Nix,Marvin Harrison Jr.,11563,11628,6423,6278,145,294.3,86.8,207.5
2025,QB,WR,QB_vs_WR,Drake Maye,Jaxon Smith-Njigba,11564,9488,6415,6397,18,335.2,232.5,102.7
2025,QB,WR,QB_vs_WR,Drake Maye,Ladd McConkey,11564,11635,6415,6391,24,335.2,114.9,220.3
2025,QB,WR,QB_vs_WR,Drake Maye,Marvin Harrison Jr.,11564,11628,6415,6278,137,335.2,86.8,248.4
2025,QB,WR,QB_vs_WR,Justin Herbert,Jaxon Smith-Njigba,6797,9488,6281,6397,-116,286.9,232.5,54.4
2025,QB,WR,QB_vs_WR,Justin Herbert,Ladd McConkey,6797,11635,6281,6391,-110,286.9,114.9,172
2025,QB,WR,QB_vs_WR,Justin Herbert,Marvin Harrison Jr.,6797,11628,6281,6278,3,286.9,86.8,200.1
2025,QB,WR,QB_vs_WR,C.J. Stroud,Jaxon Smith-Njigba,9758,9488,6211,6397,-186,191.3,232.5,-41.2
2025,QB,WR,QB_vs_WR,C.J. Stroud,Ladd McConkey,9758,11635,6211,6391,-180,191.3,114.9,76.4
2025,QB,WR,QB_vs_WR,C.J. Stroud,Marvin Harrison Jr.,9758,11628,6211,6278,-67,191.3,86.8,104.5
2025,QB,WR,QB_vs_WR,Caleb Williams,A.J. Brown,11560,5859,5965,5791,174,299.6,142.3,157.3
2025,QB,WR,QB_vs_WR,Jordan Love,A.J. Brown,6804,5859,5786,5791,-5,235.1,142.3,92.8
2025,QB,WR,QB_vs_WR,Jordan Love,Garrett Wilson,6804,8146,5786,5761,25,235.1,63.5,171.6
2025,QB,WR,QB_vs_WR,Brock Purdy,Tee Higgins,8183,6801,5515,5459,56,172.2,139.9,32.3
2025,QB,WR,QB_vs_WR,J.J. McCarthy,Tee Higgins,11565,6801,5429,5459,-30,117.4,139.9,-22.5
2025,QB,WR,QB_vs_WR,Baker Mayfield,Tee Higgins,4892,6801,5371,5459,-88,258.7,139.9,118.8
2025,QB,WR,QB_vs_WR,Kyler Murray,Rome Odunze,5849,11620,5054,5078,-24,77.8,102.1,-24.3
2025,QB,WR,QB_vs_WR,Kyler Murray,Rashee Rice,5849,10229,5054,5069,-15,77.8,97.1,-19.3
2025,QB,WR,QB_vs_WR,Kyler Murray,Jameson Williams,5849,8148,5054,4988,66,77.8,147.5,-69.7
2025,QB,WR,QB_vs_WR,Kyler Murray,DeVonta Smith,5849,7525,5054,4971,83,77.8,119.6,-41.8
2025,QB,WR,QB_vs_WR,Trevor Lawrence,Rome Odunze,7523,11620,5045,5078,-33,314.9,102.1,212.8
2025,QB,WR,QB_vs_WR,Trevor Lawrence,Rashee Rice,7523,10229,5045,5069,-24,314.9,97.1,217.8
2025,QB,WR,QB_vs_WR,Trevor Lawrence,Jameson Williams,7523,8148,5045,4988,57,314.9,147.5,167.4
2025,QB,WR,QB_vs_WR,Trevor Lawrence,DeVonta Smith,7523,7525,5045,4971,74,314.9,119.6,195.3
2025,QB,WR,QB_vs_WR,Michael Penix Jr.,Rome Odunze,11559,11620,4977,5078,-101,120.3,102.1,18.2
2025,QB,WR,QB_vs_WR,Michael Penix Jr.,Rashee Rice,11559,10229,4977,5069,-92,120.3,97.1,23.2
2025,QB,WR,QB_vs_WR,Michael Penix Jr.,Jameson Williams,11559,8148,4977,4988,-11,120.3,147.5,-27.2
2025,QB,WR,QB_vs_WR,Michael Penix Jr.,DeVonta Smith,11559,7525,4977,4971,6,120.3,119.6,0.7
2025,QB,WR,QB_vs_WR,Bryce Young,Jameson Williams,9228,8148,4832,4988,-156,201.5,147.5,54
2025,QB,WR,QB_vs_WR,Bryce Young,DeVonta Smith,9228,7525,4832,4971,-139,201.5,119.6,81.9
2025,QB,WR,QB_vs_WR,Bryce Young,Xavier Worthy,9228,11624,4832,4694,138,201.5,67.9,133.6
2025,QB,WR,QB_vs_WR,Jared Goff,George Pickens,3163,8137,4482,4605,-123,281.8,198,83.8
2025,QB,WR,QB_vs_WR,Jared Goff,Terry McLaurin,3163,5927,4482,4574,-92,281.8,70.5,211.3
2025,QB,WR,QB_vs_WR,Jared Goff,Jordan Addison,3163,9756,4482,4543,-61,281.8,92.3,189.5
2025,QB,WR,QB_vs_WR,Jared Goff,DK Metcalf,3163,5846,4482,4520,-38,281.8,128.2,153.6
2025,QB,WR,QB_vs_WR,Jared Goff,Ricky Pearsall,3163,11638,4482,4517,-35,281.8,52.6,229.2
2025,QB,WR,QB_vs_WR,Jared Goff,Jaylen Waddle,3163,7526,4482,4486,-4,281.8,130.1,151.7
2025,QB,WR,QB_vs_WR,Jared Goff,Zay Flowers,3163,9997,4482,4384,98,281.8,131.5,150.3
2025,QB,WR,QB_vs_WR,Dak Prescott,George Pickens,3294,8137,4458,4605,-147,313.1,198,115.1
2025,QB,WR,QB_vs_WR,Dak Prescott,Terry McLaurin,3294,5927,4458,4574,-116,313.1,70.5,242.6
2025,QB,WR,QB_vs_WR,Dak Prescott,Jordan Addison,3294,9756,4458,4543,-85,313.1,92.3,220.8
2025,QB,WR,QB_vs_WR,Dak Prescott,DK Metcalf,3294,5846,4458,4520,-62,313.1,128.2,184.9
2025,QB,WR,QB_vs_WR,Dak Prescott,Ricky Pearsall,3294,11638,4458,4517,-59,313.1,52.6,260.5
2025,QB,WR,QB_vs_WR,Dak Prescott,Jaylen Waddle,3294,7526,4458,4486,-28,313.1,130.1,183
2025,QB,WR,QB_vs_WR,Dak Prescott,Zay Flowers,3294,9997,4458,4384,74,313.1,131.5,181.6
2025,QB,WR,QB_vs_WR,Tua Tagovailoa,Mike Evans,6768,2216,3641,3772,-131,160.7,51.4,109.3
2025,QB,WR,QB_vs_WR,Tua Tagovailoa,Jerry Jeudy,6768,6783,3641,3735,-94,160.7,68.5,92.2
2025,QB,WR,QB_vs_WR,Tua Tagovailoa,Tyreek Hill,6768,3321,3641,3684,-43,160.7,32.5,128.2
2025,QB,WR,QB_vs_WR,Tua Tagovailoa,Josh Downs,6768,9500,3641,3618,23,160.7,72.8,87.9
2025,QB,WR,QB_vs_WR,Tua Tagovailoa,Davante Adams,6768,2133,3641,3493,148,160.7,162.9,-2.2
2025,QB,WR,QB_vs_WR,Tua Tagovailoa,Keon Coleman,6768,11637,3641,3447,194,160.7,57.5,103.2
2025,QB,WR,QB_vs_WR,Justin Fields,Mike Evans,7591,2216,3634,3772,-138,142.7,51.4,91.3
2025,QB,WR,QB_vs_WR,Justin Fields,Jerry Jeudy,7591,6783,3634,3735,-101,142.7,68.5,74.2
2025,QB,WR,QB_vs_WR,Justin Fields,Tyreek Hill,7591,3321,3634,3684,-50,142.7,32.5,110.2
2025,QB,WR,QB_vs_WR,Justin Fields,Josh Downs,7591,9500,3634,3618,16,142.7,72.8,69.9
2025,QB,WR,QB_vs_WR,Justin Fields,Davante Adams,7591,2133,3634,3493,141,142.7,162.9,-20.2
2025,QB,WR,QB_vs_WR,Justin Fields,Keon Coleman,7591,11637,3634,3447,187,142.7,57.5,85.2
2025,QB,WR,QB_vs_WR,Sam Darnold,Davante Adams,4943,2133,3397,3493,-96,226.6,162.9,63.7
2025,QB,WR,QB_vs_WR,Sam Darnold,Keon Coleman,4943,11637,3397,3447,-50,226.6,57.5,169.1
2025,QB,WR,QB_vs_WR,Sam Darnold,Calvin Ridley,4943,4981,3397,3384,13,226.6,30.3,196.3
2025,QB,WR,QB_vs_WR,Sam Darnold,Jayden Reed,4943,10222,3397,3360,37,226.6,29.5,197.1
2025,QB,WR,QB_vs_WR,Sam Darnold,Khalil Shakir,4943,8134,3397,3273,124,226.6,94.4,132.2
2025,QB,WR,QB_vs_WR,Geno Smith,Khalil Shakir,1373,8134,3106,3273,-167,173.9,94.4,79.5
2025,QB,WR,QB_vs_WR,Geno Smith,Jakobi Meyers,1373,5947,3106,3195,-89,173.9,96.4,77.5
2025,QB,WR,QB_vs_WR,Geno Smith,Chris Godwin,1373,4037,3106,3152,-46,173.9,49.2,124.7
2025,QB,WR,QB_vs_WR,Geno Smith,Michael Pittman,1373,6819,3106,3108,-2,173.9,121.3,52.6
2025,QB,WR,QB_vs_WR,Geno Smith,Jauan Jennings,1373,7049,3106,2979,127,173.9,114.8,59.1
2025,QB,WR,QB_vs_WR,Geno Smith,Deebo Samuel,1373,5872,3106,2964,142,173.9,114.1,59.8
2025,QB,WR,QB_vs_WR,Geno Smith,Marvin Mims,1373,9494,3106,2963,143,173.9,55,118.9
2025,QB,WR,QB_vs_WR,Geno Smith,Stefon Diggs,1373,2449,3106,2948,158,173.9,121,52.9
2025,QB,WR,QB_vs_WR,Matthew Stafford,Jauan Jennings,421,7049,2836,2979,-143,323.7,114.8,208.9
2025,QB,WR,QB_vs_WR,Matthew Stafford,Deebo Samuel,421,5872,2836,2964,-128,323.7,114.1,209.6
2025,QB,WR,QB_vs_WR,Matthew Stafford,Marvin Mims,421,9494,2836,2963,-127,323.7,55,268.7
2025,QB,WR,QB_vs_WR,Matthew Stafford,Stefon Diggs,421,2449,2836,2948,-112,323.7,121,202.7
2025,QB,WR,QB_vs_WR,Matthew Stafford,Rashid Shaheed,421,8676,2836,2856,-20,323.7,97.4,226.3
2025,QB,WR,QB_vs_WR,Matthew Stafford,Xavier Legette,421,11626,2836,2794,42,323.7,52.1,271.6
2025,QB,WR,QB_vs_WR,Matthew Stafford,Darnell Mooney,421,7090,2836,2789,47,323.7,48.3,275.4
2025,QB,WR,QB_vs_WR,Matthew Stafford,Cedric Tillman,421,10444,2836,2704,132,323.7,36.7,287
2025,QB,WR,QB_vs_WR,Matthew Stafford,Cooper Kupp,421,4039,2836,2683,153,323.7,66.4,257.3
2025,QB,WR,QB_vs_WR,Matthew Stafford,Jalen McMillan,421,11618,2836,2683,153,323.7,16.8,306.9
2025,QB,WR,QB_vs_WR,Matthew Stafford,Rashod Bateman,421,7571,2836,2680,156,323.7,36.4,287.3
2025,QB,WR,QB_vs_WR,Daniel Jones,Xavier Legette,5870,11626,2655,2794,-139,226.4,52.1,174.3
2025,QB,WR,QB_vs_WR,Daniel Jones,Darnell Mooney,5870,7090,2655,2789,-134,226.4,48.3,178.1
2025,QB,WR,QB_vs_WR,Daniel Jones,Cedric Tillman,5870,10444,2655,2704,-49,226.4,36.7,189.7
2025,QB,WR,QB_vs_WR,Daniel Jones,Cooper Kupp,5870,4039,2655,2683,-28,226.4,66.4,160
2025,QB,WR,QB_vs_WR,Daniel Jones,Jalen McMillan,5870,11618,2655,2683,-28,226.4,16.8,209.6
2025,QB,WR,QB_vs_WR,Daniel Jones,Rashod Bateman,5870,7571,2655,2680,-25,226.4,36.4,190
2025,QB,WR,QB_vs_WR,Daniel Jones,Demario Douglas,5870,9501,2655,2552,103,226.4,61.9,164.5
2025,QB,WR,QB_vs_WR,Daniel Jones,Adonai Mitchell,5870,11625,2655,2550,105,226.4,54.9,171.5
2025,QB,WR,QB_vs_WR,Anthony Richardson,Cedric Tillman,9229,10444,2575,2704,-129,1.2,36.7,-35.5
2025,QB,WR,QB_vs_WR,Anthony Richardson,Cooper Kupp,9229,4039,2575,2683,-108,1.2,66.4,-65.2
2025,QB,WR,QB_vs_WR,Anthony Richardson,Jalen McMillan,9229,11618,2575,2683,-108,1.2,16.8,-15.6
2025,QB,WR,QB_vs_WR,Anthony Richardson,Rashod Bateman,9229,7571,2575,2680,-105,1.2,36.4,-35.2
2025,QB,WR,QB_vs_WR,Anthony Richardson,Demario Douglas,9229,9501,2575,2552,23,1.2,61.9,-60.7
2025,QB,WR,QB_vs_WR,Anthony Richardson,Adonai Mitchell,9229,11625,2575,2550,25,1.2,54.9,-53.7
2025,QB,WR,QB_vs_WR,Anthony Richardson,Romeo Doubs,9229,8121,2575,2421,154,1.2,110.4,-109.2
2025,QB,WR,QB_vs_WR,Russell Wilson,Quentin Johnston,1234,9754,2001,2198,-197,49.8,120.2,-70.4
2025,QB,WR,QB_vs_WR,Russell Wilson,Christian Watson,1234,8167,2001,2120,-119,49.8,97.4,-47.6
2025,QB,WR,QB_vs_WR,Russell Wilson,Alec Pierce,1234,8142,2001,2077,-76,49.8,111.1,-61.3
2025,QB,WR,QB_vs_WR,Russell Wilson,Marquise Brown,1234,5848,2001,2072,-71,49.8,82.3,-32.5
2025,QB,WR,QB_vs_WR,Russell Wilson,Roman Wilson,1234,11630,2001,2043,-42,49.8,26.6,23.2
2025,QB,WR,QB_vs_WR,Russell Wilson,Dontayvion Wicks,1234,9486,2001,1968,33,49.8,45.8,4
2025,QB,WR,QB_vs_WR,Russell Wilson,Michael Wilson,1234,10232,2001,1947,54,49.8,126.7,-76.9
2025,QB,WR,QB_vs_WR,Russell Wilson,Keenan Allen,1234,1479,2001,1889,112,49.8,98.1,-48.3
2025,QB,WR,QB_vs_WR,Russell Wilson,Andrei Iosivas,1234,10226,2001,1877,124,49.8,55.9,-6.1
2025,QB,WR,QB_vs_WR,Russell Wilson,Tre Tucker,1234,10213,2001,1863,138,49.8,101.3,-51.5
2025,QB,WR,QB_vs_WR,Russell Wilson,Kayshon Boutte,1234,9504,2001,1842,159,49.8,88.7,-38.9
2025,QB,WR,QB_vs_WR,Russell Wilson,Malik Washington,1234,11610,2001,1826,175,49.8,61.9,-12.1
2025,QB,WR,QB_vs_WR,Russell Wilson,Adam Thielen,1234,1689,2001,1804,197,49.8,16.3,33.5
2025,QB,WR,QB_vs_WR,Spencer Rattler,Alec Pierce,11562,8142,1915,2077,-162,98.1,111.1,-13
2025,QB,WR,QB_vs_WR,Spencer Rattler,Marquise Brown,11562,5848,1915,2072,-157,98.1,82.3,15.8
2025,QB,WR,QB_vs_WR,Spencer Rattler,Roman Wilson,11562,11630,1915,2043,-128,98.1,26.6,71.5
2025,QB,WR,QB_vs_WR,Spencer Rattler,Dontayvion Wicks,11562,9486,1915,1968,-53,98.1,45.8,52.3
2025,QB,WR,QB_vs_WR,Spencer Rattler,Michael Wilson,11562,10232,1915,1947,-32,98.1,126.7,-28.6
2025,QB,WR,QB_vs_WR,Spencer Rattler,Keenan Allen,11562,1479,1915,1889,26,98.1,98.1,0
2025,QB,WR,QB_vs_WR,Spencer Rattler,Andrei Iosivas,11562,10226,1915,1877,38,98.1,55.9,42.2
2025,QB,WR,QB_vs_WR,Spencer Rattler,Tre Tucker,11562,10213,1915,1863,52,98.1,101.3,-3.2
2025,QB,WR,QB_vs_WR,Spencer Rattler,Kayshon Boutte,11562,9504,1915,1842,73,98.1,88.7,9.4
2025,QB,WR,QB_vs_WR,Spencer Rattler,Malik Washington,11562,11610,1915,1826,89,98.1,61.9,36.2
2025,QB,WR,QB_vs_WR,Spencer Rattler,Adam Thielen,11562,1689,1915,1804,111,98.1,16.3,81.8
2025,QB,WR,QB_vs_WR,Spencer Rattler,Dyami Brown,11562,7587,1915,1769,146,98.1,28.9,69.2
2025,QB,WR,QB_vs_WR,Spencer Rattler,Luke McCaffrey,11562,11650,1915,1734,181,98.1,40.3,57.8
2025,QB,WR,QB_vs_WR,Aaron Rodgers,Alec Pierce,96,8142,1899,2077,-178,208.3,111.1,97.2
2025,QB,WR,QB_vs_WR,Aaron Rodgers,Marquise Brown,96,5848,1899,2072,-173,208.3,82.3,126
2025,QB,WR,QB_vs_WR,Aaron Rodgers,Roman Wilson,96,11630,1899,2043,-144,208.3,26.6,181.7
2025,QB,WR,QB_vs_WR,Aaron Rodgers,Dontayvion Wicks,96,9486,1899,1968,-69,208.3,45.8,162.5
2025,QB,WR,QB_vs_WR,Aaron Rodgers,Michael Wilson,96,10232,1899,1947,-48,208.3,126.7,81.6
2025,QB,WR,QB_vs_WR,Aaron Rodgers,Keenan Allen,96,1479,1899,1889,10,208.3,98.1,110.2
2025,QB,WR,QB_vs_WR,Aaron Rodgers,Andrei Iosivas,96,10226,1899,1877,22,208.3,55.9,152.4
2025,QB,WR,QB_vs_WR,Aaron Rodgers,Tre Tucker,96,10213,1899,1863,36,208.3,101.3,107
2025,QB,WR,QB_vs_WR,Aaron Rodgers,Kayshon Boutte,96,9504,1899,1842,57,208.3,88.7,119.6
2025,QB,WR,QB_vs_WR,Aaron Rodgers,Malik Washington,96,11610,1899,1826,73,208.3,61.9,146.4
2025,QB,WR,QB_vs_WR,Aaron Rodgers,Adam Thielen,96,1689,1899,1804,95,208.3,16.3,192
2025,QB,WR,QB_vs_WR,Aaron Rodgers,Dyami Brown,96,7587,1899,1769,130,208.3,28.9,179.4
2025,QB,WR,QB_vs_WR,Aaron Rodgers,Luke McCaffrey,96,11650,1899,1734,165,208.3,40.3,168
2025,QB,WR,QB_vs_WR,Joe Milton,Alec Pierce,11557,8142,1885,2077,-192,5.1,111.1,-106
2025,QB,WR,QB_vs_WR,Joe Milton,Marquise Brown,11557,5848,1885,2072,-187,5.1,82.3,-77.2
2025,QB,WR,QB_vs_WR,Joe Milton,Roman Wilson,11557,11630,1885,2043,-158,5.1,26.6,-21.5
2025,QB,WR,QB_vs_WR,Joe Milton,Dontayvion Wicks,11557,9486,1885,1968,-83,5.1,45.8,-40.7
2025,QB,WR,QB_vs_WR,Joe Milton,Michael Wilson,11557,10232,1885,1947,-62,5.1,126.7,-121.6
2025,QB,WR,QB_vs_WR,Joe Milton,Keenan Allen,11557,1479,1885,1889,-4,5.1,98.1,-93
2025,QB,WR,QB_vs_WR,Joe Milton,Andrei Iosivas,11557,10226,1885,1877,8,5.1,55.9,-50.8
2025,QB,WR,QB_vs_WR,Joe Milton,Tre Tucker,11557,10213,1885,1863,22,5.1,101.3,-96.2
2025,QB,WR,QB_vs_WR,Joe Milton,Kayshon Boutte,11557,9504,1885,1842,43,5.1,88.7,-83.6
2025,QB,WR,QB_vs_WR,Joe Milton,Malik Washington,11557,11610,1885,1826,59,5.1,61.9,-56.8
2025,QB,WR,QB_vs_WR,Joe Milton,Adam Thielen,11557,1689,1885,1804,81,5.1,16.3,-11.2
2025,QB,WR,QB_vs_WR,Joe Milton,Dyami Brown,11557,7587,1885,1769,116,5.1,28.9,-23.8
2025,QB,WR,QB_vs_WR,Joe Milton,Luke McCaffrey,11557,11650,1885,1734,151,5.1,40.3,-35.2
2025,QB,WR,QB_vs_WR,Joe Milton,Calvin Austin III,11557,8125,1885,1698,187,5.1,43.7,-38.6
2025,QB,WR,QB_vs_WR,Joe Milton,Jalen Nailor,11557,8180,1885,1685,200,5.1,66.8,-61.7
2025,QB,WR,QB_vs_WR,Joe Flacco,Luke McCaffrey,19,11650,1567,1734,-167,146.5,40.3,106.2
2025,QB,WR,QB_vs_WR,Joe Flacco,Calvin Austin III,19,8125,1567,1698,-131,146.5,43.7,102.8
2025,QB,WR,QB_vs_WR,Joe Flacco,Jalen Nailor,19,8180,1567,1685,-118,146.5,66.8,79.7
2025,QB,WR,QB_vs_WR,Joe Flacco,John Metchie,19,8147,1567,1671,-104,146.5,36.9,109.6
2025,QB,WR,QB_vs_WR,Joe Flacco,Elijah Moore,19,7596,1567,1668,-101,146.5,19.6,126.9
2025,QB,WR,QB_vs_WR,Joe Flacco,DeAndre Hopkins,19,1426,1567,1589,-22,146.5,45,101.5
2025,QB,WR,QB_vs_WR,Joe Flacco,Parker Washington,19,9487,1567,1582,-15,146.5,112,34.5
2025,QB,WR,QB_vs_WR,Joe Flacco,Darius Slayton,19,6149,1567,1561,6,146.5,56.4,90.1
2025,QB,WR,QB_vs_WR,Joe Flacco,Tutu Atwell,19,7562,1567,1521,46,146.5,23.3,123.2
2025,QB,WR,QB_vs_WR,Joe Flacco,Jalin Hyatt,19,9497,1567,1516,51,146.5,3.5,143
2025,QB,WR,QB_vs_WR,Joe Flacco,Jalen Tolbert,19,8117,1567,1413,154,146.5,28.3,118.2
2025,QB,WR,QB_vs_WR,Joe Flacco,Tyler Lockett,19,2374,1567,1412,155,146.5,40.6,105.9
2025,QB,WR,QB_vs_WR,Malik Willis,DeAndre Hopkins,8161,1426,1417,1589,-172,51.2,45,6.2
2025,QB,WR,QB_vs_WR,Malik Willis,Parker Washington,8161,9487,1417,1582,-165,51.2,112,-60.8
2025,QB,WR,QB_vs_WR,Malik Willis,Darius Slayton,8161,6149,1417,1561,-144,51.2,56.4,-5.2
2025,QB,WR,QB_vs_WR,Malik Willis,Tutu Atwell,8161,7562,1417,1521,-104,51.2,23.3,27.9
2025,QB,WR,QB_vs_WR,Malik Willis,Jalin Hyatt,8161,9497,1417,1516,-99,51.2,3.5,47.7
2025,QB,WR,QB_vs_WR,Malik Willis,Jalen Tolbert,8161,8117,1417,1413,4,51.2,28.3,22.9
2025,QB,WR,QB_vs_WR,Malik Willis,Tyler Lockett,8161,2374,1417,1412,5,51.2,40.6,10.6
2025,QB,WR,QB_vs_WR,Malik Willis,Jahan Dotson,8161,8119,1417,1311,106,51.2,28.2,23
2025,QB,WR,QB_vs_WR,Malik Willis,Tyquan Thornton,8161,8188,1417,1294,123,51.2,61.8,-10.6
2025,QB,WR,QB_vs_WR,Malik Willis,Devontez Walker,8161,11629,1417,1252,165,51.2,21,30.2
2025,QB,WR,QB_vs_WR,Malik Willis,Nick Westbrook-Ikhine,8161,7496,1417,1242,175,51.2,8.9,42.3
2025,QB,WR,QB_vs_WR,Malik Willis,Curtis Samuel,8161,4082,1417,1238,179,51.2,14.1,37.1
2025,QB,WR,QB_vs_WR,Malik Willis,Xavier Hutchinson,8161,10218,1417,1234,183,51.2,54.6,-3.4
2025,QB,WR,QB_vs_WR,Malik Willis,Malachi Corley,8161,11617,1417,1221,196,51.2,16.8,34.4
2025,QB,WR,QB_vs_WR,Kirk Cousins,Tutu Atwell,1166,7562,1354,1521,-167,94.3,23.3,71
2025,QB,WR,QB_vs_WR,Kirk Cousins,Jalin Hyatt,1166,9497,1354,1516,-162,94.3,3.5,90.8
2025,QB,WR,QB_vs_WR,Kirk Cousins,Jalen Tolbert,1166,8117,1354,1413,-59,94.3,28.3,66
2025,QB,WR,QB_vs_WR,Kirk Cousins,Tyler Lockett,1166,2374,1354,1412,-58,94.3,40.6,53.7
2025,QB,WR,QB_vs_WR,Kirk Cousins,Jahan Dotson,1166,8119,1354,1311,43,94.3,28.2,66.1
2025,QB,WR,QB_vs_WR,Kirk Cousins,Tyquan Thornton,1166,8188,1354,1294,60,94.3,61.8,32.5
2025,QB,WR,QB_vs_WR,Kirk Cousins,Devontez Walker,1166,11629,1354,1252,102,94.3,21,73.3
2025,QB,WR,QB_vs_WR,Kirk Cousins,Nick Westbrook-Ikhine,1166,7496,1354,1242,112,94.3,8.9,85.4
2025,QB,WR,QB_vs_WR,Kirk Cousins,Curtis Samuel,1166,4082,1354,1238,116,94.3,14.1,80.2
2025,QB,WR,QB_vs_WR,Kirk Cousins,Xavier Hutchinson,1166,10218,1354,1234,120,94.3,54.6,39.7
2025,QB,WR,QB_vs_WR,Kirk Cousins,Malachi Corley,1166,11617,1354,1221,133,94.3,16.8,77.5
2025,QB,WR,QB_vs_WR,Kirk Cousins,Noah Brown,1166,4234,1354,1159,195,94.3,8.3,86
2025,QB,WR,QB_vs_WR,Jameis Winston,Tutu Atwell,2306,7562,1353,1521,-168,42.3,23.3,19
2025,QB,WR,QB_vs_WR,Jameis Winston,Jalin Hyatt,2306,9497,1353,1516,-163,42.3,3.5,38.8
2025,QB,WR,QB_vs_WR,Jameis Winston,Jalen Tolbert,2306,8117,1353,1413,-60,42.3,28.3,14
2025,QB,WR,QB_vs_WR,Jameis Winston,Tyler Lockett,2306,2374,1353,1412,-59,42.3,40.6,1.7
2025,QB,WR,QB_vs_WR,Jameis Winston,Jahan Dotson,2306,8119,1353,1311,42,42.3,28.2,14.1
2025,QB,WR,QB_vs_WR,Jameis Winston,Tyquan Thornton,2306,8188,1353,1294,59,42.3,61.8,-19.5
2025,QB,WR,QB_vs_WR,Jameis Winston,Devontez Walker,2306,11629,1353,1252,101,42.3,21,21.3
2025,QB,WR,QB_vs_WR,Jameis Winston,Nick Westbrook-Ikhine,2306,7496,1353,1242,111,42.3,8.9,33.4
2025,QB,WR,QB_vs_WR,Jameis Winston,Curtis Samuel,2306,4082,1353,1238,115,42.3,14.1,28.2
2025,QB,WR,QB_vs_WR,Jameis Winston,Xavier Hutchinson,2306,10218,1353,1234,119,42.3,54.6,-12.3
2025,QB,WR,QB_vs_WR,Jameis Winston,Malachi Corley,2306,11617,1353,1221,132,42.3,16.8,25.5
2025,QB,WR,QB_vs_WR,Jameis Winston,Noah Brown,2306,4234,1353,1159,194,42.3,8.3,34
2025,QB,WR,QB_vs_WR,Mac Jones,Jalen Tolbert,7527,8117,1222,1413,-191,130,28.3,101.7
2025,QB,WR,QB_vs_WR,Mac Jones,Tyler Lockett,7527,2374,1222,1412,-190,130,40.6,89.4
2025,QB,WR,QB_vs_WR,Mac Jones,Jahan Dotson,7527,8119,1222,1311,-89,130,28.2,101.8
2025,QB,WR,QB_vs_WR,Mac Jones,Tyquan Thornton,7527,8188,1222,1294,-72,130,61.8,68.2
2025,QB,WR,QB_vs_WR,Mac Jones,Devontez Walker,7527,11629,1222,1252,-30,130,21,109
2025,QB,WR,QB_vs_WR,Mac Jones,Nick Westbrook-Ikhine,7527,7496,1222,1242,-20,130,8.9,121.1
2025,QB,WR,QB_vs_WR,Mac Jones,Curtis Samuel,7527,4082,1222,1238,-16,130,14.1,115.9
2025,QB,WR,QB_vs_WR,Mac Jones,Xavier Hutchinson,7527,10218,1222,1234,-12,130,54.6,75.4
2025,QB,WR,QB_vs_WR,Mac Jones,Malachi Corley,7527,11617,1222,1221,1,130,16.8,113.2
2025,QB,WR,QB_vs_WR,Mac Jones,Noah Brown,7527,4234,1222,1159,63,130,8.3,121.7
2025,QB,WR,QB_vs_WR,Mac Jones,Greg Dortch,7527,5970,1222,1128,94,130,46.1,83.9
2025,QB,WR,QB_vs_WR,Mac Jones,Jonathan Mingo,7527,10225,1222,1108,114,130,2.5,127.5
2025,QB,WR,QB_vs_WR,Mac Jones,Josh Reynolds,7527,4171,1222,1056,166,130,12.1,117.9
2025,QB,WR,QB_vs_WR,Kenny Pickett,Jahan Dotson,8160,8119,1155,1311,-156,8.7,28.2,-19.5
2025,QB,WR,QB_vs_WR,Kenny Pickett,Tyquan Thornton,8160,8188,1155,1294,-139,8.7,61.8,-53.1
2025,QB,WR,QB_vs_WR,Kenny Pickett,Devontez Walker,8160,11629,1155,1252,-97,8.7,21,-12.3
2025,QB,WR,QB_vs_WR,Kenny Pickett,Nick Westbrook-Ikhine,8160,7496,1155,1242,-87,8.7,8.9,-0.2
2025,QB,WR,QB_vs_WR,Kenny Pickett,Curtis Samuel,8160,4082,1155,1238,-83,8.7,14.1,-5.4
2025,QB,WR,QB_vs_WR,Kenny Pickett,Xavier Hutchinson,8160,10218,1155,1234,-79,8.7,54.6,-45.9
2025,QB,WR,QB_vs_WR,Kenny Pickett,Malachi Corley,8160,11617,1155,1221,-66,8.7,16.8,-8.1
2025,QB,WR,QB_vs_WR,Kenny Pickett,Noah Brown,8160,4234,1155,1159,-4,8.7,8.3,0.4
2025,QB,WR,QB_vs_WR,Kenny Pickett,Greg Dortch,8160,5970,1155,1128,27,8.7,46.1,-37.4
2025,QB,WR,QB_vs_WR,Kenny Pickett,Jonathan Mingo,8160,10225,1155,1108,47,8.7,2.5,6.2
2025,QB,WR,QB_vs_WR,Kenny Pickett,Josh Reynolds,8160,4171,1155,1056,99,8.7,12.1,-3.4
2025,QB,WR,QB_vs_WR,Kenny Pickett,Kendrick Bourne,8160,4454,1155,1017,138,8.7,55.1,-46.4
2025,QB,WR,QB_vs_WR,Kenny Pickett,KaVontae Turpin,8160,8917,1155,997,158,8.7,57.8,-49.1
2025,QB,WR,QB_vs_WR,Kenny Pickett,Olamide Zaccheaus,8160,6271,1155,995,160,8.7,45.8,-37.1
2025,QB,WR,QB_vs_WR,Kenny Pickett,Jake Bobo,8160,10867,1155,990,165,8.7,2,6.7
2025,QB,WR,QB_vs_WR,Kenny Pickett,Tyler Johnson,8160,6960,1155,978,177,8.7,25.7,-17
2025,QB,WR,QB_vs_WR,Trey Lance,Jahan Dotson,7610,8119,1141,1311,-170,5.2,28.2,-23
2025,QB,WR,QB_vs_WR,Trey Lance,Tyquan Thornton,7610,8188,1141,1294,-153,5.2,61.8,-56.6
2025,QB,WR,QB_vs_WR,Trey Lance,Devontez Walker,7610,11629,1141,1252,-111,5.2,21,-15.8
2025,QB,WR,QB_vs_WR,Trey Lance,Nick Westbrook-Ikhine,7610,7496,1141,1242,-101,5.2,8.9,-3.7
2025,QB,WR,QB_vs_WR,Trey Lance,Curtis Samuel,7610,4082,1141,1238,-97,5.2,14.1,-8.9
2025,QB,WR,QB_vs_WR,Trey Lance,Xavier Hutchinson,7610,10218,1141,1234,-93,5.2,54.6,-49.4
2025,QB,WR,QB_vs_WR,Trey Lance,Malachi Corley,7610,11617,1141,1221,-80,5.2,16.8,-11.6
2025,QB,WR,QB_vs_WR,Trey Lance,Noah Brown,7610,4234,1141,1159,-18,5.2,8.3,-3.1
2025,QB,WR,QB_vs_WR,Trey Lance,Greg Dortch,7610,5970,1141,1128,13,5.2,46.1,-40.9
2025,QB,WR,QB_vs_WR,Trey Lance,Jonathan Mingo,7610,10225,1141,1108,33,5.2,2.5,2.7
2025,QB,WR,QB_vs_WR,Trey Lance,Josh Reynolds,7610,4171,1141,1056,85,5.2,12.1,-6.9
2025,QB,WR,QB_vs_WR,Trey Lance,Kendrick Bourne,7610,4454,1141,1017,124,5.2,55.1,-49.9
2025,QB,WR,QB_vs_WR,Trey Lance,KaVontae Turpin,7610,8917,1141,997,144,5.2,57.8,-52.6
2025,QB,WR,QB_vs_WR,Trey Lance,Olamide Zaccheaus,7610,6271,1141,995,146,5.2,45.8,-40.6
2025,QB,WR,QB_vs_WR,Trey Lance,Jake Bobo,7610,10867,1141,990,151,5.2,2,3.2
2025,QB,WR,QB_vs_WR,Trey Lance,Tyler Johnson,7610,6960,1141,978,163,5.2,25.7,-20.5
2025,QB,WR,QB_vs_WR,Trey Lance,Demarcus Robinson,7610,3286,1141,950,191,5.2,33.8,-28.6
2025,QB,WR,QB_vs_WR,Trey Lance,Brandin Cooks,7610,2197,1141,949,192,5.2,27.9,-22.7
2025,QB,WR,QB_vs_WR,Zach Wilson,Noah Brown,7538,4234,975,1159,-184,1.4,8.3,-6.9
2025,QB,WR,QB_vs_WR,Zach Wilson,Greg Dortch,7538,5970,975,1128,-153,1.4,46.1,-44.7
2025,QB,WR,QB_vs_WR,Zach Wilson,Jonathan Mingo,7538,10225,975,1108,-133,1.4,2.5,-1.1
2025,QB,WR,QB_vs_WR,Zach Wilson,Josh Reynolds,7538,4171,975,1056,-81,1.4,12.1,-10.7
2025,QB,WR,QB_vs_WR,Zach Wilson,Kendrick Bourne,7538,4454,975,1017,-42,1.4,55.1,-53.7
2025,QB,WR,QB_vs_WR,Zach Wilson,KaVontae Turpin,7538,8917,975,997,-22,1.4,57.8,-56.4
2025,QB,WR,QB_vs_WR,Zach Wilson,Olamide Zaccheaus,7538,6271,975,995,-20,1.4,45.8,-44.4
2025,QB,WR,QB_vs_WR,Zach Wilson,Jake Bobo,7538,10867,975,990,-15,1.4,2,-0.6
2025,QB,WR,QB_vs_WR,Zach Wilson,Tyler Johnson,7538,6960,975,978,-3,1.4,25.7,-24.3
2025,QB,WR,QB_vs_WR,Zach Wilson,Demarcus Robinson,7538,3286,975,950,25,1.4,33.8,-32.4
2025,QB,WR,QB_vs_WR,Zach Wilson,Brandin Cooks,7538,2197,975,949,26,1.4,27.9,-26.5
2025,QB,WR,QB_vs_WR,Zach Wilson,JuJu Smith-Schuster,7538,4040,975,928,47,1.4,39.2,-37.8
2025,QB,TE,QB_vs_TE,Jordan Love,Tyler Warren,6804,12518,5786,5734,52,235.1,145.4,89.7
2025,QB,TE,QB_vs_TE,Brock Purdy,Sam LaPorta,8183,10859,5515,5490,25,172.2,86.9,85.3
2025,QB,TE,QB_vs_TE,J.J. McCarthy,Sam LaPorta,11565,10859,5429,5490,-61,117.4,86.9,30.5
2025,QB,TE,QB_vs_TE,Baker Mayfield,Sam LaPorta,4892,10859,5371,5490,-119,258.7,86.9,171.8
2025,QB,TE,QB_vs_TE,Kyler Murray,Colston Loveland,5849,12517,5054,5134,-80,77.8,116,-38.2
2025,QB,TE,QB_vs_TE,Kyler Murray,George Kittle,5849,4217,5054,5043,11,77.8,127.6,-49.8
2025,QB,TE,QB_vs_TE,Trevor Lawrence,Colston Loveland,7523,12517,5045,5134,-89,314.9,116,198.9
2025,QB,TE,QB_vs_TE,Trevor Lawrence,George Kittle,7523,4217,5045,5043,2,314.9,127.6,187.3
2025,QB,TE,QB_vs_TE,Michael Penix Jr.,Colston Loveland,11559,12517,4977,5134,-157,120.3,116,4.3
2025,QB,TE,QB_vs_TE,Michael Penix Jr.,George Kittle,11559,4217,4977,5043,-66,120.3,127.6,-7.3
2025,QB,TE,QB_vs_TE,Tua Tagovailoa,David Njoku,6768,4033,3641,3621,20,160.7,69.8,90.9
2025,QB,TE,QB_vs_TE,Tua Tagovailoa,Dalton Kincaid,6768,10236,3641,3547,94,160.7,100.3,60.4
2025,QB,TE,QB_vs_TE,Tua Tagovailoa,Isaiah Likely,6768,8131,3641,3534,107,160.7,44,116.7
2025,QB,TE,QB_vs_TE,Tua Tagovailoa,Mark Andrews,6768,5012,3641,3531,110,160.7,104.6,56.1
2025,QB,TE,QB_vs_TE,Tua Tagovailoa,Kyle Pitts,6768,7553,3641,3504,137,160.7,158,2.7
2025,QB,TE,QB_vs_TE,Justin Fields,David Njoku,7591,4033,3634,3621,13,142.7,69.8,72.9
2025,QB,TE,QB_vs_TE,Justin Fields,Dalton Kincaid,7591,10236,3634,3547,87,142.7,100.3,42.4
2025,QB,TE,QB_vs_TE,Justin Fields,Isaiah Likely,7591,8131,3634,3534,100,142.7,44,98.7
2025,QB,TE,QB_vs_TE,Justin Fields,Mark Andrews,7591,5012,3634,3531,103,142.7,104.6,38.1
2025,QB,TE,QB_vs_TE,Justin Fields,Kyle Pitts,7591,7553,3634,3504,130,142.7,158,-15.3
2025,QB,TE,QB_vs_TE,Sam Darnold,Dalton Kincaid,4943,10236,3397,3547,-150,226.6,100.3,126.3
2025,QB,TE,QB_vs_TE,Sam Darnold,Isaiah Likely,4943,8131,3397,3534,-137,226.6,44,182.6
2025,QB,TE,QB_vs_TE,Sam Darnold,Mark Andrews,4943,5012,3397,3531,-134,226.6,104.6,122
2025,QB,TE,QB_vs_TE,Sam Darnold,Kyle Pitts,4943,7553,3397,3504,-107,226.6,158,68.6
2025,QB,TE,QB_vs_TE,Sam Darnold,Evan Engram,4943,4066,3397,3398,-1,226.6,71.8,154.8
2025,QB,TE,QB_vs_TE,Sam Darnold,Jake Ferguson,4943,8110,3397,3386,11,226.6,146.1,80.5
2025,QB,TE,QB_vs_TE,Sam Darnold,Mason Taylor,4943,12498,3397,3379,18,226.6,66.9,159.7
2025,QB,TE,QB_vs_TE,Sam Darnold,Elijah Arroyo,4943,12521,3397,3309,88,226.6,29.4,197.2
2025,QB,TE,QB_vs_TE,Sam Darnold,Travis Kelce,4943,1466,3397,3232,165,226.6,152.5,74.1
2025,QB,TE,QB_vs_TE,Sam Darnold,Brenton Strange,4943,9480,3397,3223,174,226.6,80.8,145.8
2025,QB,TE,QB_vs_TE,Geno Smith,Travis Kelce,1373,1466,3106,3232,-126,173.9,152.5,21.4
2025,QB,TE,QB_vs_TE,Geno Smith,Brenton Strange,1373,9480,3106,3223,-117,173.9,80.8,93.1
2025,QB,TE,QB_vs_TE,Geno Smith,Terrance Ferguson,1373,12487,3106,3031,75,173.9,46.6,127.3
2025,QB,TE,QB_vs_TE,Geno Smith,Harold Fannin,1373,12506,3106,2922,184,173.9,150.4,23.5
2025,QB,TE,QB_vs_TE,Matthew Stafford,Terrance Ferguson,421,12487,2836,3031,-195,323.7,46.6,277.1
2025,QB,TE,QB_vs_TE,Matthew Stafford,Harold Fannin,421,12506,2836,2922,-86,323.7,150.4,173.3
2025,QB,TE,QB_vs_TE,Matthew Stafford,Cade Otton,421,8111,2836,2843,-7,323.7,73.8,249.9
2025,QB,TE,QB_vs_TE,Matthew Stafford,Dallas Goedert,421,5022,2836,2816,20,323.7,155.1,168.6
2025,QB,TE,QB_vs_TE,Matthew Stafford,Ja'Tavion Sanders,421,11600,2836,2701,135,323.7,39.5,284.2
2025,QB,TE,QB_vs_TE,Matthew Stafford,Ben Sinnott,421,11596,2836,2686,150,323.7,21.6,302.1
2025,QB,TE,QB_vs_TE,Daniel Jones,Cade Otton,5870,8111,2655,2843,-188,226.4,73.8,152.6
2025,QB,TE,QB_vs_TE,Daniel Jones,Dallas Goedert,5870,5022,2655,2816,-161,226.4,155.1,71.3
2025,QB,TE,QB_vs_TE,Daniel Jones,Ja'Tavion Sanders,5870,11600,2655,2701,-46,226.4,39.5,186.9
2025,QB,TE,QB_vs_TE,Daniel Jones,Ben Sinnott,5870,11596,2655,2686,-31,226.4,21.6,204.8
2025,QB,TE,QB_vs_TE,Daniel Jones,Chigoziem Okonkwo,5870,8210,2655,2630,25,226.4,94.8,131.6
2025,QB,TE,QB_vs_TE,Daniel Jones,Pat Freiermuth,5870,7600,2655,2630,25,226.4,86.5,139.9
2025,QB,TE,QB_vs_TE,Daniel Jones,Theo Johnson,5870,11597,2655,2493,162,226.4,105.3,121.1
2025,QB,TE,QB_vs_TE,Anthony Richardson,Ja'Tavion Sanders,9229,11600,2575,2701,-126,1.2,39.5,-38.3
2025,QB,TE,QB_vs_TE,Anthony Richardson,Ben Sinnott,9229,11596,2575,2686,-111,1.2,21.6,-20.4
2025,QB,TE,QB_vs_TE,Anthony Richardson,Chigoziem Okonkwo,9229,8210,2575,2630,-55,1.2,94.8,-93.6
2025,QB,TE,QB_vs_TE,Anthony Richardson,Pat Freiermuth,9229,7600,2575,2630,-55,1.2,86.5,-85.3
2025,QB,TE,QB_vs_TE,Anthony Richardson,Theo Johnson,9229,11597,2575,2493,82,1.2,105.3,-104.1
2025,QB,TE,QB_vs_TE,Anthony Richardson,Jonnu Smith,9229,4144,2575,2439,136,1.2,65.3,-64.1
2025,QB,TE,QB_vs_TE,Anthony Richardson,Cole Kmet,9229,6826,2575,2383,192,1.2,59.1,-57.9
2025,QB,TE,QB_vs_TE,Russell Wilson,Mike Gesicki,1234,4993,2001,2153,-152,49.8,54.4,-4.6
2025,QB,TE,QB_vs_TE,Russell Wilson,Luke Musgrave,1234,9481,2001,2143,-142,49.8,37.2,12.6
2025,QB,TE,QB_vs_TE,Russell Wilson,Noah Gray,1234,7828,2001,2130,-129,49.8,23.8,26
2025,QB,TE,QB_vs_TE,Russell Wilson,Gunnar Helm,1234,12502,2001,2091,-90,49.8,69.7,-19.9
2025,QB,TE,QB_vs_TE,Russell Wilson,AJ Barner,1234,11603,2001,1996,5,49.8,118.9,-69.1
2025,QB,TE,QB_vs_TE,Russell Wilson,Dawson Knox,1234,5906,2001,1922,79,49.8,76.3,-26.5
2025,QB,TE,QB_vs_TE,Russell Wilson,Juwan Johnson,1234,7002,2001,1915,86,49.8,135.8,-86
2025,QB,TE,QB_vs_TE,Spencer Rattler,Gunnar Helm,11562,12502,1915,2091,-176,98.1,69.7,28.4
2025,QB,TE,QB_vs_TE,Spencer Rattler,AJ Barner,11562,11603,1915,1996,-81,98.1,118.9,-20.8
2025,QB,TE,QB_vs_TE,Spencer Rattler,Dawson Knox,11562,5906,1915,1922,-7,98.1,76.3,21.8
2025,QB,TE,QB_vs_TE,Spencer Rattler,Juwan Johnson,11562,7002,1915,1915,0,98.1,135.8,-37.7
2025,QB,TE,QB_vs_TE,Spencer Rattler,Noah Fant,11562,5857,1915,1800,115,98.1,58.8,39.3
2025,QB,TE,QB_vs_TE,Aaron Rodgers,Gunnar Helm,96,12502,1899,2091,-192,208.3,69.7,138.6
2025,QB,TE,QB_vs_TE,Aaron Rodgers,AJ Barner,96,11603,1899,1996,-97,208.3,118.9,89.4
2025,QB,TE,QB_vs_TE,Aaron Rodgers,Dawson Knox,96,5906,1899,1922,-23,208.3,76.3,132
2025,QB,TE,QB_vs_TE,Aaron Rodgers,Juwan Johnson,96,7002,1899,1915,-16,208.3,135.8,72.5
2025,QB,TE,QB_vs_TE,Aaron Rodgers,Noah Fant,96,5857,1899,1800,99,208.3,58.8,149.5
2025,QB,TE,QB_vs_TE,Joe Milton,AJ Barner,11557,11603,1885,1996,-111,5.1,118.9,-113.8
2025,QB,TE,QB_vs_TE,Joe Milton,Dawson Knox,11557,5906,1885,1922,-37,5.1,76.3,-71.2
2025,QB,TE,QB_vs_TE,Joe Milton,Juwan Johnson,11557,7002,1885,1915,-30,5.1,135.8,-130.7
2025,QB,TE,QB_vs_TE,Joe Milton,Noah Fant,11557,5857,1885,1800,85,5.1,58.8,-53.7
2025,QB,TE,QB_vs_TE,Joe Flacco,Luke Schoonmaker,19,10871,1567,1667,-100,146.5,18.5,128
2025,QB,TE,QB_vs_TE,Joe Flacco,Darren Waller,19,2505,1567,1666,-99,146.5,76.7,69.8
2025,QB,TE,QB_vs_TE,Joe Flacco,Cade Stover,19,11599,1567,1634,-67,146.5,12.5,134
2025,QB,TE,QB_vs_TE,Joe Flacco,Darnell Washington,19,9479,1567,1610,-43,146.5,57.9,88.6
2025,QB,TE,QB_vs_TE,Joe Flacco,Tyler Higbee,19,3271,1567,1567,0,146.5,41,105.5
2025,QB,TE,QB_vs_TE,Joe Flacco,Daniel Bellinger,19,8225,1567,1480,87,146.5,39.3,107.2
2025,QB,TE,QB_vs_TE,Joe Flacco,Tyler Conklin,19,5133,1567,1450,117,146.5,12.7,133.8
2025,QB,TE,QB_vs_TE,Joe Flacco,Colby Parkinson,19,6865,1567,1428,139,146.5,90.7,55.8
2025,QB,TE,QB_vs_TE,Joe Flacco,Elijah Higgins,19,10231,1567,1409,158,146.5,38.8,107.7
2025,QB,TE,QB_vs_TE,Joe Flacco,Tommy Tremble,19,7694,1567,1409,158,146.5,39.1,107.4
2025,QB,TE,QB_vs_TE,Joe Flacco,Jared Wiley,19,11595,1567,1402,165,146.5,0.9,145.6
2025,QB,TE,QB_vs_TE,Malik Willis,Darnell Washington,8161,9479,1417,1610,-193,51.2,57.9,-6.7
2025,QB,TE,QB_vs_TE,Malik Willis,Tyler Higbee,8161,3271,1417,1567,-150,51.2,41,10.2
2025,QB,TE,QB_vs_TE,Malik Willis,Daniel Bellinger,8161,8225,1417,1480,-63,51.2,39.3,11.9
2025,QB,TE,QB_vs_TE,Malik Willis,Tyler Conklin,8161,5133,1417,1450,-33,51.2,12.7,38.5
2025,QB,TE,QB_vs_TE,Malik Willis,Colby Parkinson,8161,6865,1417,1428,-11,51.2,90.7,-39.5
2025,QB,TE,QB_vs_TE,Malik Willis,Elijah Higgins,8161,10231,1417,1409,8,51.2,38.8,12.4
2025,QB,TE,QB_vs_TE,Malik Willis,Tommy Tremble,8161,7694,1417,1409,8,51.2,39.1,12.1
2025,QB,TE,QB_vs_TE,Malik Willis,Jared Wiley,8161,11595,1417,1402,15,51.2,0.9,50.3
2025,QB,TE,QB_vs_TE,Malik Willis,Greg Dulcich,8161,8172,1417,1321,96,51.2,45.2,6
2025,QB,TE,QB_vs_TE,Kirk Cousins,Daniel Bellinger,1166,8225,1354,1480,-126,94.3,39.3,55
2025,QB,TE,QB_vs_TE,Kirk Cousins,Tyler Conklin,1166,5133,1354,1450,-96,94.3,12.7,81.6
2025,QB,TE,QB_vs_TE,Kirk Cousins,Colby Parkinson,1166,6865,1354,1428,-74,94.3,90.7,3.6
2025,QB,TE,QB_vs_TE,Kirk Cousins,Elijah Higgins,1166,10231,1354,1409,-55,94.3,38.8,55.5
2025,QB,TE,QB_vs_TE,Kirk Cousins,Tommy Tremble,1166,7694,1354,1409,-55,94.3,39.1,55.2
2025,QB,TE,QB_vs_TE,Kirk Cousins,Jared Wiley,1166,11595,1354,1402,-48,94.3,0.9,93.4
2025,QB,TE,QB_vs_TE,Kirk Cousins,Greg Dulcich,1166,8172,1354,1321,33,94.3,45.2,49.1
2025,QB,TE,QB_vs_TE,Kirk Cousins,Davis Allen,1166,10214,1354,1156,198,94.3,50.8,43.5
2025,QB,TE,QB_vs_TE,Jameis Winston,Daniel Bellinger,2306,8225,1353,1480,-127,42.3,39.3,3
2025,QB,TE,QB_vs_TE,Jameis Winston,Tyler Conklin,2306,5133,1353,1450,-97,42.3,12.7,29.6
2025,QB,TE,QB_vs_TE,Jameis Winston,Colby Parkinson,2306,6865,1353,1428,-75,42.3,90.7,-48.4
2025,QB,TE,QB_vs_TE,Jameis Winston,Elijah Higgins,2306,10231,1353,1409,-56,42.3,38.8,3.5
2025,QB,TE,QB_vs_TE,Jameis Winston,Tommy Tremble,2306,7694,1353,1409,-56,42.3,39.1,3.2
2025,QB,TE,QB_vs_TE,Jameis Winston,Jared Wiley,2306,11595,1353,1402,-49,42.3,0.9,41.4
2025,QB,TE,QB_vs_TE,Jameis Winston,Greg Dulcich,2306,8172,1353,1321,32,42.3,45.2,-2.9
2025,QB,TE,QB_vs_TE,Jameis Winston,Davis Allen,2306,10214,1353,1156,197,42.3,50.8,-8.5
2025,QB,TE,QB_vs_TE,Mac Jones,Elijah Higgins,7527,10231,1222,1409,-187,130,38.8,91.2
2025,QB,TE,QB_vs_TE,Mac Jones,Tommy Tremble,7527,7694,1222,1409,-187,130,39.1,90.9
2025,QB,TE,QB_vs_TE,Mac Jones,Jared Wiley,7527,11595,1222,1402,-180,130,0.9,129.1
2025,QB,TE,QB_vs_TE,Mac Jones,Greg Dulcich,7527,8172,1222,1321,-99,130,45.2,84.8
2025,QB,TE,QB_vs_TE,Mac Jones,Davis Allen,7527,10214,1222,1156,66,130,50.8,79.2
2025,QB,TE,QB_vs_TE,Mac Jones,Grant Calcaterra,7527,8177,1222,1151,71,130,9,121
2025,QB,TE,QB_vs_TE,Mac Jones,Will Dissly,7527,5010,1222,1123,99,130,14.1,115.9
2025,QB,TE,QB_vs_TE,Mac Jones,Jeremy Ruckert,7527,8145,1222,1092,130,130,35.4,94.6
2025,QB,TE,QB_vs_TE,Mac Jones,Brock Wright,7527,7891,1222,1060,162,130,29.8,100.2
2025,QB,TE,QB_vs_TE,Kenny Pickett,Greg Dulcich,8160,8172,1155,1321,-166,8.7,45.2,-36.5
2025,QB,TE,QB_vs_TE,Kenny Pickett,Davis Allen,8160,10214,1155,1156,-1,8.7,50.8,-42.1
2025,QB,TE,QB_vs_TE,Kenny Pickett,Grant Calcaterra,8160,8177,1155,1151,4,8.7,9,-0.3
2025,QB,TE,QB_vs_TE,Kenny Pickett,Will Dissly,8160,5010,1155,1123,32,8.7,14.1,-5.4
2025,QB,TE,QB_vs_TE,Kenny Pickett,Jeremy Ruckert,8160,8145,1155,1092,63,8.7,35.4,-26.7
2025,QB,TE,QB_vs_TE,Kenny Pickett,Brock Wright,8160,7891,1155,1060,95,8.7,29.8,-21.1
2025,QB,TE,QB_vs_TE,Trey Lance,Greg Dulcich,7610,8172,1141,1321,-180,5.2,45.2,-40
2025,QB,TE,QB_vs_TE,Trey Lance,Davis Allen,7610,10214,1141,1156,-15,5.2,50.8,-45.6
2025,QB,TE,QB_vs_TE,Trey Lance,Grant Calcaterra,7610,8177,1141,1151,-10,5.2,9,-3.8
2025,QB,TE,QB_vs_TE,Trey Lance,Will Dissly,7610,5010,1141,1123,18,5.2,14.1,-8.9
2025,QB,TE,QB_vs_TE,Trey Lance,Jeremy Ruckert,7610,8145,1141,1092,49,5.2,35.4,-30.2
2025,QB,TE,QB_vs_TE,Trey Lance,Brock Wright,7610,7891,1141,1060,81,5.2,29.8,-24.6
2025,QB,TE,QB_vs_TE,Trey Lance,Taysom Hill,7610,4381,1141,944,197,5.2,31.6,-26.4
2025,QB,TE,QB_vs_TE,Trey Lance,Harrison Bryant,7610,6850,1141,942,199,5.2,1.7,3.5
2025,QB,TE,QB_vs_TE,Zach Wilson,Davis Allen,7538,10214,975,1156,-181,1.4,50.8,-49.4
2025,QB,TE,QB_vs_TE,Zach Wilson,Grant Calcaterra,7538,8177,975,1151,-176,1.4,9,-7.6
2025,QB,TE,QB_vs_TE,Zach Wilson,Will Dissly,7538,5010,975,1123,-148,1.4,14.1,-12.7
2025,QB,TE,QB_vs_TE,Zach Wilson,Jeremy Ruckert,7538,8145,975,1092,-117,1.4,35.4,-34
2025,QB,TE,QB_vs_TE,Zach Wilson,Brock Wright,7538,7891,975,1060,-85,1.4,29.8,-28.4
2025,QB,TE,QB_vs_TE,Zach Wilson,Taysom Hill,7538,4381,975,944,31,1.4,31.6,-30.2
2025,QB,TE,QB_vs_TE,Zach Wilson,Harrison Bryant,7538,6850,975,942,33,1.4,1.7,-0.3
2025,RB,WR,RB_vs_WR,Bijan Robinson,Justin Jefferson,9509,6794,8997,9072,-75,287.5,107.1,180.4
2025,RB,WR,RB_vs_WR,Jahmyr Gibbs,Malik Nabers,9221,11632,8736,8671,65,272.6,39.1,233.5
2025,RB,WR,RB_vs_WR,Saquon Barkley,Jaxon Smith-Njigba,4866,9488,6422,6397,25,195.3,232.5,-37.2
2025,RB,WR,RB_vs_WR,Saquon Barkley,Ladd McConkey,4866,11635,6422,6391,31,195.3,114.9,80.4
2025,RB,WR,RB_vs_WR,Saquon Barkley,Marvin Harrison Jr.,4866,11628,6422,6278,144,195.3,86.8,108.5
2025,RB,WR,RB_vs_WR,De'Von Achane,Jaxon Smith-Njigba,9226,9488,6247,6397,-150,255.8,232.5,23.3
2025,RB,WR,RB_vs_WR,De'Von Achane,Ladd McConkey,9226,11635,6247,6391,-144,255.8,114.9,140.9
2025,RB,WR,RB_vs_WR,De'Von Achane,Marvin Harrison Jr.,9226,11628,6247,6278,-31,255.8,86.8,169
2025,RB,WR,RB_vs_WR,Bucky Irving,Marvin Harrison Jr.,11584,11628,6088,6278,-190,98.7,86.8,11.9
2025,RB,WR,RB_vs_WR,Chase Brown,Tee Higgins,9224,6801,5526,5459,67,198.6,139.9,58.7
2025,RB,WR,RB_vs_WR,Jonathan Taylor,Tee Higgins,6813,6801,5451,5459,-8,312.4,139.9,172.5
2025,RB,WR,RB_vs_WR,Kyren Williams,Tee Higgins,8150,6801,5397,5459,-62,219.2,139.9,79.3
2025,RB,WR,RB_vs_WR,Christian McCaffrey,Rome Odunze,4034,11620,5071,5078,-7,308.9,102.1,206.8
2025,RB,WR,RB_vs_WR,Christian McCaffrey,Rashee Rice,4034,10229,5071,5069,2,308.9,97.1,211.8
2025,RB,WR,RB_vs_WR,Christian McCaffrey,Jameson Williams,4034,8148,5071,4988,83,308.9,147.5,161.4
2025,RB,WR,RB_vs_WR,Christian McCaffrey,DeVonta Smith,4034,7525,5071,4971,100,308.9,119.6,189.3
2025,RB,WR,RB_vs_WR,James Cook,Rome Odunze,8138,11620,5020,5078,-58,267.7,102.1,165.6
2025,RB,WR,RB_vs_WR,James Cook,Rashee Rice,8138,10229,5020,5069,-49,267.7,97.1,170.6
2025,RB,WR,RB_vs_WR,James Cook,Jameson Williams,8138,8148,5020,4988,32,267.7,147.5,120.2
2025,RB,WR,RB_vs_WR,James Cook,DeVonta Smith,8138,7525,5020,4971,49,267.7,119.6,148.1
2025,RB,WR,RB_vs_WR,Josh Jacobs,Rome Odunze,5850,11620,4992,5078,-86,201.1,102.1,99
2025,RB,WR,RB_vs_WR,Josh Jacobs,Rashee Rice,5850,10229,4992,5069,-77,201.1,97.1,104
2025,RB,WR,RB_vs_WR,Josh Jacobs,Jameson Williams,5850,8148,4992,4988,4,201.1,147.5,53.6
2025,RB,WR,RB_vs_WR,Josh Jacobs,DeVonta Smith,5850,7525,4992,4971,21,201.1,119.6,81.5
2025,RB,WR,RB_vs_WR,Breece Hall,Rome Odunze,8155,11620,4944,5078,-134,171.7,102.1,69.6
2025,RB,WR,RB_vs_WR,Breece Hall,Rashee Rice,8155,10229,4944,5069,-125,171.7,97.1,74.6
2025,RB,WR,RB_vs_WR,Breece Hall,Jameson Williams,8155,8148,4944,4988,-44,171.7,147.5,24.2
2025,RB,WR,RB_vs_WR,Breece Hall,DeVonta Smith,8155,7525,4944,4971,-27,171.7,119.6,52.1
2025,RB,WR,RB_vs_WR,Kenneth Walker III,Jameson Williams,8151,8148,4845,4988,-143,147.6,147.5,0.1
2025,RB,WR,RB_vs_WR,Kenneth Walker III,DeVonta Smith,8151,7525,4845,4971,-126,147.6,119.6,28
2025,RB,WR,RB_vs_WR,Kenneth Walker III,Xavier Worthy,8151,11624,4845,4694,151,147.6,67.9,79.7
2025,RB,WR,RB_vs_WR,Derrick Henry,Jameson Williams,3198,8148,4799,4988,-189,251.9,147.5,104.4
2025,RB,WR,RB_vs_WR,Derrick Henry,DeVonta Smith,3198,7525,4799,4971,-172,251.9,119.6,132.3
2025,RB,WR,RB_vs_WR,Derrick Henry,Xavier Worthy,3198,11624,4799,4694,105,251.9,67.9,184
2025,RB,WR,RB_vs_WR,Derrick Henry,George Pickens,3198,8137,4799,4605,194,251.9,198,53.9
2025,RB,WR,RB_vs_WR,Chuba Hubbard,Zay Flowers,7594,9997,4250,4384,-134,93.7,131.5,-37.8
2025,RB,WR,RB_vs_WR,Chuba Hubbard,D.J. Moore,7594,4983,4250,4254,-4,93.7,119.1,-25.4
2025,RB,WR,RB_vs_WR,Chuba Hubbard,Chris Olave,7594,8144,4250,4116,134,93.7,168,-74.3
2025,RB,WR,RB_vs_WR,Chuba Hubbard,Courtland Sutton,7594,5045,4250,4112,138,93.7,145.2,-51.5
2025,RB,WR,RB_vs_WR,Alvin Kamara,Mike Evans,4035,2216,3713,3772,-59,67.7,51.4,16.3
2025,RB,WR,RB_vs_WR,Alvin Kamara,Jerry Jeudy,4035,6783,3713,3735,-22,67.7,68.5,-0.8
2025,RB,WR,RB_vs_WR,Alvin Kamara,Tyreek Hill,4035,3321,3713,3684,29,67.7,32.5,35.2
2025,RB,WR,RB_vs_WR,Alvin Kamara,Josh Downs,4035,9500,3713,3618,95,67.7,72.8,-5.1
2025,RB,WR,RB_vs_WR,Zach Charbonnet,Jerry Jeudy,9753,6783,3557,3735,-178,145.7,68.5,77.2
2025,RB,WR,RB_vs_WR,Zach Charbonnet,Tyreek Hill,9753,3321,3557,3684,-127,145.7,32.5,113.2
2025,RB,WR,RB_vs_WR,Zach Charbonnet,Josh Downs,9753,9500,3557,3618,-61,145.7,72.8,72.9
2025,RB,WR,RB_vs_WR,Zach Charbonnet,Davante Adams,9753,2133,3557,3493,64,145.7,162.9,-17.2
2025,RB,WR,RB_vs_WR,Zach Charbonnet,Keon Coleman,9753,11637,3557,3447,110,145.7,57.5,88.2
2025,RB,WR,RB_vs_WR,Zach Charbonnet,Calvin Ridley,9753,4981,3557,3384,173,145.7,30.3,115.4
2025,RB,WR,RB_vs_WR,Zach Charbonnet,Jayden Reed,9753,10222,3557,3360,197,145.7,29.5,116.2
2025,RB,WR,RB_vs_WR,David Montgomery,Josh Downs,5892,9500,3448,3618,-170,137.4,72.8,64.6
2025,RB,WR,RB_vs_WR,David Montgomery,Davante Adams,5892,2133,3448,3493,-45,137.4,162.9,-25.5
2025,RB,WR,RB_vs_WR,David Montgomery,Keon Coleman,5892,11637,3448,3447,1,137.4,57.5,79.9
2025,RB,WR,RB_vs_WR,David Montgomery,Calvin Ridley,5892,4981,3448,3384,64,137.4,30.3,107.1
2025,RB,WR,RB_vs_WR,David Montgomery,Jayden Reed,5892,10222,3448,3360,88,137.4,29.5,107.9
2025,RB,WR,RB_vs_WR,David Montgomery,Khalil Shakir,5892,8134,3448,3273,175,137.4,94.4,43
2025,RB,WR,RB_vs_WR,Isiah Pacheco,Davante Adams,8205,2133,3390,3493,-103,68.3,162.9,-94.6
2025,RB,WR,RB_vs_WR,Isiah Pacheco,Keon Coleman,8205,11637,3390,3447,-57,68.3,57.5,10.8
2025,RB,WR,RB_vs_WR,Isiah Pacheco,Calvin Ridley,8205,4981,3390,3384,6,68.3,30.3,38
2025,RB,WR,RB_vs_WR,Isiah Pacheco,Jayden Reed,8205,10222,3390,3360,30,68.3,29.5,38.8
2025,RB,WR,RB_vs_WR,Isiah Pacheco,Khalil Shakir,8205,8134,3390,3273,117,68.3,94.4,-26.1
2025,RB,WR,RB_vs_WR,Isiah Pacheco,Jakobi Meyers,8205,5947,3390,3195,195,68.3,96.4,-28.1
2025,RB,WR,RB_vs_WR,James Conner,Davante Adams,4137,2133,3365,3493,-128,25.3,162.9,-137.6
2025,RB,WR,RB_vs_WR,James Conner,Keon Coleman,4137,11637,3365,3447,-82,25.3,57.5,-32.2
2025,RB,WR,RB_vs_WR,James Conner,Calvin Ridley,4137,4981,3365,3384,-19,25.3,30.3,-5
2025,RB,WR,RB_vs_WR,James Conner,Jayden Reed,4137,10222,3365,3360,5,25.3,29.5,-4.2
2025,RB,WR,RB_vs_WR,James Conner,Khalil Shakir,4137,8134,3365,3273,92,25.3,94.4,-69.1
2025,RB,WR,RB_vs_WR,James Conner,Jakobi Meyers,4137,5947,3365,3195,170,25.3,96.4,-71.1
2025,RB,WR,RB_vs_WR,D'Andre Swift,Keon Coleman,6790,11637,3270,3447,-177,189.8,57.5,132.3
2025,RB,WR,RB_vs_WR,D'Andre Swift,Calvin Ridley,6790,4981,3270,3384,-114,189.8,30.3,159.5
2025,RB,WR,RB_vs_WR,D'Andre Swift,Jayden Reed,6790,10222,3270,3360,-90,189.8,29.5,160.3
2025,RB,WR,RB_vs_WR,D'Andre Swift,Khalil Shakir,6790,8134,3270,3273,-3,189.8,94.4,95.4
2025,RB,WR,RB_vs_WR,D'Andre Swift,Jakobi Meyers,6790,5947,3270,3195,75,189.8,96.4,93.4
2025,RB,WR,RB_vs_WR,D'Andre Swift,Chris Godwin,6790,4037,3270,3152,118,189.8,49.2,140.6
2025,RB,WR,RB_vs_WR,D'Andre Swift,Michael Pittman,6790,6819,3270,3108,162,189.8,121.3,68.5
2025,RB,WR,RB_vs_WR,Tony Pollard,Calvin Ridley,5967,4981,3220,3384,-164,146.3,30.3,116
2025,RB,WR,RB_vs_WR,Tony Pollard,Jayden Reed,5967,10222,3220,3360,-140,146.3,29.5,116.8
2025,RB,WR,RB_vs_WR,Tony Pollard,Khalil Shakir,5967,8134,3220,3273,-53,146.3,94.4,51.9
2025,RB,WR,RB_vs_WR,Tony Pollard,Jakobi Meyers,5967,5947,3220,3195,25,146.3,96.4,49.9
2025,RB,WR,RB_vs_WR,Tony Pollard,Chris Godwin,5967,4037,3220,3152,68,146.3,49.2,97.1
2025,RB,WR,RB_vs_WR,Tony Pollard,Michael Pittman,5967,6819,3220,3108,112,146.3,121.3,25
2025,RB,WR,RB_vs_WR,Braelon Allen,Calvin Ridley,11576,4981,3188,3384,-196,13.3,30.3,-17
2025,RB,WR,RB_vs_WR,Braelon Allen,Jayden Reed,11576,10222,3188,3360,-172,13.3,29.5,-16.2
2025,RB,WR,RB_vs_WR,Braelon Allen,Khalil Shakir,11576,8134,3188,3273,-85,13.3,94.4,-81.1
2025,RB,WR,RB_vs_WR,Braelon Allen,Jakobi Meyers,11576,5947,3188,3195,-7,13.3,96.4,-83.1
2025,RB,WR,RB_vs_WR,Braelon Allen,Chris Godwin,11576,4037,3188,3152,36,13.3,49.2,-35.9
2025,RB,WR,RB_vs_WR,Braelon Allen,Michael Pittman,11576,6819,3188,3108,80,13.3,121.3,-108
2025,RB,WR,RB_vs_WR,Jordan Mason,Khalil Shakir,8408,8134,3154,3273,-119,105.5,94.4,11.1
2025,RB,WR,RB_vs_WR,Jordan Mason,Jakobi Meyers,8408,5947,3154,3195,-41,105.5,96.4,9.1
2025,RB,WR,RB_vs_WR,Jordan Mason,Chris Godwin,8408,4037,3154,3152,2,105.5,49.2,56.3
2025,RB,WR,RB_vs_WR,Jordan Mason,Michael Pittman,8408,6819,3154,3108,46,105.5,121.3,-15.8
2025,RB,WR,RB_vs_WR,Jordan Mason,Jauan Jennings,8408,7049,3154,2979,175,105.5,114.8,-9.3
2025,RB,WR,RB_vs_WR,Jordan Mason,Deebo Samuel,8408,5872,3154,2964,190,105.5,114.1,-8.6
2025,RB,WR,RB_vs_WR,Jordan Mason,Marvin Mims,8408,9494,3154,2963,191,105.5,55,50.5
2025,RB,WR,RB_vs_WR,Trey Benson,Khalil Shakir,11589,8134,3154,3273,-119,22.4,94.4,-72
2025,RB,WR,RB_vs_WR,Trey Benson,Jakobi Meyers,11589,5947,3154,3195,-41,22.4,96.4,-74
2025,RB,WR,RB_vs_WR,Trey Benson,Chris Godwin,11589,4037,3154,3152,2,22.4,49.2,-26.8
2025,RB,WR,RB_vs_WR,Trey Benson,Michael Pittman,11589,6819,3154,3108,46,22.4,121.3,-98.9
2025,RB,WR,RB_vs_WR,Trey Benson,Jauan Jennings,11589,7049,3154,2979,175,22.4,114.8,-92.4
2025,RB,WR,RB_vs_WR,Trey Benson,Deebo Samuel,11589,5872,3154,2964,190,22.4,114.1,-91.7
2025,RB,WR,RB_vs_WR,Trey Benson,Marvin Mims,11589,9494,3154,2963,191,22.4,55,-32.6
2025,RB,WR,RB_vs_WR,Tank Bigsby,Khalil Shakir,9225,8134,3102,3273,-171,34.2,94.4,-60.2
2025,RB,WR,RB_vs_WR,Tank Bigsby,Jakobi Meyers,9225,5947,3102,3195,-93,34.2,96.4,-62.2
2025,RB,WR,RB_vs_WR,Tank Bigsby,Chris Godwin,9225,4037,3102,3152,-50,34.2,49.2,-15
2025,RB,WR,RB_vs_WR,Tank Bigsby,Michael Pittman,9225,6819,3102,3108,-6,34.2,121.3,-87.1
2025,RB,WR,RB_vs_WR,Tank Bigsby,Jauan Jennings,9225,7049,3102,2979,123,34.2,114.8,-80.6
2025,RB,WR,RB_vs_WR,Tank Bigsby,Deebo Samuel,9225,5872,3102,2964,138,34.2,114.1,-79.9
2025,RB,WR,RB_vs_WR,Tank Bigsby,Marvin Mims,9225,9494,3102,2963,139,34.2,55,-20.8
2025,RB,WR,RB_vs_WR,Tank Bigsby,Stefon Diggs,9225,2449,3102,2948,154,34.2,121,-86.8
2025,RB,WR,RB_vs_WR,Travis Etienne,Jakobi Meyers,7543,5947,3022,3195,-173,214.1,96.4,117.7
2025,RB,WR,RB_vs_WR,Travis Etienne,Chris Godwin,7543,4037,3022,3152,-130,214.1,49.2,164.9
2025,RB,WR,RB_vs_WR,Travis Etienne,Michael Pittman,7543,6819,3022,3108,-86,214.1,121.3,92.8
2025,RB,WR,RB_vs_WR,Travis Etienne,Jauan Jennings,7543,7049,3022,2979,43,214.1,114.8,99.3
2025,RB,WR,RB_vs_WR,Travis Etienne,Deebo Samuel,7543,5872,3022,2964,58,214.1,114.1,100
2025,RB,WR,RB_vs_WR,Travis Etienne,Marvin Mims,7543,9494,3022,2963,59,214.1,55,159.1
2025,RB,WR,RB_vs_WR,Travis Etienne,Stefon Diggs,7543,2449,3022,2948,74,214.1,121,93.1
2025,RB,WR,RB_vs_WR,Travis Etienne,Rashid Shaheed,7543,8676,3022,2856,166,214.1,97.4,116.7
2025,RB,WR,RB_vs_WR,Jaylen Warren,Chris Godwin,8228,4037,2988,3152,-164,167.2,49.2,118
2025,RB,WR,RB_vs_WR,Jaylen Warren,Michael Pittman,8228,6819,2988,3108,-120,167.2,121.3,45.9
2025,RB,WR,RB_vs_WR,Jaylen Warren,Jauan Jennings,8228,7049,2988,2979,9,167.2,114.8,52.4
2025,RB,WR,RB_vs_WR,Jaylen Warren,Deebo Samuel,8228,5872,2988,2964,24,167.2,114.1,53.1
2025,RB,WR,RB_vs_WR,Jaylen Warren,Marvin Mims,8228,9494,2988,2963,25,167.2,55,112.2
2025,RB,WR,RB_vs_WR,Jaylen Warren,Stefon Diggs,8228,2449,2988,2948,40,167.2,121,46.2
2025,RB,WR,RB_vs_WR,Jaylen Warren,Rashid Shaheed,8228,8676,2988,2856,132,167.2,97.4,69.8
2025,RB,WR,RB_vs_WR,Jaylen Warren,Xavier Legette,8228,11626,2988,2794,194,167.2,52.1,115.1
2025,RB,WR,RB_vs_WR,Jaylen Warren,Darnell Mooney,8228,7090,2988,2789,199,167.2,48.3,118.9
2025,RB,WR,RB_vs_WR,Aaron Jones,Chris Godwin,4199,4037,2974,3152,-178,90.7,49.2,41.5
2025,RB,WR,RB_vs_WR,Aaron Jones,Michael Pittman,4199,6819,2974,3108,-134,90.7,121.3,-30.6
2025,RB,WR,RB_vs_WR,Aaron Jones,Jauan Jennings,4199,7049,2974,2979,-5,90.7,114.8,-24.1
2025,RB,WR,RB_vs_WR,Aaron Jones,Deebo Samuel,4199,5872,2974,2964,10,90.7,114.1,-23.4
2025,RB,WR,RB_vs_WR,Aaron Jones,Marvin Mims,4199,9494,2974,2963,11,90.7,55,35.7
2025,RB,WR,RB_vs_WR,Aaron Jones,Stefon Diggs,4199,2449,2974,2948,26,90.7,121,-30.3
2025,RB,WR,RB_vs_WR,Aaron Jones,Rashid Shaheed,4199,8676,2974,2856,118,90.7,97.4,-6.7
2025,RB,WR,RB_vs_WR,Aaron Jones,Xavier Legette,4199,11626,2974,2794,180,90.7,52.1,38.6
2025,RB,WR,RB_vs_WR,Aaron Jones,Darnell Mooney,4199,7090,2974,2789,185,90.7,48.3,42.4
2025,RB,WR,RB_vs_WR,J.K. Dobbins,Jauan Jennings,6806,7049,2891,2979,-88,104.9,114.8,-9.9
2025,RB,WR,RB_vs_WR,J.K. Dobbins,Deebo Samuel,6806,5872,2891,2964,-73,104.9,114.1,-9.2
2025,RB,WR,RB_vs_WR,J.K. Dobbins,Marvin Mims,6806,9494,2891,2963,-72,104.9,55,49.9
2025,RB,WR,RB_vs_WR,J.K. Dobbins,Stefon Diggs,6806,2449,2891,2948,-57,104.9,121,-16.1
2025,RB,WR,RB_vs_WR,J.K. Dobbins,Rashid Shaheed,6806,8676,2891,2856,35,104.9,97.4,7.5
2025,RB,WR,RB_vs_WR,J.K. Dobbins,Xavier Legette,6806,11626,2891,2794,97,104.9,52.1,52.8
2025,RB,WR,RB_vs_WR,J.K. Dobbins,Darnell Mooney,6806,7090,2891,2789,102,104.9,48.3,56.6
2025,RB,WR,RB_vs_WR,J.K. Dobbins,Cedric Tillman,6806,10444,2891,2704,187,104.9,36.7,68.2
2025,RB,WR,RB_vs_WR,Tyjae Spears,Jauan Jennings,9508,7049,2804,2979,-175,64,114.8,-50.8
2025,RB,WR,RB_vs_WR,Tyjae Spears,Deebo Samuel,9508,5872,2804,2964,-160,64,114.1,-50.1
2025,RB,WR,RB_vs_WR,Tyjae Spears,Marvin Mims,9508,9494,2804,2963,-159,64,55,9
2025,RB,WR,RB_vs_WR,Tyjae Spears,Stefon Diggs,9508,2449,2804,2948,-144,64,121,-57
2025,RB,WR,RB_vs_WR,Tyjae Spears,Rashid Shaheed,9508,8676,2804,2856,-52,64,97.4,-33.4
2025,RB,WR,RB_vs_WR,Tyjae Spears,Xavier Legette,9508,11626,2804,2794,10,64,52.1,11.9
2025,RB,WR,RB_vs_WR,Tyjae Spears,Darnell Mooney,9508,7090,2804,2789,15,64,48.3,15.7
2025,RB,WR,RB_vs_WR,Tyjae Spears,Cedric Tillman,9508,10444,2804,2704,100,64,36.7,27.3
2025,RB,WR,RB_vs_WR,Tyjae Spears,Cooper Kupp,9508,4039,2804,2683,121,64,66.4,-2.4
2025,RB,WR,RB_vs_WR,Tyjae Spears,Jalen McMillan,9508,11618,2804,2683,121,64,16.8,47.2
2025,RB,WR,RB_vs_WR,Tyjae Spears,Rashod Bateman,9508,7571,2804,2680,124,64,36.4,27.6
2025,RB,WR,RB_vs_WR,Javonte Williams,Deebo Samuel,7588,5872,2764,2964,-200,207.8,114.1,93.7
2025,RB,WR,RB_vs_WR,Javonte Williams,Marvin Mims,7588,9494,2764,2963,-199,207.8,55,152.8
2025,RB,WR,RB_vs_WR,Javonte Williams,Stefon Diggs,7588,2449,2764,2948,-184,207.8,121,86.8
2025,RB,WR,RB_vs_WR,Javonte Williams,Rashid Shaheed,7588,8676,2764,2856,-92,207.8,97.4,110.4
2025,RB,WR,RB_vs_WR,Javonte Williams,Xavier Legette,7588,11626,2764,2794,-30,207.8,52.1,155.7
2025,RB,WR,RB_vs_WR,Javonte Williams,Darnell Mooney,7588,7090,2764,2789,-25,207.8,48.3,159.5
2025,RB,WR,RB_vs_WR,Javonte Williams,Cedric Tillman,7588,10444,2764,2704,60,207.8,36.7,171.1
2025,RB,WR,RB_vs_WR,Javonte Williams,Cooper Kupp,7588,4039,2764,2683,81,207.8,66.4,141.4
2025,RB,WR,RB_vs_WR,Javonte Williams,Jalen McMillan,7588,11618,2764,2683,81,207.8,16.8,191
2025,RB,WR,RB_vs_WR,Javonte Williams,Rashod Bateman,7588,7571,2764,2680,84,207.8,36.4,171.4
2025,RB,WR,RB_vs_WR,Brian Robinson,Rashid Shaheed,8154,8676,2677,2856,-179,53.6,97.4,-43.8
2025,RB,WR,RB_vs_WR,Brian Robinson,Xavier Legette,8154,11626,2677,2794,-117,53.6,52.1,1.5
2025,RB,WR,RB_vs_WR,Brian Robinson,Darnell Mooney,8154,7090,2677,2789,-112,53.6,48.3,5.3
2025,RB,WR,RB_vs_WR,Brian Robinson,Cedric Tillman,8154,10444,2677,2704,-27,53.6,36.7,16.9
2025,RB,WR,RB_vs_WR,Brian Robinson,Cooper Kupp,8154,4039,2677,2683,-6,53.6,66.4,-12.8
2025,RB,WR,RB_vs_WR,Brian Robinson,Jalen McMillan,8154,11618,2677,2683,-6,53.6,16.8,36.8
2025,RB,WR,RB_vs_WR,Brian Robinson,Rashod Bateman,8154,7571,2677,2680,-3,53.6,36.4,17.2
2025,RB,WR,RB_vs_WR,Brian Robinson,Demario Douglas,8154,9501,2677,2552,125,53.6,61.9,-8.3
2025,RB,WR,RB_vs_WR,Brian Robinson,Adonai Mitchell,8154,11625,2677,2550,127,53.6,54.9,-1.3
2025,RB,WR,RB_vs_WR,Ray Davis,Cedric Tillman,11575,10444,2567,2704,-137,30.7,36.7,-6
2025,RB,WR,RB_vs_WR,Ray Davis,Cooper Kupp,11575,4039,2567,2683,-116,30.7,66.4,-35.7
2025,RB,WR,RB_vs_WR,Ray Davis,Jalen McMillan,11575,11618,2567,2683,-116,30.7,16.8,13.9
2025,RB,WR,RB_vs_WR,Ray Davis,Rashod Bateman,11575,7571,2567,2680,-113,30.7,36.4,-5.7
2025,RB,WR,RB_vs_WR,Ray Davis,Demario Douglas,11575,9501,2567,2552,15,30.7,61.9,-31.2
2025,RB,WR,RB_vs_WR,Ray Davis,Adonai Mitchell,11575,11625,2567,2550,17,30.7,54.9,-24.2
2025,RB,WR,RB_vs_WR,Ray Davis,Romeo Doubs,11575,8121,2567,2421,146,30.7,110.4,-79.7
2025,RB,WR,RB_vs_WR,Rhamondre Stevenson,Cooper Kupp,7611,4039,2487,2683,-196,113.5,66.4,47.1
2025,RB,WR,RB_vs_WR,Rhamondre Stevenson,Jalen McMillan,7611,11618,2487,2683,-196,113.5,16.8,96.7
2025,RB,WR,RB_vs_WR,Rhamondre Stevenson,Rashod Bateman,7611,7571,2487,2680,-193,113.5,36.4,77.1
2025,RB,WR,RB_vs_WR,Rhamondre Stevenson,Demario Douglas,7611,9501,2487,2552,-65,113.5,61.9,51.6
2025,RB,WR,RB_vs_WR,Rhamondre Stevenson,Adonai Mitchell,7611,11625,2487,2550,-63,113.5,54.9,58.6
2025,RB,WR,RB_vs_WR,Rhamondre Stevenson,Romeo Doubs,7611,8121,2487,2421,66,113.5,110.4,3.1
2025,RB,WR,RB_vs_WR,Jaylen Wright,Rashod Bateman,11643,7571,2481,2680,-199,41.2,36.4,4.8
2025,RB,WR,RB_vs_WR,Jaylen Wright,Demario Douglas,11643,9501,2481,2552,-71,41.2,61.9,-20.7
2025,RB,WR,RB_vs_WR,Jaylen Wright,Adonai Mitchell,11643,11625,2481,2550,-69,41.2,54.9,-13.7
2025,RB,WR,RB_vs_WR,Jaylen Wright,Romeo Doubs,11643,8121,2481,2421,60,41.2,110.4,-69.2
2025,RB,WR,RB_vs_WR,Jaylen Wright,Wan'Dale Robinson,11643,8126,2481,2286,195,41.2,125.9,-84.7
2025,RB,WR,RB_vs_WR,Tyler Allgeier,Demario Douglas,8132,9501,2458,2552,-94,107.1,61.9,45.2
2025,RB,WR,RB_vs_WR,Tyler Allgeier,Adonai Mitchell,8132,11625,2458,2550,-92,107.1,54.9,52.2
2025,RB,WR,RB_vs_WR,Tyler Allgeier,Romeo Doubs,8132,8121,2458,2421,37,107.1,110.4,-3.3
2025,RB,WR,RB_vs_WR,Tyler Allgeier,Wan'Dale Robinson,8132,8126,2458,2286,172,107.1,125.9,-18.8
2025,RB,WR,RB_vs_WR,Tyler Allgeier,Christian Kirk,8132,4950,2458,2279,179,107.1,30.2,76.9
2025,RB,WR,RB_vs_WR,Tyler Allgeier,Troy Franklin,8132,11627,2458,2276,182,107.1,112.1,-5
2025,RB,WR,RB_vs_WR,Najee Harris,Demario Douglas,7528,9501,2455,2552,-97,8.6,61.9,-53.3
2025,RB,WR,RB_vs_WR,Najee Harris,Adonai Mitchell,7528,11625,2455,2550,-95,8.6,54.9,-46.3
2025,RB,WR,RB_vs_WR,Najee Harris,Romeo Doubs,7528,8121,2455,2421,34,8.6,110.4,-101.8
2025,RB,WR,RB_vs_WR,Najee Harris,Wan'Dale Robinson,7528,8126,2455,2286,169,8.6,125.9,-117.3
2025,RB,WR,RB_vs_WR,Najee Harris,Christian Kirk,7528,4950,2455,2279,176,8.6,30.2,-21.6
2025,RB,WR,RB_vs_WR,Najee Harris,Troy Franklin,7528,11627,2455,2276,179,8.6,112.1,-103.5
2025,RB,WR,RB_vs_WR,Rachaad White,Demario Douglas,8136,9501,2444,2552,-108,98.9,61.9,37
2025,RB,WR,RB_vs_WR,Rachaad White,Adonai Mitchell,8136,11625,2444,2550,-106,98.9,54.9,44
2025,RB,WR,RB_vs_WR,Rachaad White,Romeo Doubs,8136,8121,2444,2421,23,98.9,110.4,-11.5
2025,RB,WR,RB_vs_WR,Rachaad White,Wan'Dale Robinson,8136,8126,2444,2286,158,98.9,125.9,-27
2025,RB,WR,RB_vs_WR,Rachaad White,Christian Kirk,8136,4950,2444,2279,165,98.9,30.2,68.7
2025,RB,WR,RB_vs_WR,Rachaad White,Troy Franklin,8136,11627,2444,2276,168,98.9,112.1,-13.2
2025,RB,WR,RB_vs_WR,Keaton Mitchell,Demario Douglas,9511,9501,2385,2552,-167,46.2,61.9,-15.7
2025,RB,WR,RB_vs_WR,Keaton Mitchell,Adonai Mitchell,9511,11625,2385,2550,-165,46.2,54.9,-8.7
2025,RB,WR,RB_vs_WR,Keaton Mitchell,Romeo Doubs,9511,8121,2385,2421,-36,46.2,110.4,-64.2
2025,RB,WR,RB_vs_WR,Keaton Mitchell,Wan'Dale Robinson,9511,8126,2385,2286,99,46.2,125.9,-79.7
2025,RB,WR,RB_vs_WR,Keaton Mitchell,Christian Kirk,9511,4950,2385,2279,106,46.2,30.2,16
2025,RB,WR,RB_vs_WR,Keaton Mitchell,Troy Franklin,9511,11627,2385,2276,109,46.2,112.1,-65.9
2025,RB,WR,RB_vs_WR,Keaton Mitchell,Quentin Johnston,9511,9754,2385,2198,187,46.2,120.2,-74
2025,RB,WR,RB_vs_WR,Blake Corum,Romeo Doubs,11586,8121,2267,2421,-154,107.3,110.4,-3.1
2025,RB,WR,RB_vs_WR,Blake Corum,Wan'Dale Robinson,11586,8126,2267,2286,-19,107.3,125.9,-18.6
2025,RB,WR,RB_vs_WR,Blake Corum,Christian Kirk,11586,4950,2267,2279,-12,107.3,30.2,77.1
2025,RB,WR,RB_vs_WR,Blake Corum,Troy Franklin,11586,11627,2267,2276,-9,107.3,112.1,-4.8
2025,RB,WR,RB_vs_WR,Blake Corum,Quentin Johnston,11586,9754,2267,2198,69,107.3,120.2,-12.9
2025,RB,WR,RB_vs_WR,Blake Corum,Christian Watson,11586,8167,2267,2120,147,107.3,97.4,9.9
2025,RB,WR,RB_vs_WR,Blake Corum,Alec Pierce,11586,8142,2267,2077,190,107.3,111.1,-3.8
2025,RB,WR,RB_vs_WR,Blake Corum,Marquise Brown,11586,5848,2267,2072,195,107.3,82.3,25
2025,RB,WR,RB_vs_WR,Jerome Ford,Wan'Dale Robinson,8143,8126,2212,2286,-74,17.6,125.9,-108.3
2025,RB,WR,RB_vs_WR,Jerome Ford,Christian Kirk,8143,4950,2212,2279,-67,17.6,30.2,-12.6
2025,RB,WR,RB_vs_WR,Jerome Ford,Troy Franklin,8143,11627,2212,2276,-64,17.6,112.1,-94.5
2025,RB,WR,RB_vs_WR,Jerome Ford,Quentin Johnston,8143,9754,2212,2198,14,17.6,120.2,-102.6
2025,RB,WR,RB_vs_WR,Jerome Ford,Christian Watson,8143,8167,2212,2120,92,17.6,97.4,-79.8
2025,RB,WR,RB_vs_WR,Jerome Ford,Alec Pierce,8143,8142,2212,2077,135,17.6,111.1,-93.5
2025,RB,WR,RB_vs_WR,Jerome Ford,Marquise Brown,8143,5848,2212,2072,140,17.6,82.3,-64.7
2025,RB,WR,RB_vs_WR,Jerome Ford,Roman Wilson,8143,11630,2212,2043,169,17.6,26.6,-9
2025,RB,WR,RB_vs_WR,Austin Ekeler,Wan'Dale Robinson,4663,8126,2195,2286,-91,8.1,125.9,-117.8
2025,RB,WR,RB_vs_WR,Austin Ekeler,Christian Kirk,4663,4950,2195,2279,-84,8.1,30.2,-22.1
2025,RB,WR,RB_vs_WR,Austin Ekeler,Troy Franklin,4663,11627,2195,2276,-81,8.1,112.1,-104
2025,RB,WR,RB_vs_WR,Austin Ekeler,Quentin Johnston,4663,9754,2195,2198,-3,8.1,120.2,-112.1
2025,RB,WR,RB_vs_WR,Austin Ekeler,Christian Watson,4663,8167,2195,2120,75,8.1,97.4,-89.3
2025,RB,WR,RB_vs_WR,Austin Ekeler,Alec Pierce,4663,8142,2195,2077,118,8.1,111.1,-103
2025,RB,WR,RB_vs_WR,Austin Ekeler,Marquise Brown,4663,5848,2195,2072,123,8.1,82.3,-74.2
2025,RB,WR,RB_vs_WR,Austin Ekeler,Roman Wilson,4663,11630,2195,2043,152,8.1,26.6,-18.5
2025,RB,WR,RB_vs_WR,Chris Rodriguez,Wan'Dale Robinson,10219,8126,2174,2286,-112,74.7,125.9,-51.2
2025,RB,WR,RB_vs_WR,Chris Rodriguez,Christian Kirk,10219,4950,2174,2279,-105,74.7,30.2,44.5
2025,RB,WR,RB_vs_WR,Chris Rodriguez,Troy Franklin,10219,11627,2174,2276,-102,74.7,112.1,-37.4
2025,RB,WR,RB_vs_WR,Chris Rodriguez,Quentin Johnston,10219,9754,2174,2198,-24,74.7,120.2,-45.5
2025,RB,WR,RB_vs_WR,Chris Rodriguez,Christian Watson,10219,8167,2174,2120,54,74.7,97.4,-22.7
2025,RB,WR,RB_vs_WR,Chris Rodriguez,Alec Pierce,10219,8142,2174,2077,97,74.7,111.1,-36.4
2025,RB,WR,RB_vs_WR,Chris Rodriguez,Marquise Brown,10219,5848,2174,2072,102,74.7,82.3,-7.6
2025,RB,WR,RB_vs_WR,Chris Rodriguez,Roman Wilson,10219,11630,2174,2043,131,74.7,26.6,48.1
2025,RB,WR,RB_vs_WR,Will Shipley,Wan'Dale Robinson,11577,8126,2090,2286,-196,7.2,125.9,-118.7
2025,RB,WR,RB_vs_WR,Will Shipley,Christian Kirk,11577,4950,2090,2279,-189,7.2,30.2,-23
2025,RB,WR,RB_vs_WR,Will Shipley,Troy Franklin,11577,11627,2090,2276,-186,7.2,112.1,-104.9
2025,RB,WR,RB_vs_WR,Will Shipley,Quentin Johnston,11577,9754,2090,2198,-108,7.2,120.2,-113
2025,RB,WR,RB_vs_WR,Will Shipley,Christian Watson,11577,8167,2090,2120,-30,7.2,97.4,-90.2
2025,RB,WR,RB_vs_WR,Will Shipley,Alec Pierce,11577,8142,2090,2077,13,7.2,111.1,-103.9
2025,RB,WR,RB_vs_WR,Will Shipley,Marquise Brown,11577,5848,2090,2072,18,7.2,82.3,-75.1
2025,RB,WR,RB_vs_WR,Will Shipley,Roman Wilson,11577,11630,2090,2043,47,7.2,26.6,-19.4
2025,RB,WR,RB_vs_WR,Will Shipley,Dontayvion Wicks,11577,9486,2090,1968,122,7.2,45.8,-38.6
2025,RB,WR,RB_vs_WR,Will Shipley,Michael Wilson,11577,10232,2090,1947,143,7.2,126.7,-119.5
2025,RB,WR,RB_vs_WR,Sean Tucker,Quentin Johnston,9506,9754,2075,2198,-123,83.8,120.2,-36.4
2025,RB,WR,RB_vs_WR,Sean Tucker,Christian Watson,9506,8167,2075,2120,-45,83.8,97.4,-13.6
2025,RB,WR,RB_vs_WR,Sean Tucker,Alec Pierce,9506,8142,2075,2077,-2,83.8,111.1,-27.3
2025,RB,WR,RB_vs_WR,Sean Tucker,Marquise Brown,9506,5848,2075,2072,3,83.8,82.3,1.5
2025,RB,WR,RB_vs_WR,Sean Tucker,Roman Wilson,9506,11630,2075,2043,32,83.8,26.6,57.2
2025,RB,WR,RB_vs_WR,Sean Tucker,Dontayvion Wicks,9506,9486,2075,1968,107,83.8,45.8,38
2025,RB,WR,RB_vs_WR,Sean Tucker,Michael Wilson,9506,10232,2075,1947,128,83.8,126.7,-42.9
2025,RB,WR,RB_vs_WR,Sean Tucker,Keenan Allen,9506,1479,2075,1889,186,83.8,98.1,-14.3
2025,RB,WR,RB_vs_WR,Sean Tucker,Andrei Iosivas,9506,10226,2075,1877,198,83.8,55.9,27.9
2025,RB,WR,RB_vs_WR,Kendre Miller,Quentin Johnston,9757,9754,2050,2198,-148,28.3,120.2,-91.9
2025,RB,WR,RB_vs_WR,Kendre Miller,Christian Watson,9757,8167,2050,2120,-70,28.3,97.4,-69.1
2025,RB,WR,RB_vs_WR,Kendre Miller,Alec Pierce,9757,8142,2050,2077,-27,28.3,111.1,-82.8
2025,RB,WR,RB_vs_WR,Kendre Miller,Marquise Brown,9757,5848,2050,2072,-22,28.3,82.3,-54
2025,RB,WR,RB_vs_WR,Kendre Miller,Roman Wilson,9757,11630,2050,2043,7,28.3,26.6,1.7
2025,RB,WR,RB_vs_WR,Kendre Miller,Dontayvion Wicks,9757,9486,2050,1968,82,28.3,45.8,-17.5
2025,RB,WR,RB_vs_WR,Kendre Miller,Michael Wilson,9757,10232,2050,1947,103,28.3,126.7,-98.4
2025,RB,WR,RB_vs_WR,Kendre Miller,Keenan Allen,9757,1479,2050,1889,161,28.3,98.1,-69.8
2025,RB,WR,RB_vs_WR,Kendre Miller,Andrei Iosivas,9757,10226,2050,1877,173,28.3,55.9,-27.6
2025,RB,WR,RB_vs_WR,Kendre Miller,Tre Tucker,9757,10213,2050,1863,187,28.3,101.3,-73
2025,RB,WR,RB_vs_WR,Rico Dowdle,Quentin Johnston,7021,9754,2007,2198,-191,176.3,120.2,56.1
2025,RB,WR,RB_vs_WR,Rico Dowdle,Christian Watson,7021,8167,2007,2120,-113,176.3,97.4,78.9
2025,RB,WR,RB_vs_WR,Rico Dowdle,Alec Pierce,7021,8142,2007,2077,-70,176.3,111.1,65.2
2025,RB,WR,RB_vs_WR,Rico Dowdle,Marquise Brown,7021,5848,2007,2072,-65,176.3,82.3,94
2025,RB,WR,RB_vs_WR,Rico Dowdle,Roman Wilson,7021,11630,2007,2043,-36,176.3,26.6,149.7
2025,RB,WR,RB_vs_WR,Rico Dowdle,Dontayvion Wicks,7021,9486,2007,1968,39,176.3,45.8,130.5
2025,RB,WR,RB_vs_WR,Rico Dowdle,Michael Wilson,7021,10232,2007,1947,60,176.3,126.7,49.6
2025,RB,WR,RB_vs_WR,Rico Dowdle,Keenan Allen,7021,1479,2007,1889,118,176.3,98.1,78.2
2025,RB,WR,RB_vs_WR,Rico Dowdle,Andrei Iosivas,7021,10226,2007,1877,130,176.3,55.9,120.4
2025,RB,WR,RB_vs_WR,Rico Dowdle,Tre Tucker,7021,10213,2007,1863,144,176.3,101.3,75
2025,RB,WR,RB_vs_WR,Rico Dowdle,Kayshon Boutte,7021,9504,2007,1842,165,176.3,88.7,87.6
2025,RB,WR,RB_vs_WR,Rico Dowdle,Malik Washington,7021,11610,2007,1826,181,176.3,61.9,114.4
2025,RB,WR,RB_vs_WR,Roschon Johnson,Christian Watson,10235,8167,1979,2120,-141,1.7,97.4,-95.7
2025,RB,WR,RB_vs_WR,Roschon Johnson,Alec Pierce,10235,8142,1979,2077,-98,1.7,111.1,-109.4
2025,RB,WR,RB_vs_WR,Roschon Johnson,Marquise Brown,10235,5848,1979,2072,-93,1.7,82.3,-80.6
2025,RB,WR,RB_vs_WR,Roschon Johnson,Roman Wilson,10235,11630,1979,2043,-64,1.7,26.6,-24.9
2025,RB,WR,RB_vs_WR,Roschon Johnson,Dontayvion Wicks,10235,9486,1979,1968,11,1.7,45.8,-44.1
2025,RB,WR,RB_vs_WR,Roschon Johnson,Michael Wilson,10235,10232,1979,1947,32,1.7,126.7,-125
2025,RB,WR,RB_vs_WR,Roschon Johnson,Keenan Allen,10235,1479,1979,1889,90,1.7,98.1,-96.4
2025,RB,WR,RB_vs_WR,Roschon Johnson,Andrei Iosivas,10235,10226,1979,1877,102,1.7,55.9,-54.2
2025,RB,WR,RB_vs_WR,Roschon Johnson,Tre Tucker,10235,10213,1979,1863,116,1.7,101.3,-99.6
2025,RB,WR,RB_vs_WR,Roschon Johnson,Kayshon Boutte,10235,9504,1979,1842,137,1.7,88.7,-87
2025,RB,WR,RB_vs_WR,Roschon Johnson,Malik Washington,10235,11610,1979,1826,153,1.7,61.9,-60.2
2025,RB,WR,RB_vs_WR,Roschon Johnson,Adam Thielen,10235,1689,1979,1804,175,1.7,16.3,-14.6
2025,RB,WR,RB_vs_WR,Nick Chubb,Christian Watson,4988,8167,1943,2120,-177,75.3,97.4,-22.1
2025,RB,WR,RB_vs_WR,Nick Chubb,Alec Pierce,4988,8142,1943,2077,-134,75.3,111.1,-35.8
2025,RB,WR,RB_vs_WR,Nick Chubb,Marquise Brown,4988,5848,1943,2072,-129,75.3,82.3,-7
2025,RB,WR,RB_vs_WR,Nick Chubb,Roman Wilson,4988,11630,1943,2043,-100,75.3,26.6,48.7
2025,RB,WR,RB_vs_WR,Nick Chubb,Dontayvion Wicks,4988,9486,1943,1968,-25,75.3,45.8,29.5
2025,RB,WR,RB_vs_WR,Nick Chubb,Michael Wilson,4988,10232,1943,1947,-4,75.3,126.7,-51.4
2025,RB,WR,RB_vs_WR,Nick Chubb,Keenan Allen,4988,1479,1943,1889,54,75.3,98.1,-22.8
2025,RB,WR,RB_vs_WR,Nick Chubb,Andrei Iosivas,4988,10226,1943,1877,66,75.3,55.9,19.4
2025,RB,WR,RB_vs_WR,Nick Chubb,Tre Tucker,4988,10213,1943,1863,80,75.3,101.3,-26
2025,RB,WR,RB_vs_WR,Nick Chubb,Kayshon Boutte,4988,9504,1943,1842,101,75.3,88.7,-13.4
2025,RB,WR,RB_vs_WR,Nick Chubb,Malik Washington,4988,11610,1943,1826,117,75.3,61.9,13.4
2025,RB,WR,RB_vs_WR,Nick Chubb,Adam Thielen,4988,1689,1943,1804,139,75.3,16.3,59
2025,RB,WR,RB_vs_WR,Nick Chubb,Dyami Brown,4988,7587,1943,1769,174,75.3,28.9,46.4
2025,RB,WR,RB_vs_WR,Dameon Pierce,Keenan Allen,8129,1479,1705,1889,-184,2.6,98.1,-95.5
2025,RB,WR,RB_vs_WR,Dameon Pierce,Andrei Iosivas,8129,10226,1705,1877,-172,2.6,55.9,-53.3
2025,RB,WR,RB_vs_WR,Dameon Pierce,Tre Tucker,8129,10213,1705,1863,-158,2.6,101.3,-98.7
2025,RB,WR,RB_vs_WR,Dameon Pierce,Kayshon Boutte,8129,9504,1705,1842,-137,2.6,88.7,-86.1
2025,RB,WR,RB_vs_WR,Dameon Pierce,Malik Washington,8129,11610,1705,1826,-121,2.6,61.9,-59.3
2025,RB,WR,RB_vs_WR,Dameon Pierce,Adam Thielen,8129,1689,1705,1804,-99,2.6,16.3,-13.7
2025,RB,WR,RB_vs_WR,Dameon Pierce,Dyami Brown,8129,7587,1705,1769,-64,2.6,28.9,-26.3
2025,RB,WR,RB_vs_WR,Dameon Pierce,Luke McCaffrey,8129,11650,1705,1734,-29,2.6,40.3,-37.7
2025,RB,WR,RB_vs_WR,Dameon Pierce,Calvin Austin III,8129,8125,1705,1698,7,2.6,43.7,-41.1
2025,RB,WR,RB_vs_WR,Dameon Pierce,Jalen Nailor,8129,8180,1705,1685,20,2.6,66.8,-64.2
2025,RB,WR,RB_vs_WR,Dameon Pierce,John Metchie,8129,8147,1705,1671,34,2.6,36.9,-34.3
2025,RB,WR,RB_vs_WR,Dameon Pierce,Elijah Moore,8129,7596,1705,1668,37,2.6,19.6,-17
2025,RB,WR,RB_vs_WR,Dameon Pierce,DeAndre Hopkins,8129,1426,1705,1589,116,2.6,45,-42.4
2025,RB,WR,RB_vs_WR,Dameon Pierce,Parker Washington,8129,9487,1705,1582,123,2.6,112,-109.4
2025,RB,WR,RB_vs_WR,Dameon Pierce,Darius Slayton,8129,6149,1705,1561,144,2.6,56.4,-53.8
2025,RB,WR,RB_vs_WR,Dameon Pierce,Tutu Atwell,8129,7562,1705,1521,184,2.6,23.3,-20.7
2025,RB,WR,RB_vs_WR,Dameon Pierce,Jalin Hyatt,8129,9497,1705,1516,189,2.6,3.5,-0.9
2025,RB,WR,RB_vs_WR,Audric Estime,Dyami Brown,11579,7587,1599,1769,-170,25.5,28.9,-3.4
2025,RB,WR,RB_vs_WR,Audric Estime,Luke McCaffrey,11579,11650,1599,1734,-135,25.5,40.3,-14.8
2025,RB,WR,RB_vs_WR,Audric Estime,Calvin Austin III,11579,8125,1599,1698,-99,25.5,43.7,-18.2
2025,RB,WR,RB_vs_WR,Audric Estime,Jalen Nailor,11579,8180,1599,1685,-86,25.5,66.8,-41.3
2025,RB,WR,RB_vs_WR,Audric Estime,John Metchie,11579,8147,1599,1671,-72,25.5,36.9,-11.4
2025,RB,WR,RB_vs_WR,Audric Estime,Elijah Moore,11579,7596,1599,1668,-69,25.5,19.6,5.9
2025,RB,WR,RB_vs_WR,Audric Estime,DeAndre Hopkins,11579,1426,1599,1589,10,25.5,45,-19.5
2025,RB,WR,RB_vs_WR,Audric Estime,Parker Washington,11579,9487,1599,1582,17,25.5,112,-86.5
2025,RB,WR,RB_vs_WR,Audric Estime,Darius Slayton,11579,6149,1599,1561,38,25.5,56.4,-30.9
2025,RB,WR,RB_vs_WR,Audric Estime,Tutu Atwell,11579,7562,1599,1521,78,25.5,23.3,2.2
2025,RB,WR,RB_vs_WR,Audric Estime,Jalin Hyatt,11579,9497,1599,1516,83,25.5,3.5,22
2025,RB,WR,RB_vs_WR,Audric Estime,Jalen Tolbert,11579,8117,1599,1413,186,25.5,28.3,-2.8
2025,RB,WR,RB_vs_WR,Audric Estime,Tyler Lockett,11579,2374,1599,1412,187,25.5,40.6,-15.1
2025,RB,WR,RB_vs_WR,Jaleel McLaughlin,Dyami Brown,11439,7587,1596,1769,-173,21.6,28.9,-7.3
2025,RB,WR,RB_vs_WR,Jaleel McLaughlin,Luke McCaffrey,11439,11650,1596,1734,-138,21.6,40.3,-18.7
2025,RB,WR,RB_vs_WR,Jaleel McLaughlin,Calvin Austin III,11439,8125,1596,1698,-102,21.6,43.7,-22.1
2025,RB,WR,RB_vs_WR,Jaleel McLaughlin,Jalen Nailor,11439,8180,1596,1685,-89,21.6,66.8,-45.2
2025,RB,WR,RB_vs_WR,Jaleel McLaughlin,John Metchie,11439,8147,1596,1671,-75,21.6,36.9,-15.3
2025,RB,WR,RB_vs_WR,Jaleel McLaughlin,Elijah Moore,11439,7596,1596,1668,-72,21.6,19.6,2
2025,RB,WR,RB_vs_WR,Jaleel McLaughlin,DeAndre Hopkins,11439,1426,1596,1589,7,21.6,45,-23.4
2025,RB,WR,RB_vs_WR,Jaleel McLaughlin,Parker Washington,11439,9487,1596,1582,14,21.6,112,-90.4
2025,RB,WR,RB_vs_WR,Jaleel McLaughlin,Darius Slayton,11439,6149,1596,1561,35,21.6,56.4,-34.8
2025,RB,WR,RB_vs_WR,Jaleel McLaughlin,Tutu Atwell,11439,7562,1596,1521,75,21.6,23.3,-1.7
2025,RB,WR,RB_vs_WR,Jaleel McLaughlin,Jalin Hyatt,11439,9497,1596,1516,80,21.6,3.5,18.1
2025,RB,WR,RB_vs_WR,Jaleel McLaughlin,Jalen Tolbert,11439,8117,1596,1413,183,21.6,28.3,-6.7
2025,RB,WR,RB_vs_WR,Jaleel McLaughlin,Tyler Lockett,11439,2374,1596,1412,184,21.6,40.6,-19
2025,RB,WR,RB_vs_WR,Justice Hill,Luke McCaffrey,5995,11650,1563,1734,-171,44.2,40.3,3.9
2025,RB,WR,RB_vs_WR,Justice Hill,Calvin Austin III,5995,8125,1563,1698,-135,44.2,43.7,0.5
2025,RB,WR,RB_vs_WR,Justice Hill,Jalen Nailor,5995,8180,1563,1685,-122,44.2,66.8,-22.6
2025,RB,WR,RB_vs_WR,Justice Hill,John Metchie,5995,8147,1563,1671,-108,44.2,36.9,7.3
2025,RB,WR,RB_vs_WR,Justice Hill,Elijah Moore,5995,7596,1563,1668,-105,44.2,19.6,24.6
2025,RB,WR,RB_vs_WR,Justice Hill,DeAndre Hopkins,5995,1426,1563,1589,-26,44.2,45,-0.8
2025,RB,WR,RB_vs_WR,Justice Hill,Parker Washington,5995,9487,1563,1582,-19,44.2,112,-67.8
2025,RB,WR,RB_vs_WR,Justice Hill,Darius Slayton,5995,6149,1563,1561,2,44.2,56.4,-12.2
2025,RB,WR,RB_vs_WR,Justice Hill,Tutu Atwell,5995,7562,1563,1521,42,44.2,23.3,20.9
2025,RB,WR,RB_vs_WR,Justice Hill,Jalin Hyatt,5995,9497,1563,1516,47,44.2,3.5,40.7
2025,RB,WR,RB_vs_WR,Justice Hill,Jalen Tolbert,5995,8117,1563,1413,150,44.2,28.3,15.9
2025,RB,WR,RB_vs_WR,Justice Hill,Tyler Lockett,5995,2374,1563,1412,151,44.2,40.6,3.6
2025,RB,WR,RB_vs_WR,Miles Sanders,Calvin Austin III,6151,8125,1524,1698,-174,18.7,43.7,-25
2025,RB,WR,RB_vs_WR,Miles Sanders,Jalen Nailor,6151,8180,1524,1685,-161,18.7,66.8,-48.1
2025,RB,WR,RB_vs_WR,Miles Sanders,John Metchie,6151,8147,1524,1671,-147,18.7,36.9,-18.2
2025,RB,WR,RB_vs_WR,Miles Sanders,Elijah Moore,6151,7596,1524,1668,-144,18.7,19.6,-0.9
2025,RB,WR,RB_vs_WR,Miles Sanders,DeAndre Hopkins,6151,1426,1524,1589,-65,18.7,45,-26.3
2025,RB,WR,RB_vs_WR,Miles Sanders,Parker Washington,6151,9487,1524,1582,-58,18.7,112,-93.3
2025,RB,WR,RB_vs_WR,Miles Sanders,Darius Slayton,6151,6149,1524,1561,-37,18.7,56.4,-37.7
2025,RB,WR,RB_vs_WR,Miles Sanders,Tutu Atwell,6151,7562,1524,1521,3,18.7,23.3,-4.6
2025,RB,WR,RB_vs_WR,Miles Sanders,Jalin Hyatt,6151,9497,1524,1516,8,18.7,3.5,15.2
2025,RB,WR,RB_vs_WR,Miles Sanders,Jalen Tolbert,6151,8117,1524,1413,111,18.7,28.3,-9.6
2025,RB,WR,RB_vs_WR,Miles Sanders,Tyler Lockett,6151,2374,1524,1412,112,18.7,40.6,-21.9
2025,RB,WR,RB_vs_WR,Emanuel Wilson,Parker Washington,11435,9487,1383,1582,-199,74.7,112,-37.3
2025,RB,WR,RB_vs_WR,Emanuel Wilson,Darius Slayton,11435,6149,1383,1561,-178,74.7,56.4,18.3
2025,RB,WR,RB_vs_WR,Emanuel Wilson,Tutu Atwell,11435,7562,1383,1521,-138,74.7,23.3,51.4
2025,RB,WR,RB_vs_WR,Emanuel Wilson,Jalin Hyatt,11435,9497,1383,1516,-133,74.7,3.5,71.2
2025,RB,WR,RB_vs_WR,Emanuel Wilson,Jalen Tolbert,11435,8117,1383,1413,-30,74.7,28.3,46.4
2025,RB,WR,RB_vs_WR,Emanuel Wilson,Tyler Lockett,11435,2374,1383,1412,-29,74.7,40.6,34.1
2025,RB,WR,RB_vs_WR,Emanuel Wilson,Jahan Dotson,11435,8119,1383,1311,72,74.7,28.2,46.5
2025,RB,WR,RB_vs_WR,Emanuel Wilson,Tyquan Thornton,11435,8188,1383,1294,89,74.7,61.8,12.9
2025,RB,WR,RB_vs_WR,Emanuel Wilson,Devontez Walker,11435,11629,1383,1252,131,74.7,21,53.7
2025,RB,WR,RB_vs_WR,Emanuel Wilson,Nick Westbrook-Ikhine,11435,7496,1383,1242,141,74.7,8.9,65.8
2025,RB,WR,RB_vs_WR,Emanuel Wilson,Curtis Samuel,11435,4082,1383,1238,145,74.7,14.1,60.6
2025,RB,WR,RB_vs_WR,Emanuel Wilson,Xavier Hutchinson,11435,10218,1383,1234,149,74.7,54.6,20.1
2025,RB,WR,RB_vs_WR,Emanuel Wilson,Malachi Corley,11435,11617,1383,1221,162,74.7,16.8,57.9
2025,RB,WR,RB_vs_WR,Kareem Hunt,Tutu Atwell,4098,7562,1358,1521,-163,123.9,23.3,100.6
2025,RB,WR,RB_vs_WR,Kareem Hunt,Jalin Hyatt,4098,9497,1358,1516,-158,123.9,3.5,120.4
2025,RB,WR,RB_vs_WR,Kareem Hunt,Jalen Tolbert,4098,8117,1358,1413,-55,123.9,28.3,95.6
2025,RB,WR,RB_vs_WR,Kareem Hunt,Tyler Lockett,4098,2374,1358,1412,-54,123.9,40.6,83.3
2025,RB,WR,RB_vs_WR,Kareem Hunt,Jahan Dotson,4098,8119,1358,1311,47,123.9,28.2,95.7
2025,RB,WR,RB_vs_WR,Kareem Hunt,Tyquan Thornton,4098,8188,1358,1294,64,123.9,61.8,62.1
2025,RB,WR,RB_vs_WR,Kareem Hunt,Devontez Walker,4098,11629,1358,1252,106,123.9,21,102.9
2025,RB,WR,RB_vs_WR,Kareem Hunt,Nick Westbrook-Ikhine,4098,7496,1358,1242,116,123.9,8.9,115
2025,RB,WR,RB_vs_WR,Kareem Hunt,Curtis Samuel,4098,4082,1358,1238,120,123.9,14.1,109.8
2025,RB,WR,RB_vs_WR,Kareem Hunt,Xavier Hutchinson,4098,10218,1358,1234,124,123.9,54.6,69.3
2025,RB,WR,RB_vs_WR,Kareem Hunt,Malachi Corley,4098,11617,1358,1221,137,123.9,16.8,107.1
2025,RB,WR,RB_vs_WR,Kareem Hunt,Noah Brown,4098,4234,1358,1159,199,123.9,8.3,115.6
2025,RB,WR,RB_vs_WR,Ty Johnson,Jalin Hyatt,6039,9497,1319,1516,-197,58.7,3.5,55.2
2025,RB,WR,RB_vs_WR,Ty Johnson,Jalen Tolbert,6039,8117,1319,1413,-94,58.7,28.3,30.4
2025,RB,WR,RB_vs_WR,Ty Johnson,Tyler Lockett,6039,2374,1319,1412,-93,58.7,40.6,18.1
2025,RB,WR,RB_vs_WR,Ty Johnson,Jahan Dotson,6039,8119,1319,1311,8,58.7,28.2,30.5
2025,RB,WR,RB_vs_WR,Ty Johnson,Tyquan Thornton,6039,8188,1319,1294,25,58.7,61.8,-3.1
2025,RB,WR,RB_vs_WR,Ty Johnson,Devontez Walker,6039,11629,1319,1252,67,58.7,21,37.7
2025,RB,WR,RB_vs_WR,Ty Johnson,Nick Westbrook-Ikhine,6039,7496,1319,1242,77,58.7,8.9,49.8
2025,RB,WR,RB_vs_WR,Ty Johnson,Curtis Samuel,6039,4082,1319,1238,81,58.7,14.1,44.6
2025,RB,WR,RB_vs_WR,Ty Johnson,Xavier Hutchinson,6039,10218,1319,1234,85,58.7,54.6,4.1
2025,RB,WR,RB_vs_WR,Ty Johnson,Malachi Corley,6039,11617,1319,1221,98,58.7,16.8,41.9
2025,RB,WR,RB_vs_WR,Ty Johnson,Noah Brown,6039,4234,1319,1159,160,58.7,8.3,50.4
2025,RB,WR,RB_vs_WR,Ty Johnson,Greg Dortch,6039,5970,1319,1128,191,58.7,46.1,12.6
2025,RB,WR,RB_vs_WR,Kenneth Gainwell,Jalen Tolbert,7567,8117,1288,1413,-125,134.9,28.3,106.6
2025,RB,WR,RB_vs_WR,Kenneth Gainwell,Tyler Lockett,7567,2374,1288,1412,-124,134.9,40.6,94.3
2025,RB,WR,RB_vs_WR,Kenneth Gainwell,Jahan Dotson,7567,8119,1288,1311,-23,134.9,28.2,106.7
2025,RB,WR,RB_vs_WR,Kenneth Gainwell,Tyquan Thornton,7567,8188,1288,1294,-6,134.9,61.8,73.1
2025,RB,WR,RB_vs_WR,Kenneth Gainwell,Devontez Walker,7567,11629,1288,1252,36,134.9,21,113.9
2025,RB,WR,RB_vs_WR,Kenneth Gainwell,Nick Westbrook-Ikhine,7567,7496,1288,1242,46,134.9,8.9,126
2025,RB,WR,RB_vs_WR,Kenneth Gainwell,Curtis Samuel,7567,4082,1288,1238,50,134.9,14.1,120.8
2025,RB,WR,RB_vs_WR,Kenneth Gainwell,Xavier Hutchinson,7567,10218,1288,1234,54,134.9,54.6,80.3
2025,RB,WR,RB_vs_WR,Kenneth Gainwell,Malachi Corley,7567,11617,1288,1221,67,134.9,16.8,118.1
2025,RB,WR,RB_vs_WR,Kenneth Gainwell,Noah Brown,7567,4234,1288,1159,129,134.9,8.3,126.6
2025,RB,WR,RB_vs_WR,Kenneth Gainwell,Greg Dortch,7567,5970,1288,1128,160,134.9,46.1,88.8
2025,RB,WR,RB_vs_WR,Kenneth Gainwell,Jonathan Mingo,7567,10225,1288,1108,180,134.9,2.5,132.4
2025,RB,WR,RB_vs_WR,Devin Singletary,Jalen Tolbert,6130,8117,1221,1413,-192,80.2,28.3,51.9
2025,RB,WR,RB_vs_WR,Devin Singletary,Tyler Lockett,6130,2374,1221,1412,-191,80.2,40.6,39.6
2025,RB,WR,RB_vs_WR,Devin Singletary,Jahan Dotson,6130,8119,1221,1311,-90,80.2,28.2,52
2025,RB,WR,RB_vs_WR,Devin Singletary,Tyquan Thornton,6130,8188,1221,1294,-73,80.2,61.8,18.4
2025,RB,WR,RB_vs_WR,Devin Singletary,Devontez Walker,6130,11629,1221,1252,-31,80.2,21,59.2
2025,RB,WR,RB_vs_WR,Devin Singletary,Nick Westbrook-Ikhine,6130,7496,1221,1242,-21,80.2,8.9,71.3
2025,RB,WR,RB_vs_WR,Devin Singletary,Curtis Samuel,6130,4082,1221,1238,-17,80.2,14.1,66.1
2025,RB,WR,RB_vs_WR,Devin Singletary,Xavier Hutchinson,6130,10218,1221,1234,-13,80.2,54.6,25.6
2025,RB,WR,RB_vs_WR,Devin Singletary,Malachi Corley,6130,11617,1221,1221,0,80.2,16.8,63.4
2025,RB,WR,RB_vs_WR,Devin Singletary,Noah Brown,6130,4234,1221,1159,62,80.2,8.3,71.9
2025,RB,WR,RB_vs_WR,Devin Singletary,Greg Dortch,6130,5970,1221,1128,93,80.2,46.1,34.1
2025,RB,WR,RB_vs_WR,Devin Singletary,Jonathan Mingo,6130,10225,1221,1108,113,80.2,2.5,77.7
2025,RB,WR,RB_vs_WR,Devin Singletary,Josh Reynolds,6130,4171,1221,1056,165,80.2,12.1,68.1
2025,RB,WR,RB_vs_WR,Antonio Gibson,Jahan Dotson,6945,8119,1141,1311,-170,21.2,28.2,-7
2025,RB,WR,RB_vs_WR,Antonio Gibson,Tyquan Thornton,6945,8188,1141,1294,-153,21.2,61.8,-40.6
2025,RB,WR,RB_vs_WR,Antonio Gibson,Devontez Walker,6945,11629,1141,1252,-111,21.2,21,0.2
2025,RB,WR,RB_vs_WR,Antonio Gibson,Nick Westbrook-Ikhine,6945,7496,1141,1242,-101,21.2,8.9,12.3
2025,RB,WR,RB_vs_WR,Antonio Gibson,Curtis Samuel,6945,4082,1141,1238,-97,21.2,14.1,7.1
2025,RB,WR,RB_vs_WR,Antonio Gibson,Xavier Hutchinson,6945,10218,1141,1234,-93,21.2,54.6,-33.4
2025,RB,WR,RB_vs_WR,Antonio Gibson,Malachi Corley,6945,11617,1141,1221,-80,21.2,16.8,4.4
2025,RB,WR,RB_vs_WR,Antonio Gibson,Noah Brown,6945,4234,1141,1159,-18,21.2,8.3,12.9
2025,RB,WR,RB_vs_WR,Antonio Gibson,Greg Dortch,6945,5970,1141,1128,13,21.2,46.1,-24.9
2025,RB,WR,RB_vs_WR,Antonio Gibson,Jonathan Mingo,6945,10225,1141,1108,33,21.2,2.5,18.7
2025,RB,WR,RB_vs_WR,Antonio Gibson,Josh Reynolds,6945,4171,1141,1056,85,21.2,12.1,9.1
2025,RB,WR,RB_vs_WR,Antonio Gibson,Kendrick Bourne,6945,4454,1141,1017,124,21.2,55.1,-33.9
2025,RB,WR,RB_vs_WR,Antonio Gibson,KaVontae Turpin,6945,8917,1141,997,144,21.2,57.8,-36.6
2025,RB,WR,RB_vs_WR,Antonio Gibson,Olamide Zaccheaus,6945,6271,1141,995,146,21.2,45.8,-24.6
2025,RB,WR,RB_vs_WR,Antonio Gibson,Jake Bobo,6945,10867,1141,990,151,21.2,2,19.2
2025,RB,WR,RB_vs_WR,Antonio Gibson,Tyler Johnson,6945,6960,1141,978,163,21.2,25.7,-4.5
2025,RB,WR,RB_vs_WR,Antonio Gibson,Demarcus Robinson,6945,3286,1141,950,191,21.2,33.8,-12.6
2025,RB,WR,RB_vs_WR,Antonio Gibson,Brandin Cooks,6945,2197,1141,949,192,21.2,27.9,-6.7
2025,RB,WR,RB_vs_WR,AJ Dillon,Tyquan Thornton,6828,8188,1101,1294,-193,5.8,61.8,-56
2025,RB,WR,RB_vs_WR,AJ Dillon,Devontez Walker,6828,11629,1101,1252,-151,5.8,21,-15.2
2025,RB,WR,RB_vs_WR,AJ Dillon,Nick Westbrook-Ikhine,6828,7496,1101,1242,-141,5.8,8.9,-3.1
2025,RB,WR,RB_vs_WR,AJ Dillon,Curtis Samuel,6828,4082,1101,1238,-137,5.8,14.1,-8.3
2025,RB,WR,RB_vs_WR,AJ Dillon,Xavier Hutchinson,6828,10218,1101,1234,-133,5.8,54.6,-48.8
2025,RB,WR,RB_vs_WR,AJ Dillon,Malachi Corley,6828,11617,1101,1221,-120,5.8,16.8,-11
2025,RB,WR,RB_vs_WR,AJ Dillon,Noah Brown,6828,4234,1101,1159,-58,5.8,8.3,-2.5
2025,RB,WR,RB_vs_WR,AJ Dillon,Greg Dortch,6828,5970,1101,1128,-27,5.8,46.1,-40.3
2025,RB,WR,RB_vs_WR,AJ Dillon,Jonathan Mingo,6828,10225,1101,1108,-7,5.8,2.5,3.3
2025,RB,WR,RB_vs_WR,AJ Dillon,Josh Reynolds,6828,4171,1101,1056,45,5.8,12.1,-6.3
2025,RB,WR,RB_vs_WR,AJ Dillon,Kendrick Bourne,6828,4454,1101,1017,84,5.8,55.1,-49.3
2025,RB,WR,RB_vs_WR,AJ Dillon,KaVontae Turpin,6828,8917,1101,997,104,5.8,57.8,-52
2025,RB,WR,RB_vs_WR,AJ Dillon,Olamide Zaccheaus,6828,6271,1101,995,106,5.8,45.8,-40
2025,RB,WR,RB_vs_WR,AJ Dillon,Jake Bobo,6828,10867,1101,990,111,5.8,2,3.8
2025,RB,WR,RB_vs_WR,AJ Dillon,Tyler Johnson,6828,6960,1101,978,123,5.8,25.7,-19.9
2025,RB,WR,RB_vs_WR,AJ Dillon,Demarcus Robinson,6828,3286,1101,950,151,5.8,33.8,-28
2025,RB,WR,RB_vs_WR,AJ Dillon,Brandin Cooks,6828,2197,1101,949,152,5.8,27.9,-22.1
2025,RB,WR,RB_vs_WR,AJ Dillon,JuJu Smith-Schuster,6828,4040,1101,928,173,5.8,39.2,-33.4
2025,RB,WR,RB_vs_WR,Khalil Herbert,Devontez Walker,7608,11629,1077,1252,-175,1,21,-20
2025,RB,WR,RB_vs_WR,Khalil Herbert,Nick Westbrook-Ikhine,7608,7496,1077,1242,-165,1,8.9,-7.9
2025,RB,WR,RB_vs_WR,Khalil Herbert,Curtis Samuel,7608,4082,1077,1238,-161,1,14.1,-13.1
2025,RB,WR,RB_vs_WR,Khalil Herbert,Xavier Hutchinson,7608,10218,1077,1234,-157,1,54.6,-53.6
2025,RB,WR,RB_vs_WR,Khalil Herbert,Malachi Corley,7608,11617,1077,1221,-144,1,16.8,-15.8
2025,RB,WR,RB_vs_WR,Khalil Herbert,Noah Brown,7608,4234,1077,1159,-82,1,8.3,-7.3
2025,RB,WR,RB_vs_WR,Khalil Herbert,Greg Dortch,7608,5970,1077,1128,-51,1,46.1,-45.1
2025,RB,WR,RB_vs_WR,Khalil Herbert,Jonathan Mingo,7608,10225,1077,1108,-31,1,2.5,-1.5
2025,RB,WR,RB_vs_WR,Khalil Herbert,Josh Reynolds,7608,4171,1077,1056,21,1,12.1,-11.1
2025,RB,WR,RB_vs_WR,Khalil Herbert,Kendrick Bourne,7608,4454,1077,1017,60,1,55.1,-54.1
2025,RB,WR,RB_vs_WR,Khalil Herbert,KaVontae Turpin,7608,8917,1077,997,80,1,57.8,-56.8
2025,RB,WR,RB_vs_WR,Khalil Herbert,Olamide Zaccheaus,7608,6271,1077,995,82,1,45.8,-44.8
2025,RB,WR,RB_vs_WR,Khalil Herbert,Jake Bobo,7608,10867,1077,990,87,1,2,-1
2025,RB,WR,RB_vs_WR,Khalil Herbert,Tyler Johnson,7608,6960,1077,978,99,1,25.7,-24.7
2025,RB,WR,RB_vs_WR,Khalil Herbert,Demarcus Robinson,7608,3286,1077,950,127,1,33.8,-32.8
2025,RB,WR,RB_vs_WR,Khalil Herbert,Brandin Cooks,7608,2197,1077,949,128,1,27.9,-26.9
2025,RB,WR,RB_vs_WR,Khalil Herbert,JuJu Smith-Schuster,7608,4040,1077,928,149,1,39.2,-38.2
2025,RB,WR,RB_vs_WR,Raheem Mostert,Noah Brown,2749,4234,1006,1159,-153,17.4,8.3,9.1
2025,RB,WR,RB_vs_WR,Raheem Mostert,Greg Dortch,2749,5970,1006,1128,-122,17.4,46.1,-28.7
2025,RB,WR,RB_vs_WR,Raheem Mostert,Jonathan Mingo,2749,10225,1006,1108,-102,17.4,2.5,14.9
2025,RB,WR,RB_vs_WR,Raheem Mostert,Josh Reynolds,2749,4171,1006,1056,-50,17.4,12.1,5.3
2025,RB,WR,RB_vs_WR,Raheem Mostert,Kendrick Bourne,2749,4454,1006,1017,-11,17.4,55.1,-37.7
2025,RB,WR,RB_vs_WR,Raheem Mostert,KaVontae Turpin,2749,8917,1006,997,9,17.4,57.8,-40.4
2025,RB,WR,RB_vs_WR,Raheem Mostert,Olamide Zaccheaus,2749,6271,1006,995,11,17.4,45.8,-28.4
2025,RB,WR,RB_vs_WR,Raheem Mostert,Jake Bobo,2749,10867,1006,990,16,17.4,2,15.4
2025,RB,WR,RB_vs_WR,Raheem Mostert,Tyler Johnson,2749,6960,1006,978,28,17.4,25.7,-8.3
2025,RB,WR,RB_vs_WR,Raheem Mostert,Demarcus Robinson,2749,3286,1006,950,56,17.4,33.8,-16.4
2025,RB,WR,RB_vs_WR,Raheem Mostert,Brandin Cooks,2749,2197,1006,949,57,17.4,27.9,-10.5
2025,RB,WR,RB_vs_WR,Raheem Mostert,JuJu Smith-Schuster,2749,4040,1006,928,78,17.4,39.2,-21.8
2025,RB,WR,RB_vs_WR,Zamir White,Noah Brown,8139,4234,993,1159,-166,4.6,8.3,-3.7
2025,RB,WR,RB_vs_WR,Zamir White,Greg Dortch,8139,5970,993,1128,-135,4.6,46.1,-41.5
2025,RB,WR,RB_vs_WR,Zamir White,Jonathan Mingo,8139,10225,993,1108,-115,4.6,2.5,2.1
2025,RB,WR,RB_vs_WR,Zamir White,Josh Reynolds,8139,4171,993,1056,-63,4.6,12.1,-7.5
2025,RB,WR,RB_vs_WR,Zamir White,Kendrick Bourne,8139,4454,993,1017,-24,4.6,55.1,-50.5
2025,RB,WR,RB_vs_WR,Zamir White,KaVontae Turpin,8139,8917,993,997,-4,4.6,57.8,-53.2
2025,RB,WR,RB_vs_WR,Zamir White,Olamide Zaccheaus,8139,6271,993,995,-2,4.6,45.8,-41.2
2025,RB,WR,RB_vs_WR,Zamir White,Jake Bobo,8139,10867,993,990,3,4.6,2,2.6
2025,RB,WR,RB_vs_WR,Zamir White,Tyler Johnson,8139,6960,993,978,15,4.6,25.7,-21.1
2025,RB,WR,RB_vs_WR,Zamir White,Demarcus Robinson,8139,3286,993,950,43,4.6,33.8,-29.2
2025,RB,WR,RB_vs_WR,Zamir White,Brandin Cooks,8139,2197,993,949,44,4.6,27.9,-23.3
2025,RB,WR,RB_vs_WR,Zamir White,JuJu Smith-Schuster,8139,4040,993,928,65,4.6,39.2,-34.6
2025,RB,WR,RB_vs_WR,Cam Akers,Greg Dortch,6938,5970,933,1128,-195,7.2,46.1,-38.9
2025,RB,WR,RB_vs_WR,Cam Akers,Jonathan Mingo,6938,10225,933,1108,-175,7.2,2.5,4.7
2025,RB,WR,RB_vs_WR,Cam Akers,Josh Reynolds,6938,4171,933,1056,-123,7.2,12.1,-4.9
2025,RB,WR,RB_vs_WR,Cam Akers,Kendrick Bourne,6938,4454,933,1017,-84,7.2,55.1,-47.9
2025,RB,WR,RB_vs_WR,Cam Akers,KaVontae Turpin,6938,8917,933,997,-64,7.2,57.8,-50.6
2025,RB,WR,RB_vs_WR,Cam Akers,Olamide Zaccheaus,6938,6271,933,995,-62,7.2,45.8,-38.6
2025,RB,WR,RB_vs_WR,Cam Akers,Jake Bobo,6938,10867,933,990,-57,7.2,2,5.2
2025,RB,WR,RB_vs_WR,Cam Akers,Tyler Johnson,6938,6960,933,978,-45,7.2,25.7,-18.5
2025,RB,WR,RB_vs_WR,Cam Akers,Demarcus Robinson,6938,3286,933,950,-17,7.2,33.8,-26.6
2025,RB,WR,RB_vs_WR,Cam Akers,Brandin Cooks,6938,2197,933,949,-16,7.2,27.9,-20.7
2025,RB,WR,RB_vs_WR,Cam Akers,JuJu Smith-Schuster,6938,4040,933,928,5,7.2,39.2,-32
2025,RB,WR,RB_vs_WR,Emari Demercado,Greg Dortch,11199,5970,933,1128,-195,39.6,46.1,-6.5
2025,RB,WR,RB_vs_WR,Emari Demercado,Jonathan Mingo,11199,10225,933,1108,-175,39.6,2.5,37.1
2025,RB,WR,RB_vs_WR,Emari Demercado,Josh Reynolds,11199,4171,933,1056,-123,39.6,12.1,27.5
2025,RB,WR,RB_vs_WR,Emari Demercado,Kendrick Bourne,11199,4454,933,1017,-84,39.6,55.1,-15.5
2025,RB,WR,RB_vs_WR,Emari Demercado,KaVontae Turpin,11199,8917,933,997,-64,39.6,57.8,-18.2
2025,RB,WR,RB_vs_WR,Emari Demercado,Olamide Zaccheaus,11199,6271,933,995,-62,39.6,45.8,-6.2
2025,RB,WR,RB_vs_WR,Emari Demercado,Jake Bobo,11199,10867,933,990,-57,39.6,2,37.6
2025,RB,WR,RB_vs_WR,Emari Demercado,Tyler Johnson,11199,6960,933,978,-45,39.6,25.7,13.9
2025,RB,WR,RB_vs_WR,Emari Demercado,Demarcus Robinson,11199,3286,933,950,-17,39.6,33.8,5.8
2025,RB,WR,RB_vs_WR,Emari Demercado,Brandin Cooks,11199,2197,933,949,-16,39.6,27.9,11.7
2025,RB,WR,RB_vs_WR,Emari Demercado,JuJu Smith-Schuster,11199,4040,933,928,5,39.6,39.2,0.4
2025,RB,WR,RB_vs_WR,Ty Chandler,Jonathan Mingo,8230,10225,923,1108,-185,2.4,2.5,-0.1
2025,RB,WR,RB_vs_WR,Ty Chandler,Josh Reynolds,8230,4171,923,1056,-133,2.4,12.1,-9.7
2025,RB,WR,RB_vs_WR,Ty Chandler,Kendrick Bourne,8230,4454,923,1017,-94,2.4,55.1,-52.7
2025,RB,WR,RB_vs_WR,Ty Chandler,KaVontae Turpin,8230,8917,923,997,-74,2.4,57.8,-55.4
2025,RB,WR,RB_vs_WR,Ty Chandler,Olamide Zaccheaus,8230,6271,923,995,-72,2.4,45.8,-43.4
2025,RB,WR,RB_vs_WR,Ty Chandler,Jake Bobo,8230,10867,923,990,-67,2.4,2,0.4
2025,RB,WR,RB_vs_WR,Ty Chandler,Tyler Johnson,8230,6960,923,978,-55,2.4,25.7,-23.3
2025,RB,WR,RB_vs_WR,Ty Chandler,Demarcus Robinson,8230,3286,923,950,-27,2.4,33.8,-31.4
2025,RB,WR,RB_vs_WR,Ty Chandler,Brandin Cooks,8230,2197,923,949,-26,2.4,27.9,-25.5
2025,RB,WR,RB_vs_WR,Ty Chandler,JuJu Smith-Schuster,8230,4040,923,928,-5,2.4,39.2,-36.8
2025,RB,TE,RB_vs_TE,Bijan Robinson,Brock Bowers,9509,11604,8997,9094,-97,287.5,144.2,143.3
2025,RB,TE,RB_vs_TE,Chase Brown,Sam LaPorta,9224,10859,5526,5490,36,198.6,86.9,111.7
2025,RB,TE,RB_vs_TE,Jonathan Taylor,Sam LaPorta,6813,10859,5451,5490,-39,312.4,86.9,225.5
2025,RB,TE,RB_vs_TE,Kyren Williams,Sam LaPorta,8150,10859,5397,5490,-93,219.2,86.9,132.3
2025,RB,TE,RB_vs_TE,Christian McCaffrey,Colston Loveland,4034,12517,5071,5134,-63,308.9,116,192.9
2025,RB,TE,RB_vs_TE,Christian McCaffrey,George Kittle,4034,4217,5071,5043,28,308.9,127.6,181.3
2025,RB,TE,RB_vs_TE,James Cook,Colston Loveland,8138,12517,5020,5134,-114,267.7,116,151.7
2025,RB,TE,RB_vs_TE,James Cook,George Kittle,8138,4217,5020,5043,-23,267.7,127.6,140.1
2025,RB,TE,RB_vs_TE,Josh Jacobs,Colston Loveland,5850,12517,4992,5134,-142,201.1,116,85.1
2025,RB,TE,RB_vs_TE,Josh Jacobs,George Kittle,5850,4217,4992,5043,-51,201.1,127.6,73.5
2025,RB,TE,RB_vs_TE,Breece Hall,Colston Loveland,8155,12517,4944,5134,-190,171.7,116,55.7
2025,RB,TE,RB_vs_TE,Breece Hall,George Kittle,8155,4217,4944,5043,-99,171.7,127.6,44.1
2025,RB,TE,RB_vs_TE,Kenneth Walker III,George Kittle,8151,4217,4845,5043,-198,147.6,127.6,20
2025,RB,TE,RB_vs_TE,Chuba Hubbard,T.J. Hockenson,7594,5844,4250,4196,54,93.7,87.3,6.4
2025,RB,TE,RB_vs_TE,Alvin Kamara,David Njoku,4035,4033,3713,3621,92,67.7,69.8,-2.1
2025,RB,TE,RB_vs_TE,Alvin Kamara,Dalton Kincaid,4035,10236,3713,3547,166,67.7,100.3,-32.6
2025,RB,TE,RB_vs_TE,Alvin Kamara,Isaiah Likely,4035,8131,3713,3534,179,67.7,44,23.7
2025,RB,TE,RB_vs_TE,Alvin Kamara,Mark Andrews,4035,5012,3713,3531,182,67.7,104.6,-36.9
2025,RB,TE,RB_vs_TE,Zach Charbonnet,David Njoku,9753,4033,3557,3621,-64,145.7,69.8,75.9
2025,RB,TE,RB_vs_TE,Zach Charbonnet,Dalton Kincaid,9753,10236,3557,3547,10,145.7,100.3,45.4
2025,RB,TE,RB_vs_TE,Zach Charbonnet,Isaiah Likely,9753,8131,3557,3534,23,145.7,44,101.7
2025,RB,TE,RB_vs_TE,Zach Charbonnet,Mark Andrews,9753,5012,3557,3531,26,145.7,104.6,41.1
2025,RB,TE,RB_vs_TE,Zach Charbonnet,Kyle Pitts,9753,7553,3557,3504,53,145.7,158,-12.3
2025,RB,TE,RB_vs_TE,Zach Charbonnet,Evan Engram,9753,4066,3557,3398,159,145.7,71.8,73.9
2025,RB,TE,RB_vs_TE,Zach Charbonnet,Jake Ferguson,9753,8110,3557,3386,171,145.7,146.1,-0.4
2025,RB,TE,RB_vs_TE,Zach Charbonnet,Mason Taylor,9753,12498,3557,3379,178,145.7,66.9,78.8
2025,RB,TE,RB_vs_TE,David Montgomery,David Njoku,5892,4033,3448,3621,-173,137.4,69.8,67.6
2025,RB,TE,RB_vs_TE,David Montgomery,Dalton Kincaid,5892,10236,3448,3547,-99,137.4,100.3,37.1
2025,RB,TE,RB_vs_TE,David Montgomery,Isaiah Likely,5892,8131,3448,3534,-86,137.4,44,93.4
2025,RB,TE,RB_vs_TE,David Montgomery,Mark Andrews,5892,5012,3448,3531,-83,137.4,104.6,32.8
2025,RB,TE,RB_vs_TE,David Montgomery,Kyle Pitts,5892,7553,3448,3504,-56,137.4,158,-20.6
2025,RB,TE,RB_vs_TE,David Montgomery,Evan Engram,5892,4066,3448,3398,50,137.4,71.8,65.6
2025,RB,TE,RB_vs_TE,David Montgomery,Jake Ferguson,5892,8110,3448,3386,62,137.4,146.1,-8.7
2025,RB,TE,RB_vs_TE,David Montgomery,Mason Taylor,5892,12498,3448,3379,69,137.4,66.9,70.5
2025,RB,TE,RB_vs_TE,David Montgomery,Elijah Arroyo,5892,12521,3448,3309,139,137.4,29.4,108
2025,RB,TE,RB_vs_TE,Isiah Pacheco,Dalton Kincaid,8205,10236,3390,3547,-157,68.3,100.3,-32
2025,RB,TE,RB_vs_TE,Isiah Pacheco,Isaiah Likely,8205,8131,3390,3534,-144,68.3,44,24.3
2025,RB,TE,RB_vs_TE,Isiah Pacheco,Mark Andrews,8205,5012,3390,3531,-141,68.3,104.6,-36.3
2025,RB,TE,RB_vs_TE,Isiah Pacheco,Kyle Pitts,8205,7553,3390,3504,-114,68.3,158,-89.7
2025,RB,TE,RB_vs_TE,Isiah Pacheco,Evan Engram,8205,4066,3390,3398,-8,68.3,71.8,-3.5
2025,RB,TE,RB_vs_TE,Isiah Pacheco,Jake Ferguson,8205,8110,3390,3386,4,68.3,146.1,-77.8
2025,RB,TE,RB_vs_TE,Isiah Pacheco,Mason Taylor,8205,12498,3390,3379,11,68.3,66.9,1.4
2025,RB,TE,RB_vs_TE,Isiah Pacheco,Elijah Arroyo,8205,12521,3390,3309,81,68.3,29.4,38.9
2025,RB,TE,RB_vs_TE,Isiah Pacheco,Travis Kelce,8205,1466,3390,3232,158,68.3,152.5,-84.2
2025,RB,TE,RB_vs_TE,Isiah Pacheco,Brenton Strange,8205,9480,3390,3223,167,68.3,80.8,-12.5
2025,RB,TE,RB_vs_TE,James Conner,Dalton Kincaid,4137,10236,3365,3547,-182,25.3,100.3,-75
2025,RB,TE,RB_vs_TE,James Conner,Isaiah Likely,4137,8131,3365,3534,-169,25.3,44,-18.7
2025,RB,TE,RB_vs_TE,James Conner,Mark Andrews,4137,5012,3365,3531,-166,25.3,104.6,-79.3
2025,RB,TE,RB_vs_TE,James Conner,Kyle Pitts,4137,7553,3365,3504,-139,25.3,158,-132.7
2025,RB,TE,RB_vs_TE,James Conner,Evan Engram,4137,4066,3365,3398,-33,25.3,71.8,-46.5
2025,RB,TE,RB_vs_TE,James Conner,Jake Ferguson,4137,8110,3365,3386,-21,25.3,146.1,-120.8
2025,RB,TE,RB_vs_TE,James Conner,Mason Taylor,4137,12498,3365,3379,-14,25.3,66.9,-41.6
2025,RB,TE,RB_vs_TE,James Conner,Elijah Arroyo,4137,12521,3365,3309,56,25.3,29.4,-4.1
2025,RB,TE,RB_vs_TE,James Conner,Travis Kelce,4137,1466,3365,3232,133,25.3,152.5,-127.2
2025,RB,TE,RB_vs_TE,James Conner,Brenton Strange,4137,9480,3365,3223,142,25.3,80.8,-55.5
2025,RB,TE,RB_vs_TE,D'Andre Swift,Evan Engram,6790,4066,3270,3398,-128,189.8,71.8,118
2025,RB,TE,RB_vs_TE,D'Andre Swift,Jake Ferguson,6790,8110,3270,3386,-116,189.8,146.1,43.7
2025,RB,TE,RB_vs_TE,D'Andre Swift,Mason Taylor,6790,12498,3270,3379,-109,189.8,66.9,122.9
2025,RB,TE,RB_vs_TE,D'Andre Swift,Elijah Arroyo,6790,12521,3270,3309,-39,189.8,29.4,160.4
2025,RB,TE,RB_vs_TE,D'Andre Swift,Travis Kelce,6790,1466,3270,3232,38,189.8,152.5,37.3
2025,RB,TE,RB_vs_TE,D'Andre Swift,Brenton Strange,6790,9480,3270,3223,47,189.8,80.8,109
2025,RB,TE,RB_vs_TE,Tony Pollard,Evan Engram,5967,4066,3220,3398,-178,146.3,71.8,74.5
2025,RB,TE,RB_vs_TE,Tony Pollard,Jake Ferguson,5967,8110,3220,3386,-166,146.3,146.1,0.2
2025,RB,TE,RB_vs_TE,Tony Pollard,Mason Taylor,5967,12498,3220,3379,-159,146.3,66.9,79.4
2025,RB,TE,RB_vs_TE,Tony Pollard,Elijah Arroyo,5967,12521,3220,3309,-89,146.3,29.4,116.9
2025,RB,TE,RB_vs_TE,Tony Pollard,Travis Kelce,5967,1466,3220,3232,-12,146.3,152.5,-6.2
2025,RB,TE,RB_vs_TE,Tony Pollard,Brenton Strange,5967,9480,3220,3223,-3,146.3,80.8,65.5
2025,RB,TE,RB_vs_TE,Tony Pollard,Terrance Ferguson,5967,12487,3220,3031,189,146.3,46.6,99.7
2025,RB,TE,RB_vs_TE,Braelon Allen,Jake Ferguson,11576,8110,3188,3386,-198,13.3,146.1,-132.8
2025,RB,TE,RB_vs_TE,Braelon Allen,Mason Taylor,11576,12498,3188,3379,-191,13.3,66.9,-53.6
2025,RB,TE,RB_vs_TE,Braelon Allen,Elijah Arroyo,11576,12521,3188,3309,-121,13.3,29.4,-16.1
2025,RB,TE,RB_vs_TE,Braelon Allen,Travis Kelce,11576,1466,3188,3232,-44,13.3,152.5,-139.2
2025,RB,TE,RB_vs_TE,Braelon Allen,Brenton Strange,11576,9480,3188,3223,-35,13.3,80.8,-67.5
2025,RB,TE,RB_vs_TE,Braelon Allen,Terrance Ferguson,11576,12487,3188,3031,157,13.3,46.6,-33.3
2025,RB,TE,RB_vs_TE,Jordan Mason,Elijah Arroyo,8408,12521,3154,3309,-155,105.5,29.4,76.1
2025,RB,TE,RB_vs_TE,Jordan Mason,Travis Kelce,8408,1466,3154,3232,-78,105.5,152.5,-47
2025,RB,TE,RB_vs_TE,Jordan Mason,Brenton Strange,8408,9480,3154,3223,-69,105.5,80.8,24.7
2025,RB,TE,RB_vs_TE,Jordan Mason,Terrance Ferguson,8408,12487,3154,3031,123,105.5,46.6,58.9
2025,RB,TE,RB_vs_TE,Trey Benson,Elijah Arroyo,11589,12521,3154,3309,-155,22.4,29.4,-7
2025,RB,TE,RB_vs_TE,Trey Benson,Travis Kelce,11589,1466,3154,3232,-78,22.4,152.5,-130.1
2025,RB,TE,RB_vs_TE,Trey Benson,Brenton Strange,11589,9480,3154,3223,-69,22.4,80.8,-58.4
2025,RB,TE,RB_vs_TE,Trey Benson,Terrance Ferguson,11589,12487,3154,3031,123,22.4,46.6,-24.2
2025,RB,TE,RB_vs_TE,Tank Bigsby,Travis Kelce,9225,1466,3102,3232,-130,34.2,152.5,-118.3
2025,RB,TE,RB_vs_TE,Tank Bigsby,Brenton Strange,9225,9480,3102,3223,-121,34.2,80.8,-46.6
2025,RB,TE,RB_vs_TE,Tank Bigsby,Terrance Ferguson,9225,12487,3102,3031,71,34.2,46.6,-12.4
2025,RB,TE,RB_vs_TE,Tank Bigsby,Harold Fannin,9225,12506,3102,2922,180,34.2,150.4,-116.2
2025,RB,TE,RB_vs_TE,Travis Etienne,Terrance Ferguson,7543,12487,3022,3031,-9,214.1,46.6,167.5
2025,RB,TE,RB_vs_TE,Travis Etienne,Harold Fannin,7543,12506,3022,2922,100,214.1,150.4,63.7
2025,RB,TE,RB_vs_TE,Travis Etienne,Cade Otton,7543,8111,3022,2843,179,214.1,73.8,140.3
2025,RB,TE,RB_vs_TE,Jaylen Warren,Terrance Ferguson,8228,12487,2988,3031,-43,167.2,46.6,120.6
2025,RB,TE,RB_vs_TE,Jaylen Warren,Harold Fannin,8228,12506,2988,2922,66,167.2,150.4,16.8
2025,RB,TE,RB_vs_TE,Jaylen Warren,Cade Otton,8228,8111,2988,2843,145,167.2,73.8,93.4
2025,RB,TE,RB_vs_TE,Jaylen Warren,Dallas Goedert,8228,5022,2988,2816,172,167.2,155.1,12.1
2025,RB,TE,RB_vs_TE,Aaron Jones,Terrance Ferguson,4199,12487,2974,3031,-57,90.7,46.6,44.1
2025,RB,TE,RB_vs_TE,Aaron Jones,Harold Fannin,4199,12506,2974,2922,52,90.7,150.4,-59.7
2025,RB,TE,RB_vs_TE,Aaron Jones,Cade Otton,4199,8111,2974,2843,131,90.7,73.8,16.9
2025,RB,TE,RB_vs_TE,Aaron Jones,Dallas Goedert,4199,5022,2974,2816,158,90.7,155.1,-64.4
2025,RB,TE,RB_vs_TE,J.K. Dobbins,Terrance Ferguson,6806,12487,2891,3031,-140,104.9,46.6,58.3
2025,RB,TE,RB_vs_TE,J.K. Dobbins,Harold Fannin,6806,12506,2891,2922,-31,104.9,150.4,-45.5
2025,RB,TE,RB_vs_TE,J.K. Dobbins,Cade Otton,6806,8111,2891,2843,48,104.9,73.8,31.1
2025,RB,TE,RB_vs_TE,J.K. Dobbins,Dallas Goedert,6806,5022,2891,2816,75,104.9,155.1,-50.2
2025,RB,TE,RB_vs_TE,J.K. Dobbins,Ja'Tavion Sanders,6806,11600,2891,2701,190,104.9,39.5,65.4
2025,RB,TE,RB_vs_TE,Tyjae Spears,Harold Fannin,9508,12506,2804,2922,-118,64,150.4,-86.4
2025,RB,TE,RB_vs_TE,Tyjae Spears,Cade Otton,9508,8111,2804,2843,-39,64,73.8,-9.8
2025,RB,TE,RB_vs_TE,Tyjae Spears,Dallas Goedert,9508,5022,2804,2816,-12,64,155.1,-91.1
2025,RB,TE,RB_vs_TE,Tyjae Spears,Ja'Tavion Sanders,9508,11600,2804,2701,103,64,39.5,24.5
2025,RB,TE,RB_vs_TE,Tyjae Spears,Ben Sinnott,9508,11596,2804,2686,118,64,21.6,42.4
2025,RB,TE,RB_vs_TE,Tyjae Spears,Chigoziem Okonkwo,9508,8210,2804,2630,174,64,94.8,-30.8
2025,RB,TE,RB_vs_TE,Tyjae Spears,Pat Freiermuth,9508,7600,2804,2630,174,64,86.5,-22.5
2025,RB,TE,RB_vs_TE,Javonte Williams,Harold Fannin,7588,12506,2764,2922,-158,207.8,150.4,57.4
2025,RB,TE,RB_vs_TE,Javonte Williams,Cade Otton,7588,8111,2764,2843,-79,207.8,73.8,134
2025,RB,TE,RB_vs_TE,Javonte Williams,Dallas Goedert,7588,5022,2764,2816,-52,207.8,155.1,52.7
2025,RB,TE,RB_vs_TE,Javonte Williams,Ja'Tavion Sanders,7588,11600,2764,2701,63,207.8,39.5,168.3
2025,RB,TE,RB_vs_TE,Javonte Williams,Ben Sinnott,7588,11596,2764,2686,78,207.8,21.6,186.2
2025,RB,TE,RB_vs_TE,Javonte Williams,Chigoziem Okonkwo,7588,8210,2764,2630,134,207.8,94.8,113
2025,RB,TE,RB_vs_TE,Javonte Williams,Pat Freiermuth,7588,7600,2764,2630,134,207.8,86.5,121.3
2025,RB,TE,RB_vs_TE,Brian Robinson,Cade Otton,8154,8111,2677,2843,-166,53.6,73.8,-20.2
2025,RB,TE,RB_vs_TE,Brian Robinson,Dallas Goedert,8154,5022,2677,2816,-139,53.6,155.1,-101.5
2025,RB,TE,RB_vs_TE,Brian Robinson,Ja'Tavion Sanders,8154,11600,2677,2701,-24,53.6,39.5,14.1
2025,RB,TE,RB_vs_TE,Brian Robinson,Ben Sinnott,8154,11596,2677,2686,-9,53.6,21.6,32
2025,RB,TE,RB_vs_TE,Brian Robinson,Chigoziem Okonkwo,8154,8210,2677,2630,47,53.6,94.8,-41.2
2025,RB,TE,RB_vs_TE,Brian Robinson,Pat Freiermuth,8154,7600,2677,2630,47,53.6,86.5,-32.9
2025,RB,TE,RB_vs_TE,Brian Robinson,Theo Johnson,8154,11597,2677,2493,184,53.6,105.3,-51.7
2025,RB,TE,RB_vs_TE,Ray Davis,Ja'Tavion Sanders,11575,11600,2567,2701,-134,30.7,39.5,-8.8
2025,RB,TE,RB_vs_TE,Ray Davis,Ben Sinnott,11575,11596,2567,2686,-119,30.7,21.6,9.1
2025,RB,TE,RB_vs_TE,Ray Davis,Chigoziem Okonkwo,11575,8210,2567,2630,-63,30.7,94.8,-64.1
2025,RB,TE,RB_vs_TE,Ray Davis,Pat Freiermuth,11575,7600,2567,2630,-63,30.7,86.5,-55.8
2025,RB,TE,RB_vs_TE,Ray Davis,Theo Johnson,11575,11597,2567,2493,74,30.7,105.3,-74.6
2025,RB,TE,RB_vs_TE,Ray Davis,Jonnu Smith,11575,4144,2567,2439,128,30.7,65.3,-34.6
2025,RB,TE,RB_vs_TE,Ray Davis,Cole Kmet,11575,6826,2567,2383,184,30.7,59.1,-28.4
2025,RB,TE,RB_vs_TE,Rhamondre Stevenson,Ben Sinnott,7611,11596,2487,2686,-199,113.5,21.6,91.9
2025,RB,TE,RB_vs_TE,Rhamondre Stevenson,Chigoziem Okonkwo,7611,8210,2487,2630,-143,113.5,94.8,18.7
2025,RB,TE,RB_vs_TE,Rhamondre Stevenson,Pat Freiermuth,7611,7600,2487,2630,-143,113.5,86.5,27
2025,RB,TE,RB_vs_TE,Rhamondre Stevenson,Theo Johnson,7611,11597,2487,2493,-6,113.5,105.3,8.2
2025,RB,TE,RB_vs_TE,Rhamondre Stevenson,Jonnu Smith,7611,4144,2487,2439,48,113.5,65.3,48.2
2025,RB,TE,RB_vs_TE,Rhamondre Stevenson,Cole Kmet,7611,6826,2487,2383,104,113.5,59.1,54.4
2025,RB,TE,RB_vs_TE,Jaylen Wright,Chigoziem Okonkwo,11643,8210,2481,2630,-149,41.2,94.8,-53.6
2025,RB,TE,RB_vs_TE,Jaylen Wright,Pat Freiermuth,11643,7600,2481,2630,-149,41.2,86.5,-45.3
2025,RB,TE,RB_vs_TE,Jaylen Wright,Theo Johnson,11643,11597,2481,2493,-12,41.2,105.3,-64.1
2025,RB,TE,RB_vs_TE,Jaylen Wright,Jonnu Smith,11643,4144,2481,2439,42,41.2,65.3,-24.1
2025,RB,TE,RB_vs_TE,Jaylen Wright,Cole Kmet,11643,6826,2481,2383,98,41.2,59.1,-17.9
2025,RB,TE,RB_vs_TE,Jaylen Wright,Hunter Henry,11643,3214,2481,2282,199,41.2,140.7,-99.5
2025,RB,TE,RB_vs_TE,Tyler Allgeier,Chigoziem Okonkwo,8132,8210,2458,2630,-172,107.1,94.8,12.3
2025,RB,TE,RB_vs_TE,Tyler Allgeier,Pat Freiermuth,8132,7600,2458,2630,-172,107.1,86.5,20.6
2025,RB,TE,RB_vs_TE,Tyler Allgeier,Theo Johnson,8132,11597,2458,2493,-35,107.1,105.3,1.8
2025,RB,TE,RB_vs_TE,Tyler Allgeier,Jonnu Smith,8132,4144,2458,2439,19,107.1,65.3,41.8
2025,RB,TE,RB_vs_TE,Tyler Allgeier,Cole Kmet,8132,6826,2458,2383,75,107.1,59.1,48
2025,RB,TE,RB_vs_TE,Tyler Allgeier,Hunter Henry,8132,3214,2458,2282,176,107.1,140.7,-33.6
2025,RB,TE,RB_vs_TE,Najee Harris,Chigoziem Okonkwo,7528,8210,2455,2630,-175,8.6,94.8,-86.2
2025,RB,TE,RB_vs_TE,Najee Harris,Pat Freiermuth,7528,7600,2455,2630,-175,8.6,86.5,-77.9
2025,RB,TE,RB_vs_TE,Najee Harris,Theo Johnson,7528,11597,2455,2493,-38,8.6,105.3,-96.7
2025,RB,TE,RB_vs_TE,Najee Harris,Jonnu Smith,7528,4144,2455,2439,16,8.6,65.3,-56.7
2025,RB,TE,RB_vs_TE,Najee Harris,Cole Kmet,7528,6826,2455,2383,72,8.6,59.1,-50.5
2025,RB,TE,RB_vs_TE,Najee Harris,Hunter Henry,7528,3214,2455,2282,173,8.6,140.7,-132.1
2025,RB,TE,RB_vs_TE,Rachaad White,Chigoziem Okonkwo,8136,8210,2444,2630,-186,98.9,94.8,4.1
2025,RB,TE,RB_vs_TE,Rachaad White,Pat Freiermuth,8136,7600,2444,2630,-186,98.9,86.5,12.4
2025,RB,TE,RB_vs_TE,Rachaad White,Theo Johnson,8136,11597,2444,2493,-49,98.9,105.3,-6.4
2025,RB,TE,RB_vs_TE,Rachaad White,Jonnu Smith,8136,4144,2444,2439,5,98.9,65.3,33.6
2025,RB,TE,RB_vs_TE,Rachaad White,Cole Kmet,8136,6826,2444,2383,61,98.9,59.1,39.8
2025,RB,TE,RB_vs_TE,Rachaad White,Hunter Henry,8136,3214,2444,2282,162,98.9,140.7,-41.8
2025,RB,TE,RB_vs_TE,Keaton Mitchell,Theo Johnson,9511,11597,2385,2493,-108,46.2,105.3,-59.1
2025,RB,TE,RB_vs_TE,Keaton Mitchell,Jonnu Smith,9511,4144,2385,2439,-54,46.2,65.3,-19.1
2025,RB,TE,RB_vs_TE,Keaton Mitchell,Cole Kmet,9511,6826,2385,2383,2,46.2,59.1,-12.9
2025,RB,TE,RB_vs_TE,Keaton Mitchell,Hunter Henry,9511,3214,2385,2282,103,46.2,140.7,-94.5
2025,RB,TE,RB_vs_TE,Keaton Mitchell,Zach Ertz,9511,1339,2385,2228,157,46.2,101.4,-55.2
2025,RB,TE,RB_vs_TE,Keaton Mitchell,Dalton Schultz,9511,5001,2385,2221,164,46.2,127.4,-81.2
2025,RB,TE,RB_vs_TE,Keaton Mitchell,Michael Mayer,9511,9482,2385,2210,175,46.2,50.1,-3.9
2025,RB,TE,RB_vs_TE,Keaton Mitchell,Oronde Gadsden,9511,12493,2385,2208,177,46.2,103.6,-57.4
2025,RB,TE,RB_vs_TE,Blake Corum,Jonnu Smith,11586,4144,2267,2439,-172,107.3,65.3,42
2025,RB,TE,RB_vs_TE,Blake Corum,Cole Kmet,11586,6826,2267,2383,-116,107.3,59.1,48.2
2025,RB,TE,RB_vs_TE,Blake Corum,Hunter Henry,11586,3214,2267,2282,-15,107.3,140.7,-33.4
2025,RB,TE,RB_vs_TE,Blake Corum,Zach Ertz,11586,1339,2267,2228,39,107.3,101.4,5.9
2025,RB,TE,RB_vs_TE,Blake Corum,Dalton Schultz,11586,5001,2267,2221,46,107.3,127.4,-20.1
2025,RB,TE,RB_vs_TE,Blake Corum,Michael Mayer,11586,9482,2267,2210,57,107.3,50.1,57.2
2025,RB,TE,RB_vs_TE,Blake Corum,Oronde Gadsden,11586,12493,2267,2208,59,107.3,103.6,3.7
2025,RB,TE,RB_vs_TE,Blake Corum,Mike Gesicki,11586,4993,2267,2153,114,107.3,54.4,52.9
2025,RB,TE,RB_vs_TE,Blake Corum,Luke Musgrave,11586,9481,2267,2143,124,107.3,37.2,70.1
2025,RB,TE,RB_vs_TE,Blake Corum,Noah Gray,11586,7828,2267,2130,137,107.3,23.8,83.5
2025,RB,TE,RB_vs_TE,Blake Corum,Gunnar Helm,11586,12502,2267,2091,176,107.3,69.7,37.6
2025,RB,TE,RB_vs_TE,Jerome Ford,Cole Kmet,8143,6826,2212,2383,-171,17.6,59.1,-41.5
2025,RB,TE,RB_vs_TE,Jerome Ford,Hunter Henry,8143,3214,2212,2282,-70,17.6,140.7,-123.1
2025,RB,TE,RB_vs_TE,Jerome Ford,Zach Ertz,8143,1339,2212,2228,-16,17.6,101.4,-83.8
2025,RB,TE,RB_vs_TE,Jerome Ford,Dalton Schultz,8143,5001,2212,2221,-9,17.6,127.4,-109.8
2025,RB,TE,RB_vs_TE,Jerome Ford,Michael Mayer,8143,9482,2212,2210,2,17.6,50.1,-32.5
2025,RB,TE,RB_vs_TE,Jerome Ford,Oronde Gadsden,8143,12493,2212,2208,4,17.6,103.6,-86
2025,RB,TE,RB_vs_TE,Jerome Ford,Mike Gesicki,8143,4993,2212,2153,59,17.6,54.4,-36.8
2025,RB,TE,RB_vs_TE,Jerome Ford,Luke Musgrave,8143,9481,2212,2143,69,17.6,37.2,-19.6
2025,RB,TE,RB_vs_TE,Jerome Ford,Noah Gray,8143,7828,2212,2130,82,17.6,23.8,-6.2
2025,RB,TE,RB_vs_TE,Jerome Ford,Gunnar Helm,8143,12502,2212,2091,121,17.6,69.7,-52.1
2025,RB,TE,RB_vs_TE,Austin Ekeler,Cole Kmet,4663,6826,2195,2383,-188,8.1,59.1,-51
2025,RB,TE,RB_vs_TE,Austin Ekeler,Hunter Henry,4663,3214,2195,2282,-87,8.1,140.7,-132.6
2025,RB,TE,RB_vs_TE,Austin Ekeler,Zach Ertz,4663,1339,2195,2228,-33,8.1,101.4,-93.3
2025,RB,TE,RB_vs_TE,Austin Ekeler,Dalton Schultz,4663,5001,2195,2221,-26,8.1,127.4,-119.3
2025,RB,TE,RB_vs_TE,Austin Ekeler,Michael Mayer,4663,9482,2195,2210,-15,8.1,50.1,-42
2025,RB,TE,RB_vs_TE,Austin Ekeler,Oronde Gadsden,4663,12493,2195,2208,-13,8.1,103.6,-95.5
2025,RB,TE,RB_vs_TE,Austin Ekeler,Mike Gesicki,4663,4993,2195,2153,42,8.1,54.4,-46.3
2025,RB,TE,RB_vs_TE,Austin Ekeler,Luke Musgrave,4663,9481,2195,2143,52,8.1,37.2,-29.1
2025,RB,TE,RB_vs_TE,Austin Ekeler,Noah Gray,4663,7828,2195,2130,65,8.1,23.8,-15.7
2025,RB,TE,RB_vs_TE,Austin Ekeler,Gunnar Helm,4663,12502,2195,2091,104,8.1,69.7,-61.6
2025,RB,TE,RB_vs_TE,Austin Ekeler,AJ Barner,4663,11603,2195,1996,199,8.1,118.9,-110.8
2025,RB,TE,RB_vs_TE,Chris Rodriguez,Hunter Henry,10219,3214,2174,2282,-108,74.7,140.7,-66
2025,RB,TE,RB_vs_TE,Chris Rodriguez,Zach Ertz,10219,1339,2174,2228,-54,74.7,101.4,-26.7
2025,RB,TE,RB_vs_TE,Chris Rodriguez,Dalton Schultz,10219,5001,2174,2221,-47,74.7,127.4,-52.7
2025,RB,TE,RB_vs_TE,Chris Rodriguez,Michael Mayer,10219,9482,2174,2210,-36,74.7,50.1,24.6
2025,RB,TE,RB_vs_TE,Chris Rodriguez,Oronde Gadsden,10219,12493,2174,2208,-34,74.7,103.6,-28.9
2025,RB,TE,RB_vs_TE,Chris Rodriguez,Mike Gesicki,10219,4993,2174,2153,21,74.7,54.4,20.3
2025,RB,TE,RB_vs_TE,Chris Rodriguez,Luke Musgrave,10219,9481,2174,2143,31,74.7,37.2,37.5
2025,RB,TE,RB_vs_TE,Chris Rodriguez,Noah Gray,10219,7828,2174,2130,44,74.7,23.8,50.9
2025,RB,TE,RB_vs_TE,Chris Rodriguez,Gunnar Helm,10219,12502,2174,2091,83,74.7,69.7,5
2025,RB,TE,RB_vs_TE,Chris Rodriguez,AJ Barner,10219,11603,2174,1996,178,74.7,118.9,-44.2
2025,RB,TE,RB_vs_TE,Will Shipley,Hunter Henry,11577,3214,2090,2282,-192,7.2,140.7,-133.5
2025,RB,TE,RB_vs_TE,Will Shipley,Zach Ertz,11577,1339,2090,2228,-138,7.2,101.4,-94.2
2025,RB,TE,RB_vs_TE,Will Shipley,Dalton Schultz,11577,5001,2090,2221,-131,7.2,127.4,-120.2
2025,RB,TE,RB_vs_TE,Will Shipley,Michael Mayer,11577,9482,2090,2210,-120,7.2,50.1,-42.9
2025,RB,TE,RB_vs_TE,Will Shipley,Oronde Gadsden,11577,12493,2090,2208,-118,7.2,103.6,-96.4
2025,RB,TE,RB_vs_TE,Will Shipley,Mike Gesicki,11577,4993,2090,2153,-63,7.2,54.4,-47.2
2025,RB,TE,RB_vs_TE,Will Shipley,Luke Musgrave,11577,9481,2090,2143,-53,7.2,37.2,-30
2025,RB,TE,RB_vs_TE,Will Shipley,Noah Gray,11577,7828,2090,2130,-40,7.2,23.8,-16.6
2025,RB,TE,RB_vs_TE,Will Shipley,Gunnar Helm,11577,12502,2090,2091,-1,7.2,69.7,-62.5
2025,RB,TE,RB_vs_TE,Will Shipley,AJ Barner,11577,11603,2090,1996,94,7.2,118.9,-111.7
2025,RB,TE,RB_vs_TE,Will Shipley,Dawson Knox,11577,5906,2090,1922,168,7.2,76.3,-69.1
2025,RB,TE,RB_vs_TE,Will Shipley,Juwan Johnson,11577,7002,2090,1915,175,7.2,135.8,-128.6
2025,RB,TE,RB_vs_TE,Sean Tucker,Zach Ertz,9506,1339,2075,2228,-153,83.8,101.4,-17.6
2025,RB,TE,RB_vs_TE,Sean Tucker,Dalton Schultz,9506,5001,2075,2221,-146,83.8,127.4,-43.6
2025,RB,TE,RB_vs_TE,Sean Tucker,Michael Mayer,9506,9482,2075,2210,-135,83.8,50.1,33.7
2025,RB,TE,RB_vs_TE,Sean Tucker,Oronde Gadsden,9506,12493,2075,2208,-133,83.8,103.6,-19.8
2025,RB,TE,RB_vs_TE,Sean Tucker,Mike Gesicki,9506,4993,2075,2153,-78,83.8,54.4,29.4
2025,RB,TE,RB_vs_TE,Sean Tucker,Luke Musgrave,9506,9481,2075,2143,-68,83.8,37.2,46.6
2025,RB,TE,RB_vs_TE,Sean Tucker,Noah Gray,9506,7828,2075,2130,-55,83.8,23.8,60
2025,RB,TE,RB_vs_TE,Sean Tucker,Gunnar Helm,9506,12502,2075,2091,-16,83.8,69.7,14.1
2025,RB,TE,RB_vs_TE,Sean Tucker,AJ Barner,9506,11603,2075,1996,79,83.8,118.9,-35.1
2025,RB,TE,RB_vs_TE,Sean Tucker,Dawson Knox,9506,5906,2075,1922,153,83.8,76.3,7.5
2025,RB,TE,RB_vs_TE,Sean Tucker,Juwan Johnson,9506,7002,2075,1915,160,83.8,135.8,-52
2025,RB,TE,RB_vs_TE,Kendre Miller,Zach Ertz,9757,1339,2050,2228,-178,28.3,101.4,-73.1
2025,RB,TE,RB_vs_TE,Kendre Miller,Dalton Schultz,9757,5001,2050,2221,-171,28.3,127.4,-99.1
2025,RB,TE,RB_vs_TE,Kendre Miller,Michael Mayer,9757,9482,2050,2210,-160,28.3,50.1,-21.8
2025,RB,TE,RB_vs_TE,Kendre Miller,Oronde Gadsden,9757,12493,2050,2208,-158,28.3,103.6,-75.3
2025,RB,TE,RB_vs_TE,Kendre Miller,Mike Gesicki,9757,4993,2050,2153,-103,28.3,54.4,-26.1
2025,RB,TE,RB_vs_TE,Kendre Miller,Luke Musgrave,9757,9481,2050,2143,-93,28.3,37.2,-8.9
2025,RB,TE,RB_vs_TE,Kendre Miller,Noah Gray,9757,7828,2050,2130,-80,28.3,23.8,4.5
2025,RB,TE,RB_vs_TE,Kendre Miller,Gunnar Helm,9757,12502,2050,2091,-41,28.3,69.7,-41.4
2025,RB,TE,RB_vs_TE,Kendre Miller,AJ Barner,9757,11603,2050,1996,54,28.3,118.9,-90.6
2025,RB,TE,RB_vs_TE,Kendre Miller,Dawson Knox,9757,5906,2050,1922,128,28.3,76.3,-48
2025,RB,TE,RB_vs_TE,Kendre Miller,Juwan Johnson,9757,7002,2050,1915,135,28.3,135.8,-107.5
2025,RB,TE,RB_vs_TE,Rico Dowdle,Mike Gesicki,7021,4993,2007,2153,-146,176.3,54.4,121.9
2025,RB,TE,RB_vs_TE,Rico Dowdle,Luke Musgrave,7021,9481,2007,2143,-136,176.3,37.2,139.1
2025,RB,TE,RB_vs_TE,Rico Dowdle,Noah Gray,7021,7828,2007,2130,-123,176.3,23.8,152.5
2025,RB,TE,RB_vs_TE,Rico Dowdle,Gunnar Helm,7021,12502,2007,2091,-84,176.3,69.7,106.6
2025,RB,TE,RB_vs_TE,Rico Dowdle,AJ Barner,7021,11603,2007,1996,11,176.3,118.9,57.4
2025,RB,TE,RB_vs_TE,Rico Dowdle,Dawson Knox,7021,5906,2007,1922,85,176.3,76.3,100
2025,RB,TE,RB_vs_TE,Rico Dowdle,Juwan Johnson,7021,7002,2007,1915,92,176.3,135.8,40.5
2025,RB,TE,RB_vs_TE,Roschon Johnson,Mike Gesicki,10235,4993,1979,2153,-174,1.7,54.4,-52.7
2025,RB,TE,RB_vs_TE,Roschon Johnson,Luke Musgrave,10235,9481,1979,2143,-164,1.7,37.2,-35.5
2025,RB,TE,RB_vs_TE,Roschon Johnson,Noah Gray,10235,7828,1979,2130,-151,1.7,23.8,-22.1
2025,RB,TE,RB_vs_TE,Roschon Johnson,Gunnar Helm,10235,12502,1979,2091,-112,1.7,69.7,-68
2025,RB,TE,RB_vs_TE,Roschon Johnson,AJ Barner,10235,11603,1979,1996,-17,1.7,118.9,-117.2
2025,RB,TE,RB_vs_TE,Roschon Johnson,Dawson Knox,10235,5906,1979,1922,57,1.7,76.3,-74.6
2025,RB,TE,RB_vs_TE,Roschon Johnson,Juwan Johnson,10235,7002,1979,1915,64,1.7,135.8,-134.1
2025,RB,TE,RB_vs_TE,Roschon Johnson,Noah Fant,10235,5857,1979,1800,179,1.7,58.8,-57.1
2025,RB,TE,RB_vs_TE,Nick Chubb,Luke Musgrave,4988,9481,1943,2143,-200,75.3,37.2,38.1
2025,RB,TE,RB_vs_TE,Nick Chubb,Noah Gray,4988,7828,1943,2130,-187,75.3,23.8,51.5
2025,RB,TE,RB_vs_TE,Nick Chubb,Gunnar Helm,4988,12502,1943,2091,-148,75.3,69.7,5.6
2025,RB,TE,RB_vs_TE,Nick Chubb,AJ Barner,4988,11603,1943,1996,-53,75.3,118.9,-43.6
2025,RB,TE,RB_vs_TE,Nick Chubb,Dawson Knox,4988,5906,1943,1922,21,75.3,76.3,-1
2025,RB,TE,RB_vs_TE,Nick Chubb,Juwan Johnson,4988,7002,1943,1915,28,75.3,135.8,-60.5
2025,RB,TE,RB_vs_TE,Nick Chubb,Noah Fant,4988,5857,1943,1800,143,75.3,58.8,16.5
2025,RB,TE,RB_vs_TE,Dameon Pierce,Noah Fant,8129,5857,1705,1800,-95,2.6,58.8,-56.2
2025,RB,TE,RB_vs_TE,Dameon Pierce,Luke Schoonmaker,8129,10871,1705,1667,38,2.6,18.5,-15.9
2025,RB,TE,RB_vs_TE,Dameon Pierce,Darren Waller,8129,2505,1705,1666,39,2.6,76.7,-74.1
2025,RB,TE,RB_vs_TE,Dameon Pierce,Cade Stover,8129,11599,1705,1634,71,2.6,12.5,-9.9
2025,RB,TE,RB_vs_TE,Dameon Pierce,Darnell Washington,8129,9479,1705,1610,95,2.6,57.9,-55.3
2025,RB,TE,RB_vs_TE,Dameon Pierce,Tyler Higbee,8129,3271,1705,1567,138,2.6,41,-38.4
2025,RB,TE,RB_vs_TE,Audric Estime,Luke Schoonmaker,11579,10871,1599,1667,-68,25.5,18.5,7
2025,RB,TE,RB_vs_TE,Audric Estime,Darren Waller,11579,2505,1599,1666,-67,25.5,76.7,-51.2
2025,RB,TE,RB_vs_TE,Audric Estime,Cade Stover,11579,11599,1599,1634,-35,25.5,12.5,13
2025,RB,TE,RB_vs_TE,Audric Estime,Darnell Washington,11579,9479,1599,1610,-11,25.5,57.9,-32.4
2025,RB,TE,RB_vs_TE,Audric Estime,Tyler Higbee,11579,3271,1599,1567,32,25.5,41,-15.5
2025,RB,TE,RB_vs_TE,Audric Estime,Daniel Bellinger,11579,8225,1599,1480,119,25.5,39.3,-13.8
2025,RB,TE,RB_vs_TE,Audric Estime,Tyler Conklin,11579,5133,1599,1450,149,25.5,12.7,12.8
2025,RB,TE,RB_vs_TE,Audric Estime,Colby Parkinson,11579,6865,1599,1428,171,25.5,90.7,-65.2
2025,RB,TE,RB_vs_TE,Audric Estime,Elijah Higgins,11579,10231,1599,1409,190,25.5,38.8,-13.3
2025,RB,TE,RB_vs_TE,Audric Estime,Tommy Tremble,11579,7694,1599,1409,190,25.5,39.1,-13.6
2025,RB,TE,RB_vs_TE,Audric Estime,Jared Wiley,11579,11595,1599,1402,197,25.5,0.9,24.6
2025,RB,TE,RB_vs_TE,Jaleel McLaughlin,Luke Schoonmaker,11439,10871,1596,1667,-71,21.6,18.5,3.1
2025,RB,TE,RB_vs_TE,Jaleel McLaughlin,Darren Waller,11439,2505,1596,1666,-70,21.6,76.7,-55.1
2025,RB,TE,RB_vs_TE,Jaleel McLaughlin,Cade Stover,11439,11599,1596,1634,-38,21.6,12.5,9.1
2025,RB,TE,RB_vs_TE,Jaleel McLaughlin,Darnell Washington,11439,9479,1596,1610,-14,21.6,57.9,-36.3
2025,RB,TE,RB_vs_TE,Jaleel McLaughlin,Tyler Higbee,11439,3271,1596,1567,29,21.6,41,-19.4
2025,RB,TE,RB_vs_TE,Jaleel McLaughlin,Daniel Bellinger,11439,8225,1596,1480,116,21.6,39.3,-17.7
2025,RB,TE,RB_vs_TE,Jaleel McLaughlin,Tyler Conklin,11439,5133,1596,1450,146,21.6,12.7,8.9
2025,RB,TE,RB_vs_TE,Jaleel McLaughlin,Colby Parkinson,11439,6865,1596,1428,168,21.6,90.7,-69.1
2025,RB,TE,RB_vs_TE,Jaleel McLaughlin,Elijah Higgins,11439,10231,1596,1409,187,21.6,38.8,-17.2
2025,RB,TE,RB_vs_TE,Jaleel McLaughlin,Tommy Tremble,11439,7694,1596,1409,187,21.6,39.1,-17.5
2025,RB,TE,RB_vs_TE,Jaleel McLaughlin,Jared Wiley,11439,11595,1596,1402,194,21.6,0.9,20.7
2025,RB,TE,RB_vs_TE,Justice Hill,Luke Schoonmaker,5995,10871,1563,1667,-104,44.2,18.5,25.7
2025,RB,TE,RB_vs_TE,Justice Hill,Darren Waller,5995,2505,1563,1666,-103,44.2,76.7,-32.5
2025,RB,TE,RB_vs_TE,Justice Hill,Cade Stover,5995,11599,1563,1634,-71,44.2,12.5,31.7
2025,RB,TE,RB_vs_TE,Justice Hill,Darnell Washington,5995,9479,1563,1610,-47,44.2,57.9,-13.7
2025,RB,TE,RB_vs_TE,Justice Hill,Tyler Higbee,5995,3271,1563,1567,-4,44.2,41,3.2
2025,RB,TE,RB_vs_TE,Justice Hill,Daniel Bellinger,5995,8225,1563,1480,83,44.2,39.3,4.9
2025,RB,TE,RB_vs_TE,Justice Hill,Tyler Conklin,5995,5133,1563,1450,113,44.2,12.7,31.5
2025,RB,TE,RB_vs_TE,Justice Hill,Colby Parkinson,5995,6865,1563,1428,135,44.2,90.7,-46.5
2025,RB,TE,RB_vs_TE,Justice Hill,Elijah Higgins,5995,10231,1563,1409,154,44.2,38.8,5.4
2025,RB,TE,RB_vs_TE,Justice Hill,Tommy Tremble,5995,7694,1563,1409,154,44.2,39.1,5.1
2025,RB,TE,RB_vs_TE,Justice Hill,Jared Wiley,5995,11595,1563,1402,161,44.2,0.9,43.3
2025,RB,TE,RB_vs_TE,Miles Sanders,Luke Schoonmaker,6151,10871,1524,1667,-143,18.7,18.5,0.2
2025,RB,TE,RB_vs_TE,Miles Sanders,Darren Waller,6151,2505,1524,1666,-142,18.7,76.7,-58
2025,RB,TE,RB_vs_TE,Miles Sanders,Cade Stover,6151,11599,1524,1634,-110,18.7,12.5,6.2
2025,RB,TE,RB_vs_TE,Miles Sanders,Darnell Washington,6151,9479,1524,1610,-86,18.7,57.9,-39.2
2025,RB,TE,RB_vs_TE,Miles Sanders,Tyler Higbee,6151,3271,1524,1567,-43,18.7,41,-22.3
2025,RB,TE,RB_vs_TE,Miles Sanders,Daniel Bellinger,6151,8225,1524,1480,44,18.7,39.3,-20.6
2025,RB,TE,RB_vs_TE,Miles Sanders,Tyler Conklin,6151,5133,1524,1450,74,18.7,12.7,6
2025,RB,TE,RB_vs_TE,Miles Sanders,Colby Parkinson,6151,6865,1524,1428,96,18.7,90.7,-72
2025,RB,TE,RB_vs_TE,Miles Sanders,Elijah Higgins,6151,10231,1524,1409,115,18.7,38.8,-20.1
2025,RB,TE,RB_vs_TE,Miles Sanders,Tommy Tremble,6151,7694,1524,1409,115,18.7,39.1,-20.4
2025,RB,TE,RB_vs_TE,Miles Sanders,Jared Wiley,6151,11595,1524,1402,122,18.7,0.9,17.8
2025,RB,TE,RB_vs_TE,Emanuel Wilson,Tyler Higbee,11435,3271,1383,1567,-184,74.7,41,33.7
2025,RB,TE,RB_vs_TE,Emanuel Wilson,Daniel Bellinger,11435,8225,1383,1480,-97,74.7,39.3,35.4
2025,RB,TE,RB_vs_TE,Emanuel Wilson,Tyler Conklin,11435,5133,1383,1450,-67,74.7,12.7,62
2025,RB,TE,RB_vs_TE,Emanuel Wilson,Colby Parkinson,11435,6865,1383,1428,-45,74.7,90.7,-16
2025,RB,TE,RB_vs_TE,Emanuel Wilson,Elijah Higgins,11435,10231,1383,1409,-26,74.7,38.8,35.9
2025,RB,TE,RB_vs_TE,Emanuel Wilson,Tommy Tremble,11435,7694,1383,1409,-26,74.7,39.1,35.6
2025,RB,TE,RB_vs_TE,Emanuel Wilson,Jared Wiley,11435,11595,1383,1402,-19,74.7,0.9,73.8
2025,RB,TE,RB_vs_TE,Emanuel Wilson,Greg Dulcich,11435,8172,1383,1321,62,74.7,45.2,29.5
2025,RB,TE,RB_vs_TE,Kareem Hunt,Daniel Bellinger,4098,8225,1358,1480,-122,123.9,39.3,84.6
2025,RB,TE,RB_vs_TE,Kareem Hunt,Tyler Conklin,4098,5133,1358,1450,-92,123.9,12.7,111.2
2025,RB,TE,RB_vs_TE,Kareem Hunt,Colby Parkinson,4098,6865,1358,1428,-70,123.9,90.7,33.2
2025,RB,TE,RB_vs_TE,Kareem Hunt,Elijah Higgins,4098,10231,1358,1409,-51,123.9,38.8,85.1
2025,RB,TE,RB_vs_TE,Kareem Hunt,Tommy Tremble,4098,7694,1358,1409,-51,123.9,39.1,84.8
2025,RB,TE,RB_vs_TE,Kareem Hunt,Jared Wiley,4098,11595,1358,1402,-44,123.9,0.9,123
2025,RB,TE,RB_vs_TE,Kareem Hunt,Greg Dulcich,4098,8172,1358,1321,37,123.9,45.2,78.7
2025,RB,TE,RB_vs_TE,Ty Johnson,Daniel Bellinger,6039,8225,1319,1480,-161,58.7,39.3,19.4
2025,RB,TE,RB_vs_TE,Ty Johnson,Tyler Conklin,6039,5133,1319,1450,-131,58.7,12.7,46
2025,RB,TE,RB_vs_TE,Ty Johnson,Colby Parkinson,6039,6865,1319,1428,-109,58.7,90.7,-32
2025,RB,TE,RB_vs_TE,Ty Johnson,Elijah Higgins,6039,10231,1319,1409,-90,58.7,38.8,19.9
2025,RB,TE,RB_vs_TE,Ty Johnson,Tommy Tremble,6039,7694,1319,1409,-90,58.7,39.1,19.6
2025,RB,TE,RB_vs_TE,Ty Johnson,Jared Wiley,6039,11595,1319,1402,-83,58.7,0.9,57.8
2025,RB,TE,RB_vs_TE,Ty Johnson,Greg Dulcich,6039,8172,1319,1321,-2,58.7,45.2,13.5
2025,RB,TE,RB_vs_TE,Ty Johnson,Davis Allen,6039,10214,1319,1156,163,58.7,50.8,7.9
2025,RB,TE,RB_vs_TE,Ty Johnson,Grant Calcaterra,6039,8177,1319,1151,168,58.7,9,49.7
2025,RB,TE,RB_vs_TE,Ty Johnson,Will Dissly,6039,5010,1319,1123,196,58.7,14.1,44.6
2025,RB,TE,RB_vs_TE,Kenneth Gainwell,Daniel Bellinger,7567,8225,1288,1480,-192,134.9,39.3,95.6
2025,RB,TE,RB_vs_TE,Kenneth Gainwell,Tyler Conklin,7567,5133,1288,1450,-162,134.9,12.7,122.2
2025,RB,TE,RB_vs_TE,Kenneth Gainwell,Colby Parkinson,7567,6865,1288,1428,-140,134.9,90.7,44.2
2025,RB,TE,RB_vs_TE,Kenneth Gainwell,Elijah Higgins,7567,10231,1288,1409,-121,134.9,38.8,96.1
2025,RB,TE,RB_vs_TE,Kenneth Gainwell,Tommy Tremble,7567,7694,1288,1409,-121,134.9,39.1,95.8
2025,RB,TE,RB_vs_TE,Kenneth Gainwell,Jared Wiley,7567,11595,1288,1402,-114,134.9,0.9,134
2025,RB,TE,RB_vs_TE,Kenneth Gainwell,Greg Dulcich,7567,8172,1288,1321,-33,134.9,45.2,89.7
2025,RB,TE,RB_vs_TE,Kenneth Gainwell,Davis Allen,7567,10214,1288,1156,132,134.9,50.8,84.1
2025,RB,TE,RB_vs_TE,Kenneth Gainwell,Grant Calcaterra,7567,8177,1288,1151,137,134.9,9,125.9
2025,RB,TE,RB_vs_TE,Kenneth Gainwell,Will Dissly,7567,5010,1288,1123,165,134.9,14.1,120.8
2025,RB,TE,RB_vs_TE,Kenneth Gainwell,Jeremy Ruckert,7567,8145,1288,1092,196,134.9,35.4,99.5
2025,RB,TE,RB_vs_TE,Devin Singletary,Elijah Higgins,6130,10231,1221,1409,-188,80.2,38.8,41.4
2025,RB,TE,RB_vs_TE,Devin Singletary,Tommy Tremble,6130,7694,1221,1409,-188,80.2,39.1,41.1
2025,RB,TE,RB_vs_TE,Devin Singletary,Jared Wiley,6130,11595,1221,1402,-181,80.2,0.9,79.3
2025,RB,TE,RB_vs_TE,Devin Singletary,Greg Dulcich,6130,8172,1221,1321,-100,80.2,45.2,35
2025,RB,TE,RB_vs_TE,Devin Singletary,Davis Allen,6130,10214,1221,1156,65,80.2,50.8,29.4
2025,RB,TE,RB_vs_TE,Devin Singletary,Grant Calcaterra,6130,8177,1221,1151,70,80.2,9,71.2
2025,RB,TE,RB_vs_TE,Devin Singletary,Will Dissly,6130,5010,1221,1123,98,80.2,14.1,66.1
2025,RB,TE,RB_vs_TE,Devin Singletary,Jeremy Ruckert,6130,8145,1221,1092,129,80.2,35.4,44.8
2025,RB,TE,RB_vs_TE,Devin Singletary,Brock Wright,6130,7891,1221,1060,161,80.2,29.8,50.4
2025,RB,TE,RB_vs_TE,Antonio Gibson,Greg Dulcich,6945,8172,1141,1321,-180,21.2,45.2,-24
2025,RB,TE,RB_vs_TE,Antonio Gibson,Davis Allen,6945,10214,1141,1156,-15,21.2,50.8,-29.6
2025,RB,TE,RB_vs_TE,Antonio Gibson,Grant Calcaterra,6945,8177,1141,1151,-10,21.2,9,12.2
2025,RB,TE,RB_vs_TE,Antonio Gibson,Will Dissly,6945,5010,1141,1123,18,21.2,14.1,7.1
2025,RB,TE,RB_vs_TE,Antonio Gibson,Jeremy Ruckert,6945,8145,1141,1092,49,21.2,35.4,-14.2
2025,RB,TE,RB_vs_TE,Antonio Gibson,Brock Wright,6945,7891,1141,1060,81,21.2,29.8,-8.6
2025,RB,TE,RB_vs_TE,Antonio Gibson,Taysom Hill,6945,4381,1141,944,197,21.2,31.6,-10.4
2025,RB,TE,RB_vs_TE,Antonio Gibson,Harrison Bryant,6945,6850,1141,942,199,21.2,1.7,19.5
2025,RB,TE,RB_vs_TE,AJ Dillon,Davis Allen,6828,10214,1101,1156,-55,5.8,50.8,-45
2025,RB,TE,RB_vs_TE,AJ Dillon,Grant Calcaterra,6828,8177,1101,1151,-50,5.8,9,-3.2
2025,RB,TE,RB_vs_TE,AJ Dillon,Will Dissly,6828,5010,1101,1123,-22,5.8,14.1,-8.3
2025,RB,TE,RB_vs_TE,AJ Dillon,Jeremy Ruckert,6828,8145,1101,1092,9,5.8,35.4,-29.6
2025,RB,TE,RB_vs_TE,AJ Dillon,Brock Wright,6828,7891,1101,1060,41,5.8,29.8,-24
2025,RB,TE,RB_vs_TE,AJ Dillon,Taysom Hill,6828,4381,1101,944,157,5.8,31.6,-25.8
2025,RB,TE,RB_vs_TE,AJ Dillon,Harrison Bryant,6828,6850,1101,942,159,5.8,1.7,4.1
2025,RB,TE,RB_vs_TE,Khalil Herbert,Davis Allen,7608,10214,1077,1156,-79,1,50.8,-49.8
2025,RB,TE,RB_vs_TE,Khalil Herbert,Grant Calcaterra,7608,8177,1077,1151,-74,1,9,-8
2025,RB,TE,RB_vs_TE,Khalil Herbert,Will Dissly,7608,5010,1077,1123,-46,1,14.1,-13.1
2025,RB,TE,RB_vs_TE,Khalil Herbert,Jeremy Ruckert,7608,8145,1077,1092,-15,1,35.4,-34.4
2025,RB,TE,RB_vs_TE,Khalil Herbert,Brock Wright,7608,7891,1077,1060,17,1,29.8,-28.8
2025,RB,TE,RB_vs_TE,Khalil Herbert,Taysom Hill,7608,4381,1077,944,133,1,31.6,-30.6
2025,RB,TE,RB_vs_TE,Khalil Herbert,Harrison Bryant,7608,6850,1077,942,135,1,1.7,-0.7
2025,RB,TE,RB_vs_TE,Raheem Mostert,Davis Allen,2749,10214,1006,1156,-150,17.4,50.8,-33.4
2025,RB,TE,RB_vs_TE,Raheem Mostert,Grant Calcaterra,2749,8177,1006,1151,-145,17.4,9,8.4
2025,RB,TE,RB_vs_TE,Raheem Mostert,Will Dissly,2749,5010,1006,1123,-117,17.4,14.1,3.3
2025,RB,TE,RB_vs_TE,Raheem Mostert,Jeremy Ruckert,2749,8145,1006,1092,-86,17.4,35.4,-18
2025,RB,TE,RB_vs_TE,Raheem Mostert,Brock Wright,2749,7891,1006,1060,-54,17.4,29.8,-12.4
2025,RB,TE,RB_vs_TE,Raheem Mostert,Taysom Hill,2749,4381,1006,944,62,17.4,31.6,-14.2
2025,RB,TE,RB_vs_TE,Raheem Mostert,Harrison Bryant,2749,6850,1006,942,64,17.4,1.7,15.7
2025,RB,TE,RB_vs_TE,Zamir White,Davis Allen,8139,10214,993,1156,-163,4.6,50.8,-46.2
2025,RB,TE,RB_vs_TE,Zamir White,Grant Calcaterra,8139,8177,993,1151,-158,4.6,9,-4.4
2025,RB,TE,RB_vs_TE,Zamir White,Will Dissly,8139,5010,993,1123,-130,4.6,14.1,-9.5
2025,RB,TE,RB_vs_TE,Zamir White,Jeremy Ruckert,8139,8145,993,1092,-99,4.6,35.4,-30.8
2025,RB,TE,RB_vs_TE,Zamir White,Brock Wright,8139,7891,993,1060,-67,4.6,29.8,-25.2
2025,RB,TE,RB_vs_TE,Zamir White,Taysom Hill,8139,4381,993,944,49,4.6,31.6,-27
2025,RB,TE,RB_vs_TE,Zamir White,Harrison Bryant,8139,6850,993,942,51,4.6,1.7,2.9
2025,RB,TE,RB_vs_TE,Cam Akers,Will Dissly,6938,5010,933,1123,-190,7.2,14.1,-6.9
2025,RB,TE,RB_vs_TE,Cam Akers,Jeremy Ruckert,6938,8145,933,1092,-159,7.2,35.4,-28.2
2025,RB,TE,RB_vs_TE,Cam Akers,Brock Wright,6938,7891,933,1060,-127,7.2,29.8,-22.6
2025,RB,TE,RB_vs_TE,Cam Akers,Taysom Hill,6938,4381,933,944,-11,7.2,31.6,-24.4
2025,RB,TE,RB_vs_TE,Cam Akers,Harrison Bryant,6938,6850,933,942,-9,7.2,1.7,5.5
2025,RB,TE,RB_vs_TE,Emari Demercado,Will Dissly,11199,5010,933,1123,-190,39.6,14.1,25.5
2025,RB,TE,RB_vs_TE,Emari Demercado,Jeremy Ruckert,11199,8145,933,1092,-159,39.6,35.4,4.2
2025,RB,TE,RB_vs_TE,Emari Demercado,Brock Wright,11199,7891,933,1060,-127,39.6,29.8,9.8
2025,RB,TE,RB_vs_TE,Emari Demercado,Taysom Hill,11199,4381,933,944,-11,39.6,31.6,8
2025,RB,TE,RB_vs_TE,Emari Demercado,Harrison Bryant,11199,6850,933,942,-9,39.6,1.7,37.9
2025,RB,TE,RB_vs_TE,Ty Chandler,Will Dissly,8230,5010,923,1123,-200,2.4,14.1,-11.7
2025,RB,TE,RB_vs_TE,Ty Chandler,Jeremy Ruckert,8230,8145,923,1092,-169,2.4,35.4,-33
2025,RB,TE,RB_vs_TE,Ty Chandler,Brock Wright,8230,7891,923,1060,-137,2.4,29.8,-27.4
2025,RB,TE,RB_vs_TE,Ty Chandler,Taysom Hill,8230,4381,923,944,-21,2.4,31.6,-29.2
2025,RB,TE,RB_vs_TE,Ty Chandler,Harrison Bryant,8230,6850,923,942,-19,2.4,1.7,0.7
2025,WR,TE,WR_vs_TE,Justin Jefferson,Brock Bowers,6794,11604,9072,9094,-22,107.1,144.2,-37.1
2025,WR,TE,WR_vs_TE,Amon-Ra St. Brown,Trey McBride,7547,8130,7362,7315,47,193.1,242.9,-49.8
2025,WR,TE,WR_vs_TE,Puka Nacua,Trey McBride,9493,8130,7186,7315,-129,230,242.9,-12.9
2025,WR,TE,WR_vs_TE,A.J. Brown,Tyler Warren,5859,12518,5791,5734,57,142.3,145.4,-3.1
2025,WR,TE,WR_vs_TE,Garrett Wilson,Tyler Warren,8146,12518,5761,5734,27,63.5,145.4,-81.9
2025,WR,TE,WR_vs_TE,Tee Higgins,Sam LaPorta,6801,10859,5459,5490,-31,139.9,86.9,53
2025,WR,TE,WR_vs_TE,Rome Odunze,Colston Loveland,11620,12517,5078,5134,-56,102.1,116,-13.9
2025,WR,TE,WR_vs_TE,Rome Odunze,George Kittle,11620,4217,5078,5043,35,102.1,127.6,-25.5
2025,WR,TE,WR_vs_TE,Rashee Rice,Colston Loveland,10229,12517,5069,5134,-65,97.1,116,-18.9
2025,WR,TE,WR_vs_TE,Rashee Rice,George Kittle,10229,4217,5069,5043,26,97.1,127.6,-30.5
2025,WR,TE,WR_vs_TE,Jameson Williams,Colston Loveland,8148,12517,4988,5134,-146,147.5,116,31.5
2025,WR,TE,WR_vs_TE,Jameson Williams,George Kittle,8148,4217,4988,5043,-55,147.5,127.6,19.9
2025,WR,TE,WR_vs_TE,DeVonta Smith,Colston Loveland,7525,12517,4971,5134,-163,119.6,116,3.6
2025,WR,TE,WR_vs_TE,DeVonta Smith,George Kittle,7525,4217,4971,5043,-72,119.6,127.6,-8
2025,WR,TE,WR_vs_TE,Zay Flowers,T.J. Hockenson,9997,5844,4384,4196,188,131.5,87.3,44.2
2025,WR,TE,WR_vs_TE,D.J. Moore,T.J. Hockenson,4983,5844,4254,4196,58,119.1,87.3,31.8
2025,WR,TE,WR_vs_TE,Chris Olave,T.J. Hockenson,8144,5844,4116,4196,-80,168,87.3,80.7
2025,WR,TE,WR_vs_TE,Chris Olave,Tucker Kraft,8144,9484,4116,3998,118,168,101.2,66.8
2025,WR,TE,WR_vs_TE,Courtland Sutton,T.J. Hockenson,5045,5844,4112,4196,-84,145.2,87.3,57.9
2025,WR,TE,WR_vs_TE,Courtland Sutton,Tucker Kraft,5045,9484,4112,3998,114,145.2,101.2,44
2025,WR,TE,WR_vs_TE,Mike Evans,David Njoku,2216,4033,3772,3621,151,51.4,69.8,-18.4
2025,WR,TE,WR_vs_TE,Jerry Jeudy,David Njoku,6783,4033,3735,3621,114,68.5,69.8,-1.3
2025,WR,TE,WR_vs_TE,Jerry Jeudy,Dalton Kincaid,6783,10236,3735,3547,188,68.5,100.3,-31.8
2025,WR,TE,WR_vs_TE,Tyreek Hill,David Njoku,3321,4033,3684,3621,63,32.5,69.8,-37.3
2025,WR,TE,WR_vs_TE,Tyreek Hill,Dalton Kincaid,3321,10236,3684,3547,137,32.5,100.3,-67.8
2025,WR,TE,WR_vs_TE,Tyreek Hill,Isaiah Likely,3321,8131,3684,3534,150,32.5,44,-11.5
2025,WR,TE,WR_vs_TE,Tyreek Hill,Mark Andrews,3321,5012,3684,3531,153,32.5,104.6,-72.1
2025,WR,TE,WR_vs_TE,Tyreek Hill,Kyle Pitts,3321,7553,3684,3504,180,32.5,158,-125.5
2025,WR,TE,WR_vs_TE,Josh Downs,David Njoku,9500,4033,3618,3621,-3,72.8,69.8,3
2025,WR,TE,WR_vs_TE,Josh Downs,Dalton Kincaid,9500,10236,3618,3547,71,72.8,100.3,-27.5
2025,WR,TE,WR_vs_TE,Josh Downs,Isaiah Likely,9500,8131,3618,3534,84,72.8,44,28.8
2025,WR,TE,WR_vs_TE,Josh Downs,Mark Andrews,9500,5012,3618,3531,87,72.8,104.6,-31.8
2025,WR,TE,WR_vs_TE,Josh Downs,Kyle Pitts,9500,7553,3618,3504,114,72.8,158,-85.2
2025,WR,TE,WR_vs_TE,Davante Adams,David Njoku,2133,4033,3493,3621,-128,162.9,69.8,93.1
2025,WR,TE,WR_vs_TE,Davante Adams,Dalton Kincaid,2133,10236,3493,3547,-54,162.9,100.3,62.6
2025,WR,TE,WR_vs_TE,Davante Adams,Isaiah Likely,2133,8131,3493,3534,-41,162.9,44,118.9
2025,WR,TE,WR_vs_TE,Davante Adams,Mark Andrews,2133,5012,3493,3531,-38,162.9,104.6,58.3
2025,WR,TE,WR_vs_TE,Davante Adams,Kyle Pitts,2133,7553,3493,3504,-11,162.9,158,4.9
2025,WR,TE,WR_vs_TE,Davante Adams,Evan Engram,2133,4066,3493,3398,95,162.9,71.8,91.1
2025,WR,TE,WR_vs_TE,Davante Adams,Jake Ferguson,2133,8110,3493,3386,107,162.9,146.1,16.8
2025,WR,TE,WR_vs_TE,Davante Adams,Mason Taylor,2133,12498,3493,3379,114,162.9,66.9,96
2025,WR,TE,WR_vs_TE,Davante Adams,Elijah Arroyo,2133,12521,3493,3309,184,162.9,29.4,133.5
2025,WR,TE,WR_vs_TE,Keon Coleman,David Njoku,11637,4033,3447,3621,-174,57.5,69.8,-12.3
2025,WR,TE,WR_vs_TE,Keon Coleman,Dalton Kincaid,11637,10236,3447,3547,-100,57.5,100.3,-42.8
2025,WR,TE,WR_vs_TE,Keon Coleman,Isaiah Likely,11637,8131,3447,3534,-87,57.5,44,13.5
2025,WR,TE,WR_vs_TE,Keon Coleman,Mark Andrews,11637,5012,3447,3531,-84,57.5,104.6,-47.1
2025,WR,TE,WR_vs_TE,Keon Coleman,Kyle Pitts,11637,7553,3447,3504,-57,57.5,158,-100.5
2025,WR,TE,WR_vs_TE,Keon Coleman,Evan Engram,11637,4066,3447,3398,49,57.5,71.8,-14.3
2025,WR,TE,WR_vs_TE,Keon Coleman,Jake Ferguson,11637,8110,3447,3386,61,57.5,146.1,-88.6
2025,WR,TE,WR_vs_TE,Keon Coleman,Mason Taylor,11637,12498,3447,3379,68,57.5,66.9,-9.4
2025,WR,TE,WR_vs_TE,Keon Coleman,Elijah Arroyo,11637,12521,3447,3309,138,57.5,29.4,28.1
2025,WR,TE,WR_vs_TE,Calvin Ridley,Dalton Kincaid,4981,10236,3384,3547,-163,30.3,100.3,-70
2025,WR,TE,WR_vs_TE,Calvin Ridley,Isaiah Likely,4981,8131,3384,3534,-150,30.3,44,-13.7
2025,WR,TE,WR_vs_TE,Calvin Ridley,Mark Andrews,4981,5012,3384,3531,-147,30.3,104.6,-74.3
2025,WR,TE,WR_vs_TE,Calvin Ridley,Kyle Pitts,4981,7553,3384,3504,-120,30.3,158,-127.7
2025,WR,TE,WR_vs_TE,Calvin Ridley,Evan Engram,4981,4066,3384,3398,-14,30.3,71.8,-41.5
2025,WR,TE,WR_vs_TE,Calvin Ridley,Jake Ferguson,4981,8110,3384,3386,-2,30.3,146.1,-115.8
2025,WR,TE,WR_vs_TE,Calvin Ridley,Mason Taylor,4981,12498,3384,3379,5,30.3,66.9,-36.6
2025,WR,TE,WR_vs_TE,Calvin Ridley,Elijah Arroyo,4981,12521,3384,3309,75,30.3,29.4,0.9
2025,WR,TE,WR_vs_TE,Calvin Ridley,Travis Kelce,4981,1466,3384,3232,152,30.3,152.5,-122.2
2025,WR,TE,WR_vs_TE,Calvin Ridley,Brenton Strange,4981,9480,3384,3223,161,30.3,80.8,-50.5
2025,WR,TE,WR_vs_TE,Jayden Reed,Dalton Kincaid,10222,10236,3360,3547,-187,29.5,100.3,-70.8
2025,WR,TE,WR_vs_TE,Jayden Reed,Isaiah Likely,10222,8131,3360,3534,-174,29.5,44,-14.5
2025,WR,TE,WR_vs_TE,Jayden Reed,Mark Andrews,10222,5012,3360,3531,-171,29.5,104.6,-75.1
2025,WR,TE,WR_vs_TE,Jayden Reed,Kyle Pitts,10222,7553,3360,3504,-144,29.5,158,-128.5
2025,WR,TE,WR_vs_TE,Jayden Reed,Evan Engram,10222,4066,3360,3398,-38,29.5,71.8,-42.3
2025,WR,TE,WR_vs_TE,Jayden Reed,Jake Ferguson,10222,8110,3360,3386,-26,29.5,146.1,-116.6
2025,WR,TE,WR_vs_TE,Jayden Reed,Mason Taylor,10222,12498,3360,3379,-19,29.5,66.9,-37.4
2025,WR,TE,WR_vs_TE,Jayden Reed,Elijah Arroyo,10222,12521,3360,3309,51,29.5,29.4,0.1
2025,WR,TE,WR_vs_TE,Jayden Reed,Travis Kelce,10222,1466,3360,3232,128,29.5,152.5,-123
2025,WR,TE,WR_vs_TE,Jayden Reed,Brenton Strange,10222,9480,3360,3223,137,29.5,80.8,-51.3
2025,WR,TE,WR_vs_TE,Khalil Shakir,Evan Engram,8134,4066,3273,3398,-125,94.4,71.8,22.6
2025,WR,TE,WR_vs_TE,Khalil Shakir,Jake Ferguson,8134,8110,3273,3386,-113,94.4,146.1,-51.7
2025,WR,TE,WR_vs_TE,Khalil Shakir,Mason Taylor,8134,12498,3273,3379,-106,94.4,66.9,27.5
2025,WR,TE,WR_vs_TE,Khalil Shakir,Elijah Arroyo,8134,12521,3273,3309,-36,94.4,29.4,65
2025,WR,TE,WR_vs_TE,Khalil Shakir,Travis Kelce,8134,1466,3273,3232,41,94.4,152.5,-58.1
2025,WR,TE,WR_vs_TE,Khalil Shakir,Brenton Strange,8134,9480,3273,3223,50,94.4,80.8,13.6
2025,WR,TE,WR_vs_TE,Jakobi Meyers,Jake Ferguson,5947,8110,3195,3386,-191,96.4,146.1,-49.7
2025,WR,TE,WR_vs_TE,Jakobi Meyers,Mason Taylor,5947,12498,3195,3379,-184,96.4,66.9,29.5
2025,WR,TE,WR_vs_TE,Jakobi Meyers,Elijah Arroyo,5947,12521,3195,3309,-114,96.4,29.4,67
2025,WR,TE,WR_vs_TE,Jakobi Meyers,Travis Kelce,5947,1466,3195,3232,-37,96.4,152.5,-56.1
2025,WR,TE,WR_vs_TE,Jakobi Meyers,Brenton Strange,5947,9480,3195,3223,-28,96.4,80.8,15.6
2025,WR,TE,WR_vs_TE,Jakobi Meyers,Terrance Ferguson,5947,12487,3195,3031,164,96.4,46.6,49.8
2025,WR,TE,WR_vs_TE,Chris Godwin,Elijah Arroyo,4037,12521,3152,3309,-157,49.2,29.4,19.8
2025,WR,TE,WR_vs_TE,Chris Godwin,Travis Kelce,4037,1466,3152,3232,-80,49.2,152.5,-103.3
2025,WR,TE,WR_vs_TE,Chris Godwin,Brenton Strange,4037,9480,3152,3223,-71,49.2,80.8,-31.6
2025,WR,TE,WR_vs_TE,Chris Godwin,Terrance Ferguson,4037,12487,3152,3031,121,49.2,46.6,2.6
2025,WR,TE,WR_vs_TE,Michael Pittman,Travis Kelce,6819,1466,3108,3232,-124,121.3,152.5,-31.2
2025,WR,TE,WR_vs_TE,Michael Pittman,Brenton Strange,6819,9480,3108,3223,-115,121.3,80.8,40.5
2025,WR,TE,WR_vs_TE,Michael Pittman,Terrance Ferguson,6819,12487,3108,3031,77,121.3,46.6,74.7
2025,WR,TE,WR_vs_TE,Michael Pittman,Harold Fannin,6819,12506,3108,2922,186,121.3,150.4,-29.1
2025,WR,TE,WR_vs_TE,Jauan Jennings,Terrance Ferguson,7049,12487,2979,3031,-52,114.8,46.6,68.2
2025,WR,TE,WR_vs_TE,Jauan Jennings,Harold Fannin,7049,12506,2979,2922,57,114.8,150.4,-35.6
2025,WR,TE,WR_vs_TE,Jauan Jennings,Cade Otton,7049,8111,2979,2843,136,114.8,73.8,41
2025,WR,TE,WR_vs_TE,Jauan Jennings,Dallas Goedert,7049,5022,2979,2816,163,114.8,155.1,-40.3
2025,WR,TE,WR_vs_TE,Deebo Samuel,Terrance Ferguson,5872,12487,2964,3031,-67,114.1,46.6,67.5
2025,WR,TE,WR_vs_TE,Deebo Samuel,Harold Fannin,5872,12506,2964,2922,42,114.1,150.4,-36.3
2025,WR,TE,WR_vs_TE,Deebo Samuel,Cade Otton,5872,8111,2964,2843,121,114.1,73.8,40.3
2025,WR,TE,WR_vs_TE,Deebo Samuel,Dallas Goedert,5872,5022,2964,2816,148,114.1,155.1,-41
2025,WR,TE,WR_vs_TE,Marvin Mims,Terrance Ferguson,9494,12487,2963,3031,-68,55,46.6,8.4
2025,WR,TE,WR_vs_TE,Marvin Mims,Harold Fannin,9494,12506,2963,2922,41,55,150.4,-95.4
2025,WR,TE,WR_vs_TE,Marvin Mims,Cade Otton,9494,8111,2963,2843,120,55,73.8,-18.8
2025,WR,TE,WR_vs_TE,Marvin Mims,Dallas Goedert,9494,5022,2963,2816,147,55,155.1,-100.1
2025,WR,TE,WR_vs_TE,Stefon Diggs,Terrance Ferguson,2449,12487,2948,3031,-83,121,46.6,74.4
2025,WR,TE,WR_vs_TE,Stefon Diggs,Harold Fannin,2449,12506,2948,2922,26,121,150.4,-29.4
2025,WR,TE,WR_vs_TE,Stefon Diggs,Cade Otton,2449,8111,2948,2843,105,121,73.8,47.2
2025,WR,TE,WR_vs_TE,Stefon Diggs,Dallas Goedert,2449,5022,2948,2816,132,121,155.1,-34.1
2025,WR,TE,WR_vs_TE,Rashid Shaheed,Terrance Ferguson,8676,12487,2856,3031,-175,97.4,46.6,50.8
2025,WR,TE,WR_vs_TE,Rashid Shaheed,Harold Fannin,8676,12506,2856,2922,-66,97.4,150.4,-53
2025,WR,TE,WR_vs_TE,Rashid Shaheed,Cade Otton,8676,8111,2856,2843,13,97.4,73.8,23.6
2025,WR,TE,WR_vs_TE,Rashid Shaheed,Dallas Goedert,8676,5022,2856,2816,40,97.4,155.1,-57.7
2025,WR,TE,WR_vs_TE,Rashid Shaheed,Ja'Tavion Sanders,8676,11600,2856,2701,155,97.4,39.5,57.9
2025,WR,TE,WR_vs_TE,Rashid Shaheed,Ben Sinnott,8676,11596,2856,2686,170,97.4,21.6,75.8
2025,WR,TE,WR_vs_TE,Xavier Legette,Harold Fannin,11626,12506,2794,2922,-128,52.1,150.4,-98.3
2025,WR,TE,WR_vs_TE,Xavier Legette,Cade Otton,11626,8111,2794,2843,-49,52.1,73.8,-21.7
2025,WR,TE,WR_vs_TE,Xavier Legette,Dallas Goedert,11626,5022,2794,2816,-22,52.1,155.1,-103
2025,WR,TE,WR_vs_TE,Xavier Legette,Ja'Tavion Sanders,11626,11600,2794,2701,93,52.1,39.5,12.6
2025,WR,TE,WR_vs_TE,Xavier Legette,Ben Sinnott,11626,11596,2794,2686,108,52.1,21.6,30.5
2025,WR,TE,WR_vs_TE,Xavier Legette,Chigoziem Okonkwo,11626,8210,2794,2630,164,52.1,94.8,-42.7
2025,WR,TE,WR_vs_TE,Xavier Legette,Pat Freiermuth,11626,7600,2794,2630,164,52.1,86.5,-34.4
2025,WR,TE,WR_vs_TE,Darnell Mooney,Harold Fannin,7090,12506,2789,2922,-133,48.3,150.4,-102.1
2025,WR,TE,WR_vs_TE,Darnell Mooney,Cade Otton,7090,8111,2789,2843,-54,48.3,73.8,-25.5
2025,WR,TE,WR_vs_TE,Darnell Mooney,Dallas Goedert,7090,5022,2789,2816,-27,48.3,155.1,-106.8
2025,WR,TE,WR_vs_TE,Darnell Mooney,Ja'Tavion Sanders,7090,11600,2789,2701,88,48.3,39.5,8.8
2025,WR,TE,WR_vs_TE,Darnell Mooney,Ben Sinnott,7090,11596,2789,2686,103,48.3,21.6,26.7
2025,WR,TE,WR_vs_TE,Darnell Mooney,Chigoziem Okonkwo,7090,8210,2789,2630,159,48.3,94.8,-46.5
2025,WR,TE,WR_vs_TE,Darnell Mooney,Pat Freiermuth,7090,7600,2789,2630,159,48.3,86.5,-38.2
2025,WR,TE,WR_vs_TE,Cedric Tillman,Cade Otton,10444,8111,2704,2843,-139,36.7,73.8,-37.1
2025,WR,TE,WR_vs_TE,Cedric Tillman,Dallas Goedert,10444,5022,2704,2816,-112,36.7,155.1,-118.4
2025,WR,TE,WR_vs_TE,Cedric Tillman,Ja'Tavion Sanders,10444,11600,2704,2701,3,36.7,39.5,-2.8
2025,WR,TE,WR_vs_TE,Cedric Tillman,Ben Sinnott,10444,11596,2704,2686,18,36.7,21.6,15.1
2025,WR,TE,WR_vs_TE,Cedric Tillman,Chigoziem Okonkwo,10444,8210,2704,2630,74,36.7,94.8,-58.1
2025,WR,TE,WR_vs_TE,Cedric Tillman,Pat Freiermuth,10444,7600,2704,2630,74,36.7,86.5,-49.8
2025,WR,TE,WR_vs_TE,Cooper Kupp,Cade Otton,4039,8111,2683,2843,-160,66.4,73.8,-7.4
2025,WR,TE,WR_vs_TE,Cooper Kupp,Dallas Goedert,4039,5022,2683,2816,-133,66.4,155.1,-88.7
2025,WR,TE,WR_vs_TE,Cooper Kupp,Ja'Tavion Sanders,4039,11600,2683,2701,-18,66.4,39.5,26.9
2025,WR,TE,WR_vs_TE,Cooper Kupp,Ben Sinnott,4039,11596,2683,2686,-3,66.4,21.6,44.8
2025,WR,TE,WR_vs_TE,Cooper Kupp,Chigoziem Okonkwo,4039,8210,2683,2630,53,66.4,94.8,-28.4
2025,WR,TE,WR_vs_TE,Cooper Kupp,Pat Freiermuth,4039,7600,2683,2630,53,66.4,86.5,-20.1
2025,WR,TE,WR_vs_TE,Cooper Kupp,Theo Johnson,4039,11597,2683,2493,190,66.4,105.3,-38.9
2025,WR,TE,WR_vs_TE,Jalen McMillan,Cade Otton,11618,8111,2683,2843,-160,16.8,73.8,-57
2025,WR,TE,WR_vs_TE,Jalen McMillan,Dallas Goedert,11618,5022,2683,2816,-133,16.8,155.1,-138.3
2025,WR,TE,WR_vs_TE,Jalen McMillan,Ja'Tavion Sanders,11618,11600,2683,2701,-18,16.8,39.5,-22.7
2025,WR,TE,WR_vs_TE,Jalen McMillan,Ben Sinnott,11618,11596,2683,2686,-3,16.8,21.6,-4.8
2025,WR,TE,WR_vs_TE,Jalen McMillan,Chigoziem Okonkwo,11618,8210,2683,2630,53,16.8,94.8,-78
2025,WR,TE,WR_vs_TE,Jalen McMillan,Pat Freiermuth,11618,7600,2683,2630,53,16.8,86.5,-69.7
2025,WR,TE,WR_vs_TE,Jalen McMillan,Theo Johnson,11618,11597,2683,2493,190,16.8,105.3,-88.5
2025,WR,TE,WR_vs_TE,Rashod Bateman,Cade Otton,7571,8111,2680,2843,-163,36.4,73.8,-37.4
2025,WR,TE,WR_vs_TE,Rashod Bateman,Dallas Goedert,7571,5022,2680,2816,-136,36.4,155.1,-118.7
2025,WR,TE,WR_vs_TE,Rashod Bateman,Ja'Tavion Sanders,7571,11600,2680,2701,-21,36.4,39.5,-3.1
2025,WR,TE,WR_vs_TE,Rashod Bateman,Ben Sinnott,7571,11596,2680,2686,-6,36.4,21.6,14.8
2025,WR,TE,WR_vs_TE,Rashod Bateman,Chigoziem Okonkwo,7571,8210,2680,2630,50,36.4,94.8,-58.4
2025,WR,TE,WR_vs_TE,Rashod Bateman,Pat Freiermuth,7571,7600,2680,2630,50,36.4,86.5,-50.1
2025,WR,TE,WR_vs_TE,Rashod Bateman,Theo Johnson,7571,11597,2680,2493,187,36.4,105.3,-68.9
2025,WR,TE,WR_vs_TE,Demario Douglas,Ja'Tavion Sanders,9501,11600,2552,2701,-149,61.9,39.5,22.4
2025,WR,TE,WR_vs_TE,Demario Douglas,Ben Sinnott,9501,11596,2552,2686,-134,61.9,21.6,40.3
2025,WR,TE,WR_vs_TE,Demario Douglas,Chigoziem Okonkwo,9501,8210,2552,2630,-78,61.9,94.8,-32.9
2025,WR,TE,WR_vs_TE,Demario Douglas,Pat Freiermuth,9501,7600,2552,2630,-78,61.9,86.5,-24.6
2025,WR,TE,WR_vs_TE,Demario Douglas,Theo Johnson,9501,11597,2552,2493,59,61.9,105.3,-43.4
2025,WR,TE,WR_vs_TE,Demario Douglas,Jonnu Smith,9501,4144,2552,2439,113,61.9,65.3,-3.4
2025,WR,TE,WR_vs_TE,Demario Douglas,Cole Kmet,9501,6826,2552,2383,169,61.9,59.1,2.8
2025,WR,TE,WR_vs_TE,Adonai Mitchell,Ja'Tavion Sanders,11625,11600,2550,2701,-151,54.9,39.5,15.4
2025,WR,TE,WR_vs_TE,Adonai Mitchell,Ben Sinnott,11625,11596,2550,2686,-136,54.9,21.6,33.3
2025,WR,TE,WR_vs_TE,Adonai Mitchell,Chigoziem Okonkwo,11625,8210,2550,2630,-80,54.9,94.8,-39.9
2025,WR,TE,WR_vs_TE,Adonai Mitchell,Pat Freiermuth,11625,7600,2550,2630,-80,54.9,86.5,-31.6
2025,WR,TE,WR_vs_TE,Adonai Mitchell,Theo Johnson,11625,11597,2550,2493,57,54.9,105.3,-50.4
2025,WR,TE,WR_vs_TE,Adonai Mitchell,Jonnu Smith,11625,4144,2550,2439,111,54.9,65.3,-10.4
2025,WR,TE,WR_vs_TE,Adonai Mitchell,Cole Kmet,11625,6826,2550,2383,167,54.9,59.1,-4.2
2025,WR,TE,WR_vs_TE,Romeo Doubs,Theo Johnson,8121,11597,2421,2493,-72,110.4,105.3,5.1
2025,WR,TE,WR_vs_TE,Romeo Doubs,Jonnu Smith,8121,4144,2421,2439,-18,110.4,65.3,45.1
2025,WR,TE,WR_vs_TE,Romeo Doubs,Cole Kmet,8121,6826,2421,2383,38,110.4,59.1,51.3
2025,WR,TE,WR_vs_TE,Romeo Doubs,Hunter Henry,8121,3214,2421,2282,139,110.4,140.7,-30.3
2025,WR,TE,WR_vs_TE,Romeo Doubs,Zach Ertz,8121,1339,2421,2228,193,110.4,101.4,9
2025,WR,TE,WR_vs_TE,Romeo Doubs,Dalton Schultz,8121,5001,2421,2221,200,110.4,127.4,-17
2025,WR,TE,WR_vs_TE,Wan'Dale Robinson,Jonnu Smith,8126,4144,2286,2439,-153,125.9,65.3,60.6
2025,WR,TE,WR_vs_TE,Wan'Dale Robinson,Cole Kmet,8126,6826,2286,2383,-97,125.9,59.1,66.8
2025,WR,TE,WR_vs_TE,Wan'Dale Robinson,Hunter Henry,8126,3214,2286,2282,4,125.9,140.7,-14.8
2025,WR,TE,WR_vs_TE,Wan'Dale Robinson,Zach Ertz,8126,1339,2286,2228,58,125.9,101.4,24.5
2025,WR,TE,WR_vs_TE,Wan'Dale Robinson,Dalton Schultz,8126,5001,2286,2221,65,125.9,127.4,-1.5
2025,WR,TE,WR_vs_TE,Wan'Dale Robinson,Michael Mayer,8126,9482,2286,2210,76,125.9,50.1,75.8
2025,WR,TE,WR_vs_TE,Wan'Dale Robinson,Oronde Gadsden,8126,12493,2286,2208,78,125.9,103.6,22.3
2025,WR,TE,WR_vs_TE,Wan'Dale Robinson,Mike Gesicki,8126,4993,2286,2153,133,125.9,54.4,71.5
2025,WR,TE,WR_vs_TE,Wan'Dale Robinson,Luke Musgrave,8126,9481,2286,2143,143,125.9,37.2,88.7
2025,WR,TE,WR_vs_TE,Wan'Dale Robinson,Noah Gray,8126,7828,2286,2130,156,125.9,23.8,102.1
2025,WR,TE,WR_vs_TE,Wan'Dale Robinson,Gunnar Helm,8126,12502,2286,2091,195,125.9,69.7,56.2
2025,WR,TE,WR_vs_TE,Christian Kirk,Jonnu Smith,4950,4144,2279,2439,-160,30.2,65.3,-35.1
2025,WR,TE,WR_vs_TE,Christian Kirk,Cole Kmet,4950,6826,2279,2383,-104,30.2,59.1,-28.9
2025,WR,TE,WR_vs_TE,Christian Kirk,Hunter Henry,4950,3214,2279,2282,-3,30.2,140.7,-110.5
2025,WR,TE,WR_vs_TE,Christian Kirk,Zach Ertz,4950,1339,2279,2228,51,30.2,101.4,-71.2
2025,WR,TE,WR_vs_TE,Christian Kirk,Dalton Schultz,4950,5001,2279,2221,58,30.2,127.4,-97.2
2025,WR,TE,WR_vs_TE,Christian Kirk,Michael Mayer,4950,9482,2279,2210,69,30.2,50.1,-19.9
2025,WR,TE,WR_vs_TE,Christian Kirk,Oronde Gadsden,4950,12493,2279,2208,71,30.2,103.6,-73.4
2025,WR,TE,WR_vs_TE,Christian Kirk,Mike Gesicki,4950,4993,2279,2153,126,30.2,54.4,-24.2
2025,WR,TE,WR_vs_TE,Christian Kirk,Luke Musgrave,4950,9481,2279,2143,136,30.2,37.2,-7
2025,WR,TE,WR_vs_TE,Christian Kirk,Noah Gray,4950,7828,2279,2130,149,30.2,23.8,6.4
2025,WR,TE,WR_vs_TE,Christian Kirk,Gunnar Helm,4950,12502,2279,2091,188,30.2,69.7,-39.5
2025,WR,TE,WR_vs_TE,Troy Franklin,Jonnu Smith,11627,4144,2276,2439,-163,112.1,65.3,46.8
2025,WR,TE,WR_vs_TE,Troy Franklin,Cole Kmet,11627,6826,2276,2383,-107,112.1,59.1,53
2025,WR,TE,WR_vs_TE,Troy Franklin,Hunter Henry,11627,3214,2276,2282,-6,112.1,140.7,-28.6
2025,WR,TE,WR_vs_TE,Troy Franklin,Zach Ertz,11627,1339,2276,2228,48,112.1,101.4,10.7
2025,WR,TE,WR_vs_TE,Troy Franklin,Dalton Schultz,11627,5001,2276,2221,55,112.1,127.4,-15.3
2025,WR,TE,WR_vs_TE,Troy Franklin,Michael Mayer,11627,9482,2276,2210,66,112.1,50.1,62
2025,WR,TE,WR_vs_TE,Troy Franklin,Oronde Gadsden,11627,12493,2276,2208,68,112.1,103.6,8.5
2025,WR,TE,WR_vs_TE,Troy Franklin,Mike Gesicki,11627,4993,2276,2153,123,112.1,54.4,57.7
2025,WR,TE,WR_vs_TE,Troy Franklin,Luke Musgrave,11627,9481,2276,2143,133,112.1,37.2,74.9
2025,WR,TE,WR_vs_TE,Troy Franklin,Noah Gray,11627,7828,2276,2130,146,112.1,23.8,88.3
2025,WR,TE,WR_vs_TE,Troy Franklin,Gunnar Helm,11627,12502,2276,2091,185,112.1,69.7,42.4
2025,WR,TE,WR_vs_TE,Quentin Johnston,Cole Kmet,9754,6826,2198,2383,-185,120.2,59.1,61.1
2025,WR,TE,WR_vs_TE,Quentin Johnston,Hunter Henry,9754,3214,2198,2282,-84,120.2,140.7,-20.5
2025,WR,TE,WR_vs_TE,Quentin Johnston,Zach Ertz,9754,1339,2198,2228,-30,120.2,101.4,18.8
2025,WR,TE,WR_vs_TE,Quentin Johnston,Dalton Schultz,9754,5001,2198,2221,-23,120.2,127.4,-7.2
2025,WR,TE,WR_vs_TE,Quentin Johnston,Michael Mayer,9754,9482,2198,2210,-12,120.2,50.1,70.1
2025,WR,TE,WR_vs_TE,Quentin Johnston,Oronde Gadsden,9754,12493,2198,2208,-10,120.2,103.6,16.6
2025,WR,TE,WR_vs_TE,Quentin Johnston,Mike Gesicki,9754,4993,2198,2153,45,120.2,54.4,65.8
2025,WR,TE,WR_vs_TE,Quentin Johnston,Luke Musgrave,9754,9481,2198,2143,55,120.2,37.2,83
2025,WR,TE,WR_vs_TE,Quentin Johnston,Noah Gray,9754,7828,2198,2130,68,120.2,23.8,96.4
2025,WR,TE,WR_vs_TE,Quentin Johnston,Gunnar Helm,9754,12502,2198,2091,107,120.2,69.7,50.5
2025,WR,TE,WR_vs_TE,Christian Watson,Hunter Henry,8167,3214,2120,2282,-162,97.4,140.7,-43.3
2025,WR,TE,WR_vs_TE,Christian Watson,Zach Ertz,8167,1339,2120,2228,-108,97.4,101.4,-4
2025,WR,TE,WR_vs_TE,Christian Watson,Dalton Schultz,8167,5001,2120,2221,-101,97.4,127.4,-30
2025,WR,TE,WR_vs_TE,Christian Watson,Michael Mayer,8167,9482,2120,2210,-90,97.4,50.1,47.3
2025,WR,TE,WR_vs_TE,Christian Watson,Oronde Gadsden,8167,12493,2120,2208,-88,97.4,103.6,-6.2
2025,WR,TE,WR_vs_TE,Christian Watson,Mike Gesicki,8167,4993,2120,2153,-33,97.4,54.4,43
2025,WR,TE,WR_vs_TE,Christian Watson,Luke Musgrave,8167,9481,2120,2143,-23,97.4,37.2,60.2
2025,WR,TE,WR_vs_TE,Christian Watson,Noah Gray,8167,7828,2120,2130,-10,97.4,23.8,73.6
2025,WR,TE,WR_vs_TE,Christian Watson,Gunnar Helm,8167,12502,2120,2091,29,97.4,69.7,27.7
2025,WR,TE,WR_vs_TE,Christian Watson,AJ Barner,8167,11603,2120,1996,124,97.4,118.9,-21.5
2025,WR,TE,WR_vs_TE,Christian Watson,Dawson Knox,8167,5906,2120,1922,198,97.4,76.3,21.1
2025,WR,TE,WR_vs_TE,Alec Pierce,Zach Ertz,8142,1339,2077,2228,-151,111.1,101.4,9.7
2025,WR,TE,WR_vs_TE,Alec Pierce,Dalton Schultz,8142,5001,2077,2221,-144,111.1,127.4,-16.3
2025,WR,TE,WR_vs_TE,Alec Pierce,Michael Mayer,8142,9482,2077,2210,-133,111.1,50.1,61
2025,WR,TE,WR_vs_TE,Alec Pierce,Oronde Gadsden,8142,12493,2077,2208,-131,111.1,103.6,7.5
2025,WR,TE,WR_vs_TE,Alec Pierce,Mike Gesicki,8142,4993,2077,2153,-76,111.1,54.4,56.7
2025,WR,TE,WR_vs_TE,Alec Pierce,Luke Musgrave,8142,9481,2077,2143,-66,111.1,37.2,73.9
2025,WR,TE,WR_vs_TE,Alec Pierce,Noah Gray,8142,7828,2077,2130,-53,111.1,23.8,87.3
2025,WR,TE,WR_vs_TE,Alec Pierce,Gunnar Helm,8142,12502,2077,2091,-14,111.1,69.7,41.4
2025,WR,TE,WR_vs_TE,Alec Pierce,AJ Barner,8142,11603,2077,1996,81,111.1,118.9,-7.8
2025,WR,TE,WR_vs_TE,Alec Pierce,Dawson Knox,8142,5906,2077,1922,155,111.1,76.3,34.8
2025,WR,TE,WR_vs_TE,Alec Pierce,Juwan Johnson,8142,7002,2077,1915,162,111.1,135.8,-24.7
2025,WR,TE,WR_vs_TE,Marquise Brown,Zach Ertz,5848,1339,2072,2228,-156,82.3,101.4,-19.1
2025,WR,TE,WR_vs_TE,Marquise Brown,Dalton Schultz,5848,5001,2072,2221,-149,82.3,127.4,-45.1
2025,WR,TE,WR_vs_TE,Marquise Brown,Michael Mayer,5848,9482,2072,2210,-138,82.3,50.1,32.2
2025,WR,TE,WR_vs_TE,Marquise Brown,Oronde Gadsden,5848,12493,2072,2208,-136,82.3,103.6,-21.3
2025,WR,TE,WR_vs_TE,Marquise Brown,Mike Gesicki,5848,4993,2072,2153,-81,82.3,54.4,27.9
2025,WR,TE,WR_vs_TE,Marquise Brown,Luke Musgrave,5848,9481,2072,2143,-71,82.3,37.2,45.1
2025,WR,TE,WR_vs_TE,Marquise Brown,Noah Gray,5848,7828,2072,2130,-58,82.3,23.8,58.5
2025,WR,TE,WR_vs_TE,Marquise Brown,Gunnar Helm,5848,12502,2072,2091,-19,82.3,69.7,12.6
2025,WR,TE,WR_vs_TE,Marquise Brown,AJ Barner,5848,11603,2072,1996,76,82.3,118.9,-36.6
2025,WR,TE,WR_vs_TE,Marquise Brown,Dawson Knox,5848,5906,2072,1922,150,82.3,76.3,6
2025,WR,TE,WR_vs_TE,Marquise Brown,Juwan Johnson,5848,7002,2072,1915,157,82.3,135.8,-53.5
2025,WR,TE,WR_vs_TE,Roman Wilson,Zach Ertz,11630,1339,2043,2228,-185,26.6,101.4,-74.8
2025,WR,TE,WR_vs_TE,Roman Wilson,Dalton Schultz,11630,5001,2043,2221,-178,26.6,127.4,-100.8
2025,WR,TE,WR_vs_TE,Roman Wilson,Michael Mayer,11630,9482,2043,2210,-167,26.6,50.1,-23.5
2025,WR,TE,WR_vs_TE,Roman Wilson,Oronde Gadsden,11630,12493,2043,2208,-165,26.6,103.6,-77
2025,WR,TE,WR_vs_TE,Roman Wilson,Mike Gesicki,11630,4993,2043,2153,-110,26.6,54.4,-27.8
2025,WR,TE,WR_vs_TE,Roman Wilson,Luke Musgrave,11630,9481,2043,2143,-100,26.6,37.2,-10.6
2025,WR,TE,WR_vs_TE,Roman Wilson,Noah Gray,11630,7828,2043,2130,-87,26.6,23.8,2.8
2025,WR,TE,WR_vs_TE,Roman Wilson,Gunnar Helm,11630,12502,2043,2091,-48,26.6,69.7,-43.1
2025,WR,TE,WR_vs_TE,Roman Wilson,AJ Barner,11630,11603,2043,1996,47,26.6,118.9,-92.3
2025,WR,TE,WR_vs_TE,Roman Wilson,Dawson Knox,11630,5906,2043,1922,121,26.6,76.3,-49.7
2025,WR,TE,WR_vs_TE,Roman Wilson,Juwan Johnson,11630,7002,2043,1915,128,26.6,135.8,-109.2
2025,WR,TE,WR_vs_TE,Dontayvion Wicks,Mike Gesicki,9486,4993,1968,2153,-185,45.8,54.4,-8.6
2025,WR,TE,WR_vs_TE,Dontayvion Wicks,Luke Musgrave,9486,9481,1968,2143,-175,45.8,37.2,8.6
2025,WR,TE,WR_vs_TE,Dontayvion Wicks,Noah Gray,9486,7828,1968,2130,-162,45.8,23.8,22
2025,WR,TE,WR_vs_TE,Dontayvion Wicks,Gunnar Helm,9486,12502,1968,2091,-123,45.8,69.7,-23.9
2025,WR,TE,WR_vs_TE,Dontayvion Wicks,AJ Barner,9486,11603,1968,1996,-28,45.8,118.9,-73.1
2025,WR,TE,WR_vs_TE,Dontayvion Wicks,Dawson Knox,9486,5906,1968,1922,46,45.8,76.3,-30.5
2025,WR,TE,WR_vs_TE,Dontayvion Wicks,Juwan Johnson,9486,7002,1968,1915,53,45.8,135.8,-90
2025,WR,TE,WR_vs_TE,Dontayvion Wicks,Noah Fant,9486,5857,1968,1800,168,45.8,58.8,-13
2025,WR,TE,WR_vs_TE,Michael Wilson,Luke Musgrave,10232,9481,1947,2143,-196,126.7,37.2,89.5
2025,WR,TE,WR_vs_TE,Michael Wilson,Noah Gray,10232,7828,1947,2130,-183,126.7,23.8,102.9
2025,WR,TE,WR_vs_TE,Michael Wilson,Gunnar Helm,10232,12502,1947,2091,-144,126.7,69.7,57
2025,WR,TE,WR_vs_TE,Michael Wilson,AJ Barner,10232,11603,1947,1996,-49,126.7,118.9,7.8
2025,WR,TE,WR_vs_TE,Michael Wilson,Dawson Knox,10232,5906,1947,1922,25,126.7,76.3,50.4
2025,WR,TE,WR_vs_TE,Michael Wilson,Juwan Johnson,10232,7002,1947,1915,32,126.7,135.8,-9.1
2025,WR,TE,WR_vs_TE,Michael Wilson,Noah Fant,10232,5857,1947,1800,147,126.7,58.8,67.9
2025,WR,TE,WR_vs_TE,Keenan Allen,AJ Barner,1479,11603,1889,1996,-107,98.1,118.9,-20.8
2025,WR,TE,WR_vs_TE,Keenan Allen,Dawson Knox,1479,5906,1889,1922,-33,98.1,76.3,21.8
2025,WR,TE,WR_vs_TE,Keenan Allen,Juwan Johnson,1479,7002,1889,1915,-26,98.1,135.8,-37.7
2025,WR,TE,WR_vs_TE,Keenan Allen,Noah Fant,1479,5857,1889,1800,89,98.1,58.8,39.3
2025,WR,TE,WR_vs_TE,Andrei Iosivas,AJ Barner,10226,11603,1877,1996,-119,55.9,118.9,-63
2025,WR,TE,WR_vs_TE,Andrei Iosivas,Dawson Knox,10226,5906,1877,1922,-45,55.9,76.3,-20.4
2025,WR,TE,WR_vs_TE,Andrei Iosivas,Juwan Johnson,10226,7002,1877,1915,-38,55.9,135.8,-79.9
2025,WR,TE,WR_vs_TE,Andrei Iosivas,Noah Fant,10226,5857,1877,1800,77,55.9,58.8,-2.9
2025,WR,TE,WR_vs_TE,Tre Tucker,AJ Barner,10213,11603,1863,1996,-133,101.3,118.9,-17.6
2025,WR,TE,WR_vs_TE,Tre Tucker,Dawson Knox,10213,5906,1863,1922,-59,101.3,76.3,25
2025,WR,TE,WR_vs_TE,Tre Tucker,Juwan Johnson,10213,7002,1863,1915,-52,101.3,135.8,-34.5
2025,WR,TE,WR_vs_TE,Tre Tucker,Noah Fant,10213,5857,1863,1800,63,101.3,58.8,42.5
2025,WR,TE,WR_vs_TE,Tre Tucker,Luke Schoonmaker,10213,10871,1863,1667,196,101.3,18.5,82.8
2025,WR,TE,WR_vs_TE,Tre Tucker,Darren Waller,10213,2505,1863,1666,197,101.3,76.7,24.6
2025,WR,TE,WR_vs_TE,Kayshon Boutte,AJ Barner,9504,11603,1842,1996,-154,88.7,118.9,-30.2
2025,WR,TE,WR_vs_TE,Kayshon Boutte,Dawson Knox,9504,5906,1842,1922,-80,88.7,76.3,12.4
2025,WR,TE,WR_vs_TE,Kayshon Boutte,Juwan Johnson,9504,7002,1842,1915,-73,88.7,135.8,-47.1
2025,WR,TE,WR_vs_TE,Kayshon Boutte,Noah Fant,9504,5857,1842,1800,42,88.7,58.8,29.9
2025,WR,TE,WR_vs_TE,Kayshon Boutte,Luke Schoonmaker,9504,10871,1842,1667,175,88.7,18.5,70.2
2025,WR,TE,WR_vs_TE,Kayshon Boutte,Darren Waller,9504,2505,1842,1666,176,88.7,76.7,12
2025,WR,TE,WR_vs_TE,Malik Washington,AJ Barner,11610,11603,1826,1996,-170,61.9,118.9,-57
2025,WR,TE,WR_vs_TE,Malik Washington,Dawson Knox,11610,5906,1826,1922,-96,61.9,76.3,-14.4
2025,WR,TE,WR_vs_TE,Malik Washington,Juwan Johnson,11610,7002,1826,1915,-89,61.9,135.8,-73.9
2025,WR,TE,WR_vs_TE,Malik Washington,Noah Fant,11610,5857,1826,1800,26,61.9,58.8,3.1
2025,WR,TE,WR_vs_TE,Malik Washington,Luke Schoonmaker,11610,10871,1826,1667,159,61.9,18.5,43.4
2025,WR,TE,WR_vs_TE,Malik Washington,Darren Waller,11610,2505,1826,1666,160,61.9,76.7,-14.8
2025,WR,TE,WR_vs_TE,Malik Washington,Cade Stover,11610,11599,1826,1634,192,61.9,12.5,49.4
2025,WR,TE,WR_vs_TE,Adam Thielen,AJ Barner,1689,11603,1804,1996,-192,16.3,118.9,-102.6
2025,WR,TE,WR_vs_TE,Adam Thielen,Dawson Knox,1689,5906,1804,1922,-118,16.3,76.3,-60
2025,WR,TE,WR_vs_TE,Adam Thielen,Juwan Johnson,1689,7002,1804,1915,-111,16.3,135.8,-119.5
2025,WR,TE,WR_vs_TE,Adam Thielen,Noah Fant,1689,5857,1804,1800,4,16.3,58.8,-42.5
2025,WR,TE,WR_vs_TE,Adam Thielen,Luke Schoonmaker,1689,10871,1804,1667,137,16.3,18.5,-2.2
2025,WR,TE,WR_vs_TE,Adam Thielen,Darren Waller,1689,2505,1804,1666,138,16.3,76.7,-60.4
2025,WR,TE,WR_vs_TE,Adam Thielen,Cade Stover,1689,11599,1804,1634,170,16.3,12.5,3.8
2025,WR,TE,WR_vs_TE,Adam Thielen,Darnell Washington,1689,9479,1804,1610,194,16.3,57.9,-41.6
2025,WR,TE,WR_vs_TE,Dyami Brown,Dawson Knox,7587,5906,1769,1922,-153,28.9,76.3,-47.4
2025,WR,TE,WR_vs_TE,Dyami Brown,Juwan Johnson,7587,7002,1769,1915,-146,28.9,135.8,-106.9
2025,WR,TE,WR_vs_TE,Dyami Brown,Noah Fant,7587,5857,1769,1800,-31,28.9,58.8,-29.9
2025,WR,TE,WR_vs_TE,Dyami Brown,Luke Schoonmaker,7587,10871,1769,1667,102,28.9,18.5,10.4
2025,WR,TE,WR_vs_TE,Dyami Brown,Darren Waller,7587,2505,1769,1666,103,28.9,76.7,-47.8
2025,WR,TE,WR_vs_TE,Dyami Brown,Cade Stover,7587,11599,1769,1634,135,28.9,12.5,16.4
2025,WR,TE,WR_vs_TE,Dyami Brown,Darnell Washington,7587,9479,1769,1610,159,28.9,57.9,-29
2025,WR,TE,WR_vs_TE,Luke McCaffrey,Dawson Knox,11650,5906,1734,1922,-188,40.3,76.3,-36
2025,WR,TE,WR_vs_TE,Luke McCaffrey,Juwan Johnson,11650,7002,1734,1915,-181,40.3,135.8,-95.5
2025,WR,TE,WR_vs_TE,Luke McCaffrey,Noah Fant,11650,5857,1734,1800,-66,40.3,58.8,-18.5
2025,WR,TE,WR_vs_TE,Luke McCaffrey,Luke Schoonmaker,11650,10871,1734,1667,67,40.3,18.5,21.8
2025,WR,TE,WR_vs_TE,Luke McCaffrey,Darren Waller,11650,2505,1734,1666,68,40.3,76.7,-36.4
2025,WR,TE,WR_vs_TE,Luke McCaffrey,Cade Stover,11650,11599,1734,1634,100,40.3,12.5,27.8
2025,WR,TE,WR_vs_TE,Luke McCaffrey,Darnell Washington,11650,9479,1734,1610,124,40.3,57.9,-17.6
2025,WR,TE,WR_vs_TE,Luke McCaffrey,Tyler Higbee,11650,3271,1734,1567,167,40.3,41,-0.7
2025,WR,TE,WR_vs_TE,Calvin Austin III,Noah Fant,8125,5857,1698,1800,-102,43.7,58.8,-15.1
2025,WR,TE,WR_vs_TE,Calvin Austin III,Luke Schoonmaker,8125,10871,1698,1667,31,43.7,18.5,25.2
2025,WR,TE,WR_vs_TE,Calvin Austin III,Darren Waller,8125,2505,1698,1666,32,43.7,76.7,-33
2025,WR,TE,WR_vs_TE,Calvin Austin III,Cade Stover,8125,11599,1698,1634,64,43.7,12.5,31.2
2025,WR,TE,WR_vs_TE,Calvin Austin III,Darnell Washington,8125,9479,1698,1610,88,43.7,57.9,-14.2
2025,WR,TE,WR_vs_TE,Calvin Austin III,Tyler Higbee,8125,3271,1698,1567,131,43.7,41,2.7
2025,WR,TE,WR_vs_TE,Jalen Nailor,Noah Fant,8180,5857,1685,1800,-115,66.8,58.8,8
2025,WR,TE,WR_vs_TE,Jalen Nailor,Luke Schoonmaker,8180,10871,1685,1667,18,66.8,18.5,48.3
2025,WR,TE,WR_vs_TE,Jalen Nailor,Darren Waller,8180,2505,1685,1666,19,66.8,76.7,-9.9
2025,WR,TE,WR_vs_TE,Jalen Nailor,Cade Stover,8180,11599,1685,1634,51,66.8,12.5,54.3
2025,WR,TE,WR_vs_TE,Jalen Nailor,Darnell Washington,8180,9479,1685,1610,75,66.8,57.9,8.9
2025,WR,TE,WR_vs_TE,Jalen Nailor,Tyler Higbee,8180,3271,1685,1567,118,66.8,41,25.8
2025,WR,TE,WR_vs_TE,John Metchie,Noah Fant,8147,5857,1671,1800,-129,36.9,58.8,-21.9
2025,WR,TE,WR_vs_TE,John Metchie,Luke Schoonmaker,8147,10871,1671,1667,4,36.9,18.5,18.4
2025,WR,TE,WR_vs_TE,John Metchie,Darren Waller,8147,2505,1671,1666,5,36.9,76.7,-39.8
2025,WR,TE,WR_vs_TE,John Metchie,Cade Stover,8147,11599,1671,1634,37,36.9,12.5,24.4
2025,WR,TE,WR_vs_TE,John Metchie,Darnell Washington,8147,9479,1671,1610,61,36.9,57.9,-21
2025,WR,TE,WR_vs_TE,John Metchie,Tyler Higbee,8147,3271,1671,1567,104,36.9,41,-4.1
2025,WR,TE,WR_vs_TE,John Metchie,Daniel Bellinger,8147,8225,1671,1480,191,36.9,39.3,-2.4
2025,WR,TE,WR_vs_TE,Elijah Moore,Noah Fant,7596,5857,1668,1800,-132,19.6,58.8,-39.2
2025,WR,TE,WR_vs_TE,Elijah Moore,Luke Schoonmaker,7596,10871,1668,1667,1,19.6,18.5,1.1
2025,WR,TE,WR_vs_TE,Elijah Moore,Darren Waller,7596,2505,1668,1666,2,19.6,76.7,-57.1
2025,WR,TE,WR_vs_TE,Elijah Moore,Cade Stover,7596,11599,1668,1634,34,19.6,12.5,7.1
2025,WR,TE,WR_vs_TE,Elijah Moore,Darnell Washington,7596,9479,1668,1610,58,19.6,57.9,-38.3
2025,WR,TE,WR_vs_TE,Elijah Moore,Tyler Higbee,7596,3271,1668,1567,101,19.6,41,-21.4
2025,WR,TE,WR_vs_TE,Elijah Moore,Daniel Bellinger,7596,8225,1668,1480,188,19.6,39.3,-19.7
2025,WR,TE,WR_vs_TE,DeAndre Hopkins,Luke Schoonmaker,1426,10871,1589,1667,-78,45,18.5,26.5
2025,WR,TE,WR_vs_TE,DeAndre Hopkins,Darren Waller,1426,2505,1589,1666,-77,45,76.7,-31.7
2025,WR,TE,WR_vs_TE,DeAndre Hopkins,Cade Stover,1426,11599,1589,1634,-45,45,12.5,32.5
2025,WR,TE,WR_vs_TE,DeAndre Hopkins,Darnell Washington,1426,9479,1589,1610,-21,45,57.9,-12.9
2025,WR,TE,WR_vs_TE,DeAndre Hopkins,Tyler Higbee,1426,3271,1589,1567,22,45,41,4
2025,WR,TE,WR_vs_TE,DeAndre Hopkins,Daniel Bellinger,1426,8225,1589,1480,109,45,39.3,5.7
2025,WR,TE,WR_vs_TE,DeAndre Hopkins,Tyler Conklin,1426,5133,1589,1450,139,45,12.7,32.3
2025,WR,TE,WR_vs_TE,DeAndre Hopkins,Colby Parkinson,1426,6865,1589,1428,161,45,90.7,-45.7
2025,WR,TE,WR_vs_TE,DeAndre Hopkins,Elijah Higgins,1426,10231,1589,1409,180,45,38.8,6.2
2025,WR,TE,WR_vs_TE,DeAndre Hopkins,Tommy Tremble,1426,7694,1589,1409,180,45,39.1,5.9
2025,WR,TE,WR_vs_TE,DeAndre Hopkins,Jared Wiley,1426,11595,1589,1402,187,45,0.9,44.1
2025,WR,TE,WR_vs_TE,Parker Washington,Luke Schoonmaker,9487,10871,1582,1667,-85,112,18.5,93.5
2025,WR,TE,WR_vs_TE,Parker Washington,Darren Waller,9487,2505,1582,1666,-84,112,76.7,35.3
2025,WR,TE,WR_vs_TE,Parker Washington,Cade Stover,9487,11599,1582,1634,-52,112,12.5,99.5
2025,WR,TE,WR_vs_TE,Parker Washington,Darnell Washington,9487,9479,1582,1610,-28,112,57.9,54.1
2025,WR,TE,WR_vs_TE,Parker Washington,Tyler Higbee,9487,3271,1582,1567,15,112,41,71
2025,WR,TE,WR_vs_TE,Parker Washington,Daniel Bellinger,9487,8225,1582,1480,102,112,39.3,72.7
2025,WR,TE,WR_vs_TE,Parker Washington,Tyler Conklin,9487,5133,1582,1450,132,112,12.7,99.3
2025,WR,TE,WR_vs_TE,Parker Washington,Colby Parkinson,9487,6865,1582,1428,154,112,90.7,21.3
2025,WR,TE,WR_vs_TE,Parker Washington,Elijah Higgins,9487,10231,1582,1409,173,112,38.8,73.2
2025,WR,TE,WR_vs_TE,Parker Washington,Tommy Tremble,9487,7694,1582,1409,173,112,39.1,72.9
2025,WR,TE,WR_vs_TE,Parker Washington,Jared Wiley,9487,11595,1582,1402,180,112,0.9,111.1
2025,WR,TE,WR_vs_TE,Darius Slayton,Luke Schoonmaker,6149,10871,1561,1667,-106,56.4,18.5,37.9
2025,WR,TE,WR_vs_TE,Darius Slayton,Darren Waller,6149,2505,1561,1666,-105,56.4,76.7,-20.3
2025,WR,TE,WR_vs_TE,Darius Slayton,Cade Stover,6149,11599,1561,1634,-73,56.4,12.5,43.9
2025,WR,TE,WR_vs_TE,Darius Slayton,Darnell Washington,6149,9479,1561,1610,-49,56.4,57.9,-1.5
2025,WR,TE,WR_vs_TE,Darius Slayton,Tyler Higbee,6149,3271,1561,1567,-6,56.4,41,15.4
2025,WR,TE,WR_vs_TE,Darius Slayton,Daniel Bellinger,6149,8225,1561,1480,81,56.4,39.3,17.1
2025,WR,TE,WR_vs_TE,Darius Slayton,Tyler Conklin,6149,5133,1561,1450,111,56.4,12.7,43.7
2025,WR,TE,WR_vs_TE,Darius Slayton,Colby Parkinson,6149,6865,1561,1428,133,56.4,90.7,-34.3
2025,WR,TE,WR_vs_TE,Darius Slayton,Elijah Higgins,6149,10231,1561,1409,152,56.4,38.8,17.6
2025,WR,TE,WR_vs_TE,Darius Slayton,Tommy Tremble,6149,7694,1561,1409,152,56.4,39.1,17.3
2025,WR,TE,WR_vs_TE,Darius Slayton,Jared Wiley,6149,11595,1561,1402,159,56.4,0.9,55.5
2025,WR,TE,WR_vs_TE,Tutu Atwell,Luke Schoonmaker,7562,10871,1521,1667,-146,23.3,18.5,4.8
2025,WR,TE,WR_vs_TE,Tutu Atwell,Darren Waller,7562,2505,1521,1666,-145,23.3,76.7,-53.4
2025,WR,TE,WR_vs_TE,Tutu Atwell,Cade Stover,7562,11599,1521,1634,-113,23.3,12.5,10.8
2025,WR,TE,WR_vs_TE,Tutu Atwell,Darnell Washington,7562,9479,1521,1610,-89,23.3,57.9,-34.6
2025,WR,TE,WR_vs_TE,Tutu Atwell,Tyler Higbee,7562,3271,1521,1567,-46,23.3,41,-17.7
2025,WR,TE,WR_vs_TE,Tutu Atwell,Daniel Bellinger,7562,8225,1521,1480,41,23.3,39.3,-16
2025,WR,TE,WR_vs_TE,Tutu Atwell,Tyler Conklin,7562,5133,1521,1450,71,23.3,12.7,10.6
2025,WR,TE,WR_vs_TE,Tutu Atwell,Colby Parkinson,7562,6865,1521,1428,93,23.3,90.7,-67.4
2025,WR,TE,WR_vs_TE,Tutu Atwell,Elijah Higgins,7562,10231,1521,1409,112,23.3,38.8,-15.5
2025,WR,TE,WR_vs_TE,Tutu Atwell,Tommy Tremble,7562,7694,1521,1409,112,23.3,39.1,-15.8
2025,WR,TE,WR_vs_TE,Tutu Atwell,Jared Wiley,7562,11595,1521,1402,119,23.3,0.9,22.4
2025,WR,TE,WR_vs_TE,Tutu Atwell,Greg Dulcich,7562,8172,1521,1321,200,23.3,45.2,-21.9
2025,WR,TE,WR_vs_TE,Jalin Hyatt,Luke Schoonmaker,9497,10871,1516,1667,-151,3.5,18.5,-15
2025,WR,TE,WR_vs_TE,Jalin Hyatt,Darren Waller,9497,2505,1516,1666,-150,3.5,76.7,-73.2
2025,WR,TE,WR_vs_TE,Jalin Hyatt,Cade Stover,9497,11599,1516,1634,-118,3.5,12.5,-9
2025,WR,TE,WR_vs_TE,Jalin Hyatt,Darnell Washington,9497,9479,1516,1610,-94,3.5,57.9,-54.4
2025,WR,TE,WR_vs_TE,Jalin Hyatt,Tyler Higbee,9497,3271,1516,1567,-51,3.5,41,-37.5
2025,WR,TE,WR_vs_TE,Jalin Hyatt,Daniel Bellinger,9497,8225,1516,1480,36,3.5,39.3,-35.8
2025,WR,TE,WR_vs_TE,Jalin Hyatt,Tyler Conklin,9497,5133,1516,1450,66,3.5,12.7,-9.2
2025,WR,TE,WR_vs_TE,Jalin Hyatt,Colby Parkinson,9497,6865,1516,1428,88,3.5,90.7,-87.2
2025,WR,TE,WR_vs_TE,Jalin Hyatt,Elijah Higgins,9497,10231,1516,1409,107,3.5,38.8,-35.3
2025,WR,TE,WR_vs_TE,Jalin Hyatt,Tommy Tremble,9497,7694,1516,1409,107,3.5,39.1,-35.6
2025,WR,TE,WR_vs_TE,Jalin Hyatt,Jared Wiley,9497,11595,1516,1402,114,3.5,0.9,2.6
2025,WR,TE,WR_vs_TE,Jalin Hyatt,Greg Dulcich,9497,8172,1516,1321,195,3.5,45.2,-41.7
2025,WR,TE,WR_vs_TE,Jalen Tolbert,Darnell Washington,8117,9479,1413,1610,-197,28.3,57.9,-29.6
2025,WR,TE,WR_vs_TE,Jalen Tolbert,Tyler Higbee,8117,3271,1413,1567,-154,28.3,41,-12.7
2025,WR,TE,WR_vs_TE,Jalen Tolbert,Daniel Bellinger,8117,8225,1413,1480,-67,28.3,39.3,-11
2025,WR,TE,WR_vs_TE,Jalen Tolbert,Tyler Conklin,8117,5133,1413,1450,-37,28.3,12.7,15.6
2025,WR,TE,WR_vs_TE,Jalen Tolbert,Colby Parkinson,8117,6865,1413,1428,-15,28.3,90.7,-62.4
2025,WR,TE,WR_vs_TE,Jalen Tolbert,Elijah Higgins,8117,10231,1413,1409,4,28.3,38.8,-10.5
2025,WR,TE,WR_vs_TE,Jalen Tolbert,Tommy Tremble,8117,7694,1413,1409,4,28.3,39.1,-10.8
2025,WR,TE,WR_vs_TE,Jalen Tolbert,Jared Wiley,8117,11595,1413,1402,11,28.3,0.9,27.4
2025,WR,TE,WR_vs_TE,Jalen Tolbert,Greg Dulcich,8117,8172,1413,1321,92,28.3,45.2,-16.9
2025,WR,TE,WR_vs_TE,Tyler Lockett,Darnell Washington,2374,9479,1412,1610,-198,40.6,57.9,-17.3
2025,WR,TE,WR_vs_TE,Tyler Lockett,Tyler Higbee,2374,3271,1412,1567,-155,40.6,41,-0.4
2025,WR,TE,WR_vs_TE,Tyler Lockett,Daniel Bellinger,2374,8225,1412,1480,-68,40.6,39.3,1.3
2025,WR,TE,WR_vs_TE,Tyler Lockett,Tyler Conklin,2374,5133,1412,1450,-38,40.6,12.7,27.9
2025,WR,TE,WR_vs_TE,Tyler Lockett,Colby Parkinson,2374,6865,1412,1428,-16,40.6,90.7,-50.1
2025,WR,TE,WR_vs_TE,Tyler Lockett,Elijah Higgins,2374,10231,1412,1409,3,40.6,38.8,1.8
2025,WR,TE,WR_vs_TE,Tyler Lockett,Tommy Tremble,2374,7694,1412,1409,3,40.6,39.1,1.5
2025,WR,TE,WR_vs_TE,Tyler Lockett,Jared Wiley,2374,11595,1412,1402,10,40.6,0.9,39.7
2025,WR,TE,WR_vs_TE,Tyler Lockett,Greg Dulcich,2374,8172,1412,1321,91,40.6,45.2,-4.6
2025,WR,TE,WR_vs_TE,Jahan Dotson,Daniel Bellinger,8119,8225,1311,1480,-169,28.2,39.3,-11.1
2025,WR,TE,WR_vs_TE,Jahan Dotson,Tyler Conklin,8119,5133,1311,1450,-139,28.2,12.7,15.5
2025,WR,TE,WR_vs_TE,Jahan Dotson,Colby Parkinson,8119,6865,1311,1428,-117,28.2,90.7,-62.5
2025,WR,TE,WR_vs_TE,Jahan Dotson,Elijah Higgins,8119,10231,1311,1409,-98,28.2,38.8,-10.6
2025,WR,TE,WR_vs_TE,Jahan Dotson,Tommy Tremble,8119,7694,1311,1409,-98,28.2,39.1,-10.9
2025,WR,TE,WR_vs_TE,Jahan Dotson,Jared Wiley,8119,11595,1311,1402,-91,28.2,0.9,27.3
2025,WR,TE,WR_vs_TE,Jahan Dotson,Greg Dulcich,8119,8172,1311,1321,-10,28.2,45.2,-17
2025,WR,TE,WR_vs_TE,Jahan Dotson,Davis Allen,8119,10214,1311,1156,155,28.2,50.8,-22.6
2025,WR,TE,WR_vs_TE,Jahan Dotson,Grant Calcaterra,8119,8177,1311,1151,160,28.2,9,19.2
2025,WR,TE,WR_vs_TE,Jahan Dotson,Will Dissly,8119,5010,1311,1123,188,28.2,14.1,14.1
2025,WR,TE,WR_vs_TE,Tyquan Thornton,Daniel Bellinger,8188,8225,1294,1480,-186,61.8,39.3,22.5
2025,WR,TE,WR_vs_TE,Tyquan Thornton,Tyler Conklin,8188,5133,1294,1450,-156,61.8,12.7,49.1
2025,WR,TE,WR_vs_TE,Tyquan Thornton,Colby Parkinson,8188,6865,1294,1428,-134,61.8,90.7,-28.9
2025,WR,TE,WR_vs_TE,Tyquan Thornton,Elijah Higgins,8188,10231,1294,1409,-115,61.8,38.8,23
2025,WR,TE,WR_vs_TE,Tyquan Thornton,Tommy Tremble,8188,7694,1294,1409,-115,61.8,39.1,22.7
2025,WR,TE,WR_vs_TE,Tyquan Thornton,Jared Wiley,8188,11595,1294,1402,-108,61.8,0.9,60.9
2025,WR,TE,WR_vs_TE,Tyquan Thornton,Greg Dulcich,8188,8172,1294,1321,-27,61.8,45.2,16.6
2025,WR,TE,WR_vs_TE,Tyquan Thornton,Davis Allen,8188,10214,1294,1156,138,61.8,50.8,11
2025,WR,TE,WR_vs_TE,Tyquan Thornton,Grant Calcaterra,8188,8177,1294,1151,143,61.8,9,52.8
2025,WR,TE,WR_vs_TE,Tyquan Thornton,Will Dissly,8188,5010,1294,1123,171,61.8,14.1,47.7
2025,WR,TE,WR_vs_TE,Devontez Walker,Tyler Conklin,11629,5133,1252,1450,-198,21,12.7,8.3
2025,WR,TE,WR_vs_TE,Devontez Walker,Colby Parkinson,11629,6865,1252,1428,-176,21,90.7,-69.7
2025,WR,TE,WR_vs_TE,Devontez Walker,Elijah Higgins,11629,10231,1252,1409,-157,21,38.8,-17.8
2025,WR,TE,WR_vs_TE,Devontez Walker,Tommy Tremble,11629,7694,1252,1409,-157,21,39.1,-18.1
2025,WR,TE,WR_vs_TE,Devontez Walker,Jared Wiley,11629,11595,1252,1402,-150,21,0.9,20.1
2025,WR,TE,WR_vs_TE,Devontez Walker,Greg Dulcich,11629,8172,1252,1321,-69,21,45.2,-24.2
2025,WR,TE,WR_vs_TE,Devontez Walker,Davis Allen,11629,10214,1252,1156,96,21,50.8,-29.8
2025,WR,TE,WR_vs_TE,Devontez Walker,Grant Calcaterra,11629,8177,1252,1151,101,21,9,12
2025,WR,TE,WR_vs_TE,Devontez Walker,Will Dissly,11629,5010,1252,1123,129,21,14.1,6.9
2025,WR,TE,WR_vs_TE,Devontez Walker,Jeremy Ruckert,11629,8145,1252,1092,160,21,35.4,-14.4
2025,WR,TE,WR_vs_TE,Devontez Walker,Brock Wright,11629,7891,1252,1060,192,21,29.8,-8.8
2025,WR,TE,WR_vs_TE,Nick Westbrook-Ikhine,Colby Parkinson,7496,6865,1242,1428,-186,8.9,90.7,-81.8
2025,WR,TE,WR_vs_TE,Nick Westbrook-Ikhine,Elijah Higgins,7496,10231,1242,1409,-167,8.9,38.8,-29.9
2025,WR,TE,WR_vs_TE,Nick Westbrook-Ikhine,Tommy Tremble,7496,7694,1242,1409,-167,8.9,39.1,-30.2
2025,WR,TE,WR_vs_TE,Nick Westbrook-Ikhine,Jared Wiley,7496,11595,1242,1402,-160,8.9,0.9,8
2025,WR,TE,WR_vs_TE,Nick Westbrook-Ikhine,Greg Dulcich,7496,8172,1242,1321,-79,8.9,45.2,-36.3
2025,WR,TE,WR_vs_TE,Nick Westbrook-Ikhine,Davis Allen,7496,10214,1242,1156,86,8.9,50.8,-41.9
2025,WR,TE,WR_vs_TE,Nick Westbrook-Ikhine,Grant Calcaterra,7496,8177,1242,1151,91,8.9,9,-0.1
2025,WR,TE,WR_vs_TE,Nick Westbrook-Ikhine,Will Dissly,7496,5010,1242,1123,119,8.9,14.1,-5.2
2025,WR,TE,WR_vs_TE,Nick Westbrook-Ikhine,Jeremy Ruckert,7496,8145,1242,1092,150,8.9,35.4,-26.5
2025,WR,TE,WR_vs_TE,Nick Westbrook-Ikhine,Brock Wright,7496,7891,1242,1060,182,8.9,29.8,-20.9
2025,WR,TE,WR_vs_TE,Curtis Samuel,Colby Parkinson,4082,6865,1238,1428,-190,14.1,90.7,-76.6
2025,WR,TE,WR_vs_TE,Curtis Samuel,Elijah Higgins,4082,10231,1238,1409,-171,14.1,38.8,-24.7
2025,WR,TE,WR_vs_TE,Curtis Samuel,Tommy Tremble,4082,7694,1238,1409,-171,14.1,39.1,-25
2025,WR,TE,WR_vs_TE,Curtis Samuel,Jared Wiley,4082,11595,1238,1402,-164,14.1,0.9,13.2
2025,WR,TE,WR_vs_TE,Curtis Samuel,Greg Dulcich,4082,8172,1238,1321,-83,14.1,45.2,-31.1
2025,WR,TE,WR_vs_TE,Curtis Samuel,Davis Allen,4082,10214,1238,1156,82,14.1,50.8,-36.7
2025,WR,TE,WR_vs_TE,Curtis Samuel,Grant Calcaterra,4082,8177,1238,1151,87,14.1,9,5.1
2025,WR,TE,WR_vs_TE,Curtis Samuel,Will Dissly,4082,5010,1238,1123,115,14.1,14.1,0
2025,WR,TE,WR_vs_TE,Curtis Samuel,Jeremy Ruckert,4082,8145,1238,1092,146,14.1,35.4,-21.3
2025,WR,TE,WR_vs_TE,Curtis Samuel,Brock Wright,4082,7891,1238,1060,178,14.1,29.8,-15.7
2025,WR,TE,WR_vs_TE,Xavier Hutchinson,Colby Parkinson,10218,6865,1234,1428,-194,54.6,90.7,-36.1
2025,WR,TE,WR_vs_TE,Xavier Hutchinson,Elijah Higgins,10218,10231,1234,1409,-175,54.6,38.8,15.8
2025,WR,TE,WR_vs_TE,Xavier Hutchinson,Tommy Tremble,10218,7694,1234,1409,-175,54.6,39.1,15.5
2025,WR,TE,WR_vs_TE,Xavier Hutchinson,Jared Wiley,10218,11595,1234,1402,-168,54.6,0.9,53.7
2025,WR,TE,WR_vs_TE,Xavier Hutchinson,Greg Dulcich,10218,8172,1234,1321,-87,54.6,45.2,9.4
2025,WR,TE,WR_vs_TE,Xavier Hutchinson,Davis Allen,10218,10214,1234,1156,78,54.6,50.8,3.8
2025,WR,TE,WR_vs_TE,Xavier Hutchinson,Grant Calcaterra,10218,8177,1234,1151,83,54.6,9,45.6
2025,WR,TE,WR_vs_TE,Xavier Hutchinson,Will Dissly,10218,5010,1234,1123,111,54.6,14.1,40.5
2025,WR,TE,WR_vs_TE,Xavier Hutchinson,Jeremy Ruckert,10218,8145,1234,1092,142,54.6,35.4,19.2
2025,WR,TE,WR_vs_TE,Xavier Hutchinson,Brock Wright,10218,7891,1234,1060,174,54.6,29.8,24.8
2025,WR,TE,WR_vs_TE,Malachi Corley,Elijah Higgins,11617,10231,1221,1409,-188,16.8,38.8,-22
2025,WR,TE,WR_vs_TE,Malachi Corley,Tommy Tremble,11617,7694,1221,1409,-188,16.8,39.1,-22.3
2025,WR,TE,WR_vs_TE,Malachi Corley,Jared Wiley,11617,11595,1221,1402,-181,16.8,0.9,15.9
2025,WR,TE,WR_vs_TE,Malachi Corley,Greg Dulcich,11617,8172,1221,1321,-100,16.8,45.2,-28.4
2025,WR,TE,WR_vs_TE,Malachi Corley,Davis Allen,11617,10214,1221,1156,65,16.8,50.8,-34
2025,WR,TE,WR_vs_TE,Malachi Corley,Grant Calcaterra,11617,8177,1221,1151,70,16.8,9,7.8
2025,WR,TE,WR_vs_TE,Malachi Corley,Will Dissly,11617,5010,1221,1123,98,16.8,14.1,2.7
2025,WR,TE,WR_vs_TE,Malachi Corley,Jeremy Ruckert,11617,8145,1221,1092,129,16.8,35.4,-18.6
2025,WR,TE,WR_vs_TE,Malachi Corley,Brock Wright,11617,7891,1221,1060,161,16.8,29.8,-13
2025,WR,TE,WR_vs_TE,Noah Brown,Greg Dulcich,4234,8172,1159,1321,-162,8.3,45.2,-36.9
2025,WR,TE,WR_vs_TE,Noah Brown,Davis Allen,4234,10214,1159,1156,3,8.3,50.8,-42.5
2025,WR,TE,WR_vs_TE,Noah Brown,Grant Calcaterra,4234,8177,1159,1151,8,8.3,9,-0.7
2025,WR,TE,WR_vs_TE,Noah Brown,Will Dissly,4234,5010,1159,1123,36,8.3,14.1,-5.8
2025,WR,TE,WR_vs_TE,Noah Brown,Jeremy Ruckert,4234,8145,1159,1092,67,8.3,35.4,-27.1
2025,WR,TE,WR_vs_TE,Noah Brown,Brock Wright,4234,7891,1159,1060,99,8.3,29.8,-21.5
2025,WR,TE,WR_vs_TE,Greg Dortch,Greg Dulcich,5970,8172,1128,1321,-193,46.1,45.2,0.9
2025,WR,TE,WR_vs_TE,Greg Dortch,Davis Allen,5970,10214,1128,1156,-28,46.1,50.8,-4.7
2025,WR,TE,WR_vs_TE,Greg Dortch,Grant Calcaterra,5970,8177,1128,1151,-23,46.1,9,37.1
2025,WR,TE,WR_vs_TE,Greg Dortch,Will Dissly,5970,5010,1128,1123,5,46.1,14.1,32
2025,WR,TE,WR_vs_TE,Greg Dortch,Jeremy Ruckert,5970,8145,1128,1092,36,46.1,35.4,10.7
2025,WR,TE,WR_vs_TE,Greg Dortch,Brock Wright,5970,7891,1128,1060,68,46.1,29.8,16.3
2025,WR,TE,WR_vs_TE,Greg Dortch,Taysom Hill,5970,4381,1128,944,184,46.1,31.6,14.5
2025,WR,TE,WR_vs_TE,Greg Dortch,Harrison Bryant,5970,6850,1128,942,186,46.1,1.7,44.4
2025,WR,TE,WR_vs_TE,Jonathan Mingo,Davis Allen,10225,10214,1108,1156,-48,2.5,50.8,-48.3
2025,WR,TE,WR_vs_TE,Jonathan Mingo,Grant Calcaterra,10225,8177,1108,1151,-43,2.5,9,-6.5
2025,WR,TE,WR_vs_TE,Jonathan Mingo,Will Dissly,10225,5010,1108,1123,-15,2.5,14.1,-11.6
2025,WR,TE,WR_vs_TE,Jonathan Mingo,Jeremy Ruckert,10225,8145,1108,1092,16,2.5,35.4,-32.9
2025,WR,TE,WR_vs_TE,Jonathan Mingo,Brock Wright,10225,7891,1108,1060,48,2.5,29.8,-27.3
2025,WR,TE,WR_vs_TE,Jonathan Mingo,Taysom Hill,10225,4381,1108,944,164,2.5,31.6,-29.1
2025,WR,TE,WR_vs_TE,Jonathan Mingo,Harrison Bryant,10225,6850,1108,942,166,2.5,1.7,0.8
2025,WR,TE,WR_vs_TE,Josh Reynolds,Davis Allen,4171,10214,1056,1156,-100,12.1,50.8,-38.7
2025,WR,TE,WR_vs_TE,Josh Reynolds,Grant Calcaterra,4171,8177,1056,1151,-95,12.1,9,3.1
2025,WR,TE,WR_vs_TE,Josh Reynolds,Will Dissly,4171,5010,1056,1123,-67,12.1,14.1,-2
2025,WR,TE,WR_vs_TE,Josh Reynolds,Jeremy Ruckert,4171,8145,1056,1092,-36,12.1,35.4,-23.3
2025,WR,TE,WR_vs_TE,Josh Reynolds,Brock Wright,4171,7891,1056,1060,-4,12.1,29.8,-17.7
2025,WR,TE,WR_vs_TE,Josh Reynolds,Taysom Hill,4171,4381,1056,944,112,12.1,31.6,-19.5
2025,WR,TE,WR_vs_TE,Josh Reynolds,Harrison Bryant,4171,6850,1056,942,114,12.1,1.7,10.4
2025,WR,TE,WR_vs_TE,Kendrick Bourne,Davis Allen,4454,10214,1017,1156,-139,55.1,50.8,4.3
2025,WR,TE,WR_vs_TE,Kendrick Bourne,Grant Calcaterra,4454,8177,1017,1151,-134,55.1,9,46.1
2025,WR,TE,WR_vs_TE,Kendrick Bourne,Will Dissly,4454,5010,1017,1123,-106,55.1,14.1,41
2025,WR,TE,WR_vs_TE,Kendrick Bourne,Jeremy Ruckert,4454,8145,1017,1092,-75,55.1,35.4,19.7
2025,WR,TE,WR_vs_TE,Kendrick Bourne,Brock Wright,4454,7891,1017,1060,-43,55.1,29.8,25.3
2025,WR,TE,WR_vs_TE,Kendrick Bourne,Taysom Hill,4454,4381,1017,944,73,55.1,31.6,23.5
2025,WR,TE,WR_vs_TE,Kendrick Bourne,Harrison Bryant,4454,6850,1017,942,75,55.1,1.7,53.4
2025,WR,TE,WR_vs_TE,KaVontae Turpin,Davis Allen,8917,10214,997,1156,-159,57.8,50.8,7
2025,WR,TE,WR_vs_TE,KaVontae Turpin,Grant Calcaterra,8917,8177,997,1151,-154,57.8,9,48.8
2025,WR,TE,WR_vs_TE,KaVontae Turpin,Will Dissly,8917,5010,997,1123,-126,57.8,14.1,43.7
2025,WR,TE,WR_vs_TE,KaVontae Turpin,Jeremy Ruckert,8917,8145,997,1092,-95,57.8,35.4,22.4
2025,WR,TE,WR_vs_TE,KaVontae Turpin,Brock Wright,8917,7891,997,1060,-63,57.8,29.8,28
2025,WR,TE,WR_vs_TE,KaVontae Turpin,Taysom Hill,8917,4381,997,944,53,57.8,31.6,26.2
2025,WR,TE,WR_vs_TE,KaVontae Turpin,Harrison Bryant,8917,6850,997,942,55,57.8,1.7,56.1
2025,WR,TE,WR_vs_TE,Olamide Zaccheaus,Davis Allen,6271,10214,995,1156,-161,45.8,50.8,-5
2025,WR,TE,WR_vs_TE,Olamide Zaccheaus,Grant Calcaterra,6271,8177,995,1151,-156,45.8,9,36.8
2025,WR,TE,WR_vs_TE,Olamide Zaccheaus,Will Dissly,6271,5010,995,1123,-128,45.8,14.1,31.7
2025,WR,TE,WR_vs_TE,Olamide Zaccheaus,Jeremy Ruckert,6271,8145,995,1092,-97,45.8,35.4,10.4
2025,WR,TE,WR_vs_TE,Olamide Zaccheaus,Brock Wright,6271,7891,995,1060,-65,45.8,29.8,16
2025,WR,TE,WR_vs_TE,Olamide Zaccheaus,Taysom Hill,6271,4381,995,944,51,45.8,31.6,14.2
2025,WR,TE,WR_vs_TE,Olamide Zaccheaus,Harrison Bryant,6271,6850,995,942,53,45.8,1.7,44.1
2025,WR,TE,WR_vs_TE,Jake Bobo,Davis Allen,10867,10214,990,1156,-166,2,50.8,-48.8
2025,WR,TE,WR_vs_TE,Jake Bobo,Grant Calcaterra,10867,8177,990,1151,-161,2,9,-7
2025,WR,TE,WR_vs_TE,Jake Bobo,Will Dissly,10867,5010,990,1123,-133,2,14.1,-12.1
2025,WR,TE,WR_vs_TE,Jake Bobo,Jeremy Ruckert,10867,8145,990,1092,-102,2,35.4,-33.4
2025,WR,TE,WR_vs_TE,Jake Bobo,Brock Wright,10867,7891,990,1060,-70,2,29.8,-27.8
2025,WR,TE,WR_vs_TE,Jake Bobo,Taysom Hill,10867,4381,990,944,46,2,31.6,-29.6
2025,WR,TE,WR_vs_TE,Jake Bobo,Harrison Bryant,10867,6850,990,942,48,2,1.7,0.3
2025,WR,TE,WR_vs_TE,Tyler Johnson,Davis Allen,6960,10214,978,1156,-178,25.7,50.8,-25.1
2025,WR,TE,WR_vs_TE,Tyler Johnson,Grant Calcaterra,6960,8177,978,1151,-173,25.7,9,16.7
2025,WR,TE,WR_vs_TE,Tyler Johnson,Will Dissly,6960,5010,978,1123,-145,25.7,14.1,11.6
2025,WR,TE,WR_vs_TE,Tyler Johnson,Jeremy Ruckert,6960,8145,978,1092,-114,25.7,35.4,-9.7
2025,WR,TE,WR_vs_TE,Tyler Johnson,Brock Wright,6960,7891,978,1060,-82,25.7,29.8,-4.1
2025,WR,TE,WR_vs_TE,Tyler Johnson,Taysom Hill,6960,4381,978,944,34,25.7,31.6,-5.9
2025,WR,TE,WR_vs_TE,Tyler Johnson,Harrison Bryant,6960,6850,978,942,36,25.7,1.7,24
2025,WR,TE,WR_vs_TE,Demarcus Robinson,Will Dissly,3286,5010,950,1123,-173,33.8,14.1,19.7
2025,WR,TE,WR_vs_TE,Demarcus Robinson,Jeremy Ruckert,3286,8145,950,1092,-142,33.8,35.4,-1.6
2025,WR,TE,WR_vs_TE,Demarcus Robinson,Brock Wright,3286,7891,950,1060,-110,33.8,29.8,4
2025,WR,TE,WR_vs_TE,Demarcus Robinson,Taysom Hill,3286,4381,950,944,6,33.8,31.6,2.2
2025,WR,TE,WR_vs_TE,Demarcus Robinson,Harrison Bryant,3286,6850,950,942,8,33.8,1.7,32.1
2025,WR,TE,WR_vs_TE,Brandin Cooks,Will Dissly,2197,5010,949,1123,-174,27.9,14.1,13.8
2025,WR,TE,WR_vs_TE,Brandin Cooks,Jeremy Ruckert,2197,8145,949,1092,-143,27.9,35.4,-7.5
2025,WR,TE,WR_vs_TE,Brandin Cooks,Brock Wright,2197,7891,949,1060,-111,27.9,29.8,-1.9
2025,WR,TE,WR_vs_TE,Brandin Cooks,Taysom Hill,2197,4381,949,944,5,27.9,31.6,-3.7
2025,WR,TE,WR_vs_TE,Brandin Cooks,Harrison Bryant,2197,6850,949,942,7,27.9,1.7,26.2
2025,WR,TE,WR_vs_TE,JuJu Smith-Schuster,Will Dissly,4040,5010,928,1123,-195,39.2,14.1,25.1
2025,WR,TE,WR_vs_TE,JuJu Smith-Schuster,Jeremy Ruckert,4040,8145,928,1092,-164,39.2,35.4,3.8
2025,WR,TE,WR_vs_TE,JuJu Smith-Schuster,Brock Wright,4040,7891,928,1060,-132,39.2,29.8,9.4
2025,WR,TE,WR_vs_TE,JuJu Smith-Schuster,Taysom Hill,4040,4381,928,944,-16,39.2,31.6,7.6
2025,WR,TE,WR_vs_TE,JuJu Smith-Schuster,Harrison Bryant,4040,6850,928,942,-14,39.2,1.7,37.5
