season,pos_a,pos_b,pair_key,player_a,player_b,player_id_a,player_id_b,value_a,value_b,value_gap,hvorp_a,hvorp_b,delta
2021,QB,RB,QB_vs_RB,Russell Wilson,Dalvin Cook,1234,4029,6905,6851,54,218.8,164.1,54.7
2021,QB,RB,QB_vs_RB,Russell Wilson,Alvin Kamara,1234,4035,6905,6737,168,218.8,171.5,47.3
2021,QB,RB,QB_vs_RB,Aaron Rodgers,Dalvin Cook,96,4029,6744,6851,-107,318.1,164.1,154
2021,QB,RB,QB_vs_RB,Aaron Rodgers,Alvin Kamara,96,4035,6744,6737,7,318.1,171.5,146.6
2021,QB,RB,QB_vs_RB,Justin Herbert,Derrick Henry,6797,3198,6359,6476,-117,353.3,175.3,178
2021,QB,RB,QB_vs_RB,Justin Herbert,Ezekiel Elliott,6797,3164,6359,6341,18,353.3,196.1,157.2
2021,QB,RB,QB_vs_RB,Matthew Stafford,Jonathan Taylor,421,6813,5976,6151,-175,312.2,323.6,-11.4
2021,QB,RB,QB_vs_RB,Matthew Stafford,Austin Ekeler,421,4663,5976,5851,125,312.2,249.9,62.3
2021,QB,RB,QB_vs_RB,Matthew Stafford,Saquon Barkley,421,4866,5976,5835,141,312.2,102.7,209.5
2021,QB,RB,QB_vs_RB,Jalen Hurts,Austin Ekeler,6904,4663,5752,5851,-99,312.2,249.9,62.3
2021,QB,RB,QB_vs_RB,Jalen Hurts,Saquon Barkley,6904,4866,5752,5835,-83,312.2,102.7,209.5
2021,QB,RB,QB_vs_RB,Jalen Hurts,Aaron Jones,6904,4199,5752,5755,-3,312.2,177,135.2
2021,QB,RB,QB_vs_RB,Jalen Hurts,Nick Chubb,6904,4988,5752,5595,157,312.2,189.3,122.9
2021,QB,RB,QB_vs_RB,Ryan Tannehill,Aaron Jones,1049,4199,5624,5755,-131,241.1,177,64.1
2021,QB,RB,QB_vs_RB,Ryan Tannehill,Nick Chubb,1049,4988,5624,5595,29,241.1,189.3,51.8
2021,QB,RB,QB_vs_RB,Ryan Tannehill,Antonio Gibson,1049,6945,5624,5464,160,241.1,166,75.1
2021,QB,RB,QB_vs_RB,Ryan Tannehill,Najee Harris,1049,7528,5624,5451,173,241.1,221.2,19.9
2021,QB,RB,QB_vs_RB,Joe Burrow,Joe Mixon,6770,4018,5142,5266,-124,314.2,245.9,68.3
2021,QB,RB,QB_vs_RB,Joe Burrow,Clyde Edwards-Helaire,6770,6820,5142,5194,-52,314.2,98.6,215.6
2021,QB,RB,QB_vs_RB,Joe Burrow,David Montgomery,6770,5892,5142,4957,185,314.2,145.1,169.1
2021,QB,RB,QB_vs_RB,Trevor Lawrence,David Montgomery,7523,5892,4961,4957,4,180.4,145.1,35.3
2021,QB,RB,QB_vs_RB,Justin Fields,David Montgomery,7591,5892,4801,4957,-156,126.8,145.1,-18.3
2021,QB,RB,QB_vs_RB,Justin Fields,D'Andre Swift,7591,6790,4801,4616,185,126.8,136.3,-9.5
2021,QB,RB,QB_vs_RB,Kirk Cousins,D'Andre Swift,1166,6790,4717,4616,101,278.4,136.3,142.1
2021,QB,RB,QB_vs_RB,Trey Lance,D'Andre Swift,7610,6790,4645,4616,29,64.9,136.3,-71.4
2021,QB,RB,QB_vs_RB,Baker Mayfield,D'Andre Swift,4892,6790,4514,4616,-102,180.9,136.3,44.6
2021,QB,RB,QB_vs_RB,Baker Mayfield,Josh Jacobs,4892,5850,4514,4323,191,180.9,151.6,29.3
2021,QB,RB,QB_vs_RB,Tua Tagovailoa,Miles Sanders,6768,6151,4073,4243,-170,168.8,91.2,77.6
2021,QB,RB,QB_vs_RB,Tua Tagovailoa,James Robinson,6768,6955,4073,4226,-153,168.8,142.9,25.9
2021,QB,RB,QB_vs_RB,Tua Tagovailoa,Javonte Williams,6768,7588,4073,4218,-145,168.8,155.5,13.3
2021,QB,RB,QB_vs_RB,Derek Carr,Trey Sermon,2028,7593,3111,3216,-105,241.6,25.3,216.3
2021,QB,RB,QB_vs_RB,Zach Wilson,Zack Moss,7538,6845,2947,2749,198,142,80.8,61.2
2021,QB,RB,QB_vs_RB,Sam Darnold,Zack Moss,4943,6845,2728,2749,-21,142.6,80.8,61.8
2021,QB,RB,QB_vs_RB,Sam Darnold,AJ Dillon,4943,6828,2728,2719,9,142.6,144.9,-2.3
2021,QB,RB,QB_vs_RB,Daniel Jones,James Conner,5870,4137,2259,2298,-39,166.5,199.4,-32.9
2021,QB,RB,QB_vs_RB,Daniel Jones,Jamaal Williams,5870,4149,2259,2222,37,166.5,88.6,77.9
2021,QB,RB,QB_vs_RB,Mac Jones,Devin Singletary,7527,6130,1798,1967,-169,214.1,134.6,79.5
2021,QB,RB,QB_vs_RB,Jared Goff,Tony Pollard,3163,5967,1561,1517,44,177,123.6,53.4
2021,QB,RB,QB_vs_RB,Jimmy Garoppolo,Chuba Hubbard,1837,7594,1096,1048,48,214.8,101,113.8
2021,QB,RB,QB_vs_RB,Tyrod Taylor,Rhamondre Stevenson,827,7611,835,888,-53,81.7,97.3,-15.6
2021,QB,RB,QB_vs_RB,Tyrod Taylor,Alexander Mattison,827,5987,835,869,-34,81.7,91.8,-10.1
2021,QB,RB,QB_vs_RB,Jordan Love,Alexander Mattison,6804,5987,675,869,-194,13.9,91.8,-77.9
2021,QB,RB,QB_vs_RB,Jordan Love,Rashaad Penny,6804,4985,675,626,49,13.9,90.7,-76.8
2021,QB,RB,QB_vs_RB,Jordan Love,Kenneth Gainwell,6804,7567,675,589,86,13.9,75.7,-61.8
2021,QB,RB,QB_vs_RB,Drew Lock,Rashaad Penny,5854,4985,666,626,40,28.9,90.7,-61.8
2021,QB,RB,QB_vs_RB,Drew Lock,Kenneth Gainwell,5854,7567,666,589,77,28.9,75.7,-46.8
2021,QB,RB,QB_vs_RB,Gardner Minshew,Rashaad Penny,6011,4985,544,626,-82,19.2,90.7,-71.5
2021,QB,RB,QB_vs_RB,Gardner Minshew,Kenneth Gainwell,6011,7567,544,589,-45,19.2,75.7,-56.5
2021,QB,RB,QB_vs_RB,Marcus Mariota,Rashaad Penny,2307,4985,544,626,-82,12.4,90.7,-78.3
2021,QB,RB,QB_vs_RB,Marcus Mariota,Kenneth Gainwell,2307,7567,544,589,-45,12.4,75.7,-63.3
2021,QB,RB,QB_vs_RB,Taylor Heinicke,Rashaad Penny,2711,4985,482,626,-144,216.8,90.7,126.1
2021,QB,RB,QB_vs_RB,Taylor Heinicke,Kenneth Gainwell,2711,7567,482,589,-107,216.8,75.7,141.1
2021,QB,RB,QB_vs_RB,Davis Mills,Rashaad Penny,7585,4985,473,626,-153,129.7,90.7,39
2021,QB,RB,QB_vs_RB,Davis Mills,Kenneth Gainwell,7585,7567,473,589,-116,129.7,75.7,54
2021,QB,RB,QB_vs_RB,Mitchell Trubisky,Kenneth Gainwell,3976,7567,420,589,-169,7.8,75.7,-67.9
2021,QB,RB,QB_vs_RB,Mitchell Trubisky,Jerick McKinnon,3976,2161,420,249,171,7.8,11.9,-4.1
2021,QB,RB,QB_vs_RB,Mitchell Trubisky,Ty Johnson,3976,6039,420,248,172,7.8,83.1,-75.3
2021,QB,RB,QB_vs_RB,Mitchell Trubisky,Joshua Kelley,3976,7045,420,248,172,7.8,12,-4.2
2021,QB,RB,QB_vs_RB,Mitchell Trubisky,Boston Scott,3976,5122,420,236,184,7.8,85.6,-77.8
2021,QB,RB,QB_vs_RB,Mitchell Trubisky,Salvon Ahmed,3976,6918,420,220,200,7.8,26.6,-18.8
2021,QB,WR,QB_vs_WR,Russell Wilson,Stefon Diggs,1234,2449,6905,7046,-141,218.8,168.4,50.4
2021,QB,WR,QB_vs_WR,Russell Wilson,DK Metcalf,1234,5846,6905,6711,194,218.8,163.5,55.3
2021,QB,WR,QB_vs_WR,Aaron Rodgers,DK Metcalf,96,5846,6744,6711,33,318.1,163.5,154.6
2021,QB,WR,QB_vs_WR,Aaron Rodgers,Calvin Ridley,96,4981,6744,6594,150,318.1,40.1,278
2021,QB,WR,QB_vs_WR,Justin Herbert,DeAndre Hopkins,6797,1426,6359,6517,-158,353.3,105.2,248.1
2021,QB,WR,QB_vs_WR,Justin Herbert,A.J. Brown,6797,5859,6359,6417,-58,353.3,105.1,248.2
2021,QB,WR,QB_vs_WR,Matthew Stafford,Justin Jefferson,421,6794,5976,6148,-172,312.2,205.3,106.9
2021,QB,WR,QB_vs_WR,Matthew Stafford,Keenan Allen,421,1479,5976,5828,148,312.2,146.6,165.6
2021,QB,WR,QB_vs_WR,Jalen Hurts,Keenan Allen,6904,1479,5752,5828,-76,312.2,146.6,165.6
2021,QB,WR,QB_vs_WR,Jalen Hurts,Terry McLaurin,6904,5927,5752,5734,18,312.2,127.2,185
2021,QB,WR,QB_vs_WR,Ryan Tannehill,Terry McLaurin,1049,5927,5624,5734,-110,241.1,127.2,113.9
2021,QB,WR,QB_vs_WR,Ryan Tannehill,CeeDee Lamb,1049,6786,5624,5461,163,241.1,149.3,91.8
2021,QB,WR,QB_vs_WR,Joe Burrow,Mike Evans,6770,2216,5142,5283,-141,314.2,167.6,146.6
2021,QB,WR,QB_vs_WR,Joe Burrow,Robert Woods,6770,1352,5142,5185,-43,314.2,92.2,222
2021,QB,WR,QB_vs_WR,Joe Burrow,Amari Cooper,6770,2309,5142,5167,-25,314.2,126.6,187.6
2021,QB,WR,QB_vs_WR,Joe Burrow,Chris Godwin,6770,4037,5142,5151,-9,314.2,144.4,169.8
2021,QB,WR,QB_vs_WR,Trevor Lawrence,Chris Godwin,7523,4037,4961,5151,-190,180.4,144.4,36
2021,QB,WR,QB_vs_WR,Trevor Lawrence,Tyler Lockett,7523,2374,4961,4905,56,180.4,146.4,34
2021,QB,WR,QB_vs_WR,Justin Fields,Tyler Lockett,7591,2374,4801,4905,-104,126.8,146.4,-19.6
2021,QB,WR,QB_vs_WR,Justin Fields,Adam Thielen,7591,1689,4801,4669,132,126.8,132.8,-6
2021,QB,WR,QB_vs_WR,Justin Fields,Cooper Kupp,7591,4039,4801,4668,133,126.8,274.9,-148.1
2021,QB,WR,QB_vs_WR,Justin Fields,Diontae Johnson,7591,5937,4801,4615,186,126.8,162.3,-35.5
2021,QB,WR,QB_vs_WR,Kirk Cousins,Tyler Lockett,1166,2374,4717,4905,-188,278.4,146.4,132
2021,QB,WR,QB_vs_WR,Kirk Cousins,Adam Thielen,1166,1689,4717,4669,48,278.4,132.8,145.6
2021,QB,WR,QB_vs_WR,Kirk Cousins,Cooper Kupp,1166,4039,4717,4668,49,278.4,274.9,3.5
2021,QB,WR,QB_vs_WR,Kirk Cousins,Diontae Johnson,1166,5937,4717,4615,102,278.4,162.3,116.1
2021,QB,WR,QB_vs_WR,Kirk Cousins,D.J. Moore,1166,4983,4717,4594,123,278.4,134.5,143.9
2021,QB,WR,QB_vs_WR,Trey Lance,Adam Thielen,7610,1689,4645,4669,-24,64.9,132.8,-67.9
2021,QB,WR,QB_vs_WR,Trey Lance,Cooper Kupp,7610,4039,4645,4668,-23,64.9,274.9,-210
2021,QB,WR,QB_vs_WR,Trey Lance,Diontae Johnson,7610,5937,4645,4615,30,64.9,162.3,-97.4
2021,QB,WR,QB_vs_WR,Trey Lance,D.J. Moore,7610,4983,4645,4594,51,64.9,134.5,-69.6
2021,QB,WR,QB_vs_WR,Trey Lance,Brandon Aiyuk,7610,6803,4645,4468,177,64.9,103.6,-38.7
2021,QB,WR,QB_vs_WR,Trey Lance,Chase Claypool,7610,6886,4645,4465,180,64.9,94.6,-29.7
2021,QB,WR,QB_vs_WR,Baker Mayfield,Adam Thielen,4892,1689,4514,4669,-155,180.9,132.8,48.1
2021,QB,WR,QB_vs_WR,Baker Mayfield,Cooper Kupp,4892,4039,4514,4668,-154,180.9,274.9,-94
2021,QB,WR,QB_vs_WR,Baker Mayfield,Diontae Johnson,4892,5937,4514,4615,-101,180.9,162.3,18.6
2021,QB,WR,QB_vs_WR,Baker Mayfield,D.J. Moore,4892,4983,4514,4594,-80,180.9,134.5,46.4
2021,QB,WR,QB_vs_WR,Baker Mayfield,Brandon Aiyuk,4892,6803,4514,4468,46,180.9,103.6,77.3
2021,QB,WR,QB_vs_WR,Baker Mayfield,Chase Claypool,4892,6886,4514,4465,49,180.9,94.6,86.3
2021,QB,WR,QB_vs_WR,Tua Tagovailoa,JuJu Smith-Schuster,6768,4040,4073,4248,-175,168.8,19.8,149
2021,QB,WR,QB_vs_WR,Tua Tagovailoa,Tee Higgins,6768,6801,4073,4180,-107,168.8,145.1,23.7
2021,QB,WR,QB_vs_WR,Tua Tagovailoa,Odell Beckham,6768,2078,4073,4165,-92,168.8,83.3,85.5
2021,QB,WR,QB_vs_WR,Tua Tagovailoa,Courtland Sutton,6768,5045,4073,4053,20,168.8,90.3,78.5
2021,QB,WR,QB_vs_WR,Tua Tagovailoa,Jerry Jeudy,6768,6783,4073,4023,50,168.8,44,124.8
2021,QB,WR,QB_vs_WR,Tua Tagovailoa,Ja'Marr Chase,6768,7564,4073,3922,151,168.8,221,-52.2
2021,QB,WR,QB_vs_WR,Derek Carr,Laviska Shenault,2028,6814,3111,3298,-187,241.6,57.8,183.8
2021,QB,WR,QB_vs_WR,Derek Carr,Michael Pittman,2028,6819,3111,3194,-83,241.6,136.2,105.4
2021,QB,WR,QB_vs_WR,Derek Carr,D.J. Chark,2028,4951,3111,3192,-81,241.6,27.4,214.2
2021,QB,WR,QB_vs_WR,Derek Carr,Marquise Brown,2028,5848,3111,3069,42,241.6,132.6,109
2021,QB,WR,QB_vs_WR,Derek Carr,Jaylen Waddle,2028,7526,3111,3010,101,241.6,133.1,108.5
2021,QB,WR,QB_vs_WR,Jameis Winston,Marquise Brown,2306,5848,2986,3069,-83,117.4,132.6,-15.2
2021,QB,WR,QB_vs_WR,Jameis Winston,Jaylen Waddle,2306,7526,2986,3010,-24,117.4,133.1,-15.7
2021,QB,WR,QB_vs_WR,Jameis Winston,Michael Gallup,2306,5038,2986,2805,181,117.4,56.5,60.9
2021,QB,WR,QB_vs_WR,Zach Wilson,Marquise Brown,7538,5848,2947,3069,-122,142,132.6,9.4
2021,QB,WR,QB_vs_WR,Zach Wilson,Jaylen Waddle,7538,7526,2947,3010,-63,142,133.1,8.9
2021,QB,WR,QB_vs_WR,Zach Wilson,Michael Gallup,7538,5038,2947,2805,142,142,56.5,85.5
2021,QB,WR,QB_vs_WR,Sam Darnold,Michael Gallup,4943,5038,2728,2805,-77,142.6,56.5,86.1
2021,QB,WR,QB_vs_WR,Sam Darnold,Mike Williams,4943,4068,2728,2745,-17,142.6,152.7,-10.1
2021,QB,WR,QB_vs_WR,Sam Darnold,Marquez Callaway,4943,6989,2728,2545,183,142.6,105.8,36.8
2021,QB,WR,QB_vs_WR,Daniel Jones,DeVante Parker,5870,2319,2259,2370,-111,166.5,62.3,104.2
2021,QB,WR,QB_vs_WR,Daniel Jones,Darnell Mooney,5870,7090,2259,2174,85,166.5,126.1,40.4
2021,QB,WR,QB_vs_WR,Daniel Jones,Mecole Hardman,5870,5917,2259,2105,154,166.5,70.6,95.9
2021,QB,WR,QB_vs_WR,Mac Jones,Elijah Moore,7527,7596,1798,1843,-45,214.1,95.2,118.9
2021,QB,WR,QB_vs_WR,Mac Jones,Nelson Agholor,7527,2325,1798,1609,189,214.1,64.1,150
2021,QB,WR,QB_vs_WR,Jared Goff,Nelson Agholor,3163,2325,1561,1609,-48,177,64.1,112.9
2021,QB,WR,QB_vs_WR,Jimmy Garoppolo,Jakobi Meyers,1837,5947,1096,1292,-196,214.8,98.3,116.5
2021,QB,WR,QB_vs_WR,Jimmy Garoppolo,Terrace Marshall,1837,7565,1096,1219,-123,214.8,15.8,199
2021,QB,WR,QB_vs_WR,Jimmy Garoppolo,Amon-Ra St. Brown,1837,7547,1096,1103,-7,214.8,119.2,95.6
2021,QB,WR,QB_vs_WR,Tyrod Taylor,Christian Kirk,827,4950,835,846,-11,81.7,126.3,-44.6
2021,QB,WR,QB_vs_WR,Tyrod Taylor,Marquez Valdes-Scantling,827,5086,835,786,49,81.7,61,20.7
2021,QB,WR,QB_vs_WR,Tyrod Taylor,Rashod Bateman,827,7571,835,710,125,81.7,55.3,26.4
2021,QB,WR,QB_vs_WR,Jordan Love,Christian Kirk,6804,4950,675,846,-171,13.9,126.3,-112.4
2021,QB,WR,QB_vs_WR,Jordan Love,Marquez Valdes-Scantling,6804,5086,675,786,-111,13.9,61,-47.1
2021,QB,WR,QB_vs_WR,Jordan Love,Rashod Bateman,6804,7571,675,710,-35,13.9,55.3,-41.4
2021,QB,WR,QB_vs_WR,Jordan Love,Allen Lazard,6804,5185,675,554,121,13.9,83,-69.1
2021,QB,WR,QB_vs_WR,Jordan Love,Parris Campbell,6804,5880,675,534,141,13.9,22.2,-8.3
2021,QB,WR,QB_vs_WR,Jordan Love,Nico Collins,6804,7569,675,508,167,13.9,43.9,-30
2021,QB,WR,QB_vs_WR,Jordan Love,Tre'Quan Smith,6804,5026,675,495,180,13.9,42.1,-28.2
2021,QB,WR,QB_vs_WR,Drew Lock,Christian Kirk,5854,4950,666,846,-180,28.9,126.3,-97.4
2021,QB,WR,QB_vs_WR,Drew Lock,Marquez Valdes-Scantling,5854,5086,666,786,-120,28.9,61,-32.1
2021,QB,WR,QB_vs_WR,Drew Lock,Rashod Bateman,5854,7571,666,710,-44,28.9,55.3,-26.4
2021,QB,WR,QB_vs_WR,Drew Lock,Allen Lazard,5854,5185,666,554,112,28.9,83,-54.1
2021,QB,WR,QB_vs_WR,Drew Lock,Parris Campbell,5854,5880,666,534,132,28.9,22.2,6.7
2021,QB,WR,QB_vs_WR,Drew Lock,Nico Collins,5854,7569,666,508,158,28.9,43.9,-15
2021,QB,WR,QB_vs_WR,Drew Lock,Tre'Quan Smith,5854,5026,666,495,171,28.9,42.1,-13.2
2021,QB,WR,QB_vs_WR,Gardner Minshew,Rashod Bateman,6011,7571,544,710,-166,19.2,55.3,-36.1
2021,QB,WR,QB_vs_WR,Gardner Minshew,Allen Lazard,6011,5185,544,554,-10,19.2,83,-63.8
2021,QB,WR,QB_vs_WR,Gardner Minshew,Parris Campbell,6011,5880,544,534,10,19.2,22.2,-3
2021,QB,WR,QB_vs_WR,Gardner Minshew,Nico Collins,6011,7569,544,508,36,19.2,43.9,-24.7
2021,QB,WR,QB_vs_WR,Gardner Minshew,Tre'Quan Smith,6011,5026,544,495,49,19.2,42.1,-22.9
2021,QB,WR,QB_vs_WR,Gardner Minshew,Donovan Peoples-Jones,6011,6824,544,368,176,19.2,71.9,-52.7
2021,QB,WR,QB_vs_WR,Marcus Mariota,Rashod Bateman,2307,7571,544,710,-166,12.4,55.3,-42.9
2021,QB,WR,QB_vs_WR,Marcus Mariota,Allen Lazard,2307,5185,544,554,-10,12.4,83,-70.6
2021,QB,WR,QB_vs_WR,Marcus Mariota,Parris Campbell,2307,5880,544,534,10,12.4,22.2,-9.8
2021,QB,WR,QB_vs_WR,Marcus Mariota,Nico Collins,2307,7569,544,508,36,12.4,43.9,-31.5
2021,QB,WR,QB_vs_WR,Marcus Mariota,Tre'Quan Smith,2307,5026,544,495,49,12.4,42.1,-29.7
2021,QB,WR,QB_vs_WR,Marcus Mariota,Donovan Peoples-Jones,2307,6824,544,368,176,12.4,71.9,-59.5
2021,QB,WR,QB_vs_WR,Taylor Heinicke,Allen Lazard,2711,5185,482,554,-72,216.8,83,133.8
2021,QB,WR,QB_vs_WR,Taylor Heinicke,Parris Campbell,2711,5880,482,534,-52,216.8,22.2,194.6
2021,QB,WR,QB_vs_WR,Taylor Heinicke,Nico Collins,2711,7569,482,508,-26,216.8,43.9,172.9
2021,QB,WR,QB_vs_WR,Taylor Heinicke,Tre'Quan Smith,2711,5026,482,495,-13,216.8,42.1,174.7
2021,QB,WR,QB_vs_WR,Taylor Heinicke,Donovan Peoples-Jones,2711,6824,482,368,114,216.8,71.9,144.9
2021,QB,WR,QB_vs_WR,Taylor Heinicke,Dyami Brown,2711,7587,482,313,169,216.8,16.1,200.7
2021,QB,WR,QB_vs_WR,Taylor Heinicke,Kadarius Toney,2711,7606,482,295,187,216.8,43.4,173.4
2021,QB,WR,QB_vs_WR,Davis Mills,Allen Lazard,7585,5185,473,554,-81,129.7,83,46.7
2021,QB,WR,QB_vs_WR,Davis Mills,Parris Campbell,7585,5880,473,534,-61,129.7,22.2,107.5
2021,QB,WR,QB_vs_WR,Davis Mills,Nico Collins,7585,7569,473,508,-35,129.7,43.9,85.8
2021,QB,WR,QB_vs_WR,Davis Mills,Tre'Quan Smith,7585,5026,473,495,-22,129.7,42.1,87.6
2021,QB,WR,QB_vs_WR,Davis Mills,Donovan Peoples-Jones,7585,6824,473,368,105,129.7,71.9,57.8
2021,QB,WR,QB_vs_WR,Davis Mills,Dyami Brown,7585,7587,473,313,160,129.7,16.1,113.6
2021,QB,WR,QB_vs_WR,Davis Mills,Kadarius Toney,7585,7606,473,295,178,129.7,43.4,86.3
2021,QB,WR,QB_vs_WR,Davis Mills,Rondale Moore,7585,7601,473,273,200,129.7,55.1,74.6
2021,QB,WR,QB_vs_WR,Mitchell Trubisky,Allen Lazard,3976,5185,420,554,-134,7.8,83,-75.2
2021,QB,WR,QB_vs_WR,Mitchell Trubisky,Parris Campbell,3976,5880,420,534,-114,7.8,22.2,-14.4
2021,QB,WR,QB_vs_WR,Mitchell Trubisky,Nico Collins,3976,7569,420,508,-88,7.8,43.9,-36.1
2021,QB,WR,QB_vs_WR,Mitchell Trubisky,Tre'Quan Smith,3976,5026,420,495,-75,7.8,42.1,-34.3
2021,QB,WR,QB_vs_WR,Mitchell Trubisky,Donovan Peoples-Jones,3976,6824,420,368,52,7.8,71.9,-64.1
2021,QB,WR,QB_vs_WR,Mitchell Trubisky,Dyami Brown,3976,7587,420,313,107,7.8,16.1,-8.3
2021,QB,WR,QB_vs_WR,Mitchell Trubisky,Kadarius Toney,3976,7606,420,295,125,7.8,43.4,-35.6
2021,QB,WR,QB_vs_WR,Mitchell Trubisky,Rondale Moore,3976,7601,420,273,147,7.8,55.1,-47.3
2021,QB,WR,QB_vs_WR,Mitchell Trubisky,KJ Hamler,3976,6805,420,254,166,7.8,7.4,0.4
2021,QB,WR,QB_vs_WR,Mitchell Trubisky,Gabriel Davis,3976,6943,420,240,180,7.8,87,-79.2
2021,QB,WR,QB_vs_WR,Mitchell Trubisky,Van Jefferson,3976,6853,420,232,188,7.8,115.1,-107.3
2021,QB,TE,QB_vs_TE,Russell Wilson,Travis Kelce,1234,1466,6905,7077,-172,218.8,205.4,13.4
2021,QB,TE,QB_vs_TE,Aaron Rodgers,Darren Waller,96,2505,6744,6676,68,318.1,102.8,215.3
2021,QB,TE,QB_vs_TE,Justin Herbert,George Kittle,6797,4217,6359,6466,-107,353.3,159,194.3
2021,QB,TE,QB_vs_TE,Matthew Stafford,Kyle Pitts,421,7553,5976,5941,35,312.2,140.8,171.4
2021,QB,TE,QB_vs_TE,Jalen Hurts,Kyle Pitts,6904,7553,5752,5941,-189,312.2,140.8,171.4
2021,QB,TE,QB_vs_TE,Ryan Tannehill,Mark Andrews,1049,5012,5624,5431,193,241.1,235.1,6
2021,QB,TE,QB_vs_TE,Joe Burrow,T.J. Hockenson,6770,5844,5142,5282,-140,314.2,114.8,199.4
2021,QB,TE,QB_vs_TE,Derek Carr,Tyler Higbee,2028,3271,3111,3023,88,241.6,96,145.6
2021,QB,TE,QB_vs_TE,Jameis Winston,Tyler Higbee,2306,3271,2986,3023,-37,117.4,96,21.4
2021,QB,TE,QB_vs_TE,Jameis Winston,Mike Gesicki,2306,4993,2986,2909,77,117.4,125.3,-7.9
2021,QB,TE,QB_vs_TE,Jameis Winston,Jonnu Smith,2306,4144,2986,2796,190,117.4,52.9,64.5
2021,QB,TE,QB_vs_TE,Zach Wilson,Tyler Higbee,7538,3271,2947,3023,-76,142,96,46
2021,QB,TE,QB_vs_TE,Zach Wilson,Mike Gesicki,7538,4993,2947,2909,38,142,125.3,16.7
2021,QB,TE,QB_vs_TE,Zach Wilson,Jonnu Smith,7538,4144,2947,2796,151,142,52.9,89.1
2021,QB,TE,QB_vs_TE,Sam Darnold,Mike Gesicki,4943,4993,2728,2909,-181,142.6,125.3,17.3
2021,QB,TE,QB_vs_TE,Sam Darnold,Jonnu Smith,4943,4144,2728,2796,-68,142.6,52.9,89.7
2021,QB,TE,QB_vs_TE,Daniel Jones,Evan Engram,5870,4066,2259,2201,58,166.5,78.6,87.9
2021,QB,TE,QB_vs_TE,Mac Jones,Cole Kmet,7527,6826,1798,1735,63,214.1,84.4,129.7
2021,QB,TE,QB_vs_TE,Mac Jones,Austin Hooper,7527,3202,1798,1702,96,214.1,73.5,140.6
2021,QB,TE,QB_vs_TE,Jared Goff,Cole Kmet,3163,6826,1561,1735,-174,177,84.4,92.6
2021,QB,TE,QB_vs_TE,Jared Goff,Austin Hooper,3163,3202,1561,1702,-141,177,73.5,103.5
2021,QB,TE,QB_vs_TE,Jared Goff,Zach Ertz,3163,1339,1561,1500,61,177,131.8,45.2
2021,QB,TE,QB_vs_TE,Jimmy Garoppolo,Adam Trautman,1837,6869,1096,1277,-181,214.8,41.5,173.3
2021,QB,TE,QB_vs_TE,Jimmy Garoppolo,Pat Freiermuth,1837,7600,1096,1216,-120,214.8,113.4,101.4
2021,QB,TE,QB_vs_TE,Jimmy Garoppolo,Donald Parham,1837,6074,1096,993,103,214.8,49,165.8
2021,QB,TE,QB_vs_TE,Tyrod Taylor,Donald Parham,827,6074,835,993,-158,81.7,49,32.7
2021,QB,TE,QB_vs_TE,Tyrod Taylor,Hayden Hurst,827,4973,835,818,17,81.7,47.3,34.4
2021,QB,TE,QB_vs_TE,Tyrod Taylor,Dalton Schultz,827,5001,835,641,194,81.7,154.2,-72.5
2021,QB,TE,QB_vs_TE,Jordan Love,Hayden Hurst,6804,4973,675,818,-143,13.9,47.3,-33.4
2021,QB,TE,QB_vs_TE,Jordan Love,Dalton Schultz,6804,5001,675,641,34,13.9,154.2,-140.3
2021,QB,TE,QB_vs_TE,Jordan Love,Taysom Hill,6804,4381,675,508,167,13.9,109.6,-95.7
2021,QB,TE,QB_vs_TE,Jordan Love,Dawson Knox,6804,5906,675,504,171,13.9,132.8,-118.9
2021,QB,TE,QB_vs_TE,Drew Lock,Hayden Hurst,5854,4973,666,818,-152,28.9,47.3,-18.4
2021,QB,TE,QB_vs_TE,Drew Lock,Dalton Schultz,5854,5001,666,641,25,28.9,154.2,-125.3
2021,QB,TE,QB_vs_TE,Drew Lock,Taysom Hill,5854,4381,666,508,158,28.9,109.6,-80.7
2021,QB,TE,QB_vs_TE,Drew Lock,Dawson Knox,5854,5906,666,504,162,28.9,132.8,-103.9
2021,QB,TE,QB_vs_TE,Gardner Minshew,Dalton Schultz,6011,5001,544,641,-97,19.2,154.2,-135
2021,QB,TE,QB_vs_TE,Gardner Minshew,Taysom Hill,6011,4381,544,508,36,19.2,109.6,-90.4
2021,QB,TE,QB_vs_TE,Gardner Minshew,Dawson Knox,6011,5906,544,504,40,19.2,132.8,-113.6
2021,QB,TE,QB_vs_TE,Gardner Minshew,Juwan Johnson,6011,7002,544,405,139,19.2,39.4,-20.2
2021,QB,TE,QB_vs_TE,Marcus Mariota,Dalton Schultz,2307,5001,544,641,-97,12.4,154.2,-141.8
2021,QB,TE,QB_vs_TE,Marcus Mariota,Taysom Hill,2307,4381,544,508,36,12.4,109.6,-97.2
2021,QB,TE,QB_vs_TE,Marcus Mariota,Dawson Knox,2307,5906,544,504,40,12.4,132.8,-120.4
2021,QB,TE,QB_vs_TE,Marcus Mariota,Juwan Johnson,2307,7002,544,405,139,12.4,39.4,-27
2021,QB,TE,QB_vs_TE,Taylor Heinicke,Dalton Schultz,2711,5001,482,641,-159,216.8,154.2,62.6
2021,QB,TE,QB_vs_TE,Taylor Heinicke,Taysom Hill,2711,4381,482,508,-26,216.8,109.6,107.2
2021,QB,TE,QB_vs_TE,Taylor Heinicke,Dawson Knox,2711,5906,482,504,-22,216.8,132.8,84
2021,QB,TE,QB_vs_TE,Taylor Heinicke,Juwan Johnson,2711,7002,482,405,77,216.8,39.4,177.4
2021,QB,TE,QB_vs_TE,Taylor Heinicke,Harrison Bryant,2711,6850,482,339,143,216.8,50.4,166.4
2021,QB,TE,QB_vs_TE,Taylor Heinicke,David Njoku,2711,4033,482,335,147,216.8,87.5,129.3
2021,QB,TE,QB_vs_TE,Taylor Heinicke,Mo Alie-Cox,2711,4054,482,322,160,216.8,63.9,152.9
2021,QB,TE,QB_vs_TE,Taylor Heinicke,Will Dissly,2711,5010,482,298,184,216.8,39.6,177.2
2021,QB,TE,QB_vs_TE,Davis Mills,Dalton Schultz,7585,5001,473,641,-168,129.7,154.2,-24.5
2021,QB,TE,QB_vs_TE,Davis Mills,Taysom Hill,7585,4381,473,508,-35,129.7,109.6,20.1
2021,QB,TE,QB_vs_TE,Davis Mills,Dawson Knox,7585,5906,473,504,-31,129.7,132.8,-3.1
2021,QB,TE,QB_vs_TE,Davis Mills,Juwan Johnson,7585,7002,473,405,68,129.7,39.4,90.3
2021,QB,TE,QB_vs_TE,Davis Mills,Harrison Bryant,7585,6850,473,339,134,129.7,50.4,79.3
2021,QB,TE,QB_vs_TE,Davis Mills,David Njoku,7585,4033,473,335,138,129.7,87.5,42.2
2021,QB,TE,QB_vs_TE,Davis Mills,Mo Alie-Cox,7585,4054,473,322,151,129.7,63.9,65.8
2021,QB,TE,QB_vs_TE,Davis Mills,Will Dissly,7585,5010,473,298,175,129.7,39.6,90.1
2021,QB,TE,QB_vs_TE,Mitchell Trubisky,Taysom Hill,3976,4381,420,508,-88,7.8,109.6,-101.8
2021,QB,TE,QB_vs_TE,Mitchell Trubisky,Dawson Knox,3976,5906,420,504,-84,7.8,132.8,-125
2021,QB,TE,QB_vs_TE,Mitchell Trubisky,Juwan Johnson,3976,7002,420,405,15,7.8,39.4,-31.6
2021,QB,TE,QB_vs_TE,Mitchell Trubisky,Harrison Bryant,3976,6850,420,339,81,7.8,50.4,-42.6
2021,QB,TE,QB_vs_TE,Mitchell Trubisky,David Njoku,3976,4033,420,335,85,7.8,87.5,-79.7
2021,QB,TE,QB_vs_TE,Mitchell Trubisky,Mo Alie-Cox,3976,4054,420,322,98,7.8,63.9,-56.1
2021,QB,TE,QB_vs_TE,Mitchell Trubisky,Will Dissly,3976,5010,420,298,122,7.8,39.6,-31.8
2021,QB,TE,QB_vs_TE,Mitchell Trubisky,Brevin Jordan,3976,7568,420,251,169,7.8,45.8,-38
2021,QB,TE,QB_vs_TE,Mitchell Trubisky,Tommy Tremble,3976,7694,420,248,172,7.8,41,-33.2
2021,QB,TE,QB_vs_TE,Mitchell Trubisky,Noah Gray,3976,7828,420,243,177,7.8,13.1,-5.3
2021,QB,TE,QB_vs_TE,Mitchell Trubisky,Albert Okwuegbunam,3976,6843,420,242,178,7.8,59.5,-51.7
2021,QB,TE,QB_vs_TE,Mitchell Trubisky,Kylen Granson,3976,7602,420,234,186,7.8,16.1,-8.3
2021,QB,TE,QB_vs_TE,Mitchell Trubisky,Foster Moreau,3976,5985,420,233,187,7.8,64.3,-56.5
2021,RB,WR,RB_vs_WR,Dalvin Cook,Stefon Diggs,4029,2449,6851,7046,-195,164.1,168.4,-4.3
2021,RB,WR,RB_vs_WR,Dalvin Cook,DK Metcalf,4029,5846,6851,6711,140,164.1,163.5,0.6
2021,RB,WR,RB_vs_WR,Alvin Kamara,DK Metcalf,4035,5846,6737,6711,26,171.5,163.5,8
2021,RB,WR,RB_vs_WR,Alvin Kamara,Calvin Ridley,4035,4981,6737,6594,143,171.5,40.1,131.4
2021,RB,WR,RB_vs_WR,Derrick Henry,Calvin Ridley,3198,4981,6476,6594,-118,175.3,40.1,135.2
2021,RB,WR,RB_vs_WR,Derrick Henry,DeAndre Hopkins,3198,1426,6476,6517,-41,175.3,105.2,70.1
2021,RB,WR,RB_vs_WR,Derrick Henry,A.J. Brown,3198,5859,6476,6417,59,175.3,105.1,70.2
2021,RB,WR,RB_vs_WR,Ezekiel Elliott,DeAndre Hopkins,3164,1426,6341,6517,-176,196.1,105.2,90.9
2021,RB,WR,RB_vs_WR,Ezekiel Elliott,A.J. Brown,3164,5859,6341,6417,-76,196.1,105.1,91
2021,RB,WR,RB_vs_WR,Ezekiel Elliott,Justin Jefferson,3164,6794,6341,6148,193,196.1,205.3,-9.2
2021,RB,WR,RB_vs_WR,Jonathan Taylor,Justin Jefferson,6813,6794,6151,6148,3,323.6,205.3,118.3
2021,RB,WR,RB_vs_WR,Austin Ekeler,Keenan Allen,4663,1479,5851,5828,23,249.9,146.6,103.3
2021,RB,WR,RB_vs_WR,Austin Ekeler,Terry McLaurin,4663,5927,5851,5734,117,249.9,127.2,122.7
2021,RB,WR,RB_vs_WR,Saquon Barkley,Keenan Allen,4866,1479,5835,5828,7,102.7,146.6,-43.9
2021,RB,WR,RB_vs_WR,Saquon Barkley,Terry McLaurin,4866,5927,5835,5734,101,102.7,127.2,-24.5
2021,RB,WR,RB_vs_WR,Aaron Jones,Keenan Allen,4199,1479,5755,5828,-73,177,146.6,30.4
2021,RB,WR,RB_vs_WR,Aaron Jones,Terry McLaurin,4199,5927,5755,5734,21,177,127.2,49.8
2021,RB,WR,RB_vs_WR,Nick Chubb,Terry McLaurin,4988,5927,5595,5734,-139,189.3,127.2,62.1
2021,RB,WR,RB_vs_WR,Nick Chubb,CeeDee Lamb,4988,6786,5595,5461,134,189.3,149.3,40
2021,RB,WR,RB_vs_WR,Antonio Gibson,CeeDee Lamb,6945,6786,5464,5461,3,166,149.3,16.7
2021,RB,WR,RB_vs_WR,Antonio Gibson,Mike Evans,6945,2216,5464,5283,181,166,167.6,-1.6
2021,RB,WR,RB_vs_WR,Najee Harris,CeeDee Lamb,7528,6786,5451,5461,-10,221.2,149.3,71.9
2021,RB,WR,RB_vs_WR,Najee Harris,Mike Evans,7528,2216,5451,5283,168,221.2,167.6,53.6
2021,RB,WR,RB_vs_WR,Joe Mixon,CeeDee Lamb,4018,6786,5266,5461,-195,245.9,149.3,96.6
2021,RB,WR,RB_vs_WR,Joe Mixon,Mike Evans,4018,2216,5266,5283,-17,245.9,167.6,78.3
2021,RB,WR,RB_vs_WR,Joe Mixon,Robert Woods,4018,1352,5266,5185,81,245.9,92.2,153.7
2021,RB,WR,RB_vs_WR,Joe Mixon,Amari Cooper,4018,2309,5266,5167,99,245.9,126.6,119.3
2021,RB,WR,RB_vs_WR,Joe Mixon,Chris Godwin,4018,4037,5266,5151,115,245.9,144.4,101.5
2021,RB,WR,RB_vs_WR,Clyde Edwards-Helaire,Mike Evans,6820,2216,5194,5283,-89,98.6,167.6,-69
2021,RB,WR,RB_vs_WR,Clyde Edwards-Helaire,Robert Woods,6820,1352,5194,5185,9,98.6,92.2,6.4
2021,RB,WR,RB_vs_WR,Clyde Edwards-Helaire,Amari Cooper,6820,2309,5194,5167,27,98.6,126.6,-28
2021,RB,WR,RB_vs_WR,Clyde Edwards-Helaire,Chris Godwin,6820,4037,5194,5151,43,98.6,144.4,-45.8
2021,RB,WR,RB_vs_WR,David Montgomery,Chris Godwin,5892,4037,4957,5151,-194,145.1,144.4,0.7
2021,RB,WR,RB_vs_WR,David Montgomery,Tyler Lockett,5892,2374,4957,4905,52,145.1,146.4,-1.3
2021,RB,WR,RB_vs_WR,D'Andre Swift,Adam Thielen,6790,1689,4616,4669,-53,136.3,132.8,3.5
2021,RB,WR,RB_vs_WR,D'Andre Swift,Cooper Kupp,6790,4039,4616,4668,-52,136.3,274.9,-138.6
2021,RB,WR,RB_vs_WR,D'Andre Swift,Diontae Johnson,6790,5937,4616,4615,1,136.3,162.3,-26
2021,RB,WR,RB_vs_WR,D'Andre Swift,D.J. Moore,6790,4983,4616,4594,22,136.3,134.5,1.8
2021,RB,WR,RB_vs_WR,D'Andre Swift,Brandon Aiyuk,6790,6803,4616,4468,148,136.3,103.6,32.7
2021,RB,WR,RB_vs_WR,D'Andre Swift,Chase Claypool,6790,6886,4616,4465,151,136.3,94.6,41.7
2021,RB,WR,RB_vs_WR,Josh Jacobs,Brandon Aiyuk,5850,6803,4323,4468,-145,151.6,103.6,48
2021,RB,WR,RB_vs_WR,Josh Jacobs,Chase Claypool,5850,6886,4323,4465,-142,151.6,94.6,57
2021,RB,WR,RB_vs_WR,Josh Jacobs,JuJu Smith-Schuster,5850,4040,4323,4248,75,151.6,19.8,131.8
2021,RB,WR,RB_vs_WR,Josh Jacobs,Tee Higgins,5850,6801,4323,4180,143,151.6,145.1,6.5
2021,RB,WR,RB_vs_WR,Josh Jacobs,Odell Beckham,5850,2078,4323,4165,158,151.6,83.3,68.3
2021,RB,WR,RB_vs_WR,Miles Sanders,JuJu Smith-Schuster,6151,4040,4243,4248,-5,91.2,19.8,71.4
2021,RB,WR,RB_vs_WR,Miles Sanders,Tee Higgins,6151,6801,4243,4180,63,91.2,145.1,-53.9
2021,RB,WR,RB_vs_WR,Miles Sanders,Odell Beckham,6151,2078,4243,4165,78,91.2,83.3,7.9
2021,RB,WR,RB_vs_WR,Miles Sanders,Courtland Sutton,6151,5045,4243,4053,190,91.2,90.3,0.9
2021,RB,WR,RB_vs_WR,James Robinson,JuJu Smith-Schuster,6955,4040,4226,4248,-22,142.9,19.8,123.1
2021,RB,WR,RB_vs_WR,James Robinson,Tee Higgins,6955,6801,4226,4180,46,142.9,145.1,-2.2
2021,RB,WR,RB_vs_WR,James Robinson,Odell Beckham,6955,2078,4226,4165,61,142.9,83.3,59.6
2021,RB,WR,RB_vs_WR,James Robinson,Courtland Sutton,6955,5045,4226,4053,173,142.9,90.3,52.6
2021,RB,WR,RB_vs_WR,Javonte Williams,JuJu Smith-Schuster,7588,4040,4218,4248,-30,155.5,19.8,135.7
2021,RB,WR,RB_vs_WR,Javonte Williams,Tee Higgins,7588,6801,4218,4180,38,155.5,145.1,10.4
2021,RB,WR,RB_vs_WR,Javonte Williams,Odell Beckham,7588,2078,4218,4165,53,155.5,83.3,72.2
2021,RB,WR,RB_vs_WR,Javonte Williams,Courtland Sutton,7588,5045,4218,4053,165,155.5,90.3,65.2
2021,RB,WR,RB_vs_WR,Javonte Williams,Jerry Jeudy,7588,6783,4218,4023,195,155.5,44,111.5
2021,RB,WR,RB_vs_WR,Myles Gaskin,Ja'Marr Chase,5980,7564,3819,3922,-103,123.6,221,-97.4
2021,RB,WR,RB_vs_WR,Myles Gaskin,DeVonta Smith,5980,7525,3819,3804,15,123.6,117.5,6.1
2021,RB,WR,RB_vs_WR,Myles Gaskin,Deebo Samuel,5980,5872,3819,3625,194,123.6,237,-113.4
2021,RB,WR,RB_vs_WR,Kareem Hunt,DeVonta Smith,4098,7525,3710,3804,-94,88,117.5,-29.5
2021,RB,WR,RB_vs_WR,Kareem Hunt,Deebo Samuel,4098,5872,3710,3625,85,88,237,-149
2021,RB,WR,RB_vs_WR,Kareem Hunt,Tyler Boyd,4098,3225,3710,3537,173,88,116.8,-28.8
2021,RB,WR,RB_vs_WR,Chase Edmonds,Deebo Samuel,5000,5872,3466,3625,-159,100.3,237,-136.7
2021,RB,WR,RB_vs_WR,Chase Edmonds,Tyler Boyd,5000,3225,3466,3537,-71,100.3,116.8,-16.5
2021,RB,WR,RB_vs_WR,Chase Edmonds,Brandin Cooks,5000,2197,3466,3368,98,100.3,139.2,-38.9
2021,RB,WR,RB_vs_WR,Chase Edmonds,Laviska Shenault,5000,6814,3466,3298,168,100.3,57.8,42.5
2021,RB,WR,RB_vs_WR,Raheem Mostert,Brandin Cooks,2749,2197,3323,3368,-45,2,139.2,-137.2
2021,RB,WR,RB_vs_WR,Raheem Mostert,Laviska Shenault,2749,6814,3323,3298,25,2,57.8,-55.8
2021,RB,WR,RB_vs_WR,Raheem Mostert,Michael Pittman,2749,6819,3323,3194,129,2,136.2,-134.2
2021,RB,WR,RB_vs_WR,Raheem Mostert,D.J. Chark,2749,4951,3323,3192,131,2,27.4,-25.4
2021,RB,WR,RB_vs_WR,Trey Sermon,Brandin Cooks,7593,2197,3216,3368,-152,25.3,139.2,-113.9
2021,RB,WR,RB_vs_WR,Trey Sermon,Laviska Shenault,7593,6814,3216,3298,-82,25.3,57.8,-32.5
2021,RB,WR,RB_vs_WR,Trey Sermon,Michael Pittman,7593,6819,3216,3194,22,25.3,136.2,-110.9
2021,RB,WR,RB_vs_WR,Trey Sermon,D.J. Chark,7593,4951,3216,3192,24,25.3,27.4,-2.1
2021,RB,WR,RB_vs_WR,Trey Sermon,Marquise Brown,7593,5848,3216,3069,147,25.3,132.6,-107.3
2021,RB,WR,RB_vs_WR,Zack Moss,Michael Gallup,6845,5038,2749,2805,-56,80.8,56.5,24.3
2021,RB,WR,RB_vs_WR,Zack Moss,Mike Williams,6845,4068,2749,2745,4,80.8,152.7,-71.9
2021,RB,WR,RB_vs_WR,AJ Dillon,Michael Gallup,6828,5038,2719,2805,-86,144.9,56.5,88.4
2021,RB,WR,RB_vs_WR,AJ Dillon,Mike Williams,6828,4068,2719,2745,-26,144.9,152.7,-7.8
2021,RB,WR,RB_vs_WR,AJ Dillon,Marquez Callaway,6828,6989,2719,2545,174,144.9,105.8,39.1
2021,RB,WR,RB_vs_WR,Michael Carter,Marquez Callaway,7607,6989,2498,2545,-47,116.5,105.8,10.7
2021,RB,WR,RB_vs_WR,Michael Carter,Curtis Samuel,7607,4082,2498,2515,-17,116.5,3.8,112.7
2021,RB,WR,RB_vs_WR,Michael Carter,DeVante Parker,7607,2319,2498,2370,128,116.5,62.3,54.2
2021,RB,WR,RB_vs_WR,James Conner,DeVante Parker,4137,2319,2298,2370,-72,199.4,62.3,137.1
2021,RB,WR,RB_vs_WR,James Conner,Darnell Mooney,4137,7090,2298,2174,124,199.4,126.1,73.3
2021,RB,WR,RB_vs_WR,James Conner,Mecole Hardman,4137,5917,2298,2105,193,199.4,70.6,128.8
2021,RB,WR,RB_vs_WR,Jamaal Williams,DeVante Parker,4149,2319,2222,2370,-148,88.6,62.3,26.3
2021,RB,WR,RB_vs_WR,Jamaal Williams,Darnell Mooney,4149,7090,2222,2174,48,88.6,126.1,-37.5
2021,RB,WR,RB_vs_WR,Jamaal Williams,Mecole Hardman,4149,5917,2222,2105,117,88.6,70.6,18
2021,RB,WR,RB_vs_WR,Devin Singletary,Mecole Hardman,6130,5917,1967,2105,-138,134.6,70.6,64
2021,RB,WR,RB_vs_WR,Devin Singletary,Elijah Moore,6130,7596,1967,1843,124,134.6,95.2,39.4
2021,RB,WR,RB_vs_WR,Tony Pollard,Nelson Agholor,5967,2325,1517,1609,-92,123.6,64.1,59.5
2021,RB,WR,RB_vs_WR,Chuba Hubbard,Terrace Marshall,7594,7565,1048,1219,-171,101,15.8,85.2
2021,RB,WR,RB_vs_WR,Chuba Hubbard,Amon-Ra St. Brown,7594,7547,1048,1103,-55,101,119.2,-18.2
2021,RB,WR,RB_vs_WR,Rhamondre Stevenson,Christian Kirk,7611,4950,888,846,42,97.3,126.3,-29
2021,RB,WR,RB_vs_WR,Rhamondre Stevenson,Marquez Valdes-Scantling,7611,5086,888,786,102,97.3,61,36.3
2021,RB,WR,RB_vs_WR,Rhamondre Stevenson,Rashod Bateman,7611,7571,888,710,178,97.3,55.3,42
2021,RB,WR,RB_vs_WR,Alexander Mattison,Christian Kirk,5987,4950,869,846,23,91.8,126.3,-34.5
2021,RB,WR,RB_vs_WR,Alexander Mattison,Marquez Valdes-Scantling,5987,5086,869,786,83,91.8,61,30.8
2021,RB,WR,RB_vs_WR,Alexander Mattison,Rashod Bateman,5987,7571,869,710,159,91.8,55.3,36.5
2021,RB,WR,RB_vs_WR,Rashaad Penny,Marquez Valdes-Scantling,4985,5086,626,786,-160,90.7,61,29.7
2021,RB,WR,RB_vs_WR,Rashaad Penny,Rashod Bateman,4985,7571,626,710,-84,90.7,55.3,35.4
2021,RB,WR,RB_vs_WR,Rashaad Penny,Allen Lazard,4985,5185,626,554,72,90.7,83,7.7
2021,RB,WR,RB_vs_WR,Rashaad Penny,Parris Campbell,4985,5880,626,534,92,90.7,22.2,68.5
2021,RB,WR,RB_vs_WR,Rashaad Penny,Nico Collins,4985,7569,626,508,118,90.7,43.9,46.8
2021,RB,WR,RB_vs_WR,Rashaad Penny,Tre'Quan Smith,4985,5026,626,495,131,90.7,42.1,48.6
2021,RB,WR,RB_vs_WR,Kenneth Gainwell,Marquez Valdes-Scantling,7567,5086,589,786,-197,75.7,61,14.7
2021,RB,WR,RB_vs_WR,Kenneth Gainwell,Rashod Bateman,7567,7571,589,710,-121,75.7,55.3,20.4
2021,RB,WR,RB_vs_WR,Kenneth Gainwell,Allen Lazard,7567,5185,589,554,35,75.7,83,-7.3
2021,RB,WR,RB_vs_WR,Kenneth Gainwell,Parris Campbell,7567,5880,589,534,55,75.7,22.2,53.5
2021,RB,WR,RB_vs_WR,Kenneth Gainwell,Nico Collins,7567,7569,589,508,81,75.7,43.9,31.8
2021,RB,WR,RB_vs_WR,Kenneth Gainwell,Tre'Quan Smith,7567,5026,589,495,94,75.7,42.1,33.6
2021,RB,WR,RB_vs_WR,Jerick McKinnon,Donovan Peoples-Jones,2161,6824,249,368,-119,11.9,71.9,-60
2021,RB,WR,RB_vs_WR,Jerick McKinnon,Dyami Brown,2161,7587,249,313,-64,11.9,16.1,-4.2
2021,RB,WR,RB_vs_WR,Jerick McKinnon,Kadarius Toney,2161,7606,249,295,-46,11.9,43.4,-31.5
2021,RB,WR,RB_vs_WR,Jerick McKinnon,Rondale Moore,2161,7601,249,273,-24,11.9,55.1,-43.2
2021,RB,WR,RB_vs_WR,Jerick McKinnon,KJ Hamler,2161,6805,249,254,-5,11.9,7.4,4.5
2021,RB,WR,RB_vs_WR,Jerick McKinnon,Gabriel Davis,2161,6943,249,240,9,11.9,87,-75.1
2021,RB,WR,RB_vs_WR,Jerick McKinnon,Van Jefferson,2161,6853,249,232,17,11.9,115.1,-103.2
2021,RB,WR,RB_vs_WR,Jerick McKinnon,Denzel Mims,2161,6849,249,211,38,11.9,13.3,-1.4
2021,RB,WR,RB_vs_WR,Jerick McKinnon,Darius Slayton,2161,6149,249,200,49,11.9,33.7,-21.8
2021,RB,WR,RB_vs_WR,Jerick McKinnon,Josh Palmer,2161,7670,249,199,50,11.9,49.4,-37.5
2021,RB,WR,RB_vs_WR,Jerick McKinnon,Hunter Renfrow,2161,5955,249,181,68,11.9,143.2,-131.3
2021,RB,WR,RB_vs_WR,Jerick McKinnon,Josh Reynolds,2161,4171,249,179,70,11.9,50.5,-38.6
2021,RB,WR,RB_vs_WR,Jerick McKinnon,Quez Watkins,2161,6927,249,177,72,11.9,58.6,-46.7
2021,RB,WR,RB_vs_WR,Jerick McKinnon,Demarcus Robinson,2161,3286,249,144,105,11.9,42.5,-30.6
2021,RB,WR,RB_vs_WR,Jerick McKinnon,Tim Patrick,2161,4351,249,141,108,11.9,93.9,-82
2021,RB,WR,RB_vs_WR,Jerick McKinnon,Jalen Guyton,2161,6421,249,133,116,11.9,61,-49.1
2021,RB,WR,RB_vs_WR,Jerick McKinnon,Tylan Wallace,2161,7595,249,124,125,11.9,2.3,9.6
2021,RB,WR,RB_vs_WR,Jerick McKinnon,Olamide Zaccheaus,2161,6271,249,121,128,11.9,54.1,-42.2
2021,RB,WR,RB_vs_WR,Jerick McKinnon,Kendrick Bourne,2161,4454,249,121,128,11.9,122.3,-110.4
2021,RB,WR,RB_vs_WR,Jerick McKinnon,Tyler Johnson,2161,6960,249,119,130,11.9,33.8,-21.9
2021,RB,WR,RB_vs_WR,Jerick McKinnon,Scotty Miller,2161,6290,249,115,134,11.9,2.9,9
2021,RB,WR,RB_vs_WR,Jerick McKinnon,Anthony Schwartz,2161,7533,249,106,143,11.9,21.8,-9.9
2021,RB,WR,RB_vs_WR,Jerick McKinnon,Deonte Harty,2161,6234,249,103,146,11.9,73.8,-61.9
2021,RB,WR,RB_vs_WR,Jerick McKinnon,Ihmir Smith-Marsette,2161,7559,249,103,146,11.9,7.3,4.6
2021,RB,WR,RB_vs_WR,Jerick McKinnon,Devin Duvernay,2161,6847,249,102,147,11.9,50,-38.1
2021,RB,WR,RB_vs_WR,Jerick McKinnon,Jaelon Darden,2161,7713,249,93,156,11.9,5.4,6.5
2021,RB,WR,RB_vs_WR,Ty Johnson,Donovan Peoples-Jones,6039,6824,248,368,-120,83.1,71.9,11.2
2021,RB,WR,RB_vs_WR,Ty Johnson,Dyami Brown,6039,7587,248,313,-65,83.1,16.1,67
2021,RB,WR,RB_vs_WR,Ty Johnson,Kadarius Toney,6039,7606,248,295,-47,83.1,43.4,39.7
2021,RB,WR,RB_vs_WR,Ty Johnson,Rondale Moore,6039,7601,248,273,-25,83.1,55.1,28
2021,RB,WR,RB_vs_WR,Ty Johnson,KJ Hamler,6039,6805,248,254,-6,83.1,7.4,75.7
2021,RB,WR,RB_vs_WR,Ty Johnson,Gabriel Davis,6039,6943,248,240,8,83.1,87,-3.9
2021,RB,WR,RB_vs_WR,Ty Johnson,Van Jefferson,6039,6853,248,232,16,83.1,115.1,-32
2021,RB,WR,RB_vs_WR,Ty Johnson,Denzel Mims,6039,6849,248,211,37,83.1,13.3,69.8
2021,RB,WR,RB_vs_WR,Ty Johnson,Darius Slayton,6039,6149,248,200,48,83.1,33.7,49.4
2021,RB,WR,RB_vs_WR,Ty Johnson,Josh Palmer,6039,7670,248,199,49,83.1,49.4,33.7
2021,RB,WR,RB_vs_WR,Ty Johnson,Hunter Renfrow,6039,5955,248,181,67,83.1,143.2,-60.1
2021,RB,WR,RB_vs_WR,Ty Johnson,Josh Reynolds,6039,4171,248,179,69,83.1,50.5,32.6
2021,RB,WR,RB_vs_WR,Ty Johnson,Quez Watkins,6039,6927,248,177,71,83.1,58.6,24.5
2021,RB,WR,RB_vs_WR,Ty Johnson,Demarcus Robinson,6039,3286,248,144,104,83.1,42.5,40.6
2021,RB,WR,RB_vs_WR,Ty Johnson,Tim Patrick,6039,4351,248,141,107,83.1,93.9,-10.8
2021,RB,WR,RB_vs_WR,Ty Johnson,Jalen Guyton,6039,6421,248,133,115,83.1,61,22.1
2021,RB,WR,RB_vs_WR,Ty Johnson,Tylan Wallace,6039,7595,248,124,124,83.1,2.3,80.8
2021,RB,WR,RB_vs_WR,Ty Johnson,Olamide Zaccheaus,6039,6271,248,121,127,83.1,54.1,29
2021,RB,WR,RB_vs_WR,Ty Johnson,Kendrick Bourne,6039,4454,248,121,127,83.1,122.3,-39.2
2021,RB,WR,RB_vs_WR,Ty Johnson,Tyler Johnson,6039,6960,248,119,129,83.1,33.8,49.3
2021,RB,WR,RB_vs_WR,Ty Johnson,Scotty Miller,6039,6290,248,115,133,83.1,2.9,80.2
2021,RB,WR,RB_vs_WR,Ty Johnson,Anthony Schwartz,6039,7533,248,106,142,83.1,21.8,61.3
2021,RB,WR,RB_vs_WR,Ty Johnson,Deonte Harty,6039,6234,248,103,145,83.1,73.8,9.3
2021,RB,WR,RB_vs_WR,Ty Johnson,Ihmir Smith-Marsette,6039,7559,248,103,145,83.1,7.3,75.8
2021,RB,WR,RB_vs_WR,Ty Johnson,Devin Duvernay,6039,6847,248,102,146,83.1,50,33.1
2021,RB,WR,RB_vs_WR,Ty Johnson,Jaelon Darden,6039,7713,248,93,155,83.1,5.4,77.7
2021,RB,WR,RB_vs_WR,Joshua Kelley,Donovan Peoples-Jones,7045,6824,248,368,-120,12,71.9,-59.9
2021,RB,WR,RB_vs_WR,Joshua Kelley,Dyami Brown,7045,7587,248,313,-65,12,16.1,-4.1
2021,RB,WR,RB_vs_WR,Joshua Kelley,Kadarius Toney,7045,7606,248,295,-47,12,43.4,-31.4
2021,RB,WR,RB_vs_WR,Joshua Kelley,Rondale Moore,7045,7601,248,273,-25,12,55.1,-43.1
2021,RB,WR,RB_vs_WR,Joshua Kelley,KJ Hamler,7045,6805,248,254,-6,12,7.4,4.6
2021,RB,WR,RB_vs_WR,Joshua Kelley,Gabriel Davis,7045,6943,248,240,8,12,87,-75
2021,RB,WR,RB_vs_WR,Joshua Kelley,Van Jefferson,7045,6853,248,232,16,12,115.1,-103.1
2021,RB,WR,RB_vs_WR,Joshua Kelley,Denzel Mims,7045,6849,248,211,37,12,13.3,-1.3
2021,RB,WR,RB_vs_WR,Joshua Kelley,Darius Slayton,7045,6149,248,200,48,12,33.7,-21.7
2021,RB,WR,RB_vs_WR,Joshua Kelley,Josh Palmer,7045,7670,248,199,49,12,49.4,-37.4
2021,RB,WR,RB_vs_WR,Joshua Kelley,Hunter Renfrow,7045,5955,248,181,67,12,143.2,-131.2
2021,RB,WR,RB_vs_WR,Joshua Kelley,Josh Reynolds,7045,4171,248,179,69,12,50.5,-38.5
2021,RB,WR,RB_vs_WR,Joshua Kelley,Quez Watkins,7045,6927,248,177,71,12,58.6,-46.6
2021,RB,WR,RB_vs_WR,Joshua Kelley,Demarcus Robinson,7045,3286,248,144,104,12,42.5,-30.5
2021,RB,WR,RB_vs_WR,Joshua Kelley,Tim Patrick,7045,4351,248,141,107,12,93.9,-81.9
2021,RB,WR,RB_vs_WR,Joshua Kelley,Jalen Guyton,7045,6421,248,133,115,12,61,-49
2021,RB,WR,RB_vs_WR,Joshua Kelley,Tylan Wallace,7045,7595,248,124,124,12,2.3,9.7
2021,RB,WR,RB_vs_WR,Joshua Kelley,Olamide Zaccheaus,7045,6271,248,121,127,12,54.1,-42.1
2021,RB,WR,RB_vs_WR,Joshua Kelley,Kendrick Bourne,7045,4454,248,121,127,12,122.3,-110.3
2021,RB,WR,RB_vs_WR,Joshua Kelley,Tyler Johnson,7045,6960,248,119,129,12,33.8,-21.8
2021,RB,WR,RB_vs_WR,Joshua Kelley,Scotty Miller,7045,6290,248,115,133,12,2.9,9.1
2021,RB,WR,RB_vs_WR,Joshua Kelley,Anthony Schwartz,7045,7533,248,106,142,12,21.8,-9.8
2021,RB,WR,RB_vs_WR,Joshua Kelley,Deonte Harty,7045,6234,248,103,145,12,73.8,-61.8
2021,RB,WR,RB_vs_WR,Joshua Kelley,Ihmir Smith-Marsette,7045,7559,248,103,145,12,7.3,4.7
2021,RB,WR,RB_vs_WR,Joshua Kelley,Devin Duvernay,7045,6847,248,102,146,12,50,-38
2021,RB,WR,RB_vs_WR,Joshua Kelley,Jaelon Darden,7045,7713,248,93,155,12,5.4,6.6
2021,RB,WR,RB_vs_WR,Boston Scott,Donovan Peoples-Jones,5122,6824,236,368,-132,85.6,71.9,13.7
2021,RB,WR,RB_vs_WR,Boston Scott,Dyami Brown,5122,7587,236,313,-77,85.6,16.1,69.5
2021,RB,WR,RB_vs_WR,Boston Scott,Kadarius Toney,5122,7606,236,295,-59,85.6,43.4,42.2
2021,RB,WR,RB_vs_WR,Boston Scott,Rondale Moore,5122,7601,236,273,-37,85.6,55.1,30.5
2021,RB,WR,RB_vs_WR,Boston Scott,KJ Hamler,5122,6805,236,254,-18,85.6,7.4,78.2
2021,RB,WR,RB_vs_WR,Boston Scott,Gabriel Davis,5122,6943,236,240,-4,85.6,87,-1.4
2021,RB,WR,RB_vs_WR,Boston Scott,Van Jefferson,5122,6853,236,232,4,85.6,115.1,-29.5
2021,RB,WR,RB_vs_WR,Boston Scott,Denzel Mims,5122,6849,236,211,25,85.6,13.3,72.3
2021,RB,WR,RB_vs_WR,Boston Scott,Darius Slayton,5122,6149,236,200,36,85.6,33.7,51.9
2021,RB,WR,RB_vs_WR,Boston Scott,Josh Palmer,5122,7670,236,199,37,85.6,49.4,36.2
2021,RB,WR,RB_vs_WR,Boston Scott,Hunter Renfrow,5122,5955,236,181,55,85.6,143.2,-57.6
2021,RB,WR,RB_vs_WR,Boston Scott,Josh Reynolds,5122,4171,236,179,57,85.6,50.5,35.1
2021,RB,WR,RB_vs_WR,Boston Scott,Quez Watkins,5122,6927,236,177,59,85.6,58.6,27
2021,RB,WR,RB_vs_WR,Boston Scott,Demarcus Robinson,5122,3286,236,144,92,85.6,42.5,43.1
2021,RB,WR,RB_vs_WR,Boston Scott,Tim Patrick,5122,4351,236,141,95,85.6,93.9,-8.3
2021,RB,WR,RB_vs_WR,Boston Scott,Jalen Guyton,5122,6421,236,133,103,85.6,61,24.6
2021,RB,WR,RB_vs_WR,Boston Scott,Tylan Wallace,5122,7595,236,124,112,85.6,2.3,83.3
2021,RB,WR,RB_vs_WR,Boston Scott,Olamide Zaccheaus,5122,6271,236,121,115,85.6,54.1,31.5
2021,RB,WR,RB_vs_WR,Boston Scott,Kendrick Bourne,5122,4454,236,121,115,85.6,122.3,-36.7
2021,RB,WR,RB_vs_WR,Boston Scott,Tyler Johnson,5122,6960,236,119,117,85.6,33.8,51.8
2021,RB,WR,RB_vs_WR,Boston Scott,Scotty Miller,5122,6290,236,115,121,85.6,2.9,82.7
2021,RB,WR,RB_vs_WR,Boston Scott,Anthony Schwartz,5122,7533,236,106,130,85.6,21.8,63.8
2021,RB,WR,RB_vs_WR,Boston Scott,Deonte Harty,5122,6234,236,103,133,85.6,73.8,11.8
2021,RB,WR,RB_vs_WR,Boston Scott,Ihmir Smith-Marsette,5122,7559,236,103,133,85.6,7.3,78.3
2021,RB,WR,RB_vs_WR,Boston Scott,Devin Duvernay,5122,6847,236,102,134,85.6,50,35.6
2021,RB,WR,RB_vs_WR,Boston Scott,Jaelon Darden,5122,7713,236,93,143,85.6,5.4,80.2
2021,RB,WR,RB_vs_WR,Salvon Ahmed,Donovan Peoples-Jones,6918,6824,220,368,-148,26.6,71.9,-45.3
2021,RB,WR,RB_vs_WR,Salvon Ahmed,Dyami Brown,6918,7587,220,313,-93,26.6,16.1,10.5
2021,RB,WR,RB_vs_WR,Salvon Ahmed,Kadarius Toney,6918,7606,220,295,-75,26.6,43.4,-16.8
2021,RB,WR,RB_vs_WR,Salvon Ahmed,Rondale Moore,6918,7601,220,273,-53,26.6,55.1,-28.5
2021,RB,WR,RB_vs_WR,Salvon Ahmed,KJ Hamler,6918,6805,220,254,-34,26.6,7.4,19.2
2021,RB,WR,RB_vs_WR,Salvon Ahmed,Gabriel Davis,6918,6943,220,240,-20,26.6,87,-60.4
2021,RB,WR,RB_vs_WR,Salvon Ahmed,Van Jefferson,6918,6853,220,232,-12,26.6,115.1,-88.5
2021,RB,WR,RB_vs_WR,Salvon Ahmed,Denzel Mims,6918,6849,220,211,9,26.6,13.3,13.3
2021,RB,WR,RB_vs_WR,Salvon Ahmed,Darius Slayton,6918,6149,220,200,20,26.6,33.7,-7.1
2021,RB,WR,RB_vs_WR,Salvon Ahmed,Josh Palmer,6918,7670,220,199,21,26.6,49.4,-22.8
2021,RB,WR,RB_vs_WR,Salvon Ahmed,Hunter Renfrow,6918,5955,220,181,39,26.6,143.2,-116.6
2021,RB,WR,RB_vs_WR,Salvon Ahmed,Josh Reynolds,6918,4171,220,179,41,26.6,50.5,-23.9
2021,RB,WR,RB_vs_WR,Salvon Ahmed,Quez Watkins,6918,6927,220,177,43,26.6,58.6,-32
2021,RB,WR,RB_vs_WR,Salvon Ahmed,Demarcus Robinson,6918,3286,220,144,76,26.6,42.5,-15.9
2021,RB,WR,RB_vs_WR,Salvon Ahmed,Tim Patrick,6918,4351,220,141,79,26.6,93.9,-67.3
2021,RB,WR,RB_vs_WR,Salvon Ahmed,Jalen Guyton,6918,6421,220,133,87,26.6,61,-34.4
2021,RB,WR,RB_vs_WR,Salvon Ahmed,Tylan Wallace,6918,7595,220,124,96,26.6,2.3,24.3
2021,RB,WR,RB_vs_WR,Salvon Ahmed,Olamide Zaccheaus,6918,6271,220,121,99,26.6,54.1,-27.5
2021,RB,WR,RB_vs_WR,Salvon Ahmed,Kendrick Bourne,6918,4454,220,121,99,26.6,122.3,-95.7
2021,RB,WR,RB_vs_WR,Salvon Ahmed,Tyler Johnson,6918,6960,220,119,101,26.6,33.8,-7.2
2021,RB,WR,RB_vs_WR,Salvon Ahmed,Scotty Miller,6918,6290,220,115,105,26.6,2.9,23.7
2021,RB,WR,RB_vs_WR,Salvon Ahmed,Anthony Schwartz,6918,7533,220,106,114,26.6,21.8,4.8
2021,RB,WR,RB_vs_WR,Salvon Ahmed,Deonte Harty,6918,6234,220,103,117,26.6,73.8,-47.2
2021,RB,WR,RB_vs_WR,Salvon Ahmed,Ihmir Smith-Marsette,6918,7559,220,103,117,26.6,7.3,19.3
2021,RB,WR,RB_vs_WR,Salvon Ahmed,Devin Duvernay,6918,6847,220,102,118,26.6,50,-23.4
2021,RB,WR,RB_vs_WR,Salvon Ahmed,Jaelon Darden,6918,7713,220,93,127,26.6,5.4,21.2
2021,RB,WR,RB_vs_WR,Salvon Ahmed,Equanimeous St. Brown,6918,5323,220,23,197,26.6,9,17.6
2021,RB,WR,RB_vs_WR,Nyheim Hines,Donovan Peoples-Jones,5347,6824,193,368,-175,70.7,71.9,-1.2
2021,RB,WR,RB_vs_WR,Nyheim Hines,Dyami Brown,5347,7587,193,313,-120,70.7,16.1,54.6
2021,RB,WR,RB_vs_WR,Nyheim Hines,Kadarius Toney,5347,7606,193,295,-102,70.7,43.4,27.3
2021,RB,WR,RB_vs_WR,Nyheim Hines,Rondale Moore,5347,7601,193,273,-80,70.7,55.1,15.6
2021,RB,WR,RB_vs_WR,Nyheim Hines,KJ Hamler,5347,6805,193,254,-61,70.7,7.4,63.3
2021,RB,WR,RB_vs_WR,Nyheim Hines,Gabriel Davis,5347,6943,193,240,-47,70.7,87,-16.3
2021,RB,WR,RB_vs_WR,Nyheim Hines,Van Jefferson,5347,6853,193,232,-39,70.7,115.1,-44.4
2021,RB,WR,RB_vs_WR,Nyheim Hines,Denzel Mims,5347,6849,193,211,-18,70.7,13.3,57.4
2021,RB,WR,RB_vs_WR,Nyheim Hines,Darius Slayton,5347,6149,193,200,-7,70.7,33.7,37
2021,RB,WR,RB_vs_WR,Nyheim Hines,Josh Palmer,5347,7670,193,199,-6,70.7,49.4,21.3
2021,RB,WR,RB_vs_WR,Nyheim Hines,Hunter Renfrow,5347,5955,193,181,12,70.7,143.2,-72.5
2021,RB,WR,RB_vs_WR,Nyheim Hines,Josh Reynolds,5347,4171,193,179,14,70.7,50.5,20.2
2021,RB,WR,RB_vs_WR,Nyheim Hines,Quez Watkins,5347,6927,193,177,16,70.7,58.6,12.1
2021,RB,WR,RB_vs_WR,Nyheim Hines,Demarcus Robinson,5347,3286,193,144,49,70.7,42.5,28.2
2021,RB,WR,RB_vs_WR,Nyheim Hines,Tim Patrick,5347,4351,193,141,52,70.7,93.9,-23.2
2021,RB,WR,RB_vs_WR,Nyheim Hines,Jalen Guyton,5347,6421,193,133,60,70.7,61,9.7
2021,RB,WR,RB_vs_WR,Nyheim Hines,Tylan Wallace,5347,7595,193,124,69,70.7,2.3,68.4
2021,RB,WR,RB_vs_WR,Nyheim Hines,Olamide Zaccheaus,5347,6271,193,121,72,70.7,54.1,16.6
2021,RB,WR,RB_vs_WR,Nyheim Hines,Kendrick Bourne,5347,4454,193,121,72,70.7,122.3,-51.6
2021,RB,WR,RB_vs_WR,Nyheim Hines,Tyler Johnson,5347,6960,193,119,74,70.7,33.8,36.9
2021,RB,WR,RB_vs_WR,Nyheim Hines,Scotty Miller,5347,6290,193,115,78,70.7,2.9,67.8
2021,RB,WR,RB_vs_WR,Nyheim Hines,Anthony Schwartz,5347,7533,193,106,87,70.7,21.8,48.9
2021,RB,WR,RB_vs_WR,Nyheim Hines,Deonte Harty,5347,6234,193,103,90,70.7,73.8,-3.1
2021,RB,WR,RB_vs_WR,Nyheim Hines,Ihmir Smith-Marsette,5347,7559,193,103,90,70.7,7.3,63.4
2021,RB,WR,RB_vs_WR,Nyheim Hines,Devin Duvernay,5347,6847,193,102,91,70.7,50,20.7
2021,RB,WR,RB_vs_WR,Nyheim Hines,Jaelon Darden,5347,7713,193,93,100,70.7,5.4,65.3
2021,RB,WR,RB_vs_WR,Nyheim Hines,Equanimeous St. Brown,5347,5323,193,23,170,70.7,9,61.7
2021,RB,WR,RB_vs_WR,Khalil Herbert,Donovan Peoples-Jones,7608,6824,192,368,-176,63.8,71.9,-8.1
2021,RB,WR,RB_vs_WR,Khalil Herbert,Dyami Brown,7608,7587,192,313,-121,63.8,16.1,47.7
2021,RB,WR,RB_vs_WR,Khalil Herbert,Kadarius Toney,7608,7606,192,295,-103,63.8,43.4,20.4
2021,RB,WR,RB_vs_WR,Khalil Herbert,Rondale Moore,7608,7601,192,273,-81,63.8,55.1,8.7
2021,RB,WR,RB_vs_WR,Khalil Herbert,KJ Hamler,7608,6805,192,254,-62,63.8,7.4,56.4
2021,RB,WR,RB_vs_WR,Khalil Herbert,Gabriel Davis,7608,6943,192,240,-48,63.8,87,-23.2
2021,RB,WR,RB_vs_WR,Khalil Herbert,Van Jefferson,7608,6853,192,232,-40,63.8,115.1,-51.3
2021,RB,WR,RB_vs_WR,Khalil Herbert,Denzel Mims,7608,6849,192,211,-19,63.8,13.3,50.5
2021,RB,WR,RB_vs_WR,Khalil Herbert,Darius Slayton,7608,6149,192,200,-8,63.8,33.7,30.1
2021,RB,WR,RB_vs_WR,Khalil Herbert,Josh Palmer,7608,7670,192,199,-7,63.8,49.4,14.4
2021,RB,WR,RB_vs_WR,Khalil Herbert,Hunter Renfrow,7608,5955,192,181,11,63.8,143.2,-79.4
2021,RB,WR,RB_vs_WR,Khalil Herbert,Josh Reynolds,7608,4171,192,179,13,63.8,50.5,13.3
2021,RB,WR,RB_vs_WR,Khalil Herbert,Quez Watkins,7608,6927,192,177,15,63.8,58.6,5.2
2021,RB,WR,RB_vs_WR,Khalil Herbert,Demarcus Robinson,7608,3286,192,144,48,63.8,42.5,21.3
2021,RB,WR,RB_vs_WR,Khalil Herbert,Tim Patrick,7608,4351,192,141,51,63.8,93.9,-30.1
2021,RB,WR,RB_vs_WR,Khalil Herbert,Jalen Guyton,7608,6421,192,133,59,63.8,61,2.8
2021,RB,WR,RB_vs_WR,Khalil Herbert,Tylan Wallace,7608,7595,192,124,68,63.8,2.3,61.5
2021,RB,WR,RB_vs_WR,Khalil Herbert,Olamide Zaccheaus,7608,6271,192,121,71,63.8,54.1,9.7
2021,RB,WR,RB_vs_WR,Khalil Herbert,Kendrick Bourne,7608,4454,192,121,71,63.8,122.3,-58.5
2021,RB,WR,RB_vs_WR,Khalil Herbert,Tyler Johnson,7608,6960,192,119,73,63.8,33.8,30
2021,RB,WR,RB_vs_WR,Khalil Herbert,Scotty Miller,7608,6290,192,115,77,63.8,2.9,60.9
2021,RB,WR,RB_vs_WR,Khalil Herbert,Anthony Schwartz,7608,7533,192,106,86,63.8,21.8,42
2021,RB,WR,RB_vs_WR,Khalil Herbert,Deonte Harty,7608,6234,192,103,89,63.8,73.8,-10
2021,RB,WR,RB_vs_WR,Khalil Herbert,Ihmir Smith-Marsette,7608,7559,192,103,89,63.8,7.3,56.5
2021,RB,WR,RB_vs_WR,Khalil Herbert,Devin Duvernay,7608,6847,192,102,90,63.8,50,13.8
2021,RB,WR,RB_vs_WR,Khalil Herbert,Jaelon Darden,7608,7713,192,93,99,63.8,5.4,58.4
2021,RB,WR,RB_vs_WR,Khalil Herbert,Equanimeous St. Brown,7608,5323,192,23,169,63.8,9,54.8
2021,RB,WR,RB_vs_WR,Chris Evans,Donovan Peoples-Jones,7794,6824,182,368,-186,22.9,71.9,-49
2021,RB,WR,RB_vs_WR,Chris Evans,Dyami Brown,7794,7587,182,313,-131,22.9,16.1,6.8
2021,RB,WR,RB_vs_WR,Chris Evans,Kadarius Toney,7794,7606,182,295,-113,22.9,43.4,-20.5
2021,RB,WR,RB_vs_WR,Chris Evans,Rondale Moore,7794,7601,182,273,-91,22.9,55.1,-32.2
2021,RB,WR,RB_vs_WR,Chris Evans,KJ Hamler,7794,6805,182,254,-72,22.9,7.4,15.5
2021,RB,WR,RB_vs_WR,Chris Evans,Gabriel Davis,7794,6943,182,240,-58,22.9,87,-64.1
2021,RB,WR,RB_vs_WR,Chris Evans,Van Jefferson,7794,6853,182,232,-50,22.9,115.1,-92.2
2021,RB,WR,RB_vs_WR,Chris Evans,Denzel Mims,7794,6849,182,211,-29,22.9,13.3,9.6
2021,RB,WR,RB_vs_WR,Chris Evans,Darius Slayton,7794,6149,182,200,-18,22.9,33.7,-10.8
2021,RB,WR,RB_vs_WR,Chris Evans,Josh Palmer,7794,7670,182,199,-17,22.9,49.4,-26.5
2021,RB,WR,RB_vs_WR,Chris Evans,Hunter Renfrow,7794,5955,182,181,1,22.9,143.2,-120.3
2021,RB,WR,RB_vs_WR,Chris Evans,Josh Reynolds,7794,4171,182,179,3,22.9,50.5,-27.6
2021,RB,WR,RB_vs_WR,Chris Evans,Quez Watkins,7794,6927,182,177,5,22.9,58.6,-35.7
2021,RB,WR,RB_vs_WR,Chris Evans,Demarcus Robinson,7794,3286,182,144,38,22.9,42.5,-19.6
2021,RB,WR,RB_vs_WR,Chris Evans,Tim Patrick,7794,4351,182,141,41,22.9,93.9,-71
2021,RB,WR,RB_vs_WR,Chris Evans,Jalen Guyton,7794,6421,182,133,49,22.9,61,-38.1
2021,RB,WR,RB_vs_WR,Chris Evans,Tylan Wallace,7794,7595,182,124,58,22.9,2.3,20.6
2021,RB,WR,RB_vs_WR,Chris Evans,Olamide Zaccheaus,7794,6271,182,121,61,22.9,54.1,-31.2
2021,RB,WR,RB_vs_WR,Chris Evans,Kendrick Bourne,7794,4454,182,121,61,22.9,122.3,-99.4
2021,RB,WR,RB_vs_WR,Chris Evans,Tyler Johnson,7794,6960,182,119,63,22.9,33.8,-10.9
2021,RB,WR,RB_vs_WR,Chris Evans,Scotty Miller,7794,6290,182,115,67,22.9,2.9,20
2021,RB,WR,RB_vs_WR,Chris Evans,Anthony Schwartz,7794,7533,182,106,76,22.9,21.8,1.1
2021,RB,WR,RB_vs_WR,Chris Evans,Deonte Harty,7794,6234,182,103,79,22.9,73.8,-50.9
2021,RB,WR,RB_vs_WR,Chris Evans,Ihmir Smith-Marsette,7794,7559,182,103,79,22.9,7.3,15.6
2021,RB,WR,RB_vs_WR,Chris Evans,Devin Duvernay,7794,6847,182,102,80,22.9,50,-27.1
2021,RB,WR,RB_vs_WR,Chris Evans,Jaelon Darden,7794,7713,182,93,89,22.9,5.4,17.5
2021,RB,WR,RB_vs_WR,Chris Evans,Equanimeous St. Brown,7794,5323,182,23,159,22.9,9,13.9
2021,RB,WR,RB_vs_WR,Elijah Mitchell,Dyami Brown,7561,7587,144,313,-169,137.5,16.1,121.4
2021,RB,WR,RB_vs_WR,Elijah Mitchell,Kadarius Toney,7561,7606,144,295,-151,137.5,43.4,94.1
2021,RB,WR,RB_vs_WR,Elijah Mitchell,Rondale Moore,7561,7601,144,273,-129,137.5,55.1,82.4
2021,RB,WR,RB_vs_WR,Elijah Mitchell,KJ Hamler,7561,6805,144,254,-110,137.5,7.4,130.1
2021,RB,WR,RB_vs_WR,Elijah Mitchell,Gabriel Davis,7561,6943,144,240,-96,137.5,87,50.5
2021,RB,WR,RB_vs_WR,Elijah Mitchell,Van Jefferson,7561,6853,144,232,-88,137.5,115.1,22.4
2021,RB,WR,RB_vs_WR,Elijah Mitchell,Denzel Mims,7561,6849,144,211,-67,137.5,13.3,124.2
2021,RB,WR,RB_vs_WR,Elijah Mitchell,Darius Slayton,7561,6149,144,200,-56,137.5,33.7,103.8
2021,RB,WR,RB_vs_WR,Elijah Mitchell,Josh Palmer,7561,7670,144,199,-55,137.5,49.4,88.1
2021,RB,WR,RB_vs_WR,Elijah Mitchell,Hunter Renfrow,7561,5955,144,181,-37,137.5,143.2,-5.7
2021,RB,WR,RB_vs_WR,Elijah Mitchell,Josh Reynolds,7561,4171,144,179,-35,137.5,50.5,87
2021,RB,WR,RB_vs_WR,Elijah Mitchell,Quez Watkins,7561,6927,144,177,-33,137.5,58.6,78.9
2021,RB,WR,RB_vs_WR,Elijah Mitchell,Demarcus Robinson,7561,3286,144,144,0,137.5,42.5,95
2021,RB,WR,RB_vs_WR,Elijah Mitchell,Tim Patrick,7561,4351,144,141,3,137.5,93.9,43.6
2021,RB,WR,RB_vs_WR,Elijah Mitchell,Jalen Guyton,7561,6421,144,133,11,137.5,61,76.5
2021,RB,WR,RB_vs_WR,Elijah Mitchell,Tylan Wallace,7561,7595,144,124,20,137.5,2.3,135.2
2021,RB,WR,RB_vs_WR,Elijah Mitchell,Olamide Zaccheaus,7561,6271,144,121,23,137.5,54.1,83.4
2021,RB,WR,RB_vs_WR,Elijah Mitchell,Kendrick Bourne,7561,4454,144,121,23,137.5,122.3,15.2
2021,RB,WR,RB_vs_WR,Elijah Mitchell,Tyler Johnson,7561,6960,144,119,25,137.5,33.8,103.7
2021,RB,WR,RB_vs_WR,Elijah Mitchell,Scotty Miller,7561,6290,144,115,29,137.5,2.9,134.6
2021,RB,WR,RB_vs_WR,Elijah Mitchell,Anthony Schwartz,7561,7533,144,106,38,137.5,21.8,115.7
2021,RB,WR,RB_vs_WR,Elijah Mitchell,Deonte Harty,7561,6234,144,103,41,137.5,73.8,63.7
2021,RB,WR,RB_vs_WR,Elijah Mitchell,Ihmir Smith-Marsette,7561,7559,144,103,41,137.5,7.3,130.2
2021,RB,WR,RB_vs_WR,Elijah Mitchell,Devin Duvernay,7561,6847,144,102,42,137.5,50,87.5
2021,RB,WR,RB_vs_WR,Elijah Mitchell,Jaelon Darden,7561,7713,144,93,51,137.5,5.4,132.1
2021,RB,WR,RB_vs_WR,Elijah Mitchell,Equanimeous St. Brown,7561,5323,144,23,121,137.5,9,128.5
2021,RB,WR,RB_vs_WR,Samaje Perine,Dyami Brown,4147,7587,140,313,-173,56.2,16.1,40.1
2021,RB,WR,RB_vs_WR,Samaje Perine,Kadarius Toney,4147,7606,140,295,-155,56.2,43.4,12.8
2021,RB,WR,RB_vs_WR,Samaje Perine,Rondale Moore,4147,7601,140,273,-133,56.2,55.1,1.1
2021,RB,WR,RB_vs_WR,Samaje Perine,KJ Hamler,4147,6805,140,254,-114,56.2,7.4,48.8
2021,RB,WR,RB_vs_WR,Samaje Perine,Gabriel Davis,4147,6943,140,240,-100,56.2,87,-30.8
2021,RB,WR,RB_vs_WR,Samaje Perine,Van Jefferson,4147,6853,140,232,-92,56.2,115.1,-58.9
2021,RB,WR,RB_vs_WR,Samaje Perine,Denzel Mims,4147,6849,140,211,-71,56.2,13.3,42.9
2021,RB,WR,RB_vs_WR,Samaje Perine,Darius Slayton,4147,6149,140,200,-60,56.2,33.7,22.5
2021,RB,WR,RB_vs_WR,Samaje Perine,Josh Palmer,4147,7670,140,199,-59,56.2,49.4,6.8
2021,RB,WR,RB_vs_WR,Samaje Perine,Hunter Renfrow,4147,5955,140,181,-41,56.2,143.2,-87
2021,RB,WR,RB_vs_WR,Samaje Perine,Josh Reynolds,4147,4171,140,179,-39,56.2,50.5,5.7
2021,RB,WR,RB_vs_WR,Samaje Perine,Quez Watkins,4147,6927,140,177,-37,56.2,58.6,-2.4
2021,RB,WR,RB_vs_WR,Samaje Perine,Demarcus Robinson,4147,3286,140,144,-4,56.2,42.5,13.7
2021,RB,WR,RB_vs_WR,Samaje Perine,Tim Patrick,4147,4351,140,141,-1,56.2,93.9,-37.7
2021,RB,WR,RB_vs_WR,Samaje Perine,Jalen Guyton,4147,6421,140,133,7,56.2,61,-4.8
2021,RB,WR,RB_vs_WR,Samaje Perine,Tylan Wallace,4147,7595,140,124,16,56.2,2.3,53.9
2021,RB,WR,RB_vs_WR,Samaje Perine,Olamide Zaccheaus,4147,6271,140,121,19,56.2,54.1,2.1
2021,RB,WR,RB_vs_WR,Samaje Perine,Kendrick Bourne,4147,4454,140,121,19,56.2,122.3,-66.1
2021,RB,WR,RB_vs_WR,Samaje Perine,Tyler Johnson,4147,6960,140,119,21,56.2,33.8,22.4
2021,RB,WR,RB_vs_WR,Samaje Perine,Scotty Miller,4147,6290,140,115,25,56.2,2.9,53.3
2021,RB,WR,RB_vs_WR,Samaje Perine,Anthony Schwartz,4147,7533,140,106,34,56.2,21.8,34.4
2021,RB,WR,RB_vs_WR,Samaje Perine,Deonte Harty,4147,6234,140,103,37,56.2,73.8,-17.6
2021,RB,WR,RB_vs_WR,Samaje Perine,Ihmir Smith-Marsette,4147,7559,140,103,37,56.2,7.3,48.9
2021,RB,WR,RB_vs_WR,Samaje Perine,Devin Duvernay,4147,6847,140,102,38,56.2,50,6.2
2021,RB,WR,RB_vs_WR,Samaje Perine,Jaelon Darden,4147,7713,140,93,47,56.2,5.4,50.8
2021,RB,WR,RB_vs_WR,Samaje Perine,Equanimeous St. Brown,4147,5323,140,23,117,56.2,9,47.2
2021,RB,WR,RB_vs_WR,DeeJay Dallas,Dyami Brown,6931,7587,121,313,-192,39,16.1,22.9
2021,RB,WR,RB_vs_WR,DeeJay Dallas,Kadarius Toney,6931,7606,121,295,-174,39,43.4,-4.4
2021,RB,WR,RB_vs_WR,DeeJay Dallas,Rondale Moore,6931,7601,121,273,-152,39,55.1,-16.1
2021,RB,WR,RB_vs_WR,DeeJay Dallas,KJ Hamler,6931,6805,121,254,-133,39,7.4,31.6
2021,RB,WR,RB_vs_WR,DeeJay Dallas,Gabriel Davis,6931,6943,121,240,-119,39,87,-48
2021,RB,WR,RB_vs_WR,DeeJay Dallas,Van Jefferson,6931,6853,121,232,-111,39,115.1,-76.1
2021,RB,WR,RB_vs_WR,DeeJay Dallas,Denzel Mims,6931,6849,121,211,-90,39,13.3,25.7
2021,RB,WR,RB_vs_WR,DeeJay Dallas,Darius Slayton,6931,6149,121,200,-79,39,33.7,5.3
2021,RB,WR,RB_vs_WR,DeeJay Dallas,Josh Palmer,6931,7670,121,199,-78,39,49.4,-10.4
2021,RB,WR,RB_vs_WR,DeeJay Dallas,Hunter Renfrow,6931,5955,121,181,-60,39,143.2,-104.2
2021,RB,WR,RB_vs_WR,DeeJay Dallas,Josh Reynolds,6931,4171,121,179,-58,39,50.5,-11.5
2021,RB,WR,RB_vs_WR,DeeJay Dallas,Quez Watkins,6931,6927,121,177,-56,39,58.6,-19.6
2021,RB,WR,RB_vs_WR,DeeJay Dallas,Demarcus Robinson,6931,3286,121,144,-23,39,42.5,-3.5
2021,RB,WR,RB_vs_WR,DeeJay Dallas,Tim Patrick,6931,4351,121,141,-20,39,93.9,-54.9
2021,RB,WR,RB_vs_WR,DeeJay Dallas,Jalen Guyton,6931,6421,121,133,-12,39,61,-22
2021,RB,WR,RB_vs_WR,DeeJay Dallas,Tylan Wallace,6931,7595,121,124,-3,39,2.3,36.7
2021,RB,WR,RB_vs_WR,DeeJay Dallas,Olamide Zaccheaus,6931,6271,121,121,0,39,54.1,-15.1
2021,RB,WR,RB_vs_WR,DeeJay Dallas,Kendrick Bourne,6931,4454,121,121,0,39,122.3,-83.3
2021,RB,WR,RB_vs_WR,DeeJay Dallas,Tyler Johnson,6931,6960,121,119,2,39,33.8,5.2
2021,RB,WR,RB_vs_WR,DeeJay Dallas,Scotty Miller,6931,6290,121,115,6,39,2.9,36.1
2021,RB,WR,RB_vs_WR,DeeJay Dallas,Anthony Schwartz,6931,7533,121,106,15,39,21.8,17.2
2021,RB,WR,RB_vs_WR,DeeJay Dallas,Deonte Harty,6931,6234,121,103,18,39,73.8,-34.8
2021,RB,WR,RB_vs_WR,DeeJay Dallas,Ihmir Smith-Marsette,6931,7559,121,103,18,39,7.3,31.7
2021,RB,WR,RB_vs_WR,DeeJay Dallas,Devin Duvernay,6931,6847,121,102,19,39,50,-11
2021,RB,WR,RB_vs_WR,DeeJay Dallas,Jaelon Darden,6931,7713,121,93,28,39,5.4,33.6
2021,RB,WR,RB_vs_WR,DeeJay Dallas,Equanimeous St. Brown,6931,5323,121,23,98,39,9,30
2021,RB,WR,RB_vs_WR,Eno Benjamin,Kadarius Toney,6951,7606,101,295,-194,16.4,43.4,-27
2021,RB,WR,RB_vs_WR,Eno Benjamin,Rondale Moore,6951,7601,101,273,-172,16.4,55.1,-38.7
2021,RB,WR,RB_vs_WR,Eno Benjamin,KJ Hamler,6951,6805,101,254,-153,16.4,7.4,9
2021,RB,WR,RB_vs_WR,Eno Benjamin,Gabriel Davis,6951,6943,101,240,-139,16.4,87,-70.6
2021,RB,WR,RB_vs_WR,Eno Benjamin,Van Jefferson,6951,6853,101,232,-131,16.4,115.1,-98.7
2021,RB,WR,RB_vs_WR,Eno Benjamin,Denzel Mims,6951,6849,101,211,-110,16.4,13.3,3.1
2021,RB,WR,RB_vs_WR,Eno Benjamin,Darius Slayton,6951,6149,101,200,-99,16.4,33.7,-17.3
2021,RB,WR,RB_vs_WR,Eno Benjamin,Josh Palmer,6951,7670,101,199,-98,16.4,49.4,-33
2021,RB,WR,RB_vs_WR,Eno Benjamin,Hunter Renfrow,6951,5955,101,181,-80,16.4,143.2,-126.8
2021,RB,WR,RB_vs_WR,Eno Benjamin,Josh Reynolds,6951,4171,101,179,-78,16.4,50.5,-34.1
2021,RB,WR,RB_vs_WR,Eno Benjamin,Quez Watkins,6951,6927,101,177,-76,16.4,58.6,-42.2
2021,RB,WR,RB_vs_WR,Eno Benjamin,Demarcus Robinson,6951,3286,101,144,-43,16.4,42.5,-26.1
2021,RB,WR,RB_vs_WR,Eno Benjamin,Tim Patrick,6951,4351,101,141,-40,16.4,93.9,-77.5
2021,RB,WR,RB_vs_WR,Eno Benjamin,Jalen Guyton,6951,6421,101,133,-32,16.4,61,-44.6
2021,RB,WR,RB_vs_WR,Eno Benjamin,Tylan Wallace,6951,7595,101,124,-23,16.4,2.3,14.1
2021,RB,WR,RB_vs_WR,Eno Benjamin,Olamide Zaccheaus,6951,6271,101,121,-20,16.4,54.1,-37.7
2021,RB,WR,RB_vs_WR,Eno Benjamin,Kendrick Bourne,6951,4454,101,121,-20,16.4,122.3,-105.9
2021,RB,WR,RB_vs_WR,Eno Benjamin,Tyler Johnson,6951,6960,101,119,-18,16.4,33.8,-17.4
2021,RB,WR,RB_vs_WR,Eno Benjamin,Scotty Miller,6951,6290,101,115,-14,16.4,2.9,13.5
2021,RB,WR,RB_vs_WR,Eno Benjamin,Anthony Schwartz,6951,7533,101,106,-5,16.4,21.8,-5.4
2021,RB,WR,RB_vs_WR,Eno Benjamin,Deonte Harty,6951,6234,101,103,-2,16.4,73.8,-57.4
2021,RB,WR,RB_vs_WR,Eno Benjamin,Ihmir Smith-Marsette,6951,7559,101,103,-2,16.4,7.3,9.1
2021,RB,WR,RB_vs_WR,Eno Benjamin,Devin Duvernay,6951,6847,101,102,-1,16.4,50,-33.6
2021,RB,WR,RB_vs_WR,Eno Benjamin,Jaelon Darden,6951,7713,101,93,8,16.4,5.4,11
2021,RB,WR,RB_vs_WR,Eno Benjamin,Equanimeous St. Brown,6951,5323,101,23,78,16.4,9,7.4
2021,RB,WR,RB_vs_WR,Ke'Shawn Vaughn,Rondale Moore,6885,7601,77,273,-196,22.5,55.1,-32.6
2021,RB,WR,RB_vs_WR,Ke'Shawn Vaughn,KJ Hamler,6885,6805,77,254,-177,22.5,7.4,15.1
2021,RB,WR,RB_vs_WR,Ke'Shawn Vaughn,Gabriel Davis,6885,6943,77,240,-163,22.5,87,-64.5
2021,RB,WR,RB_vs_WR,Ke'Shawn Vaughn,Van Jefferson,6885,6853,77,232,-155,22.5,115.1,-92.6
2021,RB,WR,RB_vs_WR,Ke'Shawn Vaughn,Denzel Mims,6885,6849,77,211,-134,22.5,13.3,9.2
2021,RB,WR,RB_vs_WR,Ke'Shawn Vaughn,Darius Slayton,6885,6149,77,200,-123,22.5,33.7,-11.2
2021,RB,WR,RB_vs_WR,Ke'Shawn Vaughn,Josh Palmer,6885,7670,77,199,-122,22.5,49.4,-26.9
2021,RB,WR,RB_vs_WR,Ke'Shawn Vaughn,Hunter Renfrow,6885,5955,77,181,-104,22.5,143.2,-120.7
2021,RB,WR,RB_vs_WR,Ke'Shawn Vaughn,Josh Reynolds,6885,4171,77,179,-102,22.5,50.5,-28
2021,RB,WR,RB_vs_WR,Ke'Shawn Vaughn,Quez Watkins,6885,6927,77,177,-100,22.5,58.6,-36.1
2021,RB,WR,RB_vs_WR,Ke'Shawn Vaughn,Demarcus Robinson,6885,3286,77,144,-67,22.5,42.5,-20
2021,RB,WR,RB_vs_WR,Ke'Shawn Vaughn,Tim Patrick,6885,4351,77,141,-64,22.5,93.9,-71.4
2021,RB,WR,RB_vs_WR,Ke'Shawn Vaughn,Jalen Guyton,6885,6421,77,133,-56,22.5,61,-38.5
2021,RB,WR,RB_vs_WR,Ke'Shawn Vaughn,Tylan Wallace,6885,7595,77,124,-47,22.5,2.3,20.2
2021,RB,WR,RB_vs_WR,Ke'Shawn Vaughn,Olamide Zaccheaus,6885,6271,77,121,-44,22.5,54.1,-31.6
2021,RB,WR,RB_vs_WR,Ke'Shawn Vaughn,Kendrick Bourne,6885,4454,77,121,-44,22.5,122.3,-99.8
2021,RB,WR,RB_vs_WR,Ke'Shawn Vaughn,Tyler Johnson,6885,6960,77,119,-42,22.5,33.8,-11.3
2021,RB,WR,RB_vs_WR,Ke'Shawn Vaughn,Scotty Miller,6885,6290,77,115,-38,22.5,2.9,19.6
2021,RB,WR,RB_vs_WR,Ke'Shawn Vaughn,Anthony Schwartz,6885,7533,77,106,-29,22.5,21.8,0.7
2021,RB,WR,RB_vs_WR,Ke'Shawn Vaughn,Deonte Harty,6885,6234,77,103,-26,22.5,73.8,-51.3
2021,RB,WR,RB_vs_WR,Ke'Shawn Vaughn,Ihmir Smith-Marsette,6885,7559,77,103,-26,22.5,7.3,15.2
2021,RB,WR,RB_vs_WR,Ke'Shawn Vaughn,Devin Duvernay,6885,6847,77,102,-25,22.5,50,-27.5
2021,RB,WR,RB_vs_WR,Ke'Shawn Vaughn,Jaelon Darden,6885,7713,77,93,-16,22.5,5.4,17.1
2021,RB,WR,RB_vs_WR,Ke'Shawn Vaughn,Equanimeous St. Brown,6885,5323,77,23,54,22.5,9,13.5
2021,RB,WR,RB_vs_WR,Jeffery Wilson,Gabriel Davis,5284,6943,46,240,-194,44.5,87,-42.5
2021,RB,WR,RB_vs_WR,Jeffery Wilson,Van Jefferson,5284,6853,46,232,-186,44.5,115.1,-70.6
2021,RB,WR,RB_vs_WR,Jeffery Wilson,Denzel Mims,5284,6849,46,211,-165,44.5,13.3,31.2
2021,RB,WR,RB_vs_WR,Jeffery Wilson,Darius Slayton,5284,6149,46,200,-154,44.5,33.7,10.8
2021,RB,WR,RB_vs_WR,Jeffery Wilson,Josh Palmer,5284,7670,46,199,-153,44.5,49.4,-4.9
2021,RB,WR,RB_vs_WR,Jeffery Wilson,Hunter Renfrow,5284,5955,46,181,-135,44.5,143.2,-98.7
2021,RB,WR,RB_vs_WR,Jeffery Wilson,Josh Reynolds,5284,4171,46,179,-133,44.5,50.5,-6
2021,RB,WR,RB_vs_WR,Jeffery Wilson,Quez Watkins,5284,6927,46,177,-131,44.5,58.6,-14.1
2021,RB,WR,RB_vs_WR,Jeffery Wilson,Demarcus Robinson,5284,3286,46,144,-98,44.5,42.5,2
2021,RB,WR,RB_vs_WR,Jeffery Wilson,Tim Patrick,5284,4351,46,141,-95,44.5,93.9,-49.4
2021,RB,WR,RB_vs_WR,Jeffery Wilson,Jalen Guyton,5284,6421,46,133,-87,44.5,61,-16.5
2021,RB,WR,RB_vs_WR,Jeffery Wilson,Tylan Wallace,5284,7595,46,124,-78,44.5,2.3,42.2
2021,RB,WR,RB_vs_WR,Jeffery Wilson,Olamide Zaccheaus,5284,6271,46,121,-75,44.5,54.1,-9.6
2021,RB,WR,RB_vs_WR,Jeffery Wilson,Kendrick Bourne,5284,4454,46,121,-75,44.5,122.3,-77.8
2021,RB,WR,RB_vs_WR,Jeffery Wilson,Tyler Johnson,5284,6960,46,119,-73,44.5,33.8,10.7
2021,RB,WR,RB_vs_WR,Jeffery Wilson,Scotty Miller,5284,6290,46,115,-69,44.5,2.9,41.6
2021,RB,WR,RB_vs_WR,Jeffery Wilson,Anthony Schwartz,5284,7533,46,106,-60,44.5,21.8,22.7
2021,RB,WR,RB_vs_WR,Jeffery Wilson,Deonte Harty,5284,6234,46,103,-57,44.5,73.8,-29.3
2021,RB,WR,RB_vs_WR,Jeffery Wilson,Ihmir Smith-Marsette,5284,7559,46,103,-57,44.5,7.3,37.2
2021,RB,WR,RB_vs_WR,Jeffery Wilson,Devin Duvernay,5284,6847,46,102,-56,44.5,50,-5.5
2021,RB,WR,RB_vs_WR,Jeffery Wilson,Jaelon Darden,5284,7713,46,93,-47,44.5,5.4,39.1
2021,RB,WR,RB_vs_WR,Jeffery Wilson,Equanimeous St. Brown,5284,5323,46,23,23,44.5,9,35.5
2021,RB,WR,RB_vs_WR,Kene Nwangwu,Van Jefferson,7720,6853,34,232,-198,18.6,115.1,-96.5
2021,RB,WR,RB_vs_WR,Kene Nwangwu,Denzel Mims,7720,6849,34,211,-177,18.6,13.3,5.3
2021,RB,WR,RB_vs_WR,Kene Nwangwu,Darius Slayton,7720,6149,34,200,-166,18.6,33.7,-15.1
2021,RB,WR,RB_vs_WR,Kene Nwangwu,Josh Palmer,7720,7670,34,199,-165,18.6,49.4,-30.8
2021,RB,WR,RB_vs_WR,Kene Nwangwu,Hunter Renfrow,7720,5955,34,181,-147,18.6,143.2,-124.6
2021,RB,WR,RB_vs_WR,Kene Nwangwu,Josh Reynolds,7720,4171,34,179,-145,18.6,50.5,-31.9
2021,RB,WR,RB_vs_WR,Kene Nwangwu,Quez Watkins,7720,6927,34,177,-143,18.6,58.6,-40
2021,RB,WR,RB_vs_WR,Kene Nwangwu,Demarcus Robinson,7720,3286,34,144,-110,18.6,42.5,-23.9
2021,RB,WR,RB_vs_WR,Kene Nwangwu,Tim Patrick,7720,4351,34,141,-107,18.6,93.9,-75.3
2021,RB,WR,RB_vs_WR,Kene Nwangwu,Jalen Guyton,7720,6421,34,133,-99,18.6,61,-42.4
2021,RB,WR,RB_vs_WR,Kene Nwangwu,Tylan Wallace,7720,7595,34,124,-90,18.6,2.3,16.3
2021,RB,WR,RB_vs_WR,Kene Nwangwu,Olamide Zaccheaus,7720,6271,34,121,-87,18.6,54.1,-35.5
2021,RB,WR,RB_vs_WR,Kene Nwangwu,Kendrick Bourne,7720,4454,34,121,-87,18.6,122.3,-103.7
2021,RB,WR,RB_vs_WR,Kene Nwangwu,Tyler Johnson,7720,6960,34,119,-85,18.6,33.8,-15.2
2021,RB,WR,RB_vs_WR,Kene Nwangwu,Scotty Miller,7720,6290,34,115,-81,18.6,2.9,15.7
2021,RB,WR,RB_vs_WR,Kene Nwangwu,Anthony Schwartz,7720,7533,34,106,-72,18.6,21.8,-3.2
2021,RB,WR,RB_vs_WR,Kene Nwangwu,Deonte Harty,7720,6234,34,103,-69,18.6,73.8,-55.2
2021,RB,WR,RB_vs_WR,Kene Nwangwu,Ihmir Smith-Marsette,7720,7559,34,103,-69,18.6,7.3,11.3
2021,RB,WR,RB_vs_WR,Kene Nwangwu,Devin Duvernay,7720,6847,34,102,-68,18.6,50,-31.4
2021,RB,WR,RB_vs_WR,Kene Nwangwu,Jaelon Darden,7720,7713,34,93,-59,18.6,5.4,13.2
2021,RB,WR,RB_vs_WR,Kene Nwangwu,Equanimeous St. Brown,7720,5323,34,23,11,18.6,9,9.6
2021,RB,WR,RB_vs_WR,Cordarrelle Patterson,Van Jefferson,1535,6853,32,232,-200,181.4,115.1,66.3
2021,RB,WR,RB_vs_WR,Cordarrelle Patterson,Denzel Mims,1535,6849,32,211,-179,181.4,13.3,168.1
2021,RB,WR,RB_vs_WR,Cordarrelle Patterson,Darius Slayton,1535,6149,32,200,-168,181.4,33.7,147.7
2021,RB,WR,RB_vs_WR,Cordarrelle Patterson,Josh Palmer,1535,7670,32,199,-167,181.4,49.4,132
2021,RB,WR,RB_vs_WR,Cordarrelle Patterson,Hunter Renfrow,1535,5955,32,181,-149,181.4,143.2,38.2
2021,RB,WR,RB_vs_WR,Cordarrelle Patterson,Josh Reynolds,1535,4171,32,179,-147,181.4,50.5,130.9
2021,RB,WR,RB_vs_WR,Cordarrelle Patterson,Quez Watkins,1535,6927,32,177,-145,181.4,58.6,122.8
2021,RB,WR,RB_vs_WR,Cordarrelle Patterson,Demarcus Robinson,1535,3286,32,144,-112,181.4,42.5,138.9
2021,RB,WR,RB_vs_WR,Cordarrelle Patterson,Tim Patrick,1535,4351,32,141,-109,181.4,93.9,87.5
2021,RB,WR,RB_vs_WR,Cordarrelle Patterson,Jalen Guyton,1535,6421,32,133,-101,181.4,61,120.4
2021,RB,WR,RB_vs_WR,Cordarrelle Patterson,Tylan Wallace,1535,7595,32,124,-92,181.4,2.3,179.1
2021,RB,WR,RB_vs_WR,Cordarrelle Patterson,Olamide Zaccheaus,1535,6271,32,121,-89,181.4,54.1,127.3
2021,RB,WR,RB_vs_WR,Cordarrelle Patterson,Kendrick Bourne,1535,4454,32,121,-89,181.4,122.3,59.1
2021,RB,WR,RB_vs_WR,Cordarrelle Patterson,Tyler Johnson,1535,6960,32,119,-87,181.4,33.8,147.6
2021,RB,WR,RB_vs_WR,Cordarrelle Patterson,Scotty Miller,1535,6290,32,115,-83,181.4,2.9,178.5
2021,RB,WR,RB_vs_WR,Cordarrelle Patterson,Anthony Schwartz,1535,7533,32,106,-74,181.4,21.8,159.6
2021,RB,WR,RB_vs_WR,Cordarrelle Patterson,Deonte Harty,1535,6234,32,103,-71,181.4,73.8,107.6
2021,RB,WR,RB_vs_WR,Cordarrelle Patterson,Ihmir Smith-Marsette,1535,7559,32,103,-71,181.4,7.3,174.1
2021,RB,WR,RB_vs_WR,Cordarrelle Patterson,Devin Duvernay,1535,6847,32,102,-70,181.4,50,131.4
2021,RB,WR,RB_vs_WR,Cordarrelle Patterson,Jaelon Darden,1535,7713,32,93,-61,181.4,5.4,176
2021,RB,WR,RB_vs_WR,Cordarrelle Patterson,Equanimeous St. Brown,1535,5323,32,23,9,181.4,9,172.4
2021,RB,WR,RB_vs_WR,Trayveon Williams,Darius Slayton,6144,6149,6,200,-194,1.3,33.7,-32.4
2021,RB,WR,RB_vs_WR,Trayveon Williams,Josh Palmer,6144,7670,6,199,-193,1.3,49.4,-48.1
2021,RB,WR,RB_vs_WR,Trayveon Williams,Hunter Renfrow,6144,5955,6,181,-175,1.3,143.2,-141.9
2021,RB,WR,RB_vs_WR,Trayveon Williams,Josh Reynolds,6144,4171,6,179,-173,1.3,50.5,-49.2
2021,RB,WR,RB_vs_WR,Trayveon Williams,Quez Watkins,6144,6927,6,177,-171,1.3,58.6,-57.3
2021,RB,WR,RB_vs_WR,Trayveon Williams,Demarcus Robinson,6144,3286,6,144,-138,1.3,42.5,-41.2
2021,RB,WR,RB_vs_WR,Trayveon Williams,Tim Patrick,6144,4351,6,141,-135,1.3,93.9,-92.6
2021,RB,WR,RB_vs_WR,Trayveon Williams,Jalen Guyton,6144,6421,6,133,-127,1.3,61,-59.7
2021,RB,WR,RB_vs_WR,Trayveon Williams,Tylan Wallace,6144,7595,6,124,-118,1.3,2.3,-1
2021,RB,WR,RB_vs_WR,Trayveon Williams,Olamide Zaccheaus,6144,6271,6,121,-115,1.3,54.1,-52.8
2021,RB,WR,RB_vs_WR,Trayveon Williams,Kendrick Bourne,6144,4454,6,121,-115,1.3,122.3,-121
2021,RB,WR,RB_vs_WR,Trayveon Williams,Tyler Johnson,6144,6960,6,119,-113,1.3,33.8,-32.5
2021,RB,WR,RB_vs_WR,Trayveon Williams,Scotty Miller,6144,6290,6,115,-109,1.3,2.9,-1.6
2021,RB,WR,RB_vs_WR,Trayveon Williams,Anthony Schwartz,6144,7533,6,106,-100,1.3,21.8,-20.5
2021,RB,WR,RB_vs_WR,Trayveon Williams,Deonte Harty,6144,6234,6,103,-97,1.3,73.8,-72.5
2021,RB,WR,RB_vs_WR,Trayveon Williams,Ihmir Smith-Marsette,6144,7559,6,103,-97,1.3,7.3,-6
2021,RB,WR,RB_vs_WR,Trayveon Williams,Devin Duvernay,6144,6847,6,102,-96,1.3,50,-48.7
2021,RB,WR,RB_vs_WR,Trayveon Williams,Jaelon Darden,6144,7713,6,93,-87,1.3,5.4,-4.1
2021,RB,WR,RB_vs_WR,Trayveon Williams,Equanimeous St. Brown,6144,5323,6,23,-17,1.3,9,-7.7
2021,RB,TE,RB_vs_TE,Dalvin Cook,Darren Waller,4029,2505,6851,6676,175,164.1,102.8,61.3
2021,RB,TE,RB_vs_TE,Alvin Kamara,Darren Waller,4035,2505,6737,6676,61,171.5,102.8,68.7
2021,RB,TE,RB_vs_TE,Derrick Henry,Darren Waller,3198,2505,6476,6676,-200,175.3,102.8,72.5
2021,RB,TE,RB_vs_TE,Derrick Henry,George Kittle,3198,4217,6476,6466,10,175.3,159,16.3
2021,RB,TE,RB_vs_TE,Ezekiel Elliott,George Kittle,3164,4217,6341,6466,-125,196.1,159,37.1
2021,RB,TE,RB_vs_TE,Austin Ekeler,Kyle Pitts,4663,7553,5851,5941,-90,249.9,140.8,109.1
2021,RB,TE,RB_vs_TE,Saquon Barkley,Kyle Pitts,4866,7553,5835,5941,-106,102.7,140.8,-38.1
2021,RB,TE,RB_vs_TE,Aaron Jones,Kyle Pitts,4199,7553,5755,5941,-186,177,140.8,36.2
2021,RB,TE,RB_vs_TE,Nick Chubb,Mark Andrews,4988,5012,5595,5431,164,189.3,235.1,-45.8
2021,RB,TE,RB_vs_TE,Antonio Gibson,Mark Andrews,6945,5012,5464,5431,33,166,235.1,-69.1
2021,RB,TE,RB_vs_TE,Antonio Gibson,T.J. Hockenson,6945,5844,5464,5282,182,166,114.8,51.2
2021,RB,TE,RB_vs_TE,Najee Harris,Mark Andrews,7528,5012,5451,5431,20,221.2,235.1,-13.9
2021,RB,TE,RB_vs_TE,Najee Harris,T.J. Hockenson,7528,5844,5451,5282,169,221.2,114.8,106.4
2021,RB,TE,RB_vs_TE,Joe Mixon,Mark Andrews,4018,5012,5266,5431,-165,245.9,235.1,10.8
2021,RB,TE,RB_vs_TE,Joe Mixon,T.J. Hockenson,4018,5844,5266,5282,-16,245.9,114.8,131.1
2021,RB,TE,RB_vs_TE,Clyde Edwards-Helaire,T.J. Hockenson,6820,5844,5194,5282,-88,98.6,114.8,-16.2
2021,RB,TE,RB_vs_TE,Myles Gaskin,Noah Fant,5980,5857,3819,3623,196,123.6,122.9,0.7
2021,RB,TE,RB_vs_TE,Kareem Hunt,Noah Fant,4098,5857,3710,3623,87,88,122.9,-34.9
2021,RB,TE,RB_vs_TE,Chase Edmonds,Noah Fant,5000,5857,3466,3623,-157,100.3,122.9,-22.6
2021,RB,TE,RB_vs_TE,Chase Edmonds,Dallas Goedert,5000,5022,3466,3367,99,100.3,137,-36.7
2021,RB,TE,RB_vs_TE,Raheem Mostert,Dallas Goedert,2749,5022,3323,3367,-44,2,137,-135
2021,RB,TE,RB_vs_TE,Trey Sermon,Dallas Goedert,7593,5022,3216,3367,-151,25.3,137,-111.7
2021,RB,TE,RB_vs_TE,Trey Sermon,Tyler Higbee,7593,3271,3216,3023,193,25.3,96,-70.7
2021,RB,TE,RB_vs_TE,Zack Moss,Mike Gesicki,6845,4993,2749,2909,-160,80.8,125.3,-44.5
2021,RB,TE,RB_vs_TE,Zack Moss,Jonnu Smith,6845,4144,2749,2796,-47,80.8,52.9,27.9
2021,RB,TE,RB_vs_TE,AJ Dillon,Mike Gesicki,6828,4993,2719,2909,-190,144.9,125.3,19.6
2021,RB,TE,RB_vs_TE,AJ Dillon,Jonnu Smith,6828,4144,2719,2796,-77,144.9,52.9,92
2021,RB,TE,RB_vs_TE,Michael Carter,Hunter Henry,7607,3214,2498,2477,21,116.5,128.2,-11.7
2021,RB,TE,RB_vs_TE,James Conner,Hunter Henry,4137,3214,2298,2477,-179,199.4,128.2,71.2
2021,RB,TE,RB_vs_TE,James Conner,Evan Engram,4137,4066,2298,2201,97,199.4,78.6,120.8
2021,RB,TE,RB_vs_TE,Jamaal Williams,Evan Engram,4149,4066,2222,2201,21,88.6,78.6,10
2021,RB,TE,RB_vs_TE,Devin Singletary,Gerald Everett,6130,4089,1967,2014,-47,134.6,91.3,43.3
2021,RB,TE,RB_vs_TE,Tony Pollard,Austin Hooper,5967,3202,1517,1702,-185,123.6,73.5,50.1
2021,RB,TE,RB_vs_TE,Tony Pollard,Zach Ertz,5967,1339,1517,1500,17,123.6,131.8,-8.2
2021,RB,TE,RB_vs_TE,Chuba Hubbard,Pat Freiermuth,7594,7600,1048,1216,-168,101,113.4,-12.4
2021,RB,TE,RB_vs_TE,Chuba Hubbard,Donald Parham,7594,6074,1048,993,55,101,49,52
2021,RB,TE,RB_vs_TE,Rhamondre Stevenson,Donald Parham,7611,6074,888,993,-105,97.3,49,48.3
2021,RB,TE,RB_vs_TE,Rhamondre Stevenson,Hayden Hurst,7611,4973,888,818,70,97.3,47.3,50
2021,RB,TE,RB_vs_TE,Alexander Mattison,Donald Parham,5987,6074,869,993,-124,91.8,49,42.8
2021,RB,TE,RB_vs_TE,Alexander Mattison,Hayden Hurst,5987,4973,869,818,51,91.8,47.3,44.5
2021,RB,TE,RB_vs_TE,Rashaad Penny,Hayden Hurst,4985,4973,626,818,-192,90.7,47.3,43.4
2021,RB,TE,RB_vs_TE,Rashaad Penny,Dalton Schultz,4985,5001,626,641,-15,90.7,154.2,-63.5
2021,RB,TE,RB_vs_TE,Rashaad Penny,Taysom Hill,4985,4381,626,508,118,90.7,109.6,-18.9
2021,RB,TE,RB_vs_TE,Rashaad Penny,Dawson Knox,4985,5906,626,504,122,90.7,132.8,-42.1
2021,RB,TE,RB_vs_TE,Kenneth Gainwell,Dalton Schultz,7567,5001,589,641,-52,75.7,154.2,-78.5
2021,RB,TE,RB_vs_TE,Kenneth Gainwell,Taysom Hill,7567,4381,589,508,81,75.7,109.6,-33.9
2021,RB,TE,RB_vs_TE,Kenneth Gainwell,Dawson Knox,7567,5906,589,504,85,75.7,132.8,-57.1
2021,RB,TE,RB_vs_TE,Kenneth Gainwell,Juwan Johnson,7567,7002,589,405,184,75.7,39.4,36.3
2021,RB,TE,RB_vs_TE,Jerick McKinnon,Juwan Johnson,2161,7002,249,405,-156,11.9,39.4,-27.5
2021,RB,TE,RB_vs_TE,Jerick McKinnon,Harrison Bryant,2161,6850,249,339,-90,11.9,50.4,-38.5
2021,RB,TE,RB_vs_TE,Jerick McKinnon,David Njoku,2161,4033,249,335,-86,11.9,87.5,-75.6
2021,RB,TE,RB_vs_TE,Jerick McKinnon,Mo Alie-Cox,2161,4054,249,322,-73,11.9,63.9,-52
2021,RB,TE,RB_vs_TE,Jerick McKinnon,Will Dissly,2161,5010,249,298,-49,11.9,39.6,-27.7
2021,RB,TE,RB_vs_TE,Jerick McKinnon,Brevin Jordan,2161,7568,249,251,-2,11.9,45.8,-33.9
2021,RB,TE,RB_vs_TE,Jerick McKinnon,Tommy Tremble,2161,7694,249,248,1,11.9,41,-29.1
2021,RB,TE,RB_vs_TE,Jerick McKinnon,Noah Gray,2161,7828,249,243,6,11.9,13.1,-1.2
2021,RB,TE,RB_vs_TE,Jerick McKinnon,Albert Okwuegbunam,2161,6843,249,242,7,11.9,59.5,-47.6
2021,RB,TE,RB_vs_TE,Jerick McKinnon,Kylen Granson,2161,7602,249,234,15,11.9,16.1,-4.2
2021,RB,TE,RB_vs_TE,Jerick McKinnon,Foster Moreau,2161,5985,249,233,16,11.9,64.3,-52.4
2021,RB,TE,RB_vs_TE,Jerick McKinnon,Hunter Long,2161,7535,249,214,35,11.9,1.3,10.6
2021,RB,TE,RB_vs_TE,Jerick McKinnon,Drew Sample,2161,6001,249,193,56,11.9,12.3,-0.4
2021,RB,TE,RB_vs_TE,Jerick McKinnon,Ian Thomas,2161,4995,249,179,70,11.9,27.8,-15.9
2021,RB,TE,RB_vs_TE,Ty Johnson,Juwan Johnson,6039,7002,248,405,-157,83.1,39.4,43.7
2021,RB,TE,RB_vs_TE,Ty Johnson,Harrison Bryant,6039,6850,248,339,-91,83.1,50.4,32.7
2021,RB,TE,RB_vs_TE,Ty Johnson,David Njoku,6039,4033,248,335,-87,83.1,87.5,-4.4
2021,RB,TE,RB_vs_TE,Ty Johnson,Mo Alie-Cox,6039,4054,248,322,-74,83.1,63.9,19.2
2021,RB,TE,RB_vs_TE,Ty Johnson,Will Dissly,6039,5010,248,298,-50,83.1,39.6,43.5
2021,RB,TE,RB_vs_TE,Ty Johnson,Brevin Jordan,6039,7568,248,251,-3,83.1,45.8,37.3
2021,RB,TE,RB_vs_TE,Ty Johnson,Tommy Tremble,6039,7694,248,248,0,83.1,41,42.1
2021,RB,TE,RB_vs_TE,Ty Johnson,Noah Gray,6039,7828,248,243,5,83.1,13.1,70
2021,RB,TE,RB_vs_TE,Ty Johnson,Albert Okwuegbunam,6039,6843,248,242,6,83.1,59.5,23.6
2021,RB,TE,RB_vs_TE,Ty Johnson,Kylen Granson,6039,7602,248,234,14,83.1,16.1,67
2021,RB,TE,RB_vs_TE,Ty Johnson,Foster Moreau,6039,5985,248,233,15,83.1,64.3,18.8
2021,RB,TE,RB_vs_TE,Ty Johnson,Hunter Long,6039,7535,248,214,34,83.1,1.3,81.8
2021,RB,TE,RB_vs_TE,Ty Johnson,Drew Sample,6039,6001,248,193,55,83.1,12.3,70.8
2021,RB,TE,RB_vs_TE,Ty Johnson,Ian Thomas,6039,4995,248,179,69,83.1,27.8,55.3
2021,RB,TE,RB_vs_TE,Joshua Kelley,Juwan Johnson,7045,7002,248,405,-157,12,39.4,-27.4
2021,RB,TE,RB_vs_TE,Joshua Kelley,Harrison Bryant,7045,6850,248,339,-91,12,50.4,-38.4
2021,RB,TE,RB_vs_TE,Joshua Kelley,David Njoku,7045,4033,248,335,-87,12,87.5,-75.5
2021,RB,TE,RB_vs_TE,Joshua Kelley,Mo Alie-Cox,7045,4054,248,322,-74,12,63.9,-51.9
2021,RB,TE,RB_vs_TE,Joshua Kelley,Will Dissly,7045,5010,248,298,-50,12,39.6,-27.6
2021,RB,TE,RB_vs_TE,Joshua Kelley,Brevin Jordan,7045,7568,248,251,-3,12,45.8,-33.8
2021,RB,TE,RB_vs_TE,Joshua Kelley,Tommy Tremble,7045,7694,248,248,0,12,41,-29
2021,RB,TE,RB_vs_TE,Joshua Kelley,Noah Gray,7045,7828,248,243,5,12,13.1,-1.1
2021,RB,TE,RB_vs_TE,Joshua Kelley,Albert Okwuegbunam,7045,6843,248,242,6,12,59.5,-47.5
2021,RB,TE,RB_vs_TE,Joshua Kelley,Kylen Granson,7045,7602,248,234,14,12,16.1,-4.1
2021,RB,TE,RB_vs_TE,Joshua Kelley,Foster Moreau,7045,5985,248,233,15,12,64.3,-52.3
2021,RB,TE,RB_vs_TE,Joshua Kelley,Hunter Long,7045,7535,248,214,34,12,1.3,10.7
2021,RB,TE,RB_vs_TE,Joshua Kelley,Drew Sample,7045,6001,248,193,55,12,12.3,-0.3
2021,RB,TE,RB_vs_TE,Joshua Kelley,Ian Thomas,7045,4995,248,179,69,12,27.8,-15.8
2021,RB,TE,RB_vs_TE,Boston Scott,Juwan Johnson,5122,7002,236,405,-169,85.6,39.4,46.2
2021,RB,TE,RB_vs_TE,Boston Scott,Harrison Bryant,5122,6850,236,339,-103,85.6,50.4,35.2
2021,RB,TE,RB_vs_TE,Boston Scott,David Njoku,5122,4033,236,335,-99,85.6,87.5,-1.9
2021,RB,TE,RB_vs_TE,Boston Scott,Mo Alie-Cox,5122,4054,236,322,-86,85.6,63.9,21.7
2021,RB,TE,RB_vs_TE,Boston Scott,Will Dissly,5122,5010,236,298,-62,85.6,39.6,46
2021,RB,TE,RB_vs_TE,Boston Scott,Brevin Jordan,5122,7568,236,251,-15,85.6,45.8,39.8
2021,RB,TE,RB_vs_TE,Boston Scott,Tommy Tremble,5122,7694,236,248,-12,85.6,41,44.6
2021,RB,TE,RB_vs_TE,Boston Scott,Noah Gray,5122,7828,236,243,-7,85.6,13.1,72.5
2021,RB,TE,RB_vs_TE,Boston Scott,Albert Okwuegbunam,5122,6843,236,242,-6,85.6,59.5,26.1
2021,RB,TE,RB_vs_TE,Boston Scott,Kylen Granson,5122,7602,236,234,2,85.6,16.1,69.5
2021,RB,TE,RB_vs_TE,Boston Scott,Foster Moreau,5122,5985,236,233,3,85.6,64.3,21.3
2021,RB,TE,RB_vs_TE,Boston Scott,Hunter Long,5122,7535,236,214,22,85.6,1.3,84.3
2021,RB,TE,RB_vs_TE,Boston Scott,Drew Sample,5122,6001,236,193,43,85.6,12.3,73.3
2021,RB,TE,RB_vs_TE,Boston Scott,Ian Thomas,5122,4995,236,179,57,85.6,27.8,57.8
2021,RB,TE,RB_vs_TE,Salvon Ahmed,Juwan Johnson,6918,7002,220,405,-185,26.6,39.4,-12.8
2021,RB,TE,RB_vs_TE,Salvon Ahmed,Harrison Bryant,6918,6850,220,339,-119,26.6,50.4,-23.8
2021,RB,TE,RB_vs_TE,Salvon Ahmed,David Njoku,6918,4033,220,335,-115,26.6,87.5,-60.9
2021,RB,TE,RB_vs_TE,Salvon Ahmed,Mo Alie-Cox,6918,4054,220,322,-102,26.6,63.9,-37.3
2021,RB,TE,RB_vs_TE,Salvon Ahmed,Will Dissly,6918,5010,220,298,-78,26.6,39.6,-13
2021,RB,TE,RB_vs_TE,Salvon Ahmed,Brevin Jordan,6918,7568,220,251,-31,26.6,45.8,-19.2
2021,RB,TE,RB_vs_TE,Salvon Ahmed,Tommy Tremble,6918,7694,220,248,-28,26.6,41,-14.4
2021,RB,TE,RB_vs_TE,Salvon Ahmed,Noah Gray,6918,7828,220,243,-23,26.6,13.1,13.5
2021,RB,TE,RB_vs_TE,Salvon Ahmed,Albert Okwuegbunam,6918,6843,220,242,-22,26.6,59.5,-32.9
2021,RB,TE,RB_vs_TE,Salvon Ahmed,Kylen Granson,6918,7602,220,234,-14,26.6,16.1,10.5
2021,RB,TE,RB_vs_TE,Salvon Ahmed,Foster Moreau,6918,5985,220,233,-13,26.6,64.3,-37.7
2021,RB,TE,RB_vs_TE,Salvon Ahmed,Hunter Long,6918,7535,220,214,6,26.6,1.3,25.3
2021,RB,TE,RB_vs_TE,Salvon Ahmed,Drew Sample,6918,6001,220,193,27,26.6,12.3,14.3
2021,RB,TE,RB_vs_TE,Salvon Ahmed,Ian Thomas,6918,4995,220,179,41,26.6,27.8,-1.2
2021,RB,TE,RB_vs_TE,Nyheim Hines,Harrison Bryant,5347,6850,193,339,-146,70.7,50.4,20.3
2021,RB,TE,RB_vs_TE,Nyheim Hines,David Njoku,5347,4033,193,335,-142,70.7,87.5,-16.8
2021,RB,TE,RB_vs_TE,Nyheim Hines,Mo Alie-Cox,5347,4054,193,322,-129,70.7,63.9,6.8
2021,RB,TE,RB_vs_TE,Nyheim Hines,Will Dissly,5347,5010,193,298,-105,70.7,39.6,31.1
2021,RB,TE,RB_vs_TE,Nyheim Hines,Brevin Jordan,5347,7568,193,251,-58,70.7,45.8,24.9
2021,RB,TE,RB_vs_TE,Nyheim Hines,Tommy Tremble,5347,7694,193,248,-55,70.7,41,29.7
2021,RB,TE,RB_vs_TE,Nyheim Hines,Noah Gray,5347,7828,193,243,-50,70.7,13.1,57.6
2021,RB,TE,RB_vs_TE,Nyheim Hines,Albert Okwuegbunam,5347,6843,193,242,-49,70.7,59.5,11.2
2021,RB,TE,RB_vs_TE,Nyheim Hines,Kylen Granson,5347,7602,193,234,-41,70.7,16.1,54.6
2021,RB,TE,RB_vs_TE,Nyheim Hines,Foster Moreau,5347,5985,193,233,-40,70.7,64.3,6.4
2021,RB,TE,RB_vs_TE,Nyheim Hines,Hunter Long,5347,7535,193,214,-21,70.7,1.3,69.4
2021,RB,TE,RB_vs_TE,Nyheim Hines,Drew Sample,5347,6001,193,193,0,70.7,12.3,58.4
2021,RB,TE,RB_vs_TE,Nyheim Hines,Ian Thomas,5347,4995,193,179,14,70.7,27.8,42.9
2021,RB,TE,RB_vs_TE,Khalil Herbert,Harrison Bryant,7608,6850,192,339,-147,63.8,50.4,13.4
2021,RB,TE,RB_vs_TE,Khalil Herbert,David Njoku,7608,4033,192,335,-143,63.8,87.5,-23.7
2021,RB,TE,RB_vs_TE,Khalil Herbert,Mo Alie-Cox,7608,4054,192,322,-130,63.8,63.9,-0.1
2021,RB,TE,RB_vs_TE,Khalil Herbert,Will Dissly,7608,5010,192,298,-106,63.8,39.6,24.2
2021,RB,TE,RB_vs_TE,Khalil Herbert,Brevin Jordan,7608,7568,192,251,-59,63.8,45.8,18
2021,RB,TE,RB_vs_TE,Khalil Herbert,Tommy Tremble,7608,7694,192,248,-56,63.8,41,22.8
2021,RB,TE,RB_vs_TE,Khalil Herbert,Noah Gray,7608,7828,192,243,-51,63.8,13.1,50.7
2021,RB,TE,RB_vs_TE,Khalil Herbert,Albert Okwuegbunam,7608,6843,192,242,-50,63.8,59.5,4.3
2021,RB,TE,RB_vs_TE,Khalil Herbert,Kylen Granson,7608,7602,192,234,-42,63.8,16.1,47.7
2021,RB,TE,RB_vs_TE,Khalil Herbert,Foster Moreau,7608,5985,192,233,-41,63.8,64.3,-0.5
2021,RB,TE,RB_vs_TE,Khalil Herbert,Hunter Long,7608,7535,192,214,-22,63.8,1.3,62.5
2021,RB,TE,RB_vs_TE,Khalil Herbert,Drew Sample,7608,6001,192,193,-1,63.8,12.3,51.5
2021,RB,TE,RB_vs_TE,Khalil Herbert,Ian Thomas,7608,4995,192,179,13,63.8,27.8,36
2021,RB,TE,RB_vs_TE,Chris Evans,Harrison Bryant,7794,6850,182,339,-157,22.9,50.4,-27.5
2021,RB,TE,RB_vs_TE,Chris Evans,David Njoku,7794,4033,182,335,-153,22.9,87.5,-64.6
2021,RB,TE,RB_vs_TE,Chris Evans,Mo Alie-Cox,7794,4054,182,322,-140,22.9,63.9,-41
2021,RB,TE,RB_vs_TE,Chris Evans,Will Dissly,7794,5010,182,298,-116,22.9,39.6,-16.7
2021,RB,TE,RB_vs_TE,Chris Evans,Brevin Jordan,7794,7568,182,251,-69,22.9,45.8,-22.9
2021,RB,TE,RB_vs_TE,Chris Evans,Tommy Tremble,7794,7694,182,248,-66,22.9,41,-18.1
2021,RB,TE,RB_vs_TE,Chris Evans,Noah Gray,7794,7828,182,243,-61,22.9,13.1,9.8
2021,RB,TE,RB_vs_TE,Chris Evans,Albert Okwuegbunam,7794,6843,182,242,-60,22.9,59.5,-36.6
2021,RB,TE,RB_vs_TE,Chris Evans,Kylen Granson,7794,7602,182,234,-52,22.9,16.1,6.8
2021,RB,TE,RB_vs_TE,Chris Evans,Foster Moreau,7794,5985,182,233,-51,22.9,64.3,-41.4
2021,RB,TE,RB_vs_TE,Chris Evans,Hunter Long,7794,7535,182,214,-32,22.9,1.3,21.6
2021,RB,TE,RB_vs_TE,Chris Evans,Drew Sample,7794,6001,182,193,-11,22.9,12.3,10.6
2021,RB,TE,RB_vs_TE,Chris Evans,Ian Thomas,7794,4995,182,179,3,22.9,27.8,-4.9
2021,RB,TE,RB_vs_TE,Elijah Mitchell,Harrison Bryant,7561,6850,144,339,-195,137.5,50.4,87.1
2021,RB,TE,RB_vs_TE,Elijah Mitchell,David Njoku,7561,4033,144,335,-191,137.5,87.5,50
2021,RB,TE,RB_vs_TE,Elijah Mitchell,Mo Alie-Cox,7561,4054,144,322,-178,137.5,63.9,73.6
2021,RB,TE,RB_vs_TE,Elijah Mitchell,Will Dissly,7561,5010,144,298,-154,137.5,39.6,97.9
2021,RB,TE,RB_vs_TE,Elijah Mitchell,Brevin Jordan,7561,7568,144,251,-107,137.5,45.8,91.7
2021,RB,TE,RB_vs_TE,Elijah Mitchell,Tommy Tremble,7561,7694,144,248,-104,137.5,41,96.5
2021,RB,TE,RB_vs_TE,Elijah Mitchell,Noah Gray,7561,7828,144,243,-99,137.5,13.1,124.4
2021,RB,TE,RB_vs_TE,Elijah Mitchell,Albert Okwuegbunam,7561,6843,144,242,-98,137.5,59.5,78
2021,RB,TE,RB_vs_TE,Elijah Mitchell,Kylen Granson,7561,7602,144,234,-90,137.5,16.1,121.4
2021,RB,TE,RB_vs_TE,Elijah Mitchell,Foster Moreau,7561,5985,144,233,-89,137.5,64.3,73.2
2021,RB,TE,RB_vs_TE,Elijah Mitchell,Hunter Long,7561,7535,144,214,-70,137.5,1.3,136.2
2021,RB,TE,RB_vs_TE,Elijah Mitchell,Drew Sample,7561,6001,144,193,-49,137.5,12.3,125.2
2021,RB,TE,RB_vs_TE,Elijah Mitchell,Ian Thomas,7561,4995,144,179,-35,137.5,27.8,109.7
2021,RB,TE,RB_vs_TE,Samaje Perine,Harrison Bryant,4147,6850,140,339,-199,56.2,50.4,5.8
2021,RB,TE,RB_vs_TE,Samaje Perine,David Njoku,4147,4033,140,335,-195,56.2,87.5,-31.3
2021,RB,TE,RB_vs_TE,Samaje Perine,Mo Alie-Cox,4147,4054,140,322,-182,56.2,63.9,-7.7
2021,RB,TE,RB_vs_TE,Samaje Perine,Will Dissly,4147,5010,140,298,-158,56.2,39.6,16.6
2021,RB,TE,RB_vs_TE,Samaje Perine,Brevin Jordan,4147,7568,140,251,-111,56.2,45.8,10.4
2021,RB,TE,RB_vs_TE,Samaje Perine,Tommy Tremble,4147,7694,140,248,-108,56.2,41,15.2
2021,RB,TE,RB_vs_TE,Samaje Perine,Noah Gray,4147,7828,140,243,-103,56.2,13.1,43.1
2021,RB,TE,RB_vs_TE,Samaje Perine,Albert Okwuegbunam,4147,6843,140,242,-102,56.2,59.5,-3.3
2021,RB,TE,RB_vs_TE,Samaje Perine,Kylen Granson,4147,7602,140,234,-94,56.2,16.1,40.1
2021,RB,TE,RB_vs_TE,Samaje Perine,Foster Moreau,4147,5985,140,233,-93,56.2,64.3,-8.1
2021,RB,TE,RB_vs_TE,Samaje Perine,Hunter Long,4147,7535,140,214,-74,56.2,1.3,54.9
2021,RB,TE,RB_vs_TE,Samaje Perine,Drew Sample,4147,6001,140,193,-53,56.2,12.3,43.9
2021,RB,TE,RB_vs_TE,Samaje Perine,Ian Thomas,4147,4995,140,179,-39,56.2,27.8,28.4
2021,RB,TE,RB_vs_TE,DeeJay Dallas,Will Dissly,6931,5010,121,298,-177,39,39.6,-0.6
2021,RB,TE,RB_vs_TE,DeeJay Dallas,Brevin Jordan,6931,7568,121,251,-130,39,45.8,-6.8
2021,RB,TE,RB_vs_TE,DeeJay Dallas,Tommy Tremble,6931,7694,121,248,-127,39,41,-2
2021,RB,TE,RB_vs_TE,DeeJay Dallas,Noah Gray,6931,7828,121,243,-122,39,13.1,25.9
2021,RB,TE,RB_vs_TE,DeeJay Dallas,Albert Okwuegbunam,6931,6843,121,242,-121,39,59.5,-20.5
2021,RB,TE,RB_vs_TE,DeeJay Dallas,Kylen Granson,6931,7602,121,234,-113,39,16.1,22.9
2021,RB,TE,RB_vs_TE,DeeJay Dallas,Foster Moreau,6931,5985,121,233,-112,39,64.3,-25.3
2021,RB,TE,RB_vs_TE,DeeJay Dallas,Hunter Long,6931,7535,121,214,-93,39,1.3,37.7
2021,RB,TE,RB_vs_TE,DeeJay Dallas,Drew Sample,6931,6001,121,193,-72,39,12.3,26.7
2021,RB,TE,RB_vs_TE,DeeJay Dallas,Ian Thomas,6931,4995,121,179,-58,39,27.8,11.2
2021,RB,TE,RB_vs_TE,Eno Benjamin,Will Dissly,6951,5010,101,298,-197,16.4,39.6,-23.2
2021,RB,TE,RB_vs_TE,Eno Benjamin,Brevin Jordan,6951,7568,101,251,-150,16.4,45.8,-29.4
2021,RB,TE,RB_vs_TE,Eno Benjamin,Tommy Tremble,6951,7694,101,248,-147,16.4,41,-24.6
2021,RB,TE,RB_vs_TE,Eno Benjamin,Noah Gray,6951,7828,101,243,-142,16.4,13.1,3.3
2021,RB,TE,RB_vs_TE,Eno Benjamin,Albert Okwuegbunam,6951,6843,101,242,-141,16.4,59.5,-43.1
2021,RB,TE,RB_vs_TE,Eno Benjamin,Kylen Granson,6951,7602,101,234,-133,16.4,16.1,0.3
2021,RB,TE,RB_vs_TE,Eno Benjamin,Foster Moreau,6951,5985,101,233,-132,16.4,64.3,-47.9
2021,RB,TE,RB_vs_TE,Eno Benjamin,Hunter Long,6951,7535,101,214,-113,16.4,1.3,15.1
2021,RB,TE,RB_vs_TE,Eno Benjamin,Drew Sample,6951,6001,101,193,-92,16.4,12.3,4.1
2021,RB,TE,RB_vs_TE,Eno Benjamin,Ian Thomas,6951,4995,101,179,-78,16.4,27.8,-11.4
2021,RB,TE,RB_vs_TE,Ke'Shawn Vaughn,Brevin Jordan,6885,7568,77,251,-174,22.5,45.8,-23.3
2021,RB,TE,RB_vs_TE,Ke'Shawn Vaughn,Tommy Tremble,6885,7694,77,248,-171,22.5,41,-18.5
2021,RB,TE,RB_vs_TE,Ke'Shawn Vaughn,Noah Gray,6885,7828,77,243,-166,22.5,13.1,9.4
2021,RB,TE,RB_vs_TE,Ke'Shawn Vaughn,Albert Okwuegbunam,6885,6843,77,242,-165,22.5,59.5,-37
2021,RB,TE,RB_vs_TE,Ke'Shawn Vaughn,Kylen Granson,6885,7602,77,234,-157,22.5,16.1,6.4
2021,RB,TE,RB_vs_TE,Ke'Shawn Vaughn,Foster Moreau,6885,5985,77,233,-156,22.5,64.3,-41.8
2021,RB,TE,RB_vs_TE,Ke'Shawn Vaughn,Hunter Long,6885,7535,77,214,-137,22.5,1.3,21.2
2021,RB,TE,RB_vs_TE,Ke'Shawn Vaughn,Drew Sample,6885,6001,77,193,-116,22.5,12.3,10.2
2021,RB,TE,RB_vs_TE,Ke'Shawn Vaughn,Ian Thomas,6885,4995,77,179,-102,22.5,27.8,-5.3
2021,RB,TE,RB_vs_TE,Jeffery Wilson,Noah Gray,5284,7828,46,243,-197,44.5,13.1,31.4
2021,RB,TE,RB_vs_TE,Jeffery Wilson,Albert Okwuegbunam,5284,6843,46,242,-196,44.5,59.5,-15
2021,RB,TE,RB_vs_TE,Jeffery Wilson,Kylen Granson,5284,7602,46,234,-188,44.5,16.1,28.4
2021,RB,TE,RB_vs_TE,Jeffery Wilson,Foster Moreau,5284,5985,46,233,-187,44.5,64.3,-19.8
2021,RB,TE,RB_vs_TE,Jeffery Wilson,Hunter Long,5284,7535,46,214,-168,44.5,1.3,43.2
2021,RB,TE,RB_vs_TE,Jeffery Wilson,Drew Sample,5284,6001,46,193,-147,44.5,12.3,32.2
2021,RB,TE,RB_vs_TE,Jeffery Wilson,Ian Thomas,5284,4995,46,179,-133,44.5,27.8,16.7
2021,RB,TE,RB_vs_TE,Kene Nwangwu,Kylen Granson,7720,7602,34,234,-200,18.6,16.1,2.5
2021,RB,TE,RB_vs_TE,Kene Nwangwu,Foster Moreau,7720,5985,34,233,-199,18.6,64.3,-45.7
2021,RB,TE,RB_vs_TE,Kene Nwangwu,Hunter Long,7720,7535,34,214,-180,18.6,1.3,17.3
2021,RB,TE,RB_vs_TE,Kene Nwangwu,Drew Sample,7720,6001,34,193,-159,18.6,12.3,6.3
2021,RB,TE,RB_vs_TE,Kene Nwangwu,Ian Thomas,7720,4995,34,179,-145,18.6,27.8,-9.2
2021,RB,TE,RB_vs_TE,Cordarrelle Patterson,Hunter Long,1535,7535,32,214,-182,181.4,1.3,180.1
2021,RB,TE,RB_vs_TE,Cordarrelle Patterson,Drew Sample,1535,6001,32,193,-161,181.4,12.3,169.1
2021,RB,TE,RB_vs_TE,Cordarrelle Patterson,Ian Thomas,1535,4995,32,179,-147,181.4,27.8,153.6
2021,RB,TE,RB_vs_TE,Trayveon Williams,Drew Sample,6144,6001,6,193,-187,1.3,12.3,-11
2021,RB,TE,RB_vs_TE,Trayveon Williams,Ian Thomas,6144,4995,6,179,-173,1.3,27.8,-26.5
2021,WR,TE,WR_vs_TE,Tyreek Hill,Travis Kelce,3321,1466,7272,7077,195,185.3,205.4,-20.1
2021,WR,TE,WR_vs_TE,Stefon Diggs,Travis Kelce,2449,1466,7046,7077,-31,168.4,205.4,-37
2021,WR,TE,WR_vs_TE,DK Metcalf,Darren Waller,5846,2505,6711,6676,35,163.5,102.8,60.7
2021,WR,TE,WR_vs_TE,Calvin Ridley,Darren Waller,4981,2505,6594,6676,-82,40.1,102.8,-62.7
2021,WR,TE,WR_vs_TE,Calvin Ridley,George Kittle,4981,4217,6594,6466,128,40.1,159,-118.9
2021,WR,TE,WR_vs_TE,DeAndre Hopkins,Darren Waller,1426,2505,6517,6676,-159,105.2,102.8,2.4
2021,WR,TE,WR_vs_TE,DeAndre Hopkins,George Kittle,1426,4217,6517,6466,51,105.2,159,-53.8
2021,WR,TE,WR_vs_TE,A.J. Brown,George Kittle,5859,4217,6417,6466,-49,105.1,159,-53.9
2021,WR,TE,WR_vs_TE,Keenan Allen,Kyle Pitts,1479,7553,5828,5941,-113,146.6,140.8,5.8
2021,WR,TE,WR_vs_TE,CeeDee Lamb,Mark Andrews,6786,5012,5461,5431,30,149.3,235.1,-85.8
2021,WR,TE,WR_vs_TE,CeeDee Lamb,T.J. Hockenson,6786,5844,5461,5282,179,149.3,114.8,34.5
2021,WR,TE,WR_vs_TE,Mike Evans,Mark Andrews,2216,5012,5283,5431,-148,167.6,235.1,-67.5
2021,WR,TE,WR_vs_TE,Mike Evans,T.J. Hockenson,2216,5844,5283,5282,1,167.6,114.8,52.8
2021,WR,TE,WR_vs_TE,Robert Woods,T.J. Hockenson,1352,5844,5185,5282,-97,92.2,114.8,-22.6
2021,WR,TE,WR_vs_TE,Amari Cooper,T.J. Hockenson,2309,5844,5167,5282,-115,126.6,114.8,11.8
2021,WR,TE,WR_vs_TE,Chris Godwin,T.J. Hockenson,4037,5844,5151,5282,-131,144.4,114.8,29.6
2021,WR,TE,WR_vs_TE,DeVonta Smith,Noah Fant,7525,5857,3804,3623,181,117.5,122.9,-5.4
2021,WR,TE,WR_vs_TE,Deebo Samuel,Noah Fant,5872,5857,3625,3623,2,237,122.9,114.1
2021,WR,TE,WR_vs_TE,Tyler Boyd,Noah Fant,3225,5857,3537,3623,-86,116.8,122.9,-6.1
2021,WR,TE,WR_vs_TE,Tyler Boyd,Dallas Goedert,3225,5022,3537,3367,170,116.8,137,-20.2
2021,WR,TE,WR_vs_TE,Brandin Cooks,Dallas Goedert,2197,5022,3368,3367,1,139.2,137,2.2
2021,WR,TE,WR_vs_TE,Laviska Shenault,Dallas Goedert,6814,5022,3298,3367,-69,57.8,137,-79.2
2021,WR,TE,WR_vs_TE,Michael Pittman,Dallas Goedert,6819,5022,3194,3367,-173,136.2,137,-0.8
2021,WR,TE,WR_vs_TE,Michael Pittman,Tyler Higbee,6819,3271,3194,3023,171,136.2,96,40.2
2021,WR,TE,WR_vs_TE,D.J. Chark,Dallas Goedert,4951,5022,3192,3367,-175,27.4,137,-109.6
2021,WR,TE,WR_vs_TE,D.J. Chark,Tyler Higbee,4951,3271,3192,3023,169,27.4,96,-68.6
2021,WR,TE,WR_vs_TE,Marquise Brown,Tyler Higbee,5848,3271,3069,3023,46,132.6,96,36.6
2021,WR,TE,WR_vs_TE,Marquise Brown,Mike Gesicki,5848,4993,3069,2909,160,132.6,125.3,7.3
2021,WR,TE,WR_vs_TE,Jaylen Waddle,Tyler Higbee,7526,3271,3010,3023,-13,133.1,96,37.1
2021,WR,TE,WR_vs_TE,Jaylen Waddle,Mike Gesicki,7526,4993,3010,2909,101,133.1,125.3,7.8
2021,WR,TE,WR_vs_TE,Michael Gallup,Mike Gesicki,5038,4993,2805,2909,-104,56.5,125.3,-68.8
2021,WR,TE,WR_vs_TE,Michael Gallup,Jonnu Smith,5038,4144,2805,2796,9,56.5,52.9,3.6
2021,WR,TE,WR_vs_TE,Mike Williams,Mike Gesicki,4068,4993,2745,2909,-164,152.7,125.3,27.4
2021,WR,TE,WR_vs_TE,Mike Williams,Jonnu Smith,4068,4144,2745,2796,-51,152.7,52.9,99.8
2021,WR,TE,WR_vs_TE,Marquez Callaway,Hunter Henry,6989,3214,2545,2477,68,105.8,128.2,-22.4
2021,WR,TE,WR_vs_TE,Curtis Samuel,Hunter Henry,4082,3214,2515,2477,38,3.8,128.2,-124.4
2021,WR,TE,WR_vs_TE,DeVante Parker,Hunter Henry,2319,3214,2370,2477,-107,62.3,128.2,-65.9
2021,WR,TE,WR_vs_TE,DeVante Parker,Evan Engram,2319,4066,2370,2201,169,62.3,78.6,-16.3
2021,WR,TE,WR_vs_TE,Darnell Mooney,Evan Engram,7090,4066,2174,2201,-27,126.1,78.6,47.5
2021,WR,TE,WR_vs_TE,Darnell Mooney,Gerald Everett,7090,4089,2174,2014,160,126.1,91.3,34.8
2021,WR,TE,WR_vs_TE,Mecole Hardman,Evan Engram,5917,4066,2105,2201,-96,70.6,78.6,-8
2021,WR,TE,WR_vs_TE,Mecole Hardman,Gerald Everett,5917,4089,2105,2014,91,70.6,91.3,-20.7
2021,WR,TE,WR_vs_TE,Elijah Moore,Gerald Everett,7596,4089,1843,2014,-171,95.2,91.3,3.9
2021,WR,TE,WR_vs_TE,Elijah Moore,Cole Kmet,7596,6826,1843,1735,108,95.2,84.4,10.8
2021,WR,TE,WR_vs_TE,Elijah Moore,Austin Hooper,7596,3202,1843,1702,141,95.2,73.5,21.7
2021,WR,TE,WR_vs_TE,Nelson Agholor,Cole Kmet,2325,6826,1609,1735,-126,64.1,84.4,-20.3
2021,WR,TE,WR_vs_TE,Nelson Agholor,Austin Hooper,2325,3202,1609,1702,-93,64.1,73.5,-9.4
2021,WR,TE,WR_vs_TE,Nelson Agholor,Zach Ertz,2325,1339,1609,1500,109,64.1,131.8,-67.7
2021,WR,TE,WR_vs_TE,Jakobi Meyers,Adam Trautman,5947,6869,1292,1277,15,98.3,41.5,56.8
2021,WR,TE,WR_vs_TE,Jakobi Meyers,Pat Freiermuth,5947,7600,1292,1216,76,98.3,113.4,-15.1
2021,WR,TE,WR_vs_TE,Terrace Marshall,Adam Trautman,7565,6869,1219,1277,-58,15.8,41.5,-25.7
2021,WR,TE,WR_vs_TE,Terrace Marshall,Pat Freiermuth,7565,7600,1219,1216,3,15.8,113.4,-97.6
2021,WR,TE,WR_vs_TE,Amon-Ra St. Brown,Adam Trautman,7547,6869,1103,1277,-174,119.2,41.5,77.7
2021,WR,TE,WR_vs_TE,Amon-Ra St. Brown,Pat Freiermuth,7547,7600,1103,1216,-113,119.2,113.4,5.8
2021,WR,TE,WR_vs_TE,Amon-Ra St. Brown,Donald Parham,7547,6074,1103,993,110,119.2,49,70.2
2021,WR,TE,WR_vs_TE,Christian Kirk,Donald Parham,4950,6074,846,993,-147,126.3,49,77.3
2021,WR,TE,WR_vs_TE,Christian Kirk,Hayden Hurst,4950,4973,846,818,28,126.3,47.3,79
2021,WR,TE,WR_vs_TE,Marquez Valdes-Scantling,Hayden Hurst,5086,4973,786,818,-32,61,47.3,13.7
2021,WR,TE,WR_vs_TE,Marquez Valdes-Scantling,Dalton Schultz,5086,5001,786,641,145,61,154.2,-93.2
2021,WR,TE,WR_vs_TE,Rashod Bateman,Hayden Hurst,7571,4973,710,818,-108,55.3,47.3,8
2021,WR,TE,WR_vs_TE,Rashod Bateman,Dalton Schultz,7571,5001,710,641,69,55.3,154.2,-98.9
2021,WR,TE,WR_vs_TE,Allen Lazard,Dalton Schultz,5185,5001,554,641,-87,83,154.2,-71.2
2021,WR,TE,WR_vs_TE,Allen Lazard,Taysom Hill,5185,4381,554,508,46,83,109.6,-26.6
2021,WR,TE,WR_vs_TE,Allen Lazard,Dawson Knox,5185,5906,554,504,50,83,132.8,-49.8
2021,WR,TE,WR_vs_TE,Allen Lazard,Juwan Johnson,5185,7002,554,405,149,83,39.4,43.6
2021,WR,TE,WR_vs_TE,Parris Campbell,Dalton Schultz,5880,5001,534,641,-107,22.2,154.2,-132
2021,WR,TE,WR_vs_TE,Parris Campbell,Taysom Hill,5880,4381,534,508,26,22.2,109.6,-87.4
2021,WR,TE,WR_vs_TE,Parris Campbell,Dawson Knox,5880,5906,534,504,30,22.2,132.8,-110.6
2021,WR,TE,WR_vs_TE,Parris Campbell,Juwan Johnson,5880,7002,534,405,129,22.2,39.4,-17.2
2021,WR,TE,WR_vs_TE,Parris Campbell,Harrison Bryant,5880,6850,534,339,195,22.2,50.4,-28.2
2021,WR,TE,WR_vs_TE,Parris Campbell,David Njoku,5880,4033,534,335,199,22.2,87.5,-65.3
2021,WR,TE,WR_vs_TE,Nico Collins,Dalton Schultz,7569,5001,508,641,-133,43.9,154.2,-110.3
2021,WR,TE,WR_vs_TE,Nico Collins,Taysom Hill,7569,4381,508,508,0,43.9,109.6,-65.7
2021,WR,TE,WR_vs_TE,Nico Collins,Dawson Knox,7569,5906,508,504,4,43.9,132.8,-88.9
2021,WR,TE,WR_vs_TE,Nico Collins,Juwan Johnson,7569,7002,508,405,103,43.9,39.4,4.5
2021,WR,TE,WR_vs_TE,Nico Collins,Harrison Bryant,7569,6850,508,339,169,43.9,50.4,-6.5
2021,WR,TE,WR_vs_TE,Nico Collins,David Njoku,7569,4033,508,335,173,43.9,87.5,-43.6
2021,WR,TE,WR_vs_TE,Nico Collins,Mo Alie-Cox,7569,4054,508,322,186,43.9,63.9,-20
2021,WR,TE,WR_vs_TE,Tre'Quan Smith,Dalton Schultz,5026,5001,495,641,-146,42.1,154.2,-112.1
2021,WR,TE,WR_vs_TE,Tre'Quan Smith,Taysom Hill,5026,4381,495,508,-13,42.1,109.6,-67.5
2021,WR,TE,WR_vs_TE,Tre'Quan Smith,Dawson Knox,5026,5906,495,504,-9,42.1,132.8,-90.7
2021,WR,TE,WR_vs_TE,Tre'Quan Smith,Juwan Johnson,5026,7002,495,405,90,42.1,39.4,2.7
2021,WR,TE,WR_vs_TE,Tre'Quan Smith,Harrison Bryant,5026,6850,495,339,156,42.1,50.4,-8.3
2021,WR,TE,WR_vs_TE,Tre'Quan Smith,David Njoku,5026,4033,495,335,160,42.1,87.5,-45.4
2021,WR,TE,WR_vs_TE,Tre'Quan Smith,Mo Alie-Cox,5026,4054,495,322,173,42.1,63.9,-21.8
2021,WR,TE,WR_vs_TE,Tre'Quan Smith,Will Dissly,5026,5010,495,298,197,42.1,39.6,2.5
2021,WR,TE,WR_vs_TE,Donovan Peoples-Jones,Taysom Hill,6824,4381,368,508,-140,71.9,109.6,-37.7
2021,WR,TE,WR_vs_TE,Donovan Peoples-Jones,Dawson Knox,6824,5906,368,504,-136,71.9,132.8,-60.9
2021,WR,TE,WR_vs_TE,Donovan Peoples-Jones,Juwan Johnson,6824,7002,368,405,-37,71.9,39.4,32.5
2021,WR,TE,WR_vs_TE,Donovan Peoples-Jones,Harrison Bryant,6824,6850,368,339,29,71.9,50.4,21.5
2021,WR,TE,WR_vs_TE,Donovan Peoples-Jones,David Njoku,6824,4033,368,335,33,71.9,87.5,-15.6
2021,WR,TE,WR_vs_TE,Donovan Peoples-Jones,Mo Alie-Cox,6824,4054,368,322,46,71.9,63.9,8
2021,WR,TE,WR_vs_TE,Donovan Peoples-Jones,Will Dissly,6824,5010,368,298,70,71.9,39.6,32.3
2021,WR,TE,WR_vs_TE,Donovan Peoples-Jones,Brevin Jordan,6824,7568,368,251,117,71.9,45.8,26.1
2021,WR,TE,WR_vs_TE,Donovan Peoples-Jones,Tommy Tremble,6824,7694,368,248,120,71.9,41,30.9
2021,WR,TE,WR_vs_TE,Donovan Peoples-Jones,Noah Gray,6824,7828,368,243,125,71.9,13.1,58.8
2021,WR,TE,WR_vs_TE,Donovan Peoples-Jones,Albert Okwuegbunam,6824,6843,368,242,126,71.9,59.5,12.4
2021,WR,TE,WR_vs_TE,Donovan Peoples-Jones,Kylen Granson,6824,7602,368,234,134,71.9,16.1,55.8
2021,WR,TE,WR_vs_TE,Donovan Peoples-Jones,Foster Moreau,6824,5985,368,233,135,71.9,64.3,7.6
2021,WR,TE,WR_vs_TE,Donovan Peoples-Jones,Hunter Long,6824,7535,368,214,154,71.9,1.3,70.6
2021,WR,TE,WR_vs_TE,Donovan Peoples-Jones,Drew Sample,6824,6001,368,193,175,71.9,12.3,59.6
2021,WR,TE,WR_vs_TE,Donovan Peoples-Jones,Ian Thomas,6824,4995,368,179,189,71.9,27.8,44.1
2021,WR,TE,WR_vs_TE,Dyami Brown,Taysom Hill,7587,4381,313,508,-195,16.1,109.6,-93.5
2021,WR,TE,WR_vs_TE,Dyami Brown,Dawson Knox,7587,5906,313,504,-191,16.1,132.8,-116.7
2021,WR,TE,WR_vs_TE,Dyami Brown,Juwan Johnson,7587,7002,313,405,-92,16.1,39.4,-23.3
2021,WR,TE,WR_vs_TE,Dyami Brown,Harrison Bryant,7587,6850,313,339,-26,16.1,50.4,-34.3
2021,WR,TE,WR_vs_TE,Dyami Brown,David Njoku,7587,4033,313,335,-22,16.1,87.5,-71.4
2021,WR,TE,WR_vs_TE,Dyami Brown,Mo Alie-Cox,7587,4054,313,322,-9,16.1,63.9,-47.8
2021,WR,TE,WR_vs_TE,Dyami Brown,Will Dissly,7587,5010,313,298,15,16.1,39.6,-23.5
2021,WR,TE,WR_vs_TE,Dyami Brown,Brevin Jordan,7587,7568,313,251,62,16.1,45.8,-29.7
2021,WR,TE,WR_vs_TE,Dyami Brown,Tommy Tremble,7587,7694,313,248,65,16.1,41,-24.9
2021,WR,TE,WR_vs_TE,Dyami Brown,Noah Gray,7587,7828,313,243,70,16.1,13.1,3
2021,WR,TE,WR_vs_TE,Dyami Brown,Albert Okwuegbunam,7587,6843,313,242,71,16.1,59.5,-43.4
2021,WR,TE,WR_vs_TE,Dyami Brown,Kylen Granson,7587,7602,313,234,79,16.1,16.1,0
2021,WR,TE,WR_vs_TE,Dyami Brown,Foster Moreau,7587,5985,313,233,80,16.1,64.3,-48.2
2021,WR,TE,WR_vs_TE,Dyami Brown,Hunter Long,7587,7535,313,214,99,16.1,1.3,14.8
2021,WR,TE,WR_vs_TE,Dyami Brown,Drew Sample,7587,6001,313,193,120,16.1,12.3,3.8
2021,WR,TE,WR_vs_TE,Dyami Brown,Ian Thomas,7587,4995,313,179,134,16.1,27.8,-11.7
2021,WR,TE,WR_vs_TE,Kadarius Toney,Juwan Johnson,7606,7002,295,405,-110,43.4,39.4,4
2021,WR,TE,WR_vs_TE,Kadarius Toney,Harrison Bryant,7606,6850,295,339,-44,43.4,50.4,-7
2021,WR,TE,WR_vs_TE,Kadarius Toney,David Njoku,7606,4033,295,335,-40,43.4,87.5,-44.1
2021,WR,TE,WR_vs_TE,Kadarius Toney,Mo Alie-Cox,7606,4054,295,322,-27,43.4,63.9,-20.5
2021,WR,TE,WR_vs_TE,Kadarius Toney,Will Dissly,7606,5010,295,298,-3,43.4,39.6,3.8
2021,WR,TE,WR_vs_TE,Kadarius Toney,Brevin Jordan,7606,7568,295,251,44,43.4,45.8,-2.4
2021,WR,TE,WR_vs_TE,Kadarius Toney,Tommy Tremble,7606,7694,295,248,47,43.4,41,2.4
2021,WR,TE,WR_vs_TE,Kadarius Toney,Noah Gray,7606,7828,295,243,52,43.4,13.1,30.3
2021,WR,TE,WR_vs_TE,Kadarius Toney,Albert Okwuegbunam,7606,6843,295,242,53,43.4,59.5,-16.1
2021,WR,TE,WR_vs_TE,Kadarius Toney,Kylen Granson,7606,7602,295,234,61,43.4,16.1,27.3
2021,WR,TE,WR_vs_TE,Kadarius Toney,Foster Moreau,7606,5985,295,233,62,43.4,64.3,-20.9
2021,WR,TE,WR_vs_TE,Kadarius Toney,Hunter Long,7606,7535,295,214,81,43.4,1.3,42.1
2021,WR,TE,WR_vs_TE,Kadarius Toney,Drew Sample,7606,6001,295,193,102,43.4,12.3,31.1
2021,WR,TE,WR_vs_TE,Kadarius Toney,Ian Thomas,7606,4995,295,179,116,43.4,27.8,15.6
2021,WR,TE,WR_vs_TE,Rondale Moore,Juwan Johnson,7601,7002,273,405,-132,55.1,39.4,15.7
2021,WR,TE,WR_vs_TE,Rondale Moore,Harrison Bryant,7601,6850,273,339,-66,55.1,50.4,4.7
2021,WR,TE,WR_vs_TE,Rondale Moore,David Njoku,7601,4033,273,335,-62,55.1,87.5,-32.4
2021,WR,TE,WR_vs_TE,Rondale Moore,Mo Alie-Cox,7601,4054,273,322,-49,55.1,63.9,-8.8
2021,WR,TE,WR_vs_TE,Rondale Moore,Will Dissly,7601,5010,273,298,-25,55.1,39.6,15.5
2021,WR,TE,WR_vs_TE,Rondale Moore,Brevin Jordan,7601,7568,273,251,22,55.1,45.8,9.3
2021,WR,TE,WR_vs_TE,Rondale Moore,Tommy Tremble,7601,7694,273,248,25,55.1,41,14.1
2021,WR,TE,WR_vs_TE,Rondale Moore,Noah Gray,7601,7828,273,243,30,55.1,13.1,42
2021,WR,TE,WR_vs_TE,Rondale Moore,Albert Okwuegbunam,7601,6843,273,242,31,55.1,59.5,-4.4
2021,WR,TE,WR_vs_TE,Rondale Moore,Kylen Granson,7601,7602,273,234,39,55.1,16.1,39
2021,WR,TE,WR_vs_TE,Rondale Moore,Foster Moreau,7601,5985,273,233,40,55.1,64.3,-9.2
2021,WR,TE,WR_vs_TE,Rondale Moore,Hunter Long,7601,7535,273,214,59,55.1,1.3,53.8
2021,WR,TE,WR_vs_TE,Rondale Moore,Drew Sample,7601,6001,273,193,80,55.1,12.3,42.8
2021,WR,TE,WR_vs_TE,Rondale Moore,Ian Thomas,7601,4995,273,179,94,55.1,27.8,27.3
2021,WR,TE,WR_vs_TE,KJ Hamler,Juwan Johnson,6805,7002,254,405,-151,7.4,39.4,-32
2021,WR,TE,WR_vs_TE,KJ Hamler,Harrison Bryant,6805,6850,254,339,-85,7.4,50.4,-43
2021,WR,TE,WR_vs_TE,KJ Hamler,David Njoku,6805,4033,254,335,-81,7.4,87.5,-80.1
2021,WR,TE,WR_vs_TE,KJ Hamler,Mo Alie-Cox,6805,4054,254,322,-68,7.4,63.9,-56.5
2021,WR,TE,WR_vs_TE,KJ Hamler,Will Dissly,6805,5010,254,298,-44,7.4,39.6,-32.2
2021,WR,TE,WR_vs_TE,KJ Hamler,Brevin Jordan,6805,7568,254,251,3,7.4,45.8,-38.4
2021,WR,TE,WR_vs_TE,KJ Hamler,Tommy Tremble,6805,7694,254,248,6,7.4,41,-33.6
2021,WR,TE,WR_vs_TE,KJ Hamler,Noah Gray,6805,7828,254,243,11,7.4,13.1,-5.7
2021,WR,TE,WR_vs_TE,KJ Hamler,Albert Okwuegbunam,6805,6843,254,242,12,7.4,59.5,-52.1
2021,WR,TE,WR_vs_TE,KJ Hamler,Kylen Granson,6805,7602,254,234,20,7.4,16.1,-8.7
2021,WR,TE,WR_vs_TE,KJ Hamler,Foster Moreau,6805,5985,254,233,21,7.4,64.3,-56.9
2021,WR,TE,WR_vs_TE,KJ Hamler,Hunter Long,6805,7535,254,214,40,7.4,1.3,6.1
2021,WR,TE,WR_vs_TE,KJ Hamler,Drew Sample,6805,6001,254,193,61,7.4,12.3,-4.9
2021,WR,TE,WR_vs_TE,KJ Hamler,Ian Thomas,6805,4995,254,179,75,7.4,27.8,-20.4
2021,WR,TE,WR_vs_TE,Gabriel Davis,Juwan Johnson,6943,7002,240,405,-165,87,39.4,47.6
2021,WR,TE,WR_vs_TE,Gabriel Davis,Harrison Bryant,6943,6850,240,339,-99,87,50.4,36.6
2021,WR,TE,WR_vs_TE,Gabriel Davis,David Njoku,6943,4033,240,335,-95,87,87.5,-0.5
2021,WR,TE,WR_vs_TE,Gabriel Davis,Mo Alie-Cox,6943,4054,240,322,-82,87,63.9,23.1
2021,WR,TE,WR_vs_TE,Gabriel Davis,Will Dissly,6943,5010,240,298,-58,87,39.6,47.4
2021,WR,TE,WR_vs_TE,Gabriel Davis,Brevin Jordan,6943,7568,240,251,-11,87,45.8,41.2
2021,WR,TE,WR_vs_TE,Gabriel Davis,Tommy Tremble,6943,7694,240,248,-8,87,41,46
2021,WR,TE,WR_vs_TE,Gabriel Davis,Noah Gray,6943,7828,240,243,-3,87,13.1,73.9
2021,WR,TE,WR_vs_TE,Gabriel Davis,Albert Okwuegbunam,6943,6843,240,242,-2,87,59.5,27.5
2021,WR,TE,WR_vs_TE,Gabriel Davis,Kylen Granson,6943,7602,240,234,6,87,16.1,70.9
2021,WR,TE,WR_vs_TE,Gabriel Davis,Foster Moreau,6943,5985,240,233,7,87,64.3,22.7
2021,WR,TE,WR_vs_TE,Gabriel Davis,Hunter Long,6943,7535,240,214,26,87,1.3,85.7
2021,WR,TE,WR_vs_TE,Gabriel Davis,Drew Sample,6943,6001,240,193,47,87,12.3,74.7
2021,WR,TE,WR_vs_TE,Gabriel Davis,Ian Thomas,6943,4995,240,179,61,87,27.8,59.2
2021,WR,TE,WR_vs_TE,Van Jefferson,Juwan Johnson,6853,7002,232,405,-173,115.1,39.4,75.7
2021,WR,TE,WR_vs_TE,Van Jefferson,Harrison Bryant,6853,6850,232,339,-107,115.1,50.4,64.7
2021,WR,TE,WR_vs_TE,Van Jefferson,David Njoku,6853,4033,232,335,-103,115.1,87.5,27.6
2021,WR,TE,WR_vs_TE,Van Jefferson,Mo Alie-Cox,6853,4054,232,322,-90,115.1,63.9,51.2
2021,WR,TE,WR_vs_TE,Van Jefferson,Will Dissly,6853,5010,232,298,-66,115.1,39.6,75.5
2021,WR,TE,WR_vs_TE,Van Jefferson,Brevin Jordan,6853,7568,232,251,-19,115.1,45.8,69.3
2021,WR,TE,WR_vs_TE,Van Jefferson,Tommy Tremble,6853,7694,232,248,-16,115.1,41,74.1
2021,WR,TE,WR_vs_TE,Van Jefferson,Noah Gray,6853,7828,232,243,-11,115.1,13.1,102
2021,WR,TE,WR_vs_TE,Van Jefferson,Albert Okwuegbunam,6853,6843,232,242,-10,115.1,59.5,55.6
2021,WR,TE,WR_vs_TE,Van Jefferson,Kylen Granson,6853,7602,232,234,-2,115.1,16.1,99
2021,WR,TE,WR_vs_TE,Van Jefferson,Foster Moreau,6853,5985,232,233,-1,115.1,64.3,50.8
2021,WR,TE,WR_vs_TE,Van Jefferson,Hunter Long,6853,7535,232,214,18,115.1,1.3,113.8
2021,WR,TE,WR_vs_TE,Van Jefferson,Drew Sample,6853,6001,232,193,39,115.1,12.3,102.8
2021,WR,TE,WR_vs_TE,Van Jefferson,Ian Thomas,6853,4995,232,179,53,115.1,27.8,87.3
2021,WR,TE,WR_vs_TE,Denzel Mims,Juwan Johnson,6849,7002,211,405,-194,13.3,39.4,-26.1
2021,WR,TE,WR_vs_TE,Denzel Mims,Harrison Bryant,6849,6850,211,339,-128,13.3,50.4,-37.1
2021,WR,TE,WR_vs_TE,Denzel Mims,David Njoku,6849,4033,211,335,-124,13.3,87.5,-74.2
2021,WR,TE,WR_vs_TE,Denzel Mims,Mo Alie-Cox,6849,4054,211,322,-111,13.3,63.9,-50.6
2021,WR,TE,WR_vs_TE,Denzel Mims,Will Dissly,6849,5010,211,298,-87,13.3,39.6,-26.3
2021,WR,TE,WR_vs_TE,Denzel Mims,Brevin Jordan,6849,7568,211,251,-40,13.3,45.8,-32.5
2021,WR,TE,WR_vs_TE,Denzel Mims,Tommy Tremble,6849,7694,211,248,-37,13.3,41,-27.7
2021,WR,TE,WR_vs_TE,Denzel Mims,Noah Gray,6849,7828,211,243,-32,13.3,13.1,0.2
2021,WR,TE,WR_vs_TE,Denzel Mims,Albert Okwuegbunam,6849,6843,211,242,-31,13.3,59.5,-46.2
2021,WR,TE,WR_vs_TE,Denzel Mims,Kylen Granson,6849,7602,211,234,-23,13.3,16.1,-2.8
2021,WR,TE,WR_vs_TE,Denzel Mims,Foster Moreau,6849,5985,211,233,-22,13.3,64.3,-51
2021,WR,TE,WR_vs_TE,Denzel Mims,Hunter Long,6849,7535,211,214,-3,13.3,1.3,12
2021,WR,TE,WR_vs_TE,Denzel Mims,Drew Sample,6849,6001,211,193,18,13.3,12.3,1
2021,WR,TE,WR_vs_TE,Denzel Mims,Ian Thomas,6849,4995,211,179,32,13.3,27.8,-14.5
2021,WR,TE,WR_vs_TE,Darius Slayton,Harrison Bryant,6149,6850,200,339,-139,33.7,50.4,-16.7
2021,WR,TE,WR_vs_TE,Darius Slayton,David Njoku,6149,4033,200,335,-135,33.7,87.5,-53.8
2021,WR,TE,WR_vs_TE,Darius Slayton,Mo Alie-Cox,6149,4054,200,322,-122,33.7,63.9,-30.2
2021,WR,TE,WR_vs_TE,Darius Slayton,Will Dissly,6149,5010,200,298,-98,33.7,39.6,-5.9
2021,WR,TE,WR_vs_TE,Darius Slayton,Brevin Jordan,6149,7568,200,251,-51,33.7,45.8,-12.1
2021,WR,TE,WR_vs_TE,Darius Slayton,Tommy Tremble,6149,7694,200,248,-48,33.7,41,-7.3
2021,WR,TE,WR_vs_TE,Darius Slayton,Noah Gray,6149,7828,200,243,-43,33.7,13.1,20.6
2021,WR,TE,WR_vs_TE,Darius Slayton,Albert Okwuegbunam,6149,6843,200,242,-42,33.7,59.5,-25.8
2021,WR,TE,WR_vs_TE,Darius Slayton,Kylen Granson,6149,7602,200,234,-34,33.7,16.1,17.6
2021,WR,TE,WR_vs_TE,Darius Slayton,Foster Moreau,6149,5985,200,233,-33,33.7,64.3,-30.6
2021,WR,TE,WR_vs_TE,Darius Slayton,Hunter Long,6149,7535,200,214,-14,33.7,1.3,32.4
2021,WR,TE,WR_vs_TE,Darius Slayton,Drew Sample,6149,6001,200,193,7,33.7,12.3,21.4
2021,WR,TE,WR_vs_TE,Darius Slayton,Ian Thomas,6149,4995,200,179,21,33.7,27.8,5.9
2021,WR,TE,WR_vs_TE,Josh Palmer,Harrison Bryant,7670,6850,199,339,-140,49.4,50.4,-1
2021,WR,TE,WR_vs_TE,Josh Palmer,David Njoku,7670,4033,199,335,-136,49.4,87.5,-38.1
2021,WR,TE,WR_vs_TE,Josh Palmer,Mo Alie-Cox,7670,4054,199,322,-123,49.4,63.9,-14.5
2021,WR,TE,WR_vs_TE,Josh Palmer,Will Dissly,7670,5010,199,298,-99,49.4,39.6,9.8
2021,WR,TE,WR_vs_TE,Josh Palmer,Brevin Jordan,7670,7568,199,251,-52,49.4,45.8,3.6
2021,WR,TE,WR_vs_TE,Josh Palmer,Tommy Tremble,7670,7694,199,248,-49,49.4,41,8.4
2021,WR,TE,WR_vs_TE,Josh Palmer,Noah Gray,7670,7828,199,243,-44,49.4,13.1,36.3
2021,WR,TE,WR_vs_TE,Josh Palmer,Albert Okwuegbunam,7670,6843,199,242,-43,49.4,59.5,-10.1
2021,WR,TE,WR_vs_TE,Josh Palmer,Kylen Granson,7670,7602,199,234,-35,49.4,16.1,33.3
2021,WR,TE,WR_vs_TE,Josh Palmer,Foster Moreau,7670,5985,199,233,-34,49.4,64.3,-14.9
2021,WR,TE,WR_vs_TE,Josh Palmer,Hunter Long,7670,7535,199,214,-15,49.4,1.3,48.1
2021,WR,TE,WR_vs_TE,Josh Palmer,Drew Sample,7670,6001,199,193,6,49.4,12.3,37.1
2021,WR,TE,WR_vs_TE,Josh Palmer,Ian Thomas,7670,4995,199,179,20,49.4,27.8,21.6
2021,WR,TE,WR_vs_TE,Hunter Renfrow,Harrison Bryant,5955,6850,181,339,-158,143.2,50.4,92.8
2021,WR,TE,WR_vs_TE,Hunter Renfrow,David Njoku,5955,4033,181,335,-154,143.2,87.5,55.7
2021,WR,TE,WR_vs_TE,Hunter Renfrow,Mo Alie-Cox,5955,4054,181,322,-141,143.2,63.9,79.3
2021,WR,TE,WR_vs_TE,Hunter Renfrow,Will Dissly,5955,5010,181,298,-117,143.2,39.6,103.6
2021,WR,TE,WR_vs_TE,Hunter Renfrow,Brevin Jordan,5955,7568,181,251,-70,143.2,45.8,97.4
2021,WR,TE,WR_vs_TE,Hunter Renfrow,Tommy Tremble,5955,7694,181,248,-67,143.2,41,102.2
2021,WR,TE,WR_vs_TE,Hunter Renfrow,Noah Gray,5955,7828,181,243,-62,143.2,13.1,130.1
2021,WR,TE,WR_vs_TE,Hunter Renfrow,Albert Okwuegbunam,5955,6843,181,242,-61,143.2,59.5,83.7
2021,WR,TE,WR_vs_TE,Hunter Renfrow,Kylen Granson,5955,7602,181,234,-53,143.2,16.1,127.1
2021,WR,TE,WR_vs_TE,Hunter Renfrow,Foster Moreau,5955,5985,181,233,-52,143.2,64.3,78.9
2021,WR,TE,WR_vs_TE,Hunter Renfrow,Hunter Long,5955,7535,181,214,-33,143.2,1.3,141.9
2021,WR,TE,WR_vs_TE,Hunter Renfrow,Drew Sample,5955,6001,181,193,-12,143.2,12.3,130.9
2021,WR,TE,WR_vs_TE,Hunter Renfrow,Ian Thomas,5955,4995,181,179,2,143.2,27.8,115.4
2021,WR,TE,WR_vs_TE,Josh Reynolds,Harrison Bryant,4171,6850,179,339,-160,50.5,50.4,0.1
2021,WR,TE,WR_vs_TE,Josh Reynolds,David Njoku,4171,4033,179,335,-156,50.5,87.5,-37
2021,WR,TE,WR_vs_TE,Josh Reynolds,Mo Alie-Cox,4171,4054,179,322,-143,50.5,63.9,-13.4
2021,WR,TE,WR_vs_TE,Josh Reynolds,Will Dissly,4171,5010,179,298,-119,50.5,39.6,10.9
2021,WR,TE,WR_vs_TE,Josh Reynolds,Brevin Jordan,4171,7568,179,251,-72,50.5,45.8,4.7
2021,WR,TE,WR_vs_TE,Josh Reynolds,Tommy Tremble,4171,7694,179,248,-69,50.5,41,9.5
2021,WR,TE,WR_vs_TE,Josh Reynolds,Noah Gray,4171,7828,179,243,-64,50.5,13.1,37.4
2021,WR,TE,WR_vs_TE,Josh Reynolds,Albert Okwuegbunam,4171,6843,179,242,-63,50.5,59.5,-9
2021,WR,TE,WR_vs_TE,Josh Reynolds,Kylen Granson,4171,7602,179,234,-55,50.5,16.1,34.4
2021,WR,TE,WR_vs_TE,Josh Reynolds,Foster Moreau,4171,5985,179,233,-54,50.5,64.3,-13.8
2021,WR,TE,WR_vs_TE,Josh Reynolds,Hunter Long,4171,7535,179,214,-35,50.5,1.3,49.2
2021,WR,TE,WR_vs_TE,Josh Reynolds,Drew Sample,4171,6001,179,193,-14,50.5,12.3,38.2
2021,WR,TE,WR_vs_TE,Josh Reynolds,Ian Thomas,4171,4995,179,179,0,50.5,27.8,22.7
2021,WR,TE,WR_vs_TE,Quez Watkins,Harrison Bryant,6927,6850,177,339,-162,58.6,50.4,8.2
2021,WR,TE,WR_vs_TE,Quez Watkins,David Njoku,6927,4033,177,335,-158,58.6,87.5,-28.9
2021,WR,TE,WR_vs_TE,Quez Watkins,Mo Alie-Cox,6927,4054,177,322,-145,58.6,63.9,-5.3
2021,WR,TE,WR_vs_TE,Quez Watkins,Will Dissly,6927,5010,177,298,-121,58.6,39.6,19
2021,WR,TE,WR_vs_TE,Quez Watkins,Brevin Jordan,6927,7568,177,251,-74,58.6,45.8,12.8
2021,WR,TE,WR_vs_TE,Quez Watkins,Tommy Tremble,6927,7694,177,248,-71,58.6,41,17.6
2021,WR,TE,WR_vs_TE,Quez Watkins,Noah Gray,6927,7828,177,243,-66,58.6,13.1,45.5
2021,WR,TE,WR_vs_TE,Quez Watkins,Albert Okwuegbunam,6927,6843,177,242,-65,58.6,59.5,-0.9
2021,WR,TE,WR_vs_TE,Quez Watkins,Kylen Granson,6927,7602,177,234,-57,58.6,16.1,42.5
2021,WR,TE,WR_vs_TE,Quez Watkins,Foster Moreau,6927,5985,177,233,-56,58.6,64.3,-5.7
2021,WR,TE,WR_vs_TE,Quez Watkins,Hunter Long,6927,7535,177,214,-37,58.6,1.3,57.3
2021,WR,TE,WR_vs_TE,Quez Watkins,Drew Sample,6927,6001,177,193,-16,58.6,12.3,46.3
2021,WR,TE,WR_vs_TE,Quez Watkins,Ian Thomas,6927,4995,177,179,-2,58.6,27.8,30.8
2021,WR,TE,WR_vs_TE,Demarcus Robinson,Harrison Bryant,3286,6850,144,339,-195,42.5,50.4,-7.9
2021,WR,TE,WR_vs_TE,Demarcus Robinson,David Njoku,3286,4033,144,335,-191,42.5,87.5,-45
2021,WR,TE,WR_vs_TE,Demarcus Robinson,Mo Alie-Cox,3286,4054,144,322,-178,42.5,63.9,-21.4
2021,WR,TE,WR_vs_TE,Demarcus Robinson,Will Dissly,3286,5010,144,298,-154,42.5,39.6,2.9
2021,WR,TE,WR_vs_TE,Demarcus Robinson,Brevin Jordan,3286,7568,144,251,-107,42.5,45.8,-3.3
2021,WR,TE,WR_vs_TE,Demarcus Robinson,Tommy Tremble,3286,7694,144,248,-104,42.5,41,1.5
2021,WR,TE,WR_vs_TE,Demarcus Robinson,Noah Gray,3286,7828,144,243,-99,42.5,13.1,29.4
2021,WR,TE,WR_vs_TE,Demarcus Robinson,Albert Okwuegbunam,3286,6843,144,242,-98,42.5,59.5,-17
2021,WR,TE,WR_vs_TE,Demarcus Robinson,Kylen Granson,3286,7602,144,234,-90,42.5,16.1,26.4
2021,WR,TE,WR_vs_TE,Demarcus Robinson,Foster Moreau,3286,5985,144,233,-89,42.5,64.3,-21.8
2021,WR,TE,WR_vs_TE,Demarcus Robinson,Hunter Long,3286,7535,144,214,-70,42.5,1.3,41.2
2021,WR,TE,WR_vs_TE,Demarcus Robinson,Drew Sample,3286,6001,144,193,-49,42.5,12.3,30.2
2021,WR,TE,WR_vs_TE,Demarcus Robinson,Ian Thomas,3286,4995,144,179,-35,42.5,27.8,14.7
2021,WR,TE,WR_vs_TE,Tim Patrick,Harrison Bryant,4351,6850,141,339,-198,93.9,50.4,43.5
2021,WR,TE,WR_vs_TE,Tim Patrick,David Njoku,4351,4033,141,335,-194,93.9,87.5,6.4
2021,WR,TE,WR_vs_TE,Tim Patrick,Mo Alie-Cox,4351,4054,141,322,-181,93.9,63.9,30
2021,WR,TE,WR_vs_TE,Tim Patrick,Will Dissly,4351,5010,141,298,-157,93.9,39.6,54.3
2021,WR,TE,WR_vs_TE,Tim Patrick,Brevin Jordan,4351,7568,141,251,-110,93.9,45.8,48.1
2021,WR,TE,WR_vs_TE,Tim Patrick,Tommy Tremble,4351,7694,141,248,-107,93.9,41,52.9
2021,WR,TE,WR_vs_TE,Tim Patrick,Noah Gray,4351,7828,141,243,-102,93.9,13.1,80.8
2021,WR,TE,WR_vs_TE,Tim Patrick,Albert Okwuegbunam,4351,6843,141,242,-101,93.9,59.5,34.4
2021,WR,TE,WR_vs_TE,Tim Patrick,Kylen Granson,4351,7602,141,234,-93,93.9,16.1,77.8
2021,WR,TE,WR_vs_TE,Tim Patrick,Foster Moreau,4351,5985,141,233,-92,93.9,64.3,29.6
2021,WR,TE,WR_vs_TE,Tim Patrick,Hunter Long,4351,7535,141,214,-73,93.9,1.3,92.6
2021,WR,TE,WR_vs_TE,Tim Patrick,Drew Sample,4351,6001,141,193,-52,93.9,12.3,81.6
2021,WR,TE,WR_vs_TE,Tim Patrick,Ian Thomas,4351,4995,141,179,-38,93.9,27.8,66.1
2021,WR,TE,WR_vs_TE,Jalen Guyton,Mo Alie-Cox,6421,4054,133,322,-189,61,63.9,-2.9
2021,WR,TE,WR_vs_TE,Jalen Guyton,Will Dissly,6421,5010,133,298,-165,61,39.6,21.4
2021,WR,TE,WR_vs_TE,Jalen Guyton,Brevin Jordan,6421,7568,133,251,-118,61,45.8,15.2
2021,WR,TE,WR_vs_TE,Jalen Guyton,Tommy Tremble,6421,7694,133,248,-115,61,41,20
2021,WR,TE,WR_vs_TE,Jalen Guyton,Noah Gray,6421,7828,133,243,-110,61,13.1,47.9
2021,WR,TE,WR_vs_TE,Jalen Guyton,Albert Okwuegbunam,6421,6843,133,242,-109,61,59.5,1.5
2021,WR,TE,WR_vs_TE,Jalen Guyton,Kylen Granson,6421,7602,133,234,-101,61,16.1,44.9
2021,WR,TE,WR_vs_TE,Jalen Guyton,Foster Moreau,6421,5985,133,233,-100,61,64.3,-3.3
2021,WR,TE,WR_vs_TE,Jalen Guyton,Hunter Long,6421,7535,133,214,-81,61,1.3,59.7
2021,WR,TE,WR_vs_TE,Jalen Guyton,Drew Sample,6421,6001,133,193,-60,61,12.3,48.7
2021,WR,TE,WR_vs_TE,Jalen Guyton,Ian Thomas,6421,4995,133,179,-46,61,27.8,33.2
2021,WR,TE,WR_vs_TE,Tylan Wallace,Mo Alie-Cox,7595,4054,124,322,-198,2.3,63.9,-61.6
2021,WR,TE,WR_vs_TE,Tylan Wallace,Will Dissly,7595,5010,124,298,-174,2.3,39.6,-37.3
2021,WR,TE,WR_vs_TE,Tylan Wallace,Brevin Jordan,7595,7568,124,251,-127,2.3,45.8,-43.5
2021,WR,TE,WR_vs_TE,Tylan Wallace,Tommy Tremble,7595,7694,124,248,-124,2.3,41,-38.7
2021,WR,TE,WR_vs_TE,Tylan Wallace,Noah Gray,7595,7828,124,243,-119,2.3,13.1,-10.8
2021,WR,TE,WR_vs_TE,Tylan Wallace,Albert Okwuegbunam,7595,6843,124,242,-118,2.3,59.5,-57.2
2021,WR,TE,WR_vs_TE,Tylan Wallace,Kylen Granson,7595,7602,124,234,-110,2.3,16.1,-13.8
2021,WR,TE,WR_vs_TE,Tylan Wallace,Foster Moreau,7595,5985,124,233,-109,2.3,64.3,-62
2021,WR,TE,WR_vs_TE,Tylan Wallace,Hunter Long,7595,7535,124,214,-90,2.3,1.3,1
2021,WR,TE,WR_vs_TE,Tylan Wallace,Drew Sample,7595,6001,124,193,-69,2.3,12.3,-10
2021,WR,TE,WR_vs_TE,Tylan Wallace,Ian Thomas,7595,4995,124,179,-55,2.3,27.8,-25.5
2021,WR,TE,WR_vs_TE,Olamide Zaccheaus,Will Dissly,6271,5010,121,298,-177,54.1,39.6,14.5
2021,WR,TE,WR_vs_TE,Olamide Zaccheaus,Brevin Jordan,6271,7568,121,251,-130,54.1,45.8,8.3
2021,WR,TE,WR_vs_TE,Olamide Zaccheaus,Tommy Tremble,6271,7694,121,248,-127,54.1,41,13.1
2021,WR,TE,WR_vs_TE,Olamide Zaccheaus,Noah Gray,6271,7828,121,243,-122,54.1,13.1,41
2021,WR,TE,WR_vs_TE,Olamide Zaccheaus,Albert Okwuegbunam,6271,6843,121,242,-121,54.1,59.5,-5.4
2021,WR,TE,WR_vs_TE,Olamide Zaccheaus,Kylen Granson,6271,7602,121,234,-113,54.1,16.1,38
2021,WR,TE,WR_vs_TE,Olamide Zaccheaus,Foster Moreau,6271,5985,121,233,-112,54.1,64.3,-10.2
2021,WR,TE,WR_vs_TE,Olamide Zaccheaus,Hunter Long,6271,7535,121,214,-93,54.1,1.3,52.8
2021,WR,TE,WR_vs_TE,Olamide Zaccheaus,Drew Sample,6271,6001,121,193,-72,54.1,12.3,41.8
2021,WR,TE,WR_vs_TE,Olamide Zaccheaus,Ian Thomas,6271,4995,121,179,-58,54.1,27.8,26.3
2021,WR,TE,WR_vs_TE,Kendrick Bourne,Will Dissly,4454,5010,121,298,-177,122.3,39.6,82.7
2021,WR,TE,WR_vs_TE,Kendrick Bourne,Brevin Jordan,4454,7568,121,251,-130,122.3,45.8,76.5
2021,WR,TE,WR_vs_TE,Kendrick Bourne,Tommy Tremble,4454,7694,121,248,-127,122.3,41,81.3
2021,WR,TE,WR_vs_TE,Kendrick Bourne,Noah Gray,4454,7828,121,243,-122,122.3,13.1,109.2
2021,WR,TE,WR_vs_TE,Kendrick Bourne,Albert Okwuegbunam,4454,6843,121,242,-121,122.3,59.5,62.8
2021,WR,TE,WR_vs_TE,Kendrick Bourne,Kylen Granson,4454,7602,121,234,-113,122.3,16.1,106.2
2021,WR,TE,WR_vs_TE,Kendrick Bourne,Foster Moreau,4454,5985,121,233,-112,122.3,64.3,58
2021,WR,TE,WR_vs_TE,Kendrick Bourne,Hunter Long,4454,7535,121,214,-93,122.3,1.3,121
2021,WR,TE,WR_vs_TE,Kendrick Bourne,Drew Sample,4454,6001,121,193,-72,122.3,12.3,110
2021,WR,TE,WR_vs_TE,Kendrick Bourne,Ian Thomas,4454,4995,121,179,-58,122.3,27.8,94.5
2021,WR,TE,WR_vs_TE,Tyler Johnson,Will Dissly,6960,5010,119,298,-179,33.8,39.6,-5.8
2021,WR,TE,WR_vs_TE,Tyler Johnson,Brevin Jordan,6960,7568,119,251,-132,33.8,45.8,-12
2021,WR,TE,WR_vs_TE,Tyler Johnson,Tommy Tremble,6960,7694,119,248,-129,33.8,41,-7.2
2021,WR,TE,WR_vs_TE,Tyler Johnson,Noah Gray,6960,7828,119,243,-124,33.8,13.1,20.7
2021,WR,TE,WR_vs_TE,Tyler Johnson,Albert Okwuegbunam,6960,6843,119,242,-123,33.8,59.5,-25.7
2021,WR,TE,WR_vs_TE,Tyler Johnson,Kylen Granson,6960,7602,119,234,-115,33.8,16.1,17.7
2021,WR,TE,WR_vs_TE,Tyler Johnson,Foster Moreau,6960,5985,119,233,-114,33.8,64.3,-30.5
2021,WR,TE,WR_vs_TE,Tyler Johnson,Hunter Long,6960,7535,119,214,-95,33.8,1.3,32.5
2021,WR,TE,WR_vs_TE,Tyler Johnson,Drew Sample,6960,6001,119,193,-74,33.8,12.3,21.5
2021,WR,TE,WR_vs_TE,Tyler Johnson,Ian Thomas,6960,4995,119,179,-60,33.8,27.8,6
2021,WR,TE,WR_vs_TE,Scotty Miller,Will Dissly,6290,5010,115,298,-183,2.9,39.6,-36.7
2021,WR,TE,WR_vs_TE,Scotty Miller,Brevin Jordan,6290,7568,115,251,-136,2.9,45.8,-42.9
2021,WR,TE,WR_vs_TE,Scotty Miller,Tommy Tremble,6290,7694,115,248,-133,2.9,41,-38.1
2021,WR,TE,WR_vs_TE,Scotty Miller,Noah Gray,6290,7828,115,243,-128,2.9,13.1,-10.2
2021,WR,TE,WR_vs_TE,Scotty Miller,Albert Okwuegbunam,6290,6843,115,242,-127,2.9,59.5,-56.6
2021,WR,TE,WR_vs_TE,Scotty Miller,Kylen Granson,6290,7602,115,234,-119,2.9,16.1,-13.2
2021,WR,TE,WR_vs_TE,Scotty Miller,Foster Moreau,6290,5985,115,233,-118,2.9,64.3,-61.4
2021,WR,TE,WR_vs_TE,Scotty Miller,Hunter Long,6290,7535,115,214,-99,2.9,1.3,1.6
2021,WR,TE,WR_vs_TE,Scotty Miller,Drew Sample,6290,6001,115,193,-78,2.9,12.3,-9.4
2021,WR,TE,WR_vs_TE,Scotty Miller,Ian Thomas,6290,4995,115,179,-64,2.9,27.8,-24.9
2021,WR,TE,WR_vs_TE,Anthony Schwartz,Will Dissly,7533,5010,106,298,-192,21.8,39.6,-17.8
2021,WR,TE,WR_vs_TE,Anthony Schwartz,Brevin Jordan,7533,7568,106,251,-145,21.8,45.8,-24
2021,WR,TE,WR_vs_TE,Anthony Schwartz,Tommy Tremble,7533,7694,106,248,-142,21.8,41,-19.2
2021,WR,TE,WR_vs_TE,Anthony Schwartz,Noah Gray,7533,7828,106,243,-137,21.8,13.1,8.7
2021,WR,TE,WR_vs_TE,Anthony Schwartz,Albert Okwuegbunam,7533,6843,106,242,-136,21.8,59.5,-37.7
2021,WR,TE,WR_vs_TE,Anthony Schwartz,Kylen Granson,7533,7602,106,234,-128,21.8,16.1,5.7
2021,WR,TE,WR_vs_TE,Anthony Schwartz,Foster Moreau,7533,5985,106,233,-127,21.8,64.3,-42.5
2021,WR,TE,WR_vs_TE,Anthony Schwartz,Hunter Long,7533,7535,106,214,-108,21.8,1.3,20.5
2021,WR,TE,WR_vs_TE,Anthony Schwartz,Drew Sample,7533,6001,106,193,-87,21.8,12.3,9.5
2021,WR,TE,WR_vs_TE,Anthony Schwartz,Ian Thomas,7533,4995,106,179,-73,21.8,27.8,-6
2021,WR,TE,WR_vs_TE,Deonte Harty,Will Dissly,6234,5010,103,298,-195,73.8,39.6,34.2
2021,WR,TE,WR_vs_TE,Deonte Harty,Brevin Jordan,6234,7568,103,251,-148,73.8,45.8,28
2021,WR,TE,WR_vs_TE,Deonte Harty,Tommy Tremble,6234,7694,103,248,-145,73.8,41,32.8
2021,WR,TE,WR_vs_TE,Deonte Harty,Noah Gray,6234,7828,103,243,-140,73.8,13.1,60.7
2021,WR,TE,WR_vs_TE,Deonte Harty,Albert Okwuegbunam,6234,6843,103,242,-139,73.8,59.5,14.3
2021,WR,TE,WR_vs_TE,Deonte Harty,Kylen Granson,6234,7602,103,234,-131,73.8,16.1,57.7
2021,WR,TE,WR_vs_TE,Deonte Harty,Foster Moreau,6234,5985,103,233,-130,73.8,64.3,9.5
2021,WR,TE,WR_vs_TE,Deonte Harty,Hunter Long,6234,7535,103,214,-111,73.8,1.3,72.5
2021,WR,TE,WR_vs_TE,Deonte Harty,Drew Sample,6234,6001,103,193,-90,73.8,12.3,61.5
2021,WR,TE,WR_vs_TE,Deonte Harty,Ian Thomas,6234,4995,103,179,-76,73.8,27.8,46
2021,WR,TE,WR_vs_TE,Ihmir Smith-Marsette,Will Dissly,7559,5010,103,298,-195,7.3,39.6,-32.3
2021,WR,TE,WR_vs_TE,Ihmir Smith-Marsette,Brevin Jordan,7559,7568,103,251,-148,7.3,45.8,-38.5
2021,WR,TE,WR_vs_TE,Ihmir Smith-Marsette,Tommy Tremble,7559,7694,103,248,-145,7.3,41,-33.7
2021,WR,TE,WR_vs_TE,Ihmir Smith-Marsette,Noah Gray,7559,7828,103,243,-140,7.3,13.1,-5.8
2021,WR,TE,WR_vs_TE,Ihmir Smith-Marsette,Albert Okwuegbunam,7559,6843,103,242,-139,7.3,59.5,-52.2
2021,WR,TE,WR_vs_TE,Ihmir Smith-Marsette,Kylen Granson,7559,7602,103,234,-131,7.3,16.1,-8.8
2021,WR,TE,WR_vs_TE,Ihmir Smith-Marsette,Foster Moreau,7559,5985,103,233,-130,7.3,64.3,-57
2021,WR,TE,WR_vs_TE,Ihmir Smith-Marsette,Hunter Long,7559,7535,103,214,-111,7.3,1.3,6
2021,WR,TE,WR_vs_TE,Ihmir Smith-Marsette,Drew Sample,7559,6001,103,193,-90,7.3,12.3,-5
2021,WR,TE,WR_vs_TE,Ihmir Smith-Marsette,Ian Thomas,7559,4995,103,179,-76,7.3,27.8,-20.5
2021,WR,TE,WR_vs_TE,Devin Duvernay,Will Dissly,6847,5010,102,298,-196,50,39.6,10.4
2021,WR,TE,WR_vs_TE,Devin Duvernay,Brevin Jordan,6847,7568,102,251,-149,50,45.8,4.2
2021,WR,TE,WR_vs_TE,Devin Duvernay,Tommy Tremble,6847,7694,102,248,-146,50,41,9
2021,WR,TE,WR_vs_TE,Devin Duvernay,Noah Gray,6847,7828,102,243,-141,50,13.1,36.9
2021,WR,TE,WR_vs_TE,Devin Duvernay,Albert Okwuegbunam,6847,6843,102,242,-140,50,59.5,-9.5
2021,WR,TE,WR_vs_TE,Devin Duvernay,Kylen Granson,6847,7602,102,234,-132,50,16.1,33.9
2021,WR,TE,WR_vs_TE,Devin Duvernay,Foster Moreau,6847,5985,102,233,-131,50,64.3,-14.3
2021,WR,TE,WR_vs_TE,Devin Duvernay,Hunter Long,6847,7535,102,214,-112,50,1.3,48.7
2021,WR,TE,WR_vs_TE,Devin Duvernay,Drew Sample,6847,6001,102,193,-91,50,12.3,37.7
2021,WR,TE,WR_vs_TE,Devin Duvernay,Ian Thomas,6847,4995,102,179,-77,50,27.8,22.2
2021,WR,TE,WR_vs_TE,Jaelon Darden,Brevin Jordan,7713,7568,93,251,-158,5.4,45.8,-40.4
2021,WR,TE,WR_vs_TE,Jaelon Darden,Tommy Tremble,7713,7694,93,248,-155,5.4,41,-35.6
2021,WR,TE,WR_vs_TE,Jaelon Darden,Noah Gray,7713,7828,93,243,-150,5.4,13.1,-7.7
2021,WR,TE,WR_vs_TE,Jaelon Darden,Albert Okwuegbunam,7713,6843,93,242,-149,5.4,59.5,-54.1
2021,WR,TE,WR_vs_TE,Jaelon Darden,Kylen Granson,7713,7602,93,234,-141,5.4,16.1,-10.7
2021,WR,TE,WR_vs_TE,Jaelon Darden,Foster Moreau,7713,5985,93,233,-140,5.4,64.3,-58.9
2021,WR,TE,WR_vs_TE,Jaelon Darden,Hunter Long,7713,7535,93,214,-121,5.4,1.3,4.1
2021,WR,TE,WR_vs_TE,Jaelon Darden,Drew Sample,7713,6001,93,193,-100,5.4,12.3,-6.9
2021,WR,TE,WR_vs_TE,Jaelon Darden,Ian Thomas,7713,4995,93,179,-86,5.4,27.8,-22.4
2021,WR,TE,WR_vs_TE,Equanimeous St. Brown,Hunter Long,5323,7535,23,214,-191,9,1.3,7.7
2021,WR,TE,WR_vs_TE,Equanimeous St. Brown,Drew Sample,5323,6001,23,193,-170,9,12.3,-3.3
2021,WR,TE,WR_vs_TE,Equanimeous St. Brown,Ian Thomas,5323,4995,23,179,-156,9,27.8,-18.8
2022,QB,RB,QB_vs_RB,Jalen Hurts,Christian McCaffrey,6904,4034,7297,7125,172,369.6,257.5,112.1
2022,QB,RB,QB_vs_RB,Kyler Murray,Christian McCaffrey,5849,4034,7109,7125,-16,200.5,257.5,-57
2022,QB,RB,QB_vs_RB,Joe Burrow,Austin Ekeler,6770,4663,6293,6254,39,345.4,260.7,84.7
2022,QB,RB,QB_vs_RB,Russell Wilson,Dalvin Cook,1234,4029,5885,6068,-183,201.6,197.1,4.5
2022,QB,RB,QB_vs_RB,Russell Wilson,Najee Harris,1234,7528,5885,5897,-12,201.6,169.5,32.1
2022,QB,RB,QB_vs_RB,Trey Lance,Derrick Henry,7610,3198,5502,5551,-49,12.5,257,-244.5
2022,QB,RB,QB_vs_RB,Trey Lance,Joe Mixon,7610,4018,5502,5345,157,12.5,167.9,-155.4
2022,QB,RB,QB_vs_RB,Dak Prescott,Joe Mixon,3294,4018,5349,5345,4,189.9,167.9,22
2022,QB,RB,QB_vs_RB,Dak Prescott,Alvin Kamara,3294,4035,5349,5164,185,189.9,143.7,46.2
2022,QB,RB,QB_vs_RB,Matthew Stafford,D'Andre Swift,421,6790,4842,4903,-61,108.4,134.5,-26.1
2022,QB,RB,QB_vs_RB,Matthew Stafford,Nick Chubb,421,4988,4842,4778,64,108.4,236.2,-127.8
2022,QB,RB,QB_vs_RB,Aaron Rodgers,Nick Chubb,96,4988,4655,4778,-123,228,236.2,-8.2
2022,QB,RB,QB_vs_RB,Aaron Rodgers,James Conner,96,4137,4655,4636,19,228,154.2,73.8
2022,QB,RB,QB_vs_RB,Aaron Rodgers,Aaron Jones,96,4199,4655,4549,106,228,184.8,43.2
2022,QB,RB,QB_vs_RB,Derek Carr,Nick Chubb,2028,4988,4610,4778,-168,219.1,236.2,-17.1
2022,QB,RB,QB_vs_RB,Derek Carr,James Conner,2028,4137,4610,4636,-26,219.1,154.2,64.9
2022,QB,RB,QB_vs_RB,Derek Carr,Aaron Jones,2028,4199,4610,4549,61,219.1,184.8,34.3
2022,QB,RB,QB_vs_RB,Derek Carr,Travis Etienne,2028,7543,4610,4439,171,219.1,166.7,52.4
2022,QB,RB,QB_vs_RB,Kirk Cousins,James Conner,1166,4137,4482,4636,-154,278.6,154.2,124.4
2022,QB,RB,QB_vs_RB,Kirk Cousins,Aaron Jones,1166,4199,4482,4549,-67,278.6,184.8,93.8
2022,QB,RB,QB_vs_RB,Kirk Cousins,Travis Etienne,1166,7543,4482,4439,43,278.6,166.7,111.9
2022,QB,RB,QB_vs_RB,Kirk Cousins,Ezekiel Elliott,1166,3164,4482,4355,127,278.6,167.8,110.8
2022,QB,RB,QB_vs_RB,Kirk Cousins,Cam Akers,1166,6938,4482,4304,178,278.6,115.5,163.1
2022,QB,RB,QB_vs_RB,Justin Fields,Aaron Jones,7591,4199,4362,4549,-187,296,184.8,111.2
2022,QB,RB,QB_vs_RB,Justin Fields,Travis Etienne,7591,7543,4362,4439,-77,296,166.7,129.3
2022,QB,RB,QB_vs_RB,Justin Fields,Ezekiel Elliott,7591,3164,4362,4355,7,296,167.8,128.2
2022,QB,RB,QB_vs_RB,Justin Fields,Cam Akers,7591,6938,4362,4304,58,296,115.5,180.5
2022,QB,RB,QB_vs_RB,Tua Tagovailoa,Travis Etienne,6768,7543,4278,4439,-161,230.9,166.7,64.2
2022,QB,RB,QB_vs_RB,Tua Tagovailoa,Ezekiel Elliott,6768,3164,4278,4355,-77,230.9,167.8,63.1
2022,QB,RB,QB_vs_RB,Tua Tagovailoa,Cam Akers,6768,6938,4278,4304,-26,230.9,115.5,115.4
2022,QB,RB,QB_vs_RB,Tua Tagovailoa,David Montgomery,6768,5892,4278,4089,189,230.9,141.6,89.3
2022,QB,RB,QB_vs_RB,Trevor Lawrence,Ezekiel Elliott,7523,3164,4212,4355,-143,285.4,167.8,117.6
2022,QB,RB,QB_vs_RB,Trevor Lawrence,Cam Akers,7523,6938,4212,4304,-92,285.4,115.5,169.9
2022,QB,RB,QB_vs_RB,Trevor Lawrence,David Montgomery,7523,5892,4212,4089,123,285.4,141.6,143.8
2022,QB,RB,QB_vs_RB,Jameis Winston,David Montgomery,2306,5892,3978,4089,-111,43.9,141.6,-97.7
2022,QB,RB,QB_vs_RB,Jameis Winston,Dameon Pierce,2306,8129,3978,3924,54,43.9,136.4,-92.5
2022,QB,RB,QB_vs_RB,Jameis Winston,Breece Hall,2306,8155,3978,3903,75,43.9,96.1,-52.2
2022,QB,RB,QB_vs_RB,Daniel Jones,J.K. Dobbins,5870,6806,3600,3678,-78,289,74.2,214.8
2022,QB,RB,QB_vs_RB,Daniel Jones,AJ Dillon,5870,6828,3600,3607,-7,289,136.3,152.7
2022,QB,RB,QB_vs_RB,Daniel Jones,Elijah Mitchell,5870,7561,3600,3542,58,289,23.1,265.9
2022,QB,RB,QB_vs_RB,Daniel Jones,Tony Pollard,5870,5967,3600,3505,95,289,207.9,81.1
2022,QB,RB,QB_vs_RB,Daniel Jones,Josh Jacobs,5870,5850,3600,3499,101,289,270.3,18.7
2022,QB,RB,QB_vs_RB,Jared Goff,Elijah Mitchell,3163,7561,3375,3542,-167,273.9,23.1,250.8
2022,QB,RB,QB_vs_RB,Jared Goff,Tony Pollard,3163,5967,3375,3505,-130,273.9,207.9,66
2022,QB,RB,QB_vs_RB,Jared Goff,Josh Jacobs,3163,5850,3375,3499,-124,273.9,270.3,3.6
2022,QB,RB,QB_vs_RB,Jared Goff,Chase Edmonds,3163,5000,3375,3366,9,273.9,53.7,220.2
2022,QB,RB,QB_vs_RB,Jared Goff,Rhamondre Stevenson,3163,7611,3375,3322,53,273.9,171.9,102
2022,QB,RB,QB_vs_RB,Ryan Tannehill,Chase Edmonds,1049,5000,3192,3366,-174,161.2,53.7,107.5
2022,QB,RB,QB_vs_RB,Ryan Tannehill,Rhamondre Stevenson,1049,7611,3192,3322,-130,161.2,171.9,-10.7
2022,QB,RB,QB_vs_RB,Ryan Tannehill,Antonio Gibson,1049,6945,3192,3095,97,161.2,119.9,41.3
2022,QB,RB,QB_vs_RB,Ryan Tannehill,Rashaad Penny,1049,4985,3192,3074,118,161.2,48.2,113
2022,QB,RB,QB_vs_RB,Ryan Tannehill,Clyde Edwards-Helaire,1049,6820,3192,3043,149,161.2,81.3,79.9
2022,QB,RB,QB_vs_RB,Mac Jones,Chase Edmonds,7527,5000,3176,3366,-190,153.9,53.7,100.2
2022,QB,RB,QB_vs_RB,Mac Jones,Rhamondre Stevenson,7527,7611,3176,3322,-146,153.9,171.9,-18
2022,QB,RB,QB_vs_RB,Mac Jones,Antonio Gibson,7527,6945,3176,3095,81,153.9,119.9,34
2022,QB,RB,QB_vs_RB,Mac Jones,Rashaad Penny,7527,4985,3176,3074,102,153.9,48.2,105.7
2022,QB,RB,QB_vs_RB,Mac Jones,Clyde Edwards-Helaire,7527,6820,3176,3043,133,153.9,81.3,72.6
2022,QB,RB,QB_vs_RB,Baker Mayfield,Antonio Gibson,4892,6945,2969,3095,-126,115.9,119.9,-4
2022,QB,RB,QB_vs_RB,Baker Mayfield,Rashaad Penny,4892,4985,2969,3074,-105,115.9,48.2,67.7
2022,QB,RB,QB_vs_RB,Baker Mayfield,Clyde Edwards-Helaire,4892,6820,2969,3043,-74,115.9,81.3,34.6
2022,QB,RB,QB_vs_RB,Baker Mayfield,Devin Singletary,4892,6130,2969,2908,61,115.9,139,-23.1
2022,QB,RB,QB_vs_RB,Baker Mayfield,Cordarrelle Patterson,4892,1535,2969,2781,188,115.9,125.8,-9.9
2022,QB,RB,QB_vs_RB,Baker Mayfield,Kareem Hunt,4892,4098,2969,2770,199,115.9,89,26.9
2022,QB,RB,QB_vs_RB,Davis Mills,Cordarrelle Patterson,7585,1535,2706,2781,-75,159,125.8,33.2
2022,QB,RB,QB_vs_RB,Davis Mills,Kareem Hunt,7585,4098,2706,2770,-64,159,89,70
2022,QB,RB,QB_vs_RB,Davis Mills,James Cook,7585,8138,2706,2668,38,159,81.4,77.6
2022,QB,RB,QB_vs_RB,Davis Mills,Rachaad White,7585,8136,2706,2556,150,159,87.6,71.4
2022,QB,RB,QB_vs_RB,Zach Wilson,Rachaad White,7538,8136,2427,2556,-129,97.9,87.6,10.3
2022,QB,RB,QB_vs_RB,Zach Wilson,Kenneth Walker III,7538,8151,2427,2480,-53,97.9,163.1,-65.2
2022,QB,RB,QB_vs_RB,Zach Wilson,Miles Sanders,7538,6151,2427,2361,66,97.9,193.4,-95.5
2022,QB,RB,QB_vs_RB,Deshaun Watson,Miles Sanders,4017,6151,2202,2361,-159,68,193.4,-125.4
2022,QB,RB,QB_vs_RB,Deshaun Watson,Kenneth Gainwell,4017,7567,2202,2190,12,68,60.7,7.3
2022,QB,RB,QB_vs_RB,Marcus Mariota,Kenneth Gainwell,2307,7567,2068,2190,-122,196.6,60.7,135.9
2022,QB,RB,QB_vs_RB,Marcus Mariota,Tyler Allgeier,2307,8132,2068,1883,185,196.6,129.9,66.7
2022,QB,RB,QB_vs_RB,Kenny Pickett,Tyler Allgeier,8160,8132,1769,1883,-114,136,129.9,6.1
2022,QB,RB,QB_vs_RB,Kenny Pickett,Michael Carter,8160,7607,1769,1762,7,136,84.5,51.5
2022,QB,RB,QB_vs_RB,Kenny Pickett,James Robinson,8160,6955,1769,1738,31,136,77.6,58.4
2022,QB,RB,QB_vs_RB,Kenny Pickett,Khalil Herbert,8160,7608,1769,1583,186,136,103.9,32.1
2022,QB,RB,QB_vs_RB,Mitchell Trubisky,Tyler Allgeier,3976,8132,1753,1883,-130,73.9,129.9,-56
2022,QB,RB,QB_vs_RB,Mitchell Trubisky,Michael Carter,3976,7607,1753,1762,-9,73.9,84.5,-10.6
2022,QB,RB,QB_vs_RB,Mitchell Trubisky,James Robinson,3976,6955,1753,1738,15,73.9,77.6,-3.7
2022,QB,RB,QB_vs_RB,Mitchell Trubisky,Khalil Herbert,3976,7608,1753,1583,170,73.9,103.9,-30
2022,QB,RB,QB_vs_RB,Malik Willis,Khalil Herbert,8161,7608,1522,1583,-61,19.3,103.9,-84.6
2022,QB,RB,QB_vs_RB,Malik Willis,Alexander Mattison,8161,5987,1522,1423,99,19.3,55.4,-36.1
2022,QB,RB,QB_vs_RB,Malik Willis,Jamaal Williams,8161,4149,1522,1399,123,19.3,194.7,-175.4
2022,QB,RB,QB_vs_RB,Geno Smith,Khalil Herbert,1373,7608,1402,1583,-181,290.3,103.9,186.4
2022,QB,RB,QB_vs_RB,Geno Smith,Alexander Mattison,1373,5987,1402,1423,-21,290.3,55.4,234.9
2022,QB,RB,QB_vs_RB,Geno Smith,Jamaal Williams,1373,4149,1402,1399,3,290.3,194.7,95.6
2022,QB,RB,QB_vs_RB,Desmond Ridder,Jamaal Williams,8159,4149,1203,1399,-196,22.9,194.7,-171.8
2022,QB,RB,QB_vs_RB,Desmond Ridder,Zamir White,8159,8139,1203,1111,92,22.9,6.6,16.3
2022,QB,RB,QB_vs_RB,Desmond Ridder,Isiah Pacheco,8159,8205,1203,1019,184,22.9,109.6,-86.7
2022,QB,RB,QB_vs_RB,Desmond Ridder,Raheem Mostert,8159,2749,1203,1018,185,22.9,131.2,-108.3
2022,QB,RB,QB_vs_RB,Jacoby Brissett,Zamir White,3257,8139,1154,1111,43,168.6,6.6,162
2022,QB,RB,QB_vs_RB,Jacoby Brissett,Isiah Pacheco,3257,8205,1154,1019,135,168.6,109.6,59
2022,QB,RB,QB_vs_RB,Jacoby Brissett,Raheem Mostert,3257,2749,1154,1018,136,168.6,131.2,37.4
2022,QB,RB,QB_vs_RB,Jimmy Garoppolo,Zamir White,1837,8139,1019,1111,-92,164.8,6.6,158.2
2022,QB,RB,QB_vs_RB,Jimmy Garoppolo,Isiah Pacheco,1837,8205,1019,1019,0,164.8,109.6,55.2
2022,QB,RB,QB_vs_RB,Jimmy Garoppolo,Raheem Mostert,1837,2749,1019,1018,1,164.8,131.2,33.6
2022,QB,RB,QB_vs_RB,Jimmy Garoppolo,Jerick McKinnon,1837,2161,1019,872,147,164.8,133.7,31.1
2022,QB,RB,QB_vs_RB,Jimmy Garoppolo,Brian Robinson,1837,8154,1019,847,172,164.8,103.7,61.1
2022,QB,RB,QB_vs_RB,Tyler Huntley,Isiah Pacheco,7083,8205,891,1019,-128,50,109.6,-59.6
2022,QB,RB,QB_vs_RB,Tyler Huntley,Raheem Mostert,7083,2749,891,1018,-127,50,131.2,-81.2
2022,QB,RB,QB_vs_RB,Tyler Huntley,Jerick McKinnon,7083,2161,891,872,19,50,133.7,-83.7
2022,QB,RB,QB_vs_RB,Tyler Huntley,Brian Robinson,7083,8154,891,847,44,50,103.7,-53.7
2022,QB,RB,QB_vs_RB,Tyler Huntley,Tyrion Davis-Price,7083,8211,891,797,94,50,7.2,42.8
2022,QB,RB,QB_vs_RB,Tyler Huntley,Isaiah Spiller,7083,8153,891,715,176,50,5.4,44.6
2022,QB,RB,QB_vs_RB,Tyler Huntley,D'Onta Foreman,7083,4111,891,715,176,50,119.2,-69.2
2022,QB,RB,QB_vs_RB,Tyler Huntley,Eno Benjamin,7083,6951,891,703,188,50,64.3,-14.3
2022,QB,RB,QB_vs_RB,Gardner Minshew,Zack Moss,6011,6845,356,503,-147,36.8,35.4,1.4
2022,QB,RB,QB_vs_RB,Gardner Minshew,Chuba Hubbard,6011,7594,356,491,-135,36.8,66.8,-30
2022,QB,RB,QB_vs_RB,Gardner Minshew,D'Ernest Johnson,6011,6694,356,461,-105,36.8,2.4,34.4
2022,QB,RB,QB_vs_RB,Gardner Minshew,Boston Scott,6011,5122,356,435,-79,36.8,29.8,7
2022,QB,RB,QB_vs_RB,Gardner Minshew,Jaylen Warren,6011,8228,356,425,-69,36.8,61,-24.2
2022,QB,RB,QB_vs_RB,Gardner Minshew,Chris Evans,6011,7794,356,373,-17,36.8,9.8,27
2022,QB,RB,QB_vs_RB,Gardner Minshew,Gus Edwards,6011,5248,356,369,-13,36.8,57.7,-20.9
2022,QB,RB,QB_vs_RB,Gardner Minshew,Trey Sermon,6011,7593,356,337,19,36.8,1.9,34.9
2022,QB,RB,QB_vs_RB,Gardner Minshew,Joshua Kelley,6011,7045,356,283,73,36.8,48.4,-11.6
2022,QB,RB,QB_vs_RB,Gardner Minshew,Kyren Williams,6011,8150,356,277,79,36.8,21.5,15.3
2022,QB,RB,QB_vs_RB,Gardner Minshew,Myles Gaskin,6011,5980,356,222,134,36.8,5.4,31.4
2022,QB,RB,QB_vs_RB,Gardner Minshew,Ke'Shawn Vaughn,6011,6885,356,205,151,36.8,3.8,33
2022,QB,RB,QB_vs_RB,Gardner Minshew,Pierre Strong Jr.,6011,8116,356,192,164,36.8,20.2,16.6
2022,QB,RB,QB_vs_RB,Gardner Minshew,Keaontay Ingram,6011,8221,356,186,170,36.8,13.8,23
2022,QB,RB,QB_vs_RB,Gardner Minshew,Nyheim Hines,6011,5347,356,182,174,36.8,39.4,-2.6
2022,QB,RB,QB_vs_RB,Gardner Minshew,DeeJay Dallas,6011,6931,356,181,175,36.8,26.6,10.2
2022,QB,RB,QB_vs_RB,Gardner Minshew,Hassan Haskins,6011,8123,356,179,177,36.8,13.4,23.4
2022,QB,RB,QB_vs_RB,Gardner Minshew,Jerome Ford,6011,8143,356,175,181,36.8,1.2,35.6
2022,QB,RB,QB_vs_RB,Gardner Minshew,Jordan Mason,6011,8408,356,166,190,36.8,29,7.8
2022,QB,RB,QB_vs_RB,Gardner Minshew,Samaje Perine,6011,4147,356,165,191,36.8,101.9,-65.1
2022,QB,RB,QB_vs_RB,Gardner Minshew,Kene Nwangwu,6011,7720,356,164,192,36.8,6.6,30.2
2022,QB,RB,QB_vs_RB,Jordan Love,Zack Moss,6804,6845,340,503,-163,11.7,35.4,-23.7
2022,QB,RB,QB_vs_RB,Jordan Love,Chuba Hubbard,6804,7594,340,491,-151,11.7,66.8,-55.1
2022,QB,RB,QB_vs_RB,Jordan Love,D'Ernest Johnson,6804,6694,340,461,-121,11.7,2.4,9.3
2022,QB,RB,QB_vs_RB,Jordan Love,Boston Scott,6804,5122,340,435,-95,11.7,29.8,-18.1
2022,QB,RB,QB_vs_RB,Jordan Love,Jaylen Warren,6804,8228,340,425,-85,11.7,61,-49.3
2022,QB,RB,QB_vs_RB,Jordan Love,Chris Evans,6804,7794,340,373,-33,11.7,9.8,1.9
2022,QB,RB,QB_vs_RB,Jordan Love,Gus Edwards,6804,5248,340,369,-29,11.7,57.7,-46
2022,QB,RB,QB_vs_RB,Jordan Love,Trey Sermon,6804,7593,340,337,3,11.7,1.9,9.8
2022,QB,RB,QB_vs_RB,Jordan Love,Joshua Kelley,6804,7045,340,283,57,11.7,48.4,-36.7
2022,QB,RB,QB_vs_RB,Jordan Love,Kyren Williams,6804,8150,340,277,63,11.7,21.5,-9.8
2022,QB,RB,QB_vs_RB,Jordan Love,Myles Gaskin,6804,5980,340,222,118,11.7,5.4,6.3
2022,QB,RB,QB_vs_RB,Jordan Love,Ke'Shawn Vaughn,6804,6885,340,205,135,11.7,3.8,7.9
2022,QB,RB,QB_vs_RB,Jordan Love,Pierre Strong Jr.,6804,8116,340,192,148,11.7,20.2,-8.5
2022,QB,RB,QB_vs_RB,Jordan Love,Keaontay Ingram,6804,8221,340,186,154,11.7,13.8,-2.1
2022,QB,RB,QB_vs_RB,Jordan Love,Nyheim Hines,6804,5347,340,182,158,11.7,39.4,-27.7
2022,QB,RB,QB_vs_RB,Jordan Love,DeeJay Dallas,6804,6931,340,181,159,11.7,26.6,-14.9
2022,QB,RB,QB_vs_RB,Jordan Love,Hassan Haskins,6804,8123,340,179,161,11.7,13.4,-1.7
2022,QB,RB,QB_vs_RB,Jordan Love,Jerome Ford,6804,8143,340,175,165,11.7,1.2,10.5
2022,QB,RB,QB_vs_RB,Jordan Love,Jordan Mason,6804,8408,340,166,174,11.7,29,-17.3
2022,QB,RB,QB_vs_RB,Jordan Love,Samaje Perine,6804,4147,340,165,175,11.7,101.9,-90.2
2022,QB,RB,QB_vs_RB,Jordan Love,Kene Nwangwu,6804,7720,340,164,176,11.7,6.6,5.1
2022,QB,RB,QB_vs_RB,Tyrod Taylor,Zack Moss,827,6845,310,503,-193,11.3,35.4,-24.1
2022,QB,RB,QB_vs_RB,Tyrod Taylor,Chuba Hubbard,827,7594,310,491,-181,11.3,66.8,-55.5
2022,QB,RB,QB_vs_RB,Tyrod Taylor,D'Ernest Johnson,827,6694,310,461,-151,11.3,2.4,8.9
2022,QB,RB,QB_vs_RB,Tyrod Taylor,Boston Scott,827,5122,310,435,-125,11.3,29.8,-18.5
2022,QB,RB,QB_vs_RB,Tyrod Taylor,Jaylen Warren,827,8228,310,425,-115,11.3,61,-49.7
2022,QB,RB,QB_vs_RB,Tyrod Taylor,Chris Evans,827,7794,310,373,-63,11.3,9.8,1.5
2022,QB,RB,QB_vs_RB,Tyrod Taylor,Gus Edwards,827,5248,310,369,-59,11.3,57.7,-46.4
2022,QB,RB,QB_vs_RB,Tyrod Taylor,Trey Sermon,827,7593,310,337,-27,11.3,1.9,9.4
2022,QB,RB,QB_vs_RB,Tyrod Taylor,Joshua Kelley,827,7045,310,283,27,11.3,48.4,-37.1
2022,QB,RB,QB_vs_RB,Tyrod Taylor,Kyren Williams,827,8150,310,277,33,11.3,21.5,-10.2
2022,QB,RB,QB_vs_RB,Tyrod Taylor,Myles Gaskin,827,5980,310,222,88,11.3,5.4,5.9
2022,QB,RB,QB_vs_RB,Tyrod Taylor,Ke'Shawn Vaughn,827,6885,310,205,105,11.3,3.8,7.5
2022,QB,RB,QB_vs_RB,Tyrod Taylor,Pierre Strong Jr.,827,8116,310,192,118,11.3,20.2,-8.9
2022,QB,RB,QB_vs_RB,Tyrod Taylor,Keaontay Ingram,827,8221,310,186,124,11.3,13.8,-2.5
2022,QB,RB,QB_vs_RB,Tyrod Taylor,Nyheim Hines,827,5347,310,182,128,11.3,39.4,-28.1
2022,QB,RB,QB_vs_RB,Tyrod Taylor,DeeJay Dallas,827,6931,310,181,129,11.3,26.6,-15.3
2022,QB,RB,QB_vs_RB,Tyrod Taylor,Hassan Haskins,827,8123,310,179,131,11.3,13.4,-2.1
2022,QB,RB,QB_vs_RB,Tyrod Taylor,Jerome Ford,827,8143,310,175,135,11.3,1.2,10.1
2022,QB,RB,QB_vs_RB,Tyrod Taylor,Jordan Mason,827,8408,310,166,144,11.3,29,-17.7
2022,QB,RB,QB_vs_RB,Tyrod Taylor,Samaje Perine,827,4147,310,165,145,11.3,101.9,-90.6
2022,QB,RB,QB_vs_RB,Tyrod Taylor,Kene Nwangwu,827,7720,310,164,146,11.3,6.6,4.7
2022,QB,RB,QB_vs_RB,Tyrod Taylor,Jeffery Wilson,827,5284,310,132,178,11.3,129.1,-117.8
2022,QB,RB,QB_vs_RB,Sam Darnold,Chuba Hubbard,4943,7594,294,491,-197,85.4,66.8,18.6
2022,QB,RB,QB_vs_RB,Sam Darnold,D'Ernest Johnson,4943,6694,294,461,-167,85.4,2.4,83
2022,QB,RB,QB_vs_RB,Sam Darnold,Boston Scott,4943,5122,294,435,-141,85.4,29.8,55.6
2022,QB,RB,QB_vs_RB,Sam Darnold,Jaylen Warren,4943,8228,294,425,-131,85.4,61,24.4
2022,QB,RB,QB_vs_RB,Sam Darnold,Chris Evans,4943,7794,294,373,-79,85.4,9.8,75.6
2022,QB,RB,QB_vs_RB,Sam Darnold,Gus Edwards,4943,5248,294,369,-75,85.4,57.7,27.7
2022,QB,RB,QB_vs_RB,Sam Darnold,Trey Sermon,4943,7593,294,337,-43,85.4,1.9,83.5
2022,QB,RB,QB_vs_RB,Sam Darnold,Joshua Kelley,4943,7045,294,283,11,85.4,48.4,37
2022,QB,RB,QB_vs_RB,Sam Darnold,Kyren Williams,4943,8150,294,277,17,85.4,21.5,63.9
2022,QB,RB,QB_vs_RB,Sam Darnold,Myles Gaskin,4943,5980,294,222,72,85.4,5.4,80
2022,QB,RB,QB_vs_RB,Sam Darnold,Ke'Shawn Vaughn,4943,6885,294,205,89,85.4,3.8,81.6
2022,QB,RB,QB_vs_RB,Sam Darnold,Pierre Strong Jr.,4943,8116,294,192,102,85.4,20.2,65.2
2022,QB,RB,QB_vs_RB,Sam Darnold,Keaontay Ingram,4943,8221,294,186,108,85.4,13.8,71.6
2022,QB,RB,QB_vs_RB,Sam Darnold,Nyheim Hines,4943,5347,294,182,112,85.4,39.4,46
2022,QB,RB,QB_vs_RB,Sam Darnold,DeeJay Dallas,4943,6931,294,181,113,85.4,26.6,58.8
2022,QB,RB,QB_vs_RB,Sam Darnold,Hassan Haskins,4943,8123,294,179,115,85.4,13.4,72
2022,QB,RB,QB_vs_RB,Sam Darnold,Jerome Ford,4943,8143,294,175,119,85.4,1.2,84.2
2022,QB,RB,QB_vs_RB,Sam Darnold,Jordan Mason,4943,8408,294,166,128,85.4,29,56.4
2022,QB,RB,QB_vs_RB,Sam Darnold,Samaje Perine,4943,4147,294,165,129,85.4,101.9,-16.5
2022,QB,RB,QB_vs_RB,Sam Darnold,Kene Nwangwu,4943,7720,294,164,130,85.4,6.6,78.8
2022,QB,RB,QB_vs_RB,Sam Darnold,Jeffery Wilson,4943,5284,294,132,162,85.4,129.1,-43.7
2022,QB,RB,QB_vs_RB,Taylor Heinicke,Chris Evans,2711,7794,176,373,-197,116,9.8,106.2
2022,QB,RB,QB_vs_RB,Taylor Heinicke,Gus Edwards,2711,5248,176,369,-193,116,57.7,58.3
2022,QB,RB,QB_vs_RB,Taylor Heinicke,Trey Sermon,2711,7593,176,337,-161,116,1.9,114.1
2022,QB,RB,QB_vs_RB,Taylor Heinicke,Joshua Kelley,2711,7045,176,283,-107,116,48.4,67.6
2022,QB,RB,QB_vs_RB,Taylor Heinicke,Kyren Williams,2711,8150,176,277,-101,116,21.5,94.5
2022,QB,RB,QB_vs_RB,Taylor Heinicke,Myles Gaskin,2711,5980,176,222,-46,116,5.4,110.6
2022,QB,RB,QB_vs_RB,Taylor Heinicke,Ke'Shawn Vaughn,2711,6885,176,205,-29,116,3.8,112.2
2022,QB,RB,QB_vs_RB,Taylor Heinicke,Pierre Strong Jr.,2711,8116,176,192,-16,116,20.2,95.8
2022,QB,RB,QB_vs_RB,Taylor Heinicke,Keaontay Ingram,2711,8221,176,186,-10,116,13.8,102.2
2022,QB,RB,QB_vs_RB,Taylor Heinicke,Nyheim Hines,2711,5347,176,182,-6,116,39.4,76.6
2022,QB,RB,QB_vs_RB,Taylor Heinicke,DeeJay Dallas,2711,6931,176,181,-5,116,26.6,89.4
2022,QB,RB,QB_vs_RB,Taylor Heinicke,Hassan Haskins,2711,8123,176,179,-3,116,13.4,102.6
2022,QB,RB,QB_vs_RB,Taylor Heinicke,Jerome Ford,2711,8143,176,175,1,116,1.2,114.8
2022,QB,RB,QB_vs_RB,Taylor Heinicke,Jordan Mason,2711,8408,176,166,10,116,29,87
2022,QB,RB,QB_vs_RB,Taylor Heinicke,Samaje Perine,2711,4147,176,165,11,116,101.9,14.1
2022,QB,RB,QB_vs_RB,Taylor Heinicke,Kene Nwangwu,2711,7720,176,164,12,116,6.6,109.4
2022,QB,RB,QB_vs_RB,Taylor Heinicke,Jeffery Wilson,2711,5284,176,132,44,116,129.1,-13.1
2022,QB,RB,QB_vs_RB,Taylor Heinicke,Justice Hill,2711,5995,176,93,83,116,26.6,89.4
2022,QB,RB,QB_vs_RB,Taylor Heinicke,Kevin Harris,2711,8174,176,90,86,116,11.2,104.8
2022,QB,RB,QB_vs_RB,Taylor Heinicke,Salvon Ahmed,2711,6918,176,86,90,116,12.5,103.5
2022,QB,RB,QB_vs_RB,Taylor Heinicke,Ty Johnson,2711,6039,176,84,92,116,28.3,87.7
2022,QB,RB,QB_vs_RB,Taylor Heinicke,Trayveon Williams,2711,6144,176,83,93,116,6,110
2022,QB,RB,QB_vs_RB,Taylor Heinicke,Zonovan Knight,2711,8122,176,67,109,116,43.8,72.2
2022,QB,RB,QB_vs_RB,Mike White,Gus Edwards,5089,5248,172,369,-197,56.6,57.7,-1.1
2022,QB,RB,QB_vs_RB,Mike White,Trey Sermon,5089,7593,172,337,-165,56.6,1.9,54.7
2022,QB,RB,QB_vs_RB,Mike White,Joshua Kelley,5089,7045,172,283,-111,56.6,48.4,8.2
2022,QB,RB,QB_vs_RB,Mike White,Kyren Williams,5089,8150,172,277,-105,56.6,21.5,35.1
2022,QB,RB,QB_vs_RB,Mike White,Myles Gaskin,5089,5980,172,222,-50,56.6,5.4,51.2
2022,QB,RB,QB_vs_RB,Mike White,Ke'Shawn Vaughn,5089,6885,172,205,-33,56.6,3.8,52.8
2022,QB,RB,QB_vs_RB,Mike White,Pierre Strong Jr.,5089,8116,172,192,-20,56.6,20.2,36.4
2022,QB,RB,QB_vs_RB,Mike White,Keaontay Ingram,5089,8221,172,186,-14,56.6,13.8,42.8
2022,QB,RB,QB_vs_RB,Mike White,Nyheim Hines,5089,5347,172,182,-10,56.6,39.4,17.2
2022,QB,RB,QB_vs_RB,Mike White,DeeJay Dallas,5089,6931,172,181,-9,56.6,26.6,30
2022,QB,RB,QB_vs_RB,Mike White,Hassan Haskins,5089,8123,172,179,-7,56.6,13.4,43.2
2022,QB,RB,QB_vs_RB,Mike White,Jerome Ford,5089,8143,172,175,-3,56.6,1.2,55.4
2022,QB,RB,QB_vs_RB,Mike White,Jordan Mason,5089,8408,172,166,6,56.6,29,27.6
2022,QB,RB,QB_vs_RB,Mike White,Samaje Perine,5089,4147,172,165,7,56.6,101.9,-45.3
2022,QB,RB,QB_vs_RB,Mike White,Kene Nwangwu,5089,7720,172,164,8,56.6,6.6,50
2022,QB,RB,QB_vs_RB,Mike White,Jeffery Wilson,5089,5284,172,132,40,56.6,129.1,-72.5
2022,QB,RB,QB_vs_RB,Mike White,Justice Hill,5089,5995,172,93,79,56.6,26.6,30
2022,QB,RB,QB_vs_RB,Mike White,Kevin Harris,5089,8174,172,90,82,56.6,11.2,45.4
2022,QB,RB,QB_vs_RB,Mike White,Salvon Ahmed,5089,6918,172,86,86,56.6,12.5,44.1
2022,QB,RB,QB_vs_RB,Mike White,Ty Johnson,5089,6039,172,84,88,56.6,28.3,28.3
2022,QB,RB,QB_vs_RB,Mike White,Trayveon Williams,5089,6144,172,83,89,56.6,6,50.6
2022,QB,RB,QB_vs_RB,Mike White,Zonovan Knight,5089,8122,172,67,105,56.6,43.8,12.8
2022,QB,RB,QB_vs_RB,Bailey Zappe,Trey Sermon,8157,7593,166,337,-171,38.6,1.9,36.7
2022,QB,RB,QB_vs_RB,Bailey Zappe,Joshua Kelley,8157,7045,166,283,-117,38.6,48.4,-9.8
2022,QB,RB,QB_vs_RB,Bailey Zappe,Kyren Williams,8157,8150,166,277,-111,38.6,21.5,17.1
2022,QB,RB,QB_vs_RB,Bailey Zappe,Myles Gaskin,8157,5980,166,222,-56,38.6,5.4,33.2
2022,QB,RB,QB_vs_RB,Bailey Zappe,Ke'Shawn Vaughn,8157,6885,166,205,-39,38.6,3.8,34.8
2022,QB,RB,QB_vs_RB,Bailey Zappe,Pierre Strong Jr.,8157,8116,166,192,-26,38.6,20.2,18.4
2022,QB,RB,QB_vs_RB,Bailey Zappe,Keaontay Ingram,8157,8221,166,186,-20,38.6,13.8,24.8
2022,QB,RB,QB_vs_RB,Bailey Zappe,Nyheim Hines,8157,5347,166,182,-16,38.6,39.4,-0.8
2022,QB,RB,QB_vs_RB,Bailey Zappe,DeeJay Dallas,8157,6931,166,181,-15,38.6,26.6,12
2022,QB,RB,QB_vs_RB,Bailey Zappe,Hassan Haskins,8157,8123,166,179,-13,38.6,13.4,25.2
2022,QB,RB,QB_vs_RB,Bailey Zappe,Jerome Ford,8157,8143,166,175,-9,38.6,1.2,37.4
2022,QB,RB,QB_vs_RB,Bailey Zappe,Jordan Mason,8157,8408,166,166,0,38.6,29,9.6
2022,QB,RB,QB_vs_RB,Bailey Zappe,Samaje Perine,8157,4147,166,165,1,38.6,101.9,-63.3
2022,QB,RB,QB_vs_RB,Bailey Zappe,Kene Nwangwu,8157,7720,166,164,2,38.6,6.6,32
2022,QB,RB,QB_vs_RB,Bailey Zappe,Jeffery Wilson,8157,5284,166,132,34,38.6,129.1,-90.5
2022,QB,RB,QB_vs_RB,Bailey Zappe,Justice Hill,8157,5995,166,93,73,38.6,26.6,12
2022,QB,RB,QB_vs_RB,Bailey Zappe,Kevin Harris,8157,8174,166,90,76,38.6,11.2,27.4
2022,QB,RB,QB_vs_RB,Bailey Zappe,Salvon Ahmed,8157,6918,166,86,80,38.6,12.5,26.1
2022,QB,RB,QB_vs_RB,Bailey Zappe,Ty Johnson,8157,6039,166,84,82,38.6,28.3,10.3
2022,QB,RB,QB_vs_RB,Bailey Zappe,Trayveon Williams,8157,6144,166,83,83,38.6,6,32.6
2022,QB,RB,QB_vs_RB,Bailey Zappe,Zonovan Knight,8157,8122,166,67,99,38.6,43.8,-5.2
2022,QB,WR,QB_vs_WR,Patrick Mahomes,Justin Jefferson,4046,6794,9272,9212,60,401.4,236.9,164.5
2022,QB,WR,QB_vs_WR,Kyler Murray,Ja'Marr Chase,5849,7564,7109,6966,143,200.5,140.8,59.7
2022,QB,WR,QB_vs_WR,Joe Burrow,Stefon Diggs,6770,2449,6293,6153,140,345.4,194.8,150.6
2022,QB,WR,QB_vs_WR,Russell Wilson,Davante Adams,1234,2133,5885,5894,-9,201.6,228.2,-26.6
2022,QB,WR,QB_vs_WR,Russell Wilson,Deebo Samuel,1234,5872,5885,5892,-7,201.6,110,91.6
2022,QB,WR,QB_vs_WR,Trey Lance,CeeDee Lamb,7610,6786,5502,5661,-159,12.5,183.4,-170.9
2022,QB,WR,QB_vs_WR,Trey Lance,Tyreek Hill,7610,3321,5502,5512,-10,12.5,225.9,-213.4
2022,QB,WR,QB_vs_WR,Trey Lance,A.J. Brown,7610,5859,5502,5500,2,12.5,202.1,-189.6
2022,QB,WR,QB_vs_WR,Trey Lance,Mike Evans,7610,2216,5502,5452,50,12.5,148.4,-135.9
2022,QB,WR,QB_vs_WR,Trey Lance,Keenan Allen,7610,1479,5502,5409,93,12.5,75.8,-63.3
2022,QB,WR,QB_vs_WR,Dak Prescott,Tyreek Hill,3294,3321,5349,5512,-163,189.9,225.9,-36
2022,QB,WR,QB_vs_WR,Dak Prescott,A.J. Brown,3294,5859,5349,5500,-151,189.9,202.1,-12.2
2022,QB,WR,QB_vs_WR,Dak Prescott,Mike Evans,3294,2216,5349,5452,-103,189.9,148.4,41.5
2022,QB,WR,QB_vs_WR,Dak Prescott,Keenan Allen,3294,1479,5349,5409,-60,189.9,75.8,114.1
2022,QB,WR,QB_vs_WR,Matthew Stafford,Michael Pittman,421,6819,4842,5008,-166,108.4,108.5,-0.1
2022,QB,WR,QB_vs_WR,Matthew Stafford,Tee Higgins,421,6801,4842,4948,-106,108.4,147.5,-39.1
2022,QB,WR,QB_vs_WR,Matthew Stafford,Courtland Sutton,421,5045,4842,4933,-91,108.4,86.1,22.3
2022,QB,WR,QB_vs_WR,Matthew Stafford,D.J. Moore,421,4983,4842,4901,-59,108.4,135.1,-26.7
2022,QB,WR,QB_vs_WR,Matthew Stafford,Mike Williams,421,4068,4842,4832,10,108.4,110.3,-1.9
2022,QB,WR,QB_vs_WR,Aaron Rodgers,Mike Williams,96,4068,4655,4832,-177,228,110.3,117.7
2022,QB,WR,QB_vs_WR,Aaron Rodgers,Jaylen Waddle,96,7526,4655,4600,55,228,178.9,49.1
2022,QB,WR,QB_vs_WR,Aaron Rodgers,Marquise Brown,96,5848,4655,4576,79,228,88.3,139.7
2022,QB,WR,QB_vs_WR,Aaron Rodgers,Amon-Ra St. Brown,96,7547,4655,4566,89,228,156.7,71.3
2022,QB,WR,QB_vs_WR,Aaron Rodgers,Terry McLaurin,96,5927,4655,4537,118,228,138.6,89.4
2022,QB,WR,QB_vs_WR,Aaron Rodgers,Chris Godwin,96,4037,4655,4474,181,228,115.3,112.7
2022,QB,WR,QB_vs_WR,Aaron Rodgers,Darnell Mooney,96,7090,4655,4466,189,228,61.5,166.5
2022,QB,WR,QB_vs_WR,Aaron Rodgers,Diontae Johnson,96,5937,4655,4456,199,228,88.9,139.1
2022,QB,WR,QB_vs_WR,Derek Carr,Jaylen Waddle,2028,7526,4610,4600,10,219.1,178.9,40.2
2022,QB,WR,QB_vs_WR,Derek Carr,Marquise Brown,2028,5848,4610,4576,34,219.1,88.3,130.8
2022,QB,WR,QB_vs_WR,Derek Carr,Amon-Ra St. Brown,2028,7547,4610,4566,44,219.1,156.7,62.4
2022,QB,WR,QB_vs_WR,Derek Carr,Terry McLaurin,2028,5927,4610,4537,73,219.1,138.6,80.5
2022,QB,WR,QB_vs_WR,Derek Carr,Chris Godwin,2028,4037,4610,4474,136,219.1,115.3,103.8
2022,QB,WR,QB_vs_WR,Derek Carr,Darnell Mooney,2028,7090,4610,4466,144,219.1,61.5,157.6
2022,QB,WR,QB_vs_WR,Derek Carr,Diontae Johnson,2028,5937,4610,4456,154,219.1,88.9,130.2
2022,QB,WR,QB_vs_WR,Kirk Cousins,Jaylen Waddle,1166,7526,4482,4600,-118,278.6,178.9,99.7
2022,QB,WR,QB_vs_WR,Kirk Cousins,Marquise Brown,1166,5848,4482,4576,-94,278.6,88.3,190.3
2022,QB,WR,QB_vs_WR,Kirk Cousins,Amon-Ra St. Brown,1166,7547,4482,4566,-84,278.6,156.7,121.9
2022,QB,WR,QB_vs_WR,Kirk Cousins,Terry McLaurin,1166,5927,4482,4537,-55,278.6,138.6,140
2022,QB,WR,QB_vs_WR,Kirk Cousins,Chris Godwin,1166,4037,4482,4474,8,278.6,115.3,163.3
2022,QB,WR,QB_vs_WR,Kirk Cousins,Darnell Mooney,1166,7090,4482,4466,16,278.6,61.5,217.1
2022,QB,WR,QB_vs_WR,Kirk Cousins,Diontae Johnson,1166,5937,4482,4456,26,278.6,88.9,189.7
2022,QB,WR,QB_vs_WR,Kirk Cousins,Brandin Cooks,1166,2197,4482,4405,77,278.6,72,206.6
2022,QB,WR,QB_vs_WR,Kirk Cousins,Allen Lazard,1166,5185,4482,4308,174,278.6,104.7,173.9
2022,QB,WR,QB_vs_WR,Kirk Cousins,DK Metcalf,1166,5846,4482,4300,182,278.6,132.8,145.8
2022,QB,WR,QB_vs_WR,Kirk Cousins,Michael Thomas,1166,3199,4482,4285,197,278.6,35.1,243.5
2022,QB,WR,QB_vs_WR,Justin Fields,Terry McLaurin,7591,5927,4362,4537,-175,296,138.6,157.4
2022,QB,WR,QB_vs_WR,Justin Fields,Chris Godwin,7591,4037,4362,4474,-112,296,115.3,180.7
2022,QB,WR,QB_vs_WR,Justin Fields,Darnell Mooney,7591,7090,4362,4466,-104,296,61.5,234.5
2022,QB,WR,QB_vs_WR,Justin Fields,Diontae Johnson,7591,5937,4362,4456,-94,296,88.9,207.1
2022,QB,WR,QB_vs_WR,Justin Fields,Brandin Cooks,7591,2197,4362,4405,-43,296,72,224
2022,QB,WR,QB_vs_WR,Justin Fields,Allen Lazard,7591,5185,4362,4308,54,296,104.7,191.3
2022,QB,WR,QB_vs_WR,Justin Fields,DK Metcalf,7591,5846,4362,4300,62,296,132.8,163.2
2022,QB,WR,QB_vs_WR,Justin Fields,Michael Thomas,7591,3199,4362,4285,77,296,35.1,260.9
2022,QB,WR,QB_vs_WR,Justin Fields,JuJu Smith-Schuster,7591,4040,4362,4196,166,296,103.8,192.2
2022,QB,WR,QB_vs_WR,Tua Tagovailoa,Chris Godwin,6768,4037,4278,4474,-196,230.9,115.3,115.6
2022,QB,WR,QB_vs_WR,Tua Tagovailoa,Darnell Mooney,6768,7090,4278,4466,-188,230.9,61.5,169.4
2022,QB,WR,QB_vs_WR,Tua Tagovailoa,Diontae Johnson,6768,5937,4278,4456,-178,230.9,88.9,142
2022,QB,WR,QB_vs_WR,Tua Tagovailoa,Brandin Cooks,6768,2197,4278,4405,-127,230.9,72,158.9
2022,QB,WR,QB_vs_WR,Tua Tagovailoa,Allen Lazard,6768,5185,4278,4308,-30,230.9,104.7,126.2
2022,QB,WR,QB_vs_WR,Tua Tagovailoa,DK Metcalf,6768,5846,4278,4300,-22,230.9,132.8,98.1
2022,QB,WR,QB_vs_WR,Tua Tagovailoa,Michael Thomas,6768,3199,4278,4285,-7,230.9,35.1,195.8
2022,QB,WR,QB_vs_WR,Tua Tagovailoa,JuJu Smith-Schuster,6768,4040,4278,4196,82,230.9,103.8,127.1
2022,QB,WR,QB_vs_WR,Tua Tagovailoa,Rashod Bateman,6768,7571,4278,4152,126,230.9,38.5,192.4
2022,QB,WR,QB_vs_WR,Tua Tagovailoa,Jerry Jeudy,6768,6783,4278,4146,132,230.9,117.9,113
2022,QB,WR,QB_vs_WR,Tua Tagovailoa,Adam Thielen,6768,1689,4278,4127,151,230.9,102.8,128.1
2022,QB,WR,QB_vs_WR,Trevor Lawrence,Brandin Cooks,7523,2197,4212,4405,-193,285.4,72,213.4
2022,QB,WR,QB_vs_WR,Trevor Lawrence,Allen Lazard,7523,5185,4212,4308,-96,285.4,104.7,180.7
2022,QB,WR,QB_vs_WR,Trevor Lawrence,DK Metcalf,7523,5846,4212,4300,-88,285.4,132.8,152.6
2022,QB,WR,QB_vs_WR,Trevor Lawrence,Michael Thomas,7523,3199,4212,4285,-73,285.4,35.1,250.3
2022,QB,WR,QB_vs_WR,Trevor Lawrence,JuJu Smith-Schuster,7523,4040,4212,4196,16,285.4,103.8,181.6
2022,QB,WR,QB_vs_WR,Trevor Lawrence,Rashod Bateman,7523,7571,4212,4152,60,285.4,38.5,246.9
2022,QB,WR,QB_vs_WR,Trevor Lawrence,Jerry Jeudy,7523,6783,4212,4146,66,285.4,117.9,167.5
2022,QB,WR,QB_vs_WR,Trevor Lawrence,Adam Thielen,7523,1689,4212,4127,85,285.4,102.8,182.6
2022,QB,WR,QB_vs_WR,Jameis Winston,Rashod Bateman,2306,7571,3978,4152,-174,43.9,38.5,5.4
2022,QB,WR,QB_vs_WR,Jameis Winston,Jerry Jeudy,2306,6783,3978,4146,-168,43.9,117.9,-74
2022,QB,WR,QB_vs_WR,Jameis Winston,Adam Thielen,2306,1689,3978,4127,-149,43.9,102.8,-58.9
2022,QB,WR,QB_vs_WR,Jameis Winston,Elijah Moore,2306,7596,3978,3997,-19,43.9,50,-6.1
2022,QB,WR,QB_vs_WR,Jameis Winston,Brandon Aiyuk,2306,6803,3978,3932,46,43.9,143.9,-100
2022,QB,WR,QB_vs_WR,Jameis Winston,DeVonta Smith,2306,7525,3978,3895,83,43.9,152.9,-109
2022,QB,WR,QB_vs_WR,Daniel Jones,DeAndre Hopkins,5870,1426,3600,3708,-108,289,87.7,201.3
2022,QB,WR,QB_vs_WR,Daniel Jones,Christian Kirk,5870,4950,3600,3591,9,289,142,147
2022,QB,WR,QB_vs_WR,Daniel Jones,Amari Cooper,5870,2309,3600,3580,20,289,162.9,126.1
2022,QB,WR,QB_vs_WR,Daniel Jones,Treylon Burks,5870,8135,3600,3466,134,289,59.2,229.8
2022,QB,WR,QB_vs_WR,Daniel Jones,Drake London,5870,8112,3600,3430,170,289,94.6,194.4
2022,QB,WR,QB_vs_WR,Jared Goff,Treylon Burks,3163,8135,3375,3466,-91,273.9,59.2,214.7
2022,QB,WR,QB_vs_WR,Jared Goff,Drake London,3163,8112,3375,3430,-55,273.9,94.6,179.3
2022,QB,WR,QB_vs_WR,Jared Goff,Chris Olave,3163,8144,3375,3296,79,273.9,116.2,157.7
2022,QB,WR,QB_vs_WR,Jared Goff,Michael Gallup,3163,5038,3375,3210,165,273.9,65.4,208.5
2022,QB,WR,QB_vs_WR,Ryan Tannehill,Chris Olave,1049,8144,3192,3296,-104,161.2,116.2,45
2022,QB,WR,QB_vs_WR,Ryan Tannehill,Michael Gallup,1049,5038,3192,3210,-18,161.2,65.4,95.8
2022,QB,WR,QB_vs_WR,Ryan Tannehill,Robert Woods,1049,1352,3192,3129,63,161.2,58.7,102.5
2022,QB,WR,QB_vs_WR,Ryan Tannehill,Skyy Moore,1049,8168,3192,3103,89,161.2,21.4,139.8
2022,QB,WR,QB_vs_WR,Ryan Tannehill,Hunter Renfrow,1049,5955,3192,3050,142,161.2,30.7,130.5
2022,QB,WR,QB_vs_WR,Mac Jones,Chris Olave,7527,8144,3176,3296,-120,153.9,116.2,37.7
2022,QB,WR,QB_vs_WR,Mac Jones,Michael Gallup,7527,5038,3176,3210,-34,153.9,65.4,88.5
2022,QB,WR,QB_vs_WR,Mac Jones,Robert Woods,7527,1352,3176,3129,47,153.9,58.7,95.2
2022,QB,WR,QB_vs_WR,Mac Jones,Skyy Moore,7527,8168,3176,3103,73,153.9,21.4,132.5
2022,QB,WR,QB_vs_WR,Mac Jones,Hunter Renfrow,7527,5955,3176,3050,126,153.9,30.7,123.2
2022,QB,WR,QB_vs_WR,Baker Mayfield,Robert Woods,4892,1352,2969,3129,-160,115.9,58.7,57.2
2022,QB,WR,QB_vs_WR,Baker Mayfield,Skyy Moore,4892,8168,2969,3103,-134,115.9,21.4,94.5
2022,QB,WR,QB_vs_WR,Baker Mayfield,Hunter Renfrow,4892,5955,2969,3050,-81,115.9,30.7,85.2
2022,QB,WR,QB_vs_WR,Baker Mayfield,Kadarius Toney,4892,7606,2969,2926,43,115.9,30.9,85
2022,QB,WR,QB_vs_WR,Baker Mayfield,Jakobi Meyers,4892,5947,2969,2795,174,115.9,104.1,11.8
2022,QB,WR,QB_vs_WR,Davis Mills,Jakobi Meyers,7585,5947,2706,2795,-89,159,104.1,54.9
2022,QB,WR,QB_vs_WR,Davis Mills,Tyler Lockett,7585,2374,2706,2713,-7,159,141.9,17.1
2022,QB,WR,QB_vs_WR,Davis Mills,D.J. Chark,7585,4951,2706,2644,62,159,66.8,92.2
2022,QB,WR,QB_vs_WR,Davis Mills,Tyler Boyd,7585,3225,2706,2534,172,159,111.4,47.6
2022,QB,WR,QB_vs_WR,Zach Wilson,Tyler Boyd,7538,3225,2427,2534,-107,97.9,111.4,-13.5
2022,QB,WR,QB_vs_WR,Zach Wilson,George Pickens,7538,8137,2427,2464,-37,97.9,101.3,-3.4
2022,QB,WR,QB_vs_WR,Zach Wilson,Chase Claypool,7538,6886,2427,2433,-6,97.9,56.1,41.8
2022,QB,WR,QB_vs_WR,Zach Wilson,Jahan Dotson,7538,8119,2427,2321,106,97.9,88.4,9.5
2022,QB,WR,QB_vs_WR,Deshaun Watson,Jahan Dotson,4017,8119,2202,2321,-119,68,88.4,-20.4
2022,QB,WR,QB_vs_WR,Deshaun Watson,Marquez Valdes-Scantling,4017,5086,2202,2127,75,68,77.7,-9.7
2022,QB,WR,QB_vs_WR,Deshaun Watson,Nico Collins,4017,7569,2202,2113,89,68,60.1,7.9
2022,QB,WR,QB_vs_WR,Marcus Mariota,Marquez Valdes-Scantling,2307,5086,2068,2127,-59,196.6,77.7,118.9
2022,QB,WR,QB_vs_WR,Marcus Mariota,Nico Collins,2307,7569,2068,2113,-45,196.6,60.1,136.5
2022,QB,WR,QB_vs_WR,Marcus Mariota,Garrett Wilson,2307,8146,2068,1986,82,196.6,123.8,72.8
2022,QB,WR,QB_vs_WR,Kenny Pickett,Romeo Doubs,8160,8121,1769,1785,-16,136,59.6,76.4
2022,QB,WR,QB_vs_WR,Kenny Pickett,Isaiah McKenzie,8160,4197,1769,1596,173,136,75.9,60.1
2022,QB,WR,QB_vs_WR,Kenny Pickett,Alec Pierce,8160,8142,1769,1576,193,136,67.1,68.9
2022,QB,WR,QB_vs_WR,Mitchell Trubisky,Romeo Doubs,3976,8121,1753,1785,-32,73.9,59.6,14.3
2022,QB,WR,QB_vs_WR,Mitchell Trubisky,Isaiah McKenzie,3976,4197,1753,1596,157,73.9,75.9,-2
2022,QB,WR,QB_vs_WR,Mitchell Trubisky,Alec Pierce,3976,8142,1753,1576,177,73.9,67.1,6.8
2022,QB,WR,QB_vs_WR,Malik Willis,Isaiah McKenzie,8161,4197,1522,1596,-74,19.3,75.9,-56.6
2022,QB,WR,QB_vs_WR,Malik Willis,Alec Pierce,8161,8142,1522,1576,-54,19.3,67.1,-47.8
2022,QB,WR,QB_vs_WR,Malik Willis,Mecole Hardman,8161,5917,1522,1393,129,19.3,68.8,-49.5
2022,QB,WR,QB_vs_WR,Malik Willis,Jameson Williams,8161,8148,1522,1374,148,19.3,14.1,5.2
2022,QB,WR,QB_vs_WR,Malik Willis,Jalen Tolbert,8161,8117,1522,1326,196,19.3,1.2,18.1
2022,QB,WR,QB_vs_WR,Geno Smith,Isaiah McKenzie,1373,4197,1402,1596,-194,290.3,75.9,214.4
2022,QB,WR,QB_vs_WR,Geno Smith,Alec Pierce,1373,8142,1402,1576,-174,290.3,67.1,223.2
2022,QB,WR,QB_vs_WR,Geno Smith,Mecole Hardman,1373,5917,1402,1393,9,290.3,68.8,221.5
2022,QB,WR,QB_vs_WR,Geno Smith,Jameson Williams,1373,8148,1402,1374,28,290.3,14.1,276.2
2022,QB,WR,QB_vs_WR,Geno Smith,Jalen Tolbert,1373,8117,1402,1326,76,290.3,1.2,289.1
2022,QB,WR,QB_vs_WR,Geno Smith,Wan'Dale Robinson,1373,8126,1402,1256,146,290.3,28.6,261.7
2022,QB,WR,QB_vs_WR,Geno Smith,K.J. Osborn,1373,7066,1402,1202,200,290.3,83.9,206.4
2022,QB,WR,QB_vs_WR,Desmond Ridder,Mecole Hardman,8159,5917,1203,1393,-190,22.9,68.8,-45.9
2022,QB,WR,QB_vs_WR,Desmond Ridder,Jameson Williams,8159,8148,1203,1374,-171,22.9,14.1,8.8
2022,QB,WR,QB_vs_WR,Desmond Ridder,Jalen Tolbert,8159,8117,1203,1326,-123,22.9,1.2,21.7
2022,QB,WR,QB_vs_WR,Desmond Ridder,Wan'Dale Robinson,8159,8126,1203,1256,-53,22.9,28.6,-5.7
2022,QB,WR,QB_vs_WR,Desmond Ridder,K.J. Osborn,8159,7066,1203,1202,1,22.9,83.9,-61
2022,QB,WR,QB_vs_WR,Desmond Ridder,Parris Campbell,8159,5880,1203,1070,133,22.9,79.3,-56.4
2022,QB,WR,QB_vs_WR,Desmond Ridder,DeVante Parker,8159,2319,1203,1018,185,22.9,52,-29.1
2022,QB,WR,QB_vs_WR,Jacoby Brissett,Jalen Tolbert,3257,8117,1154,1326,-172,168.6,1.2,167.4
2022,QB,WR,QB_vs_WR,Jacoby Brissett,Wan'Dale Robinson,3257,8126,1154,1256,-102,168.6,28.6,140
2022,QB,WR,QB_vs_WR,Jacoby Brissett,K.J. Osborn,3257,7066,1154,1202,-48,168.6,83.9,84.7
2022,QB,WR,QB_vs_WR,Jacoby Brissett,Parris Campbell,3257,5880,1154,1070,84,168.6,79.3,89.3
2022,QB,WR,QB_vs_WR,Jacoby Brissett,DeVante Parker,3257,2319,1154,1018,136,168.6,52,116.6
2022,QB,WR,QB_vs_WR,Jacoby Brissett,Christian Watson,3257,8167,1154,964,190,168.6,111.5,57.1
2022,QB,WR,QB_vs_WR,Jimmy Garoppolo,K.J. Osborn,1837,7066,1019,1202,-183,164.8,83.9,80.9
2022,QB,WR,QB_vs_WR,Jimmy Garoppolo,Parris Campbell,1837,5880,1019,1070,-51,164.8,79.3,85.5
2022,QB,WR,QB_vs_WR,Jimmy Garoppolo,DeVante Parker,1837,2319,1019,1018,1,164.8,52,112.8
2022,QB,WR,QB_vs_WR,Jimmy Garoppolo,Christian Watson,1837,8167,1019,964,55,164.8,111.5,53.3
2022,QB,WR,QB_vs_WR,Jimmy Garoppolo,David Bell,1837,8118,1019,831,188,164.8,21.4,143.4
2022,QB,WR,QB_vs_WR,Tyler Huntley,Parris Campbell,7083,5880,891,1070,-179,50,79.3,-29.3
2022,QB,WR,QB_vs_WR,Tyler Huntley,DeVante Parker,7083,2319,891,1018,-127,50,52,-2
2022,QB,WR,QB_vs_WR,Tyler Huntley,Christian Watson,7083,8167,891,964,-73,50,111.5,-61.5
2022,QB,WR,QB_vs_WR,Tyler Huntley,David Bell,7083,8118,891,831,60,50,21.4,28.6
2022,QB,WR,QB_vs_WR,Tyler Huntley,Donovan Peoples-Jones,7083,6824,891,757,134,50,101.9,-51.9
2022,QB,WR,QB_vs_WR,Tyler Huntley,KJ Hamler,7083,6805,891,737,154,50,18.8,31.2
2022,QB,WR,QB_vs_WR,Gardner Minshew,Laviska Shenault,6011,6814,356,510,-154,36.8,44.8,-8
2022,QB,WR,QB_vs_WR,Gardner Minshew,Nick Westbrook-Ikhine,6011,7496,356,491,-135,36.8,57.7,-20.9
2022,QB,WR,QB_vs_WR,Gardner Minshew,Khalil Shakir,6011,8134,356,487,-131,36.8,21.3,15.5
2022,QB,WR,QB_vs_WR,Gardner Minshew,Cedrick Wilson,6011,5113,356,462,-106,36.8,14.4,22.4
2022,QB,WR,QB_vs_WR,Gardner Minshew,Zay Jones,6011,4080,356,450,-94,36.8,114,-77.2
2022,QB,WR,QB_vs_WR,Gardner Minshew,Kyle Philips,6011,8171,356,381,-25,36.8,3.8,33
2022,QB,WR,QB_vs_WR,Gardner Minshew,Terrace Marshall,6011,7565,356,370,-14,36.8,52.7,-15.9
2022,QB,WR,QB_vs_WR,Gardner Minshew,Danny Gray,6011,8176,356,335,21,36.8,1.9,34.9
2022,QB,WR,QB_vs_WR,Gardner Minshew,Curtis Samuel,6011,4082,356,327,29,36.8,112.9,-76.1
2022,QB,WR,QB_vs_WR,Gardner Minshew,Quez Watkins,6011,6927,356,321,35,36.8,50.1,-13.3
2022,QB,WR,QB_vs_WR,Gardner Minshew,Nelson Agholor,6011,2325,356,316,40,36.8,44.2,-7.4
2022,QB,WR,QB_vs_WR,Gardner Minshew,Braxton Berrios,6011,5121,356,262,94,36.8,39.7,-2.9
2022,QB,WR,QB_vs_WR,Gardner Minshew,Jalen Guyton,6011,6421,356,257,99,36.8,6.4,30.4
2022,QB,WR,QB_vs_WR,Gardner Minshew,Gabriel Davis,6011,6943,356,255,101,36.8,119.7,-82.9
2022,QB,WR,QB_vs_WR,Gardner Minshew,Devin Duvernay,6011,6847,356,243,113,36.8,79.1,-42.3
2022,QB,WR,QB_vs_WR,Gardner Minshew,Tutu Atwell,6011,7562,356,227,129,36.8,35.4,1.4
2022,QB,WR,QB_vs_WR,Gardner Minshew,Marquez Callaway,6011,6989,356,222,134,36.8,21.8,15
2022,QB,WR,QB_vs_WR,Gardner Minshew,Tyquan Thornton,6011,8188,356,213,143,36.8,43,-6.2
2022,QB,WR,QB_vs_WR,Gardner Minshew,Rondale Moore,6011,7601,356,190,166,36.8,46.9,-10.1
2022,QB,WR,QB_vs_WR,Gardner Minshew,Josh Palmer,6011,7670,356,188,168,36.8,91.4,-54.6
2022,QB,WR,QB_vs_WR,Gardner Minshew,Olamide Zaccheaus,6011,6271,356,159,197,36.8,60.3,-23.5
2022,QB,WR,QB_vs_WR,Jordan Love,Laviska Shenault,6804,6814,340,510,-170,11.7,44.8,-33.1
2022,QB,WR,QB_vs_WR,Jordan Love,Nick Westbrook-Ikhine,6804,7496,340,491,-151,11.7,57.7,-46
2022,QB,WR,QB_vs_WR,Jordan Love,Khalil Shakir,6804,8134,340,487,-147,11.7,21.3,-9.6
2022,QB,WR,QB_vs_WR,Jordan Love,Cedrick Wilson,6804,5113,340,462,-122,11.7,14.4,-2.7
2022,QB,WR,QB_vs_WR,Jordan Love,Zay Jones,6804,4080,340,450,-110,11.7,114,-102.3
2022,QB,WR,QB_vs_WR,Jordan Love,Kyle Philips,6804,8171,340,381,-41,11.7,3.8,7.9
2022,QB,WR,QB_vs_WR,Jordan Love,Terrace Marshall,6804,7565,340,370,-30,11.7,52.7,-41
2022,QB,WR,QB_vs_WR,Jordan Love,Danny Gray,6804,8176,340,335,5,11.7,1.9,9.8
2022,QB,WR,QB_vs_WR,Jordan Love,Curtis Samuel,6804,4082,340,327,13,11.7,112.9,-101.2
2022,QB,WR,QB_vs_WR,Jordan Love,Quez Watkins,6804,6927,340,321,19,11.7,50.1,-38.4
2022,QB,WR,QB_vs_WR,Jordan Love,Nelson Agholor,6804,2325,340,316,24,11.7,44.2,-32.5
2022,QB,WR,QB_vs_WR,Jordan Love,Braxton Berrios,6804,5121,340,262,78,11.7,39.7,-28
2022,QB,WR,QB_vs_WR,Jordan Love,Jalen Guyton,6804,6421,340,257,83,11.7,6.4,5.3
2022,QB,WR,QB_vs_WR,Jordan Love,Gabriel Davis,6804,6943,340,255,85,11.7,119.7,-108
2022,QB,WR,QB_vs_WR,Jordan Love,Devin Duvernay,6804,6847,340,243,97,11.7,79.1,-67.4
2022,QB,WR,QB_vs_WR,Jordan Love,Tutu Atwell,6804,7562,340,227,113,11.7,35.4,-23.7
2022,QB,WR,QB_vs_WR,Jordan Love,Marquez Callaway,6804,6989,340,222,118,11.7,21.8,-10.1
2022,QB,WR,QB_vs_WR,Jordan Love,Tyquan Thornton,6804,8188,340,213,127,11.7,43,-31.3
2022,QB,WR,QB_vs_WR,Jordan Love,Rondale Moore,6804,7601,340,190,150,11.7,46.9,-35.2
2022,QB,WR,QB_vs_WR,Jordan Love,Josh Palmer,6804,7670,340,188,152,11.7,91.4,-79.7
2022,QB,WR,QB_vs_WR,Jordan Love,Olamide Zaccheaus,6804,6271,340,159,181,11.7,60.3,-48.6
2022,QB,WR,QB_vs_WR,Jordan Love,Equanimeous St. Brown,6804,5323,340,145,195,11.7,43.4,-31.7
2022,QB,WR,QB_vs_WR,Jordan Love,Darius Slayton,6804,6149,340,141,199,11.7,82.4,-70.7
2022,QB,WR,QB_vs_WR,Tyrod Taylor,Laviska Shenault,827,6814,310,510,-200,11.3,44.8,-33.5
2022,QB,WR,QB_vs_WR,Tyrod Taylor,Nick Westbrook-Ikhine,827,7496,310,491,-181,11.3,57.7,-46.4
2022,QB,WR,QB_vs_WR,Tyrod Taylor,Khalil Shakir,827,8134,310,487,-177,11.3,21.3,-10
2022,QB,WR,QB_vs_WR,Tyrod Taylor,Cedrick Wilson,827,5113,310,462,-152,11.3,14.4,-3.1
2022,QB,WR,QB_vs_WR,Tyrod Taylor,Zay Jones,827,4080,310,450,-140,11.3,114,-102.7
2022,QB,WR,QB_vs_WR,Tyrod Taylor,Kyle Philips,827,8171,310,381,-71,11.3,3.8,7.5
2022,QB,WR,QB_vs_WR,Tyrod Taylor,Terrace Marshall,827,7565,310,370,-60,11.3,52.7,-41.4
2022,QB,WR,QB_vs_WR,Tyrod Taylor,Danny Gray,827,8176,310,335,-25,11.3,1.9,9.4
2022,QB,WR,QB_vs_WR,Tyrod Taylor,Curtis Samuel,827,4082,310,327,-17,11.3,112.9,-101.6
2022,QB,WR,QB_vs_WR,Tyrod Taylor,Quez Watkins,827,6927,310,321,-11,11.3,50.1,-38.8
2022,QB,WR,QB_vs_WR,Tyrod Taylor,Nelson Agholor,827,2325,310,316,-6,11.3,44.2,-32.9
2022,QB,WR,QB_vs_WR,Tyrod Taylor,Braxton Berrios,827,5121,310,262,48,11.3,39.7,-28.4
2022,QB,WR,QB_vs_WR,Tyrod Taylor,Jalen Guyton,827,6421,310,257,53,11.3,6.4,4.9
2022,QB,WR,QB_vs_WR,Tyrod Taylor,Gabriel Davis,827,6943,310,255,55,11.3,119.7,-108.4
2022,QB,WR,QB_vs_WR,Tyrod Taylor,Devin Duvernay,827,6847,310,243,67,11.3,79.1,-67.8
2022,QB,WR,QB_vs_WR,Tyrod Taylor,Tutu Atwell,827,7562,310,227,83,11.3,35.4,-24.1
2022,QB,WR,QB_vs_WR,Tyrod Taylor,Marquez Callaway,827,6989,310,222,88,11.3,21.8,-10.5
2022,QB,WR,QB_vs_WR,Tyrod Taylor,Tyquan Thornton,827,8188,310,213,97,11.3,43,-31.7
2022,QB,WR,QB_vs_WR,Tyrod Taylor,Rondale Moore,827,7601,310,190,120,11.3,46.9,-35.6
2022,QB,WR,QB_vs_WR,Tyrod Taylor,Josh Palmer,827,7670,310,188,122,11.3,91.4,-80.1
2022,QB,WR,QB_vs_WR,Tyrod Taylor,Olamide Zaccheaus,827,6271,310,159,151,11.3,60.3,-49
2022,QB,WR,QB_vs_WR,Tyrod Taylor,Equanimeous St. Brown,827,5323,310,145,165,11.3,43.4,-32.1
2022,QB,WR,QB_vs_WR,Tyrod Taylor,Darius Slayton,827,6149,310,141,169,11.3,82.4,-71.1
2022,QB,WR,QB_vs_WR,Tyrod Taylor,Denzel Mims,827,6849,310,138,172,11.3,18.6,-7.3
2022,QB,WR,QB_vs_WR,Tyrod Taylor,Jauan Jennings,827,7049,310,135,175,11.3,46.6,-35.3
2022,QB,WR,QB_vs_WR,Tyrod Taylor,Josh Reynolds,827,4171,310,135,175,11.3,64.3,-53
2022,QB,WR,QB_vs_WR,Tyrod Taylor,Dyami Brown,827,7587,310,133,177,11.3,27.8,-16.5
2022,QB,WR,QB_vs_WR,Tyrod Taylor,Anthony Schwartz,827,7533,310,123,187,11.3,14.8,-3.5
2022,QB,WR,QB_vs_WR,Tyrod Taylor,Tylan Wallace,827,7595,310,122,188,11.3,2.1,9.2
2022,QB,WR,QB_vs_WR,Tyrod Taylor,Demarcus Robinson,827,3286,310,116,194,11.3,53.4,-42.1
2022,QB,WR,QB_vs_WR,Tyrod Taylor,Scotty Miller,827,6290,310,115,195,11.3,18.5,-7.2
2022,QB,WR,QB_vs_WR,Tyrod Taylor,Jaelon Darden,827,7713,310,110,200,11.3,2.8,8.5
2022,QB,WR,QB_vs_WR,Sam Darnold,Nick Westbrook-Ikhine,4943,7496,294,491,-197,85.4,57.7,27.7
2022,QB,WR,QB_vs_WR,Sam Darnold,Khalil Shakir,4943,8134,294,487,-193,85.4,21.3,64.1
2022,QB,WR,QB_vs_WR,Sam Darnold,Cedrick Wilson,4943,5113,294,462,-168,85.4,14.4,71
2022,QB,WR,QB_vs_WR,Sam Darnold,Zay Jones,4943,4080,294,450,-156,85.4,114,-28.6
2022,QB,WR,QB_vs_WR,Sam Darnold,Kyle Philips,4943,8171,294,381,-87,85.4,3.8,81.6
2022,QB,WR,QB_vs_WR,Sam Darnold,Terrace Marshall,4943,7565,294,370,-76,85.4,52.7,32.7
2022,QB,WR,QB_vs_WR,Sam Darnold,Danny Gray,4943,8176,294,335,-41,85.4,1.9,83.5
2022,QB,WR,QB_vs_WR,Sam Darnold,Curtis Samuel,4943,4082,294,327,-33,85.4,112.9,-27.5
2022,QB,WR,QB_vs_WR,Sam Darnold,Quez Watkins,4943,6927,294,321,-27,85.4,50.1,35.3
2022,QB,WR,QB_vs_WR,Sam Darnold,Nelson Agholor,4943,2325,294,316,-22,85.4,44.2,41.2
2022,QB,WR,QB_vs_WR,Sam Darnold,Braxton Berrios,4943,5121,294,262,32,85.4,39.7,45.7
2022,QB,WR,QB_vs_WR,Sam Darnold,Jalen Guyton,4943,6421,294,257,37,85.4,6.4,79
2022,QB,WR,QB_vs_WR,Sam Darnold,Gabriel Davis,4943,6943,294,255,39,85.4,119.7,-34.3
2022,QB,WR,QB_vs_WR,Sam Darnold,Devin Duvernay,4943,6847,294,243,51,85.4,79.1,6.3
2022,QB,WR,QB_vs_WR,Sam Darnold,Tutu Atwell,4943,7562,294,227,67,85.4,35.4,50
2022,QB,WR,QB_vs_WR,Sam Darnold,Marquez Callaway,4943,6989,294,222,72,85.4,21.8,63.6
2022,QB,WR,QB_vs_WR,Sam Darnold,Tyquan Thornton,4943,8188,294,213,81,85.4,43,42.4
2022,QB,WR,QB_vs_WR,Sam Darnold,Rondale Moore,4943,7601,294,190,104,85.4,46.9,38.5
2022,QB,WR,QB_vs_WR,Sam Darnold,Josh Palmer,4943,7670,294,188,106,85.4,91.4,-6
2022,QB,WR,QB_vs_WR,Sam Darnold,Olamide Zaccheaus,4943,6271,294,159,135,85.4,60.3,25.1
2022,QB,WR,QB_vs_WR,Sam Darnold,Equanimeous St. Brown,4943,5323,294,145,149,85.4,43.4,42
2022,QB,WR,QB_vs_WR,Sam Darnold,Darius Slayton,4943,6149,294,141,153,85.4,82.4,3
2022,QB,WR,QB_vs_WR,Sam Darnold,Denzel Mims,4943,6849,294,138,156,85.4,18.6,66.8
2022,QB,WR,QB_vs_WR,Sam Darnold,Jauan Jennings,4943,7049,294,135,159,85.4,46.6,38.8
2022,QB,WR,QB_vs_WR,Sam Darnold,Josh Reynolds,4943,4171,294,135,159,85.4,64.3,21.1
2022,QB,WR,QB_vs_WR,Sam Darnold,Dyami Brown,4943,7587,294,133,161,85.4,27.8,57.6
2022,QB,WR,QB_vs_WR,Sam Darnold,Anthony Schwartz,4943,7533,294,123,171,85.4,14.8,70.6
2022,QB,WR,QB_vs_WR,Sam Darnold,Tylan Wallace,4943,7595,294,122,172,85.4,2.1,83.3
2022,QB,WR,QB_vs_WR,Sam Darnold,Demarcus Robinson,4943,3286,294,116,178,85.4,53.4,32
2022,QB,WR,QB_vs_WR,Sam Darnold,Scotty Miller,4943,6290,294,115,179,85.4,18.5,66.9
2022,QB,WR,QB_vs_WR,Sam Darnold,Jaelon Darden,4943,7713,294,110,184,85.4,2.8,82.6
2022,QB,WR,QB_vs_WR,Sam Darnold,Tre'Quan Smith,4943,5026,294,106,188,85.4,33.2,52.2
2022,QB,WR,QB_vs_WR,Sam Darnold,Jamal Agnew,4943,4198,294,102,192,85.4,46.5,38.9
2022,QB,WR,QB_vs_WR,Taylor Heinicke,Terrace Marshall,2711,7565,176,370,-194,116,52.7,63.3
2022,QB,WR,QB_vs_WR,Taylor Heinicke,Danny Gray,2711,8176,176,335,-159,116,1.9,114.1
2022,QB,WR,QB_vs_WR,Taylor Heinicke,Curtis Samuel,2711,4082,176,327,-151,116,112.9,3.1
2022,QB,WR,QB_vs_WR,Taylor Heinicke,Quez Watkins,2711,6927,176,321,-145,116,50.1,65.9
2022,QB,WR,QB_vs_WR,Taylor Heinicke,Nelson Agholor,2711,2325,176,316,-140,116,44.2,71.8
2022,QB,WR,QB_vs_WR,Taylor Heinicke,Braxton Berrios,2711,5121,176,262,-86,116,39.7,76.3
2022,QB,WR,QB_vs_WR,Taylor Heinicke,Jalen Guyton,2711,6421,176,257,-81,116,6.4,109.6
2022,QB,WR,QB_vs_WR,Taylor Heinicke,Gabriel Davis,2711,6943,176,255,-79,116,119.7,-3.7
2022,QB,WR,QB_vs_WR,Taylor Heinicke,Devin Duvernay,2711,6847,176,243,-67,116,79.1,36.9
2022,QB,WR,QB_vs_WR,Taylor Heinicke,Tutu Atwell,2711,7562,176,227,-51,116,35.4,80.6
2022,QB,WR,QB_vs_WR,Taylor Heinicke,Marquez Callaway,2711,6989,176,222,-46,116,21.8,94.2
2022,QB,WR,QB_vs_WR,Taylor Heinicke,Tyquan Thornton,2711,8188,176,213,-37,116,43,73
2022,QB,WR,QB_vs_WR,Taylor Heinicke,Rondale Moore,2711,7601,176,190,-14,116,46.9,69.1
2022,QB,WR,QB_vs_WR,Taylor Heinicke,Josh Palmer,2711,7670,176,188,-12,116,91.4,24.6
2022,QB,WR,QB_vs_WR,Taylor Heinicke,Olamide Zaccheaus,2711,6271,176,159,17,116,60.3,55.7
2022,QB,WR,QB_vs_WR,Taylor Heinicke,Equanimeous St. Brown,2711,5323,176,145,31,116,43.4,72.6
2022,QB,WR,QB_vs_WR,Taylor Heinicke,Darius Slayton,2711,6149,176,141,35,116,82.4,33.6
2022,QB,WR,QB_vs_WR,Taylor Heinicke,Denzel Mims,2711,6849,176,138,38,116,18.6,97.4
2022,QB,WR,QB_vs_WR,Taylor Heinicke,Jauan Jennings,2711,7049,176,135,41,116,46.6,69.4
2022,QB,WR,QB_vs_WR,Taylor Heinicke,Josh Reynolds,2711,4171,176,135,41,116,64.3,51.7
2022,QB,WR,QB_vs_WR,Taylor Heinicke,Dyami Brown,2711,7587,176,133,43,116,27.8,88.2
2022,QB,WR,QB_vs_WR,Taylor Heinicke,Anthony Schwartz,2711,7533,176,123,53,116,14.8,101.2
2022,QB,WR,QB_vs_WR,Taylor Heinicke,Tylan Wallace,2711,7595,176,122,54,116,2.1,113.9
2022,QB,WR,QB_vs_WR,Taylor Heinicke,Demarcus Robinson,2711,3286,176,116,60,116,53.4,62.6
2022,QB,WR,QB_vs_WR,Taylor Heinicke,Scotty Miller,2711,6290,176,115,61,116,18.5,97.5
2022,QB,WR,QB_vs_WR,Taylor Heinicke,Jaelon Darden,2711,7713,176,110,66,116,2.8,113.2
2022,QB,WR,QB_vs_WR,Taylor Heinicke,Tre'Quan Smith,2711,5026,176,106,70,116,33.2,82.8
2022,QB,WR,QB_vs_WR,Taylor Heinicke,Jamal Agnew,2711,4198,176,102,74,116,46.5,69.5
2022,QB,WR,QB_vs_WR,Taylor Heinicke,Kalif Raymond,2711,3634,176,80,96,116,62.6,53.4
2022,QB,WR,QB_vs_WR,Taylor Heinicke,Greg Dortch,2711,5970,176,77,99,116,56.6,59.4
2022,QB,WR,QB_vs_WR,Taylor Heinicke,Lil'Jordan Humphrey,2711,5938,176,59,117,116,2,114
2022,QB,WR,QB_vs_WR,Mike White,Terrace Marshall,5089,7565,172,370,-198,56.6,52.7,3.9
2022,QB,WR,QB_vs_WR,Mike White,Danny Gray,5089,8176,172,335,-163,56.6,1.9,54.7
2022,QB,WR,QB_vs_WR,Mike White,Curtis Samuel,5089,4082,172,327,-155,56.6,112.9,-56.3
2022,QB,WR,QB_vs_WR,Mike White,Quez Watkins,5089,6927,172,321,-149,56.6,50.1,6.5
2022,QB,WR,QB_vs_WR,Mike White,Nelson Agholor,5089,2325,172,316,-144,56.6,44.2,12.4
2022,QB,WR,QB_vs_WR,Mike White,Braxton Berrios,5089,5121,172,262,-90,56.6,39.7,16.9
2022,QB,WR,QB_vs_WR,Mike White,Jalen Guyton,5089,6421,172,257,-85,56.6,6.4,50.2
2022,QB,WR,QB_vs_WR,Mike White,Gabriel Davis,5089,6943,172,255,-83,56.6,119.7,-63.1
2022,QB,WR,QB_vs_WR,Mike White,Devin Duvernay,5089,6847,172,243,-71,56.6,79.1,-22.5
2022,QB,WR,QB_vs_WR,Mike White,Tutu Atwell,5089,7562,172,227,-55,56.6,35.4,21.2
2022,QB,WR,QB_vs_WR,Mike White,Marquez Callaway,5089,6989,172,222,-50,56.6,21.8,34.8
2022,QB,WR,QB_vs_WR,Mike White,Tyquan Thornton,5089,8188,172,213,-41,56.6,43,13.6
2022,QB,WR,QB_vs_WR,Mike White,Rondale Moore,5089,7601,172,190,-18,56.6,46.9,9.7
2022,QB,WR,QB_vs_WR,Mike White,Josh Palmer,5089,7670,172,188,-16,56.6,91.4,-34.8
2022,QB,WR,QB_vs_WR,Mike White,Olamide Zaccheaus,5089,6271,172,159,13,56.6,60.3,-3.7
2022,QB,WR,QB_vs_WR,Mike White,Equanimeous St. Brown,5089,5323,172,145,27,56.6,43.4,13.2
2022,QB,WR,QB_vs_WR,Mike White,Darius Slayton,5089,6149,172,141,31,56.6,82.4,-25.8
2022,QB,WR,QB_vs_WR,Mike White,Denzel Mims,5089,6849,172,138,34,56.6,18.6,38
2022,QB,WR,QB_vs_WR,Mike White,Jauan Jennings,5089,7049,172,135,37,56.6,46.6,10
2022,QB,WR,QB_vs_WR,Mike White,Josh Reynolds,5089,4171,172,135,37,56.6,64.3,-7.7
2022,QB,WR,QB_vs_WR,Mike White,Dyami Brown,5089,7587,172,133,39,56.6,27.8,28.8
2022,QB,WR,QB_vs_WR,Mike White,Anthony Schwartz,5089,7533,172,123,49,56.6,14.8,41.8
2022,QB,WR,QB_vs_WR,Mike White,Tylan Wallace,5089,7595,172,122,50,56.6,2.1,54.5
2022,QB,WR,QB_vs_WR,Mike White,Demarcus Robinson,5089,3286,172,116,56,56.6,53.4,3.2
2022,QB,WR,QB_vs_WR,Mike White,Scotty Miller,5089,6290,172,115,57,56.6,18.5,38.1
2022,QB,WR,QB_vs_WR,Mike White,Jaelon Darden,5089,7713,172,110,62,56.6,2.8,53.8
2022,QB,WR,QB_vs_WR,Mike White,Tre'Quan Smith,5089,5026,172,106,66,56.6,33.2,23.4
2022,QB,WR,QB_vs_WR,Mike White,Jamal Agnew,5089,4198,172,102,70,56.6,46.5,10.1
2022,QB,WR,QB_vs_WR,Mike White,Kalif Raymond,5089,3634,172,80,92,56.6,62.6,-6
2022,QB,WR,QB_vs_WR,Mike White,Greg Dortch,5089,5970,172,77,95,56.6,56.6,0
2022,QB,WR,QB_vs_WR,Mike White,Lil'Jordan Humphrey,5089,5938,172,59,113,56.6,2,54.6
2022,QB,WR,QB_vs_WR,Bailey Zappe,Danny Gray,8157,8176,166,335,-169,38.6,1.9,36.7
2022,QB,WR,QB_vs_WR,Bailey Zappe,Curtis Samuel,8157,4082,166,327,-161,38.6,112.9,-74.3
2022,QB,WR,QB_vs_WR,Bailey Zappe,Quez Watkins,8157,6927,166,321,-155,38.6,50.1,-11.5
2022,QB,WR,QB_vs_WR,Bailey Zappe,Nelson Agholor,8157,2325,166,316,-150,38.6,44.2,-5.6
2022,QB,WR,QB_vs_WR,Bailey Zappe,Braxton Berrios,8157,5121,166,262,-96,38.6,39.7,-1.1
2022,QB,WR,QB_vs_WR,Bailey Zappe,Jalen Guyton,8157,6421,166,257,-91,38.6,6.4,32.2
2022,QB,WR,QB_vs_WR,Bailey Zappe,Gabriel Davis,8157,6943,166,255,-89,38.6,119.7,-81.1
2022,QB,WR,QB_vs_WR,Bailey Zappe,Devin Duvernay,8157,6847,166,243,-77,38.6,79.1,-40.5
2022,QB,WR,QB_vs_WR,Bailey Zappe,Tutu Atwell,8157,7562,166,227,-61,38.6,35.4,3.2
2022,QB,WR,QB_vs_WR,Bailey Zappe,Marquez Callaway,8157,6989,166,222,-56,38.6,21.8,16.8
2022,QB,WR,QB_vs_WR,Bailey Zappe,Tyquan Thornton,8157,8188,166,213,-47,38.6,43,-4.4
2022,QB,WR,QB_vs_WR,Bailey Zappe,Rondale Moore,8157,7601,166,190,-24,38.6,46.9,-8.3
2022,QB,WR,QB_vs_WR,Bailey Zappe,Josh Palmer,8157,7670,166,188,-22,38.6,91.4,-52.8
2022,QB,WR,QB_vs_WR,Bailey Zappe,Olamide Zaccheaus,8157,6271,166,159,7,38.6,60.3,-21.7
2022,QB,WR,QB_vs_WR,Bailey Zappe,Equanimeous St. Brown,8157,5323,166,145,21,38.6,43.4,-4.8
2022,QB,WR,QB_vs_WR,Bailey Zappe,Darius Slayton,8157,6149,166,141,25,38.6,82.4,-43.8
2022,QB,WR,QB_vs_WR,Bailey Zappe,Denzel Mims,8157,6849,166,138,28,38.6,18.6,20
2022,QB,WR,QB_vs_WR,Bailey Zappe,Jauan Jennings,8157,7049,166,135,31,38.6,46.6,-8
2022,QB,WR,QB_vs_WR,Bailey Zappe,Josh Reynolds,8157,4171,166,135,31,38.6,64.3,-25.7
2022,QB,WR,QB_vs_WR,Bailey Zappe,Dyami Brown,8157,7587,166,133,33,38.6,27.8,10.8
2022,QB,WR,QB_vs_WR,Bailey Zappe,Anthony Schwartz,8157,7533,166,123,43,38.6,14.8,23.8
2022,QB,WR,QB_vs_WR,Bailey Zappe,Tylan Wallace,8157,7595,166,122,44,38.6,2.1,36.5
2022,QB,WR,QB_vs_WR,Bailey Zappe,Demarcus Robinson,8157,3286,166,116,50,38.6,53.4,-14.8
2022,QB,WR,QB_vs_WR,Bailey Zappe,Scotty Miller,8157,6290,166,115,51,38.6,18.5,20.1
2022,QB,WR,QB_vs_WR,Bailey Zappe,Jaelon Darden,8157,7713,166,110,56,38.6,2.8,35.8
2022,QB,WR,QB_vs_WR,Bailey Zappe,Tre'Quan Smith,8157,5026,166,106,60,38.6,33.2,5.4
2022,QB,WR,QB_vs_WR,Bailey Zappe,Jamal Agnew,8157,4198,166,102,64,38.6,46.5,-7.9
2022,QB,WR,QB_vs_WR,Bailey Zappe,Kalif Raymond,8157,3634,166,80,86,38.6,62.6,-24
2022,QB,WR,QB_vs_WR,Bailey Zappe,Greg Dortch,8157,5970,166,77,89,38.6,56.6,-18
2022,QB,WR,QB_vs_WR,Bailey Zappe,Lil'Jordan Humphrey,8157,5938,166,59,107,38.6,2,36.6
2022,QB,TE,QB_vs_TE,Lamar Jackson,Travis Kelce,4881,1466,7885,7780,105,236.1,254.5,-18.4
2022,QB,TE,QB_vs_TE,Joe Burrow,Mark Andrews,6770,5012,6293,6201,92,345.4,154,191.4
2022,QB,TE,QB_vs_TE,Trey Lance,Kyle Pitts,7610,7553,5502,5624,-122,12.5,61.6,-49.1
2022,QB,TE,QB_vs_TE,Matthew Stafford,George Kittle,421,4217,4842,4814,28,108.4,153.6,-45.2
2022,QB,TE,QB_vs_TE,Matthew Stafford,Darren Waller,421,2505,4842,4691,151,108.4,66.3,42.1
2022,QB,TE,QB_vs_TE,Aaron Rodgers,George Kittle,96,4217,4655,4814,-159,228,153.6,74.4
2022,QB,TE,QB_vs_TE,Aaron Rodgers,Darren Waller,96,2505,4655,4691,-36,228,66.3,161.7
2022,QB,TE,QB_vs_TE,Derek Carr,Darren Waller,2028,2505,4610,4691,-81,219.1,66.3,152.8
2022,QB,TE,QB_vs_TE,Kirk Cousins,Dalton Schultz,1166,5001,4482,4377,105,278.6,108.9,169.7
2022,QB,TE,QB_vs_TE,Justin Fields,Dalton Schultz,7591,5001,4362,4377,-15,296,108.9,187.1
2022,QB,TE,QB_vs_TE,Tua Tagovailoa,Dalton Schultz,6768,5001,4278,4377,-99,230.9,108.9,122
2022,QB,TE,QB_vs_TE,Trevor Lawrence,Dalton Schultz,7523,5001,4212,4377,-165,285.4,108.9,176.5
2022,QB,TE,QB_vs_TE,Jameis Winston,Dallas Goedert,2306,5022,3978,3911,67,43.9,106.1,-62.2
2022,QB,TE,QB_vs_TE,Jameis Winston,T.J. Hockenson,2306,5844,3978,3839,139,43.9,170.3,-126.4
2022,QB,TE,QB_vs_TE,Daniel Jones,Dawson Knox,5870,5906,3600,3591,9,289,103.4,185.6
2022,QB,TE,QB_vs_TE,Daniel Jones,Zach Ertz,5870,1339,3600,3457,143,289,92.1,196.9
2022,QB,TE,QB_vs_TE,Jared Goff,Zach Ertz,3163,1339,3375,3457,-82,273.9,92.1,181.8
2022,QB,TE,QB_vs_TE,Jared Goff,Cole Kmet,3163,6826,3375,3248,127,273.9,108.6,165.3
2022,QB,TE,QB_vs_TE,Ryan Tannehill,Cole Kmet,1049,6826,3192,3248,-56,161.2,108.6,52.6
2022,QB,TE,QB_vs_TE,Mac Jones,Cole Kmet,7527,6826,3176,3248,-72,153.9,108.6,45.3
2022,QB,TE,QB_vs_TE,Baker Mayfield,Pat Freiermuth,4892,7600,2969,2940,29,115.9,116.7,-0.8
2022,QB,TE,QB_vs_TE,Davis Mills,Irv Smith,7585,6126,2706,2722,-16,159,39.8,119.2
2022,QB,TE,QB_vs_TE,Davis Mills,Hunter Henry,7585,3214,2706,2646,60,159,76.2,82.8
2022,QB,TE,QB_vs_TE,Davis Mills,Albert Okwuegbunam,7585,6843,2706,2579,127,159,20.5,138.5
2022,QB,TE,QB_vs_TE,Davis Mills,Mike Gesicki,7585,4993,2706,2545,161,159,75.6,83.4
2022,QB,TE,QB_vs_TE,Zach Wilson,Albert Okwuegbunam,7538,6843,2427,2579,-152,97.9,20.5,77.4
2022,QB,TE,QB_vs_TE,Zach Wilson,Mike Gesicki,7538,4993,2427,2545,-118,97.9,75.6,22.3
2022,QB,TE,QB_vs_TE,Zach Wilson,David Njoku,7538,4033,2427,2452,-25,97.9,100.8,-2.9
2022,QB,TE,QB_vs_TE,Zach Wilson,Gerald Everett,7538,4089,2427,2246,181,97.9,102.2,-4.3
2022,QB,TE,QB_vs_TE,Deshaun Watson,Gerald Everett,4017,4089,2202,2246,-44,68,102.2,-34.2
2022,QB,TE,QB_vs_TE,Deshaun Watson,Tyler Higbee,4017,3271,2202,2019,183,68,110.7,-42.7
2022,QB,TE,QB_vs_TE,Marcus Mariota,Gerald Everett,2307,4089,2068,2246,-178,196.6,102.2,94.4
2022,QB,TE,QB_vs_TE,Marcus Mariota,Tyler Higbee,2307,3271,2068,2019,49,196.6,110.7,85.9
2022,QB,TE,QB_vs_TE,Kenny Pickett,Noah Fant,8160,5857,1769,1855,-86,136,93.6,42.4
2022,QB,TE,QB_vs_TE,Kenny Pickett,Evan Engram,8160,4066,1769,1685,84,136,135.7,0.3
2022,QB,TE,QB_vs_TE,Kenny Pickett,Hayden Hurst,8160,4973,1769,1582,187,136,79.5,56.5
2022,QB,TE,QB_vs_TE,Mitchell Trubisky,Noah Fant,3976,5857,1753,1855,-102,73.9,93.6,-19.7
2022,QB,TE,QB_vs_TE,Mitchell Trubisky,Evan Engram,3976,4066,1753,1685,68,73.9,135.7,-61.8
2022,QB,TE,QB_vs_TE,Mitchell Trubisky,Hayden Hurst,3976,4973,1753,1582,171,73.9,79.5,-5.6
2022,QB,TE,QB_vs_TE,Malik Willis,Evan Engram,8161,4066,1522,1685,-163,19.3,135.7,-116.4
2022,QB,TE,QB_vs_TE,Malik Willis,Hayden Hurst,8161,4973,1522,1582,-60,19.3,79.5,-60.2
2022,QB,TE,QB_vs_TE,Malik Willis,Isaiah Likely,8161,8131,1522,1469,53,19.3,59,-39.7
2022,QB,TE,QB_vs_TE,Malik Willis,Austin Hooper,8161,3202,1522,1468,54,19.3,71.1,-51.8
2022,QB,TE,QB_vs_TE,Geno Smith,Hayden Hurst,1373,4973,1402,1582,-180,290.3,79.5,210.8
2022,QB,TE,QB_vs_TE,Geno Smith,Isaiah Likely,1373,8131,1402,1469,-67,290.3,59,231.3
2022,QB,TE,QB_vs_TE,Geno Smith,Austin Hooper,1373,3202,1402,1468,-66,290.3,71.1,219.2
2022,QB,TE,QB_vs_TE,Geno Smith,Brevin Jordan,1373,7568,1402,1310,92,290.3,19.8,270.5
2022,QB,TE,QB_vs_TE,Desmond Ridder,Brevin Jordan,8159,7568,1203,1310,-107,22.9,19.8,3.1
2022,QB,TE,QB_vs_TE,Desmond Ridder,Mo Alie-Cox,8159,4054,1203,1153,50,22.9,37.5,-14.6
2022,QB,TE,QB_vs_TE,Desmond Ridder,Tyler Conklin,8159,5133,1203,1036,167,22.9,100.2,-77.3
2022,QB,TE,QB_vs_TE,Jacoby Brissett,Brevin Jordan,3257,7568,1154,1310,-156,168.6,19.8,148.8
2022,QB,TE,QB_vs_TE,Jacoby Brissett,Mo Alie-Cox,3257,4054,1154,1153,1,168.6,37.5,131.1
2022,QB,TE,QB_vs_TE,Jacoby Brissett,Tyler Conklin,3257,5133,1154,1036,118,168.6,100.2,68.4
2022,QB,TE,QB_vs_TE,Jacoby Brissett,Jonnu Smith,3257,4144,1154,980,174,168.6,38.5,130.1
2022,QB,TE,QB_vs_TE,Jimmy Garoppolo,Mo Alie-Cox,1837,4054,1019,1153,-134,164.8,37.5,127.3
2022,QB,TE,QB_vs_TE,Jimmy Garoppolo,Tyler Conklin,1837,5133,1019,1036,-17,164.8,100.2,64.6
2022,QB,TE,QB_vs_TE,Jimmy Garoppolo,Jonnu Smith,1837,4144,1019,980,39,164.8,38.5,126.3
2022,QB,TE,QB_vs_TE,Jimmy Garoppolo,Taysom Hill,1837,4381,1019,877,142,164.8,138.3,26.5
2022,QB,TE,QB_vs_TE,Jimmy Garoppolo,Daniel Bellinger,1837,8225,1019,868,151,164.8,60,104.8
2022,QB,TE,QB_vs_TE,Tyler Huntley,Tyler Conklin,7083,5133,891,1036,-145,50,100.2,-50.2
2022,QB,TE,QB_vs_TE,Tyler Huntley,Jonnu Smith,7083,4144,891,980,-89,50,38.5,11.5
2022,QB,TE,QB_vs_TE,Tyler Huntley,Taysom Hill,7083,4381,891,877,14,50,138.3,-88.3
2022,QB,TE,QB_vs_TE,Tyler Huntley,Daniel Bellinger,7083,8225,891,868,23,50,60,-10
2022,QB,TE,QB_vs_TE,Tyler Huntley,Trey McBride,7083,8130,891,809,82,50,41.4,8.6
2022,QB,TE,QB_vs_TE,Tyler Huntley,Greg Dulcich,7083,8172,891,726,165,50,69.6,-19.6
2022,QB,TE,QB_vs_TE,Tyler Huntley,Adam Trautman,7083,6869,891,701,190,50,33.4,16.6
2022,QB,TE,QB_vs_TE,Gardner Minshew,Foster Moreau,6011,5985,356,465,-109,36.8,67.2,-30.4
2022,QB,TE,QB_vs_TE,Gardner Minshew,Jelani Woods,6011,8219,356,399,-43,36.8,60.3,-23.5
2022,QB,TE,QB_vs_TE,Gardner Minshew,Cade Otton,6011,8111,356,334,22,36.8,71.1,-34.3
2022,QB,TE,QB_vs_TE,Gardner Minshew,Harrison Bryant,6011,6850,356,326,30,36.8,43.2,-6.4
2022,QB,TE,QB_vs_TE,Gardner Minshew,Chigoziem Okonkwo,6011,8210,356,273,83,36.8,69.5,-32.7
2022,QB,TE,QB_vs_TE,Gardner Minshew,Ian Thomas,6011,4995,356,271,85,36.8,30.2,6.6
2022,QB,TE,QB_vs_TE,Gardner Minshew,Noah Gray,6011,7828,356,190,166,36.8,54.1,-17.3
2022,QB,TE,QB_vs_TE,Gardner Minshew,Kylen Granson,6011,7602,356,177,179,36.8,45.7,-8.9
2022,QB,TE,QB_vs_TE,Jordan Love,Foster Moreau,6804,5985,340,465,-125,11.7,67.2,-55.5
2022,QB,TE,QB_vs_TE,Jordan Love,Jelani Woods,6804,8219,340,399,-59,11.7,60.3,-48.6
2022,QB,TE,QB_vs_TE,Jordan Love,Cade Otton,6804,8111,340,334,6,11.7,71.1,-59.4
2022,QB,TE,QB_vs_TE,Jordan Love,Harrison Bryant,6804,6850,340,326,14,11.7,43.2,-31.5
2022,QB,TE,QB_vs_TE,Jordan Love,Chigoziem Okonkwo,6804,8210,340,273,67,11.7,69.5,-57.8
2022,QB,TE,QB_vs_TE,Jordan Love,Ian Thomas,6804,4995,340,271,69,11.7,30.2,-18.5
2022,QB,TE,QB_vs_TE,Jordan Love,Noah Gray,6804,7828,340,190,150,11.7,54.1,-42.4
2022,QB,TE,QB_vs_TE,Jordan Love,Kylen Granson,6804,7602,340,177,163,11.7,45.7,-34
2022,QB,TE,QB_vs_TE,Jordan Love,Juwan Johnson,6804,7002,340,142,198,11.7,111.2,-99.5
2022,QB,TE,QB_vs_TE,Tyrod Taylor,Foster Moreau,827,5985,310,465,-155,11.3,67.2,-55.9
2022,QB,TE,QB_vs_TE,Tyrod Taylor,Jelani Woods,827,8219,310,399,-89,11.3,60.3,-49
2022,QB,TE,QB_vs_TE,Tyrod Taylor,Cade Otton,827,8111,310,334,-24,11.3,71.1,-59.8
2022,QB,TE,QB_vs_TE,Tyrod Taylor,Harrison Bryant,827,6850,310,326,-16,11.3,43.2,-31.9
2022,QB,TE,QB_vs_TE,Tyrod Taylor,Chigoziem Okonkwo,827,8210,310,273,37,11.3,69.5,-58.2
2022,QB,TE,QB_vs_TE,Tyrod Taylor,Ian Thomas,827,4995,310,271,39,11.3,30.2,-18.9
2022,QB,TE,QB_vs_TE,Tyrod Taylor,Noah Gray,827,7828,310,190,120,11.3,54.1,-42.8
2022,QB,TE,QB_vs_TE,Tyrod Taylor,Kylen Granson,827,7602,310,177,133,11.3,45.7,-34.4
2022,QB,TE,QB_vs_TE,Tyrod Taylor,Juwan Johnson,827,7002,310,142,168,11.3,111.2,-99.9
2022,QB,TE,QB_vs_TE,Tyrod Taylor,Drew Sample,827,6001,310,130,180,11.3,0.8,10.5
2022,QB,TE,QB_vs_TE,Tyrod Taylor,Will Dissly,827,5010,310,118,192,11.3,69.9,-58.6
2022,QB,TE,QB_vs_TE,Tyrod Taylor,John Bates,827,7716,310,111,199,11.3,23.8,-12.5
2022,QB,TE,QB_vs_TE,Sam Darnold,Foster Moreau,4943,5985,294,465,-171,85.4,67.2,18.2
2022,QB,TE,QB_vs_TE,Sam Darnold,Jelani Woods,4943,8219,294,399,-105,85.4,60.3,25.1
2022,QB,TE,QB_vs_TE,Sam Darnold,Cade Otton,4943,8111,294,334,-40,85.4,71.1,14.3
2022,QB,TE,QB_vs_TE,Sam Darnold,Harrison Bryant,4943,6850,294,326,-32,85.4,43.2,42.2
2022,QB,TE,QB_vs_TE,Sam Darnold,Chigoziem Okonkwo,4943,8210,294,273,21,85.4,69.5,15.9
2022,QB,TE,QB_vs_TE,Sam Darnold,Ian Thomas,4943,4995,294,271,23,85.4,30.2,55.2
2022,QB,TE,QB_vs_TE,Sam Darnold,Noah Gray,4943,7828,294,190,104,85.4,54.1,31.3
2022,QB,TE,QB_vs_TE,Sam Darnold,Kylen Granson,4943,7602,294,177,117,85.4,45.7,39.7
2022,QB,TE,QB_vs_TE,Sam Darnold,Juwan Johnson,4943,7002,294,142,152,85.4,111.2,-25.8
2022,QB,TE,QB_vs_TE,Sam Darnold,Drew Sample,4943,6001,294,130,164,85.4,0.8,84.6
2022,QB,TE,QB_vs_TE,Sam Darnold,Will Dissly,4943,5010,294,118,176,85.4,69.9,15.5
2022,QB,TE,QB_vs_TE,Sam Darnold,John Bates,4943,7716,294,111,183,85.4,23.8,61.6
2022,QB,TE,QB_vs_TE,Taylor Heinicke,Cade Otton,2711,8111,176,334,-158,116,71.1,44.9
2022,QB,TE,QB_vs_TE,Taylor Heinicke,Harrison Bryant,2711,6850,176,326,-150,116,43.2,72.8
2022,QB,TE,QB_vs_TE,Taylor Heinicke,Chigoziem Okonkwo,2711,8210,176,273,-97,116,69.5,46.5
2022,QB,TE,QB_vs_TE,Taylor Heinicke,Ian Thomas,2711,4995,176,271,-95,116,30.2,85.8
2022,QB,TE,QB_vs_TE,Taylor Heinicke,Noah Gray,2711,7828,176,190,-14,116,54.1,61.9
2022,QB,TE,QB_vs_TE,Taylor Heinicke,Kylen Granson,2711,7602,176,177,-1,116,45.7,70.3
2022,QB,TE,QB_vs_TE,Taylor Heinicke,Juwan Johnson,2711,7002,176,142,34,116,111.2,4.8
2022,QB,TE,QB_vs_TE,Taylor Heinicke,Drew Sample,2711,6001,176,130,46,116,0.8,115.2
2022,QB,TE,QB_vs_TE,Taylor Heinicke,Will Dissly,2711,5010,176,118,58,116,69.9,46.1
2022,QB,TE,QB_vs_TE,Taylor Heinicke,John Bates,2711,7716,176,111,65,116,23.8,92.2
2022,QB,TE,QB_vs_TE,Taylor Heinicke,Josh Oliver,2711,5973,176,75,101,116,33.9,82.1
2022,QB,TE,QB_vs_TE,Mike White,Cade Otton,5089,8111,172,334,-162,56.6,71.1,-14.5
2022,QB,TE,QB_vs_TE,Mike White,Harrison Bryant,5089,6850,172,326,-154,56.6,43.2,13.4
2022,QB,TE,QB_vs_TE,Mike White,Chigoziem Okonkwo,5089,8210,172,273,-101,56.6,69.5,-12.9
2022,QB,TE,QB_vs_TE,Mike White,Ian Thomas,5089,4995,172,271,-99,56.6,30.2,26.4
2022,QB,TE,QB_vs_TE,Mike White,Noah Gray,5089,7828,172,190,-18,56.6,54.1,2.5
2022,QB,TE,QB_vs_TE,Mike White,Kylen Granson,5089,7602,172,177,-5,56.6,45.7,10.9
2022,QB,TE,QB_vs_TE,Mike White,Juwan Johnson,5089,7002,172,142,30,56.6,111.2,-54.6
2022,QB,TE,QB_vs_TE,Mike White,Drew Sample,5089,6001,172,130,42,56.6,0.8,55.8
2022,QB,TE,QB_vs_TE,Mike White,Will Dissly,5089,5010,172,118,54,56.6,69.9,-13.3
2022,QB,TE,QB_vs_TE,Mike White,John Bates,5089,7716,172,111,61,56.6,23.8,32.8
2022,QB,TE,QB_vs_TE,Mike White,Josh Oliver,5089,5973,172,75,97,56.6,33.9,22.7
2022,QB,TE,QB_vs_TE,Bailey Zappe,Cade Otton,8157,8111,166,334,-168,38.6,71.1,-32.5
2022,QB,TE,QB_vs_TE,Bailey Zappe,Harrison Bryant,8157,6850,166,326,-160,38.6,43.2,-4.6
2022,QB,TE,QB_vs_TE,Bailey Zappe,Chigoziem Okonkwo,8157,8210,166,273,-107,38.6,69.5,-30.9
2022,QB,TE,QB_vs_TE,Bailey Zappe,Ian Thomas,8157,4995,166,271,-105,38.6,30.2,8.4
2022,QB,TE,QB_vs_TE,Bailey Zappe,Noah Gray,8157,7828,166,190,-24,38.6,54.1,-15.5
2022,QB,TE,QB_vs_TE,Bailey Zappe,Kylen Granson,8157,7602,166,177,-11,38.6,45.7,-7.1
2022,QB,TE,QB_vs_TE,Bailey Zappe,Juwan Johnson,8157,7002,166,142,24,38.6,111.2,-72.6
2022,QB,TE,QB_vs_TE,Bailey Zappe,Drew Sample,8157,6001,166,130,36,38.6,0.8,37.8
2022,QB,TE,QB_vs_TE,Bailey Zappe,Will Dissly,8157,5010,166,118,48,38.6,69.9,-31.3
2022,QB,TE,QB_vs_TE,Bailey Zappe,John Bates,8157,7716,166,111,55,38.6,23.8,14.8
2022,QB,TE,QB_vs_TE,Bailey Zappe,Josh Oliver,8157,5973,166,75,91,38.6,33.9,4.7
2022,RB,WR,RB_vs_WR,Jonathan Taylor,Cooper Kupp,6813,4039,8442,8423,19,118.4,126.4,-8
2022,RB,WR,RB_vs_WR,Christian McCaffrey,Ja'Marr Chase,4034,7564,7125,6966,159,257.5,140.8,116.7
2022,RB,WR,RB_vs_WR,Austin Ekeler,Stefon Diggs,4663,2449,6254,6153,101,260.7,194.8,65.9
2022,RB,WR,RB_vs_WR,Dalvin Cook,Stefon Diggs,4029,2449,6068,6153,-85,197.1,194.8,2.3
2022,RB,WR,RB_vs_WR,Dalvin Cook,Davante Adams,4029,2133,6068,5894,174,197.1,228.2,-31.1
2022,RB,WR,RB_vs_WR,Dalvin Cook,Deebo Samuel,4029,5872,6068,5892,176,197.1,110,87.1
2022,RB,WR,RB_vs_WR,Najee Harris,Davante Adams,7528,2133,5897,5894,3,169.5,228.2,-58.7
2022,RB,WR,RB_vs_WR,Najee Harris,Deebo Samuel,7528,5872,5897,5892,5,169.5,110,59.5
2022,RB,WR,RB_vs_WR,Derrick Henry,CeeDee Lamb,3198,6786,5551,5661,-110,257,183.4,73.6
2022,RB,WR,RB_vs_WR,Derrick Henry,Tyreek Hill,3198,3321,5551,5512,39,257,225.9,31.1
2022,RB,WR,RB_vs_WR,Derrick Henry,A.J. Brown,3198,5859,5551,5500,51,257,202.1,54.9
2022,RB,WR,RB_vs_WR,Derrick Henry,Mike Evans,3198,2216,5551,5452,99,257,148.4,108.6
2022,RB,WR,RB_vs_WR,Derrick Henry,Keenan Allen,3198,1479,5551,5409,142,257,75.8,181.2
2022,RB,WR,RB_vs_WR,Joe Mixon,Tyreek Hill,4018,3321,5345,5512,-167,167.9,225.9,-58
2022,RB,WR,RB_vs_WR,Joe Mixon,A.J. Brown,4018,5859,5345,5500,-155,167.9,202.1,-34.2
2022,RB,WR,RB_vs_WR,Joe Mixon,Mike Evans,4018,2216,5345,5452,-107,167.9,148.4,19.5
2022,RB,WR,RB_vs_WR,Joe Mixon,Keenan Allen,4018,1479,5345,5409,-64,167.9,75.8,92.1
2022,RB,WR,RB_vs_WR,Alvin Kamara,Michael Pittman,4035,6819,5164,5008,156,143.7,108.5,35.2
2022,RB,WR,RB_vs_WR,Javonte Williams,Michael Pittman,7588,6819,5103,5008,95,26,108.5,-82.5
2022,RB,WR,RB_vs_WR,Javonte Williams,Tee Higgins,7588,6801,5103,4948,155,26,147.5,-121.5
2022,RB,WR,RB_vs_WR,Javonte Williams,Courtland Sutton,7588,5045,5103,4933,170,26,86.1,-60.1
2022,RB,WR,RB_vs_WR,Saquon Barkley,Michael Pittman,4866,6819,5070,5008,62,227,108.5,118.5
2022,RB,WR,RB_vs_WR,Saquon Barkley,Tee Higgins,4866,6801,5070,4948,122,227,147.5,79.5
2022,RB,WR,RB_vs_WR,Saquon Barkley,Courtland Sutton,4866,5045,5070,4933,137,227,86.1,140.9
2022,RB,WR,RB_vs_WR,Saquon Barkley,D.J. Moore,4866,4983,5070,4901,169,227,135.1,91.9
2022,RB,WR,RB_vs_WR,D'Andre Swift,Michael Pittman,6790,6819,4903,5008,-105,134.5,108.5,26
2022,RB,WR,RB_vs_WR,D'Andre Swift,Tee Higgins,6790,6801,4903,4948,-45,134.5,147.5,-13
2022,RB,WR,RB_vs_WR,D'Andre Swift,Courtland Sutton,6790,5045,4903,4933,-30,134.5,86.1,48.4
2022,RB,WR,RB_vs_WR,D'Andre Swift,D.J. Moore,6790,4983,4903,4901,2,134.5,135.1,-0.6
2022,RB,WR,RB_vs_WR,D'Andre Swift,Mike Williams,6790,4068,4903,4832,71,134.5,110.3,24.2
2022,RB,WR,RB_vs_WR,Nick Chubb,Tee Higgins,4988,6801,4778,4948,-170,236.2,147.5,88.7
2022,RB,WR,RB_vs_WR,Nick Chubb,Courtland Sutton,4988,5045,4778,4933,-155,236.2,86.1,150.1
2022,RB,WR,RB_vs_WR,Nick Chubb,D.J. Moore,4988,4983,4778,4901,-123,236.2,135.1,101.1
2022,RB,WR,RB_vs_WR,Nick Chubb,Mike Williams,4988,4068,4778,4832,-54,236.2,110.3,125.9
2022,RB,WR,RB_vs_WR,Nick Chubb,Jaylen Waddle,4988,7526,4778,4600,178,236.2,178.9,57.3
2022,RB,WR,RB_vs_WR,James Conner,Mike Williams,4137,4068,4636,4832,-196,154.2,110.3,43.9
2022,RB,WR,RB_vs_WR,James Conner,Jaylen Waddle,4137,7526,4636,4600,36,154.2,178.9,-24.7
2022,RB,WR,RB_vs_WR,James Conner,Marquise Brown,4137,5848,4636,4576,60,154.2,88.3,65.9
2022,RB,WR,RB_vs_WR,James Conner,Amon-Ra St. Brown,4137,7547,4636,4566,70,154.2,156.7,-2.5
2022,RB,WR,RB_vs_WR,James Conner,Terry McLaurin,4137,5927,4636,4537,99,154.2,138.6,15.6
2022,RB,WR,RB_vs_WR,James Conner,Chris Godwin,4137,4037,4636,4474,162,154.2,115.3,38.9
2022,RB,WR,RB_vs_WR,James Conner,Darnell Mooney,4137,7090,4636,4466,170,154.2,61.5,92.7
2022,RB,WR,RB_vs_WR,James Conner,Diontae Johnson,4137,5937,4636,4456,180,154.2,88.9,65.3
2022,RB,WR,RB_vs_WR,Aaron Jones,Jaylen Waddle,4199,7526,4549,4600,-51,184.8,178.9,5.9
2022,RB,WR,RB_vs_WR,Aaron Jones,Marquise Brown,4199,5848,4549,4576,-27,184.8,88.3,96.5
2022,RB,WR,RB_vs_WR,Aaron Jones,Amon-Ra St. Brown,4199,7547,4549,4566,-17,184.8,156.7,28.1
2022,RB,WR,RB_vs_WR,Aaron Jones,Terry McLaurin,4199,5927,4549,4537,12,184.8,138.6,46.2
2022,RB,WR,RB_vs_WR,Aaron Jones,Chris Godwin,4199,4037,4549,4474,75,184.8,115.3,69.5
2022,RB,WR,RB_vs_WR,Aaron Jones,Darnell Mooney,4199,7090,4549,4466,83,184.8,61.5,123.3
2022,RB,WR,RB_vs_WR,Aaron Jones,Diontae Johnson,4199,5937,4549,4456,93,184.8,88.9,95.9
2022,RB,WR,RB_vs_WR,Aaron Jones,Brandin Cooks,4199,2197,4549,4405,144,184.8,72,112.8
2022,RB,WR,RB_vs_WR,Travis Etienne,Jaylen Waddle,7543,7526,4439,4600,-161,166.7,178.9,-12.2
2022,RB,WR,RB_vs_WR,Travis Etienne,Marquise Brown,7543,5848,4439,4576,-137,166.7,88.3,78.4
2022,RB,WR,RB_vs_WR,Travis Etienne,Amon-Ra St. Brown,7543,7547,4439,4566,-127,166.7,156.7,10
2022,RB,WR,RB_vs_WR,Travis Etienne,Terry McLaurin,7543,5927,4439,4537,-98,166.7,138.6,28.1
2022,RB,WR,RB_vs_WR,Travis Etienne,Chris Godwin,7543,4037,4439,4474,-35,166.7,115.3,51.4
2022,RB,WR,RB_vs_WR,Travis Etienne,Darnell Mooney,7543,7090,4439,4466,-27,166.7,61.5,105.2
2022,RB,WR,RB_vs_WR,Travis Etienne,Diontae Johnson,7543,5937,4439,4456,-17,166.7,88.9,77.8
2022,RB,WR,RB_vs_WR,Travis Etienne,Brandin Cooks,7543,2197,4439,4405,34,166.7,72,94.7
2022,RB,WR,RB_vs_WR,Travis Etienne,Allen Lazard,7543,5185,4439,4308,131,166.7,104.7,62
2022,RB,WR,RB_vs_WR,Travis Etienne,DK Metcalf,7543,5846,4439,4300,139,166.7,132.8,33.9
2022,RB,WR,RB_vs_WR,Travis Etienne,Michael Thomas,7543,3199,4439,4285,154,166.7,35.1,131.6
2022,RB,WR,RB_vs_WR,Ezekiel Elliott,Terry McLaurin,3164,5927,4355,4537,-182,167.8,138.6,29.2
2022,RB,WR,RB_vs_WR,Ezekiel Elliott,Chris Godwin,3164,4037,4355,4474,-119,167.8,115.3,52.5
2022,RB,WR,RB_vs_WR,Ezekiel Elliott,Darnell Mooney,3164,7090,4355,4466,-111,167.8,61.5,106.3
2022,RB,WR,RB_vs_WR,Ezekiel Elliott,Diontae Johnson,3164,5937,4355,4456,-101,167.8,88.9,78.9
2022,RB,WR,RB_vs_WR,Ezekiel Elliott,Brandin Cooks,3164,2197,4355,4405,-50,167.8,72,95.8
2022,RB,WR,RB_vs_WR,Ezekiel Elliott,Allen Lazard,3164,5185,4355,4308,47,167.8,104.7,63.1
2022,RB,WR,RB_vs_WR,Ezekiel Elliott,DK Metcalf,3164,5846,4355,4300,55,167.8,132.8,35
2022,RB,WR,RB_vs_WR,Ezekiel Elliott,Michael Thomas,3164,3199,4355,4285,70,167.8,35.1,132.7
2022,RB,WR,RB_vs_WR,Ezekiel Elliott,JuJu Smith-Schuster,3164,4040,4355,4196,159,167.8,103.8,64
2022,RB,WR,RB_vs_WR,Cam Akers,Chris Godwin,6938,4037,4304,4474,-170,115.5,115.3,0.2
2022,RB,WR,RB_vs_WR,Cam Akers,Darnell Mooney,6938,7090,4304,4466,-162,115.5,61.5,54
2022,RB,WR,RB_vs_WR,Cam Akers,Diontae Johnson,6938,5937,4304,4456,-152,115.5,88.9,26.6
2022,RB,WR,RB_vs_WR,Cam Akers,Brandin Cooks,6938,2197,4304,4405,-101,115.5,72,43.5
2022,RB,WR,RB_vs_WR,Cam Akers,Allen Lazard,6938,5185,4304,4308,-4,115.5,104.7,10.8
2022,RB,WR,RB_vs_WR,Cam Akers,DK Metcalf,6938,5846,4304,4300,4,115.5,132.8,-17.3
2022,RB,WR,RB_vs_WR,Cam Akers,Michael Thomas,6938,3199,4304,4285,19,115.5,35.1,80.4
2022,RB,WR,RB_vs_WR,Cam Akers,JuJu Smith-Schuster,6938,4040,4304,4196,108,115.5,103.8,11.7
2022,RB,WR,RB_vs_WR,Cam Akers,Rashod Bateman,6938,7571,4304,4152,152,115.5,38.5,77
2022,RB,WR,RB_vs_WR,Cam Akers,Jerry Jeudy,6938,6783,4304,4146,158,115.5,117.9,-2.4
2022,RB,WR,RB_vs_WR,Cam Akers,Adam Thielen,6938,1689,4304,4127,177,115.5,102.8,12.7
2022,RB,WR,RB_vs_WR,David Montgomery,Michael Thomas,5892,3199,4089,4285,-196,141.6,35.1,106.5
2022,RB,WR,RB_vs_WR,David Montgomery,JuJu Smith-Schuster,5892,4040,4089,4196,-107,141.6,103.8,37.8
2022,RB,WR,RB_vs_WR,David Montgomery,Rashod Bateman,5892,7571,4089,4152,-63,141.6,38.5,103.1
2022,RB,WR,RB_vs_WR,David Montgomery,Jerry Jeudy,5892,6783,4089,4146,-57,141.6,117.9,23.7
2022,RB,WR,RB_vs_WR,David Montgomery,Adam Thielen,5892,1689,4089,4127,-38,141.6,102.8,38.8
2022,RB,WR,RB_vs_WR,David Montgomery,Elijah Moore,5892,7596,4089,3997,92,141.6,50,91.6
2022,RB,WR,RB_vs_WR,David Montgomery,Brandon Aiyuk,5892,6803,4089,3932,157,141.6,143.9,-2.3
2022,RB,WR,RB_vs_WR,David Montgomery,DeVonta Smith,5892,7525,4089,3895,194,141.6,152.9,-11.3
2022,RB,WR,RB_vs_WR,Dameon Pierce,Elijah Moore,8129,7596,3924,3997,-73,136.4,50,86.4
2022,RB,WR,RB_vs_WR,Dameon Pierce,Brandon Aiyuk,8129,6803,3924,3932,-8,136.4,143.9,-7.5
2022,RB,WR,RB_vs_WR,Dameon Pierce,DeVonta Smith,8129,7525,3924,3895,29,136.4,152.9,-16.5
2022,RB,WR,RB_vs_WR,Breece Hall,Elijah Moore,8155,7596,3903,3997,-94,96.1,50,46.1
2022,RB,WR,RB_vs_WR,Breece Hall,Brandon Aiyuk,8155,6803,3903,3932,-29,96.1,143.9,-47.8
2022,RB,WR,RB_vs_WR,Breece Hall,DeVonta Smith,8155,7525,3903,3895,8,96.1,152.9,-56.8
2022,RB,WR,RB_vs_WR,Breece Hall,DeAndre Hopkins,8155,1426,3903,3708,195,96.1,87.7,8.4
2022,RB,WR,RB_vs_WR,J.K. Dobbins,DeAndre Hopkins,6806,1426,3678,3708,-30,74.2,87.7,-13.5
2022,RB,WR,RB_vs_WR,J.K. Dobbins,Christian Kirk,6806,4950,3678,3591,87,74.2,142,-67.8
2022,RB,WR,RB_vs_WR,J.K. Dobbins,Amari Cooper,6806,2309,3678,3580,98,74.2,162.9,-88.7
2022,RB,WR,RB_vs_WR,AJ Dillon,DeAndre Hopkins,6828,1426,3607,3708,-101,136.3,87.7,48.6
2022,RB,WR,RB_vs_WR,AJ Dillon,Christian Kirk,6828,4950,3607,3591,16,136.3,142,-5.7
2022,RB,WR,RB_vs_WR,AJ Dillon,Amari Cooper,6828,2309,3607,3580,27,136.3,162.9,-26.6
2022,RB,WR,RB_vs_WR,AJ Dillon,Treylon Burks,6828,8135,3607,3466,141,136.3,59.2,77.1
2022,RB,WR,RB_vs_WR,AJ Dillon,Drake London,6828,8112,3607,3430,177,136.3,94.6,41.7
2022,RB,WR,RB_vs_WR,Elijah Mitchell,DeAndre Hopkins,7561,1426,3542,3708,-166,23.1,87.7,-64.6
2022,RB,WR,RB_vs_WR,Elijah Mitchell,Christian Kirk,7561,4950,3542,3591,-49,23.1,142,-118.9
2022,RB,WR,RB_vs_WR,Elijah Mitchell,Amari Cooper,7561,2309,3542,3580,-38,23.1,162.9,-139.8
2022,RB,WR,RB_vs_WR,Elijah Mitchell,Treylon Burks,7561,8135,3542,3466,76,23.1,59.2,-36.1
2022,RB,WR,RB_vs_WR,Elijah Mitchell,Drake London,7561,8112,3542,3430,112,23.1,94.6,-71.5
2022,RB,WR,RB_vs_WR,Tony Pollard,Christian Kirk,5967,4950,3505,3591,-86,207.9,142,65.9
2022,RB,WR,RB_vs_WR,Tony Pollard,Amari Cooper,5967,2309,3505,3580,-75,207.9,162.9,45
2022,RB,WR,RB_vs_WR,Tony Pollard,Treylon Burks,5967,8135,3505,3466,39,207.9,59.2,148.7
2022,RB,WR,RB_vs_WR,Tony Pollard,Drake London,5967,8112,3505,3430,75,207.9,94.6,113.3
2022,RB,WR,RB_vs_WR,Josh Jacobs,Christian Kirk,5850,4950,3499,3591,-92,270.3,142,128.3
2022,RB,WR,RB_vs_WR,Josh Jacobs,Amari Cooper,5850,2309,3499,3580,-81,270.3,162.9,107.4
2022,RB,WR,RB_vs_WR,Josh Jacobs,Treylon Burks,5850,8135,3499,3466,33,270.3,59.2,211.1
2022,RB,WR,RB_vs_WR,Josh Jacobs,Drake London,5850,8112,3499,3430,69,270.3,94.6,175.7
2022,RB,WR,RB_vs_WR,Chase Edmonds,Treylon Burks,5000,8135,3366,3466,-100,53.7,59.2,-5.5
2022,RB,WR,RB_vs_WR,Chase Edmonds,Drake London,5000,8112,3366,3430,-64,53.7,94.6,-40.9
2022,RB,WR,RB_vs_WR,Chase Edmonds,Chris Olave,5000,8144,3366,3296,70,53.7,116.2,-62.5
2022,RB,WR,RB_vs_WR,Chase Edmonds,Michael Gallup,5000,5038,3366,3210,156,53.7,65.4,-11.7
2022,RB,WR,RB_vs_WR,Rhamondre Stevenson,Treylon Burks,7611,8135,3322,3466,-144,171.9,59.2,112.7
2022,RB,WR,RB_vs_WR,Rhamondre Stevenson,Drake London,7611,8112,3322,3430,-108,171.9,94.6,77.3
2022,RB,WR,RB_vs_WR,Rhamondre Stevenson,Chris Olave,7611,8144,3322,3296,26,171.9,116.2,55.7
2022,RB,WR,RB_vs_WR,Rhamondre Stevenson,Michael Gallup,7611,5038,3322,3210,112,171.9,65.4,106.5
2022,RB,WR,RB_vs_WR,Rhamondre Stevenson,Robert Woods,7611,1352,3322,3129,193,171.9,58.7,113.2
2022,RB,WR,RB_vs_WR,Antonio Gibson,Michael Gallup,6945,5038,3095,3210,-115,119.9,65.4,54.5
2022,RB,WR,RB_vs_WR,Antonio Gibson,Robert Woods,6945,1352,3095,3129,-34,119.9,58.7,61.2
2022,RB,WR,RB_vs_WR,Antonio Gibson,Skyy Moore,6945,8168,3095,3103,-8,119.9,21.4,98.5
2022,RB,WR,RB_vs_WR,Antonio Gibson,Hunter Renfrow,6945,5955,3095,3050,45,119.9,30.7,89.2
2022,RB,WR,RB_vs_WR,Antonio Gibson,Kadarius Toney,6945,7606,3095,2926,169,119.9,30.9,89
2022,RB,WR,RB_vs_WR,Rashaad Penny,Michael Gallup,4985,5038,3074,3210,-136,48.2,65.4,-17.2
2022,RB,WR,RB_vs_WR,Rashaad Penny,Robert Woods,4985,1352,3074,3129,-55,48.2,58.7,-10.5
2022,RB,WR,RB_vs_WR,Rashaad Penny,Skyy Moore,4985,8168,3074,3103,-29,48.2,21.4,26.8
2022,RB,WR,RB_vs_WR,Rashaad Penny,Hunter Renfrow,4985,5955,3074,3050,24,48.2,30.7,17.5
2022,RB,WR,RB_vs_WR,Rashaad Penny,Kadarius Toney,4985,7606,3074,2926,148,48.2,30.9,17.3
2022,RB,WR,RB_vs_WR,Clyde Edwards-Helaire,Michael Gallup,6820,5038,3043,3210,-167,81.3,65.4,15.9
2022,RB,WR,RB_vs_WR,Clyde Edwards-Helaire,Robert Woods,6820,1352,3043,3129,-86,81.3,58.7,22.6
2022,RB,WR,RB_vs_WR,Clyde Edwards-Helaire,Skyy Moore,6820,8168,3043,3103,-60,81.3,21.4,59.9
2022,RB,WR,RB_vs_WR,Clyde Edwards-Helaire,Hunter Renfrow,6820,5955,3043,3050,-7,81.3,30.7,50.6
2022,RB,WR,RB_vs_WR,Clyde Edwards-Helaire,Kadarius Toney,6820,7606,3043,2926,117,81.3,30.9,50.4
2022,RB,WR,RB_vs_WR,Devin Singletary,Skyy Moore,6130,8168,2908,3103,-195,139,21.4,117.6
2022,RB,WR,RB_vs_WR,Devin Singletary,Hunter Renfrow,6130,5955,2908,3050,-142,139,30.7,108.3
2022,RB,WR,RB_vs_WR,Devin Singletary,Kadarius Toney,6130,7606,2908,2926,-18,139,30.9,108.1
2022,RB,WR,RB_vs_WR,Devin Singletary,Jakobi Meyers,6130,5947,2908,2795,113,139,104.1,34.9
2022,RB,WR,RB_vs_WR,Devin Singletary,Tyler Lockett,6130,2374,2908,2713,195,139,141.9,-2.9
2022,RB,WR,RB_vs_WR,Cordarrelle Patterson,Kadarius Toney,1535,7606,2781,2926,-145,125.8,30.9,94.9
2022,RB,WR,RB_vs_WR,Cordarrelle Patterson,Jakobi Meyers,1535,5947,2781,2795,-14,125.8,104.1,21.7
2022,RB,WR,RB_vs_WR,Cordarrelle Patterson,Tyler Lockett,1535,2374,2781,2713,68,125.8,141.9,-16.1
2022,RB,WR,RB_vs_WR,Cordarrelle Patterson,D.J. Chark,1535,4951,2781,2644,137,125.8,66.8,59
2022,RB,WR,RB_vs_WR,Kareem Hunt,Kadarius Toney,4098,7606,2770,2926,-156,89,30.9,58.1
2022,RB,WR,RB_vs_WR,Kareem Hunt,Jakobi Meyers,4098,5947,2770,2795,-25,89,104.1,-15.1
2022,RB,WR,RB_vs_WR,Kareem Hunt,Tyler Lockett,4098,2374,2770,2713,57,89,141.9,-52.9
2022,RB,WR,RB_vs_WR,Kareem Hunt,D.J. Chark,4098,4951,2770,2644,126,89,66.8,22.2
2022,RB,WR,RB_vs_WR,James Cook,Jakobi Meyers,8138,5947,2668,2795,-127,81.4,104.1,-22.7
2022,RB,WR,RB_vs_WR,James Cook,Tyler Lockett,8138,2374,2668,2713,-45,81.4,141.9,-60.5
2022,RB,WR,RB_vs_WR,James Cook,D.J. Chark,8138,4951,2668,2644,24,81.4,66.8,14.6
2022,RB,WR,RB_vs_WR,James Cook,Tyler Boyd,8138,3225,2668,2534,134,81.4,111.4,-30
2022,RB,WR,RB_vs_WR,Rachaad White,Tyler Lockett,8136,2374,2556,2713,-157,87.6,141.9,-54.3
2022,RB,WR,RB_vs_WR,Rachaad White,D.J. Chark,8136,4951,2556,2644,-88,87.6,66.8,20.8
2022,RB,WR,RB_vs_WR,Rachaad White,Tyler Boyd,8136,3225,2556,2534,22,87.6,111.4,-23.8
2022,RB,WR,RB_vs_WR,Rachaad White,George Pickens,8136,8137,2556,2464,92,87.6,101.3,-13.7
2022,RB,WR,RB_vs_WR,Rachaad White,Chase Claypool,8136,6886,2556,2433,123,87.6,56.1,31.5
2022,RB,WR,RB_vs_WR,Kenneth Walker III,D.J. Chark,8151,4951,2480,2644,-164,163.1,66.8,96.3
2022,RB,WR,RB_vs_WR,Kenneth Walker III,Tyler Boyd,8151,3225,2480,2534,-54,163.1,111.4,51.7
2022,RB,WR,RB_vs_WR,Kenneth Walker III,George Pickens,8151,8137,2480,2464,16,163.1,101.3,61.8
2022,RB,WR,RB_vs_WR,Kenneth Walker III,Chase Claypool,8151,6886,2480,2433,47,163.1,56.1,107
2022,RB,WR,RB_vs_WR,Kenneth Walker III,Jahan Dotson,8151,8119,2480,2321,159,163.1,88.4,74.7
2022,RB,WR,RB_vs_WR,Miles Sanders,Tyler Boyd,6151,3225,2361,2534,-173,193.4,111.4,82
2022,RB,WR,RB_vs_WR,Miles Sanders,George Pickens,6151,8137,2361,2464,-103,193.4,101.3,92.1
2022,RB,WR,RB_vs_WR,Miles Sanders,Chase Claypool,6151,6886,2361,2433,-72,193.4,56.1,137.3
2022,RB,WR,RB_vs_WR,Miles Sanders,Jahan Dotson,6151,8119,2361,2321,40,193.4,88.4,105
2022,RB,WR,RB_vs_WR,Kenneth Gainwell,Jahan Dotson,7567,8119,2190,2321,-131,60.7,88.4,-27.7
2022,RB,WR,RB_vs_WR,Kenneth Gainwell,Marquez Valdes-Scantling,7567,5086,2190,2127,63,60.7,77.7,-17
2022,RB,WR,RB_vs_WR,Kenneth Gainwell,Nico Collins,7567,7569,2190,2113,77,60.7,60.1,0.6
2022,RB,WR,RB_vs_WR,Tyler Allgeier,Garrett Wilson,8132,8146,1883,1986,-103,129.9,123.8,6.1
2022,RB,WR,RB_vs_WR,Tyler Allgeier,Romeo Doubs,8132,8121,1883,1785,98,129.9,59.6,70.3
2022,RB,WR,RB_vs_WR,Michael Carter,Romeo Doubs,7607,8121,1762,1785,-23,84.5,59.6,24.9
2022,RB,WR,RB_vs_WR,Michael Carter,Isaiah McKenzie,7607,4197,1762,1596,166,84.5,75.9,8.6
2022,RB,WR,RB_vs_WR,Michael Carter,Alec Pierce,7607,8142,1762,1576,186,84.5,67.1,17.4
2022,RB,WR,RB_vs_WR,James Robinson,Romeo Doubs,6955,8121,1738,1785,-47,77.6,59.6,18
2022,RB,WR,RB_vs_WR,James Robinson,Isaiah McKenzie,6955,4197,1738,1596,142,77.6,75.9,1.7
2022,RB,WR,RB_vs_WR,James Robinson,Alec Pierce,6955,8142,1738,1576,162,77.6,67.1,10.5
2022,RB,WR,RB_vs_WR,Khalil Herbert,Isaiah McKenzie,7608,4197,1583,1596,-13,103.9,75.9,28
2022,RB,WR,RB_vs_WR,Khalil Herbert,Alec Pierce,7608,8142,1583,1576,7,103.9,67.1,36.8
2022,RB,WR,RB_vs_WR,Khalil Herbert,Mecole Hardman,7608,5917,1583,1393,190,103.9,68.8,35.1
2022,RB,WR,RB_vs_WR,Alexander Mattison,Isaiah McKenzie,5987,4197,1423,1596,-173,55.4,75.9,-20.5
2022,RB,WR,RB_vs_WR,Alexander Mattison,Alec Pierce,5987,8142,1423,1576,-153,55.4,67.1,-11.7
2022,RB,WR,RB_vs_WR,Alexander Mattison,Mecole Hardman,5987,5917,1423,1393,30,55.4,68.8,-13.4
2022,RB,WR,RB_vs_WR,Alexander Mattison,Jameson Williams,5987,8148,1423,1374,49,55.4,14.1,41.3
2022,RB,WR,RB_vs_WR,Alexander Mattison,Jalen Tolbert,5987,8117,1423,1326,97,55.4,1.2,54.2
2022,RB,WR,RB_vs_WR,Alexander Mattison,Wan'Dale Robinson,5987,8126,1423,1256,167,55.4,28.6,26.8
2022,RB,WR,RB_vs_WR,Jamaal Williams,Isaiah McKenzie,4149,4197,1399,1596,-197,194.7,75.9,118.8
2022,RB,WR,RB_vs_WR,Jamaal Williams,Alec Pierce,4149,8142,1399,1576,-177,194.7,67.1,127.6
2022,RB,WR,RB_vs_WR,Jamaal Williams,Mecole Hardman,4149,5917,1399,1393,6,194.7,68.8,125.9
2022,RB,WR,RB_vs_WR,Jamaal Williams,Jameson Williams,4149,8148,1399,1374,25,194.7,14.1,180.6
2022,RB,WR,RB_vs_WR,Jamaal Williams,Jalen Tolbert,4149,8117,1399,1326,73,194.7,1.2,193.5
2022,RB,WR,RB_vs_WR,Jamaal Williams,Wan'Dale Robinson,4149,8126,1399,1256,143,194.7,28.6,166.1
2022,RB,WR,RB_vs_WR,Jamaal Williams,K.J. Osborn,4149,7066,1399,1202,197,194.7,83.9,110.8
2022,RB,WR,RB_vs_WR,Zamir White,Wan'Dale Robinson,8139,8126,1111,1256,-145,6.6,28.6,-22
2022,RB,WR,RB_vs_WR,Zamir White,K.J. Osborn,8139,7066,1111,1202,-91,6.6,83.9,-77.3
2022,RB,WR,RB_vs_WR,Zamir White,Parris Campbell,8139,5880,1111,1070,41,6.6,79.3,-72.7
2022,RB,WR,RB_vs_WR,Zamir White,DeVante Parker,8139,2319,1111,1018,93,6.6,52,-45.4
2022,RB,WR,RB_vs_WR,Zamir White,Christian Watson,8139,8167,1111,964,147,6.6,111.5,-104.9
2022,RB,WR,RB_vs_WR,Isiah Pacheco,K.J. Osborn,8205,7066,1019,1202,-183,109.6,83.9,25.7
2022,RB,WR,RB_vs_WR,Isiah Pacheco,Parris Campbell,8205,5880,1019,1070,-51,109.6,79.3,30.3
2022,RB,WR,RB_vs_WR,Isiah Pacheco,DeVante Parker,8205,2319,1019,1018,1,109.6,52,57.6
2022,RB,WR,RB_vs_WR,Isiah Pacheco,Christian Watson,8205,8167,1019,964,55,109.6,111.5,-1.9
2022,RB,WR,RB_vs_WR,Isiah Pacheco,David Bell,8205,8118,1019,831,188,109.6,21.4,88.2
2022,RB,WR,RB_vs_WR,Raheem Mostert,K.J. Osborn,2749,7066,1018,1202,-184,131.2,83.9,47.3
2022,RB,WR,RB_vs_WR,Raheem Mostert,Parris Campbell,2749,5880,1018,1070,-52,131.2,79.3,51.9
2022,RB,WR,RB_vs_WR,Raheem Mostert,DeVante Parker,2749,2319,1018,1018,0,131.2,52,79.2
2022,RB,WR,RB_vs_WR,Raheem Mostert,Christian Watson,2749,8167,1018,964,54,131.2,111.5,19.7
2022,RB,WR,RB_vs_WR,Raheem Mostert,David Bell,2749,8118,1018,831,187,131.2,21.4,109.8
2022,RB,WR,RB_vs_WR,Jerick McKinnon,Parris Campbell,2161,5880,872,1070,-198,133.7,79.3,54.4
2022,RB,WR,RB_vs_WR,Jerick McKinnon,DeVante Parker,2161,2319,872,1018,-146,133.7,52,81.7
2022,RB,WR,RB_vs_WR,Jerick McKinnon,Christian Watson,2161,8167,872,964,-92,133.7,111.5,22.2
2022,RB,WR,RB_vs_WR,Jerick McKinnon,David Bell,2161,8118,872,831,41,133.7,21.4,112.3
2022,RB,WR,RB_vs_WR,Jerick McKinnon,Donovan Peoples-Jones,2161,6824,872,757,115,133.7,101.9,31.8
2022,RB,WR,RB_vs_WR,Jerick McKinnon,KJ Hamler,2161,6805,872,737,135,133.7,18.8,114.9
2022,RB,WR,RB_vs_WR,Brian Robinson,DeVante Parker,8154,2319,847,1018,-171,103.7,52,51.7
2022,RB,WR,RB_vs_WR,Brian Robinson,Christian Watson,8154,8167,847,964,-117,103.7,111.5,-7.8
2022,RB,WR,RB_vs_WR,Brian Robinson,David Bell,8154,8118,847,831,16,103.7,21.4,82.3
2022,RB,WR,RB_vs_WR,Brian Robinson,Donovan Peoples-Jones,8154,6824,847,757,90,103.7,101.9,1.8
2022,RB,WR,RB_vs_WR,Brian Robinson,KJ Hamler,8154,6805,847,737,110,103.7,18.8,84.9
2022,RB,WR,RB_vs_WR,Tyrion Davis-Price,Christian Watson,8211,8167,797,964,-167,7.2,111.5,-104.3
2022,RB,WR,RB_vs_WR,Tyrion Davis-Price,David Bell,8211,8118,797,831,-34,7.2,21.4,-14.2
2022,RB,WR,RB_vs_WR,Tyrion Davis-Price,Donovan Peoples-Jones,8211,6824,797,757,40,7.2,101.9,-94.7
2022,RB,WR,RB_vs_WR,Tyrion Davis-Price,KJ Hamler,8211,6805,797,737,60,7.2,18.8,-11.6
2022,RB,WR,RB_vs_WR,Tyrion Davis-Price,Van Jefferson,8211,6853,797,607,190,7.2,48.8,-41.6
2022,RB,WR,RB_vs_WR,Isaiah Spiller,David Bell,8153,8118,715,831,-116,5.4,21.4,-16
2022,RB,WR,RB_vs_WR,Isaiah Spiller,Donovan Peoples-Jones,8153,6824,715,757,-42,5.4,101.9,-96.5
2022,RB,WR,RB_vs_WR,Isaiah Spiller,KJ Hamler,8153,6805,715,737,-22,5.4,18.8,-13.4
2022,RB,WR,RB_vs_WR,Isaiah Spiller,Van Jefferson,8153,6853,715,607,108,5.4,48.8,-43.4
2022,RB,WR,RB_vs_WR,Isaiah Spiller,Kendrick Bourne,8153,4454,715,589,126,5.4,48.8,-43.4
2022,RB,WR,RB_vs_WR,D'Onta Foreman,David Bell,4111,8118,715,831,-116,119.2,21.4,97.8
2022,RB,WR,RB_vs_WR,D'Onta Foreman,Donovan Peoples-Jones,4111,6824,715,757,-42,119.2,101.9,17.3
2022,RB,WR,RB_vs_WR,D'Onta Foreman,KJ Hamler,4111,6805,715,737,-22,119.2,18.8,100.4
2022,RB,WR,RB_vs_WR,D'Onta Foreman,Van Jefferson,4111,6853,715,607,108,119.2,48.8,70.4
2022,RB,WR,RB_vs_WR,D'Onta Foreman,Kendrick Bourne,4111,4454,715,589,126,119.2,48.8,70.4
2022,RB,WR,RB_vs_WR,Eno Benjamin,David Bell,6951,8118,703,831,-128,64.3,21.4,42.9
2022,RB,WR,RB_vs_WR,Eno Benjamin,Donovan Peoples-Jones,6951,6824,703,757,-54,64.3,101.9,-37.6
2022,RB,WR,RB_vs_WR,Eno Benjamin,KJ Hamler,6951,6805,703,737,-34,64.3,18.8,45.5
2022,RB,WR,RB_vs_WR,Eno Benjamin,Van Jefferson,6951,6853,703,607,96,64.3,48.8,15.5
2022,RB,WR,RB_vs_WR,Eno Benjamin,Kendrick Bourne,6951,4454,703,589,114,64.3,48.8,15.5
2022,RB,WR,RB_vs_WR,Eno Benjamin,Laviska Shenault,6951,6814,703,510,193,64.3,44.8,19.5
2022,RB,WR,RB_vs_WR,Zack Moss,Van Jefferson,6845,6853,503,607,-104,35.4,48.8,-13.4
2022,RB,WR,RB_vs_WR,Zack Moss,Kendrick Bourne,6845,4454,503,589,-86,35.4,48.8,-13.4
2022,RB,WR,RB_vs_WR,Zack Moss,Laviska Shenault,6845,6814,503,510,-7,35.4,44.8,-9.4
2022,RB,WR,RB_vs_WR,Zack Moss,Nick Westbrook-Ikhine,6845,7496,503,491,12,35.4,57.7,-22.3
2022,RB,WR,RB_vs_WR,Zack Moss,Khalil Shakir,6845,8134,503,487,16,35.4,21.3,14.1
2022,RB,WR,RB_vs_WR,Zack Moss,Cedrick Wilson,6845,5113,503,462,41,35.4,14.4,21
2022,RB,WR,RB_vs_WR,Zack Moss,Zay Jones,6845,4080,503,450,53,35.4,114,-78.6
2022,RB,WR,RB_vs_WR,Zack Moss,Kyle Philips,6845,8171,503,381,122,35.4,3.8,31.6
2022,RB,WR,RB_vs_WR,Zack Moss,Terrace Marshall,6845,7565,503,370,133,35.4,52.7,-17.3
2022,RB,WR,RB_vs_WR,Zack Moss,Danny Gray,6845,8176,503,335,168,35.4,1.9,33.5
2022,RB,WR,RB_vs_WR,Zack Moss,Curtis Samuel,6845,4082,503,327,176,35.4,112.9,-77.5
2022,RB,WR,RB_vs_WR,Zack Moss,Quez Watkins,6845,6927,503,321,182,35.4,50.1,-14.7
2022,RB,WR,RB_vs_WR,Zack Moss,Nelson Agholor,6845,2325,503,316,187,35.4,44.2,-8.8
2022,RB,WR,RB_vs_WR,Chuba Hubbard,Van Jefferson,7594,6853,491,607,-116,66.8,48.8,18
2022,RB,WR,RB_vs_WR,Chuba Hubbard,Kendrick Bourne,7594,4454,491,589,-98,66.8,48.8,18
2022,RB,WR,RB_vs_WR,Chuba Hubbard,Laviska Shenault,7594,6814,491,510,-19,66.8,44.8,22
2022,RB,WR,RB_vs_WR,Chuba Hubbard,Nick Westbrook-Ikhine,7594,7496,491,491,0,66.8,57.7,9.1
2022,RB,WR,RB_vs_WR,Chuba Hubbard,Khalil Shakir,7594,8134,491,487,4,66.8,21.3,45.5
2022,RB,WR,RB_vs_WR,Chuba Hubbard,Cedrick Wilson,7594,5113,491,462,29,66.8,14.4,52.4
2022,RB,WR,RB_vs_WR,Chuba Hubbard,Zay Jones,7594,4080,491,450,41,66.8,114,-47.2
2022,RB,WR,RB_vs_WR,Chuba Hubbard,Kyle Philips,7594,8171,491,381,110,66.8,3.8,63
2022,RB,WR,RB_vs_WR,Chuba Hubbard,Terrace Marshall,7594,7565,491,370,121,66.8,52.7,14.1
2022,RB,WR,RB_vs_WR,Chuba Hubbard,Danny Gray,7594,8176,491,335,156,66.8,1.9,64.9
2022,RB,WR,RB_vs_WR,Chuba Hubbard,Curtis Samuel,7594,4082,491,327,164,66.8,112.9,-46.1
2022,RB,WR,RB_vs_WR,Chuba Hubbard,Quez Watkins,7594,6927,491,321,170,66.8,50.1,16.7
2022,RB,WR,RB_vs_WR,Chuba Hubbard,Nelson Agholor,7594,2325,491,316,175,66.8,44.2,22.6
2022,RB,WR,RB_vs_WR,D'Ernest Johnson,Van Jefferson,6694,6853,461,607,-146,2.4,48.8,-46.4
2022,RB,WR,RB_vs_WR,D'Ernest Johnson,Kendrick Bourne,6694,4454,461,589,-128,2.4,48.8,-46.4
2022,RB,WR,RB_vs_WR,D'Ernest Johnson,Laviska Shenault,6694,6814,461,510,-49,2.4,44.8,-42.4
2022,RB,WR,RB_vs_WR,D'Ernest Johnson,Nick Westbrook-Ikhine,6694,7496,461,491,-30,2.4,57.7,-55.3
2022,RB,WR,RB_vs_WR,D'Ernest Johnson,Khalil Shakir,6694,8134,461,487,-26,2.4,21.3,-18.9
2022,RB,WR,RB_vs_WR,D'Ernest Johnson,Cedrick Wilson,6694,5113,461,462,-1,2.4,14.4,-12
2022,RB,WR,RB_vs_WR,D'Ernest Johnson,Zay Jones,6694,4080,461,450,11,2.4,114,-111.6
2022,RB,WR,RB_vs_WR,D'Ernest Johnson,Kyle Philips,6694,8171,461,381,80,2.4,3.8,-1.4
2022,RB,WR,RB_vs_WR,D'Ernest Johnson,Terrace Marshall,6694,7565,461,370,91,2.4,52.7,-50.3
2022,RB,WR,RB_vs_WR,D'Ernest Johnson,Danny Gray,6694,8176,461,335,126,2.4,1.9,0.5
2022,RB,WR,RB_vs_WR,D'Ernest Johnson,Curtis Samuel,6694,4082,461,327,134,2.4,112.9,-110.5
2022,RB,WR,RB_vs_WR,D'Ernest Johnson,Quez Watkins,6694,6927,461,321,140,2.4,50.1,-47.7
2022,RB,WR,RB_vs_WR,D'Ernest Johnson,Nelson Agholor,6694,2325,461,316,145,2.4,44.2,-41.8
2022,RB,WR,RB_vs_WR,D'Ernest Johnson,Braxton Berrios,6694,5121,461,262,199,2.4,39.7,-37.3
2022,RB,WR,RB_vs_WR,Boston Scott,Van Jefferson,5122,6853,435,607,-172,29.8,48.8,-19
2022,RB,WR,RB_vs_WR,Boston Scott,Kendrick Bourne,5122,4454,435,589,-154,29.8,48.8,-19
2022,RB,WR,RB_vs_WR,Boston Scott,Laviska Shenault,5122,6814,435,510,-75,29.8,44.8,-15
2022,RB,WR,RB_vs_WR,Boston Scott,Nick Westbrook-Ikhine,5122,7496,435,491,-56,29.8,57.7,-27.9
2022,RB,WR,RB_vs_WR,Boston Scott,Khalil Shakir,5122,8134,435,487,-52,29.8,21.3,8.5
2022,RB,WR,RB_vs_WR,Boston Scott,Cedrick Wilson,5122,5113,435,462,-27,29.8,14.4,15.4
2022,RB,WR,RB_vs_WR,Boston Scott,Zay Jones,5122,4080,435,450,-15,29.8,114,-84.2
2022,RB,WR,RB_vs_WR,Boston Scott,Kyle Philips,5122,8171,435,381,54,29.8,3.8,26
2022,RB,WR,RB_vs_WR,Boston Scott,Terrace Marshall,5122,7565,435,370,65,29.8,52.7,-22.9
2022,RB,WR,RB_vs_WR,Boston Scott,Danny Gray,5122,8176,435,335,100,29.8,1.9,27.9
2022,RB,WR,RB_vs_WR,Boston Scott,Curtis Samuel,5122,4082,435,327,108,29.8,112.9,-83.1
2022,RB,WR,RB_vs_WR,Boston Scott,Quez Watkins,5122,6927,435,321,114,29.8,50.1,-20.3
2022,RB,WR,RB_vs_WR,Boston Scott,Nelson Agholor,5122,2325,435,316,119,29.8,44.2,-14.4
2022,RB,WR,RB_vs_WR,Boston Scott,Braxton Berrios,5122,5121,435,262,173,29.8,39.7,-9.9
2022,RB,WR,RB_vs_WR,Boston Scott,Jalen Guyton,5122,6421,435,257,178,29.8,6.4,23.4
2022,RB,WR,RB_vs_WR,Boston Scott,Gabriel Davis,5122,6943,435,255,180,29.8,119.7,-89.9
2022,RB,WR,RB_vs_WR,Boston Scott,Devin Duvernay,5122,6847,435,243,192,29.8,79.1,-49.3
2022,RB,WR,RB_vs_WR,Jaylen Warren,Van Jefferson,8228,6853,425,607,-182,61,48.8,12.2
2022,RB,WR,RB_vs_WR,Jaylen Warren,Kendrick Bourne,8228,4454,425,589,-164,61,48.8,12.2
2022,RB,WR,RB_vs_WR,Jaylen Warren,Laviska Shenault,8228,6814,425,510,-85,61,44.8,16.2
2022,RB,WR,RB_vs_WR,Jaylen Warren,Nick Westbrook-Ikhine,8228,7496,425,491,-66,61,57.7,3.3
2022,RB,WR,RB_vs_WR,Jaylen Warren,Khalil Shakir,8228,8134,425,487,-62,61,21.3,39.7
2022,RB,WR,RB_vs_WR,Jaylen Warren,Cedrick Wilson,8228,5113,425,462,-37,61,14.4,46.6
2022,RB,WR,RB_vs_WR,Jaylen Warren,Zay Jones,8228,4080,425,450,-25,61,114,-53
2022,RB,WR,RB_vs_WR,Jaylen Warren,Kyle Philips,8228,8171,425,381,44,61,3.8,57.2
2022,RB,WR,RB_vs_WR,Jaylen Warren,Terrace Marshall,8228,7565,425,370,55,61,52.7,8.3
2022,RB,WR,RB_vs_WR,Jaylen Warren,Danny Gray,8228,8176,425,335,90,61,1.9,59.1
2022,RB,WR,RB_vs_WR,Jaylen Warren,Curtis Samuel,8228,4082,425,327,98,61,112.9,-51.9
2022,RB,WR,RB_vs_WR,Jaylen Warren,Quez Watkins,8228,6927,425,321,104,61,50.1,10.9
2022,RB,WR,RB_vs_WR,Jaylen Warren,Nelson Agholor,8228,2325,425,316,109,61,44.2,16.8
2022,RB,WR,RB_vs_WR,Jaylen Warren,Braxton Berrios,8228,5121,425,262,163,61,39.7,21.3
2022,RB,WR,RB_vs_WR,Jaylen Warren,Jalen Guyton,8228,6421,425,257,168,61,6.4,54.6
2022,RB,WR,RB_vs_WR,Jaylen Warren,Gabriel Davis,8228,6943,425,255,170,61,119.7,-58.7
2022,RB,WR,RB_vs_WR,Jaylen Warren,Devin Duvernay,8228,6847,425,243,182,61,79.1,-18.1
2022,RB,WR,RB_vs_WR,Jaylen Warren,Tutu Atwell,8228,7562,425,227,198,61,35.4,25.6
2022,RB,WR,RB_vs_WR,Chris Evans,Laviska Shenault,7794,6814,373,510,-137,9.8,44.8,-35
2022,RB,WR,RB_vs_WR,Chris Evans,Nick Westbrook-Ikhine,7794,7496,373,491,-118,9.8,57.7,-47.9
2022,RB,WR,RB_vs_WR,Chris Evans,Khalil Shakir,7794,8134,373,487,-114,9.8,21.3,-11.5
2022,RB,WR,RB_vs_WR,Chris Evans,Cedrick Wilson,7794,5113,373,462,-89,9.8,14.4,-4.6
2022,RB,WR,RB_vs_WR,Chris Evans,Zay Jones,7794,4080,373,450,-77,9.8,114,-104.2
2022,RB,WR,RB_vs_WR,Chris Evans,Kyle Philips,7794,8171,373,381,-8,9.8,3.8,6
2022,RB,WR,RB_vs_WR,Chris Evans,Terrace Marshall,7794,7565,373,370,3,9.8,52.7,-42.9
2022,RB,WR,RB_vs_WR,Chris Evans,Danny Gray,7794,8176,373,335,38,9.8,1.9,7.9
2022,RB,WR,RB_vs_WR,Chris Evans,Curtis Samuel,7794,4082,373,327,46,9.8,112.9,-103.1
2022,RB,WR,RB_vs_WR,Chris Evans,Quez Watkins,7794,6927,373,321,52,9.8,50.1,-40.3
2022,RB,WR,RB_vs_WR,Chris Evans,Nelson Agholor,7794,2325,373,316,57,9.8,44.2,-34.4
2022,RB,WR,RB_vs_WR,Chris Evans,Braxton Berrios,7794,5121,373,262,111,9.8,39.7,-29.9
2022,RB,WR,RB_vs_WR,Chris Evans,Jalen Guyton,7794,6421,373,257,116,9.8,6.4,3.4
2022,RB,WR,RB_vs_WR,Chris Evans,Gabriel Davis,7794,6943,373,255,118,9.8,119.7,-109.9
2022,RB,WR,RB_vs_WR,Chris Evans,Devin Duvernay,7794,6847,373,243,130,9.8,79.1,-69.3
2022,RB,WR,RB_vs_WR,Chris Evans,Tutu Atwell,7794,7562,373,227,146,9.8,35.4,-25.6
2022,RB,WR,RB_vs_WR,Chris Evans,Marquez Callaway,7794,6989,373,222,151,9.8,21.8,-12
2022,RB,WR,RB_vs_WR,Chris Evans,Tyquan Thornton,7794,8188,373,213,160,9.8,43,-33.2
2022,RB,WR,RB_vs_WR,Chris Evans,Rondale Moore,7794,7601,373,190,183,9.8,46.9,-37.1
2022,RB,WR,RB_vs_WR,Chris Evans,Josh Palmer,7794,7670,373,188,185,9.8,91.4,-81.6
2022,RB,WR,RB_vs_WR,Gus Edwards,Laviska Shenault,5248,6814,369,510,-141,57.7,44.8,12.9
2022,RB,WR,RB_vs_WR,Gus Edwards,Nick Westbrook-Ikhine,5248,7496,369,491,-122,57.7,57.7,0
2022,RB,WR,RB_vs_WR,Gus Edwards,Khalil Shakir,5248,8134,369,487,-118,57.7,21.3,36.4
2022,RB,WR,RB_vs_WR,Gus Edwards,Cedrick Wilson,5248,5113,369,462,-93,57.7,14.4,43.3
2022,RB,WR,RB_vs_WR,Gus Edwards,Zay Jones,5248,4080,369,450,-81,57.7,114,-56.3
2022,RB,WR,RB_vs_WR,Gus Edwards,Kyle Philips,5248,8171,369,381,-12,57.7,3.8,53.9
2022,RB,WR,RB_vs_WR,Gus Edwards,Terrace Marshall,5248,7565,369,370,-1,57.7,52.7,5
2022,RB,WR,RB_vs_WR,Gus Edwards,Danny Gray,5248,8176,369,335,34,57.7,1.9,55.8
2022,RB,WR,RB_vs_WR,Gus Edwards,Curtis Samuel,5248,4082,369,327,42,57.7,112.9,-55.2
2022,RB,WR,RB_vs_WR,Gus Edwards,Quez Watkins,5248,6927,369,321,48,57.7,50.1,7.6
2022,RB,WR,RB_vs_WR,Gus Edwards,Nelson Agholor,5248,2325,369,316,53,57.7,44.2,13.5
2022,RB,WR,RB_vs_WR,Gus Edwards,Braxton Berrios,5248,5121,369,262,107,57.7,39.7,18
2022,RB,WR,RB_vs_WR,Gus Edwards,Jalen Guyton,5248,6421,369,257,112,57.7,6.4,51.3
2022,RB,WR,RB_vs_WR,Gus Edwards,Gabriel Davis,5248,6943,369,255,114,57.7,119.7,-62
2022,RB,WR,RB_vs_WR,Gus Edwards,Devin Duvernay,5248,6847,369,243,126,57.7,79.1,-21.4
2022,RB,WR,RB_vs_WR,Gus Edwards,Tutu Atwell,5248,7562,369,227,142,57.7,35.4,22.3
2022,RB,WR,RB_vs_WR,Gus Edwards,Marquez Callaway,5248,6989,369,222,147,57.7,21.8,35.9
2022,RB,WR,RB_vs_WR,Gus Edwards,Tyquan Thornton,5248,8188,369,213,156,57.7,43,14.7
2022,RB,WR,RB_vs_WR,Gus Edwards,Rondale Moore,5248,7601,369,190,179,57.7,46.9,10.8
2022,RB,WR,RB_vs_WR,Gus Edwards,Josh Palmer,5248,7670,369,188,181,57.7,91.4,-33.7
2022,RB,WR,RB_vs_WR,Trey Sermon,Laviska Shenault,7593,6814,337,510,-173,1.9,44.8,-42.9
2022,RB,WR,RB_vs_WR,Trey Sermon,Nick Westbrook-Ikhine,7593,7496,337,491,-154,1.9,57.7,-55.8
2022,RB,WR,RB_vs_WR,Trey Sermon,Khalil Shakir,7593,8134,337,487,-150,1.9,21.3,-19.4
2022,RB,WR,RB_vs_WR,Trey Sermon,Cedrick Wilson,7593,5113,337,462,-125,1.9,14.4,-12.5
2022,RB,WR,RB_vs_WR,Trey Sermon,Zay Jones,7593,4080,337,450,-113,1.9,114,-112.1
2022,RB,WR,RB_vs_WR,Trey Sermon,Kyle Philips,7593,8171,337,381,-44,1.9,3.8,-1.9
2022,RB,WR,RB_vs_WR,Trey Sermon,Terrace Marshall,7593,7565,337,370,-33,1.9,52.7,-50.8
2022,RB,WR,RB_vs_WR,Trey Sermon,Danny Gray,7593,8176,337,335,2,1.9,1.9,0
2022,RB,WR,RB_vs_WR,Trey Sermon,Curtis Samuel,7593,4082,337,327,10,1.9,112.9,-111
2022,RB,WR,RB_vs_WR,Trey Sermon,Quez Watkins,7593,6927,337,321,16,1.9,50.1,-48.2
2022,RB,WR,RB_vs_WR,Trey Sermon,Nelson Agholor,7593,2325,337,316,21,1.9,44.2,-42.3
2022,RB,WR,RB_vs_WR,Trey Sermon,Braxton Berrios,7593,5121,337,262,75,1.9,39.7,-37.8
2022,RB,WR,RB_vs_WR,Trey Sermon,Jalen Guyton,7593,6421,337,257,80,1.9,6.4,-4.5
2022,RB,WR,RB_vs_WR,Trey Sermon,Gabriel Davis,7593,6943,337,255,82,1.9,119.7,-117.8
2022,RB,WR,RB_vs_WR,Trey Sermon,Devin Duvernay,7593,6847,337,243,94,1.9,79.1,-77.2
2022,RB,WR,RB_vs_WR,Trey Sermon,Tutu Atwell,7593,7562,337,227,110,1.9,35.4,-33.5
2022,RB,WR,RB_vs_WR,Trey Sermon,Marquez Callaway,7593,6989,337,222,115,1.9,21.8,-19.9
2022,RB,WR,RB_vs_WR,Trey Sermon,Tyquan Thornton,7593,8188,337,213,124,1.9,43,-41.1
2022,RB,WR,RB_vs_WR,Trey Sermon,Rondale Moore,7593,7601,337,190,147,1.9,46.9,-45
2022,RB,WR,RB_vs_WR,Trey Sermon,Josh Palmer,7593,7670,337,188,149,1.9,91.4,-89.5
2022,RB,WR,RB_vs_WR,Trey Sermon,Olamide Zaccheaus,7593,6271,337,159,178,1.9,60.3,-58.4
2022,RB,WR,RB_vs_WR,Trey Sermon,Equanimeous St. Brown,7593,5323,337,145,192,1.9,43.4,-41.5
2022,RB,WR,RB_vs_WR,Trey Sermon,Darius Slayton,7593,6149,337,141,196,1.9,82.4,-80.5
2022,RB,WR,RB_vs_WR,Trey Sermon,Denzel Mims,7593,6849,337,138,199,1.9,18.6,-16.7
2022,RB,WR,RB_vs_WR,Joshua Kelley,Cedrick Wilson,7045,5113,283,462,-179,48.4,14.4,34
2022,RB,WR,RB_vs_WR,Joshua Kelley,Zay Jones,7045,4080,283,450,-167,48.4,114,-65.6
2022,RB,WR,RB_vs_WR,Joshua Kelley,Kyle Philips,7045,8171,283,381,-98,48.4,3.8,44.6
2022,RB,WR,RB_vs_WR,Joshua Kelley,Terrace Marshall,7045,7565,283,370,-87,48.4,52.7,-4.3
2022,RB,WR,RB_vs_WR,Joshua Kelley,Danny Gray,7045,8176,283,335,-52,48.4,1.9,46.5
2022,RB,WR,RB_vs_WR,Joshua Kelley,Curtis Samuel,7045,4082,283,327,-44,48.4,112.9,-64.5
2022,RB,WR,RB_vs_WR,Joshua Kelley,Quez Watkins,7045,6927,283,321,-38,48.4,50.1,-1.7
2022,RB,WR,RB_vs_WR,Joshua Kelley,Nelson Agholor,7045,2325,283,316,-33,48.4,44.2,4.2
2022,RB,WR,RB_vs_WR,Joshua Kelley,Braxton Berrios,7045,5121,283,262,21,48.4,39.7,8.7
2022,RB,WR,RB_vs_WR,Joshua Kelley,Jalen Guyton,7045,6421,283,257,26,48.4,6.4,42
2022,RB,WR,RB_vs_WR,Joshua Kelley,Gabriel Davis,7045,6943,283,255,28,48.4,119.7,-71.3
2022,RB,WR,RB_vs_WR,Joshua Kelley,Devin Duvernay,7045,6847,283,243,40,48.4,79.1,-30.7
2022,RB,WR,RB_vs_WR,Joshua Kelley,Tutu Atwell,7045,7562,283,227,56,48.4,35.4,13
2022,RB,WR,RB_vs_WR,Joshua Kelley,Marquez Callaway,7045,6989,283,222,61,48.4,21.8,26.6
2022,RB,WR,RB_vs_WR,Joshua Kelley,Tyquan Thornton,7045,8188,283,213,70,48.4,43,5.4
2022,RB,WR,RB_vs_WR,Joshua Kelley,Rondale Moore,7045,7601,283,190,93,48.4,46.9,1.5
2022,RB,WR,RB_vs_WR,Joshua Kelley,Josh Palmer,7045,7670,283,188,95,48.4,91.4,-43
2022,RB,WR,RB_vs_WR,Joshua Kelley,Olamide Zaccheaus,7045,6271,283,159,124,48.4,60.3,-11.9
2022,RB,WR,RB_vs_WR,Joshua Kelley,Equanimeous St. Brown,7045,5323,283,145,138,48.4,43.4,5
2022,RB,WR,RB_vs_WR,Joshua Kelley,Darius Slayton,7045,6149,283,141,142,48.4,82.4,-34
2022,RB,WR,RB_vs_WR,Joshua Kelley,Denzel Mims,7045,6849,283,138,145,48.4,18.6,29.8
2022,RB,WR,RB_vs_WR,Joshua Kelley,Jauan Jennings,7045,7049,283,135,148,48.4,46.6,1.8
2022,RB,WR,RB_vs_WR,Joshua Kelley,Josh Reynolds,7045,4171,283,135,148,48.4,64.3,-15.9
2022,RB,WR,RB_vs_WR,Joshua Kelley,Dyami Brown,7045,7587,283,133,150,48.4,27.8,20.6
2022,RB,WR,RB_vs_WR,Joshua Kelley,Anthony Schwartz,7045,7533,283,123,160,48.4,14.8,33.6
2022,RB,WR,RB_vs_WR,Joshua Kelley,Tylan Wallace,7045,7595,283,122,161,48.4,2.1,46.3
2022,RB,WR,RB_vs_WR,Joshua Kelley,Demarcus Robinson,7045,3286,283,116,167,48.4,53.4,-5
2022,RB,WR,RB_vs_WR,Joshua Kelley,Scotty Miller,7045,6290,283,115,168,48.4,18.5,29.9
2022,RB,WR,RB_vs_WR,Joshua Kelley,Jaelon Darden,7045,7713,283,110,173,48.4,2.8,45.6
2022,RB,WR,RB_vs_WR,Joshua Kelley,Tre'Quan Smith,7045,5026,283,106,177,48.4,33.2,15.2
2022,RB,WR,RB_vs_WR,Joshua Kelley,Jamal Agnew,7045,4198,283,102,181,48.4,46.5,1.9
2022,RB,WR,RB_vs_WR,Kyren Williams,Cedrick Wilson,8150,5113,277,462,-185,21.5,14.4,7.1
2022,RB,WR,RB_vs_WR,Kyren Williams,Zay Jones,8150,4080,277,450,-173,21.5,114,-92.5
2022,RB,WR,RB_vs_WR,Kyren Williams,Kyle Philips,8150,8171,277,381,-104,21.5,3.8,17.7
2022,RB,WR,RB_vs_WR,Kyren Williams,Terrace Marshall,8150,7565,277,370,-93,21.5,52.7,-31.2
2022,RB,WR,RB_vs_WR,Kyren Williams,Danny Gray,8150,8176,277,335,-58,21.5,1.9,19.6
2022,RB,WR,RB_vs_WR,Kyren Williams,Curtis Samuel,8150,4082,277,327,-50,21.5,112.9,-91.4
2022,RB,WR,RB_vs_WR,Kyren Williams,Quez Watkins,8150,6927,277,321,-44,21.5,50.1,-28.6
2022,RB,WR,RB_vs_WR,Kyren Williams,Nelson Agholor,8150,2325,277,316,-39,21.5,44.2,-22.7
2022,RB,WR,RB_vs_WR,Kyren Williams,Braxton Berrios,8150,5121,277,262,15,21.5,39.7,-18.2
2022,RB,WR,RB_vs_WR,Kyren Williams,Jalen Guyton,8150,6421,277,257,20,21.5,6.4,15.1
2022,RB,WR,RB_vs_WR,Kyren Williams,Gabriel Davis,8150,6943,277,255,22,21.5,119.7,-98.2
2022,RB,WR,RB_vs_WR,Kyren Williams,Devin Duvernay,8150,6847,277,243,34,21.5,79.1,-57.6
2022,RB,WR,RB_vs_WR,Kyren Williams,Tutu Atwell,8150,7562,277,227,50,21.5,35.4,-13.9
2022,RB,WR,RB_vs_WR,Kyren Williams,Marquez Callaway,8150,6989,277,222,55,21.5,21.8,-0.3
2022,RB,WR,RB_vs_WR,Kyren Williams,Tyquan Thornton,8150,8188,277,213,64,21.5,43,-21.5
2022,RB,WR,RB_vs_WR,Kyren Williams,Rondale Moore,8150,7601,277,190,87,21.5,46.9,-25.4
2022,RB,WR,RB_vs_WR,Kyren Williams,Josh Palmer,8150,7670,277,188,89,21.5,91.4,-69.9
2022,RB,WR,RB_vs_WR,Kyren Williams,Olamide Zaccheaus,8150,6271,277,159,118,21.5,60.3,-38.8
2022,RB,WR,RB_vs_WR,Kyren Williams,Equanimeous St. Brown,8150,5323,277,145,132,21.5,43.4,-21.9
2022,RB,WR,RB_vs_WR,Kyren Williams,Darius Slayton,8150,6149,277,141,136,21.5,82.4,-60.9
2022,RB,WR,RB_vs_WR,Kyren Williams,Denzel Mims,8150,6849,277,138,139,21.5,18.6,2.9
2022,RB,WR,RB_vs_WR,Kyren Williams,Jauan Jennings,8150,7049,277,135,142,21.5,46.6,-25.1
2022,RB,WR,RB_vs_WR,Kyren Williams,Josh Reynolds,8150,4171,277,135,142,21.5,64.3,-42.8
2022,RB,WR,RB_vs_WR,Kyren Williams,Dyami Brown,8150,7587,277,133,144,21.5,27.8,-6.3
2022,RB,WR,RB_vs_WR,Kyren Williams,Anthony Schwartz,8150,7533,277,123,154,21.5,14.8,6.7
2022,RB,WR,RB_vs_WR,Kyren Williams,Tylan Wallace,8150,7595,277,122,155,21.5,2.1,19.4
2022,RB,WR,RB_vs_WR,Kyren Williams,Demarcus Robinson,8150,3286,277,116,161,21.5,53.4,-31.9
2022,RB,WR,RB_vs_WR,Kyren Williams,Scotty Miller,8150,6290,277,115,162,21.5,18.5,3
2022,RB,WR,RB_vs_WR,Kyren Williams,Jaelon Darden,8150,7713,277,110,167,21.5,2.8,18.7
2022,RB,WR,RB_vs_WR,Kyren Williams,Tre'Quan Smith,8150,5026,277,106,171,21.5,33.2,-11.7
2022,RB,WR,RB_vs_WR,Kyren Williams,Jamal Agnew,8150,4198,277,102,175,21.5,46.5,-25
2022,RB,WR,RB_vs_WR,Kyren Williams,Kalif Raymond,8150,3634,277,80,197,21.5,62.6,-41.1
2022,RB,WR,RB_vs_WR,Kyren Williams,Greg Dortch,8150,5970,277,77,200,21.5,56.6,-35.1
2022,RB,WR,RB_vs_WR,Myles Gaskin,Kyle Philips,5980,8171,222,381,-159,5.4,3.8,1.6
2022,RB,WR,RB_vs_WR,Myles Gaskin,Terrace Marshall,5980,7565,222,370,-148,5.4,52.7,-47.3
2022,RB,WR,RB_vs_WR,Myles Gaskin,Danny Gray,5980,8176,222,335,-113,5.4,1.9,3.5
2022,RB,WR,RB_vs_WR,Myles Gaskin,Curtis Samuel,5980,4082,222,327,-105,5.4,112.9,-107.5
2022,RB,WR,RB_vs_WR,Myles Gaskin,Quez Watkins,5980,6927,222,321,-99,5.4,50.1,-44.7
2022,RB,WR,RB_vs_WR,Myles Gaskin,Nelson Agholor,5980,2325,222,316,-94,5.4,44.2,-38.8
2022,RB,WR,RB_vs_WR,Myles Gaskin,Braxton Berrios,5980,5121,222,262,-40,5.4,39.7,-34.3
2022,RB,WR,RB_vs_WR,Myles Gaskin,Jalen Guyton,5980,6421,222,257,-35,5.4,6.4,-1
2022,RB,WR,RB_vs_WR,Myles Gaskin,Gabriel Davis,5980,6943,222,255,-33,5.4,119.7,-114.3
2022,RB,WR,RB_vs_WR,Myles Gaskin,Devin Duvernay,5980,6847,222,243,-21,5.4,79.1,-73.7
2022,RB,WR,RB_vs_WR,Myles Gaskin,Tutu Atwell,5980,7562,222,227,-5,5.4,35.4,-30
2022,RB,WR,RB_vs_WR,Myles Gaskin,Marquez Callaway,5980,6989,222,222,0,5.4,21.8,-16.4
2022,RB,WR,RB_vs_WR,Myles Gaskin,Tyquan Thornton,5980,8188,222,213,9,5.4,43,-37.6
2022,RB,WR,RB_vs_WR,Myles Gaskin,Rondale Moore,5980,7601,222,190,32,5.4,46.9,-41.5
2022,RB,WR,RB_vs_WR,Myles Gaskin,Josh Palmer,5980,7670,222,188,34,5.4,91.4,-86
2022,RB,WR,RB_vs_WR,Myles Gaskin,Olamide Zaccheaus,5980,6271,222,159,63,5.4,60.3,-54.9
2022,RB,WR,RB_vs_WR,Myles Gaskin,Equanimeous St. Brown,5980,5323,222,145,77,5.4,43.4,-38
2022,RB,WR,RB_vs_WR,Myles Gaskin,Darius Slayton,5980,6149,222,141,81,5.4,82.4,-77
2022,RB,WR,RB_vs_WR,Myles Gaskin,Denzel Mims,5980,6849,222,138,84,5.4,18.6,-13.2
2022,RB,WR,RB_vs_WR,Myles Gaskin,Jauan Jennings,5980,7049,222,135,87,5.4,46.6,-41.2
2022,RB,WR,RB_vs_WR,Myles Gaskin,Josh Reynolds,5980,4171,222,135,87,5.4,64.3,-58.9
2022,RB,WR,RB_vs_WR,Myles Gaskin,Dyami Brown,5980,7587,222,133,89,5.4,27.8,-22.4
2022,RB,WR,RB_vs_WR,Myles Gaskin,Anthony Schwartz,5980,7533,222,123,99,5.4,14.8,-9.4
2022,RB,WR,RB_vs_WR,Myles Gaskin,Tylan Wallace,5980,7595,222,122,100,5.4,2.1,3.3
2022,RB,WR,RB_vs_WR,Myles Gaskin,Demarcus Robinson,5980,3286,222,116,106,5.4,53.4,-48
2022,RB,WR,RB_vs_WR,Myles Gaskin,Scotty Miller,5980,6290,222,115,107,5.4,18.5,-13.1
2022,RB,WR,RB_vs_WR,Myles Gaskin,Jaelon Darden,5980,7713,222,110,112,5.4,2.8,2.6
2022,RB,WR,RB_vs_WR,Myles Gaskin,Tre'Quan Smith,5980,5026,222,106,116,5.4,33.2,-27.8
2022,RB,WR,RB_vs_WR,Myles Gaskin,Jamal Agnew,5980,4198,222,102,120,5.4,46.5,-41.1
2022,RB,WR,RB_vs_WR,Myles Gaskin,Kalif Raymond,5980,3634,222,80,142,5.4,62.6,-57.2
2022,RB,WR,RB_vs_WR,Myles Gaskin,Greg Dortch,5980,5970,222,77,145,5.4,56.6,-51.2
2022,RB,WR,RB_vs_WR,Myles Gaskin,Lil'Jordan Humphrey,5980,5938,222,59,163,5.4,2,3.4
2022,RB,WR,RB_vs_WR,Ke'Shawn Vaughn,Kyle Philips,6885,8171,205,381,-176,3.8,3.8,0
2022,RB,WR,RB_vs_WR,Ke'Shawn Vaughn,Terrace Marshall,6885,7565,205,370,-165,3.8,52.7,-48.9
2022,RB,WR,RB_vs_WR,Ke'Shawn Vaughn,Danny Gray,6885,8176,205,335,-130,3.8,1.9,1.9
2022,RB,WR,RB_vs_WR,Ke'Shawn Vaughn,Curtis Samuel,6885,4082,205,327,-122,3.8,112.9,-109.1
2022,RB,WR,RB_vs_WR,Ke'Shawn Vaughn,Quez Watkins,6885,6927,205,321,-116,3.8,50.1,-46.3
2022,RB,WR,RB_vs_WR,Ke'Shawn Vaughn,Nelson Agholor,6885,2325,205,316,-111,3.8,44.2,-40.4
2022,RB,WR,RB_vs_WR,Ke'Shawn Vaughn,Braxton Berrios,6885,5121,205,262,-57,3.8,39.7,-35.9
2022,RB,WR,RB_vs_WR,Ke'Shawn Vaughn,Jalen Guyton,6885,6421,205,257,-52,3.8,6.4,-2.6
2022,RB,WR,RB_vs_WR,Ke'Shawn Vaughn,Gabriel Davis,6885,6943,205,255,-50,3.8,119.7,-115.9
2022,RB,WR,RB_vs_WR,Ke'Shawn Vaughn,Devin Duvernay,6885,6847,205,243,-38,3.8,79.1,-75.3
2022,RB,WR,RB_vs_WR,Ke'Shawn Vaughn,Tutu Atwell,6885,7562,205,227,-22,3.8,35.4,-31.6
2022,RB,WR,RB_vs_WR,Ke'Shawn Vaughn,Marquez Callaway,6885,6989,205,222,-17,3.8,21.8,-18
2022,RB,WR,RB_vs_WR,Ke'Shawn Vaughn,Tyquan Thornton,6885,8188,205,213,-8,3.8,43,-39.2
2022,RB,WR,RB_vs_WR,Ke'Shawn Vaughn,Rondale Moore,6885,7601,205,190,15,3.8,46.9,-43.1
2022,RB,WR,RB_vs_WR,Ke'Shawn Vaughn,Josh Palmer,6885,7670,205,188,17,3.8,91.4,-87.6
2022,RB,WR,RB_vs_WR,Ke'Shawn Vaughn,Olamide Zaccheaus,6885,6271,205,159,46,3.8,60.3,-56.5
2022,RB,WR,RB_vs_WR,Ke'Shawn Vaughn,Equanimeous St. Brown,6885,5323,205,145,60,3.8,43.4,-39.6
2022,RB,WR,RB_vs_WR,Ke'Shawn Vaughn,Darius Slayton,6885,6149,205,141,64,3.8,82.4,-78.6
2022,RB,WR,RB_vs_WR,Ke'Shawn Vaughn,Denzel Mims,6885,6849,205,138,67,3.8,18.6,-14.8
2022,RB,WR,RB_vs_WR,Ke'Shawn Vaughn,Jauan Jennings,6885,7049,205,135,70,3.8,46.6,-42.8
2022,RB,WR,RB_vs_WR,Ke'Shawn Vaughn,Josh Reynolds,6885,4171,205,135,70,3.8,64.3,-60.5
2022,RB,WR,RB_vs_WR,Ke'Shawn Vaughn,Dyami Brown,6885,7587,205,133,72,3.8,27.8,-24
2022,RB,WR,RB_vs_WR,Ke'Shawn Vaughn,Anthony Schwartz,6885,7533,205,123,82,3.8,14.8,-11
2022,RB,WR,RB_vs_WR,Ke'Shawn Vaughn,Tylan Wallace,6885,7595,205,122,83,3.8,2.1,1.7
2022,RB,WR,RB_vs_WR,Ke'Shawn Vaughn,Demarcus Robinson,6885,3286,205,116,89,3.8,53.4,-49.6
2022,RB,WR,RB_vs_WR,Ke'Shawn Vaughn,Scotty Miller,6885,6290,205,115,90,3.8,18.5,-14.7
2022,RB,WR,RB_vs_WR,Ke'Shawn Vaughn,Jaelon Darden,6885,7713,205,110,95,3.8,2.8,1
2022,RB,WR,RB_vs_WR,Ke'Shawn Vaughn,Tre'Quan Smith,6885,5026,205,106,99,3.8,33.2,-29.4
2022,RB,WR,RB_vs_WR,Ke'Shawn Vaughn,Jamal Agnew,6885,4198,205,102,103,3.8,46.5,-42.7
2022,RB,WR,RB_vs_WR,Ke'Shawn Vaughn,Kalif Raymond,6885,3634,205,80,125,3.8,62.6,-58.8
2022,RB,WR,RB_vs_WR,Ke'Shawn Vaughn,Greg Dortch,6885,5970,205,77,128,3.8,56.6,-52.8
2022,RB,WR,RB_vs_WR,Ke'Shawn Vaughn,Lil'Jordan Humphrey,6885,5938,205,59,146,3.8,2,1.8
2022,RB,WR,RB_vs_WR,Pierre Strong Jr.,Kyle Philips,8116,8171,192,381,-189,20.2,3.8,16.4
2022,RB,WR,RB_vs_WR,Pierre Strong Jr.,Terrace Marshall,8116,7565,192,370,-178,20.2,52.7,-32.5
2022,RB,WR,RB_vs_WR,Pierre Strong Jr.,Danny Gray,8116,8176,192,335,-143,20.2,1.9,18.3
2022,RB,WR,RB_vs_WR,Pierre Strong Jr.,Curtis Samuel,8116,4082,192,327,-135,20.2,112.9,-92.7
2022,RB,WR,RB_vs_WR,Pierre Strong Jr.,Quez Watkins,8116,6927,192,321,-129,20.2,50.1,-29.9
2022,RB,WR,RB_vs_WR,Pierre Strong Jr.,Nelson Agholor,8116,2325,192,316,-124,20.2,44.2,-24
2022,RB,WR,RB_vs_WR,Pierre Strong Jr.,Braxton Berrios,8116,5121,192,262,-70,20.2,39.7,-19.5
2022,RB,WR,RB_vs_WR,Pierre Strong Jr.,Jalen Guyton,8116,6421,192,257,-65,20.2,6.4,13.8
2022,RB,WR,RB_vs_WR,Pierre Strong Jr.,Gabriel Davis,8116,6943,192,255,-63,20.2,119.7,-99.5
2022,RB,WR,RB_vs_WR,Pierre Strong Jr.,Devin Duvernay,8116,6847,192,243,-51,20.2,79.1,-58.9
2022,RB,WR,RB_vs_WR,Pierre Strong Jr.,Tutu Atwell,8116,7562,192,227,-35,20.2,35.4,-15.2
2022,RB,WR,RB_vs_WR,Pierre Strong Jr.,Marquez Callaway,8116,6989,192,222,-30,20.2,21.8,-1.6
2022,RB,WR,RB_vs_WR,Pierre Strong Jr.,Tyquan Thornton,8116,8188,192,213,-21,20.2,43,-22.8
2022,RB,WR,RB_vs_WR,Pierre Strong Jr.,Rondale Moore,8116,7601,192,190,2,20.2,46.9,-26.7
2022,RB,WR,RB_vs_WR,Pierre Strong Jr.,Josh Palmer,8116,7670,192,188,4,20.2,91.4,-71.2
2022,RB,WR,RB_vs_WR,Pierre Strong Jr.,Olamide Zaccheaus,8116,6271,192,159,33,20.2,60.3,-40.1
2022,RB,WR,RB_vs_WR,Pierre Strong Jr.,Equanimeous St. Brown,8116,5323,192,145,47,20.2,43.4,-23.2
2022,RB,WR,RB_vs_WR,Pierre Strong Jr.,Darius Slayton,8116,6149,192,141,51,20.2,82.4,-62.2
2022,RB,WR,RB_vs_WR,Pierre Strong Jr.,Denzel Mims,8116,6849,192,138,54,20.2,18.6,1.6
2022,RB,WR,RB_vs_WR,Pierre Strong Jr.,Jauan Jennings,8116,7049,192,135,57,20.2,46.6,-26.4
2022,RB,WR,RB_vs_WR,Pierre Strong Jr.,Josh Reynolds,8116,4171,192,135,57,20.2,64.3,-44.1
2022,RB,WR,RB_vs_WR,Pierre Strong Jr.,Dyami Brown,8116,7587,192,133,59,20.2,27.8,-7.6
2022,RB,WR,RB_vs_WR,Pierre Strong Jr.,Anthony Schwartz,8116,7533,192,123,69,20.2,14.8,5.4
2022,RB,WR,RB_vs_WR,Pierre Strong Jr.,Tylan Wallace,8116,7595,192,122,70,20.2,2.1,18.1
2022,RB,WR,RB_vs_WR,Pierre Strong Jr.,Demarcus Robinson,8116,3286,192,116,76,20.2,53.4,-33.2
2022,RB,WR,RB_vs_WR,Pierre Strong Jr.,Scotty Miller,8116,6290,192,115,77,20.2,18.5,1.7
2022,RB,WR,RB_vs_WR,Pierre Strong Jr.,Jaelon Darden,8116,7713,192,110,82,20.2,2.8,17.4
2022,RB,WR,RB_vs_WR,Pierre Strong Jr.,Tre'Quan Smith,8116,5026,192,106,86,20.2,33.2,-13
2022,RB,WR,RB_vs_WR,Pierre Strong Jr.,Jamal Agnew,8116,4198,192,102,90,20.2,46.5,-26.3
2022,RB,WR,RB_vs_WR,Pierre Strong Jr.,Kalif Raymond,8116,3634,192,80,112,20.2,62.6,-42.4
2022,RB,WR,RB_vs_WR,Pierre Strong Jr.,Greg Dortch,8116,5970,192,77,115,20.2,56.6,-36.4
2022,RB,WR,RB_vs_WR,Pierre Strong Jr.,Lil'Jordan Humphrey,8116,5938,192,59,133,20.2,2,18.2
2022,RB,WR,RB_vs_WR,Keaontay Ingram,Kyle Philips,8221,8171,186,381,-195,13.8,3.8,10
2022,RB,WR,RB_vs_WR,Keaontay Ingram,Terrace Marshall,8221,7565,186,370,-184,13.8,52.7,-38.9
2022,RB,WR,RB_vs_WR,Keaontay Ingram,Danny Gray,8221,8176,186,335,-149,13.8,1.9,11.9
2022,RB,WR,RB_vs_WR,Keaontay Ingram,Curtis Samuel,8221,4082,186,327,-141,13.8,112.9,-99.1
2022,RB,WR,RB_vs_WR,Keaontay Ingram,Quez Watkins,8221,6927,186,321,-135,13.8,50.1,-36.3
2022,RB,WR,RB_vs_WR,Keaontay Ingram,Nelson Agholor,8221,2325,186,316,-130,13.8,44.2,-30.4
2022,RB,WR,RB_vs_WR,Keaontay Ingram,Braxton Berrios,8221,5121,186,262,-76,13.8,39.7,-25.9
2022,RB,WR,RB_vs_WR,Keaontay Ingram,Jalen Guyton,8221,6421,186,257,-71,13.8,6.4,7.4
2022,RB,WR,RB_vs_WR,Keaontay Ingram,Gabriel Davis,8221,6943,186,255,-69,13.8,119.7,-105.9
2022,RB,WR,RB_vs_WR,Keaontay Ingram,Devin Duvernay,8221,6847,186,243,-57,13.8,79.1,-65.3
2022,RB,WR,RB_vs_WR,Keaontay Ingram,Tutu Atwell,8221,7562,186,227,-41,13.8,35.4,-21.6
2022,RB,WR,RB_vs_WR,Keaontay Ingram,Marquez Callaway,8221,6989,186,222,-36,13.8,21.8,-8
2022,RB,WR,RB_vs_WR,Keaontay Ingram,Tyquan Thornton,8221,8188,186,213,-27,13.8,43,-29.2
2022,RB,WR,RB_vs_WR,Keaontay Ingram,Rondale Moore,8221,7601,186,190,-4,13.8,46.9,-33.1
2022,RB,WR,RB_vs_WR,Keaontay Ingram,Josh Palmer,8221,7670,186,188,-2,13.8,91.4,-77.6
2022,RB,WR,RB_vs_WR,Keaontay Ingram,Olamide Zaccheaus,8221,6271,186,159,27,13.8,60.3,-46.5
2022,RB,WR,RB_vs_WR,Keaontay Ingram,Equanimeous St. Brown,8221,5323,186,145,41,13.8,43.4,-29.6
2022,RB,WR,RB_vs_WR,Keaontay Ingram,Darius Slayton,8221,6149,186,141,45,13.8,82.4,-68.6
2022,RB,WR,RB_vs_WR,Keaontay Ingram,Denzel Mims,8221,6849,186,138,48,13.8,18.6,-4.8
2022,RB,WR,RB_vs_WR,Keaontay Ingram,Jauan Jennings,8221,7049,186,135,51,13.8,46.6,-32.8
2022,RB,WR,RB_vs_WR,Keaontay Ingram,Josh Reynolds,8221,4171,186,135,51,13.8,64.3,-50.5
2022,RB,WR,RB_vs_WR,Keaontay Ingram,Dyami Brown,8221,7587,186,133,53,13.8,27.8,-14
2022,RB,WR,RB_vs_WR,Keaontay Ingram,Anthony Schwartz,8221,7533,186,123,63,13.8,14.8,-1
2022,RB,WR,RB_vs_WR,Keaontay Ingram,Tylan Wallace,8221,7595,186,122,64,13.8,2.1,11.7
2022,RB,WR,RB_vs_WR,Keaontay Ingram,Demarcus Robinson,8221,3286,186,116,70,13.8,53.4,-39.6
2022,RB,WR,RB_vs_WR,Keaontay Ingram,Scotty Miller,8221,6290,186,115,71,13.8,18.5,-4.7
2022,RB,WR,RB_vs_WR,Keaontay Ingram,Jaelon Darden,8221,7713,186,110,76,13.8,2.8,11
2022,RB,WR,RB_vs_WR,Keaontay Ingram,Tre'Quan Smith,8221,5026,186,106,80,13.8,33.2,-19.4
2022,RB,WR,RB_vs_WR,Keaontay Ingram,Jamal Agnew,8221,4198,186,102,84,13.8,46.5,-32.7
2022,RB,WR,RB_vs_WR,Keaontay Ingram,Kalif Raymond,8221,3634,186,80,106,13.8,62.6,-48.8
2022,RB,WR,RB_vs_WR,Keaontay Ingram,Greg Dortch,8221,5970,186,77,109,13.8,56.6,-42.8
2022,RB,WR,RB_vs_WR,Keaontay Ingram,Lil'Jordan Humphrey,8221,5938,186,59,127,13.8,2,11.8
2022,RB,WR,RB_vs_WR,Nyheim Hines,Kyle Philips,5347,8171,182,381,-199,39.4,3.8,35.6
2022,RB,WR,RB_vs_WR,Nyheim Hines,Terrace Marshall,5347,7565,182,370,-188,39.4,52.7,-13.3
2022,RB,WR,RB_vs_WR,Nyheim Hines,Danny Gray,5347,8176,182,335,-153,39.4,1.9,37.5
2022,RB,WR,RB_vs_WR,Nyheim Hines,Curtis Samuel,5347,4082,182,327,-145,39.4,112.9,-73.5
2022,RB,WR,RB_vs_WR,Nyheim Hines,Quez Watkins,5347,6927,182,321,-139,39.4,50.1,-10.7
2022,RB,WR,RB_vs_WR,Nyheim Hines,Nelson Agholor,5347,2325,182,316,-134,39.4,44.2,-4.8
2022,RB,WR,RB_vs_WR,Nyheim Hines,Braxton Berrios,5347,5121,182,262,-80,39.4,39.7,-0.3
2022,RB,WR,RB_vs_WR,Nyheim Hines,Jalen Guyton,5347,6421,182,257,-75,39.4,6.4,33
2022,RB,WR,RB_vs_WR,Nyheim Hines,Gabriel Davis,5347,6943,182,255,-73,39.4,119.7,-80.3
2022,RB,WR,RB_vs_WR,Nyheim Hines,Devin Duvernay,5347,6847,182,243,-61,39.4,79.1,-39.7
2022,RB,WR,RB_vs_WR,Nyheim Hines,Tutu Atwell,5347,7562,182,227,-45,39.4,35.4,4
2022,RB,WR,RB_vs_WR,Nyheim Hines,Marquez Callaway,5347,6989,182,222,-40,39.4,21.8,17.6
2022,RB,WR,RB_vs_WR,Nyheim Hines,Tyquan Thornton,5347,8188,182,213,-31,39.4,43,-3.6
2022,RB,WR,RB_vs_WR,Nyheim Hines,Rondale Moore,5347,7601,182,190,-8,39.4,46.9,-7.5
2022,RB,WR,RB_vs_WR,Nyheim Hines,Josh Palmer,5347,7670,182,188,-6,39.4,91.4,-52
2022,RB,WR,RB_vs_WR,Nyheim Hines,Olamide Zaccheaus,5347,6271,182,159,23,39.4,60.3,-20.9
2022,RB,WR,RB_vs_WR,Nyheim Hines,Equanimeous St. Brown,5347,5323,182,145,37,39.4,43.4,-4
2022,RB,WR,RB_vs_WR,Nyheim Hines,Darius Slayton,5347,6149,182,141,41,39.4,82.4,-43
2022,RB,WR,RB_vs_WR,Nyheim Hines,Denzel Mims,5347,6849,182,138,44,39.4,18.6,20.8
2022,RB,WR,RB_vs_WR,Nyheim Hines,Jauan Jennings,5347,7049,182,135,47,39.4,46.6,-7.2
2022,RB,WR,RB_vs_WR,Nyheim Hines,Josh Reynolds,5347,4171,182,135,47,39.4,64.3,-24.9
2022,RB,WR,RB_vs_WR,Nyheim Hines,Dyami Brown,5347,7587,182,133,49,39.4,27.8,11.6
2022,RB,WR,RB_vs_WR,Nyheim Hines,Anthony Schwartz,5347,7533,182,123,59,39.4,14.8,24.6
2022,RB,WR,RB_vs_WR,Nyheim Hines,Tylan Wallace,5347,7595,182,122,60,39.4,2.1,37.3
2022,RB,WR,RB_vs_WR,Nyheim Hines,Demarcus Robinson,5347,3286,182,116,66,39.4,53.4,-14
2022,RB,WR,RB_vs_WR,Nyheim Hines,Scotty Miller,5347,6290,182,115,67,39.4,18.5,20.9
2022,RB,WR,RB_vs_WR,Nyheim Hines,Jaelon Darden,5347,7713,182,110,72,39.4,2.8,36.6
2022,RB,WR,RB_vs_WR,Nyheim Hines,Tre'Quan Smith,5347,5026,182,106,76,39.4,33.2,6.2
2022,RB,WR,RB_vs_WR,Nyheim Hines,Jamal Agnew,5347,4198,182,102,80,39.4,46.5,-7.1
2022,RB,WR,RB_vs_WR,Nyheim Hines,Kalif Raymond,5347,3634,182,80,102,39.4,62.6,-23.2
2022,RB,WR,RB_vs_WR,Nyheim Hines,Greg Dortch,5347,5970,182,77,105,39.4,56.6,-17.2
2022,RB,WR,RB_vs_WR,Nyheim Hines,Lil'Jordan Humphrey,5347,5938,182,59,123,39.4,2,37.4
2022,RB,WR,RB_vs_WR,DeeJay Dallas,Kyle Philips,6931,8171,181,381,-200,26.6,3.8,22.8
2022,RB,WR,RB_vs_WR,DeeJay Dallas,Terrace Marshall,6931,7565,181,370,-189,26.6,52.7,-26.1
2022,RB,WR,RB_vs_WR,DeeJay Dallas,Danny Gray,6931,8176,181,335,-154,26.6,1.9,24.7
2022,RB,WR,RB_vs_WR,DeeJay Dallas,Curtis Samuel,6931,4082,181,327,-146,26.6,112.9,-86.3
2022,RB,WR,RB_vs_WR,DeeJay Dallas,Quez Watkins,6931,6927,181,321,-140,26.6,50.1,-23.5
2022,RB,WR,RB_vs_WR,DeeJay Dallas,Nelson Agholor,6931,2325,181,316,-135,26.6,44.2,-17.6
2022,RB,WR,RB_vs_WR,DeeJay Dallas,Braxton Berrios,6931,5121,181,262,-81,26.6,39.7,-13.1
2022,RB,WR,RB_vs_WR,DeeJay Dallas,Jalen Guyton,6931,6421,181,257,-76,26.6,6.4,20.2
2022,RB,WR,RB_vs_WR,DeeJay Dallas,Gabriel Davis,6931,6943,181,255,-74,26.6,119.7,-93.1
2022,RB,WR,RB_vs_WR,DeeJay Dallas,Devin Duvernay,6931,6847,181,243,-62,26.6,79.1,-52.5
2022,RB,WR,RB_vs_WR,DeeJay Dallas,Tutu Atwell,6931,7562,181,227,-46,26.6,35.4,-8.8
2022,RB,WR,RB_vs_WR,DeeJay Dallas,Marquez Callaway,6931,6989,181,222,-41,26.6,21.8,4.8
2022,RB,WR,RB_vs_WR,DeeJay Dallas,Tyquan Thornton,6931,8188,181,213,-32,26.6,43,-16.4
2022,RB,WR,RB_vs_WR,DeeJay Dallas,Rondale Moore,6931,7601,181,190,-9,26.6,46.9,-20.3
2022,RB,WR,RB_vs_WR,DeeJay Dallas,Josh Palmer,6931,7670,181,188,-7,26.6,91.4,-64.8
2022,RB,WR,RB_vs_WR,DeeJay Dallas,Olamide Zaccheaus,6931,6271,181,159,22,26.6,60.3,-33.7
2022,RB,WR,RB_vs_WR,DeeJay Dallas,Equanimeous St. Brown,6931,5323,181,145,36,26.6,43.4,-16.8
2022,RB,WR,RB_vs_WR,DeeJay Dallas,Darius Slayton,6931,6149,181,141,40,26.6,82.4,-55.8
2022,RB,WR,RB_vs_WR,DeeJay Dallas,Denzel Mims,6931,6849,181,138,43,26.6,18.6,8
2022,RB,WR,RB_vs_WR,DeeJay Dallas,Jauan Jennings,6931,7049,181,135,46,26.6,46.6,-20
2022,RB,WR,RB_vs_WR,DeeJay Dallas,Josh Reynolds,6931,4171,181,135,46,26.6,64.3,-37.7
2022,RB,WR,RB_vs_WR,DeeJay Dallas,Dyami Brown,6931,7587,181,133,48,26.6,27.8,-1.2
2022,RB,WR,RB_vs_WR,DeeJay Dallas,Anthony Schwartz,6931,7533,181,123,58,26.6,14.8,11.8
2022,RB,WR,RB_vs_WR,DeeJay Dallas,Tylan Wallace,6931,7595,181,122,59,26.6,2.1,24.5
2022,RB,WR,RB_vs_WR,DeeJay Dallas,Demarcus Robinson,6931,3286,181,116,65,26.6,53.4,-26.8
2022,RB,WR,RB_vs_WR,DeeJay Dallas,Scotty Miller,6931,6290,181,115,66,26.6,18.5,8.1
2022,RB,WR,RB_vs_WR,DeeJay Dallas,Jaelon Darden,6931,7713,181,110,71,26.6,2.8,23.8
2022,RB,WR,RB_vs_WR,DeeJay Dallas,Tre'Quan Smith,6931,5026,181,106,75,26.6,33.2,-6.6
2022,RB,WR,RB_vs_WR,DeeJay Dallas,Jamal Agnew,6931,4198,181,102,79,26.6,46.5,-19.9
2022,RB,WR,RB_vs_WR,DeeJay Dallas,Kalif Raymond,6931,3634,181,80,101,26.6,62.6,-36
2022,RB,WR,RB_vs_WR,DeeJay Dallas,Greg Dortch,6931,5970,181,77,104,26.6,56.6,-30
2022,RB,WR,RB_vs_WR,DeeJay Dallas,Lil'Jordan Humphrey,6931,5938,181,59,122,26.6,2,24.6
2022,RB,WR,RB_vs_WR,Hassan Haskins,Terrace Marshall,8123,7565,179,370,-191,13.4,52.7,-39.3
2022,RB,WR,RB_vs_WR,Hassan Haskins,Danny Gray,8123,8176,179,335,-156,13.4,1.9,11.5
2022,RB,WR,RB_vs_WR,Hassan Haskins,Curtis Samuel,8123,4082,179,327,-148,13.4,112.9,-99.5
2022,RB,WR,RB_vs_WR,Hassan Haskins,Quez Watkins,8123,6927,179,321,-142,13.4,50.1,-36.7
2022,RB,WR,RB_vs_WR,Hassan Haskins,Nelson Agholor,8123,2325,179,316,-137,13.4,44.2,-30.8
2022,RB,WR,RB_vs_WR,Hassan Haskins,Braxton Berrios,8123,5121,179,262,-83,13.4,39.7,-26.3
2022,RB,WR,RB_vs_WR,Hassan Haskins,Jalen Guyton,8123,6421,179,257,-78,13.4,6.4,7
2022,RB,WR,RB_vs_WR,Hassan Haskins,Gabriel Davis,8123,6943,179,255,-76,13.4,119.7,-106.3
2022,RB,WR,RB_vs_WR,Hassan Haskins,Devin Duvernay,8123,6847,179,243,-64,13.4,79.1,-65.7
2022,RB,WR,RB_vs_WR,Hassan Haskins,Tutu Atwell,8123,7562,179,227,-48,13.4,35.4,-22
2022,RB,WR,RB_vs_WR,Hassan Haskins,Marquez Callaway,8123,6989,179,222,-43,13.4,21.8,-8.4
2022,RB,WR,RB_vs_WR,Hassan Haskins,Tyquan Thornton,8123,8188,179,213,-34,13.4,43,-29.6
2022,RB,WR,RB_vs_WR,Hassan Haskins,Rondale Moore,8123,7601,179,190,-11,13.4,46.9,-33.5
2022,RB,WR,RB_vs_WR,Hassan Haskins,Josh Palmer,8123,7670,179,188,-9,13.4,91.4,-78
2022,RB,WR,RB_vs_WR,Hassan Haskins,Olamide Zaccheaus,8123,6271,179,159,20,13.4,60.3,-46.9
2022,RB,WR,RB_vs_WR,Hassan Haskins,Equanimeous St. Brown,8123,5323,179,145,34,13.4,43.4,-30
2022,RB,WR,RB_vs_WR,Hassan Haskins,Darius Slayton,8123,6149,179,141,38,13.4,82.4,-69
2022,RB,WR,RB_vs_WR,Hassan Haskins,Denzel Mims,8123,6849,179,138,41,13.4,18.6,-5.2
2022,RB,WR,RB_vs_WR,Hassan Haskins,Jauan Jennings,8123,7049,179,135,44,13.4,46.6,-33.2
2022,RB,WR,RB_vs_WR,Hassan Haskins,Josh Reynolds,8123,4171,179,135,44,13.4,64.3,-50.9
2022,RB,WR,RB_vs_WR,Hassan Haskins,Dyami Brown,8123,7587,179,133,46,13.4,27.8,-14.4
2022,RB,WR,RB_vs_WR,Hassan Haskins,Anthony Schwartz,8123,7533,179,123,56,13.4,14.8,-1.4
2022,RB,WR,RB_vs_WR,Hassan Haskins,Tylan Wallace,8123,7595,179,122,57,13.4,2.1,11.3
2022,RB,WR,RB_vs_WR,Hassan Haskins,Demarcus Robinson,8123,3286,179,116,63,13.4,53.4,-40
2022,RB,WR,RB_vs_WR,Hassan Haskins,Scotty Miller,8123,6290,179,115,64,13.4,18.5,-5.1
2022,RB,WR,RB_vs_WR,Hassan Haskins,Jaelon Darden,8123,7713,179,110,69,13.4,2.8,10.6
2022,RB,WR,RB_vs_WR,Hassan Haskins,Tre'Quan Smith,8123,5026,179,106,73,13.4,33.2,-19.8
2022,RB,WR,RB_vs_WR,Hassan Haskins,Jamal Agnew,8123,4198,179,102,77,13.4,46.5,-33.1
2022,RB,WR,RB_vs_WR,Hassan Haskins,Kalif Raymond,8123,3634,179,80,99,13.4,62.6,-49.2
2022,RB,WR,RB_vs_WR,Hassan Haskins,Greg Dortch,8123,5970,179,77,102,13.4,56.6,-43.2
2022,RB,WR,RB_vs_WR,Hassan Haskins,Lil'Jordan Humphrey,8123,5938,179,59,120,13.4,2,11.4
2022,RB,WR,RB_vs_WR,Jerome Ford,Terrace Marshall,8143,7565,175,370,-195,1.2,52.7,-51.5
2022,RB,WR,RB_vs_WR,Jerome Ford,Danny Gray,8143,8176,175,335,-160,1.2,1.9,-0.7
2022,RB,WR,RB_vs_WR,Jerome Ford,Curtis Samuel,8143,4082,175,327,-152,1.2,112.9,-111.7
2022,RB,WR,RB_vs_WR,Jerome Ford,Quez Watkins,8143,6927,175,321,-146,1.2,50.1,-48.9
2022,RB,WR,RB_vs_WR,Jerome Ford,Nelson Agholor,8143,2325,175,316,-141,1.2,44.2,-43
2022,RB,WR,RB_vs_WR,Jerome Ford,Braxton Berrios,8143,5121,175,262,-87,1.2,39.7,-38.5
2022,RB,WR,RB_vs_WR,Jerome Ford,Jalen Guyton,8143,6421,175,257,-82,1.2,6.4,-5.2
2022,RB,WR,RB_vs_WR,Jerome Ford,Gabriel Davis,8143,6943,175,255,-80,1.2,119.7,-118.5
2022,RB,WR,RB_vs_WR,Jerome Ford,Devin Duvernay,8143,6847,175,243,-68,1.2,79.1,-77.9
2022,RB,WR,RB_vs_WR,Jerome Ford,Tutu Atwell,8143,7562,175,227,-52,1.2,35.4,-34.2
2022,RB,WR,RB_vs_WR,Jerome Ford,Marquez Callaway,8143,6989,175,222,-47,1.2,21.8,-20.6
2022,RB,WR,RB_vs_WR,Jerome Ford,Tyquan Thornton,8143,8188,175,213,-38,1.2,43,-41.8
2022,RB,WR,RB_vs_WR,Jerome Ford,Rondale Moore,8143,7601,175,190,-15,1.2,46.9,-45.7
2022,RB,WR,RB_vs_WR,Jerome Ford,Josh Palmer,8143,7670,175,188,-13,1.2,91.4,-90.2
2022,RB,WR,RB_vs_WR,Jerome Ford,Olamide Zaccheaus,8143,6271,175,159,16,1.2,60.3,-59.1
2022,RB,WR,RB_vs_WR,Jerome Ford,Equanimeous St. Brown,8143,5323,175,145,30,1.2,43.4,-42.2
2022,RB,WR,RB_vs_WR,Jerome Ford,Darius Slayton,8143,6149,175,141,34,1.2,82.4,-81.2
2022,RB,WR,RB_vs_WR,Jerome Ford,Denzel Mims,8143,6849,175,138,37,1.2,18.6,-17.4
2022,RB,WR,RB_vs_WR,Jerome Ford,Jauan Jennings,8143,7049,175,135,40,1.2,46.6,-45.4
2022,RB,WR,RB_vs_WR,Jerome Ford,Josh Reynolds,8143,4171,175,135,40,1.2,64.3,-63.1
2022,RB,WR,RB_vs_WR,Jerome Ford,Dyami Brown,8143,7587,175,133,42,1.2,27.8,-26.6
2022,RB,WR,RB_vs_WR,Jerome Ford,Anthony Schwartz,8143,7533,175,123,52,1.2,14.8,-13.6
2022,RB,WR,RB_vs_WR,Jerome Ford,Tylan Wallace,8143,7595,175,122,53,1.2,2.1,-0.9
2022,RB,WR,RB_vs_WR,Jerome Ford,Demarcus Robinson,8143,3286,175,116,59,1.2,53.4,-52.2
2022,RB,WR,RB_vs_WR,Jerome Ford,Scotty Miller,8143,6290,175,115,60,1.2,18.5,-17.3
2022,RB,WR,RB_vs_WR,Jerome Ford,Jaelon Darden,8143,7713,175,110,65,1.2,2.8,-1.6
2022,RB,WR,RB_vs_WR,Jerome Ford,Tre'Quan Smith,8143,5026,175,106,69,1.2,33.2,-32
2022,RB,WR,RB_vs_WR,Jerome Ford,Jamal Agnew,8143,4198,175,102,73,1.2,46.5,-45.3
2022,RB,WR,RB_vs_WR,Jerome Ford,Kalif Raymond,8143,3634,175,80,95,1.2,62.6,-61.4
2022,RB,WR,RB_vs_WR,Jerome Ford,Greg Dortch,8143,5970,175,77,98,1.2,56.6,-55.4
2022,RB,WR,RB_vs_WR,Jerome Ford,Lil'Jordan Humphrey,8143,5938,175,59,116,1.2,2,-0.8
2022,RB,WR,RB_vs_WR,Jordan Mason,Danny Gray,8408,8176,166,335,-169,29,1.9,27.1
2022,RB,WR,RB_vs_WR,Jordan Mason,Curtis Samuel,8408,4082,166,327,-161,29,112.9,-83.9
2022,RB,WR,RB_vs_WR,Jordan Mason,Quez Watkins,8408,6927,166,321,-155,29,50.1,-21.1
2022,RB,WR,RB_vs_WR,Jordan Mason,Nelson Agholor,8408,2325,166,316,-150,29,44.2,-15.2
2022,RB,WR,RB_vs_WR,Jordan Mason,Braxton Berrios,8408,5121,166,262,-96,29,39.7,-10.7
2022,RB,WR,RB_vs_WR,Jordan Mason,Jalen Guyton,8408,6421,166,257,-91,29,6.4,22.6
2022,RB,WR,RB_vs_WR,Jordan Mason,Gabriel Davis,8408,6943,166,255,-89,29,119.7,-90.7
2022,RB,WR,RB_vs_WR,Jordan Mason,Devin Duvernay,8408,6847,166,243,-77,29,79.1,-50.1
2022,RB,WR,RB_vs_WR,Jordan Mason,Tutu Atwell,8408,7562,166,227,-61,29,35.4,-6.4
2022,RB,WR,RB_vs_WR,Jordan Mason,Marquez Callaway,8408,6989,166,222,-56,29,21.8,7.2
2022,RB,WR,RB_vs_WR,Jordan Mason,Tyquan Thornton,8408,8188,166,213,-47,29,43,-14
2022,RB,WR,RB_vs_WR,Jordan Mason,Rondale Moore,8408,7601,166,190,-24,29,46.9,-17.9
2022,RB,WR,RB_vs_WR,Jordan Mason,Josh Palmer,8408,7670,166,188,-22,29,91.4,-62.4
2022,RB,WR,RB_vs_WR,Jordan Mason,Olamide Zaccheaus,8408,6271,166,159,7,29,60.3,-31.3
2022,RB,WR,RB_vs_WR,Jordan Mason,Equanimeous St. Brown,8408,5323,166,145,21,29,43.4,-14.4
2022,RB,WR,RB_vs_WR,Jordan Mason,Darius Slayton,8408,6149,166,141,25,29,82.4,-53.4
2022,RB,WR,RB_vs_WR,Jordan Mason,Denzel Mims,8408,6849,166,138,28,29,18.6,10.4
2022,RB,WR,RB_vs_WR,Jordan Mason,Jauan Jennings,8408,7049,166,135,31,29,46.6,-17.6
2022,RB,WR,RB_vs_WR,Jordan Mason,Josh Reynolds,8408,4171,166,135,31,29,64.3,-35.3
2022,RB,WR,RB_vs_WR,Jordan Mason,Dyami Brown,8408,7587,166,133,33,29,27.8,1.2
2022,RB,WR,RB_vs_WR,Jordan Mason,Anthony Schwartz,8408,7533,166,123,43,29,14.8,14.2
2022,RB,WR,RB_vs_WR,Jordan Mason,Tylan Wallace,8408,7595,166,122,44,29,2.1,26.9
2022,RB,WR,RB_vs_WR,Jordan Mason,Demarcus Robinson,8408,3286,166,116,50,29,53.4,-24.4
2022,RB,WR,RB_vs_WR,Jordan Mason,Scotty Miller,8408,6290,166,115,51,29,18.5,10.5
2022,RB,WR,RB_vs_WR,Jordan Mason,Jaelon Darden,8408,7713,166,110,56,29,2.8,26.2
2022,RB,WR,RB_vs_WR,Jordan Mason,Tre'Quan Smith,8408,5026,166,106,60,29,33.2,-4.2
2022,RB,WR,RB_vs_WR,Jordan Mason,Jamal Agnew,8408,4198,166,102,64,29,46.5,-17.5
2022,RB,WR,RB_vs_WR,Jordan Mason,Kalif Raymond,8408,3634,166,80,86,29,62.6,-33.6
2022,RB,WR,RB_vs_WR,Jordan Mason,Greg Dortch,8408,5970,166,77,89,29,56.6,-27.6
2022,RB,WR,RB_vs_WR,Jordan Mason,Lil'Jordan Humphrey,8408,5938,166,59,107,29,2,27
2022,RB,WR,RB_vs_WR,Samaje Perine,Danny Gray,4147,8176,165,335,-170,101.9,1.9,100
2022,RB,WR,RB_vs_WR,Samaje Perine,Curtis Samuel,4147,4082,165,327,-162,101.9,112.9,-11
2022,RB,WR,RB_vs_WR,Samaje Perine,Quez Watkins,4147,6927,165,321,-156,101.9,50.1,51.8
2022,RB,WR,RB_vs_WR,Samaje Perine,Nelson Agholor,4147,2325,165,316,-151,101.9,44.2,57.7
2022,RB,WR,RB_vs_WR,Samaje Perine,Braxton Berrios,4147,5121,165,262,-97,101.9,39.7,62.2
2022,RB,WR,RB_vs_WR,Samaje Perine,Jalen Guyton,4147,6421,165,257,-92,101.9,6.4,95.5
2022,RB,WR,RB_vs_WR,Samaje Perine,Gabriel Davis,4147,6943,165,255,-90,101.9,119.7,-17.8
2022,RB,WR,RB_vs_WR,Samaje Perine,Devin Duvernay,4147,6847,165,243,-78,101.9,79.1,22.8
2022,RB,WR,RB_vs_WR,Samaje Perine,Tutu Atwell,4147,7562,165,227,-62,101.9,35.4,66.5
2022,RB,WR,RB_vs_WR,Samaje Perine,Marquez Callaway,4147,6989,165,222,-57,101.9,21.8,80.1
2022,RB,WR,RB_vs_WR,Samaje Perine,Tyquan Thornton,4147,8188,165,213,-48,101.9,43,58.9
2022,RB,WR,RB_vs_WR,Samaje Perine,Rondale Moore,4147,7601,165,190,-25,101.9,46.9,55
2022,RB,WR,RB_vs_WR,Samaje Perine,Josh Palmer,4147,7670,165,188,-23,101.9,91.4,10.5
2022,RB,WR,RB_vs_WR,Samaje Perine,Olamide Zaccheaus,4147,6271,165,159,6,101.9,60.3,41.6
2022,RB,WR,RB_vs_WR,Samaje Perine,Equanimeous St. Brown,4147,5323,165,145,20,101.9,43.4,58.5
2022,RB,WR,RB_vs_WR,Samaje Perine,Darius Slayton,4147,6149,165,141,24,101.9,82.4,19.5
2022,RB,WR,RB_vs_WR,Samaje Perine,Denzel Mims,4147,6849,165,138,27,101.9,18.6,83.3
2022,RB,WR,RB_vs_WR,Samaje Perine,Jauan Jennings,4147,7049,165,135,30,101.9,46.6,55.3
2022,RB,WR,RB_vs_WR,Samaje Perine,Josh Reynolds,4147,4171,165,135,30,101.9,64.3,37.6
2022,RB,WR,RB_vs_WR,Samaje Perine,Dyami Brown,4147,7587,165,133,32,101.9,27.8,74.1
2022,RB,WR,RB_vs_WR,Samaje Perine,Anthony Schwartz,4147,7533,165,123,42,101.9,14.8,87.1
2022,RB,WR,RB_vs_WR,Samaje Perine,Tylan Wallace,4147,7595,165,122,43,101.9,2.1,99.8
2022,RB,WR,RB_vs_WR,Samaje Perine,Demarcus Robinson,4147,3286,165,116,49,101.9,53.4,48.5
2022,RB,WR,RB_vs_WR,Samaje Perine,Scotty Miller,4147,6290,165,115,50,101.9,18.5,83.4
2022,RB,WR,RB_vs_WR,Samaje Perine,Jaelon Darden,4147,7713,165,110,55,101.9,2.8,99.1
2022,RB,WR,RB_vs_WR,Samaje Perine,Tre'Quan Smith,4147,5026,165,106,59,101.9,33.2,68.7
2022,RB,WR,RB_vs_WR,Samaje Perine,Jamal Agnew,4147,4198,165,102,63,101.9,46.5,55.4
2022,RB,WR,RB_vs_WR,Samaje Perine,Kalif Raymond,4147,3634,165,80,85,101.9,62.6,39.3
2022,RB,WR,RB_vs_WR,Samaje Perine,Greg Dortch,4147,5970,165,77,88,101.9,56.6,45.3
2022,RB,WR,RB_vs_WR,Samaje Perine,Lil'Jordan Humphrey,4147,5938,165,59,106,101.9,2,99.9
2022,RB,WR,RB_vs_WR,Kene Nwangwu,Danny Gray,7720,8176,164,335,-171,6.6,1.9,4.7
2022,RB,WR,RB_vs_WR,Kene Nwangwu,Curtis Samuel,7720,4082,164,327,-163,6.6,112.9,-106.3
2022,RB,WR,RB_vs_WR,Kene Nwangwu,Quez Watkins,7720,6927,164,321,-157,6.6,50.1,-43.5
2022,RB,WR,RB_vs_WR,Kene Nwangwu,Nelson Agholor,7720,2325,164,316,-152,6.6,44.2,-37.6
2022,RB,WR,RB_vs_WR,Kene Nwangwu,Braxton Berrios,7720,5121,164,262,-98,6.6,39.7,-33.1
2022,RB,WR,RB_vs_WR,Kene Nwangwu,Jalen Guyton,7720,6421,164,257,-93,6.6,6.4,0.2
2022,RB,WR,RB_vs_WR,Kene Nwangwu,Gabriel Davis,7720,6943,164,255,-91,6.6,119.7,-113.1
2022,RB,WR,RB_vs_WR,Kene Nwangwu,Devin Duvernay,7720,6847,164,243,-79,6.6,79.1,-72.5
2022,RB,WR,RB_vs_WR,Kene Nwangwu,Tutu Atwell,7720,7562,164,227,-63,6.6,35.4,-28.8
2022,RB,WR,RB_vs_WR,Kene Nwangwu,Marquez Callaway,7720,6989,164,222,-58,6.6,21.8,-15.2
2022,RB,WR,RB_vs_WR,Kene Nwangwu,Tyquan Thornton,7720,8188,164,213,-49,6.6,43,-36.4
2022,RB,WR,RB_vs_WR,Kene Nwangwu,Rondale Moore,7720,7601,164,190,-26,6.6,46.9,-40.3
2022,RB,WR,RB_vs_WR,Kene Nwangwu,Josh Palmer,7720,7670,164,188,-24,6.6,91.4,-84.8
2022,RB,WR,RB_vs_WR,Kene Nwangwu,Olamide Zaccheaus,7720,6271,164,159,5,6.6,60.3,-53.7
2022,RB,WR,RB_vs_WR,Kene Nwangwu,Equanimeous St. Brown,7720,5323,164,145,19,6.6,43.4,-36.8
2022,RB,WR,RB_vs_WR,Kene Nwangwu,Darius Slayton,7720,6149,164,141,23,6.6,82.4,-75.8
2022,RB,WR,RB_vs_WR,Kene Nwangwu,Denzel Mims,7720,6849,164,138,26,6.6,18.6,-12
2022,RB,WR,RB_vs_WR,Kene Nwangwu,Jauan Jennings,7720,7049,164,135,29,6.6,46.6,-40
2022,RB,WR,RB_vs_WR,Kene Nwangwu,Josh Reynolds,7720,4171,164,135,29,6.6,64.3,-57.7
2022,RB,WR,RB_vs_WR,Kene Nwangwu,Dyami Brown,7720,7587,164,133,31,6.6,27.8,-21.2
2022,RB,WR,RB_vs_WR,Kene Nwangwu,Anthony Schwartz,7720,7533,164,123,41,6.6,14.8,-8.2
2022,RB,WR,RB_vs_WR,Kene Nwangwu,Tylan Wallace,7720,7595,164,122,42,6.6,2.1,4.5
2022,RB,WR,RB_vs_WR,Kene Nwangwu,Demarcus Robinson,7720,3286,164,116,48,6.6,53.4,-46.8
2022,RB,WR,RB_vs_WR,Kene Nwangwu,Scotty Miller,7720,6290,164,115,49,6.6,18.5,-11.9
2022,RB,WR,RB_vs_WR,Kene Nwangwu,Jaelon Darden,7720,7713,164,110,54,6.6,2.8,3.8
2022,RB,WR,RB_vs_WR,Kene Nwangwu,Tre'Quan Smith,7720,5026,164,106,58,6.6,33.2,-26.6
2022,RB,WR,RB_vs_WR,Kene Nwangwu,Jamal Agnew,7720,4198,164,102,62,6.6,46.5,-39.9
2022,RB,WR,RB_vs_WR,Kene Nwangwu,Kalif Raymond,7720,3634,164,80,84,6.6,62.6,-56
2022,RB,WR,RB_vs_WR,Kene Nwangwu,Greg Dortch,7720,5970,164,77,87,6.6,56.6,-50
2022,RB,WR,RB_vs_WR,Kene Nwangwu,Lil'Jordan Humphrey,7720,5938,164,59,105,6.6,2,4.6
2022,RB,WR,RB_vs_WR,Jeffery Wilson,Curtis Samuel,5284,4082,132,327,-195,129.1,112.9,16.2
2022,RB,WR,RB_vs_WR,Jeffery Wilson,Quez Watkins,5284,6927,132,321,-189,129.1,50.1,79
2022,RB,WR,RB_vs_WR,Jeffery Wilson,Nelson Agholor,5284,2325,132,316,-184,129.1,44.2,84.9
2022,RB,WR,RB_vs_WR,Jeffery Wilson,Braxton Berrios,5284,5121,132,262,-130,129.1,39.7,89.4
2022,RB,WR,RB_vs_WR,Jeffery Wilson,Jalen Guyton,5284,6421,132,257,-125,129.1,6.4,122.7
2022,RB,WR,RB_vs_WR,Jeffery Wilson,Gabriel Davis,5284,6943,132,255,-123,129.1,119.7,9.4
2022,RB,WR,RB_vs_WR,Jeffery Wilson,Devin Duvernay,5284,6847,132,243,-111,129.1,79.1,50
2022,RB,WR,RB_vs_WR,Jeffery Wilson,Tutu Atwell,5284,7562,132,227,-95,129.1,35.4,93.7
2022,RB,WR,RB_vs_WR,Jeffery Wilson,Marquez Callaway,5284,6989,132,222,-90,129.1,21.8,107.3
2022,RB,WR,RB_vs_WR,Jeffery Wilson,Tyquan Thornton,5284,8188,132,213,-81,129.1,43,86.1
2022,RB,WR,RB_vs_WR,Jeffery Wilson,Rondale Moore,5284,7601,132,190,-58,129.1,46.9,82.2
2022,RB,WR,RB_vs_WR,Jeffery Wilson,Josh Palmer,5284,7670,132,188,-56,129.1,91.4,37.7
2022,RB,WR,RB_vs_WR,Jeffery Wilson,Olamide Zaccheaus,5284,6271,132,159,-27,129.1,60.3,68.8
2022,RB,WR,RB_vs_WR,Jeffery Wilson,Equanimeous St. Brown,5284,5323,132,145,-13,129.1,43.4,85.7
2022,RB,WR,RB_vs_WR,Jeffery Wilson,Darius Slayton,5284,6149,132,141,-9,129.1,82.4,46.7
2022,RB,WR,RB_vs_WR,Jeffery Wilson,Denzel Mims,5284,6849,132,138,-6,129.1,18.6,110.5
2022,RB,WR,RB_vs_WR,Jeffery Wilson,Jauan Jennings,5284,7049,132,135,-3,129.1,46.6,82.5
2022,RB,WR,RB_vs_WR,Jeffery Wilson,Josh Reynolds,5284,4171,132,135,-3,129.1,64.3,64.8
2022,RB,WR,RB_vs_WR,Jeffery Wilson,Dyami Brown,5284,7587,132,133,-1,129.1,27.8,101.3
2022,RB,WR,RB_vs_WR,Jeffery Wilson,Anthony Schwartz,5284,7533,132,123,9,129.1,14.8,114.3
2022,RB,WR,RB_vs_WR,Jeffery Wilson,Tylan Wallace,5284,7595,132,122,10,129.1,2.1,127
2022,RB,WR,RB_vs_WR,Jeffery Wilson,Demarcus Robinson,5284,3286,132,116,16,129.1,53.4,75.7
2022,RB,WR,RB_vs_WR,Jeffery Wilson,Scotty Miller,5284,6290,132,115,17,129.1,18.5,110.6
2022,RB,WR,RB_vs_WR,Jeffery Wilson,Jaelon Darden,5284,7713,132,110,22,129.1,2.8,126.3
2022,RB,WR,RB_vs_WR,Jeffery Wilson,Tre'Quan Smith,5284,5026,132,106,26,129.1,33.2,95.9
2022,RB,WR,RB_vs_WR,Jeffery Wilson,Jamal Agnew,5284,4198,132,102,30,129.1,46.5,82.6
2022,RB,WR,RB_vs_WR,Jeffery Wilson,Kalif Raymond,5284,3634,132,80,52,129.1,62.6,66.5
2022,RB,WR,RB_vs_WR,Jeffery Wilson,Greg Dortch,5284,5970,132,77,55,129.1,56.6,72.5
2022,RB,WR,RB_vs_WR,Jeffery Wilson,Lil'Jordan Humphrey,5284,5938,132,59,73,129.1,2,127.1
2022,RB,WR,RB_vs_WR,Justice Hill,Braxton Berrios,5995,5121,93,262,-169,26.6,39.7,-13.1
2022,RB,WR,RB_vs_WR,Justice Hill,Jalen Guyton,5995,6421,93,257,-164,26.6,6.4,20.2
2022,RB,WR,RB_vs_WR,Justice Hill,Gabriel Davis,5995,6943,93,255,-162,26.6,119.7,-93.1
2022,RB,WR,RB_vs_WR,Justice Hill,Devin Duvernay,5995,6847,93,243,-150,26.6,79.1,-52.5
2022,RB,WR,RB_vs_WR,Justice Hill,Tutu Atwell,5995,7562,93,227,-134,26.6,35.4,-8.8
2022,RB,WR,RB_vs_WR,Justice Hill,Marquez Callaway,5995,6989,93,222,-129,26.6,21.8,4.8
2022,RB,WR,RB_vs_WR,Justice Hill,Tyquan Thornton,5995,8188,93,213,-120,26.6,43,-16.4
2022,RB,WR,RB_vs_WR,Justice Hill,Rondale Moore,5995,7601,93,190,-97,26.6,46.9,-20.3
2022,RB,WR,RB_vs_WR,Justice Hill,Josh Palmer,5995,7670,93,188,-95,26.6,91.4,-64.8
2022,RB,WR,RB_vs_WR,Justice Hill,Olamide Zaccheaus,5995,6271,93,159,-66,26.6,60.3,-33.7
2022,RB,WR,RB_vs_WR,Justice Hill,Equanimeous St. Brown,5995,5323,93,145,-52,26.6,43.4,-16.8
2022,RB,WR,RB_vs_WR,Justice Hill,Darius Slayton,5995,6149,93,141,-48,26.6,82.4,-55.8
2022,RB,WR,RB_vs_WR,Justice Hill,Denzel Mims,5995,6849,93,138,-45,26.6,18.6,8
2022,RB,WR,RB_vs_WR,Justice Hill,Jauan Jennings,5995,7049,93,135,-42,26.6,46.6,-20
2022,RB,WR,RB_vs_WR,Justice Hill,Josh Reynolds,5995,4171,93,135,-42,26.6,64.3,-37.7
2022,RB,WR,RB_vs_WR,Justice Hill,Dyami Brown,5995,7587,93,133,-40,26.6,27.8,-1.2
2022,RB,WR,RB_vs_WR,Justice Hill,Anthony Schwartz,5995,7533,93,123,-30,26.6,14.8,11.8
2022,RB,WR,RB_vs_WR,Justice Hill,Tylan Wallace,5995,7595,93,122,-29,26.6,2.1,24.5
2022,RB,WR,RB_vs_WR,Justice Hill,Demarcus Robinson,5995,3286,93,116,-23,26.6,53.4,-26.8
2022,RB,WR,RB_vs_WR,Justice Hill,Scotty Miller,5995,6290,93,115,-22,26.6,18.5,8.1
2022,RB,WR,RB_vs_WR,Justice Hill,Jaelon Darden,5995,7713,93,110,-17,26.6,2.8,23.8
2022,RB,WR,RB_vs_WR,Justice Hill,Tre'Quan Smith,5995,5026,93,106,-13,26.6,33.2,-6.6
2022,RB,WR,RB_vs_WR,Justice Hill,Jamal Agnew,5995,4198,93,102,-9,26.6,46.5,-19.9
2022,RB,WR,RB_vs_WR,Justice Hill,Kalif Raymond,5995,3634,93,80,13,26.6,62.6,-36
2022,RB,WR,RB_vs_WR,Justice Hill,Greg Dortch,5995,5970,93,77,16,26.6,56.6,-30
2022,RB,WR,RB_vs_WR,Justice Hill,Lil'Jordan Humphrey,5995,5938,93,59,34,26.6,2,24.6
2022,RB,WR,RB_vs_WR,Kevin Harris,Braxton Berrios,8174,5121,90,262,-172,11.2,39.7,-28.5
2022,RB,WR,RB_vs_WR,Kevin Harris,Jalen Guyton,8174,6421,90,257,-167,11.2,6.4,4.8
2022,RB,WR,RB_vs_WR,Kevin Harris,Gabriel Davis,8174,6943,90,255,-165,11.2,119.7,-108.5
2022,RB,WR,RB_vs_WR,Kevin Harris,Devin Duvernay,8174,6847,90,243,-153,11.2,79.1,-67.9
2022,RB,WR,RB_vs_WR,Kevin Harris,Tutu Atwell,8174,7562,90,227,-137,11.2,35.4,-24.2
2022,RB,WR,RB_vs_WR,Kevin Harris,Marquez Callaway,8174,6989,90,222,-132,11.2,21.8,-10.6
2022,RB,WR,RB_vs_WR,Kevin Harris,Tyquan Thornton,8174,8188,90,213,-123,11.2,43,-31.8
2022,RB,WR,RB_vs_WR,Kevin Harris,Rondale Moore,8174,7601,90,190,-100,11.2,46.9,-35.7
2022,RB,WR,RB_vs_WR,Kevin Harris,Josh Palmer,8174,7670,90,188,-98,11.2,91.4,-80.2
2022,RB,WR,RB_vs_WR,Kevin Harris,Olamide Zaccheaus,8174,6271,90,159,-69,11.2,60.3,-49.1
2022,RB,WR,RB_vs_WR,Kevin Harris,Equanimeous St. Brown,8174,5323,90,145,-55,11.2,43.4,-32.2
2022,RB,WR,RB_vs_WR,Kevin Harris,Darius Slayton,8174,6149,90,141,-51,11.2,82.4,-71.2
2022,RB,WR,RB_vs_WR,Kevin Harris,Denzel Mims,8174,6849,90,138,-48,11.2,18.6,-7.4
2022,RB,WR,RB_vs_WR,Kevin Harris,Jauan Jennings,8174,7049,90,135,-45,11.2,46.6,-35.4
2022,RB,WR,RB_vs_WR,Kevin Harris,Josh Reynolds,8174,4171,90,135,-45,11.2,64.3,-53.1
2022,RB,WR,RB_vs_WR,Kevin Harris,Dyami Brown,8174,7587,90,133,-43,11.2,27.8,-16.6
2022,RB,WR,RB_vs_WR,Kevin Harris,Anthony Schwartz,8174,7533,90,123,-33,11.2,14.8,-3.6
2022,RB,WR,RB_vs_WR,Kevin Harris,Tylan Wallace,8174,7595,90,122,-32,11.2,2.1,9.1
2022,RB,WR,RB_vs_WR,Kevin Harris,Demarcus Robinson,8174,3286,90,116,-26,11.2,53.4,-42.2
2022,RB,WR,RB_vs_WR,Kevin Harris,Scotty Miller,8174,6290,90,115,-25,11.2,18.5,-7.3
2022,RB,WR,RB_vs_WR,Kevin Harris,Jaelon Darden,8174,7713,90,110,-20,11.2,2.8,8.4
2022,RB,WR,RB_vs_WR,Kevin Harris,Tre'Quan Smith,8174,5026,90,106,-16,11.2,33.2,-22
2022,RB,WR,RB_vs_WR,Kevin Harris,Jamal Agnew,8174,4198,90,102,-12,11.2,46.5,-35.3
2022,RB,WR,RB_vs_WR,Kevin Harris,Kalif Raymond,8174,3634,90,80,10,11.2,62.6,-51.4
2022,RB,WR,RB_vs_WR,Kevin Harris,Greg Dortch,8174,5970,90,77,13,11.2,56.6,-45.4
2022,RB,WR,RB_vs_WR,Kevin Harris,Lil'Jordan Humphrey,8174,5938,90,59,31,11.2,2,9.2
2022,RB,WR,RB_vs_WR,Salvon Ahmed,Braxton Berrios,6918,5121,86,262,-176,12.5,39.7,-27.2
2022,RB,WR,RB_vs_WR,Salvon Ahmed,Jalen Guyton,6918,6421,86,257,-171,12.5,6.4,6.1
2022,RB,WR,RB_vs_WR,Salvon Ahmed,Gabriel Davis,6918,6943,86,255,-169,12.5,119.7,-107.2
2022,RB,WR,RB_vs_WR,Salvon Ahmed,Devin Duvernay,6918,6847,86,243,-157,12.5,79.1,-66.6
2022,RB,WR,RB_vs_WR,Salvon Ahmed,Tutu Atwell,6918,7562,86,227,-141,12.5,35.4,-22.9
2022,RB,WR,RB_vs_WR,Salvon Ahmed,Marquez Callaway,6918,6989,86,222,-136,12.5,21.8,-9.3
2022,RB,WR,RB_vs_WR,Salvon Ahmed,Tyquan Thornton,6918,8188,86,213,-127,12.5,43,-30.5
2022,RB,WR,RB_vs_WR,Salvon Ahmed,Rondale Moore,6918,7601,86,190,-104,12.5,46.9,-34.4
2022,RB,WR,RB_vs_WR,Salvon Ahmed,Josh Palmer,6918,7670,86,188,-102,12.5,91.4,-78.9
2022,RB,WR,RB_vs_WR,Salvon Ahmed,Olamide Zaccheaus,6918,6271,86,159,-73,12.5,60.3,-47.8
2022,RB,WR,RB_vs_WR,Salvon Ahmed,Equanimeous St. Brown,6918,5323,86,145,-59,12.5,43.4,-30.9
2022,RB,WR,RB_vs_WR,Salvon Ahmed,Darius Slayton,6918,6149,86,141,-55,12.5,82.4,-69.9
2022,RB,WR,RB_vs_WR,Salvon Ahmed,Denzel Mims,6918,6849,86,138,-52,12.5,18.6,-6.1
2022,RB,WR,RB_vs_WR,Salvon Ahmed,Jauan Jennings,6918,7049,86,135,-49,12.5,46.6,-34.1
2022,RB,WR,RB_vs_WR,Salvon Ahmed,Josh Reynolds,6918,4171,86,135,-49,12.5,64.3,-51.8
2022,RB,WR,RB_vs_WR,Salvon Ahmed,Dyami Brown,6918,7587,86,133,-47,12.5,27.8,-15.3
2022,RB,WR,RB_vs_WR,Salvon Ahmed,Anthony Schwartz,6918,7533,86,123,-37,12.5,14.8,-2.3
2022,RB,WR,RB_vs_WR,Salvon Ahmed,Tylan Wallace,6918,7595,86,122,-36,12.5,2.1,10.4
2022,RB,WR,RB_vs_WR,Salvon Ahmed,Demarcus Robinson,6918,3286,86,116,-30,12.5,53.4,-40.9
2022,RB,WR,RB_vs_WR,Salvon Ahmed,Scotty Miller,6918,6290,86,115,-29,12.5,18.5,-6
2022,RB,WR,RB_vs_WR,Salvon Ahmed,Jaelon Darden,6918,7713,86,110,-24,12.5,2.8,9.7
2022,RB,WR,RB_vs_WR,Salvon Ahmed,Tre'Quan Smith,6918,5026,86,106,-20,12.5,33.2,-20.7
2022,RB,WR,RB_vs_WR,Salvon Ahmed,Jamal Agnew,6918,4198,86,102,-16,12.5,46.5,-34
2022,RB,WR,RB_vs_WR,Salvon Ahmed,Kalif Raymond,6918,3634,86,80,6,12.5,62.6,-50.1
2022,RB,WR,RB_vs_WR,Salvon Ahmed,Greg Dortch,6918,5970,86,77,9,12.5,56.6,-44.1
2022,RB,WR,RB_vs_WR,Salvon Ahmed,Lil'Jordan Humphrey,6918,5938,86,59,27,12.5,2,10.5
2022,RB,WR,RB_vs_WR,Ty Johnson,Braxton Berrios,6039,5121,84,262,-178,28.3,39.7,-11.4
2022,RB,WR,RB_vs_WR,Ty Johnson,Jalen Guyton,6039,6421,84,257,-173,28.3,6.4,21.9
2022,RB,WR,RB_vs_WR,Ty Johnson,Gabriel Davis,6039,6943,84,255,-171,28.3,119.7,-91.4
2022,RB,WR,RB_vs_WR,Ty Johnson,Devin Duvernay,6039,6847,84,243,-159,28.3,79.1,-50.8
2022,RB,WR,RB_vs_WR,Ty Johnson,Tutu Atwell,6039,7562,84,227,-143,28.3,35.4,-7.1
2022,RB,WR,RB_vs_WR,Ty Johnson,Marquez Callaway,6039,6989,84,222,-138,28.3,21.8,6.5
2022,RB,WR,RB_vs_WR,Ty Johnson,Tyquan Thornton,6039,8188,84,213,-129,28.3,43,-14.7
2022,RB,WR,RB_vs_WR,Ty Johnson,Rondale Moore,6039,7601,84,190,-106,28.3,46.9,-18.6
2022,RB,WR,RB_vs_WR,Ty Johnson,Josh Palmer,6039,7670,84,188,-104,28.3,91.4,-63.1
2022,RB,WR,RB_vs_WR,Ty Johnson,Olamide Zaccheaus,6039,6271,84,159,-75,28.3,60.3,-32
2022,RB,WR,RB_vs_WR,Ty Johnson,Equanimeous St. Brown,6039,5323,84,145,-61,28.3,43.4,-15.1
2022,RB,WR,RB_vs_WR,Ty Johnson,Darius Slayton,6039,6149,84,141,-57,28.3,82.4,-54.1
2022,RB,WR,RB_vs_WR,Ty Johnson,Denzel Mims,6039,6849,84,138,-54,28.3,18.6,9.7
2022,RB,WR,RB_vs_WR,Ty Johnson,Jauan Jennings,6039,7049,84,135,-51,28.3,46.6,-18.3
2022,RB,WR,RB_vs_WR,Ty Johnson,Josh Reynolds,6039,4171,84,135,-51,28.3,64.3,-36
2022,RB,WR,RB_vs_WR,Ty Johnson,Dyami Brown,6039,7587,84,133,-49,28.3,27.8,0.5
2022,RB,WR,RB_vs_WR,Ty Johnson,Anthony Schwartz,6039,7533,84,123,-39,28.3,14.8,13.5
2022,RB,WR,RB_vs_WR,Ty Johnson,Tylan Wallace,6039,7595,84,122,-38,28.3,2.1,26.2
2022,RB,WR,RB_vs_WR,Ty Johnson,Demarcus Robinson,6039,3286,84,116,-32,28.3,53.4,-25.1
2022,RB,WR,RB_vs_WR,Ty Johnson,Scotty Miller,6039,6290,84,115,-31,28.3,18.5,9.8
2022,RB,WR,RB_vs_WR,Ty Johnson,Jaelon Darden,6039,7713,84,110,-26,28.3,2.8,25.5
2022,RB,WR,RB_vs_WR,Ty Johnson,Tre'Quan Smith,6039,5026,84,106,-22,28.3,33.2,-4.9
2022,RB,WR,RB_vs_WR,Ty Johnson,Jamal Agnew,6039,4198,84,102,-18,28.3,46.5,-18.2
2022,RB,WR,RB_vs_WR,Ty Johnson,Kalif Raymond,6039,3634,84,80,4,28.3,62.6,-34.3
2022,RB,WR,RB_vs_WR,Ty Johnson,Greg Dortch,6039,5970,84,77,7,28.3,56.6,-28.3
2022,RB,WR,RB_vs_WR,Ty Johnson,Lil'Jordan Humphrey,6039,5938,84,59,25,28.3,2,26.3
2022,RB,WR,RB_vs_WR,Trayveon Williams,Braxton Berrios,6144,5121,83,262,-179,6,39.7,-33.7
2022,RB,WR,RB_vs_WR,Trayveon Williams,Jalen Guyton,6144,6421,83,257,-174,6,6.4,-0.4
2022,RB,WR,RB_vs_WR,Trayveon Williams,Gabriel Davis,6144,6943,83,255,-172,6,119.7,-113.7
2022,RB,WR,RB_vs_WR,Trayveon Williams,Devin Duvernay,6144,6847,83,243,-160,6,79.1,-73.1
2022,RB,WR,RB_vs_WR,Trayveon Williams,Tutu Atwell,6144,7562,83,227,-144,6,35.4,-29.4
2022,RB,WR,RB_vs_WR,Trayveon Williams,Marquez Callaway,6144,6989,83,222,-139,6,21.8,-15.8
2022,RB,WR,RB_vs_WR,Trayveon Williams,Tyquan Thornton,6144,8188,83,213,-130,6,43,-37
2022,RB,WR,RB_vs_WR,Trayveon Williams,Rondale Moore,6144,7601,83,190,-107,6,46.9,-40.9
2022,RB,WR,RB_vs_WR,Trayveon Williams,Josh Palmer,6144,7670,83,188,-105,6,91.4,-85.4
2022,RB,WR,RB_vs_WR,Trayveon Williams,Olamide Zaccheaus,6144,6271,83,159,-76,6,60.3,-54.3
2022,RB,WR,RB_vs_WR,Trayveon Williams,Equanimeous St. Brown,6144,5323,83,145,-62,6,43.4,-37.4
2022,RB,WR,RB_vs_WR,Trayveon Williams,Darius Slayton,6144,6149,83,141,-58,6,82.4,-76.4
2022,RB,WR,RB_vs_WR,Trayveon Williams,Denzel Mims,6144,6849,83,138,-55,6,18.6,-12.6
2022,RB,WR,RB_vs_WR,Trayveon Williams,Jauan Jennings,6144,7049,83,135,-52,6,46.6,-40.6
2022,RB,WR,RB_vs_WR,Trayveon Williams,Josh Reynolds,6144,4171,83,135,-52,6,64.3,-58.3
2022,RB,WR,RB_vs_WR,Trayveon Williams,Dyami Brown,6144,7587,83,133,-50,6,27.8,-21.8
2022,RB,WR,RB_vs_WR,Trayveon Williams,Anthony Schwartz,6144,7533,83,123,-40,6,14.8,-8.8
2022,RB,WR,RB_vs_WR,Trayveon Williams,Tylan Wallace,6144,7595,83,122,-39,6,2.1,3.9
2022,RB,WR,RB_vs_WR,Trayveon Williams,Demarcus Robinson,6144,3286,83,116,-33,6,53.4,-47.4
2022,RB,WR,RB_vs_WR,Trayveon Williams,Scotty Miller,6144,6290,83,115,-32,6,18.5,-12.5
2022,RB,WR,RB_vs_WR,Trayveon Williams,Jaelon Darden,6144,7713,83,110,-27,6,2.8,3.2
2022,RB,WR,RB_vs_WR,Trayveon Williams,Tre'Quan Smith,6144,5026,83,106,-23,6,33.2,-27.2
2022,RB,WR,RB_vs_WR,Trayveon Williams,Jamal Agnew,6144,4198,83,102,-19,6,46.5,-40.5
2022,RB,WR,RB_vs_WR,Trayveon Williams,Kalif Raymond,6144,3634,83,80,3,6,62.6,-56.6
2022,RB,WR,RB_vs_WR,Trayveon Williams,Greg Dortch,6144,5970,83,77,6,6,56.6,-50.6
2022,RB,WR,RB_vs_WR,Trayveon Williams,Lil'Jordan Humphrey,6144,5938,83,59,24,6,2,4
2022,RB,WR,RB_vs_WR,Zonovan Knight,Braxton Berrios,8122,5121,67,262,-195,43.8,39.7,4.1
2022,RB,WR,RB_vs_WR,Zonovan Knight,Jalen Guyton,8122,6421,67,257,-190,43.8,6.4,37.4
2022,RB,WR,RB_vs_WR,Zonovan Knight,Gabriel Davis,8122,6943,67,255,-188,43.8,119.7,-75.9
2022,RB,WR,RB_vs_WR,Zonovan Knight,Devin Duvernay,8122,6847,67,243,-176,43.8,79.1,-35.3
2022,RB,WR,RB_vs_WR,Zonovan Knight,Tutu Atwell,8122,7562,67,227,-160,43.8,35.4,8.4
2022,RB,WR,RB_vs_WR,Zonovan Knight,Marquez Callaway,8122,6989,67,222,-155,43.8,21.8,22
2022,RB,WR,RB_vs_WR,Zonovan Knight,Tyquan Thornton,8122,8188,67,213,-146,43.8,43,0.8
2022,RB,WR,RB_vs_WR,Zonovan Knight,Rondale Moore,8122,7601,67,190,-123,43.8,46.9,-3.1
2022,RB,WR,RB_vs_WR,Zonovan Knight,Josh Palmer,8122,7670,67,188,-121,43.8,91.4,-47.6
2022,RB,WR,RB_vs_WR,Zonovan Knight,Olamide Zaccheaus,8122,6271,67,159,-92,43.8,60.3,-16.5
2022,RB,WR,RB_vs_WR,Zonovan Knight,Equanimeous St. Brown,8122,5323,67,145,-78,43.8,43.4,0.4
2022,RB,WR,RB_vs_WR,Zonovan Knight,Darius Slayton,8122,6149,67,141,-74,43.8,82.4,-38.6
2022,RB,WR,RB_vs_WR,Zonovan Knight,Denzel Mims,8122,6849,67,138,-71,43.8,18.6,25.2
2022,RB,WR,RB_vs_WR,Zonovan Knight,Jauan Jennings,8122,7049,67,135,-68,43.8,46.6,-2.8
2022,RB,WR,RB_vs_WR,Zonovan Knight,Josh Reynolds,8122,4171,67,135,-68,43.8,64.3,-20.5
2022,RB,WR,RB_vs_WR,Zonovan Knight,Dyami Brown,8122,7587,67,133,-66,43.8,27.8,16
2022,RB,WR,RB_vs_WR,Zonovan Knight,Anthony Schwartz,8122,7533,67,123,-56,43.8,14.8,29
2022,RB,WR,RB_vs_WR,Zonovan Knight,Tylan Wallace,8122,7595,67,122,-55,43.8,2.1,41.7
2022,RB,WR,RB_vs_WR,Zonovan Knight,Demarcus Robinson,8122,3286,67,116,-49,43.8,53.4,-9.6
2022,RB,WR,RB_vs_WR,Zonovan Knight,Scotty Miller,8122,6290,67,115,-48,43.8,18.5,25.3
2022,RB,WR,RB_vs_WR,Zonovan Knight,Jaelon Darden,8122,7713,67,110,-43,43.8,2.8,41
2022,RB,WR,RB_vs_WR,Zonovan Knight,Tre'Quan Smith,8122,5026,67,106,-39,43.8,33.2,10.6
2022,RB,WR,RB_vs_WR,Zonovan Knight,Jamal Agnew,8122,4198,67,102,-35,43.8,46.5,-2.7
2022,RB,WR,RB_vs_WR,Zonovan Knight,Kalif Raymond,8122,3634,67,80,-13,43.8,62.6,-18.8
2022,RB,WR,RB_vs_WR,Zonovan Knight,Greg Dortch,8122,5970,67,77,-10,43.8,56.6,-12.8
2022,RB,WR,RB_vs_WR,Zonovan Knight,Lil'Jordan Humphrey,8122,5938,67,59,8,43.8,2,41.8
2022,RB,TE,RB_vs_TE,Austin Ekeler,Mark Andrews,4663,5012,6254,6201,53,260.7,154,106.7
2022,RB,TE,RB_vs_TE,Dalvin Cook,Mark Andrews,4029,5012,6068,6201,-133,197.1,154,43.1
2022,RB,TE,RB_vs_TE,Derrick Henry,Kyle Pitts,3198,7553,5551,5624,-73,257,61.6,195.4
2022,RB,TE,RB_vs_TE,D'Andre Swift,George Kittle,6790,4217,4903,4814,89,134.5,153.6,-19.1
2022,RB,TE,RB_vs_TE,Nick Chubb,George Kittle,4988,4217,4778,4814,-36,236.2,153.6,82.6
2022,RB,TE,RB_vs_TE,Nick Chubb,Darren Waller,4988,2505,4778,4691,87,236.2,66.3,169.9
2022,RB,TE,RB_vs_TE,James Conner,George Kittle,4137,4217,4636,4814,-178,154.2,153.6,0.6
2022,RB,TE,RB_vs_TE,James Conner,Darren Waller,4137,2505,4636,4691,-55,154.2,66.3,87.9
2022,RB,TE,RB_vs_TE,Aaron Jones,Darren Waller,4199,2505,4549,4691,-142,184.8,66.3,118.5
2022,RB,TE,RB_vs_TE,Aaron Jones,Dalton Schultz,4199,5001,4549,4377,172,184.8,108.9,75.9
2022,RB,TE,RB_vs_TE,Travis Etienne,Dalton Schultz,7543,5001,4439,4377,62,166.7,108.9,57.8
2022,RB,TE,RB_vs_TE,Ezekiel Elliott,Dalton Schultz,3164,5001,4355,4377,-22,167.8,108.9,58.9
2022,RB,TE,RB_vs_TE,Cam Akers,Dalton Schultz,6938,5001,4304,4377,-73,115.5,108.9,6.6
2022,RB,TE,RB_vs_TE,David Montgomery,Dallas Goedert,5892,5022,4089,3911,178,141.6,106.1,35.5
2022,RB,TE,RB_vs_TE,Dameon Pierce,Dallas Goedert,8129,5022,3924,3911,13,136.4,106.1,30.3
2022,RB,TE,RB_vs_TE,Dameon Pierce,T.J. Hockenson,8129,5844,3924,3839,85,136.4,170.3,-33.9
2022,RB,TE,RB_vs_TE,Breece Hall,Dallas Goedert,8155,5022,3903,3911,-8,96.1,106.1,-10
2022,RB,TE,RB_vs_TE,Breece Hall,T.J. Hockenson,8155,5844,3903,3839,64,96.1,170.3,-74.2
2022,RB,TE,RB_vs_TE,J.K. Dobbins,T.J. Hockenson,6806,5844,3678,3839,-161,74.2,170.3,-96.1
2022,RB,TE,RB_vs_TE,J.K. Dobbins,Dawson Knox,6806,5906,3678,3591,87,74.2,103.4,-29.2
2022,RB,TE,RB_vs_TE,AJ Dillon,Dawson Knox,6828,5906,3607,3591,16,136.3,103.4,32.9
2022,RB,TE,RB_vs_TE,AJ Dillon,Zach Ertz,6828,1339,3607,3457,150,136.3,92.1,44.2
2022,RB,TE,RB_vs_TE,Elijah Mitchell,Dawson Knox,7561,5906,3542,3591,-49,23.1,103.4,-80.3
2022,RB,TE,RB_vs_TE,Elijah Mitchell,Zach Ertz,7561,1339,3542,3457,85,23.1,92.1,-69
2022,RB,TE,RB_vs_TE,Tony Pollard,Dawson Knox,5967,5906,3505,3591,-86,207.9,103.4,104.5
2022,RB,TE,RB_vs_TE,Tony Pollard,Zach Ertz,5967,1339,3505,3457,48,207.9,92.1,115.8
2022,RB,TE,RB_vs_TE,Josh Jacobs,Dawson Knox,5850,5906,3499,3591,-92,270.3,103.4,166.9
2022,RB,TE,RB_vs_TE,Josh Jacobs,Zach Ertz,5850,1339,3499,3457,42,270.3,92.1,178.2
2022,RB,TE,RB_vs_TE,Chase Edmonds,Zach Ertz,5000,1339,3366,3457,-91,53.7,92.1,-38.4
2022,RB,TE,RB_vs_TE,Chase Edmonds,Cole Kmet,5000,6826,3366,3248,118,53.7,108.6,-54.9
2022,RB,TE,RB_vs_TE,Rhamondre Stevenson,Zach Ertz,7611,1339,3322,3457,-135,171.9,92.1,79.8
2022,RB,TE,RB_vs_TE,Rhamondre Stevenson,Cole Kmet,7611,6826,3322,3248,74,171.9,108.6,63.3
2022,RB,TE,RB_vs_TE,Antonio Gibson,Cole Kmet,6945,6826,3095,3248,-153,119.9,108.6,11.3
2022,RB,TE,RB_vs_TE,Antonio Gibson,Pat Freiermuth,6945,7600,3095,2940,155,119.9,116.7,3.2
2022,RB,TE,RB_vs_TE,Rashaad Penny,Cole Kmet,4985,6826,3074,3248,-174,48.2,108.6,-60.4
2022,RB,TE,RB_vs_TE,Rashaad Penny,Pat Freiermuth,4985,7600,3074,2940,134,48.2,116.7,-68.5
2022,RB,TE,RB_vs_TE,Clyde Edwards-Helaire,Pat Freiermuth,6820,7600,3043,2940,103,81.3,116.7,-35.4
2022,RB,TE,RB_vs_TE,Devin Singletary,Pat Freiermuth,6130,7600,2908,2940,-32,139,116.7,22.3
2022,RB,TE,RB_vs_TE,Devin Singletary,Irv Smith,6130,6126,2908,2722,186,139,39.8,99.2
2022,RB,TE,RB_vs_TE,Cordarrelle Patterson,Pat Freiermuth,1535,7600,2781,2940,-159,125.8,116.7,9.1
2022,RB,TE,RB_vs_TE,Cordarrelle Patterson,Irv Smith,1535,6126,2781,2722,59,125.8,39.8,86
2022,RB,TE,RB_vs_TE,Cordarrelle Patterson,Hunter Henry,1535,3214,2781,2646,135,125.8,76.2,49.6
2022,RB,TE,RB_vs_TE,Kareem Hunt,Pat Freiermuth,4098,7600,2770,2940,-170,89,116.7,-27.7
2022,RB,TE,RB_vs_TE,Kareem Hunt,Irv Smith,4098,6126,2770,2722,48,89,39.8,49.2
2022,RB,TE,RB_vs_TE,Kareem Hunt,Hunter Henry,4098,3214,2770,2646,124,89,76.2,12.8
2022,RB,TE,RB_vs_TE,Kareem Hunt,Albert Okwuegbunam,4098,6843,2770,2579,191,89,20.5,68.5
2022,RB,TE,RB_vs_TE,James Cook,Irv Smith,8138,6126,2668,2722,-54,81.4,39.8,41.6
2022,RB,TE,RB_vs_TE,James Cook,Hunter Henry,8138,3214,2668,2646,22,81.4,76.2,5.2
2022,RB,TE,RB_vs_TE,James Cook,Albert Okwuegbunam,8138,6843,2668,2579,89,81.4,20.5,60.9
2022,RB,TE,RB_vs_TE,James Cook,Mike Gesicki,8138,4993,2668,2545,123,81.4,75.6,5.8
2022,RB,TE,RB_vs_TE,Rachaad White,Irv Smith,8136,6126,2556,2722,-166,87.6,39.8,47.8
2022,RB,TE,RB_vs_TE,Rachaad White,Hunter Henry,8136,3214,2556,2646,-90,87.6,76.2,11.4
2022,RB,TE,RB_vs_TE,Rachaad White,Albert Okwuegbunam,8136,6843,2556,2579,-23,87.6,20.5,67.1
2022,RB,TE,RB_vs_TE,Rachaad White,Mike Gesicki,8136,4993,2556,2545,11,87.6,75.6,12
2022,RB,TE,RB_vs_TE,Rachaad White,David Njoku,8136,4033,2556,2452,104,87.6,100.8,-13.2
2022,RB,TE,RB_vs_TE,Kenneth Walker III,Hunter Henry,8151,3214,2480,2646,-166,163.1,76.2,86.9
2022,RB,TE,RB_vs_TE,Kenneth Walker III,Albert Okwuegbunam,8151,6843,2480,2579,-99,163.1,20.5,142.6
2022,RB,TE,RB_vs_TE,Kenneth Walker III,Mike Gesicki,8151,4993,2480,2545,-65,163.1,75.6,87.5
2022,RB,TE,RB_vs_TE,Kenneth Walker III,David Njoku,8151,4033,2480,2452,28,163.1,100.8,62.3
2022,RB,TE,RB_vs_TE,Miles Sanders,Mike Gesicki,6151,4993,2361,2545,-184,193.4,75.6,117.8
2022,RB,TE,RB_vs_TE,Miles Sanders,David Njoku,6151,4033,2361,2452,-91,193.4,100.8,92.6
2022,RB,TE,RB_vs_TE,Miles Sanders,Gerald Everett,6151,4089,2361,2246,115,193.4,102.2,91.2
2022,RB,TE,RB_vs_TE,Kenneth Gainwell,Gerald Everett,7567,4089,2190,2246,-56,60.7,102.2,-41.5
2022,RB,TE,RB_vs_TE,Kenneth Gainwell,Tyler Higbee,7567,3271,2190,2019,171,60.7,110.7,-50
2022,RB,TE,RB_vs_TE,Tyler Allgeier,Tyler Higbee,8132,3271,1883,2019,-136,129.9,110.7,19.2
2022,RB,TE,RB_vs_TE,Tyler Allgeier,Noah Fant,8132,5857,1883,1855,28,129.9,93.6,36.3
2022,RB,TE,RB_vs_TE,Tyler Allgeier,Evan Engram,8132,4066,1883,1685,198,129.9,135.7,-5.8
2022,RB,TE,RB_vs_TE,Michael Carter,Noah Fant,7607,5857,1762,1855,-93,84.5,93.6,-9.1
2022,RB,TE,RB_vs_TE,Michael Carter,Evan Engram,7607,4066,1762,1685,77,84.5,135.7,-51.2
2022,RB,TE,RB_vs_TE,Michael Carter,Hayden Hurst,7607,4973,1762,1582,180,84.5,79.5,5
2022,RB,TE,RB_vs_TE,James Robinson,Noah Fant,6955,5857,1738,1855,-117,77.6,93.6,-16
2022,RB,TE,RB_vs_TE,James Robinson,Evan Engram,6955,4066,1738,1685,53,77.6,135.7,-58.1
2022,RB,TE,RB_vs_TE,James Robinson,Hayden Hurst,6955,4973,1738,1582,156,77.6,79.5,-1.9
2022,RB,TE,RB_vs_TE,Khalil Herbert,Evan Engram,7608,4066,1583,1685,-102,103.9,135.7,-31.8
2022,RB,TE,RB_vs_TE,Khalil Herbert,Hayden Hurst,7608,4973,1583,1582,1,103.9,79.5,24.4
2022,RB,TE,RB_vs_TE,Khalil Herbert,Isaiah Likely,7608,8131,1583,1469,114,103.9,59,44.9
2022,RB,TE,RB_vs_TE,Khalil Herbert,Austin Hooper,7608,3202,1583,1468,115,103.9,71.1,32.8
2022,RB,TE,RB_vs_TE,Alexander Mattison,Hayden Hurst,5987,4973,1423,1582,-159,55.4,79.5,-24.1
2022,RB,TE,RB_vs_TE,Alexander Mattison,Isaiah Likely,5987,8131,1423,1469,-46,55.4,59,-3.6
2022,RB,TE,RB_vs_TE,Alexander Mattison,Austin Hooper,5987,3202,1423,1468,-45,55.4,71.1,-15.7
2022,RB,TE,RB_vs_TE,Alexander Mattison,Brevin Jordan,5987,7568,1423,1310,113,55.4,19.8,35.6
2022,RB,TE,RB_vs_TE,Jamaal Williams,Hayden Hurst,4149,4973,1399,1582,-183,194.7,79.5,115.2
2022,RB,TE,RB_vs_TE,Jamaal Williams,Isaiah Likely,4149,8131,1399,1469,-70,194.7,59,135.7
2022,RB,TE,RB_vs_TE,Jamaal Williams,Austin Hooper,4149,3202,1399,1468,-69,194.7,71.1,123.6
2022,RB,TE,RB_vs_TE,Jamaal Williams,Brevin Jordan,4149,7568,1399,1310,89,194.7,19.8,174.9
2022,RB,TE,RB_vs_TE,Zamir White,Brevin Jordan,8139,7568,1111,1310,-199,6.6,19.8,-13.2
2022,RB,TE,RB_vs_TE,Zamir White,Mo Alie-Cox,8139,4054,1111,1153,-42,6.6,37.5,-30.9
2022,RB,TE,RB_vs_TE,Zamir White,Tyler Conklin,8139,5133,1111,1036,75,6.6,100.2,-93.6
2022,RB,TE,RB_vs_TE,Zamir White,Jonnu Smith,8139,4144,1111,980,131,6.6,38.5,-31.9
2022,RB,TE,RB_vs_TE,Isiah Pacheco,Mo Alie-Cox,8205,4054,1019,1153,-134,109.6,37.5,72.1
2022,RB,TE,RB_vs_TE,Isiah Pacheco,Tyler Conklin,8205,5133,1019,1036,-17,109.6,100.2,9.4
2022,RB,TE,RB_vs_TE,Isiah Pacheco,Jonnu Smith,8205,4144,1019,980,39,109.6,38.5,71.1
2022,RB,TE,RB_vs_TE,Isiah Pacheco,Taysom Hill,8205,4381,1019,877,142,109.6,138.3,-28.7
2022,RB,TE,RB_vs_TE,Isiah Pacheco,Daniel Bellinger,8205,8225,1019,868,151,109.6,60,49.6
2022,RB,TE,RB_vs_TE,Raheem Mostert,Mo Alie-Cox,2749,4054,1018,1153,-135,131.2,37.5,93.7
2022,RB,TE,RB_vs_TE,Raheem Mostert,Tyler Conklin,2749,5133,1018,1036,-18,131.2,100.2,31
2022,RB,TE,RB_vs_TE,Raheem Mostert,Jonnu Smith,2749,4144,1018,980,38,131.2,38.5,92.7
2022,RB,TE,RB_vs_TE,Raheem Mostert,Taysom Hill,2749,4381,1018,877,141,131.2,138.3,-7.1
2022,RB,TE,RB_vs_TE,Raheem Mostert,Daniel Bellinger,2749,8225,1018,868,150,131.2,60,71.2
2022,RB,TE,RB_vs_TE,Jerick McKinnon,Tyler Conklin,2161,5133,872,1036,-164,133.7,100.2,33.5
2022,RB,TE,RB_vs_TE,Jerick McKinnon,Jonnu Smith,2161,4144,872,980,-108,133.7,38.5,95.2
2022,RB,TE,RB_vs_TE,Jerick McKinnon,Taysom Hill,2161,4381,872,877,-5,133.7,138.3,-4.6
2022,RB,TE,RB_vs_TE,Jerick McKinnon,Daniel Bellinger,2161,8225,872,868,4,133.7,60,73.7
2022,RB,TE,RB_vs_TE,Jerick McKinnon,Trey McBride,2161,8130,872,809,63,133.7,41.4,92.3
2022,RB,TE,RB_vs_TE,Jerick McKinnon,Greg Dulcich,2161,8172,872,726,146,133.7,69.6,64.1
2022,RB,TE,RB_vs_TE,Jerick McKinnon,Adam Trautman,2161,6869,872,701,171,133.7,33.4,100.3
2022,RB,TE,RB_vs_TE,Brian Robinson,Tyler Conklin,8154,5133,847,1036,-189,103.7,100.2,3.5
2022,RB,TE,RB_vs_TE,Brian Robinson,Jonnu Smith,8154,4144,847,980,-133,103.7,38.5,65.2
2022,RB,TE,RB_vs_TE,Brian Robinson,Taysom Hill,8154,4381,847,877,-30,103.7,138.3,-34.6
2022,RB,TE,RB_vs_TE,Brian Robinson,Daniel Bellinger,8154,8225,847,868,-21,103.7,60,43.7
2022,RB,TE,RB_vs_TE,Brian Robinson,Trey McBride,8154,8130,847,809,38,103.7,41.4,62.3
2022,RB,TE,RB_vs_TE,Brian Robinson,Greg Dulcich,8154,8172,847,726,121,103.7,69.6,34.1
2022,RB,TE,RB_vs_TE,Brian Robinson,Adam Trautman,8154,6869,847,701,146,103.7,33.4,70.3
2022,RB,TE,RB_vs_TE,Brian Robinson,Donald Parham,8154,6074,847,651,196,103.7,19.9,83.8
2022,RB,TE,RB_vs_TE,Tyrion Davis-Price,Jonnu Smith,8211,4144,797,980,-183,7.2,38.5,-31.3
2022,RB,TE,RB_vs_TE,Tyrion Davis-Price,Taysom Hill,8211,4381,797,877,-80,7.2,138.3,-131.1
2022,RB,TE,RB_vs_TE,Tyrion Davis-Price,Daniel Bellinger,8211,8225,797,868,-71,7.2,60,-52.8
2022,RB,TE,RB_vs_TE,Tyrion Davis-Price,Trey McBride,8211,8130,797,809,-12,7.2,41.4,-34.2
2022,RB,TE,RB_vs_TE,Tyrion Davis-Price,Greg Dulcich,8211,8172,797,726,71,7.2,69.6,-62.4
2022,RB,TE,RB_vs_TE,Tyrion Davis-Price,Adam Trautman,8211,6869,797,701,96,7.2,33.4,-26.2
2022,RB,TE,RB_vs_TE,Tyrion Davis-Price,Donald Parham,8211,6074,797,651,146,7.2,19.9,-12.7
2022,RB,TE,RB_vs_TE,Tyrion Davis-Price,Jake Ferguson,8211,8110,797,624,173,7.2,38,-30.8
2022,RB,TE,RB_vs_TE,Isaiah Spiller,Taysom Hill,8153,4381,715,877,-162,5.4,138.3,-132.9
2022,RB,TE,RB_vs_TE,Isaiah Spiller,Daniel Bellinger,8153,8225,715,868,-153,5.4,60,-54.6
2022,RB,TE,RB_vs_TE,Isaiah Spiller,Trey McBride,8153,8130,715,809,-94,5.4,41.4,-36
2022,RB,TE,RB_vs_TE,Isaiah Spiller,Greg Dulcich,8153,8172,715,726,-11,5.4,69.6,-64.2
2022,RB,TE,RB_vs_TE,Isaiah Spiller,Adam Trautman,8153,6869,715,701,14,5.4,33.4,-28
2022,RB,TE,RB_vs_TE,Isaiah Spiller,Donald Parham,8153,6074,715,651,64,5.4,19.9,-14.5
2022,RB,TE,RB_vs_TE,Isaiah Spiller,Jake Ferguson,8153,8110,715,624,91,5.4,38,-32.6
2022,RB,TE,RB_vs_TE,Isaiah Spiller,Tommy Tremble,8153,7694,715,594,121,5.4,42.2,-36.8
2022,RB,TE,RB_vs_TE,D'Onta Foreman,Taysom Hill,4111,4381,715,877,-162,119.2,138.3,-19.1
2022,RB,TE,RB_vs_TE,D'Onta Foreman,Daniel Bellinger,4111,8225,715,868,-153,119.2,60,59.2
2022,RB,TE,RB_vs_TE,D'Onta Foreman,Trey McBride,4111,8130,715,809,-94,119.2,41.4,77.8
2022,RB,TE,RB_vs_TE,D'Onta Foreman,Greg Dulcich,4111,8172,715,726,-11,119.2,69.6,49.6
2022,RB,TE,RB_vs_TE,D'Onta Foreman,Adam Trautman,4111,6869,715,701,14,119.2,33.4,85.8
2022,RB,TE,RB_vs_TE,D'Onta Foreman,Donald Parham,4111,6074,715,651,64,119.2,19.9,99.3
2022,RB,TE,RB_vs_TE,D'Onta Foreman,Jake Ferguson,4111,8110,715,624,91,119.2,38,81.2
2022,RB,TE,RB_vs_TE,D'Onta Foreman,Tommy Tremble,4111,7694,715,594,121,119.2,42.2,77
2022,RB,TE,RB_vs_TE,Eno Benjamin,Taysom Hill,6951,4381,703,877,-174,64.3,138.3,-74
2022,RB,TE,RB_vs_TE,Eno Benjamin,Daniel Bellinger,6951,8225,703,868,-165,64.3,60,4.3
2022,RB,TE,RB_vs_TE,Eno Benjamin,Trey McBride,6951,8130,703,809,-106,64.3,41.4,22.9
2022,RB,TE,RB_vs_TE,Eno Benjamin,Greg Dulcich,6951,8172,703,726,-23,64.3,69.6,-5.3
2022,RB,TE,RB_vs_TE,Eno Benjamin,Adam Trautman,6951,6869,703,701,2,64.3,33.4,30.9
2022,RB,TE,RB_vs_TE,Eno Benjamin,Donald Parham,6951,6074,703,651,52,64.3,19.9,44.4
2022,RB,TE,RB_vs_TE,Eno Benjamin,Jake Ferguson,6951,8110,703,624,79,64.3,38,26.3
2022,RB,TE,RB_vs_TE,Eno Benjamin,Tommy Tremble,6951,7694,703,594,109,64.3,42.2,22.1
2022,RB,TE,RB_vs_TE,Zack Moss,Adam Trautman,6845,6869,503,701,-198,35.4,33.4,2
2022,RB,TE,RB_vs_TE,Zack Moss,Donald Parham,6845,6074,503,651,-148,35.4,19.9,15.5
2022,RB,TE,RB_vs_TE,Zack Moss,Jake Ferguson,6845,8110,503,624,-121,35.4,38,-2.6
2022,RB,TE,RB_vs_TE,Zack Moss,Tommy Tremble,6845,7694,503,594,-91,35.4,42.2,-6.8
2022,RB,TE,RB_vs_TE,Zack Moss,Foster Moreau,6845,5985,503,465,38,35.4,67.2,-31.8
2022,RB,TE,RB_vs_TE,Zack Moss,Jelani Woods,6845,8219,503,399,104,35.4,60.3,-24.9
2022,RB,TE,RB_vs_TE,Zack Moss,Cade Otton,6845,8111,503,334,169,35.4,71.1,-35.7
2022,RB,TE,RB_vs_TE,Zack Moss,Harrison Bryant,6845,6850,503,326,177,35.4,43.2,-7.8
2022,RB,TE,RB_vs_TE,Chuba Hubbard,Donald Parham,7594,6074,491,651,-160,66.8,19.9,46.9
2022,RB,TE,RB_vs_TE,Chuba Hubbard,Jake Ferguson,7594,8110,491,624,-133,66.8,38,28.8
2022,RB,TE,RB_vs_TE,Chuba Hubbard,Tommy Tremble,7594,7694,491,594,-103,66.8,42.2,24.6
2022,RB,TE,RB_vs_TE,Chuba Hubbard,Foster Moreau,7594,5985,491,465,26,66.8,67.2,-0.4
2022,RB,TE,RB_vs_TE,Chuba Hubbard,Jelani Woods,7594,8219,491,399,92,66.8,60.3,6.5
2022,RB,TE,RB_vs_TE,Chuba Hubbard,Cade Otton,7594,8111,491,334,157,66.8,71.1,-4.3
2022,RB,TE,RB_vs_TE,Chuba Hubbard,Harrison Bryant,7594,6850,491,326,165,66.8,43.2,23.6
2022,RB,TE,RB_vs_TE,D'Ernest Johnson,Donald Parham,6694,6074,461,651,-190,2.4,19.9,-17.5
2022,RB,TE,RB_vs_TE,D'Ernest Johnson,Jake Ferguson,6694,8110,461,624,-163,2.4,38,-35.6
2022,RB,TE,RB_vs_TE,D'Ernest Johnson,Tommy Tremble,6694,7694,461,594,-133,2.4,42.2,-39.8
2022,RB,TE,RB_vs_TE,D'Ernest Johnson,Foster Moreau,6694,5985,461,465,-4,2.4,67.2,-64.8
2022,RB,TE,RB_vs_TE,D'Ernest Johnson,Jelani Woods,6694,8219,461,399,62,2.4,60.3,-57.9
2022,RB,TE,RB_vs_TE,D'Ernest Johnson,Cade Otton,6694,8111,461,334,127,2.4,71.1,-68.7
2022,RB,TE,RB_vs_TE,D'Ernest Johnson,Harrison Bryant,6694,6850,461,326,135,2.4,43.2,-40.8
2022,RB,TE,RB_vs_TE,D'Ernest Johnson,Chigoziem Okonkwo,6694,8210,461,273,188,2.4,69.5,-67.1
2022,RB,TE,RB_vs_TE,D'Ernest Johnson,Ian Thomas,6694,4995,461,271,190,2.4,30.2,-27.8
2022,RB,TE,RB_vs_TE,Boston Scott,Jake Ferguson,5122,8110,435,624,-189,29.8,38,-8.2
2022,RB,TE,RB_vs_TE,Boston Scott,Tommy Tremble,5122,7694,435,594,-159,29.8,42.2,-12.4
2022,RB,TE,RB_vs_TE,Boston Scott,Foster Moreau,5122,5985,435,465,-30,29.8,67.2,-37.4
2022,RB,TE,RB_vs_TE,Boston Scott,Jelani Woods,5122,8219,435,399,36,29.8,60.3,-30.5
2022,RB,TE,RB_vs_TE,Boston Scott,Cade Otton,5122,8111,435,334,101,29.8,71.1,-41.3
2022,RB,TE,RB_vs_TE,Boston Scott,Harrison Bryant,5122,6850,435,326,109,29.8,43.2,-13.4
2022,RB,TE,RB_vs_TE,Boston Scott,Chigoziem Okonkwo,5122,8210,435,273,162,29.8,69.5,-39.7
2022,RB,TE,RB_vs_TE,Boston Scott,Ian Thomas,5122,4995,435,271,164,29.8,30.2,-0.4
2022,RB,TE,RB_vs_TE,Jaylen Warren,Jake Ferguson,8228,8110,425,624,-199,61,38,23
2022,RB,TE,RB_vs_TE,Jaylen Warren,Tommy Tremble,8228,7694,425,594,-169,61,42.2,18.8
2022,RB,TE,RB_vs_TE,Jaylen Warren,Foster Moreau,8228,5985,425,465,-40,61,67.2,-6.2
2022,RB,TE,RB_vs_TE,Jaylen Warren,Jelani Woods,8228,8219,425,399,26,61,60.3,0.7
2022,RB,TE,RB_vs_TE,Jaylen Warren,Cade Otton,8228,8111,425,334,91,61,71.1,-10.1
2022,RB,TE,RB_vs_TE,Jaylen Warren,Harrison Bryant,8228,6850,425,326,99,61,43.2,17.8
2022,RB,TE,RB_vs_TE,Jaylen Warren,Chigoziem Okonkwo,8228,8210,425,273,152,61,69.5,-8.5
2022,RB,TE,RB_vs_TE,Jaylen Warren,Ian Thomas,8228,4995,425,271,154,61,30.2,30.8
2022,RB,TE,RB_vs_TE,Chris Evans,Foster Moreau,7794,5985,373,465,-92,9.8,67.2,-57.4
2022,RB,TE,RB_vs_TE,Chris Evans,Jelani Woods,7794,8219,373,399,-26,9.8,60.3,-50.5
2022,RB,TE,RB_vs_TE,Chris Evans,Cade Otton,7794,8111,373,334,39,9.8,71.1,-61.3
2022,RB,TE,RB_vs_TE,Chris Evans,Harrison Bryant,7794,6850,373,326,47,9.8,43.2,-33.4
2022,RB,TE,RB_vs_TE,Chris Evans,Chigoziem Okonkwo,7794,8210,373,273,100,9.8,69.5,-59.7
2022,RB,TE,RB_vs_TE,Chris Evans,Ian Thomas,7794,4995,373,271,102,9.8,30.2,-20.4
2022,RB,TE,RB_vs_TE,Chris Evans,Noah Gray,7794,7828,373,190,183,9.8,54.1,-44.3
2022,RB,TE,RB_vs_TE,Chris Evans,Kylen Granson,7794,7602,373,177,196,9.8,45.7,-35.9
2022,RB,TE,RB_vs_TE,Gus Edwards,Foster Moreau,5248,5985,369,465,-96,57.7,67.2,-9.5
2022,RB,TE,RB_vs_TE,Gus Edwards,Jelani Woods,5248,8219,369,399,-30,57.7,60.3,-2.6
2022,RB,TE,RB_vs_TE,Gus Edwards,Cade Otton,5248,8111,369,334,35,57.7,71.1,-13.4
2022,RB,TE,RB_vs_TE,Gus Edwards,Harrison Bryant,5248,6850,369,326,43,57.7,43.2,14.5
2022,RB,TE,RB_vs_TE,Gus Edwards,Chigoziem Okonkwo,5248,8210,369,273,96,57.7,69.5,-11.8
2022,RB,TE,RB_vs_TE,Gus Edwards,Ian Thomas,5248,4995,369,271,98,57.7,30.2,27.5
2022,RB,TE,RB_vs_TE,Gus Edwards,Noah Gray,5248,7828,369,190,179,57.7,54.1,3.6
2022,RB,TE,RB_vs_TE,Gus Edwards,Kylen Granson,5248,7602,369,177,192,57.7,45.7,12
2022,RB,TE,RB_vs_TE,Trey Sermon,Foster Moreau,7593,5985,337,465,-128,1.9,67.2,-65.3
2022,RB,TE,RB_vs_TE,Trey Sermon,Jelani Woods,7593,8219,337,399,-62,1.9,60.3,-58.4
2022,RB,TE,RB_vs_TE,Trey Sermon,Cade Otton,7593,8111,337,334,3,1.9,71.1,-69.2
2022,RB,TE,RB_vs_TE,Trey Sermon,Harrison Bryant,7593,6850,337,326,11,1.9,43.2,-41.3
2022,RB,TE,RB_vs_TE,Trey Sermon,Chigoziem Okonkwo,7593,8210,337,273,64,1.9,69.5,-67.6
2022,RB,TE,RB_vs_TE,Trey Sermon,Ian Thomas,7593,4995,337,271,66,1.9,30.2,-28.3
2022,RB,TE,RB_vs_TE,Trey Sermon,Noah Gray,7593,7828,337,190,147,1.9,54.1,-52.2
2022,RB,TE,RB_vs_TE,Trey Sermon,Kylen Granson,7593,7602,337,177,160,1.9,45.7,-43.8
2022,RB,TE,RB_vs_TE,Trey Sermon,Juwan Johnson,7593,7002,337,142,195,1.9,111.2,-109.3
2022,RB,TE,RB_vs_TE,Joshua Kelley,Foster Moreau,7045,5985,283,465,-182,48.4,67.2,-18.8
2022,RB,TE,RB_vs_TE,Joshua Kelley,Jelani Woods,7045,8219,283,399,-116,48.4,60.3,-11.9
2022,RB,TE,RB_vs_TE,Joshua Kelley,Cade Otton,7045,8111,283,334,-51,48.4,71.1,-22.7
2022,RB,TE,RB_vs_TE,Joshua Kelley,Harrison Bryant,7045,6850,283,326,-43,48.4,43.2,5.2
2022,RB,TE,RB_vs_TE,Joshua Kelley,Chigoziem Okonkwo,7045,8210,283,273,10,48.4,69.5,-21.1
2022,RB,TE,RB_vs_TE,Joshua Kelley,Ian Thomas,7045,4995,283,271,12,48.4,30.2,18.2
2022,RB,TE,RB_vs_TE,Joshua Kelley,Noah Gray,7045,7828,283,190,93,48.4,54.1,-5.7
2022,RB,TE,RB_vs_TE,Joshua Kelley,Kylen Granson,7045,7602,283,177,106,48.4,45.7,2.7
2022,RB,TE,RB_vs_TE,Joshua Kelley,Juwan Johnson,7045,7002,283,142,141,48.4,111.2,-62.8
2022,RB,TE,RB_vs_TE,Joshua Kelley,Drew Sample,7045,6001,283,130,153,48.4,0.8,47.6
2022,RB,TE,RB_vs_TE,Joshua Kelley,Will Dissly,7045,5010,283,118,165,48.4,69.9,-21.5
2022,RB,TE,RB_vs_TE,Joshua Kelley,John Bates,7045,7716,283,111,172,48.4,23.8,24.6
2022,RB,TE,RB_vs_TE,Kyren Williams,Foster Moreau,8150,5985,277,465,-188,21.5,67.2,-45.7
2022,RB,TE,RB_vs_TE,Kyren Williams,Jelani Woods,8150,8219,277,399,-122,21.5,60.3,-38.8
2022,RB,TE,RB_vs_TE,Kyren Williams,Cade Otton,8150,8111,277,334,-57,21.5,71.1,-49.6
2022,RB,TE,RB_vs_TE,Kyren Williams,Harrison Bryant,8150,6850,277,326,-49,21.5,43.2,-21.7
2022,RB,TE,RB_vs_TE,Kyren Williams,Chigoziem Okonkwo,8150,8210,277,273,4,21.5,69.5,-48
2022,RB,TE,RB_vs_TE,Kyren Williams,Ian Thomas,8150,4995,277,271,6,21.5,30.2,-8.7
2022,RB,TE,RB_vs_TE,Kyren Williams,Noah Gray,8150,7828,277,190,87,21.5,54.1,-32.6
2022,RB,TE,RB_vs_TE,Kyren Williams,Kylen Granson,8150,7602,277,177,100,21.5,45.7,-24.2
2022,RB,TE,RB_vs_TE,Kyren Williams,Juwan Johnson,8150,7002,277,142,135,21.5,111.2,-89.7
2022,RB,TE,RB_vs_TE,Kyren Williams,Drew Sample,8150,6001,277,130,147,21.5,0.8,20.7
2022,RB,TE,RB_vs_TE,Kyren Williams,Will Dissly,8150,5010,277,118,159,21.5,69.9,-48.4
2022,RB,TE,RB_vs_TE,Kyren Williams,John Bates,8150,7716,277,111,166,21.5,23.8,-2.3
2022,RB,TE,RB_vs_TE,Myles Gaskin,Jelani Woods,5980,8219,222,399,-177,5.4,60.3,-54.9
2022,RB,TE,RB_vs_TE,Myles Gaskin,Cade Otton,5980,8111,222,334,-112,5.4,71.1,-65.7
2022,RB,TE,RB_vs_TE,Myles Gaskin,Harrison Bryant,5980,6850,222,326,-104,5.4,43.2,-37.8
2022,RB,TE,RB_vs_TE,Myles Gaskin,Chigoziem Okonkwo,5980,8210,222,273,-51,5.4,69.5,-64.1
2022,RB,TE,RB_vs_TE,Myles Gaskin,Ian Thomas,5980,4995,222,271,-49,5.4,30.2,-24.8
2022,RB,TE,RB_vs_TE,Myles Gaskin,Noah Gray,5980,7828,222,190,32,5.4,54.1,-48.7
2022,RB,TE,RB_vs_TE,Myles Gaskin,Kylen Granson,5980,7602,222,177,45,5.4,45.7,-40.3
2022,RB,TE,RB_vs_TE,Myles Gaskin,Juwan Johnson,5980,7002,222,142,80,5.4,111.2,-105.8
2022,RB,TE,RB_vs_TE,Myles Gaskin,Drew Sample,5980,6001,222,130,92,5.4,0.8,4.6
2022,RB,TE,RB_vs_TE,Myles Gaskin,Will Dissly,5980,5010,222,118,104,5.4,69.9,-64.5
2022,RB,TE,RB_vs_TE,Myles Gaskin,John Bates,5980,7716,222,111,111,5.4,23.8,-18.4
2022,RB,TE,RB_vs_TE,Myles Gaskin,Josh Oliver,5980,5973,222,75,147,5.4,33.9,-28.5
2022,RB,TE,RB_vs_TE,Ke'Shawn Vaughn,Jelani Woods,6885,8219,205,399,-194,3.8,60.3,-56.5
2022,RB,TE,RB_vs_TE,Ke'Shawn Vaughn,Cade Otton,6885,8111,205,334,-129,3.8,71.1,-67.3
2022,RB,TE,RB_vs_TE,Ke'Shawn Vaughn,Harrison Bryant,6885,6850,205,326,-121,3.8,43.2,-39.4
2022,RB,TE,RB_vs_TE,Ke'Shawn Vaughn,Chigoziem Okonkwo,6885,8210,205,273,-68,3.8,69.5,-65.7
2022,RB,TE,RB_vs_TE,Ke'Shawn Vaughn,Ian Thomas,6885,4995,205,271,-66,3.8,30.2,-26.4
2022,RB,TE,RB_vs_TE,Ke'Shawn Vaughn,Noah Gray,6885,7828,205,190,15,3.8,54.1,-50.3
2022,RB,TE,RB_vs_TE,Ke'Shawn Vaughn,Kylen Granson,6885,7602,205,177,28,3.8,45.7,-41.9
2022,RB,TE,RB_vs_TE,Ke'Shawn Vaughn,Juwan Johnson,6885,7002,205,142,63,3.8,111.2,-107.4
2022,RB,TE,RB_vs_TE,Ke'Shawn Vaughn,Drew Sample,6885,6001,205,130,75,3.8,0.8,3
2022,RB,TE,RB_vs_TE,Ke'Shawn Vaughn,Will Dissly,6885,5010,205,118,87,3.8,69.9,-66.1
2022,RB,TE,RB_vs_TE,Ke'Shawn Vaughn,John Bates,6885,7716,205,111,94,3.8,23.8,-20
2022,RB,TE,RB_vs_TE,Ke'Shawn Vaughn,Josh Oliver,6885,5973,205,75,130,3.8,33.9,-30.1
2022,RB,TE,RB_vs_TE,Pierre Strong Jr.,Cade Otton,8116,8111,192,334,-142,20.2,71.1,-50.9
2022,RB,TE,RB_vs_TE,Pierre Strong Jr.,Harrison Bryant,8116,6850,192,326,-134,20.2,43.2,-23
2022,RB,TE,RB_vs_TE,Pierre Strong Jr.,Chigoziem Okonkwo,8116,8210,192,273,-81,20.2,69.5,-49.3
2022,RB,TE,RB_vs_TE,Pierre Strong Jr.,Ian Thomas,8116,4995,192,271,-79,20.2,30.2,-10
2022,RB,TE,RB_vs_TE,Pierre Strong Jr.,Noah Gray,8116,7828,192,190,2,20.2,54.1,-33.9
2022,RB,TE,RB_vs_TE,Pierre Strong Jr.,Kylen Granson,8116,7602,192,177,15,20.2,45.7,-25.5
2022,RB,TE,RB_vs_TE,Pierre Strong Jr.,Juwan Johnson,8116,7002,192,142,50,20.2,111.2,-91
2022,RB,TE,RB_vs_TE,Pierre Strong Jr.,Drew Sample,8116,6001,192,130,62,20.2,0.8,19.4
2022,RB,TE,RB_vs_TE,Pierre Strong Jr.,Will Dissly,8116,5010,192,118,74,20.2,69.9,-49.7
2022,RB,TE,RB_vs_TE,Pierre Strong Jr.,John Bates,8116,7716,192,111,81,20.2,23.8,-3.6
2022,RB,TE,RB_vs_TE,Pierre Strong Jr.,Josh Oliver,8116,5973,192,75,117,20.2,33.9,-13.7
2022,RB,TE,RB_vs_TE,Keaontay Ingram,Cade Otton,8221,8111,186,334,-148,13.8,71.1,-57.3
2022,RB,TE,RB_vs_TE,Keaontay Ingram,Harrison Bryant,8221,6850,186,326,-140,13.8,43.2,-29.4
2022,RB,TE,RB_vs_TE,Keaontay Ingram,Chigoziem Okonkwo,8221,8210,186,273,-87,13.8,69.5,-55.7
2022,RB,TE,RB_vs_TE,Keaontay Ingram,Ian Thomas,8221,4995,186,271,-85,13.8,30.2,-16.4
2022,RB,TE,RB_vs_TE,Keaontay Ingram,Noah Gray,8221,7828,186,190,-4,13.8,54.1,-40.3
2022,RB,TE,RB_vs_TE,Keaontay Ingram,Kylen Granson,8221,7602,186,177,9,13.8,45.7,-31.9
2022,RB,TE,RB_vs_TE,Keaontay Ingram,Juwan Johnson,8221,7002,186,142,44,13.8,111.2,-97.4
2022,RB,TE,RB_vs_TE,Keaontay Ingram,Drew Sample,8221,6001,186,130,56,13.8,0.8,13
2022,RB,TE,RB_vs_TE,Keaontay Ingram,Will Dissly,8221,5010,186,118,68,13.8,69.9,-56.1
2022,RB,TE,RB_vs_TE,Keaontay Ingram,John Bates,8221,7716,186,111,75,13.8,23.8,-10
2022,RB,TE,RB_vs_TE,Keaontay Ingram,Josh Oliver,8221,5973,186,75,111,13.8,33.9,-20.1
2022,RB,TE,RB_vs_TE,Nyheim Hines,Cade Otton,5347,8111,182,334,-152,39.4,71.1,-31.7
2022,RB,TE,RB_vs_TE,Nyheim Hines,Harrison Bryant,5347,6850,182,326,-144,39.4,43.2,-3.8
2022,RB,TE,RB_vs_TE,Nyheim Hines,Chigoziem Okonkwo,5347,8210,182,273,-91,39.4,69.5,-30.1
2022,RB,TE,RB_vs_TE,Nyheim Hines,Ian Thomas,5347,4995,182,271,-89,39.4,30.2,9.2
2022,RB,TE,RB_vs_TE,Nyheim Hines,Noah Gray,5347,7828,182,190,-8,39.4,54.1,-14.7
2022,RB,TE,RB_vs_TE,Nyheim Hines,Kylen Granson,5347,7602,182,177,5,39.4,45.7,-6.3
2022,RB,TE,RB_vs_TE,Nyheim Hines,Juwan Johnson,5347,7002,182,142,40,39.4,111.2,-71.8
2022,RB,TE,RB_vs_TE,Nyheim Hines,Drew Sample,5347,6001,182,130,52,39.4,0.8,38.6
2022,RB,TE,RB_vs_TE,Nyheim Hines,Will Dissly,5347,5010,182,118,64,39.4,69.9,-30.5
2022,RB,TE,RB_vs_TE,Nyheim Hines,John Bates,5347,7716,182,111,71,39.4,23.8,15.6
2022,RB,TE,RB_vs_TE,Nyheim Hines,Josh Oliver,5347,5973,182,75,107,39.4,33.9,5.5
2022,RB,TE,RB_vs_TE,DeeJay Dallas,Cade Otton,6931,8111,181,334,-153,26.6,71.1,-44.5
2022,RB,TE,RB_vs_TE,DeeJay Dallas,Harrison Bryant,6931,6850,181,326,-145,26.6,43.2,-16.6
2022,RB,TE,RB_vs_TE,DeeJay Dallas,Chigoziem Okonkwo,6931,8210,181,273,-92,26.6,69.5,-42.9
2022,RB,TE,RB_vs_TE,DeeJay Dallas,Ian Thomas,6931,4995,181,271,-90,26.6,30.2,-3.6
2022,RB,TE,RB_vs_TE,DeeJay Dallas,Noah Gray,6931,7828,181,190,-9,26.6,54.1,-27.5
2022,RB,TE,RB_vs_TE,DeeJay Dallas,Kylen Granson,6931,7602,181,177,4,26.6,45.7,-19.1
2022,RB,TE,RB_vs_TE,DeeJay Dallas,Juwan Johnson,6931,7002,181,142,39,26.6,111.2,-84.6
2022,RB,TE,RB_vs_TE,DeeJay Dallas,Drew Sample,6931,6001,181,130,51,26.6,0.8,25.8
2022,RB,TE,RB_vs_TE,DeeJay Dallas,Will Dissly,6931,5010,181,118,63,26.6,69.9,-43.3
2022,RB,TE,RB_vs_TE,DeeJay Dallas,John Bates,6931,7716,181,111,70,26.6,23.8,2.8
2022,RB,TE,RB_vs_TE,DeeJay Dallas,Josh Oliver,6931,5973,181,75,106,26.6,33.9,-7.3
2022,RB,TE,RB_vs_TE,Hassan Haskins,Cade Otton,8123,8111,179,334,-155,13.4,71.1,-57.7
2022,RB,TE,RB_vs_TE,Hassan Haskins,Harrison Bryant,8123,6850,179,326,-147,13.4,43.2,-29.8
2022,RB,TE,RB_vs_TE,Hassan Haskins,Chigoziem Okonkwo,8123,8210,179,273,-94,13.4,69.5,-56.1
2022,RB,TE,RB_vs_TE,Hassan Haskins,Ian Thomas,8123,4995,179,271,-92,13.4,30.2,-16.8
2022,RB,TE,RB_vs_TE,Hassan Haskins,Noah Gray,8123,7828,179,190,-11,13.4,54.1,-40.7
2022,RB,TE,RB_vs_TE,Hassan Haskins,Kylen Granson,8123,7602,179,177,2,13.4,45.7,-32.3
2022,RB,TE,RB_vs_TE,Hassan Haskins,Juwan Johnson,8123,7002,179,142,37,13.4,111.2,-97.8
2022,RB,TE,RB_vs_TE,Hassan Haskins,Drew Sample,8123,6001,179,130,49,13.4,0.8,12.6
2022,RB,TE,RB_vs_TE,Hassan Haskins,Will Dissly,8123,5010,179,118,61,13.4,69.9,-56.5
2022,RB,TE,RB_vs_TE,Hassan Haskins,John Bates,8123,7716,179,111,68,13.4,23.8,-10.4
2022,RB,TE,RB_vs_TE,Hassan Haskins,Josh Oliver,8123,5973,179,75,104,13.4,33.9,-20.5
2022,RB,TE,RB_vs_TE,Jerome Ford,Cade Otton,8143,8111,175,334,-159,1.2,71.1,-69.9
2022,RB,TE,RB_vs_TE,Jerome Ford,Harrison Bryant,8143,6850,175,326,-151,1.2,43.2,-42
2022,RB,TE,RB_vs_TE,Jerome Ford,Chigoziem Okonkwo,8143,8210,175,273,-98,1.2,69.5,-68.3
2022,RB,TE,RB_vs_TE,Jerome Ford,Ian Thomas,8143,4995,175,271,-96,1.2,30.2,-29
2022,RB,TE,RB_vs_TE,Jerome Ford,Noah Gray,8143,7828,175,190,-15,1.2,54.1,-52.9
2022,RB,TE,RB_vs_TE,Jerome Ford,Kylen Granson,8143,7602,175,177,-2,1.2,45.7,-44.5
2022,RB,TE,RB_vs_TE,Jerome Ford,Juwan Johnson,8143,7002,175,142,33,1.2,111.2,-110
2022,RB,TE,RB_vs_TE,Jerome Ford,Drew Sample,8143,6001,175,130,45,1.2,0.8,0.4
2022,RB,TE,RB_vs_TE,Jerome Ford,Will Dissly,8143,5010,175,118,57,1.2,69.9,-68.7
2022,RB,TE,RB_vs_TE,Jerome Ford,John Bates,8143,7716,175,111,64,1.2,23.8,-22.6
2022,RB,TE,RB_vs_TE,Jerome Ford,Josh Oliver,8143,5973,175,75,100,1.2,33.9,-32.7
2022,RB,TE,RB_vs_TE,Jordan Mason,Cade Otton,8408,8111,166,334,-168,29,71.1,-42.1
2022,RB,TE,RB_vs_TE,Jordan Mason,Harrison Bryant,8408,6850,166,326,-160,29,43.2,-14.2
2022,RB,TE,RB_vs_TE,Jordan Mason,Chigoziem Okonkwo,8408,8210,166,273,-107,29,69.5,-40.5
2022,RB,TE,RB_vs_TE,Jordan Mason,Ian Thomas,8408,4995,166,271,-105,29,30.2,-1.2
2022,RB,TE,RB_vs_TE,Jordan Mason,Noah Gray,8408,7828,166,190,-24,29,54.1,-25.1
2022,RB,TE,RB_vs_TE,Jordan Mason,Kylen Granson,8408,7602,166,177,-11,29,45.7,-16.7
2022,RB,TE,RB_vs_TE,Jordan Mason,Juwan Johnson,8408,7002,166,142,24,29,111.2,-82.2
2022,RB,TE,RB_vs_TE,Jordan Mason,Drew Sample,8408,6001,166,130,36,29,0.8,28.2
2022,RB,TE,RB_vs_TE,Jordan Mason,Will Dissly,8408,5010,166,118,48,29,69.9,-40.9
2022,RB,TE,RB_vs_TE,Jordan Mason,John Bates,8408,7716,166,111,55,29,23.8,5.2
2022,RB,TE,RB_vs_TE,Jordan Mason,Josh Oliver,8408,5973,166,75,91,29,33.9,-4.9
2022,RB,TE,RB_vs_TE,Samaje Perine,Cade Otton,4147,8111,165,334,-169,101.9,71.1,30.8
2022,RB,TE,RB_vs_TE,Samaje Perine,Harrison Bryant,4147,6850,165,326,-161,101.9,43.2,58.7
2022,RB,TE,RB_vs_TE,Samaje Perine,Chigoziem Okonkwo,4147,8210,165,273,-108,101.9,69.5,32.4
2022,RB,TE,RB_vs_TE,Samaje Perine,Ian Thomas,4147,4995,165,271,-106,101.9,30.2,71.7
2022,RB,TE,RB_vs_TE,Samaje Perine,Noah Gray,4147,7828,165,190,-25,101.9,54.1,47.8
2022,RB,TE,RB_vs_TE,Samaje Perine,Kylen Granson,4147,7602,165,177,-12,101.9,45.7,56.2
2022,RB,TE,RB_vs_TE,Samaje Perine,Juwan Johnson,4147,7002,165,142,23,101.9,111.2,-9.3
2022,RB,TE,RB_vs_TE,Samaje Perine,Drew Sample,4147,6001,165,130,35,101.9,0.8,101.1
2022,RB,TE,RB_vs_TE,Samaje Perine,Will Dissly,4147,5010,165,118,47,101.9,69.9,32
2022,RB,TE,RB_vs_TE,Samaje Perine,John Bates,4147,7716,165,111,54,101.9,23.8,78.1
2022,RB,TE,RB_vs_TE,Samaje Perine,Josh Oliver,4147,5973,165,75,90,101.9,33.9,68
2022,RB,TE,RB_vs_TE,Kene Nwangwu,Cade Otton,7720,8111,164,334,-170,6.6,71.1,-64.5
2022,RB,TE,RB_vs_TE,Kene Nwangwu,Harrison Bryant,7720,6850,164,326,-162,6.6,43.2,-36.6
2022,RB,TE,RB_vs_TE,Kene Nwangwu,Chigoziem Okonkwo,7720,8210,164,273,-109,6.6,69.5,-62.9
2022,RB,TE,RB_vs_TE,Kene Nwangwu,Ian Thomas,7720,4995,164,271,-107,6.6,30.2,-23.6
2022,RB,TE,RB_vs_TE,Kene Nwangwu,Noah Gray,7720,7828,164,190,-26,6.6,54.1,-47.5
2022,RB,TE,RB_vs_TE,Kene Nwangwu,Kylen Granson,7720,7602,164,177,-13,6.6,45.7,-39.1
2022,RB,TE,RB_vs_TE,Kene Nwangwu,Juwan Johnson,7720,7002,164,142,22,6.6,111.2,-104.6
2022,RB,TE,RB_vs_TE,Kene Nwangwu,Drew Sample,7720,6001,164,130,34,6.6,0.8,5.8
2022,RB,TE,RB_vs_TE,Kene Nwangwu,Will Dissly,7720,5010,164,118,46,6.6,69.9,-63.3
2022,RB,TE,RB_vs_TE,Kene Nwangwu,John Bates,7720,7716,164,111,53,6.6,23.8,-17.2
2022,RB,TE,RB_vs_TE,Kene Nwangwu,Josh Oliver,7720,5973,164,75,89,6.6,33.9,-27.3
2022,RB,TE,RB_vs_TE,Jeffery Wilson,Harrison Bryant,5284,6850,132,326,-194,129.1,43.2,85.9
2022,RB,TE,RB_vs_TE,Jeffery Wilson,Chigoziem Okonkwo,5284,8210,132,273,-141,129.1,69.5,59.6
2022,RB,TE,RB_vs_TE,Jeffery Wilson,Ian Thomas,5284,4995,132,271,-139,129.1,30.2,98.9
2022,RB,TE,RB_vs_TE,Jeffery Wilson,Noah Gray,5284,7828,132,190,-58,129.1,54.1,75
2022,RB,TE,RB_vs_TE,Jeffery Wilson,Kylen Granson,5284,7602,132,177,-45,129.1,45.7,83.4
2022,RB,TE,RB_vs_TE,Jeffery Wilson,Juwan Johnson,5284,7002,132,142,-10,129.1,111.2,17.9
2022,RB,TE,RB_vs_TE,Jeffery Wilson,Drew Sample,5284,6001,132,130,2,129.1,0.8,128.3
2022,RB,TE,RB_vs_TE,Jeffery Wilson,Will Dissly,5284,5010,132,118,14,129.1,69.9,59.2
2022,RB,TE,RB_vs_TE,Jeffery Wilson,John Bates,5284,7716,132,111,21,129.1,23.8,105.3
2022,RB,TE,RB_vs_TE,Jeffery Wilson,Josh Oliver,5284,5973,132,75,57,129.1,33.9,95.2
2022,RB,TE,RB_vs_TE,Justice Hill,Chigoziem Okonkwo,5995,8210,93,273,-180,26.6,69.5,-42.9
2022,RB,TE,RB_vs_TE,Justice Hill,Ian Thomas,5995,4995,93,271,-178,26.6,30.2,-3.6
2022,RB,TE,RB_vs_TE,Justice Hill,Noah Gray,5995,7828,93,190,-97,26.6,54.1,-27.5
2022,RB,TE,RB_vs_TE,Justice Hill,Kylen Granson,5995,7602,93,177,-84,26.6,45.7,-19.1
2022,RB,TE,RB_vs_TE,Justice Hill,Juwan Johnson,5995,7002,93,142,-49,26.6,111.2,-84.6
2022,RB,TE,RB_vs_TE,Justice Hill,Drew Sample,5995,6001,93,130,-37,26.6,0.8,25.8
2022,RB,TE,RB_vs_TE,Justice Hill,Will Dissly,5995,5010,93,118,-25,26.6,69.9,-43.3
2022,RB,TE,RB_vs_TE,Justice Hill,John Bates,5995,7716,93,111,-18,26.6,23.8,2.8
2022,RB,TE,RB_vs_TE,Justice Hill,Josh Oliver,5995,5973,93,75,18,26.6,33.9,-7.3
2022,RB,TE,RB_vs_TE,Kevin Harris,Chigoziem Okonkwo,8174,8210,90,273,-183,11.2,69.5,-58.3
2022,RB,TE,RB_vs_TE,Kevin Harris,Ian Thomas,8174,4995,90,271,-181,11.2,30.2,-19
2022,RB,TE,RB_vs_TE,Kevin Harris,Noah Gray,8174,7828,90,190,-100,11.2,54.1,-42.9
2022,RB,TE,RB_vs_TE,Kevin Harris,Kylen Granson,8174,7602,90,177,-87,11.2,45.7,-34.5
2022,RB,TE,RB_vs_TE,Kevin Harris,Juwan Johnson,8174,7002,90,142,-52,11.2,111.2,-100
2022,RB,TE,RB_vs_TE,Kevin Harris,Drew Sample,8174,6001,90,130,-40,11.2,0.8,10.4
2022,RB,TE,RB_vs_TE,Kevin Harris,Will Dissly,8174,5010,90,118,-28,11.2,69.9,-58.7
2022,RB,TE,RB_vs_TE,Kevin Harris,John Bates,8174,7716,90,111,-21,11.2,23.8,-12.6
2022,RB,TE,RB_vs_TE,Kevin Harris,Josh Oliver,8174,5973,90,75,15,11.2,33.9,-22.7
2022,RB,TE,RB_vs_TE,Salvon Ahmed,Chigoziem Okonkwo,6918,8210,86,273,-187,12.5,69.5,-57
2022,RB,TE,RB_vs_TE,Salvon Ahmed,Ian Thomas,6918,4995,86,271,-185,12.5,30.2,-17.7
2022,RB,TE,RB_vs_TE,Salvon Ahmed,Noah Gray,6918,7828,86,190,-104,12.5,54.1,-41.6
2022,RB,TE,RB_vs_TE,Salvon Ahmed,Kylen Granson,6918,7602,86,177,-91,12.5,45.7,-33.2
2022,RB,TE,RB_vs_TE,Salvon Ahmed,Juwan Johnson,6918,7002,86,142,-56,12.5,111.2,-98.7
2022,RB,TE,RB_vs_TE,Salvon Ahmed,Drew Sample,6918,6001,86,130,-44,12.5,0.8,11.7
2022,RB,TE,RB_vs_TE,Salvon Ahmed,Will Dissly,6918,5010,86,118,-32,12.5,69.9,-57.4
2022,RB,TE,RB_vs_TE,Salvon Ahmed,John Bates,6918,7716,86,111,-25,12.5,23.8,-11.3
2022,RB,TE,RB_vs_TE,Salvon Ahmed,Josh Oliver,6918,5973,86,75,11,12.5,33.9,-21.4
2022,RB,TE,RB_vs_TE,Ty Johnson,Chigoziem Okonkwo,6039,8210,84,273,-189,28.3,69.5,-41.2
2022,RB,TE,RB_vs_TE,Ty Johnson,Ian Thomas,6039,4995,84,271,-187,28.3,30.2,-1.9
2022,RB,TE,RB_vs_TE,Ty Johnson,Noah Gray,6039,7828,84,190,-106,28.3,54.1,-25.8
2022,RB,TE,RB_vs_TE,Ty Johnson,Kylen Granson,6039,7602,84,177,-93,28.3,45.7,-17.4
2022,RB,TE,RB_vs_TE,Ty Johnson,Juwan Johnson,6039,7002,84,142,-58,28.3,111.2,-82.9
2022,RB,TE,RB_vs_TE,Ty Johnson,Drew Sample,6039,6001,84,130,-46,28.3,0.8,27.5
2022,RB,TE,RB_vs_TE,Ty Johnson,Will Dissly,6039,5010,84,118,-34,28.3,69.9,-41.6
2022,RB,TE,RB_vs_TE,Ty Johnson,John Bates,6039,7716,84,111,-27,28.3,23.8,4.5
2022,RB,TE,RB_vs_TE,Ty Johnson,Josh Oliver,6039,5973,84,75,9,28.3,33.9,-5.6
2022,RB,TE,RB_vs_TE,Trayveon Williams,Chigoziem Okonkwo,6144,8210,83,273,-190,6,69.5,-63.5
2022,RB,TE,RB_vs_TE,Trayveon Williams,Ian Thomas,6144,4995,83,271,-188,6,30.2,-24.2
2022,RB,TE,RB_vs_TE,Trayveon Williams,Noah Gray,6144,7828,83,190,-107,6,54.1,-48.1
2022,RB,TE,RB_vs_TE,Trayveon Williams,Kylen Granson,6144,7602,83,177,-94,6,45.7,-39.7
2022,RB,TE,RB_vs_TE,Trayveon Williams,Juwan Johnson,6144,7002,83,142,-59,6,111.2,-105.2
2022,RB,TE,RB_vs_TE,Trayveon Williams,Drew Sample,6144,6001,83,130,-47,6,0.8,5.2
2022,RB,TE,RB_vs_TE,Trayveon Williams,Will Dissly,6144,5010,83,118,-35,6,69.9,-63.9
2022,RB,TE,RB_vs_TE,Trayveon Williams,John Bates,6144,7716,83,111,-28,6,23.8,-17.8
2022,RB,TE,RB_vs_TE,Trayveon Williams,Josh Oliver,6144,5973,83,75,8,6,33.9,-27.9
2022,RB,TE,RB_vs_TE,Zonovan Knight,Noah Gray,8122,7828,67,190,-123,43.8,54.1,-10.3
2022,RB,TE,RB_vs_TE,Zonovan Knight,Kylen Granson,8122,7602,67,177,-110,43.8,45.7,-1.9
2022,RB,TE,RB_vs_TE,Zonovan Knight,Juwan Johnson,8122,7002,67,142,-75,43.8,111.2,-67.4
2022,RB,TE,RB_vs_TE,Zonovan Knight,Drew Sample,8122,6001,67,130,-63,43.8,0.8,43
2022,RB,TE,RB_vs_TE,Zonovan Knight,Will Dissly,8122,5010,67,118,-51,43.8,69.9,-26.1
2022,RB,TE,RB_vs_TE,Zonovan Knight,John Bates,8122,7716,67,111,-44,43.8,23.8,20
2022,RB,TE,RB_vs_TE,Zonovan Knight,Josh Oliver,8122,5973,67,75,-8,43.8,33.9,9.9
2022,WR,TE,WR_vs_TE,Stefon Diggs,Mark Andrews,2449,5012,6153,6201,-48,194.8,154,40.8
2022,WR,TE,WR_vs_TE,CeeDee Lamb,Kyle Pitts,6786,7553,5661,5624,37,183.4,61.6,121.8
2022,WR,TE,WR_vs_TE,Tyreek Hill,Kyle Pitts,3321,7553,5512,5624,-112,225.9,61.6,164.3
2022,WR,TE,WR_vs_TE,A.J. Brown,Kyle Pitts,5859,7553,5500,5624,-124,202.1,61.6,140.5
2022,WR,TE,WR_vs_TE,Mike Evans,Kyle Pitts,2216,7553,5452,5624,-172,148.4,61.6,86.8
2022,WR,TE,WR_vs_TE,Michael Pittman,George Kittle,6819,4217,5008,4814,194,108.5,153.6,-45.1
2022,WR,TE,WR_vs_TE,Tee Higgins,George Kittle,6801,4217,4948,4814,134,147.5,153.6,-6.1
2022,WR,TE,WR_vs_TE,Courtland Sutton,George Kittle,5045,4217,4933,4814,119,86.1,153.6,-67.5
2022,WR,TE,WR_vs_TE,D.J. Moore,George Kittle,4983,4217,4901,4814,87,135.1,153.6,-18.5
2022,WR,TE,WR_vs_TE,Mike Williams,George Kittle,4068,4217,4832,4814,18,110.3,153.6,-43.3
2022,WR,TE,WR_vs_TE,Mike Williams,Darren Waller,4068,2505,4832,4691,141,110.3,66.3,44
2022,WR,TE,WR_vs_TE,Jaylen Waddle,Darren Waller,7526,2505,4600,4691,-91,178.9,66.3,112.6
2022,WR,TE,WR_vs_TE,Marquise Brown,Darren Waller,5848,2505,4576,4691,-115,88.3,66.3,22
2022,WR,TE,WR_vs_TE,Marquise Brown,Dalton Schultz,5848,5001,4576,4377,199,88.3,108.9,-20.6
2022,WR,TE,WR_vs_TE,Amon-Ra St. Brown,Darren Waller,7547,2505,4566,4691,-125,156.7,66.3,90.4
2022,WR,TE,WR_vs_TE,Amon-Ra St. Brown,Dalton Schultz,7547,5001,4566,4377,189,156.7,108.9,47.8
2022,WR,TE,WR_vs_TE,Terry McLaurin,Darren Waller,5927,2505,4537,4691,-154,138.6,66.3,72.3
2022,WR,TE,WR_vs_TE,Terry McLaurin,Dalton Schultz,5927,5001,4537,4377,160,138.6,108.9,29.7
2022,WR,TE,WR_vs_TE,Chris Godwin,Dalton Schultz,4037,5001,4474,4377,97,115.3,108.9,6.4
2022,WR,TE,WR_vs_TE,Darnell Mooney,Dalton Schultz,7090,5001,4466,4377,89,61.5,108.9,-47.4
2022,WR,TE,WR_vs_TE,Diontae Johnson,Dalton Schultz,5937,5001,4456,4377,79,88.9,108.9,-20
2022,WR,TE,WR_vs_TE,Brandin Cooks,Dalton Schultz,2197,5001,4405,4377,28,72,108.9,-36.9
2022,WR,TE,WR_vs_TE,Allen Lazard,Dalton Schultz,5185,5001,4308,4377,-69,104.7,108.9,-4.2
2022,WR,TE,WR_vs_TE,DK Metcalf,Dalton Schultz,5846,5001,4300,4377,-77,132.8,108.9,23.9
2022,WR,TE,WR_vs_TE,Michael Thomas,Dalton Schultz,3199,5001,4285,4377,-92,35.1,108.9,-73.8
2022,WR,TE,WR_vs_TE,JuJu Smith-Schuster,Dalton Schultz,4040,5001,4196,4377,-181,103.8,108.9,-5.1
2022,WR,TE,WR_vs_TE,Elijah Moore,Dallas Goedert,7596,5022,3997,3911,86,50,106.1,-56.1
2022,WR,TE,WR_vs_TE,Elijah Moore,T.J. Hockenson,7596,5844,3997,3839,158,50,170.3,-120.3
2022,WR,TE,WR_vs_TE,Brandon Aiyuk,Dallas Goedert,6803,5022,3932,3911,21,143.9,106.1,37.8
2022,WR,TE,WR_vs_TE,Brandon Aiyuk,T.J. Hockenson,6803,5844,3932,3839,93,143.9,170.3,-26.4
2022,WR,TE,WR_vs_TE,DeVonta Smith,Dallas Goedert,7525,5022,3895,3911,-16,152.9,106.1,46.8
2022,WR,TE,WR_vs_TE,DeVonta Smith,T.J. Hockenson,7525,5844,3895,3839,56,152.9,170.3,-17.4
2022,WR,TE,WR_vs_TE,DeAndre Hopkins,T.J. Hockenson,1426,5844,3708,3839,-131,87.7,170.3,-82.6
2022,WR,TE,WR_vs_TE,DeAndre Hopkins,Dawson Knox,1426,5906,3708,3591,117,87.7,103.4,-15.7
2022,WR,TE,WR_vs_TE,Christian Kirk,Dawson Knox,4950,5906,3591,3591,0,142,103.4,38.6
2022,WR,TE,WR_vs_TE,Christian Kirk,Zach Ertz,4950,1339,3591,3457,134,142,92.1,49.9
2022,WR,TE,WR_vs_TE,Amari Cooper,Dawson Knox,2309,5906,3580,3591,-11,162.9,103.4,59.5
2022,WR,TE,WR_vs_TE,Amari Cooper,Zach Ertz,2309,1339,3580,3457,123,162.9,92.1,70.8
2022,WR,TE,WR_vs_TE,Treylon Burks,Dawson Knox,8135,5906,3466,3591,-125,59.2,103.4,-44.2
2022,WR,TE,WR_vs_TE,Treylon Burks,Zach Ertz,8135,1339,3466,3457,9,59.2,92.1,-32.9
2022,WR,TE,WR_vs_TE,Drake London,Dawson Knox,8112,5906,3430,3591,-161,94.6,103.4,-8.8
2022,WR,TE,WR_vs_TE,Drake London,Zach Ertz,8112,1339,3430,3457,-27,94.6,92.1,2.5
2022,WR,TE,WR_vs_TE,Drake London,Cole Kmet,8112,6826,3430,3248,182,94.6,108.6,-14
2022,WR,TE,WR_vs_TE,Chris Olave,Zach Ertz,8144,1339,3296,3457,-161,116.2,92.1,24.1
2022,WR,TE,WR_vs_TE,Chris Olave,Cole Kmet,8144,6826,3296,3248,48,116.2,108.6,7.6
2022,WR,TE,WR_vs_TE,Michael Gallup,Cole Kmet,5038,6826,3210,3248,-38,65.4,108.6,-43.2
2022,WR,TE,WR_vs_TE,Robert Woods,Cole Kmet,1352,6826,3129,3248,-119,58.7,108.6,-49.9
2022,WR,TE,WR_vs_TE,Robert Woods,Pat Freiermuth,1352,7600,3129,2940,189,58.7,116.7,-58
2022,WR,TE,WR_vs_TE,Skyy Moore,Cole Kmet,8168,6826,3103,3248,-145,21.4,108.6,-87.2
2022,WR,TE,WR_vs_TE,Skyy Moore,Pat Freiermuth,8168,7600,3103,2940,163,21.4,116.7,-95.3
2022,WR,TE,WR_vs_TE,Hunter Renfrow,Cole Kmet,5955,6826,3050,3248,-198,30.7,108.6,-77.9
2022,WR,TE,WR_vs_TE,Hunter Renfrow,Pat Freiermuth,5955,7600,3050,2940,110,30.7,116.7,-86
2022,WR,TE,WR_vs_TE,Kadarius Toney,Pat Freiermuth,7606,7600,2926,2940,-14,30.9,116.7,-85.8
2022,WR,TE,WR_vs_TE,Jakobi Meyers,Pat Freiermuth,5947,7600,2795,2940,-145,104.1,116.7,-12.6
2022,WR,TE,WR_vs_TE,Jakobi Meyers,Irv Smith,5947,6126,2795,2722,73,104.1,39.8,64.3
2022,WR,TE,WR_vs_TE,Jakobi Meyers,Hunter Henry,5947,3214,2795,2646,149,104.1,76.2,27.9
2022,WR,TE,WR_vs_TE,Tyler Lockett,Irv Smith,2374,6126,2713,2722,-9,141.9,39.8,102.1
2022,WR,TE,WR_vs_TE,Tyler Lockett,Hunter Henry,2374,3214,2713,2646,67,141.9,76.2,65.7
2022,WR,TE,WR_vs_TE,Tyler Lockett,Albert Okwuegbunam,2374,6843,2713,2579,134,141.9,20.5,121.4
2022,WR,TE,WR_vs_TE,Tyler Lockett,Mike Gesicki,2374,4993,2713,2545,168,141.9,75.6,66.3
2022,WR,TE,WR_vs_TE,D.J. Chark,Irv Smith,4951,6126,2644,2722,-78,66.8,39.8,27
2022,WR,TE,WR_vs_TE,D.J. Chark,Hunter Henry,4951,3214,2644,2646,-2,66.8,76.2,-9.4
2022,WR,TE,WR_vs_TE,D.J. Chark,Albert Okwuegbunam,4951,6843,2644,2579,65,66.8,20.5,46.3
2022,WR,TE,WR_vs_TE,D.J. Chark,Mike Gesicki,4951,4993,2644,2545,99,66.8,75.6,-8.8
2022,WR,TE,WR_vs_TE,D.J. Chark,David Njoku,4951,4033,2644,2452,192,66.8,100.8,-34
2022,WR,TE,WR_vs_TE,Tyler Boyd,Irv Smith,3225,6126,2534,2722,-188,111.4,39.8,71.6
2022,WR,TE,WR_vs_TE,Tyler Boyd,Hunter Henry,3225,3214,2534,2646,-112,111.4,76.2,35.2
2022,WR,TE,WR_vs_TE,Tyler Boyd,Albert Okwuegbunam,3225,6843,2534,2579,-45,111.4,20.5,90.9
2022,WR,TE,WR_vs_TE,Tyler Boyd,Mike Gesicki,3225,4993,2534,2545,-11,111.4,75.6,35.8
2022,WR,TE,WR_vs_TE,Tyler Boyd,David Njoku,3225,4033,2534,2452,82,111.4,100.8,10.6
2022,WR,TE,WR_vs_TE,George Pickens,Hunter Henry,8137,3214,2464,2646,-182,101.3,76.2,25.1
2022,WR,TE,WR_vs_TE,George Pickens,Albert Okwuegbunam,8137,6843,2464,2579,-115,101.3,20.5,80.8
2022,WR,TE,WR_vs_TE,George Pickens,Mike Gesicki,8137,4993,2464,2545,-81,101.3,75.6,25.7
2022,WR,TE,WR_vs_TE,George Pickens,David Njoku,8137,4033,2464,2452,12,101.3,100.8,0.5
2022,WR,TE,WR_vs_TE,Chase Claypool,Albert Okwuegbunam,6886,6843,2433,2579,-146,56.1,20.5,35.6
2022,WR,TE,WR_vs_TE,Chase Claypool,Mike Gesicki,6886,4993,2433,2545,-112,56.1,75.6,-19.5
2022,WR,TE,WR_vs_TE,Chase Claypool,David Njoku,6886,4033,2433,2452,-19,56.1,100.8,-44.7
2022,WR,TE,WR_vs_TE,Chase Claypool,Gerald Everett,6886,4089,2433,2246,187,56.1,102.2,-46.1
2022,WR,TE,WR_vs_TE,Jahan Dotson,David Njoku,8119,4033,2321,2452,-131,88.4,100.8,-12.4
2022,WR,TE,WR_vs_TE,Jahan Dotson,Gerald Everett,8119,4089,2321,2246,75,88.4,102.2,-13.8
2022,WR,TE,WR_vs_TE,Marquez Valdes-Scantling,Gerald Everett,5086,4089,2127,2246,-119,77.7,102.2,-24.5
2022,WR,TE,WR_vs_TE,Marquez Valdes-Scantling,Tyler Higbee,5086,3271,2127,2019,108,77.7,110.7,-33
2022,WR,TE,WR_vs_TE,Nico Collins,Gerald Everett,7569,4089,2113,2246,-133,60.1,102.2,-42.1
2022,WR,TE,WR_vs_TE,Nico Collins,Tyler Higbee,7569,3271,2113,2019,94,60.1,110.7,-50.6
2022,WR,TE,WR_vs_TE,Garrett Wilson,Tyler Higbee,8146,3271,1986,2019,-33,123.8,110.7,13.1
2022,WR,TE,WR_vs_TE,Garrett Wilson,Noah Fant,8146,5857,1986,1855,131,123.8,93.6,30.2
2022,WR,TE,WR_vs_TE,Romeo Doubs,Noah Fant,8121,5857,1785,1855,-70,59.6,93.6,-34
2022,WR,TE,WR_vs_TE,Romeo Doubs,Evan Engram,8121,4066,1785,1685,100,59.6,135.7,-76.1
2022,WR,TE,WR_vs_TE,Isaiah McKenzie,Evan Engram,4197,4066,1596,1685,-89,75.9,135.7,-59.8
2022,WR,TE,WR_vs_TE,Isaiah McKenzie,Hayden Hurst,4197,4973,1596,1582,14,75.9,79.5,-3.6
2022,WR,TE,WR_vs_TE,Isaiah McKenzie,Isaiah Likely,4197,8131,1596,1469,127,75.9,59,16.9
2022,WR,TE,WR_vs_TE,Isaiah McKenzie,Austin Hooper,4197,3202,1596,1468,128,75.9,71.1,4.8
2022,WR,TE,WR_vs_TE,Alec Pierce,Evan Engram,8142,4066,1576,1685,-109,67.1,135.7,-68.6
2022,WR,TE,WR_vs_TE,Alec Pierce,Hayden Hurst,8142,4973,1576,1582,-6,67.1,79.5,-12.4
2022,WR,TE,WR_vs_TE,Alec Pierce,Isaiah Likely,8142,8131,1576,1469,107,67.1,59,8.1
2022,WR,TE,WR_vs_TE,Alec Pierce,Austin Hooper,8142,3202,1576,1468,108,67.1,71.1,-4
2022,WR,TE,WR_vs_TE,Mecole Hardman,Hayden Hurst,5917,4973,1393,1582,-189,68.8,79.5,-10.7
2022,WR,TE,WR_vs_TE,Mecole Hardman,Isaiah Likely,5917,8131,1393,1469,-76,68.8,59,9.8
2022,WR,TE,WR_vs_TE,Mecole Hardman,Austin Hooper,5917,3202,1393,1468,-75,68.8,71.1,-2.3
2022,WR,TE,WR_vs_TE,Mecole Hardman,Brevin Jordan,5917,7568,1393,1310,83,68.8,19.8,49
2022,WR,TE,WR_vs_TE,Jameson Williams,Isaiah Likely,8148,8131,1374,1469,-95,14.1,59,-44.9
2022,WR,TE,WR_vs_TE,Jameson Williams,Austin Hooper,8148,3202,1374,1468,-94,14.1,71.1,-57
2022,WR,TE,WR_vs_TE,Jameson Williams,Brevin Jordan,8148,7568,1374,1310,64,14.1,19.8,-5.7
2022,WR,TE,WR_vs_TE,Jalen Tolbert,Isaiah Likely,8117,8131,1326,1469,-143,1.2,59,-57.8
2022,WR,TE,WR_vs_TE,Jalen Tolbert,Austin Hooper,8117,3202,1326,1468,-142,1.2,71.1,-69.9
2022,WR,TE,WR_vs_TE,Jalen Tolbert,Brevin Jordan,8117,7568,1326,1310,16,1.2,19.8,-18.6
2022,WR,TE,WR_vs_TE,Jalen Tolbert,Mo Alie-Cox,8117,4054,1326,1153,173,1.2,37.5,-36.3
2022,WR,TE,WR_vs_TE,Wan'Dale Robinson,Brevin Jordan,8126,7568,1256,1310,-54,28.6,19.8,8.8
2022,WR,TE,WR_vs_TE,Wan'Dale Robinson,Mo Alie-Cox,8126,4054,1256,1153,103,28.6,37.5,-8.9
2022,WR,TE,WR_vs_TE,K.J. Osborn,Brevin Jordan,7066,7568,1202,1310,-108,83.9,19.8,64.1
2022,WR,TE,WR_vs_TE,K.J. Osborn,Mo Alie-Cox,7066,4054,1202,1153,49,83.9,37.5,46.4
2022,WR,TE,WR_vs_TE,K.J. Osborn,Tyler Conklin,7066,5133,1202,1036,166,83.9,100.2,-16.3
2022,WR,TE,WR_vs_TE,Parris Campbell,Mo Alie-Cox,5880,4054,1070,1153,-83,79.3,37.5,41.8
2022,WR,TE,WR_vs_TE,Parris Campbell,Tyler Conklin,5880,5133,1070,1036,34,79.3,100.2,-20.9
2022,WR,TE,WR_vs_TE,Parris Campbell,Jonnu Smith,5880,4144,1070,980,90,79.3,38.5,40.8
2022,WR,TE,WR_vs_TE,Parris Campbell,Taysom Hill,5880,4381,1070,877,193,79.3,138.3,-59
2022,WR,TE,WR_vs_TE,DeVante Parker,Mo Alie-Cox,2319,4054,1018,1153,-135,52,37.5,14.5
2022,WR,TE,WR_vs_TE,DeVante Parker,Tyler Conklin,2319,5133,1018,1036,-18,52,100.2,-48.2
2022,WR,TE,WR_vs_TE,DeVante Parker,Jonnu Smith,2319,4144,1018,980,38,52,38.5,13.5
2022,WR,TE,WR_vs_TE,DeVante Parker,Taysom Hill,2319,4381,1018,877,141,52,138.3,-86.3
2022,WR,TE,WR_vs_TE,DeVante Parker,Daniel Bellinger,2319,8225,1018,868,150,52,60,-8
2022,WR,TE,WR_vs_TE,Christian Watson,Mo Alie-Cox,8167,4054,964,1153,-189,111.5,37.5,74
2022,WR,TE,WR_vs_TE,Christian Watson,Tyler Conklin,8167,5133,964,1036,-72,111.5,100.2,11.3
2022,WR,TE,WR_vs_TE,Christian Watson,Jonnu Smith,8167,4144,964,980,-16,111.5,38.5,73
2022,WR,TE,WR_vs_TE,Christian Watson,Taysom Hill,8167,4381,964,877,87,111.5,138.3,-26.8
2022,WR,TE,WR_vs_TE,Christian Watson,Daniel Bellinger,8167,8225,964,868,96,111.5,60,51.5
2022,WR,TE,WR_vs_TE,Christian Watson,Trey McBride,8167,8130,964,809,155,111.5,41.4,70.1
2022,WR,TE,WR_vs_TE,David Bell,Jonnu Smith,8118,4144,831,980,-149,21.4,38.5,-17.1
2022,WR,TE,WR_vs_TE,David Bell,Taysom Hill,8118,4381,831,877,-46,21.4,138.3,-116.9
2022,WR,TE,WR_vs_TE,David Bell,Daniel Bellinger,8118,8225,831,868,-37,21.4,60,-38.6
2022,WR,TE,WR_vs_TE,David Bell,Trey McBride,8118,8130,831,809,22,21.4,41.4,-20
2022,WR,TE,WR_vs_TE,David Bell,Greg Dulcich,8118,8172,831,726,105,21.4,69.6,-48.2
2022,WR,TE,WR_vs_TE,David Bell,Adam Trautman,8118,6869,831,701,130,21.4,33.4,-12
2022,WR,TE,WR_vs_TE,David Bell,Donald Parham,8118,6074,831,651,180,21.4,19.9,1.5
2022,WR,TE,WR_vs_TE,Donovan Peoples-Jones,Taysom Hill,6824,4381,757,877,-120,101.9,138.3,-36.4
2022,WR,TE,WR_vs_TE,Donovan Peoples-Jones,Daniel Bellinger,6824,8225,757,868,-111,101.9,60,41.9
2022,WR,TE,WR_vs_TE,Donovan Peoples-Jones,Trey McBride,6824,8130,757,809,-52,101.9,41.4,60.5
2022,WR,TE,WR_vs_TE,Donovan Peoples-Jones,Greg Dulcich,6824,8172,757,726,31,101.9,69.6,32.3
2022,WR,TE,WR_vs_TE,Donovan Peoples-Jones,Adam Trautman,6824,6869,757,701,56,101.9,33.4,68.5
2022,WR,TE,WR_vs_TE,Donovan Peoples-Jones,Donald Parham,6824,6074,757,651,106,101.9,19.9,82
2022,WR,TE,WR_vs_TE,Donovan Peoples-Jones,Jake Ferguson,6824,8110,757,624,133,101.9,38,63.9
2022,WR,TE,WR_vs_TE,Donovan Peoples-Jones,Tommy Tremble,6824,7694,757,594,163,101.9,42.2,59.7
2022,WR,TE,WR_vs_TE,KJ Hamler,Taysom Hill,6805,4381,737,877,-140,18.8,138.3,-119.5
2022,WR,TE,WR_vs_TE,KJ Hamler,Daniel Bellinger,6805,8225,737,868,-131,18.8,60,-41.2
2022,WR,TE,WR_vs_TE,KJ Hamler,Trey McBride,6805,8130,737,809,-72,18.8,41.4,-22.6
2022,WR,TE,WR_vs_TE,KJ Hamler,Greg Dulcich,6805,8172,737,726,11,18.8,69.6,-50.8
2022,WR,TE,WR_vs_TE,KJ Hamler,Adam Trautman,6805,6869,737,701,36,18.8,33.4,-14.6
2022,WR,TE,WR_vs_TE,KJ Hamler,Donald Parham,6805,6074,737,651,86,18.8,19.9,-1.1
2022,WR,TE,WR_vs_TE,KJ Hamler,Jake Ferguson,6805,8110,737,624,113,18.8,38,-19.2
2022,WR,TE,WR_vs_TE,KJ Hamler,Tommy Tremble,6805,7694,737,594,143,18.8,42.2,-23.4
2022,WR,TE,WR_vs_TE,Van Jefferson,Greg Dulcich,6853,8172,607,726,-119,48.8,69.6,-20.8
2022,WR,TE,WR_vs_TE,Van Jefferson,Adam Trautman,6853,6869,607,701,-94,48.8,33.4,15.4
2022,WR,TE,WR_vs_TE,Van Jefferson,Donald Parham,6853,6074,607,651,-44,48.8,19.9,28.9
2022,WR,TE,WR_vs_TE,Van Jefferson,Jake Ferguson,6853,8110,607,624,-17,48.8,38,10.8
2022,WR,TE,WR_vs_TE,Van Jefferson,Tommy Tremble,6853,7694,607,594,13,48.8,42.2,6.6
2022,WR,TE,WR_vs_TE,Van Jefferson,Foster Moreau,6853,5985,607,465,142,48.8,67.2,-18.4
2022,WR,TE,WR_vs_TE,Kendrick Bourne,Greg Dulcich,4454,8172,589,726,-137,48.8,69.6,-20.8
2022,WR,TE,WR_vs_TE,Kendrick Bourne,Adam Trautman,4454,6869,589,701,-112,48.8,33.4,15.4
2022,WR,TE,WR_vs_TE,Kendrick Bourne,Donald Parham,4454,6074,589,651,-62,48.8,19.9,28.9
2022,WR,TE,WR_vs_TE,Kendrick Bourne,Jake Ferguson,4454,8110,589,624,-35,48.8,38,10.8
2022,WR,TE,WR_vs_TE,Kendrick Bourne,Tommy Tremble,4454,7694,589,594,-5,48.8,42.2,6.6
2022,WR,TE,WR_vs_TE,Kendrick Bourne,Foster Moreau,4454,5985,589,465,124,48.8,67.2,-18.4
2022,WR,TE,WR_vs_TE,Kendrick Bourne,Jelani Woods,4454,8219,589,399,190,48.8,60.3,-11.5
2022,WR,TE,WR_vs_TE,Laviska Shenault,Adam Trautman,6814,6869,510,701,-191,44.8,33.4,11.4
2022,WR,TE,WR_vs_TE,Laviska Shenault,Donald Parham,6814,6074,510,651,-141,44.8,19.9,24.9
2022,WR,TE,WR_vs_TE,Laviska Shenault,Jake Ferguson,6814,8110,510,624,-114,44.8,38,6.8
2022,WR,TE,WR_vs_TE,Laviska Shenault,Tommy Tremble,6814,7694,510,594,-84,44.8,42.2,2.6
2022,WR,TE,WR_vs_TE,Laviska Shenault,Foster Moreau,6814,5985,510,465,45,44.8,67.2,-22.4
2022,WR,TE,WR_vs_TE,Laviska Shenault,Jelani Woods,6814,8219,510,399,111,44.8,60.3,-15.5
2022,WR,TE,WR_vs_TE,Laviska Shenault,Cade Otton,6814,8111,510,334,176,44.8,71.1,-26.3
2022,WR,TE,WR_vs_TE,Laviska Shenault,Harrison Bryant,6814,6850,510,326,184,44.8,43.2,1.6
2022,WR,TE,WR_vs_TE,Nick Westbrook-Ikhine,Donald Parham,7496,6074,491,651,-160,57.7,19.9,37.8
2022,WR,TE,WR_vs_TE,Nick Westbrook-Ikhine,Jake Ferguson,7496,8110,491,624,-133,57.7,38,19.7
2022,WR,TE,WR_vs_TE,Nick Westbrook-Ikhine,Tommy Tremble,7496,7694,491,594,-103,57.7,42.2,15.5
2022,WR,TE,WR_vs_TE,Nick Westbrook-Ikhine,Foster Moreau,7496,5985,491,465,26,57.7,67.2,-9.5
2022,WR,TE,WR_vs_TE,Nick Westbrook-Ikhine,Jelani Woods,7496,8219,491,399,92,57.7,60.3,-2.6
2022,WR,TE,WR_vs_TE,Nick Westbrook-Ikhine,Cade Otton,7496,8111,491,334,157,57.7,71.1,-13.4
2022,WR,TE,WR_vs_TE,Nick Westbrook-Ikhine,Harrison Bryant,7496,6850,491,326,165,57.7,43.2,14.5
2022,WR,TE,WR_vs_TE,Khalil Shakir,Donald Parham,8134,6074,487,651,-164,21.3,19.9,1.4
2022,WR,TE,WR_vs_TE,Khalil Shakir,Jake Ferguson,8134,8110,487,624,-137,21.3,38,-16.7
2022,WR,TE,WR_vs_TE,Khalil Shakir,Tommy Tremble,8134,7694,487,594,-107,21.3,42.2,-20.9
2022,WR,TE,WR_vs_TE,Khalil Shakir,Foster Moreau,8134,5985,487,465,22,21.3,67.2,-45.9
2022,WR,TE,WR_vs_TE,Khalil Shakir,Jelani Woods,8134,8219,487,399,88,21.3,60.3,-39
2022,WR,TE,WR_vs_TE,Khalil Shakir,Cade Otton,8134,8111,487,334,153,21.3,71.1,-49.8
2022,WR,TE,WR_vs_TE,Khalil Shakir,Harrison Bryant,8134,6850,487,326,161,21.3,43.2,-21.9
2022,WR,TE,WR_vs_TE,Cedrick Wilson,Donald Parham,5113,6074,462,651,-189,14.4,19.9,-5.5
2022,WR,TE,WR_vs_TE,Cedrick Wilson,Jake Ferguson,5113,8110,462,624,-162,14.4,38,-23.6
2022,WR,TE,WR_vs_TE,Cedrick Wilson,Tommy Tremble,5113,7694,462,594,-132,14.4,42.2,-27.8
2022,WR,TE,WR_vs_TE,Cedrick Wilson,Foster Moreau,5113,5985,462,465,-3,14.4,67.2,-52.8
2022,WR,TE,WR_vs_TE,Cedrick Wilson,Jelani Woods,5113,8219,462,399,63,14.4,60.3,-45.9
2022,WR,TE,WR_vs_TE,Cedrick Wilson,Cade Otton,5113,8111,462,334,128,14.4,71.1,-56.7
2022,WR,TE,WR_vs_TE,Cedrick Wilson,Harrison Bryant,5113,6850,462,326,136,14.4,43.2,-28.8
2022,WR,TE,WR_vs_TE,Cedrick Wilson,Chigoziem Okonkwo,5113,8210,462,273,189,14.4,69.5,-55.1
2022,WR,TE,WR_vs_TE,Cedrick Wilson,Ian Thomas,5113,4995,462,271,191,14.4,30.2,-15.8
2022,WR,TE,WR_vs_TE,Zay Jones,Jake Ferguson,4080,8110,450,624,-174,114,38,76
2022,WR,TE,WR_vs_TE,Zay Jones,Tommy Tremble,4080,7694,450,594,-144,114,42.2,71.8
2022,WR,TE,WR_vs_TE,Zay Jones,Foster Moreau,4080,5985,450,465,-15,114,67.2,46.8
2022,WR,TE,WR_vs_TE,Zay Jones,Jelani Woods,4080,8219,450,399,51,114,60.3,53.7
2022,WR,TE,WR_vs_TE,Zay Jones,Cade Otton,4080,8111,450,334,116,114,71.1,42.9
2022,WR,TE,WR_vs_TE,Zay Jones,Harrison Bryant,4080,6850,450,326,124,114,43.2,70.8
2022,WR,TE,WR_vs_TE,Zay Jones,Chigoziem Okonkwo,4080,8210,450,273,177,114,69.5,44.5
2022,WR,TE,WR_vs_TE,Zay Jones,Ian Thomas,4080,4995,450,271,179,114,30.2,83.8
2022,WR,TE,WR_vs_TE,Kyle Philips,Foster Moreau,8171,5985,381,465,-84,3.8,67.2,-63.4
2022,WR,TE,WR_vs_TE,Kyle Philips,Jelani Woods,8171,8219,381,399,-18,3.8,60.3,-56.5
2022,WR,TE,WR_vs_TE,Kyle Philips,Cade Otton,8171,8111,381,334,47,3.8,71.1,-67.3
2022,WR,TE,WR_vs_TE,Kyle Philips,Harrison Bryant,8171,6850,381,326,55,3.8,43.2,-39.4
2022,WR,TE,WR_vs_TE,Kyle Philips,Chigoziem Okonkwo,8171,8210,381,273,108,3.8,69.5,-65.7
2022,WR,TE,WR_vs_TE,Kyle Philips,Ian Thomas,8171,4995,381,271,110,3.8,30.2,-26.4
2022,WR,TE,WR_vs_TE,Kyle Philips,Noah Gray,8171,7828,381,190,191,3.8,54.1,-50.3
2022,WR,TE,WR_vs_TE,Terrace Marshall,Foster Moreau,7565,5985,370,465,-95,52.7,67.2,-14.5
2022,WR,TE,WR_vs_TE,Terrace Marshall,Jelani Woods,7565,8219,370,399,-29,52.7,60.3,-7.6
2022,WR,TE,WR_vs_TE,Terrace Marshall,Cade Otton,7565,8111,370,334,36,52.7,71.1,-18.4
2022,WR,TE,WR_vs_TE,Terrace Marshall,Harrison Bryant,7565,6850,370,326,44,52.7,43.2,9.5
2022,WR,TE,WR_vs_TE,Terrace Marshall,Chigoziem Okonkwo,7565,8210,370,273,97,52.7,69.5,-16.8
2022,WR,TE,WR_vs_TE,Terrace Marshall,Ian Thomas,7565,4995,370,271,99,52.7,30.2,22.5
2022,WR,TE,WR_vs_TE,Terrace Marshall,Noah Gray,7565,7828,370,190,180,52.7,54.1,-1.4
2022,WR,TE,WR_vs_TE,Terrace Marshall,Kylen Granson,7565,7602,370,177,193,52.7,45.7,7
2022,WR,TE,WR_vs_TE,Danny Gray,Foster Moreau,8176,5985,335,465,-130,1.9,67.2,-65.3
2022,WR,TE,WR_vs_TE,Danny Gray,Jelani Woods,8176,8219,335,399,-64,1.9,60.3,-58.4
2022,WR,TE,WR_vs_TE,Danny Gray,Cade Otton,8176,8111,335,334,1,1.9,71.1,-69.2
2022,WR,TE,WR_vs_TE,Danny Gray,Harrison Bryant,8176,6850,335,326,9,1.9,43.2,-41.3
2022,WR,TE,WR_vs_TE,Danny Gray,Chigoziem Okonkwo,8176,8210,335,273,62,1.9,69.5,-67.6
2022,WR,TE,WR_vs_TE,Danny Gray,Ian Thomas,8176,4995,335,271,64,1.9,30.2,-28.3
2022,WR,TE,WR_vs_TE,Danny Gray,Noah Gray,8176,7828,335,190,145,1.9,54.1,-52.2
2022,WR,TE,WR_vs_TE,Danny Gray,Kylen Granson,8176,7602,335,177,158,1.9,45.7,-43.8
2022,WR,TE,WR_vs_TE,Danny Gray,Juwan Johnson,8176,7002,335,142,193,1.9,111.2,-109.3
2022,WR,TE,WR_vs_TE,Curtis Samuel,Foster Moreau,4082,5985,327,465,-138,112.9,67.2,45.7
2022,WR,TE,WR_vs_TE,Curtis Samuel,Jelani Woods,4082,8219,327,399,-72,112.9,60.3,52.6
2022,WR,TE,WR_vs_TE,Curtis Samuel,Cade Otton,4082,8111,327,334,-7,112.9,71.1,41.8
2022,WR,TE,WR_vs_TE,Curtis Samuel,Harrison Bryant,4082,6850,327,326,1,112.9,43.2,69.7
2022,WR,TE,WR_vs_TE,Curtis Samuel,Chigoziem Okonkwo,4082,8210,327,273,54,112.9,69.5,43.4
2022,WR,TE,WR_vs_TE,Curtis Samuel,Ian Thomas,4082,4995,327,271,56,112.9,30.2,82.7
2022,WR,TE,WR_vs_TE,Curtis Samuel,Noah Gray,4082,7828,327,190,137,112.9,54.1,58.8
2022,WR,TE,WR_vs_TE,Curtis Samuel,Kylen Granson,4082,7602,327,177,150,112.9,45.7,67.2
2022,WR,TE,WR_vs_TE,Curtis Samuel,Juwan Johnson,4082,7002,327,142,185,112.9,111.2,1.7
2022,WR,TE,WR_vs_TE,Curtis Samuel,Drew Sample,4082,6001,327,130,197,112.9,0.8,112.1
2022,WR,TE,WR_vs_TE,Quez Watkins,Foster Moreau,6927,5985,321,465,-144,50.1,67.2,-17.1
2022,WR,TE,WR_vs_TE,Quez Watkins,Jelani Woods,6927,8219,321,399,-78,50.1,60.3,-10.2
2022,WR,TE,WR_vs_TE,Quez Watkins,Cade Otton,6927,8111,321,334,-13,50.1,71.1,-21
2022,WR,TE,WR_vs_TE,Quez Watkins,Harrison Bryant,6927,6850,321,326,-5,50.1,43.2,6.9
2022,WR,TE,WR_vs_TE,Quez Watkins,Chigoziem Okonkwo,6927,8210,321,273,48,50.1,69.5,-19.4
2022,WR,TE,WR_vs_TE,Quez Watkins,Ian Thomas,6927,4995,321,271,50,50.1,30.2,19.9
2022,WR,TE,WR_vs_TE,Quez Watkins,Noah Gray,6927,7828,321,190,131,50.1,54.1,-4
2022,WR,TE,WR_vs_TE,Quez Watkins,Kylen Granson,6927,7602,321,177,144,50.1,45.7,4.4
2022,WR,TE,WR_vs_TE,Quez Watkins,Juwan Johnson,6927,7002,321,142,179,50.1,111.2,-61.1
2022,WR,TE,WR_vs_TE,Quez Watkins,Drew Sample,6927,6001,321,130,191,50.1,0.8,49.3
2022,WR,TE,WR_vs_TE,Nelson Agholor,Foster Moreau,2325,5985,316,465,-149,44.2,67.2,-23
2022,WR,TE,WR_vs_TE,Nelson Agholor,Jelani Woods,2325,8219,316,399,-83,44.2,60.3,-16.1
2022,WR,TE,WR_vs_TE,Nelson Agholor,Cade Otton,2325,8111,316,334,-18,44.2,71.1,-26.9
2022,WR,TE,WR_vs_TE,Nelson Agholor,Harrison Bryant,2325,6850,316,326,-10,44.2,43.2,1
2022,WR,TE,WR_vs_TE,Nelson Agholor,Chigoziem Okonkwo,2325,8210,316,273,43,44.2,69.5,-25.3
2022,WR,TE,WR_vs_TE,Nelson Agholor,Ian Thomas,2325,4995,316,271,45,44.2,30.2,14
2022,WR,TE,WR_vs_TE,Nelson Agholor,Noah Gray,2325,7828,316,190,126,44.2,54.1,-9.9
2022,WR,TE,WR_vs_TE,Nelson Agholor,Kylen Granson,2325,7602,316,177,139,44.2,45.7,-1.5
2022,WR,TE,WR_vs_TE,Nelson Agholor,Juwan Johnson,2325,7002,316,142,174,44.2,111.2,-67
2022,WR,TE,WR_vs_TE,Nelson Agholor,Drew Sample,2325,6001,316,130,186,44.2,0.8,43.4
2022,WR,TE,WR_vs_TE,Nelson Agholor,Will Dissly,2325,5010,316,118,198,44.2,69.9,-25.7
2022,WR,TE,WR_vs_TE,Braxton Berrios,Jelani Woods,5121,8219,262,399,-137,39.7,60.3,-20.6
2022,WR,TE,WR_vs_TE,Braxton Berrios,Cade Otton,5121,8111,262,334,-72,39.7,71.1,-31.4
2022,WR,TE,WR_vs_TE,Braxton Berrios,Harrison Bryant,5121,6850,262,326,-64,39.7,43.2,-3.5
2022,WR,TE,WR_vs_TE,Braxton Berrios,Chigoziem Okonkwo,5121,8210,262,273,-11,39.7,69.5,-29.8
2022,WR,TE,WR_vs_TE,Braxton Berrios,Ian Thomas,5121,4995,262,271,-9,39.7,30.2,9.5
2022,WR,TE,WR_vs_TE,Braxton Berrios,Noah Gray,5121,7828,262,190,72,39.7,54.1,-14.4
2022,WR,TE,WR_vs_TE,Braxton Berrios,Kylen Granson,5121,7602,262,177,85,39.7,45.7,-6
2022,WR,TE,WR_vs_TE,Braxton Berrios,Juwan Johnson,5121,7002,262,142,120,39.7,111.2,-71.5
2022,WR,TE,WR_vs_TE,Braxton Berrios,Drew Sample,5121,6001,262,130,132,39.7,0.8,38.9
2022,WR,TE,WR_vs_TE,Braxton Berrios,Will Dissly,5121,5010,262,118,144,39.7,69.9,-30.2
2022,WR,TE,WR_vs_TE,Braxton Berrios,John Bates,5121,7716,262,111,151,39.7,23.8,15.9
2022,WR,TE,WR_vs_TE,Braxton Berrios,Josh Oliver,5121,5973,262,75,187,39.7,33.9,5.8
2022,WR,TE,WR_vs_TE,Jalen Guyton,Jelani Woods,6421,8219,257,399,-142,6.4,60.3,-53.9
2022,WR,TE,WR_vs_TE,Jalen Guyton,Cade Otton,6421,8111,257,334,-77,6.4,71.1,-64.7
2022,WR,TE,WR_vs_TE,Jalen Guyton,Harrison Bryant,6421,6850,257,326,-69,6.4,43.2,-36.8
2022,WR,TE,WR_vs_TE,Jalen Guyton,Chigoziem Okonkwo,6421,8210,257,273,-16,6.4,69.5,-63.1
2022,WR,TE,WR_vs_TE,Jalen Guyton,Ian Thomas,6421,4995,257,271,-14,6.4,30.2,-23.8
2022,WR,TE,WR_vs_TE,Jalen Guyton,Noah Gray,6421,7828,257,190,67,6.4,54.1,-47.7
2022,WR,TE,WR_vs_TE,Jalen Guyton,Kylen Granson,6421,7602,257,177,80,6.4,45.7,-39.3
2022,WR,TE,WR_vs_TE,Jalen Guyton,Juwan Johnson,6421,7002,257,142,115,6.4,111.2,-104.8
2022,WR,TE,WR_vs_TE,Jalen Guyton,Drew Sample,6421,6001,257,130,127,6.4,0.8,5.6
2022,WR,TE,WR_vs_TE,Jalen Guyton,Will Dissly,6421,5010,257,118,139,6.4,69.9,-63.5
2022,WR,TE,WR_vs_TE,Jalen Guyton,John Bates,6421,7716,257,111,146,6.4,23.8,-17.4
2022,WR,TE,WR_vs_TE,Jalen Guyton,Josh Oliver,6421,5973,257,75,182,6.4,33.9,-27.5
2022,WR,TE,WR_vs_TE,Gabriel Davis,Jelani Woods,6943,8219,255,399,-144,119.7,60.3,59.4
2022,WR,TE,WR_vs_TE,Gabriel Davis,Cade Otton,6943,8111,255,334,-79,119.7,71.1,48.6
2022,WR,TE,WR_vs_TE,Gabriel Davis,Harrison Bryant,6943,6850,255,326,-71,119.7,43.2,76.5
2022,WR,TE,WR_vs_TE,Gabriel Davis,Chigoziem Okonkwo,6943,8210,255,273,-18,119.7,69.5,50.2
2022,WR,TE,WR_vs_TE,Gabriel Davis,Ian Thomas,6943,4995,255,271,-16,119.7,30.2,89.5
2022,WR,TE,WR_vs_TE,Gabriel Davis,Noah Gray,6943,7828,255,190,65,119.7,54.1,65.6
2022,WR,TE,WR_vs_TE,Gabriel Davis,Kylen Granson,6943,7602,255,177,78,119.7,45.7,74
2022,WR,TE,WR_vs_TE,Gabriel Davis,Juwan Johnson,6943,7002,255,142,113,119.7,111.2,8.5
2022,WR,TE,WR_vs_TE,Gabriel Davis,Drew Sample,6943,6001,255,130,125,119.7,0.8,118.9
2022,WR,TE,WR_vs_TE,Gabriel Davis,Will Dissly,6943,5010,255,118,137,119.7,69.9,49.8
2022,WR,TE,WR_vs_TE,Gabriel Davis,John Bates,6943,7716,255,111,144,119.7,23.8,95.9
2022,WR,TE,WR_vs_TE,Gabriel Davis,Josh Oliver,6943,5973,255,75,180,119.7,33.9,85.8
2022,WR,TE,WR_vs_TE,Devin Duvernay,Jelani Woods,6847,8219,243,399,-156,79.1,60.3,18.8
2022,WR,TE,WR_vs_TE,Devin Duvernay,Cade Otton,6847,8111,243,334,-91,79.1,71.1,8
2022,WR,TE,WR_vs_TE,Devin Duvernay,Harrison Bryant,6847,6850,243,326,-83,79.1,43.2,35.9
2022,WR,TE,WR_vs_TE,Devin Duvernay,Chigoziem Okonkwo,6847,8210,243,273,-30,79.1,69.5,9.6
2022,WR,TE,WR_vs_TE,Devin Duvernay,Ian Thomas,6847,4995,243,271,-28,79.1,30.2,48.9
2022,WR,TE,WR_vs_TE,Devin Duvernay,Noah Gray,6847,7828,243,190,53,79.1,54.1,25
2022,WR,TE,WR_vs_TE,Devin Duvernay,Kylen Granson,6847,7602,243,177,66,79.1,45.7,33.4
2022,WR,TE,WR_vs_TE,Devin Duvernay,Juwan Johnson,6847,7002,243,142,101,79.1,111.2,-32.1
2022,WR,TE,WR_vs_TE,Devin Duvernay,Drew Sample,6847,6001,243,130,113,79.1,0.8,78.3
2022,WR,TE,WR_vs_TE,Devin Duvernay,Will Dissly,6847,5010,243,118,125,79.1,69.9,9.2
2022,WR,TE,WR_vs_TE,Devin Duvernay,John Bates,6847,7716,243,111,132,79.1,23.8,55.3
2022,WR,TE,WR_vs_TE,Devin Duvernay,Josh Oliver,6847,5973,243,75,168,79.1,33.9,45.2
2022,WR,TE,WR_vs_TE,Tutu Atwell,Jelani Woods,7562,8219,227,399,-172,35.4,60.3,-24.9
2022,WR,TE,WR_vs_TE,Tutu Atwell,Cade Otton,7562,8111,227,334,-107,35.4,71.1,-35.7
2022,WR,TE,WR_vs_TE,Tutu Atwell,Harrison Bryant,7562,6850,227,326,-99,35.4,43.2,-7.8
2022,WR,TE,WR_vs_TE,Tutu Atwell,Chigoziem Okonkwo,7562,8210,227,273,-46,35.4,69.5,-34.1
2022,WR,TE,WR_vs_TE,Tutu Atwell,Ian Thomas,7562,4995,227,271,-44,35.4,30.2,5.2
2022,WR,TE,WR_vs_TE,Tutu Atwell,Noah Gray,7562,7828,227,190,37,35.4,54.1,-18.7
2022,WR,TE,WR_vs_TE,Tutu Atwell,Kylen Granson,7562,7602,227,177,50,35.4,45.7,-10.3
2022,WR,TE,WR_vs_TE,Tutu Atwell,Juwan Johnson,7562,7002,227,142,85,35.4,111.2,-75.8
2022,WR,TE,WR_vs_TE,Tutu Atwell,Drew Sample,7562,6001,227,130,97,35.4,0.8,34.6
2022,WR,TE,WR_vs_TE,Tutu Atwell,Will Dissly,7562,5010,227,118,109,35.4,69.9,-34.5
2022,WR,TE,WR_vs_TE,Tutu Atwell,John Bates,7562,7716,227,111,116,35.4,23.8,11.6
2022,WR,TE,WR_vs_TE,Tutu Atwell,Josh Oliver,7562,5973,227,75,152,35.4,33.9,1.5
2022,WR,TE,WR_vs_TE,Marquez Callaway,Jelani Woods,6989,8219,222,399,-177,21.8,60.3,-38.5
2022,WR,TE,WR_vs_TE,Marquez Callaway,Cade Otton,6989,8111,222,334,-112,21.8,71.1,-49.3
2022,WR,TE,WR_vs_TE,Marquez Callaway,Harrison Bryant,6989,6850,222,326,-104,21.8,43.2,-21.4
2022,WR,TE,WR_vs_TE,Marquez Callaway,Chigoziem Okonkwo,6989,8210,222,273,-51,21.8,69.5,-47.7
2022,WR,TE,WR_vs_TE,Marquez Callaway,Ian Thomas,6989,4995,222,271,-49,21.8,30.2,-8.4
2022,WR,TE,WR_vs_TE,Marquez Callaway,Noah Gray,6989,7828,222,190,32,21.8,54.1,-32.3
2022,WR,TE,WR_vs_TE,Marquez Callaway,Kylen Granson,6989,7602,222,177,45,21.8,45.7,-23.9
2022,WR,TE,WR_vs_TE,Marquez Callaway,Juwan Johnson,6989,7002,222,142,80,21.8,111.2,-89.4
2022,WR,TE,WR_vs_TE,Marquez Callaway,Drew Sample,6989,6001,222,130,92,21.8,0.8,21
2022,WR,TE,WR_vs_TE,Marquez Callaway,Will Dissly,6989,5010,222,118,104,21.8,69.9,-48.1
2022,WR,TE,WR_vs_TE,Marquez Callaway,John Bates,6989,7716,222,111,111,21.8,23.8,-2
2022,WR,TE,WR_vs_TE,Marquez Callaway,Josh Oliver,6989,5973,222,75,147,21.8,33.9,-12.1
2022,WR,TE,WR_vs_TE,Tyquan Thornton,Jelani Woods,8188,8219,213,399,-186,43,60.3,-17.3
2022,WR,TE,WR_vs_TE,Tyquan Thornton,Cade Otton,8188,8111,213,334,-121,43,71.1,-28.1
2022,WR,TE,WR_vs_TE,Tyquan Thornton,Harrison Bryant,8188,6850,213,326,-113,43,43.2,-0.2
2022,WR,TE,WR_vs_TE,Tyquan Thornton,Chigoziem Okonkwo,8188,8210,213,273,-60,43,69.5,-26.5
2022,WR,TE,WR_vs_TE,Tyquan Thornton,Ian Thomas,8188,4995,213,271,-58,43,30.2,12.8
2022,WR,TE,WR_vs_TE,Tyquan Thornton,Noah Gray,8188,7828,213,190,23,43,54.1,-11.1
2022,WR,TE,WR_vs_TE,Tyquan Thornton,Kylen Granson,8188,7602,213,177,36,43,45.7,-2.7
2022,WR,TE,WR_vs_TE,Tyquan Thornton,Juwan Johnson,8188,7002,213,142,71,43,111.2,-68.2
2022,WR,TE,WR_vs_TE,Tyquan Thornton,Drew Sample,8188,6001,213,130,83,43,0.8,42.2
2022,WR,TE,WR_vs_TE,Tyquan Thornton,Will Dissly,8188,5010,213,118,95,43,69.9,-26.9
2022,WR,TE,WR_vs_TE,Tyquan Thornton,John Bates,8188,7716,213,111,102,43,23.8,19.2
2022,WR,TE,WR_vs_TE,Tyquan Thornton,Josh Oliver,8188,5973,213,75,138,43,33.9,9.1
2022,WR,TE,WR_vs_TE,Rondale Moore,Cade Otton,7601,8111,190,334,-144,46.9,71.1,-24.2
2022,WR,TE,WR_vs_TE,Rondale Moore,Harrison Bryant,7601,6850,190,326,-136,46.9,43.2,3.7
2022,WR,TE,WR_vs_TE,Rondale Moore,Chigoziem Okonkwo,7601,8210,190,273,-83,46.9,69.5,-22.6
2022,WR,TE,WR_vs_TE,Rondale Moore,Ian Thomas,7601,4995,190,271,-81,46.9,30.2,16.7
2022,WR,TE,WR_vs_TE,Rondale Moore,Noah Gray,7601,7828,190,190,0,46.9,54.1,-7.2
2022,WR,TE,WR_vs_TE,Rondale Moore,Kylen Granson,7601,7602,190,177,13,46.9,45.7,1.2
2022,WR,TE,WR_vs_TE,Rondale Moore,Juwan Johnson,7601,7002,190,142,48,46.9,111.2,-64.3
2022,WR,TE,WR_vs_TE,Rondale Moore,Drew Sample,7601,6001,190,130,60,46.9,0.8,46.1
2022,WR,TE,WR_vs_TE,Rondale Moore,Will Dissly,7601,5010,190,118,72,46.9,69.9,-23
2022,WR,TE,WR_vs_TE,Rondale Moore,John Bates,7601,7716,190,111,79,46.9,23.8,23.1
2022,WR,TE,WR_vs_TE,Rondale Moore,Josh Oliver,7601,5973,190,75,115,46.9,33.9,13
2022,WR,TE,WR_vs_TE,Josh Palmer,Cade Otton,7670,8111,188,334,-146,91.4,71.1,20.3
2022,WR,TE,WR_vs_TE,Josh Palmer,Harrison Bryant,7670,6850,188,326,-138,91.4,43.2,48.2
2022,WR,TE,WR_vs_TE,Josh Palmer,Chigoziem Okonkwo,7670,8210,188,273,-85,91.4,69.5,21.9
2022,WR,TE,WR_vs_TE,Josh Palmer,Ian Thomas,7670,4995,188,271,-83,91.4,30.2,61.2
2022,WR,TE,WR_vs_TE,Josh Palmer,Noah Gray,7670,7828,188,190,-2,91.4,54.1,37.3
2022,WR,TE,WR_vs_TE,Josh Palmer,Kylen Granson,7670,7602,188,177,11,91.4,45.7,45.7
2022,WR,TE,WR_vs_TE,Josh Palmer,Juwan Johnson,7670,7002,188,142,46,91.4,111.2,-19.8
2022,WR,TE,WR_vs_TE,Josh Palmer,Drew Sample,7670,6001,188,130,58,91.4,0.8,90.6
2022,WR,TE,WR_vs_TE,Josh Palmer,Will Dissly,7670,5010,188,118,70,91.4,69.9,21.5
2022,WR,TE,WR_vs_TE,Josh Palmer,John Bates,7670,7716,188,111,77,91.4,23.8,67.6
2022,WR,TE,WR_vs_TE,Josh Palmer,Josh Oliver,7670,5973,188,75,113,91.4,33.9,57.5
2022,WR,TE,WR_vs_TE,Olamide Zaccheaus,Cade Otton,6271,8111,159,334,-175,60.3,71.1,-10.8
2022,WR,TE,WR_vs_TE,Olamide Zaccheaus,Harrison Bryant,6271,6850,159,326,-167,60.3,43.2,17.1
2022,WR,TE,WR_vs_TE,Olamide Zaccheaus,Chigoziem Okonkwo,6271,8210,159,273,-114,60.3,69.5,-9.2
2022,WR,TE,WR_vs_TE,Olamide Zaccheaus,Ian Thomas,6271,4995,159,271,-112,60.3,30.2,30.1
2022,WR,TE,WR_vs_TE,Olamide Zaccheaus,Noah Gray,6271,7828,159,190,-31,60.3,54.1,6.2
2022,WR,TE,WR_vs_TE,Olamide Zaccheaus,Kylen Granson,6271,7602,159,177,-18,60.3,45.7,14.6
2022,WR,TE,WR_vs_TE,Olamide Zaccheaus,Juwan Johnson,6271,7002,159,142,17,60.3,111.2,-50.9
2022,WR,TE,WR_vs_TE,Olamide Zaccheaus,Drew Sample,6271,6001,159,130,29,60.3,0.8,59.5
2022,WR,TE,WR_vs_TE,Olamide Zaccheaus,Will Dissly,6271,5010,159,118,41,60.3,69.9,-9.6
2022,WR,TE,WR_vs_TE,Olamide Zaccheaus,John Bates,6271,7716,159,111,48,60.3,23.8,36.5
2022,WR,TE,WR_vs_TE,Olamide Zaccheaus,Josh Oliver,6271,5973,159,75,84,60.3,33.9,26.4
2022,WR,TE,WR_vs_TE,Equanimeous St. Brown,Cade Otton,5323,8111,145,334,-189,43.4,71.1,-27.7
2022,WR,TE,WR_vs_TE,Equanimeous St. Brown,Harrison Bryant,5323,6850,145,326,-181,43.4,43.2,0.2
2022,WR,TE,WR_vs_TE,Equanimeous St. Brown,Chigoziem Okonkwo,5323,8210,145,273,-128,43.4,69.5,-26.1
2022,WR,TE,WR_vs_TE,Equanimeous St. Brown,Ian Thomas,5323,4995,145,271,-126,43.4,30.2,13.2
2022,WR,TE,WR_vs_TE,Equanimeous St. Brown,Noah Gray,5323,7828,145,190,-45,43.4,54.1,-10.7
2022,WR,TE,WR_vs_TE,Equanimeous St. Brown,Kylen Granson,5323,7602,145,177,-32,43.4,45.7,-2.3
2022,WR,TE,WR_vs_TE,Equanimeous St. Brown,Juwan Johnson,5323,7002,145,142,3,43.4,111.2,-67.8
2022,WR,TE,WR_vs_TE,Equanimeous St. Brown,Drew Sample,5323,6001,145,130,15,43.4,0.8,42.6
2022,WR,TE,WR_vs_TE,Equanimeous St. Brown,Will Dissly,5323,5010,145,118,27,43.4,69.9,-26.5
2022,WR,TE,WR_vs_TE,Equanimeous St. Brown,John Bates,5323,7716,145,111,34,43.4,23.8,19.6
2022,WR,TE,WR_vs_TE,Equanimeous St. Brown,Josh Oliver,5323,5973,145,75,70,43.4,33.9,9.5
2022,WR,TE,WR_vs_TE,Darius Slayton,Cade Otton,6149,8111,141,334,-193,82.4,71.1,11.3
2022,WR,TE,WR_vs_TE,Darius Slayton,Harrison Bryant,6149,6850,141,326,-185,82.4,43.2,39.2
2022,WR,TE,WR_vs_TE,Darius Slayton,Chigoziem Okonkwo,6149,8210,141,273,-132,82.4,69.5,12.9
2022,WR,TE,WR_vs_TE,Darius Slayton,Ian Thomas,6149,4995,141,271,-130,82.4,30.2,52.2
2022,WR,TE,WR_vs_TE,Darius Slayton,Noah Gray,6149,7828,141,190,-49,82.4,54.1,28.3
2022,WR,TE,WR_vs_TE,Darius Slayton,Kylen Granson,6149,7602,141,177,-36,82.4,45.7,36.7
2022,WR,TE,WR_vs_TE,Darius Slayton,Juwan Johnson,6149,7002,141,142,-1,82.4,111.2,-28.8
2022,WR,TE,WR_vs_TE,Darius Slayton,Drew Sample,6149,6001,141,130,11,82.4,0.8,81.6
2022,WR,TE,WR_vs_TE,Darius Slayton,Will Dissly,6149,5010,141,118,23,82.4,69.9,12.5
2022,WR,TE,WR_vs_TE,Darius Slayton,John Bates,6149,7716,141,111,30,82.4,23.8,58.6
2022,WR,TE,WR_vs_TE,Darius Slayton,Josh Oliver,6149,5973,141,75,66,82.4,33.9,48.5
2022,WR,TE,WR_vs_TE,Denzel Mims,Cade Otton,6849,8111,138,334,-196,18.6,71.1,-52.5
2022,WR,TE,WR_vs_TE,Denzel Mims,Harrison Bryant,6849,6850,138,326,-188,18.6,43.2,-24.6
2022,WR,TE,WR_vs_TE,Denzel Mims,Chigoziem Okonkwo,6849,8210,138,273,-135,18.6,69.5,-50.9
2022,WR,TE,WR_vs_TE,Denzel Mims,Ian Thomas,6849,4995,138,271,-133,18.6,30.2,-11.6
2022,WR,TE,WR_vs_TE,Denzel Mims,Noah Gray,6849,7828,138,190,-52,18.6,54.1,-35.5
2022,WR,TE,WR_vs_TE,Denzel Mims,Kylen Granson,6849,7602,138,177,-39,18.6,45.7,-27.1
2022,WR,TE,WR_vs_TE,Denzel Mims,Juwan Johnson,6849,7002,138,142,-4,18.6,111.2,-92.6
2022,WR,TE,WR_vs_TE,Denzel Mims,Drew Sample,6849,6001,138,130,8,18.6,0.8,17.8
2022,WR,TE,WR_vs_TE,Denzel Mims,Will Dissly,6849,5010,138,118,20,18.6,69.9,-51.3
2022,WR,TE,WR_vs_TE,Denzel Mims,John Bates,6849,7716,138,111,27,18.6,23.8,-5.2
2022,WR,TE,WR_vs_TE,Denzel Mims,Josh Oliver,6849,5973,138,75,63,18.6,33.9,-15.3
2022,WR,TE,WR_vs_TE,Jauan Jennings,Cade Otton,7049,8111,135,334,-199,46.6,71.1,-24.5
2022,WR,TE,WR_vs_TE,Jauan Jennings,Harrison Bryant,7049,6850,135,326,-191,46.6,43.2,3.4
2022,WR,TE,WR_vs_TE,Jauan Jennings,Chigoziem Okonkwo,7049,8210,135,273,-138,46.6,69.5,-22.9
2022,WR,TE,WR_vs_TE,Jauan Jennings,Ian Thomas,7049,4995,135,271,-136,46.6,30.2,16.4
2022,WR,TE,WR_vs_TE,Jauan Jennings,Noah Gray,7049,7828,135,190,-55,46.6,54.1,-7.5
2022,WR,TE,WR_vs_TE,Jauan Jennings,Kylen Granson,7049,7602,135,177,-42,46.6,45.7,0.9
2022,WR,TE,WR_vs_TE,Jauan Jennings,Juwan Johnson,7049,7002,135,142,-7,46.6,111.2,-64.6
2022,WR,TE,WR_vs_TE,Jauan Jennings,Drew Sample,7049,6001,135,130,5,46.6,0.8,45.8
2022,WR,TE,WR_vs_TE,Jauan Jennings,Will Dissly,7049,5010,135,118,17,46.6,69.9,-23.3
2022,WR,TE,WR_vs_TE,Jauan Jennings,John Bates,7049,7716,135,111,24,46.6,23.8,22.8
2022,WR,TE,WR_vs_TE,Jauan Jennings,Josh Oliver,7049,5973,135,75,60,46.6,33.9,12.7
2022,WR,TE,WR_vs_TE,Josh Reynolds,Cade Otton,4171,8111,135,334,-199,64.3,71.1,-6.8
2022,WR,TE,WR_vs_TE,Josh Reynolds,Harrison Bryant,4171,6850,135,326,-191,64.3,43.2,21.1
2022,WR,TE,WR_vs_TE,Josh Reynolds,Chigoziem Okonkwo,4171,8210,135,273,-138,64.3,69.5,-5.2
2022,WR,TE,WR_vs_TE,Josh Reynolds,Ian Thomas,4171,4995,135,271,-136,64.3,30.2,34.1
2022,WR,TE,WR_vs_TE,Josh Reynolds,Noah Gray,4171,7828,135,190,-55,64.3,54.1,10.2
2022,WR,TE,WR_vs_TE,Josh Reynolds,Kylen Granson,4171,7602,135,177,-42,64.3,45.7,18.6
2022,WR,TE,WR_vs_TE,Josh Reynolds,Juwan Johnson,4171,7002,135,142,-7,64.3,111.2,-46.9
2022,WR,TE,WR_vs_TE,Josh Reynolds,Drew Sample,4171,6001,135,130,5,64.3,0.8,63.5
2022,WR,TE,WR_vs_TE,Josh Reynolds,Will Dissly,4171,5010,135,118,17,64.3,69.9,-5.6
2022,WR,TE,WR_vs_TE,Josh Reynolds,John Bates,4171,7716,135,111,24,64.3,23.8,40.5
2022,WR,TE,WR_vs_TE,Josh Reynolds,Josh Oliver,4171,5973,135,75,60,64.3,33.9,30.4
2022,WR,TE,WR_vs_TE,Dyami Brown,Harrison Bryant,7587,6850,133,326,-193,27.8,43.2,-15.4
2022,WR,TE,WR_vs_TE,Dyami Brown,Chigoziem Okonkwo,7587,8210,133,273,-140,27.8,69.5,-41.7
2022,WR,TE,WR_vs_TE,Dyami Brown,Ian Thomas,7587,4995,133,271,-138,27.8,30.2,-2.4
2022,WR,TE,WR_vs_TE,Dyami Brown,Noah Gray,7587,7828,133,190,-57,27.8,54.1,-26.3
2022,WR,TE,WR_vs_TE,Dyami Brown,Kylen Granson,7587,7602,133,177,-44,27.8,45.7,-17.9
2022,WR,TE,WR_vs_TE,Dyami Brown,Juwan Johnson,7587,7002,133,142,-9,27.8,111.2,-83.4
2022,WR,TE,WR_vs_TE,Dyami Brown,Drew Sample,7587,6001,133,130,3,27.8,0.8,27
2022,WR,TE,WR_vs_TE,Dyami Brown,Will Dissly,7587,5010,133,118,15,27.8,69.9,-42.1
2022,WR,TE,WR_vs_TE,Dyami Brown,John Bates,7587,7716,133,111,22,27.8,23.8,4
2022,WR,TE,WR_vs_TE,Dyami Brown,Josh Oliver,7587,5973,133,75,58,27.8,33.9,-6.1
2022,WR,TE,WR_vs_TE,Anthony Schwartz,Chigoziem Okonkwo,7533,8210,123,273,-150,14.8,69.5,-54.7
2022,WR,TE,WR_vs_TE,Anthony Schwartz,Ian Thomas,7533,4995,123,271,-148,14.8,30.2,-15.4
2022,WR,TE,WR_vs_TE,Anthony Schwartz,Noah Gray,7533,7828,123,190,-67,14.8,54.1,-39.3
2022,WR,TE,WR_vs_TE,Anthony Schwartz,Kylen Granson,7533,7602,123,177,-54,14.8,45.7,-30.9
2022,WR,TE,WR_vs_TE,Anthony Schwartz,Juwan Johnson,7533,7002,123,142,-19,14.8,111.2,-96.4
2022,WR,TE,WR_vs_TE,Anthony Schwartz,Drew Sample,7533,6001,123,130,-7,14.8,0.8,14
2022,WR,TE,WR_vs_TE,Anthony Schwartz,Will Dissly,7533,5010,123,118,5,14.8,69.9,-55.1
2022,WR,TE,WR_vs_TE,Anthony Schwartz,John Bates,7533,7716,123,111,12,14.8,23.8,-9
2022,WR,TE,WR_vs_TE,Anthony Schwartz,Josh Oliver,7533,5973,123,75,48,14.8,33.9,-19.1
2022,WR,TE,WR_vs_TE,Tylan Wallace,Chigoziem Okonkwo,7595,8210,122,273,-151,2.1,69.5,-67.4
2022,WR,TE,WR_vs_TE,Tylan Wallace,Ian Thomas,7595,4995,122,271,-149,2.1,30.2,-28.1
2022,WR,TE,WR_vs_TE,Tylan Wallace,Noah Gray,7595,7828,122,190,-68,2.1,54.1,-52
2022,WR,TE,WR_vs_TE,Tylan Wallace,Kylen Granson,7595,7602,122,177,-55,2.1,45.7,-43.6
2022,WR,TE,WR_vs_TE,Tylan Wallace,Juwan Johnson,7595,7002,122,142,-20,2.1,111.2,-109.1
2022,WR,TE,WR_vs_TE,Tylan Wallace,Drew Sample,7595,6001,122,130,-8,2.1,0.8,1.3
2022,WR,TE,WR_vs_TE,Tylan Wallace,Will Dissly,7595,5010,122,118,4,2.1,69.9,-67.8
2022,WR,TE,WR_vs_TE,Tylan Wallace,John Bates,7595,7716,122,111,11,2.1,23.8,-21.7
2022,WR,TE,WR_vs_TE,Tylan Wallace,Josh Oliver,7595,5973,122,75,47,2.1,33.9,-31.8
2022,WR,TE,WR_vs_TE,Demarcus Robinson,Chigoziem Okonkwo,3286,8210,116,273,-157,53.4,69.5,-16.1
2022,WR,TE,WR_vs_TE,Demarcus Robinson,Ian Thomas,3286,4995,116,271,-155,53.4,30.2,23.2
2022,WR,TE,WR_vs_TE,Demarcus Robinson,Noah Gray,3286,7828,116,190,-74,53.4,54.1,-0.7
2022,WR,TE,WR_vs_TE,Demarcus Robinson,Kylen Granson,3286,7602,116,177,-61,53.4,45.7,7.7
2022,WR,TE,WR_vs_TE,Demarcus Robinson,Juwan Johnson,3286,7002,116,142,-26,53.4,111.2,-57.8
2022,WR,TE,WR_vs_TE,Demarcus Robinson,Drew Sample,3286,6001,116,130,-14,53.4,0.8,52.6
2022,WR,TE,WR_vs_TE,Demarcus Robinson,Will Dissly,3286,5010,116,118,-2,53.4,69.9,-16.5
2022,WR,TE,WR_vs_TE,Demarcus Robinson,John Bates,3286,7716,116,111,5,53.4,23.8,29.6
2022,WR,TE,WR_vs_TE,Demarcus Robinson,Josh Oliver,3286,5973,116,75,41,53.4,33.9,19.5
2022,WR,TE,WR_vs_TE,Scotty Miller,Chigoziem Okonkwo,6290,8210,115,273,-158,18.5,69.5,-51
2022,WR,TE,WR_vs_TE,Scotty Miller,Ian Thomas,6290,4995,115,271,-156,18.5,30.2,-11.7
2022,WR,TE,WR_vs_TE,Scotty Miller,Noah Gray,6290,7828,115,190,-75,18.5,54.1,-35.6
2022,WR,TE,WR_vs_TE,Scotty Miller,Kylen Granson,6290,7602,115,177,-62,18.5,45.7,-27.2
2022,WR,TE,WR_vs_TE,Scotty Miller,Juwan Johnson,6290,7002,115,142,-27,18.5,111.2,-92.7
2022,WR,TE,WR_vs_TE,Scotty Miller,Drew Sample,6290,6001,115,130,-15,18.5,0.8,17.7
2022,WR,TE,WR_vs_TE,Scotty Miller,Will Dissly,6290,5010,115,118,-3,18.5,69.9,-51.4
2022,WR,TE,WR_vs_TE,Scotty Miller,John Bates,6290,7716,115,111,4,18.5,23.8,-5.3
2022,WR,TE,WR_vs_TE,Scotty Miller,Josh Oliver,6290,5973,115,75,40,18.5,33.9,-15.4
2022,WR,TE,WR_vs_TE,Jaelon Darden,Chigoziem Okonkwo,7713,8210,110,273,-163,2.8,69.5,-66.7
2022,WR,TE,WR_vs_TE,Jaelon Darden,Ian Thomas,7713,4995,110,271,-161,2.8,30.2,-27.4
2022,WR,TE,WR_vs_TE,Jaelon Darden,Noah Gray,7713,7828,110,190,-80,2.8,54.1,-51.3
2022,WR,TE,WR_vs_TE,Jaelon Darden,Kylen Granson,7713,7602,110,177,-67,2.8,45.7,-42.9
2022,WR,TE,WR_vs_TE,Jaelon Darden,Juwan Johnson,7713,7002,110,142,-32,2.8,111.2,-108.4
2022,WR,TE,WR_vs_TE,Jaelon Darden,Drew Sample,7713,6001,110,130,-20,2.8,0.8,2
2022,WR,TE,WR_vs_TE,Jaelon Darden,Will Dissly,7713,5010,110,118,-8,2.8,69.9,-67.1
2022,WR,TE,WR_vs_TE,Jaelon Darden,John Bates,7713,7716,110,111,-1,2.8,23.8,-21
2022,WR,TE,WR_vs_TE,Jaelon Darden,Josh Oliver,7713,5973,110,75,35,2.8,33.9,-31.1
2022,WR,TE,WR_vs_TE,Tre'Quan Smith,Chigoziem Okonkwo,5026,8210,106,273,-167,33.2,69.5,-36.3
2022,WR,TE,WR_vs_TE,Tre'Quan Smith,Ian Thomas,5026,4995,106,271,-165,33.2,30.2,3
2022,WR,TE,WR_vs_TE,Tre'Quan Smith,Noah Gray,5026,7828,106,190,-84,33.2,54.1,-20.9
2022,WR,TE,WR_vs_TE,Tre'Quan Smith,Kylen Granson,5026,7602,106,177,-71,33.2,45.7,-12.5
2022,WR,TE,WR_vs_TE,Tre'Quan Smith,Juwan Johnson,5026,7002,106,142,-36,33.2,111.2,-78
2022,WR,TE,WR_vs_TE,Tre'Quan Smith,Drew Sample,5026,6001,106,130,-24,33.2,0.8,32.4
2022,WR,TE,WR_vs_TE,Tre'Quan Smith,Will Dissly,5026,5010,106,118,-12,33.2,69.9,-36.7
2022,WR,TE,WR_vs_TE,Tre'Quan Smith,John Bates,5026,7716,106,111,-5,33.2,23.8,9.4
2022,WR,TE,WR_vs_TE,Tre'Quan Smith,Josh Oliver,5026,5973,106,75,31,33.2,33.9,-0.7
2022,WR,TE,WR_vs_TE,Jamal Agnew,Chigoziem Okonkwo,4198,8210,102,273,-171,46.5,69.5,-23
2022,WR,TE,WR_vs_TE,Jamal Agnew,Ian Thomas,4198,4995,102,271,-169,46.5,30.2,16.3
2022,WR,TE,WR_vs_TE,Jamal Agnew,Noah Gray,4198,7828,102,190,-88,46.5,54.1,-7.6
2022,WR,TE,WR_vs_TE,Jamal Agnew,Kylen Granson,4198,7602,102,177,-75,46.5,45.7,0.8
2022,WR,TE,WR_vs_TE,Jamal Agnew,Juwan Johnson,4198,7002,102,142,-40,46.5,111.2,-64.7
2022,WR,TE,WR_vs_TE,Jamal Agnew,Drew Sample,4198,6001,102,130,-28,46.5,0.8,45.7
2022,WR,TE,WR_vs_TE,Jamal Agnew,Will Dissly,4198,5010,102,118,-16,46.5,69.9,-23.4
2022,WR,TE,WR_vs_TE,Jamal Agnew,John Bates,4198,7716,102,111,-9,46.5,23.8,22.7
2022,WR,TE,WR_vs_TE,Jamal Agnew,Josh Oliver,4198,5973,102,75,27,46.5,33.9,12.6
2022,WR,TE,WR_vs_TE,Kalif Raymond,Chigoziem Okonkwo,3634,8210,80,273,-193,62.6,69.5,-6.9
2022,WR,TE,WR_vs_TE,Kalif Raymond,Ian Thomas,3634,4995,80,271,-191,62.6,30.2,32.4
2022,WR,TE,WR_vs_TE,Kalif Raymond,Noah Gray,3634,7828,80,190,-110,62.6,54.1,8.5
2022,WR,TE,WR_vs_TE,Kalif Raymond,Kylen Granson,3634,7602,80,177,-97,62.6,45.7,16.9
2022,WR,TE,WR_vs_TE,Kalif Raymond,Juwan Johnson,3634,7002,80,142,-62,62.6,111.2,-48.6
2022,WR,TE,WR_vs_TE,Kalif Raymond,Drew Sample,3634,6001,80,130,-50,62.6,0.8,61.8
2022,WR,TE,WR_vs_TE,Kalif Raymond,Will Dissly,3634,5010,80,118,-38,62.6,69.9,-7.3
2022,WR,TE,WR_vs_TE,Kalif Raymond,John Bates,3634,7716,80,111,-31,62.6,23.8,38.8
2022,WR,TE,WR_vs_TE,Kalif Raymond,Josh Oliver,3634,5973,80,75,5,62.6,33.9,28.7
2022,WR,TE,WR_vs_TE,Greg Dortch,Chigoziem Okonkwo,5970,8210,77,273,-196,56.6,69.5,-12.9
2022,WR,TE,WR_vs_TE,Greg Dortch,Ian Thomas,5970,4995,77,271,-194,56.6,30.2,26.4
2022,WR,TE,WR_vs_TE,Greg Dortch,Noah Gray,5970,7828,77,190,-113,56.6,54.1,2.5
2022,WR,TE,WR_vs_TE,Greg Dortch,Kylen Granson,5970,7602,77,177,-100,56.6,45.7,10.9
2022,WR,TE,WR_vs_TE,Greg Dortch,Juwan Johnson,5970,7002,77,142,-65,56.6,111.2,-54.6
2022,WR,TE,WR_vs_TE,Greg Dortch,Drew Sample,5970,6001,77,130,-53,56.6,0.8,55.8
2022,WR,TE,WR_vs_TE,Greg Dortch,Will Dissly,5970,5010,77,118,-41,56.6,69.9,-13.3
2022,WR,TE,WR_vs_TE,Greg Dortch,John Bates,5970,7716,77,111,-34,56.6,23.8,32.8
2022,WR,TE,WR_vs_TE,Greg Dortch,Josh Oliver,5970,5973,77,75,2,56.6,33.9,22.7
2022,WR,TE,WR_vs_TE,Lil'Jordan Humphrey,Noah Gray,5938,7828,59,190,-131,2,54.1,-52.1
2022,WR,TE,WR_vs_TE,Lil'Jordan Humphrey,Kylen Granson,5938,7602,59,177,-118,2,45.7,-43.7
2022,WR,TE,WR_vs_TE,Lil'Jordan Humphrey,Juwan Johnson,5938,7002,59,142,-83,2,111.2,-109.2
2022,WR,TE,WR_vs_TE,Lil'Jordan Humphrey,Drew Sample,5938,6001,59,130,-71,2,0.8,1.2
2022,WR,TE,WR_vs_TE,Lil'Jordan Humphrey,Will Dissly,5938,5010,59,118,-59,2,69.9,-67.9
2022,WR,TE,WR_vs_TE,Lil'Jordan Humphrey,John Bates,5938,7716,59,111,-52,2,23.8,-21.8
2022,WR,TE,WR_vs_TE,Lil'Jordan Humphrey,Josh Oliver,5938,5973,59,75,-16,2,33.9,-31.9
2023,QB,RB,QB_vs_RB,Joe Burrow,Christian McCaffrey,6770,4034,8146,7993,153,147.2,324.3,-177.1
2023,QB,RB,QB_vs_RB,Trevor Lawrence,Bijan Robinson,7523,9509,6554,6413,141,246.3,169.2,77.1
2023,QB,RB,QB_vs_RB,Dak Prescott,Derrick Henry,3294,3198,5686,5594,92,317.7,197.4,120.3
2023,QB,RB,QB_vs_RB,Dak Prescott,Josh Jacobs,3294,5850,5686,5531,155,317.7,144.1,173.6
2023,QB,RB,QB_vs_RB,Tua Tagovailoa,Derrick Henry,6768,3198,5490,5594,-104,262.7,197.4,65.3
2023,QB,RB,QB_vs_RB,Tua Tagovailoa,Josh Jacobs,6768,5850,5490,5531,-41,262.7,144.1,118.6
2023,QB,RB,QB_vs_RB,Tua Tagovailoa,Tony Pollard,6768,5967,5490,5326,164,262.7,153,109.7
2023,QB,RB,QB_vs_RB,Deshaun Watson,Josh Jacobs,4017,5850,5343,5531,-188,86.8,144.1,-57.3
2023,QB,RB,QB_vs_RB,Deshaun Watson,Tony Pollard,4017,5967,5343,5326,17,86.8,153,-66.2
2023,QB,RB,QB_vs_RB,Deshaun Watson,Rhamondre Stevenson,4017,7611,5343,5228,115,86.8,107.7,-20.9
2023,QB,RB,QB_vs_RB,Deshaun Watson,Travis Etienne,4017,7543,5343,5210,133,86.8,215.7,-128.9
2023,QB,RB,QB_vs_RB,Kirk Cousins,Rhamondre Stevenson,1166,7611,5079,5228,-149,149.7,107.7,42
2023,QB,RB,QB_vs_RB,Kirk Cousins,Travis Etienne,1166,7543,5079,5210,-131,149.7,215.7,-66
2023,QB,RB,QB_vs_RB,Kirk Cousins,Jahmyr Gibbs,1166,9221,5079,5129,-50,149.7,181.1,-31.4
2023,QB,RB,QB_vs_RB,Kirk Cousins,Kenneth Walker III,1166,8151,5079,4968,111,149.7,162.3,-12.6
2023,QB,RB,QB_vs_RB,Jared Goff,Jahmyr Gibbs,3163,9221,4940,5129,-189,268.3,181.1,87.2
2023,QB,RB,QB_vs_RB,Jared Goff,Kenneth Walker III,3163,8151,4940,4968,-28,268.3,162.3,106
2023,QB,RB,QB_vs_RB,Jared Goff,Joe Mixon,3163,4018,4940,4787,153,268.3,191.3,77
2023,QB,RB,QB_vs_RB,Daniel Jones,Kenneth Walker III,5870,8151,4896,4968,-72,57,162.3,-105.3
2023,QB,RB,QB_vs_RB,Daniel Jones,Joe Mixon,5870,4018,4896,4787,109,57,191.3,-134.3
2023,QB,RB,QB_vs_RB,Anthony Richardson,Kenneth Walker III,9229,8151,4846,4968,-122,72.7,162.3,-89.6
2023,QB,RB,QB_vs_RB,Anthony Richardson,Joe Mixon,9229,4018,4846,4787,59,72.7,191.3,-118.6
2023,QB,RB,QB_vs_RB,Geno Smith,Joe Mixon,1373,4018,4592,4787,-195,205.9,191.3,14.6
2023,QB,RB,QB_vs_RB,Geno Smith,Najee Harris,1373,7528,4592,4537,55,205.9,147.2,58.7
2023,QB,RB,QB_vs_RB,Brock Purdy,Aaron Jones,8183,4199,4106,4159,-53,295.6,90.8,204.8
2023,QB,RB,QB_vs_RB,Brock Purdy,James Cook,8183,8138,4106,4047,59,295.6,183.5,112.1
2023,QB,RB,QB_vs_RB,Brock Purdy,Alexander Mattison,8183,5987,4106,3939,167,295.6,100.3,195.3
2023,QB,RB,QB_vs_RB,Matthew Stafford,James Cook,421,8138,3900,4047,-147,243.1,183.5,59.6
2023,QB,RB,QB_vs_RB,Matthew Stafford,Alexander Mattison,421,5987,3900,3939,-39,243.1,100.3,142.8
2023,QB,RB,QB_vs_RB,Matthew Stafford,Jonathan Taylor,421,6813,3900,3828,72,243.1,111.8,131.3
2023,QB,RB,QB_vs_RB,Matthew Stafford,Javonte Williams,421,7588,3900,3784,116,243.1,118.7,124.4
2023,QB,RB,QB_vs_RB,Jordan Love,Alexander Mattison,6804,5987,3840,3939,-99,300.5,100.3,200.2
2023,QB,RB,QB_vs_RB,Jordan Love,Jonathan Taylor,6804,6813,3840,3828,12,300.5,111.8,188.7
2023,QB,RB,QB_vs_RB,Jordan Love,Javonte Williams,6804,7588,3840,3784,56,300.5,118.7,181.8
2023,QB,RB,QB_vs_RB,Jordan Love,Miles Sanders,6804,6151,3840,3677,163,300.5,58.8,241.7
2023,QB,RB,QB_vs_RB,Kenny Pickett,Jonathan Taylor,8160,6813,3697,3828,-131,110.2,111.8,-1.6
2023,QB,RB,QB_vs_RB,Kenny Pickett,Javonte Williams,8160,7588,3697,3784,-87,110.2,118.7,-8.5
2023,QB,RB,QB_vs_RB,Kenny Pickett,Miles Sanders,8160,6151,3697,3677,20,110.2,58.8,51.4
2023,QB,RB,QB_vs_RB,Kenny Pickett,Rachaad White,8160,8136,3697,3578,119,110.2,194.6,-84.4
2023,QB,RB,QB_vs_RB,Kenny Pickett,D'Andre Swift,8160,6790,3697,3534,163,110.2,160.3,-50.1
2023,QB,RB,QB_vs_RB,Russell Wilson,Jonathan Taylor,1234,6813,3662,3828,-166,256.9,111.8,145.1
2023,QB,RB,QB_vs_RB,Russell Wilson,Javonte Williams,1234,7588,3662,3784,-122,256.9,118.7,138.2
2023,QB,RB,QB_vs_RB,Russell Wilson,Miles Sanders,1234,6151,3662,3677,-15,256.9,58.8,198.1
2023,QB,RB,QB_vs_RB,Russell Wilson,Rachaad White,1234,8136,3662,3578,84,256.9,194.6,62.3
2023,QB,RB,QB_vs_RB,Russell Wilson,D'Andre Swift,1234,6790,3662,3534,128,256.9,160.3,96.6
2023,QB,RB,QB_vs_RB,Russell Wilson,Cam Akers,1234,6938,3662,3488,174,256.9,35.7,221.2
2023,QB,RB,QB_vs_RB,Russell Wilson,Isiah Pacheco,1234,8205,3662,3466,196,256.9,169.9,87
2023,QB,RB,QB_vs_RB,Derek Carr,D'Andre Swift,2028,6790,3377,3534,-157,214,160.3,53.7
2023,QB,RB,QB_vs_RB,Derek Carr,Cam Akers,2028,6938,3377,3488,-111,214,35.7,178.3
2023,QB,RB,QB_vs_RB,Derek Carr,Isiah Pacheco,2028,8205,3377,3466,-89,214,169.9,44.1
2023,QB,RB,QB_vs_RB,Derek Carr,David Montgomery,2028,5892,3377,3431,-54,214,181.2,32.8
2023,QB,RB,QB_vs_RB,Derek Carr,Alvin Kamara,2028,4035,3377,3355,22,214,158,56
2023,QB,RB,QB_vs_RB,C.J. Stroud,Alvin Kamara,9758,4035,3173,3355,-182,254.5,158,96.5
2023,QB,RB,QB_vs_RB,C.J. Stroud,De'Von Achane,9758,9226,3173,3175,-2,254.5,151.6,102.9
2023,QB,RB,QB_vs_RB,C.J. Stroud,Dalvin Cook,9758,4029,3173,3132,41,254.5,25.2,229.3
2023,QB,RB,QB_vs_RB,C.J. Stroud,James Conner,9758,4137,3173,3098,75,254.5,148.1,106.4
2023,QB,RB,QB_vs_RB,C.J. Stroud,Brian Robinson,9758,8154,3173,3017,156,254.5,154.6,99.9
2023,QB,RB,QB_vs_RB,C.J. Stroud,Khalil Herbert,9758,7608,3173,2981,192,254.5,88.4,166.1
2023,QB,RB,QB_vs_RB,Sam Howell,De'Von Achane,8162,9226,3076,3175,-99,250.1,151.6,98.5
2023,QB,RB,QB_vs_RB,Sam Howell,Dalvin Cook,8162,4029,3076,3132,-56,250.1,25.2,224.9
2023,QB,RB,QB_vs_RB,Sam Howell,James Conner,8162,4137,3076,3098,-22,250.1,148.1,102
2023,QB,RB,QB_vs_RB,Sam Howell,Brian Robinson,8162,8154,3076,3017,59,250.1,154.6,95.5
2023,QB,RB,QB_vs_RB,Sam Howell,Khalil Herbert,8162,7608,3076,2981,95,250.1,88.4,161.7
2023,QB,RB,QB_vs_RB,Sam Howell,Antonio Gibson,8162,6945,3076,2920,156,250.1,75.8,174.3
2023,QB,RB,QB_vs_RB,Sam Howell,AJ Dillon,8162,6828,3076,2880,196,250.1,95.6,154.5
2023,QB,RB,QB_vs_RB,Bryce Young,Brian Robinson,9228,8154,2897,3017,-120,152.2,154.6,-2.4
2023,QB,RB,QB_vs_RB,Bryce Young,Khalil Herbert,9228,7608,2897,2981,-84,152.2,88.4,63.8
2023,QB,RB,QB_vs_RB,Bryce Young,Antonio Gibson,9228,6945,2897,2920,-23,152.2,75.8,76.4
2023,QB,RB,QB_vs_RB,Bryce Young,AJ Dillon,9228,6828,2897,2880,17,152.2,95.6,56.6
2023,QB,RB,QB_vs_RB,Bryce Young,Raheem Mostert,9228,2749,2897,2727,170,152.2,242.7,-90.5
2023,QB,RB,QB_vs_RB,Baker Mayfield,Khalil Herbert,4892,7608,2786,2981,-195,267.9,88.4,179.5
2023,QB,RB,QB_vs_RB,Baker Mayfield,Antonio Gibson,4892,6945,2786,2920,-134,267.9,75.8,192.1
2023,QB,RB,QB_vs_RB,Baker Mayfield,AJ Dillon,4892,6828,2786,2880,-94,267.9,95.6,172.3
2023,QB,RB,QB_vs_RB,Baker Mayfield,Raheem Mostert,4892,2749,2786,2727,59,267.9,242.7,25.2
2023,QB,RB,QB_vs_RB,Kyler Murray,Zach Charbonnet,5849,9753,2329,2513,-184,128.6,67.1,61.5
2023,QB,RB,QB_vs_RB,Kyler Murray,Jaylen Warren,5849,8228,2329,2475,-146,128.6,132.4,-3.8
2023,QB,RB,QB_vs_RB,Kyler Murray,Jamaal Williams,5849,4149,2329,2310,19,128.6,33.4,95.2
2023,QB,RB,QB_vs_RB,Kyler Murray,Samaje Perine,5849,4147,2329,2208,121,128.6,68.3,60.3
2023,QB,RB,QB_vs_RB,Kyler Murray,Jerick McKinnon,5849,2161,2329,2132,197,128.6,59.4,69.2
2023,QB,RB,QB_vs_RB,Ryan Tannehill,Jamaal Williams,1049,4149,2152,2310,-158,67.6,33.4,34.2
2023,QB,RB,QB_vs_RB,Ryan Tannehill,Samaje Perine,1049,4147,2152,2208,-56,67.6,68.3,-0.7
2023,QB,RB,QB_vs_RB,Ryan Tannehill,Jerick McKinnon,1049,2161,2152,2132,20,67.6,59.4,8.2
2023,QB,RB,QB_vs_RB,Jimmy Garoppolo,Samaje Perine,1837,4147,2040,2208,-168,64.1,68.3,-4.2
2023,QB,RB,QB_vs_RB,Jimmy Garoppolo,Jerick McKinnon,1837,2161,2040,2132,-92,64.1,59.4,4.7
2023,QB,RB,QB_vs_RB,Jimmy Garoppolo,Tank Bigsby,1837,9225,2040,1929,111,64.1,20.2,43.9
2023,QB,RB,QB_vs_RB,Mac Jones,Tank Bigsby,7527,9225,1879,1929,-50,106.4,20.2,86.2
2023,QB,RB,QB_vs_RB,Mac Jones,Rashaad Penny,7527,4985,1879,1782,97,106.4,2.2,104.2
2023,QB,RB,QB_vs_RB,Mac Jones,Kenneth Gainwell,7527,7567,1879,1694,185,106.4,61.2,45.2
2023,QB,RB,QB_vs_RB,Desmond Ridder,Tank Bigsby,8159,9225,1817,1929,-112,160.5,20.2,140.3
2023,QB,RB,QB_vs_RB,Desmond Ridder,Rashaad Penny,8159,4985,1817,1782,35,160.5,2.2,158.3
2023,QB,RB,QB_vs_RB,Desmond Ridder,Kenneth Gainwell,8159,7567,1817,1694,123,160.5,61.2,99.3
2023,QB,RB,QB_vs_RB,Sam Darnold,Kenneth Gainwell,4943,7567,1555,1694,-139,5.9,61.2,-55.3
2023,QB,RB,QB_vs_RB,Sam Darnold,Gus Edwards,4943,5248,1555,1577,-22,5.9,172.2,-166.3
2023,QB,RB,QB_vs_RB,Sam Darnold,Tyler Allgeier,4943,8132,1555,1559,-4,5.9,116.2,-110.3
2023,QB,RB,QB_vs_RB,Sam Darnold,Roschon Johnson,4943,10235,1555,1481,74,5.9,66.1,-60.2
2023,QB,RB,QB_vs_RB,Sam Darnold,Kareem Hunt,4943,4098,1555,1359,196,5.9,103,-97.1
2023,QB,RB,QB_vs_RB,Joshua Dobbs,Kareem Hunt,4179,4098,1226,1359,-133,200.7,103,97.7
2023,QB,RB,QB_vs_RB,Joshua Dobbs,Devin Singletary,4179,6130,1226,1263,-37,200.7,124.8,75.9
2023,QB,RB,QB_vs_RB,Joshua Dobbs,Jerome Ford,4179,8143,1226,1201,25,200.7,164,36.7
2023,QB,RB,QB_vs_RB,Joshua Dobbs,Tyjae Spears,4179,9508,1226,1111,115,200.7,83.2,117.5
2023,QB,RB,QB_vs_RB,Joshua Dobbs,Ezekiel Elliott,4179,3164,1226,1095,131,200.7,115.4,85.3
2023,QB,RB,QB_vs_RB,Will Levis,Devin Singletary,9999,6130,1132,1263,-131,102,124.8,-22.8
2023,QB,RB,QB_vs_RB,Will Levis,Jerome Ford,9999,8143,1132,1201,-69,102,164,-62
2023,QB,RB,QB_vs_RB,Will Levis,Tyjae Spears,9999,9508,1132,1111,21,102,83.2,18.8
2023,QB,RB,QB_vs_RB,Will Levis,Ezekiel Elliott,9999,3164,1132,1095,37,102,115.4,-13.4
2023,QB,RB,QB_vs_RB,Will Levis,Kyren Williams,9999,8150,1132,999,133,102,223,-121
2023,QB,RB,QB_vs_RB,Aidan O'Connell,Jerome Ford,10866,8143,1049,1201,-152,108,164,-56
2023,QB,RB,QB_vs_RB,Aidan O'Connell,Tyjae Spears,10866,9508,1049,1111,-62,108,83.2,24.8
2023,QB,RB,QB_vs_RB,Aidan O'Connell,Ezekiel Elliott,10866,3164,1049,1095,-46,108,115.4,-7.4
2023,QB,RB,QB_vs_RB,Aidan O'Connell,Kyren Williams,10866,8150,1049,999,50,108,223,-115
2023,QB,RB,QB_vs_RB,Aidan O'Connell,D'Onta Foreman,10866,4111,1049,906,143,108,80.2,27.8
2023,QB,RB,QB_vs_RB,Aidan O'Connell,Clyde Edwards-Helaire,10866,6820,1049,887,162,108,52.1,55.9
2023,QB,RB,QB_vs_RB,Aidan O'Connell,Kendre Miller,10866,9757,1049,884,165,108,19.4,88.6
2023,QB,RB,QB_vs_RB,Dorian Thompson-Robinson,Tyjae Spears,10862,9508,995,1111,-116,22.1,83.2,-61.1
2023,QB,RB,QB_vs_RB,Dorian Thompson-Robinson,Ezekiel Elliott,10862,3164,995,1095,-100,22.1,115.4,-93.3
2023,QB,RB,QB_vs_RB,Dorian Thompson-Robinson,Kyren Williams,10862,8150,995,999,-4,22.1,223,-200.9
2023,QB,RB,QB_vs_RB,Dorian Thompson-Robinson,D'Onta Foreman,10862,4111,995,906,89,22.1,80.2,-58.1
2023,QB,RB,QB_vs_RB,Dorian Thompson-Robinson,Clyde Edwards-Helaire,10862,6820,995,887,108,22.1,52.1,-30
2023,QB,RB,QB_vs_RB,Dorian Thompson-Robinson,Kendre Miller,10862,9757,995,884,111,22.1,19.4,2.7
2023,QB,RB,QB_vs_RB,Mike White,Tyjae Spears,5089,9508,963,1111,-148,2.1,83.2,-81.1
2023,QB,RB,QB_vs_RB,Mike White,Ezekiel Elliott,5089,3164,963,1095,-132,2.1,115.4,-113.3
2023,QB,RB,QB_vs_RB,Mike White,Kyren Williams,5089,8150,963,999,-36,2.1,223,-220.9
2023,QB,RB,QB_vs_RB,Mike White,D'Onta Foreman,5089,4111,963,906,57,2.1,80.2,-78.1
2023,QB,RB,QB_vs_RB,Mike White,Clyde Edwards-Helaire,5089,6820,963,887,76,2.1,52.1,-50
2023,QB,RB,QB_vs_RB,Mike White,Kendre Miller,5089,9757,963,884,79,2.1,19.4,-17.3
2023,QB,RB,QB_vs_RB,Malik Willis,Kyren Williams,8161,8150,838,999,-161,3.1,223,-219.9
2023,QB,RB,QB_vs_RB,Malik Willis,D'Onta Foreman,8161,4111,838,906,-68,3.1,80.2,-77.1
2023,QB,RB,QB_vs_RB,Malik Willis,Clyde Edwards-Helaire,8161,6820,838,887,-49,3.1,52.1,-49
2023,QB,RB,QB_vs_RB,Malik Willis,Kendre Miller,8161,9757,838,884,-46,3.1,19.4,-16.3
2023,QB,RB,QB_vs_RB,Malik Willis,Chuba Hubbard,8161,7594,838,699,139,3.1,134.3,-131.2
2023,QB,RB,QB_vs_RB,Malik Willis,Zack Moss,8161,6845,838,684,154,3.1,139.6,-136.5
2023,QB,RB,QB_vs_RB,Clayton Tune,D'Onta Foreman,10217,4111,740,906,-166,7.4,80.2,-72.8
2023,QB,RB,QB_vs_RB,Clayton Tune,Clyde Edwards-Helaire,10217,6820,740,887,-147,7.4,52.1,-44.7
2023,QB,RB,QB_vs_RB,Clayton Tune,Kendre Miller,10217,9757,740,884,-144,7.4,19.4,-12
2023,QB,RB,QB_vs_RB,Clayton Tune,Chuba Hubbard,10217,7594,740,699,41,7.4,134.3,-126.9
2023,QB,RB,QB_vs_RB,Clayton Tune,Zack Moss,10217,6845,740,684,56,7.4,139.6,-132.2
2023,QB,RB,QB_vs_RB,Clayton Tune,Justice Hill,10217,5995,740,634,106,7.4,78.7,-71.3
2023,QB,RB,QB_vs_RB,Clayton Tune,Rico Dowdle,10217,7021,740,628,112,7.4,64.5,-57.1
2023,QB,RB,QB_vs_RB,Clayton Tune,Deuce Vaughn,10217,9505,740,600,140,7.4,8,-0.6
2023,QB,RB,QB_vs_RB,Clayton Tune,Zamir White,10217,8139,740,584,156,7.4,46.8,-39.4
2023,QB,RB,QB_vs_RB,Clayton Tune,Evan Hull,10217,9220,740,558,182,7.4,0.7,6.7
2023,QB,RB,QB_vs_RB,Bailey Zappe,Chuba Hubbard,8157,7594,513,699,-186,68.4,134.3,-65.9
2023,QB,RB,QB_vs_RB,Bailey Zappe,Zack Moss,8157,6845,513,684,-171,68.4,139.6,-71.2
2023,QB,RB,QB_vs_RB,Bailey Zappe,Justice Hill,8157,5995,513,634,-121,68.4,78.7,-10.3
2023,QB,RB,QB_vs_RB,Bailey Zappe,Rico Dowdle,8157,7021,513,628,-115,68.4,64.5,3.9
2023,QB,RB,QB_vs_RB,Bailey Zappe,Deuce Vaughn,8157,9505,513,600,-87,68.4,8,60.4
2023,QB,RB,QB_vs_RB,Bailey Zappe,Zamir White,8157,8139,513,584,-71,68.4,46.8,21.6
2023,QB,RB,QB_vs_RB,Bailey Zappe,Evan Hull,8157,9220,513,558,-45,68.4,0.7,67.7
2023,QB,RB,QB_vs_RB,Bailey Zappe,Sean Tucker,8157,9506,513,520,-7,68.4,3.2,65.2
2023,QB,RB,QB_vs_RB,Bailey Zappe,Ty Chandler,8157,8230,513,489,24,68.4,71.1,-2.7
2023,QB,RB,QB_vs_RB,Bailey Zappe,Chase Brown,8157,9224,513,467,46,68.4,34.2,34.2
2023,QB,RB,QB_vs_RB,Bailey Zappe,Jordan Mason,8157,8408,513,437,76,68.4,36.9,31.5
2023,QB,RB,QB_vs_RB,Bailey Zappe,Joshua Kelley,8157,7045,513,425,88,68.4,53.6,14.8
2023,QB,RB,QB_vs_RB,Bailey Zappe,Cordarrelle Patterson,8157,1535,513,389,124,68.4,25.9,42.5
2023,QB,RB,QB_vs_RB,Bailey Zappe,Isaiah Spiller,8157,8153,513,380,133,68.4,13,55.4
2023,QB,RB,QB_vs_RB,Bailey Zappe,Keaontay Ingram,8157,8221,513,369,144,68.4,10,58.4
2023,QB,RB,QB_vs_RB,Bailey Zappe,Chase Edmonds,8157,5000,513,331,182,68.4,23.3,45.1
2023,QB,RB,QB_vs_RB,Bailey Zappe,Chris Evans,8157,7794,513,317,196,68.4,1.1,67.3
2023,QB,RB,QB_vs_RB,Bailey Zappe,Michael Carter,8157,7607,513,313,200,68.4,32.9,35.5
2023,QB,RB,QB_vs_RB,Jacoby Brissett,Justice Hill,3257,5995,464,634,-170,22.9,78.7,-55.8
2023,QB,RB,QB_vs_RB,Jacoby Brissett,Rico Dowdle,3257,7021,464,628,-164,22.9,64.5,-41.6
2023,QB,RB,QB_vs_RB,Jacoby Brissett,Deuce Vaughn,3257,9505,464,600,-136,22.9,8,14.9
2023,QB,RB,QB_vs_RB,Jacoby Brissett,Zamir White,3257,8139,464,584,-120,22.9,46.8,-23.9
2023,QB,RB,QB_vs_RB,Jacoby Brissett,Evan Hull,3257,9220,464,558,-94,22.9,0.7,22.2
2023,QB,RB,QB_vs_RB,Jacoby Brissett,Sean Tucker,3257,9506,464,520,-56,22.9,3.2,19.7
2023,QB,RB,QB_vs_RB,Jacoby Brissett,Ty Chandler,3257,8230,464,489,-25,22.9,71.1,-48.2
2023,QB,RB,QB_vs_RB,Jacoby Brissett,Chase Brown,3257,9224,464,467,-3,22.9,34.2,-11.3
2023,QB,RB,QB_vs_RB,Jacoby Brissett,Jordan Mason,3257,8408,464,437,27,22.9,36.9,-14
2023,QB,RB,QB_vs_RB,Jacoby Brissett,Joshua Kelley,3257,7045,464,425,39,22.9,53.6,-30.7
2023,QB,RB,QB_vs_RB,Jacoby Brissett,Cordarrelle Patterson,3257,1535,464,389,75,22.9,25.9,-3
2023,QB,RB,QB_vs_RB,Jacoby Brissett,Isaiah Spiller,3257,8153,464,380,84,22.9,13,9.9
2023,QB,RB,QB_vs_RB,Jacoby Brissett,Keaontay Ingram,3257,8221,464,369,95,22.9,10,12.9
2023,QB,RB,QB_vs_RB,Jacoby Brissett,Chase Edmonds,3257,5000,464,331,133,22.9,23.3,-0.4
2023,QB,RB,QB_vs_RB,Jacoby Brissett,Chris Evans,3257,7794,464,317,147,22.9,1.1,21.8
2023,QB,RB,QB_vs_RB,Jacoby Brissett,Michael Carter,3257,7607,464,313,151,22.9,32.9,-10
2023,QB,RB,QB_vs_RB,Jacoby Brissett,Pierre Strong Jr.,3257,8116,464,309,155,22.9,31.3,-8.4
2023,QB,RB,QB_vs_RB,Jacoby Brissett,Zach Evans,3257,9222,464,278,186,22.9,1.6,21.3
2023,QB,RB,QB_vs_RB,Jacoby Brissett,Trayveon Williams,3257,6144,464,267,197,22.9,8.1,14.8
2023,QB,RB,QB_vs_RB,Davis Mills,Justice Hill,7585,5995,435,634,-199,17.8,78.7,-60.9
2023,QB,RB,QB_vs_RB,Davis Mills,Rico Dowdle,7585,7021,435,628,-193,17.8,64.5,-46.7
2023,QB,RB,QB_vs_RB,Davis Mills,Deuce Vaughn,7585,9505,435,600,-165,17.8,8,9.8
2023,QB,RB,QB_vs_RB,Davis Mills,Zamir White,7585,8139,435,584,-149,17.8,46.8,-29
2023,QB,RB,QB_vs_RB,Davis Mills,Evan Hull,7585,9220,435,558,-123,17.8,0.7,17.1
2023,QB,RB,QB_vs_RB,Davis Mills,Sean Tucker,7585,9506,435,520,-85,17.8,3.2,14.6
2023,QB,RB,QB_vs_RB,Davis Mills,Ty Chandler,7585,8230,435,489,-54,17.8,71.1,-53.3
2023,QB,RB,QB_vs_RB,Davis Mills,Chase Brown,7585,9224,435,467,-32,17.8,34.2,-16.4
2023,QB,RB,QB_vs_RB,Davis Mills,Jordan Mason,7585,8408,435,437,-2,17.8,36.9,-19.1
2023,QB,RB,QB_vs_RB,Davis Mills,Joshua Kelley,7585,7045,435,425,10,17.8,53.6,-35.8
2023,QB,RB,QB_vs_RB,Davis Mills,Cordarrelle Patterson,7585,1535,435,389,46,17.8,25.9,-8.1
2023,QB,RB,QB_vs_RB,Davis Mills,Isaiah Spiller,7585,8153,435,380,55,17.8,13,4.8
2023,QB,RB,QB_vs_RB,Davis Mills,Keaontay Ingram,7585,8221,435,369,66,17.8,10,7.8
2023,QB,RB,QB_vs_RB,Davis Mills,Chase Edmonds,7585,5000,435,331,104,17.8,23.3,-5.5
2023,QB,RB,QB_vs_RB,Davis Mills,Chris Evans,7585,7794,435,317,118,17.8,1.1,16.7
2023,QB,RB,QB_vs_RB,Davis Mills,Michael Carter,7585,7607,435,313,122,17.8,32.9,-15.1
2023,QB,RB,QB_vs_RB,Davis Mills,Pierre Strong Jr.,7585,8116,435,309,126,17.8,31.3,-13.5
2023,QB,RB,QB_vs_RB,Davis Mills,Zach Evans,7585,9222,435,278,157,17.8,1.6,16.2
2023,QB,RB,QB_vs_RB,Davis Mills,Trayveon Williams,7585,6144,435,267,168,17.8,8.1,9.7
2023,QB,RB,QB_vs_RB,Davis Mills,DeeJay Dallas,7585,6931,435,245,190,17.8,2.2,15.6
2023,QB,RB,QB_vs_RB,Davis Mills,Jaleel McLaughlin,7585,11439,435,239,196,17.8,74.4,-56.6
2023,QB,RB,QB_vs_RB,Zach Wilson,Deuce Vaughn,7538,9505,409,600,-191,119.9,8,111.9
2023,QB,RB,QB_vs_RB,Zach Wilson,Zamir White,7538,8139,409,584,-175,119.9,46.8,73.1
2023,QB,RB,QB_vs_RB,Zach Wilson,Evan Hull,7538,9220,409,558,-149,119.9,0.7,119.2
2023,QB,RB,QB_vs_RB,Zach Wilson,Sean Tucker,7538,9506,409,520,-111,119.9,3.2,116.7
2023,QB,RB,QB_vs_RB,Zach Wilson,Ty Chandler,7538,8230,409,489,-80,119.9,71.1,48.8
2023,QB,RB,QB_vs_RB,Zach Wilson,Chase Brown,7538,9224,409,467,-58,119.9,34.2,85.7
2023,QB,RB,QB_vs_RB,Zach Wilson,Jordan Mason,7538,8408,409,437,-28,119.9,36.9,83
2023,QB,RB,QB_vs_RB,Zach Wilson,Joshua Kelley,7538,7045,409,425,-16,119.9,53.6,66.3
2023,QB,RB,QB_vs_RB,Zach Wilson,Cordarrelle Patterson,7538,1535,409,389,20,119.9,25.9,94
2023,QB,RB,QB_vs_RB,Zach Wilson,Isaiah Spiller,7538,8153,409,380,29,119.9,13,106.9
2023,QB,RB,QB_vs_RB,Zach Wilson,Keaontay Ingram,7538,8221,409,369,40,119.9,10,109.9
2023,QB,RB,QB_vs_RB,Zach Wilson,Chase Edmonds,7538,5000,409,331,78,119.9,23.3,96.6
2023,QB,RB,QB_vs_RB,Zach Wilson,Chris Evans,7538,7794,409,317,92,119.9,1.1,118.8
2023,QB,RB,QB_vs_RB,Zach Wilson,Michael Carter,7538,7607,409,313,96,119.9,32.9,87
2023,QB,RB,QB_vs_RB,Zach Wilson,Pierre Strong Jr.,7538,8116,409,309,100,119.9,31.3,88.6
2023,QB,RB,QB_vs_RB,Zach Wilson,Zach Evans,7538,9222,409,278,131,119.9,1.6,118.3
2023,QB,RB,QB_vs_RB,Zach Wilson,Trayveon Williams,7538,6144,409,267,142,119.9,8.1,111.8
2023,QB,RB,QB_vs_RB,Zach Wilson,DeeJay Dallas,7538,6931,409,245,164,119.9,2.2,117.7
2023,QB,RB,QB_vs_RB,Zach Wilson,Jaleel McLaughlin,7538,11439,409,239,170,119.9,74.4,45.5
2023,QB,RB,QB_vs_RB,Zach Wilson,Salvon Ahmed,7538,6918,409,218,191,119.9,26.9,93
2023,QB,RB,QB_vs_RB,Gardner Minshew,Sean Tucker,6011,9506,335,520,-185,187.7,3.2,184.5
2023,QB,RB,QB_vs_RB,Gardner Minshew,Ty Chandler,6011,8230,335,489,-154,187.7,71.1,116.6
2023,QB,RB,QB_vs_RB,Gardner Minshew,Chase Brown,6011,9224,335,467,-132,187.7,34.2,153.5
2023,QB,RB,QB_vs_RB,Gardner Minshew,Jordan Mason,6011,8408,335,437,-102,187.7,36.9,150.8
2023,QB,RB,QB_vs_RB,Gardner Minshew,Joshua Kelley,6011,7045,335,425,-90,187.7,53.6,134.1
2023,QB,RB,QB_vs_RB,Gardner Minshew,Cordarrelle Patterson,6011,1535,335,389,-54,187.7,25.9,161.8
2023,QB,RB,QB_vs_RB,Gardner Minshew,Isaiah Spiller,6011,8153,335,380,-45,187.7,13,174.7
2023,QB,RB,QB_vs_RB,Gardner Minshew,Keaontay Ingram,6011,8221,335,369,-34,187.7,10,177.7
2023,QB,RB,QB_vs_RB,Gardner Minshew,Chase Edmonds,6011,5000,335,331,4,187.7,23.3,164.4
2023,QB,RB,QB_vs_RB,Gardner Minshew,Chris Evans,6011,7794,335,317,18,187.7,1.1,186.6
2023,QB,RB,QB_vs_RB,Gardner Minshew,Michael Carter,6011,7607,335,313,22,187.7,32.9,154.8
2023,QB,RB,QB_vs_RB,Gardner Minshew,Pierre Strong Jr.,6011,8116,335,309,26,187.7,31.3,156.4
2023,QB,RB,QB_vs_RB,Gardner Minshew,Zach Evans,6011,9222,335,278,57,187.7,1.6,186.1
2023,QB,RB,QB_vs_RB,Gardner Minshew,Trayveon Williams,6011,6144,335,267,68,187.7,8.1,179.6
2023,QB,RB,QB_vs_RB,Gardner Minshew,DeeJay Dallas,6011,6931,335,245,90,187.7,2.2,185.5
2023,QB,RB,QB_vs_RB,Gardner Minshew,Jaleel McLaughlin,6011,11439,335,239,96,187.7,74.4,113.3
2023,QB,RB,QB_vs_RB,Gardner Minshew,Salvon Ahmed,6011,6918,335,218,117,187.7,26.9,160.8
2023,QB,RB,QB_vs_RB,Jameis Winston,Sean Tucker,2306,9506,324,520,-196,12,3.2,8.8
2023,QB,RB,QB_vs_RB,Jameis Winston,Ty Chandler,2306,8230,324,489,-165,12,71.1,-59.1
2023,QB,RB,QB_vs_RB,Jameis Winston,Chase Brown,2306,9224,324,467,-143,12,34.2,-22.2
2023,QB,RB,QB_vs_RB,Jameis Winston,Jordan Mason,2306,8408,324,437,-113,12,36.9,-24.9
2023,QB,RB,QB_vs_RB,Jameis Winston,Joshua Kelley,2306,7045,324,425,-101,12,53.6,-41.6
2023,QB,RB,QB_vs_RB,Jameis Winston,Cordarrelle Patterson,2306,1535,324,389,-65,12,25.9,-13.9
2023,QB,RB,QB_vs_RB,Jameis Winston,Isaiah Spiller,2306,8153,324,380,-56,12,13,-1
2023,QB,RB,QB_vs_RB,Jameis Winston,Keaontay Ingram,2306,8221,324,369,-45,12,10,2
2023,QB,RB,QB_vs_RB,Jameis Winston,Chase Edmonds,2306,5000,324,331,-7,12,23.3,-11.3
2023,QB,RB,QB_vs_RB,Jameis Winston,Chris Evans,2306,7794,324,317,7,12,1.1,10.9
2023,QB,RB,QB_vs_RB,Jameis Winston,Michael Carter,2306,7607,324,313,11,12,32.9,-20.9
2023,QB,RB,QB_vs_RB,Jameis Winston,Pierre Strong Jr.,2306,8116,324,309,15,12,31.3,-19.3
2023,QB,RB,QB_vs_RB,Jameis Winston,Zach Evans,2306,9222,324,278,46,12,1.6,10.4
2023,QB,RB,QB_vs_RB,Jameis Winston,Trayveon Williams,2306,6144,324,267,57,12,8.1,3.9
2023,QB,RB,QB_vs_RB,Jameis Winston,DeeJay Dallas,2306,6931,324,245,79,12,2.2,9.8
2023,QB,RB,QB_vs_RB,Jameis Winston,Jaleel McLaughlin,2306,11439,324,239,85,12,74.4,-62.4
2023,QB,RB,QB_vs_RB,Jameis Winston,Salvon Ahmed,2306,6918,324,218,106,12,26.9,-14.9
2023,QB,RB,QB_vs_RB,Tyler Huntley,Ty Chandler,7083,8230,308,489,-181,11.8,71.1,-59.3
2023,QB,RB,QB_vs_RB,Tyler Huntley,Chase Brown,7083,9224,308,467,-159,11.8,34.2,-22.4
2023,QB,RB,QB_vs_RB,Tyler Huntley,Jordan Mason,7083,8408,308,437,-129,11.8,36.9,-25.1
2023,QB,RB,QB_vs_RB,Tyler Huntley,Joshua Kelley,7083,7045,308,425,-117,11.8,53.6,-41.8
2023,QB,RB,QB_vs_RB,Tyler Huntley,Cordarrelle Patterson,7083,1535,308,389,-81,11.8,25.9,-14.1
2023,QB,RB,QB_vs_RB,Tyler Huntley,Isaiah Spiller,7083,8153,308,380,-72,11.8,13,-1.2
2023,QB,RB,QB_vs_RB,Tyler Huntley,Keaontay Ingram,7083,8221,308,369,-61,11.8,10,1.8
2023,QB,RB,QB_vs_RB,Tyler Huntley,Chase Edmonds,7083,5000,308,331,-23,11.8,23.3,-11.5
2023,QB,RB,QB_vs_RB,Tyler Huntley,Chris Evans,7083,7794,308,317,-9,11.8,1.1,10.7
2023,QB,RB,QB_vs_RB,Tyler Huntley,Michael Carter,7083,7607,308,313,-5,11.8,32.9,-21.1
2023,QB,RB,QB_vs_RB,Tyler Huntley,Pierre Strong Jr.,7083,8116,308,309,-1,11.8,31.3,-19.5
2023,QB,RB,QB_vs_RB,Tyler Huntley,Zach Evans,7083,9222,308,278,30,11.8,1.6,10.2
2023,QB,RB,QB_vs_RB,Tyler Huntley,Trayveon Williams,7083,6144,308,267,41,11.8,8.1,3.7
2023,QB,RB,QB_vs_RB,Tyler Huntley,DeeJay Dallas,7083,6931,308,245,63,11.8,2.2,9.6
2023,QB,RB,QB_vs_RB,Tyler Huntley,Jaleel McLaughlin,7083,11439,308,239,69,11.8,74.4,-62.6
2023,QB,RB,QB_vs_RB,Tyler Huntley,Salvon Ahmed,7083,6918,308,218,90,11.8,26.9,-15.1
2023,QB,RB,QB_vs_RB,Taylor Heinicke,Chase Brown,2711,9224,270,467,-197,66,34.2,31.8
2023,QB,RB,QB_vs_RB,Taylor Heinicke,Jordan Mason,2711,8408,270,437,-167,66,36.9,29.1
2023,QB,RB,QB_vs_RB,Taylor Heinicke,Joshua Kelley,2711,7045,270,425,-155,66,53.6,12.4
2023,QB,RB,QB_vs_RB,Taylor Heinicke,Cordarrelle Patterson,2711,1535,270,389,-119,66,25.9,40.1
2023,QB,RB,QB_vs_RB,Taylor Heinicke,Isaiah Spiller,2711,8153,270,380,-110,66,13,53
2023,QB,RB,QB_vs_RB,Taylor Heinicke,Keaontay Ingram,2711,8221,270,369,-99,66,10,56
2023,QB,RB,QB_vs_RB,Taylor Heinicke,Chase Edmonds,2711,5000,270,331,-61,66,23.3,42.7
2023,QB,RB,QB_vs_RB,Taylor Heinicke,Chris Evans,2711,7794,270,317,-47,66,1.1,64.9
2023,QB,RB,QB_vs_RB,Taylor Heinicke,Michael Carter,2711,7607,270,313,-43,66,32.9,33.1
2023,QB,RB,QB_vs_RB,Taylor Heinicke,Pierre Strong Jr.,2711,8116,270,309,-39,66,31.3,34.7
2023,QB,RB,QB_vs_RB,Taylor Heinicke,Zach Evans,2711,9222,270,278,-8,66,1.6,64.4
2023,QB,RB,QB_vs_RB,Taylor Heinicke,Trayveon Williams,2711,6144,270,267,3,66,8.1,57.9
2023,QB,RB,QB_vs_RB,Taylor Heinicke,DeeJay Dallas,2711,6931,270,245,25,66,2.2,63.8
2023,QB,RB,QB_vs_RB,Taylor Heinicke,Jaleel McLaughlin,2711,11439,270,239,31,66,74.4,-8.4
2023,QB,RB,QB_vs_RB,Taylor Heinicke,Salvon Ahmed,2711,6918,270,218,52,66,26.9,39.1
2023,QB,RB,QB_vs_RB,Marcus Mariota,Joshua Kelley,2307,7045,229,425,-196,1.2,53.6,-52.4
2023,QB,RB,QB_vs_RB,Marcus Mariota,Cordarrelle Patterson,2307,1535,229,389,-160,1.2,25.9,-24.7
2023,QB,RB,QB_vs_RB,Marcus Mariota,Isaiah Spiller,2307,8153,229,380,-151,1.2,13,-11.8
2023,QB,RB,QB_vs_RB,Marcus Mariota,Keaontay Ingram,2307,8221,229,369,-140,1.2,10,-8.8
2023,QB,RB,QB_vs_RB,Marcus Mariota,Chase Edmonds,2307,5000,229,331,-102,1.2,23.3,-22.1
2023,QB,RB,QB_vs_RB,Marcus Mariota,Chris Evans,2307,7794,229,317,-88,1.2,1.1,0.1
2023,QB,RB,QB_vs_RB,Marcus Mariota,Michael Carter,2307,7607,229,313,-84,1.2,32.9,-31.7
2023,QB,RB,QB_vs_RB,Marcus Mariota,Pierre Strong Jr.,2307,8116,229,309,-80,1.2,31.3,-30.1
2023,QB,RB,QB_vs_RB,Marcus Mariota,Zach Evans,2307,9222,229,278,-49,1.2,1.6,-0.4
2023,QB,RB,QB_vs_RB,Marcus Mariota,Trayveon Williams,2307,6144,229,267,-38,1.2,8.1,-6.9
2023,QB,RB,QB_vs_RB,Marcus Mariota,DeeJay Dallas,2307,6931,229,245,-16,1.2,2.2,-1
2023,QB,RB,QB_vs_RB,Marcus Mariota,Jaleel McLaughlin,2307,11439,229,239,-10,1.2,74.4,-73.2
2023,QB,RB,QB_vs_RB,Marcus Mariota,Salvon Ahmed,2307,6918,229,218,11,1.2,26.9,-25.7
2023,QB,RB,QB_vs_RB,Drew Lock,Joshua Kelley,5854,7045,225,425,-200,29.1,53.6,-24.5
2023,QB,RB,QB_vs_RB,Drew Lock,Cordarrelle Patterson,5854,1535,225,389,-164,29.1,25.9,3.2
2023,QB,RB,QB_vs_RB,Drew Lock,Isaiah Spiller,5854,8153,225,380,-155,29.1,13,16.1
2023,QB,RB,QB_vs_RB,Drew Lock,Keaontay Ingram,5854,8221,225,369,-144,29.1,10,19.1
2023,QB,RB,QB_vs_RB,Drew Lock,Chase Edmonds,5854,5000,225,331,-106,29.1,23.3,5.8
2023,QB,RB,QB_vs_RB,Drew Lock,Chris Evans,5854,7794,225,317,-92,29.1,1.1,28
2023,QB,RB,QB_vs_RB,Drew Lock,Michael Carter,5854,7607,225,313,-88,29.1,32.9,-3.8
2023,QB,RB,QB_vs_RB,Drew Lock,Pierre Strong Jr.,5854,8116,225,309,-84,29.1,31.3,-2.2
2023,QB,RB,QB_vs_RB,Drew Lock,Zach Evans,5854,9222,225,278,-53,29.1,1.6,27.5
2023,QB,RB,QB_vs_RB,Drew Lock,Trayveon Williams,5854,6144,225,267,-42,29.1,8.1,21
2023,QB,RB,QB_vs_RB,Drew Lock,DeeJay Dallas,5854,6931,225,245,-20,29.1,2.2,26.9
2023,QB,RB,QB_vs_RB,Drew Lock,Jaleel McLaughlin,5854,11439,225,239,-14,29.1,74.4,-45.3
2023,QB,RB,QB_vs_RB,Drew Lock,Salvon Ahmed,5854,6918,225,218,7,29.1,26.9,2.2
2023,QB,RB,QB_vs_RB,Jarrett Stidham,Cordarrelle Patterson,6136,1535,224,389,-165,13.6,25.9,-12.3
2023,QB,RB,QB_vs_RB,Jarrett Stidham,Isaiah Spiller,6136,8153,224,380,-156,13.6,13,0.6
2023,QB,RB,QB_vs_RB,Jarrett Stidham,Keaontay Ingram,6136,8221,224,369,-145,13.6,10,3.6
2023,QB,RB,QB_vs_RB,Jarrett Stidham,Chase Edmonds,6136,5000,224,331,-107,13.6,23.3,-9.7
2023,QB,RB,QB_vs_RB,Jarrett Stidham,Chris Evans,6136,7794,224,317,-93,13.6,1.1,12.5
2023,QB,RB,QB_vs_RB,Jarrett Stidham,Michael Carter,6136,7607,224,313,-89,13.6,32.9,-19.3
2023,QB,RB,QB_vs_RB,Jarrett Stidham,Pierre Strong Jr.,6136,8116,224,309,-85,13.6,31.3,-17.7
2023,QB,RB,QB_vs_RB,Jarrett Stidham,Zach Evans,6136,9222,224,278,-54,13.6,1.6,12
2023,QB,RB,QB_vs_RB,Jarrett Stidham,Trayveon Williams,6136,6144,224,267,-43,13.6,8.1,5.5
2023,QB,RB,QB_vs_RB,Jarrett Stidham,DeeJay Dallas,6136,6931,224,245,-21,13.6,2.2,11.4
2023,QB,RB,QB_vs_RB,Jarrett Stidham,Jaleel McLaughlin,6136,11439,224,239,-15,13.6,74.4,-60.8
2023,QB,RB,QB_vs_RB,Jarrett Stidham,Salvon Ahmed,6136,6918,224,218,6,13.6,26.9,-13.3
2023,QB,WR,QB_vs_WR,Patrick Mahomes,Justin Jefferson,4046,6794,9835,9696,139,280.2,110.2,170
2023,QB,WR,QB_vs_WR,Josh Allen,Justin Jefferson,4984,6794,9662,9696,-34,369.6,110.2,259.4
2023,QB,WR,QB_vs_WR,Jalen Hurts,Justin Jefferson,6904,6794,9509,9696,-187,356.2,110.2,246
2023,QB,WR,QB_vs_WR,Justin Herbert,Tyreek Hill,6797,3321,7674,7630,44,233.2,243.2,-10
2023,QB,WR,QB_vs_WR,Justin Fields,Tyreek Hill,7591,3321,7508,7630,-122,221.6,243.2,-21.6
2023,QB,WR,QB_vs_WR,Trevor Lawrence,Amon-Ra St. Brown,7523,7547,6554,6678,-124,246.3,191.5,54.8
2023,QB,WR,QB_vs_WR,Trevor Lawrence,Davante Adams,7523,2133,6554,6545,9,246.3,151.8,94.5
2023,QB,WR,QB_vs_WR,Dak Prescott,DeVonta Smith,3294,7525,5686,5697,-11,317.7,146.6,171.1
2023,QB,WR,QB_vs_WR,Dak Prescott,Cooper Kupp,3294,4039,5686,5510,176,317.7,105.4,212.3
2023,QB,WR,QB_vs_WR,Dak Prescott,Deebo Samuel,3294,5872,5686,5494,192,317.7,180.5,137.2
2023,QB,WR,QB_vs_WR,Tua Tagovailoa,Cooper Kupp,6768,4039,5490,5510,-20,262.7,105.4,157.3
2023,QB,WR,QB_vs_WR,Tua Tagovailoa,Deebo Samuel,6768,5872,5490,5494,-4,262.7,180.5,82.2
2023,QB,WR,QB_vs_WR,Tua Tagovailoa,Calvin Ridley,6768,4981,5490,5445,45,262.7,137.3,125.4
2023,QB,WR,QB_vs_WR,Deshaun Watson,Cooper Kupp,4017,4039,5343,5510,-167,86.8,105.4,-18.6
2023,QB,WR,QB_vs_WR,Deshaun Watson,Deebo Samuel,4017,5872,5343,5494,-151,86.8,180.5,-93.7
2023,QB,WR,QB_vs_WR,Deshaun Watson,Calvin Ridley,4017,4981,5343,5445,-102,86.8,137.3,-50.5
2023,QB,WR,QB_vs_WR,Deshaun Watson,Tee Higgins,4017,6801,5343,5217,126,86.8,95.6,-8.8
2023,QB,WR,QB_vs_WR,Kirk Cousins,Tee Higgins,1166,6801,5079,5217,-138,149.7,95.6,54.1
2023,QB,WR,QB_vs_WR,Kirk Cousins,DK Metcalf,1166,5846,5079,5113,-34,149.7,158.4,-8.7
2023,QB,WR,QB_vs_WR,Jared Goff,DK Metcalf,3163,5846,4940,5113,-173,268.3,158.4,109.9
2023,QB,WR,QB_vs_WR,Jared Goff,Amari Cooper,3163,2309,4940,4874,66,268.3,155,113.3
2023,QB,WR,QB_vs_WR,Jared Goff,Keenan Allen,3163,1479,4940,4844,96,268.3,170.9,97.4
2023,QB,WR,QB_vs_WR,Jared Goff,Mike Williams,3163,4068,4940,4802,138,268.3,31.2,237.1
2023,QB,WR,QB_vs_WR,Jared Goff,D.J. Moore,3163,4983,4940,4773,167,268.3,184.1,84.2
2023,QB,WR,QB_vs_WR,Jared Goff,Brandon Aiyuk,3163,6803,4940,4763,177,268.3,171.7,96.6
2023,QB,WR,QB_vs_WR,Daniel Jones,Amari Cooper,5870,2309,4896,4874,22,57,155,-98
2023,QB,WR,QB_vs_WR,Daniel Jones,Keenan Allen,5870,1479,4896,4844,52,57,170.9,-113.9
2023,QB,WR,QB_vs_WR,Daniel Jones,Mike Williams,5870,4068,4896,4802,94,57,31.2,25.8
2023,QB,WR,QB_vs_WR,Daniel Jones,D.J. Moore,5870,4983,4896,4773,123,57,184.1,-127.1
2023,QB,WR,QB_vs_WR,Daniel Jones,Brandon Aiyuk,5870,6803,4896,4763,133,57,171.7,-114.7
2023,QB,WR,QB_vs_WR,Anthony Richardson,Amari Cooper,9229,2309,4846,4874,-28,72.7,155,-82.3
2023,QB,WR,QB_vs_WR,Anthony Richardson,Keenan Allen,9229,1479,4846,4844,2,72.7,170.9,-98.2
2023,QB,WR,QB_vs_WR,Anthony Richardson,Mike Williams,9229,4068,4846,4802,44,72.7,31.2,41.5
2023,QB,WR,QB_vs_WR,Anthony Richardson,D.J. Moore,9229,4983,4846,4773,73,72.7,184.1,-111.4
2023,QB,WR,QB_vs_WR,Anthony Richardson,Brandon Aiyuk,9229,6803,4846,4763,83,72.7,171.7,-99
2023,QB,WR,QB_vs_WR,Anthony Richardson,DeAndre Hopkins,9229,1426,4846,4655,191,72.7,138,-65.3
2023,QB,WR,QB_vs_WR,Geno Smith,D.J. Moore,1373,4983,4592,4773,-181,205.9,184.1,21.8
2023,QB,WR,QB_vs_WR,Geno Smith,Brandon Aiyuk,1373,6803,4592,4763,-171,205.9,171.7,34.2
2023,QB,WR,QB_vs_WR,Geno Smith,DeAndre Hopkins,1373,1426,4592,4655,-63,205.9,138,67.9
2023,QB,WR,QB_vs_WR,Geno Smith,Terry McLaurin,1373,5927,4592,4605,-13,205.9,124.6,81.3
2023,QB,WR,QB_vs_WR,Geno Smith,Drake London,1373,8112,4592,4591,1,205.9,101.3,104.6
2023,QB,WR,QB_vs_WR,Geno Smith,Christian Kirk,1373,4950,4592,4444,148,205.9,93.3,112.6
2023,QB,WR,QB_vs_WR,Brock Purdy,Chris Godwin,8183,4037,4106,4250,-144,295.6,120.7,174.9
2023,QB,WR,QB_vs_WR,Brock Purdy,Christian Watson,8183,8167,4106,4246,-140,295.6,73.3,222.3
2023,QB,WR,QB_vs_WR,Brock Purdy,Mike Evans,8183,2216,4106,4089,17,295.6,201.3,94.3
2023,QB,WR,QB_vs_WR,Brock Purdy,Jerry Jeudy,8183,6783,4106,4023,83,295.6,73.9,221.7
2023,QB,WR,QB_vs_WR,Brock Purdy,Michael Pittman,8183,6819,4106,3962,144,295.6,138.8,156.8
2023,QB,WR,QB_vs_WR,Brock Purdy,Tyler Lockett,8183,2374,4106,3949,157,295.6,108.3,187.3
2023,QB,WR,QB_vs_WR,Brock Purdy,George Pickens,8183,8137,4106,3912,194,295.6,145.5,150.1
2023,QB,WR,QB_vs_WR,Matthew Stafford,Mike Evans,421,2216,3900,4089,-189,243.1,201.3,41.8
2023,QB,WR,QB_vs_WR,Matthew Stafford,Jerry Jeudy,421,6783,3900,4023,-123,243.1,73.9,169.2
2023,QB,WR,QB_vs_WR,Matthew Stafford,Michael Pittman,421,6819,3900,3962,-62,243.1,138.8,104.3
2023,QB,WR,QB_vs_WR,Matthew Stafford,Tyler Lockett,421,2374,3900,3949,-49,243.1,108.3,134.8
2023,QB,WR,QB_vs_WR,Matthew Stafford,George Pickens,421,8137,3900,3912,-12,243.1,145.5,97.6
2023,QB,WR,QB_vs_WR,Matthew Stafford,Zay Flowers,421,9997,3900,3801,99,243.1,129.4,113.7
2023,QB,WR,QB_vs_WR,Matthew Stafford,Diontae Johnson,421,5937,3900,3732,168,243.1,86.8,156.3
2023,QB,WR,QB_vs_WR,Jordan Love,Jerry Jeudy,6804,6783,3840,4023,-183,300.5,73.9,226.6
2023,QB,WR,QB_vs_WR,Jordan Love,Michael Pittman,6804,6819,3840,3962,-122,300.5,138.8,161.7
2023,QB,WR,QB_vs_WR,Jordan Love,Tyler Lockett,6804,2374,3840,3949,-109,300.5,108.3,192.2
2023,QB,WR,QB_vs_WR,Jordan Love,George Pickens,6804,8137,3840,3912,-72,300.5,145.5,155
2023,QB,WR,QB_vs_WR,Jordan Love,Zay Flowers,6804,9997,3840,3801,39,300.5,129.4,171.1
2023,QB,WR,QB_vs_WR,Jordan Love,Diontae Johnson,6804,5937,3840,3732,108,300.5,86.8,213.7
2023,QB,WR,QB_vs_WR,Kenny Pickett,Zay Flowers,8160,9997,3697,3801,-104,110.2,129.4,-19.2
2023,QB,WR,QB_vs_WR,Kenny Pickett,Diontae Johnson,8160,5937,3697,3732,-35,110.2,86.8,23.4
2023,QB,WR,QB_vs_WR,Kenny Pickett,Brandin Cooks,8160,2197,3697,3546,151,110.2,109,1.2
2023,QB,WR,QB_vs_WR,Russell Wilson,Zay Flowers,1234,9997,3662,3801,-139,256.9,129.4,127.5
2023,QB,WR,QB_vs_WR,Russell Wilson,Diontae Johnson,1234,5937,3662,3732,-70,256.9,86.8,170.1
2023,QB,WR,QB_vs_WR,Russell Wilson,Brandin Cooks,1234,2197,3662,3546,116,256.9,109,147.9
2023,QB,WR,QB_vs_WR,Russell Wilson,Jordan Addison,1234,9756,3662,3475,187,256.9,139.6,117.3
2023,QB,WR,QB_vs_WR,Derek Carr,Brandin Cooks,2028,2197,3377,3546,-169,214,109,105
2023,QB,WR,QB_vs_WR,Derek Carr,Jordan Addison,2028,9756,3377,3475,-98,214,139.6,74.4
2023,QB,WR,QB_vs_WR,Derek Carr,Jahan Dotson,2028,8119,3377,3378,-1,214,74.1,139.9
2023,QB,WR,QB_vs_WR,Derek Carr,Jaxon Smith-Njigba,2028,9488,3377,3374,3,214,85.4,128.6
2023,QB,WR,QB_vs_WR,Derek Carr,Courtland Sutton,2028,5045,3377,3252,125,214,131,83
2023,QB,WR,QB_vs_WR,Derek Carr,Marquise Brown,2028,5848,3377,3235,142,214,83.7,130.3
2023,QB,WR,QB_vs_WR,C.J. Stroud,Courtland Sutton,9758,5045,3173,3252,-79,254.5,131,123.5
2023,QB,WR,QB_vs_WR,C.J. Stroud,Marquise Brown,9758,5848,3173,3235,-62,254.5,83.7,170.8
2023,QB,WR,QB_vs_WR,C.J. Stroud,Odell Beckham,9758,2078,3173,3069,104,254.5,72.5,182
2023,QB,WR,QB_vs_WR,C.J. Stroud,Kadarius Toney,9758,7606,3173,2999,174,254.5,26,228.5
2023,QB,WR,QB_vs_WR,Sam Howell,Courtland Sutton,8162,5045,3076,3252,-176,250.1,131,119.1
2023,QB,WR,QB_vs_WR,Sam Howell,Marquise Brown,8162,5848,3076,3235,-159,250.1,83.7,166.4
2023,QB,WR,QB_vs_WR,Sam Howell,Odell Beckham,8162,2078,3076,3069,7,250.1,72.5,177.6
2023,QB,WR,QB_vs_WR,Sam Howell,Kadarius Toney,8162,7606,3076,2999,77,250.1,26,224.1
2023,QB,WR,QB_vs_WR,Sam Howell,Treylon Burks,8162,8135,3076,2915,161,250.1,23.9,226.2
2023,QB,WR,QB_vs_WR,Bryce Young,Odell Beckham,9228,2078,2897,3069,-172,152.2,72.5,79.7
2023,QB,WR,QB_vs_WR,Bryce Young,Kadarius Toney,9228,7606,2897,2999,-102,152.2,26,126.2
2023,QB,WR,QB_vs_WR,Bryce Young,Treylon Burks,9228,8135,2897,2915,-18,152.2,23.9,128.3
2023,QB,WR,QB_vs_WR,Bryce Young,Elijah Moore,9228,7596,2897,2807,90,152.2,73.1,79.1
2023,QB,WR,QB_vs_WR,Bryce Young,Skyy Moore,9228,8168,2897,2742,155,152.2,32.7,119.5
2023,QB,WR,QB_vs_WR,Baker Mayfield,Treylon Burks,4892,8135,2786,2915,-129,267.9,23.9,244
2023,QB,WR,QB_vs_WR,Baker Mayfield,Elijah Moore,4892,7596,2786,2807,-21,267.9,73.1,194.8
2023,QB,WR,QB_vs_WR,Baker Mayfield,Skyy Moore,4892,8168,2786,2742,44,267.9,32.7,235.2
2023,QB,WR,QB_vs_WR,Baker Mayfield,JuJu Smith-Schuster,4892,4040,2786,2586,200,267.9,32,235.9
2023,QB,WR,QB_vs_WR,Kyler Murray,Quentin Johnston,5849,9754,2329,2482,-153,128.6,53.7,74.9
2023,QB,WR,QB_vs_WR,Kyler Murray,Rashod Bateman,5849,7571,2329,2379,-50,128.6,44.5,84.1
2023,QB,WR,QB_vs_WR,Kyler Murray,Michael Thomas,5849,3199,2329,2302,27,128.6,50.8,77.8
2023,QB,WR,QB_vs_WR,Kyler Murray,Nico Collins,5849,7569,2329,2254,75,128.6,154.9,-26.3
2023,QB,WR,QB_vs_WR,Kyler Murray,Jameson Williams,5849,8148,2329,2141,188,128.6,56.3,72.3
2023,QB,WR,QB_vs_WR,Ryan Tannehill,Michael Thomas,1049,3199,2152,2302,-150,67.6,50.8,16.8
2023,QB,WR,QB_vs_WR,Ryan Tannehill,Nico Collins,1049,7569,2152,2254,-102,67.6,154.9,-87.3
2023,QB,WR,QB_vs_WR,Ryan Tannehill,Jameson Williams,1049,8148,2152,2141,11,67.6,56.3,11.3
2023,QB,WR,QB_vs_WR,Ryan Tannehill,Romeo Doubs,1049,8121,2152,2099,53,67.6,115.4,-47.8
2023,QB,WR,QB_vs_WR,Jimmy Garoppolo,Jameson Williams,1837,8148,2040,2141,-101,64.1,56.3,7.8
2023,QB,WR,QB_vs_WR,Jimmy Garoppolo,Romeo Doubs,1837,8121,2040,2099,-59,64.1,115.4,-51.3
2023,QB,WR,QB_vs_WR,Jimmy Garoppolo,Rashee Rice,1837,10229,2040,1898,142,64.1,133.5,-69.4
2023,QB,WR,QB_vs_WR,Jimmy Garoppolo,Allen Lazard,1837,5185,2040,1898,142,64.1,37.1,27
2023,QB,WR,QB_vs_WR,Mac Jones,Rashee Rice,7527,10229,1879,1898,-19,106.4,133.5,-27.1
2023,QB,WR,QB_vs_WR,Mac Jones,Allen Lazard,7527,5185,1879,1898,-19,106.4,37.1,69.3
2023,QB,WR,QB_vs_WR,Mac Jones,Adam Thielen,7527,1689,1879,1779,100,106.4,126.8,-20.4
2023,QB,WR,QB_vs_WR,Desmond Ridder,Rashee Rice,8159,10229,1817,1898,-81,160.5,133.5,27
2023,QB,WR,QB_vs_WR,Desmond Ridder,Allen Lazard,8159,5185,1817,1898,-81,160.5,37.1,123.4
2023,QB,WR,QB_vs_WR,Desmond Ridder,Adam Thielen,8159,1689,1817,1779,38,160.5,126.8,33.7
2023,QB,WR,QB_vs_WR,Desmond Ridder,Jakobi Meyers,8159,5947,1817,1666,151,160.5,129,31.5
2023,QB,WR,QB_vs_WR,Sam Darnold,Jakobi Meyers,4943,5947,1555,1666,-111,5.9,129,-123.1
2023,QB,WR,QB_vs_WR,Sam Darnold,Michael Gallup,4943,5038,1555,1614,-59,5.9,53.8,-47.9
2023,QB,WR,QB_vs_WR,Sam Darnold,Darnell Mooney,4943,7090,1555,1529,26,5.9,47.9,-42
2023,QB,WR,QB_vs_WR,Sam Darnold,Marquez Valdes-Scantling,4943,5086,1555,1491,64,5.9,35.5,-29.6
2023,QB,WR,QB_vs_WR,Sam Darnold,Zay Jones,4943,4080,1555,1456,99,5.9,39.4,-33.5
2023,QB,WR,QB_vs_WR,Joshua Dobbs,Tyler Boyd,4179,3225,1226,1352,-126,200.7,77.4,123.3
2023,QB,WR,QB_vs_WR,Joshua Dobbs,Marvin Mims,4179,9494,1226,1327,-101,200.7,47,153.7
2023,QB,WR,QB_vs_WR,Joshua Dobbs,Jayden Reed,4179,10222,1226,1281,-55,200.7,142,58.7
2023,QB,WR,QB_vs_WR,Joshua Dobbs,Van Jefferson,4179,6853,1226,1177,49,200.7,20,180.7
2023,QB,WR,QB_vs_WR,Joshua Dobbs,K.J. Osborn,4179,7066,1226,1108,118,200.7,71.1,129.6
2023,QB,WR,QB_vs_WR,Will Levis,Marvin Mims,9999,9494,1132,1327,-195,102,47,55
2023,QB,WR,QB_vs_WR,Will Levis,Jayden Reed,9999,10222,1132,1281,-149,102,142,-40
2023,QB,WR,QB_vs_WR,Will Levis,Van Jefferson,9999,6853,1132,1177,-45,102,20,82
2023,QB,WR,QB_vs_WR,Will Levis,K.J. Osborn,9999,7066,1132,1108,24,102,71.1,30.9
2023,QB,WR,QB_vs_WR,Will Levis,Puka Nacua,9999,9493,1132,1011,121,102,183.4,-81.4
2023,QB,WR,QB_vs_WR,Will Levis,Jonathan Mingo,9999,10225,1132,1006,126,102,41.8,60.2
2023,QB,WR,QB_vs_WR,Aidan O'Connell,Van Jefferson,10866,6853,1049,1177,-128,108,20,88
2023,QB,WR,QB_vs_WR,Aidan O'Connell,K.J. Osborn,10866,7066,1049,1108,-59,108,71.1,36.9
2023,QB,WR,QB_vs_WR,Aidan O'Connell,Puka Nacua,10866,9493,1049,1011,38,108,183.4,-75.4
2023,QB,WR,QB_vs_WR,Aidan O'Connell,Jonathan Mingo,10866,10225,1049,1006,43,108,41.8,66.2
2023,QB,WR,QB_vs_WR,Aidan O'Connell,Alec Pierce,10866,8142,1049,915,134,108,63.4,44.6
2023,QB,WR,QB_vs_WR,Aidan O'Connell,Jauan Jennings,10866,7049,1049,909,140,108,32.5,75.5
2023,QB,WR,QB_vs_WR,Aidan O'Connell,Mecole Hardman,10866,5917,1049,860,189,108,3,105
2023,QB,WR,QB_vs_WR,Aidan O'Connell,Donovan Peoples-Jones,10866,6824,1049,858,191,108,13,95
2023,QB,WR,QB_vs_WR,Dorian Thompson-Robinson,Van Jefferson,10862,6853,995,1177,-182,22.1,20,2.1
2023,QB,WR,QB_vs_WR,Dorian Thompson-Robinson,K.J. Osborn,10862,7066,995,1108,-113,22.1,71.1,-49
2023,QB,WR,QB_vs_WR,Dorian Thompson-Robinson,Puka Nacua,10862,9493,995,1011,-16,22.1,183.4,-161.3
2023,QB,WR,QB_vs_WR,Dorian Thompson-Robinson,Jonathan Mingo,10862,10225,995,1006,-11,22.1,41.8,-19.7
2023,QB,WR,QB_vs_WR,Dorian Thompson-Robinson,Alec Pierce,10862,8142,995,915,80,22.1,63.4,-41.3
2023,QB,WR,QB_vs_WR,Dorian Thompson-Robinson,Jauan Jennings,10862,7049,995,909,86,22.1,32.5,-10.4
2023,QB,WR,QB_vs_WR,Dorian Thompson-Robinson,Mecole Hardman,10862,5917,995,860,135,22.1,3,19.1
2023,QB,WR,QB_vs_WR,Dorian Thompson-Robinson,Donovan Peoples-Jones,10862,6824,995,858,137,22.1,13,9.1
2023,QB,WR,QB_vs_WR,Dorian Thompson-Robinson,Jalin Hyatt,10862,9497,995,816,179,22.1,36.8,-14.7
2023,QB,WR,QB_vs_WR,Mike White,K.J. Osborn,5089,7066,963,1108,-145,2.1,71.1,-69
2023,QB,WR,QB_vs_WR,Mike White,Puka Nacua,5089,9493,963,1011,-48,2.1,183.4,-181.3
2023,QB,WR,QB_vs_WR,Mike White,Jonathan Mingo,5089,10225,963,1006,-43,2.1,41.8,-39.7
2023,QB,WR,QB_vs_WR,Mike White,Alec Pierce,5089,8142,963,915,48,2.1,63.4,-61.3
2023,QB,WR,QB_vs_WR,Mike White,Jauan Jennings,5089,7049,963,909,54,2.1,32.5,-30.4
2023,QB,WR,QB_vs_WR,Mike White,Mecole Hardman,5089,5917,963,860,103,2.1,3,-0.9
2023,QB,WR,QB_vs_WR,Mike White,Donovan Peoples-Jones,5089,6824,963,858,105,2.1,13,-10.9
2023,QB,WR,QB_vs_WR,Mike White,Jalin Hyatt,5089,9497,963,816,147,2.1,36.8,-34.7
2023,QB,WR,QB_vs_WR,Mike White,Khalil Shakir,5089,8134,963,785,178,2.1,63.6,-61.5
2023,QB,WR,QB_vs_WR,Malik Willis,Puka Nacua,8161,9493,838,1011,-173,3.1,183.4,-180.3
2023,QB,WR,QB_vs_WR,Malik Willis,Jonathan Mingo,8161,10225,838,1006,-168,3.1,41.8,-38.7
2023,QB,WR,QB_vs_WR,Malik Willis,Alec Pierce,8161,8142,838,915,-77,3.1,63.4,-60.3
2023,QB,WR,QB_vs_WR,Malik Willis,Jauan Jennings,8161,7049,838,909,-71,3.1,32.5,-29.4
2023,QB,WR,QB_vs_WR,Malik Willis,Mecole Hardman,8161,5917,838,860,-22,3.1,3,0.1
2023,QB,WR,QB_vs_WR,Malik Willis,Donovan Peoples-Jones,8161,6824,838,858,-20,3.1,13,-9.9
2023,QB,WR,QB_vs_WR,Malik Willis,Jalin Hyatt,8161,9497,838,816,22,3.1,36.8,-33.7
2023,QB,WR,QB_vs_WR,Malik Willis,Khalil Shakir,8161,8134,838,785,53,3.1,63.6,-60.5
2023,QB,WR,QB_vs_WR,Malik Willis,Richie James,8161,5137,838,743,95,3.1,7.9,-4.8
2023,QB,WR,QB_vs_WR,Malik Willis,Rashid Shaheed,8161,8676,838,698,140,3.1,97.1,-94
2023,QB,WR,QB_vs_WR,Malik Willis,Curtis Samuel,8161,4082,838,690,148,3.1,92.2,-89.1
2023,QB,WR,QB_vs_WR,Clayton Tune,Alec Pierce,10217,8142,740,915,-175,7.4,63.4,-56
2023,QB,WR,QB_vs_WR,Clayton Tune,Jauan Jennings,10217,7049,740,909,-169,7.4,32.5,-25.1
2023,QB,WR,QB_vs_WR,Clayton Tune,Mecole Hardman,10217,5917,740,860,-120,7.4,3,4.4
2023,QB,WR,QB_vs_WR,Clayton Tune,Donovan Peoples-Jones,10217,6824,740,858,-118,7.4,13,-5.6
2023,QB,WR,QB_vs_WR,Clayton Tune,Jalin Hyatt,10217,9497,740,816,-76,7.4,36.8,-29.4
2023,QB,WR,QB_vs_WR,Clayton Tune,Khalil Shakir,10217,8134,740,785,-45,7.4,63.6,-56.2
2023,QB,WR,QB_vs_WR,Clayton Tune,Richie James,10217,5137,740,743,-3,7.4,7.9,-0.5
2023,QB,WR,QB_vs_WR,Clayton Tune,Rashid Shaheed,10217,8676,740,698,42,7.4,97.1,-89.7
2023,QB,WR,QB_vs_WR,Clayton Tune,Curtis Samuel,10217,4082,740,690,50,7.4,92.2,-84.8
2023,QB,WR,QB_vs_WR,Clayton Tune,Parris Campbell,10217,5880,740,635,105,7.4,10.4,-3
2023,QB,WR,QB_vs_WR,Clayton Tune,D.J. Chark,10217,4951,740,611,129,7.4,77.9,-70.5
2023,QB,WR,QB_vs_WR,Clayton Tune,Isaiah Hodgins,10217,6920,740,584,156,7.4,35.4,-28
2023,QB,WR,QB_vs_WR,Bailey Zappe,Rashid Shaheed,8157,8676,513,698,-185,68.4,97.1,-28.7
2023,QB,WR,QB_vs_WR,Bailey Zappe,Curtis Samuel,8157,4082,513,690,-177,68.4,92.2,-23.8
2023,QB,WR,QB_vs_WR,Bailey Zappe,Parris Campbell,8157,5880,513,635,-122,68.4,10.4,58
2023,QB,WR,QB_vs_WR,Bailey Zappe,D.J. Chark,8157,4951,513,611,-98,68.4,77.9,-9.5
2023,QB,WR,QB_vs_WR,Bailey Zappe,Isaiah Hodgins,8157,6920,513,584,-71,68.4,35.4,33
2023,QB,WR,QB_vs_WR,Bailey Zappe,Josh Reynolds,8157,4171,513,525,-12,68.4,84.4,-16
2023,QB,WR,QB_vs_WR,Bailey Zappe,Hunter Renfrow,8157,5955,513,509,4,68.4,23.5,44.9
2023,QB,WR,QB_vs_WR,Bailey Zappe,Cedrick Wilson,8157,5113,513,500,13,68.4,45.2,23.2
2023,QB,WR,QB_vs_WR,Bailey Zappe,Tank Dell,8157,9502,513,485,28,68.4,118,-49.6
2023,QB,WR,QB_vs_WR,Bailey Zappe,Darius Slayton,8157,6149,513,455,58,68.4,88.8,-20.4
2023,QB,WR,QB_vs_WR,Bailey Zappe,Dontayvion Wicks,8157,9486,513,453,60,68.4,62.7,5.7
2023,QB,WR,QB_vs_WR,Bailey Zappe,DeVante Parker,8157,2319,513,449,64,68.4,38.8,29.6
2023,QB,WR,QB_vs_WR,Bailey Zappe,Chase Claypool,8157,6886,513,441,72,68.4,13.4,55
2023,QB,WR,QB_vs_WR,Bailey Zappe,Michael Wilson,8157,10232,513,395,118,68.4,67,1.4
2023,QB,WR,QB_vs_WR,Bailey Zappe,Jalen Tolbert,8157,8117,513,394,119,68.4,30,38.4
2023,QB,WR,QB_vs_WR,Bailey Zappe,Quez Watkins,8157,6927,513,376,137,68.4,4.9,63.5
2023,QB,WR,QB_vs_WR,Bailey Zappe,Demarcus Robinson,8157,3286,513,368,145,68.4,61.4,7
2023,QB,WR,QB_vs_WR,Bailey Zappe,Justyn Ross,8157,8140,513,362,151,68.4,3.6,64.8
2023,QB,WR,QB_vs_WR,Bailey Zappe,Nelson Agholor,8157,2325,513,323,190,68.4,58.2,10.2
2023,QB,WR,QB_vs_WR,Bailey Zappe,Wan'Dale Robinson,8157,8126,513,321,192,68.4,64.7,3.7
2023,QB,WR,QB_vs_WR,Jacoby Brissett,Parris Campbell,3257,5880,464,635,-171,22.9,10.4,12.5
2023,QB,WR,QB_vs_WR,Jacoby Brissett,D.J. Chark,3257,4951,464,611,-147,22.9,77.9,-55
2023,QB,WR,QB_vs_WR,Jacoby Brissett,Isaiah Hodgins,3257,6920,464,584,-120,22.9,35.4,-12.5
2023,QB,WR,QB_vs_WR,Jacoby Brissett,Josh Reynolds,3257,4171,464,525,-61,22.9,84.4,-61.5
2023,QB,WR,QB_vs_WR,Jacoby Brissett,Hunter Renfrow,3257,5955,464,509,-45,22.9,23.5,-0.6
2023,QB,WR,QB_vs_WR,Jacoby Brissett,Cedrick Wilson,3257,5113,464,500,-36,22.9,45.2,-22.3
2023,QB,WR,QB_vs_WR,Jacoby Brissett,Tank Dell,3257,9502,464,485,-21,22.9,118,-95.1
2023,QB,WR,QB_vs_WR,Jacoby Brissett,Darius Slayton,3257,6149,464,455,9,22.9,88.8,-65.9
2023,QB,WR,QB_vs_WR,Jacoby Brissett,Dontayvion Wicks,3257,9486,464,453,11,22.9,62.7,-39.8
2023,QB,WR,QB_vs_WR,Jacoby Brissett,DeVante Parker,3257,2319,464,449,15,22.9,38.8,-15.9
2023,QB,WR,QB_vs_WR,Jacoby Brissett,Chase Claypool,3257,6886,464,441,23,22.9,13.4,9.5
2023,QB,WR,QB_vs_WR,Jacoby Brissett,Michael Wilson,3257,10232,464,395,69,22.9,67,-44.1
2023,QB,WR,QB_vs_WR,Jacoby Brissett,Jalen Tolbert,3257,8117,464,394,70,22.9,30,-7.1
2023,QB,WR,QB_vs_WR,Jacoby Brissett,Quez Watkins,3257,6927,464,376,88,22.9,4.9,18
2023,QB,WR,QB_vs_WR,Jacoby Brissett,Demarcus Robinson,3257,3286,464,368,96,22.9,61.4,-38.5
2023,QB,WR,QB_vs_WR,Jacoby Brissett,Justyn Ross,3257,8140,464,362,102,22.9,3.6,19.3
2023,QB,WR,QB_vs_WR,Jacoby Brissett,Nelson Agholor,3257,2325,464,323,141,22.9,58.2,-35.3
2023,QB,WR,QB_vs_WR,Jacoby Brissett,Wan'Dale Robinson,3257,8126,464,321,143,22.9,64.7,-41.8
2023,QB,WR,QB_vs_WR,Jacoby Brissett,Josh Downs,3257,9500,464,311,153,22.9,84.3,-61.4
2023,QB,WR,QB_vs_WR,Jacoby Brissett,John Metchie,3257,8147,464,291,173,22.9,15.7,7.2
2023,QB,WR,QB_vs_WR,Jacoby Brissett,Cedric Tillman,3257,10444,464,282,182,22.9,18.9,4
2023,QB,WR,QB_vs_WR,Jacoby Brissett,Terrace Marshall,3257,7565,464,282,182,22.9,13.4,9.5
2023,QB,WR,QB_vs_WR,Jacoby Brissett,Trey Palmer,3257,9492,464,272,192,22.9,55.7,-32.8
2023,QB,WR,QB_vs_WR,Davis Mills,Parris Campbell,7585,5880,435,635,-200,17.8,10.4,7.4
2023,QB,WR,QB_vs_WR,Davis Mills,D.J. Chark,7585,4951,435,611,-176,17.8,77.9,-60.1
2023,QB,WR,QB_vs_WR,Davis Mills,Isaiah Hodgins,7585,6920,435,584,-149,17.8,35.4,-17.6
2023,QB,WR,QB_vs_WR,Davis Mills,Josh Reynolds,7585,4171,435,525,-90,17.8,84.4,-66.6
2023,QB,WR,QB_vs_WR,Davis Mills,Hunter Renfrow,7585,5955,435,509,-74,17.8,23.5,-5.7
2023,QB,WR,QB_vs_WR,Davis Mills,Cedrick Wilson,7585,5113,435,500,-65,17.8,45.2,-27.4
2023,QB,WR,QB_vs_WR,Davis Mills,Tank Dell,7585,9502,435,485,-50,17.8,118,-100.2
2023,QB,WR,QB_vs_WR,Davis Mills,Darius Slayton,7585,6149,435,455,-20,17.8,88.8,-71
2023,QB,WR,QB_vs_WR,Davis Mills,Dontayvion Wicks,7585,9486,435,453,-18,17.8,62.7,-44.9
2023,QB,WR,QB_vs_WR,Davis Mills,DeVante Parker,7585,2319,435,449,-14,17.8,38.8,-21
2023,QB,WR,QB_vs_WR,Davis Mills,Chase Claypool,7585,6886,435,441,-6,17.8,13.4,4.4
2023,QB,WR,QB_vs_WR,Davis Mills,Michael Wilson,7585,10232,435,395,40,17.8,67,-49.2
2023,QB,WR,QB_vs_WR,Davis Mills,Jalen Tolbert,7585,8117,435,394,41,17.8,30,-12.2
2023,QB,WR,QB_vs_WR,Davis Mills,Quez Watkins,7585,6927,435,376,59,17.8,4.9,12.9
2023,QB,WR,QB_vs_WR,Davis Mills,Demarcus Robinson,7585,3286,435,368,67,17.8,61.4,-43.6
2023,QB,WR,QB_vs_WR,Davis Mills,Justyn Ross,7585,8140,435,362,73,17.8,3.6,14.2
2023,QB,WR,QB_vs_WR,Davis Mills,Nelson Agholor,7585,2325,435,323,112,17.8,58.2,-40.4
2023,QB,WR,QB_vs_WR,Davis Mills,Wan'Dale Robinson,7585,8126,435,321,114,17.8,64.7,-46.9
2023,QB,WR,QB_vs_WR,Davis Mills,Josh Downs,7585,9500,435,311,124,17.8,84.3,-66.5
2023,QB,WR,QB_vs_WR,Davis Mills,John Metchie,7585,8147,435,291,144,17.8,15.7,2.1
2023,QB,WR,QB_vs_WR,Davis Mills,Cedric Tillman,7585,10444,435,282,153,17.8,18.9,-1.1
2023,QB,WR,QB_vs_WR,Davis Mills,Terrace Marshall,7585,7565,435,282,153,17.8,13.4,4.4
2023,QB,WR,QB_vs_WR,Davis Mills,Trey Palmer,7585,9492,435,272,163,17.8,55.7,-37.9
2023,QB,WR,QB_vs_WR,Davis Mills,Robert Woods,7585,1352,435,262,173,17.8,49.3,-31.5
2023,QB,WR,QB_vs_WR,Davis Mills,Calvin Austin III,7585,8125,435,260,175,17.8,34.9,-17.1
2023,QB,WR,QB_vs_WR,Davis Mills,Kendrick Bourne,7585,4454,435,246,189,17.8,63,-45.2
2023,QB,WR,QB_vs_WR,Davis Mills,Tyquan Thornton,7585,8188,435,240,195,17.8,14.2,3.6
2023,QB,WR,QB_vs_WR,Zach Wilson,Isaiah Hodgins,7538,6920,409,584,-175,119.9,35.4,84.5
2023,QB,WR,QB_vs_WR,Zach Wilson,Josh Reynolds,7538,4171,409,525,-116,119.9,84.4,35.5
2023,QB,WR,QB_vs_WR,Zach Wilson,Hunter Renfrow,7538,5955,409,509,-100,119.9,23.5,96.4
2023,QB,WR,QB_vs_WR,Zach Wilson,Cedrick Wilson,7538,5113,409,500,-91,119.9,45.2,74.7
2023,QB,WR,QB_vs_WR,Zach Wilson,Tank Dell,7538,9502,409,485,-76,119.9,118,1.9
2023,QB,WR,QB_vs_WR,Zach Wilson,Darius Slayton,7538,6149,409,455,-46,119.9,88.8,31.1
2023,QB,WR,QB_vs_WR,Zach Wilson,Dontayvion Wicks,7538,9486,409,453,-44,119.9,62.7,57.2
2023,QB,WR,QB_vs_WR,Zach Wilson,DeVante Parker,7538,2319,409,449,-40,119.9,38.8,81.1
2023,QB,WR,QB_vs_WR,Zach Wilson,Chase Claypool,7538,6886,409,441,-32,119.9,13.4,106.5
2023,QB,WR,QB_vs_WR,Zach Wilson,Michael Wilson,7538,10232,409,395,14,119.9,67,52.9
2023,QB,WR,QB_vs_WR,Zach Wilson,Jalen Tolbert,7538,8117,409,394,15,119.9,30,89.9
2023,QB,WR,QB_vs_WR,Zach Wilson,Quez Watkins,7538,6927,409,376,33,119.9,4.9,115
2023,QB,WR,QB_vs_WR,Zach Wilson,Demarcus Robinson,7538,3286,409,368,41,119.9,61.4,58.5
2023,QB,WR,QB_vs_WR,Zach Wilson,Justyn Ross,7538,8140,409,362,47,119.9,3.6,116.3
2023,QB,WR,QB_vs_WR,Zach Wilson,Nelson Agholor,7538,2325,409,323,86,119.9,58.2,61.7
2023,QB,WR,QB_vs_WR,Zach Wilson,Wan'Dale Robinson,7538,8126,409,321,88,119.9,64.7,55.2
2023,QB,WR,QB_vs_WR,Zach Wilson,Josh Downs,7538,9500,409,311,98,119.9,84.3,35.6
2023,QB,WR,QB_vs_WR,Zach Wilson,John Metchie,7538,8147,409,291,118,119.9,15.7,104.2
2023,QB,WR,QB_vs_WR,Zach Wilson,Cedric Tillman,7538,10444,409,282,127,119.9,18.9,101
2023,QB,WR,QB_vs_WR,Zach Wilson,Terrace Marshall,7538,7565,409,282,127,119.9,13.4,106.5
2023,QB,WR,QB_vs_WR,Zach Wilson,Trey Palmer,7538,9492,409,272,137,119.9,55.7,64.2
2023,QB,WR,QB_vs_WR,Zach Wilson,Robert Woods,7538,1352,409,262,147,119.9,49.3,70.6
2023,QB,WR,QB_vs_WR,Zach Wilson,Calvin Austin III,7538,8125,409,260,149,119.9,34.9,85
2023,QB,WR,QB_vs_WR,Zach Wilson,Kendrick Bourne,7538,4454,409,246,163,119.9,63,56.9
2023,QB,WR,QB_vs_WR,Zach Wilson,Tyquan Thornton,7538,8188,409,240,169,119.9,14.2,105.7
2023,QB,WR,QB_vs_WR,Zach Wilson,Deonte Harty,7538,6234,409,227,182,119.9,17.8,102.1
2023,QB,WR,QB_vs_WR,Zach Wilson,Tutu Atwell,7538,7562,409,226,183,119.9,71.1,48.8
2023,QB,WR,QB_vs_WR,Gardner Minshew,Josh Reynolds,6011,4171,335,525,-190,187.7,84.4,103.3
2023,QB,WR,QB_vs_WR,Gardner Minshew,Hunter Renfrow,6011,5955,335,509,-174,187.7,23.5,164.2
2023,QB,WR,QB_vs_WR,Gardner Minshew,Cedrick Wilson,6011,5113,335,500,-165,187.7,45.2,142.5
2023,QB,WR,QB_vs_WR,Gardner Minshew,Tank Dell,6011,9502,335,485,-150,187.7,118,69.7
2023,QB,WR,QB_vs_WR,Gardner Minshew,Darius Slayton,6011,6149,335,455,-120,187.7,88.8,98.9
2023,QB,WR,QB_vs_WR,Gardner Minshew,Dontayvion Wicks,6011,9486,335,453,-118,187.7,62.7,125
2023,QB,WR,QB_vs_WR,Gardner Minshew,DeVante Parker,6011,2319,335,449,-114,187.7,38.8,148.9
2023,QB,WR,QB_vs_WR,Gardner Minshew,Chase Claypool,6011,6886,335,441,-106,187.7,13.4,174.3
2023,QB,WR,QB_vs_WR,Gardner Minshew,Michael Wilson,6011,10232,335,395,-60,187.7,67,120.7
2023,QB,WR,QB_vs_WR,Gardner Minshew,Jalen Tolbert,6011,8117,335,394,-59,187.7,30,157.7
2023,QB,WR,QB_vs_WR,Gardner Minshew,Quez Watkins,6011,6927,335,376,-41,187.7,4.9,182.8
2023,QB,WR,QB_vs_WR,Gardner Minshew,Demarcus Robinson,6011,3286,335,368,-33,187.7,61.4,126.3
2023,QB,WR,QB_vs_WR,Gardner Minshew,Justyn Ross,6011,8140,335,362,-27,187.7,3.6,184.1
2023,QB,WR,QB_vs_WR,Gardner Minshew,Nelson Agholor,6011,2325,335,323,12,187.7,58.2,129.5
2023,QB,WR,QB_vs_WR,Gardner Minshew,Wan'Dale Robinson,6011,8126,335,321,14,187.7,64.7,123
2023,QB,WR,QB_vs_WR,Gardner Minshew,Josh Downs,6011,9500,335,311,24,187.7,84.3,103.4
2023,QB,WR,QB_vs_WR,Gardner Minshew,John Metchie,6011,8147,335,291,44,187.7,15.7,172
2023,QB,WR,QB_vs_WR,Gardner Minshew,Cedric Tillman,6011,10444,335,282,53,187.7,18.9,168.8
2023,QB,WR,QB_vs_WR,Gardner Minshew,Terrace Marshall,6011,7565,335,282,53,187.7,13.4,174.3
2023,QB,WR,QB_vs_WR,Gardner Minshew,Trey Palmer,6011,9492,335,272,63,187.7,55.7,132
2023,QB,WR,QB_vs_WR,Gardner Minshew,Robert Woods,6011,1352,335,262,73,187.7,49.3,138.4
2023,QB,WR,QB_vs_WR,Gardner Minshew,Calvin Austin III,6011,8125,335,260,75,187.7,34.9,152.8
2023,QB,WR,QB_vs_WR,Gardner Minshew,Kendrick Bourne,6011,4454,335,246,89,187.7,63,124.7
2023,QB,WR,QB_vs_WR,Gardner Minshew,Tyquan Thornton,6011,8188,335,240,95,187.7,14.2,173.5
2023,QB,WR,QB_vs_WR,Gardner Minshew,Deonte Harty,6011,6234,335,227,108,187.7,17.8,169.9
2023,QB,WR,QB_vs_WR,Gardner Minshew,Tutu Atwell,6011,7562,335,226,109,187.7,71.1,116.6
2023,QB,WR,QB_vs_WR,Gardner Minshew,A.T. Perry,6011,10863,335,206,129,187.7,31.3,156.4
2023,QB,WR,QB_vs_WR,Jameis Winston,Hunter Renfrow,2306,5955,324,509,-185,12,23.5,-11.5
2023,QB,WR,QB_vs_WR,Jameis Winston,Cedrick Wilson,2306,5113,324,500,-176,12,45.2,-33.2
2023,QB,WR,QB_vs_WR,Jameis Winston,Tank Dell,2306,9502,324,485,-161,12,118,-106
2023,QB,WR,QB_vs_WR,Jameis Winston,Darius Slayton,2306,6149,324,455,-131,12,88.8,-76.8
2023,QB,WR,QB_vs_WR,Jameis Winston,Dontayvion Wicks,2306,9486,324,453,-129,12,62.7,-50.7
2023,QB,WR,QB_vs_WR,Jameis Winston,DeVante Parker,2306,2319,324,449,-125,12,38.8,-26.8
2023,QB,WR,QB_vs_WR,Jameis Winston,Chase Claypool,2306,6886,324,441,-117,12,13.4,-1.4
2023,QB,WR,QB_vs_WR,Jameis Winston,Michael Wilson,2306,10232,324,395,-71,12,67,-55
2023,QB,WR,QB_vs_WR,Jameis Winston,Jalen Tolbert,2306,8117,324,394,-70,12,30,-18
2023,QB,WR,QB_vs_WR,Jameis Winston,Quez Watkins,2306,6927,324,376,-52,12,4.9,7.1
2023,QB,WR,QB_vs_WR,Jameis Winston,Demarcus Robinson,2306,3286,324,368,-44,12,61.4,-49.4
2023,QB,WR,QB_vs_WR,Jameis Winston,Justyn Ross,2306,8140,324,362,-38,12,3.6,8.4
2023,QB,WR,QB_vs_WR,Jameis Winston,Nelson Agholor,2306,2325,324,323,1,12,58.2,-46.2
2023,QB,WR,QB_vs_WR,Jameis Winston,Wan'Dale Robinson,2306,8126,324,321,3,12,64.7,-52.7
2023,QB,WR,QB_vs_WR,Jameis Winston,Josh Downs,2306,9500,324,311,13,12,84.3,-72.3
2023,QB,WR,QB_vs_WR,Jameis Winston,John Metchie,2306,8147,324,291,33,12,15.7,-3.7
2023,QB,WR,QB_vs_WR,Jameis Winston,Cedric Tillman,2306,10444,324,282,42,12,18.9,-6.9
2023,QB,WR,QB_vs_WR,Jameis Winston,Terrace Marshall,2306,7565,324,282,42,12,13.4,-1.4
2023,QB,WR,QB_vs_WR,Jameis Winston,Trey Palmer,2306,9492,324,272,52,12,55.7,-43.7
2023,QB,WR,QB_vs_WR,Jameis Winston,Robert Woods,2306,1352,324,262,62,12,49.3,-37.3
2023,QB,WR,QB_vs_WR,Jameis Winston,Calvin Austin III,2306,8125,324,260,64,12,34.9,-22.9
2023,QB,WR,QB_vs_WR,Jameis Winston,Kendrick Bourne,2306,4454,324,246,78,12,63,-51
2023,QB,WR,QB_vs_WR,Jameis Winston,Tyquan Thornton,2306,8188,324,240,84,12,14.2,-2.2
2023,QB,WR,QB_vs_WR,Jameis Winston,Deonte Harty,2306,6234,324,227,97,12,17.8,-5.8
2023,QB,WR,QB_vs_WR,Jameis Winston,Tutu Atwell,2306,7562,324,226,98,12,71.1,-59.1
2023,QB,WR,QB_vs_WR,Jameis Winston,A.T. Perry,2306,10863,324,206,118,12,31.3,-19.3
2023,QB,WR,QB_vs_WR,Tyler Huntley,Cedrick Wilson,7083,5113,308,500,-192,11.8,45.2,-33.4
2023,QB,WR,QB_vs_WR,Tyler Huntley,Tank Dell,7083,9502,308,485,-177,11.8,118,-106.2
2023,QB,WR,QB_vs_WR,Tyler Huntley,Darius Slayton,7083,6149,308,455,-147,11.8,88.8,-77
2023,QB,WR,QB_vs_WR,Tyler Huntley,Dontayvion Wicks,7083,9486,308,453,-145,11.8,62.7,-50.9
2023,QB,WR,QB_vs_WR,Tyler Huntley,DeVante Parker,7083,2319,308,449,-141,11.8,38.8,-27
2023,QB,WR,QB_vs_WR,Tyler Huntley,Chase Claypool,7083,6886,308,441,-133,11.8,13.4,-1.6
2023,QB,WR,QB_vs_WR,Tyler Huntley,Michael Wilson,7083,10232,308,395,-87,11.8,67,-55.2
2023,QB,WR,QB_vs_WR,Tyler Huntley,Jalen Tolbert,7083,8117,308,394,-86,11.8,30,-18.2
2023,QB,WR,QB_vs_WR,Tyler Huntley,Quez Watkins,7083,6927,308,376,-68,11.8,4.9,6.9
2023,QB,WR,QB_vs_WR,Tyler Huntley,Demarcus Robinson,7083,3286,308,368,-60,11.8,61.4,-49.6
2023,QB,WR,QB_vs_WR,Tyler Huntley,Justyn Ross,7083,8140,308,362,-54,11.8,3.6,8.2
2023,QB,WR,QB_vs_WR,Tyler Huntley,Nelson Agholor,7083,2325,308,323,-15,11.8,58.2,-46.4
2023,QB,WR,QB_vs_WR,Tyler Huntley,Wan'Dale Robinson,7083,8126,308,321,-13,11.8,64.7,-52.9
2023,QB,WR,QB_vs_WR,Tyler Huntley,Josh Downs,7083,9500,308,311,-3,11.8,84.3,-72.5
2023,QB,WR,QB_vs_WR,Tyler Huntley,John Metchie,7083,8147,308,291,17,11.8,15.7,-3.9
2023,QB,WR,QB_vs_WR,Tyler Huntley,Cedric Tillman,7083,10444,308,282,26,11.8,18.9,-7.1
2023,QB,WR,QB_vs_WR,Tyler Huntley,Terrace Marshall,7083,7565,308,282,26,11.8,13.4,-1.6
2023,QB,WR,QB_vs_WR,Tyler Huntley,Trey Palmer,7083,9492,308,272,36,11.8,55.7,-43.9
2023,QB,WR,QB_vs_WR,Tyler Huntley,Robert Woods,7083,1352,308,262,46,11.8,49.3,-37.5
2023,QB,WR,QB_vs_WR,Tyler Huntley,Calvin Austin III,7083,8125,308,260,48,11.8,34.9,-23.1
2023,QB,WR,QB_vs_WR,Tyler Huntley,Kendrick Bourne,7083,4454,308,246,62,11.8,63,-51.2
2023,QB,WR,QB_vs_WR,Tyler Huntley,Tyquan Thornton,7083,8188,308,240,68,11.8,14.2,-2.4
2023,QB,WR,QB_vs_WR,Tyler Huntley,Deonte Harty,7083,6234,308,227,81,11.8,17.8,-6
2023,QB,WR,QB_vs_WR,Tyler Huntley,Tutu Atwell,7083,7562,308,226,82,11.8,71.1,-59.3
2023,QB,WR,QB_vs_WR,Tyler Huntley,A.T. Perry,7083,10863,308,206,102,11.8,31.3,-19.5
2023,QB,WR,QB_vs_WR,Taylor Heinicke,Darius Slayton,2711,6149,270,455,-185,66,88.8,-22.8
2023,QB,WR,QB_vs_WR,Taylor Heinicke,Dontayvion Wicks,2711,9486,270,453,-183,66,62.7,3.3
2023,QB,WR,QB_vs_WR,Taylor Heinicke,DeVante Parker,2711,2319,270,449,-179,66,38.8,27.2
2023,QB,WR,QB_vs_WR,Taylor Heinicke,Chase Claypool,2711,6886,270,441,-171,66,13.4,52.6
2023,QB,WR,QB_vs_WR,Taylor Heinicke,Michael Wilson,2711,10232,270,395,-125,66,67,-1
2023,QB,WR,QB_vs_WR,Taylor Heinicke,Jalen Tolbert,2711,8117,270,394,-124,66,30,36
2023,QB,WR,QB_vs_WR,Taylor Heinicke,Quez Watkins,2711,6927,270,376,-106,66,4.9,61.1
2023,QB,WR,QB_vs_WR,Taylor Heinicke,Demarcus Robinson,2711,3286,270,368,-98,66,61.4,4.6
2023,QB,WR,QB_vs_WR,Taylor Heinicke,Justyn Ross,2711,8140,270,362,-92,66,3.6,62.4
2023,QB,WR,QB_vs_WR,Taylor Heinicke,Nelson Agholor,2711,2325,270,323,-53,66,58.2,7.8
2023,QB,WR,QB_vs_WR,Taylor Heinicke,Wan'Dale Robinson,2711,8126,270,321,-51,66,64.7,1.3
2023,QB,WR,QB_vs_WR,Taylor Heinicke,Josh Downs,2711,9500,270,311,-41,66,84.3,-18.3
2023,QB,WR,QB_vs_WR,Taylor Heinicke,John Metchie,2711,8147,270,291,-21,66,15.7,50.3
2023,QB,WR,QB_vs_WR,Taylor Heinicke,Cedric Tillman,2711,10444,270,282,-12,66,18.9,47.1
2023,QB,WR,QB_vs_WR,Taylor Heinicke,Terrace Marshall,2711,7565,270,282,-12,66,13.4,52.6
2023,QB,WR,QB_vs_WR,Taylor Heinicke,Trey Palmer,2711,9492,270,272,-2,66,55.7,10.3
2023,QB,WR,QB_vs_WR,Taylor Heinicke,Robert Woods,2711,1352,270,262,8,66,49.3,16.7
2023,QB,WR,QB_vs_WR,Taylor Heinicke,Calvin Austin III,2711,8125,270,260,10,66,34.9,31.1
2023,QB,WR,QB_vs_WR,Taylor Heinicke,Kendrick Bourne,2711,4454,270,246,24,66,63,3
2023,QB,WR,QB_vs_WR,Taylor Heinicke,Tyquan Thornton,2711,8188,270,240,30,66,14.2,51.8
2023,QB,WR,QB_vs_WR,Taylor Heinicke,Deonte Harty,2711,6234,270,227,43,66,17.8,48.2
2023,QB,WR,QB_vs_WR,Taylor Heinicke,Tutu Atwell,2711,7562,270,226,44,66,71.1,-5.1
2023,QB,WR,QB_vs_WR,Taylor Heinicke,A.T. Perry,2711,10863,270,206,64,66,31.3,34.7
2023,QB,WR,QB_vs_WR,Marcus Mariota,Michael Wilson,2307,10232,229,395,-166,1.2,67,-65.8
2023,QB,WR,QB_vs_WR,Marcus Mariota,Jalen Tolbert,2307,8117,229,394,-165,1.2,30,-28.8
2023,QB,WR,QB_vs_WR,Marcus Mariota,Quez Watkins,2307,6927,229,376,-147,1.2,4.9,-3.7
2023,QB,WR,QB_vs_WR,Marcus Mariota,Demarcus Robinson,2307,3286,229,368,-139,1.2,61.4,-60.2
2023,QB,WR,QB_vs_WR,Marcus Mariota,Justyn Ross,2307,8140,229,362,-133,1.2,3.6,-2.4
2023,QB,WR,QB_vs_WR,Marcus Mariota,Nelson Agholor,2307,2325,229,323,-94,1.2,58.2,-57
2023,QB,WR,QB_vs_WR,Marcus Mariota,Wan'Dale Robinson,2307,8126,229,321,-92,1.2,64.7,-63.5
2023,QB,WR,QB_vs_WR,Marcus Mariota,Josh Downs,2307,9500,229,311,-82,1.2,84.3,-83.1
2023,QB,WR,QB_vs_WR,Marcus Mariota,John Metchie,2307,8147,229,291,-62,1.2,15.7,-14.5
2023,QB,WR,QB_vs_WR,Marcus Mariota,Cedric Tillman,2307,10444,229,282,-53,1.2,18.9,-17.7
2023,QB,WR,QB_vs_WR,Marcus Mariota,Terrace Marshall,2307,7565,229,282,-53,1.2,13.4,-12.2
2023,QB,WR,QB_vs_WR,Marcus Mariota,Trey Palmer,2307,9492,229,272,-43,1.2,55.7,-54.5
2023,QB,WR,QB_vs_WR,Marcus Mariota,Robert Woods,2307,1352,229,262,-33,1.2,49.3,-48.1
2023,QB,WR,QB_vs_WR,Marcus Mariota,Calvin Austin III,2307,8125,229,260,-31,1.2,34.9,-33.7
2023,QB,WR,QB_vs_WR,Marcus Mariota,Kendrick Bourne,2307,4454,229,246,-17,1.2,63,-61.8
2023,QB,WR,QB_vs_WR,Marcus Mariota,Tyquan Thornton,2307,8188,229,240,-11,1.2,14.2,-13
2023,QB,WR,QB_vs_WR,Marcus Mariota,Deonte Harty,2307,6234,229,227,2,1.2,17.8,-16.6
2023,QB,WR,QB_vs_WR,Marcus Mariota,Tutu Atwell,2307,7562,229,226,3,1.2,71.1,-69.9
2023,QB,WR,QB_vs_WR,Marcus Mariota,A.T. Perry,2307,10863,229,206,23,1.2,31.3,-30.1
2023,QB,WR,QB_vs_WR,Drew Lock,Michael Wilson,5854,10232,225,395,-170,29.1,67,-37.9
2023,QB,WR,QB_vs_WR,Drew Lock,Jalen Tolbert,5854,8117,225,394,-169,29.1,30,-0.9
2023,QB,WR,QB_vs_WR,Drew Lock,Quez Watkins,5854,6927,225,376,-151,29.1,4.9,24.2
2023,QB,WR,QB_vs_WR,Drew Lock,Demarcus Robinson,5854,3286,225,368,-143,29.1,61.4,-32.3
2023,QB,WR,QB_vs_WR,Drew Lock,Justyn Ross,5854,8140,225,362,-137,29.1,3.6,25.5
2023,QB,WR,QB_vs_WR,Drew Lock,Nelson Agholor,5854,2325,225,323,-98,29.1,58.2,-29.1
2023,QB,WR,QB_vs_WR,Drew Lock,Wan'Dale Robinson,5854,8126,225,321,-96,29.1,64.7,-35.6
2023,QB,WR,QB_vs_WR,Drew Lock,Josh Downs,5854,9500,225,311,-86,29.1,84.3,-55.2
2023,QB,WR,QB_vs_WR,Drew Lock,John Metchie,5854,8147,225,291,-66,29.1,15.7,13.4
2023,QB,WR,QB_vs_WR,Drew Lock,Cedric Tillman,5854,10444,225,282,-57,29.1,18.9,10.2
2023,QB,WR,QB_vs_WR,Drew Lock,Terrace Marshall,5854,7565,225,282,-57,29.1,13.4,15.7
2023,QB,WR,QB_vs_WR,Drew Lock,Trey Palmer,5854,9492,225,272,-47,29.1,55.7,-26.6
2023,QB,WR,QB_vs_WR,Drew Lock,Robert Woods,5854,1352,225,262,-37,29.1,49.3,-20.2
2023,QB,WR,QB_vs_WR,Drew Lock,Calvin Austin III,5854,8125,225,260,-35,29.1,34.9,-5.8
2023,QB,WR,QB_vs_WR,Drew Lock,Kendrick Bourne,5854,4454,225,246,-21,29.1,63,-33.9
2023,QB,WR,QB_vs_WR,Drew Lock,Tyquan Thornton,5854,8188,225,240,-15,29.1,14.2,14.9
2023,QB,WR,QB_vs_WR,Drew Lock,Deonte Harty,5854,6234,225,227,-2,29.1,17.8,11.3
2023,QB,WR,QB_vs_WR,Drew Lock,Tutu Atwell,5854,7562,225,226,-1,29.1,71.1,-42
2023,QB,WR,QB_vs_WR,Drew Lock,A.T. Perry,5854,10863,225,206,19,29.1,31.3,-2.2
2023,QB,WR,QB_vs_WR,Jarrett Stidham,Michael Wilson,6136,10232,224,395,-171,13.6,67,-53.4
2023,QB,WR,QB_vs_WR,Jarrett Stidham,Jalen Tolbert,6136,8117,224,394,-170,13.6,30,-16.4
2023,QB,WR,QB_vs_WR,Jarrett Stidham,Quez Watkins,6136,6927,224,376,-152,13.6,4.9,8.7
2023,QB,WR,QB_vs_WR,Jarrett Stidham,Demarcus Robinson,6136,3286,224,368,-144,13.6,61.4,-47.8
2023,QB,WR,QB_vs_WR,Jarrett Stidham,Justyn Ross,6136,8140,224,362,-138,13.6,3.6,10
2023,QB,WR,QB_vs_WR,Jarrett Stidham,Nelson Agholor,6136,2325,224,323,-99,13.6,58.2,-44.6
2023,QB,WR,QB_vs_WR,Jarrett Stidham,Wan'Dale Robinson,6136,8126,224,321,-97,13.6,64.7,-51.1
2023,QB,WR,QB_vs_WR,Jarrett Stidham,Josh Downs,6136,9500,224,311,-87,13.6,84.3,-70.7
2023,QB,WR,QB_vs_WR,Jarrett Stidham,John Metchie,6136,8147,224,291,-67,13.6,15.7,-2.1
2023,QB,WR,QB_vs_WR,Jarrett Stidham,Cedric Tillman,6136,10444,224,282,-58,13.6,18.9,-5.3
2023,QB,WR,QB_vs_WR,Jarrett Stidham,Terrace Marshall,6136,7565,224,282,-58,13.6,13.4,0.2
2023,QB,WR,QB_vs_WR,Jarrett Stidham,Trey Palmer,6136,9492,224,272,-48,13.6,55.7,-42.1
2023,QB,WR,QB_vs_WR,Jarrett Stidham,Robert Woods,6136,1352,224,262,-38,13.6,49.3,-35.7
2023,QB,WR,QB_vs_WR,Jarrett Stidham,Calvin Austin III,6136,8125,224,260,-36,13.6,34.9,-21.3
2023,QB,WR,QB_vs_WR,Jarrett Stidham,Kendrick Bourne,6136,4454,224,246,-22,13.6,63,-49.4
2023,QB,WR,QB_vs_WR,Jarrett Stidham,Tyquan Thornton,6136,8188,224,240,-16,13.6,14.2,-0.6
2023,QB,WR,QB_vs_WR,Jarrett Stidham,Deonte Harty,6136,6234,224,227,-3,13.6,17.8,-4.2
2023,QB,WR,QB_vs_WR,Jarrett Stidham,Tutu Atwell,6136,7562,224,226,-2,13.6,71.1,-57.5
2023,QB,WR,QB_vs_WR,Jarrett Stidham,A.T. Perry,6136,10863,224,206,18,13.6,31.3,-17.7
2023,QB,TE,QB_vs_TE,Trevor Lawrence,Travis Kelce,7523,1466,6554,6612,-58,246.3,172.9,73.4
2023,QB,TE,QB_vs_TE,Dak Prescott,T.J. Hockenson,3294,5844,5686,5702,-16,317.7,171.5,146.2
2023,QB,TE,QB_vs_TE,Tua Tagovailoa,George Kittle,6768,4217,5490,5465,25,262.7,170.7,92
2023,QB,TE,QB_vs_TE,Deshaun Watson,George Kittle,4017,4217,5343,5465,-122,86.8,170.7,-83.9
2023,QB,TE,QB_vs_TE,Daniel Jones,Darren Waller,5870,2505,4896,4722,174,57,80.2,-23.2
2023,QB,TE,QB_vs_TE,Anthony Richardson,Darren Waller,9229,2505,4846,4722,124,72.7,80.2,-7.5
2023,QB,TE,QB_vs_TE,Geno Smith,Darren Waller,1373,2505,4592,4722,-130,205.9,80.2,125.7
2023,QB,TE,QB_vs_TE,Geno Smith,Dallas Goedert,1373,5022,4592,4436,156,205.9,105.9,100
2023,QB,TE,QB_vs_TE,Brock Purdy,Kyle Pitts,8183,7553,4106,4122,-16,295.6,107.1,188.5
2023,QB,TE,QB_vs_TE,Brock Purdy,David Njoku,8183,4033,4106,3919,187,295.6,160.7,134.9
2023,QB,TE,QB_vs_TE,Matthew Stafford,David Njoku,421,4033,3900,3919,-19,243.1,160.7,82.4
2023,QB,TE,QB_vs_TE,Matthew Stafford,Evan Engram,421,4066,3900,3896,4,243.1,154.4,88.7
2023,QB,TE,QB_vs_TE,Matthew Stafford,Pat Freiermuth,421,7600,3900,3779,121,243.1,57.7,185.4
2023,QB,TE,QB_vs_TE,Jordan Love,David Njoku,6804,4033,3840,3919,-79,300.5,160.7,139.8
2023,QB,TE,QB_vs_TE,Jordan Love,Evan Engram,6804,4066,3840,3896,-56,300.5,154.4,146.1
2023,QB,TE,QB_vs_TE,Jordan Love,Pat Freiermuth,6804,7600,3840,3779,61,300.5,57.7,242.8
2023,QB,TE,QB_vs_TE,Kenny Pickett,Evan Engram,8160,4066,3697,3896,-199,110.2,154.4,-44.2
2023,QB,TE,QB_vs_TE,Kenny Pickett,Pat Freiermuth,8160,7600,3697,3779,-82,110.2,57.7,52.5
2023,QB,TE,QB_vs_TE,Russell Wilson,Pat Freiermuth,1234,7600,3662,3779,-117,256.9,57.7,199.2
2023,QB,TE,QB_vs_TE,Derek Carr,Dalton Kincaid,2028,10236,3377,3424,-47,214,101.9,112.1
2023,QB,TE,QB_vs_TE,Derek Carr,Sam LaPorta,2028,10859,3377,3302,75,214,184.9,29.1
2023,QB,TE,QB_vs_TE,C.J. Stroud,Sam LaPorta,9758,10859,3173,3302,-129,254.5,184.9,69.6
2023,QB,TE,QB_vs_TE,C.J. Stroud,Tyler Higbee,9758,3271,3173,3009,164,254.5,85,169.5
2023,QB,TE,QB_vs_TE,C.J. Stroud,Dalton Schultz,9758,5001,3173,2977,196,254.5,114.3,140.2
2023,QB,TE,QB_vs_TE,Sam Howell,Tyler Higbee,8162,3271,3076,3009,67,250.1,85,165.1
2023,QB,TE,QB_vs_TE,Sam Howell,Dalton Schultz,8162,5001,3076,2977,99,250.1,114.3,135.8
2023,QB,TE,QB_vs_TE,Bryce Young,Tyler Higbee,9228,3271,2897,3009,-112,152.2,85,67.2
2023,QB,TE,QB_vs_TE,Bryce Young,Dalton Schultz,9228,5001,2897,2977,-80,152.2,114.3,37.9
2023,QB,TE,QB_vs_TE,Bryce Young,Jake Ferguson,9228,8110,2897,2823,74,152.2,131.7,20.5
2023,QB,TE,QB_vs_TE,Bryce Young,Dawson Knox,9228,5906,2897,2727,170,152.2,34.4,117.8
2023,QB,TE,QB_vs_TE,Bryce Young,Juwan Johnson,9228,7002,2897,2722,175,152.2,73.8,78.4
2023,QB,TE,QB_vs_TE,Baker Mayfield,Dalton Schultz,4892,5001,2786,2977,-191,267.9,114.3,153.6
2023,QB,TE,QB_vs_TE,Baker Mayfield,Jake Ferguson,4892,8110,2786,2823,-37,267.9,131.7,136.2
2023,QB,TE,QB_vs_TE,Baker Mayfield,Dawson Knox,4892,5906,2786,2727,59,267.9,34.4,233.5
2023,QB,TE,QB_vs_TE,Baker Mayfield,Juwan Johnson,4892,7002,2786,2722,64,267.9,73.8,194.1
2023,QB,TE,QB_vs_TE,Kyler Murray,Chigoziem Okonkwo,5849,8210,2329,2419,-90,128.6,81.8,46.8
2023,QB,TE,QB_vs_TE,Kyler Murray,Cole Kmet,5849,6826,2329,2400,-71,128.6,139,-10.4
2023,QB,TE,QB_vs_TE,Kyler Murray,Gerald Everett,5849,4089,2329,2182,147,128.6,84.7,43.9
2023,QB,TE,QB_vs_TE,Ryan Tannehill,Gerald Everett,1049,4089,2152,2182,-30,67.6,84.7,-17.1
2023,QB,TE,QB_vs_TE,Ryan Tannehill,Greg Dulcich,1049,8172,2152,2124,28,67.6,4,63.6
2023,QB,TE,QB_vs_TE,Ryan Tannehill,Isaiah Likely,1049,8131,2152,2076,76,67.6,76,-8.4
2023,QB,TE,QB_vs_TE,Jimmy Garoppolo,Gerald Everett,1837,4089,2040,2182,-142,64.1,84.7,-20.6
2023,QB,TE,QB_vs_TE,Jimmy Garoppolo,Greg Dulcich,1837,8172,2040,2124,-84,64.1,4,60.1
2023,QB,TE,QB_vs_TE,Jimmy Garoppolo,Isaiah Likely,1837,8131,2040,2076,-36,64.1,76,-11.9
2023,QB,TE,QB_vs_TE,Mac Jones,Isaiah Likely,7527,8131,1879,2076,-197,106.4,76,30.4
2023,QB,TE,QB_vs_TE,Mac Jones,Luke Musgrave,7527,9481,1879,1777,102,106.4,56.6,49.8
2023,QB,TE,QB_vs_TE,Mac Jones,Irv Smith,7527,6126,1879,1777,102,106.4,24.5,81.9
2023,QB,TE,QB_vs_TE,Desmond Ridder,Luke Musgrave,8159,9481,1817,1777,40,160.5,56.6,103.9
2023,QB,TE,QB_vs_TE,Desmond Ridder,Irv Smith,8159,6126,1817,1777,40,160.5,24.5,136
2023,QB,TE,QB_vs_TE,Desmond Ridder,Cade Otton,8159,8111,1817,1634,183,160.5,89,71.5
2023,QB,TE,QB_vs_TE,Sam Darnold,Cade Otton,4943,8111,1555,1634,-79,5.9,89,-83.1
2023,QB,TE,QB_vs_TE,Sam Darnold,Tyler Conklin,4943,5133,1555,1491,64,5.9,90,-84.1
2023,QB,TE,QB_vs_TE,Sam Darnold,Hunter Henry,4943,3214,1555,1459,96,5.9,98.9,-93
2023,QB,TE,QB_vs_TE,Joshua Dobbs,Taysom Hill,4179,4381,1226,1300,-74,200.7,117.1,83.6
2023,QB,TE,QB_vs_TE,Joshua Dobbs,Hayden Hurst,4179,4973,1226,1245,-19,200.7,33.4,167.3
2023,QB,TE,QB_vs_TE,Joshua Dobbs,Noah Gray,4179,7828,1226,1237,-11,200.7,56.6,144.1
2023,QB,TE,QB_vs_TE,Joshua Dobbs,Michael Mayer,4179,9482,1226,1209,17,200.7,57.9,142.8
2023,QB,TE,QB_vs_TE,Joshua Dobbs,Mike Gesicki,4179,4993,1226,1102,124,200.7,49.9,150.8
2023,QB,TE,QB_vs_TE,Joshua Dobbs,Trey McBride,4179,8130,1226,1033,193,200.7,130.1,70.6
2023,QB,TE,QB_vs_TE,Will Levis,Taysom Hill,9999,4381,1132,1300,-168,102,117.1,-15.1
2023,QB,TE,QB_vs_TE,Will Levis,Hayden Hurst,9999,4973,1132,1245,-113,102,33.4,68.6
2023,QB,TE,QB_vs_TE,Will Levis,Noah Gray,9999,7828,1132,1237,-105,102,56.6,45.4
2023,QB,TE,QB_vs_TE,Will Levis,Michael Mayer,9999,9482,1132,1209,-77,102,57.9,44.1
2023,QB,TE,QB_vs_TE,Will Levis,Mike Gesicki,9999,4993,1132,1102,30,102,49.9,52.1
2023,QB,TE,QB_vs_TE,Will Levis,Trey McBride,9999,8130,1132,1033,99,102,130.1,-28.1
2023,QB,TE,QB_vs_TE,Will Levis,Durham Smythe,9999,5008,1132,974,158,102,49.6,52.4
2023,QB,TE,QB_vs_TE,Aidan O'Connell,Hayden Hurst,10866,4973,1049,1245,-196,108,33.4,74.6
2023,QB,TE,QB_vs_TE,Aidan O'Connell,Noah Gray,10866,7828,1049,1237,-188,108,56.6,51.4
2023,QB,TE,QB_vs_TE,Aidan O'Connell,Michael Mayer,10866,9482,1049,1209,-160,108,57.9,50.1
2023,QB,TE,QB_vs_TE,Aidan O'Connell,Mike Gesicki,10866,4993,1049,1102,-53,108,49.9,58.1
2023,QB,TE,QB_vs_TE,Aidan O'Connell,Trey McBride,10866,8130,1049,1033,16,108,130.1,-22.1
2023,QB,TE,QB_vs_TE,Aidan O'Connell,Durham Smythe,10866,5008,1049,974,75,108,49.6,58.4
2023,QB,TE,QB_vs_TE,Aidan O'Connell,Noah Fant,10866,5857,1049,927,122,108,57.4,50.6
2023,QB,TE,QB_vs_TE,Aidan O'Connell,Zach Ertz,10866,1339,1049,870,179,108,38.2,69.8
2023,QB,TE,QB_vs_TE,Dorian Thompson-Robinson,Mike Gesicki,10862,4993,995,1102,-107,22.1,49.9,-27.8
2023,QB,TE,QB_vs_TE,Dorian Thompson-Robinson,Trey McBride,10862,8130,995,1033,-38,22.1,130.1,-108
2023,QB,TE,QB_vs_TE,Dorian Thompson-Robinson,Durham Smythe,10862,5008,995,974,21,22.1,49.6,-27.5
2023,QB,TE,QB_vs_TE,Dorian Thompson-Robinson,Noah Fant,10862,5857,995,927,68,22.1,57.4,-35.3
2023,QB,TE,QB_vs_TE,Dorian Thompson-Robinson,Zach Ertz,10862,1339,995,870,125,22.1,38.2,-16.1
2023,QB,TE,QB_vs_TE,Dorian Thompson-Robinson,Tucker Kraft,10862,9484,995,795,200,22.1,58.4,-36.3
2023,QB,TE,QB_vs_TE,Mike White,Mike Gesicki,5089,4993,963,1102,-139,2.1,49.9,-47.8
2023,QB,TE,QB_vs_TE,Mike White,Trey McBride,5089,8130,963,1033,-70,2.1,130.1,-128
2023,QB,TE,QB_vs_TE,Mike White,Durham Smythe,5089,5008,963,974,-11,2.1,49.6,-47.5
2023,QB,TE,QB_vs_TE,Mike White,Noah Fant,5089,5857,963,927,36,2.1,57.4,-55.3
2023,QB,TE,QB_vs_TE,Mike White,Zach Ertz,5089,1339,963,870,93,2.1,38.2,-36.1
2023,QB,TE,QB_vs_TE,Mike White,Tucker Kraft,5089,9484,963,795,168,2.1,58.4,-56.3
2023,QB,TE,QB_vs_TE,Malik Willis,Trey McBride,8161,8130,838,1033,-195,3.1,130.1,-127
2023,QB,TE,QB_vs_TE,Malik Willis,Durham Smythe,8161,5008,838,974,-136,3.1,49.6,-46.5
2023,QB,TE,QB_vs_TE,Malik Willis,Noah Fant,8161,5857,838,927,-89,3.1,57.4,-54.3
2023,QB,TE,QB_vs_TE,Malik Willis,Zach Ertz,8161,1339,838,870,-32,3.1,38.2,-35.1
2023,QB,TE,QB_vs_TE,Malik Willis,Tucker Kraft,8161,9484,838,795,43,3.1,58.4,-55.3
2023,QB,TE,QB_vs_TE,Malik Willis,Cole Turner,8161,8214,838,663,175,3.1,17.5,-14.4
2023,QB,TE,QB_vs_TE,Clayton Tune,Noah Fant,10217,5857,740,927,-187,7.4,57.4,-50
2023,QB,TE,QB_vs_TE,Clayton Tune,Zach Ertz,10217,1339,740,870,-130,7.4,38.2,-30.8
2023,QB,TE,QB_vs_TE,Clayton Tune,Tucker Kraft,10217,9484,740,795,-55,7.4,58.4,-51
2023,QB,TE,QB_vs_TE,Clayton Tune,Cole Turner,10217,8214,740,663,77,7.4,17.5,-10.1
2023,QB,TE,QB_vs_TE,Clayton Tune,Daniel Bellinger,10217,8225,740,570,170,7.4,38,-30.6
2023,QB,TE,QB_vs_TE,Clayton Tune,Kylen Granson,10217,7602,740,542,198,7.4,55.2,-47.8
2023,QB,TE,QB_vs_TE,Bailey Zappe,Cole Turner,8157,8214,513,663,-150,68.4,17.5,50.9
2023,QB,TE,QB_vs_TE,Bailey Zappe,Daniel Bellinger,8157,8225,513,570,-57,68.4,38,30.4
2023,QB,TE,QB_vs_TE,Bailey Zappe,Kylen Granson,8157,7602,513,542,-29,68.4,55.2,13.2
2023,QB,TE,QB_vs_TE,Bailey Zappe,Luke Schoonmaker,8157,10871,513,528,-15,68.4,22.5,45.9
2023,QB,TE,QB_vs_TE,Bailey Zappe,Adam Trautman,8157,6869,513,518,-5,68.4,46.8,21.6
2023,QB,TE,QB_vs_TE,Bailey Zappe,Darnell Washington,8157,9479,513,506,7,68.4,9.6,58.8
2023,QB,TE,QB_vs_TE,Bailey Zappe,Austin Hooper,8157,3202,513,343,170,68.4,30,38.4
2023,QB,TE,QB_vs_TE,Jacoby Brissett,Cole Turner,3257,8214,464,663,-199,22.9,17.5,5.4
2023,QB,TE,QB_vs_TE,Jacoby Brissett,Daniel Bellinger,3257,8225,464,570,-106,22.9,38,-15.1
2023,QB,TE,QB_vs_TE,Jacoby Brissett,Kylen Granson,3257,7602,464,542,-78,22.9,55.2,-32.3
2023,QB,TE,QB_vs_TE,Jacoby Brissett,Luke Schoonmaker,3257,10871,464,528,-64,22.9,22.5,0.4
2023,QB,TE,QB_vs_TE,Jacoby Brissett,Adam Trautman,3257,6869,464,518,-54,22.9,46.8,-23.9
2023,QB,TE,QB_vs_TE,Jacoby Brissett,Darnell Washington,3257,9479,464,506,-42,22.9,9.6,13.3
2023,QB,TE,QB_vs_TE,Jacoby Brissett,Austin Hooper,3257,3202,464,343,121,22.9,30,-7.1
2023,QB,TE,QB_vs_TE,Jacoby Brissett,Brock Wright,3257,7891,464,306,158,22.9,21.6,1.3
2023,QB,TE,QB_vs_TE,Davis Mills,Daniel Bellinger,7585,8225,435,570,-135,17.8,38,-20.2
2023,QB,TE,QB_vs_TE,Davis Mills,Kylen Granson,7585,7602,435,542,-107,17.8,55.2,-37.4
2023,QB,TE,QB_vs_TE,Davis Mills,Luke Schoonmaker,7585,10871,435,528,-93,17.8,22.5,-4.7
2023,QB,TE,QB_vs_TE,Davis Mills,Adam Trautman,7585,6869,435,518,-83,17.8,46.8,-29
2023,QB,TE,QB_vs_TE,Davis Mills,Darnell Washington,7585,9479,435,506,-71,17.8,9.6,8.2
2023,QB,TE,QB_vs_TE,Davis Mills,Austin Hooper,7585,3202,435,343,92,17.8,30,-12.2
2023,QB,TE,QB_vs_TE,Davis Mills,Brock Wright,7585,7891,435,306,129,17.8,21.6,-3.8
2023,QB,TE,QB_vs_TE,Davis Mills,Donald Parham,7585,6074,435,243,192,17.8,55.2,-37.4
2023,QB,TE,QB_vs_TE,Davis Mills,Colby Parkinson,7585,6865,435,240,195,17.8,46.9,-29.1
2023,QB,TE,QB_vs_TE,Zach Wilson,Daniel Bellinger,7538,8225,409,570,-161,119.9,38,81.9
2023,QB,TE,QB_vs_TE,Zach Wilson,Kylen Granson,7538,7602,409,542,-133,119.9,55.2,64.7
2023,QB,TE,QB_vs_TE,Zach Wilson,Luke Schoonmaker,7538,10871,409,528,-119,119.9,22.5,97.4
2023,QB,TE,QB_vs_TE,Zach Wilson,Adam Trautman,7538,6869,409,518,-109,119.9,46.8,73.1
2023,QB,TE,QB_vs_TE,Zach Wilson,Darnell Washington,7538,9479,409,506,-97,119.9,9.6,110.3
2023,QB,TE,QB_vs_TE,Zach Wilson,Austin Hooper,7538,3202,409,343,66,119.9,30,89.9
2023,QB,TE,QB_vs_TE,Zach Wilson,Brock Wright,7538,7891,409,306,103,119.9,21.6,98.3
2023,QB,TE,QB_vs_TE,Zach Wilson,Donald Parham,7538,6074,409,243,166,119.9,55.2,64.7
2023,QB,TE,QB_vs_TE,Zach Wilson,Colby Parkinson,7538,6865,409,240,169,119.9,46.9,73
2023,QB,TE,QB_vs_TE,Zach Wilson,Jonnu Smith,7538,4144,409,222,187,119.9,88.8,31.1
2023,QB,TE,QB_vs_TE,Zach Wilson,Josh Oliver,7538,5973,409,215,194,119.9,38.2,81.7
2023,QB,TE,QB_vs_TE,Zach Wilson,Peyton Hendershot,7538,8197,409,209,200,119.9,2.9,117
2023,QB,TE,QB_vs_TE,Gardner Minshew,Luke Schoonmaker,6011,10871,335,528,-193,187.7,22.5,165.2
2023,QB,TE,QB_vs_TE,Gardner Minshew,Adam Trautman,6011,6869,335,518,-183,187.7,46.8,140.9
2023,QB,TE,QB_vs_TE,Gardner Minshew,Darnell Washington,6011,9479,335,506,-171,187.7,9.6,178.1
2023,QB,TE,QB_vs_TE,Gardner Minshew,Austin Hooper,6011,3202,335,343,-8,187.7,30,157.7
2023,QB,TE,QB_vs_TE,Gardner Minshew,Brock Wright,6011,7891,335,306,29,187.7,21.6,166.1
2023,QB,TE,QB_vs_TE,Gardner Minshew,Donald Parham,6011,6074,335,243,92,187.7,55.2,132.5
2023,QB,TE,QB_vs_TE,Gardner Minshew,Colby Parkinson,6011,6865,335,240,95,187.7,46.9,140.8
2023,QB,TE,QB_vs_TE,Gardner Minshew,Jonnu Smith,6011,4144,335,222,113,187.7,88.8,98.9
2023,QB,TE,QB_vs_TE,Gardner Minshew,Josh Oliver,6011,5973,335,215,120,187.7,38.2,149.5
2023,QB,TE,QB_vs_TE,Gardner Minshew,Peyton Hendershot,6011,8197,335,209,126,187.7,2.9,184.8
2023,QB,TE,QB_vs_TE,Jameis Winston,Adam Trautman,2306,6869,324,518,-194,12,46.8,-34.8
2023,QB,TE,QB_vs_TE,Jameis Winston,Darnell Washington,2306,9479,324,506,-182,12,9.6,2.4
2023,QB,TE,QB_vs_TE,Jameis Winston,Austin Hooper,2306,3202,324,343,-19,12,30,-18
2023,QB,TE,QB_vs_TE,Jameis Winston,Brock Wright,2306,7891,324,306,18,12,21.6,-9.6
2023,QB,TE,QB_vs_TE,Jameis Winston,Donald Parham,2306,6074,324,243,81,12,55.2,-43.2
2023,QB,TE,QB_vs_TE,Jameis Winston,Colby Parkinson,2306,6865,324,240,84,12,46.9,-34.9
2023,QB,TE,QB_vs_TE,Jameis Winston,Jonnu Smith,2306,4144,324,222,102,12,88.8,-76.8
2023,QB,TE,QB_vs_TE,Jameis Winston,Josh Oliver,2306,5973,324,215,109,12,38.2,-26.2
2023,QB,TE,QB_vs_TE,Jameis Winston,Peyton Hendershot,2306,8197,324,209,115,12,2.9,9.1
2023,QB,TE,QB_vs_TE,Tyler Huntley,Darnell Washington,7083,9479,308,506,-198,11.8,9.6,2.2
2023,QB,TE,QB_vs_TE,Tyler Huntley,Austin Hooper,7083,3202,308,343,-35,11.8,30,-18.2
2023,QB,TE,QB_vs_TE,Tyler Huntley,Brock Wright,7083,7891,308,306,2,11.8,21.6,-9.8
2023,QB,TE,QB_vs_TE,Tyler Huntley,Donald Parham,7083,6074,308,243,65,11.8,55.2,-43.4
2023,QB,TE,QB_vs_TE,Tyler Huntley,Colby Parkinson,7083,6865,308,240,68,11.8,46.9,-35.1
2023,QB,TE,QB_vs_TE,Tyler Huntley,Jonnu Smith,7083,4144,308,222,86,11.8,88.8,-77
2023,QB,TE,QB_vs_TE,Tyler Huntley,Josh Oliver,7083,5973,308,215,93,11.8,38.2,-26.4
2023,QB,TE,QB_vs_TE,Tyler Huntley,Peyton Hendershot,7083,8197,308,209,99,11.8,2.9,8.9
2023,QB,TE,QB_vs_TE,Taylor Heinicke,Austin Hooper,2711,3202,270,343,-73,66,30,36
2023,QB,TE,QB_vs_TE,Taylor Heinicke,Brock Wright,2711,7891,270,306,-36,66,21.6,44.4
2023,QB,TE,QB_vs_TE,Taylor Heinicke,Donald Parham,2711,6074,270,243,27,66,55.2,10.8
2023,QB,TE,QB_vs_TE,Taylor Heinicke,Colby Parkinson,2711,6865,270,240,30,66,46.9,19.1
2023,QB,TE,QB_vs_TE,Taylor Heinicke,Jonnu Smith,2711,4144,270,222,48,66,88.8,-22.8
2023,QB,TE,QB_vs_TE,Taylor Heinicke,Josh Oliver,2711,5973,270,215,55,66,38.2,27.8
2023,QB,TE,QB_vs_TE,Taylor Heinicke,Peyton Hendershot,2711,8197,270,209,61,66,2.9,63.1
2023,QB,TE,QB_vs_TE,Marcus Mariota,Austin Hooper,2307,3202,229,343,-114,1.2,30,-28.8
2023,QB,TE,QB_vs_TE,Marcus Mariota,Brock Wright,2307,7891,229,306,-77,1.2,21.6,-20.4
2023,QB,TE,QB_vs_TE,Marcus Mariota,Donald Parham,2307,6074,229,243,-14,1.2,55.2,-54
2023,QB,TE,QB_vs_TE,Marcus Mariota,Colby Parkinson,2307,6865,229,240,-11,1.2,46.9,-45.7
2023,QB,TE,QB_vs_TE,Marcus Mariota,Jonnu Smith,2307,4144,229,222,7,1.2,88.8,-87.6
2023,QB,TE,QB_vs_TE,Marcus Mariota,Josh Oliver,2307,5973,229,215,14,1.2,38.2,-37
2023,QB,TE,QB_vs_TE,Marcus Mariota,Peyton Hendershot,2307,8197,229,209,20,1.2,2.9,-1.7
2023,QB,TE,QB_vs_TE,Drew Lock,Austin Hooper,5854,3202,225,343,-118,29.1,30,-0.9
2023,QB,TE,QB_vs_TE,Drew Lock,Brock Wright,5854,7891,225,306,-81,29.1,21.6,7.5
2023,QB,TE,QB_vs_TE,Drew Lock,Donald Parham,5854,6074,225,243,-18,29.1,55.2,-26.1
2023,QB,TE,QB_vs_TE,Drew Lock,Colby Parkinson,5854,6865,225,240,-15,29.1,46.9,-17.8
2023,QB,TE,QB_vs_TE,Drew Lock,Jonnu Smith,5854,4144,225,222,3,29.1,88.8,-59.7
2023,QB,TE,QB_vs_TE,Drew Lock,Josh Oliver,5854,5973,225,215,10,29.1,38.2,-9.1
2023,QB,TE,QB_vs_TE,Drew Lock,Peyton Hendershot,5854,8197,225,209,16,29.1,2.9,26.2
2023,QB,TE,QB_vs_TE,Jarrett Stidham,Austin Hooper,6136,3202,224,343,-119,13.6,30,-16.4
2023,QB,TE,QB_vs_TE,Jarrett Stidham,Brock Wright,6136,7891,224,306,-82,13.6,21.6,-8
2023,QB,TE,QB_vs_TE,Jarrett Stidham,Donald Parham,6136,6074,224,243,-19,13.6,55.2,-41.6
2023,QB,TE,QB_vs_TE,Jarrett Stidham,Colby Parkinson,6136,6865,224,240,-16,13.6,46.9,-33.3
2023,QB,TE,QB_vs_TE,Jarrett Stidham,Jonnu Smith,6136,4144,224,222,2,13.6,88.8,-75.2
2023,QB,TE,QB_vs_TE,Jarrett Stidham,Josh Oliver,6136,5973,224,215,9,13.6,38.2,-24.6
2023,QB,TE,QB_vs_TE,Jarrett Stidham,Peyton Hendershot,6136,8197,224,209,15,13.6,2.9,10.7
2023,RB,WR,RB_vs_WR,Austin Ekeler,Stefon Diggs,4663,2449,6991,7067,-76,129.5,158.1,-28.6
2023,RB,WR,RB_vs_WR,Austin Ekeler,A.J. Brown,4663,5859,6991,6811,180,129.5,184.7,-55.2
2023,RB,WR,RB_vs_WR,Bijan Robinson,Davante Adams,9509,2133,6413,6545,-132,169.2,151.8,17.4
2023,RB,WR,RB_vs_WR,Bijan Robinson,Garrett Wilson,9509,8146,6413,6313,100,169.2,114.8,54.4
2023,RB,WR,RB_vs_WR,Saquon Barkley,Garrett Wilson,4866,8146,6113,6313,-200,160.5,114.8,45.7
2023,RB,WR,RB_vs_WR,Saquon Barkley,Jaylen Waddle,4866,7526,6113,6069,44,160.5,126.6,33.9
2023,RB,WR,RB_vs_WR,Saquon Barkley,Chris Olave,4866,8144,6113,5951,162,160.5,132.7,27.8
2023,RB,WR,RB_vs_WR,Nick Chubb,Jaylen Waddle,4988,7526,5926,6069,-143,19.1,126.6,-107.5
2023,RB,WR,RB_vs_WR,Nick Chubb,Chris Olave,4988,8144,5926,5951,-25,19.1,132.7,-113.6
2023,RB,WR,RB_vs_WR,Derrick Henry,DeVonta Smith,3198,7525,5594,5697,-103,197.4,146.6,50.8
2023,RB,WR,RB_vs_WR,Derrick Henry,Cooper Kupp,3198,4039,5594,5510,84,197.4,105.4,92
2023,RB,WR,RB_vs_WR,Derrick Henry,Deebo Samuel,3198,5872,5594,5494,100,197.4,180.5,16.9
2023,RB,WR,RB_vs_WR,Derrick Henry,Calvin Ridley,3198,4981,5594,5445,149,197.4,137.3,60.1
2023,RB,WR,RB_vs_WR,Josh Jacobs,DeVonta Smith,5850,7525,5531,5697,-166,144.1,146.6,-2.5
2023,RB,WR,RB_vs_WR,Josh Jacobs,Cooper Kupp,5850,4039,5531,5510,21,144.1,105.4,38.7
2023,RB,WR,RB_vs_WR,Josh Jacobs,Deebo Samuel,5850,5872,5531,5494,37,144.1,180.5,-36.4
2023,RB,WR,RB_vs_WR,Josh Jacobs,Calvin Ridley,5850,4981,5531,5445,86,144.1,137.3,6.8
2023,RB,WR,RB_vs_WR,Tony Pollard,Cooper Kupp,5967,4039,5326,5510,-184,153,105.4,47.6
2023,RB,WR,RB_vs_WR,Tony Pollard,Deebo Samuel,5967,5872,5326,5494,-168,153,180.5,-27.5
2023,RB,WR,RB_vs_WR,Tony Pollard,Calvin Ridley,5967,4981,5326,5445,-119,153,137.3,15.7
2023,RB,WR,RB_vs_WR,Tony Pollard,Tee Higgins,5967,6801,5326,5217,109,153,95.6,57.4
2023,RB,WR,RB_vs_WR,Rhamondre Stevenson,Tee Higgins,7611,6801,5228,5217,11,107.7,95.6,12.1
2023,RB,WR,RB_vs_WR,Rhamondre Stevenson,DK Metcalf,7611,5846,5228,5113,115,107.7,158.4,-50.7
2023,RB,WR,RB_vs_WR,Travis Etienne,Tee Higgins,7543,6801,5210,5217,-7,215.7,95.6,120.1
2023,RB,WR,RB_vs_WR,Travis Etienne,DK Metcalf,7543,5846,5210,5113,97,215.7,158.4,57.3
2023,RB,WR,RB_vs_WR,Jahmyr Gibbs,Tee Higgins,9221,6801,5129,5217,-88,181.1,95.6,85.5
2023,RB,WR,RB_vs_WR,Jahmyr Gibbs,DK Metcalf,9221,5846,5129,5113,16,181.1,158.4,22.7
2023,RB,WR,RB_vs_WR,Kenneth Walker III,DK Metcalf,8151,5846,4968,5113,-145,162.3,158.4,3.9
2023,RB,WR,RB_vs_WR,Kenneth Walker III,Amari Cooper,8151,2309,4968,4874,94,162.3,155,7.3
2023,RB,WR,RB_vs_WR,Kenneth Walker III,Keenan Allen,8151,1479,4968,4844,124,162.3,170.9,-8.6
2023,RB,WR,RB_vs_WR,Kenneth Walker III,Mike Williams,8151,4068,4968,4802,166,162.3,31.2,131.1
2023,RB,WR,RB_vs_WR,Kenneth Walker III,D.J. Moore,8151,4983,4968,4773,195,162.3,184.1,-21.8
2023,RB,WR,RB_vs_WR,Joe Mixon,Amari Cooper,4018,2309,4787,4874,-87,191.3,155,36.3
2023,RB,WR,RB_vs_WR,Joe Mixon,Keenan Allen,4018,1479,4787,4844,-57,191.3,170.9,20.4
2023,RB,WR,RB_vs_WR,Joe Mixon,Mike Williams,4018,4068,4787,4802,-15,191.3,31.2,160.1
2023,RB,WR,RB_vs_WR,Joe Mixon,D.J. Moore,4018,4983,4787,4773,14,191.3,184.1,7.2
2023,RB,WR,RB_vs_WR,Joe Mixon,Brandon Aiyuk,4018,6803,4787,4763,24,191.3,171.7,19.6
2023,RB,WR,RB_vs_WR,Joe Mixon,DeAndre Hopkins,4018,1426,4787,4655,132,191.3,138,53.3
2023,RB,WR,RB_vs_WR,Joe Mixon,Terry McLaurin,4018,5927,4787,4605,182,191.3,124.6,66.7
2023,RB,WR,RB_vs_WR,Joe Mixon,Drake London,4018,8112,4787,4591,196,191.3,101.3,90
2023,RB,WR,RB_vs_WR,Najee Harris,DeAndre Hopkins,7528,1426,4537,4655,-118,147.2,138,9.2
2023,RB,WR,RB_vs_WR,Najee Harris,Terry McLaurin,7528,5927,4537,4605,-68,147.2,124.6,22.6
2023,RB,WR,RB_vs_WR,Najee Harris,Drake London,7528,8112,4537,4591,-54,147.2,101.3,45.9
2023,RB,WR,RB_vs_WR,Najee Harris,Christian Kirk,7528,4950,4537,4444,93,147.2,93.3,53.9
2023,RB,WR,RB_vs_WR,Breece Hall,Christian Kirk,8155,4950,4386,4444,-58,187.5,93.3,94.2
2023,RB,WR,RB_vs_WR,Breece Hall,Chris Godwin,8155,4037,4386,4250,136,187.5,120.7,66.8
2023,RB,WR,RB_vs_WR,Breece Hall,Christian Watson,8155,8167,4386,4246,140,187.5,73.3,114.2
2023,RB,WR,RB_vs_WR,Dameon Pierce,Christian Kirk,8129,4950,4324,4444,-120,69.7,93.3,-23.6
2023,RB,WR,RB_vs_WR,Dameon Pierce,Chris Godwin,8129,4037,4324,4250,74,69.7,120.7,-51
2023,RB,WR,RB_vs_WR,Dameon Pierce,Christian Watson,8129,8167,4324,4246,78,69.7,73.3,-3.6
2023,RB,WR,RB_vs_WR,Aaron Jones,Chris Godwin,4199,4037,4159,4250,-91,90.8,120.7,-29.9
2023,RB,WR,RB_vs_WR,Aaron Jones,Christian Watson,4199,8167,4159,4246,-87,90.8,73.3,17.5
2023,RB,WR,RB_vs_WR,Aaron Jones,Mike Evans,4199,2216,4159,4089,70,90.8,201.3,-110.5
2023,RB,WR,RB_vs_WR,Aaron Jones,Jerry Jeudy,4199,6783,4159,4023,136,90.8,73.9,16.9
2023,RB,WR,RB_vs_WR,Aaron Jones,Michael Pittman,4199,6819,4159,3962,197,90.8,138.8,-48
2023,RB,WR,RB_vs_WR,James Cook,Christian Watson,8138,8167,4047,4246,-199,183.5,73.3,110.2
2023,RB,WR,RB_vs_WR,James Cook,Mike Evans,8138,2216,4047,4089,-42,183.5,201.3,-17.8
2023,RB,WR,RB_vs_WR,James Cook,Jerry Jeudy,8138,6783,4047,4023,24,183.5,73.9,109.6
2023,RB,WR,RB_vs_WR,James Cook,Michael Pittman,8138,6819,4047,3962,85,183.5,138.8,44.7
2023,RB,WR,RB_vs_WR,James Cook,Tyler Lockett,8138,2374,4047,3949,98,183.5,108.3,75.2
2023,RB,WR,RB_vs_WR,James Cook,George Pickens,8138,8137,4047,3912,135,183.5,145.5,38
2023,RB,WR,RB_vs_WR,Alexander Mattison,Mike Evans,5987,2216,3939,4089,-150,100.3,201.3,-101
2023,RB,WR,RB_vs_WR,Alexander Mattison,Jerry Jeudy,5987,6783,3939,4023,-84,100.3,73.9,26.4
2023,RB,WR,RB_vs_WR,Alexander Mattison,Michael Pittman,5987,6819,3939,3962,-23,100.3,138.8,-38.5
2023,RB,WR,RB_vs_WR,Alexander Mattison,Tyler Lockett,5987,2374,3939,3949,-10,100.3,108.3,-8
2023,RB,WR,RB_vs_WR,Alexander Mattison,George Pickens,5987,8137,3939,3912,27,100.3,145.5,-45.2
2023,RB,WR,RB_vs_WR,Alexander Mattison,Zay Flowers,5987,9997,3939,3801,138,100.3,129.4,-29.1
2023,RB,WR,RB_vs_WR,Jonathan Taylor,Jerry Jeudy,6813,6783,3828,4023,-195,111.8,73.9,37.9
2023,RB,WR,RB_vs_WR,Jonathan Taylor,Michael Pittman,6813,6819,3828,3962,-134,111.8,138.8,-27
2023,RB,WR,RB_vs_WR,Jonathan Taylor,Tyler Lockett,6813,2374,3828,3949,-121,111.8,108.3,3.5
2023,RB,WR,RB_vs_WR,Jonathan Taylor,George Pickens,6813,8137,3828,3912,-84,111.8,145.5,-33.7
2023,RB,WR,RB_vs_WR,Jonathan Taylor,Zay Flowers,6813,9997,3828,3801,27,111.8,129.4,-17.6
2023,RB,WR,RB_vs_WR,Jonathan Taylor,Diontae Johnson,6813,5937,3828,3732,96,111.8,86.8,25
2023,RB,WR,RB_vs_WR,Javonte Williams,Michael Pittman,7588,6819,3784,3962,-178,118.7,138.8,-20.1
2023,RB,WR,RB_vs_WR,Javonte Williams,Tyler Lockett,7588,2374,3784,3949,-165,118.7,108.3,10.4
2023,RB,WR,RB_vs_WR,Javonte Williams,George Pickens,7588,8137,3784,3912,-128,118.7,145.5,-26.8
2023,RB,WR,RB_vs_WR,Javonte Williams,Zay Flowers,7588,9997,3784,3801,-17,118.7,129.4,-10.7
2023,RB,WR,RB_vs_WR,Javonte Williams,Diontae Johnson,7588,5937,3784,3732,52,118.7,86.8,31.9
2023,RB,WR,RB_vs_WR,Miles Sanders,Zay Flowers,6151,9997,3677,3801,-124,58.8,129.4,-70.6
2023,RB,WR,RB_vs_WR,Miles Sanders,Diontae Johnson,6151,5937,3677,3732,-55,58.8,86.8,-28
2023,RB,WR,RB_vs_WR,Miles Sanders,Brandin Cooks,6151,2197,3677,3546,131,58.8,109,-50.2
2023,RB,WR,RB_vs_WR,Rachaad White,Diontae Johnson,8136,5937,3578,3732,-154,194.6,86.8,107.8
2023,RB,WR,RB_vs_WR,Rachaad White,Brandin Cooks,8136,2197,3578,3546,32,194.6,109,85.6
2023,RB,WR,RB_vs_WR,Rachaad White,Jordan Addison,8136,9756,3578,3475,103,194.6,139.6,55
2023,RB,WR,RB_vs_WR,Rachaad White,Jahan Dotson,8136,8119,3578,3378,200,194.6,74.1,120.5
2023,RB,WR,RB_vs_WR,D'Andre Swift,Diontae Johnson,6790,5937,3534,3732,-198,160.3,86.8,73.5
2023,RB,WR,RB_vs_WR,D'Andre Swift,Brandin Cooks,6790,2197,3534,3546,-12,160.3,109,51.3
2023,RB,WR,RB_vs_WR,D'Andre Swift,Jordan Addison,6790,9756,3534,3475,59,160.3,139.6,20.7
2023,RB,WR,RB_vs_WR,D'Andre Swift,Jahan Dotson,6790,8119,3534,3378,156,160.3,74.1,86.2
2023,RB,WR,RB_vs_WR,D'Andre Swift,Jaxon Smith-Njigba,6790,9488,3534,3374,160,160.3,85.4,74.9
2023,RB,WR,RB_vs_WR,Cam Akers,Brandin Cooks,6938,2197,3488,3546,-58,35.7,109,-73.3
2023,RB,WR,RB_vs_WR,Cam Akers,Jordan Addison,6938,9756,3488,3475,13,35.7,139.6,-103.9
2023,RB,WR,RB_vs_WR,Cam Akers,Jahan Dotson,6938,8119,3488,3378,110,35.7,74.1,-38.4
2023,RB,WR,RB_vs_WR,Cam Akers,Jaxon Smith-Njigba,6938,9488,3488,3374,114,35.7,85.4,-49.7
2023,RB,WR,RB_vs_WR,Isiah Pacheco,Brandin Cooks,8205,2197,3466,3546,-80,169.9,109,60.9
2023,RB,WR,RB_vs_WR,Isiah Pacheco,Jordan Addison,8205,9756,3466,3475,-9,169.9,139.6,30.3
2023,RB,WR,RB_vs_WR,Isiah Pacheco,Jahan Dotson,8205,8119,3466,3378,88,169.9,74.1,95.8
2023,RB,WR,RB_vs_WR,Isiah Pacheco,Jaxon Smith-Njigba,8205,9488,3466,3374,92,169.9,85.4,84.5
2023,RB,WR,RB_vs_WR,David Montgomery,Brandin Cooks,5892,2197,3431,3546,-115,181.2,109,72.2
2023,RB,WR,RB_vs_WR,David Montgomery,Jordan Addison,5892,9756,3431,3475,-44,181.2,139.6,41.6
2023,RB,WR,RB_vs_WR,David Montgomery,Jahan Dotson,5892,8119,3431,3378,53,181.2,74.1,107.1
2023,RB,WR,RB_vs_WR,David Montgomery,Jaxon Smith-Njigba,5892,9488,3431,3374,57,181.2,85.4,95.8
2023,RB,WR,RB_vs_WR,David Montgomery,Courtland Sutton,5892,5045,3431,3252,179,181.2,131,50.2
2023,RB,WR,RB_vs_WR,David Montgomery,Marquise Brown,5892,5848,3431,3235,196,181.2,83.7,97.5
2023,RB,WR,RB_vs_WR,Alvin Kamara,Brandin Cooks,4035,2197,3355,3546,-191,158,109,49
2023,RB,WR,RB_vs_WR,Alvin Kamara,Jordan Addison,4035,9756,3355,3475,-120,158,139.6,18.4
2023,RB,WR,RB_vs_WR,Alvin Kamara,Jahan Dotson,4035,8119,3355,3378,-23,158,74.1,83.9
2023,RB,WR,RB_vs_WR,Alvin Kamara,Jaxon Smith-Njigba,4035,9488,3355,3374,-19,158,85.4,72.6
2023,RB,WR,RB_vs_WR,Alvin Kamara,Courtland Sutton,4035,5045,3355,3252,103,158,131,27
2023,RB,WR,RB_vs_WR,Alvin Kamara,Marquise Brown,4035,5848,3355,3235,120,158,83.7,74.3
2023,RB,WR,RB_vs_WR,De'Von Achane,Jaxon Smith-Njigba,9226,9488,3175,3374,-199,151.6,85.4,66.2
2023,RB,WR,RB_vs_WR,De'Von Achane,Courtland Sutton,9226,5045,3175,3252,-77,151.6,131,20.6
2023,RB,WR,RB_vs_WR,De'Von Achane,Marquise Brown,9226,5848,3175,3235,-60,151.6,83.7,67.9
2023,RB,WR,RB_vs_WR,De'Von Achane,Odell Beckham,9226,2078,3175,3069,106,151.6,72.5,79.1
2023,RB,WR,RB_vs_WR,De'Von Achane,Kadarius Toney,9226,7606,3175,2999,176,151.6,26,125.6
2023,RB,WR,RB_vs_WR,Dalvin Cook,Courtland Sutton,4029,5045,3132,3252,-120,25.2,131,-105.8
2023,RB,WR,RB_vs_WR,Dalvin Cook,Marquise Brown,4029,5848,3132,3235,-103,25.2,83.7,-58.5
2023,RB,WR,RB_vs_WR,Dalvin Cook,Odell Beckham,4029,2078,3132,3069,63,25.2,72.5,-47.3
2023,RB,WR,RB_vs_WR,Dalvin Cook,Kadarius Toney,4029,7606,3132,2999,133,25.2,26,-0.8
2023,RB,WR,RB_vs_WR,James Conner,Courtland Sutton,4137,5045,3098,3252,-154,148.1,131,17.1
2023,RB,WR,RB_vs_WR,James Conner,Marquise Brown,4137,5848,3098,3235,-137,148.1,83.7,64.4
2023,RB,WR,RB_vs_WR,James Conner,Odell Beckham,4137,2078,3098,3069,29,148.1,72.5,75.6
2023,RB,WR,RB_vs_WR,James Conner,Kadarius Toney,4137,7606,3098,2999,99,148.1,26,122.1
2023,RB,WR,RB_vs_WR,James Conner,Treylon Burks,4137,8135,3098,2915,183,148.1,23.9,124.2
2023,RB,WR,RB_vs_WR,Brian Robinson,Odell Beckham,8154,2078,3017,3069,-52,154.6,72.5,82.1
2023,RB,WR,RB_vs_WR,Brian Robinson,Kadarius Toney,8154,7606,3017,2999,18,154.6,26,128.6
2023,RB,WR,RB_vs_WR,Brian Robinson,Treylon Burks,8154,8135,3017,2915,102,154.6,23.9,130.7
2023,RB,WR,RB_vs_WR,Khalil Herbert,Odell Beckham,7608,2078,2981,3069,-88,88.4,72.5,15.9
2023,RB,WR,RB_vs_WR,Khalil Herbert,Kadarius Toney,7608,7606,2981,2999,-18,88.4,26,62.4
2023,RB,WR,RB_vs_WR,Khalil Herbert,Treylon Burks,7608,8135,2981,2915,66,88.4,23.9,64.5
2023,RB,WR,RB_vs_WR,Khalil Herbert,Elijah Moore,7608,7596,2981,2807,174,88.4,73.1,15.3
2023,RB,WR,RB_vs_WR,Antonio Gibson,Odell Beckham,6945,2078,2920,3069,-149,75.8,72.5,3.3
2023,RB,WR,RB_vs_WR,Antonio Gibson,Kadarius Toney,6945,7606,2920,2999,-79,75.8,26,49.8
2023,RB,WR,RB_vs_WR,Antonio Gibson,Treylon Burks,6945,8135,2920,2915,5,75.8,23.9,51.9
2023,RB,WR,RB_vs_WR,Antonio Gibson,Elijah Moore,6945,7596,2920,2807,113,75.8,73.1,2.7
2023,RB,WR,RB_vs_WR,Antonio Gibson,Skyy Moore,6945,8168,2920,2742,178,75.8,32.7,43.1
2023,RB,WR,RB_vs_WR,AJ Dillon,Odell Beckham,6828,2078,2880,3069,-189,95.6,72.5,23.1
2023,RB,WR,RB_vs_WR,AJ Dillon,Kadarius Toney,6828,7606,2880,2999,-119,95.6,26,69.6
2023,RB,WR,RB_vs_WR,AJ Dillon,Treylon Burks,6828,8135,2880,2915,-35,95.6,23.9,71.7
2023,RB,WR,RB_vs_WR,AJ Dillon,Elijah Moore,6828,7596,2880,2807,73,95.6,73.1,22.5
2023,RB,WR,RB_vs_WR,AJ Dillon,Skyy Moore,6828,8168,2880,2742,138,95.6,32.7,62.9
2023,RB,WR,RB_vs_WR,Raheem Mostert,Treylon Burks,2749,8135,2727,2915,-188,242.7,23.9,218.8
2023,RB,WR,RB_vs_WR,Raheem Mostert,Elijah Moore,2749,7596,2727,2807,-80,242.7,73.1,169.6
2023,RB,WR,RB_vs_WR,Raheem Mostert,Skyy Moore,2749,8168,2727,2742,-15,242.7,32.7,210
2023,RB,WR,RB_vs_WR,Raheem Mostert,JuJu Smith-Schuster,2749,4040,2727,2586,141,242.7,32,210.7
2023,RB,WR,RB_vs_WR,Elijah Mitchell,JuJu Smith-Schuster,7561,4040,2538,2586,-48,28.8,32,-3.2
2023,RB,WR,RB_vs_WR,Elijah Mitchell,Quentin Johnston,7561,9754,2538,2482,56,28.8,53.7,-24.9
2023,RB,WR,RB_vs_WR,Elijah Mitchell,Rashod Bateman,7561,7571,2538,2379,159,28.8,44.5,-15.7
2023,RB,WR,RB_vs_WR,Zach Charbonnet,JuJu Smith-Schuster,9753,4040,2513,2586,-73,67.1,32,35.1
2023,RB,WR,RB_vs_WR,Zach Charbonnet,Quentin Johnston,9753,9754,2513,2482,31,67.1,53.7,13.4
2023,RB,WR,RB_vs_WR,Zach Charbonnet,Rashod Bateman,9753,7571,2513,2379,134,67.1,44.5,22.6
2023,RB,WR,RB_vs_WR,Jaylen Warren,JuJu Smith-Schuster,8228,4040,2475,2586,-111,132.4,32,100.4
2023,RB,WR,RB_vs_WR,Jaylen Warren,Quentin Johnston,8228,9754,2475,2482,-7,132.4,53.7,78.7
2023,RB,WR,RB_vs_WR,Jaylen Warren,Rashod Bateman,8228,7571,2475,2379,96,132.4,44.5,87.9
2023,RB,WR,RB_vs_WR,Jaylen Warren,Michael Thomas,8228,3199,2475,2302,173,132.4,50.8,81.6
2023,RB,WR,RB_vs_WR,Jamaal Williams,Quentin Johnston,4149,9754,2310,2482,-172,33.4,53.7,-20.3
2023,RB,WR,RB_vs_WR,Jamaal Williams,Rashod Bateman,4149,7571,2310,2379,-69,33.4,44.5,-11.1
2023,RB,WR,RB_vs_WR,Jamaal Williams,Michael Thomas,4149,3199,2310,2302,8,33.4,50.8,-17.4
2023,RB,WR,RB_vs_WR,Jamaal Williams,Nico Collins,4149,7569,2310,2254,56,33.4,154.9,-121.5
2023,RB,WR,RB_vs_WR,Jamaal Williams,Jameson Williams,4149,8148,2310,2141,169,33.4,56.3,-22.9
2023,RB,WR,RB_vs_WR,Samaje Perine,Rashod Bateman,4147,7571,2208,2379,-171,68.3,44.5,23.8
2023,RB,WR,RB_vs_WR,Samaje Perine,Michael Thomas,4147,3199,2208,2302,-94,68.3,50.8,17.5
2023,RB,WR,RB_vs_WR,Samaje Perine,Nico Collins,4147,7569,2208,2254,-46,68.3,154.9,-86.6
2023,RB,WR,RB_vs_WR,Samaje Perine,Jameson Williams,4147,8148,2208,2141,67,68.3,56.3,12
2023,RB,WR,RB_vs_WR,Samaje Perine,Romeo Doubs,4147,8121,2208,2099,109,68.3,115.4,-47.1
2023,RB,WR,RB_vs_WR,Jerick McKinnon,Michael Thomas,2161,3199,2132,2302,-170,59.4,50.8,8.6
2023,RB,WR,RB_vs_WR,Jerick McKinnon,Nico Collins,2161,7569,2132,2254,-122,59.4,154.9,-95.5
2023,RB,WR,RB_vs_WR,Jerick McKinnon,Jameson Williams,2161,8148,2132,2141,-9,59.4,56.3,3.1
2023,RB,WR,RB_vs_WR,Jerick McKinnon,Romeo Doubs,2161,8121,2132,2099,33,59.4,115.4,-56
2023,RB,WR,RB_vs_WR,Tank Bigsby,Romeo Doubs,9225,8121,1929,2099,-170,20.2,115.4,-95.2
2023,RB,WR,RB_vs_WR,Tank Bigsby,Rashee Rice,9225,10229,1929,1898,31,20.2,133.5,-113.3
2023,RB,WR,RB_vs_WR,Tank Bigsby,Allen Lazard,9225,5185,1929,1898,31,20.2,37.1,-16.9
2023,RB,WR,RB_vs_WR,Tank Bigsby,Adam Thielen,9225,1689,1929,1779,150,20.2,126.8,-106.6
2023,RB,WR,RB_vs_WR,Rashaad Penny,Rashee Rice,4985,10229,1782,1898,-116,2.2,133.5,-131.3
2023,RB,WR,RB_vs_WR,Rashaad Penny,Allen Lazard,4985,5185,1782,1898,-116,2.2,37.1,-34.9
2023,RB,WR,RB_vs_WR,Rashaad Penny,Adam Thielen,4985,1689,1782,1779,3,2.2,126.8,-124.6
2023,RB,WR,RB_vs_WR,Rashaad Penny,Jakobi Meyers,4985,5947,1782,1666,116,2.2,129,-126.8
2023,RB,WR,RB_vs_WR,Rashaad Penny,Michael Gallup,4985,5038,1782,1614,168,2.2,53.8,-51.6
2023,RB,WR,RB_vs_WR,Kenneth Gainwell,Adam Thielen,7567,1689,1694,1779,-85,61.2,126.8,-65.6
2023,RB,WR,RB_vs_WR,Kenneth Gainwell,Jakobi Meyers,7567,5947,1694,1666,28,61.2,129,-67.8
2023,RB,WR,RB_vs_WR,Kenneth Gainwell,Michael Gallup,7567,5038,1694,1614,80,61.2,53.8,7.4
2023,RB,WR,RB_vs_WR,Kenneth Gainwell,Darnell Mooney,7567,7090,1694,1529,165,61.2,47.9,13.3
2023,RB,WR,RB_vs_WR,Gus Edwards,Jakobi Meyers,5248,5947,1577,1666,-89,172.2,129,43.2
2023,RB,WR,RB_vs_WR,Gus Edwards,Michael Gallup,5248,5038,1577,1614,-37,172.2,53.8,118.4
2023,RB,WR,RB_vs_WR,Gus Edwards,Darnell Mooney,5248,7090,1577,1529,48,172.2,47.9,124.3
2023,RB,WR,RB_vs_WR,Gus Edwards,Marquez Valdes-Scantling,5248,5086,1577,1491,86,172.2,35.5,136.7
2023,RB,WR,RB_vs_WR,Gus Edwards,Zay Jones,5248,4080,1577,1456,121,172.2,39.4,132.8
2023,RB,WR,RB_vs_WR,Tyler Allgeier,Jakobi Meyers,8132,5947,1559,1666,-107,116.2,129,-12.8
2023,RB,WR,RB_vs_WR,Tyler Allgeier,Michael Gallup,8132,5038,1559,1614,-55,116.2,53.8,62.4
2023,RB,WR,RB_vs_WR,Tyler Allgeier,Darnell Mooney,8132,7090,1559,1529,30,116.2,47.9,68.3
2023,RB,WR,RB_vs_WR,Tyler Allgeier,Marquez Valdes-Scantling,8132,5086,1559,1491,68,116.2,35.5,80.7
2023,RB,WR,RB_vs_WR,Tyler Allgeier,Zay Jones,8132,4080,1559,1456,103,116.2,39.4,76.8
2023,RB,WR,RB_vs_WR,Roschon Johnson,Jakobi Meyers,10235,5947,1481,1666,-185,66.1,129,-62.9
2023,RB,WR,RB_vs_WR,Roschon Johnson,Michael Gallup,10235,5038,1481,1614,-133,66.1,53.8,12.3
2023,RB,WR,RB_vs_WR,Roschon Johnson,Darnell Mooney,10235,7090,1481,1529,-48,66.1,47.9,18.2
2023,RB,WR,RB_vs_WR,Roschon Johnson,Marquez Valdes-Scantling,10235,5086,1481,1491,-10,66.1,35.5,30.6
2023,RB,WR,RB_vs_WR,Roschon Johnson,Zay Jones,10235,4080,1481,1456,25,66.1,39.4,26.7
2023,RB,WR,RB_vs_WR,Roschon Johnson,Tyler Boyd,10235,3225,1481,1352,129,66.1,77.4,-11.3
2023,RB,WR,RB_vs_WR,Roschon Johnson,Marvin Mims,10235,9494,1481,1327,154,66.1,47,19.1
2023,RB,WR,RB_vs_WR,Roschon Johnson,Jayden Reed,10235,10222,1481,1281,200,66.1,142,-75.9
2023,RB,WR,RB_vs_WR,Kareem Hunt,Darnell Mooney,4098,7090,1359,1529,-170,103,47.9,55.1
2023,RB,WR,RB_vs_WR,Kareem Hunt,Marquez Valdes-Scantling,4098,5086,1359,1491,-132,103,35.5,67.5
2023,RB,WR,RB_vs_WR,Kareem Hunt,Zay Jones,4098,4080,1359,1456,-97,103,39.4,63.6
2023,RB,WR,RB_vs_WR,Kareem Hunt,Tyler Boyd,4098,3225,1359,1352,7,103,77.4,25.6
2023,RB,WR,RB_vs_WR,Kareem Hunt,Marvin Mims,4098,9494,1359,1327,32,103,47,56
2023,RB,WR,RB_vs_WR,Kareem Hunt,Jayden Reed,4098,10222,1359,1281,78,103,142,-39
2023,RB,WR,RB_vs_WR,Kareem Hunt,Van Jefferson,4098,6853,1359,1177,182,103,20,83
2023,RB,WR,RB_vs_WR,Devin Singletary,Zay Jones,6130,4080,1263,1456,-193,124.8,39.4,85.4
2023,RB,WR,RB_vs_WR,Devin Singletary,Tyler Boyd,6130,3225,1263,1352,-89,124.8,77.4,47.4
2023,RB,WR,RB_vs_WR,Devin Singletary,Marvin Mims,6130,9494,1263,1327,-64,124.8,47,77.8
2023,RB,WR,RB_vs_WR,Devin Singletary,Jayden Reed,6130,10222,1263,1281,-18,124.8,142,-17.2
2023,RB,WR,RB_vs_WR,Devin Singletary,Van Jefferson,6130,6853,1263,1177,86,124.8,20,104.8
2023,RB,WR,RB_vs_WR,Devin Singletary,K.J. Osborn,6130,7066,1263,1108,155,124.8,71.1,53.7
2023,RB,WR,RB_vs_WR,Jerome Ford,Tyler Boyd,8143,3225,1201,1352,-151,164,77.4,86.6
2023,RB,WR,RB_vs_WR,Jerome Ford,Marvin Mims,8143,9494,1201,1327,-126,164,47,117
2023,RB,WR,RB_vs_WR,Jerome Ford,Jayden Reed,8143,10222,1201,1281,-80,164,142,22
2023,RB,WR,RB_vs_WR,Jerome Ford,Van Jefferson,8143,6853,1201,1177,24,164,20,144
2023,RB,WR,RB_vs_WR,Jerome Ford,K.J. Osborn,8143,7066,1201,1108,93,164,71.1,92.9
2023,RB,WR,RB_vs_WR,Jerome Ford,Puka Nacua,8143,9493,1201,1011,190,164,183.4,-19.4
2023,RB,WR,RB_vs_WR,Jerome Ford,Jonathan Mingo,8143,10225,1201,1006,195,164,41.8,122.2
2023,RB,WR,RB_vs_WR,Tyjae Spears,Jayden Reed,9508,10222,1111,1281,-170,83.2,142,-58.8
2023,RB,WR,RB_vs_WR,Tyjae Spears,Van Jefferson,9508,6853,1111,1177,-66,83.2,20,63.2
2023,RB,WR,RB_vs_WR,Tyjae Spears,K.J. Osborn,9508,7066,1111,1108,3,83.2,71.1,12.1
2023,RB,WR,RB_vs_WR,Tyjae Spears,Puka Nacua,9508,9493,1111,1011,100,83.2,183.4,-100.2
2023,RB,WR,RB_vs_WR,Tyjae Spears,Jonathan Mingo,9508,10225,1111,1006,105,83.2,41.8,41.4
2023,RB,WR,RB_vs_WR,Tyjae Spears,Alec Pierce,9508,8142,1111,915,196,83.2,63.4,19.8
2023,RB,WR,RB_vs_WR,Ezekiel Elliott,Jayden Reed,3164,10222,1095,1281,-186,115.4,142,-26.6
2023,RB,WR,RB_vs_WR,Ezekiel Elliott,Van Jefferson,3164,6853,1095,1177,-82,115.4,20,95.4
2023,RB,WR,RB_vs_WR,Ezekiel Elliott,K.J. Osborn,3164,7066,1095,1108,-13,115.4,71.1,44.3
2023,RB,WR,RB_vs_WR,Ezekiel Elliott,Puka Nacua,3164,9493,1095,1011,84,115.4,183.4,-68
2023,RB,WR,RB_vs_WR,Ezekiel Elliott,Jonathan Mingo,3164,10225,1095,1006,89,115.4,41.8,73.6
2023,RB,WR,RB_vs_WR,Ezekiel Elliott,Alec Pierce,3164,8142,1095,915,180,115.4,63.4,52
2023,RB,WR,RB_vs_WR,Ezekiel Elliott,Jauan Jennings,3164,7049,1095,909,186,115.4,32.5,82.9
2023,RB,WR,RB_vs_WR,Kyren Williams,Van Jefferson,8150,6853,999,1177,-178,223,20,203
2023,RB,WR,RB_vs_WR,Kyren Williams,K.J. Osborn,8150,7066,999,1108,-109,223,71.1,151.9
2023,RB,WR,RB_vs_WR,Kyren Williams,Puka Nacua,8150,9493,999,1011,-12,223,183.4,39.6
2023,RB,WR,RB_vs_WR,Kyren Williams,Jonathan Mingo,8150,10225,999,1006,-7,223,41.8,181.2
2023,RB,WR,RB_vs_WR,Kyren Williams,Alec Pierce,8150,8142,999,915,84,223,63.4,159.6
2023,RB,WR,RB_vs_WR,Kyren Williams,Jauan Jennings,8150,7049,999,909,90,223,32.5,190.5
2023,RB,WR,RB_vs_WR,Kyren Williams,Mecole Hardman,8150,5917,999,860,139,223,3,220
2023,RB,WR,RB_vs_WR,Kyren Williams,Donovan Peoples-Jones,8150,6824,999,858,141,223,13,210
2023,RB,WR,RB_vs_WR,Kyren Williams,Jalin Hyatt,8150,9497,999,816,183,223,36.8,186.2
2023,RB,WR,RB_vs_WR,D'Onta Foreman,Puka Nacua,4111,9493,906,1011,-105,80.2,183.4,-103.2
2023,RB,WR,RB_vs_WR,D'Onta Foreman,Jonathan Mingo,4111,10225,906,1006,-100,80.2,41.8,38.4
2023,RB,WR,RB_vs_WR,D'Onta Foreman,Alec Pierce,4111,8142,906,915,-9,80.2,63.4,16.8
2023,RB,WR,RB_vs_WR,D'Onta Foreman,Jauan Jennings,4111,7049,906,909,-3,80.2,32.5,47.7
2023,RB,WR,RB_vs_WR,D'Onta Foreman,Mecole Hardman,4111,5917,906,860,46,80.2,3,77.2
2023,RB,WR,RB_vs_WR,D'Onta Foreman,Donovan Peoples-Jones,4111,6824,906,858,48,80.2,13,67.2
2023,RB,WR,RB_vs_WR,D'Onta Foreman,Jalin Hyatt,4111,9497,906,816,90,80.2,36.8,43.4
2023,RB,WR,RB_vs_WR,D'Onta Foreman,Khalil Shakir,4111,8134,906,785,121,80.2,63.6,16.6
2023,RB,WR,RB_vs_WR,D'Onta Foreman,Richie James,4111,5137,906,743,163,80.2,7.9,72.3
2023,RB,WR,RB_vs_WR,Clyde Edwards-Helaire,Puka Nacua,6820,9493,887,1011,-124,52.1,183.4,-131.3
2023,RB,WR,RB_vs_WR,Clyde Edwards-Helaire,Jonathan Mingo,6820,10225,887,1006,-119,52.1,41.8,10.3
2023,RB,WR,RB_vs_WR,Clyde Edwards-Helaire,Alec Pierce,6820,8142,887,915,-28,52.1,63.4,-11.3
2023,RB,WR,RB_vs_WR,Clyde Edwards-Helaire,Jauan Jennings,6820,7049,887,909,-22,52.1,32.5,19.6
2023,RB,WR,RB_vs_WR,Clyde Edwards-Helaire,Mecole Hardman,6820,5917,887,860,27,52.1,3,49.1
2023,RB,WR,RB_vs_WR,Clyde Edwards-Helaire,Donovan Peoples-Jones,6820,6824,887,858,29,52.1,13,39.1
2023,RB,WR,RB_vs_WR,Clyde Edwards-Helaire,Jalin Hyatt,6820,9497,887,816,71,52.1,36.8,15.3
2023,RB,WR,RB_vs_WR,Clyde Edwards-Helaire,Khalil Shakir,6820,8134,887,785,102,52.1,63.6,-11.5
2023,RB,WR,RB_vs_WR,Clyde Edwards-Helaire,Richie James,6820,5137,887,743,144,52.1,7.9,44.2
2023,RB,WR,RB_vs_WR,Clyde Edwards-Helaire,Rashid Shaheed,6820,8676,887,698,189,52.1,97.1,-45
2023,RB,WR,RB_vs_WR,Clyde Edwards-Helaire,Curtis Samuel,6820,4082,887,690,197,52.1,92.2,-40.1
2023,RB,WR,RB_vs_WR,Kendre Miller,Puka Nacua,9757,9493,884,1011,-127,19.4,183.4,-164
2023,RB,WR,RB_vs_WR,Kendre Miller,Jonathan Mingo,9757,10225,884,1006,-122,19.4,41.8,-22.4
2023,RB,WR,RB_vs_WR,Kendre Miller,Alec Pierce,9757,8142,884,915,-31,19.4,63.4,-44
2023,RB,WR,RB_vs_WR,Kendre Miller,Jauan Jennings,9757,7049,884,909,-25,19.4,32.5,-13.1
2023,RB,WR,RB_vs_WR,Kendre Miller,Mecole Hardman,9757,5917,884,860,24,19.4,3,16.4
2023,RB,WR,RB_vs_WR,Kendre Miller,Donovan Peoples-Jones,9757,6824,884,858,26,19.4,13,6.4
2023,RB,WR,RB_vs_WR,Kendre Miller,Jalin Hyatt,9757,9497,884,816,68,19.4,36.8,-17.4
2023,RB,WR,RB_vs_WR,Kendre Miller,Khalil Shakir,9757,8134,884,785,99,19.4,63.6,-44.2
2023,RB,WR,RB_vs_WR,Kendre Miller,Richie James,9757,5137,884,743,141,19.4,7.9,11.5
2023,RB,WR,RB_vs_WR,Kendre Miller,Rashid Shaheed,9757,8676,884,698,186,19.4,97.1,-77.7
2023,RB,WR,RB_vs_WR,Kendre Miller,Curtis Samuel,9757,4082,884,690,194,19.4,92.2,-72.8
2023,RB,WR,RB_vs_WR,Chuba Hubbard,Mecole Hardman,7594,5917,699,860,-161,134.3,3,131.3
2023,RB,WR,RB_vs_WR,Chuba Hubbard,Donovan Peoples-Jones,7594,6824,699,858,-159,134.3,13,121.3
2023,RB,WR,RB_vs_WR,Chuba Hubbard,Jalin Hyatt,7594,9497,699,816,-117,134.3,36.8,97.5
2023,RB,WR,RB_vs_WR,Chuba Hubbard,Khalil Shakir,7594,8134,699,785,-86,134.3,63.6,70.7
2023,RB,WR,RB_vs_WR,Chuba Hubbard,Richie James,7594,5137,699,743,-44,134.3,7.9,126.4
2023,RB,WR,RB_vs_WR,Chuba Hubbard,Rashid Shaheed,7594,8676,699,698,1,134.3,97.1,37.2
2023,RB,WR,RB_vs_WR,Chuba Hubbard,Curtis Samuel,7594,4082,699,690,9,134.3,92.2,42.1
2023,RB,WR,RB_vs_WR,Chuba Hubbard,Parris Campbell,7594,5880,699,635,64,134.3,10.4,123.9
2023,RB,WR,RB_vs_WR,Chuba Hubbard,D.J. Chark,7594,4951,699,611,88,134.3,77.9,56.4
2023,RB,WR,RB_vs_WR,Chuba Hubbard,Isaiah Hodgins,7594,6920,699,584,115,134.3,35.4,98.9
2023,RB,WR,RB_vs_WR,Chuba Hubbard,Josh Reynolds,7594,4171,699,525,174,134.3,84.4,49.9
2023,RB,WR,RB_vs_WR,Chuba Hubbard,Hunter Renfrow,7594,5955,699,509,190,134.3,23.5,110.8
2023,RB,WR,RB_vs_WR,Chuba Hubbard,Cedrick Wilson,7594,5113,699,500,199,134.3,45.2,89.1
2023,RB,WR,RB_vs_WR,Zack Moss,Mecole Hardman,6845,5917,684,860,-176,139.6,3,136.6
2023,RB,WR,RB_vs_WR,Zack Moss,Donovan Peoples-Jones,6845,6824,684,858,-174,139.6,13,126.6
2023,RB,WR,RB_vs_WR,Zack Moss,Jalin Hyatt,6845,9497,684,816,-132,139.6,36.8,102.8
2023,RB,WR,RB_vs_WR,Zack Moss,Khalil Shakir,6845,8134,684,785,-101,139.6,63.6,76
2023,RB,WR,RB_vs_WR,Zack Moss,Richie James,6845,5137,684,743,-59,139.6,7.9,131.7
2023,RB,WR,RB_vs_WR,Zack Moss,Rashid Shaheed,6845,8676,684,698,-14,139.6,97.1,42.5
2023,RB,WR,RB_vs_WR,Zack Moss,Curtis Samuel,6845,4082,684,690,-6,139.6,92.2,47.4
2023,RB,WR,RB_vs_WR,Zack Moss,Parris Campbell,6845,5880,684,635,49,139.6,10.4,129.2
2023,RB,WR,RB_vs_WR,Zack Moss,D.J. Chark,6845,4951,684,611,73,139.6,77.9,61.7
2023,RB,WR,RB_vs_WR,Zack Moss,Isaiah Hodgins,6845,6920,684,584,100,139.6,35.4,104.2
2023,RB,WR,RB_vs_WR,Zack Moss,Josh Reynolds,6845,4171,684,525,159,139.6,84.4,55.2
2023,RB,WR,RB_vs_WR,Zack Moss,Hunter Renfrow,6845,5955,684,509,175,139.6,23.5,116.1
2023,RB,WR,RB_vs_WR,Zack Moss,Cedrick Wilson,6845,5113,684,500,184,139.6,45.2,94.4
2023,RB,WR,RB_vs_WR,Zack Moss,Tank Dell,6845,9502,684,485,199,139.6,118,21.6
2023,RB,WR,RB_vs_WR,Justice Hill,Jalin Hyatt,5995,9497,634,816,-182,78.7,36.8,41.9
2023,RB,WR,RB_vs_WR,Justice Hill,Khalil Shakir,5995,8134,634,785,-151,78.7,63.6,15.1
2023,RB,WR,RB_vs_WR,Justice Hill,Richie James,5995,5137,634,743,-109,78.7,7.9,70.8
2023,RB,WR,RB_vs_WR,Justice Hill,Rashid Shaheed,5995,8676,634,698,-64,78.7,97.1,-18.4
2023,RB,WR,RB_vs_WR,Justice Hill,Curtis Samuel,5995,4082,634,690,-56,78.7,92.2,-13.5
2023,RB,WR,RB_vs_WR,Justice Hill,Parris Campbell,5995,5880,634,635,-1,78.7,10.4,68.3
2023,RB,WR,RB_vs_WR,Justice Hill,D.J. Chark,5995,4951,634,611,23,78.7,77.9,0.8
2023,RB,WR,RB_vs_WR,Justice Hill,Isaiah Hodgins,5995,6920,634,584,50,78.7,35.4,43.3
2023,RB,WR,RB_vs_WR,Justice Hill,Josh Reynolds,5995,4171,634,525,109,78.7,84.4,-5.7
2023,RB,WR,RB_vs_WR,Justice Hill,Hunter Renfrow,5995,5955,634,509,125,78.7,23.5,55.2
2023,RB,WR,RB_vs_WR,Justice Hill,Cedrick Wilson,5995,5113,634,500,134,78.7,45.2,33.5
2023,RB,WR,RB_vs_WR,Justice Hill,Tank Dell,5995,9502,634,485,149,78.7,118,-39.3
2023,RB,WR,RB_vs_WR,Justice Hill,Darius Slayton,5995,6149,634,455,179,78.7,88.8,-10.1
2023,RB,WR,RB_vs_WR,Justice Hill,Dontayvion Wicks,5995,9486,634,453,181,78.7,62.7,16
2023,RB,WR,RB_vs_WR,Justice Hill,DeVante Parker,5995,2319,634,449,185,78.7,38.8,39.9
2023,RB,WR,RB_vs_WR,Justice Hill,Chase Claypool,5995,6886,634,441,193,78.7,13.4,65.3
2023,RB,WR,RB_vs_WR,Rico Dowdle,Jalin Hyatt,7021,9497,628,816,-188,64.5,36.8,27.7
2023,RB,WR,RB_vs_WR,Rico Dowdle,Khalil Shakir,7021,8134,628,785,-157,64.5,63.6,0.9
2023,RB,WR,RB_vs_WR,Rico Dowdle,Richie James,7021,5137,628,743,-115,64.5,7.9,56.6
2023,RB,WR,RB_vs_WR,Rico Dowdle,Rashid Shaheed,7021,8676,628,698,-70,64.5,97.1,-32.6
2023,RB,WR,RB_vs_WR,Rico Dowdle,Curtis Samuel,7021,4082,628,690,-62,64.5,92.2,-27.7
2023,RB,WR,RB_vs_WR,Rico Dowdle,Parris Campbell,7021,5880,628,635,-7,64.5,10.4,54.1
2023,RB,WR,RB_vs_WR,Rico Dowdle,D.J. Chark,7021,4951,628,611,17,64.5,77.9,-13.4
2023,RB,WR,RB_vs_WR,Rico Dowdle,Isaiah Hodgins,7021,6920,628,584,44,64.5,35.4,29.1
2023,RB,WR,RB_vs_WR,Rico Dowdle,Josh Reynolds,7021,4171,628,525,103,64.5,84.4,-19.9
2023,RB,WR,RB_vs_WR,Rico Dowdle,Hunter Renfrow,7021,5955,628,509,119,64.5,23.5,41
2023,RB,WR,RB_vs_WR,Rico Dowdle,Cedrick Wilson,7021,5113,628,500,128,64.5,45.2,19.3
2023,RB,WR,RB_vs_WR,Rico Dowdle,Tank Dell,7021,9502,628,485,143,64.5,118,-53.5
2023,RB,WR,RB_vs_WR,Rico Dowdle,Darius Slayton,7021,6149,628,455,173,64.5,88.8,-24.3
2023,RB,WR,RB_vs_WR,Rico Dowdle,Dontayvion Wicks,7021,9486,628,453,175,64.5,62.7,1.8
2023,RB,WR,RB_vs_WR,Rico Dowdle,DeVante Parker,7021,2319,628,449,179,64.5,38.8,25.7
2023,RB,WR,RB_vs_WR,Rico Dowdle,Chase Claypool,7021,6886,628,441,187,64.5,13.4,51.1
2023,RB,WR,RB_vs_WR,Deuce Vaughn,Khalil Shakir,9505,8134,600,785,-185,8,63.6,-55.6
2023,RB,WR,RB_vs_WR,Deuce Vaughn,Richie James,9505,5137,600,743,-143,8,7.9,0.1
2023,RB,WR,RB_vs_WR,Deuce Vaughn,Rashid Shaheed,9505,8676,600,698,-98,8,97.1,-89.1
2023,RB,WR,RB_vs_WR,Deuce Vaughn,Curtis Samuel,9505,4082,600,690,-90,8,92.2,-84.2
2023,RB,WR,RB_vs_WR,Deuce Vaughn,Parris Campbell,9505,5880,600,635,-35,8,10.4,-2.4
2023,RB,WR,RB_vs_WR,Deuce Vaughn,D.J. Chark,9505,4951,600,611,-11,8,77.9,-69.9
2023,RB,WR,RB_vs_WR,Deuce Vaughn,Isaiah Hodgins,9505,6920,600,584,16,8,35.4,-27.4
2023,RB,WR,RB_vs_WR,Deuce Vaughn,Josh Reynolds,9505,4171,600,525,75,8,84.4,-76.4
2023,RB,WR,RB_vs_WR,Deuce Vaughn,Hunter Renfrow,9505,5955,600,509,91,8,23.5,-15.5
2023,RB,WR,RB_vs_WR,Deuce Vaughn,Cedrick Wilson,9505,5113,600,500,100,8,45.2,-37.2
2023,RB,WR,RB_vs_WR,Deuce Vaughn,Tank Dell,9505,9502,600,485,115,8,118,-110
2023,RB,WR,RB_vs_WR,Deuce Vaughn,Darius Slayton,9505,6149,600,455,145,8,88.8,-80.8
2023,RB,WR,RB_vs_WR,Deuce Vaughn,Dontayvion Wicks,9505,9486,600,453,147,8,62.7,-54.7
2023,RB,WR,RB_vs_WR,Deuce Vaughn,DeVante Parker,9505,2319,600,449,151,8,38.8,-30.8
2023,RB,WR,RB_vs_WR,Deuce Vaughn,Chase Claypool,9505,6886,600,441,159,8,13.4,-5.4
2023,RB,WR,RB_vs_WR,Zamir White,Richie James,8139,5137,584,743,-159,46.8,7.9,38.9
2023,RB,WR,RB_vs_WR,Zamir White,Rashid Shaheed,8139,8676,584,698,-114,46.8,97.1,-50.3
2023,RB,WR,RB_vs_WR,Zamir White,Curtis Samuel,8139,4082,584,690,-106,46.8,92.2,-45.4
2023,RB,WR,RB_vs_WR,Zamir White,Parris Campbell,8139,5880,584,635,-51,46.8,10.4,36.4
2023,RB,WR,RB_vs_WR,Zamir White,D.J. Chark,8139,4951,584,611,-27,46.8,77.9,-31.1
2023,RB,WR,RB_vs_WR,Zamir White,Isaiah Hodgins,8139,6920,584,584,0,46.8,35.4,11.4
2023,RB,WR,RB_vs_WR,Zamir White,Josh Reynolds,8139,4171,584,525,59,46.8,84.4,-37.6
2023,RB,WR,RB_vs_WR,Zamir White,Hunter Renfrow,8139,5955,584,509,75,46.8,23.5,23.3
2023,RB,WR,RB_vs_WR,Zamir White,Cedrick Wilson,8139,5113,584,500,84,46.8,45.2,1.6
2023,RB,WR,RB_vs_WR,Zamir White,Tank Dell,8139,9502,584,485,99,46.8,118,-71.2
2023,RB,WR,RB_vs_WR,Zamir White,Darius Slayton,8139,6149,584,455,129,46.8,88.8,-42
2023,RB,WR,RB_vs_WR,Zamir White,Dontayvion Wicks,8139,9486,584,453,131,46.8,62.7,-15.9
2023,RB,WR,RB_vs_WR,Zamir White,DeVante Parker,8139,2319,584,449,135,46.8,38.8,8
2023,RB,WR,RB_vs_WR,Zamir White,Chase Claypool,8139,6886,584,441,143,46.8,13.4,33.4
2023,RB,WR,RB_vs_WR,Zamir White,Michael Wilson,8139,10232,584,395,189,46.8,67,-20.2
2023,RB,WR,RB_vs_WR,Zamir White,Jalen Tolbert,8139,8117,584,394,190,46.8,30,16.8
2023,RB,WR,RB_vs_WR,Evan Hull,Richie James,9220,5137,558,743,-185,0.7,7.9,-7.2
2023,RB,WR,RB_vs_WR,Evan Hull,Rashid Shaheed,9220,8676,558,698,-140,0.7,97.1,-96.4
2023,RB,WR,RB_vs_WR,Evan Hull,Curtis Samuel,9220,4082,558,690,-132,0.7,92.2,-91.5
2023,RB,WR,RB_vs_WR,Evan Hull,Parris Campbell,9220,5880,558,635,-77,0.7,10.4,-9.7
2023,RB,WR,RB_vs_WR,Evan Hull,D.J. Chark,9220,4951,558,611,-53,0.7,77.9,-77.2
2023,RB,WR,RB_vs_WR,Evan Hull,Isaiah Hodgins,9220,6920,558,584,-26,0.7,35.4,-34.7
2023,RB,WR,RB_vs_WR,Evan Hull,Josh Reynolds,9220,4171,558,525,33,0.7,84.4,-83.7
2023,RB,WR,RB_vs_WR,Evan Hull,Hunter Renfrow,9220,5955,558,509,49,0.7,23.5,-22.8
2023,RB,WR,RB_vs_WR,Evan Hull,Cedrick Wilson,9220,5113,558,500,58,0.7,45.2,-44.5
2023,RB,WR,RB_vs_WR,Evan Hull,Tank Dell,9220,9502,558,485,73,0.7,118,-117.3
2023,RB,WR,RB_vs_WR,Evan Hull,Darius Slayton,9220,6149,558,455,103,0.7,88.8,-88.1
2023,RB,WR,RB_vs_WR,Evan Hull,Dontayvion Wicks,9220,9486,558,453,105,0.7,62.7,-62
2023,RB,WR,RB_vs_WR,Evan Hull,DeVante Parker,9220,2319,558,449,109,0.7,38.8,-38.1
2023,RB,WR,RB_vs_WR,Evan Hull,Chase Claypool,9220,6886,558,441,117,0.7,13.4,-12.7
2023,RB,WR,RB_vs_WR,Evan Hull,Michael Wilson,9220,10232,558,395,163,0.7,67,-66.3
2023,RB,WR,RB_vs_WR,Evan Hull,Jalen Tolbert,9220,8117,558,394,164,0.7,30,-29.3
2023,RB,WR,RB_vs_WR,Evan Hull,Quez Watkins,9220,6927,558,376,182,0.7,4.9,-4.2
2023,RB,WR,RB_vs_WR,Evan Hull,Demarcus Robinson,9220,3286,558,368,190,0.7,61.4,-60.7
2023,RB,WR,RB_vs_WR,Evan Hull,Justyn Ross,9220,8140,558,362,196,0.7,3.6,-2.9
2023,RB,WR,RB_vs_WR,Sean Tucker,Rashid Shaheed,9506,8676,520,698,-178,3.2,97.1,-93.9
2023,RB,WR,RB_vs_WR,Sean Tucker,Curtis Samuel,9506,4082,520,690,-170,3.2,92.2,-89
2023,RB,WR,RB_vs_WR,Sean Tucker,Parris Campbell,9506,5880,520,635,-115,3.2,10.4,-7.2
2023,RB,WR,RB_vs_WR,Sean Tucker,D.J. Chark,9506,4951,520,611,-91,3.2,77.9,-74.7
2023,RB,WR,RB_vs_WR,Sean Tucker,Isaiah Hodgins,9506,6920,520,584,-64,3.2,35.4,-32.2
2023,RB,WR,RB_vs_WR,Sean Tucker,Josh Reynolds,9506,4171,520,525,-5,3.2,84.4,-81.2
2023,RB,WR,RB_vs_WR,Sean Tucker,Hunter Renfrow,9506,5955,520,509,11,3.2,23.5,-20.3
2023,RB,WR,RB_vs_WR,Sean Tucker,Cedrick Wilson,9506,5113,520,500,20,3.2,45.2,-42
2023,RB,WR,RB_vs_WR,Sean Tucker,Tank Dell,9506,9502,520,485,35,3.2,118,-114.8
2023,RB,WR,RB_vs_WR,Sean Tucker,Darius Slayton,9506,6149,520,455,65,3.2,88.8,-85.6
2023,RB,WR,RB_vs_WR,Sean Tucker,Dontayvion Wicks,9506,9486,520,453,67,3.2,62.7,-59.5
2023,RB,WR,RB_vs_WR,Sean Tucker,DeVante Parker,9506,2319,520,449,71,3.2,38.8,-35.6
2023,RB,WR,RB_vs_WR,Sean Tucker,Chase Claypool,9506,6886,520,441,79,3.2,13.4,-10.2
2023,RB,WR,RB_vs_WR,Sean Tucker,Michael Wilson,9506,10232,520,395,125,3.2,67,-63.8
2023,RB,WR,RB_vs_WR,Sean Tucker,Jalen Tolbert,9506,8117,520,394,126,3.2,30,-26.8
2023,RB,WR,RB_vs_WR,Sean Tucker,Quez Watkins,9506,6927,520,376,144,3.2,4.9,-1.7
2023,RB,WR,RB_vs_WR,Sean Tucker,Demarcus Robinson,9506,3286,520,368,152,3.2,61.4,-58.2
2023,RB,WR,RB_vs_WR,Sean Tucker,Justyn Ross,9506,8140,520,362,158,3.2,3.6,-0.4
2023,RB,WR,RB_vs_WR,Sean Tucker,Nelson Agholor,9506,2325,520,323,197,3.2,58.2,-55
2023,RB,WR,RB_vs_WR,Sean Tucker,Wan'Dale Robinson,9506,8126,520,321,199,3.2,64.7,-61.5
2023,RB,WR,RB_vs_WR,Ty Chandler,Parris Campbell,8230,5880,489,635,-146,71.1,10.4,60.7
2023,RB,WR,RB_vs_WR,Ty Chandler,D.J. Chark,8230,4951,489,611,-122,71.1,77.9,-6.8
2023,RB,WR,RB_vs_WR,Ty Chandler,Isaiah Hodgins,8230,6920,489,584,-95,71.1,35.4,35.7
2023,RB,WR,RB_vs_WR,Ty Chandler,Josh Reynolds,8230,4171,489,525,-36,71.1,84.4,-13.3
2023,RB,WR,RB_vs_WR,Ty Chandler,Hunter Renfrow,8230,5955,489,509,-20,71.1,23.5,47.6
2023,RB,WR,RB_vs_WR,Ty Chandler,Cedrick Wilson,8230,5113,489,500,-11,71.1,45.2,25.9
2023,RB,WR,RB_vs_WR,Ty Chandler,Tank Dell,8230,9502,489,485,4,71.1,118,-46.9
2023,RB,WR,RB_vs_WR,Ty Chandler,Darius Slayton,8230,6149,489,455,34,71.1,88.8,-17.7
2023,RB,WR,RB_vs_WR,Ty Chandler,Dontayvion Wicks,8230,9486,489,453,36,71.1,62.7,8.4
2023,RB,WR,RB_vs_WR,Ty Chandler,DeVante Parker,8230,2319,489,449,40,71.1,38.8,32.3
2023,RB,WR,RB_vs_WR,Ty Chandler,Chase Claypool,8230,6886,489,441,48,71.1,13.4,57.7
2023,RB,WR,RB_vs_WR,Ty Chandler,Michael Wilson,8230,10232,489,395,94,71.1,67,4.1
2023,RB,WR,RB_vs_WR,Ty Chandler,Jalen Tolbert,8230,8117,489,394,95,71.1,30,41.1
2023,RB,WR,RB_vs_WR,Ty Chandler,Quez Watkins,8230,6927,489,376,113,71.1,4.9,66.2
2023,RB,WR,RB_vs_WR,Ty Chandler,Demarcus Robinson,8230,3286,489,368,121,71.1,61.4,9.7
2023,RB,WR,RB_vs_WR,Ty Chandler,Justyn Ross,8230,8140,489,362,127,71.1,3.6,67.5
2023,RB,WR,RB_vs_WR,Ty Chandler,Nelson Agholor,8230,2325,489,323,166,71.1,58.2,12.9
2023,RB,WR,RB_vs_WR,Ty Chandler,Wan'Dale Robinson,8230,8126,489,321,168,71.1,64.7,6.4
2023,RB,WR,RB_vs_WR,Ty Chandler,Josh Downs,8230,9500,489,311,178,71.1,84.3,-13.2
2023,RB,WR,RB_vs_WR,Ty Chandler,John Metchie,8230,8147,489,291,198,71.1,15.7,55.4
2023,RB,WR,RB_vs_WR,Chase Brown,Parris Campbell,9224,5880,467,635,-168,34.2,10.4,23.8
2023,RB,WR,RB_vs_WR,Chase Brown,D.J. Chark,9224,4951,467,611,-144,34.2,77.9,-43.7
2023,RB,WR,RB_vs_WR,Chase Brown,Isaiah Hodgins,9224,6920,467,584,-117,34.2,35.4,-1.2
2023,RB,WR,RB_vs_WR,Chase Brown,Josh Reynolds,9224,4171,467,525,-58,34.2,84.4,-50.2
2023,RB,WR,RB_vs_WR,Chase Brown,Hunter Renfrow,9224,5955,467,509,-42,34.2,23.5,10.7
2023,RB,WR,RB_vs_WR,Chase Brown,Cedrick Wilson,9224,5113,467,500,-33,34.2,45.2,-11
2023,RB,WR,RB_vs_WR,Chase Brown,Tank Dell,9224,9502,467,485,-18,34.2,118,-83.8
2023,RB,WR,RB_vs_WR,Chase Brown,Darius Slayton,9224,6149,467,455,12,34.2,88.8,-54.6
2023,RB,WR,RB_vs_WR,Chase Brown,Dontayvion Wicks,9224,9486,467,453,14,34.2,62.7,-28.5
2023,RB,WR,RB_vs_WR,Chase Brown,DeVante Parker,9224,2319,467,449,18,34.2,38.8,-4.6
2023,RB,WR,RB_vs_WR,Chase Brown,Chase Claypool,9224,6886,467,441,26,34.2,13.4,20.8
2023,RB,WR,RB_vs_WR,Chase Brown,Michael Wilson,9224,10232,467,395,72,34.2,67,-32.8
2023,RB,WR,RB_vs_WR,Chase Brown,Jalen Tolbert,9224,8117,467,394,73,34.2,30,4.2
2023,RB,WR,RB_vs_WR,Chase Brown,Quez Watkins,9224,6927,467,376,91,34.2,4.9,29.3
2023,RB,WR,RB_vs_WR,Chase Brown,Demarcus Robinson,9224,3286,467,368,99,34.2,61.4,-27.2
2023,RB,WR,RB_vs_WR,Chase Brown,Justyn Ross,9224,8140,467,362,105,34.2,3.6,30.6
2023,RB,WR,RB_vs_WR,Chase Brown,Nelson Agholor,9224,2325,467,323,144,34.2,58.2,-24
2023,RB,WR,RB_vs_WR,Chase Brown,Wan'Dale Robinson,9224,8126,467,321,146,34.2,64.7,-30.5
2023,RB,WR,RB_vs_WR,Chase Brown,Josh Downs,9224,9500,467,311,156,34.2,84.3,-50.1
2023,RB,WR,RB_vs_WR,Chase Brown,John Metchie,9224,8147,467,291,176,34.2,15.7,18.5
2023,RB,WR,RB_vs_WR,Chase Brown,Cedric Tillman,9224,10444,467,282,185,34.2,18.9,15.3
2023,RB,WR,RB_vs_WR,Chase Brown,Terrace Marshall,9224,7565,467,282,185,34.2,13.4,20.8
2023,RB,WR,RB_vs_WR,Chase Brown,Trey Palmer,9224,9492,467,272,195,34.2,55.7,-21.5
2023,RB,WR,RB_vs_WR,Jordan Mason,Parris Campbell,8408,5880,437,635,-198,36.9,10.4,26.5
2023,RB,WR,RB_vs_WR,Jordan Mason,D.J. Chark,8408,4951,437,611,-174,36.9,77.9,-41
2023,RB,WR,RB_vs_WR,Jordan Mason,Isaiah Hodgins,8408,6920,437,584,-147,36.9,35.4,1.5
2023,RB,WR,RB_vs_WR,Jordan Mason,Josh Reynolds,8408,4171,437,525,-88,36.9,84.4,-47.5
2023,RB,WR,RB_vs_WR,Jordan Mason,Hunter Renfrow,8408,5955,437,509,-72,36.9,23.5,13.4
2023,RB,WR,RB_vs_WR,Jordan Mason,Cedrick Wilson,8408,5113,437,500,-63,36.9,45.2,-8.3
2023,RB,WR,RB_vs_WR,Jordan Mason,Tank Dell,8408,9502,437,485,-48,36.9,118,-81.1
2023,RB,WR,RB_vs_WR,Jordan Mason,Darius Slayton,8408,6149,437,455,-18,36.9,88.8,-51.9
2023,RB,WR,RB_vs_WR,Jordan Mason,Dontayvion Wicks,8408,9486,437,453,-16,36.9,62.7,-25.8
2023,RB,WR,RB_vs_WR,Jordan Mason,DeVante Parker,8408,2319,437,449,-12,36.9,38.8,-1.9
2023,RB,WR,RB_vs_WR,Jordan Mason,Chase Claypool,8408,6886,437,441,-4,36.9,13.4,23.5
2023,RB,WR,RB_vs_WR,Jordan Mason,Michael Wilson,8408,10232,437,395,42,36.9,67,-30.1
2023,RB,WR,RB_vs_WR,Jordan Mason,Jalen Tolbert,8408,8117,437,394,43,36.9,30,6.9
2023,RB,WR,RB_vs_WR,Jordan Mason,Quez Watkins,8408,6927,437,376,61,36.9,4.9,32
2023,RB,WR,RB_vs_WR,Jordan Mason,Demarcus Robinson,8408,3286,437,368,69,36.9,61.4,-24.5
2023,RB,WR,RB_vs_WR,Jordan Mason,Justyn Ross,8408,8140,437,362,75,36.9,3.6,33.3
2023,RB,WR,RB_vs_WR,Jordan Mason,Nelson Agholor,8408,2325,437,323,114,36.9,58.2,-21.3
2023,RB,WR,RB_vs_WR,Jordan Mason,Wan'Dale Robinson,8408,8126,437,321,116,36.9,64.7,-27.8
2023,RB,WR,RB_vs_WR,Jordan Mason,Josh Downs,8408,9500,437,311,126,36.9,84.3,-47.4
2023,RB,WR,RB_vs_WR,Jordan Mason,John Metchie,8408,8147,437,291,146,36.9,15.7,21.2
2023,RB,WR,RB_vs_WR,Jordan Mason,Cedric Tillman,8408,10444,437,282,155,36.9,18.9,18
2023,RB,WR,RB_vs_WR,Jordan Mason,Terrace Marshall,8408,7565,437,282,155,36.9,13.4,23.5
2023,RB,WR,RB_vs_WR,Jordan Mason,Trey Palmer,8408,9492,437,272,165,36.9,55.7,-18.8
2023,RB,WR,RB_vs_WR,Jordan Mason,Robert Woods,8408,1352,437,262,175,36.9,49.3,-12.4
2023,RB,WR,RB_vs_WR,Jordan Mason,Calvin Austin III,8408,8125,437,260,177,36.9,34.9,2
2023,RB,WR,RB_vs_WR,Jordan Mason,Kendrick Bourne,8408,4454,437,246,191,36.9,63,-26.1
2023,RB,WR,RB_vs_WR,Jordan Mason,Tyquan Thornton,8408,8188,437,240,197,36.9,14.2,22.7
2023,RB,WR,RB_vs_WR,Joshua Kelley,D.J. Chark,7045,4951,425,611,-186,53.6,77.9,-24.3
2023,RB,WR,RB_vs_WR,Joshua Kelley,Isaiah Hodgins,7045,6920,425,584,-159,53.6,35.4,18.2
2023,RB,WR,RB_vs_WR,Joshua Kelley,Josh Reynolds,7045,4171,425,525,-100,53.6,84.4,-30.8
2023,RB,WR,RB_vs_WR,Joshua Kelley,Hunter Renfrow,7045,5955,425,509,-84,53.6,23.5,30.1
2023,RB,WR,RB_vs_WR,Joshua Kelley,Cedrick Wilson,7045,5113,425,500,-75,53.6,45.2,8.4
2023,RB,WR,RB_vs_WR,Joshua Kelley,Tank Dell,7045,9502,425,485,-60,53.6,118,-64.4
2023,RB,WR,RB_vs_WR,Joshua Kelley,Darius Slayton,7045,6149,425,455,-30,53.6,88.8,-35.2
2023,RB,WR,RB_vs_WR,Joshua Kelley,Dontayvion Wicks,7045,9486,425,453,-28,53.6,62.7,-9.1
2023,RB,WR,RB_vs_WR,Joshua Kelley,DeVante Parker,7045,2319,425,449,-24,53.6,38.8,14.8
2023,RB,WR,RB_vs_WR,Joshua Kelley,Chase Claypool,7045,6886,425,441,-16,53.6,13.4,40.2
2023,RB,WR,RB_vs_WR,Joshua Kelley,Michael Wilson,7045,10232,425,395,30,53.6,67,-13.4
2023,RB,WR,RB_vs_WR,Joshua Kelley,Jalen Tolbert,7045,8117,425,394,31,53.6,30,23.6
2023,RB,WR,RB_vs_WR,Joshua Kelley,Quez Watkins,7045,6927,425,376,49,53.6,4.9,48.7
2023,RB,WR,RB_vs_WR,Joshua Kelley,Demarcus Robinson,7045,3286,425,368,57,53.6,61.4,-7.8
2023,RB,WR,RB_vs_WR,Joshua Kelley,Justyn Ross,7045,8140,425,362,63,53.6,3.6,50
2023,RB,WR,RB_vs_WR,Joshua Kelley,Nelson Agholor,7045,2325,425,323,102,53.6,58.2,-4.6
2023,RB,WR,RB_vs_WR,Joshua Kelley,Wan'Dale Robinson,7045,8126,425,321,104,53.6,64.7,-11.1
2023,RB,WR,RB_vs_WR,Joshua Kelley,Josh Downs,7045,9500,425,311,114,53.6,84.3,-30.7
2023,RB,WR,RB_vs_WR,Joshua Kelley,John Metchie,7045,8147,425,291,134,53.6,15.7,37.9
2023,RB,WR,RB_vs_WR,Joshua Kelley,Cedric Tillman,7045,10444,425,282,143,53.6,18.9,34.7
2023,RB,WR,RB_vs_WR,Joshua Kelley,Terrace Marshall,7045,7565,425,282,143,53.6,13.4,40.2
2023,RB,WR,RB_vs_WR,Joshua Kelley,Trey Palmer,7045,9492,425,272,153,53.6,55.7,-2.1
2023,RB,WR,RB_vs_WR,Joshua Kelley,Robert Woods,7045,1352,425,262,163,53.6,49.3,4.3
2023,RB,WR,RB_vs_WR,Joshua Kelley,Calvin Austin III,7045,8125,425,260,165,53.6,34.9,18.7
2023,RB,WR,RB_vs_WR,Joshua Kelley,Kendrick Bourne,7045,4454,425,246,179,53.6,63,-9.4
2023,RB,WR,RB_vs_WR,Joshua Kelley,Tyquan Thornton,7045,8188,425,240,185,53.6,14.2,39.4
2023,RB,WR,RB_vs_WR,Joshua Kelley,Deonte Harty,7045,6234,425,227,198,53.6,17.8,35.8
2023,RB,WR,RB_vs_WR,Joshua Kelley,Tutu Atwell,7045,7562,425,226,199,53.6,71.1,-17.5
2023,RB,WR,RB_vs_WR,Cordarrelle Patterson,Isaiah Hodgins,1535,6920,389,584,-195,25.9,35.4,-9.5
2023,RB,WR,RB_vs_WR,Cordarrelle Patterson,Josh Reynolds,1535,4171,389,525,-136,25.9,84.4,-58.5
2023,RB,WR,RB_vs_WR,Cordarrelle Patterson,Hunter Renfrow,1535,5955,389,509,-120,25.9,23.5,2.4
2023,RB,WR,RB_vs_WR,Cordarrelle Patterson,Cedrick Wilson,1535,5113,389,500,-111,25.9,45.2,-19.3
2023,RB,WR,RB_vs_WR,Cordarrelle Patterson,Tank Dell,1535,9502,389,485,-96,25.9,118,-92.1
2023,RB,WR,RB_vs_WR,Cordarrelle Patterson,Darius Slayton,1535,6149,389,455,-66,25.9,88.8,-62.9
2023,RB,WR,RB_vs_WR,Cordarrelle Patterson,Dontayvion Wicks,1535,9486,389,453,-64,25.9,62.7,-36.8
2023,RB,WR,RB_vs_WR,Cordarrelle Patterson,DeVante Parker,1535,2319,389,449,-60,25.9,38.8,-12.9
2023,RB,WR,RB_vs_WR,Cordarrelle Patterson,Chase Claypool,1535,6886,389,441,-52,25.9,13.4,12.5
2023,RB,WR,RB_vs_WR,Cordarrelle Patterson,Michael Wilson,1535,10232,389,395,-6,25.9,67,-41.1
2023,RB,WR,RB_vs_WR,Cordarrelle Patterson,Jalen Tolbert,1535,8117,389,394,-5,25.9,30,-4.1
2023,RB,WR,RB_vs_WR,Cordarrelle Patterson,Quez Watkins,1535,6927,389,376,13,25.9,4.9,21
2023,RB,WR,RB_vs_WR,Cordarrelle Patterson,Demarcus Robinson,1535,3286,389,368,21,25.9,61.4,-35.5
2023,RB,WR,RB_vs_WR,Cordarrelle Patterson,Justyn Ross,1535,8140,389,362,27,25.9,3.6,22.3
2023,RB,WR,RB_vs_WR,Cordarrelle Patterson,Nelson Agholor,1535,2325,389,323,66,25.9,58.2,-32.3
2023,RB,WR,RB_vs_WR,Cordarrelle Patterson,Wan'Dale Robinson,1535,8126,389,321,68,25.9,64.7,-38.8
2023,RB,WR,RB_vs_WR,Cordarrelle Patterson,Josh Downs,1535,9500,389,311,78,25.9,84.3,-58.4
2023,RB,WR,RB_vs_WR,Cordarrelle Patterson,John Metchie,1535,8147,389,291,98,25.9,15.7,10.2
2023,RB,WR,RB_vs_WR,Cordarrelle Patterson,Cedric Tillman,1535,10444,389,282,107,25.9,18.9,7
2023,RB,WR,RB_vs_WR,Cordarrelle Patterson,Terrace Marshall,1535,7565,389,282,107,25.9,13.4,12.5
2023,RB,WR,RB_vs_WR,Cordarrelle Patterson,Trey Palmer,1535,9492,389,272,117,25.9,55.7,-29.8
2023,RB,WR,RB_vs_WR,Cordarrelle Patterson,Robert Woods,1535,1352,389,262,127,25.9,49.3,-23.4
2023,RB,WR,RB_vs_WR,Cordarrelle Patterson,Calvin Austin III,1535,8125,389,260,129,25.9,34.9,-9
2023,RB,WR,RB_vs_WR,Cordarrelle Patterson,Kendrick Bourne,1535,4454,389,246,143,25.9,63,-37.1
2023,RB,WR,RB_vs_WR,Cordarrelle Patterson,Tyquan Thornton,1535,8188,389,240,149,25.9,14.2,11.7
2023,RB,WR,RB_vs_WR,Cordarrelle Patterson,Deonte Harty,1535,6234,389,227,162,25.9,17.8,8.1
2023,RB,WR,RB_vs_WR,Cordarrelle Patterson,Tutu Atwell,1535,7562,389,226,163,25.9,71.1,-45.2
2023,RB,WR,RB_vs_WR,Cordarrelle Patterson,A.T. Perry,1535,10863,389,206,183,25.9,31.3,-5.4
2023,RB,WR,RB_vs_WR,Isaiah Spiller,Josh Reynolds,8153,4171,380,525,-145,13,84.4,-71.4
2023,RB,WR,RB_vs_WR,Isaiah Spiller,Hunter Renfrow,8153,5955,380,509,-129,13,23.5,-10.5
2023,RB,WR,RB_vs_WR,Isaiah Spiller,Cedrick Wilson,8153,5113,380,500,-120,13,45.2,-32.2
2023,RB,WR,RB_vs_WR,Isaiah Spiller,Tank Dell,8153,9502,380,485,-105,13,118,-105
2023,RB,WR,RB_vs_WR,Isaiah Spiller,Darius Slayton,8153,6149,380,455,-75,13,88.8,-75.8
2023,RB,WR,RB_vs_WR,Isaiah Spiller,Dontayvion Wicks,8153,9486,380,453,-73,13,62.7,-49.7
2023,RB,WR,RB_vs_WR,Isaiah Spiller,DeVante Parker,8153,2319,380,449,-69,13,38.8,-25.8
2023,RB,WR,RB_vs_WR,Isaiah Spiller,Chase Claypool,8153,6886,380,441,-61,13,13.4,-0.4
2023,RB,WR,RB_vs_WR,Isaiah Spiller,Michael Wilson,8153,10232,380,395,-15,13,67,-54
2023,RB,WR,RB_vs_WR,Isaiah Spiller,Jalen Tolbert,8153,8117,380,394,-14,13,30,-17
2023,RB,WR,RB_vs_WR,Isaiah Spiller,Quez Watkins,8153,6927,380,376,4,13,4.9,8.1
2023,RB,WR,RB_vs_WR,Isaiah Spiller,Demarcus Robinson,8153,3286,380,368,12,13,61.4,-48.4
2023,RB,WR,RB_vs_WR,Isaiah Spiller,Justyn Ross,8153,8140,380,362,18,13,3.6,9.4
2023,RB,WR,RB_vs_WR,Isaiah Spiller,Nelson Agholor,8153,2325,380,323,57,13,58.2,-45.2
2023,RB,WR,RB_vs_WR,Isaiah Spiller,Wan'Dale Robinson,8153,8126,380,321,59,13,64.7,-51.7
2023,RB,WR,RB_vs_WR,Isaiah Spiller,Josh Downs,8153,9500,380,311,69,13,84.3,-71.3
2023,RB,WR,RB_vs_WR,Isaiah Spiller,John Metchie,8153,8147,380,291,89,13,15.7,-2.7
2023,RB,WR,RB_vs_WR,Isaiah Spiller,Cedric Tillman,8153,10444,380,282,98,13,18.9,-5.9
2023,RB,WR,RB_vs_WR,Isaiah Spiller,Terrace Marshall,8153,7565,380,282,98,13,13.4,-0.4
2023,RB,WR,RB_vs_WR,Isaiah Spiller,Trey Palmer,8153,9492,380,272,108,13,55.7,-42.7
2023,RB,WR,RB_vs_WR,Isaiah Spiller,Robert Woods,8153,1352,380,262,118,13,49.3,-36.3
2023,RB,WR,RB_vs_WR,Isaiah Spiller,Calvin Austin III,8153,8125,380,260,120,13,34.9,-21.9
2023,RB,WR,RB_vs_WR,Isaiah Spiller,Kendrick Bourne,8153,4454,380,246,134,13,63,-50
2023,RB,WR,RB_vs_WR,Isaiah Spiller,Tyquan Thornton,8153,8188,380,240,140,13,14.2,-1.2
2023,RB,WR,RB_vs_WR,Isaiah Spiller,Deonte Harty,8153,6234,380,227,153,13,17.8,-4.8
2023,RB,WR,RB_vs_WR,Isaiah Spiller,Tutu Atwell,8153,7562,380,226,154,13,71.1,-58.1
2023,RB,WR,RB_vs_WR,Isaiah Spiller,A.T. Perry,8153,10863,380,206,174,13,31.3,-18.3
2023,RB,WR,RB_vs_WR,Keaontay Ingram,Josh Reynolds,8221,4171,369,525,-156,10,84.4,-74.4
2023,RB,WR,RB_vs_WR,Keaontay Ingram,Hunter Renfrow,8221,5955,369,509,-140,10,23.5,-13.5
2023,RB,WR,RB_vs_WR,Keaontay Ingram,Cedrick Wilson,8221,5113,369,500,-131,10,45.2,-35.2
2023,RB,WR,RB_vs_WR,Keaontay Ingram,Tank Dell,8221,9502,369,485,-116,10,118,-108
2023,RB,WR,RB_vs_WR,Keaontay Ingram,Darius Slayton,8221,6149,369,455,-86,10,88.8,-78.8
2023,RB,WR,RB_vs_WR,Keaontay Ingram,Dontayvion Wicks,8221,9486,369,453,-84,10,62.7,-52.7
2023,RB,WR,RB_vs_WR,Keaontay Ingram,DeVante Parker,8221,2319,369,449,-80,10,38.8,-28.8
2023,RB,WR,RB_vs_WR,Keaontay Ingram,Chase Claypool,8221,6886,369,441,-72,10,13.4,-3.4
2023,RB,WR,RB_vs_WR,Keaontay Ingram,Michael Wilson,8221,10232,369,395,-26,10,67,-57
2023,RB,WR,RB_vs_WR,Keaontay Ingram,Jalen Tolbert,8221,8117,369,394,-25,10,30,-20
2023,RB,WR,RB_vs_WR,Keaontay Ingram,Quez Watkins,8221,6927,369,376,-7,10,4.9,5.1
2023,RB,WR,RB_vs_WR,Keaontay Ingram,Demarcus Robinson,8221,3286,369,368,1,10,61.4,-51.4
2023,RB,WR,RB_vs_WR,Keaontay Ingram,Justyn Ross,8221,8140,369,362,7,10,3.6,6.4
2023,RB,WR,RB_vs_WR,Keaontay Ingram,Nelson Agholor,8221,2325,369,323,46,10,58.2,-48.2
2023,RB,WR,RB_vs_WR,Keaontay Ingram,Wan'Dale Robinson,8221,8126,369,321,48,10,64.7,-54.7
2023,RB,WR,RB_vs_WR,Keaontay Ingram,Josh Downs,8221,9500,369,311,58,10,84.3,-74.3
2023,RB,WR,RB_vs_WR,Keaontay Ingram,John Metchie,8221,8147,369,291,78,10,15.7,-5.7
2023,RB,WR,RB_vs_WR,Keaontay Ingram,Cedric Tillman,8221,10444,369,282,87,10,18.9,-8.9
2023,RB,WR,RB_vs_WR,Keaontay Ingram,Terrace Marshall,8221,7565,369,282,87,10,13.4,-3.4
2023,RB,WR,RB_vs_WR,Keaontay Ingram,Trey Palmer,8221,9492,369,272,97,10,55.7,-45.7
2023,RB,WR,RB_vs_WR,Keaontay Ingram,Robert Woods,8221,1352,369,262,107,10,49.3,-39.3
2023,RB,WR,RB_vs_WR,Keaontay Ingram,Calvin Austin III,8221,8125,369,260,109,10,34.9,-24.9
2023,RB,WR,RB_vs_WR,Keaontay Ingram,Kendrick Bourne,8221,4454,369,246,123,10,63,-53
2023,RB,WR,RB_vs_WR,Keaontay Ingram,Tyquan Thornton,8221,8188,369,240,129,10,14.2,-4.2
2023,RB,WR,RB_vs_WR,Keaontay Ingram,Deonte Harty,8221,6234,369,227,142,10,17.8,-7.8
2023,RB,WR,RB_vs_WR,Keaontay Ingram,Tutu Atwell,8221,7562,369,226,143,10,71.1,-61.1
2023,RB,WR,RB_vs_WR,Keaontay Ingram,A.T. Perry,8221,10863,369,206,163,10,31.3,-21.3
2023,RB,WR,RB_vs_WR,Chase Edmonds,Josh Reynolds,5000,4171,331,525,-194,23.3,84.4,-61.1
2023,RB,WR,RB_vs_WR,Chase Edmonds,Hunter Renfrow,5000,5955,331,509,-178,23.3,23.5,-0.2
2023,RB,WR,RB_vs_WR,Chase Edmonds,Cedrick Wilson,5000,5113,331,500,-169,23.3,45.2,-21.9
2023,RB,WR,RB_vs_WR,Chase Edmonds,Tank Dell,5000,9502,331,485,-154,23.3,118,-94.7
2023,RB,WR,RB_vs_WR,Chase Edmonds,Darius Slayton,5000,6149,331,455,-124,23.3,88.8,-65.5
2023,RB,WR,RB_vs_WR,Chase Edmonds,Dontayvion Wicks,5000,9486,331,453,-122,23.3,62.7,-39.4
2023,RB,WR,RB_vs_WR,Chase Edmonds,DeVante Parker,5000,2319,331,449,-118,23.3,38.8,-15.5
2023,RB,WR,RB_vs_WR,Chase Edmonds,Chase Claypool,5000,6886,331,441,-110,23.3,13.4,9.9
2023,RB,WR,RB_vs_WR,Chase Edmonds,Michael Wilson,5000,10232,331,395,-64,23.3,67,-43.7
2023,RB,WR,RB_vs_WR,Chase Edmonds,Jalen Tolbert,5000,8117,331,394,-63,23.3,30,-6.7
2023,RB,WR,RB_vs_WR,Chase Edmonds,Quez Watkins,5000,6927,331,376,-45,23.3,4.9,18.4
2023,RB,WR,RB_vs_WR,Chase Edmonds,Demarcus Robinson,5000,3286,331,368,-37,23.3,61.4,-38.1
2023,RB,WR,RB_vs_WR,Chase Edmonds,Justyn Ross,5000,8140,331,362,-31,23.3,3.6,19.7
2023,RB,WR,RB_vs_WR,Chase Edmonds,Nelson Agholor,5000,2325,331,323,8,23.3,58.2,-34.9
2023,RB,WR,RB_vs_WR,Chase Edmonds,Wan'Dale Robinson,5000,8126,331,321,10,23.3,64.7,-41.4
2023,RB,WR,RB_vs_WR,Chase Edmonds,Josh Downs,5000,9500,331,311,20,23.3,84.3,-61
2023,RB,WR,RB_vs_WR,Chase Edmonds,John Metchie,5000,8147,331,291,40,23.3,15.7,7.6
2023,RB,WR,RB_vs_WR,Chase Edmonds,Cedric Tillman,5000,10444,331,282,49,23.3,18.9,4.4
2023,RB,WR,RB_vs_WR,Chase Edmonds,Terrace Marshall,5000,7565,331,282,49,23.3,13.4,9.9
2023,RB,WR,RB_vs_WR,Chase Edmonds,Trey Palmer,5000,9492,331,272,59,23.3,55.7,-32.4
2023,RB,WR,RB_vs_WR,Chase Edmonds,Robert Woods,5000,1352,331,262,69,23.3,49.3,-26
2023,RB,WR,RB_vs_WR,Chase Edmonds,Calvin Austin III,5000,8125,331,260,71,23.3,34.9,-11.6
2023,RB,WR,RB_vs_WR,Chase Edmonds,Kendrick Bourne,5000,4454,331,246,85,23.3,63,-39.7
2023,RB,WR,RB_vs_WR,Chase Edmonds,Tyquan Thornton,5000,8188,331,240,91,23.3,14.2,9.1
2023,RB,WR,RB_vs_WR,Chase Edmonds,Deonte Harty,5000,6234,331,227,104,23.3,17.8,5.5
2023,RB,WR,RB_vs_WR,Chase Edmonds,Tutu Atwell,5000,7562,331,226,105,23.3,71.1,-47.8
2023,RB,WR,RB_vs_WR,Chase Edmonds,A.T. Perry,5000,10863,331,206,125,23.3,31.3,-8
2023,RB,WR,RB_vs_WR,Chris Evans,Hunter Renfrow,7794,5955,317,509,-192,1.1,23.5,-22.4
2023,RB,WR,RB_vs_WR,Chris Evans,Cedrick Wilson,7794,5113,317,500,-183,1.1,45.2,-44.1
2023,RB,WR,RB_vs_WR,Chris Evans,Tank Dell,7794,9502,317,485,-168,1.1,118,-116.9
2023,RB,WR,RB_vs_WR,Chris Evans,Darius Slayton,7794,6149,317,455,-138,1.1,88.8,-87.7
2023,RB,WR,RB_vs_WR,Chris Evans,Dontayvion Wicks,7794,9486,317,453,-136,1.1,62.7,-61.6
2023,RB,WR,RB_vs_WR,Chris Evans,DeVante Parker,7794,2319,317,449,-132,1.1,38.8,-37.7
2023,RB,WR,RB_vs_WR,Chris Evans,Chase Claypool,7794,6886,317,441,-124,1.1,13.4,-12.3
2023,RB,WR,RB_vs_WR,Chris Evans,Michael Wilson,7794,10232,317,395,-78,1.1,67,-65.9
2023,RB,WR,RB_vs_WR,Chris Evans,Jalen Tolbert,7794,8117,317,394,-77,1.1,30,-28.9
2023,RB,WR,RB_vs_WR,Chris Evans,Quez Watkins,7794,6927,317,376,-59,1.1,4.9,-3.8
2023,RB,WR,RB_vs_WR,Chris Evans,Demarcus Robinson,7794,3286,317,368,-51,1.1,61.4,-60.3
2023,RB,WR,RB_vs_WR,Chris Evans,Justyn Ross,7794,8140,317,362,-45,1.1,3.6,-2.5
2023,RB,WR,RB_vs_WR,Chris Evans,Nelson Agholor,7794,2325,317,323,-6,1.1,58.2,-57.1
2023,RB,WR,RB_vs_WR,Chris Evans,Wan'Dale Robinson,7794,8126,317,321,-4,1.1,64.7,-63.6
2023,RB,WR,RB_vs_WR,Chris Evans,Josh Downs,7794,9500,317,311,6,1.1,84.3,-83.2
2023,RB,WR,RB_vs_WR,Chris Evans,John Metchie,7794,8147,317,291,26,1.1,15.7,-14.6
2023,RB,WR,RB_vs_WR,Chris Evans,Cedric Tillman,7794,10444,317,282,35,1.1,18.9,-17.8
2023,RB,WR,RB_vs_WR,Chris Evans,Terrace Marshall,7794,7565,317,282,35,1.1,13.4,-12.3
2023,RB,WR,RB_vs_WR,Chris Evans,Trey Palmer,7794,9492,317,272,45,1.1,55.7,-54.6
2023,RB,WR,RB_vs_WR,Chris Evans,Robert Woods,7794,1352,317,262,55,1.1,49.3,-48.2
2023,RB,WR,RB_vs_WR,Chris Evans,Calvin Austin III,7794,8125,317,260,57,1.1,34.9,-33.8
2023,RB,WR,RB_vs_WR,Chris Evans,Kendrick Bourne,7794,4454,317,246,71,1.1,63,-61.9
2023,RB,WR,RB_vs_WR,Chris Evans,Tyquan Thornton,7794,8188,317,240,77,1.1,14.2,-13.1
2023,RB,WR,RB_vs_WR,Chris Evans,Deonte Harty,7794,6234,317,227,90,1.1,17.8,-16.7
2023,RB,WR,RB_vs_WR,Chris Evans,Tutu Atwell,7794,7562,317,226,91,1.1,71.1,-70
2023,RB,WR,RB_vs_WR,Chris Evans,A.T. Perry,7794,10863,317,206,111,1.1,31.3,-30.2
2023,RB,WR,RB_vs_WR,Michael Carter,Hunter Renfrow,7607,5955,313,509,-196,32.9,23.5,9.4
2023,RB,WR,RB_vs_WR,Michael Carter,Cedrick Wilson,7607,5113,313,500,-187,32.9,45.2,-12.3
2023,RB,WR,RB_vs_WR,Michael Carter,Tank Dell,7607,9502,313,485,-172,32.9,118,-85.1
2023,RB,WR,RB_vs_WR,Michael Carter,Darius Slayton,7607,6149,313,455,-142,32.9,88.8,-55.9
2023,RB,WR,RB_vs_WR,Michael Carter,Dontayvion Wicks,7607,9486,313,453,-140,32.9,62.7,-29.8
2023,RB,WR,RB_vs_WR,Michael Carter,DeVante Parker,7607,2319,313,449,-136,32.9,38.8,-5.9
2023,RB,WR,RB_vs_WR,Michael Carter,Chase Claypool,7607,6886,313,441,-128,32.9,13.4,19.5
2023,RB,WR,RB_vs_WR,Michael Carter,Michael Wilson,7607,10232,313,395,-82,32.9,67,-34.1
2023,RB,WR,RB_vs_WR,Michael Carter,Jalen Tolbert,7607,8117,313,394,-81,32.9,30,2.9
2023,RB,WR,RB_vs_WR,Michael Carter,Quez Watkins,7607,6927,313,376,-63,32.9,4.9,28
2023,RB,WR,RB_vs_WR,Michael Carter,Demarcus Robinson,7607,3286,313,368,-55,32.9,61.4,-28.5
2023,RB,WR,RB_vs_WR,Michael Carter,Justyn Ross,7607,8140,313,362,-49,32.9,3.6,29.3
2023,RB,WR,RB_vs_WR,Michael Carter,Nelson Agholor,7607,2325,313,323,-10,32.9,58.2,-25.3
2023,RB,WR,RB_vs_WR,Michael Carter,Wan'Dale Robinson,7607,8126,313,321,-8,32.9,64.7,-31.8
2023,RB,WR,RB_vs_WR,Michael Carter,Josh Downs,7607,9500,313,311,2,32.9,84.3,-51.4
2023,RB,WR,RB_vs_WR,Michael Carter,John Metchie,7607,8147,313,291,22,32.9,15.7,17.2
2023,RB,WR,RB_vs_WR,Michael Carter,Cedric Tillman,7607,10444,313,282,31,32.9,18.9,14
2023,RB,WR,RB_vs_WR,Michael Carter,Terrace Marshall,7607,7565,313,282,31,32.9,13.4,19.5
2023,RB,WR,RB_vs_WR,Michael Carter,Trey Palmer,7607,9492,313,272,41,32.9,55.7,-22.8
2023,RB,WR,RB_vs_WR,Michael Carter,Robert Woods,7607,1352,313,262,51,32.9,49.3,-16.4
2023,RB,WR,RB_vs_WR,Michael Carter,Calvin Austin III,7607,8125,313,260,53,32.9,34.9,-2
2023,RB,WR,RB_vs_WR,Michael Carter,Kendrick Bourne,7607,4454,313,246,67,32.9,63,-30.1
2023,RB,WR,RB_vs_WR,Michael Carter,Tyquan Thornton,7607,8188,313,240,73,32.9,14.2,18.7
2023,RB,WR,RB_vs_WR,Michael Carter,Deonte Harty,7607,6234,313,227,86,32.9,17.8,15.1
2023,RB,WR,RB_vs_WR,Michael Carter,Tutu Atwell,7607,7562,313,226,87,32.9,71.1,-38.2
2023,RB,WR,RB_vs_WR,Michael Carter,A.T. Perry,7607,10863,313,206,107,32.9,31.3,1.6
2023,RB,WR,RB_vs_WR,Pierre Strong Jr.,Hunter Renfrow,8116,5955,309,509,-200,31.3,23.5,7.8
2023,RB,WR,RB_vs_WR,Pierre Strong Jr.,Cedrick Wilson,8116,5113,309,500,-191,31.3,45.2,-13.9
2023,RB,WR,RB_vs_WR,Pierre Strong Jr.,Tank Dell,8116,9502,309,485,-176,31.3,118,-86.7
2023,RB,WR,RB_vs_WR,Pierre Strong Jr.,Darius Slayton,8116,6149,309,455,-146,31.3,88.8,-57.5
2023,RB,WR,RB_vs_WR,Pierre Strong Jr.,Dontayvion Wicks,8116,9486,309,453,-144,31.3,62.7,-31.4
2023,RB,WR,RB_vs_WR,Pierre Strong Jr.,DeVante Parker,8116,2319,309,449,-140,31.3,38.8,-7.5
2023,RB,WR,RB_vs_WR,Pierre Strong Jr.,Chase Claypool,8116,6886,309,441,-132,31.3,13.4,17.9
2023,RB,WR,RB_vs_WR,Pierre Strong Jr.,Michael Wilson,8116,10232,309,395,-86,31.3,67,-35.7
2023,RB,WR,RB_vs_WR,Pierre Strong Jr.,Jalen Tolbert,8116,8117,309,394,-85,31.3,30,1.3
2023,RB,WR,RB_vs_WR,Pierre Strong Jr.,Quez Watkins,8116,6927,309,376,-67,31.3,4.9,26.4
2023,RB,WR,RB_vs_WR,Pierre Strong Jr.,Demarcus Robinson,8116,3286,309,368,-59,31.3,61.4,-30.1
2023,RB,WR,RB_vs_WR,Pierre Strong Jr.,Justyn Ross,8116,8140,309,362,-53,31.3,3.6,27.7
2023,RB,WR,RB_vs_WR,Pierre Strong Jr.,Nelson Agholor,8116,2325,309,323,-14,31.3,58.2,-26.9
2023,RB,WR,RB_vs_WR,Pierre Strong Jr.,Wan'Dale Robinson,8116,8126,309,321,-12,31.3,64.7,-33.4
2023,RB,WR,RB_vs_WR,Pierre Strong Jr.,Josh Downs,8116,9500,309,311,-2,31.3,84.3,-53
2023,RB,WR,RB_vs_WR,Pierre Strong Jr.,John Metchie,8116,8147,309,291,18,31.3,15.7,15.6
2023,RB,WR,RB_vs_WR,Pierre Strong Jr.,Cedric Tillman,8116,10444,309,282,27,31.3,18.9,12.4
2023,RB,WR,RB_vs_WR,Pierre Strong Jr.,Terrace Marshall,8116,7565,309,282,27,31.3,13.4,17.9
2023,RB,WR,RB_vs_WR,Pierre Strong Jr.,Trey Palmer,8116,9492,309,272,37,31.3,55.7,-24.4
2023,RB,WR,RB_vs_WR,Pierre Strong Jr.,Robert Woods,8116,1352,309,262,47,31.3,49.3,-18
2023,RB,WR,RB_vs_WR,Pierre Strong Jr.,Calvin Austin III,8116,8125,309,260,49,31.3,34.9,-3.6
2023,RB,WR,RB_vs_WR,Pierre Strong Jr.,Kendrick Bourne,8116,4454,309,246,63,31.3,63,-31.7
2023,RB,WR,RB_vs_WR,Pierre Strong Jr.,Tyquan Thornton,8116,8188,309,240,69,31.3,14.2,17.1
2023,RB,WR,RB_vs_WR,Pierre Strong Jr.,Deonte Harty,8116,6234,309,227,82,31.3,17.8,13.5
2023,RB,WR,RB_vs_WR,Pierre Strong Jr.,Tutu Atwell,8116,7562,309,226,83,31.3,71.1,-39.8
2023,RB,WR,RB_vs_WR,Pierre Strong Jr.,A.T. Perry,8116,10863,309,206,103,31.3,31.3,0
2023,RB,WR,RB_vs_WR,Zach Evans,Darius Slayton,9222,6149,278,455,-177,1.6,88.8,-87.2
2023,RB,WR,RB_vs_WR,Zach Evans,Dontayvion Wicks,9222,9486,278,453,-175,1.6,62.7,-61.1
2023,RB,WR,RB_vs_WR,Zach Evans,DeVante Parker,9222,2319,278,449,-171,1.6,38.8,-37.2
2023,RB,WR,RB_vs_WR,Zach Evans,Chase Claypool,9222,6886,278,441,-163,1.6,13.4,-11.8
2023,RB,WR,RB_vs_WR,Zach Evans,Michael Wilson,9222,10232,278,395,-117,1.6,67,-65.4
2023,RB,WR,RB_vs_WR,Zach Evans,Jalen Tolbert,9222,8117,278,394,-116,1.6,30,-28.4
2023,RB,WR,RB_vs_WR,Zach Evans,Quez Watkins,9222,6927,278,376,-98,1.6,4.9,-3.3
2023,RB,WR,RB_vs_WR,Zach Evans,Demarcus Robinson,9222,3286,278,368,-90,1.6,61.4,-59.8
2023,RB,WR,RB_vs_WR,Zach Evans,Justyn Ross,9222,8140,278,362,-84,1.6,3.6,-2
2023,RB,WR,RB_vs_WR,Zach Evans,Nelson Agholor,9222,2325,278,323,-45,1.6,58.2,-56.6
2023,RB,WR,RB_vs_WR,Zach Evans,Wan'Dale Robinson,9222,8126,278,321,-43,1.6,64.7,-63.1
2023,RB,WR,RB_vs_WR,Zach Evans,Josh Downs,9222,9500,278,311,-33,1.6,84.3,-82.7
2023,RB,WR,RB_vs_WR,Zach Evans,John Metchie,9222,8147,278,291,-13,1.6,15.7,-14.1
2023,RB,WR,RB_vs_WR,Zach Evans,Cedric Tillman,9222,10444,278,282,-4,1.6,18.9,-17.3
2023,RB,WR,RB_vs_WR,Zach Evans,Terrace Marshall,9222,7565,278,282,-4,1.6,13.4,-11.8
2023,RB,WR,RB_vs_WR,Zach Evans,Trey Palmer,9222,9492,278,272,6,1.6,55.7,-54.1
2023,RB,WR,RB_vs_WR,Zach Evans,Robert Woods,9222,1352,278,262,16,1.6,49.3,-47.7
2023,RB,WR,RB_vs_WR,Zach Evans,Calvin Austin III,9222,8125,278,260,18,1.6,34.9,-33.3
2023,RB,WR,RB_vs_WR,Zach Evans,Kendrick Bourne,9222,4454,278,246,32,1.6,63,-61.4
2023,RB,WR,RB_vs_WR,Zach Evans,Tyquan Thornton,9222,8188,278,240,38,1.6,14.2,-12.6
2023,RB,WR,RB_vs_WR,Zach Evans,Deonte Harty,9222,6234,278,227,51,1.6,17.8,-16.2
2023,RB,WR,RB_vs_WR,Zach Evans,Tutu Atwell,9222,7562,278,226,52,1.6,71.1,-69.5
2023,RB,WR,RB_vs_WR,Zach Evans,A.T. Perry,9222,10863,278,206,72,1.6,31.3,-29.7
2023,RB,WR,RB_vs_WR,Trayveon Williams,Darius Slayton,6144,6149,267,455,-188,8.1,88.8,-80.7
2023,RB,WR,RB_vs_WR,Trayveon Williams,Dontayvion Wicks,6144,9486,267,453,-186,8.1,62.7,-54.6
2023,RB,WR,RB_vs_WR,Trayveon Williams,DeVante Parker,6144,2319,267,449,-182,8.1,38.8,-30.7
2023,RB,WR,RB_vs_WR,Trayveon Williams,Chase Claypool,6144,6886,267,441,-174,8.1,13.4,-5.3
2023,RB,WR,RB_vs_WR,Trayveon Williams,Michael Wilson,6144,10232,267,395,-128,8.1,67,-58.9
2023,RB,WR,RB_vs_WR,Trayveon Williams,Jalen Tolbert,6144,8117,267,394,-127,8.1,30,-21.9
2023,RB,WR,RB_vs_WR,Trayveon Williams,Quez Watkins,6144,6927,267,376,-109,8.1,4.9,3.2
2023,RB,WR,RB_vs_WR,Trayveon Williams,Demarcus Robinson,6144,3286,267,368,-101,8.1,61.4,-53.3
2023,RB,WR,RB_vs_WR,Trayveon Williams,Justyn Ross,6144,8140,267,362,-95,8.1,3.6,4.5
2023,RB,WR,RB_vs_WR,Trayveon Williams,Nelson Agholor,6144,2325,267,323,-56,8.1,58.2,-50.1
2023,RB,WR,RB_vs_WR,Trayveon Williams,Wan'Dale Robinson,6144,8126,267,321,-54,8.1,64.7,-56.6
2023,RB,WR,RB_vs_WR,Trayveon Williams,Josh Downs,6144,9500,267,311,-44,8.1,84.3,-76.2
2023,RB,WR,RB_vs_WR,Trayveon Williams,John Metchie,6144,8147,267,291,-24,8.1,15.7,-7.6
2023,RB,WR,RB_vs_WR,Trayveon Williams,Cedric Tillman,6144,10444,267,282,-15,8.1,18.9,-10.8
2023,RB,WR,RB_vs_WR,Trayveon Williams,Terrace Marshall,6144,7565,267,282,-15,8.1,13.4,-5.3
2023,RB,WR,RB_vs_WR,Trayveon Williams,Trey Palmer,6144,9492,267,272,-5,8.1,55.7,-47.6
2023,RB,WR,RB_vs_WR,Trayveon Williams,Robert Woods,6144,1352,267,262,5,8.1,49.3,-41.2
2023,RB,WR,RB_vs_WR,Trayveon Williams,Calvin Austin III,6144,8125,267,260,7,8.1,34.9,-26.8
2023,RB,WR,RB_vs_WR,Trayveon Williams,Kendrick Bourne,6144,4454,267,246,21,8.1,63,-54.9
2023,RB,WR,RB_vs_WR,Trayveon Williams,Tyquan Thornton,6144,8188,267,240,27,8.1,14.2,-6.1
2023,RB,WR,RB_vs_WR,Trayveon Williams,Deonte Harty,6144,6234,267,227,40,8.1,17.8,-9.7
2023,RB,WR,RB_vs_WR,Trayveon Williams,Tutu Atwell,6144,7562,267,226,41,8.1,71.1,-63
2023,RB,WR,RB_vs_WR,Trayveon Williams,A.T. Perry,6144,10863,267,206,61,8.1,31.3,-23.2
2023,RB,WR,RB_vs_WR,DeeJay Dallas,Chase Claypool,6931,6886,245,441,-196,2.2,13.4,-11.2
2023,RB,WR,RB_vs_WR,DeeJay Dallas,Michael Wilson,6931,10232,245,395,-150,2.2,67,-64.8
2023,RB,WR,RB_vs_WR,DeeJay Dallas,Jalen Tolbert,6931,8117,245,394,-149,2.2,30,-27.8
2023,RB,WR,RB_vs_WR,DeeJay Dallas,Quez Watkins,6931,6927,245,376,-131,2.2,4.9,-2.7
2023,RB,WR,RB_vs_WR,DeeJay Dallas,Demarcus Robinson,6931,3286,245,368,-123,2.2,61.4,-59.2
2023,RB,WR,RB_vs_WR,DeeJay Dallas,Justyn Ross,6931,8140,245,362,-117,2.2,3.6,-1.4
2023,RB,WR,RB_vs_WR,DeeJay Dallas,Nelson Agholor,6931,2325,245,323,-78,2.2,58.2,-56
2023,RB,WR,RB_vs_WR,DeeJay Dallas,Wan'Dale Robinson,6931,8126,245,321,-76,2.2,64.7,-62.5
2023,RB,WR,RB_vs_WR,DeeJay Dallas,Josh Downs,6931,9500,245,311,-66,2.2,84.3,-82.1
2023,RB,WR,RB_vs_WR,DeeJay Dallas,John Metchie,6931,8147,245,291,-46,2.2,15.7,-13.5
2023,RB,WR,RB_vs_WR,DeeJay Dallas,Cedric Tillman,6931,10444,245,282,-37,2.2,18.9,-16.7
2023,RB,WR,RB_vs_WR,DeeJay Dallas,Terrace Marshall,6931,7565,245,282,-37,2.2,13.4,-11.2
2023,RB,WR,RB_vs_WR,DeeJay Dallas,Trey Palmer,6931,9492,245,272,-27,2.2,55.7,-53.5
2023,RB,WR,RB_vs_WR,DeeJay Dallas,Robert Woods,6931,1352,245,262,-17,2.2,49.3,-47.1
2023,RB,WR,RB_vs_WR,DeeJay Dallas,Calvin Austin III,6931,8125,245,260,-15,2.2,34.9,-32.7
2023,RB,WR,RB_vs_WR,DeeJay Dallas,Kendrick Bourne,6931,4454,245,246,-1,2.2,63,-60.8
2023,RB,WR,RB_vs_WR,DeeJay Dallas,Tyquan Thornton,6931,8188,245,240,5,2.2,14.2,-12
2023,RB,WR,RB_vs_WR,DeeJay Dallas,Deonte Harty,6931,6234,245,227,18,2.2,17.8,-15.6
2023,RB,WR,RB_vs_WR,DeeJay Dallas,Tutu Atwell,6931,7562,245,226,19,2.2,71.1,-68.9
2023,RB,WR,RB_vs_WR,DeeJay Dallas,A.T. Perry,6931,10863,245,206,39,2.2,31.3,-29.1
2023,RB,WR,RB_vs_WR,Jaleel McLaughlin,Michael Wilson,11439,10232,239,395,-156,74.4,67,7.4
2023,RB,WR,RB_vs_WR,Jaleel McLaughlin,Jalen Tolbert,11439,8117,239,394,-155,74.4,30,44.4
2023,RB,WR,RB_vs_WR,Jaleel McLaughlin,Quez Watkins,11439,6927,239,376,-137,74.4,4.9,69.5
2023,RB,WR,RB_vs_WR,Jaleel McLaughlin,Demarcus Robinson,11439,3286,239,368,-129,74.4,61.4,13
2023,RB,WR,RB_vs_WR,Jaleel McLaughlin,Justyn Ross,11439,8140,239,362,-123,74.4,3.6,70.8
2023,RB,WR,RB_vs_WR,Jaleel McLaughlin,Nelson Agholor,11439,2325,239,323,-84,74.4,58.2,16.2
2023,RB,WR,RB_vs_WR,Jaleel McLaughlin,Wan'Dale Robinson,11439,8126,239,321,-82,74.4,64.7,9.7
2023,RB,WR,RB_vs_WR,Jaleel McLaughlin,Josh Downs,11439,9500,239,311,-72,74.4,84.3,-9.9
2023,RB,WR,RB_vs_WR,Jaleel McLaughlin,John Metchie,11439,8147,239,291,-52,74.4,15.7,58.7
2023,RB,WR,RB_vs_WR,Jaleel McLaughlin,Cedric Tillman,11439,10444,239,282,-43,74.4,18.9,55.5
2023,RB,WR,RB_vs_WR,Jaleel McLaughlin,Terrace Marshall,11439,7565,239,282,-43,74.4,13.4,61
2023,RB,WR,RB_vs_WR,Jaleel McLaughlin,Trey Palmer,11439,9492,239,272,-33,74.4,55.7,18.7
2023,RB,WR,RB_vs_WR,Jaleel McLaughlin,Robert Woods,11439,1352,239,262,-23,74.4,49.3,25.1
2023,RB,WR,RB_vs_WR,Jaleel McLaughlin,Calvin Austin III,11439,8125,239,260,-21,74.4,34.9,39.5
2023,RB,WR,RB_vs_WR,Jaleel McLaughlin,Kendrick Bourne,11439,4454,239,246,-7,74.4,63,11.4
2023,RB,WR,RB_vs_WR,Jaleel McLaughlin,Tyquan Thornton,11439,8188,239,240,-1,74.4,14.2,60.2
2023,RB,WR,RB_vs_WR,Jaleel McLaughlin,Deonte Harty,11439,6234,239,227,12,74.4,17.8,56.6
2023,RB,WR,RB_vs_WR,Jaleel McLaughlin,Tutu Atwell,11439,7562,239,226,13,74.4,71.1,3.3
2023,RB,WR,RB_vs_WR,Jaleel McLaughlin,A.T. Perry,11439,10863,239,206,33,74.4,31.3,43.1
2023,RB,WR,RB_vs_WR,Salvon Ahmed,Michael Wilson,6918,10232,218,395,-177,26.9,67,-40.1
2023,RB,WR,RB_vs_WR,Salvon Ahmed,Jalen Tolbert,6918,8117,218,394,-176,26.9,30,-3.1
2023,RB,WR,RB_vs_WR,Salvon Ahmed,Quez Watkins,6918,6927,218,376,-158,26.9,4.9,22
2023,RB,WR,RB_vs_WR,Salvon Ahmed,Demarcus Robinson,6918,3286,218,368,-150,26.9,61.4,-34.5
2023,RB,WR,RB_vs_WR,Salvon Ahmed,Justyn Ross,6918,8140,218,362,-144,26.9,3.6,23.3
2023,RB,WR,RB_vs_WR,Salvon Ahmed,Nelson Agholor,6918,2325,218,323,-105,26.9,58.2,-31.3
2023,RB,WR,RB_vs_WR,Salvon Ahmed,Wan'Dale Robinson,6918,8126,218,321,-103,26.9,64.7,-37.8
2023,RB,WR,RB_vs_WR,Salvon Ahmed,Josh Downs,6918,9500,218,311,-93,26.9,84.3,-57.4
2023,RB,WR,RB_vs_WR,Salvon Ahmed,John Metchie,6918,8147,218,291,-73,26.9,15.7,11.2
2023,RB,WR,RB_vs_WR,Salvon Ahmed,Cedric Tillman,6918,10444,218,282,-64,26.9,18.9,8
2023,RB,WR,RB_vs_WR,Salvon Ahmed,Terrace Marshall,6918,7565,218,282,-64,26.9,13.4,13.5
2023,RB,WR,RB_vs_WR,Salvon Ahmed,Trey Palmer,6918,9492,218,272,-54,26.9,55.7,-28.8
2023,RB,WR,RB_vs_WR,Salvon Ahmed,Robert Woods,6918,1352,218,262,-44,26.9,49.3,-22.4
2023,RB,WR,RB_vs_WR,Salvon Ahmed,Calvin Austin III,6918,8125,218,260,-42,26.9,34.9,-8
2023,RB,WR,RB_vs_WR,Salvon Ahmed,Kendrick Bourne,6918,4454,218,246,-28,26.9,63,-36.1
2023,RB,WR,RB_vs_WR,Salvon Ahmed,Tyquan Thornton,6918,8188,218,240,-22,26.9,14.2,12.7
2023,RB,WR,RB_vs_WR,Salvon Ahmed,Deonte Harty,6918,6234,218,227,-9,26.9,17.8,9.1
2023,RB,WR,RB_vs_WR,Salvon Ahmed,Tutu Atwell,6918,7562,218,226,-8,26.9,71.1,-44.2
2023,RB,WR,RB_vs_WR,Salvon Ahmed,A.T. Perry,6918,10863,218,206,12,26.9,31.3,-4.4
2023,RB,TE,RB_vs_TE,Bijan Robinson,Travis Kelce,9509,1466,6413,6612,-199,169.2,172.9,-3.7
2023,RB,TE,RB_vs_TE,Saquon Barkley,Mark Andrews,4866,5012,6113,6174,-61,160.5,112.9,47.6
2023,RB,TE,RB_vs_TE,Derrick Henry,T.J. Hockenson,3198,5844,5594,5702,-108,197.4,171.5,25.9
2023,RB,TE,RB_vs_TE,Derrick Henry,George Kittle,3198,4217,5594,5465,129,197.4,170.7,26.7
2023,RB,TE,RB_vs_TE,Josh Jacobs,T.J. Hockenson,5850,5844,5531,5702,-171,144.1,171.5,-27.4
2023,RB,TE,RB_vs_TE,Josh Jacobs,George Kittle,5850,4217,5531,5465,66,144.1,170.7,-26.6
2023,RB,TE,RB_vs_TE,Tony Pollard,George Kittle,5967,4217,5326,5465,-139,153,170.7,-17.7
2023,RB,TE,RB_vs_TE,Joe Mixon,Darren Waller,4018,2505,4787,4722,65,191.3,80.2,111.1
2023,RB,TE,RB_vs_TE,Najee Harris,Darren Waller,7528,2505,4537,4722,-185,147.2,80.2,67
2023,RB,TE,RB_vs_TE,Najee Harris,Dallas Goedert,7528,5022,4537,4436,101,147.2,105.9,41.3
2023,RB,TE,RB_vs_TE,Breece Hall,Dallas Goedert,8155,5022,4386,4436,-50,187.5,105.9,81.6
2023,RB,TE,RB_vs_TE,Dameon Pierce,Dallas Goedert,8129,5022,4324,4436,-112,69.7,105.9,-36.2
2023,RB,TE,RB_vs_TE,Aaron Jones,Kyle Pitts,4199,7553,4159,4122,37,90.8,107.1,-16.3
2023,RB,TE,RB_vs_TE,James Cook,Kyle Pitts,8138,7553,4047,4122,-75,183.5,107.1,76.4
2023,RB,TE,RB_vs_TE,James Cook,David Njoku,8138,4033,4047,3919,128,183.5,160.7,22.8
2023,RB,TE,RB_vs_TE,James Cook,Evan Engram,8138,4066,4047,3896,151,183.5,154.4,29.1
2023,RB,TE,RB_vs_TE,Alexander Mattison,Kyle Pitts,5987,7553,3939,4122,-183,100.3,107.1,-6.8
2023,RB,TE,RB_vs_TE,Alexander Mattison,David Njoku,5987,4033,3939,3919,20,100.3,160.7,-60.4
2023,RB,TE,RB_vs_TE,Alexander Mattison,Evan Engram,5987,4066,3939,3896,43,100.3,154.4,-54.1
2023,RB,TE,RB_vs_TE,Alexander Mattison,Pat Freiermuth,5987,7600,3939,3779,160,100.3,57.7,42.6
2023,RB,TE,RB_vs_TE,Jonathan Taylor,David Njoku,6813,4033,3828,3919,-91,111.8,160.7,-48.9
2023,RB,TE,RB_vs_TE,Jonathan Taylor,Evan Engram,6813,4066,3828,3896,-68,111.8,154.4,-42.6
2023,RB,TE,RB_vs_TE,Jonathan Taylor,Pat Freiermuth,6813,7600,3828,3779,49,111.8,57.7,54.1
2023,RB,TE,RB_vs_TE,Javonte Williams,David Njoku,7588,4033,3784,3919,-135,118.7,160.7,-42
2023,RB,TE,RB_vs_TE,Javonte Williams,Evan Engram,7588,4066,3784,3896,-112,118.7,154.4,-35.7
2023,RB,TE,RB_vs_TE,Javonte Williams,Pat Freiermuth,7588,7600,3784,3779,5,118.7,57.7,61
2023,RB,TE,RB_vs_TE,Miles Sanders,Pat Freiermuth,6151,7600,3677,3779,-102,58.8,57.7,1.1
2023,RB,TE,RB_vs_TE,Rachaad White,Dalton Kincaid,8136,10236,3578,3424,154,194.6,101.9,92.7
2023,RB,TE,RB_vs_TE,D'Andre Swift,Dalton Kincaid,6790,10236,3534,3424,110,160.3,101.9,58.4
2023,RB,TE,RB_vs_TE,Cam Akers,Dalton Kincaid,6938,10236,3488,3424,64,35.7,101.9,-66.2
2023,RB,TE,RB_vs_TE,Cam Akers,Sam LaPorta,6938,10859,3488,3302,186,35.7,184.9,-149.2
2023,RB,TE,RB_vs_TE,Isiah Pacheco,Dalton Kincaid,8205,10236,3466,3424,42,169.9,101.9,68
2023,RB,TE,RB_vs_TE,Isiah Pacheco,Sam LaPorta,8205,10859,3466,3302,164,169.9,184.9,-15
2023,RB,TE,RB_vs_TE,David Montgomery,Dalton Kincaid,5892,10236,3431,3424,7,181.2,101.9,79.3
2023,RB,TE,RB_vs_TE,David Montgomery,Sam LaPorta,5892,10859,3431,3302,129,181.2,184.9,-3.7
2023,RB,TE,RB_vs_TE,Alvin Kamara,Dalton Kincaid,4035,10236,3355,3424,-69,158,101.9,56.1
2023,RB,TE,RB_vs_TE,Alvin Kamara,Sam LaPorta,4035,10859,3355,3302,53,158,184.9,-26.9
2023,RB,TE,RB_vs_TE,De'Von Achane,Sam LaPorta,9226,10859,3175,3302,-127,151.6,184.9,-33.3
2023,RB,TE,RB_vs_TE,De'Von Achane,Tyler Higbee,9226,3271,3175,3009,166,151.6,85,66.6
2023,RB,TE,RB_vs_TE,De'Von Achane,Dalton Schultz,9226,5001,3175,2977,198,151.6,114.3,37.3
2023,RB,TE,RB_vs_TE,Dalvin Cook,Sam LaPorta,4029,10859,3132,3302,-170,25.2,184.9,-159.7
2023,RB,TE,RB_vs_TE,Dalvin Cook,Tyler Higbee,4029,3271,3132,3009,123,25.2,85,-59.8
2023,RB,TE,RB_vs_TE,Dalvin Cook,Dalton Schultz,4029,5001,3132,2977,155,25.2,114.3,-89.1
2023,RB,TE,RB_vs_TE,James Conner,Tyler Higbee,4137,3271,3098,3009,89,148.1,85,63.1
2023,RB,TE,RB_vs_TE,James Conner,Dalton Schultz,4137,5001,3098,2977,121,148.1,114.3,33.8
2023,RB,TE,RB_vs_TE,Brian Robinson,Tyler Higbee,8154,3271,3017,3009,8,154.6,85,69.6
2023,RB,TE,RB_vs_TE,Brian Robinson,Dalton Schultz,8154,5001,3017,2977,40,154.6,114.3,40.3
2023,RB,TE,RB_vs_TE,Brian Robinson,Jake Ferguson,8154,8110,3017,2823,194,154.6,131.7,22.9
2023,RB,TE,RB_vs_TE,Khalil Herbert,Tyler Higbee,7608,3271,2981,3009,-28,88.4,85,3.4
2023,RB,TE,RB_vs_TE,Khalil Herbert,Dalton Schultz,7608,5001,2981,2977,4,88.4,114.3,-25.9
2023,RB,TE,RB_vs_TE,Khalil Herbert,Jake Ferguson,7608,8110,2981,2823,158,88.4,131.7,-43.3
2023,RB,TE,RB_vs_TE,Antonio Gibson,Tyler Higbee,6945,3271,2920,3009,-89,75.8,85,-9.2
2023,RB,TE,RB_vs_TE,Antonio Gibson,Dalton Schultz,6945,5001,2920,2977,-57,75.8,114.3,-38.5
2023,RB,TE,RB_vs_TE,Antonio Gibson,Jake Ferguson,6945,8110,2920,2823,97,75.8,131.7,-55.9
2023,RB,TE,RB_vs_TE,Antonio Gibson,Dawson Knox,6945,5906,2920,2727,193,75.8,34.4,41.4
2023,RB,TE,RB_vs_TE,Antonio Gibson,Juwan Johnson,6945,7002,2920,2722,198,75.8,73.8,2
2023,RB,TE,RB_vs_TE,AJ Dillon,Tyler Higbee,6828,3271,2880,3009,-129,95.6,85,10.6
2023,RB,TE,RB_vs_TE,AJ Dillon,Dalton Schultz,6828,5001,2880,2977,-97,95.6,114.3,-18.7
2023,RB,TE,RB_vs_TE,AJ Dillon,Jake Ferguson,6828,8110,2880,2823,57,95.6,131.7,-36.1
2023,RB,TE,RB_vs_TE,AJ Dillon,Dawson Knox,6828,5906,2880,2727,153,95.6,34.4,61.2
2023,RB,TE,RB_vs_TE,AJ Dillon,Juwan Johnson,6828,7002,2880,2722,158,95.6,73.8,21.8
2023,RB,TE,RB_vs_TE,Raheem Mostert,Jake Ferguson,2749,8110,2727,2823,-96,242.7,131.7,111
2023,RB,TE,RB_vs_TE,Raheem Mostert,Dawson Knox,2749,5906,2727,2727,0,242.7,34.4,208.3
2023,RB,TE,RB_vs_TE,Raheem Mostert,Juwan Johnson,2749,7002,2727,2722,5,242.7,73.8,168.9
2023,RB,TE,RB_vs_TE,Elijah Mitchell,Dawson Knox,7561,5906,2538,2727,-189,28.8,34.4,-5.6
2023,RB,TE,RB_vs_TE,Elijah Mitchell,Juwan Johnson,7561,7002,2538,2722,-184,28.8,73.8,-45
2023,RB,TE,RB_vs_TE,Elijah Mitchell,Chigoziem Okonkwo,7561,8210,2538,2419,119,28.8,81.8,-53
2023,RB,TE,RB_vs_TE,Elijah Mitchell,Cole Kmet,7561,6826,2538,2400,138,28.8,139,-110.2
2023,RB,TE,RB_vs_TE,Zach Charbonnet,Chigoziem Okonkwo,9753,8210,2513,2419,94,67.1,81.8,-14.7
2023,RB,TE,RB_vs_TE,Zach Charbonnet,Cole Kmet,9753,6826,2513,2400,113,67.1,139,-71.9
2023,RB,TE,RB_vs_TE,Jaylen Warren,Chigoziem Okonkwo,8228,8210,2475,2419,56,132.4,81.8,50.6
2023,RB,TE,RB_vs_TE,Jaylen Warren,Cole Kmet,8228,6826,2475,2400,75,132.4,139,-6.6
2023,RB,TE,RB_vs_TE,Jamaal Williams,Chigoziem Okonkwo,4149,8210,2310,2419,-109,33.4,81.8,-48.4
2023,RB,TE,RB_vs_TE,Jamaal Williams,Cole Kmet,4149,6826,2310,2400,-90,33.4,139,-105.6
2023,RB,TE,RB_vs_TE,Jamaal Williams,Gerald Everett,4149,4089,2310,2182,128,33.4,84.7,-51.3
2023,RB,TE,RB_vs_TE,Jamaal Williams,Greg Dulcich,4149,8172,2310,2124,186,33.4,4,29.4
2023,RB,TE,RB_vs_TE,Samaje Perine,Cole Kmet,4147,6826,2208,2400,-192,68.3,139,-70.7
2023,RB,TE,RB_vs_TE,Samaje Perine,Gerald Everett,4147,4089,2208,2182,26,68.3,84.7,-16.4
2023,RB,TE,RB_vs_TE,Samaje Perine,Greg Dulcich,4147,8172,2208,2124,84,68.3,4,64.3
2023,RB,TE,RB_vs_TE,Samaje Perine,Isaiah Likely,4147,8131,2208,2076,132,68.3,76,-7.7
2023,RB,TE,RB_vs_TE,Jerick McKinnon,Gerald Everett,2161,4089,2132,2182,-50,59.4,84.7,-25.3
2023,RB,TE,RB_vs_TE,Jerick McKinnon,Greg Dulcich,2161,8172,2132,2124,8,59.4,4,55.4
2023,RB,TE,RB_vs_TE,Jerick McKinnon,Isaiah Likely,2161,8131,2132,2076,56,59.4,76,-16.6
2023,RB,TE,RB_vs_TE,Tank Bigsby,Greg Dulcich,9225,8172,1929,2124,-195,20.2,4,16.2
2023,RB,TE,RB_vs_TE,Tank Bigsby,Isaiah Likely,9225,8131,1929,2076,-147,20.2,76,-55.8
2023,RB,TE,RB_vs_TE,Tank Bigsby,Luke Musgrave,9225,9481,1929,1777,152,20.2,56.6,-36.4
2023,RB,TE,RB_vs_TE,Tank Bigsby,Irv Smith,9225,6126,1929,1777,152,20.2,24.5,-4.3
2023,RB,TE,RB_vs_TE,Rashaad Penny,Luke Musgrave,4985,9481,1782,1777,5,2.2,56.6,-54.4
2023,RB,TE,RB_vs_TE,Rashaad Penny,Irv Smith,4985,6126,1782,1777,5,2.2,24.5,-22.3
2023,RB,TE,RB_vs_TE,Rashaad Penny,Cade Otton,4985,8111,1782,1634,148,2.2,89,-86.8
2023,RB,TE,RB_vs_TE,Kenneth Gainwell,Luke Musgrave,7567,9481,1694,1777,-83,61.2,56.6,4.6
2023,RB,TE,RB_vs_TE,Kenneth Gainwell,Irv Smith,7567,6126,1694,1777,-83,61.2,24.5,36.7
2023,RB,TE,RB_vs_TE,Kenneth Gainwell,Cade Otton,7567,8111,1694,1634,60,61.2,89,-27.8
2023,RB,TE,RB_vs_TE,Gus Edwards,Luke Musgrave,5248,9481,1577,1777,-200,172.2,56.6,115.6
2023,RB,TE,RB_vs_TE,Gus Edwards,Irv Smith,5248,6126,1577,1777,-200,172.2,24.5,147.7
2023,RB,TE,RB_vs_TE,Gus Edwards,Cade Otton,5248,8111,1577,1634,-57,172.2,89,83.2
2023,RB,TE,RB_vs_TE,Gus Edwards,Tyler Conklin,5248,5133,1577,1491,86,172.2,90,82.2
2023,RB,TE,RB_vs_TE,Gus Edwards,Hunter Henry,5248,3214,1577,1459,118,172.2,98.9,73.3
2023,RB,TE,RB_vs_TE,Tyler Allgeier,Cade Otton,8132,8111,1559,1634,-75,116.2,89,27.2
2023,RB,TE,RB_vs_TE,Tyler Allgeier,Tyler Conklin,8132,5133,1559,1491,68,116.2,90,26.2
2023,RB,TE,RB_vs_TE,Tyler Allgeier,Hunter Henry,8132,3214,1559,1459,100,116.2,98.9,17.3
2023,RB,TE,RB_vs_TE,Roschon Johnson,Cade Otton,10235,8111,1481,1634,-153,66.1,89,-22.9
2023,RB,TE,RB_vs_TE,Roschon Johnson,Tyler Conklin,10235,5133,1481,1491,-10,66.1,90,-23.9
2023,RB,TE,RB_vs_TE,Roschon Johnson,Hunter Henry,10235,3214,1481,1459,22,66.1,98.9,-32.8
2023,RB,TE,RB_vs_TE,Roschon Johnson,Taysom Hill,10235,4381,1481,1300,181,66.1,117.1,-51
2023,RB,TE,RB_vs_TE,Kareem Hunt,Tyler Conklin,4098,5133,1359,1491,-132,103,90,13
2023,RB,TE,RB_vs_TE,Kareem Hunt,Hunter Henry,4098,3214,1359,1459,-100,103,98.9,4.1
2023,RB,TE,RB_vs_TE,Kareem Hunt,Taysom Hill,4098,4381,1359,1300,59,103,117.1,-14.1
2023,RB,TE,RB_vs_TE,Kareem Hunt,Hayden Hurst,4098,4973,1359,1245,114,103,33.4,69.6
2023,RB,TE,RB_vs_TE,Kareem Hunt,Noah Gray,4098,7828,1359,1237,122,103,56.6,46.4
2023,RB,TE,RB_vs_TE,Kareem Hunt,Michael Mayer,4098,9482,1359,1209,150,103,57.9,45.1
2023,RB,TE,RB_vs_TE,Devin Singletary,Hunter Henry,6130,3214,1263,1459,-196,124.8,98.9,25.9
2023,RB,TE,RB_vs_TE,Devin Singletary,Taysom Hill,6130,4381,1263,1300,-37,124.8,117.1,7.7
2023,RB,TE,RB_vs_TE,Devin Singletary,Hayden Hurst,6130,4973,1263,1245,18,124.8,33.4,91.4
2023,RB,TE,RB_vs_TE,Devin Singletary,Noah Gray,6130,7828,1263,1237,26,124.8,56.6,68.2
2023,RB,TE,RB_vs_TE,Devin Singletary,Michael Mayer,6130,9482,1263,1209,54,124.8,57.9,66.9
2023,RB,TE,RB_vs_TE,Devin Singletary,Mike Gesicki,6130,4993,1263,1102,161,124.8,49.9,74.9
2023,RB,TE,RB_vs_TE,Jerome Ford,Taysom Hill,8143,4381,1201,1300,-99,164,117.1,46.9
2023,RB,TE,RB_vs_TE,Jerome Ford,Hayden Hurst,8143,4973,1201,1245,-44,164,33.4,130.6
2023,RB,TE,RB_vs_TE,Jerome Ford,Noah Gray,8143,7828,1201,1237,-36,164,56.6,107.4
2023,RB,TE,RB_vs_TE,Jerome Ford,Michael Mayer,8143,9482,1201,1209,-8,164,57.9,106.1
2023,RB,TE,RB_vs_TE,Jerome Ford,Mike Gesicki,8143,4993,1201,1102,99,164,49.9,114.1
2023,RB,TE,RB_vs_TE,Jerome Ford,Trey McBride,8143,8130,1201,1033,168,164,130.1,33.9
2023,RB,TE,RB_vs_TE,Tyjae Spears,Taysom Hill,9508,4381,1111,1300,-189,83.2,117.1,-33.9
2023,RB,TE,RB_vs_TE,Tyjae Spears,Hayden Hurst,9508,4973,1111,1245,-134,83.2,33.4,49.8
2023,RB,TE,RB_vs_TE,Tyjae Spears,Noah Gray,9508,7828,1111,1237,-126,83.2,56.6,26.6
2023,RB,TE,RB_vs_TE,Tyjae Spears,Michael Mayer,9508,9482,1111,1209,-98,83.2,57.9,25.3
2023,RB,TE,RB_vs_TE,Tyjae Spears,Mike Gesicki,9508,4993,1111,1102,9,83.2,49.9,33.3
2023,RB,TE,RB_vs_TE,Tyjae Spears,Trey McBride,9508,8130,1111,1033,78,83.2,130.1,-46.9
2023,RB,TE,RB_vs_TE,Tyjae Spears,Durham Smythe,9508,5008,1111,974,137,83.2,49.6,33.6
2023,RB,TE,RB_vs_TE,Tyjae Spears,Noah Fant,9508,5857,1111,927,184,83.2,57.4,25.8
2023,RB,TE,RB_vs_TE,Ezekiel Elliott,Hayden Hurst,3164,4973,1095,1245,-150,115.4,33.4,82
2023,RB,TE,RB_vs_TE,Ezekiel Elliott,Noah Gray,3164,7828,1095,1237,-142,115.4,56.6,58.8
2023,RB,TE,RB_vs_TE,Ezekiel Elliott,Michael Mayer,3164,9482,1095,1209,-114,115.4,57.9,57.5
2023,RB,TE,RB_vs_TE,Ezekiel Elliott,Mike Gesicki,3164,4993,1095,1102,-7,115.4,49.9,65.5
2023,RB,TE,RB_vs_TE,Ezekiel Elliott,Trey McBride,3164,8130,1095,1033,62,115.4,130.1,-14.7
2023,RB,TE,RB_vs_TE,Ezekiel Elliott,Durham Smythe,3164,5008,1095,974,121,115.4,49.6,65.8
2023,RB,TE,RB_vs_TE,Ezekiel Elliott,Noah Fant,3164,5857,1095,927,168,115.4,57.4,58
2023,RB,TE,RB_vs_TE,Kyren Williams,Mike Gesicki,8150,4993,999,1102,-103,223,49.9,173.1
2023,RB,TE,RB_vs_TE,Kyren Williams,Trey McBride,8150,8130,999,1033,-34,223,130.1,92.9
2023,RB,TE,RB_vs_TE,Kyren Williams,Durham Smythe,8150,5008,999,974,25,223,49.6,173.4
2023,RB,TE,RB_vs_TE,Kyren Williams,Noah Fant,8150,5857,999,927,72,223,57.4,165.6
2023,RB,TE,RB_vs_TE,Kyren Williams,Zach Ertz,8150,1339,999,870,129,223,38.2,184.8
2023,RB,TE,RB_vs_TE,D'Onta Foreman,Mike Gesicki,4111,4993,906,1102,-196,80.2,49.9,30.3
2023,RB,TE,RB_vs_TE,D'Onta Foreman,Trey McBride,4111,8130,906,1033,-127,80.2,130.1,-49.9
2023,RB,TE,RB_vs_TE,D'Onta Foreman,Durham Smythe,4111,5008,906,974,-68,80.2,49.6,30.6
2023,RB,TE,RB_vs_TE,D'Onta Foreman,Noah Fant,4111,5857,906,927,-21,80.2,57.4,22.8
2023,RB,TE,RB_vs_TE,D'Onta Foreman,Zach Ertz,4111,1339,906,870,36,80.2,38.2,42
2023,RB,TE,RB_vs_TE,D'Onta Foreman,Tucker Kraft,4111,9484,906,795,111,80.2,58.4,21.8
2023,RB,TE,RB_vs_TE,Clyde Edwards-Helaire,Trey McBride,6820,8130,887,1033,-146,52.1,130.1,-78
2023,RB,TE,RB_vs_TE,Clyde Edwards-Helaire,Durham Smythe,6820,5008,887,974,-87,52.1,49.6,2.5
2023,RB,TE,RB_vs_TE,Clyde Edwards-Helaire,Noah Fant,6820,5857,887,927,-40,52.1,57.4,-5.3
2023,RB,TE,RB_vs_TE,Clyde Edwards-Helaire,Zach Ertz,6820,1339,887,870,17,52.1,38.2,13.9
2023,RB,TE,RB_vs_TE,Clyde Edwards-Helaire,Tucker Kraft,6820,9484,887,795,92,52.1,58.4,-6.3
2023,RB,TE,RB_vs_TE,Kendre Miller,Trey McBride,9757,8130,884,1033,-149,19.4,130.1,-110.7
2023,RB,TE,RB_vs_TE,Kendre Miller,Durham Smythe,9757,5008,884,974,-90,19.4,49.6,-30.2
2023,RB,TE,RB_vs_TE,Kendre Miller,Noah Fant,9757,5857,884,927,-43,19.4,57.4,-38
2023,RB,TE,RB_vs_TE,Kendre Miller,Zach Ertz,9757,1339,884,870,14,19.4,38.2,-18.8
2023,RB,TE,RB_vs_TE,Kendre Miller,Tucker Kraft,9757,9484,884,795,89,19.4,58.4,-39
2023,RB,TE,RB_vs_TE,Chuba Hubbard,Zach Ertz,7594,1339,699,870,-171,134.3,38.2,96.1
2023,RB,TE,RB_vs_TE,Chuba Hubbard,Tucker Kraft,7594,9484,699,795,-96,134.3,58.4,75.9
2023,RB,TE,RB_vs_TE,Chuba Hubbard,Cole Turner,7594,8214,699,663,36,134.3,17.5,116.8
2023,RB,TE,RB_vs_TE,Chuba Hubbard,Daniel Bellinger,7594,8225,699,570,129,134.3,38,96.3
2023,RB,TE,RB_vs_TE,Chuba Hubbard,Kylen Granson,7594,7602,699,542,157,134.3,55.2,79.1
2023,RB,TE,RB_vs_TE,Chuba Hubbard,Luke Schoonmaker,7594,10871,699,528,171,134.3,22.5,111.8
2023,RB,TE,RB_vs_TE,Chuba Hubbard,Adam Trautman,7594,6869,699,518,181,134.3,46.8,87.5
2023,RB,TE,RB_vs_TE,Chuba Hubbard,Darnell Washington,7594,9479,699,506,193,134.3,9.6,124.7
2023,RB,TE,RB_vs_TE,Zack Moss,Zach Ertz,6845,1339,684,870,-186,139.6,38.2,101.4
2023,RB,TE,RB_vs_TE,Zack Moss,Tucker Kraft,6845,9484,684,795,-111,139.6,58.4,81.2
2023,RB,TE,RB_vs_TE,Zack Moss,Cole Turner,6845,8214,684,663,21,139.6,17.5,122.1
2023,RB,TE,RB_vs_TE,Zack Moss,Daniel Bellinger,6845,8225,684,570,114,139.6,38,101.6
2023,RB,TE,RB_vs_TE,Zack Moss,Kylen Granson,6845,7602,684,542,142,139.6,55.2,84.4
2023,RB,TE,RB_vs_TE,Zack Moss,Luke Schoonmaker,6845,10871,684,528,156,139.6,22.5,117.1
2023,RB,TE,RB_vs_TE,Zack Moss,Adam Trautman,6845,6869,684,518,166,139.6,46.8,92.8
2023,RB,TE,RB_vs_TE,Zack Moss,Darnell Washington,6845,9479,684,506,178,139.6,9.6,130
2023,RB,TE,RB_vs_TE,Justice Hill,Tucker Kraft,5995,9484,634,795,-161,78.7,58.4,20.3
2023,RB,TE,RB_vs_TE,Justice Hill,Cole Turner,5995,8214,634,663,-29,78.7,17.5,61.2
2023,RB,TE,RB_vs_TE,Justice Hill,Daniel Bellinger,5995,8225,634,570,64,78.7,38,40.7
2023,RB,TE,RB_vs_TE,Justice Hill,Kylen Granson,5995,7602,634,542,92,78.7,55.2,23.5
2023,RB,TE,RB_vs_TE,Justice Hill,Luke Schoonmaker,5995,10871,634,528,106,78.7,22.5,56.2
2023,RB,TE,RB_vs_TE,Justice Hill,Adam Trautman,5995,6869,634,518,116,78.7,46.8,31.9
2023,RB,TE,RB_vs_TE,Justice Hill,Darnell Washington,5995,9479,634,506,128,78.7,9.6,69.1
2023,RB,TE,RB_vs_TE,Rico Dowdle,Tucker Kraft,7021,9484,628,795,-167,64.5,58.4,6.1
2023,RB,TE,RB_vs_TE,Rico Dowdle,Cole Turner,7021,8214,628,663,-35,64.5,17.5,47
2023,RB,TE,RB_vs_TE,Rico Dowdle,Daniel Bellinger,7021,8225,628,570,58,64.5,38,26.5
2023,RB,TE,RB_vs_TE,Rico Dowdle,Kylen Granson,7021,7602,628,542,86,64.5,55.2,9.3
2023,RB,TE,RB_vs_TE,Rico Dowdle,Luke Schoonmaker,7021,10871,628,528,100,64.5,22.5,42
2023,RB,TE,RB_vs_TE,Rico Dowdle,Adam Trautman,7021,6869,628,518,110,64.5,46.8,17.7
2023,RB,TE,RB_vs_TE,Rico Dowdle,Darnell Washington,7021,9479,628,506,122,64.5,9.6,54.9
2023,RB,TE,RB_vs_TE,Deuce Vaughn,Tucker Kraft,9505,9484,600,795,-195,8,58.4,-50.4
2023,RB,TE,RB_vs_TE,Deuce Vaughn,Cole Turner,9505,8214,600,663,-63,8,17.5,-9.5
2023,RB,TE,RB_vs_TE,Deuce Vaughn,Daniel Bellinger,9505,8225,600,570,30,8,38,-30
2023,RB,TE,RB_vs_TE,Deuce Vaughn,Kylen Granson,9505,7602,600,542,58,8,55.2,-47.2
2023,RB,TE,RB_vs_TE,Deuce Vaughn,Luke Schoonmaker,9505,10871,600,528,72,8,22.5,-14.5
2023,RB,TE,RB_vs_TE,Deuce Vaughn,Adam Trautman,9505,6869,600,518,82,8,46.8,-38.8
2023,RB,TE,RB_vs_TE,Deuce Vaughn,Darnell Washington,9505,9479,600,506,94,8,9.6,-1.6
2023,RB,TE,RB_vs_TE,Zamir White,Cole Turner,8139,8214,584,663,-79,46.8,17.5,29.3
2023,RB,TE,RB_vs_TE,Zamir White,Daniel Bellinger,8139,8225,584,570,14,46.8,38,8.8
2023,RB,TE,RB_vs_TE,Zamir White,Kylen Granson,8139,7602,584,542,42,46.8,55.2,-8.4
2023,RB,TE,RB_vs_TE,Zamir White,Luke Schoonmaker,8139,10871,584,528,56,46.8,22.5,24.3
2023,RB,TE,RB_vs_TE,Zamir White,Adam Trautman,8139,6869,584,518,66,46.8,46.8,0
2023,RB,TE,RB_vs_TE,Zamir White,Darnell Washington,8139,9479,584,506,78,46.8,9.6,37.2
2023,RB,TE,RB_vs_TE,Evan Hull,Cole Turner,9220,8214,558,663,-105,0.7,17.5,-16.8
2023,RB,TE,RB_vs_TE,Evan Hull,Daniel Bellinger,9220,8225,558,570,-12,0.7,38,-37.3
2023,RB,TE,RB_vs_TE,Evan Hull,Kylen Granson,9220,7602,558,542,16,0.7,55.2,-54.5
2023,RB,TE,RB_vs_TE,Evan Hull,Luke Schoonmaker,9220,10871,558,528,30,0.7,22.5,-21.8
2023,RB,TE,RB_vs_TE,Evan Hull,Adam Trautman,9220,6869,558,518,40,0.7,46.8,-46.1
2023,RB,TE,RB_vs_TE,Evan Hull,Darnell Washington,9220,9479,558,506,52,0.7,9.6,-8.9
2023,RB,TE,RB_vs_TE,Sean Tucker,Cole Turner,9506,8214,520,663,-143,3.2,17.5,-14.3
2023,RB,TE,RB_vs_TE,Sean Tucker,Daniel Bellinger,9506,8225,520,570,-50,3.2,38,-34.8
2023,RB,TE,RB_vs_TE,Sean Tucker,Kylen Granson,9506,7602,520,542,-22,3.2,55.2,-52
2023,RB,TE,RB_vs_TE,Sean Tucker,Luke Schoonmaker,9506,10871,520,528,-8,3.2,22.5,-19.3
2023,RB,TE,RB_vs_TE,Sean Tucker,Adam Trautman,9506,6869,520,518,2,3.2,46.8,-43.6
2023,RB,TE,RB_vs_TE,Sean Tucker,Darnell Washington,9506,9479,520,506,14,3.2,9.6,-6.4
2023,RB,TE,RB_vs_TE,Sean Tucker,Austin Hooper,9506,3202,520,343,177,3.2,30,-26.8
2023,RB,TE,RB_vs_TE,Ty Chandler,Cole Turner,8230,8214,489,663,-174,71.1,17.5,53.6
2023,RB,TE,RB_vs_TE,Ty Chandler,Daniel Bellinger,8230,8225,489,570,-81,71.1,38,33.1
2023,RB,TE,RB_vs_TE,Ty Chandler,Kylen Granson,8230,7602,489,542,-53,71.1,55.2,15.9
2023,RB,TE,RB_vs_TE,Ty Chandler,Luke Schoonmaker,8230,10871,489,528,-39,71.1,22.5,48.6
2023,RB,TE,RB_vs_TE,Ty Chandler,Adam Trautman,8230,6869,489,518,-29,71.1,46.8,24.3
2023,RB,TE,RB_vs_TE,Ty Chandler,Darnell Washington,8230,9479,489,506,-17,71.1,9.6,61.5
2023,RB,TE,RB_vs_TE,Ty Chandler,Austin Hooper,8230,3202,489,343,146,71.1,30,41.1
2023,RB,TE,RB_vs_TE,Ty Chandler,Brock Wright,8230,7891,489,306,183,71.1,21.6,49.5
2023,RB,TE,RB_vs_TE,Chase Brown,Cole Turner,9224,8214,467,663,-196,34.2,17.5,16.7
2023,RB,TE,RB_vs_TE,Chase Brown,Daniel Bellinger,9224,8225,467,570,-103,34.2,38,-3.8
2023,RB,TE,RB_vs_TE,Chase Brown,Kylen Granson,9224,7602,467,542,-75,34.2,55.2,-21
2023,RB,TE,RB_vs_TE,Chase Brown,Luke Schoonmaker,9224,10871,467,528,-61,34.2,22.5,11.7
2023,RB,TE,RB_vs_TE,Chase Brown,Adam Trautman,9224,6869,467,518,-51,34.2,46.8,-12.6
2023,RB,TE,RB_vs_TE,Chase Brown,Darnell Washington,9224,9479,467,506,-39,34.2,9.6,24.6
2023,RB,TE,RB_vs_TE,Chase Brown,Austin Hooper,9224,3202,467,343,124,34.2,30,4.2
2023,RB,TE,RB_vs_TE,Chase Brown,Brock Wright,9224,7891,467,306,161,34.2,21.6,12.6
2023,RB,TE,RB_vs_TE,Jordan Mason,Daniel Bellinger,8408,8225,437,570,-133,36.9,38,-1.1
2023,RB,TE,RB_vs_TE,Jordan Mason,Kylen Granson,8408,7602,437,542,-105,36.9,55.2,-18.3
2023,RB,TE,RB_vs_TE,Jordan Mason,Luke Schoonmaker,8408,10871,437,528,-91,36.9,22.5,14.4
2023,RB,TE,RB_vs_TE,Jordan Mason,Adam Trautman,8408,6869,437,518,-81,36.9,46.8,-9.9
2023,RB,TE,RB_vs_TE,Jordan Mason,Darnell Washington,8408,9479,437,506,-69,36.9,9.6,27.3
2023,RB,TE,RB_vs_TE,Jordan Mason,Austin Hooper,8408,3202,437,343,94,36.9,30,6.9
2023,RB,TE,RB_vs_TE,Jordan Mason,Brock Wright,8408,7891,437,306,131,36.9,21.6,15.3
2023,RB,TE,RB_vs_TE,Jordan Mason,Donald Parham,8408,6074,437,243,194,36.9,55.2,-18.3
2023,RB,TE,RB_vs_TE,Jordan Mason,Colby Parkinson,8408,6865,437,240,197,36.9,46.9,-10
2023,RB,TE,RB_vs_TE,Joshua Kelley,Daniel Bellinger,7045,8225,425,570,-145,53.6,38,15.6
2023,RB,TE,RB_vs_TE,Joshua Kelley,Kylen Granson,7045,7602,425,542,-117,53.6,55.2,-1.6
2023,RB,TE,RB_vs_TE,Joshua Kelley,Luke Schoonmaker,7045,10871,425,528,-103,53.6,22.5,31.1
2023,RB,TE,RB_vs_TE,Joshua Kelley,Adam Trautman,7045,6869,425,518,-93,53.6,46.8,6.8
2023,RB,TE,RB_vs_TE,Joshua Kelley,Darnell Washington,7045,9479,425,506,-81,53.6,9.6,44
2023,RB,TE,RB_vs_TE,Joshua Kelley,Austin Hooper,7045,3202,425,343,82,53.6,30,23.6
2023,RB,TE,RB_vs_TE,Joshua Kelley,Brock Wright,7045,7891,425,306,119,53.6,21.6,32
2023,RB,TE,RB_vs_TE,Joshua Kelley,Donald Parham,7045,6074,425,243,182,53.6,55.2,-1.6
2023,RB,TE,RB_vs_TE,Joshua Kelley,Colby Parkinson,7045,6865,425,240,185,53.6,46.9,6.7
2023,RB,TE,RB_vs_TE,Cordarrelle Patterson,Daniel Bellinger,1535,8225,389,570,-181,25.9,38,-12.1
2023,RB,TE,RB_vs_TE,Cordarrelle Patterson,Kylen Granson,1535,7602,389,542,-153,25.9,55.2,-29.3
2023,RB,TE,RB_vs_TE,Cordarrelle Patterson,Luke Schoonmaker,1535,10871,389,528,-139,25.9,22.5,3.4
2023,RB,TE,RB_vs_TE,Cordarrelle Patterson,Adam Trautman,1535,6869,389,518,-129,25.9,46.8,-20.9
2023,RB,TE,RB_vs_TE,Cordarrelle Patterson,Darnell Washington,1535,9479,389,506,-117,25.9,9.6,16.3
2023,RB,TE,RB_vs_TE,Cordarrelle Patterson,Austin Hooper,1535,3202,389,343,46,25.9,30,-4.1
2023,RB,TE,RB_vs_TE,Cordarrelle Patterson,Brock Wright,1535,7891,389,306,83,25.9,21.6,4.3
2023,RB,TE,RB_vs_TE,Cordarrelle Patterson,Donald Parham,1535,6074,389,243,146,25.9,55.2,-29.3
2023,RB,TE,RB_vs_TE,Cordarrelle Patterson,Colby Parkinson,1535,6865,389,240,149,25.9,46.9,-21
2023,RB,TE,RB_vs_TE,Cordarrelle Patterson,Jonnu Smith,1535,4144,389,222,167,25.9,88.8,-62.9
2023,RB,TE,RB_vs_TE,Cordarrelle Patterson,Josh Oliver,1535,5973,389,215,174,25.9,38.2,-12.3
2023,RB,TE,RB_vs_TE,Cordarrelle Patterson,Peyton Hendershot,1535,8197,389,209,180,25.9,2.9,23
2023,RB,TE,RB_vs_TE,Isaiah Spiller,Daniel Bellinger,8153,8225,380,570,-190,13,38,-25
2023,RB,TE,RB_vs_TE,Isaiah Spiller,Kylen Granson,8153,7602,380,542,-162,13,55.2,-42.2
2023,RB,TE,RB_vs_TE,Isaiah Spiller,Luke Schoonmaker,8153,10871,380,528,-148,13,22.5,-9.5
2023,RB,TE,RB_vs_TE,Isaiah Spiller,Adam Trautman,8153,6869,380,518,-138,13,46.8,-33.8
2023,RB,TE,RB_vs_TE,Isaiah Spiller,Darnell Washington,8153,9479,380,506,-126,13,9.6,3.4
2023,RB,TE,RB_vs_TE,Isaiah Spiller,Austin Hooper,8153,3202,380,343,37,13,30,-17
2023,RB,TE,RB_vs_TE,Isaiah Spiller,Brock Wright,8153,7891,380,306,74,13,21.6,-8.6
2023,RB,TE,RB_vs_TE,Isaiah Spiller,Donald Parham,8153,6074,380,243,137,13,55.2,-42.2
2023,RB,TE,RB_vs_TE,Isaiah Spiller,Colby Parkinson,8153,6865,380,240,140,13,46.9,-33.9
2023,RB,TE,RB_vs_TE,Isaiah Spiller,Jonnu Smith,8153,4144,380,222,158,13,88.8,-75.8
2023,RB,TE,RB_vs_TE,Isaiah Spiller,Josh Oliver,8153,5973,380,215,165,13,38.2,-25.2
2023,RB,TE,RB_vs_TE,Isaiah Spiller,Peyton Hendershot,8153,8197,380,209,171,13,2.9,10.1
2023,RB,TE,RB_vs_TE,Keaontay Ingram,Kylen Granson,8221,7602,369,542,-173,10,55.2,-45.2
2023,RB,TE,RB_vs_TE,Keaontay Ingram,Luke Schoonmaker,8221,10871,369,528,-159,10,22.5,-12.5
2023,RB,TE,RB_vs_TE,Keaontay Ingram,Adam Trautman,8221,6869,369,518,-149,10,46.8,-36.8
2023,RB,TE,RB_vs_TE,Keaontay Ingram,Darnell Washington,8221,9479,369,506,-137,10,9.6,0.4
2023,RB,TE,RB_vs_TE,Keaontay Ingram,Austin Hooper,8221,3202,369,343,26,10,30,-20
2023,RB,TE,RB_vs_TE,Keaontay Ingram,Brock Wright,8221,7891,369,306,63,10,21.6,-11.6
2023,RB,TE,RB_vs_TE,Keaontay Ingram,Donald Parham,8221,6074,369,243,126,10,55.2,-45.2
2023,RB,TE,RB_vs_TE,Keaontay Ingram,Colby Parkinson,8221,6865,369,240,129,10,46.9,-36.9
2023,RB,TE,RB_vs_TE,Keaontay Ingram,Jonnu Smith,8221,4144,369,222,147,10,88.8,-78.8
2023,RB,TE,RB_vs_TE,Keaontay Ingram,Josh Oliver,8221,5973,369,215,154,10,38.2,-28.2
2023,RB,TE,RB_vs_TE,Keaontay Ingram,Peyton Hendershot,8221,8197,369,209,160,10,2.9,7.1
2023,RB,TE,RB_vs_TE,Chase Edmonds,Luke Schoonmaker,5000,10871,331,528,-197,23.3,22.5,0.8
2023,RB,TE,RB_vs_TE,Chase Edmonds,Adam Trautman,5000,6869,331,518,-187,23.3,46.8,-23.5
2023,RB,TE,RB_vs_TE,Chase Edmonds,Darnell Washington,5000,9479,331,506,-175,23.3,9.6,13.7
2023,RB,TE,RB_vs_TE,Chase Edmonds,Austin Hooper,5000,3202,331,343,-12,23.3,30,-6.7
2023,RB,TE,RB_vs_TE,Chase Edmonds,Brock Wright,5000,7891,331,306,25,23.3,21.6,1.7
2023,RB,TE,RB_vs_TE,Chase Edmonds,Donald Parham,5000,6074,331,243,88,23.3,55.2,-31.9
2023,RB,TE,RB_vs_TE,Chase Edmonds,Colby Parkinson,5000,6865,331,240,91,23.3,46.9,-23.6
2023,RB,TE,RB_vs_TE,Chase Edmonds,Jonnu Smith,5000,4144,331,222,109,23.3,88.8,-65.5
2023,RB,TE,RB_vs_TE,Chase Edmonds,Josh Oliver,5000,5973,331,215,116,23.3,38.2,-14.9
2023,RB,TE,RB_vs_TE,Chase Edmonds,Peyton Hendershot,5000,8197,331,209,122,23.3,2.9,20.4
2023,RB,TE,RB_vs_TE,Chris Evans,Darnell Washington,7794,9479,317,506,-189,1.1,9.6,-8.5
2023,RB,TE,RB_vs_TE,Chris Evans,Austin Hooper,7794,3202,317,343,-26,1.1,30,-28.9
2023,RB,TE,RB_vs_TE,Chris Evans,Brock Wright,7794,7891,317,306,11,1.1,21.6,-20.5
2023,RB,TE,RB_vs_TE,Chris Evans,Donald Parham,7794,6074,317,243,74,1.1,55.2,-54.1
2023,RB,TE,RB_vs_TE,Chris Evans,Colby Parkinson,7794,6865,317,240,77,1.1,46.9,-45.8
2023,RB,TE,RB_vs_TE,Chris Evans,Jonnu Smith,7794,4144,317,222,95,1.1,88.8,-87.7
2023,RB,TE,RB_vs_TE,Chris Evans,Josh Oliver,7794,5973,317,215,102,1.1,38.2,-37.1
2023,RB,TE,RB_vs_TE,Chris Evans,Peyton Hendershot,7794,8197,317,209,108,1.1,2.9,-1.8
2023,RB,TE,RB_vs_TE,Michael Carter,Darnell Washington,7607,9479,313,506,-193,32.9,9.6,23.3
2023,RB,TE,RB_vs_TE,Michael Carter,Austin Hooper,7607,3202,313,343,-30,32.9,30,2.9
2023,RB,TE,RB_vs_TE,Michael Carter,Brock Wright,7607,7891,313,306,7,32.9,21.6,11.3
2023,RB,TE,RB_vs_TE,Michael Carter,Donald Parham,7607,6074,313,243,70,32.9,55.2,-22.3
2023,RB,TE,RB_vs_TE,Michael Carter,Colby Parkinson,7607,6865,313,240,73,32.9,46.9,-14
2023,RB,TE,RB_vs_TE,Michael Carter,Jonnu Smith,7607,4144,313,222,91,32.9,88.8,-55.9
2023,RB,TE,RB_vs_TE,Michael Carter,Josh Oliver,7607,5973,313,215,98,32.9,38.2,-5.3
2023,RB,TE,RB_vs_TE,Michael Carter,Peyton Hendershot,7607,8197,313,209,104,32.9,2.9,30
2023,RB,TE,RB_vs_TE,Pierre Strong Jr.,Darnell Washington,8116,9479,309,506,-197,31.3,9.6,21.7
2023,RB,TE,RB_vs_TE,Pierre Strong Jr.,Austin Hooper,8116,3202,309,343,-34,31.3,30,1.3
2023,RB,TE,RB_vs_TE,Pierre Strong Jr.,Brock Wright,8116,7891,309,306,3,31.3,21.6,9.7
2023,RB,TE,RB_vs_TE,Pierre Strong Jr.,Donald Parham,8116,6074,309,243,66,31.3,55.2,-23.9
2023,RB,TE,RB_vs_TE,Pierre Strong Jr.,Colby Parkinson,8116,6865,309,240,69,31.3,46.9,-15.6
2023,RB,TE,RB_vs_TE,Pierre Strong Jr.,Jonnu Smith,8116,4144,309,222,87,31.3,88.8,-57.5
2023,RB,TE,RB_vs_TE,Pierre Strong Jr.,Josh Oliver,8116,5973,309,215,94,31.3,38.2,-6.9
2023,RB,TE,RB_vs_TE,Pierre Strong Jr.,Peyton Hendershot,8116,8197,309,209,100,31.3,2.9,28.4
2023,RB,TE,RB_vs_TE,Zach Evans,Austin Hooper,9222,3202,278,343,-65,1.6,30,-28.4
2023,RB,TE,RB_vs_TE,Zach Evans,Brock Wright,9222,7891,278,306,-28,1.6,21.6,-20
2023,RB,TE,RB_vs_TE,Zach Evans,Donald Parham,9222,6074,278,243,35,1.6,55.2,-53.6
2023,RB,TE,RB_vs_TE,Zach Evans,Colby Parkinson,9222,6865,278,240,38,1.6,46.9,-45.3
2023,RB,TE,RB_vs_TE,Zach Evans,Jonnu Smith,9222,4144,278,222,56,1.6,88.8,-87.2
2023,RB,TE,RB_vs_TE,Zach Evans,Josh Oliver,9222,5973,278,215,63,1.6,38.2,-36.6
2023,RB,TE,RB_vs_TE,Zach Evans,Peyton Hendershot,9222,8197,278,209,69,1.6,2.9,-1.3
2023,RB,TE,RB_vs_TE,Trayveon Williams,Austin Hooper,6144,3202,267,343,-76,8.1,30,-21.9
2023,RB,TE,RB_vs_TE,Trayveon Williams,Brock Wright,6144,7891,267,306,-39,8.1,21.6,-13.5
2023,RB,TE,RB_vs_TE,Trayveon Williams,Donald Parham,6144,6074,267,243,24,8.1,55.2,-47.1
2023,RB,TE,RB_vs_TE,Trayveon Williams,Colby Parkinson,6144,6865,267,240,27,8.1,46.9,-38.8
2023,RB,TE,RB_vs_TE,Trayveon Williams,Jonnu Smith,6144,4144,267,222,45,8.1,88.8,-80.7
2023,RB,TE,RB_vs_TE,Trayveon Williams,Josh Oliver,6144,5973,267,215,52,8.1,38.2,-30.1
2023,RB,TE,RB_vs_TE,Trayveon Williams,Peyton Hendershot,6144,8197,267,209,58,8.1,2.9,5.2
2023,RB,TE,RB_vs_TE,DeeJay Dallas,Austin Hooper,6931,3202,245,343,-98,2.2,30,-27.8
2023,RB,TE,RB_vs_TE,DeeJay Dallas,Brock Wright,6931,7891,245,306,-61,2.2,21.6,-19.4
2023,RB,TE,RB_vs_TE,DeeJay Dallas,Donald Parham,6931,6074,245,243,2,2.2,55.2,-53
2023,RB,TE,RB_vs_TE,DeeJay Dallas,Colby Parkinson,6931,6865,245,240,5,2.2,46.9,-44.7
2023,RB,TE,RB_vs_TE,DeeJay Dallas,Jonnu Smith,6931,4144,245,222,23,2.2,88.8,-86.6
2023,RB,TE,RB_vs_TE,DeeJay Dallas,Josh Oliver,6931,5973,245,215,30,2.2,38.2,-36
2023,RB,TE,RB_vs_TE,DeeJay Dallas,Peyton Hendershot,6931,8197,245,209,36,2.2,2.9,-0.7
2023,RB,TE,RB_vs_TE,Jaleel McLaughlin,Austin Hooper,11439,3202,239,343,-104,74.4,30,44.4
2023,RB,TE,RB_vs_TE,Jaleel McLaughlin,Brock Wright,11439,7891,239,306,-67,74.4,21.6,52.8
2023,RB,TE,RB_vs_TE,Jaleel McLaughlin,Donald Parham,11439,6074,239,243,-4,74.4,55.2,19.2
2023,RB,TE,RB_vs_TE,Jaleel McLaughlin,Colby Parkinson,11439,6865,239,240,-1,74.4,46.9,27.5
2023,RB,TE,RB_vs_TE,Jaleel McLaughlin,Jonnu Smith,11439,4144,239,222,17,74.4,88.8,-14.4
2023,RB,TE,RB_vs_TE,Jaleel McLaughlin,Josh Oliver,11439,5973,239,215,24,74.4,38.2,36.2
2023,RB,TE,RB_vs_TE,Jaleel McLaughlin,Peyton Hendershot,11439,8197,239,209,30,74.4,2.9,71.5
2023,RB,TE,RB_vs_TE,Salvon Ahmed,Austin Hooper,6918,3202,218,343,-125,26.9,30,-3.1
2023,RB,TE,RB_vs_TE,Salvon Ahmed,Brock Wright,6918,7891,218,306,-88,26.9,21.6,5.3
2023,RB,TE,RB_vs_TE,Salvon Ahmed,Donald Parham,6918,6074,218,243,-25,26.9,55.2,-28.3
2023,RB,TE,RB_vs_TE,Salvon Ahmed,Colby Parkinson,6918,6865,218,240,-22,26.9,46.9,-20
2023,RB,TE,RB_vs_TE,Salvon Ahmed,Jonnu Smith,6918,4144,218,222,-4,26.9,88.8,-61.9
2023,RB,TE,RB_vs_TE,Salvon Ahmed,Josh Oliver,6918,5973,218,215,3,26.9,38.2,-11.3
2023,RB,TE,RB_vs_TE,Salvon Ahmed,Peyton Hendershot,6918,8197,218,209,9,26.9,2.9,24
2023,WR,TE,WR_vs_TE,A.J. Brown,Travis Kelce,5859,1466,6811,6612,199,184.7,172.9,11.8
2023,WR,TE,WR_vs_TE,Amon-Ra St. Brown,Travis Kelce,7547,1466,6678,6612,66,191.5,172.9,18.6
2023,WR,TE,WR_vs_TE,Davante Adams,Travis Kelce,2133,1466,6545,6612,-67,151.8,172.9,-21.1
2023,WR,TE,WR_vs_TE,Garrett Wilson,Mark Andrews,8146,5012,6313,6174,139,114.8,112.9,1.9
2023,WR,TE,WR_vs_TE,Jaylen Waddle,Mark Andrews,7526,5012,6069,6174,-105,126.6,112.9,13.7
2023,WR,TE,WR_vs_TE,DeVonta Smith,T.J. Hockenson,7525,5844,5697,5702,-5,146.6,171.5,-24.9
2023,WR,TE,WR_vs_TE,Cooper Kupp,T.J. Hockenson,4039,5844,5510,5702,-192,105.4,171.5,-66.1
2023,WR,TE,WR_vs_TE,Cooper Kupp,George Kittle,4039,4217,5510,5465,45,105.4,170.7,-65.3
2023,WR,TE,WR_vs_TE,Deebo Samuel,George Kittle,5872,4217,5494,5465,29,180.5,170.7,9.8
2023,WR,TE,WR_vs_TE,Calvin Ridley,George Kittle,4981,4217,5445,5465,-20,137.3,170.7,-33.4
2023,WR,TE,WR_vs_TE,Amari Cooper,Darren Waller,2309,2505,4874,4722,152,155,80.2,74.8
2023,WR,TE,WR_vs_TE,Keenan Allen,Darren Waller,1479,2505,4844,4722,122,170.9,80.2,90.7
2023,WR,TE,WR_vs_TE,Mike Williams,Darren Waller,4068,2505,4802,4722,80,31.2,80.2,-49
2023,WR,TE,WR_vs_TE,D.J. Moore,Darren Waller,4983,2505,4773,4722,51,184.1,80.2,103.9
2023,WR,TE,WR_vs_TE,Brandon Aiyuk,Darren Waller,6803,2505,4763,4722,41,171.7,80.2,91.5
2023,WR,TE,WR_vs_TE,DeAndre Hopkins,Darren Waller,1426,2505,4655,4722,-67,138,80.2,57.8
2023,WR,TE,WR_vs_TE,Terry McLaurin,Darren Waller,5927,2505,4605,4722,-117,124.6,80.2,44.4
2023,WR,TE,WR_vs_TE,Terry McLaurin,Dallas Goedert,5927,5022,4605,4436,169,124.6,105.9,18.7
2023,WR,TE,WR_vs_TE,Drake London,Darren Waller,8112,2505,4591,4722,-131,101.3,80.2,21.1
2023,WR,TE,WR_vs_TE,Drake London,Dallas Goedert,8112,5022,4591,4436,155,101.3,105.9,-4.6
2023,WR,TE,WR_vs_TE,Christian Kirk,Dallas Goedert,4950,5022,4444,4436,8,93.3,105.9,-12.6
2023,WR,TE,WR_vs_TE,Chris Godwin,Dallas Goedert,4037,5022,4250,4436,-186,120.7,105.9,14.8
2023,WR,TE,WR_vs_TE,Chris Godwin,Kyle Pitts,4037,7553,4250,4122,128,120.7,107.1,13.6
2023,WR,TE,WR_vs_TE,Christian Watson,Dallas Goedert,8167,5022,4246,4436,-190,73.3,105.9,-32.6
2023,WR,TE,WR_vs_TE,Christian Watson,Kyle Pitts,8167,7553,4246,4122,124,73.3,107.1,-33.8
2023,WR,TE,WR_vs_TE,Mike Evans,Kyle Pitts,2216,7553,4089,4122,-33,201.3,107.1,94.2
2023,WR,TE,WR_vs_TE,Mike Evans,David Njoku,2216,4033,4089,3919,170,201.3,160.7,40.6
2023,WR,TE,WR_vs_TE,Mike Evans,Evan Engram,2216,4066,4089,3896,193,201.3,154.4,46.9
2023,WR,TE,WR_vs_TE,Jerry Jeudy,Kyle Pitts,6783,7553,4023,4122,-99,73.9,107.1,-33.2
2023,WR,TE,WR_vs_TE,Jerry Jeudy,David Njoku,6783,4033,4023,3919,104,73.9,160.7,-86.8
2023,WR,TE,WR_vs_TE,Jerry Jeudy,Evan Engram,6783,4066,4023,3896,127,73.9,154.4,-80.5
2023,WR,TE,WR_vs_TE,Michael Pittman,Kyle Pitts,6819,7553,3962,4122,-160,138.8,107.1,31.7
2023,WR,TE,WR_vs_TE,Michael Pittman,David Njoku,6819,4033,3962,3919,43,138.8,160.7,-21.9
2023,WR,TE,WR_vs_TE,Michael Pittman,Evan Engram,6819,4066,3962,3896,66,138.8,154.4,-15.6
2023,WR,TE,WR_vs_TE,Michael Pittman,Pat Freiermuth,6819,7600,3962,3779,183,138.8,57.7,81.1
2023,WR,TE,WR_vs_TE,Tyler Lockett,Kyle Pitts,2374,7553,3949,4122,-173,108.3,107.1,1.2
2023,WR,TE,WR_vs_TE,Tyler Lockett,David Njoku,2374,4033,3949,3919,30,108.3,160.7,-52.4
2023,WR,TE,WR_vs_TE,Tyler Lockett,Evan Engram,2374,4066,3949,3896,53,108.3,154.4,-46.1
2023,WR,TE,WR_vs_TE,Tyler Lockett,Pat Freiermuth,2374,7600,3949,3779,170,108.3,57.7,50.6
2023,WR,TE,WR_vs_TE,George Pickens,David Njoku,8137,4033,3912,3919,-7,145.5,160.7,-15.2
2023,WR,TE,WR_vs_TE,George Pickens,Evan Engram,8137,4066,3912,3896,16,145.5,154.4,-8.9
2023,WR,TE,WR_vs_TE,George Pickens,Pat Freiermuth,8137,7600,3912,3779,133,145.5,57.7,87.8
2023,WR,TE,WR_vs_TE,Zay Flowers,David Njoku,9997,4033,3801,3919,-118,129.4,160.7,-31.3
2023,WR,TE,WR_vs_TE,Zay Flowers,Evan Engram,9997,4066,3801,3896,-95,129.4,154.4,-25
2023,WR,TE,WR_vs_TE,Zay Flowers,Pat Freiermuth,9997,7600,3801,3779,22,129.4,57.7,71.7
2023,WR,TE,WR_vs_TE,Diontae Johnson,David Njoku,5937,4033,3732,3919,-187,86.8,160.7,-73.9
2023,WR,TE,WR_vs_TE,Diontae Johnson,Evan Engram,5937,4066,3732,3896,-164,86.8,154.4,-67.6
2023,WR,TE,WR_vs_TE,Diontae Johnson,Pat Freiermuth,5937,7600,3732,3779,-47,86.8,57.7,29.1
2023,WR,TE,WR_vs_TE,Brandin Cooks,Dalton Kincaid,2197,10236,3546,3424,122,109,101.9,7.1
2023,WR,TE,WR_vs_TE,Jordan Addison,Dalton Kincaid,9756,10236,3475,3424,51,139.6,101.9,37.7
2023,WR,TE,WR_vs_TE,Jordan Addison,Sam LaPorta,9756,10859,3475,3302,173,139.6,184.9,-45.3
2023,WR,TE,WR_vs_TE,Jahan Dotson,Dalton Kincaid,8119,10236,3378,3424,-46,74.1,101.9,-27.8
2023,WR,TE,WR_vs_TE,Jahan Dotson,Sam LaPorta,8119,10859,3378,3302,76,74.1,184.9,-110.8
2023,WR,TE,WR_vs_TE,Jaxon Smith-Njigba,Dalton Kincaid,9488,10236,3374,3424,-50,85.4,101.9,-16.5
2023,WR,TE,WR_vs_TE,Jaxon Smith-Njigba,Sam LaPorta,9488,10859,3374,3302,72,85.4,184.9,-99.5
2023,WR,TE,WR_vs_TE,Courtland Sutton,Dalton Kincaid,5045,10236,3252,3424,-172,131,101.9,29.1
2023,WR,TE,WR_vs_TE,Courtland Sutton,Sam LaPorta,5045,10859,3252,3302,-50,131,184.9,-53.9
2023,WR,TE,WR_vs_TE,Marquise Brown,Dalton Kincaid,5848,10236,3235,3424,-189,83.7,101.9,-18.2
2023,WR,TE,WR_vs_TE,Marquise Brown,Sam LaPorta,5848,10859,3235,3302,-67,83.7,184.9,-101.2
2023,WR,TE,WR_vs_TE,Odell Beckham,Tyler Higbee,2078,3271,3069,3009,60,72.5,85,-12.5
2023,WR,TE,WR_vs_TE,Odell Beckham,Dalton Schultz,2078,5001,3069,2977,92,72.5,114.3,-41.8
2023,WR,TE,WR_vs_TE,Kadarius Toney,Tyler Higbee,7606,3271,2999,3009,-10,26,85,-59
2023,WR,TE,WR_vs_TE,Kadarius Toney,Dalton Schultz,7606,5001,2999,2977,22,26,114.3,-88.3
2023,WR,TE,WR_vs_TE,Kadarius Toney,Jake Ferguson,7606,8110,2999,2823,176,26,131.7,-105.7
2023,WR,TE,WR_vs_TE,Treylon Burks,Tyler Higbee,8135,3271,2915,3009,-94,23.9,85,-61.1
2023,WR,TE,WR_vs_TE,Treylon Burks,Dalton Schultz,8135,5001,2915,2977,-62,23.9,114.3,-90.4
2023,WR,TE,WR_vs_TE,Treylon Burks,Jake Ferguson,8135,8110,2915,2823,92,23.9,131.7,-107.8
2023,WR,TE,WR_vs_TE,Treylon Burks,Dawson Knox,8135,5906,2915,2727,188,23.9,34.4,-10.5
2023,WR,TE,WR_vs_TE,Treylon Burks,Juwan Johnson,8135,7002,2915,2722,193,23.9,73.8,-49.9
2023,WR,TE,WR_vs_TE,Elijah Moore,Dalton Schultz,7596,5001,2807,2977,-170,73.1,114.3,-41.2
2023,WR,TE,WR_vs_TE,Elijah Moore,Jake Ferguson,7596,8110,2807,2823,-16,73.1,131.7,-58.6
2023,WR,TE,WR_vs_TE,Elijah Moore,Dawson Knox,7596,5906,2807,2727,80,73.1,34.4,38.7
2023,WR,TE,WR_vs_TE,Elijah Moore,Juwan Johnson,7596,7002,2807,2722,85,73.1,73.8,-0.7
2023,WR,TE,WR_vs_TE,Skyy Moore,Jake Ferguson,8168,8110,2742,2823,-81,32.7,131.7,-99
2023,WR,TE,WR_vs_TE,Skyy Moore,Dawson Knox,8168,5906,2742,2727,15,32.7,34.4,-1.7
2023,WR,TE,WR_vs_TE,Skyy Moore,Juwan Johnson,8168,7002,2742,2722,20,32.7,73.8,-41.1
2023,WR,TE,WR_vs_TE,JuJu Smith-Schuster,Dawson Knox,4040,5906,2586,2727,-141,32,34.4,-2.4
2023,WR,TE,WR_vs_TE,JuJu Smith-Schuster,Juwan Johnson,4040,7002,2586,2722,-136,32,73.8,-41.8
2023,WR,TE,WR_vs_TE,JuJu Smith-Schuster,Chigoziem Okonkwo,4040,8210,2586,2419,167,32,81.8,-49.8
2023,WR,TE,WR_vs_TE,JuJu Smith-Schuster,Cole Kmet,4040,6826,2586,2400,186,32,139,-107
2023,WR,TE,WR_vs_TE,Quentin Johnston,Chigoziem Okonkwo,9754,8210,2482,2419,63,53.7,81.8,-28.1
2023,WR,TE,WR_vs_TE,Quentin Johnston,Cole Kmet,9754,6826,2482,2400,82,53.7,139,-85.3
2023,WR,TE,WR_vs_TE,Rashod Bateman,Chigoziem Okonkwo,7571,8210,2379,2419,-40,44.5,81.8,-37.3
2023,WR,TE,WR_vs_TE,Rashod Bateman,Cole Kmet,7571,6826,2379,2400,-21,44.5,139,-94.5
2023,WR,TE,WR_vs_TE,Rashod Bateman,Gerald Everett,7571,4089,2379,2182,197,44.5,84.7,-40.2
2023,WR,TE,WR_vs_TE,Michael Thomas,Chigoziem Okonkwo,3199,8210,2302,2419,-117,50.8,81.8,-31
2023,WR,TE,WR_vs_TE,Michael Thomas,Cole Kmet,3199,6826,2302,2400,-98,50.8,139,-88.2
2023,WR,TE,WR_vs_TE,Michael Thomas,Gerald Everett,3199,4089,2302,2182,120,50.8,84.7,-33.9
2023,WR,TE,WR_vs_TE,Michael Thomas,Greg Dulcich,3199,8172,2302,2124,178,50.8,4,46.8
2023,WR,TE,WR_vs_TE,Nico Collins,Chigoziem Okonkwo,7569,8210,2254,2419,-165,154.9,81.8,73.1
2023,WR,TE,WR_vs_TE,Nico Collins,Cole Kmet,7569,6826,2254,2400,-146,154.9,139,15.9
2023,WR,TE,WR_vs_TE,Nico Collins,Gerald Everett,7569,4089,2254,2182,72,154.9,84.7,70.2
2023,WR,TE,WR_vs_TE,Nico Collins,Greg Dulcich,7569,8172,2254,2124,130,154.9,4,150.9
2023,WR,TE,WR_vs_TE,Nico Collins,Isaiah Likely,7569,8131,2254,2076,178,154.9,76,78.9
2023,WR,TE,WR_vs_TE,Jameson Williams,Gerald Everett,8148,4089,2141,2182,-41,56.3,84.7,-28.4
2023,WR,TE,WR_vs_TE,Jameson Williams,Greg Dulcich,8148,8172,2141,2124,17,56.3,4,52.3
2023,WR,TE,WR_vs_TE,Jameson Williams,Isaiah Likely,8148,8131,2141,2076,65,56.3,76,-19.7
2023,WR,TE,WR_vs_TE,Romeo Doubs,Gerald Everett,8121,4089,2099,2182,-83,115.4,84.7,30.7
2023,WR,TE,WR_vs_TE,Romeo Doubs,Greg Dulcich,8121,8172,2099,2124,-25,115.4,4,111.4
2023,WR,TE,WR_vs_TE,Romeo Doubs,Isaiah Likely,8121,8131,2099,2076,23,115.4,76,39.4
2023,WR,TE,WR_vs_TE,Rashee Rice,Isaiah Likely,10229,8131,1898,2076,-178,133.5,76,57.5
2023,WR,TE,WR_vs_TE,Rashee Rice,Luke Musgrave,10229,9481,1898,1777,121,133.5,56.6,76.9
2023,WR,TE,WR_vs_TE,Rashee Rice,Irv Smith,10229,6126,1898,1777,121,133.5,24.5,109
2023,WR,TE,WR_vs_TE,Allen Lazard,Isaiah Likely,5185,8131,1898,2076,-178,37.1,76,-38.9
2023,WR,TE,WR_vs_TE,Allen Lazard,Luke Musgrave,5185,9481,1898,1777,121,37.1,56.6,-19.5
2023,WR,TE,WR_vs_TE,Allen Lazard,Irv Smith,5185,6126,1898,1777,121,37.1,24.5,12.6
2023,WR,TE,WR_vs_TE,Adam Thielen,Luke Musgrave,1689,9481,1779,1777,2,126.8,56.6,70.2
2023,WR,TE,WR_vs_TE,Adam Thielen,Irv Smith,1689,6126,1779,1777,2,126.8,24.5,102.3
2023,WR,TE,WR_vs_TE,Adam Thielen,Cade Otton,1689,8111,1779,1634,145,126.8,89,37.8
2023,WR,TE,WR_vs_TE,Jakobi Meyers,Luke Musgrave,5947,9481,1666,1777,-111,129,56.6,72.4
2023,WR,TE,WR_vs_TE,Jakobi Meyers,Irv Smith,5947,6126,1666,1777,-111,129,24.5,104.5
2023,WR,TE,WR_vs_TE,Jakobi Meyers,Cade Otton,5947,8111,1666,1634,32,129,89,40
2023,WR,TE,WR_vs_TE,Jakobi Meyers,Tyler Conklin,5947,5133,1666,1491,175,129,90,39
2023,WR,TE,WR_vs_TE,Michael Gallup,Luke Musgrave,5038,9481,1614,1777,-163,53.8,56.6,-2.8
2023,WR,TE,WR_vs_TE,Michael Gallup,Irv Smith,5038,6126,1614,1777,-163,53.8,24.5,29.3
2023,WR,TE,WR_vs_TE,Michael Gallup,Cade Otton,5038,8111,1614,1634,-20,53.8,89,-35.2
2023,WR,TE,WR_vs_TE,Michael Gallup,Tyler Conklin,5038,5133,1614,1491,123,53.8,90,-36.2
2023,WR,TE,WR_vs_TE,Michael Gallup,Hunter Henry,5038,3214,1614,1459,155,53.8,98.9,-45.1
2023,WR,TE,WR_vs_TE,Darnell Mooney,Cade Otton,7090,8111,1529,1634,-105,47.9,89,-41.1
2023,WR,TE,WR_vs_TE,Darnell Mooney,Tyler Conklin,7090,5133,1529,1491,38,47.9,90,-42.1
2023,WR,TE,WR_vs_TE,Darnell Mooney,Hunter Henry,7090,3214,1529,1459,70,47.9,98.9,-51
2023,WR,TE,WR_vs_TE,Marquez Valdes-Scantling,Cade Otton,5086,8111,1491,1634,-143,35.5,89,-53.5
2023,WR,TE,WR_vs_TE,Marquez Valdes-Scantling,Tyler Conklin,5086,5133,1491,1491,0,35.5,90,-54.5
2023,WR,TE,WR_vs_TE,Marquez Valdes-Scantling,Hunter Henry,5086,3214,1491,1459,32,35.5,98.9,-63.4
2023,WR,TE,WR_vs_TE,Marquez Valdes-Scantling,Taysom Hill,5086,4381,1491,1300,191,35.5,117.1,-81.6
2023,WR,TE,WR_vs_TE,Zay Jones,Cade Otton,4080,8111,1456,1634,-178,39.4,89,-49.6
2023,WR,TE,WR_vs_TE,Zay Jones,Tyler Conklin,4080,5133,1456,1491,-35,39.4,90,-50.6
2023,WR,TE,WR_vs_TE,Zay Jones,Hunter Henry,4080,3214,1456,1459,-3,39.4,98.9,-59.5
2023,WR,TE,WR_vs_TE,Zay Jones,Taysom Hill,4080,4381,1456,1300,156,39.4,117.1,-77.7
2023,WR,TE,WR_vs_TE,Tyler Boyd,Tyler Conklin,3225,5133,1352,1491,-139,77.4,90,-12.6
2023,WR,TE,WR_vs_TE,Tyler Boyd,Hunter Henry,3225,3214,1352,1459,-107,77.4,98.9,-21.5
2023,WR,TE,WR_vs_TE,Tyler Boyd,Taysom Hill,3225,4381,1352,1300,52,77.4,117.1,-39.7
2023,WR,TE,WR_vs_TE,Tyler Boyd,Hayden Hurst,3225,4973,1352,1245,107,77.4,33.4,44
2023,WR,TE,WR_vs_TE,Tyler Boyd,Noah Gray,3225,7828,1352,1237,115,77.4,56.6,20.8
2023,WR,TE,WR_vs_TE,Tyler Boyd,Michael Mayer,3225,9482,1352,1209,143,77.4,57.9,19.5
2023,WR,TE,WR_vs_TE,Marvin Mims,Tyler Conklin,9494,5133,1327,1491,-164,47,90,-43
2023,WR,TE,WR_vs_TE,Marvin Mims,Hunter Henry,9494,3214,1327,1459,-132,47,98.9,-51.9
2023,WR,TE,WR_vs_TE,Marvin Mims,Taysom Hill,9494,4381,1327,1300,27,47,117.1,-70.1
2023,WR,TE,WR_vs_TE,Marvin Mims,Hayden Hurst,9494,4973,1327,1245,82,47,33.4,13.6
2023,WR,TE,WR_vs_TE,Marvin Mims,Noah Gray,9494,7828,1327,1237,90,47,56.6,-9.6
2023,WR,TE,WR_vs_TE,Marvin Mims,Michael Mayer,9494,9482,1327,1209,118,47,57.9,-10.9
2023,WR,TE,WR_vs_TE,Jayden Reed,Hunter Henry,10222,3214,1281,1459,-178,142,98.9,43.1
2023,WR,TE,WR_vs_TE,Jayden Reed,Taysom Hill,10222,4381,1281,1300,-19,142,117.1,24.9
2023,WR,TE,WR_vs_TE,Jayden Reed,Hayden Hurst,10222,4973,1281,1245,36,142,33.4,108.6
2023,WR,TE,WR_vs_TE,Jayden Reed,Noah Gray,10222,7828,1281,1237,44,142,56.6,85.4
2023,WR,TE,WR_vs_TE,Jayden Reed,Michael Mayer,10222,9482,1281,1209,72,142,57.9,84.1
2023,WR,TE,WR_vs_TE,Jayden Reed,Mike Gesicki,10222,4993,1281,1102,179,142,49.9,92.1
2023,WR,TE,WR_vs_TE,Van Jefferson,Taysom Hill,6853,4381,1177,1300,-123,20,117.1,-97.1
2023,WR,TE,WR_vs_TE,Van Jefferson,Hayden Hurst,6853,4973,1177,1245,-68,20,33.4,-13.4
2023,WR,TE,WR_vs_TE,Van Jefferson,Noah Gray,6853,7828,1177,1237,-60,20,56.6,-36.6
2023,WR,TE,WR_vs_TE,Van Jefferson,Michael Mayer,6853,9482,1177,1209,-32,20,57.9,-37.9
2023,WR,TE,WR_vs_TE,Van Jefferson,Mike Gesicki,6853,4993,1177,1102,75,20,49.9,-29.9
2023,WR,TE,WR_vs_TE,Van Jefferson,Trey McBride,6853,8130,1177,1033,144,20,130.1,-110.1
2023,WR,TE,WR_vs_TE,K.J. Osborn,Taysom Hill,7066,4381,1108,1300,-192,71.1,117.1,-46
2023,WR,TE,WR_vs_TE,K.J. Osborn,Hayden Hurst,7066,4973,1108,1245,-137,71.1,33.4,37.7
2023,WR,TE,WR_vs_TE,K.J. Osborn,Noah Gray,7066,7828,1108,1237,-129,71.1,56.6,14.5
2023,WR,TE,WR_vs_TE,K.J. Osborn,Michael Mayer,7066,9482,1108,1209,-101,71.1,57.9,13.2
2023,WR,TE,WR_vs_TE,K.J. Osborn,Mike Gesicki,7066,4993,1108,1102,6,71.1,49.9,21.2
2023,WR,TE,WR_vs_TE,K.J. Osborn,Trey McBride,7066,8130,1108,1033,75,71.1,130.1,-59
2023,WR,TE,WR_vs_TE,K.J. Osborn,Durham Smythe,7066,5008,1108,974,134,71.1,49.6,21.5
2023,WR,TE,WR_vs_TE,K.J. Osborn,Noah Fant,7066,5857,1108,927,181,71.1,57.4,13.7
2023,WR,TE,WR_vs_TE,Puka Nacua,Michael Mayer,9493,9482,1011,1209,-198,183.4,57.9,125.5
2023,WR,TE,WR_vs_TE,Puka Nacua,Mike Gesicki,9493,4993,1011,1102,-91,183.4,49.9,133.5
2023,WR,TE,WR_vs_TE,Puka Nacua,Trey McBride,9493,8130,1011,1033,-22,183.4,130.1,53.3
2023,WR,TE,WR_vs_TE,Puka Nacua,Durham Smythe,9493,5008,1011,974,37,183.4,49.6,133.8
2023,WR,TE,WR_vs_TE,Puka Nacua,Noah Fant,9493,5857,1011,927,84,183.4,57.4,126
2023,WR,TE,WR_vs_TE,Puka Nacua,Zach Ertz,9493,1339,1011,870,141,183.4,38.2,145.2
2023,WR,TE,WR_vs_TE,Jonathan Mingo,Mike Gesicki,10225,4993,1006,1102,-96,41.8,49.9,-8.1
2023,WR,TE,WR_vs_TE,Jonathan Mingo,Trey McBride,10225,8130,1006,1033,-27,41.8,130.1,-88.3
2023,WR,TE,WR_vs_TE,Jonathan Mingo,Durham Smythe,10225,5008,1006,974,32,41.8,49.6,-7.8
2023,WR,TE,WR_vs_TE,Jonathan Mingo,Noah Fant,10225,5857,1006,927,79,41.8,57.4,-15.6
2023,WR,TE,WR_vs_TE,Jonathan Mingo,Zach Ertz,10225,1339,1006,870,136,41.8,38.2,3.6
2023,WR,TE,WR_vs_TE,Alec Pierce,Mike Gesicki,8142,4993,915,1102,-187,63.4,49.9,13.5
2023,WR,TE,WR_vs_TE,Alec Pierce,Trey McBride,8142,8130,915,1033,-118,63.4,130.1,-66.7
2023,WR,TE,WR_vs_TE,Alec Pierce,Durham Smythe,8142,5008,915,974,-59,63.4,49.6,13.8
2023,WR,TE,WR_vs_TE,Alec Pierce,Noah Fant,8142,5857,915,927,-12,63.4,57.4,6
2023,WR,TE,WR_vs_TE,Alec Pierce,Zach Ertz,8142,1339,915,870,45,63.4,38.2,25.2
2023,WR,TE,WR_vs_TE,Alec Pierce,Tucker Kraft,8142,9484,915,795,120,63.4,58.4,5
2023,WR,TE,WR_vs_TE,Jauan Jennings,Mike Gesicki,7049,4993,909,1102,-193,32.5,49.9,-17.4
2023,WR,TE,WR_vs_TE,Jauan Jennings,Trey McBride,7049,8130,909,1033,-124,32.5,130.1,-97.6
2023,WR,TE,WR_vs_TE,Jauan Jennings,Durham Smythe,7049,5008,909,974,-65,32.5,49.6,-17.1
2023,WR,TE,WR_vs_TE,Jauan Jennings,Noah Fant,7049,5857,909,927,-18,32.5,57.4,-24.9
2023,WR,TE,WR_vs_TE,Jauan Jennings,Zach Ertz,7049,1339,909,870,39,32.5,38.2,-5.7
2023,WR,TE,WR_vs_TE,Jauan Jennings,Tucker Kraft,7049,9484,909,795,114,32.5,58.4,-25.9
2023,WR,TE,WR_vs_TE,Mecole Hardman,Trey McBride,5917,8130,860,1033,-173,3,130.1,-127.1
2023,WR,TE,WR_vs_TE,Mecole Hardman,Durham Smythe,5917,5008,860,974,-114,3,49.6,-46.6
2023,WR,TE,WR_vs_TE,Mecole Hardman,Noah Fant,5917,5857,860,927,-67,3,57.4,-54.4
2023,WR,TE,WR_vs_TE,Mecole Hardman,Zach Ertz,5917,1339,860,870,-10,3,38.2,-35.2
2023,WR,TE,WR_vs_TE,Mecole Hardman,Tucker Kraft,5917,9484,860,795,65,3,58.4,-55.4
2023,WR,TE,WR_vs_TE,Mecole Hardman,Cole Turner,5917,8214,860,663,197,3,17.5,-14.5
2023,WR,TE,WR_vs_TE,Donovan Peoples-Jones,Trey McBride,6824,8130,858,1033,-175,13,130.1,-117.1
2023,WR,TE,WR_vs_TE,Donovan Peoples-Jones,Durham Smythe,6824,5008,858,974,-116,13,49.6,-36.6
2023,WR,TE,WR_vs_TE,Donovan Peoples-Jones,Noah Fant,6824,5857,858,927,-69,13,57.4,-44.4
2023,WR,TE,WR_vs_TE,Donovan Peoples-Jones,Zach Ertz,6824,1339,858,870,-12,13,38.2,-25.2
2023,WR,TE,WR_vs_TE,Donovan Peoples-Jones,Tucker Kraft,6824,9484,858,795,63,13,58.4,-45.4
2023,WR,TE,WR_vs_TE,Donovan Peoples-Jones,Cole Turner,6824,8214,858,663,195,13,17.5,-4.5
2023,WR,TE,WR_vs_TE,Jalin Hyatt,Durham Smythe,9497,5008,816,974,-158,36.8,49.6,-12.8
2023,WR,TE,WR_vs_TE,Jalin Hyatt,Noah Fant,9497,5857,816,927,-111,36.8,57.4,-20.6
2023,WR,TE,WR_vs_TE,Jalin Hyatt,Zach Ertz,9497,1339,816,870,-54,36.8,38.2,-1.4
2023,WR,TE,WR_vs_TE,Jalin Hyatt,Tucker Kraft,9497,9484,816,795,21,36.8,58.4,-21.6
2023,WR,TE,WR_vs_TE,Jalin Hyatt,Cole Turner,9497,8214,816,663,153,36.8,17.5,19.3
2023,WR,TE,WR_vs_TE,Khalil Shakir,Durham Smythe,8134,5008,785,974,-189,63.6,49.6,14
2023,WR,TE,WR_vs_TE,Khalil Shakir,Noah Fant,8134,5857,785,927,-142,63.6,57.4,6.2
2023,WR,TE,WR_vs_TE,Khalil Shakir,Zach Ertz,8134,1339,785,870,-85,63.6,38.2,25.4
2023,WR,TE,WR_vs_TE,Khalil Shakir,Tucker Kraft,8134,9484,785,795,-10,63.6,58.4,5.2
2023,WR,TE,WR_vs_TE,Khalil Shakir,Cole Turner,8134,8214,785,663,122,63.6,17.5,46.1
2023,WR,TE,WR_vs_TE,Richie James,Noah Fant,5137,5857,743,927,-184,7.9,57.4,-49.5
2023,WR,TE,WR_vs_TE,Richie James,Zach Ertz,5137,1339,743,870,-127,7.9,38.2,-30.3
2023,WR,TE,WR_vs_TE,Richie James,Tucker Kraft,5137,9484,743,795,-52,7.9,58.4,-50.5
2023,WR,TE,WR_vs_TE,Richie James,Cole Turner,5137,8214,743,663,80,7.9,17.5,-9.6
2023,WR,TE,WR_vs_TE,Richie James,Daniel Bellinger,5137,8225,743,570,173,7.9,38,-30.1
2023,WR,TE,WR_vs_TE,Rashid Shaheed,Zach Ertz,8676,1339,698,870,-172,97.1,38.2,58.9
2023,WR,TE,WR_vs_TE,Rashid Shaheed,Tucker Kraft,8676,9484,698,795,-97,97.1,58.4,38.7
2023,WR,TE,WR_vs_TE,Rashid Shaheed,Cole Turner,8676,8214,698,663,35,97.1,17.5,79.6
2023,WR,TE,WR_vs_TE,Rashid Shaheed,Daniel Bellinger,8676,8225,698,570,128,97.1,38,59.1
2023,WR,TE,WR_vs_TE,Rashid Shaheed,Kylen Granson,8676,7602,698,542,156,97.1,55.2,41.9
2023,WR,TE,WR_vs_TE,Rashid Shaheed,Luke Schoonmaker,8676,10871,698,528,170,97.1,22.5,74.6
2023,WR,TE,WR_vs_TE,Rashid Shaheed,Adam Trautman,8676,6869,698,518,180,97.1,46.8,50.3
2023,WR,TE,WR_vs_TE,Rashid Shaheed,Darnell Washington,8676,9479,698,506,192,97.1,9.6,87.5
2023,WR,TE,WR_vs_TE,Curtis Samuel,Zach Ertz,4082,1339,690,870,-180,92.2,38.2,54
2023,WR,TE,WR_vs_TE,Curtis Samuel,Tucker Kraft,4082,9484,690,795,-105,92.2,58.4,33.8
2023,WR,TE,WR_vs_TE,Curtis Samuel,Cole Turner,4082,8214,690,663,27,92.2,17.5,74.7
2023,WR,TE,WR_vs_TE,Curtis Samuel,Daniel Bellinger,4082,8225,690,570,120,92.2,38,54.2
2023,WR,TE,WR_vs_TE,Curtis Samuel,Kylen Granson,4082,7602,690,542,148,92.2,55.2,37
2023,WR,TE,WR_vs_TE,Curtis Samuel,Luke Schoonmaker,4082,10871,690,528,162,92.2,22.5,69.7
2023,WR,TE,WR_vs_TE,Curtis Samuel,Adam Trautman,4082,6869,690,518,172,92.2,46.8,45.4
2023,WR,TE,WR_vs_TE,Curtis Samuel,Darnell Washington,4082,9479,690,506,184,92.2,9.6,82.6
2023,WR,TE,WR_vs_TE,Parris Campbell,Tucker Kraft,5880,9484,635,795,-160,10.4,58.4,-48
2023,WR,TE,WR_vs_TE,Parris Campbell,Cole Turner,5880,8214,635,663,-28,10.4,17.5,-7.1
2023,WR,TE,WR_vs_TE,Parris Campbell,Daniel Bellinger,5880,8225,635,570,65,10.4,38,-27.6
2023,WR,TE,WR_vs_TE,Parris Campbell,Kylen Granson,5880,7602,635,542,93,10.4,55.2,-44.8
2023,WR,TE,WR_vs_TE,Parris Campbell,Luke Schoonmaker,5880,10871,635,528,107,10.4,22.5,-12.1
2023,WR,TE,WR_vs_TE,Parris Campbell,Adam Trautman,5880,6869,635,518,117,10.4,46.8,-36.4
2023,WR,TE,WR_vs_TE,Parris Campbell,Darnell Washington,5880,9479,635,506,129,10.4,9.6,0.8
2023,WR,TE,WR_vs_TE,D.J. Chark,Tucker Kraft,4951,9484,611,795,-184,77.9,58.4,19.5
2023,WR,TE,WR_vs_TE,D.J. Chark,Cole Turner,4951,8214,611,663,-52,77.9,17.5,60.4
2023,WR,TE,WR_vs_TE,D.J. Chark,Daniel Bellinger,4951,8225,611,570,41,77.9,38,39.9
2023,WR,TE,WR_vs_TE,D.J. Chark,Kylen Granson,4951,7602,611,542,69,77.9,55.2,22.7
2023,WR,TE,WR_vs_TE,D.J. Chark,Luke Schoonmaker,4951,10871,611,528,83,77.9,22.5,55.4
2023,WR,TE,WR_vs_TE,D.J. Chark,Adam Trautman,4951,6869,611,518,93,77.9,46.8,31.1
2023,WR,TE,WR_vs_TE,D.J. Chark,Darnell Washington,4951,9479,611,506,105,77.9,9.6,68.3
2023,WR,TE,WR_vs_TE,Isaiah Hodgins,Cole Turner,6920,8214,584,663,-79,35.4,17.5,17.9
2023,WR,TE,WR_vs_TE,Isaiah Hodgins,Daniel Bellinger,6920,8225,584,570,14,35.4,38,-2.6
2023,WR,TE,WR_vs_TE,Isaiah Hodgins,Kylen Granson,6920,7602,584,542,42,35.4,55.2,-19.8
2023,WR,TE,WR_vs_TE,Isaiah Hodgins,Luke Schoonmaker,6920,10871,584,528,56,35.4,22.5,12.9
2023,WR,TE,WR_vs_TE,Isaiah Hodgins,Adam Trautman,6920,6869,584,518,66,35.4,46.8,-11.4
2023,WR,TE,WR_vs_TE,Isaiah Hodgins,Darnell Washington,6920,9479,584,506,78,35.4,9.6,25.8
2023,WR,TE,WR_vs_TE,Josh Reynolds,Cole Turner,4171,8214,525,663,-138,84.4,17.5,66.9
2023,WR,TE,WR_vs_TE,Josh Reynolds,Daniel Bellinger,4171,8225,525,570,-45,84.4,38,46.4
2023,WR,TE,WR_vs_TE,Josh Reynolds,Kylen Granson,4171,7602,525,542,-17,84.4,55.2,29.2
2023,WR,TE,WR_vs_TE,Josh Reynolds,Luke Schoonmaker,4171,10871,525,528,-3,84.4,22.5,61.9
2023,WR,TE,WR_vs_TE,Josh Reynolds,Adam Trautman,4171,6869,525,518,7,84.4,46.8,37.6
2023,WR,TE,WR_vs_TE,Josh Reynolds,Darnell Washington,4171,9479,525,506,19,84.4,9.6,74.8
2023,WR,TE,WR_vs_TE,Josh Reynolds,Austin Hooper,4171,3202,525,343,182,84.4,30,54.4
2023,WR,TE,WR_vs_TE,Hunter Renfrow,Cole Turner,5955,8214,509,663,-154,23.5,17.5,6
2023,WR,TE,WR_vs_TE,Hunter Renfrow,Daniel Bellinger,5955,8225,509,570,-61,23.5,38,-14.5
2023,WR,TE,WR_vs_TE,Hunter Renfrow,Kylen Granson,5955,7602,509,542,-33,23.5,55.2,-31.7
2023,WR,TE,WR_vs_TE,Hunter Renfrow,Luke Schoonmaker,5955,10871,509,528,-19,23.5,22.5,1
2023,WR,TE,WR_vs_TE,Hunter Renfrow,Adam Trautman,5955,6869,509,518,-9,23.5,46.8,-23.3
2023,WR,TE,WR_vs_TE,Hunter Renfrow,Darnell Washington,5955,9479,509,506,3,23.5,9.6,13.9
2023,WR,TE,WR_vs_TE,Hunter Renfrow,Austin Hooper,5955,3202,509,343,166,23.5,30,-6.5
2023,WR,TE,WR_vs_TE,Cedrick Wilson,Cole Turner,5113,8214,500,663,-163,45.2,17.5,27.7
2023,WR,TE,WR_vs_TE,Cedrick Wilson,Daniel Bellinger,5113,8225,500,570,-70,45.2,38,7.2
2023,WR,TE,WR_vs_TE,Cedrick Wilson,Kylen Granson,5113,7602,500,542,-42,45.2,55.2,-10
2023,WR,TE,WR_vs_TE,Cedrick Wilson,Luke Schoonmaker,5113,10871,500,528,-28,45.2,22.5,22.7
2023,WR,TE,WR_vs_TE,Cedrick Wilson,Adam Trautman,5113,6869,500,518,-18,45.2,46.8,-1.6
2023,WR,TE,WR_vs_TE,Cedrick Wilson,Darnell Washington,5113,9479,500,506,-6,45.2,9.6,35.6
2023,WR,TE,WR_vs_TE,Cedrick Wilson,Austin Hooper,5113,3202,500,343,157,45.2,30,15.2
2023,WR,TE,WR_vs_TE,Cedrick Wilson,Brock Wright,5113,7891,500,306,194,45.2,21.6,23.6
2023,WR,TE,WR_vs_TE,Tank Dell,Cole Turner,9502,8214,485,663,-178,118,17.5,100.5
2023,WR,TE,WR_vs_TE,Tank Dell,Daniel Bellinger,9502,8225,485,570,-85,118,38,80
2023,WR,TE,WR_vs_TE,Tank Dell,Kylen Granson,9502,7602,485,542,-57,118,55.2,62.8
2023,WR,TE,WR_vs_TE,Tank Dell,Luke Schoonmaker,9502,10871,485,528,-43,118,22.5,95.5
2023,WR,TE,WR_vs_TE,Tank Dell,Adam Trautman,9502,6869,485,518,-33,118,46.8,71.2
2023,WR,TE,WR_vs_TE,Tank Dell,Darnell Washington,9502,9479,485,506,-21,118,9.6,108.4
2023,WR,TE,WR_vs_TE,Tank Dell,Austin Hooper,9502,3202,485,343,142,118,30,88
2023,WR,TE,WR_vs_TE,Tank Dell,Brock Wright,9502,7891,485,306,179,118,21.6,96.4
2023,WR,TE,WR_vs_TE,Darius Slayton,Daniel Bellinger,6149,8225,455,570,-115,88.8,38,50.8
2023,WR,TE,WR_vs_TE,Darius Slayton,Kylen Granson,6149,7602,455,542,-87,88.8,55.2,33.6
2023,WR,TE,WR_vs_TE,Darius Slayton,Luke Schoonmaker,6149,10871,455,528,-73,88.8,22.5,66.3
2023,WR,TE,WR_vs_TE,Darius Slayton,Adam Trautman,6149,6869,455,518,-63,88.8,46.8,42
2023,WR,TE,WR_vs_TE,Darius Slayton,Darnell Washington,6149,9479,455,506,-51,88.8,9.6,79.2
2023,WR,TE,WR_vs_TE,Darius Slayton,Austin Hooper,6149,3202,455,343,112,88.8,30,58.8
2023,WR,TE,WR_vs_TE,Darius Slayton,Brock Wright,6149,7891,455,306,149,88.8,21.6,67.2
2023,WR,TE,WR_vs_TE,Dontayvion Wicks,Daniel Bellinger,9486,8225,453,570,-117,62.7,38,24.7
2023,WR,TE,WR_vs_TE,Dontayvion Wicks,Kylen Granson,9486,7602,453,542,-89,62.7,55.2,7.5
2023,WR,TE,WR_vs_TE,Dontayvion Wicks,Luke Schoonmaker,9486,10871,453,528,-75,62.7,22.5,40.2
2023,WR,TE,WR_vs_TE,Dontayvion Wicks,Adam Trautman,9486,6869,453,518,-65,62.7,46.8,15.9
2023,WR,TE,WR_vs_TE,Dontayvion Wicks,Darnell Washington,9486,9479,453,506,-53,62.7,9.6,53.1
2023,WR,TE,WR_vs_TE,Dontayvion Wicks,Austin Hooper,9486,3202,453,343,110,62.7,30,32.7
2023,WR,TE,WR_vs_TE,Dontayvion Wicks,Brock Wright,9486,7891,453,306,147,62.7,21.6,41.1
2023,WR,TE,WR_vs_TE,DeVante Parker,Daniel Bellinger,2319,8225,449,570,-121,38.8,38,0.8
2023,WR,TE,WR_vs_TE,DeVante Parker,Kylen Granson,2319,7602,449,542,-93,38.8,55.2,-16.4
2023,WR,TE,WR_vs_TE,DeVante Parker,Luke Schoonmaker,2319,10871,449,528,-79,38.8,22.5,16.3
2023,WR,TE,WR_vs_TE,DeVante Parker,Adam Trautman,2319,6869,449,518,-69,38.8,46.8,-8
2023,WR,TE,WR_vs_TE,DeVante Parker,Darnell Washington,2319,9479,449,506,-57,38.8,9.6,29.2
2023,WR,TE,WR_vs_TE,DeVante Parker,Austin Hooper,2319,3202,449,343,106,38.8,30,8.8
2023,WR,TE,WR_vs_TE,DeVante Parker,Brock Wright,2319,7891,449,306,143,38.8,21.6,17.2
2023,WR,TE,WR_vs_TE,Chase Claypool,Daniel Bellinger,6886,8225,441,570,-129,13.4,38,-24.6
2023,WR,TE,WR_vs_TE,Chase Claypool,Kylen Granson,6886,7602,441,542,-101,13.4,55.2,-41.8
2023,WR,TE,WR_vs_TE,Chase Claypool,Luke Schoonmaker,6886,10871,441,528,-87,13.4,22.5,-9.1
2023,WR,TE,WR_vs_TE,Chase Claypool,Adam Trautman,6886,6869,441,518,-77,13.4,46.8,-33.4
2023,WR,TE,WR_vs_TE,Chase Claypool,Darnell Washington,6886,9479,441,506,-65,13.4,9.6,3.8
2023,WR,TE,WR_vs_TE,Chase Claypool,Austin Hooper,6886,3202,441,343,98,13.4,30,-16.6
2023,WR,TE,WR_vs_TE,Chase Claypool,Brock Wright,6886,7891,441,306,135,13.4,21.6,-8.2
2023,WR,TE,WR_vs_TE,Chase Claypool,Donald Parham,6886,6074,441,243,198,13.4,55.2,-41.8
2023,WR,TE,WR_vs_TE,Michael Wilson,Daniel Bellinger,10232,8225,395,570,-175,67,38,29
2023,WR,TE,WR_vs_TE,Michael Wilson,Kylen Granson,10232,7602,395,542,-147,67,55.2,11.8
2023,WR,TE,WR_vs_TE,Michael Wilson,Luke Schoonmaker,10232,10871,395,528,-133,67,22.5,44.5
2023,WR,TE,WR_vs_TE,Michael Wilson,Adam Trautman,10232,6869,395,518,-123,67,46.8,20.2
2023,WR,TE,WR_vs_TE,Michael Wilson,Darnell Washington,10232,9479,395,506,-111,67,9.6,57.4
2023,WR,TE,WR_vs_TE,Michael Wilson,Austin Hooper,10232,3202,395,343,52,67,30,37
2023,WR,TE,WR_vs_TE,Michael Wilson,Brock Wright,10232,7891,395,306,89,67,21.6,45.4
2023,WR,TE,WR_vs_TE,Michael Wilson,Donald Parham,10232,6074,395,243,152,67,55.2,11.8
2023,WR,TE,WR_vs_TE,Michael Wilson,Colby Parkinson,10232,6865,395,240,155,67,46.9,20.1
2023,WR,TE,WR_vs_TE,Michael Wilson,Jonnu Smith,10232,4144,395,222,173,67,88.8,-21.8
2023,WR,TE,WR_vs_TE,Michael Wilson,Josh Oliver,10232,5973,395,215,180,67,38.2,28.8
2023,WR,TE,WR_vs_TE,Michael Wilson,Peyton Hendershot,10232,8197,395,209,186,67,2.9,64.1
2023,WR,TE,WR_vs_TE,Jalen Tolbert,Daniel Bellinger,8117,8225,394,570,-176,30,38,-8
2023,WR,TE,WR_vs_TE,Jalen Tolbert,Kylen Granson,8117,7602,394,542,-148,30,55.2,-25.2
2023,WR,TE,WR_vs_TE,Jalen Tolbert,Luke Schoonmaker,8117,10871,394,528,-134,30,22.5,7.5
2023,WR,TE,WR_vs_TE,Jalen Tolbert,Adam Trautman,8117,6869,394,518,-124,30,46.8,-16.8
2023,WR,TE,WR_vs_TE,Jalen Tolbert,Darnell Washington,8117,9479,394,506,-112,30,9.6,20.4
2023,WR,TE,WR_vs_TE,Jalen Tolbert,Austin Hooper,8117,3202,394,343,51,30,30,0
2023,WR,TE,WR_vs_TE,Jalen Tolbert,Brock Wright,8117,7891,394,306,88,30,21.6,8.4
2023,WR,TE,WR_vs_TE,Jalen Tolbert,Donald Parham,8117,6074,394,243,151,30,55.2,-25.2
2023,WR,TE,WR_vs_TE,Jalen Tolbert,Colby Parkinson,8117,6865,394,240,154,30,46.9,-16.9
2023,WR,TE,WR_vs_TE,Jalen Tolbert,Jonnu Smith,8117,4144,394,222,172,30,88.8,-58.8
2023,WR,TE,WR_vs_TE,Jalen Tolbert,Josh Oliver,8117,5973,394,215,179,30,38.2,-8.2
2023,WR,TE,WR_vs_TE,Jalen Tolbert,Peyton Hendershot,8117,8197,394,209,185,30,2.9,27.1
2023,WR,TE,WR_vs_TE,Quez Watkins,Daniel Bellinger,6927,8225,376,570,-194,4.9,38,-33.1
2023,WR,TE,WR_vs_TE,Quez Watkins,Kylen Granson,6927,7602,376,542,-166,4.9,55.2,-50.3
2023,WR,TE,WR_vs_TE,Quez Watkins,Luke Schoonmaker,6927,10871,376,528,-152,4.9,22.5,-17.6
2023,WR,TE,WR_vs_TE,Quez Watkins,Adam Trautman,6927,6869,376,518,-142,4.9,46.8,-41.9
2023,WR,TE,WR_vs_TE,Quez Watkins,Darnell Washington,6927,9479,376,506,-130,4.9,9.6,-4.7
2023,WR,TE,WR_vs_TE,Quez Watkins,Austin Hooper,6927,3202,376,343,33,4.9,30,-25.1
2023,WR,TE,WR_vs_TE,Quez Watkins,Brock Wright,6927,7891,376,306,70,4.9,21.6,-16.7
2023,WR,TE,WR_vs_TE,Quez Watkins,Donald Parham,6927,6074,376,243,133,4.9,55.2,-50.3
2023,WR,TE,WR_vs_TE,Quez Watkins,Colby Parkinson,6927,6865,376,240,136,4.9,46.9,-42
2023,WR,TE,WR_vs_TE,Quez Watkins,Jonnu Smith,6927,4144,376,222,154,4.9,88.8,-83.9
2023,WR,TE,WR_vs_TE,Quez Watkins,Josh Oliver,6927,5973,376,215,161,4.9,38.2,-33.3
2023,WR,TE,WR_vs_TE,Quez Watkins,Peyton Hendershot,6927,8197,376,209,167,4.9,2.9,2
2023,WR,TE,WR_vs_TE,Demarcus Robinson,Kylen Granson,3286,7602,368,542,-174,61.4,55.2,6.2
2023,WR,TE,WR_vs_TE,Demarcus Robinson,Luke Schoonmaker,3286,10871,368,528,-160,61.4,22.5,38.9
2023,WR,TE,WR_vs_TE,Demarcus Robinson,Adam Trautman,3286,6869,368,518,-150,61.4,46.8,14.6
2023,WR,TE,WR_vs_TE,Demarcus Robinson,Darnell Washington,3286,9479,368,506,-138,61.4,9.6,51.8
2023,WR,TE,WR_vs_TE,Demarcus Robinson,Austin Hooper,3286,3202,368,343,25,61.4,30,31.4
2023,WR,TE,WR_vs_TE,Demarcus Robinson,Brock Wright,3286,7891,368,306,62,61.4,21.6,39.8
2023,WR,TE,WR_vs_TE,Demarcus Robinson,Donald Parham,3286,6074,368,243,125,61.4,55.2,6.2
2023,WR,TE,WR_vs_TE,Demarcus Robinson,Colby Parkinson,3286,6865,368,240,128,61.4,46.9,14.5
2023,WR,TE,WR_vs_TE,Demarcus Robinson,Jonnu Smith,3286,4144,368,222,146,61.4,88.8,-27.4
2023,WR,TE,WR_vs_TE,Demarcus Robinson,Josh Oliver,3286,5973,368,215,153,61.4,38.2,23.2
2023,WR,TE,WR_vs_TE,Demarcus Robinson,Peyton Hendershot,3286,8197,368,209,159,61.4,2.9,58.5
2023,WR,TE,WR_vs_TE,Justyn Ross,Kylen Granson,8140,7602,362,542,-180,3.6,55.2,-51.6
2023,WR,TE,WR_vs_TE,Justyn Ross,Luke Schoonmaker,8140,10871,362,528,-166,3.6,22.5,-18.9
2023,WR,TE,WR_vs_TE,Justyn Ross,Adam Trautman,8140,6869,362,518,-156,3.6,46.8,-43.2
2023,WR,TE,WR_vs_TE,Justyn Ross,Darnell Washington,8140,9479,362,506,-144,3.6,9.6,-6
2023,WR,TE,WR_vs_TE,Justyn Ross,Austin Hooper,8140,3202,362,343,19,3.6,30,-26.4
2023,WR,TE,WR_vs_TE,Justyn Ross,Brock Wright,8140,7891,362,306,56,3.6,21.6,-18
2023,WR,TE,WR_vs_TE,Justyn Ross,Donald Parham,8140,6074,362,243,119,3.6,55.2,-51.6
2023,WR,TE,WR_vs_TE,Justyn Ross,Colby Parkinson,8140,6865,362,240,122,3.6,46.9,-43.3
2023,WR,TE,WR_vs_TE,Justyn Ross,Jonnu Smith,8140,4144,362,222,140,3.6,88.8,-85.2
2023,WR,TE,WR_vs_TE,Justyn Ross,Josh Oliver,8140,5973,362,215,147,3.6,38.2,-34.6
2023,WR,TE,WR_vs_TE,Justyn Ross,Peyton Hendershot,8140,8197,362,209,153,3.6,2.9,0.7
2023,WR,TE,WR_vs_TE,Nelson Agholor,Adam Trautman,2325,6869,323,518,-195,58.2,46.8,11.4
2023,WR,TE,WR_vs_TE,Nelson Agholor,Darnell Washington,2325,9479,323,506,-183,58.2,9.6,48.6
2023,WR,TE,WR_vs_TE,Nelson Agholor,Austin Hooper,2325,3202,323,343,-20,58.2,30,28.2
2023,WR,TE,WR_vs_TE,Nelson Agholor,Brock Wright,2325,7891,323,306,17,58.2,21.6,36.6
2023,WR,TE,WR_vs_TE,Nelson Agholor,Donald Parham,2325,6074,323,243,80,58.2,55.2,3
2023,WR,TE,WR_vs_TE,Nelson Agholor,Colby Parkinson,2325,6865,323,240,83,58.2,46.9,11.3
2023,WR,TE,WR_vs_TE,Nelson Agholor,Jonnu Smith,2325,4144,323,222,101,58.2,88.8,-30.6
2023,WR,TE,WR_vs_TE,Nelson Agholor,Josh Oliver,2325,5973,323,215,108,58.2,38.2,20
2023,WR,TE,WR_vs_TE,Nelson Agholor,Peyton Hendershot,2325,8197,323,209,114,58.2,2.9,55.3
2023,WR,TE,WR_vs_TE,Wan'Dale Robinson,Adam Trautman,8126,6869,321,518,-197,64.7,46.8,17.9
2023,WR,TE,WR_vs_TE,Wan'Dale Robinson,Darnell Washington,8126,9479,321,506,-185,64.7,9.6,55.1
2023,WR,TE,WR_vs_TE,Wan'Dale Robinson,Austin Hooper,8126,3202,321,343,-22,64.7,30,34.7
2023,WR,TE,WR_vs_TE,Wan'Dale Robinson,Brock Wright,8126,7891,321,306,15,64.7,21.6,43.1
2023,WR,TE,WR_vs_TE,Wan'Dale Robinson,Donald Parham,8126,6074,321,243,78,64.7,55.2,9.5
2023,WR,TE,WR_vs_TE,Wan'Dale Robinson,Colby Parkinson,8126,6865,321,240,81,64.7,46.9,17.8
2023,WR,TE,WR_vs_TE,Wan'Dale Robinson,Jonnu Smith,8126,4144,321,222,99,64.7,88.8,-24.1
2023,WR,TE,WR_vs_TE,Wan'Dale Robinson,Josh Oliver,8126,5973,321,215,106,64.7,38.2,26.5
2023,WR,TE,WR_vs_TE,Wan'Dale Robinson,Peyton Hendershot,8126,8197,321,209,112,64.7,2.9,61.8
2023,WR,TE,WR_vs_TE,Josh Downs,Darnell Washington,9500,9479,311,506,-195,84.3,9.6,74.7
2023,WR,TE,WR_vs_TE,Josh Downs,Austin Hooper,9500,3202,311,343,-32,84.3,30,54.3
2023,WR,TE,WR_vs_TE,Josh Downs,Brock Wright,9500,7891,311,306,5,84.3,21.6,62.7
2023,WR,TE,WR_vs_TE,Josh Downs,Donald Parham,9500,6074,311,243,68,84.3,55.2,29.1
2023,WR,TE,WR_vs_TE,Josh Downs,Colby Parkinson,9500,6865,311,240,71,84.3,46.9,37.4
2023,WR,TE,WR_vs_TE,Josh Downs,Jonnu Smith,9500,4144,311,222,89,84.3,88.8,-4.5
2023,WR,TE,WR_vs_TE,Josh Downs,Josh Oliver,9500,5973,311,215,96,84.3,38.2,46.1
2023,WR,TE,WR_vs_TE,Josh Downs,Peyton Hendershot,9500,8197,311,209,102,84.3,2.9,81.4
2023,WR,TE,WR_vs_TE,John Metchie,Austin Hooper,8147,3202,291,343,-52,15.7,30,-14.3
2023,WR,TE,WR_vs_TE,John Metchie,Brock Wright,8147,7891,291,306,-15,15.7,21.6,-5.9
2023,WR,TE,WR_vs_TE,John Metchie,Donald Parham,8147,6074,291,243,48,15.7,55.2,-39.5
2023,WR,TE,WR_vs_TE,John Metchie,Colby Parkinson,8147,6865,291,240,51,15.7,46.9,-31.2
2023,WR,TE,WR_vs_TE,John Metchie,Jonnu Smith,8147,4144,291,222,69,15.7,88.8,-73.1
2023,WR,TE,WR_vs_TE,John Metchie,Josh Oliver,8147,5973,291,215,76,15.7,38.2,-22.5
2023,WR,TE,WR_vs_TE,John Metchie,Peyton Hendershot,8147,8197,291,209,82,15.7,2.9,12.8
2023,WR,TE,WR_vs_TE,Cedric Tillman,Austin Hooper,10444,3202,282,343,-61,18.9,30,-11.1
2023,WR,TE,WR_vs_TE,Cedric Tillman,Brock Wright,10444,7891,282,306,-24,18.9,21.6,-2.7
2023,WR,TE,WR_vs_TE,Cedric Tillman,Donald Parham,10444,6074,282,243,39,18.9,55.2,-36.3
2023,WR,TE,WR_vs_TE,Cedric Tillman,Colby Parkinson,10444,6865,282,240,42,18.9,46.9,-28
2023,WR,TE,WR_vs_TE,Cedric Tillman,Jonnu Smith,10444,4144,282,222,60,18.9,88.8,-69.9
2023,WR,TE,WR_vs_TE,Cedric Tillman,Josh Oliver,10444,5973,282,215,67,18.9,38.2,-19.3
2023,WR,TE,WR_vs_TE,Cedric Tillman,Peyton Hendershot,10444,8197,282,209,73,18.9,2.9,16
2023,WR,TE,WR_vs_TE,Terrace Marshall,Austin Hooper,7565,3202,282,343,-61,13.4,30,-16.6
2023,WR,TE,WR_vs_TE,Terrace Marshall,Brock Wright,7565,7891,282,306,-24,13.4,21.6,-8.2
2023,WR,TE,WR_vs_TE,Terrace Marshall,Donald Parham,7565,6074,282,243,39,13.4,55.2,-41.8
2023,WR,TE,WR_vs_TE,Terrace Marshall,Colby Parkinson,7565,6865,282,240,42,13.4,46.9,-33.5
2023,WR,TE,WR_vs_TE,Terrace Marshall,Jonnu Smith,7565,4144,282,222,60,13.4,88.8,-75.4
2023,WR,TE,WR_vs_TE,Terrace Marshall,Josh Oliver,7565,5973,282,215,67,13.4,38.2,-24.8
2023,WR,TE,WR_vs_TE,Terrace Marshall,Peyton Hendershot,7565,8197,282,209,73,13.4,2.9,10.5
2023,WR,TE,WR_vs_TE,Trey Palmer,Austin Hooper,9492,3202,272,343,-71,55.7,30,25.7
2023,WR,TE,WR_vs_TE,Trey Palmer,Brock Wright,9492,7891,272,306,-34,55.7,21.6,34.1
2023,WR,TE,WR_vs_TE,Trey Palmer,Donald Parham,9492,6074,272,243,29,55.7,55.2,0.5
2023,WR,TE,WR_vs_TE,Trey Palmer,Colby Parkinson,9492,6865,272,240,32,55.7,46.9,8.8
2023,WR,TE,WR_vs_TE,Trey Palmer,Jonnu Smith,9492,4144,272,222,50,55.7,88.8,-33.1
2023,WR,TE,WR_vs_TE,Trey Palmer,Josh Oliver,9492,5973,272,215,57,55.7,38.2,17.5
2023,WR,TE,WR_vs_TE,Trey Palmer,Peyton Hendershot,9492,8197,272,209,63,55.7,2.9,52.8
2023,WR,TE,WR_vs_TE,Robert Woods,Austin Hooper,1352,3202,262,343,-81,49.3,30,19.3
2023,WR,TE,WR_vs_TE,Robert Woods,Brock Wright,1352,7891,262,306,-44,49.3,21.6,27.7
2023,WR,TE,WR_vs_TE,Robert Woods,Donald Parham,1352,6074,262,243,19,49.3,55.2,-5.9
2023,WR,TE,WR_vs_TE,Robert Woods,Colby Parkinson,1352,6865,262,240,22,49.3,46.9,2.4
2023,WR,TE,WR_vs_TE,Robert Woods,Jonnu Smith,1352,4144,262,222,40,49.3,88.8,-39.5
2023,WR,TE,WR_vs_TE,Robert Woods,Josh Oliver,1352,5973,262,215,47,49.3,38.2,11.1
2023,WR,TE,WR_vs_TE,Robert Woods,Peyton Hendershot,1352,8197,262,209,53,49.3,2.9,46.4
2023,WR,TE,WR_vs_TE,Calvin Austin III,Austin Hooper,8125,3202,260,343,-83,34.9,30,4.9
2023,WR,TE,WR_vs_TE,Calvin Austin III,Brock Wright,8125,7891,260,306,-46,34.9,21.6,13.3
2023,WR,TE,WR_vs_TE,Calvin Austin III,Donald Parham,8125,6074,260,243,17,34.9,55.2,-20.3
2023,WR,TE,WR_vs_TE,Calvin Austin III,Colby Parkinson,8125,6865,260,240,20,34.9,46.9,-12
2023,WR,TE,WR_vs_TE,Calvin Austin III,Jonnu Smith,8125,4144,260,222,38,34.9,88.8,-53.9
2023,WR,TE,WR_vs_TE,Calvin Austin III,Josh Oliver,8125,5973,260,215,45,34.9,38.2,-3.3
2023,WR,TE,WR_vs_TE,Calvin Austin III,Peyton Hendershot,8125,8197,260,209,51,34.9,2.9,32
2023,WR,TE,WR_vs_TE,Kendrick Bourne,Austin Hooper,4454,3202,246,343,-97,63,30,33
2023,WR,TE,WR_vs_TE,Kendrick Bourne,Brock Wright,4454,7891,246,306,-60,63,21.6,41.4
2023,WR,TE,WR_vs_TE,Kendrick Bourne,Donald Parham,4454,6074,246,243,3,63,55.2,7.8
2023,WR,TE,WR_vs_TE,Kendrick Bourne,Colby Parkinson,4454,6865,246,240,6,63,46.9,16.1
2023,WR,TE,WR_vs_TE,Kendrick Bourne,Jonnu Smith,4454,4144,246,222,24,63,88.8,-25.8
2023,WR,TE,WR_vs_TE,Kendrick Bourne,Josh Oliver,4454,5973,246,215,31,63,38.2,24.8
2023,WR,TE,WR_vs_TE,Kendrick Bourne,Peyton Hendershot,4454,8197,246,209,37,63,2.9,60.1
2023,WR,TE,WR_vs_TE,Tyquan Thornton,Austin Hooper,8188,3202,240,343,-103,14.2,30,-15.8
2023,WR,TE,WR_vs_TE,Tyquan Thornton,Brock Wright,8188,7891,240,306,-66,14.2,21.6,-7.4
2023,WR,TE,WR_vs_TE,Tyquan Thornton,Donald Parham,8188,6074,240,243,-3,14.2,55.2,-41
2023,WR,TE,WR_vs_TE,Tyquan Thornton,Colby Parkinson,8188,6865,240,240,0,14.2,46.9,-32.7
2023,WR,TE,WR_vs_TE,Tyquan Thornton,Jonnu Smith,8188,4144,240,222,18,14.2,88.8,-74.6
2023,WR,TE,WR_vs_TE,Tyquan Thornton,Josh Oliver,8188,5973,240,215,25,14.2,38.2,-24
2023,WR,TE,WR_vs_TE,Tyquan Thornton,Peyton Hendershot,8188,8197,240,209,31,14.2,2.9,11.3
2023,WR,TE,WR_vs_TE,Deonte Harty,Austin Hooper,6234,3202,227,343,-116,17.8,30,-12.2
2023,WR,TE,WR_vs_TE,Deonte Harty,Brock Wright,6234,7891,227,306,-79,17.8,21.6,-3.8
2023,WR,TE,WR_vs_TE,Deonte Harty,Donald Parham,6234,6074,227,243,-16,17.8,55.2,-37.4
2023,WR,TE,WR_vs_TE,Deonte Harty,Colby Parkinson,6234,6865,227,240,-13,17.8,46.9,-29.1
2023,WR,TE,WR_vs_TE,Deonte Harty,Jonnu Smith,6234,4144,227,222,5,17.8,88.8,-71
2023,WR,TE,WR_vs_TE,Deonte Harty,Josh Oliver,6234,5973,227,215,12,17.8,38.2,-20.4
2023,WR,TE,WR_vs_TE,Deonte Harty,Peyton Hendershot,6234,8197,227,209,18,17.8,2.9,14.9
2023,WR,TE,WR_vs_TE,Tutu Atwell,Austin Hooper,7562,3202,226,343,-117,71.1,30,41.1
2023,WR,TE,WR_vs_TE,Tutu Atwell,Brock Wright,7562,7891,226,306,-80,71.1,21.6,49.5
2023,WR,TE,WR_vs_TE,Tutu Atwell,Donald Parham,7562,6074,226,243,-17,71.1,55.2,15.9
2023,WR,TE,WR_vs_TE,Tutu Atwell,Colby Parkinson,7562,6865,226,240,-14,71.1,46.9,24.2
2023,WR,TE,WR_vs_TE,Tutu Atwell,Jonnu Smith,7562,4144,226,222,4,71.1,88.8,-17.7
2023,WR,TE,WR_vs_TE,Tutu Atwell,Josh Oliver,7562,5973,226,215,11,71.1,38.2,32.9
2023,WR,TE,WR_vs_TE,Tutu Atwell,Peyton Hendershot,7562,8197,226,209,17,71.1,2.9,68.2
2023,WR,TE,WR_vs_TE,A.T. Perry,Austin Hooper,10863,3202,206,343,-137,31.3,30,1.3
2023,WR,TE,WR_vs_TE,A.T. Perry,Brock Wright,10863,7891,206,306,-100,31.3,21.6,9.7
2023,WR,TE,WR_vs_TE,A.T. Perry,Donald Parham,10863,6074,206,243,-37,31.3,55.2,-23.9
2023,WR,TE,WR_vs_TE,A.T. Perry,Colby Parkinson,10863,6865,206,240,-34,31.3,46.9,-15.6
2023,WR,TE,WR_vs_TE,A.T. Perry,Jonnu Smith,10863,4144,206,222,-16,31.3,88.8,-57.5
2023,WR,TE,WR_vs_TE,A.T. Perry,Josh Oliver,10863,5973,206,215,-9,31.3,38.2,-6.9
2023,WR,TE,WR_vs_TE,A.T. Perry,Peyton Hendershot,10863,8197,206,209,-3,31.3,2.9,28.4
2024,QB,RB,QB_vs_RB,Lamar Jackson,Christian McCaffrey,4881,4034,8704,8825,-121,407.4,32.8,374.6
2024,QB,RB,QB_vs_RB,Anthony Richardson,Bijan Robinson,9229,9509,8421,8233,188,162.4,251.4,-89
2024,QB,RB,QB_vs_RB,Joe Burrow,Breece Hall,6770,8155,7161,7264,-103,359.8,168.7,191.1
2024,QB,RB,QB_vs_RB,Dak Prescott,Saquon Barkley,3294,4866,6663,6700,-37,116.5,322.3,-205.8
2024,QB,RB,QB_vs_RB,Jayden Daniels,Saquon Barkley,11566,4866,6651,6700,-49,351.6,322.3,29.3
2024,QB,RB,QB_vs_RB,Caleb Williams,Jahmyr Gibbs,11560,9221,6167,6321,-154,243.6,269.9,-26.3
2024,QB,RB,QB_vs_RB,Caleb Williams,Jonathan Taylor,11560,6813,6167,5996,171,243.6,202.7,40.9
2024,QB,RB,QB_vs_RB,Brock Purdy,Jonathan Taylor,8183,6813,5874,5996,-122,266.9,202.7,64.2
2024,QB,RB,QB_vs_RB,Jared Goff,Kyren Williams,3163,8150,5375,5537,-162,314.2,238.1,76.1
2024,QB,RB,QB_vs_RB,Jared Goff,De'Von Achane,3163,9226,5375,5302,73,314.2,203.8,110.4
2024,QB,RB,QB_vs_RB,Jared Goff,Travis Etienne,3163,7543,5375,5216,159,314.2,85.2,229
2024,QB,RB,QB_vs_RB,Jared Goff,Josh Jacobs,3163,5850,5375,5199,176,314.2,246.5,67.7
2024,QB,RB,QB_vs_RB,Tua Tagovailoa,Kyren Williams,6768,8150,5369,5537,-168,181.6,238.1,-56.5
2024,QB,RB,QB_vs_RB,Tua Tagovailoa,De'Von Achane,6768,9226,5369,5302,67,181.6,203.8,-22.2
2024,QB,RB,QB_vs_RB,Tua Tagovailoa,Travis Etienne,6768,7543,5369,5216,153,181.6,85.2,96.4
2024,QB,RB,QB_vs_RB,Tua Tagovailoa,Josh Jacobs,6768,5850,5369,5199,170,181.6,246.5,-64.9
2024,QB,RB,QB_vs_RB,Trevor Lawrence,De'Von Achane,7523,9226,5304,5302,2,145.2,203.8,-58.6
2024,QB,RB,QB_vs_RB,Trevor Lawrence,Travis Etienne,7523,7543,5304,5216,88,145.2,85.2,60
2024,QB,RB,QB_vs_RB,Trevor Lawrence,Josh Jacobs,7523,5850,5304,5199,105,145.2,246.5,-101.3
2024,QB,RB,QB_vs_RB,Justin Herbert,Derrick Henry,6797,3198,4937,5013,-76,257.4,289.3,-31.9
2024,QB,RB,QB_vs_RB,Justin Herbert,Isiah Pacheco,6797,8205,4937,4861,76,257.4,44.9,212.5
2024,QB,RB,QB_vs_RB,Kirk Cousins,Derrick Henry,1166,3198,4842,5013,-171,176.3,289.3,-113
2024,QB,RB,QB_vs_RB,Kirk Cousins,Isiah Pacheco,1166,8205,4842,4861,-19,176.3,44.9,131.4
2024,QB,RB,QB_vs_RB,Kirk Cousins,James Cook,1166,8138,4842,4713,129,176.3,225.9,-49.6
2024,QB,RB,QB_vs_RB,Matthew Stafford,Kenneth Walker III,421,8151,4452,4542,-90,214.6,135.2,79.4
2024,QB,RB,QB_vs_RB,Matthew Stafford,Rachaad White,421,8136,4452,4285,167,214.6,148.6,66
2024,QB,RB,QB_vs_RB,Aaron Rodgers,Kenneth Walker III,96,8151,4379,4542,-163,231.6,135.2,96.4
2024,QB,RB,QB_vs_RB,Aaron Rodgers,Rachaad White,96,8136,4379,4285,94,231.6,148.6,83
2024,QB,RB,QB_vs_RB,Baker Mayfield,Alvin Kamara,4892,4035,3950,4047,-97,344.2,197.3,146.9
2024,QB,RB,QB_vs_RB,Baker Mayfield,Joe Mixon,4892,4018,3950,3827,123,344.2,201.7,142.5
2024,QB,RB,QB_vs_RB,Deshaun Watson,Alvin Kamara,4017,4035,3888,4047,-159,76.7,197.3,-120.6
2024,QB,RB,QB_vs_RB,Deshaun Watson,Joe Mixon,4017,4018,3888,3827,61,76.7,201.7,-125
2024,QB,RB,QB_vs_RB,Geno Smith,Joe Mixon,1373,4018,3781,3827,-46,239.7,201.7,38
2024,QB,RB,QB_vs_RB,Geno Smith,D'Andre Swift,1373,6790,3781,3638,143,239.7,160,79.7
2024,QB,RB,QB_vs_RB,Geno Smith,James Conner,1373,4137,3781,3638,143,239.7,206.8,32.9
2024,QB,RB,QB_vs_RB,Geno Smith,Aaron Jones,1373,4199,3781,3603,178,239.7,183.1,56.6
2024,QB,RB,QB_vs_RB,Will Levis,D'Andre Swift,9999,6790,3527,3638,-111,108.1,160,-51.9
2024,QB,RB,QB_vs_RB,Will Levis,James Conner,9999,4137,3527,3638,-111,108.1,206.8,-98.7
2024,QB,RB,QB_vs_RB,Will Levis,Aaron Jones,9999,4199,3527,3603,-76,108.1,183.1,-75
2024,QB,RB,QB_vs_RB,Will Levis,David Montgomery,9999,5892,3527,3570,-43,108.1,185.7,-77.6
2024,QB,RB,QB_vs_RB,Will Levis,Najee Harris,9999,7528,3527,3494,33,108.1,157,-48.9
2024,QB,RB,QB_vs_RB,Will Levis,Rhamondre Stevenson,9999,7611,3527,3403,124,108.1,142.9,-34.8
2024,QB,RB,QB_vs_RB,Will Levis,Zamir White,9999,8139,3527,3355,172,108.1,23.3,84.8
2024,QB,RB,QB_vs_RB,Bo Nix,Rhamondre Stevenson,11563,7611,3251,3403,-152,282.7,142.9,139.8
2024,QB,RB,QB_vs_RB,Bo Nix,Zamir White,11563,8139,3251,3355,-104,282.7,23.3,259.4
2024,QB,RB,QB_vs_RB,Bo Nix,Raheem Mostert,11563,2749,3251,3324,-73,282.7,51.9,230.8
2024,QB,RB,QB_vs_RB,Bo Nix,Tony Pollard,11563,5967,3251,3247,4,282.7,153.5,129.2
2024,QB,RB,QB_vs_RB,Bo Nix,Javonte Williams,11563,7588,3251,3240,11,282.7,98.1,184.6
2024,QB,RB,QB_vs_RB,Bo Nix,Jaylen Warren,11563,8228,3251,3200,51,282.7,84,198.7
2024,QB,RB,QB_vs_RB,Bo Nix,Brian Robinson,11563,8154,3251,3060,191,282.7,138.2,144.5
2024,QB,RB,QB_vs_RB,Bryce Young,Tony Pollard,9228,5967,3099,3247,-148,158.6,153.5,5.1
2024,QB,RB,QB_vs_RB,Bryce Young,Javonte Williams,9228,7588,3099,3240,-141,158.6,98.1,60.5
2024,QB,RB,QB_vs_RB,Bryce Young,Jaylen Warren,9228,8228,3099,3200,-101,158.6,84,74.6
2024,QB,RB,QB_vs_RB,Bryce Young,Brian Robinson,9228,8154,3099,3060,39,158.6,138.2,20.4
2024,QB,RB,QB_vs_RB,Bryce Young,Devin Singletary,9228,6130,3099,3001,98,158.6,73.9,84.7
2024,QB,RB,QB_vs_RB,Bryce Young,Zack Moss,9228,6845,3099,2906,193,158.6,58.9,99.7
2024,QB,RB,QB_vs_RB,Derek Carr,Tony Pollard,2028,5967,3069,3247,-178,150.9,153.5,-2.6
2024,QB,RB,QB_vs_RB,Derek Carr,Javonte Williams,2028,7588,3069,3240,-171,150.9,98.1,52.8
2024,QB,RB,QB_vs_RB,Derek Carr,Jaylen Warren,2028,8228,3069,3200,-131,150.9,84,66.9
2024,QB,RB,QB_vs_RB,Derek Carr,Brian Robinson,2028,8154,3069,3060,9,150.9,138.2,12.7
2024,QB,RB,QB_vs_RB,Derek Carr,Devin Singletary,2028,6130,3069,3001,68,150.9,73.9,77
2024,QB,RB,QB_vs_RB,Derek Carr,Zack Moss,2028,6845,3069,2906,163,150.9,58.9,92
2024,QB,RB,QB_vs_RB,Sam Darnold,Devin Singletary,4943,6130,2807,3001,-194,300.3,73.9,226.4
2024,QB,RB,QB_vs_RB,Sam Darnold,Zack Moss,4943,6845,2807,2906,-99,300.3,58.9,241.4
2024,QB,RB,QB_vs_RB,Sam Darnold,Jerome Ford,4943,8143,2807,2849,-42,300.3,97,203.3
2024,QB,RB,QB_vs_RB,Sam Darnold,Jonathon Brooks,4943,11583,2807,2792,15,300.3,4.5,295.8
2024,QB,RB,QB_vs_RB,Sam Darnold,Chase Brown,4943,9224,2807,2706,101,300.3,201,99.3
2024,QB,RB,QB_vs_RB,Daniel Jones,Jonathon Brooks,5870,11583,2617,2792,-175,135.3,4.5,130.8
2024,QB,RB,QB_vs_RB,Daniel Jones,Chase Brown,5870,9224,2617,2706,-89,135.3,201,-65.7
2024,QB,RB,QB_vs_RB,Daniel Jones,Tyjae Spears,5870,9508,2617,2497,120,135.3,83.6,51.7
2024,QB,RB,QB_vs_RB,Daniel Jones,Austin Ekeler,5870,4663,2617,2487,130,135.3,94.1,41.2
2024,QB,RB,QB_vs_RB,Drake Maye,Tyjae Spears,11564,9508,2411,2497,-86,177.1,83.6,93.5
2024,QB,RB,QB_vs_RB,Drake Maye,Austin Ekeler,11564,4663,2411,2487,-76,177.1,94.1,83
2024,QB,RB,QB_vs_RB,Drake Maye,Blake Corum,11564,11586,2411,2352,59,177.1,24.3,152.8
2024,QB,RB,QB_vs_RB,Drake Maye,Rico Dowdle,11564,7021,2411,2226,185,177.1,144.4,32.7
2024,QB,RB,QB_vs_RB,Justin Fields,Tyjae Spears,7591,9508,2347,2497,-150,119.1,83.6,35.5
2024,QB,RB,QB_vs_RB,Justin Fields,Austin Ekeler,7591,4663,2347,2487,-140,119.1,94.1,25
2024,QB,RB,QB_vs_RB,Justin Fields,Blake Corum,7591,11586,2347,2352,-5,119.1,24.3,94.8
2024,QB,RB,QB_vs_RB,Justin Fields,Rico Dowdle,7591,7021,2347,2226,121,119.1,144.4,-25.3
2024,QB,RB,QB_vs_RB,Justin Fields,Gus Edwards,7591,5248,2347,2170,177,119.1,61.1,58
2024,QB,RB,QB_vs_RB,Russell Wilson,Blake Corum,1234,11586,2196,2352,-156,161.3,24.3,137
2024,QB,RB,QB_vs_RB,Russell Wilson,Rico Dowdle,1234,7021,2196,2226,-30,161.3,144.4,16.9
2024,QB,RB,QB_vs_RB,Russell Wilson,Gus Edwards,1234,5248,2196,2170,26,161.3,61.1,100.2
2024,QB,RB,QB_vs_RB,Gardner Minshew,Rico Dowdle,6011,7021,2122,2226,-104,96.3,144.4,-48.1
2024,QB,RB,QB_vs_RB,Gardner Minshew,Gus Edwards,6011,5248,2122,2170,-48,96.3,61.1,35.2
2024,QB,RB,QB_vs_RB,Gardner Minshew,Trey Benson,6011,11589,2122,1981,141,96.3,41,55.3
2024,QB,RB,QB_vs_RB,Gardner Minshew,Ezekiel Elliott,6011,3164,2122,1953,169,96.3,45.5,50.8
2024,QB,RB,QB_vs_RB,Jacoby Brissett,Trey Benson,3257,11589,1941,1981,-40,45.2,41,4.2
2024,QB,RB,QB_vs_RB,Jacoby Brissett,Ezekiel Elliott,3257,3164,1941,1953,-12,45.2,45.5,-0.3
2024,QB,RB,QB_vs_RB,Jacoby Brissett,Nick Chubb,3257,4988,1941,1879,62,45.2,58.3,-13.1
2024,QB,RB,QB_vs_RB,Jacoby Brissett,Chuba Hubbard,3257,7594,1941,1855,86,45.2,198.6,-153.4
2024,QB,RB,QB_vs_RB,Jacoby Brissett,Ty Chandler,3257,8230,1941,1769,172,45.2,22.4,22.8
2024,QB,RB,QB_vs_RB,Joe Flacco,Ezekiel Elliott,19,3164,1757,1953,-196,84.5,45.5,39
2024,QB,RB,QB_vs_RB,Joe Flacco,Nick Chubb,19,4988,1757,1879,-122,84.5,58.3,26.2
2024,QB,RB,QB_vs_RB,Joe Flacco,Chuba Hubbard,19,7594,1757,1855,-98,84.5,198.6,-114.1
2024,QB,RB,QB_vs_RB,Joe Flacco,Ty Chandler,19,8230,1757,1769,-12,84.5,22.4,62.1
2024,QB,RB,QB_vs_RB,Joe Flacco,J.K. Dobbins,19,6806,1757,1676,81,84.5,152.3,-67.8
2024,QB,RB,QB_vs_RB,Joe Flacco,Tyler Allgeier,19,8132,1757,1616,141,84.5,86.3,-1.8
2024,QB,RB,QB_vs_RB,Michael Penix Jr.,Ty Chandler,11559,8230,1623,1769,-146,19.1,22.4,-3.3
2024,QB,RB,QB_vs_RB,Michael Penix Jr.,J.K. Dobbins,11559,6806,1623,1676,-53,19.1,152.3,-133.2
2024,QB,RB,QB_vs_RB,Michael Penix Jr.,Tyler Allgeier,11559,8132,1623,1616,7,19.1,86.3,-67.2
2024,QB,RB,QB_vs_RB,Michael Penix Jr.,Zach Charbonnet,11559,9753,1623,1528,95,19.1,135.8,-116.7
2024,QB,RB,QB_vs_RB,Michael Penix Jr.,Jaleel McLaughlin,11559,11439,1623,1442,181,19.1,68.4,-49.3
2024,QB,RB,QB_vs_RB,Aidan O'Connell,Jaleel McLaughlin,10866,11439,1303,1442,-139,77.6,68.4,9.2
2024,QB,RB,QB_vs_RB,Aidan O'Connell,Jaylen Wright,10866,11643,1303,1406,-103,77.6,24.1,53.5
2024,QB,RB,QB_vs_RB,Aidan O'Connell,Bucky Irving,10866,11584,1303,1310,-7,77.6,183,-105.4
2024,QB,RB,QB_vs_RB,Aidan O'Connell,Antonio Gibson,10866,6945,1303,1286,17,77.6,74.3,3.3
2024,QB,RB,QB_vs_RB,Aidan O'Connell,Ray Davis,10866,11575,1303,1216,87,77.6,86.6,-9
2024,QB,RB,QB_vs_RB,Aidan O'Connell,Jordan Mason,10866,8408,1303,1152,151,77.6,104,-26.4
2024,QB,RB,QB_vs_RB,Jameis Winston,Jaleel McLaughlin,2306,11439,1260,1442,-182,131.1,68.4,62.7
2024,QB,RB,QB_vs_RB,Jameis Winston,Jaylen Wright,2306,11643,1260,1406,-146,131.1,24.1,107
2024,QB,RB,QB_vs_RB,Jameis Winston,Bucky Irving,2306,11584,1260,1310,-50,131.1,183,-51.9
2024,QB,RB,QB_vs_RB,Jameis Winston,Antonio Gibson,2306,6945,1260,1286,-26,131.1,74.3,56.8
2024,QB,RB,QB_vs_RB,Jameis Winston,Ray Davis,2306,11575,1260,1216,44,131.1,86.6,44.5
2024,QB,RB,QB_vs_RB,Jameis Winston,Jordan Mason,2306,8408,1260,1152,108,131.1,104,27.1
2024,QB,RB,QB_vs_RB,Mason Rudolph,Jordan Mason,4972,8408,973,1152,-179,92.5,104,-11.5
2024,QB,RB,QB_vs_RB,Mason Rudolph,MarShawn Lloyd,4972,11581,973,1032,-59,92.5,1.8,90.7
2024,QB,RB,QB_vs_RB,Mason Rudolph,Khalil Herbert,4972,7608,973,976,-3,92.5,13.2,79.3
2024,QB,RB,QB_vs_RB,Mason Rudolph,Braelon Allen,4972,11576,973,938,35,92.5,63.9,28.6
2024,QB,RB,QB_vs_RB,Mason Rudolph,Tank Bigsby,4972,9225,973,842,131,92.5,111.8,-19.3
2024,QB,RB,QB_vs_RB,Mason Rudolph,Samaje Perine,4972,4147,973,821,152,92.5,52,40.5
2024,QB,RB,QB_vs_RB,Mason Rudolph,Roschon Johnson,4972,10235,973,773,200,92.5,59.5,33
2024,QB,RB,QB_vs_RB,Malik Willis,MarShawn Lloyd,8161,11581,896,1032,-136,48.1,1.8,46.3
2024,QB,RB,QB_vs_RB,Malik Willis,Khalil Herbert,8161,7608,896,976,-80,48.1,13.2,34.9
2024,QB,RB,QB_vs_RB,Malik Willis,Braelon Allen,8161,11576,896,938,-42,48.1,63.9,-15.8
2024,QB,RB,QB_vs_RB,Malik Willis,Tank Bigsby,8161,9225,896,842,54,48.1,111.8,-63.7
2024,QB,RB,QB_vs_RB,Malik Willis,Samaje Perine,8161,4147,896,821,75,48.1,52,-3.9
2024,QB,RB,QB_vs_RB,Malik Willis,Roschon Johnson,8161,10235,896,773,123,48.1,59.5,-11.4
2024,QB,RB,QB_vs_RB,Malik Willis,Audric Estime,8161,11579,896,737,159,48.1,34.3,13.8
2024,QB,RB,QB_vs_RB,Spencer Rattler,Khalil Herbert,11562,7608,806,976,-170,52.6,13.2,39.4
2024,QB,RB,QB_vs_RB,Spencer Rattler,Braelon Allen,11562,11576,806,938,-132,52.6,63.9,-11.3
2024,QB,RB,QB_vs_RB,Spencer Rattler,Tank Bigsby,11562,9225,806,842,-36,52.6,111.8,-59.2
2024,QB,RB,QB_vs_RB,Spencer Rattler,Samaje Perine,11562,4147,806,821,-15,52.6,52,0.6
2024,QB,RB,QB_vs_RB,Spencer Rattler,Roschon Johnson,11562,10235,806,773,33,52.6,59.5,-6.9
2024,QB,RB,QB_vs_RB,Spencer Rattler,Audric Estime,11562,11579,806,737,69,52.6,34.3,18.3
2024,QB,RB,QB_vs_RB,Spencer Rattler,Kendre Miller,11562,9757,806,656,150,52.6,24.1,28.5
2024,QB,RB,QB_vs_RB,Spencer Rattler,Justice Hill,11562,5995,806,644,162,52.6,85.1,-32.5
2024,QB,RB,QB_vs_RB,Trey Lance,Khalil Herbert,7610,7608,791,976,-185,0.4,13.2,-12.8
2024,QB,RB,QB_vs_RB,Trey Lance,Braelon Allen,7610,11576,791,938,-147,0.4,63.9,-63.5
2024,QB,RB,QB_vs_RB,Trey Lance,Tank Bigsby,7610,9225,791,842,-51,0.4,111.8,-111.4
2024,QB,RB,QB_vs_RB,Trey Lance,Samaje Perine,7610,4147,791,821,-30,0.4,52,-51.6
2024,QB,RB,QB_vs_RB,Trey Lance,Roschon Johnson,7610,10235,791,773,18,0.4,59.5,-59.1
2024,QB,RB,QB_vs_RB,Trey Lance,Audric Estime,7610,11579,791,737,54,0.4,34.3,-33.9
2024,QB,RB,QB_vs_RB,Trey Lance,Kendre Miller,7610,9757,791,656,135,0.4,24.1,-23.7
2024,QB,RB,QB_vs_RB,Trey Lance,Justice Hill,7610,5995,791,644,147,0.4,85.1,-84.7
2024,QB,RB,QB_vs_RB,Trey Lance,Alexander Mattison,7610,5987,791,603,188,0.4,98.3,-97.9
2024,QB,RB,QB_vs_RB,Trey Lance,Will Shipley,7610,11577,791,592,199,0.4,5,-4.6
2024,QB,RB,QB_vs_RB,Joshua Dobbs,Tank Bigsby,4179,9225,693,842,-149,8.1,111.8,-103.7
2024,QB,RB,QB_vs_RB,Joshua Dobbs,Samaje Perine,4179,4147,693,821,-128,8.1,52,-43.9
2024,QB,RB,QB_vs_RB,Joshua Dobbs,Roschon Johnson,4179,10235,693,773,-80,8.1,59.5,-51.4
2024,QB,RB,QB_vs_RB,Joshua Dobbs,Audric Estime,4179,11579,693,737,-44,8.1,34.3,-26.2
2024,QB,RB,QB_vs_RB,Joshua Dobbs,Kendre Miller,4179,9757,693,656,37,8.1,24.1,-16
2024,QB,RB,QB_vs_RB,Joshua Dobbs,Justice Hill,4179,5995,693,644,49,8.1,85.1,-77
2024,QB,RB,QB_vs_RB,Joshua Dobbs,Alexander Mattison,4179,5987,693,603,90,8.1,98.3,-90.2
2024,QB,RB,QB_vs_RB,Joshua Dobbs,Will Shipley,4179,11577,693,592,101,8.1,5,3.1
2024,QB,RB,QB_vs_RB,Joshua Dobbs,Dalvin Cook,4179,4029,693,541,152,8.1,3,5.1
2024,QB,RB,QB_vs_RB,Joshua Dobbs,Cam Akers,4179,6938,693,540,153,8.1,72.3,-64.2
2024,QB,RB,QB_vs_RB,Joshua Dobbs,Keaton Mitchell,4179,9511,693,497,196,8.1,4.8,3.3
2024,QB,RB,QB_vs_RB,Joshua Dobbs,Dameon Pierce,4179,8129,693,495,198,8.1,17.9,-9.8
2024,QB,RB,QB_vs_RB,Drew Lock,Roschon Johnson,5854,10235,577,773,-196,72.3,59.5,12.8
2024,QB,RB,QB_vs_RB,Drew Lock,Audric Estime,5854,11579,577,737,-160,72.3,34.3,38
2024,QB,RB,QB_vs_RB,Drew Lock,Kendre Miller,5854,9757,577,656,-79,72.3,24.1,48.2
2024,QB,RB,QB_vs_RB,Drew Lock,Justice Hill,5854,5995,577,644,-67,72.3,85.1,-12.8
2024,QB,RB,QB_vs_RB,Drew Lock,Alexander Mattison,5854,5987,577,603,-26,72.3,98.3,-26
2024,QB,RB,QB_vs_RB,Drew Lock,Will Shipley,5854,11577,577,592,-15,72.3,5,67.3
2024,QB,RB,QB_vs_RB,Drew Lock,Dalvin Cook,5854,4029,577,541,36,72.3,3,69.3
2024,QB,RB,QB_vs_RB,Drew Lock,Cam Akers,5854,6938,577,540,37,72.3,72.3,0
2024,QB,RB,QB_vs_RB,Drew Lock,Keaton Mitchell,5854,9511,577,497,80,72.3,4.8,67.5
2024,QB,RB,QB_vs_RB,Drew Lock,Dameon Pierce,5854,8129,577,495,82,72.3,17.9,54.4
2024,QB,RB,QB_vs_RB,Drew Lock,Jamaal Williams,5854,4149,577,444,133,72.3,25.9,46.4
2024,QB,RB,QB_vs_RB,Drew Lock,Kenneth Gainwell,5854,7567,577,435,142,72.3,44.3,28
2024,QB,RB,QB_vs_RB,Drew Lock,D'Onta Foreman,5854,4111,577,415,162,72.3,23.1,49.2
2024,QB,RB,QB_vs_RB,Drew Lock,Trey Sermon,5854,7593,577,394,183,72.3,37.3,35
2024,QB,RB,QB_vs_RB,Tyrod Taylor,Kendre Miller,827,9757,501,656,-155,20.1,24.1,-4
2024,QB,RB,QB_vs_RB,Tyrod Taylor,Justice Hill,827,5995,501,644,-143,20.1,85.1,-65
2024,QB,RB,QB_vs_RB,Tyrod Taylor,Alexander Mattison,827,5987,501,603,-102,20.1,98.3,-78.2
2024,QB,RB,QB_vs_RB,Tyrod Taylor,Will Shipley,827,11577,501,592,-91,20.1,5,15.1
2024,QB,RB,QB_vs_RB,Tyrod Taylor,Dalvin Cook,827,4029,501,541,-40,20.1,3,17.1
2024,QB,RB,QB_vs_RB,Tyrod Taylor,Cam Akers,827,6938,501,540,-39,20.1,72.3,-52.2
2024,QB,RB,QB_vs_RB,Tyrod Taylor,Keaton Mitchell,827,9511,501,497,4,20.1,4.8,15.3
2024,QB,RB,QB_vs_RB,Tyrod Taylor,Dameon Pierce,827,8129,501,495,6,20.1,17.9,2.2
2024,QB,RB,QB_vs_RB,Tyrod Taylor,Jamaal Williams,827,4149,501,444,57,20.1,25.9,-5.8
2024,QB,RB,QB_vs_RB,Tyrod Taylor,Kenneth Gainwell,827,7567,501,435,66,20.1,44.3,-24.2
2024,QB,RB,QB_vs_RB,Tyrod Taylor,D'Onta Foreman,827,4111,501,415,86,20.1,23.1,-3
2024,QB,RB,QB_vs_RB,Tyrod Taylor,Trey Sermon,827,7593,501,394,107,20.1,37.3,-17.2
2024,QB,RB,QB_vs_RB,Tyrod Taylor,Clyde Edwards-Helaire,827,6820,501,360,141,20.1,3,17.1
2024,QB,RB,QB_vs_RB,Tyrod Taylor,Miles Sanders,827,6151,501,343,158,20.1,29.7,-9.6
2024,QB,RB,QB_vs_RB,Tyrod Taylor,Eric Gray,827,10223,501,336,165,20.1,6.3,13.8
2024,QB,RB,QB_vs_RB,Tyrod Taylor,Emanuel Wilson,827,11435,501,319,182,20.1,71.9,-51.8
2024,QB,RB,QB_vs_RB,Tyrod Taylor,Cordarrelle Patterson,827,1535,501,315,186,20.1,25.4,-5.3
2024,QB,RB,QB_vs_RB,Nick Mullens,Kendre Miller,4464,9757,499,656,-157,1.3,24.1,-22.8
2024,QB,RB,QB_vs_RB,Nick Mullens,Justice Hill,4464,5995,499,644,-145,1.3,85.1,-83.8
2024,QB,RB,QB_vs_RB,Nick Mullens,Alexander Mattison,4464,5987,499,603,-104,1.3,98.3,-97
2024,QB,RB,QB_vs_RB,Nick Mullens,Will Shipley,4464,11577,499,592,-93,1.3,5,-3.7
2024,QB,RB,QB_vs_RB,Nick Mullens,Dalvin Cook,4464,4029,499,541,-42,1.3,3,-1.7
2024,QB,RB,QB_vs_RB,Nick Mullens,Cam Akers,4464,6938,499,540,-41,1.3,72.3,-71
2024,QB,RB,QB_vs_RB,Nick Mullens,Keaton Mitchell,4464,9511,499,497,2,1.3,4.8,-3.5
2024,QB,RB,QB_vs_RB,Nick Mullens,Dameon Pierce,4464,8129,499,495,4,1.3,17.9,-16.6
2024,QB,RB,QB_vs_RB,Nick Mullens,Jamaal Williams,4464,4149,499,444,55,1.3,25.9,-24.6
2024,QB,RB,QB_vs_RB,Nick Mullens,Kenneth Gainwell,4464,7567,499,435,64,1.3,44.3,-43
2024,QB,RB,QB_vs_RB,Nick Mullens,D'Onta Foreman,4464,4111,499,415,84,1.3,23.1,-21.8
2024,QB,RB,QB_vs_RB,Nick Mullens,Trey Sermon,4464,7593,499,394,105,1.3,37.3,-36
2024,QB,RB,QB_vs_RB,Nick Mullens,Clyde Edwards-Helaire,4464,6820,499,360,139,1.3,3,-1.7
2024,QB,RB,QB_vs_RB,Nick Mullens,Miles Sanders,4464,6151,499,343,156,1.3,29.7,-28.4
2024,QB,RB,QB_vs_RB,Nick Mullens,Eric Gray,4464,10223,499,336,163,1.3,6.3,-5
2024,QB,RB,QB_vs_RB,Nick Mullens,Emanuel Wilson,4464,11435,499,319,180,1.3,71.9,-70.6
2024,QB,RB,QB_vs_RB,Nick Mullens,Cordarrelle Patterson,4464,1535,499,315,184,1.3,25.4,-24.1
2024,QB,RB,QB_vs_RB,Hendon Hooker,Kendre Miller,9998,9757,485,656,-171,2.7,24.1,-21.4
2024,QB,RB,QB_vs_RB,Hendon Hooker,Justice Hill,9998,5995,485,644,-159,2.7,85.1,-82.4
2024,QB,RB,QB_vs_RB,Hendon Hooker,Alexander Mattison,9998,5987,485,603,-118,2.7,98.3,-95.6
2024,QB,RB,QB_vs_RB,Hendon Hooker,Will Shipley,9998,11577,485,592,-107,2.7,5,-2.3
2024,QB,RB,QB_vs_RB,Hendon Hooker,Dalvin Cook,9998,4029,485,541,-56,2.7,3,-0.3
2024,QB,RB,QB_vs_RB,Hendon Hooker,Cam Akers,9998,6938,485,540,-55,2.7,72.3,-69.6
2024,QB,RB,QB_vs_RB,Hendon Hooker,Keaton Mitchell,9998,9511,485,497,-12,2.7,4.8,-2.1
2024,QB,RB,QB_vs_RB,Hendon Hooker,Dameon Pierce,9998,8129,485,495,-10,2.7,17.9,-15.2
2024,QB,RB,QB_vs_RB,Hendon Hooker,Jamaal Williams,9998,4149,485,444,41,2.7,25.9,-23.2
2024,QB,RB,QB_vs_RB,Hendon Hooker,Kenneth Gainwell,9998,7567,485,435,50,2.7,44.3,-41.6
2024,QB,RB,QB_vs_RB,Hendon Hooker,D'Onta Foreman,9998,4111,485,415,70,2.7,23.1,-20.4
2024,QB,RB,QB_vs_RB,Hendon Hooker,Trey Sermon,9998,7593,485,394,91,2.7,37.3,-34.6
2024,QB,RB,QB_vs_RB,Hendon Hooker,Clyde Edwards-Helaire,9998,6820,485,360,125,2.7,3,-0.3
2024,QB,RB,QB_vs_RB,Hendon Hooker,Miles Sanders,9998,6151,485,343,142,2.7,29.7,-27
2024,QB,RB,QB_vs_RB,Hendon Hooker,Eric Gray,9998,10223,485,336,149,2.7,6.3,-3.6
2024,QB,RB,QB_vs_RB,Hendon Hooker,Emanuel Wilson,9998,11435,485,319,166,2.7,71.9,-69.2
2024,QB,RB,QB_vs_RB,Hendon Hooker,Cordarrelle Patterson,9998,1535,485,315,170,2.7,25.4,-22.7
2024,QB,RB,QB_vs_RB,Hendon Hooker,Julius Chestnut,9998,8254,485,287,198,2.7,10.2,-7.5
2024,QB,RB,QB_vs_RB,Hendon Hooker,Kenny McIntosh,9998,10216,485,285,200,2.7,14.5,-11.8
2024,QB,RB,QB_vs_RB,Davis Mills,Dalvin Cook,7585,4029,372,541,-169,3.4,3,0.4
2024,QB,RB,QB_vs_RB,Davis Mills,Cam Akers,7585,6938,372,540,-168,3.4,72.3,-68.9
2024,QB,RB,QB_vs_RB,Davis Mills,Keaton Mitchell,7585,9511,372,497,-125,3.4,4.8,-1.4
2024,QB,RB,QB_vs_RB,Davis Mills,Dameon Pierce,7585,8129,372,495,-123,3.4,17.9,-14.5
2024,QB,RB,QB_vs_RB,Davis Mills,Jamaal Williams,7585,4149,372,444,-72,3.4,25.9,-22.5
2024,QB,RB,QB_vs_RB,Davis Mills,Kenneth Gainwell,7585,7567,372,435,-63,3.4,44.3,-40.9
2024,QB,RB,QB_vs_RB,Davis Mills,D'Onta Foreman,7585,4111,372,415,-43,3.4,23.1,-19.7
2024,QB,RB,QB_vs_RB,Davis Mills,Trey Sermon,7585,7593,372,394,-22,3.4,37.3,-33.9
2024,QB,RB,QB_vs_RB,Davis Mills,Clyde Edwards-Helaire,7585,6820,372,360,12,3.4,3,0.4
2024,QB,RB,QB_vs_RB,Davis Mills,Miles Sanders,7585,6151,372,343,29,3.4,29.7,-26.3
2024,QB,RB,QB_vs_RB,Davis Mills,Eric Gray,7585,10223,372,336,36,3.4,6.3,-2.9
2024,QB,RB,QB_vs_RB,Davis Mills,Emanuel Wilson,7585,11435,372,319,53,3.4,71.9,-68.5
2024,QB,RB,QB_vs_RB,Davis Mills,Cordarrelle Patterson,7585,1535,372,315,57,3.4,25.4,-22
2024,QB,RB,QB_vs_RB,Davis Mills,Julius Chestnut,7585,8254,372,287,85,3.4,10.2,-6.8
2024,QB,RB,QB_vs_RB,Davis Mills,Kenny McIntosh,7585,10216,372,285,87,3.4,14.5,-11.1
2024,QB,RB,QB_vs_RB,Dorian Thompson-Robinson,Keaton Mitchell,10862,9511,333,497,-164,15,4.8,10.2
2024,QB,RB,QB_vs_RB,Dorian Thompson-Robinson,Dameon Pierce,10862,8129,333,495,-162,15,17.9,-2.9
2024,QB,RB,QB_vs_RB,Dorian Thompson-Robinson,Jamaal Williams,10862,4149,333,444,-111,15,25.9,-10.9
2024,QB,RB,QB_vs_RB,Dorian Thompson-Robinson,Kenneth Gainwell,10862,7567,333,435,-102,15,44.3,-29.3
2024,QB,RB,QB_vs_RB,Dorian Thompson-Robinson,D'Onta Foreman,10862,4111,333,415,-82,15,23.1,-8.1
2024,QB,RB,QB_vs_RB,Dorian Thompson-Robinson,Trey Sermon,10862,7593,333,394,-61,15,37.3,-22.3
2024,QB,RB,QB_vs_RB,Dorian Thompson-Robinson,Clyde Edwards-Helaire,10862,6820,333,360,-27,15,3,12
2024,QB,RB,QB_vs_RB,Dorian Thompson-Robinson,Miles Sanders,10862,6151,333,343,-10,15,29.7,-14.7
2024,QB,RB,QB_vs_RB,Dorian Thompson-Robinson,Eric Gray,10862,10223,333,336,-3,15,6.3,8.7
2024,QB,RB,QB_vs_RB,Dorian Thompson-Robinson,Emanuel Wilson,10862,11435,333,319,14,15,71.9,-56.9
2024,QB,RB,QB_vs_RB,Dorian Thompson-Robinson,Cordarrelle Patterson,10862,1535,333,315,18,15,25.4,-10.4
2024,QB,RB,QB_vs_RB,Dorian Thompson-Robinson,Julius Chestnut,10862,8254,333,287,46,15,10.2,4.8
2024,QB,RB,QB_vs_RB,Dorian Thompson-Robinson,Kenny McIntosh,10862,10216,333,285,48,15,14.5,0.5
2024,QB,WR,QB_vs_WR,Jalen Hurts,CeeDee Lamb,6904,6786,9808,9716,92,315.1,162.4,152.7
2024,QB,WR,QB_vs_WR,Patrick Mahomes,CeeDee Lamb,4046,6786,9535,9716,-181,282,162.4,119.6
2024,QB,WR,QB_vs_WR,Patrick Mahomes,Tyreek Hill,4046,3321,9535,9377,158,282,135.2,146.8
2024,QB,WR,QB_vs_WR,Lamar Jackson,Amon-Ra St. Brown,4881,7547,8704,8561,143,407.4,193.5,213.9
2024,QB,WR,QB_vs_WR,Anthony Richardson,Amon-Ra St. Brown,9229,7547,8421,8561,-140,162.4,193.5,-31.1
2024,QB,WR,QB_vs_WR,Anthony Richardson,Ja'Marr Chase,9229,7564,8421,8336,85,162.4,260.4,-98
2024,QB,WR,QB_vs_WR,C.J. Stroud,Justin Jefferson,9758,6794,7887,7995,-108,214.4,209.1,5.3
2024,QB,WR,QB_vs_WR,Joe Burrow,A.J. Brown,6770,5859,7161,7159,2,359.8,149.9,209.9
2024,QB,WR,QB_vs_WR,Jordan Love,A.J. Brown,6804,5859,7012,7159,-147,231.1,149.9,81.2
2024,QB,WR,QB_vs_WR,Jordan Love,Garrett Wilson,6804,8146,7012,6960,52,231.1,145.8,85.3
2024,QB,WR,QB_vs_WR,Dak Prescott,Puka Nacua,3294,9493,6663,6805,-142,116.5,127.6,-11.1
2024,QB,WR,QB_vs_WR,Dak Prescott,Marvin Harrison Jr.,3294,11628,6663,6796,-133,116.5,122.2,-5.7
2024,QB,WR,QB_vs_WR,Dak Prescott,Drake London,3294,8112,6663,6604,59,116.5,150.1,-33.6
2024,QB,WR,QB_vs_WR,Jayden Daniels,Puka Nacua,11566,9493,6651,6805,-154,351.6,127.6,224
2024,QB,WR,QB_vs_WR,Jayden Daniels,Marvin Harrison Jr.,11566,11628,6651,6796,-145,351.6,122.2,229.4
2024,QB,WR,QB_vs_WR,Jayden Daniels,Drake London,11566,8112,6651,6604,47,351.6,150.1,201.5
2024,QB,WR,QB_vs_WR,Caleb Williams,Nico Collins,11560,7569,6167,6043,124,243.6,132.8,110.8
2024,QB,WR,QB_vs_WR,Brock Purdy,Nico Collins,8183,7569,5874,6043,-169,266.9,132.8,134.1
2024,QB,WR,QB_vs_WR,Brock Purdy,Davante Adams,8183,2133,5874,5875,-1,266.9,141.5,125.4
2024,QB,WR,QB_vs_WR,Brock Purdy,Deebo Samuel,8183,5872,5874,5829,45,266.9,102.6,164.3
2024,QB,WR,QB_vs_WR,Brock Purdy,Chris Olave,8183,8144,5874,5747,127,266.9,44.7,222.2
2024,QB,WR,QB_vs_WR,Brock Purdy,Jaylen Waddle,8183,7526,5874,5726,148,266.9,86.6,180.3
2024,QB,WR,QB_vs_WR,Jared Goff,Brandon Aiyuk,3163,6803,5375,5447,-72,314.2,37.4,276.8
2024,QB,WR,QB_vs_WR,Jared Goff,Malik Nabers,3163,11632,5375,5334,41,314.2,152.2,162
2024,QB,WR,QB_vs_WR,Tua Tagovailoa,Brandon Aiyuk,6768,6803,5369,5447,-78,181.6,37.4,144.2
2024,QB,WR,QB_vs_WR,Tua Tagovailoa,Malik Nabers,6768,11632,5369,5334,35,181.6,152.2,29.4
2024,QB,WR,QB_vs_WR,Trevor Lawrence,Brandon Aiyuk,7523,6803,5304,5447,-143,145.2,37.4,107.8
2024,QB,WR,QB_vs_WR,Trevor Lawrence,Malik Nabers,7523,11632,5304,5334,-30,145.2,152.2,-7
2024,QB,WR,QB_vs_WR,Trevor Lawrence,DK Metcalf,7523,5846,5304,5141,163,145.2,113.9,31.3
2024,QB,WR,QB_vs_WR,Justin Herbert,Michael Pittman,6797,6819,4937,5096,-159,257.4,89.6,167.8
2024,QB,WR,QB_vs_WR,Justin Herbert,D.J. Moore,6797,4983,4937,4968,-31,257.4,127,130.4
2024,QB,WR,QB_vs_WR,Justin Herbert,DeVonta Smith,6797,7525,4937,4930,7,257.4,131.4,126
2024,QB,WR,QB_vs_WR,Justin Herbert,Stefon Diggs,6797,2449,4937,4834,103,257.4,74.9,182.5
2024,QB,WR,QB_vs_WR,Justin Herbert,Mike Evans,6797,2216,4937,4761,176,257.4,157.5,99.9
2024,QB,WR,QB_vs_WR,Justin Herbert,Rashee Rice,6797,10229,4937,4737,200,257.4,40.9,216.5
2024,QB,WR,QB_vs_WR,Kirk Cousins,D.J. Moore,1166,4983,4842,4968,-126,176.3,127,49.3
2024,QB,WR,QB_vs_WR,Kirk Cousins,DeVonta Smith,1166,7525,4842,4930,-88,176.3,131.4,44.9
2024,QB,WR,QB_vs_WR,Kirk Cousins,Stefon Diggs,1166,2449,4842,4834,8,176.3,74.9,101.4
2024,QB,WR,QB_vs_WR,Kirk Cousins,Mike Evans,1166,2216,4842,4761,81,176.3,157.5,18.8
2024,QB,WR,QB_vs_WR,Kirk Cousins,Rashee Rice,1166,10229,4842,4737,105,176.3,40.9,135.4
2024,QB,WR,QB_vs_WR,Kirk Cousins,Tank Dell,1166,9502,4842,4687,155,176.3,89,87.3
2024,QB,WR,QB_vs_WR,Matthew Stafford,Tee Higgins,421,6801,4452,4618,-166,214.6,143.8,70.8
2024,QB,WR,QB_vs_WR,Matthew Stafford,Amari Cooper,421,2309,4452,4589,-137,214.6,78.7,135.9
2024,QB,WR,QB_vs_WR,Matthew Stafford,Zay Flowers,421,9997,4452,4543,-91,214.6,133.4,81.2
2024,QB,WR,QB_vs_WR,Aaron Rodgers,Zay Flowers,96,9997,4379,4543,-164,231.6,133.4,98.2
2024,QB,WR,QB_vs_WR,Aaron Rodgers,George Pickens,96,8137,4379,4181,198,231.6,105.4,126.2
2024,QB,WR,QB_vs_WR,Baker Mayfield,Christian Kirk,4892,4950,3950,4108,-158,344.2,43.9,300.3
2024,QB,WR,QB_vs_WR,Baker Mayfield,Calvin Ridley,4892,4981,3950,4049,-99,344.2,127.9,216.3
2024,QB,WR,QB_vs_WR,Baker Mayfield,Chris Godwin,4892,4037,3950,4019,-69,344.2,87.8,256.4
2024,QB,WR,QB_vs_WR,Baker Mayfield,Keenan Allen,4892,1479,3950,3947,3,344.2,113.9,230.3
2024,QB,WR,QB_vs_WR,Baker Mayfield,Xavier Worthy,4892,11624,3950,3943,7,344.2,128.2,216
2024,QB,WR,QB_vs_WR,Baker Mayfield,Jayden Reed,4892,10222,3950,3793,157,344.2,138.9,205.3
2024,QB,WR,QB_vs_WR,Deshaun Watson,Calvin Ridley,4017,4981,3888,4049,-161,76.7,127.9,-51.2
2024,QB,WR,QB_vs_WR,Deshaun Watson,Chris Godwin,4017,4037,3888,4019,-131,76.7,87.8,-11.1
2024,QB,WR,QB_vs_WR,Deshaun Watson,Keenan Allen,4017,1479,3888,3947,-59,76.7,113.9,-37.2
2024,QB,WR,QB_vs_WR,Deshaun Watson,Xavier Worthy,4017,11624,3888,3943,-55,76.7,128.2,-51.5
2024,QB,WR,QB_vs_WR,Deshaun Watson,Jayden Reed,4017,10222,3888,3793,95,76.7,138.9,-62.2
2024,QB,WR,QB_vs_WR,Geno Smith,Keenan Allen,1373,1479,3781,3947,-166,239.7,113.9,125.8
2024,QB,WR,QB_vs_WR,Geno Smith,Xavier Worthy,1373,11624,3781,3943,-162,239.7,128.2,111.5
2024,QB,WR,QB_vs_WR,Geno Smith,Jayden Reed,1373,10222,3781,3793,-12,239.7,138.9,100.8
2024,QB,WR,QB_vs_WR,Will Levis,Diontae Johnson,9999,5937,3527,3531,-4,108.1,54.9,53.2
2024,QB,WR,QB_vs_WR,Will Levis,Rome Odunze,9999,11620,3527,3510,17,108.1,89.1,19
2024,QB,WR,QB_vs_WR,Will Levis,Jaxon Smith-Njigba,9999,9488,3527,3473,54,108.1,151.7,-43.6
2024,QB,WR,QB_vs_WR,Will Levis,Christian Watson,9999,8167,3527,3418,109,108.1,76.3,31.8
2024,QB,WR,QB_vs_WR,Will Levis,DeAndre Hopkins,9999,1426,3527,3388,139,108.1,91,17.1
2024,QB,WR,QB_vs_WR,Bo Nix,Christian Watson,11563,8167,3251,3418,-167,282.7,76.3,206.4
2024,QB,WR,QB_vs_WR,Bo Nix,DeAndre Hopkins,11563,1426,3251,3388,-137,282.7,91,191.7
2024,QB,WR,QB_vs_WR,Bo Nix,Jameson Williams,11563,8148,3251,3311,-60,282.7,150.8,131.9
2024,QB,WR,QB_vs_WR,Bo Nix,Ladd McConkey,11563,11635,3251,3288,-37,282.7,147.4,135.3
2024,QB,WR,QB_vs_WR,Bo Nix,Brian Thomas Jr.,11563,11631,3251,3251,0,282.7,186.7,96
2024,QB,WR,QB_vs_WR,Bo Nix,Courtland Sutton,11563,5045,3251,3172,79,282.7,143.5,139.2
2024,QB,WR,QB_vs_WR,Bo Nix,Keon Coleman,11563,11637,3251,3070,181,282.7,78.5,204.2
2024,QB,WR,QB_vs_WR,Bryce Young,Ladd McConkey,9228,11635,3099,3288,-189,158.6,147.4,11.2
2024,QB,WR,QB_vs_WR,Bryce Young,Brian Thomas Jr.,9228,11631,3099,3251,-152,158.6,186.7,-28.1
2024,QB,WR,QB_vs_WR,Bryce Young,Courtland Sutton,9228,5045,3099,3172,-73,158.6,143.5,15.1
2024,QB,WR,QB_vs_WR,Bryce Young,Keon Coleman,9228,11637,3099,3070,29,158.6,78.5,80.1
2024,QB,WR,QB_vs_WR,Bryce Young,Marquise Brown,9228,5848,3099,3001,98,158.6,9.1,149.5
2024,QB,WR,QB_vs_WR,Bryce Young,Romeo Doubs,9228,8121,3099,2912,187,158.6,86.1,72.5
2024,QB,WR,QB_vs_WR,Derek Carr,Brian Thomas Jr.,2028,11631,3069,3251,-182,150.9,186.7,-35.8
2024,QB,WR,QB_vs_WR,Derek Carr,Courtland Sutton,2028,5045,3069,3172,-103,150.9,143.5,7.4
2024,QB,WR,QB_vs_WR,Derek Carr,Keon Coleman,2028,11637,3069,3070,-1,150.9,78.5,72.4
2024,QB,WR,QB_vs_WR,Derek Carr,Marquise Brown,2028,5848,3069,3001,68,150.9,9.1,141.8
2024,QB,WR,QB_vs_WR,Derek Carr,Romeo Doubs,2028,8121,3069,2912,157,150.9,86.1,64.8
2024,QB,WR,QB_vs_WR,Sam Darnold,Marquise Brown,4943,5848,2807,3001,-194,300.3,9.1,291.2
2024,QB,WR,QB_vs_WR,Sam Darnold,Romeo Doubs,4943,8121,2807,2912,-105,300.3,86.1,214.2
2024,QB,WR,QB_vs_WR,Sam Darnold,Jordan Addison,4943,9756,2807,2758,49,300.3,149.5,150.8
2024,QB,WR,QB_vs_WR,Daniel Jones,Jordan Addison,5870,9756,2617,2758,-141,135.3,149.5,-14.2
2024,QB,WR,QB_vs_WR,Daniel Jones,Khalil Shakir,5870,8134,2617,2570,47,135.3,106.5,28.8
2024,QB,WR,QB_vs_WR,Daniel Jones,Curtis Samuel,5870,4082,2617,2538,79,135.3,27.5,107.8
2024,QB,WR,QB_vs_WR,Daniel Jones,Jakobi Meyers,5870,5947,2617,2427,190,135.3,112.7,22.6
2024,QB,WR,QB_vs_WR,Drake Maye,Khalil Shakir,11564,8134,2411,2570,-159,177.1,106.5,70.6
2024,QB,WR,QB_vs_WR,Drake Maye,Curtis Samuel,11564,4082,2411,2538,-127,177.1,27.5,149.6
2024,QB,WR,QB_vs_WR,Drake Maye,Jakobi Meyers,11564,5947,2411,2427,-16,177.1,112.7,64.4
2024,QB,WR,QB_vs_WR,Drake Maye,Mike Williams,11564,4068,2411,2311,100,177.1,33.3,143.8
2024,QB,WR,QB_vs_WR,Drake Maye,Rashid Shaheed,11564,8676,2411,2280,131,177.1,59.8,117.3
2024,QB,WR,QB_vs_WR,Justin Fields,Curtis Samuel,7591,4082,2347,2538,-191,119.1,27.5,91.6
2024,QB,WR,QB_vs_WR,Justin Fields,Jakobi Meyers,7591,5947,2347,2427,-80,119.1,112.7,6.4
2024,QB,WR,QB_vs_WR,Justin Fields,Mike Williams,7591,4068,2347,2311,36,119.1,33.3,85.8
2024,QB,WR,QB_vs_WR,Justin Fields,Rashid Shaheed,7591,8676,2347,2280,67,119.1,59.8,59.3
2024,QB,WR,QB_vs_WR,Russell Wilson,Mike Williams,1234,4068,2196,2311,-115,161.3,33.3,128
2024,QB,WR,QB_vs_WR,Russell Wilson,Rashid Shaheed,1234,8676,2196,2280,-84,161.3,59.8,101.5
2024,QB,WR,QB_vs_WR,Russell Wilson,Tyler Lockett,1234,2374,2196,2085,111,161.3,69.2,92.1
2024,QB,WR,QB_vs_WR,Gardner Minshew,Mike Williams,6011,4068,2122,2311,-189,96.3,33.3,63
2024,QB,WR,QB_vs_WR,Gardner Minshew,Rashid Shaheed,6011,8676,2122,2280,-158,96.3,59.8,36.5
2024,QB,WR,QB_vs_WR,Gardner Minshew,Tyler Lockett,6011,2374,2122,2085,37,96.3,69.2,27.1
2024,QB,WR,QB_vs_WR,Gardner Minshew,Jerry Jeudy,6011,6783,2122,1946,176,96.3,144.6,-48.3
2024,QB,WR,QB_vs_WR,Jacoby Brissett,Tyler Lockett,3257,2374,1941,2085,-144,45.2,69.2,-24
2024,QB,WR,QB_vs_WR,Jacoby Brissett,Jerry Jeudy,3257,6783,1941,1946,-5,45.2,144.6,-99.4
2024,QB,WR,QB_vs_WR,Jacoby Brissett,Adonai Mitchell,3257,11625,1941,1892,49,45.2,30.8,14.4
2024,QB,WR,QB_vs_WR,Jacoby Brissett,Dontayvion Wicks,3257,9486,1941,1820,121,45.2,66.6,-21.4
2024,QB,WR,QB_vs_WR,Jacoby Brissett,Brandin Cooks,3257,2197,1941,1747,194,45.2,42.6,2.6
2024,QB,WR,QB_vs_WR,Joe Flacco,Jerry Jeudy,19,6783,1757,1946,-189,84.5,144.6,-60.1
2024,QB,WR,QB_vs_WR,Joe Flacco,Adonai Mitchell,19,11625,1757,1892,-135,84.5,30.8,53.7
2024,QB,WR,QB_vs_WR,Joe Flacco,Dontayvion Wicks,19,9486,1757,1820,-63,84.5,66.6,17.9
2024,QB,WR,QB_vs_WR,Joe Flacco,Brandin Cooks,19,2197,1757,1747,10,84.5,42.6,41.9
2024,QB,WR,QB_vs_WR,Joe Flacco,Darnell Mooney,19,7090,1757,1694,63,84.5,129.2,-44.7
2024,QB,WR,QB_vs_WR,Joe Flacco,Ja'Lynn Polk,19,11619,1757,1601,156,84.5,20.7,63.8
2024,QB,WR,QB_vs_WR,Joe Flacco,Michael Wilson,19,10232,1757,1571,186,84.5,77.5,7
2024,QB,WR,QB_vs_WR,Michael Penix Jr.,Dontayvion Wicks,11559,9486,1623,1820,-197,19.1,66.6,-47.5
2024,QB,WR,QB_vs_WR,Michael Penix Jr.,Brandin Cooks,11559,2197,1623,1747,-124,19.1,42.6,-23.5
2024,QB,WR,QB_vs_WR,Michael Penix Jr.,Darnell Mooney,11559,7090,1623,1694,-71,19.1,129.2,-110.1
2024,QB,WR,QB_vs_WR,Michael Penix Jr.,Ja'Lynn Polk,11559,11619,1623,1601,22,19.1,20.7,-1.6
2024,QB,WR,QB_vs_WR,Michael Penix Jr.,Michael Wilson,11559,10232,1623,1571,52,19.1,77.5,-58.4
2024,QB,WR,QB_vs_WR,Michael Penix Jr.,Josh Downs,11559,9500,1623,1506,117,19.1,102.1,-83
2024,QB,WR,QB_vs_WR,Michael Penix Jr.,Xavier Legette,11559,11626,1623,1430,193,19.1,73.1,-54
2024,QB,WR,QB_vs_WR,Aidan O'Connell,Xavier Legette,10866,11626,1303,1430,-127,77.6,73.1,4.5
2024,QB,WR,QB_vs_WR,Aidan O'Connell,Adam Thielen,10866,1689,1303,1367,-64,77.6,87.1,-9.5
2024,QB,WR,QB_vs_WR,Aidan O'Connell,Demario Douglas,10866,9501,1303,1347,-44,77.6,78.3,-0.7
2024,QB,WR,QB_vs_WR,Aidan O'Connell,Quentin Johnston,10866,9754,1303,1263,40,77.6,101.1,-23.5
2024,QB,WR,QB_vs_WR,Aidan O'Connell,Jahan Dotson,10866,8119,1303,1199,104,77.6,13.5,64.1
2024,QB,WR,QB_vs_WR,Aidan O'Connell,Demarcus Robinson,10866,3286,1303,1164,139,77.6,85.3,-7.7
2024,QB,WR,QB_vs_WR,Aidan O'Connell,Wan'Dale Robinson,10866,8126,1303,1116,187,77.6,85.4,-7.8
2024,QB,WR,QB_vs_WR,Jameis Winston,Xavier Legette,2306,11626,1260,1430,-170,131.1,73.1,58
2024,QB,WR,QB_vs_WR,Jameis Winston,Adam Thielen,2306,1689,1260,1367,-107,131.1,87.1,44
2024,QB,WR,QB_vs_WR,Jameis Winston,Demario Douglas,2306,9501,1260,1347,-87,131.1,78.3,52.8
2024,QB,WR,QB_vs_WR,Jameis Winston,Quentin Johnston,2306,9754,1260,1263,-3,131.1,101.1,30
2024,QB,WR,QB_vs_WR,Jameis Winston,Jahan Dotson,2306,8119,1260,1199,61,131.1,13.5,117.6
2024,QB,WR,QB_vs_WR,Jameis Winston,Demarcus Robinson,2306,3286,1260,1164,96,131.1,85.3,45.8
2024,QB,WR,QB_vs_WR,Jameis Winston,Wan'Dale Robinson,2306,8126,1260,1116,144,131.1,85.4,45.7
2024,QB,WR,QB_vs_WR,Mason Rudolph,Demarcus Robinson,4972,3286,973,1164,-191,92.5,85.3,7.2
2024,QB,WR,QB_vs_WR,Mason Rudolph,Wan'Dale Robinson,4972,8126,973,1116,-143,92.5,85.4,7.1
2024,QB,WR,QB_vs_WR,Mason Rudolph,Jalen Tolbert,4972,8117,973,1050,-77,92.5,93.2,-0.7
2024,QB,WR,QB_vs_WR,Mason Rudolph,Marvin Mims,4972,9494,973,988,-15,92.5,73.4,19.1
2024,QB,WR,QB_vs_WR,Mason Rudolph,Rashod Bateman,4972,7571,973,970,3,92.5,116,-23.5
2024,QB,WR,QB_vs_WR,Mason Rudolph,Jalen McMillan,4972,11618,973,903,70,92.5,84.4,8.1
2024,QB,WR,QB_vs_WR,Mason Rudolph,Greg Dortch,4972,5970,973,902,71,92.5,35.9,56.6
2024,QB,WR,QB_vs_WR,Mason Rudolph,Jermaine Burton,4972,11640,973,860,113,92.5,10.7,81.8
2024,QB,WR,QB_vs_WR,Mason Rudolph,Ricky Pearsall,4972,11638,973,798,175,92.5,49.6,42.9
2024,QB,WR,QB_vs_WR,Mason Rudolph,Luke McCaffrey,4972,11650,973,774,199,92.5,16.8,75.7
2024,QB,WR,QB_vs_WR,Malik Willis,Jalen Tolbert,8161,8117,896,1050,-154,48.1,93.2,-45.1
2024,QB,WR,QB_vs_WR,Malik Willis,Marvin Mims,8161,9494,896,988,-92,48.1,73.4,-25.3
2024,QB,WR,QB_vs_WR,Malik Willis,Rashod Bateman,8161,7571,896,970,-74,48.1,116,-67.9
2024,QB,WR,QB_vs_WR,Malik Willis,Jalen McMillan,8161,11618,896,903,-7,48.1,84.4,-36.3
2024,QB,WR,QB_vs_WR,Malik Willis,Greg Dortch,8161,5970,896,902,-6,48.1,35.9,12.2
2024,QB,WR,QB_vs_WR,Malik Willis,Jermaine Burton,8161,11640,896,860,36,48.1,10.7,37.4
2024,QB,WR,QB_vs_WR,Malik Willis,Ricky Pearsall,8161,11638,896,798,98,48.1,49.6,-1.5
2024,QB,WR,QB_vs_WR,Malik Willis,Luke McCaffrey,8161,11650,896,774,122,48.1,16.8,31.3
2024,QB,WR,QB_vs_WR,Malik Willis,Andrei Iosivas,8161,10226,896,752,144,48.1,82.7,-34.6
2024,QB,WR,QB_vs_WR,Malik Willis,Dyami Brown,8161,7587,896,722,174,48.1,35,13.1
2024,QB,WR,QB_vs_WR,Malik Willis,Tyler Boyd,8161,3225,896,707,189,48.1,39.3,8.8
2024,QB,WR,QB_vs_WR,Spencer Rattler,Marvin Mims,11562,9494,806,988,-182,52.6,73.4,-20.8
2024,QB,WR,QB_vs_WR,Spencer Rattler,Rashod Bateman,11562,7571,806,970,-164,52.6,116,-63.4
2024,QB,WR,QB_vs_WR,Spencer Rattler,Jalen McMillan,11562,11618,806,903,-97,52.6,84.4,-31.8
2024,QB,WR,QB_vs_WR,Spencer Rattler,Greg Dortch,11562,5970,806,902,-96,52.6,35.9,16.7
2024,QB,WR,QB_vs_WR,Spencer Rattler,Jermaine Burton,11562,11640,806,860,-54,52.6,10.7,41.9
2024,QB,WR,QB_vs_WR,Spencer Rattler,Ricky Pearsall,11562,11638,806,798,8,52.6,49.6,3
2024,QB,WR,QB_vs_WR,Spencer Rattler,Luke McCaffrey,11562,11650,806,774,32,52.6,16.8,35.8
2024,QB,WR,QB_vs_WR,Spencer Rattler,Andrei Iosivas,11562,10226,806,752,54,52.6,82.7,-30.1
2024,QB,WR,QB_vs_WR,Spencer Rattler,Dyami Brown,11562,7587,806,722,84,52.6,35,17.6
2024,QB,WR,QB_vs_WR,Spencer Rattler,Tyler Boyd,11562,3225,806,707,99,52.6,39.3,13.3
2024,QB,WR,QB_vs_WR,Spencer Rattler,Malachi Corley,11562,11617,806,676,130,52.6,2.2,50.4
2024,QB,WR,QB_vs_WR,Spencer Rattler,Troy Franklin,11562,11627,806,653,153,52.6,37.9,14.7
2024,QB,WR,QB_vs_WR,Spencer Rattler,Malik Washington,11562,11610,806,622,184,52.6,24,28.6
2024,QB,WR,QB_vs_WR,Trey Lance,Marvin Mims,7610,9494,791,988,-197,0.4,73.4,-73
2024,QB,WR,QB_vs_WR,Trey Lance,Rashod Bateman,7610,7571,791,970,-179,0.4,116,-115.6
2024,QB,WR,QB_vs_WR,Trey Lance,Jalen McMillan,7610,11618,791,903,-112,0.4,84.4,-84
2024,QB,WR,QB_vs_WR,Trey Lance,Greg Dortch,7610,5970,791,902,-111,0.4,35.9,-35.5
2024,QB,WR,QB_vs_WR,Trey Lance,Jermaine Burton,7610,11640,791,860,-69,0.4,10.7,-10.3
2024,QB,WR,QB_vs_WR,Trey Lance,Ricky Pearsall,7610,11638,791,798,-7,0.4,49.6,-49.2
2024,QB,WR,QB_vs_WR,Trey Lance,Luke McCaffrey,7610,11650,791,774,17,0.4,16.8,-16.4
2024,QB,WR,QB_vs_WR,Trey Lance,Andrei Iosivas,7610,10226,791,752,39,0.4,82.7,-82.3
2024,QB,WR,QB_vs_WR,Trey Lance,Dyami Brown,7610,7587,791,722,69,0.4,35,-34.6
2024,QB,WR,QB_vs_WR,Trey Lance,Tyler Boyd,7610,3225,791,707,84,0.4,39.3,-38.9
2024,QB,WR,QB_vs_WR,Trey Lance,Malachi Corley,7610,11617,791,676,115,0.4,2.2,-1.8
2024,QB,WR,QB_vs_WR,Trey Lance,Troy Franklin,7610,11627,791,653,138,0.4,37.9,-37.5
2024,QB,WR,QB_vs_WR,Trey Lance,Malik Washington,7610,11610,791,622,169,0.4,24,-23.6
2024,QB,WR,QB_vs_WR,Joshua Dobbs,Jermaine Burton,4179,11640,693,860,-167,8.1,10.7,-2.6
2024,QB,WR,QB_vs_WR,Joshua Dobbs,Ricky Pearsall,4179,11638,693,798,-105,8.1,49.6,-41.5
2024,QB,WR,QB_vs_WR,Joshua Dobbs,Luke McCaffrey,4179,11650,693,774,-81,8.1,16.8,-8.7
2024,QB,WR,QB_vs_WR,Joshua Dobbs,Andrei Iosivas,4179,10226,693,752,-59,8.1,82.7,-74.6
2024,QB,WR,QB_vs_WR,Joshua Dobbs,Dyami Brown,4179,7587,693,722,-29,8.1,35,-26.9
2024,QB,WR,QB_vs_WR,Joshua Dobbs,Tyler Boyd,4179,3225,693,707,-14,8.1,39.3,-31.2
2024,QB,WR,QB_vs_WR,Joshua Dobbs,Malachi Corley,4179,11617,693,676,17,8.1,2.2,5.9
2024,QB,WR,QB_vs_WR,Joshua Dobbs,Troy Franklin,4179,11627,693,653,40,8.1,37.9,-29.8
2024,QB,WR,QB_vs_WR,Joshua Dobbs,Malik Washington,4179,11610,693,622,71,8.1,24,-15.9
2024,QB,WR,QB_vs_WR,Joshua Dobbs,Darius Slayton,4179,6149,693,590,103,8.1,71,-62.9
2024,QB,WR,QB_vs_WR,Joshua Dobbs,Noah Brown,4179,4234,693,543,150,8.1,51.3,-43.2
2024,QB,WR,QB_vs_WR,Joshua Dobbs,Jalen Nailor,4179,8180,693,530,163,8.1,69.7,-61.6
2024,QB,WR,QB_vs_WR,Joshua Dobbs,Josh Reynolds,4179,4171,693,517,176,8.1,24.3,-16.2
2024,QB,WR,QB_vs_WR,Joshua Dobbs,Jalin Hyatt,4179,9497,693,493,200,8.1,6.2,1.9
2024,QB,WR,QB_vs_WR,Drew Lock,Luke McCaffrey,5854,11650,577,774,-197,72.3,16.8,55.5
2024,QB,WR,QB_vs_WR,Drew Lock,Andrei Iosivas,5854,10226,577,752,-175,72.3,82.7,-10.4
2024,QB,WR,QB_vs_WR,Drew Lock,Dyami Brown,5854,7587,577,722,-145,72.3,35,37.3
2024,QB,WR,QB_vs_WR,Drew Lock,Tyler Boyd,5854,3225,577,707,-130,72.3,39.3,33
2024,QB,WR,QB_vs_WR,Drew Lock,Malachi Corley,5854,11617,577,676,-99,72.3,2.2,70.1
2024,QB,WR,QB_vs_WR,Drew Lock,Troy Franklin,5854,11627,577,653,-76,72.3,37.9,34.4
2024,QB,WR,QB_vs_WR,Drew Lock,Malik Washington,5854,11610,577,622,-45,72.3,24,48.3
2024,QB,WR,QB_vs_WR,Drew Lock,Darius Slayton,5854,6149,577,590,-13,72.3,71,1.3
2024,QB,WR,QB_vs_WR,Drew Lock,Noah Brown,5854,4234,577,543,34,72.3,51.3,21
2024,QB,WR,QB_vs_WR,Drew Lock,Jalen Nailor,5854,8180,577,530,47,72.3,69.7,2.6
2024,QB,WR,QB_vs_WR,Drew Lock,Josh Reynolds,5854,4171,577,517,60,72.3,24.3,48
2024,QB,WR,QB_vs_WR,Drew Lock,Jalin Hyatt,5854,9497,577,493,84,72.3,6.2,66.1
2024,QB,WR,QB_vs_WR,Drew Lock,Tre Tucker,5854,10213,577,473,104,72.3,79.9,-7.6
2024,QB,WR,QB_vs_WR,Drew Lock,Elijah Moore,5854,7596,577,451,126,72.3,56.3,16
2024,QB,WR,QB_vs_WR,Drew Lock,Tim Patrick,5854,4351,577,436,141,72.3,57.9,14.4
2024,QB,WR,QB_vs_WR,Drew Lock,D.J. Chark,5854,4951,577,435,142,72.3,2.5,69.8
2024,QB,WR,QB_vs_WR,Drew Lock,Jauan Jennings,5854,7049,577,408,169,72.3,128.3,-56
2024,QB,WR,QB_vs_WR,Drew Lock,Van Jefferson,5854,6853,577,393,184,72.3,37.8,34.5
2024,QB,WR,QB_vs_WR,Drew Lock,John Metchie,5854,8147,577,380,197,72.3,29,43.3
2024,QB,WR,QB_vs_WR,Tyrod Taylor,Malachi Corley,827,11617,501,676,-175,20.1,2.2,17.9
2024,QB,WR,QB_vs_WR,Tyrod Taylor,Troy Franklin,827,11627,501,653,-152,20.1,37.9,-17.8
2024,QB,WR,QB_vs_WR,Tyrod Taylor,Malik Washington,827,11610,501,622,-121,20.1,24,-3.9
2024,QB,WR,QB_vs_WR,Tyrod Taylor,Darius Slayton,827,6149,501,590,-89,20.1,71,-50.9
2024,QB,WR,QB_vs_WR,Tyrod Taylor,Noah Brown,827,4234,501,543,-42,20.1,51.3,-31.2
2024,QB,WR,QB_vs_WR,Tyrod Taylor,Jalen Nailor,827,8180,501,530,-29,20.1,69.7,-49.6
2024,QB,WR,QB_vs_WR,Tyrod Taylor,Josh Reynolds,827,4171,501,517,-16,20.1,24.3,-4.2
2024,QB,WR,QB_vs_WR,Tyrod Taylor,Jalin Hyatt,827,9497,501,493,8,20.1,6.2,13.9
2024,QB,WR,QB_vs_WR,Tyrod Taylor,Tre Tucker,827,10213,501,473,28,20.1,79.9,-59.8
2024,QB,WR,QB_vs_WR,Tyrod Taylor,Elijah Moore,827,7596,501,451,50,20.1,56.3,-36.2
2024,QB,WR,QB_vs_WR,Tyrod Taylor,Tim Patrick,827,4351,501,436,65,20.1,57.9,-37.8
2024,QB,WR,QB_vs_WR,Tyrod Taylor,D.J. Chark,827,4951,501,435,66,20.1,2.5,17.6
2024,QB,WR,QB_vs_WR,Tyrod Taylor,Jauan Jennings,827,7049,501,408,93,20.1,128.3,-108.2
2024,QB,WR,QB_vs_WR,Tyrod Taylor,Van Jefferson,827,6853,501,393,108,20.1,37.8,-17.7
2024,QB,WR,QB_vs_WR,Tyrod Taylor,John Metchie,827,8147,501,380,121,20.1,29,-8.9
2024,QB,WR,QB_vs_WR,Tyrod Taylor,Devontez Walker,827,11629,501,361,140,20.1,8.1,12
2024,QB,WR,QB_vs_WR,Tyrod Taylor,Kalif Raymond,827,3634,501,356,145,20.1,38.4,-18.3
2024,QB,WR,QB_vs_WR,Tyrod Taylor,Zay Jones,827,4080,501,351,150,20.1,3.8,16.3
2024,QB,WR,QB_vs_WR,Tyrod Taylor,Parker Washington,827,9487,501,334,167,20.1,57.5,-37.4
2024,QB,WR,QB_vs_WR,Tyrod Taylor,Alec Pierce,827,8142,501,333,168,20.1,112.7,-92.6
2024,QB,WR,QB_vs_WR,Tyrod Taylor,Kendrick Bourne,827,4454,501,330,171,20.1,35.9,-15.8
2024,QB,WR,QB_vs_WR,Tyrod Taylor,JuJu Smith-Schuster,827,4040,501,329,172,20.1,34.7,-14.6
2024,QB,WR,QB_vs_WR,Tyrod Taylor,Treylon Burks,827,8135,501,305,196,20.1,3.5,16.6
2024,QB,WR,QB_vs_WR,Tyrod Taylor,Olamide Zaccheaus,827,6271,501,305,196,20.1,62.3,-42.2
2024,QB,WR,QB_vs_WR,Nick Mullens,Malachi Corley,4464,11617,499,676,-177,1.3,2.2,-0.9
2024,QB,WR,QB_vs_WR,Nick Mullens,Troy Franklin,4464,11627,499,653,-154,1.3,37.9,-36.6
2024,QB,WR,QB_vs_WR,Nick Mullens,Malik Washington,4464,11610,499,622,-123,1.3,24,-22.7
2024,QB,WR,QB_vs_WR,Nick Mullens,Darius Slayton,4464,6149,499,590,-91,1.3,71,-69.7
2024,QB,WR,QB_vs_WR,Nick Mullens,Noah Brown,4464,4234,499,543,-44,1.3,51.3,-50
2024,QB,WR,QB_vs_WR,Nick Mullens,Jalen Nailor,4464,8180,499,530,-31,1.3,69.7,-68.4
2024,QB,WR,QB_vs_WR,Nick Mullens,Josh Reynolds,4464,4171,499,517,-18,1.3,24.3,-23
2024,QB,WR,QB_vs_WR,Nick Mullens,Jalin Hyatt,4464,9497,499,493,6,1.3,6.2,-4.9
2024,QB,WR,QB_vs_WR,Nick Mullens,Tre Tucker,4464,10213,499,473,26,1.3,79.9,-78.6
2024,QB,WR,QB_vs_WR,Nick Mullens,Elijah Moore,4464,7596,499,451,48,1.3,56.3,-55
2024,QB,WR,QB_vs_WR,Nick Mullens,Tim Patrick,4464,4351,499,436,63,1.3,57.9,-56.6
2024,QB,WR,QB_vs_WR,Nick Mullens,D.J. Chark,4464,4951,499,435,64,1.3,2.5,-1.2
2024,QB,WR,QB_vs_WR,Nick Mullens,Jauan Jennings,4464,7049,499,408,91,1.3,128.3,-127
2024,QB,WR,QB_vs_WR,Nick Mullens,Van Jefferson,4464,6853,499,393,106,1.3,37.8,-36.5
2024,QB,WR,QB_vs_WR,Nick Mullens,John Metchie,4464,8147,499,380,119,1.3,29,-27.7
2024,QB,WR,QB_vs_WR,Nick Mullens,Devontez Walker,4464,11629,499,361,138,1.3,8.1,-6.8
2024,QB,WR,QB_vs_WR,Nick Mullens,Kalif Raymond,4464,3634,499,356,143,1.3,38.4,-37.1
2024,QB,WR,QB_vs_WR,Nick Mullens,Zay Jones,4464,4080,499,351,148,1.3,3.8,-2.5
2024,QB,WR,QB_vs_WR,Nick Mullens,Parker Washington,4464,9487,499,334,165,1.3,57.5,-56.2
2024,QB,WR,QB_vs_WR,Nick Mullens,Alec Pierce,4464,8142,499,333,166,1.3,112.7,-111.4
2024,QB,WR,QB_vs_WR,Nick Mullens,Kendrick Bourne,4464,4454,499,330,169,1.3,35.9,-34.6
2024,QB,WR,QB_vs_WR,Nick Mullens,JuJu Smith-Schuster,4464,4040,499,329,170,1.3,34.7,-33.4
2024,QB,WR,QB_vs_WR,Nick Mullens,Treylon Burks,4464,8135,499,305,194,1.3,3.5,-2.2
2024,QB,WR,QB_vs_WR,Nick Mullens,Olamide Zaccheaus,4464,6271,499,305,194,1.3,62.3,-61
2024,QB,WR,QB_vs_WR,Hendon Hooker,Malachi Corley,9998,11617,485,676,-191,2.7,2.2,0.5
2024,QB,WR,QB_vs_WR,Hendon Hooker,Troy Franklin,9998,11627,485,653,-168,2.7,37.9,-35.2
2024,QB,WR,QB_vs_WR,Hendon Hooker,Malik Washington,9998,11610,485,622,-137,2.7,24,-21.3
2024,QB,WR,QB_vs_WR,Hendon Hooker,Darius Slayton,9998,6149,485,590,-105,2.7,71,-68.3
2024,QB,WR,QB_vs_WR,Hendon Hooker,Noah Brown,9998,4234,485,543,-58,2.7,51.3,-48.6
2024,QB,WR,QB_vs_WR,Hendon Hooker,Jalen Nailor,9998,8180,485,530,-45,2.7,69.7,-67
2024,QB,WR,QB_vs_WR,Hendon Hooker,Josh Reynolds,9998,4171,485,517,-32,2.7,24.3,-21.6
2024,QB,WR,QB_vs_WR,Hendon Hooker,Jalin Hyatt,9998,9497,485,493,-8,2.7,6.2,-3.5
2024,QB,WR,QB_vs_WR,Hendon Hooker,Tre Tucker,9998,10213,485,473,12,2.7,79.9,-77.2
2024,QB,WR,QB_vs_WR,Hendon Hooker,Elijah Moore,9998,7596,485,451,34,2.7,56.3,-53.6
2024,QB,WR,QB_vs_WR,Hendon Hooker,Tim Patrick,9998,4351,485,436,49,2.7,57.9,-55.2
2024,QB,WR,QB_vs_WR,Hendon Hooker,D.J. Chark,9998,4951,485,435,50,2.7,2.5,0.2
2024,QB,WR,QB_vs_WR,Hendon Hooker,Jauan Jennings,9998,7049,485,408,77,2.7,128.3,-125.6
2024,QB,WR,QB_vs_WR,Hendon Hooker,Van Jefferson,9998,6853,485,393,92,2.7,37.8,-35.1
2024,QB,WR,QB_vs_WR,Hendon Hooker,John Metchie,9998,8147,485,380,105,2.7,29,-26.3
2024,QB,WR,QB_vs_WR,Hendon Hooker,Devontez Walker,9998,11629,485,361,124,2.7,8.1,-5.4
2024,QB,WR,QB_vs_WR,Hendon Hooker,Kalif Raymond,9998,3634,485,356,129,2.7,38.4,-35.7
2024,QB,WR,QB_vs_WR,Hendon Hooker,Zay Jones,9998,4080,485,351,134,2.7,3.8,-1.1
2024,QB,WR,QB_vs_WR,Hendon Hooker,Parker Washington,9998,9487,485,334,151,2.7,57.5,-54.8
2024,QB,WR,QB_vs_WR,Hendon Hooker,Alec Pierce,9998,8142,485,333,152,2.7,112.7,-110
2024,QB,WR,QB_vs_WR,Hendon Hooker,Kendrick Bourne,9998,4454,485,330,155,2.7,35.9,-33.2
2024,QB,WR,QB_vs_WR,Hendon Hooker,JuJu Smith-Schuster,9998,4040,485,329,156,2.7,34.7,-32
2024,QB,WR,QB_vs_WR,Hendon Hooker,Treylon Burks,9998,8135,485,305,180,2.7,3.5,-0.8
2024,QB,WR,QB_vs_WR,Hendon Hooker,Olamide Zaccheaus,9998,6271,485,305,180,2.7,62.3,-59.6
2024,QB,WR,QB_vs_WR,Hendon Hooker,Jonathan Mingo,9998,10225,485,286,199,2.7,12.8,-10.1
2024,QB,WR,QB_vs_WR,Davis Mills,Noah Brown,7585,4234,372,543,-171,3.4,51.3,-47.9
2024,QB,WR,QB_vs_WR,Davis Mills,Jalen Nailor,7585,8180,372,530,-158,3.4,69.7,-66.3
2024,QB,WR,QB_vs_WR,Davis Mills,Josh Reynolds,7585,4171,372,517,-145,3.4,24.3,-20.9
2024,QB,WR,QB_vs_WR,Davis Mills,Jalin Hyatt,7585,9497,372,493,-121,3.4,6.2,-2.8
2024,QB,WR,QB_vs_WR,Davis Mills,Tre Tucker,7585,10213,372,473,-101,3.4,79.9,-76.5
2024,QB,WR,QB_vs_WR,Davis Mills,Elijah Moore,7585,7596,372,451,-79,3.4,56.3,-52.9
2024,QB,WR,QB_vs_WR,Davis Mills,Tim Patrick,7585,4351,372,436,-64,3.4,57.9,-54.5
2024,QB,WR,QB_vs_WR,Davis Mills,D.J. Chark,7585,4951,372,435,-63,3.4,2.5,0.9
2024,QB,WR,QB_vs_WR,Davis Mills,Jauan Jennings,7585,7049,372,408,-36,3.4,128.3,-124.9
2024,QB,WR,QB_vs_WR,Davis Mills,Van Jefferson,7585,6853,372,393,-21,3.4,37.8,-34.4
2024,QB,WR,QB_vs_WR,Davis Mills,John Metchie,7585,8147,372,380,-8,3.4,29,-25.6
2024,QB,WR,QB_vs_WR,Davis Mills,Devontez Walker,7585,11629,372,361,11,3.4,8.1,-4.7
2024,QB,WR,QB_vs_WR,Davis Mills,Kalif Raymond,7585,3634,372,356,16,3.4,38.4,-35
2024,QB,WR,QB_vs_WR,Davis Mills,Zay Jones,7585,4080,372,351,21,3.4,3.8,-0.4
2024,QB,WR,QB_vs_WR,Davis Mills,Parker Washington,7585,9487,372,334,38,3.4,57.5,-54.1
2024,QB,WR,QB_vs_WR,Davis Mills,Alec Pierce,7585,8142,372,333,39,3.4,112.7,-109.3
2024,QB,WR,QB_vs_WR,Davis Mills,Kendrick Bourne,7585,4454,372,330,42,3.4,35.9,-32.5
2024,QB,WR,QB_vs_WR,Davis Mills,JuJu Smith-Schuster,7585,4040,372,329,43,3.4,34.7,-31.3
2024,QB,WR,QB_vs_WR,Davis Mills,Treylon Burks,7585,8135,372,305,67,3.4,3.5,-0.1
2024,QB,WR,QB_vs_WR,Davis Mills,Olamide Zaccheaus,7585,6271,372,305,67,3.4,62.3,-58.9
2024,QB,WR,QB_vs_WR,Davis Mills,Jonathan Mingo,7585,10225,372,286,86,3.4,12.8,-9.4
2024,QB,WR,QB_vs_WR,Dorian Thompson-Robinson,Jalen Nailor,10862,8180,333,530,-197,15,69.7,-54.7
2024,QB,WR,QB_vs_WR,Dorian Thompson-Robinson,Josh Reynolds,10862,4171,333,517,-184,15,24.3,-9.3
2024,QB,WR,QB_vs_WR,Dorian Thompson-Robinson,Jalin Hyatt,10862,9497,333,493,-160,15,6.2,8.8
2024,QB,WR,QB_vs_WR,Dorian Thompson-Robinson,Tre Tucker,10862,10213,333,473,-140,15,79.9,-64.9
2024,QB,WR,QB_vs_WR,Dorian Thompson-Robinson,Elijah Moore,10862,7596,333,451,-118,15,56.3,-41.3
2024,QB,WR,QB_vs_WR,Dorian Thompson-Robinson,Tim Patrick,10862,4351,333,436,-103,15,57.9,-42.9
2024,QB,WR,QB_vs_WR,Dorian Thompson-Robinson,D.J. Chark,10862,4951,333,435,-102,15,2.5,12.5
2024,QB,WR,QB_vs_WR,Dorian Thompson-Robinson,Jauan Jennings,10862,7049,333,408,-75,15,128.3,-113.3
2024,QB,WR,QB_vs_WR,Dorian Thompson-Robinson,Van Jefferson,10862,6853,333,393,-60,15,37.8,-22.8
2024,QB,WR,QB_vs_WR,Dorian Thompson-Robinson,John Metchie,10862,8147,333,380,-47,15,29,-14
2024,QB,WR,QB_vs_WR,Dorian Thompson-Robinson,Devontez Walker,10862,11629,333,361,-28,15,8.1,6.9
2024,QB,WR,QB_vs_WR,Dorian Thompson-Robinson,Kalif Raymond,10862,3634,333,356,-23,15,38.4,-23.4
2024,QB,WR,QB_vs_WR,Dorian Thompson-Robinson,Zay Jones,10862,4080,333,351,-18,15,3.8,11.2
2024,QB,WR,QB_vs_WR,Dorian Thompson-Robinson,Parker Washington,10862,9487,333,334,-1,15,57.5,-42.5
2024,QB,WR,QB_vs_WR,Dorian Thompson-Robinson,Alec Pierce,10862,8142,333,333,0,15,112.7,-97.7
2024,QB,WR,QB_vs_WR,Dorian Thompson-Robinson,Kendrick Bourne,10862,4454,333,330,3,15,35.9,-20.9
2024,QB,WR,QB_vs_WR,Dorian Thompson-Robinson,JuJu Smith-Schuster,10862,4040,333,329,4,15,34.7,-19.7
2024,QB,WR,QB_vs_WR,Dorian Thompson-Robinson,Treylon Burks,10862,8135,333,305,28,15,3.5,11.5
2024,QB,WR,QB_vs_WR,Dorian Thompson-Robinson,Olamide Zaccheaus,10862,6271,333,305,28,15,62.3,-47.3
2024,QB,WR,QB_vs_WR,Dorian Thompson-Robinson,Jonathan Mingo,10862,10225,333,286,47,15,12.8,2.2
2024,QB,TE,QB_vs_TE,Kyler Murray,Sam LaPorta,5849,10859,7564,7677,-113,269.4,134.8,134.6
2024,QB,TE,QB_vs_TE,Dak Prescott,Travis Kelce,3294,1466,6663,6726,-63,116.5,146.9,-30.4
2024,QB,TE,QB_vs_TE,Jayden Daniels,Travis Kelce,11566,1466,6651,6726,-75,351.6,146.9,204.7
2024,QB,TE,QB_vs_TE,Brock Purdy,Trey McBride,8183,8130,5874,5866,8,266.9,178.3,88.6
2024,QB,TE,QB_vs_TE,Jared Goff,Dalton Kincaid,3163,10236,5375,5574,-199,314.2,78.8,235.4
2024,QB,TE,QB_vs_TE,Jared Goff,Mark Andrews,3163,5012,5375,5457,-82,314.2,147.9,166.3
2024,QB,TE,QB_vs_TE,Tua Tagovailoa,Mark Andrews,6768,5012,5369,5457,-88,181.6,147.9,33.7
2024,QB,TE,QB_vs_TE,Trevor Lawrence,Mark Andrews,7523,5012,5304,5457,-153,145.2,147.9,-2.7
2024,QB,TE,QB_vs_TE,Justin Herbert,Kyle Pitts,6797,7553,4937,4861,76,257.4,105.2,152.2
2024,QB,TE,QB_vs_TE,Kirk Cousins,Kyle Pitts,1166,7553,4842,4861,-19,176.3,105.2,71.1
2024,QB,TE,QB_vs_TE,Matthew Stafford,George Kittle,421,4217,4452,4385,67,214.6,193.9,20.7
2024,QB,TE,QB_vs_TE,Matthew Stafford,Evan Engram,421,4066,4452,4332,120,214.6,66,148.6
2024,QB,TE,QB_vs_TE,Aaron Rodgers,George Kittle,96,4217,4379,4385,-6,231.6,193.9,37.7
2024,QB,TE,QB_vs_TE,Aaron Rodgers,Evan Engram,96,4066,4379,4332,47,231.6,66,165.6
2024,QB,TE,QB_vs_TE,Baker Mayfield,Jake Ferguson,4892,8110,3950,3903,47,344.2,72.7,271.5
2024,QB,TE,QB_vs_TE,Deshaun Watson,Jake Ferguson,4017,8110,3888,3903,-15,76.7,72.7,4
2024,QB,TE,QB_vs_TE,Deshaun Watson,David Njoku,4017,4033,3888,3733,155,76.7,116.5,-39.8
2024,QB,TE,QB_vs_TE,Deshaun Watson,Brock Bowers,4017,11604,3888,3691,197,76.7,193.7,-117
2024,QB,TE,QB_vs_TE,Geno Smith,Jake Ferguson,1373,8110,3781,3903,-122,239.7,72.7,167
2024,QB,TE,QB_vs_TE,Geno Smith,David Njoku,1373,4033,3781,3733,48,239.7,116.5,123.2
2024,QB,TE,QB_vs_TE,Geno Smith,Brock Bowers,1373,11604,3781,3691,90,239.7,193.7,46
2024,QB,TE,QB_vs_TE,Will Levis,Brock Bowers,9999,11604,3527,3691,-164,108.1,193.7,-85.6
2024,QB,TE,QB_vs_TE,Will Levis,Dallas Goedert,9999,5022,3527,3515,12,108.1,75.1,33
2024,QB,TE,QB_vs_TE,Bo Nix,Dalton Schultz,11563,5001,3251,3232,19,282.7,87.3,195.4
2024,QB,TE,QB_vs_TE,Bryce Young,Dalton Schultz,9228,5001,3099,3232,-133,158.6,87.3,71.3
2024,QB,TE,QB_vs_TE,Bryce Young,T.J. Hockenson,9228,5844,3099,3044,55,158.6,64.1,94.5
2024,QB,TE,QB_vs_TE,Bryce Young,Pat Freiermuth,9228,7600,3099,3032,67,158.6,117.3,41.3
2024,QB,TE,QB_vs_TE,Bryce Young,Cole Kmet,9228,6826,3099,2970,129,158.6,95.6,63
2024,QB,TE,QB_vs_TE,Derek Carr,Dalton Schultz,2028,5001,3069,3232,-163,150.9,87.3,63.6
2024,QB,TE,QB_vs_TE,Derek Carr,T.J. Hockenson,2028,5844,3069,3044,25,150.9,64.1,86.8
2024,QB,TE,QB_vs_TE,Derek Carr,Pat Freiermuth,2028,7600,3069,3032,37,150.9,117.3,33.6
2024,QB,TE,QB_vs_TE,Derek Carr,Cole Kmet,2028,6826,3069,2970,99,150.9,95.6,55.3
2024,QB,TE,QB_vs_TE,Sam Darnold,Cole Kmet,4943,6826,2807,2970,-163,300.3,95.6,204.7
2024,QB,TE,QB_vs_TE,Sam Darnold,Luke Musgrave,4943,9481,2807,2834,-27,300.3,5.6,294.7
2024,QB,TE,QB_vs_TE,Sam Darnold,Taysom Hill,4943,4381,2807,2807,0,300.3,90.8,209.5
2024,QB,TE,QB_vs_TE,Sam Darnold,Tyler Conklin,4943,5133,2807,2663,144,300.3,87.8,212.5
2024,QB,TE,QB_vs_TE,Daniel Jones,Taysom Hill,5870,4381,2617,2807,-190,135.3,90.8,44.5
2024,QB,TE,QB_vs_TE,Daniel Jones,Tyler Conklin,5870,5133,2617,2663,-46,135.3,87.8,47.5
2024,QB,TE,QB_vs_TE,Drake Maye,Hunter Henry,11564,3214,2411,2348,63,177.1,112.4,64.7
2024,QB,TE,QB_vs_TE,Drake Maye,Isaiah Likely,11564,8131,2411,2268,143,177.1,97.4,79.7
2024,QB,TE,QB_vs_TE,Justin Fields,Hunter Henry,7591,3214,2347,2348,-1,119.1,112.4,6.7
2024,QB,TE,QB_vs_TE,Justin Fields,Isaiah Likely,7591,8131,2347,2268,79,119.1,97.4,21.7
2024,QB,TE,QB_vs_TE,Justin Fields,Cade Otton,7591,8111,2347,2168,179,119.1,111.1,8
2024,QB,TE,QB_vs_TE,Russell Wilson,Hunter Henry,1234,3214,2196,2348,-152,161.3,112.4,48.9
2024,QB,TE,QB_vs_TE,Russell Wilson,Isaiah Likely,1234,8131,2196,2268,-72,161.3,97.4,63.9
2024,QB,TE,QB_vs_TE,Russell Wilson,Cade Otton,1234,8111,2196,2168,28,161.3,111.1,50.2
2024,QB,TE,QB_vs_TE,Russell Wilson,Jonnu Smith,1234,4144,2196,2067,129,161.3,164.2,-2.9
2024,QB,TE,QB_vs_TE,Russell Wilson,Noah Fant,1234,5857,2196,2046,150,161.3,65.2,96.1
2024,QB,TE,QB_vs_TE,Gardner Minshew,Isaiah Likely,6011,8131,2122,2268,-146,96.3,97.4,-1.1
2024,QB,TE,QB_vs_TE,Gardner Minshew,Cade Otton,6011,8111,2122,2168,-46,96.3,111.1,-14.8
2024,QB,TE,QB_vs_TE,Gardner Minshew,Jonnu Smith,6011,4144,2122,2067,55,96.3,164.2,-67.9
2024,QB,TE,QB_vs_TE,Gardner Minshew,Noah Fant,6011,5857,2122,2046,76,96.3,65.2,31.1
2024,QB,TE,QB_vs_TE,Jacoby Brissett,Jonnu Smith,3257,4144,1941,2067,-126,45.2,164.2,-119
2024,QB,TE,QB_vs_TE,Jacoby Brissett,Noah Fant,3257,5857,1941,2046,-105,45.2,65.2,-20
2024,QB,TE,QB_vs_TE,Jacoby Brissett,Juwan Johnson,3257,7002,1941,1795,146,45.2,86.8,-41.6
2024,QB,TE,QB_vs_TE,Joe Flacco,Juwan Johnson,19,7002,1757,1795,-38,84.5,86.8,-2.3
2024,QB,TE,QB_vs_TE,Joe Flacco,Ben Sinnott,19,11596,1757,1730,27,84.5,11.3,73.2
2024,QB,TE,QB_vs_TE,Joe Flacco,Chigoziem Okonkwo,19,8210,1757,1664,93,84.5,87.6,-3.1
2024,QB,TE,QB_vs_TE,Michael Penix Jr.,Juwan Johnson,11559,7002,1623,1795,-172,19.1,86.8,-67.7
2024,QB,TE,QB_vs_TE,Michael Penix Jr.,Ben Sinnott,11559,11596,1623,1730,-107,19.1,11.3,7.8
2024,QB,TE,QB_vs_TE,Michael Penix Jr.,Chigoziem Okonkwo,11559,8210,1623,1664,-41,19.1,87.6,-68.5
2024,QB,TE,QB_vs_TE,Michael Penix Jr.,Colby Parkinson,11559,6865,1623,1497,126,19.1,49.3,-30.2
2024,QB,TE,QB_vs_TE,Michael Penix Jr.,Greg Dulcich,11559,8172,1623,1468,155,19.1,5.3,13.8
2024,QB,TE,QB_vs_TE,Aidan O'Connell,Colby Parkinson,10866,6865,1303,1497,-194,77.6,49.3,28.3
2024,QB,TE,QB_vs_TE,Aidan O'Connell,Greg Dulcich,10866,8172,1303,1468,-165,77.6,5.3,72.3
2024,QB,TE,QB_vs_TE,Aidan O'Connell,Mike Gesicki,10866,4993,1303,1416,-113,77.6,98.2,-20.6
2024,QB,TE,QB_vs_TE,Aidan O'Connell,Zach Ertz,10866,1339,1303,1327,-24,77.6,131.5,-53.9
2024,QB,TE,QB_vs_TE,Aidan O'Connell,Tucker Kraft,10866,9484,1303,1289,14,77.6,132.7,-55.1
2024,QB,TE,QB_vs_TE,Aidan O'Connell,Hayden Hurst,10866,4973,1303,1207,96,77.6,11.3,66.3
2024,QB,TE,QB_vs_TE,Aidan O'Connell,Theo Johnson,10866,11597,1303,1162,141,77.6,53.6,24
2024,QB,TE,QB_vs_TE,Aidan O'Connell,Dawson Knox,10866,5906,1303,1117,186,77.6,48.1,29.5
2024,QB,TE,QB_vs_TE,Jameis Winston,Mike Gesicki,2306,4993,1260,1416,-156,131.1,98.2,32.9
2024,QB,TE,QB_vs_TE,Jameis Winston,Zach Ertz,2306,1339,1260,1327,-67,131.1,131.5,-0.4
2024,QB,TE,QB_vs_TE,Jameis Winston,Tucker Kraft,2306,9484,1260,1289,-29,131.1,132.7,-1.6
2024,QB,TE,QB_vs_TE,Jameis Winston,Hayden Hurst,2306,4973,1260,1207,53,131.1,11.3,119.8
2024,QB,TE,QB_vs_TE,Jameis Winston,Theo Johnson,2306,11597,1260,1162,98,131.1,53.6,77.5
2024,QB,TE,QB_vs_TE,Jameis Winston,Dawson Knox,2306,5906,1260,1117,143,131.1,48.1,83
2024,QB,TE,QB_vs_TE,Jameis Winston,Ja'Tavion Sanders,2306,11600,1260,1076,184,131.1,51.7,79.4
2024,QB,TE,QB_vs_TE,Mason Rudolph,Theo Johnson,4972,11597,973,1162,-189,92.5,53.6,38.9
2024,QB,TE,QB_vs_TE,Mason Rudolph,Dawson Knox,4972,5906,973,1117,-144,92.5,48.1,44.4
2024,QB,TE,QB_vs_TE,Mason Rudolph,Ja'Tavion Sanders,4972,11600,973,1076,-103,92.5,51.7,40.8
2024,QB,TE,QB_vs_TE,Mason Rudolph,Michael Mayer,4972,9482,973,1041,-68,92.5,22,70.5
2024,QB,TE,QB_vs_TE,Mason Rudolph,Gerald Everett,4972,4089,973,948,25,92.5,7.6,84.9
2024,QB,TE,QB_vs_TE,Mason Rudolph,Will Dissly,4972,5010,973,923,50,92.5,72.4,20.1
2024,QB,TE,QB_vs_TE,Mason Rudolph,Daniel Bellinger,4972,8225,973,894,79,92.5,17.6,74.9
2024,QB,TE,QB_vs_TE,Mason Rudolph,Kylen Granson,4972,7602,973,838,135,92.5,24,68.5
2024,QB,TE,QB_vs_TE,Mason Rudolph,Noah Gray,4972,7828,973,789,184,92.5,93.1,-0.6
2024,QB,TE,QB_vs_TE,Mason Rudolph,Davis Allen,4972,10214,973,779,194,92.5,6.9,85.6
2024,QB,TE,QB_vs_TE,Malik Willis,Ja'Tavion Sanders,8161,11600,896,1076,-180,48.1,51.7,-3.6
2024,QB,TE,QB_vs_TE,Malik Willis,Michael Mayer,8161,9482,896,1041,-145,48.1,22,26.1
2024,QB,TE,QB_vs_TE,Malik Willis,Gerald Everett,8161,4089,896,948,-52,48.1,7.6,40.5
2024,QB,TE,QB_vs_TE,Malik Willis,Will Dissly,8161,5010,896,923,-27,48.1,72.4,-24.3
2024,QB,TE,QB_vs_TE,Malik Willis,Daniel Bellinger,8161,8225,896,894,2,48.1,17.6,30.5
2024,QB,TE,QB_vs_TE,Malik Willis,Kylen Granson,8161,7602,896,838,58,48.1,24,24.1
2024,QB,TE,QB_vs_TE,Malik Willis,Noah Gray,8161,7828,896,789,107,48.1,93.1,-45
2024,QB,TE,QB_vs_TE,Malik Willis,Davis Allen,8161,10214,896,779,117,48.1,6.9,41.2
2024,QB,TE,QB_vs_TE,Malik Willis,Tyler Higbee,8161,3271,896,722,174,48.1,9.5,38.6
2024,QB,TE,QB_vs_TE,Spencer Rattler,Gerald Everett,11562,4089,806,948,-142,52.6,7.6,45
2024,QB,TE,QB_vs_TE,Spencer Rattler,Will Dissly,11562,5010,806,923,-117,52.6,72.4,-19.8
2024,QB,TE,QB_vs_TE,Spencer Rattler,Daniel Bellinger,11562,8225,806,894,-88,52.6,17.6,35
2024,QB,TE,QB_vs_TE,Spencer Rattler,Kylen Granson,11562,7602,806,838,-32,52.6,24,28.6
2024,QB,TE,QB_vs_TE,Spencer Rattler,Noah Gray,11562,7828,806,789,17,52.6,93.1,-40.5
2024,QB,TE,QB_vs_TE,Spencer Rattler,Davis Allen,11562,10214,806,779,27,52.6,6.9,45.7
2024,QB,TE,QB_vs_TE,Spencer Rattler,Tyler Higbee,11562,3271,806,722,84,52.6,9.5,43.1
2024,QB,TE,QB_vs_TE,Spencer Rattler,Cade Stover,11562,11599,806,652,154,52.6,26.8,25.8
2024,QB,TE,QB_vs_TE,Spencer Rattler,Erick All,11562,11592,806,639,167,52.6,25.8,26.8
2024,QB,TE,QB_vs_TE,Trey Lance,Gerald Everett,7610,4089,791,948,-157,0.4,7.6,-7.2
2024,QB,TE,QB_vs_TE,Trey Lance,Will Dissly,7610,5010,791,923,-132,0.4,72.4,-72
2024,QB,TE,QB_vs_TE,Trey Lance,Daniel Bellinger,7610,8225,791,894,-103,0.4,17.6,-17.2
2024,QB,TE,QB_vs_TE,Trey Lance,Kylen Granson,7610,7602,791,838,-47,0.4,24,-23.6
2024,QB,TE,QB_vs_TE,Trey Lance,Noah Gray,7610,7828,791,789,2,0.4,93.1,-92.7
2024,QB,TE,QB_vs_TE,Trey Lance,Davis Allen,7610,10214,791,779,12,0.4,6.9,-6.5
2024,QB,TE,QB_vs_TE,Trey Lance,Tyler Higbee,7610,3271,791,722,69,0.4,9.5,-9.1
2024,QB,TE,QB_vs_TE,Trey Lance,Cade Stover,7610,11599,791,652,139,0.4,26.8,-26.4
2024,QB,TE,QB_vs_TE,Trey Lance,Erick All,7610,11592,791,639,152,0.4,25.8,-25.4
2024,QB,TE,QB_vs_TE,Joshua Dobbs,Kylen Granson,4179,7602,693,838,-145,8.1,24,-15.9
2024,QB,TE,QB_vs_TE,Joshua Dobbs,Noah Gray,4179,7828,693,789,-96,8.1,93.1,-85
2024,QB,TE,QB_vs_TE,Joshua Dobbs,Davis Allen,4179,10214,693,779,-86,8.1,6.9,1.2
2024,QB,TE,QB_vs_TE,Joshua Dobbs,Tyler Higbee,4179,3271,693,722,-29,8.1,9.5,-1.4
2024,QB,TE,QB_vs_TE,Joshua Dobbs,Cade Stover,4179,11599,693,652,41,8.1,26.8,-18.7
2024,QB,TE,QB_vs_TE,Joshua Dobbs,Erick All,4179,11592,693,639,54,8.1,25.8,-17.7
2024,QB,TE,QB_vs_TE,Joshua Dobbs,Jared Wiley,4179,11595,693,551,142,8.1,1.2,6.9
2024,QB,TE,QB_vs_TE,Drew Lock,Tyler Higbee,5854,3271,577,722,-145,72.3,9.5,62.8
2024,QB,TE,QB_vs_TE,Drew Lock,Cade Stover,5854,11599,577,652,-75,72.3,26.8,45.5
2024,QB,TE,QB_vs_TE,Drew Lock,Erick All,5854,11592,577,639,-62,72.3,25.8,46.5
2024,QB,TE,QB_vs_TE,Drew Lock,Jared Wiley,5854,11595,577,551,26,72.3,1.2,71.1
2024,QB,TE,QB_vs_TE,Drew Lock,Mo Alie-Cox,5854,4054,577,441,136,72.3,26.7,45.6
2024,QB,TE,QB_vs_TE,Drew Lock,Ian Thomas,5854,4995,577,417,160,72.3,2.2,70.1
2024,QB,TE,QB_vs_TE,Drew Lock,Darnell Washington,5854,9479,577,384,193,72.3,35.5,36.8
2024,QB,TE,QB_vs_TE,Drew Lock,Josh Oliver,5854,5973,577,384,193,72.3,52.2,20.1
2024,QB,TE,QB_vs_TE,Tyrod Taylor,Cade Stover,827,11599,501,652,-151,20.1,26.8,-6.7
2024,QB,TE,QB_vs_TE,Tyrod Taylor,Erick All,827,11592,501,639,-138,20.1,25.8,-5.7
2024,QB,TE,QB_vs_TE,Tyrod Taylor,Jared Wiley,827,11595,501,551,-50,20.1,1.2,18.9
2024,QB,TE,QB_vs_TE,Tyrod Taylor,Mo Alie-Cox,827,4054,501,441,60,20.1,26.7,-6.6
2024,QB,TE,QB_vs_TE,Tyrod Taylor,Ian Thomas,827,4995,501,417,84,20.1,2.2,17.9
2024,QB,TE,QB_vs_TE,Tyrod Taylor,Darnell Washington,827,9479,501,384,117,20.1,35.5,-15.4
2024,QB,TE,QB_vs_TE,Tyrod Taylor,Josh Oliver,827,5973,501,384,117,20.1,52.2,-32.1
2024,QB,TE,QB_vs_TE,Tyrod Taylor,Tommy Tremble,827,7694,501,371,130,20.1,34.9,-14.8
2024,QB,TE,QB_vs_TE,Tyrod Taylor,Brenton Strange,827,9480,501,331,170,20.1,63.1,-43
2024,QB,TE,QB_vs_TE,Tyrod Taylor,Brock Wright,827,7891,501,331,170,20.1,28.5,-8.4
2024,QB,TE,QB_vs_TE,Nick Mullens,Cade Stover,4464,11599,499,652,-153,1.3,26.8,-25.5
2024,QB,TE,QB_vs_TE,Nick Mullens,Erick All,4464,11592,499,639,-140,1.3,25.8,-24.5
2024,QB,TE,QB_vs_TE,Nick Mullens,Jared Wiley,4464,11595,499,551,-52,1.3,1.2,0.1
2024,QB,TE,QB_vs_TE,Nick Mullens,Mo Alie-Cox,4464,4054,499,441,58,1.3,26.7,-25.4
2024,QB,TE,QB_vs_TE,Nick Mullens,Ian Thomas,4464,4995,499,417,82,1.3,2.2,-0.9
2024,QB,TE,QB_vs_TE,Nick Mullens,Darnell Washington,4464,9479,499,384,115,1.3,35.5,-34.2
2024,QB,TE,QB_vs_TE,Nick Mullens,Josh Oliver,4464,5973,499,384,115,1.3,52.2,-50.9
2024,QB,TE,QB_vs_TE,Nick Mullens,Tommy Tremble,4464,7694,499,371,128,1.3,34.9,-33.6
2024,QB,TE,QB_vs_TE,Nick Mullens,Brenton Strange,4464,9480,499,331,168,1.3,63.1,-61.8
2024,QB,TE,QB_vs_TE,Nick Mullens,Brock Wright,4464,7891,499,331,168,1.3,28.5,-27.2
2024,QB,TE,QB_vs_TE,Hendon Hooker,Cade Stover,9998,11599,485,652,-167,2.7,26.8,-24.1
2024,QB,TE,QB_vs_TE,Hendon Hooker,Erick All,9998,11592,485,639,-154,2.7,25.8,-23.1
2024,QB,TE,QB_vs_TE,Hendon Hooker,Jared Wiley,9998,11595,485,551,-66,2.7,1.2,1.5
2024,QB,TE,QB_vs_TE,Hendon Hooker,Mo Alie-Cox,9998,4054,485,441,44,2.7,26.7,-24
2024,QB,TE,QB_vs_TE,Hendon Hooker,Ian Thomas,9998,4995,485,417,68,2.7,2.2,0.5
2024,QB,TE,QB_vs_TE,Hendon Hooker,Darnell Washington,9998,9479,485,384,101,2.7,35.5,-32.8
2024,QB,TE,QB_vs_TE,Hendon Hooker,Josh Oliver,9998,5973,485,384,101,2.7,52.2,-49.5
2024,QB,TE,QB_vs_TE,Hendon Hooker,Tommy Tremble,9998,7694,485,371,114,2.7,34.9,-32.2
2024,QB,TE,QB_vs_TE,Hendon Hooker,Brenton Strange,9998,9480,485,331,154,2.7,63.1,-60.4
2024,QB,TE,QB_vs_TE,Hendon Hooker,Brock Wright,9998,7891,485,331,154,2.7,28.5,-25.8
2024,QB,TE,QB_vs_TE,Davis Mills,Jared Wiley,7585,11595,372,551,-179,3.4,1.2,2.2
2024,QB,TE,QB_vs_TE,Davis Mills,Mo Alie-Cox,7585,4054,372,441,-69,3.4,26.7,-23.3
2024,QB,TE,QB_vs_TE,Davis Mills,Ian Thomas,7585,4995,372,417,-45,3.4,2.2,1.2
2024,QB,TE,QB_vs_TE,Davis Mills,Darnell Washington,7585,9479,372,384,-12,3.4,35.5,-32.1
2024,QB,TE,QB_vs_TE,Davis Mills,Josh Oliver,7585,5973,372,384,-12,3.4,52.2,-48.8
2024,QB,TE,QB_vs_TE,Davis Mills,Tommy Tremble,7585,7694,372,371,1,3.4,34.9,-31.5
2024,QB,TE,QB_vs_TE,Davis Mills,Brenton Strange,7585,9480,372,331,41,3.4,63.1,-59.7
2024,QB,TE,QB_vs_TE,Davis Mills,Brock Wright,7585,7891,372,331,41,3.4,28.5,-25.1
2024,QB,TE,QB_vs_TE,Dorian Thompson-Robinson,Mo Alie-Cox,10862,4054,333,441,-108,15,26.7,-11.7
2024,QB,TE,QB_vs_TE,Dorian Thompson-Robinson,Ian Thomas,10862,4995,333,417,-84,15,2.2,12.8
2024,QB,TE,QB_vs_TE,Dorian Thompson-Robinson,Darnell Washington,10862,9479,333,384,-51,15,35.5,-20.5
2024,QB,TE,QB_vs_TE,Dorian Thompson-Robinson,Josh Oliver,10862,5973,333,384,-51,15,52.2,-37.2
2024,QB,TE,QB_vs_TE,Dorian Thompson-Robinson,Tommy Tremble,10862,7694,333,371,-38,15,34.9,-19.9
2024,QB,TE,QB_vs_TE,Dorian Thompson-Robinson,Brenton Strange,10862,9480,333,331,2,15,63.1,-48.1
2024,QB,TE,QB_vs_TE,Dorian Thompson-Robinson,Brock Wright,10862,7891,333,331,2,15,28.5,-13.5
2024,RB,WR,RB_vs_WR,Bijan Robinson,Ja'Marr Chase,9509,7564,8233,8336,-103,251.4,260.4,-9
2024,RB,WR,RB_vs_WR,Breece Hall,A.J. Brown,8155,5859,7264,7159,105,168.7,149.9,18.8
2024,RB,WR,RB_vs_WR,Saquon Barkley,Puka Nacua,4866,9493,6700,6805,-105,322.3,127.6,194.7
2024,RB,WR,RB_vs_WR,Saquon Barkley,Marvin Harrison Jr.,4866,11628,6700,6796,-96,322.3,122.2,200.1
2024,RB,WR,RB_vs_WR,Saquon Barkley,Drake London,4866,8112,6700,6604,96,322.3,150.1,172.2
2024,RB,WR,RB_vs_WR,Jonathan Taylor,Nico Collins,6813,7569,5996,6043,-47,202.7,132.8,69.9
2024,RB,WR,RB_vs_WR,Jonathan Taylor,Davante Adams,6813,2133,5996,5875,121,202.7,141.5,61.2
2024,RB,WR,RB_vs_WR,Jonathan Taylor,Deebo Samuel,6813,5872,5996,5829,167,202.7,102.6,100.1
2024,RB,WR,RB_vs_WR,Kyren Williams,Jaylen Waddle,8150,7526,5537,5726,-189,238.1,86.6,151.5
2024,RB,WR,RB_vs_WR,Kyren Williams,Cooper Kupp,8150,4039,5537,5618,-81,238.1,108,130.1
2024,RB,WR,RB_vs_WR,Kyren Williams,Brandon Aiyuk,8150,6803,5537,5447,90,238.1,37.4,200.7
2024,RB,WR,RB_vs_WR,De'Von Achane,Brandon Aiyuk,9226,6803,5302,5447,-145,203.8,37.4,166.4
2024,RB,WR,RB_vs_WR,De'Von Achane,Malik Nabers,9226,11632,5302,5334,-32,203.8,152.2,51.6
2024,RB,WR,RB_vs_WR,De'Von Achane,DK Metcalf,9226,5846,5302,5141,161,203.8,113.9,89.9
2024,RB,WR,RB_vs_WR,Travis Etienne,Malik Nabers,7543,11632,5216,5334,-118,85.2,152.2,-67
2024,RB,WR,RB_vs_WR,Travis Etienne,DK Metcalf,7543,5846,5216,5141,75,85.2,113.9,-28.7
2024,RB,WR,RB_vs_WR,Travis Etienne,Michael Pittman,7543,6819,5216,5096,120,85.2,89.6,-4.4
2024,RB,WR,RB_vs_WR,Josh Jacobs,Malik Nabers,5850,11632,5199,5334,-135,246.5,152.2,94.3
2024,RB,WR,RB_vs_WR,Josh Jacobs,DK Metcalf,5850,5846,5199,5141,58,246.5,113.9,132.6
2024,RB,WR,RB_vs_WR,Josh Jacobs,Michael Pittman,5850,6819,5199,5096,103,246.5,89.6,156.9
2024,RB,WR,RB_vs_WR,Derrick Henry,DK Metcalf,3198,5846,5013,5141,-128,289.3,113.9,175.4
2024,RB,WR,RB_vs_WR,Derrick Henry,Michael Pittman,3198,6819,5013,5096,-83,289.3,89.6,199.7
2024,RB,WR,RB_vs_WR,Derrick Henry,D.J. Moore,3198,4983,5013,4968,45,289.3,127,162.3
2024,RB,WR,RB_vs_WR,Derrick Henry,DeVonta Smith,3198,7525,5013,4930,83,289.3,131.4,157.9
2024,RB,WR,RB_vs_WR,Derrick Henry,Stefon Diggs,3198,2449,5013,4834,179,289.3,74.9,214.4
2024,RB,WR,RB_vs_WR,Isiah Pacheco,D.J. Moore,8205,4983,4861,4968,-107,44.9,127,-82.1
2024,RB,WR,RB_vs_WR,Isiah Pacheco,DeVonta Smith,8205,7525,4861,4930,-69,44.9,131.4,-86.5
2024,RB,WR,RB_vs_WR,Isiah Pacheco,Stefon Diggs,8205,2449,4861,4834,27,44.9,74.9,-30
2024,RB,WR,RB_vs_WR,Isiah Pacheco,Mike Evans,8205,2216,4861,4761,100,44.9,157.5,-112.6
2024,RB,WR,RB_vs_WR,Isiah Pacheco,Rashee Rice,8205,10229,4861,4737,124,44.9,40.9,4
2024,RB,WR,RB_vs_WR,Isiah Pacheco,Tank Dell,8205,9502,4861,4687,174,44.9,89,-44.1
2024,RB,WR,RB_vs_WR,James Cook,Stefon Diggs,8138,2449,4713,4834,-121,225.9,74.9,151
2024,RB,WR,RB_vs_WR,James Cook,Mike Evans,8138,2216,4713,4761,-48,225.9,157.5,68.4
2024,RB,WR,RB_vs_WR,James Cook,Rashee Rice,8138,10229,4713,4737,-24,225.9,40.9,185
2024,RB,WR,RB_vs_WR,James Cook,Tank Dell,8138,9502,4713,4687,26,225.9,89,136.9
2024,RB,WR,RB_vs_WR,James Cook,Tee Higgins,8138,6801,4713,4618,95,225.9,143.8,82.1
2024,RB,WR,RB_vs_WR,James Cook,Amari Cooper,8138,2309,4713,4589,124,225.9,78.7,147.2
2024,RB,WR,RB_vs_WR,James Cook,Zay Flowers,8138,9997,4713,4543,170,225.9,133.4,92.5
2024,RB,WR,RB_vs_WR,Kenneth Walker III,Rashee Rice,8151,10229,4542,4737,-195,135.2,40.9,94.3
2024,RB,WR,RB_vs_WR,Kenneth Walker III,Tank Dell,8151,9502,4542,4687,-145,135.2,89,46.2
2024,RB,WR,RB_vs_WR,Kenneth Walker III,Tee Higgins,8151,6801,4542,4618,-76,135.2,143.8,-8.6
2024,RB,WR,RB_vs_WR,Kenneth Walker III,Amari Cooper,8151,2309,4542,4589,-47,135.2,78.7,56.5
2024,RB,WR,RB_vs_WR,Kenneth Walker III,Zay Flowers,8151,9997,4542,4543,-1,135.2,133.4,1.8
2024,RB,WR,RB_vs_WR,Rachaad White,George Pickens,8136,8137,4285,4181,104,148.6,105.4,43.2
2024,RB,WR,RB_vs_WR,Rachaad White,Terry McLaurin,8136,5927,4285,4171,114,148.6,173.6,-25
2024,RB,WR,RB_vs_WR,Rachaad White,Christian Kirk,8136,4950,4285,4108,177,148.6,43.9,104.7
2024,RB,WR,RB_vs_WR,Alvin Kamara,George Pickens,4035,8137,4047,4181,-134,197.3,105.4,91.9
2024,RB,WR,RB_vs_WR,Alvin Kamara,Terry McLaurin,4035,5927,4047,4171,-124,197.3,173.6,23.7
2024,RB,WR,RB_vs_WR,Alvin Kamara,Christian Kirk,4035,4950,4047,4108,-61,197.3,43.9,153.4
2024,RB,WR,RB_vs_WR,Alvin Kamara,Calvin Ridley,4035,4981,4047,4049,-2,197.3,127.9,69.4
2024,RB,WR,RB_vs_WR,Alvin Kamara,Chris Godwin,4035,4037,4047,4019,28,197.3,87.8,109.5
2024,RB,WR,RB_vs_WR,Alvin Kamara,Keenan Allen,4035,1479,4047,3947,100,197.3,113.9,83.4
2024,RB,WR,RB_vs_WR,Alvin Kamara,Xavier Worthy,4035,11624,4047,3943,104,197.3,128.2,69.1
2024,RB,WR,RB_vs_WR,Joe Mixon,Chris Godwin,4018,4037,3827,4019,-192,201.7,87.8,113.9
2024,RB,WR,RB_vs_WR,Joe Mixon,Keenan Allen,4018,1479,3827,3947,-120,201.7,113.9,87.8
2024,RB,WR,RB_vs_WR,Joe Mixon,Xavier Worthy,4018,11624,3827,3943,-116,201.7,128.2,73.5
2024,RB,WR,RB_vs_WR,Joe Mixon,Jayden Reed,4018,10222,3827,3793,34,201.7,138.9,62.8
2024,RB,WR,RB_vs_WR,D'Andre Swift,Jayden Reed,6790,10222,3638,3793,-155,160,138.9,21.1
2024,RB,WR,RB_vs_WR,D'Andre Swift,Diontae Johnson,6790,5937,3638,3531,107,160,54.9,105.1
2024,RB,WR,RB_vs_WR,D'Andre Swift,Rome Odunze,6790,11620,3638,3510,128,160,89.1,70.9
2024,RB,WR,RB_vs_WR,D'Andre Swift,Jaxon Smith-Njigba,6790,9488,3638,3473,165,160,151.7,8.3
2024,RB,WR,RB_vs_WR,James Conner,Jayden Reed,4137,10222,3638,3793,-155,206.8,138.9,67.9
2024,RB,WR,RB_vs_WR,James Conner,Diontae Johnson,4137,5937,3638,3531,107,206.8,54.9,151.9
2024,RB,WR,RB_vs_WR,James Conner,Rome Odunze,4137,11620,3638,3510,128,206.8,89.1,117.7
2024,RB,WR,RB_vs_WR,James Conner,Jaxon Smith-Njigba,4137,9488,3638,3473,165,206.8,151.7,55.1
2024,RB,WR,RB_vs_WR,Aaron Jones,Jayden Reed,4199,10222,3603,3793,-190,183.1,138.9,44.2
2024,RB,WR,RB_vs_WR,Aaron Jones,Diontae Johnson,4199,5937,3603,3531,72,183.1,54.9,128.2
2024,RB,WR,RB_vs_WR,Aaron Jones,Rome Odunze,4199,11620,3603,3510,93,183.1,89.1,94
2024,RB,WR,RB_vs_WR,Aaron Jones,Jaxon Smith-Njigba,4199,9488,3603,3473,130,183.1,151.7,31.4
2024,RB,WR,RB_vs_WR,Aaron Jones,Christian Watson,4199,8167,3603,3418,185,183.1,76.3,106.8
2024,RB,WR,RB_vs_WR,David Montgomery,Diontae Johnson,5892,5937,3570,3531,39,185.7,54.9,130.8
2024,RB,WR,RB_vs_WR,David Montgomery,Rome Odunze,5892,11620,3570,3510,60,185.7,89.1,96.6
2024,RB,WR,RB_vs_WR,David Montgomery,Jaxon Smith-Njigba,5892,9488,3570,3473,97,185.7,151.7,34
2024,RB,WR,RB_vs_WR,David Montgomery,Christian Watson,5892,8167,3570,3418,152,185.7,76.3,109.4
2024,RB,WR,RB_vs_WR,David Montgomery,DeAndre Hopkins,5892,1426,3570,3388,182,185.7,91,94.7
2024,RB,WR,RB_vs_WR,Najee Harris,Diontae Johnson,7528,5937,3494,3531,-37,157,54.9,102.1
2024,RB,WR,RB_vs_WR,Najee Harris,Rome Odunze,7528,11620,3494,3510,-16,157,89.1,67.9
2024,RB,WR,RB_vs_WR,Najee Harris,Jaxon Smith-Njigba,7528,9488,3494,3473,21,157,151.7,5.3
2024,RB,WR,RB_vs_WR,Najee Harris,Christian Watson,7528,8167,3494,3418,76,157,76.3,80.7
2024,RB,WR,RB_vs_WR,Najee Harris,DeAndre Hopkins,7528,1426,3494,3388,106,157,91,66
2024,RB,WR,RB_vs_WR,Najee Harris,Jameson Williams,7528,8148,3494,3311,183,157,150.8,6.2
2024,RB,WR,RB_vs_WR,Rhamondre Stevenson,Diontae Johnson,7611,5937,3403,3531,-128,142.9,54.9,88
2024,RB,WR,RB_vs_WR,Rhamondre Stevenson,Rome Odunze,7611,11620,3403,3510,-107,142.9,89.1,53.8
2024,RB,WR,RB_vs_WR,Rhamondre Stevenson,Jaxon Smith-Njigba,7611,9488,3403,3473,-70,142.9,151.7,-8.8
2024,RB,WR,RB_vs_WR,Rhamondre Stevenson,Christian Watson,7611,8167,3403,3418,-15,142.9,76.3,66.6
2024,RB,WR,RB_vs_WR,Rhamondre Stevenson,DeAndre Hopkins,7611,1426,3403,3388,15,142.9,91,51.9
2024,RB,WR,RB_vs_WR,Rhamondre Stevenson,Jameson Williams,7611,8148,3403,3311,92,142.9,150.8,-7.9
2024,RB,WR,RB_vs_WR,Rhamondre Stevenson,Ladd McConkey,7611,11635,3403,3288,115,142.9,147.4,-4.5
2024,RB,WR,RB_vs_WR,Rhamondre Stevenson,Brian Thomas Jr.,7611,11631,3403,3251,152,142.9,186.7,-43.8
2024,RB,WR,RB_vs_WR,Zamir White,Diontae Johnson,8139,5937,3355,3531,-176,23.3,54.9,-31.6
2024,RB,WR,RB_vs_WR,Zamir White,Rome Odunze,8139,11620,3355,3510,-155,23.3,89.1,-65.8
2024,RB,WR,RB_vs_WR,Zamir White,Jaxon Smith-Njigba,8139,9488,3355,3473,-118,23.3,151.7,-128.4
2024,RB,WR,RB_vs_WR,Zamir White,Christian Watson,8139,8167,3355,3418,-63,23.3,76.3,-53
2024,RB,WR,RB_vs_WR,Zamir White,DeAndre Hopkins,8139,1426,3355,3388,-33,23.3,91,-67.7
2024,RB,WR,RB_vs_WR,Zamir White,Jameson Williams,8139,8148,3355,3311,44,23.3,150.8,-127.5
2024,RB,WR,RB_vs_WR,Zamir White,Ladd McConkey,8139,11635,3355,3288,67,23.3,147.4,-124.1
2024,RB,WR,RB_vs_WR,Zamir White,Brian Thomas Jr.,8139,11631,3355,3251,104,23.3,186.7,-163.4
2024,RB,WR,RB_vs_WR,Zamir White,Courtland Sutton,8139,5045,3355,3172,183,23.3,143.5,-120.2
2024,RB,WR,RB_vs_WR,Raheem Mostert,Rome Odunze,2749,11620,3324,3510,-186,51.9,89.1,-37.2
2024,RB,WR,RB_vs_WR,Raheem Mostert,Jaxon Smith-Njigba,2749,9488,3324,3473,-149,51.9,151.7,-99.8
2024,RB,WR,RB_vs_WR,Raheem Mostert,Christian Watson,2749,8167,3324,3418,-94,51.9,76.3,-24.4
2024,RB,WR,RB_vs_WR,Raheem Mostert,DeAndre Hopkins,2749,1426,3324,3388,-64,51.9,91,-39.1
2024,RB,WR,RB_vs_WR,Raheem Mostert,Jameson Williams,2749,8148,3324,3311,13,51.9,150.8,-98.9
2024,RB,WR,RB_vs_WR,Raheem Mostert,Ladd McConkey,2749,11635,3324,3288,36,51.9,147.4,-95.5
2024,RB,WR,RB_vs_WR,Raheem Mostert,Brian Thomas Jr.,2749,11631,3324,3251,73,51.9,186.7,-134.8
2024,RB,WR,RB_vs_WR,Raheem Mostert,Courtland Sutton,2749,5045,3324,3172,152,51.9,143.5,-91.6
2024,RB,WR,RB_vs_WR,Tony Pollard,Christian Watson,5967,8167,3247,3418,-171,153.5,76.3,77.2
2024,RB,WR,RB_vs_WR,Tony Pollard,DeAndre Hopkins,5967,1426,3247,3388,-141,153.5,91,62.5
2024,RB,WR,RB_vs_WR,Tony Pollard,Jameson Williams,5967,8148,3247,3311,-64,153.5,150.8,2.7
2024,RB,WR,RB_vs_WR,Tony Pollard,Ladd McConkey,5967,11635,3247,3288,-41,153.5,147.4,6.1
2024,RB,WR,RB_vs_WR,Tony Pollard,Brian Thomas Jr.,5967,11631,3247,3251,-4,153.5,186.7,-33.2
2024,RB,WR,RB_vs_WR,Tony Pollard,Courtland Sutton,5967,5045,3247,3172,75,153.5,143.5,10
2024,RB,WR,RB_vs_WR,Tony Pollard,Keon Coleman,5967,11637,3247,3070,177,153.5,78.5,75
2024,RB,WR,RB_vs_WR,Javonte Williams,Christian Watson,7588,8167,3240,3418,-178,98.1,76.3,21.8
2024,RB,WR,RB_vs_WR,Javonte Williams,DeAndre Hopkins,7588,1426,3240,3388,-148,98.1,91,7.1
2024,RB,WR,RB_vs_WR,Javonte Williams,Jameson Williams,7588,8148,3240,3311,-71,98.1,150.8,-52.7
2024,RB,WR,RB_vs_WR,Javonte Williams,Ladd McConkey,7588,11635,3240,3288,-48,98.1,147.4,-49.3
2024,RB,WR,RB_vs_WR,Javonte Williams,Brian Thomas Jr.,7588,11631,3240,3251,-11,98.1,186.7,-88.6
2024,RB,WR,RB_vs_WR,Javonte Williams,Courtland Sutton,7588,5045,3240,3172,68,98.1,143.5,-45.4
2024,RB,WR,RB_vs_WR,Javonte Williams,Keon Coleman,7588,11637,3240,3070,170,98.1,78.5,19.6
2024,RB,WR,RB_vs_WR,Jaylen Warren,DeAndre Hopkins,8228,1426,3200,3388,-188,84,91,-7
2024,RB,WR,RB_vs_WR,Jaylen Warren,Jameson Williams,8228,8148,3200,3311,-111,84,150.8,-66.8
2024,RB,WR,RB_vs_WR,Jaylen Warren,Ladd McConkey,8228,11635,3200,3288,-88,84,147.4,-63.4
2024,RB,WR,RB_vs_WR,Jaylen Warren,Brian Thomas Jr.,8228,11631,3200,3251,-51,84,186.7,-102.7
2024,RB,WR,RB_vs_WR,Jaylen Warren,Courtland Sutton,8228,5045,3200,3172,28,84,143.5,-59.5
2024,RB,WR,RB_vs_WR,Jaylen Warren,Keon Coleman,8228,11637,3200,3070,130,84,78.5,5.5
2024,RB,WR,RB_vs_WR,Jaylen Warren,Marquise Brown,8228,5848,3200,3001,199,84,9.1,74.9
2024,RB,WR,RB_vs_WR,Brian Robinson,Brian Thomas Jr.,8154,11631,3060,3251,-191,138.2,186.7,-48.5
2024,RB,WR,RB_vs_WR,Brian Robinson,Courtland Sutton,8154,5045,3060,3172,-112,138.2,143.5,-5.3
2024,RB,WR,RB_vs_WR,Brian Robinson,Keon Coleman,8154,11637,3060,3070,-10,138.2,78.5,59.7
2024,RB,WR,RB_vs_WR,Brian Robinson,Marquise Brown,8154,5848,3060,3001,59,138.2,9.1,129.1
2024,RB,WR,RB_vs_WR,Brian Robinson,Romeo Doubs,8154,8121,3060,2912,148,138.2,86.1,52.1
2024,RB,WR,RB_vs_WR,Devin Singletary,Courtland Sutton,6130,5045,3001,3172,-171,73.9,143.5,-69.6
2024,RB,WR,RB_vs_WR,Devin Singletary,Keon Coleman,6130,11637,3001,3070,-69,73.9,78.5,-4.6
2024,RB,WR,RB_vs_WR,Devin Singletary,Marquise Brown,6130,5848,3001,3001,0,73.9,9.1,64.8
2024,RB,WR,RB_vs_WR,Devin Singletary,Romeo Doubs,6130,8121,3001,2912,89,73.9,86.1,-12.2
2024,RB,WR,RB_vs_WR,Zack Moss,Keon Coleman,6845,11637,2906,3070,-164,58.9,78.5,-19.6
2024,RB,WR,RB_vs_WR,Zack Moss,Marquise Brown,6845,5848,2906,3001,-95,58.9,9.1,49.8
2024,RB,WR,RB_vs_WR,Zack Moss,Romeo Doubs,6845,8121,2906,2912,-6,58.9,86.1,-27.2
2024,RB,WR,RB_vs_WR,Zack Moss,Jordan Addison,6845,9756,2906,2758,148,58.9,149.5,-90.6
2024,RB,WR,RB_vs_WR,Jerome Ford,Marquise Brown,8143,5848,2849,3001,-152,97,9.1,87.9
2024,RB,WR,RB_vs_WR,Jerome Ford,Romeo Doubs,8143,8121,2849,2912,-63,97,86.1,10.9
2024,RB,WR,RB_vs_WR,Jerome Ford,Jordan Addison,8143,9756,2849,2758,91,97,149.5,-52.5
2024,RB,WR,RB_vs_WR,Jonathon Brooks,Romeo Doubs,11583,8121,2792,2912,-120,4.5,86.1,-81.6
2024,RB,WR,RB_vs_WR,Jonathon Brooks,Jordan Addison,11583,9756,2792,2758,34,4.5,149.5,-145
2024,RB,WR,RB_vs_WR,Chase Brown,Jordan Addison,9224,9756,2706,2758,-52,201,149.5,51.5
2024,RB,WR,RB_vs_WR,Chase Brown,Khalil Shakir,9224,8134,2706,2570,136,201,106.5,94.5
2024,RB,WR,RB_vs_WR,Chase Brown,Curtis Samuel,9224,4082,2706,2538,168,201,27.5,173.5
2024,RB,WR,RB_vs_WR,Tyjae Spears,Khalil Shakir,9508,8134,2497,2570,-73,83.6,106.5,-22.9
2024,RB,WR,RB_vs_WR,Tyjae Spears,Curtis Samuel,9508,4082,2497,2538,-41,83.6,27.5,56.1
2024,RB,WR,RB_vs_WR,Tyjae Spears,Jakobi Meyers,9508,5947,2497,2427,70,83.6,112.7,-29.1
2024,RB,WR,RB_vs_WR,Tyjae Spears,Mike Williams,9508,4068,2497,2311,186,83.6,33.3,50.3
2024,RB,WR,RB_vs_WR,Austin Ekeler,Khalil Shakir,4663,8134,2487,2570,-83,94.1,106.5,-12.4
2024,RB,WR,RB_vs_WR,Austin Ekeler,Curtis Samuel,4663,4082,2487,2538,-51,94.1,27.5,66.6
2024,RB,WR,RB_vs_WR,Austin Ekeler,Jakobi Meyers,4663,5947,2487,2427,60,94.1,112.7,-18.6
2024,RB,WR,RB_vs_WR,Austin Ekeler,Mike Williams,4663,4068,2487,2311,176,94.1,33.3,60.8
2024,RB,WR,RB_vs_WR,Blake Corum,Curtis Samuel,11586,4082,2352,2538,-186,24.3,27.5,-3.2
2024,RB,WR,RB_vs_WR,Blake Corum,Jakobi Meyers,11586,5947,2352,2427,-75,24.3,112.7,-88.4
2024,RB,WR,RB_vs_WR,Blake Corum,Mike Williams,11586,4068,2352,2311,41,24.3,33.3,-9
2024,RB,WR,RB_vs_WR,Blake Corum,Rashid Shaheed,11586,8676,2352,2280,72,24.3,59.8,-35.5
2024,RB,WR,RB_vs_WR,Rico Dowdle,Mike Williams,7021,4068,2226,2311,-85,144.4,33.3,111.1
2024,RB,WR,RB_vs_WR,Rico Dowdle,Rashid Shaheed,7021,8676,2226,2280,-54,144.4,59.8,84.6
2024,RB,WR,RB_vs_WR,Rico Dowdle,Tyler Lockett,7021,2374,2226,2085,141,144.4,69.2,75.2
2024,RB,WR,RB_vs_WR,Gus Edwards,Mike Williams,5248,4068,2170,2311,-141,61.1,33.3,27.8
2024,RB,WR,RB_vs_WR,Gus Edwards,Rashid Shaheed,5248,8676,2170,2280,-110,61.1,59.8,1.3
2024,RB,WR,RB_vs_WR,Gus Edwards,Tyler Lockett,5248,2374,2170,2085,85,61.1,69.2,-8.1
2024,RB,WR,RB_vs_WR,Trey Benson,Tyler Lockett,11589,2374,1981,2085,-104,41,69.2,-28.2
2024,RB,WR,RB_vs_WR,Trey Benson,Jerry Jeudy,11589,6783,1981,1946,35,41,144.6,-103.6
2024,RB,WR,RB_vs_WR,Trey Benson,Adonai Mitchell,11589,11625,1981,1892,89,41,30.8,10.2
2024,RB,WR,RB_vs_WR,Trey Benson,Dontayvion Wicks,11589,9486,1981,1820,161,41,66.6,-25.6
2024,RB,WR,RB_vs_WR,Ezekiel Elliott,Tyler Lockett,3164,2374,1953,2085,-132,45.5,69.2,-23.7
2024,RB,WR,RB_vs_WR,Ezekiel Elliott,Jerry Jeudy,3164,6783,1953,1946,7,45.5,144.6,-99.1
2024,RB,WR,RB_vs_WR,Ezekiel Elliott,Adonai Mitchell,3164,11625,1953,1892,61,45.5,30.8,14.7
2024,RB,WR,RB_vs_WR,Ezekiel Elliott,Dontayvion Wicks,3164,9486,1953,1820,133,45.5,66.6,-21.1
2024,RB,WR,RB_vs_WR,Nick Chubb,Jerry Jeudy,4988,6783,1879,1946,-67,58.3,144.6,-86.3
2024,RB,WR,RB_vs_WR,Nick Chubb,Adonai Mitchell,4988,11625,1879,1892,-13,58.3,30.8,27.5
2024,RB,WR,RB_vs_WR,Nick Chubb,Dontayvion Wicks,4988,9486,1879,1820,59,58.3,66.6,-8.3
2024,RB,WR,RB_vs_WR,Nick Chubb,Brandin Cooks,4988,2197,1879,1747,132,58.3,42.6,15.7
2024,RB,WR,RB_vs_WR,Nick Chubb,Darnell Mooney,4988,7090,1879,1694,185,58.3,129.2,-70.9
2024,RB,WR,RB_vs_WR,Chuba Hubbard,Jerry Jeudy,7594,6783,1855,1946,-91,198.6,144.6,54
2024,RB,WR,RB_vs_WR,Chuba Hubbard,Adonai Mitchell,7594,11625,1855,1892,-37,198.6,30.8,167.8
2024,RB,WR,RB_vs_WR,Chuba Hubbard,Dontayvion Wicks,7594,9486,1855,1820,35,198.6,66.6,132
2024,RB,WR,RB_vs_WR,Chuba Hubbard,Brandin Cooks,7594,2197,1855,1747,108,198.6,42.6,156
2024,RB,WR,RB_vs_WR,Chuba Hubbard,Darnell Mooney,7594,7090,1855,1694,161,198.6,129.2,69.4
2024,RB,WR,RB_vs_WR,Ty Chandler,Jerry Jeudy,8230,6783,1769,1946,-177,22.4,144.6,-122.2
2024,RB,WR,RB_vs_WR,Ty Chandler,Adonai Mitchell,8230,11625,1769,1892,-123,22.4,30.8,-8.4
2024,RB,WR,RB_vs_WR,Ty Chandler,Dontayvion Wicks,8230,9486,1769,1820,-51,22.4,66.6,-44.2
2024,RB,WR,RB_vs_WR,Ty Chandler,Brandin Cooks,8230,2197,1769,1747,22,22.4,42.6,-20.2
2024,RB,WR,RB_vs_WR,Ty Chandler,Darnell Mooney,8230,7090,1769,1694,75,22.4,129.2,-106.8
2024,RB,WR,RB_vs_WR,Ty Chandler,Ja'Lynn Polk,8230,11619,1769,1601,168,22.4,20.7,1.7
2024,RB,WR,RB_vs_WR,Ty Chandler,Michael Wilson,8230,10232,1769,1571,198,22.4,77.5,-55.1
2024,RB,WR,RB_vs_WR,J.K. Dobbins,Dontayvion Wicks,6806,9486,1676,1820,-144,152.3,66.6,85.7
2024,RB,WR,RB_vs_WR,J.K. Dobbins,Brandin Cooks,6806,2197,1676,1747,-71,152.3,42.6,109.7
2024,RB,WR,RB_vs_WR,J.K. Dobbins,Darnell Mooney,6806,7090,1676,1694,-18,152.3,129.2,23.1
2024,RB,WR,RB_vs_WR,J.K. Dobbins,Ja'Lynn Polk,6806,11619,1676,1601,75,152.3,20.7,131.6
2024,RB,WR,RB_vs_WR,J.K. Dobbins,Michael Wilson,6806,10232,1676,1571,105,152.3,77.5,74.8
2024,RB,WR,RB_vs_WR,J.K. Dobbins,Josh Downs,6806,9500,1676,1506,170,152.3,102.1,50.2
2024,RB,WR,RB_vs_WR,Tyler Allgeier,Brandin Cooks,8132,2197,1616,1747,-131,86.3,42.6,43.7
2024,RB,WR,RB_vs_WR,Tyler Allgeier,Darnell Mooney,8132,7090,1616,1694,-78,86.3,129.2,-42.9
2024,RB,WR,RB_vs_WR,Tyler Allgeier,Ja'Lynn Polk,8132,11619,1616,1601,15,86.3,20.7,65.6
2024,RB,WR,RB_vs_WR,Tyler Allgeier,Michael Wilson,8132,10232,1616,1571,45,86.3,77.5,8.8
2024,RB,WR,RB_vs_WR,Tyler Allgeier,Josh Downs,8132,9500,1616,1506,110,86.3,102.1,-15.8
2024,RB,WR,RB_vs_WR,Tyler Allgeier,Xavier Legette,8132,11626,1616,1430,186,86.3,73.1,13.2
2024,RB,WR,RB_vs_WR,Zach Charbonnet,Darnell Mooney,9753,7090,1528,1694,-166,135.8,129.2,6.6
2024,RB,WR,RB_vs_WR,Zach Charbonnet,Ja'Lynn Polk,9753,11619,1528,1601,-73,135.8,20.7,115.1
2024,RB,WR,RB_vs_WR,Zach Charbonnet,Michael Wilson,9753,10232,1528,1571,-43,135.8,77.5,58.3
2024,RB,WR,RB_vs_WR,Zach Charbonnet,Josh Downs,9753,9500,1528,1506,22,135.8,102.1,33.7
2024,RB,WR,RB_vs_WR,Zach Charbonnet,Xavier Legette,9753,11626,1528,1430,98,135.8,73.1,62.7
2024,RB,WR,RB_vs_WR,Zach Charbonnet,Adam Thielen,9753,1689,1528,1367,161,135.8,87.1,48.7
2024,RB,WR,RB_vs_WR,Zach Charbonnet,Demario Douglas,9753,9501,1528,1347,181,135.8,78.3,57.5
2024,RB,WR,RB_vs_WR,Jaleel McLaughlin,Ja'Lynn Polk,11439,11619,1442,1601,-159,68.4,20.7,47.7
2024,RB,WR,RB_vs_WR,Jaleel McLaughlin,Michael Wilson,11439,10232,1442,1571,-129,68.4,77.5,-9.1
2024,RB,WR,RB_vs_WR,Jaleel McLaughlin,Josh Downs,11439,9500,1442,1506,-64,68.4,102.1,-33.7
2024,RB,WR,RB_vs_WR,Jaleel McLaughlin,Xavier Legette,11439,11626,1442,1430,12,68.4,73.1,-4.7
2024,RB,WR,RB_vs_WR,Jaleel McLaughlin,Adam Thielen,11439,1689,1442,1367,75,68.4,87.1,-18.7
2024,RB,WR,RB_vs_WR,Jaleel McLaughlin,Demario Douglas,11439,9501,1442,1347,95,68.4,78.3,-9.9
2024,RB,WR,RB_vs_WR,Jaleel McLaughlin,Quentin Johnston,11439,9754,1442,1263,179,68.4,101.1,-32.7
2024,RB,WR,RB_vs_WR,Jaylen Wright,Ja'Lynn Polk,11643,11619,1406,1601,-195,24.1,20.7,3.4
2024,RB,WR,RB_vs_WR,Jaylen Wright,Michael Wilson,11643,10232,1406,1571,-165,24.1,77.5,-53.4
2024,RB,WR,RB_vs_WR,Jaylen Wright,Josh Downs,11643,9500,1406,1506,-100,24.1,102.1,-78
2024,RB,WR,RB_vs_WR,Jaylen Wright,Xavier Legette,11643,11626,1406,1430,-24,24.1,73.1,-49
2024,RB,WR,RB_vs_WR,Jaylen Wright,Adam Thielen,11643,1689,1406,1367,39,24.1,87.1,-63
2024,RB,WR,RB_vs_WR,Jaylen Wright,Demario Douglas,11643,9501,1406,1347,59,24.1,78.3,-54.2
2024,RB,WR,RB_vs_WR,Jaylen Wright,Quentin Johnston,11643,9754,1406,1263,143,24.1,101.1,-77
2024,RB,WR,RB_vs_WR,Bucky Irving,Josh Downs,11584,9500,1310,1506,-196,183,102.1,80.9
2024,RB,WR,RB_vs_WR,Bucky Irving,Xavier Legette,11584,11626,1310,1430,-120,183,73.1,109.9
2024,RB,WR,RB_vs_WR,Bucky Irving,Adam Thielen,11584,1689,1310,1367,-57,183,87.1,95.9
2024,RB,WR,RB_vs_WR,Bucky Irving,Demario Douglas,11584,9501,1310,1347,-37,183,78.3,104.7
2024,RB,WR,RB_vs_WR,Bucky Irving,Quentin Johnston,11584,9754,1310,1263,47,183,101.1,81.9
2024,RB,WR,RB_vs_WR,Bucky Irving,Jahan Dotson,11584,8119,1310,1199,111,183,13.5,169.5
2024,RB,WR,RB_vs_WR,Bucky Irving,Demarcus Robinson,11584,3286,1310,1164,146,183,85.3,97.7
2024,RB,WR,RB_vs_WR,Bucky Irving,Wan'Dale Robinson,11584,8126,1310,1116,194,183,85.4,97.6
2024,RB,WR,RB_vs_WR,Antonio Gibson,Xavier Legette,6945,11626,1286,1430,-144,74.3,73.1,1.2
2024,RB,WR,RB_vs_WR,Antonio Gibson,Adam Thielen,6945,1689,1286,1367,-81,74.3,87.1,-12.8
2024,RB,WR,RB_vs_WR,Antonio Gibson,Demario Douglas,6945,9501,1286,1347,-61,74.3,78.3,-4
2024,RB,WR,RB_vs_WR,Antonio Gibson,Quentin Johnston,6945,9754,1286,1263,23,74.3,101.1,-26.8
2024,RB,WR,RB_vs_WR,Antonio Gibson,Jahan Dotson,6945,8119,1286,1199,87,74.3,13.5,60.8
2024,RB,WR,RB_vs_WR,Antonio Gibson,Demarcus Robinson,6945,3286,1286,1164,122,74.3,85.3,-11
2024,RB,WR,RB_vs_WR,Antonio Gibson,Wan'Dale Robinson,6945,8126,1286,1116,170,74.3,85.4,-11.1
2024,RB,WR,RB_vs_WR,Ray Davis,Adam Thielen,11575,1689,1216,1367,-151,86.6,87.1,-0.5
2024,RB,WR,RB_vs_WR,Ray Davis,Demario Douglas,11575,9501,1216,1347,-131,86.6,78.3,8.3
2024,RB,WR,RB_vs_WR,Ray Davis,Quentin Johnston,11575,9754,1216,1263,-47,86.6,101.1,-14.5
2024,RB,WR,RB_vs_WR,Ray Davis,Jahan Dotson,11575,8119,1216,1199,17,86.6,13.5,73.1
2024,RB,WR,RB_vs_WR,Ray Davis,Demarcus Robinson,11575,3286,1216,1164,52,86.6,85.3,1.3
2024,RB,WR,RB_vs_WR,Ray Davis,Wan'Dale Robinson,11575,8126,1216,1116,100,86.6,85.4,1.2
2024,RB,WR,RB_vs_WR,Ray Davis,Jalen Tolbert,11575,8117,1216,1050,166,86.6,93.2,-6.6
2024,RB,WR,RB_vs_WR,Jordan Mason,Demario Douglas,8408,9501,1152,1347,-195,104,78.3,25.7
2024,RB,WR,RB_vs_WR,Jordan Mason,Quentin Johnston,8408,9754,1152,1263,-111,104,101.1,2.9
2024,RB,WR,RB_vs_WR,Jordan Mason,Jahan Dotson,8408,8119,1152,1199,-47,104,13.5,90.5
2024,RB,WR,RB_vs_WR,Jordan Mason,Demarcus Robinson,8408,3286,1152,1164,-12,104,85.3,18.7
2024,RB,WR,RB_vs_WR,Jordan Mason,Wan'Dale Robinson,8408,8126,1152,1116,36,104,85.4,18.6
2024,RB,WR,RB_vs_WR,Jordan Mason,Jalen Tolbert,8408,8117,1152,1050,102,104,93.2,10.8
2024,RB,WR,RB_vs_WR,Jordan Mason,Marvin Mims,8408,9494,1152,988,164,104,73.4,30.6
2024,RB,WR,RB_vs_WR,Jordan Mason,Rashod Bateman,8408,7571,1152,970,182,104,116,-12
2024,RB,WR,RB_vs_WR,MarShawn Lloyd,Jahan Dotson,11581,8119,1032,1199,-167,1.8,13.5,-11.7
2024,RB,WR,RB_vs_WR,MarShawn Lloyd,Demarcus Robinson,11581,3286,1032,1164,-132,1.8,85.3,-83.5
2024,RB,WR,RB_vs_WR,MarShawn Lloyd,Wan'Dale Robinson,11581,8126,1032,1116,-84,1.8,85.4,-83.6
2024,RB,WR,RB_vs_WR,MarShawn Lloyd,Jalen Tolbert,11581,8117,1032,1050,-18,1.8,93.2,-91.4
2024,RB,WR,RB_vs_WR,MarShawn Lloyd,Marvin Mims,11581,9494,1032,988,44,1.8,73.4,-71.6
2024,RB,WR,RB_vs_WR,MarShawn Lloyd,Rashod Bateman,11581,7571,1032,970,62,1.8,116,-114.2
2024,RB,WR,RB_vs_WR,MarShawn Lloyd,Jalen McMillan,11581,11618,1032,903,129,1.8,84.4,-82.6
2024,RB,WR,RB_vs_WR,MarShawn Lloyd,Greg Dortch,11581,5970,1032,902,130,1.8,35.9,-34.1
2024,RB,WR,RB_vs_WR,MarShawn Lloyd,Jermaine Burton,11581,11640,1032,860,172,1.8,10.7,-8.9
2024,RB,WR,RB_vs_WR,Khalil Herbert,Demarcus Robinson,7608,3286,976,1164,-188,13.2,85.3,-72.1
2024,RB,WR,RB_vs_WR,Khalil Herbert,Wan'Dale Robinson,7608,8126,976,1116,-140,13.2,85.4,-72.2
2024,RB,WR,RB_vs_WR,Khalil Herbert,Jalen Tolbert,7608,8117,976,1050,-74,13.2,93.2,-80
2024,RB,WR,RB_vs_WR,Khalil Herbert,Marvin Mims,7608,9494,976,988,-12,13.2,73.4,-60.2
2024,RB,WR,RB_vs_WR,Khalil Herbert,Rashod Bateman,7608,7571,976,970,6,13.2,116,-102.8
2024,RB,WR,RB_vs_WR,Khalil Herbert,Jalen McMillan,7608,11618,976,903,73,13.2,84.4,-71.2
2024,RB,WR,RB_vs_WR,Khalil Herbert,Greg Dortch,7608,5970,976,902,74,13.2,35.9,-22.7
2024,RB,WR,RB_vs_WR,Khalil Herbert,Jermaine Burton,7608,11640,976,860,116,13.2,10.7,2.5
2024,RB,WR,RB_vs_WR,Khalil Herbert,Ricky Pearsall,7608,11638,976,798,178,13.2,49.6,-36.4
2024,RB,WR,RB_vs_WR,Braelon Allen,Wan'Dale Robinson,11576,8126,938,1116,-178,63.9,85.4,-21.5
2024,RB,WR,RB_vs_WR,Braelon Allen,Jalen Tolbert,11576,8117,938,1050,-112,63.9,93.2,-29.3
2024,RB,WR,RB_vs_WR,Braelon Allen,Marvin Mims,11576,9494,938,988,-50,63.9,73.4,-9.5
2024,RB,WR,RB_vs_WR,Braelon Allen,Rashod Bateman,11576,7571,938,970,-32,63.9,116,-52.1
2024,RB,WR,RB_vs_WR,Braelon Allen,Jalen McMillan,11576,11618,938,903,35,63.9,84.4,-20.5
2024,RB,WR,RB_vs_WR,Braelon Allen,Greg Dortch,11576,5970,938,902,36,63.9,35.9,28
2024,RB,WR,RB_vs_WR,Braelon Allen,Jermaine Burton,11576,11640,938,860,78,63.9,10.7,53.2
2024,RB,WR,RB_vs_WR,Braelon Allen,Ricky Pearsall,11576,11638,938,798,140,63.9,49.6,14.3
2024,RB,WR,RB_vs_WR,Braelon Allen,Luke McCaffrey,11576,11650,938,774,164,63.9,16.8,47.1
2024,RB,WR,RB_vs_WR,Braelon Allen,Andrei Iosivas,11576,10226,938,752,186,63.9,82.7,-18.8
2024,RB,WR,RB_vs_WR,Tank Bigsby,Marvin Mims,9225,9494,842,988,-146,111.8,73.4,38.4
2024,RB,WR,RB_vs_WR,Tank Bigsby,Rashod Bateman,9225,7571,842,970,-128,111.8,116,-4.2
2024,RB,WR,RB_vs_WR,Tank Bigsby,Jalen McMillan,9225,11618,842,903,-61,111.8,84.4,27.4
2024,RB,WR,RB_vs_WR,Tank Bigsby,Greg Dortch,9225,5970,842,902,-60,111.8,35.9,75.9
2024,RB,WR,RB_vs_WR,Tank Bigsby,Jermaine Burton,9225,11640,842,860,-18,111.8,10.7,101.1
2024,RB,WR,RB_vs_WR,Tank Bigsby,Ricky Pearsall,9225,11638,842,798,44,111.8,49.6,62.2
2024,RB,WR,RB_vs_WR,Tank Bigsby,Luke McCaffrey,9225,11650,842,774,68,111.8,16.8,95
2024,RB,WR,RB_vs_WR,Tank Bigsby,Andrei Iosivas,9225,10226,842,752,90,111.8,82.7,29.1
2024,RB,WR,RB_vs_WR,Tank Bigsby,Dyami Brown,9225,7587,842,722,120,111.8,35,76.8
2024,RB,WR,RB_vs_WR,Tank Bigsby,Tyler Boyd,9225,3225,842,707,135,111.8,39.3,72.5
2024,RB,WR,RB_vs_WR,Tank Bigsby,Malachi Corley,9225,11617,842,676,166,111.8,2.2,109.6
2024,RB,WR,RB_vs_WR,Tank Bigsby,Troy Franklin,9225,11627,842,653,189,111.8,37.9,73.9
2024,RB,WR,RB_vs_WR,Samaje Perine,Marvin Mims,4147,9494,821,988,-167,52,73.4,-21.4
2024,RB,WR,RB_vs_WR,Samaje Perine,Rashod Bateman,4147,7571,821,970,-149,52,116,-64
2024,RB,WR,RB_vs_WR,Samaje Perine,Jalen McMillan,4147,11618,821,903,-82,52,84.4,-32.4
2024,RB,WR,RB_vs_WR,Samaje Perine,Greg Dortch,4147,5970,821,902,-81,52,35.9,16.1
2024,RB,WR,RB_vs_WR,Samaje Perine,Jermaine Burton,4147,11640,821,860,-39,52,10.7,41.3
2024,RB,WR,RB_vs_WR,Samaje Perine,Ricky Pearsall,4147,11638,821,798,23,52,49.6,2.4
2024,RB,WR,RB_vs_WR,Samaje Perine,Luke McCaffrey,4147,11650,821,774,47,52,16.8,35.2
2024,RB,WR,RB_vs_WR,Samaje Perine,Andrei Iosivas,4147,10226,821,752,69,52,82.7,-30.7
2024,RB,WR,RB_vs_WR,Samaje Perine,Dyami Brown,4147,7587,821,722,99,52,35,17
2024,RB,WR,RB_vs_WR,Samaje Perine,Tyler Boyd,4147,3225,821,707,114,52,39.3,12.7
2024,RB,WR,RB_vs_WR,Samaje Perine,Malachi Corley,4147,11617,821,676,145,52,2.2,49.8
2024,RB,WR,RB_vs_WR,Samaje Perine,Troy Franklin,4147,11627,821,653,168,52,37.9,14.1
2024,RB,WR,RB_vs_WR,Samaje Perine,Malik Washington,4147,11610,821,622,199,52,24,28
2024,RB,WR,RB_vs_WR,Roschon Johnson,Rashod Bateman,10235,7571,773,970,-197,59.5,116,-56.5
2024,RB,WR,RB_vs_WR,Roschon Johnson,Jalen McMillan,10235,11618,773,903,-130,59.5,84.4,-24.9
2024,RB,WR,RB_vs_WR,Roschon Johnson,Greg Dortch,10235,5970,773,902,-129,59.5,35.9,23.6
2024,RB,WR,RB_vs_WR,Roschon Johnson,Jermaine Burton,10235,11640,773,860,-87,59.5,10.7,48.8
2024,RB,WR,RB_vs_WR,Roschon Johnson,Ricky Pearsall,10235,11638,773,798,-25,59.5,49.6,9.9
2024,RB,WR,RB_vs_WR,Roschon Johnson,Luke McCaffrey,10235,11650,773,774,-1,59.5,16.8,42.7
2024,RB,WR,RB_vs_WR,Roschon Johnson,Andrei Iosivas,10235,10226,773,752,21,59.5,82.7,-23.2
2024,RB,WR,RB_vs_WR,Roschon Johnson,Dyami Brown,10235,7587,773,722,51,59.5,35,24.5
2024,RB,WR,RB_vs_WR,Roschon Johnson,Tyler Boyd,10235,3225,773,707,66,59.5,39.3,20.2
2024,RB,WR,RB_vs_WR,Roschon Johnson,Malachi Corley,10235,11617,773,676,97,59.5,2.2,57.3
2024,RB,WR,RB_vs_WR,Roschon Johnson,Troy Franklin,10235,11627,773,653,120,59.5,37.9,21.6
2024,RB,WR,RB_vs_WR,Roschon Johnson,Malik Washington,10235,11610,773,622,151,59.5,24,35.5
2024,RB,WR,RB_vs_WR,Roschon Johnson,Darius Slayton,10235,6149,773,590,183,59.5,71,-11.5
2024,RB,WR,RB_vs_WR,Audric Estime,Jalen McMillan,11579,11618,737,903,-166,34.3,84.4,-50.1
2024,RB,WR,RB_vs_WR,Audric Estime,Greg Dortch,11579,5970,737,902,-165,34.3,35.9,-1.6
2024,RB,WR,RB_vs_WR,Audric Estime,Jermaine Burton,11579,11640,737,860,-123,34.3,10.7,23.6
2024,RB,WR,RB_vs_WR,Audric Estime,Ricky Pearsall,11579,11638,737,798,-61,34.3,49.6,-15.3
2024,RB,WR,RB_vs_WR,Audric Estime,Luke McCaffrey,11579,11650,737,774,-37,34.3,16.8,17.5
2024,RB,WR,RB_vs_WR,Audric Estime,Andrei Iosivas,11579,10226,737,752,-15,34.3,82.7,-48.4
2024,RB,WR,RB_vs_WR,Audric Estime,Dyami Brown,11579,7587,737,722,15,34.3,35,-0.7
2024,RB,WR,RB_vs_WR,Audric Estime,Tyler Boyd,11579,3225,737,707,30,34.3,39.3,-5
2024,RB,WR,RB_vs_WR,Audric Estime,Malachi Corley,11579,11617,737,676,61,34.3,2.2,32.1
2024,RB,WR,RB_vs_WR,Audric Estime,Troy Franklin,11579,11627,737,653,84,34.3,37.9,-3.6
2024,RB,WR,RB_vs_WR,Audric Estime,Malik Washington,11579,11610,737,622,115,34.3,24,10.3
2024,RB,WR,RB_vs_WR,Audric Estime,Darius Slayton,11579,6149,737,590,147,34.3,71,-36.7
2024,RB,WR,RB_vs_WR,Audric Estime,Noah Brown,11579,4234,737,543,194,34.3,51.3,-17
2024,RB,WR,RB_vs_WR,Kendre Miller,Ricky Pearsall,9757,11638,656,798,-142,24.1,49.6,-25.5
2024,RB,WR,RB_vs_WR,Kendre Miller,Luke McCaffrey,9757,11650,656,774,-118,24.1,16.8,7.3
2024,RB,WR,RB_vs_WR,Kendre Miller,Andrei Iosivas,9757,10226,656,752,-96,24.1,82.7,-58.6
2024,RB,WR,RB_vs_WR,Kendre Miller,Dyami Brown,9757,7587,656,722,-66,24.1,35,-10.9
2024,RB,WR,RB_vs_WR,Kendre Miller,Tyler Boyd,9757,3225,656,707,-51,24.1,39.3,-15.2
2024,RB,WR,RB_vs_WR,Kendre Miller,Malachi Corley,9757,11617,656,676,-20,24.1,2.2,21.9
2024,RB,WR,RB_vs_WR,Kendre Miller,Troy Franklin,9757,11627,656,653,3,24.1,37.9,-13.8
2024,RB,WR,RB_vs_WR,Kendre Miller,Malik Washington,9757,11610,656,622,34,24.1,24,0.1
2024,RB,WR,RB_vs_WR,Kendre Miller,Darius Slayton,9757,6149,656,590,66,24.1,71,-46.9
2024,RB,WR,RB_vs_WR,Kendre Miller,Noah Brown,9757,4234,656,543,113,24.1,51.3,-27.2
2024,RB,WR,RB_vs_WR,Kendre Miller,Jalen Nailor,9757,8180,656,530,126,24.1,69.7,-45.6
2024,RB,WR,RB_vs_WR,Kendre Miller,Josh Reynolds,9757,4171,656,517,139,24.1,24.3,-0.2
2024,RB,WR,RB_vs_WR,Kendre Miller,Jalin Hyatt,9757,9497,656,493,163,24.1,6.2,17.9
2024,RB,WR,RB_vs_WR,Kendre Miller,Tre Tucker,9757,10213,656,473,183,24.1,79.9,-55.8
2024,RB,WR,RB_vs_WR,Justice Hill,Ricky Pearsall,5995,11638,644,798,-154,85.1,49.6,35.5
2024,RB,WR,RB_vs_WR,Justice Hill,Luke McCaffrey,5995,11650,644,774,-130,85.1,16.8,68.3
2024,RB,WR,RB_vs_WR,Justice Hill,Andrei Iosivas,5995,10226,644,752,-108,85.1,82.7,2.4
2024,RB,WR,RB_vs_WR,Justice Hill,Dyami Brown,5995,7587,644,722,-78,85.1,35,50.1
2024,RB,WR,RB_vs_WR,Justice Hill,Tyler Boyd,5995,3225,644,707,-63,85.1,39.3,45.8
2024,RB,WR,RB_vs_WR,Justice Hill,Malachi Corley,5995,11617,644,676,-32,85.1,2.2,82.9
2024,RB,WR,RB_vs_WR,Justice Hill,Troy Franklin,5995,11627,644,653,-9,85.1,37.9,47.2
2024,RB,WR,RB_vs_WR,Justice Hill,Malik Washington,5995,11610,644,622,22,85.1,24,61.1
2024,RB,WR,RB_vs_WR,Justice Hill,Darius Slayton,5995,6149,644,590,54,85.1,71,14.1
2024,RB,WR,RB_vs_WR,Justice Hill,Noah Brown,5995,4234,644,543,101,85.1,51.3,33.8
2024,RB,WR,RB_vs_WR,Justice Hill,Jalen Nailor,5995,8180,644,530,114,85.1,69.7,15.4
2024,RB,WR,RB_vs_WR,Justice Hill,Josh Reynolds,5995,4171,644,517,127,85.1,24.3,60.8
2024,RB,WR,RB_vs_WR,Justice Hill,Jalin Hyatt,5995,9497,644,493,151,85.1,6.2,78.9
2024,RB,WR,RB_vs_WR,Justice Hill,Tre Tucker,5995,10213,644,473,171,85.1,79.9,5.2
2024,RB,WR,RB_vs_WR,Justice Hill,Elijah Moore,5995,7596,644,451,193,85.1,56.3,28.8
2024,RB,WR,RB_vs_WR,Alexander Mattison,Ricky Pearsall,5987,11638,603,798,-195,98.3,49.6,48.7
2024,RB,WR,RB_vs_WR,Alexander Mattison,Luke McCaffrey,5987,11650,603,774,-171,98.3,16.8,81.5
2024,RB,WR,RB_vs_WR,Alexander Mattison,Andrei Iosivas,5987,10226,603,752,-149,98.3,82.7,15.6
2024,RB,WR,RB_vs_WR,Alexander Mattison,Dyami Brown,5987,7587,603,722,-119,98.3,35,63.3
2024,RB,WR,RB_vs_WR,Alexander Mattison,Tyler Boyd,5987,3225,603,707,-104,98.3,39.3,59
2024,RB,WR,RB_vs_WR,Alexander Mattison,Malachi Corley,5987,11617,603,676,-73,98.3,2.2,96.1
2024,RB,WR,RB_vs_WR,Alexander Mattison,Troy Franklin,5987,11627,603,653,-50,98.3,37.9,60.4
2024,RB,WR,RB_vs_WR,Alexander Mattison,Malik Washington,5987,11610,603,622,-19,98.3,24,74.3
2024,RB,WR,RB_vs_WR,Alexander Mattison,Darius Slayton,5987,6149,603,590,13,98.3,71,27.3
2024,RB,WR,RB_vs_WR,Alexander Mattison,Noah Brown,5987,4234,603,543,60,98.3,51.3,47
2024,RB,WR,RB_vs_WR,Alexander Mattison,Jalen Nailor,5987,8180,603,530,73,98.3,69.7,28.6
2024,RB,WR,RB_vs_WR,Alexander Mattison,Josh Reynolds,5987,4171,603,517,86,98.3,24.3,74
2024,RB,WR,RB_vs_WR,Alexander Mattison,Jalin Hyatt,5987,9497,603,493,110,98.3,6.2,92.1
2024,RB,WR,RB_vs_WR,Alexander Mattison,Tre Tucker,5987,10213,603,473,130,98.3,79.9,18.4
2024,RB,WR,RB_vs_WR,Alexander Mattison,Elijah Moore,5987,7596,603,451,152,98.3,56.3,42
2024,RB,WR,RB_vs_WR,Alexander Mattison,Tim Patrick,5987,4351,603,436,167,98.3,57.9,40.4
2024,RB,WR,RB_vs_WR,Alexander Mattison,D.J. Chark,5987,4951,603,435,168,98.3,2.5,95.8
2024,RB,WR,RB_vs_WR,Alexander Mattison,Jauan Jennings,5987,7049,603,408,195,98.3,128.3,-30
2024,RB,WR,RB_vs_WR,Will Shipley,Luke McCaffrey,11577,11650,592,774,-182,5,16.8,-11.8
2024,RB,WR,RB_vs_WR,Will Shipley,Andrei Iosivas,11577,10226,592,752,-160,5,82.7,-77.7
2024,RB,WR,RB_vs_WR,Will Shipley,Dyami Brown,11577,7587,592,722,-130,5,35,-30
2024,RB,WR,RB_vs_WR,Will Shipley,Tyler Boyd,11577,3225,592,707,-115,5,39.3,-34.3
2024,RB,WR,RB_vs_WR,Will Shipley,Malachi Corley,11577,11617,592,676,-84,5,2.2,2.8
2024,RB,WR,RB_vs_WR,Will Shipley,Troy Franklin,11577,11627,592,653,-61,5,37.9,-32.9
2024,RB,WR,RB_vs_WR,Will Shipley,Malik Washington,11577,11610,592,622,-30,5,24,-19
2024,RB,WR,RB_vs_WR,Will Shipley,Darius Slayton,11577,6149,592,590,2,5,71,-66
2024,RB,WR,RB_vs_WR,Will Shipley,Noah Brown,11577,4234,592,543,49,5,51.3,-46.3
2024,RB,WR,RB_vs_WR,Will Shipley,Jalen Nailor,11577,8180,592,530,62,5,69.7,-64.7
2024,RB,WR,RB_vs_WR,Will Shipley,Josh Reynolds,11577,4171,592,517,75,5,24.3,-19.3
2024,RB,WR,RB_vs_WR,Will Shipley,Jalin Hyatt,11577,9497,592,493,99,5,6.2,-1.2
2024,RB,WR,RB_vs_WR,Will Shipley,Tre Tucker,11577,10213,592,473,119,5,79.9,-74.9
2024,RB,WR,RB_vs_WR,Will Shipley,Elijah Moore,11577,7596,592,451,141,5,56.3,-51.3
2024,RB,WR,RB_vs_WR,Will Shipley,Tim Patrick,11577,4351,592,436,156,5,57.9,-52.9
2024,RB,WR,RB_vs_WR,Will Shipley,D.J. Chark,11577,4951,592,435,157,5,2.5,2.5
2024,RB,WR,RB_vs_WR,Will Shipley,Jauan Jennings,11577,7049,592,408,184,5,128.3,-123.3
2024,RB,WR,RB_vs_WR,Will Shipley,Van Jefferson,11577,6853,592,393,199,5,37.8,-32.8
2024,RB,WR,RB_vs_WR,Dalvin Cook,Dyami Brown,4029,7587,541,722,-181,3,35,-32
2024,RB,WR,RB_vs_WR,Dalvin Cook,Tyler Boyd,4029,3225,541,707,-166,3,39.3,-36.3
2024,RB,WR,RB_vs_WR,Dalvin Cook,Malachi Corley,4029,11617,541,676,-135,3,2.2,0.8
2024,RB,WR,RB_vs_WR,Dalvin Cook,Troy Franklin,4029,11627,541,653,-112,3,37.9,-34.9
2024,RB,WR,RB_vs_WR,Dalvin Cook,Malik Washington,4029,11610,541,622,-81,3,24,-21
2024,RB,WR,RB_vs_WR,Dalvin Cook,Darius Slayton,4029,6149,541,590,-49,3,71,-68
2024,RB,WR,RB_vs_WR,Dalvin Cook,Noah Brown,4029,4234,541,543,-2,3,51.3,-48.3
2024,RB,WR,RB_vs_WR,Dalvin Cook,Jalen Nailor,4029,8180,541,530,11,3,69.7,-66.7
2024,RB,WR,RB_vs_WR,Dalvin Cook,Josh Reynolds,4029,4171,541,517,24,3,24.3,-21.3
2024,RB,WR,RB_vs_WR,Dalvin Cook,Jalin Hyatt,4029,9497,541,493,48,3,6.2,-3.2
2024,RB,WR,RB_vs_WR,Dalvin Cook,Tre Tucker,4029,10213,541,473,68,3,79.9,-76.9
2024,RB,WR,RB_vs_WR,Dalvin Cook,Elijah Moore,4029,7596,541,451,90,3,56.3,-53.3
2024,RB,WR,RB_vs_WR,Dalvin Cook,Tim Patrick,4029,4351,541,436,105,3,57.9,-54.9
2024,RB,WR,RB_vs_WR,Dalvin Cook,D.J. Chark,4029,4951,541,435,106,3,2.5,0.5
2024,RB,WR,RB_vs_WR,Dalvin Cook,Jauan Jennings,4029,7049,541,408,133,3,128.3,-125.3
2024,RB,WR,RB_vs_WR,Dalvin Cook,Van Jefferson,4029,6853,541,393,148,3,37.8,-34.8
2024,RB,WR,RB_vs_WR,Dalvin Cook,John Metchie,4029,8147,541,380,161,3,29,-26
2024,RB,WR,RB_vs_WR,Dalvin Cook,Devontez Walker,4029,11629,541,361,180,3,8.1,-5.1
2024,RB,WR,RB_vs_WR,Dalvin Cook,Kalif Raymond,4029,3634,541,356,185,3,38.4,-35.4
2024,RB,WR,RB_vs_WR,Dalvin Cook,Zay Jones,4029,4080,541,351,190,3,3.8,-0.8
2024,RB,WR,RB_vs_WR,Cam Akers,Dyami Brown,6938,7587,540,722,-182,72.3,35,37.3
2024,RB,WR,RB_vs_WR,Cam Akers,Tyler Boyd,6938,3225,540,707,-167,72.3,39.3,33
2024,RB,WR,RB_vs_WR,Cam Akers,Malachi Corley,6938,11617,540,676,-136,72.3,2.2,70.1
2024,RB,WR,RB_vs_WR,Cam Akers,Troy Franklin,6938,11627,540,653,-113,72.3,37.9,34.4
2024,RB,WR,RB_vs_WR,Cam Akers,Malik Washington,6938,11610,540,622,-82,72.3,24,48.3
2024,RB,WR,RB_vs_WR,Cam Akers,Darius Slayton,6938,6149,540,590,-50,72.3,71,1.3
2024,RB,WR,RB_vs_WR,Cam Akers,Noah Brown,6938,4234,540,543,-3,72.3,51.3,21
2024,RB,WR,RB_vs_WR,Cam Akers,Jalen Nailor,6938,8180,540,530,10,72.3,69.7,2.6
2024,RB,WR,RB_vs_WR,Cam Akers,Josh Reynolds,6938,4171,540,517,23,72.3,24.3,48
2024,RB,WR,RB_vs_WR,Cam Akers,Jalin Hyatt,6938,9497,540,493,47,72.3,6.2,66.1
2024,RB,WR,RB_vs_WR,Cam Akers,Tre Tucker,6938,10213,540,473,67,72.3,79.9,-7.6
2024,RB,WR,RB_vs_WR,Cam Akers,Elijah Moore,6938,7596,540,451,89,72.3,56.3,16
2024,RB,WR,RB_vs_WR,Cam Akers,Tim Patrick,6938,4351,540,436,104,72.3,57.9,14.4
2024,RB,WR,RB_vs_WR,Cam Akers,D.J. Chark,6938,4951,540,435,105,72.3,2.5,69.8
2024,RB,WR,RB_vs_WR,Cam Akers,Jauan Jennings,6938,7049,540,408,132,72.3,128.3,-56
2024,RB,WR,RB_vs_WR,Cam Akers,Van Jefferson,6938,6853,540,393,147,72.3,37.8,34.5
2024,RB,WR,RB_vs_WR,Cam Akers,John Metchie,6938,8147,540,380,160,72.3,29,43.3
2024,RB,WR,RB_vs_WR,Cam Akers,Devontez Walker,6938,11629,540,361,179,72.3,8.1,64.2
2024,RB,WR,RB_vs_WR,Cam Akers,Kalif Raymond,6938,3634,540,356,184,72.3,38.4,33.9
2024,RB,WR,RB_vs_WR,Cam Akers,Zay Jones,6938,4080,540,351,189,72.3,3.8,68.5
2024,RB,WR,RB_vs_WR,Keaton Mitchell,Malachi Corley,9511,11617,497,676,-179,4.8,2.2,2.6
2024,RB,WR,RB_vs_WR,Keaton Mitchell,Troy Franklin,9511,11627,497,653,-156,4.8,37.9,-33.1
2024,RB,WR,RB_vs_WR,Keaton Mitchell,Malik Washington,9511,11610,497,622,-125,4.8,24,-19.2
2024,RB,WR,RB_vs_WR,Keaton Mitchell,Darius Slayton,9511,6149,497,590,-93,4.8,71,-66.2
2024,RB,WR,RB_vs_WR,Keaton Mitchell,Noah Brown,9511,4234,497,543,-46,4.8,51.3,-46.5
2024,RB,WR,RB_vs_WR,Keaton Mitchell,Jalen Nailor,9511,8180,497,530,-33,4.8,69.7,-64.9
2024,RB,WR,RB_vs_WR,Keaton Mitchell,Josh Reynolds,9511,4171,497,517,-20,4.8,24.3,-19.5
2024,RB,WR,RB_vs_WR,Keaton Mitchell,Jalin Hyatt,9511,9497,497,493,4,4.8,6.2,-1.4
2024,RB,WR,RB_vs_WR,Keaton Mitchell,Tre Tucker,9511,10213,497,473,24,4.8,79.9,-75.1
2024,RB,WR,RB_vs_WR,Keaton Mitchell,Elijah Moore,9511,7596,497,451,46,4.8,56.3,-51.5
2024,RB,WR,RB_vs_WR,Keaton Mitchell,Tim Patrick,9511,4351,497,436,61,4.8,57.9,-53.1
2024,RB,WR,RB_vs_WR,Keaton Mitchell,D.J. Chark,9511,4951,497,435,62,4.8,2.5,2.3
2024,RB,WR,RB_vs_WR,Keaton Mitchell,Jauan Jennings,9511,7049,497,408,89,4.8,128.3,-123.5
2024,RB,WR,RB_vs_WR,Keaton Mitchell,Van Jefferson,9511,6853,497,393,104,4.8,37.8,-33
2024,RB,WR,RB_vs_WR,Keaton Mitchell,John Metchie,9511,8147,497,380,117,4.8,29,-24.2
2024,RB,WR,RB_vs_WR,Keaton Mitchell,Devontez Walker,9511,11629,497,361,136,4.8,8.1,-3.3
2024,RB,WR,RB_vs_WR,Keaton Mitchell,Kalif Raymond,9511,3634,497,356,141,4.8,38.4,-33.6
2024,RB,WR,RB_vs_WR,Keaton Mitchell,Zay Jones,9511,4080,497,351,146,4.8,3.8,1
2024,RB,WR,RB_vs_WR,Keaton Mitchell,Parker Washington,9511,9487,497,334,163,4.8,57.5,-52.7
2024,RB,WR,RB_vs_WR,Keaton Mitchell,Alec Pierce,9511,8142,497,333,164,4.8,112.7,-107.9
2024,RB,WR,RB_vs_WR,Keaton Mitchell,Kendrick Bourne,9511,4454,497,330,167,4.8,35.9,-31.1
2024,RB,WR,RB_vs_WR,Keaton Mitchell,JuJu Smith-Schuster,9511,4040,497,329,168,4.8,34.7,-29.9
2024,RB,WR,RB_vs_WR,Keaton Mitchell,Treylon Burks,9511,8135,497,305,192,4.8,3.5,1.3
2024,RB,WR,RB_vs_WR,Keaton Mitchell,Olamide Zaccheaus,9511,6271,497,305,192,4.8,62.3,-57.5
2024,RB,WR,RB_vs_WR,Dameon Pierce,Malachi Corley,8129,11617,495,676,-181,17.9,2.2,15.7
2024,RB,WR,RB_vs_WR,Dameon Pierce,Troy Franklin,8129,11627,495,653,-158,17.9,37.9,-20
2024,RB,WR,RB_vs_WR,Dameon Pierce,Malik Washington,8129,11610,495,622,-127,17.9,24,-6.1
2024,RB,WR,RB_vs_WR,Dameon Pierce,Darius Slayton,8129,6149,495,590,-95,17.9,71,-53.1
2024,RB,WR,RB_vs_WR,Dameon Pierce,Noah Brown,8129,4234,495,543,-48,17.9,51.3,-33.4
2024,RB,WR,RB_vs_WR,Dameon Pierce,Jalen Nailor,8129,8180,495,530,-35,17.9,69.7,-51.8
2024,RB,WR,RB_vs_WR,Dameon Pierce,Josh Reynolds,8129,4171,495,517,-22,17.9,24.3,-6.4
2024,RB,WR,RB_vs_WR,Dameon Pierce,Jalin Hyatt,8129,9497,495,493,2,17.9,6.2,11.7
2024,RB,WR,RB_vs_WR,Dameon Pierce,Tre Tucker,8129,10213,495,473,22,17.9,79.9,-62
2024,RB,WR,RB_vs_WR,Dameon Pierce,Elijah Moore,8129,7596,495,451,44,17.9,56.3,-38.4
2024,RB,WR,RB_vs_WR,Dameon Pierce,Tim Patrick,8129,4351,495,436,59,17.9,57.9,-40
2024,RB,WR,RB_vs_WR,Dameon Pierce,D.J. Chark,8129,4951,495,435,60,17.9,2.5,15.4
2024,RB,WR,RB_vs_WR,Dameon Pierce,Jauan Jennings,8129,7049,495,408,87,17.9,128.3,-110.4
2024,RB,WR,RB_vs_WR,Dameon Pierce,Van Jefferson,8129,6853,495,393,102,17.9,37.8,-19.9
2024,RB,WR,RB_vs_WR,Dameon Pierce,John Metchie,8129,8147,495,380,115,17.9,29,-11.1
2024,RB,WR,RB_vs_WR,Dameon Pierce,Devontez Walker,8129,11629,495,361,134,17.9,8.1,9.8
2024,RB,WR,RB_vs_WR,Dameon Pierce,Kalif Raymond,8129,3634,495,356,139,17.9,38.4,-20.5
2024,RB,WR,RB_vs_WR,Dameon Pierce,Zay Jones,8129,4080,495,351,144,17.9,3.8,14.1
2024,RB,WR,RB_vs_WR,Dameon Pierce,Parker Washington,8129,9487,495,334,161,17.9,57.5,-39.6
2024,RB,WR,RB_vs_WR,Dameon Pierce,Alec Pierce,8129,8142,495,333,162,17.9,112.7,-94.8
2024,RB,WR,RB_vs_WR,Dameon Pierce,Kendrick Bourne,8129,4454,495,330,165,17.9,35.9,-18
2024,RB,WR,RB_vs_WR,Dameon Pierce,JuJu Smith-Schuster,8129,4040,495,329,166,17.9,34.7,-16.8
2024,RB,WR,RB_vs_WR,Dameon Pierce,Treylon Burks,8129,8135,495,305,190,17.9,3.5,14.4
2024,RB,WR,RB_vs_WR,Dameon Pierce,Olamide Zaccheaus,8129,6271,495,305,190,17.9,62.3,-44.4
2024,RB,WR,RB_vs_WR,Jamaal Williams,Malik Washington,4149,11610,444,622,-178,25.9,24,1.9
2024,RB,WR,RB_vs_WR,Jamaal Williams,Darius Slayton,4149,6149,444,590,-146,25.9,71,-45.1
2024,RB,WR,RB_vs_WR,Jamaal Williams,Noah Brown,4149,4234,444,543,-99,25.9,51.3,-25.4
2024,RB,WR,RB_vs_WR,Jamaal Williams,Jalen Nailor,4149,8180,444,530,-86,25.9,69.7,-43.8
2024,RB,WR,RB_vs_WR,Jamaal Williams,Josh Reynolds,4149,4171,444,517,-73,25.9,24.3,1.6
2024,RB,WR,RB_vs_WR,Jamaal Williams,Jalin Hyatt,4149,9497,444,493,-49,25.9,6.2,19.7
2024,RB,WR,RB_vs_WR,Jamaal Williams,Tre Tucker,4149,10213,444,473,-29,25.9,79.9,-54
2024,RB,WR,RB_vs_WR,Jamaal Williams,Elijah Moore,4149,7596,444,451,-7,25.9,56.3,-30.4
2024,RB,WR,RB_vs_WR,Jamaal Williams,Tim Patrick,4149,4351,444,436,8,25.9,57.9,-32
2024,RB,WR,RB_vs_WR,Jamaal Williams,D.J. Chark,4149,4951,444,435,9,25.9,2.5,23.4
2024,RB,WR,RB_vs_WR,Jamaal Williams,Jauan Jennings,4149,7049,444,408,36,25.9,128.3,-102.4
2024,RB,WR,RB_vs_WR,Jamaal Williams,Van Jefferson,4149,6853,444,393,51,25.9,37.8,-11.9
2024,RB,WR,RB_vs_WR,Jamaal Williams,John Metchie,4149,8147,444,380,64,25.9,29,-3.1
2024,RB,WR,RB_vs_WR,Jamaal Williams,Devontez Walker,4149,11629,444,361,83,25.9,8.1,17.8
2024,RB,WR,RB_vs_WR,Jamaal Williams,Kalif Raymond,4149,3634,444,356,88,25.9,38.4,-12.5
2024,RB,WR,RB_vs_WR,Jamaal Williams,Zay Jones,4149,4080,444,351,93,25.9,3.8,22.1
2024,RB,WR,RB_vs_WR,Jamaal Williams,Parker Washington,4149,9487,444,334,110,25.9,57.5,-31.6
2024,RB,WR,RB_vs_WR,Jamaal Williams,Alec Pierce,4149,8142,444,333,111,25.9,112.7,-86.8
2024,RB,WR,RB_vs_WR,Jamaal Williams,Kendrick Bourne,4149,4454,444,330,114,25.9,35.9,-10
2024,RB,WR,RB_vs_WR,Jamaal Williams,JuJu Smith-Schuster,4149,4040,444,329,115,25.9,34.7,-8.8
2024,RB,WR,RB_vs_WR,Jamaal Williams,Treylon Burks,4149,8135,444,305,139,25.9,3.5,22.4
2024,RB,WR,RB_vs_WR,Jamaal Williams,Olamide Zaccheaus,4149,6271,444,305,139,25.9,62.3,-36.4
2024,RB,WR,RB_vs_WR,Jamaal Williams,Jonathan Mingo,4149,10225,444,286,158,25.9,12.8,13.1
2024,RB,WR,RB_vs_WR,Kenneth Gainwell,Malik Washington,7567,11610,435,622,-187,44.3,24,20.3
2024,RB,WR,RB_vs_WR,Kenneth Gainwell,Darius Slayton,7567,6149,435,590,-155,44.3,71,-26.7
2024,RB,WR,RB_vs_WR,Kenneth Gainwell,Noah Brown,7567,4234,435,543,-108,44.3,51.3,-7
2024,RB,WR,RB_vs_WR,Kenneth Gainwell,Jalen Nailor,7567,8180,435,530,-95,44.3,69.7,-25.4
2024,RB,WR,RB_vs_WR,Kenneth Gainwell,Josh Reynolds,7567,4171,435,517,-82,44.3,24.3,20
2024,RB,WR,RB_vs_WR,Kenneth Gainwell,Jalin Hyatt,7567,9497,435,493,-58,44.3,6.2,38.1
2024,RB,WR,RB_vs_WR,Kenneth Gainwell,Tre Tucker,7567,10213,435,473,-38,44.3,79.9,-35.6
2024,RB,WR,RB_vs_WR,Kenneth Gainwell,Elijah Moore,7567,7596,435,451,-16,44.3,56.3,-12
2024,RB,WR,RB_vs_WR,Kenneth Gainwell,Tim Patrick,7567,4351,435,436,-1,44.3,57.9,-13.6
2024,RB,WR,RB_vs_WR,Kenneth Gainwell,D.J. Chark,7567,4951,435,435,0,44.3,2.5,41.8
2024,RB,WR,RB_vs_WR,Kenneth Gainwell,Jauan Jennings,7567,7049,435,408,27,44.3,128.3,-84
2024,RB,WR,RB_vs_WR,Kenneth Gainwell,Van Jefferson,7567,6853,435,393,42,44.3,37.8,6.5
2024,RB,WR,RB_vs_WR,Kenneth Gainwell,John Metchie,7567,8147,435,380,55,44.3,29,15.3
2024,RB,WR,RB_vs_WR,Kenneth Gainwell,Devontez Walker,7567,11629,435,361,74,44.3,8.1,36.2
2024,RB,WR,RB_vs_WR,Kenneth Gainwell,Kalif Raymond,7567,3634,435,356,79,44.3,38.4,5.9
2024,RB,WR,RB_vs_WR,Kenneth Gainwell,Zay Jones,7567,4080,435,351,84,44.3,3.8,40.5
2024,RB,WR,RB_vs_WR,Kenneth Gainwell,Parker Washington,7567,9487,435,334,101,44.3,57.5,-13.2
2024,RB,WR,RB_vs_WR,Kenneth Gainwell,Alec Pierce,7567,8142,435,333,102,44.3,112.7,-68.4
2024,RB,WR,RB_vs_WR,Kenneth Gainwell,Kendrick Bourne,7567,4454,435,330,105,44.3,35.9,8.4
2024,RB,WR,RB_vs_WR,Kenneth Gainwell,JuJu Smith-Schuster,7567,4040,435,329,106,44.3,34.7,9.6
2024,RB,WR,RB_vs_WR,Kenneth Gainwell,Treylon Burks,7567,8135,435,305,130,44.3,3.5,40.8
2024,RB,WR,RB_vs_WR,Kenneth Gainwell,Olamide Zaccheaus,7567,6271,435,305,130,44.3,62.3,-18
2024,RB,WR,RB_vs_WR,Kenneth Gainwell,Jonathan Mingo,7567,10225,435,286,149,44.3,12.8,31.5
2024,RB,WR,RB_vs_WR,D'Onta Foreman,Darius Slayton,4111,6149,415,590,-175,23.1,71,-47.9
2024,RB,WR,RB_vs_WR,D'Onta Foreman,Noah Brown,4111,4234,415,543,-128,23.1,51.3,-28.2
2024,RB,WR,RB_vs_WR,D'Onta Foreman,Jalen Nailor,4111,8180,415,530,-115,23.1,69.7,-46.6
2024,RB,WR,RB_vs_WR,D'Onta Foreman,Josh Reynolds,4111,4171,415,517,-102,23.1,24.3,-1.2
2024,RB,WR,RB_vs_WR,D'Onta Foreman,Jalin Hyatt,4111,9497,415,493,-78,23.1,6.2,16.9
2024,RB,WR,RB_vs_WR,D'Onta Foreman,Tre Tucker,4111,10213,415,473,-58,23.1,79.9,-56.8
2024,RB,WR,RB_vs_WR,D'Onta Foreman,Elijah Moore,4111,7596,415,451,-36,23.1,56.3,-33.2
2024,RB,WR,RB_vs_WR,D'Onta Foreman,Tim Patrick,4111,4351,415,436,-21,23.1,57.9,-34.8
2024,RB,WR,RB_vs_WR,D'Onta Foreman,D.J. Chark,4111,4951,415,435,-20,23.1,2.5,20.6
2024,RB,WR,RB_vs_WR,D'Onta Foreman,Jauan Jennings,4111,7049,415,408,7,23.1,128.3,-105.2
2024,RB,WR,RB_vs_WR,D'Onta Foreman,Van Jefferson,4111,6853,415,393,22,23.1,37.8,-14.7
2024,RB,WR,RB_vs_WR,D'Onta Foreman,John Metchie,4111,8147,415,380,35,23.1,29,-5.9
2024,RB,WR,RB_vs_WR,D'Onta Foreman,Devontez Walker,4111,11629,415,361,54,23.1,8.1,15
2024,RB,WR,RB_vs_WR,D'Onta Foreman,Kalif Raymond,4111,3634,415,356,59,23.1,38.4,-15.3
2024,RB,WR,RB_vs_WR,D'Onta Foreman,Zay Jones,4111,4080,415,351,64,23.1,3.8,19.3
2024,RB,WR,RB_vs_WR,D'Onta Foreman,Parker Washington,4111,9487,415,334,81,23.1,57.5,-34.4
2024,RB,WR,RB_vs_WR,D'Onta Foreman,Alec Pierce,4111,8142,415,333,82,23.1,112.7,-89.6
2024,RB,WR,RB_vs_WR,D'Onta Foreman,Kendrick Bourne,4111,4454,415,330,85,23.1,35.9,-12.8
2024,RB,WR,RB_vs_WR,D'Onta Foreman,JuJu Smith-Schuster,4111,4040,415,329,86,23.1,34.7,-11.6
2024,RB,WR,RB_vs_WR,D'Onta Foreman,Treylon Burks,4111,8135,415,305,110,23.1,3.5,19.6
2024,RB,WR,RB_vs_WR,D'Onta Foreman,Olamide Zaccheaus,4111,6271,415,305,110,23.1,62.3,-39.2
2024,RB,WR,RB_vs_WR,D'Onta Foreman,Jonathan Mingo,4111,10225,415,286,129,23.1,12.8,10.3
2024,RB,WR,RB_vs_WR,Trey Sermon,Darius Slayton,7593,6149,394,590,-196,37.3,71,-33.7
2024,RB,WR,RB_vs_WR,Trey Sermon,Noah Brown,7593,4234,394,543,-149,37.3,51.3,-14
2024,RB,WR,RB_vs_WR,Trey Sermon,Jalen Nailor,7593,8180,394,530,-136,37.3,69.7,-32.4
2024,RB,WR,RB_vs_WR,Trey Sermon,Josh Reynolds,7593,4171,394,517,-123,37.3,24.3,13
2024,RB,WR,RB_vs_WR,Trey Sermon,Jalin Hyatt,7593,9497,394,493,-99,37.3,6.2,31.1
2024,RB,WR,RB_vs_WR,Trey Sermon,Tre Tucker,7593,10213,394,473,-79,37.3,79.9,-42.6
2024,RB,WR,RB_vs_WR,Trey Sermon,Elijah Moore,7593,7596,394,451,-57,37.3,56.3,-19
2024,RB,WR,RB_vs_WR,Trey Sermon,Tim Patrick,7593,4351,394,436,-42,37.3,57.9,-20.6
2024,RB,WR,RB_vs_WR,Trey Sermon,D.J. Chark,7593,4951,394,435,-41,37.3,2.5,34.8
2024,RB,WR,RB_vs_WR,Trey Sermon,Jauan Jennings,7593,7049,394,408,-14,37.3,128.3,-91
2024,RB,WR,RB_vs_WR,Trey Sermon,Van Jefferson,7593,6853,394,393,1,37.3,37.8,-0.5
2024,RB,WR,RB_vs_WR,Trey Sermon,John Metchie,7593,8147,394,380,14,37.3,29,8.3
2024,RB,WR,RB_vs_WR,Trey Sermon,Devontez Walker,7593,11629,394,361,33,37.3,8.1,29.2
2024,RB,WR,RB_vs_WR,Trey Sermon,Kalif Raymond,7593,3634,394,356,38,37.3,38.4,-1.1
2024,RB,WR,RB_vs_WR,Trey Sermon,Zay Jones,7593,4080,394,351,43,37.3,3.8,33.5
2024,RB,WR,RB_vs_WR,Trey Sermon,Parker Washington,7593,9487,394,334,60,37.3,57.5,-20.2
2024,RB,WR,RB_vs_WR,Trey Sermon,Alec Pierce,7593,8142,394,333,61,37.3,112.7,-75.4
2024,RB,WR,RB_vs_WR,Trey Sermon,Kendrick Bourne,7593,4454,394,330,64,37.3,35.9,1.4
2024,RB,WR,RB_vs_WR,Trey Sermon,JuJu Smith-Schuster,7593,4040,394,329,65,37.3,34.7,2.6
2024,RB,WR,RB_vs_WR,Trey Sermon,Treylon Burks,7593,8135,394,305,89,37.3,3.5,33.8
2024,RB,WR,RB_vs_WR,Trey Sermon,Olamide Zaccheaus,7593,6271,394,305,89,37.3,62.3,-25
2024,RB,WR,RB_vs_WR,Trey Sermon,Jonathan Mingo,7593,10225,394,286,108,37.3,12.8,24.5
2024,RB,WR,RB_vs_WR,Clyde Edwards-Helaire,Noah Brown,6820,4234,360,543,-183,3,51.3,-48.3
2024,RB,WR,RB_vs_WR,Clyde Edwards-Helaire,Jalen Nailor,6820,8180,360,530,-170,3,69.7,-66.7
2024,RB,WR,RB_vs_WR,Clyde Edwards-Helaire,Josh Reynolds,6820,4171,360,517,-157,3,24.3,-21.3
2024,RB,WR,RB_vs_WR,Clyde Edwards-Helaire,Jalin Hyatt,6820,9497,360,493,-133,3,6.2,-3.2
2024,RB,WR,RB_vs_WR,Clyde Edwards-Helaire,Tre Tucker,6820,10213,360,473,-113,3,79.9,-76.9
2024,RB,WR,RB_vs_WR,Clyde Edwards-Helaire,Elijah Moore,6820,7596,360,451,-91,3,56.3,-53.3
2024,RB,WR,RB_vs_WR,Clyde Edwards-Helaire,Tim Patrick,6820,4351,360,436,-76,3,57.9,-54.9
2024,RB,WR,RB_vs_WR,Clyde Edwards-Helaire,D.J. Chark,6820,4951,360,435,-75,3,2.5,0.5
2024,RB,WR,RB_vs_WR,Clyde Edwards-Helaire,Jauan Jennings,6820,7049,360,408,-48,3,128.3,-125.3
2024,RB,WR,RB_vs_WR,Clyde Edwards-Helaire,Van Jefferson,6820,6853,360,393,-33,3,37.8,-34.8
2024,RB,WR,RB_vs_WR,Clyde Edwards-Helaire,John Metchie,6820,8147,360,380,-20,3,29,-26
2024,RB,WR,RB_vs_WR,Clyde Edwards-Helaire,Devontez Walker,6820,11629,360,361,-1,3,8.1,-5.1
2024,RB,WR,RB_vs_WR,Clyde Edwards-Helaire,Kalif Raymond,6820,3634,360,356,4,3,38.4,-35.4
2024,RB,WR,RB_vs_WR,Clyde Edwards-Helaire,Zay Jones,6820,4080,360,351,9,3,3.8,-0.8
2024,RB,WR,RB_vs_WR,Clyde Edwards-Helaire,Parker Washington,6820,9487,360,334,26,3,57.5,-54.5
2024,RB,WR,RB_vs_WR,Clyde Edwards-Helaire,Alec Pierce,6820,8142,360,333,27,3,112.7,-109.7
2024,RB,WR,RB_vs_WR,Clyde Edwards-Helaire,Kendrick Bourne,6820,4454,360,330,30,3,35.9,-32.9
2024,RB,WR,RB_vs_WR,Clyde Edwards-Helaire,JuJu Smith-Schuster,6820,4040,360,329,31,3,34.7,-31.7
2024,RB,WR,RB_vs_WR,Clyde Edwards-Helaire,Treylon Burks,6820,8135,360,305,55,3,3.5,-0.5
2024,RB,WR,RB_vs_WR,Clyde Edwards-Helaire,Olamide Zaccheaus,6820,6271,360,305,55,3,62.3,-59.3
2024,RB,WR,RB_vs_WR,Clyde Edwards-Helaire,Jonathan Mingo,6820,10225,360,286,74,3,12.8,-9.8
2024,RB,WR,RB_vs_WR,Miles Sanders,Noah Brown,6151,4234,343,543,-200,29.7,51.3,-21.6
2024,RB,WR,RB_vs_WR,Miles Sanders,Jalen Nailor,6151,8180,343,530,-187,29.7,69.7,-40
2024,RB,WR,RB_vs_WR,Miles Sanders,Josh Reynolds,6151,4171,343,517,-174,29.7,24.3,5.4
2024,RB,WR,RB_vs_WR,Miles Sanders,Jalin Hyatt,6151,9497,343,493,-150,29.7,6.2,23.5
2024,RB,WR,RB_vs_WR,Miles Sanders,Tre Tucker,6151,10213,343,473,-130,29.7,79.9,-50.2
2024,RB,WR,RB_vs_WR,Miles Sanders,Elijah Moore,6151,7596,343,451,-108,29.7,56.3,-26.6
2024,RB,WR,RB_vs_WR,Miles Sanders,Tim Patrick,6151,4351,343,436,-93,29.7,57.9,-28.2
2024,RB,WR,RB_vs_WR,Miles Sanders,D.J. Chark,6151,4951,343,435,-92,29.7,2.5,27.2
2024,RB,WR,RB_vs_WR,Miles Sanders,Jauan Jennings,6151,7049,343,408,-65,29.7,128.3,-98.6
2024,RB,WR,RB_vs_WR,Miles Sanders,Van Jefferson,6151,6853,343,393,-50,29.7,37.8,-8.1
2024,RB,WR,RB_vs_WR,Miles Sanders,John Metchie,6151,8147,343,380,-37,29.7,29,0.7
2024,RB,WR,RB_vs_WR,Miles Sanders,Devontez Walker,6151,11629,343,361,-18,29.7,8.1,21.6
2024,RB,WR,RB_vs_WR,Miles Sanders,Kalif Raymond,6151,3634,343,356,-13,29.7,38.4,-8.7
2024,RB,WR,RB_vs_WR,Miles Sanders,Zay Jones,6151,4080,343,351,-8,29.7,3.8,25.9
2024,RB,WR,RB_vs_WR,Miles Sanders,Parker Washington,6151,9487,343,334,9,29.7,57.5,-27.8
2024,RB,WR,RB_vs_WR,Miles Sanders,Alec Pierce,6151,8142,343,333,10,29.7,112.7,-83
2024,RB,WR,RB_vs_WR,Miles Sanders,Kendrick Bourne,6151,4454,343,330,13,29.7,35.9,-6.2
2024,RB,WR,RB_vs_WR,Miles Sanders,JuJu Smith-Schuster,6151,4040,343,329,14,29.7,34.7,-5
2024,RB,WR,RB_vs_WR,Miles Sanders,Treylon Burks,6151,8135,343,305,38,29.7,3.5,26.2
2024,RB,WR,RB_vs_WR,Miles Sanders,Olamide Zaccheaus,6151,6271,343,305,38,29.7,62.3,-32.6
2024,RB,WR,RB_vs_WR,Miles Sanders,Jonathan Mingo,6151,10225,343,286,57,29.7,12.8,16.9
2024,RB,WR,RB_vs_WR,Eric Gray,Jalen Nailor,10223,8180,336,530,-194,6.3,69.7,-63.4
2024,RB,WR,RB_vs_WR,Eric Gray,Josh Reynolds,10223,4171,336,517,-181,6.3,24.3,-18
2024,RB,WR,RB_vs_WR,Eric Gray,Jalin Hyatt,10223,9497,336,493,-157,6.3,6.2,0.1
2024,RB,WR,RB_vs_WR,Eric Gray,Tre Tucker,10223,10213,336,473,-137,6.3,79.9,-73.6
2024,RB,WR,RB_vs_WR,Eric Gray,Elijah Moore,10223,7596,336,451,-115,6.3,56.3,-50
2024,RB,WR,RB_vs_WR,Eric Gray,Tim Patrick,10223,4351,336,436,-100,6.3,57.9,-51.6
2024,RB,WR,RB_vs_WR,Eric Gray,D.J. Chark,10223,4951,336,435,-99,6.3,2.5,3.8
2024,RB,WR,RB_vs_WR,Eric Gray,Jauan Jennings,10223,7049,336,408,-72,6.3,128.3,-122
2024,RB,WR,RB_vs_WR,Eric Gray,Van Jefferson,10223,6853,336,393,-57,6.3,37.8,-31.5
2024,RB,WR,RB_vs_WR,Eric Gray,John Metchie,10223,8147,336,380,-44,6.3,29,-22.7
2024,RB,WR,RB_vs_WR,Eric Gray,Devontez Walker,10223,11629,336,361,-25,6.3,8.1,-1.8
2024,RB,WR,RB_vs_WR,Eric Gray,Kalif Raymond,10223,3634,336,356,-20,6.3,38.4,-32.1
2024,RB,WR,RB_vs_WR,Eric Gray,Zay Jones,10223,4080,336,351,-15,6.3,3.8,2.5
2024,RB,WR,RB_vs_WR,Eric Gray,Parker Washington,10223,9487,336,334,2,6.3,57.5,-51.2
2024,RB,WR,RB_vs_WR,Eric Gray,Alec Pierce,10223,8142,336,333,3,6.3,112.7,-106.4
2024,RB,WR,RB_vs_WR,Eric Gray,Kendrick Bourne,10223,4454,336,330,6,6.3,35.9,-29.6
2024,RB,WR,RB_vs_WR,Eric Gray,JuJu Smith-Schuster,10223,4040,336,329,7,6.3,34.7,-28.4
2024,RB,WR,RB_vs_WR,Eric Gray,Treylon Burks,10223,8135,336,305,31,6.3,3.5,2.8
2024,RB,WR,RB_vs_WR,Eric Gray,Olamide Zaccheaus,10223,6271,336,305,31,6.3,62.3,-56
2024,RB,WR,RB_vs_WR,Eric Gray,Jonathan Mingo,10223,10225,336,286,50,6.3,12.8,-6.5
2024,RB,WR,RB_vs_WR,Emanuel Wilson,Josh Reynolds,11435,4171,319,517,-198,71.9,24.3,47.6
2024,RB,WR,RB_vs_WR,Emanuel Wilson,Jalin Hyatt,11435,9497,319,493,-174,71.9,6.2,65.7
2024,RB,WR,RB_vs_WR,Emanuel Wilson,Tre Tucker,11435,10213,319,473,-154,71.9,79.9,-8
2024,RB,WR,RB_vs_WR,Emanuel Wilson,Elijah Moore,11435,7596,319,451,-132,71.9,56.3,15.6
2024,RB,WR,RB_vs_WR,Emanuel Wilson,Tim Patrick,11435,4351,319,436,-117,71.9,57.9,14
2024,RB,WR,RB_vs_WR,Emanuel Wilson,D.J. Chark,11435,4951,319,435,-116,71.9,2.5,69.4
2024,RB,WR,RB_vs_WR,Emanuel Wilson,Jauan Jennings,11435,7049,319,408,-89,71.9,128.3,-56.4
2024,RB,WR,RB_vs_WR,Emanuel Wilson,Van Jefferson,11435,6853,319,393,-74,71.9,37.8,34.1
2024,RB,WR,RB_vs_WR,Emanuel Wilson,John Metchie,11435,8147,319,380,-61,71.9,29,42.9
2024,RB,WR,RB_vs_WR,Emanuel Wilson,Devontez Walker,11435,11629,319,361,-42,71.9,8.1,63.8
2024,RB,WR,RB_vs_WR,Emanuel Wilson,Kalif Raymond,11435,3634,319,356,-37,71.9,38.4,33.5
2024,RB,WR,RB_vs_WR,Emanuel Wilson,Zay Jones,11435,4080,319,351,-32,71.9,3.8,68.1
2024,RB,WR,RB_vs_WR,Emanuel Wilson,Parker Washington,11435,9487,319,334,-15,71.9,57.5,14.4
2024,RB,WR,RB_vs_WR,Emanuel Wilson,Alec Pierce,11435,8142,319,333,-14,71.9,112.7,-40.8
2024,RB,WR,RB_vs_WR,Emanuel Wilson,Kendrick Bourne,11435,4454,319,330,-11,71.9,35.9,36
2024,RB,WR,RB_vs_WR,Emanuel Wilson,JuJu Smith-Schuster,11435,4040,319,329,-10,71.9,34.7,37.2
2024,RB,WR,RB_vs_WR,Emanuel Wilson,Treylon Burks,11435,8135,319,305,14,71.9,3.5,68.4
2024,RB,WR,RB_vs_WR,Emanuel Wilson,Olamide Zaccheaus,11435,6271,319,305,14,71.9,62.3,9.6
2024,RB,WR,RB_vs_WR,Emanuel Wilson,Jonathan Mingo,11435,10225,319,286,33,71.9,12.8,59.1
2024,RB,WR,RB_vs_WR,Cordarrelle Patterson,Jalin Hyatt,1535,9497,315,493,-178,25.4,6.2,19.2
2024,RB,WR,RB_vs_WR,Cordarrelle Patterson,Tre Tucker,1535,10213,315,473,-158,25.4,79.9,-54.5
2024,RB,WR,RB_vs_WR,Cordarrelle Patterson,Elijah Moore,1535,7596,315,451,-136,25.4,56.3,-30.9
2024,RB,WR,RB_vs_WR,Cordarrelle Patterson,Tim Patrick,1535,4351,315,436,-121,25.4,57.9,-32.5
2024,RB,WR,RB_vs_WR,Cordarrelle Patterson,D.J. Chark,1535,4951,315,435,-120,25.4,2.5,22.9
2024,RB,WR,RB_vs_WR,Cordarrelle Patterson,Jauan Jennings,1535,7049,315,408,-93,25.4,128.3,-102.9
2024,RB,WR,RB_vs_WR,Cordarrelle Patterson,Van Jefferson,1535,6853,315,393,-78,25.4,37.8,-12.4
2024,RB,WR,RB_vs_WR,Cordarrelle Patterson,John Metchie,1535,8147,315,380,-65,25.4,29,-3.6
2024,RB,WR,RB_vs_WR,Cordarrelle Patterson,Devontez Walker,1535,11629,315,361,-46,25.4,8.1,17.3
2024,RB,WR,RB_vs_WR,Cordarrelle Patterson,Kalif Raymond,1535,3634,315,356,-41,25.4,38.4,-13
2024,RB,WR,RB_vs_WR,Cordarrelle Patterson,Zay Jones,1535,4080,315,351,-36,25.4,3.8,21.6
2024,RB,WR,RB_vs_WR,Cordarrelle Patterson,Parker Washington,1535,9487,315,334,-19,25.4,57.5,-32.1
2024,RB,WR,RB_vs_WR,Cordarrelle Patterson,Alec Pierce,1535,8142,315,333,-18,25.4,112.7,-87.3
2024,RB,WR,RB_vs_WR,Cordarrelle Patterson,Kendrick Bourne,1535,4454,315,330,-15,25.4,35.9,-10.5
2024,RB,WR,RB_vs_WR,Cordarrelle Patterson,JuJu Smith-Schuster,1535,4040,315,329,-14,25.4,34.7,-9.3
2024,RB,WR,RB_vs_WR,Cordarrelle Patterson,Treylon Burks,1535,8135,315,305,10,25.4,3.5,21.9
2024,RB,WR,RB_vs_WR,Cordarrelle Patterson,Olamide Zaccheaus,1535,6271,315,305,10,25.4,62.3,-36.9
2024,RB,WR,RB_vs_WR,Cordarrelle Patterson,Jonathan Mingo,1535,10225,315,286,29,25.4,12.8,12.6
2024,RB,WR,RB_vs_WR,Julius Chestnut,Tre Tucker,8254,10213,287,473,-186,10.2,79.9,-69.7
2024,RB,WR,RB_vs_WR,Julius Chestnut,Elijah Moore,8254,7596,287,451,-164,10.2,56.3,-46.1
2024,RB,WR,RB_vs_WR,Julius Chestnut,Tim Patrick,8254,4351,287,436,-149,10.2,57.9,-47.7
2024,RB,WR,RB_vs_WR,Julius Chestnut,D.J. Chark,8254,4951,287,435,-148,10.2,2.5,7.7
2024,RB,WR,RB_vs_WR,Julius Chestnut,Jauan Jennings,8254,7049,287,408,-121,10.2,128.3,-118.1
2024,RB,WR,RB_vs_WR,Julius Chestnut,Van Jefferson,8254,6853,287,393,-106,10.2,37.8,-27.6
2024,RB,WR,RB_vs_WR,Julius Chestnut,John Metchie,8254,8147,287,380,-93,10.2,29,-18.8
2024,RB,WR,RB_vs_WR,Julius Chestnut,Devontez Walker,8254,11629,287,361,-74,10.2,8.1,2.1
2024,RB,WR,RB_vs_WR,Julius Chestnut,Kalif Raymond,8254,3634,287,356,-69,10.2,38.4,-28.2
2024,RB,WR,RB_vs_WR,Julius Chestnut,Zay Jones,8254,4080,287,351,-64,10.2,3.8,6.4
2024,RB,WR,RB_vs_WR,Julius Chestnut,Parker Washington,8254,9487,287,334,-47,10.2,57.5,-47.3
2024,RB,WR,RB_vs_WR,Julius Chestnut,Alec Pierce,8254,8142,287,333,-46,10.2,112.7,-102.5
2024,RB,WR,RB_vs_WR,Julius Chestnut,Kendrick Bourne,8254,4454,287,330,-43,10.2,35.9,-25.7
2024,RB,WR,RB_vs_WR,Julius Chestnut,JuJu Smith-Schuster,8254,4040,287,329,-42,10.2,34.7,-24.5
2024,RB,WR,RB_vs_WR,Julius Chestnut,Treylon Burks,8254,8135,287,305,-18,10.2,3.5,6.7
2024,RB,WR,RB_vs_WR,Julius Chestnut,Olamide Zaccheaus,8254,6271,287,305,-18,10.2,62.3,-52.1
2024,RB,WR,RB_vs_WR,Julius Chestnut,Jonathan Mingo,8254,10225,287,286,1,10.2,12.8,-2.6
2024,RB,WR,RB_vs_WR,Kenny McIntosh,Tre Tucker,10216,10213,285,473,-188,14.5,79.9,-65.4
2024,RB,WR,RB_vs_WR,Kenny McIntosh,Elijah Moore,10216,7596,285,451,-166,14.5,56.3,-41.8
2024,RB,WR,RB_vs_WR,Kenny McIntosh,Tim Patrick,10216,4351,285,436,-151,14.5,57.9,-43.4
2024,RB,WR,RB_vs_WR,Kenny McIntosh,D.J. Chark,10216,4951,285,435,-150,14.5,2.5,12
2024,RB,WR,RB_vs_WR,Kenny McIntosh,Jauan Jennings,10216,7049,285,408,-123,14.5,128.3,-113.8
2024,RB,WR,RB_vs_WR,Kenny McIntosh,Van Jefferson,10216,6853,285,393,-108,14.5,37.8,-23.3
2024,RB,WR,RB_vs_WR,Kenny McIntosh,John Metchie,10216,8147,285,380,-95,14.5,29,-14.5
2024,RB,WR,RB_vs_WR,Kenny McIntosh,Devontez Walker,10216,11629,285,361,-76,14.5,8.1,6.4
2024,RB,WR,RB_vs_WR,Kenny McIntosh,Kalif Raymond,10216,3634,285,356,-71,14.5,38.4,-23.9
2024,RB,WR,RB_vs_WR,Kenny McIntosh,Zay Jones,10216,4080,285,351,-66,14.5,3.8,10.7
2024,RB,WR,RB_vs_WR,Kenny McIntosh,Parker Washington,10216,9487,285,334,-49,14.5,57.5,-43
2024,RB,WR,RB_vs_WR,Kenny McIntosh,Alec Pierce,10216,8142,285,333,-48,14.5,112.7,-98.2
2024,RB,WR,RB_vs_WR,Kenny McIntosh,Kendrick Bourne,10216,4454,285,330,-45,14.5,35.9,-21.4
2024,RB,WR,RB_vs_WR,Kenny McIntosh,JuJu Smith-Schuster,10216,4040,285,329,-44,14.5,34.7,-20.2
2024,RB,WR,RB_vs_WR,Kenny McIntosh,Treylon Burks,10216,8135,285,305,-20,14.5,3.5,11
2024,RB,WR,RB_vs_WR,Kenny McIntosh,Olamide Zaccheaus,10216,6271,285,305,-20,14.5,62.3,-47.8
2024,RB,WR,RB_vs_WR,Kenny McIntosh,Jonathan Mingo,10216,10225,285,286,-1,14.5,12.8,1.7
2024,RB,TE,RB_vs_TE,Saquon Barkley,Travis Kelce,4866,1466,6700,6726,-26,322.3,146.9,175.4
2024,RB,TE,RB_vs_TE,Jonathan Taylor,Trey McBride,6813,8130,5996,5866,130,202.7,178.3,24.4
2024,RB,TE,RB_vs_TE,Kyren Williams,Dalton Kincaid,8150,10236,5537,5574,-37,238.1,78.8,159.3
2024,RB,TE,RB_vs_TE,Kyren Williams,Mark Andrews,8150,5012,5537,5457,80,238.1,147.9,90.2
2024,RB,TE,RB_vs_TE,De'Von Achane,Mark Andrews,9226,5012,5302,5457,-155,203.8,147.9,55.9
2024,RB,TE,RB_vs_TE,Derrick Henry,Kyle Pitts,3198,7553,5013,4861,152,289.3,105.2,184.1
2024,RB,TE,RB_vs_TE,Isiah Pacheco,Kyle Pitts,8205,7553,4861,4861,0,44.9,105.2,-60.3
2024,RB,TE,RB_vs_TE,James Cook,Kyle Pitts,8138,7553,4713,4861,-148,225.9,105.2,120.7
2024,RB,TE,RB_vs_TE,Kenneth Walker III,George Kittle,8151,4217,4542,4385,157,135.2,193.9,-58.7
2024,RB,TE,RB_vs_TE,Rachaad White,George Kittle,8136,4217,4285,4385,-100,148.6,193.9,-45.3
2024,RB,TE,RB_vs_TE,Rachaad White,Evan Engram,8136,4066,4285,4332,-47,148.6,66,82.6
2024,RB,TE,RB_vs_TE,Alvin Kamara,Jake Ferguson,4035,8110,4047,3903,144,197.3,72.7,124.6
2024,RB,TE,RB_vs_TE,Joe Mixon,Jake Ferguson,4018,8110,3827,3903,-76,201.7,72.7,129
2024,RB,TE,RB_vs_TE,Joe Mixon,David Njoku,4018,4033,3827,3733,94,201.7,116.5,85.2
2024,RB,TE,RB_vs_TE,Joe Mixon,Brock Bowers,4018,11604,3827,3691,136,201.7,193.7,8
2024,RB,TE,RB_vs_TE,D'Andre Swift,David Njoku,6790,4033,3638,3733,-95,160,116.5,43.5
2024,RB,TE,RB_vs_TE,D'Andre Swift,Brock Bowers,6790,11604,3638,3691,-53,160,193.7,-33.7
2024,RB,TE,RB_vs_TE,D'Andre Swift,Dallas Goedert,6790,5022,3638,3515,123,160,75.1,84.9
2024,RB,TE,RB_vs_TE,James Conner,David Njoku,4137,4033,3638,3733,-95,206.8,116.5,90.3
2024,RB,TE,RB_vs_TE,James Conner,Brock Bowers,4137,11604,3638,3691,-53,206.8,193.7,13.1
2024,RB,TE,RB_vs_TE,James Conner,Dallas Goedert,4137,5022,3638,3515,123,206.8,75.1,131.7
2024,RB,TE,RB_vs_TE,Aaron Jones,David Njoku,4199,4033,3603,3733,-130,183.1,116.5,66.6
2024,RB,TE,RB_vs_TE,Aaron Jones,Brock Bowers,4199,11604,3603,3691,-88,183.1,193.7,-10.6
2024,RB,TE,RB_vs_TE,Aaron Jones,Dallas Goedert,4199,5022,3603,3515,88,183.1,75.1,108
2024,RB,TE,RB_vs_TE,David Montgomery,David Njoku,5892,4033,3570,3733,-163,185.7,116.5,69.2
2024,RB,TE,RB_vs_TE,David Montgomery,Brock Bowers,5892,11604,3570,3691,-121,185.7,193.7,-8
2024,RB,TE,RB_vs_TE,David Montgomery,Dallas Goedert,5892,5022,3570,3515,55,185.7,75.1,110.6
2024,RB,TE,RB_vs_TE,Najee Harris,Brock Bowers,7528,11604,3494,3691,-197,157,193.7,-36.7
2024,RB,TE,RB_vs_TE,Najee Harris,Dallas Goedert,7528,5022,3494,3515,-21,157,75.1,81.9
2024,RB,TE,RB_vs_TE,Rhamondre Stevenson,Dallas Goedert,7611,5022,3403,3515,-112,142.9,75.1,67.8
2024,RB,TE,RB_vs_TE,Rhamondre Stevenson,Dalton Schultz,7611,5001,3403,3232,171,142.9,87.3,55.6
2024,RB,TE,RB_vs_TE,Zamir White,Dallas Goedert,8139,5022,3355,3515,-160,23.3,75.1,-51.8
2024,RB,TE,RB_vs_TE,Zamir White,Dalton Schultz,8139,5001,3355,3232,123,23.3,87.3,-64
2024,RB,TE,RB_vs_TE,Raheem Mostert,Dallas Goedert,2749,5022,3324,3515,-191,51.9,75.1,-23.2
2024,RB,TE,RB_vs_TE,Raheem Mostert,Dalton Schultz,2749,5001,3324,3232,92,51.9,87.3,-35.4
2024,RB,TE,RB_vs_TE,Tony Pollard,Dalton Schultz,5967,5001,3247,3232,15,153.5,87.3,66.2
2024,RB,TE,RB_vs_TE,Javonte Williams,Dalton Schultz,7588,5001,3240,3232,8,98.1,87.3,10.8
2024,RB,TE,RB_vs_TE,Javonte Williams,T.J. Hockenson,7588,5844,3240,3044,196,98.1,64.1,34
2024,RB,TE,RB_vs_TE,Jaylen Warren,Dalton Schultz,8228,5001,3200,3232,-32,84,87.3,-3.3
2024,RB,TE,RB_vs_TE,Jaylen Warren,T.J. Hockenson,8228,5844,3200,3044,156,84,64.1,19.9
2024,RB,TE,RB_vs_TE,Jaylen Warren,Pat Freiermuth,8228,7600,3200,3032,168,84,117.3,-33.3
2024,RB,TE,RB_vs_TE,Brian Robinson,Dalton Schultz,8154,5001,3060,3232,-172,138.2,87.3,50.9
2024,RB,TE,RB_vs_TE,Brian Robinson,T.J. Hockenson,8154,5844,3060,3044,16,138.2,64.1,74.1
2024,RB,TE,RB_vs_TE,Brian Robinson,Pat Freiermuth,8154,7600,3060,3032,28,138.2,117.3,20.9
2024,RB,TE,RB_vs_TE,Brian Robinson,Cole Kmet,8154,6826,3060,2970,90,138.2,95.6,42.6
2024,RB,TE,RB_vs_TE,Devin Singletary,T.J. Hockenson,6130,5844,3001,3044,-43,73.9,64.1,9.8
2024,RB,TE,RB_vs_TE,Devin Singletary,Pat Freiermuth,6130,7600,3001,3032,-31,73.9,117.3,-43.4
2024,RB,TE,RB_vs_TE,Devin Singletary,Cole Kmet,6130,6826,3001,2970,31,73.9,95.6,-21.7
2024,RB,TE,RB_vs_TE,Devin Singletary,Luke Musgrave,6130,9481,3001,2834,167,73.9,5.6,68.3
2024,RB,TE,RB_vs_TE,Devin Singletary,Taysom Hill,6130,4381,3001,2807,194,73.9,90.8,-16.9
2024,RB,TE,RB_vs_TE,Zack Moss,T.J. Hockenson,6845,5844,2906,3044,-138,58.9,64.1,-5.2
2024,RB,TE,RB_vs_TE,Zack Moss,Pat Freiermuth,6845,7600,2906,3032,-126,58.9,117.3,-58.4
2024,RB,TE,RB_vs_TE,Zack Moss,Cole Kmet,6845,6826,2906,2970,-64,58.9,95.6,-36.7
2024,RB,TE,RB_vs_TE,Zack Moss,Luke Musgrave,6845,9481,2906,2834,72,58.9,5.6,53.3
2024,RB,TE,RB_vs_TE,Zack Moss,Taysom Hill,6845,4381,2906,2807,99,58.9,90.8,-31.9
2024,RB,TE,RB_vs_TE,Jerome Ford,T.J. Hockenson,8143,5844,2849,3044,-195,97,64.1,32.9
2024,RB,TE,RB_vs_TE,Jerome Ford,Pat Freiermuth,8143,7600,2849,3032,-183,97,117.3,-20.3
2024,RB,TE,RB_vs_TE,Jerome Ford,Cole Kmet,8143,6826,2849,2970,-121,97,95.6,1.4
2024,RB,TE,RB_vs_TE,Jerome Ford,Luke Musgrave,8143,9481,2849,2834,15,97,5.6,91.4
2024,RB,TE,RB_vs_TE,Jerome Ford,Taysom Hill,8143,4381,2849,2807,42,97,90.8,6.2
2024,RB,TE,RB_vs_TE,Jerome Ford,Tyler Conklin,8143,5133,2849,2663,186,97,87.8,9.2
2024,RB,TE,RB_vs_TE,Jonathon Brooks,Cole Kmet,11583,6826,2792,2970,-178,4.5,95.6,-91.1
2024,RB,TE,RB_vs_TE,Jonathon Brooks,Luke Musgrave,11583,9481,2792,2834,-42,4.5,5.6,-1.1
2024,RB,TE,RB_vs_TE,Jonathon Brooks,Taysom Hill,11583,4381,2792,2807,-15,4.5,90.8,-86.3
2024,RB,TE,RB_vs_TE,Jonathon Brooks,Tyler Conklin,11583,5133,2792,2663,129,4.5,87.8,-83.3
2024,RB,TE,RB_vs_TE,Chase Brown,Luke Musgrave,9224,9481,2706,2834,-128,201,5.6,195.4
2024,RB,TE,RB_vs_TE,Chase Brown,Taysom Hill,9224,4381,2706,2807,-101,201,90.8,110.2
2024,RB,TE,RB_vs_TE,Chase Brown,Tyler Conklin,9224,5133,2706,2663,43,201,87.8,113.2
2024,RB,TE,RB_vs_TE,Tyjae Spears,Tyler Conklin,9508,5133,2497,2663,-166,83.6,87.8,-4.2
2024,RB,TE,RB_vs_TE,Tyjae Spears,Hunter Henry,9508,3214,2497,2348,149,83.6,112.4,-28.8
2024,RB,TE,RB_vs_TE,Austin Ekeler,Tyler Conklin,4663,5133,2487,2663,-176,94.1,87.8,6.3
2024,RB,TE,RB_vs_TE,Austin Ekeler,Hunter Henry,4663,3214,2487,2348,139,94.1,112.4,-18.3
2024,RB,TE,RB_vs_TE,Blake Corum,Hunter Henry,11586,3214,2352,2348,4,24.3,112.4,-88.1
2024,RB,TE,RB_vs_TE,Blake Corum,Isaiah Likely,11586,8131,2352,2268,84,24.3,97.4,-73.1
2024,RB,TE,RB_vs_TE,Blake Corum,Cade Otton,11586,8111,2352,2168,184,24.3,111.1,-86.8
2024,RB,TE,RB_vs_TE,Rico Dowdle,Hunter Henry,7021,3214,2226,2348,-122,144.4,112.4,32
2024,RB,TE,RB_vs_TE,Rico Dowdle,Isaiah Likely,7021,8131,2226,2268,-42,144.4,97.4,47
2024,RB,TE,RB_vs_TE,Rico Dowdle,Cade Otton,7021,8111,2226,2168,58,144.4,111.1,33.3
2024,RB,TE,RB_vs_TE,Rico Dowdle,Jonnu Smith,7021,4144,2226,2067,159,144.4,164.2,-19.8
2024,RB,TE,RB_vs_TE,Rico Dowdle,Noah Fant,7021,5857,2226,2046,180,144.4,65.2,79.2
2024,RB,TE,RB_vs_TE,Gus Edwards,Hunter Henry,5248,3214,2170,2348,-178,61.1,112.4,-51.3
2024,RB,TE,RB_vs_TE,Gus Edwards,Isaiah Likely,5248,8131,2170,2268,-98,61.1,97.4,-36.3
2024,RB,TE,RB_vs_TE,Gus Edwards,Cade Otton,5248,8111,2170,2168,2,61.1,111.1,-50
2024,RB,TE,RB_vs_TE,Gus Edwards,Jonnu Smith,5248,4144,2170,2067,103,61.1,164.2,-103.1
2024,RB,TE,RB_vs_TE,Gus Edwards,Noah Fant,5248,5857,2170,2046,124,61.1,65.2,-4.1
2024,RB,TE,RB_vs_TE,Trey Benson,Cade Otton,11589,8111,1981,2168,-187,41,111.1,-70.1
2024,RB,TE,RB_vs_TE,Trey Benson,Jonnu Smith,11589,4144,1981,2067,-86,41,164.2,-123.2
2024,RB,TE,RB_vs_TE,Trey Benson,Noah Fant,11589,5857,1981,2046,-65,41,65.2,-24.2
2024,RB,TE,RB_vs_TE,Trey Benson,Juwan Johnson,11589,7002,1981,1795,186,41,86.8,-45.8
2024,RB,TE,RB_vs_TE,Ezekiel Elliott,Jonnu Smith,3164,4144,1953,2067,-114,45.5,164.2,-118.7
2024,RB,TE,RB_vs_TE,Ezekiel Elliott,Noah Fant,3164,5857,1953,2046,-93,45.5,65.2,-19.7
2024,RB,TE,RB_vs_TE,Ezekiel Elliott,Juwan Johnson,3164,7002,1953,1795,158,45.5,86.8,-41.3
2024,RB,TE,RB_vs_TE,Nick Chubb,Jonnu Smith,4988,4144,1879,2067,-188,58.3,164.2,-105.9
2024,RB,TE,RB_vs_TE,Nick Chubb,Noah Fant,4988,5857,1879,2046,-167,58.3,65.2,-6.9
2024,RB,TE,RB_vs_TE,Nick Chubb,Juwan Johnson,4988,7002,1879,1795,84,58.3,86.8,-28.5
2024,RB,TE,RB_vs_TE,Nick Chubb,Ben Sinnott,4988,11596,1879,1730,149,58.3,11.3,47
2024,RB,TE,RB_vs_TE,Chuba Hubbard,Noah Fant,7594,5857,1855,2046,-191,198.6,65.2,133.4
2024,RB,TE,RB_vs_TE,Chuba Hubbard,Juwan Johnson,7594,7002,1855,1795,60,198.6,86.8,111.8
2024,RB,TE,RB_vs_TE,Chuba Hubbard,Ben Sinnott,7594,11596,1855,1730,125,198.6,11.3,187.3
2024,RB,TE,RB_vs_TE,Chuba Hubbard,Chigoziem Okonkwo,7594,8210,1855,1664,191,198.6,87.6,111
2024,RB,TE,RB_vs_TE,Ty Chandler,Juwan Johnson,8230,7002,1769,1795,-26,22.4,86.8,-64.4
2024,RB,TE,RB_vs_TE,Ty Chandler,Ben Sinnott,8230,11596,1769,1730,39,22.4,11.3,11.1
2024,RB,TE,RB_vs_TE,Ty Chandler,Chigoziem Okonkwo,8230,8210,1769,1664,105,22.4,87.6,-65.2
2024,RB,TE,RB_vs_TE,J.K. Dobbins,Juwan Johnson,6806,7002,1676,1795,-119,152.3,86.8,65.5
2024,RB,TE,RB_vs_TE,J.K. Dobbins,Ben Sinnott,6806,11596,1676,1730,-54,152.3,11.3,141
2024,RB,TE,RB_vs_TE,J.K. Dobbins,Chigoziem Okonkwo,6806,8210,1676,1664,12,152.3,87.6,64.7
2024,RB,TE,RB_vs_TE,J.K. Dobbins,Colby Parkinson,6806,6865,1676,1497,179,152.3,49.3,103
2024,RB,TE,RB_vs_TE,Tyler Allgeier,Juwan Johnson,8132,7002,1616,1795,-179,86.3,86.8,-0.5
2024,RB,TE,RB_vs_TE,Tyler Allgeier,Ben Sinnott,8132,11596,1616,1730,-114,86.3,11.3,75
2024,RB,TE,RB_vs_TE,Tyler Allgeier,Chigoziem Okonkwo,8132,8210,1616,1664,-48,86.3,87.6,-1.3
2024,RB,TE,RB_vs_TE,Tyler Allgeier,Colby Parkinson,8132,6865,1616,1497,119,86.3,49.3,37
2024,RB,TE,RB_vs_TE,Tyler Allgeier,Greg Dulcich,8132,8172,1616,1468,148,86.3,5.3,81
2024,RB,TE,RB_vs_TE,Tyler Allgeier,Mike Gesicki,8132,4993,1616,1416,200,86.3,98.2,-11.9
2024,RB,TE,RB_vs_TE,Zach Charbonnet,Chigoziem Okonkwo,9753,8210,1528,1664,-136,135.8,87.6,48.2
2024,RB,TE,RB_vs_TE,Zach Charbonnet,Colby Parkinson,9753,6865,1528,1497,31,135.8,49.3,86.5
2024,RB,TE,RB_vs_TE,Zach Charbonnet,Greg Dulcich,9753,8172,1528,1468,60,135.8,5.3,130.5
2024,RB,TE,RB_vs_TE,Zach Charbonnet,Mike Gesicki,9753,4993,1528,1416,112,135.8,98.2,37.6
2024,RB,TE,RB_vs_TE,Jaleel McLaughlin,Colby Parkinson,11439,6865,1442,1497,-55,68.4,49.3,19.1
2024,RB,TE,RB_vs_TE,Jaleel McLaughlin,Greg Dulcich,11439,8172,1442,1468,-26,68.4,5.3,63.1
2024,RB,TE,RB_vs_TE,Jaleel McLaughlin,Mike Gesicki,11439,4993,1442,1416,26,68.4,98.2,-29.8
2024,RB,TE,RB_vs_TE,Jaleel McLaughlin,Zach Ertz,11439,1339,1442,1327,115,68.4,131.5,-63.1
2024,RB,TE,RB_vs_TE,Jaleel McLaughlin,Tucker Kraft,11439,9484,1442,1289,153,68.4,132.7,-64.3
2024,RB,TE,RB_vs_TE,Jaylen Wright,Colby Parkinson,11643,6865,1406,1497,-91,24.1,49.3,-25.2
2024,RB,TE,RB_vs_TE,Jaylen Wright,Greg Dulcich,11643,8172,1406,1468,-62,24.1,5.3,18.8
2024,RB,TE,RB_vs_TE,Jaylen Wright,Mike Gesicki,11643,4993,1406,1416,-10,24.1,98.2,-74.1
2024,RB,TE,RB_vs_TE,Jaylen Wright,Zach Ertz,11643,1339,1406,1327,79,24.1,131.5,-107.4
2024,RB,TE,RB_vs_TE,Jaylen Wright,Tucker Kraft,11643,9484,1406,1289,117,24.1,132.7,-108.6
2024,RB,TE,RB_vs_TE,Jaylen Wright,Hayden Hurst,11643,4973,1406,1207,199,24.1,11.3,12.8
2024,RB,TE,RB_vs_TE,Bucky Irving,Colby Parkinson,11584,6865,1310,1497,-187,183,49.3,133.7
2024,RB,TE,RB_vs_TE,Bucky Irving,Greg Dulcich,11584,8172,1310,1468,-158,183,5.3,177.7
2024,RB,TE,RB_vs_TE,Bucky Irving,Mike Gesicki,11584,4993,1310,1416,-106,183,98.2,84.8
2024,RB,TE,RB_vs_TE,Bucky Irving,Zach Ertz,11584,1339,1310,1327,-17,183,131.5,51.5
2024,RB,TE,RB_vs_TE,Bucky Irving,Tucker Kraft,11584,9484,1310,1289,21,183,132.7,50.3
2024,RB,TE,RB_vs_TE,Bucky Irving,Hayden Hurst,11584,4973,1310,1207,103,183,11.3,171.7
2024,RB,TE,RB_vs_TE,Bucky Irving,Theo Johnson,11584,11597,1310,1162,148,183,53.6,129.4
2024,RB,TE,RB_vs_TE,Bucky Irving,Dawson Knox,11584,5906,1310,1117,193,183,48.1,134.9
2024,RB,TE,RB_vs_TE,Antonio Gibson,Greg Dulcich,6945,8172,1286,1468,-182,74.3,5.3,69
2024,RB,TE,RB_vs_TE,Antonio Gibson,Mike Gesicki,6945,4993,1286,1416,-130,74.3,98.2,-23.9
2024,RB,TE,RB_vs_TE,Antonio Gibson,Zach Ertz,6945,1339,1286,1327,-41,74.3,131.5,-57.2
2024,RB,TE,RB_vs_TE,Antonio Gibson,Tucker Kraft,6945,9484,1286,1289,-3,74.3,132.7,-58.4
2024,RB,TE,RB_vs_TE,Antonio Gibson,Hayden Hurst,6945,4973,1286,1207,79,74.3,11.3,63
2024,RB,TE,RB_vs_TE,Antonio Gibson,Theo Johnson,6945,11597,1286,1162,124,74.3,53.6,20.7
2024,RB,TE,RB_vs_TE,Antonio Gibson,Dawson Knox,6945,5906,1286,1117,169,74.3,48.1,26.2
2024,RB,TE,RB_vs_TE,Ray Davis,Mike Gesicki,11575,4993,1216,1416,-200,86.6,98.2,-11.6
2024,RB,TE,RB_vs_TE,Ray Davis,Zach Ertz,11575,1339,1216,1327,-111,86.6,131.5,-44.9
2024,RB,TE,RB_vs_TE,Ray Davis,Tucker Kraft,11575,9484,1216,1289,-73,86.6,132.7,-46.1
2024,RB,TE,RB_vs_TE,Ray Davis,Hayden Hurst,11575,4973,1216,1207,9,86.6,11.3,75.3
2024,RB,TE,RB_vs_TE,Ray Davis,Theo Johnson,11575,11597,1216,1162,54,86.6,53.6,33
2024,RB,TE,RB_vs_TE,Ray Davis,Dawson Knox,11575,5906,1216,1117,99,86.6,48.1,38.5
2024,RB,TE,RB_vs_TE,Ray Davis,Ja'Tavion Sanders,11575,11600,1216,1076,140,86.6,51.7,34.9
2024,RB,TE,RB_vs_TE,Ray Davis,Michael Mayer,11575,9482,1216,1041,175,86.6,22,64.6
2024,RB,TE,RB_vs_TE,Jordan Mason,Zach Ertz,8408,1339,1152,1327,-175,104,131.5,-27.5
2024,RB,TE,RB_vs_TE,Jordan Mason,Tucker Kraft,8408,9484,1152,1289,-137,104,132.7,-28.7
2024,RB,TE,RB_vs_TE,Jordan Mason,Hayden Hurst,8408,4973,1152,1207,-55,104,11.3,92.7
2024,RB,TE,RB_vs_TE,Jordan Mason,Theo Johnson,8408,11597,1152,1162,-10,104,53.6,50.4
2024,RB,TE,RB_vs_TE,Jordan Mason,Dawson Knox,8408,5906,1152,1117,35,104,48.1,55.9
2024,RB,TE,RB_vs_TE,Jordan Mason,Ja'Tavion Sanders,8408,11600,1152,1076,76,104,51.7,52.3
2024,RB,TE,RB_vs_TE,Jordan Mason,Michael Mayer,8408,9482,1152,1041,111,104,22,82
2024,RB,TE,RB_vs_TE,MarShawn Lloyd,Hayden Hurst,11581,4973,1032,1207,-175,1.8,11.3,-9.5
2024,RB,TE,RB_vs_TE,MarShawn Lloyd,Theo Johnson,11581,11597,1032,1162,-130,1.8,53.6,-51.8
2024,RB,TE,RB_vs_TE,MarShawn Lloyd,Dawson Knox,11581,5906,1032,1117,-85,1.8,48.1,-46.3
2024,RB,TE,RB_vs_TE,MarShawn Lloyd,Ja'Tavion Sanders,11581,11600,1032,1076,-44,1.8,51.7,-49.9
2024,RB,TE,RB_vs_TE,MarShawn Lloyd,Michael Mayer,11581,9482,1032,1041,-9,1.8,22,-20.2
2024,RB,TE,RB_vs_TE,MarShawn Lloyd,Gerald Everett,11581,4089,1032,948,84,1.8,7.6,-5.8
2024,RB,TE,RB_vs_TE,MarShawn Lloyd,Will Dissly,11581,5010,1032,923,109,1.8,72.4,-70.6
2024,RB,TE,RB_vs_TE,MarShawn Lloyd,Daniel Bellinger,11581,8225,1032,894,138,1.8,17.6,-15.8
2024,RB,TE,RB_vs_TE,MarShawn Lloyd,Kylen Granson,11581,7602,1032,838,194,1.8,24,-22.2
2024,RB,TE,RB_vs_TE,Khalil Herbert,Theo Johnson,7608,11597,976,1162,-186,13.2,53.6,-40.4
2024,RB,TE,RB_vs_TE,Khalil Herbert,Dawson Knox,7608,5906,976,1117,-141,13.2,48.1,-34.9
2024,RB,TE,RB_vs_TE,Khalil Herbert,Ja'Tavion Sanders,7608,11600,976,1076,-100,13.2,51.7,-38.5
2024,RB,TE,RB_vs_TE,Khalil Herbert,Michael Mayer,7608,9482,976,1041,-65,13.2,22,-8.8
2024,RB,TE,RB_vs_TE,Khalil Herbert,Gerald Everett,7608,4089,976,948,28,13.2,7.6,5.6
2024,RB,TE,RB_vs_TE,Khalil Herbert,Will Dissly,7608,5010,976,923,53,13.2,72.4,-59.2
2024,RB,TE,RB_vs_TE,Khalil Herbert,Daniel Bellinger,7608,8225,976,894,82,13.2,17.6,-4.4
2024,RB,TE,RB_vs_TE,Khalil Herbert,Kylen Granson,7608,7602,976,838,138,13.2,24,-10.8
2024,RB,TE,RB_vs_TE,Khalil Herbert,Noah Gray,7608,7828,976,789,187,13.2,93.1,-79.9
2024,RB,TE,RB_vs_TE,Khalil Herbert,Davis Allen,7608,10214,976,779,197,13.2,6.9,6.3
2024,RB,TE,RB_vs_TE,Braelon Allen,Dawson Knox,11576,5906,938,1117,-179,63.9,48.1,15.8
2024,RB,TE,RB_vs_TE,Braelon Allen,Ja'Tavion Sanders,11576,11600,938,1076,-138,63.9,51.7,12.2
2024,RB,TE,RB_vs_TE,Braelon Allen,Michael Mayer,11576,9482,938,1041,-103,63.9,22,41.9
2024,RB,TE,RB_vs_TE,Braelon Allen,Gerald Everett,11576,4089,938,948,-10,63.9,7.6,56.3
2024,RB,TE,RB_vs_TE,Braelon Allen,Will Dissly,11576,5010,938,923,15,63.9,72.4,-8.5
2024,RB,TE,RB_vs_TE,Braelon Allen,Daniel Bellinger,11576,8225,938,894,44,63.9,17.6,46.3
2024,RB,TE,RB_vs_TE,Braelon Allen,Kylen Granson,11576,7602,938,838,100,63.9,24,39.9
2024,RB,TE,RB_vs_TE,Braelon Allen,Noah Gray,11576,7828,938,789,149,63.9,93.1,-29.2
2024,RB,TE,RB_vs_TE,Braelon Allen,Davis Allen,11576,10214,938,779,159,63.9,6.9,57
2024,RB,TE,RB_vs_TE,Tank Bigsby,Michael Mayer,9225,9482,842,1041,-199,111.8,22,89.8
2024,RB,TE,RB_vs_TE,Tank Bigsby,Gerald Everett,9225,4089,842,948,-106,111.8,7.6,104.2
2024,RB,TE,RB_vs_TE,Tank Bigsby,Will Dissly,9225,5010,842,923,-81,111.8,72.4,39.4
2024,RB,TE,RB_vs_TE,Tank Bigsby,Daniel Bellinger,9225,8225,842,894,-52,111.8,17.6,94.2
2024,RB,TE,RB_vs_TE,Tank Bigsby,Kylen Granson,9225,7602,842,838,4,111.8,24,87.8
2024,RB,TE,RB_vs_TE,Tank Bigsby,Noah Gray,9225,7828,842,789,53,111.8,93.1,18.7
2024,RB,TE,RB_vs_TE,Tank Bigsby,Davis Allen,9225,10214,842,779,63,111.8,6.9,104.9
2024,RB,TE,RB_vs_TE,Tank Bigsby,Tyler Higbee,9225,3271,842,722,120,111.8,9.5,102.3
2024,RB,TE,RB_vs_TE,Tank Bigsby,Cade Stover,9225,11599,842,652,190,111.8,26.8,85
2024,RB,TE,RB_vs_TE,Samaje Perine,Gerald Everett,4147,4089,821,948,-127,52,7.6,44.4
2024,RB,TE,RB_vs_TE,Samaje Perine,Will Dissly,4147,5010,821,923,-102,52,72.4,-20.4
2024,RB,TE,RB_vs_TE,Samaje Perine,Daniel Bellinger,4147,8225,821,894,-73,52,17.6,34.4
2024,RB,TE,RB_vs_TE,Samaje Perine,Kylen Granson,4147,7602,821,838,-17,52,24,28
2024,RB,TE,RB_vs_TE,Samaje Perine,Noah Gray,4147,7828,821,789,32,52,93.1,-41.1
2024,RB,TE,RB_vs_TE,Samaje Perine,Davis Allen,4147,10214,821,779,42,52,6.9,45.1
2024,RB,TE,RB_vs_TE,Samaje Perine,Tyler Higbee,4147,3271,821,722,99,52,9.5,42.5
2024,RB,TE,RB_vs_TE,Samaje Perine,Cade Stover,4147,11599,821,652,169,52,26.8,25.2
2024,RB,TE,RB_vs_TE,Samaje Perine,Erick All,4147,11592,821,639,182,52,25.8,26.2
2024,RB,TE,RB_vs_TE,Roschon Johnson,Gerald Everett,10235,4089,773,948,-175,59.5,7.6,51.9
2024,RB,TE,RB_vs_TE,Roschon Johnson,Will Dissly,10235,5010,773,923,-150,59.5,72.4,-12.9
2024,RB,TE,RB_vs_TE,Roschon Johnson,Daniel Bellinger,10235,8225,773,894,-121,59.5,17.6,41.9
2024,RB,TE,RB_vs_TE,Roschon Johnson,Kylen Granson,10235,7602,773,838,-65,59.5,24,35.5
2024,RB,TE,RB_vs_TE,Roschon Johnson,Noah Gray,10235,7828,773,789,-16,59.5,93.1,-33.6
2024,RB,TE,RB_vs_TE,Roschon Johnson,Davis Allen,10235,10214,773,779,-6,59.5,6.9,52.6
2024,RB,TE,RB_vs_TE,Roschon Johnson,Tyler Higbee,10235,3271,773,722,51,59.5,9.5,50
2024,RB,TE,RB_vs_TE,Roschon Johnson,Cade Stover,10235,11599,773,652,121,59.5,26.8,32.7
2024,RB,TE,RB_vs_TE,Roschon Johnson,Erick All,10235,11592,773,639,134,59.5,25.8,33.7
2024,RB,TE,RB_vs_TE,Audric Estime,Will Dissly,11579,5010,737,923,-186,34.3,72.4,-38.1
2024,RB,TE,RB_vs_TE,Audric Estime,Daniel Bellinger,11579,8225,737,894,-157,34.3,17.6,16.7
2024,RB,TE,RB_vs_TE,Audric Estime,Kylen Granson,11579,7602,737,838,-101,34.3,24,10.3
2024,RB,TE,RB_vs_TE,Audric Estime,Noah Gray,11579,7828,737,789,-52,34.3,93.1,-58.8
2024,RB,TE,RB_vs_TE,Audric Estime,Davis Allen,11579,10214,737,779,-42,34.3,6.9,27.4
2024,RB,TE,RB_vs_TE,Audric Estime,Tyler Higbee,11579,3271,737,722,15,34.3,9.5,24.8
2024,RB,TE,RB_vs_TE,Audric Estime,Cade Stover,11579,11599,737,652,85,34.3,26.8,7.5
2024,RB,TE,RB_vs_TE,Audric Estime,Erick All,11579,11592,737,639,98,34.3,25.8,8.5
2024,RB,TE,RB_vs_TE,Audric Estime,Jared Wiley,11579,11595,737,551,186,34.3,1.2,33.1
2024,RB,TE,RB_vs_TE,Kendre Miller,Kylen Granson,9757,7602,656,838,-182,24.1,24,0.1
2024,RB,TE,RB_vs_TE,Kendre Miller,Noah Gray,9757,7828,656,789,-133,24.1,93.1,-69
2024,RB,TE,RB_vs_TE,Kendre Miller,Davis Allen,9757,10214,656,779,-123,24.1,6.9,17.2
2024,RB,TE,RB_vs_TE,Kendre Miller,Tyler Higbee,9757,3271,656,722,-66,24.1,9.5,14.6
2024,RB,TE,RB_vs_TE,Kendre Miller,Cade Stover,9757,11599,656,652,4,24.1,26.8,-2.7
2024,RB,TE,RB_vs_TE,Kendre Miller,Erick All,9757,11592,656,639,17,24.1,25.8,-1.7
2024,RB,TE,RB_vs_TE,Kendre Miller,Jared Wiley,9757,11595,656,551,105,24.1,1.2,22.9
2024,RB,TE,RB_vs_TE,Justice Hill,Kylen Granson,5995,7602,644,838,-194,85.1,24,61.1
2024,RB,TE,RB_vs_TE,Justice Hill,Noah Gray,5995,7828,644,789,-145,85.1,93.1,-8
2024,RB,TE,RB_vs_TE,Justice Hill,Davis Allen,5995,10214,644,779,-135,85.1,6.9,78.2
2024,RB,TE,RB_vs_TE,Justice Hill,Tyler Higbee,5995,3271,644,722,-78,85.1,9.5,75.6
2024,RB,TE,RB_vs_TE,Justice Hill,Cade Stover,5995,11599,644,652,-8,85.1,26.8,58.3
2024,RB,TE,RB_vs_TE,Justice Hill,Erick All,5995,11592,644,639,5,85.1,25.8,59.3
2024,RB,TE,RB_vs_TE,Justice Hill,Jared Wiley,5995,11595,644,551,93,85.1,1.2,83.9
2024,RB,TE,RB_vs_TE,Alexander Mattison,Noah Gray,5987,7828,603,789,-186,98.3,93.1,5.2
2024,RB,TE,RB_vs_TE,Alexander Mattison,Davis Allen,5987,10214,603,779,-176,98.3,6.9,91.4
2024,RB,TE,RB_vs_TE,Alexander Mattison,Tyler Higbee,5987,3271,603,722,-119,98.3,9.5,88.8
2024,RB,TE,RB_vs_TE,Alexander Mattison,Cade Stover,5987,11599,603,652,-49,98.3,26.8,71.5
2024,RB,TE,RB_vs_TE,Alexander Mattison,Erick All,5987,11592,603,639,-36,98.3,25.8,72.5
2024,RB,TE,RB_vs_TE,Alexander Mattison,Jared Wiley,5987,11595,603,551,52,98.3,1.2,97.1
2024,RB,TE,RB_vs_TE,Alexander Mattison,Mo Alie-Cox,5987,4054,603,441,162,98.3,26.7,71.6
2024,RB,TE,RB_vs_TE,Alexander Mattison,Ian Thomas,5987,4995,603,417,186,98.3,2.2,96.1
2024,RB,TE,RB_vs_TE,Will Shipley,Noah Gray,11577,7828,592,789,-197,5,93.1,-88.1
2024,RB,TE,RB_vs_TE,Will Shipley,Davis Allen,11577,10214,592,779,-187,5,6.9,-1.9
2024,RB,TE,RB_vs_TE,Will Shipley,Tyler Higbee,11577,3271,592,722,-130,5,9.5,-4.5
2024,RB,TE,RB_vs_TE,Will Shipley,Cade Stover,11577,11599,592,652,-60,5,26.8,-21.8
2024,RB,TE,RB_vs_TE,Will Shipley,Erick All,11577,11592,592,639,-47,5,25.8,-20.8
2024,RB,TE,RB_vs_TE,Will Shipley,Jared Wiley,11577,11595,592,551,41,5,1.2,3.8
2024,RB,TE,RB_vs_TE,Will Shipley,Mo Alie-Cox,11577,4054,592,441,151,5,26.7,-21.7
2024,RB,TE,RB_vs_TE,Will Shipley,Ian Thomas,11577,4995,592,417,175,5,2.2,2.8
2024,RB,TE,RB_vs_TE,Dalvin Cook,Tyler Higbee,4029,3271,541,722,-181,3,9.5,-6.5
2024,RB,TE,RB_vs_TE,Dalvin Cook,Cade Stover,4029,11599,541,652,-111,3,26.8,-23.8
2024,RB,TE,RB_vs_TE,Dalvin Cook,Erick All,4029,11592,541,639,-98,3,25.8,-22.8
2024,RB,TE,RB_vs_TE,Dalvin Cook,Jared Wiley,4029,11595,541,551,-10,3,1.2,1.8
2024,RB,TE,RB_vs_TE,Dalvin Cook,Mo Alie-Cox,4029,4054,541,441,100,3,26.7,-23.7
2024,RB,TE,RB_vs_TE,Dalvin Cook,Ian Thomas,4029,4995,541,417,124,3,2.2,0.8
2024,RB,TE,RB_vs_TE,Dalvin Cook,Darnell Washington,4029,9479,541,384,157,3,35.5,-32.5
2024,RB,TE,RB_vs_TE,Dalvin Cook,Josh Oliver,4029,5973,541,384,157,3,52.2,-49.2
2024,RB,TE,RB_vs_TE,Dalvin Cook,Tommy Tremble,4029,7694,541,371,170,3,34.9,-31.9
2024,RB,TE,RB_vs_TE,Cam Akers,Tyler Higbee,6938,3271,540,722,-182,72.3,9.5,62.8
2024,RB,TE,RB_vs_TE,Cam Akers,Cade Stover,6938,11599,540,652,-112,72.3,26.8,45.5
2024,RB,TE,RB_vs_TE,Cam Akers,Erick All,6938,11592,540,639,-99,72.3,25.8,46.5
2024,RB,TE,RB_vs_TE,Cam Akers,Jared Wiley,6938,11595,540,551,-11,72.3,1.2,71.1
2024,RB,TE,RB_vs_TE,Cam Akers,Mo Alie-Cox,6938,4054,540,441,99,72.3,26.7,45.6
2024,RB,TE,RB_vs_TE,Cam Akers,Ian Thomas,6938,4995,540,417,123,72.3,2.2,70.1
2024,RB,TE,RB_vs_TE,Cam Akers,Darnell Washington,6938,9479,540,384,156,72.3,35.5,36.8
2024,RB,TE,RB_vs_TE,Cam Akers,Josh Oliver,6938,5973,540,384,156,72.3,52.2,20.1
2024,RB,TE,RB_vs_TE,Cam Akers,Tommy Tremble,6938,7694,540,371,169,72.3,34.9,37.4
2024,RB,TE,RB_vs_TE,Keaton Mitchell,Cade Stover,9511,11599,497,652,-155,4.8,26.8,-22
2024,RB,TE,RB_vs_TE,Keaton Mitchell,Erick All,9511,11592,497,639,-142,4.8,25.8,-21
2024,RB,TE,RB_vs_TE,Keaton Mitchell,Jared Wiley,9511,11595,497,551,-54,4.8,1.2,3.6
2024,RB,TE,RB_vs_TE,Keaton Mitchell,Mo Alie-Cox,9511,4054,497,441,56,4.8,26.7,-21.9
2024,RB,TE,RB_vs_TE,Keaton Mitchell,Ian Thomas,9511,4995,497,417,80,4.8,2.2,2.6
2024,RB,TE,RB_vs_TE,Keaton Mitchell,Darnell Washington,9511,9479,497,384,113,4.8,35.5,-30.7
2024,RB,TE,RB_vs_TE,Keaton Mitchell,Josh Oliver,9511,5973,497,384,113,4.8,52.2,-47.4
2024,RB,TE,RB_vs_TE,Keaton Mitchell,Tommy Tremble,9511,7694,497,371,126,4.8,34.9,-30.1
2024,RB,TE,RB_vs_TE,Keaton Mitchell,Brenton Strange,9511,9480,497,331,166,4.8,63.1,-58.3
2024,RB,TE,RB_vs_TE,Keaton Mitchell,Brock Wright,9511,7891,497,331,166,4.8,28.5,-23.7
2024,RB,TE,RB_vs_TE,Dameon Pierce,Cade Stover,8129,11599,495,652,-157,17.9,26.8,-8.9
2024,RB,TE,RB_vs_TE,Dameon Pierce,Erick All,8129,11592,495,639,-144,17.9,25.8,-7.9
2024,RB,TE,RB_vs_TE,Dameon Pierce,Jared Wiley,8129,11595,495,551,-56,17.9,1.2,16.7
2024,RB,TE,RB_vs_TE,Dameon Pierce,Mo Alie-Cox,8129,4054,495,441,54,17.9,26.7,-8.8
2024,RB,TE,RB_vs_TE,Dameon Pierce,Ian Thomas,8129,4995,495,417,78,17.9,2.2,15.7
2024,RB,TE,RB_vs_TE,Dameon Pierce,Darnell Washington,8129,9479,495,384,111,17.9,35.5,-17.6
2024,RB,TE,RB_vs_TE,Dameon Pierce,Josh Oliver,8129,5973,495,384,111,17.9,52.2,-34.3
2024,RB,TE,RB_vs_TE,Dameon Pierce,Tommy Tremble,8129,7694,495,371,124,17.9,34.9,-17
2024,RB,TE,RB_vs_TE,Dameon Pierce,Brenton Strange,8129,9480,495,331,164,17.9,63.1,-45.2
2024,RB,TE,RB_vs_TE,Dameon Pierce,Brock Wright,8129,7891,495,331,164,17.9,28.5,-10.6
2024,RB,TE,RB_vs_TE,Jamaal Williams,Erick All,4149,11592,444,639,-195,25.9,25.8,0.1
2024,RB,TE,RB_vs_TE,Jamaal Williams,Jared Wiley,4149,11595,444,551,-107,25.9,1.2,24.7
2024,RB,TE,RB_vs_TE,Jamaal Williams,Mo Alie-Cox,4149,4054,444,441,3,25.9,26.7,-0.8
2024,RB,TE,RB_vs_TE,Jamaal Williams,Ian Thomas,4149,4995,444,417,27,25.9,2.2,23.7
2024,RB,TE,RB_vs_TE,Jamaal Williams,Darnell Washington,4149,9479,444,384,60,25.9,35.5,-9.6
2024,RB,TE,RB_vs_TE,Jamaal Williams,Josh Oliver,4149,5973,444,384,60,25.9,52.2,-26.3
2024,RB,TE,RB_vs_TE,Jamaal Williams,Tommy Tremble,4149,7694,444,371,73,25.9,34.9,-9
2024,RB,TE,RB_vs_TE,Jamaal Williams,Brenton Strange,4149,9480,444,331,113,25.9,63.1,-37.2
2024,RB,TE,RB_vs_TE,Jamaal Williams,Brock Wright,4149,7891,444,331,113,25.9,28.5,-2.6
2024,RB,TE,RB_vs_TE,Kenneth Gainwell,Jared Wiley,7567,11595,435,551,-116,44.3,1.2,43.1
2024,RB,TE,RB_vs_TE,Kenneth Gainwell,Mo Alie-Cox,7567,4054,435,441,-6,44.3,26.7,17.6
2024,RB,TE,RB_vs_TE,Kenneth Gainwell,Ian Thomas,7567,4995,435,417,18,44.3,2.2,42.1
2024,RB,TE,RB_vs_TE,Kenneth Gainwell,Darnell Washington,7567,9479,435,384,51,44.3,35.5,8.8
2024,RB,TE,RB_vs_TE,Kenneth Gainwell,Josh Oliver,7567,5973,435,384,51,44.3,52.2,-7.9
2024,RB,TE,RB_vs_TE,Kenneth Gainwell,Tommy Tremble,7567,7694,435,371,64,44.3,34.9,9.4
2024,RB,TE,RB_vs_TE,Kenneth Gainwell,Brenton Strange,7567,9480,435,331,104,44.3,63.1,-18.8
2024,RB,TE,RB_vs_TE,Kenneth Gainwell,Brock Wright,7567,7891,435,331,104,44.3,28.5,15.8
2024,RB,TE,RB_vs_TE,D'Onta Foreman,Jared Wiley,4111,11595,415,551,-136,23.1,1.2,21.9
2024,RB,TE,RB_vs_TE,D'Onta Foreman,Mo Alie-Cox,4111,4054,415,441,-26,23.1,26.7,-3.6
2024,RB,TE,RB_vs_TE,D'Onta Foreman,Ian Thomas,4111,4995,415,417,-2,23.1,2.2,20.9
2024,RB,TE,RB_vs_TE,D'Onta Foreman,Darnell Washington,4111,9479,415,384,31,23.1,35.5,-12.4
2024,RB,TE,RB_vs_TE,D'Onta Foreman,Josh Oliver,4111,5973,415,384,31,23.1,52.2,-29.1
2024,RB,TE,RB_vs_TE,D'Onta Foreman,Tommy Tremble,4111,7694,415,371,44,23.1,34.9,-11.8
2024,RB,TE,RB_vs_TE,D'Onta Foreman,Brenton Strange,4111,9480,415,331,84,23.1,63.1,-40
2024,RB,TE,RB_vs_TE,D'Onta Foreman,Brock Wright,4111,7891,415,331,84,23.1,28.5,-5.4
2024,RB,TE,RB_vs_TE,Trey Sermon,Jared Wiley,7593,11595,394,551,-157,37.3,1.2,36.1
2024,RB,TE,RB_vs_TE,Trey Sermon,Mo Alie-Cox,7593,4054,394,441,-47,37.3,26.7,10.6
2024,RB,TE,RB_vs_TE,Trey Sermon,Ian Thomas,7593,4995,394,417,-23,37.3,2.2,35.1
2024,RB,TE,RB_vs_TE,Trey Sermon,Darnell Washington,7593,9479,394,384,10,37.3,35.5,1.8
2024,RB,TE,RB_vs_TE,Trey Sermon,Josh Oliver,7593,5973,394,384,10,37.3,52.2,-14.9
2024,RB,TE,RB_vs_TE,Trey Sermon,Tommy Tremble,7593,7694,394,371,23,37.3,34.9,2.4
2024,RB,TE,RB_vs_TE,Trey Sermon,Brenton Strange,7593,9480,394,331,63,37.3,63.1,-25.8
2024,RB,TE,RB_vs_TE,Trey Sermon,Brock Wright,7593,7891,394,331,63,37.3,28.5,8.8
2024,RB,TE,RB_vs_TE,Clyde Edwards-Helaire,Jared Wiley,6820,11595,360,551,-191,3,1.2,1.8
2024,RB,TE,RB_vs_TE,Clyde Edwards-Helaire,Mo Alie-Cox,6820,4054,360,441,-81,3,26.7,-23.7
2024,RB,TE,RB_vs_TE,Clyde Edwards-Helaire,Ian Thomas,6820,4995,360,417,-57,3,2.2,0.8
2024,RB,TE,RB_vs_TE,Clyde Edwards-Helaire,Darnell Washington,6820,9479,360,384,-24,3,35.5,-32.5
2024,RB,TE,RB_vs_TE,Clyde Edwards-Helaire,Josh Oliver,6820,5973,360,384,-24,3,52.2,-49.2
2024,RB,TE,RB_vs_TE,Clyde Edwards-Helaire,Tommy Tremble,6820,7694,360,371,-11,3,34.9,-31.9
2024,RB,TE,RB_vs_TE,Clyde Edwards-Helaire,Brenton Strange,6820,9480,360,331,29,3,63.1,-60.1
2024,RB,TE,RB_vs_TE,Clyde Edwards-Helaire,Brock Wright,6820,7891,360,331,29,3,28.5,-25.5
2024,RB,TE,RB_vs_TE,Miles Sanders,Mo Alie-Cox,6151,4054,343,441,-98,29.7,26.7,3
2024,RB,TE,RB_vs_TE,Miles Sanders,Ian Thomas,6151,4995,343,417,-74,29.7,2.2,27.5
2024,RB,TE,RB_vs_TE,Miles Sanders,Darnell Washington,6151,9479,343,384,-41,29.7,35.5,-5.8
2024,RB,TE,RB_vs_TE,Miles Sanders,Josh Oliver,6151,5973,343,384,-41,29.7,52.2,-22.5
2024,RB,TE,RB_vs_TE,Miles Sanders,Tommy Tremble,6151,7694,343,371,-28,29.7,34.9,-5.2
2024,RB,TE,RB_vs_TE,Miles Sanders,Brenton Strange,6151,9480,343,331,12,29.7,63.1,-33.4
2024,RB,TE,RB_vs_TE,Miles Sanders,Brock Wright,6151,7891,343,331,12,29.7,28.5,1.2
2024,RB,TE,RB_vs_TE,Eric Gray,Mo Alie-Cox,10223,4054,336,441,-105,6.3,26.7,-20.4
2024,RB,TE,RB_vs_TE,Eric Gray,Ian Thomas,10223,4995,336,417,-81,6.3,2.2,4.1
2024,RB,TE,RB_vs_TE,Eric Gray,Darnell Washington,10223,9479,336,384,-48,6.3,35.5,-29.2
2024,RB,TE,RB_vs_TE,Eric Gray,Josh Oliver,10223,5973,336,384,-48,6.3,52.2,-45.9
2024,RB,TE,RB_vs_TE,Eric Gray,Tommy Tremble,10223,7694,336,371,-35,6.3,34.9,-28.6
2024,RB,TE,RB_vs_TE,Eric Gray,Brenton Strange,10223,9480,336,331,5,6.3,63.1,-56.8
2024,RB,TE,RB_vs_TE,Eric Gray,Brock Wright,10223,7891,336,331,5,6.3,28.5,-22.2
2024,RB,TE,RB_vs_TE,Emanuel Wilson,Mo Alie-Cox,11435,4054,319,441,-122,71.9,26.7,45.2
2024,RB,TE,RB_vs_TE,Emanuel Wilson,Ian Thomas,11435,4995,319,417,-98,71.9,2.2,69.7
2024,RB,TE,RB_vs_TE,Emanuel Wilson,Darnell Washington,11435,9479,319,384,-65,71.9,35.5,36.4
2024,RB,TE,RB_vs_TE,Emanuel Wilson,Josh Oliver,11435,5973,319,384,-65,71.9,52.2,19.7
2024,RB,TE,RB_vs_TE,Emanuel Wilson,Tommy Tremble,11435,7694,319,371,-52,71.9,34.9,37
2024,RB,TE,RB_vs_TE,Emanuel Wilson,Brenton Strange,11435,9480,319,331,-12,71.9,63.1,8.8
2024,RB,TE,RB_vs_TE,Emanuel Wilson,Brock Wright,11435,7891,319,331,-12,71.9,28.5,43.4
2024,RB,TE,RB_vs_TE,Cordarrelle Patterson,Mo Alie-Cox,1535,4054,315,441,-126,25.4,26.7,-1.3
2024,RB,TE,RB_vs_TE,Cordarrelle Patterson,Ian Thomas,1535,4995,315,417,-102,25.4,2.2,23.2
2024,RB,TE,RB_vs_TE,Cordarrelle Patterson,Darnell Washington,1535,9479,315,384,-69,25.4,35.5,-10.1
2024,RB,TE,RB_vs_TE,Cordarrelle Patterson,Josh Oliver,1535,5973,315,384,-69,25.4,52.2,-26.8
2024,RB,TE,RB_vs_TE,Cordarrelle Patterson,Tommy Tremble,1535,7694,315,371,-56,25.4,34.9,-9.5
2024,RB,TE,RB_vs_TE,Cordarrelle Patterson,Brenton Strange,1535,9480,315,331,-16,25.4,63.1,-37.7
2024,RB,TE,RB_vs_TE,Cordarrelle Patterson,Brock Wright,1535,7891,315,331,-16,25.4,28.5,-3.1
2024,RB,TE,RB_vs_TE,Julius Chestnut,Mo Alie-Cox,8254,4054,287,441,-154,10.2,26.7,-16.5
2024,RB,TE,RB_vs_TE,Julius Chestnut,Ian Thomas,8254,4995,287,417,-130,10.2,2.2,8
2024,RB,TE,RB_vs_TE,Julius Chestnut,Darnell Washington,8254,9479,287,384,-97,10.2,35.5,-25.3
2024,RB,TE,RB_vs_TE,Julius Chestnut,Josh Oliver,8254,5973,287,384,-97,10.2,52.2,-42
2024,RB,TE,RB_vs_TE,Julius Chestnut,Tommy Tremble,8254,7694,287,371,-84,10.2,34.9,-24.7
2024,RB,TE,RB_vs_TE,Julius Chestnut,Brenton Strange,8254,9480,287,331,-44,10.2,63.1,-52.9
2024,RB,TE,RB_vs_TE,Julius Chestnut,Brock Wright,8254,7891,287,331,-44,10.2,28.5,-18.3
2024,RB,TE,RB_vs_TE,Kenny McIntosh,Mo Alie-Cox,10216,4054,285,441,-156,14.5,26.7,-12.2
2024,RB,TE,RB_vs_TE,Kenny McIntosh,Ian Thomas,10216,4995,285,417,-132,14.5,2.2,12.3
2024,RB,TE,RB_vs_TE,Kenny McIntosh,Darnell Washington,10216,9479,285,384,-99,14.5,35.5,-21
2024,RB,TE,RB_vs_TE,Kenny McIntosh,Josh Oliver,10216,5973,285,384,-99,14.5,52.2,-37.7
2024,RB,TE,RB_vs_TE,Kenny McIntosh,Tommy Tremble,10216,7694,285,371,-86,14.5,34.9,-20.4
2024,RB,TE,RB_vs_TE,Kenny McIntosh,Brenton Strange,10216,9480,285,331,-46,14.5,63.1,-48.6
2024,RB,TE,RB_vs_TE,Kenny McIntosh,Brock Wright,10216,7891,285,331,-46,14.5,28.5,-14
2024,WR,TE,WR_vs_TE,Puka Nacua,Travis Kelce,9493,1466,6805,6726,79,127.6,146.9,-19.3
2024,WR,TE,WR_vs_TE,Marvin Harrison Jr.,Travis Kelce,11628,1466,6796,6726,70,122.2,146.9,-24.7
2024,WR,TE,WR_vs_TE,Drake London,Travis Kelce,8112,1466,6604,6726,-122,150.1,146.9,3.2
2024,WR,TE,WR_vs_TE,Nico Collins,Trey McBride,7569,8130,6043,5866,177,132.8,178.3,-45.5
2024,WR,TE,WR_vs_TE,Davante Adams,Trey McBride,2133,8130,5875,5866,9,141.5,178.3,-36.8
2024,WR,TE,WR_vs_TE,Deebo Samuel,Trey McBride,5872,8130,5829,5866,-37,102.6,178.3,-75.7
2024,WR,TE,WR_vs_TE,Chris Olave,Trey McBride,8144,8130,5747,5866,-119,44.7,178.3,-133.6
2024,WR,TE,WR_vs_TE,Chris Olave,Dalton Kincaid,8144,10236,5747,5574,173,44.7,78.8,-34.1
2024,WR,TE,WR_vs_TE,Jaylen Waddle,Trey McBride,7526,8130,5726,5866,-140,86.6,178.3,-91.7
2024,WR,TE,WR_vs_TE,Jaylen Waddle,Dalton Kincaid,7526,10236,5726,5574,152,86.6,78.8,7.8
2024,WR,TE,WR_vs_TE,Cooper Kupp,Dalton Kincaid,4039,10236,5618,5574,44,108,78.8,29.2
2024,WR,TE,WR_vs_TE,Cooper Kupp,Mark Andrews,4039,5012,5618,5457,161,108,147.9,-39.9
2024,WR,TE,WR_vs_TE,Brandon Aiyuk,Dalton Kincaid,6803,10236,5447,5574,-127,37.4,78.8,-41.4
2024,WR,TE,WR_vs_TE,Brandon Aiyuk,Mark Andrews,6803,5012,5447,5457,-10,37.4,147.9,-110.5
2024,WR,TE,WR_vs_TE,Malik Nabers,Mark Andrews,11632,5012,5334,5457,-123,152.2,147.9,4.3
2024,WR,TE,WR_vs_TE,D.J. Moore,Kyle Pitts,4983,7553,4968,4861,107,127,105.2,21.8
2024,WR,TE,WR_vs_TE,DeVonta Smith,Kyle Pitts,7525,7553,4930,4861,69,131.4,105.2,26.2
2024,WR,TE,WR_vs_TE,Stefon Diggs,Kyle Pitts,2449,7553,4834,4861,-27,74.9,105.2,-30.3
2024,WR,TE,WR_vs_TE,Mike Evans,Kyle Pitts,2216,7553,4761,4861,-100,157.5,105.2,52.3
2024,WR,TE,WR_vs_TE,Rashee Rice,Kyle Pitts,10229,7553,4737,4861,-124,40.9,105.2,-64.3
2024,WR,TE,WR_vs_TE,Tank Dell,Kyle Pitts,9502,7553,4687,4861,-174,89,105.2,-16.2
2024,WR,TE,WR_vs_TE,Zay Flowers,George Kittle,9997,4217,4543,4385,158,133.4,193.9,-60.5
2024,WR,TE,WR_vs_TE,George Pickens,Evan Engram,8137,4066,4181,4332,-151,105.4,66,39.4
2024,WR,TE,WR_vs_TE,Terry McLaurin,Evan Engram,5927,4066,4171,4332,-161,173.6,66,107.6
2024,WR,TE,WR_vs_TE,Calvin Ridley,Jake Ferguson,4981,8110,4049,3903,146,127.9,72.7,55.2
2024,WR,TE,WR_vs_TE,Chris Godwin,Jake Ferguson,4037,8110,4019,3903,116,87.8,72.7,15.1
2024,WR,TE,WR_vs_TE,Keenan Allen,Jake Ferguson,1479,8110,3947,3903,44,113.9,72.7,41.2
2024,WR,TE,WR_vs_TE,Xavier Worthy,Jake Ferguson,11624,8110,3943,3903,40,128.2,72.7,55.5
2024,WR,TE,WR_vs_TE,Jayden Reed,Jake Ferguson,10222,8110,3793,3903,-110,138.9,72.7,66.2
2024,WR,TE,WR_vs_TE,Jayden Reed,David Njoku,10222,4033,3793,3733,60,138.9,116.5,22.4
2024,WR,TE,WR_vs_TE,Jayden Reed,Brock Bowers,10222,11604,3793,3691,102,138.9,193.7,-54.8
2024,WR,TE,WR_vs_TE,Diontae Johnson,Brock Bowers,5937,11604,3531,3691,-160,54.9,193.7,-138.8
2024,WR,TE,WR_vs_TE,Diontae Johnson,Dallas Goedert,5937,5022,3531,3515,16,54.9,75.1,-20.2
2024,WR,TE,WR_vs_TE,Rome Odunze,Brock Bowers,11620,11604,3510,3691,-181,89.1,193.7,-104.6
2024,WR,TE,WR_vs_TE,Rome Odunze,Dallas Goedert,11620,5022,3510,3515,-5,89.1,75.1,14
2024,WR,TE,WR_vs_TE,Jaxon Smith-Njigba,Dallas Goedert,9488,5022,3473,3515,-42,151.7,75.1,76.6
2024,WR,TE,WR_vs_TE,Christian Watson,Dallas Goedert,8167,5022,3418,3515,-97,76.3,75.1,1.2
2024,WR,TE,WR_vs_TE,Christian Watson,Dalton Schultz,8167,5001,3418,3232,186,76.3,87.3,-11
2024,WR,TE,WR_vs_TE,DeAndre Hopkins,Dallas Goedert,1426,5022,3388,3515,-127,91,75.1,15.9
2024,WR,TE,WR_vs_TE,DeAndre Hopkins,Dalton Schultz,1426,5001,3388,3232,156,91,87.3,3.7
2024,WR,TE,WR_vs_TE,Jameson Williams,Dalton Schultz,8148,5001,3311,3232,79,150.8,87.3,63.5
2024,WR,TE,WR_vs_TE,Ladd McConkey,Dalton Schultz,11635,5001,3288,3232,56,147.4,87.3,60.1
2024,WR,TE,WR_vs_TE,Brian Thomas Jr.,Dalton Schultz,11631,5001,3251,3232,19,186.7,87.3,99.4
2024,WR,TE,WR_vs_TE,Courtland Sutton,Dalton Schultz,5045,5001,3172,3232,-60,143.5,87.3,56.2
2024,WR,TE,WR_vs_TE,Courtland Sutton,T.J. Hockenson,5045,5844,3172,3044,128,143.5,64.1,79.4
2024,WR,TE,WR_vs_TE,Courtland Sutton,Pat Freiermuth,5045,7600,3172,3032,140,143.5,117.3,26.2
2024,WR,TE,WR_vs_TE,Keon Coleman,Dalton Schultz,11637,5001,3070,3232,-162,78.5,87.3,-8.8
2024,WR,TE,WR_vs_TE,Keon Coleman,T.J. Hockenson,11637,5844,3070,3044,26,78.5,64.1,14.4
2024,WR,TE,WR_vs_TE,Keon Coleman,Pat Freiermuth,11637,7600,3070,3032,38,78.5,117.3,-38.8
2024,WR,TE,WR_vs_TE,Keon Coleman,Cole Kmet,11637,6826,3070,2970,100,78.5,95.6,-17.1
2024,WR,TE,WR_vs_TE,Marquise Brown,T.J. Hockenson,5848,5844,3001,3044,-43,9.1,64.1,-55
2024,WR,TE,WR_vs_TE,Marquise Brown,Pat Freiermuth,5848,7600,3001,3032,-31,9.1,117.3,-108.2
2024,WR,TE,WR_vs_TE,Marquise Brown,Cole Kmet,5848,6826,3001,2970,31,9.1,95.6,-86.5
2024,WR,TE,WR_vs_TE,Marquise Brown,Luke Musgrave,5848,9481,3001,2834,167,9.1,5.6,3.5
2024,WR,TE,WR_vs_TE,Marquise Brown,Taysom Hill,5848,4381,3001,2807,194,9.1,90.8,-81.7
2024,WR,TE,WR_vs_TE,Romeo Doubs,T.J. Hockenson,8121,5844,2912,3044,-132,86.1,64.1,22
2024,WR,TE,WR_vs_TE,Romeo Doubs,Pat Freiermuth,8121,7600,2912,3032,-120,86.1,117.3,-31.2
2024,WR,TE,WR_vs_TE,Romeo Doubs,Cole Kmet,8121,6826,2912,2970,-58,86.1,95.6,-9.5
2024,WR,TE,WR_vs_TE,Romeo Doubs,Luke Musgrave,8121,9481,2912,2834,78,86.1,5.6,80.5
2024,WR,TE,WR_vs_TE,Romeo Doubs,Taysom Hill,8121,4381,2912,2807,105,86.1,90.8,-4.7
2024,WR,TE,WR_vs_TE,Jordan Addison,Luke Musgrave,9756,9481,2758,2834,-76,149.5,5.6,143.9
2024,WR,TE,WR_vs_TE,Jordan Addison,Taysom Hill,9756,4381,2758,2807,-49,149.5,90.8,58.7
2024,WR,TE,WR_vs_TE,Jordan Addison,Tyler Conklin,9756,5133,2758,2663,95,149.5,87.8,61.7
2024,WR,TE,WR_vs_TE,Khalil Shakir,Tyler Conklin,8134,5133,2570,2663,-93,106.5,87.8,18.7
2024,WR,TE,WR_vs_TE,Curtis Samuel,Tyler Conklin,4082,5133,2538,2663,-125,27.5,87.8,-60.3
2024,WR,TE,WR_vs_TE,Curtis Samuel,Hunter Henry,4082,3214,2538,2348,190,27.5,112.4,-84.9
2024,WR,TE,WR_vs_TE,Jakobi Meyers,Hunter Henry,5947,3214,2427,2348,79,112.7,112.4,0.3
2024,WR,TE,WR_vs_TE,Jakobi Meyers,Isaiah Likely,5947,8131,2427,2268,159,112.7,97.4,15.3
2024,WR,TE,WR_vs_TE,Mike Williams,Hunter Henry,4068,3214,2311,2348,-37,33.3,112.4,-79.1
2024,WR,TE,WR_vs_TE,Mike Williams,Isaiah Likely,4068,8131,2311,2268,43,33.3,97.4,-64.1
2024,WR,TE,WR_vs_TE,Mike Williams,Cade Otton,4068,8111,2311,2168,143,33.3,111.1,-77.8
2024,WR,TE,WR_vs_TE,Rashid Shaheed,Hunter Henry,8676,3214,2280,2348,-68,59.8,112.4,-52.6
2024,WR,TE,WR_vs_TE,Rashid Shaheed,Isaiah Likely,8676,8131,2280,2268,12,59.8,97.4,-37.6
2024,WR,TE,WR_vs_TE,Rashid Shaheed,Cade Otton,8676,8111,2280,2168,112,59.8,111.1,-51.3
2024,WR,TE,WR_vs_TE,Tyler Lockett,Isaiah Likely,2374,8131,2085,2268,-183,69.2,97.4,-28.2
2024,WR,TE,WR_vs_TE,Tyler Lockett,Cade Otton,2374,8111,2085,2168,-83,69.2,111.1,-41.9
2024,WR,TE,WR_vs_TE,Tyler Lockett,Jonnu Smith,2374,4144,2085,2067,18,69.2,164.2,-95
2024,WR,TE,WR_vs_TE,Tyler Lockett,Noah Fant,2374,5857,2085,2046,39,69.2,65.2,4
2024,WR,TE,WR_vs_TE,Jerry Jeudy,Jonnu Smith,6783,4144,1946,2067,-121,144.6,164.2,-19.6
2024,WR,TE,WR_vs_TE,Jerry Jeudy,Noah Fant,6783,5857,1946,2046,-100,144.6,65.2,79.4
2024,WR,TE,WR_vs_TE,Jerry Jeudy,Juwan Johnson,6783,7002,1946,1795,151,144.6,86.8,57.8
2024,WR,TE,WR_vs_TE,Adonai Mitchell,Jonnu Smith,11625,4144,1892,2067,-175,30.8,164.2,-133.4
2024,WR,TE,WR_vs_TE,Adonai Mitchell,Noah Fant,11625,5857,1892,2046,-154,30.8,65.2,-34.4
2024,WR,TE,WR_vs_TE,Adonai Mitchell,Juwan Johnson,11625,7002,1892,1795,97,30.8,86.8,-56
2024,WR,TE,WR_vs_TE,Adonai Mitchell,Ben Sinnott,11625,11596,1892,1730,162,30.8,11.3,19.5
2024,WR,TE,WR_vs_TE,Dontayvion Wicks,Juwan Johnson,9486,7002,1820,1795,25,66.6,86.8,-20.2
2024,WR,TE,WR_vs_TE,Dontayvion Wicks,Ben Sinnott,9486,11596,1820,1730,90,66.6,11.3,55.3
2024,WR,TE,WR_vs_TE,Dontayvion Wicks,Chigoziem Okonkwo,9486,8210,1820,1664,156,66.6,87.6,-21
2024,WR,TE,WR_vs_TE,Brandin Cooks,Juwan Johnson,2197,7002,1747,1795,-48,42.6,86.8,-44.2
2024,WR,TE,WR_vs_TE,Brandin Cooks,Ben Sinnott,2197,11596,1747,1730,17,42.6,11.3,31.3
2024,WR,TE,WR_vs_TE,Brandin Cooks,Chigoziem Okonkwo,2197,8210,1747,1664,83,42.6,87.6,-45
2024,WR,TE,WR_vs_TE,Darnell Mooney,Juwan Johnson,7090,7002,1694,1795,-101,129.2,86.8,42.4
2024,WR,TE,WR_vs_TE,Darnell Mooney,Ben Sinnott,7090,11596,1694,1730,-36,129.2,11.3,117.9
2024,WR,TE,WR_vs_TE,Darnell Mooney,Chigoziem Okonkwo,7090,8210,1694,1664,30,129.2,87.6,41.6
2024,WR,TE,WR_vs_TE,Darnell Mooney,Colby Parkinson,7090,6865,1694,1497,197,129.2,49.3,79.9
2024,WR,TE,WR_vs_TE,Ja'Lynn Polk,Juwan Johnson,11619,7002,1601,1795,-194,20.7,86.8,-66.1
2024,WR,TE,WR_vs_TE,Ja'Lynn Polk,Ben Sinnott,11619,11596,1601,1730,-129,20.7,11.3,9.4
2024,WR,TE,WR_vs_TE,Ja'Lynn Polk,Chigoziem Okonkwo,11619,8210,1601,1664,-63,20.7,87.6,-66.9
2024,WR,TE,WR_vs_TE,Ja'Lynn Polk,Colby Parkinson,11619,6865,1601,1497,104,20.7,49.3,-28.6
2024,WR,TE,WR_vs_TE,Ja'Lynn Polk,Greg Dulcich,11619,8172,1601,1468,133,20.7,5.3,15.4
2024,WR,TE,WR_vs_TE,Ja'Lynn Polk,Mike Gesicki,11619,4993,1601,1416,185,20.7,98.2,-77.5
2024,WR,TE,WR_vs_TE,Michael Wilson,Ben Sinnott,10232,11596,1571,1730,-159,77.5,11.3,66.2
2024,WR,TE,WR_vs_TE,Michael Wilson,Chigoziem Okonkwo,10232,8210,1571,1664,-93,77.5,87.6,-10.1
2024,WR,TE,WR_vs_TE,Michael Wilson,Colby Parkinson,10232,6865,1571,1497,74,77.5,49.3,28.2
2024,WR,TE,WR_vs_TE,Michael Wilson,Greg Dulcich,10232,8172,1571,1468,103,77.5,5.3,72.2
2024,WR,TE,WR_vs_TE,Michael Wilson,Mike Gesicki,10232,4993,1571,1416,155,77.5,98.2,-20.7
2024,WR,TE,WR_vs_TE,Josh Downs,Chigoziem Okonkwo,9500,8210,1506,1664,-158,102.1,87.6,14.5
2024,WR,TE,WR_vs_TE,Josh Downs,Colby Parkinson,9500,6865,1506,1497,9,102.1,49.3,52.8
2024,WR,TE,WR_vs_TE,Josh Downs,Greg Dulcich,9500,8172,1506,1468,38,102.1,5.3,96.8
2024,WR,TE,WR_vs_TE,Josh Downs,Mike Gesicki,9500,4993,1506,1416,90,102.1,98.2,3.9
2024,WR,TE,WR_vs_TE,Josh Downs,Zach Ertz,9500,1339,1506,1327,179,102.1,131.5,-29.4
2024,WR,TE,WR_vs_TE,Xavier Legette,Colby Parkinson,11626,6865,1430,1497,-67,73.1,49.3,23.8
2024,WR,TE,WR_vs_TE,Xavier Legette,Greg Dulcich,11626,8172,1430,1468,-38,73.1,5.3,67.8
2024,WR,TE,WR_vs_TE,Xavier Legette,Mike Gesicki,11626,4993,1430,1416,14,73.1,98.2,-25.1
2024,WR,TE,WR_vs_TE,Xavier Legette,Zach Ertz,11626,1339,1430,1327,103,73.1,131.5,-58.4
2024,WR,TE,WR_vs_TE,Xavier Legette,Tucker Kraft,11626,9484,1430,1289,141,73.1,132.7,-59.6
2024,WR,TE,WR_vs_TE,Adam Thielen,Colby Parkinson,1689,6865,1367,1497,-130,87.1,49.3,37.8
2024,WR,TE,WR_vs_TE,Adam Thielen,Greg Dulcich,1689,8172,1367,1468,-101,87.1,5.3,81.8
2024,WR,TE,WR_vs_TE,Adam Thielen,Mike Gesicki,1689,4993,1367,1416,-49,87.1,98.2,-11.1
2024,WR,TE,WR_vs_TE,Adam Thielen,Zach Ertz,1689,1339,1367,1327,40,87.1,131.5,-44.4
2024,WR,TE,WR_vs_TE,Adam Thielen,Tucker Kraft,1689,9484,1367,1289,78,87.1,132.7,-45.6
2024,WR,TE,WR_vs_TE,Adam Thielen,Hayden Hurst,1689,4973,1367,1207,160,87.1,11.3,75.8
2024,WR,TE,WR_vs_TE,Demario Douglas,Colby Parkinson,9501,6865,1347,1497,-150,78.3,49.3,29
2024,WR,TE,WR_vs_TE,Demario Douglas,Greg Dulcich,9501,8172,1347,1468,-121,78.3,5.3,73
2024,WR,TE,WR_vs_TE,Demario Douglas,Mike Gesicki,9501,4993,1347,1416,-69,78.3,98.2,-19.9
2024,WR,TE,WR_vs_TE,Demario Douglas,Zach Ertz,9501,1339,1347,1327,20,78.3,131.5,-53.2
2024,WR,TE,WR_vs_TE,Demario Douglas,Tucker Kraft,9501,9484,1347,1289,58,78.3,132.7,-54.4
2024,WR,TE,WR_vs_TE,Demario Douglas,Hayden Hurst,9501,4973,1347,1207,140,78.3,11.3,67
2024,WR,TE,WR_vs_TE,Demario Douglas,Theo Johnson,9501,11597,1347,1162,185,78.3,53.6,24.7
2024,WR,TE,WR_vs_TE,Quentin Johnston,Mike Gesicki,9754,4993,1263,1416,-153,101.1,98.2,2.9
2024,WR,TE,WR_vs_TE,Quentin Johnston,Zach Ertz,9754,1339,1263,1327,-64,101.1,131.5,-30.4
2024,WR,TE,WR_vs_TE,Quentin Johnston,Tucker Kraft,9754,9484,1263,1289,-26,101.1,132.7,-31.6
2024,WR,TE,WR_vs_TE,Quentin Johnston,Hayden Hurst,9754,4973,1263,1207,56,101.1,11.3,89.8
2024,WR,TE,WR_vs_TE,Quentin Johnston,Theo Johnson,9754,11597,1263,1162,101,101.1,53.6,47.5
2024,WR,TE,WR_vs_TE,Quentin Johnston,Dawson Knox,9754,5906,1263,1117,146,101.1,48.1,53
2024,WR,TE,WR_vs_TE,Quentin Johnston,Ja'Tavion Sanders,9754,11600,1263,1076,187,101.1,51.7,49.4
2024,WR,TE,WR_vs_TE,Jahan Dotson,Zach Ertz,8119,1339,1199,1327,-128,13.5,131.5,-118
2024,WR,TE,WR_vs_TE,Jahan Dotson,Tucker Kraft,8119,9484,1199,1289,-90,13.5,132.7,-119.2
2024,WR,TE,WR_vs_TE,Jahan Dotson,Hayden Hurst,8119,4973,1199,1207,-8,13.5,11.3,2.2
2024,WR,TE,WR_vs_TE,Jahan Dotson,Theo Johnson,8119,11597,1199,1162,37,13.5,53.6,-40.1
2024,WR,TE,WR_vs_TE,Jahan Dotson,Dawson Knox,8119,5906,1199,1117,82,13.5,48.1,-34.6
2024,WR,TE,WR_vs_TE,Jahan Dotson,Ja'Tavion Sanders,8119,11600,1199,1076,123,13.5,51.7,-38.2
2024,WR,TE,WR_vs_TE,Jahan Dotson,Michael Mayer,8119,9482,1199,1041,158,13.5,22,-8.5
2024,WR,TE,WR_vs_TE,Demarcus Robinson,Zach Ertz,3286,1339,1164,1327,-163,85.3,131.5,-46.2
2024,WR,TE,WR_vs_TE,Demarcus Robinson,Tucker Kraft,3286,9484,1164,1289,-125,85.3,132.7,-47.4
2024,WR,TE,WR_vs_TE,Demarcus Robinson,Hayden Hurst,3286,4973,1164,1207,-43,85.3,11.3,74
2024,WR,TE,WR_vs_TE,Demarcus Robinson,Theo Johnson,3286,11597,1164,1162,2,85.3,53.6,31.7
2024,WR,TE,WR_vs_TE,Demarcus Robinson,Dawson Knox,3286,5906,1164,1117,47,85.3,48.1,37.2
2024,WR,TE,WR_vs_TE,Demarcus Robinson,Ja'Tavion Sanders,3286,11600,1164,1076,88,85.3,51.7,33.6
2024,WR,TE,WR_vs_TE,Demarcus Robinson,Michael Mayer,3286,9482,1164,1041,123,85.3,22,63.3
2024,WR,TE,WR_vs_TE,Wan'Dale Robinson,Tucker Kraft,8126,9484,1116,1289,-173,85.4,132.7,-47.3
2024,WR,TE,WR_vs_TE,Wan'Dale Robinson,Hayden Hurst,8126,4973,1116,1207,-91,85.4,11.3,74.1
2024,WR,TE,WR_vs_TE,Wan'Dale Robinson,Theo Johnson,8126,11597,1116,1162,-46,85.4,53.6,31.8
2024,WR,TE,WR_vs_TE,Wan'Dale Robinson,Dawson Knox,8126,5906,1116,1117,-1,85.4,48.1,37.3
2024,WR,TE,WR_vs_TE,Wan'Dale Robinson,Ja'Tavion Sanders,8126,11600,1116,1076,40,85.4,51.7,33.7
2024,WR,TE,WR_vs_TE,Wan'Dale Robinson,Michael Mayer,8126,9482,1116,1041,75,85.4,22,63.4
2024,WR,TE,WR_vs_TE,Wan'Dale Robinson,Gerald Everett,8126,4089,1116,948,168,85.4,7.6,77.8
2024,WR,TE,WR_vs_TE,Wan'Dale Robinson,Will Dissly,8126,5010,1116,923,193,85.4,72.4,13
2024,WR,TE,WR_vs_TE,Jalen Tolbert,Hayden Hurst,8117,4973,1050,1207,-157,93.2,11.3,81.9
2024,WR,TE,WR_vs_TE,Jalen Tolbert,Theo Johnson,8117,11597,1050,1162,-112,93.2,53.6,39.6
2024,WR,TE,WR_vs_TE,Jalen Tolbert,Dawson Knox,8117,5906,1050,1117,-67,93.2,48.1,45.1
2024,WR,TE,WR_vs_TE,Jalen Tolbert,Ja'Tavion Sanders,8117,11600,1050,1076,-26,93.2,51.7,41.5
2024,WR,TE,WR_vs_TE,Jalen Tolbert,Michael Mayer,8117,9482,1050,1041,9,93.2,22,71.2
2024,WR,TE,WR_vs_TE,Jalen Tolbert,Gerald Everett,8117,4089,1050,948,102,93.2,7.6,85.6
2024,WR,TE,WR_vs_TE,Jalen Tolbert,Will Dissly,8117,5010,1050,923,127,93.2,72.4,20.8
2024,WR,TE,WR_vs_TE,Jalen Tolbert,Daniel Bellinger,8117,8225,1050,894,156,93.2,17.6,75.6
2024,WR,TE,WR_vs_TE,Marvin Mims,Theo Johnson,9494,11597,988,1162,-174,73.4,53.6,19.8
2024,WR,TE,WR_vs_TE,Marvin Mims,Dawson Knox,9494,5906,988,1117,-129,73.4,48.1,25.3
2024,WR,TE,WR_vs_TE,Marvin Mims,Ja'Tavion Sanders,9494,11600,988,1076,-88,73.4,51.7,21.7
2024,WR,TE,WR_vs_TE,Marvin Mims,Michael Mayer,9494,9482,988,1041,-53,73.4,22,51.4
2024,WR,TE,WR_vs_TE,Marvin Mims,Gerald Everett,9494,4089,988,948,40,73.4,7.6,65.8
2024,WR,TE,WR_vs_TE,Marvin Mims,Will Dissly,9494,5010,988,923,65,73.4,72.4,1
2024,WR,TE,WR_vs_TE,Marvin Mims,Daniel Bellinger,9494,8225,988,894,94,73.4,17.6,55.8
2024,WR,TE,WR_vs_TE,Marvin Mims,Kylen Granson,9494,7602,988,838,150,73.4,24,49.4
2024,WR,TE,WR_vs_TE,Marvin Mims,Noah Gray,9494,7828,988,789,199,73.4,93.1,-19.7
2024,WR,TE,WR_vs_TE,Rashod Bateman,Theo Johnson,7571,11597,970,1162,-192,116,53.6,62.4
2024,WR,TE,WR_vs_TE,Rashod Bateman,Dawson Knox,7571,5906,970,1117,-147,116,48.1,67.9
2024,WR,TE,WR_vs_TE,Rashod Bateman,Ja'Tavion Sanders,7571,11600,970,1076,-106,116,51.7,64.3
2024,WR,TE,WR_vs_TE,Rashod Bateman,Michael Mayer,7571,9482,970,1041,-71,116,22,94
2024,WR,TE,WR_vs_TE,Rashod Bateman,Gerald Everett,7571,4089,970,948,22,116,7.6,108.4
2024,WR,TE,WR_vs_TE,Rashod Bateman,Will Dissly,7571,5010,970,923,47,116,72.4,43.6
2024,WR,TE,WR_vs_TE,Rashod Bateman,Daniel Bellinger,7571,8225,970,894,76,116,17.6,98.4
2024,WR,TE,WR_vs_TE,Rashod Bateman,Kylen Granson,7571,7602,970,838,132,116,24,92
2024,WR,TE,WR_vs_TE,Rashod Bateman,Noah Gray,7571,7828,970,789,181,116,93.1,22.9
2024,WR,TE,WR_vs_TE,Rashod Bateman,Davis Allen,7571,10214,970,779,191,116,6.9,109.1
2024,WR,TE,WR_vs_TE,Jalen McMillan,Ja'Tavion Sanders,11618,11600,903,1076,-173,84.4,51.7,32.7
2024,WR,TE,WR_vs_TE,Jalen McMillan,Michael Mayer,11618,9482,903,1041,-138,84.4,22,62.4
2024,WR,TE,WR_vs_TE,Jalen McMillan,Gerald Everett,11618,4089,903,948,-45,84.4,7.6,76.8
2024,WR,TE,WR_vs_TE,Jalen McMillan,Will Dissly,11618,5010,903,923,-20,84.4,72.4,12
2024,WR,TE,WR_vs_TE,Jalen McMillan,Daniel Bellinger,11618,8225,903,894,9,84.4,17.6,66.8
2024,WR,TE,WR_vs_TE,Jalen McMillan,Kylen Granson,11618,7602,903,838,65,84.4,24,60.4
2024,WR,TE,WR_vs_TE,Jalen McMillan,Noah Gray,11618,7828,903,789,114,84.4,93.1,-8.7
2024,WR,TE,WR_vs_TE,Jalen McMillan,Davis Allen,11618,10214,903,779,124,84.4,6.9,77.5
2024,WR,TE,WR_vs_TE,Jalen McMillan,Tyler Higbee,11618,3271,903,722,181,84.4,9.5,74.9
2024,WR,TE,WR_vs_TE,Greg Dortch,Ja'Tavion Sanders,5970,11600,902,1076,-174,35.9,51.7,-15.8
2024,WR,TE,WR_vs_TE,Greg Dortch,Michael Mayer,5970,9482,902,1041,-139,35.9,22,13.9
2024,WR,TE,WR_vs_TE,Greg Dortch,Gerald Everett,5970,4089,902,948,-46,35.9,7.6,28.3
2024,WR,TE,WR_vs_TE,Greg Dortch,Will Dissly,5970,5010,902,923,-21,35.9,72.4,-36.5
2024,WR,TE,WR_vs_TE,Greg Dortch,Daniel Bellinger,5970,8225,902,894,8,35.9,17.6,18.3
2024,WR,TE,WR_vs_TE,Greg Dortch,Kylen Granson,5970,7602,902,838,64,35.9,24,11.9
2024,WR,TE,WR_vs_TE,Greg Dortch,Noah Gray,5970,7828,902,789,113,35.9,93.1,-57.2
2024,WR,TE,WR_vs_TE,Greg Dortch,Davis Allen,5970,10214,902,779,123,35.9,6.9,29
2024,WR,TE,WR_vs_TE,Greg Dortch,Tyler Higbee,5970,3271,902,722,180,35.9,9.5,26.4
2024,WR,TE,WR_vs_TE,Jermaine Burton,Michael Mayer,11640,9482,860,1041,-181,10.7,22,-11.3
2024,WR,TE,WR_vs_TE,Jermaine Burton,Gerald Everett,11640,4089,860,948,-88,10.7,7.6,3.1
2024,WR,TE,WR_vs_TE,Jermaine Burton,Will Dissly,11640,5010,860,923,-63,10.7,72.4,-61.7
2024,WR,TE,WR_vs_TE,Jermaine Burton,Daniel Bellinger,11640,8225,860,894,-34,10.7,17.6,-6.9
2024,WR,TE,WR_vs_TE,Jermaine Burton,Kylen Granson,11640,7602,860,838,22,10.7,24,-13.3
2024,WR,TE,WR_vs_TE,Jermaine Burton,Noah Gray,11640,7828,860,789,71,10.7,93.1,-82.4
2024,WR,TE,WR_vs_TE,Jermaine Burton,Davis Allen,11640,10214,860,779,81,10.7,6.9,3.8
2024,WR,TE,WR_vs_TE,Jermaine Burton,Tyler Higbee,11640,3271,860,722,138,10.7,9.5,1.2
2024,WR,TE,WR_vs_TE,Ricky Pearsall,Gerald Everett,11638,4089,798,948,-150,49.6,7.6,42
2024,WR,TE,WR_vs_TE,Ricky Pearsall,Will Dissly,11638,5010,798,923,-125,49.6,72.4,-22.8
2024,WR,TE,WR_vs_TE,Ricky Pearsall,Daniel Bellinger,11638,8225,798,894,-96,49.6,17.6,32
2024,WR,TE,WR_vs_TE,Ricky Pearsall,Kylen Granson,11638,7602,798,838,-40,49.6,24,25.6
2024,WR,TE,WR_vs_TE,Ricky Pearsall,Noah Gray,11638,7828,798,789,9,49.6,93.1,-43.5
2024,WR,TE,WR_vs_TE,Ricky Pearsall,Davis Allen,11638,10214,798,779,19,49.6,6.9,42.7
2024,WR,TE,WR_vs_TE,Ricky Pearsall,Tyler Higbee,11638,3271,798,722,76,49.6,9.5,40.1
2024,WR,TE,WR_vs_TE,Ricky Pearsall,Cade Stover,11638,11599,798,652,146,49.6,26.8,22.8
2024,WR,TE,WR_vs_TE,Ricky Pearsall,Erick All,11638,11592,798,639,159,49.6,25.8,23.8
2024,WR,TE,WR_vs_TE,Luke McCaffrey,Gerald Everett,11650,4089,774,948,-174,16.8,7.6,9.2
2024,WR,TE,WR_vs_TE,Luke McCaffrey,Will Dissly,11650,5010,774,923,-149,16.8,72.4,-55.6
2024,WR,TE,WR_vs_TE,Luke McCaffrey,Daniel Bellinger,11650,8225,774,894,-120,16.8,17.6,-0.8
2024,WR,TE,WR_vs_TE,Luke McCaffrey,Kylen Granson,11650,7602,774,838,-64,16.8,24,-7.2
2024,WR,TE,WR_vs_TE,Luke McCaffrey,Noah Gray,11650,7828,774,789,-15,16.8,93.1,-76.3
2024,WR,TE,WR_vs_TE,Luke McCaffrey,Davis Allen,11650,10214,774,779,-5,16.8,6.9,9.9
2024,WR,TE,WR_vs_TE,Luke McCaffrey,Tyler Higbee,11650,3271,774,722,52,16.8,9.5,7.3
2024,WR,TE,WR_vs_TE,Luke McCaffrey,Cade Stover,11650,11599,774,652,122,16.8,26.8,-10
2024,WR,TE,WR_vs_TE,Luke McCaffrey,Erick All,11650,11592,774,639,135,16.8,25.8,-9
2024,WR,TE,WR_vs_TE,Andrei Iosivas,Gerald Everett,10226,4089,752,948,-196,82.7,7.6,75.1
2024,WR,TE,WR_vs_TE,Andrei Iosivas,Will Dissly,10226,5010,752,923,-171,82.7,72.4,10.3
2024,WR,TE,WR_vs_TE,Andrei Iosivas,Daniel Bellinger,10226,8225,752,894,-142,82.7,17.6,65.1
2024,WR,TE,WR_vs_TE,Andrei Iosivas,Kylen Granson,10226,7602,752,838,-86,82.7,24,58.7
2024,WR,TE,WR_vs_TE,Andrei Iosivas,Noah Gray,10226,7828,752,789,-37,82.7,93.1,-10.4
2024,WR,TE,WR_vs_TE,Andrei Iosivas,Davis Allen,10226,10214,752,779,-27,82.7,6.9,75.8
2024,WR,TE,WR_vs_TE,Andrei Iosivas,Tyler Higbee,10226,3271,752,722,30,82.7,9.5,73.2
2024,WR,TE,WR_vs_TE,Andrei Iosivas,Cade Stover,10226,11599,752,652,100,82.7,26.8,55.9
2024,WR,TE,WR_vs_TE,Andrei Iosivas,Erick All,10226,11592,752,639,113,82.7,25.8,56.9
2024,WR,TE,WR_vs_TE,Dyami Brown,Daniel Bellinger,7587,8225,722,894,-172,35,17.6,17.4
2024,WR,TE,WR_vs_TE,Dyami Brown,Kylen Granson,7587,7602,722,838,-116,35,24,11
2024,WR,TE,WR_vs_TE,Dyami Brown,Noah Gray,7587,7828,722,789,-67,35,93.1,-58.1
2024,WR,TE,WR_vs_TE,Dyami Brown,Davis Allen,7587,10214,722,779,-57,35,6.9,28.1
2024,WR,TE,WR_vs_TE,Dyami Brown,Tyler Higbee,7587,3271,722,722,0,35,9.5,25.5
2024,WR,TE,WR_vs_TE,Dyami Brown,Cade Stover,7587,11599,722,652,70,35,26.8,8.2
2024,WR,TE,WR_vs_TE,Dyami Brown,Erick All,7587,11592,722,639,83,35,25.8,9.2
2024,WR,TE,WR_vs_TE,Dyami Brown,Jared Wiley,7587,11595,722,551,171,35,1.2,33.8
2024,WR,TE,WR_vs_TE,Tyler Boyd,Daniel Bellinger,3225,8225,707,894,-187,39.3,17.6,21.7
2024,WR,TE,WR_vs_TE,Tyler Boyd,Kylen Granson,3225,7602,707,838,-131,39.3,24,15.3
2024,WR,TE,WR_vs_TE,Tyler Boyd,Noah Gray,3225,7828,707,789,-82,39.3,93.1,-53.8
2024,WR,TE,WR_vs_TE,Tyler Boyd,Davis Allen,3225,10214,707,779,-72,39.3,6.9,32.4
2024,WR,TE,WR_vs_TE,Tyler Boyd,Tyler Higbee,3225,3271,707,722,-15,39.3,9.5,29.8
2024,WR,TE,WR_vs_TE,Tyler Boyd,Cade Stover,3225,11599,707,652,55,39.3,26.8,12.5
2024,WR,TE,WR_vs_TE,Tyler Boyd,Erick All,3225,11592,707,639,68,39.3,25.8,13.5
2024,WR,TE,WR_vs_TE,Tyler Boyd,Jared Wiley,3225,11595,707,551,156,39.3,1.2,38.1
2024,WR,TE,WR_vs_TE,Malachi Corley,Kylen Granson,11617,7602,676,838,-162,2.2,24,-21.8
2024,WR,TE,WR_vs_TE,Malachi Corley,Noah Gray,11617,7828,676,789,-113,2.2,93.1,-90.9
2024,WR,TE,WR_vs_TE,Malachi Corley,Davis Allen,11617,10214,676,779,-103,2.2,6.9,-4.7
2024,WR,TE,WR_vs_TE,Malachi Corley,Tyler Higbee,11617,3271,676,722,-46,2.2,9.5,-7.3
2024,WR,TE,WR_vs_TE,Malachi Corley,Cade Stover,11617,11599,676,652,24,2.2,26.8,-24.6
2024,WR,TE,WR_vs_TE,Malachi Corley,Erick All,11617,11592,676,639,37,2.2,25.8,-23.6
2024,WR,TE,WR_vs_TE,Malachi Corley,Jared Wiley,11617,11595,676,551,125,2.2,1.2,1
2024,WR,TE,WR_vs_TE,Troy Franklin,Kylen Granson,11627,7602,653,838,-185,37.9,24,13.9
2024,WR,TE,WR_vs_TE,Troy Franklin,Noah Gray,11627,7828,653,789,-136,37.9,93.1,-55.2
2024,WR,TE,WR_vs_TE,Troy Franklin,Davis Allen,11627,10214,653,779,-126,37.9,6.9,31
2024,WR,TE,WR_vs_TE,Troy Franklin,Tyler Higbee,11627,3271,653,722,-69,37.9,9.5,28.4
2024,WR,TE,WR_vs_TE,Troy Franklin,Cade Stover,11627,11599,653,652,1,37.9,26.8,11.1
2024,WR,TE,WR_vs_TE,Troy Franklin,Erick All,11627,11592,653,639,14,37.9,25.8,12.1
2024,WR,TE,WR_vs_TE,Troy Franklin,Jared Wiley,11627,11595,653,551,102,37.9,1.2,36.7
2024,WR,TE,WR_vs_TE,Malik Washington,Noah Gray,11610,7828,622,789,-167,24,93.1,-69.1
2024,WR,TE,WR_vs_TE,Malik Washington,Davis Allen,11610,10214,622,779,-157,24,6.9,17.1
2024,WR,TE,WR_vs_TE,Malik Washington,Tyler Higbee,11610,3271,622,722,-100,24,9.5,14.5
2024,WR,TE,WR_vs_TE,Malik Washington,Cade Stover,11610,11599,622,652,-30,24,26.8,-2.8
2024,WR,TE,WR_vs_TE,Malik Washington,Erick All,11610,11592,622,639,-17,24,25.8,-1.8
2024,WR,TE,WR_vs_TE,Malik Washington,Jared Wiley,11610,11595,622,551,71,24,1.2,22.8
2024,WR,TE,WR_vs_TE,Malik Washington,Mo Alie-Cox,11610,4054,622,441,181,24,26.7,-2.7
2024,WR,TE,WR_vs_TE,Darius Slayton,Noah Gray,6149,7828,590,789,-199,71,93.1,-22.1
2024,WR,TE,WR_vs_TE,Darius Slayton,Davis Allen,6149,10214,590,779,-189,71,6.9,64.1
2024,WR,TE,WR_vs_TE,Darius Slayton,Tyler Higbee,6149,3271,590,722,-132,71,9.5,61.5
2024,WR,TE,WR_vs_TE,Darius Slayton,Cade Stover,6149,11599,590,652,-62,71,26.8,44.2
2024,WR,TE,WR_vs_TE,Darius Slayton,Erick All,6149,11592,590,639,-49,71,25.8,45.2
2024,WR,TE,WR_vs_TE,Darius Slayton,Jared Wiley,6149,11595,590,551,39,71,1.2,69.8
2024,WR,TE,WR_vs_TE,Darius Slayton,Mo Alie-Cox,6149,4054,590,441,149,71,26.7,44.3
2024,WR,TE,WR_vs_TE,Darius Slayton,Ian Thomas,6149,4995,590,417,173,71,2.2,68.8
2024,WR,TE,WR_vs_TE,Noah Brown,Tyler Higbee,4234,3271,543,722,-179,51.3,9.5,41.8
2024,WR,TE,WR_vs_TE,Noah Brown,Cade Stover,4234,11599,543,652,-109,51.3,26.8,24.5
2024,WR,TE,WR_vs_TE,Noah Brown,Erick All,4234,11592,543,639,-96,51.3,25.8,25.5
2024,WR,TE,WR_vs_TE,Noah Brown,Jared Wiley,4234,11595,543,551,-8,51.3,1.2,50.1
2024,WR,TE,WR_vs_TE,Noah Brown,Mo Alie-Cox,4234,4054,543,441,102,51.3,26.7,24.6
2024,WR,TE,WR_vs_TE,Noah Brown,Ian Thomas,4234,4995,543,417,126,51.3,2.2,49.1
2024,WR,TE,WR_vs_TE,Noah Brown,Darnell Washington,4234,9479,543,384,159,51.3,35.5,15.8
2024,WR,TE,WR_vs_TE,Noah Brown,Josh Oliver,4234,5973,543,384,159,51.3,52.2,-0.9
2024,WR,TE,WR_vs_TE,Noah Brown,Tommy Tremble,4234,7694,543,371,172,51.3,34.9,16.4
2024,WR,TE,WR_vs_TE,Jalen Nailor,Tyler Higbee,8180,3271,530,722,-192,69.7,9.5,60.2
2024,WR,TE,WR_vs_TE,Jalen Nailor,Cade Stover,8180,11599,530,652,-122,69.7,26.8,42.9
2024,WR,TE,WR_vs_TE,Jalen Nailor,Erick All,8180,11592,530,639,-109,69.7,25.8,43.9
2024,WR,TE,WR_vs_TE,Jalen Nailor,Jared Wiley,8180,11595,530,551,-21,69.7,1.2,68.5
2024,WR,TE,WR_vs_TE,Jalen Nailor,Mo Alie-Cox,8180,4054,530,441,89,69.7,26.7,43
2024,WR,TE,WR_vs_TE,Jalen Nailor,Ian Thomas,8180,4995,530,417,113,69.7,2.2,67.5
2024,WR,TE,WR_vs_TE,Jalen Nailor,Darnell Washington,8180,9479,530,384,146,69.7,35.5,34.2
2024,WR,TE,WR_vs_TE,Jalen Nailor,Josh Oliver,8180,5973,530,384,146,69.7,52.2,17.5
2024,WR,TE,WR_vs_TE,Jalen Nailor,Tommy Tremble,8180,7694,530,371,159,69.7,34.9,34.8
2024,WR,TE,WR_vs_TE,Jalen Nailor,Brenton Strange,8180,9480,530,331,199,69.7,63.1,6.6
2024,WR,TE,WR_vs_TE,Jalen Nailor,Brock Wright,8180,7891,530,331,199,69.7,28.5,41.2
2024,WR,TE,WR_vs_TE,Josh Reynolds,Cade Stover,4171,11599,517,652,-135,24.3,26.8,-2.5
2024,WR,TE,WR_vs_TE,Josh Reynolds,Erick All,4171,11592,517,639,-122,24.3,25.8,-1.5
2024,WR,TE,WR_vs_TE,Josh Reynolds,Jared Wiley,4171,11595,517,551,-34,24.3,1.2,23.1
2024,WR,TE,WR_vs_TE,Josh Reynolds,Mo Alie-Cox,4171,4054,517,441,76,24.3,26.7,-2.4
2024,WR,TE,WR_vs_TE,Josh Reynolds,Ian Thomas,4171,4995,517,417,100,24.3,2.2,22.1
2024,WR,TE,WR_vs_TE,Josh Reynolds,Darnell Washington,4171,9479,517,384,133,24.3,35.5,-11.2
2024,WR,TE,WR_vs_TE,Josh Reynolds,Josh Oliver,4171,5973,517,384,133,24.3,52.2,-27.9
2024,WR,TE,WR_vs_TE,Josh Reynolds,Tommy Tremble,4171,7694,517,371,146,24.3,34.9,-10.6
2024,WR,TE,WR_vs_TE,Josh Reynolds,Brenton Strange,4171,9480,517,331,186,24.3,63.1,-38.8
2024,WR,TE,WR_vs_TE,Josh Reynolds,Brock Wright,4171,7891,517,331,186,24.3,28.5,-4.2
2024,WR,TE,WR_vs_TE,Jalin Hyatt,Cade Stover,9497,11599,493,652,-159,6.2,26.8,-20.6
2024,WR,TE,WR_vs_TE,Jalin Hyatt,Erick All,9497,11592,493,639,-146,6.2,25.8,-19.6
2024,WR,TE,WR_vs_TE,Jalin Hyatt,Jared Wiley,9497,11595,493,551,-58,6.2,1.2,5
2024,WR,TE,WR_vs_TE,Jalin Hyatt,Mo Alie-Cox,9497,4054,493,441,52,6.2,26.7,-20.5
2024,WR,TE,WR_vs_TE,Jalin Hyatt,Ian Thomas,9497,4995,493,417,76,6.2,2.2,4
2024,WR,TE,WR_vs_TE,Jalin Hyatt,Darnell Washington,9497,9479,493,384,109,6.2,35.5,-29.3
2024,WR,TE,WR_vs_TE,Jalin Hyatt,Josh Oliver,9497,5973,493,384,109,6.2,52.2,-46
2024,WR,TE,WR_vs_TE,Jalin Hyatt,Tommy Tremble,9497,7694,493,371,122,6.2,34.9,-28.7
2024,WR,TE,WR_vs_TE,Jalin Hyatt,Brenton Strange,9497,9480,493,331,162,6.2,63.1,-56.9
2024,WR,TE,WR_vs_TE,Jalin Hyatt,Brock Wright,9497,7891,493,331,162,6.2,28.5,-22.3
2024,WR,TE,WR_vs_TE,Tre Tucker,Cade Stover,10213,11599,473,652,-179,79.9,26.8,53.1
2024,WR,TE,WR_vs_TE,Tre Tucker,Erick All,10213,11592,473,639,-166,79.9,25.8,54.1
2024,WR,TE,WR_vs_TE,Tre Tucker,Jared Wiley,10213,11595,473,551,-78,79.9,1.2,78.7
2024,WR,TE,WR_vs_TE,Tre Tucker,Mo Alie-Cox,10213,4054,473,441,32,79.9,26.7,53.2
2024,WR,TE,WR_vs_TE,Tre Tucker,Ian Thomas,10213,4995,473,417,56,79.9,2.2,77.7
2024,WR,TE,WR_vs_TE,Tre Tucker,Darnell Washington,10213,9479,473,384,89,79.9,35.5,44.4
2024,WR,TE,WR_vs_TE,Tre Tucker,Josh Oliver,10213,5973,473,384,89,79.9,52.2,27.7
2024,WR,TE,WR_vs_TE,Tre Tucker,Tommy Tremble,10213,7694,473,371,102,79.9,34.9,45
2024,WR,TE,WR_vs_TE,Tre Tucker,Brenton Strange,10213,9480,473,331,142,79.9,63.1,16.8
2024,WR,TE,WR_vs_TE,Tre Tucker,Brock Wright,10213,7891,473,331,142,79.9,28.5,51.4
2024,WR,TE,WR_vs_TE,Elijah Moore,Erick All,7596,11592,451,639,-188,56.3,25.8,30.5
2024,WR,TE,WR_vs_TE,Elijah Moore,Jared Wiley,7596,11595,451,551,-100,56.3,1.2,55.1
2024,WR,TE,WR_vs_TE,Elijah Moore,Mo Alie-Cox,7596,4054,451,441,10,56.3,26.7,29.6
2024,WR,TE,WR_vs_TE,Elijah Moore,Ian Thomas,7596,4995,451,417,34,56.3,2.2,54.1
2024,WR,TE,WR_vs_TE,Elijah Moore,Darnell Washington,7596,9479,451,384,67,56.3,35.5,20.8
2024,WR,TE,WR_vs_TE,Elijah Moore,Josh Oliver,7596,5973,451,384,67,56.3,52.2,4.1
2024,WR,TE,WR_vs_TE,Elijah Moore,Tommy Tremble,7596,7694,451,371,80,56.3,34.9,21.4
2024,WR,TE,WR_vs_TE,Elijah Moore,Brenton Strange,7596,9480,451,331,120,56.3,63.1,-6.8
2024,WR,TE,WR_vs_TE,Elijah Moore,Brock Wright,7596,7891,451,331,120,56.3,28.5,27.8
2024,WR,TE,WR_vs_TE,Tim Patrick,Jared Wiley,4351,11595,436,551,-115,57.9,1.2,56.7
2024,WR,TE,WR_vs_TE,Tim Patrick,Mo Alie-Cox,4351,4054,436,441,-5,57.9,26.7,31.2
2024,WR,TE,WR_vs_TE,Tim Patrick,Ian Thomas,4351,4995,436,417,19,57.9,2.2,55.7
2024,WR,TE,WR_vs_TE,Tim Patrick,Darnell Washington,4351,9479,436,384,52,57.9,35.5,22.4
2024,WR,TE,WR_vs_TE,Tim Patrick,Josh Oliver,4351,5973,436,384,52,57.9,52.2,5.7
2024,WR,TE,WR_vs_TE,Tim Patrick,Tommy Tremble,4351,7694,436,371,65,57.9,34.9,23
2024,WR,TE,WR_vs_TE,Tim Patrick,Brenton Strange,4351,9480,436,331,105,57.9,63.1,-5.2
2024,WR,TE,WR_vs_TE,Tim Patrick,Brock Wright,4351,7891,436,331,105,57.9,28.5,29.4
2024,WR,TE,WR_vs_TE,D.J. Chark,Jared Wiley,4951,11595,435,551,-116,2.5,1.2,1.3
2024,WR,TE,WR_vs_TE,D.J. Chark,Mo Alie-Cox,4951,4054,435,441,-6,2.5,26.7,-24.2
2024,WR,TE,WR_vs_TE,D.J. Chark,Ian Thomas,4951,4995,435,417,18,2.5,2.2,0.3
2024,WR,TE,WR_vs_TE,D.J. Chark,Darnell Washington,4951,9479,435,384,51,2.5,35.5,-33
2024,WR,TE,WR_vs_TE,D.J. Chark,Josh Oliver,4951,5973,435,384,51,2.5,52.2,-49.7
2024,WR,TE,WR_vs_TE,D.J. Chark,Tommy Tremble,4951,7694,435,371,64,2.5,34.9,-32.4
2024,WR,TE,WR_vs_TE,D.J. Chark,Brenton Strange,4951,9480,435,331,104,2.5,63.1,-60.6
2024,WR,TE,WR_vs_TE,D.J. Chark,Brock Wright,4951,7891,435,331,104,2.5,28.5,-26
2024,WR,TE,WR_vs_TE,Jauan Jennings,Jared Wiley,7049,11595,408,551,-143,128.3,1.2,127.1
2024,WR,TE,WR_vs_TE,Jauan Jennings,Mo Alie-Cox,7049,4054,408,441,-33,128.3,26.7,101.6
2024,WR,TE,WR_vs_TE,Jauan Jennings,Ian Thomas,7049,4995,408,417,-9,128.3,2.2,126.1
2024,WR,TE,WR_vs_TE,Jauan Jennings,Darnell Washington,7049,9479,408,384,24,128.3,35.5,92.8
2024,WR,TE,WR_vs_TE,Jauan Jennings,Josh Oliver,7049,5973,408,384,24,128.3,52.2,76.1
2024,WR,TE,WR_vs_TE,Jauan Jennings,Tommy Tremble,7049,7694,408,371,37,128.3,34.9,93.4
2024,WR,TE,WR_vs_TE,Jauan Jennings,Brenton Strange,7049,9480,408,331,77,128.3,63.1,65.2
2024,WR,TE,WR_vs_TE,Jauan Jennings,Brock Wright,7049,7891,408,331,77,128.3,28.5,99.8
2024,WR,TE,WR_vs_TE,Van Jefferson,Jared Wiley,6853,11595,393,551,-158,37.8,1.2,36.6
2024,WR,TE,WR_vs_TE,Van Jefferson,Mo Alie-Cox,6853,4054,393,441,-48,37.8,26.7,11.1
2024,WR,TE,WR_vs_TE,Van Jefferson,Ian Thomas,6853,4995,393,417,-24,37.8,2.2,35.6
2024,WR,TE,WR_vs_TE,Van Jefferson,Darnell Washington,6853,9479,393,384,9,37.8,35.5,2.3
2024,WR,TE,WR_vs_TE,Van Jefferson,Josh Oliver,6853,5973,393,384,9,37.8,52.2,-14.4
2024,WR,TE,WR_vs_TE,Van Jefferson,Tommy Tremble,6853,7694,393,371,22,37.8,34.9,2.9
2024,WR,TE,WR_vs_TE,Van Jefferson,Brenton Strange,6853,9480,393,331,62,37.8,63.1,-25.3
2024,WR,TE,WR_vs_TE,Van Jefferson,Brock Wright,6853,7891,393,331,62,37.8,28.5,9.3
2024,WR,TE,WR_vs_TE,John Metchie,Jared Wiley,8147,11595,380,551,-171,29,1.2,27.8
2024,WR,TE,WR_vs_TE,John Metchie,Mo Alie-Cox,8147,4054,380,441,-61,29,26.7,2.3
2024,WR,TE,WR_vs_TE,John Metchie,Ian Thomas,8147,4995,380,417,-37,29,2.2,26.8
2024,WR,TE,WR_vs_TE,John Metchie,Darnell Washington,8147,9479,380,384,-4,29,35.5,-6.5
2024,WR,TE,WR_vs_TE,John Metchie,Josh Oliver,8147,5973,380,384,-4,29,52.2,-23.2
2024,WR,TE,WR_vs_TE,John Metchie,Tommy Tremble,8147,7694,380,371,9,29,34.9,-5.9
2024,WR,TE,WR_vs_TE,John Metchie,Brenton Strange,8147,9480,380,331,49,29,63.1,-34.1
2024,WR,TE,WR_vs_TE,John Metchie,Brock Wright,8147,7891,380,331,49,29,28.5,0.5
2024,WR,TE,WR_vs_TE,Devontez Walker,Jared Wiley,11629,11595,361,551,-190,8.1,1.2,6.9
2024,WR,TE,WR_vs_TE,Devontez Walker,Mo Alie-Cox,11629,4054,361,441,-80,8.1,26.7,-18.6
2024,WR,TE,WR_vs_TE,Devontez Walker,Ian Thomas,11629,4995,361,417,-56,8.1,2.2,5.9
2024,WR,TE,WR_vs_TE,Devontez Walker,Darnell Washington,11629,9479,361,384,-23,8.1,35.5,-27.4
2024,WR,TE,WR_vs_TE,Devontez Walker,Josh Oliver,11629,5973,361,384,-23,8.1,52.2,-44.1
2024,WR,TE,WR_vs_TE,Devontez Walker,Tommy Tremble,11629,7694,361,371,-10,8.1,34.9,-26.8
2024,WR,TE,WR_vs_TE,Devontez Walker,Brenton Strange,11629,9480,361,331,30,8.1,63.1,-55
2024,WR,TE,WR_vs_TE,Devontez Walker,Brock Wright,11629,7891,361,331,30,8.1,28.5,-20.4
2024,WR,TE,WR_vs_TE,Kalif Raymond,Jared Wiley,3634,11595,356,551,-195,38.4,1.2,37.2
2024,WR,TE,WR_vs_TE,Kalif Raymond,Mo Alie-Cox,3634,4054,356,441,-85,38.4,26.7,11.7
2024,WR,TE,WR_vs_TE,Kalif Raymond,Ian Thomas,3634,4995,356,417,-61,38.4,2.2,36.2
2024,WR,TE,WR_vs_TE,Kalif Raymond,Darnell Washington,3634,9479,356,384,-28,38.4,35.5,2.9
2024,WR,TE,WR_vs_TE,Kalif Raymond,Josh Oliver,3634,5973,356,384,-28,38.4,52.2,-13.8
2024,WR,TE,WR_vs_TE,Kalif Raymond,Tommy Tremble,3634,7694,356,371,-15,38.4,34.9,3.5
2024,WR,TE,WR_vs_TE,Kalif Raymond,Brenton Strange,3634,9480,356,331,25,38.4,63.1,-24.7
2024,WR,TE,WR_vs_TE,Kalif Raymond,Brock Wright,3634,7891,356,331,25,38.4,28.5,9.9
2024,WR,TE,WR_vs_TE,Zay Jones,Jared Wiley,4080,11595,351,551,-200,3.8,1.2,2.6
2024,WR,TE,WR_vs_TE,Zay Jones,Mo Alie-Cox,4080,4054,351,441,-90,3.8,26.7,-22.9
2024,WR,TE,WR_vs_TE,Zay Jones,Ian Thomas,4080,4995,351,417,-66,3.8,2.2,1.6
2024,WR,TE,WR_vs_TE,Zay Jones,Darnell Washington,4080,9479,351,384,-33,3.8,35.5,-31.7
2024,WR,TE,WR_vs_TE,Zay Jones,Josh Oliver,4080,5973,351,384,-33,3.8,52.2,-48.4
2024,WR,TE,WR_vs_TE,Zay Jones,Tommy Tremble,4080,7694,351,371,-20,3.8,34.9,-31.1
2024,WR,TE,WR_vs_TE,Zay Jones,Brenton Strange,4080,9480,351,331,20,3.8,63.1,-59.3
2024,WR,TE,WR_vs_TE,Zay Jones,Brock Wright,4080,7891,351,331,20,3.8,28.5,-24.7
2024,WR,TE,WR_vs_TE,Parker Washington,Mo Alie-Cox,9487,4054,334,441,-107,57.5,26.7,30.8
2024,WR,TE,WR_vs_TE,Parker Washington,Ian Thomas,9487,4995,334,417,-83,57.5,2.2,55.3
2024,WR,TE,WR_vs_TE,Parker Washington,Darnell Washington,9487,9479,334,384,-50,57.5,35.5,22
2024,WR,TE,WR_vs_TE,Parker Washington,Josh Oliver,9487,5973,334,384,-50,57.5,52.2,5.3
2024,WR,TE,WR_vs_TE,Parker Washington,Tommy Tremble,9487,7694,334,371,-37,57.5,34.9,22.6
2024,WR,TE,WR_vs_TE,Parker Washington,Brenton Strange,9487,9480,334,331,3,57.5,63.1,-5.6
2024,WR,TE,WR_vs_TE,Parker Washington,Brock Wright,9487,7891,334,331,3,57.5,28.5,29
2024,WR,TE,WR_vs_TE,Alec Pierce,Mo Alie-Cox,8142,4054,333,441,-108,112.7,26.7,86
2024,WR,TE,WR_vs_TE,Alec Pierce,Ian Thomas,8142,4995,333,417,-84,112.7,2.2,110.5
2024,WR,TE,WR_vs_TE,Alec Pierce,Darnell Washington,8142,9479,333,384,-51,112.7,35.5,77.2
2024,WR,TE,WR_vs_TE,Alec Pierce,Josh Oliver,8142,5973,333,384,-51,112.7,52.2,60.5
2024,WR,TE,WR_vs_TE,Alec Pierce,Tommy Tremble,8142,7694,333,371,-38,112.7,34.9,77.8
2024,WR,TE,WR_vs_TE,Alec Pierce,Brenton Strange,8142,9480,333,331,2,112.7,63.1,49.6
2024,WR,TE,WR_vs_TE,Alec Pierce,Brock Wright,8142,7891,333,331,2,112.7,28.5,84.2
2024,WR,TE,WR_vs_TE,Kendrick Bourne,Mo Alie-Cox,4454,4054,330,441,-111,35.9,26.7,9.2
2024,WR,TE,WR_vs_TE,Kendrick Bourne,Ian Thomas,4454,4995,330,417,-87,35.9,2.2,33.7
2024,WR,TE,WR_vs_TE,Kendrick Bourne,Darnell Washington,4454,9479,330,384,-54,35.9,35.5,0.4
2024,WR,TE,WR_vs_TE,Kendrick Bourne,Josh Oliver,4454,5973,330,384,-54,35.9,52.2,-16.3
2024,WR,TE,WR_vs_TE,Kendrick Bourne,Tommy Tremble,4454,7694,330,371,-41,35.9,34.9,1
2024,WR,TE,WR_vs_TE,Kendrick Bourne,Brenton Strange,4454,9480,330,331,-1,35.9,63.1,-27.2
2024,WR,TE,WR_vs_TE,Kendrick Bourne,Brock Wright,4454,7891,330,331,-1,35.9,28.5,7.4
2024,WR,TE,WR_vs_TE,JuJu Smith-Schuster,Mo Alie-Cox,4040,4054,329,441,-112,34.7,26.7,8
2024,WR,TE,WR_vs_TE,JuJu Smith-Schuster,Ian Thomas,4040,4995,329,417,-88,34.7,2.2,32.5
2024,WR,TE,WR_vs_TE,JuJu Smith-Schuster,Darnell Washington,4040,9479,329,384,-55,34.7,35.5,-0.8
2024,WR,TE,WR_vs_TE,JuJu Smith-Schuster,Josh Oliver,4040,5973,329,384,-55,34.7,52.2,-17.5
2024,WR,TE,WR_vs_TE,JuJu Smith-Schuster,Tommy Tremble,4040,7694,329,371,-42,34.7,34.9,-0.2
2024,WR,TE,WR_vs_TE,JuJu Smith-Schuster,Brenton Strange,4040,9480,329,331,-2,34.7,63.1,-28.4
2024,WR,TE,WR_vs_TE,JuJu Smith-Schuster,Brock Wright,4040,7891,329,331,-2,34.7,28.5,6.2
2024,WR,TE,WR_vs_TE,Treylon Burks,Mo Alie-Cox,8135,4054,305,441,-136,3.5,26.7,-23.2
2024,WR,TE,WR_vs_TE,Treylon Burks,Ian Thomas,8135,4995,305,417,-112,3.5,2.2,1.3
2024,WR,TE,WR_vs_TE,Treylon Burks,Darnell Washington,8135,9479,305,384,-79,3.5,35.5,-32
2024,WR,TE,WR_vs_TE,Treylon Burks,Josh Oliver,8135,5973,305,384,-79,3.5,52.2,-48.7
2024,WR,TE,WR_vs_TE,Treylon Burks,Tommy Tremble,8135,7694,305,371,-66,3.5,34.9,-31.4
2024,WR,TE,WR_vs_TE,Treylon Burks,Brenton Strange,8135,9480,305,331,-26,3.5,63.1,-59.6
2024,WR,TE,WR_vs_TE,Treylon Burks,Brock Wright,8135,7891,305,331,-26,3.5,28.5,-25
2024,WR,TE,WR_vs_TE,Olamide Zaccheaus,Mo Alie-Cox,6271,4054,305,441,-136,62.3,26.7,35.6
2024,WR,TE,WR_vs_TE,Olamide Zaccheaus,Ian Thomas,6271,4995,305,417,-112,62.3,2.2,60.1
2024,WR,TE,WR_vs_TE,Olamide Zaccheaus,Darnell Washington,6271,9479,305,384,-79,62.3,35.5,26.8
2024,WR,TE,WR_vs_TE,Olamide Zaccheaus,Josh Oliver,6271,5973,305,384,-79,62.3,52.2,10.1
2024,WR,TE,WR_vs_TE,Olamide Zaccheaus,Tommy Tremble,6271,7694,305,371,-66,62.3,34.9,27.4
2024,WR,TE,WR_vs_TE,Olamide Zaccheaus,Brenton Strange,6271,9480,305,331,-26,62.3,63.1,-0.8
2024,WR,TE,WR_vs_TE,Olamide Zaccheaus,Brock Wright,6271,7891,305,331,-26,62.3,28.5,33.8
2024,WR,TE,WR_vs_TE,Jonathan Mingo,Mo Alie-Cox,10225,4054,286,441,-155,12.8,26.7,-13.9
2024,WR,TE,WR_vs_TE,Jonathan Mingo,Ian Thomas,10225,4995,286,417,-131,12.8,2.2,10.6
2024,WR,TE,WR_vs_TE,Jonathan Mingo,Darnell Washington,10225,9479,286,384,-98,12.8,35.5,-22.7
2024,WR,TE,WR_vs_TE,Jonathan Mingo,Josh Oliver,10225,5973,286,384,-98,12.8,52.2,-39.4
2024,WR,TE,WR_vs_TE,Jonathan Mingo,Tommy Tremble,10225,7694,286,371,-85,12.8,34.9,-22.1
2024,WR,TE,WR_vs_TE,Jonathan Mingo,Brenton Strange,10225,9480,286,331,-45,12.8,63.1,-50.3
2024,WR,TE,WR_vs_TE,Jonathan Mingo,Brock Wright,10225,7891,286,331,-45,12.8,28.5,-15.7
2025,QB,RB,QB_vs_RB,Jalen Hurts,Jahmyr Gibbs,6904,9221,8094,8055,39,299.1,272.6,26.5
2025,QB,RB,QB_vs_RB,Joe Burrow,Jahmyr Gibbs,6770,9221,7887,8055,-168,113.3,272.6,-159.3
2025,QB,RB,QB_vs_RB,Patrick Mahomes,Saquon Barkley,4046,4866,6622,6747,-125,284.7,195.3,89.4
2025,QB,RB,QB_vs_RB,Baker Mayfield,Saquon Barkley,4892,4866,6580,6747,-167,258.7,195.3,63.4
2025,QB,RB,QB_vs_RB,Kyler Murray,Christian McCaffrey,5849,4034,6128,6020,108,77.8,308.9,-231.1
2025,QB,RB,QB_vs_RB,Brock Purdy,Christian McCaffrey,8183,4034,5935,6020,-85,172.2,308.9,-136.7
2025,QB,RB,QB_vs_RB,Caleb Williams,Derrick Henry,11560,3198,5589,5639,-50,299.6,251.9,47.7
2025,QB,RB,QB_vs_RB,Caleb Williams,Chase Brown,11560,9224,5589,5422,167,299.6,198.6,101
2025,QB,RB,QB_vs_RB,Justin Fields,Chase Brown,7591,9224,5434,5422,12,142.7,198.6,-55.9
2025,QB,RB,QB_vs_RB,Justin Fields,Bucky Irving,7591,11584,5434,5372,62,142.7,98.7,44
2025,QB,RB,QB_vs_RB,Jared Goff,Chase Brown,3163,9224,5333,5422,-89,281.8,198.6,83.2
2025,QB,RB,QB_vs_RB,Jared Goff,Bucky Irving,3163,11584,5333,5372,-39,281.8,98.7,183.1
2025,QB,RB,QB_vs_RB,Jared Goff,De'Von Achane,3163,9226,5333,5161,172,281.8,255.8,26
2025,QB,RB,QB_vs_RB,Drake Maye,Bucky Irving,11564,11584,5173,5372,-199,335.2,98.7,236.5
2025,QB,RB,QB_vs_RB,Drake Maye,De'Von Achane,11564,9226,5173,5161,12,335.2,255.8,79.4
2025,QB,RB,QB_vs_RB,Drake Maye,Josh Jacobs,11564,5850,5173,5077,96,335.2,201.1,134.1
2025,QB,RB,QB_vs_RB,Drake Maye,Jonathan Taylor,11564,6813,5173,5029,144,335.2,312.4,22.8
2025,QB,RB,QB_vs_RB,Justin Herbert,De'Von Achane,6797,9226,4979,5161,-182,286.9,255.8,31.1
2025,QB,RB,QB_vs_RB,Justin Herbert,Josh Jacobs,6797,5850,4979,5077,-98,286.9,201.1,85.8
2025,QB,RB,QB_vs_RB,Justin Herbert,Jonathan Taylor,6797,6813,4979,5029,-50,286.9,312.4,-25.5
2025,QB,RB,QB_vs_RB,Justin Herbert,Kyren Williams,6797,8150,4979,4892,87,286.9,219.2,67.7
2025,QB,RB,QB_vs_RB,J.J. McCarthy,Josh Jacobs,11565,5850,4919,5077,-158,117.4,201.1,-83.7
2025,QB,RB,QB_vs_RB,J.J. McCarthy,Jonathan Taylor,11565,6813,4919,5029,-110,117.4,312.4,-195
2025,QB,RB,QB_vs_RB,J.J. McCarthy,Kyren Williams,11565,8150,4919,4892,27,117.4,219.2,-101.8
2025,QB,RB,QB_vs_RB,C.J. Stroud,Jonathan Taylor,9758,6813,4833,5029,-196,191.3,312.4,-121.1
2025,QB,RB,QB_vs_RB,C.J. Stroud,Kyren Williams,9758,8150,4833,4892,-59,191.3,219.2,-27.9
2025,QB,RB,QB_vs_RB,C.J. Stroud,James Cook,9758,8138,4833,4643,190,191.3,267.7,-76.4
2025,QB,RB,QB_vs_RB,Jordan Love,James Cook,6804,8138,4612,4643,-31,235.1,267.7,-32.6
2025,QB,RB,QB_vs_RB,Trevor Lawrence,James Cook,7523,8138,4501,4643,-142,314.9,267.7,47.2
2025,QB,RB,QB_vs_RB,Michael Penix Jr.,Breece Hall,11559,8155,4172,3984,188,120.3,171.7,-51.4
2025,QB,RB,QB_vs_RB,Bryce Young,Kenneth Walker III,9228,8151,3731,3872,-141,201.5,147.6,53.9
2025,QB,RB,QB_vs_RB,Bryce Young,Chuba Hubbard,9228,7594,3731,3595,136,201.5,93.7,107.8
2025,QB,RB,QB_vs_RB,Bryce Young,Alvin Kamara,9228,4035,3731,3572,159,201.5,67.7,133.8
2025,QB,RB,QB_vs_RB,Tua Tagovailoa,Chuba Hubbard,6768,7594,3658,3595,63,160.7,93.7,67
2025,QB,RB,QB_vs_RB,Tua Tagovailoa,Alvin Kamara,6768,4035,3658,3572,86,160.7,67.7,93
2025,QB,RB,QB_vs_RB,Tua Tagovailoa,James Conner,6768,4137,3658,3482,176,160.7,25.3,135.4
2025,QB,RB,QB_vs_RB,Geno Smith,Isiah Pacheco,1373,8205,3169,3252,-83,173.9,68.3,105.6
2025,QB,RB,QB_vs_RB,Geno Smith,Tony Pollard,1373,5967,3169,3195,-26,173.9,146.3,27.6
2025,QB,RB,QB_vs_RB,Geno Smith,Aaron Jones,1373,4199,3169,3166,3,173.9,90.7,83.2
2025,QB,RB,QB_vs_RB,Geno Smith,David Montgomery,1373,5892,3169,3146,23,173.9,137.4,36.5
2025,QB,RB,QB_vs_RB,Matthew Stafford,Jaylen Warren,421,8228,2842,2898,-56,323.7,167.2,156.5
2025,QB,RB,QB_vs_RB,Matthew Stafford,Javonte Williams,421,7588,2842,2806,36,323.7,207.8,115.9
2025,QB,RB,QB_vs_RB,Sam Darnold,Jaylen Warren,4943,8228,2811,2898,-87,226.6,167.2,59.4
2025,QB,RB,QB_vs_RB,Sam Darnold,Javonte Williams,4943,7588,2811,2806,5,226.6,207.8,18.8
2025,QB,RB,QB_vs_RB,Sam Darnold,Zach Charbonnet,4943,9753,2811,2620,191,226.6,145.7,80.9
2025,QB,RB,QB_vs_RB,Aaron Rodgers,Zach Charbonnet,96,9753,2523,2620,-97,208.3,145.7,62.6
2025,QB,RB,QB_vs_RB,Aaron Rodgers,Jordan Mason,96,8408,2523,2590,-67,208.3,105.5,102.8
2025,QB,RB,QB_vs_RB,Aaron Rodgers,Travis Etienne,96,7543,2523,2566,-43,208.3,214.1,-5.8
2025,QB,RB,QB_vs_RB,Daniel Jones,J.K. Dobbins,5870,6806,2113,2037,76,226.4,104.9,121.5
2025,QB,RB,QB_vs_RB,Daniel Jones,Tank Bigsby,5870,9225,2113,1942,171,226.4,34.2,192.2
2025,QB,RB,QB_vs_RB,Russell Wilson,J.K. Dobbins,1234,6806,1888,2037,-149,49.8,104.9,-55.1
2025,QB,RB,QB_vs_RB,Russell Wilson,Tank Bigsby,1234,9225,1888,1942,-54,49.8,34.2,15.6
2025,QB,RB,QB_vs_RB,Russell Wilson,Brian Robinson,1234,8154,1888,1852,36,49.8,53.6,-3.8
2025,QB,RB,QB_vs_RB,Russell Wilson,Najee Harris,1234,7528,1888,1694,194,49.8,8.6,41.2
2025,QB,RB,QB_vs_RB,Anthony Richardson,Tank Bigsby,9229,9225,1786,1942,-156,1.2,34.2,-33
2025,QB,RB,QB_vs_RB,Anthony Richardson,Brian Robinson,9229,8154,1786,1852,-66,1.2,53.6,-52.4
2025,QB,RB,QB_vs_RB,Anthony Richardson,Najee Harris,9229,7528,1786,1694,92,1.2,8.6,-7.4
2025,QB,RB,QB_vs_RB,Joe Flacco,Brian Robinson,19,8154,1661,1852,-191,146.5,53.6,92.9
2025,QB,RB,QB_vs_RB,Joe Flacco,Najee Harris,19,7528,1661,1694,-33,146.5,8.6,137.9
2025,QB,RB,QB_vs_RB,Joe Flacco,Trey Benson,19,11589,1661,1585,76,146.5,22.4,124.1
2025,QB,RB,QB_vs_RB,Joe Flacco,Rachaad White,19,8136,1661,1480,181,146.5,98.9,47.6
2025,QB,RB,QB_vs_RB,Spencer Rattler,Rachaad White,11562,8136,1292,1480,-188,98.1,98.9,-0.8
2025,QB,RB,QB_vs_RB,Spencer Rattler,Tyjae Spears,11562,9508,1292,1450,-158,98.1,64,34.1
2025,QB,RB,QB_vs_RB,Spencer Rattler,Braelon Allen,11562,11576,1292,1337,-45,98.1,13.3,84.8
2025,QB,RB,QB_vs_RB,Spencer Rattler,Rico Dowdle,11562,7021,1292,1294,-2,98.1,176.3,-78.2
2025,QB,RB,QB_vs_RB,Spencer Rattler,Jerome Ford,11562,8143,1292,1197,95,98.1,17.6,80.5
2025,QB,RB,QB_vs_RB,Spencer Rattler,Tyler Allgeier,11562,8132,1292,1107,185,98.1,107.1,-9
2025,QB,RB,QB_vs_RB,Kirk Cousins,Nick Chubb,1166,4988,847,1046,-199,94.3,75.3,19
2025,QB,RB,QB_vs_RB,Kirk Cousins,Ray Davis,1166,11575,847,1028,-181,94.3,30.7,63.6
2025,QB,RB,QB_vs_RB,Kirk Cousins,Chris Rodriguez,1166,10219,847,901,-54,94.3,74.7,19.6
2025,QB,RB,QB_vs_RB,Kirk Cousins,Justice Hill,1166,5995,847,824,23,94.3,44.2,50.1
2025,QB,RB,QB_vs_RB,Kirk Cousins,Blake Corum,1166,11586,847,697,150,94.3,107.3,-13
2025,QB,RB,QB_vs_RB,Kirk Cousins,Roschon Johnson,1166,10235,847,685,162,94.3,1.7,92.6
2025,QB,RB,QB_vs_RB,Drew Lock,Chris Rodriguez,5854,10219,789,901,-112,0.1,74.7,-74.6
2025,QB,RB,QB_vs_RB,Drew Lock,Justice Hill,5854,5995,789,824,-35,0.1,44.2,-44.1
2025,QB,RB,QB_vs_RB,Drew Lock,Blake Corum,5854,11586,789,697,92,0.1,107.3,-107.2
2025,QB,RB,QB_vs_RB,Drew Lock,Roschon Johnson,5854,10235,789,685,104,0.1,1.7,-1.6
2025,QB,RB,QB_vs_RB,Drew Lock,Will Shipley,5854,11577,789,607,182,0.1,7.2,-7.1
2025,QB,RB,QB_vs_RB,Jameis Winston,Chris Rodriguez,2306,10219,728,901,-173,42.3,74.7,-32.4
2025,QB,RB,QB_vs_RB,Jameis Winston,Justice Hill,2306,5995,728,824,-96,42.3,44.2,-1.9
2025,QB,RB,QB_vs_RB,Jameis Winston,Blake Corum,2306,11586,728,697,31,42.3,107.3,-65
2025,QB,RB,QB_vs_RB,Jameis Winston,Roschon Johnson,2306,10235,728,685,43,42.3,1.7,40.6
2025,QB,RB,QB_vs_RB,Jameis Winston,Will Shipley,2306,11577,728,607,121,42.3,7.2,35.1
2025,QB,RB,QB_vs_RB,Jameis Winston,Jaleel McLaughlin,2306,11439,728,536,192,42.3,21.6,20.7
2025,QB,RB,QB_vs_RB,Mason Rudolph,Blake Corum,4972,11586,569,697,-128,15,107.3,-92.3
2025,QB,RB,QB_vs_RB,Mason Rudolph,Roschon Johnson,4972,10235,569,685,-116,15,1.7,13.3
2025,QB,RB,QB_vs_RB,Mason Rudolph,Will Shipley,4972,11577,569,607,-38,15,7.2,7.8
2025,QB,RB,QB_vs_RB,Mason Rudolph,Jaleel McLaughlin,4972,11439,569,536,33,15,21.6,-6.6
2025,QB,RB,QB_vs_RB,Mason Rudolph,Kareem Hunt,4972,4098,569,515,54,15,123.9,-108.9
2025,QB,RB,QB_vs_RB,Mason Rudolph,Jaylen Wright,4972,11643,569,441,128,15,41.2,-26.2
2025,QB,RB,QB_vs_RB,Mason Rudolph,Dameon Pierce,4972,8129,569,433,136,15,2.6,12.4
2025,QB,RB,QB_vs_RB,Mason Rudolph,Keaton Mitchell,4972,9511,569,419,150,15,46.2,-31.2
2025,QB,RB,QB_vs_RB,Mason Rudolph,Sean Tucker,4972,9506,569,408,161,15,83.8,-68.8
2025,QB,RB,QB_vs_RB,Tyson Bagent,Will Shipley,11256,11577,481,607,-126,2.6,7.2,-4.6
2025,QB,RB,QB_vs_RB,Tyson Bagent,Jaleel McLaughlin,11256,11439,481,536,-55,2.6,21.6,-19
2025,QB,RB,QB_vs_RB,Tyson Bagent,Kareem Hunt,11256,4098,481,515,-34,2.6,123.9,-121.3
2025,QB,RB,QB_vs_RB,Tyson Bagent,Jaylen Wright,11256,11643,481,441,40,2.6,41.2,-38.6
2025,QB,RB,QB_vs_RB,Tyson Bagent,Dameon Pierce,11256,8129,481,433,48,2.6,2.6,0
2025,QB,RB,QB_vs_RB,Tyson Bagent,Keaton Mitchell,11256,9511,481,419,62,2.6,46.2,-43.6
2025,QB,RB,QB_vs_RB,Tyson Bagent,Sean Tucker,11256,9506,481,408,73,2.6,83.8,-81.2
2025,QB,RB,QB_vs_RB,Tyson Bagent,Miles Sanders,11256,6151,481,360,121,2.6,18.7,-16.1
2025,QB,RB,QB_vs_RB,Tyson Bagent,Kendre Miller,11256,9757,481,325,156,2.6,28.3,-25.7
2025,QB,RB,QB_vs_RB,Malik Willis,Jaleel McLaughlin,8161,11439,361,536,-175,51.2,21.6,29.6
2025,QB,RB,QB_vs_RB,Malik Willis,Kareem Hunt,8161,4098,361,515,-154,51.2,123.9,-72.7
2025,QB,RB,QB_vs_RB,Malik Willis,Jaylen Wright,8161,11643,361,441,-80,51.2,41.2,10
2025,QB,RB,QB_vs_RB,Malik Willis,Dameon Pierce,8161,8129,361,433,-72,51.2,2.6,48.6
2025,QB,RB,QB_vs_RB,Malik Willis,Keaton Mitchell,8161,9511,361,419,-58,51.2,46.2,5
2025,QB,RB,QB_vs_RB,Malik Willis,Sean Tucker,8161,9506,361,408,-47,51.2,83.8,-32.6
2025,QB,RB,QB_vs_RB,Malik Willis,Miles Sanders,8161,6151,361,360,1,51.2,18.7,32.5
2025,QB,RB,QB_vs_RB,Malik Willis,Kendre Miller,8161,9757,361,325,36,51.2,28.3,22.9
2025,QB,RB,QB_vs_RB,Malik Willis,Emanuel Wilson,8161,11435,361,275,86,51.2,74.7,-23.5
2025,QB,RB,QB_vs_RB,Malik Willis,Cam Akers,8161,6938,361,271,90,51.2,7.2,44
2025,QB,RB,QB_vs_RB,Malik Willis,Kenneth Gainwell,8161,7567,361,251,110,51.2,134.9,-83.7
2025,QB,RB,QB_vs_RB,Malik Willis,Raheem Mostert,8161,2749,361,224,137,51.2,17.4,33.8
2025,QB,RB,QB_vs_RB,Malik Willis,Devin Singletary,8161,6130,361,211,150,51.2,80.2,-29
2025,QB,RB,QB_vs_RB,Malik Willis,AJ Dillon,8161,6828,361,188,173,51.2,5.8,45.4
2025,QB,RB,QB_vs_RB,Malik Willis,Ty Johnson,8161,6039,361,183,178,51.2,58.7,-7.5
2025,QB,RB,QB_vs_RB,Malik Willis,Audric Estime,8161,11579,361,174,187,51.2,25.5,25.7
2025,QB,RB,QB_vs_RB,Malik Willis,Ty Chandler,8161,8230,361,172,189,51.2,2.4,48.8
2025,QB,RB,QB_vs_RB,Malik Willis,Khalil Herbert,8161,7608,361,166,195,51.2,1,50.2
2025,QB,RB,QB_vs_RB,Malik Willis,Antonio Gibson,8161,6945,361,162,199,51.2,21.2,30
2025,QB,RB,QB_vs_RB,Malik Willis,Samaje Perine,8161,4147,361,161,200,51.2,55.7,-4.5
2025,QB,RB,QB_vs_RB,Trey Lance,Jaylen Wright,7610,11643,284,441,-157,5.2,41.2,-36
2025,QB,RB,QB_vs_RB,Trey Lance,Dameon Pierce,7610,8129,284,433,-149,5.2,2.6,2.6
2025,QB,RB,QB_vs_RB,Trey Lance,Keaton Mitchell,7610,9511,284,419,-135,5.2,46.2,-41
2025,QB,RB,QB_vs_RB,Trey Lance,Sean Tucker,7610,9506,284,408,-124,5.2,83.8,-78.6
2025,QB,RB,QB_vs_RB,Trey Lance,Miles Sanders,7610,6151,284,360,-76,5.2,18.7,-13.5
2025,QB,RB,QB_vs_RB,Trey Lance,Kendre Miller,7610,9757,284,325,-41,5.2,28.3,-23.1
2025,QB,RB,QB_vs_RB,Trey Lance,Emanuel Wilson,7610,11435,284,275,9,5.2,74.7,-69.5
2025,QB,RB,QB_vs_RB,Trey Lance,Cam Akers,7610,6938,284,271,13,5.2,7.2,-2
2025,QB,RB,QB_vs_RB,Trey Lance,Kenneth Gainwell,7610,7567,284,251,33,5.2,134.9,-129.7
2025,QB,RB,QB_vs_RB,Trey Lance,Raheem Mostert,7610,2749,284,224,60,5.2,17.4,-12.2
2025,QB,RB,QB_vs_RB,Trey Lance,Devin Singletary,7610,6130,284,211,73,5.2,80.2,-75
2025,QB,RB,QB_vs_RB,Trey Lance,AJ Dillon,7610,6828,284,188,96,5.2,5.8,-0.6
2025,QB,RB,QB_vs_RB,Trey Lance,Ty Johnson,7610,6039,284,183,101,5.2,58.7,-53.5
2025,QB,RB,QB_vs_RB,Trey Lance,Audric Estime,7610,11579,284,174,110,5.2,25.5,-20.3
2025,QB,RB,QB_vs_RB,Trey Lance,Ty Chandler,7610,8230,284,172,112,5.2,2.4,2.8
2025,QB,RB,QB_vs_RB,Trey Lance,Khalil Herbert,7610,7608,284,166,118,5.2,1,4.2
2025,QB,RB,QB_vs_RB,Trey Lance,Antonio Gibson,7610,6945,284,162,122,5.2,21.2,-16
2025,QB,RB,QB_vs_RB,Trey Lance,Samaje Perine,7610,4147,284,161,123,5.2,55.7,-50.5
2025,QB,RB,QB_vs_RB,Joe Milton,Jaylen Wright,11557,11643,274,441,-167,5.1,41.2,-36.1
2025,QB,RB,QB_vs_RB,Joe Milton,Dameon Pierce,11557,8129,274,433,-159,5.1,2.6,2.5
2025,QB,RB,QB_vs_RB,Joe Milton,Keaton Mitchell,11557,9511,274,419,-145,5.1,46.2,-41.1
2025,QB,RB,QB_vs_RB,Joe Milton,Sean Tucker,11557,9506,274,408,-134,5.1,83.8,-78.7
2025,QB,RB,QB_vs_RB,Joe Milton,Miles Sanders,11557,6151,274,360,-86,5.1,18.7,-13.6
2025,QB,RB,QB_vs_RB,Joe Milton,Kendre Miller,11557,9757,274,325,-51,5.1,28.3,-23.2
2025,QB,RB,QB_vs_RB,Joe Milton,Emanuel Wilson,11557,11435,274,275,-1,5.1,74.7,-69.6
2025,QB,RB,QB_vs_RB,Joe Milton,Cam Akers,11557,6938,274,271,3,5.1,7.2,-2.1
2025,QB,RB,QB_vs_RB,Joe Milton,Kenneth Gainwell,11557,7567,274,251,23,5.1,134.9,-129.8
2025,QB,RB,QB_vs_RB,Joe Milton,Raheem Mostert,11557,2749,274,224,50,5.1,17.4,-12.3
2025,QB,RB,QB_vs_RB,Joe Milton,Devin Singletary,11557,6130,274,211,63,5.1,80.2,-75.1
2025,QB,RB,QB_vs_RB,Joe Milton,AJ Dillon,11557,6828,274,188,86,5.1,5.8,-0.7
2025,QB,RB,QB_vs_RB,Joe Milton,Ty Johnson,11557,6039,274,183,91,5.1,58.7,-53.6
2025,QB,RB,QB_vs_RB,Joe Milton,Audric Estime,11557,11579,274,174,100,5.1,25.5,-20.4
2025,QB,RB,QB_vs_RB,Joe Milton,Ty Chandler,11557,8230,274,172,102,5.1,2.4,2.7
2025,QB,RB,QB_vs_RB,Joe Milton,Khalil Herbert,11557,7608,274,166,108,5.1,1,4.1
2025,QB,RB,QB_vs_RB,Joe Milton,Antonio Gibson,11557,6945,274,162,112,5.1,21.2,-16.1
2025,QB,RB,QB_vs_RB,Joe Milton,Samaje Perine,11557,4147,274,161,113,5.1,55.7,-50.6
2025,QB,RB,QB_vs_RB,Jake Browning,Jaylen Wright,6111,11643,248,441,-193,48.7,41.2,7.5
2025,QB,RB,QB_vs_RB,Jake Browning,Dameon Pierce,6111,8129,248,433,-185,48.7,2.6,46.1
2025,QB,RB,QB_vs_RB,Jake Browning,Keaton Mitchell,6111,9511,248,419,-171,48.7,46.2,2.5
2025,QB,RB,QB_vs_RB,Jake Browning,Sean Tucker,6111,9506,248,408,-160,48.7,83.8,-35.1
2025,QB,RB,QB_vs_RB,Jake Browning,Miles Sanders,6111,6151,248,360,-112,48.7,18.7,30
2025,QB,RB,QB_vs_RB,Jake Browning,Kendre Miller,6111,9757,248,325,-77,48.7,28.3,20.4
2025,QB,RB,QB_vs_RB,Jake Browning,Emanuel Wilson,6111,11435,248,275,-27,48.7,74.7,-26
2025,QB,RB,QB_vs_RB,Jake Browning,Cam Akers,6111,6938,248,271,-23,48.7,7.2,41.5
2025,QB,RB,QB_vs_RB,Jake Browning,Kenneth Gainwell,6111,7567,248,251,-3,48.7,134.9,-86.2
2025,QB,RB,QB_vs_RB,Jake Browning,Raheem Mostert,6111,2749,248,224,24,48.7,17.4,31.3
2025,QB,RB,QB_vs_RB,Jake Browning,Devin Singletary,6111,6130,248,211,37,48.7,80.2,-31.5
2025,QB,RB,QB_vs_RB,Jake Browning,AJ Dillon,6111,6828,248,188,60,48.7,5.8,42.9
2025,QB,RB,QB_vs_RB,Jake Browning,Ty Johnson,6111,6039,248,183,65,48.7,58.7,-10
2025,QB,RB,QB_vs_RB,Jake Browning,Audric Estime,6111,11579,248,174,74,48.7,25.5,23.2
2025,QB,RB,QB_vs_RB,Jake Browning,Ty Chandler,6111,8230,248,172,76,48.7,2.4,46.3
2025,QB,RB,QB_vs_RB,Jake Browning,Khalil Herbert,6111,7608,248,166,82,48.7,1,47.7
2025,QB,RB,QB_vs_RB,Jake Browning,Antonio Gibson,6111,6945,248,162,86,48.7,21.2,27.5
2025,QB,RB,QB_vs_RB,Jake Browning,Samaje Perine,6111,4147,248,161,87,48.7,55.7,-7
2025,QB,RB,QB_vs_RB,Mac Jones,Dameon Pierce,7527,8129,234,433,-199,130,2.6,127.4
2025,QB,RB,QB_vs_RB,Mac Jones,Keaton Mitchell,7527,9511,234,419,-185,130,46.2,83.8
2025,QB,RB,QB_vs_RB,Mac Jones,Sean Tucker,7527,9506,234,408,-174,130,83.8,46.2
2025,QB,RB,QB_vs_RB,Mac Jones,Miles Sanders,7527,6151,234,360,-126,130,18.7,111.3
2025,QB,RB,QB_vs_RB,Mac Jones,Kendre Miller,7527,9757,234,325,-91,130,28.3,101.7
2025,QB,RB,QB_vs_RB,Mac Jones,Emanuel Wilson,7527,11435,234,275,-41,130,74.7,55.3
2025,QB,RB,QB_vs_RB,Mac Jones,Cam Akers,7527,6938,234,271,-37,130,7.2,122.8
2025,QB,RB,QB_vs_RB,Mac Jones,Kenneth Gainwell,7527,7567,234,251,-17,130,134.9,-4.9
2025,QB,RB,QB_vs_RB,Mac Jones,Raheem Mostert,7527,2749,234,224,10,130,17.4,112.6
2025,QB,RB,QB_vs_RB,Mac Jones,Devin Singletary,7527,6130,234,211,23,130,80.2,49.8
2025,QB,RB,QB_vs_RB,Mac Jones,AJ Dillon,7527,6828,234,188,46,130,5.8,124.2
2025,QB,RB,QB_vs_RB,Mac Jones,Ty Johnson,7527,6039,234,183,51,130,58.7,71.3
2025,QB,RB,QB_vs_RB,Mac Jones,Audric Estime,7527,11579,234,174,60,130,25.5,104.5
2025,QB,RB,QB_vs_RB,Mac Jones,Ty Chandler,7527,8230,234,172,62,130,2.4,127.6
2025,QB,RB,QB_vs_RB,Mac Jones,Khalil Herbert,7527,7608,234,166,68,130,1,129
2025,QB,RB,QB_vs_RB,Mac Jones,Antonio Gibson,7527,6945,234,162,72,130,21.2,108.8
2025,QB,RB,QB_vs_RB,Mac Jones,Samaje Perine,7527,4147,234,161,73,130,55.7,74.3
2025,QB,RB,QB_vs_RB,Zach Wilson,Dameon Pierce,7538,8129,233,433,-200,1.4,2.6,-1.2
2025,QB,RB,QB_vs_RB,Zach Wilson,Keaton Mitchell,7538,9511,233,419,-186,1.4,46.2,-44.8
2025,QB,RB,QB_vs_RB,Zach Wilson,Sean Tucker,7538,9506,233,408,-175,1.4,83.8,-82.4
2025,QB,RB,QB_vs_RB,Zach Wilson,Miles Sanders,7538,6151,233,360,-127,1.4,18.7,-17.3
2025,QB,RB,QB_vs_RB,Zach Wilson,Kendre Miller,7538,9757,233,325,-92,1.4,28.3,-26.9
2025,QB,RB,QB_vs_RB,Zach Wilson,Emanuel Wilson,7538,11435,233,275,-42,1.4,74.7,-73.3
2025,QB,RB,QB_vs_RB,Zach Wilson,Cam Akers,7538,6938,233,271,-38,1.4,7.2,-5.8
2025,QB,RB,QB_vs_RB,Zach Wilson,Kenneth Gainwell,7538,7567,233,251,-18,1.4,134.9,-133.5
2025,QB,RB,QB_vs_RB,Zach Wilson,Raheem Mostert,7538,2749,233,224,9,1.4,17.4,-16
2025,QB,RB,QB_vs_RB,Zach Wilson,Devin Singletary,7538,6130,233,211,22,1.4,80.2,-78.8
2025,QB,RB,QB_vs_RB,Zach Wilson,AJ Dillon,7538,6828,233,188,45,1.4,5.8,-4.4
2025,QB,RB,QB_vs_RB,Zach Wilson,Ty Johnson,7538,6039,233,183,50,1.4,58.7,-57.3
2025,QB,RB,QB_vs_RB,Zach Wilson,Audric Estime,7538,11579,233,174,59,1.4,25.5,-24.1
2025,QB,RB,QB_vs_RB,Zach Wilson,Ty Chandler,7538,8230,233,172,61,1.4,2.4,-1
2025,QB,RB,QB_vs_RB,Zach Wilson,Khalil Herbert,7538,7608,233,166,67,1.4,1,0.4
2025,QB,RB,QB_vs_RB,Zach Wilson,Antonio Gibson,7538,6945,233,162,71,1.4,21.2,-19.8
2025,QB,RB,QB_vs_RB,Zach Wilson,Samaje Perine,7538,4147,233,161,72,1.4,55.7,-54.3
2025,QB,RB,QB_vs_RB,Kenny Pickett,Miles Sanders,8160,6151,175,360,-185,8.7,18.7,-10
2025,QB,RB,QB_vs_RB,Kenny Pickett,Kendre Miller,8160,9757,175,325,-150,8.7,28.3,-19.6
2025,QB,RB,QB_vs_RB,Kenny Pickett,Emanuel Wilson,8160,11435,175,275,-100,8.7,74.7,-66
2025,QB,RB,QB_vs_RB,Kenny Pickett,Cam Akers,8160,6938,175,271,-96,8.7,7.2,1.5
2025,QB,RB,QB_vs_RB,Kenny Pickett,Kenneth Gainwell,8160,7567,175,251,-76,8.7,134.9,-126.2
2025,QB,RB,QB_vs_RB,Kenny Pickett,Raheem Mostert,8160,2749,175,224,-49,8.7,17.4,-8.7
2025,QB,RB,QB_vs_RB,Kenny Pickett,Devin Singletary,8160,6130,175,211,-36,8.7,80.2,-71.5
2025,QB,RB,QB_vs_RB,Kenny Pickett,AJ Dillon,8160,6828,175,188,-13,8.7,5.8,2.9
2025,QB,RB,QB_vs_RB,Kenny Pickett,Ty Johnson,8160,6039,175,183,-8,8.7,58.7,-50
2025,QB,RB,QB_vs_RB,Kenny Pickett,Audric Estime,8160,11579,175,174,1,8.7,25.5,-16.8
2025,QB,RB,QB_vs_RB,Kenny Pickett,Ty Chandler,8160,8230,175,172,3,8.7,2.4,6.3
2025,QB,RB,QB_vs_RB,Kenny Pickett,Khalil Herbert,8160,7608,175,166,9,8.7,1,7.7
2025,QB,RB,QB_vs_RB,Kenny Pickett,Antonio Gibson,8160,6945,175,162,13,8.7,21.2,-12.5
2025,QB,RB,QB_vs_RB,Kenny Pickett,Samaje Perine,8160,4147,175,161,14,8.7,55.7,-47
2025,QB,RB,QB_vs_RB,Tyler Huntley,Miles Sanders,7083,6151,172,360,-188,40.1,18.7,21.4
2025,QB,RB,QB_vs_RB,Tyler Huntley,Kendre Miller,7083,9757,172,325,-153,40.1,28.3,11.8
2025,QB,RB,QB_vs_RB,Tyler Huntley,Emanuel Wilson,7083,11435,172,275,-103,40.1,74.7,-34.6
2025,QB,RB,QB_vs_RB,Tyler Huntley,Cam Akers,7083,6938,172,271,-99,40.1,7.2,32.9
2025,QB,RB,QB_vs_RB,Tyler Huntley,Kenneth Gainwell,7083,7567,172,251,-79,40.1,134.9,-94.8
2025,QB,RB,QB_vs_RB,Tyler Huntley,Raheem Mostert,7083,2749,172,224,-52,40.1,17.4,22.7
2025,QB,RB,QB_vs_RB,Tyler Huntley,Devin Singletary,7083,6130,172,211,-39,40.1,80.2,-40.1
2025,QB,RB,QB_vs_RB,Tyler Huntley,AJ Dillon,7083,6828,172,188,-16,40.1,5.8,34.3
2025,QB,RB,QB_vs_RB,Tyler Huntley,Ty Johnson,7083,6039,172,183,-11,40.1,58.7,-18.6
2025,QB,RB,QB_vs_RB,Tyler Huntley,Audric Estime,7083,11579,172,174,-2,40.1,25.5,14.6
2025,QB,RB,QB_vs_RB,Tyler Huntley,Ty Chandler,7083,8230,172,172,0,40.1,2.4,37.7
2025,QB,RB,QB_vs_RB,Tyler Huntley,Khalil Herbert,7083,7608,172,166,6,40.1,1,39.1
2025,QB,RB,QB_vs_RB,Tyler Huntley,Antonio Gibson,7083,6945,172,162,10,40.1,21.2,18.9
2025,QB,RB,QB_vs_RB,Tyler Huntley,Samaje Perine,7083,4147,172,161,11,40.1,55.7,-15.6
2025,QB,WR,QB_vs_WR,Josh Allen,Ja'Marr Chase,4984,7564,9870,9785,85,364.6,173,191.6
2025,QB,WR,QB_vs_WR,Lamar Jackson,Ja'Marr Chase,4881,7564,9848,9785,63,194.4,173,21.4
2025,QB,WR,QB_vs_WR,Joe Burrow,Nico Collins,6770,7569,7887,7788,99,113.3,155.2,-41.9
2025,QB,WR,QB_vs_WR,Patrick Mahomes,Puka Nacua,4046,9493,6622,6743,-121,284.7,230,54.7
2025,QB,WR,QB_vs_WR,Patrick Mahomes,Drake London,4046,8112,6622,6526,96,284.7,120.1,164.6
2025,QB,WR,QB_vs_WR,Baker Mayfield,Puka Nacua,4892,9493,6580,6743,-163,258.7,230,28.7
2025,QB,WR,QB_vs_WR,Baker Mayfield,Drake London,4892,8112,6580,6526,54,258.7,120.1,138.6
2025,QB,WR,QB_vs_WR,Bo Nix,Drake London,11563,8112,6427,6526,-99,294.3,120.1,174.2
2025,QB,WR,QB_vs_WR,Bo Nix,A.J. Brown,11563,5859,6427,6292,135,294.3,142.3,152
2025,QB,WR,QB_vs_WR,Dak Prescott,A.J. Brown,3294,5859,6305,6292,13,313.1,142.3,170.8
2025,QB,WR,QB_vs_WR,Dak Prescott,Ladd McConkey,3294,11635,6305,6129,176,313.1,114.9,198.2
2025,QB,WR,QB_vs_WR,Dak Prescott,Jaxon Smith-Njigba,3294,9488,6305,6128,177,313.1,232.5,80.6
2025,QB,WR,QB_vs_WR,Kyler Murray,A.J. Brown,5849,5859,6128,6292,-164,77.8,142.3,-64.5
2025,QB,WR,QB_vs_WR,Kyler Murray,Ladd McConkey,5849,11635,6128,6129,-1,77.8,114.9,-37.1
2025,QB,WR,QB_vs_WR,Kyler Murray,Jaxon Smith-Njigba,5849,9488,6128,6128,0,77.8,232.5,-154.7
2025,QB,WR,QB_vs_WR,Brock Purdy,Ladd McConkey,8183,11635,5935,6129,-194,172.2,114.9,57.3
2025,QB,WR,QB_vs_WR,Brock Purdy,Jaxon Smith-Njigba,8183,9488,5935,6128,-193,172.2,232.5,-60.3
2025,QB,WR,QB_vs_WR,Caleb Williams,Garrett Wilson,11560,8146,5589,5660,-71,299.6,63.5,236.1
2025,QB,WR,QB_vs_WR,Caleb Williams,Tee Higgins,11560,6801,5589,5636,-47,299.6,139.9,159.7
2025,QB,WR,QB_vs_WR,Justin Fields,Tyreek Hill,7591,3321,5434,5373,61,142.7,32.5,110.2
2025,QB,WR,QB_vs_WR,Jared Goff,Tyreek Hill,3163,3321,5333,5373,-40,281.8,32.5,249.3
2025,QB,WR,QB_vs_WR,Drake Maye,Tyreek Hill,11564,3321,5173,5373,-200,335.2,32.5,302.7
2025,QB,WR,QB_vs_WR,Drake Maye,Terry McLaurin,11564,5927,5173,5098,75,335.2,70.5,264.7
2025,QB,WR,QB_vs_WR,Drake Maye,Marvin Harrison Jr.,11564,11628,5173,5035,138,335.2,86.8,248.4
2025,QB,WR,QB_vs_WR,Drake Maye,Mike Evans,11564,2216,5173,5026,147,335.2,51.4,283.8
2025,QB,WR,QB_vs_WR,Justin Herbert,Terry McLaurin,6797,5927,4979,5098,-119,286.9,70.5,216.4
2025,QB,WR,QB_vs_WR,Justin Herbert,Marvin Harrison Jr.,6797,11628,4979,5035,-56,286.9,86.8,200.1
2025,QB,WR,QB_vs_WR,Justin Herbert,Mike Evans,6797,2216,4979,5026,-47,286.9,51.4,235.5
2025,QB,WR,QB_vs_WR,J.J. McCarthy,Terry McLaurin,11565,5927,4919,5098,-179,117.4,70.5,46.9
2025,QB,WR,QB_vs_WR,J.J. McCarthy,Marvin Harrison Jr.,11565,11628,4919,5035,-116,117.4,86.8,30.6
2025,QB,WR,QB_vs_WR,J.J. McCarthy,Mike Evans,11565,2216,4919,5026,-107,117.4,51.4,66
2025,QB,WR,QB_vs_WR,J.J. McCarthy,Davante Adams,11565,2133,4919,4741,178,117.4,162.9,-45.5
2025,QB,WR,QB_vs_WR,C.J. Stroud,Mike Evans,9758,2216,4833,5026,-193,191.3,51.4,139.9
2025,QB,WR,QB_vs_WR,C.J. Stroud,Davante Adams,9758,2133,4833,4741,92,191.3,162.9,28.4
2025,QB,WR,QB_vs_WR,Jordan Love,Davante Adams,6804,2133,4612,4741,-129,235.1,162.9,72.2
2025,QB,WR,QB_vs_WR,Jordan Love,D.J. Moore,6804,4983,4612,4617,-5,235.1,119.1,116
2025,QB,WR,QB_vs_WR,Jordan Love,Courtland Sutton,6804,5045,4612,4612,0,235.1,145.2,89.9
2025,QB,WR,QB_vs_WR,Jordan Love,Xavier Worthy,6804,11624,4612,4562,50,235.1,67.9,167.2
2025,QB,WR,QB_vs_WR,Jordan Love,Jameson Williams,6804,8148,4612,4528,84,235.1,147.5,87.6
2025,QB,WR,QB_vs_WR,Jordan Love,DeVonta Smith,6804,7525,4612,4506,106,235.1,119.6,115.5
2025,QB,WR,QB_vs_WR,Jordan Love,DK Metcalf,6804,5846,4612,4486,126,235.1,128.2,106.9
2025,QB,WR,QB_vs_WR,Trevor Lawrence,D.J. Moore,7523,4983,4501,4617,-116,314.9,119.1,195.8
2025,QB,WR,QB_vs_WR,Trevor Lawrence,Courtland Sutton,7523,5045,4501,4612,-111,314.9,145.2,169.7
2025,QB,WR,QB_vs_WR,Trevor Lawrence,Xavier Worthy,7523,11624,4501,4562,-61,314.9,67.9,247
2025,QB,WR,QB_vs_WR,Trevor Lawrence,Jameson Williams,7523,8148,4501,4528,-27,314.9,147.5,167.4
2025,QB,WR,QB_vs_WR,Trevor Lawrence,DeVonta Smith,7523,7525,4501,4506,-5,314.9,119.6,195.3
2025,QB,WR,QB_vs_WR,Trevor Lawrence,DK Metcalf,7523,5846,4501,4486,15,314.9,128.2,186.7
2025,QB,WR,QB_vs_WR,Trevor Lawrence,George Pickens,7523,8137,4501,4391,110,314.9,198,116.9
2025,QB,WR,QB_vs_WR,Michael Penix Jr.,Zay Flowers,11559,9997,4172,4266,-94,120.3,131.5,-11.2
2025,QB,WR,QB_vs_WR,Michael Penix Jr.,Calvin Ridley,11559,4981,4172,4123,49,120.3,30.3,90
2025,QB,WR,QB_vs_WR,Michael Penix Jr.,Rashee Rice,11559,10229,4172,4067,105,120.3,97.1,23.2
2025,QB,WR,QB_vs_WR,Bryce Young,Ricky Pearsall,9228,11638,3731,3861,-130,201.5,52.6,148.9
2025,QB,WR,QB_vs_WR,Bryce Young,Jerry Jeudy,9228,6783,3731,3850,-119,201.5,68.5,133
2025,QB,WR,QB_vs_WR,Bryce Young,Jaylen Waddle,9228,7526,3731,3743,-12,201.5,130.1,71.4
2025,QB,WR,QB_vs_WR,Bryce Young,Jordan Addison,9228,9756,3731,3589,142,201.5,92.3,109.2
2025,QB,WR,QB_vs_WR,Bryce Young,Rome Odunze,9228,11620,3731,3564,167,201.5,102.1,99.4
2025,QB,WR,QB_vs_WR,Tua Tagovailoa,Jerry Jeudy,6768,6783,3658,3850,-192,160.7,68.5,92.2
2025,QB,WR,QB_vs_WR,Tua Tagovailoa,Jaylen Waddle,6768,7526,3658,3743,-85,160.7,130.1,30.6
2025,QB,WR,QB_vs_WR,Tua Tagovailoa,Jordan Addison,6768,9756,3658,3589,69,160.7,92.3,68.4
2025,QB,WR,QB_vs_WR,Tua Tagovailoa,Rome Odunze,6768,11620,3658,3564,94,160.7,102.1,58.6
2025,QB,WR,QB_vs_WR,Geno Smith,Deebo Samuel,1373,5872,3169,3336,-167,173.9,114.1,59.8
2025,QB,WR,QB_vs_WR,Geno Smith,Chris Olave,1373,8144,3169,3300,-131,173.9,168,5.9
2025,QB,WR,QB_vs_WR,Geno Smith,Stefon Diggs,1373,2449,3169,3252,-83,173.9,121,52.9
2025,QB,WR,QB_vs_WR,Geno Smith,Jakobi Meyers,1373,5947,3169,3169,0,173.9,96.4,77.5
2025,QB,WR,QB_vs_WR,Geno Smith,Khalil Shakir,1373,8134,3169,3135,34,173.9,94.4,79.5
2025,QB,WR,QB_vs_WR,Geno Smith,Cooper Kupp,1373,4039,3169,2991,178,173.9,66.4,107.5
2025,QB,WR,QB_vs_WR,Matthew Stafford,Cooper Kupp,421,4039,2842,2991,-149,323.7,66.4,257.3
2025,QB,WR,QB_vs_WR,Matthew Stafford,Jauan Jennings,421,7049,2842,2935,-93,323.7,114.8,208.9
2025,QB,WR,QB_vs_WR,Matthew Stafford,Keon Coleman,421,11637,2842,2904,-62,323.7,57.5,266.2
2025,QB,WR,QB_vs_WR,Matthew Stafford,Michael Pittman,421,6819,2842,2782,60,323.7,121.3,202.4
2025,QB,WR,QB_vs_WR,Matthew Stafford,Chris Godwin,421,4037,2842,2754,88,323.7,49.2,274.5
2025,QB,WR,QB_vs_WR,Sam Darnold,Cooper Kupp,4943,4039,2811,2991,-180,226.6,66.4,160.2
2025,QB,WR,QB_vs_WR,Sam Darnold,Jauan Jennings,4943,7049,2811,2935,-124,226.6,114.8,111.8
2025,QB,WR,QB_vs_WR,Sam Darnold,Keon Coleman,4943,11637,2811,2904,-93,226.6,57.5,169.1
2025,QB,WR,QB_vs_WR,Sam Darnold,Michael Pittman,4943,6819,2811,2782,29,226.6,121.3,105.3
2025,QB,WR,QB_vs_WR,Sam Darnold,Chris Godwin,4943,4037,2811,2754,57,226.6,49.2,177.4
2025,QB,WR,QB_vs_WR,Sam Darnold,Josh Downs,4943,9500,2811,2619,192,226.6,72.8,153.8
2025,QB,WR,QB_vs_WR,Aaron Rodgers,Josh Downs,96,9500,2523,2619,-96,208.3,72.8,135.5
2025,QB,WR,QB_vs_WR,Aaron Rodgers,Jayden Reed,96,10222,2523,2502,21,208.3,29.5,178.8
2025,QB,WR,QB_vs_WR,Aaron Rodgers,Darnell Mooney,96,7090,2523,2484,39,208.3,48.3,160
2025,QB,WR,QB_vs_WR,Daniel Jones,Marvin Mims,5870,9494,2113,2311,-198,226.4,55,171.4
2025,QB,WR,QB_vs_WR,Daniel Jones,Rashod Bateman,5870,7571,2113,2204,-91,226.4,36.4,190
2025,QB,WR,QB_vs_WR,Daniel Jones,Christian Kirk,5870,4950,2113,2135,-22,226.4,30.2,196.2
2025,QB,WR,QB_vs_WR,Daniel Jones,Rashid Shaheed,5870,8676,2113,2026,87,226.4,97.4,129
2025,QB,WR,QB_vs_WR,Russell Wilson,Rashid Shaheed,1234,8676,1888,2026,-138,49.8,97.4,-47.6
2025,QB,WR,QB_vs_WR,Anthony Richardson,Marquise Brown,9229,5848,1786,1686,100,1.2,82.3,-81.1
2025,QB,WR,QB_vs_WR,Anthony Richardson,Cedric Tillman,9229,10444,1786,1633,153,1.2,36.7,-35.5
2025,QB,WR,QB_vs_WR,Anthony Richardson,Romeo Doubs,9229,8121,1786,1620,166,1.2,110.4,-109.2
2025,QB,WR,QB_vs_WR,Joe Flacco,Marquise Brown,19,5848,1661,1686,-25,146.5,82.3,64.2
2025,QB,WR,QB_vs_WR,Joe Flacco,Cedric Tillman,19,10444,1661,1633,28,146.5,36.7,109.8
2025,QB,WR,QB_vs_WR,Joe Flacco,Romeo Doubs,19,8121,1661,1620,41,146.5,110.4,36.1
2025,QB,WR,QB_vs_WR,Joe Flacco,Keenan Allen,19,1479,1661,1507,154,146.5,98.1,48.4
2025,QB,WR,QB_vs_WR,Spencer Rattler,Quentin Johnston,11562,9754,1292,1293,-1,98.1,120.2,-22.1
2025,QB,WR,QB_vs_WR,Spencer Rattler,Wan'Dale Robinson,11562,8126,1292,1261,31,98.1,125.9,-27.8
2025,QB,WR,QB_vs_WR,Spencer Rattler,Demario Douglas,11562,9501,1292,1165,127,98.1,61.9,36.2
2025,QB,WR,QB_vs_WR,Spencer Rattler,Jalen McMillan,11562,11618,1292,1124,168,98.1,16.8,81.3
2025,QB,WR,QB_vs_WR,Kirk Cousins,Alec Pierce,1166,8142,847,972,-125,94.3,111.1,-16.8
2025,QB,WR,QB_vs_WR,Kirk Cousins,Adam Thielen,1166,1689,847,900,-53,94.3,16.3,78
2025,QB,WR,QB_vs_WR,Kirk Cousins,Dontayvion Wicks,1166,9486,847,858,-11,94.3,45.8,48.5
2025,QB,WR,QB_vs_WR,Kirk Cousins,Darius Slayton,1166,6149,847,824,23,94.3,56.4,37.9
2025,QB,WR,QB_vs_WR,Kirk Cousins,Michael Wilson,1166,10232,847,804,43,94.3,126.7,-32.4
2025,QB,WR,QB_vs_WR,Kirk Cousins,DeAndre Hopkins,1166,1426,847,781,66,94.3,45,49.3
2025,QB,WR,QB_vs_WR,Kirk Cousins,Calvin Austin III,1166,8125,847,730,117,94.3,43.7,50.6
2025,QB,WR,QB_vs_WR,Kirk Cousins,Kayshon Boutte,1166,9504,847,657,190,94.3,88.7,5.6
2025,QB,WR,QB_vs_WR,Drew Lock,Alec Pierce,5854,8142,789,972,-183,0.1,111.1,-111
2025,QB,WR,QB_vs_WR,Drew Lock,Adam Thielen,5854,1689,789,900,-111,0.1,16.3,-16.2
2025,QB,WR,QB_vs_WR,Drew Lock,Dontayvion Wicks,5854,9486,789,858,-69,0.1,45.8,-45.7
2025,QB,WR,QB_vs_WR,Drew Lock,Darius Slayton,5854,6149,789,824,-35,0.1,56.4,-56.3
2025,QB,WR,QB_vs_WR,Drew Lock,Michael Wilson,5854,10232,789,804,-15,0.1,126.7,-126.6
2025,QB,WR,QB_vs_WR,Drew Lock,DeAndre Hopkins,5854,1426,789,781,8,0.1,45,-44.9
2025,QB,WR,QB_vs_WR,Drew Lock,Calvin Austin III,5854,8125,789,730,59,0.1,43.7,-43.6
2025,QB,WR,QB_vs_WR,Drew Lock,Kayshon Boutte,5854,9504,789,657,132,0.1,88.7,-88.6
2025,QB,WR,QB_vs_WR,Drew Lock,Roman Wilson,5854,11630,789,596,193,0.1,26.6,-26.5
2025,QB,WR,QB_vs_WR,Jameis Winston,Adam Thielen,2306,1689,728,900,-172,42.3,16.3,26
2025,QB,WR,QB_vs_WR,Jameis Winston,Dontayvion Wicks,2306,9486,728,858,-130,42.3,45.8,-3.5
2025,QB,WR,QB_vs_WR,Jameis Winston,Darius Slayton,2306,6149,728,824,-96,42.3,56.4,-14.1
2025,QB,WR,QB_vs_WR,Jameis Winston,Michael Wilson,2306,10232,728,804,-76,42.3,126.7,-84.4
2025,QB,WR,QB_vs_WR,Jameis Winston,DeAndre Hopkins,2306,1426,728,781,-53,42.3,45,-2.7
2025,QB,WR,QB_vs_WR,Jameis Winston,Calvin Austin III,2306,8125,728,730,-2,42.3,43.7,-1.4
2025,QB,WR,QB_vs_WR,Jameis Winston,Kayshon Boutte,2306,9504,728,657,71,42.3,88.7,-46.4
2025,QB,WR,QB_vs_WR,Jameis Winston,Roman Wilson,2306,11630,728,596,132,42.3,26.6,15.7
2025,QB,WR,QB_vs_WR,Jameis Winston,Jalen Tolbert,2306,8117,728,560,168,42.3,28.3,14
2025,QB,WR,QB_vs_WR,Jameis Winston,Malik Washington,2306,11610,728,559,169,42.3,61.9,-19.6
2025,QB,WR,QB_vs_WR,Mason Rudolph,Calvin Austin III,4972,8125,569,730,-161,15,43.7,-28.7
2025,QB,WR,QB_vs_WR,Mason Rudolph,Kayshon Boutte,4972,9504,569,657,-88,15,88.7,-73.7
2025,QB,WR,QB_vs_WR,Mason Rudolph,Roman Wilson,4972,11630,569,596,-27,15,26.6,-11.6
2025,QB,WR,QB_vs_WR,Mason Rudolph,Jalen Tolbert,4972,8117,569,560,9,15,28.3,-13.3
2025,QB,WR,QB_vs_WR,Mason Rudolph,Malik Washington,4972,11610,569,559,10,15,61.9,-46.9
2025,QB,WR,QB_vs_WR,Mason Rudolph,Adonai Mitchell,4972,11625,569,477,92,15,54.9,-39.9
2025,QB,WR,QB_vs_WR,Mason Rudolph,Andrei Iosivas,4972,10226,569,470,99,15,55.9,-40.9
2025,QB,WR,QB_vs_WR,Mason Rudolph,Tyler Lockett,4972,2374,569,458,111,15,40.6,-25.6
2025,QB,WR,QB_vs_WR,Mason Rudolph,Dyami Brown,4972,7587,569,438,131,15,28.9,-13.9
2025,QB,WR,QB_vs_WR,Mason Rudolph,Jalen Nailor,4972,8180,569,383,186,15,66.8,-51.8
2025,QB,WR,QB_vs_WR,Mason Rudolph,Troy Franklin,4972,11627,569,370,199,15,112.1,-97.1
2025,QB,WR,QB_vs_WR,Tyson Bagent,Kayshon Boutte,11256,9504,481,657,-176,2.6,88.7,-86.1
2025,QB,WR,QB_vs_WR,Tyson Bagent,Roman Wilson,11256,11630,481,596,-115,2.6,26.6,-24
2025,QB,WR,QB_vs_WR,Tyson Bagent,Jalen Tolbert,11256,8117,481,560,-79,2.6,28.3,-25.7
2025,QB,WR,QB_vs_WR,Tyson Bagent,Malik Washington,11256,11610,481,559,-78,2.6,61.9,-59.3
2025,QB,WR,QB_vs_WR,Tyson Bagent,Adonai Mitchell,11256,11625,481,477,4,2.6,54.9,-52.3
2025,QB,WR,QB_vs_WR,Tyson Bagent,Andrei Iosivas,11256,10226,481,470,11,2.6,55.9,-53.3
2025,QB,WR,QB_vs_WR,Tyson Bagent,Tyler Lockett,11256,2374,481,458,23,2.6,40.6,-38
2025,QB,WR,QB_vs_WR,Tyson Bagent,Dyami Brown,11256,7587,481,438,43,2.6,28.9,-26.3
2025,QB,WR,QB_vs_WR,Tyson Bagent,Jalen Nailor,11256,8180,481,383,98,2.6,66.8,-64.2
2025,QB,WR,QB_vs_WR,Tyson Bagent,Troy Franklin,11256,11627,481,370,111,2.6,112.1,-109.5
2025,QB,WR,QB_vs_WR,Tyson Bagent,Olamide Zaccheaus,11256,6271,481,353,128,2.6,45.8,-43.2
2025,QB,WR,QB_vs_WR,Tyson Bagent,JuJu Smith-Schuster,11256,4040,481,317,164,2.6,39.2,-36.6
2025,QB,WR,QB_vs_WR,Tyson Bagent,Tre Tucker,11256,10213,481,299,182,2.6,101.3,-98.7
2025,QB,WR,QB_vs_WR,Malik Willis,Jalen Tolbert,8161,8117,361,560,-199,51.2,28.3,22.9
2025,QB,WR,QB_vs_WR,Malik Willis,Malik Washington,8161,11610,361,559,-198,51.2,61.9,-10.7
2025,QB,WR,QB_vs_WR,Malik Willis,Adonai Mitchell,8161,11625,361,477,-116,51.2,54.9,-3.7
2025,QB,WR,QB_vs_WR,Malik Willis,Andrei Iosivas,8161,10226,361,470,-109,51.2,55.9,-4.7
2025,QB,WR,QB_vs_WR,Malik Willis,Tyler Lockett,8161,2374,361,458,-97,51.2,40.6,10.6
2025,QB,WR,QB_vs_WR,Malik Willis,Dyami Brown,8161,7587,361,438,-77,51.2,28.9,22.3
2025,QB,WR,QB_vs_WR,Malik Willis,Jalen Nailor,8161,8180,361,383,-22,51.2,66.8,-15.6
2025,QB,WR,QB_vs_WR,Malik Willis,Troy Franklin,8161,11627,361,370,-9,51.2,112.1,-60.9
2025,QB,WR,QB_vs_WR,Malik Willis,Olamide Zaccheaus,8161,6271,361,353,8,51.2,45.8,5.4
2025,QB,WR,QB_vs_WR,Malik Willis,JuJu Smith-Schuster,8161,4040,361,317,44,51.2,39.2,12
2025,QB,WR,QB_vs_WR,Malik Willis,Tre Tucker,8161,10213,361,299,62,51.2,101.3,-50.1
2025,QB,WR,QB_vs_WR,Malik Willis,Brandin Cooks,8161,2197,361,278,83,51.2,27.9,23.3
2025,QB,WR,QB_vs_WR,Malik Willis,Tyquan Thornton,8161,8188,361,260,101,51.2,61.8,-10.6
2025,QB,WR,QB_vs_WR,Malik Willis,Christian Watson,8161,8167,361,258,103,51.2,97.4,-46.2
2025,QB,WR,QB_vs_WR,Malik Willis,Tutu Atwell,8161,7562,361,253,108,51.2,23.3,27.9
2025,QB,WR,QB_vs_WR,Malik Willis,Luke McCaffrey,8161,11650,361,228,133,51.2,40.3,10.9
2025,QB,WR,QB_vs_WR,Malik Willis,Skyy Moore,8161,8168,361,226,135,51.2,9.8,41.4
2025,QB,WR,QB_vs_WR,Malik Willis,Curtis Samuel,8161,4082,361,225,136,51.2,14.1,37.1
2025,QB,WR,QB_vs_WR,Malik Willis,KaVontae Turpin,8161,8917,361,218,143,51.2,57.8,-6.6
2025,QB,WR,QB_vs_WR,Malik Willis,Malachi Corley,8161,11617,361,213,148,51.2,16.8,34.4
2025,QB,WR,QB_vs_WR,Malik Willis,Noah Brown,8161,4234,361,213,148,51.2,8.3,42.9
2025,QB,WR,QB_vs_WR,Malik Willis,Marquez Valdes-Scantling,8161,5086,361,209,152,51.2,14.6,36.6
2025,QB,WR,QB_vs_WR,Malik Willis,Tim Patrick,8161,4351,361,208,153,51.2,36.3,14.9
2025,QB,WR,QB_vs_WR,Malik Willis,Josh Reynolds,8161,4171,361,206,155,51.2,12.1,39.1
2025,QB,WR,QB_vs_WR,Malik Willis,Elijah Moore,8161,7596,361,205,156,51.2,19.6,31.6
2025,QB,WR,QB_vs_WR,Malik Willis,Jahan Dotson,8161,8119,361,203,158,51.2,28.2,23
2025,QB,WR,QB_vs_WR,Malik Willis,John Metchie,8161,8147,361,202,159,51.2,36.9,14.3
2025,QB,WR,QB_vs_WR,Malik Willis,Nick Westbrook-Ikhine,8161,7496,361,192,169,51.2,8.9,42.3
2025,QB,WR,QB_vs_WR,Malik Willis,Demarcus Robinson,8161,3286,361,188,173,51.2,33.8,17.4
2025,QB,WR,QB_vs_WR,Malik Willis,Jalin Hyatt,8161,9497,361,178,183,51.2,3.5,47.7
2025,QB,WR,QB_vs_WR,Malik Willis,Allen Lazard,8161,5185,361,177,184,51.2,13,38.2
2025,QB,WR,QB_vs_WR,Malik Willis,Van Jefferson,8161,6853,361,167,194,51.2,41,10.2
2025,QB,WR,QB_vs_WR,Malik Willis,Zay Jones,8161,4080,361,166,195,51.2,18.3,32.9
2025,QB,WR,QB_vs_WR,Malik Willis,Parker Washington,8161,9487,361,165,196,51.2,112,-60.8
2025,QB,WR,QB_vs_WR,Trey Lance,Adonai Mitchell,7610,11625,284,477,-193,5.2,54.9,-49.7
2025,QB,WR,QB_vs_WR,Trey Lance,Andrei Iosivas,7610,10226,284,470,-186,5.2,55.9,-50.7
2025,QB,WR,QB_vs_WR,Trey Lance,Tyler Lockett,7610,2374,284,458,-174,5.2,40.6,-35.4
2025,QB,WR,QB_vs_WR,Trey Lance,Dyami Brown,7610,7587,284,438,-154,5.2,28.9,-23.7
2025,QB,WR,QB_vs_WR,Trey Lance,Jalen Nailor,7610,8180,284,383,-99,5.2,66.8,-61.6
2025,QB,WR,QB_vs_WR,Trey Lance,Troy Franklin,7610,11627,284,370,-86,5.2,112.1,-106.9
2025,QB,WR,QB_vs_WR,Trey Lance,Olamide Zaccheaus,7610,6271,284,353,-69,5.2,45.8,-40.6
2025,QB,WR,QB_vs_WR,Trey Lance,JuJu Smith-Schuster,7610,4040,284,317,-33,5.2,39.2,-34
2025,QB,WR,QB_vs_WR,Trey Lance,Tre Tucker,7610,10213,284,299,-15,5.2,101.3,-96.1
2025,QB,WR,QB_vs_WR,Trey Lance,Brandin Cooks,7610,2197,284,278,6,5.2,27.9,-22.7
2025,QB,WR,QB_vs_WR,Trey Lance,Tyquan Thornton,7610,8188,284,260,24,5.2,61.8,-56.6
2025,QB,WR,QB_vs_WR,Trey Lance,Christian Watson,7610,8167,284,258,26,5.2,97.4,-92.2
2025,QB,WR,QB_vs_WR,Trey Lance,Tutu Atwell,7610,7562,284,253,31,5.2,23.3,-18.1
2025,QB,WR,QB_vs_WR,Trey Lance,Luke McCaffrey,7610,11650,284,228,56,5.2,40.3,-35.1
2025,QB,WR,QB_vs_WR,Trey Lance,Skyy Moore,7610,8168,284,226,58,5.2,9.8,-4.6
2025,QB,WR,QB_vs_WR,Trey Lance,Curtis Samuel,7610,4082,284,225,59,5.2,14.1,-8.9
2025,QB,WR,QB_vs_WR,Trey Lance,KaVontae Turpin,7610,8917,284,218,66,5.2,57.8,-52.6
2025,QB,WR,QB_vs_WR,Trey Lance,Malachi Corley,7610,11617,284,213,71,5.2,16.8,-11.6
2025,QB,WR,QB_vs_WR,Trey Lance,Noah Brown,7610,4234,284,213,71,5.2,8.3,-3.1
2025,QB,WR,QB_vs_WR,Trey Lance,Marquez Valdes-Scantling,7610,5086,284,209,75,5.2,14.6,-9.4
2025,QB,WR,QB_vs_WR,Trey Lance,Tim Patrick,7610,4351,284,208,76,5.2,36.3,-31.1
2025,QB,WR,QB_vs_WR,Trey Lance,Josh Reynolds,7610,4171,284,206,78,5.2,12.1,-6.9
2025,QB,WR,QB_vs_WR,Trey Lance,Elijah Moore,7610,7596,284,205,79,5.2,19.6,-14.4
2025,QB,WR,QB_vs_WR,Trey Lance,Jahan Dotson,7610,8119,284,203,81,5.2,28.2,-23
2025,QB,WR,QB_vs_WR,Trey Lance,John Metchie,7610,8147,284,202,82,5.2,36.9,-31.7
2025,QB,WR,QB_vs_WR,Trey Lance,Nick Westbrook-Ikhine,7610,7496,284,192,92,5.2,8.9,-3.7
2025,QB,WR,QB_vs_WR,Trey Lance,Demarcus Robinson,7610,3286,284,188,96,5.2,33.8,-28.6
2025,QB,WR,QB_vs_WR,Trey Lance,Jalin Hyatt,7610,9497,284,178,106,5.2,3.5,1.7
2025,QB,WR,QB_vs_WR,Trey Lance,Allen Lazard,7610,5185,284,177,107,5.2,13,-7.8
2025,QB,WR,QB_vs_WR,Trey Lance,Van Jefferson,7610,6853,284,167,117,5.2,41,-35.8
2025,QB,WR,QB_vs_WR,Trey Lance,Zay Jones,7610,4080,284,166,118,5.2,18.3,-13.1
2025,QB,WR,QB_vs_WR,Trey Lance,Parker Washington,7610,9487,284,165,119,5.2,112,-106.8
2025,QB,WR,QB_vs_WR,Trey Lance,Jake Bobo,7610,10867,284,160,124,5.2,2,3.2
2025,QB,WR,QB_vs_WR,Joe Milton,Andrei Iosivas,11557,10226,274,470,-196,5.1,55.9,-50.8
2025,QB,WR,QB_vs_WR,Joe Milton,Tyler Lockett,11557,2374,274,458,-184,5.1,40.6,-35.5
2025,QB,WR,QB_vs_WR,Joe Milton,Dyami Brown,11557,7587,274,438,-164,5.1,28.9,-23.8
2025,QB,WR,QB_vs_WR,Joe Milton,Jalen Nailor,11557,8180,274,383,-109,5.1,66.8,-61.7
2025,QB,WR,QB_vs_WR,Joe Milton,Troy Franklin,11557,11627,274,370,-96,5.1,112.1,-107
2025,QB,WR,QB_vs_WR,Joe Milton,Olamide Zaccheaus,11557,6271,274,353,-79,5.1,45.8,-40.7
2025,QB,WR,QB_vs_WR,Joe Milton,JuJu Smith-Schuster,11557,4040,274,317,-43,5.1,39.2,-34.1
2025,QB,WR,QB_vs_WR,Joe Milton,Tre Tucker,11557,10213,274,299,-25,5.1,101.3,-96.2
2025,QB,WR,QB_vs_WR,Joe Milton,Brandin Cooks,11557,2197,274,278,-4,5.1,27.9,-22.8
2025,QB,WR,QB_vs_WR,Joe Milton,Tyquan Thornton,11557,8188,274,260,14,5.1,61.8,-56.7
2025,QB,WR,QB_vs_WR,Joe Milton,Christian Watson,11557,8167,274,258,16,5.1,97.4,-92.3
2025,QB,WR,QB_vs_WR,Joe Milton,Tutu Atwell,11557,7562,274,253,21,5.1,23.3,-18.2
2025,QB,WR,QB_vs_WR,Joe Milton,Luke McCaffrey,11557,11650,274,228,46,5.1,40.3,-35.2
2025,QB,WR,QB_vs_WR,Joe Milton,Skyy Moore,11557,8168,274,226,48,5.1,9.8,-4.7
2025,QB,WR,QB_vs_WR,Joe Milton,Curtis Samuel,11557,4082,274,225,49,5.1,14.1,-9
2025,QB,WR,QB_vs_WR,Joe Milton,KaVontae Turpin,11557,8917,274,218,56,5.1,57.8,-52.7
2025,QB,WR,QB_vs_WR,Joe Milton,Malachi Corley,11557,11617,274,213,61,5.1,16.8,-11.7
2025,QB,WR,QB_vs_WR,Joe Milton,Noah Brown,11557,4234,274,213,61,5.1,8.3,-3.2
2025,QB,WR,QB_vs_WR,Joe Milton,Marquez Valdes-Scantling,11557,5086,274,209,65,5.1,14.6,-9.5
2025,QB,WR,QB_vs_WR,Joe Milton,Tim Patrick,11557,4351,274,208,66,5.1,36.3,-31.2
2025,QB,WR,QB_vs_WR,Joe Milton,Josh Reynolds,11557,4171,274,206,68,5.1,12.1,-7
2025,QB,WR,QB_vs_WR,Joe Milton,Elijah Moore,11557,7596,274,205,69,5.1,19.6,-14.5
2025,QB,WR,QB_vs_WR,Joe Milton,Jahan Dotson,11557,8119,274,203,71,5.1,28.2,-23.1
2025,QB,WR,QB_vs_WR,Joe Milton,John Metchie,11557,8147,274,202,72,5.1,36.9,-31.8
2025,QB,WR,QB_vs_WR,Joe Milton,Nick Westbrook-Ikhine,11557,7496,274,192,82,5.1,8.9,-3.8
2025,QB,WR,QB_vs_WR,Joe Milton,Demarcus Robinson,11557,3286,274,188,86,5.1,33.8,-28.7
2025,QB,WR,QB_vs_WR,Joe Milton,Jalin Hyatt,11557,9497,274,178,96,5.1,3.5,1.6
2025,QB,WR,QB_vs_WR,Joe Milton,Allen Lazard,11557,5185,274,177,97,5.1,13,-7.9
2025,QB,WR,QB_vs_WR,Joe Milton,Van Jefferson,11557,6853,274,167,107,5.1,41,-35.9
2025,QB,WR,QB_vs_WR,Joe Milton,Zay Jones,11557,4080,274,166,108,5.1,18.3,-13.2
2025,QB,WR,QB_vs_WR,Joe Milton,Parker Washington,11557,9487,274,165,109,5.1,112,-106.9
2025,QB,WR,QB_vs_WR,Joe Milton,Jake Bobo,11557,10867,274,160,114,5.1,2,3.1
2025,QB,WR,QB_vs_WR,Jake Browning,Dyami Brown,6111,7587,248,438,-190,48.7,28.9,19.8
2025,QB,WR,QB_vs_WR,Jake Browning,Jalen Nailor,6111,8180,248,383,-135,48.7,66.8,-18.1
2025,QB,WR,QB_vs_WR,Jake Browning,Troy Franklin,6111,11627,248,370,-122,48.7,112.1,-63.4
2025,QB,WR,QB_vs_WR,Jake Browning,Olamide Zaccheaus,6111,6271,248,353,-105,48.7,45.8,2.9
2025,QB,WR,QB_vs_WR,Jake Browning,JuJu Smith-Schuster,6111,4040,248,317,-69,48.7,39.2,9.5
2025,QB,WR,QB_vs_WR,Jake Browning,Tre Tucker,6111,10213,248,299,-51,48.7,101.3,-52.6
2025,QB,WR,QB_vs_WR,Jake Browning,Brandin Cooks,6111,2197,248,278,-30,48.7,27.9,20.8
2025,QB,WR,QB_vs_WR,Jake Browning,Tyquan Thornton,6111,8188,248,260,-12,48.7,61.8,-13.1
2025,QB,WR,QB_vs_WR,Jake Browning,Christian Watson,6111,8167,248,258,-10,48.7,97.4,-48.7
2025,QB,WR,QB_vs_WR,Jake Browning,Tutu Atwell,6111,7562,248,253,-5,48.7,23.3,25.4
2025,QB,WR,QB_vs_WR,Jake Browning,Luke McCaffrey,6111,11650,248,228,20,48.7,40.3,8.4
2025,QB,WR,QB_vs_WR,Jake Browning,Skyy Moore,6111,8168,248,226,22,48.7,9.8,38.9
2025,QB,WR,QB_vs_WR,Jake Browning,Curtis Samuel,6111,4082,248,225,23,48.7,14.1,34.6
2025,QB,WR,QB_vs_WR,Jake Browning,KaVontae Turpin,6111,8917,248,218,30,48.7,57.8,-9.1
2025,QB,WR,QB_vs_WR,Jake Browning,Malachi Corley,6111,11617,248,213,35,48.7,16.8,31.9
2025,QB,WR,QB_vs_WR,Jake Browning,Noah Brown,6111,4234,248,213,35,48.7,8.3,40.4
2025,QB,WR,QB_vs_WR,Jake Browning,Marquez Valdes-Scantling,6111,5086,248,209,39,48.7,14.6,34.1
2025,QB,WR,QB_vs_WR,Jake Browning,Tim Patrick,6111,4351,248,208,40,48.7,36.3,12.4
2025,QB,WR,QB_vs_WR,Jake Browning,Josh Reynolds,6111,4171,248,206,42,48.7,12.1,36.6
2025,QB,WR,QB_vs_WR,Jake Browning,Elijah Moore,6111,7596,248,205,43,48.7,19.6,29.1
2025,QB,WR,QB_vs_WR,Jake Browning,Jahan Dotson,6111,8119,248,203,45,48.7,28.2,20.5
2025,QB,WR,QB_vs_WR,Jake Browning,John Metchie,6111,8147,248,202,46,48.7,36.9,11.8
2025,QB,WR,QB_vs_WR,Jake Browning,Nick Westbrook-Ikhine,6111,7496,248,192,56,48.7,8.9,39.8
2025,QB,WR,QB_vs_WR,Jake Browning,Demarcus Robinson,6111,3286,248,188,60,48.7,33.8,14.9
2025,QB,WR,QB_vs_WR,Jake Browning,Jalin Hyatt,6111,9497,248,178,70,48.7,3.5,45.2
2025,QB,WR,QB_vs_WR,Jake Browning,Allen Lazard,6111,5185,248,177,71,48.7,13,35.7
2025,QB,WR,QB_vs_WR,Jake Browning,Van Jefferson,6111,6853,248,167,81,48.7,41,7.7
2025,QB,WR,QB_vs_WR,Jake Browning,Zay Jones,6111,4080,248,166,82,48.7,18.3,30.4
2025,QB,WR,QB_vs_WR,Jake Browning,Parker Washington,6111,9487,248,165,83,48.7,112,-63.3
2025,QB,WR,QB_vs_WR,Jake Browning,Jake Bobo,6111,10867,248,160,88,48.7,2,46.7
2025,QB,WR,QB_vs_WR,Mac Jones,Jalen Nailor,7527,8180,234,383,-149,130,66.8,63.2
2025,QB,WR,QB_vs_WR,Mac Jones,Troy Franklin,7527,11627,234,370,-136,130,112.1,17.9
2025,QB,WR,QB_vs_WR,Mac Jones,Olamide Zaccheaus,7527,6271,234,353,-119,130,45.8,84.2
2025,QB,WR,QB_vs_WR,Mac Jones,JuJu Smith-Schuster,7527,4040,234,317,-83,130,39.2,90.8
2025,QB,WR,QB_vs_WR,Mac Jones,Tre Tucker,7527,10213,234,299,-65,130,101.3,28.7
2025,QB,WR,QB_vs_WR,Mac Jones,Brandin Cooks,7527,2197,234,278,-44,130,27.9,102.1
2025,QB,WR,QB_vs_WR,Mac Jones,Tyquan Thornton,7527,8188,234,260,-26,130,61.8,68.2
2025,QB,WR,QB_vs_WR,Mac Jones,Christian Watson,7527,8167,234,258,-24,130,97.4,32.6
2025,QB,WR,QB_vs_WR,Mac Jones,Tutu Atwell,7527,7562,234,253,-19,130,23.3,106.7
2025,QB,WR,QB_vs_WR,Mac Jones,Luke McCaffrey,7527,11650,234,228,6,130,40.3,89.7
2025,QB,WR,QB_vs_WR,Mac Jones,Skyy Moore,7527,8168,234,226,8,130,9.8,120.2
2025,QB,WR,QB_vs_WR,Mac Jones,Curtis Samuel,7527,4082,234,225,9,130,14.1,115.9
2025,QB,WR,QB_vs_WR,Mac Jones,KaVontae Turpin,7527,8917,234,218,16,130,57.8,72.2
2025,QB,WR,QB_vs_WR,Mac Jones,Malachi Corley,7527,11617,234,213,21,130,16.8,113.2
2025,QB,WR,QB_vs_WR,Mac Jones,Noah Brown,7527,4234,234,213,21,130,8.3,121.7
2025,QB,WR,QB_vs_WR,Mac Jones,Marquez Valdes-Scantling,7527,5086,234,209,25,130,14.6,115.4
2025,QB,WR,QB_vs_WR,Mac Jones,Tim Patrick,7527,4351,234,208,26,130,36.3,93.7
2025,QB,WR,QB_vs_WR,Mac Jones,Josh Reynolds,7527,4171,234,206,28,130,12.1,117.9
2025,QB,WR,QB_vs_WR,Mac Jones,Elijah Moore,7527,7596,234,205,29,130,19.6,110.4
2025,QB,WR,QB_vs_WR,Mac Jones,Jahan Dotson,7527,8119,234,203,31,130,28.2,101.8
2025,QB,WR,QB_vs_WR,Mac Jones,John Metchie,7527,8147,234,202,32,130,36.9,93.1
2025,QB,WR,QB_vs_WR,Mac Jones,Nick Westbrook-Ikhine,7527,7496,234,192,42,130,8.9,121.1
2025,QB,WR,QB_vs_WR,Mac Jones,Demarcus Robinson,7527,3286,234,188,46,130,33.8,96.2
2025,QB,WR,QB_vs_WR,Mac Jones,Jalin Hyatt,7527,9497,234,178,56,130,3.5,126.5
2025,QB,WR,QB_vs_WR,Mac Jones,Allen Lazard,7527,5185,234,177,57,130,13,117
2025,QB,WR,QB_vs_WR,Mac Jones,Van Jefferson,7527,6853,234,167,67,130,41,89
2025,QB,WR,QB_vs_WR,Mac Jones,Zay Jones,7527,4080,234,166,68,130,18.3,111.7
2025,QB,WR,QB_vs_WR,Mac Jones,Parker Washington,7527,9487,234,165,69,130,112,18
2025,QB,WR,QB_vs_WR,Mac Jones,Jake Bobo,7527,10867,234,160,74,130,2,128
2025,QB,WR,QB_vs_WR,Zach Wilson,Jalen Nailor,7538,8180,233,383,-150,1.4,66.8,-65.4
2025,QB,WR,QB_vs_WR,Zach Wilson,Troy Franklin,7538,11627,233,370,-137,1.4,112.1,-110.7
2025,QB,WR,QB_vs_WR,Zach Wilson,Olamide Zaccheaus,7538,6271,233,353,-120,1.4,45.8,-44.4
2025,QB,WR,QB_vs_WR,Zach Wilson,JuJu Smith-Schuster,7538,4040,233,317,-84,1.4,39.2,-37.8
2025,QB,WR,QB_vs_WR,Zach Wilson,Tre Tucker,7538,10213,233,299,-66,1.4,101.3,-99.9
2025,QB,WR,QB_vs_WR,Zach Wilson,Brandin Cooks,7538,2197,233,278,-45,1.4,27.9,-26.5
2025,QB,WR,QB_vs_WR,Zach Wilson,Tyquan Thornton,7538,8188,233,260,-27,1.4,61.8,-60.4
2025,QB,WR,QB_vs_WR,Zach Wilson,Christian Watson,7538,8167,233,258,-25,1.4,97.4,-96
2025,QB,WR,QB_vs_WR,Zach Wilson,Tutu Atwell,7538,7562,233,253,-20,1.4,23.3,-21.9
2025,QB,WR,QB_vs_WR,Zach Wilson,Luke McCaffrey,7538,11650,233,228,5,1.4,40.3,-38.9
2025,QB,WR,QB_vs_WR,Zach Wilson,Skyy Moore,7538,8168,233,226,7,1.4,9.8,-8.4
2025,QB,WR,QB_vs_WR,Zach Wilson,Curtis Samuel,7538,4082,233,225,8,1.4,14.1,-12.7
2025,QB,WR,QB_vs_WR,Zach Wilson,KaVontae Turpin,7538,8917,233,218,15,1.4,57.8,-56.4
2025,QB,WR,QB_vs_WR,Zach Wilson,Malachi Corley,7538,11617,233,213,20,1.4,16.8,-15.4
2025,QB,WR,QB_vs_WR,Zach Wilson,Noah Brown,7538,4234,233,213,20,1.4,8.3,-6.9
2025,QB,WR,QB_vs_WR,Zach Wilson,Marquez Valdes-Scantling,7538,5086,233,209,24,1.4,14.6,-13.2
2025,QB,WR,QB_vs_WR,Zach Wilson,Tim Patrick,7538,4351,233,208,25,1.4,36.3,-34.9
2025,QB,WR,QB_vs_WR,Zach Wilson,Josh Reynolds,7538,4171,233,206,27,1.4,12.1,-10.7
2025,QB,WR,QB_vs_WR,Zach Wilson,Elijah Moore,7538,7596,233,205,28,1.4,19.6,-18.2
2025,QB,WR,QB_vs_WR,Zach Wilson,Jahan Dotson,7538,8119,233,203,30,1.4,28.2,-26.8
2025,QB,WR,QB_vs_WR,Zach Wilson,John Metchie,7538,8147,233,202,31,1.4,36.9,-35.5
2025,QB,WR,QB_vs_WR,Zach Wilson,Nick Westbrook-Ikhine,7538,7496,233,192,41,1.4,8.9,-7.5
2025,QB,WR,QB_vs_WR,Zach Wilson,Demarcus Robinson,7538,3286,233,188,45,1.4,33.8,-32.4
2025,QB,WR,QB_vs_WR,Zach Wilson,Jalin Hyatt,7538,9497,233,178,55,1.4,3.5,-2.1
2025,QB,WR,QB_vs_WR,Zach Wilson,Allen Lazard,7538,5185,233,177,56,1.4,13,-11.6
2025,QB,WR,QB_vs_WR,Zach Wilson,Van Jefferson,7538,6853,233,167,66,1.4,41,-39.6
2025,QB,WR,QB_vs_WR,Zach Wilson,Zay Jones,7538,4080,233,166,67,1.4,18.3,-16.9
2025,QB,WR,QB_vs_WR,Zach Wilson,Parker Washington,7538,9487,233,165,68,1.4,112,-110.6
2025,QB,WR,QB_vs_WR,Zach Wilson,Jake Bobo,7538,10867,233,160,73,1.4,2,-0.6
2025,QB,WR,QB_vs_WR,Kenny Pickett,Troy Franklin,8160,11627,175,370,-195,8.7,112.1,-103.4
2025,QB,WR,QB_vs_WR,Kenny Pickett,Olamide Zaccheaus,8160,6271,175,353,-178,8.7,45.8,-37.1
2025,QB,WR,QB_vs_WR,Kenny Pickett,JuJu Smith-Schuster,8160,4040,175,317,-142,8.7,39.2,-30.5
2025,QB,WR,QB_vs_WR,Kenny Pickett,Tre Tucker,8160,10213,175,299,-124,8.7,101.3,-92.6
2025,QB,WR,QB_vs_WR,Kenny Pickett,Brandin Cooks,8160,2197,175,278,-103,8.7,27.9,-19.2
2025,QB,WR,QB_vs_WR,Kenny Pickett,Tyquan Thornton,8160,8188,175,260,-85,8.7,61.8,-53.1
2025,QB,WR,QB_vs_WR,Kenny Pickett,Christian Watson,8160,8167,175,258,-83,8.7,97.4,-88.7
2025,QB,WR,QB_vs_WR,Kenny Pickett,Tutu Atwell,8160,7562,175,253,-78,8.7,23.3,-14.6
2025,QB,WR,QB_vs_WR,Kenny Pickett,Luke McCaffrey,8160,11650,175,228,-53,8.7,40.3,-31.6
2025,QB,WR,QB_vs_WR,Kenny Pickett,Skyy Moore,8160,8168,175,226,-51,8.7,9.8,-1.1
2025,QB,WR,QB_vs_WR,Kenny Pickett,Curtis Samuel,8160,4082,175,225,-50,8.7,14.1,-5.4
2025,QB,WR,QB_vs_WR,Kenny Pickett,KaVontae Turpin,8160,8917,175,218,-43,8.7,57.8,-49.1
2025,QB,WR,QB_vs_WR,Kenny Pickett,Malachi Corley,8160,11617,175,213,-38,8.7,16.8,-8.1
2025,QB,WR,QB_vs_WR,Kenny Pickett,Noah Brown,8160,4234,175,213,-38,8.7,8.3,0.4
2025,QB,WR,QB_vs_WR,Kenny Pickett,Marquez Valdes-Scantling,8160,5086,175,209,-34,8.7,14.6,-5.9
2025,QB,WR,QB_vs_WR,Kenny Pickett,Tim Patrick,8160,4351,175,208,-33,8.7,36.3,-27.6
2025,QB,WR,QB_vs_WR,Kenny Pickett,Josh Reynolds,8160,4171,175,206,-31,8.7,12.1,-3.4
2025,QB,WR,QB_vs_WR,Kenny Pickett,Elijah Moore,8160,7596,175,205,-30,8.7,19.6,-10.9
2025,QB,WR,QB_vs_WR,Kenny Pickett,Jahan Dotson,8160,8119,175,203,-28,8.7,28.2,-19.5
2025,QB,WR,QB_vs_WR,Kenny Pickett,John Metchie,8160,8147,175,202,-27,8.7,36.9,-28.2
2025,QB,WR,QB_vs_WR,Kenny Pickett,Nick Westbrook-Ikhine,8160,7496,175,192,-17,8.7,8.9,-0.2
2025,QB,WR,QB_vs_WR,Kenny Pickett,Demarcus Robinson,8160,3286,175,188,-13,8.7,33.8,-25.1
2025,QB,WR,QB_vs_WR,Kenny Pickett,Jalin Hyatt,8160,9497,175,178,-3,8.7,3.5,5.2
2025,QB,WR,QB_vs_WR,Kenny Pickett,Allen Lazard,8160,5185,175,177,-2,8.7,13,-4.3
2025,QB,WR,QB_vs_WR,Kenny Pickett,Van Jefferson,8160,6853,175,167,8,8.7,41,-32.3
2025,QB,WR,QB_vs_WR,Kenny Pickett,Zay Jones,8160,4080,175,166,9,8.7,18.3,-9.6
2025,QB,WR,QB_vs_WR,Kenny Pickett,Parker Washington,8160,9487,175,165,10,8.7,112,-103.3
2025,QB,WR,QB_vs_WR,Kenny Pickett,Jake Bobo,8160,10867,175,160,15,8.7,2,6.7
2025,QB,WR,QB_vs_WR,Tyler Huntley,Troy Franklin,7083,11627,172,370,-198,40.1,112.1,-72
2025,QB,WR,QB_vs_WR,Tyler Huntley,Olamide Zaccheaus,7083,6271,172,353,-181,40.1,45.8,-5.7
2025,QB,WR,QB_vs_WR,Tyler Huntley,JuJu Smith-Schuster,7083,4040,172,317,-145,40.1,39.2,0.9
2025,QB,WR,QB_vs_WR,Tyler Huntley,Tre Tucker,7083,10213,172,299,-127,40.1,101.3,-61.2
2025,QB,WR,QB_vs_WR,Tyler Huntley,Brandin Cooks,7083,2197,172,278,-106,40.1,27.9,12.2
2025,QB,WR,QB_vs_WR,Tyler Huntley,Tyquan Thornton,7083,8188,172,260,-88,40.1,61.8,-21.7
2025,QB,WR,QB_vs_WR,Tyler Huntley,Christian Watson,7083,8167,172,258,-86,40.1,97.4,-57.3
2025,QB,WR,QB_vs_WR,Tyler Huntley,Tutu Atwell,7083,7562,172,253,-81,40.1,23.3,16.8
2025,QB,WR,QB_vs_WR,Tyler Huntley,Luke McCaffrey,7083,11650,172,228,-56,40.1,40.3,-0.2
2025,QB,WR,QB_vs_WR,Tyler Huntley,Skyy Moore,7083,8168,172,226,-54,40.1,9.8,30.3
2025,QB,WR,QB_vs_WR,Tyler Huntley,Curtis Samuel,7083,4082,172,225,-53,40.1,14.1,26
2025,QB,WR,QB_vs_WR,Tyler Huntley,KaVontae Turpin,7083,8917,172,218,-46,40.1,57.8,-17.7
2025,QB,WR,QB_vs_WR,Tyler Huntley,Malachi Corley,7083,11617,172,213,-41,40.1,16.8,23.3
2025,QB,WR,QB_vs_WR,Tyler Huntley,Noah Brown,7083,4234,172,213,-41,40.1,8.3,31.8
2025,QB,WR,QB_vs_WR,Tyler Huntley,Marquez Valdes-Scantling,7083,5086,172,209,-37,40.1,14.6,25.5
2025,QB,WR,QB_vs_WR,Tyler Huntley,Tim Patrick,7083,4351,172,208,-36,40.1,36.3,3.8
2025,QB,WR,QB_vs_WR,Tyler Huntley,Josh Reynolds,7083,4171,172,206,-34,40.1,12.1,28
2025,QB,WR,QB_vs_WR,Tyler Huntley,Elijah Moore,7083,7596,172,205,-33,40.1,19.6,20.5
2025,QB,WR,QB_vs_WR,Tyler Huntley,Jahan Dotson,7083,8119,172,203,-31,40.1,28.2,11.9
2025,QB,WR,QB_vs_WR,Tyler Huntley,John Metchie,7083,8147,172,202,-30,40.1,36.9,3.2
2025,QB,WR,QB_vs_WR,Tyler Huntley,Nick Westbrook-Ikhine,7083,7496,172,192,-20,40.1,8.9,31.2
2025,QB,WR,QB_vs_WR,Tyler Huntley,Demarcus Robinson,7083,3286,172,188,-16,40.1,33.8,6.3
2025,QB,WR,QB_vs_WR,Tyler Huntley,Jalin Hyatt,7083,9497,172,178,-6,40.1,3.5,36.6
2025,QB,WR,QB_vs_WR,Tyler Huntley,Allen Lazard,7083,5185,172,177,-5,40.1,13,27.1
2025,QB,WR,QB_vs_WR,Tyler Huntley,Van Jefferson,7083,6853,172,167,5,40.1,41,-0.9
2025,QB,WR,QB_vs_WR,Tyler Huntley,Zay Jones,7083,4080,172,166,6,40.1,18.3,21.8
2025,QB,WR,QB_vs_WR,Tyler Huntley,Parker Washington,7083,9487,172,165,7,40.1,112,-71.9
2025,QB,WR,QB_vs_WR,Tyler Huntley,Jake Bobo,7083,10867,172,160,12,40.1,2,38.1
2025,QB,TE,QB_vs_TE,Kyler Murray,George Kittle,5849,4217,6128,6007,121,77.8,127.6,-49.8
2025,QB,TE,QB_vs_TE,Brock Purdy,George Kittle,8183,4217,5935,6007,-72,172.2,127.6,44.6
2025,QB,TE,QB_vs_TE,Justin Fields,Sam LaPorta,7591,10859,5434,5388,46,142.7,86.9,55.8
2025,QB,TE,QB_vs_TE,Jared Goff,Sam LaPorta,3163,10859,5333,5388,-55,281.8,86.9,194.9
2025,QB,TE,QB_vs_TE,Drake Maye,Travis Kelce,11564,1466,5173,5077,96,335.2,152.5,182.7
2025,QB,TE,QB_vs_TE,Justin Herbert,Travis Kelce,6797,1466,4979,5077,-98,286.9,152.5,134.4
2025,QB,TE,QB_vs_TE,Justin Herbert,T.J. Hockenson,6797,5844,4979,4915,64,286.9,87.3,199.6
2025,QB,TE,QB_vs_TE,J.J. McCarthy,Travis Kelce,11565,1466,4919,5077,-158,117.4,152.5,-35.1
2025,QB,TE,QB_vs_TE,J.J. McCarthy,T.J. Hockenson,11565,5844,4919,4915,4,117.4,87.3,30.1
2025,QB,TE,QB_vs_TE,C.J. Stroud,T.J. Hockenson,9758,5844,4833,4915,-82,191.3,87.3,104
2025,QB,TE,QB_vs_TE,Michael Penix Jr.,Tyler Warren,11559,12518,4172,4245,-73,120.3,145.4,-25.1
2025,QB,TE,QB_vs_TE,Bryce Young,Evan Engram,9228,4066,3731,3752,-21,201.5,71.8,129.7
2025,QB,TE,QB_vs_TE,Tua Tagovailoa,Evan Engram,6768,4066,3658,3752,-94,160.7,71.8,88.9
2025,QB,TE,QB_vs_TE,Tua Tagovailoa,David Njoku,6768,4033,3658,3518,140,160.7,69.8,90.9
2025,QB,TE,QB_vs_TE,Tua Tagovailoa,Tucker Kraft,6768,9484,3658,3492,166,160.7,101.2,59.5
2025,QB,TE,QB_vs_TE,Tua Tagovailoa,Colston Loveland,6768,12517,3658,3458,200,160.7,116,44.7
2025,QB,TE,QB_vs_TE,Geno Smith,Jake Ferguson,1373,8110,3169,3322,-153,173.9,146.1,27.8
2025,QB,TE,QB_vs_TE,Geno Smith,Dalton Kincaid,1373,10236,3169,3288,-119,173.9,100.3,73.6
2025,QB,TE,QB_vs_TE,Geno Smith,Dallas Goedert,1373,5022,3169,3244,-75,173.9,155.1,18.8
2025,QB,TE,QB_vs_TE,Geno Smith,Kyle Pitts,1373,7553,3169,3239,-70,173.9,158,15.9
2025,QB,TE,QB_vs_TE,Geno Smith,Zach Ertz,1373,1339,3169,3082,87,173.9,101.4,72.5
2025,QB,TE,QB_vs_TE,Geno Smith,Brenton Strange,1373,9480,3169,3021,148,173.9,80.8,93.1
2025,QB,TE,QB_vs_TE,Geno Smith,Hunter Henry,1373,3214,3169,2975,194,173.9,140.7,33.2
2025,QB,TE,QB_vs_TE,Matthew Stafford,Brenton Strange,421,9480,2842,3021,-179,323.7,80.8,242.9
2025,QB,TE,QB_vs_TE,Matthew Stafford,Hunter Henry,421,3214,2842,2975,-133,323.7,140.7,183
2025,QB,TE,QB_vs_TE,Matthew Stafford,Chigoziem Okonkwo,421,8210,2842,2701,141,323.7,94.8,228.9
2025,QB,TE,QB_vs_TE,Sam Darnold,Hunter Henry,4943,3214,2811,2975,-164,226.6,140.7,85.9
2025,QB,TE,QB_vs_TE,Sam Darnold,Chigoziem Okonkwo,4943,8210,2811,2701,110,226.6,94.8,131.8
2025,QB,TE,QB_vs_TE,Sam Darnold,Jonnu Smith,4943,4144,2811,2633,178,226.6,65.3,161.3
2025,QB,TE,QB_vs_TE,Aaron Rodgers,Chigoziem Okonkwo,96,8210,2523,2701,-178,208.3,94.8,113.5
2025,QB,TE,QB_vs_TE,Aaron Rodgers,Jonnu Smith,96,4144,2523,2633,-110,208.3,65.3,143
2025,QB,TE,QB_vs_TE,Aaron Rodgers,Isaiah Likely,96,8131,2523,2423,100,208.3,44,164.3
2025,QB,TE,QB_vs_TE,Aaron Rodgers,Mason Taylor,96,12498,2523,2368,155,208.3,66.9,141.4
2025,QB,TE,QB_vs_TE,Daniel Jones,Mike Gesicki,5870,4993,2113,2186,-73,226.4,54.4,172
2025,QB,TE,QB_vs_TE,Daniel Jones,Ja'Tavion Sanders,5870,11600,2113,2100,13,226.4,39.5,186.9
2025,QB,TE,QB_vs_TE,Daniel Jones,Theo Johnson,5870,11597,2113,2017,96,226.4,105.3,121.1
2025,QB,TE,QB_vs_TE,Russell Wilson,Theo Johnson,1234,11597,1888,2017,-129,49.8,105.3,-55.5
2025,QB,TE,QB_vs_TE,Russell Wilson,Elijah Arroyo,1234,12521,1888,1877,11,49.8,29.4,20.4
2025,QB,TE,QB_vs_TE,Russell Wilson,Harold Fannin,1234,12506,1888,1833,55,49.8,150.4,-100.6
2025,QB,TE,QB_vs_TE,Russell Wilson,Pat Freiermuth,1234,7600,1888,1778,110,49.8,86.5,-36.7
2025,QB,TE,QB_vs_TE,Anthony Richardson,Elijah Arroyo,9229,12521,1786,1877,-91,1.2,29.4,-28.2
2025,QB,TE,QB_vs_TE,Anthony Richardson,Harold Fannin,9229,12506,1786,1833,-47,1.2,150.4,-149.2
2025,QB,TE,QB_vs_TE,Anthony Richardson,Pat Freiermuth,9229,7600,1786,1778,8,1.2,86.5,-85.3
2025,QB,TE,QB_vs_TE,Anthony Richardson,Juwan Johnson,9229,7002,1786,1619,167,1.2,135.8,-134.6
2025,QB,TE,QB_vs_TE,Joe Flacco,Harold Fannin,19,12506,1661,1833,-172,146.5,150.4,-3.9
2025,QB,TE,QB_vs_TE,Joe Flacco,Pat Freiermuth,19,7600,1661,1778,-117,146.5,86.5,60
2025,QB,TE,QB_vs_TE,Joe Flacco,Juwan Johnson,19,7002,1661,1619,42,146.5,135.8,10.7
2025,QB,TE,QB_vs_TE,Joe Flacco,Dalton Schultz,19,5001,1661,1573,88,146.5,127.4,19.1
2025,QB,TE,QB_vs_TE,Joe Flacco,Darren Waller,19,2505,1661,1510,151,146.5,76.7,69.8
2025,QB,TE,QB_vs_TE,Spencer Rattler,Tyler Higbee,11562,3271,1292,1428,-136,98.1,41,57.1
2025,QB,TE,QB_vs_TE,Spencer Rattler,Noah Gray,11562,7828,1292,1395,-103,98.1,23.8,74.3
2025,QB,TE,QB_vs_TE,Spencer Rattler,Cole Kmet,11562,6826,1292,1362,-70,98.1,59.1,39
2025,QB,TE,QB_vs_TE,Spencer Rattler,Terrance Ferguson,11562,12487,1292,1289,3,98.1,46.6,51.5
2025,QB,TE,QB_vs_TE,Spencer Rattler,Tyler Conklin,11562,5133,1292,1215,77,98.1,12.7,85.4
2025,QB,TE,QB_vs_TE,Spencer Rattler,Noah Fant,11562,5857,1292,1192,100,98.1,58.8,39.3
2025,QB,TE,QB_vs_TE,Spencer Rattler,Oronde Gadsden,11562,12493,1292,1104,188,98.1,103.6,-5.5
2025,QB,TE,QB_vs_TE,Kirk Cousins,AJ Barner,1166,11603,847,1045,-198,94.3,118.9,-24.6
2025,QB,TE,QB_vs_TE,Kirk Cousins,Foster Moreau,1166,5985,847,925,-78,94.3,9.4,84.9
2025,QB,TE,QB_vs_TE,Kirk Cousins,Michael Mayer,1166,9482,847,907,-60,94.3,50.1,44.2
2025,QB,TE,QB_vs_TE,Kirk Cousins,Taysom Hill,1166,4381,847,860,-13,94.3,31.6,62.7
2025,QB,TE,QB_vs_TE,Kirk Cousins,Ben Sinnott,1166,11596,847,844,3,94.3,21.6,72.7
2025,QB,TE,QB_vs_TE,Kirk Cousins,Dawson Knox,1166,5906,847,840,7,94.3,76.3,18
2025,QB,TE,QB_vs_TE,Kirk Cousins,Gunnar Helm,1166,12502,847,795,52,94.3,69.7,24.6
2025,QB,TE,QB_vs_TE,Kirk Cousins,Luke Musgrave,1166,9481,847,787,60,94.3,37.2,57.1
2025,QB,TE,QB_vs_TE,Kirk Cousins,Will Dissly,1166,5010,847,703,144,94.3,14.1,80.2
2025,QB,TE,QB_vs_TE,Kirk Cousins,Colby Parkinson,1166,6865,847,666,181,94.3,90.7,3.6
2025,QB,TE,QB_vs_TE,Drew Lock,Foster Moreau,5854,5985,789,925,-136,0.1,9.4,-9.3
2025,QB,TE,QB_vs_TE,Drew Lock,Michael Mayer,5854,9482,789,907,-118,0.1,50.1,-50
2025,QB,TE,QB_vs_TE,Drew Lock,Taysom Hill,5854,4381,789,860,-71,0.1,31.6,-31.5
2025,QB,TE,QB_vs_TE,Drew Lock,Ben Sinnott,5854,11596,789,844,-55,0.1,21.6,-21.5
2025,QB,TE,QB_vs_TE,Drew Lock,Dawson Knox,5854,5906,789,840,-51,0.1,76.3,-76.2
2025,QB,TE,QB_vs_TE,Drew Lock,Gunnar Helm,5854,12502,789,795,-6,0.1,69.7,-69.6
2025,QB,TE,QB_vs_TE,Drew Lock,Luke Musgrave,5854,9481,789,787,2,0.1,37.2,-37.1
2025,QB,TE,QB_vs_TE,Drew Lock,Will Dissly,5854,5010,789,703,86,0.1,14.1,-14
2025,QB,TE,QB_vs_TE,Drew Lock,Colby Parkinson,5854,6865,789,666,123,0.1,90.7,-90.6
2025,QB,TE,QB_vs_TE,Drew Lock,Cade Stover,5854,11599,789,615,174,0.1,12.5,-12.4
2025,QB,TE,QB_vs_TE,Drew Lock,Brock Wright,5854,7891,789,595,194,0.1,29.8,-29.7
2025,QB,TE,QB_vs_TE,Jameis Winston,Foster Moreau,2306,5985,728,925,-197,42.3,9.4,32.9
2025,QB,TE,QB_vs_TE,Jameis Winston,Michael Mayer,2306,9482,728,907,-179,42.3,50.1,-7.8
2025,QB,TE,QB_vs_TE,Jameis Winston,Taysom Hill,2306,4381,728,860,-132,42.3,31.6,10.7
2025,QB,TE,QB_vs_TE,Jameis Winston,Ben Sinnott,2306,11596,728,844,-116,42.3,21.6,20.7
2025,QB,TE,QB_vs_TE,Jameis Winston,Dawson Knox,2306,5906,728,840,-112,42.3,76.3,-34
2025,QB,TE,QB_vs_TE,Jameis Winston,Gunnar Helm,2306,12502,728,795,-67,42.3,69.7,-27.4
2025,QB,TE,QB_vs_TE,Jameis Winston,Luke Musgrave,2306,9481,728,787,-59,42.3,37.2,5.1
2025,QB,TE,QB_vs_TE,Jameis Winston,Will Dissly,2306,5010,728,703,25,42.3,14.1,28.2
2025,QB,TE,QB_vs_TE,Jameis Winston,Colby Parkinson,2306,6865,728,666,62,42.3,90.7,-48.4
2025,QB,TE,QB_vs_TE,Jameis Winston,Cade Stover,2306,11599,728,615,113,42.3,12.5,29.8
2025,QB,TE,QB_vs_TE,Jameis Winston,Brock Wright,2306,7891,728,595,133,42.3,29.8,12.5
2025,QB,TE,QB_vs_TE,Jameis Winston,Darnell Washington,2306,9479,728,556,172,42.3,57.9,-15.6
2025,QB,TE,QB_vs_TE,Jameis Winston,Grant Calcaterra,2306,8177,728,556,172,42.3,9,33.3
2025,QB,TE,QB_vs_TE,Jameis Winston,Elijah Higgins,2306,10231,728,532,196,42.3,38.8,3.5
2025,QB,TE,QB_vs_TE,Mason Rudolph,Will Dissly,4972,5010,569,703,-134,15,14.1,0.9
2025,QB,TE,QB_vs_TE,Mason Rudolph,Colby Parkinson,4972,6865,569,666,-97,15,90.7,-75.7
2025,QB,TE,QB_vs_TE,Mason Rudolph,Cade Stover,4972,11599,569,615,-46,15,12.5,2.5
2025,QB,TE,QB_vs_TE,Mason Rudolph,Brock Wright,4972,7891,569,595,-26,15,29.8,-14.8
2025,QB,TE,QB_vs_TE,Mason Rudolph,Darnell Washington,4972,9479,569,556,13,15,57.9,-42.9
2025,QB,TE,QB_vs_TE,Mason Rudolph,Grant Calcaterra,4972,8177,569,556,13,15,9,6
2025,QB,TE,QB_vs_TE,Mason Rudolph,Elijah Higgins,4972,10231,569,532,37,15,38.8,-23.8
2025,QB,TE,QB_vs_TE,Mason Rudolph,Josh Oliver,4972,5973,569,416,153,15,43.6,-28.6
2025,QB,TE,QB_vs_TE,Tyson Bagent,Colby Parkinson,11256,6865,481,666,-185,2.6,90.7,-88.1
2025,QB,TE,QB_vs_TE,Tyson Bagent,Cade Stover,11256,11599,481,615,-134,2.6,12.5,-9.9
2025,QB,TE,QB_vs_TE,Tyson Bagent,Brock Wright,11256,7891,481,595,-114,2.6,29.8,-27.2
2025,QB,TE,QB_vs_TE,Tyson Bagent,Darnell Washington,11256,9479,481,556,-75,2.6,57.9,-55.3
2025,QB,TE,QB_vs_TE,Tyson Bagent,Grant Calcaterra,11256,8177,481,556,-75,2.6,9,-6.4
2025,QB,TE,QB_vs_TE,Tyson Bagent,Elijah Higgins,11256,10231,481,532,-51,2.6,38.8,-36.2
2025,QB,TE,QB_vs_TE,Tyson Bagent,Josh Oliver,11256,5973,481,416,65,2.6,43.6,-41
2025,QB,TE,QB_vs_TE,Tyson Bagent,Austin Hooper,11256,3202,481,350,131,2.6,47.8,-45.2
2025,QB,TE,QB_vs_TE,Tyson Bagent,Charlie Kolar,11256,8127,481,331,150,2.6,31.2,-28.6
2025,QB,TE,QB_vs_TE,Tyson Bagent,Luke Schoonmaker,11256,10871,481,297,184,2.6,18.5,-15.9
2025,QB,TE,QB_vs_TE,Tyson Bagent,Tommy Tremble,11256,7694,481,293,188,2.6,39.1,-36.5
2025,QB,TE,QB_vs_TE,Tyson Bagent,Greg Dulcich,11256,8172,481,286,195,2.6,45.2,-42.6
2025,QB,TE,QB_vs_TE,Tyson Bagent,Daniel Bellinger,11256,8225,481,281,200,2.6,39.3,-36.7
2025,QB,TE,QB_vs_TE,Malik Willis,Darnell Washington,8161,9479,361,556,-195,51.2,57.9,-6.7
2025,QB,TE,QB_vs_TE,Malik Willis,Grant Calcaterra,8161,8177,361,556,-195,51.2,9,42.2
2025,QB,TE,QB_vs_TE,Malik Willis,Elijah Higgins,8161,10231,361,532,-171,51.2,38.8,12.4
2025,QB,TE,QB_vs_TE,Malik Willis,Josh Oliver,8161,5973,361,416,-55,51.2,43.6,7.6
2025,QB,TE,QB_vs_TE,Malik Willis,Austin Hooper,8161,3202,361,350,11,51.2,47.8,3.4
2025,QB,TE,QB_vs_TE,Malik Willis,Charlie Kolar,8161,8127,361,331,30,51.2,31.2,20
2025,QB,TE,QB_vs_TE,Malik Willis,Luke Schoonmaker,8161,10871,361,297,64,51.2,18.5,32.7
2025,QB,TE,QB_vs_TE,Malik Willis,Tommy Tremble,8161,7694,361,293,68,51.2,39.1,12.1
2025,QB,TE,QB_vs_TE,Malik Willis,Greg Dulcich,8161,8172,361,286,75,51.2,45.2,6
2025,QB,TE,QB_vs_TE,Malik Willis,Daniel Bellinger,8161,8225,361,281,80,51.2,39.3,11.9
2025,QB,TE,QB_vs_TE,Malik Willis,Jared Wiley,8161,11595,361,267,94,51.2,0.9,50.3
2025,QB,TE,QB_vs_TE,Malik Willis,Jeremy Ruckert,8161,8145,361,248,113,51.2,35.4,15.8
2025,QB,TE,QB_vs_TE,Malik Willis,Davis Allen,8161,10214,361,232,129,51.2,50.8,0.4
2025,QB,TE,QB_vs_TE,Malik Willis,Harrison Bryant,8161,6850,361,222,139,51.2,1.7,49.5
2025,QB,TE,QB_vs_TE,Malik Willis,Jelani Woods,8161,8219,361,204,157,51.2,0.9,50.3
2025,QB,TE,QB_vs_TE,Trey Lance,Josh Oliver,7610,5973,284,416,-132,5.2,43.6,-38.4
2025,QB,TE,QB_vs_TE,Trey Lance,Austin Hooper,7610,3202,284,350,-66,5.2,47.8,-42.6
2025,QB,TE,QB_vs_TE,Trey Lance,Charlie Kolar,7610,8127,284,331,-47,5.2,31.2,-26
2025,QB,TE,QB_vs_TE,Trey Lance,Luke Schoonmaker,7610,10871,284,297,-13,5.2,18.5,-13.3
2025,QB,TE,QB_vs_TE,Trey Lance,Tommy Tremble,7610,7694,284,293,-9,5.2,39.1,-33.9
2025,QB,TE,QB_vs_TE,Trey Lance,Greg Dulcich,7610,8172,284,286,-2,5.2,45.2,-40
2025,QB,TE,QB_vs_TE,Trey Lance,Daniel Bellinger,7610,8225,284,281,3,5.2,39.3,-34.1
2025,QB,TE,QB_vs_TE,Trey Lance,Jared Wiley,7610,11595,284,267,17,5.2,0.9,4.3
2025,QB,TE,QB_vs_TE,Trey Lance,Jeremy Ruckert,7610,8145,284,248,36,5.2,35.4,-30.2
2025,QB,TE,QB_vs_TE,Trey Lance,Davis Allen,7610,10214,284,232,52,5.2,50.8,-45.6
2025,QB,TE,QB_vs_TE,Trey Lance,Harrison Bryant,7610,6850,284,222,62,5.2,1.7,3.5
2025,QB,TE,QB_vs_TE,Trey Lance,Jelani Woods,7610,8219,284,204,80,5.2,0.9,4.3
2025,QB,TE,QB_vs_TE,Joe Milton,Josh Oliver,11557,5973,274,416,-142,5.1,43.6,-38.5
2025,QB,TE,QB_vs_TE,Joe Milton,Austin Hooper,11557,3202,274,350,-76,5.1,47.8,-42.7
2025,QB,TE,QB_vs_TE,Joe Milton,Charlie Kolar,11557,8127,274,331,-57,5.1,31.2,-26.1
2025,QB,TE,QB_vs_TE,Joe Milton,Luke Schoonmaker,11557,10871,274,297,-23,5.1,18.5,-13.4
2025,QB,TE,QB_vs_TE,Joe Milton,Tommy Tremble,11557,7694,274,293,-19,5.1,39.1,-34
2025,QB,TE,QB_vs_TE,Joe Milton,Greg Dulcich,11557,8172,274,286,-12,5.1,45.2,-40.1
2025,QB,TE,QB_vs_TE,Joe Milton,Daniel Bellinger,11557,8225,274,281,-7,5.1,39.3,-34.2
2025,QB,TE,QB_vs_TE,Joe Milton,Jared Wiley,11557,11595,274,267,7,5.1,0.9,4.2
2025,QB,TE,QB_vs_TE,Joe Milton,Jeremy Ruckert,11557,8145,274,248,26,5.1,35.4,-30.3
2025,QB,TE,QB_vs_TE,Joe Milton,Davis Allen,11557,10214,274,232,42,5.1,50.8,-45.7
2025,QB,TE,QB_vs_TE,Joe Milton,Harrison Bryant,11557,6850,274,222,52,5.1,1.7,3.4
2025,QB,TE,QB_vs_TE,Joe Milton,Jelani Woods,11557,8219,274,204,70,5.1,0.9,4.2
2025,QB,TE,QB_vs_TE,Jake Browning,Josh Oliver,6111,5973,248,416,-168,48.7,43.6,5.1
2025,QB,TE,QB_vs_TE,Jake Browning,Austin Hooper,6111,3202,248,350,-102,48.7,47.8,0.9
2025,QB,TE,QB_vs_TE,Jake Browning,Charlie Kolar,6111,8127,248,331,-83,48.7,31.2,17.5
2025,QB,TE,QB_vs_TE,Jake Browning,Luke Schoonmaker,6111,10871,248,297,-49,48.7,18.5,30.2
2025,QB,TE,QB_vs_TE,Jake Browning,Tommy Tremble,6111,7694,248,293,-45,48.7,39.1,9.6
2025,QB,TE,QB_vs_TE,Jake Browning,Greg Dulcich,6111,8172,248,286,-38,48.7,45.2,3.5
2025,QB,TE,QB_vs_TE,Jake Browning,Daniel Bellinger,6111,8225,248,281,-33,48.7,39.3,9.4
2025,QB,TE,QB_vs_TE,Jake Browning,Jared Wiley,6111,11595,248,267,-19,48.7,0.9,47.8
2025,QB,TE,QB_vs_TE,Jake Browning,Jeremy Ruckert,6111,8145,248,248,0,48.7,35.4,13.3
2025,QB,TE,QB_vs_TE,Jake Browning,Davis Allen,6111,10214,248,232,16,48.7,50.8,-2.1
2025,QB,TE,QB_vs_TE,Jake Browning,Harrison Bryant,6111,6850,248,222,26,48.7,1.7,47
2025,QB,TE,QB_vs_TE,Jake Browning,Jelani Woods,6111,8219,248,204,44,48.7,0.9,47.8
2025,QB,TE,QB_vs_TE,Mac Jones,Josh Oliver,7527,5973,234,416,-182,130,43.6,86.4
2025,QB,TE,QB_vs_TE,Mac Jones,Austin Hooper,7527,3202,234,350,-116,130,47.8,82.2
2025,QB,TE,QB_vs_TE,Mac Jones,Charlie Kolar,7527,8127,234,331,-97,130,31.2,98.8
2025,QB,TE,QB_vs_TE,Mac Jones,Luke Schoonmaker,7527,10871,234,297,-63,130,18.5,111.5
2025,QB,TE,QB_vs_TE,Mac Jones,Tommy Tremble,7527,7694,234,293,-59,130,39.1,90.9
2025,QB,TE,QB_vs_TE,Mac Jones,Greg Dulcich,7527,8172,234,286,-52,130,45.2,84.8
2025,QB,TE,QB_vs_TE,Mac Jones,Daniel Bellinger,7527,8225,234,281,-47,130,39.3,90.7
2025,QB,TE,QB_vs_TE,Mac Jones,Jared Wiley,7527,11595,234,267,-33,130,0.9,129.1
2025,QB,TE,QB_vs_TE,Mac Jones,Jeremy Ruckert,7527,8145,234,248,-14,130,35.4,94.6
2025,QB,TE,QB_vs_TE,Mac Jones,Davis Allen,7527,10214,234,232,2,130,50.8,79.2
2025,QB,TE,QB_vs_TE,Mac Jones,Harrison Bryant,7527,6850,234,222,12,130,1.7,128.3
2025,QB,TE,QB_vs_TE,Mac Jones,Jelani Woods,7527,8219,234,204,30,130,0.9,129.1
2025,QB,TE,QB_vs_TE,Zach Wilson,Josh Oliver,7538,5973,233,416,-183,1.4,43.6,-42.2
2025,QB,TE,QB_vs_TE,Zach Wilson,Austin Hooper,7538,3202,233,350,-117,1.4,47.8,-46.4
2025,QB,TE,QB_vs_TE,Zach Wilson,Charlie Kolar,7538,8127,233,331,-98,1.4,31.2,-29.8
2025,QB,TE,QB_vs_TE,Zach Wilson,Luke Schoonmaker,7538,10871,233,297,-64,1.4,18.5,-17.1
2025,QB,TE,QB_vs_TE,Zach Wilson,Tommy Tremble,7538,7694,233,293,-60,1.4,39.1,-37.7
2025,QB,TE,QB_vs_TE,Zach Wilson,Greg Dulcich,7538,8172,233,286,-53,1.4,45.2,-43.8
2025,QB,TE,QB_vs_TE,Zach Wilson,Daniel Bellinger,7538,8225,233,281,-48,1.4,39.3,-37.9
2025,QB,TE,QB_vs_TE,Zach Wilson,Jared Wiley,7538,11595,233,267,-34,1.4,0.9,0.5
2025,QB,TE,QB_vs_TE,Zach Wilson,Jeremy Ruckert,7538,8145,233,248,-15,1.4,35.4,-34
2025,QB,TE,QB_vs_TE,Zach Wilson,Davis Allen,7538,10214,233,232,1,1.4,50.8,-49.4
2025,QB,TE,QB_vs_TE,Zach Wilson,Harrison Bryant,7538,6850,233,222,11,1.4,1.7,-0.3
2025,QB,TE,QB_vs_TE,Zach Wilson,Jelani Woods,7538,8219,233,204,29,1.4,0.9,0.5
2025,QB,TE,QB_vs_TE,Kenny Pickett,Austin Hooper,8160,3202,175,350,-175,8.7,47.8,-39.1
2025,QB,TE,QB_vs_TE,Kenny Pickett,Charlie Kolar,8160,8127,175,331,-156,8.7,31.2,-22.5
2025,QB,TE,QB_vs_TE,Kenny Pickett,Luke Schoonmaker,8160,10871,175,297,-122,8.7,18.5,-9.8
2025,QB,TE,QB_vs_TE,Kenny Pickett,Tommy Tremble,8160,7694,175,293,-118,8.7,39.1,-30.4
2025,QB,TE,QB_vs_TE,Kenny Pickett,Greg Dulcich,8160,8172,175,286,-111,8.7,45.2,-36.5
2025,QB,TE,QB_vs_TE,Kenny Pickett,Daniel Bellinger,8160,8225,175,281,-106,8.7,39.3,-30.6
2025,QB,TE,QB_vs_TE,Kenny Pickett,Jared Wiley,8160,11595,175,267,-92,8.7,0.9,7.8
2025,QB,TE,QB_vs_TE,Kenny Pickett,Jeremy Ruckert,8160,8145,175,248,-73,8.7,35.4,-26.7
2025,QB,TE,QB_vs_TE,Kenny Pickett,Davis Allen,8160,10214,175,232,-57,8.7,50.8,-42.1
2025,QB,TE,QB_vs_TE,Kenny Pickett,Harrison Bryant,8160,6850,175,222,-47,8.7,1.7,7
2025,QB,TE,QB_vs_TE,Kenny Pickett,Jelani Woods,8160,8219,175,204,-29,8.7,0.9,7.8
2025,QB,TE,QB_vs_TE,Tyler Huntley,Austin Hooper,7083,3202,172,350,-178,40.1,47.8,-7.7
2025,QB,TE,QB_vs_TE,Tyler Huntley,Charlie Kolar,7083,8127,172,331,-159,40.1,31.2,8.9
2025,QB,TE,QB_vs_TE,Tyler Huntley,Luke Schoonmaker,7083,10871,172,297,-125,40.1,18.5,21.6
2025,QB,TE,QB_vs_TE,Tyler Huntley,Tommy Tremble,7083,7694,172,293,-121,40.1,39.1,1
2025,QB,TE,QB_vs_TE,Tyler Huntley,Greg Dulcich,7083,8172,172,286,-114,40.1,45.2,-5.1
2025,QB,TE,QB_vs_TE,Tyler Huntley,Daniel Bellinger,7083,8225,172,281,-109,40.1,39.3,0.8
2025,QB,TE,QB_vs_TE,Tyler Huntley,Jared Wiley,7083,11595,172,267,-95,40.1,0.9,39.2
2025,QB,TE,QB_vs_TE,Tyler Huntley,Jeremy Ruckert,7083,8145,172,248,-76,40.1,35.4,4.7
2025,QB,TE,QB_vs_TE,Tyler Huntley,Davis Allen,7083,10214,172,232,-60,40.1,50.8,-10.7
2025,QB,TE,QB_vs_TE,Tyler Huntley,Harrison Bryant,7083,6850,172,222,-50,40.1,1.7,38.4
2025,QB,TE,QB_vs_TE,Tyler Huntley,Jelani Woods,7083,8219,172,204,-32,40.1,0.9,39.2
2025,RB,WR,RB_vs_WR,Bijan Robinson,CeeDee Lamb,9509,6786,8843,8927,-84,287.5,125.5,162
2025,RB,WR,RB_vs_WR,Saquon Barkley,Brian Thomas Jr.,4866,11631,6747,6921,-174,195.3,85.9,109.4
2025,RB,WR,RB_vs_WR,Saquon Barkley,Puka Nacua,4866,9493,6747,6743,4,195.3,230,-34.7
2025,RB,WR,RB_vs_WR,Christian McCaffrey,Ladd McConkey,4034,11635,6020,6129,-109,308.9,114.9,194
2025,RB,WR,RB_vs_WR,Christian McCaffrey,Jaxon Smith-Njigba,4034,9488,6020,6128,-108,308.9,232.5,76.4
2025,RB,WR,RB_vs_WR,Derrick Henry,Garrett Wilson,3198,8146,5639,5660,-21,251.9,63.5,188.4
2025,RB,WR,RB_vs_WR,Derrick Henry,Tee Higgins,3198,6801,5639,5636,3,251.9,139.9,112
2025,RB,WR,RB_vs_WR,Chase Brown,Tyreek Hill,9224,3321,5422,5373,49,198.6,32.5,166.1
2025,RB,WR,RB_vs_WR,Bucky Irving,Tyreek Hill,11584,3321,5372,5373,-1,98.7,32.5,66.2
2025,RB,WR,RB_vs_WR,De'Von Achane,Terry McLaurin,9226,5927,5161,5098,63,255.8,70.5,185.3
2025,RB,WR,RB_vs_WR,De'Von Achane,Marvin Harrison Jr.,9226,11628,5161,5035,126,255.8,86.8,169
2025,RB,WR,RB_vs_WR,De'Von Achane,Mike Evans,9226,2216,5161,5026,135,255.8,51.4,204.4
2025,RB,WR,RB_vs_WR,Josh Jacobs,Terry McLaurin,5850,5927,5077,5098,-21,201.1,70.5,130.6
2025,RB,WR,RB_vs_WR,Josh Jacobs,Marvin Harrison Jr.,5850,11628,5077,5035,42,201.1,86.8,114.3
2025,RB,WR,RB_vs_WR,Josh Jacobs,Mike Evans,5850,2216,5077,5026,51,201.1,51.4,149.7
2025,RB,WR,RB_vs_WR,Jonathan Taylor,Terry McLaurin,6813,5927,5029,5098,-69,312.4,70.5,241.9
2025,RB,WR,RB_vs_WR,Jonathan Taylor,Marvin Harrison Jr.,6813,11628,5029,5035,-6,312.4,86.8,225.6
2025,RB,WR,RB_vs_WR,Jonathan Taylor,Mike Evans,6813,2216,5029,5026,3,312.4,51.4,261
2025,RB,WR,RB_vs_WR,Kyren Williams,Marvin Harrison Jr.,8150,11628,4892,5035,-143,219.2,86.8,132.4
2025,RB,WR,RB_vs_WR,Kyren Williams,Mike Evans,8150,2216,4892,5026,-134,219.2,51.4,167.8
2025,RB,WR,RB_vs_WR,Kyren Williams,Davante Adams,8150,2133,4892,4741,151,219.2,162.9,56.3
2025,RB,WR,RB_vs_WR,James Cook,Davante Adams,8138,2133,4643,4741,-98,267.7,162.9,104.8
2025,RB,WR,RB_vs_WR,James Cook,D.J. Moore,8138,4983,4643,4617,26,267.7,119.1,148.6
2025,RB,WR,RB_vs_WR,James Cook,Courtland Sutton,8138,5045,4643,4612,31,267.7,145.2,122.5
2025,RB,WR,RB_vs_WR,James Cook,Xavier Worthy,8138,11624,4643,4562,81,267.7,67.9,199.8
2025,RB,WR,RB_vs_WR,James Cook,Jameson Williams,8138,8148,4643,4528,115,267.7,147.5,120.2
2025,RB,WR,RB_vs_WR,James Cook,DeVonta Smith,8138,7525,4643,4506,137,267.7,119.6,148.1
2025,RB,WR,RB_vs_WR,James Cook,DK Metcalf,8138,5846,4643,4486,157,267.7,128.2,139.5
2025,RB,WR,RB_vs_WR,Breece Hall,Calvin Ridley,8155,4981,3984,4123,-139,171.7,30.3,141.4
2025,RB,WR,RB_vs_WR,Breece Hall,Rashee Rice,8155,10229,3984,4067,-83,171.7,97.1,74.6
2025,RB,WR,RB_vs_WR,Breece Hall,Ricky Pearsall,8155,11638,3984,3861,123,171.7,52.6,119.1
2025,RB,WR,RB_vs_WR,Breece Hall,Jerry Jeudy,8155,6783,3984,3850,134,171.7,68.5,103.2
2025,RB,WR,RB_vs_WR,Kenneth Walker III,Rashee Rice,8151,10229,3872,4067,-195,147.6,97.1,50.5
2025,RB,WR,RB_vs_WR,Kenneth Walker III,Ricky Pearsall,8151,11638,3872,3861,11,147.6,52.6,95
2025,RB,WR,RB_vs_WR,Kenneth Walker III,Jerry Jeudy,8151,6783,3872,3850,22,147.6,68.5,79.1
2025,RB,WR,RB_vs_WR,Kenneth Walker III,Jaylen Waddle,8151,7526,3872,3743,129,147.6,130.1,17.5
2025,RB,WR,RB_vs_WR,Chuba Hubbard,Jaylen Waddle,7594,7526,3595,3743,-148,93.7,130.1,-36.4
2025,RB,WR,RB_vs_WR,Chuba Hubbard,Jordan Addison,7594,9756,3595,3589,6,93.7,92.3,1.4
2025,RB,WR,RB_vs_WR,Chuba Hubbard,Rome Odunze,7594,11620,3595,3564,31,93.7,102.1,-8.4
2025,RB,WR,RB_vs_WR,Alvin Kamara,Jaylen Waddle,4035,7526,3572,3743,-171,67.7,130.1,-62.4
2025,RB,WR,RB_vs_WR,Alvin Kamara,Jordan Addison,4035,9756,3572,3589,-17,67.7,92.3,-24.6
2025,RB,WR,RB_vs_WR,Alvin Kamara,Rome Odunze,4035,11620,3572,3564,8,67.7,102.1,-34.4
2025,RB,WR,RB_vs_WR,James Conner,Jordan Addison,4137,9756,3482,3589,-107,25.3,92.3,-67
2025,RB,WR,RB_vs_WR,James Conner,Rome Odunze,4137,11620,3482,3564,-82,25.3,102.1,-76.8
2025,RB,WR,RB_vs_WR,James Conner,Deebo Samuel,4137,5872,3482,3336,146,25.3,114.1,-88.8
2025,RB,WR,RB_vs_WR,James Conner,Chris Olave,4137,8144,3482,3300,182,25.3,168,-142.7
2025,RB,WR,RB_vs_WR,D'Andre Swift,Rome Odunze,6790,11620,3379,3564,-185,189.8,102.1,87.7
2025,RB,WR,RB_vs_WR,D'Andre Swift,Deebo Samuel,6790,5872,3379,3336,43,189.8,114.1,75.7
2025,RB,WR,RB_vs_WR,D'Andre Swift,Chris Olave,6790,8144,3379,3300,79,189.8,168,21.8
2025,RB,WR,RB_vs_WR,D'Andre Swift,Stefon Diggs,6790,2449,3379,3252,127,189.8,121,68.8
2025,RB,WR,RB_vs_WR,Isiah Pacheco,Deebo Samuel,8205,5872,3252,3336,-84,68.3,114.1,-45.8
2025,RB,WR,RB_vs_WR,Isiah Pacheco,Chris Olave,8205,8144,3252,3300,-48,68.3,168,-99.7
2025,RB,WR,RB_vs_WR,Isiah Pacheco,Stefon Diggs,8205,2449,3252,3252,0,68.3,121,-52.7
2025,RB,WR,RB_vs_WR,Isiah Pacheco,Jakobi Meyers,8205,5947,3252,3169,83,68.3,96.4,-28.1
2025,RB,WR,RB_vs_WR,Isiah Pacheco,Khalil Shakir,8205,8134,3252,3135,117,68.3,94.4,-26.1
2025,RB,WR,RB_vs_WR,Tony Pollard,Deebo Samuel,5967,5872,3195,3336,-141,146.3,114.1,32.2
2025,RB,WR,RB_vs_WR,Tony Pollard,Chris Olave,5967,8144,3195,3300,-105,146.3,168,-21.7
2025,RB,WR,RB_vs_WR,Tony Pollard,Stefon Diggs,5967,2449,3195,3252,-57,146.3,121,25.3
2025,RB,WR,RB_vs_WR,Tony Pollard,Jakobi Meyers,5967,5947,3195,3169,26,146.3,96.4,49.9
2025,RB,WR,RB_vs_WR,Tony Pollard,Khalil Shakir,5967,8134,3195,3135,60,146.3,94.4,51.9
2025,RB,WR,RB_vs_WR,Aaron Jones,Deebo Samuel,4199,5872,3166,3336,-170,90.7,114.1,-23.4
2025,RB,WR,RB_vs_WR,Aaron Jones,Chris Olave,4199,8144,3166,3300,-134,90.7,168,-77.3
2025,RB,WR,RB_vs_WR,Aaron Jones,Stefon Diggs,4199,2449,3166,3252,-86,90.7,121,-30.3
2025,RB,WR,RB_vs_WR,Aaron Jones,Jakobi Meyers,4199,5947,3166,3169,-3,90.7,96.4,-5.7
2025,RB,WR,RB_vs_WR,Aaron Jones,Khalil Shakir,4199,8134,3166,3135,31,90.7,94.4,-3.7
2025,RB,WR,RB_vs_WR,Aaron Jones,Cooper Kupp,4199,4039,3166,2991,175,90.7,66.4,24.3
2025,RB,WR,RB_vs_WR,David Montgomery,Deebo Samuel,5892,5872,3146,3336,-190,137.4,114.1,23.3
2025,RB,WR,RB_vs_WR,David Montgomery,Chris Olave,5892,8144,3146,3300,-154,137.4,168,-30.6
2025,RB,WR,RB_vs_WR,David Montgomery,Stefon Diggs,5892,2449,3146,3252,-106,137.4,121,16.4
2025,RB,WR,RB_vs_WR,David Montgomery,Jakobi Meyers,5892,5947,3146,3169,-23,137.4,96.4,41
2025,RB,WR,RB_vs_WR,David Montgomery,Khalil Shakir,5892,8134,3146,3135,11,137.4,94.4,43
2025,RB,WR,RB_vs_WR,David Montgomery,Cooper Kupp,5892,4039,3146,2991,155,137.4,66.4,71
2025,RB,WR,RB_vs_WR,Jaylen Warren,Cooper Kupp,8228,4039,2898,2991,-93,167.2,66.4,100.8
2025,RB,WR,RB_vs_WR,Jaylen Warren,Jauan Jennings,8228,7049,2898,2935,-37,167.2,114.8,52.4
2025,RB,WR,RB_vs_WR,Jaylen Warren,Keon Coleman,8228,11637,2898,2904,-6,167.2,57.5,109.7
2025,RB,WR,RB_vs_WR,Jaylen Warren,Michael Pittman,8228,6819,2898,2782,116,167.2,121.3,45.9
2025,RB,WR,RB_vs_WR,Jaylen Warren,Chris Godwin,8228,4037,2898,2754,144,167.2,49.2,118
2025,RB,WR,RB_vs_WR,Javonte Williams,Cooper Kupp,7588,4039,2806,2991,-185,207.8,66.4,141.4
2025,RB,WR,RB_vs_WR,Javonte Williams,Jauan Jennings,7588,7049,2806,2935,-129,207.8,114.8,93
2025,RB,WR,RB_vs_WR,Javonte Williams,Keon Coleman,7588,11637,2806,2904,-98,207.8,57.5,150.3
2025,RB,WR,RB_vs_WR,Javonte Williams,Michael Pittman,7588,6819,2806,2782,24,207.8,121.3,86.5
2025,RB,WR,RB_vs_WR,Javonte Williams,Chris Godwin,7588,4037,2806,2754,52,207.8,49.2,158.6
2025,RB,WR,RB_vs_WR,Javonte Williams,Josh Downs,7588,9500,2806,2619,187,207.8,72.8,135
2025,RB,WR,RB_vs_WR,Zach Charbonnet,Michael Pittman,9753,6819,2620,2782,-162,145.7,121.3,24.4
2025,RB,WR,RB_vs_WR,Zach Charbonnet,Chris Godwin,9753,4037,2620,2754,-134,145.7,49.2,96.5
2025,RB,WR,RB_vs_WR,Zach Charbonnet,Josh Downs,9753,9500,2620,2619,1,145.7,72.8,72.9
2025,RB,WR,RB_vs_WR,Zach Charbonnet,Jayden Reed,9753,10222,2620,2502,118,145.7,29.5,116.2
2025,RB,WR,RB_vs_WR,Zach Charbonnet,Darnell Mooney,9753,7090,2620,2484,136,145.7,48.3,97.4
2025,RB,WR,RB_vs_WR,Jordan Mason,Michael Pittman,8408,6819,2590,2782,-192,105.5,121.3,-15.8
2025,RB,WR,RB_vs_WR,Jordan Mason,Chris Godwin,8408,4037,2590,2754,-164,105.5,49.2,56.3
2025,RB,WR,RB_vs_WR,Jordan Mason,Josh Downs,8408,9500,2590,2619,-29,105.5,72.8,32.7
2025,RB,WR,RB_vs_WR,Jordan Mason,Jayden Reed,8408,10222,2590,2502,88,105.5,29.5,76
2025,RB,WR,RB_vs_WR,Jordan Mason,Darnell Mooney,8408,7090,2590,2484,106,105.5,48.3,57.2
2025,RB,WR,RB_vs_WR,Travis Etienne,Chris Godwin,7543,4037,2566,2754,-188,214.1,49.2,164.9
2025,RB,WR,RB_vs_WR,Travis Etienne,Josh Downs,7543,9500,2566,2619,-53,214.1,72.8,141.3
2025,RB,WR,RB_vs_WR,Travis Etienne,Jayden Reed,7543,10222,2566,2502,64,214.1,29.5,184.6
2025,RB,WR,RB_vs_WR,Travis Etienne,Darnell Mooney,7543,7090,2566,2484,82,214.1,48.3,165.8
2025,RB,WR,RB_vs_WR,Rhamondre Stevenson,Jayden Reed,7611,10222,2314,2502,-188,113.5,29.5,84
2025,RB,WR,RB_vs_WR,Rhamondre Stevenson,Darnell Mooney,7611,7090,2314,2484,-170,113.5,48.3,65.2
2025,RB,WR,RB_vs_WR,Rhamondre Stevenson,Marvin Mims,7611,9494,2314,2311,3,113.5,55,58.5
2025,RB,WR,RB_vs_WR,Rhamondre Stevenson,Rashod Bateman,7611,7571,2314,2204,110,113.5,36.4,77.1
2025,RB,WR,RB_vs_WR,Rhamondre Stevenson,Christian Kirk,7611,4950,2314,2135,179,113.5,30.2,83.3
2025,RB,WR,RB_vs_WR,J.K. Dobbins,Rashod Bateman,6806,7571,2037,2204,-167,104.9,36.4,68.5
2025,RB,WR,RB_vs_WR,J.K. Dobbins,Christian Kirk,6806,4950,2037,2135,-98,104.9,30.2,74.7
2025,RB,WR,RB_vs_WR,J.K. Dobbins,Rashid Shaheed,6806,8676,2037,2026,11,104.9,97.4,7.5
2025,RB,WR,RB_vs_WR,Tank Bigsby,Christian Kirk,9225,4950,1942,2135,-193,34.2,30.2,4
2025,RB,WR,RB_vs_WR,Tank Bigsby,Rashid Shaheed,9225,8676,1942,2026,-84,34.2,97.4,-63.2
2025,RB,WR,RB_vs_WR,Brian Robinson,Rashid Shaheed,8154,8676,1852,2026,-174,53.6,97.4,-43.8
2025,RB,WR,RB_vs_WR,Brian Robinson,Marquise Brown,8154,5848,1852,1686,166,53.6,82.3,-28.7
2025,RB,WR,RB_vs_WR,Najee Harris,Marquise Brown,7528,5848,1694,1686,8,8.6,82.3,-73.7
2025,RB,WR,RB_vs_WR,Najee Harris,Cedric Tillman,7528,10444,1694,1633,61,8.6,36.7,-28.1
2025,RB,WR,RB_vs_WR,Najee Harris,Romeo Doubs,7528,8121,1694,1620,74,8.6,110.4,-101.8
2025,RB,WR,RB_vs_WR,Najee Harris,Keenan Allen,7528,1479,1694,1507,187,8.6,98.1,-89.5
2025,RB,WR,RB_vs_WR,Trey Benson,Marquise Brown,11589,5848,1585,1686,-101,22.4,82.3,-59.9
2025,RB,WR,RB_vs_WR,Trey Benson,Cedric Tillman,11589,10444,1585,1633,-48,22.4,36.7,-14.3
2025,RB,WR,RB_vs_WR,Trey Benson,Romeo Doubs,11589,8121,1585,1620,-35,22.4,110.4,-88
2025,RB,WR,RB_vs_WR,Trey Benson,Keenan Allen,11589,1479,1585,1507,78,22.4,98.1,-75.7
2025,RB,WR,RB_vs_WR,Rachaad White,Cedric Tillman,8136,10444,1480,1633,-153,98.9,36.7,62.2
2025,RB,WR,RB_vs_WR,Rachaad White,Romeo Doubs,8136,8121,1480,1620,-140,98.9,110.4,-11.5
2025,RB,WR,RB_vs_WR,Rachaad White,Keenan Allen,8136,1479,1480,1507,-27,98.9,98.1,0.8
2025,RB,WR,RB_vs_WR,Rachaad White,Quentin Johnston,8136,9754,1480,1293,187,98.9,120.2,-21.3
2025,RB,WR,RB_vs_WR,Tyjae Spears,Cedric Tillman,9508,10444,1450,1633,-183,64,36.7,27.3
2025,RB,WR,RB_vs_WR,Tyjae Spears,Romeo Doubs,9508,8121,1450,1620,-170,64,110.4,-46.4
2025,RB,WR,RB_vs_WR,Tyjae Spears,Keenan Allen,9508,1479,1450,1507,-57,64,98.1,-34.1
2025,RB,WR,RB_vs_WR,Tyjae Spears,Quentin Johnston,9508,9754,1450,1293,157,64,120.2,-56.2
2025,RB,WR,RB_vs_WR,Tyjae Spears,Wan'Dale Robinson,9508,8126,1450,1261,189,64,125.9,-61.9
2025,RB,WR,RB_vs_WR,Braelon Allen,Keenan Allen,11576,1479,1337,1507,-170,13.3,98.1,-84.8
2025,RB,WR,RB_vs_WR,Braelon Allen,Quentin Johnston,11576,9754,1337,1293,44,13.3,120.2,-106.9
2025,RB,WR,RB_vs_WR,Braelon Allen,Wan'Dale Robinson,11576,8126,1337,1261,76,13.3,125.9,-112.6
2025,RB,WR,RB_vs_WR,Braelon Allen,Demario Douglas,11576,9501,1337,1165,172,13.3,61.9,-48.6
2025,RB,WR,RB_vs_WR,Rico Dowdle,Quentin Johnston,7021,9754,1294,1293,1,176.3,120.2,56.1
2025,RB,WR,RB_vs_WR,Rico Dowdle,Wan'Dale Robinson,7021,8126,1294,1261,33,176.3,125.9,50.4
2025,RB,WR,RB_vs_WR,Rico Dowdle,Demario Douglas,7021,9501,1294,1165,129,176.3,61.9,114.4
2025,RB,WR,RB_vs_WR,Rico Dowdle,Jalen McMillan,7021,11618,1294,1124,170,176.3,16.8,159.5
2025,RB,WR,RB_vs_WR,Jerome Ford,Quentin Johnston,8143,9754,1197,1293,-96,17.6,120.2,-102.6
2025,RB,WR,RB_vs_WR,Jerome Ford,Wan'Dale Robinson,8143,8126,1197,1261,-64,17.6,125.9,-108.3
2025,RB,WR,RB_vs_WR,Jerome Ford,Demario Douglas,8143,9501,1197,1165,32,17.6,61.9,-44.3
2025,RB,WR,RB_vs_WR,Jerome Ford,Jalen McMillan,8143,11618,1197,1124,73,17.6,16.8,0.8
2025,RB,WR,RB_vs_WR,Jerome Ford,Xavier Legette,8143,11626,1197,1061,136,17.6,52.1,-34.5
2025,RB,WR,RB_vs_WR,Tyler Allgeier,Quentin Johnston,8132,9754,1107,1293,-186,107.1,120.2,-13.1
2025,RB,WR,RB_vs_WR,Tyler Allgeier,Wan'Dale Robinson,8132,8126,1107,1261,-154,107.1,125.9,-18.8
2025,RB,WR,RB_vs_WR,Tyler Allgeier,Demario Douglas,8132,9501,1107,1165,-58,107.1,61.9,45.2
2025,RB,WR,RB_vs_WR,Tyler Allgeier,Jalen McMillan,8132,11618,1107,1124,-17,107.1,16.8,90.3
2025,RB,WR,RB_vs_WR,Tyler Allgeier,Xavier Legette,8132,11626,1107,1061,46,107.1,52.1,55
2025,RB,WR,RB_vs_WR,Tyler Allgeier,Alec Pierce,8132,8142,1107,972,135,107.1,111.1,-4
2025,RB,WR,RB_vs_WR,Nick Chubb,Demario Douglas,4988,9501,1046,1165,-119,75.3,61.9,13.4
2025,RB,WR,RB_vs_WR,Nick Chubb,Jalen McMillan,4988,11618,1046,1124,-78,75.3,16.8,58.5
2025,RB,WR,RB_vs_WR,Nick Chubb,Xavier Legette,4988,11626,1046,1061,-15,75.3,52.1,23.2
2025,RB,WR,RB_vs_WR,Nick Chubb,Alec Pierce,4988,8142,1046,972,74,75.3,111.1,-35.8
2025,RB,WR,RB_vs_WR,Nick Chubb,Adam Thielen,4988,1689,1046,900,146,75.3,16.3,59
2025,RB,WR,RB_vs_WR,Nick Chubb,Dontayvion Wicks,4988,9486,1046,858,188,75.3,45.8,29.5
2025,RB,WR,RB_vs_WR,Ray Davis,Demario Douglas,11575,9501,1028,1165,-137,30.7,61.9,-31.2
2025,RB,WR,RB_vs_WR,Ray Davis,Jalen McMillan,11575,11618,1028,1124,-96,30.7,16.8,13.9
2025,RB,WR,RB_vs_WR,Ray Davis,Xavier Legette,11575,11626,1028,1061,-33,30.7,52.1,-21.4
2025,RB,WR,RB_vs_WR,Ray Davis,Alec Pierce,11575,8142,1028,972,56,30.7,111.1,-80.4
2025,RB,WR,RB_vs_WR,Ray Davis,Adam Thielen,11575,1689,1028,900,128,30.7,16.3,14.4
2025,RB,WR,RB_vs_WR,Ray Davis,Dontayvion Wicks,11575,9486,1028,858,170,30.7,45.8,-15.1
2025,RB,WR,RB_vs_WR,Chris Rodriguez,Xavier Legette,10219,11626,901,1061,-160,74.7,52.1,22.6
2025,RB,WR,RB_vs_WR,Chris Rodriguez,Alec Pierce,10219,8142,901,972,-71,74.7,111.1,-36.4
2025,RB,WR,RB_vs_WR,Chris Rodriguez,Adam Thielen,10219,1689,901,900,1,74.7,16.3,58.4
2025,RB,WR,RB_vs_WR,Chris Rodriguez,Dontayvion Wicks,10219,9486,901,858,43,74.7,45.8,28.9
2025,RB,WR,RB_vs_WR,Chris Rodriguez,Darius Slayton,10219,6149,901,824,77,74.7,56.4,18.3
2025,RB,WR,RB_vs_WR,Chris Rodriguez,Michael Wilson,10219,10232,901,804,97,74.7,126.7,-52
2025,RB,WR,RB_vs_WR,Chris Rodriguez,DeAndre Hopkins,10219,1426,901,781,120,74.7,45,29.7
2025,RB,WR,RB_vs_WR,Chris Rodriguez,Calvin Austin III,10219,8125,901,730,171,74.7,43.7,31
2025,RB,WR,RB_vs_WR,Justice Hill,Alec Pierce,5995,8142,824,972,-148,44.2,111.1,-66.9
2025,RB,WR,RB_vs_WR,Justice Hill,Adam Thielen,5995,1689,824,900,-76,44.2,16.3,27.9
2025,RB,WR,RB_vs_WR,Justice Hill,Dontayvion Wicks,5995,9486,824,858,-34,44.2,45.8,-1.6
2025,RB,WR,RB_vs_WR,Justice Hill,Darius Slayton,5995,6149,824,824,0,44.2,56.4,-12.2
2025,RB,WR,RB_vs_WR,Justice Hill,Michael Wilson,5995,10232,824,804,20,44.2,126.7,-82.5
2025,RB,WR,RB_vs_WR,Justice Hill,DeAndre Hopkins,5995,1426,824,781,43,44.2,45,-0.8
2025,RB,WR,RB_vs_WR,Justice Hill,Calvin Austin III,5995,8125,824,730,94,44.2,43.7,0.5
2025,RB,WR,RB_vs_WR,Justice Hill,Kayshon Boutte,5995,9504,824,657,167,44.2,88.7,-44.5
2025,RB,WR,RB_vs_WR,Blake Corum,Dontayvion Wicks,11586,9486,697,858,-161,107.3,45.8,61.5
2025,RB,WR,RB_vs_WR,Blake Corum,Darius Slayton,11586,6149,697,824,-127,107.3,56.4,50.9
2025,RB,WR,RB_vs_WR,Blake Corum,Michael Wilson,11586,10232,697,804,-107,107.3,126.7,-19.4
2025,RB,WR,RB_vs_WR,Blake Corum,DeAndre Hopkins,11586,1426,697,781,-84,107.3,45,62.3
2025,RB,WR,RB_vs_WR,Blake Corum,Calvin Austin III,11586,8125,697,730,-33,107.3,43.7,63.6
2025,RB,WR,RB_vs_WR,Blake Corum,Kayshon Boutte,11586,9504,697,657,40,107.3,88.7,18.6
2025,RB,WR,RB_vs_WR,Blake Corum,Roman Wilson,11586,11630,697,596,101,107.3,26.6,80.7
2025,RB,WR,RB_vs_WR,Blake Corum,Jalen Tolbert,11586,8117,697,560,137,107.3,28.3,79
2025,RB,WR,RB_vs_WR,Blake Corum,Malik Washington,11586,11610,697,559,138,107.3,61.9,45.4
2025,RB,WR,RB_vs_WR,Roschon Johnson,Dontayvion Wicks,10235,9486,685,858,-173,1.7,45.8,-44.1
2025,RB,WR,RB_vs_WR,Roschon Johnson,Darius Slayton,10235,6149,685,824,-139,1.7,56.4,-54.7
2025,RB,WR,RB_vs_WR,Roschon Johnson,Michael Wilson,10235,10232,685,804,-119,1.7,126.7,-125
2025,RB,WR,RB_vs_WR,Roschon Johnson,DeAndre Hopkins,10235,1426,685,781,-96,1.7,45,-43.3
2025,RB,WR,RB_vs_WR,Roschon Johnson,Calvin Austin III,10235,8125,685,730,-45,1.7,43.7,-42
2025,RB,WR,RB_vs_WR,Roschon Johnson,Kayshon Boutte,10235,9504,685,657,28,1.7,88.7,-87
2025,RB,WR,RB_vs_WR,Roschon Johnson,Roman Wilson,10235,11630,685,596,89,1.7,26.6,-24.9
2025,RB,WR,RB_vs_WR,Roschon Johnson,Jalen Tolbert,10235,8117,685,560,125,1.7,28.3,-26.6
2025,RB,WR,RB_vs_WR,Roschon Johnson,Malik Washington,10235,11610,685,559,126,1.7,61.9,-60.2
2025,RB,WR,RB_vs_WR,Will Shipley,Michael Wilson,11577,10232,607,804,-197,7.2,126.7,-119.5
2025,RB,WR,RB_vs_WR,Will Shipley,DeAndre Hopkins,11577,1426,607,781,-174,7.2,45,-37.8
2025,RB,WR,RB_vs_WR,Will Shipley,Calvin Austin III,11577,8125,607,730,-123,7.2,43.7,-36.5
2025,RB,WR,RB_vs_WR,Will Shipley,Kayshon Boutte,11577,9504,607,657,-50,7.2,88.7,-81.5
2025,RB,WR,RB_vs_WR,Will Shipley,Roman Wilson,11577,11630,607,596,11,7.2,26.6,-19.4
2025,RB,WR,RB_vs_WR,Will Shipley,Jalen Tolbert,11577,8117,607,560,47,7.2,28.3,-21.1
2025,RB,WR,RB_vs_WR,Will Shipley,Malik Washington,11577,11610,607,559,48,7.2,61.9,-54.7
2025,RB,WR,RB_vs_WR,Will Shipley,Adonai Mitchell,11577,11625,607,477,130,7.2,54.9,-47.7
2025,RB,WR,RB_vs_WR,Will Shipley,Andrei Iosivas,11577,10226,607,470,137,7.2,55.9,-48.7
2025,RB,WR,RB_vs_WR,Will Shipley,Tyler Lockett,11577,2374,607,458,149,7.2,40.6,-33.4
2025,RB,WR,RB_vs_WR,Will Shipley,Dyami Brown,11577,7587,607,438,169,7.2,28.9,-21.7
2025,RB,WR,RB_vs_WR,Jaleel McLaughlin,Calvin Austin III,11439,8125,536,730,-194,21.6,43.7,-22.1
2025,RB,WR,RB_vs_WR,Jaleel McLaughlin,Kayshon Boutte,11439,9504,536,657,-121,21.6,88.7,-67.1
2025,RB,WR,RB_vs_WR,Jaleel McLaughlin,Roman Wilson,11439,11630,536,596,-60,21.6,26.6,-5
2025,RB,WR,RB_vs_WR,Jaleel McLaughlin,Jalen Tolbert,11439,8117,536,560,-24,21.6,28.3,-6.7
2025,RB,WR,RB_vs_WR,Jaleel McLaughlin,Malik Washington,11439,11610,536,559,-23,21.6,61.9,-40.3
2025,RB,WR,RB_vs_WR,Jaleel McLaughlin,Adonai Mitchell,11439,11625,536,477,59,21.6,54.9,-33.3
2025,RB,WR,RB_vs_WR,Jaleel McLaughlin,Andrei Iosivas,11439,10226,536,470,66,21.6,55.9,-34.3
2025,RB,WR,RB_vs_WR,Jaleel McLaughlin,Tyler Lockett,11439,2374,536,458,78,21.6,40.6,-19
2025,RB,WR,RB_vs_WR,Jaleel McLaughlin,Dyami Brown,11439,7587,536,438,98,21.6,28.9,-7.3
2025,RB,WR,RB_vs_WR,Jaleel McLaughlin,Jalen Nailor,11439,8180,536,383,153,21.6,66.8,-45.2
2025,RB,WR,RB_vs_WR,Jaleel McLaughlin,Troy Franklin,11439,11627,536,370,166,21.6,112.1,-90.5
2025,RB,WR,RB_vs_WR,Jaleel McLaughlin,Olamide Zaccheaus,11439,6271,536,353,183,21.6,45.8,-24.2
2025,RB,WR,RB_vs_WR,Kareem Hunt,Kayshon Boutte,4098,9504,515,657,-142,123.9,88.7,35.2
2025,RB,WR,RB_vs_WR,Kareem Hunt,Roman Wilson,4098,11630,515,596,-81,123.9,26.6,97.3
2025,RB,WR,RB_vs_WR,Kareem Hunt,Jalen Tolbert,4098,8117,515,560,-45,123.9,28.3,95.6
2025,RB,WR,RB_vs_WR,Kareem Hunt,Malik Washington,4098,11610,515,559,-44,123.9,61.9,62
2025,RB,WR,RB_vs_WR,Kareem Hunt,Adonai Mitchell,4098,11625,515,477,38,123.9,54.9,69
2025,RB,WR,RB_vs_WR,Kareem Hunt,Andrei Iosivas,4098,10226,515,470,45,123.9,55.9,68
2025,RB,WR,RB_vs_WR,Kareem Hunt,Tyler Lockett,4098,2374,515,458,57,123.9,40.6,83.3
2025,RB,WR,RB_vs_WR,Kareem Hunt,Dyami Brown,4098,7587,515,438,77,123.9,28.9,95
2025,RB,WR,RB_vs_WR,Kareem Hunt,Jalen Nailor,4098,8180,515,383,132,123.9,66.8,57.1
2025,RB,WR,RB_vs_WR,Kareem Hunt,Troy Franklin,4098,11627,515,370,145,123.9,112.1,11.8
2025,RB,WR,RB_vs_WR,Kareem Hunt,Olamide Zaccheaus,4098,6271,515,353,162,123.9,45.8,78.1
2025,RB,WR,RB_vs_WR,Kareem Hunt,JuJu Smith-Schuster,4098,4040,515,317,198,123.9,39.2,84.7
2025,RB,WR,RB_vs_WR,Jaylen Wright,Roman Wilson,11643,11630,441,596,-155,41.2,26.6,14.6
2025,RB,WR,RB_vs_WR,Jaylen Wright,Jalen Tolbert,11643,8117,441,560,-119,41.2,28.3,12.9
2025,RB,WR,RB_vs_WR,Jaylen Wright,Malik Washington,11643,11610,441,559,-118,41.2,61.9,-20.7
2025,RB,WR,RB_vs_WR,Jaylen Wright,Adonai Mitchell,11643,11625,441,477,-36,41.2,54.9,-13.7
2025,RB,WR,RB_vs_WR,Jaylen Wright,Andrei Iosivas,11643,10226,441,470,-29,41.2,55.9,-14.7
2025,RB,WR,RB_vs_WR,Jaylen Wright,Tyler Lockett,11643,2374,441,458,-17,41.2,40.6,0.6
2025,RB,WR,RB_vs_WR,Jaylen Wright,Dyami Brown,11643,7587,441,438,3,41.2,28.9,12.3
2025,RB,WR,RB_vs_WR,Jaylen Wright,Jalen Nailor,11643,8180,441,383,58,41.2,66.8,-25.6
2025,RB,WR,RB_vs_WR,Jaylen Wright,Troy Franklin,11643,11627,441,370,71,41.2,112.1,-70.9
2025,RB,WR,RB_vs_WR,Jaylen Wright,Olamide Zaccheaus,11643,6271,441,353,88,41.2,45.8,-4.6
2025,RB,WR,RB_vs_WR,Jaylen Wright,JuJu Smith-Schuster,11643,4040,441,317,124,41.2,39.2,2
2025,RB,WR,RB_vs_WR,Jaylen Wright,Tre Tucker,11643,10213,441,299,142,41.2,101.3,-60.1
2025,RB,WR,RB_vs_WR,Jaylen Wright,Brandin Cooks,11643,2197,441,278,163,41.2,27.9,13.3
2025,RB,WR,RB_vs_WR,Jaylen Wright,Tyquan Thornton,11643,8188,441,260,181,41.2,61.8,-20.6
2025,RB,WR,RB_vs_WR,Jaylen Wright,Christian Watson,11643,8167,441,258,183,41.2,97.4,-56.2
2025,RB,WR,RB_vs_WR,Jaylen Wright,Tutu Atwell,11643,7562,441,253,188,41.2,23.3,17.9
2025,RB,WR,RB_vs_WR,Dameon Pierce,Roman Wilson,8129,11630,433,596,-163,2.6,26.6,-24
2025,RB,WR,RB_vs_WR,Dameon Pierce,Jalen Tolbert,8129,8117,433,560,-127,2.6,28.3,-25.7
2025,RB,WR,RB_vs_WR,Dameon Pierce,Malik Washington,8129,11610,433,559,-126,2.6,61.9,-59.3
2025,RB,WR,RB_vs_WR,Dameon Pierce,Adonai Mitchell,8129,11625,433,477,-44,2.6,54.9,-52.3
2025,RB,WR,RB_vs_WR,Dameon Pierce,Andrei Iosivas,8129,10226,433,470,-37,2.6,55.9,-53.3
2025,RB,WR,RB_vs_WR,Dameon Pierce,Tyler Lockett,8129,2374,433,458,-25,2.6,40.6,-38
2025,RB,WR,RB_vs_WR,Dameon Pierce,Dyami Brown,8129,7587,433,438,-5,2.6,28.9,-26.3
2025,RB,WR,RB_vs_WR,Dameon Pierce,Jalen Nailor,8129,8180,433,383,50,2.6,66.8,-64.2
2025,RB,WR,RB_vs_WR,Dameon Pierce,Troy Franklin,8129,11627,433,370,63,2.6,112.1,-109.5
2025,RB,WR,RB_vs_WR,Dameon Pierce,Olamide Zaccheaus,8129,6271,433,353,80,2.6,45.8,-43.2
2025,RB,WR,RB_vs_WR,Dameon Pierce,JuJu Smith-Schuster,8129,4040,433,317,116,2.6,39.2,-36.6
2025,RB,WR,RB_vs_WR,Dameon Pierce,Tre Tucker,8129,10213,433,299,134,2.6,101.3,-98.7
2025,RB,WR,RB_vs_WR,Dameon Pierce,Brandin Cooks,8129,2197,433,278,155,2.6,27.9,-25.3
2025,RB,WR,RB_vs_WR,Dameon Pierce,Tyquan Thornton,8129,8188,433,260,173,2.6,61.8,-59.2
2025,RB,WR,RB_vs_WR,Dameon Pierce,Christian Watson,8129,8167,433,258,175,2.6,97.4,-94.8
2025,RB,WR,RB_vs_WR,Dameon Pierce,Tutu Atwell,8129,7562,433,253,180,2.6,23.3,-20.7
2025,RB,WR,RB_vs_WR,Keaton Mitchell,Roman Wilson,9511,11630,419,596,-177,46.2,26.6,19.6
2025,RB,WR,RB_vs_WR,Keaton Mitchell,Jalen Tolbert,9511,8117,419,560,-141,46.2,28.3,17.9
2025,RB,WR,RB_vs_WR,Keaton Mitchell,Malik Washington,9511,11610,419,559,-140,46.2,61.9,-15.7
2025,RB,WR,RB_vs_WR,Keaton Mitchell,Adonai Mitchell,9511,11625,419,477,-58,46.2,54.9,-8.7
2025,RB,WR,RB_vs_WR,Keaton Mitchell,Andrei Iosivas,9511,10226,419,470,-51,46.2,55.9,-9.7
2025,RB,WR,RB_vs_WR,Keaton Mitchell,Tyler Lockett,9511,2374,419,458,-39,46.2,40.6,5.6
2025,RB,WR,RB_vs_WR,Keaton Mitchell,Dyami Brown,9511,7587,419,438,-19,46.2,28.9,17.3
2025,RB,WR,RB_vs_WR,Keaton Mitchell,Jalen Nailor,9511,8180,419,383,36,46.2,66.8,-20.6
2025,RB,WR,RB_vs_WR,Keaton Mitchell,Troy Franklin,9511,11627,419,370,49,46.2,112.1,-65.9
2025,RB,WR,RB_vs_WR,Keaton Mitchell,Olamide Zaccheaus,9511,6271,419,353,66,46.2,45.8,0.4
2025,RB,WR,RB_vs_WR,Keaton Mitchell,JuJu Smith-Schuster,9511,4040,419,317,102,46.2,39.2,7
2025,RB,WR,RB_vs_WR,Keaton Mitchell,Tre Tucker,9511,10213,419,299,120,46.2,101.3,-55.1
2025,RB,WR,RB_vs_WR,Keaton Mitchell,Brandin Cooks,9511,2197,419,278,141,46.2,27.9,18.3
2025,RB,WR,RB_vs_WR,Keaton Mitchell,Tyquan Thornton,9511,8188,419,260,159,46.2,61.8,-15.6
2025,RB,WR,RB_vs_WR,Keaton Mitchell,Christian Watson,9511,8167,419,258,161,46.2,97.4,-51.2
2025,RB,WR,RB_vs_WR,Keaton Mitchell,Tutu Atwell,9511,7562,419,253,166,46.2,23.3,22.9
2025,RB,WR,RB_vs_WR,Keaton Mitchell,Luke McCaffrey,9511,11650,419,228,191,46.2,40.3,5.9
2025,RB,WR,RB_vs_WR,Keaton Mitchell,Skyy Moore,9511,8168,419,226,193,46.2,9.8,36.4
2025,RB,WR,RB_vs_WR,Keaton Mitchell,Curtis Samuel,9511,4082,419,225,194,46.2,14.1,32.1
2025,RB,WR,RB_vs_WR,Sean Tucker,Roman Wilson,9506,11630,408,596,-188,83.8,26.6,57.2
2025,RB,WR,RB_vs_WR,Sean Tucker,Jalen Tolbert,9506,8117,408,560,-152,83.8,28.3,55.5
2025,RB,WR,RB_vs_WR,Sean Tucker,Malik Washington,9506,11610,408,559,-151,83.8,61.9,21.9
2025,RB,WR,RB_vs_WR,Sean Tucker,Adonai Mitchell,9506,11625,408,477,-69,83.8,54.9,28.9
2025,RB,WR,RB_vs_WR,Sean Tucker,Andrei Iosivas,9506,10226,408,470,-62,83.8,55.9,27.9
2025,RB,WR,RB_vs_WR,Sean Tucker,Tyler Lockett,9506,2374,408,458,-50,83.8,40.6,43.2
2025,RB,WR,RB_vs_WR,Sean Tucker,Dyami Brown,9506,7587,408,438,-30,83.8,28.9,54.9
2025,RB,WR,RB_vs_WR,Sean Tucker,Jalen Nailor,9506,8180,408,383,25,83.8,66.8,17
2025,RB,WR,RB_vs_WR,Sean Tucker,Troy Franklin,9506,11627,408,370,38,83.8,112.1,-28.3
2025,RB,WR,RB_vs_WR,Sean Tucker,Olamide Zaccheaus,9506,6271,408,353,55,83.8,45.8,38
2025,RB,WR,RB_vs_WR,Sean Tucker,JuJu Smith-Schuster,9506,4040,408,317,91,83.8,39.2,44.6
2025,RB,WR,RB_vs_WR,Sean Tucker,Tre Tucker,9506,10213,408,299,109,83.8,101.3,-17.5
2025,RB,WR,RB_vs_WR,Sean Tucker,Brandin Cooks,9506,2197,408,278,130,83.8,27.9,55.9
2025,RB,WR,RB_vs_WR,Sean Tucker,Tyquan Thornton,9506,8188,408,260,148,83.8,61.8,22
2025,RB,WR,RB_vs_WR,Sean Tucker,Christian Watson,9506,8167,408,258,150,83.8,97.4,-13.6
2025,RB,WR,RB_vs_WR,Sean Tucker,Tutu Atwell,9506,7562,408,253,155,83.8,23.3,60.5
2025,RB,WR,RB_vs_WR,Sean Tucker,Luke McCaffrey,9506,11650,408,228,180,83.8,40.3,43.5
2025,RB,WR,RB_vs_WR,Sean Tucker,Skyy Moore,9506,8168,408,226,182,83.8,9.8,74
2025,RB,WR,RB_vs_WR,Sean Tucker,Curtis Samuel,9506,4082,408,225,183,83.8,14.1,69.7
2025,RB,WR,RB_vs_WR,Sean Tucker,KaVontae Turpin,9506,8917,408,218,190,83.8,57.8,26
2025,RB,WR,RB_vs_WR,Sean Tucker,Malachi Corley,9506,11617,408,213,195,83.8,16.8,67
2025,RB,WR,RB_vs_WR,Sean Tucker,Noah Brown,9506,4234,408,213,195,83.8,8.3,75.5
2025,RB,WR,RB_vs_WR,Sean Tucker,Marquez Valdes-Scantling,9506,5086,408,209,199,83.8,14.6,69.2
2025,RB,WR,RB_vs_WR,Sean Tucker,Tim Patrick,9506,4351,408,208,200,83.8,36.3,47.5
2025,RB,WR,RB_vs_WR,Miles Sanders,Jalen Tolbert,6151,8117,360,560,-200,18.7,28.3,-9.6
2025,RB,WR,RB_vs_WR,Miles Sanders,Malik Washington,6151,11610,360,559,-199,18.7,61.9,-43.2
2025,RB,WR,RB_vs_WR,Miles Sanders,Adonai Mitchell,6151,11625,360,477,-117,18.7,54.9,-36.2
2025,RB,WR,RB_vs_WR,Miles Sanders,Andrei Iosivas,6151,10226,360,470,-110,18.7,55.9,-37.2
2025,RB,WR,RB_vs_WR,Miles Sanders,Tyler Lockett,6151,2374,360,458,-98,18.7,40.6,-21.9
2025,RB,WR,RB_vs_WR,Miles Sanders,Dyami Brown,6151,7587,360,438,-78,18.7,28.9,-10.2
2025,RB,WR,RB_vs_WR,Miles Sanders,Jalen Nailor,6151,8180,360,383,-23,18.7,66.8,-48.1
2025,RB,WR,RB_vs_WR,Miles Sanders,Troy Franklin,6151,11627,360,370,-10,18.7,112.1,-93.4
2025,RB,WR,RB_vs_WR,Miles Sanders,Olamide Zaccheaus,6151,6271,360,353,7,18.7,45.8,-27.1
2025,RB,WR,RB_vs_WR,Miles Sanders,JuJu Smith-Schuster,6151,4040,360,317,43,18.7,39.2,-20.5
2025,RB,WR,RB_vs_WR,Miles Sanders,Tre Tucker,6151,10213,360,299,61,18.7,101.3,-82.6
2025,RB,WR,RB_vs_WR,Miles Sanders,Brandin Cooks,6151,2197,360,278,82,18.7,27.9,-9.2
2025,RB,WR,RB_vs_WR,Miles Sanders,Tyquan Thornton,6151,8188,360,260,100,18.7,61.8,-43.1
2025,RB,WR,RB_vs_WR,Miles Sanders,Christian Watson,6151,8167,360,258,102,18.7,97.4,-78.7
2025,RB,WR,RB_vs_WR,Miles Sanders,Tutu Atwell,6151,7562,360,253,107,18.7,23.3,-4.6
2025,RB,WR,RB_vs_WR,Miles Sanders,Luke McCaffrey,6151,11650,360,228,132,18.7,40.3,-21.6
2025,RB,WR,RB_vs_WR,Miles Sanders,Skyy Moore,6151,8168,360,226,134,18.7,9.8,8.9
2025,RB,WR,RB_vs_WR,Miles Sanders,Curtis Samuel,6151,4082,360,225,135,18.7,14.1,4.6
2025,RB,WR,RB_vs_WR,Miles Sanders,KaVontae Turpin,6151,8917,360,218,142,18.7,57.8,-39.1
2025,RB,WR,RB_vs_WR,Miles Sanders,Malachi Corley,6151,11617,360,213,147,18.7,16.8,1.9
2025,RB,WR,RB_vs_WR,Miles Sanders,Noah Brown,6151,4234,360,213,147,18.7,8.3,10.4
2025,RB,WR,RB_vs_WR,Miles Sanders,Marquez Valdes-Scantling,6151,5086,360,209,151,18.7,14.6,4.1
2025,RB,WR,RB_vs_WR,Miles Sanders,Tim Patrick,6151,4351,360,208,152,18.7,36.3,-17.6
2025,RB,WR,RB_vs_WR,Miles Sanders,Josh Reynolds,6151,4171,360,206,154,18.7,12.1,6.6
2025,RB,WR,RB_vs_WR,Miles Sanders,Elijah Moore,6151,7596,360,205,155,18.7,19.6,-0.9
2025,RB,WR,RB_vs_WR,Miles Sanders,Jahan Dotson,6151,8119,360,203,157,18.7,28.2,-9.5
2025,RB,WR,RB_vs_WR,Miles Sanders,John Metchie,6151,8147,360,202,158,18.7,36.9,-18.2
2025,RB,WR,RB_vs_WR,Miles Sanders,Nick Westbrook-Ikhine,6151,7496,360,192,168,18.7,8.9,9.8
2025,RB,WR,RB_vs_WR,Miles Sanders,Demarcus Robinson,6151,3286,360,188,172,18.7,33.8,-15.1
2025,RB,WR,RB_vs_WR,Miles Sanders,Jalin Hyatt,6151,9497,360,178,182,18.7,3.5,15.2
2025,RB,WR,RB_vs_WR,Miles Sanders,Allen Lazard,6151,5185,360,177,183,18.7,13,5.7
2025,RB,WR,RB_vs_WR,Miles Sanders,Van Jefferson,6151,6853,360,167,193,18.7,41,-22.3
2025,RB,WR,RB_vs_WR,Miles Sanders,Zay Jones,6151,4080,360,166,194,18.7,18.3,0.4
2025,RB,WR,RB_vs_WR,Miles Sanders,Parker Washington,6151,9487,360,165,195,18.7,112,-93.3
2025,RB,WR,RB_vs_WR,Miles Sanders,Jake Bobo,6151,10867,360,160,200,18.7,2,16.7
2025,RB,WR,RB_vs_WR,Kendre Miller,Adonai Mitchell,9757,11625,325,477,-152,28.3,54.9,-26.6
2025,RB,WR,RB_vs_WR,Kendre Miller,Andrei Iosivas,9757,10226,325,470,-145,28.3,55.9,-27.6
2025,RB,WR,RB_vs_WR,Kendre Miller,Tyler Lockett,9757,2374,325,458,-133,28.3,40.6,-12.3
2025,RB,WR,RB_vs_WR,Kendre Miller,Dyami Brown,9757,7587,325,438,-113,28.3,28.9,-0.6
2025,RB,WR,RB_vs_WR,Kendre Miller,Jalen Nailor,9757,8180,325,383,-58,28.3,66.8,-38.5
2025,RB,WR,RB_vs_WR,Kendre Miller,Troy Franklin,9757,11627,325,370,-45,28.3,112.1,-83.8
2025,RB,WR,RB_vs_WR,Kendre Miller,Olamide Zaccheaus,9757,6271,325,353,-28,28.3,45.8,-17.5
2025,RB,WR,RB_vs_WR,Kendre Miller,JuJu Smith-Schuster,9757,4040,325,317,8,28.3,39.2,-10.9
2025,RB,WR,RB_vs_WR,Kendre Miller,Tre Tucker,9757,10213,325,299,26,28.3,101.3,-73
2025,RB,WR,RB_vs_WR,Kendre Miller,Brandin Cooks,9757,2197,325,278,47,28.3,27.9,0.4
2025,RB,WR,RB_vs_WR,Kendre Miller,Tyquan Thornton,9757,8188,325,260,65,28.3,61.8,-33.5
2025,RB,WR,RB_vs_WR,Kendre Miller,Christian Watson,9757,8167,325,258,67,28.3,97.4,-69.1
2025,RB,WR,RB_vs_WR,Kendre Miller,Tutu Atwell,9757,7562,325,253,72,28.3,23.3,5
2025,RB,WR,RB_vs_WR,Kendre Miller,Luke McCaffrey,9757,11650,325,228,97,28.3,40.3,-12
2025,RB,WR,RB_vs_WR,Kendre Miller,Skyy Moore,9757,8168,325,226,99,28.3,9.8,18.5
2025,RB,WR,RB_vs_WR,Kendre Miller,Curtis Samuel,9757,4082,325,225,100,28.3,14.1,14.2
2025,RB,WR,RB_vs_WR,Kendre Miller,KaVontae Turpin,9757,8917,325,218,107,28.3,57.8,-29.5
2025,RB,WR,RB_vs_WR,Kendre Miller,Malachi Corley,9757,11617,325,213,112,28.3,16.8,11.5
2025,RB,WR,RB_vs_WR,Kendre Miller,Noah Brown,9757,4234,325,213,112,28.3,8.3,20
2025,RB,WR,RB_vs_WR,Kendre Miller,Marquez Valdes-Scantling,9757,5086,325,209,116,28.3,14.6,13.7
2025,RB,WR,RB_vs_WR,Kendre Miller,Tim Patrick,9757,4351,325,208,117,28.3,36.3,-8
2025,RB,WR,RB_vs_WR,Kendre Miller,Josh Reynolds,9757,4171,325,206,119,28.3,12.1,16.2
2025,RB,WR,RB_vs_WR,Kendre Miller,Elijah Moore,9757,7596,325,205,120,28.3,19.6,8.7
2025,RB,WR,RB_vs_WR,Kendre Miller,Jahan Dotson,9757,8119,325,203,122,28.3,28.2,0.1
2025,RB,WR,RB_vs_WR,Kendre Miller,John Metchie,9757,8147,325,202,123,28.3,36.9,-8.6
2025,RB,WR,RB_vs_WR,Kendre Miller,Nick Westbrook-Ikhine,9757,7496,325,192,133,28.3,8.9,19.4
2025,RB,WR,RB_vs_WR,Kendre Miller,Demarcus Robinson,9757,3286,325,188,137,28.3,33.8,-5.5
2025,RB,WR,RB_vs_WR,Kendre Miller,Jalin Hyatt,9757,9497,325,178,147,28.3,3.5,24.8
2025,RB,WR,RB_vs_WR,Kendre Miller,Allen Lazard,9757,5185,325,177,148,28.3,13,15.3
2025,RB,WR,RB_vs_WR,Kendre Miller,Van Jefferson,9757,6853,325,167,158,28.3,41,-12.7
2025,RB,WR,RB_vs_WR,Kendre Miller,Zay Jones,9757,4080,325,166,159,28.3,18.3,10
2025,RB,WR,RB_vs_WR,Kendre Miller,Parker Washington,9757,9487,325,165,160,28.3,112,-83.7
2025,RB,WR,RB_vs_WR,Kendre Miller,Jake Bobo,9757,10867,325,160,165,28.3,2,26.3
2025,RB,WR,RB_vs_WR,Emanuel Wilson,Andrei Iosivas,11435,10226,275,470,-195,74.7,55.9,18.8
2025,RB,WR,RB_vs_WR,Emanuel Wilson,Tyler Lockett,11435,2374,275,458,-183,74.7,40.6,34.1
2025,RB,WR,RB_vs_WR,Emanuel Wilson,Dyami Brown,11435,7587,275,438,-163,74.7,28.9,45.8
2025,RB,WR,RB_vs_WR,Emanuel Wilson,Jalen Nailor,11435,8180,275,383,-108,74.7,66.8,7.9
2025,RB,WR,RB_vs_WR,Emanuel Wilson,Troy Franklin,11435,11627,275,370,-95,74.7,112.1,-37.4
2025,RB,WR,RB_vs_WR,Emanuel Wilson,Olamide Zaccheaus,11435,6271,275,353,-78,74.7,45.8,28.9
2025,RB,WR,RB_vs_WR,Emanuel Wilson,JuJu Smith-Schuster,11435,4040,275,317,-42,74.7,39.2,35.5
2025,RB,WR,RB_vs_WR,Emanuel Wilson,Tre Tucker,11435,10213,275,299,-24,74.7,101.3,-26.6
2025,RB,WR,RB_vs_WR,Emanuel Wilson,Brandin Cooks,11435,2197,275,278,-3,74.7,27.9,46.8
2025,RB,WR,RB_vs_WR,Emanuel Wilson,Tyquan Thornton,11435,8188,275,260,15,74.7,61.8,12.9
2025,RB,WR,RB_vs_WR,Emanuel Wilson,Christian Watson,11435,8167,275,258,17,74.7,97.4,-22.7
2025,RB,WR,RB_vs_WR,Emanuel Wilson,Tutu Atwell,11435,7562,275,253,22,74.7,23.3,51.4
2025,RB,WR,RB_vs_WR,Emanuel Wilson,Luke McCaffrey,11435,11650,275,228,47,74.7,40.3,34.4
2025,RB,WR,RB_vs_WR,Emanuel Wilson,Skyy Moore,11435,8168,275,226,49,74.7,9.8,64.9
2025,RB,WR,RB_vs_WR,Emanuel Wilson,Curtis Samuel,11435,4082,275,225,50,74.7,14.1,60.6
2025,RB,WR,RB_vs_WR,Emanuel Wilson,KaVontae Turpin,11435,8917,275,218,57,74.7,57.8,16.9
2025,RB,WR,RB_vs_WR,Emanuel Wilson,Malachi Corley,11435,11617,275,213,62,74.7,16.8,57.9
2025,RB,WR,RB_vs_WR,Emanuel Wilson,Noah Brown,11435,4234,275,213,62,74.7,8.3,66.4
2025,RB,WR,RB_vs_WR,Emanuel Wilson,Marquez Valdes-Scantling,11435,5086,275,209,66,74.7,14.6,60.1
2025,RB,WR,RB_vs_WR,Emanuel Wilson,Tim Patrick,11435,4351,275,208,67,74.7,36.3,38.4
2025,RB,WR,RB_vs_WR,Emanuel Wilson,Josh Reynolds,11435,4171,275,206,69,74.7,12.1,62.6
2025,RB,WR,RB_vs_WR,Emanuel Wilson,Elijah Moore,11435,7596,275,205,70,74.7,19.6,55.1
2025,RB,WR,RB_vs_WR,Emanuel Wilson,Jahan Dotson,11435,8119,275,203,72,74.7,28.2,46.5
2025,RB,WR,RB_vs_WR,Emanuel Wilson,John Metchie,11435,8147,275,202,73,74.7,36.9,37.8
2025,RB,WR,RB_vs_WR,Emanuel Wilson,Nick Westbrook-Ikhine,11435,7496,275,192,83,74.7,8.9,65.8
2025,RB,WR,RB_vs_WR,Emanuel Wilson,Demarcus Robinson,11435,3286,275,188,87,74.7,33.8,40.9
2025,RB,WR,RB_vs_WR,Emanuel Wilson,Jalin Hyatt,11435,9497,275,178,97,74.7,3.5,71.2
2025,RB,WR,RB_vs_WR,Emanuel Wilson,Allen Lazard,11435,5185,275,177,98,74.7,13,61.7
2025,RB,WR,RB_vs_WR,Emanuel Wilson,Van Jefferson,11435,6853,275,167,108,74.7,41,33.7
2025,RB,WR,RB_vs_WR,Emanuel Wilson,Zay Jones,11435,4080,275,166,109,74.7,18.3,56.4
2025,RB,WR,RB_vs_WR,Emanuel Wilson,Parker Washington,11435,9487,275,165,110,74.7,112,-37.3
2025,RB,WR,RB_vs_WR,Emanuel Wilson,Jake Bobo,11435,10867,275,160,115,74.7,2,72.7
2025,RB,WR,RB_vs_WR,Cam Akers,Andrei Iosivas,6938,10226,271,470,-199,7.2,55.9,-48.7
2025,RB,WR,RB_vs_WR,Cam Akers,Tyler Lockett,6938,2374,271,458,-187,7.2,40.6,-33.4
2025,RB,WR,RB_vs_WR,Cam Akers,Dyami Brown,6938,7587,271,438,-167,7.2,28.9,-21.7
2025,RB,WR,RB_vs_WR,Cam Akers,Jalen Nailor,6938,8180,271,383,-112,7.2,66.8,-59.6
2025,RB,WR,RB_vs_WR,Cam Akers,Troy Franklin,6938,11627,271,370,-99,7.2,112.1,-104.9
2025,RB,WR,RB_vs_WR,Cam Akers,Olamide Zaccheaus,6938,6271,271,353,-82,7.2,45.8,-38.6
2025,RB,WR,RB_vs_WR,Cam Akers,JuJu Smith-Schuster,6938,4040,271,317,-46,7.2,39.2,-32
2025,RB,WR,RB_vs_WR,Cam Akers,Tre Tucker,6938,10213,271,299,-28,7.2,101.3,-94.1
2025,RB,WR,RB_vs_WR,Cam Akers,Brandin Cooks,6938,2197,271,278,-7,7.2,27.9,-20.7
2025,RB,WR,RB_vs_WR,Cam Akers,Tyquan Thornton,6938,8188,271,260,11,7.2,61.8,-54.6
2025,RB,WR,RB_vs_WR,Cam Akers,Christian Watson,6938,8167,271,258,13,7.2,97.4,-90.2
2025,RB,WR,RB_vs_WR,Cam Akers,Tutu Atwell,6938,7562,271,253,18,7.2,23.3,-16.1
2025,RB,WR,RB_vs_WR,Cam Akers,Luke McCaffrey,6938,11650,271,228,43,7.2,40.3,-33.1
2025,RB,WR,RB_vs_WR,Cam Akers,Skyy Moore,6938,8168,271,226,45,7.2,9.8,-2.6
2025,RB,WR,RB_vs_WR,Cam Akers,Curtis Samuel,6938,4082,271,225,46,7.2,14.1,-6.9
2025,RB,WR,RB_vs_WR,Cam Akers,KaVontae Turpin,6938,8917,271,218,53,7.2,57.8,-50.6
2025,RB,WR,RB_vs_WR,Cam Akers,Malachi Corley,6938,11617,271,213,58,7.2,16.8,-9.6
2025,RB,WR,RB_vs_WR,Cam Akers,Noah Brown,6938,4234,271,213,58,7.2,8.3,-1.1
2025,RB,WR,RB_vs_WR,Cam Akers,Marquez Valdes-Scantling,6938,5086,271,209,62,7.2,14.6,-7.4
2025,RB,WR,RB_vs_WR,Cam Akers,Tim Patrick,6938,4351,271,208,63,7.2,36.3,-29.1
2025,RB,WR,RB_vs_WR,Cam Akers,Josh Reynolds,6938,4171,271,206,65,7.2,12.1,-4.9
2025,RB,WR,RB_vs_WR,Cam Akers,Elijah Moore,6938,7596,271,205,66,7.2,19.6,-12.4
2025,RB,WR,RB_vs_WR,Cam Akers,Jahan Dotson,6938,8119,271,203,68,7.2,28.2,-21
2025,RB,WR,RB_vs_WR,Cam Akers,John Metchie,6938,8147,271,202,69,7.2,36.9,-29.7
2025,RB,WR,RB_vs_WR,Cam Akers,Nick Westbrook-Ikhine,6938,7496,271,192,79,7.2,8.9,-1.7
2025,RB,WR,RB_vs_WR,Cam Akers,Demarcus Robinson,6938,3286,271,188,83,7.2,33.8,-26.6
2025,RB,WR,RB_vs_WR,Cam Akers,Jalin Hyatt,6938,9497,271,178,93,7.2,3.5,3.7
2025,RB,WR,RB_vs_WR,Cam Akers,Allen Lazard,6938,5185,271,177,94,7.2,13,-5.8
2025,RB,WR,RB_vs_WR,Cam Akers,Van Jefferson,6938,6853,271,167,104,7.2,41,-33.8
2025,RB,WR,RB_vs_WR,Cam Akers,Zay Jones,6938,4080,271,166,105,7.2,18.3,-11.1
2025,RB,WR,RB_vs_WR,Cam Akers,Parker Washington,6938,9487,271,165,106,7.2,112,-104.8
2025,RB,WR,RB_vs_WR,Cam Akers,Jake Bobo,6938,10867,271,160,111,7.2,2,5.2
2025,RB,WR,RB_vs_WR,Kenneth Gainwell,Dyami Brown,7567,7587,251,438,-187,134.9,28.9,106
2025,RB,WR,RB_vs_WR,Kenneth Gainwell,Jalen Nailor,7567,8180,251,383,-132,134.9,66.8,68.1
2025,RB,WR,RB_vs_WR,Kenneth Gainwell,Troy Franklin,7567,11627,251,370,-119,134.9,112.1,22.8
2025,RB,WR,RB_vs_WR,Kenneth Gainwell,Olamide Zaccheaus,7567,6271,251,353,-102,134.9,45.8,89.1
2025,RB,WR,RB_vs_WR,Kenneth Gainwell,JuJu Smith-Schuster,7567,4040,251,317,-66,134.9,39.2,95.7
2025,RB,WR,RB_vs_WR,Kenneth Gainwell,Tre Tucker,7567,10213,251,299,-48,134.9,101.3,33.6
2025,RB,WR,RB_vs_WR,Kenneth Gainwell,Brandin Cooks,7567,2197,251,278,-27,134.9,27.9,107
2025,RB,WR,RB_vs_WR,Kenneth Gainwell,Tyquan Thornton,7567,8188,251,260,-9,134.9,61.8,73.1
2025,RB,WR,RB_vs_WR,Kenneth Gainwell,Christian Watson,7567,8167,251,258,-7,134.9,97.4,37.5
2025,RB,WR,RB_vs_WR,Kenneth Gainwell,Tutu Atwell,7567,7562,251,253,-2,134.9,23.3,111.6
2025,RB,WR,RB_vs_WR,Kenneth Gainwell,Luke McCaffrey,7567,11650,251,228,23,134.9,40.3,94.6
2025,RB,WR,RB_vs_WR,Kenneth Gainwell,Skyy Moore,7567,8168,251,226,25,134.9,9.8,125.1
2025,RB,WR,RB_vs_WR,Kenneth Gainwell,Curtis Samuel,7567,4082,251,225,26,134.9,14.1,120.8
2025,RB,WR,RB_vs_WR,Kenneth Gainwell,KaVontae Turpin,7567,8917,251,218,33,134.9,57.8,77.1
2025,RB,WR,RB_vs_WR,Kenneth Gainwell,Malachi Corley,7567,11617,251,213,38,134.9,16.8,118.1
2025,RB,WR,RB_vs_WR,Kenneth Gainwell,Noah Brown,7567,4234,251,213,38,134.9,8.3,126.6
2025,RB,WR,RB_vs_WR,Kenneth Gainwell,Marquez Valdes-Scantling,7567,5086,251,209,42,134.9,14.6,120.3
2025,RB,WR,RB_vs_WR,Kenneth Gainwell,Tim Patrick,7567,4351,251,208,43,134.9,36.3,98.6
2025,RB,WR,RB_vs_WR,Kenneth Gainwell,Josh Reynolds,7567,4171,251,206,45,134.9,12.1,122.8
2025,RB,WR,RB_vs_WR,Kenneth Gainwell,Elijah Moore,7567,7596,251,205,46,134.9,19.6,115.3
2025,RB,WR,RB_vs_WR,Kenneth Gainwell,Jahan Dotson,7567,8119,251,203,48,134.9,28.2,106.7
2025,RB,WR,RB_vs_WR,Kenneth Gainwell,John Metchie,7567,8147,251,202,49,134.9,36.9,98
2025,RB,WR,RB_vs_WR,Kenneth Gainwell,Nick Westbrook-Ikhine,7567,7496,251,192,59,134.9,8.9,126
2025,RB,WR,RB_vs_WR,Kenneth Gainwell,Demarcus Robinson,7567,3286,251,188,63,134.9,33.8,101.1
2025,RB,WR,RB_vs_WR,Kenneth Gainwell,Jalin Hyatt,7567,9497,251,178,73,134.9,3.5,131.4
2025,RB,WR,RB_vs_WR,Kenneth Gainwell,Allen Lazard,7567,5185,251,177,74,134.9,13,121.9
2025,RB,WR,RB_vs_WR,Kenneth Gainwell,Van Jefferson,7567,6853,251,167,84,134.9,41,93.9
2025,RB,WR,RB_vs_WR,Kenneth Gainwell,Zay Jones,7567,4080,251,166,85,134.9,18.3,116.6
2025,RB,WR,RB_vs_WR,Kenneth Gainwell,Parker Washington,7567,9487,251,165,86,134.9,112,22.9
2025,RB,WR,RB_vs_WR,Kenneth Gainwell,Jake Bobo,7567,10867,251,160,91,134.9,2,132.9
2025,RB,WR,RB_vs_WR,Raheem Mostert,Jalen Nailor,2749,8180,224,383,-159,17.4,66.8,-49.4
2025,RB,WR,RB_vs_WR,Raheem Mostert,Troy Franklin,2749,11627,224,370,-146,17.4,112.1,-94.7
2025,RB,WR,RB_vs_WR,Raheem Mostert,Olamide Zaccheaus,2749,6271,224,353,-129,17.4,45.8,-28.4
2025,RB,WR,RB_vs_WR,Raheem Mostert,JuJu Smith-Schuster,2749,4040,224,317,-93,17.4,39.2,-21.8
2025,RB,WR,RB_vs_WR,Raheem Mostert,Tre Tucker,2749,10213,224,299,-75,17.4,101.3,-83.9
2025,RB,WR,RB_vs_WR,Raheem Mostert,Brandin Cooks,2749,2197,224,278,-54,17.4,27.9,-10.5
2025,RB,WR,RB_vs_WR,Raheem Mostert,Tyquan Thornton,2749,8188,224,260,-36,17.4,61.8,-44.4
2025,RB,WR,RB_vs_WR,Raheem Mostert,Christian Watson,2749,8167,224,258,-34,17.4,97.4,-80
2025,RB,WR,RB_vs_WR,Raheem Mostert,Tutu Atwell,2749,7562,224,253,-29,17.4,23.3,-5.9
2025,RB,WR,RB_vs_WR,Raheem Mostert,Luke McCaffrey,2749,11650,224,228,-4,17.4,40.3,-22.9
2025,RB,WR,RB_vs_WR,Raheem Mostert,Skyy Moore,2749,8168,224,226,-2,17.4,9.8,7.6
2025,RB,WR,RB_vs_WR,Raheem Mostert,Curtis Samuel,2749,4082,224,225,-1,17.4,14.1,3.3
2025,RB,WR,RB_vs_WR,Raheem Mostert,KaVontae Turpin,2749,8917,224,218,6,17.4,57.8,-40.4
2025,RB,WR,RB_vs_WR,Raheem Mostert,Malachi Corley,2749,11617,224,213,11,17.4,16.8,0.6
2025,RB,WR,RB_vs_WR,Raheem Mostert,Noah Brown,2749,4234,224,213,11,17.4,8.3,9.1
2025,RB,WR,RB_vs_WR,Raheem Mostert,Marquez Valdes-Scantling,2749,5086,224,209,15,17.4,14.6,2.8
2025,RB,WR,RB_vs_WR,Raheem Mostert,Tim Patrick,2749,4351,224,208,16,17.4,36.3,-18.9
2025,RB,WR,RB_vs_WR,Raheem Mostert,Josh Reynolds,2749,4171,224,206,18,17.4,12.1,5.3
2025,RB,WR,RB_vs_WR,Raheem Mostert,Elijah Moore,2749,7596,224,205,19,17.4,19.6,-2.2
2025,RB,WR,RB_vs_WR,Raheem Mostert,Jahan Dotson,2749,8119,224,203,21,17.4,28.2,-10.8
2025,RB,WR,RB_vs_WR,Raheem Mostert,John Metchie,2749,8147,224,202,22,17.4,36.9,-19.5
2025,RB,WR,RB_vs_WR,Raheem Mostert,Nick Westbrook-Ikhine,2749,7496,224,192,32,17.4,8.9,8.5
2025,RB,WR,RB_vs_WR,Raheem Mostert,Demarcus Robinson,2749,3286,224,188,36,17.4,33.8,-16.4
2025,RB,WR,RB_vs_WR,Raheem Mostert,Jalin Hyatt,2749,9497,224,178,46,17.4,3.5,13.9
2025,RB,WR,RB_vs_WR,Raheem Mostert,Allen Lazard,2749,5185,224,177,47,17.4,13,4.4
2025,RB,WR,RB_vs_WR,Raheem Mostert,Van Jefferson,2749,6853,224,167,57,17.4,41,-23.6
2025,RB,WR,RB_vs_WR,Raheem Mostert,Zay Jones,2749,4080,224,166,58,17.4,18.3,-0.9
2025,RB,WR,RB_vs_WR,Raheem Mostert,Parker Washington,2749,9487,224,165,59,17.4,112,-94.6
2025,RB,WR,RB_vs_WR,Raheem Mostert,Jake Bobo,2749,10867,224,160,64,17.4,2,15.4
2025,RB,WR,RB_vs_WR,Devin Singletary,Jalen Nailor,6130,8180,211,383,-172,80.2,66.8,13.4
2025,RB,WR,RB_vs_WR,Devin Singletary,Troy Franklin,6130,11627,211,370,-159,80.2,112.1,-31.9
2025,RB,WR,RB_vs_WR,Devin Singletary,Olamide Zaccheaus,6130,6271,211,353,-142,80.2,45.8,34.4
2025,RB,WR,RB_vs_WR,Devin Singletary,JuJu Smith-Schuster,6130,4040,211,317,-106,80.2,39.2,41
2025,RB,WR,RB_vs_WR,Devin Singletary,Tre Tucker,6130,10213,211,299,-88,80.2,101.3,-21.1
2025,RB,WR,RB_vs_WR,Devin Singletary,Brandin Cooks,6130,2197,211,278,-67,80.2,27.9,52.3
2025,RB,WR,RB_vs_WR,Devin Singletary,Tyquan Thornton,6130,8188,211,260,-49,80.2,61.8,18.4
2025,RB,WR,RB_vs_WR,Devin Singletary,Christian Watson,6130,8167,211,258,-47,80.2,97.4,-17.2
2025,RB,WR,RB_vs_WR,Devin Singletary,Tutu Atwell,6130,7562,211,253,-42,80.2,23.3,56.9
2025,RB,WR,RB_vs_WR,Devin Singletary,Luke McCaffrey,6130,11650,211,228,-17,80.2,40.3,39.9
2025,RB,WR,RB_vs_WR,Devin Singletary,Skyy Moore,6130,8168,211,226,-15,80.2,9.8,70.4
2025,RB,WR,RB_vs_WR,Devin Singletary,Curtis Samuel,6130,4082,211,225,-14,80.2,14.1,66.1
2025,RB,WR,RB_vs_WR,Devin Singletary,KaVontae Turpin,6130,8917,211,218,-7,80.2,57.8,22.4
2025,RB,WR,RB_vs_WR,Devin Singletary,Malachi Corley,6130,11617,211,213,-2,80.2,16.8,63.4
2025,RB,WR,RB_vs_WR,Devin Singletary,Noah Brown,6130,4234,211,213,-2,80.2,8.3,71.9
2025,RB,WR,RB_vs_WR,Devin Singletary,Marquez Valdes-Scantling,6130,5086,211,209,2,80.2,14.6,65.6
2025,RB,WR,RB_vs_WR,Devin Singletary,Tim Patrick,6130,4351,211,208,3,80.2,36.3,43.9
2025,RB,WR,RB_vs_WR,Devin Singletary,Josh Reynolds,6130,4171,211,206,5,80.2,12.1,68.1
2025,RB,WR,RB_vs_WR,Devin Singletary,Elijah Moore,6130,7596,211,205,6,80.2,19.6,60.6
2025,RB,WR,RB_vs_WR,Devin Singletary,Jahan Dotson,6130,8119,211,203,8,80.2,28.2,52
2025,RB,WR,RB_vs_WR,Devin Singletary,John Metchie,6130,8147,211,202,9,80.2,36.9,43.3
2025,RB,WR,RB_vs_WR,Devin Singletary,Nick Westbrook-Ikhine,6130,7496,211,192,19,80.2,8.9,71.3
2025,RB,WR,RB_vs_WR,Devin Singletary,Demarcus Robinson,6130,3286,211,188,23,80.2,33.8,46.4
2025,RB,WR,RB_vs_WR,Devin Singletary,Jalin Hyatt,6130,9497,211,178,33,80.2,3.5,76.7
2025,RB,WR,RB_vs_WR,Devin Singletary,Allen Lazard,6130,5185,211,177,34,80.2,13,67.2
2025,RB,WR,RB_vs_WR,Devin Singletary,Van Jefferson,6130,6853,211,167,44,80.2,41,39.2
2025,RB,WR,RB_vs_WR,Devin Singletary,Zay Jones,6130,4080,211,166,45,80.2,18.3,61.9
2025,RB,WR,RB_vs_WR,Devin Singletary,Parker Washington,6130,9487,211,165,46,80.2,112,-31.8
2025,RB,WR,RB_vs_WR,Devin Singletary,Jake Bobo,6130,10867,211,160,51,80.2,2,78.2
2025,RB,WR,RB_vs_WR,AJ Dillon,Jalen Nailor,6828,8180,188,383,-195,5.8,66.8,-61
2025,RB,WR,RB_vs_WR,AJ Dillon,Troy Franklin,6828,11627,188,370,-182,5.8,112.1,-106.3
2025,RB,WR,RB_vs_WR,AJ Dillon,Olamide Zaccheaus,6828,6271,188,353,-165,5.8,45.8,-40
2025,RB,WR,RB_vs_WR,AJ Dillon,JuJu Smith-Schuster,6828,4040,188,317,-129,5.8,39.2,-33.4
2025,RB,WR,RB_vs_WR,AJ Dillon,Tre Tucker,6828,10213,188,299,-111,5.8,101.3,-95.5
2025,RB,WR,RB_vs_WR,AJ Dillon,Brandin Cooks,6828,2197,188,278,-90,5.8,27.9,-22.1
2025,RB,WR,RB_vs_WR,AJ Dillon,Tyquan Thornton,6828,8188,188,260,-72,5.8,61.8,-56
2025,RB,WR,RB_vs_WR,AJ Dillon,Christian Watson,6828,8167,188,258,-70,5.8,97.4,-91.6
2025,RB,WR,RB_vs_WR,AJ Dillon,Tutu Atwell,6828,7562,188,253,-65,5.8,23.3,-17.5
2025,RB,WR,RB_vs_WR,AJ Dillon,Luke McCaffrey,6828,11650,188,228,-40,5.8,40.3,-34.5
2025,RB,WR,RB_vs_WR,AJ Dillon,Skyy Moore,6828,8168,188,226,-38,5.8,9.8,-4
2025,RB,WR,RB_vs_WR,AJ Dillon,Curtis Samuel,6828,4082,188,225,-37,5.8,14.1,-8.3
2025,RB,WR,RB_vs_WR,AJ Dillon,KaVontae Turpin,6828,8917,188,218,-30,5.8,57.8,-52
2025,RB,WR,RB_vs_WR,AJ Dillon,Malachi Corley,6828,11617,188,213,-25,5.8,16.8,-11
2025,RB,WR,RB_vs_WR,AJ Dillon,Noah Brown,6828,4234,188,213,-25,5.8,8.3,-2.5
2025,RB,WR,RB_vs_WR,AJ Dillon,Marquez Valdes-Scantling,6828,5086,188,209,-21,5.8,14.6,-8.8
2025,RB,WR,RB_vs_WR,AJ Dillon,Tim Patrick,6828,4351,188,208,-20,5.8,36.3,-30.5
2025,RB,WR,RB_vs_WR,AJ Dillon,Josh Reynolds,6828,4171,188,206,-18,5.8,12.1,-6.3
2025,RB,WR,RB_vs_WR,AJ Dillon,Elijah Moore,6828,7596,188,205,-17,5.8,19.6,-13.8
2025,RB,WR,RB_vs_WR,AJ Dillon,Jahan Dotson,6828,8119,188,203,-15,5.8,28.2,-22.4
2025,RB,WR,RB_vs_WR,AJ Dillon,John Metchie,6828,8147,188,202,-14,5.8,36.9,-31.1
2025,RB,WR,RB_vs_WR,AJ Dillon,Nick Westbrook-Ikhine,6828,7496,188,192,-4,5.8,8.9,-3.1
2025,RB,WR,RB_vs_WR,AJ Dillon,Demarcus Robinson,6828,3286,188,188,0,5.8,33.8,-28
2025,RB,WR,RB_vs_WR,AJ Dillon,Jalin Hyatt,6828,9497,188,178,10,5.8,3.5,2.3
2025,RB,WR,RB_vs_WR,AJ Dillon,Allen Lazard,6828,5185,188,177,11,5.8,13,-7.2
2025,RB,WR,RB_vs_WR,AJ Dillon,Van Jefferson,6828,6853,188,167,21,5.8,41,-35.2
2025,RB,WR,RB_vs_WR,AJ Dillon,Zay Jones,6828,4080,188,166,22,5.8,18.3,-12.5
2025,RB,WR,RB_vs_WR,AJ Dillon,Parker Washington,6828,9487,188,165,23,5.8,112,-106.2
2025,RB,WR,RB_vs_WR,AJ Dillon,Jake Bobo,6828,10867,188,160,28,5.8,2,3.8
2025,RB,WR,RB_vs_WR,Ty Johnson,Jalen Nailor,6039,8180,183,383,-200,58.7,66.8,-8.1
2025,RB,WR,RB_vs_WR,Ty Johnson,Troy Franklin,6039,11627,183,370,-187,58.7,112.1,-53.4
2025,RB,WR,RB_vs_WR,Ty Johnson,Olamide Zaccheaus,6039,6271,183,353,-170,58.7,45.8,12.9
2025,RB,WR,RB_vs_WR,Ty Johnson,JuJu Smith-Schuster,6039,4040,183,317,-134,58.7,39.2,19.5
2025,RB,WR,RB_vs_WR,Ty Johnson,Tre Tucker,6039,10213,183,299,-116,58.7,101.3,-42.6
2025,RB,WR,RB_vs_WR,Ty Johnson,Brandin Cooks,6039,2197,183,278,-95,58.7,27.9,30.8
2025,RB,WR,RB_vs_WR,Ty Johnson,Tyquan Thornton,6039,8188,183,260,-77,58.7,61.8,-3.1
2025,RB,WR,RB_vs_WR,Ty Johnson,Christian Watson,6039,8167,183,258,-75,58.7,97.4,-38.7
2025,RB,WR,RB_vs_WR,Ty Johnson,Tutu Atwell,6039,7562,183,253,-70,58.7,23.3,35.4
2025,RB,WR,RB_vs_WR,Ty Johnson,Luke McCaffrey,6039,11650,183,228,-45,58.7,40.3,18.4
2025,RB,WR,RB_vs_WR,Ty Johnson,Skyy Moore,6039,8168,183,226,-43,58.7,9.8,48.9
2025,RB,WR,RB_vs_WR,Ty Johnson,Curtis Samuel,6039,4082,183,225,-42,58.7,14.1,44.6
2025,RB,WR,RB_vs_WR,Ty Johnson,KaVontae Turpin,6039,8917,183,218,-35,58.7,57.8,0.9
2025,RB,WR,RB_vs_WR,Ty Johnson,Malachi Corley,6039,11617,183,213,-30,58.7,16.8,41.9
2025,RB,WR,RB_vs_WR,Ty Johnson,Noah Brown,6039,4234,183,213,-30,58.7,8.3,50.4
2025,RB,WR,RB_vs_WR,Ty Johnson,Marquez Valdes-Scantling,6039,5086,183,209,-26,58.7,14.6,44.1
2025,RB,WR,RB_vs_WR,Ty Johnson,Tim Patrick,6039,4351,183,208,-25,58.7,36.3,22.4
2025,RB,WR,RB_vs_WR,Ty Johnson,Josh Reynolds,6039,4171,183,206,-23,58.7,12.1,46.6
2025,RB,WR,RB_vs_WR,Ty Johnson,Elijah Moore,6039,7596,183,205,-22,58.7,19.6,39.1
2025,RB,WR,RB_vs_WR,Ty Johnson,Jahan Dotson,6039,8119,183,203,-20,58.7,28.2,30.5
2025,RB,WR,RB_vs_WR,Ty Johnson,John Metchie,6039,8147,183,202,-19,58.7,36.9,21.8
2025,RB,WR,RB_vs_WR,Ty Johnson,Nick Westbrook-Ikhine,6039,7496,183,192,-9,58.7,8.9,49.8
2025,RB,WR,RB_vs_WR,Ty Johnson,Demarcus Robinson,6039,3286,183,188,-5,58.7,33.8,24.9
2025,RB,WR,RB_vs_WR,Ty Johnson,Jalin Hyatt,6039,9497,183,178,5,58.7,3.5,55.2
2025,RB,WR,RB_vs_WR,Ty Johnson,Allen Lazard,6039,5185,183,177,6,58.7,13,45.7
2025,RB,WR,RB_vs_WR,Ty Johnson,Van Jefferson,6039,6853,183,167,16,58.7,41,17.7
2025,RB,WR,RB_vs_WR,Ty Johnson,Zay Jones,6039,4080,183,166,17,58.7,18.3,40.4
2025,RB,WR,RB_vs_WR,Ty Johnson,Parker Washington,6039,9487,183,165,18,58.7,112,-53.3
2025,RB,WR,RB_vs_WR,Ty Johnson,Jake Bobo,6039,10867,183,160,23,58.7,2,56.7
2025,RB,WR,RB_vs_WR,Audric Estime,Troy Franklin,11579,11627,174,370,-196,25.5,112.1,-86.6
2025,RB,WR,RB_vs_WR,Audric Estime,Olamide Zaccheaus,11579,6271,174,353,-179,25.5,45.8,-20.3
2025,RB,WR,RB_vs_WR,Audric Estime,JuJu Smith-Schuster,11579,4040,174,317,-143,25.5,39.2,-13.7
2025,RB,WR,RB_vs_WR,Audric Estime,Tre Tucker,11579,10213,174,299,-125,25.5,101.3,-75.8
2025,RB,WR,RB_vs_WR,Audric Estime,Brandin Cooks,11579,2197,174,278,-104,25.5,27.9,-2.4
2025,RB,WR,RB_vs_WR,Audric Estime,Tyquan Thornton,11579,8188,174,260,-86,25.5,61.8,-36.3
2025,RB,WR,RB_vs_WR,Audric Estime,Christian Watson,11579,8167,174,258,-84,25.5,97.4,-71.9
2025,RB,WR,RB_vs_WR,Audric Estime,Tutu Atwell,11579,7562,174,253,-79,25.5,23.3,2.2
2025,RB,WR,RB_vs_WR,Audric Estime,Luke McCaffrey,11579,11650,174,228,-54,25.5,40.3,-14.8
2025,RB,WR,RB_vs_WR,Audric Estime,Skyy Moore,11579,8168,174,226,-52,25.5,9.8,15.7
2025,RB,WR,RB_vs_WR,Audric Estime,Curtis Samuel,11579,4082,174,225,-51,25.5,14.1,11.4
2025,RB,WR,RB_vs_WR,Audric Estime,KaVontae Turpin,11579,8917,174,218,-44,25.5,57.8,-32.3
2025,RB,WR,RB_vs_WR,Audric Estime,Malachi Corley,11579,11617,174,213,-39,25.5,16.8,8.7
2025,RB,WR,RB_vs_WR,Audric Estime,Noah Brown,11579,4234,174,213,-39,25.5,8.3,17.2
2025,RB,WR,RB_vs_WR,Audric Estime,Marquez Valdes-Scantling,11579,5086,174,209,-35,25.5,14.6,10.9
2025,RB,WR,RB_vs_WR,Audric Estime,Tim Patrick,11579,4351,174,208,-34,25.5,36.3,-10.8
2025,RB,WR,RB_vs_WR,Audric Estime,Josh Reynolds,11579,4171,174,206,-32,25.5,12.1,13.4
2025,RB,WR,RB_vs_WR,Audric Estime,Elijah Moore,11579,7596,174,205,-31,25.5,19.6,5.9
2025,RB,WR,RB_vs_WR,Audric Estime,Jahan Dotson,11579,8119,174,203,-29,25.5,28.2,-2.7
2025,RB,WR,RB_vs_WR,Audric Estime,John Metchie,11579,8147,174,202,-28,25.5,36.9,-11.4
2025,RB,WR,RB_vs_WR,Audric Estime,Nick Westbrook-Ikhine,11579,7496,174,192,-18,25.5,8.9,16.6
2025,RB,WR,RB_vs_WR,Audric Estime,Demarcus Robinson,11579,3286,174,188,-14,25.5,33.8,-8.3
2025,RB,WR,RB_vs_WR,Audric Estime,Jalin Hyatt,11579,9497,174,178,-4,25.5,3.5,22
2025,RB,WR,RB_vs_WR,Audric Estime,Allen Lazard,11579,5185,174,177,-3,25.5,13,12.5
2025,RB,WR,RB_vs_WR,Audric Estime,Van Jefferson,11579,6853,174,167,7,25.5,41,-15.5
2025,RB,WR,RB_vs_WR,Audric Estime,Zay Jones,11579,4080,174,166,8,25.5,18.3,7.2
2025,RB,WR,RB_vs_WR,Audric Estime,Parker Washington,11579,9487,174,165,9,25.5,112,-86.5
2025,RB,WR,RB_vs_WR,Audric Estime,Jake Bobo,11579,10867,174,160,14,25.5,2,23.5
2025,RB,WR,RB_vs_WR,Ty Chandler,Troy Franklin,8230,11627,172,370,-198,2.4,112.1,-109.7
2025,RB,WR,RB_vs_WR,Ty Chandler,Olamide Zaccheaus,8230,6271,172,353,-181,2.4,45.8,-43.4
2025,RB,WR,RB_vs_WR,Ty Chandler,JuJu Smith-Schuster,8230,4040,172,317,-145,2.4,39.2,-36.8
2025,RB,WR,RB_vs_WR,Ty Chandler,Tre Tucker,8230,10213,172,299,-127,2.4,101.3,-98.9
2025,RB,WR,RB_vs_WR,Ty Chandler,Brandin Cooks,8230,2197,172,278,-106,2.4,27.9,-25.5
2025,RB,WR,RB_vs_WR,Ty Chandler,Tyquan Thornton,8230,8188,172,260,-88,2.4,61.8,-59.4
2025,RB,WR,RB_vs_WR,Ty Chandler,Christian Watson,8230,8167,172,258,-86,2.4,97.4,-95
2025,RB,WR,RB_vs_WR,Ty Chandler,Tutu Atwell,8230,7562,172,253,-81,2.4,23.3,-20.9
2025,RB,WR,RB_vs_WR,Ty Chandler,Luke McCaffrey,8230,11650,172,228,-56,2.4,40.3,-37.9
2025,RB,WR,RB_vs_WR,Ty Chandler,Skyy Moore,8230,8168,172,226,-54,2.4,9.8,-7.4
2025,RB,WR,RB_vs_WR,Ty Chandler,Curtis Samuel,8230,4082,172,225,-53,2.4,14.1,-11.7
2025,RB,WR,RB_vs_WR,Ty Chandler,KaVontae Turpin,8230,8917,172,218,-46,2.4,57.8,-55.4
2025,RB,WR,RB_vs_WR,Ty Chandler,Malachi Corley,8230,11617,172,213,-41,2.4,16.8,-14.4
2025,RB,WR,RB_vs_WR,Ty Chandler,Noah Brown,8230,4234,172,213,-41,2.4,8.3,-5.9
2025,RB,WR,RB_vs_WR,Ty Chandler,Marquez Valdes-Scantling,8230,5086,172,209,-37,2.4,14.6,-12.2
2025,RB,WR,RB_vs_WR,Ty Chandler,Tim Patrick,8230,4351,172,208,-36,2.4,36.3,-33.9
2025,RB,WR,RB_vs_WR,Ty Chandler,Josh Reynolds,8230,4171,172,206,-34,2.4,12.1,-9.7
2025,RB,WR,RB_vs_WR,Ty Chandler,Elijah Moore,8230,7596,172,205,-33,2.4,19.6,-17.2
2025,RB,WR,RB_vs_WR,Ty Chandler,Jahan Dotson,8230,8119,172,203,-31,2.4,28.2,-25.8
2025,RB,WR,RB_vs_WR,Ty Chandler,John Metchie,8230,8147,172,202,-30,2.4,36.9,-34.5
2025,RB,WR,RB_vs_WR,Ty Chandler,Nick Westbrook-Ikhine,8230,7496,172,192,-20,2.4,8.9,-6.5
2025,RB,WR,RB_vs_WR,Ty Chandler,Demarcus Robinson,8230,3286,172,188,-16,2.4,33.8,-31.4
2025,RB,WR,RB_vs_WR,Ty Chandler,Jalin Hyatt,8230,9497,172,178,-6,2.4,3.5,-1.1
2025,RB,WR,RB_vs_WR,Ty Chandler,Allen Lazard,8230,5185,172,177,-5,2.4,13,-10.6
2025,RB,WR,RB_vs_WR,Ty Chandler,Van Jefferson,8230,6853,172,167,5,2.4,41,-38.6
2025,RB,WR,RB_vs_WR,Ty Chandler,Zay Jones,8230,4080,172,166,6,2.4,18.3,-15.9
2025,RB,WR,RB_vs_WR,Ty Chandler,Parker Washington,8230,9487,172,165,7,2.4,112,-109.6
2025,RB,WR,RB_vs_WR,Ty Chandler,Jake Bobo,8230,10867,172,160,12,2.4,2,0.4
2025,RB,WR,RB_vs_WR,Khalil Herbert,Olamide Zaccheaus,7608,6271,166,353,-187,1,45.8,-44.8
2025,RB,WR,RB_vs_WR,Khalil Herbert,JuJu Smith-Schuster,7608,4040,166,317,-151,1,39.2,-38.2
2025,RB,WR,RB_vs_WR,Khalil Herbert,Tre Tucker,7608,10213,166,299,-133,1,101.3,-100.3
2025,RB,WR,RB_vs_WR,Khalil Herbert,Brandin Cooks,7608,2197,166,278,-112,1,27.9,-26.9
2025,RB,WR,RB_vs_WR,Khalil Herbert,Tyquan Thornton,7608,8188,166,260,-94,1,61.8,-60.8
2025,RB,WR,RB_vs_WR,Khalil Herbert,Christian Watson,7608,8167,166,258,-92,1,97.4,-96.4
2025,RB,WR,RB_vs_WR,Khalil Herbert,Tutu Atwell,7608,7562,166,253,-87,1,23.3,-22.3
2025,RB,WR,RB_vs_WR,Khalil Herbert,Luke McCaffrey,7608,11650,166,228,-62,1,40.3,-39.3
2025,RB,WR,RB_vs_WR,Khalil Herbert,Skyy Moore,7608,8168,166,226,-60,1,9.8,-8.8
2025,RB,WR,RB_vs_WR,Khalil Herbert,Curtis Samuel,7608,4082,166,225,-59,1,14.1,-13.1
2025,RB,WR,RB_vs_WR,Khalil Herbert,KaVontae Turpin,7608,8917,166,218,-52,1,57.8,-56.8
2025,RB,WR,RB_vs_WR,Khalil Herbert,Malachi Corley,7608,11617,166,213,-47,1,16.8,-15.8
2025,RB,WR,RB_vs_WR,Khalil Herbert,Noah Brown,7608,4234,166,213,-47,1,8.3,-7.3
2025,RB,WR,RB_vs_WR,Khalil Herbert,Marquez Valdes-Scantling,7608,5086,166,209,-43,1,14.6,-13.6
2025,RB,WR,RB_vs_WR,Khalil Herbert,Tim Patrick,7608,4351,166,208,-42,1,36.3,-35.3
2025,RB,WR,RB_vs_WR,Khalil Herbert,Josh Reynolds,7608,4171,166,206,-40,1,12.1,-11.1
2025,RB,WR,RB_vs_WR,Khalil Herbert,Elijah Moore,7608,7596,166,205,-39,1,19.6,-18.6
2025,RB,WR,RB_vs_WR,Khalil Herbert,Jahan Dotson,7608,8119,166,203,-37,1,28.2,-27.2
2025,RB,WR,RB_vs_WR,Khalil Herbert,John Metchie,7608,8147,166,202,-36,1,36.9,-35.9
2025,RB,WR,RB_vs_WR,Khalil Herbert,Nick Westbrook-Ikhine,7608,7496,166,192,-26,1,8.9,-7.9
2025,RB,WR,RB_vs_WR,Khalil Herbert,Demarcus Robinson,7608,3286,166,188,-22,1,33.8,-32.8
2025,RB,WR,RB_vs_WR,Khalil Herbert,Jalin Hyatt,7608,9497,166,178,-12,1,3.5,-2.5
2025,RB,WR,RB_vs_WR,Khalil Herbert,Allen Lazard,7608,5185,166,177,-11,1,13,-12
2025,RB,WR,RB_vs_WR,Khalil Herbert,Van Jefferson,7608,6853,166,167,-1,1,41,-40
2025,RB,WR,RB_vs_WR,Khalil Herbert,Zay Jones,7608,4080,166,166,0,1,18.3,-17.3
2025,RB,WR,RB_vs_WR,Khalil Herbert,Parker Washington,7608,9487,166,165,1,1,112,-111
2025,RB,WR,RB_vs_WR,Khalil Herbert,Jake Bobo,7608,10867,166,160,6,1,2,-1
2025,RB,WR,RB_vs_WR,Antonio Gibson,Olamide Zaccheaus,6945,6271,162,353,-191,21.2,45.8,-24.6
2025,RB,WR,RB_vs_WR,Antonio Gibson,JuJu Smith-Schuster,6945,4040,162,317,-155,21.2,39.2,-18
2025,RB,WR,RB_vs_WR,Antonio Gibson,Tre Tucker,6945,10213,162,299,-137,21.2,101.3,-80.1
2025,RB,WR,RB_vs_WR,Antonio Gibson,Brandin Cooks,6945,2197,162,278,-116,21.2,27.9,-6.7
2025,RB,WR,RB_vs_WR,Antonio Gibson,Tyquan Thornton,6945,8188,162,260,-98,21.2,61.8,-40.6
2025,RB,WR,RB_vs_WR,Antonio Gibson,Christian Watson,6945,8167,162,258,-96,21.2,97.4,-76.2
2025,RB,WR,RB_vs_WR,Antonio Gibson,Tutu Atwell,6945,7562,162,253,-91,21.2,23.3,-2.1
2025,RB,WR,RB_vs_WR,Antonio Gibson,Luke McCaffrey,6945,11650,162,228,-66,21.2,40.3,-19.1
2025,RB,WR,RB_vs_WR,Antonio Gibson,Skyy Moore,6945,8168,162,226,-64,21.2,9.8,11.4
2025,RB,WR,RB_vs_WR,Antonio Gibson,Curtis Samuel,6945,4082,162,225,-63,21.2,14.1,7.1
2025,RB,WR,RB_vs_WR,Antonio Gibson,KaVontae Turpin,6945,8917,162,218,-56,21.2,57.8,-36.6
2025,RB,WR,RB_vs_WR,Antonio Gibson,Malachi Corley,6945,11617,162,213,-51,21.2,16.8,4.4
2025,RB,WR,RB_vs_WR,Antonio Gibson,Noah Brown,6945,4234,162,213,-51,21.2,8.3,12.9
2025,RB,WR,RB_vs_WR,Antonio Gibson,Marquez Valdes-Scantling,6945,5086,162,209,-47,21.2,14.6,6.6
2025,RB,WR,RB_vs_WR,Antonio Gibson,Tim Patrick,6945,4351,162,208,-46,21.2,36.3,-15.1
2025,RB,WR,RB_vs_WR,Antonio Gibson,Josh Reynolds,6945,4171,162,206,-44,21.2,12.1,9.1
2025,RB,WR,RB_vs_WR,Antonio Gibson,Elijah Moore,6945,7596,162,205,-43,21.2,19.6,1.6
2025,RB,WR,RB_vs_WR,Antonio Gibson,Jahan Dotson,6945,8119,162,203,-41,21.2,28.2,-7
2025,RB,WR,RB_vs_WR,Antonio Gibson,John Metchie,6945,8147,162,202,-40,21.2,36.9,-15.7
2025,RB,WR,RB_vs_WR,Antonio Gibson,Nick Westbrook-Ikhine,6945,7496,162,192,-30,21.2,8.9,12.3
2025,RB,WR,RB_vs_WR,Antonio Gibson,Demarcus Robinson,6945,3286,162,188,-26,21.2,33.8,-12.6
2025,RB,WR,RB_vs_WR,Antonio Gibson,Jalin Hyatt,6945,9497,162,178,-16,21.2,3.5,17.7
2025,RB,WR,RB_vs_WR,Antonio Gibson,Allen Lazard,6945,5185,162,177,-15,21.2,13,8.2
2025,RB,WR,RB_vs_WR,Antonio Gibson,Van Jefferson,6945,6853,162,167,-5,21.2,41,-19.8
2025,RB,WR,RB_vs_WR,Antonio Gibson,Zay Jones,6945,4080,162,166,-4,21.2,18.3,2.9
2025,RB,WR,RB_vs_WR,Antonio Gibson,Parker Washington,6945,9487,162,165,-3,21.2,112,-90.8
2025,RB,WR,RB_vs_WR,Antonio Gibson,Jake Bobo,6945,10867,162,160,2,21.2,2,19.2
2025,RB,WR,RB_vs_WR,Samaje Perine,Olamide Zaccheaus,4147,6271,161,353,-192,55.7,45.8,9.9
2025,RB,WR,RB_vs_WR,Samaje Perine,JuJu Smith-Schuster,4147,4040,161,317,-156,55.7,39.2,16.5
2025,RB,WR,RB_vs_WR,Samaje Perine,Tre Tucker,4147,10213,161,299,-138,55.7,101.3,-45.6
2025,RB,WR,RB_vs_WR,Samaje Perine,Brandin Cooks,4147,2197,161,278,-117,55.7,27.9,27.8
2025,RB,WR,RB_vs_WR,Samaje Perine,Tyquan Thornton,4147,8188,161,260,-99,55.7,61.8,-6.1
2025,RB,WR,RB_vs_WR,Samaje Perine,Christian Watson,4147,8167,161,258,-97,55.7,97.4,-41.7
2025,RB,WR,RB_vs_WR,Samaje Perine,Tutu Atwell,4147,7562,161,253,-92,55.7,23.3,32.4
2025,RB,WR,RB_vs_WR,Samaje Perine,Luke McCaffrey,4147,11650,161,228,-67,55.7,40.3,15.4
2025,RB,WR,RB_vs_WR,Samaje Perine,Skyy Moore,4147,8168,161,226,-65,55.7,9.8,45.9
2025,RB,WR,RB_vs_WR,Samaje Perine,Curtis Samuel,4147,4082,161,225,-64,55.7,14.1,41.6
2025,RB,WR,RB_vs_WR,Samaje Perine,KaVontae Turpin,4147,8917,161,218,-57,55.7,57.8,-2.1
2025,RB,WR,RB_vs_WR,Samaje Perine,Malachi Corley,4147,11617,161,213,-52,55.7,16.8,38.9
2025,RB,WR,RB_vs_WR,Samaje Perine,Noah Brown,4147,4234,161,213,-52,55.7,8.3,47.4
2025,RB,WR,RB_vs_WR,Samaje Perine,Marquez Valdes-Scantling,4147,5086,161,209,-48,55.7,14.6,41.1
2025,RB,WR,RB_vs_WR,Samaje Perine,Tim Patrick,4147,4351,161,208,-47,55.7,36.3,19.4
2025,RB,WR,RB_vs_WR,Samaje Perine,Josh Reynolds,4147,4171,161,206,-45,55.7,12.1,43.6
2025,RB,WR,RB_vs_WR,Samaje Perine,Elijah Moore,4147,7596,161,205,-44,55.7,19.6,36.1
2025,RB,WR,RB_vs_WR,Samaje Perine,Jahan Dotson,4147,8119,161,203,-42,55.7,28.2,27.5
2025,RB,WR,RB_vs_WR,Samaje Perine,John Metchie,4147,8147,161,202,-41,55.7,36.9,18.8
2025,RB,WR,RB_vs_WR,Samaje Perine,Nick Westbrook-Ikhine,4147,7496,161,192,-31,55.7,8.9,46.8
2025,RB,WR,RB_vs_WR,Samaje Perine,Demarcus Robinson,4147,3286,161,188,-27,55.7,33.8,21.9
2025,RB,WR,RB_vs_WR,Samaje Perine,Jalin Hyatt,4147,9497,161,178,-17,55.7,3.5,52.2
2025,RB,WR,RB_vs_WR,Samaje Perine,Allen Lazard,4147,5185,161,177,-16,55.7,13,42.7
2025,RB,WR,RB_vs_WR,Samaje Perine,Van Jefferson,4147,6853,161,167,-6,55.7,41,14.7
2025,RB,WR,RB_vs_WR,Samaje Perine,Zay Jones,4147,4080,161,166,-5,55.7,18.3,37.4
2025,RB,WR,RB_vs_WR,Samaje Perine,Parker Washington,4147,9487,161,165,-4,55.7,112,-56.3
2025,RB,WR,RB_vs_WR,Samaje Perine,Jake Bobo,4147,10867,161,160,1,55.7,2,53.7
2025,RB,TE,RB_vs_TE,Bijan Robinson,Brock Bowers,9509,11604,8843,8684,159,287.5,144.2,143.3
2025,RB,TE,RB_vs_TE,Christian McCaffrey,George Kittle,4034,4217,6020,6007,13,308.9,127.6,181.3
2025,RB,TE,RB_vs_TE,Chase Brown,Sam LaPorta,9224,10859,5422,5388,34,198.6,86.9,111.7
2025,RB,TE,RB_vs_TE,Bucky Irving,Sam LaPorta,11584,10859,5372,5388,-16,98.7,86.9,11.8
2025,RB,TE,RB_vs_TE,De'Von Achane,Travis Kelce,9226,1466,5161,5077,84,255.8,152.5,103.3
2025,RB,TE,RB_vs_TE,Josh Jacobs,Travis Kelce,5850,1466,5077,5077,0,201.1,152.5,48.6
2025,RB,TE,RB_vs_TE,Josh Jacobs,T.J. Hockenson,5850,5844,5077,4915,162,201.1,87.3,113.8
2025,RB,TE,RB_vs_TE,Jonathan Taylor,Travis Kelce,6813,1466,5029,5077,-48,312.4,152.5,159.9
2025,RB,TE,RB_vs_TE,Jonathan Taylor,T.J. Hockenson,6813,5844,5029,4915,114,312.4,87.3,225.1
2025,RB,TE,RB_vs_TE,Kyren Williams,Travis Kelce,8150,1466,4892,5077,-185,219.2,152.5,66.7
2025,RB,TE,RB_vs_TE,Kyren Williams,T.J. Hockenson,8150,5844,4892,4915,-23,219.2,87.3,131.9
2025,RB,TE,RB_vs_TE,Breece Hall,Mark Andrews,8155,5012,3984,3945,39,171.7,104.6,67.1
2025,RB,TE,RB_vs_TE,Kenneth Walker III,Mark Andrews,8151,5012,3872,3945,-73,147.6,104.6,43
2025,RB,TE,RB_vs_TE,Kenneth Walker III,Evan Engram,8151,4066,3872,3752,120,147.6,71.8,75.8
2025,RB,TE,RB_vs_TE,Chuba Hubbard,Evan Engram,7594,4066,3595,3752,-157,93.7,71.8,21.9
2025,RB,TE,RB_vs_TE,Chuba Hubbard,David Njoku,7594,4033,3595,3518,77,93.7,69.8,23.9
2025,RB,TE,RB_vs_TE,Chuba Hubbard,Tucker Kraft,7594,9484,3595,3492,103,93.7,101.2,-7.5
2025,RB,TE,RB_vs_TE,Chuba Hubbard,Colston Loveland,7594,12517,3595,3458,137,93.7,116,-22.3
2025,RB,TE,RB_vs_TE,Alvin Kamara,Evan Engram,4035,4066,3572,3752,-180,67.7,71.8,-4.1
2025,RB,TE,RB_vs_TE,Alvin Kamara,David Njoku,4035,4033,3572,3518,54,67.7,69.8,-2.1
2025,RB,TE,RB_vs_TE,Alvin Kamara,Tucker Kraft,4035,9484,3572,3492,80,67.7,101.2,-33.5
2025,RB,TE,RB_vs_TE,Alvin Kamara,Colston Loveland,4035,12517,3572,3458,114,67.7,116,-48.3
2025,RB,TE,RB_vs_TE,James Conner,David Njoku,4137,4033,3482,3518,-36,25.3,69.8,-44.5
2025,RB,TE,RB_vs_TE,James Conner,Tucker Kraft,4137,9484,3482,3492,-10,25.3,101.2,-75.9
2025,RB,TE,RB_vs_TE,James Conner,Colston Loveland,4137,12517,3482,3458,24,25.3,116,-90.7
2025,RB,TE,RB_vs_TE,James Conner,Jake Ferguson,4137,8110,3482,3322,160,25.3,146.1,-120.8
2025,RB,TE,RB_vs_TE,James Conner,Dalton Kincaid,4137,10236,3482,3288,194,25.3,100.3,-75
2025,RB,TE,RB_vs_TE,D'Andre Swift,David Njoku,6790,4033,3379,3518,-139,189.8,69.8,120
2025,RB,TE,RB_vs_TE,D'Andre Swift,Tucker Kraft,6790,9484,3379,3492,-113,189.8,101.2,88.6
2025,RB,TE,RB_vs_TE,D'Andre Swift,Colston Loveland,6790,12517,3379,3458,-79,189.8,116,73.8
2025,RB,TE,RB_vs_TE,D'Andre Swift,Jake Ferguson,6790,8110,3379,3322,57,189.8,146.1,43.7
2025,RB,TE,RB_vs_TE,D'Andre Swift,Dalton Kincaid,6790,10236,3379,3288,91,189.8,100.3,89.5
2025,RB,TE,RB_vs_TE,D'Andre Swift,Dallas Goedert,6790,5022,3379,3244,135,189.8,155.1,34.7
2025,RB,TE,RB_vs_TE,D'Andre Swift,Kyle Pitts,6790,7553,3379,3239,140,189.8,158,31.8
2025,RB,TE,RB_vs_TE,Isiah Pacheco,Jake Ferguson,8205,8110,3252,3322,-70,68.3,146.1,-77.8
2025,RB,TE,RB_vs_TE,Isiah Pacheco,Dalton Kincaid,8205,10236,3252,3288,-36,68.3,100.3,-32
2025,RB,TE,RB_vs_TE,Isiah Pacheco,Dallas Goedert,8205,5022,3252,3244,8,68.3,155.1,-86.8
2025,RB,TE,RB_vs_TE,Isiah Pacheco,Kyle Pitts,8205,7553,3252,3239,13,68.3,158,-89.7
2025,RB,TE,RB_vs_TE,Isiah Pacheco,Zach Ertz,8205,1339,3252,3082,170,68.3,101.4,-33.1
2025,RB,TE,RB_vs_TE,Tony Pollard,Jake Ferguson,5967,8110,3195,3322,-127,146.3,146.1,0.2
2025,RB,TE,RB_vs_TE,Tony Pollard,Dalton Kincaid,5967,10236,3195,3288,-93,146.3,100.3,46
2025,RB,TE,RB_vs_TE,Tony Pollard,Dallas Goedert,5967,5022,3195,3244,-49,146.3,155.1,-8.8
2025,RB,TE,RB_vs_TE,Tony Pollard,Kyle Pitts,5967,7553,3195,3239,-44,146.3,158,-11.7
2025,RB,TE,RB_vs_TE,Tony Pollard,Zach Ertz,5967,1339,3195,3082,113,146.3,101.4,44.9
2025,RB,TE,RB_vs_TE,Tony Pollard,Brenton Strange,5967,9480,3195,3021,174,146.3,80.8,65.5
2025,RB,TE,RB_vs_TE,Aaron Jones,Jake Ferguson,4199,8110,3166,3322,-156,90.7,146.1,-55.4
2025,RB,TE,RB_vs_TE,Aaron Jones,Dalton Kincaid,4199,10236,3166,3288,-122,90.7,100.3,-9.6
2025,RB,TE,RB_vs_TE,Aaron Jones,Dallas Goedert,4199,5022,3166,3244,-78,90.7,155.1,-64.4
2025,RB,TE,RB_vs_TE,Aaron Jones,Kyle Pitts,4199,7553,3166,3239,-73,90.7,158,-67.3
2025,RB,TE,RB_vs_TE,Aaron Jones,Zach Ertz,4199,1339,3166,3082,84,90.7,101.4,-10.7
2025,RB,TE,RB_vs_TE,Aaron Jones,Brenton Strange,4199,9480,3166,3021,145,90.7,80.8,9.9
2025,RB,TE,RB_vs_TE,Aaron Jones,Hunter Henry,4199,3214,3166,2975,191,90.7,140.7,-50
2025,RB,TE,RB_vs_TE,David Montgomery,Jake Ferguson,5892,8110,3146,3322,-176,137.4,146.1,-8.7
2025,RB,TE,RB_vs_TE,David Montgomery,Dalton Kincaid,5892,10236,3146,3288,-142,137.4,100.3,37.1
2025,RB,TE,RB_vs_TE,David Montgomery,Dallas Goedert,5892,5022,3146,3244,-98,137.4,155.1,-17.7
2025,RB,TE,RB_vs_TE,David Montgomery,Kyle Pitts,5892,7553,3146,3239,-93,137.4,158,-20.6
2025,RB,TE,RB_vs_TE,David Montgomery,Zach Ertz,5892,1339,3146,3082,64,137.4,101.4,36
2025,RB,TE,RB_vs_TE,David Montgomery,Brenton Strange,5892,9480,3146,3021,125,137.4,80.8,56.6
2025,RB,TE,RB_vs_TE,David Montgomery,Hunter Henry,5892,3214,3146,2975,171,137.4,140.7,-3.3
2025,RB,TE,RB_vs_TE,Jaylen Warren,Zach Ertz,8228,1339,2898,3082,-184,167.2,101.4,65.8
2025,RB,TE,RB_vs_TE,Jaylen Warren,Brenton Strange,8228,9480,2898,3021,-123,167.2,80.8,86.4
2025,RB,TE,RB_vs_TE,Jaylen Warren,Hunter Henry,8228,3214,2898,2975,-77,167.2,140.7,26.5
2025,RB,TE,RB_vs_TE,Jaylen Warren,Chigoziem Okonkwo,8228,8210,2898,2701,197,167.2,94.8,72.4
2025,RB,TE,RB_vs_TE,Javonte Williams,Hunter Henry,7588,3214,2806,2975,-169,207.8,140.7,67.1
2025,RB,TE,RB_vs_TE,Javonte Williams,Chigoziem Okonkwo,7588,8210,2806,2701,105,207.8,94.8,113
2025,RB,TE,RB_vs_TE,Javonte Williams,Jonnu Smith,7588,4144,2806,2633,173,207.8,65.3,142.5
2025,RB,TE,RB_vs_TE,Zach Charbonnet,Chigoziem Okonkwo,9753,8210,2620,2701,-81,145.7,94.8,50.9
2025,RB,TE,RB_vs_TE,Zach Charbonnet,Jonnu Smith,9753,4144,2620,2633,-13,145.7,65.3,80.4
2025,RB,TE,RB_vs_TE,Zach Charbonnet,Isaiah Likely,9753,8131,2620,2423,197,145.7,44,101.7
2025,RB,TE,RB_vs_TE,Jordan Mason,Chigoziem Okonkwo,8408,8210,2590,2701,-111,105.5,94.8,10.7
2025,RB,TE,RB_vs_TE,Jordan Mason,Jonnu Smith,8408,4144,2590,2633,-43,105.5,65.3,40.2
2025,RB,TE,RB_vs_TE,Jordan Mason,Isaiah Likely,8408,8131,2590,2423,167,105.5,44,61.5
2025,RB,TE,RB_vs_TE,Travis Etienne,Chigoziem Okonkwo,7543,8210,2566,2701,-135,214.1,94.8,119.3
2025,RB,TE,RB_vs_TE,Travis Etienne,Jonnu Smith,7543,4144,2566,2633,-67,214.1,65.3,148.8
2025,RB,TE,RB_vs_TE,Travis Etienne,Isaiah Likely,7543,8131,2566,2423,143,214.1,44,170.1
2025,RB,TE,RB_vs_TE,Travis Etienne,Mason Taylor,7543,12498,2566,2368,198,214.1,66.9,147.2
2025,RB,TE,RB_vs_TE,Rhamondre Stevenson,Isaiah Likely,7611,8131,2314,2423,-109,113.5,44,69.5
2025,RB,TE,RB_vs_TE,Rhamondre Stevenson,Mason Taylor,7611,12498,2314,2368,-54,113.5,66.9,46.6
2025,RB,TE,RB_vs_TE,Rhamondre Stevenson,Cade Otton,7611,8111,2314,2318,-4,113.5,73.8,39.7
2025,RB,TE,RB_vs_TE,Rhamondre Stevenson,Mike Gesicki,7611,4993,2314,2186,128,113.5,54.4,59.1
2025,RB,TE,RB_vs_TE,J.K. Dobbins,Mike Gesicki,6806,4993,2037,2186,-149,104.9,54.4,50.5
2025,RB,TE,RB_vs_TE,J.K. Dobbins,Ja'Tavion Sanders,6806,11600,2037,2100,-63,104.9,39.5,65.4
2025,RB,TE,RB_vs_TE,J.K. Dobbins,Theo Johnson,6806,11597,2037,2017,20,104.9,105.3,-0.4
2025,RB,TE,RB_vs_TE,J.K. Dobbins,Elijah Arroyo,6806,12521,2037,1877,160,104.9,29.4,75.5
2025,RB,TE,RB_vs_TE,Tank Bigsby,Ja'Tavion Sanders,9225,11600,1942,2100,-158,34.2,39.5,-5.3
2025,RB,TE,RB_vs_TE,Tank Bigsby,Theo Johnson,9225,11597,1942,2017,-75,34.2,105.3,-71.1
2025,RB,TE,RB_vs_TE,Tank Bigsby,Elijah Arroyo,9225,12521,1942,1877,65,34.2,29.4,4.8
2025,RB,TE,RB_vs_TE,Tank Bigsby,Harold Fannin,9225,12506,1942,1833,109,34.2,150.4,-116.2
2025,RB,TE,RB_vs_TE,Tank Bigsby,Pat Freiermuth,9225,7600,1942,1778,164,34.2,86.5,-52.3
2025,RB,TE,RB_vs_TE,Brian Robinson,Theo Johnson,8154,11597,1852,2017,-165,53.6,105.3,-51.7
2025,RB,TE,RB_vs_TE,Brian Robinson,Elijah Arroyo,8154,12521,1852,1877,-25,53.6,29.4,24.2
2025,RB,TE,RB_vs_TE,Brian Robinson,Harold Fannin,8154,12506,1852,1833,19,53.6,150.4,-96.8
2025,RB,TE,RB_vs_TE,Brian Robinson,Pat Freiermuth,8154,7600,1852,1778,74,53.6,86.5,-32.9
2025,RB,TE,RB_vs_TE,Najee Harris,Elijah Arroyo,7528,12521,1694,1877,-183,8.6,29.4,-20.8
2025,RB,TE,RB_vs_TE,Najee Harris,Harold Fannin,7528,12506,1694,1833,-139,8.6,150.4,-141.8
2025,RB,TE,RB_vs_TE,Najee Harris,Pat Freiermuth,7528,7600,1694,1778,-84,8.6,86.5,-77.9
2025,RB,TE,RB_vs_TE,Najee Harris,Juwan Johnson,7528,7002,1694,1619,75,8.6,135.8,-127.2
2025,RB,TE,RB_vs_TE,Najee Harris,Dalton Schultz,7528,5001,1694,1573,121,8.6,127.4,-118.8
2025,RB,TE,RB_vs_TE,Najee Harris,Darren Waller,7528,2505,1694,1510,184,8.6,76.7,-68.1
2025,RB,TE,RB_vs_TE,Trey Benson,Pat Freiermuth,11589,7600,1585,1778,-193,22.4,86.5,-64.1
2025,RB,TE,RB_vs_TE,Trey Benson,Juwan Johnson,11589,7002,1585,1619,-34,22.4,135.8,-113.4
2025,RB,TE,RB_vs_TE,Trey Benson,Dalton Schultz,11589,5001,1585,1573,12,22.4,127.4,-105
2025,RB,TE,RB_vs_TE,Trey Benson,Darren Waller,11589,2505,1585,1510,75,22.4,76.7,-54.3
2025,RB,TE,RB_vs_TE,Trey Benson,Tyler Higbee,11589,3271,1585,1428,157,22.4,41,-18.6
2025,RB,TE,RB_vs_TE,Trey Benson,Noah Gray,11589,7828,1585,1395,190,22.4,23.8,-1.4
2025,RB,TE,RB_vs_TE,Rachaad White,Juwan Johnson,8136,7002,1480,1619,-139,98.9,135.8,-36.9
2025,RB,TE,RB_vs_TE,Rachaad White,Dalton Schultz,8136,5001,1480,1573,-93,98.9,127.4,-28.5
2025,RB,TE,RB_vs_TE,Rachaad White,Darren Waller,8136,2505,1480,1510,-30,98.9,76.7,22.2
2025,RB,TE,RB_vs_TE,Rachaad White,Tyler Higbee,8136,3271,1480,1428,52,98.9,41,57.9
2025,RB,TE,RB_vs_TE,Rachaad White,Noah Gray,8136,7828,1480,1395,85,98.9,23.8,75.1
2025,RB,TE,RB_vs_TE,Rachaad White,Cole Kmet,8136,6826,1480,1362,118,98.9,59.1,39.8
2025,RB,TE,RB_vs_TE,Rachaad White,Terrance Ferguson,8136,12487,1480,1289,191,98.9,46.6,52.3
2025,RB,TE,RB_vs_TE,Tyjae Spears,Juwan Johnson,9508,7002,1450,1619,-169,64,135.8,-71.8
2025,RB,TE,RB_vs_TE,Tyjae Spears,Dalton Schultz,9508,5001,1450,1573,-123,64,127.4,-63.4
2025,RB,TE,RB_vs_TE,Tyjae Spears,Darren Waller,9508,2505,1450,1510,-60,64,76.7,-12.7
2025,RB,TE,RB_vs_TE,Tyjae Spears,Tyler Higbee,9508,3271,1450,1428,22,64,41,23
2025,RB,TE,RB_vs_TE,Tyjae Spears,Noah Gray,9508,7828,1450,1395,55,64,23.8,40.2
2025,RB,TE,RB_vs_TE,Tyjae Spears,Cole Kmet,9508,6826,1450,1362,88,64,59.1,4.9
2025,RB,TE,RB_vs_TE,Tyjae Spears,Terrance Ferguson,9508,12487,1450,1289,161,64,46.6,17.4
2025,RB,TE,RB_vs_TE,Braelon Allen,Darren Waller,11576,2505,1337,1510,-173,13.3,76.7,-63.4
2025,RB,TE,RB_vs_TE,Braelon Allen,Tyler Higbee,11576,3271,1337,1428,-91,13.3,41,-27.7
2025,RB,TE,RB_vs_TE,Braelon Allen,Noah Gray,11576,7828,1337,1395,-58,13.3,23.8,-10.5
2025,RB,TE,RB_vs_TE,Braelon Allen,Cole Kmet,11576,6826,1337,1362,-25,13.3,59.1,-45.8
2025,RB,TE,RB_vs_TE,Braelon Allen,Terrance Ferguson,11576,12487,1337,1289,48,13.3,46.6,-33.3
2025,RB,TE,RB_vs_TE,Braelon Allen,Tyler Conklin,11576,5133,1337,1215,122,13.3,12.7,0.6
2025,RB,TE,RB_vs_TE,Braelon Allen,Noah Fant,11576,5857,1337,1192,145,13.3,58.8,-45.5
2025,RB,TE,RB_vs_TE,Rico Dowdle,Tyler Higbee,7021,3271,1294,1428,-134,176.3,41,135.3
2025,RB,TE,RB_vs_TE,Rico Dowdle,Noah Gray,7021,7828,1294,1395,-101,176.3,23.8,152.5
2025,RB,TE,RB_vs_TE,Rico Dowdle,Cole Kmet,7021,6826,1294,1362,-68,176.3,59.1,117.2
2025,RB,TE,RB_vs_TE,Rico Dowdle,Terrance Ferguson,7021,12487,1294,1289,5,176.3,46.6,129.7
2025,RB,TE,RB_vs_TE,Rico Dowdle,Tyler Conklin,7021,5133,1294,1215,79,176.3,12.7,163.6
2025,RB,TE,RB_vs_TE,Rico Dowdle,Noah Fant,7021,5857,1294,1192,102,176.3,58.8,117.5
2025,RB,TE,RB_vs_TE,Rico Dowdle,Oronde Gadsden,7021,12493,1294,1104,190,176.3,103.6,72.7
2025,RB,TE,RB_vs_TE,Jerome Ford,Noah Gray,8143,7828,1197,1395,-198,17.6,23.8,-6.2
2025,RB,TE,RB_vs_TE,Jerome Ford,Cole Kmet,8143,6826,1197,1362,-165,17.6,59.1,-41.5
2025,RB,TE,RB_vs_TE,Jerome Ford,Terrance Ferguson,8143,12487,1197,1289,-92,17.6,46.6,-29
2025,RB,TE,RB_vs_TE,Jerome Ford,Tyler Conklin,8143,5133,1197,1215,-18,17.6,12.7,4.9
2025,RB,TE,RB_vs_TE,Jerome Ford,Noah Fant,8143,5857,1197,1192,5,17.6,58.8,-41.2
2025,RB,TE,RB_vs_TE,Jerome Ford,Oronde Gadsden,8143,12493,1197,1104,93,17.6,103.6,-86
2025,RB,TE,RB_vs_TE,Jerome Ford,AJ Barner,8143,11603,1197,1045,152,17.6,118.9,-101.3
2025,RB,TE,RB_vs_TE,Tyler Allgeier,Terrance Ferguson,8132,12487,1107,1289,-182,107.1,46.6,60.5
2025,RB,TE,RB_vs_TE,Tyler Allgeier,Tyler Conklin,8132,5133,1107,1215,-108,107.1,12.7,94.4
2025,RB,TE,RB_vs_TE,Tyler Allgeier,Noah Fant,8132,5857,1107,1192,-85,107.1,58.8,48.3
2025,RB,TE,RB_vs_TE,Tyler Allgeier,Oronde Gadsden,8132,12493,1107,1104,3,107.1,103.6,3.5
2025,RB,TE,RB_vs_TE,Tyler Allgeier,AJ Barner,8132,11603,1107,1045,62,107.1,118.9,-11.8
2025,RB,TE,RB_vs_TE,Tyler Allgeier,Foster Moreau,8132,5985,1107,925,182,107.1,9.4,97.7
2025,RB,TE,RB_vs_TE,Tyler Allgeier,Michael Mayer,8132,9482,1107,907,200,107.1,50.1,57
2025,RB,TE,RB_vs_TE,Nick Chubb,Tyler Conklin,4988,5133,1046,1215,-169,75.3,12.7,62.6
2025,RB,TE,RB_vs_TE,Nick Chubb,Noah Fant,4988,5857,1046,1192,-146,75.3,58.8,16.5
2025,RB,TE,RB_vs_TE,Nick Chubb,Oronde Gadsden,4988,12493,1046,1104,-58,75.3,103.6,-28.3
2025,RB,TE,RB_vs_TE,Nick Chubb,AJ Barner,4988,11603,1046,1045,1,75.3,118.9,-43.6
2025,RB,TE,RB_vs_TE,Nick Chubb,Foster Moreau,4988,5985,1046,925,121,75.3,9.4,65.9
2025,RB,TE,RB_vs_TE,Nick Chubb,Michael Mayer,4988,9482,1046,907,139,75.3,50.1,25.2
2025,RB,TE,RB_vs_TE,Nick Chubb,Taysom Hill,4988,4381,1046,860,186,75.3,31.6,43.7
2025,RB,TE,RB_vs_TE,Ray Davis,Tyler Conklin,11575,5133,1028,1215,-187,30.7,12.7,18
2025,RB,TE,RB_vs_TE,Ray Davis,Noah Fant,11575,5857,1028,1192,-164,30.7,58.8,-28.1
2025,RB,TE,RB_vs_TE,Ray Davis,Oronde Gadsden,11575,12493,1028,1104,-76,30.7,103.6,-72.9
2025,RB,TE,RB_vs_TE,Ray Davis,AJ Barner,11575,11603,1028,1045,-17,30.7,118.9,-88.2
2025,RB,TE,RB_vs_TE,Ray Davis,Foster Moreau,11575,5985,1028,925,103,30.7,9.4,21.3
2025,RB,TE,RB_vs_TE,Ray Davis,Michael Mayer,11575,9482,1028,907,121,30.7,50.1,-19.4
2025,RB,TE,RB_vs_TE,Ray Davis,Taysom Hill,11575,4381,1028,860,168,30.7,31.6,-0.9
2025,RB,TE,RB_vs_TE,Ray Davis,Ben Sinnott,11575,11596,1028,844,184,30.7,21.6,9.1
2025,RB,TE,RB_vs_TE,Ray Davis,Dawson Knox,11575,5906,1028,840,188,30.7,76.3,-45.6
2025,RB,TE,RB_vs_TE,Chris Rodriguez,AJ Barner,10219,11603,901,1045,-144,74.7,118.9,-44.2
2025,RB,TE,RB_vs_TE,Chris Rodriguez,Foster Moreau,10219,5985,901,925,-24,74.7,9.4,65.3
2025,RB,TE,RB_vs_TE,Chris Rodriguez,Michael Mayer,10219,9482,901,907,-6,74.7,50.1,24.6
2025,RB,TE,RB_vs_TE,Chris Rodriguez,Taysom Hill,10219,4381,901,860,41,74.7,31.6,43.1
2025,RB,TE,RB_vs_TE,Chris Rodriguez,Ben Sinnott,10219,11596,901,844,57,74.7,21.6,53.1
2025,RB,TE,RB_vs_TE,Chris Rodriguez,Dawson Knox,10219,5906,901,840,61,74.7,76.3,-1.6
2025,RB,TE,RB_vs_TE,Chris Rodriguez,Gunnar Helm,10219,12502,901,795,106,74.7,69.7,5
2025,RB,TE,RB_vs_TE,Chris Rodriguez,Luke Musgrave,10219,9481,901,787,114,74.7,37.2,37.5
2025,RB,TE,RB_vs_TE,Chris Rodriguez,Will Dissly,10219,5010,901,703,198,74.7,14.1,60.6
2025,RB,TE,RB_vs_TE,Justice Hill,Foster Moreau,5995,5985,824,925,-101,44.2,9.4,34.8
2025,RB,TE,RB_vs_TE,Justice Hill,Michael Mayer,5995,9482,824,907,-83,44.2,50.1,-5.9
2025,RB,TE,RB_vs_TE,Justice Hill,Taysom Hill,5995,4381,824,860,-36,44.2,31.6,12.6
2025,RB,TE,RB_vs_TE,Justice Hill,Ben Sinnott,5995,11596,824,844,-20,44.2,21.6,22.6
2025,RB,TE,RB_vs_TE,Justice Hill,Dawson Knox,5995,5906,824,840,-16,44.2,76.3,-32.1
2025,RB,TE,RB_vs_TE,Justice Hill,Gunnar Helm,5995,12502,824,795,29,44.2,69.7,-25.5
2025,RB,TE,RB_vs_TE,Justice Hill,Luke Musgrave,5995,9481,824,787,37,44.2,37.2,7
2025,RB,TE,RB_vs_TE,Justice Hill,Will Dissly,5995,5010,824,703,121,44.2,14.1,30.1
2025,RB,TE,RB_vs_TE,Justice Hill,Colby Parkinson,5995,6865,824,666,158,44.2,90.7,-46.5
2025,RB,TE,RB_vs_TE,Blake Corum,Taysom Hill,11586,4381,697,860,-163,107.3,31.6,75.7
2025,RB,TE,RB_vs_TE,Blake Corum,Ben Sinnott,11586,11596,697,844,-147,107.3,21.6,85.7
2025,RB,TE,RB_vs_TE,Blake Corum,Dawson Knox,11586,5906,697,840,-143,107.3,76.3,31
2025,RB,TE,RB_vs_TE,Blake Corum,Gunnar Helm,11586,12502,697,795,-98,107.3,69.7,37.6
2025,RB,TE,RB_vs_TE,Blake Corum,Luke Musgrave,11586,9481,697,787,-90,107.3,37.2,70.1
2025,RB,TE,RB_vs_TE,Blake Corum,Will Dissly,11586,5010,697,703,-6,107.3,14.1,93.2
2025,RB,TE,RB_vs_TE,Blake Corum,Colby Parkinson,11586,6865,697,666,31,107.3,90.7,16.6
2025,RB,TE,RB_vs_TE,Blake Corum,Cade Stover,11586,11599,697,615,82,107.3,12.5,94.8
2025,RB,TE,RB_vs_TE,Blake Corum,Brock Wright,11586,7891,697,595,102,107.3,29.8,77.5
2025,RB,TE,RB_vs_TE,Blake Corum,Darnell Washington,11586,9479,697,556,141,107.3,57.9,49.4
2025,RB,TE,RB_vs_TE,Blake Corum,Grant Calcaterra,11586,8177,697,556,141,107.3,9,98.3
2025,RB,TE,RB_vs_TE,Blake Corum,Elijah Higgins,11586,10231,697,532,165,107.3,38.8,68.5
2025,RB,TE,RB_vs_TE,Roschon Johnson,Taysom Hill,10235,4381,685,860,-175,1.7,31.6,-29.9
2025,RB,TE,RB_vs_TE,Roschon Johnson,Ben Sinnott,10235,11596,685,844,-159,1.7,21.6,-19.9
2025,RB,TE,RB_vs_TE,Roschon Johnson,Dawson Knox,10235,5906,685,840,-155,1.7,76.3,-74.6
2025,RB,TE,RB_vs_TE,Roschon Johnson,Gunnar Helm,10235,12502,685,795,-110,1.7,69.7,-68
2025,RB,TE,RB_vs_TE,Roschon Johnson,Luke Musgrave,10235,9481,685,787,-102,1.7,37.2,-35.5
2025,RB,TE,RB_vs_TE,Roschon Johnson,Will Dissly,10235,5010,685,703,-18,1.7,14.1,-12.4
2025,RB,TE,RB_vs_TE,Roschon Johnson,Colby Parkinson,10235,6865,685,666,19,1.7,90.7,-89
2025,RB,TE,RB_vs_TE,Roschon Johnson,Cade Stover,10235,11599,685,615,70,1.7,12.5,-10.8
2025,RB,TE,RB_vs_TE,Roschon Johnson,Brock Wright,10235,7891,685,595,90,1.7,29.8,-28.1
2025,RB,TE,RB_vs_TE,Roschon Johnson,Darnell Washington,10235,9479,685,556,129,1.7,57.9,-56.2
2025,RB,TE,RB_vs_TE,Roschon Johnson,Grant Calcaterra,10235,8177,685,556,129,1.7,9,-7.3
2025,RB,TE,RB_vs_TE,Roschon Johnson,Elijah Higgins,10235,10231,685,532,153,1.7,38.8,-37.1
2025,RB,TE,RB_vs_TE,Will Shipley,Gunnar Helm,11577,12502,607,795,-188,7.2,69.7,-62.5
2025,RB,TE,RB_vs_TE,Will Shipley,Luke Musgrave,11577,9481,607,787,-180,7.2,37.2,-30
2025,RB,TE,RB_vs_TE,Will Shipley,Will Dissly,11577,5010,607,703,-96,7.2,14.1,-6.9
2025,RB,TE,RB_vs_TE,Will Shipley,Colby Parkinson,11577,6865,607,666,-59,7.2,90.7,-83.5
2025,RB,TE,RB_vs_TE,Will Shipley,Cade Stover,11577,11599,607,615,-8,7.2,12.5,-5.3
2025,RB,TE,RB_vs_TE,Will Shipley,Brock Wright,11577,7891,607,595,12,7.2,29.8,-22.6
2025,RB,TE,RB_vs_TE,Will Shipley,Darnell Washington,11577,9479,607,556,51,7.2,57.9,-50.7
2025,RB,TE,RB_vs_TE,Will Shipley,Grant Calcaterra,11577,8177,607,556,51,7.2,9,-1.8
2025,RB,TE,RB_vs_TE,Will Shipley,Elijah Higgins,11577,10231,607,532,75,7.2,38.8,-31.6
2025,RB,TE,RB_vs_TE,Will Shipley,Josh Oliver,11577,5973,607,416,191,7.2,43.6,-36.4
2025,RB,TE,RB_vs_TE,Jaleel McLaughlin,Will Dissly,11439,5010,536,703,-167,21.6,14.1,7.5
2025,RB,TE,RB_vs_TE,Jaleel McLaughlin,Colby Parkinson,11439,6865,536,666,-130,21.6,90.7,-69.1
2025,RB,TE,RB_vs_TE,Jaleel McLaughlin,Cade Stover,11439,11599,536,615,-79,21.6,12.5,9.1
2025,RB,TE,RB_vs_TE,Jaleel McLaughlin,Brock Wright,11439,7891,536,595,-59,21.6,29.8,-8.2
2025,RB,TE,RB_vs_TE,Jaleel McLaughlin,Darnell Washington,11439,9479,536,556,-20,21.6,57.9,-36.3
2025,RB,TE,RB_vs_TE,Jaleel McLaughlin,Grant Calcaterra,11439,8177,536,556,-20,21.6,9,12.6
2025,RB,TE,RB_vs_TE,Jaleel McLaughlin,Elijah Higgins,11439,10231,536,532,4,21.6,38.8,-17.2
2025,RB,TE,RB_vs_TE,Jaleel McLaughlin,Josh Oliver,11439,5973,536,416,120,21.6,43.6,-22
2025,RB,TE,RB_vs_TE,Jaleel McLaughlin,Austin Hooper,11439,3202,536,350,186,21.6,47.8,-26.2
2025,RB,TE,RB_vs_TE,Kareem Hunt,Will Dissly,4098,5010,515,703,-188,123.9,14.1,109.8
2025,RB,TE,RB_vs_TE,Kareem Hunt,Colby Parkinson,4098,6865,515,666,-151,123.9,90.7,33.2
2025,RB,TE,RB_vs_TE,Kareem Hunt,Cade Stover,4098,11599,515,615,-100,123.9,12.5,111.4
2025,RB,TE,RB_vs_TE,Kareem Hunt,Brock Wright,4098,7891,515,595,-80,123.9,29.8,94.1
2025,RB,TE,RB_vs_TE,Kareem Hunt,Darnell Washington,4098,9479,515,556,-41,123.9,57.9,66
2025,RB,TE,RB_vs_TE,Kareem Hunt,Grant Calcaterra,4098,8177,515,556,-41,123.9,9,114.9
2025,RB,TE,RB_vs_TE,Kareem Hunt,Elijah Higgins,4098,10231,515,532,-17,123.9,38.8,85.1
2025,RB,TE,RB_vs_TE,Kareem Hunt,Josh Oliver,4098,5973,515,416,99,123.9,43.6,80.3
2025,RB,TE,RB_vs_TE,Kareem Hunt,Austin Hooper,4098,3202,515,350,165,123.9,47.8,76.1
2025,RB,TE,RB_vs_TE,Kareem Hunt,Charlie Kolar,4098,8127,515,331,184,123.9,31.2,92.7
2025,RB,TE,RB_vs_TE,Jaylen Wright,Cade Stover,11643,11599,441,615,-174,41.2,12.5,28.7
2025,RB,TE,RB_vs_TE,Jaylen Wright,Brock Wright,11643,7891,441,595,-154,41.2,29.8,11.4
2025,RB,TE,RB_vs_TE,Jaylen Wright,Darnell Washington,11643,9479,441,556,-115,41.2,57.9,-16.7
2025,RB,TE,RB_vs_TE,Jaylen Wright,Grant Calcaterra,11643,8177,441,556,-115,41.2,9,32.2
2025,RB,TE,RB_vs_TE,Jaylen Wright,Elijah Higgins,11643,10231,441,532,-91,41.2,38.8,2.4
2025,RB,TE,RB_vs_TE,Jaylen Wright,Josh Oliver,11643,5973,441,416,25,41.2,43.6,-2.4
2025,RB,TE,RB_vs_TE,Jaylen Wright,Austin Hooper,11643,3202,441,350,91,41.2,47.8,-6.6
2025,RB,TE,RB_vs_TE,Jaylen Wright,Charlie Kolar,11643,8127,441,331,110,41.2,31.2,10
2025,RB,TE,RB_vs_TE,Jaylen Wright,Luke Schoonmaker,11643,10871,441,297,144,41.2,18.5,22.7
2025,RB,TE,RB_vs_TE,Jaylen Wright,Tommy Tremble,11643,7694,441,293,148,41.2,39.1,2.1
2025,RB,TE,RB_vs_TE,Jaylen Wright,Greg Dulcich,11643,8172,441,286,155,41.2,45.2,-4
2025,RB,TE,RB_vs_TE,Jaylen Wright,Daniel Bellinger,11643,8225,441,281,160,41.2,39.3,1.9
2025,RB,TE,RB_vs_TE,Jaylen Wright,Jared Wiley,11643,11595,441,267,174,41.2,0.9,40.3
2025,RB,TE,RB_vs_TE,Jaylen Wright,Jeremy Ruckert,11643,8145,441,248,193,41.2,35.4,5.8
2025,RB,TE,RB_vs_TE,Dameon Pierce,Cade Stover,8129,11599,433,615,-182,2.6,12.5,-9.9
2025,RB,TE,RB_vs_TE,Dameon Pierce,Brock Wright,8129,7891,433,595,-162,2.6,29.8,-27.2
2025,RB,TE,RB_vs_TE,Dameon Pierce,Darnell Washington,8129,9479,433,556,-123,2.6,57.9,-55.3
2025,RB,TE,RB_vs_TE,Dameon Pierce,Grant Calcaterra,8129,8177,433,556,-123,2.6,9,-6.4
2025,RB,TE,RB_vs_TE,Dameon Pierce,Elijah Higgins,8129,10231,433,532,-99,2.6,38.8,-36.2
2025,RB,TE,RB_vs_TE,Dameon Pierce,Josh Oliver,8129,5973,433,416,17,2.6,43.6,-41
2025,RB,TE,RB_vs_TE,Dameon Pierce,Austin Hooper,8129,3202,433,350,83,2.6,47.8,-45.2
2025,RB,TE,RB_vs_TE,Dameon Pierce,Charlie Kolar,8129,8127,433,331,102,2.6,31.2,-28.6
2025,RB,TE,RB_vs_TE,Dameon Pierce,Luke Schoonmaker,8129,10871,433,297,136,2.6,18.5,-15.9
2025,RB,TE,RB_vs_TE,Dameon Pierce,Tommy Tremble,8129,7694,433,293,140,2.6,39.1,-36.5
2025,RB,TE,RB_vs_TE,Dameon Pierce,Greg Dulcich,8129,8172,433,286,147,2.6,45.2,-42.6
2025,RB,TE,RB_vs_TE,Dameon Pierce,Daniel Bellinger,8129,8225,433,281,152,2.6,39.3,-36.7
2025,RB,TE,RB_vs_TE,Dameon Pierce,Jared Wiley,8129,11595,433,267,166,2.6,0.9,1.7
2025,RB,TE,RB_vs_TE,Dameon Pierce,Jeremy Ruckert,8129,8145,433,248,185,2.6,35.4,-32.8
2025,RB,TE,RB_vs_TE,Keaton Mitchell,Cade Stover,9511,11599,419,615,-196,46.2,12.5,33.7
2025,RB,TE,RB_vs_TE,Keaton Mitchell,Brock Wright,9511,7891,419,595,-176,46.2,29.8,16.4
2025,RB,TE,RB_vs_TE,Keaton Mitchell,Darnell Washington,9511,9479,419,556,-137,46.2,57.9,-11.7
2025,RB,TE,RB_vs_TE,Keaton Mitchell,Grant Calcaterra,9511,8177,419,556,-137,46.2,9,37.2
2025,RB,TE,RB_vs_TE,Keaton Mitchell,Elijah Higgins,9511,10231,419,532,-113,46.2,38.8,7.4
2025,RB,TE,RB_vs_TE,Keaton Mitchell,Josh Oliver,9511,5973,419,416,3,46.2,43.6,2.6
2025,RB,TE,RB_vs_TE,Keaton Mitchell,Austin Hooper,9511,3202,419,350,69,46.2,47.8,-1.6
2025,RB,TE,RB_vs_TE,Keaton Mitchell,Charlie Kolar,9511,8127,419,331,88,46.2,31.2,15
2025,RB,TE,RB_vs_TE,Keaton Mitchell,Luke Schoonmaker,9511,10871,419,297,122,46.2,18.5,27.7
2025,RB,TE,RB_vs_TE,Keaton Mitchell,Tommy Tremble,9511,7694,419,293,126,46.2,39.1,7.1
2025,RB,TE,RB_vs_TE,Keaton Mitchell,Greg Dulcich,9511,8172,419,286,133,46.2,45.2,1
2025,RB,TE,RB_vs_TE,Keaton Mitchell,Daniel Bellinger,9511,8225,419,281,138,46.2,39.3,6.9
2025,RB,TE,RB_vs_TE,Keaton Mitchell,Jared Wiley,9511,11595,419,267,152,46.2,0.9,45.3
2025,RB,TE,RB_vs_TE,Keaton Mitchell,Jeremy Ruckert,9511,8145,419,248,171,46.2,35.4,10.8
2025,RB,TE,RB_vs_TE,Keaton Mitchell,Davis Allen,9511,10214,419,232,187,46.2,50.8,-4.6
2025,RB,TE,RB_vs_TE,Keaton Mitchell,Harrison Bryant,9511,6850,419,222,197,46.2,1.7,44.5
2025,RB,TE,RB_vs_TE,Sean Tucker,Brock Wright,9506,7891,408,595,-187,83.8,29.8,54
2025,RB,TE,RB_vs_TE,Sean Tucker,Darnell Washington,9506,9479,408,556,-148,83.8,57.9,25.9
2025,RB,TE,RB_vs_TE,Sean Tucker,Grant Calcaterra,9506,8177,408,556,-148,83.8,9,74.8
2025,RB,TE,RB_vs_TE,Sean Tucker,Elijah Higgins,9506,10231,408,532,-124,83.8,38.8,45
2025,RB,TE,RB_vs_TE,Sean Tucker,Josh Oliver,9506,5973,408,416,-8,83.8,43.6,40.2
2025,RB,TE,RB_vs_TE,Sean Tucker,Austin Hooper,9506,3202,408,350,58,83.8,47.8,36
2025,RB,TE,RB_vs_TE,Sean Tucker,Charlie Kolar,9506,8127,408,331,77,83.8,31.2,52.6
2025,RB,TE,RB_vs_TE,Sean Tucker,Luke Schoonmaker,9506,10871,408,297,111,83.8,18.5,65.3
2025,RB,TE,RB_vs_TE,Sean Tucker,Tommy Tremble,9506,7694,408,293,115,83.8,39.1,44.7
2025,RB,TE,RB_vs_TE,Sean Tucker,Greg Dulcich,9506,8172,408,286,122,83.8,45.2,38.6
2025,RB,TE,RB_vs_TE,Sean Tucker,Daniel Bellinger,9506,8225,408,281,127,83.8,39.3,44.5
2025,RB,TE,RB_vs_TE,Sean Tucker,Jared Wiley,9506,11595,408,267,141,83.8,0.9,82.9
2025,RB,TE,RB_vs_TE,Sean Tucker,Jeremy Ruckert,9506,8145,408,248,160,83.8,35.4,48.4
2025,RB,TE,RB_vs_TE,Sean Tucker,Davis Allen,9506,10214,408,232,176,83.8,50.8,33
2025,RB,TE,RB_vs_TE,Sean Tucker,Harrison Bryant,9506,6850,408,222,186,83.8,1.7,82.1
2025,RB,TE,RB_vs_TE,Miles Sanders,Darnell Washington,6151,9479,360,556,-196,18.7,57.9,-39.2
2025,RB,TE,RB_vs_TE,Miles Sanders,Grant Calcaterra,6151,8177,360,556,-196,18.7,9,9.7
2025,RB,TE,RB_vs_TE,Miles Sanders,Elijah Higgins,6151,10231,360,532,-172,18.7,38.8,-20.1
2025,RB,TE,RB_vs_TE,Miles Sanders,Josh Oliver,6151,5973,360,416,-56,18.7,43.6,-24.9
2025,RB,TE,RB_vs_TE,Miles Sanders,Austin Hooper,6151,3202,360,350,10,18.7,47.8,-29.1
2025,RB,TE,RB_vs_TE,Miles Sanders,Charlie Kolar,6151,8127,360,331,29,18.7,31.2,-12.5
2025,RB,TE,RB_vs_TE,Miles Sanders,Luke Schoonmaker,6151,10871,360,297,63,18.7,18.5,0.2
2025,RB,TE,RB_vs_TE,Miles Sanders,Tommy Tremble,6151,7694,360,293,67,18.7,39.1,-20.4
2025,RB,TE,RB_vs_TE,Miles Sanders,Greg Dulcich,6151,8172,360,286,74,18.7,45.2,-26.5
2025,RB,TE,RB_vs_TE,Miles Sanders,Daniel Bellinger,6151,8225,360,281,79,18.7,39.3,-20.6
2025,RB,TE,RB_vs_TE,Miles Sanders,Jared Wiley,6151,11595,360,267,93,18.7,0.9,17.8
2025,RB,TE,RB_vs_TE,Miles Sanders,Jeremy Ruckert,6151,8145,360,248,112,18.7,35.4,-16.7
2025,RB,TE,RB_vs_TE,Miles Sanders,Davis Allen,6151,10214,360,232,128,18.7,50.8,-32.1
2025,RB,TE,RB_vs_TE,Miles Sanders,Harrison Bryant,6151,6850,360,222,138,18.7,1.7,17
2025,RB,TE,RB_vs_TE,Miles Sanders,Jelani Woods,6151,8219,360,204,156,18.7,0.9,17.8
2025,RB,TE,RB_vs_TE,Kendre Miller,Josh Oliver,9757,5973,325,416,-91,28.3,43.6,-15.3
2025,RB,TE,RB_vs_TE,Kendre Miller,Austin Hooper,9757,3202,325,350,-25,28.3,47.8,-19.5
2025,RB,TE,RB_vs_TE,Kendre Miller,Charlie Kolar,9757,8127,325,331,-6,28.3,31.2,-2.9
2025,RB,TE,RB_vs_TE,Kendre Miller,Luke Schoonmaker,9757,10871,325,297,28,28.3,18.5,9.8
2025,RB,TE,RB_vs_TE,Kendre Miller,Tommy Tremble,9757,7694,325,293,32,28.3,39.1,-10.8
2025,RB,TE,RB_vs_TE,Kendre Miller,Greg Dulcich,9757,8172,325,286,39,28.3,45.2,-16.9
2025,RB,TE,RB_vs_TE,Kendre Miller,Daniel Bellinger,9757,8225,325,281,44,28.3,39.3,-11
2025,RB,TE,RB_vs_TE,Kendre Miller,Jared Wiley,9757,11595,325,267,58,28.3,0.9,27.4
2025,RB,TE,RB_vs_TE,Kendre Miller,Jeremy Ruckert,9757,8145,325,248,77,28.3,35.4,-7.1
2025,RB,TE,RB_vs_TE,Kendre Miller,Davis Allen,9757,10214,325,232,93,28.3,50.8,-22.5
2025,RB,TE,RB_vs_TE,Kendre Miller,Harrison Bryant,9757,6850,325,222,103,28.3,1.7,26.6
2025,RB,TE,RB_vs_TE,Kendre Miller,Jelani Woods,9757,8219,325,204,121,28.3,0.9,27.4
2025,RB,TE,RB_vs_TE,Emanuel Wilson,Josh Oliver,11435,5973,275,416,-141,74.7,43.6,31.1
2025,RB,TE,RB_vs_TE,Emanuel Wilson,Austin Hooper,11435,3202,275,350,-75,74.7,47.8,26.9
2025,RB,TE,RB_vs_TE,Emanuel Wilson,Charlie Kolar,11435,8127,275,331,-56,74.7,31.2,43.5
2025,RB,TE,RB_vs_TE,Emanuel Wilson,Luke Schoonmaker,11435,10871,275,297,-22,74.7,18.5,56.2
2025,RB,TE,RB_vs_TE,Emanuel Wilson,Tommy Tremble,11435,7694,275,293,-18,74.7,39.1,35.6
2025,RB,TE,RB_vs_TE,Emanuel Wilson,Greg Dulcich,11435,8172,275,286,-11,74.7,45.2,29.5
2025,RB,TE,RB_vs_TE,Emanuel Wilson,Daniel Bellinger,11435,8225,275,281,-6,74.7,39.3,35.4
2025,RB,TE,RB_vs_TE,Emanuel Wilson,Jared Wiley,11435,11595,275,267,8,74.7,0.9,73.8
2025,RB,TE,RB_vs_TE,Emanuel Wilson,Jeremy Ruckert,11435,8145,275,248,27,74.7,35.4,39.3
2025,RB,TE,RB_vs_TE,Emanuel Wilson,Davis Allen,11435,10214,275,232,43,74.7,50.8,23.9
2025,RB,TE,RB_vs_TE,Emanuel Wilson,Harrison Bryant,11435,6850,275,222,53,74.7,1.7,73
2025,RB,TE,RB_vs_TE,Emanuel Wilson,Jelani Woods,11435,8219,275,204,71,74.7,0.9,73.8
2025,RB,TE,RB_vs_TE,Cam Akers,Josh Oliver,6938,5973,271,416,-145,7.2,43.6,-36.4
2025,RB,TE,RB_vs_TE,Cam Akers,Austin Hooper,6938,3202,271,350,-79,7.2,47.8,-40.6
2025,RB,TE,RB_vs_TE,Cam Akers,Charlie Kolar,6938,8127,271,331,-60,7.2,31.2,-24
2025,RB,TE,RB_vs_TE,Cam Akers,Luke Schoonmaker,6938,10871,271,297,-26,7.2,18.5,-11.3
2025,RB,TE,RB_vs_TE,Cam Akers,Tommy Tremble,6938,7694,271,293,-22,7.2,39.1,-31.9
2025,RB,TE,RB_vs_TE,Cam Akers,Greg Dulcich,6938,8172,271,286,-15,7.2,45.2,-38
2025,RB,TE,RB_vs_TE,Cam Akers,Daniel Bellinger,6938,8225,271,281,-10,7.2,39.3,-32.1
2025,RB,TE,RB_vs_TE,Cam Akers,Jared Wiley,6938,11595,271,267,4,7.2,0.9,6.3
2025,RB,TE,RB_vs_TE,Cam Akers,Jeremy Ruckert,6938,8145,271,248,23,7.2,35.4,-28.2
2025,RB,TE,RB_vs_TE,Cam Akers,Davis Allen,6938,10214,271,232,39,7.2,50.8,-43.6
2025,RB,TE,RB_vs_TE,Cam Akers,Harrison Bryant,6938,6850,271,222,49,7.2,1.7,5.5
2025,RB,TE,RB_vs_TE,Cam Akers,Jelani Woods,6938,8219,271,204,67,7.2,0.9,6.3
2025,RB,TE,RB_vs_TE,Kenneth Gainwell,Josh Oliver,7567,5973,251,416,-165,134.9,43.6,91.3
2025,RB,TE,RB_vs_TE,Kenneth Gainwell,Austin Hooper,7567,3202,251,350,-99,134.9,47.8,87.1
2025,RB,TE,RB_vs_TE,Kenneth Gainwell,Charlie Kolar,7567,8127,251,331,-80,134.9,31.2,103.7
2025,RB,TE,RB_vs_TE,Kenneth Gainwell,Luke Schoonmaker,7567,10871,251,297,-46,134.9,18.5,116.4
2025,RB,TE,RB_vs_TE,Kenneth Gainwell,Tommy Tremble,7567,7694,251,293,-42,134.9,39.1,95.8
2025,RB,TE,RB_vs_TE,Kenneth Gainwell,Greg Dulcich,7567,8172,251,286,-35,134.9,45.2,89.7
2025,RB,TE,RB_vs_TE,Kenneth Gainwell,Daniel Bellinger,7567,8225,251,281,-30,134.9,39.3,95.6
2025,RB,TE,RB_vs_TE,Kenneth Gainwell,Jared Wiley,7567,11595,251,267,-16,134.9,0.9,134
2025,RB,TE,RB_vs_TE,Kenneth Gainwell,Jeremy Ruckert,7567,8145,251,248,3,134.9,35.4,99.5
2025,RB,TE,RB_vs_TE,Kenneth Gainwell,Davis Allen,7567,10214,251,232,19,134.9,50.8,84.1
2025,RB,TE,RB_vs_TE,Kenneth Gainwell,Harrison Bryant,7567,6850,251,222,29,134.9,1.7,133.2
2025,RB,TE,RB_vs_TE,Kenneth Gainwell,Jelani Woods,7567,8219,251,204,47,134.9,0.9,134
2025,RB,TE,RB_vs_TE,Raheem Mostert,Josh Oliver,2749,5973,224,416,-192,17.4,43.6,-26.2
2025,RB,TE,RB_vs_TE,Raheem Mostert,Austin Hooper,2749,3202,224,350,-126,17.4,47.8,-30.4
2025,RB,TE,RB_vs_TE,Raheem Mostert,Charlie Kolar,2749,8127,224,331,-107,17.4,31.2,-13.8
2025,RB,TE,RB_vs_TE,Raheem Mostert,Luke Schoonmaker,2749,10871,224,297,-73,17.4,18.5,-1.1
2025,RB,TE,RB_vs_TE,Raheem Mostert,Tommy Tremble,2749,7694,224,293,-69,17.4,39.1,-21.7
2025,RB,TE,RB_vs_TE,Raheem Mostert,Greg Dulcich,2749,8172,224,286,-62,17.4,45.2,-27.8
2025,RB,TE,RB_vs_TE,Raheem Mostert,Daniel Bellinger,2749,8225,224,281,-57,17.4,39.3,-21.9
2025,RB,TE,RB_vs_TE,Raheem Mostert,Jared Wiley,2749,11595,224,267,-43,17.4,0.9,16.5
2025,RB,TE,RB_vs_TE,Raheem Mostert,Jeremy Ruckert,2749,8145,224,248,-24,17.4,35.4,-18
2025,RB,TE,RB_vs_TE,Raheem Mostert,Davis Allen,2749,10214,224,232,-8,17.4,50.8,-33.4
2025,RB,TE,RB_vs_TE,Raheem Mostert,Harrison Bryant,2749,6850,224,222,2,17.4,1.7,15.7
2025,RB,TE,RB_vs_TE,Raheem Mostert,Jelani Woods,2749,8219,224,204,20,17.4,0.9,16.5
2025,RB,TE,RB_vs_TE,Devin Singletary,Austin Hooper,6130,3202,211,350,-139,80.2,47.8,32.4
2025,RB,TE,RB_vs_TE,Devin Singletary,Charlie Kolar,6130,8127,211,331,-120,80.2,31.2,49
2025,RB,TE,RB_vs_TE,Devin Singletary,Luke Schoonmaker,6130,10871,211,297,-86,80.2,18.5,61.7
2025,RB,TE,RB_vs_TE,Devin Singletary,Tommy Tremble,6130,7694,211,293,-82,80.2,39.1,41.1
2025,RB,TE,RB_vs_TE,Devin Singletary,Greg Dulcich,6130,8172,211,286,-75,80.2,45.2,35
2025,RB,TE,RB_vs_TE,Devin Singletary,Daniel Bellinger,6130,8225,211,281,-70,80.2,39.3,40.9
2025,RB,TE,RB_vs_TE,Devin Singletary,Jared Wiley,6130,11595,211,267,-56,80.2,0.9,79.3
2025,RB,TE,RB_vs_TE,Devin Singletary,Jeremy Ruckert,6130,8145,211,248,-37,80.2,35.4,44.8
2025,RB,TE,RB_vs_TE,Devin Singletary,Davis Allen,6130,10214,211,232,-21,80.2,50.8,29.4
2025,RB,TE,RB_vs_TE,Devin Singletary,Harrison Bryant,6130,6850,211,222,-11,80.2,1.7,78.5
2025,RB,TE,RB_vs_TE,Devin Singletary,Jelani Woods,6130,8219,211,204,7,80.2,0.9,79.3
2025,RB,TE,RB_vs_TE,AJ Dillon,Austin Hooper,6828,3202,188,350,-162,5.8,47.8,-42
2025,RB,TE,RB_vs_TE,AJ Dillon,Charlie Kolar,6828,8127,188,331,-143,5.8,31.2,-25.4
2025,RB,TE,RB_vs_TE,AJ Dillon,Luke Schoonmaker,6828,10871,188,297,-109,5.8,18.5,-12.7
2025,RB,TE,RB_vs_TE,AJ Dillon,Tommy Tremble,6828,7694,188,293,-105,5.8,39.1,-33.3
2025,RB,TE,RB_vs_TE,AJ Dillon,Greg Dulcich,6828,8172,188,286,-98,5.8,45.2,-39.4
2025,RB,TE,RB_vs_TE,AJ Dillon,Daniel Bellinger,6828,8225,188,281,-93,5.8,39.3,-33.5
2025,RB,TE,RB_vs_TE,AJ Dillon,Jared Wiley,6828,11595,188,267,-79,5.8,0.9,4.9
2025,RB,TE,RB_vs_TE,AJ Dillon,Jeremy Ruckert,6828,8145,188,248,-60,5.8,35.4,-29.6
2025,RB,TE,RB_vs_TE,AJ Dillon,Davis Allen,6828,10214,188,232,-44,5.8,50.8,-45
2025,RB,TE,RB_vs_TE,AJ Dillon,Harrison Bryant,6828,6850,188,222,-34,5.8,1.7,4.1
2025,RB,TE,RB_vs_TE,AJ Dillon,Jelani Woods,6828,8219,188,204,-16,5.8,0.9,4.9
2025,RB,TE,RB_vs_TE,Ty Johnson,Austin Hooper,6039,3202,183,350,-167,58.7,47.8,10.9
2025,RB,TE,RB_vs_TE,Ty Johnson,Charlie Kolar,6039,8127,183,331,-148,58.7,31.2,27.5
2025,RB,TE,RB_vs_TE,Ty Johnson,Luke Schoonmaker,6039,10871,183,297,-114,58.7,18.5,40.2
2025,RB,TE,RB_vs_TE,Ty Johnson,Tommy Tremble,6039,7694,183,293,-110,58.7,39.1,19.6
2025,RB,TE,RB_vs_TE,Ty Johnson,Greg Dulcich,6039,8172,183,286,-103,58.7,45.2,13.5
2025,RB,TE,RB_vs_TE,Ty Johnson,Daniel Bellinger,6039,8225,183,281,-98,58.7,39.3,19.4
2025,RB,TE,RB_vs_TE,Ty Johnson,Jared Wiley,6039,11595,183,267,-84,58.7,0.9,57.8
2025,RB,TE,RB_vs_TE,Ty Johnson,Jeremy Ruckert,6039,8145,183,248,-65,58.7,35.4,23.3
2025,RB,TE,RB_vs_TE,Ty Johnson,Davis Allen,6039,10214,183,232,-49,58.7,50.8,7.9
2025,RB,TE,RB_vs_TE,Ty Johnson,Harrison Bryant,6039,6850,183,222,-39,58.7,1.7,57
2025,RB,TE,RB_vs_TE,Ty Johnson,Jelani Woods,6039,8219,183,204,-21,58.7,0.9,57.8
2025,RB,TE,RB_vs_TE,Audric Estime,Austin Hooper,11579,3202,174,350,-176,25.5,47.8,-22.3
2025,RB,TE,RB_vs_TE,Audric Estime,Charlie Kolar,11579,8127,174,331,-157,25.5,31.2,-5.7
2025,RB,TE,RB_vs_TE,Audric Estime,Luke Schoonmaker,11579,10871,174,297,-123,25.5,18.5,7
2025,RB,TE,RB_vs_TE,Audric Estime,Tommy Tremble,11579,7694,174,293,-119,25.5,39.1,-13.6
2025,RB,TE,RB_vs_TE,Audric Estime,Greg Dulcich,11579,8172,174,286,-112,25.5,45.2,-19.7
2025,RB,TE,RB_vs_TE,Audric Estime,Daniel Bellinger,11579,8225,174,281,-107,25.5,39.3,-13.8
2025,RB,TE,RB_vs_TE,Audric Estime,Jared Wiley,11579,11595,174,267,-93,25.5,0.9,24.6
2025,RB,TE,RB_vs_TE,Audric Estime,Jeremy Ruckert,11579,8145,174,248,-74,25.5,35.4,-9.9
2025,RB,TE,RB_vs_TE,Audric Estime,Davis Allen,11579,10214,174,232,-58,25.5,50.8,-25.3
2025,RB,TE,RB_vs_TE,Audric Estime,Harrison Bryant,11579,6850,174,222,-48,25.5,1.7,23.8
2025,RB,TE,RB_vs_TE,Audric Estime,Jelani Woods,11579,8219,174,204,-30,25.5,0.9,24.6
2025,RB,TE,RB_vs_TE,Ty Chandler,Austin Hooper,8230,3202,172,350,-178,2.4,47.8,-45.4
2025,RB,TE,RB_vs_TE,Ty Chandler,Charlie Kolar,8230,8127,172,331,-159,2.4,31.2,-28.8
2025,RB,TE,RB_vs_TE,Ty Chandler,Luke Schoonmaker,8230,10871,172,297,-125,2.4,18.5,-16.1
2025,RB,TE,RB_vs_TE,Ty Chandler,Tommy Tremble,8230,7694,172,293,-121,2.4,39.1,-36.7
2025,RB,TE,RB_vs_TE,Ty Chandler,Greg Dulcich,8230,8172,172,286,-114,2.4,45.2,-42.8
2025,RB,TE,RB_vs_TE,Ty Chandler,Daniel Bellinger,8230,8225,172,281,-109,2.4,39.3,-36.9
2025,RB,TE,RB_vs_TE,Ty Chandler,Jared Wiley,8230,11595,172,267,-95,2.4,0.9,1.5
2025,RB,TE,RB_vs_TE,Ty Chandler,Jeremy Ruckert,8230,8145,172,248,-76,2.4,35.4,-33
2025,RB,TE,RB_vs_TE,Ty Chandler,Davis Allen,8230,10214,172,232,-60,2.4,50.8,-48.4
2025,RB,TE,RB_vs_TE,Ty Chandler,Harrison Bryant,8230,6850,172,222,-50,2.4,1.7,0.7
2025,RB,TE,RB_vs_TE,Ty Chandler,Jelani Woods,8230,8219,172,204,-32,2.4,0.9,1.5
2025,RB,TE,RB_vs_TE,Khalil Herbert,Austin Hooper,7608,3202,166,350,-184,1,47.8,-46.8
2025,RB,TE,RB_vs_TE,Khalil Herbert,Charlie Kolar,7608,8127,166,331,-165,1,31.2,-30.2
2025,RB,TE,RB_vs_TE,Khalil Herbert,Luke Schoonmaker,7608,10871,166,297,-131,1,18.5,-17.5
2025,RB,TE,RB_vs_TE,Khalil Herbert,Tommy Tremble,7608,7694,166,293,-127,1,39.1,-38.1
2025,RB,TE,RB_vs_TE,Khalil Herbert,Greg Dulcich,7608,8172,166,286,-120,1,45.2,-44.2
2025,RB,TE,RB_vs_TE,Khalil Herbert,Daniel Bellinger,7608,8225,166,281,-115,1,39.3,-38.3
2025,RB,TE,RB_vs_TE,Khalil Herbert,Jared Wiley,7608,11595,166,267,-101,1,0.9,0.1
2025,RB,TE,RB_vs_TE,Khalil Herbert,Jeremy Ruckert,7608,8145,166,248,-82,1,35.4,-34.4
2025,RB,TE,RB_vs_TE,Khalil Herbert,Davis Allen,7608,10214,166,232,-66,1,50.8,-49.8
2025,RB,TE,RB_vs_TE,Khalil Herbert,Harrison Bryant,7608,6850,166,222,-56,1,1.7,-0.7
2025,RB,TE,RB_vs_TE,Khalil Herbert,Jelani Woods,7608,8219,166,204,-38,1,0.9,0.1
2025,RB,TE,RB_vs_TE,Antonio Gibson,Austin Hooper,6945,3202,162,350,-188,21.2,47.8,-26.6
2025,RB,TE,RB_vs_TE,Antonio Gibson,Charlie Kolar,6945,8127,162,331,-169,21.2,31.2,-10
2025,RB,TE,RB_vs_TE,Antonio Gibson,Luke Schoonmaker,6945,10871,162,297,-135,21.2,18.5,2.7
2025,RB,TE,RB_vs_TE,Antonio Gibson,Tommy Tremble,6945,7694,162,293,-131,21.2,39.1,-17.9
2025,RB,TE,RB_vs_TE,Antonio Gibson,Greg Dulcich,6945,8172,162,286,-124,21.2,45.2,-24
2025,RB,TE,RB_vs_TE,Antonio Gibson,Daniel Bellinger,6945,8225,162,281,-119,21.2,39.3,-18.1
2025,RB,TE,RB_vs_TE,Antonio Gibson,Jared Wiley,6945,11595,162,267,-105,21.2,0.9,20.3
2025,RB,TE,RB_vs_TE,Antonio Gibson,Jeremy Ruckert,6945,8145,162,248,-86,21.2,35.4,-14.2
2025,RB,TE,RB_vs_TE,Antonio Gibson,Davis Allen,6945,10214,162,232,-70,21.2,50.8,-29.6
2025,RB,TE,RB_vs_TE,Antonio Gibson,Harrison Bryant,6945,6850,162,222,-60,21.2,1.7,19.5
2025,RB,TE,RB_vs_TE,Antonio Gibson,Jelani Woods,6945,8219,162,204,-42,21.2,0.9,20.3
2025,RB,TE,RB_vs_TE,Samaje Perine,Austin Hooper,4147,3202,161,350,-189,55.7,47.8,7.9
2025,RB,TE,RB_vs_TE,Samaje Perine,Charlie Kolar,4147,8127,161,331,-170,55.7,31.2,24.5
2025,RB,TE,RB_vs_TE,Samaje Perine,Luke Schoonmaker,4147,10871,161,297,-136,55.7,18.5,37.2
2025,RB,TE,RB_vs_TE,Samaje Perine,Tommy Tremble,4147,7694,161,293,-132,55.7,39.1,16.6
2025,RB,TE,RB_vs_TE,Samaje Perine,Greg Dulcich,4147,8172,161,286,-125,55.7,45.2,10.5
2025,RB,TE,RB_vs_TE,Samaje Perine,Daniel Bellinger,4147,8225,161,281,-120,55.7,39.3,16.4
2025,RB,TE,RB_vs_TE,Samaje Perine,Jared Wiley,4147,11595,161,267,-106,55.7,0.9,54.8
2025,RB,TE,RB_vs_TE,Samaje Perine,Jeremy Ruckert,4147,8145,161,248,-87,55.7,35.4,20.3
2025,RB,TE,RB_vs_TE,Samaje Perine,Davis Allen,4147,10214,161,232,-71,55.7,50.8,4.9
2025,RB,TE,RB_vs_TE,Samaje Perine,Harrison Bryant,4147,6850,161,222,-61,55.7,1.7,54
2025,RB,TE,RB_vs_TE,Samaje Perine,Jelani Woods,4147,8219,161,204,-43,55.7,0.9,54.8
2025,WR,TE,WR_vs_TE,Amon-Ra St. Brown,Trey McBride,7547,8130,7361,7202,159,193.1,242.9,-49.8
2025,WR,TE,WR_vs_TE,Malik Nabers,Trey McBride,11632,8130,7343,7202,141,39.1,242.9,-203.8
2025,WR,TE,WR_vs_TE,Ladd McConkey,George Kittle,11635,4217,6129,6007,122,114.9,127.6,-12.7
2025,WR,TE,WR_vs_TE,Jaxon Smith-Njigba,George Kittle,9488,4217,6128,6007,121,232.5,127.6,104.9
2025,WR,TE,WR_vs_TE,Tyreek Hill,Sam LaPorta,3321,10859,5373,5388,-15,32.5,86.9,-54.4
2025,WR,TE,WR_vs_TE,Terry McLaurin,Travis Kelce,5927,1466,5098,5077,21,70.5,152.5,-82
2025,WR,TE,WR_vs_TE,Terry McLaurin,T.J. Hockenson,5927,5844,5098,4915,183,70.5,87.3,-16.8
2025,WR,TE,WR_vs_TE,Marvin Harrison Jr.,Travis Kelce,11628,1466,5035,5077,-42,86.8,152.5,-65.7
2025,WR,TE,WR_vs_TE,Marvin Harrison Jr.,T.J. Hockenson,11628,5844,5035,4915,120,86.8,87.3,-0.5
2025,WR,TE,WR_vs_TE,Mike Evans,Travis Kelce,2216,1466,5026,5077,-51,51.4,152.5,-101.1
2025,WR,TE,WR_vs_TE,Mike Evans,T.J. Hockenson,2216,5844,5026,4915,111,51.4,87.3,-35.9
2025,WR,TE,WR_vs_TE,Davante Adams,T.J. Hockenson,2133,5844,4741,4915,-174,162.9,87.3,75.6
2025,WR,TE,WR_vs_TE,George Pickens,Tyler Warren,8137,12518,4391,4245,146,198,145.4,52.6
2025,WR,TE,WR_vs_TE,Zay Flowers,Tyler Warren,9997,12518,4266,4245,21,131.5,145.4,-13.9
2025,WR,TE,WR_vs_TE,Calvin Ridley,Tyler Warren,4981,12518,4123,4245,-122,30.3,145.4,-115.1
2025,WR,TE,WR_vs_TE,Calvin Ridley,Mark Andrews,4981,5012,4123,3945,178,30.3,104.6,-74.3
2025,WR,TE,WR_vs_TE,Rashee Rice,Tyler Warren,10229,12518,4067,4245,-178,97.1,145.4,-48.3
2025,WR,TE,WR_vs_TE,Rashee Rice,Mark Andrews,10229,5012,4067,3945,122,97.1,104.6,-7.5
2025,WR,TE,WR_vs_TE,Ricky Pearsall,Mark Andrews,11638,5012,3861,3945,-84,52.6,104.6,-52
2025,WR,TE,WR_vs_TE,Ricky Pearsall,Evan Engram,11638,4066,3861,3752,109,52.6,71.8,-19.2
2025,WR,TE,WR_vs_TE,Jerry Jeudy,Mark Andrews,6783,5012,3850,3945,-95,68.5,104.6,-36.1
2025,WR,TE,WR_vs_TE,Jerry Jeudy,Evan Engram,6783,4066,3850,3752,98,68.5,71.8,-3.3
2025,WR,TE,WR_vs_TE,Jaylen Waddle,Evan Engram,7526,4066,3743,3752,-9,130.1,71.8,58.3
2025,WR,TE,WR_vs_TE,Jordan Addison,Evan Engram,9756,4066,3589,3752,-163,92.3,71.8,20.5
2025,WR,TE,WR_vs_TE,Jordan Addison,David Njoku,9756,4033,3589,3518,71,92.3,69.8,22.5
2025,WR,TE,WR_vs_TE,Jordan Addison,Tucker Kraft,9756,9484,3589,3492,97,92.3,101.2,-8.9
2025,WR,TE,WR_vs_TE,Jordan Addison,Colston Loveland,9756,12517,3589,3458,131,92.3,116,-23.7
2025,WR,TE,WR_vs_TE,Rome Odunze,Evan Engram,11620,4066,3564,3752,-188,102.1,71.8,30.3
2025,WR,TE,WR_vs_TE,Rome Odunze,David Njoku,11620,4033,3564,3518,46,102.1,69.8,32.3
2025,WR,TE,WR_vs_TE,Rome Odunze,Tucker Kraft,11620,9484,3564,3492,72,102.1,101.2,0.9
2025,WR,TE,WR_vs_TE,Rome Odunze,Colston Loveland,11620,12517,3564,3458,106,102.1,116,-13.9
2025,WR,TE,WR_vs_TE,Deebo Samuel,David Njoku,5872,4033,3336,3518,-182,114.1,69.8,44.3
2025,WR,TE,WR_vs_TE,Deebo Samuel,Tucker Kraft,5872,9484,3336,3492,-156,114.1,101.2,12.9
2025,WR,TE,WR_vs_TE,Deebo Samuel,Colston Loveland,5872,12517,3336,3458,-122,114.1,116,-1.9
2025,WR,TE,WR_vs_TE,Deebo Samuel,Jake Ferguson,5872,8110,3336,3322,14,114.1,146.1,-32
2025,WR,TE,WR_vs_TE,Deebo Samuel,Dalton Kincaid,5872,10236,3336,3288,48,114.1,100.3,13.8
2025,WR,TE,WR_vs_TE,Deebo Samuel,Dallas Goedert,5872,5022,3336,3244,92,114.1,155.1,-41
2025,WR,TE,WR_vs_TE,Deebo Samuel,Kyle Pitts,5872,7553,3336,3239,97,114.1,158,-43.9
2025,WR,TE,WR_vs_TE,Chris Olave,Tucker Kraft,8144,9484,3300,3492,-192,168,101.2,66.8
2025,WR,TE,WR_vs_TE,Chris Olave,Colston Loveland,8144,12517,3300,3458,-158,168,116,52
2025,WR,TE,WR_vs_TE,Chris Olave,Jake Ferguson,8144,8110,3300,3322,-22,168,146.1,21.9
2025,WR,TE,WR_vs_TE,Chris Olave,Dalton Kincaid,8144,10236,3300,3288,12,168,100.3,67.7
2025,WR,TE,WR_vs_TE,Chris Olave,Dallas Goedert,8144,5022,3300,3244,56,168,155.1,12.9
2025,WR,TE,WR_vs_TE,Chris Olave,Kyle Pitts,8144,7553,3300,3239,61,168,158,10
2025,WR,TE,WR_vs_TE,Stefon Diggs,Jake Ferguson,2449,8110,3252,3322,-70,121,146.1,-25.1
2025,WR,TE,WR_vs_TE,Stefon Diggs,Dalton Kincaid,2449,10236,3252,3288,-36,121,100.3,20.7
2025,WR,TE,WR_vs_TE,Stefon Diggs,Dallas Goedert,2449,5022,3252,3244,8,121,155.1,-34.1
2025,WR,TE,WR_vs_TE,Stefon Diggs,Kyle Pitts,2449,7553,3252,3239,13,121,158,-37
2025,WR,TE,WR_vs_TE,Stefon Diggs,Zach Ertz,2449,1339,3252,3082,170,121,101.4,19.6
2025,WR,TE,WR_vs_TE,Jakobi Meyers,Jake Ferguson,5947,8110,3169,3322,-153,96.4,146.1,-49.7
2025,WR,TE,WR_vs_TE,Jakobi Meyers,Dalton Kincaid,5947,10236,3169,3288,-119,96.4,100.3,-3.9
2025,WR,TE,WR_vs_TE,Jakobi Meyers,Dallas Goedert,5947,5022,3169,3244,-75,96.4,155.1,-58.7
2025,WR,TE,WR_vs_TE,Jakobi Meyers,Kyle Pitts,5947,7553,3169,3239,-70,96.4,158,-61.6
2025,WR,TE,WR_vs_TE,Jakobi Meyers,Zach Ertz,5947,1339,3169,3082,87,96.4,101.4,-5
2025,WR,TE,WR_vs_TE,Jakobi Meyers,Brenton Strange,5947,9480,3169,3021,148,96.4,80.8,15.6
2025,WR,TE,WR_vs_TE,Jakobi Meyers,Hunter Henry,5947,3214,3169,2975,194,96.4,140.7,-44.3
2025,WR,TE,WR_vs_TE,Khalil Shakir,Jake Ferguson,8134,8110,3135,3322,-187,94.4,146.1,-51.7
2025,WR,TE,WR_vs_TE,Khalil Shakir,Dalton Kincaid,8134,10236,3135,3288,-153,94.4,100.3,-5.9
2025,WR,TE,WR_vs_TE,Khalil Shakir,Dallas Goedert,8134,5022,3135,3244,-109,94.4,155.1,-60.7
2025,WR,TE,WR_vs_TE,Khalil Shakir,Kyle Pitts,8134,7553,3135,3239,-104,94.4,158,-63.6
2025,WR,TE,WR_vs_TE,Khalil Shakir,Zach Ertz,8134,1339,3135,3082,53,94.4,101.4,-7
2025,WR,TE,WR_vs_TE,Khalil Shakir,Brenton Strange,8134,9480,3135,3021,114,94.4,80.8,13.6
2025,WR,TE,WR_vs_TE,Khalil Shakir,Hunter Henry,8134,3214,3135,2975,160,94.4,140.7,-46.3
2025,WR,TE,WR_vs_TE,Cooper Kupp,Zach Ertz,4039,1339,2991,3082,-91,66.4,101.4,-35
2025,WR,TE,WR_vs_TE,Cooper Kupp,Brenton Strange,4039,9480,2991,3021,-30,66.4,80.8,-14.4
2025,WR,TE,WR_vs_TE,Cooper Kupp,Hunter Henry,4039,3214,2991,2975,16,66.4,140.7,-74.3
2025,WR,TE,WR_vs_TE,Jauan Jennings,Zach Ertz,7049,1339,2935,3082,-147,114.8,101.4,13.4
2025,WR,TE,WR_vs_TE,Jauan Jennings,Brenton Strange,7049,9480,2935,3021,-86,114.8,80.8,34
2025,WR,TE,WR_vs_TE,Jauan Jennings,Hunter Henry,7049,3214,2935,2975,-40,114.8,140.7,-25.9
2025,WR,TE,WR_vs_TE,Keon Coleman,Zach Ertz,11637,1339,2904,3082,-178,57.5,101.4,-43.9
2025,WR,TE,WR_vs_TE,Keon Coleman,Brenton Strange,11637,9480,2904,3021,-117,57.5,80.8,-23.3
2025,WR,TE,WR_vs_TE,Keon Coleman,Hunter Henry,11637,3214,2904,2975,-71,57.5,140.7,-83.2
2025,WR,TE,WR_vs_TE,Michael Pittman,Hunter Henry,6819,3214,2782,2975,-193,121.3,140.7,-19.4
2025,WR,TE,WR_vs_TE,Michael Pittman,Chigoziem Okonkwo,6819,8210,2782,2701,81,121.3,94.8,26.5
2025,WR,TE,WR_vs_TE,Michael Pittman,Jonnu Smith,6819,4144,2782,2633,149,121.3,65.3,56
2025,WR,TE,WR_vs_TE,Chris Godwin,Chigoziem Okonkwo,4037,8210,2754,2701,53,49.2,94.8,-45.6
2025,WR,TE,WR_vs_TE,Chris Godwin,Jonnu Smith,4037,4144,2754,2633,121,49.2,65.3,-16.1
2025,WR,TE,WR_vs_TE,Josh Downs,Chigoziem Okonkwo,9500,8210,2619,2701,-82,72.8,94.8,-22
2025,WR,TE,WR_vs_TE,Josh Downs,Jonnu Smith,9500,4144,2619,2633,-14,72.8,65.3,7.5
2025,WR,TE,WR_vs_TE,Josh Downs,Isaiah Likely,9500,8131,2619,2423,196,72.8,44,28.8
2025,WR,TE,WR_vs_TE,Jayden Reed,Chigoziem Okonkwo,10222,8210,2502,2701,-199,29.5,94.8,-65.3
2025,WR,TE,WR_vs_TE,Jayden Reed,Jonnu Smith,10222,4144,2502,2633,-131,29.5,65.3,-35.8
2025,WR,TE,WR_vs_TE,Jayden Reed,Isaiah Likely,10222,8131,2502,2423,79,29.5,44,-14.5
2025,WR,TE,WR_vs_TE,Jayden Reed,Mason Taylor,10222,12498,2502,2368,134,29.5,66.9,-37.4
2025,WR,TE,WR_vs_TE,Jayden Reed,Cade Otton,10222,8111,2502,2318,184,29.5,73.8,-44.3
2025,WR,TE,WR_vs_TE,Darnell Mooney,Jonnu Smith,7090,4144,2484,2633,-149,48.3,65.3,-17
2025,WR,TE,WR_vs_TE,Darnell Mooney,Isaiah Likely,7090,8131,2484,2423,61,48.3,44,4.3
2025,WR,TE,WR_vs_TE,Darnell Mooney,Mason Taylor,7090,12498,2484,2368,116,48.3,66.9,-18.6
2025,WR,TE,WR_vs_TE,Darnell Mooney,Cade Otton,7090,8111,2484,2318,166,48.3,73.8,-25.5
2025,WR,TE,WR_vs_TE,Marvin Mims,Isaiah Likely,9494,8131,2311,2423,-112,55,44,11
2025,WR,TE,WR_vs_TE,Marvin Mims,Mason Taylor,9494,12498,2311,2368,-57,55,66.9,-11.9
2025,WR,TE,WR_vs_TE,Marvin Mims,Cade Otton,9494,8111,2311,2318,-7,55,73.8,-18.8
2025,WR,TE,WR_vs_TE,Marvin Mims,Mike Gesicki,9494,4993,2311,2186,125,55,54.4,0.6
2025,WR,TE,WR_vs_TE,Rashod Bateman,Mason Taylor,7571,12498,2204,2368,-164,36.4,66.9,-30.5
2025,WR,TE,WR_vs_TE,Rashod Bateman,Cade Otton,7571,8111,2204,2318,-114,36.4,73.8,-37.4
2025,WR,TE,WR_vs_TE,Rashod Bateman,Mike Gesicki,7571,4993,2204,2186,18,36.4,54.4,-18
2025,WR,TE,WR_vs_TE,Rashod Bateman,Ja'Tavion Sanders,7571,11600,2204,2100,104,36.4,39.5,-3.1
2025,WR,TE,WR_vs_TE,Rashod Bateman,Theo Johnson,7571,11597,2204,2017,187,36.4,105.3,-68.9
2025,WR,TE,WR_vs_TE,Christian Kirk,Cade Otton,4950,8111,2135,2318,-183,30.2,73.8,-43.6
2025,WR,TE,WR_vs_TE,Christian Kirk,Mike Gesicki,4950,4993,2135,2186,-51,30.2,54.4,-24.2
2025,WR,TE,WR_vs_TE,Christian Kirk,Ja'Tavion Sanders,4950,11600,2135,2100,35,30.2,39.5,-9.3
2025,WR,TE,WR_vs_TE,Christian Kirk,Theo Johnson,4950,11597,2135,2017,118,30.2,105.3,-75.1
2025,WR,TE,WR_vs_TE,Rashid Shaheed,Mike Gesicki,8676,4993,2026,2186,-160,97.4,54.4,43
2025,WR,TE,WR_vs_TE,Rashid Shaheed,Ja'Tavion Sanders,8676,11600,2026,2100,-74,97.4,39.5,57.9
2025,WR,TE,WR_vs_TE,Rashid Shaheed,Theo Johnson,8676,11597,2026,2017,9,97.4,105.3,-7.9
2025,WR,TE,WR_vs_TE,Rashid Shaheed,Elijah Arroyo,8676,12521,2026,1877,149,97.4,29.4,68
2025,WR,TE,WR_vs_TE,Rashid Shaheed,Harold Fannin,8676,12506,2026,1833,193,97.4,150.4,-53
2025,WR,TE,WR_vs_TE,Marquise Brown,Elijah Arroyo,5848,12521,1686,1877,-191,82.3,29.4,52.9
2025,WR,TE,WR_vs_TE,Marquise Brown,Harold Fannin,5848,12506,1686,1833,-147,82.3,150.4,-68.1
2025,WR,TE,WR_vs_TE,Marquise Brown,Pat Freiermuth,5848,7600,1686,1778,-92,82.3,86.5,-4.2
2025,WR,TE,WR_vs_TE,Marquise Brown,Juwan Johnson,5848,7002,1686,1619,67,82.3,135.8,-53.5
2025,WR,TE,WR_vs_TE,Marquise Brown,Dalton Schultz,5848,5001,1686,1573,113,82.3,127.4,-45.1
2025,WR,TE,WR_vs_TE,Marquise Brown,Darren Waller,5848,2505,1686,1510,176,82.3,76.7,5.6
2025,WR,TE,WR_vs_TE,Cedric Tillman,Harold Fannin,10444,12506,1633,1833,-200,36.7,150.4,-113.7
2025,WR,TE,WR_vs_TE,Cedric Tillman,Pat Freiermuth,10444,7600,1633,1778,-145,36.7,86.5,-49.8
2025,WR,TE,WR_vs_TE,Cedric Tillman,Juwan Johnson,10444,7002,1633,1619,14,36.7,135.8,-99.1
2025,WR,TE,WR_vs_TE,Cedric Tillman,Dalton Schultz,10444,5001,1633,1573,60,36.7,127.4,-90.7
2025,WR,TE,WR_vs_TE,Cedric Tillman,Darren Waller,10444,2505,1633,1510,123,36.7,76.7,-40
2025,WR,TE,WR_vs_TE,Romeo Doubs,Pat Freiermuth,8121,7600,1620,1778,-158,110.4,86.5,23.9
2025,WR,TE,WR_vs_TE,Romeo Doubs,Juwan Johnson,8121,7002,1620,1619,1,110.4,135.8,-25.4
2025,WR,TE,WR_vs_TE,Romeo Doubs,Dalton Schultz,8121,5001,1620,1573,47,110.4,127.4,-17
2025,WR,TE,WR_vs_TE,Romeo Doubs,Darren Waller,8121,2505,1620,1510,110,110.4,76.7,33.7
2025,WR,TE,WR_vs_TE,Romeo Doubs,Tyler Higbee,8121,3271,1620,1428,192,110.4,41,69.4
2025,WR,TE,WR_vs_TE,Keenan Allen,Juwan Johnson,1479,7002,1507,1619,-112,98.1,135.8,-37.7
2025,WR,TE,WR_vs_TE,Keenan Allen,Dalton Schultz,1479,5001,1507,1573,-66,98.1,127.4,-29.3
2025,WR,TE,WR_vs_TE,Keenan Allen,Darren Waller,1479,2505,1507,1510,-3,98.1,76.7,21.4
2025,WR,TE,WR_vs_TE,Keenan Allen,Tyler Higbee,1479,3271,1507,1428,79,98.1,41,57.1
2025,WR,TE,WR_vs_TE,Keenan Allen,Noah Gray,1479,7828,1507,1395,112,98.1,23.8,74.3
2025,WR,TE,WR_vs_TE,Keenan Allen,Cole Kmet,1479,6826,1507,1362,145,98.1,59.1,39
2025,WR,TE,WR_vs_TE,Quentin Johnston,Tyler Higbee,9754,3271,1293,1428,-135,120.2,41,79.2
2025,WR,TE,WR_vs_TE,Quentin Johnston,Noah Gray,9754,7828,1293,1395,-102,120.2,23.8,96.4
2025,WR,TE,WR_vs_TE,Quentin Johnston,Cole Kmet,9754,6826,1293,1362,-69,120.2,59.1,61.1
2025,WR,TE,WR_vs_TE,Quentin Johnston,Terrance Ferguson,9754,12487,1293,1289,4,120.2,46.6,73.6
2025,WR,TE,WR_vs_TE,Quentin Johnston,Tyler Conklin,9754,5133,1293,1215,78,120.2,12.7,107.5
2025,WR,TE,WR_vs_TE,Quentin Johnston,Noah Fant,9754,5857,1293,1192,101,120.2,58.8,61.4
2025,WR,TE,WR_vs_TE,Quentin Johnston,Oronde Gadsden,9754,12493,1293,1104,189,120.2,103.6,16.6
2025,WR,TE,WR_vs_TE,Wan'Dale Robinson,Tyler Higbee,8126,3271,1261,1428,-167,125.9,41,84.9
2025,WR,TE,WR_vs_TE,Wan'Dale Robinson,Noah Gray,8126,7828,1261,1395,-134,125.9,23.8,102.1
2025,WR,TE,WR_vs_TE,Wan'Dale Robinson,Cole Kmet,8126,6826,1261,1362,-101,125.9,59.1,66.8
2025,WR,TE,WR_vs_TE,Wan'Dale Robinson,Terrance Ferguson,8126,12487,1261,1289,-28,125.9,46.6,79.3
2025,WR,TE,WR_vs_TE,Wan'Dale Robinson,Tyler Conklin,8126,5133,1261,1215,46,125.9,12.7,113.2
2025,WR,TE,WR_vs_TE,Wan'Dale Robinson,Noah Fant,8126,5857,1261,1192,69,125.9,58.8,67.1
2025,WR,TE,WR_vs_TE,Wan'Dale Robinson,Oronde Gadsden,8126,12493,1261,1104,157,125.9,103.6,22.3
2025,WR,TE,WR_vs_TE,Demario Douglas,Cole Kmet,9501,6826,1165,1362,-197,61.9,59.1,2.8
2025,WR,TE,WR_vs_TE,Demario Douglas,Terrance Ferguson,9501,12487,1165,1289,-124,61.9,46.6,15.3
2025,WR,TE,WR_vs_TE,Demario Douglas,Tyler Conklin,9501,5133,1165,1215,-50,61.9,12.7,49.2
2025,WR,TE,WR_vs_TE,Demario Douglas,Noah Fant,9501,5857,1165,1192,-27,61.9,58.8,3.1
2025,WR,TE,WR_vs_TE,Demario Douglas,Oronde Gadsden,9501,12493,1165,1104,61,61.9,103.6,-41.7
2025,WR,TE,WR_vs_TE,Demario Douglas,AJ Barner,9501,11603,1165,1045,120,61.9,118.9,-57
2025,WR,TE,WR_vs_TE,Jalen McMillan,Terrance Ferguson,11618,12487,1124,1289,-165,16.8,46.6,-29.8
2025,WR,TE,WR_vs_TE,Jalen McMillan,Tyler Conklin,11618,5133,1124,1215,-91,16.8,12.7,4.1
2025,WR,TE,WR_vs_TE,Jalen McMillan,Noah Fant,11618,5857,1124,1192,-68,16.8,58.8,-42
2025,WR,TE,WR_vs_TE,Jalen McMillan,Oronde Gadsden,11618,12493,1124,1104,20,16.8,103.6,-86.8
2025,WR,TE,WR_vs_TE,Jalen McMillan,AJ Barner,11618,11603,1124,1045,79,16.8,118.9,-102.1
2025,WR,TE,WR_vs_TE,Jalen McMillan,Foster Moreau,11618,5985,1124,925,199,16.8,9.4,7.4
2025,WR,TE,WR_vs_TE,Xavier Legette,Tyler Conklin,11626,5133,1061,1215,-154,52.1,12.7,39.4
2025,WR,TE,WR_vs_TE,Xavier Legette,Noah Fant,11626,5857,1061,1192,-131,52.1,58.8,-6.7
2025,WR,TE,WR_vs_TE,Xavier Legette,Oronde Gadsden,11626,12493,1061,1104,-43,52.1,103.6,-51.5
2025,WR,TE,WR_vs_TE,Xavier Legette,AJ Barner,11626,11603,1061,1045,16,52.1,118.9,-66.8
2025,WR,TE,WR_vs_TE,Xavier Legette,Foster Moreau,11626,5985,1061,925,136,52.1,9.4,42.7
2025,WR,TE,WR_vs_TE,Xavier Legette,Michael Mayer,11626,9482,1061,907,154,52.1,50.1,2
2025,WR,TE,WR_vs_TE,Alec Pierce,Oronde Gadsden,8142,12493,972,1104,-132,111.1,103.6,7.5
2025,WR,TE,WR_vs_TE,Alec Pierce,AJ Barner,8142,11603,972,1045,-73,111.1,118.9,-7.8
2025,WR,TE,WR_vs_TE,Alec Pierce,Foster Moreau,8142,5985,972,925,47,111.1,9.4,101.7
2025,WR,TE,WR_vs_TE,Alec Pierce,Michael Mayer,8142,9482,972,907,65,111.1,50.1,61
2025,WR,TE,WR_vs_TE,Alec Pierce,Taysom Hill,8142,4381,972,860,112,111.1,31.6,79.5
2025,WR,TE,WR_vs_TE,Alec Pierce,Ben Sinnott,8142,11596,972,844,128,111.1,21.6,89.5
2025,WR,TE,WR_vs_TE,Alec Pierce,Dawson Knox,8142,5906,972,840,132,111.1,76.3,34.8
2025,WR,TE,WR_vs_TE,Alec Pierce,Gunnar Helm,8142,12502,972,795,177,111.1,69.7,41.4
2025,WR,TE,WR_vs_TE,Alec Pierce,Luke Musgrave,8142,9481,972,787,185,111.1,37.2,73.9
2025,WR,TE,WR_vs_TE,Adam Thielen,AJ Barner,1689,11603,900,1045,-145,16.3,118.9,-102.6
2025,WR,TE,WR_vs_TE,Adam Thielen,Foster Moreau,1689,5985,900,925,-25,16.3,9.4,6.9
2025,WR,TE,WR_vs_TE,Adam Thielen,Michael Mayer,1689,9482,900,907,-7,16.3,50.1,-33.8
2025,WR,TE,WR_vs_TE,Adam Thielen,Taysom Hill,1689,4381,900,860,40,16.3,31.6,-15.3
2025,WR,TE,WR_vs_TE,Adam Thielen,Ben Sinnott,1689,11596,900,844,56,16.3,21.6,-5.3
2025,WR,TE,WR_vs_TE,Adam Thielen,Dawson Knox,1689,5906,900,840,60,16.3,76.3,-60
2025,WR,TE,WR_vs_TE,Adam Thielen,Gunnar Helm,1689,12502,900,795,105,16.3,69.7,-53.4
2025,WR,TE,WR_vs_TE,Adam Thielen,Luke Musgrave,1689,9481,900,787,113,16.3,37.2,-20.9
2025,WR,TE,WR_vs_TE,Adam Thielen,Will Dissly,1689,5010,900,703,197,16.3,14.1,2.2
2025,WR,TE,WR_vs_TE,Dontayvion Wicks,AJ Barner,9486,11603,858,1045,-187,45.8,118.9,-73.1
2025,WR,TE,WR_vs_TE,Dontayvion Wicks,Foster Moreau,9486,5985,858,925,-67,45.8,9.4,36.4
2025,WR,TE,WR_vs_TE,Dontayvion Wicks,Michael Mayer,9486,9482,858,907,-49,45.8,50.1,-4.3
2025,WR,TE,WR_vs_TE,Dontayvion Wicks,Taysom Hill,9486,4381,858,860,-2,45.8,31.6,14.2
2025,WR,TE,WR_vs_TE,Dontayvion Wicks,Ben Sinnott,9486,11596,858,844,14,45.8,21.6,24.2
2025,WR,TE,WR_vs_TE,Dontayvion Wicks,Dawson Knox,9486,5906,858,840,18,45.8,76.3,-30.5
2025,WR,TE,WR_vs_TE,Dontayvion Wicks,Gunnar Helm,9486,12502,858,795,63,45.8,69.7,-23.9
2025,WR,TE,WR_vs_TE,Dontayvion Wicks,Luke Musgrave,9486,9481,858,787,71,45.8,37.2,8.6
2025,WR,TE,WR_vs_TE,Dontayvion Wicks,Will Dissly,9486,5010,858,703,155,45.8,14.1,31.7
2025,WR,TE,WR_vs_TE,Dontayvion Wicks,Colby Parkinson,9486,6865,858,666,192,45.8,90.7,-44.9
2025,WR,TE,WR_vs_TE,Darius Slayton,Foster Moreau,6149,5985,824,925,-101,56.4,9.4,47
2025,WR,TE,WR_vs_TE,Darius Slayton,Michael Mayer,6149,9482,824,907,-83,56.4,50.1,6.3
2025,WR,TE,WR_vs_TE,Darius Slayton,Taysom Hill,6149,4381,824,860,-36,56.4,31.6,24.8
2025,WR,TE,WR_vs_TE,Darius Slayton,Ben Sinnott,6149,11596,824,844,-20,56.4,21.6,34.8
2025,WR,TE,WR_vs_TE,Darius Slayton,Dawson Knox,6149,5906,824,840,-16,56.4,76.3,-19.9
2025,WR,TE,WR_vs_TE,Darius Slayton,Gunnar Helm,6149,12502,824,795,29,56.4,69.7,-13.3
2025,WR,TE,WR_vs_TE,Darius Slayton,Luke Musgrave,6149,9481,824,787,37,56.4,37.2,19.2
2025,WR,TE,WR_vs_TE,Darius Slayton,Will Dissly,6149,5010,824,703,121,56.4,14.1,42.3
2025,WR,TE,WR_vs_TE,Darius Slayton,Colby Parkinson,6149,6865,824,666,158,56.4,90.7,-34.3
2025,WR,TE,WR_vs_TE,Michael Wilson,Foster Moreau,10232,5985,804,925,-121,126.7,9.4,117.3
2025,WR,TE,WR_vs_TE,Michael Wilson,Michael Mayer,10232,9482,804,907,-103,126.7,50.1,76.6
2025,WR,TE,WR_vs_TE,Michael Wilson,Taysom Hill,10232,4381,804,860,-56,126.7,31.6,95.1
2025,WR,TE,WR_vs_TE,Michael Wilson,Ben Sinnott,10232,11596,804,844,-40,126.7,21.6,105.1
2025,WR,TE,WR_vs_TE,Michael Wilson,Dawson Knox,10232,5906,804,840,-36,126.7,76.3,50.4
2025,WR,TE,WR_vs_TE,Michael Wilson,Gunnar Helm,10232,12502,804,795,9,126.7,69.7,57
2025,WR,TE,WR_vs_TE,Michael Wilson,Luke Musgrave,10232,9481,804,787,17,126.7,37.2,89.5
2025,WR,TE,WR_vs_TE,Michael Wilson,Will Dissly,10232,5010,804,703,101,126.7,14.1,112.6
2025,WR,TE,WR_vs_TE,Michael Wilson,Colby Parkinson,10232,6865,804,666,138,126.7,90.7,36
2025,WR,TE,WR_vs_TE,Michael Wilson,Cade Stover,10232,11599,804,615,189,126.7,12.5,114.2
2025,WR,TE,WR_vs_TE,DeAndre Hopkins,Foster Moreau,1426,5985,781,925,-144,45,9.4,35.6
2025,WR,TE,WR_vs_TE,DeAndre Hopkins,Michael Mayer,1426,9482,781,907,-126,45,50.1,-5.1
2025,WR,TE,WR_vs_TE,DeAndre Hopkins,Taysom Hill,1426,4381,781,860,-79,45,31.6,13.4
2025,WR,TE,WR_vs_TE,DeAndre Hopkins,Ben Sinnott,1426,11596,781,844,-63,45,21.6,23.4
2025,WR,TE,WR_vs_TE,DeAndre Hopkins,Dawson Knox,1426,5906,781,840,-59,45,76.3,-31.3
2025,WR,TE,WR_vs_TE,DeAndre Hopkins,Gunnar Helm,1426,12502,781,795,-14,45,69.7,-24.7
2025,WR,TE,WR_vs_TE,DeAndre Hopkins,Luke Musgrave,1426,9481,781,787,-6,45,37.2,7.8
2025,WR,TE,WR_vs_TE,DeAndre Hopkins,Will Dissly,1426,5010,781,703,78,45,14.1,30.9
2025,WR,TE,WR_vs_TE,DeAndre Hopkins,Colby Parkinson,1426,6865,781,666,115,45,90.7,-45.7
2025,WR,TE,WR_vs_TE,DeAndre Hopkins,Cade Stover,1426,11599,781,615,166,45,12.5,32.5
2025,WR,TE,WR_vs_TE,DeAndre Hopkins,Brock Wright,1426,7891,781,595,186,45,29.8,15.2
2025,WR,TE,WR_vs_TE,Calvin Austin III,Foster Moreau,8125,5985,730,925,-195,43.7,9.4,34.3
2025,WR,TE,WR_vs_TE,Calvin Austin III,Michael Mayer,8125,9482,730,907,-177,43.7,50.1,-6.4
2025,WR,TE,WR_vs_TE,Calvin Austin III,Taysom Hill,8125,4381,730,860,-130,43.7,31.6,12.1
2025,WR,TE,WR_vs_TE,Calvin Austin III,Ben Sinnott,8125,11596,730,844,-114,43.7,21.6,22.1
2025,WR,TE,WR_vs_TE,Calvin Austin III,Dawson Knox,8125,5906,730,840,-110,43.7,76.3,-32.6
2025,WR,TE,WR_vs_TE,Calvin Austin III,Gunnar Helm,8125,12502,730,795,-65,43.7,69.7,-26
2025,WR,TE,WR_vs_TE,Calvin Austin III,Luke Musgrave,8125,9481,730,787,-57,43.7,37.2,6.5
2025,WR,TE,WR_vs_TE,Calvin Austin III,Will Dissly,8125,5010,730,703,27,43.7,14.1,29.6
2025,WR,TE,WR_vs_TE,Calvin Austin III,Colby Parkinson,8125,6865,730,666,64,43.7,90.7,-47
2025,WR,TE,WR_vs_TE,Calvin Austin III,Cade Stover,8125,11599,730,615,115,43.7,12.5,31.2
2025,WR,TE,WR_vs_TE,Calvin Austin III,Brock Wright,8125,7891,730,595,135,43.7,29.8,13.9
2025,WR,TE,WR_vs_TE,Calvin Austin III,Darnell Washington,8125,9479,730,556,174,43.7,57.9,-14.2
2025,WR,TE,WR_vs_TE,Calvin Austin III,Grant Calcaterra,8125,8177,730,556,174,43.7,9,34.7
2025,WR,TE,WR_vs_TE,Calvin Austin III,Elijah Higgins,8125,10231,730,532,198,43.7,38.8,4.9
2025,WR,TE,WR_vs_TE,Kayshon Boutte,Ben Sinnott,9504,11596,657,844,-187,88.7,21.6,67.1
2025,WR,TE,WR_vs_TE,Kayshon Boutte,Dawson Knox,9504,5906,657,840,-183,88.7,76.3,12.4
2025,WR,TE,WR_vs_TE,Kayshon Boutte,Gunnar Helm,9504,12502,657,795,-138,88.7,69.7,19
2025,WR,TE,WR_vs_TE,Kayshon Boutte,Luke Musgrave,9504,9481,657,787,-130,88.7,37.2,51.5
2025,WR,TE,WR_vs_TE,Kayshon Boutte,Will Dissly,9504,5010,657,703,-46,88.7,14.1,74.6
2025,WR,TE,WR_vs_TE,Kayshon Boutte,Colby Parkinson,9504,6865,657,666,-9,88.7,90.7,-2
2025,WR,TE,WR_vs_TE,Kayshon Boutte,Cade Stover,9504,11599,657,615,42,88.7,12.5,76.2
2025,WR,TE,WR_vs_TE,Kayshon Boutte,Brock Wright,9504,7891,657,595,62,88.7,29.8,58.9
2025,WR,TE,WR_vs_TE,Kayshon Boutte,Darnell Washington,9504,9479,657,556,101,88.7,57.9,30.8
2025,WR,TE,WR_vs_TE,Kayshon Boutte,Grant Calcaterra,9504,8177,657,556,101,88.7,9,79.7
2025,WR,TE,WR_vs_TE,Kayshon Boutte,Elijah Higgins,9504,10231,657,532,125,88.7,38.8,49.9
2025,WR,TE,WR_vs_TE,Roman Wilson,Gunnar Helm,11630,12502,596,795,-199,26.6,69.7,-43.1
2025,WR,TE,WR_vs_TE,Roman Wilson,Luke Musgrave,11630,9481,596,787,-191,26.6,37.2,-10.6
2025,WR,TE,WR_vs_TE,Roman Wilson,Will Dissly,11630,5010,596,703,-107,26.6,14.1,12.5
2025,WR,TE,WR_vs_TE,Roman Wilson,Colby Parkinson,11630,6865,596,666,-70,26.6,90.7,-64.1
2025,WR,TE,WR_vs_TE,Roman Wilson,Cade Stover,11630,11599,596,615,-19,26.6,12.5,14.1
2025,WR,TE,WR_vs_TE,Roman Wilson,Brock Wright,11630,7891,596,595,1,26.6,29.8,-3.2
2025,WR,TE,WR_vs_TE,Roman Wilson,Darnell Washington,11630,9479,596,556,40,26.6,57.9,-31.3
2025,WR,TE,WR_vs_TE,Roman Wilson,Grant Calcaterra,11630,8177,596,556,40,26.6,9,17.6
2025,WR,TE,WR_vs_TE,Roman Wilson,Elijah Higgins,11630,10231,596,532,64,26.6,38.8,-12.2
2025,WR,TE,WR_vs_TE,Roman Wilson,Josh Oliver,11630,5973,596,416,180,26.6,43.6,-17
2025,WR,TE,WR_vs_TE,Jalen Tolbert,Will Dissly,8117,5010,560,703,-143,28.3,14.1,14.2
2025,WR,TE,WR_vs_TE,Jalen Tolbert,Colby Parkinson,8117,6865,560,666,-106,28.3,90.7,-62.4
2025,WR,TE,WR_vs_TE,Jalen Tolbert,Cade Stover,8117,11599,560,615,-55,28.3,12.5,15.8
2025,WR,TE,WR_vs_TE,Jalen Tolbert,Brock Wright,8117,7891,560,595,-35,28.3,29.8,-1.5
2025,WR,TE,WR_vs_TE,Jalen Tolbert,Darnell Washington,8117,9479,560,556,4,28.3,57.9,-29.6
2025,WR,TE,WR_vs_TE,Jalen Tolbert,Grant Calcaterra,8117,8177,560,556,4,28.3,9,19.3
2025,WR,TE,WR_vs_TE,Jalen Tolbert,Elijah Higgins,8117,10231,560,532,28,28.3,38.8,-10.5
2025,WR,TE,WR_vs_TE,Jalen Tolbert,Josh Oliver,8117,5973,560,416,144,28.3,43.6,-15.3
2025,WR,TE,WR_vs_TE,Malik Washington,Will Dissly,11610,5010,559,703,-144,61.9,14.1,47.8
2025,WR,TE,WR_vs_TE,Malik Washington,Colby Parkinson,11610,6865,559,666,-107,61.9,90.7,-28.8
2025,WR,TE,WR_vs_TE,Malik Washington,Cade Stover,11610,11599,559,615,-56,61.9,12.5,49.4
2025,WR,TE,WR_vs_TE,Malik Washington,Brock Wright,11610,7891,559,595,-36,61.9,29.8,32.1
2025,WR,TE,WR_vs_TE,Malik Washington,Darnell Washington,11610,9479,559,556,3,61.9,57.9,4
2025,WR,TE,WR_vs_TE,Malik Washington,Grant Calcaterra,11610,8177,559,556,3,61.9,9,52.9
2025,WR,TE,WR_vs_TE,Malik Washington,Elijah Higgins,11610,10231,559,532,27,61.9,38.8,23.1
2025,WR,TE,WR_vs_TE,Malik Washington,Josh Oliver,11610,5973,559,416,143,61.9,43.6,18.3
2025,WR,TE,WR_vs_TE,Adonai Mitchell,Colby Parkinson,11625,6865,477,666,-189,54.9,90.7,-35.8
2025,WR,TE,WR_vs_TE,Adonai Mitchell,Cade Stover,11625,11599,477,615,-138,54.9,12.5,42.4
2025,WR,TE,WR_vs_TE,Adonai Mitchell,Brock Wright,11625,7891,477,595,-118,54.9,29.8,25.1
2025,WR,TE,WR_vs_TE,Adonai Mitchell,Darnell Washington,11625,9479,477,556,-79,54.9,57.9,-3
2025,WR,TE,WR_vs_TE,Adonai Mitchell,Grant Calcaterra,11625,8177,477,556,-79,54.9,9,45.9
2025,WR,TE,WR_vs_TE,Adonai Mitchell,Elijah Higgins,11625,10231,477,532,-55,54.9,38.8,16.1
2025,WR,TE,WR_vs_TE,Adonai Mitchell,Josh Oliver,11625,5973,477,416,61,54.9,43.6,11.3
2025,WR,TE,WR_vs_TE,Adonai Mitchell,Austin Hooper,11625,3202,477,350,127,54.9,47.8,7.1
2025,WR,TE,WR_vs_TE,Adonai Mitchell,Charlie Kolar,11625,8127,477,331,146,54.9,31.2,23.7
2025,WR,TE,WR_vs_TE,Adonai Mitchell,Luke Schoonmaker,11625,10871,477,297,180,54.9,18.5,36.4
2025,WR,TE,WR_vs_TE,Adonai Mitchell,Tommy Tremble,11625,7694,477,293,184,54.9,39.1,15.8
2025,WR,TE,WR_vs_TE,Adonai Mitchell,Greg Dulcich,11625,8172,477,286,191,54.9,45.2,9.7
2025,WR,TE,WR_vs_TE,Adonai Mitchell,Daniel Bellinger,11625,8225,477,281,196,54.9,39.3,15.6
2025,WR,TE,WR_vs_TE,Andrei Iosivas,Colby Parkinson,10226,6865,470,666,-196,55.9,90.7,-34.8
2025,WR,TE,WR_vs_TE,Andrei Iosivas,Cade Stover,10226,11599,470,615,-145,55.9,12.5,43.4
2025,WR,TE,WR_vs_TE,Andrei Iosivas,Brock Wright,10226,7891,470,595,-125,55.9,29.8,26.1
2025,WR,TE,WR_vs_TE,Andrei Iosivas,Darnell Washington,10226,9479,470,556,-86,55.9,57.9,-2
2025,WR,TE,WR_vs_TE,Andrei Iosivas,Grant Calcaterra,10226,8177,470,556,-86,55.9,9,46.9
2025,WR,TE,WR_vs_TE,Andrei Iosivas,Elijah Higgins,10226,10231,470,532,-62,55.9,38.8,17.1
2025,WR,TE,WR_vs_TE,Andrei Iosivas,Josh Oliver,10226,5973,470,416,54,55.9,43.6,12.3
2025,WR,TE,WR_vs_TE,Andrei Iosivas,Austin Hooper,10226,3202,470,350,120,55.9,47.8,8.1
2025,WR,TE,WR_vs_TE,Andrei Iosivas,Charlie Kolar,10226,8127,470,331,139,55.9,31.2,24.7
2025,WR,TE,WR_vs_TE,Andrei Iosivas,Luke Schoonmaker,10226,10871,470,297,173,55.9,18.5,37.4
2025,WR,TE,WR_vs_TE,Andrei Iosivas,Tommy Tremble,10226,7694,470,293,177,55.9,39.1,16.8
2025,WR,TE,WR_vs_TE,Andrei Iosivas,Greg Dulcich,10226,8172,470,286,184,55.9,45.2,10.7
2025,WR,TE,WR_vs_TE,Andrei Iosivas,Daniel Bellinger,10226,8225,470,281,189,55.9,39.3,16.6
2025,WR,TE,WR_vs_TE,Tyler Lockett,Cade Stover,2374,11599,458,615,-157,40.6,12.5,28.1
2025,WR,TE,WR_vs_TE,Tyler Lockett,Brock Wright,2374,7891,458,595,-137,40.6,29.8,10.8
2025,WR,TE,WR_vs_TE,Tyler Lockett,Darnell Washington,2374,9479,458,556,-98,40.6,57.9,-17.3
2025,WR,TE,WR_vs_TE,Tyler Lockett,Grant Calcaterra,2374,8177,458,556,-98,40.6,9,31.6
2025,WR,TE,WR_vs_TE,Tyler Lockett,Elijah Higgins,2374,10231,458,532,-74,40.6,38.8,1.8
2025,WR,TE,WR_vs_TE,Tyler Lockett,Josh Oliver,2374,5973,458,416,42,40.6,43.6,-3
2025,WR,TE,WR_vs_TE,Tyler Lockett,Austin Hooper,2374,3202,458,350,108,40.6,47.8,-7.2
2025,WR,TE,WR_vs_TE,Tyler Lockett,Charlie Kolar,2374,8127,458,331,127,40.6,31.2,9.4
2025,WR,TE,WR_vs_TE,Tyler Lockett,Luke Schoonmaker,2374,10871,458,297,161,40.6,18.5,22.1
2025,WR,TE,WR_vs_TE,Tyler Lockett,Tommy Tremble,2374,7694,458,293,165,40.6,39.1,1.5
2025,WR,TE,WR_vs_TE,Tyler Lockett,Greg Dulcich,2374,8172,458,286,172,40.6,45.2,-4.6
2025,WR,TE,WR_vs_TE,Tyler Lockett,Daniel Bellinger,2374,8225,458,281,177,40.6,39.3,1.3
2025,WR,TE,WR_vs_TE,Tyler Lockett,Jared Wiley,2374,11595,458,267,191,40.6,0.9,39.7
2025,WR,TE,WR_vs_TE,Dyami Brown,Cade Stover,7587,11599,438,615,-177,28.9,12.5,16.4
2025,WR,TE,WR_vs_TE,Dyami Brown,Brock Wright,7587,7891,438,595,-157,28.9,29.8,-0.9
2025,WR,TE,WR_vs_TE,Dyami Brown,Darnell Washington,7587,9479,438,556,-118,28.9,57.9,-29
2025,WR,TE,WR_vs_TE,Dyami Brown,Grant Calcaterra,7587,8177,438,556,-118,28.9,9,19.9
2025,WR,TE,WR_vs_TE,Dyami Brown,Elijah Higgins,7587,10231,438,532,-94,28.9,38.8,-9.9
2025,WR,TE,WR_vs_TE,Dyami Brown,Josh Oliver,7587,5973,438,416,22,28.9,43.6,-14.7
2025,WR,TE,WR_vs_TE,Dyami Brown,Austin Hooper,7587,3202,438,350,88,28.9,47.8,-18.9
2025,WR,TE,WR_vs_TE,Dyami Brown,Charlie Kolar,7587,8127,438,331,107,28.9,31.2,-2.3
2025,WR,TE,WR_vs_TE,Dyami Brown,Luke Schoonmaker,7587,10871,438,297,141,28.9,18.5,10.4
2025,WR,TE,WR_vs_TE,Dyami Brown,Tommy Tremble,7587,7694,438,293,145,28.9,39.1,-10.2
2025,WR,TE,WR_vs_TE,Dyami Brown,Greg Dulcich,7587,8172,438,286,152,28.9,45.2,-16.3
2025,WR,TE,WR_vs_TE,Dyami Brown,Daniel Bellinger,7587,8225,438,281,157,28.9,39.3,-10.4
2025,WR,TE,WR_vs_TE,Dyami Brown,Jared Wiley,7587,11595,438,267,171,28.9,0.9,28
2025,WR,TE,WR_vs_TE,Dyami Brown,Jeremy Ruckert,7587,8145,438,248,190,28.9,35.4,-6.5
2025,WR,TE,WR_vs_TE,Jalen Nailor,Darnell Washington,8180,9479,383,556,-173,66.8,57.9,8.9
2025,WR,TE,WR_vs_TE,Jalen Nailor,Grant Calcaterra,8180,8177,383,556,-173,66.8,9,57.8
2025,WR,TE,WR_vs_TE,Jalen Nailor,Elijah Higgins,8180,10231,383,532,-149,66.8,38.8,28
2025,WR,TE,WR_vs_TE,Jalen Nailor,Josh Oliver,8180,5973,383,416,-33,66.8,43.6,23.2
2025,WR,TE,WR_vs_TE,Jalen Nailor,Austin Hooper,8180,3202,383,350,33,66.8,47.8,19
2025,WR,TE,WR_vs_TE,Jalen Nailor,Charlie Kolar,8180,8127,383,331,52,66.8,31.2,35.6
2025,WR,TE,WR_vs_TE,Jalen Nailor,Luke Schoonmaker,8180,10871,383,297,86,66.8,18.5,48.3
2025,WR,TE,WR_vs_TE,Jalen Nailor,Tommy Tremble,8180,7694,383,293,90,66.8,39.1,27.7
2025,WR,TE,WR_vs_TE,Jalen Nailor,Greg Dulcich,8180,8172,383,286,97,66.8,45.2,21.6
2025,WR,TE,WR_vs_TE,Jalen Nailor,Daniel Bellinger,8180,8225,383,281,102,66.8,39.3,27.5
2025,WR,TE,WR_vs_TE,Jalen Nailor,Jared Wiley,8180,11595,383,267,116,66.8,0.9,65.9
2025,WR,TE,WR_vs_TE,Jalen Nailor,Jeremy Ruckert,8180,8145,383,248,135,66.8,35.4,31.4
2025,WR,TE,WR_vs_TE,Jalen Nailor,Davis Allen,8180,10214,383,232,151,66.8,50.8,16
2025,WR,TE,WR_vs_TE,Jalen Nailor,Harrison Bryant,8180,6850,383,222,161,66.8,1.7,65.1
2025,WR,TE,WR_vs_TE,Jalen Nailor,Jelani Woods,8180,8219,383,204,179,66.8,0.9,65.9
2025,WR,TE,WR_vs_TE,Troy Franklin,Darnell Washington,11627,9479,370,556,-186,112.1,57.9,54.2
2025,WR,TE,WR_vs_TE,Troy Franklin,Grant Calcaterra,11627,8177,370,556,-186,112.1,9,103.1
2025,WR,TE,WR_vs_TE,Troy Franklin,Elijah Higgins,11627,10231,370,532,-162,112.1,38.8,73.3
2025,WR,TE,WR_vs_TE,Troy Franklin,Josh Oliver,11627,5973,370,416,-46,112.1,43.6,68.5
2025,WR,TE,WR_vs_TE,Troy Franklin,Austin Hooper,11627,3202,370,350,20,112.1,47.8,64.3
2025,WR,TE,WR_vs_TE,Troy Franklin,Charlie Kolar,11627,8127,370,331,39,112.1,31.2,80.9
2025,WR,TE,WR_vs_TE,Troy Franklin,Luke Schoonmaker,11627,10871,370,297,73,112.1,18.5,93.6
2025,WR,TE,WR_vs_TE,Troy Franklin,Tommy Tremble,11627,7694,370,293,77,112.1,39.1,73
2025,WR,TE,WR_vs_TE,Troy Franklin,Greg Dulcich,11627,8172,370,286,84,112.1,45.2,66.9
2025,WR,TE,WR_vs_TE,Troy Franklin,Daniel Bellinger,11627,8225,370,281,89,112.1,39.3,72.8
2025,WR,TE,WR_vs_TE,Troy Franklin,Jared Wiley,11627,11595,370,267,103,112.1,0.9,111.2
2025,WR,TE,WR_vs_TE,Troy Franklin,Jeremy Ruckert,11627,8145,370,248,122,112.1,35.4,76.7
2025,WR,TE,WR_vs_TE,Troy Franklin,Davis Allen,11627,10214,370,232,138,112.1,50.8,61.3
2025,WR,TE,WR_vs_TE,Troy Franklin,Harrison Bryant,11627,6850,370,222,148,112.1,1.7,110.4
2025,WR,TE,WR_vs_TE,Troy Franklin,Jelani Woods,11627,8219,370,204,166,112.1,0.9,111.2
2025,WR,TE,WR_vs_TE,Olamide Zaccheaus,Elijah Higgins,6271,10231,353,532,-179,45.8,38.8,7
2025,WR,TE,WR_vs_TE,Olamide Zaccheaus,Josh Oliver,6271,5973,353,416,-63,45.8,43.6,2.2
2025,WR,TE,WR_vs_TE,Olamide Zaccheaus,Austin Hooper,6271,3202,353,350,3,45.8,47.8,-2
2025,WR,TE,WR_vs_TE,Olamide Zaccheaus,Charlie Kolar,6271,8127,353,331,22,45.8,31.2,14.6
2025,WR,TE,WR_vs_TE,Olamide Zaccheaus,Luke Schoonmaker,6271,10871,353,297,56,45.8,18.5,27.3
2025,WR,TE,WR_vs_TE,Olamide Zaccheaus,Tommy Tremble,6271,7694,353,293,60,45.8,39.1,6.7
2025,WR,TE,WR_vs_TE,Olamide Zaccheaus,Greg Dulcich,6271,8172,353,286,67,45.8,45.2,0.6
2025,WR,TE,WR_vs_TE,Olamide Zaccheaus,Daniel Bellinger,6271,8225,353,281,72,45.8,39.3,6.5
2025,WR,TE,WR_vs_TE,Olamide Zaccheaus,Jared Wiley,6271,11595,353,267,86,45.8,0.9,44.9
2025,WR,TE,WR_vs_TE,Olamide Zaccheaus,Jeremy Ruckert,6271,8145,353,248,105,45.8,35.4,10.4
2025,WR,TE,WR_vs_TE,Olamide Zaccheaus,Davis Allen,6271,10214,353,232,121,45.8,50.8,-5
2025,WR,TE,WR_vs_TE,Olamide Zaccheaus,Harrison Bryant,6271,6850,353,222,131,45.8,1.7,44.1
2025,WR,TE,WR_vs_TE,Olamide Zaccheaus,Jelani Woods,6271,8219,353,204,149,45.8,0.9,44.9
2025,WR,TE,WR_vs_TE,JuJu Smith-Schuster,Josh Oliver,4040,5973,317,416,-99,39.2,43.6,-4.4
2025,WR,TE,WR_vs_TE,JuJu Smith-Schuster,Austin Hooper,4040,3202,317,350,-33,39.2,47.8,-8.6
2025,WR,TE,WR_vs_TE,JuJu Smith-Schuster,Charlie Kolar,4040,8127,317,331,-14,39.2,31.2,8
2025,WR,TE,WR_vs_TE,JuJu Smith-Schuster,Luke Schoonmaker,4040,10871,317,297,20,39.2,18.5,20.7
2025,WR,TE,WR_vs_TE,JuJu Smith-Schuster,Tommy Tremble,4040,7694,317,293,24,39.2,39.1,0.1
2025,WR,TE,WR_vs_TE,JuJu Smith-Schuster,Greg Dulcich,4040,8172,317,286,31,39.2,45.2,-6
2025,WR,TE,WR_vs_TE,JuJu Smith-Schuster,Daniel Bellinger,4040,8225,317,281,36,39.2,39.3,-0.1
2025,WR,TE,WR_vs_TE,JuJu Smith-Schuster,Jared Wiley,4040,11595,317,267,50,39.2,0.9,38.3
2025,WR,TE,WR_vs_TE,JuJu Smith-Schuster,Jeremy Ruckert,4040,8145,317,248,69,39.2,35.4,3.8
2025,WR,TE,WR_vs_TE,JuJu Smith-Schuster,Davis Allen,4040,10214,317,232,85,39.2,50.8,-11.6
2025,WR,TE,WR_vs_TE,JuJu Smith-Schuster,Harrison Bryant,4040,6850,317,222,95,39.2,1.7,37.5
2025,WR,TE,WR_vs_TE,JuJu Smith-Schuster,Jelani Woods,4040,8219,317,204,113,39.2,0.9,38.3
2025,WR,TE,WR_vs_TE,Tre Tucker,Josh Oliver,10213,5973,299,416,-117,101.3,43.6,57.7
2025,WR,TE,WR_vs_TE,Tre Tucker,Austin Hooper,10213,3202,299,350,-51,101.3,47.8,53.5
2025,WR,TE,WR_vs_TE,Tre Tucker,Charlie Kolar,10213,8127,299,331,-32,101.3,31.2,70.1
2025,WR,TE,WR_vs_TE,Tre Tucker,Luke Schoonmaker,10213,10871,299,297,2,101.3,18.5,82.8
2025,WR,TE,WR_vs_TE,Tre Tucker,Tommy Tremble,10213,7694,299,293,6,101.3,39.1,62.2
2025,WR,TE,WR_vs_TE,Tre Tucker,Greg Dulcich,10213,8172,299,286,13,101.3,45.2,56.1
2025,WR,TE,WR_vs_TE,Tre Tucker,Daniel Bellinger,10213,8225,299,281,18,101.3,39.3,62
2025,WR,TE,WR_vs_TE,Tre Tucker,Jared Wiley,10213,11595,299,267,32,101.3,0.9,100.4
2025,WR,TE,WR_vs_TE,Tre Tucker,Jeremy Ruckert,10213,8145,299,248,51,101.3,35.4,65.9
2025,WR,TE,WR_vs_TE,Tre Tucker,Davis Allen,10213,10214,299,232,67,101.3,50.8,50.5
2025,WR,TE,WR_vs_TE,Tre Tucker,Harrison Bryant,10213,6850,299,222,77,101.3,1.7,99.6
2025,WR,TE,WR_vs_TE,Tre Tucker,Jelani Woods,10213,8219,299,204,95,101.3,0.9,100.4
2025,WR,TE,WR_vs_TE,Brandin Cooks,Josh Oliver,2197,5973,278,416,-138,27.9,43.6,-15.7
2025,WR,TE,WR_vs_TE,Brandin Cooks,Austin Hooper,2197,3202,278,350,-72,27.9,47.8,-19.9
2025,WR,TE,WR_vs_TE,Brandin Cooks,Charlie Kolar,2197,8127,278,331,-53,27.9,31.2,-3.3
2025,WR,TE,WR_vs_TE,Brandin Cooks,Luke Schoonmaker,2197,10871,278,297,-19,27.9,18.5,9.4
2025,WR,TE,WR_vs_TE,Brandin Cooks,Tommy Tremble,2197,7694,278,293,-15,27.9,39.1,-11.2
2025,WR,TE,WR_vs_TE,Brandin Cooks,Greg Dulcich,2197,8172,278,286,-8,27.9,45.2,-17.3
2025,WR,TE,WR_vs_TE,Brandin Cooks,Daniel Bellinger,2197,8225,278,281,-3,27.9,39.3,-11.4
2025,WR,TE,WR_vs_TE,Brandin Cooks,Jared Wiley,2197,11595,278,267,11,27.9,0.9,27
2025,WR,TE,WR_vs_TE,Brandin Cooks,Jeremy Ruckert,2197,8145,278,248,30,27.9,35.4,-7.5
2025,WR,TE,WR_vs_TE,Brandin Cooks,Davis Allen,2197,10214,278,232,46,27.9,50.8,-22.9
2025,WR,TE,WR_vs_TE,Brandin Cooks,Harrison Bryant,2197,6850,278,222,56,27.9,1.7,26.2
2025,WR,TE,WR_vs_TE,Brandin Cooks,Jelani Woods,2197,8219,278,204,74,27.9,0.9,27
2025,WR,TE,WR_vs_TE,Tyquan Thornton,Josh Oliver,8188,5973,260,416,-156,61.8,43.6,18.2
2025,WR,TE,WR_vs_TE,Tyquan Thornton,Austin Hooper,8188,3202,260,350,-90,61.8,47.8,14
2025,WR,TE,WR_vs_TE,Tyquan Thornton,Charlie Kolar,8188,8127,260,331,-71,61.8,31.2,30.6
2025,WR,TE,WR_vs_TE,Tyquan Thornton,Luke Schoonmaker,8188,10871,260,297,-37,61.8,18.5,43.3
2025,WR,TE,WR_vs_TE,Tyquan Thornton,Tommy Tremble,8188,7694,260,293,-33,61.8,39.1,22.7
2025,WR,TE,WR_vs_TE,Tyquan Thornton,Greg Dulcich,8188,8172,260,286,-26,61.8,45.2,16.6
2025,WR,TE,WR_vs_TE,Tyquan Thornton,Daniel Bellinger,8188,8225,260,281,-21,61.8,39.3,22.5
2025,WR,TE,WR_vs_TE,Tyquan Thornton,Jared Wiley,8188,11595,260,267,-7,61.8,0.9,60.9
2025,WR,TE,WR_vs_TE,Tyquan Thornton,Jeremy Ruckert,8188,8145,260,248,12,61.8,35.4,26.4
2025,WR,TE,WR_vs_TE,Tyquan Thornton,Davis Allen,8188,10214,260,232,28,61.8,50.8,11
2025,WR,TE,WR_vs_TE,Tyquan Thornton,Harrison Bryant,8188,6850,260,222,38,61.8,1.7,60.1
2025,WR,TE,WR_vs_TE,Tyquan Thornton,Jelani Woods,8188,8219,260,204,56,61.8,0.9,60.9
2025,WR,TE,WR_vs_TE,Christian Watson,Josh Oliver,8167,5973,258,416,-158,97.4,43.6,53.8
2025,WR,TE,WR_vs_TE,Christian Watson,Austin Hooper,8167,3202,258,350,-92,97.4,47.8,49.6
2025,WR,TE,WR_vs_TE,Christian Watson,Charlie Kolar,8167,8127,258,331,-73,97.4,31.2,66.2
2025,WR,TE,WR_vs_TE,Christian Watson,Luke Schoonmaker,8167,10871,258,297,-39,97.4,18.5,78.9
2025,WR,TE,WR_vs_TE,Christian Watson,Tommy Tremble,8167,7694,258,293,-35,97.4,39.1,58.3
2025,WR,TE,WR_vs_TE,Christian Watson,Greg Dulcich,8167,8172,258,286,-28,97.4,45.2,52.2
2025,WR,TE,WR_vs_TE,Christian Watson,Daniel Bellinger,8167,8225,258,281,-23,97.4,39.3,58.1
2025,WR,TE,WR_vs_TE,Christian Watson,Jared Wiley,8167,11595,258,267,-9,97.4,0.9,96.5
2025,WR,TE,WR_vs_TE,Christian Watson,Jeremy Ruckert,8167,8145,258,248,10,97.4,35.4,62
2025,WR,TE,WR_vs_TE,Christian Watson,Davis Allen,8167,10214,258,232,26,97.4,50.8,46.6
2025,WR,TE,WR_vs_TE,Christian Watson,Harrison Bryant,8167,6850,258,222,36,97.4,1.7,95.7
2025,WR,TE,WR_vs_TE,Christian Watson,Jelani Woods,8167,8219,258,204,54,97.4,0.9,96.5
2025,WR,TE,WR_vs_TE,Tutu Atwell,Josh Oliver,7562,5973,253,416,-163,23.3,43.6,-20.3
2025,WR,TE,WR_vs_TE,Tutu Atwell,Austin Hooper,7562,3202,253,350,-97,23.3,47.8,-24.5
2025,WR,TE,WR_vs_TE,Tutu Atwell,Charlie Kolar,7562,8127,253,331,-78,23.3,31.2,-7.9
2025,WR,TE,WR_vs_TE,Tutu Atwell,Luke Schoonmaker,7562,10871,253,297,-44,23.3,18.5,4.8
2025,WR,TE,WR_vs_TE,Tutu Atwell,Tommy Tremble,7562,7694,253,293,-40,23.3,39.1,-15.8
2025,WR,TE,WR_vs_TE,Tutu Atwell,Greg Dulcich,7562,8172,253,286,-33,23.3,45.2,-21.9
2025,WR,TE,WR_vs_TE,Tutu Atwell,Daniel Bellinger,7562,8225,253,281,-28,23.3,39.3,-16
2025,WR,TE,WR_vs_TE,Tutu Atwell,Jared Wiley,7562,11595,253,267,-14,23.3,0.9,22.4
2025,WR,TE,WR_vs_TE,Tutu Atwell,Jeremy Ruckert,7562,8145,253,248,5,23.3,35.4,-12.1
2025,WR,TE,WR_vs_TE,Tutu Atwell,Davis Allen,7562,10214,253,232,21,23.3,50.8,-27.5
2025,WR,TE,WR_vs_TE,Tutu Atwell,Harrison Bryant,7562,6850,253,222,31,23.3,1.7,21.6
2025,WR,TE,WR_vs_TE,Tutu Atwell,Jelani Woods,7562,8219,253,204,49,23.3,0.9,22.4
2025,WR,TE,WR_vs_TE,Luke McCaffrey,Josh Oliver,11650,5973,228,416,-188,40.3,43.6,-3.3
2025,WR,TE,WR_vs_TE,Luke McCaffrey,Austin Hooper,11650,3202,228,350,-122,40.3,47.8,-7.5
2025,WR,TE,WR_vs_TE,Luke McCaffrey,Charlie Kolar,11650,8127,228,331,-103,40.3,31.2,9.1
2025,WR,TE,WR_vs_TE,Luke McCaffrey,Luke Schoonmaker,11650,10871,228,297,-69,40.3,18.5,21.8
2025,WR,TE,WR_vs_TE,Luke McCaffrey,Tommy Tremble,11650,7694,228,293,-65,40.3,39.1,1.2
2025,WR,TE,WR_vs_TE,Luke McCaffrey,Greg Dulcich,11650,8172,228,286,-58,40.3,45.2,-4.9
2025,WR,TE,WR_vs_TE,Luke McCaffrey,Daniel Bellinger,11650,8225,228,281,-53,40.3,39.3,1
2025,WR,TE,WR_vs_TE,Luke McCaffrey,Jared Wiley,11650,11595,228,267,-39,40.3,0.9,39.4
2025,WR,TE,WR_vs_TE,Luke McCaffrey,Jeremy Ruckert,11650,8145,228,248,-20,40.3,35.4,4.9
2025,WR,TE,WR_vs_TE,Luke McCaffrey,Davis Allen,11650,10214,228,232,-4,40.3,50.8,-10.5
2025,WR,TE,WR_vs_TE,Luke McCaffrey,Harrison Bryant,11650,6850,228,222,6,40.3,1.7,38.6
2025,WR,TE,WR_vs_TE,Luke McCaffrey,Jelani Woods,11650,8219,228,204,24,40.3,0.9,39.4
2025,WR,TE,WR_vs_TE,Skyy Moore,Josh Oliver,8168,5973,226,416,-190,9.8,43.6,-33.8
2025,WR,TE,WR_vs_TE,Skyy Moore,Austin Hooper,8168,3202,226,350,-124,9.8,47.8,-38
2025,WR,TE,WR_vs_TE,Skyy Moore,Charlie Kolar,8168,8127,226,331,-105,9.8,31.2,-21.4
2025,WR,TE,WR_vs_TE,Skyy Moore,Luke Schoonmaker,8168,10871,226,297,-71,9.8,18.5,-8.7
2025,WR,TE,WR_vs_TE,Skyy Moore,Tommy Tremble,8168,7694,226,293,-67,9.8,39.1,-29.3
2025,WR,TE,WR_vs_TE,Skyy Moore,Greg Dulcich,8168,8172,226,286,-60,9.8,45.2,-35.4
2025,WR,TE,WR_vs_TE,Skyy Moore,Daniel Bellinger,8168,8225,226,281,-55,9.8,39.3,-29.5
2025,WR,TE,WR_vs_TE,Skyy Moore,Jared Wiley,8168,11595,226,267,-41,9.8,0.9,8.9
2025,WR,TE,WR_vs_TE,Skyy Moore,Jeremy Ruckert,8168,8145,226,248,-22,9.8,35.4,-25.6
2025,WR,TE,WR_vs_TE,Skyy Moore,Davis Allen,8168,10214,226,232,-6,9.8,50.8,-41
2025,WR,TE,WR_vs_TE,Skyy Moore,Harrison Bryant,8168,6850,226,222,4,9.8,1.7,8.1
2025,WR,TE,WR_vs_TE,Skyy Moore,Jelani Woods,8168,8219,226,204,22,9.8,0.9,8.9
2025,WR,TE,WR_vs_TE,Curtis Samuel,Josh Oliver,4082,5973,225,416,-191,14.1,43.6,-29.5
2025,WR,TE,WR_vs_TE,Curtis Samuel,Austin Hooper,4082,3202,225,350,-125,14.1,47.8,-33.7
2025,WR,TE,WR_vs_TE,Curtis Samuel,Charlie Kolar,4082,8127,225,331,-106,14.1,31.2,-17.1
2025,WR,TE,WR_vs_TE,Curtis Samuel,Luke Schoonmaker,4082,10871,225,297,-72,14.1,18.5,-4.4
2025,WR,TE,WR_vs_TE,Curtis Samuel,Tommy Tremble,4082,7694,225,293,-68,14.1,39.1,-25
2025,WR,TE,WR_vs_TE,Curtis Samuel,Greg Dulcich,4082,8172,225,286,-61,14.1,45.2,-31.1
2025,WR,TE,WR_vs_TE,Curtis Samuel,Daniel Bellinger,4082,8225,225,281,-56,14.1,39.3,-25.2
2025,WR,TE,WR_vs_TE,Curtis Samuel,Jared Wiley,4082,11595,225,267,-42,14.1,0.9,13.2
2025,WR,TE,WR_vs_TE,Curtis Samuel,Jeremy Ruckert,4082,8145,225,248,-23,14.1,35.4,-21.3
2025,WR,TE,WR_vs_TE,Curtis Samuel,Davis Allen,4082,10214,225,232,-7,14.1,50.8,-36.7
2025,WR,TE,WR_vs_TE,Curtis Samuel,Harrison Bryant,4082,6850,225,222,3,14.1,1.7,12.4
2025,WR,TE,WR_vs_TE,Curtis Samuel,Jelani Woods,4082,8219,225,204,21,14.1,0.9,13.2
2025,WR,TE,WR_vs_TE,KaVontae Turpin,Josh Oliver,8917,5973,218,416,-198,57.8,43.6,14.2
2025,WR,TE,WR_vs_TE,KaVontae Turpin,Austin Hooper,8917,3202,218,350,-132,57.8,47.8,10
2025,WR,TE,WR_vs_TE,KaVontae Turpin,Charlie Kolar,8917,8127,218,331,-113,57.8,31.2,26.6
2025,WR,TE,WR_vs_TE,KaVontae Turpin,Luke Schoonmaker,8917,10871,218,297,-79,57.8,18.5,39.3
2025,WR,TE,WR_vs_TE,KaVontae Turpin,Tommy Tremble,8917,7694,218,293,-75,57.8,39.1,18.7
2025,WR,TE,WR_vs_TE,KaVontae Turpin,Greg Dulcich,8917,8172,218,286,-68,57.8,45.2,12.6
2025,WR,TE,WR_vs_TE,KaVontae Turpin,Daniel Bellinger,8917,8225,218,281,-63,57.8,39.3,18.5
2025,WR,TE,WR_vs_TE,KaVontae Turpin,Jared Wiley,8917,11595,218,267,-49,57.8,0.9,56.9
2025,WR,TE,WR_vs_TE,KaVontae Turpin,Jeremy Ruckert,8917,8145,218,248,-30,57.8,35.4,22.4
2025,WR,TE,WR_vs_TE,KaVontae Turpin,Davis Allen,8917,10214,218,232,-14,57.8,50.8,7
2025,WR,TE,WR_vs_TE,KaVontae Turpin,Harrison Bryant,8917,6850,218,222,-4,57.8,1.7,56.1
2025,WR,TE,WR_vs_TE,KaVontae Turpin,Jelani Woods,8917,8219,218,204,14,57.8,0.9,56.9
2025,WR,TE,WR_vs_TE,Malachi Corley,Austin Hooper,11617,3202,213,350,-137,16.8,47.8,-31
2025,WR,TE,WR_vs_TE,Malachi Corley,Charlie Kolar,11617,8127,213,331,-118,16.8,31.2,-14.4
2025,WR,TE,WR_vs_TE,Malachi Corley,Luke Schoonmaker,11617,10871,213,297,-84,16.8,18.5,-1.7
2025,WR,TE,WR_vs_TE,Malachi Corley,Tommy Tremble,11617,7694,213,293,-80,16.8,39.1,-22.3
2025,WR,TE,WR_vs_TE,Malachi Corley,Greg Dulcich,11617,8172,213,286,-73,16.8,45.2,-28.4
2025,WR,TE,WR_vs_TE,Malachi Corley,Daniel Bellinger,11617,8225,213,281,-68,16.8,39.3,-22.5
2025,WR,TE,WR_vs_TE,Malachi Corley,Jared Wiley,11617,11595,213,267,-54,16.8,0.9,15.9
2025,WR,TE,WR_vs_TE,Malachi Corley,Jeremy Ruckert,11617,8145,213,248,-35,16.8,35.4,-18.6
2025,WR,TE,WR_vs_TE,Malachi Corley,Davis Allen,11617,10214,213,232,-19,16.8,50.8,-34
2025,WR,TE,WR_vs_TE,Malachi Corley,Harrison Bryant,11617,6850,213,222,-9,16.8,1.7,15.1
2025,WR,TE,WR_vs_TE,Malachi Corley,Jelani Woods,11617,8219,213,204,9,16.8,0.9,15.9
2025,WR,TE,WR_vs_TE,Noah Brown,Austin Hooper,4234,3202,213,350,-137,8.3,47.8,-39.5
2025,WR,TE,WR_vs_TE,Noah Brown,Charlie Kolar,4234,8127,213,331,-118,8.3,31.2,-22.9
2025,WR,TE,WR_vs_TE,Noah Brown,Luke Schoonmaker,4234,10871,213,297,-84,8.3,18.5,-10.2
2025,WR,TE,WR_vs_TE,Noah Brown,Tommy Tremble,4234,7694,213,293,-80,8.3,39.1,-30.8
2025,WR,TE,WR_vs_TE,Noah Brown,Greg Dulcich,4234,8172,213,286,-73,8.3,45.2,-36.9
2025,WR,TE,WR_vs_TE,Noah Brown,Daniel Bellinger,4234,8225,213,281,-68,8.3,39.3,-31
2025,WR,TE,WR_vs_TE,Noah Brown,Jared Wiley,4234,11595,213,267,-54,8.3,0.9,7.4
2025,WR,TE,WR_vs_TE,Noah Brown,Jeremy Ruckert,4234,8145,213,248,-35,8.3,35.4,-27.1
2025,WR,TE,WR_vs_TE,Noah Brown,Davis Allen,4234,10214,213,232,-19,8.3,50.8,-42.5
2025,WR,TE,WR_vs_TE,Noah Brown,Harrison Bryant,4234,6850,213,222,-9,8.3,1.7,6.6
2025,WR,TE,WR_vs_TE,Noah Brown,Jelani Woods,4234,8219,213,204,9,8.3,0.9,7.4
2025,WR,TE,WR_vs_TE,Marquez Valdes-Scantling,Austin Hooper,5086,3202,209,350,-141,14.6,47.8,-33.2
2025,WR,TE,WR_vs_TE,Marquez Valdes-Scantling,Charlie Kolar,5086,8127,209,331,-122,14.6,31.2,-16.6
2025,WR,TE,WR_vs_TE,Marquez Valdes-Scantling,Luke Schoonmaker,5086,10871,209,297,-88,14.6,18.5,-3.9
2025,WR,TE,WR_vs_TE,Marquez Valdes-Scantling,Tommy Tremble,5086,7694,209,293,-84,14.6,39.1,-24.5
2025,WR,TE,WR_vs_TE,Marquez Valdes-Scantling,Greg Dulcich,5086,8172,209,286,-77,14.6,45.2,-30.6
2025,WR,TE,WR_vs_TE,Marquez Valdes-Scantling,Daniel Bellinger,5086,8225,209,281,-72,14.6,39.3,-24.7
2025,WR,TE,WR_vs_TE,Marquez Valdes-Scantling,Jared Wiley,5086,11595,209,267,-58,14.6,0.9,13.7
2025,WR,TE,WR_vs_TE,Marquez Valdes-Scantling,Jeremy Ruckert,5086,8145,209,248,-39,14.6,35.4,-20.8
2025,WR,TE,WR_vs_TE,Marquez Valdes-Scantling,Davis Allen,5086,10214,209,232,-23,14.6,50.8,-36.2
2025,WR,TE,WR_vs_TE,Marquez Valdes-Scantling,Harrison Bryant,5086,6850,209,222,-13,14.6,1.7,12.9
2025,WR,TE,WR_vs_TE,Marquez Valdes-Scantling,Jelani Woods,5086,8219,209,204,5,14.6,0.9,13.7
2025,WR,TE,WR_vs_TE,Tim Patrick,Austin Hooper,4351,3202,208,350,-142,36.3,47.8,-11.5
2025,WR,TE,WR_vs_TE,Tim Patrick,Charlie Kolar,4351,8127,208,331,-123,36.3,31.2,5.1
2025,WR,TE,WR_vs_TE,Tim Patrick,Luke Schoonmaker,4351,10871,208,297,-89,36.3,18.5,17.8
2025,WR,TE,WR_vs_TE,Tim Patrick,Tommy Tremble,4351,7694,208,293,-85,36.3,39.1,-2.8
2025,WR,TE,WR_vs_TE,Tim Patrick,Greg Dulcich,4351,8172,208,286,-78,36.3,45.2,-8.9
2025,WR,TE,WR_vs_TE,Tim Patrick,Daniel Bellinger,4351,8225,208,281,-73,36.3,39.3,-3
2025,WR,TE,WR_vs_TE,Tim Patrick,Jared Wiley,4351,11595,208,267,-59,36.3,0.9,35.4
2025,WR,TE,WR_vs_TE,Tim Patrick,Jeremy Ruckert,4351,8145,208,248,-40,36.3,35.4,0.9
2025,WR,TE,WR_vs_TE,Tim Patrick,Davis Allen,4351,10214,208,232,-24,36.3,50.8,-14.5
2025,WR,TE,WR_vs_TE,Tim Patrick,Harrison Bryant,4351,6850,208,222,-14,36.3,1.7,34.6
2025,WR,TE,WR_vs_TE,Tim Patrick,Jelani Woods,4351,8219,208,204,4,36.3,0.9,35.4
2025,WR,TE,WR_vs_TE,Josh Reynolds,Austin Hooper,4171,3202,206,350,-144,12.1,47.8,-35.7
2025,WR,TE,WR_vs_TE,Josh Reynolds,Charlie Kolar,4171,8127,206,331,-125,12.1,31.2,-19.1
2025,WR,TE,WR_vs_TE,Josh Reynolds,Luke Schoonmaker,4171,10871,206,297,-91,12.1,18.5,-6.4
2025,WR,TE,WR_vs_TE,Josh Reynolds,Tommy Tremble,4171,7694,206,293,-87,12.1,39.1,-27
2025,WR,TE,WR_vs_TE,Josh Reynolds,Greg Dulcich,4171,8172,206,286,-80,12.1,45.2,-33.1
2025,WR,TE,WR_vs_TE,Josh Reynolds,Daniel Bellinger,4171,8225,206,281,-75,12.1,39.3,-27.2
2025,WR,TE,WR_vs_TE,Josh Reynolds,Jared Wiley,4171,11595,206,267,-61,12.1,0.9,11.2
2025,WR,TE,WR_vs_TE,Josh Reynolds,Jeremy Ruckert,4171,8145,206,248,-42,12.1,35.4,-23.3
2025,WR,TE,WR_vs_TE,Josh Reynolds,Davis Allen,4171,10214,206,232,-26,12.1,50.8,-38.7
2025,WR,TE,WR_vs_TE,Josh Reynolds,Harrison Bryant,4171,6850,206,222,-16,12.1,1.7,10.4
2025,WR,TE,WR_vs_TE,Josh Reynolds,Jelani Woods,4171,8219,206,204,2,12.1,0.9,11.2
2025,WR,TE,WR_vs_TE,Elijah Moore,Austin Hooper,7596,3202,205,350,-145,19.6,47.8,-28.2
2025,WR,TE,WR_vs_TE,Elijah Moore,Charlie Kolar,7596,8127,205,331,-126,19.6,31.2,-11.6
2025,WR,TE,WR_vs_TE,Elijah Moore,Luke Schoonmaker,7596,10871,205,297,-92,19.6,18.5,1.1
2025,WR,TE,WR_vs_TE,Elijah Moore,Tommy Tremble,7596,7694,205,293,-88,19.6,39.1,-19.5
2025,WR,TE,WR_vs_TE,Elijah Moore,Greg Dulcich,7596,8172,205,286,-81,19.6,45.2,-25.6
2025,WR,TE,WR_vs_TE,Elijah Moore,Daniel Bellinger,7596,8225,205,281,-76,19.6,39.3,-19.7
2025,WR,TE,WR_vs_TE,Elijah Moore,Jared Wiley,7596,11595,205,267,-62,19.6,0.9,18.7
2025,WR,TE,WR_vs_TE,Elijah Moore,Jeremy Ruckert,7596,8145,205,248,-43,19.6,35.4,-15.8
2025,WR,TE,WR_vs_TE,Elijah Moore,Davis Allen,7596,10214,205,232,-27,19.6,50.8,-31.2
2025,WR,TE,WR_vs_TE,Elijah Moore,Harrison Bryant,7596,6850,205,222,-17,19.6,1.7,17.9
2025,WR,TE,WR_vs_TE,Elijah Moore,Jelani Woods,7596,8219,205,204,1,19.6,0.9,18.7
2025,WR,TE,WR_vs_TE,Jahan Dotson,Austin Hooper,8119,3202,203,350,-147,28.2,47.8,-19.6
2025,WR,TE,WR_vs_TE,Jahan Dotson,Charlie Kolar,8119,8127,203,331,-128,28.2,31.2,-3
2025,WR,TE,WR_vs_TE,Jahan Dotson,Luke Schoonmaker,8119,10871,203,297,-94,28.2,18.5,9.7
2025,WR,TE,WR_vs_TE,Jahan Dotson,Tommy Tremble,8119,7694,203,293,-90,28.2,39.1,-10.9
2025,WR,TE,WR_vs_TE,Jahan Dotson,Greg Dulcich,8119,8172,203,286,-83,28.2,45.2,-17
2025,WR,TE,WR_vs_TE,Jahan Dotson,Daniel Bellinger,8119,8225,203,281,-78,28.2,39.3,-11.1
2025,WR,TE,WR_vs_TE,Jahan Dotson,Jared Wiley,8119,11595,203,267,-64,28.2,0.9,27.3
2025,WR,TE,WR_vs_TE,Jahan Dotson,Jeremy Ruckert,8119,8145,203,248,-45,28.2,35.4,-7.2
2025,WR,TE,WR_vs_TE,Jahan Dotson,Davis Allen,8119,10214,203,232,-29,28.2,50.8,-22.6
2025,WR,TE,WR_vs_TE,Jahan Dotson,Harrison Bryant,8119,6850,203,222,-19,28.2,1.7,26.5
2025,WR,TE,WR_vs_TE,Jahan Dotson,Jelani Woods,8119,8219,203,204,-1,28.2,0.9,27.3
2025,WR,TE,WR_vs_TE,John Metchie,Austin Hooper,8147,3202,202,350,-148,36.9,47.8,-10.9
2025,WR,TE,WR_vs_TE,John Metchie,Charlie Kolar,8147,8127,202,331,-129,36.9,31.2,5.7
2025,WR,TE,WR_vs_TE,John Metchie,Luke Schoonmaker,8147,10871,202,297,-95,36.9,18.5,18.4
2025,WR,TE,WR_vs_TE,John Metchie,Tommy Tremble,8147,7694,202,293,-91,36.9,39.1,-2.2
2025,WR,TE,WR_vs_TE,John Metchie,Greg Dulcich,8147,8172,202,286,-84,36.9,45.2,-8.3
2025,WR,TE,WR_vs_TE,John Metchie,Daniel Bellinger,8147,8225,202,281,-79,36.9,39.3,-2.4
2025,WR,TE,WR_vs_TE,John Metchie,Jared Wiley,8147,11595,202,267,-65,36.9,0.9,36
2025,WR,TE,WR_vs_TE,John Metchie,Jeremy Ruckert,8147,8145,202,248,-46,36.9,35.4,1.5
2025,WR,TE,WR_vs_TE,John Metchie,Davis Allen,8147,10214,202,232,-30,36.9,50.8,-13.9
2025,WR,TE,WR_vs_TE,John Metchie,Harrison Bryant,8147,6850,202,222,-20,36.9,1.7,35.2
2025,WR,TE,WR_vs_TE,John Metchie,Jelani Woods,8147,8219,202,204,-2,36.9,0.9,36
2025,WR,TE,WR_vs_TE,Nick Westbrook-Ikhine,Austin Hooper,7496,3202,192,350,-158,8.9,47.8,-38.9
2025,WR,TE,WR_vs_TE,Nick Westbrook-Ikhine,Charlie Kolar,7496,8127,192,331,-139,8.9,31.2,-22.3
2025,WR,TE,WR_vs_TE,Nick Westbrook-Ikhine,Luke Schoonmaker,7496,10871,192,297,-105,8.9,18.5,-9.6
2025,WR,TE,WR_vs_TE,Nick Westbrook-Ikhine,Tommy Tremble,7496,7694,192,293,-101,8.9,39.1,-30.2
2025,WR,TE,WR_vs_TE,Nick Westbrook-Ikhine,Greg Dulcich,7496,8172,192,286,-94,8.9,45.2,-36.3
2025,WR,TE,WR_vs_TE,Nick Westbrook-Ikhine,Daniel Bellinger,7496,8225,192,281,-89,8.9,39.3,-30.4
2025,WR,TE,WR_vs_TE,Nick Westbrook-Ikhine,Jared Wiley,7496,11595,192,267,-75,8.9,0.9,8
2025,WR,TE,WR_vs_TE,Nick Westbrook-Ikhine,Jeremy Ruckert,7496,8145,192,248,-56,8.9,35.4,-26.5
2025,WR,TE,WR_vs_TE,Nick Westbrook-Ikhine,Davis Allen,7496,10214,192,232,-40,8.9,50.8,-41.9
2025,WR,TE,WR_vs_TE,Nick Westbrook-Ikhine,Harrison Bryant,7496,6850,192,222,-30,8.9,1.7,7.2
2025,WR,TE,WR_vs_TE,Nick Westbrook-Ikhine,Jelani Woods,7496,8219,192,204,-12,8.9,0.9,8
2025,WR,TE,WR_vs_TE,Demarcus Robinson,Austin Hooper,3286,3202,188,350,-162,33.8,47.8,-14
2025,WR,TE,WR_vs_TE,Demarcus Robinson,Charlie Kolar,3286,8127,188,331,-143,33.8,31.2,2.6
2025,WR,TE,WR_vs_TE,Demarcus Robinson,Luke Schoonmaker,3286,10871,188,297,-109,33.8,18.5,15.3
2025,WR,TE,WR_vs_TE,Demarcus Robinson,Tommy Tremble,3286,7694,188,293,-105,33.8,39.1,-5.3
2025,WR,TE,WR_vs_TE,Demarcus Robinson,Greg Dulcich,3286,8172,188,286,-98,33.8,45.2,-11.4
2025,WR,TE,WR_vs_TE,Demarcus Robinson,Daniel Bellinger,3286,8225,188,281,-93,33.8,39.3,-5.5
2025,WR,TE,WR_vs_TE,Demarcus Robinson,Jared Wiley,3286,11595,188,267,-79,33.8,0.9,32.9
2025,WR,TE,WR_vs_TE,Demarcus Robinson,Jeremy Ruckert,3286,8145,188,248,-60,33.8,35.4,-1.6
2025,WR,TE,WR_vs_TE,Demarcus Robinson,Davis Allen,3286,10214,188,232,-44,33.8,50.8,-17
2025,WR,TE,WR_vs_TE,Demarcus Robinson,Harrison Bryant,3286,6850,188,222,-34,33.8,1.7,32.1
2025,WR,TE,WR_vs_TE,Demarcus Robinson,Jelani Woods,3286,8219,188,204,-16,33.8,0.9,32.9
2025,WR,TE,WR_vs_TE,Jalin Hyatt,Austin Hooper,9497,3202,178,350,-172,3.5,47.8,-44.3
2025,WR,TE,WR_vs_TE,Jalin Hyatt,Charlie Kolar,9497,8127,178,331,-153,3.5,31.2,-27.7
2025,WR,TE,WR_vs_TE,Jalin Hyatt,Luke Schoonmaker,9497,10871,178,297,-119,3.5,18.5,-15
2025,WR,TE,WR_vs_TE,Jalin Hyatt,Tommy Tremble,9497,7694,178,293,-115,3.5,39.1,-35.6
2025,WR,TE,WR_vs_TE,Jalin Hyatt,Greg Dulcich,9497,8172,178,286,-108,3.5,45.2,-41.7
2025,WR,TE,WR_vs_TE,Jalin Hyatt,Daniel Bellinger,9497,8225,178,281,-103,3.5,39.3,-35.8
2025,WR,TE,WR_vs_TE,Jalin Hyatt,Jared Wiley,9497,11595,178,267,-89,3.5,0.9,2.6
2025,WR,TE,WR_vs_TE,Jalin Hyatt,Jeremy Ruckert,9497,8145,178,248,-70,3.5,35.4,-31.9
2025,WR,TE,WR_vs_TE,Jalin Hyatt,Davis Allen,9497,10214,178,232,-54,3.5,50.8,-47.3
2025,WR,TE,WR_vs_TE,Jalin Hyatt,Harrison Bryant,9497,6850,178,222,-44,3.5,1.7,1.8
2025,WR,TE,WR_vs_TE,Jalin Hyatt,Jelani Woods,9497,8219,178,204,-26,3.5,0.9,2.6
2025,WR,TE,WR_vs_TE,Allen Lazard,Austin Hooper,5185,3202,177,350,-173,13,47.8,-34.8
2025,WR,TE,WR_vs_TE,Allen Lazard,Charlie Kolar,5185,8127,177,331,-154,13,31.2,-18.2
2025,WR,TE,WR_vs_TE,Allen Lazard,Luke Schoonmaker,5185,10871,177,297,-120,13,18.5,-5.5
2025,WR,TE,WR_vs_TE,Allen Lazard,Tommy Tremble,5185,7694,177,293,-116,13,39.1,-26.1
2025,WR,TE,WR_vs_TE,Allen Lazard,Greg Dulcich,5185,8172,177,286,-109,13,45.2,-32.2
2025,WR,TE,WR_vs_TE,Allen Lazard,Daniel Bellinger,5185,8225,177,281,-104,13,39.3,-26.3
2025,WR,TE,WR_vs_TE,Allen Lazard,Jared Wiley,5185,11595,177,267,-90,13,0.9,12.1
2025,WR,TE,WR_vs_TE,Allen Lazard,Jeremy Ruckert,5185,8145,177,248,-71,13,35.4,-22.4
2025,WR,TE,WR_vs_TE,Allen Lazard,Davis Allen,5185,10214,177,232,-55,13,50.8,-37.8
2025,WR,TE,WR_vs_TE,Allen Lazard,Harrison Bryant,5185,6850,177,222,-45,13,1.7,11.3
2025,WR,TE,WR_vs_TE,Allen Lazard,Jelani Woods,5185,8219,177,204,-27,13,0.9,12.1
2025,WR,TE,WR_vs_TE,Van Jefferson,Austin Hooper,6853,3202,167,350,-183,41,47.8,-6.8
2025,WR,TE,WR_vs_TE,Van Jefferson,Charlie Kolar,6853,8127,167,331,-164,41,31.2,9.8
2025,WR,TE,WR_vs_TE,Van Jefferson,Luke Schoonmaker,6853,10871,167,297,-130,41,18.5,22.5
2025,WR,TE,WR_vs_TE,Van Jefferson,Tommy Tremble,6853,7694,167,293,-126,41,39.1,1.9
2025,WR,TE,WR_vs_TE,Van Jefferson,Greg Dulcich,6853,8172,167,286,-119,41,45.2,-4.2
2025,WR,TE,WR_vs_TE,Van Jefferson,Daniel Bellinger,6853,8225,167,281,-114,41,39.3,1.7
2025,WR,TE,WR_vs_TE,Van Jefferson,Jared Wiley,6853,11595,167,267,-100,41,0.9,40.1
2025,WR,TE,WR_vs_TE,Van Jefferson,Jeremy Ruckert,6853,8145,167,248,-81,41,35.4,5.6
2025,WR,TE,WR_vs_TE,Van Jefferson,Davis Allen,6853,10214,167,232,-65,41,50.8,-9.8
2025,WR,TE,WR_vs_TE,Van Jefferson,Harrison Bryant,6853,6850,167,222,-55,41,1.7,39.3
2025,WR,TE,WR_vs_TE,Van Jefferson,Jelani Woods,6853,8219,167,204,-37,41,0.9,40.1
2025,WR,TE,WR_vs_TE,Zay Jones,Austin Hooper,4080,3202,166,350,-184,18.3,47.8,-29.5
2025,WR,TE,WR_vs_TE,Zay Jones,Charlie Kolar,4080,8127,166,331,-165,18.3,31.2,-12.9
2025,WR,TE,WR_vs_TE,Zay Jones,Luke Schoonmaker,4080,10871,166,297,-131,18.3,18.5,-0.2
2025,WR,TE,WR_vs_TE,Zay Jones,Tommy Tremble,4080,7694,166,293,-127,18.3,39.1,-20.8
2025,WR,TE,WR_vs_TE,Zay Jones,Greg Dulcich,4080,8172,166,286,-120,18.3,45.2,-26.9
2025,WR,TE,WR_vs_TE,Zay Jones,Daniel Bellinger,4080,8225,166,281,-115,18.3,39.3,-21
2025,WR,TE,WR_vs_TE,Zay Jones,Jared Wiley,4080,11595,166,267,-101,18.3,0.9,17.4
2025,WR,TE,WR_vs_TE,Zay Jones,Jeremy Ruckert,4080,8145,166,248,-82,18.3,35.4,-17.1
2025,WR,TE,WR_vs_TE,Zay Jones,Davis Allen,4080,10214,166,232,-66,18.3,50.8,-32.5
2025,WR,TE,WR_vs_TE,Zay Jones,Harrison Bryant,4080,6850,166,222,-56,18.3,1.7,16.6
2025,WR,TE,WR_vs_TE,Zay Jones,Jelani Woods,4080,8219,166,204,-38,18.3,0.9,17.4
2025,WR,TE,WR_vs_TE,Parker Washington,Austin Hooper,9487,3202,165,350,-185,112,47.8,64.2
2025,WR,TE,WR_vs_TE,Parker Washington,Charlie Kolar,9487,8127,165,331,-166,112,31.2,80.8
2025,WR,TE,WR_vs_TE,Parker Washington,Luke Schoonmaker,9487,10871,165,297,-132,112,18.5,93.5
2025,WR,TE,WR_vs_TE,Parker Washington,Tommy Tremble,9487,7694,165,293,-128,112,39.1,72.9
2025,WR,TE,WR_vs_TE,Parker Washington,Greg Dulcich,9487,8172,165,286,-121,112,45.2,66.8
2025,WR,TE,WR_vs_TE,Parker Washington,Daniel Bellinger,9487,8225,165,281,-116,112,39.3,72.7
2025,WR,TE,WR_vs_TE,Parker Washington,Jared Wiley,9487,11595,165,267,-102,112,0.9,111.1
2025,WR,TE,WR_vs_TE,Parker Washington,Jeremy Ruckert,9487,8145,165,248,-83,112,35.4,76.6
2025,WR,TE,WR_vs_TE,Parker Washington,Davis Allen,9487,10214,165,232,-67,112,50.8,61.2
2025,WR,TE,WR_vs_TE,Parker Washington,Harrison Bryant,9487,6850,165,222,-57,112,1.7,110.3
2025,WR,TE,WR_vs_TE,Parker Washington,Jelani Woods,9487,8219,165,204,-39,112,0.9,111.1
2025,WR,TE,WR_vs_TE,Jake Bobo,Austin Hooper,10867,3202,160,350,-190,2,47.8,-45.8
2025,WR,TE,WR_vs_TE,Jake Bobo,Charlie Kolar,10867,8127,160,331,-171,2,31.2,-29.2
2025,WR,TE,WR_vs_TE,Jake Bobo,Luke Schoonmaker,10867,10871,160,297,-137,2,18.5,-16.5
2025,WR,TE,WR_vs_TE,Jake Bobo,Tommy Tremble,10867,7694,160,293,-133,2,39.1,-37.1
2025,WR,TE,WR_vs_TE,Jake Bobo,Greg Dulcich,10867,8172,160,286,-126,2,45.2,-43.2
2025,WR,TE,WR_vs_TE,Jake Bobo,Daniel Bellinger,10867,8225,160,281,-121,2,39.3,-37.3
2025,WR,TE,WR_vs_TE,Jake Bobo,Jared Wiley,10867,11595,160,267,-107,2,0.9,1.1
2025,WR,TE,WR_vs_TE,Jake Bobo,Jeremy Ruckert,10867,8145,160,248,-88,2,35.4,-33.4
2025,WR,TE,WR_vs_TE,Jake Bobo,Davis Allen,10867,10214,160,232,-72,2,50.8,-48.8
2025,WR,TE,WR_vs_TE,Jake Bobo,Harrison Bryant,10867,6850,160,222,-62,2,1.7,0.3
2025,WR,TE,WR_vs_TE,Jake Bobo,Jelani Woods,10867,8219,160,204,-44,2,0.9,1.1
