year,ktc_snapshot_date,name,position,team,ktc_value,ktc_pos_rank,adp_stack_rank,adp_eff_rank,bb_avg_adp,adp_avg,competitor_adjusted_value,redraft_value_index,rebuilder_adjusted_value,rebuild_value_index,adp_synthetic,adp_source
2020,2020-09-10,Christian McCaffrey,RB,,9999,1,1,1.0,1.0,1.0,9377,0.9378,10385,1.0386,,hwang_adjusted_positional_adp_2020
2020,2020-09-10,Lamar Jackson,QB,,9999,1,1,1.0,23.0,23.0,9997,0.9998,10000,1.0001,,hwang_adjusted_positional_adp_2020
2020,2020-09-10,Patrick Mahomes,QB,,9999,2,2,1.61,23.5,23.5,9969,0.997,10018,1.0019,,hwang_adjusted_positional_adp_2020
2020,2020-09-10,Saquon Barkley,RB,,9983,2,2,2.0,2.0,2.0,8862,0.8877,10678,1.0696,,hwang_adjusted_positional_adp_2020
2020,2020-09-10,Michael Thomas,WR,,9111,1,1,1.0,6.0,6.0,9345,1.0257,8958,0.9832,,hwang_adjusted_positional_adp_2020
2020,2020-09-10,George Kittle,TE,,8944,1,2,1.73,22.5,22.5,7615,0.8514,9766,1.0919,,hwang_adjusted_positional_adp_2020
2020,2020-09-10,Ezekiel Elliott,RB,,8928,3,3,2.95,3.0,3.0,8014,0.8976,9495,1.0635,,hwang_adjusted_positional_adp_2020
2020,2020-09-10,Deshaun Watson,QB,,8387,3,6,5.72,70.5,70.5,7712,0.9195,8836,1.0535,,hwang_adjusted_positional_adp_2020
2020,2020-09-10,Clyde Edwards-Helaire,RB,,8361,4,7,6.82,8.0,7.0,6974,0.8341,9168,1.0965,,hwang_adjusted_positional_adp_2020
2020,2020-09-10,Alvin Kamara,RB,,8350,5,5,4.88,4.0,5.0,7325,0.8772,8986,1.0762,,hwang_adjusted_positional_adp_2020
2020,2020-09-10,Kyler Murray,QB,,8293,4,4,4.08,64.5,64.5,8319,1.0031,8276,0.998,,hwang_adjusted_positional_adp_2020
2020,2020-09-10,Tyreek Hill,WR,,8291,2,3,3.17,15.5,15.5,7982,0.9627,8486,1.0235,,hwang_adjusted_positional_adp_2020
2020,2020-09-10,Josh Jacobs,RB,,8154,6,10,9.76,12.5,12.5,6512,0.7986,9064,1.1116,,hwang_adjusted_positional_adp_2020
2020,2020-09-10,Joe Mixon,RB,,8139,7,9,9.31,9.0,12.1,6528,0.8021,9088,1.1166,,hwang_adjusted_positional_adp_2020
2020,2020-09-10,Dak Prescott,QB,,8103,5,3,3.31,60.0,60.0,8740,1.0786,7684,0.9483,,hwang_adjusted_positional_adp_2020
2020,2020-09-10,Davante Adams,WR,,8092,3,2,1.98,10.5,10.5,8593,1.0619,7763,0.9593,,hwang_adjusted_positional_adp_2020
2020,2020-09-10,Dalvin Cook,RB,,8043,8,6,6.12,5.0,6.3,7097,0.8824,8630,1.073,,hwang_adjusted_positional_adp_2020
2020,2020-09-10,Chris Godwin,WR,,7968,4,6,6.11,22.5,22.5,7175,0.9005,8454,1.061,,hwang_adjusted_positional_adp_2020
2020,2020-09-10,Travis Kelce,TE,,7956,2,1,1.0,18.5,18.5,8399,1.0557,7665,0.9634,,hwang_adjusted_positional_adp_2020
2020,2020-09-10,DeAndre Hopkins,WR,,7881,5,4,4.06,17.5,17.5,7787,0.9881,7939,1.0074,,hwang_adjusted_positional_adp_2020
2020,2020-09-10,Russell Wilson,QB,,7702,6,5,5.0,67.5,67.5,8088,1.0501,7449,0.9672,,hwang_adjusted_positional_adp_2020
2020,2020-09-10,Miles Sanders,RB,,7635,9,8,7.9,10.5,8.9,6812,0.8922,8146,1.0669,,hwang_adjusted_positional_adp_2020
2020,2020-09-10,Nick Chubb,RB,,7602,10,12,11.87,15.5,14.4,6243,0.8212,8414,1.1068,,hwang_adjusted_positional_adp_2020
2020,2020-09-10,D.J. Moore,WR,,7481,6,14,13.6,28.0,38.0,6002,0.8023,8307,1.1104,,hwang_adjusted_positional_adp_2020
2020,2020-09-10,Jonathan Taylor,RB,,7429,11,20,19.75,33.0,33.0,4353,0.5859,8925,1.2014,,hwang_adjusted_positional_adp_2020
2020,2020-09-10,Derrick Henry,RB,,7410,12,4,4.12,7.0,4.3,7478,1.0092,7361,0.9934,,hwang_adjusted_positional_adp_2020
2020,2020-09-10,Mike Evans,WR,,7236,7,8,8.07,28.0,28.0,6862,0.9483,7466,1.0318,,hwang_adjusted_positional_adp_2020
2020,2020-09-10,Mark Andrews,TE,,7197,3,3,3.22,43.5,43.5,6363,0.8841,7714,1.0718,,hwang_adjusted_positional_adp_2020
2020,2020-09-10,A.J. Brown,WR,,7189,8,16,16.13,41.5,40.5,5841,0.8125,7919,1.1015,,hwang_adjusted_positional_adp_2020
2020,2020-09-10,Joe Burrow,QB,,7135,7,19,19.29,144.5,144.5,4276,0.5993,8871,1.2433,,hwang_adjusted_positional_adp_2020
2020,2020-09-10,J.K. Dobbins,RB,,6916,13,29,29.22,67.0,67.0,2527,0.3654,8981,1.2986,,hwang_adjusted_positional_adp_2020
2020,2020-09-10,Austin Ekeler,RB,,6777,14,14,13.69,14.5,16.5,5859,0.8645,7346,1.084,,hwang_adjusted_positional_adp_2020
2020,2020-09-10,Terry McLaurin,WR,,6666,9,25,24.87,55.0,61.0,5017,0.7526,7588,1.1383,,hwang_adjusted_positional_adp_2020
2020,2020-09-10,JuJu Smith-Schuster,WR,,6552,10,10,9.6,38.0,30.5,6451,0.9846,6615,1.0096,,hwang_adjusted_positional_adp_2020
2020,2020-09-10,Calvin Ridley,WR,,6502,11,18,17.78,41.5,41.5,5684,0.8742,6932,1.0661,,hwang_adjusted_positional_adp_2020
2020,2020-09-10,DK Metcalf,WR,,6491,12,17,16.76,48.0,40.7,5787,0.8915,6873,1.0589,,hwang_adjusted_positional_adp_2020
2020,2020-09-10,Amari Cooper,WR,,6427,13,11,11.18,40.5,35.7,6207,0.9658,6563,1.0212,,hwang_adjusted_positional_adp_2020
2020,2020-09-10,D.J. Chark,WR,,6403,14,20,20.31,52.5,52.5,5325,0.8316,6970,1.0886,,hwang_adjusted_positional_adp_2020
2020,2020-09-10,CeeDee Lamb,WR,,6343,15,39,39.23,100.5,98.8,3553,0.5601,7744,1.2209,,hwang_adjusted_positional_adp_2020
2020,2020-09-10,Courtland Sutton,WR,,6306,16,21,20.84,49.0,53.6,5278,0.837,6870,1.0894,,hwang_adjusted_positional_adp_2020
2020,2020-09-10,Josh Allen,QB,,6306,8,8,7.73,89.0,89.0,6668,1.0574,6069,0.9624,,hwang_adjusted_positional_adp_2020
2020,2020-09-10,Odell Beckham,WR,,6231,17,12,12.3,34.0,37.7,6106,0.9799,6309,1.0125,,hwang_adjusted_positional_adp_2020
2020,2020-09-10,Aaron Jones,RB,,6225,15,11,11.27,17.0,14.1,6328,1.0165,6156,0.9889,,hwang_adjusted_positional_adp_2020
2020,2020-09-10,D'Andre Swift,RB,,6184,16,30,29.86,59.5,70.8,2483,0.4015,7977,1.2899,,hwang_adjusted_positional_adp_2020
2020,2020-09-10,Jerry Jeudy,WR,,6177,18,41,40.6,113.5,100.5,3400,0.5504,7483,1.2114,,hwang_adjusted_positional_adp_2020
2020,2020-09-10,Cooper Kupp,WR,,6083,19,9,9.4,38.0,30.5,6473,1.0641,5792,0.9522,,hwang_adjusted_positional_adp_2020
2020,2020-09-10,Tua Tagovailoa,QB,,6005,9,31,30.64,240.5,240.5,1402,0.2335,9035,1.5046,,hwang_adjusted_positional_adp_2020
2020,2020-09-10,Zach Ertz,TE,,5840,4,4,3.84,49.5,49.5,5870,1.0051,5820,0.9966,,hwang_adjusted_positional_adp_2020
2020,2020-09-10,Daniel Jones,QB,,5783,10,14,13.97,119.0,119.0,5103,0.8824,6228,1.0769,,hwang_adjusted_positional_adp_2020
2020,2020-09-10,Robert Woods,WR,,5731,20,19,18.8,46.5,44.2,5547,0.9679,5845,1.0199,,hwang_adjusted_positional_adp_2020
2020,2020-09-10,Darren Waller,TE,,5698,5,5,4.99,63.5,63.5,5407,0.9489,5879,1.0318,,hwang_adjusted_positional_adp_2020
2020,2020-09-10,Keenan Allen,WR,,5669,21,24,23.9,55.5,60.0,5073,0.8949,6012,1.0605,,hwang_adjusted_positional_adp_2020
2020,2020-09-10,Cam Akers,RB,,5647,17,24,23.68,49.5,50.0,3630,0.6428,6731,1.192,,hwang_adjusted_positional_adp_2020
2020,2020-09-10,Tyler Lockett,WR,,5471,22,23,23.28,57.0,59.4,5092,0.9307,5702,1.0422,,hwang_adjusted_positional_adp_2020
2020,2020-09-10,Marquise Brown,WR,,5450,23,27,26.98,63.5,64.2,4860,0.8917,5776,1.0598,,hwang_adjusted_positional_adp_2020
2020,2020-09-10,Adam Thielen,WR,,5439,24,13,13.4,38.0,38.0,6006,1.1042,5005,0.9202,,hwang_adjusted_positional_adp_2020
2020,2020-09-10,Baker Mayfield,QB,,5369,11,17,17.4,132.5,132.5,4553,0.848,5955,1.1091,,hwang_adjusted_positional_adp_2020
2020,2020-09-10,Stefon Diggs,WR,,5350,25,22,21.94,65.5,56.1,5173,0.9669,5460,1.0206,,hwang_adjusted_positional_adp_2020
2020,2020-09-10,Deebo Samuel,WR,,5313,26,38,38.01,90.0,92.4,3685,0.6936,6127,1.1532,,hwang_adjusted_positional_adp_2020
2020,2020-09-10,Matthew Stafford,QB,,5259,12,12,12.08,107.5,107.5,5459,1.038,5128,0.9751,,hwang_adjusted_positional_adp_2020
2020,2020-09-10,Michael Gallup,WR,,5210,27,31,31.05,71.5,74.3,4314,0.828,5724,1.0987,,hwang_adjusted_positional_adp_2020
2020,2020-09-10,Jared Goff,QB,,5121,13,15,15.36,127.5,127.5,4954,0.9674,5231,1.0215,,hwang_adjusted_positional_adp_2020
2020,2020-09-10,Evan Engram,TE,,5091,6,6,6.05,78.5,78.5,4947,0.9717,5180,1.0175,,hwang_adjusted_positional_adp_2020
2020,2020-09-10,Drew Lock,QB,,5000,14,24,24.0,166.0,166.0,2794,0.5588,6413,1.2826,,hwang_adjusted_positional_adp_2020
2020,2020-09-10,Justin Jefferson,WR,,4975,28,49,58.98,137.5,122.2,1544,0.3104,6882,1.3833,,hwang_adjusted_positional_adp_2020
2020,2020-09-10,Aaron Rodgers,QB,,4972,15,13,12.88,111.5,111.5,5283,1.0626,4767,0.9588,,hwang_adjusted_positional_adp_2020
2020,2020-09-10,Noah Fant,TE,,4966,7,12,12.13,117.0,117.0,3622,0.7294,5732,1.1542,,hwang_adjusted_positional_adp_2020
2020,2020-09-10,T.J. Hockenson,TE,,4886,8,15,15.23,130.0,130.0,3114,0.6373,5860,1.1993,,hwang_adjusted_positional_adp_2020
2020,2020-09-10,Tyler Boyd,WR,,4884,29,34,33.6,69.5,76.5,4114,0.8423,5326,1.0905,,hwang_adjusted_positional_adp_2020
2020,2020-09-10,DeVante Parker,WR,,4849,30,26,26.1,63.0,63.0,4943,1.0194,4786,0.987,,hwang_adjusted_positional_adp_2020
2020,2020-09-10,Kareem Hunt,RB,,4787,18,28,27.64,54.0,54.0,2845,0.5943,5873,1.2269,,hwang_adjusted_positional_adp_2020
2020,2020-09-10,James Conner,RB,,4784,19,18,18.32,27.5,32.0,4485,0.9375,4969,1.0387,,hwang_adjusted_positional_adp_2020
2020,2020-09-10,Hunter Henry,TE,,4716,9,9,8.78,95.5,95.5,4303,0.9124,4972,1.0543,,hwang_adjusted_positional_adp_2020
2020,2020-09-10,David Montgomery,RB,,4649,20,27,26.84,60.5,53.3,3034,0.6526,5562,1.1964,,hwang_adjusted_positional_adp_2020
2020,2020-09-10,Devin Singletary,RB,,4588,21,25,24.84,50.0,50.9,3435,0.7487,5270,1.1486,,hwang_adjusted_positional_adp_2020
2020,2020-09-10,Sam Darnold,QB,,4560,16,28,27.81,189.0,189.0,1821,0.3993,6390,1.4013,,hwang_adjusted_positional_adp_2020
2020,2020-09-10,Kirk Cousins,QB,,4448,17,23,22.6,162.0,162.0,3334,0.7496,5177,1.1639,,hwang_adjusted_positional_adp_2020
2020,2020-09-10,Diontae Johnson,WR,,4431,31,40,40.4,85.5,100.5,3417,0.7712,5013,1.1313,,hwang_adjusted_positional_adp_2020
2020,2020-09-10,Antonio Gibson,RB,,4360,22,33,33.4,82.5,84.0,2184,0.5009,5559,1.275,,hwang_adjusted_positional_adp_2020
2020,2020-09-10,Dallas Goedert,TE,,4344,10,16,16.04,132.5,132.5,2814,0.6478,5216,1.2007,,hwang_adjusted_positional_adp_2020
2020,2020-09-10,Michael Pittman,WR,,4257,32,56,67.95,159.5,148.0,1214,0.2852,6105,1.4341,,hwang_adjusted_positional_adp_2020
2020,2020-09-10,Brandon Aiyuk,WR,,4234,33,57,70.03,154.5,148.8,2276,0.5376,5376,1.2697,,hwang_adjusted_positional_adp_2020
2020,2020-09-10,Mike Gesicki,TE,,4233,11,14,13.75,121.0,121.0,3257,0.7694,4817,1.138,,hwang_adjusted_positional_adp_2020
2020,2020-09-10,Tee Higgins,WR,,4138,34,70,83.57,218.0,204.5,1739,0.4203,5577,1.3478,,hwang_adjusted_positional_adp_2020
2020,2020-09-10,Christian Kirk,WR,,4134,35,35,35.4,93.0,85.5,3992,0.9657,4222,1.0213,,hwang_adjusted_positional_adp_2020
2020,2020-09-10,Jimmy Garoppolo,QB,,4131,18,21,20.99,154.0,154.0,3946,0.9552,4266,1.0327,,hwang_adjusted_positional_adp_2020
2020,2020-09-10,Ryan Tannehill,QB,,4121,19,20,19.77,146.5,146.5,4216,1.0231,4060,0.9852,,hwang_adjusted_positional_adp_2020
2020,2020-09-10,Justin Herbert,QB,,4085,20,34,31.48,289.0,289.0,1287,0.3151,5874,1.4379,,hwang_adjusted_positional_adp_2020
2020,2020-09-10,Darius Slayton,WR,,4008,36,44,44.4,102.0,102.0,2920,0.7285,4662,1.1632,,hwang_adjusted_positional_adp_2020
2020,2020-09-10,Hayden Hurst,TE,,3964,12,8,7.96,92.5,92.5,4476,1.1292,3620,0.9132,,hwang_adjusted_positional_adp_2020
2020,2020-09-10,Zack Moss,RB,,3952,23,40,51.64,85.0,93.0,2163,0.5473,4930,1.2475,,hwang_adjusted_positional_adp_2020
2020,2020-09-10,Brandin Cooks,WR,,3854,37,37,36.63,88.0,85.8,3860,1.0016,3850,0.999,,hwang_adjusted_positional_adp_2020
2020,2020-09-10,Gardner Minshew,QB,,3847,21,22,22.4,162.0,162.0,3408,0.8859,4121,1.0712,,hwang_adjusted_positional_adp_2020
2020,2020-09-10,Mecole Hardman,WR,,3710,38,42,41.6,113.5,100.5,3204,0.8636,4022,1.0841,,hwang_adjusted_positional_adp_2020
2020,2020-09-10,Denzel Mims,WR,,3621,39,66,80.95,215.5,197.7,1802,0.4977,4714,1.3019,,hwang_adjusted_positional_adp_2020
2020,2020-09-10,Raheem Mostert,RB,,3542,24,23,23.3,49.0,49.9,3725,1.0517,3422,0.9661,,hwang_adjusted_positional_adp_2020
2020,2020-09-10,Austin Hooper,TE,,3445,13,13,13.0,119.0,119.0,3327,0.9657,3518,1.0212,,hwang_adjusted_positional_adp_2020
2020,2020-09-10,Tyler Higbee,TE,,3394,14,7,7.26,90.0,90.0,4558,1.343,2579,0.7599,,hwang_adjusted_positional_adp_2020
2020,2020-09-10,Mike Williams,WR,,3377,40,43,43.19,146.5,101.6,3032,0.8978,3597,1.0651,,hwang_adjusted_positional_adp_2020
2020,2020-09-10,Jonnu Smith,TE,,3366,15,17,16.8,134.5,134.5,2443,0.7258,3934,1.1687,,hwang_adjusted_positional_adp_2020
2020,2020-09-10,Alexander Mattison,RB,,3321,25,46,58.76,115.5,119.8,1816,0.5468,4338,1.3062,,hwang_adjusted_positional_adp_2020
2020,2020-09-10,Laviska Shenault,WR,,3247,41,74,83.61,189.5,213.9,1738,0.5353,4295,1.3228,,hwang_adjusted_positional_adp_2020
2020,2020-09-10,Derek Carr,QB,,3192,22,27,26.78,179.0,179.0,2039,0.6388,3965,1.2422,,hwang_adjusted_positional_adp_2020
2020,2020-09-10,AJ Dillon,RB,,3131,26,52,58.82,155.5,148.3,1815,0.5797,4119,1.3156,,hwang_adjusted_positional_adp_2020
2020,2020-09-10,Curtis Samuel,WR,,2759,42,54,66.75,156.5,148.0,1273,0.4614,3963,1.4364,,hwang_adjusted_positional_adp_2020
2020,2020-09-10,Parris Campbell,WR,,2716,43,72,83.59,168.5,207.8,1739,0.6403,3632,1.3373,,hwang_adjusted_positional_adp_2020
2020,2020-09-10,Irv Smith,TE,,2656,16,23,29.77,176.5,176.5,1069,0.4025,3748,1.4111,,hwang_adjusted_positional_adp_2020
2020,2020-09-10,Chase Claypool,WR,,2589,44,84,84.48,234.5,245.5,1739,0.6717,3465,1.3384,,hwang_adjusted_positional_adp_2020
2020,2020-09-10,Jordan Love,QB,,2545,23,42,42.0,,,1215,0.4774,3744,1.4711,1,hwang_adjusted_positional_adp_2020
2020,2020-09-10,Tony Pollard,RB,,2512,27,49,58.79,127.0,131.8,1815,0.7225,3361,1.338,,hwang_adjusted_positional_adp_2020
2020,2020-09-10,Van Jefferson,WR,,2374,45,85,84.49,258.0,247.0,1739,0.7325,3216,1.3547,,hwang_adjusted_positional_adp_2020
2020,2020-09-10,Chase Edmonds,RB,,2154,28,47,58.77,122.5,127.2,1816,0.8431,2909,1.3505,,hwang_adjusted_positional_adp_2020
2020,2020-09-10,Jalen Hurts,QB,,2144,24,40,36.29,386.0,386.0,1733,0.8083,2760,1.2873,,hwang_adjusted_positional_adp_2020
2020,2020-09-10,KJ Hamler,WR,,2048,46,100,99.94,287.0,275.3,1406,0.6865,3033,1.481,,hwang_adjusted_positional_adp_2020
2020,2020-09-10,Jameis Winston,QB,,2031,25,35,31.86,300.0,300.0,1258,0.6194,2694,1.3264,,hwang_adjusted_positional_adp_2020
2020,2020-09-10,Hunter Renfrow,WR,,1844,47,71,83.58,181.0,205.0,1739,0.9431,2510,1.3612,,hwang_adjusted_positional_adp_2020
2020,2020-09-10,Cole Kmet,TE,,1806,17,47,47.08,338.0,338.0,1234,0.6833,2637,1.4601,,hwang_adjusted_positional_adp_2020
2020,2020-09-10,Ke'Shawn Vaughn,RB,,1802,29,61,61.1,185.0,192.3,1783,0.9895,2476,1.374,,hwang_adjusted_positional_adp_2020
2020,2020-09-10,Dawson Knox,TE,,1795,18,27,35.26,224.5,224.5,1663,0.9265,2242,1.249,,hwang_adjusted_positional_adp_2020
2020,2020-09-10,Allen Lazard,WR,,1736,48,63,77.52,163.5,167.6,1952,1.1244,2218,1.2776,,hwang_adjusted_positional_adp_2020
2020,2020-09-10,James Robinson,RB,,1707,30,78,78.21,201.0,247.2,1294,0.7581,2692,1.577,,hwang_adjusted_positional_adp_2020
2020,2020-09-10,Ian Thomas,TE,,1644,19,22,28.57,172.5,172.5,1119,0.6807,2207,1.3425,,hwang_adjusted_positional_adp_2020
2020,2020-09-10,Rashaad Penny,RB,,1586,31,74,74.37,255.0,234.8,1455,0.9174,2427,1.5303,,hwang_adjusted_positional_adp_2020
2020,2020-09-10,Nyheim Hines,RB,,1434,32,118,118.0,,,539,0.3759,2771,1.9324,1,hwang_adjusted_positional_adp_2020
2020,2020-09-10,Tyrod Taylor,QB,,1376,26,29,29.06,218.0,218.0,1621,1.1781,1281,0.931,,hwang_adjusted_positional_adp_2020
2020,2020-09-10,Devin Duvernay,WR,,1268,49,104,103.98,293.0,293.0,1275,1.0055,2141,1.6885,,hwang_adjusted_positional_adp_2020
2020,2020-09-10,Boston Scott,RB,,1262,33,45,58.07,117.5,117.5,1828,1.4485,1678,1.3296,,hwang_adjusted_positional_adp_2020
2020,2020-09-10,Joshua Kelley,RB,,1248,34,60,59.61,175.0,184.6,1801,1.4431,1654,1.3253,,hwang_adjusted_positional_adp_2020
2020,2020-09-10,David Njoku,TE,,1220,20,36,39.2,274.0,274.0,1517,1.2434,1518,1.2443,,hwang_adjusted_positional_adp_2020
2020,2020-09-10,Gerald Everett,TE,,1191,21,29,38.55,233.5,233.5,1542,1.2947,1404,1.1788,,hwang_adjusted_positional_adp_2020
2020,2020-09-10,Will Dissly,TE,,908,22,31,39.15,242.0,242.0,1520,1.674,1023,1.1267,,hwang_adjusted_positional_adp_2020
2020,2020-09-10,Mitchell Trubisky,QB,,866,27,32,31.46,262.0,262.0,1288,1.4873,745,0.8603,,hwang_adjusted_positional_adp_2020
2020,2020-09-10,Josh Reynolds,WR,,865,50,77,83.64,231.0,220.6,1738,2.0092,1265,1.4624,,hwang_adjusted_positional_adp_2020
2020,2020-09-10,Jerick McKinnon,RB,,837,35,67,66.6,191.5,203.5,1605,1.9176,1334,1.5938,,hwang_adjusted_positional_adp_2020
2020,2020-09-10,Eno Benjamin,RB,,830,36,81,81.3,278.0,254.9,1249,1.5048,1576,1.8988,,hwang_adjusted_positional_adp_2020
2020,2020-09-10,DeeJay Dallas,RB,,817,37,80,79.94,270.0,254.2,1253,1.5337,1525,1.8666,,hwang_adjusted_positional_adp_2020
2020,2020-09-10,Tyler Johnson,WR,,748,51,127,126.9,374.0,374.0,904,1.2086,1742,2.3289,,hwang_adjusted_positional_adp_2020
2020,2020-09-10,Harrison Bryant,TE,,718,23,54,55.48,360.0,360.0,1048,1.4596,1206,1.6797,,hwang_adjusted_positional_adp_2020
2020,2020-09-10,Jarrett Stidham,QB,,693,28,36,33.01,328.0,328.0,2111,3.0462,0,0.0,,hwang_adjusted_positional_adp_2020
2020,2020-09-10,Demarcus Robinson,WR,,647,52,101,100.69,286.0,275.7,1343,2.0757,1269,1.9614,,hwang_adjusted_positional_adp_2020
2020,2020-09-10,Justice Hill,RB,,646,38,85,84.6,257.0,261.0,1169,1.8096,1364,2.1115,,hwang_adjusted_positional_adp_2020
2020,2020-09-10,Adam Trautman,TE,,618,24,46,46.27,335.0,335.0,1252,2.0259,853,1.3803,,hwang_adjusted_positional_adp_2020
2020,2020-09-10,Kendrick Bourne,WR,,602,53,67,82.12,242.0,200.6,1763,2.9286,841,1.397,,hwang_adjusted_positional_adp_2020
2020,2020-09-10,Jacoby Brissett,QB,,594,29,37,33.72,334.0,334.0,2081,3.5034,0,0.0,,hwang_adjusted_positional_adp_2020
2020,2020-09-10,Donovan Peoples-Jones,WR,,578,54,136,136.0,,,824,1.4256,1504,2.6021,1,hwang_adjusted_positional_adp_2020
2020,2020-09-10,Marquez Valdes-Scantling,WR,,570,55,91,91.09,262.5,258.0,1570,2.7544,946,1.6596,,hwang_adjusted_positional_adp_2020
2020,2020-09-10,Jamaal Williams,RB,,569,39,66,66.4,203.5,203.5,1607,2.8243,866,1.522,,hwang_adjusted_positional_adp_2020
2020,2020-09-10,Marcus Mariota,QB,,537,30,39,35.4,353.0,353.0,1812,3.3743,0,0.0,,hwang_adjusted_positional_adp_2020
2020,2020-09-10,Taysom Hill,TE,,536,25,44,44.13,317.0,317.0,1269,2.3675,654,1.2201,,hwang_adjusted_positional_adp_2020
2020,2020-09-10,Jakobi Meyers,WR,,494,56,136,136.0,,,824,1.668,1342,2.7166,1,hwang_adjusted_positional_adp_2020
2020,2020-09-10,Equanimeous St. Brown,WR,,471,57,118,117.73,352.0,352.0,1000,2.1231,1202,2.552,,hwang_adjusted_positional_adp_2020
2020,2020-09-10,Quez Watkins,WR,,461,58,136,136.0,,,824,1.7874,1258,2.7289,1,hwang_adjusted_positional_adp_2020
2020,2020-09-10,Tre'Quan Smith,WR,,446,59,90,89.9,259.0,252.0,1571,3.5224,683,1.5314,,hwang_adjusted_positional_adp_2020
2020,2020-09-10,Albert Okwuegbunam,TE,,406,26,51,50.69,346.0,346.0,1157,2.8498,611,1.5049,,hwang_adjusted_positional_adp_2020
2020,2020-09-10,Gus Edwards,RB,,399,40,90,89.8,288.0,267.2,1086,2.7218,1075,2.6942,,hwang_adjusted_positional_adp_2020
2020,2020-09-10,Drew Sample,TE,,385,27,60,60.0,,,966,2.5091,685,1.7792,1,hwang_adjusted_positional_adp_2020
2020,2020-09-10,Josh Oliver,TE,,344,28,60,60.0,,,966,2.8081,597,1.7355,1,hwang_adjusted_positional_adp_2020
2020,2020-09-10,Gabriel Davis,WR,,328,60,136,136.0,,,824,2.5122,1053,3.2104,1,hwang_adjusted_positional_adp_2020
2020,2020-09-10,Justin Watson,WR,,313,61,129,129.0,380.0,380.0,898,2.869,1015,3.2428,,hwang_adjusted_positional_adp_2020
2020,2020-09-10,Isaiah Hodgins,WR,,307,62,136,136.0,,,824,2.684,1007,3.2801,1,hwang_adjusted_positional_adp_2020
2020,2020-09-10,Nelson Agholor,WR,,290,63,126,125.6,370.0,371.0,923,3.1828,945,3.2586,,hwang_adjusted_positional_adp_2020
2020,2020-09-10,Trayveon Williams,RB,,274,41,101,100.6,318.0,318.0,713,2.6022,1181,4.3102,,hwang_adjusted_positional_adp_2020
2020,2020-09-10,Foster Moreau,TE,,273,29,56,56.0,363.0,363.0,1042,3.8168,466,1.707,,hwang_adjusted_positional_adp_2020
2020,2020-09-10,David Moore,WR,,272,64,124,123.76,375.0,369.4,951,3.4963,902,3.3162,,hwang_adjusted_positional_adp_2020
2020,2020-09-10,Mo Alie-Cox,TE,,270,30,60,60.0,,,966,3.5778,434,1.6074,1,hwang_adjusted_positional_adp_2020
2020,2020-09-10,Myles Gaskin,RB,,249,42,114,113.87,368.0,368.0,578,2.3213,1236,4.9639,,hwang_adjusted_positional_adp_2020
2020,2020-09-10,Jeffery Wilson,RB,,247,43,118,118.0,,,539,2.1822,1166,4.7206,1,hwang_adjusted_positional_adp_2020
2020,2020-09-10,Zay Jones,WR,,226,65,136,136.0,,,824,3.646,841,3.7212,1,hwang_adjusted_positional_adp_2020
2020,2020-09-10,Nick Mullens,QB,,183,31,42,42.0,,,1215,6.6393,0,0.0,1,hwang_adjusted_positional_adp_2020
2020,2020-09-10,Mason Rudolph,QB,,178,32,42,42.0,,,1215,6.8258,0,0.0,1,hwang_adjusted_positional_adp_2020
2020,2020-09-10,Salvon Ahmed,RB,,170,44,118,118.0,,,539,3.1706,1045,6.1471,1,hwang_adjusted_positional_adp_2020
2020,2020-09-10,Jauan Jennings,WR,,162,66,133,132.87,385.0,385.0,858,5.2963,810,5.0,,hwang_adjusted_positional_adp_2020
2020,2020-09-10,Cordarrelle Patterson,RB,,138,45,94,94.13,309.0,293.8,890,6.4493,767,5.558,,hwang_adjusted_positional_adp_2020
2020,2020-09-10,Braxton Berrios,WR,,130,67,136,136.0,,,824,6.3385,702,5.4,1,hwang_adjusted_positional_adp_2020
2020,2020-09-10,Ty Johnson,RB,,128,46,118,118.0,,,539,4.2109,941,7.3516,1,hwang_adjusted_positional_adp_2020
2020,2020-09-10,Richie James,WR,,62,68,136,136.0,,,824,13.2903,595,9.5968,1,hwang_adjusted_positional_adp_2020
2020,2020-09-10,Tim Patrick,WR,,40,69,136,136.0,,,824,20.6,549,13.725,1,hwang_adjusted_positional_adp_2020
2020,2020-09-10,D'Onta Foreman,RB,,39,47,118,118.0,,,539,13.8205,809,20.7436,1,hwang_adjusted_positional_adp_2020
2021,2021-09-09,Patrick Mahomes,QB,,9999,1,1,1.0,25.5,25.5,9997,0.9998,10000,1.0001,,hwang_adjusted_positional_adp_2021
2021,2021-09-09,Josh Allen,QB,,9924,2,2,2.04,36.5,36.5,9882,0.9958,9948,1.0024,,hwang_adjusted_positional_adp_2021
2021,2021-09-09,Christian McCaffrey,RB,,9608,1,1,1.0,1.0,1.0,9182,0.9557,9856,1.0258,,hwang_adjusted_positional_adp_2021
2021,2021-09-09,Kyler Murray,QB,,8761,3,3,3.04,45.5,45.5,9071,1.0354,8541,0.9749,,hwang_adjusted_positional_adp_2021
2021,2021-09-09,Lamar Jackson,QB,,7994,4,4,4.06,53.0,53.0,8179,1.0231,7863,0.9836,,hwang_adjusted_positional_adp_2021
2021,2021-09-09,Justin Herbert,QB,,7966,5,8,7.83,70.5,70.5,6713,0.8427,8699,1.092,,hwang_adjusted_positional_adp_2021
2021,2021-09-09,Justin Jefferson,WR,,7886,1,8,8.05,22.5,25.0,6641,0.8421,8858,1.1233,,hwang_adjusted_positional_adp_2021
2021,2021-09-09,Dak Prescott,QB,,7435,6,5,4.97,58.5,58.5,8025,1.0794,7016,0.9436,,hwang_adjusted_positional_adp_2021
2021,2021-09-09,Travis Kelce,TE,,7380,1,1,1.0,6.5,6.5,7617,1.0321,7212,0.9772,,hwang_adjusted_positional_adp_2021
2021,2021-09-09,Dalvin Cook,RB,,7347,2,3,2.73,2.0,2.0,7268,0.9892,7394,1.0064,,hwang_adjusted_positional_adp_2021
2021,2021-09-09,Tyreek Hill,WR,,7330,2,2,1.97,10.0,10.0,8117,1.1074,6772,0.9239,,hwang_adjusted_positional_adp_2021
2021,2021-09-09,Alvin Kamara,RB,,7321,3,4,4.0,3.0,3.0,6971,0.9522,7524,1.0277,,hwang_adjusted_positional_adp_2021
2021,2021-09-09,Jonathan Taylor,RB,,7300,4,7,7.11,8.5,8.5,6238,0.8545,7894,1.0814,,hwang_adjusted_positional_adp_2021
2021,2021-09-09,DK Metcalf,WR,,7239,3,4,4.05,20.5,16.7,7281,1.0058,7212,0.9963,,hwang_adjusted_positional_adp_2021
2021,2021-09-09,Kyle Pitts,TE,,7142,2,4,4.31,50.0,50.0,6027,0.8439,7782,1.0896,,hwang_adjusted_positional_adp_2021
2021,2021-09-09,Trevor Lawrence,QB,,7137,7,15,15.08,120.5,120.5,5155,0.7223,8268,1.1585,,hwang_adjusted_positional_adp_2021
2021,2021-09-09,Najee Harris,RB,,7025,5,12,12.3,17.0,14.7,5484,0.7806,7804,1.1109,,hwang_adjusted_positional_adp_2021
2021,2021-09-09,George Kittle,TE,,6990,3,3,2.77,27.5,27.5,6545,0.9363,7249,1.0371,,hwang_adjusted_positional_adp_2021
2021,2021-09-09,A.J. Brown,WR,,6946,4,7,6.89,23.5,21.2,6838,0.9845,7031,1.0122,,hwang_adjusted_positional_adp_2021
2021,2021-09-09,Calvin Ridley,WR,,6943,5,5,5.33,16.5,18.8,7044,1.0145,6871,0.9896,,hwang_adjusted_positional_adp_2021
2021,2021-09-09,Davante Adams,WR,,6929,6,1,1.0,6.5,6.5,8733,1.2604,5602,0.8085,,hwang_adjusted_positional_adp_2021
2021,2021-09-09,CeeDee Lamb,WR,,6907,7,11,10.9,30.0,30.0,5777,0.8364,7556,1.094,,hwang_adjusted_positional_adp_2021
2021,2021-09-09,Saquon Barkley,RB,,6843,6,9,8.6,10.5,10.5,5918,0.8648,7362,1.0758,,hwang_adjusted_positional_adp_2021
2021,2021-09-09,Darren Waller,TE,,6821,4,2,2.17,21.5,21.5,6836,1.0022,6810,0.9984,,hwang_adjusted_positional_adp_2021
2021,2021-09-09,Antonio Gibson,RB,,6789,7,13,12.65,15.0,15.0,5471,0.8059,7448,1.0971,,hwang_adjusted_positional_adp_2021
2021,2021-09-09,Stefon Diggs,WR,,6733,8,3,3.08,14.0,14.0,7568,1.124,6119,0.9088,,hwang_adjusted_positional_adp_2021
2021,2021-09-09,Russell Wilson,QB,,6545,8,6,6.29,65.0,65.0,7327,1.1195,5988,0.9149,,hwang_adjusted_positional_adp_2021
2021,2021-09-09,Justin Fields,QB,,6536,9,17,16.74,126.5,126.5,4986,0.7629,7424,1.1359,,hwang_adjusted_positional_adp_2021
2021,2021-09-09,Trey Lance,QB,,6497,10,18,18.32,136.0,136.0,4783,0.7362,7438,1.1448,,hwang_adjusted_positional_adp_2021
2021,2021-09-09,Nick Chubb,RB,,6441,8,11,10.92,12.5,12.5,5674,0.8809,6858,1.0647,,hwang_adjusted_positional_adp_2021
2021,2021-09-09,Derrick Henry,RB,,6290,9,5,5.0,4.0,4.0,6638,1.0553,6037,0.9598,,hwang_adjusted_positional_adp_2021
2021,2021-09-09,Aaron Jones,RB,,6260,10,10,9.8,11.0,11.0,5839,0.9327,6505,1.0391,,hwang_adjusted_positional_adp_2021
2021,2021-09-09,Terry McLaurin,WR,,6217,9,10,9.8,28.5,28.5,6123,0.9849,6272,1.0088,,hwang_adjusted_positional_adp_2021
2021,2021-09-09,Joe Burrow,QB,,6214,11,13,12.98,103.0,103.0,5388,0.8671,6692,1.0769,,hwang_adjusted_positional_adp_2021
2021,2021-09-09,T.J. Hockenson,TE,,6022,5,6,5.64,54.5,54.5,5336,0.8861,6420,1.0661,,hwang_adjusted_positional_adp_2021
2021,2021-09-09,D'Andre Swift,RB,,6019,11,17,17.25,32.0,35.2,4664,0.7749,6721,1.1166,,hwang_adjusted_positional_adp_2021
2021,2021-09-09,Clyde Edwards-Helaire,RB,,5948,12,15,15.04,24.5,24.5,5198,0.8739,6353,1.0681,,hwang_adjusted_positional_adp_2021
2021,2021-09-09,Zach Wilson,QB,,5928,12,26,26.36,179.5,179.5,3079,0.5194,7514,1.2675,,hwang_adjusted_positional_adp_2021
2021,2021-09-09,Austin Ekeler,RB,,5923,13,8,8.4,10.5,10.5,5944,1.0035,5908,0.9975,,hwang_adjusted_positional_adp_2021
2021,2021-09-09,DeAndre Hopkins,WR,,5898,10,6,5.67,17.5,19.0,6982,1.1838,5108,0.8661,,hwang_adjusted_positional_adp_2021
2021,2021-09-09,Ezekiel Elliott,RB,,5770,14,6,5.78,5.0,5.0,6501,1.1267,5199,0.901,,hwang_adjusted_positional_adp_2021
2021,2021-09-09,Javonte Williams,RB,,5745,15,22,22.07,50.5,47.9,4162,0.7245,6510,1.1332,,hwang_adjusted_positional_adp_2021
2021,2021-09-09,Mark Andrews,TE,,5572,6,5,5.13,53.0,53.0,5519,0.9905,5603,1.0056,,hwang_adjusted_positional_adp_2021
2021,2021-09-09,D.J. Moore,WR,,5548,11,22,21.64,47.5,49.9,4874,0.8785,6035,1.0878,,hwang_adjusted_positional_adp_2021
2021,2021-09-09,Ja'Marr Chase,WR,,5523,12,31,30.67,75.0,70.4,4153,0.7519,6423,1.163,,hwang_adjusted_positional_adp_2021
2021,2021-09-09,Jerry Jeudy,WR,,5513,13,30,29.87,69.5,70.0,4234,0.768,6289,1.1408,,hwang_adjusted_positional_adp_2021
2021,2021-09-09,Chris Godwin,WR,,5499,14,16,15.6,39.5,39.5,5455,0.992,5525,1.0047,,hwang_adjusted_positional_adp_2021
2021,2021-09-09,Joe Mixon,RB,,5465,16,14,13.98,19.5,19.5,5315,0.9726,5552,1.0159,,hwang_adjusted_positional_adp_2021
2021,2021-09-09,Brandon Aiyuk,WR,,5456,15,23,23.3,57.0,57.0,4714,0.864,5905,1.0823,,hwang_adjusted_positional_adp_2021
2021,2021-09-09,Tee Higgins,WR,,5450,16,28,27.6,57.5,69.5,4403,0.8079,6046,1.1094,,hwang_adjusted_positional_adp_2021
2021,2021-09-09,Aaron Rodgers,QB,,5366,13,7,6.75,66.0,66.0,7160,1.3343,4019,0.749,,hwang_adjusted_positional_adp_2021
2021,2021-09-09,Ryan Tannehill,QB,,5362,14,12,11.67,92.5,92.5,5909,1.102,4971,0.9271,,hwang_adjusted_positional_adp_2021
2021,2021-09-09,Keenan Allen,WR,,5229,17,9,9.29,28.0,28.0,6231,1.1916,4455,0.852,,hwang_adjusted_positional_adp_2021
2021,2021-09-09,Matthew Stafford,QB,,5214,15,10,10.2,89.0,89.0,6292,1.2068,4423,0.8483,,hwang_adjusted_positional_adp_2021
2021,2021-09-09,Amari Cooper,WR,,5187,18,15,15.4,38.5,39.5,5471,1.0548,4983,0.9607,,hwang_adjusted_positional_adp_2021
2021,2021-09-09,Mac Jones,QB,,5168,16,29,28.86,195.5,195.5,2061,0.3988,6943,1.3435,,hwang_adjusted_positional_adp_2021
2021,2021-09-09,Tua Tagovailoa,QB,,5065,17,20,20.0,143.0,143.0,4263,0.8417,5524,1.0906,,hwang_adjusted_positional_adp_2021
2021,2021-09-09,Chase Claypool,WR,,5033,19,24,23.66,64.0,58.0,4702,0.9342,5220,1.0372,,hwang_adjusted_positional_adp_2021
2021,2021-09-09,David Montgomery,RB,,5028,17,16,15.9,28.5,28.5,5025,0.9994,5030,1.0004,,hwang_adjusted_positional_adp_2021
2021,2021-09-09,Baker Mayfield,QB,,4980,18,19,18.71,137.0,137.0,4696,0.943,5145,1.0331,,hwang_adjusted_positional_adp_2021
2021,2021-09-09,Mike Evans,WR,,4933,20,12,12.1,37.5,32.5,5650,1.1453,4377,0.8873,,hwang_adjusted_positional_adp_2021
2021,2021-09-09,DeVonta Smith,WR,,4902,21,33,32.94,83.5,78.0,4007,0.8174,5412,1.104,,hwang_adjusted_positional_adp_2021
2021,2021-09-09,Jaylen Waddle,WR,,4878,22,46,46.0,111.0,111.0,3250,0.6663,5820,1.1931,,hwang_adjusted_positional_adp_2021
2021,2021-09-09,Jalen Hurts,QB,,4760,19,11,11.17,91.5,91.5,6057,1.2725,3756,0.7891,,hwang_adjusted_positional_adp_2021
2021,2021-09-09,Josh Jacobs,RB,,4757,18,19,18.65,38.5,36.9,4410,0.9271,4958,1.0423,,hwang_adjusted_positional_adp_2021
2021,2021-09-09,Cooper Kupp,WR,,4695,23,20,19.98,43.0,48.6,4955,1.0554,4508,0.9602,,hwang_adjusted_positional_adp_2021
2021,2021-09-09,Diontae Johnson,WR,,4681,24,21,21.15,49.5,49.5,4879,1.0423,4539,0.9697,,hwang_adjusted_positional_adp_2021
2021,2021-09-09,Trey Sermon,RB,,4664,19,30,29.8,71.5,84.1,3284,0.7041,5320,1.1407,,hwang_adjusted_positional_adp_2021
2021,2021-09-09,James Robinson,RB,,4620,20,21,20.69,39.5,39.5,4293,0.9292,4809,1.0409,,hwang_adjusted_positional_adp_2021
2021,2021-09-09,Miles Sanders,RB,,4583,21,20,20.09,39.5,38.5,4312,0.9409,4741,1.0345,,hwang_adjusted_positional_adp_2021
2021,2021-09-09,J.K. Dobbins,RB,,4568,22,119,118.6,,,539,0.118,6354,1.391,1,hwang_adjusted_positional_adp_2021
2021,2021-09-09,Laviska Shenault,WR,,4507,25,39,39.24,88.5,93.4,3488,0.7739,5151,1.1429,,hwang_adjusted_positional_adp_2021
2021,2021-09-09,Elijah Moore,WR,,4416,26,56,56.3,141.5,138.3,2479,0.5614,5622,1.2731,,hwang_adjusted_positional_adp_2021
2021,2021-09-09,Travis Etienne,RB,,4386,23,119,118.6,,,539,0.1229,6100,1.3908,1,hwang_adjusted_positional_adp_2021
2021,2021-09-09,Tyler Lockett,WR,,4375,27,17,17.33,44.0,45.5,5232,1.1959,3682,0.8416,,hwang_adjusted_positional_adp_2021
2021,2021-09-09,Robert Woods,WR,,4277,28,13,13.1,34.0,34.0,5556,1.299,3070,0.7178,,hwang_adjusted_positional_adp_2021
2021,2021-09-09,Terrace Marshall,WR,,4245,29,64,63.6,165.5,177.5,2016,0.4749,5619,1.3237,,hwang_adjusted_positional_adp_2021
2021,2021-09-09,Deshaun Watson,QB,,4236,20,31,31.4,233.5,233.5,1846,0.4358,5642,1.3319,,hwang_adjusted_positional_adp_2021
2021,2021-09-09,Courtland Sutton,WR,,4184,30,29,29.08,71.5,69.8,4320,1.0325,4087,0.9768,,hwang_adjusted_positional_adp_2021
2021,2021-09-09,Noah Fant,TE,,4170,7,8,8.01,88.0,88.0,3876,0.9295,4341,1.041,,hwang_adjusted_positional_adp_2021
2021,2021-09-09,Michael Thomas,WR,,4034,31,32,32.04,78.0,74.6,4066,1.0079,4012,0.9945,,hwang_adjusted_positional_adp_2021
2021,2021-09-09,Rashod Bateman,WR,,3967,32,75,82.54,217.0,210.5,1248,0.3146,5648,1.4237,,hwang_adjusted_positional_adp_2021
2021,2021-09-09,Deebo Samuel,WR,,3931,33,35,34.68,80.0,82.6,3867,0.9837,3970,1.0099,,hwang_adjusted_positional_adp_2021
2021,2021-09-09,Kareem Hunt,RB,,3860,24,24,23.66,57.5,54.8,3814,0.9881,3887,1.007,,hwang_adjusted_positional_adp_2021
2021,2021-09-09,Rondale Moore,WR,,3841,34,140,140.0,,,784,0.2041,5588,1.4548,1,hwang_adjusted_positional_adp_2021
2021,2021-09-09,JuJu Smith-Schuster,WR,,3762,35,25,25.4,70.0,69.5,4554,1.2105,3123,0.8301,,hwang_adjusted_positional_adp_2021
2021,2021-09-09,Gus Edwards,RB,,3753,25,119,118.6,,,539,0.1436,5366,1.4298,1,hwang_adjusted_positional_adp_2021
2021,2021-09-09,Pat Freiermuth,TE,,3700,8,26,26.18,233.5,233.5,1691,0.457,5000,1.3514,,hwang_adjusted_positional_adp_2021
2021,2021-09-09,AJ Dillon,RB,,3689,26,34,33.78,98.0,98.0,2962,0.8029,4083,1.1068,,hwang_adjusted_positional_adp_2021
2021,2021-09-09,Darnell Mooney,WR,,3639,36,52,52.38,118.0,121.7,2709,0.7444,4269,1.1731,,hwang_adjusted_positional_adp_2021
2021,2021-09-09,Tyler Boyd,WR,,3637,37,36,35.71,83.5,83.5,3787,1.0412,3530,0.9706,,hwang_adjusted_positional_adp_2021
2021,2021-09-09,Michael Pittman,WR,,3602,38,42,41.6,101.5,96.5,3401,0.9442,3722,1.0333,,hwang_adjusted_positional_adp_2021
2021,2021-09-09,Dallas Goedert,TE,,3594,9,10,9.68,96.0,96.0,3610,1.0045,3583,0.9969,,hwang_adjusted_positional_adp_2021
2021,2021-09-09,Myles Gaskin,RB,,3590,27,23,23.27,54.5,53.7,3934,1.0958,3341,0.9306,,hwang_adjusted_positional_adp_2021
2021,2021-09-09,Jameis Winston,QB,,3589,21,25,24.82,170.5,170.5,3255,0.9069,3808,1.061,,hwang_adjusted_positional_adp_2021
2021,2021-09-09,Cam Akers,RB,,3508,28,119,118.6,298.0,408.4,539,0.1536,5177,1.4758,,hwang_adjusted_positional_adp_2021
2021,2021-09-09,Sam Darnold,QB,,3497,22,27,27.0,180.0,180.0,3009,0.8605,3817,1.0915,,hwang_adjusted_positional_adp_2021
2021,2021-09-09,Mike Gesicki,TE,,3466,10,12,12.07,113.0,113.0,3164,0.9129,3645,1.0516,,hwang_adjusted_positional_adp_2021
2021,2021-09-09,D.J. Chark,WR,,3435,39,41,41.4,96.5,96.5,3408,0.9921,3453,1.0052,,hwang_adjusted_positional_adp_2021
2021,2021-09-09,Michael Gallup,WR,,3433,40,47,47.06,108.0,111.4,3124,0.91,3627,1.0565,,hwang_adjusted_positional_adp_2021
2021,2021-09-09,Chase Edmonds,RB,,3404,29,25,25.37,63.0,68.1,3619,1.0632,3248,0.9542,,hwang_adjusted_positional_adp_2021
2021,2021-09-09,Marquez Callaway,WR,,3364,41,49,49.35,116.5,116.5,2960,0.8799,3621,1.0764,,hwang_adjusted_positional_adp_2021
2021,2021-09-09,Curtis Samuel,WR,,3336,42,50,49.78,110.5,116.8,2942,0.8819,3582,1.0737,,hwang_adjusted_positional_adp_2021
2021,2021-09-09,Jakobi Meyers,WR,,3318,43,62,61.67,140.0,153.3,2062,0.6215,4073,1.2275,,hwang_adjusted_positional_adp_2021
2021,2021-09-09,Michael Carter,RB,,3298,30,35,35.37,89.0,104.7,2828,0.8575,3566,1.0813,,hwang_adjusted_positional_adp_2021
2021,2021-09-09,Odell Beckham,WR,,3278,44,27,26.6,69.5,69.5,4466,1.3624,2056,0.6272,,hwang_adjusted_positional_adp_2021
2021,2021-09-09,Kirk Cousins,QB,,3272,23,16,16.13,124.5,124.5,5087,1.5547,1894,0.5789,,hwang_adjusted_positional_adp_2021
2021,2021-09-09,Derek Carr,QB,,3261,24,24,24.0,167.0,167.0,3353,1.0282,3196,0.9801,,hwang_adjusted_positional_adp_2021
2021,2021-09-09,Adam Thielen,WR,,3251,45,19,19.14,54.5,47.8,4988,1.5343,793,0.2439,,hwang_adjusted_positional_adp_2021
2021,2021-09-09,Brandin Cooks,WR,,3228,46,38,38.33,93.0,93.0,3585,1.1106,2953,0.9148,,hwang_adjusted_positional_adp_2021
2021,2021-09-09,Jordan Love,QB,,3127,25,40,38.16,377.0,377.0,1550,0.4957,4109,1.314,,hwang_adjusted_positional_adp_2021
2021,2021-09-09,Jonnu Smith,TE,,3122,11,13,12.83,118.5,118.5,3074,0.9846,3155,1.0106,,hwang_adjusted_positional_adp_2021
2021,2021-09-09,Mike Williams,WR,,3099,47,48,47.65,117.0,111.7,3097,0.9994,3100,1.0003,,hwang_adjusted_positional_adp_2021
2021,2021-09-09,Rhamondre Stevenson,RB,,3086,31,50,58.91,149.0,156.9,996,0.3227,4354,1.4109,,hwang_adjusted_positional_adp_2021
2021,2021-09-09,Daniel Jones,QB,,3037,26,28,27.63,180.5,180.5,2576,0.8482,3307,1.0889,,hwang_adjusted_positional_adp_2021
2021,2021-09-09,Raheem Mostert,RB,,3007,32,27,26.97,70.0,70.0,3520,1.1706,2629,0.8743,,hwang_adjusted_positional_adp_2021
2021,2021-09-09,Marquise Brown,WR,,3006,48,44,43.65,112.0,100.2,3322,1.1051,2776,0.9235,,hwang_adjusted_positional_adp_2021
2021,2021-09-09,Tyler Higbee,TE,,2976,12,11,11.02,105.0,105.0,3311,1.1126,2738,0.92,,hwang_adjusted_positional_adp_2021
2021,2021-09-09,Jared Goff,QB,,2945,27,30,30.24,226.0,226.0,1922,0.6526,3546,1.2041,,hwang_adjusted_positional_adp_2021
2021,2021-09-09,Cole Kmet,TE,,2898,13,19,19.16,165.5,165.5,2165,0.7471,3362,1.1601,,hwang_adjusted_positional_adp_2021
2021,2021-09-09,Tony Pollard,RB,,2864,33,43,42.76,119.5,124.4,2102,0.7339,3369,1.1763,,hwang_adjusted_positional_adp_2021
2021,2021-09-09,Gabriel Davis,WR,,2855,49,140,140.0,,,784,0.2746,4234,1.483,1,hwang_adjusted_positional_adp_2021
2021,2021-09-09,Amon-Ra St. Brown,WR,,2848,50,65,65.4,203.0,182.0,1971,0.6921,3415,1.1991,,hwang_adjusted_positional_adp_2021
2021,2021-09-09,Zack Moss,RB,,2833,34,33,32.6,96.0,96.0,3036,1.0717,2689,0.9492,,hwang_adjusted_positional_adp_2021
2021,2021-09-09,Dyami Brown,WR,,2831,51,94,104.51,258.0,264.0,1262,0.4458,3839,1.3561,,hwang_adjusted_positional_adp_2021
2021,2021-09-09,Kenneth Gainwell,RB,,2632,35,56,66.25,162.5,167.0,1608,0.6109,3428,1.3024,,hwang_adjusted_positional_adp_2021
2021,2021-09-09,Hunter Henry,TE,,2588,14,14,14.13,132.0,132.0,2807,1.0846,2433,0.9401,,hwang_adjusted_positional_adp_2021
2021,2021-09-09,Jamaal Williams,RB,,2568,36,37,37.27,108.5,113.0,2679,1.0432,2492,0.9704,,hwang_adjusted_positional_adp_2021
2021,2021-09-09,Kadarius Toney,WR,,2522,52,88,104.45,257.5,252.0,1263,0.5008,3450,1.368,,hwang_adjusted_positional_adp_2021
2021,2021-09-09,Nico Collins,WR,,2502,53,80,88.51,252.0,228.6,1634,0.6531,3183,1.2722,,hwang_adjusted_positional_adp_2021
2021,2021-09-09,Nyheim Hines,RB,,2451,37,119,118.6,,,539,0.2199,3721,1.5182,1,hwang_adjusted_positional_adp_2021
2021,2021-09-09,Mecole Hardman,WR,,2437,54,53,52.67,128.0,121.8,2702,1.1087,2249,0.9229,,hwang_adjusted_positional_adp_2021
2021,2021-09-09,Chuba Hubbard,RB,,2398,38,48,47.88,171.5,146.0,1731,0.7219,2895,1.2073,,hwang_adjusted_positional_adp_2021
2021,2021-09-09,Josh Palmer,WR,,2346,55,140,140.0,,,784,0.3342,3509,1.4957,1,hwang_adjusted_positional_adp_2021
2021,2021-09-09,Irv Smith,TE,,2261,15,57,57.0,,,1018,0.4502,3291,1.4556,1,hwang_adjusted_positional_adp_2021
2021,2021-09-09,Parris Campbell,WR,,2260,56,78,86.87,205.5,224.4,870,0.385,3288,1.4549,,hwang_adjusted_positional_adp_2021
2021,2021-09-09,Adam Trautman,TE,,2232,16,24,23.78,195.0,195.0,1817,0.8141,2603,1.1662,,hwang_adjusted_positional_adp_2021
2021,2021-09-09,DeVante Parker,WR,,2162,57,51,50.76,121.5,117.8,2915,1.3483,1597,0.7387,,hwang_adjusted_positional_adp_2021
2021,2021-09-09,Devin Singletary,RB,,2134,39,39,38.78,115.5,115.5,2520,1.1809,1860,0.8716,,hwang_adjusted_positional_adp_2021
2021,2021-09-09,Evan Engram,TE,,2128,17,16,15.73,140.5,140.5,2627,1.2345,1773,0.8332,,hwang_adjusted_positional_adp_2021
2021,2021-09-09,Alexander Mattison,RB,,1977,40,49,48.92,146.0,150.3,1595,0.8068,2355,1.1912,,hwang_adjusted_positional_adp_2021
2021,2021-09-09,KJ Hamler,WR,,1945,58,87,104.44,237.0,246.4,1263,0.6494,2679,1.3774,,hwang_adjusted_positional_adp_2021
2021,2021-09-09,Donovan Peoples-Jones,WR,,1771,59,83,94.38,264.0,235.0,1513,0.8543,2318,1.3089,,hwang_adjusted_positional_adp_2021
2021,2021-09-09,Jimmy Garoppolo,QB,,1763,28,33,33.12,250.0,250.0,1589,0.9013,1964,1.114,,hwang_adjusted_positional_adp_2021
2021,2021-09-09,Denzel Mims,WR,,1680,60,89,104.46,251.5,253.8,1263,0.7518,2351,1.3994,,hwang_adjusted_positional_adp_2021
2021,2021-09-09,James Conner,RB,,1645,41,36,35.63,105.0,105.0,2808,1.707,785,0.4772,,hwang_adjusted_positional_adp_2021
2021,2021-09-09,Noah Gray,TE,,1643,18,52,52.25,365.0,365.0,1116,0.6792,2485,1.5125,,hwang_adjusted_positional_adp_2021
2021,2021-09-09,Gerald Everett,TE,,1625,19,17,16.96,148.5,148.5,2511,1.5452,993,0.6111,,hwang_adjusted_positional_adp_2021
2021,2021-09-09,Ty Johnson,RB,,1593,42,70,72.04,221.0,238.7,1507,0.946,2136,1.3409,,hwang_adjusted_positional_adp_2021
2021,2021-09-09,Austin Hooper,TE,,1589,20,18,18.07,158.5,158.5,2229,1.4028,1132,0.7124,,hwang_adjusted_positional_adp_2021
2021,2021-09-09,Khalil Herbert,RB,,1589,43,88,88.03,343.0,288.5,1088,0.6847,2350,1.4789,,hwang_adjusted_positional_adp_2021
2021,2021-09-09,Christian Kirk,WR,,1585,61,68,68.01,191.5,191.5,1862,1.1748,1527,0.9634,,hwang_adjusted_positional_adp_2021
2021,2021-09-09,Harrison Bryant,TE,,1582,21,43,47.59,307.0,307.0,1221,0.7718,2152,1.3603,,hwang_adjusted_positional_adp_2021
2021,2021-09-09,Quez Watkins,WR,,1571,62,97,104.54,269.0,269.0,1261,0.8027,2211,1.4074,,hwang_adjusted_positional_adp_2021
2021,2021-09-09,Darius Slayton,WR,,1559,63,90,104.47,264.0,257.5,1263,0.8101,2169,1.3913,,hwang_adjusted_positional_adp_2021
2021,2021-09-09,Tutu Atwell,WR,,1521,64,125,124.73,358.0,347.5,929,0.6108,2337,1.5365,,hwang_adjusted_positional_adp_2021
2021,2021-09-09,Van Jefferson,WR,,1518,65,86,104.43,233.0,245.3,1264,0.8327,2088,1.3755,,hwang_adjusted_positional_adp_2021
2021,2021-09-09,Nelson Agholor,WR,,1508,66,57,56.99,172.5,140.3,2430,1.6114,775,0.5139,,hwang_adjusted_positional_adp_2021
2021,2021-09-09,Elijah Mitchell,RB,,1486,44,98,97.78,329.0,329.0,749,0.504,2425,1.6319,,hwang_adjusted_positional_adp_2021
2021,2021-09-09,Tre'Quan Smith,WR,,1471,67,77,84.93,191.0,216.8,1031,0.7009,2065,1.4038,,hwang_adjusted_positional_adp_2021
2021,2021-09-09,Rashaad Penny,RB,,1426,45,52,61.84,181.0,161.9,1776,1.2454,1552,1.0884,,hwang_adjusted_positional_adp_2021
2021,2021-09-09,Taysom Hill,TE,,1425,22,35,41.98,263.0,263.0,1359,0.9537,1824,1.28,,hwang_adjusted_positional_adp_2021
2021,2021-09-09,Salvon Ahmed,RB,,1411,46,77,77.07,241.0,259.0,1340,0.9497,1909,1.3529,,hwang_adjusted_positional_adp_2021
2021,2021-09-09,Dalton Schultz,TE,,1401,23,32,38.2,259.0,259.0,983,0.7016,1935,1.3812,,hwang_adjusted_positional_adp_2021
2021,2021-09-09,Zach Ertz,TE,,1381,24,21,20.62,169.0,169.0,2025,1.4663,916,0.6633,,hwang_adjusted_positional_adp_2021
2021,2021-09-09,Kyle Trask,QB,,1379,29,43,43.0,,,1190,0.8629,1876,1.3604,1,hwang_adjusted_positional_adp_2021
2021,2021-09-09,Chris Evans,RB,,1371,47,87,88.02,288.5,288.5,1088,0.7936,2018,1.4719,,hwang_adjusted_positional_adp_2021
2021,2021-09-09,Tyler Johnson,WR,,1363,68,132,131.41,371.0,371.0,891,0.6537,2122,1.5569,,hwang_adjusted_positional_adp_2021
2021,2021-09-09,Tylan Wallace,WR,,1360,69,130,130.44,368.0,368.0,897,0.6596,2098,1.5426,,hwang_adjusted_positional_adp_2021
2021,2021-09-09,Hunter Renfrow,WR,,1339,70,95,104.52,257.5,264.0,1261,0.9417,1810,1.3518,,hwang_adjusted_positional_adp_2021
2021,2021-09-09,Dawson Knox,TE,,1333,25,36,42.57,263.5,263.5,1331,0.9985,1620,1.2153,,hwang_adjusted_positional_adp_2021
2021,2021-09-09,David Njoku,TE,,1328,26,44,47.6,310.0,310.0,1221,0.9194,1688,1.2711,,hwang_adjusted_positional_adp_2021
2021,2021-09-09,Drew Lock,QB,,1323,30,36,38.12,282.0,282.0,1551,1.1723,1377,1.0408,,hwang_adjusted_positional_adp_2021
2021,2021-09-09,Davis Mills,QB,,1292,31,43,43.0,,,1190,0.9211,1665,1.2887,1,hwang_adjusted_positional_adp_2021
2021,2021-09-09,Tyrod Taylor,QB,,1280,32,35,38.02,277.0,277.0,1553,1.2133,1206,0.9422,,hwang_adjusted_positional_adp_2021
2021,2021-09-09,Tommy Tremble,TE,,1225,27,57,57.0,,,1018,0.831,1698,1.3861,1,hwang_adjusted_positional_adp_2021
2021,2021-09-09,Marquez Valdes-Scantling,WR,,1165,71,69,69.17,200.5,200.5,1837,1.5768,686,0.5888,,hwang_adjusted_positional_adp_2021
2021,2021-09-09,Allen Lazard,WR,,1113,72,74,81.89,229.5,209.1,1258,1.1303,1239,1.1132,,hwang_adjusted_positional_adp_2021
2021,2021-09-09,Boston Scott,RB,,1106,48,68,72.02,216.0,229.0,1508,1.3635,1320,1.1935,,hwang_adjusted_positional_adp_2021
2021,2021-09-09,Juwan Johnson,TE,,1105,28,38,46.5,272.0,272.0,1247,1.1285,1328,1.2018,,hwang_adjusted_positional_adp_2021
2021,2021-09-09,Donald Parham,TE,,1099,29,27,27.34,245.5,245.5,1604,1.4595,739,0.6724,,hwang_adjusted_positional_adp_2021
2021,2021-09-09,Gardner Minshew,QB,,1077,33,38,38.14,369.0,369.0,1551,1.4401,833,0.7734,,hwang_adjusted_positional_adp_2021
2021,2021-09-09,Brevin Jordan,TE,,1074,30,56,56.13,387.0,387.0,1039,0.9674,1427,1.3287,,hwang_adjusted_positional_adp_2021
2021,2021-09-09,Jalen Guyton,WR,,1043,73,110,109.8,323.0,313.7,1181,1.1323,1406,1.348,,hwang_adjusted_positional_adp_2021
2021,2021-09-09,Taylor Heinicke,QB,,1035,34,43,43.0,,,1190,1.1498,1123,1.085,1,hwang_adjusted_positional_adp_2021
2021,2021-09-09,Deonte Harty,WR,,1031,74,140,140.0,,,784,0.7604,1655,1.6052,1,hwang_adjusted_positional_adp_2021
2021,2021-09-09,Josh Reynolds,WR,,1021,75,91,104.48,267.5,257.7,1262,1.236,1281,1.2547,,hwang_adjusted_positional_adp_2021
2021,2021-09-09,Anthony Schwartz,WR,,1000,76,140,140.0,,,784,0.784,1587,1.587,1,hwang_adjusted_positional_adp_2021
2021,2021-09-09,Hayden Hurst,TE,,935,31,30,30.13,253.5,253.5,1453,1.554,567,0.6064,,hwang_adjusted_positional_adp_2021
2021,2021-09-09,Marcus Mariota,QB,,933,35,39,38.15,373.0,373.0,1550,1.6613,530,0.5681,,hwang_adjusted_positional_adp_2021
2021,2021-09-09,Ke'Shawn Vaughn,RB,,867,49,100,100.13,350.0,331.8,722,0.8328,1637,1.8881,,hwang_adjusted_positional_adp_2021
2021,2021-09-09,Demarcus Robinson,WR,,860,77,96,104.53,269.0,269.0,1261,1.4663,1051,1.2221,,hwang_adjusted_positional_adp_2021
2021,2021-09-09,Ihmir Smith-Marsette,WR,,854,78,123,122.6,345.0,345.0,967,1.1323,1287,1.507,,hwang_adjusted_positional_adp_2021
2021,2021-09-09,Jaelon Darden,WR,,848,79,140,140.0,,,784,0.9245,1390,1.6392,1,hwang_adjusted_positional_adp_2021
2021,2021-09-09,Tim Patrick,WR,,814,80,101,104.58,283.0,283.0,1260,1.5479,926,1.1376,,hwang_adjusted_positional_adp_2021
2021,2021-09-09,DeeJay Dallas,RB,,809,50,89,89.15,293.0,293.0,1090,1.3473,1255,1.5513,,hwang_adjusted_positional_adp_2021
2021,2021-09-09,Jeffery Wilson,RB,,800,51,119,118.6,,,539,0.6737,1619,2.0238,1,hwang_adjusted_positional_adp_2021
2021,2021-09-09,Devin Duvernay,WR,,772,81,128,128.32,361.0,361.0,903,1.1697,1167,1.5117,,hwang_adjusted_positional_adp_2021
2021,2021-09-09,Hunter Long,TE,,768,32,57,57.0,,,1018,1.3255,995,1.2956,1,hwang_adjusted_positional_adp_2021
2021,2021-09-09,Olamide Zaccheaus,WR,,744,82,112,111.64,315.0,314.0,1172,1.5753,889,1.1949,,hwang_adjusted_positional_adp_2021
2021,2021-09-09,Scotty Miller,WR,,733,83,116,116.0,349.0,337.5,1062,1.4488,958,1.307,,hwang_adjusted_positional_adp_2021
2021,2021-09-09,Eno Benjamin,RB,,669,52,92,91.72,326.0,298.9,947,1.4155,1158,1.7309,,hwang_adjusted_positional_adp_2021
2021,2021-09-09,Will Dissly,TE,,665,33,42,47.58,299.0,299.0,1222,1.8376,614,0.9233,,hwang_adjusted_positional_adp_2021
2021,2021-09-09,Joshua Kelley,RB,,632,53,61,71.95,262.0,200.0,1509,2.3877,554,0.8766,,hwang_adjusted_positional_adp_2021
2021,2021-09-09,Kendrick Bourne,WR,,627,84,104,104.61,309.5,306.5,1259,2.008,608,0.9697,,hwang_adjusted_positional_adp_2021
2021,2021-09-09,Kylen Granson,TE,,609,34,51,51.12,356.0,356.0,1149,1.8867,601,0.9869,,hwang_adjusted_positional_adp_2021
2021,2021-09-09,Mo Alie-Cox,TE,,578,35,39,47.55,278.0,278.0,1222,2.1142,432,0.7474,,hwang_adjusted_positional_adp_2021
2021,2021-09-09,Jerick McKinnon,RB,,572,54,60,71.94,209.0,199.1,1509,2.6381,436,0.7622,,hwang_adjusted_positional_adp_2021
2021,2021-09-09,Albert Okwuegbunam,TE,,567,36,50,49.68,339.0,339.0,1181,2.0829,450,0.7937,,hwang_adjusted_positional_adp_2021
2021,2021-09-09,Justice Hill,RB,,507,55,119,118.6,,,539,1.0631,1200,2.3669,1,hwang_adjusted_positional_adp_2021
2021,2021-09-09,Samaje Perine,RB,,504,56,80,79.93,272.5,264.4,1253,2.4861,556,1.1032,,hwang_adjusted_positional_adp_2021
2021,2021-09-09,Drew Sample,TE,,487,37,57,57.0,,,1018,2.0903,508,1.0431,1,hwang_adjusted_positional_adp_2021
2021,2021-09-09,Foster Moreau,TE,,436,38,49,49.29,337.0,337.0,1192,2.7339,188,0.4312,,hwang_adjusted_positional_adp_2021
2021,2021-09-09,Kene Nwangwu,RB,,369,57,111,111.2,372.0,372.0,636,1.7236,906,2.4553,,hwang_adjusted_positional_adp_2021
2021,2021-09-09,Mitchell Trubisky,QB,,354,36,43,43.0,399.0,399.0,1190,3.3616,0,0.0,,hwang_adjusted_positional_adp_2021
2021,2021-09-09,Ian Thomas,TE,,324,39,57,57.0,,,1018,3.142,228,0.7037,1,hwang_adjusted_positional_adp_2021
2021,2021-09-09,David Moore,WR,,291,85,140,140.0,,,784,2.6942,612,2.1031,1,hwang_adjusted_positional_adp_2021
2021,2021-09-09,Trayveon Williams,RB,,223,58,119,118.6,,,539,2.417,757,3.3946,1,hwang_adjusted_positional_adp_2021
2021,2021-09-09,Equanimeous St. Brown,WR,,180,86,140,140.0,,,784,4.3556,440,2.4444,1,hwang_adjusted_positional_adp_2021
2021,2021-09-09,Cordarrelle Patterson,RB,,175,59,102,101.6,331.0,333.3,705,4.0286,566,3.2343,,hwang_adjusted_positional_adp_2021
2021,2021-09-09,Isaiah Hodgins,WR,,67,87,140,140.0,,,784,11.7015,276,4.1194,1,hwang_adjusted_positional_adp_2021
2022,2022-09-08,Josh Allen,QB,,9998,1,1,1.0,26.0,26.0,9997,0.9999,9999,1.0001,,hwang_adjusted_positional_adp_2022
2022,2022-09-08,Justin Herbert,QB,,9988,2,2,2.31,37.8,37.8,9795,0.9807,10095,1.0107,,hwang_adjusted_positional_adp_2022
2022,2022-09-08,Justin Jefferson,WR,,9490,1,1,1.0,3.3,3.3,9535,1.0047,9456,0.9964,,hwang_adjusted_positional_adp_2022
2022,2022-09-08,Patrick Mahomes,QB,,9462,3,3,2.77,39.3,39.3,9570,1.0114,9381,0.9914,,hwang_adjusted_positional_adp_2022
2022,2022-09-08,Ja'Marr Chase,WR,,8730,2,3,2.89,6.3,6.3,7371,0.8443,9484,1.0864,,hwang_adjusted_positional_adp_2022
2022,2022-09-08,Jonathan Taylor,RB,,8706,1,1,1.0,1.3,1.3,8731,1.0029,8687,0.9978,,hwang_adjusted_positional_adp_2022
2022,2022-09-08,Kyle Pitts,TE,,8386,1,3,2.76,27.8,27.8,5769,0.6879,9831,1.1723,,hwang_adjusted_positional_adp_2022
2022,2022-09-08,Lamar Jackson,QB,,7924,4,4,3.92,44.8,44.8,8259,1.0423,7673,0.9683,,hwang_adjusted_positional_adp_2022
2022,2022-09-08,Joe Burrow,QB,,7524,5,7,6.85,62.8,62.8,6653,0.8842,8015,1.0653,,hwang_adjusted_positional_adp_2022
2022,2022-09-08,Kyler Murray,QB,,7290,6,6,5.97,57.5,57.5,7373,1.0114,7228,0.9915,,hwang_adjusted_positional_adp_2022
2022,2022-09-08,Mark Andrews,TE,,6461,2,2,2.1,22.3,22.3,6471,1.0015,6454,0.9989,,hwang_adjusted_positional_adp_2022
2022,2022-09-08,CeeDee Lamb,WR,,6443,3,7,6.94,17.0,17.0,6181,0.9593,6674,1.0359,,hwang_adjusted_positional_adp_2022
2022,2022-09-08,D'Andre Swift,RB,,6374,2,11,10.64,13.8,15.7,5236,0.8215,7266,1.1399,,hwang_adjusted_positional_adp_2022
2022,2022-09-08,Najee Harris,RB,,6308,3,5,4.87,8.3,8.3,6201,0.983,6377,1.0109,,hwang_adjusted_positional_adp_2022
2022,2022-09-08,Javonte Williams,RB,,6230,4,9,8.92,18.3,15.2,5334,0.8562,6762,1.0854,,hwang_adjusted_positional_adp_2022
2022,2022-09-08,Cooper Kupp,WR,,6111,4,2,1.79,4.0,4.0,8952,1.4649,3968,0.6493,,hwang_adjusted_positional_adp_2022
2022,2022-09-08,Christian McCaffrey,RB,,6079,5,2,1.71,1.8,1.8,7543,1.2408,4965,0.8167,,hwang_adjusted_positional_adp_2022
2022,2022-09-08,Jalen Hurts,QB,,6055,7,5,5.12,53.0,53.0,7746,1.2793,4782,0.7898,,hwang_adjusted_positional_adp_2022
2022,2022-09-08,Trey Lance,QB,,5965,8,10,9.81,79.0,79.0,5873,0.9846,6026,1.0102,,hwang_adjusted_positional_adp_2022
2022,2022-09-08,Stefon Diggs,WR,,5724,5,4,4.27,10.3,10.3,6770,1.1827,4940,0.863,,hwang_adjusted_positional_adp_2022
2022,2022-09-08,Tee Higgins,WR,,5658,6,13,12.6,31.0,31.0,5349,0.9454,5996,1.0597,,hwang_adjusted_positional_adp_2022
2022,2022-09-08,Dak Prescott,QB,,5611,9,11,10.73,81.8,81.8,5719,1.0192,5540,0.9873,,hwang_adjusted_positional_adp_2022
2022,2022-09-08,A.J. Brown,WR,,5601,7,8,8.32,26.8,24.6,5973,1.0664,5331,0.9518,,hwang_adjusted_positional_adp_2022
2022,2022-09-08,Russell Wilson,QB,,5493,10,8,8.23,74.8,74.8,6276,1.1425,4904,0.8928,,hwang_adjusted_positional_adp_2022
2022,2022-09-08,Austin Ekeler,RB,,5469,6,3,3.03,5.0,5.0,6652,1.2163,4572,0.836,,hwang_adjusted_positional_adp_2022
2022,2022-09-08,Deebo Samuel,WR,,5435,8,5,5.24,19.0,11.1,6444,1.1856,4671,0.8594,,hwang_adjusted_positional_adp_2022
2022,2022-09-08,Breece Hall,RB,,5420,7,20,20.33,48.8,55.0,4036,0.7446,6285,1.1596,,hwang_adjusted_positional_adp_2022
2022,2022-09-08,Michael Pittman,WR,,5419,9,12,12.4,28.5,31.0,5380,0.9928,5482,1.0116,,hwang_adjusted_positional_adp_2022
2022,2022-09-08,Jaylen Waddle,WR,,5386,10,17,17.37,43.3,43.3,4935,0.9163,5772,1.0717,,hwang_adjusted_positional_adp_2022
2022,2022-09-08,Trevor Lawrence,QB,,5350,11,18,17.85,125.8,125.8,4485,0.8383,5921,1.1067,,hwang_adjusted_positional_adp_2022
2022,2022-09-08,Davante Adams,WR,,5322,11,6,5.63,11.3,11.3,6363,1.1956,4509,0.8472,,hwang_adjusted_positional_adp_2022
2022,2022-09-08,Joe Mixon,RB,,5319,8,7,6.91,11.5,11.5,5600,1.0528,5108,0.9603,,hwang_adjusted_positional_adp_2022
2022,2022-09-08,Dalvin Cook,RB,,5209,9,4,4.28,7.8,7.8,6360,1.221,4319,0.8291,,hwang_adjusted_positional_adp_2022
2022,2022-09-08,Saquon Barkley,RB,,5192,10,10,10.08,15.5,15.5,5291,1.0191,5118,0.9857,,hwang_adjusted_positional_adp_2022
2022,2022-09-08,Travis Kelce,TE,,5150,3,1,1.0,13.3,13.3,8120,1.5767,2913,0.5656,,hwang_adjusted_positional_adp_2022
2022,2022-09-08,Travis Etienne,RB,,5100,11,16,15.88,36.3,36.3,4593,0.9006,5398,1.0584,,hwang_adjusted_positional_adp_2022
2022,2022-09-08,DK Metcalf,WR,,5087,12,27,26.83,56.5,56.5,4519,0.8883,5632,1.1071,,hwang_adjusted_positional_adp_2022
2022,2022-09-08,Drake London,WR,,4972,13,40,39.75,86.5,83.2,3583,0.7206,6012,1.2092,,hwang_adjusted_positional_adp_2022
2022,2022-09-08,D.J. Moore,WR,,4961,14,15,15.07,35.5,35.5,5226,1.0534,4765,0.9605,,hwang_adjusted_positional_adp_2022
2022,2022-09-08,Tyreek Hill,WR,,4932,15,9,8.79,22.0,25.4,5918,1.1999,4151,0.8416,,hwang_adjusted_positional_adp_2022
2022,2022-09-08,George Kittle,TE,,4920,4,4,4.31,50.5,50.5,5152,1.0472,4747,0.9648,,hwang_adjusted_positional_adp_2022
2022,2022-09-08,Alvin Kamara,RB,,4859,12,8,8.36,16.5,15.0,5396,1.1105,4449,0.9156,,hwang_adjusted_positional_adp_2022
2022,2022-09-08,Deshaun Watson,QB,,4831,12,29,29.13,195.8,195.8,2500,0.5175,6430,1.331,,hwang_adjusted_positional_adp_2022
2022,2022-09-08,Nick Chubb,RB,,4771,13,12,11.85,26.0,19.4,4987,1.0453,4609,0.966,,hwang_adjusted_positional_adp_2022
2022,2022-09-08,Derrick Henry,RB,,4752,14,6,5.85,9.3,9.3,5834,1.2277,3862,0.8127,,hwang_adjusted_positional_adp_2022
2022,2022-09-08,AJ Dillon,RB,,4703,15,23,23.01,56.8,61.0,3689,0.7844,5260,1.1184,,hwang_adjusted_positional_adp_2022
2022,2022-09-08,Justin Fields,QB,,4699,13,16,16.23,117.8,117.8,4676,0.9951,4739,1.0085,,hwang_adjusted_positional_adp_2022
2022,2022-09-08,Courtland Sutton,WR,,4697,16,14,13.94,37.8,32.9,5273,1.1226,4263,0.9076,,hwang_adjusted_positional_adp_2022
2022,2022-09-08,Chris Olave,WR,,4631,17,42,42.18,99.5,97.2,3462,0.7476,5561,1.2008,,hwang_adjusted_positional_adp_2022
2022,2022-09-08,Rashod Bateman,WR,,4618,18,30,30.31,63.3,70.3,4326,0.9368,4927,1.0669,,hwang_adjusted_positional_adp_2022
2022,2022-09-08,Aaron Jones,RB,,4615,16,15,15.02,21.0,33.1,4683,1.0147,4564,0.9889,,hwang_adjusted_positional_adp_2022
2022,2022-09-08,T.J. Hockenson,TE,,4612,5,8,7.63,84.0,84.0,4035,0.8749,4946,1.0724,,hwang_adjusted_positional_adp_2022
2022,2022-09-08,Diontae Johnson,WR,,4608,19,23,22.6,46.3,46.3,4676,1.0148,4574,0.9926,,hwang_adjusted_positional_adp_2022
2022,2022-09-08,Elijah Moore,WR,,4598,20,34,34.31,73.5,78.9,4129,0.898,4977,1.0824,,hwang_adjusted_positional_adp_2022
2022,2022-09-08,Chris Godwin,WR,,4591,21,22,22.4,56.5,46.3,4688,1.0211,4521,0.9848,,hwang_adjusted_positional_adp_2022
2022,2022-09-08,J.K. Dobbins,RB,,4581,17,22,22.0,61.3,58.1,3762,0.8212,5021,1.096,,hwang_adjusted_positional_adp_2022
2022,2022-09-08,DeVonta Smith,WR,,4562,22,35,35.0,81.8,79.5,4018,0.8808,4952,1.0855,,hwang_adjusted_positional_adp_2022
2022,2022-09-08,Jameson Williams,WR,,4551,23,66,66.27,179.3,165.0,2298,0.5049,5895,1.2953,,hwang_adjusted_positional_adp_2022
2022,2022-09-08,Terry McLaurin,WR,,4545,24,21,20.41,44.3,45.7,4761,1.0475,4380,0.9637,,hwang_adjusted_positional_adp_2022
2022,2022-09-08,Mike Evans,WR,,4534,25,10,10.25,26.0,27.9,5776,1.2739,3303,0.7285,,hwang_adjusted_positional_adp_2022
2022,2022-09-08,Matthew Stafford,QB,,4531,14,12,12.27,96.8,96.8,5204,1.1485,4025,0.8883,,hwang_adjusted_positional_adp_2022
2022,2022-09-08,Marquise Brown,WR,,4522,26,19,18.96,49.8,44.5,4785,1.0582,4311,0.9533,,hwang_adjusted_positional_adp_2022
2022,2022-09-08,Amon-Ra St. Brown,WR,,4517,27,20,20.4,51.0,45.7,4762,1.0542,4322,0.9568,,hwang_adjusted_positional_adp_2022
2022,2022-09-08,Mike Williams,WR,,4495,28,16,15.78,36.3,37.3,5090,1.1324,3950,0.8788,,hwang_adjusted_positional_adp_2022
2022,2022-09-08,Kenneth Walker III,RB,,4492,18,37,37.35,113.3,109.7,2802,0.6238,5336,1.1879,,hwang_adjusted_positional_adp_2022
2022,2022-09-08,George Pickens,WR,,4489,29,53,52.6,112.5,115.5,2860,0.6371,5361,1.1943,,hwang_adjusted_positional_adp_2022
2022,2022-09-08,Derek Carr,QB,,4478,15,14,13.6,99.8,99.8,4937,1.1025,4133,0.923,,hwang_adjusted_positional_adp_2022
2022,2022-09-08,Darren Waller,TE,,4425,6,5,4.72,53.5,53.5,4979,1.1252,4009,0.906,,hwang_adjusted_positional_adp_2022
2022,2022-09-08,Jerry Jeudy,WR,,4423,30,33,32.9,58.3,74.0,4221,0.9543,4530,1.0242,,hwang_adjusted_positional_adp_2022
2022,2022-09-08,Dameon Pierce,RB,,4411,19,21,20.65,66.0,55.2,3998,0.9064,4636,1.051,,hwang_adjusted_positional_adp_2022
2022,2022-09-08,Garrett Wilson,WR,,4385,31,58,58.23,134.3,141.1,2603,0.5936,5297,1.208,,hwang_adjusted_positional_adp_2022
2022,2022-09-08,Gabriel Davis,WR,,4380,32,200,186,,,347,0.0792,6454,1.4735,1,hwang_adjusted_positional_adp_2022
2022,2022-09-08,Tua Tagovailoa,QB,,4370,16,17,16.95,121.3,121.3,4574,1.0467,4220,0.9657,,hwang_adjusted_positional_adp_2022
2022,2022-09-08,Treylon Burks,WR,,4353,33,41,40.99,109.3,90.0,3519,0.8084,4768,1.0953,,hwang_adjusted_positional_adp_2022
2022,2022-09-08,Darnell Mooney,WR,,4324,34,25,25.16,59.8,52.4,4594,1.0624,4098,0.9477,,hwang_adjusted_positional_adp_2022
2022,2022-09-08,Aaron Rodgers,QB,,4313,17,13,13.4,99.8,99.8,4973,1.153,3809,0.8831,,hwang_adjusted_positional_adp_2022
2022,2022-09-08,Mac Jones,QB,,4214,18,24,23.63,166.3,166.3,3392,0.8049,4723,1.1208,,hwang_adjusted_positional_adp_2022
2022,2022-09-08,Cam Akers,RB,,4141,20,18,17.71,51.8,43.6,4404,1.0635,3943,0.9522,,hwang_adjusted_positional_adp_2022
2022,2022-09-08,Brandon Aiyuk,WR,,4132,35,36,35.94,78.8,80.1,4001,0.9683,4204,1.0174,,hwang_adjusted_positional_adp_2022
2022,2022-09-08,Kenny Pickett,QB,,4129,19,32,31.62,217.8,217.8,2082,0.5042,5371,1.3008,,hwang_adjusted_positional_adp_2022
2022,2022-09-08,Keenan Allen,WR,,4103,36,11,10.75,31.0,28.5,5679,1.3841,1804,0.4397,,hwang_adjusted_positional_adp_2022
2022,2022-09-08,Dalton Schultz,TE,,4008,7,6,6.04,69.8,69.8,4612,1.1507,3555,0.887,,hwang_adjusted_positional_adp_2022
2022,2022-09-08,Elijah Mitchell,RB,,3930,21,24,23.82,63.8,63.8,3639,0.926,4093,1.0415,,hwang_adjusted_positional_adp_2022
2022,2022-09-08,JuJu Smith-Schuster,WR,,3929,37,31,31.1,55.8,70.8,4294,1.0929,3642,0.927,,hwang_adjusted_positional_adp_2022
2022,2022-09-08,Pat Freiermuth,TE,,3928,8,12,11.88,123.0,123.0,3120,0.7943,4383,1.1158,,hwang_adjusted_positional_adp_2022
2022,2022-09-08,Skyy Moore,WR,,3843,38,45,45.08,108.8,100.6,3247,0.8449,4147,1.0791,,hwang_adjusted_positional_adp_2022
2022,2022-09-08,Dallas Goedert,TE,,3794,9,7,7.36,83.3,83.3,4067,1.072,3589,0.946,,hwang_adjusted_positional_adp_2022
2022,2022-09-08,David Montgomery,RB,,3746,22,19,19.25,52.8,52.8,4196,1.1201,3405,0.909,,hwang_adjusted_positional_adp_2022
2022,2022-09-08,James Conner,RB,,3730,23,14,13.89,33.5,29.5,4811,1.2898,2821,0.7563,,hwang_adjusted_positional_adp_2022
2022,2022-09-08,Jahan Dotson,WR,,3712,39,54,54.3,135.3,132.0,2796,0.7532,4166,1.1223,,hwang_adjusted_positional_adp_2022
2022,2022-09-08,Kirk Cousins,QB,,3710,20,15,14.82,104.8,104.8,4804,1.2949,2858,0.7704,,hwang_adjusted_positional_adp_2022
2022,2022-09-08,Zach Wilson,QB,,3699,21,28,28.2,193.8,193.8,2670,0.7218,4321,1.1682,,hwang_adjusted_positional_adp_2022
2022,2022-09-08,Rhamondre Stevenson,RB,,3698,24,28,27.87,79.3,79.3,3404,0.9205,3853,1.0419,,hwang_adjusted_positional_adp_2022
2022,2022-09-08,Ezekiel Elliott,RB,,3694,25,17,17.24,38.5,42.1,4464,1.2084,3066,0.83,,hwang_adjusted_positional_adp_2022
2022,2022-09-08,James Cook,RB,,3633,26,35,35.31,105.8,105.8,2949,0.8117,3987,1.0974,,hwang_adjusted_positional_adp_2022
2022,2022-09-08,Hunter Renfrow,WR,,3607,40,46,45.66,83.0,101.0,3221,0.893,3813,1.0571,,hwang_adjusted_positional_adp_2022
2022,2022-09-08,Tony Pollard,RB,,3591,27,26,25.73,80.5,72.5,3580,0.9969,3597,1.0017,,hwang_adjusted_positional_adp_2022
2022,2022-09-08,Brandin Cooks,WR,,3555,41,26,25.78,53.3,53.3,4567,1.2847,2536,0.7134,,hwang_adjusted_positional_adp_2022
2022,2022-09-08,Cole Kmet,TE,,3546,10,11,11.03,115.0,115.0,3399,0.9585,3628,1.0231,,hwang_adjusted_positional_adp_2022
2022,2022-09-08,Christian Kirk,WR,,3512,42,39,38.6,80.5,81.6,3678,1.0473,3386,0.9641,,hwang_adjusted_positional_adp_2022
2022,2022-09-08,Kadarius Toney,WR,,3433,43,47,47.12,100.8,105.7,3132,0.9123,3597,1.0478,,hwang_adjusted_positional_adp_2022
2022,2022-09-08,Josh Jacobs,RB,,3390,28,25,25.29,71.3,71.3,3592,1.0596,3237,0.9549,,hwang_adjusted_positional_adp_2022
2022,2022-09-08,Malik Willis,QB,,3325,22,33,33.3,251.0,251.0,1882,0.566,4278,1.2866,,hwang_adjusted_positional_adp_2022
2022,2022-09-08,Dawson Knox,TE,,3312,11,9,9.29,102.8,102.8,3741,1.1295,2989,0.9025,,hwang_adjusted_positional_adp_2022
2022,2022-09-08,Jameis Winston,QB,,3239,23,19,19.19,135.8,135.8,4256,1.314,2461,0.7598,,hwang_adjusted_positional_adp_2022
2022,2022-09-08,Chase Edmonds,RB,,3215,29,27,27.34,74.8,78.8,3474,1.0806,3020,0.9393,,hwang_adjusted_positional_adp_2022
2022,2022-09-08,Clyde Edwards-Helaire,RB,,3202,30,31,30.81,81.5,83.3,3197,0.9984,3205,1.0009,,hwang_adjusted_positional_adp_2022
2022,2022-09-08,Amari Cooper,WR,,3181,44,38,38.4,79.5,81.6,3703,1.1641,2772,0.8714,,hwang_adjusted_positional_adp_2022
2022,2022-09-08,Kareem Hunt,RB,,3180,31,34,33.67,95.0,97.3,3011,0.9469,3274,1.0296,,hwang_adjusted_positional_adp_2022
2022,2022-09-08,Davis Mills,QB,,3173,24,26,25.98,180.3,180.3,2939,0.9263,3307,1.0422,,hwang_adjusted_positional_adp_2022
2022,2022-09-08,DeAndre Hopkins,WR,,3162,45,37,37.03,83.5,80.9,3841,1.2147,2606,0.8242,,hwang_adjusted_positional_adp_2022
2022,2022-09-08,Michael Thomas,WR,,3142,46,29,28.84,64.5,66.2,4456,1.4182,1727,0.5496,,hwang_adjusted_positional_adp_2022
2022,2022-09-08,Christian Watson,WR,,3117,47,73,72.9,180.5,177.6,1914,0.6141,3801,1.2194,,hwang_adjusted_positional_adp_2022
2022,2022-09-08,Brian Robinson,RB,,3057,32,57,57.15,159.0,184.2,1621,0.5303,3901,1.2761,,hwang_adjusted_positional_adp_2022
2022,2022-09-08,Chase Claypool,WR,,3044,48,52,52.4,115.5,115.5,2868,0.9422,3149,1.0345,,hwang_adjusted_positional_adp_2022
2022,2022-09-08,Antonio Gibson,RB,,3038,33,29,29.4,80.3,80.3,3237,1.0655,2886,0.95,,hwang_adjusted_positional_adp_2022
2022,2022-09-08,Allen Lazard,WR,,3032,49,28,28.25,78.5,64.4,4477,1.4766,1257,0.4146,,hwang_adjusted_positional_adp_2022
2022,2022-09-08,Baker Mayfield,QB,,3024,25,25,25.01,173.5,173.5,3180,1.0516,2907,0.9613,,hwang_adjusted_positional_adp_2022
2022,2022-09-08,Rondale Moore,WR,,2897,50,200,186,,,347,0.1198,4589,1.5841,1,hwang_adjusted_positional_adp_2022
2022,2022-09-08,Alec Pierce,WR,,2882,51,63,62.93,174.5,153.9,2422,0.8404,3166,1.0985,,hwang_adjusted_positional_adp_2022
2022,2022-09-08,Rashaad Penny,RB,,2878,34,30,29.6,89.0,80.3,3232,1.123,2605,0.9051,,hwang_adjusted_positional_adp_2022
2022,2022-09-08,Rachaad White,RB,,2869,35,36,35.83,130.5,106.9,2906,1.0129,2842,0.9906,,hwang_adjusted_positional_adp_2022
2022,2022-09-08,Michael Gallup,WR,,2854,52,43,43.37,130.5,99.9,3352,1.1745,2440,0.8549,,hwang_adjusted_positional_adp_2022
2022,2022-09-08,Romeo Doubs,WR,,2800,53,60,59.82,145.5,142.6,2520,0.9,2967,1.0596,,hwang_adjusted_positional_adp_2022
2022,2022-09-08,Trey McBride,TE,,2793,12,35,34.99,259.7,259.7,1440,0.5156,3778,1.3527,,hwang_adjusted_positional_adp_2022
2022,2022-09-08,Miles Sanders,RB,,2791,36,38,37.87,97.3,109.9,2787,0.9986,2796,1.0018,,hwang_adjusted_positional_adp_2022
2022,2022-09-08,Wan'Dale Robinson,WR,,2790,54,68,68.37,169.0,173.0,2241,0.8032,3113,1.1158,,hwang_adjusted_positional_adp_2022
2022,2022-09-08,Isaiah Likely,TE,,2748,13,25,24.72,189.3,189.3,1950,0.7096,3314,1.206,,hwang_adjusted_positional_adp_2022
2022,2022-09-08,Noah Fant,TE,,2697,14,21,20.94,167.8,167.8,2241,0.8309,3004,1.1138,,hwang_adjusted_positional_adp_2022
2022,2022-09-08,David Njoku,TE,,2696,15,17,16.84,151.8,151.8,2742,1.0171,2666,0.9889,,hwang_adjusted_positional_adp_2022
2022,2022-09-08,Michael Carter,RB,,2690,37,45,45.34,122.8,126.4,2467,0.9171,2858,1.0625,,hwang_adjusted_positional_adp_2022
2022,2022-09-08,Alexander Mattison,RB,,2681,38,49,48.67,134.5,134.5,2191,0.8172,3002,1.1197,,hwang_adjusted_positional_adp_2022
2022,2022-09-08,Desmond Ridder,QB,,2669,26,35,35.4,258.7,258.7,1573,0.5894,3389,1.2698,,hwang_adjusted_positional_adp_2022
2022,2022-09-08,Calvin Ridley,WR,,2656,55,200,186,,,347,0.1306,4217,1.5877,1,hwang_adjusted_positional_adp_2022
2022,2022-09-08,James Robinson,RB,,2612,39,46,45.66,132.0,126.7,2451,0.9384,2732,1.0459,,hwang_adjusted_positional_adp_2022
2022,2022-09-08,Zach Ertz,TE,,2609,16,10,9.8,105.8,105.8,3647,1.3979,1787,0.6849,,hwang_adjusted_positional_adp_2022
2022,2022-09-08,Adam Thielen,WR,,2601,56,32,31.67,67.3,71.1,4282,1.6463,234,0.09,,hwang_adjusted_positional_adp_2022
2022,2022-09-08,Zamir White,RB,,2597,40,51,51.28,167.0,153.4,1870,0.7201,3042,1.1714,,hwang_adjusted_positional_adp_2022
2022,2022-09-08,Jalen Tolbert,WR,,2575,57,67,66.71,162.3,166.1,2283,0.8866,2764,1.0734,,hwang_adjusted_positional_adp_2022
2022,2022-09-08,Kenneth Gainwell,RB,,2574,41,40,39.81,128.0,111.3,2688,1.0443,2488,0.9666,,hwang_adjusted_positional_adp_2022
2022,2022-09-08,Mike Gesicki,TE,,2574,17,16,15.84,148.8,148.8,2818,1.0948,2391,0.9289,,hwang_adjusted_positional_adp_2022
2022,2022-09-08,Josh Palmer,WR,,2566,58,200,186,,,347,0.1352,4031,1.5709,1,hwang_adjusted_positional_adp_2022
2022,2022-09-08,Ryan Tannehill,QB,,2549,27,23,23.37,166.0,166.0,3451,1.3539,1860,0.7297,,hwang_adjusted_positional_adp_2022
2022,2022-09-08,Jared Goff,QB,,2531,28,22,21.97,159.3,159.3,3629,1.4338,1664,0.6574,,hwang_adjusted_positional_adp_2022
2022,2022-09-08,Tyler Allgeier,RB,,2531,42,44,43.86,145.5,122.4,2531,1.0,2533,1.0008,,hwang_adjusted_positional_adp_2022
2022,2022-09-08,Khalil Herbert,RB,,2521,43,47,47.07,150.5,130.7,2309,0.9159,2642,1.048,,hwang_adjusted_positional_adp_2022
2022,2022-09-08,Devin Singletary,RB,,2516,44,32,32.12,93.8,91.9,3110,1.2361,1978,0.7862,,hwang_adjusted_positional_adp_2022
2022,2022-09-08,Nico Collins,WR,,2511,59,56,55.63,155.5,134.5,2696,1.0737,2370,0.9438,,hwang_adjusted_positional_adp_2022
2022,2022-09-08,Isiah Pacheco,RB,,2474,45,53,53.2,146.3,161.5,1775,0.7175,2865,1.158,,hwang_adjusted_positional_adp_2022
2022,2022-09-08,Isaiah Spiller,RB,,2429,46,62,62.03,166.5,208.2,1531,0.6303,2931,1.2067,,hwang_adjusted_positional_adp_2022
2022,2022-09-08,David Bell,WR,,2426,60,76,76.07,215.5,198.4,1834,0.756,2810,1.1583,,hwang_adjusted_positional_adp_2022
2022,2022-09-08,Irv Smith,TE,,2422,18,13,13.2,137.5,137.5,2960,1.2221,2005,0.8278,,hwang_adjusted_positional_adp_2022
2022,2022-09-08,Tyler Lockett,WR,,2407,61,49,49.25,103.3,109.1,3037,1.2617,1838,0.7636,,hwang_adjusted_positional_adp_2022
2022,2022-09-08,Daniel Jones,QB,,2401,29,21,21.17,153.5,153.5,3827,1.5939,1236,0.5148,,hwang_adjusted_positional_adp_2022
2022,2022-09-08,Tyler Boyd,WR,,2370,62,51,51.01,117.0,112.5,2934,1.238,1872,0.7899,,hwang_adjusted_positional_adp_2022
2022,2022-09-08,Robert Woods,WR,,2342,63,44,43.71,101.3,100.0,3302,1.4099,1225,0.5231,,hwang_adjusted_positional_adp_2022
2022,2022-09-08,Albert Okwuegbunam,TE,,2322,19,15,15.24,147.5,147.5,2850,1.2274,1918,0.826,,hwang_adjusted_positional_adp_2022
2022,2022-09-08,Jakobi Meyers,WR,,2302,64,48,48.19,139.3,108.2,3093,1.3436,1489,0.6468,,hwang_adjusted_positional_adp_2022
2022,2022-09-08,Nyheim Hines,RB,,2225,47,130,130.0,,,402,0.1807,3460,1.5551,1,hwang_adjusted_positional_adp_2022
2022,2022-09-08,D.J. Chark,WR,,2221,65,50,49.65,140.5,109.3,2994,1.348,1439,0.6479,,hwang_adjusted_positional_adp_2022
2022,2022-09-08,K.J. Osborn,WR,,2186,66,69,68.84,165.5,173.3,2229,1.0197,2161,0.9886,,hwang_adjusted_positional_adp_2022
2022,2022-09-08,Tyrion Davis-Price,RB,,2155,48,58,57.94,197.0,192.1,1591,0.7383,2504,1.1619,,hwang_adjusted_positional_adp_2022
2022,2022-09-08,Hunter Henry,TE,,2153,20,14,13.98,142.3,142.3,2888,1.3414,1573,0.7306,,hwang_adjusted_positional_adp_2022
2022,2022-09-08,Isaiah McKenzie,WR,,2146,67,62,62.21,151.8,151.8,2452,1.1426,1909,0.8896,,hwang_adjusted_positional_adp_2022
2022,2022-09-08,KJ Hamler,WR,,2141,68,78,77.87,188.8,206.6,1736,0.8108,2415,1.128,,hwang_adjusted_positional_adp_2022
2022,2022-09-08,Marquez Valdes-Scantling,WR,,2124,69,55,55.34,117.0,134.3,2716,1.2787,1558,0.7335,,hwang_adjusted_positional_adp_2022
2022,2022-09-08,Marcus Mariota,QB,,2061,30,30,29.64,196.8,196.8,2386,1.1577,1818,0.8821,,hwang_adjusted_positional_adp_2022
2022,2022-09-08,Brevin Jordan,TE,,2045,21,26,25.99,195.0,195.0,1812,0.8861,2207,1.0792,,hwang_adjusted_positional_adp_2022
2022,2022-09-08,Cordarrelle Patterson,RB,,2038,49,33,33.28,100.0,96.5,3056,1.4995,995,0.4882,,hwang_adjusted_positional_adp_2022
2022,2022-09-08,John Metchie,WR,,1954,70,145,145.0,338.0,338.0,651,0.3332,2894,1.4811,,hwang_adjusted_positional_adp_2022
2022,2022-09-08,Mitchell Trubisky,QB,,1902,31,31,31.36,216.8,216.8,2124,1.1167,1736,0.9127,,hwang_adjusted_positional_adp_2022
2022,2022-09-08,Greg Dulcich,TE,,1868,22,37,37.3,276.0,276.0,1379,0.7382,2303,1.2329,,hwang_adjusted_positional_adp_2022
2022,2022-09-08,Tyquan Thornton,WR,,1831,71,114,113.82,288.0,288.0,810,0.4424,2584,1.4113,,hwang_adjusted_positional_adp_2022
2022,2022-09-08,Tyler Higbee,TE,,1823,23,20,19.65,163.3,163.3,2408,1.3209,1378,0.7559,,hwang_adjusted_positional_adp_2022
2022,2022-09-08,Mecole Hardman,WR,,1782,72,65,64.83,142.0,159.2,2337,1.3114,1335,0.7492,,hwang_adjusted_positional_adp_2022
2022,2022-09-08,Daniel Bellinger,TE,,1773,24,33,33.32,254.5,254.5,1479,0.8342,2033,1.1466,,hwang_adjusted_positional_adp_2022
2022,2022-09-08,Donovan Peoples-Jones,WR,,1772,73,77,77.38,212.5,206.4,1786,1.0079,1780,1.0045,,hwang_adjusted_positional_adp_2022
2022,2022-09-08,Khalil Shakir,WR,,1762,74,88,87.84,238.7,238.7,1441,0.8178,2025,1.1493,,hwang_adjusted_positional_adp_2022
2022,2022-09-08,Eno Benjamin,RB,,1734,50,60,59.73,202.5,202.9,1562,0.9008,1932,1.1142,,hwang_adjusted_positional_adp_2022
2022,2022-09-08,Van Jefferson,WR,,1734,75,82,81.72,198.5,219.8,1583,0.9129,1854,1.0692,,hwang_adjusted_positional_adp_2022
2022,2022-09-08,Evan Engram,TE,,1729,25,22,21.98,173.8,173.8,2119,1.2256,1433,0.8288,,hwang_adjusted_positional_adp_2022
2022,2022-09-08,Jimmy Garoppolo,QB,,1724,32,37,36.8,268.7,268.7,1421,0.8242,1939,1.1247,,hwang_adjusted_positional_adp_2022
2022,2022-09-08,Parris Campbell,WR,,1702,76,70,70.22,190.8,174.0,2095,1.2309,1393,0.8184,,hwang_adjusted_positional_adp_2022
2022,2022-09-08,Jordan Love,QB,,1694,33,52,51.71,370.0,370.0,796,0.4699,2347,1.3855,,hwang_adjusted_positional_adp_2022
2022,2022-09-08,DeVante Parker,WR,,1688,77,71,70.87,157.8,174.2,2033,1.2044,1415,0.8383,,hwang_adjusted_positional_adp_2022
2022,2022-09-08,Sam Howell,QB,,1598,34,43,46.88,352.0,352.0,964,0.6033,2086,1.3054,,hwang_adjusted_positional_adp_2022
2022,2022-09-08,Jamaal Williams,RB,,1589,51,48,48.19,155.0,133.5,2222,1.3984,1109,0.6979,,hwang_adjusted_positional_adp_2022
2022,2022-09-08,Cade Otton,TE,,1544,26,47,54.2,338.5,338.5,993,0.6431,2081,1.3478,,hwang_adjusted_positional_adp_2022
2022,2022-09-08,Odell Beckham,WR,,1504,78,93,93.4,227.0,247.3,1320,0.8777,1751,1.1642,,hwang_adjusted_positional_adp_2022
2022,2022-09-08,Hassan Haskins,RB,,1490,52,91,91.4,253.7,311.0,992,0.6658,2071,1.3899,,hwang_adjusted_positional_adp_2022
2022,2022-09-08,Chuba Hubbard,RB,,1478,53,67,67.4,229.3,231.0,1372,0.9283,1729,1.1698,,hwang_adjusted_positional_adp_2022
2022,2022-09-08,Devin Duvernay,WR,,1474,79,106,106.24,221.3,275.6,950,0.6445,1946,1.3202,,hwang_adjusted_positional_adp_2022
2022,2022-09-08,Gus Edwards,RB,,1460,54,73,73.3,222.3,239.6,1173,0.8034,1834,1.2562,,hwang_adjusted_positional_adp_2022
2022,2022-09-08,Austin Hooper,TE,,1454,27,24,24.31,188.3,188.3,1981,1.3624,1055,0.7256,,hwang_adjusted_positional_adp_2022
2022,2022-09-08,Jonnu Smith,TE,,1453,28,31,30.98,241.3,241.3,1580,1.0874,1376,0.947,,hwang_adjusted_positional_adp_2022
2022,2022-09-08,Jelani Woods,TE,,1446,29,45,50.91,308.0,308.0,746,0.5159,2015,1.3935,,hwang_adjusted_positional_adp_2022
2022,2022-09-08,Laviska Shenault,WR,,1415,80,85,85.25,233.0,233.0,1512,1.0686,1382,0.9767,,hwang_adjusted_positional_adp_2022
2022,2022-09-08,D'Ernest Johnson,RB,,1412,55,69,68.67,231.3,231.3,1326,0.9391,1634,1.1572,,hwang_adjusted_positional_adp_2022
2022,2022-09-08,Kyren Williams,RB,,1410,56,79,84.07,259.3,259.3,1171,0.8305,1762,1.2496,,hwang_adjusted_positional_adp_2022
2022,2022-09-08,Tommy Tremble,TE,,1409,30,41,41.0,293.7,293.7,1246,0.8843,1612,1.1441,,hwang_adjusted_positional_adp_2022
2022,2022-09-08,Tim Patrick,WR,,1406,81,200,186,,,347,0.2468,2253,1.6024,1,hwang_adjusted_positional_adp_2022
2022,2022-09-08,Tyler Huntley,QB,,1398,35,38,38.17,298.0,298.0,1279,0.9149,1481,1.0594,,hwang_adjusted_positional_adp_2022
2022,2022-09-08,Terrace Marshall,WR,,1387,82,95,94.76,248.3,248.3,1287,0.9279,1551,1.1182,,hwang_adjusted_positional_adp_2022
2022,2022-09-08,Curtis Samuel,WR,,1372,83,99,98.65,221.5,257.5,1207,0.8797,1591,1.1596,,hwang_adjusted_positional_adp_2022
2022,2022-09-08,Keaontay Ingram,RB,,1371,57,96,96.15,327.0,327.0,810,0.5908,1919,1.3997,,hwang_adjusted_positional_adp_2022
2022,2022-09-08,Gerald Everett,TE,,1357,31,18,18.11,159.0,159.0,2613,1.9256,184,0.1356,,hwang_adjusted_positional_adp_2022
2022,2022-09-08,Zay Jones,WR,,1354,84,89,88.92,197.7,240.3,1416,1.0458,1339,0.9889,,hwang_adjusted_positional_adp_2022
2022,2022-09-08,Pierre Strong Jr.,RB,,1348,58,95,94.93,320.5,320.5,889,0.6595,1824,1.3531,,hwang_adjusted_positional_adp_2022
2022,2022-09-08,Raheem Mostert,RB,,1333,59,52,51.74,150.3,154.8,1837,1.3781,926,0.6947,,hwang_adjusted_positional_adp_2022
2022,2022-09-08,Jerome Ford,RB,,1323,60,105,105.0,343.5,343.5,692,0.5231,1897,1.4339,,hwang_adjusted_positional_adp_2022
2022,2022-09-08,Jeffery Wilson,RB,,1310,61,130,130.0,,,402,0.3069,2072,1.5817,1,hwang_adjusted_positional_adp_2022
2022,2022-09-08,Nick Westbrook-Ikhine,WR,,1300,85,86,85.81,234.3,234.3,1484,1.1415,1163,0.8946,,hwang_adjusted_positional_adp_2022
2022,2022-09-08,Jaylen Warren,RB,,1288,62,71,70.82,235.0,235.0,1258,0.9767,1400,1.087,,hwang_adjusted_positional_adp_2022
2022,2022-09-08,Hayden Hurst,TE,,1285,32,23,22.97,180.5,180.5,2057,1.6008,637,0.4957,,hwang_adjusted_positional_adp_2022
2022,2022-09-08,Ty Chandler,RB,,1273,63,85,88.8,285.0,285.0,1090,0.8562,1575,1.2372,,hwang_adjusted_positional_adp_2022
2022,2022-09-08,Danny Gray,WR,,1260,86,97,96.59,254.3,254.3,1232,0.9778,1379,1.0944,,hwang_adjusted_positional_adp_2022
2022,2022-09-08,Joshua Kelley,RB,,1253,64,78,83.54,259.0,259.0,986,0.7869,1577,1.2586,,hwang_adjusted_positional_adp_2022
2022,2022-09-08,Donald Parham,TE,,1244,33,39,38.93,282.0,282.0,1316,1.0579,1247,1.0024,,hwang_adjusted_positional_adp_2022
2022,2022-09-08,Jacoby Brissett,QB,,1240,36,36,35.6,258.7,258.7,1549,1.2492,1009,0.8137,,hwang_adjusted_positional_adp_2022
2022,2022-09-08,Kendrick Bourne,WR,,1240,87,81,81.37,219.5,219.5,1593,1.2847,963,0.7766,,hwang_adjusted_positional_adp_2022
2022,2022-09-08,Chris Evans,RB,,1237,65,74,73.67,240.0,240.0,1170,0.9458,1364,1.1027,,hwang_adjusted_positional_adp_2022
2022,2022-09-08,Calvin Austin III,WR,,1235,88,156,155.87,362.0,362.0,551,0.4462,1827,1.4794,,hwang_adjusted_positional_adp_2022
2022,2022-09-08,D'Onta Foreman,RB,,1225,66,59,59.38,210.3,202.6,1567,1.2792,952,0.7771,,hwang_adjusted_positional_adp_2022
2022,2022-09-08,Tyler Conklin,TE,,1225,34,30,30.2,236.3,236.3,1622,1.3241,921,0.7518,,hwang_adjusted_positional_adp_2022
2022,2022-09-08,Jalen Guyton,WR,,1205,89,104,104.32,271.7,271.7,1013,0.8407,1450,1.2033,,hwang_adjusted_positional_adp_2022
2022,2022-09-08,Noah Gray,TE,,1200,35,65,64.69,389.0,389.0,853,0.7108,1603,1.3358,,hwang_adjusted_positional_adp_2022
2022,2022-09-08,Harrison Bryant,TE,,1179,36,48,56.18,340.5,340.5,1038,0.8804,1426,1.2095,,hwang_adjusted_positional_adp_2022
2022,2022-09-08,Chigoziem Okonkwo,TE,,1178,37,51,59.96,352.0,352.0,967,0.8209,1469,1.247,,hwang_adjusted_positional_adp_2022
2022,2022-09-08,Zack Moss,RB,,1178,67,68,67.6,231.0,231.0,1364,1.1579,1039,0.882,,hwang_adjusted_positional_adp_2022
2022,2022-09-08,Justyn Ross,WR,,1142,90,178,178.13,414.0,414.0,456,0.3993,1757,1.5385,,hwang_adjusted_positional_adp_2022
2022,2022-09-08,Adam Trautman,TE,,1137,38,38,37.83,277.7,277.7,1355,1.1917,974,0.8566,,hwang_adjusted_positional_adp_2022
2022,2022-09-08,Geno Smith,QB,,1134,37,34,34.12,256.0,256.0,1808,1.5944,623,0.5494,,hwang_adjusted_positional_adp_2022
2022,2022-09-08,Cedrick Wilson,WR,,1130,91,87,87.27,238.0,238.0,1445,1.2788,889,0.7867,,hwang_adjusted_positional_adp_2022
2022,2022-09-08,Quez Watkins,WR,,1116,92,98,98.35,257.3,257.3,1212,1.086,1096,0.9821,,hwang_adjusted_positional_adp_2022
2022,2022-09-08,Dyami Brown,WR,,1107,93,155,155.3,361.5,361.5,553,0.4995,1634,1.4761,,hwang_adjusted_positional_adp_2022
2022,2022-09-08,Jake Ferguson,TE,,1098,39,40,40.01,288.0,288.0,1279,1.1648,964,0.878,,hwang_adjusted_positional_adp_2022
2022,2022-09-08,Boston Scott,RB,,1095,68,70,70.25,234.3,234.3,1290,1.1781,959,0.8758,,hwang_adjusted_positional_adp_2022
2022,2022-09-08,Anthony Schwartz,WR,,1093,94,186,185.05,432.0,432.0,333,0.3047,1772,1.6212,,hwang_adjusted_positional_adp_2022
2022,2022-09-08,Jeremy Ruckert,TE,,1084,40,61,61.24,383.0,383.0,907,0.8367,1336,1.2325,,hwang_adjusted_positional_adp_2022
2022,2022-09-08,Equanimeous St. Brown,WR,,1062,95,127,131.17,313.7,313.7,895,0.8427,1355,1.2759,,hwang_adjusted_positional_adp_2022
2022,2022-09-08,Kene Nwangwu,RB,,1049,69,104,103.6,343.0,343.0,695,0.6625,1488,1.4185,,hwang_adjusted_positional_adp_2022
2022,2022-09-08,Mo Alie-Cox,TE,,1042,41,28,28.11,214.0,214.0,1712,1.643,416,0.3992,,hwang_adjusted_positional_adp_2022
2022,2022-09-08,Trey Sermon,RB,,1037,70,75,75.22,244.0,244.0,1119,1.0791,1025,0.9884,,hwang_adjusted_positional_adp_2022
2022,2022-09-08,Gardner Minshew,QB,,1010,38,46,48.89,358.5,358.5,950,0.9406,1178,1.1663,,hwang_adjusted_positional_adp_2022
2022,2022-09-08,Denzel Mims,WR,,1003,96,135,131.25,323.0,323.0,894,0.8913,1271,1.2672,,hwang_adjusted_positional_adp_2022
2022,2022-09-08,Drew Lock,QB,,1003,39,40,39.76,313.5,313.5,1199,1.1954,857,0.8544,,hwang_adjusted_positional_adp_2022
2022,2022-09-08,Marquez Callaway,WR,,1002,97,108,108.13,279.3,279.3,931,0.9291,1158,1.1557,,hwang_adjusted_positional_adp_2022
2022,2022-09-08,Braxton Berrios,WR,,994,98,103,102.87,268.8,268.8,1049,1.0553,990,0.996,,hwang_adjusted_positional_adp_2022
2022,2022-09-08,Ke'Shawn Vaughn,RB,,978,71,84,88.79,273.0,273.0,1090,1.1145,1089,1.1135,,hwang_adjusted_positional_adp_2022
2022,2022-09-08,Tyler Johnson,WR,,964,99,123,131.13,305.0,305.0,896,0.9295,1214,1.2593,,hwang_adjusted_positional_adp_2022
2022,2022-09-08,Foster Moreau,TE,,946,42,43,43.03,303.3,303.3,1041,1.1004,877,0.9271,,hwang_adjusted_positional_adp_2022
2022,2022-09-08,Kyle Trask,QB,,942,40,63,69.71,,,572,0.6072,1349,1.4321,1,hwang_adjusted_positional_adp_2022
2022,2022-09-08,Tutu Atwell,WR,,939,100,107,106.79,276.5,276.5,942,1.0032,1001,1.066,,hwang_adjusted_positional_adp_2022
2022,2022-09-08,Jerick McKinnon,RB,,925,72,54,54.33,191.5,163.7,1729,1.8692,43,0.0465,,hwang_adjusted_positional_adp_2022
2022,2022-09-08,Darius Slayton,WR,,900,101,134,131.24,323.0,323.0,894,0.9933,1087,1.2078,,hwang_adjusted_positional_adp_2022
2022,2022-09-08,Sam Darnold,QB,,880,41,55,54.55,387.5,387.5,705,0.8011,1124,1.2773,,hwang_adjusted_positional_adp_2022
2022,2022-09-08,DeeJay Dallas,RB,,879,73,90,89.87,308.0,308.0,1086,1.2355,931,1.0592,,hwang_adjusted_positional_adp_2022
2022,2022-09-08,Myles Gaskin,RB,,861,74,81,86.84,270.7,270.7,1115,1.295,848,0.9849,,hwang_adjusted_positional_adp_2022
2022,2022-09-08,Samaje Perine,RB,,830,75,98,98.07,253.7,330.0,734,0.8843,1124,1.3542,,hwang_adjusted_positional_adp_2022
2022,2022-09-08,Olamide Zaccheaus,WR,,819,102,117,127.22,291.3,291.3,903,1.1026,962,1.1746,,hwang_adjusted_positional_adp_2022
2022,2022-09-08,Tylan Wallace,WR,,810,103,161,167.52,378.0,378.0,601,0.742,1156,1.4272,,hwang_adjusted_positional_adp_2022
2022,2022-09-08,Tyler Badie,RB,,798,76,107,106.84,345.5,345.5,656,0.8221,1143,1.4323,,hwang_adjusted_positional_adp_2022
2022,2022-09-08,Juwan Johnson,TE,,773,43,83,83.0,,,516,0.6675,1162,1.5032,1,hwang_adjusted_positional_adp_2022
2022,2022-09-08,Jauan Jennings,WR,,761,104,121,131.11,303.7,303.7,896,1.1774,880,1.1564,,hwang_adjusted_positional_adp_2022
2022,2022-09-08,Josh Reynolds,WR,,757,105,126,131.16,308.7,308.7,895,1.1823,863,1.14,,hwang_adjusted_positional_adp_2022
2022,2022-09-08,Charlie Kolar,TE,,717,44,83,83.0,,,516,0.7197,1081,1.5077,1,hwang_adjusted_positional_adp_2022
2022,2022-09-08,Nelson Agholor,WR,,684,106,96,96.44,252.3,252.3,1232,1.8012,218,0.3187,,hwang_adjusted_positional_adp_2022
2022,2022-09-08,Ihmir Smith-Marsette,WR,,670,107,147,146.87,340.0,340.0,614,0.9164,950,1.4179,,hwang_adjusted_positional_adp_2022
2022,2022-09-08,Jaelon Darden,WR,,666,108,174,170.63,409.5,409.5,569,0.8544,978,1.4685,,hwang_adjusted_positional_adp_2022
2022,2022-09-08,Erik Ezukanma,WR,,635,109,158,165.82,365.0,365.0,520,0.8189,974,1.5339,,hwang_adjusted_positional_adp_2022
2022,2022-09-08,Kyle Philips,WR,,630,110,91,90.97,244.7,244.7,1352,2.146,0,0.0,,hwang_adjusted_positional_adp_2022
2022,2022-09-08,Kevin Harris,RB,,628,77,130,130.0,,,402,0.6401,1093,1.7404,1,hwang_adjusted_positional_adp_2022
2022,2022-09-08,Justice Hill,RB,,612,78,130,130.0,,,402,0.6569,1052,1.719,1,hwang_adjusted_positional_adp_2022
2022,2022-09-08,Tre'Quan Smith,WR,,585,111,149,149.0,345.0,345.0,589,1.0068,862,1.4735,,hwang_adjusted_positional_adp_2022
2022,2022-09-08,Jordan Mason,RB,,560,79,87,88.82,290.0,290.0,1090,1.9464,325,0.5804,,hwang_adjusted_positional_adp_2022
2022,2022-09-08,Hunter Long,TE,,549,45,83,83.0,,,516,0.9399,898,1.6357,1,hwang_adjusted_positional_adp_2022
2022,2022-09-08,Demarcus Robinson,WR,,538,112,124,131.14,305.3,305.3,896,1.6654,504,0.9368,,hwang_adjusted_positional_adp_2022
2022,2022-09-08,Scotty Miller,WR,,532,113,132,131.22,320.0,320.0,894,1.6805,477,0.8966,,hwang_adjusted_positional_adp_2022
2022,2022-09-08,Taylor Heinicke,QB,,503,42,63,69.71,,,572,1.1372,757,1.505,1,hwang_adjusted_positional_adp_2022
2022,2022-09-08,Kylen Granson,TE,,502,46,53,59.98,357.0,357.0,966,1.9243,388,0.7729,,hwang_adjusted_positional_adp_2022
2022,2022-09-08,John Bates,TE,,492,47,83,83.0,,,516,1.0488,813,1.6524,1,hwang_adjusted_positional_adp_2022
2022,2022-09-08,Deonte Harty,WR,,489,114,162,167.53,379.0,379.0,601,1.229,710,1.4519,,hwang_adjusted_positional_adp_2022
2022,2022-09-08,Trayveon Williams,RB,,488,80,129,128.2,442.0,442.0,422,0.8648,887,1.8176,,hwang_adjusted_positional_adp_2022
2022,2022-09-08,Ty Johnson,RB,,462,81,124,124.16,420.0,420.0,468,1.013,831,1.7987,,hwang_adjusted_positional_adp_2022
2022,2022-09-08,Taysom Hill,TE,,460,48,32,31.93,246.8,246.8,1531,3.3283,0,0.0,,hwang_adjusted_positional_adp_2022
2022,2022-09-08,Salvon Ahmed,RB,,458,82,125,125.0,423.0,423.0,460,1.0044,817,1.7838,,hwang_adjusted_positional_adp_2022
2022,2022-09-08,Ian Thomas,TE,,453,49,49,56.74,341.0,341.0,1024,2.2605,149,0.3289,,hwang_adjusted_positional_adp_2022
2022,2022-09-08,Drew Sample,TE,,422,50,72,71.6,419.0,419.0,789,1.8697,445,1.0545,,hwang_adjusted_positional_adp_2022
2022,2022-09-08,Bailey Zappe,QB,,413,43,63,69.71,,,572,1.385,623,1.5085,1,hwang_adjusted_positional_adp_2022
2022,2022-09-08,Tyrod Taylor,QB,,391,44,48,48.91,361.0,361.0,949,2.4271,34,0.087,,hwang_adjusted_positional_adp_2022
2022,2022-09-08,Mike White,QB,,366,45,63,69.71,,,572,1.5628,510,1.3934,1,hwang_adjusted_positional_adp_2022
2022,2022-09-08,Greg Dortch,WR,,354,115,171,170.6,404.0,404.0,569,1.6073,560,1.5819,,hwang_adjusted_positional_adp_2022
2022,2022-09-08,Mason Rudolph,QB,,349,46,42,45.54,345.0,345.0,708,2.0287,80,0.2292,,hwang_adjusted_positional_adp_2022
2022,2022-09-08,Zonovan Knight,RB,,339,83,130,130.0,,,402,1.1858,697,2.056,1,hwang_adjusted_positional_adp_2022
2022,2022-09-08,Will Dissly,TE,,332,51,73,73.08,425.0,425.0,776,2.3373,328,0.988,,hwang_adjusted_positional_adp_2022
2022,2022-09-08,Kalif Raymond,WR,,319,116,166,170.55,384.0,384.0,569,1.7837,489,1.5329,,hwang_adjusted_positional_adp_2022
2022,2022-09-08,Jamal Agnew,WR,,297,117,119,131.09,302.0,302.0,897,3.0202,75,0.2525,,hwang_adjusted_positional_adp_2022
2022,2022-09-08,Lil'Jordan Humphrey,WR,,169,118,200,186,,,347,2.0533,431,2.5503,1,hwang_adjusted_positional_adp_2022
2022,2022-09-08,Josh Oliver,TE,,148,52,83,83.0,,,516,3.4865,301,2.0338,1,hwang_adjusted_positional_adp_2022
2022,2022-09-08,David Moore,WR,,116,119,200,186,,,347,2.9914,378,3.2586,1,hwang_adjusted_positional_adp_2022
2023,2023-09-07,Patrick Mahomes,QB,,9999,1,1,1.0,17.0,17.0,9997,0.9998,10000,1.0001,,hwang_adjusted_positional_adp_2023
2023,2023-09-07,Justin Jefferson,WR,,9948,1,1,1.0,1.0,1.0,9764,0.9815,10058,1.0111,,hwang_adjusted_positional_adp_2023
2023,2023-09-07,Josh Allen,QB,,9756,2,2,1.84,17.3,17.3,9857,1.0104,9686,0.9928,,hwang_adjusted_positional_adp_2023
2023,2023-09-07,Jalen Hurts,QB,,9626,3,3,2.67,18.0,18.0,9636,1.001,9619,0.9993,,hwang_adjusted_positional_adp_2023
2023,2023-09-07,Ja'Marr Chase,WR,,9018,2,2,1.84,2.3,2.3,9073,1.0061,8980,0.9958,,hwang_adjusted_positional_adp_2023
2023,2023-09-07,Joe Burrow,QB,,8866,4,5,5.21,37.3,37.3,8157,0.92,9286,1.0474,,hwang_adjusted_positional_adp_2023
2023,2023-09-07,Justin Herbert,QB,,8490,5,6,6.08,41.3,41.3,7668,0.9032,8979,1.0576,,hwang_adjusted_positional_adp_2023
2023,2023-09-07,Bijan Robinson,RB,,7996,1,3,3.06,7.3,7.3,6685,0.836,8791,1.0994,,hwang_adjusted_positional_adp_2023
2023,2023-09-07,Lamar Jackson,QB,,7944,6,4,3.88,24.8,24.8,8735,1.0996,7395,0.9309,,hwang_adjusted_positional_adp_2023
2023,2023-09-07,Trevor Lawrence,QB,,7890,7,9,8.79,55.7,55.7,6530,0.8276,8690,1.1014,,hwang_adjusted_positional_adp_2023
2023,2023-09-07,Garrett Wilson,WR,,7649,3,9,8.72,15.3,16.1,6444,0.8425,8400,1.0982,,hwang_adjusted_positional_adp_2023
2023,2023-09-07,CeeDee Lamb,WR,,7441,4,4,4.21,8.5,8.5,7458,1.0023,7429,0.9984,,hwang_adjusted_positional_adp_2023
2023,2023-09-07,Justin Fields,QB,,7128,8,7,6.85,44.0,44.0,7482,1.0497,6884,0.9658,,hwang_adjusted_positional_adp_2023
2023,2023-09-07,Amon-Ra St. Brown,WR,,7059,5,7,7.12,14.8,14.0,6800,0.9633,7217,1.0224,,hwang_adjusted_positional_adp_2023
2023,2023-09-07,Jaylen Waddle,WR,,6915,6,10,10.36,22.0,22.0,6161,0.891,7365,1.0651,,hwang_adjusted_positional_adp_2023
2023,2023-09-07,A.J. Brown,WR,,6885,7,6,6.04,12.0,12.0,6911,1.0038,6867,0.9974,,hwang_adjusted_positional_adp_2023
2023,2023-09-07,Chris Olave,WR,,6774,8,11,10.76,22.3,22.3,6021,0.8888,7218,1.0655,,hwang_adjusted_positional_adp_2023
2023,2023-09-07,Christian McCaffrey,RB,,6612,2,1,1.0,2.3,2.3,8376,1.2668,5395,0.8159,,hwang_adjusted_positional_adp_2023
2023,2023-09-07,Jahmyr Gibbs,RB,,6403,3,11,10.89,33.5,33.5,5288,0.8259,7171,1.1199,,hwang_adjusted_positional_adp_2023
2023,2023-09-07,Anthony Richardson,QB,,6401,9,16,15.79,102.0,102.0,4949,0.7732,7274,1.1364,,hwang_adjusted_positional_adp_2023
2023,2023-09-07,Travis Kelce,TE,,6359,1,1,1.0,8.3,8.3,7106,1.1175,5844,0.919,,hwang_adjusted_positional_adp_2023
2023,2023-09-07,DeVonta Smith,WR,,6336,9,12,11.77,23.5,23.5,5801,0.9156,6656,1.0505,,hwang_adjusted_positional_adp_2023
2023,2023-09-07,Mark Andrews,TE,,6317,2,2,2.22,37.3,37.3,6363,1.0073,6285,0.9949,,hwang_adjusted_positional_adp_2023
2023,2023-09-07,Tyreek Hill,WR,,6311,10,3,2.99,5.3,5.3,7809,1.2374,5203,0.8244,,hwang_adjusted_positional_adp_2023
2023,2023-09-07,Breece Hall,RB,,6064,4,15,15.17,47.0,47.0,4545,0.7495,7117,1.1736,,hwang_adjusted_positional_adp_2023
2023,2023-09-07,Jaxon Smith-Njigba,WR,,5934,11,40,40.11,85.7,85.7,3432,0.5784,7429,1.2519,,hwang_adjusted_positional_adp_2023
2023,2023-09-07,Saquon Barkley,RB,,5908,5,4,4.09,10.0,9.5,6329,1.0713,5618,0.9509,,hwang_adjusted_positional_adp_2023
2023,2023-09-07,Kyle Pitts,TE,,5842,3,7,6.89,74.0,74.0,4200,0.7189,6824,1.1681,,hwang_adjusted_positional_adp_2023
2023,2023-09-07,Drake London,WR,,5723,12,25,25.23,52.3,57.1,4661,0.8144,6379,1.1146,,hwang_adjusted_positional_adp_2023
2023,2023-09-07,Bryce Young,QB,,5701,10,27,27.24,170.5,170.5,3037,0.5327,7461,1.3087,,hwang_adjusted_positional_adp_2023
2023,2023-09-07,Tee Higgins,WR,,5672,13,16,15.81,29.7,29.7,5320,0.9379,5880,1.0367,,hwang_adjusted_positional_adp_2023
2023,2023-09-07,Stefon Diggs,WR,,5625,14,5,4.83,9.5,9.5,7226,1.2846,4384,0.7794,,hwang_adjusted_positional_adp_2023
2023,2023-09-07,T.J. Hockenson,TE,,5568,4,3,3.18,46.0,46.0,5815,1.0444,5398,0.9695,,hwang_adjusted_positional_adp_2023
2023,2023-09-07,Nick Chubb,RB,,5561,6,5,4.76,10.3,10.9,6146,1.1052,5157,0.9274,,hwang_adjusted_positional_adp_2023
2023,2023-09-07,DK Metcalf,WR,,5560,15,17,16.84,31.7,31.7,5219,0.9387,5763,1.0365,,hwang_adjusted_positional_adp_2023
2023,2023-09-07,Tony Pollard,RB,,5541,7,8,8.08,16.8,25.7,5461,0.9856,5590,1.0088,,hwang_adjusted_positional_adp_2023
2023,2023-09-07,Tua Tagovailoa,QB,,5438,11,11,10.97,77.0,77.0,5726,1.053,5240,0.9636,,hwang_adjusted_positional_adp_2023
2023,2023-09-07,Josh Jacobs,RB,,5385,8,7,6.79,23.3,18.8,5681,1.055,5181,0.9621,,hwang_adjusted_positional_adp_2023
2023,2023-09-07,Jonathan Taylor,RB,,5301,9,20,20.29,49.0,56.0,3917,0.7389,6163,1.1626,,hwang_adjusted_positional_adp_2023
2023,2023-09-07,Travis Etienne,RB,,5280,10,10,10.27,33.0,33.0,5326,1.0087,5248,0.9939,,hwang_adjusted_positional_adp_2023
2023,2023-09-07,Austin Ekeler,RB,,5260,11,2,1.92,4.3,4.3,7273,1.3827,3703,0.704,,hwang_adjusted_positional_adp_2023
2023,2023-09-07,C.J. Stroud,QB,,5227,12,25,25.08,149.0,149.0,3294,0.6302,6517,1.2468,,hwang_adjusted_positional_adp_2023
2023,2023-09-07,Deshaun Watson,QB,,5169,13,12,11.75,81.0,81.0,5525,1.0689,4923,0.9524,,hwang_adjusted_positional_adp_2023
2023,2023-09-07,Jordan Addison,WR,,5132,16,38,37.73,83.0,75.3,3577,0.697,6166,1.2015,,hwang_adjusted_positional_adp_2023
2023,2023-09-07,Davante Adams,WR,,5120,17,8,8.02,17.0,15.1,6674,1.3035,3921,0.7658,,hwang_adjusted_positional_adp_2023
2023,2023-09-07,Daniel Jones,QB,,5042,14,15,14.86,100.3,100.3,5023,0.9962,5054,1.0024,,hwang_adjusted_positional_adp_2023
2023,2023-09-07,Kenneth Walker III,RB,,5030,12,12,11.93,45.0,34.4,5052,1.0044,5015,0.997,,hwang_adjusted_positional_adp_2023
2023,2023-09-07,Christian Watson,WR,,4980,18,28,27.7,63.0,60.2,4360,0.8755,5386,1.0815,,hwang_adjusted_positional_adp_2023
2023,2023-09-07,Kyler Murray,QB,,4911,15,29,28.92,179.5,179.5,2498,0.5087,6410,1.3052,,hwang_adjusted_positional_adp_2023
2023,2023-09-07,Jahan Dotson,WR,,4900,19,39,39.04,74.0,81.0,3449,0.7039,5787,1.181,,hwang_adjusted_positional_adp_2023
2023,2023-09-07,Brandon Aiyuk,WR,,4891,20,21,21.4,44.0,44.0,4854,0.9924,4914,1.0047,,hwang_adjusted_positional_adp_2023
2023,2023-09-07,Calvin Ridley,WR,,4850,21,15,15.03,29.0,29.0,5545,1.1433,4346,0.8961,,hwang_adjusted_positional_adp_2023
2023,2023-09-07,Cooper Kupp,WR,,4845,22,14,13.87,26.3,28.2,5608,1.1575,4268,0.8809,,hwang_adjusted_positional_adp_2023
2023,2023-09-07,Dak Prescott,QB,,4820,16,10,10.27,73.5,73.5,5881,1.2201,4053,0.8409,,hwang_adjusted_positional_adp_2023
2023,2023-09-07,Zay Flowers,WR,,4816,23,35,34.91,74.3,72.8,3858,0.8011,5370,1.115,,hwang_adjusted_positional_adp_2023
2023,2023-09-07,Rhamondre Stevenson,RB,,4747,13,9,9.1,30.3,30.3,5368,1.1308,4309,0.9077,,hwang_adjusted_positional_adp_2023
2023,2023-09-07,D.J. Moore,WR,,4719,24,22,21.6,44.0,44.0,4854,1.0286,4625,0.9801,,hwang_adjusted_positional_adp_2023
2023,2023-09-07,George Pickens,WR,,4719,25,33,32.78,72.5,71.3,3988,0.8451,5147,1.0907,,hwang_adjusted_positional_adp_2023
2023,2023-09-07,Kenny Pickett,QB,,4690,17,22,22.25,129.7,129.7,3795,0.8092,5236,1.1164,,hwang_adjusted_positional_adp_2023
2023,2023-09-07,Dalton Kincaid,TE,,4629,5,11,10.84,103.3,103.3,3534,0.7634,5335,1.1525,,hwang_adjusted_positional_adp_2023
2023,2023-09-07,Javonte Williams,RB,,4554,14,21,20.73,62.3,56.6,3900,0.8564,4985,1.0946,,hwang_adjusted_positional_adp_2023
2023,2023-09-07,Quentin Johnston,WR,,4518,26,50,50.23,110.3,108.1,2877,0.6368,5528,1.2236,,hwang_adjusted_positional_adp_2023
2023,2023-09-07,Najee Harris,RB,,4466,15,14,14.22,44.5,44.5,4674,1.0466,4323,0.968,,hwang_adjusted_positional_adp_2023
2023,2023-09-07,Jordan Love,QB,,4452,18,21,20.67,122.0,122.0,3974,0.8926,4745,1.0658,,hwang_adjusted_positional_adp_2023
2023,2023-09-07,Dameon Pierce,RB,,4331,16,16,15.91,48.0,48.0,4450,1.0275,4249,0.9811,,hwang_adjusted_positional_adp_2023
2023,2023-09-07,George Kittle,TE,,4312,6,4,3.85,49.3,49.3,5645,1.3091,3387,0.7855,,hwang_adjusted_positional_adp_2023
2023,2023-09-07,Deebo Samuel,WR,,4258,27,13,13.33,27.8,27.8,5626,1.3213,3053,0.717,,hwang_adjusted_positional_adp_2023
2023,2023-09-07,Jerry Jeudy,WR,,4225,28,30,30.03,67.0,68.8,4148,0.9818,4275,1.0118,,hwang_adjusted_positional_adp_2023
2023,2023-09-07,Derrick Henry,RB,,4169,17,6,6.19,20.0,16.7,5788,1.3883,2859,0.6858,,hwang_adjusted_positional_adp_2023
2023,2023-09-07,Dallas Goedert,TE,,4096,7,6,5.94,64.0,64.0,4594,1.1216,3752,0.916,,hwang_adjusted_positional_adp_2023
2023,2023-09-07,Terry McLaurin,WR,,4067,29,24,23.75,55.7,52.7,4728,1.1625,3593,0.8835,,hwang_adjusted_positional_adp_2023
2023,2023-09-07,Jared Goff,QB,,4061,19,14,14.08,99.5,99.5,5111,1.2586,3311,0.8153,,hwang_adjusted_positional_adp_2023
2023,2023-09-07,Diontae Johnson,WR,,4042,30,36,36.06,72.3,73.6,3831,0.9478,4193,1.0374,,hwang_adjusted_positional_adp_2023
2023,2023-09-07,Darren Waller,TE,,4028,8,5,5.0,56.7,56.7,4869,1.2088,3441,0.8543,,hwang_adjusted_positional_adp_2023
2023,2023-09-07,Sam LaPorta,TE,,4027,9,12,12.01,109.3,109.3,3335,0.8282,4432,1.1006,,hwang_adjusted_positional_adp_2023
2023,2023-09-07,James Cook,RB,,4017,18,18,17.73,50.0,50.0,4173,1.0388,3909,0.9731,,hwang_adjusted_positional_adp_2023
2023,2023-09-07,Pat Freiermuth,TE,,4016,10,10,10.22,100.7,100.7,3764,0.9373,4166,1.0374,,hwang_adjusted_positional_adp_2023
2023,2023-09-07,Brock Purdy,QB,,3994,20,19,19.1,116.8,116.8,4269,1.0689,3804,0.9524,,hwang_adjusted_positional_adp_2023
2023,2023-09-07,Treylon Burks,WR,,3984,31,46,45.82,101.3,101.8,3159,0.7929,4548,1.1416,,hwang_adjusted_positional_adp_2023
2023,2023-09-07,J.K. Dobbins,RB,,3963,19,125,125.0,,,460,0.1161,5903,1.4895,1,hwang_adjusted_positional_adp_2023
2023,2023-09-07,Chris Godwin,WR,,3962,32,27,27.02,59.3,59.3,4381,1.1058,3663,0.9245,,hwang_adjusted_positional_adp_2023
2023,2023-09-07,Michael Pittman,WR,,3856,33,31,31.4,71.0,71.0,4084,1.0591,3698,0.959,,hwang_adjusted_positional_adp_2023
2023,2023-09-07,Zach Charbonnet,RB,,3844,20,38,38.0,107.7,107.7,2890,0.7518,4474,1.1639,,hwang_adjusted_positional_adp_2023
2023,2023-09-07,Amari Cooper,WR,,3841,34,18,18.83,36.3,36.3,4950,1.2887,2815,0.7329,,hwang_adjusted_positional_adp_2023
2023,2023-09-07,Joe Mixon,RB,,3799,21,13,12.7,35.7,35.7,4920,1.2951,2947,0.7757,,hwang_adjusted_positional_adp_2023
2023,2023-09-07,Jameson Williams,WR,,3795,35,54,54.4,117.3,117.3,2736,0.7209,4468,1.1773,,hwang_adjusted_positional_adp_2023
2023,2023-09-07,Christian Kirk,WR,,3790,36,26,26.04,58.3,58.3,4548,1.2,3191,0.842,,hwang_adjusted_positional_adp_2023
2023,2023-09-07,Sam Howell,QB,,3743,21,26,25.9,157.0,157.0,3194,0.8533,4095,1.094,,hwang_adjusted_positional_adp_2023
2023,2023-09-07,Rachaad White,RB,,3732,22,23,22.88,63.5,61.1,3646,0.977,3783,1.0137,,hwang_adjusted_positional_adp_2023
2023,2023-09-07,Geno Smith,QB,,3706,22,17,17.18,107.3,107.3,4726,1.2752,2979,0.8038,,hwang_adjusted_positional_adp_2023
2023,2023-09-07,Kirk Cousins,QB,,3662,23,13,13.35,98.3,98.3,5225,1.4268,2436,0.6652,,hwang_adjusted_positional_adp_2023
2023,2023-09-07,Alexander Mattison,RB,,3612,23,19,18.88,57.3,52.1,4026,1.1146,3320,0.9192,,hwang_adjusted_positional_adp_2023
2023,2023-09-07,Miles Sanders,RB,,3606,24,22,22.15,61.3,59.7,3736,1.0361,3516,0.975,,hwang_adjusted_positional_adp_2023
2023,2023-09-07,Aaron Jones,RB,,3601,25,17,17.24,48.3,49.6,4251,1.1805,3113,0.8645,,hwang_adjusted_positional_adp_2023
2023,2023-09-07,Marquise Brown,WR,,3532,37,42,41.66,89.3,89.3,3362,0.9519,3651,1.0337,,hwang_adjusted_positional_adp_2023
2023,2023-09-07,Cam Akers,RB,,3498,26,25,25.3,65.7,65.7,3539,1.0117,3470,0.992,,hwang_adjusted_positional_adp_2023
2023,2023-09-07,Isiah Pacheco,RB,,3496,27,26,25.82,65.8,66.0,3514,1.0051,3484,0.9966,,hwang_adjusted_positional_adp_2023
2023,2023-09-07,Michael Mayer,TE,,3444,11,31,31.04,209.5,209.5,1716,0.4983,4499,1.3063,,hwang_adjusted_positional_adp_2023
2023,2023-09-07,Keenan Allen,WR,,3441,38,19,18.84,36.3,36.3,4949,1.4382,1834,0.533,,hwang_adjusted_positional_adp_2023
2023,2023-09-07,D'Andre Swift,RB,,3429,28,24,24.05,64.8,63.7,3580,1.044,3323,0.9691,,hwang_adjusted_positional_adp_2023
2023,2023-09-07,Aaron Rodgers,QB,,3373,24,18,17.77,109.3,109.3,4628,1.3721,2458,0.7287,,hwang_adjusted_positional_adp_2023
2023,2023-09-07,Skyy Moore,WR,,3354,39,48,48.11,107.7,105.8,3071,0.9156,3562,1.062,,hwang_adjusted_positional_adp_2023
2023,2023-09-07,Marvin Mims,WR,,3348,40,65,64.87,144.5,139.4,2287,0.6831,4056,1.2115,,hwang_adjusted_positional_adp_2023
2023,2023-09-07,Evan Engram,TE,,3304,12,9,8.66,92.0,92.0,3955,1.197,2848,0.862,,hwang_adjusted_positional_adp_2023
2023,2023-09-07,Elijah Moore,WR,,3284,41,47,46.98,99.8,103.7,3086,0.9397,3425,1.0429,,hwang_adjusted_positional_adp_2023
2023,2023-09-07,Mike Williams,WR,,3268,42,20,20.02,51.0,37.3,4931,1.5089,1298,0.3972,,hwang_adjusted_positional_adp_2023
2023,2023-09-07,Derek Carr,QB,,3267,25,24,23.85,137.0,137.0,3459,1.0588,3134,0.9593,,hwang_adjusted_positional_adp_2023
2023,2023-09-07,De'Von Achane,RB,,3240,29,29,29.22,96.0,85.3,3254,1.0043,3230,0.9969,,hwang_adjusted_positional_adp_2023
2023,2023-09-07,Mike Evans,WR,,3227,43,29,29.16,68.0,66.2,4225,1.3093,2343,0.7261,,hwang_adjusted_positional_adp_2023
2023,2023-09-07,Khalil Herbert,RB,,3218,30,33,32.87,87.0,92.8,3143,0.9767,3263,1.014,,hwang_adjusted_positional_adp_2023
2023,2023-09-07,David Montgomery,RB,,3214,31,27,26.67,66.8,66.8,3482,1.0834,3024,0.9409,,hwang_adjusted_positional_adp_2023
2023,2023-09-07,Jonathan Mingo,WR,,3177,44,71,71.09,162.5,162.5,2059,0.6481,3913,1.2317,,hwang_adjusted_positional_adp_2023
2023,2023-09-07,Russell Wilson,QB,,3165,26,23,22.8,131.5,131.5,3759,1.1877,2749,0.8686,,hwang_adjusted_positional_adp_2023
2023,2023-09-07,Alvin Kamara,RB,,3148,32,28,27.94,76.0,74.7,3411,1.0835,2962,0.9409,,hwang_adjusted_positional_adp_2023
2023,2023-09-07,Tank Bigsby,RB,,3141,33,43,43.23,127.0,122.8,2495,0.7943,3526,1.1226,,hwang_adjusted_positional_adp_2023
2023,2023-09-07,Brian Robinson,RB,,3135,34,32,32.35,92.7,92.7,3152,1.0054,3123,0.9962,,hwang_adjusted_positional_adp_2023
2023,2023-09-07,David Njoku,TE,,3117,13,8,8.37,91.3,91.3,3993,1.281,2494,0.8001,,hwang_adjusted_positional_adp_2023
2023,2023-09-07,Tyler Lockett,WR,,3113,45,32,31.6,65.3,71.0,4078,1.31,2270,0.7292,,hwang_adjusted_positional_adp_2023
2023,2023-09-07,Kendre Miller,RB,,3108,35,58,58.22,165.5,172.9,1693,0.5447,3941,1.268,,hwang_adjusted_positional_adp_2023
2023,2023-09-07,Desmond Ridder,QB,,3064,27,33,32.62,206.0,206.0,2046,0.6678,3672,1.1984,,hwang_adjusted_positional_adp_2023
2023,2023-09-07,Antonio Gibson,RB,,3059,36,34,34.0,93.0,93.0,3102,1.0141,3029,0.9902,,hwang_adjusted_positional_adp_2023
2023,2023-09-07,Luke Musgrave,TE,,3052,14,24,23.79,170.3,170.3,2130,0.6979,3607,1.1818,,hwang_adjusted_positional_adp_2023
2023,2023-09-07,Gabriel Davis,WR,,3018,46,180,179.6,,,427,0.1415,4802,1.5911,1,hwang_adjusted_positional_adp_2023
2023,2023-09-07,Rashod Bateman,WR,,3014,47,51,51.2,101.0,108.4,2840,0.9423,3127,1.0375,,hwang_adjusted_positional_adp_2023
2023,2023-09-07,DeAndre Hopkins,WR,,3010,48,23,23.31,49.3,51.7,4761,1.5817,709,0.2355,,hwang_adjusted_positional_adp_2023
2023,2023-09-07,Mac Jones,QB,,2997,28,32,32.25,204.0,204.0,2092,0.698,3529,1.1775,,hwang_adjusted_positional_adp_2023
2023,2023-09-07,Cole Kmet,TE,,2947,15,19,18.6,142.7,142.7,2631,0.8928,3140,1.0655,,hwang_adjusted_positional_adp_2023
2023,2023-09-07,Jaylen Warren,RB,,2921,37,39,38.7,112.3,108.0,2870,0.9825,2952,1.0106,,hwang_adjusted_positional_adp_2023
2023,2023-09-07,James Conner,RB,,2895,38,31,31.1,74.7,91.1,3204,1.1067,2667,0.9212,,hwang_adjusted_positional_adp_2023
2023,2023-09-07,AJ Dillon,RB,,2884,39,35,34.65,96.3,93.2,3096,1.0735,2734,0.948,,hwang_adjusted_positional_adp_2023
2023,2023-09-07,Greg Dulcich,TE,,2875,16,21,21.03,155.7,155.7,2404,0.8362,3168,1.1019,,hwang_adjusted_positional_adp_2023
2023,2023-09-07,Romeo Doubs,WR,,2863,49,55,54.6,121.3,117.3,2726,0.9521,2969,1.037,,hwang_adjusted_positional_adp_2023
2023,2023-09-07,Roschon Johnson,RB,,2829,40,48,48.08,145.3,135.8,2174,0.7685,3208,1.134,,hwang_adjusted_positional_adp_2023
2023,2023-09-07,Chigoziem Okonkwo,TE,,2821,17,18,18.4,142.7,142.7,2644,0.9373,2927,1.0376,,hwang_adjusted_positional_adp_2023
2023,2023-09-07,Tyjae Spears,RB,,2766,41,54,53.71,155.3,146.5,1908,0.6898,3272,1.1829,,hwang_adjusted_positional_adp_2023
2023,2023-09-07,Jalin Hyatt,WR,,2754,50,76,76.13,174.0,174.0,1923,0.6983,3362,1.2208,,hwang_adjusted_positional_adp_2023
2023,2023-09-07,Kadarius Toney,WR,,2711,51,45,44.93,103.8,101.1,3228,1.1907,2335,0.8613,,hwang_adjusted_positional_adp_2023
2023,2023-09-07,Rashee Rice,WR,,2695,52,57,56.6,121.3,128.0,2599,0.9644,2769,1.0275,,hwang_adjusted_positional_adp_2023
2023,2023-09-07,Courtland Sutton,WR,,2686,53,41,41.2,89.0,88.4,3377,1.2573,2111,0.7859,,hwang_adjusted_positional_adp_2023
2023,2023-09-07,Jayden Reed,WR,,2661,54,66,65.64,140.0,140.0,2271,0.8534,2944,1.1064,,hwang_adjusted_positional_adp_2023
2023,2023-09-07,Dalvin Cook,RB,,2650,42,30,30.03,77.3,88.4,3229,1.2185,2166,0.8174,,hwang_adjusted_positional_adp_2023
2023,2023-09-07,Nico Collins,WR,,2589,55,53,52.65,109.0,109.0,2793,1.0788,2447,0.9452,,hwang_adjusted_positional_adp_2023
2023,2023-09-07,Dalton Schultz,TE,,2514,18,14,13.61,115.3,115.3,3102,1.2339,2097,0.8341,,hwang_adjusted_positional_adp_2023
2023,2023-09-07,Josh Downs,WR,,2505,56,103,102.71,231.0,231.0,1146,0.4575,3439,1.3729,,hwang_adjusted_positional_adp_2023
2023,2023-09-07,Brandin Cooks,WR,,2469,57,37,36.88,77.0,74.2,3669,1.486,1144,0.4633,,hwang_adjusted_positional_adp_2023
2023,2023-09-07,Jake Ferguson,TE,,2468,19,15,15.22,133.0,133.0,2978,1.2066,2109,0.8545,,hwang_adjusted_positional_adp_2023
2023,2023-09-07,Tyler Allgeier,RB,,2459,43,47,46.75,135.3,133.2,2255,0.917,2587,1.0521,,hwang_adjusted_positional_adp_2023
2023,2023-09-07,Isaiah Likely,TE,,2444,20,22,21.83,158.3,158.3,2377,0.9726,2485,1.0168,,hwang_adjusted_positional_adp_2023
2023,2023-09-07,Juwan Johnson,TE,,2385,21,17,16.67,138.7,138.7,2882,1.2084,2033,0.8524,,hwang_adjusted_positional_adp_2023
2023,2023-09-07,Trey McBride,TE,,2378,22,34,33.78,223.0,223.0,1575,0.6623,2854,1.2002,,hwang_adjusted_positional_adp_2023
2023,2023-09-07,Wan'Dale Robinson,WR,,2362,58,101,100.6,231.0,230.0,1199,0.5076,3198,1.3539,,hwang_adjusted_positional_adp_2023
2023,2023-09-07,John Metchie,WR,,2343,59,104,103.79,230.0,236.0,1120,0.478,3221,1.3747,,hwang_adjusted_positional_adp_2023
2023,2023-09-07,JuJu Smith-Schuster,WR,,2308,60,49,49.02,116.7,107.0,2977,1.2899,1764,0.7643,,hwang_adjusted_positional_adp_2023
2023,2023-09-07,Kenneth Gainwell,RB,,2277,44,45,45.03,116.0,129.3,2362,1.0373,2220,0.975,,hwang_adjusted_positional_adp_2023
2023,2023-09-07,Will Levis,QB,,2263,29,38,37.89,288.5,288.5,1474,0.6513,2812,1.2426,,hwang_adjusted_positional_adp_2023
2023,2023-09-07,Darnell Mooney,WR,,2257,61,61,61.42,140.0,133.7,2401,1.0638,2158,0.9561,,hwang_adjusted_positional_adp_2023
2023,2023-09-07,Alec Pierce,WR,,2256,62,73,72.7,168.0,164.8,1991,0.8825,2486,1.102,,hwang_adjusted_positional_adp_2023
2023,2023-09-07,Elijah Mitchell,RB,,2233,45,37,37.38,111.0,107.4,2914,1.305,1723,0.7716,,hwang_adjusted_positional_adp_2023
2023,2023-09-07,Jamaal Williams,RB,,2205,46,40,40.03,110.0,110.0,2794,1.2671,1778,0.8063,,hwang_adjusted_positional_adp_2023
2023,2023-09-07,Matthew Stafford,QB,,2185,30,20,20.29,121.3,121.3,4069,1.8622,705,0.3227,,hwang_adjusted_positional_adp_2023
2023,2023-09-07,Tank Dell,WR,,2182,63,88,88.27,200.0,202.5,1531,0.7016,2702,1.2383,,hwang_adjusted_positional_adp_2023
2023,2023-09-07,Michael Thomas,WR,,2153,64,52,51.73,103.3,108.5,2816,1.3079,1594,0.7404,,hwang_adjusted_positional_adp_2023
2023,2023-09-07,Jakobi Meyers,WR,,2135,65,59,59.25,133.3,132.6,2481,1.1621,1885,0.8829,,hwang_adjusted_positional_adp_2023
2023,2023-09-07,Jimmy Garoppolo,QB,,2126,31,31,30.96,195.0,195.0,2298,1.0809,2007,0.944,,hwang_adjusted_positional_adp_2023
2023,2023-09-07,Rondale Moore,WR,,2100,66,180,179.6,,,427,0.2033,3312,1.5771,1,hwang_adjusted_positional_adp_2023
2023,2023-09-07,Sean Tucker,RB,,2061,47,70,69.74,217.0,217.9,1423,0.6904,2581,1.2523,,hwang_adjusted_positional_adp_2023
2023,2023-09-07,Justyn Ross,WR,,2041,67,97,96.75,213.5,225.5,1344,0.6585,2615,1.2812,,hwang_adjusted_positional_adp_2023
2023,2023-09-07,Rashaad Penny,RB,,2036,48,44,43.93,120.3,125.5,2416,1.1866,1768,0.8684,,hwang_adjusted_positional_adp_2023
2023,2023-09-07,Samaje Perine,RB,,2033,49,41,41.07,113.3,111.7,2750,1.3527,1493,0.7344,,hwang_adjusted_positional_adp_2023
2023,2023-09-07,Dawson Knox,TE,,2030,23,16,16.34,138.3,138.3,2912,1.4345,1382,0.6808,,hwang_adjusted_positional_adp_2023
2023,2023-09-07,Donovan Peoples-Jones,WR,,2023,68,74,74.28,153.3,167.0,1965,0.9713,2099,1.0376,,hwang_adjusted_positional_adp_2023
2023,2023-09-07,Tyler Higbee,TE,,2007,24,13,13.36,115.0,115.0,3127,1.558,1105,0.5506,,hwang_adjusted_positional_adp_2023
2023,2023-09-07,Luke Schoonmaker,TE,,2004,25,44,44.03,287.5,287.5,1058,0.5279,2615,1.3049,,hwang_adjusted_positional_adp_2023
2023,2023-09-07,Deuce Vaughn,RB,,2001,50,66,66.4,185.0,203.0,1471,0.7351,2387,1.1929,,hwang_adjusted_positional_adp_2023
2023,2023-09-07,Michael Wilson,WR,,1991,69,94,94.1,222.0,222.0,1399,0.7027,2485,1.2481,,hwang_adjusted_positional_adp_2023
2023,2023-09-07,Baker Mayfield,QB,,1931,32,28,27.91,174.0,174.0,2950,1.5277,1211,0.6271,,hwang_adjusted_positional_adp_2023
2023,2023-09-07,Evan Hull,RB,,1931,51,68,68.4,225.0,217.0,1456,0.754,2308,1.1952,,hwang_adjusted_positional_adp_2023
2023,2023-09-07,Puka Nacua,WR,,1919,70,70,70.14,161.3,159.3,2093,1.0907,1799,0.9375,,hwang_adjusted_positional_adp_2023
2023,2023-09-07,Darnell Washington,TE,,1916,26,45,45.19,293.0,293.0,1053,0.5496,2492,1.3006,,hwang_adjusted_positional_adp_2023
2023,2023-09-07,Allen Lazard,WR,,1914,71,56,56.4,128.0,128.0,2607,1.3621,1285,0.6714,,hwang_adjusted_positional_adp_2023
2023,2023-09-07,Cedric Tillman,WR,,1912,72,106,106.28,257.5,255.0,1078,0.5638,2511,1.3133,,hwang_adjusted_positional_adp_2023
2023,2023-09-07,Tyler Boyd,WR,,1908,73,64,64.36,137.3,139.1,2309,1.2102,1601,0.8391,,hwang_adjusted_positional_adp_2023
2023,2023-09-07,Zay Jones,WR,,1904,74,63,62.63,134.0,134.0,2363,1.2411,1527,0.802,,hwang_adjusted_positional_adp_2023
2023,2023-09-07,Chase Brown,RB,,1893,52,72,72.82,230.0,225.0,1293,0.683,2350,1.2414,,hwang_adjusted_positional_adp_2023
2023,2023-09-07,Rashid Shaheed,WR,,1891,75,80,79.78,178.0,187.7,1767,0.9344,1974,1.0439,,hwang_adjusted_positional_adp_2023
2023,2023-09-07,Trey Lance,QB,,1884,33,36,35.81,272.5,272.5,1711,0.9082,1994,1.0584,,hwang_adjusted_positional_adp_2023
2023,2023-09-07,D.J. Chark,WR,,1880,76,83,82.83,171.0,189.0,1647,0.8761,2031,1.0803,,hwang_adjusted_positional_adp_2023
2023,2023-09-07,Michael Gallup,WR,,1867,77,60,60.25,126.7,133.5,2436,1.3048,1311,0.7022,,hwang_adjusted_positional_adp_2023
2023,2023-09-07,Isaiah Hodgins,WR,,1801,78,84,83.71,189.5,189.5,1622,0.9006,1923,1.0677,,hwang_adjusted_positional_adp_2023
2023,2023-09-07,Zamir White,RB,,1794,53,67,66.6,203.0,203.0,1470,0.8194,2076,1.1572,,hwang_adjusted_positional_adp_2023
2023,2023-09-07,Hendon Hooker,QB,,1791,34,72,74.45,,,772,0.431,2471,1.3797,1,hwang_adjusted_positional_adp_2023
2023,2023-09-07,Deon Jackson,RB,,1761,54,59,59.35,178.3,174.5,1674,0.9506,1838,1.0437,,hwang_adjusted_positional_adp_2023
2023,2023-09-07,Noah Fant,TE,,1740,27,35,35.11,226.5,226.5,1540,0.8851,1913,1.0994,,hwang_adjusted_positional_adp_2023
2023,2023-09-07,Jerome Ford,RB,,1734,55,52,51.8,143.0,140.1,2028,1.1696,1528,0.8812,,hwang_adjusted_positional_adp_2023
2023,2023-09-07,Dorian Thompson-Robinson,QB,,1715,35,40,40.27,297.0,297.0,1330,0.7755,1957,1.1411,,hwang_adjusted_positional_adp_2023
2023,2023-09-07,Van Jefferson,WR,,1698,79,67,67.34,151.7,151.1,2211,1.3021,1273,0.7497,,hwang_adjusted_positional_adp_2023
2023,2023-09-07,Odell Beckham,WR,,1675,80,44,44.04,97.5,100.6,3256,1.9439,0,0.0,,hwang_adjusted_positional_adp_2023
2023,2023-09-07,Irv Smith,TE,,1665,28,23,23.03,164.7,164.7,2158,1.2961,1313,0.7886,,hwang_adjusted_positional_adp_2023
2023,2023-09-07,Cade Otton,TE,,1646,29,25,25.14,188.0,188.0,2056,1.2491,1357,0.8244,,hwang_adjusted_positional_adp_2023
2023,2023-09-07,Daniel Bellinger,TE,,1641,30,42,42.0,280.5,280.5,1131,0.6892,2004,1.2212,,hwang_adjusted_positional_adp_2023
2023,2023-09-07,Noah Gray,TE,,1636,31,30,29.91,204.0,204.0,1751,1.0703,1557,0.9517,,hwang_adjusted_positional_adp_2023
2023,2023-09-07,Ryan Tannehill,QB,,1631,36,30,30.02,187.7,187.7,2366,1.4506,1098,0.6732,,hwang_adjusted_positional_adp_2023
2023,2023-09-07,Raheem Mostert,RB,,1614,56,36,35.76,93.0,96.0,3042,1.8848,30,0.0186,,hwang_adjusted_positional_adp_2023
2023,2023-09-07,Josh Palmer,WR,,1586,81,180,179.6,,,427,0.2692,2399,1.5126,1,hwang_adjusted_positional_adp_2023
2023,2023-09-07,Devin Singletary,RB,,1576,57,51,50.65,134.8,138.5,2076,1.3173,1211,0.7684,,hwang_adjusted_positional_adp_2023
2023,2023-09-07,Zach Evans,RB,,1566,58,86,86.12,276.0,299.7,937,0.5983,2055,1.3123,,hwang_adjusted_positional_adp_2023
2023,2023-09-07,Chase Claypool,WR,,1564,82,92,91.99,218.0,212.3,1453,0.929,1675,1.071,,hwang_adjusted_positional_adp_2023
2023,2023-09-07,Jerick McKinnon,RB,,1544,59,42,41.69,105.3,112.9,2704,1.7513,388,0.2513,,hwang_adjusted_positional_adp_2023
2023,2023-09-07,Ezekiel Elliott,RB,,1539,60,53,53.2,139.0,144.9,1931,1.2547,1250,0.8122,,hwang_adjusted_positional_adp_2023
2023,2023-09-07,K.J. Osborn,WR,,1534,83,69,68.69,155.7,152.8,2169,1.414,963,0.6278,,hwang_adjusted_positional_adp_2023
2023,2023-09-07,Mike Gesicki,TE,,1534,32,32,31.89,214.0,214.0,1660,1.0821,1447,0.9433,,hwang_adjusted_positional_adp_2023
2023,2023-09-07,Gerald Everett,TE,,1501,33,20,20.22,152.7,152.7,2468,1.6442,673,0.4484,,hwang_adjusted_positional_adp_2023
2023,2023-09-07,Curtis Samuel,WR,,1496,84,79,79.37,179.0,187.5,1783,1.1918,1292,0.8636,,hwang_adjusted_positional_adp_2023
2023,2023-09-07,Kayshon Boutte,WR,,1482,85,124,123.68,302.5,302.5,779,0.5256,2026,1.3671,,hwang_adjusted_positional_adp_2023
2023,2023-09-07,Hunter Renfrow,WR,,1457,86,87,87.04,201.0,200.0,1554,1.0666,1391,0.9547,,hwang_adjusted_positional_adp_2023
2023,2023-09-07,Trey Palmer,WR,,1455,87,108,107.98,279.0,256.5,1059,0.7278,1769,1.2158,,hwang_adjusted_positional_adp_2023
2023,2023-09-07,Hunter Henry,TE,,1454,34,27,26.74,197.0,197.0,1920,1.3205,1108,0.762,,hwang_adjusted_positional_adp_2023
2023,2023-09-07,Aidan O'Connell,QB,,1435,37,39,39.16,294.5,294.5,1397,0.9735,1462,1.0188,,hwang_adjusted_positional_adp_2023
2023,2023-09-07,Chuba Hubbard,RB,,1434,61,62,61.9,172.7,181.9,1601,1.1165,1320,0.9205,,hwang_adjusted_positional_adp_2023
2023,2023-09-07,Adam Thielen,WR,,1427,88,58,57.72,133.7,128.7,2530,1.773,0,0.0,,hwang_adjusted_positional_adp_2023
2023,2023-09-07,Israel Abanikanda,RB,,1426,62,96,96.4,317.5,318.0,677,0.4748,2033,1.4257,,hwang_adjusted_positional_adp_2023
2023,2023-09-07,Tucker Kraft,TE,,1424,35,37,37.38,261.7,261.7,1409,0.9895,1439,1.0105,,hwang_adjusted_positional_adp_2023
2023,2023-09-07,Ty Chandler,RB,,1416,63,71,71.08,203.5,222.2,1383,0.9767,1493,1.0544,,hwang_adjusted_positional_adp_2023
2023,2023-09-07,Zack Moss,RB,,1413,64,63,62.71,216.5,184.5,1586,1.1224,1293,0.9151,,hwang_adjusted_positional_adp_2023
2023,2023-09-07,Clyde Edwards-Helaire,RB,,1412,65,57,56.71,154.7,167.4,1739,1.2316,1164,0.8244,,hwang_adjusted_positional_adp_2023
2023,2023-09-07,Darius Slayton,WR,,1410,89,91,91.04,212.0,204.5,1478,1.0482,1367,0.9695,,hwang_adjusted_positional_adp_2023
2023,2023-09-07,Parris Campbell,WR,,1388,90,81,81.11,205.0,188.4,1690,1.2176,1155,0.8321,,hwang_adjusted_positional_adp_2023
2023,2023-09-07,Mecole Hardman,WR,,1385,91,75,74.65,188.0,167.4,1956,1.4123,835,0.6029,,hwang_adjusted_positional_adp_2023
2023,2023-09-07,Zach Wilson,QB,,1375,38,53,52.6,354.0,354.0,716,0.5207,1825,1.3273,,hwang_adjusted_positional_adp_2023
2023,2023-09-07,Terrace Marshall,WR,,1371,92,107,106.92,258.5,255.6,1068,0.779,1605,1.1707,,hwang_adjusted_positional_adp_2023
2023,2023-09-07,Chris Evans,RB,,1335,66,82,81.66,266.0,274.2,1045,0.7828,1600,1.1985,,hwang_adjusted_positional_adp_2023
2023,2023-09-07,D'Onta Foreman,RB,,1334,67,56,56.33,174.7,166.5,1753,1.3141,996,0.7466,,hwang_adjusted_positional_adp_2023
2023,2023-09-07,Kyren Williams,RB,,1328,68,55,55.0,161.3,156.4,1860,1.4006,869,0.6544,,hwang_adjusted_positional_adp_2023
2023,2023-09-07,Keaontay Ingram,RB,,1308,69,79,78.8,252.0,262.0,1174,0.8976,1449,1.1078,,hwang_adjusted_positional_adp_2023
2023,2023-09-07,Marquez Valdes-Scantling,WR,,1287,93,62,62.01,136.0,133.8,2403,1.8671,0,0.0,,hwang_adjusted_positional_adp_2023
2023,2023-09-07,Tyler Conklin,TE,,1283,36,26,26.36,196.5,196.5,1959,1.5269,753,0.5869,,hwang_adjusted_positional_adp_2023
2023,2023-09-07,Malik Willis,QB,,1282,39,42,42.29,314.0,314.0,1188,0.9267,1348,1.0515,,hwang_adjusted_positional_adp_2023
2023,2023-09-07,Calvin Austin III,WR,,1281,94,109,109.13,257.5,257.5,1046,0.8165,1499,1.1702,,hwang_adjusted_positional_adp_2023
2023,2023-09-07,Sam Darnold,QB,,1280,40,35,34.6,268.0,268.0,1841,1.4383,877,0.6852,,hwang_adjusted_positional_adp_2023
2023,2023-09-07,Jeffery Wilson,RB,,1261,70,125,125.0,,,460,0.3648,1861,1.4758,1,hwang_adjusted_positional_adp_2023
2023,2023-09-07,Xavier Hutchinson,WR,,1261,95,127,126.6,309.0,309.0,729,0.5781,1685,1.3362,,hwang_adjusted_positional_adp_2023
2023,2023-09-07,Isaiah Spiller,RB,,1255,71,78,77.81,260.0,260.0,1184,0.9434,1334,1.0629,,hwang_adjusted_positional_adp_2023
2023,2023-09-07,Tyquan Thornton,WR,,1240,96,112,112.15,277.0,264.3,960,0.7742,1482,1.1952,,hwang_adjusted_positional_adp_2023
2023,2023-09-07,Jelani Woods,TE,,1236,37,40,39.79,267.5,267.5,1219,0.9862,1257,1.017,,hwang_adjusted_positional_adp_2023
2023,2023-09-07,Zach Ertz,TE,,1222,38,36,35.65,228.5,228.5,1486,1.216,1039,0.8502,,hwang_adjusted_positional_adp_2023
2023,2023-09-07,Khalil Shakir,WR,,1220,97,77,76.95,187.3,177.4,1915,1.5697,455,0.373,,hwang_adjusted_positional_adp_2023
2023,2023-09-07,Stetson Bennett,QB,,1198,41,45,44.87,334.0,334.0,1042,0.8698,1301,1.086,,hwang_adjusted_positional_adp_2023
2023,2023-09-07,Gus Edwards,RB,,1184,72,46,46.28,136.3,132.6,2297,1.94,0,0.0,,hwang_adjusted_positional_adp_2023
2023,2023-09-07,Greg Dortch,WR,,1183,98,119,118.4,295.0,295.0,834,0.705,1492,1.2612,,hwang_adjusted_positional_adp_2023
2023,2023-09-07,Clayton Tune,QB,,1177,42,44,44.38,333.5,333.5,1068,0.9074,1243,1.0561,,hwang_adjusted_positional_adp_2023
2023,2023-09-07,Kyle Trask,QB,,1145,43,43,42.7,316.5,316.5,1176,1.0271,1124,0.9817,,hwang_adjusted_positional_adp_2023
2023,2023-09-07,A.T. Perry,WR,,1138,99,116,116.4,290.0,290.0,863,0.7583,1409,1.2381,,hwang_adjusted_positional_adp_2023
2023,2023-09-07,Eric Gray,RB,,1093,73,95,94.6,317.0,317.0,745,0.6816,1450,1.3266,,hwang_adjusted_positional_adp_2023
2023,2023-09-07,Kareem Hunt,RB,,1091,74,49,49.12,152.0,137.5,2160,1.9798,0,0.0,,hwang_adjusted_positional_adp_2023
2023,2023-09-07,Joshua Kelley,RB,,1078,75,74,74.02,228.5,225.0,1282,1.1892,937,0.8692,,hwang_adjusted_positional_adp_2023
2023,2023-09-07,Michael Carter,RB,,1077,76,81,81.3,262.0,273.4,1054,0.9786,1121,1.0409,,hwang_adjusted_positional_adp_2023
2023,2023-09-07,Jaleel McLaughlin,RB,,1069,77,91,90.92,313.0,311.4,852,0.797,1283,1.2002,,hwang_adjusted_positional_adp_2023
2023,2023-09-07,Rico Dowdle,RB,,1061,78,65,65.27,191.3,202.5,1535,1.4467,656,0.6183,,hwang_adjusted_positional_adp_2023
2023,2023-09-07,Joshua Dobbs,QB,,1057,44,37,37.23,285.0,285.0,1532,1.4494,707,0.6689,,hwang_adjusted_positional_adp_2023
2023,2023-09-07,Chris Rodriguez,RB,,1055,79,100,99.76,324.0,333.8,619,0.5867,1407,1.3336,,hwang_adjusted_positional_adp_2023
2023,2023-09-07,Jalen Tolbert,WR,,1048,100,93,93.26,220.3,220.3,1414,1.3492,779,0.7433,,hwang_adjusted_positional_adp_2023
2023,2023-09-07,Richie James,WR,,1046,101,78,77.94,189.0,181.7,1874,1.7916,24,0.0229,,hwang_adjusted_positional_adp_2023
2023,2023-09-07,Pierre Strong Jr.,RB,,1034,80,83,83.01,266.5,284.5,1013,0.9797,1054,1.0193,,hwang_adjusted_positional_adp_2023
2023,2023-09-07,Hayden Hurst,TE,,1031,39,29,28.8,200.5,200.5,1782,1.7284,433,0.42,,hwang_adjusted_positional_adp_2023
2023,2023-09-07,Tutu Atwell,WR,,1014,102,113,112.68,266.0,266.0,948,0.9349,1125,1.1095,,hwang_adjusted_positional_adp_2023
2023,2023-09-07,Dyami Brown,WR,,996,103,117,116.6,290.0,290.0,859,0.8624,1165,1.1697,,hwang_adjusted_positional_adp_2023
2023,2023-09-07,Tyler Huntley,QB,,979,45,56,65.49,365.0,365.0,626,0.6394,1234,1.2605,,hwang_adjusted_positional_adp_2023
2023,2023-09-07,Demario Douglas,WR,,954,104,120,120.2,298.0,298.0,821,0.8606,1143,1.1981,,hwang_adjusted_positional_adp_2023
2023,2023-09-07,David Bell,WR,,942,105,152,163.36,362.0,362.0,539,0.5722,1331,1.413,,hwang_adjusted_positional_adp_2023
2023,2023-09-07,DeVante Parker,WR,,940,106,90,89.97,213.0,203.7,1478,1.5723,428,0.4553,,hwang_adjusted_positional_adp_2023
2023,2023-09-07,Cole Turner,TE,,931,40,39,38.76,263.5,263.5,1306,1.4028,672,0.7218,,hwang_adjusted_positional_adp_2023
2023,2023-09-07,Kendrick Bourne,WR,,928,107,110,109.73,258.0,258.0,1021,1.1002,872,0.9397,,hwang_adjusted_positional_adp_2023
2023,2023-09-07,Tyler Scott,WR,,920,108,118,117.76,291.0,291.0,833,0.9054,1033,1.1228,,hwang_adjusted_positional_adp_2023
2023,2023-09-07,Albert Okwuegbunam,TE,,904,41,47,47.09,302.0,302.0,1025,1.1338,885,0.979,,hwang_adjusted_positional_adp_2023
2023,2023-09-07,Brenton Strange,TE,,904,42,69,73.2,395.0,395.0,756,0.8363,1194,1.3208,,hwang_adjusted_positional_adp_2023
2023,2023-09-07,Charlie Jones,WR,,896,109,164,168.1,391.0,391.0,596,0.6652,1225,1.3672,,hwang_adjusted_positional_adp_2023
2023,2023-09-07,Brevin Jordan,TE,,882,43,76,73.27,,,745,0.8447,1145,1.2982,1,hwang_adjusted_positional_adp_2023
2023,2023-09-07,Trayveon Williams,RB,,865,81,85,84.79,295.5,295.5,975,1.1272,810,0.9364,,hwang_adjusted_positional_adp_2023
2023,2023-09-07,Gardner Minshew,QB,,857,46,54,64.26,360.5,360.5,677,0.79,1028,1.1995,,hwang_adjusted_positional_adp_2023
2023,2023-09-07,Adam Trautman,TE,,848,44,43,42.66,281.0,281.0,1108,1.3066,668,0.7877,,hwang_adjusted_positional_adp_2023
2023,2023-09-07,Kenny McIntosh,RB,,846,82,107,112.65,346.0,346.0,600,0.7092,1162,1.3735,,hwang_adjusted_positional_adp_2023
2023,2023-09-07,Jeremy Ruckert,TE,,845,45,68,73.19,394.5,394.5,758,0.897,1080,1.2781,,hwang_adjusted_positional_adp_2023
2023,2023-09-07,Laviska Shenault,WR,,844,110,131,130.6,314.0,314.0,688,0.8152,1066,1.263,,hwang_adjusted_positional_adp_2023
2023,2023-09-07,Robert Woods,WR,,838,111,105,105.26,229.5,251.6,1092,1.3031,654,0.7804,,hwang_adjusted_positional_adp_2023
2023,2023-09-07,Jordan Mason,RB,,829,83,73,72.83,225.0,225.0,1293,1.5597,460,0.5549,,hwang_adjusted_positional_adp_2023
2023,2023-09-07,Harrison Bryant,TE,,822,46,76,73.27,,,745,0.9063,1051,1.2786,1,hwang_adjusted_positional_adp_2023
2023,2023-09-07,Ke'Shawn Vaughn,RB,,821,84,125,125.0,,,460,0.5603,1179,1.4361,1,hwang_adjusted_positional_adp_2023
2023,2023-09-07,Davis Mills,QB,,819,47,51,51.04,352.0,352.0,751,0.917,870,1.0623,,hwang_adjusted_positional_adp_2023
2023,2023-09-07,Tommy Tremble,TE,,818,47,76,73.27,,,745,0.9108,1035,1.2653,1,hwang_adjusted_positional_adp_2023
2023,2023-09-07,Foster Moreau,TE,,812,48,67,73.18,390.0,390.0,760,0.936,1011,1.2451,,hwang_adjusted_positional_adp_2023
2023,2023-09-07,Jameis Winston,QB,,803,48,55,64.86,362.0,362.0,677,0.8431,938,1.1681,,hwang_adjusted_positional_adp_2023
2023,2023-09-07,Elijah Higgins,TE,,801,49,76,73.27,,,745,0.9301,997,1.2447,1,hwang_adjusted_positional_adp_2023
2023,2023-09-07,Tyrion Davis-Price,RB,,771,85,104,104.06,341.0,341.0,543,0.7043,1056,1.3696,,hwang_adjusted_positional_adp_2023
2023,2023-09-07,Rakim Jarrett,WR,,765,112,180,179.6,,,427,0.5582,1140,1.4902,1,hwang_adjusted_positional_adp_2023
2023,2023-09-07,Devin Duvernay,WR,,761,113,134,133.8,320.5,320.5,658,0.8647,963,1.2654,,hwang_adjusted_positional_adp_2023
2023,2023-09-07,Brock Wright,TE,,758,50,54,53.78,331.0,331.0,826,1.0897,733,0.967,,hwang_adjusted_positional_adp_2023
2023,2023-09-07,Justice Hill,RB,,754,86,64,64.29,200.0,200.0,1563,2.0729,0,0.0,,hwang_adjusted_positional_adp_2023
2023,2023-09-07,Keaton Mitchell,RB,,751,87,115,117.05,368.0,368.0,573,0.763,1017,1.3542,,hwang_adjusted_positional_adp_2023
2023,2023-09-07,Josh Reynolds,WR,,749,114,85,85.0,202.0,192.5,1615,2.1562,0,0.0,,hwang_adjusted_positional_adp_2023
2023,2023-09-07,Kyle Philips,WR,,743,115,167,169.93,399.0,399.0,569,0.7658,1027,1.3822,,hwang_adjusted_positional_adp_2023
2023,2023-09-07,Jacoby Brissett,QB,,737,49,50,50.15,349.5,349.5,807,1.095,690,0.9362,,hwang_adjusted_positional_adp_2023
2023,2023-09-07,Jonnu Smith,TE,,709,51,61,60.66,361.5,361.5,683,0.9633,821,1.158,,hwang_adjusted_positional_adp_2023
2023,2023-09-07,Colby Parkinson,TE,,702,52,59,59.24,359.0,359.0,731,1.0413,747,1.0641,,hwang_adjusted_positional_adp_2023
2023,2023-09-07,Jarrett Stidham,QB,,689,50,63,69.04,415.0,415.0,572,0.8302,855,1.2409,,hwang_adjusted_positional_adp_2023
2023,2023-09-07,Taylor Heinicke,QB,,687,51,59,67.28,373.0,373.0,573,0.8341,800,1.1645,,hwang_adjusted_positional_adp_2023
2023,2023-09-07,Taysom Hill,TE,,680,53,28,28.13,199.3,199.3,1817,2.6721,0,0.0,,hwang_adjusted_positional_adp_2023
2023,2023-09-07,Dontayvion Wicks,WR,,679,116,89,88.93,203.0,203.0,1518,2.2356,0,0.0,,hwang_adjusted_positional_adp_2023
2023,2023-09-07,Myles Gaskin,RB,,679,88,76,76.15,252.0,252.0,1233,1.8159,217,0.3196,,hwang_adjusted_positional_adp_2023
2023,2023-09-07,Tre Tucker,WR,,673,117,144,157.35,346.0,346.0,356,0.529,1029,1.529,,hwang_adjusted_positional_adp_2023
2023,2023-09-07,Mike White,QB,,670,52,41,40.62,297.5,297.5,1308,1.9522,146,0.2179,,hwang_adjusted_positional_adp_2023
2023,2023-09-07,Quez Watkins,WR,,667,118,95,94.92,223.0,223.0,1382,2.072,0,0.0,,hwang_adjusted_positional_adp_2023
2023,2023-09-07,Parker Washington,WR,,666,119,166,169.92,397.0,397.0,569,0.8544,893,1.3408,,hwang_adjusted_positional_adp_2023
2023,2023-09-07,Cordarrelle Patterson,RB,,659,89,75,74.91,222.0,235.5,1252,1.8998,130,0.1973,,hwang_adjusted_positional_adp_2023
2023,2023-09-07,Bailey Zappe,QB,,655,53,49,48.98,344.0,344.0,843,1.287,522,0.7969,,hwang_adjusted_positional_adp_2023
2023,2023-09-07,Kene Nwangwu,RB,,653,90,92,92.4,312.0,312.0,766,1.173,585,0.8959,,hwang_adjusted_positional_adp_2023
2023,2023-09-07,Chase Edmonds,RB,,652,91,80,80.02,268.0,268.0,1141,1.75,255,0.3911,,hwang_adjusted_positional_adp_2023
2023,2023-09-07,Charlie Kolar,TE,,646,54,72,73.23,411.0,411.0,751,1.1625,699,1.082,,hwang_adjusted_positional_adp_2023
2023,2023-09-07,Peyton Hendershot,TE,,645,55,64,69.2,371.0,371.0,805,1.2481,662,1.0264,,hwang_adjusted_positional_adp_2023
2023,2023-09-07,Jauan Jennings,WR,,641,120,72,72.3,164.5,164.5,2010,3.1357,0,0.0,,hwang_adjusted_positional_adp_2023
2023,2023-09-07,Salvon Ahmed,RB,,635,92,93,92.6,302.0,312.0,763,1.2016,547,0.8614,,hwang_adjusted_positional_adp_2023
2023,2023-09-07,Deonte Harty,WR,,630,121,111,111.01,260.5,260.5,1014,1.6095,326,0.5175,,hwang_adjusted_positional_adp_2023
2023,2023-09-07,DeWayne McBride,RB,,626,93,84,84.31,295.0,294.2,988,1.5783,349,0.5575,,hwang_adjusted_positional_adp_2023
2023,2023-09-07,Boston Scott,RB,,622,94,105,105.0,342.5,342.5,542,0.8714,737,1.1849,,hwang_adjusted_positional_adp_2023
2023,2023-09-07,Jalen Guyton,WR,,613,122,129,128.6,313.0,313.0,699,1.1403,601,0.9804,,hwang_adjusted_positional_adp_2023
2023,2023-09-07,Noah Brown,WR,,610,123,115,114.98,285.3,285.3,930,1.5246,368,0.6033,,hwang_adjusted_positional_adp_2023
2023,2023-09-07,Ben Skowronek,WR,,604,124,150,161.21,357.0,357.0,491,0.8129,829,1.3725,,hwang_adjusted_positional_adp_2023
2023,2023-09-07,Isaiah McKenzie,WR,,596,125,146,158.59,349.5,349.5,500,0.8389,801,1.344,,hwang_adjusted_positional_adp_2023
2023,2023-09-07,Julius Chestnut,RB,,585,95,87,87.4,302.0,302.0,913,1.5607,340,0.5812,,hwang_adjusted_positional_adp_2023
2023,2023-09-07,Austin Hooper,TE,,564,56,51,51.36,325.5,325.5,925,1.6401,307,0.5443,,hwang_adjusted_positional_adp_2023
2023,2023-09-07,Hassan Haskins,RB,,553,96,125,125.0,,,460,0.8318,716,1.2948,1,hwang_adjusted_positional_adp_2023
2023,2023-09-07,Justin Shorter,WR,,553,126,171,169.97,406.0,406.0,568,1.0271,717,1.2966,,hwang_adjusted_positional_adp_2023
2023,2023-09-07,Cedrick Wilson,WR,,545,127,86,86.08,197.0,197.0,1572,2.8844,0,0.0,,hwang_adjusted_positional_adp_2023
2023,2023-09-07,DeeJay Dallas,RB,,534,97,89,88.87,305.0,305.0,876,1.6404,275,0.515,,hwang_adjusted_positional_adp_2023
2023,2023-09-07,Drew Lock,QB,,531,54,67,72.08,421.0,421.0,998,1.8795,267,0.5028,,hwang_adjusted_positional_adp_2023
2023,2023-09-07,D'Ernest Johnson,RB,,514,98,111,117.01,354.5,354.5,575,1.1187,554,1.0778,,hwang_adjusted_positional_adp_2023
2023,2023-09-07,Deneric Prince,RB,,511,99,99,99.34,333.0,333.0,625,1.2231,433,0.8474,,hwang_adjusted_positional_adp_2023
2023,2023-09-07,Nick Westbrook-Ikhine,WR,,509,128,139,138.8,328.5,328.5,613,1.2043,534,1.0491,,hwang_adjusted_positional_adp_2023
2023,2023-09-07,Nyheim Hines,RB,,507,100,125,125.0,,,460,0.9073,623,1.2288,1,hwang_adjusted_positional_adp_2023
2023,2023-09-07,Donald Parham,TE,,500,57,57,57.27,349.5,349.5,754,1.508,325,0.65,,hwang_adjusted_positional_adp_2023
2023,2023-09-07,Ihmir Smith-Marsette,WR,,490,129,162,168.08,389.0,389.0,597,1.2184,605,1.2347,,hwang_adjusted_positional_adp_2023
2023,2023-09-07,Kylen Granson,TE,,486,58,41,41.37,280.0,280.0,1160,2.3868,0,0.0,,hwang_adjusted_positional_adp_2023
2023,2023-09-07,Zonovan Knight,RB,,482,101,120,120.16,414.0,414.0,521,1.0809,539,1.1183,,hwang_adjusted_positional_adp_2023
2023,2023-09-07,Olamide Zaccheaus,WR,,481,130,122,122.13,301.0,301.0,790,1.6424,248,0.5156,,hwang_adjusted_positional_adp_2023
2023,2023-09-07,Andrei Iosivas,WR,,477,131,130,130.4,314.0,314.0,688,1.4423,332,0.696,,hwang_adjusted_positional_adp_2023
2023,2023-09-07,Equanimeous St. Brown,WR,,474,132,180,179.6,,,427,0.9008,692,1.4599,1,hwang_adjusted_positional_adp_2023
2023,2023-09-07,Kalif Raymond,WR,,474,133,125,125.15,307.0,307.0,756,1.5949,262,0.5527,,hwang_adjusted_positional_adp_2023
2023,2023-09-07,Jake Haener,QB,,473,55,72,74.45,,,772,1.6321,335,0.7082,1,hwang_adjusted_positional_adp_2023
2023,2023-09-07,Will Dissly,TE,,473,59,71,73.22,407.0,407.0,753,1.592,444,0.9387,,hwang_adjusted_positional_adp_2023
2023,2023-09-07,Samori Toure,WR,,469,134,140,139.94,330.0,330.0,598,1.2751,423,0.9019,,hwang_adjusted_positional_adp_2023
2023,2023-09-07,Braxton Berrios,WR,,468,135,128,128.4,313.0,313.0,702,1.5,296,0.6325,,hwang_adjusted_positional_adp_2023
2023,2023-09-07,Cameron Latu,TE,,467,60,76,73.27,,,745,1.5953,401,0.8587,1,hwang_adjusted_positional_adp_2023
2023,2023-09-07,KJ Hamler,WR,,457,136,180,179.6,,,427,0.9344,646,1.4136,1,hwang_adjusted_positional_adp_2023
2023,2023-09-07,Raheem Blackshear,RB,,443,102,109,114.02,350.0,353.1,575,1.298,423,0.9549,,hwang_adjusted_positional_adp_2023
2023,2023-09-07,Eno Benjamin,RB,,440,103,125,125.0,,,460,1.0455,527,1.1977,1,hwang_adjusted_positional_adp_2023
2023,2023-09-07,Danny Gray,WR,,434,137,180,179.6,,,427,0.9839,607,1.3986,1,hwang_adjusted_positional_adp_2023
2023,2023-09-07,Jalen Nailor,WR,,433,138,159,168.05,378.0,378.0,597,1.3788,482,1.1132,,hwang_adjusted_positional_adp_2023
2023,2023-09-07,Tre'Quan Smith,WR,,431,139,180,179.6,,,427,0.9907,602,1.3968,1,hwang_adjusted_positional_adp_2023
2023,2023-09-07,Marcus Mariota,QB,,430,56,62,69.03,390.0,390.0,572,1.3302,404,0.9395,,hwang_adjusted_positional_adp_2023
2023,2023-09-07,Mitchell Trubisky,QB,,425,57,72,74.45,,,772,1.8165,254,0.5976,1,hwang_adjusted_positional_adp_2023
2023,2023-09-07,Hunter Long,TE,,423,61,76,73.27,,,745,1.7612,309,0.7305,1,hwang_adjusted_positional_adp_2023
2023,2023-09-07,Denzel Mims,WR,,411,140,137,137.01,327.0,327.0,614,1.4939,269,0.6545,,hwang_adjusted_positional_adp_2023
2023,2023-09-07,Jaren Hall,QB,,411,58,72,74.45,,,772,1.8783,248,0.6034,1,hwang_adjusted_positional_adp_2023
2023,2023-09-07,Tylan Wallace,WR,,411,141,180,179.6,,,427,1.0389,545,1.326,1,hwang_adjusted_positional_adp_2023
2023,2023-09-07,Jason Brownlee,WR,,407,142,147,159.22,351.0,351.0,494,1.2138,463,1.1376,,hwang_adjusted_positional_adp_2023
2023,2023-09-07,Anthony Schwartz,WR,,403,143,180,179.6,,,427,1.0596,499,1.2382,1,hwang_adjusted_positional_adp_2023
2023,2023-09-07,Demarcus Robinson,WR,,403,144,96,96.08,224.5,224.5,1349,3.3474,0,0.0,,hwang_adjusted_positional_adp_2023
2023,2023-09-07,Gary Brightwell,RB,,392,104,125,125.0,,,460,1.1735,458,1.1684,1,hwang_adjusted_positional_adp_2023
2023,2023-09-07,Malik Davis,RB,,392,105,101,101.21,337.0,337.0,589,1.5026,253,0.6454,,hwang_adjusted_positional_adp_2023
2023,2023-09-07,Marquez Callaway,WR,,389,145,142,141.59,333.0,333.0,569,1.4627,263,0.6761,,hwang_adjusted_positional_adp_2023
2023,2023-09-07,Erik Ezukanma,WR,,382,146,169,169.95,403.0,403.0,569,1.4895,364,0.9529,,hwang_adjusted_positional_adp_2023
2023,2023-09-07,Jamal Agnew,WR,,381,147,133,133.33,320.0,320.0,662,1.7375,134,0.3517,,hwang_adjusted_positional_adp_2023
2023,2023-09-07,Josh Oliver,TE,,381,62,60,60.24,361.0,361.0,704,1.8478,157,0.4121,,hwang_adjusted_positional_adp_2023
2023,2023-09-07,John Bates,TE,,374,63,76,73.27,,,745,1.992,210,0.5615,1,hwang_adjusted_positional_adp_2023
2023,2023-09-07,Craig Reynolds,RB,,358,106,119,117.09,393.0,393.0,572,1.5978,291,0.8128,,hwang_adjusted_positional_adp_2023
2023,2023-09-07,Scotty Miller,WR,,358,148,157,167.06,375.5,375.5,605,1.6899,276,0.7709,,hwang_adjusted_positional_adp_2023
2023,2023-09-07,Mo Alie-Cox,TE,,354,64,62,62.24,367.5,367.5,642,1.8136,155,0.4379,,hwang_adjusted_positional_adp_2023
2023,2023-09-07,Trey Sermon,RB,,346,107,125,125.0,,,460,1.3295,370,1.0694,1,hwang_adjusted_positional_adp_2023
2023,2023-09-07,Drew Sample,TE,,343,65,73,73.24,413.0,413.0,750,2.1866,152,0.4431,,hwang_adjusted_positional_adp_2023
2023,2023-09-07,Bryce Ford-Wheaton,WR,,342,149,180,179.6,,,427,1.2485,386,1.1287,1,hwang_adjusted_positional_adp_2023
2023,2023-09-07,Kevin Harris,RB,,326,108,125,125.0,,,460,1.411,339,1.0399,1,hwang_adjusted_positional_adp_2023
2023,2023-09-07,Teagan Quitoriano,TE,,326,66,76,73.27,,,745,2.2853,82,0.2515,1,hwang_adjusted_positional_adp_2023
2023,2023-09-07,Nelson Agholor,WR,,323,150,100,99.6,230.0,230.0,1251,3.8731,0,0.0,,hwang_adjusted_positional_adp_2023
2023,2023-09-07,KaVontae Turpin,WR,,322,151,143,142.78,336.0,336.0,537,1.6677,159,0.4938,,hwang_adjusted_positional_adp_2023
2023,2023-09-07,James Robinson,RB,,320,109,90,90.35,311.0,311.0,863,2.6969,0,0.0,,hwang_adjusted_positional_adp_2023
2023,2023-09-07,Durham Smythe,TE,,311,67,33,33.31,222.0,222.0,1604,5.1576,0,0.0,,hwang_adjusted_positional_adp_2023
2023,2023-09-07,Tyler Johnson,WR,,292,152,149,160.58,356.0,356.0,484,1.6575,209,0.7158,,hwang_adjusted_positional_adp_2023
2023,2023-09-07,Max Duggan,QB,,291,59,72,74.45,,,772,2.6529,61,0.2096,1,hwang_adjusted_positional_adp_2023
2023,2023-09-07,Tyler Badie,RB,,291,110,125,125.0,,,460,1.5808,276,0.9485,1,hwang_adjusted_positional_adp_2023
2023,2023-09-07,Ian Thomas,TE,,278,68,76,73.27,,,745,2.6799,0,0.0,1,hwang_adjusted_positional_adp_2023
2023,2023-09-07,Jaelon Darden,WR,,261,153,180,179.6,,,427,1.636,258,0.9885,1,hwang_adjusted_positional_adp_2023
2023,2023-09-07,Lil'Jordan Humphrey,WR,,258,154,165,169.91,392.0,392.0,569,2.2054,144,0.5581,,hwang_adjusted_positional_adp_2023
2023,2023-09-07,Ty Johnson,RB,,251,111,125,125.0,,,460,1.8327,212,0.8446,1,hwang_adjusted_positional_adp_2023
2023,2023-09-07,Trenton Irwin,WR,,187,155,145,157.94,347.0,347.0,496,2.6524,0,0.0,,hwang_adjusted_positional_adp_2023
2023,2023-09-07,David Moore,WR,,151,156,180,179.6,,,427,2.8278,102,0.6755,1,hwang_adjusted_positional_adp_2023
2023,2023-09-07,Tim Patrick,WR,,1,157,180,179.6,,,427,427.0,0,0.0,1,hwang_adjusted_positional_adp_2023
2024,2024-09-05,Patrick Mahomes,QB,,9992,1,3,2.72,37.5,37.5,9536,0.9544,10304,1.0312,,hwang_adjusted_positional_adp_2024
2024,2024-09-05,Josh Allen,QB,,9975,2,1,1.0,29.3,29.3,9994,1.0019,9964,0.9989,,hwang_adjusted_positional_adp_2024
2024,2024-09-05,CeeDee Lamb,WR,,9796,1,1,1.0,2.0,2.0,9688,0.989,9870,1.0076,,hwang_adjusted_positional_adp_2024
2024,2024-09-05,Justin Jefferson,WR,,9449,2,5,4.9,7.5,7.5,7810,0.8265,10551,1.1166,,hwang_adjusted_positional_adp_2024
2024,2024-09-05,C.J. Stroud,QB,,9304,3,6,6.06,62.8,62.8,7794,0.8377,10342,1.1116,,hwang_adjusted_positional_adp_2024
2024,2024-09-05,Amon-Ra St. Brown,WR,,8857,3,3,3.21,5.5,5.5,8335,0.9411,9214,1.0403,,hwang_adjusted_positional_adp_2024
2024,2024-09-05,Bijan Robinson,RB,,8695,1,2,1.73,6.0,2.3,8201,0.9432,9033,1.0389,,hwang_adjusted_positional_adp_2024
2024,2024-09-05,Lamar Jackson,QB,,8641,4,4,3.86,44.3,44.3,8634,0.9992,8646,1.0006,,hwang_adjusted_positional_adp_2024
2024,2024-09-05,Jalen Hurts,QB,,8621,5,2,2.28,36.3,36.3,9783,1.1348,7957,0.923,,hwang_adjusted_positional_adp_2024
2024,2024-09-05,Ja'Marr Chase,WR,,8538,4,4,3.92,6.3,6.3,8111,0.95,8830,1.0342,,hwang_adjusted_positional_adp_2024
2024,2024-09-05,Marvin Harrison Jr.,WR,,8293,5,9,9.11,14.3,14.3,6594,0.7951,9392,1.1325,,hwang_adjusted_positional_adp_2024
2024,2024-09-05,Breece Hall,RB,,8273,2,3,3.1,4.8,9.0,7144,0.8635,9042,1.093,,hwang_adjusted_positional_adp_2024
2024,2024-09-05,Caleb Williams,QB,,8226,6,12,12.26,98.8,98.8,5983,0.7273,9662,1.1746,,hwang_adjusted_positional_adp_2024
2024,2024-09-05,Sam LaPorta,TE,,7603,1,1,1.0,35.3,35.3,7728,1.0164,7532,0.9907,,hwang_adjusted_positional_adp_2024
2024,2024-09-05,Joe Burrow,QB,,7517,7,8,8.19,76.3,76.3,7010,0.9326,7861,1.0458,,hwang_adjusted_positional_adp_2024
2024,2024-09-05,Jordan Love,QB,,7370,8,9,8.99,80.0,80.0,6835,0.9274,7733,1.0493,,hwang_adjusted_positional_adp_2024
2024,2024-09-05,Jahmyr Gibbs,RB,,7319,3,5,4.85,13.5,13.5,6272,0.8569,8031,1.0973,,hwang_adjusted_positional_adp_2024
2024,2024-09-05,Garrett Wilson,WR,,7302,6,7,6.92,10.5,10.5,6873,0.9412,7594,1.04,,hwang_adjusted_positional_adp_2024
2024,2024-09-05,Christian McCaffrey,RB,,7268,4,1,1.0,1.0,1.0,8725,1.2005,6434,0.8853,,hwang_adjusted_positional_adp_2024
2024,2024-09-05,Anthony Richardson,QB,,7220,9,5,5.23,58.8,58.8,8228,1.1396,6638,0.9194,,hwang_adjusted_positional_adp_2024
2024,2024-09-05,Puka Nacua,WR,,6957,7,8,7.92,12.0,12.0,6737,0.9684,7107,1.0216,,hwang_adjusted_positional_adp_2024
2024,2024-09-05,Kyler Murray,QB,,6875,10,7,6.78,65.8,65.8,7384,1.074,6583,0.9575,,hwang_adjusted_positional_adp_2024
2024,2024-09-05,A.J. Brown,WR,,6867,8,6,6.13,9.5,9.5,7075,1.0303,6749,0.9828,,hwang_adjusted_positional_adp_2024
2024,2024-09-05,Jayden Daniels,QB,,6852,11,11,10.87,88.8,88.8,6440,0.9399,7134,1.0412,,hwang_adjusted_positional_adp_2024
2024,2024-09-05,Malik Nabers,WR,,6844,9,18,17.87,33.0,32.7,5245,0.7664,7843,1.146,,hwang_adjusted_positional_adp_2024
2024,2024-09-05,Tyreek Hill,WR,,6738,10,2,1.83,3.0,3.0,9247,1.3724,5179,0.7686,,hwang_adjusted_positional_adp_2024
2024,2024-09-05,Justin Herbert,QB,,6485,12,18,17.66,126.5,126.5,4809,0.7416,7548,1.1639,,hwang_adjusted_positional_adp_2024
2024,2024-09-05,Trey McBride,TE,,6233,2,3,3.11,47.3,47.3,5907,0.9477,6458,1.0361,,hwang_adjusted_positional_adp_2024
2024,2024-09-05,Drake London,WR,,6088,11,10,9.77,18.3,15.6,6525,1.0718,5841,0.9594,,hwang_adjusted_positional_adp_2024
2024,2024-09-05,Jonathan Taylor,RB,,6050,5,6,5.76,11.8,14.6,6031,0.9969,6063,1.0021,,hwang_adjusted_positional_adp_2024
2024,2024-09-05,Jaylen Waddle,WR,,5988,12,15,14.76,28.8,24.1,5667,0.9464,6202,1.0357,,hwang_adjusted_positional_adp_2024
2024,2024-09-05,Dalton Kincaid,TE,,5985,3,4,4.36,52.5,52.5,5534,0.9246,6293,1.0515,,hwang_adjusted_positional_adp_2024
2024,2024-09-05,Trevor Lawrence,QB,,5963,13,16,15.76,111.0,111.0,5192,0.8707,6473,1.0855,,hwang_adjusted_positional_adp_2024
2024,2024-09-05,De'Von Achane,RB,,5905,6,8,7.98,19.0,22.5,5357,0.9072,6282,1.0638,,hwang_adjusted_positional_adp_2024
2024,2024-09-05,Chris Olave,WR,,5834,13,14,14.36,24.0,24.0,5682,0.9739,5936,1.0175,,hwang_adjusted_positional_adp_2024
2024,2024-09-05,Brandon Aiyuk,WR,,5809,14,17,17.39,32.8,32.6,5380,0.9261,6093,1.0489,,hwang_adjusted_positional_adp_2024
2024,2024-09-05,Nico Collins,WR,,5769,15,11,11.21,20.3,20.3,5988,1.038,5643,0.9782,,hwang_adjusted_positional_adp_2024
2024,2024-09-05,Brock Bowers,TE,,5765,4,11,10.65,100.5,100.5,3651,0.6333,7194,1.2479,,hwang_adjusted_positional_adp_2024
2024,2024-09-05,Rome Odunze,WR,,5687,16,39,39.12,80.8,80.8,3475,0.611,7081,1.2451,,hwang_adjusted_positional_adp_2024
2024,2024-09-05,DeVonta Smith,WR,,5679,17,22,22.19,33.8,34.3,4862,0.8561,6203,1.0923,,hwang_adjusted_positional_adp_2024
2024,2024-09-05,Brock Purdy,QB,,5541,14,13,12.81,101.0,101.0,5756,1.0388,5419,0.978,,hwang_adjusted_positional_adp_2024
2024,2024-09-05,Travis Etienne,RB,,5470,7,10,9.6,26.5,26.5,5272,0.9638,5613,1.0261,,hwang_adjusted_positional_adp_2024
2024,2024-09-05,Dak Prescott,QB,,5387,15,10,9.95,83.8,83.8,6543,1.2146,4709,0.8741,,hwang_adjusted_positional_adp_2024
2024,2024-09-05,Kyle Pitts,TE,,5348,5,6,6.17,64.8,64.8,4806,0.8987,5717,1.069,,hwang_adjusted_positional_adp_2024
2024,2024-09-05,Tua Tagovailoa,QB,,5303,16,15,14.6,107.3,107.3,5295,0.9985,5308,1.0009,,hwang_adjusted_positional_adp_2024
2024,2024-09-05,D.J. Moore,WR,,5270,18,21,20.77,32.5,33.2,4931,0.9357,5498,1.0433,,hwang_adjusted_positional_adp_2024
2024,2024-09-05,DK Metcalf,WR,,5224,19,19,19.4,31.8,32.9,5072,0.9709,5328,1.0199,,hwang_adjusted_positional_adp_2024
2024,2024-09-05,Saquon Barkley,RB,,5152,8,4,4.31,15.5,13.0,6706,1.3016,4256,0.8261,,hwang_adjusted_positional_adp_2024
2024,2024-09-05,Kyren Williams,RB,,5142,9,7,7.04,22.5,18.9,5598,1.0887,4883,0.9496,,hwang_adjusted_positional_adp_2024
2024,2024-09-05,Tank Dell,WR,,5118,20,26,26.25,49.3,49.3,4643,0.9072,5425,1.06,,hwang_adjusted_positional_adp_2024
2024,2024-09-05,Kenneth Walker III,RB,,5112,10,14,14.04,47.5,46.8,4620,0.9038,5466,1.0692,,hwang_adjusted_positional_adp_2024
2024,2024-09-05,Isiah Pacheco,RB,,4963,11,12,11.76,28.3,31.3,4931,0.9936,4986,1.0046,,hwang_adjusted_positional_adp_2024
2024,2024-09-05,Mark Andrews,TE,,4957,6,5,4.62,52.8,52.8,5410,1.0914,4700,0.9482,,hwang_adjusted_positional_adp_2024
2024,2024-09-05,Rashee Rice,WR,,4934,21,25,24.94,44.0,44.0,4708,0.9542,5084,1.0304,,hwang_adjusted_positional_adp_2024
2024,2024-09-05,Drake Maye,QB,,4904,17,30,30.4,199.0,199.0,2502,0.5102,6522,1.3299,,hwang_adjusted_positional_adp_2024
2024,2024-09-05,Michael Pittman,WR,,4893,22,20,19.6,34.8,32.9,5063,1.0347,4796,0.9802,,hwang_adjusted_positional_adp_2024
2024,2024-09-05,Brian Thomas Jr.,WR,,4838,23,45,44.89,88.5,94.8,3295,0.6811,5859,1.211,,hwang_adjusted_positional_adp_2024
2024,2024-09-05,Jared Goff,QB,,4836,18,14,14.4,107.3,107.3,5320,1.1001,4557,0.9423,,hwang_adjusted_positional_adp_2024
2024,2024-09-05,Tee Higgins,WR,,4775,24,28,27.6,50.5,50.5,4581,0.9594,4904,1.027,,hwang_adjusted_positional_adp_2024
2024,2024-09-05,Xavier Worthy,WR,,4745,25,36,36.01,71.5,70.2,3918,0.8257,5291,1.1151,,hwang_adjusted_positional_adp_2024
2024,2024-09-05,Jaxon Smith-Njigba,WR,,4717,26,40,40.1,83.0,83.0,3461,0.7337,5537,1.1738,,hwang_adjusted_positional_adp_2024
2024,2024-09-05,Zay Flowers,WR,,4707,27,29,28.96,52.3,52.3,4492,0.9543,4851,1.0306,,hwang_adjusted_positional_adp_2024
2024,2024-09-05,James Cook,RB,,4694,12,13,13.27,46.3,44.2,4787,1.0198,4644,0.9893,,hwang_adjusted_positional_adp_2024
2024,2024-09-05,Jonathon Brooks,RB,,4694,13,33,32.73,107.0,103.2,3118,0.6643,5886,1.2539,,hwang_adjusted_positional_adp_2024
2024,2024-09-05,George Pickens,WR,,4650,28,31,30.64,54.8,54.8,4161,0.8948,4980,1.071,,hwang_adjusted_positional_adp_2024
2024,2024-09-05,Deebo Samuel,WR,,4566,29,13,12.67,22.0,22.0,5776,1.265,3611,0.7908,,hwang_adjusted_positional_adp_2024
2024,2024-09-05,Travis Kelce,TE,,4498,7,2,1.8,38.3,38.3,6716,1.4931,3194,0.7101,,hwang_adjusted_positional_adp_2024
2024,2024-09-05,Bo Nix,QB,,4478,19,25,25.28,175.5,175.5,3263,0.7287,5312,1.1862,,hwang_adjusted_positional_adp_2024
2024,2024-09-05,T.J. Hockenson,TE,,4433,8,15,14.96,140.5,140.5,3020,0.6813,5345,1.2057,,hwang_adjusted_positional_adp_2024
2024,2024-09-05,Josh Jacobs,RB,,4407,14,9,9.4,37.0,26.5,5279,1.1979,3899,0.8847,,hwang_adjusted_positional_adp_2024
2024,2024-09-05,J.J. McCarthy,QB,,4382,20,62,69.12,,,572,0.1305,6396,1.4596,1,hwang_adjusted_positional_adp_2024
2024,2024-09-05,Jordan Addison,WR,,4107,30,50,49.8,101.3,103.3,3006,0.7319,4917,1.1972,,hwang_adjusted_positional_adp_2024
2024,2024-09-05,Ladd McConkey,WR,,4092,31,44,43.6,96.3,94.3,3326,0.8128,4648,1.1359,,hwang_adjusted_positional_adp_2024
2024,2024-09-05,Jayden Reed,WR,,4082,32,37,36.86,72.3,72.3,3793,0.9292,4287,1.0502,,hwang_adjusted_positional_adp_2024
2024,2024-09-05,Cooper Kupp,WR,,4080,33,16,15.64,24.5,24.5,5584,1.3686,2849,0.6983,,hwang_adjusted_positional_adp_2024
2024,2024-09-05,Rachaad White,RB,,4070,15,15,14.82,48.0,48.9,4416,1.085,3874,0.9518,,hwang_adjusted_positional_adp_2024
2024,2024-09-05,Keon Coleman,WR,,3969,34,47,46.79,100.0,96.3,3182,0.8017,4526,1.1403,,hwang_adjusted_positional_adp_2024
2024,2024-09-05,Davante Adams,WR,,3960,35,12,12.31,21.0,21.8,5839,1.4745,2085,0.5265,,hwang_adjusted_positional_adp_2024
2024,2024-09-05,Bryce Young,QB,,3952,21,26,26.23,178.5,178.5,3129,0.7918,4523,1.1445,,hwang_adjusted_positional_adp_2024
2024,2024-09-05,Mike Evans,WR,,3943,36,24,24.06,33.5,40.1,4736,1.2011,3400,0.8623,,hwang_adjusted_positional_adp_2024
2024,2024-09-05,George Kittle,TE,,3906,9,7,7.21,69.5,69.5,4332,1.1091,3664,0.938,,hwang_adjusted_positional_adp_2024
2024,2024-09-05,Michael Penix Jr.,QB,,3831,22,36,36.31,279.0,279.0,1859,0.4853,5207,1.3592,,hwang_adjusted_positional_adp_2024
2024,2024-09-05,Terry McLaurin,WR,,3788,37,30,30.3,54.5,54.5,4172,1.1014,3557,0.939,,hwang_adjusted_positional_adp_2024
2024,2024-09-05,Will Levis,QB,,3784,23,24,23.72,158.3,158.3,3531,0.9331,3957,1.0457,,hwang_adjusted_positional_adp_2024
2024,2024-09-05,Evan Engram,TE,,3738,10,8,7.67,71.0,71.0,4281,1.1453,3429,0.9173,,hwang_adjusted_positional_adp_2024
2024,2024-09-05,Jake Ferguson,TE,,3738,11,9,9.02,86.0,86.0,3848,1.0294,3675,0.9831,,hwang_adjusted_positional_adp_2024
2024,2024-09-05,Derrick Henry,RB,,3719,16,11,10.87,26.3,28.1,5149,1.3845,2879,0.7741,,hwang_adjusted_positional_adp_2024
2024,2024-09-05,Trey Benson,RB,,3653,17,40,39.69,125.5,125.5,2701,0.7394,4610,1.262,,hwang_adjusted_positional_adp_2024
2024,2024-09-05,David Njoku,TE,,3597,12,10,10.33,99.3,99.3,3679,1.0228,3550,0.9869,,hwang_adjusted_positional_adp_2024
2024,2024-09-05,Amari Cooper,WR,,3453,38,27,27.4,50.5,50.5,4589,1.329,2704,0.7831,,hwang_adjusted_positional_adp_2024
2024,2024-09-05,Christian Watson,WR,,3408,39,41,40.75,84.3,84.3,3440,1.0094,3392,0.9953,,hwang_adjusted_positional_adp_2024
2024,2024-09-05,Tyjae Spears,RB,,3406,18,35,34.81,104.0,106.0,3005,0.8823,3973,1.1665,,hwang_adjusted_positional_adp_2024
2024,2024-09-05,Baker Mayfield,QB,,3403,24,21,21.29,149.3,149.3,3961,1.164,3084,0.9063,,hwang_adjusted_positional_adp_2024
2024,2024-09-05,Christian Kirk,WR,,3402,40,32,32.04,60.8,60.8,4125,1.2125,2955,0.8686,,hwang_adjusted_positional_adp_2024
2024,2024-09-05,Chris Godwin,WR,,3382,41,34,33.67,66.0,66.0,4027,1.1907,2988,0.8835,,hwang_adjusted_positional_adp_2024
2024,2024-09-05,D'Andre Swift,RB,,3377,19,18,18.16,74.5,70.4,3808,1.1276,3133,0.9277,,hwang_adjusted_positional_adp_2024
2024,2024-09-05,Joe Mixon,RB,,3343,20,17,17.2,53.8,66.4,3990,1.1935,2973,0.8893,,hwang_adjusted_positional_adp_2024
2024,2024-09-05,Javonte Williams,RB,,3341,21,26,26.0,84.3,84.3,3374,1.0099,3377,1.0108,,hwang_adjusted_positional_adp_2024
2024,2024-09-05,Adonai Mitchell,WR,,3339,42,60,59.74,145.3,136.1,2592,0.7763,3885,1.1635,,hwang_adjusted_positional_adp_2024
2024,2024-09-05,Rhamondre Stevenson,RB,,3337,22,23,22.85,76.3,76.3,3491,1.0461,3251,0.9742,,hwang_adjusted_positional_adp_2024
2024,2024-09-05,Calvin Ridley,WR,,3317,43,33,33.37,65.8,65.8,4050,1.221,2846,0.858,,hwang_adjusted_positional_adp_2024
2024,2024-09-05,Alvin Kamara,RB,,3309,23,16,15.86,54.5,54.5,4165,1.2587,2789,0.8429,,hwang_adjusted_positional_adp_2024
2024,2024-09-05,Ben Sinnott,TE,,3307,13,26,26.03,196.8,196.8,2064,0.6241,4128,1.2483,,hwang_adjusted_positional_adp_2024
2024,2024-09-05,Stefon Diggs,WR,,3285,44,23,22.66,38.8,34.7,4823,1.4682,1827,0.5562,,hwang_adjusted_positional_adp_2024
2024,2024-09-05,David Montgomery,RB,,3284,24,21,20.79,70.5,72.7,3665,1.116,3065,0.9333,,hwang_adjusted_positional_adp_2024
2024,2024-09-05,Kirk Cousins,QB,,3274,25,17,17.36,125.8,125.8,4834,1.4765,2316,0.7074,,hwang_adjusted_positional_adp_2024
2024,2024-09-05,Diontae Johnson,WR,,3246,45,38,38.01,74.0,76.7,3557,1.0958,3057,0.9418,,hwang_adjusted_positional_adp_2024
2024,2024-09-05,Blake Corum,RB,,3244,25,37,36.9,116.8,116.8,2879,0.8875,3564,1.0986,,hwang_adjusted_positional_adp_2024
2024,2024-09-05,Jameson Williams,WR,,3241,46,43,43.4,96.3,94.3,3334,1.0287,3188,0.9836,,hwang_adjusted_positional_adp_2024
2024,2024-09-05,Najee Harris,RB,,3236,26,22,21.89,73.0,74.0,3569,1.1029,3043,0.9404,,hwang_adjusted_positional_adp_2024
2024,2024-09-05,Zamir White,RB,,3218,27,24,24.23,82.3,81.4,3410,1.0597,3108,0.9658,,hwang_adjusted_positional_adp_2024
2024,2024-09-05,Brian Robinson,RB,,3216,28,29,29.19,98.5,98.5,3213,0.9991,3219,1.0009,,hwang_adjusted_positional_adp_2024
2024,2024-09-05,Romeo Doubs,WR,,3170,47,49,48.99,108.3,100.7,3099,0.9776,3218,1.0151,,hwang_adjusted_positional_adp_2024
2024,2024-09-05,Jaylen Warren,RB,,3161,29,28,27.86,92.8,92.8,3305,1.0456,3079,0.9741,,hwang_adjusted_positional_adp_2024
2024,2024-09-05,Ja'Lynn Polk,WR,,3142,48,64,64.28,153.3,150.7,2478,0.7887,3601,1.1461,,hwang_adjusted_positional_adp_2024
2024,2024-09-05,Chase Brown,RB,,3117,30,34,33.74,102.3,103.7,3053,0.9795,3167,1.016,,hwang_adjusted_positional_adp_2024
2024,2024-09-05,Xavier Legette,WR,,3103,49,67,67.0,166.0,166.0,2392,0.7709,3586,1.1557,,hwang_adjusted_positional_adp_2024
2024,2024-09-05,Matthew Stafford,QB,,3099,26,19,19.19,135.3,135.3,4462,1.4398,2276,0.7344,,hwang_adjusted_positional_adp_2024
2024,2024-09-05,Jerome Ford,RB,,3095,31,32,32.29,108.0,103.1,3126,1.01,3078,0.9945,,hwang_adjusted_positional_adp_2024
2024,2024-09-05,James Conner,RB,,3093,32,19,19.32,69.8,72.1,3705,1.1979,2664,0.8613,,hwang_adjusted_positional_adp_2024
2024,2024-09-05,Jaylen Wright,RB,,3086,33,49,48.72,145.0,147.4,2336,0.757,3617,1.1721,,hwang_adjusted_positional_adp_2024
2024,2024-09-05,Deshaun Watson,QB,,3055,27,22,21.83,151.0,151.0,3895,1.275,2561,0.8383,,hwang_adjusted_positional_adp_2024
2024,2024-09-05,Pat Freiermuth,TE,,3019,14,14,13.97,135.8,135.8,3053,1.0113,3000,0.9937,,hwang_adjusted_positional_adp_2024
2024,2024-09-05,Luke Musgrave,TE,,3008,15,17,17.23,155.5,155.5,2908,0.9668,3077,1.0229,,hwang_adjusted_positional_adp_2024
2024,2024-09-05,Isaiah Likely,TE,,2998,16,21,20.74,174.0,174.0,2449,0.8169,3374,1.1254,,hwang_adjusted_positional_adp_2024
2024,2024-09-05,Tony Pollard,RB,,2997,34,27,27.14,90.0,90.0,3327,1.1101,2797,0.9333,,hwang_adjusted_positional_adp_2024
2024,2024-09-05,Cole Kmet,TE,,2958,17,16,15.91,146.3,146.3,3005,1.0159,2931,0.9909,,hwang_adjusted_positional_adp_2024
2024,2024-09-05,Khalil Shakir,WR,,2948,50,52,52.13,105.5,115.9,2909,0.9868,2976,1.0095,,hwang_adjusted_positional_adp_2024
2024,2024-09-05,Dontayvion Wicks,WR,,2945,51,61,60.8,130.3,138.9,2554,0.8672,3222,1.0941,,hwang_adjusted_positional_adp_2024
2024,2024-09-05,Aaron Jones,RB,,2917,35,20,19.87,72.3,72.3,3682,1.2623,2337,0.8012,,hwang_adjusted_positional_adp_2024
2024,2024-09-05,Marquise Brown,WR,,2909,52,48,47.95,94.8,98.2,3150,1.0828,2769,0.9519,,hwang_adjusted_positional_adp_2024
2024,2024-09-05,Dalton Schultz,TE,,2908,18,13,13.21,131.8,131.8,3214,1.1052,2729,0.9384,,hwang_adjusted_positional_adp_2024
2024,2024-09-05,Dallas Goedert,TE,,2907,19,12,12.08,119.3,119.3,3465,1.192,2569,0.8837,,hwang_adjusted_positional_adp_2024
2024,2024-09-05,Josh Downs,WR,,2904,53,66,65.87,161.0,156.0,2434,0.8382,3220,1.1088,,hwang_adjusted_positional_adp_2024
2024,2024-09-05,Ricky Pearsall,WR,,2848,54,80,80.03,199.0,199.0,1890,0.6636,3504,1.2303,,hwang_adjusted_positional_adp_2024
2024,2024-09-05,Zach Charbonnet,RB,,2839,36,47,46.62,140.0,138.6,2418,0.8517,3164,1.1145,,hwang_adjusted_positional_adp_2024
2024,2024-09-05,MarShawn Lloyd,RB,,2814,37,55,54.71,165.5,165.9,2049,0.7281,3381,1.2015,,hwang_adjusted_positional_adp_2024
2024,2024-09-05,Keenan Allen,WR,,2788,55,35,34.98,68.0,68.0,3934,1.411,1754,0.6291,,hwang_adjusted_positional_adp_2024
2024,2024-09-05,Courtland Sutton,WR,,2773,56,46,46.08,94.3,95.7,3249,1.1717,2465,0.8889,,hwang_adjusted_positional_adp_2024
2024,2024-09-05,Josh Palmer,WR,,2701,57,174,177.29,,,529,0.1959,4064,1.5046,1,hwang_adjusted_positional_adp_2024
2024,2024-09-05,Justin Fields,QB,,2688,28,31,30.6,199.0,199.0,2483,0.9237,2833,1.0539,,hwang_adjusted_positional_adp_2024
2024,2024-09-05,Zack Moss,RB,,2681,38,31,31.22,102.5,102.5,3145,1.1731,2401,0.8956,,hwang_adjusted_positional_adp_2024
2024,2024-09-05,Raheem Mostert,RB,,2675,39,25,24.99,82.8,82.8,3375,1.2617,2164,0.809,,hwang_adjusted_positional_adp_2024
2024,2024-09-05,Geno Smith,QB,,2672,29,23,23.07,155.3,155.3,3780,1.4147,2013,0.7534,,hwang_adjusted_positional_adp_2024
2024,2024-09-05,Jalen McMillan,WR,,2655,58,77,77.37,195.8,195.8,2004,0.7548,3101,1.168,,hwang_adjusted_positional_adp_2024
2024,2024-09-05,Jermaine Burton,WR,,2613,59,79,78.68,196.3,196.3,1979,0.7574,3057,1.1699,,hwang_adjusted_positional_adp_2024
2024,2024-09-05,Braelon Allen,RB,,2591,40,56,56.28,165.0,169.8,1956,0.7549,3083,1.1899,,hwang_adjusted_positional_adp_2024
2024,2024-09-05,Nick Chubb,RB,,2579,41,42,42.22,126.5,130.7,2628,1.019,2552,0.9895,,hwang_adjusted_positional_adp_2024
2024,2024-09-05,Devin Singletary,RB,,2576,42,30,30.0,100.5,100.5,3179,1.2341,2162,0.8393,,hwang_adjusted_positional_adp_2024
2024,2024-09-05,Jerry Jeudy,WR,,2569,60,59,59.27,135.5,135.5,2614,1.0175,2544,0.9903,,hwang_adjusted_positional_adp_2024
2024,2024-09-05,Michael Mayer,TE,,2565,20,37,36.65,251.3,251.3,1632,0.6363,3190,1.2437,,hwang_adjusted_positional_adp_2024
2024,2024-09-05,Bucky Irving,RB,,2561,43,50,50.24,158.3,158.3,2259,0.8821,2771,1.082,,hwang_adjusted_positional_adp_2024
2024,2024-09-05,Rashid Shaheed,WR,,2554,61,56,55.6,131.5,131.0,2776,1.0869,2423,0.9487,,hwang_adjusted_positional_adp_2024
2024,2024-09-05,Jaleel McLaughlin,RB,,2551,44,48,48.22,143.0,145.4,2344,0.9189,2692,1.0553,,hwang_adjusted_positional_adp_2024
2024,2024-09-05,Rico Dowdle,RB,,2536,45,38,38.34,123.5,124.5,2774,1.0938,2393,0.9436,,hwang_adjusted_positional_adp_2024
2024,2024-09-05,Aaron Rodgers,QB,,2534,30,20,19.78,138.5,138.5,4370,1.7245,1335,0.5268,,hwang_adjusted_positional_adp_2024
2024,2024-09-05,Michael Wilson,WR,,2522,62,65,64.65,151.0,151.0,2457,0.9742,2567,1.0178,,hwang_adjusted_positional_adp_2024
2024,2024-09-05,Roman Wilson,WR,,2499,63,90,89.74,228.5,228.5,1597,0.6391,3114,1.2461,,hwang_adjusted_positional_adp_2024
2024,2024-09-05,Jakobi Meyers,WR,,2494,64,54,54.0,124.8,124.8,2849,1.1423,2264,0.9078,,hwang_adjusted_positional_adp_2024
2024,2024-09-05,Tyler Allgeier,RB,,2460,46,46,45.87,146.8,138.4,2458,0.9992,2461,1.0004,,hwang_adjusted_positional_adp_2024
2024,2024-09-05,Demario Douglas,WR,,2446,65,69,68.64,176.3,176.3,2354,0.9624,2508,1.0253,,hwang_adjusted_positional_adp_2024
2024,2024-09-05,Luke McCaffrey,WR,,2438,66,81,80.86,201.3,201.3,1862,0.7637,2829,1.1604,,hwang_adjusted_positional_adp_2024
2024,2024-09-05,Daniel Jones,QB,,2424,31,29,28.83,185.8,185.8,2685,1.1077,2275,0.9385,,hwang_adjusted_positional_adp_2024
2024,2024-09-05,Greg Dulcich,TE,,2405,21,29,28.77,216.3,216.3,1889,0.7854,2761,1.148,,hwang_adjusted_positional_adp_2024
2024,2024-09-05,Cade Otton,TE,,2397,22,22,21.98,179.8,179.8,2382,0.9937,2407,1.0042,,hwang_adjusted_positional_adp_2024
2024,2024-09-05,Tucker Kraft,TE,,2396,23,32,32.0,232.0,232.0,1773,0.74,2800,1.1686,,hwang_adjusted_positional_adp_2024
2024,2024-09-05,Ja'Tavion Sanders,TE,,2392,24,36,36.24,249.8,249.8,1641,0.686,2863,1.1969,,hwang_adjusted_positional_adp_2024
2024,2024-09-05,Chuba Hubbard,RB,,2391,47,43,42.7,131.3,131.3,2594,1.0849,2273,0.9506,,hwang_adjusted_positional_adp_2024
2024,2024-09-05,Javon Baker,WR,,2384,67,100,100.28,252.3,252.3,1411,0.5919,3056,1.2819,,hwang_adjusted_positional_adp_2024
2024,2024-09-05,Keaton Mitchell,RB,,2380,48,71,71.34,240.0,240.0,1398,0.5874,3024,1.2706,,hwang_adjusted_positional_adp_2024
2024,2024-09-05,Curtis Samuel,WR,,2377,68,53,52.83,118.5,118.5,2898,1.2192,1982,0.8338,,hwang_adjusted_positional_adp_2024
2024,2024-09-05,DeAndre Hopkins,WR,,2364,69,42,42.06,92.5,90.0,3385,1.4319,1164,0.4924,,hwang_adjusted_positional_adp_2024
2024,2024-09-05,Gus Edwards,RB,,2362,49,39,39.08,122.8,125.1,2750,1.1643,2111,0.8937,,hwang_adjusted_positional_adp_2024
2024,2024-09-05,Ray Davis,RB,,2320,50,52,52.31,158.0,164.8,2188,0.9431,2408,1.0379,,hwang_adjusted_positional_adp_2024
2024,2024-09-05,Sam Darnold,QB,,2317,32,28,27.75,180.5,180.5,2854,1.2318,2005,0.8653,,hwang_adjusted_positional_adp_2024
2024,2024-09-05,J.K. Dobbins,RB,,2312,51,45,45.37,138.3,138.3,2491,1.0774,2206,0.9542,,hwang_adjusted_positional_adp_2024
2024,2024-09-05,Gardner Minshew,QB,,2300,33,33,32.67,210.3,210.3,2242,0.9748,2340,1.0174,,hwang_adjusted_positional_adp_2024
2024,2024-09-05,Gabriel Davis,WR,,2294,70,174,177.29,,,529,0.2306,3380,1.4734,1,hwang_adjusted_positional_adp_2024
2024,2024-09-05,Troy Franklin,WR,,2287,71,86,85.86,220.3,220.3,1737,0.7595,2638,1.1535,,hwang_adjusted_positional_adp_2024
2024,2024-09-05,Marvin Mims,WR,,2275,72,75,75.34,192.8,190.0,2031,0.8927,2436,1.0708,,hwang_adjusted_positional_adp_2024
2024,2024-09-05,Audric Estime,RB,,2262,52,62,61.7,204.3,204.3,1692,0.748,2626,1.1609,,hwang_adjusted_positional_adp_2024
2024,2024-09-05,Jordan Mason,RB,,2217,53,53,53.4,165.3,165.3,2130,0.9608,2276,1.0266,,hwang_adjusted_positional_adp_2024
2024,2024-09-05,Derek Carr,QB,,2212,34,27,26.92,179.3,179.3,3070,1.3879,1691,0.7645,,hwang_adjusted_positional_adp_2024
2024,2024-09-05,Malachi Corley,WR,,2168,73,85,85.21,217.7,217.7,1761,0.8123,2413,1.113,,hwang_adjusted_positional_adp_2024
2024,2024-09-05,Austin Ekeler,RB,,2166,54,36,36.07,112.3,112.3,2913,1.3449,1542,0.7119,,hwang_adjusted_positional_adp_2024
2024,2024-09-05,Darnell Mooney,WR,,2151,74,63,63.02,146.8,149.0,2497,1.1609,1920,0.8926,,hwang_adjusted_positional_adp_2024
2024,2024-09-05,Theo Johnson,TE,,2127,25,34,34.09,240.7,240.7,1706,0.8021,2415,1.1354,,hwang_adjusted_positional_adp_2024
2024,2024-09-05,Tyler Lockett,WR,,2078,75,58,57.73,131.8,132.4,2667,1.2834,1597,0.7685,,hwang_adjusted_positional_adp_2024
2024,2024-09-05,Kendre Miller,RB,,2074,55,64,64.22,214.3,213.1,1598,0.7705,2381,1.148,,hwang_adjusted_positional_adp_2024
2024,2024-09-05,Spencer Rattler,QB,,2069,35,45,44.76,330.5,330.5,1080,0.522,2696,1.303,,hwang_adjusted_positional_adp_2024
2024,2024-09-05,Quentin Johnston,WR,,2059,76,70,70.11,184.0,182.2,2282,1.1083,1926,0.9354,,hwang_adjusted_positional_adp_2024
2024,2024-09-05,Rashod Bateman,WR,,2056,77,76,75.64,190.3,190.3,2023,0.9839,2079,1.0112,,hwang_adjusted_positional_adp_2024
2024,2024-09-05,Chigoziem Okonkwo,TE,,2053,26,27,26.63,197.5,197.5,2033,0.9903,2067,1.0068,,hwang_adjusted_positional_adp_2024
2024,2024-09-05,Jahan Dotson,WR,,2048,78,71,71.38,175.3,185.6,2232,1.0898,1937,0.9458,,hwang_adjusted_positional_adp_2024
2024,2024-09-05,Russell Wilson,QB,,2048,36,32,32.17,207.0,207.0,2298,1.1221,1904,0.9297,,hwang_adjusted_positional_adp_2024
2024,2024-09-05,Wan'Dale Robinson,WR,,2047,79,73,72.7,185.0,185.8,2137,1.044,1993,0.9736,,hwang_adjusted_positional_adp_2024
2024,2024-09-05,Ty Chandler,RB,,2005,56,44,44.07,138.8,135.4,2543,1.2683,1637,0.8165,,hwang_adjusted_positional_adp_2024
2024,2024-09-05,Tank Bigsby,RB,,2003,57,60,59.74,194.3,194.3,1832,0.9146,2116,1.0564,,hwang_adjusted_positional_adp_2024
2024,2024-09-05,Khalil Herbert,RB,,1999,58,57,56.64,170.5,170.5,1949,0.975,2033,1.017,,hwang_adjusted_positional_adp_2024
2024,2024-09-05,Roschon Johnson,RB,,1994,59,61,61.38,204.0,204.0,1734,0.8696,2168,1.0873,,hwang_adjusted_positional_adp_2024
2024,2024-09-05,Noah Fant,TE,,1981,27,24,23.6,186.3,186.3,2325,1.1736,1783,0.9001,,hwang_adjusted_positional_adp_2024
2024,2024-09-05,Mike Williams,WR,,1941,80,55,55.4,136.5,131.0,2786,1.4353,1034,0.5327,,hwang_adjusted_positional_adp_2024
2024,2024-09-05,Andrei Iosivas,WR,,1914,81,82,82.09,206.0,206.0,1825,0.9535,1974,1.0313,,hwang_adjusted_positional_adp_2024
2024,2024-09-05,Malik Washington,WR,,1890,82,87,87.31,222.7,225.6,1682,0.8899,2020,1.0688,,hwang_adjusted_positional_adp_2024
2024,2024-09-05,Dawson Knox,TE,,1872,28,35,34.87,243.8,243.8,1701,0.9087,2004,1.0705,,hwang_adjusted_positional_adp_2024
2024,2024-09-05,Dyami Brown,WR,,1867,83,83,83.29,213.0,209.0,1800,0.9641,1913,1.0246,,hwang_adjusted_positional_adp_2024
2024,2024-09-05,Hunter Henry,TE,,1857,29,20,20.24,172.8,172.8,2515,1.3543,1443,0.7771,,hwang_adjusted_positional_adp_2024
2024,2024-09-05,Sam Howell,QB,,1853,37,40,39.76,295.5,295.5,1454,0.7847,2120,1.1441,,hwang_adjusted_positional_adp_2024
2024,2024-09-05,Colby Parkinson,TE,,1831,30,28,28.36,215.3,215.3,1909,1.0426,1787,0.976,,hwang_adjusted_positional_adp_2024
2024,2024-09-05,Greg Dortch,WR,,1821,84,78,77.92,196.0,196.0,1996,1.0961,1717,0.9429,,hwang_adjusted_positional_adp_2024
2024,2024-09-05,Will Shipley,RB,,1821,60,67,66.6,220.3,220.3,1527,0.8386,2019,1.1087,,hwang_adjusted_positional_adp_2024
2024,2024-09-05,Jalin Hyatt,WR,,1789,85,94,94.29,242.3,242.3,1546,0.8642,1947,1.0883,,hwang_adjusted_positional_adp_2024
2024,2024-09-05,Antonio Gibson,RB,,1786,61,51,50.93,161.0,161.0,2253,1.2615,1482,0.8298,,hwang_adjusted_positional_adp_2024
2024,2024-09-05,Cade Stover,TE,,1780,31,45,45.25,317.5,317.5,1274,0.7157,2133,1.1983,,hwang_adjusted_positional_adp_2024
2024,2024-09-05,Tyler Conklin,TE,,1775,32,19,19.14,168.0,168.0,2787,1.5701,1062,0.5983,,hwang_adjusted_positional_adp_2024
2024,2024-09-05,Brandin Cooks,WR,,1774,86,62,62.25,139.0,147.1,2527,1.4245,991,0.5586,,hwang_adjusted_positional_adp_2024
2024,2024-09-05,Jonnu Smith,TE,,1744,33,23,23.4,186.3,186.3,2331,1.3366,1367,0.7838,,hwang_adjusted_positional_adp_2024
2024,2024-09-05,Juwan Johnson,TE,,1744,34,25,25.34,196.0,196.0,2106,1.2076,1517,0.8698,,hwang_adjusted_positional_adp_2024
2024,2024-09-05,Jonathan Mingo,WR,,1727,87,117,117.89,278.5,277.0,1057,0.612,2153,1.2467,,hwang_adjusted_positional_adp_2024
2024,2024-09-05,Daniel Bellinger,TE,,1721,35,40,40.01,277.7,277.7,1523,0.885,1853,1.0767,,hwang_adjusted_positional_adp_2024
2024,2024-09-05,Jalen Tolbert,WR,,1679,88,74,73.73,186.5,186.5,2098,1.2496,1371,0.8166,,hwang_adjusted_positional_adp_2024
2024,2024-09-05,Jared Wiley,TE,,1677,36,49,49.0,323.5,323.5,1150,0.6857,2020,1.2045,,hwang_adjusted_positional_adp_2024
2024,2024-09-05,Erick All,TE,,1641,37,46,45.87,318.5,318.5,1253,0.7636,1899,1.1572,,hwang_adjusted_positional_adp_2024
2024,2024-09-05,Mike Gesicki,TE,,1641,38,30,29.85,220.0,220.0,1849,1.1268,1512,0.9214,,hwang_adjusted_positional_adp_2024
2024,2024-09-05,Taysom Hill,TE,,1618,39,18,17.76,158.0,158.0,2879,1.7794,427,0.2639,,hwang_adjusted_positional_adp_2024
2024,2024-09-05,Trey Palmer,WR,,1616,89,129,129.1,293.0,293.0,862,0.5334,2136,1.3218,,hwang_adjusted_positional_adp_2024
2024,2024-09-05,Brenden Rice,WR,,1612,90,119,118.54,280.0,280.0,1057,0.6557,1971,1.2227,,hwang_adjusted_positional_adp_2024
2024,2024-09-05,Elijah Moore,WR,,1591,91,97,97.35,248.0,248.0,1497,0.9409,1653,1.039,,hwang_adjusted_positional_adp_2024
2024,2024-09-05,John Metchie,WR,,1585,92,103,103.17,258.5,258.5,1325,0.836,1750,1.1041,,hwang_adjusted_positional_adp_2024
2024,2024-09-05,Tre Tucker,WR,,1579,93,96,95.65,243.3,243.3,1517,0.9607,1621,1.0266,,hwang_adjusted_positional_adp_2024
2024,2024-09-05,Adam Thielen,WR,,1577,94,68,68.38,156.0,176.0,2360,1.4965,702,0.4451,,hwang_adjusted_positional_adp_2024
2024,2024-09-05,Devontez Walker,WR,,1577,95,106,106.06,262.0,262.7,1282,0.8129,1760,1.116,,hwang_adjusted_positional_adp_2024
2024,2024-09-05,Aidan O'Connell,QB,,1573,38,38,38.26,289.7,289.7,1558,0.9905,1583,1.0064,,hwang_adjusted_positional_adp_2024
2024,2024-09-05,Darnell Washington,TE,,1573,40,58,57.87,342.0,342.0,903,0.5741,1995,1.2683,,hwang_adjusted_positional_adp_2024
2024,2024-09-05,Jacoby Brissett,QB,,1553,39,34,34.1,243.3,243.3,2122,1.3664,1220,0.7856,,hwang_adjusted_positional_adp_2024
2024,2024-09-05,Alec Pierce,WR,,1551,96,110,110.55,268.3,266.7,1217,0.7847,1750,1.1283,,hwang_adjusted_positional_adp_2024
2024,2024-09-05,Treylon Burks,WR,,1545,97,115,114.8,275.0,274.4,1159,0.7502,1780,1.1521,,hwang_adjusted_positional_adp_2024
2024,2024-09-05,Dameon Pierce,RB,,1530,62,70,69.64,223.8,223.8,1467,0.9588,1613,1.0542,,hwang_adjusted_positional_adp_2024
2024,2024-09-05,Tyler Boyd,WR,,1522,98,84,83.65,209.5,209.5,1787,1.1741,1326,0.8712,,hwang_adjusted_positional_adp_2024
2024,2024-09-05,Luke Schoonmaker,TE,,1520,41,79,78.24,,,628,0.4132,1976,1.3,1,hwang_adjusted_positional_adp_2024
2024,2024-09-05,Noah Gray,TE,,1518,42,43,42.7,309.5,309.5,1397,0.9203,1600,1.054,,hwang_adjusted_positional_adp_2024
2024,2024-09-05,Justice Hill,RB,,1503,63,63,62.8,206.5,206.5,1630,1.0845,1431,0.9521,,hwang_adjusted_positional_adp_2024
2024,2024-09-05,Ezekiel Elliott,RB,,1490,64,41,41.09,130.3,128.7,2660,1.7852,313,0.2101,,hwang_adjusted_positional_adp_2024
2024,2024-09-05,D.J. Chark,WR,,1485,99,99,98.94,250.0,250.0,1463,0.9852,1500,1.0101,,hwang_adjusted_positional_adp_2024
2024,2024-09-05,Emanuel Wilson,RB,,1457,65,81,80.67,256.3,261.5,1132,0.7769,1762,1.2093,,hwang_adjusted_positional_adp_2024
2024,2024-09-05,Cam Akers,RB,,1456,66,68,68.01,222.5,221.7,1507,1.035,1430,0.9821,,hwang_adjusted_positional_adp_2024
2024,2024-09-05,Tyler Higbee,TE,,1448,43,44,43.95,313.0,313.0,1319,0.9109,1536,1.0608,,hwang_adjusted_positional_adp_2024
2024,2024-09-05,Parker Washington,WR,,1447,100,109,108.92,264.5,264.5,1235,0.8535,1583,1.094,,hwang_adjusted_positional_adp_2024
2024,2024-09-05,Eric Gray,RB,,1445,67,80,80.26,259.8,259.8,1140,0.7889,1700,1.1765,,hwang_adjusted_positional_adp_2024
2024,2024-09-05,Hendon Hooker,QB,,1438,40,53,53.11,373.0,373.0,789,0.5487,1875,1.3039,,hwang_adjusted_positional_adp_2024
2024,2024-09-05,A.T. Perry,WR,,1432,101,105,105.24,262.3,262.3,1295,0.9043,1518,1.0601,,hwang_adjusted_positional_adp_2024
2024,2024-09-05,Trey Sermon,RB,,1417,68,75,75.13,245.0,245.0,1266,0.8934,1547,1.0917,,hwang_adjusted_positional_adp_2024
2024,2024-09-05,Alexander Mattison,RB,,1393,69,65,64.81,215.0,215.0,1585,1.1378,1282,0.9203,,hwang_adjusted_positional_adp_2024
2024,2024-09-05,Jauan Jennings,WR,,1378,102,101,100.96,252.7,252.7,1376,0.9985,1379,1.0007,,hwang_adjusted_positional_adp_2024
2024,2024-09-05,Demarcus Robinson,WR,,1370,103,72,72.0,185.7,185.7,2205,1.6095,224,0.1635,,hwang_adjusted_positional_adp_2024
2024,2024-09-05,Zach Ertz,TE,,1363,44,31,31.15,228.3,228.3,1788,1.3118,1064,0.7806,,hwang_adjusted_positional_adp_2024
2024,2024-09-05,Rondale Moore,WR,,1349,104,174,177.29,,,529,0.3921,1781,1.3202,1,hwang_adjusted_positional_adp_2024
2024,2024-09-05,Xavier Gipson,WR,,1348,105,125,125.13,288.0,288.0,908,0.6736,1611,1.1951,,hwang_adjusted_positional_adp_2024
2024,2024-09-05,Tutu Atwell,WR,,1342,106,140,139.8,318.5,318.5,749,0.5581,1694,1.2623,,hwang_adjusted_positional_adp_2024
2024,2024-09-05,Kenneth Gainwell,RB,,1340,70,73,72.69,241.5,241.5,1361,1.0157,1335,0.9963,,hwang_adjusted_positional_adp_2024
2024,2024-09-05,Cedric Tillman,WR,,1316,107,128,127.74,289.7,289.7,869,0.6603,1579,1.1998,,hwang_adjusted_positional_adp_2024
2024,2024-09-05,Jalen Nailor,WR,,1312,108,92,92.53,238.3,237.1,1562,1.1905,1120,0.8537,,hwang_adjusted_positional_adp_2024
2024,2024-09-05,Brevin Jordan,TE,,1298,45,69,69.0,376.0,376.0,624,0.4807,1746,1.3451,,hwang_adjusted_positional_adp_2024
2024,2024-09-05,Deuce Vaughn,RB,,1289,71,88,88.16,307.5,309.5,918,0.7122,1624,1.2599,,hwang_adjusted_positional_adp_2024
2024,2024-09-05,Jameis Winston,QB,,1278,41,39,38.85,291.5,291.5,1545,1.2089,1126,0.8811,,hwang_adjusted_positional_adp_2024
2024,2024-09-05,Pierre Strong Jr.,RB,,1264,72,92,91.98,314.5,314.5,791,0.6258,1681,1.3299,,hwang_adjusted_positional_adp_2024
2024,2024-09-05,Calvin Austin III,WR,,1260,109,132,131.9,297.7,297.7,838,0.6651,1527,1.2119,,hwang_adjusted_positional_adp_2024
2024,2024-09-05,Josh Reynolds,WR,,1251,110,93,92.58,237.3,237.8,1563,1.2494,995,0.7954,,hwang_adjusted_positional_adp_2024
2024,2024-09-05,Tyquan Thornton,WR,,1250,111,123,122.6,285.0,285.0,973,0.7784,1424,1.1392,,hwang_adjusted_positional_adp_2024
2024,2024-09-05,Bo Melton,WR,,1245,112,126,126.4,289.0,289.0,893,0.7173,1459,1.1719,,hwang_adjusted_positional_adp_2024
2024,2024-09-05,Davis Allen,TE,,1240,46,42,42.39,309.0,309.0,1415,1.1411,1139,0.9185,,hwang_adjusted_positional_adp_2024
2024,2024-09-05,Kendrick Bourne,WR,,1235,113,111,111.37,273.7,269.2,1214,0.983,1249,1.0113,,hwang_adjusted_positional_adp_2024
2024,2024-09-05,Sean Tucker,RB,,1229,73,98,98.3,332.0,332.0,679,0.5525,1706,1.3881,,hwang_adjusted_positional_adp_2024
2024,2024-09-05,Joe Milton,QB,,1219,42,62,69.12,,,572,0.4692,1567,1.2855,1,hwang_adjusted_positional_adp_2024
2024,2024-09-05,Jordan Travis,QB,,1201,43,62,69.12,,,572,0.4763,1536,1.2789,1,hwang_adjusted_positional_adp_2024
2024,2024-09-05,K.J. Osborn,WR,,1200,114,121,120.6,283.7,285.0,1006,0.8383,1323,1.1025,,hwang_adjusted_positional_adp_2024
2024,2024-09-05,Zay Jones,WR,,1200,115,108,107.6,263.0,263.0,1257,1.0475,1165,0.9708,,hwang_adjusted_positional_adp_2024
2024,2024-09-05,Samaje Perine,RB,,1189,74,59,59.23,192.3,192.3,1881,1.582,671,0.5643,,hwang_adjusted_positional_adp_2024
2024,2024-09-05,Johnny Wilson,WR,,1179,116,124,123.87,286.0,286.0,949,0.8049,1316,1.1162,,hwang_adjusted_positional_adp_2024
2024,2024-09-05,Darius Slayton,WR,,1176,117,89,88.78,229.5,226.8,1629,1.3852,617,0.5247,,hwang_adjusted_positional_adp_2024
2024,2024-09-05,Tommy Tremble,TE,,1154,47,57,57.13,340.0,340.0,925,0.8016,1329,1.1516,,hwang_adjusted_positional_adp_2024
2024,2024-09-05,Jeremy Ruckert,TE,,1120,48,79,78.24,,,628,0.5607,1426,1.2732,1,hwang_adjusted_positional_adp_2024
2024,2024-09-05,Noah Brown,WR,,1115,118,91,91.33,237.0,236.4,1575,1.4126,580,0.5202,,hwang_adjusted_positional_adp_2024
2024,2024-09-05,Israel Abanikanda,RB,,1114,75,119,121.87,,,475,0.4264,1612,1.447,1,hwang_adjusted_positional_adp_2024
2024,2024-09-05,Frank Gore Jr.,RB,,1110,76,119,121.87,,,475,0.4279,1596,1.4378,1,hwang_adjusted_positional_adp_2024
2024,2024-09-05,Xavier Hutchinson,WR,,1105,119,148,148.0,345.0,345.0,611,0.5529,1405,1.2715,,hwang_adjusted_positional_adp_2024
2024,2024-09-05,Brenton Strange,TE,,1101,49,59,59.4,346.0,346.0,857,0.7784,1291,1.1726,,hwang_adjusted_positional_adp_2024
2024,2024-09-05,Elijah Mitchell,RB,,1092,77,119,121.87,,,475,0.435,1550,1.4194,1,hwang_adjusted_positional_adp_2024
2024,2024-09-05,Dorian Thompson-Robinson,QB,,1079,44,59,59.2,404.0,404.0,619,0.5737,1407,1.304,,hwang_adjusted_positional_adp_2024
2024,2024-09-05,Jamaal Williams,RB,,1076,78,72,72.29,230.7,241.3,1376,1.2788,898,0.8346,,hwang_adjusted_positional_adp_2024
2024,2024-09-05,AJ Barner,TE,,1058,50,79,78.24,,,628,0.5936,1340,1.2665,1,hwang_adjusted_positional_adp_2024
2024,2024-09-05,Jake Browning,QB,,1056,45,48,48.15,349.5,349.5,955,0.9044,1126,1.0663,,hwang_adjusted_positional_adp_2024
2024,2024-09-05,Miles Sanders,RB,,1052,79,79,78.66,250.0,251.9,1176,1.1179,982,0.9335,,hwang_adjusted_positional_adp_2024
2024,2024-09-05,Jase McClellan,RB,,1038,80,119,121.87,,,475,0.4576,1445,1.3921,1,hwang_adjusted_positional_adp_2024
2024,2024-09-05,Olamide Zaccheaus,WR,,1024,120,113,113.35,274.0,274.0,1173,1.1455,934,0.9121,,hwang_adjusted_positional_adp_2024
2024,2024-09-05,Kylen Granson,TE,,1010,51,41,40.68,280.7,280.7,1498,1.4832,691,0.6842,,hwang_adjusted_positional_adp_2024
2024,2024-09-05,David Bell,WR,,1004,121,156,156.2,373.0,373.0,515,0.5129,1337,1.3317,,hwang_adjusted_positional_adp_2024
2024,2024-09-05,Gerald Everett,TE,,998,52,38,38.36,273.3,273.3,1590,1.5932,571,0.5721,,hwang_adjusted_positional_adp_2024
2024,2024-09-05,Jelani Woods,TE,,996,53,79,78.24,,,628,0.6305,1225,1.2299,1,hwang_adjusted_positional_adp_2024
2024,2024-09-05,Van Jefferson,WR,,996,122,102,101.67,256.0,253.2,1353,1.3584,670,0.6727,,hwang_adjusted_positional_adp_2024
2024,2024-09-05,Clyde Edwards-Helaire,RB,,995,81,77,76.95,248.3,248.3,1219,1.2251,865,0.8693,,hwang_adjusted_positional_adp_2024
2024,2024-09-05,Elijah Higgins,TE,,995,54,68,68.04,371.0,371.0,667,0.6704,1214,1.2201,,hwang_adjusted_positional_adp_2024
2024,2024-09-05,Chris Evans,RB,,983,82,119,121.87,,,475,0.4832,1373,1.3967,1,hwang_adjusted_positional_adp_2024
2024,2024-09-05,Emari Demercado,RB,,973,83,95,95.24,322.0,322.0,760,0.7811,1181,1.2138,,hwang_adjusted_positional_adp_2024
2024,2024-09-05,Kayshon Boutte,WR,,968,123,158,158.06,378.0,378.0,485,0.501,1299,1.3419,,hwang_adjusted_positional_adp_2024
2024,2024-09-05,Trey Lance,QB,,963,46,44,44.13,330.0,330.0,1096,1.1381,887,0.9211,,hwang_adjusted_positional_adp_2024
2024,2024-09-05,Drew Lock,QB,,958,47,50,49.88,360.5,360.5,911,0.9509,992,1.0355,,hwang_adjusted_positional_adp_2024
2024,2024-09-05,Brock Wright,TE,,956,55,60,59.6,346.0,346.0,851,0.8902,1035,1.0826,,hwang_adjusted_positional_adp_2024
2024,2024-09-05,Mecole Hardman,WR,,947,124,142,142.22,325.0,325.0,697,0.736,1118,1.1806,,hwang_adjusted_positional_adp_2024
2024,2024-09-05,Mac Jones,QB,,941,48,62,69.12,,,572,0.6079,1154,1.2264,1,hwang_adjusted_positional_adp_2024
2024,2024-09-05,Malik Willis,QB,,934,49,43,43.0,329.0,329.0,1196,1.2805,778,0.833,,hwang_adjusted_positional_adp_2024
2024,2024-09-05,Hayden Hurst,TE,,921,56,33,32.94,235.7,235.7,1746,1.8958,86,0.0934,,hwang_adjusted_positional_adp_2024
2024,2024-09-05,AJ Dillon,RB,,917,84,119,121.87,,,475,0.518,1274,1.3893,1,hwang_adjusted_positional_adp_2024
2024,2024-09-05,Ty Johnson,RB,,912,85,96,95.72,323.0,323.0,739,0.8103,1092,1.1974,,hwang_adjusted_positional_adp_2024
2024,2024-09-05,D'Onta Foreman,RB,,894,86,74,73.94,243.0,243.0,1333,1.4911,592,0.6622,,hwang_adjusted_positional_adp_2024
2024,2024-09-05,Jake Bobo,WR,,893,125,127,126.6,289.0,289.0,886,0.9922,898,1.0056,,hwang_adjusted_positional_adp_2024
2024,2024-09-05,Skyy Moore,WR,,888,126,138,138.04,315.5,315.5,771,0.8682,977,1.1002,,hwang_adjusted_positional_adp_2024
2024,2024-09-05,Zach Wilson,QB,,869,50,62,69.12,,,572,0.6582,1058,1.2175,1,hwang_adjusted_positional_adp_2024
2024,2024-09-05,Kenny McIntosh,RB,,853,87,84,83.83,287.0,287.0,1051,1.2321,739,0.8664,,hwang_adjusted_positional_adp_2024
2024,2024-09-05,Allen Lazard,WR,,845,127,120,120.4,285.0,285.0,1009,1.1941,746,0.8828,,hwang_adjusted_positional_adp_2024
2024,2024-09-05,Will Dissly,TE,,839,57,39,38.82,274.5,274.5,1578,1.8808,216,0.2574,,hwang_adjusted_positional_adp_2024
2024,2024-09-05,Joshua Dobbs,QB,,838,51,46,46.24,332.5,332.5,993,1.185,747,0.8914,,hwang_adjusted_positional_adp_2024
2024,2024-09-05,Kenny Pickett,QB,,831,52,62,69.12,,,572,0.6883,956,1.1504,1,hwang_adjusted_positional_adp_2024
2024,2024-09-05,Kalif Raymond,WR,,830,128,104,104.06,260.7,260.7,1311,1.5795,326,0.3928,,hwang_adjusted_positional_adp_2024
2024,2024-09-05,Derius Davis,WR,,827,129,146,146.16,341.0,341.0,637,0.7703,982,1.1874,,hwang_adjusted_positional_adp_2024
2024,2024-09-05,Tyson Bagent,QB,,827,53,55,55.36,394.0,394.0,744,0.8996,882,1.0665,,hwang_adjusted_positional_adp_2024
2024,2024-09-05,Jarrett Stidham,QB,,825,54,62,69.12,,,572,0.6933,917,1.1115,1,hwang_adjusted_positional_adp_2024
2024,2024-09-05,Ronnie Bell,WR,,815,130,150,149.76,347.0,347.0,581,0.7129,1006,1.2344,,hwang_adjusted_positional_adp_2024
2024,2024-09-05,Stetson Bennett,QB,,807,55,62,69.12,,,572,0.7088,906,1.1227,1,hwang_adjusted_positional_adp_2024
2024,2024-09-05,Harrison Bryant,TE,,801,58,79,78.24,,,628,0.784,970,1.211,1,hwang_adjusted_positional_adp_2024
2024,2024-09-05,Justin Watson,WR,,800,131,114,114.2,274.3,274.3,1161,1.4512,510,0.6375,,hwang_adjusted_positional_adp_2024
2024,2024-09-05,Marquez Valdes-Scantling,WR,,793,132,144,144.19,332.0,332.0,652,0.8222,913,1.1513,,hwang_adjusted_positional_adp_2024
2024,2024-09-05,Charlie Jones,WR,,791,133,174,177.29,,,529,0.6688,962,1.2162,1,hwang_adjusted_positional_adp_2024
2024,2024-09-05,Odell Beckham,WR,,775,134,122,121.6,285.5,285.0,989,1.2761,626,0.8077,,hwang_adjusted_positional_adp_2024
2024,2024-09-05,Devin Duvernay,WR,,773,135,152,151.97,358.0,358.0,548,0.7089,950,1.229,,hwang_adjusted_positional_adp_2024
2024,2024-09-05,Tim Patrick,WR,,758,136,98,97.72,248.3,248.3,1489,1.9644,0,0.0,,hwang_adjusted_positional_adp_2024
2024,2024-09-05,Hassan Haskins,RB,,752,88,113,118.26,402.0,402.0,539,0.7168,1046,1.391,,hwang_adjusted_positional_adp_2024
2024,2024-09-05,Cedrick Wilson,WR,,746,137,136,136.0,314.0,314.0,791,1.0603,721,0.9665,,hwang_adjusted_positional_adp_2024
2024,2024-09-05,Tyler Huntley,QB,,744,56,62,69.12,,,572,0.7688,817,1.0981,1,hwang_adjusted_positional_adp_2024
2024,2024-09-05,Tyler Scott,WR,,743,138,137,137.44,315.0,315.0,771,1.0377,727,0.9785,,hwang_adjusted_positional_adp_2024
2024,2024-09-05,Adam Trautman,TE,,739,59,72,71.8,380.0,380.0,602,0.8146,907,1.2273,,hwang_adjusted_positional_adp_2024
2024,2024-09-05,Rakim Jarrett,WR,,736,139,174,177.29,,,529,0.7188,875,1.1889,1,hwang_adjusted_positional_adp_2024
2024,2024-09-05,Chris Rodriguez,RB,,732,89,119,121.87,,,475,0.6489,1032,1.4098,1,hwang_adjusted_positional_adp_2024
2024,2024-09-05,Dalvin Cook,RB,,724,90,66,66.4,220.3,220.3,1529,2.1119,0,0.0,,hwang_adjusted_positional_adp_2024
2024,2024-09-05,Peyton Hendershot,TE,,714,60,71,71.13,379.0,379.0,606,0.8487,852,1.1933,,hwang_adjusted_positional_adp_2024
2024,2024-09-05,JuJu Smith-Schuster,WR,,705,140,107,107.4,263.0,263.0,1259,1.7858,0,0.0,,hwang_adjusted_positional_adp_2024
2024,2024-09-05,Donovan Peoples-Jones,WR,,702,141,171,174.83,419.0,419.0,537,0.765,826,1.1766,,hwang_adjusted_positional_adp_2024
2024,2024-09-05,Laviska Shenault,WR,,680,142,164,169.57,391.0,391.0,445,0.6544,863,1.2691,,hwang_adjusted_positional_adp_2024
2024,2024-09-05,Trayveon Williams,RB,,680,91,112,117.65,401.0,401.0,551,0.8103,926,1.3618,,hwang_adjusted_positional_adp_2024
2024,2024-09-05,Terrace Marshall,WR,,678,143,167,170.78,409.0,409.0,417,0.615,845,1.2463,,hwang_adjusted_positional_adp_2024
2024,2024-09-05,Evan Hull,RB,,672,92,93,93.24,313.0,317.3,774,1.1518,616,0.9167,,hwang_adjusted_positional_adp_2024
2024,2024-09-05,Zach Evans,RB,,659,93,119,121.87,,,475,0.7208,859,1.3035,1,hwang_adjusted_positional_adp_2024
2024,2024-09-05,Craig Reynolds,RB,,652,94,106,106.24,372.0,372.0,582,0.8926,766,1.1748,,hwang_adjusted_positional_adp_2024
2024,2024-09-05,Michael Carter,RB,,651,95,109,109.04,382.0,382.0,552,0.8479,793,1.2181,,hwang_adjusted_positional_adp_2024
2024,2024-09-05,Tyler Johnson,WR,,649,144,174,177.29,,,529,0.8151,718,1.1063,1,hwang_adjusted_positional_adp_2024
2024,2024-09-05,Cordarrelle Patterson,RB,,642,96,82,82.32,269.3,280.2,1099,1.7118,312,0.486,,hwang_adjusted_positional_adp_2024
2024,2024-09-05,Chase Edmonds,RB,,640,97,119,121.87,,,475,0.7422,798,1.2469,1,hwang_adjusted_positional_adp_2024
2024,2024-09-05,Brandon Powell,WR,,638,145,154,154.0,368.0,368.0,528,0.8276,716,1.1223,,hwang_adjusted_positional_adp_2024
2024,2024-09-05,Joe Flacco,QB,,634,57,35,35.04,263.0,263.0,1956,3.0852,0,0.0,,hwang_adjusted_positional_adp_2024
2024,2024-09-05,Isaiah Hodgins,WR,,631,146,174,177.29,,,529,0.8384,695,1.1014,1,hwang_adjusted_positional_adp_2024
2024,2024-09-05,KJ Hamler,WR,,630,147,170,173.43,417.0,417.0,399,0.6333,779,1.2365,,hwang_adjusted_positional_adp_2024
2024,2024-09-05,Jeffery Wilson,RB,,627,98,119,121.87,,,475,0.7576,753,1.201,1,hwang_adjusted_positional_adp_2024
2024,2024-09-05,Malik Heath,WR,,627,148,162,167.92,387.0,387.0,477,0.7608,717,1.1435,,hwang_adjusted_positional_adp_2024
2024,2024-09-05,Tylan Wallace,WR,,619,149,165,170.38,400.0,400.0,424,0.685,741,1.1971,,hwang_adjusted_positional_adp_2024
2024,2024-09-05,Foster Moreau,TE,,613,61,73,73.08,383.0,383.0,578,0.9429,717,1.1697,,hwang_adjusted_positional_adp_2024
2024,2024-09-05,D'Ernest Johnson,RB,,604,99,91,90.78,312.0,312.0,873,1.4454,437,0.7235,,hwang_adjusted_positional_adp_2024
2024,2024-09-05,Nyheim Hines,RB,,604,100,119,121.87,,,475,0.7864,722,1.1954,1,hwang_adjusted_positional_adp_2024
2024,2024-09-05,Isaiah Spiller,RB,,583,101,94,93.72,318.0,318.0,772,1.3242,468,0.8027,,hwang_adjusted_positional_adp_2024
2024,2024-09-05,Nick Mullens,QB,,578,58,51,51.25,367.0,367.0,823,1.4239,430,0.7439,,hwang_adjusted_positional_adp_2024
2024,2024-09-05,Albert Okwuegbunam,TE,,575,62,79,78.24,,,628,1.0922,648,1.127,1,hwang_adjusted_positional_adp_2024
2024,2024-09-05,Josh Oliver,TE,,566,63,54,53.88,334.5,334.5,992,1.7527,295,0.5212,,hwang_adjusted_positional_adp_2024
2024,2024-09-05,Ronnie Rivers,RB,,565,102,104,103.97,352.0,352.0,621,1.0991,536,0.9487,,hwang_adjusted_positional_adp_2024
2024,2024-09-05,Nick Westbrook-Ikhine,WR,,563,150,153,153.24,366.0,366.0,541,0.9609,579,1.0284,,hwang_adjusted_positional_adp_2024
2024,2024-09-05,Kyle Trask,QB,,558,59,62,69.12,,,572,1.0251,583,1.0448,1,hwang_adjusted_positional_adp_2024
2024,2024-09-05,Keaontay Ingram,RB,,552,103,119,121.87,,,475,0.8605,647,1.1721,1,hwang_adjusted_positional_adp_2024
2024,2024-09-05,Braxton Berrios,WR,,547,151,155,154.92,370.0,370.0,524,0.958,564,1.0311,,hwang_adjusted_positional_adp_2024
2024,2024-09-05,Tyrion Davis-Price,RB,,546,104,119,121.87,,,475,0.87,638,1.1685,1,hwang_adjusted_positional_adp_2024
2024,2024-09-05,Anthony Schwartz,WR,,545,152,174,177.29,,,529,0.9706,556,1.0202,1,hwang_adjusted_positional_adp_2024
2024,2024-09-05,Trenton Irwin,WR,,536,153,161,167.91,384.0,384.0,477,0.8899,582,1.0858,,hwang_adjusted_positional_adp_2024
2024,2024-09-05,Davis Mills,QB,,532,60,57,57.13,397.0,397.0,664,1.2481,456,0.8571,,hwang_adjusted_positional_adp_2024
2024,2024-09-05,Tyrod Taylor,QB,,525,61,52,51.8,368.5,368.5,813,1.5486,342,0.6514,,hwang_adjusted_positional_adp_2024
2024,2024-09-05,Charlie Kolar,TE,,516,64,79,78.24,,,628,1.2171,544,1.0543,1,hwang_adjusted_positional_adp_2024
2024,2024-09-05,Darren Waller,TE,,516,65,61,60.7,347.0,347.0,784,1.5194,360,0.6977,,hwang_adjusted_positional_adp_2024
2024,2024-09-05,Austin Hooper,TE,,507,66,74,77.57,385.0,385.0,628,1.2387,526,1.0375,,hwang_adjusted_positional_adp_2024
2024,2024-09-05,Cole Turner,TE,,506,67,79,78.24,,,628,1.2411,498,0.9842,1,hwang_adjusted_positional_adp_2024
2024,2024-09-05,Kene Nwangwu,RB,,506,105,119,121.87,,,475,0.9387,588,1.1621,1,hwang_adjusted_positional_adp_2024
2024,2024-09-05,Deonte Harty,WR,,501,154,174,177.29,,,529,1.0559,501,1.0,1,hwang_adjusted_positional_adp_2024
2024,2024-09-05,Julius Chestnut,RB,,495,106,85,85.24,299.0,299.0,1032,2.0848,0,0.0,,hwang_adjusted_positional_adp_2024
2024,2024-09-05,DeeJay Dallas,RB,,493,107,119,121.87,,,475,0.9635,554,1.1237,1,hwang_adjusted_positional_adp_2024
2024,2024-09-05,Kyle Philips,WR,,493,155,174,177.29,,,529,1.073,490,0.9939,1,hwang_adjusted_positional_adp_2024
2024,2024-09-05,Drew Sample,TE,,488,68,79,78.24,,,628,1.2869,464,0.9508,1,hwang_adjusted_positional_adp_2024
2024,2024-09-05,Justin Shorter,WR,,486,156,174,177.29,,,529,1.0885,478,0.9835,1,hwang_adjusted_positional_adp_2024
2024,2024-09-05,Denzel Mims,WR,,462,157,174,177.29,,,529,1.145,442,0.9567,1,hwang_adjusted_positional_adp_2024
2024,2024-09-05,Jason Brownlee,WR,,462,158,174,177.29,,,529,1.145,428,0.9264,1,hwang_adjusted_positional_adp_2024
2024,2024-09-05,Kevin Harris,RB,,461,108,119,121.87,,,475,1.0304,510,1.1063,1,hwang_adjusted_positional_adp_2024
2024,2024-09-05,Malik Davis,RB,,453,109,119,121.87,,,475,1.0486,494,1.0905,1,hwang_adjusted_positional_adp_2024
2024,2024-09-05,Deneric Prince,RB,,452,110,97,97.09,328.5,328.5,718,1.5885,264,0.5841,,hwang_adjusted_positional_adp_2024
2024,2024-09-05,Andrew Ogletree,TE,,442,69,79,78.24,,,628,1.4208,374,0.8462,1,hwang_adjusted_positional_adp_2024
2024,2024-09-05,Irv Smith,TE,,442,70,79,78.24,,,628,1.4208,364,0.8235,1,hwang_adjusted_positional_adp_2024
2024,2024-09-05,Parris Campbell,WR,,440,159,174,177.29,,,529,1.2023,391,0.8886,1,hwang_adjusted_positional_adp_2024
2024,2024-09-05,DeWayne McBride,RB,,434,111,119,121.87,426.0,426.0,475,1.0945,463,1.0668,,hwang_adjusted_positional_adp_2024
2024,2024-09-05,Ian Thomas,TE,,425,71,52,52.4,331.0,331.0,1052,2.4753,0,0.0,,hwang_adjusted_positional_adp_2024
2024,2024-09-05,Tre'Quan Smith,WR,,423,160,174,177.29,,,529,1.2506,367,0.8676,1,hwang_adjusted_positional_adp_2024
2024,2024-09-05,Jalen Guyton,WR,,420,161,174,177.29,,,529,1.2595,356,0.8476,1,hwang_adjusted_positional_adp_2024
2024,2024-09-05,Mo Alie-Cox,TE,,411,72,51,50.94,327.0,327.0,1083,2.635,0,0.0,,hwang_adjusted_positional_adp_2024
2024,2024-09-05,Quez Watkins,WR,,401,162,174,177.29,,,529,1.3192,348,0.8678,1,hwang_adjusted_positional_adp_2024
2024,2024-09-05,Justyn Ross,WR,,395,163,174,177.29,422.0,422.0,529,1.3392,365,0.9241,,hwang_adjusted_positional_adp_2024
2024,2024-09-05,Malik Cunningham,WR,,393,164,174,177.29,,,529,1.3461,332,0.8448,1,hwang_adjusted_positional_adp_2024
2024,2024-09-05,Donald Parham,TE,,381,73,79,78.24,424.0,424.0,628,1.6483,279,0.7323,,hwang_adjusted_positional_adp_2024
2024,2024-09-05,Scotty Miller,WR,,373,165,174,177.29,,,529,1.4182,293,0.7855,1,hwang_adjusted_positional_adp_2024
2024,2024-09-05,KaVontae Turpin,WR,,371,166,141,140.78,320.0,320.0,721,1.9434,0,0.0,,hwang_adjusted_positional_adp_2024
2024,2024-09-05,Cameron Latu,TE,,367,74,79,78.24,,,628,1.7112,183,0.4986,1,hwang_adjusted_positional_adp_2024
2024,2024-09-05,Ihmir Smith-Marsette,WR,,359,167,174,177.29,,,529,1.4735,286,0.7967,1,hwang_adjusted_positional_adp_2024
2024,2024-09-05,David Moore,WR,,356,168,160,167.19,382.0,382.0,481,1.3511,285,0.8006,,hwang_adjusted_positional_adp_2024
2024,2024-09-05,Jimmy Garoppolo,QB,,346,62,42,42.36,328.0,328.0,1209,3.4942,0,0.0,,hwang_adjusted_positional_adp_2024
2024,2024-09-05,Isaiah McKenzie,WR,,338,169,174,177.29,,,529,1.5651,236,0.6982,1,hwang_adjusted_positional_adp_2024
2024,2024-09-05,Desmond Ridder,QB,,329,63,62,69.12,418.0,418.0,572,1.7386,215,0.6535,,hwang_adjusted_positional_adp_2024
2024,2024-09-05,Zonovan Knight,RB,,316,112,119,121.87,,,475,1.5032,258,0.8165,1,hwang_adjusted_positional_adp_2024
2024,2024-09-05,Chris Brooks,RB,,311,113,119,121.87,,,475,1.5273,241,0.7749,1,hwang_adjusted_positional_adp_2024
2024,2024-09-05,Kadarius Toney,WR,,294,170,174,177.29,,,529,1.7993,155,0.5272,1,hwang_adjusted_positional_adp_2024
2024,2024-09-05,Equanimeous St. Brown,WR,,255,171,174,177.29,,,529,2.0745,83,0.3255,1,hwang_adjusted_positional_adp_2024
2024,2024-09-05,Lil'Jordan Humphrey,WR,,253,172,174,177.29,,,529,2.0909,70,0.2767,1,hwang_adjusted_positional_adp_2024
2024,2024-09-05,Ben Skowronek,WR,,240,173,174,177.29,,,529,2.2042,39,0.1625,1,hwang_adjusted_positional_adp_2024
2024,2024-09-05,Tyler Badie,RB,,236,114,119,121.87,,,475,2.0127,109,0.4619,1,hwang_adjusted_positional_adp_2024
2024,2024-09-05,Nelson Agholor,WR,,227,174,118,117.9,277.0,277.0,1057,4.6564,0,0.0,,hwang_adjusted_positional_adp_2024
2024,2024-09-05,Mason Rudolph,QB,,216,64,41,40.98,311.0,311.0,1326,6.1389,0,0.0,,hwang_adjusted_positional_adp_2024
2024,2024-09-05,John Bates,TE,,215,75,79,78.24,,,628,2.9209,0,0.0,1,hwang_adjusted_positional_adp_2024
2024,2024-09-05,Marcus Mariota,QB,,213,65,62,69.12,,,572,2.6854,0,0.0,1,hwang_adjusted_positional_adp_2024
2024,2024-09-05,Joshua Kelley,RB,,199,115,89,89.27,311.0,311.0,910,4.5729,0,0.0,,hwang_adjusted_positional_adp_2024
2024,2024-09-05,Clayton Tune,QB,,192,66,58,57.71,398.0,398.0,661,3.4427,0,0.0,,hwang_adjusted_positional_adp_2024
2025,2025-09-04,Ja'Marr Chase,WR,,9999,1,1,1.0,1.0,1.0,9789,0.979,10144,1.0145,,hwang_adjusted_positional_adp_2025
2025,2025-09-04,Josh Allen,QB,,9992,1,1,1.0,25.4,25.4,9994,1.0002,9991,0.9999,,hwang_adjusted_positional_adp_2025
2025,2025-09-04,Jayden Daniels,QB,,9891,2,3,2.95,33.2,33.2,9637,0.9743,10067,1.0178,,hwang_adjusted_positional_adp_2025
2025,2025-09-04,Lamar Jackson,QB,,9792,3,2,1.7,26.4,26.4,9927,1.0138,9717,0.9923,,hwang_adjusted_positional_adp_2025
2025,2025-09-04,Brock Bowers,TE,,9094,1,1,1.0,18.4,18.4,8474,0.9318,9524,1.0473,,hwang_adjusted_positional_adp_2025
2025,2025-09-04,Justin Jefferson,WR,,9072,2,3,2.88,5.8,5.8,8387,0.9245,9546,1.0522,,hwang_adjusted_positional_adp_2025
2025,2025-09-04,Bijan Robinson,RB,,8997,1,1,1.0,2.0,2.0,8876,0.9866,9081,1.0093,,hwang_adjusted_positional_adp_2025
2025,2025-09-04,Jahmyr Gibbs,RB,,8736,2,2,2.2,3.8,3.8,7934,0.9082,9292,1.0636,,hwang_adjusted_positional_adp_2025
2025,2025-09-04,Malik Nabers,WR,,8671,3,6,5.6,9.4,9.4,7271,0.8385,9622,1.1097,,hwang_adjusted_positional_adp_2025
2025,2025-09-04,CeeDee Lamb,WR,,8291,4,2,2.1,4.0,4.0,8903,1.0738,7951,0.959,,hwang_adjusted_positional_adp_2025
2025,2025-09-04,Joe Burrow,QB,,8281,4,5,4.7,45.4,45.4,8012,0.9675,8468,1.0226,,hwang_adjusted_positional_adp_2025
2025,2025-09-04,Jalen Hurts,QB,,7677,5,4,4.18,42.0,42.0,8250,1.0746,7360,0.9587,,hwang_adjusted_positional_adp_2025
2025,2025-09-04,Brian Thomas Jr.,WR,,7673,5,7,7.26,13.2,13.2,6894,0.8985,8204,1.0692,,hwang_adjusted_positional_adp_2025
2025,2025-09-04,Amon-Ra St. Brown,WR,,7362,6,5,5.4,9.4,9.4,7337,0.9966,7379,1.0023,,hwang_adjusted_positional_adp_2025
2025,2025-09-04,Trey McBride,TE,,7315,2,2,1.92,25.6,25.6,7122,0.9736,7449,1.0183,,hwang_adjusted_positional_adp_2025
2025,2025-09-04,Puka Nacua,WR,,7186,7,8,7.85,14.0,14.0,6728,0.9363,7502,1.044,,hwang_adjusted_positional_adp_2025
2025,2025-09-04,Drake London,WR,,6784,8,9,8.83,15.8,15.8,6540,0.964,6952,1.0248,,hwang_adjusted_positional_adp_2025
2025,2025-09-04,Nico Collins,WR,,6652,9,4,4.36,9.2,9.2,7785,1.1703,6006,0.9029,,hwang_adjusted_positional_adp_2025
2025,2025-09-04,Patrick Mahomes,QB,,6463,6,6,6.12,69.0,69.0,6918,1.0704,6212,0.9612,,hwang_adjusted_positional_adp_2025
2025,2025-09-04,Bo Nix,QB,,6423,7,8,7.7,82.6,82.6,6616,1.03,6318,0.9837,,hwang_adjusted_positional_adp_2025
2025,2025-09-04,Saquon Barkley,RB,,6422,3,3,2.85,4.4,4.4,6944,1.0813,6134,0.9552,,hwang_adjusted_positional_adp_2025
2025,2025-09-04,Drake Maye,QB,,6415,8,15,14.97,112.2,112.2,5239,0.8167,7275,1.1341,,hwang_adjusted_positional_adp_2025
2025,2025-09-04,Jaxon Smith-Njigba,WR,,6397,10,11,11.31,29.6,23.4,6126,0.9576,6584,1.0292,,hwang_adjusted_positional_adp_2025
2025,2025-09-04,Ladd McConkey,WR,,6391,11,12,11.65,23.8,23.8,6082,0.9517,6604,1.0333,,hwang_adjusted_positional_adp_2025
2025,2025-09-04,Justin Herbert,QB,,6281,9,16,16.01,118.6,118.6,5050,0.804,7158,1.1396,,hwang_adjusted_positional_adp_2025
2025,2025-09-04,Marvin Harrison Jr.,WR,,6278,12,18,18.4,37.8,40.5,5025,0.8004,7085,1.1285,,hwang_adjusted_positional_adp_2025
2025,2025-09-04,De'Von Achane,RB,,6247,4,9,8.81,17.2,17.9,5298,0.8481,6936,1.1103,,hwang_adjusted_positional_adp_2025
2025,2025-09-04,C.J. Stroud,QB,,6211,10,18,18.03,126.0,126.0,4847,0.7804,7151,1.1513,,hwang_adjusted_positional_adp_2025
2025,2025-09-04,Bucky Irving,RB,,6088,5,8,8.04,19.2,17.1,5466,0.8978,6525,1.0718,,hwang_adjusted_positional_adp_2025
2025,2025-09-04,Caleb Williams,QB,,5965,11,12,12.34,104.8,104.8,5643,0.946,6188,1.0374,,hwang_adjusted_positional_adp_2025
2025,2025-09-04,A.J. Brown,WR,,5791,13,10,10.06,20.2,20.2,6320,1.0913,5495,0.9489,,hwang_adjusted_positional_adp_2025
2025,2025-09-04,Jordan Love,QB,,5786,12,19,19.2,127.2,127.2,4612,0.7971,6586,1.1383,,hwang_adjusted_positional_adp_2025
2025,2025-09-04,Garrett Wilson,WR,,5761,14,14,13.83,37.0,31.6,5676,0.9852,5820,1.0102,,hwang_adjusted_positional_adp_2025
2025,2025-09-04,Tyler Warren,TE,,5734,3,7,6.87,86.8,86.8,4300,0.7499,6736,1.1747,,hwang_adjusted_positional_adp_2025
2025,2025-09-04,Chase Brown,RB,,5526,6,7,7.09,16.8,16.1,5587,1.011,5495,0.9944,,hwang_adjusted_positional_adp_2025
2025,2025-09-04,Brock Purdy,QB,,5515,13,11,10.97,99.8,99.8,5989,1.0859,5252,0.9523,,hwang_adjusted_positional_adp_2025
2025,2025-09-04,Sam LaPorta,TE,,5490,4,4,4.2,68.8,68.8,5479,0.998,5498,1.0015,,hwang_adjusted_positional_adp_2025
2025,2025-09-04,Tee Higgins,WR,,5459,15,13,13.29,28.0,30.5,5689,1.0421,5331,0.9766,,hwang_adjusted_positional_adp_2025
2025,2025-09-04,Jonathan Taylor,RB,,5451,7,11,10.92,19.4,23.2,5152,0.9451,5675,1.0411,,hwang_adjusted_positional_adp_2025
2025,2025-09-04,J.J. McCarthy,QB,,5429,14,17,17.25,124.6,124.6,4913,0.905,5777,1.0641,,hwang_adjusted_positional_adp_2025
2025,2025-09-04,Kyren Williams,RB,,5397,8,12,12.28,27.6,27.6,4972,0.9213,5702,1.0565,,hwang_adjusted_positional_adp_2025
2025,2025-09-04,Baker Mayfield,QB,,5371,15,7,7.33,81.4,81.4,6667,1.2413,4593,0.8551,,hwang_adjusted_positional_adp_2025
2025,2025-09-04,Colston Loveland,TE,,5134,5,12,11.73,112.2,112.2,3469,0.6757,6284,1.224,,hwang_adjusted_positional_adp_2025
2025,2025-09-04,Rome Odunze,WR,,5078,16,36,35.7,70.4,70.4,3680,0.7247,6168,1.2147,,hwang_adjusted_positional_adp_2025
2025,2025-09-04,Christian McCaffrey,RB,,5071,9,5,5.03,7.2,10.4,6159,1.2146,4456,0.8787,,hwang_adjusted_positional_adp_2025
2025,2025-09-04,Rashee Rice,WR,,5069,17,30,30.15,68.8,61.1,4155,0.8197,5771,1.1385,,hwang_adjusted_positional_adp_2025
2025,2025-09-04,Kyler Murray,QB,,5054,16,10,9.99,95.4,95.4,6197,1.2262,4389,0.8684,,hwang_adjusted_positional_adp_2025
2025,2025-09-04,Trevor Lawrence,QB,,5045,17,20,19.62,127.6,127.6,4493,0.8906,5421,1.0745,,hwang_adjusted_positional_adp_2025
2025,2025-09-04,George Kittle,TE,,5043,6,3,2.8,36.4,36.4,6046,1.1989,4481,0.8886,,hwang_adjusted_positional_adp_2025
2025,2025-09-04,James Cook,RB,,5020,10,14,14.19,35.6,35.6,4756,0.9474,5227,1.0412,,hwang_adjusted_positional_adp_2025
2025,2025-09-04,Josh Jacobs,RB,,4992,11,10,9.95,20.2,20.2,5215,1.0447,4869,0.9754,,hwang_adjusted_positional_adp_2025
2025,2025-09-04,Jameson Williams,WR,,4988,18,24,23.96,50.8,50.3,4612,0.9246,5266,1.0557,,hwang_adjusted_positional_adp_2025
2025,2025-09-04,Michael Penix Jr.,QB,,4977,18,21,21.21,141.6,141.6,4150,0.8338,5540,1.1131,,hwang_adjusted_positional_adp_2025
2025,2025-09-04,DeVonta Smith,WR,,4971,19,26,25.6,54.8,54.8,4560,0.9173,5254,1.0569,,hwang_adjusted_positional_adp_2025
2025,2025-09-04,Breece Hall,RB,,4944,12,16,16.02,43.2,40.2,4126,0.8345,5516,1.1157,,hwang_adjusted_positional_adp_2025
2025,2025-09-04,Kenneth Walker III,RB,,4845,13,17,16.74,42.0,42.0,4021,0.8299,5424,1.1195,,hwang_adjusted_positional_adp_2025
2025,2025-09-04,Bryce Young,QB,,4832,19,23,22.68,146.8,146.8,3747,0.7755,5567,1.1521,,hwang_adjusted_positional_adp_2025
2025,2025-09-04,Derrick Henry,RB,,4799,14,6,6.18,12.4,14.5,5767,1.2017,4216,0.8785,,hwang_adjusted_positional_adp_2025
2025,2025-09-04,Xavier Worthy,WR,,4694,20,23,22.66,45.4,46.7,4672,0.9953,4717,1.0049,,hwang_adjusted_positional_adp_2025
2025,2025-09-04,George Pickens,WR,,4605,21,27,26.6,51.2,54.8,4483,0.9735,4716,1.0241,,hwang_adjusted_positional_adp_2025
2025,2025-09-04,Terry McLaurin,WR,,4574,22,16,16.07,40.0,37.3,5234,1.1443,4191,0.9163,,hwang_adjusted_positional_adp_2025
2025,2025-09-04,Jordan Addison,WR,,4543,23,35,35.2,84.2,70.1,3693,0.8129,5190,1.1424,,hwang_adjusted_positional_adp_2025
2025,2025-09-04,DK Metcalf,WR,,4520,24,25,25.4,52.2,54.8,4571,1.0113,4493,0.994,,hwang_adjusted_positional_adp_2025
2025,2025-09-04,Ricky Pearsall,WR,,4517,25,32,31.65,61.6,62.0,3966,0.878,4919,1.089,,hwang_adjusted_positional_adp_2025
2025,2025-09-04,Jaylen Waddle,WR,,4486,26,34,33.8,61.4,69.2,3837,0.8553,4953,1.1041,,hwang_adjusted_positional_adp_2025
2025,2025-09-04,Jared Goff,QB,,4482,20,14,13.76,106.6,106.6,5347,1.193,3977,0.8873,,hwang_adjusted_positional_adp_2025
2025,2025-09-04,Dak Prescott,QB,,4458,21,9,9.14,91.2,91.2,6339,1.4219,3202,0.7183,,hwang_adjusted_positional_adp_2025
2025,2025-09-04,Zay Flowers,WR,,4384,27,28,28.13,60.6,58.4,4352,0.9927,4407,1.0052,,hwang_adjusted_positional_adp_2025
2025,2025-09-04,D.J. Moore,WR,,4254,28,21,21.34,50.0,46.0,4727,1.1112,3976,0.9346,,hwang_adjusted_positional_adp_2025
2025,2025-09-04,Chuba Hubbard,RB,,4250,15,19,18.69,51.2,51.2,3762,0.8852,4609,1.0845,,hwang_adjusted_positional_adp_2025
2025,2025-09-04,T.J. Hockenson,TE,,4196,7,6,5.92,82.6,82.6,4956,1.1811,3776,0.8999,,hwang_adjusted_positional_adp_2025
2025,2025-09-04,Chris Olave,WR,,4116,29,40,40.05,73.8,75.3,3397,0.8253,4688,1.139,,hwang_adjusted_positional_adp_2025
2025,2025-09-04,Courtland Sutton,WR,,4112,30,22,22.06,46.4,46.4,4714,1.1464,3749,0.9117,,hwang_adjusted_positional_adp_2025
2025,2025-09-04,Tucker Kraft,TE,,3998,8,11,10.85,108.6,108.6,3533,0.8837,4322,1.081,,hwang_adjusted_positional_adp_2025
2025,2025-09-04,Mike Evans,WR,,3772,31,17,17.1,36.2,39.3,5173,1.3714,2776,0.7359,,hwang_adjusted_positional_adp_2025
2025,2025-09-04,Jerry Jeudy,WR,,3735,32,31,30.96,69.4,61.5,3997,1.0701,3590,0.9612,,hwang_adjusted_positional_adp_2025
2025,2025-09-04,Alvin Kamara,RB,,3713,16,18,18.34,46.6,50.5,3805,1.0248,3680,0.9911,,hwang_adjusted_positional_adp_2025
2025,2025-09-04,Tyreek Hill,WR,,3684,33,15,14.99,31.6,34.4,5505,1.4943,2194,0.5955,,hwang_adjusted_positional_adp_2025
2025,2025-09-04,Tua Tagovailoa,QB,,3641,22,22,22.28,146.0,146.0,3766,1.0343,3572,0.981,,hwang_adjusted_positional_adp_2025
2025,2025-09-04,Justin Fields,QB,,3634,23,13,12.78,105.2,105.2,5517,1.5182,2433,0.6695,,hwang_adjusted_positional_adp_2025
2025,2025-09-04,David Njoku,TE,,3621,9,10,10.27,107.0,107.0,3586,0.9903,3646,1.0069,,hwang_adjusted_positional_adp_2025
2025,2025-09-04,Josh Downs,WR,,3618,34,49,48.86,101.8,101.8,2953,0.8162,4213,1.1645,,hwang_adjusted_positional_adp_2025
2025,2025-09-04,Zach Charbonnet,RB,,3557,17,31,31.21,90.8,96.2,2996,0.8423,4212,1.1841,,hwang_adjusted_positional_adp_2025
2025,2025-09-04,Dalton Kincaid,TE,,3547,10,13,13.38,131.6,131.6,3311,0.9335,3716,1.0476,,hwang_adjusted_positional_adp_2025
2025,2025-09-04,Isaiah Likely,TE,,3534,11,22,22.08,175.8,175.8,2600,0.7357,4174,1.1811,,hwang_adjusted_positional_adp_2025
2025,2025-09-04,Mark Andrews,TE,,3531,12,8,8.17,95.0,95.0,3973,1.1252,3282,0.9295,,hwang_adjusted_positional_adp_2025
2025,2025-09-04,Kyle Pitts,TE,,3504,13,15,14.98,137.0,137.0,3208,0.9155,3704,1.0571,,hwang_adjusted_positional_adp_2025
2025,2025-09-04,Davante Adams,WR,,3493,35,20,19.67,41.0,41.0,4877,1.3962,2462,0.7048,,hwang_adjusted_positional_adp_2025
2025,2025-09-04,David Montgomery,RB,,3448,18,25,24.86,68.2,68.2,3333,0.9666,3639,1.0554,,hwang_adjusted_positional_adp_2025
2025,2025-09-04,Keon Coleman,WR,,3447,36,46,45.63,94.8,94.8,3130,0.908,3764,1.092,,hwang_adjusted_positional_adp_2025
2025,2025-09-04,Evan Engram,TE,,3398,14,9,8.83,98.4,98.4,3762,1.1071,3189,0.9385,,hwang_adjusted_positional_adp_2025
2025,2025-09-04,Sam Darnold,QB,,3397,24,27,26.7,168.4,168.4,2910,0.8566,3736,1.0998,,hwang_adjusted_positional_adp_2025
2025,2025-09-04,Isiah Pacheco,RB,,3390,19,23,22.91,65.4,62.1,3426,1.0106,3408,1.0053,,hwang_adjusted_positional_adp_2025
2025,2025-09-04,Jake Ferguson,TE,,3386,15,14,13.66,132.0,132.0,3277,0.9678,3462,1.0224,,hwang_adjusted_positional_adp_2025
2025,2025-09-04,Calvin Ridley,WR,,3384,37,29,29.13,54.8,60.2,4253,1.2568,2860,0.8452,,hwang_adjusted_positional_adp_2025
2025,2025-09-04,Mason Taylor,TE,,3379,16,23,23.18,180.0,180.0,2537,0.7508,3907,1.1563,,hwang_adjusted_positional_adp_2025
2025,2025-09-04,James Conner,RB,,3365,20,20,20.15,56.6,56.6,3678,1.093,3192,0.9486,,hwang_adjusted_positional_adp_2025
2025,2025-09-04,Jayden Reed,WR,,3360,38,50,50.38,110.2,110.2,2881,0.8574,3776,1.1238,,hwang_adjusted_positional_adp_2025
2025,2025-09-04,Elijah Arroyo,TE,,3309,17,28,28.33,213.2,213.2,2215,0.6694,3958,1.1961,,hwang_adjusted_positional_adp_2025
2025,2025-09-04,Brandon Aiyuk,WR,,3294,39,57,56.79,145.8,124.5,2577,0.7823,3882,1.1785,,hwang_adjusted_positional_adp_2025
2025,2025-09-04,Khalil Shakir,WR,,3273,40,43,42.75,91.8,84.2,3257,0.9951,3292,1.0058,,hwang_adjusted_positional_adp_2025
2025,2025-09-04,D'Andre Swift,RB,,3270,21,21,21.34,60.2,59.0,3583,1.0957,3098,0.9474,,hwang_adjusted_positional_adp_2025
2025,2025-09-04,Travis Kelce,TE,,3232,18,5,5.24,79.8,79.8,5079,1.5715,1965,0.608,,hwang_adjusted_positional_adp_2025
2025,2025-09-04,Brenton Strange,TE,,3223,19,18,18.07,157.8,157.8,3024,0.9383,3361,1.0428,,hwang_adjusted_positional_adp_2025
2025,2025-09-04,Tony Pollard,RB,,3220,22,24,24.2,61.4,66.7,3350,1.0404,3159,0.9811,,hwang_adjusted_positional_adp_2025
2025,2025-09-04,Jakobi Meyers,WR,,3195,41,42,42.13,81.8,81.8,3287,1.0288,3146,0.9847,,hwang_adjusted_positional_adp_2025
2025,2025-09-04,Braelon Allen,RB,,3188,23,47,47.04,120.8,139.5,2245,0.7042,4032,1.2647,,hwang_adjusted_positional_adp_2025
2025,2025-09-04,Jordan Mason,RB,,3154,24,32,32.33,84.6,98.4,2957,0.9375,3364,1.0666,,hwang_adjusted_positional_adp_2025
2025,2025-09-04,Trey Benson,RB,,3154,25,44,43.67,134.6,133.5,2387,0.7568,3816,1.2099,,hwang_adjusted_positional_adp_2025
2025,2025-09-04,Chris Godwin,WR,,3152,42,48,47.64,110.4,97.8,3022,0.9588,3272,1.0381,,hwang_adjusted_positional_adp_2025
2025,2025-09-04,Michael Pittman,WR,,3108,43,47,47.35,97.6,97.6,3036,0.9768,3176,1.0219,,hwang_adjusted_positional_adp_2025
2025,2025-09-04,Geno Smith,QB,,3106,25,25,24.81,157.4,157.4,3261,1.0499,3020,0.9723,,hwang_adjusted_positional_adp_2025
2025,2025-09-04,Tank Bigsby,RB,,3102,26,40,39.6,121.8,127.3,2620,0.8446,3560,1.1476,,hwang_adjusted_positional_adp_2025
2025,2025-09-04,Terrance Ferguson,TE,,3031,20,37,37.25,300.3,300.3,1867,0.616,3659,1.2072,,hwang_adjusted_positional_adp_2025
2025,2025-09-04,Travis Etienne,RB,,3022,27,33,32.61,98.6,98.6,2950,0.9762,3116,1.0311,,hwang_adjusted_positional_adp_2025
2025,2025-09-04,Jaylen Warren,RB,,2988,28,29,29.0,85.2,85.2,3128,1.0469,2912,0.9746,,hwang_adjusted_positional_adp_2025
2025,2025-09-04,Jauan Jennings,WR,,2979,44,45,45.27,89.0,94.7,3142,1.0547,2891,0.9705,,hwang_adjusted_positional_adp_2025
2025,2025-09-04,Aaron Jones,RB,,2974,29,26,25.82,71.4,71.4,3311,1.1133,2785,0.9364,,hwang_adjusted_positional_adp_2025
2025,2025-09-04,Deebo Samuel,WR,,2964,45,39,38.63,72.8,72.8,3454,1.1653,2677,0.9032,,hwang_adjusted_positional_adp_2025
2025,2025-09-04,Marvin Mims,WR,,2963,46,53,52.6,122.4,120.4,2790,0.9416,3124,1.0543,,hwang_adjusted_positional_adp_2025
2025,2025-09-04,Stefon Diggs,WR,,2948,47,41,40.83,77.2,77.2,3349,1.136,2714,0.9206,,hwang_adjusted_positional_adp_2025
2025,2025-09-04,Harold Fannin,TE,,2922,21,29,28.87,213.4,213.4,2178,0.7454,3353,1.1475,,hwang_adjusted_positional_adp_2025
2025,2025-09-04,J.K. Dobbins,RB,,2891,30,38,38.4,97.8,127.3,2661,0.9204,3115,1.0775,,hwang_adjusted_positional_adp_2025
2025,2025-09-04,Rashid Shaheed,WR,,2856,48,56,55.9,118.2,122.3,2649,0.9275,3050,1.0679,,hwang_adjusted_positional_adp_2025
2025,2025-09-04,Cade Otton,TE,,2843,22,24,23.69,181.6,181.6,2495,0.8776,3079,1.083,,hwang_adjusted_positional_adp_2025
2025,2025-09-04,Matthew Stafford,QB,,2836,26,26,26.25,166.4,166.4,2979,1.0504,2757,0.9721,,hwang_adjusted_positional_adp_2025
2025,2025-09-04,Dallas Goedert,TE,,2816,23,16,15.82,142.4,142.4,3197,1.1353,2590,0.9197,,hwang_adjusted_positional_adp_2025
2025,2025-09-04,Tyjae Spears,RB,,2804,31,46,45.64,170.4,135.9,2320,0.8274,3267,1.1651,,hwang_adjusted_positional_adp_2025
2025,2025-09-04,Xavier Legette,WR,,2794,49,70,69.72,159.6,162.5,2086,0.7466,3402,1.2176,,hwang_adjusted_positional_adp_2025
2025,2025-09-04,Darnell Mooney,WR,,2789,50,51,50.62,120.2,110.4,2867,1.028,2746,0.9846,,hwang_adjusted_positional_adp_2025
2025,2025-09-04,Javonte Williams,RB,,2764,32,30,29.9,112.4,89.3,3072,1.1114,2593,0.9381,,hwang_adjusted_positional_adp_2025
2025,2025-09-04,Joe Mixon,RB,,2738,33,36,36.01,132.6,122.7,2739,1.0004,2751,1.0047,,hwang_adjusted_positional_adp_2025
2025,2025-09-04,Cedric Tillman,WR,,2704,51,60,60.4,152.8,153.9,2424,0.8964,2958,1.0939,,hwang_adjusted_positional_adp_2025
2025,2025-09-04,Ja'Tavion Sanders,TE,,2701,24,26,25.99,202.8,202.8,2355,0.8719,2933,1.0859,,hwang_adjusted_positional_adp_2025
2025,2025-09-04,Ben Sinnott,TE,,2686,25,46,45.66,323.0,323.0,1453,0.541,3323,1.2372,,hwang_adjusted_positional_adp_2025
2025,2025-09-04,Cooper Kupp,WR,,2683,52,44,44.36,94.6,94.2,3156,1.1763,2399,0.8941,,hwang_adjusted_positional_adp_2025
2025,2025-09-04,Jalen McMillan,WR,,2683,53,69,68.7,218.5,160.5,2121,0.7905,3141,1.1707,,hwang_adjusted_positional_adp_2025
2025,2025-09-04,Rashod Bateman,WR,,2680,54,54,54.27,134.6,120.9,2744,1.0239,2645,0.9869,,hwang_adjusted_positional_adp_2025
2025,2025-09-04,Brian Robinson,RB,,2677,34,41,40.71,128.0,128.0,2576,0.9623,2800,1.0459,,hwang_adjusted_positional_adp_2025
2025,2025-09-04,Daniel Jones,QB,,2655,27,29,29.07,193.8,193.8,2322,0.8746,2893,1.0896,,hwang_adjusted_positional_adp_2025
2025,2025-09-04,Chigoziem Okonkwo,TE,,2630,26,20,20.28,168.0,168.0,2750,1.0456,2561,0.9738,,hwang_adjusted_positional_adp_2025
2025,2025-09-04,Pat Freiermuth,TE,,2630,27,30,29.66,213.8,213.8,2137,0.8125,2955,1.1236,,hwang_adjusted_positional_adp_2025
2025,2025-09-04,Anthony Richardson,QB,,2575,28,32,32.29,213.6,213.6,2025,0.7864,2976,1.1557,,hwang_adjusted_positional_adp_2025
2025,2025-09-04,Ray Davis,RB,,2567,35,52,52.27,148.8,148.8,2028,0.79,3123,1.2166,,hwang_adjusted_positional_adp_2025
2025,2025-09-04,Demario Douglas,WR,,2552,55,68,67.8,156.6,160.2,2160,0.8464,2902,1.1371,,hwang_adjusted_positional_adp_2025
2025,2025-09-04,Adonai Mitchell,WR,,2550,56,90,90.09,251.8,219.3,1475,0.5784,3381,1.3259,,hwang_adjusted_positional_adp_2025
2025,2025-09-04,Theo Johnson,TE,,2493,28,27,27.23,211.0,211.0,2315,0.9286,2616,1.0493,,hwang_adjusted_positional_adp_2025
2025,2025-09-04,Rhamondre Stevenson,RB,,2487,36,35,35.01,127.0,118.8,2822,1.1347,2302,0.9256,,hwang_adjusted_positional_adp_2025
2025,2025-09-04,Jaylen Wright,RB,,2481,37,68,67.87,218.0,216.9,1330,0.5361,3480,1.4027,,hwang_adjusted_positional_adp_2025
2025,2025-09-04,Tyler Allgeier,RB,,2458,38,51,51.04,160.2,146.2,2084,0.8478,2842,1.1562,,hwang_adjusted_positional_adp_2025
2025,2025-09-04,Najee Harris,RB,,2455,39,42,42.26,143.2,132.4,2469,1.0057,2463,1.0033,,hwang_adjusted_positional_adp_2025
2025,2025-09-04,Rachaad White,RB,,2444,40,45,45.33,157.0,135.7,2332,0.9542,2552,1.0442,,hwang_adjusted_positional_adp_2025
2025,2025-09-04,Jonnu Smith,TE,,2439,29,21,20.76,169.6,169.6,2699,1.1066,2281,0.9352,,hwang_adjusted_positional_adp_2025
2025,2025-09-04,Romeo Doubs,WR,,2421,57,61,60.6,157.6,153.9,2419,0.9992,2436,1.0062,,hwang_adjusted_positional_adp_2025
2025,2025-09-04,Tank Dell,WR,,2388,58,116,115.6,283.0,283.0,1011,0.4234,3495,1.4636,,hwang_adjusted_positional_adp_2025
2025,2025-09-04,Keaton Mitchell,RB,,2385,41,70,70.08,194.6,218.6,1288,0.54,3303,1.3849,,hwang_adjusted_positional_adp_2025
2025,2025-09-04,Cole Kmet,TE,,2383,30,36,35.72,283.0,283.0,1901,0.7977,2661,1.1167,,hwang_adjusted_positional_adp_2025
2025,2025-09-04,Wan'Dale Robinson,WR,,2286,59,66,66.0,169.8,160.0,2236,0.9781,2372,1.0376,,hwang_adjusted_positional_adp_2025
2025,2025-09-04,Hunter Henry,TE,,2282,31,19,18.68,158.8,158.8,2998,1.3138,1797,0.7875,,hwang_adjusted_positional_adp_2025
2025,2025-09-04,Christian Kirk,WR,,2279,60,55,54.66,122.2,121.0,2714,1.1909,2029,0.8903,,hwang_adjusted_positional_adp_2025
2025,2025-09-04,Troy Franklin,WR,,2276,61,98,97.72,202.8,262.7,1337,0.5874,3048,1.3392,,hwang_adjusted_positional_adp_2025
2025,2025-09-04,Blake Corum,RB,,2267,42,59,59.03,206.4,196.0,1666,0.7349,2840,1.2528,,hwang_adjusted_positional_adp_2025
2025,2025-09-04,Jonathon Brooks,RB,,2239,43,138,136.0,,,179,0.0799,3727,1.6646,1,hwang_adjusted_positional_adp_2025
2025,2025-09-04,Zach Ertz,TE,,2228,32,17,17.33,156.4,156.4,3074,1.3797,1611,0.7231,,hwang_adjusted_positional_adp_2025
2025,2025-09-04,Dalton Schultz,TE,,2221,33,32,31.78,219.6,219.6,2009,0.9045,2368,1.0662,,hwang_adjusted_positional_adp_2025
2025,2025-09-04,Jerome Ford,RB,,2212,44,50,49.6,155.2,143.1,2133,0.9643,2300,1.0398,,hwang_adjusted_positional_adp_2025
2025,2025-09-04,Michael Mayer,TE,,2210,34,44,43.64,315.8,315.8,1500,0.6787,2584,1.1692,,hwang_adjusted_positional_adp_2025
2025,2025-09-04,Oronde Gadsden,TE,,2208,35,40,40.37,313.8,313.8,1717,0.7776,2497,1.1309,,hwang_adjusted_positional_adp_2025
2025,2025-09-04,Quentin Johnston,WR,,2198,62,65,65.33,198.8,159.9,2245,1.0214,2187,0.995,,hwang_adjusted_positional_adp_2025
2025,2025-09-04,Austin Ekeler,RB,,2195,45,138,136.0,,,179,0.0815,3632,1.6547,1,hwang_adjusted_positional_adp_2025
2025,2025-09-04,Chris Rodriguez,RB,,2174,46,54,54.35,186.2,168.6,1841,0.8468,2453,1.1283,,hwang_adjusted_positional_adp_2025
2025,2025-09-04,Mike Gesicki,TE,,2153,36,25,25.11,195.0,195.0,2401,1.1152,1992,0.9252,,hwang_adjusted_positional_adp_2025
2025,2025-09-04,Luke Musgrave,TE,,2143,37,48,47.6,335.7,335.7,1418,0.6617,2516,1.1741,,hwang_adjusted_positional_adp_2025
2025,2025-09-04,Noah Gray,TE,,2130,38,35,35.33,279.8,279.8,1924,0.9033,2273,1.0671,,hwang_adjusted_positional_adp_2025
2025,2025-09-04,Christian Watson,WR,,2120,63,108,107.93,313.5,278.1,1098,0.5179,3008,1.4189,,hwang_adjusted_positional_adp_2025
2025,2025-09-04,Gunnar Helm,TE,,2091,39,47,47.4,335.7,335.7,1422,0.6801,2451,1.1722,,hwang_adjusted_positional_adp_2025
2025,2025-09-04,Will Shipley,RB,,2090,47,62,62.1,178.6,201.1,1544,0.7388,2571,1.2301,,hwang_adjusted_positional_adp_2025
2025,2025-09-04,Alec Pierce,WR,,2077,64,71,71.24,196.6,174.3,2025,0.975,2176,1.0477,,hwang_adjusted_positional_adp_2025
2025,2025-09-04,Sean Tucker,RB,,2075,48,72,72.01,228.8,228.8,1250,0.6024,2745,1.3229,,hwang_adjusted_positional_adp_2025
2025,2025-09-04,Marquise Brown,WR,,2072,65,59,59.37,154.0,153.0,2453,1.1839,1852,0.8938,,hwang_adjusted_positional_adp_2025
2025,2025-09-04,Kendre Miller,RB,,2050,49,78,77.76,218.8,245.3,1077,0.5254,2835,1.3829,,hwang_adjusted_positional_adp_2025
2025,2025-09-04,Roman Wilson,WR,,2043,66,83,82.75,222.4,208.4,1669,0.8169,2437,1.1929,,hwang_adjusted_positional_adp_2025
2025,2025-09-04,Rico Dowdle,RB,,2007,50,48,48.24,169.0,142.4,2190,1.0912,1906,0.9497,,hwang_adjusted_positional_adp_2025
2025,2025-09-04,Russell Wilson,QB,,2001,29,31,31.22,211.0,211.0,2163,1.081,1924,0.9615,,hwang_adjusted_positional_adp_2025
2025,2025-09-04,AJ Barner,TE,,1996,40,41,41.4,314.0,314.0,1666,0.8347,2220,1.1122,,hwang_adjusted_positional_adp_2025
2025,2025-09-04,Roschon Johnson,RB,,1979,51,60,59.79,216.0,197.1,1605,0.811,2280,1.1521,,hwang_adjusted_positional_adp_2025
2025,2025-09-04,Dontayvion Wicks,WR,,1968,67,74,73.85,263.5,195.3,1924,0.9776,2059,1.0462,,hwang_adjusted_positional_adp_2025
2025,2025-09-04,Michael Wilson,WR,,1947,68,75,75.35,211.8,196.8,1874,0.9625,2061,1.0586,,hwang_adjusted_positional_adp_2025
2025,2025-09-04,Nick Chubb,RB,,1943,52,53,52.62,136.0,149.3,2008,1.0335,1907,0.9815,,hwang_adjusted_positional_adp_2025
2025,2025-09-04,Dawson Knox,TE,,1922,41,45,45.29,322.0,322.0,1460,0.7596,2211,1.1504,,hwang_adjusted_positional_adp_2025
2025,2025-09-04,Juwan Johnson,TE,,1915,42,31,31.29,218.8,218.8,2029,1.0595,1841,0.9614,,hwang_adjusted_positional_adp_2025
2025,2025-09-04,Spencer Rattler,QB,,1915,30,35,34.94,242.8,242.8,1609,0.8402,2180,1.1384,,hwang_adjusted_positional_adp_2025
2025,2025-09-04,Aaron Rodgers,QB,,1899,31,28,28.05,182.6,182.6,2708,1.426,1447,0.762,,hwang_adjusted_positional_adp_2025
2025,2025-09-04,Keenan Allen,WR,,1889,69,62,61.89,121.6,154.9,2379,1.2594,1598,0.846,,hwang_adjusted_positional_adp_2025
2025,2025-09-04,Joe Milton,QB,,1885,32,57,63.68,358.0,358.0,627,0.3326,2949,1.5645,,hwang_adjusted_positional_adp_2025
2025,2025-09-04,MarShawn Lloyd,RB,,1883,53,89,92.25,313.3,286.8,903,0.4796,2661,1.4132,,hwang_adjusted_positional_adp_2025
2025,2025-09-04,Andrei Iosivas,WR,,1877,70,89,88.81,216.4,218.2,1520,0.8098,2274,1.2115,,hwang_adjusted_positional_adp_2025
2025,2025-09-04,Tre Tucker,WR,,1863,71,103,102.66,273.0,268.3,1187,0.6371,2486,1.3344,,hwang_adjusted_positional_adp_2025
2025,2025-09-04,Kayshon Boutte,WR,,1842,72,81,80.67,257.2,201.5,1717,0.9321,1985,1.0776,,hwang_adjusted_positional_adp_2025
2025,2025-09-04,Malik Washington,WR,,1826,73,86,85.6,217.8,216.9,1616,0.885,2034,1.1139,,hwang_adjusted_positional_adp_2025
2025,2025-09-04,Adam Thielen,WR,,1804,74,73,73.37,161.0,194.6,1931,1.0704,1734,0.9612,,hwang_adjusted_positional_adp_2025
2025,2025-09-04,Noah Fant,TE,,1800,43,39,38.97,308.7,308.7,1811,1.0061,1794,0.9967,,hwang_adjusted_positional_adp_2025
2025,2025-09-04,Dyami Brown,WR,,1769,75,92,91.86,224.0,224.0,1428,0.8072,2087,1.1798,,hwang_adjusted_positional_adp_2025
2025,2025-09-04,Luke McCaffrey,WR,,1734,76,118,117.99,284.0,284.0,948,0.5467,2388,1.3772,,hwang_adjusted_positional_adp_2025
2025,2025-09-04,Dameon Pierce,RB,,1705,54,69,69.26,216.4,218.3,1299,0.7619,2093,1.2276,,hwang_adjusted_positional_adp_2025
2025,2025-09-04,Calvin Austin III,WR,,1698,77,78,78.36,236.6,200.5,1803,1.0618,1642,0.967,,hwang_adjusted_positional_adp_2025
2025,2025-09-04,Jalen Nailor,WR,,1685,78,96,95.92,260.3,260.3,1350,0.8012,2010,1.1929,,hwang_adjusted_positional_adp_2025
2025,2025-09-04,John Metchie,WR,,1671,79,128,127.77,290.5,290.5,860,0.5147,2343,1.4022,,hwang_adjusted_positional_adp_2025
2025,2025-09-04,Elijah Moore,WR,,1668,80,130,129.84,292.8,292.8,851,0.5102,2320,1.3909,,hwang_adjusted_positional_adp_2025
2025,2025-09-04,Luke Schoonmaker,TE,,1667,44,73,74.84,401.5,401.5,694,0.4163,2168,1.3005,,hwang_adjusted_positional_adp_2025
2025,2025-09-04,Darren Waller,TE,,1666,45,33,32.68,222.4,222.4,1988,1.1933,1448,0.8691,,hwang_adjusted_positional_adp_2025
2025,2025-09-04,Cade Stover,TE,,1634,46,53,52.73,345.5,345.5,1250,0.765,1849,1.1316,,hwang_adjusted_positional_adp_2025
2025,2025-09-04,Erick All,TE,,1623,47,83,83.0,,,516,0.3179,2055,1.2662,1,hwang_adjusted_positional_adp_2025
2025,2025-09-04,Darnell Washington,TE,,1610,48,56,56.32,355.5,355.5,1194,0.7416,1826,1.1342,,hwang_adjusted_positional_adp_2025
2025,2025-09-04,Audric Estime,RB,,1599,55,102,102.06,366.0,319.0,704,0.4403,2411,1.5078,,hwang_adjusted_positional_adp_2025
2025,2025-09-04,Jermaine Burton,WR,,1598,81,147,147.4,329.0,329.0,603,0.3773,2415,1.5113,,hwang_adjusted_positional_adp_2025
2025,2025-09-04,Jaleel McLaughlin,RB,,1596,56,64,64.4,276.0,206.4,1451,0.9091,1756,1.1003,,hwang_adjusted_positional_adp_2025
2025,2025-09-04,DeAndre Hopkins,WR,,1589,82,77,76.93,200.4,198.4,1832,1.1529,1450,0.9125,,hwang_adjusted_positional_adp_2025
2025,2025-09-04,Parker Washington,WR,,1582,83,145,144.75,321.3,321.3,653,0.4128,2328,1.4716,,hwang_adjusted_positional_adp_2025
2025,2025-09-04,Joe Flacco,QB,,1567,33,33,32.61,214.0,214.0,1941,1.2387,1360,0.8679,,hwang_adjusted_positional_adp_2025
2025,2025-09-04,Tyler Higbee,TE,,1567,49,34,33.95,247.4,247.4,1941,1.2387,1291,0.8239,,hwang_adjusted_positional_adp_2025
2025,2025-09-04,Justice Hill,RB,,1563,57,56,55.73,196.0,170.8,1766,1.1299,1451,0.9283,,hwang_adjusted_positional_adp_2025
2025,2025-09-04,Darius Slayton,WR,,1561,84,76,75.65,204.2,196.9,1863,1.1935,1377,0.8821,,hwang_adjusted_positional_adp_2025
2025,2025-09-04,Elijah Mitchell,RB,,1530,58,77,77.22,275.6,244.6,1096,0.7163,1943,1.2699,,hwang_adjusted_positional_adp_2025
2025,2025-09-04,Miles Sanders,RB,,1524,59,75,74.79,244.6,240.5,1179,0.7736,1860,1.2205,,hwang_adjusted_positional_adp_2025
2025,2025-09-04,Tutu Atwell,WR,,1521,85,113,112.8,281.5,281.5,1043,0.6857,1951,1.2827,,hwang_adjusted_positional_adp_2025
2025,2025-09-04,Jalin Hyatt,WR,,1516,86,138,138.01,312.0,312.0,674,0.4446,2192,1.4459,,hwang_adjusted_positional_adp_2025
2025,2025-09-04,Daniel Bellinger,TE,,1480,50,74,74.99,405.0,405.0,707,0.4777,1887,1.275,,hwang_adjusted_positional_adp_2025
2025,2025-09-04,Tyler Conklin,TE,,1450,51,38,37.99,304.4,304.4,1845,1.2724,1177,0.8117,,hwang_adjusted_positional_adp_2025
2025,2025-09-04,Colby Parkinson,TE,,1428,52,50,50.13,341.0,341.0,1323,0.9265,1501,1.0511,,hwang_adjusted_positional_adp_2025
2025,2025-09-04,Trey Palmer,WR,,1421,87,188,186.25,419.0,419.0,347,0.2442,2362,1.6622,,hwang_adjusted_positional_adp_2025
2025,2025-09-04,Malik Willis,QB,,1417,34,51,51.24,346.0,346.0,714,0.5039,2136,1.5074,,hwang_adjusted_positional_adp_2025
2025,2025-09-04,Jalen Tolbert,WR,,1413,88,85,85.4,264.5,216.9,1622,1.1479,1296,0.9172,,hwang_adjusted_positional_adp_2025
2025,2025-09-04,Tyler Lockett,WR,,1412,89,91,90.72,220.0,220.0,1464,1.0368,1386,0.9816,,hwang_adjusted_positional_adp_2025
2025,2025-09-04,Elijah Higgins,TE,,1409,53,57,57.0,356.0,356.0,1170,0.8304,1555,1.1036,,hwang_adjusted_positional_adp_2025
2025,2025-09-04,Tommy Tremble,TE,,1409,54,76,76.31,421.0,421.0,683,0.4847,1739,1.2342,,hwang_adjusted_positional_adp_2025
2025,2025-09-04,Jared Wiley,TE,,1402,55,83,83.0,,,516,0.368,1731,1.2347,1,hwang_adjusted_positional_adp_2025
2025,2025-09-04,Ja'Lynn Polk,WR,,1389,90,202,186,,,347,0.2498,2117,1.5241,1,hwang_adjusted_positional_adp_2025
2025,2025-09-04,Emanuel Wilson,RB,,1383,60,80,80.32,268.2,264.1,1014,0.7332,1798,1.3001,,hwang_adjusted_positional_adp_2025
2025,2025-09-04,Thomas Fidone,TE,,1369,56,70,74.81,396.5,396.5,692,0.5055,1716,1.2535,,hwang_adjusted_positional_adp_2025
2025,2025-09-04,Kareem Hunt,RB,,1358,61,65,64.6,197.2,206.4,1441,1.0611,1333,0.9816,,hwang_adjusted_positional_adp_2025
2025,2025-09-04,Kirk Cousins,QB,,1354,35,41,41.03,302.8,302.8,1205,0.89,1514,1.1182,,hwang_adjusted_positional_adp_2025
2025,2025-09-04,Jameis Winston,QB,,1353,36,43,43.15,321.5,321.5,1071,0.7916,1609,1.1892,,hwang_adjusted_positional_adp_2025
2025,2025-09-04,Javon Baker,WR,,1344,91,202,186,,,347,0.2582,2068,1.5387,1,hwang_adjusted_positional_adp_2025
2025,2025-09-04,Greg Dulcich,TE,,1321,57,71,74.82,399.5,399.5,693,0.5246,1647,1.2468,,hwang_adjusted_positional_adp_2025
2025,2025-09-04,Ty Johnson,RB,,1319,62,93,92.29,298.8,295.0,902,0.6839,1809,1.3715,,hwang_adjusted_positional_adp_2025
2025,2025-09-04,Jahan Dotson,WR,,1311,92,126,126.4,290.0,290.0,872,0.6651,1716,1.3089,,hwang_adjusted_positional_adp_2025
2025,2025-09-04,Tyquan Thornton,WR,,1294,93,111,111.06,278.3,278.3,1084,0.8377,1533,1.1847,,hwang_adjusted_positional_adp_2025
2025,2025-09-04,Sam Howell,QB,,1291,37,54,63.65,352.7,352.7,623,0.4826,1915,1.4833,,hwang_adjusted_positional_adp_2025
2025,2025-09-04,Kenneth Gainwell,RB,,1288,63,82,82.29,270.3,270.3,976,0.7578,1677,1.302,,hwang_adjusted_positional_adp_2025
2025,2025-09-04,Devontez Walker,WR,,1252,94,154,153.94,336.5,336.5,554,0.4425,1876,1.4984,,hwang_adjusted_positional_adp_2025
2025,2025-09-04,Nick Westbrook-Ikhine,WR,,1242,95,129,129.23,292.3,292.3,853,0.6868,1629,1.3116,,hwang_adjusted_positional_adp_2025
2025,2025-09-04,Brevin Jordan,TE,,1238,58,83,83.0,,,516,0.4168,1527,1.2334,1,hwang_adjusted_positional_adp_2025
2025,2025-09-04,Curtis Samuel,WR,,1238,96,119,118.58,284.5,284.5,949,0.7666,1528,1.2342,,hwang_adjusted_positional_adp_2025
2025,2025-09-04,Xavier Hutchinson,WR,,1234,97,148,147.41,329.0,329.0,603,0.4887,1785,1.4465,,hwang_adjusted_positional_adp_2025
2025,2025-09-04,Mac Jones,QB,,1222,38,64,69.71,390.0,390.0,572,0.4681,1820,1.4894,,hwang_adjusted_positional_adp_2025
2025,2025-09-04,Devin Singletary,RB,,1221,64,86,85.6,267.0,276.0,865,0.7084,1664,1.3628,,hwang_adjusted_positional_adp_2025
2025,2025-09-04,Malachi Corley,WR,,1221,98,123,122.92,287.0,287.0,909,0.7445,1530,1.2531,,hwang_adjusted_positional_adp_2025
2025,2025-09-04,Noah Brown,WR,,1159,99,120,119.87,285.0,285.0,937,0.8085,1422,1.2269,,hwang_adjusted_positional_adp_2025
2025,2025-09-04,Davis Allen,TE,,1156,59,83,83.0,,,516,0.4464,1436,1.2422,1,hwang_adjusted_positional_adp_2025
2025,2025-09-04,Amari Cooper,WR,,1155,100,202,186,,,347,0.3004,1764,1.5273,1,hwang_adjusted_positional_adp_2025
2025,2025-09-04,Kenny Pickett,QB,,1155,39,78,77.55,446.0,446.0,998,0.8641,1438,1.245,,hwang_adjusted_positional_adp_2025
2025,2025-09-04,Grant Calcaterra,TE,,1151,60,54,54.89,348.0,348.0,1224,1.0634,1109,0.9635,,hwang_adjusted_positional_adp_2025
2025,2025-09-04,Antonio Gibson,RB,,1141,65,95,92.31,285.0,304.6,902,0.7905,1549,1.3576,,hwang_adjusted_positional_adp_2025
2025,2025-09-04,Trey Lance,QB,,1141,40,58,63.69,367.0,367.0,629,0.5513,1608,1.4093,,hwang_adjusted_positional_adp_2025
2025,2025-09-04,Greg Dortch,WR,,1128,101,153,153.93,335.5,335.5,554,0.4911,1620,1.4362,,hwang_adjusted_positional_adp_2025
2025,2025-09-04,Will Dissly,TE,,1123,61,49,48.8,337.0,337.0,1389,1.2369,944,0.8406,,hwang_adjusted_positional_adp_2025
2025,2025-09-04,Jonathan Mingo,WR,,1108,102,202,186,,,347,0.3132,1662,1.5,1,hwang_adjusted_positional_adp_2025
2025,2025-09-04,AJ Dillon,RB,,1101,66,88,91.72,282.3,286.1,947,0.8601,1423,1.2925,,hwang_adjusted_positional_adp_2025
2025,2025-09-04,Jeremy Ruckert,TE,,1092,62,82,80.0,441.0,441.0,628,0.5751,1346,1.2326,,hwang_adjusted_positional_adp_2025
2025,2025-09-04,Khalil Herbert,RB,,1077,67,96,92.32,306.0,306.0,902,0.8375,1419,1.3175,,hwang_adjusted_positional_adp_2025
2025,2025-09-04,Xavier Gipson,WR,,1069,103,202,186,,,347,0.3246,1604,1.5005,1,hwang_adjusted_positional_adp_2025
2025,2025-09-04,Diontae Johnson,WR,,1065,104,135,134.81,354.3,305.4,735,0.6901,1387,1.3023,,hwang_adjusted_positional_adp_2025
2025,2025-09-04,Brock Wright,TE,,1060,63,52,52.24,345.0,345.0,1270,1.1981,924,0.8717,,hwang_adjusted_positional_adp_2025
2025,2025-09-04,Israel Abanikanda,RB,,1059,68,138,136.0,,,179,0.169,1857,1.7535,1,hwang_adjusted_positional_adp_2025
2025,2025-09-04,Josh Reynolds,WR,,1056,105,127,126.6,290.0,290.0,869,0.8229,1262,1.1951,,hwang_adjusted_positional_adp_2025
2025,2025-09-04,Will Levis,QB,,1047,41,80,80.0,,,392,0.3744,1557,1.4871,1,hwang_adjusted_positional_adp_2025
2025,2025-09-04,Rondale Moore,WR,,1024,106,202,186,,,347,0.3389,1520,1.4844,1,hwang_adjusted_positional_adp_2025
2025,2025-09-04,Frank Gore Jr.,RB,,1021,69,118,117.96,351.5,351.5,540,0.5289,1623,1.5896,,hwang_adjusted_positional_adp_2025
2025,2025-09-04,Kendrick Bourne,WR,,1017,107,160,167.06,355.0,355.0,605,0.5949,1394,1.3707,,hwang_adjusted_positional_adp_2025
2025,2025-09-04,Deuce Vaughn,RB,,1011,70,138,136.0,,,179,0.1771,1785,1.7656,1,hwang_adjusted_positional_adp_2025
2025,2025-09-04,Raheem Mostert,RB,,1006,71,84,84.27,244.4,275.2,921,0.9155,1217,1.2097,,hwang_adjusted_positional_adp_2025
2025,2025-09-04,KaVontae Turpin,WR,,997,108,121,121.4,286.0,286.0,921,0.9238,1110,1.1133,,hwang_adjusted_positional_adp_2025
2025,2025-09-04,Olamide Zaccheaus,WR,,995,109,99,99.15,263.8,263.8,1296,1.3025,805,0.809,,hwang_adjusted_positional_adp_2025
2025,2025-09-04,Zamir White,RB,,993,72,101,100.8,315.0,315.0,709,0.714,1415,1.425,,hwang_adjusted_positional_adp_2025
2025,2025-09-04,Jake Bobo,WR,,990,110,144,144.74,320.0,320.0,653,0.6596,1308,1.3212,,hwang_adjusted_positional_adp_2025
2025,2025-09-04,Tyler Johnson,WR,,978,111,176,170.66,393.5,393.5,569,0.5818,1365,1.3957,,hwang_adjusted_positional_adp_2025
2025,2025-09-04,Brenden Rice,WR,,975,112,200,193.45,462.0,462.0,347,0.3559,1530,1.5692,,hwang_adjusted_positional_adp_2025
2025,2025-09-04,Zach Wilson,QB,,975,42,68,72.68,394.7,394.7,998,1.0236,1069,1.0964,,hwang_adjusted_positional_adp_2025
2025,2025-09-04,Aidan O'Connell,QB,,972,43,79,77.56,448.0,448.0,998,1.0267,1057,1.0874,,hwang_adjusted_positional_adp_2025
2025,2025-09-04,Johnny Wilson,WR,,951,113,202,186,,,347,0.3649,1383,1.4543,1,hwang_adjusted_positional_adp_2025
2025,2025-09-04,Demarcus Robinson,WR,,950,114,134,134.17,305.0,305.0,776,0.8168,1138,1.1979,,hwang_adjusted_positional_adp_2025
2025,2025-09-04,Brandin Cooks,WR,,949,115,109,108.51,305.7,278.2,1099,1.1581,861,0.9073,,hwang_adjusted_positional_adp_2025
2025,2025-09-04,Taysom Hill,TE,,944,64,43,43.27,315.5,315.5,1532,1.6229,412,0.4364,,hwang_adjusted_positional_adp_2025
2025,2025-09-04,Harrison Bryant,TE,,942,65,83,83.0,,,516,0.5478,1135,1.2049,1,hwang_adjusted_positional_adp_2025
2025,2025-09-04,Cam Akers,RB,,933,73,79,78.71,248.0,248.0,1051,1.1265,925,0.9914,,hwang_adjusted_positional_adp_2025
2025,2025-09-04,Emari Demercado,RB,,933,74,114,113.95,343.5,343.5,576,0.6174,1432,1.5348,,hwang_adjusted_positional_adp_2025
2025,2025-09-04,K.J. Osborn,WR,,932,116,202,186,,,347,0.3723,1331,1.4281,1,hwang_adjusted_positional_adp_2025
2025,2025-09-04,JuJu Smith-Schuster,WR,,928,117,104,104.3,271.7,271.7,1165,1.2554,766,0.8254,,hwang_adjusted_positional_adp_2025
2025,2025-09-04,Ty Chandler,RB,,923,75,94,92.3,302.0,302.0,902,0.9772,1115,1.208,,hwang_adjusted_positional_adp_2025
2025,2025-09-04,KJ Hamler,WR,,907,118,202,186,,,347,0.3826,1266,1.3958,1,hwang_adjusted_positional_adp_2025
2025,2025-09-04,Drew Lock,QB,,904,44,42,41.99,312.0,312.0,1096,1.2124,797,0.8816,,hwang_adjusted_positional_adp_2025
2025,2025-09-04,Samaje Perine,RB,,892,76,99,99.14,312.5,312.5,745,0.8352,1200,1.3453,,hwang_adjusted_positional_adp_2025
2025,2025-09-04,Jimmy Garoppolo,QB,,887,45,44,44.21,325.7,325.7,1007,1.1353,821,0.9256,,hwang_adjusted_positional_adp_2025
2025,2025-09-04,Zay Jones,WR,,879,119,143,144.73,319.0,319.0,653,0.7429,1095,1.2457,,hwang_adjusted_positional_adp_2025
2025,2025-09-04,Hendon Hooker,QB,,874,46,37,36.96,263.0,263.0,1483,1.6968,497,0.5686,,hwang_adjusted_positional_adp_2025
2025,2025-09-04,A.T. Perry,WR,,865,120,202,186,,,347,0.4012,1226,1.4173,1,hwang_adjusted_positional_adp_2025
2025,2025-09-04,Michael Carter,RB,,864,77,115,114.39,346.0,346.0,580,0.6713,1281,1.4826,,hwang_adjusted_positional_adp_2025
2025,2025-09-04,Gardner Minshew,QB,,862,47,46,46.16,330.5,330.5,949,1.1009,814,0.9443,,hwang_adjusted_positional_adp_2025
2025,2025-09-04,Van Jefferson,WR,,858,121,142,144.72,318.7,318.7,653,0.7611,1058,1.2331,,hwang_adjusted_positional_adp_2025
2025,2025-09-04,Allen Lazard,WR,,856,122,139,139.24,316.0,316.0,620,0.7243,1059,1.2371,,hwang_adjusted_positional_adp_2025
2025,2025-09-04,Terrace Marshall,WR,,851,123,202,186,,,347,0.4078,1191,1.3995,1,hwang_adjusted_positional_adp_2025
2025,2025-09-04,Mecole Hardman,WR,,847,124,202,186,,,347,0.4097,1176,1.3884,1,hwang_adjusted_positional_adp_2025
2025,2025-09-04,Isaiah Hodgins,WR,,846,125,194,189.85,446.0,446.0,347,0.4102,1241,1.4669,,hwang_adjusted_positional_adp_2025
2025,2025-09-04,Alexander Mattison,RB,,841,78,138,136.0,,,179,0.2128,1449,1.7229,1,hwang_adjusted_positional_adp_2025
2025,2025-09-04,Gabriel Davis,WR,,834,126,202,186,,,347,0.4161,1149,1.3777,1,hwang_adjusted_positional_adp_2025
2025,2025-09-04,Skyy Moore,WR,,823,127,124,124.2,288.5,288.5,894,1.0863,783,0.9514,,hwang_adjusted_positional_adp_2025
2025,2025-09-04,Derius Davis,WR,,813,128,202,186,,,347,0.4268,1117,1.3739,1,hwang_adjusted_positional_adp_2025
2025,2025-09-04,Jake Browning,QB,,811,48,66,71.47,391.7,391.7,802,0.9889,884,1.09,,hwang_adjusted_positional_adp_2025
2025,2025-09-04,Tim Patrick,WR,,809,129,132,131.76,296.0,296.0,836,1.0334,797,0.9852,,hwang_adjusted_positional_adp_2025
2025,2025-09-04,Bo Melton,WR,,805,130,202,186,,,347,0.4311,1103,1.3702,1,hwang_adjusted_positional_adp_2025
2025,2025-09-04,David Bell,WR,,802,131,202,186,,,347,0.4327,1101,1.3728,1,hwang_adjusted_positional_adp_2025
2025,2025-09-04,Chris Brooks,RB,,799,79,104,103.6,324.0,324.0,695,0.8698,1076,1.3467,,hwang_adjusted_positional_adp_2025
2025,2025-09-04,Trey Sermon,RB,,785,80,138,136.0,,,179,0.228,1361,1.7338,1,hwang_adjusted_positional_adp_2025
2025,2025-09-04,Tyler Scott,WR,,784,132,202,186,,,347,0.4426,1072,1.3673,1,hwang_adjusted_positional_adp_2025
2025,2025-09-04,Marquez Valdes-Scantling,WR,,758,133,131,130.9,294.0,294.0,850,1.1214,707,0.9327,,hwang_adjusted_positional_adp_2025
2025,2025-09-04,Tyler Badie,RB,,754,81,111,111.04,336.5,336.5,642,0.8515,1054,1.3979,,hwang_adjusted_positional_adp_2025
2025,2025-09-04,Pierre Strong Jr.,RB,,749,82,138,136.0,,,179,0.239,1308,1.7463,1,hwang_adjusted_positional_adp_2025
2025,2025-09-04,Donovan Peoples-Jones,WR,,730,134,202,186,,,347,0.4753,995,1.363,1,hwang_adjusted_positional_adp_2025
2025,2025-09-04,Charlie Kolar,TE,,727,66,64,64.2,377.0,377.0,908,1.249,627,0.8624,,hwang_adjusted_positional_adp_2025
2025,2025-09-04,Mason Rudolph,QB,,720,49,48,47.69,332.5,332.5,905,1.2569,618,0.8583,,hwang_adjusted_positional_adp_2025
2025,2025-09-04,Kenny McIntosh,RB,,695,83,138,136.0,,,179,0.2576,1232,1.7727,1,hwang_adjusted_positional_adp_2025
2025,2025-09-04,Hassan Haskins,RB,,691,84,121,121.21,369.0,369.0,505,0.7308,1041,1.5065,,hwang_adjusted_positional_adp_2025
2025,2025-09-04,Jelani Woods,TE,,687,67,79,78.2,432.5,432.5,628,0.9141,767,1.1164,,hwang_adjusted_positional_adp_2025
2025,2025-09-04,Stetson Bennett,QB,,644,50,47,47.2,332.0,332.0,924,1.4348,488,0.7578,,hwang_adjusted_positional_adp_2025
2025,2025-09-04,Irv Smith,TE,,634,68,83,83.0,,,516,0.8139,768,1.2114,1,hwang_adjusted_positional_adp_2025
2025,2025-09-04,Tyson Bagent,QB,,628,51,50,49.73,338.0,338.0,805,1.2818,530,0.8439,,hwang_adjusted_positional_adp_2025
2025,2025-09-04,Julius Chestnut,RB,,624,85,100,99.98,313.7,313.7,724,1.1603,745,1.1939,,hwang_adjusted_positional_adp_2025
2025,2025-09-04,Tylan Wallace,WR,,606,135,166,170.56,368.0,368.0,569,0.9389,738,1.2178,,hwang_adjusted_positional_adp_2025
2025,2025-09-04,Treylon Burks,WR,,605,136,202,186,,,347,0.5736,849,1.4033,1,hwang_adjusted_positional_adp_2025
2025,2025-09-04,Tyler Huntley,QB,,590,52,80,80.0,,,392,0.6644,783,1.3271,1,hwang_adjusted_positional_adp_2025
2025,2025-09-04,Erik Ezukanma,WR,,588,137,202,186,,,347,0.5901,817,1.3895,1,hwang_adjusted_positional_adp_2025
2025,2025-09-04,Clyde Edwards-Helaire,RB,,569,86,132,132.4,442.0,442.0,321,0.5641,1002,1.761,,hwang_adjusted_positional_adp_2025
2025,2025-09-04,Foster Moreau,TE,,563,69,42,41.6,314.0,314.0,1656,2.9414,0,0.0,,hwang_adjusted_positional_adp_2025
2025,2025-09-04,Eric Gray,RB,,552,87,129,128.2,424.0,424.0,422,0.7645,904,1.6377,,hwang_adjusted_positional_adp_2025
2025,2025-09-04,Rakim Jarrett,WR,,549,138,202,186,,,347,0.6321,777,1.4153,1,hwang_adjusted_positional_adp_2025
2025,2025-09-04,Zack Moss,RB,,524,88,120,119.7,355.0,355.0,527,1.0057,774,1.4771,,hwang_adjusted_positional_adp_2025
2025,2025-09-04,Lil'Jordan Humphrey,WR,,458,139,185,184.45,413.5,413.5,332,0.7249,704,1.5371,,hwang_adjusted_positional_adp_2025
2025,2025-09-04,Trayveon Williams,RB,,457,89,138,136.0,,,179,0.3917,912,1.9956,1,hwang_adjusted_positional_adp_2025
2025,2025-09-04,Josh Oliver,TE,,448,70,58,57.64,356.5,356.5,1136,2.5357,0,0.0,,hwang_adjusted_positional_adp_2025
2025,2025-09-04,Austin Hooper,TE,,443,71,61,61.2,368.5,368.5,1012,2.2844,84,0.1896,,hwang_adjusted_positional_adp_2025
2025,2025-09-04,Cedrick Wilson,WR,,418,140,202,186,,,347,0.8301,629,1.5048,1,hwang_adjusted_positional_adp_2025
2025,2025-09-04,Scotty Miller,WR,,403,141,152,153.36,335.0,335.0,554,1.3747,410,1.0174,,hwang_adjusted_positional_adp_2025
2025,2025-09-04,Dorian Thompson-Robinson,QB,,394,53,80,80.0,,,392,0.9949,551,1.3985,1,hwang_adjusted_positional_adp_2025
2025,2025-09-04,Justin Watson,WR,,393,142,202,186,,,347,0.883,578,1.4707,1,hwang_adjusted_positional_adp_2025
