metric,position,rank_higher,rank_lower,label,average_delta,day_count
overall,OVERALL,1,2,Overall1_vs_Overall2,61.72,2266
overall,OVERALL,2,3,Overall2_vs_Overall3,211.92,2266
overall,OVERALL,3,4,Overall3_vs_Overall4,327.61,2266
overall,OVERALL,4,5,Overall4_vs_Overall5,376.82,2266
overall,OVERALL,5,6,Overall5_vs_Overall6,335.51,2266
overall,OVERALL,6,7,Overall6_vs_Overall7,218.15,2266
overall,OVERALL,7,8,Overall7_vs_Overall8,333.82,2266
overall,OVERALL,8,9,Overall8_vs_Overall9,225.93,2266
overall,OVERALL,9,10,Overall9_vs_Overall10,168.7,2266
overall,OVERALL,10,11,Overall10_vs_Overall11,169.64,2266
overall,OVERALL,11,12,Overall11_vs_Overall12,109.6,2266
overall,OVERALL,12,13,Overall12_vs_Overall13,102.08,2266
overall,OVERALL,13,14,Overall13_vs_Overall14,98.77,2266
overall,OVERALL,14,15,Overall14_vs_Overall15,104.67,2266
overall,OVERALL,15,16,Overall15_vs_Overall16,149.11,2266
overall,OVERALL,16,17,Overall16_vs_Overall17,102.83,2266
overall,OVERALL,17,18,Overall17_vs_Overall18,93.5,2266
overall,OVERALL,18,19,Overall18_vs_Overall19,74.71,2266
overall,OVERALL,19,20,Overall19_vs_Overall20,77.82,2266
overall,OVERALL,20,21,Overall20_vs_Overall21,79.77,2266
overall,OVERALL,21,22,Overall21_vs_Overall22,82.35,2266
overall,OVERALL,22,23,Overall22_vs_Overall23,63.74,2266
overall,OVERALL,23,24,Overall23_vs_Overall24,68.09,2266
overall,OVERALL,24,25,Overall24_vs_Overall25,62.63,2266
overall,OVERALL,25,26,Overall25_vs_Overall26,56.69,2266
overall,OVERALL,26,27,Overall26_vs_Overall27,62.04,2266
overall,OVERALL,27,28,Overall27_vs_Overall28,68.48,2266
overall,OVERALL,28,29,Overall28_vs_Overall29,65.21,2266
overall,OVERALL,29,30,Overall29_vs_Overall30,60.6,2266
overall,OVERALL,30,31,Overall30_vs_Overall31,57.6,2266
overall,OVERALL,31,32,Overall31_vs_Overall32,63.37,2266
overall,OVERALL,32,33,Overall32_vs_Overall33,61.62,2266
overall,OVERALL,33,34,Overall33_vs_Overall34,64.06,2266
overall,OVERALL,34,35,Overall34_vs_Overall35,54.16,2266
overall,OVERALL,35,36,Overall35_vs_Overall36,47.65,2266
overall,OVERALL,36,37,Overall36_vs_Overall37,52.79,2266
overall,OVERALL,37,38,Overall37_vs_Overall38,45.42,2266
overall,OVERALL,38,39,Overall38_vs_Overall39,39.27,2266
overall,OVERALL,39,40,Overall39_vs_Overall40,45.4,2266
overall,OVERALL,40,41,Overall40_vs_Overall41,46.16,2266
overall,OVERALL,41,42,Overall41_vs_Overall42,45.43,2266
overall,OVERALL,42,43,Overall42_vs_Overall43,37.75,2266
overall,OVERALL,43,44,Overall43_vs_Overall44,38.32,2266
overall,OVERALL,44,45,Overall44_vs_Overall45,35.43,2266
overall,OVERALL,45,46,Overall45_vs_Overall46,31.72,2266
overall,OVERALL,46,47,Overall46_vs_Overall47,35.43,2266
overall,OVERALL,47,48,Overall47_vs_Overall48,41.05,2266
overall,OVERALL,48,49,Overall48_vs_Overall49,43.85,2266
overall,OVERALL,49,50,Overall49_vs_Overall50,33.7,2266
overall,OVERALL,50,51,Overall50_vs_Overall51,33.96,2266
overall,OVERALL,51,52,Overall51_vs_Overall52,32.58,2266
overall,OVERALL,52,53,Overall52_vs_Overall53,35.1,2266
overall,OVERALL,53,54,Overall53_vs_Overall54,34.28,2266
overall,OVERALL,54,55,Overall54_vs_Overall55,36.45,2266
overall,OVERALL,55,56,Overall55_vs_Overall56,38.67,2266
overall,OVERALL,56,57,Overall56_vs_Overall57,38.85,2266
overall,OVERALL,57,58,Overall57_vs_Overall58,33.05,2266
overall,OVERALL,58,59,Overall58_vs_Overall59,35.25,2266
overall,OVERALL,59,60,Overall59_vs_Overall60,38.19,2266
overall,OVERALL,60,61,Overall60_vs_Overall61,33.26,2266
overall,OVERALL,61,62,Overall61_vs_Overall62,41.54,2266
overall,OVERALL,62,63,Overall62_vs_Overall63,51.98,2266
overall,OVERALL,63,64,Overall63_vs_Overall64,41.61,2266
overall,OVERALL,64,65,Overall64_vs_Overall65,40.82,2266
overall,OVERALL,65,66,Overall65_vs_Overall66,38.65,2266
overall,OVERALL,66,67,Overall66_vs_Overall67,38.52,2266
overall,OVERALL,67,68,Overall67_vs_Overall68,39.99,2266
overall,OVERALL,68,69,Overall68_vs_Overall69,42.76,2266
overall,OVERALL,69,70,Overall69_vs_Overall70,50.13,2266
overall,OVERALL,70,71,Overall70_vs_Overall71,43.8,2266
overall,OVERALL,71,72,Overall71_vs_Overall72,44.47,2266
overall,OVERALL,72,73,Overall72_vs_Overall73,44.69,2266
overall,OVERALL,73,74,Overall73_vs_Overall74,38.17,2266
overall,OVERALL,74,75,Overall74_vs_Overall75,34.24,2266
overall,OVERALL,75,76,Overall75_vs_Overall76,36.13,2266
overall,OVERALL,76,77,Overall76_vs_Overall77,35.14,2266
overall,OVERALL,77,78,Overall77_vs_Overall78,33.89,2266
overall,OVERALL,78,79,Overall78_vs_Overall79,33.09,2266
overall,OVERALL,79,80,Overall79_vs_Overall80,34.01,2266
overall,OVERALL,80,81,Overall80_vs_Overall81,36.12,2266
overall,OVERALL,81,82,Overall81_vs_Overall82,33.54,2266
overall,OVERALL,82,83,Overall82_vs_Overall83,33.4,2266
overall,OVERALL,83,84,Overall83_vs_Overall84,31.32,2266
overall,OVERALL,84,85,Overall84_vs_Overall85,31.53,2266
overall,OVERALL,85,86,Overall85_vs_Overall86,34.62,2266
overall,OVERALL,86,87,Overall86_vs_Overall87,32.1,2266
overall,OVERALL,87,88,Overall87_vs_Overall88,35.09,2266
overall,OVERALL,88,89,Overall88_vs_Overall89,35.43,2266
overall,OVERALL,89,90,Overall89_vs_Overall90,36.05,2266
overall,OVERALL,90,91,Overall90_vs_Overall91,31.85,2266
overall,OVERALL,91,92,Overall91_vs_Overall92,31.79,2266
overall,OVERALL,92,93,Overall92_vs_Overall93,36.57,2266
overall,OVERALL,93,94,Overall93_vs_Overall94,32.79,2266
overall,OVERALL,94,95,Overall94_vs_Overall95,34.59,2266
overall,OVERALL,95,96,Overall95_vs_Overall96,32.09,2266
overall,OVERALL,96,97,Overall96_vs_Overall97,30.67,2266
overall,OVERALL,97,98,Overall97_vs_Overall98,28.76,2266
overall,OVERALL,98,99,Overall98_vs_Overall99,28.58,2266
overall,OVERALL,99,100,Overall99_vs_Overall100,28.58,2266
overall,OVERALL,100,101,Overall100_vs_Overall101,31.28,2266
overall,OVERALL,101,102,Overall101_vs_Overall102,27.19,2266
overall,OVERALL,102,103,Overall102_vs_Overall103,29.18,2266
overall,OVERALL,103,104,Overall103_vs_Overall104,29.24,2266
overall,OVERALL,104,105,Overall104_vs_Overall105,28.12,2266
overall,OVERALL,105,106,Overall105_vs_Overall106,28.05,2266
overall,OVERALL,106,107,Overall106_vs_Overall107,27.38,2266
overall,OVERALL,107,108,Overall107_vs_Overall108,26.74,2266
overall,OVERALL,108,109,Overall108_vs_Overall109,27.41,2266
overall,OVERALL,109,110,Overall109_vs_Overall110,28.34,2266
overall,OVERALL,110,111,Overall110_vs_Overall111,27.22,2266
overall,OVERALL,111,112,Overall111_vs_Overall112,25.5,2266
overall,OVERALL,112,113,Overall112_vs_Overall113,21.57,2266
overall,OVERALL,113,114,Overall113_vs_Overall114,23.56,2266
overall,OVERALL,114,115,Overall114_vs_Overall115,23.65,2266
overall,OVERALL,115,116,Overall115_vs_Overall116,25.26,2266
overall,OVERALL,116,117,Overall116_vs_Overall117,25.91,2266
overall,OVERALL,117,118,Overall117_vs_Overall118,26.66,2266
overall,OVERALL,118,119,Overall118_vs_Overall119,28.38,2266
overall,OVERALL,119,120,Overall119_vs_Overall120,24.89,2266
overall,OVERALL,120,121,Overall120_vs_Overall121,25.18,2266
overall,OVERALL,121,122,Overall121_vs_Overall122,25.15,2266
overall,OVERALL,122,123,Overall122_vs_Overall123,22.05,2266
overall,OVERALL,123,124,Overall123_vs_Overall124,24.19,2266
overall,OVERALL,124,125,Overall124_vs_Overall125,25.61,2266
overall,OVERALL,125,126,Overall125_vs_Overall126,24.02,2266
overall,OVERALL,126,127,Overall126_vs_Overall127,23.58,2266
overall,OVERALL,127,128,Overall127_vs_Overall128,24.74,2266
overall,OVERALL,128,129,Overall128_vs_Overall129,26.06,2266
overall,OVERALL,129,130,Overall129_vs_Overall130,24.3,2266
overall,OVERALL,130,131,Overall130_vs_Overall131,22.09,2266
overall,OVERALL,131,132,Overall131_vs_Overall132,22.07,2266
overall,OVERALL,132,133,Overall132_vs_Overall133,22.61,2266
overall,OVERALL,133,134,Overall133_vs_Overall134,24.27,2260
overall,OVERALL,134,135,Overall134_vs_Overall135,21.69,2260
overall,OVERALL,135,136,Overall135_vs_Overall136,22.73,2260
overall,OVERALL,136,137,Overall136_vs_Overall137,22.94,2260
overall,OVERALL,137,138,Overall137_vs_Overall138,22.76,2260
overall,OVERALL,138,139,Overall138_vs_Overall139,25.93,2260
overall,OVERALL,139,140,Overall139_vs_Overall140,25.12,2260
overall,OVERALL,140,141,Overall140_vs_Overall141,23.18,2260
overall,OVERALL,141,142,Overall141_vs_Overall142,22.22,2260
overall,OVERALL,142,143,Overall142_vs_Overall143,22.72,2260
overall,OVERALL,143,144,Overall143_vs_Overall144,20.99,2260
overall,OVERALL,144,145,Overall144_vs_Overall145,22.0,2260
overall,OVERALL,145,146,Overall145_vs_Overall146,21.41,2260
overall,OVERALL,146,147,Overall146_vs_Overall147,19.75,2260
overall,OVERALL,147,148,Overall147_vs_Overall148,20.5,2260
overall,OVERALL,148,149,Overall148_vs_Overall149,21.62,2260
overall,OVERALL,149,150,Overall149_vs_Overall150,19.88,2260
overall,OVERALL,150,151,Overall150_vs_Overall151,20.63,2260
overall,OVERALL,151,152,Overall151_vs_Overall152,22.72,2260
overall,OVERALL,152,153,Overall152_vs_Overall153,21.32,2260
overall,OVERALL,153,154,Overall153_vs_Overall154,21.72,2260
overall,OVERALL,154,155,Overall154_vs_Overall155,21.03,2260
overall,OVERALL,155,156,Overall155_vs_Overall156,19.96,2260
overall,OVERALL,156,157,Overall156_vs_Overall157,19.56,2260
overall,OVERALL,157,158,Overall157_vs_Overall158,19.67,2260
overall,OVERALL,158,159,Overall158_vs_Overall159,18.59,2260
overall,OVERALL,159,160,Overall159_vs_Overall160,16.99,2260
overall,OVERALL,160,161,Overall160_vs_Overall161,17.13,2260
overall,OVERALL,161,162,Overall161_vs_Overall162,17.17,2260
overall,OVERALL,162,163,Overall162_vs_Overall163,16.25,2260
overall,OVERALL,163,164,Overall163_vs_Overall164,17.22,2260
overall,OVERALL,164,165,Overall164_vs_Overall165,17.53,2260
overall,OVERALL,165,166,Overall165_vs_Overall166,16.19,2260
overall,OVERALL,166,167,Overall166_vs_Overall167,16.38,2211
overall,OVERALL,167,168,Overall167_vs_Overall168,16.12,2211
overall,OVERALL,168,169,Overall168_vs_Overall169,17.16,2211
overall,OVERALL,169,170,Overall169_vs_Overall170,16.16,2211
overall,OVERALL,170,171,Overall170_vs_Overall171,15.92,2211
overall,OVERALL,171,172,Overall171_vs_Overall172,16.96,2211
overall,OVERALL,172,173,Overall172_vs_Overall173,16.57,2211
overall,OVERALL,173,174,Overall173_vs_Overall174,16.09,2211
overall,OVERALL,174,175,Overall174_vs_Overall175,14.01,2211
overall,OVERALL,175,176,Overall175_vs_Overall176,16.56,2211
overall,OVERALL,176,177,Overall176_vs_Overall177,15.63,2211
overall,OVERALL,177,178,Overall177_vs_Overall178,15.03,2211
overall,OVERALL,178,179,Overall178_vs_Overall179,15.39,2211
overall,OVERALL,179,180,Overall179_vs_Overall180,15.01,2211
overall,OVERALL,180,181,Overall180_vs_Overall181,15.87,2211
overall,OVERALL,181,182,Overall181_vs_Overall182,14.53,2211
overall,OVERALL,182,183,Overall182_vs_Overall183,15.05,2211
overall,OVERALL,183,184,Overall183_vs_Overall184,15.74,2211
overall,OVERALL,184,185,Overall184_vs_Overall185,15.16,2211
overall,OVERALL,185,186,Overall185_vs_Overall186,14.12,2211
overall,OVERALL,186,187,Overall186_vs_Overall187,14.26,2211
overall,OVERALL,187,188,Overall187_vs_Overall188,15.42,2211
overall,OVERALL,188,189,Overall188_vs_Overall189,16.14,2211
overall,OVERALL,189,190,Overall189_vs_Overall190,12.45,2211
overall,OVERALL,190,191,Overall190_vs_Overall191,13.22,2211
overall,OVERALL,191,192,Overall191_vs_Overall192,12.94,2211
overall,OVERALL,192,193,Overall192_vs_Overall193,12.85,2211
overall,OVERALL,193,194,Overall193_vs_Overall194,12.72,2211
overall,OVERALL,194,195,Overall194_vs_Overall195,12.34,2211
overall,OVERALL,195,196,Overall195_vs_Overall196,11.98,2211
overall,OVERALL,196,197,Overall196_vs_Overall197,12.98,2211
overall,OVERALL,197,198,Overall197_vs_Overall198,12.88,2211
overall,OVERALL,198,199,Overall198_vs_Overall199,11.71,2211
overall,OVERALL,199,200,Overall199_vs_Overall200,11.68,2211
overall,OVERALL,200,201,Overall200_vs_Overall201,11.27,2211
overall,OVERALL,201,202,Overall201_vs_Overall202,10.9,2211
overall,OVERALL,202,203,Overall202_vs_Overall203,11.33,2211
overall,OVERALL,203,204,Overall203_vs_Overall204,11.1,2211
overall,OVERALL,204,205,Overall204_vs_Overall205,11.16,2211
overall,OVERALL,205,206,Overall205_vs_Overall206,12.21,2210
overall,OVERALL,206,207,Overall206_vs_Overall207,11.97,2210
overall,OVERALL,207,208,Overall207_vs_Overall208,11.32,2210
overall,OVERALL,208,209,Overall208_vs_Overall209,10.48,2210
overall,OVERALL,209,210,Overall209_vs_Overall210,10.81,2170
overall,OVERALL,210,211,Overall210_vs_Overall211,12.4,2082
overall,OVERALL,211,212,Overall211_vs_Overall212,13.81,1996
overall,OVERALL,212,213,Overall212_vs_Overall213,12.32,1992
overall,OVERALL,213,214,Overall213_vs_Overall214,12.61,1915
overall,OVERALL,214,215,Overall214_vs_Overall215,14.58,1915
overall,OVERALL,215,216,Overall215_vs_Overall216,12.89,1915
overall,OVERALL,216,217,Overall216_vs_Overall217,14.66,1915
overall,OVERALL,217,218,Overall217_vs_Overall218,13.66,1913
overall,OVERALL,218,219,Overall218_vs_Overall219,15.27,1909
overall,OVERALL,219,220,Overall219_vs_Overall220,16.75,1909
overall,OVERALL,220,221,Overall220_vs_Overall221,15.43,1909
overall,OVERALL,221,222,Overall221_vs_Overall222,14.29,1909
overall,OVERALL,222,223,Overall222_vs_Overall223,11.39,1909
overall,OVERALL,223,224,Overall223_vs_Overall224,11.94,1909
overall,OVERALL,224,225,Overall224_vs_Overall225,9.62,1909
overall,OVERALL,225,226,Overall225_vs_Overall226,10.66,1909
overall,OVERALL,226,227,Overall226_vs_Overall227,12.18,1909
overall,OVERALL,227,228,Overall227_vs_Overall228,12.47,1909
overall,OVERALL,228,229,Overall228_vs_Overall229,11.05,1909
overall,OVERALL,229,230,Overall229_vs_Overall230,9.46,1909
overall,OVERALL,230,231,Overall230_vs_Overall231,8.8,1909
overall,OVERALL,231,232,Overall231_vs_Overall232,7.65,1909
overall,OVERALL,232,233,Overall232_vs_Overall233,7.69,1909
overall,OVERALL,233,234,Overall233_vs_Overall234,7.24,1909
overall,OVERALL,234,235,Overall234_vs_Overall235,7.6,1909
overall,OVERALL,235,236,Overall235_vs_Overall236,7.23,1909
overall,OVERALL,236,237,Overall236_vs_Overall237,6.9,1909
overall,OVERALL,237,238,Overall237_vs_Overall238,6.57,1909
overall,OVERALL,238,239,Overall238_vs_Overall239,7.36,1909
overall,OVERALL,239,240,Overall239_vs_Overall240,7.09,1909
overall,OVERALL,240,241,Overall240_vs_Overall241,6.89,1909
overall,OVERALL,241,242,Overall241_vs_Overall242,6.82,1909
overall,OVERALL,242,243,Overall242_vs_Overall243,6.63,1909
overall,OVERALL,243,244,Overall243_vs_Overall244,7.34,1909
overall,OVERALL,244,245,Overall244_vs_Overall245,6.98,1909
overall,OVERALL,245,246,Overall245_vs_Overall246,7.19,1909
overall,OVERALL,246,247,Overall246_vs_Overall247,7.23,1909
overall,OVERALL,247,248,Overall247_vs_Overall248,7.71,1909
overall,OVERALL,248,249,Overall248_vs_Overall249,7.52,1909
overall,OVERALL,249,250,Overall249_vs_Overall250,8.17,1909
overall,OVERALL,250,251,Overall250_vs_Overall251,7.83,1909
overall,OVERALL,251,252,Overall251_vs_Overall252,8.29,1909
overall,OVERALL,252,253,Overall252_vs_Overall253,7.88,1909
overall,OVERALL,253,254,Overall253_vs_Overall254,8.13,1909
overall,OVERALL,254,255,Overall254_vs_Overall255,7.65,1909
overall,OVERALL,255,256,Overall255_vs_Overall256,7.59,1868
overall,OVERALL,256,257,Overall256_vs_Overall257,7.38,1868
overall,OVERALL,257,258,Overall257_vs_Overall258,7.21,1868
overall,OVERALL,258,259,Overall258_vs_Overall259,7.02,1868
overall,OVERALL,259,260,Overall259_vs_Overall260,7.92,1868
overall,OVERALL,260,261,Overall260_vs_Overall261,7.93,1689
overall,OVERALL,261,262,Overall261_vs_Overall262,9.03,1569
overall,OVERALL,262,263,Overall262_vs_Overall263,8.47,1569
overall,OVERALL,263,264,Overall263_vs_Overall264,8.37,1569
overall,OVERALL,264,265,Overall264_vs_Overall265,8.71,1569
overall,OVERALL,265,266,Overall265_vs_Overall266,10.31,1569
overall,OVERALL,266,267,Overall266_vs_Overall267,10.0,1569
overall,OVERALL,267,268,Overall267_vs_Overall268,9.85,1569
overall,OVERALL,268,269,Overall268_vs_Overall269,8.86,1569
overall,OVERALL,269,270,Overall269_vs_Overall270,9.53,1569
overall,OVERALL,270,271,Overall270_vs_Overall271,9.61,1569
overall,OVERALL,271,272,Overall271_vs_Overall272,8.84,1569
overall,OVERALL,272,273,Overall272_vs_Overall273,9.46,1569
overall,OVERALL,273,274,Overall273_vs_Overall274,10.36,1569
overall,OVERALL,274,275,Overall274_vs_Overall275,8.54,1569
overall,OVERALL,275,276,Overall275_vs_Overall276,10.96,1569
overall,OVERALL,276,277,Overall276_vs_Overall277,10.22,1569
overall,OVERALL,277,278,Overall277_vs_Overall278,11.37,1569
overall,OVERALL,278,279,Overall278_vs_Overall279,10.15,1569
overall,OVERALL,279,280,Overall279_vs_Overall280,11.79,1569
overall,OVERALL,280,281,Overall280_vs_Overall281,10.48,1569
overall,OVERALL,281,282,Overall281_vs_Overall282,9.94,1569
overall,OVERALL,282,283,Overall282_vs_Overall283,9.11,1569
overall,OVERALL,283,284,Overall283_vs_Overall284,9.23,1569
overall,OVERALL,284,285,Overall284_vs_Overall285,9.64,1569
overall,OVERALL,285,286,Overall285_vs_Overall286,8.84,1569
overall,OVERALL,286,287,Overall286_vs_Overall287,8.67,1569
overall,OVERALL,287,288,Overall287_vs_Overall288,8.74,1569
overall,OVERALL,288,289,Overall288_vs_Overall289,9.46,1569
overall,OVERALL,289,290,Overall289_vs_Overall290,9.38,1565
overall,OVERALL,290,291,Overall290_vs_Overall291,8.49,1555
overall,OVERALL,291,292,Overall291_vs_Overall292,9.14,1546
overall,OVERALL,292,293,Overall292_vs_Overall293,9.22,1544
overall,OVERALL,293,294,Overall293_vs_Overall294,8.89,1543
overall,OVERALL,294,295,Overall294_vs_Overall295,10.04,1536
overall,OVERALL,295,296,Overall295_vs_Overall296,7.84,1535
overall,OVERALL,296,297,Overall296_vs_Overall297,9.77,1530
overall,OVERALL,297,298,Overall297_vs_Overall298,9.28,1528
overall,OVERALL,298,299,Overall298_vs_Overall299,7.72,1528
overall,OVERALL,299,300,Overall299_vs_Overall300,9.1,1528
overall,OVERALL,300,301,Overall300_vs_Overall301,7.9,1528
overall,OVERALL,301,302,Overall301_vs_Overall302,8.9,1528
overall,OVERALL,302,303,Overall302_vs_Overall303,10.02,1520
overall,OVERALL,303,304,Overall303_vs_Overall304,8.49,1518
overall,OVERALL,304,305,Overall304_vs_Overall305,11.03,1501
overall,OVERALL,305,306,Overall305_vs_Overall306,10.89,1480
overall,OVERALL,306,307,Overall306_vs_Overall307,7.11,1472
overall,OVERALL,307,308,Overall307_vs_Overall308,6.61,1449
overall,OVERALL,308,309,Overall308_vs_Overall309,6.87,1448
overall,OVERALL,309,310,Overall309_vs_Overall310,7.04,1448
overall,OVERALL,310,311,Overall310_vs_Overall311,7.99,1448
overall,OVERALL,311,312,Overall311_vs_Overall312,6.4,1448
overall,OVERALL,312,313,Overall312_vs_Overall313,6.52,1448
overall,OVERALL,313,314,Overall313_vs_Overall314,6.49,1448
overall,OVERALL,314,315,Overall314_vs_Overall315,5.91,1448
overall,OVERALL,315,316,Overall315_vs_Overall316,6.24,1448
overall,OVERALL,316,317,Overall316_vs_Overall317,6.26,1448
overall,OVERALL,317,318,Overall317_vs_Overall318,7.67,1448
overall,OVERALL,318,319,Overall318_vs_Overall319,6.54,1448
overall,OVERALL,319,320,Overall319_vs_Overall320,6.77,1448
overall,OVERALL,320,321,Overall320_vs_Overall321,6.0,1448
overall,OVERALL,321,322,Overall321_vs_Overall322,5.84,1408
overall,OVERALL,322,323,Overall322_vs_Overall323,5.89,1408
overall,OVERALL,323,324,Overall323_vs_Overall324,6.37,1384
overall,OVERALL,324,325,Overall324_vs_Overall325,5.7,1384
overall,OVERALL,325,326,Overall325_vs_Overall326,5.19,1384
overall,OVERALL,326,327,Overall326_vs_Overall327,5.19,1384
overall,OVERALL,327,328,Overall327_vs_Overall328,5.41,1384
overall,OVERALL,328,329,Overall328_vs_Overall329,5.9,1373
overall,OVERALL,329,330,Overall329_vs_Overall330,5.82,1361
overall,OVERALL,330,331,Overall330_vs_Overall331,5.58,1353
overall,OVERALL,331,332,Overall331_vs_Overall332,6.05,1342
overall,OVERALL,332,333,Overall332_vs_Overall333,5.34,1295
overall,OVERALL,333,334,Overall333_vs_Overall334,5.08,1273
overall,OVERALL,334,335,Overall334_vs_Overall335,5.6,1219
overall,OVERALL,335,336,Overall335_vs_Overall336,5.93,1074
overall,OVERALL,336,337,Overall336_vs_Overall337,5.54,1054
overall,OVERALL,337,338,Overall337_vs_Overall338,5.93,1023
overall,OVERALL,338,339,Overall338_vs_Overall339,6.04,983
overall,OVERALL,339,340,Overall339_vs_Overall340,5.22,962
overall,OVERALL,340,341,Overall340_vs_Overall341,5.63,952
overall,OVERALL,341,342,Overall341_vs_Overall342,5.94,944
overall,OVERALL,342,343,Overall342_vs_Overall343,5.18,941
overall,OVERALL,343,344,Overall343_vs_Overall344,5.46,931
overall,OVERALL,344,345,Overall344_vs_Overall345,6.2,922
overall,OVERALL,345,346,Overall345_vs_Overall346,5.43,911
overall,OVERALL,346,347,Overall346_vs_Overall347,7.17,897
overall,OVERALL,347,348,Overall347_vs_Overall348,5.37,890
overall,OVERALL,348,349,Overall348_vs_Overall349,6.32,879
overall,OVERALL,349,350,Overall349_vs_Overall350,5.84,871
overall,OVERALL,350,351,Overall350_vs_Overall351,5.32,864
overall,OVERALL,351,352,Overall351_vs_Overall352,5.86,844
overall,OVERALL,352,353,Overall352_vs_Overall353,5.75,835
overall,OVERALL,353,354,Overall353_vs_Overall354,5.62,823
overall,OVERALL,354,355,Overall354_vs_Overall355,6.81,801
overall,OVERALL,355,356,Overall355_vs_Overall356,6.13,789
overall,OVERALL,356,357,Overall356_vs_Overall357,7.31,783
overall,OVERALL,357,358,Overall357_vs_Overall358,7.06,783
overall,OVERALL,358,359,Overall358_vs_Overall359,5.88,781
overall,OVERALL,359,360,Overall359_vs_Overall360,6.1,780
overall,OVERALL,360,361,Overall360_vs_Overall361,5.99,778
overall,OVERALL,361,362,Overall361_vs_Overall362,5.23,776
overall,OVERALL,362,363,Overall362_vs_Overall363,7.03,776
overall,OVERALL,363,364,Overall363_vs_Overall364,6.48,776
overall,OVERALL,364,365,Overall364_vs_Overall365,5.93,776
overall,OVERALL,365,366,Overall365_vs_Overall366,5.38,776
overall,OVERALL,366,367,Overall366_vs_Overall367,5.44,773
overall,OVERALL,367,368,Overall367_vs_Overall368,5.88,768
overall,OVERALL,368,369,Overall368_vs_Overall369,6.21,753
overall,OVERALL,369,370,Overall369_vs_Overall370,6.99,728
overall,OVERALL,370,371,Overall370_vs_Overall371,5.61,717
overall,OVERALL,371,372,Overall371_vs_Overall372,5.22,712
overall,OVERALL,372,373,Overall372_vs_Overall373,5.16,705
overall,OVERALL,373,374,Overall373_vs_Overall374,5.93,705
overall,OVERALL,374,375,Overall374_vs_Overall375,5.65,705
overall,OVERALL,375,376,Overall375_vs_Overall376,5.86,705
overall,OVERALL,376,377,Overall376_vs_Overall377,7.76,705
overall,OVERALL,377,378,Overall377_vs_Overall378,7.41,705
overall,OVERALL,378,379,Overall378_vs_Overall379,6.64,705
overall,OVERALL,379,380,Overall379_vs_Overall380,7.33,705
overall,OVERALL,380,381,Overall380_vs_Overall381,7.22,705
overall,OVERALL,381,382,Overall381_vs_Overall382,7.18,705
overall,OVERALL,382,383,Overall382_vs_Overall383,7.61,705
overall,OVERALL,383,384,Overall383_vs_Overall384,6.24,705
overall,OVERALL,384,385,Overall384_vs_Overall385,6.58,705
overall,OVERALL,385,386,Overall385_vs_Overall386,7.46,705
overall,OVERALL,386,387,Overall386_vs_Overall387,8.3,705
overall,OVERALL,387,388,Overall387_vs_Overall388,6.85,705
overall,OVERALL,388,389,Overall388_vs_Overall389,6.1,705
overall,OVERALL,389,390,Overall389_vs_Overall390,6.45,705
overall,OVERALL,390,391,Overall390_vs_Overall391,6.08,705
overall,OVERALL,391,392,Overall391_vs_Overall392,5.48,705
overall,OVERALL,392,393,Overall392_vs_Overall393,6.23,705
overall,OVERALL,393,394,Overall393_vs_Overall394,7.41,705
overall,OVERALL,394,395,Overall394_vs_Overall395,6.56,705
overall,OVERALL,395,396,Overall395_vs_Overall396,5.25,705
overall,OVERALL,396,397,Overall396_vs_Overall397,8.05,705
overall,OVERALL,397,398,Overall397_vs_Overall398,6.73,705
overall,OVERALL,398,399,Overall398_vs_Overall399,5.14,705
overall,OVERALL,399,400,Overall399_vs_Overall400,5.31,705
overall,OVERALL,400,401,Overall400_vs_Overall401,6.02,705
overall,OVERALL,401,402,Overall401_vs_Overall402,6.13,705
overall,OVERALL,402,403,Overall402_vs_Overall403,6.31,654
overall,OVERALL,403,404,Overall403_vs_Overall404,6.77,654
overall,OVERALL,404,405,Overall404_vs_Overall405,6.07,652
overall,OVERALL,405,406,Overall405_vs_Overall406,6.88,652
overall,OVERALL,406,407,Overall406_vs_Overall407,5.5,652
overall,OVERALL,407,408,Overall407_vs_Overall408,7.85,648
overall,OVERALL,408,409,Overall408_vs_Overall409,6.8,648
overall,OVERALL,409,410,Overall409_vs_Overall410,7.11,644
overall,OVERALL,410,411,Overall410_vs_Overall411,6.42,634
overall,OVERALL,411,412,Overall411_vs_Overall412,6.78,619
overall,OVERALL,412,413,Overall412_vs_Overall413,9.56,598
overall,OVERALL,413,414,Overall413_vs_Overall414,6.21,568
overall,OVERALL,414,415,Overall414_vs_Overall415,7.29,525
overall,OVERALL,415,416,Overall415_vs_Overall416,9.88,498
overall,OVERALL,416,417,Overall416_vs_Overall417,15.38,424
overall,OVERALL,417,418,Overall417_vs_Overall418,3.62,411
overall,OVERALL,418,419,Overall418_vs_Overall419,4.3,395
overall,OVERALL,419,420,Overall419_vs_Overall420,6.97,214
overall,OVERALL,420,421,Overall420_vs_Overall421,6.82,207
overall,OVERALL,421,422,Overall421_vs_Overall422,6.06,198
overall,OVERALL,422,423,Overall422_vs_Overall423,6.18,194
overall,OVERALL,423,424,Overall423_vs_Overall424,6.85,192
overall,OVERALL,424,425,Overall424_vs_Overall425,5.8,188
overall,OVERALL,425,426,Overall425_vs_Overall426,7.01,186
overall,OVERALL,426,427,Overall426_vs_Overall427,5.15,180
overall,OVERALL,427,428,Overall427_vs_Overall428,5.84,178
overall,OVERALL,428,429,Overall428_vs_Overall429,5.48,171
overall,OVERALL,429,430,Overall429_vs_Overall430,5.73,164
overall,OVERALL,430,431,Overall430_vs_Overall431,6.01,160
overall,OVERALL,431,432,Overall431_vs_Overall432,5.47,147
overall,OVERALL,432,433,Overall432_vs_Overall433,5.29,140
overall,OVERALL,433,434,Overall433_vs_Overall434,7.92,131
overall,OVERALL,434,435,Overall434_vs_Overall435,5.06,113
overall,OVERALL,435,436,Overall435_vs_Overall436,7.38,107
overall,OVERALL,436,437,Overall436_vs_Overall437,5.64,98
overall,OVERALL,437,438,Overall437_vs_Overall438,4.66,93
overall,OVERALL,438,439,Overall438_vs_Overall439,4.91,89
overall,OVERALL,439,440,Overall439_vs_Overall440,4.57,88
overall,OVERALL,440,441,Overall440_vs_Overall441,5.69,87
overall,OVERALL,441,442,Overall441_vs_Overall442,5.76,85
overall,OVERALL,442,443,Overall442_vs_Overall443,4.54,80
overall,OVERALL,443,444,Overall443_vs_Overall444,5.58,77
overall,OVERALL,444,445,Overall444_vs_Overall445,7.25,77
overall,OVERALL,445,446,Overall445_vs_Overall446,7.54,76
overall,OVERALL,446,447,Overall446_vs_Overall447,8.23,75
overall,OVERALL,447,448,Overall447_vs_Overall448,7.68,75
overall,OVERALL,448,449,Overall448_vs_Overall449,9.91,74
overall,OVERALL,449,450,Overall449_vs_Overall450,9.27,74
overall,OVERALL,450,451,Overall450_vs_Overall451,12.19,73
overall,OVERALL,451,452,Overall451_vs_Overall452,8.8,71
overall,OVERALL,452,453,Overall452_vs_Overall453,8.04,70
overall,OVERALL,453,454,Overall453_vs_Overall454,8.51,70
overall,OVERALL,454,455,Overall454_vs_Overall455,8.71,66
overall,OVERALL,455,456,Overall455_vs_Overall456,10.29,63
overall,OVERALL,456,457,Overall456_vs_Overall457,10.55,62
overall,OVERALL,457,458,Overall457_vs_Overall458,35.32,59
overall,OVERALL,458,459,Overall458_vs_Overall459,58.8,55
overall,OVERALL,459,460,Overall459_vs_Overall460,84.28,53
overall,OVERALL,460,461,Overall460_vs_Overall461,7.22,51
overall,OVERALL,461,462,Overall461_vs_Overall462,5.39,49
overall,OVERALL,462,463,Overall462_vs_Overall463,10.94,48
overall,OVERALL,463,464,Overall463_vs_Overall464,122.0,2
overall,OVERALL,464,465,Overall464_vs_Overall465,0.0,1
overall,OVERALL,465,466,Overall465_vs_Overall466,7.0,1
overall,OVERALL,466,467,Overall466_vs_Overall467,0.0,1
overall,OVERALL,467,468,Overall467_vs_Overall468,0.0,1
overall,OVERALL,468,469,Overall468_vs_Overall469,14.0,1
overall,OVERALL,469,470,Overall469_vs_Overall470,0.0,1
overall,OVERALL,470,471,Overall470_vs_Overall471,0.0,1
overall,OVERALL,471,472,Overall471_vs_Overall472,24.0,1
overall,OVERALL,472,473,Overall472_vs_Overall473,0.0,1
overall,OVERALL,473,474,Overall473_vs_Overall474,0.0,1
overall,OVERALL,474,475,Overall474_vs_Overall475,15.0,1
overall,OVERALL,475,476,Overall475_vs_Overall476,0.0,1
overall,OVERALL,476,477,Overall476_vs_Overall477,0.0,1
overall,OVERALL,477,478,Overall477_vs_Overall478,21.0,1
overall,OVERALL,478,479,Overall478_vs_Overall479,0.0,1
overall,OVERALL,479,480,Overall479_vs_Overall480,0.0,1
overall,OVERALL,480,481,Overall480_vs_Overall481,2.0,1
overall,OVERALL,481,482,Overall481_vs_Overall482,0.0,1
overall,OVERALL,482,483,Overall482_vs_Overall483,0.0,1
overall,OVERALL,483,484,Overall483_vs_Overall484,16.0,1
overall,OVERALL,484,485,Overall484_vs_Overall485,0.0,1
overall,OVERALL,485,486,Overall485_vs_Overall486,0.0,1
overall,OVERALL,486,487,Overall486_vs_Overall487,30.0,1
overall,OVERALL,487,488,Overall487_vs_Overall488,0.0,1
overall,OVERALL,488,489,Overall488_vs_Overall489,0.0,1
overall,OVERALL,489,490,Overall489_vs_Overall490,11.0,1
overall,OVERALL,490,491,Overall490_vs_Overall491,0.0,1
overall,OVERALL,491,492,Overall491_vs_Overall492,0.0,1
overall,OVERALL,492,493,Overall492_vs_Overall493,0.0,1
overall,OVERALL,493,494,Overall493_vs_Overall494,0.0,1
overall,OVERALL,494,495,Overall494_vs_Overall495,0.0,1
overall,OVERALL,495,496,Overall495_vs_Overall496,1.0,1
overall,OVERALL,496,497,Overall496_vs_Overall497,0.0,1
overall,OVERALL,497,498,Overall497_vs_Overall498,0.0,1
overall,OVERALL,498,499,Overall498_vs_Overall499,0.0,1
overall,OVERALL,499,500,Overall499_vs_Overall500,0.0,1
overall,OVERALL,500,501,Overall500_vs_Overall501,0.0,1
overall,OVERALL,501,502,Overall501_vs_Overall502,19.0,1
overall,OVERALL,502,503,Overall502_vs_Overall503,0.0,1
overall,OVERALL,503,504,Overall503_vs_Overall504,0.0,1
overall,OVERALL,504,505,Overall504_vs_Overall505,19.0,1
overall,OVERALL,505,506,Overall505_vs_Overall506,0.0,1
overall,OVERALL,506,507,Overall506_vs_Overall507,0.0,1
overall,OVERALL,507,508,Overall507_vs_Overall508,4.0,1
overall,OVERALL,508,509,Overall508_vs_Overall509,0.0,1
overall,OVERALL,509,510,Overall509_vs_Overall510,0.0,1
overall,OVERALL,510,511,Overall510_vs_Overall511,70.0,1
overall,OVERALL,511,512,Overall511_vs_Overall512,0.0,1
overall,OVERALL,512,513,Overall512_vs_Overall513,0.0,1
overall,OVERALL,513,514,Overall513_vs_Overall514,16.0,1
overall,OVERALL,514,515,Overall514_vs_Overall515,0.0,1
overall,OVERALL,515,516,Overall515_vs_Overall516,0.0,1
overall,OVERALL,516,517,Overall516_vs_Overall517,2.0,1
overall,OVERALL,517,518,Overall517_vs_Overall518,0.0,1
overall,OVERALL,518,519,Overall518_vs_Overall519,0.0,1
overall,OVERALL,519,520,Overall519_vs_Overall520,11.0,1
overall,OVERALL,520,521,Overall520_vs_Overall521,0.0,1
overall,OVERALL,521,522,Overall521_vs_Overall522,0.0,1
overall,OVERALL,522,523,Overall522_vs_Overall523,14.0,1
overall,OVERALL,523,524,Overall523_vs_Overall524,0.0,1
overall,OVERALL,524,525,Overall524_vs_Overall525,0.0,1
overall,OVERALL,525,526,Overall525_vs_Overall526,25.0,1
overall,OVERALL,526,527,Overall526_vs_Overall527,0.0,1
overall,OVERALL,527,528,Overall527_vs_Overall528,0.0,1
overall,OVERALL,528,529,Overall528_vs_Overall529,23.0,1
overall,OVERALL,529,530,Overall529_vs_Overall530,0.0,1
overall,OVERALL,530,531,Overall530_vs_Overall531,0.0,1
overall,OVERALL,531,532,Overall531_vs_Overall532,24.0,1
overall,OVERALL,532,533,Overall532_vs_Overall533,0.0,1
overall,OVERALL,533,534,Overall533_vs_Overall534,0.0,1
overall,OVERALL,534,535,Overall534_vs_Overall535,20.0,1
overall,OVERALL,535,536,Overall535_vs_Overall536,0.0,1
overall,OVERALL,536,537,Overall536_vs_Overall537,0.0,1
overall,OVERALL,537,538,Overall537_vs_Overall538,8.0,1
overall,OVERALL,538,539,Overall538_vs_Overall539,0.0,1
overall,OVERALL,539,540,Overall539_vs_Overall540,0.0,1
overall,OVERALL,540,541,Overall540_vs_Overall541,18.0,1
overall,OVERALL,541,542,Overall541_vs_Overall542,0.0,1
overall,OVERALL,542,543,Overall542_vs_Overall543,0.0,1
overall,OVERALL,543,544,Overall543_vs_Overall544,17.0,1
overall,OVERALL,544,545,Overall544_vs_Overall545,0.0,1
overall,OVERALL,545,546,Overall545_vs_Overall546,0.0,1
overall,OVERALL,546,547,Overall546_vs_Overall547,6.0,1
overall,OVERALL,547,548,Overall547_vs_Overall548,0.0,1
overall,OVERALL,548,549,Overall548_vs_Overall549,0.0,1
overall,OVERALL,549,550,Overall549_vs_Overall550,29.0,1
overall,OVERALL,550,551,Overall550_vs_Overall551,0.0,1
overall,OVERALL,551,552,Overall551_vs_Overall552,0.0,1
overall,OVERALL,552,553,Overall552_vs_Overall553,7.0,1
overall,OVERALL,553,554,Overall553_vs_Overall554,0.0,1
overall,OVERALL,554,555,Overall554_vs_Overall555,0.0,1
overall,OVERALL,555,556,Overall555_vs_Overall556,27.0,1
overall,OVERALL,556,557,Overall556_vs_Overall557,0.0,1
overall,OVERALL,557,558,Overall557_vs_Overall558,0.0,1
overall,OVERALL,558,559,Overall558_vs_Overall559,4.0,1
overall,OVERALL,559,560,Overall559_vs_Overall560,0.0,1
overall,OVERALL,560,561,Overall560_vs_Overall561,0.0,1
overall,OVERALL,561,562,Overall561_vs_Overall562,26.0,1
overall,OVERALL,562,563,Overall562_vs_Overall563,0.0,1
overall,OVERALL,563,564,Overall563_vs_Overall564,0.0,1
overall,OVERALL,564,565,Overall564_vs_Overall565,11.0,1
overall,OVERALL,565,566,Overall565_vs_Overall566,0.0,1
overall,OVERALL,566,567,Overall566_vs_Overall567,0.0,1
overall,OVERALL,567,568,Overall567_vs_Overall568,21.0,1
overall,OVERALL,568,569,Overall568_vs_Overall569,0.0,1
overall,OVERALL,569,570,Overall569_vs_Overall570,0.0,1
overall,OVERALL,570,571,Overall570_vs_Overall571,7.0,1
overall,OVERALL,571,572,Overall571_vs_Overall572,0.0,1
overall,OVERALL,572,573,Overall572_vs_Overall573,0.0,1
overall,OVERALL,573,574,Overall573_vs_Overall574,9.0,1
overall,OVERALL,574,575,Overall574_vs_Overall575,0.0,1
overall,OVERALL,575,576,Overall575_vs_Overall576,0.0,1
overall,OVERALL,576,577,Overall576_vs_Overall577,4.0,1
overall,OVERALL,577,578,Overall577_vs_Overall578,0.0,1
overall,OVERALL,578,579,Overall578_vs_Overall579,0.0,1
overall,OVERALL,579,580,Overall579_vs_Overall580,41.0,1
overall,OVERALL,580,581,Overall580_vs_Overall581,0.0,1
overall,OVERALL,581,582,Overall581_vs_Overall582,0.0,1
overall,OVERALL,582,583,Overall582_vs_Overall583,11.0,1
overall,OVERALL,583,584,Overall583_vs_Overall584,0.0,1
overall,OVERALL,584,585,Overall584_vs_Overall585,0.0,1
overall,OVERALL,585,586,Overall585_vs_Overall586,15.0,1
overall,OVERALL,586,587,Overall586_vs_Overall587,0.0,1
overall,OVERALL,587,588,Overall587_vs_Overall588,0.0,1
overall,OVERALL,588,589,Overall588_vs_Overall589,6.0,1
overall,OVERALL,589,590,Overall589_vs_Overall590,0.0,1
overall,OVERALL,590,591,Overall590_vs_Overall591,0.0,1
overall,OVERALL,591,592,Overall591_vs_Overall592,1.0,1
overall,OVERALL,592,593,Overall592_vs_Overall593,0.0,1
overall,OVERALL,593,594,Overall593_vs_Overall594,0.0,1
overall,OVERALL,594,595,Overall594_vs_Overall595,3.0,1
overall,OVERALL,595,596,Overall595_vs_Overall596,0.0,1
overall,OVERALL,596,597,Overall596_vs_Overall597,0.0,1
overall,OVERALL,597,598,Overall597_vs_Overall598,24.0,1
overall,OVERALL,598,599,Overall598_vs_Overall599,0.0,1
overall,OVERALL,599,600,Overall599_vs_Overall600,0.0,1
overall,OVERALL,600,601,Overall600_vs_Overall601,22.0,1
overall,OVERALL,601,602,Overall601_vs_Overall602,0.0,1
overall,OVERALL,602,603,Overall602_vs_Overall603,0.0,1
overall,OVERALL,603,604,Overall603_vs_Overall604,55.0,1
overall,OVERALL,604,605,Overall604_vs_Overall605,0.0,1
overall,OVERALL,605,606,Overall605_vs_Overall606,0.0,1
overall,OVERALL,606,607,Overall606_vs_Overall607,6.0,1
overall,OVERALL,607,608,Overall607_vs_Overall608,0.0,1
overall,OVERALL,608,609,Overall608_vs_Overall609,0.0,1
overall,OVERALL,609,610,Overall609_vs_Overall610,14.0,1
overall,OVERALL,610,611,Overall610_vs_Overall611,0.0,1
overall,OVERALL,611,612,Overall611_vs_Overall612,0.0,1
overall,OVERALL,612,613,Overall612_vs_Overall613,10.0,1
overall,OVERALL,613,614,Overall613_vs_Overall614,0.0,1
overall,OVERALL,614,615,Overall614_vs_Overall615,0.0,1
overall,OVERALL,615,616,Overall615_vs_Overall616,27.0,1
overall,OVERALL,616,617,Overall616_vs_Overall617,0.0,1
overall,OVERALL,617,618,Overall617_vs_Overall618,0.0,1
overall,OVERALL,618,619,Overall618_vs_Overall619,2.0,1
overall,OVERALL,619,620,Overall619_vs_Overall620,0.0,1
overall,OVERALL,620,621,Overall620_vs_Overall621,0.0,1
overall,OVERALL,621,622,Overall621_vs_Overall622,4.0,1
overall,OVERALL,622,623,Overall622_vs_Overall623,0.0,1
overall,OVERALL,623,624,Overall623_vs_Overall624,0.0,1
overall,OVERALL,624,625,Overall624_vs_Overall625,14.0,1
overall,OVERALL,625,626,Overall625_vs_Overall626,0.0,1
overall,OVERALL,626,627,Overall626_vs_Overall627,0.0,1
overall,OVERALL,627,628,Overall627_vs_Overall628,11.0,1
overall,OVERALL,628,629,Overall628_vs_Overall629,0.0,1
overall,OVERALL,629,630,Overall629_vs_Overall630,0.0,1
overall,OVERALL,630,631,Overall630_vs_Overall631,33.0,1
overall,OVERALL,631,632,Overall631_vs_Overall632,0.0,1
overall,OVERALL,632,633,Overall632_vs_Overall633,0.0,1
overall,OVERALL,633,634,Overall633_vs_Overall634,4.0,1
overall,OVERALL,634,635,Overall634_vs_Overall635,0.0,1
overall,OVERALL,635,636,Overall635_vs_Overall636,0.0,1
overall,OVERALL,636,637,Overall636_vs_Overall637,5.0,1
overall,OVERALL,637,638,Overall637_vs_Overall638,0.0,1
overall,OVERALL,638,639,Overall638_vs_Overall639,0.0,1
overall,OVERALL,639,640,Overall639_vs_Overall640,4.0,1
overall,OVERALL,640,641,Overall640_vs_Overall641,0.0,1
overall,OVERALL,641,642,Overall641_vs_Overall642,0.0,1
overall,OVERALL,642,643,Overall642_vs_Overall643,2.0,1
overall,OVERALL,643,644,Overall643_vs_Overall644,0.0,1
overall,OVERALL,644,645,Overall644_vs_Overall645,0.0,1
overall,OVERALL,645,646,Overall645_vs_Overall646,4.0,1
overall,OVERALL,646,647,Overall646_vs_Overall647,0.0,1
overall,OVERALL,647,648,Overall647_vs_Overall648,0.0,1
overall,OVERALL,648,649,Overall648_vs_Overall649,18.0,1
overall,OVERALL,649,650,Overall649_vs_Overall650,0.0,1
overall,OVERALL,650,651,Overall650_vs_Overall651,0.0,1
overall,OVERALL,651,652,Overall651_vs_Overall652,5.0,1
overall,OVERALL,652,653,Overall652_vs_Overall653,0.0,1
overall,OVERALL,653,654,Overall653_vs_Overall654,0.0,1
overall,OVERALL,654,655,Overall654_vs_Overall655,6.0,1
overall,OVERALL,655,656,Overall655_vs_Overall656,0.0,1
overall,OVERALL,656,657,Overall656_vs_Overall657,0.0,1
overall,OVERALL,657,658,Overall657_vs_Overall658,2.0,1
overall,OVERALL,658,659,Overall658_vs_Overall659,0.0,1
overall,OVERALL,659,660,Overall659_vs_Overall660,0.0,1
overall,OVERALL,660,661,Overall660_vs_Overall661,11.0,1
overall,OVERALL,661,662,Overall661_vs_Overall662,0.0,1
overall,OVERALL,662,663,Overall662_vs_Overall663,0.0,1
overall,OVERALL,663,664,Overall663_vs_Overall664,3.0,1
overall,OVERALL,664,665,Overall664_vs_Overall665,0.0,1
overall,OVERALL,665,666,Overall665_vs_Overall666,0.0,1
overall,OVERALL,666,667,Overall666_vs_Overall667,11.0,1
overall,OVERALL,667,668,Overall667_vs_Overall668,0.0,1
overall,OVERALL,668,669,Overall668_vs_Overall669,0.0,1
overall,OVERALL,669,670,Overall669_vs_Overall670,13.0,1
overall,OVERALL,670,671,Overall670_vs_Overall671,0.0,1
overall,OVERALL,671,672,Overall671_vs_Overall672,0.0,1
overall,OVERALL,672,673,Overall672_vs_Overall673,4.0,1
overall,OVERALL,673,674,Overall673_vs_Overall674,0.0,1
overall,OVERALL,674,675,Overall674_vs_Overall675,0.0,1
overall,OVERALL,675,676,Overall675_vs_Overall676,8.0,1
overall,OVERALL,676,677,Overall676_vs_Overall677,0.0,1
overall,OVERALL,677,678,Overall677_vs_Overall678,0.0,1
overall,OVERALL,678,679,Overall678_vs_Overall679,6.0,1
overall,OVERALL,679,680,Overall679_vs_Overall680,0.0,1
overall,OVERALL,680,681,Overall680_vs_Overall681,0.0,1
overall,OVERALL,681,682,Overall681_vs_Overall682,23.0,1
overall,OVERALL,682,683,Overall682_vs_Overall683,0.0,1
overall,OVERALL,683,684,Overall683_vs_Overall684,0.0,1
overall,OVERALL,684,685,Overall684_vs_Overall685,1.0,1
overall,OVERALL,685,686,Overall685_vs_Overall686,0.0,1
overall,OVERALL,686,687,Overall686_vs_Overall687,0.0,1
overall,OVERALL,687,688,Overall687_vs_Overall688,4.0,1
overall,OVERALL,688,689,Overall688_vs_Overall689,0.0,1
overall,OVERALL,689,690,Overall689_vs_Overall690,0.0,1
overall,OVERALL,690,691,Overall690_vs_Overall691,3.0,1
overall,OVERALL,691,692,Overall691_vs_Overall692,0.0,1
overall,OVERALL,692,693,Overall692_vs_Overall693,0.0,1
overall,OVERALL,693,694,Overall693_vs_Overall694,9.0,1
overall,OVERALL,694,695,Overall694_vs_Overall695,0.0,1
overall,OVERALL,695,696,Overall695_vs_Overall696,0.0,1
overall,OVERALL,696,697,Overall696_vs_Overall697,9.0,1
overall,OVERALL,697,698,Overall697_vs_Overall698,0.0,1
overall,OVERALL,698,699,Overall698_vs_Overall699,0.0,1
overall,OVERALL,699,700,Overall699_vs_Overall700,4.0,1
overall,OVERALL,700,701,Overall700_vs_Overall701,0.0,1
overall,OVERALL,701,702,Overall701_vs_Overall702,0.0,1
overall,OVERALL,702,703,Overall702_vs_Overall703,21.0,1
overall,OVERALL,703,704,Overall703_vs_Overall704,0.0,1
overall,OVERALL,704,705,Overall704_vs_Overall705,0.0,1
overall,OVERALL,705,706,Overall705_vs_Overall706,5.0,1
overall,OVERALL,706,707,Overall706_vs_Overall707,0.0,1
overall,OVERALL,707,708,Overall707_vs_Overall708,0.0,1
overall,OVERALL,708,709,Overall708_vs_Overall709,1.0,1
overall,OVERALL,709,710,Overall709_vs_Overall710,0.0,1
overall,OVERALL,710,711,Overall710_vs_Overall711,0.0,1
overall,OVERALL,711,712,Overall711_vs_Overall712,7.0,1
overall,OVERALL,712,713,Overall712_vs_Overall713,0.0,1
overall,OVERALL,713,714,Overall713_vs_Overall714,0.0,1
overall,OVERALL,714,715,Overall714_vs_Overall715,0.0,1
overall,OVERALL,715,716,Overall715_vs_Overall716,0.0,1
overall,OVERALL,716,717,Overall716_vs_Overall717,0.0,1
overall,OVERALL,717,718,Overall717_vs_Overall718,16.0,1
overall,OVERALL,718,719,Overall718_vs_Overall719,0.0,1
overall,OVERALL,719,720,Overall719_vs_Overall720,0.0,1
overall,OVERALL,720,721,Overall720_vs_Overall721,10.0,1
overall,OVERALL,721,722,Overall721_vs_Overall722,0.0,1
overall,OVERALL,722,723,Overall722_vs_Overall723,0.0,1
overall,OVERALL,723,724,Overall723_vs_Overall724,1.0,1
overall,OVERALL,724,725,Overall724_vs_Overall725,0.0,1
overall,OVERALL,725,726,Overall725_vs_Overall726,0.0,1
overall,OVERALL,726,727,Overall726_vs_Overall727,3.0,1
overall,OVERALL,727,728,Overall727_vs_Overall728,0.0,1
overall,OVERALL,728,729,Overall728_vs_Overall729,0.0,1
overall,OVERALL,729,730,Overall729_vs_Overall730,10.0,1
overall,OVERALL,730,731,Overall730_vs_Overall731,0.0,1
overall,OVERALL,731,732,Overall731_vs_Overall732,0.0,1
overall,OVERALL,732,733,Overall732_vs_Overall733,3.0,1
overall,OVERALL,733,734,Overall733_vs_Overall734,0.0,1
overall,OVERALL,734,735,Overall734_vs_Overall735,0.0,1
overall,OVERALL,735,736,Overall735_vs_Overall736,2.0,1
overall,OVERALL,736,737,Overall736_vs_Overall737,0.0,1
overall,OVERALL,737,738,Overall737_vs_Overall738,0.0,1
overall,OVERALL,738,739,Overall738_vs_Overall739,2.0,1
overall,OVERALL,739,740,Overall739_vs_Overall740,0.0,1
overall,OVERALL,740,741,Overall740_vs_Overall741,0.0,1
overall,OVERALL,741,742,Overall741_vs_Overall742,3.0,1
overall,OVERALL,742,743,Overall742_vs_Overall743,0.0,1
overall,OVERALL,743,744,Overall743_vs_Overall744,0.0,1
overall,OVERALL,744,745,Overall744_vs_Overall745,1.0,1
overall,OVERALL,745,746,Overall745_vs_Overall746,0.0,1
overall,OVERALL,746,747,Overall746_vs_Overall747,0.0,1
overall,OVERALL,747,748,Overall747_vs_Overall748,12.0,1
overall,OVERALL,748,749,Overall748_vs_Overall749,0.0,1
overall,OVERALL,749,750,Overall749_vs_Overall750,0.0,1
overall,OVERALL,750,751,Overall750_vs_Overall751,2.0,1
overall,OVERALL,751,752,Overall751_vs_Overall752,0.0,1
overall,OVERALL,752,753,Overall752_vs_Overall753,0.0,1
overall,OVERALL,753,754,Overall753_vs_Overall754,10.0,1
overall,OVERALL,754,755,Overall754_vs_Overall755,0.0,1
overall,OVERALL,755,756,Overall755_vs_Overall756,0.0,1
overall,OVERALL,756,757,Overall756_vs_Overall757,4.0,1
overall,OVERALL,757,758,Overall757_vs_Overall758,0.0,1
overall,OVERALL,758,759,Overall758_vs_Overall759,0.0,1
overall,OVERALL,759,760,Overall759_vs_Overall760,3.0,1
overall,OVERALL,760,761,Overall760_vs_Overall761,0.0,1
overall,OVERALL,761,762,Overall761_vs_Overall762,0.0,1
overall,OVERALL,762,763,Overall762_vs_Overall763,20.0,1
overall,OVERALL,763,764,Overall763_vs_Overall764,0.0,1
overall,OVERALL,764,765,Overall764_vs_Overall765,0.0,1
overall,OVERALL,765,766,Overall765_vs_Overall766,14.0,1
overall,OVERALL,766,767,Overall766_vs_Overall767,0.0,1
overall,OVERALL,767,768,Overall767_vs_Overall768,0.0,1
overall,OVERALL,768,769,Overall768_vs_Overall769,23.0,1
overall,OVERALL,769,770,Overall769_vs_Overall770,0.0,1
overall,OVERALL,770,771,Overall770_vs_Overall771,0.0,1
overall,OVERALL,771,772,Overall771_vs_Overall772,5.0,1
overall,OVERALL,772,773,Overall772_vs_Overall773,0.0,1
overall,OVERALL,773,774,Overall773_vs_Overall774,0.0,1
overall,OVERALL,774,775,Overall774_vs_Overall775,3.0,1
overall,OVERALL,775,776,Overall775_vs_Overall776,0.0,1
overall,OVERALL,776,777,Overall776_vs_Overall777,0.0,1
overall,OVERALL,777,778,Overall777_vs_Overall778,1.0,1
overall,OVERALL,778,779,Overall778_vs_Overall779,0.0,1
overall,OVERALL,779,780,Overall779_vs_Overall780,0.0,1
overall,OVERALL,780,781,Overall780_vs_Overall781,11.0,1
overall,OVERALL,781,782,Overall781_vs_Overall782,0.0,1
overall,OVERALL,782,783,Overall782_vs_Overall783,0.0,1
overall,OVERALL,783,784,Overall783_vs_Overall784,9.0,1
overall,OVERALL,784,785,Overall784_vs_Overall785,0.0,1
overall,OVERALL,785,786,Overall785_vs_Overall786,0.0,1
overall,OVERALL,786,787,Overall786_vs_Overall787,11.0,1
overall,OVERALL,787,788,Overall787_vs_Overall788,0.0,1
overall,OVERALL,788,789,Overall788_vs_Overall789,0.0,1
overall,OVERALL,789,790,Overall789_vs_Overall790,2.0,1
overall,OVERALL,790,791,Overall790_vs_Overall791,0.0,1
overall,OVERALL,791,792,Overall791_vs_Overall792,0.0,1
overall,OVERALL,792,793,Overall792_vs_Overall793,3.0,1
overall,OVERALL,793,794,Overall793_vs_Overall794,0.0,1
overall,OVERALL,794,795,Overall794_vs_Overall795,0.0,1
overall,OVERALL,795,796,Overall795_vs_Overall796,1.0,1
overall,OVERALL,796,797,Overall796_vs_Overall797,0.0,1
overall,OVERALL,797,798,Overall797_vs_Overall798,0.0,1
overall,OVERALL,798,799,Overall798_vs_Overall799,9.0,1
overall,OVERALL,799,800,Overall799_vs_Overall800,0.0,1
overall,OVERALL,800,801,Overall800_vs_Overall801,0.0,1
overall,OVERALL,801,802,Overall801_vs_Overall802,9.0,1
overall,OVERALL,802,803,Overall802_vs_Overall803,0.0,1
overall,OVERALL,803,804,Overall803_vs_Overall804,0.0,1
overall,OVERALL,804,805,Overall804_vs_Overall805,5.0,1
overall,OVERALL,805,806,Overall805_vs_Overall806,0.0,1
overall,OVERALL,806,807,Overall806_vs_Overall807,0.0,1
overall,OVERALL,807,808,Overall807_vs_Overall808,11.0,1
overall,OVERALL,808,809,Overall808_vs_Overall809,0.0,1
overall,OVERALL,809,810,Overall809_vs_Overall810,0.0,1
overall,OVERALL,810,811,Overall810_vs_Overall811,9.0,1
overall,OVERALL,811,812,Overall811_vs_Overall812,0.0,1
overall,OVERALL,812,813,Overall812_vs_Overall813,0.0,1
overall,OVERALL,813,814,Overall813_vs_Overall814,35.0,1
overall,OVERALL,814,815,Overall814_vs_Overall815,0.0,1
overall,OVERALL,815,816,Overall815_vs_Overall816,0.0,1
overall,OVERALL,816,817,Overall816_vs_Overall817,11.0,1
overall,OVERALL,817,818,Overall817_vs_Overall818,0.0,1
overall,OVERALL,818,819,Overall818_vs_Overall819,0.0,1
overall,OVERALL,819,820,Overall819_vs_Overall820,2.0,1
overall,OVERALL,820,821,Overall820_vs_Overall821,0.0,1
overall,OVERALL,821,822,Overall821_vs_Overall822,0.0,1
overall,OVERALL,822,823,Overall822_vs_Overall823,7.0,1
overall,OVERALL,823,824,Overall823_vs_Overall824,0.0,1
overall,OVERALL,824,825,Overall824_vs_Overall825,0.0,1
overall,OVERALL,825,826,Overall825_vs_Overall826,12.0,1
overall,OVERALL,826,827,Overall826_vs_Overall827,0.0,1
overall,OVERALL,827,828,Overall827_vs_Overall828,0.0,1
overall,OVERALL,828,829,Overall828_vs_Overall829,7.0,1
overall,OVERALL,829,830,Overall829_vs_Overall830,0.0,1
overall,OVERALL,830,831,Overall830_vs_Overall831,0.0,1
overall,OVERALL,831,832,Overall831_vs_Overall832,2.0,1
overall,OVERALL,832,833,Overall832_vs_Overall833,0.0,1
overall,OVERALL,833,834,Overall833_vs_Overall834,0.0,1
overall,OVERALL,834,835,Overall834_vs_Overall835,12.0,1
overall,OVERALL,835,836,Overall835_vs_Overall836,0.0,1
overall,OVERALL,836,837,Overall836_vs_Overall837,0.0,1
overall,OVERALL,837,838,Overall837_vs_Overall838,8.0,1
overall,OVERALL,838,839,Overall838_vs_Overall839,0.0,1
overall,OVERALL,839,840,Overall839_vs_Overall840,0.0,1
overall,OVERALL,840,841,Overall840_vs_Overall841,2.0,1
overall,OVERALL,841,842,Overall841_vs_Overall842,0.0,1
overall,OVERALL,842,843,Overall842_vs_Overall843,0.0,1
overall,OVERALL,843,844,Overall843_vs_Overall844,25.0,1
overall,OVERALL,844,845,Overall844_vs_Overall845,0.0,1
overall,OVERALL,845,846,Overall845_vs_Overall846,0.0,1
overall,OVERALL,846,847,Overall846_vs_Overall847,11.0,1
overall,OVERALL,847,848,Overall847_vs_Overall848,0.0,1
overall,OVERALL,848,849,Overall848_vs_Overall849,0.0,1
overall,OVERALL,849,850,Overall849_vs_Overall850,16.0,1
overall,OVERALL,850,851,Overall850_vs_Overall851,0.0,1
overall,OVERALL,851,852,Overall851_vs_Overall852,0.0,1
overall,OVERALL,852,853,Overall852_vs_Overall853,4.0,1
overall,OVERALL,853,854,Overall853_vs_Overall854,0.0,1
overall,OVERALL,854,855,Overall854_vs_Overall855,0.0,1
overall,OVERALL,855,856,Overall855_vs_Overall856,1.0,1
overall,OVERALL,856,857,Overall856_vs_Overall857,0.0,1
overall,OVERALL,857,858,Overall857_vs_Overall858,0.0,1
overall,OVERALL,858,859,Overall858_vs_Overall859,4.0,1
overall,OVERALL,859,860,Overall859_vs_Overall860,0.0,1
overall,OVERALL,860,861,Overall860_vs_Overall861,0.0,1
overall,OVERALL,861,862,Overall861_vs_Overall862,3.0,1
overall,OVERALL,862,863,Overall862_vs_Overall863,0.0,1
overall,OVERALL,863,864,Overall863_vs_Overall864,0.0,1
overall,OVERALL,864,865,Overall864_vs_Overall865,9.0,1
overall,OVERALL,865,866,Overall865_vs_Overall866,0.0,1
overall,OVERALL,866,867,Overall866_vs_Overall867,0.0,1
overall,OVERALL,867,868,Overall867_vs_Overall868,2.0,1
overall,OVERALL,868,869,Overall868_vs_Overall869,0.0,1
overall,OVERALL,869,870,Overall869_vs_Overall870,0.0,1
overall,OVERALL,870,871,Overall870_vs_Overall871,8.0,1
overall,OVERALL,871,872,Overall871_vs_Overall872,0.0,1
overall,OVERALL,872,873,Overall872_vs_Overall873,0.0,1
overall,OVERALL,873,874,Overall873_vs_Overall874,15.0,1
overall,OVERALL,874,875,Overall874_vs_Overall875,0.0,1
overall,OVERALL,875,876,Overall875_vs_Overall876,0.0,1
overall,OVERALL,876,877,Overall876_vs_Overall877,8.0,1
overall,OVERALL,877,878,Overall877_vs_Overall878,0.0,1
overall,OVERALL,878,879,Overall878_vs_Overall879,0.0,1
overall,OVERALL,879,880,Overall879_vs_Overall880,9.0,1
overall,OVERALL,880,881,Overall880_vs_Overall881,0.0,1
overall,OVERALL,881,882,Overall881_vs_Overall882,0.0,1
overall,OVERALL,882,883,Overall882_vs_Overall883,10.0,1
overall,OVERALL,883,884,Overall883_vs_Overall884,0.0,1
overall,OVERALL,884,885,Overall884_vs_Overall885,0.0,1
overall,OVERALL,885,886,Overall885_vs_Overall886,18.0,1
overall,OVERALL,886,887,Overall886_vs_Overall887,0.0,1
overall,OVERALL,887,888,Overall887_vs_Overall888,0.0,1
overall,OVERALL,888,889,Overall888_vs_Overall889,10.0,1
overall,OVERALL,889,890,Overall889_vs_Overall890,0.0,1
overall,OVERALL,890,891,Overall890_vs_Overall891,0.0,1
overall,OVERALL,891,892,Overall891_vs_Overall892,4.0,1
overall,OVERALL,892,893,Overall892_vs_Overall893,0.0,1
overall,OVERALL,893,894,Overall893_vs_Overall894,0.0,1
overall,OVERALL,894,895,Overall894_vs_Overall895,4.0,1
overall,OVERALL,895,896,Overall895_vs_Overall896,0.0,1
overall,OVERALL,896,897,Overall896_vs_Overall897,0.0,1
overall,OVERALL,897,898,Overall897_vs_Overall898,1.0,1
overall,OVERALL,898,899,Overall898_vs_Overall899,0.0,1
overall,OVERALL,899,900,Overall899_vs_Overall900,0.0,1
overall,OVERALL,900,901,Overall900_vs_Overall901,2.0,1
overall,OVERALL,901,902,Overall901_vs_Overall902,0.0,1
overall,OVERALL,902,903,Overall902_vs_Overall903,0.0,1
overall,OVERALL,903,904,Overall903_vs_Overall904,6.0,1
overall,OVERALL,904,905,Overall904_vs_Overall905,0.0,1
overall,OVERALL,905,906,Overall905_vs_Overall906,0.0,1
overall,OVERALL,906,907,Overall906_vs_Overall907,9.0,1
overall,OVERALL,907,908,Overall907_vs_Overall908,0.0,1
overall,OVERALL,908,909,Overall908_vs_Overall909,0.0,1
overall,OVERALL,909,910,Overall909_vs_Overall910,6.0,1
overall,OVERALL,910,911,Overall910_vs_Overall911,0.0,1
overall,OVERALL,911,912,Overall911_vs_Overall912,0.0,1
overall,OVERALL,912,913,Overall912_vs_Overall913,4.0,1
overall,OVERALL,913,914,Overall913_vs_Overall914,0.0,1
overall,OVERALL,914,915,Overall914_vs_Overall915,0.0,1
overall,OVERALL,915,916,Overall915_vs_Overall916,6.0,1
overall,OVERALL,916,917,Overall916_vs_Overall917,0.0,1
overall,OVERALL,917,918,Overall917_vs_Overall918,0.0,1
overall,OVERALL,918,919,Overall918_vs_Overall919,9.0,1
overall,OVERALL,919,920,Overall919_vs_Overall920,0.0,1
overall,OVERALL,920,921,Overall920_vs_Overall921,0.0,1
overall,OVERALL,921,922,Overall921_vs_Overall922,2.0,1
overall,OVERALL,922,923,Overall922_vs_Overall923,0.0,1
overall,OVERALL,923,924,Overall923_vs_Overall924,0.0,1
overall,OVERALL,924,925,Overall924_vs_Overall925,9.0,1
overall,OVERALL,925,926,Overall925_vs_Overall926,0.0,1
overall,OVERALL,926,927,Overall926_vs_Overall927,0.0,1
overall,OVERALL,927,928,Overall927_vs_Overall928,6.0,1
overall,OVERALL,928,929,Overall928_vs_Overall929,0.0,1
overall,OVERALL,929,930,Overall929_vs_Overall930,0.0,1
overall,OVERALL,930,931,Overall930_vs_Overall931,1.0,1
overall,OVERALL,931,932,Overall931_vs_Overall932,0.0,1
overall,OVERALL,932,933,Overall932_vs_Overall933,0.0,1
overall,OVERALL,933,934,Overall933_vs_Overall934,14.0,1
overall,OVERALL,934,935,Overall934_vs_Overall935,0.0,1
overall,OVERALL,935,936,Overall935_vs_Overall936,0.0,1
overall,OVERALL,936,937,Overall936_vs_Overall937,13.0,1
overall,OVERALL,937,938,Overall937_vs_Overall938,0.0,1
overall,OVERALL,938,939,Overall938_vs_Overall939,0.0,1
overall,OVERALL,939,940,Overall939_vs_Overall940,8.0,1
overall,OVERALL,940,941,Overall940_vs_Overall941,0.0,1
overall,OVERALL,941,942,Overall941_vs_Overall942,0.0,1
overall,OVERALL,942,943,Overall942_vs_Overall943,0.0,1
overall,OVERALL,943,944,Overall943_vs_Overall944,0.0,1
overall,OVERALL,944,945,Overall944_vs_Overall945,0.0,1
overall,OVERALL,945,946,Overall945_vs_Overall946,12.0,1
overall,OVERALL,946,947,Overall946_vs_Overall947,0.0,1
overall,OVERALL,947,948,Overall947_vs_Overall948,0.0,1
overall,OVERALL,948,949,Overall948_vs_Overall949,17.0,1
overall,OVERALL,949,950,Overall949_vs_Overall950,0.0,1
overall,OVERALL,950,951,Overall950_vs_Overall951,0.0,1
overall,OVERALL,951,952,Overall951_vs_Overall952,3.0,1
overall,OVERALL,952,953,Overall952_vs_Overall953,0.0,1
overall,OVERALL,953,954,Overall953_vs_Overall954,0.0,1
overall,OVERALL,954,955,Overall954_vs_Overall955,16.0,1
overall,OVERALL,955,956,Overall955_vs_Overall956,0.0,1
overall,OVERALL,956,957,Overall956_vs_Overall957,0.0,1
overall,OVERALL,957,958,Overall957_vs_Overall958,1.0,1
overall,OVERALL,958,959,Overall958_vs_Overall959,0.0,1
overall,OVERALL,959,960,Overall959_vs_Overall960,0.0,1
overall,OVERALL,960,961,Overall960_vs_Overall961,10.0,1
overall,OVERALL,961,962,Overall961_vs_Overall962,0.0,1
overall,OVERALL,962,963,Overall962_vs_Overall963,0.0,1
overall,OVERALL,963,964,Overall963_vs_Overall964,4.0,1
overall,OVERALL,964,965,Overall964_vs_Overall965,0.0,1
overall,OVERALL,965,966,Overall965_vs_Overall966,0.0,1
overall,OVERALL,966,967,Overall966_vs_Overall967,7.0,1
overall,OVERALL,967,968,Overall967_vs_Overall968,0.0,1
overall,OVERALL,968,969,Overall968_vs_Overall969,0.0,1
overall,OVERALL,969,970,Overall969_vs_Overall970,8.0,1
overall,OVERALL,970,971,Overall970_vs_Overall971,0.0,1
overall,OVERALL,971,972,Overall971_vs_Overall972,0.0,1
overall,OVERALL,972,973,Overall972_vs_Overall973,2.0,1
overall,OVERALL,973,974,Overall973_vs_Overall974,0.0,1
overall,OVERALL,974,975,Overall974_vs_Overall975,0.0,1
overall,OVERALL,975,976,Overall975_vs_Overall976,3.0,1
overall,OVERALL,976,977,Overall976_vs_Overall977,0.0,1
overall,OVERALL,977,978,Overall977_vs_Overall978,0.0,1
overall,OVERALL,978,979,Overall978_vs_Overall979,8.0,1
overall,OVERALL,979,980,Overall979_vs_Overall980,0.0,1
overall,OVERALL,980,981,Overall980_vs_Overall981,0.0,1
overall,OVERALL,981,982,Overall981_vs_Overall982,0.0,1
overall,OVERALL,982,983,Overall982_vs_Overall983,0.0,1
overall,OVERALL,983,984,Overall983_vs_Overall984,0.0,1
overall,OVERALL,984,985,Overall984_vs_Overall985,3.0,1
overall,OVERALL,985,986,Overall985_vs_Overall986,0.0,1
overall,OVERALL,986,987,Overall986_vs_Overall987,0.0,1
overall,OVERALL,987,988,Overall987_vs_Overall988,11.0,1
overall,OVERALL,988,989,Overall988_vs_Overall989,0.0,1
overall,OVERALL,989,990,Overall989_vs_Overall990,0.0,1
overall,OVERALL,990,991,Overall990_vs_Overall991,7.0,1
overall,OVERALL,991,992,Overall991_vs_Overall992,0.0,1
overall,OVERALL,992,993,Overall992_vs_Overall993,0.0,1
overall,OVERALL,993,994,Overall993_vs_Overall994,3.0,1
overall,OVERALL,994,995,Overall994_vs_Overall995,0.0,1
overall,OVERALL,995,996,Overall995_vs_Overall996,0.0,1
overall,OVERALL,996,997,Overall996_vs_Overall997,13.0,1
overall,OVERALL,997,998,Overall997_vs_Overall998,0.0,1
overall,OVERALL,998,999,Overall998_vs_Overall999,0.0,1
overall,OVERALL,999,1000,Overall999_vs_Overall1000,2.0,1
overall,OVERALL,1000,1001,Overall1000_vs_Overall1001,0.0,1
overall,OVERALL,1001,1002,Overall1001_vs_Overall1002,0.0,1
overall,OVERALL,1002,1003,Overall1002_vs_Overall1003,0.0,1
overall,OVERALL,1003,1004,Overall1003_vs_Overall1004,0.0,1
overall,OVERALL,1004,1005,Overall1004_vs_Overall1005,0.0,1
overall,OVERALL,1005,1006,Overall1005_vs_Overall1006,1.0,1
overall,OVERALL,1006,1007,Overall1006_vs_Overall1007,0.0,1
overall,OVERALL,1007,1008,Overall1007_vs_Overall1008,0.0,1
overall,OVERALL,1008,1009,Overall1008_vs_Overall1009,1.0,1
overall,OVERALL,1009,1010,Overall1009_vs_Overall1010,0.0,1
overall,OVERALL,1010,1011,Overall1010_vs_Overall1011,0.0,1
overall,OVERALL,1011,1012,Overall1011_vs_Overall1012,1.0,1
overall,OVERALL,1012,1013,Overall1012_vs_Overall1013,0.0,1
overall,OVERALL,1013,1014,Overall1013_vs_Overall1014,0.0,1
overall,OVERALL,1014,1015,Overall1014_vs_Overall1015,0.0,1
overall,OVERALL,1015,1016,Overall1015_vs_Overall1016,0.0,1
overall,OVERALL,1016,1017,Overall1016_vs_Overall1017,0.0,1
overall,OVERALL,1017,1018,Overall1017_vs_Overall1018,2.0,1
overall,OVERALL,1018,1019,Overall1018_vs_Overall1019,0.0,1
overall,OVERALL,1019,1020,Overall1019_vs_Overall1020,0.0,1
overall,OVERALL,1020,1021,Overall1020_vs_Overall1021,5.0,1
overall,OVERALL,1021,1022,Overall1021_vs_Overall1022,0.0,1
overall,OVERALL,1022,1023,Overall1022_vs_Overall1023,0.0,1
overall,OVERALL,1023,1024,Overall1023_vs_Overall1024,2.0,1
overall,OVERALL,1024,1025,Overall1024_vs_Overall1025,0.0,1
overall,OVERALL,1025,1026,Overall1025_vs_Overall1026,0.0,1
overall,OVERALL,1026,1027,Overall1026_vs_Overall1027,4.0,1
overall,OVERALL,1027,1028,Overall1027_vs_Overall1028,0.0,1
overall,OVERALL,1028,1029,Overall1028_vs_Overall1029,0.0,1
overall,OVERALL,1029,1030,Overall1029_vs_Overall1030,5.0,1
overall,OVERALL,1030,1031,Overall1030_vs_Overall1031,0.0,1
overall,OVERALL,1031,1032,Overall1031_vs_Overall1032,0.0,1
overall,OVERALL,1032,1033,Overall1032_vs_Overall1033,3.0,1
overall,OVERALL,1033,1034,Overall1033_vs_Overall1034,0.0,1
overall,OVERALL,1034,1035,Overall1034_vs_Overall1035,0.0,1
overall,OVERALL,1035,1036,Overall1035_vs_Overall1036,4.0,1
overall,OVERALL,1036,1037,Overall1036_vs_Overall1037,0.0,1
overall,OVERALL,1037,1038,Overall1037_vs_Overall1038,0.0,1
overall,OVERALL,1038,1039,Overall1038_vs_Overall1039,4.0,1
overall,OVERALL,1039,1040,Overall1039_vs_Overall1040,0.0,1
overall,OVERALL,1040,1041,Overall1040_vs_Overall1041,0.0,1
overall,OVERALL,1041,1042,Overall1041_vs_Overall1042,4.0,1
overall,OVERALL,1042,1043,Overall1042_vs_Overall1043,0.0,1
overall,OVERALL,1043,1044,Overall1043_vs_Overall1044,0.0,1
overall,OVERALL,1044,1045,Overall1044_vs_Overall1045,7.0,1
overall,OVERALL,1045,1046,Overall1045_vs_Overall1046,0.0,1
overall,OVERALL,1046,1047,Overall1046_vs_Overall1047,0.0,1
overall,OVERALL,1047,1048,Overall1047_vs_Overall1048,3.0,1
overall,OVERALL,1048,1049,Overall1048_vs_Overall1049,0.0,1
overall,OVERALL,1049,1050,Overall1049_vs_Overall1050,0.0,1
overall,OVERALL,1050,1051,Overall1050_vs_Overall1051,10.0,1
overall,OVERALL,1051,1052,Overall1051_vs_Overall1052,0.0,1
overall,OVERALL,1052,1053,Overall1052_vs_Overall1053,0.0,1
overall,OVERALL,1053,1054,Overall1053_vs_Overall1054,2.0,1
overall,OVERALL,1054,1055,Overall1054_vs_Overall1055,0.0,1
overall,OVERALL,1055,1056,Overall1055_vs_Overall1056,0.0,1
overall,OVERALL,1056,1057,Overall1056_vs_Overall1057,5.0,1
overall,OVERALL,1057,1058,Overall1057_vs_Overall1058,0.0,1
overall,OVERALL,1058,1059,Overall1058_vs_Overall1059,0.0,1
overall,OVERALL,1059,1060,Overall1059_vs_Overall1060,7.0,1
overall,OVERALL,1060,1061,Overall1060_vs_Overall1061,0.0,1
overall,OVERALL,1061,1062,Overall1061_vs_Overall1062,0.0,1
overall,OVERALL,1062,1063,Overall1062_vs_Overall1063,4.0,1
overall,OVERALL,1063,1064,Overall1063_vs_Overall1064,0.0,1
overall,OVERALL,1064,1065,Overall1064_vs_Overall1065,0.0,1
overall,OVERALL,1065,1066,Overall1065_vs_Overall1066,2.0,1
overall,OVERALL,1066,1067,Overall1066_vs_Overall1067,0.0,1
overall,OVERALL,1067,1068,Overall1067_vs_Overall1068,0.0,1
overall,OVERALL,1068,1069,Overall1068_vs_Overall1069,6.0,1
overall,OVERALL,1069,1070,Overall1069_vs_Overall1070,0.0,1
overall,OVERALL,1070,1071,Overall1070_vs_Overall1071,0.0,1
overall,OVERALL,1071,1072,Overall1071_vs_Overall1072,7.0,1
overall,OVERALL,1072,1073,Overall1072_vs_Overall1073,0.0,1
overall,OVERALL,1073,1074,Overall1073_vs_Overall1074,0.0,1
overall,OVERALL,1074,1075,Overall1074_vs_Overall1075,11.0,1
overall,OVERALL,1075,1076,Overall1075_vs_Overall1076,0.0,1
overall,OVERALL,1076,1077,Overall1076_vs_Overall1077,0.0,1
overall,OVERALL,1077,1078,Overall1077_vs_Overall1078,2.0,1
overall,OVERALL,1078,1079,Overall1078_vs_Overall1079,0.0,1
overall,OVERALL,1079,1080,Overall1079_vs_Overall1080,0.0,1
overall,OVERALL,1080,1081,Overall1080_vs_Overall1081,6.0,1
overall,OVERALL,1081,1082,Overall1081_vs_Overall1082,0.0,1
overall,OVERALL,1082,1083,Overall1082_vs_Overall1083,0.0,1
overall,OVERALL,1083,1084,Overall1083_vs_Overall1084,7.0,1
overall,OVERALL,1084,1085,Overall1084_vs_Overall1085,0.0,1
overall,OVERALL,1085,1086,Overall1085_vs_Overall1086,0.0,1
overall,OVERALL,1086,1087,Overall1086_vs_Overall1087,3.0,1
overall,OVERALL,1087,1088,Overall1087_vs_Overall1088,0.0,1
overall,OVERALL,1088,1089,Overall1088_vs_Overall1089,0.0,1
overall,OVERALL,1089,1090,Overall1089_vs_Overall1090,1.0,1
overall,OVERALL,1090,1091,Overall1090_vs_Overall1091,0.0,1
overall,OVERALL,1091,1092,Overall1091_vs_Overall1092,0.0,1
overall,OVERALL,1092,1093,Overall1092_vs_Overall1093,5.0,1
overall,OVERALL,1093,1094,Overall1093_vs_Overall1094,0.0,1
overall,OVERALL,1094,1095,Overall1094_vs_Overall1095,0.0,1
overall,OVERALL,1095,1096,Overall1095_vs_Overall1096,8.0,1
overall,OVERALL,1096,1097,Overall1096_vs_Overall1097,0.0,1
overall,OVERALL,1097,1098,Overall1097_vs_Overall1098,0.0,1
overall,OVERALL,1098,1099,Overall1098_vs_Overall1099,0.0,1
overall,OVERALL,1099,1100,Overall1099_vs_Overall1100,0.0,1
overall,OVERALL,1100,1101,Overall1100_vs_Overall1101,0.0,1
overall,OVERALL,1101,1102,Overall1101_vs_Overall1102,2.0,1
overall,OVERALL,1102,1103,Overall1102_vs_Overall1103,0.0,1
overall,OVERALL,1103,1104,Overall1103_vs_Overall1104,0.0,1
overall,OVERALL,1104,1105,Overall1104_vs_Overall1105,2.0,1
overall,OVERALL,1105,1106,Overall1105_vs_Overall1106,0.0,1
overall,OVERALL,1106,1107,Overall1106_vs_Overall1107,0.0,1
overall,OVERALL,1107,1108,Overall1107_vs_Overall1108,3.0,1
overall,OVERALL,1108,1109,Overall1108_vs_Overall1109,0.0,1
overall,OVERALL,1109,1110,Overall1109_vs_Overall1110,0.0,1
overall,OVERALL,1110,1111,Overall1110_vs_Overall1111,2.0,1
overall,OVERALL,1111,1112,Overall1111_vs_Overall1112,0.0,1
overall,OVERALL,1112,1113,Overall1112_vs_Overall1113,0.0,1
overall,OVERALL,1113,1114,Overall1113_vs_Overall1114,13.0,1
overall,OVERALL,1114,1115,Overall1114_vs_Overall1115,0.0,1
overall,OVERALL,1115,1116,Overall1115_vs_Overall1116,0.0,1
overall,OVERALL,1116,1117,Overall1116_vs_Overall1117,2.0,1
overall,OVERALL,1117,1118,Overall1117_vs_Overall1118,0.0,1
overall,OVERALL,1118,1119,Overall1118_vs_Overall1119,0.0,1
overall,OVERALL,1119,1120,Overall1119_vs_Overall1120,4.0,1
overall,OVERALL,1120,1121,Overall1120_vs_Overall1121,0.0,1
overall,OVERALL,1121,1122,Overall1121_vs_Overall1122,0.0,1
overall,OVERALL,1122,1123,Overall1122_vs_Overall1123,2.0,1
overall,OVERALL,1123,1124,Overall1123_vs_Overall1124,0.0,1
overall,OVERALL,1124,1125,Overall1124_vs_Overall1125,0.0,1
overall,OVERALL,1125,1126,Overall1125_vs_Overall1126,8.0,1
overall,OVERALL,1126,1127,Overall1126_vs_Overall1127,0.0,1
overall,OVERALL,1127,1128,Overall1127_vs_Overall1128,0.0,1
overall,OVERALL,1128,1129,Overall1128_vs_Overall1129,2.0,1
overall,OVERALL,1129,1130,Overall1129_vs_Overall1130,0.0,1
overall,OVERALL,1130,1131,Overall1130_vs_Overall1131,0.0,1
overall,OVERALL,1131,1132,Overall1131_vs_Overall1132,1.0,1
overall,OVERALL,1132,1133,Overall1132_vs_Overall1133,0.0,1
overall,OVERALL,1133,1134,Overall1133_vs_Overall1134,0.0,1
overall,OVERALL,1134,1135,Overall1134_vs_Overall1135,1.0,1
overall,OVERALL,1135,1136,Overall1135_vs_Overall1136,0.0,1
overall,OVERALL,1136,1137,Overall1136_vs_Overall1137,0.0,1
overall,OVERALL,1137,1138,Overall1137_vs_Overall1138,2.0,1
overall,OVERALL,1138,1139,Overall1138_vs_Overall1139,0.0,1
overall,OVERALL,1139,1140,Overall1139_vs_Overall1140,0.0,1
overall,OVERALL,1140,1141,Overall1140_vs_Overall1141,2.0,1
overall,OVERALL,1141,1142,Overall1141_vs_Overall1142,0.0,1
overall,OVERALL,1142,1143,Overall1142_vs_Overall1143,0.0,1
overall,OVERALL,1143,1144,Overall1143_vs_Overall1144,1.0,1
overall,OVERALL,1144,1145,Overall1144_vs_Overall1145,0.0,1
overall,OVERALL,1145,1146,Overall1145_vs_Overall1146,0.0,1
overall,OVERALL,1146,1147,Overall1146_vs_Overall1147,1.0,1
overall,OVERALL,1147,1148,Overall1147_vs_Overall1148,0.0,1
overall,OVERALL,1148,1149,Overall1148_vs_Overall1149,0.0,1
overall,OVERALL,1149,1150,Overall1149_vs_Overall1150,1.0,1
overall,OVERALL,1150,1151,Overall1150_vs_Overall1151,0.0,1
overall,OVERALL,1151,1152,Overall1151_vs_Overall1152,0.0,1
overall,OVERALL,1152,1153,Overall1152_vs_Overall1153,6.0,1
overall,OVERALL,1153,1154,Overall1153_vs_Overall1154,0.0,1
overall,OVERALL,1154,1155,Overall1154_vs_Overall1155,0.0,1
overall,OVERALL,1155,1156,Overall1155_vs_Overall1156,1.0,1
overall,OVERALL,1156,1157,Overall1156_vs_Overall1157,0.0,1
overall,OVERALL,1157,1158,Overall1157_vs_Overall1158,0.0,1
overall,OVERALL,1158,1159,Overall1158_vs_Overall1159,9.0,1
overall,OVERALL,1159,1160,Overall1159_vs_Overall1160,0.0,1
overall,OVERALL,1160,1161,Overall1160_vs_Overall1161,0.0,1
overall,OVERALL,1161,1162,Overall1161_vs_Overall1162,1.0,1
overall,OVERALL,1162,1163,Overall1162_vs_Overall1163,0.0,1
overall,OVERALL,1163,1164,Overall1163_vs_Overall1164,0.0,1
overall,OVERALL,1164,1165,Overall1164_vs_Overall1165,0.0,1
overall,OVERALL,1165,1166,Overall1165_vs_Overall1166,0.0,1
overall,OVERALL,1166,1167,Overall1166_vs_Overall1167,0.0,1
overall,OVERALL,1167,1168,Overall1167_vs_Overall1168,9.0,1
overall,OVERALL,1168,1169,Overall1168_vs_Overall1169,0.0,1
overall,OVERALL,1169,1170,Overall1169_vs_Overall1170,0.0,1
overall,OVERALL,1170,1171,Overall1170_vs_Overall1171,5.0,1
overall,OVERALL,1171,1172,Overall1171_vs_Overall1172,0.0,1
overall,OVERALL,1172,1173,Overall1172_vs_Overall1173,0.0,1
overall,OVERALL,1173,1174,Overall1173_vs_Overall1174,5.0,1
overall,OVERALL,1174,1175,Overall1174_vs_Overall1175,0.0,1
overall,OVERALL,1175,1176,Overall1175_vs_Overall1176,0.0,1
overall,OVERALL,1176,1177,Overall1176_vs_Overall1177,1.0,1
overall,OVERALL,1177,1178,Overall1177_vs_Overall1178,0.0,1
overall,OVERALL,1178,1179,Overall1178_vs_Overall1179,0.0,1
overall,OVERALL,1179,1180,Overall1179_vs_Overall1180,5.0,1
overall,OVERALL,1180,1181,Overall1180_vs_Overall1181,0.0,1
overall,OVERALL,1181,1182,Overall1181_vs_Overall1182,0.0,1
overall,OVERALL,1182,1183,Overall1182_vs_Overall1183,12.0,1
overall,OVERALL,1183,1184,Overall1183_vs_Overall1184,0.0,1
overall,OVERALL,1184,1185,Overall1184_vs_Overall1185,0.0,1
overall,OVERALL,1185,1186,Overall1185_vs_Overall1186,1.0,1
overall,OVERALL,1186,1187,Overall1186_vs_Overall1187,0.0,1
overall,OVERALL,1187,1188,Overall1187_vs_Overall1188,0.0,1
overall,OVERALL,1188,1189,Overall1188_vs_Overall1189,1.0,1
overall,OVERALL,1189,1190,Overall1189_vs_Overall1190,0.0,1
overall,OVERALL,1190,1191,Overall1190_vs_Overall1191,0.0,1
overall,OVERALL,1191,1192,Overall1191_vs_Overall1192,3.0,1
overall,OVERALL,1192,1193,Overall1192_vs_Overall1193,0.0,1
overall,OVERALL,1193,1194,Overall1193_vs_Overall1194,0.0,1
overall,OVERALL,1194,1195,Overall1194_vs_Overall1195,1.0,1
overall,OVERALL,1195,1196,Overall1195_vs_Overall1196,0.0,1
overall,OVERALL,1196,1197,Overall1196_vs_Overall1197,0.0,1
overall,OVERALL,1197,1198,Overall1197_vs_Overall1198,2.0,1
overall,OVERALL,1198,1199,Overall1198_vs_Overall1199,0.0,1
overall,OVERALL,1199,1200,Overall1199_vs_Overall1200,0.0,1
overall,OVERALL,1200,1201,Overall1200_vs_Overall1201,2.0,1
overall,OVERALL,1201,1202,Overall1201_vs_Overall1202,0.0,1
overall,OVERALL,1202,1203,Overall1202_vs_Overall1203,0.0,1
overall,OVERALL,1203,1204,Overall1203_vs_Overall1204,1.0,1
overall,OVERALL,1204,1205,Overall1204_vs_Overall1205,0.0,1
overall,OVERALL,1205,1206,Overall1205_vs_Overall1206,0.0,1
overall,OVERALL,1206,1207,Overall1206_vs_Overall1207,3.0,1
overall,OVERALL,1207,1208,Overall1207_vs_Overall1208,0.0,1
overall,OVERALL,1208,1209,Overall1208_vs_Overall1209,0.0,1
overall,OVERALL,1209,1210,Overall1209_vs_Overall1210,1.0,1
overall,OVERALL,1210,1211,Overall1210_vs_Overall1211,0.0,1
overall,OVERALL,1211,1212,Overall1211_vs_Overall1212,0.0,1
overall,OVERALL,1212,1213,Overall1212_vs_Overall1213,1.0,1
overall,OVERALL,1213,1214,Overall1213_vs_Overall1214,0.0,1
overall,OVERALL,1214,1215,Overall1214_vs_Overall1215,0.0,1
overall,OVERALL,1215,1216,Overall1215_vs_Overall1216,5.0,1
overall,OVERALL,1216,1217,Overall1216_vs_Overall1217,0.0,1
overall,OVERALL,1217,1218,Overall1217_vs_Overall1218,0.0,1
overall,OVERALL,1218,1219,Overall1218_vs_Overall1219,3.0,1
overall,OVERALL,1219,1220,Overall1219_vs_Overall1220,0.0,1
overall,OVERALL,1220,1221,Overall1220_vs_Overall1221,0.0,1
overall,OVERALL,1221,1222,Overall1221_vs_Overall1222,3.0,1
overall,OVERALL,1222,1223,Overall1222_vs_Overall1223,0.0,1
overall,OVERALL,1223,1224,Overall1223_vs_Overall1224,0.0,1
overall,OVERALL,1224,1225,Overall1224_vs_Overall1225,7.0,1
overall,OVERALL,1225,1226,Overall1225_vs_Overall1226,0.0,1
overall,OVERALL,1226,1227,Overall1226_vs_Overall1227,0.0,1
overall,OVERALL,1227,1228,Overall1227_vs_Overall1228,1.0,1
overall,OVERALL,1228,1229,Overall1228_vs_Overall1229,0.0,1
overall,OVERALL,1229,1230,Overall1229_vs_Overall1230,0.0,1
overall,OVERALL,1230,1231,Overall1230_vs_Overall1231,10.0,1
overall,OVERALL,1231,1232,Overall1231_vs_Overall1232,0.0,1
overall,OVERALL,1232,1233,Overall1232_vs_Overall1233,0.0,1
overall,OVERALL,1233,1234,Overall1233_vs_Overall1234,1.0,1
overall,OVERALL,1234,1235,Overall1234_vs_Overall1235,0.0,1
overall,OVERALL,1235,1236,Overall1235_vs_Overall1236,0.0,1
overall,OVERALL,1236,1237,Overall1236_vs_Overall1237,11.0,1
overall,OVERALL,1237,1238,Overall1237_vs_Overall1238,0.0,1
overall,OVERALL,1238,1239,Overall1238_vs_Overall1239,0.0,1
overall,OVERALL,1239,1240,Overall1239_vs_Overall1240,2.0,1
overall,OVERALL,1240,1241,Overall1240_vs_Overall1241,0.0,1
overall,OVERALL,1241,1242,Overall1241_vs_Overall1242,0.0,1
overall,OVERALL,1242,1243,Overall1242_vs_Overall1243,2.0,1
overall,OVERALL,1243,1244,Overall1243_vs_Overall1244,0.0,1
overall,OVERALL,1244,1245,Overall1244_vs_Overall1245,0.0,1
overall,OVERALL,1245,1246,Overall1245_vs_Overall1246,3.0,1
overall,OVERALL,1246,1247,Overall1246_vs_Overall1247,0.0,1
overall,OVERALL,1247,1248,Overall1247_vs_Overall1248,0.0,1
overall,OVERALL,1248,1249,Overall1248_vs_Overall1249,8.0,1
overall,OVERALL,1249,1250,Overall1249_vs_Overall1250,0.0,1
overall,OVERALL,1250,1251,Overall1250_vs_Overall1251,0.0,1
overall,OVERALL,1251,1252,Overall1251_vs_Overall1252,1.0,1
overall,OVERALL,1252,1253,Overall1252_vs_Overall1253,0.0,1
overall,OVERALL,1253,1254,Overall1253_vs_Overall1254,0.0,1
overall,OVERALL,1254,1255,Overall1254_vs_Overall1255,4.0,1
overall,OVERALL,1255,1256,Overall1255_vs_Overall1256,0.0,1
overall,OVERALL,1256,1257,Overall1256_vs_Overall1257,0.0,1
overall,OVERALL,1257,1258,Overall1257_vs_Overall1258,2.0,1
overall,OVERALL,1258,1259,Overall1258_vs_Overall1259,0.0,1
overall,OVERALL,1259,1260,Overall1259_vs_Overall1260,0.0,1
overall,OVERALL,1260,1261,Overall1260_vs_Overall1261,1.0,1
overall,OVERALL,1261,1262,Overall1261_vs_Overall1262,0.0,1
overall,OVERALL,1262,1263,Overall1262_vs_Overall1263,0.0,1
overall,OVERALL,1263,1264,Overall1263_vs_Overall1264,10.0,1
overall,OVERALL,1264,1265,Overall1264_vs_Overall1265,0.0,1
overall,OVERALL,1265,1266,Overall1265_vs_Overall1266,0.0,1
overall,OVERALL,1266,1267,Overall1266_vs_Overall1267,8.0,1
overall,OVERALL,1267,1268,Overall1267_vs_Overall1268,0.0,1
overall,OVERALL,1268,1269,Overall1268_vs_Overall1269,0.0,1
overall,OVERALL,1269,1270,Overall1269_vs_Overall1270,13.0,1
overall,OVERALL,1270,1271,Overall1270_vs_Overall1271,0.0,1
overall,OVERALL,1271,1272,Overall1271_vs_Overall1272,0.0,1
overall,OVERALL,1272,1273,Overall1272_vs_Overall1273,3.0,1
overall,OVERALL,1273,1274,Overall1273_vs_Overall1274,0.0,1
overall,OVERALL,1274,1275,Overall1274_vs_Overall1275,0.0,1
overall,OVERALL,1275,1276,Overall1275_vs_Overall1276,2.0,1
overall,OVERALL,1276,1277,Overall1276_vs_Overall1277,0.0,1
overall,OVERALL,1277,1278,Overall1277_vs_Overall1278,0.0,1
overall,OVERALL,1278,1279,Overall1278_vs_Overall1279,1.0,1
overall,OVERALL,1279,1280,Overall1279_vs_Overall1280,0.0,1
overall,OVERALL,1280,1281,Overall1280_vs_Overall1281,0.0,1
overall,OVERALL,1281,1282,Overall1281_vs_Overall1282,5.0,1
overall,OVERALL,1282,1283,Overall1282_vs_Overall1283,0.0,1
overall,OVERALL,1283,1284,Overall1283_vs_Overall1284,0.0,1
overall,OVERALL,1284,1285,Overall1284_vs_Overall1285,4.0,1
overall,OVERALL,1285,1286,Overall1285_vs_Overall1286,0.0,1
overall,OVERALL,1286,1287,Overall1286_vs_Overall1287,0.0,1
overall,OVERALL,1287,1288,Overall1287_vs_Overall1288,12.0,1
overall,OVERALL,1288,1289,Overall1288_vs_Overall1289,0.0,1
overall,OVERALL,1289,1290,Overall1289_vs_Overall1290,0.0,1
overall,OVERALL,1290,1291,Overall1290_vs_Overall1291,5.0,1
overall,OVERALL,1291,1292,Overall1291_vs_Overall1292,0.0,1
overall,OVERALL,1292,1293,Overall1292_vs_Overall1293,0.0,1
overall,OVERALL,1293,1294,Overall1293_vs_Overall1294,1.0,1
overall,OVERALL,1294,1295,Overall1294_vs_Overall1295,0.0,1
overall,OVERALL,1295,1296,Overall1295_vs_Overall1296,0.0,1
overall,OVERALL,1296,1297,Overall1296_vs_Overall1297,3.0,1
overall,OVERALL,1297,1298,Overall1297_vs_Overall1298,0.0,1
overall,OVERALL,1298,1299,Overall1298_vs_Overall1299,0.0,1
overall,OVERALL,1299,1300,Overall1299_vs_Overall1300,1.0,1
overall,OVERALL,1300,1301,Overall1300_vs_Overall1301,0.0,1
overall,OVERALL,1301,1302,Overall1301_vs_Overall1302,0.0,1
overall,OVERALL,1302,1303,Overall1302_vs_Overall1303,0.0,1
overall,OVERALL,1303,1304,Overall1303_vs_Overall1304,0.0,1
overall,OVERALL,1304,1305,Overall1304_vs_Overall1305,0.0,1
overall,OVERALL,1305,1306,Overall1305_vs_Overall1306,32.0,1
overall,OVERALL,1306,1307,Overall1306_vs_Overall1307,0.0,1
overall,OVERALL,1307,1308,Overall1307_vs_Overall1308,0.0,1
overall,OVERALL,1308,1309,Overall1308_vs_Overall1309,5.0,1
overall,OVERALL,1309,1310,Overall1309_vs_Overall1310,0.0,1
overall,OVERALL,1310,1311,Overall1310_vs_Overall1311,0.0,1
overall,OVERALL,1311,1312,Overall1311_vs_Overall1312,3.0,1
overall,OVERALL,1312,1313,Overall1312_vs_Overall1313,0.0,1
overall,OVERALL,1313,1314,Overall1313_vs_Overall1314,0.0,1
overall,OVERALL,1314,1315,Overall1314_vs_Overall1315,18.0,1
overall,OVERALL,1315,1316,Overall1315_vs_Overall1316,0.0,1
overall,OVERALL,1316,1317,Overall1316_vs_Overall1317,0.0,1
overall,OVERALL,1317,1318,Overall1317_vs_Overall1318,12.0,1
overall,OVERALL,1318,1319,Overall1318_vs_Overall1319,0.0,1
overall,OVERALL,1319,1320,Overall1319_vs_Overall1320,0.0,1
overall,OVERALL,1320,1321,Overall1320_vs_Overall1321,0.0,1
overall,OVERALL,1321,1322,Overall1321_vs_Overall1322,0.0,1
overall,OVERALL,1322,1323,Overall1322_vs_Overall1323,0.0,1
overall,OVERALL,1323,1324,Overall1323_vs_Overall1324,8.0,1
overall,OVERALL,1324,1325,Overall1324_vs_Overall1325,0.0,1
overall,OVERALL,1325,1326,Overall1325_vs_Overall1326,0.0,1
overall,OVERALL,1326,1327,Overall1326_vs_Overall1327,2.0,1
overall,OVERALL,1327,1328,Overall1327_vs_Overall1328,0.0,1
overall,OVERALL,1328,1329,Overall1328_vs_Overall1329,0.0,1
overall,OVERALL,1329,1330,Overall1329_vs_Overall1330,11.0,1
overall,OVERALL,1330,1331,Overall1330_vs_Overall1331,0.0,1
overall,OVERALL,1331,1332,Overall1331_vs_Overall1332,0.0,1
overall,OVERALL,1332,1333,Overall1332_vs_Overall1333,7.0,1
overall,OVERALL,1333,1334,Overall1333_vs_Overall1334,0.0,1
overall,OVERALL,1334,1335,Overall1334_vs_Overall1335,0.0,1
overall,OVERALL,1335,1336,Overall1335_vs_Overall1336,4.0,1
overall,OVERALL,1336,1337,Overall1336_vs_Overall1337,0.0,1
overall,OVERALL,1337,1338,Overall1337_vs_Overall1338,0.0,1
overall,OVERALL,1338,1339,Overall1338_vs_Overall1339,8.0,1
overall,OVERALL,1339,1340,Overall1339_vs_Overall1340,0.0,1
overall,OVERALL,1340,1341,Overall1340_vs_Overall1341,0.0,1
overall,OVERALL,1341,1342,Overall1341_vs_Overall1342,5.0,1
overall,OVERALL,1342,1343,Overall1342_vs_Overall1343,0.0,1
overall,OVERALL,1343,1344,Overall1343_vs_Overall1344,0.0,1
overall,OVERALL,1344,1345,Overall1344_vs_Overall1345,11.0,1
overall,OVERALL,1345,1346,Overall1345_vs_Overall1346,0.0,1
overall,OVERALL,1346,1347,Overall1346_vs_Overall1347,0.0,1
overall,OVERALL,1347,1348,Overall1347_vs_Overall1348,74.0,1
overall,OVERALL,1348,1349,Overall1348_vs_Overall1349,0.0,1
overall,OVERALL,1349,1350,Overall1349_vs_Overall1350,0.0,1
positional,QB,1,2,QB1_vs_QB2,145.74,2211
positional,QB,2,3,QB2_vs_QB3,649.88,2211
positional,QB,3,4,QB3_vs_QB4,729.84,2211
positional,QB,4,5,QB4_vs_QB5,415.47,2211
positional,QB,5,6,QB5_vs_QB6,442.48,2211
positional,QB,6,7,QB6_vs_QB7,432.52,2211
positional,QB,7,8,QB7_vs_QB8,332.74,2211
positional,QB,8,9,QB8_vs_QB9,331.56,2211
positional,QB,9,10,QB9_vs_QB10,292.98,2211
positional,QB,10,11,QB10_vs_QB11,249.76,2211
positional,QB,11,12,QB11_vs_QB12,268.4,2211
positional,QB,12,13,QB12_vs_QB13,258.0,2211
positional,QB,13,14,QB13_vs_QB14,225.5,2211
positional,QB,14,15,QB14_vs_QB15,165.4,2211
positional,QB,15,16,QB15_vs_QB16,176.86,2211
positional,QB,16,17,QB16_vs_QB17,154.37,2211
positional,QB,17,18,QB17_vs_QB18,139.65,2211
positional,QB,18,19,QB18_vs_QB19,189.2,2211
positional,QB,19,20,QB19_vs_QB20,240.97,2211
positional,QB,20,21,QB20_vs_QB21,237.86,2211
positional,QB,21,22,QB21_vs_QB22,210.75,2211
positional,QB,22,23,QB22_vs_QB23,198.55,2211
positional,QB,23,24,QB23_vs_QB24,194.51,2211
positional,QB,24,25,QB24_vs_QB25,272.06,2211
positional,QB,25,26,QB25_vs_QB26,223.71,2211
positional,QB,26,27,QB26_vs_QB27,151.62,2211
positional,QB,27,28,QB27_vs_QB28,262.47,2211
positional,QB,28,29,QB28_vs_QB29,185.9,2211
positional,QB,29,30,QB29_vs_QB30,180.7,2211
positional,QB,30,31,QB30_vs_QB31,162.02,2211
positional,QB,31,32,QB31_vs_QB32,157.79,2211
positional,QB,32,33,QB32_vs_QB33,135.87,2211
positional,QB,33,34,QB33_vs_QB34,124.3,2211
positional,QB,34,35,QB34_vs_QB35,83.77,2211
positional,QB,35,36,QB35_vs_QB36,112.36,2211
positional,QB,36,37,QB36_vs_QB37,104.1,2211
positional,QB,37,38,QB37_vs_QB38,83.17,2211
positional,QB,38,39,QB38_vs_QB39,96.6,1990
positional,QB,39,40,QB39_vs_QB40,69.99,1909
positional,QB,40,41,QB40_vs_QB41,68.16,1909
positional,QB,41,42,QB41_vs_QB42,71.44,1909
positional,QB,42,43,QB42_vs_QB43,56.9,1909
positional,QB,43,44,QB43_vs_QB44,59.34,1909
positional,QB,44,45,QB44_vs_QB45,53.81,1909
positional,QB,45,46,QB45_vs_QB46,45.28,1909
positional,QB,46,47,QB46_vs_QB47,74.32,1569
positional,QB,47,48,QB47_vs_QB48,55.23,1569
positional,QB,48,49,QB48_vs_QB49,43.42,1569
positional,QB,49,50,QB49_vs_QB50,48.05,1569
positional,QB,50,51,QB50_vs_QB51,37.43,1569
positional,QB,51,52,QB51_vs_QB52,37.9,1541
positional,QB,52,53,QB52_vs_QB53,82.32,1102
positional,QB,53,54,QB53_vs_QB54,64.02,1045
positional,QB,54,55,QB54_vs_QB55,42.46,1008
positional,QB,55,56,QB55_vs_QB56,29.53,958
positional,QB,56,57,QB56_vs_QB57,34.46,884
positional,QB,57,58,QB57_vs_QB58,43.65,850
positional,QB,58,59,QB58_vs_QB59,78.31,807
positional,QB,59,60,QB59_vs_QB60,31.78,787
positional,QB,60,61,QB60_vs_QB61,25.33,782
positional,QB,61,62,QB61_vs_QB62,25.69,779
positional,QB,62,63,QB62_vs_QB63,31.36,761
positional,QB,63,64,QB63_vs_QB64,33.62,749
positional,QB,64,65,QB64_vs_QB65,27.55,660
positional,QB,65,66,QB65_vs_QB66,53.99,536
positional,QB,66,67,QB66_vs_QB67,39.17,331
positional,QB,67,68,QB67_vs_QB68,43.12,305
positional,QB,68,69,QB68_vs_QB69,26.89,285
positional,QB,69,70,QB69_vs_QB70,28.09,246
positional,QB,70,71,QB70_vs_QB71,39.39,181
positional,QB,71,72,QB71_vs_QB72,27.92,98
positional,QB,72,73,QB72_vs_QB73,43.96,75
positional,QB,73,74,QB73_vs_QB74,167.25,75
positional,QB,74,75,QB74_vs_QB75,44.63,54
positional,QB,75,76,QB75_vs_QB76,277.0,1
positional,QB,76,77,QB76_vs_QB77,0.0,1
positional,QB,77,78,QB77_vs_QB78,0.0,1
positional,QB,78,79,QB78_vs_QB79,195.0,1
positional,QB,79,80,QB79_vs_QB80,0.0,1
positional,QB,80,81,QB80_vs_QB81,0.0,1
positional,QB,81,82,QB81_vs_QB82,15.0,1
positional,QB,82,83,QB82_vs_QB83,0.0,1
positional,QB,83,84,QB83_vs_QB84,0.0,1
positional,QB,84,85,QB84_vs_QB85,311.0,1
positional,QB,85,86,QB85_vs_QB86,0.0,1
positional,QB,86,87,QB86_vs_QB87,0.0,1
positional,QB,87,88,QB87_vs_QB88,128.0,1
positional,QB,88,89,QB88_vs_QB89,0.0,1
positional,QB,89,90,QB89_vs_QB90,0.0,1
positional,QB,90,91,QB90_vs_QB91,5.0,1
positional,QB,91,92,QB91_vs_QB92,0.0,1
positional,QB,92,93,QB92_vs_QB93,0.0,1
positional,QB,93,94,QB93_vs_QB94,170.0,1
positional,QB,94,95,QB94_vs_QB95,0.0,1
positional,QB,95,96,QB95_vs_QB96,0.0,1
positional,QB,96,97,QB96_vs_QB97,76.0,1
positional,QB,97,98,QB97_vs_QB98,0.0,1
positional,QB,98,99,QB98_vs_QB99,0.0,1
positional,QB,99,100,QB99_vs_QB100,133.0,1
positional,QB,100,101,QB100_vs_QB101,0.0,1
positional,QB,101,102,QB101_vs_QB102,0.0,1
positional,QB,102,103,QB102_vs_QB103,39.0,1
positional,QB,103,104,QB103_vs_QB104,0.0,1
positional,QB,104,105,QB104_vs_QB105,0.0,1
positional,QB,105,106,QB105_vs_QB106,383.0,1
positional,QB,106,107,QB106_vs_QB107,0.0,1
positional,QB,107,108,QB107_vs_QB108,0.0,1
positional,QB,108,109,QB108_vs_QB109,72.0,1
positional,QB,109,110,QB109_vs_QB110,0.0,1
positional,QB,110,111,QB110_vs_QB111,0.0,1
positional,QB,111,112,QB111_vs_QB112,146.0,1
positional,QB,112,113,QB112_vs_QB113,0.0,1
positional,QB,113,114,QB113_vs_QB114,0.0,1
positional,QB,114,115,QB114_vs_QB115,120.0,1
positional,QB,115,116,QB115_vs_QB116,0.0,1
positional,QB,116,117,QB116_vs_QB117,0.0,1
positional,QB,117,118,QB117_vs_QB118,45.0,1
positional,QB,118,119,QB118_vs_QB119,0.0,1
positional,QB,119,120,QB119_vs_QB120,0.0,1
positional,QB,120,121,QB120_vs_QB121,122.0,1
positional,QB,121,122,QB121_vs_QB122,0.0,1
positional,QB,122,123,QB122_vs_QB123,0.0,1
positional,QB,123,124,QB123_vs_QB124,33.0,1
positional,QB,124,125,QB124_vs_QB125,0.0,1
positional,QB,125,126,QB125_vs_QB126,0.0,1
positional,QB,126,127,QB126_vs_QB127,37.0,1
positional,QB,127,128,QB127_vs_QB128,0.0,1
positional,QB,128,129,QB128_vs_QB129,0.0,1
positional,QB,129,130,QB129_vs_QB130,12.0,1
positional,QB,130,131,QB130_vs_QB131,0.0,1
positional,QB,131,132,QB131_vs_QB132,0.0,1
positional,QB,132,133,QB132_vs_QB133,104.0,1
positional,QB,133,134,QB133_vs_QB134,0.0,1
positional,QB,134,135,QB134_vs_QB135,0.0,1
positional,QB,135,136,QB135_vs_QB136,24.0,1
positional,QB,136,137,QB136_vs_QB137,0.0,1
positional,QB,137,138,QB137_vs_QB138,0.0,1
positional,QB,138,139,QB138_vs_QB139,60.0,1
positional,QB,139,140,QB139_vs_QB140,0.0,1
positional,QB,140,141,QB140_vs_QB141,0.0,1
positional,QB,141,142,QB141_vs_QB142,32.0,1
positional,QB,142,143,QB142_vs_QB143,0.0,1
positional,QB,143,144,QB143_vs_QB144,0.0,1
positional,QB,144,145,QB144_vs_QB145,195.0,1
positional,QB,145,146,QB145_vs_QB146,0.0,1
positional,QB,146,147,QB146_vs_QB147,0.0,1
positional,QB,147,148,QB147_vs_QB148,156.0,1
positional,QB,148,149,QB148_vs_QB149,0.0,1
positional,QB,149,150,QB149_vs_QB150,0.0,1
positional,QB,150,151,QB150_vs_QB151,68.0,1
positional,QB,151,152,QB151_vs_QB152,0.0,1
positional,QB,152,153,QB152_vs_QB153,0.0,1
positional,QB,153,154,QB153_vs_QB154,4.0,1
positional,QB,154,155,QB154_vs_QB155,0.0,1
positional,QB,155,156,QB155_vs_QB156,0.0,1
positional,QB,156,157,QB156_vs_QB157,19.0,1
positional,QB,157,158,QB157_vs_QB158,0.0,1
positional,QB,158,159,QB158_vs_QB159,0.0,1
positional,QB,159,160,QB159_vs_QB160,8.0,1
positional,QB,160,161,QB160_vs_QB161,0.0,1
positional,QB,161,162,QB161_vs_QB162,0.0,1
positional,QB,162,163,QB162_vs_QB163,24.0,1
positional,QB,163,164,QB163_vs_QB164,0.0,1
positional,QB,164,165,QB164_vs_QB165,0.0,1
positional,QB,165,166,QB165_vs_QB166,7.0,1
positional,QB,166,167,QB166_vs_QB167,0.0,1
positional,QB,167,168,QB167_vs_QB168,0.0,1
positional,QB,168,169,QB168_vs_QB169,76.0,1
positional,QB,169,170,QB169_vs_QB170,0.0,1
positional,QB,170,171,QB170_vs_QB171,0.0,1
positional,QB,171,172,QB171_vs_QB172,17.0,1
positional,QB,172,173,QB172_vs_QB173,0.0,1
positional,QB,173,174,QB173_vs_QB174,0.0,1
positional,QB,174,175,QB174_vs_QB175,6.0,1
positional,QB,175,176,QB175_vs_QB176,0.0,1
positional,QB,176,177,QB176_vs_QB177,0.0,1
positional,QB,177,178,QB177_vs_QB178,17.0,1
positional,QB,178,179,QB178_vs_QB179,0.0,1
positional,QB,179,180,QB179_vs_QB180,0.0,1
positional,QB,180,181,QB180_vs_QB181,2.0,1
positional,QB,181,182,QB181_vs_QB182,0.0,1
positional,QB,182,183,QB182_vs_QB183,0.0,1
positional,QB,183,184,QB183_vs_QB184,55.0,1
positional,QB,184,185,QB184_vs_QB185,0.0,1
positional,QB,185,186,QB185_vs_QB186,0.0,1
positional,QB,186,187,QB186_vs_QB187,10.0,1
positional,QB,187,188,QB187_vs_QB188,0.0,1
positional,QB,188,189,QB188_vs_QB189,0.0,1
positional,QB,189,190,QB189_vs_QB190,4.0,1
positional,QB,190,191,QB190_vs_QB191,0.0,1
positional,QB,191,192,QB191_vs_QB192,0.0,1
positional,QB,192,193,QB192_vs_QB193,42.0,1
positional,QB,193,194,QB193_vs_QB194,0.0,1
positional,QB,194,195,QB194_vs_QB195,0.0,1
positional,QB,195,196,QB195_vs_QB196,2.0,1
positional,QB,196,197,QB196_vs_QB197,0.0,1
positional,QB,197,198,QB197_vs_QB198,0.0,1
positional,QB,198,199,QB198_vs_QB199,13.0,1
positional,QB,199,200,QB199_vs_QB200,0.0,1
positional,QB,200,201,QB200_vs_QB201,0.0,1
positional,QB,201,202,QB201_vs_QB202,42.0,1
positional,QB,202,203,QB202_vs_QB203,0.0,1
positional,QB,203,204,QB203_vs_QB204,0.0,1
positional,QB,204,205,QB204_vs_QB205,12.0,1
positional,QB,205,206,QB205_vs_QB206,0.0,1
positional,QB,206,207,QB206_vs_QB207,0.0,1
positional,QB,207,208,QB207_vs_QB208,59.0,1
positional,QB,208,209,QB208_vs_QB209,0.0,1
positional,QB,209,210,QB209_vs_QB210,0.0,1
positional,QB,210,211,QB210_vs_QB211,54.0,1
positional,QB,211,212,QB211_vs_QB212,0.0,1
positional,QB,212,213,QB212_vs_QB213,0.0,1
positional,RB,1,2,RB1_vs_RB2,801.58,2266
positional,RB,2,3,RB2_vs_RB3,751.51,2266
positional,RB,3,4,RB3_vs_RB4,329.63,2266
positional,RB,4,5,RB4_vs_RB5,374.14,2266
positional,RB,5,6,RB5_vs_RB6,251.54,2266
positional,RB,6,7,RB6_vs_RB7,183.29,2266
positional,RB,7,8,RB7_vs_RB8,174.46,2266
positional,RB,8,9,RB8_vs_RB9,148.31,2266
positional,RB,9,10,RB9_vs_RB10,127.74,2266
positional,RB,10,11,RB10_vs_RB11,94.65,2266
positional,RB,11,12,RB11_vs_RB12,127.84,2266
positional,RB,12,13,RB12_vs_RB13,139.59,2266
positional,RB,13,14,RB13_vs_RB14,133.24,2266
positional,RB,14,15,RB14_vs_RB15,161.31,2266
positional,RB,15,16,RB15_vs_RB16,187.87,2266
positional,RB,16,17,RB16_vs_RB17,156.2,2266
positional,RB,17,18,RB17_vs_RB18,162.41,2266
positional,RB,18,19,RB18_vs_RB19,114.99,2266
positional,RB,19,20,RB19_vs_RB20,132.67,2266
positional,RB,20,21,RB20_vs_RB21,115.48,2266
positional,RB,21,22,RB21_vs_RB22,154.43,2266
positional,RB,22,23,RB22_vs_RB23,161.6,2266
positional,RB,23,24,RB23_vs_RB24,114.26,2266
positional,RB,24,25,RB24_vs_RB25,129.7,2266
positional,RB,25,26,RB25_vs_RB26,93.64,2266
positional,RB,26,27,RB26_vs_RB27,110.73,2266
positional,RB,27,28,RB27_vs_RB28,88.12,2266
positional,RB,28,29,RB28_vs_RB29,88.84,2266
positional,RB,29,30,RB29_vs_RB30,86.48,2266
positional,RB,30,31,RB30_vs_RB31,85.8,2266
positional,RB,31,32,RB31_vs_RB32,98.36,2266
positional,RB,32,33,RB32_vs_RB33,79.79,2266
positional,RB,33,34,RB33_vs_RB34,76.6,2266
positional,RB,34,35,RB34_vs_RB35,76.7,2266
positional,RB,35,36,RB35_vs_RB36,72.91,2266
positional,RB,36,37,RB36_vs_RB37,71.6,2266
positional,RB,37,38,RB37_vs_RB38,71.09,2266
positional,RB,38,39,RB38_vs_RB39,70.89,2260
positional,RB,39,40,RB39_vs_RB40,78.72,2260
positional,RB,40,41,RB40_vs_RB41,91.66,2260
positional,RB,41,42,RB41_vs_RB42,74.29,2260
positional,RB,42,43,RB42_vs_RB43,78.77,2260
positional,RB,43,44,RB43_vs_RB44,76.8,2260
positional,RB,44,45,RB44_vs_RB45,61.25,2260
positional,RB,45,46,RB45_vs_RB46,60.3,2260
positional,RB,46,47,RB46_vs_RB47,54.54,2260
positional,RB,47,48,RB47_vs_RB48,68.94,2260
positional,RB,48,49,RB48_vs_RB49,63.65,2260
positional,RB,49,50,RB49_vs_RB50,58.01,2260
positional,RB,50,51,RB50_vs_RB51,47.08,2260
positional,RB,51,52,RB51_vs_RB52,49.2,1915
positional,RB,52,53,RB52_vs_RB53,52.33,1915
positional,RB,53,54,RB53_vs_RB54,60.41,1915
positional,RB,54,55,RB54_vs_RB55,57.8,1915
positional,RB,55,56,RB55_vs_RB56,45.74,1915
positional,RB,56,57,RB56_vs_RB57,45.31,1915
positional,RB,57,58,RB57_vs_RB58,47.63,1909
positional,RB,58,59,RB58_vs_RB59,64.95,1909
positional,RB,59,60,RB59_vs_RB60,45.59,1909
positional,RB,60,61,RB60_vs_RB61,35.98,1909
positional,RB,61,62,RB61_vs_RB62,37.27,1909
positional,RB,62,63,RB62_vs_RB63,36.81,1909
positional,RB,63,64,RB63_vs_RB64,32.96,1868
positional,RB,64,65,RB64_vs_RB65,26.23,1868
positional,RB,65,66,RB65_vs_RB66,26.14,1569
positional,RB,66,67,RB66_vs_RB67,31.4,1569
positional,RB,67,68,RB67_vs_RB68,30.12,1569
positional,RB,68,69,RB68_vs_RB69,32.45,1569
positional,RB,69,70,RB69_vs_RB70,34.85,1569
positional,RB,70,71,RB70_vs_RB71,30.43,1569
positional,RB,71,72,RB71_vs_RB72,31.31,1569
positional,RB,72,73,RB72_vs_RB73,36.54,1569
positional,RB,73,74,RB73_vs_RB74,34.57,1569
positional,RB,74,75,RB74_vs_RB75,35.59,1564
positional,RB,75,76,RB75_vs_RB76,29.75,1558
positional,RB,76,77,RB76_vs_RB77,30.04,1552
positional,RB,77,78,RB77_vs_RB78,38.77,1538
positional,RB,78,79,RB78_vs_RB79,33.46,1537
positional,RB,79,80,RB79_vs_RB80,34.47,1520
positional,RB,80,81,RB80_vs_RB81,36.68,1520
positional,RB,81,82,RB81_vs_RB82,37.02,1494
positional,RB,82,83,RB82_vs_RB83,37.25,1448
positional,RB,83,84,RB83_vs_RB84,32.61,1448
positional,RB,84,85,RB84_vs_RB85,35.02,1448
positional,RB,85,86,RB85_vs_RB86,36.9,1426
positional,RB,86,87,RB86_vs_RB87,28.91,1412
positional,RB,87,88,RB87_vs_RB88,24.96,1366
positional,RB,88,89,RB88_vs_RB89,23.53,1251
positional,RB,89,90,RB89_vs_RB90,26.87,1184
positional,RB,90,91,RB90_vs_RB91,20.38,1136
positional,RB,91,92,RB91_vs_RB92,25.51,816
positional,RB,92,93,RB92_vs_RB93,30.03,789
positional,RB,93,94,RB93_vs_RB94,24.1,786
positional,RB,94,95,RB94_vs_RB95,21.75,778
positional,RB,95,96,RB95_vs_RB96,19.79,777
positional,RB,96,97,RB96_vs_RB97,16.27,775
positional,RB,97,98,RB97_vs_RB98,16.99,755
positional,RB,98,99,RB98_vs_RB99,19.7,716
positional,RB,99,100,RB99_vs_RB100,18.38,705
positional,RB,100,101,RB100_vs_RB101,24.33,705
positional,RB,101,102,RB101_vs_RB102,26.27,705
positional,RB,102,103,RB102_vs_RB103,28.23,705
positional,RB,103,104,RB103_vs_RB104,29.99,705
positional,RB,104,105,RB104_vs_RB105,33.72,705
positional,RB,105,106,RB105_vs_RB106,41.38,705
positional,RB,106,107,RB106_vs_RB107,19.87,652
positional,RB,107,108,RB107_vs_RB108,26.14,621
positional,RB,108,109,RB108_vs_RB109,38.33,592
positional,RB,109,110,RB109_vs_RB110,27.6,586
positional,RB,110,111,RB110_vs_RB111,25.14,520
positional,RB,111,112,RB111_vs_RB112,33.45,507
positional,RB,112,113,RB112_vs_RB113,24.17,495
positional,RB,113,114,RB113_vs_RB114,20.35,490
positional,RB,114,115,RB114_vs_RB115,60.91,377
positional,RB,115,116,RB115_vs_RB116,22.66,192
positional,RB,116,117,RB116_vs_RB117,34.85,186
positional,RB,117,118,RB117_vs_RB118,30.21,153
positional,RB,118,119,RB118_vs_RB119,29.22,143
positional,RB,119,120,RB119_vs_RB120,25.15,121
positional,RB,120,121,RB120_vs_RB121,20.39,107
positional,RB,121,122,RB121_vs_RB122,29.26,98
positional,RB,122,123,RB122_vs_RB123,42.69,81
positional,RB,123,124,RB123_vs_RB124,21.71,75
positional,RB,124,125,RB124_vs_RB125,20.62,66
positional,RB,125,126,RB125_vs_RB126,88.48,62
positional,RB,126,127,RB126_vs_RB127,102.12,52
positional,RB,127,128,RB127_vs_RB128,0.0,1
positional,RB,128,129,RB128_vs_RB129,0.0,1
positional,RB,129,130,RB129_vs_RB130,19.0,1
positional,RB,130,131,RB130_vs_RB131,0.0,1
positional,RB,131,132,RB131_vs_RB132,0.0,1
positional,RB,132,133,RB132_vs_RB133,109.0,1
positional,RB,133,134,RB133_vs_RB134,0.0,1
positional,RB,134,135,RB134_vs_RB135,0.0,1
positional,RB,135,136,RB135_vs_RB136,2.0,1
positional,RB,136,137,RB136_vs_RB137,0.0,1
positional,RB,137,138,RB137_vs_RB138,0.0,1
positional,RB,138,139,RB138_vs_RB139,11.0,1
positional,RB,139,140,RB139_vs_RB140,0.0,1
positional,RB,140,141,RB140_vs_RB141,0.0,1
positional,RB,141,142,RB141_vs_RB142,62.0,1
positional,RB,142,143,RB142_vs_RB143,0.0,1
positional,RB,143,144,RB143_vs_RB144,0.0,1
positional,RB,144,145,RB144_vs_RB145,70.0,1
positional,RB,145,146,RB145_vs_RB146,0.0,1
positional,RB,146,147,RB146_vs_RB147,0.0,1
positional,RB,147,148,RB147_vs_RB148,23.0,1
positional,RB,148,149,RB148_vs_RB149,0.0,1
positional,RB,149,150,RB149_vs_RB150,0.0,1
positional,RB,150,151,RB150_vs_RB151,93.0,1
positional,RB,151,152,RB151_vs_RB152,0.0,1
positional,RB,152,153,RB152_vs_RB153,0.0,1
positional,RB,153,154,RB153_vs_RB154,11.0,1
positional,RB,154,155,RB154_vs_RB155,0.0,1
positional,RB,155,156,RB155_vs_RB156,0.0,1
positional,RB,156,157,RB156_vs_RB157,28.0,1
positional,RB,157,158,RB157_vs_RB158,0.0,1
positional,RB,158,159,RB158_vs_RB159,0.0,1
positional,RB,159,160,RB159_vs_RB160,9.0,1
positional,RB,160,161,RB160_vs_RB161,0.0,1
positional,RB,161,162,RB161_vs_RB162,0.0,1
positional,RB,162,163,RB162_vs_RB163,4.0,1
positional,RB,163,164,RB163_vs_RB164,0.0,1
positional,RB,164,165,RB164_vs_RB165,0.0,1
positional,RB,165,166,RB165_vs_RB166,67.0,1
positional,RB,166,167,RB166_vs_RB167,0.0,1
positional,RB,167,168,RB167_vs_RB168,0.0,1
positional,RB,168,169,RB168_vs_RB169,6.0,1
positional,RB,169,170,RB169_vs_RB170,0.0,1
positional,RB,170,171,RB170_vs_RB171,0.0,1
positional,RB,171,172,RB171_vs_RB172,111.0,1
positional,RB,172,173,RB172_vs_RB173,0.0,1
positional,RB,173,174,RB173_vs_RB174,0.0,1
positional,RB,174,175,RB174_vs_RB175,51.0,1
positional,RB,175,176,RB175_vs_RB176,0.0,1
positional,RB,176,177,RB176_vs_RB177,0.0,1
positional,RB,177,178,RB177_vs_RB178,20.0,1
positional,RB,178,179,RB178_vs_RB179,0.0,1
positional,RB,179,180,RB179_vs_RB180,0.0,1
positional,RB,180,181,RB180_vs_RB181,44.0,1
positional,RB,181,182,RB181_vs_RB182,0.0,1
positional,RB,182,183,RB182_vs_RB183,0.0,1
positional,RB,183,184,RB183_vs_RB184,13.0,1
positional,RB,184,185,RB184_vs_RB185,0.0,1
positional,RB,185,186,RB185_vs_RB186,0.0,1
positional,RB,186,187,RB186_vs_RB187,79.0,1
positional,RB,187,188,RB187_vs_RB188,0.0,1
positional,RB,188,189,RB188_vs_RB189,0.0,1
positional,RB,189,190,RB189_vs_RB190,45.0,1
positional,RB,190,191,RB190_vs_RB191,0.0,1
positional,RB,191,192,RB191_vs_RB192,0.0,1
positional,RB,192,193,RB192_vs_RB193,43.0,1
positional,RB,193,194,RB193_vs_RB194,0.0,1
positional,RB,194,195,RB194_vs_RB195,0.0,1
positional,RB,195,196,RB195_vs_RB196,13.0,1
positional,RB,196,197,RB196_vs_RB197,0.0,1
positional,RB,197,198,RB197_vs_RB198,0.0,1
positional,RB,198,199,RB198_vs_RB199,27.0,1
positional,RB,199,200,RB199_vs_RB200,0.0,1
positional,RB,200,201,RB200_vs_RB201,0.0,1
positional,RB,201,202,RB201_vs_RB202,3.0,1
positional,RB,202,203,RB202_vs_RB203,0.0,1
positional,RB,203,204,RB203_vs_RB204,0.0,1
positional,RB,204,205,RB204_vs_RB205,13.0,1
positional,RB,205,206,RB205_vs_RB206,0.0,1
positional,RB,206,207,RB206_vs_RB207,0.0,1
positional,RB,207,208,RB207_vs_RB208,4.0,1
positional,RB,208,209,RB208_vs_RB209,0.0,1
positional,RB,209,210,RB209_vs_RB210,0.0,1
positional,RB,210,211,RB210_vs_RB211,3.0,1
positional,RB,211,212,RB211_vs_RB212,0.0,1
positional,RB,212,213,RB212_vs_RB213,0.0,1
positional,RB,213,214,RB213_vs_RB214,66.0,1
positional,RB,214,215,RB214_vs_RB215,0.0,1
positional,RB,215,216,RB215_vs_RB216,0.0,1
positional,RB,216,217,RB216_vs_RB217,32.0,1
positional,RB,217,218,RB217_vs_RB218,0.0,1
positional,RB,218,219,RB218_vs_RB219,0.0,1
positional,RB,219,220,RB219_vs_RB220,20.0,1
positional,RB,220,221,RB220_vs_RB221,0.0,1
positional,RB,221,222,RB221_vs_RB222,0.0,1
positional,RB,222,223,RB222_vs_RB223,13.0,1
positional,RB,223,224,RB223_vs_RB224,0.0,1
positional,RB,224,225,RB224_vs_RB225,0.0,1
positional,RB,225,226,RB225_vs_RB226,3.0,1
positional,RB,226,227,RB226_vs_RB227,0.0,1
positional,RB,227,228,RB227_vs_RB228,0.0,1
positional,RB,228,229,RB228_vs_RB229,1.0,1
positional,RB,229,230,RB229_vs_RB230,0.0,1
positional,RB,230,231,RB230_vs_RB231,0.0,1
positional,RB,231,232,RB231_vs_RB232,89.0,1
positional,RB,232,233,RB232_vs_RB233,0.0,1
positional,RB,233,234,RB233_vs_RB234,0.0,1
positional,RB,234,235,RB234_vs_RB235,28.0,1
positional,RB,235,236,RB235_vs_RB236,0.0,1
positional,RB,236,237,RB236_vs_RB237,0.0,1
positional,RB,237,238,RB237_vs_RB238,107.0,1
positional,RB,238,239,RB238_vs_RB239,0.0,1
positional,RB,239,240,RB239_vs_RB240,0.0,1
positional,RB,240,241,RB240_vs_RB241,15.0,1
positional,RB,241,242,RB241_vs_RB242,0.0,1
positional,RB,242,243,RB242_vs_RB243,0.0,1
positional,RB,243,244,RB243_vs_RB244,8.0,1
positional,RB,244,245,RB244_vs_RB245,0.0,1
positional,RB,245,246,RB245_vs_RB246,0.0,1
positional,RB,246,247,RB246_vs_RB247,19.0,1
positional,RB,247,248,RB247_vs_RB248,0.0,1
positional,RB,248,249,RB248_vs_RB249,0.0,1
positional,RB,249,250,RB249_vs_RB250,18.0,1
positional,RB,250,251,RB250_vs_RB251,0.0,1
positional,RB,251,252,RB251_vs_RB252,0.0,1
positional,RB,252,253,RB252_vs_RB253,10.0,1
positional,RB,253,254,RB253_vs_RB254,0.0,1
positional,RB,254,255,RB254_vs_RB255,0.0,1
positional,RB,255,256,RB255_vs_RB256,36.0,1
positional,RB,256,257,RB256_vs_RB257,0.0,1
positional,RB,257,258,RB257_vs_RB258,0.0,1
positional,RB,258,259,RB258_vs_RB259,15.0,1
positional,RB,259,260,RB259_vs_RB260,0.0,1
positional,RB,260,261,RB260_vs_RB261,0.0,1
positional,RB,261,262,RB261_vs_RB262,17.0,1
positional,RB,262,263,RB262_vs_RB263,0.0,1
positional,RB,263,264,RB263_vs_RB264,0.0,1
positional,RB,264,265,RB264_vs_RB265,15.0,1
positional,RB,265,266,RB265_vs_RB266,0.0,1
positional,RB,266,267,RB266_vs_RB267,0.0,1
positional,RB,267,268,RB267_vs_RB268,50.0,1
positional,RB,268,269,RB268_vs_RB269,0.0,1
positional,RB,269,270,RB269_vs_RB270,0.0,1
positional,RB,270,271,RB270_vs_RB271,19.0,1
positional,RB,271,272,RB271_vs_RB272,0.0,1
positional,RB,272,273,RB272_vs_RB273,0.0,1
positional,RB,273,274,RB273_vs_RB274,1.0,1
positional,RB,274,275,RB274_vs_RB275,0.0,1
positional,RB,275,276,RB275_vs_RB276,0.0,1
positional,RB,276,277,RB276_vs_RB277,10.0,1
positional,RB,277,278,RB277_vs_RB278,0.0,1
positional,RB,278,279,RB278_vs_RB279,0.0,1
positional,RB,279,280,RB279_vs_RB280,83.0,1
positional,RB,280,281,RB280_vs_RB281,0.0,1
positional,RB,281,282,RB281_vs_RB282,0.0,1
positional,RB,282,283,RB282_vs_RB283,4.0,1
positional,RB,283,284,RB283_vs_RB284,0.0,1
positional,RB,284,285,RB284_vs_RB285,0.0,1
positional,RB,285,286,RB285_vs_RB286,5.0,1
positional,RB,286,287,RB286_vs_RB287,0.0,1
positional,RB,287,288,RB287_vs_RB288,0.0,1
positional,RB,288,289,RB288_vs_RB289,15.0,1
positional,RB,289,290,RB289_vs_RB290,0.0,1
positional,RB,290,291,RB290_vs_RB291,0.0,1
positional,RB,291,292,RB291_vs_RB292,7.0,1
positional,RB,292,293,RB292_vs_RB293,0.0,1
positional,RB,293,294,RB293_vs_RB294,0.0,1
positional,RB,294,295,RB294_vs_RB295,39.0,1
positional,RB,295,296,RB295_vs_RB296,0.0,1
positional,RB,296,297,RB296_vs_RB297,0.0,1
positional,RB,297,298,RB297_vs_RB298,7.0,1
positional,RB,298,299,RB298_vs_RB299,0.0,1
positional,RB,299,300,RB299_vs_RB300,0.0,1
positional,RB,300,301,RB300_vs_RB301,13.0,1
positional,RB,301,302,RB301_vs_RB302,0.0,1
positional,RB,302,303,RB302_vs_RB303,0.0,1
positional,RB,303,304,RB303_vs_RB304,6.0,1
positional,RB,304,305,RB304_vs_RB305,0.0,1
positional,RB,305,306,RB305_vs_RB306,0.0,1
positional,RB,306,307,RB306_vs_RB307,7.0,1
positional,RB,307,308,RB307_vs_RB308,0.0,1
positional,RB,308,309,RB308_vs_RB309,0.0,1
positional,RB,309,310,RB309_vs_RB310,3.0,1
positional,RB,310,311,RB310_vs_RB311,0.0,1
positional,RB,311,312,RB311_vs_RB312,0.0,1
positional,RB,312,313,RB312_vs_RB313,14.0,1
positional,RB,313,314,RB313_vs_RB314,0.0,1
positional,RB,314,315,RB314_vs_RB315,0.0,1
positional,RB,315,316,RB315_vs_RB316,0.0,1
positional,RB,316,317,RB316_vs_RB317,0.0,1
positional,RB,317,318,RB317_vs_RB318,0.0,1
positional,RB,318,319,RB318_vs_RB319,4.0,1
positional,RB,319,320,RB319_vs_RB320,0.0,1
positional,RB,320,321,RB320_vs_RB321,0.0,1
positional,RB,321,322,RB321_vs_RB322,24.0,1
positional,RB,322,323,RB322_vs_RB323,0.0,1
positional,RB,323,324,RB323_vs_RB324,0.0,1
positional,RB,324,325,RB324_vs_RB325,10.0,1
positional,RB,325,326,RB325_vs_RB326,0.0,1
positional,RB,326,327,RB326_vs_RB327,0.0,1
positional,RB,327,328,RB327_vs_RB328,17.0,1
positional,RB,328,329,RB328_vs_RB329,0.0,1
positional,RB,329,330,RB329_vs_RB330,0.0,1
positional,RB,330,331,RB330_vs_RB331,11.0,1
positional,RB,331,332,RB331_vs_RB332,0.0,1
positional,RB,332,333,RB332_vs_RB333,0.0,1
positional,RB,333,334,RB333_vs_RB334,19.0,1
positional,RB,334,335,RB334_vs_RB335,0.0,1
positional,RB,335,336,RB335_vs_RB336,0.0,1
positional,RB,336,337,RB336_vs_RB337,18.0,1
positional,RB,337,338,RB337_vs_RB338,0.0,1
positional,RB,338,339,RB338_vs_RB339,0.0,1
positional,RB,339,340,RB339_vs_RB340,2.0,1
positional,RB,340,341,RB340_vs_RB341,0.0,1
positional,RB,341,342,RB341_vs_RB342,0.0,1
positional,RB,342,343,RB342_vs_RB343,6.0,1
positional,RB,343,344,RB343_vs_RB344,0.0,1
positional,RB,344,345,RB344_vs_RB345,0.0,1
positional,RB,345,346,RB345_vs_RB346,2.0,1
positional,RB,346,347,RB346_vs_RB347,0.0,1
positional,RB,347,348,RB347_vs_RB348,0.0,1
positional,RB,348,349,RB348_vs_RB349,4.0,1
positional,RB,349,350,RB349_vs_RB350,0.0,1
positional,RB,350,351,RB350_vs_RB351,0.0,1
positional,RB,351,352,RB351_vs_RB352,13.0,1
positional,RB,352,353,RB352_vs_RB353,0.0,1
positional,RB,353,354,RB353_vs_RB354,0.0,1
positional,RB,354,355,RB354_vs_RB355,117.0,1
positional,RB,355,356,RB355_vs_RB356,0.0,1
positional,RB,356,357,RB356_vs_RB357,0.0,1
positional,RB,357,358,RB357_vs_RB358,4.0,1
positional,RB,358,359,RB358_vs_RB359,0.0,1
positional,RB,359,360,RB359_vs_RB360,0.0,1
positional,RB,360,361,RB360_vs_RB361,80.0,1
positional,RB,361,362,RB361_vs_RB362,0.0,1
positional,RB,362,363,RB362_vs_RB363,0.0,1
positional,RB,363,364,RB363_vs_RB364,18.0,1
positional,RB,364,365,RB364_vs_RB365,0.0,1
positional,RB,365,366,RB365_vs_RB366,0.0,1
positional,RB,366,367,RB366_vs_RB367,12.0,1
positional,RB,367,368,RB367_vs_RB368,0.0,1
positional,RB,368,369,RB368_vs_RB369,0.0,1
positional,RB,369,370,RB369_vs_RB370,5.0,1
positional,RB,370,371,RB370_vs_RB371,0.0,1
positional,RB,371,372,RB371_vs_RB372,0.0,1
positional,TE,1,2,TE1_vs_TE2,798.59,2266
positional,TE,2,3,TE2_vs_TE3,785.51,2266
positional,TE,3,4,TE3_vs_TE4,497.75,2266
positional,TE,4,5,TE4_vs_TE5,326.51,2266
positional,TE,5,6,TE5_vs_TE6,344.57,2266
positional,TE,6,7,TE6_vs_TE7,292.71,2266
positional,TE,7,8,TE7_vs_TE8,293.14,2266
positional,TE,8,9,TE8_vs_TE9,209.41,2266
positional,TE,9,10,TE9_vs_TE10,169.21,2266
positional,TE,10,11,TE10_vs_TE11,128.39,2266
positional,TE,11,12,TE11_vs_TE12,138.6,2266
positional,TE,12,13,TE12_vs_TE13,129.61,2266
positional,TE,13,14,TE13_vs_TE14,122.73,2266
positional,TE,14,15,TE14_vs_TE15,112.21,2266
positional,TE,15,16,TE15_vs_TE16,120.98,2266
positional,TE,16,17,TE16_vs_TE17,168.28,2266
positional,TE,17,18,TE17_vs_TE18,136.56,2266
positional,TE,18,19,TE18_vs_TE19,141.93,2266
positional,TE,19,20,TE19_vs_TE20,142.24,2266
positional,TE,20,21,TE20_vs_TE21,104.61,2266
positional,TE,21,22,TE21_vs_TE22,102.76,2266
positional,TE,22,23,TE22_vs_TE23,74.78,2266
positional,TE,23,24,TE23_vs_TE24,72.5,2266
positional,TE,24,25,TE24_vs_TE25,71.83,2266
positional,TE,25,26,TE25_vs_TE26,61.4,2266
positional,TE,26,27,TE26_vs_TE27,50.01,2266
positional,TE,27,28,TE27_vs_TE28,57.12,2266
positional,TE,28,29,TE28_vs_TE29,62.92,2266
positional,TE,29,30,TE29_vs_TE30,68.57,2266
positional,TE,30,31,TE30_vs_TE31,58.7,2266
positional,TE,31,32,TE31_vs_TE32,59.55,2266
positional,TE,32,33,TE32_vs_TE33,54.29,2260
positional,TE,33,34,TE33_vs_TE34,47.27,2260
positional,TE,34,35,TE34_vs_TE35,42.92,2260
positional,TE,35,36,TE35_vs_TE36,45.2,2254
positional,TE,36,37,TE36_vs_TE37,52.34,2205
positional,TE,37,38,TE37_vs_TE38,64.16,1909
positional,TE,38,39,TE38_vs_TE39,51.56,1909
positional,TE,39,40,TE39_vs_TE40,53.21,1909
positional,TE,40,41,TE40_vs_TE41,43.7,1909
positional,TE,41,42,TE41_vs_TE42,34.6,1909
positional,TE,42,43,TE42_vs_TE43,37.38,1909
positional,TE,43,44,TE43_vs_TE44,37.77,1909
positional,TE,44,45,TE44_vs_TE45,40.03,1868
positional,TE,45,46,TE45_vs_TE46,44.93,1689
positional,TE,46,47,TE46_vs_TE47,51.65,1565
positional,TE,47,48,TE47_vs_TE48,39.52,1559
positional,TE,48,49,TE48_vs_TE49,31.64,1543
positional,TE,49,50,TE49_vs_TE50,31.48,1500
positional,TE,50,51,TE50_vs_TE51,37.98,1470
positional,TE,51,52,TE51_vs_TE52,46.47,1463
positional,TE,52,53,TE52_vs_TE53,51.33,1448
positional,TE,53,54,TE53_vs_TE54,27.22,1448
positional,TE,54,55,TE54_vs_TE55,37.09,1376
positional,TE,55,56,TE55_vs_TE56,22.84,1320
positional,TE,56,57,TE56_vs_TE57,18.02,1277
positional,TE,57,58,TE57_vs_TE58,21.84,1197
positional,TE,58,59,TE58_vs_TE59,21.23,1117
positional,TE,59,60,TE59_vs_TE60,34.52,931
positional,TE,60,61,TE60_vs_TE61,37.55,706
positional,TE,61,62,TE61_vs_TE62,24.5,705
positional,TE,62,63,TE62_vs_TE63,28.78,705
positional,TE,63,64,TE63_vs_TE64,24.73,704
positional,TE,64,65,TE64_vs_TE65,23.38,700
positional,TE,65,66,TE65_vs_TE66,32.76,691
positional,TE,66,67,TE66_vs_TE67,23.68,635
positional,TE,67,68,TE67_vs_TE68,28.61,507
positional,TE,68,69,TE68_vs_TE69,74.83,435
positional,TE,69,70,TE69_vs_TE70,26.26,366
positional,TE,70,71,TE70_vs_TE71,48.57,361
positional,TE,71,72,TE71_vs_TE72,40.41,63
positional,TE,72,73,TE72_vs_TE73,38.08,49
positional,TE,73,74,TE73_vs_TE74,0.0,1
positional,TE,74,75,TE74_vs_TE75,0.0,1
positional,TE,75,76,TE75_vs_TE76,62.0,1
positional,TE,76,77,TE76_vs_TE77,0.0,1
positional,TE,77,78,TE77_vs_TE78,0.0,1
positional,TE,78,79,TE78_vs_TE79,84.0,1
positional,TE,79,80,TE79_vs_TE80,0.0,1
positional,TE,80,81,TE80_vs_TE81,0.0,1
positional,TE,81,82,TE81_vs_TE82,18.0,1
positional,TE,82,83,TE82_vs_TE83,0.0,1
positional,TE,83,84,TE83_vs_TE84,0.0,1
positional,TE,84,85,TE84_vs_TE85,24.0,1
positional,TE,85,86,TE85_vs_TE86,0.0,1
positional,TE,86,87,TE86_vs_TE87,0.0,1
positional,TE,87,88,TE87_vs_TE88,25.0,1
positional,TE,88,89,TE88_vs_TE89,0.0,1
positional,TE,89,90,TE89_vs_TE90,0.0,1
positional,TE,90,91,TE90_vs_TE91,30.0,1
positional,TE,91,92,TE91_vs_TE92,0.0,1
positional,TE,92,93,TE92_vs_TE93,0.0,1
positional,TE,93,94,TE93_vs_TE94,147.0,1
positional,TE,94,95,TE94_vs_TE95,0.0,1
positional,TE,95,96,TE95_vs_TE96,0.0,1
positional,TE,96,97,TE96_vs_TE97,5.0,1
positional,TE,97,98,TE97_vs_TE98,0.0,1
positional,TE,98,99,TE98_vs_TE99,0.0,1
positional,TE,99,100,TE99_vs_TE100,3.0,1
positional,TE,100,101,TE100_vs_TE101,0.0,1
positional,TE,101,102,TE101_vs_TE102,0.0,1
positional,TE,102,103,TE102_vs_TE103,12.0,1
positional,TE,103,104,TE103_vs_TE104,0.0,1
positional,TE,104,105,TE104_vs_TE105,0.0,1
positional,TE,105,106,TE105_vs_TE106,49.0,1
positional,TE,106,107,TE106_vs_TE107,0.0,1
positional,TE,107,108,TE107_vs_TE108,0.0,1
positional,TE,108,109,TE108_vs_TE109,118.0,1
positional,TE,109,110,TE109_vs_TE110,0.0,1
positional,TE,110,111,TE110_vs_TE111,0.0,1
positional,TE,111,112,TE111_vs_TE112,36.0,1
positional,TE,112,113,TE112_vs_TE113,0.0,1
positional,TE,113,114,TE113_vs_TE114,0.0,1
positional,TE,114,115,TE114_vs_TE115,20.0,1
positional,TE,115,116,TE115_vs_TE116,0.0,1
positional,TE,116,117,TE116_vs_TE117,0.0,1
positional,TE,117,118,TE117_vs_TE118,1.0,1
positional,TE,118,119,TE118_vs_TE119,0.0,1
positional,TE,119,120,TE119_vs_TE120,0.0,1
positional,TE,120,121,TE120_vs_TE121,4.0,1
positional,TE,121,122,TE121_vs_TE122,0.0,1
positional,TE,122,123,TE122_vs_TE123,0.0,1
positional,TE,123,124,TE123_vs_TE124,3.0,1
positional,TE,124,125,TE124_vs_TE125,0.0,1
positional,TE,125,126,TE125_vs_TE126,0.0,1
positional,TE,126,127,TE126_vs_TE127,97.0,1
positional,TE,127,128,TE127_vs_TE128,0.0,1
positional,TE,128,129,TE128_vs_TE129,0.0,1
positional,TE,129,130,TE129_vs_TE130,18.0,1
positional,TE,130,131,TE130_vs_TE131,0.0,1
positional,TE,131,132,TE131_vs_TE132,0.0,1
positional,TE,132,133,TE132_vs_TE133,6.0,1
positional,TE,133,134,TE133_vs_TE134,0.0,1
positional,TE,134,135,TE134_vs_TE135,0.0,1
positional,TE,135,136,TE135_vs_TE136,30.0,1
positional,TE,136,137,TE136_vs_TE137,0.0,1
positional,TE,137,138,TE137_vs_TE138,0.0,1
positional,TE,138,139,TE138_vs_TE139,122.0,1
positional,TE,139,140,TE139_vs_TE140,0.0,1
positional,TE,140,141,TE140_vs_TE141,0.0,1
positional,TE,141,142,TE141_vs_TE142,3.0,1
positional,TE,142,143,TE142_vs_TE143,0.0,1
positional,TE,143,144,TE143_vs_TE144,0.0,1
positional,TE,144,145,TE144_vs_TE145,8.0,1
positional,TE,145,146,TE145_vs_TE146,0.0,1
positional,TE,146,147,TE146_vs_TE147,0.0,1
positional,TE,147,148,TE147_vs_TE148,3.0,1
positional,TE,148,149,TE148_vs_TE149,0.0,1
positional,TE,149,150,TE149_vs_TE150,0.0,1
positional,TE,150,151,TE150_vs_TE151,21.0,1
positional,TE,151,152,TE151_vs_TE152,0.0,1
positional,TE,152,153,TE152_vs_TE153,0.0,1
positional,TE,153,154,TE153_vs_TE154,43.0,1
positional,TE,154,155,TE154_vs_TE155,0.0,1
positional,TE,155,156,TE155_vs_TE156,0.0,1
positional,TE,156,157,TE156_vs_TE157,18.0,1
positional,TE,157,158,TE157_vs_TE158,0.0,1
positional,TE,158,159,TE158_vs_TE159,0.0,1
positional,TE,159,160,TE159_vs_TE160,73.0,1
positional,TE,160,161,TE160_vs_TE161,0.0,1
positional,TE,161,162,TE161_vs_TE162,0.0,1
positional,TE,162,163,TE162_vs_TE163,22.0,1
positional,TE,163,164,TE163_vs_TE164,0.0,1
positional,TE,164,165,TE164_vs_TE165,0.0,1
positional,TE,165,166,TE165_vs_TE166,33.0,1
positional,TE,166,167,TE166_vs_TE167,0.0,1
positional,TE,167,168,TE167_vs_TE168,0.0,1
positional,TE,168,169,TE168_vs_TE169,4.0,1
positional,TE,169,170,TE169_vs_TE170,0.0,1
positional,TE,170,171,TE170_vs_TE171,0.0,1
positional,TE,171,172,TE171_vs_TE172,10.0,1
positional,TE,172,173,TE172_vs_TE173,0.0,1
positional,TE,173,174,TE173_vs_TE174,0.0,1
positional,TE,174,175,TE174_vs_TE175,10.0,1
positional,TE,175,176,TE175_vs_TE176,0.0,1
positional,TE,176,177,TE176_vs_TE177,0.0,1
positional,TE,177,178,TE177_vs_TE178,20.0,1
positional,TE,178,179,TE178_vs_TE179,0.0,1
positional,TE,179,180,TE179_vs_TE180,0.0,1
positional,TE,180,181,TE180_vs_TE181,41.0,1
positional,TE,181,182,TE181_vs_TE182,0.0,1
positional,TE,182,183,TE182_vs_TE183,0.0,1
positional,TE,183,184,TE183_vs_TE184,40.0,1
positional,TE,184,185,TE184_vs_TE185,0.0,1
positional,TE,185,186,TE185_vs_TE186,0.0,1
positional,TE,186,187,TE186_vs_TE187,58.0,1
positional,TE,187,188,TE187_vs_TE188,0.0,1
positional,TE,188,189,TE188_vs_TE189,0.0,1
positional,TE,189,190,TE189_vs_TE190,26.0,1
positional,TE,190,191,TE190_vs_TE191,0.0,1
positional,TE,191,192,TE191_vs_TE192,0.0,1
positional,TE,192,193,TE192_vs_TE193,32.0,1
positional,TE,193,194,TE193_vs_TE194,0.0,1
positional,TE,194,195,TE194_vs_TE195,0.0,1
positional,TE,195,196,TE195_vs_TE196,8.0,1
positional,TE,196,197,TE196_vs_TE197,0.0,1
positional,TE,197,198,TE197_vs_TE198,0.0,1
positional,TE,198,199,TE198_vs_TE199,30.0,1
positional,TE,199,200,TE199_vs_TE200,0.0,1
positional,TE,200,201,TE200_vs_TE201,0.0,1
positional,TE,201,202,TE201_vs_TE202,0.0,1
positional,TE,202,203,TE202_vs_TE203,0.0,1
positional,TE,203,204,TE203_vs_TE204,0.0,1
positional,TE,204,205,TE204_vs_TE205,8.0,1
positional,TE,205,206,TE205_vs_TE206,0.0,1
positional,TE,206,207,TE206_vs_TE207,0.0,1
positional,TE,207,208,TE207_vs_TE208,48.0,1
positional,TE,208,209,TE208_vs_TE209,0.0,1
positional,TE,209,210,TE209_vs_TE210,0.0,1
positional,TE,210,211,TE210_vs_TE211,74.0,1
positional,TE,211,212,TE211_vs_TE212,0.0,1
positional,TE,212,213,TE212_vs_TE213,0.0,1
positional,WR,1,2,WR1_vs_WR2,654.57,2266
positional,WR,2,3,WR2_vs_WR3,878.32,2266
positional,WR,3,4,WR3_vs_WR4,381.51,2266
positional,WR,4,5,WR4_vs_WR5,216.37,2266
positional,WR,5,6,WR5_vs_WR6,290.97,2266
positional,WR,6,7,WR6_vs_WR7,181.2,2266
positional,WR,7,8,WR7_vs_WR8,264.09,2266
positional,WR,8,9,WR8_vs_WR9,234.61,2266
positional,WR,9,10,WR9_vs_WR10,169.84,2266
positional,WR,10,11,WR10_vs_WR11,120.48,2266
positional,WR,11,12,WR11_vs_WR12,132.29,2266
positional,WR,12,13,WR12_vs_WR13,114.54,2266
positional,WR,13,14,WR13_vs_WR14,104.84,2266
positional,WR,14,15,WR14_vs_WR15,152.7,2266
positional,WR,15,16,WR15_vs_WR16,114.64,2266
positional,WR,16,17,WR16_vs_WR17,100.02,2266
positional,WR,17,18,WR17_vs_WR18,87.03,2266
positional,WR,18,19,WR18_vs_WR19,98.28,2266
positional,WR,19,20,WR19_vs_WR20,74.52,2266
positional,WR,20,21,WR20_vs_WR21,70.32,2266
positional,WR,21,22,WR21_vs_WR22,64.06,2266
positional,WR,22,23,WR22_vs_WR23,72.9,2266
positional,WR,23,24,WR23_vs_WR24,105.94,2266
positional,WR,24,25,WR24_vs_WR25,82.51,2266
positional,WR,25,26,WR25_vs_WR26,77.69,2266
positional,WR,26,27,WR26_vs_WR27,82.4,2266
positional,WR,27,28,WR27_vs_WR28,77.36,2266
positional,WR,28,29,WR28_vs_WR29,84.5,2266
positional,WR,29,30,WR29_vs_WR30,99.63,2266
positional,WR,30,31,WR30_vs_WR31,79.47,2266
positional,WR,31,32,WR31_vs_WR32,74.24,2266
positional,WR,32,33,WR32_vs_WR33,71.09,2266
positional,WR,33,34,WR33_vs_WR34,65.72,2266
positional,WR,34,35,WR34_vs_WR35,73.96,2266
positional,WR,35,36,WR35_vs_WR36,70.01,2266
positional,WR,36,37,WR36_vs_WR37,75.76,2266
positional,WR,37,38,WR37_vs_WR38,92.25,2266
positional,WR,38,39,WR38_vs_WR39,70.49,2266
positional,WR,39,40,WR39_vs_WR40,82.69,2266
positional,WR,40,41,WR40_vs_WR41,77.5,2266
positional,WR,41,42,WR41_vs_WR42,94.06,2266
positional,WR,42,43,WR42_vs_WR43,80.99,2266
positional,WR,43,44,WR43_vs_WR44,91.26,2266
positional,WR,44,45,WR44_vs_WR45,73.74,2266
positional,WR,45,46,WR45_vs_WR46,74.08,2266
positional,WR,46,47,WR46_vs_WR47,68.93,2266
positional,WR,47,48,WR47_vs_WR48,94.69,2266
positional,WR,48,49,WR48_vs_WR49,73.74,2266
positional,WR,49,50,WR49_vs_WR50,69.29,2266
positional,WR,50,51,WR50_vs_WR51,57.37,2266
positional,WR,51,52,WR51_vs_WR52,71.98,2266
positional,WR,52,53,WR52_vs_WR53,53.88,2266
positional,WR,53,54,WR53_vs_WR54,58.18,2266
positional,WR,54,55,WR54_vs_WR55,54.13,2266
positional,WR,55,56,WR55_vs_WR56,61.79,2266
positional,WR,56,57,WR56_vs_WR57,59.42,2266
positional,WR,57,58,WR57_vs_WR58,51.75,2266
positional,WR,58,59,WR58_vs_WR59,53.04,2266
positional,WR,59,60,WR59_vs_WR60,48.11,2266
positional,WR,60,61,WR60_vs_WR61,50.37,2266
positional,WR,61,62,WR61_vs_WR62,51.22,2266
positional,WR,62,63,WR62_vs_WR63,46.12,2266
positional,WR,63,64,WR63_vs_WR64,49.4,2260
positional,WR,64,65,WR64_vs_WR65,47.4,2260
positional,WR,65,66,WR65_vs_WR66,40.79,2260
positional,WR,66,67,WR66_vs_WR67,36.01,2260
positional,WR,67,68,WR67_vs_WR68,42.25,2260
positional,WR,68,69,WR68_vs_WR69,39.55,2260
positional,WR,69,70,WR69_vs_WR70,37.3,2260
positional,WR,70,71,WR70_vs_WR71,33.48,2260
positional,WR,71,72,WR71_vs_WR72,36.21,2260
positional,WR,72,73,WR72_vs_WR73,35.81,2260
positional,WR,73,74,WR73_vs_WR74,32.97,2260
positional,WR,74,75,WR74_vs_WR75,31.37,2260
positional,WR,75,76,WR75_vs_WR76,32.01,2260
positional,WR,76,77,WR76_vs_WR77,36.92,2260
positional,WR,77,78,WR77_vs_WR78,33.71,2260
positional,WR,78,79,WR78_vs_WR79,33.63,2260
positional,WR,79,80,WR79_vs_WR80,32.63,2210
positional,WR,80,81,WR80_vs_WR81,39.46,2210
positional,WR,81,82,WR81_vs_WR82,38.43,2210
positional,WR,82,83,WR82_vs_WR83,33.79,2210
positional,WR,83,84,WR83_vs_WR84,27.34,2170
positional,WR,84,85,WR84_vs_WR85,32.87,2082
positional,WR,85,86,WR85_vs_WR86,43.03,1992
positional,WR,86,87,WR86_vs_WR87,38.89,1915
positional,WR,87,88,WR87_vs_WR88,41.58,1913
positional,WR,88,89,WR88_vs_WR89,25.39,1909
positional,WR,89,90,WR89_vs_WR90,25.42,1909
positional,WR,90,91,WR90_vs_WR91,26.44,1909
positional,WR,91,92,WR91_vs_WR92,38.51,1909
positional,WR,92,93,WR92_vs_WR93,20.64,1909
positional,WR,93,94,WR93_vs_WR94,17.34,1909
positional,WR,94,95,WR94_vs_WR95,16.33,1909
positional,WR,95,96,WR95_vs_WR96,18.14,1909
positional,WR,96,97,WR96_vs_WR97,21.06,1909
positional,WR,97,98,WR97_vs_WR98,19.7,1909
positional,WR,98,99,WR98_vs_WR99,18.46,1909
positional,WR,99,100,WR99_vs_WR100,18.15,1909
positional,WR,100,101,WR100_vs_WR101,18.62,1909
positional,WR,101,102,WR101_vs_WR102,16.63,1909
positional,WR,102,103,WR102_vs_WR103,18.86,1868
positional,WR,103,104,WR103_vs_WR104,20.33,1868
positional,WR,104,105,WR104_vs_WR105,26.19,1569
positional,WR,105,106,WR105_vs_WR106,21.96,1569
positional,WR,106,107,WR106_vs_WR107,21.53,1569
positional,WR,107,108,WR107_vs_WR108,24.04,1569
positional,WR,108,109,WR108_vs_WR109,23.18,1569
positional,WR,109,110,WR109_vs_WR110,26.96,1569
positional,WR,110,111,WR110_vs_WR111,28.35,1569
positional,WR,111,112,WR111_vs_WR112,28.07,1569
positional,WR,112,113,WR112_vs_WR113,26.39,1569
positional,WR,113,114,WR113_vs_WR114,22.07,1569
positional,WR,114,115,WR114_vs_WR115,20.98,1559
positional,WR,115,116,WR115_vs_WR116,19.89,1548
positional,WR,116,117,WR116_vs_WR117,22.13,1542
positional,WR,117,118,WR117_vs_WR118,25.97,1536
positional,WR,118,119,WR118_vs_WR119,34.96,1533
positional,WR,119,120,WR119_vs_WR120,24.35,1528
positional,WR,120,121,WR120_vs_WR121,22.41,1526
positional,WR,121,122,WR121_vs_WR122,26.08,1482
positional,WR,122,123,WR122_vs_WR123,24.16,1448
positional,WR,123,124,WR123_vs_WR124,16.19,1448
positional,WR,124,125,WR124_vs_WR125,14.5,1448
positional,WR,125,126,WR125_vs_WR126,10.24,1448
positional,WR,126,127,WR126_vs_WR127,12.24,1448
positional,WR,127,128,WR127_vs_WR128,12.73,1408
positional,WR,128,129,WR128_vs_WR129,13.55,1384
positional,WR,129,130,WR129_vs_WR130,12.58,1342
positional,WR,130,131,WR130_vs_WR131,14.84,1295
positional,WR,131,132,WR131_vs_WR132,12.24,1219
positional,WR,132,133,WR132_vs_WR133,15.35,1074
positional,WR,133,134,WR133_vs_WR134,13.1,1074
positional,WR,134,135,WR134_vs_WR135,16.95,1070
positional,WR,135,136,WR135_vs_WR136,16.18,1044
positional,WR,136,137,WR136_vs_WR137,15.85,1024
positional,WR,137,138,WR137_vs_WR138,16.93,1014
positional,WR,138,139,WR138_vs_WR139,23.02,1002
positional,WR,139,140,WR139_vs_WR140,21.6,988
positional,WR,140,141,WR140_vs_WR141,15.94,987
positional,WR,141,142,WR141_vs_WR142,12.78,949
positional,WR,142,143,WR142_vs_WR143,17.34,910
positional,WR,143,144,WR143_vs_WR144,16.59,898
positional,WR,144,145,WR144_vs_WR145,17.74,893
positional,WR,145,146,WR145_vs_WR146,15.59,890
positional,WR,146,147,WR146_vs_WR147,16.96,878
positional,WR,147,148,WR147_vs_WR148,16.54,831
positional,WR,148,149,WR148_vs_WR149,18.25,798
positional,WR,149,150,WR149_vs_WR150,14.84,726
positional,WR,150,151,WR150_vs_WR151,13.03,713
positional,WR,151,152,WR151_vs_WR152,13.44,706
positional,WR,152,153,WR152_vs_WR153,15.33,705
positional,WR,153,154,WR153_vs_WR154,12.25,705
positional,WR,154,155,WR154_vs_WR155,16.08,705
positional,WR,155,156,WR155_vs_WR156,15.59,705
positional,WR,156,157,WR156_vs_WR157,13.29,705
positional,WR,157,158,WR157_vs_WR158,15.53,705
positional,WR,158,159,WR158_vs_WR159,12.1,705
positional,WR,159,160,WR159_vs_WR160,10.97,654
positional,WR,160,161,WR160_vs_WR161,12.49,652
positional,WR,161,162,WR161_vs_WR162,13.18,652
positional,WR,162,163,WR162_vs_WR163,13.82,648
positional,WR,163,164,WR163_vs_WR164,11.6,636
positional,WR,164,165,WR164_vs_WR165,13.45,602
positional,WR,165,166,WR165_vs_WR166,26.16,579
positional,WR,166,167,WR166_vs_WR167,23.67,528
positional,WR,167,168,WR167_vs_WR168,20.77,338
positional,WR,168,169,WR168_vs_WR169,18.38,307
positional,WR,169,170,WR169_vs_WR170,16.54,269
positional,WR,170,171,WR170_vs_WR171,14.88,248
positional,WR,171,172,WR171_vs_WR172,12.17,214
positional,WR,172,173,WR172_vs_WR173,12.31,208
positional,WR,173,174,WR173_vs_WR174,12.09,202
positional,WR,174,175,WR174_vs_WR175,13.78,192
positional,WR,175,176,WR175_vs_WR176,12.37,182
positional,WR,176,177,WR176_vs_WR177,12.79,174
positional,WR,177,178,WR177_vs_WR178,15.08,166
positional,WR,178,179,WR178_vs_WR179,13.17,140
positional,WR,179,180,WR179_vs_WR180,13.79,108
positional,WR,180,181,WR180_vs_WR181,9.89,94
positional,WR,181,182,WR181_vs_WR182,16.16,82
positional,WR,182,183,WR182_vs_WR183,18.19,74
positional,WR,183,184,WR183_vs_WR184,24.64,72
positional,WR,184,185,WR184_vs_WR185,43.54,68
positional,WR,185,186,WR185_vs_WR186,23.08,59
positional,WR,186,187,WR186_vs_WR187,53.87,55
positional,WR,187,188,WR187_vs_WR188,152.13,52
positional,WR,188,189,WR188_vs_WR189,122.0,2
positional,WR,189,190,WR189_vs_WR190,1.0,1
positional,WR,190,191,WR190_vs_WR191,0.0,1
positional,WR,191,192,WR191_vs_WR192,0.0,1
positional,WR,192,193,WR192_vs_WR193,8.0,1
positional,WR,193,194,WR193_vs_WR194,0.0,1
positional,WR,194,195,WR194_vs_WR195,0.0,1
positional,WR,195,196,WR195_vs_WR196,28.0,1
positional,WR,196,197,WR196_vs_WR197,0.0,1
positional,WR,197,198,WR197_vs_WR198,0.0,1
positional,WR,198,199,WR198_vs_WR199,31.0,1
positional,WR,199,200,WR199_vs_WR200,0.0,1
positional,WR,200,201,WR200_vs_WR201,0.0,1
positional,WR,201,202,WR201_vs_WR202,21.0,1
positional,WR,202,203,WR202_vs_WR203,0.0,1
positional,WR,203,204,WR203_vs_WR204,0.0,1
positional,WR,204,205,WR204_vs_WR205,60.0,1
positional,WR,205,206,WR205_vs_WR206,0.0,1
positional,WR,206,207,WR206_vs_WR207,0.0,1
positional,WR,207,208,WR207_vs_WR208,18.0,1
positional,WR,208,209,WR208_vs_WR209,0.0,1
positional,WR,209,210,WR209_vs_WR210,0.0,1
positional,WR,210,211,WR210_vs_WR211,30.0,1
positional,WR,211,212,WR211_vs_WR212,0.0,1
positional,WR,212,213,WR212_vs_WR213,0.0,1
positional,WR,213,214,WR213_vs_WR214,54.0,1
positional,WR,214,215,WR214_vs_WR215,0.0,1
positional,WR,215,216,WR215_vs_WR216,0.0,1
positional,WR,216,217,WR216_vs_WR217,70.0,1
positional,WR,217,218,WR217_vs_WR218,0.0,1
positional,WR,218,219,WR218_vs_WR219,0.0,1
positional,WR,219,220,WR219_vs_WR220,43.0,1
positional,WR,220,221,WR220_vs_WR221,0.0,1
positional,WR,221,222,WR221_vs_WR222,0.0,1
positional,WR,222,223,WR222_vs_WR223,25.0,1
positional,WR,223,224,WR223_vs_WR224,0.0,1
positional,WR,224,225,WR224_vs_WR225,0.0,1
positional,WR,225,226,WR225_vs_WR226,47.0,1
positional,WR,226,227,WR226_vs_WR227,0.0,1
positional,WR,227,228,WR227_vs_WR228,0.0,1
positional,WR,228,229,WR228_vs_WR229,20.0,1
positional,WR,229,230,WR229_vs_WR230,0.0,1
positional,WR,230,231,WR230_vs_WR231,0.0,1
positional,WR,231,232,WR231_vs_WR232,8.0,1
positional,WR,232,233,WR232_vs_WR233,0.0,1
positional,WR,233,234,WR233_vs_WR234,0.0,1
positional,WR,234,235,WR234_vs_WR235,70.0,1
positional,WR,235,236,WR235_vs_WR236,0.0,1
positional,WR,236,237,WR236_vs_WR237,0.0,1
positional,WR,237,238,WR237_vs_WR238,34.0,1
positional,WR,238,239,WR238_vs_WR239,0.0,1
positional,WR,239,240,WR239_vs_WR240,0.0,1
positional,WR,240,241,WR240_vs_WR241,123.0,1
positional,WR,241,242,WR241_vs_WR242,0.0,1
positional,WR,242,243,WR242_vs_WR243,0.0,1
positional,WR,243,244,WR243_vs_WR244,33.0,1
positional,WR,244,245,WR244_vs_WR245,0.0,1
positional,WR,245,246,WR245_vs_WR246,0.0,1
positional,WR,246,247,WR246_vs_WR247,3.0,1
positional,WR,247,248,WR247_vs_WR248,0.0,1
positional,WR,248,249,WR248_vs_WR249,0.0,1
positional,WR,249,250,WR249_vs_WR250,46.0,1
positional,WR,250,251,WR250_vs_WR251,0.0,1
positional,WR,251,252,WR251_vs_WR252,0.0,1
positional,WR,252,253,WR252_vs_WR253,85.0,1
positional,WR,253,254,WR253_vs_WR254,0.0,1
positional,WR,254,255,WR254_vs_WR255,0.0,1
positional,WR,255,256,WR255_vs_WR256,29.0,1
positional,WR,256,257,WR256_vs_WR257,0.0,1
positional,WR,257,258,WR257_vs_WR258,0.0,1
positional,WR,258,259,WR258_vs_WR259,29.0,1
positional,WR,259,260,WR259_vs_WR260,0.0,1
positional,WR,260,261,WR260_vs_WR261,0.0,1
positional,WR,261,262,WR261_vs_WR262,42.0,1
positional,WR,262,263,WR262_vs_WR263,0.0,1
positional,WR,263,264,WR263_vs_WR264,0.0,1
positional,WR,264,265,WR264_vs_WR265,6.0,1
positional,WR,265,266,WR265_vs_WR266,0.0,1
positional,WR,266,267,WR266_vs_WR267,0.0,1
positional,WR,267,268,WR267_vs_WR268,22.0,1
positional,WR,268,269,WR268_vs_WR269,0.0,1
positional,WR,269,270,WR269_vs_WR270,0.0,1
positional,WR,270,271,WR270_vs_WR271,5.0,1
positional,WR,271,272,WR271_vs_WR272,0.0,1
positional,WR,272,273,WR272_vs_WR273,0.0,1
positional,WR,273,274,WR273_vs_WR274,6.0,1
positional,WR,274,275,WR274_vs_WR275,0.0,1
positional,WR,275,276,WR275_vs_WR276,0.0,1
positional,WR,276,277,WR276_vs_WR277,2.0,1
positional,WR,277,278,WR277_vs_WR278,0.0,1
positional,WR,278,279,WR278_vs_WR279,0.0,1
positional,WR,279,280,WR279_vs_WR280,11.0,1
positional,WR,280,281,WR280_vs_WR281,0.0,1
positional,WR,281,282,WR281_vs_WR282,0.0,1
positional,WR,282,283,WR282_vs_WR283,14.0,1
positional,WR,283,284,WR283_vs_WR284,0.0,1
positional,WR,284,285,WR284_vs_WR285,0.0,1
positional,WR,285,286,WR285_vs_WR286,25.0,1
positional,WR,286,287,WR286_vs_WR287,0.0,1
positional,WR,287,288,WR287_vs_WR288,0.0,1
positional,WR,288,289,WR288_vs_WR289,29.0,1
positional,WR,289,290,WR289_vs_WR290,0.0,1
positional,WR,290,291,WR290_vs_WR291,0.0,1
positional,WR,291,292,WR291_vs_WR292,5.0,1
positional,WR,292,293,WR292_vs_WR293,0.0,1
positional,WR,293,294,WR293_vs_WR294,0.0,1
positional,WR,294,295,WR294_vs_WR295,12.0,1
positional,WR,295,296,WR295_vs_WR296,0.0,1
positional,WR,296,297,WR296_vs_WR297,0.0,1
positional,WR,297,298,WR297_vs_WR298,13.0,1
positional,WR,298,299,WR298_vs_WR299,0.0,1
positional,WR,299,300,WR299_vs_WR300,0.0,1
positional,WR,300,301,WR300_vs_WR301,34.0,1
positional,WR,301,302,WR301_vs_WR302,0.0,1
positional,WR,302,303,WR302_vs_WR303,0.0,1
positional,WR,303,304,WR303_vs_WR304,16.0,1
positional,WR,304,305,WR304_vs_WR305,0.0,1
positional,WR,305,306,WR305_vs_WR306,0.0,1
positional,WR,306,307,WR306_vs_WR307,24.0,1
positional,WR,307,308,WR307_vs_WR308,0.0,1
positional,WR,308,309,WR308_vs_WR309,0.0,1
positional,WR,309,310,WR309_vs_WR310,5.0,1
positional,WR,310,311,WR310_vs_WR311,0.0,1
positional,WR,311,312,WR311_vs_WR312,0.0,1
positional,WR,312,313,WR312_vs_WR313,6.0,1
positional,WR,313,314,WR313_vs_WR314,0.0,1
positional,WR,314,315,WR314_vs_WR315,0.0,1
positional,WR,315,316,WR315_vs_WR316,14.0,1
positional,WR,316,317,WR316_vs_WR317,0.0,1
positional,WR,317,318,WR317_vs_WR318,0.0,1
positional,WR,318,319,WR318_vs_WR319,14.0,1
positional,WR,319,320,WR319_vs_WR320,0.0,1
positional,WR,320,321,WR320_vs_WR321,0.0,1
positional,WR,321,322,WR321_vs_WR322,3.0,1
positional,WR,322,323,WR322_vs_WR323,0.0,1
positional,WR,323,324,WR323_vs_WR324,0.0,1
positional,WR,324,325,WR324_vs_WR325,20.0,1
positional,WR,325,326,WR325_vs_WR326,0.0,1
positional,WR,326,327,WR326_vs_WR327,0.0,1
positional,WR,327,328,WR327_vs_WR328,92.0,1
positional,WR,328,329,WR328_vs_WR329,0.0,1
positional,WR,329,330,WR329_vs_WR330,0.0,1
positional,WR,330,331,WR330_vs_WR331,25.0,1
positional,WR,331,332,WR331_vs_WR332,0.0,1
positional,WR,332,333,WR332_vs_WR333,0.0,1
positional,WR,333,334,WR333_vs_WR334,9.0,1
positional,WR,334,335,WR334_vs_WR335,0.0,1
positional,WR,335,336,WR335_vs_WR336,0.0,1
positional,WR,336,337,WR336_vs_WR337,48.0,1
positional,WR,337,338,WR337_vs_WR338,0.0,1
positional,WR,338,339,WR338_vs_WR339,0.0,1
positional,WR,339,340,WR339_vs_WR340,7.0,1
positional,WR,340,341,WR340_vs_WR341,0.0,1
positional,WR,341,342,WR341_vs_WR342,0.0,1
positional,WR,342,343,WR342_vs_WR343,21.0,1
positional,WR,343,344,WR343_vs_WR344,0.0,1
positional,WR,344,345,WR344_vs_WR345,0.0,1
positional,WR,345,346,WR345_vs_WR346,12.0,1
positional,WR,346,347,WR346_vs_WR347,0.0,1
positional,WR,347,348,WR347_vs_WR348,0.0,1
positional,WR,348,349,WR348_vs_WR349,8.0,1
positional,WR,349,350,WR349_vs_WR350,0.0,1
positional,WR,350,351,WR350_vs_WR351,0.0,1
positional,WR,351,352,WR351_vs_WR352,27.0,1
positional,WR,352,353,WR352_vs_WR353,0.0,1
positional,WR,353,354,WR353_vs_WR354,0.0,1
positional,WR,354,355,WR354_vs_WR355,27.0,1
positional,WR,355,356,WR355_vs_WR356,0.0,1
positional,WR,356,357,WR356_vs_WR357,0.0,1
positional,WR,357,358,WR357_vs_WR358,21.0,1
positional,WR,358,359,WR358_vs_WR359,0.0,1
positional,WR,359,360,WR359_vs_WR360,0.0,1
positional,WR,360,361,WR360_vs_WR361,2.0,1
positional,WR,361,362,WR361_vs_WR362,0.0,1
positional,WR,362,363,WR362_vs_WR363,0.0,1
positional,WR,363,364,WR363_vs_WR364,40.0,1
positional,WR,364,365,WR364_vs_WR365,0.0,1
positional,WR,365,366,WR365_vs_WR366,0.0,1
positional,WR,366,367,WR366_vs_WR367,42.0,1
positional,WR,367,368,WR367_vs_WR368,0.0,1
positional,WR,368,369,WR368_vs_WR369,0.0,1
positional,WR,369,370,WR369_vs_WR370,5.0,1
positional,WR,370,371,WR370_vs_WR371,0.0,1
positional,WR,371,372,WR371_vs_WR372,0.0,1
positional,WR,372,373,WR372_vs_WR373,8.0,1
positional,WR,373,374,WR373_vs_WR374,0.0,1
positional,WR,374,375,WR374_vs_WR375,0.0,1
positional,WR,375,376,WR375_vs_WR376,25.0,1
positional,WR,376,377,WR376_vs_WR377,0.0,1
positional,WR,377,378,WR377_vs_WR378,0.0,1
positional,WR,378,379,WR378_vs_WR379,11.0,1
positional,WR,379,380,WR379_vs_WR380,0.0,1
positional,WR,380,381,WR380_vs_WR381,0.0,1
positional,WR,381,382,WR381_vs_WR382,16.0,1
positional,WR,382,383,WR382_vs_WR383,0.0,1
positional,WR,383,384,WR383_vs_WR384,0.0,1
positional,WR,384,385,WR384_vs_WR385,27.0,1
positional,WR,385,386,WR385_vs_WR386,0.0,1
positional,WR,386,387,WR386_vs_WR387,0.0,1
positional,WR,387,388,WR387_vs_WR388,8.0,1
positional,WR,388,389,WR388_vs_WR389,0.0,1
positional,WR,389,390,WR389_vs_WR390,0.0,1
positional,WR,390,391,WR390_vs_WR391,0.0,1
positional,WR,391,392,WR391_vs_WR392,0.0,1
positional,WR,392,393,WR392_vs_WR393,0.0,1
positional,WR,393,394,WR393_vs_WR394,12.0,1
positional,WR,394,395,WR394_vs_WR395,0.0,1
positional,WR,395,396,WR395_vs_WR396,0.0,1
positional,WR,396,397,WR396_vs_WR397,20.0,1
positional,WR,397,398,WR397_vs_WR398,0.0,1
positional,WR,398,399,WR398_vs_WR399,0.0,1
positional,WR,399,400,WR399_vs_WR400,38.0,1
positional,WR,400,401,WR400_vs_WR401,0.0,1
positional,WR,401,402,WR401_vs_WR402,0.0,1
positional,WR,402,403,WR402_vs_WR403,8.0,1
positional,WR,403,404,WR403_vs_WR404,0.0,1
positional,WR,404,405,WR404_vs_WR405,0.0,1
positional,WR,405,406,WR405_vs_WR406,13.0,1
positional,WR,406,407,WR406_vs_WR407,0.0,1
positional,WR,407,408,WR407_vs_WR408,0.0,1
positional,WR,408,409,WR408_vs_WR409,14.0,1
positional,WR,409,410,WR409_vs_WR410,0.0,1
positional,WR,410,411,WR410_vs_WR411,0.0,1
positional,WR,411,412,WR411_vs_WR412,7.0,1
positional,WR,412,413,WR412_vs_WR413,0.0,1
positional,WR,413,414,WR413_vs_WR414,0.0,1
positional,WR,414,415,WR414_vs_WR415,16.0,1
positional,WR,415,416,WR415_vs_WR416,0.0,1
positional,WR,416,417,WR416_vs_WR417,0.0,1
positional,WR,417,418,WR417_vs_WR418,2.0,1
positional,WR,418,419,WR418_vs_WR419,0.0,1
positional,WR,419,420,WR419_vs_WR420,0.0,1
positional,WR,420,421,WR420_vs_WR421,0.0,1
positional,WR,421,422,WR421_vs_WR422,0.0,1
positional,WR,422,423,WR422_vs_WR423,0.0,1
positional,WR,423,424,WR423_vs_WR424,2.0,1
positional,WR,424,425,WR424_vs_WR425,0.0,1
positional,WR,425,426,WR425_vs_WR426,0.0,1
positional,WR,426,427,WR426_vs_WR427,1.0,1
positional,WR,427,428,WR427_vs_WR428,0.0,1
positional,WR,428,429,WR428_vs_WR429,0.0,1
positional,WR,429,430,WR429_vs_WR430,0.0,1
positional,WR,430,431,WR430_vs_WR431,0.0,1
positional,WR,431,432,WR431_vs_WR432,0.0,1
positional,WR,432,433,WR432_vs_WR433,7.0,1
positional,WR,433,434,WR433_vs_WR434,0.0,1
positional,WR,434,435,WR434_vs_WR435,0.0,1
positional,WR,435,436,WR435_vs_WR436,48.0,1
positional,WR,436,437,WR436_vs_WR437,0.0,1
positional,WR,437,438,WR437_vs_WR438,0.0,1
positional,WR,438,439,WR438_vs_WR439,12.0,1
positional,WR,439,440,WR439_vs_WR440,0.0,1
positional,WR,440,441,WR440_vs_WR441,0.0,1
positional,WR,441,442,WR441_vs_WR442,4.0,1
positional,WR,442,443,WR442_vs_WR443,0.0,1
positional,WR,443,444,WR443_vs_WR444,0.0,1
positional,WR,444,445,WR444_vs_WR445,2.0,1
positional,WR,445,446,WR445_vs_WR446,0.0,1
positional,WR,446,447,WR446_vs_WR447,0.0,1
positional,WR,447,448,WR447_vs_WR448,24.0,1
positional,WR,448,449,WR448_vs_WR449,0.0,1
positional,WR,449,450,WR449_vs_WR450,0.0,1
positional,WR,450,451,WR450_vs_WR451,24.0,1
positional,WR,451,452,WR451_vs_WR452,0.0,1
positional,WR,452,453,WR452_vs_WR453,0.0,1
positional,WR,453,454,WR453_vs_WR454,10.0,1
positional,WR,454,455,WR454_vs_WR455,0.0,1
positional,WR,455,456,WR455_vs_WR456,0.0,1
positional,WR,456,457,WR456_vs_WR457,20.0,1
positional,WR,457,458,WR457_vs_WR458,0.0,1
positional,WR,458,459,WR458_vs_WR459,0.0,1
positional,WR,459,460,WR459_vs_WR460,18.0,1
positional,WR,460,461,WR460_vs_WR461,0.0,1
positional,WR,461,462,WR461_vs_WR462,0.0,1
positional,WR,462,463,WR462_vs_WR463,1.0,1
positional,WR,463,464,WR463_vs_WR464,0.0,1
positional,WR,464,465,WR464_vs_WR465,0.0,1
positional,WR,465,466,WR465_vs_WR466,3.0,1
positional,WR,466,467,WR466_vs_WR467,0.0,1
positional,WR,467,468,WR467_vs_WR468,0.0,1
positional,WR,468,469,WR468_vs_WR469,4.0,1
positional,WR,469,470,WR469_vs_WR470,0.0,1
positional,WR,470,471,WR470_vs_WR471,0.0,1
positional,WR,471,472,WR471_vs_WR472,17.0,1
positional,WR,472,473,WR472_vs_WR473,0.0,1
positional,WR,473,474,WR473_vs_WR474,0.0,1
positional,WR,474,475,WR474_vs_WR475,10.0,1
positional,WR,475,476,WR475_vs_WR476,0.0,1
positional,WR,476,477,WR476_vs_WR477,0.0,1
positional,WR,477,478,WR477_vs_WR478,5.0,1
positional,WR,478,479,WR478_vs_WR479,0.0,1
positional,WR,479,480,WR479_vs_WR480,0.0,1
positional,WR,480,481,WR480_vs_WR481,11.0,1
positional,WR,481,482,WR481_vs_WR482,0.0,1
positional,WR,482,483,WR482_vs_WR483,0.0,1
positional,WR,483,484,WR483_vs_WR484,17.0,1
positional,WR,484,485,WR484_vs_WR485,0.0,1
positional,WR,485,486,WR485_vs_WR486,0.0,1
positional,WR,486,487,WR486_vs_WR487,1.0,1
positional,WR,487,488,WR487_vs_WR488,0.0,1
positional,WR,488,489,WR488_vs_WR489,0.0,1
positional,WR,489,490,WR489_vs_WR490,10.0,1
positional,WR,490,491,WR490_vs_WR491,0.0,1
positional,WR,491,492,WR491_vs_WR492,0.0,1
positional,WR,492,493,WR492_vs_WR493,5.0,1
positional,WR,493,494,WR493_vs_WR494,0.0,1
positional,WR,494,495,WR494_vs_WR495,0.0,1
positional,WR,495,496,WR495_vs_WR496,13.0,1
positional,WR,496,497,WR496_vs_WR497,0.0,1
positional,WR,497,498,WR497_vs_WR498,0.0,1
positional,WR,498,499,WR498_vs_WR499,1.0,1
positional,WR,499,500,WR499_vs_WR500,0.0,1
positional,WR,500,501,WR500_vs_WR501,0.0,1
positional,WR,501,502,WR501_vs_WR502,10.0,1
positional,WR,502,503,WR502_vs_WR503,0.0,1
positional,WR,503,504,WR503_vs_WR504,0.0,1
positional,WR,504,505,WR504_vs_WR505,1.0,1
positional,WR,505,506,WR505_vs_WR506,0.0,1
positional,WR,506,507,WR506_vs_WR507,0.0,1
positional,WR,507,508,WR507_vs_WR508,15.0,1
positional,WR,508,509,WR508_vs_WR509,0.0,1
positional,WR,509,510,WR509_vs_WR510,0.0,1
positional,WR,510,511,WR510_vs_WR511,12.0,1
positional,WR,511,512,WR511_vs_WR512,0.0,1
positional,WR,512,513,WR512_vs_WR513,0.0,1
positional,WR,513,514,WR513_vs_WR514,4.0,1
positional,WR,514,515,WR514_vs_WR515,0.0,1
positional,WR,515,516,WR515_vs_WR516,0.0,1
positional,WR,516,517,WR516_vs_WR517,2.0,1
positional,WR,517,518,WR517_vs_WR518,0.0,1
positional,WR,518,519,WR518_vs_WR519,0.0,1
positional,WR,519,520,WR519_vs_WR520,1.0,1
positional,WR,520,521,WR520_vs_WR521,0.0,1
positional,WR,521,522,WR521_vs_WR522,0.0,1
positional,WR,522,523,WR522_vs_WR523,10.0,1
positional,WR,523,524,WR523_vs_WR524,0.0,1
positional,WR,524,525,WR524_vs_WR525,0.0,1
positional,WR,525,526,WR525_vs_WR526,8.0,1
positional,WR,526,527,WR526_vs_WR527,0.0,1
positional,WR,527,528,WR527_vs_WR528,0.0,1
positional,WR,528,529,WR528_vs_WR529,13.0,1
positional,WR,529,530,WR529_vs_WR530,0.0,1
positional,WR,530,531,WR530_vs_WR531,0.0,1
positional,WR,531,532,WR531_vs_WR532,5.0,1
positional,WR,532,533,WR532_vs_WR533,0.0,1
positional,WR,533,534,WR533_vs_WR534,0.0,1
positional,WR,534,535,WR534_vs_WR535,1.0,1
positional,WR,535,536,WR535_vs_WR536,0.0,1
positional,WR,536,537,WR536_vs_WR537,0.0,1
positional,WR,537,538,WR537_vs_WR538,21.0,1
positional,WR,538,539,WR538_vs_WR539,0.0,1
positional,WR,539,540,WR539_vs_WR540,0.0,1
positional,WR,540,541,WR540_vs_WR541,5.0,1
positional,WR,541,542,WR541_vs_WR542,0.0,1
positional,WR,542,543,WR542_vs_WR543,0.0,1
positional,WR,543,544,WR543_vs_WR544,4.0,1
positional,WR,544,545,WR544_vs_WR545,0.0,1
positional,WR,545,546,WR545_vs_WR546,0.0,1
positional,WR,546,547,WR546_vs_WR547,59.0,1
positional,WR,547,548,WR547_vs_WR548,0.0,1
positional,WR,548,549,WR548_vs_WR549,0.0,1
positional,WR,549,550,WR549_vs_WR550,44.0,1
positional,WR,550,551,WR550_vs_WR551,0.0,1
positional,WR,551,552,WR551_vs_WR552,0.0,1
