player_id,player_name,player_display_name,position,position_group,headshot_url,season,season_type,recent_team,games,completions,attempts,passing_yards,passing_tds,passing_interceptions,sacks_suffered,sack_yards_lost,sack_fumbles,sack_fumbles_lost,passing_air_yards,passing_yards_after_catch,passing_first_downs,passing_epa,passing_cpoe,passing_2pt_conversions,pacr,carries,rushing_yards,rushing_tds,rushing_fumbles,rushing_fumbles_lost,rushing_first_downs,rushing_epa,rushing_2pt_conversions,receptions,targets,receiving_yards,receiving_tds,receiving_fumbles,receiving_fumbles_lost,receiving_air_yards,receiving_yards_after_catch,receiving_first_downs,receiving_epa,receiving_2pt_conversions,racr,target_share,air_yards_share,wopr,special_teams_tds,def_tackles_solo,def_tackles_with_assist,def_tackle_assists,def_tackles_for_loss,def_tackles_for_loss_yards,def_fumbles_forced,def_sacks,def_sack_yards,def_qb_hits,def_interceptions,def_interception_yards,def_pass_defended,def_tds,def_fumbles,def_safeties,misc_yards,fumble_recovery_own,fumble_recovery_yards_own,fumble_recovery_opp,fumble_recovery_yards_opp,fumble_recovery_tds,penalties,penalty_yards,punt_returns,punt_return_yards,kickoff_returns,kickoff_return_yards,fg_made,fg_att,fg_missed,fg_blocked,fg_long,fg_pct,fg_made_0_19,fg_made_20_29,fg_made_30_39,fg_made_40_49,fg_made_50_59,fg_made_60_,fg_missed_0_19,fg_missed_20_29,fg_missed_30_39,fg_missed_40_49,fg_missed_50_59,fg_missed_60_,fg_made_list,fg_missed_list,fg_blocked_list,fg_made_distance,fg_missed_distance,fg_blocked_distance,pat_made,pat_att,pat_missed,pat_blocked,pat_pct,gwfg_made,gwfg_att,gwfg_missed,gwfg_blocked,gwfg_distance_list,fantasy_points,fantasy_points_ppr
00-0000045,F.Adams,Flozell Adams,OT,OL,"https://static.www.nfl.com/image/private/f_auto,q_auto/league/tvzbhead7hjhqpcbilgc",2007,REG+POST,DAL,11,0,0,0,0,0,0,0,0,0,0,0,0,,,0,,0,0,0,0,0,0,,0,0,0,0,0,0,0,0,0,0,,0,,,0,,0,0,0,0,0,0,0,0,0,0,0,0,0,0,0,0,0,2,2,0,0,0,15,100,0,0,0,0,0,0,0,0,,,0,0,0,0,0,0,0,0,0,0,0,0,,,,0,0,0,0,0,0,0,,0,0,0,0,,0,0
00-0000065,S.Adams,Sam Adams,DT,DL,"https://static.www.nfl.com/image/private/f_auto,q_auto/league/pqwbc18lkp6evgok8768",2007,REG,DEN,7,0,0,0,0,0,0,0,0,0,0,0,0,,,0,,0,0,0,0,0,0,,0,0,0,0,0,0,0,0,0,0,,0,,,0,,0,4,1,4,0,0,0,0,0,0,0,0,1,0,0,0,0,0,0,0,0,0,5,25,0,0,0,0,0,0,0,0,,,0,0,0,0,0,0,0,0,0,0,0,0,,,,0,0,0,0,0,0,0,,0,0,0,0,,0,0
00-0000108,D.Akers,David Akers,K,SPEC,"https://static.www.nfl.com/image/private/f_auto,q_auto/league/emsxaumip79uaj7bq8jd",2007,REG,PHI,16,0,0,0,0,0,0,0,0,0,0,0,0,,,0,,0,0,0,0,0,0,,0,0,0,0,0,0,0,0,0,0,,0,,0,0,0,0,1,0,0,0,0,0,0,0,0,0,0,0,0,0,0,0,0,0,0,0,0,0,0,0,0,0,0,24,32,8,0,53,0.75,0,12,10,1,1,0,0,0,0,5,3,0,33;47;24;39;26;22;53;22;31;25;24;33;37;20;27;25;36;34;31;29;39;21;24;38,42;41;41;59;53;48;57;47,,740,388,0,36,36,0,0,1,0,0,0,0,,0,0
00-0000217,L.Allen,Larry Allen,G,OL,"https://static.www.nfl.com/image/private/f_auto,q_auto/league/o51021fppnwxvlql9jly",2007,REG,SF,3,0,0,0,0,0,0,0,0,0,0,0,0,,,0,,0,0,0,0,0,0,,0,0,0,0,0,0,0,0,0,0,,0,,0,0,0,0,1,0,0,0,0,0,0,0,0,0,0,0,0,0,0,0,0,0,0,0,0,2,15,0,0,0,0,0,0,0,0,,,0,0,0,0,0,0,0,0,0,0,0,0,,,,0,0,0,0,0,0,0,,0,0,0,0,,0,0
00-0000282,M.Andersen,Morten Andersen,K,SPEC,"https://static.www.nfl.com/image/private/f_auto,q_auto/league/nk87h6cjuij14iofd5ix",2007,REG,ATL,14,0,0,0,0,0,0,0,0,0,0,0,0,,,0,,0,0,0,0,0,0,,0,0,0,0,0,0,0,0,0,0,,0,,0,0,0,0,0,0,0,0,0,0,0,0,0,0,0,0,0,0,0,0,0,0,0,0,0,0,0,0,0,0,0,25,28,2,1,47,0.892857142857143,0,9,12,4,0,0,0,0,0,2,0,0,24;25;28;22;36;46;32;28;47;38;33;21;33;27;36;47;34;30;41;33;23;21;30;37;32,48;48,42,804,96,42,24,24,0,0,1,0,0,0,0,,0,0
00-0000352,W.Anderson,Willie Anderson,OT,OL,"https://static.www.nfl.com/image/private/f_auto,q_auto/league/zgfskojfejbtmvqndvcb",2007,REG,CIN,2,0,0,0,0,0,0,0,0,0,0,0,0,,,0,,0,0,0,0,0,0,,0,0,0,0,0,0,0,0,0,0,,0,,,0,,0,0,0,0,0,0,0,0,0,0,0,0,0,0,0,0,0,0,0,0,0,0,3,20,0,0,0,0,0,0,0,0,,,0,0,0,0,0,0,0,0,0,0,0,0,,,,0,0,0,0,0,0,0,,0,0,0,0,,0,0
00-0000551,B.Ayanbadejo,Brendon Ayanbadejo,ILB,LB,"https://static.www.nfl.com/image/private/f_auto,q_auto/league/xyeqlkvkt7b5ygv8lrwn",2007,REG,CHI,12,0,0,0,0,0,0,0,0,0,0,0,0,,,0,,0,0,0,0,0,0,,0,0,0,0,0,0,0,0,0,0,,0,,,0,,0,18,1,2,0,0,1,0,0,0,0,0,0,0,0,0,0,1,1,0,0,0,1,5,0,0,0,0,0,0,0,0,,,0,0,0,0,0,0,0,0,0,0,0,0,,,,0,0,0,0,0,0,0,,0,0,0,0,,0,0
00-0000585,C.Bailey,Champ Bailey,CB,DB,"https://static.www.nfl.com/image/private/f_auto,q_auto/league/nxtpe8xo54kxbkyabih6",2007,REG,DEN,15,0,0,0,0,0,0,0,0,0,0,0,0,,,0,,0,0,0,0,0,0,,0,0,0,0,0,0,0,0,0,0,,0,,,0,,0,63,8,13,0,0,0,0,0,1,3,3,14,0,0,0,0,0,0,0,0,0,1,5,0,0,0,0,0,0,0,0,,,0,0,0,0,0,0,0,0,0,0,0,0,,,,0,0,0,0,0,0,0,,0,0,0,0,,0,0
00-0000741,R.Barber,Ronde Barber,FS,DB,"https://static.www.nfl.com/image/private/f_auto,q_auto/league/ye1pozwxxdxdvfvtsl0z",2007,REG+POST,TB,16,0,0,0,0,0,0,0,0,0,0,0,0,,,0,,0,0,0,0,0,0,,0,0,0,0,0,0,0,0,0,0,,0,,0,0,0,0,38,14,12,0,0,1,1,7,1,2,32,14,1,1,0,0,0,0,2,2,1,6,56,0,0,0,0,0,0,0,0,,,0,0,0,0,0,0,0,0,0,0,0,0,,,,0,0,0,0,0,0,0,,0,0,0,0,,0,0
00-0000743,S.Barber,Shawn Barber,LB,LB,"https://static.www.nfl.com/image/private/f_auto,q_auto/league/q1h2br1qdjttqotpvcvs",2007,REG,HOU,5,0,0,0,0,0,0,0,0,0,0,0,0,,,0,,0,0,0,0,0,0,,0,0,0,0,0,0,0,0,0,0,,0,,0,0,0,0,4,0,2,0,0,0,0,0,0,0,0,0,0,0,0,0,0,0,0,0,0,0,0,0,0,0,0,0,0,0,0,,,0,0,0,0,0,0,0,0,0,0,0,0,,,,0,0,0,0,0,0,0,,0,0,0,0,,0,0
00-0000846,E.Barton,Eric Barton,ILB,LB,"https://static.www.nfl.com/image/private/f_auto,q_auto/league/n1mcqe2q9khdadl7k77f",2007,REG,NYJ,16,0,0,0,0,0,0,0,0,0,0,0,0,,,0,,0,0,0,0,0,0,,0,0,0,0,0,0,0,0,0,0,,0,,,0,,0,26,21,26,0,0,0,2,14,4,1,1,2,0,0,0,0,0,0,0,0,0,0,0,0,0,0,0,0,0,0,0,,,0,0,0,0,0,0,0,0,0,0,0,0,,,,0,0,0,0,0,0,0,,0,0,0,0,,0,0
00-0000865,C.Batch,Charlie Batch,QB,QB,"https://static.www.nfl.com/image/private/f_auto,q_auto/league/isysgvqm3qaxybeyhece",2007,REG,PIT,7,17,36,232,2,3,0,0,0,0,432,105,10,-4.57819480240777,-5.61106741428375,0,0.537037037037037,12,-7,0,0,0,0,-9.6027105327521,0,0,0,0,0,0,0,0,0,0,,0,,,0,,0,0,0,0,0,0,0,0,0,0,0,0,0,0,0,0,0,0,0,0,0,0,1,9,0,0,0,0,0,0,0,0,,,0,0,0,0,0,0,0,0,0,0,0,0,,,,0,0,0,0,0,0,0,,0,0,0,0,,10.58,10.58
00-0001058,J.Bellamy,Jay Bellamy,DB,DB,"https://static.www.nfl.com/image/private/f_auto,q_auto/league/lvg23tid66dlvjcenj7j",2007,REG,NO,1,0,0,0,0,0,0,0,0,0,0,0,0,,,0,,0,0,0,0,0,0,,0,0,0,0,0,0,0,0,0,0,,0,,0,0,0,0,1,0,0,0,0,0,0,0,0,0,0,0,0,0,0,0,0,0,0,0,0,0,0,0,0,0,0,0,0,0,0,,,0,0,0,0,0,0,0,0,0,0,0,0,,,,0,0,0,0,0,0,0,,0,0,0,0,,0,0
00-0001157,M.Berger,Mitch Berger,P,SPEC,"https://static.www.nfl.com/image/private/f_auto,q_auto/league/mqdccgnykzgp26fl4uuj",2007,REG,ARI,5,0,0,0,0,0,0,0,0,0,0,0,0,,,0,,1,0,0,1,0,1,0.226181645877659,0,0,0,0,0,0,0,0,0,0,,0,,,0,,0,1,0,0,0,0,0,0,0,0,0,0,0,0,0,0,0,1,2,0,0,0,0,0,0,0,0,0,0,0,0,0,,,0,0,0,0,0,0,0,0,0,0,0,0,,,,0,0,0,0,0,0,0,,0,0,0,0,,0,0
00-0001176,B.Berry,Bertrand Berry,OLB,LB,"https://static.www.nfl.com/image/private/f_auto,q_auto/league/el1qocj9wnctldzgnjlz",2007,REG,ARI,9,0,0,0,0,0,0,0,0,0,0,0,0,,,0,,0,0,0,0,0,0,,0,0,0,0,0,0,0,0,0,0,,0,,,0,,0,14,4,2,0,0,0,2,15.5,4,0,0,1,0,0,0,0,0,0,1,1,0,0,0,0,0,0,0,0,0,0,0,,,0,0,0,0,0,0,0,0,0,0,0,0,,,,0,0,0,0,0,0,0,,0,0,0,0,,0,0
00-0001231,J.Bidwell,Josh Bidwell,P,SPEC,"https://static.www.nfl.com/image/private/f_auto,q_auto/league/k7icadkhemrtt1dxe07x",2007,REG+POST,TB,17,0,0,0,0,0,0,0,0,0,0,0,0,,,0,,0,0,0,0,0,0,,0,0,0,0,0,0,0,0,0,0,,0,,0,0,0,0,0,0,0,0,0,0,0,0,0,0,0,0,0,0,0,0,0,0,0,0,0,0,0,0,0,0,0,0,0,0,0,,,0,0,0,0,0,0,0,0,0,0,0,0,,,,0,0,0,0,0,0,0,,0,0,0,0,,0,0
00-0001255,D.Binn,David Binn,LS,SPEC,"https://static.www.nfl.com/image/private/f_auto,q_auto/league/xcviqx4jjjh4lgwyyndp",2007,POST,LAC,2,0,0,0,0,0,0,0,0,0,0,0,0,,,0,,0,0,0,0,0,0,,0,0,0,0,0,0,0,0,0,0,,0,,,0,,0,1,1,0,0,0,0,0,0,0,0,0,0,0,0,0,0,0,0,0,0,0,0,0,0,0,0,0,0,0,0,0,,,0,0,0,0,0,0,0,0,0,0,0,0,,,,0,0,0,0,0,0,0,,0,0,0,0,,0,0
00-0001263,M.Birk,Matt Birk,C,OL,"https://static.www.nfl.com/image/private/f_auto,q_auto/league/syn6ymqyg85njramfyq3",2007,REG,MIN,6,0,0,0,0,0,0,0,0,0,0,0,0,,,0,,0,0,0,0,0,0,,0,0,0,0,0,0,0,0,0,0,,0,,,0,,0,2,0,0,0,0,0,0,0,0,0,0,0,0,0,0,0,0,1,0,0,0,4,30,0,0,0,0,0,0,0,0,,,0,0,0,0,0,0,0,0,0,0,0,0,,,,0,0,0,0,0,0,0,,0,0,0,0,,0,0
00-0001388,D.Bly,Dre' Bly,CB,DB,"https://static.www.nfl.com/image/private/f_auto,q_auto/league/jdsukqvy9fd9upgypnuh",2007,REG,DEN,16,0,0,0,0,0,0,0,0,0,0,0,0,,,0,,0,0,0,0,0,0,,0,0,0,0,0,0,0,0,0,0,,0,,,0,,0,37,4,10,0,0,0,1,11,1,5,71,14,0,0,0,18,0,0,0,0,0,2,10,2,20,1,23,0,0,0,0,,,0,0,0,0,0,0,0,0,0,0,0,0,,,,0,0,0,0,0,0,0,,0,0,0,0,,0,0
00-0001477,M.Booker,Marty Booker,WR,WR,"https://static.www.nfl.com/image/private/f_auto,q_auto/league/thzjn3ut9gpwnac9zrwx",2007,REG,MIA,15,0,1,0,0,0,0,0,0,0,0,0,0,-0.0112659602891654,-53.120768070221,0,,2,12,0,1,1,2,-2.38682400173275,0,50,0,556,1,0,0,0,127,28,48.4803739980094,0,0,,0,,0,3,0,0,0,0,0,0,0,0,0,0,0,0,0,0,0,0,0,0,0,0,1,10,0,0,2,3,0,0,0,0,,,0,0,0,0,0,0,0,0,0,0,0,0,,,,0,0,0,0,0,0,0,,0,0,0,0,,60.8,110.8
00-0001563,D.Bowens,David Bowens,ILB,LB,"https://static.www.nfl.com/image/private/f_auto,q_auto/league/iextaifd6jvbebrxydjp",2007,REG,NYJ,14,0,0,0,0,0,0,0,0,0,0,0,0,,,0,,0,0,0,0,0,0,,0,0,0,0,0,0,0,0,0,0,,0,,,0,,1,11,9,6,0,0,0,2.5,12,5,0,0,3,0,0,0,26,0,0,0,0,0,0,0,0,0,3,30,0,0,0,0,,,0,0,0,0,0,0,0,0,0,0,0,0,,,,0,0,0,0,0,0,0,,0,0,0,0,,6,6
00-0001661,K.Brady,Kyle Brady,TE,TE,"https://static.www.nfl.com/image/private/f_auto,q_auto/league/cbfkt8kpdkyq9yikpooi",2007,REG+POST,NE,10,0,0,0,0,0,0,0,0,0,0,0,0,,,0,,0,0,0,0,0,0,,0,11,0,85,2,0,0,0,33,6,7.10346765548457,0,0,,0,,0,0,0,0,0,0,0,0,0,0,0,0,0,0,0,0,0,0,0,0,0,0,3,25,0,0,0,0,0,0,0,0,,,0,0,0,0,0,0,0,0,0,0,0,0,,,,0,0,0,0,0,0,0,,0,0,0,0,,20.5,31.5
00-0001820,K.Brooking,Keith Brooking,MLB,LB,"https://static.www.nfl.com/image/private/f_auto,q_auto/league/mpkiqtbe16s0palpf99k",2007,REG,ATL,16,0,0,0,0,0,0,0,0,0,0,0,0,,,0,,0,0,0,0,0,0,,0,0,0,0,0,0,0,0,0,0,,0,,0,0,0,0,75,9,26,0,0,0,2,13,3,0,0,4,0,0,0,0,0,0,1,1,0,2,30,0,0,0,0,0,0,0,0,,,0,0,0,0,0,0,0,0,0,0,0,0,,,,0,0,0,0,0,0,0,,0,0,0,0,,0,0
00-0001833,D.Brooks,Derrick Brooks,OLB,LB,"https://static.www.nfl.com/image/private/f_auto,q_auto/league/z58atlnvyqyfobqrv1ca",2007,REG+POST,TB,17,0,0,0,0,0,0,0,0,0,0,0,0,,,0,,0,0,0,0,0,0,,0,0,0,0,0,0,0,0,0,0,,0,,0,0,0,0,71,21,28,0,0,3,0,0,0,0,0,1,0,0,0,0,0,0,0,0,0,5,42,0,0,0,0,0,0,0,0,,,0,0,0,0,0,0,0,0,0,0,0,0,,,,0,0,0,0,0,0,0,,0,0,0,0,,0,0
00-0001887,C.Brown,Chad Brown,LB,LB,"https://static.www.nfl.com/image/private/f_auto,q_auto/league/psp1kqxbdogqownj8edh",2007,REG,NE,2,0,0,0,0,0,0,0,0,0,0,0,0,,,0,,0,0,0,0,0,0,,0,0,0,0,0,0,0,0,0,0,,0,,,0,,0,0,1,1,0,0,0,0,0,0,0,0,0,0,0,0,0,0,0,0,0,0,1,5,0,0,0,0,0,0,0,0,,,0,0,0,0,0,0,0,0,0,0,0,0,,,,0,0,0,0,0,0,0,,0,0,0,0,,0,0
00-0001934,F.Brown,Fakhir Brown,CB,DB,"https://static.www.nfl.com/image/private/f_auto,q_auto/league/xprrin9ydmpj97mh4dyk",2007,REG,LA,12,0,0,0,0,0,0,0,0,0,0,0,0,,,0,,0,0,0,0,0,0,,0,0,0,0,0,0,0,0,0,0,,0,,,0,,0,41,2,4,0,0,0,0,0,0,4,48,15,1,0,0,0,0,0,0,0,0,4,94,0,0,0,0,0,0,0,0,,,0,0,0,0,0,0,0,0,0,0,0,0,,,,0,0,0,0,0,0,0,,0,0,0,0,,0,0
00-0001980,K.Brown,Kris Brown,K,SPEC,"https://static.www.nfl.com/image/private/f_auto,q_auto/league/klxeixm8x8hcbs42ql5a",2007,REG,HOU,16,0,0,0,0,0,0,0,0,0,0,0,0,,,0,,0,0,0,0,0,0,,0,0,0,0,0,0,0,0,0,0,,0,,0,0,0,0,1,0,0,0,0,0,0,0,0,0,0,0,0,0,0,0,0,0,0,0,0,0,0,0,0,0,0,25,29,3,1,57,0.862068965517241,1,6,6,7,5,0,0,1,0,2,0,0,26;28;25;33;33;42;37;19;54;43;54;20;57;20;35;33;40;40;36;53;23;41;45;50;41,25;46;49,43,928,120,43,40,40,0,0,1,1,1,0,0,57,0,0
00-0002041,R.Brown,Ruben Brown,G,OL,"https://static.www.nfl.com/image/private/f_auto,q_auto/league/tufwgbocyimybirmyyzf",2007,REG,CHI,5,0,0,0,0,0,0,0,0,0,0,0,0,,,0,,0,0,0,0,0,0,,0,0,0,0,0,0,0,0,0,0,,0,,,0,,0,2,0,0,0,0,0,0,0,0,0,0,0,0,0,0,0,0,0,0,0,0,5,35,0,0,0,0,0,0,0,0,,,0,0,0,0,0,0,0,0,0,0,0,0,,,,0,0,0,0,0,0,0,,0,0,0,0,,0,0
00-0002068,T.Brown,Troy Brown,WR,WR,"https://static.www.nfl.com/image/private/f_auto,q_auto/league/tejmydwbvuqydw2w3dd2",2007,REG,NE,1,0,0,0,0,0,0,0,0,0,0,0,0,,,0,,0,0,0,0,0,0,,0,0,0,0,0,0,0,0,0,0,,0,,,0,,0,0,0,0,0,0,0,0,0,0,0,0,0,0,1,0,0,0,0,0,0,0,0,0,6,55,0,0,0,0,0,0,,,0,0,0,0,0,0,0,0,0,0,0,0,,,,0,0,0,0,0,0,0,,0,0,0,0,,0,0
00-0002099,I.Bruce,Isaac Bruce,WR,WR,"https://static.www.nfl.com/image/private/f_auto,q_auto/league/txgl2lvmyu3m28cltnib",2007,REG,LA,13,0,0,0,0,0,0,0,0,0,0,0,0,,,0,,2,-4,0,0,0,0,-1.8634189349832,0,55,0,733,4,0,0,0,119,36,60.7221521913123,0,0,,0,,0,0,0,0,0,0,0,0,0,0,0,0,0,0,0,0,0,0,0,0,0,0,0,0,0,0,0,0,0,0,0,0,,,0,0,0,0,0,0,0,0,0,0,0,0,,,,0,0,0,0,0,0,0,,0,0,0,0,,96.9,151.9
00-0002102,M.Bruener,Mark Bruener,TE,TE,"https://static.www.nfl.com/image/private/f_auto,q_auto/league/hmywleip3n6bwfgvatsi",2007,REG,HOU,2,0,0,0,0,0,0,0,0,0,0,0,0,,,0,,0,0,0,0,0,0,,0,0,0,0,0,0,0,0,0,0,,0,,0,0,0,0,0,0,0,0,0,0,0,0,0,0,0,0,0,0,0,0,0,0,0,0,0,2,20,0,0,0,0,0,0,0,0,,,0,0,0,0,0,0,0,0,0,0,0,0,,,,0,0,0,0,0,0,0,,0,0,0,0,,0,0
00-0002123,T.Bruschi,Tedy Bruschi,ILB,LB,"https://static.www.nfl.com/image/private/f_auto,q_auto/league/iqrno1bbzaixympp1a1v",2007,REG+POST,NE,19,0,0,0,0,0,0,0,0,0,0,0,0,,,0,,0,0,0,0,0,0,,0,0,0,0,0,0,0,0,0,0,,0,,,0,,0,45,33,38,0,0,0,2.5,19.5,5,0,0,3,0,0,0,0,0,0,0,0,0,1,5,0,0,0,0,0,0,0,0,,,0,0,0,0,0,0,0,0,0,0,0,0,,,,0,0,0,0,0,0,0,,0,0,0,0,,0,0
00-0002138,F.Bryant,Fernando Bryant,DB,DB,"https://static.www.nfl.com/image/private/f_auto,q_auto/league/qunx7qxyqpxt7qzmsqp6",2007,REG,DET,16,0,0,0,0,0,0,0,0,0,0,0,0,,,0,,0,0,0,0,0,0,,0,0,0,0,0,0,0,0,0,0,,0,,,0,,0,54,5,10,0,0,1,0,0,1,2,0,13,0,0,0,0,0,0,0,0,0,3,34,0,0,0,0,0,0,0,0,,,0,0,0,0,0,0,0,0,0,0,0,0,,,,0,0,0,0,0,0,0,,0,0,0,0,,0,0
00-0002565,D.Campbell,Dan Campbell,TE,TE,"https://static.www.nfl.com/image/private/f_auto,q_auto/league/mjqfip0ythczsmgwwqze",2007,REG,DET,1,0,0,0,0,0,0,0,0,0,0,0,0,,,0,,0,0,0,0,0,0,,0,1,0,1,0,0,0,0,0,0,-0.592115527251735,0,0,,0,,0,0,0,0,0,0,0,0,0,0,0,0,0,0,0,0,0,0,0,0,0,0,0,0,0,0,0,0,0,0,0,0,,,0,0,0,0,0,0,0,0,0,0,0,0,,,,0,0,0,0,0,0,0,,0,0,0,0,,0.1,1.1
00-0002655,J.Carney,John Carney,K,SPEC,"https://static.www.nfl.com/image/private/f_auto,q_auto/league/vayogcgph7k6j3uhza5d",2007,REG,KC,13,0,0,0,0,0,0,0,0,0,0,0,0,,,0,,0,0,0,0,0,0,,0,0,0,0,0,0,0,0,0,0,,0,,,0,,0,0,0,0,0,0,0,0,0,0,0,0,0,0,0,0,0,0,0,0,0,0,0,0,0,0,0,0,12,14,2,0,41,0.857142857142857,2,3,5,2,0,0,0,0,0,2,0,0,35;27;19;27;18;20;37;41;30;38;36;40,48;42,,368,90,0,27,28,0,1,0.964285714285714,0,0,0,0,,0,0
00-0002742,K.Carter,Kevin Carter,DE,DL,"https://static.www.nfl.com/image/private/f_auto,q_auto/league/dq4xapoi6auskplt1qrv",2007,REG+POST,TB,16,0,0,0,0,0,0,0,0,0,0,0,0,,,0,,0,0,0,0,0,0,,0,0,0,0,0,0,0,0,0,0,,0,,0,0,0,0,21,13,12,0,0,0,3,25.5,10,0,0,1,0,0,0,0,0,0,1,1,0,2,10,0,0,0,0,0,0,0,0,,,0,0,0,0,0,0,0,0,0,0,0,0,,,,0,0,0,0,0,0,0,,0,0,0,0,,0,0
00-0002909,M.Chatham,Matt Chatham,LB,LB,"https://static.www.nfl.com/image/private/f_auto,q_auto/league/wvxvyo70xgxzfqcd7rp5",2007,REG,NYJ,8,0,0,0,0,0,0,0,0,0,0,0,0,,,0,,0,0,0,0,0,0,,0,0,0,0,0,0,0,0,0,0,,0,,,0,,0,10,2,6,0,0,0,0,0,0,0,0,0,0,0,0,0,0,0,0,0,0,3,30,0,0,1,5,0,0,0,0,,,0,0,0,0,0,0,0,0,0,0,0,0,,,,0,0,0,0,0,0,0,,0,0,0,0,,0,0
00-0002919,C.Chavous,Corey Chavous,S,DB,"https://static.www.nfl.com/image/private/f_auto,q_auto/league/scj5o61uhyqjkc19wt4k",2007,REG,LA,14,0,0,0,0,0,0,0,0,0,0,0,0,,,0,,0,0,0,0,0,0,,0,0,0,0,0,0,0,0,0,0,,0,,,0,,0,54,9,11,0,0,1,3,25,4,0,0,3,0,0,0,0,0,0,0,0,0,2,10,0,0,0,0,0,0,0,0,,,0,0,0,0,0,0,0,0,0,0,0,0,,,,0,0,0,0,0,0,0,,0,0,0,0,,0,0
00-0003035,D.Clark,Desmond Clark,TE,TE,"https://static.www.nfl.com/image/private/f_auto,q_auto/league/g9lsnunxeacqezoeq7pk",2007,REG,CHI,15,0,0,0,0,0,0,0,0,0,0,0,0,,,0,,0,0,0,0,0,0,,0,44,0,545,4,1,0,0,234,24,42.8159559327178,0,0,,0,,0,1,0,0,0,0,0,0,0,0,0,0,0,0,0,0,0,0,0,0,0,0,5,29,0,0,0,0,0,0,0,0,,,0,0,0,0,0,0,0,0,0,0,0,0,,,,0,0,0,0,0,0,0,,0,0,0,0,,78.5,122.5
00-0003105,A.Clement,Anthony Clement,OT,OL,"https://static.www.nfl.com/image/private/f_auto,q_auto/league/zkgotx266qrgygs29qot",2007,REG,NYJ,4,0,0,0,0,0,0,0,0,0,0,0,0,,,0,,0,0,0,0,0,0,,0,0,0,0,0,0,0,0,0,0,,0,,,0,,0,0,0,0,0,0,0,0,0,0,0,0,0,0,0,0,0,1,1,0,0,0,4,33,0,0,0,0,0,0,0,0,,,0,0,0,0,0,0,0,0,0,0,0,0,,,,0,0,0,0,0,0,0,,0,0,0,0,,0,0
00-0003239,R.Coleman,Rod Coleman,DT,DL,"https://static.www.nfl.com/image/private/f_auto,q_auto/league/fxowpouclwhx8zerf2ep",2007,REG,ATL,4,0,0,0,0,0,0,0,0,0,0,0,0,,,0,,0,0,0,0,0,0,,0,0,0,0,0,0,0,0,0,0,,0,,0,0,0,0,5,0,2,0,0,1,2,8,1,0,0,1,0,0,0,0,0,0,0,0,0,1,5,0,0,0,0,0,0,0,0,,,0,0,0,0,0,0,0,0,0,0,0,0,,,,0,0,0,0,0,0,0,,0,0,0,0,,0,0
00-0003292,K.Collins,Kerry Collins,QB,QB,"https://static.www.nfl.com/image/private/f_auto,q_auto/league/jse9o88qf7weuicc1wwz",2007,REG,TEN,6,50,82,531,0,0,5,-42,1,1,678,224,30,3.70505534460057,-0.652074414055522,0,0.783185840707965,3,-3,0,0,0,0,-3.57812164706411,0,0,0,0,0,0,0,0,0,0,,0,,,0,,0,0,0,0,0,0,0,0,0,0,0,0,0,0,0,0,0,0,0,0,0,0,1,5,0,0,0,0,0,0,0,0,,,0,0,0,0,0,0,0,0,0,0,0,0,,,,0,0,0,0,0,0,0,,0,0,0,0,,18.94,18.94
00-0003315,T.Collins,Todd Collins,QB,QB,"https://static.www.nfl.com/image/private/f_auto,q_auto/league/vggpgpp9tb4aoeejafze",2007,REG+POST,WAS,5,96,155,1154,7,2,10,-69,3,2,1216,484,58,9.0698368098497,2.90925168718388,0,0.949013157894737,10,3,0,2,0,3,-7.1860584258684,0,0,0,0,0,0,0,0,0,0,,0,,,0,,0,0,0,0,0,0,0,0,0,0,0,0,0,0,0,0,0,2,3,0,0,0,2,16,0,0,0,0,0,0,0,0,,,0,0,0,0,0,0,0,0,0,0,0,0,,,,0,0,0,0,0,0,0,,0,0,0,0,,66.46,66.46
00-0003338,R.Colvin,Rosevelt Colvin,LB,LB,"https://static.www.nfl.com/image/private/f_auto,q_auto/league/kxcizznpvmun30gk56qs",2007,REG,NE,8,0,0,0,0,0,0,0,0,0,0,0,0,,,0,,0,0,0,0,0,0,,0,0,0,0,0,0,0,0,0,0,,0,,,0,,0,11,6,10,0,0,3,4,37,2,1,4,2,0,0,0,0,0,0,2,2,1,2,10,0,0,0,0,0,0,0,0,,,0,0,0,0,0,0,0,0,0,0,0,0,,,,0,0,0,0,0,0,0,,0,0,0,0,,0,0
00-0003547,T.Cousin,Terry Cousin,DB,DB,"https://static.www.nfl.com/image/private/f_auto,q_auto/league/jstthwwo7huweibinwre",2007,REG+POST,JAX,16,0,0,0,0,0,0,0,0,0,0,0,0,,,0,,0,0,0,0,0,0,,0,0,0,0,0,0,0,0,0,0,,0,,,0,,0,43,11,4,0,0,1,1,10,1,1,9,4,0,0,0,0,0,0,0,0,0,2,20,0,0,0,0,0,0,0,0,,,0,0,0,0,0,0,0,0,0,0,0,0,,,,0,0,0,0,0,0,0,,0,0,0,0,,0,0
00-0003597,J.Craft,Jason Craft,DB,DB,"https://static.www.nfl.com/image/private/f_auto,q_auto/league/aoj4pssk8pmmqx8w7mns",2007,REG,NO,15,0,0,0,0,0,0,0,0,0,0,0,0,,,0,,0,0,0,0,0,0,,0,0,0,0,0,0,0,0,0,0,,0,,0,0,0,0,47,4,5,0,0,1,0,0,2,2,21,9,0,0,0,0,0,0,0,0,0,1,5,1,0,0,0,0,0,0,0,,,0,0,0,0,0,0,0,0,0,0,0,0,,,,0,0,0,0,0,0,0,,0,0,0,0,,0,0
00-0003663,Z.Crockett,Zack Crockett,RB,RB,"https://static.www.nfl.com/image/private/f_auto,q_auto/league/sf1zvlx6pabbv5gtqece",2007,REG,TB,1,0,0,0,0,0,0,0,0,0,0,0,0,,,0,,1,0,0,0,0,0,-0.584803555975668,0,0,0,0,0,0,0,0,0,0,,0,,0,0,0,0,0,0,0,0,0,0,0,0,0,0,0,0,0,0,0,0,0,0,0,0,0,0,0,0,0,0,0,0,0,0,0,,,0,0,0,0,0,0,0,0,0,0,0,0,,,,0,0,0,0,0,0,0,,0,0,0,0,,0,0
00-0003739,D.Culpepper,Daunte Culpepper,QB,QB,"https://static.www.nfl.com/image/private/f_auto,q_auto/league/vmvl5xojgtwm6jadhy7l",2007,REG,LV,7,108,185,1332,5,5,21,-136,4,3,1516,513,60,0.439777178250608,-2.35572834635339,0,0.878627968337731,20,46,3,3,0,11,4.74088284509855,0,0,0,0,0,0,0,0,0,0,,0,,,0,,0,2,0,0,0,0,0,0,0,0,0,0,0,0,0,0,0,4,7,0,0,0,2,17,0,0,0,0,0,0,0,0,,,0,0,0,0,0,0,0,0,0,0,0,0,,,,0,0,0,0,0,0,0,,0,0,0,0,,79.88,79.88
00-0003874,P.Daniels,Phillip Daniels,DE,DL,"https://static.www.nfl.com/image/private/f_auto,q_auto/league/djld5mlcobtb0bir5snd",2007,REG+POST,WAS,16,0,0,0,0,0,0,0,0,0,0,0,0,,,0,,0,0,0,0,0,0,,0,0,0,0,0,0,0,0,0,0,,0,,,0,,0,15,9,14,0,0,3,2.5,9.5,1,0,0,9,0,0,0,0,0,0,2,2,0,0,0,0,0,0,0,0,0,0,0,,,0,0,0,0,0,0,0,0,0,0,0,0,,,,0,0,0,0,0,0,0,,0,0,0,0,,0,0
00-0003888,C.Darby,Chartric Darby,DT,DL,"https://static.www.nfl.com/image/private/f_auto,q_auto/league/vtjgb4x6zwx2nxaynqdd",2007,REG,SEA,6,0,0,0,0,0,0,0,0,0,0,0,0,,,0,,0,0,0,0,0,0,,0,0,0,0,0,0,0,0,0,0,,0,,0,0,0,0,5,3,4,0,0,0,0.5,0,2,0,0,0,0,0,0,0,0,0,0,0,0,0,0,0,0,0,0,0,0,0,0,,,0,0,0,0,0,0,0,0,0,0,0,0,,,,0,0,0,0,0,0,0,,0,0,0,0,,0,0
00-0003897,D.Darius,Donovin Darius,DB,DB,"https://static.www.nfl.com/image/private/f_auto,q_auto/league/gjawldaxn0jnskxnytcs",2007,REG,MIA,3,0,0,0,0,0,0,0,0,0,0,0,0,,,0,,0,0,0,0,0,0,,0,0,0,0,0,0,0,0,0,0,,0,,,0,,0,11,2,0,0,0,0,0,0,0,0,0,0,0,0,0,0,0,0,0,0,0,0,0,0,0,0,0,0,0,0,0,,,0,0,0,0,0,0,0,0,0,0,0,0,,,,0,0,0,0,0,0,0,,0,0,0,0,,0,0
00-0004046,R.Davis,Russell Davis,DT,DL,"https://static.www.nfl.com/image/private/f_auto,q_auto/league/a4rjcl7iqfgiyfcqzvfk",2007,REG,NYG,4,0,0,0,0,0,0,0,0,0,0,0,0,,,0,,0,0,0,0,0,0,,0,0,0,0,0,0,0,0,0,0,,0,,0,0,0,0,2,0,3,0,0,0,0,0,0,0,0,1,0,0,0,0,0,0,0,0,0,0,0,0,0,0,0,0,0,0,0,,,0,0,0,0,0,0,0,0,0,0,0,0,,,,0,0,0,0,0,0,0,,0,0,0,0,,0,0
00-0004073,B.Dawkins,Brian Dawkins,S,DB,"https://static.www.nfl.com/image/private/f_auto,q_auto/league/uer4z98pum4pancbyvnw",2007,REG,PHI,10,0,0,0,0,0,0,0,0,0,0,0,0,,,0,,0,0,0,0,0,0,,0,0,0,0,0,0,0,0,0,0,,0,,0,0,0,0,27,1,9,0,0,0,0,0,0,1,1,6,0,0,0,0,0,0,0,0,0,0,0,0,0,0,0,0,0,0,0,,,0,0,0,0,0,0,0,0,0,0,0,0,,,,0,0,0,0,0,0,0,,0,0,0,0,,0,0
00-0004091,P.Dawson,Phil Dawson,K,SPEC,"https://static.www.nfl.com/image/private/f_auto,q_auto/league/dypn7kf7fsaz30ey0ayc",2007,REG,CLE,16,0,0,0,0,0,0,0,0,0,0,0,0,,,0,,0,0,0,0,0,0,,0,0,0,0,0,0,0,0,0,0,,0,,0,0,0,0,0,0,0,0,0,0,0,0,0,0,0,0,0,0,0,0,0,0,0,0,0,0,0,0,0,0,0,26,30,2,2,51,0.866666666666667,2,9,7,7,1,0,0,0,1,0,1,0,39;39;18;23;41;20;42;40;20;35;45;19;25;28;39;51;33;25;27;37;22;49;35;49;23;49,52;35,40;25,873,87,65,42,43,1,0,0.976744186046512,2,3,0,1,40;25;33,0,0
00-0004112,J.Dearth,James Dearth,TE,TE,"https://static.www.nfl.com/image/private/f_auto,q_auto/league/ouhiniy7wlpevye7vaue",2007,REG,NYJ,3,0,0,0,0,0,0,0,0,0,0,0,0,,,0,,0,0,0,0,0,0,,0,0,0,0,0,0,0,0,0,0,,0,,,0,,0,2,1,0,0,0,0,0,0,0,0,0,0,0,0,0,0,0,0,0,0,0,0,0,0,0,0,0,0,0,0,0,,,0,0,0,0,0,0,0,0,0,0,0,0,,,,0,0,0,0,0,0,0,,0,0,0,0,,0,0
00-0004161,J.Delhomme,Jake Delhomme,QB,QB,"https://static.www.nfl.com/image/private/f_auto,q_auto/league/k5ovzylfya7c86x91067",2007,REG,CAR,3,55,86,617,8,1,5,-46,1,0,641,272,27,22.8386041867216,0.202319132430213,0,0.962558502340094,6,26,0,0,0,3,-0.174130760366097,0,0,0,0,0,0,0,0,0,0,,0,,0,0,0,0,0,0,0,0,0,0,0,0,0,0,0,0,0,0,0,0,1,1,0,0,0,1,5,0,0,0,0,0,0,0,0,,,0,0,0,0,0,0,0,0,0,0,0,0,,,,0,0,0,0,0,0,0,,0,0,0,0,,57.28,57.28
00-0004242,J.DeVries,Jared DeVries,DE,DL,"https://static.www.nfl.com/image/private/f_auto,q_auto/league/eqlqkwtpikbualywtjpa",2007,REG,DET,13,0,0,0,0,0,0,0,0,0,0,0,0,,,0,,0,0,0,0,0,0,,0,0,0,0,0,0,0,0,0,0,,0,,,0,,0,24,2,3,0,0,3,7,42.5,12,0,0,0,0,0,0,0,0,0,3,3,0,1,4,0,0,0,0,0,0,0,0,,,0,0,0,0,0,0,0,0,0,0,0,0,,,,0,0,0,0,0,0,0,,0,0,0,0,,0,0
00-0004293,T.Dilfer,Trent Dilfer,QB,QB,"https://static.www.nfl.com/image/private/f_auto,q_auto/league/ssbi0ektdltubjtxsbvv",2007,REG,SF,7,113,219,1166,7,12,27,-182,4,1,1869,511,62,-89.6204907629408,-6.68745367435747,0,0.62386302835741,10,25,0,4,1,6,-11.4288399833022,0,0,0,0,0,0,0,0,0,0,,0,,0,0,0,0,4,0,0,0,0,0,0,0,0,0,0,0,0,0,0,0,6,9,0,0,0,0,0,0,0,0,0,0,0,0,0,,,0,0,0,0,0,0,0,0,0,0,0,0,,,,0,0,0,0,0,0,0,,0,0,0,0,,49.14,49.14
00-0004472,M.Douglas,Marques Douglas,DT,DL,"https://static.www.nfl.com/image/private/f_auto,q_auto/league/fik4btinfyl074kc3u7q",2007,REG,SF,16,0,0,0,0,0,0,0,0,0,0,0,0,,,0,,0,0,0,0,0,0,,0,0,0,0,0,0,0,0,0,0,,0,,0,0,0,0,43,12,16,0,0,0,3,21.5,4,0,0,3,0,0,0,0,0,0,0,0,0,2,20,0,0,0,0,0,0,0,0,,,0,0,0,0,0,0,0,0,0,0,0,0,,,,0,0,0,0,0,0,0,,0,0,0,0,,0,0
00-0004505,C.Draft,Chris Draft,OLB,LB,"https://static.www.nfl.com/image/private/f_auto,q_auto/league/hkqlzjisunrkmfcq1ysq",2007,REG,LA,14,0,0,0,0,0,0,0,0,0,0,0,0,,,0,,0,0,0,0,0,0,,0,0,0,0,0,0,0,0,0,0,,0,,,0,,0,34,6,10,0,0,0,1,8,1,0,0,5,0,0,0,0,0,0,0,0,0,1,5,0,0,0,0,0,0,0,0,,,0,0,0,0,0,0,0,0,0,0,0,0,,,,0,0,0,0,0,0,0,,0,0,0,0,,0,0
00-0004541,D.Driver,Donald Driver,WR,WR,"https://static.www.nfl.com/image/private/f_auto,q_auto/league/meghf1spsre8cqmyobo7",2007,REG+POST,GB,17,0,0,0,0,0,0,0,0,0,0,0,0,,,0,,2,4,0,0,0,0,-0.80194024881348,0,90,1,1207,3,1,0,2,498,53,96.039550752379,0,603.5,1,0.000413564929693962,1.50028949545079,0,2,0,0,0,0,0,0,0,0,0,0,0,0,0,0,0,0,0,0,0,0,2,19,0,0,1,4,0,0,0,0,,,0,0,0,0,0,0,0,0,0,0,0,0,,,,0,0,0,0,0,0,0,,0,0,0,0,,139.1,229.1
00-0004637,J.Dunn,Jason Dunn,TE,TE,"https://static.www.nfl.com/image/private/f_auto,q_auto/league/j2iitu0tnvtbg4ivprpj",2007,REG,KC,5,0,0,0,0,0,0,0,0,0,0,0,0,,,0,,0,0,0,0,0,0,,0,2,0,9,0,0,0,0,6,0,0.143530172295868,0,0,,0,,0,1,0,0,0,0,0,0,0,0,0,0,0,0,0,0,0,0,0,0,0,0,5,33,0,0,0,0,0,0,0,0,,,0,0,0,0,0,0,0,0,0,0,0,0,,,,0,0,0,0,0,0,0,,0,0,0,0,,0.9,2.9
00-0004640,W.Dunn,Warrick Dunn,RB,RB,"https://static.www.nfl.com/image/private/f_auto,q_auto/league/g5mn0hydlozzo7cuasg8",2007,REG,ATL,16,0,0,0,0,0,0,0,0,0,0,0,0,,,0,,228,718,4,2,2,35,-56.6993146477742,0,37,0,238,0,0,0,0,238,5,0.354941335972505,0,0,0,0,0,0,1,0,0,0,0,0,0,0,0,0,0,0,0,0,0,0,2,2,0,0,0,2,20,0,0,0,0,0,0,0,0,,,0,0,0,0,0,0,0,0,0,0,0,0,,,,0,0,0,0,0,0,0,,0,0,0,0,,115.6,152.6
00-0004673,T.Dwight,Tim Dwight,WR,WR,"https://static.www.nfl.com/image/private/f_auto,q_auto/league/vbytsq96swkztalryyul",2007,REG,LV,6,0,0,0,0,0,0,0,0,0,0,0,0,,,0,,2,12,0,0,0,1,0.181327255093493,0,6,0,98,2,0,0,0,7,4,9.4846745749237,0,0,,0,,0,0,0,0,0,0,0,0,0,0,0,0,0,0,2,0,0,1,1,0,0,0,1,5,9,54,1,30,0,0,0,0,,,0,0,0,0,0,0,0,0,0,0,0,0,,,,0,0,0,0,0,0,0,,0,0,0,0,,23,29
00-0004757,D.Edwards,Donnie Edwards,OLB,LB,"https://static.www.nfl.com/image/private/f_auto,q_auto/league/ni3stsjft3xjzyz0d59e",2007,REG,KC,16,0,0,0,0,0,0,0,0,0,0,0,0,,,0,,0,0,0,0,0,0,,0,0,0,0,0,0,0,0,0,0,,0,,,0,,0,66,19,19,0,0,1,2,11,4,1,18,3,0,0,0,0,0,0,1,1,0,0,0,0,0,0,0,0,0,0,0,,,0,0,0,0,0,0,0,0,0,0,0,0,,,,0,0,0,0,0,0,0,,0,0,0,0,,0,0
00-0004811,J.Elam,Jason Elam,K,SPEC,"https://static.www.nfl.com/image/private/f_auto,q_auto/league/psqpnvgzgpxykmmuwoq5",2007,REG,DEN,16,0,0,0,0,0,0,0,0,0,0,0,0,,,0,,0,0,0,0,0,0,,0,0,0,0,0,0,0,0,0,0,,0,,,0,,0,0,0,0,0,0,0,0,0,0,0,0,0,0,0,0,0,0,0,0,0,0,0,0,0,0,0,0,27,31,4,0,50,0.870967741935484,0,11,6,9,1,0,0,0,0,3,1,0,21;48;42;23;20;23;35;22;30;49;45;21;44;50;21;39;23;22;29;44;37;37;41;47;23;43;30,50;43;45;48,,909,186,0,33,33,0,0,1,4,4,0,0,42;23;49;30,0,0
00-0004851,G.Ellis,Greg Ellis,DE,DL,"https://static.www.nfl.com/image/private/f_auto,q_auto/league/ifcvhyfnkphnppffcqby",2007,REG+POST,DAL,14,0,0,0,0,0,0,0,0,0,0,0,0,,,0,,0,0,0,0,0,0,,0,0,0,0,0,0,0,0,0,0,,0,,,0,,0,26,1,7,0,0,3,12.5,82.5,11,0,0,1,0,0,0,0,0,0,0,0,0,3,20,0,0,0,0,0,0,0,0,,,0,0,0,0,0,0,0,0,0,0,0,0,,,,0,0,0,0,0,0,0,,0,0,0,0,,0,0
00-0004915,B.Engram,Bobby Engram,WR,WR,"https://static.www.nfl.com/image/private/f_auto,q_auto/league/u18aupjv3gtlivfcnkyv",2007,REG+POST,SEA,18,0,0,0,0,0,0,0,0,0,0,0,0,,,0,,0,0,0,0,0,0,,0,104,0,1271,7,1,1,0,389,70,101.269200141526,0,0,0,0,0,0,5,0,0,0,0,0,0,0,0,0,0,0,0,0,0,0,1,1,0,0,0,2,15,0,0,1,12,0,0,0,0,,,0,0,0,0,0,0,0,0,0,0,0,0,,,,0,0,0,0,0,0,0,,0,0,0,0,,167.1,271.1
00-0005031,J.Fabini,Jason Fabini,OT,OL,"https://static.www.nfl.com/image/private/f_auto,q_auto/league/syazo6a82rgimuiojdfx",2007,REG,WAS,2,0,0,0,0,0,0,0,0,0,0,0,0,,,0,,0,0,0,0,0,0,,0,0,0,0,0,0,0,0,0,0,,0,,,0,,0,1,0,0,0,0,0,0,0,0,0,0,0,0,0,0,0,0,0,0,0,0,3,20,0,0,0,0,0,0,0,0,,,0,0,0,0,0,0,0,0,0,0,0,0,,,,0,0,0,0,0,0,0,,0,0,0,0,,0,0
00-0005058,A.Faneca,Alan Faneca,G,OL,"https://static.www.nfl.com/image/private/f_auto,q_auto/league/meyhtfvgyfanktcjjqjf",2007,REG,PIT,3,0,0,0,0,0,0,0,0,0,0,0,0,,,0,,0,0,0,0,0,0,,0,0,0,0,0,0,0,0,0,0,,0,,,0,,0,0,0,0,0,0,0,0,0,0,0,0,0,0,0,0,0,1,1,0,0,0,3,15,0,0,0,0,0,0,0,0,,,0,0,0,0,0,0,0,0,0,0,0,0,,,,0,0,0,0,0,0,0,,0,0,0,0,,0,0
00-0005082,J.Farrior,James Farrior,ILB,LB,"https://static.www.nfl.com/image/private/f_auto,q_auto/league/e1snpx7u4x2unff9vosl",2007,REG+POST,PIT,17,0,0,0,0,0,0,0,0,0,0,0,0,,,0,,0,0,0,0,0,0,,0,0,0,0,0,0,0,0,0,0,,0,,,0,,0,51,17,35,0,0,2,6.5,49,14,2,2,8,0,0,0,0,0,0,0,0,0,1,5,0,0,0,0,0,0,0,0,,,0,0,0,0,0,0,0,0,0,0,0,0,,,,0,0,0,0,0,0,0,,0,0,0,0,,0,0
00-0005091,K.Faulk,Kevin Faulk,RB,RB,"https://static.www.nfl.com/image/private/f_auto,q_auto/league/tn3w20ec8x9oacqg51p5",2007,REG+POST,NE,19,0,0,0,0,0,0,0,0,0,0,0,0,,,0,,69,292,0,0,0,18,-4.06737762980629,0,67,0,553,1,1,0,0,473,31,39.0102244323369,0,0,,0,,0,1,0,0,0,0,1,0,0,0,0,0,0,0,0,0,0,0,0,0,0,0,1,10,0,0,2,47,0,0,0,0,,,0,0,0,0,0,0,0,0,0,0,0,0,,,,0,0,0,0,0,0,0,,0,0,0,0,,90.5,157.5
00-0005101,C.Fauria,Christian Fauria,TE,TE,"https://static.www.nfl.com/image/private/f_auto,q_auto/league/evp2lv6ovuvqn30yjkxy",2007,REG,CAR,5,0,0,0,0,0,0,0,0,0,0,0,0,,,0,,0,0,0,0,0,0,,0,5,0,39,2,0,0,0,8,5,7.75273179868236,0,0,0,0,0,0,0,0,0,0,0,0,0,0,0,0,0,0,0,0,0,0,0,0,0,0,0,1,5,0,0,0,0,0,0,0,0,,,0,0,0,0,0,0,0,0,0,0,0,0,,,,0,0,0,0,0,0,0,,0,0,0,0,,15.9,20.9
00-0005106,B.Favre,Brett Favre,QB,QB,"https://static.www.nfl.com/image/private/f_auto,q_auto/league/m3sggjgdqlp4jqpxktvr",2007,REG+POST,GB,18,393,593,4566,33,17,16,-93,5,1,4557,2335,219,131.468175079662,4.00532036242278,0,1.0019749835418,30,11,0,4,2,9,-19.7957229937907,0,0,0,0,0,0,0,0,0,0,,0,,0,0,0,0,0,0,0,0,0,0,0,0,0,0,0,0,0,0,0,0,4,7,0,0,0,4,20,0,0,0,0,0,0,0,0,,,0,0,0,0,0,0,0,0,0,0,0,0,,,,0,0,0,0,0,0,0,,0,0,0,0,,275.74,275.74
00-0005113,J.Feagles,Jeff Feagles,P,SPEC,"https://static.www.nfl.com/image/private/f_auto,q_auto/league/ypoocygzfeucbr8sqat0",2007,REG+POST,NYG,20,0,0,0,0,0,0,0,0,0,0,0,0,,,0,,0,0,0,0,0,0,,0,0,0,0,0,0,0,0,0,0,,0,,0,0,0,0,0,0,0,0,0,0,0,0,0,0,0,0,0,0,0,0,0,0,0,0,0,0,0,0,0,0,0,0,0,0,0,,,0,0,0,0,0,0,0,0,0,0,0,0,,,,0,0,0,0,0,0,0,,0,0,0,0,,0,0
00-0005150,J.Ferguson,Jason Ferguson,NT,DL,"https://static.www.nfl.com/image/private/f_auto,q_auto/league/gyga3xfpkllxpgcib8s4",2007,REG,DAL,1,0,0,0,0,0,0,0,0,0,0,0,0,,,0,,0,0,0,0,0,0,,0,0,0,0,0,0,0,0,0,0,,0,,,0,,0,0,0,1,0,0,0,0,0,0,0,0,0,0,0,0,0,0,0,0,0,0,0,0,0,0,0,0,0,0,0,0,,,0,0,0,0,0,0,0,0,0,0,0,0,,,,0,0,0,0,0,0,0,,0,0,0,0,,0,0
00-0005155,N.Ferguson,Nick Ferguson,FS,DB,"https://static.www.nfl.com/image/private/f_auto,q_auto/league/v4wklb6ytvav5hgm5qzr",2007,REG,DEN,11,0,0,0,0,0,0,0,0,0,0,0,0,,,0,,0,0,0,0,0,0,,0,0,0,0,0,0,0,0,0,0,,0,,,0,,0,36,7,12,0,0,1,0,0,0,0,0,1,0,0,0,0,1,1,1,1,0,1,4,0,0,0,0,0,0,0,0,,,0,0,0,0,0,0,0,0,0,0,0,0,,,,0,0,0,0,0,0,0,,0,0,0,0,,0,0
00-0005243,B.Fisher,Bryce Fisher,DE,DL,"https://static.www.nfl.com/image/private/f_auto,q_auto/league/khd5nh47vm0twlnbotab",2007,REG,TEN,6,0,0,0,0,0,0,0,0,0,0,0,0,,,0,,0,0,0,0,0,0,,0,0,0,0,0,0,0,0,0,0,,0,,,0,,0,2,2,1,0,0,0,0,0,2,0,0,1,0,0,0,0,0,0,0,0,0,1,4,0,0,0,0,0,0,0,0,,,0,0,0,0,0,0,0,0,0,0,0,0,,,,0,0,0,0,0,0,0,,0,0,0,0,,0,0
00-0005293,M.Flanagan,Mike Flanagan,C,OL,"https://static.www.nfl.com/image/private/f_auto,q_auto/league/ksywy5wi8dwvnta8ibji",2007,REG,HOU,1,0,0,0,0,0,0,0,0,0,0,0,0,,,0,,0,0,0,0,0,0,,0,0,0,0,0,0,0,0,0,0,,0,,0,0,0,0,0,0,0,0,0,0,0,0,0,0,0,0,0,0,0,0,0,0,0,0,0,2,10,0,0,0,0,0,0,0,0,,,0,0,0,0,0,0,0,0,0,0,0,0,,,,0,0,0,0,0,0,0,,0,0,0,0,,0,0
00-0005322,L.Fletcher,London Fletcher,ILB,LB,"https://static.www.nfl.com/image/private/f_auto,q_auto/league/l2wnk9teqefwcsap4np0",2007,REG+POST,WAS,17,0,0,0,0,0,0,0,0,0,0,0,0,,,0,,0,0,0,0,0,0,,0,0,0,0,0,0,0,0,0,0,,0,,,0,,0,72,30,28,0,0,0,0,0,1,3,36,10,1,0,0,0,0,0,1,1,0,3,40,0,0,0,0,0,0,0,0,,,0,0,0,0,0,0,0,0,0,0,0,0,,,,0,0,0,0,0,0,0,,0,0,0,0,,0,0
00-0005366,M.Flynn,Mike Flynn,C,OL,"https://static.www.nfl.com/image/private/f_auto,q_auto/league/reopsuzg12lypecl4ns7",2007,REG,BAL,2,0,0,0,0,0,0,0,0,0,0,0,0,,,0,,0,0,0,0,0,0,,0,0,0,0,0,0,0,0,0,0,,0,,,0,,0,0,1,0,0,0,0,0,0,0,0,0,0,0,0,0,0,1,1,0,0,0,0,0,0,0,0,0,0,0,0,0,,,0,0,0,0,0,0,0,0,0,0,0,0,,,,0,0,0,0,0,0,0,,0,0,0,0,,0,0
00-0005589,G.Frerotte,Gus Frerotte,QB,QB,"https://static.www.nfl.com/image/private/f_auto,q_auto/league/arjzgtjgdzfjcsvwqkej",2007,REG,LA,8,94,167,1014,7,12,11,-59,2,1,1505,329,55,-47.786696811467,-4.30828508153652,1,0.67375415282392,6,3,0,1,0,3,-2.52467471957789,0,0,0,0,0,0,0,0,0,0,,0,,,0,,0,0,0,0,0,0,0,0,0,0,0,0,0,0,0,0,0,2,3,0,0,0,2,10,0,0,0,0,0,0,0,0,,,0,0,0,0,0,0,0,0,0,0,0,0,,,,0,0,0,0,0,0,0,,0,0,0,0,,44.86,44.86
00-0005596,L.Friedman,Lennie Friedman,G,OL,"https://static.www.nfl.com/image/private/f_auto,q_auto/league/zr7pvlnkfetyazi97jvm",2007,REG,CLE,4,0,0,0,0,0,0,0,0,0,0,0,0,,,0,,0,0,0,0,0,0,,0,0,0,0,0,0,0,0,0,0,,0,,0,0,0,0,0,0,0,0,0,0,0,0,0,0,0,0,0,0,0,0,0,0,0,0,0,2,20,0,0,2,14,0,0,0,0,,,0,0,0,0,0,0,0,0,0,0,0,0,,,,0,0,0,0,0,0,0,,0,0,0,0,,0,0
00-0005720,J.Galloway,Joey Galloway,WR,WR,"https://static.www.nfl.com/image/private/f_auto,q_auto/league/pfioccpzeifhnunjtdy2",2007,REG+POST,TB,16,0,0,0,0,0,0,0,0,0,0,0,0,,,0,,2,-3,0,0,0,0,-1.582450351445,0,58,0,1023,6,0,0,0,437,38,83.5264452302963,0,0,0,0,0,0,0,0,0,0,0,0,0,0,0,0,0,0,0,0,0,0,0,0,0,0,0,1,5,3,14,0,0,0,0,0,0,,,0,0,0,0,0,0,0,0,0,0,0,0,,,,0,0,0,0,0,0,0,,0,0,0,0,,138,196
00-0005755,J.Garcia,Jeff Garcia,QB,QB,"https://static.www.nfl.com/image/private/f_auto,q_auto/league/bysr1fkpqdhljtvlkcrm",2007,REG+POST,TB,14,232,366,2647,14,6,20,-109,1,0,2780,1245,123,48.2895964362691,2.44882126565033,0,0.952158273381295,36,118,1,4,2,16,-11.1672238479744,0,0,0,0,0,0,0,0,0,0,,0,,0,0,0,0,1,0,0,0,0,1,0,0,0,0,0,0,0,0,0,0,3,6,0,0,0,5,30,0,0,0,0,0,0,0,0,,,0,0,0,0,0,0,0,0,0,0,0,0,,,,0,0,0,0,0,0,0,,0,0,0,0,,163.68,163.68
00-0006034,A.Glenn,Aaron Glenn,DB,DB,"https://static.www.nfl.com/image/private/f_auto,q_auto/league/iy9kejgttnjveyt4dkbu",2007,REG,JAX,5,0,0,0,0,0,0,0,0,0,0,0,0,,,0,,0,0,0,0,0,0,,0,0,0,0,0,0,0,0,0,0,,0,,,0,,0,14,0,2,0,0,0,0,0,0,1,28,1,1,0,0,0,0,0,0,0,0,0,0,0,0,0,0,0,0,0,0,,,0,0,0,0,0,0,0,0,0,0,0,0,,,,0,0,0,0,0,0,0,,0,0,0,0,,0,0
00-0006043,T.Glenn,Terry Glenn,WR,WR,"https://static.www.nfl.com/image/private/f_auto,q_auto/league/uaafdatd9hccayjfwh1e",2007,POST,DAL,1,0,0,0,0,0,0,0,0,0,0,0,0,,,0,,0,0,0,0,0,0,,0,2,0,30,0,0,0,0,10,2,3.9593897232553,0,0,,0,,0,0,0,0,0,0,0,0,0,0,0,0,0,0,0,0,0,0,0,0,0,0,0,0,0,0,0,0,0,0,0,0,,,0,0,0,0,0,0,0,0,0,0,0,0,,,,0,0,0,0,0,0,0,,0,0,0,0,,3,5
00-0006051,L.Glover,La'Roi Glover,DT,DL,"https://static.www.nfl.com/image/private/f_auto,q_auto/league/wwyiwzmd5lr7wropehos",2007,REG,LA,16,0,0,0,0,0,0,0,0,0,0,0,0,,,0,,0,0,0,0,0,0,,0,0,0,0,0,0,0,0,0,0,,0,,,0,,0,32,1,6,0,0,0,6,44,14,0,0,0,0,0,0,0,0,0,0,0,0,2,10,0,0,0,0,0,0,0,0,,,0,0,0,0,0,0,0,0,0,0,0,0,,,,0,0,0,0,0,0,0,,0,0,0,0,,0,0
00-0006063,R.Godfrey,Randall Godfrey,OLB,LB,"https://static.www.nfl.com/image/private/f_auto,q_auto/league/nr90d4ub5xgldbiklaqk",2007,REG+POST,WAS,9,0,0,0,0,0,0,0,0,0,0,0,0,,,0,,0,0,0,0,0,0,,0,0,0,0,0,0,0,0,0,0,,0,,,0,,0,17,7,9,0,0,2,0,0,1,0,0,2,0,0,0,0,0,0,0,0,0,0,0,0,0,0,0,0,0,0,0,,,0,0,0,0,0,0,0,0,0,0,0,0,,,,0,0,0,0,0,0,0,,0,0,0,0,,0,0
00-0006072,M.Goff,Mike Goff,G,OL,"https://static.www.nfl.com/image/private/f_auto,q_auto/league/rtgdsgyh40djm78fop4s",2007,REG+POST,LAC,8,0,0,0,0,0,0,0,0,0,0,0,0,,,0,,0,0,0,0,0,0,,0,0,0,0,0,0,0,0,0,0,,0,,,0,,0,4,0,0,0,0,0,0,0,0,0,0,0,0,0,0,0,2,2,0,0,0,6,35,0,0,0,0,0,0,0,0,,,0,0,0,0,0,0,0,0,0,0,0,0,,,,0,0,0,0,0,0,0,,0,0,0,0,,0,0
00-0006101,T.Gonzalez,Tony Gonzalez,TE,TE,"https://static.www.nfl.com/image/private/f_auto,q_auto/league/enbspvy0ahsyznomitre",2007,REG,KC,16,0,0,0,0,0,0,0,0,0,0,0,0,,,0,,0,0,0,0,0,0,,0,99,0,1172,5,0,0,0,296,59,91.6290113534925,0,0,,0,,0,4,0,0,0,0,0,0,0,0,0,0,0,0,0,0,0,0,0,0,0,0,9,70,0,0,0,0,0,0,0,0,,,0,0,0,0,0,0,0,0,0,0,0,0,,,,0,0,0,0,0,0,0,,0,0,0,0,,147.2,246.2
00-0006223,M.Gramatica,Martin Gramatica,K,SPEC,"https://static.www.nfl.com/image/private/f_auto,q_auto/league/h0qppqataalqlduk2xwt",2007,REG,NO,3,0,0,0,0,0,0,0,0,0,0,0,0,,,0,,0,0,0,0,0,0,,0,0,0,0,0,0,0,0,0,0,,0,,0,0,0,0,0,0,0,0,0,0,0,0,0,0,0,0,0,0,0,0,0,0,0,0,0,0,0,0,0,0,0,5,5,0,0,55,1,0,0,2,2,1,0,0,0,0,0,0,0,31;55;35;46;48,,,215,0,0,8,8,0,0,1,0,0,0,0,,0,0
00-0006268,C.Gray,Chris Gray,G,OL,"https://static.www.nfl.com/image/private/f_auto,q_auto/league/jztlihtoidyrqqwq2ze0",2007,REG+POST,SEA,5,0,0,0,0,0,0,0,0,0,0,0,0,,,0,,0,0,0,0,0,0,,0,0,0,0,0,0,0,0,0,0,,0,,0,0,0,0,1,0,0,0,0,0,0,0,0,0,0,0,0,0,0,0,0,0,0,0,0,4,25,0,0,0,0,0,0,0,0,,,0,0,0,0,0,0,0,0,0,0,0,0,,,,0,0,0,0,0,0,0,,0,0,0,0,,0,0
00-0006305,A.Green,Ahman Green,RB,RB,"https://static.www.nfl.com/image/private/f_auto,q_auto/league/jywr5x0yw6oryiiaikbp",2007,REG,HOU,6,0,0,0,0,0,0,0,0,0,0,0,0,,,0,,70,260,2,0,0,17,-4.34351379524859,0,14,0,123,0,0,0,0,174,2,2.55224149112211,0,0,0,0,0,0,0,0,0,0,0,0,0,0,0,0,0,0,0,0,0,0,0,0,0,0,0,1,5,0,0,0,0,0,0,0,0,,,0,0,0,0,0,0,0,0,0,0,0,0,,,,0,0,0,0,0,0,0,,0,0,0,0,,50.3,64.3
00-0006355,T.Green,Trent Green,QB,QB,"https://static.www.nfl.com/image/private/f_auto,q_auto/league/pwsxlc2rah1aqy1tnbsb",2007,REG,MIA,5,85,141,987,5,7,7,-53,0,0,1182,434,51,-2.91480377143027,0.498319041908236,0,0.83502538071066,7,32,0,2,0,6,-3.14597703824984,0,0,0,0,0,0,0,0,0,0,,0,,,0,,0,0,0,0,0,0,0,0,0,0,0,0,0,0,0,0,0,1,3,0,0,0,2,15,0,0,0,0,0,0,0,0,,,0,0,0,0,0,0,0,0,0,0,0,0,,,,0,0,0,0,0,0,0,,0,0,0,0,,48.68,48.68
00-0006398,K.Gregg,Kelly Gregg,NT,DL,"https://static.www.nfl.com/image/private/f_auto,q_auto/league/dooazxp8hql7swr4rqwr",2007,REG,BAL,16,0,0,0,0,0,0,0,0,0,0,0,0,,,0,,0,0,0,0,0,0,,0,0,0,0,0,0,0,0,0,0,,0,,,0,,0,30,26,24,0,0,0,3,15,5,0,0,3,0,0,0,0,0,0,1,1,0,3,11,0,0,0,0,0,0,0,0,,,0,0,0,0,0,0,0,0,0,0,0,0,,,,0,0,0,0,0,0,0,,0,0,0,0,,0,0
00-0006423,B.Griese,Brian Griese,QB,QB,"https://static.www.nfl.com/image/private/f_auto,q_auto/league/h4yl6l8aqzgdqcjrckvk",2007,REG,CHI,7,161,262,1803,10,12,15,-114,2,0,1940,901,83,0.296820992883359,-1.38152791339843,0,0.929381443298969,13,28,0,4,1,6,-4.31504652656515,0,0,0,0,0,0,0,0,0,0,,0,,,0,,0,0,0,0,0,0,0,0,0,0,0,0,0,0,0,0,0,2,4,0,0,0,5,30,0,0,0,0,0,0,0,0,,,0,0,0,0,0,0,0,0,0,0,0,0,,,,0,0,0,0,0,0,0,,0,0,0,0,,88.92,88.92
00-0006708,B.Hamilton,Bobby Hamilton,DE,DL,"https://static.www.nfl.com/image/private/f_auto,q_auto/league/htkdwxuq21zp83upwuro",2007,REG,CLE,1,0,0,0,0,0,0,0,0,0,0,0,0,,,0,,0,0,0,0,0,0,,0,0,0,0,0,0,0,0,0,0,,0,,0,0,0,0,1,0,0,0,0,0,0,0,0,0,0,0,0,0,0,0,0,0,0,0,0,0,0,0,0,0,0,0,0,0,0,,,0,0,0,0,0,0,0,0,0,0,0,0,,,,0,0,0,0,0,0,0,,0,0,0,0,,0,0
00-0006799,C.Hanson,Chris Hanson,P,SPEC,"https://static.www.nfl.com/image/private/f_auto,q_auto/league/tk0pr4kpvdiph4quruuf",2007,REG+POST,NE,19,0,0,0,0,0,0,0,0,0,0,0,0,,,0,,0,0,0,0,0,0,,0,0,0,0,0,0,0,0,0,0,,0,,,0,,0,0,0,0,0,0,0,0,0,0,0,0,0,0,0,0,0,0,0,0,0,0,0,0,0,0,0,0,0,0,0,0,,,0,0,0,0,0,0,0,0,0,0,0,0,,,,0,0,0,0,0,0,0,,0,0,0,0,,0,0
00-0006800,J.Hanson,Jason Hanson,K,SPEC,"https://static.www.nfl.com/image/private/f_auto,q_auto/league/q9nslxhklckxgph3hwac",2007,REG,DET,16,0,0,0,0,0,0,0,0,0,0,0,0,,,0,,0,0,0,0,0,0,,0,0,0,0,0,0,0,0,0,0,,0,,,0,,0,2,0,0,0,0,0,0,0,0,0,0,0,0,0,0,0,0,0,0,0,0,0,0,0,0,0,0,29,35,4,2,53,0.828571428571429,1,4,10,11,3,0,0,1,1,2,0,0,46;46;23;30;37;49;39;34;42;32;26;52;20;43;53;38;42;47;41;45;52;37;19;36;46;20;47;35;38,48;46;29;35,39;52,1115,158,91,35,36,0,1,0.972222222222222,1,1,0,0,37,0,0
00-0006915,A.Harris,Al Harris,CB,DB,"https://static.www.nfl.com/image/private/f_auto,q_auto/league/nxow7ngfzjkkfejyvia2",2007,REG+POST,GB,18,0,0,0,0,0,0,0,0,0,0,0,0,,,0,,0,0,0,0,0,0,,0,0,0,0,0,0,0,0,0,0,,0,,0,0,0,0,40,3,5,0,0,1,0,0,0,2,17,12,0,0,0,0,0,0,0,0,0,12,55,0,0,0,0,0,0,0,0,,,0,0,0,0,0,0,0,0,0,0,0,0,,,,0,0,0,0,0,0,0,,0,0,0,0,,0,0
00-0007007,W.Harris,Walt Harris,CB,DB,"https://static.www.nfl.com/image/private/f_auto,q_auto/league/qf1eihgukfdjxknuodb4",2007,REG,SF,14,0,0,0,0,0,0,0,0,0,0,0,0,,,0,,0,0,0,0,0,0,,0,0,0,0,0,0,0,0,0,0,,0,,0,0,0,0,46,1,11,0,0,1,0,0,0,4,42,13,0,0,0,0,0,0,0,0,0,0,0,0,0,0,0,0,0,0,0,,,0,0,0,0,0,0,0,0,0,0,0,0,,,,0,0,0,0,0,0,0,,0,0,0,0,,0,0
00-0007024,M.Harrison,Marvin Harrison,WR,WR,"https://static.www.nfl.com/image/private/f_auto,q_auto/league/fni7z2tqhhaq5kbe5a0s",2007,REG+POST,IND,6,0,0,0,0,0,0,0,0,0,0,0,0,,,0,,0,0,0,0,0,0,,0,22,0,274,1,1,1,0,47,13,19.1649260968552,0,0,,0,,0,0,0,0,0,0,0,0,0,0,0,0,0,0,0,0,0,0,0,0,0,0,0,0,0,0,0,0,0,0,0,0,,,0,0,0,0,0,0,0,0,0,0,0,0,,,,0,0,0,0,0,0,0,,0,0,0,0,,31.4,53.4
00-0007030,R.Harrison,Rodney Harrison,S,DB,"https://static.www.nfl.com/image/private/f_auto,q_auto/league/ilzsp4jyf1ltn17ittxc",2007,REG+POST,NE,15,0,0,0,0,0,0,0,0,0,0,0,0,,,0,,0,0,0,0,0,0,,0,0,0,0,0,0,0,0,0,0,,0,,,0,,0,55,18,21,0,0,0,2,21,7,2,12,9,0,0,0,0,0,0,0,0,0,6,70,0,0,0,0,0,0,0,0,,,0,0,0,0,0,0,0,0,0,0,0,0,,,,0,0,0,0,0,0,0,,0,0,0,0,,0,0
00-0007091,M.Hasselbeck,Matt Hasselbeck,QB,QB,"https://static.www.nfl.com/image/private/f_auto,q_auto/league/t1nf9avoy2kauqwrvzza",2007,REG+POST,SEA,18,391,627,4389,30,14,36,-228,4,2,5207,1797,223,61.6977603691742,2.24918058400162,1,0.842903783368542,42,97,0,5,3,12,-18.7127597648381,0,0,0,0,0,0,0,0,0,0,,0,,0,0,0,0,0,0,0,0,0,0,0,0,0,0,0,0,0,0,0,0,4,7,0,0,0,3,45,0,0,0,0,0,0,0,0,,,0,0,0,0,0,0,0,0,0,0,0,0,,,,0,0,0,0,0,0,0,,0,0,0,0,,269.26,269.26
00-0007213,S.Heiden,Steve Heiden,TE,TE,"https://static.www.nfl.com/image/private/f_auto,q_auto/league/gbtrxatwcauhazpjejcr",2007,REG,CLE,10,0,0,0,0,0,0,0,0,0,0,0,0,,,0,,0,0,0,0,0,0,,0,12,0,104,0,0,0,0,30,4,4.52090340008726,0,0,0,0,0,0,0,0,0,0,0,0,0,0,0,0,0,0,0,0,0,0,0,0,0,0,0,0,0,0,0,0,0,0,0,0,0,,,0,0,0,0,0,0,0,0,0,0,0,0,,,,0,0,0,0,0,0,0,,0,0,0,0,,10.4,22.4
00-0007308,C.Hentrich,Craig Hentrich,P,SPEC,"https://static.www.nfl.com/image/private/f_auto,q_auto/league/yi7vmomfipszmzkaapds",2007,REG+POST,TEN,16,0,0,0,0,0,0,0,0,0,0,0,0,,,0,,1,-8,0,0,0,0,-3.10312166652875,0,0,0,0,0,0,0,0,0,0,,0,,,0,,0,1,0,0,0,0,0,0,0,0,0,0,0,0,0,0,0,0,0,0,0,0,0,0,0,0,0,0,0,0,0,0,,,0,0,0,0,0,0,0,0,0,0,0,0,,,,0,0,0,0,0,0,0,,0,0,0,0,,-0.8,-0.8
00-0007325,K.Herndon,Kelly Herndon,DB,DB,"https://static.www.nfl.com/image/private/f_auto,q_auto/league/mroj5a8fxv7hsmizqpda",2007,REG,TEN,1,0,0,0,0,0,0,0,0,0,0,0,0,,,0,,0,0,0,0,0,0,,0,0,0,0,0,0,0,0,0,0,,0,,,0,,0,2,0,0,0,0,0,0,0,0,0,0,0,0,0,0,0,0,0,0,0,0,0,0,0,0,0,0,0,0,0,0,,,0,0,0,0,0,0,0,0,0,0,0,0,,,,0,0,0,0,0,0,0,,0,0,0,0,,0,0
00-0007375,E.Hicks,Eric Hicks,DE,DL,"https://static.www.nfl.com/image/private/f_auto,q_auto/league/jhjdctxzabiltn0rfkav",2007,REG,NYJ,8,0,0,0,0,0,0,0,0,0,0,0,0,,,0,,0,0,0,0,0,0,,0,0,0,0,0,0,0,0,0,0,,0,,,0,,0,8,2,7,0,0,0,0,0,1,0,0,0,0,0,0,0,0,0,0,0,0,0,0,0,0,0,0,0,0,0,0,,,0,0,0,0,0,0,0,0,0,0,0,0,,,,0,0,0,0,0,0,0,,0,0,0,0,,0,0
00-0007468,I.Hilliard,Ike Hilliard,WR,WR,"https://static.www.nfl.com/image/private/f_auto,q_auto/league/wgkoowevnhqjpwpqu87l",2007,REG+POST,TB,16,0,0,0,0,0,0,0,0,0,0,0,0,,,0,,1,6,0,0,0,1,-0.47701843502,0,66,0,749,1,2,2,0,334,38,51.5149361443605,0,0,0,0,0,0,1,0,0,0,0,0,0,0,0,0,0,0,0,1,0,0,0,0,0,0,0,1,10,17,97,1,3,0,0,0,0,,,0,0,0,0,0,0,0,0,0,0,0,0,,,,0,0,0,0,0,0,0,,0,0,0,0,,77.5,143.5
00-0007576,K.Holcomb,Kelly Holcomb,QB,QB,"https://static.www.nfl.com/image/private/f_auto,q_auto/league/twyprbkmfzcmsnmyuh90",2007,REG,MIN,3,42,83,511,2,1,11,-87,1,0,617,225,23,-5.86896687802285,-8.78656608717782,0,0.828200972447326,1,0,0,0,0,0,-1.23760436708108,0,0,0,0,0,0,0,0,0,0,,0,,,0,,0,0,0,0,0,0,0,0,0,0,0,0,0,0,0,0,0,0,0,0,0,0,3,30,0,0,0,0,0,0,0,0,,,0,0,0,0,0,0,0,0,0,0,0,0,,,,0,0,0,0,0,0,0,,0,0,0,0,,26.44,26.44
00-0007611,V.Holliday,Vonnie Holliday,DE,DL,"https://static.www.nfl.com/image/private/f_auto,q_auto/league/ltcatlv0d4wlzeo5dova",2007,REG,MIA,11,0,0,0,0,0,0,0,0,0,0,0,0,,,0,,0,0,0,0,0,0,,0,0,0,0,0,0,0,0,0,0,,0,,,0,,0,21,12,9,0,0,1,2,18,6,0,0,1,0,0,0,0,0,0,0,0,0,1,5,0,0,0,0,0,0,0,0,,,0,0,0,0,0,0,0,0,0,0,0,0,,,,0,0,0,0,0,0,0,,0,0,0,0,,0,0
00-0007661,P.Holmes,Priest Holmes,RB,RB,"https://static.www.nfl.com/image/private/f_auto,q_auto/league/dzul271lozkuowxqh9r7",2007,REG,KC,4,0,0,0,0,0,0,0,0,0,0,0,0,,,0,,46,137,0,0,0,6,-9.67974339841833,1,5,0,17,0,0,0,0,40,0,-2.28387516969815,0,0,,0,,0,1,0,0,0,0,0,0,0,0,0,0,0,0,0,0,0,0,0,0,0,0,0,0,0,0,0,0,0,0,0,0,,,0,0,0,0,0,0,0,0,0,0,0,0,,,,0,0,0,0,0,0,0,,0,0,0,0,,17.4,22.4
00-0007681,T.Holt,Torry Holt,WR,WR,"https://static.www.nfl.com/image/private/f_auto,q_auto/league/y7nfvf7fw2xznh3e1rbt",2007,REG,LA,16,0,0,0,0,0,0,0,0,0,0,0,0,,,0,,0,0,0,0,0,0,,0,93,0,1189,7,2,1,0,217,64,100.015234330421,1,0,,0,,0,4,0,0,0,0,0,0,0,0,0,0,0,0,0,0,0,2,2,0,0,0,4,31,0,0,0,0,0,0,0,0,,,0,0,0,0,0,0,0,0,0,0,0,0,,,,0,0,0,0,0,0,0,,0,0,0,0,,160.9,253.9
00-0007744,J.Horn,Joe Horn,WR,WR,"https://static.www.nfl.com/image/private/f_auto,q_auto/league/dkzzf0q8bxid4peyyobl",2007,REG,ATL,11,0,0,0,0,0,0,0,0,0,0,0,0,,,0,,0,0,0,0,0,0,,0,27,0,243,1,0,0,0,51,17,19.4881675159559,0,0,0,0,0,0,0,0,0,0,0,0,0,0,0,0,0,0,0,0,0,0,0,0,0,0,0,1,10,0,0,0,0,0,0,0,0,,,0,0,0,0,0,0,0,0,0,0,0,0,,,,0,0,0,0,0,0,0,,0,0,0,0,,30.3,57.3
00-0007835,D.Huard,Damon Huard,QB,QB,"https://static.www.nfl.com/image/private/f_auto,q_auto/league/xertseiinipmodedwo4b",2007,REG,KC,11,206,332,2257,11,13,37,-237,5,3,2676,971,111,-28.2007572887379,2.16895597253198,0,0.843423019431988,9,-1,0,0,0,2,-12.5847998537356,0,0,0,0,0,0,0,0,0,0,,0,,,0,,0,0,0,0,0,0,0,0,0,0,0,0,0,0,0,0,0,1,1,0,0,0,2,10,0,0,0,0,0,0,0,0,,,0,0,0,0,0,0,0,0,0,0,0,0,,,,0,0,0,0,0,0,0,,0,0,0,0,,102.18,102.18
00-0008075,L.Izzo,Larry Izzo,LB,LB,"https://static.www.nfl.com/image/private/f_auto,q_auto/league/w5lt5oyfmcapdhhkagjl",2007,REG+POST,NE,13,0,0,0,0,0,0,0,0,0,0,0,0,,,0,,0,0,0,0,0,0,,0,0,0,0,0,0,0,0,0,0,,0,,,0,,0,9,4,5,0,0,0,0,0,0,0,0,0,0,0,0,0,0,0,0,0,0,2,20,0,0,0,0,0,0,0,0,,,0,0,0,0,0,0,0,0,0,0,0,0,,,,0,0,0,0,0,0,0,,0,0,0,0,,0,0
00-0008115,D.Jackson,Dexter Jackson,S,DB,"https://static.www.nfl.com/image/private/f_auto,q_auto/league/ezmi6vswxetasp3b825f",2007,REG,CIN,14,0,0,0,0,0,0,0,0,0,0,0,0,,,0,,0,0,0,0,0,0,,0,0,0,0,0,0,0,0,0,0,,0,,,0,,0,38,6,28,0,0,1,0.5,3.5,4,2,7,3,0,0,0,0,0,0,2,2,0,4,40,0,0,0,0,0,0,0,0,,,0,0,0,0,0,0,0,0,0,0,0,0,,,,0,0,0,0,0,0,0,,0,0,0,0,,0,0
00-0008124,G.Jackson,Grady Jackson,DT,DL,"https://static.www.nfl.com/image/private/f_auto,q_auto/league/vvflec6xdqf3ce2tuk4l",2007,REG+POST,JAX,14,0,0,0,0,0,0,0,0,0,0,0,0,,,0,,0,0,0,0,0,0,,0,0,0,0,0,0,0,0,0,0,,0,,0,0,0,0,25,4,4,0,0,0,1,5,1,0,0,0,0,0,0,0,0,0,0,0,0,1,5,0,0,0,0,0,0,0,0,,,0,0,0,0,0,0,0,0,0,0,0,0,,,,0,0,0,0,0,0,0,,0,0,0,0,,0,0
00-0008241,E.James,Edgerrin James,RB,RB,"https://static.www.nfl.com/image/private/f_auto,q_auto/league/g7i6v01dasbvebawxwdm",2007,REG,ARI,16,0,0,0,0,0,0,0,0,0,0,0,0,,,0,,324,1232,7,4,0,56,-15.216196455025,0,25,0,196,0,1,0,0,186,9,8.86604323866777,0,0,,0,,0,2,0,0,0,0,0,0,0,0,0,0,0,0,0,0,0,1,1,0,0,0,2,20,0,0,0,0,0,0,0,0,,,0,0,0,0,0,0,0,0,0,0,0,0,,,,0,0,0,0,0,0,0,,0,0,0,0,,184.8,209.8
00-0008442,B.Johnson,Brad Johnson,QB,QB,"https://static.www.nfl.com/image/private/f_auto,q_auto/league/rnzt7iobyak7at4wf6uf",2007,REG,DAL,3,7,11,79,0,0,1,-9,0,0,73,53,2,-1.74302300456723,0.831959193403071,0,1.08219178082192,5,-5,0,0,0,0,-5.04612704971805,0,0,0,0,0,0,0,0,0,0,,0,,,0,,0,0,0,0,0,0,0,0,0,0,0,0,0,0,0,0,0,0,0,0,0,0,0,0,0,0,0,0,0,0,0,0,,,0,0,0,0,0,0,0,0,0,0,0,0,,,,0,0,0,0,0,0,0,,0,0,0,0,,2.66,2.66
00-0008484,D.Johnson,Dirk Johnson,P,SPEC,"https://static.www.nfl.com/image/private/f_auto,q_auto/league/liuoswqetnmkknz3y0am",2007,REG,CHI,1,0,0,0,0,0,0,0,0,0,0,0,0,,,0,,0,0,0,0,0,0,,0,0,0,0,0,0,0,0,0,0,,0,,,0,,0,1,0,0,0,0,0,0,0,0,0,0,0,0,0,0,0,0,0,0,0,0,0,0,0,0,0,0,0,0,0,0,,,0,0,0,0,0,0,0,0,0,0,0,0,,,,0,0,0,0,0,0,0,,0,0,0,0,,0,0
00-0008894,W.Jones,Walter Jones,OT,OL,"https://static.www.nfl.com/image/private/f_auto,q_auto/league/x1cyk4dzlwh0wk23iuj6",2007,REG,SEA,2,0,0,0,0,0,0,0,0,0,0,0,0,,,0,,0,0,0,0,0,0,,0,0,0,0,0,0,0,0,0,0,,0,,0,0,0,0,0,1,0,0,0,0,0,0,0,0,0,0,0,0,0,0,0,0,0,0,0,1,5,0,0,0,0,0,0,0,0,,,0,0,0,0,0,0,0,0,0,0,0,0,,,,0,0,0,0,0,0,0,,0,0,0,0,,0,0
00-0008962,J.Jurevicius,Joe Jurevicius,WR,WR,"https://static.www.nfl.com/image/private/f_auto,q_auto/league/b9o3kktlagtklqzoq2f1",2007,REG,CLE,16,0,0,0,0,0,0,0,0,0,0,0,0,,,0,,0,0,0,0,0,0,,0,50,0,614,3,0,0,0,243,34,61.6874951032137,1,0,0,0,0,0,1,0,0,0,0,0,0,0,0,0,0,0,0,0,0,0,0,0,0,0,0,3,30,0,0,2,9,0,0,0,0,,,0,0,0,0,0,0,0,0,0,0,0,0,,,,0,0,0,0,0,0,0,,0,0,0,0,,81.4,131.4
00-0009001,N.Kalu,N. D. Kalu,DE,DL,"https://static.www.nfl.com/image/private/f_auto,q_auto/league/ntyah8tgcucbzzo6avo1",2007,REG,HOU,9,0,0,0,0,0,0,0,0,0,0,0,0,,,0,,0,0,0,0,0,0,,0,0,0,0,0,0,0,0,0,0,,0,,0,0,0,0,6,2,5,0,0,0,3,14.5,7,0,0,1,0,0,0,0,0,0,0,0,0,0,0,0,0,0,0,0,0,0,0,,,0,0,0,0,0,0,0,0,0,0,0,0,,,,0,0,0,0,0,0,0,,0,0,0,0,,0,0
00-0009028,J.Kasay,John Kasay,K,SPEC,"https://static.www.nfl.com/image/private/f_auto,q_auto/league/t7fvhg0upkp9gojwojx7",2007,REG,CAR,16,0,0,0,0,0,0,0,0,0,0,0,0,,,0,,0,0,0,0,0,0,,0,0,0,0,0,0,0,0,0,0,,0,,0,0,0,0,0,0,0,0,0,0,0,0,0,0,0,0,0,0,0,0,0,0,0,0,0,0,0,0,0,0,0,24,28,4,0,53,0.857142857142857,2,6,8,6,2,0,0,0,1,3,0,0,34;32;45;49;23;35;52;33;43;24;45;29;31;26;45;29;19;49;39;53;37;37;25;19,47;45;40;37,,853,169,0,27,27,0,0,1,1,1,0,0,52,0,0
00-0009056,J.Kearse,Jevon Kearse,DE,DL,"https://static.www.nfl.com/image/private/f_auto,q_auto/league/vzzggm9uhlwjegqbnipq",2007,REG,PHI,8,0,0,0,0,0,0,0,0,0,0,0,0,,,0,,0,0,0,0,0,0,,0,0,0,0,0,0,0,0,0,0,,0,,0,0,0,0,7,1,4,0,0,0,3.5,16,5,0,0,0,0,0,0,0,0,0,1,1,0,2,10,0,0,0,0,0,0,0,0,,,0,0,0,0,0,0,0,0,0,0,0,0,,,,0,0,0,0,0,0,0,,0,0,0,0,,0,0
00-0009106,B.Kelly,Brian Kelly,CB,DB,"https://static.www.nfl.com/image/private/f_auto,q_auto/league/t4idw8nv2wvicswnxhmr",2007,REG+POST,TB,11,0,0,0,0,0,0,0,0,0,0,0,0,,,0,,0,0,0,0,0,0,,0,0,0,0,0,0,0,0,0,0,,0,,0,0,0,0,18,3,3,0,0,0,0,0,0,2,0,7,0,0,0,0,0,0,1,1,0,0,0,0,0,0,0,0,0,0,0,,,0,0,0,0,0,0,0,0,0,0,0,0,,,,0,0,0,0,0,0,0,,0,0,0,0,,0,0
00-0009119,R.Kelly,Reggie Kelly,TE,TE,"https://static.www.nfl.com/image/private/f_auto,q_auto/league/zbvjncchkjeesxaa4lou",2007,REG,CIN,13,0,0,0,0,0,0,0,0,0,0,0,0,,,0,,0,0,0,0,0,0,,0,20,0,211,0,0,0,0,49,7,12.9249026252109,0,0,,0,,0,0,0,0,0,0,0,0,0,0,0,0,0,0,0,0,0,0,0,0,0,0,4,30,0,0,3,38,0,0,0,0,,,0,0,0,0,0,0,0,0,0,0,0,0,,,,0,0,0,0,0,0,0,,0,0,0,0,,21.1,41.1
00-0009137,P.Kendall,Pete Kendall,G,OL,"https://static.www.nfl.com/image/private/f_auto,q_auto/league/ktm1r6dsrjmjviysteyc",2007,REG,WAS,5,0,0,0,0,0,0,0,0,0,0,0,0,,,0,,0,0,0,0,0,0,,0,0,0,0,0,0,0,0,0,0,,0,,,0,,0,3,0,0,0,0,0,0,0,0,0,0,0,0,0,0,0,0,0,0,0,0,2,15,0,0,0,0,0,0,0,0,,,0,0,0,0,0,0,0,0,0,0,0,0,,,,0,0,0,0,0,0,0,,0,0,0,0,,0,0
00-0009163,E.Kennison,Eddie Kennison,WR,WR,"https://static.www.nfl.com/image/private/f_auto,q_auto/league/wh50rjege8ht41ht5yw9",2007,REG,KC,7,0,0,0,0,0,0,0,0,0,0,0,0,,,0,,2,5,0,0,0,0,-0.417983939521946,0,13,0,101,0,0,0,0,23,6,6.21221173100639,0,0,,0,,0,1,0,0,0,0,0,0,0,0,0,0,0,0,1,0,0,1,1,0,0,0,1,5,8,80,0,0,0,0,0,0,,,0,0,0,0,0,0,0,0,0,0,0,0,,,,0,0,0,0,0,0,0,,0,0,0,0,,10.6,23.6
00-0009173,P.Kerney,Patrick Kerney,DE,DL,"https://static.www.nfl.com/image/private/f_auto,q_auto/league/szdfueut485mfhontdsm",2007,REG+POST,SEA,17,0,0,0,0,0,0,0,0,0,0,0,0,,,0,,0,0,0,0,0,0,,0,0,0,0,0,0,0,0,0,0,,0,,0,0,0,0,43,8,15,0,0,5,14.5,89.5,29,1,0,2,0,0,0,0,0,0,0,0,0,0,0,0,0,0,0,0,0,0,0,,,0,0,0,0,0,0,0,0,0,0,0,0,,,,0,0,0,0,0,0,0,,0,0,0,0,,0,0
00-0009305,T.Kirschke,Travis Kirschke,DE,DL,"https://static.www.nfl.com/image/private/f_auto,q_auto/league/a88cz9zikeblhsptl6y2",2007,REG+POST,PIT,10,0,0,0,0,0,0,0,0,0,0,0,0,,,0,,0,0,0,0,0,0,,0,0,0,0,0,0,0,0,0,0,,0,,,0,,0,11,9,10,0,0,0,2,10,3,0,0,0,0,0,0,0,0,0,0,0,0,0,0,0,0,0,0,0,0,0,0,,,0,0,0,0,0,0,0,0,0,0,0,0,,,,0,0,0,0,0,0,0,,0,0,0,0,,0,0
00-0009311,J.Kitna,Jon Kitna,QB,QB,"https://static.www.nfl.com/image/private/f_auto,q_auto/league/rxrfxfbom7grkpnv94cp",2007,REG,DET,16,355,563,4066,18,21,48,-319,9,3,4799,1620,199,-23.7029224234231,1.5978729461097,0,0.847259845801209,27,63,0,5,2,8,-8.5378191570635,0,1,0,9,0,0,0,0,16,0,0.609928418183699,0,0,,0,,0,2,0,0,0,0,0,0,0,0,0,0,0,0,0,0,0,7,8,0,0,0,3,20,0,0,0,0,0,0,0,0,,,0,0,0,0,0,0,0,0,0,0,0,0,,,,0,0,0,0,0,0,0,,0,0,0,0,,189.84,190.84
00-0009323,J.Kleinsasser,Jimmy Kleinsasser,TE,TE,"https://static.www.nfl.com/image/private/f_auto,q_auto/league/mklavfiwexokqwdvfttz",2007,REG,MIN,7,0,0,0,0,0,0,0,0,0,0,0,0,,,0,,0,0,0,0,0,0,,0,4,0,43,1,0,0,0,18,3,2.91055076284101,0,0,,0,,0,1,0,0,0,0,0,0,0,0,0,0,0,0,0,0,0,0,0,0,0,0,3,15,0,0,0,0,0,0,0,0,,,0,0,0,0,0,0,0,0,0,0,0,0,,,,0,0,0,0,0,0,0,,0,0,0,0,,10.3,14.3
00-0009357,S.Knight,Sammy Knight,DB,DB,"https://static.www.nfl.com/image/private/f_auto,q_auto/league/yrr49ujvnm2wvxmkdyho",2007,REG+POST,JAX,18,0,0,0,0,0,0,0,0,0,0,0,0,,,0,,0,0,0,0,0,0,,0,0,0,0,0,0,0,0,0,0,,0,,,0,,0,80,13,20,0,0,1,0,0,0,4,31,11,0,0,0,0,0,0,0,0,0,1,3,0,0,0,0,0,0,0,0,,,0,0,0,0,0,0,0,0,0,0,0,0,,,,0,0,0,0,0,0,0,,0,0,0,0,,0,0
00-0009443,B.Kozlowski,Brian Kozlowski,TE,TE,"https://static.www.nfl.com/image/private/f_auto,q_auto/league/xvc6eblafj2uhq7zv5bz",2007,REG,WAS,1,0,0,0,0,0,0,0,0,0,0,0,0,,,0,,0,0,0,0,0,0,,0,1,0,5,0,0,0,0,3,0,0.165939343394712,0,0,,0,,0,0,0,0,0,0,0,0,0,0,0,0,0,0,0,0,0,0,0,0,0,0,0,0,0,0,0,0,0,0,0,0,,,0,0,0,0,0,0,0,0,0,0,0,0,,,,0,0,0,0,0,0,0,,0,0,0,0,,0.5,1.5
00-0009472,O.Kreutz,Olin Kreutz,C,OL,"https://static.www.nfl.com/image/private/f_auto,q_auto/league/sghzbtafablvxdhrwfnb",2007,REG,CHI,7,0,0,0,0,0,0,0,0,0,0,0,0,,,0,,0,0,0,0,0,0,,0,0,0,0,0,0,0,0,0,0,,0,,,0,,0,3,0,0,0,0,0,0,0,0,0,0,0,0,0,0,0,1,2,0,0,0,3,35,0,0,0,0,0,0,0,0,,,0,0,0,0,0,0,0,0,0,0,0,0,,,,0,0,0,0,0,0,0,,0,0,0,0,,0,0
00-0009477,C.Kriewaldt,Clint Kriewaldt,LB,LB,"https://static.www.nfl.com/image/private/f_auto,q_auto/league/jktfdohjkjlwgvzf4ypi",2007,REG,PIT,7,0,0,0,0,0,0,0,0,0,0,0,0,,,0,,0,0,0,0,0,0,,0,0,0,0,0,0,0,0,0,0,,0,,,0,,0,2,1,7,0,0,0,0,0,0,0,0,0,0,0,0,0,0,0,0,0,0,0,0,0,0,0,0,0,0,0,0,,,0,0,0,0,0,0,0,0,0,0,0,0,,,,0,0,0,0,0,0,0,,0,0,0,0,,0,0
00-0009530,J.Kyle,Jason Kyle,LS,SPEC,"https://static.www.nfl.com/image/private/f_auto,q_auto/league/vuqzyfeqx6jrauesh2tl",2007,REG,CAR,2,0,0,0,0,0,0,0,0,0,0,0,0,,,0,,0,0,0,0,0,0,,0,0,0,0,0,0,0,0,0,0,,0,,0,0,0,0,3,0,0,0,0,0,0,0,0,0,0,0,0,0,0,0,0,0,0,0,0,0,0,0,0,0,0,0,0,0,0,,,0,0,0,0,0,0,0,0,0,0,0,0,,,,0,0,0,0,0,0,0,,0,0,0,0,,0,0
00-0009687,T.Law,Ty Law,CB,DB,"https://static.www.nfl.com/image/private/f_auto,q_auto/league/eepyfx4wk22s1kctoeqk",2007,REG,KC,16,0,0,0,0,0,0,0,0,0,0,0,0,,,0,,0,0,0,0,0,0,,0,0,0,0,0,0,0,0,0,0,,0,,,0,,0,36,3,8,0,0,0,0,0,0,2,2,13,0,0,0,0,0,0,0,0,0,2,20,0,0,0,0,0,0,0,0,,,0,0,0,0,0,0,0,0,0,0,0,0,,,,0,0,0,0,0,0,0,,0,0,0,0,,0,0
00-0009810,M.Lepsis,Matt Lepsis,OT,OL,"https://static.www.nfl.com/image/private/f_auto,q_auto/league/ngmosyd3vns1uaufgwzs",2007,REG,DEN,8,0,0,0,0,0,0,0,0,0,0,0,0,,,0,,0,0,0,0,0,0,,0,0,0,0,0,0,0,0,0,0,,0,,,0,,0,0,0,0,0,0,0,0,0,0,0,0,0,0,0,0,0,2,2,0,0,0,7,45,0,0,0,0,0,0,0,0,,,0,0,0,0,0,0,0,0,0,0,0,0,,,,0,0,0,0,0,0,0,,0,0,0,0,,0,0
00-0009889,R.Lewis,Ray Lewis,ILB,LB,"https://static.www.nfl.com/image/private/f_auto,q_auto/league/syd5vzbllkhjuwbjuiue",2007,REG,BAL,14,0,0,0,0,0,0,0,0,0,0,0,0,,,0,,0,0,0,0,0,0,,0,0,0,0,0,0,0,0,0,0,,0,,,0,,0,60,22,38,0,0,2,2,7,0,2,35,10,1,0,0,0,0,0,1,1,0,3,35,0,0,0,0,0,0,0,0,,,0,0,0,0,0,0,0,0,0,0,0,0,,,,0,0,0,0,0,0,0,,0,0,0,0,,0,0
00-0009978,L.Little,Leonard Little,DE,DL,"https://static.www.nfl.com/image/private/f_auto,q_auto/league/bmgnjlyyuz9erugc4fh0",2007,REG,LA,6,0,0,0,0,0,0,0,0,0,0,0,0,,,0,,0,0,0,0,0,0,,0,0,0,0,0,0,0,0,0,0,,0,,,0,,0,11,5,3,0,0,1,1,11,4,0,0,0,0,0,0,0,0,0,0,0,0,0,0,0,0,0,0,0,0,0,0,,,0,0,0,0,0,0,0,0,0,0,0,0,,,,0,0,0,0,0,0,0,,0,0,0,0,,0,0
00-0009992,C.Liwienski,Chris Liwienski,G,OL,"https://static.www.nfl.com/image/private/f_auto,q_auto/league/kn4rreaylwnc6xozbhcg",2007,REG,MIA,6,0,0,0,0,0,0,0,0,0,0,0,0,,,0,,0,0,0,0,0,0,,0,0,0,0,0,0,0,0,0,0,,0,,,0,,0,2,0,0,0,0,0,0,0,0,0,0,0,0,0,0,0,0,0,0,0,0,4,20,0,0,0,0,0,0,0,0,,,0,0,0,0,0,0,0,0,0,0,0,0,,,,0,0,0,0,0,0,0,,0,0,0,0,,0,0
00-0010072,R.Longwell,Ryan Longwell,K,SPEC,"https://static.www.nfl.com/image/private/f_auto,q_auto/league/powkqjr27gfrcapctcti",2007,REG,MIN,16,0,0,0,0,0,0,0,0,0,0,0,0,,,0,,0,0,0,0,0,0,,0,0,0,0,0,0,0,0,0,0,,0,,,0,,0,1,0,1,0,0,0,0,0,0,0,0,0,0,0,0,0,0,0,0,0,0,0,0,0,0,0,0,20,24,3,1,55,0.833333333333333,0,3,6,10,1,0,0,0,0,0,3,0,49;32;22;44;35;48;48;55;39;32;48;30;38;46;26;48;46;42;48;22,52;57;53,48,798,162,48,39,40,1,0,0.975,1,1,0,0,55,0,0
00-0010188,J.Lynch,John Lynch,FS,DB,"https://static.www.nfl.com/image/private/f_auto,q_auto/league/tgg0nlydguicwcylutpy",2007,REG,DEN,13,0,0,0,0,0,0,0,0,0,0,0,0,,,0,,0,0,0,0,0,0,,0,0,0,0,0,0,0,0,0,0,,0,,,0,,0,42,4,13,0,0,0,1,11,1,0,0,3,0,0,0,0,0,0,0,0,0,2,30,0,0,0,0,0,0,0,0,,,0,0,0,0,0,0,0,0,0,0,0,0,,,,0,0,0,0,0,0,0,,0,0,0,0,,0,0
00-0010264,S.Madison,Sam Madison,CB,DB,"https://static.www.nfl.com/image/private/f_auto,q_auto/league/e24bghhf6qkqhajke67n",2007,REG+POST,NYG,18,0,0,0,0,0,0,0,0,0,0,0,0,,,0,,0,0,0,0,0,0,,0,0,0,0,0,0,0,0,0,0,,0,,0,0,0,0,55,7,9,0,0,1,1,13,2,4,59,15,0,0,0,0,0,0,1,1,0,4,41,0,0,0,0,0,0,0,0,,,0,0,0,0,0,0,0,0,0,0,0,0,,,,0,0,0,0,0,0,0,,0,0,0,0,,0,0
00-0010341,P.Mannelly,Patrick Mannelly,LS,SPEC,"https://static.www.nfl.com/image/private/f_auto,q_auto/league/rt33c8kcsqess7fy8vww",2007,REG,CHI,3,0,0,0,0,0,0,0,0,0,0,0,0,,,0,,0,0,0,0,0,0,,0,0,0,0,0,0,0,0,0,0,,0,,,0,,0,2,2,0,0,0,0,0,0,0,0,0,0,0,0,0,0,0,0,0,0,0,1,5,0,0,0,0,0,0,0,0,,,0,0,0,0,0,0,0,0,0,0,0,0,,,,0,0,0,0,0,0,0,,0,0,0,0,,0,0
00-0010346,P.Manning,Peyton Manning,QB,QB,"https://static.www.nfl.com/image/private/f_auto,q_auto/league/xpcd6auodk3w0vda6jal",2007,REG+POST,IND,17,370,563,4442,34,16,21,-124,5,1,4854,1788,226,167.654737993572,4.00483362150915,1,0.915121549237742,21,-11,3,0,0,4,-1.85074879974889,0,0,0,0,0,0,0,0,0,0,,0,,,0,,0,1,0,0,0,0,0,0,0,0,0,0,0,0,0,0,0,3,3,0,0,0,2,10,0,0,0,0,0,0,0,0,,,0,0,0,0,0,0,0,0,0,0,0,0,,,,0,0,0,0,0,0,0,,0,0,0,0,,298.58,298.58
00-0010373,O.Mare,Olindo Mare,K,SPEC,"https://static.www.nfl.com/image/private/f_auto,q_auto/league/cr6ku9o6vyxl4sd5gj3z",2007,REG,NO,13,0,0,0,0,0,0,0,0,0,0,0,0,,,0,,0,0,0,0,0,0,,0,0,0,0,0,0,0,0,0,0,,0,,0,0,0,0,0,0,0,0,0,0,0,0,0,0,0,0,0,0,0,0,0,0,0,0,0,0,0,0,0,0,0,10,17,6,1,52,0.588235294117647,0,4,3,2,1,0,0,0,1,1,4,0,34;25;28;26;46;34;52;46;23;36,52;38;54;43;52;57,20,350,296,20,34,34,0,0,1,0,0,0,0,,0,0
00-0010421,L.Marshall,Lemar Marshall,OLB,LB,"https://static.www.nfl.com/image/private/f_auto,q_auto/league/ywwpdsffizmzuxoh7qbf",2007,REG,CIN,3,0,0,0,0,0,0,0,0,0,0,0,0,,,0,,0,0,0,0,0,0,,0,0,0,0,0,0,0,0,0,0,,0,,,0,,0,5,1,2,0,0,1,1,6,4,0,0,1,0,0,1,0,0,0,0,0,0,0,0,0,0,0,0,0,0,0,0,,,0,0,0,0,0,0,0,0,0,0,0,0,,,,0,0,0,0,0,0,0,,0,0,0,0,,0,0
00-0010455,J.Martin,Jamie Martin,QB,QB,"https://static.www.nfl.com/image/private/f_auto,q_auto/league/k2ysdmfo5k8fbfsvzswq",2007,REG,NO,1,0,0,0,0,0,0,0,0,0,0,0,0,,,0,,3,-3,0,0,0,0,-1.29758427420165,0,0,0,0,0,0,0,0,0,0,,0,,0,0,0,0,0,0,0,0,0,0,0,0,0,0,0,0,0,0,0,0,0,0,0,0,0,0,0,0,0,0,0,0,0,0,0,,,0,0,0,0,0,0,0,0,0,0,0,0,,,,0,0,0,0,0,0,0,,0,0,0,0,,-0.3,-0.3
00-0010500,D.Mason,Derrick Mason,WR,WR,"https://static.www.nfl.com/image/private/f_auto,q_auto/league/cdzevcyfslujjbirrvyq",2007,REG,BAL,16,0,0,0,0,0,0,0,0,0,0,0,0,,,0,,0,0,0,0,0,0,,0,103,0,1087,5,1,1,0,339,60,92.0375080528834,0,0,,0,,0,5,0,0,0,0,0,0,0,0,0,0,0,0,0,0,0,0,0,0,0,0,4,25,0,0,0,0,0,0,0,0,,,0,0,0,0,0,0,0,0,0,0,0,0,,,,0,0,0,0,0,0,0,,0,0,0,0,,136.7,239.7
00-0010577,K.Mawae,Kevin Mawae,C,OL,"https://static.www.nfl.com/image/private/f_auto,q_auto/league/ufvyb8o24zjrgokbkcvm",2007,REG,TEN,5,0,0,0,0,0,0,0,0,0,0,0,0,,,0,,0,0,0,0,0,0,,0,0,0,0,0,0,0,0,0,0,,0,,,0,,0,2,0,0,0,0,0,0,0,0,0,0,0,0,0,0,0,0,1,0,0,0,2,15,0,0,0,0,0,0,0,0,,,0,0,0,0,0,0,0,0,0,0,0,0,,,,0,0,0,0,0,0,0,,0,0,0,0,,0,0
00-0010609,B.Maynard,Brad Maynard,P,SPEC,"https://static.www.nfl.com/image/private/f_auto,q_auto/league/hnmyqljakbuycwcxw8ez",2007,REG,CHI,15,0,0,0,0,0,0,0,0,0,0,0,0,,,0,,0,0,0,0,0,0,,0,0,0,0,0,0,0,0,0,0,,0,,,0,,0,0,0,0,0,0,0,0,0,0,0,0,0,0,0,0,0,0,0,1,1,0,1,5,0,0,0,0,0,0,0,0,,,0,0,0,0,0,0,0,0,0,0,0,0,,,,0,0,0,0,0,0,0,,0,0,0,0,,0,0
00-0010634,C.McAlister,Chris McAlister,DB,DB,"https://static.www.nfl.com/image/private/f_auto,q_auto/league/nrrgp0ghhmnqxsc3ivbu",2007,REG,BAL,8,0,0,0,0,0,0,0,0,0,0,0,0,,,0,,0,0,0,0,0,0,,0,0,0,0,0,0,0,0,0,0,,0,,,0,,0,16,1,2,0,0,0,0,0,0,1,0,9,0,0,0,0,0,0,0,0,0,3,13,0,0,0,0,0,0,0,0,,,0,0,0,0,0,0,0,0,0,0,0,0,,,,0,0,0,0,0,0,0,,0,0,0,0,,0,0
00-0010668,K.McCardell,Keenan McCardell,WR,WR,"https://static.www.nfl.com/image/private/f_auto,q_auto/league/kop0ezafhz9vlgvey1wv",2007,REG,WAS,7,0,0,0,0,0,0,0,0,0,0,0,0,,,0,,0,0,0,0,0,0,,0,22,0,256,1,0,0,0,72,16,24.2831795894308,0,0,,0,,0,0,0,0,0,0,0,0,0,0,0,0,0,0,0,0,0,0,0,0,0,0,0,0,4,19,0,0,0,0,0,0,,,0,0,0,0,0,0,0,0,0,0,0,0,,,,0,0,0,0,0,0,0,,0,0,0,0,,31.6,53.6
00-0010711,T.McClure,Todd McClure,C,OL,"https://static.www.nfl.com/image/private/f_auto,q_auto/league/ucenhyrtlxlz3upva3qr",2007,REG,ATL,4,0,0,0,0,0,0,0,0,0,0,0,0,,,0,,0,0,0,0,0,0,,0,0,0,0,0,0,0,0,0,0,,0,,0,0,0,0,1,0,0,0,0,0,0,0,0,0,0,0,0,0,0,0,0,1,1,1,0,2,15,0,0,0,0,0,0,0,0,,,0,0,0,0,0,0,0,0,0,0,0,0,,,,0,0,0,0,0,0,0,,0,0,0,0,,0,0
00-0010717,A.McCollum,Andy McCollum,C,OL,"https://static.www.nfl.com/image/private/f_auto,q_auto/league/xn8k0ig3se5mejo2a6l0",2007,REG,LA,5,0,0,0,0,0,0,0,0,0,0,0,0,,,0,,0,0,0,0,0,0,,0,0,0,0,0,0,0,0,0,0,,0,,,0,,0,2,0,0,0,0,0,0,0,0,0,0,0,0,0,0,0,0,0,0,0,0,7,45,0,0,0,0,0,0,0,0,,,0,0,0,0,0,0,0,0,0,0,0,0,,,,0,0,0,0,0,0,0,,0,0,0,0,,0,0
00-0010747,F.McCrary,Fred McCrary,RB,RB,"https://static.www.nfl.com/image/private/f_auto,q_auto/league/h2po9khghnwirifjrtht",2007,REG,SEA,1,0,0,0,0,0,0,0,0,0,0,0,0,,,0,,0,0,0,0,0,0,,0,0,0,0,0,0,0,0,0,0,,0,,0,0,0,0,1,0,0,0,0,0,0,0,0,0,0,0,0,0,0,0,0,0,0,0,0,0,0,0,0,0,0,0,0,0,0,,,0,0,0,0,0,0,0,0,0,0,0,0,,,,0,0,0,0,0,0,0,,0,0,0,0,,0,0
00-0010872,W.McGinest,Willie McGinest,OLB,LB,"https://static.www.nfl.com/image/private/f_auto,q_auto/league/ezcdzlmecctflmtyn6rz",2007,REG,CLE,13,0,0,0,0,0,0,0,0,0,0,0,0,,,0,,0,0,0,0,0,0,,0,0,0,0,0,0,0,0,0,0,,0,,0,0,0,0,16,3,11,0,0,0,2.5,12,4,0,0,5,0,0,0,0,0,0,1,1,0,2,10,0,0,0,0,0,0,0,0,,,0,0,0,0,0,0,0,0,0,0,0,0,,,,0,0,0,0,0,0,0,,0,0,0,0,,0,0
00-0010944,M.McKenzie,Mike McKenzie,CB,DB,"https://static.www.nfl.com/image/private/f_auto,q_auto/league/o5xgcih6f3fipdaitr4q",2007,REG,NO,14,0,0,0,0,0,0,0,0,0,0,0,0,,,0,,0,0,0,0,0,0,,0,0,0,0,0,0,0,0,0,0,,0,,0,0,0,0,41,4,7,0,0,0,0,0,0,3,161,17,2,0,0,0,0,0,0,0,0,2,33,0,0,0,0,0,0,0,0,,,0,0,0,0,0,0,0,0,0,0,0,0,,,,0,0,0,0,0,0,0,,0,0,0,0,,0,0
00-0011022,D.McNabb,Donovan McNabb,QB,QB,"https://static.www.nfl.com/image/private/f_auto,q_auto/league/wd6jjtwdweq7v3ya2pet",2007,REG,PHI,14,291,473,3324,19,7,44,-227,6,3,3617,1482,152,33.6962209283158,-0.584046260375809,0,0.918993641139066,50,236,0,3,2,20,-3.87798822755576,0,0,0,0,0,0,0,0,0,0,,0,,0,0,0,0,1,0,0,0,0,0,0,0,0,0,0,0,0,0,0,0,0,1,0,0,0,3,20,0,0,0,0,0,0,0,0,,,0,0,0,0,0,0,0,0,0,0,0,0,,,,0,0,0,0,0,0,0,,0,0,0,0,,208.56,208.56
00-0011024,S.McNair,Steve McNair,QB,QB,"https://static.www.nfl.com/image/private/f_auto,q_auto/league/ywdddxsuykv3cuslv0xo",2007,REG,BAL,6,133,205,1113,2,4,11,-85,6,5,1137,567,60,-36.2317227408743,3.40302126529889,0,0.978891820580475,10,32,0,2,2,5,-9.02262710483046,0,0,0,0,0,0,0,0,0,0,,0,,,0,,0,1,0,0,0,0,0,0,0,0,0,0,0,0,0,0,0,0,1,0,0,0,4,29,0,0,0,0,0,0,0,0,,,0,0,0,0,0,0,0,0,0,0,0,0,,,,0,0,0,0,0,0,0,,0,0,0,0,,33.72,33.72
00-0011053,R.McQuarters,R.W. McQuarters,CB,DB,"https://static.www.nfl.com/image/private/f_auto,q_auto/league/hpi6hxc7q6t5a0u7fnli",2007,REG+POST,NYG,20,0,0,0,0,0,0,0,0,0,0,0,0,,,0,,0,0,0,0,0,0,,0,0,0,0,0,0,0,0,0,0,,0,,0,0,0,0,15,3,2,0,0,0,0,0,1,3,11,4,0,3,0,0,1,1,0,0,0,1,5,52,407,0,0,0,0,0,0,,,0,0,0,0,0,0,0,0,0,0,0,0,,,,0,0,0,0,0,0,0,,0,0,0,0,,0,0
00-0011236,B.Miller,Billy Miller,TE,TE,"https://static.www.nfl.com/image/private/f_auto,q_auto/league/bhqkzrqlqbyqy1ktwq60",2007,REG,NO,13,0,0,0,0,0,0,0,0,0,0,0,0,,,0,,0,0,0,0,0,0,,0,27,0,328,2,0,0,0,190,20,24.1205771049135,0,0,0,0,0,0,1,0,0,0,0,0,0,0,0,0,0,0,0,0,0,0,0,0,0,0,0,3,20,0,0,1,8,0,0,0,0,,,0,0,0,0,0,0,0,0,0,0,0,0,,,,0,0,0,0,0,0,0,,0,0,0,0,,44.8,71.8
00-0011266,F.Miller,Fred Miller,OT,OL,"https://static.www.nfl.com/image/private/f_auto,q_auto/league/vqgmy08qa8gianwtume6",2007,REG,CHI,9,0,0,0,0,0,0,0,0,0,0,0,0,,,0,,0,0,0,0,0,0,,0,0,0,0,0,0,0,0,0,0,,0,,,0,,0,3,0,0,0,0,0,0,0,0,0,0,0,0,0,0,0,0,0,0,0,0,8,54,0,0,0,0,0,0,0,0,,,0,0,0,0,0,0,0,0,0,0,0,0,,,,0,0,0,0,0,0,0,,0,0,0,0,,0,0
00-0011279,J.Miller,Josh Miller,P,SPEC,"https://static.www.nfl.com/image/private/f_auto,q_auto/league/c483jsfaglqodcq1uxxn",2007,REG,TEN,1,0,0,0,0,0,0,0,0,0,0,0,0,,,0,,0,0,0,0,0,0,,0,0,0,0,0,0,0,0,0,0,,0,,,0,,0,0,0,0,0,0,0,0,0,0,0,0,0,0,0,0,0,0,0,0,0,0,1,5,0,0,0,0,0,0,0,0,,,0,0,0,0,0,0,0,0,0,0,0,0,,,,0,0,0,0,0,0,0,,0,0,0,0,,0,0
00-0011326,L.Milloy,Lawyer Milloy,S,DB,"https://static.www.nfl.com/image/private/f_auto,q_auto/league/c2dojuntu0bozpu4vihf",2007,REG,ATL,16,0,0,0,0,0,0,0,0,0,0,0,0,,,0,,0,0,0,0,0,0,,0,0,0,0,0,0,0,0,0,0,,0,,0,0,0,0,58,18,14,0,0,0,0,0,3,2,24,5,0,0,0,0,0,0,0,0,0,1,15,0,0,0,0,0,0,0,0,,,0,0,0,0,0,0,0,0,0,0,0,0,,,,0,0,0,0,0,0,0,,0,0,0,0,,0,0
00-0011626,B.Moorman,Brian Moorman,P,SPEC,"https://static.www.nfl.com/image/private/f_auto,q_auto/league/g86ulimylspinpupgt3l",2007,REG,BUF,16,0,0,0,0,0,0,0,0,0,0,0,0,,,0,,4,14,0,1,1,4,1.35914040834177,0,0,0,0,0,0,0,0,0,0,,0,,0,0,0,0,0,0,0,0,0,0,0,0,0,0,0,0,0,0,0,0,1,1,0,0,0,2,10,0,0,0,0,0,0,0,0,,,0,0,0,0,0,0,0,0,0,0,0,0,,,,0,0,0,0,0,0,0,,0,0,0,0,,-0.6,-0.6
00-0011641,S.Morey,Sean Morey,WR,WR,"https://static.www.nfl.com/image/private/f_auto,q_auto/league/na2q8gzhkuwxhmfnuovd",2007,REG,ARI,10,0,0,0,0,0,0,0,0,0,0,0,0,,,0,,1,13,0,0,0,1,3.24639827944338,0,8,0,131,0,0,0,0,69,4,6.48201169725508,0,0,,0,,0,8,1,1,0,0,0,0,0,0,0,0,0,0,0,0,0,0,0,0,0,0,0,0,0,0,1,40,0,0,0,0,,,0,0,0,0,0,0,0,0,0,0,0,0,,,,0,0,0,0,0,0,0,,0,0,0,0,,14.4,22.4
00-0011754,R.Moss,Randy Moss,WR,WR,"https://static.www.nfl.com/image/private/f_auto,q_auto/league/udotyrimbuirasxxkd8p",2007,REG+POST,NE,19,0,0,0,0,0,0,0,0,0,0,0,0,,,0,,1,14,0,0,0,1,0.786131787579507,0,105,0,1587,24,0,0,0,381,81,165.358921898196,0,0,,0,,0,1,0,0,0,0,0,0,0,0,0,0,1,0,0,0,0,2,2,0,0,0,5,40,0,0,0,0,0,0,0,0,,,0,0,0,0,0,0,0,0,0,0,0,0,,,,0,0,0,0,0,0,0,,0,0,0,0,,304.1,409.1
00-0011770,E.Moulds,Eric Moulds,WR,WR,"https://static.www.nfl.com/image/private/f_auto,q_auto/league/zsgfiuckq4ha4j39dyue",2007,REG+POST,TEN,14,0,0,0,0,0,0,0,0,0,0,0,0,,,0,,0,0,0,0,0,0,,0,35,0,360,0,0,0,0,154,21,31.6764612485422,0,0,,0,,0,1,0,0,0,0,0,0,0,0,0,0,0,0,0,0,0,0,0,0,0,0,1,3,0,0,0,0,0,0,0,0,,,0,0,0,0,0,0,0,0,0,0,0,0,,,,0,0,0,0,0,0,0,,0,0,0,0,,36,71
00-0011795,M.Muhammad,Muhsin Muhammad,WR,WR,"https://static.www.nfl.com/image/private/f_auto,q_auto/league/voncnllz8vmiq1rnclqz",2007,REG,CHI,15,0,0,0,0,0,0,0,0,0,0,0,0,,,0,,0,0,0,0,0,0,,0,40,0,570,3,0,0,0,182,28,51.8102356032261,0,0,,0,,0,2,0,0,0,0,0,0,0,0,0,0,0,0,0,0,0,0,0,0,0,0,3,20,0,0,0,0,0,0,0,0,,,0,0,0,0,0,0,0,0,0,0,0,0,,,,0,0,0,0,0,0,0,,0,0,0,0,,75,115
00-0011803,E.Mulitalo,Edwin Mulitalo,G,OL,"https://static.www.nfl.com/image/private/f_auto,q_auto/league/osfjk1sc6syr3urfgqpr",2007,REG,DET,3,0,0,0,0,0,0,0,0,0,0,0,0,,,0,,0,0,0,0,0,0,,0,0,0,0,0,0,0,0,0,0,,0,,,0,,0,0,0,0,0,0,0,0,0,0,0,0,0,0,0,0,0,1,1,0,0,0,2,10,0,0,0,0,0,0,0,0,,,0,0,0,0,0,0,0,0,0,0,0,0,,,,0,0,0,0,0,0,0,,0,0,0,0,,0,0
00-0011886,M.Myers,Michael Myers,DT,DL,"https://static.www.nfl.com/image/private/f_auto,q_auto/league/iyd2hsunomwkxunqmd2u",2007,REG,CIN,14,0,0,0,0,0,0,0,0,0,0,0,0,,,0,,0,0,0,0,0,0,,0,0,0,0,0,0,0,0,0,0,,0,,,0,,0,18,3,13,0,0,0,1,4,2,1,0,2,0,0,0,0,0,0,0,0,0,0,0,0,0,0,0,0,0,0,0,,,0,0,0,0,0,0,0,0,0,0,0,0,,,,0,0,0,0,0,0,0,,0,0,0,0,,0,0
00-0011905,C.Naeole,Chris Naeole,G,OL,"https://static.www.nfl.com/image/private/f_auto,q_auto/league/l6081tfysdqtois6a79u",2007,REG,JAX,1,0,0,0,0,0,0,0,0,0,0,0,0,,,0,,0,0,0,0,0,0,,0,0,0,0,0,0,0,0,0,0,,0,,,0,,0,0,0,0,0,0,0,0,0,0,0,0,0,0,0,0,0,1,1,0,0,0,0,0,0,0,0,0,0,0,0,0,,,0,0,0,0,0,0,0,0,0,0,0,0,,,,0,0,0,0,0,0,0,,0,0,0,0,,0,0
00-0011945,H.Navies,Hannibal Navies,LB,LB,"https://static.www.nfl.com/image/private/f_auto,q_auto/league/uume1io796g5gyj4wboc",2007,REG,SF,4,0,0,0,0,0,0,0,0,0,0,0,0,,,0,,0,0,0,0,0,0,,0,0,0,0,0,0,0,0,0,0,,0,,0,0,0,0,5,0,4,0,0,1,1,7,0,0,0,0,0,0,0,0,0,0,1,1,0,0,0,0,0,0,0,0,0,0,0,,,0,0,0,0,0,0,0,0,0,0,0,0,,,,0,0,0,0,0,0,0,,0,0,0,0,,0,0
00-0011958,L.Neal,Lorenzo Neal,FB,RB,"https://static.www.nfl.com/image/private/f_auto,q_auto/league/tsuqbitfgkxsemjowcyw",2007,REG,LAC,11,0,0,0,0,0,0,0,0,0,0,0,0,,,0,,13,32,0,0,0,5,-3.72812374506611,0,8,0,23,1,1,0,0,22,2,2.71352473832667,0,0,,0,,0,0,0,0,0,0,0,0,0,0,0,0,0,0,0,0,0,0,0,0,0,0,1,10,0,0,1,4,0,0,0,0,,,0,0,0,0,0,0,0,0,0,0,0,0,,,,0,0,0,0,0,0,0,,0,0,0,0,,11.5,19.5
00-0011970,J.Nedney,Joe Nedney,K,SPEC,"https://static.www.nfl.com/image/private/f_auto,q_auto/league/zrsxfmwsgeacb04jktvn",2007,REG,SF,16,0,0,0,0,0,0,0,0,0,0,0,0,,,0,,0,0,0,0,0,0,,0,0,0,0,0,0,0,0,0,0,,0,,0,0,0,0,2,0,0,0,0,0,0,0,0,0,0,0,0,0,0,0,0,0,0,0,0,0,0,0,0,0,0,17,19,2,0,49,0.894736842105263,1,5,6,5,0,0,0,0,0,0,2,0,33;30;40;32;22;49;43;29;49;32;22;28;38;46;19;29;38,52;55,,579,107,0,22,22,0,0,1,0,1,1,0,52,0,0
00-0012023,J.Nesbit,Jamar Nesbit,G,OL,"https://static.www.nfl.com/image/private/f_auto,q_auto/league/zmtumkatytjgf9p7yy3p",2007,REG,NO,6,0,0,0,0,0,0,0,0,0,0,0,0,,,0,,0,0,0,0,0,0,,0,0,0,0,0,0,0,0,0,0,,0,,0,0,0,0,1,0,0,0,0,0,0,0,0,0,0,0,0,0,0,0,1,1,0,0,0,4,25,0,0,0,0,0,0,0,0,,,0,0,0,0,0,0,0,0,0,0,0,0,,,,0,0,0,0,0,0,0,,0,0,0,0,,0,0
00-0012042,J.Newberry,Jeremy Newberry,C,OL,"https://static.www.nfl.com/image/private/f_auto,q_auto/league/fkkoslxtyxxfb1nwzvqd",2007,REG,LV,9,0,0,0,0,0,0,0,0,0,0,0,0,,,0,,0,0,0,0,0,0,,0,0,0,0,0,0,0,0,0,0,,0,,,0,,0,2,0,0,0,0,0,0,0,0,0,0,0,0,0,0,0,1,2,0,0,0,7,69,0,0,0,0,0,0,0,0,,,0,0,0,0,0,0,0,0,0,0,0,0,,,,0,0,0,0,0,0,0,,0,0,0,0,,0,0
00-0012322,J.Ogden,Jonathan Ogden,OT,OL,"https://static.www.nfl.com/image/private/f_auto,q_auto/league/nfankpq6pyoz8smsbilj",2007,REG,BAL,3,0,0,0,0,0,0,0,0,0,0,0,0,,,0,,0,0,0,0,0,0,,0,0,0,0,0,0,0,0,0,0,,0,,,0,,0,3,0,0,0,0,0,0,0,0,0,0,0,0,0,0,0,0,0,0,0,0,0,0,0,0,0,0,0,0,0,0,,,0,0,0,0,0,0,0,0,0,0,0,0,,,,0,0,0,0,0,0,0,,0,0,0,0,,0,0
00-0012381,B.Olson,Benji Olson,G,OL,"https://static.www.nfl.com/image/private/f_auto,q_auto/league/ycrpvvvlmrkt6hqkv706",2007,REG,TEN,2,0,0,0,0,0,0,0,0,0,0,0,0,,,0,,0,0,0,0,0,0,,0,0,0,0,0,0,0,0,0,0,,0,,,0,,0,1,0,0,0,0,0,0,0,0,0,0,0,0,0,0,0,0,0,0,0,0,1,5,0,0,0,0,0,0,0,0,,,0,0,0,0,0,0,0,0,0,0,0,0,,,,0,0,0,0,0,0,0,,0,0,0,0,,0,0
00-0012478,T.Owens,Terrell Owens,WR,WR,"https://static.www.nfl.com/image/private/f_auto,q_auto/league/c41avnwoegxy9nnwmgbo",2007,REG+POST,DAL,16,0,0,0,0,0,0,0,0,0,0,0,0,,,0,,1,5,0,0,0,0,0.177854869281873,0,85,0,1404,16,0,0,0,354,73,144.805165951271,0,0,,0,,0,3,0,0,0,0,0,0,0,0,0,0,1,0,0,0,0,0,0,0,0,0,8,55,0,0,0,0,0,0,0,0,,,0,0,0,0,0,0,0,0,0,0,0,0,,,,0,0,0,0,0,0,0,,0,0,0,0,,236.9,321.9
00-0012642,D.Patten,David Patten,WR,WR,"https://static.www.nfl.com/image/private/f_auto,q_auto/league/zzybbpvmsjs093ikw5ex",2007,REG,NO,15,0,0,0,0,0,0,0,0,0,0,0,0,,,0,,2,-5,0,0,0,0,-1.55327610170934,0,54,0,792,3,2,1,0,249,37,58.8670343271199,0,0,0,0,0,0,2,0,0,0,0,0,0,0,0,0,0,0,0,0,0,0,0,0,0,0,0,0,0,0,0,2,20,0,0,0,0,,,0,0,0,0,0,0,0,0,0,0,0,0,,,,0,0,0,0,0,0,0,,0,0,0,0,,94.7,148.7
00-0012871,M.Peterson,Mike Peterson,OLB,LB,"https://static.www.nfl.com/image/private/f_auto,q_auto/league/thjhv1mqc4ofbiksz7es",2007,REG,JAX,10,0,0,0,0,0,0,0,0,0,0,0,0,,,0,,0,0,0,0,0,0,,0,0,0,0,0,0,0,0,0,0,,0,,,0,,0,50,10,10,0,0,0,2,10,4,1,12,3,0,0,0,0,0,0,1,1,0,1,15,0,0,0,0,0,0,0,0,,,0,0,0,0,0,0,0,0,0,0,0,0,,,,0,0,0,0,0,0,0,,0,0,0,0,,0,0
00-0013013,M.Pittman,Michael Pittman,RB,RB,"https://static.www.nfl.com/image/private/f_auto,q_auto/league/xt52pieoe86wnuy0imar",2007,REG+POST,TB,11,0,0,0,0,0,0,0,0,0,0,0,0,,,0,,70,293,0,0,0,14,-5.18862159486693,0,31,0,253,0,1,1,0,190,14,6.93465151643368,0,0,0,0,0,0,1,0,0,0,0,0,0,0,0,0,0,0,0,0,0,0,0,0,0,0,0,0,0,0,0,0,0,0,0,0,0,,,0,0,0,0,0,0,0,0,0,0,0,0,,,,0,0,0,0,0,0,0,,0,0,0,0,,52.6,83.6
00-0013028,S.Player,Scott Player,P,SPEC,"https://static.www.nfl.com/image/private/f_auto,q_auto/league/zzhrpz8oqrxddhee6m10",2007,REG,CLE,3,0,0,0,0,0,0,0,0,0,0,0,0,,,0,,0,0,0,0,0,0,,0,0,0,0,0,0,0,0,0,0,,0,,0,0,0,0,0,0,0,0,0,0,0,0,0,0,0,0,0,0,0,0,0,0,0,0,0,0,0,0,0,0,0,0,0,0,0,,,0,0,0,0,0,0,0,0,0,0,0,0,,,,0,0,0,0,0,0,0,,0,0,0,0,,0,0
00-0013080,M.Pollard,Marcus Pollard,TE,TE,"https://static.www.nfl.com/image/private/f_auto,q_auto/league/ocbxy6cx3uxo3foaq6lh",2007,REG+POST,SEA,15,0,0,0,0,0,0,0,0,0,0,0,0,,,0,,0,0,0,0,0,0,,0,29,0,276,2,1,1,0,137,15,21.995535346112,1,0,0,0,0,0,3,0,0,0,0,0,0,0,0,0,0,0,0,0,0,0,0,0,0,0,0,3,20,0,0,0,0,0,0,0,0,,,0,0,0,0,0,0,0,0,0,0,0,0,,,,0,0,0,0,0,0,0,,0,0,0,0,,39.6,68.6
00-0013126,J.Porter,Joey Porter,OLB,LB,"https://static.www.nfl.com/image/private/f_auto,q_auto/league/r7hz1vajxidyybhsd8r8",2007,REG,MIA,16,0,0,0,0,0,0,0,0,0,0,0,0,,,0,,0,0,0,0,0,0,,0,0,0,0,0,0,0,0,0,0,,0,,,0,,0,47,10,8,0,0,1,6,29,7,2,19,5,0,0,0,0,0,0,0,0,0,1,10,0,0,0,0,0,0,0,0,,,0,0,0,0,0,0,0,0,0,0,0,0,,,,0,0,0,0,0,0,0,,0,0,0,0,,0,0
00-0013232,P.Price,Peerless Price,WR,WR,"https://static.www.nfl.com/image/private/f_auto,q_auto/league/ilyybsnfcnbrr36dvwvo",2007,REG,BUF,4,0,0,0,0,0,0,0,0,0,0,0,0,,,0,,0,0,0,0,0,0,,0,7,0,68,0,0,0,0,16,5,5.75662188045681,0,0,0,0,0,0,0,0,0,0,0,0,0,0,0,0,0,0,0,0,0,0,0,0,0,0,0,0,0,0,0,0,0,0,0,0,0,,,0,0,0,0,0,0,0,0,0,0,0,0,,,,0,0,0,0,0,0,0,,0,0,0,0,,6.8,13.8
00-0013255,P.Prioleau,Pierson Prioleau,S,DB,"https://static.www.nfl.com/image/private/f_auto,q_auto/league/ldmnuamflm1kchhw4wfy",2007,REG+POST,WAS,15,0,0,0,0,0,0,0,0,0,0,0,0,,,0,,0,0,0,0,0,0,,0,0,0,0,0,0,0,0,0,0,,0,,,0,,0,25,7,14,0,0,0,0,0,0,0,0,0,0,0,0,0,0,0,0,0,0,2,20,0,0,0,0,0,0,0,0,,,0,0,0,0,0,0,0,0,0,0,0,0,,,,0,0,0,0,0,0,0,,0,0,0,0,,0,0
00-0013282,T.Pryce,Trevor Pryce,DE,DL,"https://static.www.nfl.com/image/private/f_auto,q_auto/league/qgi63dcx942k76sofset",2007,REG,BAL,5,0,0,0,0,0,0,0,0,0,0,0,0,,,0,,0,0,0,0,0,0,,0,0,0,0,0,0,0,0,0,0,,0,,,0,,0,5,4,6,0,0,0,2,8,2,0,0,1,0,0,0,0,0,0,0,0,0,1,5,0,0,0,0,0,0,0,0,,,0,0,0,0,0,0,0,0,0,0,0,0,,,,0,0,0,0,0,0,0,,0,0,0,0,,0,0
00-0013471,M.Reagor,Montae Reagor,DE,DL,"https://static.www.nfl.com/image/private/f_auto,q_auto/league/ahyzpatqqqcoeiopilsj",2007,REG,PHI,3,0,0,0,0,0,0,0,0,0,0,0,0,,,0,,0,0,0,0,0,0,,0,0,0,0,0,0,0,0,0,0,,0,,0,0,0,0,2,0,0,0,0,0,1,9,1,0,0,0,0,0,0,0,0,0,0,0,0,1,11,0,0,1,14,0,0,0,0,,,0,0,0,0,0,0,0,0,0,0,0,0,,,,0,0,0,0,0,0,0,,0,0,0,0,,0,0
00-0013644,S.Rice,Simeon Rice,DE,DL,"https://static.www.nfl.com/image/private/f_auto,q_auto/league/ofozwmx5ufakkzuvh0rb",2007,REG,IND,6,0,0,0,0,0,0,0,0,0,0,0,0,,,0,,0,0,0,0,0,0,,0,0,0,0,0,0,0,0,0,0,,0,,,0,,0,5,1,3,0,0,0,1,8,2,0,0,2,0,0,0,0,0,0,0,0,0,1,5,0,0,0,0,0,0,0,0,,,0,0,0,0,0,0,0,0,0,0,0,0,,,,0,0,0,0,0,0,0,,0,0,0,0,,0,0
00-0013694,T.Richardson,Tony Richardson,FB,RB,"https://static.www.nfl.com/image/private/f_auto,q_auto/league/zi4cb4stok9qe9mwadmn",2007,REG,MIN,12,0,0,0,0,0,0,0,0,0,0,0,0,,,0,,7,13,0,0,0,3,-0.799811856471933,0,11,0,89,0,0,0,0,73,4,5.22045351308771,0,0,,0,,0,1,0,0,0,0,0,0,0,0,0,0,0,0,0,0,0,0,0,0,0,0,0,0,0,0,0,0,0,0,0,0,,,0,0,0,0,0,0,0,0,0,0,0,0,,,,0,0,0,0,0,0,0,,0,0,0,0,,10.2,21.2
00-0013845,B.Robinson,Bryan Robinson,NT,DL,"https://static.www.nfl.com/image/private/f_auto,q_auto/league/g9ctraze8tzjfcopbkra",2007,REG,CIN,14,0,0,0,0,0,0,0,0,0,0,0,0,,,0,,0,0,0,0,0,0,,0,0,0,0,0,0,0,0,0,0,,0,,,0,,0,12,0,7,0,0,1,1.5,11,6,0,0,2,0,0,0,0,0,0,0,0,0,1,15,0,0,0,0,0,0,0,0,,,0,0,0,0,0,0,0,0,0,0,0,0,,,,0,0,0,0,0,0,0,,0,0,0,0,,0,0
00-0013995,S.Rolle,Samari Rolle,CB,DB,"https://static.www.nfl.com/image/private/f_auto,q_auto/league/c3oee641fcgsiu1ynhip",2007,REG,BAL,6,0,0,0,0,0,0,0,0,0,0,0,0,,,0,,0,0,0,0,0,0,,0,0,0,0,0,0,0,0,0,0,,0,,,0,,0,19,2,1,0,0,0,0,0,0,1,0,4,0,0,0,0,0,0,0,0,0,5,83,0,0,0,0,0,0,0,0,,,0,0,0,0,0,0,0,0,0,0,0,0,,,,0,0,0,0,0,0,0,,0,0,0,0,,0,0
00-0014071,A.Rossum,Allen Rossum,DB,DB,"https://static.www.nfl.com/image/private/f_auto,q_auto/league/gvp0ie148htxbefffbjn",2007,REG,PIT,15,0,0,0,0,0,0,0,0,0,0,0,0,,,0,,0,0,0,0,0,0,,0,0,0,0,0,0,0,0,0,0,,0,,,0,,1,2,1,2,0,0,0,0,0,0,0,0,0,0,4,0,0,0,0,0,0,0,1,15,36,232,38,885,0,0,0,0,,,0,0,0,0,0,0,0,0,0,0,0,0,,,,0,0,0,0,0,0,0,,0,0,0,0,,6,6
00-0014116,O.Roye,Orpheus Roye,DE,DL,"https://static.www.nfl.com/image/private/f_auto,q_auto/league/yohsyfkamf6hdhci3ro6",2007,REG,CLE,11,0,0,0,0,0,0,0,0,0,0,0,0,,,0,,0,0,0,0,0,0,,0,0,0,0,0,0,0,0,0,0,,0,,0,0,0,0,16,8,13,0,0,0,0.5,1,2,0,0,0,0,0,0,0,0,0,0,0,0,0,0,0,0,0,0,0,0,0,0,,,0,0,0,0,0,0,0,0,0,0,0,0,,,,0,0,0,0,0,0,0,,0,0,0,0,,0,0
00-0014132,M.Rucker,Mike Rucker,DE,DL,"https://static.www.nfl.com/image/private/f_auto,q_auto/league/avcahewlbveppq3zsy3v",2007,REG,CAR,16,0,0,0,0,0,0,0,0,0,0,0,0,,,0,,0,0,0,0,0,0,,0,0,0,0,0,0,0,0,0,0,,0,,0,0,0,0,24,8,15,0,0,1,2.5,15,7,0,0,3,0,0,0,0,0,0,2,2,0,0,0,0,0,0,0,0,0,0,0,,,0,0,0,0,0,0,0,0,0,0,0,0,,,,0,0,0,0,0,0,0,,0,0,0,0,,0,0
00-0014148,G.Ruegamer,Grey Ruegamer,G,OL,"https://static.www.nfl.com/image/private/f_auto,q_auto/league/xax1xkczubz3q3gnhcre",2007,REG,NYG,1,0,0,0,0,0,0,0,0,0,0,0,0,,,0,,0,0,0,0,0,0,,0,0,0,0,0,0,0,0,0,0,,0,,0,0,0,0,1,0,0,0,0,0,0,0,0,0,0,0,0,0,0,0,0,0,0,0,0,0,0,0,0,0,0,0,0,0,0,,,0,0,0,0,0,0,0,0,0,0,0,0,,,,0,0,0,0,0,0,0,,0,0,0,0,,0,0
00-0014169,J.Runyan,Jon Runyan,OT,OL,"https://static.www.nfl.com/image/private/f_auto,q_auto/league/nyyrcjv5o7e1ehqzgbao",2007,REG,PHI,2,0,0,0,0,0,0,0,0,0,0,0,0,,,0,,0,0,0,0,0,0,,0,0,0,0,0,0,0,0,0,0,,0,,0,0,0,0,1,0,0,0,0,0,0,0,0,0,0,0,0,0,0,0,1,1,0,0,0,0,0,0,0,0,0,0,0,0,0,,,0,0,0,0,0,0,0,0,0,0,0,0,,,,0,0,0,0,0,0,0,,0,0,0,0,,0,0
00-0014255,E.Salaam,Ephraim Salaam,OT,OL,"https://static.www.nfl.com/image/private/f_auto,q_auto/league/uuwwgfgvpogdvmzegwhx",2007,REG,HOU,7,0,0,0,0,0,0,0,0,0,0,0,0,,,0,,0,0,0,0,0,0,,0,0,0,0,0,0,0,0,0,0,,0,,0,0,0,0,1,0,0,0,0,0,0,0,0,0,0,0,0,0,0,0,0,0,0,0,0,6,45,0,0,0,0,0,0,0,0,,,0,0,0,0,0,0,0,0,0,0,0,0,,,,0,0,0,0,0,0,0,,0,0,0,0,,0,0
00-0014358,W.Sapp,Warren Sapp,DT,DL,"https://static.www.nfl.com/image/private/f_auto,q_auto/league/vy7oxarkyorx4f2d9w0o",2007,REG,LV,16,0,0,0,0,0,0,0,0,0,0,0,0,,,0,,0,0,0,0,0,0,,0,0,0,0,0,0,0,0,0,0,,0,,,0,,0,30,7,13,0,0,2,2,16,4,0,0,1,0,0,0,0,0,0,1,1,0,3,23,0,0,0,0,0,0,0,0,,,0,0,0,0,0,0,0,0,0,0,0,0,,,,0,0,0,0,0,0,0,,0,0,0,0,,0,0
00-0014375,J.Saturday,Jeff Saturday,C,OL,"https://static.www.nfl.com/image/private/f_auto,q_auto/league/ex99uhtdfizvy41rjb4y",2007,REG+POST,IND,2,0,0,0,0,0,0,0,0,0,0,0,0,,,0,,0,0,0,0,0,0,,0,0,0,0,0,0,0,0,0,0,,0,,,0,,0,1,0,0,0,0,0,0,0,0,0,0,0,0,0,0,0,0,0,0,0,0,1,10,0,0,0,0,0,0,0,0,,,0,0,0,0,0,0,0,0,0,0,0,0,,,,0,0,0,0,0,0,0,,0,0,0,0,,0,0
00-0014377,T.Sauerbrun,Todd Sauerbrun,P,SPEC,"https://static.www.nfl.com/image/private/f_auto,q_auto/league/n9wzyi0xxpvngarexbtj",2007,REG,DEN,14,0,0,0,0,0,0,0,0,0,0,0,0,,,0,,0,0,0,0,0,0,,0,0,0,0,0,0,0,0,0,0,,0,,,0,,0,0,0,0,0,0,0,0,0,0,0,0,0,0,0,0,0,0,0,0,0,0,0,0,0,0,0,0,0,0,0,0,,,0,0,0,0,0,0,0,0,0,0,0,0,,,,0,0,0,0,0,0,0,,0,0,0,0,,0,0
00-0014504,L.Schulters,Lance Schulters,S,DB,"https://static.www.nfl.com/image/private/f_auto,q_auto/league/qiifos5fwkxxjjhjmc49",2007,REG,MIA,6,0,0,0,0,0,0,0,0,0,0,0,0,,,0,,0,0,0,0,0,0,,0,0,0,0,0,0,0,0,0,0,,0,,,0,,0,21,6,10,0,0,0,0,0,0,0,0,2,0,0,0,0,0,0,0,0,0,3,25,0,0,0,0,0,0,0,0,,,0,0,0,0,0,0,0,0,0,0,0,0,,,,0,0,0,0,0,0,0,,0,0,0,0,,0,0
00-0014619,J.Seau,Junior Seau,LB,LB,"https://static.www.nfl.com/image/private/f_auto,q_auto/league/tjckhgwowsqmlzvxebcp",2007,REG+POST,NE,19,0,0,0,0,0,0,0,0,0,0,0,0,,,0,,0,0,0,0,0,0,,0,0,0,0,0,0,0,0,0,0,,0,,,0,,0,43,25,24,0,0,0,4.5,39,8,3,28,4,0,0,0,0,0,0,0,0,0,3,24,0,0,0,0,0,0,0,0,,,0,0,0,0,0,0,0,0,0,0,0,0,,,,0,0,0,0,0,0,0,,0,0,0,0,,0,0
00-0014655,M.Sellers,Mike Sellers,TE,TE,"https://static.www.nfl.com/image/private/f_auto,q_auto/league/mgfu3pfyhktvffde9ww2",2007,REG+POST,WAS,15,0,0,0,0,0,0,0,0,0,0,0,0,,,0,,29,82,2,0,0,9,-6.13065886572031,0,18,0,121,1,1,0,0,65,8,8.01806354842847,0,0,,0,,0,2,0,0,0,0,0,0,0,0,0,0,0,0,0,0,0,0,0,0,0,0,4,35,0,0,1,13,0,0,0,0,,,0,0,0,0,0,0,0,0,0,0,0,0,,,,0,0,0,0,0,0,0,,0,0,0,0,,38.3,56.3
00-0014724,D.Sharper,Darren Sharper,FS,DB,"https://static.www.nfl.com/image/private/f_auto,q_auto/league/t5r5sxnyug8msvhyor1h",2007,REG,MIN,16,0,0,0,0,0,0,0,0,0,0,0,0,,,0,,0,0,0,0,0,0,,0,0,0,0,0,0,0,0,0,0,,0,,,0,,0,45,4,14,0,0,1,0,0,0,4,61,8,1,0,0,0,0,0,0,0,0,1,5,0,0,1,0,0,0,0,0,,,0,0,0,0,0,0,0,0,0,0,0,0,,,,0,0,0,0,0,0,0,,0,0,0,0,,0,0
00-0014776,L.Shelton,L.J. Shelton,OT,OL,"https://static.www.nfl.com/image/private/f_auto,q_auto/league/rabrjna8dmtfnqjjzhez",2007,REG,MIA,6,0,0,0,0,0,0,0,0,0,0,0,0,,,0,,0,0,0,0,0,0,,0,0,0,0,0,0,0,0,0,0,,0,,,0,,0,0,0,0,0,0,0,0,0,0,0,0,0,0,0,0,0,1,1,0,0,0,4,25,0,0,0,0,0,0,0,0,,,0,0,0,0,0,0,0,0,0,0,0,0,,,,0,0,0,0,0,0,0,,0,0,0,0,,0,0
00-0014891,B.Simmons,Brian Simmons,LB,LB,"https://static.www.nfl.com/image/private/f_auto,q_auto/league/xmjo1ag07mukkrqsvynj",2007,REG,NO,11,0,0,0,0,0,0,0,0,0,0,0,0,,,0,,0,0,0,0,0,0,,0,0,0,0,0,0,0,0,0,0,,0,,0,0,0,0,14,3,10,0,0,0,1,9,1,0,0,0,0,0,0,0,0,0,0,0,0,1,10,0,0,0,0,0,0,0,0,,,0,0,0,0,0,0,0,0,0,0,0,0,,,,0,0,0,0,0,0,0,,0,0,0,0,,0,0
00-0014902,J.Simmons,Jason Simmons,DB,DB,"https://static.www.nfl.com/image/private/f_auto,q_auto/league/ciqqcqlp9ab2juhqh48n",2007,REG,HOU,1,0,0,0,0,0,0,0,0,0,0,0,0,,,0,,0,0,0,0,0,0,,0,0,0,0,0,0,0,0,0,0,,0,,0,0,0,0,1,0,0,0,0,0,0,0,0,0,0,1,0,0,0,0,0,0,0,0,0,0,0,0,0,0,0,0,0,0,0,,,0,0,0,0,0,0,0,0,0,0,0,0,,,,0,0,0,0,0,0,0,,0,0,0,0,,0,0
00-0015080,Aa.Smith,Aaron Smith,DE,DL,"https://static.www.nfl.com/image/private/f_auto,q_auto/league/llvj34lmnzwcq4q8tcdl",2007,REG,PIT,11,0,0,0,0,0,0,0,0,0,0,0,0,,,0,,0,0,0,0,0,0,,0,0,0,0,0,0,0,0,0,0,,0,,,0,,0,12,11,8,0,0,0,3,15,6,0,0,0,0,0,0,0,0,0,2,2,0,1,15,0,0,0,0,0,0,0,0,,,0,0,0,0,0,0,0,0,0,0,0,0,,,,0,0,0,0,0,0,0,,0,0,0,0,,0,0
00-0015151,D.Smith,Derek M. Smith,ILB,LB,"https://static.www.nfl.com/image/private/f_auto,q_auto/league/nyonawtv4batkpwesrrp",2007,REG,SF,15,0,0,0,0,0,0,0,0,0,0,0,0,,,0,,0,0,0,0,0,0,,0,0,0,0,0,0,0,0,0,0,,0,,0,0,0,0,45,5,28,0,0,0,0,0,2,1,4,4,0,0,0,0,0,0,1,1,0,0,0,0,0,0,0,0,0,0,0,,,0,0,0,0,0,0,0,0,0,0,0,0,,,,0,0,0,0,0,0,0,,0,0,0,0,,0,0
00-0015194,H.Smith,Hunter Smith,P,SPEC,"https://static.www.nfl.com/image/private/f_auto,q_auto/league/aebvcnpqzfrvphcepj0v",2007,REG+POST,IND,17,0,0,0,0,0,0,0,0,0,0,0,0,,,0,,0,0,0,0,0,0,,0,0,0,0,0,0,0,0,0,0,,0,,,0,,0,2,0,0,0,0,0,0,0,0,0,0,0,0,0,0,0,0,0,0,0,0,1,5,0,0,0,0,0,0,0,0,,,0,0,0,0,0,0,0,0,0,0,0,0,,,,0,0,0,0,0,0,0,,0,0,0,0,,0,0
00-0015468,P.Spicer,Paul Spicer,DE,DL,"https://static.www.nfl.com/image/private/f_auto,q_auto/league/yufou2k3fw1jmbpmpfji",2007,REG+POST,JAX,17,0,0,0,0,0,0,0,0,0,0,0,0,,,0,,0,0,0,0,0,0,,0,0,0,0,0,0,0,0,0,0,,0,,,0,,0,29,3,7,0,0,4,9.5,68.5,14,0,0,0,0,0,0,0,0,0,1,1,0,0,0,0,0,0,0,0,0,0,0,,,0,0,0,0,0,0,0,0,0,0,0,0,,,,0,0,0,0,0,0,0,,0,0,0,0,,0,0
00-0015474,T.Spikes,Takeo Spikes,ILB,LB,"https://static.www.nfl.com/image/private/f_auto,q_auto/league/okzjbavrbpz8wxjv572t",2007,REG,PHI,14,0,0,0,0,0,0,0,0,0,0,0,0,,,0,,0,0,0,0,0,0,,0,0,0,0,0,0,0,0,0,0,,0,,0,0,0,0,47,17,22,0,0,0,1,0,2,0,0,4,0,0,0,0,0,0,0,0,0,1,15,0,0,0,0,0,0,0,0,,,0,0,0,0,0,0,0,0,0,0,0,0,,,,0,0,0,0,0,0,0,,0,0,0,0,,0,0
00-0015477,G.Spires,Greg Spires,DE,DL,"https://static.www.nfl.com/image/private/f_auto,q_auto/league/keyvgi1lhdekyakjerad",2007,REG+POST,TB,11,0,0,0,0,0,0,0,0,0,0,0,0,,,0,,0,0,0,0,0,0,,0,0,0,0,0,0,0,0,0,0,,0,,0,0,0,0,15,8,5,0,0,0,2,12,3,0,0,1,0,0,0,0,0,0,0,0,0,0,0,0,0,0,0,0,0,0,0,,,0,0,0,0,0,0,0,0,0,0,0,0,,,,0,0,0,0,0,0,0,,0,0,0,0,,0,0
00-0015487,D.Spragan,Donnie Spragan,OLB,LB,"https://static.www.nfl.com/image/private/f_auto,q_auto/league/oww1hjj0qiq0vla5bqal",2007,REG,MIA,13,0,0,0,0,0,0,0,0,0,0,0,0,,,0,,0,0,0,0,0,0,,0,0,0,0,0,0,0,0,0,0,,0,,,0,,0,19,3,15,0,0,0,0,0,0,0,0,0,0,0,0,0,0,0,1,1,0,0,0,0,0,1,0,0,0,0,0,,,0,0,0,0,0,0,0,0,0,0,0,0,,,,0,0,0,0,0,0,0,,0,0,0,0,,0,0
00-0015495,S.Springs,Shawn Springs,CB,DB,"https://static.www.nfl.com/image/private/f_auto,q_auto/league/qgywqhz1v5skam3egzdx",2007,REG+POST,WAS,17,0,0,0,0,0,0,0,0,0,0,0,0,,,0,,0,0,0,0,0,0,,0,0,0,0,0,0,0,0,0,0,,0,,,0,,0,54,11,5,0,0,1,0,0,0,4,63,15,0,0,0,0,0,0,1,1,0,3,17,0,0,0,0,0,0,0,0,,,0,0,0,0,0,0,0,0,0,0,0,0,,,,0,0,0,0,0,0,0,,0,0,0,0,,0,0
00-0015601,A.Stecker,Aaron Stecker,RB,RB,"https://static.www.nfl.com/image/private/f_auto,q_auto/league/wfcheuezkamriif0nhiv",2007,REG,NO,15,0,0,0,0,0,0,0,0,0,0,0,0,,,0,,114,444,5,1,1,28,-13.6577931016509,0,37,0,215,0,0,0,0,200,12,7.25825044646626,0,0,0,0,0,0,2,0,0,0,0,0,0,0,0,0,0,0,0,0,0,0,1,1,0,0,0,0,0,0,0,6,137,0,0,0,0,,,0,0,0,0,0,0,0,0,0,0,0,0,,,,0,0,0,0,0,0,0,,0,0,0,0,,93.9,130.9
00-0015668,T.Steussie,Todd Steussie,G,OL,"https://static.www.nfl.com/image/private/f_auto,q_auto/league/u3yr70wausfhxgng2xl4",2007,REG,LA,2,0,0,0,0,0,0,0,0,0,0,0,0,,,0,,0,0,0,0,0,0,,0,0,0,0,0,0,0,0,0,0,,0,,,0,,0,0,0,0,0,0,0,0,0,0,0,0,0,0,0,0,0,0,0,0,0,0,2,20,0,0,0,0,0,0,0,0,,,0,0,0,0,0,0,0,0,0,0,0,0,,,,0,0,0,0,0,0,0,,0,0,0,0,,0,0
00-0015725,G.Stills,Gary Stills,LB,LB,"https://static.www.nfl.com/image/private/f_auto,q_auto/league/v2w9ijpmo27pxyryt6hb",2007,REG,BAL,10,0,0,0,0,0,0,0,0,0,0,0,0,,,0,,0,0,0,0,0,0,,0,0,0,0,0,0,0,0,0,0,,0,,,0,,0,14,2,0,0,0,1,1,5,1,0,0,0,0,0,0,0,0,0,0,0,0,1,10,0,0,0,0,0,0,0,0,,,0,0,0,0,0,0,0,0,0,0,0,0,,,,0,0,0,0,0,0,0,,0,0,0,0,,0,0
00-0015754,B.Stokley,Brandon Stokley,WR,WR,"https://static.www.nfl.com/image/private/f_auto,q_auto/league/u28x9vmd7ca8k2qnakua",2007,REG,DEN,13,0,0,0,0,0,0,0,0,0,0,0,0,,,0,,1,-6,0,0,0,0,-1.26684233685955,0,40,0,635,5,0,0,0,130,34,69.2479888377129,0,0,,0,,0,2,0,0,0,0,0,0,0,0,0,0,0,0,0,0,0,0,0,0,0,0,1,10,0,0,0,0,0,0,0,0,,,0,0,0,0,0,0,0,0,0,0,0,0,,,,0,0,0,0,0,0,0,,0,0,0,0,,92.9,132.9
00-0015781,O.Stoutmire,Omar Stoutmire,DB,DB,"https://static.www.nfl.com/image/private/f_auto,q_auto/league/mhy6inhaomltiivmqgiq",2007,REG,WAS,1,0,0,0,0,0,0,0,0,0,0,0,0,,,0,,0,0,0,0,0,0,,0,0,0,0,0,0,0,0,0,0,,0,,,0,,0,0,0,1,0,0,0,0,0,0,0,0,0,0,0,0,0,0,0,0,0,0,0,0,0,0,0,0,0,0,0,0,,,0,0,0,0,0,0,0,0,0,0,0,0,,,,0,0,0,0,0,0,0,,0,0,0,0,,0,0
00-0015784,M.Stover,Matt Stover,K,SPEC,"https://static.www.nfl.com/image/private/f_auto,q_auto/league/po28eupvc1y6rytcvtfs",2007,REG,BAL,16,0,0,0,0,0,0,0,0,0,0,0,0,,,0,,0,0,0,0,0,0,,0,0,0,0,0,0,0,0,0,0,,0,,,0,,0,0,0,0,0,0,0,0,0,0,0,0,0,0,0,0,0,0,0,0,0,0,0,0,0,0,0,0,27,32,4,1,49,0.84375,1,11,7,8,0,0,0,0,0,4,0,0,36;23;28;43;21;28;43;46;21;29;26;32;49;43;42;23;31;36;34;41;47;29;27;39;18;28;31,46;46;41;44,50,894,177,50,26,26,0,0,1,1,1,0,0,46,0,0
00-0015795,M.Strahan,Michael Strahan,DE,DL,"https://static.www.nfl.com/image/private/f_auto,q_auto/league/zanyv0vdsqwb6djnnz5j",2007,REG+POST,NYG,20,0,0,0,0,0,0,0,0,0,0,0,0,,,0,,0,0,0,0,0,0,,0,0,0,0,0,0,0,0,0,0,,0,,0,0,0,0,49,14,14,0,0,2,11,76,24,0,0,3,0,0,0,0,0,0,1,1,0,2,10,0,0,0,0,0,0,0,0,,,0,0,0,0,0,0,0,0,0,0,0,0,,,,0,0,0,0,0,0,0,,0,0,0,0,,0,0
00-0015830,M.Strong,Mack Strong,FB,RB,"https://static.www.nfl.com/image/private/f_auto,q_auto/league/b4bixlcjyx3xyoqq40bd",2007,REG,SEA,4,0,0,0,0,0,0,0,0,0,0,0,0,,,0,,4,19,0,0,0,1,-1.23166186378812,0,9,0,72,0,0,0,0,52,5,5.33591792942025,0,0,0,0,0,0,0,0,0,0,0,0,0,0,0,0,0,0,0,0,0,0,0,0,0,0,0,1,5,0,0,0,0,0,0,0,0,,,0,0,0,0,0,0,0,0,0,0,0,0,,,,0,0,0,0,0,0,0,,0,0,0,0,,9.1,18.1
00-0015915,P.Surtain,Patrick Surtain,CB,DB,"https://static.www.nfl.com/image/private/f_auto,q_auto/league/ntf7mshisbnmj3stcocb",2007,REG,KC,15,0,0,0,0,0,0,0,0,0,0,0,0,,,0,,0,0,0,0,0,0,,0,0,0,0,0,0,0,0,0,0,,0,,,0,,0,46,4,8,0,0,0,0,0,0,2,25,6,0,0,0,0,0,0,1,1,0,1,5,0,0,0,0,0,0,0,0,,,0,0,0,0,0,0,0,0,0,0,0,0,,,,0,0,0,0,0,0,0,,0,0,0,0,,0,0
00-0016021,J.Tait,John Tait,OT,OL,"https://static.www.nfl.com/image/private/f_auto,q_auto/league/vwvq1qfpxsi7yonc1v1z",2007,REG,CHI,6,0,0,0,0,0,0,0,0,0,0,0,0,,,0,,0,0,0,0,0,0,,0,0,0,0,0,0,0,0,0,0,,0,,,0,,0,1,0,0,0,0,0,0,0,0,0,0,0,0,0,0,0,0,0,0,0,0,5,35,0,0,0,0,0,0,0,0,,,0,0,0,0,0,0,0,0,0,0,0,0,,,,0,0,0,0,0,0,0,,0,0,0,0,,0,0
00-0016098,F.Taylor,Fred Taylor,RB,RB,"https://static.www.nfl.com/image/private/f_auto,q_auto/league/hj3mtwjx0byr01a7463p",2007,REG+POST,JAX,17,0,0,0,0,0,0,0,0,0,0,0,0,,,0,,252,1297,6,2,1,50,2.70382850800524,0,10,0,60,0,0,0,0,60,2,1.94337775791064,0,0,,0,,0,0,0,0,0,0,0,0,0,0,0,0,0,0,0,0,0,0,0,0,0,0,0,0,0,0,0,0,0,0,0,0,,,0,0,0,0,0,0,0,0,0,0,0,0,,,,0,0,0,0,0,0,0,,0,0,0,0,,169.7,179.7
00-0016112,J.Taylor,Jason Taylor,OLB,LB,"https://static.www.nfl.com/image/private/f_auto,q_auto/league/uemgrwzlq4210btlmcqw",2007,REG,MIA,16,0,0,0,0,0,0,0,0,0,0,0,0,,,0,,0,0,0,0,0,0,,0,0,0,0,0,0,0,0,0,0,,0,,,0,,0,40,6,9,0,0,3,11,63,15,1,36,4,1,0,0,0,0,0,3,3,0,11,85,0,0,0,0,0,0,0,0,,,0,0,0,0,0,0,0,0,0,0,0,0,,,,0,0,0,0,0,0,0,,0,0,0,0,,0,0
00-0016183,C.Terry,Chris Terry,OT,OL,"https://static.www.nfl.com/image/private/f_auto,q_auto/league/j9y5hcah5apjgwbj1jvf",2007,REG,KC,5,0,0,0,0,0,0,0,0,0,0,0,0,,,0,,0,0,0,0,0,0,,0,0,0,0,0,0,0,0,0,0,,0,,,0,,0,1,0,0,0,0,0,0,0,0,0,0,0,0,0,0,0,0,0,0,0,0,6,35,0,0,0,0,0,0,0,0,,,0,0,0,0,0,0,0,0,0,0,0,0,,,,0,0,0,0,0,0,0,,0,0,0,0,,0,0
00-0016193,V.Testaverde,Vinny Testaverde,QB,QB,"https://static.www.nfl.com/image/private/f_auto,q_auto/league/yebpzovaiscoksnjnq6x",2007,REG,CAR,7,94,172,936,5,6,9,-46,3,1,1245,482,47,-28.7352146834235,-8.96526416261753,0,0.751807228915663,9,22,0,0,0,0,-4.05238866596483,0,0,0,0,0,0,0,0,0,0,,0,,0,0,0,0,0,0,0,0,0,0,0,0,0,0,0,0,0,0,0,0,1,1,0,0,0,2,15,0,0,0,0,0,0,0,0,,,0,0,0,0,0,0,0,0,0,0,0,0,,,,0,0,0,0,0,0,0,,0,0,0,0,,45.64,45.64
00-0016263,F.Thomas,Fred Thomas,CB,DB,"https://static.www.nfl.com/image/private/f_auto,q_auto/league/fqznosdpgybzl2cx8esn",2007,REG,NO,4,0,0,0,0,0,0,0,0,0,0,0,0,,,0,,0,0,0,0,0,0,,0,0,0,0,0,0,0,0,0,0,,0,,0,0,0,0,6,2,0,0,0,2,0,0,0,0,0,0,0,0,0,0,0,0,0,0,0,0,0,0,0,0,0,0,0,0,0,,,0,0,0,0,0,0,0,0,0,0,0,0,,,,0,0,0,0,0,0,0,,0,0,0,0,,0,0
00-0016271,H.Thomas,Hollis Thomas,DT,DL,"https://static.www.nfl.com/image/private/f_auto,q_auto/league/bmi4qhxrdotsw7mbhki8",2007,REG,NO,16,0,0,0,0,0,0,0,0,0,0,0,0,,,0,,0,0,0,0,0,0,,0,0,0,0,0,0,0,0,0,0,,0,,0,0,0,0,27,11,12,0,0,0,3,12,3,0,0,0,0,0,0,0,0,0,0,0,0,1,5,0,0,0,0,0,0,0,0,,,0,0,0,0,0,0,0,0,0,0,0,0,,,,0,0,0,0,0,0,0,,0,0,0,0,,0,0
00-0016334,W.Thomas,Tra Thomas,OT,OL,"https://static.www.nfl.com/image/private/f_auto,q_auto/league/c4d0k81jglq3pfc5734l",2007,REG,PHI,4,0,0,0,0,0,0,0,0,0,0,0,0,,,0,,0,0,0,0,0,0,,0,0,0,0,0,0,0,0,0,0,,0,,0,0,0,0,1,0,0,0,0,0,0,0,0,0,0,0,0,0,0,0,0,0,0,0,0,3,15,0,0,0,0,0,0,0,0,,,0,0,0,0,0,0,0,0,0,0,0,0,,,,0,0,0,0,0,0,0,,0,0,0,0,,0,0
00-0016344,Z.Thomas,Zach Thomas,ILB,LB,"https://static.www.nfl.com/image/private/f_auto,q_auto/league/s4gdnfi1fdmjvqwfb8bq",2007,REG,MIA,5,0,0,0,0,0,0,0,0,0,0,0,0,,,0,,0,0,0,0,0,0,,0,0,0,0,0,0,0,0,0,0,,0,,,0,,0,29,13,10,0,0,0,1,8,1,0,0,2,0,0,0,0,0,0,0,0,0,0,0,0,0,0,0,0,0,0,0,,,0,0,0,0,0,0,0,0,0,0,0,0,,,,0,0,0,0,0,0,0,,0,0,0,0,,0,0
00-0016431,J.Thornton,John Thornton,DT,DL,"https://static.www.nfl.com/image/private/f_auto,q_auto/league/sc6t3axduyjsdlabfsr5",2007,REG,CIN,14,0,0,0,0,0,0,0,0,0,0,0,0,,,0,,0,0,0,0,0,0,,0,0,0,0,0,0,0,0,0,0,,0,,,0,,0,20,4,8,0,0,0,1,6,5,0,0,1,0,0,0,0,0,0,1,1,0,0,0,0,0,0,0,0,0,0,0,,,0,0,0,0,0,0,0,0,0,0,0,0,,,,0,0,0,0,0,0,0,,0,0,0,0,,0,0
00-0016440,J.Thrash,James Thrash,WR,WR,"https://static.www.nfl.com/image/private/f_auto,q_auto/league/tttu8q0npsvtx1wjwhaf",2007,REG,WAS,9,0,0,0,0,0,0,0,0,0,0,0,0,,,0,,0,0,0,0,0,0,,0,9,0,107,2,0,0,0,30,4,11.3792517856928,0,0,,0,,0,5,1,2,0,0,0,0,0,0,0,0,0,0,1,0,0,0,0,0,0,0,1,15,2,71,2,36,0,0,0,0,,,0,0,0,0,0,0,0,0,0,0,0,0,,,,0,0,0,0,0,0,0,,0,0,0,0,,22.7,31.7
00-0016550,A.Toomer,Amani Toomer,WR,WR,"https://static.www.nfl.com/image/private/f_auto,q_auto/league/qsfr7nbtbq4ugcfb357w",2007,REG+POST,NYG,19,0,0,0,0,0,0,0,0,0,0,0,0,,,0,,0,0,0,0,0,0,,0,80,0,1040,6,0,0,0,301,57,98.9623335061479,0,0,0,0,0,0,2,0,0,0,0,0,0,0,0,0,0,0,0,0,0,0,0,0,0,0,0,7,85,0,0,0,0,0,0,0,0,,,0,0,0,0,0,0,0,0,0,0,0,0,,,,0,0,0,0,0,0,0,,0,0,0,0,,140,220
00-0016577,D.Townsend,Deshea Townsend,DB,DB,"https://static.www.nfl.com/image/private/f_auto,q_auto/league/jnhvsuvmo0ac2wi1cznu",2007,REG+POST,PIT,17,0,0,0,0,0,0,0,0,0,0,0,0,,,0,,0,0,0,0,0,0,,0,0,0,0,0,0,0,0,0,0,,0,,,0,,0,46,2,7,0,0,0,0,0,1,2,44,16,0,0,0,0,0,0,0,0,0,0,0,0,0,0,0,0,0,0,0,,,0,0,0,0,0,0,0,0,0,0,0,0,,,,0,0,0,0,0,0,0,,0,0,0,0,,0,0
00-0016599,K.Traylor,Keith Traylor,NT,DL,"https://static.www.nfl.com/image/private/f_auto,q_auto/league/egzatbbyeaaeomv3u1yk",2007,REG,MIA,14,0,0,0,0,0,0,0,0,0,0,0,0,,,0,,0,0,0,0,0,0,,0,0,0,0,0,0,0,0,0,0,,0,,,0,,0,25,8,11,0,0,0,1,0,2,0,0,1,0,0,0,0,0,0,0,0,0,0,0,0,0,0,0,0,0,0,0,,,0,0,0,0,0,0,0,0,0,0,0,0,,,,0,0,0,0,0,0,0,,0,0,0,0,,0,0
00-0016624,J.Trotter,Jeremiah Trotter,MLB,LB,"https://static.www.nfl.com/image/private/f_auto,q_auto/league/qdghuumz8r04kjzpwx00",2007,REG,TB,3,0,0,0,0,0,0,0,0,0,0,0,0,,,0,,0,0,0,0,0,0,,0,0,0,0,0,0,0,0,0,0,,0,,0,0,0,0,9,0,4,0,0,0,0,0,1,0,0,0,0,0,0,0,0,0,0,0,0,0,0,0,0,0,0,0,0,0,0,,,0,0,0,0,0,0,0,0,0,0,0,0,,,,0,0,0,0,0,0,0,,0,0,0,0,,0,0
00-0016660,R.Tucker,Ryan Tucker,G,OL,"https://static.www.nfl.com/image/private/f_auto,q_auto/league/vjjnmzgyval6aoqcqau8",2007,REG,CLE,7,0,0,0,0,0,0,0,0,0,0,0,0,,,0,,0,0,0,0,0,0,,0,0,0,0,0,0,0,0,0,0,,0,,0,0,0,0,1,0,0,0,0,0,0,0,0,0,0,0,0,0,0,0,1,1,0,0,0,5,25,0,0,0,0,0,0,0,0,,,0,0,0,0,0,0,0,0,0,0,0,0,,,,0,0,0,0,0,0,0,,0,0,0,0,,0,0
00-0016677,J.Tuman,Jerame Tuman,TE,TE,"https://static.www.nfl.com/image/private/f_auto,q_auto/league/pmb6mm1ymwyzliiqm4fn",2007,REG,PIT,2,0,0,0,0,0,0,0,0,0,0,0,0,,,0,,0,0,0,0,0,0,,0,1,0,9,1,0,0,0,0,1,2.77266698947642,0,0,,0,,0,0,0,0,0,0,0,0,0,0,0,0,0,0,0,0,0,0,0,0,0,0,1,10,0,0,0,0,0,0,0,0,,,0,0,0,0,0,0,0,0,0,0,0,0,,,,0,0,0,0,0,0,0,,0,0,0,0,,6.9,7.9
00-0016689,M.Turk,Matt Turk,P,SPEC,"https://static.www.nfl.com/image/private/f_auto,q_auto/league/g9hjqcjp518hlr6albuw",2007,REG,HOU,16,0,0,0,0,0,0,0,0,0,0,0,0,,,0,,1,0,0,0,0,1,-5.58799018897116,0,0,0,0,0,0,0,0,0,0,,0,,0,0,0,0,0,0,0,0,0,0,0,0,0,0,0,0,0,0,0,0,0,0,0,0,0,1,5,0,0,0,0,0,0,0,0,,,0,0,0,0,0,0,0,0,0,0,0,0,,,,0,0,0,0,0,0,0,,0,0,0,0,,0,0
00-0016691,K.Turley,Kyle Turley,OT,OL,"https://static.www.nfl.com/image/private/f_auto,q_auto/league/gmvaml9iwkplttxatykm",2007,REG,KC,4,0,0,0,0,0,0,0,0,0,0,0,0,,,0,,0,0,0,0,0,0,,0,0,0,0,0,0,0,0,0,0,,0,,,0,,0,1,0,0,0,0,0,0,0,0,0,0,0,0,0,0,0,1,1,0,0,0,3,15,0,0,0,0,0,0,0,0,,,0,0,0,0,0,0,0,0,0,0,0,0,,,,0,0,0,0,0,0,0,,0,0,0,0,,0,0
00-0016919,A.Vinatieri,Adam Vinatieri,K,SPEC,"https://static.www.nfl.com/image/private/f_auto,q_auto/league/imfj1hl4kob4jof8hcwa",2007,REG+POST,IND,17,0,0,0,0,0,0,0,0,0,0,0,0,,,0,,0,0,0,0,0,0,,0,0,0,0,0,0,0,0,0,0,,0,,,0,,0,0,0,0,0,0,0,0,0,0,0,0,0,0,0,0,0,0,0,0,0,0,0,0,0,0,0,0,24,30,6,0,46,0.8,1,14,8,1,0,0,0,1,2,2,1,0,33;33;22;39;20;36;28;35;22;27;35;36;20;20;21;25;27;24;24;22;19;29;37;46,36;50;42;29;49;38,,680,244,0,52,54,0,2,0.962962962962963,1,1,0,0,24,0,0
00-0016956,K.Von Oelhoffen,Kimo von Oelhoffen,DT,DL,"https://static.www.nfl.com/image/private/f_auto,q_auto/league/jedad1crk6mu10vkhmaj",2007,REG,PHI,2,0,0,0,0,0,0,0,0,0,0,0,0,,,0,,0,0,0,0,0,0,,0,0,0,0,0,0,0,0,0,0,,0,,0,0,0,0,1,0,1,0,0,0,0,0,0,0,0,1,0,0,0,0,0,0,0,0,0,0,0,0,0,0,0,0,0,0,0,,,0,0,0,0,0,0,0,0,0,0,0,0,,,,0,0,0,0,0,0,0,,0,0,0,0,,0,0
00-0016960,M.Vrabel,Mike Vrabel,OLB,LB,"https://static.www.nfl.com/image/private/f_auto,q_auto/league/d2kwhcvh7tixbt6sqfnv",2007,REG+POST,NE,19,0,0,0,0,0,0,0,0,0,0,0,0,,,0,,0,0,0,0,0,0,,0,2,0,3,2,0,0,0,0,2,2.81331722729374,0,0,,0,,0,33,24,24,0,0,4,10.5,59.5,18,0,0,1,0,0,0,0,0,0,1,1,0,1,5,0,0,1,3,0,0,0,0,,,0,0,0,0,0,0,0,0,0,0,0,0,,,,0,0,0,0,0,0,0,,0,0,0,0,,12.3,14.3
00-0016972,J.Wade,John Wade,C,OL,"https://static.www.nfl.com/image/private/f_auto,q_auto/league/rctymxu3uyo7oedbclha",2007,REG,TB,4,0,0,0,0,0,0,0,0,0,0,0,0,,,0,,0,0,0,0,0,0,,0,0,0,0,0,0,0,0,0,0,,0,,0,0,0,0,0,0,0,0,0,0,0,0,0,0,0,0,0,0,0,0,0,0,0,0,0,5,44,0,0,0,0,0,0,0,0,,,0,0,0,0,0,0,0,0,0,0,0,0,,,,0,0,0,0,0,0,0,,0,0,0,0,,0,0
00-0016990,M.Wahle,Mike Wahle,G,OL,"https://static.www.nfl.com/image/private/f_auto,q_auto/league/x1dvw1mdnbe7gtkpksli",2007,REG,CAR,3,0,0,0,0,0,0,0,0,0,0,0,0,,,0,,0,0,0,0,0,0,,0,0,0,0,0,0,0,0,0,0,,0,,0,0,0,0,1,0,0,0,0,0,0,0,0,0,0,0,0,0,0,0,0,0,0,0,0,2,15,0,0,0,0,0,0,0,0,,,0,0,0,0,0,0,0,0,0,0,0,0,,,,0,0,0,0,0,0,0,,0,0,0,0,,0,0
00-0017162,H.Ward,Hines Ward,WR,WR,"https://static.www.nfl.com/image/private/f_auto,q_auto/league/opna4defooarhcili0lp",2007,REG+POST,PIT,14,0,0,0,0,0,0,0,0,0,0,0,0,,,0,,2,7,0,0,0,1,-2.42282362721744,0,82,0,871,7,0,0,0,284,53,84.1432783045894,1,0,,0,,0,2,0,0,0,0,0,0,0,0,0,0,0,0,0,0,0,0,0,0,0,0,2,25,0,0,0,0,0,0,0,0,,,0,0,0,0,0,0,0,0,0,0,0,0,,,,0,0,0,0,0,0,0,,0,0,0,0,,131.8,213.8
00-0017200,K.Warner,Kurt Warner,QB,QB,"https://static.www.nfl.com/image/private/f_auto,q_auto/league/xlgzhoozvi1agd8hn4kk",2007,REG,ARI,14,282,452,3409,27,17,20,-140,5,4,3811,1300,167,47.1081459783859,2.84047778528016,0,0.894515875098399,17,15,1,7,2,9,-23.1319302232455,0,0,0,0,0,0,0,0,0,0,,0,,,0,,0,2,0,0,0,0,0,0,0,0,0,0,0,0,0,0,0,5,12,0,0,0,2,15,0,0,0,0,0,0,0,0,,,0,0,0,0,0,0,0,0,0,0,0,0,,,,0,0,0,0,0,0,0,,0,0,0,0,,205.86,205.86
00-0017277,T.Washington,Ted Washington,NT,DL,"https://static.www.nfl.com/image/private/f_auto,q_auto/league/batfg6zrlpqzlvmfbqsa",2007,REG,CLE,3,0,0,0,0,0,0,0,0,0,0,0,0,,,0,,0,0,0,0,0,0,,0,0,0,0,0,0,0,0,0,0,,0,,0,0,0,0,4,1,1,0,0,0,0,0,0,0,0,0,0,0,0,0,0,0,0,0,0,0,0,0,0,0,0,0,0,0,0,,,0,0,0,0,0,0,0,0,0,0,0,0,,,,0,0,0,0,0,0,0,,0,0,0,0,,0,0
00-0017399,T.Weiner,Todd Weiner,OT,OL,"https://static.www.nfl.com/image/private/f_auto,q_auto/league/c9iduyjxfqkctxmwhjml",2007,REG,ATL,3,0,0,0,0,0,0,0,0,0,0,0,0,,,0,,0,0,0,0,0,0,,0,0,0,0,0,0,0,0,0,0,,0,,0,0,0,0,0,0,0,0,0,0,0,0,0,0,0,0,0,0,0,0,0,0,0,0,0,5,35,0,0,0,0,0,0,0,0,,,0,0,0,0,0,0,0,0,0,0,0,0,,,,0,0,0,0,0,0,0,,0,0,0,0,,0,0
00-0017410,J.Welbourn,John Welbourn,G,OL,"https://static.www.nfl.com/image/private/f_auto,q_auto/league/tvfhw5g6vx2jx6sdlnjo",2007,REG,KC,5,0,0,0,0,0,0,0,0,0,0,0,0,,,0,,0,0,0,0,0,0,,0,0,0,0,0,0,0,0,0,0,,0,,,0,,0,0,0,0,0,0,0,0,0,0,0,0,0,0,0,0,0,0,0,0,0,0,5,36,0,0,0,0,0,0,0,0,,,0,0,0,0,0,0,0,0,0,0,0,0,,,,0,0,0,0,0,0,0,,0,0,0,0,,0,0
00-0017638,C.Wiegmann,Casey Wiegmann,C,OL,"https://static.www.nfl.com/image/private/f_auto,q_auto/league/vnup94ht5ftcoixtqld9",2007,REG,KC,5,0,0,0,0,0,0,0,0,0,0,0,0,,,0,,0,0,0,0,0,0,,0,0,0,0,0,0,0,0,0,0,,0,,,0,,0,2,0,0,0,0,0,0,0,0,0,0,0,0,0,0,0,0,1,0,0,0,3,20,0,0,0,0,0,0,0,0,,,0,0,0,0,0,0,0,0,0,0,0,0,,,,0,0,0,0,0,0,0,,0,0,0,0,,0,0
00-0017693,J.Wilkins,Jeff Wilkins,K,SPEC,"https://static.www.nfl.com/image/private/f_auto,q_auto/league/j9mfe0hrl9pk1yhkv5f0",2007,REG,LA,16,0,0,0,0,0,0,0,0,0,0,0,0,,,0,,0,0,0,0,0,0,,0,0,0,0,0,0,0,0,0,0,,0,,,0,,0,2,0,0,0,0,0,0,0,0,0,0,0,0,0,0,0,0,0,0,0,0,0,0,0,0,0,0,24,32,8,0,53,0.75,0,7,6,8,3,0,0,1,1,5,1,0,42;28;27;29;53;25;46;35;31;32;31;29;40;46;49;21;44;49;35;23;50;52;37;42,56;42;43;28;35;44;40;48,,896,336,0,25,25,0,0,1,0,1,1,0,56,0,0
00-0017813,J.Williams,Jamal Williams,NT,DL,"https://static.www.nfl.com/image/private/f_auto,q_auto/league/qc1koel5jd0rb0efessx",2007,REG+POST,LAC,16,0,0,0,0,0,0,0,0,0,0,0,0,,,0,,0,0,0,0,0,0,,0,0,0,0,0,0,0,0,0,0,,0,,,0,,0,16,18,11,0,0,1,0,0,0,0,0,2,0,0,0,0,0,0,1,1,0,1,5,0,0,0,0,0,0,0,0,,,0,0,0,0,0,0,0,0,0,0,0,0,,,,0,0,0,0,0,0,0,,0,0,0,0,,0,0
00-0017899,P.Williams,Pat Williams,DT,DL,"https://static.www.nfl.com/image/private/f_auto,q_auto/league/ehazrqey4rek2snraicn",2007,REG,MIN,16,0,0,0,0,0,0,0,0,0,0,0,0,,,0,,0,0,0,0,0,0,,0,0,0,0,0,0,0,0,0,0,,0,,,0,,0,35,8,19,0,0,0,2,11,3,1,1,4,0,0,0,0,0,0,1,1,0,4,30,0,0,0,0,0,0,0,0,,,0,0,0,0,0,0,0,0,0,0,0,0,,,,0,0,0,0,0,0,0,,0,0,0,0,,0,0
00-0017915,R.Williams,Ricky Williams,RB,RB,"https://static.www.nfl.com/image/private/f_auto,q_auto/league/buhodr9dphf3lf0nazql",2007,REG,MIA,1,0,0,0,0,0,0,0,0,0,0,0,0,,,0,,6,15,0,1,1,2,-2.97755732899532,0,0,0,0,0,0,0,0,0,0,,0,,,0,,0,0,0,0,0,0,0,0,0,0,0,0,0,0,0,0,0,0,0,0,0,0,0,0,0,0,0,0,0,0,0,0,,,0,0,0,0,0,0,0,0,0,0,0,0,,,,0,0,0,0,0,0,0,,0,0,0,0,,-0.5,-0.5
00-0018093,A.Winfield,Antoine Winfield,CB,DB,"https://static.www.nfl.com/image/private/f_auto,q_auto/league/j3pr0ux21raq4puplowd",2007,REG,MIN,10,0,0,0,0,0,0,0,0,0,0,0,0,,,0,,0,0,0,0,0,0,,0,0,0,0,0,0,0,0,0,0,,0,,,0,,0,52,6,9,0,0,1,0,0,0,1,14,9,1,0,0,0,0,0,2,2,0,1,5,0,0,0,0,0,0,0,0,,,0,0,0,0,0,0,0,0,0,0,0,0,,,,0,0,0,0,0,0,0,,0,0,0,0,,0,0
00-0018137,C.Withrow,Cory Withrow,C,OL,"https://static.www.nfl.com/image/private/f_auto,q_auto/league/u73k536zlraa0ab2zcwm",2007,REG,LAC,3,0,0,0,0,0,0,0,0,0,0,0,0,,,0,,0,0,0,0,0,0,,0,0,0,0,0,0,0,0,0,0,,0,,,0,,0,1,0,0,0,0,0,0,0,0,0,0,0,0,0,0,0,0,0,0,0,0,2,20,0,0,0,0,0,0,0,0,,,0,0,0,0,0,0,0,0,0,0,0,0,,,,0,0,0,0,0,0,0,,0,0,0,0,,0,0
00-0018227,C.Woodson,Charles Woodson,FS,DB,"https://static.www.nfl.com/image/private/f_auto,q_auto/league/gohbupnj3mhletq96zzu",2007,REG+POST,GB,16,0,0,0,0,0,0,0,0,0,0,0,0,,,0,,0,0,0,0,0,0,,0,0,0,0,0,0,0,0,0,0,,0,,0,0,0,0,48,10,12,0,0,0,0,0,0,4,48,11,1,1,0,0,1,1,1,1,1,9,64,33,272,0,0,0,0,0,0,,,0,0,0,0,0,0,0,0,0,0,0,0,,,,0,0,0,0,0,0,0,,0,0,0,0,,0,0
00-0018234,D.Woody,Damien Woody,OT,OL,"https://static.www.nfl.com/image/private/f_auto,q_auto/league/jd8pwgcnratzsnm4m7em",2007,REG,DET,4,0,0,0,0,0,0,0,0,0,0,0,0,,,0,,0,0,0,0,0,0,,0,0,0,0,0,0,0,0,0,0,,0,,,0,,0,0,0,0,0,0,0,0,0,0,0,0,0,0,0,0,0,0,0,0,0,0,5,25,0,0,0,0,0,0,0,0,,,0,0,0,0,0,0,0,0,0,0,0,0,,,,0,0,0,0,0,0,0,,0,0,0,0,,0,0
00-0018272,A.Wright,Anthony Wright,QB,QB,"https://static.www.nfl.com/image/private/f_auto,q_auto/league/tot1rumaduxp1ixjqmlp",2007,REG,NYG,2,1,7,12,0,0,0,0,0,0,55,9,1,-5.0495480298996,-42.7120276859828,0,0.218181818181818,1,-1,0,0,0,0,-1.30841659696307,0,0,0,0,0,0,0,0,0,0,,0,,0,0,0,0,0,0,0,0,0,0,0,0,0,0,0,0,0,0,0,0,0,0,0,0,0,0,0,0,0,0,0,0,0,0,0,,,0,0,0,0,0,0,0,0,0,0,0,0,,,,0,0,0,0,0,0,0,,0,0,0,0,,0.38,0.38
00-0018308,K.Wright,Kenny Wright,DB,DB,"https://static.www.nfl.com/image/private/f_auto,q_auto/league/nqtgtkaasndtka3a901u",2007,REG,CLE,3,0,0,0,0,0,0,0,0,0,0,0,0,,,0,,0,0,0,0,0,0,,0,0,0,0,0,0,0,0,0,0,,0,,0,0,0,0,5,1,0,0,0,0,0,0,0,0,0,0,0,0,0,0,0,0,0,0,0,0,0,0,0,0,0,0,0,0,0,,,0,0,0,0,0,0,0,0,0,0,0,0,,,,0,0,0,0,0,0,0,,0,0,0,0,,0,0
00-0018351,R.Wynn,Renaldo Wynn,DE,DL,"https://static.www.nfl.com/image/private/f_auto,q_auto/league/pe2gcgu3dhghosybxgmz",2007,REG,NO,8,0,0,0,0,0,0,0,0,0,0,0,0,,,0,,0,0,0,0,0,0,,0,0,0,0,0,0,0,0,0,0,,0,,0,0,0,0,10,3,0,0,0,0,4,24,6,0,0,0,0,0,0,0,0,0,0,0,0,0,0,0,0,0,0,0,0,0,0,,,0,0,0,0,0,0,0,0,0,0,0,0,,,,0,0,0,0,0,0,0,,0,0,0,0,,0,0
00-0018405,B.Young,Bryant Young,DT,DL,"https://static.www.nfl.com/image/private/f_auto,q_auto/league/fkubylbr94xqvbzfczhx",2007,REG,SF,14,0,0,0,0,0,0,0,0,0,0,0,0,,,0,,0,0,0,0,0,0,,0,0,0,0,0,0,0,0,0,0,,0,,0,0,0,0,26,4,4,0,0,1,5.5,30,10,0,0,2,0,0,0,0,0,0,0,0,0,2,20,0,0,0,0,0,0,0,0,,,0,0,0,0,0,0,0,0,0,0,0,0,,,,0,0,0,0,0,0,0,,0,0,0,0,,0,0
00-0018486,J.Zelenka,Joe Zelenka,LS,SPEC,"https://static.www.nfl.com/image/private/f_auto,q_auto/league/eey3sqhrm9djk0ai7xij",2007,REG,JAX,3,0,0,0,0,0,0,0,0,0,0,0,0,,,0,,0,0,0,0,0,0,,0,0,0,0,0,0,0,0,0,0,,0,,,0,,0,1,0,1,0,0,0,0,0,0,0,0,0,0,0,0,0,0,0,0,0,0,1,10,0,0,0,0,0,0,0,0,,,0,0,0,0,0,0,0,0,0,0,0,0,,,,0,0,0,0,0,0,0,,0,0,0,0,,0,0
00-0018503,J.Zgonina,Jeff Zgonina,DT,DL,"https://static.www.nfl.com/image/private/f_auto,q_auto/league/xxxxml3p0eqcl51xgszi",2007,REG,HOU,10,0,0,0,0,0,0,0,0,0,0,0,0,,,0,,0,0,0,0,0,0,,0,0,0,0,0,0,0,0,0,0,,0,,0,0,0,0,4,6,7,0,0,0,0,0,1,0,0,0,0,0,0,0,0,0,0,0,0,0,0,0,0,0,0,0,0,0,0,,,0,0,0,0,0,0,0,0,0,0,0,0,,,,0,0,0,0,0,0,0,,0,0,0,0,,0,0
00-0018578,R.Neufeld,Ryan Neufeld,FB,RB,"https://static.www.nfl.com/image/private/f_auto,q_auto/league/yawa4natiz2ufqvxpydh",2007,REG,BUF,6,0,0,0,0,0,0,0,0,0,0,0,0,,,0,,0,0,0,0,0,0,,0,2,0,14,0,0,0,0,11,0,0.730514138005674,0,0,0,0,0,0,2,0,1,0,0,0,0,0,0,0,0,0,0,0,0,0,0,0,0,0,0,1,8,0,0,3,6,0,0,0,0,,,0,0,0,0,0,0,0,0,0,0,0,0,,,,0,0,0,0,0,0,0,,0,0,0,0,,1.4,3.4
00-0018584,B.Waters,Brian Waters,G,OL,"https://static.www.nfl.com/image/private/f_auto,q_auto/league/s5nloiclepxisxuwct3v",2007,REG,KC,2,0,0,0,0,0,0,0,0,0,0,0,0,,,0,,0,0,0,0,0,0,,0,0,0,0,0,0,0,0,0,0,,0,,,0,,0,1,0,0,0,0,0,0,0,0,0,0,0,0,0,0,0,0,0,0,0,0,1,10,0,0,0,0,0,0,0,0,,,0,0,0,0,0,0,0,0,0,0,0,0,,,,0,0,0,0,0,0,0,,0,0,0,0,,0,0
00-0018605,C.Ivy,Corey Ivy,DB,DB,"https://static.www.nfl.com/image/private/f_auto,q_auto/league/tjkdcsg3oitbyhwanvcs",2007,REG,BAL,16,0,0,0,0,0,0,0,0,0,0,0,0,,,0,,0,0,0,0,0,0,,0,0,0,0,0,0,0,0,0,0,,0,,,0,,0,47,4,6,0,0,1,3,21,4,1,22,12,0,0,0,0,0,0,1,1,0,8,112,0,0,0,0,0,0,0,0,,,0,0,0,0,0,0,0,0,0,0,0,0,,,,0,0,0,0,0,0,0,,0,0,0,0,,0,0
00-0018613,C.Green,Cornell Green,OT,OL,"https://static.www.nfl.com/image/private/f_auto,q_auto/league/ddsdiacttroly41fh1ca",2007,REG,LV,5,0,0,0,0,0,0,0,0,0,0,0,0,,,0,,0,0,0,0,0,0,,0,0,0,0,0,0,0,0,0,0,,0,,,0,,0,0,0,0,0,0,0,0,0,0,0,0,0,0,0,0,0,0,0,0,0,0,7,35,0,0,0,0,0,0,0,0,,,0,0,0,0,0,0,0,0,0,0,0,0,,,,0,0,0,0,0,0,0,,0,0,0,0,,0,0
00-0018925,B.Sims,Barry Sims,OT,OL,"https://static.www.nfl.com/image/private/f_auto,q_auto/league/tpv6rj5epjt5li9w5ni3",2007,REG,LV,9,0,0,0,0,0,0,0,0,0,0,0,0,,,0,,0,0,0,0,0,0,,0,0,0,0,0,0,0,0,0,0,,0,,,0,,0,2,0,0,0,0,1,0,0,0,0,0,0,0,0,0,0,4,4,0,0,0,13,80,0,0,0,0,0,0,0,0,,,0,0,0,0,0,0,0,0,0,0,0,0,,,,0,0,0,0,0,0,0,,0,0,0,0,,0,0
00-0018926,M.Schneck,Mike Schneck,LS,SPEC,"https://static.www.nfl.com/image/private/f_auto,q_auto/league/fqxefbbp0azxg9mqvvzx",2007,REG,ATL,2,0,0,0,0,0,0,0,0,0,0,0,0,,,0,,0,0,0,0,0,0,,0,0,0,0,0,0,0,0,0,0,,0,,0,0,0,0,1,0,1,0,0,0,0,0,0,0,0,0,0,0,0,0,0,0,0,0,0,0,0,0,0,0,0,0,0,0,0,,,0,0,0,0,0,0,0,0,0,0,0,0,,,,0,0,0,0,0,0,0,,0,0,0,0,,0,0
00-0018957,M.Simoneau,Mark Simoneau,LB,LB,"https://static.www.nfl.com/image/private/f_auto,q_auto/league/mg6ijtr9anjkwspazur0",2007,REG,NO,15,0,0,0,0,0,0,0,0,0,0,0,0,,,0,,0,0,0,0,0,0,,0,0,0,0,0,0,0,0,0,0,,0,,0,0,0,0,30,20,20,0,0,0,2,13,1,0,0,1,0,0,0,0,0,0,0,0,0,0,0,0,0,0,0,0,0,0,0,,,0,0,0,0,0,0,0,0,0,0,0,0,,,,0,0,0,0,0,0,0,,0,0,0,0,,0,0
00-0018958,L.Coles,Laveranues Coles,WR,WR,"https://static.www.nfl.com/image/private/f_auto,q_auto/league/mqwcvuemjppg61dbqnkd",2007,REG,NYJ,11,0,0,0,0,0,0,0,0,0,0,0,0,,,0,,0,0,0,0,0,0,,0,55,0,646,6,0,0,0,142,35,62.3152279630696,0,0,,0,,0,1,0,0,0,0,0,0,0,0,0,0,0,0,0,0,0,0,0,0,0,0,1,5,0,0,0,0,0,0,0,0,,,0,0,0,0,0,0,0,0,0,0,0,0,,,,0,0,0,0,0,0,0,,0,0,0,0,,100.6,155.6
00-0018970,R.Meier,Rob Meier,DT,DL,"https://static.www.nfl.com/image/private/f_auto,q_auto/league/hh1p5yo4oiv19tbftxzt",2007,REG+POST,JAX,17,0,0,0,0,0,0,0,0,0,0,0,0,,,0,,0,0,0,0,0,0,,0,0,0,0,0,0,0,0,0,0,,0,,,0,,0,18,3,9,0,0,0,5,36,8,0,0,1,0,0,0,0,0,0,0,0,0,0,0,0,0,0,0,0,0,0,0,,,0,0,0,0,0,0,0,0,0,0,0,0,,,,0,0,0,0,0,0,0,,0,0,0,0,,0,0
00-0019041,B.Volek,Billy Volek,QB,QB,"https://static.www.nfl.com/image/private/f_auto,q_auto/league/jei3uos0woj4u7exp8ih",2007,REG+POST,LAC,6,6,14,54,0,1,2,-7,0,0,87,38,2,-13.7358830079902,-22.6488183651652,0,0.620689655172414,14,-8,1,1,1,2,-8.56175351992715,0,0,0,0,0,0,0,0,0,0,,0,,,0,,0,1,0,0,0,0,0,0,0,0,0,0,0,0,0,0,0,0,1,0,0,0,0,0,0,0,0,0,0,0,0,0,,,0,0,0,0,0,0,0,0,0,0,0,0,,,,0,0,0,0,0,0,0,,0,0,0,0,,3.36,3.36
00-0019100,B.Hoover,Brad Hoover,FB,RB,"https://static.www.nfl.com/image/private/f_auto,q_auto/league/nkihbcljztyofowib4cy",2007,REG,CAR,13,0,0,0,0,0,0,0,0,0,0,0,0,,,0,,12,39,0,0,0,4,-1.89136849273928,0,10,0,58,0,0,0,0,51,2,1.72842755864853,0,0,0,0,0,0,6,0,0,0,0,0,0,0,0,0,0,0,0,0,0,0,0,0,0,0,0,0,0,0,0,0,0,0,0,0,0,,,0,0,0,0,0,0,0,0,0,0,0,0,,,,0,0,0,0,0,0,0,,0,0,0,0,,9.7,19.7
00-0019104,P.Lenon,Paris Lenon,MLB,LB,"https://static.www.nfl.com/image/private/f_auto,q_auto/league/pixcrjwdcubxdawxqjhx",2007,REG,DET,16,0,0,0,0,0,0,0,0,0,0,0,0,,,0,,0,0,0,0,0,0,,0,0,0,0,0,0,0,0,0,0,,0,,,0,,0,75,13,30,0,0,2,2,16,4,1,61,3,1,0,0,0,0,0,0,0,0,4,44,0,0,0,0,0,0,0,0,,,0,0,0,0,0,0,0,0,0,0,0,0,,,,0,0,0,0,0,0,0,,0,0,0,0,,0,0
00-0019127,T.Yoder,Todd Yoder,TE,TE,"https://static.www.nfl.com/image/private/f_auto,q_auto/league/xlmm7x38ijojfnpyplm8",2007,REG,WAS,9,0,0,0,0,0,0,0,0,0,0,0,0,,,0,,0,0,0,0,0,0,,0,7,0,97,1,0,0,0,55,4,9.37633386679227,0,0,,0,,0,1,0,1,0,0,0,0,0,0,0,0,0,0,0,0,0,0,0,0,0,0,4,20,0,0,1,8,0,0,0,0,,,0,0,0,0,0,0,0,0,0,0,0,0,,,,0,0,0,0,0,0,0,,0,0,0,0,,15.7,22.7
00-0019133,H.Fraley,Hank Fraley,C,OL,"https://static.www.nfl.com/image/private/f_auto,q_auto/league/zq7vbolz3mziiavhyd5j",2007,REG,CLE,6,0,0,0,0,0,0,0,0,0,0,0,0,,,0,,0,0,0,0,0,0,,0,0,0,0,0,0,0,0,0,0,,0,,0,0,0,0,5,0,0,0,0,0,0,0,0,0,0,0,0,0,0,0,1,1,0,0,0,1,10,0,0,0,0,0,0,0,0,,,0,0,0,0,0,0,0,0,0,0,0,0,,,,0,0,0,0,0,0,0,,0,0,0,0,,0,0
00-0019135,D.Kreider,Dan Kreider,FB,RB,"https://static.www.nfl.com/image/private/f_auto,q_auto/league/dmxuhoow7t3vwvc6ahdj",2007,REG,PIT,2,0,0,0,0,0,0,0,0,0,0,0,0,,,0,,1,2,0,0,0,0,-0.196753928845283,0,1,0,15,0,0,0,0,1,1,0.898234249267262,0,0,,0,,0,0,0,0,0,0,0,0,0,0,0,0,0,0,0,0,0,0,0,0,0,0,0,0,0,0,0,0,0,0,0,0,,,0,0,0,0,0,0,0,0,0,0,0,0,,,,0,0,0,0,0,0,0,,0,0,0,0,,1.7,2.7
00-0019146,D.Rackley,Derek Rackley,LS,SPEC,"https://static.www.nfl.com/image/private/f_auto,q_auto/league/xv4qo1rn52jlndfpsdd4",2007,REG,SEA,2,0,0,0,0,0,0,0,0,0,0,0,0,,,0,,0,0,0,0,0,0,,0,0,0,0,0,0,0,0,0,0,,0,,0,0,0,0,0,1,1,0,0,0,0,0,0,0,0,0,0,0,0,0,0,0,0,0,0,0,0,0,0,0,0,0,0,0,0,,,0,0,0,0,0,0,0,0,0,0,0,0,,,,0,0,0,0,0,0,0,,0,0,0,0,,0,0
00-0019188,J.Snow,Justin Snow,LS,SPEC,"https://static.www.nfl.com/image/private/f_auto,q_auto/league/adv2b9jo5lzepvde189g",2007,REG,IND,2,0,0,0,0,0,0,0,0,0,0,0,0,,,0,,0,0,0,0,0,0,,0,0,0,0,0,0,0,0,0,0,,0,,,0,,0,2,0,0,0,0,1,0,0,0,0,0,0,0,0,0,0,0,0,0,0,0,0,0,0,0,0,0,0,0,0,0,,,0,0,0,0,0,0,0,0,0,0,0,0,,,,0,0,0,0,0,0,0,,0,0,0,0,,0,0
00-0019213,L.Paxton,Lonie Paxton,LS,SPEC,"https://static.www.nfl.com/image/private/f_auto,q_auto/league/vpn920vrbjoudraagfoa",2007,REG,NE,2,0,0,0,0,0,0,0,0,0,0,0,0,,,0,,0,0,0,0,0,0,,0,0,0,0,0,0,0,0,0,0,,0,,,0,,0,1,0,0,0,0,0,0,0,0,0,0,0,0,0,0,0,0,0,0,0,0,1,4,0,0,0,0,0,0,0,0,,,0,0,0,0,0,0,0,0,0,0,0,0,,,,0,0,0,0,0,0,0,,0,0,0,0,,0,0
00-0019242,D.Looker,Dane Looker,WR,WR,"https://static.www.nfl.com/image/private/f_auto,q_auto/league/yaekv9wmvkduhdzsvdrb",2007,REG,LA,9,0,0,0,0,0,0,0,0,0,0,0,0,,,0,,0,0,0,0,0,0,,0,6,0,38,0,0,0,0,7,3,1.48812381168724,0,0,,0,,0,2,0,0,0,0,0,0,0,0,0,0,0,0,0,0,0,2,2,0,0,0,0,0,2,5,1,19,0,0,0,0,,,0,0,0,0,0,0,0,0,0,0,0,0,,,,0,0,0,0,0,0,0,,0,0,0,0,,3.8,9.8
00-0019246,A.Ogunleye,Adewale Ogunleye,DE,DL,"https://static.www.nfl.com/image/private/f_auto,q_auto/league/tvrwwdq9zu4tfmok5acs",2007,REG,CHI,16,0,0,0,0,0,0,0,0,0,0,0,0,,,0,,0,0,0,0,0,0,,0,0,0,0,0,0,0,0,0,0,,0,,,0,,0,44,8,5,0,0,6,9,57,16,0,0,3,0,0,0,0,0,0,3,3,0,2,7,0,0,0,0,0,0,0,0,,,0,0,0,0,0,0,0,0,0,0,0,0,,,,0,0,0,0,0,0,0,,0,0,0,0,,0,0
00-0019276,S.O'Hara,Shaun O'Hara,C,OL,"https://static.www.nfl.com/image/private/f_auto,q_auto/league/ffkqd3nchmw4wrjtpzgx",2007,REG+POST,NYG,3,0,0,0,0,0,0,0,0,0,0,0,0,,,0,,0,0,0,0,0,0,,0,0,0,0,0,0,0,0,0,0,,0,,0,0,0,0,1,0,0,0,0,0,0,0,0,0,0,0,0,0,0,0,0,0,0,0,0,1,10,0,0,0,0,0,0,0,0,,,0,0,0,0,0,0,0,0,0,0,0,0,,,,0,0,0,0,0,0,0,,0,0,0,0,,0,0
00-0019281,M.Furrey,Mike Furrey,WR,WR,"https://static.www.nfl.com/image/private/f_auto,q_auto/league/patqamlgpnc1wqd2ijh8",2007,REG,DET,15,0,0,0,0,0,0,0,0,0,0,0,0,,,0,,0,0,0,0,0,0,,0,61,0,664,1,0,0,0,193,37,51.9093836505504,0,0,,0,,0,2,0,0,0,0,0,0,0,0,0,0,0,0,0,0,0,0,0,0,0,0,2,15,3,30,2,25,0,0,0,0,,,0,0,0,0,0,0,0,0,0,0,0,0,,,,0,0,0,0,0,0,0,,0,0,0,0,,72.4,133.4
00-0019293,D.Cooper,Deke Cooper,FS,DB,"https://static.www.nfl.com/image/private/f_auto,q_auto/league/lsfpxolp25clpaoxypgr",2007,REG,CAR,14,0,0,0,0,0,0,0,0,0,0,0,0,,,0,,0,0,0,0,0,0,,0,0,0,0,0,0,0,0,0,0,,0,,0,0,0,0,38,8,13,0,0,1,0,0,1,3,19,4,0,0,0,0,0,0,0,0,0,0,0,0,0,0,0,0,0,0,0,,,0,0,0,0,0,0,0,0,0,0,0,0,,,,0,0,0,0,0,0,0,,0,0,0,0,,0,0
00-0019302,B.Gilmore,Bryan Gilmore,WR,WR,"https://static.www.nfl.com/image/private/f_auto,q_auto/league/mrjlorr5e094c3nq58nk",2007,REG,SF,7,0,0,0,0,0,0,0,0,0,0,0,0,,,0,,1,-8,0,0,0,0,-2.30143490526825,0,7,0,111,0,0,0,0,21,7,11.5804236416589,0,0,0,0,0,0,3,0,2,0,0,0,0,0,0,0,0,0,0,0,0,0,0,0,0,0,0,0,0,0,0,0,0,0,0,0,0,,,0,0,0,0,0,0,0,0,0,0,0,0,,,,0,0,0,0,0,0,0,,0,0,0,0,,10.3,17.3
00-0019310,R.Lindell,Rian Lindell,K,SPEC,"https://static.www.nfl.com/image/private/f_auto,q_auto/league/ypvrnjz62aexe25wctli",2007,REG,BUF,16,0,0,0,0,0,0,0,0,0,0,0,0,,,0,,0,0,0,0,0,0,,0,0,0,0,0,0,0,0,0,0,,0,,0,0,0,0,2,1,1,0,0,0,0,0,0,0,0,0,0,0,0,0,0,0,0,0,0,0,0,0,0,0,0,24,27,3,0,52,0.888888888888889,0,11,7,4,2,0,0,0,0,2,1,0,24;46;24;29;26;35;41;30;40;23;21;29;38;34;52;38;43;24;33;36;51;29;23;22,45;54;46,,791,145,0,24,24,0,0,1,1,1,0,0,36,0,0
00-0019339,C.Killings,Cedric Killings,DT,DL,"https://static.www.nfl.com/image/private/f_auto,q_auto/league/vssxdmwubu61u6jvass5",2007,REG,HOU,1,0,0,0,0,0,0,0,0,0,0,0,0,,,0,,0,0,0,0,0,0,,0,0,0,0,0,0,0,0,0,0,,0,,0,0,0,0,0,1,0,0,0,0,0,0,0,0,0,0,0,0,0,0,0,0,0,0,0,0,0,0,0,0,0,0,0,0,0,,,0,0,0,0,0,0,0,0,0,0,0,0,,,,0,0,0,0,0,0,0,,0,0,0,0,,0,0
00-0019387,J.Hall,James Hall,DE,DL,"https://static.www.nfl.com/image/private/f_auto,q_auto/league/oqpfx75svtmjt7b3ffxv",2007,REG,LA,15,0,0,0,0,0,0,0,0,0,0,0,0,,,0,,0,0,0,0,0,0,,0,0,0,0,0,0,0,0,0,0,,0,,,0,,0,34,5,14,0,0,0,2,7,8,0,0,1,0,0,0,0,0,0,0,0,0,3,15,0,0,0,0,0,0,0,0,,,0,0,0,0,0,0,0,0,0,0,0,0,,,,0,0,0,0,0,0,0,,0,0,0,0,,0,0
00-0019435,M.Leach,Mike Leach,LS,SPEC,"https://static.www.nfl.com/image/private/f_auto,q_auto/league/ilrirkvxmxbeedplpjhm",2007,REG,DEN,5,0,0,0,0,0,0,0,0,0,0,0,0,,,0,,0,0,0,0,0,0,,0,0,0,0,0,0,0,0,0,0,,0,,,0,,0,5,0,1,0,0,0,0,0,0,0,0,0,0,0,0,0,0,0,0,0,0,0,0,0,0,0,0,0,0,0,0,,,0,0,0,0,0,0,0,0,0,0,0,0,,,,0,0,0,0,0,0,0,,0,0,0,0,,0,0
00-0019443,J.Darche,J.P. Darche,LS,SPEC,"https://static.www.nfl.com/image/private/f_auto,q_auto/league/ghrefw73lntat7m637tx",2007,REG,KC,6,0,0,0,0,0,0,0,0,0,0,0,0,,,0,,0,0,0,0,0,0,,0,0,0,0,0,0,0,0,0,0,,0,,,0,,0,7,0,0,0,0,0,0,0,0,0,0,0,0,0,0,0,0,0,0,0,0,2,10,0,0,0,0,0,0,0,0,,,0,0,0,0,0,0,0,0,0,0,0,0,,,,0,0,0,0,0,0,0,,0,0,0,0,,0,0
00-0019456,B.Urlacher,Brian Urlacher,MLB,LB,"https://static.www.nfl.com/image/private/f_auto,q_auto/league/grv500cwcjiqengfgrw1",2007,REG,CHI,16,0,0,0,0,0,0,0,0,0,0,0,0,,,0,,0,0,0,0,0,0,,0,0,0,0,0,0,0,0,0,0,,0,,,0,,0,75,17,31,0,0,0,5,36,7,5,101,12,1,0,0,0,0,0,2,2,0,1,15,0,0,0,0,0,0,0,0,,,0,0,0,0,0,0,0,0,0,0,0,0,,,,0,0,0,0,0,0,0,,0,0,0,0,,0,0
00-0019457,A.Becht,Anthony Becht,TE,TE,"https://static.www.nfl.com/image/private/f_auto,q_auto/league/fffb8tbtlmzhxgntrrna",2007,REG,TB,6,0,0,0,0,0,0,0,0,0,0,0,0,,,0,,0,0,0,0,0,0,,0,5,0,20,2,0,0,0,10,2,2.1017906128983,0,0,0,0,0,0,0,0,0,0,0,0,0,0,0,0,0,0,0,0,0,0,0,0,0,0,0,2,20,0,0,0,0,0,0,0,0,,,0,0,0,0,0,0,0,0,0,0,0,0,,,,0,0,0,0,0,0,0,,0,0,0,0,,14,19
00-0019458,K.Kennedy,Kenoy Kennedy,S,DB,"https://static.www.nfl.com/image/private/f_auto,q_auto/league/ggqmvalj62fvrm9ppr6x",2007,REG,DET,15,0,0,0,0,0,0,0,0,0,0,0,0,,,0,,0,0,0,0,0,0,,0,0,0,0,0,0,0,0,0,0,,0,,,0,,0,57,2,29,0,0,2,0,0,0,2,45,5,0,0,0,33,0,0,1,1,0,0,0,0,0,0,0,0,0,0,0,,,0,0,0,0,0,0,0,0,0,0,0,0,,,,0,0,0,0,0,0,0,,0,0,0,0,,0,0
00-0019459,D.Walker,Darwin Walker,DT,DL,"https://static.www.nfl.com/image/private/f_auto,q_auto/league/rr4rcogp5dzmu3snfxwi",2007,REG,CHI,9,0,0,0,0,0,0,0,0,0,0,0,0,,,0,,0,0,0,0,0,0,,0,0,0,0,0,0,0,0,0,0,,0,,,0,,0,10,2,5,0,0,0,1,9,1,0,0,0,0,0,0,0,0,0,0,0,0,2,10,0,0,0,0,0,0,0,0,,,0,0,0,0,0,0,0,0,0,0,0,0,,,,0,0,0,0,0,0,0,,0,0,0,0,,0,0
00-0019463,G.Wesley,Greg Wesley,FS,DB,"https://static.www.nfl.com/image/private/f_auto,q_auto/league/agrssrw4fhu5zafu1oqb",2007,REG,KC,13,0,0,0,0,0,0,0,0,0,0,0,0,,,0,,0,0,0,0,0,0,,0,0,0,0,0,0,0,0,0,0,,0,,,0,,0,25,3,2,0,0,1,0,0,0,0,0,3,0,0,0,0,0,0,0,0,0,0,0,0,0,0,0,0,0,0,0,,,0,0,0,0,0,0,0,0,0,0,0,0,,,,0,0,0,0,0,0,0,,0,0,0,0,,0,0
00-0019465,L.Sanders,Lewis Sanders,DB,DB,"https://static.www.nfl.com/image/private/f_auto,q_auto/league/tiyneeecxgynvxt6invn",2007,REG,ATL,13,0,0,0,0,0,0,0,0,0,0,0,0,,,0,,0,0,0,0,0,0,,0,0,0,0,0,0,0,0,0,0,,0,,0,0,0,0,30,5,0,0,0,0,0,0,0,0,0,2,0,0,0,0,0,0,0,0,0,1,6,0,0,0,0,0,0,0,0,,,0,0,0,0,0,0,0,0,0,0,0,0,,,,0,0,0,0,0,0,0,,0,0,0,0,,0,0
00-0019467,N.Diggs,Na'il Diggs,LB,LB,"https://static.www.nfl.com/image/private/f_auto,q_auto/league/sdrdgybhxlyzvj2jngnt",2007,REG,CAR,14,0,0,0,0,0,0,0,0,0,0,0,0,,,0,,0,0,0,0,0,0,,0,0,0,0,0,0,0,0,0,0,,0,,0,0,0,0,35,9,14,0,0,1,3.5,31.5,4,0,0,3,0,0,0,0,1,1,0,0,0,1,8,0,0,0,0,0,0,0,0,,,0,0,0,0,0,0,0,0,0,0,0,0,,,,0,0,0,0,0,0,0,,0,0,0,0,,0,0
00-0019469,D.Barrett,David Barrett,CB,DB,"https://static.www.nfl.com/image/private/f_auto,q_auto/league/umjxxgkqhby8fpldiwjg",2007,REG,NYJ,15,0,0,0,0,0,0,0,0,0,0,0,0,,,0,,0,0,0,0,0,0,,0,0,0,0,0,0,0,0,0,0,,0,,,0,,0,42,12,9,0,0,0,0,0,0,1,0,7,0,0,0,0,0,0,0,0,0,2,25,0,0,0,0,0,0,0,0,,,0,0,0,0,0,0,0,0,0,0,0,0,,,,0,0,0,0,0,0,0,,0,0,0,0,,0,0
00-0019475,A.McKinley,Alvin McKinley,DT,DL,"https://static.www.nfl.com/image/private/f_auto,q_auto/league/qowrv78a1xjls078phnk",2007,REG,DEN,12,0,0,0,0,0,0,0,0,0,0,0,0,,,0,,0,0,0,0,0,0,,0,0,0,0,0,0,0,0,0,0,,0,,,0,,0,8,3,3,0,0,1,2.5,12.5,2,0,0,0,0,0,0,0,0,0,0,0,0,4,20,0,0,0,0,0,0,0,0,,,0,0,0,0,0,0,0,0,0,0,0,0,,,,0,0,0,0,0,0,0,,0,0,0,0,,0,0
00-0019484,S.Morris,Sammy Morris,RB,RB,"https://static.www.nfl.com/image/private/f_auto,q_auto/league/entos6dkhenrrxkqh240",2007,REG,NE,6,0,0,0,0,0,0,0,0,0,0,0,0,,,0,,85,384,3,0,0,25,5.02208253231609,0,6,0,35,0,0,0,0,33,1,0.218899659696035,0,0,,0,,0,0,0,1,0,0,0,0,0,0,0,0,0,0,0,0,0,0,0,0,0,0,0,0,0,0,0,0,0,0,0,0,,,0,0,0,0,0,0,0,0,0,0,0,0,,,,0,0,0,0,0,0,0,,0,0,0,0,,59.9,65.9
00-0019485,K.Thomas,Kiwaukee Thomas,DB,DB,"https://static.www.nfl.com/image/private/f_auto,q_auto/league/aptqnkzavjbm6hwhjh19",2007,REG,BUF,8,0,0,0,0,0,0,0,0,0,0,0,0,,,0,,0,0,0,0,0,0,,0,0,0,0,0,0,0,0,0,0,,0,,0,0,0,0,14,8,14,0,0,0,0,0,0,1,8,2,0,0,0,0,0,0,0,0,0,0,0,0,0,0,0,0,0,0,0,,,0,0,0,0,0,0,0,0,0,0,0,0,,,,0,0,0,0,0,0,0,,0,0,0,0,,0,0
00-0019502,M.Tauscher,Mark Tauscher,OT,OL,"https://static.www.nfl.com/image/private/f_auto,q_auto/league/c7xehcmjojcqjvg34fce",2007,REG+POST,GB,7,0,0,0,0,0,0,0,0,0,0,0,0,,,0,,0,0,0,0,0,0,,0,0,0,0,0,0,0,0,0,0,,0,,0,0,0,0,1,0,0,0,0,0,0,0,0,0,0,0,0,0,0,0,1,1,1,1,0,5,40,0,0,0,0,0,0,0,0,,,0,0,0,0,0,0,0,0,0,0,0,0,,,,0,0,0,0,0,0,0,,0,0,0,0,,0,0
00-0019503,K.Houser,Kevin Houser,FB,RB,"https://static.www.nfl.com/image/private/f_auto,q_auto/league/jlcdap5xctdxcndk5hbq",2007,REG,NO,2,0,0,0,0,0,0,0,0,0,0,0,0,,,0,,0,0,0,0,0,0,,0,0,0,0,0,0,0,0,0,0,,0,,0,0,0,0,2,0,0,0,0,0,0,0,0,0,0,0,0,0,0,0,0,0,0,0,0,0,0,0,0,0,0,0,0,0,0,,,0,0,0,0,0,0,0,0,0,0,0,0,,,,0,0,0,0,0,0,0,,0,0,0,0,,0,0
00-0019506,D.Clark,Danny Clark,OLB,LB,"https://static.www.nfl.com/image/private/f_auto,q_auto/league/wcb2lid3znmk0x3abyxh",2007,REG,HOU,11,0,0,0,0,0,0,0,0,0,0,0,0,,,0,,0,0,0,0,0,0,,0,0,0,0,0,0,0,0,0,0,,0,,0,0,0,0,36,4,11,0,0,1,0,0,1,1,1,1,0,0,0,0,0,0,0,0,0,0,0,0,0,0,0,0,0,0,0,,,0,0,0,0,0,0,0,0,0,0,0,0,,,,0,0,0,0,0,0,0,,0,0,0,0,,0,0
00-0019509,M. Green,Michael Green,DB,DB,"https://static.www.nfl.com/image/private/f_auto,q_auto/league/mhw6s9dpkea52asczlnv",2007,REG,SEA,12,0,0,0,0,0,0,0,0,0,0,0,0,,,0,,0,0,0,0,0,0,,0,0,0,0,0,0,0,0,0,0,,0,,0,0,0,0,12,3,2,0,0,0,0,0,0,0,0,1,0,0,0,0,0,0,0,0,0,1,10,0,0,0,0,0,0,0,0,,,0,0,0,0,0,0,0,0,0,0,0,0,,,,0,0,0,0,0,0,0,,0,0,0,0,,0,0
00-0019533,P.Pass,Patrick Pass,RB,RB,"https://static.www.nfl.com/image/private/f_auto,q_auto/league/jlvcgjs1ijms22i33ivh",2007,REG,NYG,1,0,0,0,0,0,0,0,0,0,0,0,0,,,0,,0,0,0,0,0,0,,0,0,0,0,0,0,0,0,0,0,,0,,0,0,0,0,0,0,1,0,0,0,0,0,0,0,0,0,0,0,0,0,0,0,0,0,0,0,0,0,0,0,0,0,0,0,0,,,0,0,0,0,0,0,0,0,0,0,0,0,,,,0,0,0,0,0,0,0,,0,0,0,0,,0,0
00-0019536,S.Graham,Shayne Graham,K,SPEC,"https://static.www.nfl.com/image/private/f_auto,q_auto/league/nntaad0gtphxh3qe4l4o",2007,REG,CIN,16,0,0,0,0,0,0,0,0,0,0,0,0,,,0,,0,0,0,0,0,0,,0,0,0,0,0,0,0,0,0,0,,0,,,0,,0,0,0,0,0,0,0,0,0,0,0,0,0,0,0,0,0,0,0,0,0,0,0,0,0,0,0,0,31,34,3,0,48,0.911764705882353,1,11,13,6,0,0,0,1,0,1,1,0,23;40;20;43;24;40;48;33;36;20;31;20;34;19;22;35;35;21;33;41;38;24;27;38;32;46;24;35;29;38;30,53;26;43,,979,122,0,37,37,0,0,1,0,0,0,0,,0,0
00-0019537,T.Carter,Tyrone Carter,DB,DB,"https://static.www.nfl.com/image/private/f_auto,q_auto/league/mmubfgbkvmxkmg8gqwlv",2007,REG+POST,PIT,16,0,0,0,0,0,0,0,0,0,0,0,0,,,0,,0,0,0,0,0,0,,0,0,0,0,0,0,0,0,0,0,,0,,,0,,0,35,10,17,0,0,3,0.5,2,1,0,0,2,0,0,0,0,0,0,0,0,0,0,0,0,0,0,0,0,0,0,0,,,0,0,0,0,0,0,0,0,0,0,0,0,,,,0,0,0,0,0,0,0,,0,0,0,0,,0,0
00-0019538,C.Haggans,Clark Haggans,LB,LB,"https://static.www.nfl.com/image/private/f_auto,q_auto/league/x5xoxbrgduhyrudwmhmt",2007,REG+POST,PIT,17,0,0,0,0,0,0,0,0,0,0,0,0,,,0,,0,0,0,0,0,0,,0,0,0,0,0,0,0,0,0,0,,0,,,0,,0,24,13,21,0,0,0,3,16,7,0,0,1,0,0,0,0,0,0,1,1,0,5,31,0,0,0,0,0,0,0,0,,,0,0,0,0,0,0,0,0,0,0,0,0,,,,0,0,0,0,0,0,0,,0,0,0,0,,0,0
00-0019539,D.Hall,Dante Hall,WR,WR,"https://static.www.nfl.com/image/private/f_auto,q_auto/league/kbnhi4dslz0xvp9iwz2y",2007,REG,LA,7,0,0,0,0,0,0,0,0,0,0,0,0,,,0,,3,18,0,0,0,2,1.58262944826856,0,5,0,27,0,0,0,0,10,2,4.05890915635973,0,0,,0,,1,1,0,0,0,0,0,0,0,0,0,0,0,0,2,0,42,1,1,0,0,0,0,0,19,286,29,729,0,0,0,0,,,0,0,0,0,0,0,0,0,0,0,0,0,,,,0,0,0,0,0,0,0,,0,0,0,0,,10.5,15.5
00-0019545,S.Ellis,Shaun Ellis,DE,DL,"https://static.www.nfl.com/image/private/f_auto,q_auto/league/zln4perm9xhhdsz6tnkb",2007,REG,NYJ,14,0,0,0,0,0,0,0,0,0,0,0,0,,,0,,0,0,0,0,0,0,,0,0,0,0,0,0,0,0,0,0,,0,,,0,,0,21,12,16,0,0,1,5,26,9,0,0,0,0,0,0,0,0,0,1,1,0,0,0,0,0,0,0,0,0,0,0,,,0,0,0,0,0,0,0,0,0,0,0,0,,,,0,0,0,0,0,0,0,,0,0,0,0,,0,0
00-0019546,J.Abraham,John Abraham,OLB,LB,"https://static.www.nfl.com/image/private/f_auto,q_auto/league/xy04q7bt6hiatezp83t6",2007,REG,ATL,16,0,0,0,0,0,0,0,0,0,0,0,0,,,0,,0,0,0,0,0,0,,0,0,0,0,0,0,0,0,0,0,,0,,0,0,0,0,29,2,1,0,0,4,10,61,11,0,0,4,0,0,0,0,0,0,0,0,0,5,36,0,0,0,0,0,0,0,0,,,0,0,0,0,0,0,0,0,0,0,0,0,,,,0,0,0,0,0,0,0,,0,0,0,0,,0,0
00-0019548,B.Jennings,Brian Jennings,LS,SPEC,"https://static.www.nfl.com/image/private/f_auto,q_auto/league/mb4wx0tlc8vnahxho7k5",2007,REG,SF,5,0,0,0,0,0,0,0,0,0,0,0,0,,,0,,0,0,0,0,0,0,,0,0,0,0,0,0,0,0,0,0,,0,,0,0,0,0,3,0,2,0,0,0,0,0,0,0,0,0,0,0,0,0,0,0,0,0,0,1,5,0,0,0,0,0,0,0,0,,,0,0,0,0,0,0,0,0,0,0,0,0,,,,0,0,0,0,0,0,0,,0,0,0,0,,0,0
00-0019552,T.Walters,Troy Walters,WR,WR,"https://static.www.nfl.com/image/private/f_auto,q_auto/league/twi6fbjhr0jtryxc082x",2007,REG,DET,13,0,0,0,0,0,0,0,0,0,0,0,0,,,0,,0,0,0,0,0,0,,0,9,0,101,1,0,0,0,47,5,7.43333179387264,0,0,,0,,0,1,0,0,0,0,0,0,0,0,0,0,0,0,1,0,0,1,1,0,0,0,0,0,15,118,8,172,0,0,0,0,,,0,0,0,0,0,0,0,0,0,0,0,0,,,,0,0,0,0,0,0,0,,0,0,0,0,,16.1,25.1
00-0019559,C.Pennington,Chad Pennington,QB,QB,"https://static.www.nfl.com/image/private/f_auto,q_auto/league/jnzw6ssk5byxcwugbr6x",2007,REG,NYJ,9,179,260,1766,10,9,26,-178,3,0,1913,640,90,-1.41643950162707,7.20490457152757,1,0.923157344485102,20,32,1,3,1,11,-1.63352909180685,0,0,0,0,0,0,0,0,0,0,,0,,,0,,0,1,0,0,0,0,0,0,0,0,0,0,0,0,0,0,0,2,4,0,0,0,4,20,0,0,0,0,0,0,0,0,,,0,0,0,0,0,0,0,0,0,0,0,0,,,,0,0,0,0,0,0,0,,0,0,0,0,,101.84,101.84
00-0019560,D.Grant,Deon Grant,S,DB,"https://static.www.nfl.com/image/private/f_auto,q_auto/league/o9eo12hojo3yzamcqcpe",2007,REG+POST,SEA,18,0,0,0,0,0,0,0,0,0,0,0,0,,,0,,0,0,0,0,0,0,,0,0,0,0,0,0,0,0,0,0,,0,,0,0,0,0,63,10,14,0,0,0,0,0,0,3,34,12,0,0,0,0,0,0,1,1,0,1,24,0,0,0,0,0,0,0,0,,,0,0,0,0,0,0,0,0,0,0,0,0,,,,0,0,0,0,0,0,0,,0,0,0,0,,0,0
00-0019562,N.Webster,Nate Webster,MLB,LB,"https://static.www.nfl.com/image/private/f_auto,q_auto/league/sndnrdjemkaogxgamzyt",2007,REG,DEN,16,0,0,0,0,0,0,0,0,0,0,0,0,,,0,,0,0,0,0,0,0,,0,0,0,0,0,0,0,0,0,0,,0,,,0,,0,56,11,20,0,0,1,0,0,0,0,0,1,0,0,0,0,0,0,1,1,1,2,8,0,0,0,0,0,0,0,0,,,0,0,0,0,0,0,0,0,0,0,0,0,,,,0,0,0,0,0,0,0,,0,0,0,0,,0,0
00-0019563,D.Macklin,David Macklin,DB,DB,"https://static.www.nfl.com/image/private/f_auto,q_auto/league/dond3llacavk0z8pw9kw",2007,REG+POST,WAS,3,0,0,0,0,0,0,0,0,0,0,0,0,,,0,,0,0,0,0,0,0,,0,0,0,0,0,0,0,0,0,0,,0,,,0,,0,4,3,0,0,0,0,0,0,0,0,0,0,0,0,0,0,0,0,0,0,0,0,0,0,0,0,0,0,0,0,0,,,0,0,0,0,0,0,0,0,0,0,0,0,,,,0,0,0,0,0,0,0,,0,0,0,0,,0,0
00-0019573,Roba.Smith,Robaire Smith,DE,DL,"https://static.www.nfl.com/image/private/f_auto,q_auto/league/p5ydlxpdcjlfchtwveoa",2007,REG,CLE,16,0,0,0,0,0,0,0,0,0,0,0,0,,,0,,0,0,0,0,0,0,,0,0,0,0,0,0,0,0,0,0,,0,,0,0,0,0,29,13,14,0,0,0,4,34,8,0,0,2,0,0,0,0,0,0,0,0,0,5,25,0,0,0,0,0,0,0,0,,,0,0,0,0,0,0,0,0,0,0,0,0,,,,0,0,0,0,0,0,0,,0,0,0,0,,0,0
00-0019585,M.Washington,Marcus Washington,OLB,LB,"https://static.www.nfl.com/image/private/f_auto,q_auto/league/l1bzuo3za7fu4jbykblj",2007,REG+POST,WAS,13,0,0,0,0,0,0,0,0,0,0,0,0,,,0,,0,0,0,0,0,0,,0,0,0,0,0,0,0,0,0,0,,0,,,0,,0,27,7,17,0,0,1,4,22,4,0,0,0,0,0,0,0,0,0,0,0,0,2,20,0,0,0,0,0,0,0,0,,,0,0,0,0,0,0,0,0,0,0,0,0,,,,0,0,0,0,0,0,0,,0,0,0,0,,0,0
00-0019586,J.Ulbrich,Jeff Ulbrich,ILB,LB,"https://static.www.nfl.com/image/private/f_auto,q_auto/league/eycdndika08quldgh8xb",2007,REG,SF,10,0,0,0,0,0,0,0,0,0,0,0,0,,,0,,0,0,0,0,0,0,,0,0,0,0,0,0,0,0,0,0,,0,,0,0,0,0,25,3,10,0,0,0,0,0,0,0,0,1,0,0,0,0,1,1,0,0,0,1,5,0,0,0,0,0,0,0,0,,,0,0,0,0,0,0,0,0,0,0,0,0,,,,0,0,0,0,0,0,0,,0,0,0,0,,0,0
00-0019587,T.Smith,Terrelle Smith,FB,RB,"https://static.www.nfl.com/image/private/f_auto,q_auto/league/dnahwwhrnee4dfwx2lwd",2007,REG,ARI,6,0,0,0,0,0,0,0,0,0,0,0,0,,,0,,1,3,0,0,0,0,-0.321547776926309,0,7,0,59,0,0,0,0,34,4,2.8764133581426,0,0,,0,,0,0,0,0,0,0,0,0,0,0,0,0,0,0,0,0,0,0,0,0,0,0,1,10,0,0,0,0,0,0,0,0,,,0,0,0,0,0,0,0,0,0,0,0,0,,,,0,0,0,0,0,0,0,,0,0,0,0,,6.2,13.2
00-0019593,A.Thomas,Adalius Thomas,OLB,LB,"https://static.www.nfl.com/image/private/f_auto,q_auto/league/stratxlva7uurggajo5y",2007,REG+POST,NE,19,0,0,0,0,0,0,0,0,0,0,0,0,,,0,,0,0,0,0,0,0,,0,0,0,0,0,0,0,0,0,0,,0,,,0,,0,43,23,22,0,0,3,9,53,15,1,65,9,1,0,0,0,0,0,0,0,0,2,20,0,0,0,0,0,0,0,0,,,0,0,0,0,0,0,0,0,0,0,0,0,,,,0,0,0,0,0,0,0,,0,0,0,0,,0,0
00-0019594,M.Anderson,Mike Anderson,RB,RB,"https://static.www.nfl.com/image/private/f_auto,q_auto/league/u233mhiu14upds1god2j",2007,REG,BAL,6,0,0,0,0,0,0,0,0,0,0,0,0,,,0,,15,62,0,1,1,3,-6.90801618987462,0,4,0,26,0,0,0,0,30,1,-0.265866475936491,0,0,,0,,0,3,0,0,0,0,0,0,0,0,0,0,0,0,0,0,0,0,0,0,0,0,1,10,0,0,2,10,0,0,0,0,,,0,0,0,0,0,0,0,0,0,0,0,0,,,,0,0,0,0,0,0,0,,0,0,0,0,,6.8,10.8
00-0019596,T.Brady,Tom Brady,QB,QB,"https://static.www.nfl.com/image/private/f_auto,q_auto/league/q7dpdlxyu5rs05rgh1le",2007,REG+POST,NE,19,475,687,5543,56,11,29,-180,5,4,5504,2561,282,267.369226179045,7.41245135686821,0,1.00708575581395,41,97,2,1,1,14,5.40406247763895,0,0,0,0,0,0,0,0,0,0,,0,,,0,,0,0,0,0,0,0,0,0,0,0,0,0,0,0,0,0,0,1,2,0,0,0,2,17,0,0,0,0,0,0,0,0,,,0,0,0,0,0,0,0,0,0,0,0,0,,,,0,0,0,0,0,0,0,,0,0,0,0,,435.42,435.42
00-0019599,M.Bulger,Marc Bulger,QB,QB,"https://static.www.nfl.com/image/private/f_auto,q_auto/league/vww6hwhkqzevfn6nsnhw",2007,REG,LA,12,221,378,2392,11,15,37,-269,4,3,3308,724,129,-48.8859547461453,-1.36133294839125,0,0.723095525997582,9,13,0,2,0,3,-3.00838457135251,0,0,0,0,0,0,0,0,0,0,,0,,,0,,0,0,0,0,0,0,0,0,0,0,0,0,0,0,0,0,0,1,2,0,0,0,3,20,0,0,0,0,0,0,0,0,,,0,0,0,0,0,0,0,0,0,0,0,0,,,,0,0,0,0,0,0,0,,0,0,0,0,,104.98,104.98
00-0019600,Mike Lewis,Michael L. Lewis,WR,WR,"https://static.www.nfl.com/image/private/f_auto,q_auto/league/zvwtm2omtdxpcj6peike",2007,REG,SF,13,0,0,0,0,0,0,0,0,0,0,0,0,,,0,,0,0,0,0,0,0,,0,0,0,0,0,0,0,0,0,0,,0,,0,0,0,0,5,2,0,0,0,0,0,0,0,0,0,0,0,2,0,0,0,0,0,0,0,0,0,44,336,5,86,0,0,0,0,,,0,0,0,0,0,0,0,0,0,0,0,0,,,,0,0,0,0,0,0,0,,0,0,0,0,,0,0
00-0019605,D.Howard,Darren Howard,DE,DL,"https://static.www.nfl.com/image/private/f_auto,q_auto/league/ol5wh6rd15qemfmileah",2007,REG,PHI,9,0,0,0,0,0,0,0,0,0,0,0,0,,,0,,0,0,0,0,0,0,,0,0,0,0,0,0,0,0,0,0,,0,,0,0,0,0,3,2,3,0,0,0,1,8,2,0,0,2,0,0,0,0,0,0,0,0,0,2,6,0,0,0,0,0,0,0,0,,,0,0,0,0,0,0,0,0,0,0,0,0,,,,0,0,0,0,0,0,0,,0,0,0,0,,0,0
00-0019610,R.Droughns,Reuben Droughns,RB,RB,"https://static.www.nfl.com/image/private/f_auto,q_auto/league/ezwfcom7fo6v6o7kxqt7",2007,REG+POST,NYG,18,0,0,0,0,0,0,0,0,0,0,0,0,,,0,,85,275,6,1,0,28,-8.23999004956061,0,7,0,49,0,0,0,0,39,1,0.245569755482971,0,0,0,0,0,0,6,1,2,0,0,1,0,0,0,0,0,0,0,0,0,0,1,1,0,0,0,0,0,0,0,21,454,0,0,0,0,,,0,0,0,0,0,0,0,0,0,0,0,0,,,,0,0,0,0,0,0,0,,0,0,0,0,,68.4,75.4
00-0019613,R.Brown,Ralph Brown,DB,DB,"https://static.www.nfl.com/image/private/f_auto,q_auto/league/riqx7mg52wwnf3niud9v",2007,REG,ARI,12,0,0,0,0,0,0,0,0,0,0,0,0,,,0,,0,0,0,0,0,0,,0,0,0,0,0,0,0,0,0,0,,0,,,0,,0,21,1,2,0,0,3,0,0,0,1,5,1,0,0,0,0,0,0,1,1,0,1,15,0,0,0,0,0,0,0,0,,,0,0,0,0,0,0,0,0,0,0,0,0,,,,0,0,0,0,0,0,0,,0,0,0,0,,0,0
00-0019617,K.Gbaja-Biamila,Kabeer Gbaja-Biamila,DE,DL,"https://static.www.nfl.com/image/private/f_auto,q_auto/league/susjrqou2oyakbyu7t0o",2007,REG+POST,GB,15,0,0,0,0,0,0,0,0,0,0,0,0,,,0,,0,0,0,0,0,0,,0,0,0,0,0,0,0,0,0,0,,0,,0,0,0,0,21,4,5,0,0,2,11,84.5,16,0,0,1,0,0,0,0,0,0,0,0,0,1,5,0,0,0,0,0,0,0,0,,,0,0,0,0,0,0,0,0,0,0,0,0,,,,0,0,0,0,0,0,0,,0,0,0,0,,0,0
00-0019623,T.Rattay,Tim Rattay,QB,QB,"https://static.www.nfl.com/image/private/f_auto,q_auto/league/sxkzdrtlgxo5khpoar8e",2007,REG,ARI,4,15,27,164,3,3,0,0,0,0,318,34,10,-3.37902073889495,-3.8090060154597,0,0.515723270440252,2,5,0,2,0,1,-1.45116609381512,0,0,0,0,0,0,0,0,0,0,,0,,,0,,0,0,0,0,0,0,0,0,0,0,0,0,0,0,0,0,0,2,3,0,0,0,0,0,0,0,0,0,0,0,0,0,,,0,0,0,0,0,0,0,0,0,0,0,0,,,,0,0,0,0,0,0,0,,0,0,0,0,,13.06,13.06
00-0019626,A.Boone,Alfonso Boone,DE,DL,"https://static.www.nfl.com/image/private/f_auto,q_auto/league/md3qy6us5orgtlunlaor",2007,REG,KC,12,0,0,0,0,0,0,0,0,0,0,0,0,,,0,,0,0,0,0,0,0,,0,0,0,0,0,0,0,0,0,0,,0,,,0,,0,16,2,7,0,0,0,1,11,2,0,0,5,0,0,0,0,0,0,1,1,0,2,10,0,0,0,0,0,0,0,0,,,0,0,0,0,0,0,0,0,0,0,0,0,,,,0,0,0,0,0,0,0,,0,0,0,0,,0,0
00-0019628,M.Smith,Marvel Smith,OT,OL,"https://static.www.nfl.com/image/private/f_auto,q_auto/league/clembrnuv7ac75ucy0i6",2007,REG,PIT,2,0,0,0,0,0,0,0,0,0,0,0,0,,,0,,0,0,0,0,0,0,,0,0,0,0,0,0,0,0,0,0,,0,,,0,,0,1,0,0,0,0,0,0,0,0,0,0,0,0,0,0,0,0,0,0,0,0,2,10,0,0,0,0,0,0,0,0,,,0,0,0,0,0,0,0,0,0,0,0,0,,,,0,0,0,0,0,0,0,,0,0,0,0,,0,0
00-0019629,B.Williams,Bobbie Williams,G,OL,"https://static.www.nfl.com/image/private/f_auto,q_auto/league/acejorvusd6aagsylsox",2007,REG,CIN,7,0,0,0,0,0,0,0,0,0,0,0,0,,,0,,0,0,0,0,0,0,,0,0,0,0,0,0,0,0,0,0,,0,,,0,,0,1,0,0,0,0,0,0,0,0,0,0,0,0,0,0,0,2,2,0,0,0,4,30,0,0,0,0,0,0,0,0,,,0,0,0,0,0,0,0,0,0,0,0,0,,,,0,0,0,0,0,0,0,,0,0,0,0,,0,0
00-0019630,K.Clancy,Kendrick Clancy,NT,DL,"https://static.www.nfl.com/image/private/f_auto,q_auto/league/dcn4wmhwnwo0qwr3ep0a",2007,REG,NO,10,0,0,0,0,0,0,0,0,0,0,0,0,,,0,,0,0,0,0,0,0,,0,0,0,0,0,0,0,0,0,0,,0,,0,0,0,0,9,2,4,0,0,0,1,1,2,0,0,0,0,0,0,0,0,0,0,0,0,0,0,0,0,0,0,0,0,0,0,,,0,0,0,0,0,0,0,0,0,0,0,0,,,,0,0,0,0,0,0,0,,0,0,0,0,,0,0
00-0019632,C.Carlisle,Cooper Carlisle,G,OL,"https://static.www.nfl.com/image/private/f_auto,q_auto/league/xdgixpmvifi2lqi21lcf",2007,REG,LV,5,0,0,0,0,0,0,0,0,0,0,0,0,,,0,,0,0,0,0,0,0,,0,0,0,0,0,0,0,0,0,0,,0,,,0,,0,2,0,0,0,0,0,0,0,0,0,0,0,0,0,0,0,2,2,0,0,0,2,15,0,0,0,0,0,0,0,0,,,0,0,0,0,0,0,0,0,0,0,0,0,,,,0,0,0,0,0,0,0,,0,0,0,0,,0,0
00-0019635,Dh.Jones,Dhani Jones,MLB,LB,"https://static.www.nfl.com/image/private/f_auto,q_auto/league/n2froxsdvu0xjcbotbty",2007,REG,CIN,14,0,0,0,0,0,0,0,0,0,0,0,0,,,0,,0,0,0,0,0,0,,0,0,0,0,0,0,0,0,0,0,,0,,,0,,0,53,5,31,0,0,2,1,2,1,0,0,3,0,0,0,0,0,0,0,0,0,1,4,0,0,0,0,0,0,0,0,,,0,0,0,0,0,0,0,0,0,0,0,0,,,,0,0,0,0,0,0,0,,0,0,0,0,,0,0
00-0019640,C.Samuels,Chris Samuels,OT,OL,"https://static.www.nfl.com/image/private/f_auto,q_auto/league/mucpxw64tiyxluo5gzxo",2007,REG+POST,WAS,7,0,0,0,0,0,0,0,0,0,0,0,0,,,0,,0,0,0,0,0,0,,0,0,0,0,0,0,0,0,0,0,,0,,,0,,0,3,0,0,0,0,0,0,0,0,0,0,0,0,0,0,0,0,0,0,0,0,6,28,0,0,0,0,0,0,0,0,,,0,0,0,0,0,0,0,0,0,0,0,0,,,,0,0,0,0,0,0,0,,0,0,0,0,,0,0
00-0019641,T.Jones,Thomas Jones,RB,RB,"https://static.www.nfl.com/image/private/f_auto,q_auto/league/bmbhldch291mziip7hm4",2007,REG,NYJ,16,0,0,0,0,0,0,0,0,0,0,0,0,,,0,,310,1119,1,2,0,57,-35.4101092254859,0,28,0,217,1,0,0,0,217,8,10.9381631079845,0,0,,0,,0,1,0,0,0,0,0,0,0,0,0,0,0,0,0,0,0,2,2,0,0,0,1,5,0,0,0,0,0,0,0,0,,,0,0,0,0,0,0,0,0,0,0,0,0,,,,0,0,0,0,0,0,0,,0,0,0,0,,145.6,173.6
00-0019642,P.Burress,Plaxico Burress,WR,WR,"https://static.www.nfl.com/image/private/f_auto,q_auto/league/vi3ew9rn7i3rq5sdqmei",2007,REG+POST,NYG,20,0,0,0,0,0,0,0,0,0,0,0,0,,,0,,0,0,0,0,0,0,,0,88,0,1249,13,1,0,0,319,62,125.019631467537,0,0,0,0,0,0,1,0,0,0,0,0,0,0,0,0,0,0,0,0,0,0,0,0,0,0,0,4,26,0,0,0,0,0,0,0,0,,,0,0,0,0,0,0,0,0,0,0,0,0,,,,0,0,0,0,0,0,0,,0,0,0,0,,202.9,290.9
00-0019643,R.Dayne,Ron Dayne,RB,RB,"https://static.www.nfl.com/image/private/f_auto,q_auto/league/hwgpcjohxnanzwzqjujz",2007,REG,HOU,13,0,0,0,0,0,0,0,0,0,0,0,0,,,0,,194,773,6,1,0,44,-11.1880406681009,0,17,0,112,0,0,0,0,113,4,3.49654634994463,0,0,0,0,0,0,0,0,0,0,0,0,0,0,0,0,0,0,0,0,0,0,1,1,0,0,0,1,10,0,0,0,0,0,0,0,0,,,0,0,0,0,0,0,0,0,0,0,0,0,,,,0,0,0,0,0,0,0,,0,0,0,0,,124.5,141.5
00-0019644,B.Franks,Bubba Franks,TE,TE,"https://static.www.nfl.com/image/private/f_auto,q_auto/league/hzbdidiabtfbheboo1nv",2007,REG+POST,GB,9,0,0,0,0,0,0,0,0,0,0,0,0,,,0,,0,0,0,0,0,0,,0,20,0,150,3,0,0,0,65,9,14.6927657554625,0,0,0,0,0,0,4,0,0,0,0,0,0,0,0,0,0,0,0,0,0,0,0,0,0,0,0,0,0,0,0,0,0,0,0,0,0,,,0,0,0,0,0,0,0,0,0,0,0,0,,,,0,0,0,0,0,0,0,,0,0,0,0,,33,53
00-0019645,D.O'Neal,Deltha O'Neal,CB,DB,"https://static.www.nfl.com/image/private/f_auto,q_auto/league/v0ekwgbe5mw8lqre30rk",2007,REG,CIN,16,0,0,0,0,0,0,0,0,0,0,0,0,,,0,,0,0,0,0,0,0,,0,0,0,0,0,0,0,0,0,0,,0,,,0,,0,48,0,4,0,0,1,0,0,0,1,7,9,0,0,0,0,0,0,1,1,0,1,12,0,0,0,0,0,0,0,0,,,0,0,0,0,0,0,0,0,0,0,0,0,,,,0,0,0,0,0,0,0,,0,0,0,0,,0,0
00-0019646,S.Janikowski,Sebastian Janikowski,K,SPEC,"https://static.www.nfl.com/image/private/f_auto,q_auto/league/c5zvm3ux5uvwxdfqwd0w",2007,REG,LV,16,0,0,0,0,0,0,0,0,0,0,0,0,,,0,,0,0,0,0,0,0,,0,0,0,0,0,0,0,0,0,0,,0,,,0,,0,2,0,0,0,0,0,0,0,0,0,0,0,0,0,0,0,0,0,0,0,0,0,0,0,0,0,0,23,32,8,1,54,0.71875,0,4,6,7,6,0,0,0,1,3,3,1,38;32;22;23;48;37;50;43;54;22;37;52;42;30;42;49;52;25;54;38;44;41;53,46;57;52;64;58;35;44;49,50,928,405,50,28,28,0,0,1,0,0,0,0,,0,0
00-0019647,S.Alexander,Shaun Alexander,RB,RB,"https://static.www.nfl.com/image/private/f_auto,q_auto/league/q6aogsngaiaq2yr1sgyv",2007,REG+POST,SEA,15,0,0,0,0,0,0,0,0,0,0,0,0,,,0,,231,782,5,2,0,40,-31.6762566617138,0,18,0,88,1,0,0,0,86,4,2.23673633855651,0,0,0,0,0,0,0,0,0,0,0,0,0,0,0,0,0,0,0,0,0,0,1,1,0,0,0,0,0,0,0,0,0,0,0,0,0,,,0,0,0,0,0,0,0,0,0,0,0,0,,,,0,0,0,0,0,0,0,,0,0,0,0,,123,141
00-0019648,K.Bulluck,Keith Bulluck,OLB,LB,"https://static.www.nfl.com/image/private/f_auto,q_auto/league/bcrdpyzavz6xl12xrdv1",2007,REG+POST,TEN,17,0,0,0,0,0,0,0,0,0,0,0,0,,,0,,0,0,0,0,0,0,,0,0,0,0,0,0,0,0,0,0,,0,,,0,,0,58,18,22,0,0,1,0,0,3,5,63,7,0,1,0,0,0,0,1,1,0,3,25,0,0,0,0,0,0,0,0,,,0,0,0,0,0,0,0,0,0,0,0,0,,,,0,0,0,0,0,0,0,,0,0,0,0,,0,0
00-0019650,D.Northcutt,Dennis Northcutt,WR,WR,"https://static.www.nfl.com/image/private/f_auto,q_auto/league/ek5gyfklwyjhe2xxe69w",2007,REG+POST,JAX,17,0,0,0,0,0,0,0,0,0,0,0,0,,,0,,6,27,0,0,0,1,-0.420139279740397,0,49,0,660,4,0,0,0,140,33,63.6513778113712,0,0,,0,,0,2,0,0,0,0,0,0,0,0,0,0,0,0,1,0,0,1,1,0,0,0,2,20,29,271,0,0,0,0,0,0,,,0,0,0,0,0,0,0,0,0,0,0,0,,,,0,0,0,0,0,0,0,,0,0,0,0,,92.7,141.7
00-0019651,J.Engelberger,John Engelberger,DE,DL,"https://static.www.nfl.com/image/private/f_auto,q_auto/league/bok5kwubuknsnoop1ugm",2007,REG,DEN,16,0,0,0,0,0,0,0,0,0,0,0,0,,,0,,0,0,0,0,0,0,,0,0,0,0,0,0,0,0,0,0,,0,,,0,,0,25,5,11,0,0,1,1,8,2,0,0,1,0,0,0,0,0,0,0,0,0,0,0,0,0,0,0,0,0,0,0,,,0,0,0,0,0,0,0,0,0,0,0,0,,,,0,0,0,0,0,0,0,,0,0,0,0,,0,0
00-0019652,I.Gold,Ian Gold,OLB,LB,"https://static.www.nfl.com/image/private/f_auto,q_auto/league/yfk3ylyzogg3ilcyrc7c",2007,REG,DEN,14,0,0,0,0,0,0,0,0,0,0,0,0,,,0,,0,0,0,0,0,0,,0,0,0,0,0,0,0,0,0,0,,0,,,0,,0,55,5,11,0,0,1,2,8,2,1,6,5,0,0,0,0,0,0,2,2,0,0,0,0,0,0,0,0,0,0,0,,,0,0,0,0,0,0,0,0,0,0,0,0,,,,0,0,0,0,0,0,0,,0,0,0,0,,0,0
00-0019653,J.Webster,Jason Webster,DB,DB,"https://static.www.nfl.com/image/private/f_auto,q_auto/league/uzxhmojedf8irnjaev0c",2007,REG,BUF,1,0,0,0,0,0,0,0,0,0,0,0,0,,,0,,0,0,0,0,0,0,,0,0,0,0,0,0,0,0,0,0,,0,,0,0,0,0,1,1,1,0,0,0,0,0,0,0,0,1,0,0,0,0,0,0,0,0,0,0,0,0,0,0,0,0,0,0,0,,,0,0,0,0,0,0,0,0,0,0,0,0,,,,0,0,0,0,0,0,0,,0,0,0,0,,0,0
00-0019656,T.Tillman,Travares Tillman,S,DB,"https://static.www.nfl.com/image/private/f_auto,q_auto/league/qw9cnuahpyd1plspf5vm",2007,REG,MIA,3,0,0,0,0,0,0,0,0,0,0,0,0,,,0,,0,0,0,0,0,0,,0,0,0,0,0,0,0,0,0,0,,0,,,0,,0,4,2,5,0,0,0,0,0,0,0,0,3,0,0,0,0,0,0,0,0,0,0,0,0,0,0,0,0,0,0,0,,,0,0,0,0,0,0,0,0,0,0,0,0,,,,0,0,0,0,0,0,0,,0,0,0,0,,0,0
00-0019663,D.Jackson,Darrell Jackson,WR,WR,"https://static.www.nfl.com/image/private/f_auto,q_auto/league/a2frfenrullgrcq1ceme",2007,REG,SF,15,0,0,0,0,0,0,0,0,0,0,0,0,,,0,,0,0,0,0,0,0,,0,46,1,497,3,1,0,13,99,33,38.9271074660937,0,38.2307692307692,1,0.00314998788466198,1.50220499151926,0,1,0,0,0,0,0,0,0,0,0,0,0,0,0,0,0,2,2,0,0,0,2,10,0,0,0,0,0,0,0,0,,,0,0,0,0,0,0,0,0,0,0,0,0,,,,0,0,0,0,0,0,0,,0,0,0,0,,67.7,113.7
00-0019664,D.McIntosh,Damion McIntosh,OT,OL,"https://static.www.nfl.com/image/private/f_auto,q_auto/league/llcbqqdozcu40yulontd",2007,REG,KC,5,0,0,0,0,0,0,0,0,0,0,0,0,,,0,,0,0,0,0,0,0,,0,0,0,0,0,0,0,0,0,0,,0,,,0,,0,2,0,0,0,0,0,0,0,0,0,0,0,0,0,0,0,1,1,0,0,0,3,15,0,0,0,0,0,0,0,0,,,0,0,0,0,0,0,0,0,0,0,0,0,,,,0,0,0,0,0,0,0,,0,0,0,0,,0,0
00-0019666,J.St. Clair,John St. Clair,OT,OL,"https://static.www.nfl.com/image/private/f_auto,q_auto/league/m9amvxwtkllmjnq209ia",2007,REG,CHI,4,0,0,0,0,0,0,0,0,0,0,0,0,,,0,,0,0,0,0,0,0,,0,1,0,2,1,0,0,0,0,1,1.30516337481095,0,0,,0,,0,0,0,0,0,0,0,0,0,0,0,0,0,0,0,0,0,0,0,0,0,0,3,15,0,0,0,0,0,0,0,0,,,0,0,0,0,0,0,0,0,0,0,0,0,,,,0,0,0,0,0,0,0,,0,0,0,0,,6.2,7.2
00-0019673,P.Smith,Paul Smith,RB,RB,"https://static.www.nfl.com/image/private/f_auto,q_auto/league/vyyt9rrt8ae87dufrayh",2007,REG,DEN,4,0,0,0,0,0,0,0,0,0,0,0,0,,,0,,0,0,0,0,0,0,,0,0,0,0,0,0,0,0,0,0,,0,,,0,,0,2,0,0,0,0,0,0,0,0,0,0,0,0,0,0,0,0,0,0,0,0,2,14,0,0,0,0,0,0,0,0,,,0,0,0,0,0,0,0,0,0,0,0,0,,,,0,0,0,0,0,0,0,,0,0,0,0,,0,0
00-0019674,B.Young,Brian Young,DT,DL,"https://static.www.nfl.com/image/private/f_auto,q_auto/league/bui0kx1setyr0zidkdnh",2007,REG,NO,9,0,0,0,0,0,0,0,0,0,0,0,0,,,0,,0,0,0,0,0,0,,0,0,0,0,0,0,0,0,0,0,,0,,0,0,0,0,12,4,2,0,0,1,3,14,5,0,0,1,0,0,0,0,0,0,0,0,0,1,5,0,0,0,0,0,0,0,0,,,0,0,0,0,0,0,0,0,0,0,0,0,,,,0,0,0,0,0,0,0,,0,0,0,0,,0,0
00-0019676,N.Rackers,Neil Rackers,K,SPEC,"https://static.www.nfl.com/image/private/f_auto,q_auto/league/wczge8w8yhljlfp4pq60",2007,REG,ARI,16,0,0,0,0,0,0,0,0,0,0,0,0,,,0,,0,0,0,0,0,0,,0,0,0,0,0,0,0,0,0,0,,0,,,0,,0,4,0,0,0,0,0,0,0,0,0,0,0,0,0,0,3,0,0,0,0,0,0,0,0,0,0,0,21,30,8,1,52,0.7,2,5,6,5,3,0,0,0,1,1,6,0,35;28;52;42;48;40;41;50;32;50;47;23;19;33;19;26;32;29;31;23;33,53;47;52;55;54;32;50;54,39,733,397,39,47,48,0,1,0.979166666666667,2,3,1,0,42;55;31,0,0
00-0019693,J.Lewis,Jamal Lewis,RB,RB,"https://static.www.nfl.com/image/private/f_auto,q_auto/league/mmsyfpojbxmisiujuwym",2007,REG,CLE,15,0,0,0,0,0,0,0,0,0,0,0,0,,,0,,299,1303,9,4,2,61,-22.7477068925846,0,30,0,248,2,0,0,0,223,9,15.7914157252817,0,0,0,0,0,0,1,0,0,0,0,0,0,0,0,0,0,0,0,0,0,0,1,1,0,0,0,2,25,0,0,0,0,0,0,0,0,,,0,0,0,0,0,0,0,0,0,0,0,0,,,,0,0,0,0,0,0,0,,0,0,0,0,,217.1,247.1
00-0019694,C.Simon,Corey Simon,DT,DL,"https://static.www.nfl.com/image/private/f_auto,q_auto/league/yfdndhhebohrhsxzuu3g",2007,REG,TEN,1,0,0,0,0,0,0,0,0,0,0,0,0,,,0,,0,0,0,0,0,0,,0,0,0,0,0,0,0,0,0,0,,0,,,0,,0,0,0,1,0,0,0,0,0,0,0,0,0,0,0,0,0,0,0,0,0,0,0,0,0,0,0,0,0,0,0,0,,,0,0,0,0,0,0,0,0,0,0,0,0,,,,0,0,0,0,0,0,0,,0,0,0,0,,0,0
00-0019695,J.Peterson,Julian Peterson,OLB,LB,"https://static.www.nfl.com/image/private/f_auto,q_auto/league/jznngnltrfkqwiborfxr",2007,REG+POST,SEA,17,0,0,0,0,0,0,0,0,0,0,0,0,,,0,,0,0,0,0,0,0,,0,0,0,0,0,0,0,0,0,0,,0,,0,0,0,0,66,6,17,0,0,4,10.5,70,16,2,3,3,0,0,0,0,0,0,2,2,0,1,5,0,0,0,0,0,0,0,0,,,0,0,0,0,0,0,0,0,0,0,0,0,,,,0,0,0,0,0,0,0,,0,0,0,0,,0,0
00-0019696,C.Hovan,Chris Hovan,DT,DL,"https://static.www.nfl.com/image/private/f_auto,q_auto/league/rv1e4f67ojxwjvp4xk35",2007,REG+POST,TB,16,0,0,0,0,0,0,0,0,0,0,0,0,,,0,,0,0,0,0,0,0,,0,0,0,0,0,0,0,0,0,0,,0,,0,0,0,0,21,11,18,0,0,0,1.5,8,4,1,3,2,0,0,0,0,0,0,0,0,0,0,0,0,0,0,0,0,0,0,0,,,0,0,0,0,0,0,0,0,0,0,0,0,,,,0,0,0,0,0,0,0,,0,0,0,0,,0,0
00-0019698,R.Morris,Rob Morris,LB,LB,"https://static.www.nfl.com/image/private/f_auto,q_auto/league/cum46cdrtkaigqb6mbzl",2007,REG,IND,2,0,0,0,0,0,0,0,0,0,0,0,0,,,0,,0,0,0,0,0,0,,0,0,0,0,0,0,0,0,0,0,,0,,,0,,0,9,3,1,0,0,0,0,0,0,0,0,0,0,0,0,0,0,0,0,0,0,0,0,0,0,0,0,0,0,0,0,,,0,0,0,0,0,0,0,0,0,0,0,0,,,,0,0,0,0,0,0,0,,0,0,0,0,,0,0
00-0019699,M.Brown,Mike Brown,S,DB,"https://static.www.nfl.com/image/private/f_auto,q_auto/league/au5diipzfv38pls2lf6q",2007,REG,CHI,1,0,0,0,0,0,0,0,0,0,0,0,0,,,0,,0,0,0,0,0,0,,0,0,0,0,0,0,0,0,0,0,,0,,,0,,0,2,0,2,0,0,0,0,0,0,1,27,2,0,0,0,0,0,0,1,1,0,0,0,0,0,0,0,0,0,0,0,,,0,0,0,0,0,0,0,0,0,0,0,0,,,,0,0,0,0,0,0,0,,0,0,0,0,,0,0
00-0019700,C.Griffin,Cornelius Griffin,DT,DL,"https://static.www.nfl.com/image/private/f_auto,q_auto/league/th4yfhc7jhldybsepwnh",2007,REG+POST,WAS,15,0,0,0,0,0,0,0,0,0,0,0,0,,,0,,0,0,0,0,0,0,,0,0,0,0,0,0,0,0,0,0,,0,,,0,,0,22,10,14,0,0,0,2.5,16,10,0,0,0,0,0,0,0,0,0,0,0,0,1,5,0,0,0,0,0,0,0,0,,,0,0,0,0,0,0,0,0,0,0,0,0,,,,0,0,0,0,0,0,0,,0,0,0,0,,0,0
00-0019702,C.Clifton,Chad Clifton,OT,OL,"https://static.www.nfl.com/image/private/f_auto,q_auto/league/kng9keme1cszyfetybrb",2007,REG+POST,GB,5,0,0,0,0,0,0,0,0,0,0,0,0,,,0,,0,0,0,0,0,0,,0,0,0,0,0,0,0,0,0,0,,0,,0,0,0,0,1,0,0,0,0,0,0,0,0,0,0,0,0,0,0,0,0,0,0,0,0,4,31,0,0,0,0,0,0,0,0,,,0,0,0,0,0,0,0,0,0,0,0,0,,,,0,0,0,0,0,0,0,,0,0,0,0,,0,0
00-0019703,J.Porter,Jerry Porter,WR,WR,"https://static.www.nfl.com/image/private/f_auto,q_auto/league/egfj3wzahvm6d7tjb7sb",2007,REG,LV,16,0,0,0,0,0,0,0,0,0,0,0,0,,,0,,0,0,0,0,0,0,,0,44,0,705,6,0,0,0,158,29,63.8859519574153,0,0,,0,,0,8,0,0,0,0,0,0,0,0,0,0,0,0,0,0,0,0,0,0,0,0,1,9,0,0,0,0,0,0,0,0,,,0,0,0,0,0,0,0,0,0,0,0,0,,,,0,0,0,0,0,0,0,,0,0,0,0,,106.5,150.5
00-0019705,T.Wade,Todd Wade,OT,OL,"https://static.www.nfl.com/image/private/f_auto,q_auto/league/gmhs6i1wbkaj36zygpzg",2007,REG,WAS,2,0,0,0,0,0,0,0,0,0,0,0,0,,,0,,0,0,0,0,0,0,,0,0,0,0,0,0,0,0,0,0,,0,,,0,,0,1,0,0,0,0,0,0,0,0,0,0,0,0,0,0,0,0,0,0,0,0,2,10,0,0,0,0,0,0,0,0,,,0,0,0,0,0,0,0,0,0,0,0,0,,,,0,0,0,0,0,0,0,,0,0,0,0,,0,0
00-0019706,F.Robbins,Fred Robbins,DT,DL,"https://static.www.nfl.com/image/private/f_auto,q_auto/league/azjhabyo3q1ofszuq78v",2007,REG+POST,NYG,20,0,0,0,0,0,0,0,0,0,0,0,0,,,0,,0,0,0,0,0,0,,0,0,0,0,0,0,0,0,0,0,,0,,0,0,0,0,24,13,12,0,0,0,5.5,26.5,12,0,0,1,0,0,0,0,0,0,0,0,0,1,5,0,0,0,0,0,0,0,0,,,0,0,0,0,0,0,0,0,0,0,0,0,,,,0,0,0,0,0,0,0,,0,0,0,0,,0,0
00-0019709,C.Redman,Chris Redman,QB,QB,"https://static.www.nfl.com/image/private/f_auto,q_auto/league/slil2r5ubipg0eu3l3ae",2007,REG,ATL,6,89,149,1079,10,5,9,-51,2,1,1014,510,48,-12.3693293897262,-3.19115081737781,0,1.06410256410256,8,16,0,0,0,0,-5.55461104528496,0,0,0,0,0,0,0,0,0,0,,0,,0,0,0,0,0,0,0,0,0,0,0,0,0,0,0,0,0,0,0,0,0,0,0,0,0,0,0,0,0,0,0,0,0,0,0,,,0,0,0,0,0,0,0,0,0,0,0,0,,,,0,0,0,0,0,0,0,,0,0,0,0,,72.76,72.76
00-0019710,H.Poteat,Hank Poteat,FS,DB,"https://static.www.nfl.com/image/private/f_auto,q_auto/league/ktl4fexzcw6ggjuqjczo",2007,REG,NYJ,11,0,0,0,0,0,0,0,0,0,0,0,0,,,0,,0,0,0,0,0,0,,0,0,0,0,0,0,0,0,0,0,,0,,,0,,0,21,8,8,0,0,0,0,0,0,2,11,5,0,0,0,0,0,0,0,0,0,0,0,0,0,0,0,0,0,0,0,,,0,0,0,0,0,0,0,0,0,0,0,0,,,,0,0,0,0,0,0,0,,0,0,0,0,,0,0
00-0019714,S.Lechler,Shane Lechler,P,SPEC,"https://static.www.nfl.com/image/private/f_auto,q_auto/league/we3oe5jqnrb4ag3d4pqu",2007,REG,LV,16,0,0,0,0,0,0,0,0,0,0,0,0,,,0,,1,-4,0,0,0,0,-2.4058315573493,0,0,0,0,0,0,0,0,0,0,,0,,,0,,0,1,0,0,0,0,0,0,0,0,0,0,0,0,0,0,0,0,0,0,0,0,0,0,0,0,0,0,0,0,0,0,,,0,0,0,0,0,0,0,0,0,0,0,0,,,,0,0,0,0,0,0,0,,0,0,0,0,,-0.4,-0.4
00-0019721,T.Taylor,Travis Taylor,WR,WR,"https://static.www.nfl.com/image/private/f_auto,q_auto/league/yoveh1q3dd3i3uqhsjlr",2007,REG,LA,1,0,0,0,0,0,0,0,0,0,0,0,0,,,0,,0,0,0,0,0,0,,0,1,0,4,0,0,0,0,4,0,-0.0535844536498189,0,0,,0,,0,1,0,0,0,0,0,0,0,0,0,0,0,0,0,0,0,0,0,0,0,0,0,0,0,0,0,0,0,0,0,0,,,0,0,0,0,0,0,0,0,0,0,0,0,,,,0,0,0,0,0,0,0,,0,0,0,0,,0.4,1.4
00-0019724,M.Roman,Mark Roman,S,DB,"https://static.www.nfl.com/image/private/f_auto,q_auto/league/uq62xvmvfgmvxrhelmkl",2007,REG,SF,16,0,0,0,0,0,0,0,0,0,0,0,0,,,0,,0,0,0,0,0,0,,0,0,0,0,0,0,0,0,0,0,,0,,0,0,0,0,45,2,15,0,0,0,0,0,2,0,0,4,0,0,0,0,0,0,3,3,0,3,29,0,0,0,0,0,0,0,0,,,0,0,0,0,0,0,0,0,0,0,0,0,,,,0,0,0,0,0,0,0,,0,0,0,0,,0,0
00-0019733,N.Harper,Nick Harper,CB,DB,"https://static.www.nfl.com/image/private/f_auto,q_auto/league/tezgfdsdrrg5r6kai6kl",2007,REG,TEN,14,0,0,0,0,0,0,0,0,0,0,0,0,,,0,,0,0,0,0,0,0,,0,0,0,0,0,0,0,0,0,0,,0,,,0,,0,50,14,13,0,0,1,0,0,0,3,62,11,0,0,0,0,1,1,1,1,0,1,5,0,0,0,0,0,0,0,0,,,0,0,0,0,0,0,0,0,0,0,0,0,,,,0,0,0,0,0,0,0,,0,0,0,0,,0,0
00-0019739,B.Saipaia,Blaine Saipaia,G,OL,"https://static.www.nfl.com/image/private/f_auto,q_auto/league/flgqrlbda1vuudqozkb7",2007,REG,DET,4,0,0,0,0,0,0,0,0,0,0,0,0,,,0,,0,0,0,0,0,0,,0,0,0,0,0,0,0,0,0,0,,0,,,0,,0,1,0,0,0,0,0,0,0,0,0,0,0,0,0,0,0,0,0,0,0,0,1,10,0,0,2,23,0,0,0,0,,,0,0,0,0,0,0,0,0,0,0,0,0,,,,0,0,0,0,0,0,0,,0,0,0,0,,0,0
00-0019770,J.Feely,Jay Feely,K,SPEC,"https://static.www.nfl.com/image/private/f_auto,q_auto/league/ncfkhjulzxlddszqfm2u",2007,REG,MIA,16,0,0,0,0,0,0,0,0,0,0,0,0,,,0,,0,0,0,0,0,0,,0,0,0,0,0,0,0,0,0,0,,0,,,0,,0,4,0,1,0,0,0,0,0,0,0,0,0,0,0,0,0,0,0,0,0,0,1,15,0,0,0,0,21,23,2,0,53,0.91304347826087,0,7,6,7,1,0,0,0,0,2,0,0,20;36;37;45;31;39;29;23;40;33;48;43;29;38;53;44;41;23;22;29;49,48;47,,752,95,0,26,26,0,0,1,0,0,0,0,,0,0
00-0019778,L.Tynes,Lawrence Tynes,K,SPEC,"https://static.www.nfl.com/image/private/f_auto,q_auto/league/l2ouhbjsan4foefzfhpk",2007,REG+POST,NYG,20,0,0,0,0,0,0,0,0,0,0,0,0,,,0,,0,0,0,0,0,0,,0,0,0,0,0,0,0,0,0,0,,0,,0,0,0,0,2,0,0,0,0,0,0,0,0,0,0,0,0,0,0,0,0,0,0,0,0,0,0,0,0,0,0,28,34,6,0,48,0.823529411764706,1,11,7,9,0,0,0,1,4,1,0,0,44;48;24;48;32;34;29;32;29;39;20;41;40;26;28;46;20;48;19;23;23;35;42;25;29;37;47;32,34;34;29;38;43;36,,940,214,0,50,52,2,0,0.961538461538461,1,1,0,0,47,0,0
00-0019794,A.Cason,Aveion Cason,RB,RB,"https://static.www.nfl.com/image/private/f_auto,q_auto/league/dni24dgzcshivdpztlkn",2007,REG,DET,11,0,0,0,0,0,0,0,0,0,0,0,0,,,0,,11,38,0,0,0,2,-2.44046860397793,0,14,0,129,0,1,0,0,104,6,5.24243511652342,0,0,,0,,0,2,0,1,0,0,0,0,0,0,0,0,0,0,0,0,0,0,0,0,0,0,0,0,0,0,42,1041,0,0,0,0,,,0,0,0,0,0,0,0,0,0,0,0,0,,,,0,0,0,0,0,0,0,,0,0,0,0,,16.7,30.7
00-0019808,K.Watson,Kenny Watson,RB,RB,"https://static.www.nfl.com/image/private/f_auto,q_auto/league/ejok4qavb2c6x8tlhyzz",2007,REG,CIN,15,0,0,0,0,0,0,0,0,0,0,0,0,,,0,,178,763,7,2,1,42,0.159321781898695,0,52,0,373,0,1,1,0,403,12,7.07584813113472,0,0,,0,,0,3,0,0,0,0,0,0,0,0,0,0,0,0,0,0,0,3,3,0,0,0,1,15,0,0,0,0,0,0,0,0,,,0,0,0,0,0,0,0,0,0,0,0,0,,,,0,0,0,0,0,0,0,,0,0,0,0,,151.6,203.6
00-0019809,T.Evans,Troy Evans,OLB,LB,"https://static.www.nfl.com/image/private/f_auto,q_auto/league/xlewudmilcay7vln4sgy",2007,REG,NO,12,0,0,0,0,0,0,0,0,0,0,0,0,,,0,,0,0,0,0,0,0,,0,0,0,0,0,0,0,0,0,0,,0,,0,0,0,0,14,1,2,0,0,0,0,0,0,0,0,0,0,0,0,0,0,0,0,0,0,0,0,0,0,0,0,0,0,0,0,,,0,0,0,0,0,0,0,0,0,0,0,0,,,,0,0,0,0,0,0,0,,0,0,0,0,,0,0
00-0019816,T.Hasselbeck,Tim Hasselbeck,QB,QB,"https://static.www.nfl.com/image/private/f_auto,q_auto/league/h2mfvudojfjyl0kduqxi",2007,REG,ARI,1,0,0,0,0,0,0,0,0,0,0,0,0,,,0,,1,-1,0,0,0,0,-1.87573342223186,0,0,0,0,0,0,0,0,0,0,,0,,,0,,0,0,0,0,0,0,0,0,0,0,0,0,0,0,0,0,0,0,0,0,0,0,0,0,0,0,0,0,0,0,0,0,,,0,0,0,0,0,0,0,0,0,0,0,0,,,,0,0,0,0,0,0,0,,0,0,0,0,,-0.1,-0.1
00-0019831,N.Goings,Nick Goings,RB,RB,"https://static.www.nfl.com/image/private/f_auto,q_auto/league/rahruuhxo0nkv46vo9jm",2007,REG,CAR,4,0,0,0,0,0,0,0,0,0,0,0,0,,,0,,0,0,0,0,0,0,,0,0,0,0,0,0,0,0,0,0,,0,,0,0,0,0,1,1,0,0,0,0,0,0,0,0,0,0,0,0,0,0,0,0,0,0,0,0,0,0,0,9,174,0,0,0,0,,,0,0,0,0,0,0,0,0,0,0,0,0,,,,0,0,0,0,0,0,0,,0,0,0,0,,0,0
00-0019852,D.Curry,Donte Curry,LB,LB,"https://static.www.nfl.com/image/private/f_auto,q_auto/league/ukiwwi660yr5r5et8vr7",2007,REG,CAR,5,0,0,0,0,0,0,0,0,0,0,0,0,,,0,,0,0,0,0,0,0,,0,0,0,0,0,0,0,0,0,0,,0,,,0,,0,8,0,2,0,0,0,0,0,0,0,0,0,0,0,0,0,0,0,0,0,0,1,5,0,0,0,0,0,0,0,0,,,0,0,0,0,0,0,0,0,0,0,0,0,,,,0,0,0,0,0,0,0,,0,0,0,0,,0,0
00-0019863,D.Rhodes,Dominic Rhodes,RB,RB,"https://static.www.nfl.com/image/private/f_auto,q_auto/league/taziom9j7nf5gjezrmnr",2007,REG,LV,9,0,0,0,0,0,0,0,0,0,0,0,0,,,0,,75,302,1,1,1,18,-13.3262703108651,0,11,0,70,0,0,0,0,51,1,-0.793632515356876,0,0,,0,,0,0,0,0,0,0,0,0,0,0,0,0,0,0,0,0,0,1,1,0,0,0,0,0,0,0,16,312,0,0,0,0,,,0,0,0,0,0,0,0,0,0,0,0,0,,,,0,0,0,0,0,0,0,,0,0,0,0,,41.2,52.2
00-0019921,J.Baker,Jason Baker,P,SPEC,"https://static.www.nfl.com/image/private/f_auto,q_auto/league/bi74lc1bnxke4fyiyzni",2007,REG,CAR,16,0,0,0,0,0,0,0,0,0,0,0,0,,,0,,0,0,0,0,0,0,,0,0,0,0,0,0,0,0,0,0,,0,,0,0,0,0,2,0,0,0,0,0,0,0,0,0,0,0,0,0,0,0,0,0,0,0,0,0,0,0,0,0,0,0,0,0,0,,,0,0,0,0,0,0,0,0,0,0,0,0,,,,0,0,0,0,0,0,0,,0,0,0,0,,0,0
00-0019940,C.Hoke,Chris Hoke,NT,DL,"https://static.www.nfl.com/image/private/f_auto,q_auto/league/ylnltanbtd5lout4hzhl",2007,REG+POST,PIT,6,0,0,0,0,0,0,0,0,0,0,0,0,,,0,,0,0,0,0,0,0,,0,0,0,0,0,0,0,0,0,0,,0,,,0,,0,2,2,2,0,0,0,0,0,0,0,0,0,0,0,0,0,0,0,0,0,0,0,0,0,0,0,0,0,0,0,0,,,0,0,0,0,0,0,0,0,0,0,0,0,,,,0,0,0,0,0,0,0,,0,0,0,0,,0,0
00-0019954,K.Vincent,Keydrick Vincent,G,OL,"https://static.www.nfl.com/image/private/f_auto,q_auto/league/yrq5fk7z5d09jv2bgvh4",2007,REG,ARI,2,0,0,0,0,0,0,0,0,0,0,0,0,,,0,,0,0,0,0,0,0,,0,0,0,0,0,0,0,0,0,0,,0,,,0,,0,0,0,0,0,0,0,0,0,0,0,0,0,0,0,0,0,0,0,0,0,0,2,20,0,0,0,0,0,0,0,0,,,0,0,0,0,0,0,0,0,0,0,0,0,,,,0,0,0,0,0,0,0,,0,0,0,0,,0,0
00-0019976,D.Bennett,Drew Bennett,WR,WR,"https://static.www.nfl.com/image/private/f_auto,q_auto/league/xztlttrhxqekjfl6xk93",2007,REG,LA,14,0,0,0,0,0,0,0,0,0,0,0,0,,,0,,0,0,0,0,0,0,,0,33,0,375,3,1,0,0,82,24,35.2603224151863,0,0,,0,,0,3,0,0,0,0,0,0,0,0,0,0,0,0,0,0,0,1,1,0,0,0,0,0,0,0,0,0,0,0,0,0,,,0,0,0,0,0,0,0,0,0,0,0,0,,,,0,0,0,0,0,0,0,,0,0,0,0,,55.5,88.5
00-0019986,J.Thomas,Juqua Parker,DE,DL,"https://static.www.nfl.com/image/private/f_auto,q_auto/league/oodpxfhy6q3oambohpmd",2007,REG,PHI,15,0,0,0,0,0,0,0,0,0,0,0,0,,,0,,0,0,0,0,0,0,,0,0,0,0,0,0,0,0,0,0,,0,,0,0,0,0,23,6,10,0,0,2,5,26,8,0,0,2,0,0,0,0,0,0,2,2,0,3,15,0,0,0,0,0,0,0,0,,,0,0,0,0,0,0,0,0,0,0,0,0,,,,0,0,0,0,0,0,0,,0,0,0,0,,0,0
00-0019993,K.Kaesviharn,Kevin Kaesviharn,DB,DB,"https://static.www.nfl.com/image/private/f_auto,q_auto/league/elxrkmmpoqbmitkcf364",2007,REG,NO,13,0,0,0,0,0,0,0,0,0,0,0,0,,,0,,0,0,0,0,0,0,,0,0,0,0,0,0,0,0,0,0,,0,,0,0,0,0,25,8,3,0,0,0,0,0,0,0,0,8,0,0,0,0,1,1,0,0,0,0,0,0,0,0,0,0,0,0,0,,,0,0,0,0,0,0,0,0,0,0,0,0,,,,0,0,0,0,0,0,0,,0,0,0,0,,0,0
00-0019995,T.Ashworth,Tom Ashworth,OT,OL,"https://static.www.nfl.com/image/private/f_auto,q_auto/league/mvpwyp8o0tmnl2pfyzpa",2007,REG,SEA,1,0,0,0,0,0,0,0,0,0,0,0,0,,,0,,0,0,0,0,0,0,,0,0,0,0,0,0,0,0,0,0,,0,,0,0,0,0,0,0,0,0,0,0,0,0,0,0,0,0,0,0,0,0,0,0,0,0,0,0,0,0,0,0,0,0,0,0,0,,,0,0,0,0,0,0,0,0,0,0,0,0,,,,0,0,0,0,0,0,0,,0,0,0,0,,0,0
00-0019997,A.Chatman,Antonio Chatman,WR,WR,"https://static.www.nfl.com/image/private/f_auto,q_auto/league/f4vrbhakrpiyw97mzmcd",2007,REG,CIN,12,0,0,0,0,0,0,0,0,0,0,0,0,,,0,,1,5,0,0,0,0,0.24455322092399,0,19,0,149,1,0,0,0,66,9,10.7692753580067,0,0,,0,,0,0,0,0,0,0,0,0,0,0,0,0,0,0,0,0,0,0,0,0,0,0,1,10,18,93,2,49,0,0,0,0,,,0,0,0,0,0,0,0,0,0,0,0,0,,,,0,0,0,0,0,0,0,,0,0,0,0,,21.4,40.4
00-0020006,A.Pierce,Antonio Pierce,MLB,LB,"https://static.www.nfl.com/image/private/f_auto,q_auto/league/udu4uutbajzw1mgjdkba",2007,REG+POST,NYG,20,0,0,0,0,0,0,0,0,0,0,0,0,,,0,,0,0,0,0,0,0,,0,0,0,0,0,0,0,0,0,0,,0,,0,0,0,0,76,23,29,0,0,1,1,10,3,1,28,9,0,0,0,0,1,1,1,1,0,5,66,0,0,0,0,0,0,0,0,,,0,0,0,0,0,0,0,0,0,0,0,0,,,,0,0,0,0,0,0,0,,0,0,0,0,,0,0
00-0020022,M.Shipp,Marcel Shipp,RB,RB,"https://static.www.nfl.com/image/private/f_auto,q_auto/league/tfkcgmlkglg6polnzc",2007,REG,ARI,14,0,0,0,0,0,0,0,0,0,0,0,0,,,0,,15,41,1,0,0,5,-0.973698903486038,0,4,0,25,0,0,0,0,29,0,0.322342001250945,0,0,,0,,0,7,1,0,0,0,0,0,0,0,0,0,0,0,0,0,0,0,0,0,0,0,1,15,0,0,1,19,0,0,0,0,,,0,0,0,0,0,0,0,0,0,0,0,0,,,,0,0,0,0,0,0,0,,0,0,0,0,,12.6,16.6
00-0020025,L.Woods,LeVar Woods,LB,LB,"https://static.www.nfl.com/image/private/f_auto,q_auto/league/cdutg2bcyzyyiv2lbklk",2007,REG,TEN,3,0,0,0,0,0,0,0,0,0,0,0,0,,,0,,0,0,0,0,0,0,,0,0,0,0,0,0,0,0,0,0,,0,,,0,,0,3,1,0,0,0,0,0,0,0,0,0,0,0,0,0,0,0,0,0,0,0,1,10,0,0,0,0,0,0,0,0,,,0,0,0,0,0,0,0,0,0,0,0,0,,,,0,0,0,0,0,0,0,,0,0,0,0,,0,0
00-0020055,D.Evans,Demetric Evans,DE,DL,"https://static.www.nfl.com/image/private/f_auto,q_auto/league/twnzk2qbrmk1srtwtaou",2007,REG,WAS,14,0,0,0,0,0,0,0,0,0,0,0,0,,,0,,0,0,0,0,0,0,,0,0,0,0,0,0,0,0,0,0,,0,,,0,,0,13,5,7,0,0,1,1,9,3,0,0,3,0,0,0,0,0,0,0,0,0,0,0,0,0,0,0,0,0,0,0,,,0,0,0,0,0,0,0,0,0,0,0,0,,,,0,0,0,0,0,0,0,,0,0,0,0,,0,0
00-0020082,C.Iwuoma,Chidi Iwuoma,DB,DB,"https://static.www.nfl.com/image/private/f_auto,q_auto/league/iayo7ovtzwvyi4wkae6r",2007,REG,TEN,1,0,0,0,0,0,0,0,0,0,0,0,0,,,0,,0,0,0,0,0,0,,0,0,0,0,0,0,0,0,0,0,,0,,,0,,0,1,1,0,0,0,0,0,0,0,0,0,0,0,0,0,0,0,0,0,0,0,0,0,0,0,0,0,0,0,0,0,,,0,0,0,0,0,0,0,0,0,0,0,0,,,,0,0,0,0,0,0,0,,0,0,0,0,,0,0
00-0020107,N.Sorensen,Nick Sorensen,DB,DB,"https://static.www.nfl.com/image/private/f_auto,q_auto/league/km1gaw8ao10wbqcccwkk",2007,REG,CLE,6,0,0,0,0,0,0,0,0,0,0,0,0,,,0,,0,0,0,0,0,0,,0,0,0,0,0,0,0,0,0,0,,0,,0,0,0,0,9,2,2,0,0,1,0,0,0,0,0,0,0,0,0,0,0,0,0,0,0,0,0,0,0,0,0,0,0,0,0,,,0,0,0,0,0,0,0,0,0,0,0,0,,,,0,0,0,0,0,0,0,,0,0,0,0,,0,0
00-0020127,D.Wilcox,Daniel Wilcox,TE,TE,"https://static.www.nfl.com/image/private/f_auto,q_auto/league/trdtxmspysby0k7rui3w",2007,REG,BAL,5,0,0,0,0,0,0,0,0,0,0,0,0,,,0,,0,0,0,0,0,0,,0,6,0,18,1,0,0,0,-1,1,-0.853851406875254,0,0,,0,,0,3,0,1,0,0,1,0,0,0,0,0,0,0,0,0,0,0,0,0,0,0,2,20,0,0,0,0,0,0,0,0,,,0,0,0,0,0,0,0,0,0,0,0,0,,,,0,0,0,0,0,0,0,,0,0,0,0,,7.8,13.8
00-0020138,R.Seubert,Rich Seubert,G,OL,"https://static.www.nfl.com/image/private/f_auto,q_auto/league/rdaurhl9lkl6c8peede3",2007,REG,NYG,4,0,0,0,0,0,0,0,0,0,0,0,0,,,0,,0,0,0,0,0,0,,0,0,0,0,0,0,0,0,0,0,,0,,0,0,0,0,3,0,0,0,0,0,0,0,0,0,0,0,0,0,0,0,0,0,0,0,0,2,15,0,0,0,0,0,0,0,0,,,0,0,0,0,0,0,0,0,0,0,0,0,,,,0,0,0,0,0,0,0,,0,0,0,0,,0,0
00-0020139,J.Stamer,Josh Stamer,LB,LB,"https://static.www.nfl.com/image/private/f_auto,q_auto/league/nlo8dbw9f7fdve6smgqj",2007,REG,BUF,8,0,0,0,0,0,0,0,0,0,0,0,0,,,0,,0,0,0,0,0,0,,0,0,0,0,0,0,0,0,0,0,,0,,0,0,0,0,7,1,2,0,0,0,0,0,0,0,0,1,0,0,0,0,0,0,0,0,0,1,5,0,0,0,0,0,0,0,0,,,0,0,0,0,0,0,0,0,0,0,0,0,,,,0,0,0,0,0,0,0,,0,0,0,0,,0,0
00-0020199,B.Russell,Brian Russell,DB,DB,"https://static.www.nfl.com/image/private/f_auto,q_auto/league/uotrqywyp57c7jo1bqcm",2007,REG+POST,SEA,18,0,0,0,0,0,0,0,0,0,0,0,0,,,0,,0,0,0,0,0,0,,0,0,0,0,0,0,0,0,0,0,,0,,0,0,0,0,63,6,11,0,0,1,1,9,1,1,0,8,0,0,0,0,0,0,1,1,0,3,25,0,0,0,0,0,0,0,0,,,0,0,0,0,0,0,0,0,0,0,0,0,,,,0,0,0,0,0,0,0,,0,0,0,0,,0,0
00-0020260,R.Garza,Roberto Garza,C,OL,"https://static.www.nfl.com/image/private/f_auto,q_auto/league/izwsldfqkanajfzg6966",2007,REG,CHI,5,0,0,0,0,0,0,0,0,0,0,0,0,,,0,,0,0,0,0,0,0,,0,0,0,0,0,0,0,0,0,0,,0,,,0,,0,0,0,0,0,0,0,0,0,0,0,0,0,0,0,0,0,1,1,0,0,0,4,20,0,0,0,0,0,0,0,0,,,0,0,0,0,0,0,0,0,0,0,0,0,,,,0,0,0,0,0,0,0,,0,0,0,0,,0,0
00-0020262,K.Forney,Kynan Forney,G,OL,"https://static.www.nfl.com/image/private/f_auto,q_auto/league/jgshrr5czbwcmlunwquf",2007,REG,ATL,5,0,0,0,0,0,0,0,0,0,0,0,0,,,0,,0,0,0,0,0,0,,0,0,0,0,0,0,0,0,0,0,,0,,0,0,0,0,0,0,0,0,0,0,0,0,0,0,0,0,0,0,0,0,1,1,0,0,0,6,36,0,0,0,0,0,0,0,0,,,0,0,0,0,0,0,0,0,0,0,0,0,,,,0,0,0,0,0,0,0,,0,0,0,0,,0,0
00-0020267,N.Harris,Nick Harris,P,SPEC,"https://static.www.nfl.com/image/private/f_auto,q_auto/league/ko6iq143yffkkrsidnyh",2007,REG,DET,16,0,0,0,0,0,0,0,0,0,0,0,0,,,0,,0,0,0,0,0,0,,0,0,0,0,0,0,0,0,0,0,,0,,,0,,0,0,0,0,0,0,0,0,0,0,0,0,0,0,0,0,0,0,0,0,0,0,0,0,0,0,0,0,0,0,0,0,,,0,0,0,0,0,0,0,0,0,0,0,0,,,,0,0,0,0,0,0,0,,0,0,0,0,,0,0
00-0020268,T.Stewart,Tony Stewart,TE,TE,"https://static.www.nfl.com/image/private/f_auto,q_auto/league/fmhxtotsvsm9sbwaohsp",2007,REG,LV,6,0,0,0,0,0,0,0,0,0,0,0,0,,,0,,0,0,0,0,0,0,,0,0,0,0,0,0,0,0,0,0,,0,,,0,,0,6,0,0,0,0,0,0,0,0,0,0,0,0,0,0,0,0,0,0,0,0,1,5,0,0,0,0,0,0,0,0,,,0,0,0,0,0,0,0,0,0,0,0,0,,,,0,0,0,0,0,0,0,,0,0,0,0,,0,0
00-0020270,C.Buckhalter,Correll Buckhalter,RB,RB,"https://static.www.nfl.com/image/private/f_auto,q_auto/league/p4vivjprh7wfmr6powdk",2007,REG,PHI,14,0,0,0,0,0,0,0,0,0,0,0,0,,,0,,62,313,4,0,0,17,6.33929939146037,0,12,0,87,0,0,0,0,83,7,5.54969126379001,0,0,0,0,0,0,0,0,0,0,0,0,0,0,0,0,0,0,0,0,0,0,0,0,0,0,0,0,0,0,0,37,797,0,0,0,0,,,0,0,0,0,0,0,0,0,0,0,0,0,,,,0,0,0,0,0,0,0,,0,0,0,0,,64,76
00-0020280,M.McCree,Marlon McCree,FS,DB,"https://static.www.nfl.com/image/private/f_auto,q_auto/league/kkbnusyqup9mkroaq5rr",2007,REG+POST,LAC,18,0,0,0,0,0,0,0,0,0,0,0,0,,,0,,0,0,0,0,0,0,,0,0,0,0,0,0,0,0,0,0,,0,,,0,,0,45,14,20,0,0,1,0,0,1,3,20,7,0,0,0,0,0,0,2,2,0,4,70,0,0,0,0,0,0,0,0,,,0,0,0,0,0,0,0,0,0,0,0,0,,,,0,0,0,0,0,0,0,,0,0,0,0,,0,0
00-0020285,A.Crumpler,Alge Crumpler,TE,TE,"https://static.www.nfl.com/image/private/f_auto,q_auto/league/yab733efwacdujnhngly",2007,REG,ATL,13,0,0,0,0,0,0,0,0,0,0,0,0,,,0,,0,0,0,0,0,0,,0,42,1,444,5,0,0,9,290,22,35.7936054551392,0,49.3333333333333,1,0.00233826968043648,1.50163678877631,0,0,0,0,0,0,0,0,0,0,0,0,0,0,0,0,0,0,0,0,0,0,0,0,0,0,0,0,0,0,0,0,,,0,0,0,0,0,0,0,0,0,0,0,0,,,,0,0,0,0,0,0,0,,0,0,0,0,,74.4,116.4
00-0020286,R.Edwards,Ron Edwards,DT,DL,"https://static.www.nfl.com/image/private/f_auto,q_auto/league/thplbu390y3b0fzum1xq",2007,REG,KC,15,0,0,0,0,0,0,0,0,0,0,0,0,,,0,,0,0,0,0,0,0,,0,0,0,0,0,0,0,0,0,0,,0,,,0,,0,20,3,3,0,0,0,3,13,6,0,0,1,0,0,0,0,0,0,1,1,0,1,5,0,0,0,0,0,0,0,0,,,0,0,0,0,0,0,0,0,0,0,0,0,,,,0,0,0,0,0,0,0,,0,0,0,0,,0,0
00-0020299,R.Bailey,Rodney Bailey,DE,DL,"https://static.www.nfl.com/image/private/f_auto,q_auto/league/ikdvjbolslbk20luboqo",2007,REG,ARI,11,0,0,0,0,0,0,0,0,0,0,0,0,,,0,,0,0,0,0,0,0,,0,0,0,0,0,0,0,0,0,0,,0,,,0,,0,6,3,5,0,0,0,0,0,0,0,0,0,0,0,0,0,0,0,0,0,0,0,0,0,0,0,0,0,0,0,0,,,0,0,0,0,0,0,0,0,0,0,0,0,,,,0,0,0,0,0,0,0,,0,0,0,0,,0,0
00-0020301,R.Hill,Renaldo Hill,S,DB,"https://static.www.nfl.com/image/private/f_auto,q_auto/league/rorxarsqgaxn4ptdxemq",2007,REG,MIA,7,0,0,0,0,0,0,0,0,0,0,0,0,,,0,,0,0,0,0,0,0,,0,0,0,0,0,0,0,0,0,0,,0,,,0,,0,20,6,6,0,0,1,0,0,0,1,24,2,0,0,0,0,0,0,0,0,0,0,0,0,0,0,0,0,0,0,0,,,0,0,0,0,0,0,0,0,0,0,0,0,,,,0,0,0,0,0,0,0,,0,0,0,0,,0,0
00-0020305,A.Feeley,A.J. Feeley,QB,QB,"https://static.www.nfl.com/image/private/f_auto,q_auto/league/bszdpaemb7klxpgf2vkx",2007,REG,PHI,3,59,103,681,5,8,3,-10,1,0,999,270,34,-7.33649358951996,-0.413478004563715,0,0.681681681681682,7,23,0,0,0,2,1.45049383561127,0,0,0,0,0,0,0,0,0,0,,0,,0,0,0,0,0,0,0,0,0,0,0,0,0,0,0,0,0,0,0,0,1,1,0,0,0,0,0,0,0,0,0,0,0,0,0,,,0,0,0,0,0,0,0,0,0,0,0,0,,,,0,0,0,0,0,0,0,,0,0,0,0,,33.54,33.54
00-0020317,K.Bell,Kendrell Bell,OLB,LB,"https://static.www.nfl.com/image/private/f_auto,q_auto/league/gxzzsfqffovspidmvrzi",2007,REG,KC,4,0,0,0,0,0,0,0,0,0,0,0,0,,,0,,0,0,0,0,0,0,,0,0,0,0,0,0,0,0,0,0,,0,,,0,,0,6,0,2,0,0,0,0,0,0,0,0,0,0,0,0,0,0,0,0,0,0,0,0,0,0,0,0,0,0,0,0,,,0,0,0,0,0,0,0,0,0,0,0,0,,,,0,0,0,0,0,0,0,,0,0,0,0,,0,0
00-0020329,A.Henry,Anthony Henry,CB,DB,"https://static.www.nfl.com/image/private/f_auto,q_auto/league/sbuyjkxuhatwtuj0kwma",2007,REG+POST,DAL,14,0,0,0,0,0,0,0,0,0,0,0,0,,,0,,0,0,0,0,0,0,,0,0,0,0,0,0,0,0,0,0,,0,,,0,,0,34,0,7,0,0,0,0,0,0,6,81,13,1,0,0,0,0,0,0,0,0,3,21,0,0,0,0,0,0,0,0,,,0,0,0,0,0,0,0,0,0,0,0,0,,,,0,0,0,0,0,0,0,,0,0,0,0,,0,0
00-0020332,D.Martin,David Martin,TE,TE,"https://static.www.nfl.com/image/private/f_auto,q_auto/league/zwwasokh3wrsi5m3byiw",2007,REG,MIA,14,0,0,0,0,0,0,0,0,0,0,0,0,,,0,,0,0,0,0,0,0,,0,34,0,303,2,0,0,0,74,16,18.6724915398709,0,0,,0,,0,1,0,0,0,0,0,0,0,0,0,0,0,0,0,0,0,0,0,0,0,0,1,5,0,0,0,0,0,0,0,0,,,0,0,0,0,0,0,0,0,0,0,0,0,,,,0,0,0,0,0,0,0,,0,0,0,0,,42.3,76.3
00-0020337,S.Smith,Steve Smith,WR,WR,"https://static.www.nfl.com/image/private/f_auto,q_auto/league/k23e0b8cto93he9rt0zc",2007,REG,CAR,15,0,0,0,0,0,0,0,0,0,0,0,0,,,0,,9,66,0,0,0,4,3.71137134192911,0,87,0,1002,7,1,1,0,453,45,80.2783895713219,0,0,0,0,0,0,3,0,0,0,0,0,0,0,0,0,0,0,0,0,0,0,0,0,0,0,0,1,10,2,7,0,0,0,0,0,0,,,0,0,0,0,0,0,0,0,0,0,0,0,,,,0,0,0,0,0,0,0,,0,0,0,0,,146.8,233.8
00-0020339,C.Polk,Carlos Polk,LB,LB,"https://static.www.nfl.com/image/private/f_auto,q_auto/league/a1mbzcmnfat5nzqlvxvp",2007,REG,LAC,9,0,0,0,0,0,0,0,0,0,0,0,0,,,0,,0,0,0,0,0,0,,0,0,0,0,0,0,0,0,0,0,,0,,,0,,0,14,5,4,0,0,1,1,4,1,0,0,1,0,0,0,0,0,0,0,0,0,2,15,0,0,0,0,0,0,0,0,,,0,0,0,0,0,0,0,0,0,0,0,0,,,,0,0,0,0,0,0,0,,0,0,0,0,,0,0
00-0020342,B.Manumaleuna,Brandon Manumaleuna,TE,TE,"https://static.www.nfl.com/image/private/f_auto,q_auto/league/pea5lmdbjmnnjwqxgobi",2007,REG+POST,LAC,11,0,0,0,0,0,0,0,0,0,0,0,0,,,0,,0,0,0,0,0,0,,0,13,0,107,1,0,0,0,72,4,7.84801819056889,0,0,,0,,0,1,0,0,0,0,0,0,0,0,0,0,0,0,0,0,0,0,0,0,0,0,2,15,0,0,1,6,0,0,0,0,,,0,0,0,0,0,0,0,0,0,0,0,0,,,,0,0,0,0,0,0,0,,0,0,0,0,,16.7,29.7
00-0020344,B.Gorin,Brandon Gorin,OT,OL,"https://static.www.nfl.com/image/private/f_auto,q_auto/league/vupjuthnqt1hzxyj9rwy",2007,REG,LA,2,0,0,0,0,0,0,0,0,0,0,0,0,,,0,,0,0,0,0,0,0,,0,0,0,0,0,0,0,0,0,0,,0,,,0,,0,1,0,0,0,0,0,0,0,0,0,0,0,0,0,0,0,0,0,0,0,0,1,5,0,0,0,0,0,0,0,0,,,0,0,0,0,0,0,0,0,0,0,0,0,,,,0,0,0,0,0,0,0,,0,0,0,0,,0,0
00-0020347,J.Jennings,Jonas Jennings,OT,OL,"https://static.www.nfl.com/image/private/f_auto,q_auto/league/p1dlhq9oew2zbuwhe8xm",2007,REG,SF,3,0,0,0,0,0,0,0,0,0,0,0,0,,,0,,0,0,0,0,0,0,,0,0,0,0,0,0,0,0,0,0,,0,,0,0,0,0,0,0,0,0,0,0,0,0,0,0,0,0,0,0,0,0,1,1,0,0,0,4,36,0,0,0,0,0,0,0,0,,,0,0,0,0,0,0,0,0,0,0,0,0,,,,0,0,0,0,0,0,0,,0,0,0,0,,0,0
00-0020354,J.Butler,Jerametrius Butler,DB,DB,"https://static.www.nfl.com/image/private/f_auto,q_auto/league/j3jgkqwavx46akp0kjth",2007,REG,BUF,4,0,0,0,0,0,0,0,0,0,0,0,0,,,0,,0,0,0,0,0,0,,0,0,0,0,0,0,0,0,0,0,,0,,0,0,0,0,11,1,3,0,0,0,0,0,0,0,0,2,0,0,0,0,0,0,0,0,0,1,15,0,0,0,0,0,0,0,0,,,0,0,0,0,0,0,0,0,0,0,0,0,,,,0,0,0,0,0,0,0,,0,0,0,0,,0,0
00-0020355,J.Reed,James Reed,DT,DL,"https://static.www.nfl.com/image/private/f_auto,q_auto/league/q2n7lo3aeigmmbw222f3",2007,REG,KC,3,0,0,0,0,0,0,0,0,0,0,0,0,,,0,,0,0,0,0,0,0,,0,0,0,0,0,0,0,0,0,0,,0,,,0,,0,2,1,0,0,0,0,0,0,1,0,0,0,0,0,0,0,0,0,0,0,0,0,0,0,0,0,0,0,0,0,0,,,0,0,0,0,0,0,0,0,0,0,0,0,,,,0,0,0,0,0,0,0,,0,0,0,0,,0,0
00-0020369,D.Norman,Dennis Norman,OT,OL,"https://static.www.nfl.com/image/private/f_auto,q_auto/league/revxluykg4ncm5knvzkj",2007,REG,JAX,3,0,0,0,0,0,0,0,0,0,0,0,0,,,0,,0,0,0,0,0,0,,0,0,0,0,0,0,0,0,0,0,,0,,,0,,0,0,0,0,0,0,0,0,0,0,0,0,0,0,0,0,0,1,1,0,0,0,3,20,0,0,0,0,0,0,0,0,,,0,0,0,0,0,0,0,0,0,0,0,0,,,,0,0,0,0,0,0,0,,0,0,0,0,,0,0
00-0020380,K.Jenkins,Kris Jenkins,NT,DL,"https://static.www.nfl.com/image/private/f_auto,q_auto/league/i1wblnr7diovr3mqpyup",2007,REG,CAR,16,0,0,0,0,0,0,0,0,0,0,0,0,,,0,,0,0,0,0,0,0,,0,0,0,0,0,0,0,0,0,0,,0,,0,0,0,0,21,9,8,0,0,0,2.5,20.5,7,0,0,1,0,0,0,0,0,0,0,0,0,8,49,0,0,0,0,0,0,0,0,,,0,0,0,0,0,0,0,0,0,0,0,0,,,,0,0,0,0,0,0,0,,0,0,0,0,,0,0
00-0020381,J.McCareins,Justin McCareins,WR,WR,"https://static.www.nfl.com/image/private/f_auto,q_auto/league/yyrg4hnj9ra3ze1o43zs",2007,REG,NYJ,11,0,0,0,0,0,0,0,0,0,0,0,0,,,0,,0,0,0,0,0,0,,0,19,0,232,0,0,0,0,38,13,16.7285659984918,0,0,,0,,0,0,1,0,0,0,0,0,0,0,0,0,0,0,0,0,0,0,0,0,0,0,1,4,0,0,2,15,0,0,0,0,,,0,0,0,0,0,0,0,0,0,0,0,0,,,,0,0,0,0,0,0,0,,0,0,0,0,,23.2,42.2
00-0020382,K.Vanden Bosch,Kyle Vanden Bosch,DE,DL,"https://static.www.nfl.com/image/private/f_auto,q_auto/league/iemjkelcxy1tta0ybtzc",2007,REG+POST,TEN,17,0,0,0,0,0,0,0,0,0,0,0,0,,,0,,0,0,0,0,0,0,,0,0,0,0,0,0,0,0,0,0,,0,,,0,,0,37,11,14,0,0,4,12,71,31,0,0,3,0,0,0,0,0,0,0,0,0,3,25,0,0,0,0,0,0,0,0,,,0,0,0,0,0,0,0,0,0,0,0,0,,,,0,0,0,0,0,0,0,,0,0,0,0,,0,0
00-0020384,W.James,William James,DB,DB,"https://static.www.nfl.com/image/private/f_auto,q_auto/league/y2a9kjztiuapqh2zu3we",2007,REG,PHI,10,0,0,0,0,0,0,0,0,0,0,0,0,,,0,,0,0,0,0,0,0,,0,0,0,0,0,0,0,0,0,0,,0,,0,0,0,0,20,5,6,0,0,0,0,0,0,1,0,3,0,0,0,0,0,0,0,0,0,4,47,0,0,0,0,0,0,0,0,,,0,0,0,0,0,0,0,0,0,0,0,0,,,,0,0,0,0,0,0,0,,0,0,0,0,,0,0
00-0020385,D.Smith,Dwight Smith,S,DB,"https://static.www.nfl.com/image/private/f_auto,q_auto/league/af1npgqkmkdzumib2buu",2007,REG,MIN,14,0,0,0,0,0,0,0,0,0,0,0,0,,,0,,0,0,0,0,0,0,,0,0,0,0,0,0,0,0,0,0,,0,,,0,,0,39,5,7,0,0,1,0,0,1,4,112,9,1,0,0,0,0,0,0,0,0,2,6,0,0,0,0,0,0,0,0,,,0,0,0,0,0,0,0,0,0,0,0,0,,,,0,0,0,0,0,0,0,,0,0,0,0,,0,0
00-0020389,R.Hochstein,Russ Hochstein,C,OL,"https://static.www.nfl.com/image/private/f_auto,q_auto/league/akdhn3d55ygxjkxbisgf",2007,REG+POST,NE,2,0,0,0,0,0,0,0,0,0,0,0,0,,,0,,0,0,0,0,0,0,,0,0,0,0,0,0,0,0,0,0,,0,,,0,,0,0,0,0,0,0,0,0,0,0,0,0,0,0,0,0,0,0,0,0,0,0,2,15,0,0,0,0,0,0,0,0,,,0,0,0,0,0,0,0,0,0,0,0,0,,,,0,0,0,0,0,0,0,,0,0,0,0,,0,0
00-0020391,J.Cook,Jameel Cook,RB,RB,"https://static.www.nfl.com/image/private/f_auto,q_auto/league/ysfgk2cbvrffk27enxjq",2007,REG,HOU,11,0,0,0,0,0,0,0,0,0,0,0,0,,,0,,8,24,0,0,0,2,-2.14963151444681,0,8,0,40,0,0,0,0,23,2,-1.48301883530803,0,0,0,0,0,0,11,1,2,0,0,0,0,0,0,0,0,0,0,0,0,0,0,0,0,0,0,0,0,0,0,2,33,0,0,0,0,,,0,0,0,0,0,0,0,0,0,0,0,0,,,,0,0,0,0,0,0,0,,0,0,0,0,,6.4,14.4
00-0020392,E.Wyms,Ellis Wyms,DT,DL,"https://static.www.nfl.com/image/private/f_auto,q_auto/league/z2pgg9sh2jhi2cyqrgrx",2007,REG+POST,SEA,10,0,0,0,0,0,0,0,0,0,0,0,0,,,0,,0,0,0,0,0,0,,0,0,0,0,0,0,0,0,0,0,,0,,0,0,0,0,8,0,3,0,0,0,2,12,6,0,0,0,0,0,0,0,0,0,0,0,0,1,2,0,0,0,0,0,0,0,0,,,0,0,0,0,0,0,0,0,0,0,0,0,,,,0,0,0,0,0,0,0,,0,0,0,0,,0,0
00-0020397,C.Johnson,Chad Johnson,WR,WR,"https://static.www.nfl.com/image/private/f_auto,q_auto/league/mgqjdvtaexisxrtayew2",2007,REG,CIN,16,0,0,0,0,0,0,0,0,0,0,0,0,,,0,,6,47,0,0,0,2,1.99889092118246,0,93,0,1440,8,2,1,0,411,75,126.407626206288,0,0,,0,,0,0,0,0,0,0,0,0,0,0,0,0,0,0,0,0,0,0,0,0,0,0,3,25,0,0,0,0,0,0,0,0,,,0,0,0,0,0,0,0,0,0,0,0,0,,,,0,0,0,0,0,0,0,,0,0,0,0,,194.7,287.7
00-0020399,R.Diem,Ryan Diem,G,OL,"https://static.www.nfl.com/image/private/f_auto,q_auto/league/zx3jl1o1zpdtzhkwfitx",2007,REG+POST,IND,7,0,0,0,0,0,0,0,0,0,0,0,0,,,0,,0,0,0,0,0,0,,0,0,0,0,0,0,0,0,0,0,,0,,,0,,0,0,0,1,0,0,0,0,0,0,0,0,0,0,0,0,0,0,0,0,0,0,8,60,0,0,0,0,0,0,0,0,,,0,0,0,0,0,0,0,0,0,0,0,0,,,,0,0,0,0,0,0,0,,0,0,0,0,,0,0
00-0020402,J.Tafoya,Joe Tafoya,DE,DL,"https://static.www.nfl.com/image/private/f_auto,q_auto/league/grmofxu4wmclptam4pue",2007,REG,ARI,8,0,0,0,0,0,0,0,0,0,0,0,0,,,0,,0,0,0,0,0,0,,0,0,0,0,0,0,0,0,0,0,,0,,,0,,0,12,6,2,0,0,0,2,9,3,0,0,1,0,0,0,0,0,0,0,0,0,2,10,0,0,0,0,0,0,0,0,,,0,0,0,0,0,0,0,0,0,0,0,0,,,,0,0,0,0,0,0,0,,0,0,0,0,,0,0
00-0020403,An.Thomas,Anthony Thomas,RB,RB,"https://static.www.nfl.com/image/private/f_auto,q_auto/league/ptc0qke4gckl4hfhl9l3",2007,REG,BUF,9,0,0,0,0,0,0,0,0,0,0,0,0,,,0,,36,89,0,0,0,4,-8.45871818506647,0,15,0,95,1,0,0,0,107,3,4.84628409933066,0,0,0,0,0,0,1,0,0,0,0,0,0,0,0,0,0,0,0,0,0,0,2,2,0,0,0,0,0,0,0,2,26,0,0,0,0,,,0,0,0,0,0,0,0,0,0,0,0,0,,,,0,0,0,0,0,0,0,,0,0,0,0,,24.4,39.4
00-0020406,M.Gandy,Mike Gandy,OT,OL,"https://static.www.nfl.com/image/private/f_auto,q_auto/league/ichnba4lfh9a2rmwkchz",2007,REG,ARI,8,0,0,0,0,0,0,0,0,0,0,0,0,,,0,,0,0,0,0,0,0,,0,0,0,0,0,0,0,0,0,0,,0,,,0,,0,1,0,0,0,0,0,0,0,0,0,0,0,0,0,0,0,1,1,0,0,0,8,60,0,0,0,0,0,0,0,0,,,0,0,0,0,0,0,0,0,0,0,0,0,,,,0,0,0,0,0,0,0,,0,0,0,0,,0,0
00-0020407,R.Johnson,Rudi Johnson,RB,RB,"https://static.www.nfl.com/image/private/f_auto,q_auto/league/pfwo9gloprqlabfkflft",2007,REG,CIN,11,0,0,0,0,0,0,0,0,0,0,0,0,,,0,,170,497,3,3,2,26,-36.8191121738321,1,13,0,110,1,0,0,0,122,3,6.78428078297293,0,0,,0,,0,0,0,0,0,0,0,0,0,0,0,0,0,0,0,0,0,0,0,0,0,0,1,5,0,0,0,0,0,0,0,0,,,0,0,0,0,0,0,0,0,0,0,0,0,,,,0,0,0,0,0,0,0,,0,0,0,0,,82.7,95.7
00-0020409,J.Cooper,Jarrod Cooper,DB,DB,"https://static.www.nfl.com/image/private/f_auto,q_auto/league/lemop2mcjmdr22nwrjtf",2007,REG,LV,5,0,0,0,0,0,0,0,0,0,0,0,0,,,0,,0,0,0,0,0,0,,0,0,0,0,0,0,0,0,0,0,,0,,,0,,0,5,0,1,0,0,0,0,0,0,0,0,0,0,0,0,0,0,0,1,1,0,2,22,0,0,0,0,0,0,0,0,,,0,0,0,0,0,0,0,0,0,0,0,0,,,,0,0,0,0,0,0,0,,0,0,0,0,,0,0
00-0020414,T.Sands,Terdell Sands,DT,DL,"https://static.www.nfl.com/image/private/f_auto,q_auto/league/mqzyozt9ps39cxgj0fib",2007,REG,LV,13,0,0,0,0,0,0,0,0,0,0,0,0,,,0,,0,0,0,0,0,0,,0,0,0,0,0,0,0,0,0,0,,0,,,0,,0,12,5,6,0,0,0,0,0,0,0,0,2,0,0,0,0,0,0,0,0,0,0,0,0,0,0,0,0,0,0,0,,,0,0,0,0,0,0,0,0,0,0,0,0,,,,0,0,0,0,0,0,0,,0,0,0,0,,0,0
00-0020420,M.Lehr,Matt Lehr,C,OL,"https://static.www.nfl.com/image/private/f_auto,q_auto/league/wiinggitrgnpilkybox7",2007,REG,TB,2,0,0,0,0,0,0,0,0,0,0,0,0,,,0,,0,0,0,0,0,0,,0,0,0,0,0,0,0,0,0,0,,0,,0,0,0,0,1,0,0,0,0,0,0,0,0,0,0,0,0,0,0,0,0,0,0,0,0,1,5,0,0,0,0,0,0,0,0,,,0,0,0,0,0,0,0,0,0,0,0,0,,,,0,0,0,0,0,0,0,,0,0,0,0,,0,0
00-0020422,C.Cooper,Chris Cooper,DE,DL,"https://static.www.nfl.com/image/private/f_auto,q_auto/league/t2agh6lnxp1qtmokggl1",2007,REG,ARI,5,0,0,0,0,0,0,0,0,0,0,0,0,,,0,,0,0,0,0,0,0,,0,0,0,0,0,0,0,0,0,0,,0,,,0,,0,5,1,0,0,0,0,0,0,0,0,0,0,0,0,0,0,0,0,0,0,0,0,0,0,0,0,0,0,0,0,0,,,0,0,0,0,0,0,0,0,0,0,0,0,,,,0,0,0,0,0,0,0,,0,0,0,0,,0,0
00-0020426,C.Hampton,Casey Hampton,NT,DL,"https://static.www.nfl.com/image/private/f_auto,q_auto/league/vt2lttra7hvpasnizff7",2007,REG+POST,PIT,14,0,0,0,0,0,0,0,0,0,0,0,0,,,0,,0,0,0,0,0,0,,0,0,0,0,0,0,0,0,0,0,,0,,,0,,0,6,12,18,0,0,0,0.5,4.5,1,0,0,0,0,0,0,0,0,0,0,0,0,4,16,0,0,0,0,0,0,0,0,,,0,0,0,0,0,0,0,0,0,0,0,0,,,,0,0,0,0,0,0,0,,0,0,0,0,,0,0
00-0020428,R.Ferguson,Robert Ferguson,WR,WR,"https://static.www.nfl.com/image/private/f_auto,q_auto/league/wlfcyn3yaavqmisdzthr",2007,REG,MIN,11,0,0,0,0,0,0,0,0,0,0,0,0,,,0,,0,0,0,0,0,0,,0,32,0,391,1,0,0,0,153,19,28.9163522548624,0,0,,0,,0,1,0,0,0,0,0,0,0,0,0,0,0,0,0,0,0,0,0,0,0,0,0,0,0,0,0,0,0,0,0,0,,,0,0,0,0,0,0,0,0,0,0,0,0,,,,0,0,0,0,0,0,0,,0,0,0,0,,45.1,77.1
00-0020434,C.Weinke,Chris Weinke,QB,QB,"https://static.www.nfl.com/image/private/f_auto,q_auto/league/vxvuxyebud8nijct31u3",2007,REG,SF,1,13,22,104,1,0,5,-31,0,0,156,75,6,-9.96423631889047,0.600859726017172,0,0.666666666666667,0,0,0,0,0,0,,0,0,0,0,0,0,0,0,0,0,,0,,0,0,0,0,0,0,0,0,0,0,0,0,0,0,0,0,0,0,0,0,0,0,0,0,0,0,0,0,0,0,0,0,0,0,0,,,0,0,0,0,0,0,0,0,0,0,0,0,,,,0,0,0,0,0,0,0,,0,0,0,0,,8.16,8.16
00-0020438,T.Houshmandzadeh,T.J. Houshmandzadeh,WR,WR,"https://static.www.nfl.com/image/private/f_auto,q_auto/league/xzweze3xpqyunduqboal",2007,REG,CIN,16,0,0,0,0,0,0,0,0,0,0,0,0,,,0,,5,14,0,0,0,0,-0.895310145802796,0,112,0,1143,12,2,1,0,415,70,99.2076486439037,0,0,,0,,0,8,0,0,0,0,0,0,0,0,0,0,0,0,0,0,0,0,0,0,0,0,5,40,0,0,0,0,0,0,0,0,,,0,0,0,0,0,0,0,0,0,0,0,0,,,,0,0,0,0,0,0,0,,0,0,0,0,,185.7,297.7
00-0020442,R.Seymour,Richard Seymour,DT,DL,"https://static.www.nfl.com/image/private/f_auto,q_auto/league/wghnilvp2e4nbzhfsxpl",2007,REG+POST,NE,10,0,0,0,0,0,0,0,0,0,0,0,0,,,0,,0,0,0,0,0,0,,0,0,0,0,0,0,0,0,0,0,,0,,,0,,0,9,13,15,0,0,0,1.5,14.5,6,0,0,1,0,0,0,0,0,0,0,0,0,1,4,0,0,0,0,0,0,0,0,,,0,0,0,0,0,0,0,0,0,0,0,0,,,,0,0,0,0,0,0,0,,0,0,0,0,,0,0
00-0020443,D.Morgan,Dan Morgan,MLB,LB,"https://static.www.nfl.com/image/private/f_auto,q_auto/league/o4psq5nqkbkmz4zdishi",2007,REG,CAR,3,0,0,0,0,0,0,0,0,0,0,0,0,,,0,,0,0,0,0,0,0,,0,0,0,0,0,0,0,0,0,0,,0,,0,0,0,0,13,3,6,0,0,0,0,0,0,0,0,1,0,0,0,0,0,0,0,0,0,1,15,0,0,0,0,0,0,0,0,,,0,0,0,0,0,0,0,0,0,0,0,0,,,,0,0,0,0,0,0,0,,0,0,0,0,,0,0
00-0020444,J.Backus,Jeff Backus,OT,OL,"https://static.www.nfl.com/image/private/f_auto,q_auto/league/hwweedopcfycbgeubta3",2007,REG,DET,6,0,0,0,0,0,0,0,0,0,0,0,0,,,0,,0,0,0,0,0,0,,0,0,0,0,0,0,0,0,0,0,,0,,,0,,0,1,0,0,0,0,0,0,0,0,0,0,0,0,0,0,0,1,1,0,0,0,6,40,0,0,0,0,0,0,0,0,,,0,0,0,0,0,0,0,0,0,0,0,0,,,,0,0,0,0,0,0,0,,0,0,0,0,,0,0
00-0020445,D.Raiola,Dominic Raiola,C,OL,"https://static.www.nfl.com/image/private/f_auto,q_auto/league/acgwcsrpwwvaa813c6mv",2007,REG,DET,3,0,0,0,0,0,0,0,0,0,0,0,0,,,0,,0,0,0,0,0,0,,0,0,0,0,0,0,0,0,0,0,,0,,,0,,0,1,0,0,0,0,0,0,0,0,0,0,0,0,0,0,0,0,0,0,0,0,3,26,0,0,0,0,0,0,0,0,,,0,0,0,0,0,0,0,0,0,0,0,0,,,,0,0,0,0,0,0,0,,0,0,0,0,,0,0
00-0020446,C.Chambers,Chris Chambers,WR,WR,"https://static.www.nfl.com/image/private/f_auto,q_auto/league/gdsezycexvr0esyddrqf",2007,REG+POST,LAC,19,0,0,0,0,0,0,0,0,0,0,0,0,,,0,,3,12,0,0,0,0,-0.166565062652808,0,82,0,1248,5,1,0,0,180,59,112.214365678895,0,0,,0,,0,6,0,0,0,0,0,0,0,0,0,0,0,0,0,0,0,0,0,0,0,0,5,31,0,0,0,0,0,0,0,0,,,0,0,0,0,0,0,0,0,0,0,0,0,,,,0,0,0,0,0,0,0,,0,0,0,0,,156,238
00-0020448,T.Minor,Travis Minor,RB,RB,"https://static.www.nfl.com/image/private/f_auto,q_auto/league/k8vrb6ttr62ebieqpqxl",2007,REG,LA,13,0,0,0,0,0,0,0,0,0,0,0,0,,,0,,17,68,0,0,0,3,-1.22198969568126,0,12,0,86,0,0,0,0,65,5,1.74807525873451,0,0,,0,,0,12,0,0,0,0,0,0,0,0,0,0,0,0,0,0,0,0,0,0,0,0,0,0,0,0,2,24,0,0,0,0,,,0,0,0,0,0,0,0,0,0,0,0,0,,,,0,0,0,0,0,0,0,,0,0,0,0,,15.4,27.4
00-0020449,M.Greenwood,Morlon Greenwood,OLB,LB,"https://static.www.nfl.com/image/private/f_auto,q_auto/league/gygcedoufknizvmzq2ud",2007,REG,HOU,16,0,0,0,0,0,0,0,0,0,0,0,0,,,0,,0,0,0,0,0,0,,0,0,0,0,0,0,0,0,0,0,,0,,0,0,0,0,63,27,28,0,0,1,1,8,2,1,3,4,0,0,0,0,0,0,0,0,0,1,5,0,0,0,0,0,0,0,0,,,0,0,0,0,0,0,0,0,0,0,0,0,,,,0,0,0,0,0,0,0,,0,0,0,0,,0,0
00-0020450,C.Rabach,Casey Rabach,C,OL,"https://static.www.nfl.com/image/private/f_auto,q_auto/league/n7jysra8vfaxyjff8fxq",2007,REG,WAS,6,0,0,0,0,0,0,0,0,0,0,0,0,,,0,,0,0,0,0,0,0,,0,0,0,0,0,0,0,0,0,0,,0,,,0,,0,2,0,0,0,0,0,0,0,0,0,0,0,0,0,0,0,0,1,0,0,0,5,40,0,0,0,0,0,0,0,0,,,0,0,0,0,0,0,0,0,0,0,0,0,,,,0,0,0,0,0,0,0,,0,0,0,0,,0,0
00-0020451,P.Chukwurah,Patrick Chukwurah,LB,LB,"https://static.www.nfl.com/image/private/f_auto,q_auto/league/x9og1mc84syboxyb3zys",2007,REG+POST,TB,8,0,0,0,0,0,0,0,0,0,0,0,0,,,0,,0,0,0,0,0,0,,0,0,0,0,0,0,0,0,0,0,,0,,0,0,0,0,8,4,1,0,0,0,1,7,2,0,0,0,0,0,0,0,0,0,1,1,0,1,10,0,0,0,0,0,0,0,0,,,0,0,0,0,0,0,0,0,0,0,0,0,,,,0,0,0,0,0,0,0,,0,0,0,0,,0,0
00-0020452,C.Wilson,Cedrick Wilson,WR,WR,"https://static.www.nfl.com/image/private/f_auto,q_auto/league/nocwjs6usj2ytmpblq6p",2007,REG+POST,PIT,12,0,0,0,0,0,0,0,0,0,0,0,0,1.053,,1,,2,37,0,0,0,1,2.70388635993004,0,19,0,217,1,0,0,0,42,14,26.326436135103,0,0,,0,,0,0,0,0,0,0,0,0,0,0,0,0,0,0,0,0,0,0,0,0,0,0,1,10,3,14,0,0,0,0,0,0,,,0,0,0,0,0,0,0,0,0,0,0,0,,,,0,0,0,0,0,0,0,,0,0,0,0,,33.4,52.4
00-0020455,E.Johnson,Eric Johnson,TE,TE,"https://static.www.nfl.com/image/private/f_auto,q_auto/league/nzmj7kfpoxygzf2r2ult",2007,REG,NO,14,0,0,0,0,0,0,0,0,0,0,0,0,,,0,,0,0,0,0,0,0,,0,48,1,378,2,1,0,9,129,19,25.5822981823003,0,42,0.5,0.00201838977349181,0.751412872841444,0,2,0,0,0,0,0,0,0,0,0,0,0,0,0,0,0,3,3,0,0,0,5,38,0,0,0,0,0,0,0,0,,,0,0,0,0,0,0,0,0,0,0,0,0,,,,0,0,0,0,0,0,0,,0,0,0,0,,49.8,97.8
00-0020457,S.Neal,Stephen Neal,G,OL,"https://static.www.nfl.com/image/private/f_auto,q_auto/league/fsq7afsys6d8hqz5ia49",2007,REG+POST,NE,4,0,0,0,0,0,0,0,0,0,0,0,0,,,0,,0,0,0,0,0,0,,0,0,0,0,0,0,0,0,0,0,,0,,,0,,0,0,0,0,0,0,0,0,0,0,0,0,0,0,0,0,0,0,0,0,0,0,4,40,0,0,0,0,0,0,0,0,,,0,0,0,0,0,0,0,0,0,0,0,0,,,,0,0,0,0,0,0,0,,0,0,0,0,,0,0
00-0020460,J.Fletcher,Jamar Fletcher,DB,DB,"https://static.www.nfl.com/image/private/f_auto,q_auto/league/skstygunb9wforaego9x",2007,REG,HOU,7,0,0,0,0,0,0,0,0,0,0,0,0,,,0,,0,0,0,0,0,0,,0,0,0,0,0,0,0,0,0,0,,0,,0,0,0,0,16,2,1,0,0,1,0,0,0,0,0,3,0,0,0,0,0,0,0,0,0,0,0,0,0,0,0,0,0,0,0,,,0,0,0,0,0,0,0,0,0,0,0,0,,,,0,0,0,0,0,0,0,,0,0,0,0,,0,0
00-0020461,M.Williams,Maurice Williams,G,OL,"https://static.www.nfl.com/image/private/f_auto,q_auto/league/soxddmina4qmcufgbhnw",2007,REG,JAX,7,0,0,0,0,0,0,0,0,0,0,0,0,,,0,,0,0,0,0,0,0,,0,0,0,0,0,0,0,0,0,0,,0,,,0,,0,1,1,0,0,0,0,0,0,0,0,0,0,0,0,0,0,0,0,0,0,0,6,49,0,0,0,0,0,0,0,0,,,0,0,0,0,0,0,0,0,0,0,0,0,,,,0,0,0,0,0,0,0,,0,0,0,0,,0,0
00-0020462,L.Jordan,LaMont Jordan,RB,RB,"https://static.www.nfl.com/image/private/f_auto,q_auto/league/oh3baeblqwqmv7ycbv0s",2007,REG,LV,11,0,0,0,0,0,0,0,0,0,0,0,0,,,0,,144,549,3,0,0,24,-13.4061880753118,0,28,0,247,0,0,0,0,228,11,7.00607848999773,0,0,,0,,0,1,0,0,0,0,0,0,0,0,0,0,0,0,0,0,0,1,1,0,0,0,0,0,0,0,0,0,0,0,0,0,,,0,0,0,0,0,0,0,0,0,0,0,0,,,,0,0,0,0,0,0,0,,0,0,0,0,,97.6,125.6
00-0020463,K.McKenzie,Kareem McKenzie,OT,OL,"https://static.www.nfl.com/image/private/f_auto,q_auto/league/nfmckfiwbisconv6f3hx",2007,REG+POST,NYG,4,0,0,0,0,0,0,0,0,0,0,0,0,,,0,,0,0,0,0,0,0,,0,0,0,0,0,0,0,0,0,0,,0,,0,0,0,0,1,0,0,0,0,0,0,0,0,0,0,0,0,0,0,0,1,1,0,0,0,2,10,0,0,0,0,0,0,0,0,,,0,0,0,0,0,0,0,0,0,0,0,0,,,,0,0,0,0,0,0,0,,0,0,0,0,,0,0
00-0020466,S.Hutchinson,Steve Hutchinson,G,OL,"https://static.www.nfl.com/image/private/f_auto,q_auto/league/z6frhqutqyr5sgc6nsqy",2007,REG,MIN,3,0,0,0,0,0,0,0,0,0,0,0,0,,,0,,0,0,0,0,0,0,,0,0,0,0,0,0,0,0,0,0,,0,,,0,,0,1,0,0,0,0,0,0,0,0,0,0,0,0,0,0,0,1,1,0,0,0,1,5,0,0,0,0,0,0,0,0,,,0,0,0,0,0,0,0,0,0,0,0,0,,,,0,0,0,0,0,0,0,,0,0,0,0,,0,0
00-0020467,W.Allen,Will Allen,DB,DB,"https://static.www.nfl.com/image/private/f_auto,q_auto/league/ctug4ylhsfyn4mbf7c1t",2007,REG,MIA,16,0,0,0,0,0,0,0,0,0,0,0,0,,,0,,0,0,0,0,0,0,,0,0,0,0,0,0,0,0,0,0,,0,,,0,,0,45,3,14,0,0,3,2,23,1,1,14,13,0,0,0,0,0,0,0,0,0,1,5,0,0,0,0,0,0,0,0,,,0,0,0,0,0,0,0,0,0,0,0,0,,,,0,0,0,0,0,0,0,,0,0,0,0,,0,0
00-0020468,I.Bashir,Idrees Bashir,DB,DB,"https://static.www.nfl.com/image/private/f_auto,q_auto/league/nronfhdxdvqkdiaqavz2",2007,REG,DET,8,0,0,0,0,0,0,0,0,0,0,0,0,,,0,,0,0,0,0,0,0,,0,0,0,0,0,0,0,0,0,0,,0,,,0,,0,14,1,5,0,0,0,0,0,0,1,0,1,0,0,0,0,0,0,3,3,0,0,0,0,0,0,0,0,0,0,0,,,0,0,0,0,0,0,0,0,0,0,0,0,,,,0,0,0,0,0,0,0,,0,0,0,0,,0,0
00-0020469,A.Schobel,Aaron Schobel,DE,DL,"https://static.www.nfl.com/image/private/f_auto,q_auto/league/npdxow5vobeb2iilai4w",2007,REG,BUF,16,0,0,0,0,0,0,0,0,0,0,0,0,,,0,,0,0,0,0,0,0,,0,0,0,0,0,0,0,0,0,0,,0,,0,0,0,0,34,11,12,0,0,5,6.5,37.5,15,0,0,5,0,0,0,0,0,0,1,1,0,3,15,0,0,0,0,0,0,0,0,,,0,0,0,0,0,0,0,0,0,0,0,0,,,,0,0,0,0,0,0,0,,0,0,0,0,,0,0
00-0020470,J.Winborn,Jamie Winborn,OLB,LB,"https://static.www.nfl.com/image/private/f_auto,q_auto/league/jn3f9a8kxq2suyyyfyg6",2007,REG,DEN,11,0,0,0,0,0,0,0,0,0,0,0,0,,,0,,0,0,0,0,0,0,,0,0,0,0,0,0,0,0,0,0,,0,,,0,,0,23,4,7,0,0,0,0.5,4.5,1,0,0,1,0,0,0,0,0,0,0,0,0,1,10,0,0,0,0,0,0,0,0,,,0,0,0,0,0,0,0,0,0,0,0,0,,,,0,0,0,0,0,0,0,,0,0,0,0,,0,0
00-0020471,T.Henry,Travis Henry,RB,RB,"https://static.www.nfl.com/image/private/f_auto,q_auto/league/izgeshdazx2tv7o4g9nb",2007,REG,DEN,11,0,0,0,0,0,0,0,0,0,0,0,0,,,0,,167,691,4,3,1,36,-10.0473733970928,0,7,0,65,0,0,0,0,69,2,4.03663055442814,0,0,,0,,0,1,0,0,0,0,0,0,0,0,0,0,0,0,0,0,0,1,1,0,0,0,0,0,0,0,0,0,0,0,0,0,,,0,0,0,0,0,0,0,0,0,0,0,0,,,,0,0,0,0,0,0,0,,0,0,0,0,,97.6,104.6
00-0020475,R.Hayward,Reggie Hayward,DE,DL,"https://static.www.nfl.com/image/private/f_auto,q_auto/league/lifnpgtyhticesbyqxs4",2007,REG+POST,JAX,10,0,0,0,0,0,0,0,0,0,0,0,0,,,0,,0,0,0,0,0,0,,0,0,0,0,0,0,0,0,0,0,,0,,,0,,0,16,2,4,0,0,1,3.5,27.5,5,0,0,2,0,0,0,0,0,0,0,0,0,1,5,0,0,0,0,0,0,0,0,,,0,0,0,0,0,0,0,0,0,0,0,0,,,,0,0,0,0,0,0,0,,0,0,0,0,,0,0
00-0020478,M.Beisel,Monty Beisel,LB,LB,"https://static.www.nfl.com/image/private/f_auto,q_auto/league/ulzecyxzctykntb4fiux",2007,REG,ARI,10,0,0,0,0,0,0,0,0,0,0,0,0,,,0,,0,0,0,0,0,0,,0,0,0,0,0,0,0,0,0,0,,0,,,0,,0,27,5,10,0,0,0,0,0,0,0,0,0,0,0,0,0,0,0,0,0,0,1,10,0,0,0,0,0,0,0,0,,,0,0,0,0,0,0,0,0,0,0,0,0,,,,0,0,0,0,0,0,0,,0,0,0,0,,0,0
00-0020480,S.Rosenfels,Sage Rosenfels,QB,QB,"https://static.www.nfl.com/image/private/f_auto,q_auto/league/hzwobipt3ftcvvhf04x3",2007,REG,HOU,9,154,240,1684,15,12,6,-48,3,2,1913,734,93,32.0817510392689,1.00146381144828,1,0.880292733925771,21,51,1,1,1,7,1.90664065508463,0,0,0,0,0,0,0,0,0,0,,0,,0,0,0,0,0,0,0,0,0,0,0,0,0,0,0,0,0,0,0,0,0,1,0,0,0,1,5,0,0,0,0,0,0,0,0,,,0,0,0,0,0,0,0,0,0,0,0,0,,,,0,0,0,0,0,0,0,,0,0,0,0,,110.46,110.46
00-0020488,K.Adams,Keith Adams,LB,LB,"https://static.www.nfl.com/image/private/f_auto,q_auto/league/c5mas32c03syzb6vqjbi",2007,REG,CLE,1,0,0,0,0,0,0,0,0,0,0,0,0,,,0,,0,0,0,0,0,0,,0,0,0,0,0,0,0,0,0,0,,0,,0,0,0,0,1,0,0,0,0,0,0,0,0,0,0,0,0,0,0,0,0,0,0,0,0,0,0,0,0,0,0,0,0,0,0,,,0,0,0,0,0,0,0,0,0,0,0,0,,,,0,0,0,0,0,0,0,,0,0,0,0,,0,0
00-0020489,A.Carter,Andre Carter,DE,DL,"https://static.www.nfl.com/image/private/f_auto,q_auto/league/r8gnes3ixusv8ywzudhb",2007,REG+POST,WAS,17,0,0,0,0,0,0,0,0,0,0,0,0,,,0,,0,0,0,0,0,0,,0,0,0,0,0,0,0,0,0,0,,0,,,0,,0,37,8,12,0,0,4,10.5,65,17,0,0,2,0,0,1,0,0,0,1,1,0,1,5,0,0,0,0,0,0,0,0,,,0,0,0,0,0,0,0,0,0,0,0,0,,,,0,0,0,0,0,0,0,,0,0,0,0,,0,0
00-0020490,K.Robinson,Koren Robinson,WR,WR,"https://static.www.nfl.com/image/private/f_auto,q_auto/league/yaznpg3d9sldu4vebbmm",2007,REG+POST,GB,10,0,0,0,0,0,0,0,0,0,0,0,0,,,0,,1,5,0,0,0,0,-0.0126735240919516,0,25,0,257,1,0,0,0,130,12,12.2322062810291,0,0,0,0,0,0,2,0,0,0,0,0,0,0,0,0,0,0,0,0,0,0,0,0,0,0,0,0,0,0,0,29,650,0,0,0,0,,,0,0,0,0,0,0,0,0,0,0,0,0,,,,0,0,0,0,0,0,0,,0,0,0,0,,32.2,57.2
00-0020491,D.Lewis,Damione Lewis,DT,DL,"https://static.www.nfl.com/image/private/f_auto,q_auto/league/qlmd0sudngvrgazptksz",2007,REG,CAR,14,0,0,0,0,0,0,0,0,0,0,0,0,,,0,,0,0,0,0,0,0,,0,0,0,0,0,0,0,0,0,0,,0,,0,0,0,0,13,3,13,0,0,0,3.5,19.5,5,0,0,2,0,0,0,0,0,0,1,1,0,2,20,0,0,0,0,0,0,0,0,,,0,0,0,0,0,0,0,0,0,0,0,0,,,,0,0,0,0,0,0,0,,0,0,0,0,,0,0
00-0020492,M.Stroud,Marcus Stroud,DE,DL,"https://static.www.nfl.com/image/private/f_auto,q_auto/league/lce3s8vmstuiijvc7hkj",2007,REG,JAX,8,0,0,0,0,0,0,0,0,0,0,0,0,,,0,,0,0,0,0,0,0,,0,0,0,0,0,0,0,0,0,0,,0,,,0,,0,18,1,2,0,0,0,2.5,11,5,0,0,2,0,0,0,0,0,0,1,1,0,3,35,0,0,0,0,0,0,0,0,,,0,0,0,0,0,0,0,0,0,0,0,0,,,,0,0,0,0,0,0,0,,0,0,0,0,,0,0
00-0020494,S.Moss,Santana Moss,WR,WR,"https://static.www.nfl.com/image/private/f_auto,q_auto/league/tbjwt4mvnoev73qqfxcz",2007,REG+POST,WAS,15,0,0,0,0,0,0,0,0,0,0,0,0,,,0,,3,13,0,1,1,1,-9.03021101478953,0,67,0,876,4,1,1,0,195,47,73.7895278459764,0,0,,0,,0,2,0,0,0,0,0,0,0,0,0,0,0,0,0,0,0,0,0,0,0,0,2,10,0,0,1,12,0,0,0,0,,,0,0,0,0,0,0,0,0,0,0,0,0,,,,0,0,0,0,0,0,0,,0,0,0,0,,108.9,175.9
00-0020495,N.Clements,Nate Clements,S,DB,"https://static.www.nfl.com/image/private/f_auto,q_auto/league/dbs4chixsex5meqhjlie",2007,REG,SF,16,0,0,0,0,0,0,0,0,0,0,0,0,,,0,,0,0,0,0,0,0,,0,0,0,0,0,0,0,0,0,0,,0,,0,0,0,0,71,6,15,0,0,3,1,11,1,4,74,14,0,0,0,0,0,0,0,0,0,5,35,7,115,0,0,0,0,0,0,,,0,0,0,0,0,0,0,0,0,0,0,0,,,,0,0,0,0,0,0,0,,0,0,0,0,,0,0
00-0020498,R.Wayne,Reggie Wayne,WR,WR,"https://static.www.nfl.com/image/private/f_auto,q_auto/league/xcs1zrjpz03nualfwfts",2007,REG+POST,IND,17,0,0,0,0,0,0,0,0,0,0,0,0,,,0,,1,4,0,0,0,0,-0.107551774242893,0,111,0,1586,11,3,3,0,413,79,122.70360564815,0,0,,0,,0,6,0,0,0,0,0,0,0,0,0,0,0,0,0,0,0,1,1,0,0,0,1,5,0,0,0,0,0,0,0,0,,,0,0,0,0,0,0,0,0,0,0,0,0,,,,0,0,0,0,0,0,0,,0,0,0,0,,219,330
00-0020499,K.Lucas,Ken Lucas,CB,DB,"https://static.www.nfl.com/image/private/f_auto,q_auto/league/ddiszlaufqg2vkarmvq5",2007,REG,CAR,16,0,0,0,0,0,0,0,0,0,0,0,0,,,0,,0,0,0,0,0,0,,0,0,0,0,0,0,0,0,0,0,,0,,0,0,0,0,54,3,4,0,0,0,0,0,0,2,1,12,0,0,0,0,0,0,2,2,1,5,80,0,0,0,0,0,0,0,0,,,0,0,0,0,0,0,0,0,0,0,0,0,,,,0,0,0,0,0,0,0,,0,0,0,0,,0,0
00-0020503,A.Dyson,Andre Dyson,CB,DB,"https://static.www.nfl.com/image/private/f_auto,q_auto/league/wwx8oas0egccq5dzzjnm",2007,REG,NYJ,6,0,0,0,0,0,0,0,0,0,0,0,0,,,0,,0,0,0,0,0,0,,0,0,0,0,0,0,0,0,0,0,,0,,,0,,0,11,1,0,0,0,0,0,0,0,1,0,4,0,0,0,0,0,0,0,0,0,1,5,0,0,0,0,0,0,0,0,,,0,0,0,0,0,0,0,0,0,0,0,0,,,,0,0,0,0,0,0,0,,0,0,0,0,,0,0
00-0020504,D.Burgess,Derrick Burgess,DE,DL,"https://static.www.nfl.com/image/private/f_auto,q_auto/league/qvbmdlobs3pj853wcgze",2007,REG,LV,13,0,0,0,0,0,0,0,0,0,0,0,0,,,0,,0,0,0,0,0,0,,0,0,0,0,0,0,0,0,0,0,,0,,,0,,0,31,1,7,0,0,0,8,45,14,0,0,1,0,0,0,0,0,0,1,1,0,2,15,0,0,0,0,0,0,0,0,,,0,0,0,0,0,0,0,0,0,0,0,0,,,,0,0,0,0,0,0,0,,0,0,0,0,,0,0
00-0020505,A.Wilson,Adrian Wilson,S,DB,"https://static.www.nfl.com/image/private/f_auto,q_auto/league/hggrkd7ycihzcysg0lfk",2007,REG,ARI,9,0,0,0,0,0,0,0,0,0,0,0,0,,,0,,0,0,0,0,0,0,,0,0,0,0,0,0,0,0,0,0,,0,,,0,,0,31,2,11,0,0,0,0,0,2,2,20,3,0,0,0,0,0,0,0,0,0,4,70,0,0,0,0,0,0,0,0,,,0,0,0,0,0,0,0,0,0,0,0,0,,,,0,0,0,0,0,0,0,,0,0,0,0,,0,0
00-0020507,H.Evans,Heath Evans,FB,RB,"https://static.www.nfl.com/image/private/f_auto,q_auto/league/f40zxvy7hmpvqyg0vwj7",2007,REG+POST,NE,17,0,0,0,0,0,0,0,0,0,0,0,0,,,0,,37,130,3,0,0,15,5.00907129430561,0,5,0,56,0,0,0,0,48,3,3.97692169237416,0,0,,0,,0,5,2,1,0,0,0,0,0,0,0,0,0,0,0,0,0,0,0,0,0,0,0,0,0,0,1,13,0,0,0,0,,,0,0,0,0,0,0,0,0,0,0,0,0,,,,0,0,0,0,0,0,0,,0,0,0,0,,36.6,41.6
00-0020508,M.Norris,Moran Norris,FB,RB,"https://static.www.nfl.com/image/private/f_auto,q_auto/league/i4wjezya4qunmvhibnfp",2007,REG,SF,10,0,0,0,0,0,0,0,0,0,0,0,0,,,0,,7,17,0,0,0,4,0.645010706517681,0,6,0,38,0,0,0,0,27,2,0.961393751495052,0,0,0,0,0,0,2,0,1,0,0,0,0,0,0,0,0,0,0,0,1,0,1,1,0,0,0,0,0,0,0,0,0,0,0,0,0,,,0,0,0,0,0,0,0,0,0,0,0,0,,,,0,0,0,0,0,0,0,,0,0,0,0,,5.5,11.5
00-0020514,M.Bennett,Michael Bennett,RB,RB,"https://static.www.nfl.com/image/private/f_auto,q_auto/league/dknkzmg5xiy7tl5koktq",2007,REG+POST,TB,14,0,0,0,0,0,0,0,0,0,0,0,0,,,0,,60,239,1,0,0,10,-6.16313176744188,0,15,0,99,1,2,1,0,88,3,4.03333040268626,0,0,,0,,0,2,0,0,0,0,0,0,0,0,0,0,0,0,0,0,0,0,0,0,0,0,0,0,0,0,0,0,0,0,0,0,,,0,0,0,0,0,0,0,0,0,0,0,0,,,,0,0,0,0,0,0,0,,0,0,0,0,,43.8,58.8
00-0020515,R.Pickett,Ryan Pickett,NT,DL,"https://static.www.nfl.com/image/private/f_auto,q_auto/league/gy0gxpp5dkyurm0z6y3r",2007,REG+POST,GB,15,0,0,0,0,0,0,0,0,0,0,0,0,,,0,,0,0,0,0,0,0,,0,0,0,0,0,0,0,0,0,0,,0,,0,0,0,0,29,5,12,0,0,0,1,6,1,0,0,2,0,0,0,0,0,0,0,0,0,0,0,0,0,0,0,0,0,0,0,,,0,0,0,0,0,0,0,0,0,0,0,0,,,,0,0,0,0,0,0,0,,0,0,0,0,,0,0
00-0020516,T.Heap,Todd Heap,TE,TE,"https://static.www.nfl.com/image/private/f_auto,q_auto/league/lfwhp1fevjrx1puoon94",2007,REG,BAL,5,0,0,0,0,0,0,0,0,0,0,0,0,,,0,,0,0,0,0,0,0,,0,23,0,239,1,0,0,0,67,14,23.6096911532804,0,0,,0,,0,0,0,0,0,0,0,0,0,0,0,0,0,0,0,0,0,0,0,0,0,0,2,15,0,0,0,0,0,0,0,0,,,0,0,0,0,0,0,0,0,0,0,0,0,,,,0,0,0,0,0,0,0,,0,0,0,0,,29.9,52.9
00-0020521,A.Archuleta,Adam Archuleta,S,DB,"https://static.www.nfl.com/image/private/f_auto,q_auto/league/xx3sfn12tu4ejprqkwkq",2007,REG,CHI,13,0,0,0,0,0,0,0,0,0,0,0,0,,,0,,0,0,0,0,0,0,,0,0,0,0,0,0,0,0,0,0,,0,,,0,,0,49,5,7,0,0,1,2,9,3,1,4,3,0,0,0,48,0,0,1,1,0,1,47,0,0,0,0,0,0,0,0,,,0,0,0,0,0,0,0,0,0,0,0,0,,,,0,0,0,0,0,0,0,,0,0,0,0,,0,0
00-0020522,F.Smoot,Fred Smoot,CB,DB,"https://static.www.nfl.com/image/private/f_auto,q_auto/league/rp9kfnyjfevxgfaxyjwz",2007,REG+POST,WAS,13,0,0,0,0,0,0,0,0,0,0,0,0,,,0,,0,0,0,0,0,0,,0,0,0,0,0,0,0,0,0,0,,0,,,0,,0,43,6,6,0,0,0,0,0,0,1,47,10,0,0,0,0,0,0,0,0,0,5,30,0,0,0,0,0,0,0,0,,,0,0,0,0,0,0,0,0,0,0,0,0,,,,0,0,0,0,0,0,0,,0,0,0,0,,0,0
00-0020524,G.Warren,Gerard Warren,DT,DL,"https://static.www.nfl.com/image/private/f_auto,q_auto/league/zzpboqwwuz3vgauahd9y",2007,REG,LV,11,0,0,0,0,0,0,0,0,0,0,0,0,,,0,,0,0,0,0,0,0,,0,0,0,0,0,0,0,0,0,0,,0,,,0,,0,15,5,2,0,0,1,4,47,5,0,0,1,0,0,1,0,0,0,0,0,0,4,20,0,0,0,0,0,0,0,0,,,0,0,0,0,0,0,0,0,0,0,0,0,,,,0,0,0,0,0,0,0,,0,0,0,0,,0,0
00-0020527,D.McAllister,Deuce McAllister,RB,RB,"https://static.www.nfl.com/image/private/f_auto,q_auto/league/jvzk4fr8bxmzo0kjcjdf",2007,REG,NO,3,0,0,0,0,0,0,0,0,0,0,0,0,,,0,,24,92,0,1,1,3,-8.50809730705805,0,4,0,15,0,0,0,0,15,0,-0.432164279744029,0,0,0,0,0,0,1,0,0,0,0,0,0,0,0,0,0,0,0,0,0,0,0,0,0,0,0,0,0,0,0,0,0,0,0,0,0,,,0,0,0,0,0,0,0,0,0,0,0,0,,,,0,0,0,0,0,0,0,,0,0,0,0,,8.7,12.7
00-0020528,S.Rogers,Shaun Rogers,DT,DL,"https://static.www.nfl.com/image/private/f_auto,q_auto/league/dzmcfbtxh062hswknfcd",2007,REG,DET,16,0,0,0,0,0,0,0,0,0,0,0,0,,,0,,0,0,0,0,0,0,,0,0,0,0,0,0,0,0,0,0,,0,,,0,,0,23,3,13,0,0,0,7,53,18,1,66,3,1,1,0,0,1,1,3,3,0,8,37,0,0,0,0,0,0,0,0,,,0,0,0,0,0,0,0,0,0,0,0,0,,,,0,0,0,0,0,0,0,,0,0,0,0,,0,0
00-0020531,D.Brees,Drew Brees,QB,QB,"https://static.www.nfl.com/image/private/f_auto,q_auto/league/bt6nv11jgsirnuymookt",2007,REG,NO,16,443,655,4428,28,18,15,-100,8,4,4459,2050,233,52.0837633829901,4.67173563078117,0,0.993047768557973,24,52,1,2,0,10,-1.21726325695636,0,2,0,10,0,0,0,0,19,0,-0.944574703229591,0,0,0,0,0,0,3,0,0,0,0,0,0,0,0,0,0,0,0,0,0,0,1,3,0,0,0,4,40,0,0,0,0,0,0,0,0,,,0,0,0,0,0,0,0,0,0,0,0,0,,,,0,0,0,0,0,0,0,,0,0,0,0,,257.32,259.32
00-0020533,L.Davis,Leonard Davis,G,OL,"https://static.www.nfl.com/image/private/f_auto,q_auto/league/ofpta3kbyulrulgatcnz",2007,REG+POST,DAL,5,0,0,0,0,0,0,0,0,0,0,0,0,,,0,,0,0,0,0,0,0,,0,0,0,0,0,0,0,0,0,0,,0,,,0,,0,0,0,0,0,0,0,0,0,0,0,0,0,0,0,0,0,0,0,0,0,0,5,38,0,0,0,0,0,0,0,0,,,0,0,0,0,0,0,0,0,0,0,0,0,,,,0,0,0,0,0,0,0,,0,0,0,0,,0,0
00-0020535,J.Smith,Justin Smith,DE,DL,"https://static.www.nfl.com/image/private/f_auto,q_auto/league/lfzzhdfquakfzi725d5u",2007,REG,CIN,16,0,0,0,0,0,0,0,0,0,0,0,0,,,0,,0,0,0,0,0,0,,0,0,0,0,0,0,0,0,0,0,,0,,,0,,0,45,4,30,0,0,0,2.5,10,11,0,0,3,0,0,0,0,0,0,0,0,0,2,10,0,0,0,0,0,0,0,0,,,0,0,0,0,0,0,0,0,0,0,0,0,,,,0,0,0,0,0,0,0,,0,0,0,0,,0,0
00-0020536,L.Tomlinson,LaDainian Tomlinson,RB,RB,"https://static.www.nfl.com/image/private/f_auto,q_auto/league/fdraejwoowicuevalpne",2007,REG+POST,LAC,19,1,1,17,1,0,0,0,0,0,16,1,1,2.23078261391493,68.4129238128662,0,1.0625,345,1549,16,1,0,79,4.35715985547067,0,65,0,515,3,0,0,0,572,23,23.9748782998308,0,0,,0,,0,2,0,0,0,0,0,0,0,0,0,0,0,0,0,0,0,1,1,0,0,0,1,15,0,0,0,0,0,0,0,0,,,0,0,0,0,0,0,0,0,0,0,0,0,,,,0,0,0,0,0,0,0,,0,0,0,0,,325.08,390.08
00-0020543,M.Light,Matt Light,OT,OL,"https://static.www.nfl.com/image/private/f_auto,q_auto/league/wlif4jsazshnexoakewi",2007,REG+POST,NE,5,0,0,0,0,0,0,0,0,0,0,0,0,,,0,,0,0,0,0,0,0,,0,0,0,0,0,0,0,0,0,0,,0,,,0,,0,0,0,0,0,0,0,0,0,0,0,0,0,0,0,0,0,0,0,0,0,0,8,65,0,0,0,0,0,0,0,0,,,0,0,0,0,0,0,0,0,0,0,0,0,,,,0,0,0,0,0,0,0,,0,0,0,0,,0,0
00-0020550,D.Dinkins,Darnell Dinkins,TE,TE,"https://static.www.nfl.com/image/private/f_auto,q_auto/league/fpbzbphusdsfgiyk2fvm",2007,REG,CLE,9,0,0,0,0,0,0,0,0,0,0,0,0,,,0,,0,0,0,0,0,0,,0,1,0,8,0,0,0,0,2,0,0.294032685691491,0,0,0,0,0,0,5,0,2,0,0,1,0,0,0,0,0,0,0,0,0,0,0,0,0,0,0,3,35,0,0,7,62,0,0,0,0,,,0,0,0,0,0,0,0,0,0,0,0,0,,,,0,0,0,0,0,0,0,,0,0,0,0,,0.8,1.8
00-0020565,C.Lemon,Cleo Lemon,QB,QB,"https://static.www.nfl.com/image/private/f_auto,q_auto/league/aod0obzhjjdrvqpqgsum",2007,REG,MIA,9,173,309,1773,6,6,23,-147,3,2,2575,808,88,-16.7315444629256,-3.57633825616549,0,0.688543689320388,33,92,4,4,1,20,7.56709741089092,0,0,0,0,0,0,0,0,0,0,,0,,,0,,0,2,0,0,0,0,0,0,0,0,0,0,0,0,0,0,0,4,6,0,0,0,3,21,0,0,0,0,0,0,0,0,,,0,0,0,0,0,0,0,0,0,0,0,0,,,,0,0,0,0,0,0,0,,0,0,0,0,,110.12,110.12
00-0020571,C.Hart,Clinton Hart,S,DB,"https://static.www.nfl.com/image/private/f_auto,q_auto/league/hhqqadl7zzzwk7luit79",2007,REG+POST,LAC,19,0,0,0,0,0,0,0,0,0,0,0,0,,,0,,0,0,0,0,0,0,,0,0,0,0,0,0,0,0,0,0,,0,,,0,,0,58,22,22,0,0,0,1,9,1,5,73,9,0,0,0,0,0,0,1,1,0,4,55,0,0,0,0,0,0,0,0,,,0,0,0,0,0,0,0,0,0,0,0,0,,,,0,0,0,0,0,0,0,,0,0,0,0,,0,0
00-0020578,M.Bryant,Matt Bryant,K,SPEC,"https://static.www.nfl.com/image/private/f_auto,q_auto/league/okrutwlsyxd3w2xtohun",2007,REG+POST,TB,17,0,0,0,0,0,0,0,0,0,0,0,0,,,0,,0,0,0,0,0,0,,0,0,0,0,0,0,0,0,0,0,,0,,0,0,0,0,1,0,0,0,0,0,0,0,0,0,0,0,0,0,0,0,0,0,0,0,0,0,0,0,0,0,0,28,33,5,0,49,0.848484848484848,0,11,11,6,0,0,0,1,0,1,3,0,38;32;27;27;25;38;23;43;48;44;22;42;32;23;35;27;48;39;27;31;33;28;34;34;22;31;23;49,54;40;58;26;53,,925,231,0,36,36,0,0,1,1,1,0,0,43,0,0
00-0020608,D.Carr,David Carr,QB,QB,"https://static.www.nfl.com/image/private/f_auto,q_auto/league/raoec7zczzr8ooz0vutw",2007,REG,CAR,6,73,136,635,3,5,13,-74,0,0,1091,297,32,-30.1781600719538,-6.18191451527352,0,0.582034830430797,17,59,0,1,0,6,-1.24939997158725,0,0,0,0,0,0,0,0,0,0,,0,,0,0,0,0,0,0,0,0,0,0,0,0,0,0,0,0,0,0,0,0,2,3,0,0,0,0,0,0,0,0,0,0,0,0,0,,,0,0,0,0,0,0,0,0,0,0,0,0,,,,0,0,0,0,0,0,0,,0,0,0,0,,33.3,33.3
00-0020613,Q.Gray,Quinn Gray,QB,QB,"https://static.www.nfl.com/image/private/f_auto,q_auto/league/bac2ksuicgt4lm9pcm35",2007,REG,JAX,8,80,144,986,10,5,10,-68,2,1,1532,351,54,24.1943594320589,-3.21450204076901,0,0.643603133159269,19,57,0,0,0,7,5.82323153983452,0,0,0,0,0,0,0,0,0,0,,0,,,0,,0,1,0,0,0,0,0,0,0,0,0,0,0,0,0,0,0,1,1,0,0,0,2,10,0,0,0,0,0,0,0,0,,,0,0,0,0,0,0,0,0,0,0,0,0,,,,0,0,0,0,0,0,0,,0,0,0,0,,73.14,73.14
00-0020617,N.Jackson,Nate Jackson,TE,TE,"https://static.www.nfl.com/image/private/f_auto,q_auto/league/mlb81n1sds6lsngedjcj",2007,REG,DEN,5,0,0,0,0,0,0,0,0,0,0,0,0,,,0,,0,0,0,0,0,0,,0,3,0,34,1,0,0,0,6,2,3.74184839503141,0,0,,0,,0,4,0,0,0,0,0,0,0,0,0,0,0,0,0,0,0,0,0,0,0,0,1,5,0,0,0,0,0,0,0,0,,,0,0,0,0,0,0,0,0,0,0,0,0,,,,0,0,0,0,0,0,0,,0,0,0,0,,9.4,12.4
00-0020653,K.Pearson,Kalvin Pearson,FS,DB,"https://static.www.nfl.com/image/private/f_auto,q_auto/league/ptbukuglro2z8kggjik9",2007,REG+POST,TB,12,0,0,0,0,0,0,0,0,0,0,0,0,,,0,,0,0,0,0,0,0,,0,0,0,0,0,0,0,0,0,0,,0,,0,0,0,0,19,3,2,0,0,0,0,0,0,0,0,1,0,0,0,0,0,0,0,0,0,3,24,0,0,0,0,0,0,0,0,,,0,0,0,0,0,0,0,0,0,0,0,0,,,,0,0,0,0,0,0,0,,0,0,0,0,,0,0
00-0020664,B.Moore,Brandon Moore,LB,LB,"https://static.www.nfl.com/image/private/f_auto,q_auto/league/ddhkjt9uqctqhhb9lcey",2007,REG,SF,12,0,0,0,0,0,0,0,0,0,0,0,0,,,0,,0,0,0,0,0,0,,0,0,0,0,0,0,0,0,0,0,,0,,0,0,0,0,12,1,9,0,0,0,2.5,16.5,3,0,0,1,0,0,0,0,0,0,0,0,0,4,23,0,0,0,0,0,0,0,0,,,0,0,0,0,0,0,0,0,0,0,0,0,,,,0,0,0,0,0,0,0,,0,0,0,0,,0,0
00-0020679,S.Hill,Shaun Hill,QB,QB,"https://static.www.nfl.com/image/private/f_auto,q_auto/league/dn42ccbwrshm7uksyphy",2007,REG,SF,3,54,80,501,5,2,5,-28,1,1,283,306,26,5.68141582008156,9.70641116441136,0,1.77031802120141,12,14,1,0,0,2,-0.0163953127339482,0,0,0,0,0,0,0,0,0,0,,0,,0,0,0,0,1,0,0,0,0,0,0,0,0,0,0,0,0,0,0,0,2,2,0,0,0,0,0,0,0,0,0,0,0,0,0,,,0,0,0,0,0,0,0,0,0,0,0,0,,,,0,0,0,0,0,0,0,,0,0,0,0,,41.44,41.44
00-0020692,E.Drummond,Eddie Drummond,WR,WR,"https://static.www.nfl.com/image/private/f_auto,q_auto/league/gnxommvcmeqdemvrjpig",2007,REG,KC,12,0,0,0,0,0,0,0,0,0,0,0,0,,,0,,1,-3,0,0,0,0,-0.915805948898196,0,0,0,0,0,0,0,0,0,0,,0,,,0,,0,5,0,0,0,0,0,0,0,0,0,0,0,0,2,0,0,0,0,0,0,0,0,0,33,222,37,785,0,0,0,0,,,0,0,0,0,0,0,0,0,0,0,0,0,,,,0,0,0,0,0,0,0,,0,0,0,0,,-0.3,-0.3
00-0020697,A.Lake,Antwan Lake,DT,DL,"https://static.www.nfl.com/image/private/f_auto,q_auto/league/iztcw0uwvgylt9ecaxwb",2007,REG,NO,12,0,0,0,0,0,0,0,0,0,0,0,0,,,0,,0,0,0,0,0,0,,0,0,0,0,0,0,0,0,0,0,,0,,0,0,0,0,12,3,3,0,0,0,1,9,2,0,0,1,0,0,0,0,0,0,1,1,0,0,0,0,0,1,10,0,0,0,0,,,0,0,0,0,0,0,0,0,0,0,0,0,,,,0,0,0,0,0,0,0,,0,0,0,0,,0,0
00-0020712,J.Harrison,James Harrison,OLB,LB,"https://static.www.nfl.com/image/private/f_auto,q_auto/league/zck45uxz4nin7rqkqkpj",2007,REG+POST,PIT,17,0,0,0,0,0,0,0,0,0,0,0,0,,,0,,0,0,0,0,0,0,,0,0,0,0,0,0,0,0,0,0,,0,,,0,,0,63,19,25,0,0,7,10,65.5,17,1,20,3,0,0,0,0,0,0,3,3,0,2,20,0,0,0,0,0,0,0,0,,,0,0,0,0,0,0,0,0,0,0,0,0,,,,0,0,0,0,0,0,0,,0,0,0,0,,0,0
00-0020737,J.Reed,Jeff Reed,K,SPEC,"https://static.www.nfl.com/image/private/f_auto,q_auto/league/zesoasmra9cgtwtkjyxr",2007,REG+POST,PIT,17,0,0,0,0,0,0,0,0,0,0,0,0,,,0,,0,0,0,0,0,0,,0,0,0,0,0,0,0,0,0,0,,0,,,0,,0,2,0,1,0,0,0,0,0,0,0,0,0,0,0,0,0,0,0,0,0,0,0,0,0,0,0,0,24,26,2,0,49,0.923076923076923,0,10,10,4,0,0,0,0,0,1,0,1,26;31;34;28;39;31;36;49;35;40;22;28;35;30;37;33;48;24;21;23;44;21;29;28,65;44,,772,109,0,46,46,0,0,1,1,1,0,0,24,0,0
00-0020747,R.Nece,Ryan Nece,OLB,LB,"https://static.www.nfl.com/image/private/f_auto,q_auto/league/sk0utaanvfchbv1fylxc",2007,REG+POST,TB,9,0,0,0,0,0,0,0,0,0,0,0,0,,,0,,0,0,0,0,0,0,,0,0,0,0,0,0,0,0,0,0,,0,,0,0,0,0,14,2,1,0,0,0,0,0,0,0,0,0,0,0,0,0,0,0,0,0,0,1,10,0,0,0,0,0,0,0,0,,,0,0,0,0,0,0,0,0,0,0,0,0,,,,0,0,0,0,0,0,0,,0,0,0,0,,0,0
00-0020749,C.Smith,Corey Smith,DE,DL,"https://static.www.nfl.com/image/private/f_auto,q_auto/league/bvzptyhg7aeoh5dsufgi",2007,REG,DET,14,0,0,0,0,0,0,0,0,0,0,0,0,,,0,,0,0,0,0,0,0,,0,0,0,0,0,0,0,0,0,0,,0,,,0,,0,20,1,6,0,0,3,2.5,11,4,0,0,0,0,0,0,0,0,0,0,0,0,0,0,0,0,0,0,0,0,0,0,,,0,0,0,0,0,0,0,0,0,0,0,0,,,,0,0,0,0,0,0,0,,0,0,0,0,,0,0
00-0020797,M.Hicks,Maurice Hicks,RB,RB,"https://static.www.nfl.com/image/private/f_auto,q_auto/league/bjq3nqrsbomfczeiwwtq",2007,REG,SF,16,0,0,0,0,0,0,0,0,0,0,0,0,,,0,,21,117,1,1,1,3,-6.07870369030516,0,14,0,86,0,0,0,0,61,3,4.47404480451951,0,0,0,0,0,0,4,0,5,0,0,0,0,0,0,0,0,0,0,0,0,0,0,0,0,0,0,1,10,0,0,63,1502,0,0,0,0,,,0,0,0,0,0,0,0,0,0,0,0,0,,,,0,0,0,0,0,0,0,,0,0,0,0,,24.3,38.3
00-0020801,A.Hicks,Artis Hicks,OT,OL,"https://static.www.nfl.com/image/private/f_auto,q_auto/league/q3iflae2pw3v8qc2p28e",2007,REG,MIN,3,0,0,0,0,0,0,0,0,0,0,0,0,,,0,,0,0,0,0,0,0,,0,0,0,0,0,0,0,0,0,0,,0,,,0,,0,1,0,0,0,0,0,0,0,0,0,0,0,0,0,0,0,0,0,0,0,0,2,15,0,0,0,0,0,0,0,0,,,0,0,0,0,0,0,0,0,0,0,0,0,,,,0,0,0,0,0,0,0,,0,0,0,0,,0,0
00-0020804,C.McIntyre,Corey McIntyre,FB,RB,"https://static.www.nfl.com/image/private/f_auto,q_auto/league/ovijvmrmt333plngqjsc",2007,REG,ATL,8,0,0,0,0,0,0,0,0,0,0,0,0,,,0,,0,0,0,0,0,0,,0,0,0,0,0,0,0,0,0,0,,0,,0,0,0,0,7,0,1,0,0,0,0,0,0,0,0,0,0,0,0,0,0,0,1,1,0,2,25,0,0,0,0,0,0,0,0,,,0,0,0,0,0,0,0,0,0,0,0,0,,,,0,0,0,0,0,0,0,,0,0,0,0,,0,0
00-0020805,J.McKie,Jason McKie,RB,RB,"https://static.www.nfl.com/image/private/f_auto,q_auto/league/c58wtolxq0xk2bu1sijd",2007,REG,CHI,12,0,0,0,0,0,0,0,0,0,0,0,0,,,0,,6,17,1,1,1,3,2.61807042107102,0,9,0,33,0,0,0,0,40,2,0.261260532541201,0,0,,0,,0,0,0,0,0,0,0,0,0,0,0,0,0,0,0,0,0,1,1,0,0,0,1,5,0,0,0,0,0,0,0,0,,,0,0,0,0,0,0,0,0,0,0,0,0,,,,0,0,0,0,0,0,0,,0,0,0,0,,9,18
00-0020820,J.Chatman,Jesse Chatman,RB,RB,"https://static.www.nfl.com/image/private/f_auto,q_auto/league/zhbviiyi0cueml7wvrez",2007,REG,MIA,13,0,0,0,0,0,0,0,0,0,0,0,0,,,0,,128,515,1,0,0,27,-21.8515593952563,0,27,0,161,0,1,1,0,121,8,1.79149281707942,0,0,,0,,0,3,0,1,0,0,0,0,0,0,0,0,0,0,0,0,0,0,0,0,0,0,0,0,0,0,2,31,0,0,0,0,,,0,0,0,0,0,0,0,0,0,0,0,0,,,,0,0,0,0,0,0,0,,0,0,0,0,,71.6,98.6
00-0020824,V.Fox,Vernon Fox,DB,DB,"https://static.www.nfl.com/image/private/f_auto,q_auto/league/yxzl8jn5w29mqvvyb5go",2007,REG+POST,WAS,9,0,0,0,0,0,0,0,0,0,0,0,0,,,0,,0,0,0,0,0,0,,0,0,0,0,0,0,0,0,0,0,,0,,,0,,0,10,1,2,0,0,0,0,0,0,0,0,0,0,0,0,0,0,0,0,0,0,2,17,0,0,0,0,0,0,0,0,,,0,0,0,0,0,0,0,0,0,0,0,0,,,,0,0,0,0,0,0,0,,0,0,0,0,,0,0
00-0020836,B.Kassell,Brad Kassell,LB,LB,"https://static.www.nfl.com/image/private/f_auto,q_auto/league/p3tzfytf5teey4trseb2",2007,REG,NYJ,13,0,0,0,0,0,0,0,0,0,0,0,0,,,0,,0,0,0,0,0,0,,0,0,0,0,0,0,0,0,0,0,,0,,,0,,0,7,8,12,0,0,0,0,0,0,0,0,1,0,0,0,0,0,0,0,0,0,0,0,0,0,0,0,0,0,0,0,,,0,0,0,0,0,0,0,0,0,0,0,0,,,,0,0,0,0,0,0,0,,0,0,0,0,,0,0
00-0020840,R.Clark,Ryan Clark,FS,DB,"https://static.www.nfl.com/image/private/f_auto,q_auto/league/bey2uhxaejbpdiytl8ey",2007,REG,PIT,6,0,0,0,0,0,0,0,0,0,0,0,0,,,0,,0,0,0,0,0,0,,0,0,0,0,0,0,0,0,0,0,,0,,,0,,0,14,3,5,0,0,1,1,12,2,0,0,3,0,0,0,0,0,0,0,0,0,0,0,0,0,0,0,0,0,0,0,,,0,0,0,0,0,0,0,0,0,0,0,0,,,,0,0,0,0,0,0,0,,0,0,0,0,,0,0
00-0020861,W.Demps,Will Demps,FS,DB,"https://static.www.nfl.com/image/private/f_auto,q_auto/league/hlri5cnxcejmzbyb8i6x",2007,REG,HOU,11,0,0,0,0,0,0,0,0,0,0,0,0,,,0,,0,0,0,0,0,0,,0,0,0,0,0,0,0,0,0,0,,0,,0,0,0,0,26,15,11,0,0,2,0,0,1,0,0,5,0,0,0,0,0,0,2,2,0,2,13,0,0,0,0,0,0,0,0,,,0,0,0,0,0,0,0,0,0,0,0,0,,,,0,0,0,0,0,0,0,,0,0,0,0,,0,0
00-0020867,M.Kemoeatu,Ma'ake Kemoeatu,NT,DL,"https://static.www.nfl.com/image/private/f_auto,q_auto/league/yoxcojo4mnrsdteh9v7w",2007,REG,CAR,16,0,0,0,0,0,0,0,0,0,0,0,0,,,0,,0,0,0,0,0,0,,0,0,0,0,0,0,0,0,0,0,,0,,0,0,0,0,33,7,6,0,0,0,0,0,1,0,0,3,0,0,0,0,0,0,0,0,0,0,0,0,0,0,0,0,0,0,0,,,0,0,0,0,0,0,0,0,0,0,0,0,,,,0,0,0,0,0,0,0,,0,0,0,0,,0,0
00-0020873,B.Scott,Bart Scott,ILB,LB,"https://static.www.nfl.com/image/private/f_auto,q_auto/league/te8zmghjpnoamwsiee5v",2007,REG,BAL,16,0,0,0,0,0,0,0,0,0,0,0,0,,,0,,0,0,0,0,0,0,,0,0,0,0,0,0,0,0,0,0,,0,,,0,,0,44,18,31,0,0,0,1,2,6,0,0,5,0,0,0,0,0,0,0,0,0,3,20,0,0,0,0,0,0,0,0,,,0,0,0,0,0,0,0,0,0,0,0,0,,,,0,0,0,0,0,0,0,,0,0,0,0,,0,0
00-0020961,M.Wilkins,Marcus Wilkins,LB,LB,"https://static.www.nfl.com/image/private/f_auto,q_auto/league/cjfbubht73dnbwyr5ip4",2007,REG,ATL,5,0,0,0,0,0,0,0,0,0,0,0,0,,,0,,0,0,0,0,0,0,,0,0,0,0,0,0,0,0,0,0,,0,,0,0,0,0,4,0,1,0,0,0,0,0,0,0,0,0,0,0,0,0,0,0,0,0,0,2,15,0,0,0,0,0,0,0,0,,,0,0,0,0,0,0,0,0,0,0,0,0,,,,0,0,0,0,0,0,0,,0,0,0,0,,0,0
00-0020962,R.Bironas,Rob Bironas,K,SPEC,"https://static.www.nfl.com/image/private/f_auto,q_auto/league/rbrc5s06xlgtt1boiphv",2007,REG+POST,TEN,17,0,0,0,0,0,0,0,0,0,0,0,0,,,0,,0,0,0,0,0,0,,0,0,0,0,0,0,0,0,0,0,,0,,,0,,0,3,0,0,0,0,0,0,0,0,0,0,0,0,0,0,0,0,0,0,0,0,0,0,0,0,0,0,37,42,5,0,56,0.880952380952381,0,10,13,10,4,0,0,2,1,1,1,0,20;31;30;36;33;30;40;48;52;25;21;30;28;43;29;29;35;23;47;53;37;49;56;37;28;23;44;37;37;40;25;46;40;54;33;30;44,27;47;53;29;38,,1343,194,0,28,28,0,0,1,1,1,0,0,29,0,0
00-0020969,B.Moore,Brandon Moore,G,OL,"https://static.www.nfl.com/image/private/f_auto,q_auto/league/xf45svejjayejmqeet7l",2007,REG,NYJ,4,0,0,0,0,0,0,0,0,0,0,0,0,,,0,,0,0,0,0,0,0,,0,0,0,0,0,0,0,0,0,0,,0,,,0,,0,0,0,0,0,0,0,0,0,0,0,0,0,0,0,0,0,1,1,0,0,0,4,30,0,0,0,0,0,0,0,0,,,0,0,0,0,0,0,0,0,0,0,0,0,,,,0,0,0,0,0,0,0,,0,0,0,0,,0,0
00-0020971,K.Campbell,Khary Campbell,LB,LB,"https://static.www.nfl.com/image/private/f_auto,q_auto/league/qfehpws8ymcs7pwvrzm1",2007,REG+POST,WAS,12,0,0,0,0,0,0,0,0,0,0,0,0,,,0,,0,0,0,0,0,0,,0,0,0,0,0,0,0,0,0,0,,0,,,0,,0,19,8,7,0,0,0,0,0,0,0,0,0,0,0,0,0,0,0,0,0,0,3,35,0,0,0,0,0,0,0,0,,,0,0,0,0,0,0,0,0,0,0,0,0,,,,0,0,0,0,0,0,0,,0,0,0,0,,0,0
00-0020974,K.Davis,Keith Davis,S,DB,"https://static.www.nfl.com/image/private/f_auto,q_auto/league/wslwtuanozzuvf5tgfl4",2007,REG,DAL,13,0,0,0,0,0,0,0,0,0,0,0,0,,,0,,0,0,0,0,0,0,,0,0,0,0,0,0,0,0,0,0,,0,,,0,,0,14,2,2,0,0,1,0,0,0,0,0,2,0,0,0,0,0,0,0,0,0,2,25,0,0,0,0,0,0,0,0,,,0,0,0,0,0,0,0,0,0,0,0,0,,,,0,0,0,0,0,0,0,,0,0,0,0,,0,0
00-0020985,D.Blakley,Dwayne Blakley,TE,TE,"https://static.www.nfl.com/image/private/f_auto,q_auto/league/qoa4rwjwaw9zdbm5zver",2007,REG,ATL,6,0,0,0,0,0,0,0,0,0,0,0,0,,,0,,0,0,0,0,0,0,,0,7,0,48,0,0,0,0,24,2,2.18280095933005,0,0,0,0,0,0,0,0,0,0,0,0,0,0,0,0,0,0,0,0,0,0,0,0,0,0,0,2,15,0,0,0,0,0,0,0,0,,,0,0,0,0,0,0,0,0,0,0,0,0,,,,0,0,0,0,0,0,0,,0,0,0,0,,4.8,11.8
00-0021041,L.Walls,Lenny Walls,CB,DB,"https://static.www.nfl.com/image/private/f_auto,q_auto/league/ezyr6xdzlcmxenwilly8",2007,REG,LA,5,0,0,0,0,0,0,0,0,0,0,0,0,,,0,,0,0,0,0,0,0,,0,0,0,0,0,0,0,0,0,0,,0,,,0,,0,7,0,1,0,0,0,0,0,0,0,0,3,0,0,0,0,0,0,0,0,0,1,15,0,0,0,0,0,0,0,0,,,0,0,0,0,0,0,0,0,0,0,0,0,,,,0,0,0,0,0,0,0,,0,0,0,0,,0,0
00-0021081,B.Thomas,Bryan Thomas,OLB,LB,"https://static.www.nfl.com/image/private/f_auto,q_auto/league/wcbjkilig4hzxliamh7u",2007,REG,NYJ,15,0,0,0,0,0,0,0,0,0,0,0,0,,,0,,0,0,0,0,0,0,,0,0,0,0,0,0,0,0,0,0,,0,,,0,,0,22,17,8,0,0,1,2.5,15,4,0,0,1,0,0,0,0,0,0,0,0,0,0,0,0,0,0,0,0,0,0,0,,,0,0,0,0,0,0,0,0,0,0,0,0,,,,0,0,0,0,0,0,0,,0,0,0,0,,0,0
00-0021083,T.Fisher,Travis Fisher,DB,DB,"https://static.www.nfl.com/image/private/f_auto,q_auto/league/xs4bvfwntbaxo8vikwfw",2007,REG,DET,16,0,0,0,0,0,0,0,0,0,0,0,0,,,0,,0,0,0,0,0,0,,0,0,0,0,0,0,0,0,0,0,,0,,,0,,0,51,9,18,0,0,0,0,0,1,2,25,5,0,0,0,0,0,0,0,0,0,6,35,0,0,0,0,0,0,0,0,,,0,0,0,0,0,0,0,0,0,0,0,0,,,,0,0,0,0,0,0,0,,0,0,0,0,,0,0
00-0021084,M.Schobel,Matt Schobel,TE,TE,"https://static.www.nfl.com/image/private/f_auto,q_auto/league/qrafmnfsbcpmzn8r7oyl",2007,REG,PHI,12,0,0,0,0,0,0,0,0,0,0,0,0,,,0,,0,0,0,0,0,0,,0,11,1,108,1,0,0,3,26,6,7.42939479897916,0,36,1,0.000645300064530006,1.50045171004517,0,0,0,0,0,0,0,0,0,0,0,0,0,0,0,0,0,0,0,0,0,0,1,10,0,0,0,0,0,0,0,0,,,0,0,0,0,0,0,0,0,0,0,0,0,,,,0,0,0,0,0,0,0,,0,0,0,0,,16.8,27.8
00-0021085,W.Witherspoon,Will Witherspoon,OLB,LB,"https://static.www.nfl.com/image/private/f_auto,q_auto/league/yuhv8ryoxelbs34beovz",2007,REG,LA,16,0,0,0,0,0,0,0,0,0,0,0,0,,,0,,0,0,0,0,0,0,,0,0,0,0,0,0,0,0,0,0,,0,,,0,,0,82,10,18,0,0,2,7,54,12,0,0,7,0,0,0,0,0,0,1,1,0,2,23,0,0,0,0,0,0,0,0,,,0,0,0,0,0,0,0,0,0,0,0,0,,,,0,0,0,0,0,0,0,,0,0,0,0,,0,0
00-0021092,J.Bannan,Justin Bannan,DT,DL,"https://static.www.nfl.com/image/private/f_auto,q_auto/league/k89ehqqjskcsm505vp81",2007,REG,BAL,11,0,0,0,0,0,0,0,0,0,0,0,0,,,0,,0,0,0,0,0,0,,0,0,0,0,0,0,0,0,0,0,,0,,,0,,0,13,8,9,0,0,1,2,4,1,0,0,0,0,0,0,0,0,0,0,0,0,1,5,0,0,0,0,0,0,0,0,,,0,0,0,0,0,0,0,0,0,0,0,0,,,,0,0,0,0,0,0,0,,0,0,0,0,,0,0
00-0021096,M.Manuel,Marquand Manuel,S,DB,"https://static.www.nfl.com/image/private/f_auto,q_auto/league/mdmmyjpmjgrslwyzqooc",2007,REG,CAR,7,0,0,0,0,0,0,0,0,0,0,0,0,,,0,,0,0,0,0,0,0,,0,0,0,0,0,0,0,0,0,0,,0,,0,0,0,0,13,3,2,0,0,1,1,11,1,1,4,2,0,0,0,0,0,0,0,0,0,1,2,0,0,0,0,0,0,0,0,,,0,0,0,0,0,0,0,0,0,0,0,0,,,,0,0,0,0,0,0,0,,0,0,0,0,,0,0
00-0021098,J.Scobey,Josh Scobey,RB,RB,"https://static.www.nfl.com/image/private/f_auto,q_auto/league/jaytetd30prsjk0sofj6",2007,REG+POST,SEA,5,0,0,0,0,0,0,0,0,0,0,0,0,,,0,,0,0,0,0,0,0,,0,0,0,0,0,0,0,0,0,0,,0,,0,0,0,0,5,0,0,0,0,0,0,0,0,0,0,0,0,0,1,0,0,0,0,0,0,1,15,0,0,5,112,0,0,0,0,,,0,0,0,0,0,0,0,0,0,0,0,0,,,,0,0,0,0,0,0,0,,0,0,0,0,,0,0
00-0021099,H.Green,Howard Green,DE,DL,"https://static.www.nfl.com/image/private/f_auto,q_auto/league/bn4xwskquhtuxoxfhrox",2007,REG+POST,SEA,6,0,0,0,0,0,0,0,0,0,0,0,0,,,0,,0,0,0,0,0,0,,0,0,0,0,0,0,0,0,0,0,,0,,0,0,0,0,3,2,5,0,0,0,0,0,1,0,0,0,0,0,0,0,0,0,0,0,0,0,0,0,0,0,0,0,0,0,0,,,0,0,0,0,0,0,0,0,0,0,0,0,,,,0,0,0,0,0,0,0,,0,0,0,0,,0,0
00-0021100,J.Putzier,Jeb Putzier,TE,TE,"https://static.www.nfl.com/image/private/f_auto,q_auto/league/osae9a6y8mgztjsfrjz3",2007,REG,HOU,5,0,0,0,0,0,0,0,0,0,0,0,0,,,0,,0,0,0,0,0,0,,0,6,0,39,1,0,0,0,17,2,3.93197086943262,0,0,0,0,0,0,0,0,0,0,0,0,0,0,0,0,0,0,0,0,0,0,0,0,0,0,0,0,0,0,0,0,0,0,0,0,0,,,0,0,0,0,0,0,0,0,0,0,0,0,,,,0,0,0,0,0,0,0,,0,0,0,0,,9.9,15.9
00-0021106,K.Shaffer,Kevin Shaffer,OT,OL,"https://static.www.nfl.com/image/private/f_auto,q_auto/league/l2wltkrmapswt3yhsmh7",2007,REG,CLE,4,0,0,0,0,0,0,0,0,0,0,0,0,,,0,,0,0,0,0,0,0,,0,0,0,0,0,0,0,0,0,0,,0,,0,0,0,0,2,0,0,0,0,0,0,0,0,0,0,0,0,0,0,0,0,0,0,0,0,4,25,0,0,0,0,0,0,0,0,,,0,0,0,0,0,0,0,0,0,0,0,0,,,,0,0,0,0,0,0,0,,0,0,0,0,,0,0
00-0021126,K.Amato,Ken Amato,LS,SPEC,"https://static.www.nfl.com/image/private/f_auto,q_auto/league/yvtb6e75xtms4eoil3vf",2007,REG,TEN,3,0,0,0,0,0,0,0,0,0,0,0,0,,,0,,0,0,0,0,0,0,,0,0,0,0,0,0,0,0,0,0,,0,,,0,,0,2,0,1,0,0,0,0,0,0,0,0,0,0,0,0,0,0,0,0,0,0,0,0,0,0,0,0,0,0,0,0,,,0,0,0,0,0,0,0,0,0,0,0,0,,,,0,0,0,0,0,0,0,,0,0,0,0,,0,0
00-0021131,L.Green,Louis Green,LB,LB,"https://static.www.nfl.com/image/private/f_auto,q_auto/league/gwwgose0ryzfncpxng0j",2007,REG,DEN,5,0,0,0,0,0,0,0,0,0,0,0,0,,,0,,0,0,0,0,0,0,,0,0,0,0,0,0,0,0,0,0,,0,,,0,,0,6,1,1,0,0,1,0,0,0,0,0,0,0,0,0,0,0,0,0,0,0,0,0,0,0,0,0,0,0,0,0,,,0,0,0,0,0,0,0,0,0,0,0,0,,,,0,0,0,0,0,0,0,,0,0,0,0,,0,0
00-0021140,J.Peppers,Julius Peppers,DE,DL,"https://static.www.nfl.com/image/private/f_auto,q_auto/league/c7tpbqsqzbg4vw5axw71",2007,REG,CAR,14,0,0,0,0,0,0,0,0,0,0,0,0,,,0,,0,0,0,0,0,0,,0,0,0,0,0,0,0,0,0,0,,0,,0,0,0,0,21,8,9,0,0,3,3,23.5,4,1,0,5,0,0,0,0,0,0,2,2,0,4,30,0,0,0,0,0,0,0,0,,,0,0,0,0,0,0,0,0,0,0,0,0,,,,0,0,0,0,0,0,0,,0,0,0,0,,0,0
00-0021141,J.Harrington,Joey Harrington,QB,QB,"https://static.www.nfl.com/image/private/f_auto,q_auto/league/ybpvxm22vuwjhooyrpja",2007,REG,ATL,12,215,348,2215,7,8,32,-192,0,0,2364,1110,101,-38.0326810735554,-3.86660442632787,0,0.936971235194586,14,33,0,0,0,3,-6.98853530548513,0,1,0,4,0,0,0,0,8,0,-0.0846917200833559,0,0,0,0,0,0,0,0,0,0,0,0,0,0,0,0,0,0,0,0,0,0,0,0,0,0,0,0,0,0,0,0,0,0,0,0,0,,,0,0,0,0,0,0,0,0,0,0,0,0,,,,0,0,0,0,0,0,0,,0,0,0,0,,104.3,105.3
00-0021143,R.Williams,Roy Williams,S,DB,"https://static.www.nfl.com/image/private/f_auto,q_auto/league/eqthihj2drb4ttgqkrcl",2007,REG+POST,DAL,16,0,0,0,0,0,0,0,0,0,0,0,0,,,0,,0,0,0,0,0,0,,0,0,0,0,0,0,0,0,0,0,,0,,,0,,0,68,6,19,0,0,0,0,0,1,2,10,5,0,0,0,0,0,0,1,1,0,3,35,0,0,0,0,0,0,0,0,,,0,0,0,0,0,0,0,0,0,0,0,0,,,,0,0,0,0,0,0,0,,0,0,0,0,,0,0
00-0021144,J.Henderson,John Henderson,NT,DL,"https://static.www.nfl.com/image/private/f_auto,q_auto/league/hqlhcmh1xh9cismcn0lh",2007,REG+POST,JAX,17,0,0,0,0,0,0,0,0,0,0,0,0,,,0,,0,0,0,0,0,0,,0,0,0,0,0,0,0,0,0,0,,0,,,0,,0,21,15,11,0,0,1,4,25,8,0,0,3,0,0,0,0,0,0,0,0,0,2,20,0,0,0,0,0,0,0,0,,,0,0,0,0,0,0,0,0,0,0,0,0,,,,0,0,0,0,0,0,0,,0,0,0,0,,0,0
00-0021145,L.Jones,Levi Jones,OT,OL,"https://static.www.nfl.com/image/private/f_auto,q_auto/league/mxbsd9q1ih7f5vxrtyfy",2007,REG,CIN,5,0,0,0,0,0,0,0,0,0,0,0,0,,,0,,0,0,0,0,0,0,,0,0,0,0,0,0,0,0,0,0,,0,,,0,,0,1,0,0,0,0,0,0,0,0,0,0,0,0,0,0,0,0,0,0,0,0,5,25,0,0,0,0,0,0,0,0,,,0,0,0,0,0,0,0,0,0,0,0,0,,,,0,0,0,0,0,0,0,,0,0,0,0,,0,0
00-0021146,D.Freeney,Dwight Freeney,DE,DL,"https://static.www.nfl.com/image/private/f_auto,q_auto/league/tk45swjxoh8bbjs50s7a",2007,REG,IND,9,0,0,0,0,0,0,0,0,0,0,0,0,,,0,,0,0,0,0,0,0,,0,0,0,0,0,0,0,0,0,0,,0,,,0,,0,14,4,3,0,0,4,3.5,15.5,11,0,0,0,0,0,1,0,0,0,0,0,0,0,0,0,0,0,0,0,0,0,0,,,0,0,0,0,0,0,0,0,0,0,0,0,,,,0,0,0,0,0,0,0,,0,0,0,0,,0,0
00-0021147,D.Stallworth,Donte' Stallworth,WR,WR,"https://static.www.nfl.com/image/private/f_auto,q_auto/league/ahqsd0htfjlwpgrd5ot8",2007,REG+POST,NE,18,0,0,0,0,0,0,0,0,0,0,0,0,,,0,,1,12,0,0,0,1,0.691726160468534,0,54,0,810,3,0,0,0,390,30,60.9639709792682,0,0,,0,,0,3,0,0,0,0,0,0,0,0,0,0,0,0,0,0,0,0,0,0,0,0,1,10,0,0,0,0,0,0,0,0,,,0,0,0,0,0,0,0,0,0,0,0,0,,,,0,0,0,0,0,0,0,,0,0,0,0,,100.2,154.2
00-0021148,J.Shockey,Jeremy Shockey,TE,TE,"https://static.www.nfl.com/image/private/f_auto,q_auto/league/oe4d8uw9nbhjtivrsmgu",2007,REG,NYG,14,0,0,0,0,0,0,0,0,0,0,0,0,,,0,,1,6,0,0,0,0,-0.042968793772161,0,57,0,619,3,0,0,0,235,33,43.6676515333108,0,0,0,0,0,0,3,0,0,0,0,0,0,0,0,0,0,0,0,0,0,0,0,0,0,0,0,2,20,0,0,0,0,0,0,0,0,,,0,0,0,0,0,0,0,0,0,0,0,0,,,,0,0,0,0,0,0,0,,0,0,0,0,,80.5,137.5
00-0021149,A.Haynesworth,Albert Haynesworth,DT,DL,"https://static.www.nfl.com/image/private/f_auto,q_auto/league/ar1hzrik0fmbdrj1t7uc",2007,REG+POST,TEN,13,0,0,0,0,0,0,0,0,0,0,0,0,,,0,,0,0,0,0,0,0,,0,0,0,0,0,0,0,0,0,0,,0,,,0,,0,29,8,8,0,0,0,6,34,15,0,0,4,0,0,0,0,0,0,0,0,0,11,84,0,0,0,0,0,0,0,0,,,0,0,0,0,0,0,0,0,0,0,0,0,,,,0,0,0,0,0,0,0,,0,0,0,0,,0,0
00-0021151,P.Buchanon,Phillip Buchanon,DB,DB,"https://static.www.nfl.com/image/private/f_auto,q_auto/league/luro84r9j189q3taguac",2007,REG+POST,TB,16,0,0,0,0,0,0,0,0,0,0,0,0,,,0,,0,0,0,0,0,0,,0,0,0,0,0,0,0,0,0,0,,0,,0,0,0,0,54,6,2,0,0,1,0,0,0,3,22,10,0,1,0,0,0,0,0,0,0,0,0,16,59,2,15,0,0,0,0,,,0,0,0,0,0,0,0,0,0,0,0,0,,,,0,0,0,0,0,0,0,,0,0,0,0,,0,0
00-0021152,A.Lelie,Ashley Lelie,WR,WR,"https://static.www.nfl.com/image/private/f_auto,q_auto/league/ecqltk8nfsaeakqb67tm",2007,REG,SF,5,0,0,0,0,0,0,0,0,0,0,0,0,,,0,,0,0,0,0,0,0,,0,10,0,115,0,1,0,0,9,4,6.74033703119494,0,0,0,0,0,0,0,0,0,0,0,0,0,0,0,0,0,0,0,0,0,0,1,1,0,0,0,1,5,0,0,0,0,0,0,0,0,,,0,0,0,0,0,0,0,0,0,0,0,0,,,,0,0,0,0,0,0,0,,0,0,0,0,,11.5,21.5
00-0021153,J.Walker,Javon Walker,WR,WR,"https://static.www.nfl.com/image/private/f_auto,q_auto/league/v4egqypmgutcrkxhfuz0",2007,REG,DEN,7,0,0,0,0,0,0,0,0,0,0,0,0,,,0,,2,-3,0,0,0,0,-1.52558585884981,0,26,0,287,0,0,0,0,117,10,16.5059108751944,0,0,,0,,0,0,0,0,0,0,0,0,0,0,0,0,0,0,0,0,0,0,0,0,0,0,1,5,0,0,0,0,0,0,0,0,,,0,0,0,0,0,0,0,0,0,0,0,0,,,,0,0,0,0,0,0,0,,0,0,0,0,,28.4,54.4
00-0021154,D.Graham,Daniel Graham,TE,TE,"https://static.www.nfl.com/image/private/f_auto,q_auto/league/nnedc5qbdgpo5n8gjc5n",2007,REG,DEN,13,0,0,0,0,0,0,0,0,0,0,0,0,,,0,,0,0,0,0,0,0,,0,24,0,246,2,0,0,0,104,12,21.4388161303359,0,0,,0,,0,1,0,0,0,0,0,0,0,0,0,0,0,0,0,0,0,0,0,0,0,0,5,34,0,0,0,0,0,0,0,0,,,0,0,0,0,0,0,0,0,0,0,0,0,,,,0,0,0,0,0,0,0,,0,0,0,0,,36.6,60.6
00-0021155,Na.Harris,Napoleon Harris,MLB,LB,"https://static.www.nfl.com/image/private/f_auto,q_auto/league/cgemnvqybjsudpvokqgc",2007,REG,KC,16,0,0,0,0,0,0,0,0,0,0,0,0,,,0,,0,0,0,0,0,0,,0,0,0,0,0,0,0,0,0,0,,0,,,0,,0,66,16,33,0,0,0,1.5,11,2,1,4,3,0,0,0,0,0,0,0,0,0,0,0,0,0,0,0,0,0,0,0,,,0,0,0,0,0,0,0,0,0,0,0,0,,,,0,0,0,0,0,0,0,,0,0,0,0,,0,0
00-0021156,C.Grant,Charles Grant,DE,DL,"https://static.www.nfl.com/image/private/f_auto,q_auto/league/d4jytqwgduhcxk5z4bnt",2007,REG,NO,14,0,0,0,0,0,0,0,0,0,0,0,0,,,0,,0,0,0,0,0,0,,0,0,0,0,0,0,0,0,0,0,,0,,0,0,0,0,28,12,9,0,0,1,3.5,16,9,0,0,2,0,0,0,0,0,0,0,0,0,1,5,0,0,0,0,0,0,0,0,,,0,0,0,0,0,0,0,0,0,0,0,0,,,,0,0,0,0,0,0,0,,0,0,0,0,,0,0
00-0021157,L.Sheppard,Lito Sheppard,CB,DB,"https://static.www.nfl.com/image/private/f_auto,q_auto/league/zguvzodkdqu7zxtnzqkc",2007,REG,PHI,11,0,0,0,0,0,0,0,0,0,0,0,0,,,0,,0,0,0,0,0,0,,0,0,0,0,0,0,0,0,0,0,,0,,0,0,0,0,44,3,4,0,0,0,0,0,0,2,25,5,0,0,0,0,0,0,0,0,0,2,25,0,0,0,0,0,0,0,0,,,0,0,0,0,0,0,0,0,0,0,0,0,,,,0,0,0,0,0,0,0,,0,0,0,0,,0,0
00-0021159,J.Stevens,Jerramy Stevens,TE,TE,"https://static.www.nfl.com/image/private/f_auto,q_auto/league/bzqc03pvcgykrrtxqnav",2007,REG+POST,TB,9,0,0,0,0,0,0,0,0,0,0,0,0,,,0,,0,0,0,0,0,0,,0,19,0,194,4,0,0,0,71,11,23.3930164631456,0,0,0,0,0,0,2,0,0,0,0,0,0,0,0,0,0,0,0,0,0,0,0,0,0,0,0,1,5,0,0,0,0,0,0,0,0,,,0,0,0,0,0,0,0,0,0,0,0,0,,,,0,0,0,0,0,0,0,,0,0,0,0,,43.4,62.4
00-0021160,M.Colombo,Marc Colombo,OT,OL,"https://static.www.nfl.com/image/private/f_auto,q_auto/league/vx6akggjkwfrcgcms0sd",2007,REG+POST,DAL,9,0,0,0,0,0,0,0,0,0,0,0,0,,,0,,0,0,0,0,0,0,,0,0,0,0,0,0,0,0,0,0,,0,,,0,,0,0,0,0,0,0,0,0,0,0,0,0,0,0,0,0,0,1,1,0,0,0,12,60,0,0,0,0,0,0,0,0,,,0,0,0,0,0,0,0,0,0,0,0,0,,,,0,0,0,0,0,0,0,,0,0,0,0,,0,0
00-0021161,K.Simmons,Kendall Simmons,G,OL,"https://static.www.nfl.com/image/private/f_auto,q_auto/league/nsyax8bc0owqvc0jwhyk",2007,REG,PIT,6,0,0,0,0,0,0,0,0,0,0,0,0,,,0,,0,0,0,0,0,0,,0,0,0,0,0,0,0,0,0,0,,0,,,0,,0,2,0,0,0,0,0,0,0,0,0,0,0,0,0,0,0,1,1,0,0,0,5,32,0,0,0,0,0,0,0,0,,,0,0,0,0,0,0,0,0,0,0,0,0,,,,0,0,0,0,0,0,0,,0,0,0,0,,0,0
00-0021162,R.Thomas,Robert Thomas,LB,LB,"https://static.www.nfl.com/image/private/f_auto,q_auto/league/o8vpnpaor4vbfovmxsuo",2007,REG,LV,12,0,0,0,0,0,0,0,0,0,0,0,0,,,0,,0,0,0,0,0,0,,0,0,0,0,0,0,0,0,0,0,,0,,,0,,0,39,12,11,0,0,2,0,0,0,0,0,0,0,0,0,0,0,0,0,0,0,1,10,0,0,0,0,0,0,0,0,,,0,0,0,0,0,0,0,0,0,0,0,0,,,,0,0,0,0,0,0,0,,0,0,0,0,,0,0
00-0021163,J.Gaffney,Jabar Gaffney,WR,WR,"https://static.www.nfl.com/image/private/f_auto,q_auto/league/jqsgaxs04w22z72svcxu",2007,REG+POST,NE,15,0,0,0,0,0,0,0,0,0,0,0,0,,,0,,0,0,0,0,0,0,,0,40,0,487,6,0,0,0,133,25,52.0803498800669,0,0,,0,,0,0,0,0,0,0,0,0,0,0,0,0,0,0,0,0,0,0,0,0,0,0,0,0,0,0,0,0,0,0,0,0,,,0,0,0,0,0,0,0,0,0,0,0,0,,,,0,0,0,0,0,0,0,,0,0,0,0,,84.7,124.7
00-0021164,D.Foster,DeShaun Foster,RB,RB,"https://static.www.nfl.com/image/private/f_auto,q_auto/league/jujycv6ylthhpis3i3wl",2007,REG,CAR,16,0,0,0,0,0,0,0,0,0,0,0,0,,,0,,247,876,3,5,4,44,-52.7577846852019,0,24,0,173,1,1,0,0,159,6,8.71946461947392,0,0,0,0,0,0,2,0,0,0,0,0,0,0,0,0,0,0,0,0,0,0,1,1,0,0,0,2,10,0,0,0,0,0,0,0,0,,,0,0,0,0,0,0,0,0,0,0,0,0,,,,0,0,0,0,0,0,0,,0,0,0,0,,120.9,144.9
00-0021165,K.Edwards,Kalimba Edwards,DE,DL,"https://static.www.nfl.com/image/private/f_auto,q_auto/league/r4iq0r6j72egovrszkyy",2007,REG,DET,7,0,0,0,0,0,0,0,0,0,0,0,0,,,0,,0,0,0,0,0,0,,0,0,0,0,0,0,0,0,0,0,,0,,,0,,0,10,3,5,0,0,2,3.5,23,5,0,0,0,0,0,0,0,0,0,0,0,0,2,10,0,0,0,0,0,0,0,0,,,0,0,0,0,0,0,0,0,0,0,0,0,,,,0,0,0,0,0,0,0,,0,0,0,0,,0,0
00-0021166,J.Reed,Josh Reed,WR,WR,"https://static.www.nfl.com/image/private/f_auto,q_auto/league/f9hd1bgfflng2qf2mhsn",2007,REG,BUF,15,0,0,0,0,0,0,0,0,0,0,0,0,,,0,,4,10,0,0,0,1,-0.953963477513753,0,51,0,578,0,0,0,0,221,33,33.849221421181,0,0,0,0,0,0,1,0,0,0,0,0,0,0,0,0,0,0,0,0,0,0,0,0,0,0,0,3,20,0,0,0,0,0,0,0,0,,,0,0,0,0,0,0,0,0,0,0,0,0,,,,0,0,0,0,0,0,0,,0,0,0,0,,58.8,109.8
00-0021167,R.Smith,Raonall Smith,LB,LB,"https://static.www.nfl.com/image/private/f_auto,q_auto/league/xlo7h470zlqnbnwlhk1i",2007,REG,LA,1,0,0,0,0,0,0,0,0,0,0,0,0,,,0,,0,0,0,0,0,0,,0,0,0,0,0,0,0,0,0,0,,0,,,0,,0,2,0,0,0,0,0,0,0,0,0,0,0,0,0,0,0,0,0,0,0,0,0,0,0,0,0,0,0,0,0,0,,,0,0,0,0,0,0,0,0,0,0,0,0,,,,0,0,0,0,0,0,0,,0,0,0,0,,0,0
00-0021170,L.Thompson,Lamont Thompson,DB,DB,"https://static.www.nfl.com/image/private/f_auto,q_auto/league/madq5nheq7lm4wnolmpi",2007,REG,JAX,4,0,0,0,0,0,0,0,0,0,0,0,0,,,0,,0,0,0,0,0,0,,0,0,0,0,0,0,0,0,0,0,,0,,,0,,0,7,2,1,0,0,0,0,0,0,0,0,0,0,0,0,0,0,0,0,0,0,0,0,0,0,0,0,0,0,0,0,,,0,0,0,0,0,0,0,0,0,0,0,0,,,,0,0,0,0,0,0,0,,0,0,0,0,,0,0
00-0021171,L.Tripplett,Larry Tripplett,DT,DL,"https://static.www.nfl.com/image/private/f_auto,q_auto/league/lmopeu8fpzfzgzqpeiav",2007,REG,BUF,15,0,0,0,0,0,0,0,0,0,0,0,0,,,0,,0,0,0,0,0,0,,0,0,0,0,0,0,0,0,0,0,,0,,0,0,0,0,13,6,16,0,0,1,0.5,1.5,7,1,0,5,0,0,0,0,0,0,1,1,0,3,25,0,0,0,0,0,0,0,0,,,0,0,0,0,0,0,0,0,0,0,0,0,,,,0,0,0,0,0,0,0,,0,0,0,0,,0,0
00-0021173,T.Williams,Tank Williams,DB,DB,"https://static.www.nfl.com/image/private/f_auto,q_auto/league/hnfxcem6cjfqmwo4fkxn",2007,REG,MIN,9,0,0,0,0,0,0,0,0,0,0,0,0,,,0,,0,0,0,0,0,0,,0,0,0,0,0,0,0,0,0,0,,0,,,0,,0,15,0,3,0,0,0,0,0,0,0,0,1,0,0,0,0,0,0,0,0,0,1,10,0,0,0,0,0,0,0,0,,,0,0,0,0,0,0,0,0,0,0,0,0,,,,0,0,0,0,0,0,0,,0,0,0,0,,0,0
00-0021174,T.Carter,Tim Carter,WR,WR,"https://static.www.nfl.com/image/private/f_auto,q_auto/league/ggrxzm6mfgj339gghnqv",2007,REG,CLE,6,0,0,0,0,0,0,0,0,0,0,0,0,,,0,,0,0,0,0,0,0,,0,8,0,117,1,0,0,0,19,7,9.34091337316204,0,0,0,0,0,0,0,0,0,0,0,0,0,0,0,0,0,0,0,0,0,0,0,0,0,0,0,1,5,0,0,0,0,0,0,0,0,,,0,0,0,0,0,0,0,0,0,0,0,0,,,,0,0,0,0,0,0,0,,0,0,0,0,,17.7,25.7
00-0021175,A.Davis,Andre Davis,WR,WR,"https://static.www.nfl.com/image/private/f_auto,q_auto/league/l71yv51h5vb7tts5sseq",2007,REG,HOU,14,0,0,0,0,0,0,0,0,0,0,0,0,,,0,,0,0,0,0,0,0,,0,33,0,583,3,1,1,0,101,20,44.3875563270559,1,0,0,0,0,3,5,0,0,0,0,0,0,0,0,0,0,0,0,0,0,0,0,0,1,1,0,0,0,0,0,32,968,0,0,0,0,,,0,0,0,0,0,0,0,0,0,0,0,0,,,,0,0,0,0,0,0,0,,0,0,0,0,,94.3,127.3
00-0021176,R.Caldwell,Reche Caldwell,WR,WR,"https://static.www.nfl.com/image/private/f_auto,q_auto/league/dlul6xognvatu1gepwwq",2007,REG+POST,WAS,6,0,0,0,0,0,0,0,0,0,0,0,0,,,0,,0,0,0,0,0,0,,0,16,0,148,0,0,0,0,24,9,9.89356280426728,0,0,,0,,0,0,0,0,0,0,0,0,0,0,0,0,0,0,0,0,0,0,0,0,0,0,0,0,0,0,0,0,0,0,0,0,,,0,0,0,0,0,0,0,0,0,0,0,0,,,,0,0,0,0,0,0,0,,0,0,0,0,,14.8,30.8
00-0021178,C.Pitts,Chester Pitts,G,OL,"https://static.www.nfl.com/image/private/f_auto,q_auto/league/o7qctanhwjzktslb7zz5",2007,REG,HOU,6,0,0,0,0,0,0,0,0,0,0,0,0,,,0,,0,0,0,0,0,0,,0,0,0,0,0,0,0,0,0,0,,0,,0,0,0,0,2,0,0,0,0,0,0,0,0,0,0,0,0,0,0,0,1,1,0,0,0,8,56,0,0,0,0,0,0,0,0,,,0,0,0,0,0,0,0,0,0,0,0,0,,,,0,0,0,0,0,0,0,,0,0,0,0,,0,0
00-0021179,C.Portis,Clinton Portis,RB,RB,"https://static.www.nfl.com/image/private/f_auto,q_auto/league/nuj4tdazwyxp6cfhac7h",2007,REG+POST,WAS,17,1,1,15,1,0,1,-2,0,0,15,0,1,1.43651333859903,68.1940823793411,0,1,345,1314,11,6,5,65,-50.917928166058,0,51,0,417,0,0,0,0,482,20,17.2867687844082,0,0,,0,,0,5,0,0,0,0,0,0,0,0,0,0,0,0,0,0,0,1,2,0,0,0,1,5,0,0,0,0,0,0,0,0,,,0,0,0,0,0,0,0,0,0,0,0,0,,,,0,0,0,0,0,0,0,,0,0,0,0,,233.7,284.7
00-0021180,A.Weaver,Anthony Weaver,DE,DL,"https://static.www.nfl.com/image/private/f_auto,q_auto/league/zudoujixxo1zr1snrovh",2007,REG,HOU,13,0,0,0,0,0,0,0,0,0,0,0,0,,,0,,0,0,0,0,0,0,,0,0,0,0,0,0,0,0,0,0,,0,,0,0,0,0,26,6,9,0,0,0,0,0,0,0,0,0,0,0,0,0,0,0,0,0,0,1,5,0,0,0,0,0,0,0,0,,,0,0,0,0,0,0,0,0,0,0,0,0,,,,0,0,0,0,0,0,0,,0,0,0,0,,0,0
00-0021181,L.Walker,Langston Walker,OT,OL,"https://static.www.nfl.com/image/private/f_auto,q_auto/league/mjvf21vmeafbvdc3lqzn",2007,REG,BUF,4,0,0,0,0,0,0,0,0,0,0,0,0,,,0,,0,0,0,0,0,0,,0,0,0,0,0,0,0,0,0,0,,0,,0,0,0,0,1,0,0,0,0,0,0,0,0,0,0,0,0,0,0,0,0,0,0,0,0,4,44,0,0,0,0,0,0,0,0,,,0,0,0,0,0,0,0,0,0,0,0,0,,,,0,0,0,0,0,0,0,,0,0,0,0,,0,0
00-0021182,M.Morris,Maurice Morris,RB,RB,"https://static.www.nfl.com/image/private/f_auto,q_auto/league/o8ytfrr4d5nawhc4htks",2007,REG+POST,SEA,15,0,0,0,0,0,0,0,0,0,0,0,0,,,0,,147,640,4,1,1,34,-14.818035133509,0,23,0,213,1,0,0,0,164,8,10.2416763018208,0,0,0,0,0,0,3,0,0,0,0,0,0,0,0,0,0,0,0,0,0,0,0,0,0,0,0,0,0,0,0,0,0,0,0,0,0,,,0,0,0,0,0,0,0,0,0,0,0,0,,,,0,0,0,0,0,0,0,,0,0,0,0,,113.3,136.3
00-0021184,L.Betts,Ladell Betts,RB,RB,"https://static.www.nfl.com/image/private/f_auto,q_auto/league/ccgdfu9kog9mfrzwktpu",2007,REG+POST,WAS,17,0,0,0,0,0,0,0,0,0,0,0,0,,,0,,96,350,1,1,1,17,-17.27642968607,0,23,0,193,1,0,0,0,212,8,4.09200901727309,0,0,,0,,0,0,0,0,0,0,0,0,0,0,0,0,0,0,0,0,0,0,0,0,0,0,0,0,0,0,5,108,0,0,0,0,,,0,0,0,0,0,0,0,0,0,0,0,0,,,,0,0,0,0,0,0,0,,0,0,0,0,,64.3,87.3
00-0021185,M.Lewis,Michael Lewis,S,DB,"https://static.www.nfl.com/image/private/f_auto,q_auto/league/wdjrk1cnkudl8fq82bmw",2007,REG,SF,16,0,0,0,0,0,0,0,0,0,0,0,0,,,0,,0,0,0,0,0,0,,0,0,0,0,0,0,0,0,0,0,,0,,0,0,0,0,67,6,30,0,0,1,1.5,13,3,2,18,5,0,0,0,0,0,0,1,1,0,1,5,0,0,0,0,0,0,0,0,,,0,0,0,0,0,0,0,0,0,0,0,0,,,,0,0,0,0,0,0,0,,0,0,0,0,,0,0
00-0021186,S.Brown,Sheldon Brown,CB,DB,"https://static.www.nfl.com/image/private/f_auto,q_auto/league/cq0plgxsjvpc9oxyitrg",2007,REG,PHI,16,0,0,0,0,0,0,0,0,0,0,0,0,,,0,,0,0,0,0,0,0,,0,0,0,0,0,0,0,0,0,0,,0,,0,0,0,0,53,8,7,0,0,1,0,0,0,3,3,14,0,0,0,0,0,0,0,0,0,3,16,0,0,0,0,0,0,0,0,,,0,0,0,0,0,0,0,0,0,0,0,0,,,,0,0,0,0,0,0,0,,0,0,0,0,,0,0
00-0021187,J.McGraw,Jon McGraw,S,DB,"https://static.www.nfl.com/image/private/f_auto,q_auto/league/kzpyckbvbor2qjonwraa",2007,REG,KC,7,0,0,0,0,0,0,0,0,0,0,0,0,,,0,,1,4,0,0,0,1,2.93854827154428,0,0,0,0,0,0,0,0,0,0,,0,,,0,,0,8,1,1,0,0,0,0,0,0,0,0,1,0,0,0,0,0,0,1,1,0,0,0,0,0,0,0,0,0,0,0,,,0,0,0,0,0,0,0,0,0,0,0,0,,,,0,0,0,0,0,0,0,,0,0,0,0,,0.4,0.4
00-0021189,R.Denney,Ryan Denney,DE,DL,"https://static.www.nfl.com/image/private/f_auto,q_auto/league/hcdia8wnrbpoubm9qb9p",2007,REG,BUF,6,0,0,0,0,0,0,0,0,0,0,0,0,,,0,,0,0,0,0,0,0,,0,0,0,0,0,0,0,0,0,0,,0,,0,0,0,0,17,4,6,0,0,0,1,7,1,0,0,0,0,0,0,0,0,0,1,1,0,0,0,0,0,0,0,0,0,0,0,,,0,0,0,0,0,0,0,0,0,0,0,0,,,,0,0,0,0,0,0,0,,0,0,0,0,,0,0
00-0021190,A.Randle El,Antwaan Randle El,WR,WR,"https://static.www.nfl.com/image/private/f_auto,q_auto/league/oipoorlgo1xgdzzphzvo",2007,REG+POST,WAS,16,1,2,19,0,0,0,0,0,0,29,13,1,0.852912484435365,-8.41949582099915,0,0.655172413793103,5,-1,0,0,0,0,-3.25340431527002,0,61,0,822,2,1,0,0,203,44,72.1145518798733,1,0,,0,,0,1,0,0,0,0,0,0,0,0,0,0,0,0,2,0,0,2,2,0,0,0,0,0,34,209,1,17,0,0,0,0,,,0,0,0,0,0,0,0,0,0,0,0,0,,,,0,0,0,0,0,0,0,,0,0,0,0,,96.86,157.86
00-0021192,D.Branch,Deion Branch,WR,WR,"https://static.www.nfl.com/image/private/f_auto,q_auto/league/xd8wzyqiqepe4rxvqfov",2007,REG,SEA,10,0,0,0,0,0,0,0,0,0,0,0,0,,,0,,0,0,0,0,0,0,,0,49,0,661,4,0,0,0,204,30,54.3496047423978,0,0,0,0,0,0,3,0,0,0,0,0,0,0,0,0,0,0,0,0,0,0,0,0,0,0,0,1,5,0,0,0,0,0,0,0,0,,,0,0,0,0,0,0,0,0,0,0,0,0,,,,0,0,0,0,0,0,0,,0,0,0,0,,90.1,139.1
00-0021193,F.Weary,Fred Weary,G,OL,"https://static.www.nfl.com/image/private/f_auto,q_auto/league/jes8d0hkl3r7hf5ljcix",2007,REG,HOU,3,0,0,0,0,0,0,0,0,0,0,0,0,,,0,,0,0,0,0,0,0,,0,0,0,0,0,0,0,0,0,0,,0,,0,0,0,0,1,0,0,0,0,0,0,0,0,0,0,0,0,0,0,0,0,0,0,0,0,2,10,0,0,0,0,0,0,0,0,,,0,0,0,0,0,0,0,0,0,0,0,0,,,,0,0,0,0,0,0,0,,0,0,0,0,,0,0
00-0021194,A.Goodman,Andre' Goodman,CB,DB,"https://static.www.nfl.com/image/private/f_auto,q_auto/league/fayeb9ibvl0kwm8jz9ba",2007,REG,MIA,11,0,0,0,0,0,0,0,0,0,0,0,0,,,0,,0,0,0,0,0,0,,0,0,0,0,0,0,0,0,0,0,,0,,,0,,0,13,2,5,0,0,0,0,0,0,2,23,4,0,0,0,0,0,0,0,0,0,1,19,0,0,0,0,0,0,0,0,,,0,0,0,0,0,0,0,0,0,0,0,0,,,,0,0,0,0,0,0,0,,0,0,0,0,,0,0
00-0021197,B.Leber,Ben Leber,OLB,LB,"https://static.www.nfl.com/image/private/f_auto,q_auto/league/rpo4fg1ipwbwqu4dwwof",2007,REG,MIN,16,0,0,0,0,0,0,0,0,0,0,0,0,,,0,,0,0,0,0,0,0,,0,0,0,0,0,0,0,0,0,0,,0,,,0,,0,46,5,16,0,0,2,5,54,7,1,0,4,0,0,0,0,0,0,1,1,0,1,15,0,0,0,0,0,0,0,0,,,0,0,0,0,0,0,0,0,0,0,0,0,,,,0,0,0,0,0,0,0,,0,0,0,0,,0,0
00-0021201,M.Fowler,Melvin Fowler,C,OL,"https://static.www.nfl.com/image/private/f_auto,q_auto/league/unjc1xotmwa8ofdyydsf",2007,REG,BUF,3,0,0,0,0,0,0,0,0,0,0,0,0,,,0,,0,0,0,0,0,0,,0,0,0,0,0,0,0,0,0,0,,0,,0,0,0,0,0,0,0,0,0,0,0,0,0,0,0,0,0,0,0,0,1,1,0,0,0,2,10,0,0,0,0,0,0,0,0,,,0,0,0,0,0,0,0,0,0,0,0,0,,,,0,0,0,0,0,0,0,,0,0,0,0,,0,0
00-0021206,J.McCown,Josh McCown,QB,QB,"https://static.www.nfl.com/image/private/f_auto,q_auto/league/qcauc37wqjdaxdbq1evu",2007,REG,LV,9,111,191,1151,10,11,15,-98,8,1,1641,563,54,-23.8207911999424,-1.20719266665536,1,0.701401584399756,28,149,0,3,2,14,-2.60959879190336,0,0,0,0,0,0,0,0,0,0,,0,,,0,,0,0,0,0,0,0,0,0,0,0,0,0,0,0,0,0,0,3,3,0,0,0,3,15,0,0,0,0,0,0,0,0,,,0,0,0,0,0,0,0,0,0,0,0,0,,,,0,0,0,0,0,0,0,,0,0,0,0,,74.94,74.94
00-0021213,C.Baker,Chris Baker,TE,TE,"https://static.www.nfl.com/image/private/f_auto,q_auto/league/vewppbny38vhni9gdwbr",2007,REG,NYJ,14,0,0,0,0,0,0,0,0,0,0,0,0,,,0,,0,0,0,0,0,0,,0,41,0,411,3,1,1,0,146,29,31.8943799993286,0,0,,0,,0,2,0,0,0,0,0,0,0,0,0,0,0,0,0,0,0,1,1,0,0,0,3,25,0,0,4,18,0,0,0,0,,,0,0,0,0,0,0,0,0,0,0,0,0,,,,0,0,0,0,0,0,0,,0,0,0,0,,57.1,98.1
00-0021214,A.Ayodele,Akin Ayodele,ILB,LB,"https://static.www.nfl.com/image/private/f_auto,q_auto/league/cvcbtx2dlv58gzfev8wa",2007,REG+POST,DAL,17,0,0,0,0,0,0,0,0,0,0,0,0,,,0,,0,0,0,0,0,0,,0,0,0,0,0,0,0,0,0,0,,0,,,0,,0,35,3,23,0,0,0,0,0,0,0,0,4,0,0,0,0,0,0,0,0,0,0,0,0,0,0,0,0,0,0,0,,,0,0,0,0,0,0,0,0,0,0,0,0,,,,0,0,0,0,0,0,0,,0,0,0,0,,0,0
00-0021215,S.McKinney,Seth McKinney,G,OL,"https://static.www.nfl.com/image/private/f_auto,q_auto/league/uncmvpuq11z4ujrr83rk",2007,REG,CLE,2,0,0,0,0,0,0,0,0,0,0,0,0,,,0,,0,0,0,0,0,0,,0,0,0,0,0,0,0,0,0,0,,0,,0,0,0,0,0,0,0,0,0,0,0,0,0,0,0,0,0,0,0,0,0,0,0,0,0,3,15,0,0,0,0,0,0,0,0,,,0,0,0,0,0,0,0,0,0,0,0,0,,,,0,0,0,0,0,0,0,,0,0,0,0,,0,0
00-0021216,B.Westbrook,Brian Westbrook,RB,RB,"https://static.www.nfl.com/image/private/f_auto,q_auto/league/xerjzdet52uvvhqovape",2007,REG,PHI,15,0,0,0,0,0,0,0,0,0,0,0,0,,,0,,278,1333,7,0,0,75,3.82967572340054,0,90,0,771,5,1,1,0,727,31,39.0451524142949,0,0,0,0,0,0,3,0,0,0,0,0,0,0,0,0,0,0,0,1,0,0,0,0,0,0,0,1,5,4,79,0,0,0,0,0,0,,,0,0,0,0,0,0,0,0,0,0,0,0,,,,0,0,0,0,0,0,0,,0,0,0,0,,280.4,370.4
00-0021218,T.Metcalf,Terrence Metcalf,G,OL,"https://static.www.nfl.com/image/private/f_auto,q_auto/league/ybqxx8bpbdgvkmbg8xci",2007,REG,CHI,3,0,0,0,0,0,0,0,0,0,0,0,0,,,0,,0,0,0,0,0,0,,0,0,0,0,0,0,0,0,0,0,,0,,,0,,0,0,0,0,0,0,0,0,0,0,0,0,0,0,0,0,0,0,0,0,0,0,4,39,0,0,0,0,0,0,0,0,,,0,0,0,0,0,0,0,0,0,0,0,0,,,,0,0,0,0,0,0,0,,0,0,0,0,,0,0
00-0021219,C.Hope,Chris Hope,S,DB,"https://static.www.nfl.com/image/private/f_auto,q_auto/league/nsswxkw786ns5y149yej",2007,REG,TEN,11,0,0,0,0,0,0,0,0,0,0,0,0,,,0,,0,0,0,0,0,0,,0,0,0,0,0,0,0,0,0,0,,0,,,0,,0,26,11,12,0,0,0,0,0,2,2,45,3,0,0,0,0,0,0,1,1,0,0,0,0,0,0,0,0,0,0,0,,,0,0,0,0,0,0,0,0,0,0,0,0,,,,0,0,0,0,0,0,0,,0,0,0,0,,0,0
00-0021222,C.Wire,Coy Wire,OLB,LB,"https://static.www.nfl.com/image/private/f_auto,q_auto/league/uplelhhthzzfs7vb7qeq",2007,REG,BUF,5,0,0,0,0,0,0,0,0,0,0,0,0,,,0,,0,0,0,0,0,0,,0,0,0,0,0,0,0,0,0,0,,0,,0,0,0,0,3,0,1,0,0,0,0,0,1,0,0,0,0,0,0,0,0,0,0,0,0,0,0,0,0,0,0,0,0,0,0,,,0,0,0,0,0,0,0,0,0,0,0,0,,,,0,0,0,0,0,0,0,,0,0,0,0,,0,0
00-0021224,D.Wesley,Dante Wesley,DB,DB,"https://static.www.nfl.com/image/private/f_auto,q_auto/league/gbnlcmxbmrpg3xlaquys",2007,REG,CAR,2,0,0,0,0,0,0,0,0,0,0,0,0,,,0,,0,0,0,0,0,0,,0,0,0,0,0,0,0,0,0,0,,0,,0,0,0,0,2,0,0,0,0,0,0,0,0,0,0,0,0,0,0,0,0,0,0,0,0,0,0,0,0,0,0,0,0,0,0,,,0,0,0,0,0,0,0,0,0,0,0,0,,,,0,0,0,0,0,0,0,,0,0,0,0,,0,0
00-0021225,K.Bentley,Kevin Bentley,LB,LB,"https://static.www.nfl.com/image/private/f_auto,q_auto/league/ckkub4qhtny9uumyzdh5",2007,REG+POST,SEA,13,0,0,0,0,0,0,0,0,0,0,0,0,,,0,,0,0,0,0,0,0,,0,0,0,0,0,0,0,0,0,0,,0,,0,0,0,0,22,3,6,0,0,0,0,0,0,0,0,0,0,0,0,0,0,0,0,0,0,0,0,0,0,0,0,0,0,0,0,,,0,0,0,0,0,0,0,0,0,0,0,0,,,,0,0,0,0,0,0,0,,0,0,0,0,,0,0
00-0021227,J.Peelle,Justin Peelle,TE,TE,"https://static.www.nfl.com/image/private/f_auto,q_auto/league/sr2vv3dcuiffdruxfyql",2007,REG,MIA,14,0,0,0,0,0,0,0,0,0,0,0,0,,,0,,0,0,0,0,0,0,,0,29,0,228,2,0,0,0,144,12,19.5659170493018,0,0,,0,,0,3,3,2,0,0,0,0,0,0,0,0,0,0,0,0,0,0,0,0,0,0,1,5,0,0,1,0,0,0,0,0,,,0,0,0,0,0,0,0,0,0,0,0,0,,,,0,0,0,0,0,0,0,,0,0,0,0,,34.8,63.8
00-0021228,A.Brown,Alex Brown,DE,DL,"https://static.www.nfl.com/image/private/f_auto,q_auto/league/lnrqz1wloz9ahtcw1qlt",2007,REG,CHI,14,0,0,0,0,0,0,0,0,0,0,0,0,,,0,,0,0,0,0,0,0,,0,0,0,0,0,0,0,0,0,0,,0,,,0,,0,25,7,9,0,0,2,5,26,10,1,7,5,0,0,0,0,0,0,2,2,0,5,35,0,0,0,0,0,0,0,0,,,0,0,0,0,0,0,0,0,0,0,0,0,,,,0,0,0,0,0,0,0,,0,0,0,0,,0,0
00-0021229,B.Williams,Brian Williams,DB,DB,"https://static.www.nfl.com/image/private/f_auto,q_auto/league/lyzktfl6pth1nv9sb4r0",2007,REG+POST,JAX,16,0,0,0,0,0,0,0,0,0,0,0,0,,,0,,0,0,0,0,0,0,,0,0,0,0,0,0,0,0,0,0,,0,,,0,,0,56,4,17,0,0,1,0,0,0,3,10,9,0,0,0,0,0,0,0,0,0,2,15,0,0,0,0,0,0,0,0,,,0,0,0,0,0,0,0,0,0,0,0,0,,,,0,0,0,0,0,0,0,,0,0,0,0,,0,0
00-0021230,D.Thornton,David Thornton,OLB,LB,"https://static.www.nfl.com/image/private/f_auto,q_auto/league/pe3vipru3ann5gsod5mv",2007,REG+POST,TEN,17,0,0,0,0,0,0,0,0,0,0,0,0,,,0,,0,0,0,0,0,0,,0,0,0,0,0,0,0,0,0,0,,0,,,0,,0,71,27,31,0,0,1,1,7,1,2,16,6,0,0,0,0,0,0,1,1,0,1,5,0,0,0,0,0,0,0,0,,,0,0,0,0,0,0,0,0,0,0,0,0,,,,0,0,0,0,0,0,0,,0,0,0,0,,0,0
00-0021231,D.Garrard,David Garrard,QB,QB,"https://static.www.nfl.com/image/private/f_auto,q_auto/league/ogcdepv291fwwguy3zho",2007,REG+POST,JAX,14,239,379,2927,21,6,25,-140,4,3,3482,1136,146,86.9941857825863,4.02174767940192,0,0.840608845491097,58,254,1,0,0,22,22.9961603846003,1,0,0,0,0,0,0,0,0,0,,0,,,0,,0,4,0,1,0,0,0,0,0,0,0,0,0,0,0,0,0,0,0,0,0,0,4,29,0,0,0,0,0,0,0,0,,,0,0,0,0,0,0,0,0,0,0,0,0,,,,0,0,0,0,0,0,0,,0,0,0,0,,216.48,216.48
00-0021235,D.Zastudil,Dave Zastudil,P,SPEC,"https://static.www.nfl.com/image/private/f_auto,q_auto/league/h15ktbiagctphhbq4hp8",2007,REG,CLE,12,0,0,0,0,0,0,0,0,0,0,0,0,,,0,,2,-3,0,1,0,1,-7.13925086334348,0,0,0,0,0,0,0,0,0,0,,0,,0,0,0,0,0,0,0,0,0,0,0,0,0,0,0,0,0,0,0,0,1,2,0,0,0,0,0,0,0,0,0,0,0,0,0,,,0,0,0,0,0,0,0,0,0,0,0,0,,,,0,0,0,0,0,0,0,,0,0,0,0,,-0.3,-0.3
00-0021236,R.McMichael,Randy McMichael,TE,TE,"https://static.www.nfl.com/image/private/f_auto,q_auto/league/s1ebauacar3ua1hlsa8a",2007,REG,LA,16,0,0,0,0,0,0,0,0,0,0,0,0,,,0,,0,0,0,0,0,0,,0,39,0,429,3,0,0,0,129,28,41.9563392135461,0,0,,0,,0,3,0,0,0,0,0,0,0,0,0,0,0,0,0,0,0,0,0,0,0,0,3,15,0,0,0,0,0,0,0,0,,,0,0,0,0,0,0,0,0,0,0,0,0,,,,0,0,0,0,0,0,0,,0,0,0,0,,60.9,99.9
00-0021237,T.Beckham,Tony Beckham,DB,DB,"https://static.www.nfl.com/image/private/f_auto,q_auto/league/oztyhtmokcku9agrtptu",2007,REG,DET,4,0,0,0,0,0,0,0,0,0,0,0,0,,,0,,0,0,0,0,0,0,,0,0,0,0,0,0,0,0,0,0,,0,,,0,,0,3,0,2,0,0,0,0,0,0,0,0,1,0,0,0,0,0,0,0,0,0,0,0,0,0,0,0,0,0,0,0,,,0,0,0,0,0,0,0,0,0,0,0,0,,,,0,0,0,0,0,0,0,,0,0,0,0,,0,0
00-0021244,J.Green,Jarvis Green,DE,DL,"https://static.www.nfl.com/image/private/f_auto,q_auto/league/hpuy0k0qdkhblob3ibya",2007,REG+POST,NE,19,0,0,0,0,0,0,0,0,0,0,0,0,,,0,,0,0,0,0,0,0,,0,0,0,0,0,0,0,0,0,0,,0,,,0,,0,21,9,15,0,0,2,8,51,13,0,0,0,0,0,0,0,0,0,1,1,0,0,0,0,0,0,0,0,0,0,0,,,0,0,0,0,0,0,0,0,0,0,0,0,,,,0,0,0,0,0,0,0,,0,0,0,0,,0,0
00-0021246,L.Foote,Larry Foote,MLB,LB,"https://static.www.nfl.com/image/private/f_auto,q_auto/league/gvqip0nr6sqzwul9yyil",2007,REG+POST,PIT,16,0,0,0,0,0,0,0,0,0,0,0,0,,,0,,0,0,0,0,0,0,,0,0,0,0,0,0,0,0,0,0,,0,,,0,,0,33,17,37,0,0,3,3.5,24,4,1,14,5,0,0,0,0,0,0,0,0,0,0,0,0,0,0,0,0,0,0,0,,,0,0,0,0,0,0,0,0,0,0,0,0,,,,0,0,0,0,0,0,0,,0,0,0,0,,0,0
00-0021250,R.Boiman,Rocky Boiman,LB,LB,"https://static.www.nfl.com/image/private/f_auto,q_auto/league/c7ijs9nxkylujooetdaf",2007,REG+POST,IND,16,0,0,0,0,0,0,0,0,0,0,0,0,,,0,,0,0,0,0,0,0,,0,0,0,0,0,0,0,0,0,0,,0,,,0,,0,25,9,22,0,0,0,0,0,0,2,28,4,0,0,0,0,0,0,1,1,0,1,5,0,0,0,0,0,0,0,0,,,0,0,0,0,0,0,0,0,0,0,0,0,,,,0,0,0,0,0,0,0,,0,0,0,0,,0,0
00-0021252,N.Davenport,Najeh Davenport,RB,RB,"https://static.www.nfl.com/image/private/f_auto,q_auto/league/smaqioevq5yz66r5qj8w",2007,REG+POST,PIT,16,0,0,0,0,0,0,0,0,0,0,0,0,,,0,,123,524,7,1,0,40,4.54377395067958,0,20,0,207,2,0,0,0,125,7,12.2218805042137,0,0,,0,,0,6,1,4,0,0,0,0,0,0,0,0,0,0,0,0,0,1,1,0,0,0,1,10,0,0,12,206,0,0,0,0,,,0,0,0,0,0,0,0,0,0,0,0,0,,,,0,0,0,0,0,0,0,,0,0,0,0,,127.1,147.1
00-0021255,J.Owens,John Owens,TE,TE,"https://static.www.nfl.com/image/private/f_auto,q_auto/league/j2hdxapn6edhy7xc47hf",2007,REG,DET,6,0,0,0,0,0,0,0,0,0,0,0,0,,,0,,0,0,0,0,0,0,,0,2,0,13,0,0,0,0,2,0,0.852161318995059,0,0,0,0,0,0,3,0,0,0,0,0,0,0,0,0,0,0,0,0,0,0,0,0,0,0,0,2,15,0,0,0,0,0,0,0,0,,,0,0,0,0,0,0,0,0,0,0,0,0,,,,0,0,0,0,0,0,0,,0,0,0,0,,1.3,3.3
00-0021257,A.Davis,Andra Davis,ILB,LB,"https://static.www.nfl.com/image/private/f_auto,q_auto/league/vk6sr3xglxd5tzqncfjw",2007,REG,CLE,16,0,0,0,0,0,0,0,0,0,0,0,0,,,0,,0,0,0,0,0,0,,0,0,0,0,0,0,0,0,0,0,,0,,0,0,0,0,36,15,16,0,0,1,0,0,2,0,0,4,0,0,0,0,0,0,0,0,0,2,10,0,0,0,0,0,0,0,0,,,0,0,0,0,0,0,0,0,0,0,0,0,,,,0,0,0,0,0,0,0,,0,0,0,0,,0,0
00-0021259,S.Fujita,Scott Fujita,OLB,LB,"https://static.www.nfl.com/image/private/f_auto,q_auto/league/ugszonmog1nefgmudyev",2007,REG,NO,15,0,0,0,0,0,0,0,0,0,0,0,0,,,0,,0,0,0,0,0,0,,0,0,0,0,0,0,0,0,0,0,,0,,0,0,0,0,61,15,18,0,0,1,2,19,2,0,0,2,0,0,0,0,0,0,2,2,0,0,0,0,0,0,0,0,0,0,0,,,0,0,0,0,0,0,0,0,0,0,0,0,,,,0,0,0,0,0,0,0,,0,0,0,0,,0,0
00-0021260,K.Johnson,Kyle Johnson,RB,RB,"https://static.www.nfl.com/image/private/f_auto,q_auto/league/lfickqowrhq7ylaa7b3s",2007,REG,DEN,1,0,0,0,0,0,0,0,0,0,0,0,0,,,0,,0,0,0,0,0,0,,0,0,0,0,0,0,0,0,0,0,,0,,,0,,0,1,1,0,0,0,0,0,0,0,0,0,0,0,0,0,0,0,0,0,0,0,1,8,0,0,0,0,0,0,0,0,,,0,0,0,0,0,0,0,0,0,0,0,0,,,,0,0,0,0,0,0,0,,0,0,0,0,,0,0
00-0021261,R.Bernard,Rocky Bernard,DT,DL,"https://static.www.nfl.com/image/private/f_auto,q_auto/league/bzgry0hinbvlm6t9q4vl",2007,REG+POST,SEA,16,0,0,0,0,0,0,0,0,0,0,0,0,,,0,,0,0,0,0,0,0,,0,0,0,0,0,0,0,0,0,0,,0,,0,0,0,0,25,3,10,0,0,0,3.5,24,10,0,0,0,0,0,0,0,0,0,2,2,0,3,25,0,0,0,0,0,0,0,0,,,0,0,0,0,0,0,0,0,0,0,0,0,,,,0,0,0,0,0,0,0,,0,0,0,0,,0,0
00-0021262,K.Coleman,Kenyon Coleman,DE,DL,"https://static.www.nfl.com/image/private/f_auto,q_auto/league/nqh7g3oxrctpfhoeazzf",2007,REG,NYJ,15,0,0,0,0,0,0,0,0,0,0,0,0,,,0,,0,0,0,0,0,0,,0,0,0,0,0,0,0,0,0,0,,0,,,0,,0,36,20,27,0,0,0,1.5,8,2,0,0,0,0,0,0,0,0,0,0,0,0,0,0,0,0,0,0,0,0,0,0,,,0,0,0,0,0,0,0,0,0,0,0,0,,,,0,0,0,0,0,0,0,,0,0,0,0,,0,0
00-0021263,M.Mitchell,Mel Mitchell,DB,DB,"https://static.www.nfl.com/image/private/f_auto,q_auto/league/bzwdhtfx98fpcjuzd6vu",2007,REG,NE,7,0,0,0,0,0,0,0,0,0,0,0,0,,,0,,0,0,0,0,0,0,,0,0,0,0,0,0,0,0,0,0,,0,,,0,,0,6,4,1,0,0,0,0,0,0,0,0,0,0,0,0,0,0,0,0,0,0,1,15,0,0,0,0,0,0,0,0,,,0,0,0,0,0,0,0,0,0,0,0,0,,,,0,0,0,0,0,0,0,,0,0,0,0,,0,0
00-0021265,N.Greisen,Nick Greisen,LB,LB,"https://static.www.nfl.com/image/private/f_auto,q_auto/league/g7vqwlpfh78wpflx1taa",2007,REG,BAL,9,0,0,0,0,0,0,0,0,0,0,0,0,,,0,,0,0,0,0,0,0,,0,0,0,0,0,0,0,0,0,0,,0,,,0,,0,21,3,6,0,0,0,0,0,0,0,0,0,0,0,0,0,1,1,0,0,0,1,5,0,0,0,0,0,0,0,0,,,0,0,0,0,0,0,0,0,0,0,0,0,,,,0,0,0,0,0,0,0,,0,0,0,0,,0,0
00-0021267,J.Goodwin,Jonathan Goodwin,C,OL,"https://static.www.nfl.com/image/private/f_auto,q_auto/league/ifcpq9i0tgp5vpjkedjr",2007,REG,NO,1,0,0,0,0,0,0,0,0,0,0,0,0,,,0,,0,0,0,0,0,0,,0,0,0,0,0,0,0,0,0,0,,0,,0,0,0,0,0,0,0,0,0,0,0,0,0,0,0,0,0,0,0,0,0,0,0,0,0,1,10,0,0,0,0,0,0,0,0,,,0,0,0,0,0,0,0,0,0,0,0,0,,,,0,0,0,0,0,0,0,,0,0,0,0,,0,0
00-0021269,A.Kampman,Aaron Kampman,DE,DL,"https://static.www.nfl.com/image/private/f_auto,q_auto/league/kamxlk2pg6o6lkrrm0mg",2007,REG+POST,GB,17,0,0,0,0,0,0,0,0,0,0,0,0,,,0,,0,0,0,0,0,0,,0,0,0,0,0,0,0,0,0,0,,0,,0,0,0,0,41,9,18,0,0,1,11,65,27,0,0,0,0,0,0,0,0,0,2,2,0,1,5,0,0,0,0,0,0,0,0,,,0,0,0,0,0,0,0,0,0,0,0,0,,,,0,0,0,0,0,0,0,,0,0,0,0,,0,0
00-0021270,J.Phillips,Jermaine Phillips,FS,DB,"https://static.www.nfl.com/image/private/f_auto,q_auto/league/j2oivvk8u1focyjess8c",2007,REG+POST,TB,16,0,0,0,0,0,0,0,0,0,0,0,0,,,0,,0,0,0,0,0,0,,0,0,0,0,0,0,0,0,0,0,,0,,0,0,0,0,73,5,16,0,0,3,1,11,2,4,2,7,0,0,0,0,0,0,0,0,0,1,5,0,0,0,0,0,0,0,0,,,0,0,0,0,0,0,0,0,0,0,0,0,,,,0,0,0,0,0,0,0,,0,0,0,0,,0,0
00-0021273,R.Royal,Robert Royal,TE,TE,"https://static.www.nfl.com/image/private/f_auto,q_auto/league/hadzjhgmgg68x03u1ljr",2007,REG,BUF,11,0,0,0,0,0,0,0,0,0,0,0,0,,,0,,0,0,0,0,0,0,,0,25,0,248,3,2,2,0,158,10,9.23577861887804,0,0,0,0,0,0,3,0,0,0,0,0,0,0,0,0,0,0,0,0,0,0,0,0,0,0,0,2,20,0,0,0,0,0,0,0,0,,,0,0,0,0,0,0,0,0,0,0,0,0,,,,0,0,0,0,0,0,0,,0,0,0,0,,38.8,63.8
00-0021277,C.Nall,Craig Nall,QB,QB,"https://static.www.nfl.com/image/private/f_auto,q_auto/league/jdnc4zi1r6b0r9ksd0kq",2007,REG,GB,1,7,15,88,1,0,1,-10,0,0,117,40,4,-0.215998473480772,-12.7409108479818,0,0.752136752136752,5,6,0,2,1,3,-5.92704927735031,0,0,0,0,0,0,0,0,0,0,,0,,0,0,0,0,0,0,0,0,0,0,0,0,0,0,0,0,0,0,0,0,1,3,0,0,0,0,0,0,0,0,0,0,0,0,0,,,0,0,0,0,0,0,0,0,0,0,0,0,,,,0,0,0,0,0,0,0,,0,0,0,0,,6.12,6.12
00-0021279,V.Haynes,Verron Haynes,FB,RB,"https://static.www.nfl.com/image/private/f_auto,q_auto/league/fqosaco2or1em2lxslqk",2007,REG,PIT,1,0,0,0,0,0,0,0,0,0,0,0,0,,,0,,0,0,0,0,0,0,,0,1,0,12,0,0,0,0,11,1,1.64998716069385,0,0,,0,,0,1,0,0,0,0,0,0,0,0,0,0,0,0,0,0,0,0,0,0,0,0,0,0,0,0,0,0,0,0,0,0,,,0,0,0,0,0,0,0,0,0,0,0,0,,,,0,0,0,0,0,0,0,,0,0,0,0,,1.2,2.2
00-0021285,J.Shaw,Josh Shaw,DT,DL,"https://static.www.nfl.com/image/private/f_auto,q_auto/league/yohv4qfnvzcya86pmsoj",2007,REG,LV,1,0,0,0,0,0,0,0,0,0,0,0,0,,,0,,0,0,0,0,0,0,,0,0,0,0,0,0,0,0,0,0,,0,,,0,,0,1,0,1,0,0,0,0,0,0,0,0,0,0,0,0,0,0,0,0,0,0,0,0,0,0,0,0,0,0,0,0,,,0,0,0,0,0,0,0,0,0,0,0,0,,,,0,0,0,0,0,0,0,,0,0,0,0,,0,0
00-0021286,D.Faggins,Demarcus Faggins,DB,DB,"https://static.www.nfl.com/image/private/f_auto,q_auto/league/zylcbpwmdxqgpiuqpkz1",2007,REG,HOU,11,0,0,0,0,0,0,0,0,0,0,0,0,,,0,,0,0,0,0,0,0,,0,0,0,0,0,0,0,0,0,0,,0,,0,0,0,0,34,6,6,0,0,2,0,0,0,0,0,4,0,0,0,0,0,0,1,1,0,4,60,0,0,0,0,0,0,0,0,,,0,0,0,0,0,0,0,0,0,0,0,0,,,,0,0,0,0,0,0,0,,0,0,0,0,,0,0
00-0021287,K.Heinrich,Keith Heinrich,TE,TE,"https://static.www.nfl.com/image/private/f_auto,q_auto/league/iepxz1jklojo97u5qkal",2007,REG,TB,1,0,0,0,0,0,0,0,0,0,0,0,0,,,0,,0,0,0,0,0,0,,0,0,0,0,0,0,0,0,0,0,,0,,0,0,0,0,1,0,0,0,0,0,0,0,0,0,0,0,0,0,0,0,0,0,0,0,0,0,0,0,0,0,0,0,0,0,0,,,0,0,0,0,0,0,0,0,0,0,0,0,,,,0,0,0,0,0,0,0,,0,0,0,0,,0,0
00-0021296,J.O'Sullivan,J.T. O'Sullivan,QB,QB,"https://static.www.nfl.com/image/private/f_auto,q_auto/league/jzmdiwnczp3heq92f9cy",2007,REG,DET,4,13,25,148,1,2,3,-18,0,0,204,80,7,-2.58304010363936,-10.4868231962124,0,0.725490196078431,4,-10,0,3,1,1,-9.61437101283809,0,0,0,0,0,0,0,0,0,0,,0,,,0,,0,0,0,0,0,0,0,0,0,0,0,0,0,0,0,0,0,1,2,0,0,0,0,0,0,0,0,0,0,0,0,0,,,0,0,0,0,0,0,0,0,0,0,0,0,,,,0,0,0,0,0,0,0,,0,0,0,0,,2.92,2.92
00-0021297,J.Hartwig,Justin Hartwig,C,OL,"https://static.www.nfl.com/image/private/f_auto,q_auto/league/titscfc6ckgvwk7me5z0",2007,REG,CAR,7,0,0,0,0,0,0,0,0,0,0,0,0,,,0,,0,0,0,0,0,0,,0,0,0,0,0,0,0,0,0,0,,0,,0,0,0,0,0,0,0,0,0,0,0,0,0,0,0,0,0,0,0,0,1,2,0,0,0,7,60,0,0,0,0,0,0,0,0,,,0,0,0,0,0,0,0,0,0,0,0,0,,,,0,0,0,0,0,0,0,,0,0,0,0,,0,0
00-0021304,J.Gilmore,John Gilmore,TE,TE,"https://static.www.nfl.com/image/private/f_auto,q_auto/league/cfr1tewo6wjomhaztvsi",2007,REG,CHI,10,0,0,0,0,0,0,0,0,0,0,0,0,,,0,,0,0,0,0,0,0,,0,3,0,14,0,0,0,0,9,1,-0.675457655917853,0,0,,0,,0,3,1,0,0,0,0,0,0,0,0,0,0,0,0,0,0,0,0,0,0,0,3,15,0,0,3,25,0,0,0,0,,,0,0,0,0,0,0,0,0,0,0,0,0,,,,0,0,0,0,0,0,0,,0,0,0,0,,1.4,4.4
00-0021306,A.Peterson,Adrian Peterson,RB,RB,"https://static.www.nfl.com/image/private/f_auto,q_auto/league/qaooheg4judwnjn9ofb2",2007,REG,CHI,16,1,1,9,1,0,0,0,0,0,9,0,1,2.16140499088215,65.2029633522034,0,1,151,510,3,1,1,28,-18.3534115616203,0,51,0,420,0,1,1,0,413,15,12.2073453386293,0,0,,0,,0,5,0,0,0,0,0,0,0,0,0,0,0,0,0,0,0,1,1,0,0,0,0,0,0,0,3,17,0,0,0,0,,,0,0,0,0,0,0,0,0,0,0,0,0,,,,0,0,0,0,0,0,0,,0,0,0,0,,111.36,162.36
00-0021314,C.Taylor,Chester Taylor,RB,RB,"https://static.www.nfl.com/image/private/f_auto,q_auto/league/ay2c42ghmrgmxqcdsmdi",2007,REG,MIN,14,0,1,0,0,0,0,0,0,0,5,0,0,-0.975238398415968,-42.7371472120285,0,0,157,844,7,5,4,38,-9.40718372053483,0,29,0,281,0,0,0,0,248,12,12.1729064517131,0,0,,0,,0,0,0,0,0,0,0,0,0,0,0,0,0,0,0,0,0,0,0,0,0,0,1,15,0,0,0,0,0,0,0,0,,,0,0,0,0,0,0,0,0,0,0,0,0,,,,0,0,0,0,0,0,0,,0,0,0,0,,146.5,175.5
00-0021317,B.Fletcher,Bryan Fletcher,TE,TE,"https://static.www.nfl.com/image/private/f_auto,q_auto/league/sqorzipxi3devk40ix49",2007,REG+POST,IND,7,0,0,0,0,0,0,0,0,0,0,0,0,,,0,,0,0,0,0,0,0,,0,19,0,145,0,0,0,0,46,10,12.471494053476,1,0,,0,,0,1,0,0,0,0,0,0,0,0,0,0,0,0,0,0,0,0,0,0,0,0,3,25,0,0,0,0,0,0,0,0,,,0,0,0,0,0,0,0,0,0,0,0,0,,,,0,0,0,0,0,0,0,,0,0,0,0,,16.5,35.5
00-0021321,M.Pucillo,Mike Pucillo,G,OL,"https://static.www.nfl.com/image/private/f_auto,q_auto/league/ko9ipaiirnoy2lrmreto",2007,REG,WAS,1,0,0,0,0,0,0,0,0,0,0,0,0,,,0,,0,0,0,0,0,0,,0,0,0,0,0,0,0,0,0,0,,0,,,0,,0,1,0,0,0,0,0,0,0,0,0,0,0,0,0,0,0,0,0,0,0,0,0,0,0,0,0,0,0,0,0,0,,,0,0,0,0,0,0,0,0,0,0,0,0,,,,0,0,0,0,0,0,0,,0,0,0,0,,0,0
00-0021326,J.Mallard,Josh Mallard,DE,DL,"https://static.www.nfl.com/image/private/f_auto,q_auto/league/onqmtcnjw032g26rhse1",2007,REG,DEN,8,0,0,0,0,0,0,0,0,0,0,0,0,,,0,,0,0,0,0,0,0,,0,0,0,0,0,0,0,0,0,0,,0,,,0,,0,11,1,3,0,0,1,3.5,7.5,5,0,0,1,0,0,0,0,0,0,0,0,0,0,0,0,0,0,0,0,0,0,0,,,0,0,0,0,0,0,0,0,0,0,0,0,,,,0,0,0,0,0,0,0,,0,0,0,0,,0,0
00-0021332,G.White,Stylez White,DE,DL,"https://static.www.nfl.com/image/private/f_auto,q_auto/league/wiolmtj0rj4c2xko0eac",2007,REG+POST,TB,16,0,0,0,0,0,0,0,0,0,0,0,0,,,0,,0,0,0,0,0,0,,0,0,0,0,0,0,0,0,0,0,,0,,0,0,0,0,14,7,5,0,0,7,8.5,54,16,0,0,1,0,0,0,0,0,0,2,2,0,0,0,0,0,0,0,0,0,0,0,,,0,0,0,0,0,0,0,0,0,0,0,0,,,,0,0,0,0,0,0,0,,0,0,0,0,,0,0
00-0021337,R.Curry,Ronald Curry,WR,WR,"https://static.www.nfl.com/image/private/f_auto,q_auto/league/mz8oknklwv2dfrqokuco",2007,REG,LV,16,0,1,0,0,0,0,0,0,0,0,0,0,-0.429134113481268,-66.6645705699921,0,,1,1,0,0,0,0,-0.360821892507374,0,55,0,717,4,0,0,0,216,35,65.4266040250079,2,0,,0,,0,0,0,0,0,0,0,0,0,0,0,0,0,0,0,0,0,0,0,0,0,0,6,26,0,0,0,0,0,0,0,0,,,0,0,0,0,0,0,0,0,0,0,0,0,,,,0,0,0,0,0,0,0,,0,0,0,0,,99.8,154.8
00-0021340,R.Brock,Raheem Brock,DE,DL,"https://static.www.nfl.com/image/private/f_auto,q_auto/league/dbbs2rifnvgcxu9gxc8j",2007,REG+POST,IND,12,0,0,0,0,0,0,0,0,0,0,0,0,,,0,,0,0,0,0,0,0,,0,0,0,0,0,0,0,0,0,0,,0,,,0,,0,21,4,7,0,0,0,2.5,14.5,3,0,0,3,0,0,0,0,0,0,2,2,0,3,12,0,0,0,0,0,0,0,0,,,0,0,0,0,0,0,0,0,0,0,0,0,,,,0,0,0,0,0,0,0,,0,0,0,0,,0,0
00-0021341,E.Heitmann,Eric Heitmann,C,OL,"https://static.www.nfl.com/image/private/f_auto,q_auto/league/jps5a55egf1xksbuf9ec",2007,REG,SF,4,0,0,0,0,0,0,0,0,0,0,0,0,,,0,,0,0,0,0,0,0,,0,0,0,0,0,0,0,0,0,0,,0,,0,0,0,0,1,0,0,0,0,0,0,0,0,0,0,0,0,0,0,0,0,1,0,0,0,1,5,0,0,0,0,0,0,0,0,,,0,0,0,0,0,0,0,0,0,0,0,0,,,,0,0,0,0,0,0,0,,0,0,0,0,,0,0
00-0021344,B.Keisel,Brett Keisel,DE,DL,"https://static.www.nfl.com/image/private/f_auto,q_auto/league/q5cc0gopjxlcurl0apwv",2007,REG+POST,PIT,16,0,0,0,0,0,0,0,0,0,0,0,0,,,0,,0,0,0,0,0,0,,0,0,0,0,0,0,0,0,0,0,,0,,,0,,0,16,10,21,0,0,0,3,16,7,0,0,8,0,0,0,0,0,0,0,0,0,1,5,0,0,0,0,0,0,0,0,,,0,0,0,0,0,0,0,0,0,0,0,0,,,,0,0,0,0,0,0,0,,0,0,0,0,,0,0
00-0021345,C.Massey,Chris Massey,LS,SPEC,"https://static.www.nfl.com/image/private/f_auto,q_auto/league/drz7v5cb7kgkpoe5ha8l",2007,REG,LA,4,0,0,0,0,0,0,0,0,0,0,0,0,,,0,,0,0,0,0,0,0,,0,0,0,0,0,0,0,0,0,0,,0,,,0,,0,2,0,0,0,0,0,0,0,0,0,0,0,0,0,0,0,0,0,1,1,0,2,19,0,0,0,0,0,0,0,0,,,0,0,0,0,0,0,0,0,0,0,0,0,,,,0,0,0,0,0,0,0,,0,0,0,0,,0,0
00-0021348,K.Kosier,Kyle Kosier,G,OL,"https://static.www.nfl.com/image/private/f_auto,q_auto/league/sa5osgt4ipflmru07oax",2007,REG,DAL,6,0,0,0,0,0,0,0,0,0,0,0,0,,,0,,0,0,0,0,0,0,,0,0,0,0,0,0,0,0,0,0,,0,,,0,,0,2,0,0,0,0,0,0,0,0,0,0,0,0,0,0,0,2,2,0,0,0,3,28,0,0,0,0,0,0,0,0,,,0,0,0,0,0,0,0,0,0,0,0,0,,,,0,0,0,0,0,0,0,,0,0,0,0,,0,0
00-0021357,R.Cartwright,Rock Cartwright,RB,RB,"https://static.www.nfl.com/image/private/f_auto,q_auto/league/is3md8vs4sgljxfp62c7",2007,REG+POST,WAS,16,0,0,0,0,0,0,0,0,0,0,0,0,,,0,,2,0,0,0,0,0,-1.44966626632226,0,0,0,0,0,0,0,0,0,0,,0,,,0,,0,8,0,3,0,0,0,0,0,0,0,0,0,0,0,0,0,1,1,0,0,0,1,5,0,0,58,1515,0,0,0,0,,,0,0,0,0,0,0,0,0,0,0,0,0,,,,0,0,0,0,0,0,0,,0,0,0,0,,0,0
00-0021376,T.Duckett,T.J. Duckett,RB,RB,"https://static.www.nfl.com/image/private/f_auto,q_auto/league/tjxtrdxwvqekvrdqbrc6",2007,REG,DET,11,0,0,0,0,0,0,0,0,0,0,0,0,,,0,,65,335,3,1,0,16,1.78997639280679,0,4,0,54,0,0,0,0,65,4,6.41400105296634,0,0,,0,,0,2,0,0,0,0,0,0,0,0,0,0,0,0,0,0,0,1,1,0,0,0,0,0,0,0,0,0,0,0,0,0,,,0,0,0,0,0,0,0,0,0,0,0,0,,,,0,0,0,0,0,0,0,,0,0,0,0,,56.9,60.9
00-0021377,E.Reed,Ed Reed,FS,DB,"https://static.www.nfl.com/image/private/f_auto,q_auto/league/tag3f0fdrvjp14kl9t6m",2007,REG,BAL,16,0,0,0,0,0,0,0,0,0,0,0,0,,,0,,0,0,0,0,0,0,,0,0,0,0,0,0,0,0,0,0,,0,,,0,,1,25,4,10,0,0,0,1,6,1,7,130,13,0,2,0,48,0,0,1,1,0,3,11,10,94,0,0,0,0,0,0,,,0,0,0,0,0,0,0,0,0,0,0,0,,,,0,0,0,0,0,0,0,,0,0,0,0,,6,6
00-0021379,P.Ramsey,Patrick Ramsey,QB,QB,"https://static.www.nfl.com/image/private/f_auto,q_auto/league/ugr5kzjaamcg0ybwgfo6",2007,REG,DEN,2,29,48,262,1,1,3,-13,1,1,298,82,12,-11.2776283386047,-2.30502100153403,0,0.879194630872483,2,6,0,0,0,2,1.14077890309272,0,0,0,0,0,0,0,0,0,0,,0,,,0,,0,0,0,0,0,0,0,0,0,0,0,0,0,0,0,0,0,1,1,0,0,0,0,0,0,0,0,0,0,0,0,0,,,0,0,0,0,0,0,0,0,0,0,0,0,,,,0,0,0,0,0,0,0,,0,0,0,0,,11.08,11.08
00-0021381,Q.Jammer,Quentin Jammer,CB,DB,"https://static.www.nfl.com/image/private/f_auto,q_auto/league/mhqkxmotcnuilmpvnclf",2007,REG+POST,LAC,18,0,0,0,0,0,0,0,0,0,0,0,0,,,0,,0,0,0,0,0,0,,0,0,0,0,0,0,0,0,0,0,,0,,,0,,0,57,8,8,0,0,0,0,0,0,2,0,14,0,0,0,0,0,0,2,2,0,5,56,0,0,0,0,0,0,0,0,,,0,0,0,0,0,0,0,0,0,0,0,0,,,,0,0,0,0,0,0,0,,0,0,0,0,,0,0
00-0021382,R.Sims,Ryan Sims,DE,DL,"https://static.www.nfl.com/image/private/f_auto,q_auto/league/rdmbkdsaqnnsdsqravgz",2007,REG,TB,7,0,0,0,0,0,0,0,0,0,0,0,0,,,0,,0,0,0,0,0,0,,0,0,0,0,0,0,0,0,0,0,,0,,0,0,0,0,11,0,5,0,0,0,1,3,1,0,0,0,0,0,0,0,0,0,0,0,0,0,0,0,0,0,0,0,0,0,0,,,0,0,0,0,0,0,0,0,0,0,0,0,,,,0,0,0,0,0,0,0,,0,0,0,0,,0,0
00-0021383,B.McKinnie,Bryant McKinnie,OT,OL,"https://static.www.nfl.com/image/private/f_auto,q_auto/league/ahq7asm68spr3yevwymt",2007,REG,MIN,3,0,0,0,0,0,0,0,0,0,0,0,0,,,0,,0,0,0,0,0,0,,0,0,0,0,0,0,0,0,0,0,,0,,,0,,0,1,0,0,0,0,0,0,0,0,0,0,0,0,0,0,0,0,0,0,0,0,2,15,0,0,0,0,0,0,0,0,,,0,0,0,0,0,0,0,0,0,0,0,0,,,,0,0,0,0,0,0,0,,0,0,0,0,,0,0
00-0021385,A.Gurode,Andre Gurode,C,OL,"https://static.www.nfl.com/image/private/f_auto,q_auto/league/mw1g82xj4ndmzfxbuo8b",2007,REG,DAL,5,0,0,0,0,0,0,0,0,0,0,0,0,,,0,,0,0,0,0,0,0,,0,0,0,0,0,0,0,0,0,0,,0,,,0,,0,2,0,0,0,0,0,0,0,0,0,0,0,0,0,0,0,1,1,0,0,0,2,15,0,0,0,0,0,0,0,0,,,0,0,0,0,0,0,0,0,0,0,0,0,,,,0,0,0,0,0,0,0,,0,0,0,0,,0,0
00-0021394,M.Brown,Milford Brown,G,OL,"https://static.www.nfl.com/image/private/f_auto,q_auto/league/r57thnbyj7tnebx0oyot",2007,REG,LA,8,0,0,0,0,0,0,0,0,0,0,0,0,,,0,,0,0,0,0,0,0,,0,0,0,0,0,0,0,0,0,0,,0,,,0,,0,2,0,0,0,0,0,0,0,0,0,0,0,0,0,0,0,0,0,0,0,0,8,60,0,0,0,0,0,0,0,0,,,0,0,0,0,0,0,0,0,0,0,0,0,,,,0,0,0,0,0,0,0,,0,0,0,0,,0,0
00-0021403,C.Mustard,Chad Mustard,TE,TE,"https://static.www.nfl.com/image/private/f_auto,q_auto/league/cxvfis0u2ndybhkh9oig",2007,REG,DEN,2,0,0,0,0,0,0,0,0,0,0,0,0,,,0,,0,0,0,0,0,0,,0,5,0,62,0,0,0,0,37,4,4.33859008806758,0,0,,0,,0,0,0,0,0,0,0,0,0,0,0,0,0,0,0,0,0,0,0,0,0,0,0,0,0,0,0,0,0,0,0,0,,,0,0,0,0,0,0,0,0,0,0,0,0,,,,0,0,0,0,0,0,0,,0,0,0,0,,6.2,11.2
00-0021427,B.Pittman,Bryan Pittman,LS,SPEC,"https://static.www.nfl.com/image/private/f_auto,q_auto/league/c33cxmkokpjh1uxflea9",2007,REG,HOU,3,0,0,0,0,0,0,0,0,0,0,0,0,,,0,,0,0,0,0,0,0,,0,0,0,0,0,0,0,0,0,0,,0,,0,0,0,0,2,0,0,0,0,0,0,0,0,0,0,0,0,0,0,0,0,1,0,0,0,1,10,0,0,0,0,0,0,0,0,,,0,0,0,0,0,0,0,0,0,0,0,0,,,,0,0,0,0,0,0,0,,0,0,0,0,,0,0
00-0021429,C.Palmer,Carson Palmer,QB,QB,"https://static.www.nfl.com/image/private/f_auto,q_auto/league/belgna3tokxga0gjjmwk",2007,REG,CIN,16,373,575,4130,26,20,17,-119,4,1,5041,1742,214,59.2798137207152,5.33236372876039,0,0.819281888514184,24,10,0,1,0,5,-6.66620791955629,0,0,0,0,0,0,0,0,0,0,,0,,,0,,0,1,0,0,0,0,0,0,0,0,0,0,0,0,0,0,0,2,3,0,0,0,3,20,0,0,0,0,0,0,0,0,,,0,0,0,0,0,0,0,0,0,0,0,0,,,,0,0,0,0,0,0,0,,0,0,0,0,,228.2,228.2
00-0021451,J.Dorenbos,Jon Dorenbos,LS,SPEC,"https://static.www.nfl.com/image/private/f_auto,q_auto/league/bo8e3fyhbtokqadi2fqa",2007,REG,PHI,5,0,0,0,0,0,0,0,0,0,0,0,0,,,0,,0,0,0,0,0,0,,0,0,0,0,0,0,0,0,0,0,,0,,0,0,0,0,2,1,2,0,0,0,0,0,0,0,0,0,0,0,0,0,0,0,0,0,0,0,0,0,0,0,0,0,0,0,0,,,0,0,0,0,0,0,0,0,0,0,0,0,,,,0,0,0,0,0,0,0,,0,0,0,0,,0,0
00-0021484,G.Brackett,Gary Brackett,MLB,LB,"https://static.www.nfl.com/image/private/f_auto,q_auto/league/n7fbhnz4ta5tcfygyh0r",2007,REG+POST,IND,17,0,0,0,0,0,0,0,0,0,0,0,0,,,0,,0,0,0,0,0,0,,0,0,0,0,0,0,0,0,0,0,,0,,,0,,0,74,14,32,0,0,1,0.5,0,1,4,128,7,0,0,0,0,0,0,1,1,1,1,5,0,0,0,0,0,0,0,0,,,0,0,0,0,0,0,0,0,0,0,0,0,,,,0,0,0,0,0,0,0,,0,0,0,0,,0,0
00-0021488,M.McBriar,Mat McBriar,P,SPEC,"https://static.www.nfl.com/image/private/f_auto,q_auto/league/uregi4gbey5twzvwfuow",2007,REG+POST,DAL,17,0,0,0,0,0,0,0,0,0,0,0,0,,,0,,0,0,0,0,0,0,,0,0,0,0,0,0,0,0,0,0,,0,,,0,,0,0,0,0,0,0,0,0,0,0,0,0,0,0,0,0,0,0,0,0,0,0,1,2,0,0,0,0,0,0,0,0,,,0,0,0,0,0,0,0,0,0,0,0,0,,,,0,0,0,0,0,0,0,,0,0,0,0,,0,0
00-0021490,T.Brown,Tony Brown,DT,DL,"https://static.www.nfl.com/image/private/f_auto,q_auto/league/dm5lohtei7lymkrgubtn",2007,REG+POST,TEN,16,0,0,0,0,0,0,0,0,0,0,0,0,,,0,,0,0,0,0,0,0,,0,0,0,0,0,0,0,0,0,0,,0,,,0,,0,26,9,20,0,0,1,3,27,8,0,0,6,0,0,0,0,0,0,0,0,0,6,34,0,0,0,0,0,0,0,0,,,0,0,0,0,0,0,0,0,0,0,0,0,,,,0,0,0,0,0,0,0,,0,0,0,0,,0,0
00-0021493,V.Ciurciu,Vinny Ciurciu,LB,LB,"https://static.www.nfl.com/image/private/f_auto,q_auto/league/d8ntjrbymmiyiniluntn",2007,REG,MIN,8,0,0,0,0,0,0,0,0,0,0,0,0,,,0,,0,0,0,0,0,0,,0,0,0,0,0,0,0,0,0,0,,0,,,0,,0,10,1,1,0,0,0,0,0,0,0,0,0,0,0,0,0,0,0,0,0,0,0,0,0,0,0,0,0,0,0,0,,,0,0,0,0,0,0,0,0,0,0,0,0,,,,0,0,0,0,0,0,0,,0,0,0,0,,0,0
00-0021500,D.Frost,Derrick Frost,P,SPEC,"https://static.www.nfl.com/image/private/f_auto,q_auto/league/it1uqezmlfdcatlq1n1f",2007,REG+POST,WAS,17,0,0,0,0,0,0,0,0,0,0,0,0,,,0,,1,0,0,1,0,1,-3.40421117609367,0,0,0,0,0,0,0,0,0,0,,0,,,0,,0,2,0,0,0,0,0,0,0,0,0,0,0,0,0,0,0,1,2,0,0,0,0,0,0,0,0,0,0,0,0,0,,,0,0,0,0,0,0,0,0,0,0,0,0,,,,0,0,0,0,0,0,0,,0,0,0,0,,0,0
00-0021503,R.Hood,Roderick Hood,CB,DB,"https://static.www.nfl.com/image/private/f_auto,q_auto/league/lmjcwfyteocndqrinpxx",2007,REG,ARI,16,0,0,0,0,0,0,0,0,0,0,0,0,,,0,,0,0,0,0,0,0,,0,0,0,0,0,0,0,0,0,0,,0,,,0,,0,47,4,6,0,0,0,0,0,0,5,196,21,2,0,0,0,0,0,0,0,0,6,85,0,0,0,0,0,0,0,0,,,0,0,0,0,0,0,0,0,0,0,0,0,,,,0,0,0,0,0,0,0,,0,0,0,0,,0,0
00-0021504,J.Jackson,Jamaal Jackson,C,OL,"https://static.www.nfl.com/image/private/f_auto,q_auto/league/uom52hypwsftsjtvgqjx",2007,REG,PHI,5,0,0,0,0,0,0,0,0,0,0,0,0,,,0,,0,0,0,0,0,0,,0,0,0,0,0,0,0,0,0,0,,0,,0,0,0,0,1,0,0,0,0,0,0,0,0,0,0,0,0,0,0,0,0,1,0,0,0,5,40,0,0,0,0,0,0,0,0,,,0,0,0,0,0,0,0,0,0,0,0,0,,,,0,0,0,0,0,0,0,,0,0,0,0,,0,0
00-0021508,G.Lewis,Greg Lewis,WR,WR,"https://static.www.nfl.com/image/private/f_auto,q_auto/league/fqaoya2vdsquz0jb1isr",2007,REG,PHI,10,0,1,0,0,0,0,0,0,0,33,0,0,-0.711851306725293,-28.8740277290344,0,0,0,0,0,0,0,0,,0,13,0,265,3,0,0,0,52,11,25.3734732394805,0,0,0,0,0,0,2,0,0,0,0,0,0,0,0,0,0,0,0,1,0,0,0,0,0,0,0,2,20,4,4,1,3,0,0,0,0,,,0,0,0,0,0,0,0,0,0,0,0,0,,,,0,0,0,0,0,0,0,,0,0,0,0,,44.5,57.5
00-0021509,R.Mahe,Reno Mahe,RB,RB,"https://static.www.nfl.com/image/private/f_auto,q_auto/league/in57c9l8nyid9g1cy3fd",2007,REG,PHI,15,0,0,0,0,0,0,0,0,0,0,0,0,,,0,,0,0,0,0,0,0,,0,1,0,11,0,0,0,0,9,1,1.76670263241977,0,0,0,0,0,0,2,0,4,0,0,0,0,0,0,0,0,0,0,3,0,0,1,1,0,0,0,1,5,31,249,1,19,0,0,0,0,,,0,0,0,0,0,0,0,0,0,0,0,0,,,,0,0,0,0,0,0,0,,0,0,0,0,,1.1,2.1
00-0021512,Q.Mikell,Quintin Mikell,S,DB,"https://static.www.nfl.com/image/private/f_auto,q_auto/league/qtamjm6rup8i0g4hqyhu",2007,REG,PHI,14,0,0,0,0,0,0,0,0,0,0,0,0,,,0,,0,0,0,0,0,0,,0,0,0,0,0,0,0,0,0,0,,0,,0,0,0,0,47,6,22,0,0,1,1,12,2,1,20,5,0,1,0,0,0,0,1,1,0,2,20,0,0,0,0,0,0,0,0,,,0,0,0,0,0,0,0,0,0,0,0,0,,,,0,0,0,0,0,0,0,,0,0,0,0,,0,0
00-0021525,C.Fitzsimmons,Casey Fitzsimmons,TE,TE,"https://static.www.nfl.com/image/private/f_auto,q_auto/league/ma5tshacmzhyl90h1xmk",2007,REG,DET,13,0,0,0,0,0,0,0,0,0,0,0,0,,,0,,0,0,0,0,0,0,,0,8,0,85,1,0,0,0,50,6,6.53322513558669,0,0,,0,,1,11,1,1,0,0,0,0,0,0,0,0,0,0,0,1,0,0,0,0,0,0,4,25,0,0,3,62,0,0,0,0,,,0,0,0,0,0,0,0,0,0,0,0,0,,,,0,0,0,0,0,0,0,,0,0,0,0,,20.5,28.5
00-0021542,J.Cesaire,Jacques Cesaire,DE,DL,"https://static.www.nfl.com/image/private/f_auto,q_auto/league/jitlmv9tlgxol9rcz2gn",2007,REG+POST,LAC,16,0,0,0,0,0,0,0,0,0,0,0,0,,,0,,0,0,0,0,0,0,,0,0,0,0,0,0,0,0,0,0,,0,,,0,,0,13,10,17,0,0,1,3.5,25,5,0,0,3,0,0,0,0,0,0,0,0,0,0,0,0,0,0,0,0,0,0,0,,,0,0,0,0,0,0,0,0,0,0,0,0,,,,0,0,0,0,0,0,0,,0,0,0,0,,0,0
00-0021544,S.Cooper,Stephen Cooper,LB,LB,"https://static.www.nfl.com/image/private/f_auto,q_auto/league/egmhgyzlfmuvb12x8nai",2007,REG+POST,LAC,19,0,0,0,0,0,0,0,0,0,0,0,0,,,0,,0,0,0,0,0,0,,0,0,0,0,0,0,0,0,0,0,,0,,,0,,0,66,32,41,0,0,3,2.5,20,3,2,23,6,0,0,0,0,0,0,2,2,0,5,50,0,0,0,0,0,0,0,0,,,0,0,0,0,0,0,0,0,0,0,0,0,,,,0,0,0,0,0,0,0,,0,0,0,0,,0,0
00-0021546,K.Dielman,Kris Dielman,G,OL,"https://static.www.nfl.com/image/private/f_auto,q_auto/league/db2kmv9dy3a0orjiyxgi",2007,REG+POST,LAC,7,0,0,0,0,0,0,0,0,0,0,0,0,,,0,,0,0,0,0,0,0,,0,0,0,0,0,0,0,0,0,0,,0,,,0,,0,1,0,0,0,0,0,0,0,0,0,0,0,0,0,0,0,1,1,0,0,0,5,51,0,0,0,0,0,0,0,0,,,0,0,0,0,0,0,0,0,0,0,0,0,,,,0,0,0,0,0,0,0,,0,0,0,0,,0,0
00-0021547,A.Gates,Antonio Gates,TE,TE,"https://static.www.nfl.com/image/private/f_auto,q_auto/league/kndulvysinvn4tpvt0bc",2007,REG+POST,LAC,19,0,0,0,0,0,0,0,0,0,0,0,0,,,0,,0,0,0,0,0,0,,0,81,0,1044,9,0,0,0,285,56,102.518038431008,0,0,,0,,0,3,0,0,0,0,0,0,0,0,0,0,0,0,0,0,0,0,0,0,0,0,2,10,0,0,0,0,0,0,0,0,,,0,0,0,0,0,0,0,0,0,0,0,0,,,,0,0,0,0,0,0,0,,0,0,0,0,,158.4,239.4
00-0021570,K.Osgood,Kassim Osgood,WR,WR,"https://static.www.nfl.com/image/private/f_auto,q_auto/league/bs9qxx6ljdhayuup4z60",2007,REG+POST,LAC,12,0,0,0,0,0,0,0,0,0,0,0,0,,,0,,0,0,0,0,0,0,,0,2,0,23,0,0,0,0,4,1,2.11827919236384,0,0,,0,,0,13,1,2,0,0,1,0,0,0,0,0,0,0,0,0,0,0,0,1,1,0,0,0,2,0,0,0,0,0,0,0,,,0,0,0,0,0,0,0,0,0,0,0,0,,,,0,0,0,0,0,0,0,,0,0,0,0,,2.3,4.3
00-0021577,C.Clemons,Chris Clemons,DE,DL,"https://static.www.nfl.com/image/private/f_auto,q_auto/league/vj9ihys706dzoig6j1nu",2007,REG,LV,14,0,0,0,0,0,0,0,0,0,0,0,0,,,0,,0,0,0,0,0,0,,0,0,0,0,0,0,0,0,0,0,,0,,,0,,0,11,4,5,0,0,2,8,54,9,0,0,1,0,0,0,0,0,0,1,1,0,3,15,0,0,0,0,0,0,0,0,,,0,0,0,0,0,0,0,0,0,0,0,0,,,,0,0,0,0,0,0,0,,0,0,0,0,,0,0
00-0021583,A.Jimoh,Ade Jimoh,DB,DB,"https://static.www.nfl.com/image/private/f_auto,q_auto/league/zml5hx2uv2mzxhrcbnh8",2007,REG,CHI,2,0,0,0,0,0,0,0,0,0,0,0,0,,,0,,0,0,0,0,0,0,,0,0,0,0,0,0,0,0,0,0,,0,,,0,,0,1,1,0,0,0,0,0,0,0,0,0,0,0,0,0,0,0,0,0,0,0,0,0,0,0,0,0,0,0,0,0,,,0,0,0,0,0,0,0,0,0,0,0,0,,,,0,0,0,0,0,0,0,,0,0,0,0,,0,0
00-0021604,I.Idonije,Israel Idonije,DE,DL,"https://static.www.nfl.com/image/private/f_auto,q_auto/league/rkk3mipyoyfntt9mk7di",2007,REG,CHI,14,0,0,0,0,0,0,0,0,0,0,0,0,,,0,,0,0,0,0,0,0,,0,0,0,0,0,0,0,0,0,0,,0,,,0,,0,15,4,8,0,0,1,0,0,0,0,0,3,0,0,0,0,0,0,1,1,0,1,5,1,0,2,2,0,0,0,0,,,0,0,0,0,0,0,0,0,0,0,0,0,,,,0,0,0,0,0,0,0,,0,0,0,0,,0,0
00-0021612,L.Bodden,Leigh Bodden,DB,DB,"https://static.www.nfl.com/image/private/f_auto,q_auto/league/fdtdilrsvlbcj0zacjoa",2007,REG,CLE,16,0,0,0,0,0,0,0,0,0,0,0,0,,,0,,0,0,0,0,0,0,,0,0,0,0,0,0,0,0,0,0,,0,,0,0,0,0,68,8,12,0,0,0,0,0,0,6,75,15,0,2,0,0,0,0,3,3,0,5,22,0,0,0,0,0,0,0,0,,,0,0,0,0,0,0,0,0,0,0,0,0,,,,0,0,0,0,0,0,0,,0,0,0,0,,0,0
00-0021613,O.Celestin,Oliver Celestin,DB,DB,"https://static.www.nfl.com/image/private/f_auto,q_auto/league/bdcoj2kmk3lxefvrjfc1",2007,REG,ARI,5,0,0,0,0,0,0,0,0,0,0,0,0,,,0,,0,0,0,0,0,0,,0,0,0,0,0,0,0,0,0,0,,0,,,0,,0,9,1,2,0,0,0,0,0,0,0,0,2,0,0,0,0,0,0,0,0,0,1,7,0,0,0,0,0,0,0,0,,,0,0,0,0,0,0,0,0,0,0,0,0,,,,0,0,0,0,0,0,0,,0,0,0,0,,0,0
00-0021616,S.Orr,Shantee Orr,LB,LB,"https://static.www.nfl.com/image/private/f_auto,q_auto/league/mvqcbhwcbnsuh6m6q91s",2007,REG,JAX,7,0,0,0,0,0,0,0,0,0,0,0,0,,,0,,0,0,0,0,0,0,,0,0,0,0,0,0,0,0,0,0,,0,,0,0,0,0,11,0,2,0,0,0,0,0,0,0,0,0,0,0,0,0,0,0,0,0,0,2,11,0,0,0,0,0,0,0,0,,,0,0,0,0,0,0,0,0,0,0,0,0,,,,0,0,0,0,0,0,0,,0,0,0,0,,0,0
00-0021637,A.Goldberg,Adam Goldberg,OT,OL,"https://static.www.nfl.com/image/private/f_auto,q_auto/league/ttocy1dg8setxkcnoasg",2007,REG,LA,2,0,0,0,0,0,0,0,0,0,0,0,0,,,0,,0,0,0,0,0,0,,0,0,0,0,0,0,0,0,0,0,,0,,,0,,0,1,0,0,0,0,0,0,0,0,0,0,0,0,0,0,0,0,0,0,0,0,1,5,0,0,0,0,0,0,0,0,,,0,0,0,0,0,0,0,0,0,0,0,0,,,,0,0,0,0,0,0,0,,0,0,0,0,,0,0
00-0021645,T.White,Tracy White,OLB,LB,"https://static.www.nfl.com/image/private/f_auto,q_auto/league/j3rj1ovj0azx3g9igewa",2007,REG+POST,GB,12,0,0,0,0,0,0,0,0,0,0,0,0,,,0,,0,0,0,0,0,0,,0,0,0,0,0,0,0,0,0,0,,0,,0,0,0,0,12,0,1,0,0,1,0,0,0,0,0,0,0,0,0,0,0,0,2,2,1,0,0,0,0,0,0,0,0,0,0,,,0,0,0,0,0,0,0,0,0,0,0,0,,,,0,0,0,0,0,0,0,,0,0,0,0,,0,0
00-0021647,J.Urban,Jerheme Urban,WR,WR,"https://static.www.nfl.com/image/private/f_auto,q_auto/league/f0mtu7hti7l4p2er53jj",2007,REG,ARI,9,0,0,0,0,0,0,0,0,0,0,0,0,,,0,,0,0,0,0,0,0,,0,22,0,329,2,0,0,0,89,16,28.3303487969679,0,0,,0,,0,2,0,1,0,0,0,0,0,0,0,0,0,0,0,0,0,0,0,0,0,0,1,10,0,0,0,0,0,0,0,0,,,0,0,0,0,0,0,0,0,0,0,0,0,,,,0,0,0,0,0,0,0,,0,0,0,0,,44.9,66.9
00-0021654,J.Hanson,Joselio Hanson,FS,DB,"https://static.www.nfl.com/image/private/f_auto,q_auto/league/tgboqw5f0dcvn5gatdtw",2007,REG,PHI,14,0,0,0,0,0,0,0,0,0,0,0,0,,,0,,0,0,0,0,0,0,,0,0,0,0,0,0,0,0,0,0,,0,,0,0,0,0,37,8,7,0,0,0,1,7,1,0,0,4,0,0,0,0,0,0,1,1,0,0,0,0,0,0,0,0,0,0,0,,,0,0,0,0,0,0,0,0,0,0,0,0,,,,0,0,0,0,0,0,0,,0,0,0,0,,0,0
00-0021678,T.Romo,Tony Romo,QB,QB,"https://static.www.nfl.com/image/private/f_auto,q_auto/league/rdgaxf7djip2ovlkeqjk",2007,REG+POST,DAL,17,353,556,4412,37,20,27,-197,7,1,4692,1738,227,141.793822412795,4.6017090498171,0,0.940323955669224,31,149,2,2,1,10,6.03167665633373,0,0,0,0,0,0,0,0,0,0,,0,,,0,,0,0,0,0,0,0,0,0,0,0,0,0,0,0,0,0,0,5,6,0,0,0,4,25,0,0,0,0,0,0,0,0,,,0,0,0,0,0,0,0,0,0,0,0,0,,,,0,0,0,0,0,0,0,,0,0,0,0,,307.38,307.38
00-0021679,S.Smith,Shaun Smith,DT,DL,"https://static.www.nfl.com/image/private/f_auto,q_auto/league/qps3vv4kx2mfzoirgase",2007,REG,CLE,14,0,0,0,0,0,0,0,0,0,0,0,0,,,0,,0,0,0,0,0,0,,0,0,0,0,0,0,0,0,0,0,,0,,0,0,0,0,33,15,14,0,0,1,2,20,3,0,0,3,0,0,0,0,0,0,0,0,0,1,2,0,0,0,0,0,0,0,0,,,0,0,0,0,0,0,0,0,0,0,0,0,,,,0,0,0,0,0,0,0,,0,0,0,0,,0,0
00-0021684,C.Cole,Colin Cole,DT,DL,"https://static.www.nfl.com/image/private/f_auto,q_auto/league/ck9rdexmkhxs8mc5nkdt",2007,REG,GB,6,0,0,0,0,0,0,0,0,0,0,0,0,,,0,,0,0,0,0,0,0,,0,0,0,0,0,0,0,0,0,0,,0,,0,0,0,0,5,2,5,0,0,0,0,0,1,0,0,1,0,0,0,0,0,0,0,0,0,2,25,0,0,0,0,0,0,0,0,,,0,0,0,0,0,0,0,0,0,0,0,0,,,,0,0,0,0,0,0,0,,0,0,0,0,,0,0
00-0021689,C.Gessner,Chas Gessner,WR,WR,"https://static.www.nfl.com/image/private/f_auto,q_auto/league/gufh8mmzzvkubvkza4id",2007,REG,TB,1,0,0,0,0,0,0,0,0,0,0,0,0,,,0,,0,0,0,0,0,0,,0,0,0,0,0,0,0,0,0,0,,0,,0,0,0,0,0,0,0,0,0,0,0,0,0,0,0,0,0,0,0,0,0,0,0,0,0,1,5,0,0,0,0,0,0,0,0,,,0,0,0,0,0,0,0,0,0,0,0,0,,,,0,0,0,0,0,0,0,,0,0,0,0,,0,0
00-0021706,C.Jenkins,Cullen Jenkins,DT,DL,"https://static.www.nfl.com/image/private/f_auto,q_auto/league/uxv4hzgjxpsofzakcwqx",2007,REG+POST,GB,18,0,0,0,0,0,0,0,0,0,0,0,0,,,0,,0,0,0,0,0,0,,0,0,0,0,0,0,0,0,0,0,,0,,0,0,0,0,29,3,20,0,0,0,2.5,18,10,0,0,7,0,0,0,0,0,0,0,0,0,5,40,0,0,0,0,0,0,0,0,,,0,0,0,0,0,0,0,0,0,0,0,0,,,,0,0,0,0,0,0,0,,0,0,0,0,,0,0
00-0021755,E.Graham,Earnest Graham,RB,RB,"https://static.www.nfl.com/image/private/f_auto,q_auto/league/qzmev6dpacggkawbipds",2007,REG+POST,TB,16,0,0,0,0,0,0,0,0,0,0,0,0,,,0,,240,961,11,0,0,51,-4.12026843510384,0,53,0,351,0,1,1,0,274,14,9.20514781212626,0,0,0,0,0,0,3,0,0,0,0,0,0,0,0,0,0,0,0,0,0,0,0,0,0,0,0,0,0,0,0,4,90,0,0,0,0,,,0,0,0,0,0,0,0,0,0,0,0,0,,,,0,0,0,0,0,0,0,,0,0,0,0,,195.2,248.2
00-0021756,W.Heller,Will Heller,TE,TE,"https://static.www.nfl.com/image/private/f_auto,q_auto/league/izl9obgruaxjx6nj0hpw",2007,REG,SEA,9,0,0,0,0,0,0,0,0,0,0,0,0,,,0,,0,0,0,0,0,0,,0,13,1,82,3,0,0,1,48,5,7.104776793567,0,82,1,0.00018618506795755,1.50013032954757,0,0,0,0,0,0,0,0,0,0,0,0,0,0,0,0,0,0,0,0,0,0,2,14,0,0,0,0,0,0,0,0,,,0,0,0,0,0,0,0,0,0,0,0,0,,,,0,0,0,0,0,0,0,,0,0,0,0,,26.2,39.2
00-0021762,R.Whitaker,Ronyell Whitaker,DB,DB,"https://static.www.nfl.com/image/private/f_auto,q_auto/league/kypu6ealftpmqweroxuu",2007,REG,MIN,7,0,0,0,0,0,0,0,0,0,0,0,0,,,0,,0,0,0,0,0,0,,0,0,0,0,0,0,0,0,0,0,,0,,,0,,0,5,0,2,0,0,0,0,0,0,0,0,0,0,0,0,0,1,1,0,0,0,1,15,0,0,0,0,0,0,0,0,,,0,0,0,0,0,0,0,0,0,0,0,0,,,,0,0,0,0,0,0,0,,0,0,0,0,,0,0
00-0021780,A.Moorehead,Aaron Moorehead,WR,WR,"https://static.www.nfl.com/image/private/f_auto,q_auto/league/zt52cuikefzzdkvul1lp",2007,REG,IND,4,0,0,0,0,0,0,0,0,0,0,0,0,,,0,,0,0,0,0,0,0,,0,8,0,65,0,0,0,0,6,4,7.16277029184857,0,0,,0,,0,1,0,0,0,0,0,0,0,0,0,0,0,0,0,0,0,0,0,0,0,0,0,0,0,0,0,0,0,0,0,0,,,0,0,0,0,0,0,0,0,0,0,0,0,,,,0,0,0,0,0,0,0,,0,0,0,0,,6.5,14.5
00-0021791,O.Grigsby,Otis Grigsby,DE,DL,"https://static.www.nfl.com/image/private/f_auto,q_auto/league/mfie9tdekhnc1ttgm7n9",2007,REG,MIN,3,0,0,0,0,0,0,0,0,0,0,0,0,,,0,,0,0,0,0,0,0,,0,0,0,0,0,0,0,0,0,0,,0,,0,0,0,0,1,0,0,0,0,1,1,5,4,0,0,0,0,0,0,0,0,0,0,0,0,0,0,0,0,1,2,0,0,0,0,,,0,0,0,0,0,0,0,0,0,0,0,0,,,,0,0,0,0,0,0,0,,0,0,0,0,,0,0
00-0021798,B.Yates,Billy Yates,G,OL,"https://static.www.nfl.com/image/private/f_auto,q_auto/league/ukmyofzj96xxboxcsngm",2007,REG,NE,1,0,0,0,0,0,0,0,0,0,0,0,0,,,0,,0,0,0,0,0,0,,0,0,0,0,0,0,0,0,0,0,,0,,,0,,0,0,0,0,0,0,0,0,0,0,0,0,0,0,0,0,0,0,0,0,0,0,1,5,0,0,0,0,0,0,0,0,,,0,0,0,0,0,0,0,0,0,0,0,0,,,,0,0,0,0,0,0,0,,0,0,0,0,,0,0
00-0021808,C.Worrell,Cameron Worrell,DB,DB,"https://static.www.nfl.com/image/private/f_auto,q_auto/league/irzdyczh3mgbtlireeng",2007,REG,MIA,11,0,0,0,0,0,0,0,0,0,0,0,0,,,0,,0,0,0,0,0,0,,0,0,0,0,0,0,0,0,0,0,,0,,,0,,0,40,4,12,0,0,0,0,0,0,0,0,1,0,0,0,0,0,0,0,0,0,3,30,0,0,0,0,0,0,0,0,,,0,0,0,0,0,0,0,0,0,0,0,0,,,,0,0,0,0,0,0,0,,0,0,0,0,,0,0
00-0021845,C.Sapp,Cecil Sapp,RB,RB,"https://static.www.nfl.com/image/private/f_auto,q_auto/league/tuqjmknw3iiuyvw6irav",2007,REG,DEN,14,0,0,0,0,0,0,0,0,0,0,0,0,,,0,,18,59,2,0,0,5,-1.82387381797889,0,14,0,51,1,0,0,0,48,3,0.279301488451893,0,0,,0,,0,7,0,0,0,0,0,0,0,0,0,0,0,0,0,0,0,0,0,0,0,0,1,5,0,0,2,30,0,0,0,0,,,0,0,0,0,0,0,0,0,0,0,0,0,,,,0,0,0,0,0,0,0,,0,0,0,0,,29,43
00-0021875,G.Mruczkowski,Gene Mruczkowski,C,OL,"https://static.www.nfl.com/image/private/f_auto,q_auto/league/wwjsulukjdejcrmnslwk",2007,REG,MIA,1,0,0,0,0,0,0,0,0,0,0,0,0,,,0,,0,0,0,0,0,0,,0,0,0,0,0,0,0,0,0,0,,0,,,0,,0,0,0,0,0,0,0,0,0,0,0,0,0,0,0,0,0,0,0,0,0,0,0,0,0,0,1,9,0,0,0,0,,,0,0,0,0,0,0,0,0,0,0,0,0,,,,0,0,0,0,0,0,0,,0,0,0,0,,0,0
00-0021891,I.Taylor,Ike Taylor,CB,DB,"https://static.www.nfl.com/image/private/f_auto,q_auto/league/jouonivgcqe8ze48xddr",2007,REG+POST,PIT,17,0,0,0,0,0,0,0,0,0,0,0,0,,,0,,0,0,0,0,0,0,,0,0,0,0,0,0,0,0,0,0,,0,,,0,,0,59,11,13,0,0,1,1,10,1,4,87,17,1,0,0,0,0,0,1,1,0,6,115,0,0,0,0,0,0,0,0,,,0,0,0,0,0,0,0,0,0,0,0,0,,,,0,0,0,0,0,0,0,,0,0,0,0,,0,0
00-0021900,R.Manning,Ricky Manning,DB,DB,"https://static.www.nfl.com/image/private/f_auto,q_auto/league/judlrd4qntp7oikhib6r",2007,REG,CHI,12,0,0,0,0,0,0,0,0,0,0,0,0,,,0,,0,0,0,0,0,0,,0,0,0,0,0,0,0,0,0,0,,0,,,0,,0,27,6,11,0,0,0,1,3,1,0,0,1,0,0,0,0,0,0,1,1,0,1,5,0,0,0,0,0,0,0,0,,,0,0,0,0,0,0,0,0,0,0,0,0,,,,0,0,0,0,0,0,0,,0,0,0,0,,0,0
00-0021902,S.Kooistra,Scott Kooistra,OT,OL,"https://static.www.nfl.com/image/private/f_auto,q_auto/league/ag3r3ojbqxnwf59ak7u4",2007,REG,CIN,1,0,0,0,0,0,0,0,0,0,0,0,0,,,0,,0,0,0,0,0,0,,0,0,0,0,0,0,0,0,0,0,,0,,,0,,0,0,0,0,0,0,0,0,0,0,0,0,0,0,0,0,0,0,0,0,0,0,1,5,0,0,0,0,0,0,0,0,,,0,0,0,0,0,0,0,0,0,0,0,0,,,,0,0,0,0,0,0,0,,0,0,0,0,,0,0
00-0021907,L.Moore,Langston Moore,DT,DL,"https://static.www.nfl.com/image/private/f_auto,q_auto/league/jkhrufqlygl6cgpdndc6",2007,REG,DET,14,0,0,0,0,0,0,0,0,0,0,0,0,,,0,,0,0,0,0,0,0,,0,0,0,0,0,0,0,0,0,0,,0,,,0,,0,20,1,1,0,0,0,2,14,3,0,0,1,0,0,0,0,0,0,0,0,0,4,28,0,0,0,0,0,0,0,0,,,0,0,0,0,0,0,0,0,0,0,0,0,,,,0,0,0,0,0,0,0,,0,0,0,0,,0,0
00-0021911,R.Wells,Reggie Wells,OT,OL,"https://static.www.nfl.com/image/private/f_auto,q_auto/league/yuckj30mzuevgyronep2",2007,REG,ARI,7,0,0,0,0,0,0,0,0,0,0,0,0,,,0,,0,0,0,0,0,0,,0,0,0,0,0,0,0,0,0,0,,0,,,0,,0,1,0,0,0,0,0,0,0,0,0,0,0,0,0,0,0,1,1,0,0,1,6,39,0,0,0,0,0,0,0,0,,,0,0,0,0,0,0,0,0,0,0,0,0,,,,0,0,0,0,0,0,0,,0,0,0,0,,0,0
00-0021915,S.Aiken,Sam Aiken,WR,WR,"https://static.www.nfl.com/image/private/f_auto,q_auto/league/jxuvmephedq3oex2b2ol",2007,REG,BUF,5,0,0,0,0,0,0,0,0,0,0,0,0,,,0,,0,0,0,0,0,0,,0,1,0,10,0,0,0,0,1,1,1.89880435215309,0,0,0,0,0,0,3,0,1,0,0,0,0,0,0,0,0,0,0,0,0,0,0,0,0,0,0,0,0,0,0,0,0,0,0,0,0,,,0,0,0,0,0,0,0,0,0,0,0,0,,,,0,0,0,0,0,0,0,,0,0,0,0,,1,2
00-0021922,D.Diehl,David Diehl,G,OL,"https://static.www.nfl.com/image/private/f_auto,q_auto/league/rtluvch7fj4162a45jai",2007,REG+POST,NYG,8,0,0,0,0,0,0,0,0,0,0,0,0,,,0,,0,0,0,0,0,0,,0,0,0,0,0,0,0,0,0,0,,0,,0,0,0,0,4,0,0,0,0,0,0,0,0,0,0,0,0,0,0,0,0,0,0,0,0,7,48,0,0,0,0,0,0,0,0,,,0,0,0,0,0,0,0,0,0,0,0,0,,,,0,0,0,0,0,0,0,,0,0,0,0,,0,0
00-0021927,D.Tyree,David Tyree,WR,WR,"https://static.www.nfl.com/image/private/f_auto,q_auto/league/jdwv4lgsjgsme2xyxfht",2007,REG+POST,NYG,9,0,0,0,0,0,0,0,0,0,0,0,0,,,0,,0,0,0,0,0,0,,0,8,0,82,1,0,0,0,19,4,5.29785865428858,0,0,0,0,0,0,7,1,2,0,0,0,0,0,0,0,0,0,0,0,0,0,0,0,0,0,0,0,0,0,0,0,0,0,0,0,0,,,0,0,0,0,0,0,0,0,0,0,0,0,,,,0,0,0,0,0,0,0,,0,0,0,0,,14.2,22.2
00-0021929,D.Lee,Donald Lee,TE,TE,"https://static.www.nfl.com/image/private/f_auto,q_auto/league/xxaj9gnomfvyvyqksvfx",2007,REG+POST,GB,17,0,0,0,0,0,0,0,0,0,0,0,0,,,0,,0,0,0,0,0,0,,0,53,0,626,7,1,1,0,287,32,47.168042453821,0,0,0,0,0,0,1,0,0,0,0,0,0,0,0,0,0,0,0,0,0,0,0,0,0,0,0,4,40,0,0,0,0,0,0,0,0,,,0,0,0,0,0,0,0,0,0,0,0,0,,,,0,0,0,0,0,0,0,,0,0,0,0,,102.6,155.6
00-0021931,K.Walter,Kevin Walter,WR,WR,"https://static.www.nfl.com/image/private/f_auto,q_auto/league/yc4wxbkvjqddtgi2fisq",2007,REG,HOU,15,0,0,0,0,0,0,0,0,0,0,0,0,,,0,,5,30,0,0,0,2,2.72842154337559,0,65,0,800,4,0,0,0,295,43,74.6073868636158,0,0,0,0,0,0,4,0,0,0,0,0,0,0,0,0,0,0,0,0,0,0,1,1,1,1,1,0,0,0,0,1,7,0,0,0,0,,,0,0,0,0,0,0,0,0,0,0,0,0,,,,0,0,0,0,0,0,0,,0,0,0,0,,107,172
00-0021934,D.Veal,Demetrin Veal,DE,DL,"https://static.www.nfl.com/image/private/f_auto,q_auto/league/dbsiknuwfidq6ecrzdjx",2007,REG,TEN,3,0,0,0,0,0,0,0,0,0,0,0,0,,,0,,0,0,0,0,0,0,,0,0,0,0,0,0,0,0,0,0,,0,,,0,,0,2,1,3,0,0,0,0,0,1,0,0,0,0,0,0,0,0,0,0,0,0,0,0,0,0,0,0,0,0,0,0,,,0,0,0,0,0,0,0,0,0,0,0,0,,,,0,0,0,0,0,0,0,,0,0,0,0,,0,0
00-0021936,A.Pinnock,Andrew Pinnock,RB,RB,"https://static.www.nfl.com/image/private/f_auto,q_auto/league/r5taqs4zsic6jhwr2d9p",2007,REG,LAC,5,0,0,0,0,0,0,0,0,0,0,0,0,,,0,,4,1,0,0,0,0,-3.51899438223439,0,1,0,5,0,0,0,0,3,0,0.0873799147084355,0,0,,0,,0,2,0,1,0,0,0,0,0,0,0,0,0,0,0,0,0,0,0,0,0,0,1,5,0,0,0,0,0,0,0,0,,,0,0,0,0,0,0,0,0,0,0,0,0,,,,0,0,0,0,0,0,0,,0,0,0,0,,0.6,1.6
00-0021940,J.Brown,Josh Brown,K,SPEC,"https://static.www.nfl.com/image/private/f_auto,q_auto/league/bl6cnjs3vfriv3vj6ilz",2007,REG+POST,SEA,18,0,0,0,0,0,0,0,0,0,0,0,0,,,0,,0,0,0,0,0,0,,0,0,0,0,0,0,0,0,0,0,,0,,0,0,0,0,5,0,0,0,0,0,0,0,0,0,0,0,0,0,0,0,0,0,0,0,0,0,0,0,0,0,0,32,38,5,1,54,0.842105263157895,0,14,6,8,4,0,0,0,0,3,2,0,28;46;28;28;23;23;31;25;52;38;48;45;43;39;26;22;20;40;23;46;33;23;41;23;42;39;54;51;50;33;29;27,54;44;46;52;40,44,1119,236,44,48,48,0,0,1,0,0,0,0,,0,0
00-0021941,G.Hayes,Gerald Hayes,LB,LB,"https://static.www.nfl.com/image/private/f_auto,q_auto/league/ejvbr0jntfewtwfwcawr",2007,REG,ARI,16,0,0,0,0,0,0,0,0,0,0,0,0,,,0,,0,0,0,0,0,0,,0,0,0,0,0,0,0,0,0,0,,0,,,0,,0,70,11,16,0,0,0,4,23,4,1,30,3,1,0,0,0,0,0,0,0,0,1,5,0,0,0,0,0,0,0,0,,,0,0,0,0,0,0,0,0,0,0,0,0,,,,0,0,0,0,0,0,0,,0,0,0,0,,0,0
00-0021943,F.Walker,Frank Walker,DB,DB,"https://static.www.nfl.com/image/private/f_auto,q_auto/league/aoeax6jyaml2a6jwrqmg",2007,REG+POST,GB,9,0,0,0,0,0,0,0,0,0,0,0,0,,,0,,0,0,0,0,0,0,,0,0,0,0,0,0,0,0,0,0,,0,,0,0,0,0,17,1,0,0,0,0,0,0,0,0,0,1,0,0,0,0,0,0,0,0,0,2,20,0,0,0,0,0,0,0,0,,,0,0,0,0,0,0,0,0,0,0,0,0,,,,0,0,0,0,0,0,0,,0,0,0,0,,0,0
00-0021945,E.Kelley,Ethan Kelley,NT,DL,"https://static.www.nfl.com/image/private/f_auto,q_auto/league/ezxmugfifdbi1qcq7u1q",2007,REG,CLE,10,0,0,0,0,0,0,0,0,0,0,0,0,,,0,,0,0,0,0,0,0,,0,0,0,0,0,0,0,0,0,0,,0,,0,0,0,0,10,5,9,0,0,1,1,8,3,0,0,0,0,0,0,0,0,0,0,0,0,0,0,0,0,0,0,0,0,0,0,,,0,0,0,0,0,0,0,0,0,0,0,0,,,,0,0,0,0,0,0,0,,0,0,0,0,,0,0
00-0021949,C.Johnson,Chris Johnson,DB,DB,"https://static.www.nfl.com/image/private/f_auto,q_auto/league/jctqayyyqjrxjzmj8zht",2007,REG,LV,10,0,0,0,0,0,0,0,0,0,0,0,0,,,0,,0,0,0,0,0,0,,0,0,0,0,0,0,0,0,0,0,,0,,,0,,0,11,0,2,0,0,0,0,0,0,0,0,2,0,0,0,0,0,0,0,0,0,1,5,0,0,0,0,0,0,0,0,,,0,0,0,0,0,0,0,0,0,0,0,0,,,,0,0,0,0,0,0,0,,0,0,0,0,,0,0
00-0021951,B.Scott,Bryan Scott,LB,LB,"https://static.www.nfl.com/image/private/f_auto,q_auto/league/zv3wwyltdohldrqskzph",2007,REG,BUF,10,0,0,0,0,0,0,0,0,0,0,0,0,,,0,,0,0,0,0,0,0,,0,0,0,0,0,0,0,0,0,0,,0,,0,0,0,0,21,0,7,0,0,1,0,0,2,0,0,1,0,0,0,0,0,0,0,0,0,0,0,0,0,0,0,0,0,0,0,,,0,0,0,0,0,0,0,0,0,0,0,0,,,,0,0,0,0,0,0,0,,0,0,0,0,,0,0
00-0021952,T.J.Johnson,Todd Johnson,DB,DB,"https://static.www.nfl.com/image/private/f_auto,q_auto/league/ysmjiznkwc6xeax6hsed",2007,REG,LA,15,0,0,0,0,0,0,0,0,0,0,0,0,,,0,,0,0,0,0,0,0,,0,0,0,0,0,0,0,0,0,0,,0,,,0,,0,25,0,4,0,0,0,0,0,0,0,0,0,0,0,0,0,0,0,0,0,0,1,5,0,0,0,0,0,0,0,0,,,0,0,0,0,0,0,0,0,0,0,0,0,,,,0,0,0,0,0,0,0,,0,0,0,0,,0,0
00-0021953,T.Holt,Terrence Holt,DB,DB,"https://static.www.nfl.com/image/private/f_auto,q_auto/league/y8idj49boylgazhplwdd",2007,REG,ARI,16,0,0,0,0,0,0,0,0,0,0,0,0,,,0,,0,0,0,0,0,0,,0,0,0,0,0,0,0,0,0,0,,0,,,0,,0,56,5,8,0,0,1,0,0,0,0,0,0,0,0,0,0,0,0,1,1,0,1,5,0,0,0,0,0,0,0,0,,,0,0,0,0,0,0,0,0,0,0,0,0,,,,0,0,0,0,0,0,0,,0,0,0,0,,0,0
00-0021955,D.Klecko,Dan Klecko,FB,RB,"https://static.www.nfl.com/image/private/f_auto,q_auto/league/l8f72ct2lihcafibxr8q",2007,REG,IND,4,0,0,0,0,0,0,0,0,0,0,0,0,,,0,,0,0,0,0,0,0,,0,0,0,0,0,0,0,0,0,0,,0,,,0,,0,2,1,2,0,0,0,1,9,2,0,0,0,0,0,0,0,0,0,0,0,0,1,5,0,0,0,0,0,0,0,0,,,0,0,0,0,0,0,0,0,0,0,0,0,,,,0,0,0,0,0,0,0,,0,0,0,0,,0,0
00-0021956,A.Samuel,Asante Samuel,CB,DB,"https://static.www.nfl.com/image/private/f_auto,q_auto/league/cqaqh3xua1nk6qthkp9f",2007,REG+POST,NE,19,0,0,0,0,0,0,0,0,0,0,0,0,,,0,,0,0,0,0,0,0,,0,0,0,0,0,0,0,0,0,0,,0,,,0,,0,43,5,5,0,0,0,0,0,0,7,99,21,1,0,0,0,0,0,0,0,0,3,55,0,0,0,0,0,0,0,0,,,0,0,0,0,0,0,0,0,0,0,0,0,,,,0,0,0,0,0,0,0,,0,0,0,0,,0,0
00-0021960,J.Wilkerson,Jimmy Wilkerson,DE,DL,"https://static.www.nfl.com/image/private/f_auto,q_auto/league/wgxfg7gfigkvyuxhvu0c",2007,REG,KC,13,0,0,0,0,0,0,0,0,0,0,0,0,,,0,,0,0,0,0,0,0,,0,0,0,0,0,0,0,0,0,0,,0,,,0,,0,17,2,4,0,0,0,0.5,6,2,0,0,0,0,0,0,0,0,0,0,0,0,1,7,0,0,0,0,0,0,0,0,,,0,0,0,0,0,0,0,0,0,0,0,0,,,,0,0,0,0,0,0,0,,0,0,0,0,,0,0
00-0021964,E.Cochran,Earl Cochran,DE,DL,"https://static.www.nfl.com/image/private/f_auto,q_auto/league/agrt8bxwalpzzigxufbr",2007,REG,HOU,14,0,0,0,0,0,0,0,0,0,0,0,0,,,0,,0,0,0,0,0,0,,0,0,0,0,0,0,0,0,0,0,,0,,0,0,0,0,7,13,6,0,0,1,1,6,1,0,0,4,0,0,0,0,0,0,1,1,0,1,15,0,0,0,0,0,0,0,0,,,0,0,0,0,0,0,0,0,0,0,0,0,,,,0,0,0,0,0,0,0,,0,0,0,0,,0,0
00-0021965,R.Moore,Rashad Moore,DT,DL,"https://static.www.nfl.com/image/private/f_auto,q_auto/league/kdlhjvcg4rstfw7hrcjf",2007,REG+POST,NE,2,0,0,0,0,0,0,0,0,0,0,0,0,,,0,,0,0,0,0,0,0,,0,0,0,0,0,0,0,0,0,0,,0,,,0,,0,1,0,0,0,0,0,0,0,2,0,0,0,0,0,0,0,0,0,0,0,0,0,0,0,0,0,0,0,0,0,0,,,0,0,0,0,0,0,0,0,0,0,0,0,,,,0,0,0,0,0,0,0,,0,0,0,0,,0,0
00-0021970,K.Mitchell,Kawika Mitchell,OLB,LB,"https://static.www.nfl.com/image/private/f_auto,q_auto/league/gu6ji1tgtad0teloomvi",2007,REG+POST,NYG,20,0,0,0,0,0,0,0,0,0,0,0,0,,,0,,0,0,0,0,0,0,,0,0,0,0,0,0,0,0,0,0,,0,,0,0,0,0,52,14,30,0,0,2,4.5,49.5,5,1,20,5,1,0,0,0,0,0,1,1,1,1,15,0,0,0,0,0,0,0,0,,,0,0,0,0,0,0,0,0,0,0,0,0,,,,0,0,0,0,0,0,0,,0,0,0,0,,0,0
00-0021974,J.Bridges,Jeremy Bridges,G,OL,"https://static.www.nfl.com/image/private/f_auto,q_auto/league/pru7opwcvcvceqxizlvw",2007,REG,CAR,5,0,0,0,0,0,0,0,0,0,0,0,0,,,0,,0,0,0,0,0,0,,0,0,0,0,0,0,0,0,0,0,,0,,0,0,0,0,1,0,0,0,0,0,0,0,0,0,0,0,0,0,0,0,0,0,0,0,0,4,20,0,0,0,0,0,0,0,0,,,0,0,0,0,0,0,0,0,0,0,0,0,,,,0,0,0,0,0,0,0,,0,0,0,0,,0,0
00-0021976,L.Johnson,Larry Johnson,RB,RB,"https://static.www.nfl.com/image/private/f_auto,q_auto/league/mzwxygpnqm65aj1w1qyr",2007,REG,KC,8,0,1,0,0,0,0,0,0,0,16,0,0,-0.409402748860884,,0,0,158,559,3,1,1,29,-32.4645207821833,0,30,0,186,1,0,0,0,225,9,5.32276800533393,0,0,,0,,0,0,0,0,0,0,0,0,0,0,0,0,0,0,0,0,0,0,0,0,0,0,3,15,0,0,0,0,0,0,0,0,,,0,0,0,0,0,0,0,0,0,0,0,0,,,,0,0,0,0,0,0,0,,0,0,0,0,,96.5,126.5
00-0021977,O.Umenyiora,Osi Umenyiora,DE,DL,"https://static.www.nfl.com/image/private/f_auto,q_auto/league/okxeyp4lz63csaq0i6hl",2007,REG+POST,NYG,19,0,0,0,0,0,0,0,0,0,0,0,0,,,0,,0,0,0,0,0,0,,0,0,0,0,0,0,0,0,0,0,,0,,0,0,0,0,40,7,15,0,0,5,14,89,28,0,0,1,0,0,0,0,0,0,3,3,1,3,15,0,0,0,0,0,0,0,0,,,0,0,0,0,0,0,0,0,0,0,0,0,,,,0,0,0,0,0,0,0,,0,0,0,0,,0,0
00-0021980,G.Wrighster,George Wrighster,TE,TE,"https://static.www.nfl.com/image/private/f_auto,q_auto/league/pkavuflboomz24zvs7zy",2007,REG,JAX,10,0,0,0,0,0,0,0,0,0,0,0,0,,,0,,0,0,0,0,0,0,,0,17,0,123,1,0,0,0,73,6,6.7659989464446,0,0,,0,,0,0,0,0,0,0,0,0,0,0,0,0,0,0,0,0,0,0,0,0,0,0,1,2,0,0,2,35,0,0,0,0,,,0,0,0,0,0,0,0,0,0,0,0,0,,,,0,0,0,0,0,0,0,,0,0,0,0,,18.3,35.3
00-0021981,S.McDonald,Shaun McDonald,WR,WR,"https://static.www.nfl.com/image/private/f_auto,q_auto/league/sd1rdixhcutyp2epoc95",2007,REG,DET,16,0,0,0,0,0,0,0,0,0,0,0,0,,,0,,4,2,0,1,1,0,-5.35266346373828,0,79,0,943,6,2,1,0,245,47,69.1741810384383,0,0,,0,,0,2,0,0,0,0,0,0,0,0,0,0,0,0,0,0,0,0,0,0,0,0,2,25,0,0,0,0,0,0,0,0,,,0,0,0,0,0,0,0,0,0,0,0,0,,,,0,0,0,0,0,0,0,,0,0,0,0,,126.5,205.5
00-0021982,J.Gage,Justin Gage,WR,WR,"https://static.www.nfl.com/image/private/f_auto,q_auto/league/m4cfwujzom8wwzwblm0r",2007,REG+POST,TEN,17,0,0,0,0,0,0,0,0,0,0,0,0,,,0,,0,0,0,0,0,0,,0,56,0,769,2,1,0,0,225,46,69.5088508019369,0,0,,0,,0,4,0,0,0,0,0,0,0,0,0,0,0,0,0,0,0,1,1,1,1,0,2,15,0,0,0,0,0,0,0,0,,,0,0,0,0,0,0,0,0,0,0,0,0,,,,0,0,0,0,0,0,0,,0,0,0,0,,88.9,144.9
00-0021983,H.Hillenmeyer,Hunter Hillenmeyer,MLB,LB,"https://static.www.nfl.com/image/private/f_auto,q_auto/league/h6bqmydgr5zsurzlnnpn",2007,REG,CHI,16,0,0,0,0,0,0,0,0,0,0,0,0,,,0,,0,0,0,0,0,0,,0,0,0,0,0,0,0,0,0,0,,0,,,0,,0,48,17,13,0,0,0,0,0,4,0,0,1,0,0,0,0,0,0,1,1,0,2,10,0,0,0,0,0,0,0,0,,,0,0,0,0,0,0,0,0,0,0,0,0,,,,0,0,0,0,0,0,0,,0,0,0,0,,0,0
00-0021988,D.Robertson,Dewayne Robertson,DT,DL,"https://static.www.nfl.com/image/private/f_auto,q_auto/league/xach0ndnzxzhawh3pr5f",2007,REG,NYJ,15,0,0,0,0,0,0,0,0,0,0,0,0,,,0,,0,0,0,0,0,0,,0,0,0,0,0,0,0,0,0,0,,0,,,0,,0,20,16,21,0,0,0,4,33,9,0,0,0,0,0,0,0,0,0,1,1,0,0,0,0,0,0,0,0,0,0,0,,,0,0,0,0,0,0,0,0,0,0,0,0,,,,0,0,0,0,0,0,0,,0,0,0,0,,0,0
00-0021989,T.Warren,Ty Warren,DT,DL,"https://static.www.nfl.com/image/private/f_auto,q_auto/league/u54tb7cvj0fzybyxifxi",2007,REG+POST,NE,19,0,0,0,0,0,0,0,0,0,0,0,0,,,0,,0,0,0,0,0,0,,0,0,0,0,0,0,0,0,0,0,,0,,,0,,0,23,21,22,0,0,1,4,27.5,18,0,0,0,0,0,0,0,0,0,3,3,0,2,20,0,0,0,0,0,0,0,0,,,0,0,0,0,0,0,0,0,0,0,0,0,,,,0,0,0,0,0,0,0,,0,0,0,0,,0,0
00-0021990,N.Barnett,Nick Barnett,LB,LB,"https://static.www.nfl.com/image/private/f_auto,q_auto/league/szu3kric0vx0gyc8ie7i",2007,REG+POST,GB,18,0,0,0,0,0,0,0,0,0,0,0,0,,,0,,0,0,0,0,0,0,,0,0,0,0,0,0,0,0,0,0,,0,,0,0,0,0,88,21,33,0,0,0,3.5,19.5,8,2,40,5,0,0,0,0,0,0,1,1,0,5,51,0,0,0,0,0,0,0,0,,,0,0,0,0,0,0,0,0,0,0,0,0,,,,0,0,0,0,0,0,0,,0,0,0,0,,0,0
00-0021991,S.Davis,Sammy Davis,DB,DB,"https://static.www.nfl.com/image/private/f_auto,q_auto/league/kwskjrb6gre7nhpo3jhn",2007,REG,TB,10,0,0,0,0,0,0,0,0,0,0,0,0,,,0,,0,0,0,0,0,0,,0,0,0,0,0,0,0,0,0,0,,0,,0,0,0,0,12,4,3,0,0,0,0,0,0,0,0,1,0,0,0,0,0,0,0,0,0,2,20,0,0,0,0,0,0,0,0,,,0,0,0,0,0,0,0,0,0,0,0,0,,,,0,0,0,0,0,0,0,,0,0,0,0,,0,0
00-0021992,E.Wilson,Eugene Wilson,FS,DB,"https://static.www.nfl.com/image/private/f_auto,q_auto/league/ndv34of5ywrhtv62bafz",2007,REG+POST,NE,11,0,0,0,0,0,0,0,0,0,0,0,0,,,0,,0,0,0,0,0,0,,0,0,0,0,0,0,0,0,0,0,,0,,,0,,0,20,7,4,0,0,0,0,0,1,1,5,3,1,0,0,0,0,0,1,1,0,1,13,0,0,0,0,0,0,0,0,,,0,0,0,0,0,0,0,0,0,0,0,0,,,,0,0,0,0,0,0,0,,0,0,0,0,,0,0
00-0021994,D.Florence,Drayton Florence,CB,DB,"https://static.www.nfl.com/image/private/f_auto,q_auto/league/dzxvblqnajfjmux3laus",2007,REG+POST,LAC,19,0,0,0,0,0,0,0,0,0,0,0,0,,,0,,0,0,0,0,0,0,,0,0,0,0,0,0,0,0,0,0,,0,,,0,,0,52,13,8,0,0,0,0,0,0,4,21,14,0,0,0,0,0,0,1,1,0,4,42,0,0,0,0,0,0,0,0,,,0,0,0,0,0,0,0,0,0,0,0,0,,,,0,0,0,0,0,0,0,,0,0,0,0,,0,0
00-0021995,C.Kelsay,Chris Kelsay,DE,DL,"https://static.www.nfl.com/image/private/f_auto,q_auto/league/llpwrwptbaeda7qqpter",2007,REG,BUF,14,0,0,0,0,0,0,0,0,0,0,0,0,,,0,,0,0,0,0,0,0,,0,0,0,0,0,0,0,0,0,0,,0,,0,0,0,0,26,8,9,0,0,0,2.5,10,9,1,0,3,1,0,1,0,0,0,1,1,0,3,25,0,0,0,0,0,0,0,0,,,0,0,0,0,0,0,0,0,0,0,0,0,,,,0,0,0,0,0,0,0,,0,0,0,0,,0,0
00-0021996,V.Hobson,Victor Hobson,LB,LB,"https://static.www.nfl.com/image/private/f_auto,q_auto/league/gsjzv6xg2w29sst77tgi",2007,REG,NYJ,15,0,0,0,0,0,0,0,0,0,0,0,0,,,0,,0,0,0,0,0,0,,0,0,0,0,0,0,0,0,0,0,,0,,,0,,0,26,22,14,0,0,0,2,21,9,0,0,4,0,0,0,0,0,0,2,2,0,0,0,0,0,0,0,0,0,0,0,,,0,0,0,0,0,0,0,0,0,0,0,0,,,,0,0,0,0,0,0,0,,0,0,0,0,,0,0
00-0021997,D.White,Dewayne White,DE,DL,"https://static.www.nfl.com/image/private/f_auto,q_auto/league/rtkoh8crt7wpljmtm0xw",2007,REG,DET,14,0,0,0,0,0,0,0,0,0,0,0,0,,,0,,0,0,0,0,0,0,,0,0,0,0,0,0,0,0,0,0,,0,,,0,,0,29,3,10,0,0,2,6,50,11,1,28,3,0,0,0,0,0,0,2,2,1,1,5,0,0,0,0,0,0,0,0,,,0,0,0,0,0,0,0,0,0,0,0,0,,,,0,0,0,0,0,0,0,,0,0,0,0,,0,0
00-0021998,C.Redding,Cory Redding,DE,DL,"https://static.www.nfl.com/image/private/f_auto,q_auto/league/jraoxnfjje0x5wsaf05b",2007,REG,DET,16,0,0,0,0,0,0,0,0,0,0,0,0,,,0,,0,0,0,0,0,0,,0,0,0,0,0,0,0,0,0,0,,0,,,0,,0,21,6,10,0,0,0,1,5,10,0,0,1,0,0,0,0,0,0,2,2,0,5,25,0,0,0,0,0,0,0,0,,,0,0,0,0,0,0,0,0,0,0,0,0,,,,0,0,0,0,0,0,0,,0,0,0,0,,0,0
00-0021999,N.Burleson,Nate Burleson,WR,WR,"https://static.www.nfl.com/image/private/f_auto,q_auto/league/uetfdfntsvqax8ntyato",2007,REG+POST,SEA,18,0,0,0,0,0,0,0,0,0,0,0,0,,,0,,2,4,0,0,0,0,-1.7605815269053,0,60,0,791,9,1,1,0,238,41,69.3341144723227,0,0,0,0,0,2,3,0,0,0,0,0,0,0,0,0,0,0,0,3,0,0,0,0,0,0,0,4,20,64,742,35,715,0,0,0,0,,,0,0,0,0,0,0,0,0,0,0,0,0,,,,0,0,0,0,0,0,0,,0,0,0,0,,143.5,203.5
00-0022001,K.Curtis,Kevin Curtis,WR,WR,"https://static.www.nfl.com/image/private/f_auto,q_auto/league/dd8nztoegrdznrpnbnqk",2007,REG,PHI,16,0,0,0,0,0,0,0,0,0,0,0,0,,,0,,0,0,0,0,0,0,,0,77,0,1110,6,0,0,0,351,49,92.3363958045911,0,0,0,0,0,0,2,0,0,0,0,0,0,0,0,0,0,0,0,0,0,0,2,2,0,0,2,0,0,0,0,0,0,0,0,0,0,,,0,0,0,0,0,0,0,0,0,0,0,0,,,,0,0,0,0,0,0,0,,0,0,0,0,,147,224
00-0022002,K.Peterson,Kenny Peterson,DE,DL,"https://static.www.nfl.com/image/private/f_auto,q_auto/league/w1x35kpwzczl5k5cxfk7",2007,REG,DEN,5,0,0,0,0,0,0,0,0,0,0,0,0,,,0,,0,0,0,0,0,0,,0,0,0,0,0,0,0,0,0,0,,0,,,0,,0,6,2,2,0,0,0,1,8,2,0,0,2,0,0,0,0,0,0,0,0,0,0,0,0,0,0,0,0,0,0,0,,,0,0,0,0,0,0,0,0,0,0,0,0,,,,0,0,0,0,0,0,0,,0,0,0,0,,0,0
00-0022003,B.Askew,B.J. Askew,FB,RB,"https://static.www.nfl.com/image/private/f_auto,q_auto/league/p1c0hws42t8vfirum5xp",2007,REG+POST,TB,13,0,0,0,0,0,0,0,0,0,0,0,0,,,0,,1,3,0,0,0,1,0.584346474381164,0,20,0,187,0,0,0,0,164,9,10.3537198586273,0,0,0,0,0,0,2,0,1,0,0,0,0,0,0,0,0,0,0,0,0,0,0,0,0,0,0,0,0,0,0,0,0,0,0,0,0,,,0,0,0,0,0,0,0,0,0,0,0,0,,,,0,0,0,0,0,0,0,,0,0,0,0,,19,39
00-0022004,A.Crowell,Angelo Crowell,LB,LB,"https://static.www.nfl.com/image/private/f_auto,q_auto/league/noby80bv9jxj1pdlardy",2007,REG,BUF,16,0,0,0,0,0,0,0,0,0,0,0,0,,,0,,0,0,0,0,0,0,,0,0,0,0,0,0,0,0,0,0,,0,,0,0,0,0,64,22,40,0,0,1,2,17,3,1,5,4,0,0,1,0,0,0,1,1,0,1,15,0,0,0,0,0,0,0,0,,,0,0,0,0,0,0,0,0,0,0,0,0,,,,0,0,0,0,0,0,0,,0,0,0,0,,0,0
00-0022006,A.Pinner,Artose Pinner,RB,RB,"https://static.www.nfl.com/image/private/f_auto,q_auto/league/y5j8niw0qyyxgwflvpmc",2007,REG,ATL,5,0,0,0,0,0,0,0,0,0,0,0,0,,,0,,5,46,0,0,0,2,1.69398093450319,0,0,0,0,0,0,0,0,0,0,,0,,0,0,0,0,2,0,1,0,0,0,0,0,0,0,0,0,0,0,0,0,0,0,0,0,0,0,0,0,0,0,0,0,0,0,0,,,0,0,0,0,0,0,0,0,0,0,0,0,,,,0,0,0,0,0,0,0,,0,0,0,0,,4.6,4.6
00-0022008,T.McGee,Terrence McGee,CB,DB,"https://static.www.nfl.com/image/private/f_auto,q_auto/league/eoq5v44uwzmykqfsc2tf",2007,REG,BUF,15,0,0,0,0,0,0,0,0,0,0,0,0,,,0,,0,0,0,0,0,0,,0,0,0,0,0,0,0,0,0,0,,0,,0,0,0,1,57,11,10,0,0,0,0,0,0,4,4,21,0,0,0,0,0,0,0,0,0,0,0,0,0,45,1082,0,0,0,0,,,0,0,0,0,0,0,0,0,0,0,0,0,,,,0,0,0,0,0,0,0,,0,0,0,0,,6,6
00-0022009,M.Wilhelm,Matt Wilhelm,LB,LB,"https://static.www.nfl.com/image/private/f_auto,q_auto/league/vlri6omhgwvc1mhk5kz1",2007,REG+POST,LAC,16,0,0,0,0,0,0,0,0,0,0,0,0,,,0,,0,0,0,0,0,0,,0,0,0,0,0,0,0,0,0,0,-0.947,0,,,0,,0,62,17,26,0,0,0,0,0,2,3,11,4,0,0,0,0,0,0,1,1,0,1,5,0,0,0,0,0,0,0,0,,,0,0,0,0,0,0,0,0,0,0,0,0,,,,0,0,0,0,0,0,0,,0,0,0,0,,0,0
00-0022010,N.Eason,Nick Eason,DE,DL,"https://static.www.nfl.com/image/private/f_auto,q_auto/league/xkbecs7spae27so0qrka",2007,REG+POST,PIT,12,0,0,0,0,0,0,0,0,0,0,0,0,,,0,,0,0,0,0,0,0,,0,0,0,0,0,0,0,0,0,0,,0,,,0,,0,9,1,4,0,0,0,0,0,1,0,0,0,0,0,0,0,0,0,0,0,0,0,0,0,0,1,10,0,0,0,0,,,0,0,0,0,0,0,0,0,0,0,0,0,,,,0,0,0,0,0,0,0,,0,0,0,0,,0,0
00-0022011,J.Griffith,Justin Griffith,RB,RB,"https://static.www.nfl.com/image/private/f_auto,q_auto/league/y5kimydkyoic29zr8s2z",2007,REG,LV,13,0,0,0,0,0,0,0,0,0,0,0,0,,,0,,7,27,0,0,0,0,-0.410593213804532,0,26,0,165,1,0,0,0,102,7,6.9396041794389,0,0,,0,,0,0,0,0,0,0,0,0,0,0,0,0,0,0,0,0,0,0,0,0,0,0,2,15,0,0,1,11,0,0,0,0,,,0,0,0,0,0,0,0,0,0,0,0,0,,,,0,0,0,0,0,0,0,,0,0,0,0,,25.2,51.2
00-0022017,M.Scifres,Mike Scifres,P,SPEC,"https://static.www.nfl.com/image/private/f_auto,q_auto/league/y90destqrx1cowcazckp",2007,REG+POST,LAC,19,0,0,0,0,0,0,0,0,0,0,0,0,-0.947,,0,,0,0,0,0,0,0,,0,0,0,0,0,0,0,0,0,0,,0,,,0,,0,0,0,0,0,0,0,0,0,0,0,0,0,0,0,0,0,0,0,0,0,0,0,0,0,0,0,0,0,0,0,0,,,0,0,0,0,0,0,0,0,0,0,0,0,,,,0,0,0,0,0,0,0,,0,0,0,0,,0,0
00-0022019,D.Koppen,Dan Koppen,C,OL,"https://static.www.nfl.com/image/private/f_auto,q_auto/league/i4wbpm7uencbmfoxaz4m",2007,REG+POST,NE,4,0,0,0,0,0,0,0,0,0,0,0,0,,,0,,0,0,0,0,0,0,,0,0,0,0,0,0,0,0,0,0,,0,,,0,,0,1,0,0,0,0,0,0,0,0,0,0,0,0,0,0,0,0,0,0,0,0,3,20,0,0,0,0,0,0,0,0,,,0,0,0,0,0,0,0,0,0,0,0,0,,,,0,0,0,0,0,0,0,,0,0,0,0,,0,0
00-0022021,S.Mahan,Sean Mahan,C,OL,"https://static.www.nfl.com/image/private/f_auto,q_auto/league/lwquggr7edi9rzdyfkuf",2007,REG+POST,PIT,4,0,0,0,0,0,0,0,0,0,0,0,0,,,0,,0,0,0,0,0,0,,0,0,0,0,0,0,0,0,0,0,,0,,,0,,0,1,0,0,0,0,0,0,0,0,0,0,0,0,0,0,0,0,0,0,0,0,3,29,0,0,0,0,0,0,0,0,,,0,0,0,0,0,0,0,0,0,0,0,0,,,,0,0,0,0,0,0,0,,0,0,0,0,,0,0
00-0022025,H.Milligan,Hanik Milligan,DB,DB,"https://static.www.nfl.com/image/private/f_auto,q_auto/league/wtx6u4bzgo5d4wrtt9rk",2007,REG,LA,3,0,0,0,0,0,0,0,0,0,0,0,0,,,0,,0,0,0,0,0,0,,0,0,0,0,0,0,0,0,0,0,,0,,,0,,0,3,0,0,0,0,0,0,0,0,0,0,0,0,0,0,0,1,1,0,0,0,0,0,0,0,0,0,0,0,0,0,,,0,0,0,0,0,0,0,0,0,0,0,0,,,,0,0,0,0,0,0,0,,0,0,0,0,,0,0
00-0022026,B.Bollinger,Brooks Bollinger,QB,QB,"https://static.www.nfl.com/image/private/f_auto,q_auto/league/r2jiwdsifzzmcjfhwyou",2007,REG,MIN,5,33,50,391,1,1,7,-36,0,0,354,210,18,-4.57038032434062,5.53132779896259,0,1.1045197740113,5,18,0,1,1,2,-5.27990347299771,1,0,0,0,0,0,0,0,0,0,,0,,,0,,0,0,0,0,0,0,0,0,0,0,0,0,0,0,0,0,0,0,0,0,0,0,0,0,0,0,0,0,0,0,0,0,,,0,0,0,0,0,0,0,0,0,0,0,0,,,,0,0,0,0,0,0,0,,0,0,0,0,,19.44,19.44
00-0022029,T.Cox,Torrie Cox,DB,DB,"https://static.www.nfl.com/image/private/f_auto,q_auto/league/ihfzajuioe6dkueszwwr",2007,REG,TB,4,0,0,0,0,0,0,0,0,0,0,0,0,,,0,,0,0,0,0,0,0,,0,0,0,0,0,0,0,0,0,0,,0,,0,0,0,0,6,0,0,0,0,0,0,0,0,0,0,0,0,0,0,0,0,0,0,0,0,0,0,0,0,2,41,0,0,0,0,,,0,0,0,0,0,0,0,0,0,0,0,0,,,,0,0,0,0,0,0,0,,0,0,0,0,,0,0
00-0022031,B.Adams,Blue Adams,DB,DB,"https://static.www.nfl.com/image/private/f_auto,q_auto/league/kj2vpmkjciulekc2cnw8",2007,REG,CIN,9,0,0,0,0,0,0,0,0,0,0,0,0,,,0,,0,0,0,0,0,0,,0,0,0,0,0,0,0,0,0,0,,0,,,0,,0,13,0,2,0,0,0,1,7,1,0,0,0,0,0,0,0,0,0,0,0,0,4,55,0,0,0,0,0,0,0,0,,,0,0,0,0,0,0,0,0,0,0,0,0,,,,0,0,0,0,0,0,0,,0,0,0,0,,0,0
00-0022034,M.Haggan,Mario Haggan,OLB,LB,"https://static.www.nfl.com/image/private/f_auto,q_auto/league/teo14mhahg3pslgxrwcu",2007,REG,BUF,13,0,0,0,0,0,0,0,0,0,0,0,0,,,0,,0,0,0,0,0,0,,0,0,0,0,0,0,0,0,0,0,,0,,0,0,0,0,14,2,4,0,0,0,1,2,0,0,0,0,0,0,0,0,0,0,0,0,0,2,25,0,0,0,0,0,0,0,0,,,0,0,0,0,0,0,0,0,0,0,0,0,,,,0,0,0,0,0,0,0,,0,0,0,0,,0,0
00-0022038,T.Banta-Cain,Tully Banta-Cain,OLB,LB,"https://static.www.nfl.com/image/private/f_auto,q_auto/league/pclx2lcsldunqqtkbtl9",2007,REG,SF,16,0,0,0,0,0,0,0,0,0,0,0,0,,,0,,0,0,0,0,0,0,,0,0,0,0,0,0,0,0,0,0,,0,,0,0,0,0,28,2,11,0,0,0,3.5,16,7,0,0,2,0,0,0,0,0,0,1,1,1,1,5,0,0,0,0,0,0,0,0,,,0,0,0,0,0,0,0,0,0,0,0,0,,,,0,0,0,0,0,0,0,,0,0,0,0,,0,0
00-0022040,S.Shanle,Scott Shanle,OLB,LB,"https://static.www.nfl.com/image/private/f_auto,q_auto/league/dwt2abdrnj6cb2mjhcqy",2007,REG,NO,14,0,0,0,0,0,0,0,0,0,0,0,0,,,0,,0,0,0,0,0,0,,0,0,0,0,0,0,0,0,0,0,,0,,0,0,0,0,36,7,25,0,0,2,0,0,1,0,0,1,0,0,0,0,0,0,1,1,0,0,0,0,0,0,0,0,0,0,0,,,0,0,0,0,0,0,0,0,0,0,0,0,,,,0,0,0,0,0,0,0,,0,0,0,0,,0,0
00-0022041,R.Angulo,Richard Angulo,TE,TE,"https://static.www.nfl.com/image/private/f_auto,q_auto/league/et5bgiztn6hpwnlb7eae",2007,REG+POST,JAX,5,0,0,0,0,0,0,0,0,0,0,0,0,,,0,,0,0,0,0,0,0,,0,8,0,81,1,0,0,0,20,3,7.91523053031415,0,0,,0,,0,0,0,0,0,0,0,0,0,0,0,0,0,0,0,0,0,0,0,0,0,0,2,15,0,0,0,0,0,0,0,0,,,0,0,0,0,0,0,0,0,0,0,0,0,,,,0,0,0,0,0,0,0,,0,0,0,0,,14.1,22.1
00-0022044,A.Johnson,Andre Johnson,WR,WR,"https://static.www.nfl.com/image/private/f_auto,q_auto/league/iavrftkbpw4bekzl7zfv",2007,REG,HOU,9,0,0,0,0,0,0,0,0,0,0,0,0,,,0,,0,0,0,0,0,0,,0,60,0,851,8,1,1,0,251,39,75.2296461462028,0,0,0,0,0,0,3,0,0,0,0,0,0,0,0,0,0,0,0,0,0,0,0,0,0,0,0,0,0,0,0,0,0,0,0,0,0,,,0,0,0,0,0,0,0,0,0,0,0,0,,,,0,0,0,0,0,0,0,,0,0,0,0,,131.1,191.1
00-0022045,T.Newman,Terence Newman,CB,DB,"https://static.www.nfl.com/image/private/f_auto,q_auto/league/aphgunfzg6ptehfuk8j1",2007,REG,DAL,13,0,0,0,0,0,0,0,0,0,0,0,0,,,0,,0,0,0,0,0,0,,0,0,0,0,0,0,0,0,0,0,,0,,,0,,0,44,0,6,0,0,1,0,0,0,4,129,12,1,1,0,0,0,0,0,0,0,1,15,4,26,0,0,0,0,0,0,,,0,0,0,0,0,0,0,0,0,0,0,0,,,,0,0,0,0,0,0,0,,0,0,0,0,,0,0
00-0022046,M.Trufant,Marcus Trufant,CB,DB,"https://static.www.nfl.com/image/private/f_auto,q_auto/league/hiagbczryf3shjvrviru",2007,REG+POST,SEA,18,0,0,0,0,0,0,0,0,0,0,0,0,,,0,,0,0,0,0,0,0,,0,0,0,0,0,0,0,0,0,0,,0,,0,0,0,0,77,8,9,0,0,0,0,0,0,8,228,18,2,0,0,0,0,0,0,0,0,5,25,0,0,0,0,0,0,0,0,,,0,0,0,0,0,0,0,0,0,0,0,0,,,,0,0,0,0,0,0,0,,0,0,0,0,,0,0
00-0022047,T.Brayton,Tyler Brayton,DT,DL,"https://static.www.nfl.com/image/private/f_auto,q_auto/league/zsjiwvvxfuehcmhaghv4",2007,REG,LV,10,0,0,0,0,0,0,0,0,0,0,0,0,,,0,,0,0,0,0,0,0,,0,0,0,0,0,0,0,0,0,0,,0,,,0,,0,7,2,2,0,0,0,0,0,0,0,0,1,0,0,0,0,0,0,1,1,0,2,24,0,0,1,6,0,0,0,0,,,0,0,0,0,0,0,0,0,0,0,0,0,,,,0,0,0,0,0,0,0,,0,0,0,0,,0,0
00-0022048,B.Bailey,Boss Bailey,OLB,LB,"https://static.www.nfl.com/image/private/f_auto,q_auto/league/idohpbsyvw14emmglzzp",2007,REG,DET,14,0,0,0,0,0,0,0,0,0,0,0,0,,,0,,0,0,0,0,0,0,,0,0,0,0,0,0,0,0,0,0,,0,,,0,,0,34,3,14,0,0,1,3.5,17,4,0,0,2,0,0,0,0,0,0,0,0,0,1,14,0,0,0,0,0,0,0,0,,,0,0,0,0,0,0,0,0,0,0,0,0,,,,0,0,0,0,0,0,0,,0,0,0,0,,0,0
00-0022049,K.Hamlin,Ken Hamlin,DB,DB,"https://static.www.nfl.com/image/private/f_auto,q_auto/league/roor1wu9vir85jcothiy",2007,REG+POST,DAL,17,0,0,0,0,0,0,0,0,0,0,0,0,,,0,,0,0,0,0,0,0,,0,0,0,0,0,0,0,0,0,0,,0,,,0,,0,43,3,18,0,0,0,0,0,0,5,93,15,0,0,0,0,0,0,0,0,0,2,30,0,0,0,0,0,0,0,0,,,0,0,0,0,0,0,0,0,0,0,0,0,,,,0,0,0,0,0,0,0,,0,0,0,0,,0,0
00-0022050,P.Tinoisamoa,Pisa Tinoisamoa,OLB,LB,"https://static.www.nfl.com/image/private/f_auto,q_auto/league/ma4xjq8bxf11tu87lkkm",2007,REG,LA,9,0,0,0,0,0,0,0,0,0,0,0,0,,,0,,0,0,0,0,0,0,,0,0,0,0,0,0,0,0,0,0,,0,,,0,,0,28,3,9,0,0,1,0,0,0,2,15,3,0,0,0,0,0,0,0,0,0,0,0,0,0,0,0,0,0,0,0,,,0,0,0,0,0,0,0,0,0,0,0,0,,,,0,0,0,0,0,0,0,,0,0,0,0,,0,0
00-0022052,A.Peek,Antwan Peek,OLB,LB,"https://static.www.nfl.com/image/private/f_auto,q_auto/league/fvgqugkjqvccqw74pe2r",2007,REG,CLE,12,0,0,0,0,0,0,0,0,0,0,0,0,,,0,,0,0,0,0,0,0,,0,0,0,0,0,0,0,0,0,0,,0,,0,0,0,0,11,1,7,0,0,1,4,24,11,0,0,4,0,0,0,0,0,0,1,1,0,2,10,0,0,0,0,0,0,0,0,,,0,0,0,0,0,0,0,0,0,0,0,0,,,,0,0,0,0,0,0,0,,0,0,0,0,,0,0
00-0022054,V.Shiancoe,Visanthe Shiancoe,TE,TE,"https://static.www.nfl.com/image/private/f_auto,q_auto/league/bjsxsxconihfsvqn4osy",2007,REG,MIN,12,0,0,0,0,0,0,0,0,0,0,0,0,,,0,,0,0,0,0,0,0,,0,27,0,323,1,1,1,0,123,11,16.93570747989,0,0,,0,,0,1,0,0,0,0,0,0,0,0,0,0,0,0,0,0,0,2,2,0,0,0,8,41,0,0,1,0,0,0,0,0,,,0,0,0,0,0,0,0,0,0,0,0,0,,,,0,0,0,0,0,0,0,,0,0,0,0,,36.3,63.3
00-0022055,S.Wallace,Seneca Wallace,QB,QB,"https://static.www.nfl.com/image/private/f_auto,q_auto/league/ytykneqxk0xwqhcrbq9a",2007,REG,SEA,5,19,28,215,2,1,3,-13,1,1,164,115,7,-4.40497647470046,-2.9150274183069,0,1.3109756097561,4,17,0,0,0,2,2.24536806694232,0,2,0,47,0,0,0,0,5,2,3.83379294263432,0,0,0,0,0,0,0,0,0,0,0,0,0,0,0,0,0,0,0,0,0,0,0,0,0,0,0,0,0,0,0,0,0,0,0,0,0,,,0,0,0,0,0,0,0,0,0,0,0,0,,,,0,0,0,0,0,0,0,,0,0,0,0,,19,21
00-0022057,L.Toefield,LaBrandon Toefield,RB,RB,"https://static.www.nfl.com/image/private/f_auto,q_auto/league/wc92sqbsgul9dtkf2a7b",2007,REG,JAX,2,0,0,0,0,0,0,0,0,0,0,0,0,,,0,,13,27,1,0,0,2,-4.10745752821094,0,1,0,4,0,0,0,0,1,0,-0.0695808900054544,0,0,,0,,0,0,0,0,0,0,0,0,0,0,0,0,0,0,0,0,0,0,0,0,0,0,0,0,0,0,3,57,0,0,0,0,,,0,0,0,0,0,0,0,0,0,0,0,0,,,,0,0,0,0,0,0,0,,0,0,0,0,,9.1,10.1
00-0022059,R.Mathis,Robert Mathis,OLB,LB,"https://static.www.nfl.com/image/private/f_auto,q_auto/league/xq9taxuky7odmqoox5oz",2007,REG,IND,12,0,0,0,0,0,0,0,0,0,0,0,0,,,0,,0,0,0,0,0,0,,0,0,0,0,0,0,0,0,0,0,,0,,,0,,0,22,4,6,0,0,4,7,50,7,0,0,0,0,0,0,0,0,0,1,1,0,1,5,0,0,0,0,0,0,0,0,,,0,0,0,0,0,0,0,0,0,0,0,0,,,,0,0,0,0,0,0,0,,0,0,0,0,,0,0
00-0022060,A.Walker,Aaron Walker,TE,TE,"https://static.www.nfl.com/image/private/f_auto,q_auto/league/adqtvuwzmkfurn07jicp",2007,REG,LA,3,0,0,0,0,0,0,0,0,0,0,0,0,,,0,,0,0,0,0,0,0,,0,2,0,13,0,0,0,0,4,1,1.08584972412791,0,0,,0,,0,1,0,0,0,0,0,0,0,0,0,0,0,0,0,0,0,0,0,0,0,0,0,0,0,0,0,0,0,0,0,0,,,0,0,0,0,0,0,0,0,0,0,0,0,,,,0,0,0,0,0,0,0,,0,0,0,0,,1.3,3.3
00-0022064,A.Battle,Arnaz Battle,WR,WR,"https://static.www.nfl.com/image/private/f_auto,q_auto/league/frafersvx9wxpazu726z",2007,REG,SF,16,0,0,0,0,0,0,0,0,0,0,0,0,,,0,,4,4,1,1,1,1,-4.2100797725434,0,50,0,600,5,2,0,0,174,28,47.8609480817542,0,0,0,0,0,0,1,0,0,0,0,0,0,0,0,0,0,0,0,0,0,0,0,0,0,0,0,1,5,0,0,0,0,0,0,0,0,,,0,0,0,0,0,0,0,0,0,0,0,0,,,,0,0,0,0,0,0,0,,0,0,0,0,,94.4,144.4
00-0022065,C.June,Cato June,LB,LB,"https://static.www.nfl.com/image/private/f_auto,q_auto/league/yx3ue1fyjcy0jsyc1yoe",2007,REG,TB,15,0,0,0,0,0,0,0,0,0,0,0,0,,,0,,0,0,0,0,0,0,,0,0,0,0,0,0,0,0,0,0,,0,,0,0,0,0,36,12,21,0,0,1,0,0,0,1,0,4,0,1,0,0,0,0,0,1,0,0,0,0,0,0,0,0,0,0,0,,,0,0,0,0,0,0,0,0,0,0,0,0,,,,0,0,0,0,0,0,0,,0,0,0,0,,0,0
00-0022067,Y.Bell,Yeremiah Bell,S,DB,"https://static.www.nfl.com/image/private/f_auto,q_auto/league/uk8wo2xcdwjkjdxvz2cg",2007,REG,MIA,1,0,0,0,0,0,0,0,0,0,0,0,0,,,0,,0,0,0,0,0,0,,0,0,0,0,0,0,0,0,0,0,,0,,,0,,0,3,1,1,0,0,0,0,0,0,0,0,0,0,0,0,0,0,0,0,0,0,0,0,0,0,0,0,0,0,0,0,,,0,0,0,0,0,0,0,0,0,0,0,0,,,,0,0,0,0,0,0,0,,0,0,0,0,,0,0
00-0022073,K.Williams,Kevin Williams,DT,DL,"https://static.www.nfl.com/image/private/f_auto,q_auto/league/bo7onl8bfrzdg47qjwj0",2007,REG,MIN,14,0,0,0,0,0,0,0,0,0,0,0,0,,,0,,0,0,0,0,0,0,,0,0,0,0,0,0,0,0,0,0,,0,,,0,,0,27,2,8,0,0,1,2,19,7,2,72,8,2,0,0,0,0,0,1,1,0,2,10,0,0,0,0,0,0,0,0,,,0,0,0,0,0,0,0,0,0,0,0,0,,,,0,0,0,0,0,0,0,,0,0,0,0,,0,0
00-0022074,G.Foster,George Foster,OT,OL,"https://static.www.nfl.com/image/private/f_auto,q_auto/league/p66mncs4f8gidwlimhch",2007,REG,DET,5,0,0,0,0,0,0,0,0,0,0,0,0,,,0,,0,0,0,0,0,0,,0,0,0,0,0,0,0,0,0,0,,0,,,0,,0,2,0,0,0,0,0,0,0,0,0,0,0,0,0,0,0,0,0,0,0,0,9,45,0,0,0,0,0,0,0,0,,,0,0,0,0,0,0,0,0,0,0,0,0,,,,0,0,0,0,0,0,0,,0,0,0,0,,0,0
00-0022075,K.Harris,Kwame Harris,OT,OL,"https://static.www.nfl.com/image/private/f_auto,q_auto/league/w5x732gijcsw9koddyvx",2007,REG,SF,1,0,0,0,0,0,0,0,0,0,0,0,0,,,0,,0,0,0,0,0,0,,0,0,0,0,0,0,0,0,0,0,,0,,0,0,0,0,0,0,0,0,0,0,0,0,0,0,0,0,0,0,0,0,0,0,0,0,0,1,5,0,0,0,0,0,0,0,0,,,0,0,0,0,0,0,0,0,0,0,0,0,,,,0,0,0,0,0,0,0,,0,0,0,0,,0,0
00-0022077,N.Asomugha,Nnamdi Asomugha,CB,DB,"https://static.www.nfl.com/image/private/f_auto,q_auto/league/qly3teee1yjssyhgxslv",2007,REG,LV,15,0,0,0,0,0,0,0,0,0,0,0,0,,,0,,0,0,0,0,0,0,,0,0,0,0,0,0,0,0,0,0,,0,,,0,,0,29,3,2,0,0,0,0,0,0,1,10,7,0,1,0,0,0,0,0,0,0,5,45,1,0,0,0,0,0,0,0,,,0,0,0,0,0,0,0,0,0,0,0,0,,,,0,0,0,0,0,0,0,,0,0,0,0,,0,0
00-0022078,J.Stinchcomb,Jonathan Stinchcomb,OT,OL,"https://static.www.nfl.com/image/private/f_auto,q_auto/league/vfazutioek6kymdov2my",2007,REG,NO,8,0,0,0,0,0,0,0,0,0,0,0,0,,,0,,0,0,0,0,0,0,,0,0,0,0,0,0,0,0,0,0,,0,,0,0,0,0,5,0,0,0,0,0,0,0,0,0,0,0,0,0,0,0,1,1,0,0,0,4,20,0,0,0,0,0,0,0,0,,,0,0,0,0,0,0,0,0,0,0,0,0,,,,0,0,0,0,0,0,0,,0,0,0,0,,0,0
00-0022079,A.Johnson,Al Johnson,C,OL,"https://static.www.nfl.com/image/private/f_auto,q_auto/league/eaq6sfjmzcjdv4jjby9i",2007,REG,ARI,4,0,0,0,0,0,0,0,0,0,0,0,0,,,0,,0,0,0,0,0,0,,0,0,0,0,0,0,0,0,0,0,,0,,,0,,0,1,0,0,0,0,0,0,0,0,0,0,0,0,0,0,0,1,2,0,0,0,1,10,0,0,0,0,0,0,0,0,,,0,0,0,0,0,0,0,0,0,0,0,0,,,,0,0,0,0,0,0,0,,0,0,0,0,,0,0
00-0022080,R.Mathis,Rashean Mathis,CB,DB,"https://static.www.nfl.com/image/private/f_auto,q_auto/league/yn6me6eygzdckocqmbo0",2007,REG+POST,JAX,16,0,0,0,0,0,0,0,0,0,0,0,0,,,0,,0,0,0,0,0,0,,0,0,0,0,0,0,0,0,0,0,,0,,,0,,0,58,4,5,0,0,1,0,0,0,3,87,9,1,0,0,0,0,0,0,0,0,1,10,0,0,0,0,0,0,0,0,,,0,0,0,0,0,0,0,0,0,0,0,0,,,,0,0,0,0,0,0,0,,0,0,0,0,,0,0
00-0022081,E.Henderson,E.J. Henderson,MLB,LB,"https://static.www.nfl.com/image/private/f_auto,q_auto/league/qtfqssvoxr1qmem4amnk",2007,REG,MIN,16,0,0,0,0,0,0,0,0,0,0,0,0,,,0,,0,0,0,0,0,0,,0,0,0,0,0,0,0,0,0,0,,0,,,0,,0,82,13,24,0,0,3,5.5,37,9,0,0,4,0,0,0,0,0,0,2,2,0,3,32,0,0,0,0,0,0,0,0,,,0,0,0,0,0,0,0,0,0,0,0,0,,,,0,0,0,0,0,0,0,,0,0,0,0,,0,0
00-0022082,B.Joppru,Bennie Joppru,TE,TE,"https://static.www.nfl.com/image/private/f_auto,q_auto/league/utdc9vcdt6qgsdnkuhh4",2007,REG,SEA,5,0,0,0,0,0,0,0,0,0,0,0,0,,,0,,0,0,0,0,0,0,,0,0,0,0,0,0,0,0,0,0,,0,,0,0,0,0,2,1,2,0,0,0,0,0,0,0,0,0,0,0,0,0,0,0,0,0,0,1,3,0,0,0,0,0,0,0,0,,,0,0,0,0,0,0,0,0,0,0,0,0,,,,0,0,0,0,0,0,0,,0,0,0,0,,0,0
00-0022084,A.Boldin,Anquan Boldin,WR,WR,"https://static.www.nfl.com/image/private/f_auto,q_auto/league/ajabgwxbliupgkwjbnut",2007,REG,ARI,12,0,0,0,0,0,0,0,0,0,0,0,0,-0.947,,0,,1,14,0,0,0,1,0.979679579730146,0,71,0,853,9,2,1,0,373,43,71.2260719597723,0,0,,0,,0,0,0,0,0,0,0,0,0,0,0,0,0,0,0,0,0,0,0,0,0,0,6,60,0,0,0,0,0,0,0,0,,,0,0,0,0,0,0,0,0,0,0,0,0,,,,0,0,0,0,0,0,0,,0,0,0,0,,138.7,209.7
00-0022085,A.Adams,Anthony Adams,DT,DL,"https://static.www.nfl.com/image/private/f_auto,q_auto/league/pja0wweiwsjeiqvs7htg",2007,REG,CHI,10,0,0,0,0,0,0,0,0,0,0,0,0,,,0,,0,0,0,0,0,0,,0,0,0,0,0,0,0,0,0,0,,0,,,0,,0,19,2,5,0,0,0,0.5,4,1,0,0,0,0,0,0,0,0,0,1,1,0,2,20,0,0,0,0,0,0,0,0,,,0,0,0,0,0,0,0,0,0,0,0,0,,,,0,0,0,0,0,0,0,,0,0,0,0,,0,0
00-0022089,V.Manuwai,Vince Manuwai,G,OL,"https://static.www.nfl.com/image/private/f_auto,q_auto/league/eizpqttpspt3owemmurg",2007,REG,JAX,3,0,0,0,0,0,0,0,0,0,0,0,0,,,0,,0,0,0,0,0,0,,0,0,0,0,0,0,0,0,0,0,,0,,,0,,0,0,0,1,0,0,0,0,0,0,0,0,0,0,0,0,0,0,0,0,0,0,2,15,0,0,0,0,0,0,0,0,,,0,0,0,0,0,0,0,0,0,0,0,0,,,,0,0,0,0,0,0,0,,0,0,0,0,,0,0
00-0022090,S.Williams,Sam Williams,OLB,LB,"https://static.www.nfl.com/image/private/f_auto,q_auto/league/oj1b6che6i8mq6jlvacn",2007,REG,LV,8,0,0,0,0,0,0,0,0,0,0,0,0,,,0,,0,0,0,0,0,0,,0,0,0,0,0,0,0,0,0,0,,0,,,0,,0,11,0,5,0,0,1,0,0,0,0,0,1,0,0,0,0,0,0,0,0,0,0,0,0,0,0,0,0,0,0,0,,,0,0,0,0,0,0,0,0,0,0,0,0,,,,0,0,0,0,0,0,0,,0,0,0,0,,0,0
00-0022092,C.Brown,Chris Brown,RB,RB,"https://static.www.nfl.com/image/private/f_auto,q_auto/league/h4qcaktzf1wa11jgc9zv",2007,REG+POST,TEN,13,0,0,0,0,0,0,0,0,0,0,0,0,,,0,,105,477,5,2,2,28,-2.19600733998232,0,19,0,128,0,0,0,0,116,7,5.74512428538373,0,0,,0,,0,4,0,0,0,0,1,0,0,0,0,0,0,0,0,0,0,0,0,0,0,0,0,0,0,0,0,0,0,0,0,0,,,0,0,0,0,0,0,0,0,0,0,0,0,,,,0,0,0,0,0,0,0,,0,0,0,0,,86.5,105.5
00-0022093,J.Fargas,Justin Fargas,RB,RB,"https://static.www.nfl.com/image/private/f_auto,q_auto/league/lvsujedxg8jg7pcepcnb",2007,REG,LV,14,0,0,0,0,0,0,0,0,0,0,0,0,,,0,,222,1009,4,3,1,52,-10.9136570250945,0,23,0,188,0,0,0,0,155,11,10.3406905356096,0,0,,0,,0,0,0,1,0,0,0,0,0,0,0,0,0,0,0,0,0,0,0,0,0,0,0,0,0,0,0,0,0,0,0,0,,,0,0,0,0,0,0,0,0,0,0,0,0,,,,0,0,0,0,0,0,0,,0,0,0,0,,141.7,164.7
00-0022094,M.Holland,Montrae Holland,G,OL,"https://static.www.nfl.com/image/private/f_auto,q_auto/league/pezlpontnu0wia0qkfks",2007,REG,DEN,6,0,0,0,0,0,0,0,0,0,0,0,0,,,0,,0,0,0,0,0,0,,0,0,0,0,0,0,0,0,0,0,,0,,,0,,0,3,0,0,0,0,0,0,0,0,0,0,0,0,0,0,0,0,0,0,0,0,4,24,0,0,0,0,0,0,0,0,,,0,0,0,0,0,0,0,0,0,0,0,0,,,,0,0,0,0,0,0,0,,0,0,0,0,,0,0
00-0022097,B.Lloyd,Brandon Lloyd,WR,WR,"https://static.www.nfl.com/image/private/f_auto,q_auto/league/ljx2jldvqmlkncplteve",2007,REG,WAS,2,0,0,0,0,0,0,0,0,0,0,0,0,,,0,,0,0,0,0,0,0,,0,2,0,14,0,0,0,0,16,0,0.884783368790522,0,0,,0,,0,0,0,0,0,0,0,0,0,0,0,0,0,0,0,0,0,0,0,0,0,0,0,0,0,0,0,0,0,0,0,0,,,0,0,0,0,0,0,0,0,0,0,0,0,,,,0,0,0,0,0,0,0,,0,0,0,0,,1.4,3.4
00-0022100,D.Nickey,Donnie Nickey,FS,DB,"https://static.www.nfl.com/image/private/f_auto,q_auto/league/e7ashtlkw3pdcyxko9u1",2007,REG+POST,TEN,9,0,0,0,0,0,0,0,0,0,0,0,0,,,0,,0,0,0,0,0,0,,0,0,0,0,0,0,0,0,0,0,,0,,,0,,0,6,5,1,0,0,0,1,1,1,0,0,0,0,0,0,0,0,0,1,1,0,3,24,0,0,0,0,0,0,0,0,,,0,0,0,0,0,0,0,0,0,0,0,0,,,,0,0,0,0,0,0,0,,0,0,0,0,,0,0
00-0022117,J.Gross,Jordan Gross,OT,OL,"https://static.www.nfl.com/image/private/f_auto,q_auto/league/egv9hxbcu5ywrdfiazcv",2007,REG,CAR,7,0,0,0,0,0,0,0,0,0,0,0,0,,,0,,0,0,0,0,0,0,,0,0,0,0,0,0,0,0,0,0,,0,,0,0,0,0,2,0,0,0,0,0,0,0,0,0,0,0,0,0,0,0,1,1,0,0,0,7,60,0,0,0,0,0,0,0,0,,,0,0,0,0,0,0,0,0,0,0,0,0,,,,0,0,0,0,0,0,0,,0,0,0,0,,0,0
00-0022119,T.Polamalu,Troy Polamalu,S,DB,"https://static.www.nfl.com/image/private/f_auto,q_auto/league/fccuwiovxnaq9lm7y0gq",2007,REG+POST,PIT,12,0,0,0,0,0,0,0,0,0,0,0,0,,,0,,0,0,0,0,0,0,,0,0,0,0,0,0,0,0,0,0,,0,,,0,,0,39,6,15,0,0,3,0,0,0,0,0,9,0,0,0,0,0,0,1,1,0,3,15,0,0,0,0,0,0,0,0,,,0,0,0,0,0,0,0,0,0,0,0,0,,,,0,0,0,0,0,0,0,,0,0,0,0,,0,0
00-0022120,C.Pace,Calvin Pace,OLB,LB,"https://static.www.nfl.com/image/private/f_auto,q_auto/league/zvnfloe2zlayioxkmtsn",2007,REG,ARI,16,0,0,0,0,0,0,0,0,0,0,0,0,,,0,,0,0,0,0,0,0,,0,0,0,0,0,0,0,0,0,0,,0,,,0,,0,70,9,18,0,0,1,5.5,28.5,9,1,14,6,0,0,0,0,0,0,2,2,0,9,69,0,0,0,0,0,0,0,0,,,0,0,0,0,0,0,0,0,0,0,0,0,,,,0,0,0,0,0,0,0,,0,0,0,0,,0,0
00-0022121,R.Grossman,Rex Grossman,QB,QB,"https://static.www.nfl.com/image/private/f_auto,q_auto/league/vpqfq2k92lb89b6zfjea",2007,REG,CHI,8,122,225,1411,4,7,25,-198,4,2,1984,574,66,-50.2970122628422,-4.76245894118654,0,0.711189516129032,13,23,0,2,1,5,-2.49794366817963,0,0,0,0,0,0,0,0,0,0,,0,,,0,,0,0,0,0,0,0,0,0,0,0,0,0,0,0,0,0,0,1,2,0,0,0,1,5,0,0,0,0,0,0,0,0,,,0,0,0,0,0,0,0,0,0,0,0,0,,,,0,0,0,0,0,0,0,,0,0,0,0,,54.74,54.74
00-0022122,E.Steinbach,Eric Steinbach,G,OL,"https://static.www.nfl.com/image/private/f_auto,q_auto/league/sijz1etj3vz5jrcxvhvt",2007,REG,CLE,3,0,0,0,0,0,0,0,0,0,0,0,0,,,0,,0,0,0,0,0,0,,0,0,0,0,0,0,0,0,0,0,,0,,0,0,0,0,1,0,0,0,0,0,0,0,0,0,0,0,0,0,0,0,0,0,0,0,0,3,15,0,0,0,0,0,0,0,0,,,0,0,0,0,0,0,0,0,0,0,0,0,,,,0,0,0,0,0,0,0,,0,0,0,0,,0,0
00-0022123,C.Tillman,Charles Tillman,CB,DB,"https://static.www.nfl.com/image/private/f_auto,q_auto/league/y277iz2hgqaqdlonri2f",2007,REG,CHI,15,0,0,0,0,0,0,0,0,0,0,0,0,,,0,,0,0,0,0,0,0,,0,0,0,0,0,0,0,0,0,0,,0,,,0,,0,58,8,9,0,0,3,0,0,0,3,24,13,0,1,0,0,0,0,0,0,0,4,32,0,0,0,0,0,0,0,0,,,0,0,0,0,0,0,0,0,0,0,0,0,,,,0,0,0,0,0,0,0,,0,0,0,0,,0,0
00-0022124,T.Jacobs,Taylor Jacobs,WR,WR,"https://static.www.nfl.com/image/private/f_auto,q_auto/league/yojfjngmmngl5bwweprx",2007,REG,DEN,8,0,0,0,0,0,0,0,0,0,0,0,0,,,0,,1,-8,0,0,0,0,-1.5200915094465,0,3,0,40,1,0,0,0,4,2,3.25676065223524,0,0,0,0,0,0,4,0,1,0,0,0,0,0,0,0,0,0,0,0,0,0,0,0,0,0,0,0,0,0,0,3,35,0,0,0,0,,,0,0,0,0,0,0,0,0,0,0,0,0,,,,0,0,0,0,0,0,0,,0,0,0,0,,9.2,12.2
00-0022126,L.Smith,L.J. Smith,TE,TE,"https://static.www.nfl.com/image/private/f_auto,q_auto/league/e2frps7e7cjdgufbtjl3",2007,REG,PHI,9,0,0,0,0,0,0,0,0,0,0,0,0,,,0,,0,0,0,0,0,0,,0,22,0,236,1,1,1,0,106,12,17.6254366986686,0,0,0,0,0,0,0,0,0,0,0,0,0,0,0,0,0,0,0,0,0,0,0,0,0,0,0,2,25,0,0,0,0,0,0,0,0,,,0,0,0,0,0,0,0,0,0,0,0,0,,,,0,0,0,0,0,0,0,,0,0,0,0,,27.6,49.6
00-0022127,J.Witten,Jason Witten,TE,TE,"https://static.www.nfl.com/image/private/f_auto,q_auto/league/r7uafhtwuexuaty0nhsc",2007,REG+POST,DAL,17,0,0,0,0,0,0,0,0,0,0,0,0,,,0,,0,0,0,0,0,0,,0,103,0,1226,7,1,1,0,415,60,94.9107262156941,0,0,,0,,0,2,0,0,0,0,0,0,0,0,0,0,0,0,0,0,0,1,1,0,0,0,5,42,0,0,0,0,0,0,0,0,,,0,0,0,0,0,0,0,0,0,0,0,0,,,,0,0,0,0,0,0,0,,0,0,0,0,,162.6,265.6
00-0022128,L.Briggs,Lance Briggs,OLB,LB,"https://static.www.nfl.com/image/private/f_auto,q_auto/league/cdaqnl6iqqmeov7f2w0b",2007,REG,CHI,14,0,0,0,0,0,0,0,0,0,0,0,0,,,0,,0,0,0,0,0,0,,0,0,0,0,0,0,0,0,0,0,,0,,,0,,0,71,11,19,0,0,2,3,13,7,0,0,3,0,0,0,0,0,0,1,1,0,2,20,0,0,0,0,0,0,0,0,,,0,0,0,0,0,0,0,0,0,0,0,0,,,,0,0,0,0,0,0,0,,0,0,0,0,,0,0
00-0022130,M.Smith,Musa Smith,RB,RB,"https://static.www.nfl.com/image/private/f_auto,q_auto/league/g707ybjxspi5i4qdrype",2007,REG,BAL,16,0,0,0,0,0,0,0,0,0,0,0,0,,,0,,75,264,2,1,0,14,-7.50675845918061,0,27,0,192,0,0,0,0,173,8,6.01868106119218,0,0,,0,,0,3,1,2,0,0,0,0,0,0,0,0,0,0,0,0,0,0,0,0,0,0,0,0,0,0,3,89,0,0,0,0,,,0,0,0,0,0,0,0,0,0,0,0,0,,,,0,0,0,0,0,0,0,,0,0,0,0,,57.6,84.6
00-0022131,W.Smith,Wade Smith,OT,OL,"https://static.www.nfl.com/image/private/f_auto,q_auto/league/itso6s7k6vdqt9j0hbr0",2007,REG,NYJ,1,0,0,0,0,0,0,0,0,0,0,0,0,,,0,,0,0,0,0,0,0,,0,0,0,0,0,0,0,0,0,0,,0,,,0,,0,0,0,0,0,0,0,0,0,0,0,0,0,0,0,0,0,0,0,0,0,0,1,10,0,0,0,0,0,0,0,0,,,0,0,0,0,0,0,0,0,0,0,0,0,,,,0,0,0,0,0,0,0,,0,0,0,0,,0,0
00-0022132,D.Dockery,Derrick Dockery,G,OL,"https://static.www.nfl.com/image/private/f_auto,q_auto/league/mh1c34e3hupsgyj6j5fl",2007,REG,BUF,6,0,0,0,0,0,0,0,0,0,0,0,0,,,0,,0,0,0,0,0,0,,0,0,0,0,0,0,0,0,0,0,,0,,0,0,0,0,1,0,0,0,0,0,0,0,0,0,0,0,0,0,0,0,1,1,0,0,0,5,29,0,0,0,0,0,0,0,0,,,0,0,0,0,0,0,0,0,0,0,0,0,,,,0,0,0,0,0,0,0,,0,0,0,0,,0,0
00-0022137,B.James,Bradie James,ILB,LB,"https://static.www.nfl.com/image/private/f_auto,q_auto/league/nw7yqpghr7yp3ojhe7ty",2007,REG+POST,DAL,17,0,0,0,0,0,0,0,0,0,0,0,0,,,0,,0,0,0,0,0,0,,0,0,0,0,0,0,0,0,0,0,,0,,,0,,0,54,12,39,0,0,0,3,16,4,0,0,0,0,0,0,0,0,0,3,3,0,1,14,0,0,0,0,0,0,0,0,,,0,0,0,0,0,0,0,0,0,0,0,0,,,,0,0,0,0,0,0,0,,0,0,0,0,,0,0
00-0022139,J.Johnson,Jarret Johnson,OLB,LB,"https://static.www.nfl.com/image/private/f_auto,q_auto/league/udhutpnazjidw2rryn8k",2007,REG,BAL,14,0,0,0,0,0,0,0,0,0,0,0,0,,,0,,0,0,0,0,0,0,,0,0,0,0,0,0,0,0,0,0,,0,,,0,,0,32,9,16,0,0,2,2,19,8,0,0,2,0,0,0,0,0,0,0,0,0,1,5,0,0,0,0,0,0,0,0,,,0,0,0,0,0,0,0,0,0,0,0,0,,,,0,0,0,0,0,0,0,,0,0,0,0,,0,0
00-0022141,J.Johnson,Jeremi Johnson,FB,RB,"https://static.www.nfl.com/image/private/f_auto,q_auto/league/tddjs7yf6cbwcotazkkg",2007,REG,CIN,9,0,0,0,0,0,0,0,0,0,0,0,0,,,0,,7,25,0,0,0,1,-1.09610150556546,0,6,0,32,1,0,0,0,20,3,1.48644035955658,0,0,,0,,0,1,0,0,0,0,0,0,0,0,0,0,0,0,0,0,0,0,0,0,0,0,1,5,0,0,0,0,0,0,0,0,,,0,0,0,0,0,0,0,0,0,0,0,0,,,,0,0,0,0,0,0,0,,0,0,0,0,,11.7,17.7
00-0022143,O.Mughelli,Ovie Mughelli,FB,RB,"https://static.www.nfl.com/image/private/f_auto,q_auto/league/l7pa6jzidcukztqfhcq2",2007,REG,ATL,12,0,0,0,0,0,0,0,0,0,0,0,0,,,0,,6,7,1,0,0,2,-0.745033617626177,0,6,0,36,0,0,0,0,27,1,0.367779168998823,0,0,0,0,0,0,6,0,0,0,0,0,0,0,0,0,0,0,0,0,0,0,1,1,0,0,0,1,10,0,0,2,28,0,0,0,0,,,0,0,0,0,0,0,0,0,0,0,0,0,,,,0,0,0,0,0,0,0,,0,0,0,0,,10.3,16.3
00-0022144,B.Wade,Bobby Wade,WR,WR,"https://static.www.nfl.com/image/private/f_auto,q_auto/league/gukxvk5jls1wpg4bnmwx",2007,REG,MIN,16,0,0,0,0,0,0,0,0,0,0,0,0,,,0,,1,-9,0,0,0,0,-1.66611679526977,0,54,0,654,3,1,1,0,174,33,48.8527304612387,0,0,,0,,0,2,0,0,0,0,0,0,0,0,0,0,0,0,1,0,0,1,1,0,0,0,3,25,17,118,0,0,0,0,0,0,,,0,0,0,0,0,0,0,0,0,0,0,0,,,,0,0,0,0,0,0,0,,0,0,0,0,,80.5,134.5
00-0022145,R.Pontbriand,Ryan Pontbriand,LS,SPEC,"https://static.www.nfl.com/image/private/f_auto,q_auto/league/beoz1van9wtwb88kpxoh",2007,REG,CLE,4,0,0,0,0,0,0,0,0,0,0,0,0,,,0,,0,0,0,0,0,0,,0,0,0,0,0,0,0,0,0,0,,0,,0,0,0,0,4,0,0,0,0,0,0,0,0,0,0,0,0,0,0,0,0,0,0,0,0,0,0,0,0,0,0,0,0,0,0,,,0,0,0,0,0,0,0,0,0,0,0,0,,,,0,0,0,0,0,0,0,,0,0,0,0,,0,0
00-0022146,K.Moorehead,Kindal Moorehead,DT,DL,"https://static.www.nfl.com/image/private/f_auto,q_auto/league/zthrvw4f3afdoboqohbr",2007,REG,CAR,14,0,0,0,0,0,0,0,0,0,0,0,0,,,0,,0,0,0,0,0,0,,0,0,0,0,0,0,0,0,0,0,,0,,0,0,0,0,12,1,6,0,0,0,2,11,3,0,0,0,0,0,0,0,0,0,0,0,0,4,30,0,0,4,46,0,0,0,0,,,0,0,0,0,0,0,0,0,0,0,0,0,,,,0,0,0,0,0,0,0,,0,0,0,0,,0,0
00-0022147,A.Franklin,Aubrayo Franklin,NT,DL,"https://static.www.nfl.com/image/private/f_auto,q_auto/league/pzdvzp8ykkl1syghhpj0",2007,REG,SF,12,0,0,0,0,0,0,0,0,0,0,0,0,,,0,,0,0,0,0,0,0,,0,0,0,0,0,0,0,0,0,0,,0,,0,0,0,0,14,4,8,0,0,1,0,0,1,0,0,1,0,0,0,0,0,0,0,0,0,0,0,0,0,0,0,0,0,0,0,,,0,0,0,0,0,0,0,0,0,0,0,0,,,,0,0,0,0,0,0,0,,0,0,0,0,,0,0
00-0022149,T.Pashos,Tony Pashos,OT,OL,"https://static.www.nfl.com/image/private/f_auto,q_auto/league/e0zjgbtcb8abqswm4c2m",2007,REG+POST,JAX,6,0,0,0,0,0,0,0,0,0,0,0,0,,,0,,0,0,0,0,0,0,,0,0,0,0,0,0,0,0,0,0,,0,,,0,,0,1,0,0,0,0,0,0,0,0,0,0,0,0,0,0,0,0,0,0,0,0,8,52,0,0,0,0,0,0,0,0,,,0,0,0,0,0,0,0,0,0,0,0,0,,,,0,0,0,0,0,0,0,,0,0,0,0,,0,0
00-0022150,G.Sapp,Gerome Sapp,DB,DB,"https://static.www.nfl.com/image/private/f_auto,q_auto/league/imc5ktlcfdv9csqsxn1j",2007,REG,BAL,7,0,0,0,0,0,0,0,0,0,0,0,0,,,0,,0,0,0,0,0,0,,0,0,0,0,0,0,0,0,0,0,,0,,,0,,0,14,1,1,0,0,0,2,15,3,0,0,1,0,0,0,0,0,0,0,0,0,1,5,0,0,0,0,0,0,0,0,,,0,0,0,0,0,0,0,0,0,0,0,0,,,,0,0,0,0,0,0,0,,0,0,0,0,,0,0
00-0022155,J.Kennedy,Jimmy Kennedy,DT,DL,"https://static.www.nfl.com/image/private/f_auto,q_auto/league/oszourxktzsalltzkk4n",2007,REG,CHI,2,0,0,0,0,0,0,0,0,0,0,0,0,,,0,,0,0,0,0,0,0,,0,0,0,0,0,0,0,0,0,0,,0,,,0,,0,0,0,2,0,0,0,0,0,0,0,0,0,0,0,0,0,0,0,0,0,0,0,0,0,0,0,0,0,0,0,0,,,0,0,0,0,0,0,0,0,0,0,0,0,,,,0,0,0,0,0,0,0,,0,0,0,0,,0,0
00-0022156,Bry.Johnson,Bryant Johnson,WR,WR,"https://static.www.nfl.com/image/private/f_auto,q_auto/league/yx3wawkjsqdsyvsh8psw",2007,REG,ARI,16,0,0,0,0,0,0,0,0,0,0,0,0,,,0,,0,0,0,0,0,0,,0,45,0,525,2,0,0,0,82,33,45.5991068345902,0,0,,0,,0,1,0,0,0,0,0,0,0,0,0,0,0,0,0,0,0,1,1,0,0,0,1,5,0,0,0,0,0,0,0,0,,,0,0,0,0,0,0,0,0,0,0,0,0,,,,0,0,0,0,0,0,0,,0,0,0,0,,64.5,109.5
00-0022157,J.Faine,Jeff Faine,C,OL,"https://static.www.nfl.com/image/private/f_auto,q_auto/league/vvsrvfz8zfafzfqigivi",2007,REG,NO,1,0,0,0,0,0,0,0,0,0,0,0,0,,,0,,0,0,0,0,0,0,,0,0,0,0,0,0,0,0,0,0,,0,,0,0,0,0,0,0,0,0,0,0,0,0,0,0,0,0,0,0,0,0,0,0,0,0,0,1,10,0,0,0,0,0,0,0,0,,,0,0,0,0,0,0,0,0,0,0,0,0,,,,0,0,0,0,0,0,0,,0,0,0,0,,0,0
00-0022158,D.Strickland,Donald Strickland,DB,DB,"https://static.www.nfl.com/image/private/f_auto,q_auto/league/prcvqgsi6vl9rtkxclof",2007,REG,SF,12,0,0,0,0,0,0,0,0,0,0,0,0,,,0,,0,0,0,0,0,0,,0,0,0,0,0,0,0,0,0,0,,0,,0,0,0,0,22,2,10,0,0,0,0,0,0,0,0,5,0,0,0,0,0,0,0,0,0,3,16,0,0,0,0,0,0,0,0,,,0,0,0,0,0,0,0,0,0,0,0,0,,,,0,0,0,0,0,0,0,,0,0,0,0,,0,0
00-0022161,T.Suggs,Terrell Suggs,OLB,LB,"https://static.www.nfl.com/image/private/f_auto,q_auto/league/s8bqh2tllr3pyz03fvrx",2007,REG,BAL,16,0,0,0,0,0,0,0,0,0,0,0,0,,,0,,0,0,0,0,0,0,,0,0,0,0,0,0,0,0,0,0,,0,,,0,,0,31,21,28,0,0,1,5,34,14,0,0,6,0,0,0,0,0,0,0,0,0,7,54,0,0,0,0,0,0,0,0,,,0,0,0,0,0,0,0,0,0,0,0,0,,,,0,0,0,0,0,0,0,,0,0,0,0,,0,0
00-0022162,M.Doss,Mike Doss,DB,DB,"https://static.www.nfl.com/image/private/f_auto,q_auto/league/cgimmpo5kdomdmqfwasu",2007,REG,MIN,5,0,0,0,0,0,0,0,0,0,0,0,0,,,0,,0,0,0,0,0,0,,0,0,0,0,0,0,0,0,0,0,,0,,,0,,0,5,0,1,0,0,0,0,0,0,0,0,0,0,0,0,0,0,0,0,0,0,0,0,0,0,0,0,0,0,0,0,,,0,0,0,0,0,0,0,0,0,0,0,0,,,,0,0,0,0,0,0,0,,0,0,0,0,,0,0
00-0022164,K.Boller,Kyle Boller,QB,QB,"https://static.www.nfl.com/image/private/f_auto,q_auto/league/olhzjv0wts7mf0yzw9vw",2007,REG,BAL,12,168,275,1743,9,10,24,-159,5,4,2541,553,90,-33.0828660469204,2.46065682590459,0,0.685950413223141,19,89,0,0,0,9,3.49396713249312,0,0,0,0,0,0,0,0,0,0,,0,,,0,,0,1,0,1,0,0,0,0,0,0,0,0,0,0,0,0,0,0,0,0,0,0,1,5,0,0,0,0,0,0,0,0,,,0,0,0,0,0,0,0,0,0,0,0,0,,,,0,0,0,0,0,0,0,,0,0,0,0,,86.62,86.62
00-0022165,D.Clark,Dallas Clark,TE,TE,"https://static.www.nfl.com/image/private/f_auto,q_auto/league/oqhmamvx6w1aetfoalpw",2007,REG+POST,IND,16,0,0,0,0,0,0,0,0,0,0,0,0,,,0,,2,29,0,0,0,2,3.71431675530039,0,64,0,711,12,0,0,0,249,43,75.9073227850522,0,0,,0,,0,1,0,0,0,0,0,0,0,0,0,0,0,0,0,0,0,1,1,0,0,0,0,0,0,0,0,0,0,0,0,0,,,0,0,0,0,0,0,0,0,0,0,0,0,,,,0,0,0,0,0,0,0,,0,0,0,0,,146,210
00-0022166,C.Thompson,Chaun Thompson,LB,LB,"https://static.www.nfl.com/image/private/f_auto,q_auto/league/qkcatz5spgojkdxxbrli",2007,REG,CLE,11,0,0,0,0,0,0,0,0,0,0,0,0,,,0,,0,0,0,0,0,0,,0,0,0,0,0,0,0,0,0,0,,0,,0,0,0,0,13,2,6,0,0,0,1,5,3,0,0,1,0,0,0,0,0,0,0,0,0,1,10,0,0,0,0,0,0,0,0,,,0,0,0,0,0,0,0,0,0,0,0,0,,,,0,0,0,0,0,0,0,,0,0,0,0,,0,0
00-0022167,C.Crocker,Chris Crocker,DB,DB,"https://static.www.nfl.com/image/private/f_auto,q_auto/league/pisfp6ftnv2jibnrnm6a",2007,REG,ATL,14,0,0,0,0,0,0,0,0,0,0,0,0,,,0,,0,0,0,0,0,0,,0,0,0,0,0,0,0,0,0,0,,0,,0,0,0,0,45,6,4,0,0,0,1,10,1,3,40,11,0,0,0,0,0,0,1,1,0,2,24,0,0,0,0,0,0,0,0,,,0,0,0,0,0,0,0,0,0,0,0,0,,,,0,0,0,0,0,0,0,,0,0,0,0,,0,0
00-0022168,M.Lehan,Michael Lehan,CB,DB,"https://static.www.nfl.com/image/private/f_auto,q_auto/league/neokahiaiw92tuovyn9s",2007,REG,MIA,15,0,0,0,0,0,0,0,0,0,0,0,0,,,0,,0,0,0,0,0,0,,0,0,0,0,0,0,0,0,0,0,,0,,,0,,0,43,9,6,0,0,0,1,0,3,1,0,7,0,0,0,0,0,0,1,1,1,3,35,0,0,0,0,0,0,0,0,,,0,0,0,0,0,0,0,0,0,0,0,0,,,,0,0,0,0,0,0,0,,0,0,0,0,,0,0
00-0022169,A.Garay,Antonio Garay,DE,DL,"https://static.www.nfl.com/image/private/f_auto,q_auto/league/xvwaij6nxd1we6wzqwjz",2007,REG,CHI,3,0,0,0,0,0,0,0,0,0,0,0,0,,,0,,0,0,0,0,0,0,,0,0,0,0,0,0,0,0,0,0,,0,,,0,,0,4,1,0,0,0,0,0,0,0,0,0,0,0,0,0,0,0,0,0,0,0,0,0,0,0,0,0,0,0,0,0,,,0,0,0,0,0,0,0,0,0,0,0,0,,,,0,0,0,0,0,0,0,,0,0,0,0,,0,0
00-0022171,K.Washington,Kelley Washington,WR,WR,"https://static.www.nfl.com/image/private/f_auto,q_auto/league/la7gmexg8btipbt5uazn",2007,REG+POST,NE,13,0,0,0,0,0,0,0,0,0,0,0,0,,,0,,0,0,0,0,0,0,,0,0,0,0,0,0,0,0,0,0,,0,,,0,,0,9,4,5,0,0,1,0,0,0,0,0,0,0,0,0,0,0,0,0,0,0,2,20,0,0,0,0,0,0,0,0,,,0,0,0,0,0,0,0,0,0,0,0,0,,,,0,0,0,0,0,0,0,,0,0,0,0,,0,0
00-0022177,B.Leftwich,Byron Leftwich,QB,QB,"https://static.www.nfl.com/image/private/f_auto,q_auto/league/zmv2cxypb5s0nhtpq3nq",2007,REG,ATL,3,32,59,279,1,3,5,-27,3,1,471,120,13,-32.8722067752601,-6.48405787191893,0,0.592356687898089,6,7,0,2,0,3,-3.62567027940531,0,0,0,0,0,0,0,0,0,0,,0,,0,0,0,0,1,0,0,0,0,0,0,0,0,0,0,0,0,0,0,0,0,1,0,0,0,0,0,0,0,0,0,0,0,0,0,,,0,0,0,0,0,0,0,0,0,0,0,0,,,,0,0,0,0,0,0,0,,0,0,0,0,,7.86,7.86
00-0022178,W.McGahee,Willis McGahee,RB,RB,"https://static.www.nfl.com/image/private/f_auto,q_auto/league/nlr34yjuurydinlwlt0z",2007,REG,BAL,15,0,0,0,0,0,0,0,0,0,0,0,0,,,0,,294,1207,7,4,3,56,-29.8622154062014,0,43,0,231,1,0,0,0,280,10,4.34433831360504,0,0,,0,,0,1,0,0,0,0,0,0,0,0,0,0,0,0,0,0,0,1,1,0,0,0,0,0,0,0,0,0,0,0,0,0,,,0,0,0,0,0,0,0,0,0,0,0,0,,,,0,0,0,0,0,0,0,,0,0,0,0,,185.8,228.8
00-0022206,K.Keith,Kenton Keith,RB,RB,"https://static.www.nfl.com/image/private/f_auto,q_auto/league/vy4mhpebxttauowhtuip",2007,REG+POST,IND,17,0,0,0,0,0,0,0,0,0,0,0,0,,,0,,125,540,3,1,0,44,8.12313479336815,0,15,0,100,1,0,0,0,85,4,4.86265662638471,0,0,,0,,0,1,0,0,0,0,0,0,0,0,0,0,0,0,0,0,0,0,0,0,0,0,0,0,0,0,1,15,0,0,0,0,,,0,0,0,0,0,0,0,0,0,0,0,0,,,,0,0,0,0,0,0,0,,0,0,0,0,,88,103
00-0022214,T.Wharton,Travelle Wharton,G,OL,"https://static.www.nfl.com/image/private/f_auto,q_auto/league/eaumam1hwez0pt9k0ho6",2007,REG,CAR,4,0,0,0,0,0,0,0,0,0,0,0,0,,,0,,0,0,0,0,0,0,,0,0,0,0,0,0,0,0,0,0,,0,,0,0,0,0,1,0,0,0,0,0,0,0,0,0,0,0,0,0,0,0,0,0,0,0,0,3,30,0,0,0,0,0,0,0,0,,,0,0,0,0,0,0,0,0,0,0,0,0,,,,0,0,0,0,0,0,0,,0,0,0,0,,0,0
00-0022215,T.Euhus,Tim Euhus,TE,TE,"https://static.www.nfl.com/image/private/f_auto,q_auto/league/poub3wkgfrt1b2cprosh",2007,REG,ARI,3,0,0,0,0,0,0,0,0,0,0,0,0,,,0,,0,0,0,0,0,0,,0,0,0,0,0,0,0,0,0,0,,0,,,0,,0,2,0,0,0,0,0,0,0,0,0,0,0,0,0,0,0,0,0,0,0,0,1,5,0,0,0,0,0,0,0,0,,,0,0,0,0,0,0,0,0,0,0,0,0,,,,0,0,0,0,0,0,0,,0,0,0,0,,0,0
00-0022216,N.Vasher,Nathan Vasher,CB,DB,"https://static.www.nfl.com/image/private/f_auto,q_auto/league/gwcz02hjqocbzxmzol5a",2007,REG,CHI,4,0,0,0,0,0,0,0,0,0,0,0,0,,,0,,0,0,0,0,0,0,,0,0,0,0,0,0,0,0,0,0,,0,,,0,,0,6,1,1,0,0,0,1,8,1,1,34,2,0,0,0,0,0,0,0,0,0,1,13,0,0,0,0,0,0,0,0,,,0,0,0,0,0,0,0,0,0,0,0,0,,,,0,0,0,0,0,0,0,,0,0,0,0,,0,0
00-0022217,M.Moore,Mewelde Moore,RB,RB,"https://static.www.nfl.com/image/private/f_auto,q_auto/league/aqabtnjtucqtwb99mb3o",2007,REG,MIN,9,0,1,0,0,0,0,0,0,0,8,0,0,-0.778795959777199,-34.2025965452194,0,0,20,113,0,1,0,7,-2.47979233047226,0,6,0,46,0,0,0,0,45,1,0.251028708111037,0,0,,0,,0,3,0,0,0,0,0,0,0,0,0,0,0,0,0,0,0,0,0,0,0,0,0,0,12,124,1,20,0,0,0,0,,,0,0,0,0,0,0,0,0,0,0,0,0,,,,0,0,0,0,0,0,0,,0,0,0,0,,15.9,21.9
00-0022218,E.Coleman,Erik Coleman,S,DB,"https://static.www.nfl.com/image/private/f_auto,q_auto/league/x8b1ylnsxsoxpcc49rvi",2007,REG,NYJ,14,0,0,0,0,0,0,0,0,0,0,0,0,,,0,,0,0,0,0,0,0,,0,0,0,0,0,0,0,0,0,0,,0,,,0,,0,21,8,22,0,0,0,0,0,0,0,0,0,0,0,0,0,0,0,0,0,0,1,2,0,0,0,0,0,0,0,0,,,0,0,0,0,0,0,0,0,0,0,0,0,,,,0,0,0,0,0,0,0,,0,0,0,0,,0,0
00-0022223,T.Johnson,Trevor Johnson,DE,DL,"https://static.www.nfl.com/image/private/f_auto,q_auto/league/zx81dupjx5pt9d6brtm8",2007,REG,LA,6,0,0,0,0,0,0,0,0,0,0,0,0,,,0,,0,0,0,0,0,0,,0,0,0,0,0,0,0,0,0,0,,0,,,0,,0,7,1,1,0,0,0,1,11,1,0,0,0,0,0,0,0,0,0,0,0,0,0,0,0,0,0,0,0,0,0,0,,,0,0,0,0,0,0,0,0,0,0,0,0,,,,0,0,0,0,0,0,0,,0,0,0,0,,0,0
00-0022240,C.Lucas,Chad Lucas,WR,WR,"https://static.www.nfl.com/image/private/f_auto,q_auto/league/oshxqrupjs2smmhaihcj",2007,REG,TB,2,0,0,0,0,0,0,0,0,0,0,0,0,,,0,,0,0,0,0,0,0,,0,5,0,82,0,0,0,0,7,1,4.14668112614891,0,0,0,0,0,0,0,0,0,0,0,0,0,0,0,0,0,0,0,0,0,0,0,0,0,0,0,0,0,0,0,2,35,0,0,0,0,,,0,0,0,0,0,0,0,0,0,0,0,0,,,,0,0,0,0,0,0,0,,0,0,0,0,,8.2,13.2
00-0022245,T.Clabo,Tyson Clabo,OT,OL,"https://static.www.nfl.com/image/private/f_auto,q_auto/league/yhcyuoh2efbvoyiiamaf",2007,REG,ATL,4,0,0,0,0,0,0,0,0,0,0,0,0,,,0,,0,0,0,0,0,0,,0,0,0,0,0,0,0,0,0,0,,0,,0,0,0,0,0,0,0,0,0,0,0,0,0,0,0,0,0,0,0,0,0,0,0,0,0,4,20,0,0,0,0,0,0,0,0,,,0,0,0,0,0,0,0,0,0,0,0,0,,,,0,0,0,0,0,0,0,,0,0,0,0,,0,0
00-0022247,M.Adams,Mike Adams,FS,DB,"https://static.www.nfl.com/image/private/f_auto,q_auto/league/lkfpqqbpyo1y29eeoqhb",2007,REG,CLE,13,0,0,0,0,0,0,0,0,0,0,0,0,,,0,,0,0,0,0,0,0,,0,0,0,0,0,0,0,0,0,0,,0,,0,0,0,0,22,5,2,0,0,0,1,7,1,0,0,1,0,0,0,0,0,0,1,1,0,1,5,0,0,0,0,0,0,0,0,,,0,0,0,0,0,0,0,0,0,0,0,0,,,,0,0,0,0,0,0,0,,0,0,0,0,,0,0
00-0022250,W.Parker,Willie Parker,RB,RB,"https://static.www.nfl.com/image/private/f_auto,q_auto/league/wpwxljvys9ghfmteidkc",2007,REG,PIT,15,0,1,0,0,0,0,0,0,0,12,0,0,-0.714401813282166,-35.4103416204453,0,0,321,1316,2,4,3,53,-43.7462600814137,0,23,0,164,0,0,0,0,137,7,5.38073090236867,0,0,,0,,0,0,0,0,0,0,0,0,0,0,0,0,0,0,0,0,0,1,1,0,0,0,1,5,0,0,0,0,0,0,0,0,,,0,0,0,0,0,0,0,0,0,0,0,0,,,,0,0,0,0,0,0,0,,0,0,0,0,,154,177
00-0022266,A.Herrera,Anthony Herrera,G,OL,"https://static.www.nfl.com/image/private/f_auto,q_auto/league/yqwkj9ggntvblnuxgved",2007,REG,MIN,3,0,0,0,0,0,0,0,0,0,0,0,0,,,0,,0,0,0,0,0,0,,0,0,0,0,0,0,0,0,0,0,,0,,,0,,0,2,0,0,0,0,0,0,0,0,0,0,0,0,0,0,0,0,0,0,0,0,3,20,0,0,0,0,0,0,0,0,,,0,0,0,0,0,0,0,0,0,0,0,0,,,,0,0,0,0,0,0,0,,0,0,0,0,,0,0
00-0022288,J.Wright,Jason Wright,RB,RB,"https://static.www.nfl.com/image/private/f_auto,q_auto/league/spdj4r3hg5r04ylndxzq",2007,REG,CLE,16,0,0,0,0,0,0,0,0,0,0,0,0,,,0,,60,277,1,1,1,20,-3.29407071009711,0,24,1,232,0,0,0,2,179,14,13.4013199299887,0,116,1,0.000465766185374942,1.50032603632976,0,6,1,0,0,0,0,0,0,0,0,0,0,0,0,0,0,0,0,0,0,0,1,5,0,0,3,49,0,0,0,0,,,0,0,0,0,0,0,0,0,0,0,0,0,,,,0,0,0,0,0,0,0,,0,0,0,0,,54.9,78.9
00-0022290,J.Bradley,Jon Bradley,FB,RB,"https://static.www.nfl.com/image/private/f_auto,q_auto/league/vhgzm6ve46vcuehc6iyr",2007,REG,DET,6,0,0,0,0,0,0,0,0,0,0,0,0,,,0,,5,9,0,1,1,3,-2.59668789978605,0,2,0,10,0,0,0,0,6,0,0.139952693483792,0,0,,0,,0,0,0,0,0,0,0,0,0,0,0,0,0,0,0,0,0,0,0,0,0,0,0,0,0,0,0,0,0,0,0,0,,,0,0,0,0,0,0,0,0,0,0,0,0,,,,0,0,0,0,0,0,0,,0,0,0,0,,-0.0999999999999999,1.9
00-0022296,J.Jenkins,Justin Jenkins,WR,WR,"https://static.www.nfl.com/image/private/f_auto,q_auto/league/nptz8legduwhhgarnqsc",2007,REG,BUF,7,0,0,0,0,0,0,0,0,0,0,0,0,,,0,,0,0,0,0,0,0,,0,0,0,0,0,0,0,0,0,0,,0,,0,0,0,0,7,0,2,0,0,0,0,0,0,0,0,0,0,0,0,0,0,0,1,1,0,0,0,0,0,0,0,0,0,0,0,,,0,0,0,0,0,0,0,0,0,0,0,0,,,,0,0,0,0,0,0,0,,0,0,0,0,,0,0
00-0022341,G.Wilson,George Wilson,S,DB,"https://static.www.nfl.com/image/private/f_auto,q_auto/league/b1oqmr5bi0phx6mjomla",2007,REG,BUF,10,0,0,0,0,0,0,0,0,0,0,0,0,,,0,,0,0,0,0,0,0,,0,0,0,0,0,0,0,0,0,0,,0,,0,0,0,0,24,6,7,0,0,0,0,0,0,2,25,4,1,0,0,0,0,0,1,1,1,0,0,0,0,1,0,0,0,0,0,,,0,0,0,0,0,0,0,0,0,0,0,0,,,,0,0,0,0,0,0,0,,0,0,0,0,,0,0
00-0022342,E.Alexander,Eric Alexander,LB,LB,"https://static.www.nfl.com/image/private/f_auto,q_auto/league/anmsfuxwv6clunnclwik",2007,REG+POST,NE,13,0,0,0,0,0,0,0,0,0,0,0,0,,,0,,0,0,0,0,0,0,,0,0,0,0,0,0,0,0,0,0,,0,,,0,,0,15,5,5,0,0,0,0,0,0,0,0,0,0,0,0,0,0,0,0,0,0,0,0,0,0,0,0,0,0,0,0,,,0,0,0,0,0,0,0,0,0,0,0,0,,,,0,0,0,0,0,0,0,,0,0,0,0,,0,0
00-0022344,R.Gay,Randall Gay,CB,DB,"https://static.www.nfl.com/image/private/f_auto,q_auto/league/iq0lhhoy6njppklrgbaj",2007,REG+POST,NE,17,0,0,0,0,0,0,0,0,0,0,0,0,,,0,,0,0,0,0,0,0,,0,0,0,0,0,0,0,0,0,0,,0,,,0,,0,33,6,6,0,0,2,0,0,0,3,52,9,0,0,0,0,0,0,1,1,1,0,0,0,0,0,0,0,0,0,0,,,0,0,0,0,0,0,0,0,0,0,0,0,,,,0,0,0,0,0,0,0,,0,0,0,0,,0,0
00-0022350,R.Lilja,Ryan Lilja,C,OL,"https://static.www.nfl.com/image/private/f_auto,q_auto/league/nsrjgyipyinbvqshncee",2007,REG,IND,4,0,0,0,0,0,0,0,0,0,0,0,0,,,0,,0,0,0,0,0,0,,0,0,0,0,0,0,0,0,0,0,,0,,,0,,0,1,0,0,0,0,0,0,0,0,0,0,0,0,0,0,0,0,0,0,0,0,3,25,0,0,0,0,0,0,0,0,,,0,0,0,0,0,0,0,0,0,0,0,0,,,,0,0,0,0,0,0,0,,0,0,0,0,,0,0
00-0022352,B.Sapp,Benny Sapp,CB,DB,"https://static.www.nfl.com/image/private/f_auto,q_auto/league/nnwflsfy7eujgd2bvh8d",2007,REG,KC,12,0,0,0,0,0,0,0,0,0,0,0,0,,,0,,0,0,0,0,0,0,,0,0,0,0,0,0,0,0,0,0,,0,,,0,,0,23,1,6,0,0,0,0,0,0,1,15,4,0,0,0,0,0,0,1,1,0,4,30,0,0,15,251,0,0,0,0,,,0,0,0,0,0,0,0,0,0,0,0,0,,,,0,0,0,0,0,0,0,,0,0,0,0,,0,0
00-0022353,R.Scanlon,Rich Scanlon,LB,LB,"https://static.www.nfl.com/image/private/f_auto,q_auto/league/makguxpfynhktsjf4jck",2007,REG+POST,TEN,7,0,0,0,0,0,0,0,0,0,0,0,0,,,0,,0,0,0,0,0,0,,0,0,0,0,0,0,0,0,0,0,,0,,,0,,0,2,1,5,0,0,0,0,0,0,0,0,0,0,0,0,0,0,0,2,2,0,1,15,0,0,0,0,0,0,0,0,,,0,0,0,0,0,0,0,0,0,0,0,0,,,,0,0,0,0,0,0,0,,0,0,0,0,,0,0
00-0022366,E.Jackson,Eddie Jackson,DB,DB,"https://static.www.nfl.com/image/private/f_auto,q_auto/league/f4eovfz8iqtkzet2xueq",2007,REG,NE,2,0,0,0,0,0,0,0,0,0,0,0,0,,,0,,0,0,0,0,0,0,,0,0,0,0,0,0,0,0,0,0,,0,,,0,,0,2,1,0,0,0,0,0,0,0,0,0,0,0,0,0,0,0,0,0,0,0,0,0,0,0,0,0,0,0,0,0,,,0,0,0,0,0,0,0,0,0,0,0,0,,,,0,0,0,0,0,0,0,,0,0,0,0,,0,0
00-0022387,S.Cargile,Steve Cargile,DB,DB,"https://static.www.nfl.com/image/private/f_auto,q_auto/league/nnjwrepj5xuys0wy5wey",2007,REG,DEN,6,0,0,0,0,0,0,0,0,0,0,0,0,,,0,,0,0,0,0,0,0,,0,0,0,0,0,0,0,0,0,0,,0,,,0,,0,7,0,0,0,0,1,0,0,0,0,0,0,0,0,0,0,0,0,0,0,0,0,0,0,0,0,0,0,0,0,0,,,0,0,0,0,0,0,0,0,0,0,0,0,,,,0,0,0,0,0,0,0,,0,0,0,0,,0,0
00-0022388,T.Copper,Terrance Copper,WR,WR,"https://static.www.nfl.com/image/private/f_auto,q_auto/league/favudbaummnv3ra1rbhy",2007,REG,NO,13,0,0,0,0,0,0,0,0,0,0,0,0,,,0,,0,0,0,0,0,0,,0,15,1,126,2,0,0,13,59,7,8.33508600504138,0,9.69230769230769,0.5,0.00291545189504373,0.752040816326531,0,9,0,0,0,0,0,0,0,0,0,0,0,0,0,0,0,0,0,0,0,0,1,19,0,0,2,49,0,0,0,0,,,0,0,0,0,0,0,0,0,0,0,0,0,,,,0,0,0,0,0,0,0,,0,0,0,0,,24.6,39.6
00-0022397,V.Leach,Vonta Leach,FB,RB,"https://static.www.nfl.com/image/private/f_auto,q_auto/league/n9zjncpra3ifhujp6fum",2007,REG,HOU,16,0,0,0,0,0,0,0,0,0,0,0,0,,,0,,2,2,1,0,0,1,0.962757242610678,0,25,0,108,2,2,1,0,92,7,-2.65728825487895,0,0,0,0,0,0,5,0,1,0,0,0,0,0,0,0,0,0,0,0,0,0,0,0,0,0,0,0,0,0,0,2,26,0,0,0,0,,,0,0,0,0,0,0,0,0,0,0,0,0,,,,0,0,0,0,0,0,0,,0,0,0,0,,27,52
00-0022403,B.Middleton,Brandon Middleton,WR,WR,"https://static.www.nfl.com/image/private/f_auto,q_auto/league/zz4wojmy27fvzwe1xqey",2007,REG,DET,4,0,0,0,0,0,0,0,0,0,0,0,0,,,0,,0,0,0,0,0,0,,0,8,0,70,1,0,0,0,25,6,7.58573618213658,0,0,,0,,0,1,0,0,0,0,1,0,0,0,0,0,0,0,0,0,0,0,0,0,0,0,0,0,0,0,4,83,0,0,0,0,,,0,0,0,0,0,0,0,0,0,0,0,0,,,,0,0,0,0,0,0,0,,0,0,0,0,,13,21
00-0022405,L.Polite,Lousaka Polite,FB,RB,"https://static.www.nfl.com/image/private/f_auto,q_auto/league/sap0k6ihraeup9y3vd9c",2007,REG,CHI,2,0,0,0,0,0,0,0,0,0,0,0,0,,,0,,0,0,0,0,0,0,,0,0,0,0,0,0,0,0,0,0,,0,,,0,,0,1,0,1,0,0,0,0,0,0,0,0,0,0,0,0,0,0,0,0,0,0,0,0,0,0,0,0,0,0,0,0,,,0,0,0,0,0,0,0,0,0,0,0,0,,,,0,0,0,0,0,0,0,,0,0,0,0,,0,0
00-0022409,J.Babineaux,Jordan Babineaux,S,DB,"https://static.www.nfl.com/image/private/f_auto,q_auto/league/ksrfbo6q7h3wc5vdo9gx",2007,REG+POST,SEA,18,0,0,0,0,0,0,0,0,0,0,0,0,,,0,,0,0,0,0,0,0,,0,0,0,0,0,0,0,0,0,0,,0,,0,0,0,0,54,4,15,0,0,3,1,8,3,2,57,4,1,0,0,0,0,0,2,2,0,1,10,0,0,0,0,0,0,0,0,,,0,0,0,0,0,0,0,0,0,0,0,0,,,,0,0,0,0,0,0,0,,0,0,0,0,,0,0
00-0022414,M.Floyd,Malcom Floyd,WR,WR,"https://static.www.nfl.com/image/private/f_auto,q_auto/league/or8gm79eaonksxe8gl0t",2007,REG,LAC,4,0,0,0,0,0,0,0,0,0,0,0,0,,,0,,0,0,0,0,0,0,,0,7,0,97,0,0,0,0,9,4,9.50099350936944,0,0,,0,,0,0,0,0,0,0,0,0,0,0,0,0,0,0,0,0,0,0,0,0,0,0,0,0,0,0,0,0,0,0,0,0,,,0,0,0,0,0,0,0,0,0,0,0,0,,,,0,0,0,0,0,0,0,,0,0,0,0,,9.7,16.7
00-0022421,R.Martin,Ruvell Martin,WR,WR,"https://static.www.nfl.com/image/private/f_auto,q_auto/league/thvzfciwga4lexqs9man",2007,REG,GB,11,0,0,0,0,0,0,0,0,0,0,0,0,,,0,,0,0,0,0,0,0,,0,16,0,242,4,1,0,0,60,15,28.3457478781929,0,0,0,0,0,0,0,0,0,0,0,0,0,0,0,0,0,0,0,0,0,0,0,0,0,0,0,0,0,0,0,1,6,0,0,0,0,,,0,0,0,0,0,0,0,0,0,0,0,0,,,,0,0,0,0,0,0,0,,0,0,0,0,,48.2,64.2
00-0022427,W.Welker,Wes Welker,WR,WR,"https://static.www.nfl.com/image/private/f_auto,q_auto/league/rgjwexzif36vncjfdwap",2007,REG+POST,NE,19,0,0,0,0,0,0,0,0,0,0,0,0,,,0,,5,47,0,0,0,2,2.1252931500203,0,139,0,1388,10,2,0,0,759,76,124.765886051004,0,0,,0,,0,4,0,0,0,0,0,0,0,0,0,0,0,0,1,0,0,2,2,0,0,0,1,10,27,278,7,176,0,0,0,0,,,0,0,0,0,0,0,0,0,0,0,0,0,,,,0,0,0,0,0,0,0,,0,0,0,0,,203.5,342.5
00-0022434,C.Davis,Carey Davis,RB,RB,"https://static.www.nfl.com/image/private/f_auto,q_auto/league/sz7g5qfktgv3eqpu2p6h",2007,REG+POST,PIT,17,0,0,0,0,0,0,0,0,0,0,0,0,,,0,,20,71,0,0,0,2,-4.19315622639387,0,14,0,63,0,0,0,0,51,2,1.3571294482972,0,0,,0,,0,9,3,7,0,0,0,0,0,0,0,0,0,0,0,0,0,0,0,1,1,0,1,5,0,0,0,0,0,0,0,0,,,0,0,0,0,0,0,0,0,0,0,0,0,,,,0,0,0,0,0,0,0,,0,0,0,0,,13.4,27.4
00-0022449,B.Sams,B.J. Sams,RB,RB,"https://static.www.nfl.com/image/private/f_auto,q_auto/league/leg3dzyfnwv2um29giwk",2007,REG,BAL,1,0,0,0,0,0,0,0,0,0,0,0,0,,,0,,0,0,0,0,0,0,,0,0,0,0,0,0,0,0,0,0,,0,,,0,,0,0,0,0,0,0,0,0,0,0,0,0,0,0,0,0,0,0,0,0,0,0,0,0,4,37,5,140,0,0,0,0,,,0,0,0,0,0,0,0,0,0,0,0,0,,,,0,0,0,0,0,0,0,,0,0,0,0,,0,0
00-0022455,D.Muhlbach,Don Muhlbach,LS,SPEC,"https://static.www.nfl.com/image/private/f_auto,q_auto/league/vjbgntsu7pzptgr9no5k",2007,REG,DET,3,0,0,0,0,0,0,0,0,0,0,0,0,,,0,,0,0,0,0,0,0,,0,0,0,0,0,0,0,0,0,0,,0,,,0,,0,2,0,0,0,0,0,0,0,0,0,0,0,0,0,0,0,0,0,0,0,0,1,5,0,0,0,0,0,0,0,0,,,0,0,0,0,0,0,0,0,0,0,0,0,,,,0,0,0,0,0,0,0,,0,0,0,0,,0,0
00-0022477,C.Cox,Curome Cox,DB,DB,"https://static.www.nfl.com/image/private/f_auto,q_auto/league/rfsbbf4ndeksdyatd1ni",2007,REG,HOU,9,0,0,0,0,0,0,0,0,0,0,0,0,,,0,,0,0,0,0,0,0,,0,0,0,0,0,0,0,0,0,0,,0,,,0,,0,10,1,2,0,0,0,0,0,0,0,0,0,0,0,0,0,0,0,1,1,0,0,0,0,0,0,0,0,0,0,0,,,0,0,0,0,0,0,0,0,0,0,0,0,,,,0,0,0,0,0,0,0,,0,0,0,0,,0,0
00-0022502,J.Cain,Jeremy Cain,LS,SPEC,"https://static.www.nfl.com/image/private/f_auto,q_auto/league/do1kv2va3cgwji3clfqu",2007,REG,TEN,1,0,0,0,0,0,0,0,0,0,0,0,0,,,0,,0,0,0,0,0,0,,0,0,0,0,0,0,0,0,0,0,,0,,,0,,0,1,0,0,0,0,0,0,0,0,0,0,0,0,0,0,0,0,0,0,0,0,0,0,0,0,0,0,0,0,0,0,,,0,0,0,0,0,0,0,0,0,0,0,0,,,,0,0,0,0,0,0,0,,0,0,0,0,,0,0
00-0022521,R.Baker,Rashad Baker,DB,DB,"https://static.www.nfl.com/image/private/f_auto,q_auto/league/k2oaatbpi7yujrdkifq8",2007,REG,NE,6,0,0,0,0,0,0,0,0,0,0,0,0,,,0,,0,0,0,0,0,0,,0,0,0,0,0,0,0,0,0,0,,0,,,0,,0,8,1,3,0,0,0,0,0,0,0,0,0,0,0,0,0,0,0,0,0,0,0,0,0,0,0,0,0,0,0,0,,,0,0,0,0,0,0,0,0,0,0,0,0,,,,0,0,0,0,0,0,0,,0,0,0,0,,0,0
00-0022527,J.Greer,Jabari Greer,CB,DB,"https://static.www.nfl.com/image/private/f_auto,q_auto/league/osarwe1vdcwav0bmd7iw",2007,REG,BUF,14,0,0,0,0,0,0,0,0,0,0,0,0,,,0,,0,0,0,0,0,0,,0,0,0,0,0,0,0,0,0,0,,0,,0,0,0,0,33,8,5,0,0,1,0,0,0,2,1,14,0,0,0,0,0,0,0,0,0,3,40,0,0,0,0,0,0,0,0,,,0,0,0,0,0,0,0,0,0,0,0,0,,,,0,0,0,0,0,0,0,,0,0,0,0,,0,0
00-0022529,L.Lawton,Luke Lawton,FB,RB,"https://static.www.nfl.com/image/private/f_auto,q_auto/league/f3zabht6ytygjxw6h3fx",2007,REG+POST,IND,12,0,0,0,0,0,0,0,0,0,0,0,0,,,0,,5,13,0,0,0,1,-1.96925704471066,0,4,0,29,1,0,0,0,35,2,2.56267698016018,0,0,,0,,0,5,1,1,0,0,0,0,0,0,0,0,0,0,0,0,0,0,0,0,0,0,0,0,0,0,5,95,0,0,0,0,,,0,0,0,0,0,0,0,0,0,0,0,0,,,,0,0,0,0,0,0,0,,0,0,0,0,,10.2,14.2
00-0022531,J.Peters,Jason Peters,OT,OL,"https://static.www.nfl.com/image/upload/f_auto,q_auto/league/xcsyqvrlrpe6s3d0rodq",2007,REG,BUF,7,0,0,0,0,0,0,0,0,0,0,0,0,,,0,,0,0,0,0,0,0,,0,0,0,0,0,0,0,0,0,0,,0,,0,0,0,0,0,0,0,0,0,0,0,0,0,0,0,0,0,0,0,0,1,1,0,0,0,6,35,0,0,0,0,0,0,0,0,,,0,0,0,0,0,0,0,0,0,0,0,0,,,,0,0,0,0,0,0,0,,0,0,0,0,,0,0
00-0022539,T.Kelly,Tommy Kelly,DE,DL,"https://static.www.nfl.com/image/private/f_auto,q_auto/league/ieqhplalwaf9wx0ckg9z",2007,REG,LV,7,0,0,0,0,0,0,0,0,0,0,0,0,,,0,,0,0,0,0,0,0,,0,0,0,0,0,0,0,0,0,0,,0,,,0,,0,21,6,3,0,0,0,1,8,1,0,0,1,0,0,0,0,0,0,0,0,0,1,5,0,0,0,0,0,0,0,0,,,0,0,0,0,0,0,0,0,0,0,0,0,,,,0,0,0,0,0,0,0,,0,0,0,0,,0,0
00-0022554,J.Thomas,Josh Thomas,DE,DL,"https://static.www.nfl.com/image/private/f_auto,q_auto/league/ni9xz995qchihxzn7f0x",2007,REG+POST,IND,14,0,0,0,0,0,0,0,0,0,0,0,0,,,0,,0,0,0,0,0,0,,0,0,0,0,0,0,0,0,0,0,,0,,,0,,0,15,9,10,0,0,1,1,5,3,0,0,3,0,0,0,0,0,0,0,0,0,2,20,0,0,0,0,0,0,0,0,,,0,0,0,0,0,0,0,0,0,0,0,0,,,,0,0,0,0,0,0,0,,0,0,0,0,,0,0
00-0022555,B.Utecht,Ben Utecht,TE,TE,"https://static.www.nfl.com/image/private/f_auto,q_auto/league/gbaxflp6qaxmn1ou58kb",2007,REG+POST,IND,14,0,0,0,0,0,0,0,0,0,0,0,0,,,0,,0,0,0,0,0,0,,0,32,0,384,1,2,1,0,163,21,30.0977477869019,0,0,,0,,0,2,0,0,0,0,0,0,0,0,0,0,0,0,0,0,0,0,0,0,0,0,4,19,0,0,0,0,0,0,0,0,,,0,0,0,0,0,0,0,0,0,0,0,0,,,,0,0,0,0,0,0,0,,0,0,0,0,,42.4,74.4
00-0022581,C.Loeffler,Cullen Loeffler,LS,SPEC,"https://static.www.nfl.com/image/private/f_auto,q_auto/league/sawjelqrq1zgjppxheqt",2007,REG,MIN,5,0,0,0,0,0,0,0,0,0,0,0,0,,,0,,0,0,0,0,0,0,,0,0,0,0,0,0,0,0,0,0,,0,,,0,,0,2,0,1,0,0,0,0,0,0,0,0,0,0,0,0,0,0,0,0,0,0,3,30,0,0,0,0,0,0,0,0,,,0,0,0,0,0,0,0,0,0,0,0,0,,,,0,0,0,0,0,0,0,,0,0,0,0,,0,0
00-0022582,R.Owens,Richard Owens,TE,TE,"https://static.www.nfl.com/image/private/f_auto,q_auto/league/nmacqyd68jsk1tgswvyr",2007,REG,LA,9,0,0,0,0,0,0,0,0,0,0,0,0,,,0,,0,0,0,0,0,0,,0,1,0,9,0,0,0,0,9,1,1.20346177229658,0,0,,0,,0,7,0,1,0,0,0,0,0,0,0,0,0,0,0,0,0,1,1,0,0,0,0,0,0,0,0,0,0,0,0,0,,,0,0,0,0,0,0,0,0,0,0,0,0,,,,0,0,0,0,0,0,0,,0,0,0,0,,0.9,1.9
00-0022588,J.Cooper,Josh Cooper,DE,DL,"https://static.www.nfl.com/image/private/f_auto,q_auto/league/vnov5km9zcneqf70sxya",2007,REG,NO,10,0,0,0,0,0,0,0,0,0,0,0,0,,,0,,0,0,0,0,0,0,,0,0,0,0,0,0,0,0,0,0,,0,,0,0,0,0,8,3,3,0,0,1,0,0,3,0,0,0,0,0,0,0,0,0,0,0,0,0,0,0,0,1,8,0,0,0,0,,,0,0,0,0,0,0,0,0,0,0,0,0,,,,0,0,0,0,0,0,0,,0,0,0,0,,0,0
00-0022589,K.Larson,Kyle Larson,P,SPEC,"https://static.www.nfl.com/image/private/f_auto,q_auto/league/rdqe6crgvkx4atm1zkpp",2007,REG,CIN,16,0,0,0,0,0,0,0,0,0,0,0,0,,,0,,0,0,0,0,0,0,,0,0,0,0,0,0,0,0,0,0,,0,,,0,,0,0,0,1,0,0,0,0,0,0,0,0,0,0,0,0,0,0,0,0,0,0,1,5,0,0,0,0,0,0,0,0,,,0,0,0,0,0,0,0,0,0,0,0,0,,,,0,0,0,0,1,0,1,0,0,0,0,0,,0,0
00-0022590,J.Lorenzen,Jared Lorenzen,QB,QB,"https://static.www.nfl.com/image/private/f_auto,q_auto/league/uy5i9yieg0pwmhdaglg4",2007,REG,NYG,2,4,8,28,0,0,1,-5,0,0,99,6,1,0.868388250120916,10.1620698968569,0,0.282828282828283,1,2,0,0,0,0,-2.22666827013018,0,0,0,0,0,0,0,0,0,0,,0,,0,0,0,0,0,0,0,0,0,0,0,0,0,0,0,0,0,0,0,0,0,0,0,0,0,0,0,0,0,0,0,0,0,0,0,,,0,0,0,0,0,0,0,0,0,0,0,0,,,,0,0,0,0,0,0,0,,0,0,0,0,,1.32,1.32
00-0022591,J.Maxwell,Jim Maxwell,LB,LB,"https://static.www.nfl.com/image/private/f_auto,q_auto/league/buy8pa1zpuf12xcpsc9w",2007,REG,CIN,2,0,0,0,0,0,0,0,0,0,0,0,0,,,0,,0,0,0,0,0,0,,0,0,0,0,0,0,0,0,0,0,,0,,,0,,0,0,0,3,0,0,0,0,0,0,0,0,0,0,0,0,0,0,0,0,0,0,0,0,0,0,0,0,0,0,0,0,,,0,0,0,0,0,0,0,0,0,0,0,0,,,,0,0,0,0,0,0,0,,0,0,0,0,,0,0
00-0022592,C.Deloatch,Curtis Deloatch,DB,DB,"https://static.www.nfl.com/image/private/f_auto,q_auto/league/o6x8jfbkttsdwlfqok3b",2007,REG,CAR,4,0,0,0,0,0,0,0,0,0,0,0,0,,,0,,0,0,0,0,0,0,,0,0,0,0,0,0,0,0,0,0,,0,,0,0,0,0,3,2,0,0,0,0,0,0,0,0,0,1,0,0,0,0,0,0,0,0,0,0,0,0,0,0,0,0,0,0,0,,,0,0,0,0,0,0,0,0,0,0,0,0,,,,0,0,0,0,0,0,0,,0,0,0,0,,0,0
00-0022610,S.Johnson,Spencer Johnson,DT,DL,"https://static.www.nfl.com/image/private/f_auto,q_auto/league/dri59fgjofo9mpjzzjrc",2007,REG,MIN,13,0,0,0,0,0,0,0,0,0,0,0,0,,,0,,0,0,0,0,0,0,,0,0,0,0,0,0,0,0,0,0,,0,,,0,,0,19,2,3,0,0,1,3,15,2,0,0,0,0,0,0,0,0,0,1,1,0,2,20,0,0,0,0,0,0,0,0,,,0,0,0,0,0,0,0,0,0,0,0,0,,,,0,0,0,0,0,0,0,,0,0,0,0,,0,0
00-0022613,G.Martinez,Glenn Martinez,WR,WR,"https://static.www.nfl.com/image/private/f_auto,q_auto/league/nazmjcnjjtiq1aloogll",2007,REG,DEN,11,0,0,0,0,0,0,0,0,0,0,0,0,,,0,,0,0,0,0,0,0,,0,14,0,175,0,0,0,0,40,9,15.1933315285132,0,0,,0,,1,0,0,0,0,0,0,0,0,0,0,0,0,0,2,0,0,1,1,0,0,0,2,20,14,157,15,330,0,0,0,0,,,0,0,0,0,0,0,0,0,0,0,0,0,,,,0,0,0,0,0,0,0,,0,0,0,0,,23.5,37.5
00-0022662,J.Winborne,Jamaine Winborne,CB,DB,"https://static.www.nfl.com/image/private/f_auto,q_auto/league/r80kgp5sjdxitmauhysa",2007,REG,BAL,11,0,0,0,0,0,0,0,0,0,0,0,0,,,0,,0,0,0,0,0,0,,0,0,0,0,0,0,0,0,0,0,,0,,,0,,0,13,1,4,0,0,0,0,0,0,0,0,3,0,0,0,0,0,0,0,0,0,1,5,0,0,0,0,0,0,0,0,,,0,0,0,0,0,0,0,0,0,0,0,0,,,,0,0,0,0,0,0,0,,0,0,0,0,,0,0
00-0022667,L.Joe,Leon Joe,LB,LB,"https://static.www.nfl.com/image/private/f_auto,q_auto/league/ndx5giagrylmkppcg3cd",2007,REG,BUF,4,0,0,0,0,0,0,0,0,0,0,0,0,,,0,,0,0,0,0,0,0,,0,0,0,0,0,0,0,0,0,0,,0,,0,0,0,0,2,1,1,0,0,0,0,0,0,0,0,0,0,0,0,0,0,0,0,0,0,0,0,0,0,0,0,0,0,0,0,,,0,0,0,0,0,0,0,0,0,0,0,0,,,,0,0,0,0,0,0,0,,0,0,0,0,,0,0
00-0022669,R.Washington,Rashad Washington,DB,DB,"https://static.www.nfl.com/image/private/f_auto,q_auto/league/qn9kdrzgloieu9nc0mrs",2007,REG,NYJ,5,0,0,0,0,0,0,0,0,0,0,0,0,,,0,,0,0,0,0,0,0,,0,0,0,0,0,0,0,0,0,0,,0,,,0,,0,3,1,1,0,0,0,0,0,0,0,0,0,0,0,0,0,0,0,0,0,0,4,40,0,0,0,0,0,0,0,0,,,0,0,0,0,0,0,0,0,0,0,0,0,,,,0,0,0,0,0,0,0,,0,0,0,0,,0,0
00-0022684,D.Jones,Donnie Jones,P,SPEC,"https://static.www.nfl.com/image/private/f_auto,q_auto/league/qds7simibz6lt6ckf5yo",2007,REG,LA,16,0,0,0,0,0,0,0,0,0,0,0,0,,,0,,0,0,0,0,0,0,,0,0,0,0,0,0,0,0,0,0,,0,,,0,,0,0,0,0,0,0,0,0,0,0,0,0,0,0,0,0,0,0,0,0,0,0,0,0,0,0,0,0,0,0,0,0,,,0,0,0,0,0,0,0,0,0,0,0,0,,,,0,0,0,0,0,0,0,,0,0,0,0,,0,0
00-0022691,B.Sippio,Bobby Sippio,WR,WR,"https://static.www.nfl.com/image/private/f_auto,q_auto/league/hlkb4xvyaptcjjrgdobq",2007,REG,KC,3,0,0,0,0,0,0,0,0,0,0,0,0,,,0,,0,0,0,0,0,0,,0,0,0,0,0,0,0,0,0,0,,0,,,0,,0,2,0,0,0,0,0,0,0,0,0,0,0,0,0,0,0,0,0,0,0,0,0,0,0,0,1,6,0,0,0,0,,,0,0,0,0,0,0,0,0,0,0,0,0,,,,0,0,0,0,0,0,0,,0,0,0,0,,0,0
00-0022692,C.Terrill,Craig Terrill,DT,DL,"https://static.www.nfl.com/image/private/f_auto,q_auto/league/crcsnu8gwmm11bndkbmn",2007,REG+POST,SEA,14,0,0,0,0,0,0,0,0,0,0,0,0,,,0,,0,0,0,0,0,0,,0,0,0,0,0,0,0,0,0,0,,0,,0,0,0,0,17,6,7,0,0,0,1,8,2,0,0,1,0,0,0,0,0,0,0,0,0,2,20,0,0,1,0,0,0,0,0,,,0,0,0,0,0,0,0,0,0,0,0,0,,,,0,0,0,0,0,0,0,,0,0,0,0,,0,0
00-0022694,S.Olivea,Shane Olivea,OT,OL,"https://static.www.nfl.com/image/private/f_auto,q_auto/league/oazelbxstvp1myy8yqau",2007,REG,LAC,2,0,0,0,0,0,0,0,0,0,0,0,0,,,0,,0,0,0,0,0,0,,0,0,0,0,0,0,0,0,0,0,,0,,,0,,0,0,0,0,0,0,0,0,0,0,0,0,0,0,0,0,0,0,0,0,0,0,2,10,0,0,0,0,0,0,0,0,,,0,0,0,0,0,0,0,0,0,0,0,0,,,,0,0,0,0,0,0,0,,0,0,0,0,,0,0
00-0022696,T.Johnson,Tank Johnson,DT,DL,"https://static.www.nfl.com/image/private/f_auto,q_auto/league/twhepnfx4if3lpmevizy",2007,REG+POST,DAL,7,0,0,0,0,0,0,0,0,0,0,0,0,,,0,,0,0,0,0,0,0,,0,0,0,0,0,0,0,0,0,0,,0,,,0,,0,10,0,2,0,0,0,3,14,3,0,0,2,0,0,0,0,0,0,1,1,0,2,14,0,0,0,0,0,0,0,0,,,0,0,0,0,0,0,0,0,0,0,0,0,,,,0,0,0,0,0,0,0,,0,0,0,0,,0,0
00-0022697,K.Fox,Keyaron Fox,LB,LB,"https://static.www.nfl.com/image/private/f_auto,q_auto/league/zecwcjxbvfgmtyo7gcst",2007,REG,KC,7,0,0,0,0,0,0,0,0,0,0,0,0,,,0,,0,0,0,0,0,0,,0,0,0,0,0,0,0,0,0,0,,0,,,0,,0,16,3,2,0,0,0,0,0,0,0,0,0,0,0,0,0,0,0,0,0,0,1,6,0,0,0,0,0,0,0,0,,,0,0,0,0,0,0,0,0,0,0,0,0,,,,0,0,0,0,0,0,0,,0,0,0,0,,0,0
00-0022701,D.Hackett,D.J. Hackett,WR,WR,"https://static.www.nfl.com/image/private/f_auto,q_auto/league/vhepv73bqd762raohguu",2007,REG+POST,SEA,8,0,0,0,0,0,0,0,0,0,0,0,0,,,0,,0,0,0,0,0,0,,0,40,0,500,4,0,0,0,159,21,41.9129931423785,0,0,0,0,0,0,0,0,0,0,0,0,0,0,0,0,0,0,0,0,0,0,0,0,0,0,0,1,9,0,0,0,0,0,0,0,0,,,0,0,0,0,0,0,0,0,0,0,0,0,,,,0,0,0,0,0,0,0,,0,0,0,0,,74,114
00-0022702,K.Lewis,Keith Lewis,DB,DB,"https://static.www.nfl.com/image/private/f_auto,q_auto/league/uve0kj3yxzgyi9giwoei",2007,REG,SF,8,0,0,0,0,0,0,0,0,0,0,0,0,,,0,,0,0,0,0,0,0,,0,0,0,0,0,0,0,0,0,0,,0,,0,0,0,0,13,0,5,0,0,0,0,0,0,0,0,0,0,0,0,0,0,0,0,0,0,2,15,0,0,0,0,0,0,0,0,,,0,0,0,0,0,0,0,0,0,0,0,0,,,,0,0,0,0,0,0,0,,0,0,0,0,,0,0
00-0022703,R.Bingham,Ryon Bingham,DT,DL,"https://static.www.nfl.com/image/private/f_auto,q_auto/league/nrix3c6pcjtxxgkyfmlq",2007,REG+POST,LAC,18,0,0,0,0,0,0,0,0,0,0,0,0,,,0,,0,0,0,0,0,0,,0,0,0,0,0,0,0,0,0,0,,0,,,0,,0,22,9,18,0,0,0,1.5,8,3,0,0,0,0,0,0,0,0,0,0,0,0,0,0,0,0,0,0,0,0,0,0,,,0,0,0,0,0,0,0,0,0,0,0,0,,,,0,0,0,0,0,0,0,,0,0,0,0,,0,0
00-0022704,C.Anderson,Courtney Anderson,TE,TE,"https://static.www.nfl.com/image/private/f_auto,q_auto/league/sfkhcq22st6uaxbk6icx",2007,REG,DET,1,0,0,0,0,0,0,0,0,0,0,0,0,,,0,,0,0,0,0,0,0,,0,0,0,0,0,0,0,0,0,0,,0,,,0,,0,0,0,0,0,0,0,0,0,0,0,0,0,0,0,0,0,0,0,0,0,0,2,10,0,0,0,0,0,0,0,0,,,0,0,0,0,0,0,0,0,0,0,0,0,,,,0,0,0,0,0,0,0,,0,0,0,0,,0,0
00-0022706,M.Gaines,Michael Gaines,TE,TE,"https://static.www.nfl.com/image/private/f_auto,q_auto/league/jpmj2ywyeucrsuvkxc8q",2007,REG,BUF,15,0,0,0,0,0,0,0,0,0,0,0,0,,,0,,0,0,0,0,0,0,,0,25,0,215,2,0,0,0,167,13,18.3574292809188,0,0,0,0,0,0,0,0,0,0,0,0,0,0,0,0,0,0,0,0,0,0,0,0,0,0,0,4,30,0,0,0,0,0,0,0,0,,,0,0,0,0,0,0,0,0,0,0,0,0,,,,0,0,0,0,0,0,0,,0,0,0,0,,33.5,58.5
00-0022707,D.Williams,Demorrio Williams,ILB,LB,"https://static.www.nfl.com/image/private/f_auto,q_auto/league/zyxegbngee7qvlqcj0mk",2007,REG,ATL,16,0,0,0,0,0,0,0,0,0,0,0,0,,,0,,0,0,0,0,0,0,,0,0,0,0,0,0,0,0,0,0,,0,,0,0,0,0,50,13,15,0,0,0,0,0,0,2,3,2,0,0,0,0,0,0,0,0,0,3,26,0,0,0,0,0,0,0,0,,,0,0,0,0,0,0,0,0,0,0,0,0,,,,0,0,0,0,0,0,0,,0,0,0,0,,0,0
00-0022709,A.Clarke,Adrien Clarke,G,OL,"https://static.www.nfl.com/image/private/f_auto,q_auto/league/wkkyq9cw3p2apoqoobja",2007,REG,NYJ,2,0,0,0,0,0,0,0,0,0,0,0,0,,,0,,0,0,0,0,0,0,,0,0,0,0,0,0,0,0,0,0,,0,,,0,,0,0,0,0,0,0,0,0,0,0,0,0,0,0,0,0,0,1,1,0,0,0,1,5,0,0,0,0,0,0,0,0,,,0,0,0,0,0,0,0,0,0,0,0,0,,,,0,0,0,0,0,0,0,,0,0,0,0,,0,0
00-0022710,N.Koutouvides,Niko Koutouvides,LB,LB,"https://static.www.nfl.com/image/private/f_auto,q_auto/league/bmljlcf2iv5swkvyujhu",2007,REG,SEA,11,0,0,0,0,0,0,0,0,0,0,0,0,,,0,,0,0,0,0,0,0,,0,0,0,0,0,0,0,0,0,0,,0,,0,0,0,0,17,3,4,0,0,1,0,0,0,0,0,1,0,0,0,0,0,0,0,0,0,1,15,0,0,0,0,0,0,0,0,,,0,0,0,0,0,0,0,0,0,0,0,0,,,,0,0,0,0,0,0,0,,0,0,0,0,,0,0
00-0022711,B.Chillar,Brandon Chillar,ILB,LB,"https://static.www.nfl.com/image/private/f_auto,q_auto/league/kmoqhjesfzfsppinffqh",2007,REG,LA,15,0,0,0,0,0,0,0,0,0,0,0,0,,,0,,0,0,0,0,0,0,,0,0,0,0,0,0,0,0,0,0,,0,,,0,,0,46,6,12,0,0,3,3,17,8,0,0,3,0,0,0,0,0,0,1,1,0,1,5,0,0,0,0,0,0,0,0,,,0,0,0,0,0,0,0,0,0,0,0,0,,,,0,0,0,0,0,0,0,,0,0,0,0,,0,0
00-0022712,V.Wilfork,Vince Wilfork,NT,DL,"https://static.www.nfl.com/image/private/f_auto,q_auto/league/mwfinxqkn4fowfrreak1",2007,REG+POST,NE,19,0,0,0,0,0,0,0,0,0,0,0,0,,,0,,0,0,0,0,0,0,,0,0,0,0,0,0,0,0,0,0,,0,,,0,,0,22,24,18,0,0,0,2,18,7,0,0,3,0,0,0,0,0,0,1,1,0,4,37,0,0,0,0,0,0,0,0,,,0,0,0,0,0,0,0,0,0,0,0,0,,,,0,0,0,0,0,0,0,,0,0,0,0,,0,0
00-0022713,R.Colclough,Ricardo Colclough,DB,DB,"https://static.www.nfl.com/image/private/f_auto,q_auto/league/ewbxadph1mwrtmordums",2007,REG,PIT,1,0,0,0,0,0,0,0,0,0,0,0,0,,,0,,0,0,0,0,0,0,,0,0,0,0,0,0,0,0,0,0,,0,,,0,,0,1,0,0,0,0,0,0,0,0,0,0,0,0,0,0,0,0,0,0,0,0,0,0,0,0,0,0,0,0,0,0,,,0,0,0,0,0,0,0,0,0,0,0,0,,,,0,0,0,0,0,0,0,,0,0,0,0,,0,0
00-0022714,K.Wilson,Kris Wilson,TE,TE,"https://static.www.nfl.com/image/private/f_auto,q_auto/league/pual04d0qoeggccnv0wp",2007,REG,KC,14,0,0,0,0,0,0,0,0,0,0,0,0,,,0,,3,7,0,0,0,1,-0.542047399154399,0,24,0,180,1,2,1,0,120,8,4.44896429026267,0,0,,0,,0,3,0,0,0,0,0,0,0,0,0,0,0,0,0,0,0,0,0,0,0,0,3,30,0,0,0,0,0,0,0,0,,,0,0,0,0,0,0,0,0,0,0,0,0,,,,0,0,0,0,0,0,0,,0,0,0,0,,22.7,46.7
00-0022723,S.Phillips,Shaun Phillips,OLB,LB,"https://static.www.nfl.com/image/private/f_auto,q_auto/league/aguvvcf0biqnti7k37ei",2007,REG+POST,LAC,18,0,0,0,0,0,0,0,0,0,0,0,0,,,0,,0,0,0,0,0,0,,0,0,0,0,0,0,0,0,0,0,,0,,,0,,0,48,21,19,0,0,3,8.5,56.5,11,2,36,6,1,0,0,0,0,0,1,1,0,4,23,0,0,0,0,0,0,0,0,,,0,0,0,0,0,0,0,0,0,0,0,0,,,,0,0,0,0,0,0,0,,0,0,0,0,,0,0
00-0022724,S.McHugh,Sean McHugh,TE,TE,"https://static.www.nfl.com/image/private/f_auto,q_auto/league/s1wivn6syxal2s150uzc",2007,REG,DET,12,0,0,0,0,0,0,0,0,0,0,0,0,,,0,,0,0,0,0,0,0,,0,17,0,252,0,0,0,0,147,13,16.9797958667041,0,0,,0,,0,1,0,0,0,0,0,0,0,0,0,0,0,0,0,0,0,0,0,0,0,0,2,10,0,0,0,0,0,0,0,0,,,0,0,0,0,0,0,0,0,0,0,0,0,,,,0,0,0,0,0,0,0,,0,0,0,0,,25.2,42.2
00-0022725,M.Clayton,Michael Clayton,WR,WR,"https://static.www.nfl.com/image/private/f_auto,q_auto/league/lvkowxltqzop95dpx7bx",2007,REG+POST,TB,13,0,0,0,0,0,0,0,0,0,0,0,0,,,0,,5,22,0,0,0,2,0.16300146112917,0,25,0,340,0,1,0,0,153,16,26.526433714651,0,0,0,0,0,0,0,0,0,0,0,0,0,0,0,0,0,0,0,0,0,0,0,0,0,0,0,0,0,0,0,8,172,0,0,0,0,,,0,0,0,0,0,0,0,0,0,0,0,0,,,,0,0,0,0,0,0,0,,0,0,0,0,,36.2,61.2
00-0022726,K.Colbert,Keary Colbert,WR,WR,"https://static.www.nfl.com/image/private/f_auto,q_auto/league/rzd36ftrofr9t3qlwkvy",2007,REG,CAR,12,0,0,0,0,0,0,0,0,0,0,0,0,,,0,,0,0,0,0,0,0,,0,32,0,332,0,1,0,0,101,16,23.2939600738464,0,0,0,0,0,0,3,0,0,0,0,0,0,0,0,0,0,0,0,0,0,0,0,0,0,0,0,2,20,0,0,0,0,0,0,0,0,,,0,0,0,0,0,0,0,0,0,0,0,0,,,,0,0,0,0,0,0,0,,0,0,0,0,,33.2,65.2
00-0022727,A.Maddox,Anthony Maddox,DT,DL,"https://static.www.nfl.com/image/private/f_auto,q_auto/league/vwcvwwspy5ao1mbdq4pz",2007,REG,HOU,9,0,0,0,0,0,0,0,0,0,0,0,0,,,0,,0,0,0,0,0,0,,0,0,0,0,0,0,0,0,0,0,,0,,0,0,0,0,11,4,1,0,0,0,2,14,2,0,0,1,0,0,0,0,0,0,0,0,0,2,18,0,0,0,0,0,0,0,0,,,0,0,0,0,0,0,0,0,0,0,0,0,,,,0,0,0,0,0,0,0,,0,0,0,0,,0,0
00-0022728,K.Chambers,Kirk Chambers,OT,OL,"https://static.www.nfl.com/image/private/f_auto,q_auto/league/ohgxg5bi7psctgpj4xz2",2007,REG,BUF,2,0,0,0,0,0,0,0,0,0,0,0,0,,,0,,0,0,0,0,0,0,,0,0,0,0,0,0,0,0,0,0,,0,,0,0,0,0,0,0,0,0,0,0,0,0,0,0,0,0,0,0,0,0,0,0,0,0,0,1,5,0,0,1,6,0,0,0,0,,,0,0,0,0,0,0,0,0,0,0,0,0,,,,0,0,0,0,0,0,0,,0,0,0,0,,0,0
00-0022730,D.McClover,Darrell McClover,LB,LB,"https://static.www.nfl.com/image/private/f_auto,q_auto/league/appc8ezpup4rcdgjkmao",2007,REG,CHI,3,0,0,0,0,0,0,0,0,0,0,0,0,,,0,,0,0,0,0,0,0,,0,0,0,0,0,0,0,0,0,0,,0,,,0,,0,3,0,0,0,0,0,0,0,0,0,0,0,0,0,0,0,0,0,0,0,0,0,0,0,0,0,0,0,0,0,0,,,0,0,0,0,0,0,0,0,0,0,0,0,,,,0,0,0,0,0,0,0,,0,0,0,0,,0,0
00-0022735,D.Robinson,Dunta Robinson,CB,DB,"https://static.www.nfl.com/image/private/f_auto,q_auto/league/bh9ixckmlkifgebzefui",2007,REG,HOU,9,0,0,0,0,0,0,0,0,0,0,0,0,,,0,,0,0,0,0,0,0,,0,0,0,0,0,0,0,0,0,0,,0,,0,0,0,0,28,1,5,0,0,0,0,0,0,2,6,7,0,0,0,0,0,0,0,0,0,1,20,0,0,0,0,0,0,0,0,,,0,0,0,0,0,0,0,0,0,0,0,0,,,,0,0,0,0,0,0,0,,0,0,0,0,,0,0
00-0022736,S.Jackson,Steven Jackson,RB,RB,"https://static.www.nfl.com/image/private/f_auto,q_auto/league/abl5wejuf448xw3jtphm",2007,REG,LA,12,1,1,2,1,0,0,0,0,0,2,0,1,1.25259287009249,48.627519607544,0,1,237,1002,5,3,2,37,-24.2952086196146,0,38,0,271,1,2,0,0,261,12,10.835739473559,0,0,,0,,0,1,0,0,0,0,0,0,0,0,0,0,0,0,0,0,0,2,2,0,0,0,0,0,0,0,0,0,0,0,0,0,,,0,0,0,0,0,0,0,0,0,0,0,0,,,,0,0,0,0,0,0,0,,0,0,0,0,,163.38,201.38
00-0022737,N.Kaeding,Nate Kaeding,K,SPEC,"https://static.www.nfl.com/image/private/f_auto,q_auto/league/ttgtl72emedkqtr7jfop",2007,REG+POST,LAC,19,0,0,0,0,0,0,0,0,0,0,0,0,,,0,,0,0,0,0,0,0,,0,0,0,0,0,0,0,0,0,0,,0,,,0,,0,1,0,0,0,0,0,0,0,0,0,0,0,0,0,0,0,0,0,0,0,0,0,0,0,0,0,0,29,34,4,1,51,0.852941176470588,0,15,5,8,1,0,0,0,0,3,1,0,44;24;51;38;26;45;36;33;23;27;46;41;41;25;20;22;22;45;40;23;29;36;31;24;20;26;23;40;24,50;45;45;48,33,925,188,33,52,52,0,0,1,0,0,0,0,,0,0
00-0022738,C.Cooley,Chris Cooley,TE,TE,"https://static.www.nfl.com/image/private/f_auto,q_auto/league/fvuuyskqr5koylr0ebcc",2007,REG+POST,WAS,17,0,0,0,0,0,0,0,0,0,0,0,0,,,0,,0,0,0,0,0,0,,0,71,0,832,8,1,0,0,293,49,85.7169487736364,1,0,,0,,0,1,0,0,0,0,0,0,0,0,0,0,0,0,0,0,0,2,2,0,0,0,2,10,0,0,0,0,0,0,0,0,,,0,0,0,0,0,0,0,0,0,0,0,0,,,,0,0,0,0,0,0,0,,0,0,0,0,,133.2,204.2
00-0022739,D.Darling,Devard Darling,WR,WR,"https://static.www.nfl.com/image/private/f_auto,q_auto/league/mclnv8pgxvkcobazg6lf",2007,REG,BAL,11,0,0,0,0,0,0,0,0,0,0,0,0,,,0,,0,0,0,0,0,0,,0,18,0,326,3,0,0,0,76,16,32.1498266379295,0,0,,0,,0,3,0,0,0,0,0,0,0,0,0,0,0,0,0,0,0,0,0,1,1,0,3,34,0,0,0,0,0,0,0,0,,,0,0,0,0,0,0,0,0,0,0,0,0,,,,0,0,0,0,0,0,0,,0,0,0,0,,50.6,68.6
00-0022740,J.Allen,Jared Allen,DE,DL,"https://static.www.nfl.com/image/private/f_auto,q_auto/league/kvicq39281koeupyxqvz",2007,REG,KC,14,0,0,0,0,0,0,0,0,0,0,0,0,,,0,,0,0,0,0,0,0,,0,2,0,3,2,0,0,0,0,2,3.10036219135509,0,0,,0,,0,41,14,9,0,0,3,15.5,111,23,0,0,10,0,0,0,0,0,0,0,0,0,3,14,0,0,0,0,0,0,0,0,,,0,0,0,0,0,0,0,0,0,0,0,0,,,,0,0,0,0,0,0,0,,0,0,0,0,,12.3,14.3
00-0022742,V.Hutchins,Von Hutchins,DB,DB,"https://static.www.nfl.com/image/private/f_auto,q_auto/league/g5kiajlvlhcux9nsuzw0",2007,REG,HOU,16,0,0,0,0,0,0,0,0,0,0,0,0,,,0,,0,0,0,0,0,0,,0,0,0,0,0,0,0,0,0,0,,0,,0,0,0,0,60,17,16,0,0,0,0.5,2.5,1,1,8,6,0,0,0,0,0,0,0,0,0,0,0,0,0,0,0,0,0,0,0,,,0,0,0,0,0,0,0,0,0,0,0,0,,,,0,0,0,0,0,0,0,,0,0,0,0,,0,0
00-0022744,J.Sorgi,Jim Sorgi,QB,QB,"https://static.www.nfl.com/image/private/f_auto,q_auto/league/c2hmwoyznphqbttskycf",2007,REG,IND,4,18,36,132,1,0,2,-15,0,0,179,76,7,-11.188083142566,-17.1221365247454,0,0.737430167597765,6,-4,0,0,0,1,-1.87145073327702,0,0,0,0,0,0,0,0,0,0,,0,,,0,,0,0,0,0,0,0,0,0,0,0,0,0,0,0,0,0,0,0,0,0,0,0,0,0,0,0,0,0,0,0,0,0,,,0,0,0,0,0,0,0,0,0,0,0,0,,,,0,0,0,0,0,0,0,,0,0,0,0,,8.88,8.88
00-0022746,J.Dugan,Jeff Dugan,TE,TE,"https://static.www.nfl.com/image/private/f_auto,q_auto/league/dqgzerotqaoeejanvvzd",2007,REG,MIN,10,0,0,0,0,0,0,0,0,0,0,0,0,,,0,,2,7,0,0,0,2,1.11361979879439,0,7,0,57,0,1,1,0,45,2,-2.79412261745892,0,0,,0,,0,1,1,2,0,0,0,0,0,0,0,0,0,0,0,0,0,0,0,0,0,0,2,15,0,0,1,18,0,0,0,0,,,0,0,0,0,0,0,0,0,0,0,0,0,,,,0,0,0,0,0,0,0,,0,0,0,0,,4.4,11.4
00-0022750,D.Edwards,Dwan Edwards,DT,DL,"https://static.www.nfl.com/image/private/f_auto,q_auto/league/vtar8sgktvvrutgkcntt",2007,REG,BAL,14,0,0,0,0,0,0,0,0,0,0,0,0,,,0,,0,0,0,0,0,0,,0,0,0,0,0,0,0,0,0,0,,0,,,0,,0,24,6,11,0,0,0,1,8,2,1,1,2,0,0,0,0,0,0,0,0,0,0,0,0,0,0,0,0,0,0,0,,,0,0,0,0,0,0,0,0,0,0,0,0,,,,0,0,0,0,0,0,0,,0,0,0,0,,0,0
00-0022753,A.Hargrove,Anthony Hargrove,DE,DL,"https://static.www.nfl.com/image/private/f_auto,q_auto/league/pbmhrzsdp1arbzhfszmq",2007,REG,BUF,11,0,0,0,0,0,0,0,0,0,0,0,0,,,0,,0,0,0,0,0,0,,0,0,0,0,0,0,0,0,0,0,,0,,0,0,0,0,14,4,10,0,0,0,1.5,5,7,0,0,0,0,0,0,0,0,0,0,0,0,1,5,0,0,0,0,0,0,0,0,,,0,0,0,0,0,0,0,0,0,0,0,0,,,,0,0,0,0,0,0,0,,0,0,0,0,,0,0
00-0022754,S.Parker,Samie Parker,WR,WR,"https://static.www.nfl.com/image/private/f_auto,q_auto/league/pa5qjbe4xxtck20ahrvr",2007,REG,KC,14,0,0,0,0,0,0,0,0,0,0,0,0,,,0,,1,2,0,0,0,0,-0.231666204286739,0,24,0,298,2,0,0,0,86,14,27.6004416362266,0,0,,0,,0,3,0,0,0,0,0,0,0,0,0,0,0,0,0,0,0,1,1,0,0,0,0,0,0,0,0,0,0,0,0,0,,,0,0,0,0,0,0,0,0,0,0,0,0,,,,0,0,0,0,0,0,0,,0,0,0,0,,42,66
00-0022755,J.Scott,Jake Scott,G,OL,"https://static.www.nfl.com/image/private/f_auto,q_auto/league/yytxe891mmyqb932bmab",2007,REG,IND,7,0,0,0,0,0,0,0,0,0,0,0,0,,,0,,0,0,0,0,0,0,,0,0,0,0,0,0,0,0,0,0,,0,,,0,,0,1,1,0,0,0,0,0,0,0,0,0,0,0,0,0,0,0,0,0,0,0,5,30,0,0,0,0,0,0,0,0,,,0,0,0,0,0,0,0,0,0,0,0,0,,,,0,0,0,0,0,0,0,,0,0,0,0,,0,0
00-0022757,J.Shoate,Jeff Shoate,DB,DB,"https://static.www.nfl.com/image/private/f_auto,q_auto/league/hremwo6ulgz4y76oo7cy",2007,REG,DEN,4,0,0,0,0,0,0,0,0,0,0,0,0,,,0,,0,0,0,0,0,0,,0,0,0,0,0,0,0,0,0,0,,0,,,0,,0,5,1,2,0,0,0,0,0,1,0,0,0,0,0,0,0,0,0,0,0,0,2,20,0,0,0,0,0,0,0,0,,,0,0,0,0,0,0,0,0,0,0,0,0,,,,0,0,0,0,0,0,0,,0,0,0,0,,0,0
00-0022759,R.Krause,Ryan Krause,TE,TE,"https://static.www.nfl.com/image/private/f_auto,q_auto/league/agqsddjzbzgckqgm9it2",2007,REG,GB,4,0,0,0,0,0,0,0,0,0,0,0,0,,,0,,0,0,0,0,0,0,,0,2,0,11,0,0,0,0,6,0,0.207788974279538,0,0,0,0,0,0,2,1,0,0,0,0,0,0,0,0,0,0,0,0,0,0,0,0,0,0,0,1,5,0,0,0,0,0,0,0,0,,,0,0,0,0,0,0,0,0,0,0,0,0,,,,0,0,0,0,0,0,0,,0,0,0,0,,1.1,3.1
00-0022763,D.Wynn,Dexter Wynn,DB,DB,"https://static.www.nfl.com/image/private/f_auto,q_auto/league/lnfofyq5zwuj3rlgz2va",2007,REG,HOU,7,0,0,0,0,0,0,0,0,0,0,0,0,,,0,,0,0,0,0,0,0,,0,0,0,0,0,0,0,0,0,0,,0,,0,0,0,0,2,3,1,0,0,0,0,0,0,0,0,4,0,0,0,0,0,0,0,0,0,0,0,2,1,22,523,0,0,0,0,,,0,0,0,0,0,0,0,0,0,0,0,0,,,,0,0,0,0,0,0,0,,0,0,0,0,,0,0
00-0022764,C.Anderson,Charlie Anderson,LB,LB,"https://static.www.nfl.com/image/private/f_auto,q_auto/league/sdt92ppzzvg6pqcrksmp",2007,REG,HOU,10,0,0,0,0,0,0,0,0,0,0,0,0,,,0,,0,0,0,0,0,0,,0,0,0,0,0,0,0,0,0,0,,0,,0,0,0,0,15,4,12,0,0,0,2,17,3,0,0,1,0,0,0,0,0,0,1,1,0,1,10,0,0,0,0,0,0,0,0,,,0,0,0,0,0,0,0,0,0,0,0,0,,,,0,0,0,0,0,0,0,,0,0,0,0,,0,0
00-0022766,P.Crayton,Patrick Crayton,WR,WR,"https://static.www.nfl.com/image/private/f_auto,q_auto/league/yti9l84jb0ip9ysswdee",2007,REG+POST,DAL,16,0,0,0,0,0,0,0,0,0,0,0,0,,,0,,0,0,0,0,0,0,,0,53,0,724,7,1,1,0,292,35,59.3239696008005,0,0,,0,,0,3,0,0,0,0,0,0,0,0,0,0,0,0,2,0,0,2,2,0,0,0,0,0,24,209,3,26,0,0,0,0,,,0,0,0,0,0,0,0,0,0,0,0,0,,,,0,0,0,0,0,0,0,,0,0,0,0,,112.4,165.4
00-0022767,J.Reeves,Jacques Reeves,CB,DB,"https://static.www.nfl.com/image/private/f_auto,q_auto/league/o95df6i7jmhrzzg9r9uy",2007,REG+POST,DAL,17,0,0,0,0,0,0,0,0,0,0,0,0,,,0,,0,0,0,0,0,0,,0,0,0,0,0,0,0,0,0,0,,0,,,0,,0,52,4,8,0,0,1,0,0,0,1,18,12,0,0,0,0,0,0,0,0,0,4,39,0,0,0,0,0,0,0,0,,,0,0,0,0,0,0,0,0,0,0,0,0,,,,0,0,0,0,0,0,0,,0,0,0,0,,0,0
00-0022770,D.Ward,Derrick Ward,RB,RB,"https://static.www.nfl.com/image/private/f_auto,q_auto/league/alp1lllkthvns8nnaul0",2007,REG,NYG,8,0,0,0,0,0,0,0,0,0,0,0,0,,,0,,125,602,3,2,1,28,5.77106031503555,0,26,0,179,1,0,0,0,182,7,5.34809827388796,0,0,0,0,0,0,2,0,0,0,0,0,0,0,0,0,0,0,0,0,0,0,0,0,0,0,0,0,0,0,0,0,0,0,0,0,0,,,0,0,0,0,0,0,0,0,0,0,0,0,,,,0,0,0,0,0,0,0,,0,0,0,0,,100.1,126.1
00-0022771,E.Amano,Eugene Amano,C,OL,"https://static.www.nfl.com/image/private/f_auto,q_auto/league/r4jvp114mb4e6t3kdyxj",2007,REG,TEN,2,0,0,0,0,0,0,0,0,0,0,0,0,,,0,,0,0,0,0,0,0,,0,0,0,0,0,0,0,0,0,0,,0,,,0,,0,0,0,0,0,0,0,0,0,0,0,0,0,0,0,0,0,1,1,0,0,0,3,20,0,0,0,0,0,0,0,0,,,0,0,0,0,0,0,0,0,0,0,0,0,,,,0,0,0,0,0,0,0,,0,0,0,0,,0,0
00-0022777,S.Taylor,Sean Taylor,FS,DB,"https://static.www.nfl.com/image/private/f_auto,q_auto/league/wkyfthrudxmwnj3gmp9s",2007,REG,WAS,9,0,0,0,0,0,0,0,0,0,0,0,0,,,0,,0,0,0,0,0,0,,0,0,0,0,0,0,0,0,0,0,,0,,,0,,0,27,5,10,0,0,1,0,0,1,5,98,9,0,1,0,24,0,0,0,0,0,2,26,0,0,0,0,0,0,0,0,,,0,0,0,0,0,0,0,0,0,0,0,0,,,,0,0,0,0,0,0,0,,0,0,0,0,,0,0
00-0022778,J.Vilma,Jonathan Vilma,OLB,LB,"https://static.www.nfl.com/image/private/f_auto,q_auto/league/kotc7yfsezsbomyxwmvm",2007,REG,NYJ,7,0,0,0,0,0,0,0,0,0,0,0,0,,,0,,0,0,0,0,0,0,,0,0,0,0,0,0,0,0,0,0,,0,,,0,,0,17,15,11,0,0,1,0,0,1,1,1,3,0,0,0,0,0,0,0,0,0,2,15,0,0,0,0,0,0,0,0,,,0,0,0,0,0,0,0,0,0,0,0,0,,,,0,0,0,0,0,0,0,,0,0,0,0,,0,0
00-0022779,S.Andrews,Shawn Andrews,OT,OL,"https://static.www.nfl.com/image/private/f_auto,q_auto/league/i4veeq55ewdfcm0uikix",2007,REG,PHI,4,0,0,0,0,0,0,0,0,0,0,0,0,,,0,,0,0,0,0,0,0,,0,0,0,0,0,0,0,0,0,0,,0,,0,0,0,0,1,0,0,0,0,0,0,0,0,0,0,0,0,0,0,0,1,1,0,0,0,2,20,0,0,0,0,0,0,0,0,,,0,0,0,0,0,0,0,0,0,0,0,0,,,,0,0,0,0,0,0,0,,0,0,0,0,,0,0
00-0022780,D.Williams,D.J. Williams,MLB,LB,"https://static.www.nfl.com/image/private/f_auto,q_auto/league/m42631sslqwzpr9cyk8i",2007,REG,DEN,16,0,0,0,0,0,0,0,0,0,0,0,0,,,0,,0,0,0,0,0,0,,0,0,0,0,0,0,0,0,0,0,,0,,,0,,0,93,13,35,0,0,2,1,14,1,1,0,5,0,0,0,0,0,0,2,2,0,1,5,0,0,0,0,0,0,0,0,,,0,0,0,0,0,0,0,0,0,0,0,0,,,,0,0,0,0,0,0,0,,0,0,0,0,,0,0
00-0022781,M.Jenkins,Michael Jenkins,WR,WR,"https://static.www.nfl.com/image/private/f_auto,q_auto/league/q8uleahujo4vd9mmppjg",2007,REG,ATL,15,0,0,0,0,0,0,0,0,0,0,0,0,,,0,,0,0,0,0,0,0,,0,53,0,532,4,0,0,0,186,31,45.5151984092954,0,0,0,0,0,0,1,0,1,0,0,0,0,0,0,0,0,0,0,0,0,0,0,0,0,0,0,2,14,0,0,0,0,0,0,0,0,,,0,0,0,0,0,0,0,0,0,0,0,0,,,,0,0,0,0,0,0,0,,0,0,0,0,,77.2,130.2
00-0022782,K.Jones,Kevin Jones,RB,RB,"https://static.www.nfl.com/image/private/f_auto,q_auto/league/eezt2ogmbfsw2ojd7t5q",2007,REG,DET,13,0,0,0,0,0,0,0,0,0,0,0,0,,,0,,153,581,8,2,1,37,-13.3238093148875,0,33,0,197,0,0,0,0,193,6,4.70228304122459,0,0,,0,,0,2,0,0,0,0,0,0,0,0,0,0,0,0,0,0,0,1,1,0,0,0,0,0,0,0,0,0,0,0,0,0,,,0,0,0,0,0,0,0,0,0,0,0,0,,,,0,0,0,0,0,0,0,,0,0,0,0,,123.8,156.8
00-0022783,T.Lehman,Teddy Lehman,LB,LB,"https://static.www.nfl.com/image/private/f_auto,q_auto/league/xm1b8edv4onekhj6ikrc",2007,REG,DET,12,0,0,0,0,0,0,0,0,0,0,0,0,,,0,,0,0,0,0,0,0,,0,0,0,0,0,0,0,0,0,0,,0,,,0,,0,13,4,10,0,0,1,0,0,0,0,0,0,0,0,0,0,0,0,0,0,0,0,0,0,0,0,0,0,0,0,0,,,0,0,0,0,0,0,0,0,0,0,0,0,,,,0,0,0,0,0,0,0,,0,0,0,0,,0,0
00-0022784,M.Boulware,Michael Boulware,DB,DB,"https://static.www.nfl.com/image/private/f_auto,q_auto/league/a3r6qsn7lds9mk1yniyp",2007,REG,HOU,11,0,0,0,0,0,0,0,0,0,0,0,0,,,0,,0,0,0,0,0,0,,0,0,0,0,0,0,0,0,0,0,,0,,0,0,0,0,4,3,4,0,0,0,0,0,0,0,0,2,0,0,0,0,0,0,0,0,0,4,31,0,0,0,6,0,0,0,0,,,0,0,0,0,0,0,0,0,0,0,0,0,,,,0,0,0,0,0,0,0,,0,0,0,0,,0,0
00-0022785,M.Starks,Max Starks,OT,OL,"https://static.www.nfl.com/image/private/f_auto,q_auto/league/wbfrrxxynxfkqvqu9cvd",2007,REG,PIT,1,0,0,0,0,0,0,0,0,0,0,0,0,,,0,,0,0,0,0,0,0,,0,0,0,0,0,0,0,0,0,0,,0,,,0,,0,0,0,0,0,0,0,0,0,0,0,0,0,0,0,0,0,0,0,0,0,0,1,10,0,0,0,0,0,0,0,0,,,0,0,0,0,0,0,0,0,0,0,0,0,,,,0,0,0,0,0,0,0,,0,0,0,0,,0,0
00-0022786,M.Ware,Matt Ware,DB,DB,"https://static.www.nfl.com/image/private/f_auto,q_auto/league/i260wiw936btuo64q8e7",2007,REG,ARI,7,0,0,0,0,0,0,0,0,0,0,0,0,,,0,,0,0,0,0,0,0,,0,0,0,0,0,0,0,0,0,0,,0,,,0,,0,10,2,1,0,0,0,0,0,0,0,0,0,0,0,0,0,0,0,0,0,0,0,0,0,0,0,0,0,0,0,0,,,0,0,0,0,0,0,0,0,0,0,0,0,,,,0,0,0,0,0,0,0,,0,0,0,0,,0,0
00-0022787,M.Schaub,Matt Schaub,QB,QB,"https://static.www.nfl.com/image/private/f_auto,q_auto/league/mj2kh2nddxnw04ludcx0",2007,REG,HOU,11,192,289,2241,9,9,16,-126,6,3,2348,760,99,8.46649312594347,5.78631844533526,0,0.95442930153322,17,52,0,1,0,5,1.85166498670304,0,0,0,0,0,0,0,0,0,0,,0,,0,0,0,0,0,0,0,0,0,0,0,0,0,0,0,0,0,0,0,0,2,3,0,0,0,3,33,0,0,0,0,0,0,0,0,,,0,0,0,0,0,0,0,0,0,0,0,0,,,,0,0,0,0,0,0,0,,0,0,0,0,,106.84,106.84
00-0022788,A.Stepanovich,Alex Stepanovich,C,OL,"https://static.www.nfl.com/image/private/f_auto,q_auto/league/vfem9ts4y3to6ccyx63g",2007,REG,CIN,1,0,0,0,0,0,0,0,0,0,0,0,0,,,0,,0,0,0,0,0,0,,0,0,0,0,0,0,0,0,0,0,,0,,,0,,0,0,0,0,0,0,0,0,0,0,0,0,0,0,0,0,0,0,1,0,0,0,1,5,0,0,0,0,0,0,0,0,,,0,0,0,0,0,0,0,0,0,0,0,0,,,,0,0,0,0,0,0,0,,0,0,0,0,,0,0
00-0022790,J.David,Jason David,DB,DB,"https://static.www.nfl.com/image/private/f_auto,q_auto/league/ahgfedscru3au4udlh7p",2007,REG,NO,13,0,0,0,0,0,0,0,0,0,0,0,0,,,0,,0,0,0,0,0,0,,0,0,0,0,0,0,0,0,0,0,,0,,0,0,0,0,39,7,4,0,0,1,0,0,0,3,21,11,0,0,0,0,0,0,1,1,1,3,61,0,0,0,0,0,0,0,0,,,0,0,0,0,0,0,0,0,0,0,0,0,,,,0,0,0,0,0,0,0,,0,0,0,0,,0,0
00-0022791,J.Reed,J.R. Reed,DB,DB,"https://static.www.nfl.com/image/private/f_auto,q_auto/league/uqtbst10ftl34czpons1",2007,REG,PHI,15,0,0,0,0,0,0,0,0,0,0,0,0,,,0,,0,0,0,0,0,0,,0,0,0,0,0,0,0,0,0,0,,0,,0,0,0,0,22,4,5,0,0,0,0,0,0,0,0,3,0,1,0,0,0,0,0,0,0,2,15,2,8,31,701,0,0,0,0,,,0,0,0,0,0,0,0,0,0,0,0,0,,,,0,0,0,0,0,0,0,,0,0,0,0,,0,0
00-0022793,A.Smith,Antonio Smith,DE,DL,"https://static.www.nfl.com/image/private/f_auto,q_auto/league/vn71m9jwu5uxmfllobfb",2007,REG,ARI,16,0,0,0,0,0,0,0,0,0,0,0,0,,,0,,0,0,0,0,0,0,,0,0,0,0,0,0,0,0,0,0,,0,,,0,,0,35,3,6,0,0,1,6.5,46,11,0,0,0,0,0,0,0,0,0,3,3,0,4,36,0,0,0,0,0,0,0,0,,,0,0,0,0,0,0,0,0,0,0,0,0,,,,0,0,0,0,0,0,0,,0,0,0,0,,0,0
00-0022796,M.Karney,Mike Karney,FB,RB,"https://static.www.nfl.com/image/private/f_auto,q_auto/league/a7tbw5gaulltswknyx3r",2007,REG,NO,15,0,0,0,0,0,0,0,0,0,0,0,0,,,0,,11,17,2,0,0,4,-1.12050329660997,0,13,0,78,0,0,0,0,64,3,3.246644808969,0,0,0,0,0,0,0,0,0,0,0,0,0,0,0,0,0,0,0,0,0,0,0,0,0,0,0,3,20,0,0,0,0,0,0,0,0,,,0,0,0,0,0,0,0,0,0,0,0,0,,,,0,0,0,0,0,0,0,,0,0,0,0,,21.5,34.5
00-0022797,T.Tapeh,Thomas Tapeh,RB,RB,"https://static.www.nfl.com/image/private/f_auto,q_auto/league/le4dcb55qz2e6ipskhvd",2007,REG,PHI,8,0,0,0,0,0,0,0,0,0,0,0,0,,,0,,5,18,0,0,0,3,-0.314926186401863,0,8,0,50,0,0,0,0,50,1,1.22396435532718,0,0,0,0,0,0,2,0,0,0,0,0,0,0,0,0,0,0,0,0,0,0,0,0,0,0,0,0,0,0,0,0,0,0,0,0,0,,,0,0,0,0,0,0,0,0,0,0,0,0,,,,0,0,0,0,0,0,0,,0,0,0,0,,6.8,14.8
00-0022803,E.Manning,Eli Manning,QB,QB,"https://static.www.nfl.com/image/private/f_auto,q_auto/league/w51tf8uedjftbr4qpaex",2007,REG+POST,NYG,20,369,647,4193,29,21,36,-264,10,6,5768,1585,211,-20.8297111318089,-3.49731488558772,0,0.726941747572815,38,79,1,5,1,16,-7.08014955202816,0,0,0,0,0,0,0,0,0,0,,0,,0,0,0,0,2,0,0,0,0,0,0,0,0,0,0,0,0,0,0,0,5,10,0,0,0,5,32,0,0,0,0,0,0,0,0,,,0,0,0,0,0,0,0,0,0,0,0,0,,,,0,0,0,0,0,0,0,,0,0,0,0,,241.62,241.62
00-0022804,N.Hardwick,Nick Hardwick,C,OL,"https://static.www.nfl.com/image/private/f_auto,q_auto/league/bhdcxiymvua9uhdmo55t",2007,REG,LAC,2,0,0,0,0,0,0,0,0,0,0,0,0,,,0,,0,0,0,0,0,0,,0,0,0,0,0,0,0,0,0,0,,0,,,0,,0,0,0,0,0,0,0,0,0,0,0,0,0,0,0,0,0,0,0,0,0,0,2,25,0,0,0,0,0,0,0,0,,,0,0,0,0,0,0,0,0,0,0,0,0,,,,0,0,0,0,0,0,0,,0,0,0,0,,0,0
00-0022805,R.Starks,Randy Starks,DE,DL,"https://static.www.nfl.com/image/private/f_auto,q_auto/league/mekra7yuqg2uwoqj0vpx",2007,REG+POST,TEN,10,0,0,0,0,0,0,0,0,0,0,0,0,,,0,,0,0,0,0,0,0,,0,0,0,0,0,0,0,0,0,0,,0,,,0,,0,6,5,5,0,0,0,0,0,2,0,0,1,0,0,0,0,0,0,1,1,0,2,15,0,0,0,0,0,0,0,0,,,0,0,0,0,0,0,0,0,0,0,0,0,,,,0,0,0,0,0,0,0,,0,0,0,0,,0,0
00-0022806,T.Anderson,Tim Anderson,DT,DL,"https://static.www.nfl.com/image/private/f_auto,q_auto/league/yij1ruwtx3omzdoliov7",2007,REG,ATL,7,0,0,0,0,0,0,0,0,0,0,0,0,,,0,,0,0,0,0,0,0,,0,0,0,0,0,0,0,0,0,0,,0,,0,0,0,0,3,3,2,0,0,0,0,0,0,0,0,0,0,0,0,0,0,0,0,0,0,1,5,0,0,0,0,0,0,0,0,,,0,0,0,0,0,0,0,0,0,0,0,0,,,,0,0,0,0,0,0,0,,0,0,0,0,,0,0
00-0022807,B.Berrian,Bernard Berrian,WR,WR,"https://static.www.nfl.com/image/private/f_auto,q_auto/league/po856tj2o11fbfjjafpa",2007,REG,CHI,16,0,0,0,0,0,0,0,0,0,0,0,0,,,0,,1,3,0,0,0,0,-0.145614337932784,0,70,0,948,5,1,1,0,272,47,78.3320895426762,0,0,,0,,0,4,0,0,0,0,0,0,0,0,0,0,0,0,0,0,0,0,0,0,0,0,1,5,0,0,0,0,0,0,0,0,,,0,0,0,0,0,0,0,0,0,0,0,0,,,,0,0,0,0,0,0,0,,0,0,0,0,,123.1,193.1
00-0022808,S.Peterman,Stephen Peterman,G,OL,"https://static.www.nfl.com/image/private/f_auto,q_auto/league/cyzkx5yc50hp5ifyvlrx",2007,REG,DET,6,0,0,0,0,0,0,0,0,0,0,0,0,,,0,,0,0,0,0,0,0,,0,0,0,0,0,0,0,0,0,0,,0,,,0,,0,1,0,0,0,0,0,0,0,0,0,0,0,0,0,0,0,0,0,0,0,0,5,30,0,0,0,0,0,0,0,0,,,0,0,0,0,0,0,0,0,0,0,0,0,,,,0,0,0,0,0,0,0,,0,0,0,0,,0,0
00-0022810,R.Torbor,Reggie Torbor,DE,DL,"https://static.www.nfl.com/image/private/f_auto,q_auto/league/uoi8ytyzete8emceptch",2007,REG+POST,NYG,15,0,0,0,0,0,0,0,0,0,0,0,0,,,0,,0,0,0,0,0,0,,0,0,0,0,0,0,0,0,0,0,,0,,0,0,0,0,28,6,16,0,0,0,2,15,4,0,0,1,0,0,0,0,0,0,0,0,0,2,12,0,0,0,0,0,0,0,0,,,0,0,0,0,0,0,0,0,0,0,0,0,,,,0,0,0,0,0,0,0,,0,0,0,0,,0,0
00-0022811,J.Cotchery,Jerricho Cotchery,WR,WR,"https://static.www.nfl.com/image/private/f_auto,q_auto/league/hkq2dmfj7mbgbuejiloy",2007,REG,NYJ,15,0,0,0,0,0,0,0,0,0,0,0,0,,,0,,5,38,0,0,0,3,1.881320070941,0,82,0,1129,2,1,1,0,417,51,80.2643884951447,0,0,,0,,0,1,0,0,0,0,0,0,0,0,0,0,0,0,0,0,0,1,1,0,0,0,0,0,0,0,4,56,0,0,0,0,,,0,0,0,0,0,0,0,0,0,0,0,0,,,,0,0,0,0,0,0,0,,0,0,0,0,,126.7,208.7
00-0022815,G.Wilson,Gibril Wilson,DB,DB,"https://static.www.nfl.com/image/private/f_auto,q_auto/league/xjnhflvvhhqs1cw1kkiv",2007,REG+POST,NYG,17,0,0,0,0,0,0,0,0,0,0,0,0,,,0,,0,0,0,0,0,0,,0,0,0,0,0,0,0,0,0,0,,0,,0,0,0,0,69,24,26,0,0,0,0,0,1,4,12,10,0,1,0,0,0,0,1,1,0,2,30,0,0,0,0,0,0,0,0,,,0,0,0,0,0,0,0,0,0,0,0,0,,,,0,0,0,0,0,0,0,,0,0,0,0,,0,0
00-0022816,A.Lewis,Alex Lewis,OLB,LB,"https://static.www.nfl.com/image/private/f_auto,q_auto/league/gop4qawuotp5wkegvadh",2007,REG,DET,12,0,0,0,0,0,0,0,0,0,0,0,0,,,0,,0,0,0,0,0,0,,0,0,0,0,0,0,0,0,0,0,,0,,,0,,0,19,5,5,0,0,1,0,0,0,0,0,0,0,0,0,0,0,0,1,1,0,0,0,0,0,0,0,0,0,0,0,,,0,0,0,0,0,0,0,0,0,0,0,0,,,,0,0,0,0,0,0,0,,0,0,0,0,,0,0
00-0022817,S.Ryan,Sean Ryan,TE,TE,"https://static.www.nfl.com/image/private/f_auto,q_auto/league/rbl4ekrxrwzvcm4z0oub",2007,REG,NYJ,2,0,0,0,0,0,0,0,0,0,0,0,0,,,0,,0,0,0,0,0,0,,0,3,0,46,0,0,0,0,8,2,2.62131641176529,0,0,,0,,0,0,0,0,0,0,0,0,0,0,0,0,0,0,0,0,0,0,0,0,0,0,0,0,0,0,1,18,0,0,0,0,,,0,0,0,0,0,0,0,0,0,0,0,0,,,,0,0,0,0,0,0,0,,0,0,0,0,,4.6,7.6
00-0022820,R.Green,Roderick Green,LB,LB,"https://static.www.nfl.com/image/private/f_auto,q_auto/league/io9jxg2g9loipwgsapbm",2007,REG,SF,5,0,0,0,0,0,0,0,0,0,0,0,0,,,0,,0,0,0,0,0,0,,0,0,0,0,0,0,0,0,0,0,,0,,0,0,0,0,4,0,0,0,0,0,2,24,2,0,0,0,0,0,0,0,0,0,0,0,0,1,5,0,0,0,0,0,0,0,0,,,0,0,0,0,0,0,0,0,0,0,0,0,,,,0,0,0,0,0,0,0,,0,0,0,0,,0,0
00-0022821,M.Turner,Michael Turner,RB,RB,"https://static.www.nfl.com/image/private/f_auto,q_auto/league/mdaldbfqcpsnwhilwldj",2007,REG+POST,LAC,17,0,0,0,0,0,0,0,0,0,0,0,0,,,0,,114,480,1,1,1,19,-16.6617281685532,0,5,0,21,0,0,0,0,29,1,-0.888124208780937,0,0,,0,,0,1,1,1,0,0,0,0,0,0,0,0,0,0,0,0,0,0,0,0,0,0,0,0,0,0,6,139,0,0,0,0,,,0,0,0,0,0,0,0,0,0,0,0,0,,,,0,0,0,0,0,0,0,,0,0,0,0,,54.1,59.1
00-0022824,A.Lee,Andy Lee,P,SPEC,"https://static.www.nfl.com/image/private/f_auto,q_auto/league/bfozbs2h9jueavslvw3z",2007,REG,SF,16,0,0,0,0,0,0,0,0,0,0,0,0,,,0,,0,0,0,0,0,0,,0,0,0,0,0,0,0,0,0,0,,0,,0,0,0,0,0,0,0,0,0,0,0,0,0,0,0,0,0,0,0,0,0,0,0,0,0,1,5,0,0,0,0,0,0,0,0,,,0,0,0,0,0,0,0,0,0,0,0,0,,,,0,0,0,0,0,0,0,,0,0,0,0,,0,0
00-0022828,N.Jones,Nate Jones,FS,DB,"https://static.www.nfl.com/image/private/f_auto,q_auto/league/dfsq1ghqcx7ogfdilr1l",2007,REG+POST,DAL,13,0,0,0,0,0,0,0,0,0,0,0,0,,,0,,0,0,0,0,0,0,,0,0,0,0,0,0,0,0,0,0,,0,,,0,,0,18,2,5,0,0,1,1,2,5,0,0,0,0,0,0,0,0,0,0,0,0,1,5,0,0,7,143,0,0,0,0,,,0,0,0,0,0,0,0,0,0,0,0,0,,,,0,0,0,0,0,0,0,,0,0,0,0,,0,0
00-0022832,S.Wells,Scott Wells,C,OL,"https://static.www.nfl.com/image/private/f_auto,q_auto/league/vkftla4zdxbjmm1e0raz",2007,REG+POST,GB,4,0,0,0,0,0,0,0,0,0,0,0,0,,,0,,0,0,0,0,0,0,,0,0,0,0,0,0,0,0,0,0,,0,,0,0,0,0,3,0,0,0,0,0,0,0,0,0,0,0,0,0,0,0,0,2,0,0,0,2,10,0,0,0,0,0,0,0,0,,,0,0,0,0,0,0,0,0,0,0,0,0,,,,0,0,0,0,0,0,0,,0,0,0,0,,0,0
00-0022836,R.Gallery,Robert Gallery,G,OL,"https://static.www.nfl.com/image/private/f_auto,q_auto/league/weypla9c2upv4z4zd8qd",2007,REG,LV,10,0,0,0,0,0,0,0,0,0,0,0,0,,,0,,0,0,0,0,0,0,,0,0,0,0,0,0,0,0,0,0,,0,,,0,,0,1,0,0,0,0,0,0,0,0,0,0,0,0,0,0,0,0,0,0,0,0,14,112,0,0,0,0,0,0,0,0,,,0,0,0,0,0,0,0,0,0,0,0,0,,,,0,0,0,0,0,0,0,,0,0,0,0,,0,0
00-0022837,T.Harris,Tommie Harris,DT,DL,"https://static.www.nfl.com/image/private/f_auto,q_auto/league/obj3tyixth1lsieyb2io",2007,REG,CHI,16,0,0,0,0,0,0,0,0,0,0,0,0,,,0,,0,0,0,0,0,0,,0,0,0,0,0,0,0,0,0,0,,0,,,0,,0,27,4,5,0,0,2,8,47,11,0,0,0,0,0,0,0,0,0,0,0,0,5,31,0,0,0,0,0,0,0,0,,,0,0,0,0,0,0,0,0,0,0,0,0,,,,0,0,0,0,0,0,0,,0,0,0,0,,0,0
00-0022838,C.Snee,Chris Snee,G,OL,"https://static.www.nfl.com/image/private/f_auto,q_auto/league/myu0xhcsqfg2oj8mfexx",2007,REG+POST,NYG,7,0,0,0,0,0,0,0,0,0,0,0,0,,,0,,0,0,0,0,0,0,,0,0,0,0,0,0,0,0,0,0,,0,,0,0,0,0,1,0,0,0,0,0,0,0,0,0,0,0,0,0,0,0,1,1,0,0,0,7,54,0,0,0,0,0,0,0,0,,,0,0,0,0,0,0,0,0,0,0,0,0,,,,0,0,0,0,0,0,0,,0,0,0,0,,0,0
00-0022839,D.Smith,Daryl Smith,OLB,LB,"https://static.www.nfl.com/image/private/f_auto,q_auto/league/qrl69rdv49j9txol2ncu",2007,REG+POST,JAX,17,0,0,0,0,0,0,0,0,0,0,0,0,,,0,,0,0,0,0,0,0,,0,0,0,0,0,0,0,0,0,0,,0,,,0,,0,51,14,26,0,0,0,1.5,10.5,3,0,0,4,0,0,0,0,0,0,2,2,1,0,0,0,0,0,0,0,0,0,0,,,0,0,0,0,0,0,0,0,0,0,0,0,,,,0,0,0,0,0,0,0,,0,0,0,0,,0,0
00-0022840,J.Jones,Julius Jones,RB,RB,"https://static.www.nfl.com/image/private/f_auto,q_auto/league/purzd7at8hb8bkvtmw34",2007,REG+POST,DAL,17,0,0,0,0,0,0,0,0,0,0,0,0,,,0,,169,592,2,0,0,26,-32.1196476631082,0,23,0,203,0,0,0,0,214,10,9.94385906733293,0,0,,0,,0,1,0,0,0,0,0,0,0,0,0,0,0,0,0,0,0,0,0,0,0,0,0,0,0,0,0,0,0,0,0,0,,,0,0,0,0,0,0,0,0,0,0,0,0,,,,0,0,0,0,0,0,0,,0,0,0,0,,91.5,114.5
00-0022841,J.Grove,Jake Grove,C,OL,"https://static.www.nfl.com/image/private/f_auto,q_auto/league/ibg9kltv0ognfpvz2axc",2007,REG,LV,1,0,0,0,0,0,0,0,0,0,0,0,0,,,0,,0,0,0,0,0,0,,0,0,0,0,0,0,0,0,0,0,,0,,,0,,0,0,0,0,0,0,0,0,0,0,0,0,0,0,0,0,0,1,1,0,0,0,2,15,0,0,0,0,0,0,0,0,,,0,0,0,0,0,0,0,0,0,0,0,0,,,,0,0,0,0,0,0,0,,0,0,0,0,,0,0
00-0022842,M.Williams,Madieu Williams,FS,DB,"https://static.www.nfl.com/image/private/f_auto,q_auto/league/wmfkqv3ztbgcsj2xutqg",2007,REG,CIN,13,0,0,0,0,0,0,0,0,0,0,0,0,,,0,,0,0,0,0,0,0,,0,0,0,0,0,0,0,0,0,0,,0,,,0,,0,52,6,16,0,0,1,2,4,2,2,40,7,0,0,0,0,0,0,1,1,0,6,49,0,0,0,0,0,0,0,0,,,0,0,0,0,0,0,0,0,0,0,0,0,,,,0,0,0,0,0,0,0,,0,0,0,0,,0,0
00-0022843,S.Spencer,Shawntae Spencer,CB,DB,"https://static.www.nfl.com/image/private/f_auto,q_auto/league/lyiorfxlen3zvbfemowg",2007,REG,SF,11,0,0,0,0,0,0,0,0,0,0,0,0,,,0,,0,0,0,0,0,0,,0,0,0,0,0,0,0,0,0,0,,0,,0,0,0,0,25,1,3,0,0,0,0,0,0,1,0,3,0,0,0,0,0,0,0,0,0,3,73,0,0,0,0,0,0,0,0,,,0,0,0,0,0,0,0,0,0,0,0,0,,,,0,0,0,0,0,0,0,,0,0,0,0,,0,0
00-0022844,S.Jones,Sean Jones,S,DB,"https://static.www.nfl.com/image/private/f_auto,q_auto/league/wxqh8viwzcfokvxboohy",2007,REG,CLE,16,0,0,0,0,0,0,0,0,0,0,0,0,,,0,,0,0,0,0,0,0,,0,0,0,0,0,0,0,0,0,0,,0,,0,0,0,0,55,14,27,0,0,1,0.5,4,3,5,37,10,0,0,0,0,0,0,0,0,0,5,37,0,0,0,0,0,0,0,0,,,0,0,0,0,0,0,0,0,0,0,0,0,,,,0,0,0,0,0,0,0,,0,0,0,0,,0,0
00-0022846,S.Schweigert,Stuart Schweigert,DB,DB,"https://static.www.nfl.com/image/private/f_auto,q_auto/league/ptfiyzaciyredmifsi1m",2007,REG,LV,14,0,0,0,0,0,0,0,0,0,0,0,0,,,0,,0,0,0,0,0,0,,0,0,0,0,0,0,0,0,0,0,,0,,,0,,0,51,5,13,0,0,0,0,0,0,2,10,4,0,0,0,0,0,0,0,0,0,0,0,0,0,0,0,0,0,0,0,,,0,0,0,0,0,0,0,0,0,0,0,0,,,,0,0,0,0,0,0,0,,0,0,0,0,,0,0
00-0022847,B.Hartsock,Ben Hartsock,TE,TE,"https://static.www.nfl.com/image/private/f_auto,q_auto/league/mir6rekoh364h3lx8crk",2007,REG+POST,TEN,13,0,0,0,0,0,0,0,0,0,0,0,0,,,0,,0,0,0,0,0,0,,0,15,0,154,0,0,0,0,74,8,11.6128176735947,0,0,,0,,0,1,0,0,0,0,0,0,0,0,0,0,0,0,0,0,0,1,1,0,0,0,0,0,0,0,1,14,0,0,0,0,,,0,0,0,0,0,0,0,0,0,0,0,0,,,,0,0,0,0,0,0,0,,0,0,0,0,,15.4,30.4
00-0022848,G.Gardner,Gilbert Gardner,LB,LB,"https://static.www.nfl.com/image/private/f_auto,q_auto/league/kmlzgrdc1suo11wr1qgw",2007,REG+POST,TEN,11,0,0,0,0,0,0,0,0,0,0,0,0,,,0,,0,0,0,0,0,0,,0,0,0,0,0,0,0,0,0,0,,0,,,0,,0,7,4,1,0,0,0,0,0,0,0,0,0,0,0,0,0,0,0,0,0,0,1,9,0,0,0,0,0,0,0,0,,,0,0,0,0,0,0,0,0,0,0,0,0,,,,0,0,0,0,0,0,0,,0,0,0,0,,0,0
00-0022851,K.Smith,Keith Smith,DB,DB,"https://static.www.nfl.com/image/private/f_auto,q_auto/league/zotczokxr6on1ky7m6dh",2007,REG,DET,15,0,0,0,0,0,0,0,0,0,0,0,0,,,0,,0,0,0,0,0,0,,0,0,0,0,0,0,0,0,0,0,,0,,,0,,0,36,2,12,0,0,0,0,0,0,3,64,7,1,0,0,0,0,0,0,0,0,1,5,0,0,0,0,0,0,0,0,,,0,0,0,0,0,0,0,0,0,0,0,0,,,,0,0,0,0,0,0,0,,0,0,0,0,,0,0
00-0022854,C.Miller,Caleb Miller,MLB,LB,"https://static.www.nfl.com/image/private/f_auto,q_auto/league/d3f7dloejb5qdp1zkycd",2007,REG,CIN,3,0,0,0,0,0,0,0,0,0,0,0,0,,,0,,0,0,0,0,0,0,,0,0,0,0,0,0,0,0,0,0,,0,,,0,,0,9,2,1,0,0,0,0,0,2,0,0,3,0,0,0,0,0,0,0,0,0,0,0,0,0,0,0,0,0,0,0,,,0,0,0,0,0,0,0,0,0,0,0,0,,,,0,0,0,0,0,0,0,,0,0,0,0,,0,0
00-0022855,S.Locklear,Sean Locklear,G,OL,"https://static.www.nfl.com/image/private/f_auto,q_auto/league/ywo4qh2pve2mp4vw4qei",2007,REG,SEA,4,0,0,0,0,0,0,0,0,0,0,0,0,,,0,,0,0,0,0,0,0,,0,0,0,0,0,0,0,0,0,0,,0,,0,0,0,0,0,0,0,0,0,0,0,0,0,0,0,0,0,0,0,0,2,2,0,0,0,2,15,0,0,0,0,0,0,0,0,,,0,0,0,0,0,0,0,0,0,0,0,0,,,,0,0,0,0,0,0,0,,0,0,0,0,,0,0
00-0022856,J.Cordova,Jorge Cordova,LB,LB,"https://static.www.nfl.com/image/private/f_auto,q_auto/league/hlrgqerxrm3enmjv4kiz",2007,REG,TEN,1,0,0,0,0,0,0,0,0,0,0,0,0,,,0,,0,0,0,0,0,0,,0,0,0,0,0,0,0,0,0,0,,0,,,0,,0,0,1,0,0,0,0,0,0,0,0,0,0,0,0,0,0,0,0,0,0,0,0,0,0,0,0,0,0,0,0,0,,,0,0,0,0,0,0,0,0,0,0,0,0,,,,0,0,0,0,0,0,0,,0,0,0,0,,0,0
00-0022858,D.Scott,Darrion Scott,DE,DL,"https://static.www.nfl.com/image/private/f_auto,q_auto/league/moni4q55u5kw6r0gbvqk",2007,REG,MIN,1,0,0,0,0,0,0,0,0,0,0,0,0,,,0,,0,0,0,0,0,0,,0,0,0,0,0,0,0,0,0,0,,0,,,0,,0,1,0,0,0,0,0,0,0,0,0,0,0,0,0,0,0,0,0,0,0,0,0,0,0,0,0,0,0,0,0,0,,,0,0,0,0,0,0,0,0,0,0,0,0,,,,0,0,0,0,0,0,0,,0,0,0,0,,0,0
00-0022860,L.Johnson,Landon Johnson,MLB,LB,"https://static.www.nfl.com/image/private/f_auto,q_auto/league/oblxntorrrmmikbfdpjw",2007,REG,CIN,16,0,0,0,0,0,0,0,0,0,0,0,0,,,0,,0,0,0,0,0,0,,0,0,0,0,0,0,0,0,0,0,,0,,,0,,0,63,8,38,0,0,0,0.5,4,3,0,0,4,0,0,0,0,0,0,2,2,1,0,0,0,0,0,0,0,0,0,0,,,0,0,0,0,0,0,0,0,0,0,0,0,,,,0,0,0,0,0,0,0,,0,0,0,0,,0,0
00-0022862,B.Schobel,Bo Schobel,DE,DL,"https://static.www.nfl.com/image/private/f_auto,q_auto/league/zdkjzh7acsbaeml5auck",2007,REG,ARI,1,0,0,0,0,0,0,0,0,0,0,0,0,,,0,,0,0,0,0,0,0,,0,0,0,0,0,0,0,0,0,0,,0,,,0,,0,0,1,0,0,0,0,0,0,0,0,0,0,0,0,0,0,0,0,0,0,0,0,0,0,0,0,0,0,0,0,0,,,0,0,0,0,0,0,0,0,0,0,0,0,,,,0,0,0,0,0,0,0,,0,0,0,0,,0,0
00-0022863,I.Sopoaga,Isaac Sopoaga,NT,DL,"https://static.www.nfl.com/image/private/f_auto,q_auto/league/k8bf6rwdgggwa3t1ppam",2007,REG,SF,13,0,0,0,0,0,0,0,0,0,0,0,0,,,0,,0,0,0,0,0,0,,0,0,0,0,0,0,0,0,0,0,,0,,0,0,0,0,11,2,7,0,0,0,1.5,10,3,0,0,1,0,0,0,0,0,0,0,0,0,1,5,0,0,0,0,0,0,0,0,,,0,0,0,0,0,0,0,0,0,0,0,0,,,,0,0,0,0,0,0,0,,0,0,0,0,,0,0
00-0022864,L.McCown,Luke McCown,QB,QB,"https://static.www.nfl.com/image/private/f_auto,q_auto/league/pj2lbdhplppzlywlzsbr",2007,REG,TB,5,94,139,1009,5,3,15,-104,2,1,784,637,45,-2.95518094932444,3.39413054753095,0,1.28698979591837,12,117,0,1,1,8,1.47016266768333,0,0,0,0,0,0,0,0,0,0,,0,,0,0,0,0,0,0,0,0,0,0,0,0,0,0,0,0,0,0,0,0,1,2,0,0,0,0,0,0,0,0,0,0,0,0,0,,,0,0,0,0,0,0,0,0,0,0,0,0,,,,0,0,0,0,0,0,0,,0,0,0,0,,62.06,62.06
00-0022867,R.Geathers,Robert Geathers,DE,DL,"https://static.www.nfl.com/image/private/f_auto,q_auto/league/xx92zdbljqeeuxluc4a6",2007,REG,CIN,16,0,0,0,0,0,0,0,0,0,0,0,0,,,0,,0,0,0,0,0,0,,0,0,0,0,0,0,0,0,0,0,,0,,,0,,0,21,5,22,0,0,2,3.5,26,17,1,30,3,0,0,0,0,0,0,1,1,0,2,10,0,0,0,0,0,0,0,0,,,0,0,0,0,0,0,0,0,0,0,0,0,,,,0,0,0,0,0,0,0,,0,0,0,0,,0,0
00-0022870,S.Andrews,Stacy Andrews,OT,OL,"https://static.www.nfl.com/image/private/f_auto,q_auto/league/gj58lmbwrnc5ayal2r4k",2007,REG,CIN,6,0,0,0,0,0,0,0,0,0,0,0,0,,,0,,0,0,0,0,0,0,,0,0,0,0,0,0,0,0,0,0,,0,,,0,,0,1,0,0,0,0,0,0,0,0,0,0,0,0,0,0,0,0,0,0,0,0,6,30,0,0,0,0,0,0,0,0,,,0,0,0,0,0,0,0,0,0,0,0,0,,,,0,0,0,0,0,0,0,,0,0,0,0,,0,0
00-0022874,J.Scobee,Josh Scobee,K,SPEC,"https://static.www.nfl.com/image/private/f_auto,q_auto/league/a7c7yefpjtfv41lcvhum",2007,REG+POST,JAX,10,0,0,0,0,0,0,0,0,0,0,0,0,,,0,,0,0,0,0,0,0,,0,0,0,0,0,0,0,0,0,0,,0,,,0,,0,0,0,0,0,0,0,0,0,0,0,0,0,0,0,0,0,0,0,0,0,0,0,0,0,0,0,0,15,17,2,0,48,0.882352941176471,0,8,4,3,0,0,0,0,0,2,0,0,22;48;46;33;22;23;20;47;21;20;33;36;25;39;25,46;46,,460,92,0,32,33,1,0,0.96969696969697,0,0,0,0,,0,0
00-0022875,J.Bell,Jacob Bell,G,OL,"https://static.www.nfl.com/image/private/f_auto,q_auto/league/ifzr7fn2011wj3fjsf74",2007,REG,TEN,3,0,0,0,0,0,0,0,0,0,0,0,0,,,0,,1,-15,0,1,1,1,-1.19429445808055,0,0,0,0,0,0,0,0,0,0,,0,,,0,,0,0,0,0,0,0,0,0,0,0,0,0,0,0,0,0,0,0,0,0,0,0,4,16,0,0,0,0,0,0,0,0,,,0,0,0,0,0,0,0,0,0,0,0,0,,,,0,0,0,0,0,0,0,,0,0,0,0,,-3.5,-3.5
00-0022878,A.Gordon,Amon Gordon,DE,DL,"https://static.www.nfl.com/image/private/f_auto,q_auto/league/niawtttubz9vr6gcglj3",2007,REG,BAL,5,0,0,0,0,0,0,0,0,0,0,0,0,,,0,,0,0,0,0,0,0,,0,0,0,0,0,0,0,0,0,0,,0,,,0,,0,9,3,4,0,0,0,0,0,0,0,0,0,0,0,0,0,0,0,0,0,0,0,0,0,0,0,0,0,0,0,0,,,0,0,0,0,0,0,0,0,0,0,0,0,,,,0,0,0,0,0,0,0,,0,0,0,0,,0,0
00-0022879,D.Carter,Drew Carter,WR,WR,"https://static.www.nfl.com/image/private/f_auto,q_auto/league/wpyzsurzztzycm2vljkt",2007,REG,CAR,15,0,0,0,0,0,0,0,0,0,0,0,0,,,0,,0,0,0,0,0,0,,0,38,0,517,4,0,0,0,128,28,51.9462676410331,0,0,0,0,0,0,1,0,0,0,0,0,0,0,0,0,0,0,0,0,0,0,0,0,0,0,0,1,8,0,0,0,0,0,0,0,0,,,0,0,0,0,0,0,0,0,0,0,0,0,,,,0,0,0,0,0,0,0,,0,0,0,0,,75.7,113.7
00-0022882,M.Jones,Mark Jones,WR,WR,"https://static.www.nfl.com/image/private/f_auto,q_auto/league/osf8yy3zoby6u2d4dofp",2007,REG,TB,6,0,0,0,0,0,0,0,0,0,0,0,0,,,0,,0,0,0,0,0,0,,0,0,0,0,0,0,0,0,0,0,,0,,0,0,0,0,0,0,0,0,0,0,0,0,0,0,0,0,0,0,0,0,0,0,0,0,0,0,0,12,143,10,286,0,0,0,0,,,0,0,0,0,0,0,0,0,0,0,0,0,,,,0,0,0,0,0,0,0,,0,0,0,0,,0,0
00-0022883,J.Echemandu,Adimchinobe Echemandu,RB,RB,"https://static.www.nfl.com/image/private/f_auto,q_auto/league/anam3gbuiaqtspyexcxo",2007,REG,HOU,5,0,0,0,0,0,0,0,0,0,0,0,0,,,0,,20,85,0,1,1,3,-5.70371481194161,0,2,0,11,0,0,0,0,13,0,0.260644077556208,0,0,0,0,0,0,1,0,0,0,0,0,0,0,0,0,0,0,0,0,0,0,0,0,0,0,0,0,0,0,0,0,0,0,0,0,0,,,0,0,0,0,0,0,0,0,0,0,0,0,,,,0,0,0,0,0,0,0,,0,0,0,0,,7.6,9.6
00-0022885,D.Pope,Derrick Pope,OLB,LB,"https://static.www.nfl.com/image/private/f_auto,q_auto/league/tdckzpr0f1wc0xn93opm",2007,REG,MIA,14,0,0,0,0,0,0,0,0,0,0,0,0,,,0,,0,0,0,0,0,0,,0,0,0,0,0,0,0,0,0,0,,0,,,0,,0,34,9,21,0,0,0,0,0,1,2,0,3,0,0,0,0,0,0,1,1,0,3,35,0,0,0,0,0,0,0,0,,,0,0,0,0,0,0,0,0,0,0,0,0,,,,0,0,0,0,0,0,0,,0,0,0,0,,0,0
00-0022886,C.Cramer,Casey Cramer,RB,RB,"https://static.www.nfl.com/image/private/f_auto,q_auto/league/tdmknlst7bthoqbrq4uj",2007,REG,TEN,3,0,0,0,0,0,0,0,0,0,0,0,0,,,0,,0,0,0,0,0,0,,0,0,0,0,0,0,0,0,0,0,,0,,,0,,0,3,0,0,0,0,0,0,0,0,0,0,0,0,0,0,0,0,0,0,0,0,0,0,0,0,2,35,0,0,0,0,,,0,0,0,0,0,0,0,0,0,0,0,0,,,,0,0,0,0,0,0,0,,0,0,0,0,,0,0
00-0022887,C.Bockwoldt,Colby Bockwoldt,LB,LB,"https://static.www.nfl.com/image/private/f_auto,q_auto/league/m39q1pgtehpltyxcbm8a",2007,REG,CLE,1,0,0,0,0,0,0,0,0,0,0,0,0,,,0,,0,0,0,0,0,0,,0,0,0,0,0,0,0,0,0,0,,0,,0,0,0,0,1,0,0,0,0,0,0,0,0,0,0,0,0,0,0,0,0,0,0,0,0,0,0,0,0,0,0,0,0,0,0,,,0,0,0,0,0,0,0,0,0,0,0,0,,,,0,0,0,0,0,0,0,,0,0,0,0,,0,0
00-0022888,B.McCray,Bobby McCray,DE,DL,"https://static.www.nfl.com/image/private/f_auto,q_auto/league/dlmp9dprupmlphjc6dbn",2007,REG+POST,JAX,12,0,0,0,0,0,0,0,0,0,0,0,0,,,0,,0,0,0,0,0,0,,0,0,0,0,0,0,0,0,0,0,,0,,,0,,0,11,2,8,0,0,2,4,30,10,0,0,2,0,0,0,0,0,0,0,0,0,3,15,0,0,0,0,0,0,0,0,,,0,0,0,0,0,0,0,0,0,0,0,0,,,,0,0,0,0,0,0,0,,0,0,0,0,,0,0
00-0022889,R.Williams,Reggie Williams,WR,WR,"https://static.www.nfl.com/image/private/f_auto,q_auto/league/yqykqzzjkce9mje2jxxd",2007,REG+POST,JAX,16,0,0,0,0,0,0,0,0,0,0,0,0,,,0,,1,8,0,0,0,1,1.22734230212518,0,41,0,677,10,3,2,0,225,30,58.916756863764,0,0,,0,,0,0,0,0,0,0,0,0,0,0,0,0,0,0,0,0,0,0,0,0,0,0,5,45,0,0,0,0,0,0,0,0,,,0,0,0,0,0,0,0,0,0,0,0,0,,,,0,0,0,0,0,0,0,,0,0,0,0,,124.5,165.5
00-0022890,V.Carey,Vernon Carey,G,OL,"https://static.www.nfl.com/image/private/f_auto,q_auto/league/sayuv26ldlpuajkninlb",2007,REG,MIA,8,0,0,0,0,0,0,0,0,0,0,0,0,,,0,,0,0,0,0,0,0,,0,0,0,0,0,0,0,0,0,0,,0,,,0,,0,2,0,0,0,0,0,0,0,0,0,0,0,0,0,0,0,0,0,0,0,0,8,42,0,0,0,0,0,0,0,0,,,0,0,0,0,0,0,0,0,0,0,0,0,,,,0,0,0,0,0,0,0,,0,0,0,0,,0,0
00-0022891,K.Udeze,Kenechi Udeze,DE,DL,"https://static.www.nfl.com/image/private/f_auto,q_auto/league/icbbltdwas3bymnlhrxx",2007,REG,MIN,16,0,0,0,0,0,0,0,0,0,0,0,0,,,0,,0,0,0,0,0,0,,0,0,0,0,0,0,0,0,0,0,,0,,,0,,0,35,2,10,0,0,1,5,38,13,1,37,2,0,0,0,0,0,0,0,0,0,3,25,0,0,0,0,0,0,0,0,,,0,0,0,0,0,0,0,0,0,0,0,0,,,,0,0,0,0,0,0,0,,0,0,0,0,,0,0
00-0022893,T.Bell,Tatum Bell,RB,RB,"https://static.www.nfl.com/image/private/f_auto,q_auto/league/yklpmsbrfxi6ewqjdzzb",2007,REG,DET,5,0,0,0,0,0,0,0,0,0,0,0,0,,,0,,44,182,1,1,1,8,-7.65135225736646,0,14,0,63,0,0,0,0,68,2,-1.1571029604529,0,0,,0,,0,1,0,0,0,0,0,0,0,0,0,0,0,0,0,0,0,0,0,0,0,0,1,5,0,0,0,0,0,0,0,0,,,0,0,0,0,0,0,0,0,0,0,0,0,,,,0,0,0,0,0,0,0,,0,0,0,0,,28.5,42.5
00-0022894,T.LaBoy,Travis LaBoy,OLB,LB,"https://static.www.nfl.com/image/private/f_auto,q_auto/league/aummfofqegub28miquar",2007,REG,TEN,10,0,0,0,0,0,0,0,0,0,0,0,0,,,0,,0,0,0,0,0,0,,0,0,0,0,0,0,0,0,0,0,,0,,,0,,0,8,0,4,0,0,4,6,32,9,1,0,3,0,0,0,0,0,0,1,1,0,3,25,0,0,0,0,0,0,0,0,,,0,0,0,0,0,0,0,0,0,0,0,0,,,,0,0,0,0,0,0,0,,0,0,0,0,,0,0
00-0022895,J.Smiley,Justin Smiley,G,OL,"https://static.www.nfl.com/image/private/f_auto,q_auto/league/s04jeyqrv1jprprgdpne",2007,REG,SF,2,0,0,0,0,0,0,0,0,0,0,0,0,,,0,,0,0,0,0,0,0,,0,0,0,0,0,0,0,0,0,0,,0,,0,0,0,0,1,0,0,0,0,0,0,0,0,0,0,0,0,0,0,0,0,0,0,0,0,3,25,0,0,0,0,0,0,0,0,,,0,0,0,0,0,0,0,0,0,0,0,0,,,,0,0,0,0,0,0,0,,0,0,0,0,,0,0
00-0022897,G.Jones,Greg Jones,FB,RB,"https://static.www.nfl.com/image/private/f_auto,q_auto/league/ksydsc7chyysjq0p0htj",2007,REG+POST,JAX,17,0,0,0,0,0,0,0,0,0,0,0,0,,,0,,42,119,2,0,0,8,-6.14437666604497,0,12,0,111,2,0,0,0,107,9,8.06061339034932,0,0,,0,,0,4,0,1,0,0,0,0,0,0,0,0,0,0,0,0,0,0,0,0,0,0,1,10,0,0,1,0,0,0,0,0,,,0,0,0,0,0,0,0,0,0,0,0,0,,,,0,0,0,0,0,0,0,,0,0,0,0,,47,59
00-0022898,M.Cooper,Marquis Cooper,LB,LB,"https://static.www.nfl.com/image/private/f_auto,q_auto/league/lz2np2xuqywfydjmwlmn",2007,REG,PIT,3,0,0,0,0,0,0,0,0,0,0,0,0,,,0,,0,0,0,0,0,0,,0,0,0,0,0,0,0,0,0,0,,0,,,0,,0,3,1,0,0,0,0,0,0,0,0,0,0,0,0,0,0,0,0,0,0,0,1,10,0,0,0,0,0,0,0,0,,,0,0,0,0,0,0,0,0,0,0,0,0,,,,0,0,0,0,0,0,0,,0,0,0,0,,0,0
00-0022900,W.Allen,Will Allen,S,DB,"https://static.www.nfl.com/image/private/f_auto,q_auto/league/yhh8zeu0ctc5acmtm00i",2007,REG+POST,TB,11,0,0,0,0,0,0,0,0,0,0,0,0,,,0,,0,0,0,0,0,0,,0,0,0,0,0,0,0,0,0,0,,0,,0,0,0,0,17,1,2,0,0,0,0,0,0,0,0,0,0,0,0,0,1,1,1,1,0,1,10,0,0,0,0,0,0,0,0,,,0,0,0,0,0,0,0,0,0,0,0,0,,,,0,0,0,0,0,0,0,,0,0,0,0,,0,0
00-0022901,E.Wilford,Ernest Wilford,WR,WR,"https://static.www.nfl.com/image/private/f_auto,q_auto/league/vq47ffxrqyi3t7stkogl",2007,REG+POST,JAX,18,0,0,0,0,0,0,0,0,0,0,0,0,,,0,,0,0,0,0,0,0,,0,49,0,578,4,0,0,0,112,39,64.657205318742,0,0,,0,,0,1,0,0,0,0,0,0,0,0,0,0,0,0,0,0,0,0,0,0,0,0,3,28,0,0,0,0,0,0,0,0,,,0,0,0,0,0,0,0,0,0,0,0,0,,,,0,0,0,0,0,0,0,,0,0,0,0,,81.8,130.8
00-0022904,N.Leckey,Nick Leckey,C,OL,"https://static.www.nfl.com/image/private/f_auto,q_auto/league/vjzg26rsznmtbnm5khjo",2007,REG,LA,1,0,0,0,0,0,0,0,0,0,0,0,0,,,0,,0,0,0,0,0,0,,0,0,0,0,0,0,0,0,0,0,,0,,,0,,0,0,0,0,0,0,0,0,0,0,0,0,0,0,0,0,0,0,0,0,0,0,1,5,0,0,0,0,0,0,0,0,,,0,0,0,0,0,0,0,0,0,0,0,0,,,,0,0,0,0,0,0,0,,0,0,0,0,,0,0
00-0022905,R.Hadnot,Rex Hadnot,G,OL,"https://static.www.nfl.com/image/private/f_auto,q_auto/league/hqyfarjcxgjaifflhssx",2007,REG,MIA,4,0,0,0,0,0,0,0,0,0,0,0,0,,,0,,0,0,0,0,0,0,,0,0,0,-2,0,0,0,0,0,0,,0,0,,0,,0,0,0,0,0,0,0,0,0,0,0,0,0,0,0,0,0,0,0,0,0,0,4,27,0,0,0,0,0,0,0,0,,,0,0,0,0,0,0,0,0,0,0,0,0,,,,0,0,0,0,0,0,0,,0,0,0,0,,-0.2,-0.2
00-0022906,C.Williams,Corey Williams,DT,DL,"https://static.www.nfl.com/image/private/f_auto,q_auto/league/i1exgc0hfnuynbzfxqdp",2007,REG+POST,GB,17,0,0,0,0,0,0,0,0,0,0,0,0,,,0,,0,0,0,0,0,0,,0,0,0,0,0,0,0,0,0,0,,0,,0,0,0,0,26,6,14,0,0,3,7,38,10,1,9,1,0,0,0,0,0,0,0,0,0,4,26,0,0,0,0,0,0,0,0,,,0,0,0,0,0,0,0,0,0,0,0,0,,,,0,0,0,0,0,0,0,,0,0,0,0,,0,0
00-0022907,N.Lawrie,Nate Lawrie,TE,TE,"https://static.www.nfl.com/image/private/f_auto,q_auto/league/aozraq2bewvk7pen2v7p",2007,REG,CIN,1,0,0,0,0,0,0,0,0,0,0,0,0,,,0,,0,0,0,0,0,0,,0,0,0,0,0,0,0,0,0,0,,0,,,0,,0,0,0,0,0,0,0,0,0,0,0,0,0,0,0,0,0,0,0,0,0,0,1,11,0,0,0,0,0,0,0,0,,,0,0,0,0,0,0,0,0,0,0,0,0,,,,0,0,0,0,0,0,0,,0,0,0,0,,0,0
00-0022909,R.Williams,Roy Williams,WR,WR,"https://static.www.nfl.com/image/private/f_auto,q_auto/league/dgin3k0ecicww9uphfww",2007,REG,DET,12,0,0,0,0,0,0,0,0,0,0,0,0,,,0,,2,1,0,0,0,1,-0.907515283441171,0,63,0,836,5,2,1,0,293,34,56.6999631413492,0,0,,0,,0,1,0,0,0,0,1,0,0,0,0,0,0,0,0,0,0,0,0,0,0,0,1,15,0,0,0,0,0,0,0,0,,,0,0,0,0,0,0,0,0,0,0,0,0,,,,0,0,0,0,0,0,0,,0,0,0,0,,111.7,174.7
00-0022910,L.Evans,Lee Evans,WR,WR,"https://static.www.nfl.com/image/private/f_auto,q_auto/league/stwolhzhyn9nyxqblwvl",2007,REG,BUF,16,0,0,0,0,0,0,0,0,0,0,0,0,,,0,,0,0,0,0,0,0,,0,55,2,849,5,0,0,18,193,38,65.1484383523206,0,47.1666666666667,1,0.00543150271575136,1.50380205190103,0,4,0,0,0,0,1,0,0,0,0,0,0,0,0,0,0,0,0,0,0,0,5,55,0,0,0,0,0,0,0,0,,,0,0,0,0,0,0,0,0,0,0,0,0,,,,0,0,0,0,0,0,0,,0,0,0,0,,114.9,169.9
00-0022911,W.Smith,Will Smith,LB,LB,"https://static.www.nfl.com/image/private/f_auto,q_auto/league/qgn59u0yrcsbvvvstaab",2007,REG,NO,15,0,0,0,0,0,0,0,0,0,0,0,0,,,0,,0,0,0,0,0,0,,0,0,0,0,0,0,0,0,0,0,,0,,0,0,0,0,32,14,20,0,0,2,6.5,38,19,0,0,3,0,0,1,0,0,0,3,3,0,3,35,0,0,0,0,0,0,0,0,,,0,0,0,0,0,0,0,0,0,0,0,0,,,,0,0,0,0,0,0,0,,0,0,0,0,,0,0
00-0022912,J.Losman,J.P. Losman,QB,QB,"https://static.www.nfl.com/image/private/f_auto,q_auto/league/emv1dgq9b8wwqiow0xk4",2007,REG,BUF,8,111,175,1204,4,6,14,-103,2,1,1407,577,59,-25.3341049531455,1.56927296343972,0,0.855721393034826,20,110,0,2,1,9,2.73504973665695,0,0,0,0,0,0,0,0,0,0,,0,,0,0,0,0,0,0,0,0,0,0,0,0,0,0,0,0,0,0,0,0,1,2,0,0,0,0,0,0,0,0,0,0,0,0,0,,,0,0,0,0,0,0,0,0,0,0,0,0,,,,0,0,0,0,0,0,0,,0,0,0,0,,59.16,59.16
00-0022914,C.Gamble,Chris Gamble,CB,DB,"https://static.www.nfl.com/image/private/f_auto,q_auto/league/cfmypi7ngf6d2oatxmih",2007,REG,CAR,14,0,0,0,0,0,0,0,0,0,0,0,0,,,0,,0,0,0,0,0,0,,0,0,0,0,0,0,0,0,0,0,,0,,0,0,0,0,39,3,5,0,0,1,0,0,0,1,2,6,0,0,0,0,0,0,1,1,0,1,10,0,0,0,0,0,0,0,0,,,0,0,0,0,0,0,0,0,0,0,0,0,,,,0,0,0,0,0,0,0,,0,0,0,0,,0,0
00-0022915,I.Olshansky,Igor Olshansky,DT,DL,"https://static.www.nfl.com/image/private/f_auto,q_auto/league/awkjbcyexsfm1bcxyk6r",2007,REG+POST,LAC,19,0,0,0,0,0,0,0,0,0,0,0,0,,,0,,0,0,0,0,0,0,,0,0,0,0,0,0,0,0,0,0,,0,,,0,,0,24,18,18,0,0,2,4,14.5,9,1,0,3,0,0,0,0,0,0,0,0,0,0,0,0,0,0,0,0,0,0,0,,,0,0,0,0,0,0,0,0,0,0,0,0,,,,0,0,0,0,0,0,0,,0,0,0,0,,0,0
00-0022916,B.Troupe,Ben Troupe,TE,TE,"https://static.www.nfl.com/image/private/f_auto,q_auto/league/gnriyvlwwoyatyjej7qv",2007,REG+POST,TEN,10,0,0,0,0,0,0,0,0,0,0,0,0,,,0,,1,-1,0,0,0,0,-0.719348591286689,0,8,0,91,0,0,0,0,39,5,6.12819946109084,0,0,,0,,0,2,1,1,0,0,0,0,0,0,0,0,0,0,0,0,0,0,0,0,0,0,1,10,0,0,2,21,0,0,0,0,,,0,0,0,0,0,0,0,0,0,0,0,0,,,,0,0,0,0,0,0,0,,0,0,0,0,,9,17
00-0022917,D.Thomas,Dontarrious Thomas,LB,LB,"https://static.www.nfl.com/image/private/f_auto,q_auto/league/bqijd5kq7txeankg0jai",2007,REG,MIN,4,0,0,0,0,0,0,0,0,0,0,0,0,,,0,,0,0,0,0,0,0,,0,0,0,0,0,0,0,0,0,0,,0,,,0,,0,5,0,0,0,0,0,0,0,0,0,0,0,0,0,0,0,0,0,0,0,0,0,0,0,0,0,0,0,0,0,0,,,0,0,0,0,0,0,0,0,0,0,0,0,,,,0,0,0,0,0,0,0,,0,0,0,0,,0,0
00-0022918,A.Odom,Antwan Odom,DE,DL,"https://static.www.nfl.com/image/private/f_auto,q_auto/league/grffvunooz1agmi4pjaz",2007,REG+POST,TEN,16,0,0,0,0,0,0,0,0,0,0,0,0,,,0,,0,0,0,0,0,0,,0,0,0,0,0,0,0,0,0,0,,0,,,0,,0,14,3,5,0,0,1,8,52,22,0,0,7,0,0,0,0,0,0,0,0,0,8,49,0,0,0,0,0,0,0,0,,,0,0,0,0,0,0,0,0,0,0,0,0,,,,0,0,0,0,0,0,0,,0,0,0,0,,0,0
00-0022921,L.Fitzgerald,Larry Fitzgerald,WR,WR,"https://static.www.nfl.com/image/private/f_auto,q_auto/league/giswjsemt4f7ppwxtqgp",2007,REG,ARI,15,0,0,0,0,0,0,0,0,0,0,0,0,,,0,,0,0,0,0,0,0,,0,101,0,1412,10,3,3,0,278,69,107.761248601465,0,0,,0,,0,7,0,0,0,0,0,0,0,0,0,0,0,0,0,0,0,0,0,0,0,0,1,10,0,0,0,0,0,0,0,0,,,0,0,0,0,0,0,0,0,0,0,0,0,,,,0,0,0,0,0,0,0,,0,0,0,0,,195.2,296.2
00-0022922,K.Winslow,Kellen Winslow,TE,TE,"https://static.www.nfl.com/image/private/f_auto,q_auto/league/pw3hoatll5kkuc9v2gva",2007,REG,CLE,16,0,0,0,0,0,0,0,0,0,0,0,0,,,0,,0,0,0,0,0,0,,0,82,0,1106,5,2,1,0,385,56,90.8360048298278,1,0,0,0,0,0,2,0,1,0,0,0,0,0,0,0,0,0,0,0,0,0,0,0,0,0,0,11,75,0,0,0,0,0,0,0,0,,,0,0,0,0,0,0,0,0,0,0,0,0,,,,0,0,0,0,0,0,0,,0,0,0,0,,140.6,222.6
00-0022923,D.Hall,DeAngelo Hall,S,DB,"https://static.www.nfl.com/image/private/f_auto,q_auto/league/yqzm0jpubsxcgkiqtaql",2007,REG,ATL,16,0,0,0,0,0,0,0,0,0,0,0,0,,,0,,0,0,0,0,0,0,,0,0,0,0,0,0,0,0,0,0,,0,,0,0,0,0,59,4,7,0,0,1,0,0,0,5,80,16,0,0,0,0,0,0,1,1,1,6,86,5,41,0,0,0,0,0,0,,,0,0,0,0,0,0,0,0,0,0,0,0,,,,0,0,0,0,0,0,0,,0,0,0,0,,0,0
00-0022924,B.Roethlisberger,Ben Roethlisberger,QB,QB,"https://static.www.nfl.com/image/private/f_auto,q_auto/league/vziogpnyp9d0xtpiuqhr",2007,REG+POST,PIT,16,294,447,3495,34,14,53,-387,8,4,4237,1247,185,77.8192760120897,6.40764817800544,1,0.824876091574227,39,217,2,1,0,19,18.1258173566114,0,0,0,0,0,0,0,0,0,0,,0,,,0,,0,1,0,0,0,0,0,0,0,0,0,0,0,0,0,0,0,4,5,0,0,0,0,0,0,0,0,0,0,0,0,0,,,0,0,0,0,0,0,0,0,0,0,0,0,,,,0,0,0,0,0,0,0,,0,0,0,0,,275.5,275.5
00-0022927,K.Dansby,Karlos Dansby,ILB,LB,"https://static.www.nfl.com/image/private/f_auto,q_auto/league/lumuwuwq9kdemsw5uefz",2007,REG,ARI,14,0,0,0,0,0,0,0,0,0,0,0,0,,,0,,0,0,0,0,0,0,,0,0,0,0,0,0,0,0,0,0,,0,,,0,,0,68,10,20,0,0,4,3.5,27,4,3,55,8,0,0,0,0,0,0,0,0,0,5,25,0,0,0,0,0,0,0,0,,,0,0,0,0,0,0,0,0,0,0,0,0,,,,0,0,0,0,0,0,0,,0,0,0,0,,0,0
00-0022928,K.Ratliff,Keiwan Ratliff,DB,DB,"https://static.www.nfl.com/image/private/f_auto,q_auto/league/dhbb6qgwaccw6xffi1cu",2007,REG,IND,2,0,0,0,0,0,0,0,0,0,0,0,0,,,0,,0,0,0,0,0,0,,0,0,0,0,0,0,0,0,0,0,,0,,,0,,0,3,0,0,0,0,0,0,0,0,0,0,0,0,0,0,0,0,0,0,0,0,0,0,0,0,0,0,0,0,0,0,,,0,0,0,0,0,0,0,0,0,0,0,0,,,,0,0,0,0,0,0,0,,0,0,0,0,,0,0
00-0022929,D.Henderson,Devery Henderson,WR,WR,"https://static.www.nfl.com/image/private/f_auto,q_auto/league/rtheywtlw7yhso1da4bu",2007,REG,NO,12,0,0,0,0,0,0,0,0,0,0,0,0,,,0,,2,20,0,0,0,1,1.0590879204683,0,20,0,409,3,0,0,0,82,16,37.3099681779277,0,0,0,0,0,0,1,0,0,0,0,0,0,0,0,0,0,0,0,0,0,0,0,0,0,0,0,1,15,0,0,0,0,0,0,0,0,,,0,0,0,0,0,0,0,0,0,0,0,0,,,,0,0,0,0,0,0,0,,0,0,0,0,,60.9,80.9
00-0022930,D.Dockett,Darnell Dockett,DE,DL,"https://static.www.nfl.com/image/private/f_auto,q_auto/league/ymkwcdhxl0vvv5b51eaz",2007,REG,ARI,16,0,0,0,0,0,0,0,0,0,0,0,0,,,0,,0,0,0,0,0,0,,0,0,0,0,0,0,0,0,0,0,,0,,,0,,0,35,8,14,0,0,2,9.5,71,18,0,0,1,0,0,0,0,0,0,2,2,0,5,32,0,0,0,0,0,0,0,0,,,0,0,0,0,0,0,0,0,0,0,0,0,,,,0,0,0,0,0,0,0,,0,0,0,0,,0,0
00-0022932,R.Fowler,Ryan Fowler,LB,LB,"https://static.www.nfl.com/image/private/f_auto,q_auto/league/y3lfhraaqfbybtjchuxf",2007,REG,TEN,14,0,0,0,0,0,0,0,0,0,0,0,0,,,0,,0,0,0,0,0,0,,0,0,0,0,0,0,0,0,0,0,,0,,,0,,0,27,13,14,0,0,0,0,0,1,0,0,1,0,0,0,0,0,0,0,0,0,0,0,0,0,0,0,0,0,0,0,,,0,0,0,0,0,0,0,0,0,0,0,0,,,,0,0,0,0,0,0,0,,0,0,0,0,,0,0
00-0022939,M.Barr,Mike Barr,P,SPEC,"https://static.www.nfl.com/image/private/f_auto,q_auto/league/rxv74pvohwkpdn7t8ueg",2007,REG,ARI,11,0,0,0,0,0,0,0,0,0,0,0,0,,,0,,0,0,0,0,0,0,,0,0,0,0,0,0,0,0,0,0,,0,,,0,,0,3,0,1,0,0,0,0,0,0,0,0,0,0,0,0,0,0,0,0,0,0,1,5,0,0,0,0,0,0,0,0,,,0,0,0,0,0,0,0,0,0,0,0,0,,,,0,0,0,0,0,0,0,,0,0,0,0,,0,0
00-0022942,P.Rivers,Philip Rivers,QB,QB,"https://static.www.nfl.com/image/private/f_auto,q_auto/league/voakyrtj34sghkwxaxxf",2007,REG+POST,LAC,19,329,546,3919,25,19,24,-177,7,3,4832,1497,193,55.0629480226237,2.69678244058616,0,0.811051324503311,33,31,1,5,3,12,-21.7540607267874,0,0,0,0,0,0,0,0,0,0,,0,,,0,,0,0,0,0,0,0,0,0,0,0,0,0,0,0,0,0,0,3,6,0,0,0,5,30,0,0,0,0,0,0,0,0,,,0,0,0,0,0,0,0,0,0,0,0,0,,,,0,0,0,0,0,0,0,,0,0,0,0,,215.86,215.86
00-0022943,B.Watson,Benjamin Watson,TE,TE,"https://static.www.nfl.com/image/private/f_auto,q_auto/league/dorymozpdnrllkqlfzpu",2007,REG+POST,NE,15,0,0,0,0,0,0,0,0,0,0,0,0,,,0,,1,11,0,0,0,1,0.687392906751484,0,39,0,409,8,1,0,0,119,24,40.5238905733785,0,0,,0,,0,0,0,0,0,0,0,0,0,0,0,0,0,0,0,0,0,0,0,1,1,0,5,35,0,0,0,0,0,0,0,0,,,0,0,0,0,0,0,0,0,0,0,0,0,,,,0,0,0,0,0,0,0,,0,0,0,0,,90,129
00-0022944,B.Sanders,Bob Sanders,S,DB,"https://static.www.nfl.com/image/private/f_auto,q_auto/league/yf12amo5vel7ihwkb4zg",2007,REG+POST,IND,16,0,0,0,0,0,0,0,0,0,0,0,0,,,0,,0,0,0,0,0,0,,0,0,0,0,0,0,0,0,0,0,,0,,,0,,0,45,29,25,0,0,0,3.5,17,4,2,32,6,0,0,0,0,1,1,1,1,0,1,14,0,0,0,0,0,0,0,0,,,0,0,0,0,0,0,0,0,0,0,0,0,,,,0,0,0,0,0,0,0,,0,0,0,0,,0,0
00-0022954,B.Graham,Ben Graham,P,SPEC,"https://static.www.nfl.com/image/private/f_auto,q_auto/league/rn4n6km2mxgvzg117oim",2007,REG,NYJ,15,0,0,0,0,0,0,0,0,0,0,0,0,,,0,,0,0,0,0,0,0,,0,0,0,0,0,0,0,0,0,0,,0,,,0,,0,1,2,1,0,0,0,0,0,0,0,0,0,0,0,0,0,0,0,0,0,0,0,0,0,0,0,0,0,0,0,0,,,0,0,0,0,0,0,0,0,0,0,0,0,,,,0,0,0,0,0,0,0,,0,0,0,0,,0,0
00-0022969,J.Carter,Jerome Carter,DB,DB,"https://static.www.nfl.com/image/private/f_auto,q_auto/league/s1mvwg47ezwjxqprw6wo",2007,REG,LA,2,0,0,0,0,0,0,0,0,0,0,0,0,,,0,,0,0,0,0,0,0,,0,0,0,0,0,0,0,0,0,0,,0,,,0,,0,2,0,0,0,0,0,0,0,0,0,0,0,0,0,0,0,0,0,0,0,0,0,0,0,0,0,0,0,0,0,0,,,0,0,0,0,0,0,0,0,0,0,0,0,,,,0,0,0,0,0,0,0,,0,0,0,0,,0,0
00-0022973,M.Sinclair,Matt Sinclair,LB,LB,"https://static.www.nfl.com/image/private/f_auto,q_auto/league/xrwtaslcfuir4vq9gwqh",2007,REG,WAS,1,0,0,0,0,0,0,0,0,0,0,0,0,,,0,,0,0,0,0,0,0,,0,0,0,0,0,0,0,0,0,0,,0,,,0,,0,2,0,0,0,0,0,0,0,0,0,0,0,0,0,0,0,0,0,0,0,0,0,0,0,0,0,0,0,0,0,0,,,0,0,0,0,0,0,0,0,0,0,0,0,,,,0,0,0,0,0,0,0,,0,0,0,0,,0,0
00-0022984,R.Grant,Ryan Grant,RB,RB,"https://static.www.nfl.com/image/private/f_auto,q_auto/league/hrxtpckmi1jm4ocqe9vp",2007,REG+POST,GB,17,0,0,0,0,0,0,0,0,0,0,0,0,,,0,,228,1186,11,1,1,48,3.47024997914322,0,33,0,150,0,2,2,0,184,9,-10.5108445210988,0,0,0,0,0,0,4,0,1,0,0,1,0,0,0,0,0,0,0,0,0,0,1,1,0,0,0,0,0,0,0,0,0,0,0,0,0,,,0,0,0,0,0,0,0,0,0,0,0,0,,,,0,0,0,0,0,0,0,,0,0,0,0,,193.6,226.6
00-0022997,A.Frazier,Andre Frazier,LB,LB,"https://static.www.nfl.com/image/private/f_auto,q_auto/league/kake9cdfhisbcbqrbetz",2007,REG+POST,PIT,9,0,0,0,0,0,0,0,0,0,0,0,0,,,0,,0,0,0,0,0,0,,0,0,0,0,0,0,0,0,0,0,,0,,,0,,0,8,2,3,0,0,0,0,0,0,0,0,0,0,0,0,0,1,1,0,0,0,1,10,0,0,0,0,0,0,0,0,,,0,0,0,0,0,0,0,0,0,0,0,0,,,,0,0,0,0,0,0,0,,0,0,0,0,,0,0
00-0022998,A.Harrison,Arnold Harrison,LB,LB,"https://static.www.nfl.com/image/private/f_auto,q_auto/league/j3dnwqwh8s9oqve11xun",2007,REG,PIT,9,0,0,0,0,0,0,0,0,0,0,0,0,,,0,,0,0,0,0,0,0,,0,0,0,0,0,0,0,0,0,0,,0,,,0,,0,4,4,5,0,0,1,0,0,0,0,0,0,0,0,0,0,0,0,0,0,0,1,15,0,0,0,0,0,0,0,0,,,0,0,0,0,0,0,0,0,0,0,0,0,,,,0,0,0,0,0,0,0,,0,0,0,0,,0,0
00-0022999,J.Kuhn,John Kuhn,FB,RB,"https://static.www.nfl.com/image/private/f_auto,q_auto/league/nbcwgq2o0ymmx4czvr4b",2007,REG,GB,7,0,0,0,0,0,0,0,0,0,0,0,0,,,0,,0,0,0,0,0,0,,0,2,0,7,0,0,0,0,3,2,0.886650496395305,0,0,0,0,0,0,2,1,2,0,0,0,0,0,0,0,0,0,0,0,0,0,0,0,0,0,0,4,20,0,0,0,0,0,0,0,0,,,0,0,0,0,0,0,0,0,0,0,0,0,,,,0,0,0,0,0,0,0,,0,0,0,0,,0.7,2.7
00-0023001,S.Suisham,Shaun Suisham,K,SPEC,"https://static.www.nfl.com/image/private/f_auto,q_auto/league/vyx61i2zefrmgr91rrvd",2007,REG+POST,WAS,17,0,0,0,0,0,0,0,0,0,0,0,0,,,0,,0,0,0,0,0,0,,0,0,0,0,0,0,0,0,0,0,,0,,,0,,0,4,0,1,0,0,0,0,0,0,0,0,0,0,0,0,0,0,0,0,0,0,0,0,0,0,0,0,29,36,7,0,49,0.805555555555556,0,10,8,11,0,0,0,0,3,4,0,0,31;44;39;35;37;47;28;46;40;22;40;46;23;21;45;39;44;43;38;27;28;33;23;49;31;28;26;46;21,39;48;41;49;47;37;30,,1020,291,0,31,32,1,0,0.96875,2,2,0,0,39;46,0,0
00-0023003,G.Warren,Greg Warren,LS,SPEC,"https://static.www.nfl.com/image/private/f_auto,q_auto/league/vpqbsxu0dz4ny5eimznf",2007,REG+POST,PIT,4,0,0,0,0,0,0,0,0,0,0,0,0,,,0,,0,0,0,0,0,0,,0,0,0,0,0,0,0,0,0,0,,0,,,0,,0,1,1,2,0,0,0,0,0,0,0,0,0,0,0,0,0,0,0,0,0,0,1,10,0,0,0,0,0,0,0,0,,,0,0,0,0,0,0,0,0,0,0,0,0,,,,0,0,0,0,0,0,0,,0,0,0,0,,0,0
00-0023008,C.Carr,Chris Carr,DB,DB,"https://static.www.nfl.com/image/private/f_auto,q_auto/league/v75kxv878ji8zbe6ju1f",2007,REG,LV,16,0,0,0,0,0,0,0,0,0,0,0,0,,,0,,0,0,0,0,0,0,,0,0,0,0,0,0,0,0,0,0,,0,,,0,,0,22,2,4,0,0,0,0,0,0,0,0,1,0,0,0,0,0,0,0,0,0,1,2,8,52,59,1327,0,0,0,0,,,0,0,0,0,0,0,0,0,0,0,0,0,,,,0,0,0,0,0,0,0,,0,0,0,0,,0,0
00-0023016,E.Pears,Erik Pears,OT,OL,"https://static.www.nfl.com/image/private/f_auto,q_auto/league/qmcip8vtr6dqyj6spzlc",2007,REG,DEN,5,0,0,0,0,0,0,0,0,0,0,0,0,,,0,,0,0,0,0,0,0,,0,0,0,0,0,0,0,0,0,0,,0,,,0,,0,1,0,0,0,0,1,0,0,0,0,0,0,0,0,0,0,0,0,0,0,0,5,35,0,0,0,0,0,0,0,0,,,0,0,0,0,0,0,0,0,0,0,0,0,,,,0,0,0,0,0,0,0,,0,0,0,0,,0,0
00-0023023,C.Procter,Cory Procter,C,OL,"https://static.www.nfl.com/image/private/f_auto,q_auto/league/vwuiuex0rz1cdc1qqtba",2007,REG,DAL,1,0,0,0,0,0,0,0,0,0,0,0,0,,,0,,0,0,0,0,0,0,,0,0,0,0,0,0,0,0,0,0,,0,,,0,,0,0,0,0,0,0,0,0,0,0,0,0,0,0,0,0,0,0,0,0,0,0,1,10,0,0,0,0,0,0,0,0,,,0,0,0,0,0,0,0,0,0,0,0,0,,,,0,0,0,0,0,0,0,,0,0,0,0,,0,0
00-0023051,A.Halterman,Aaron Halterman,TE,TE,"https://static.www.nfl.com/image/private/f_auto,q_auto/league/d10gwlk0cfmcudfh2hr2",2007,REG,MIA,4,0,0,0,0,0,0,0,0,0,0,0,0,,,0,,0,0,0,0,0,0,,0,1,0,7,0,0,0,0,4,1,1.01116032479331,0,0,,0,,0,2,1,1,0,0,0,0,0,0,0,0,0,0,0,0,0,0,0,0,0,0,0,0,0,0,0,0,0,0,0,0,,,0,0,0,0,0,0,0,0,0,0,0,0,,,,0,0,0,0,0,0,0,,0,0,0,0,,0.7,1.7
00-0023053,J.Butler,James Butler,DB,DB,"https://static.www.nfl.com/image/private/f_auto,q_auto/league/rrrrf2irptctscxoi50z",2007,REG+POST,NYG,17,0,0,0,0,0,0,0,0,0,0,0,0,,,0,,0,0,0,0,0,0,,0,0,0,0,0,0,0,0,0,0,,0,,0,0,0,0,58,11,21,0,0,0,0,0,1,1,0,8,0,0,0,0,0,0,1,1,0,0,0,0,0,0,0,0,0,0,0,,,0,0,0,0,0,0,0,0,0,0,0,0,,,,0,0,0,0,0,0,0,,0,0,0,0,,0,0
00-0023060,C.Kluwe,Chris Kluwe,P,SPEC,"https://static.www.nfl.com/image/private/f_auto,q_auto/league/h6geox2bfvpftj5whjge",2007,REG,MIN,16,1,1,27,0,0,0,0,0,0,-3,30,1,4.01534840138629,,0,0,0,0,0,0,0,0,,0,0,0,0,0,0,0,0,0,0,,0,,,0,,0,1,0,0,0,0,0,0,0,0,0,0,0,0,0,0,0,0,0,0,0,0,2,10,0,0,0,0,0,0,0,0,,,0,0,0,0,0,0,0,0,0,0,0,0,,,,0,0,0,0,0,0,0,,0,0,0,0,,1.08,1.08
00-0023063,L.Weaver,Leonard Weaver,FB,RB,"https://static.www.nfl.com/image/private/f_auto,q_auto/league/labfmyt1txkxmpqv8lir",2007,REG+POST,SEA,17,0,0,0,0,0,0,0,0,0,0,0,0,,,0,,38,173,2,0,0,17,-1.67626954155276,0,41,0,321,0,0,0,0,343,15,15.6268910015351,0,0,0,0,0,0,2,0,0,0,0,1,0,0,0,0,0,0,0,0,0,0,0,0,0,0,0,1,1,0,0,0,0,0,0,0,0,,,0,0,0,0,0,0,0,0,0,0,0,0,,,,0,0,0,0,0,0,0,,0,0,0,0,,61.4,102.4
00-0023068,P.Dendy,Patrick Dendy,DB,DB,"https://static.www.nfl.com/image/private/f_auto,q_auto/league/xhejbcwdviwq5ebhtnhp",2007,REG,CAR,5,0,0,0,0,0,0,0,0,0,0,0,0,,,0,,0,0,0,0,0,0,,0,0,0,0,0,0,0,0,0,0,,0,,0,0,0,0,14,1,1,0,0,0,0,0,0,0,0,1,0,0,0,0,0,0,0,0,0,0,0,0,0,0,0,0,0,0,0,,,0,0,0,0,0,0,0,0,0,0,0,0,,,,0,0,0,0,0,0,0,,0,0,0,0,,0,0
00-0023074,S.Gado,Samkon Gado,RB,RB,"https://static.www.nfl.com/image/private/f_auto,q_auto/league/jkb0g7uoehzec5xv7pvd",2007,REG,MIA,8,0,0,0,0,0,0,0,0,0,0,0,0,,,0,,53,150,4,0,0,9,-7.22583884077814,1,12,0,106,0,1,0,0,98,3,1.36635439028032,0,0,0,0,0,0,0,0,0,0,0,0,0,0,0,0,0,0,0,0,0,0,0,0,0,0,0,0,0,0,0,0,0,0,0,0,0,,,0,0,0,0,0,0,0,0,0,0,0,0,,,,0,0,0,0,0,0,0,,0,0,0,0,,51.6,63.6
00-0023075,K.Griffin,Kris Griffin,LB,LB,"https://static.www.nfl.com/image/private/f_auto,q_auto/league/jxrente0quca8qqme0se",2007,REG,CLE,8,0,0,0,0,0,0,0,0,0,0,0,0,,,0,,0,0,0,0,0,0,,0,0,0,0,0,0,0,0,0,0,,0,,0,0,0,0,9,0,2,0,0,0,0,0,0,0,0,0,0,0,0,0,0,0,0,0,0,1,5,0,0,0,0,0,0,0,0,,,0,0,0,0,0,0,0,0,0,0,0,0,,,,0,0,0,0,0,0,0,,0,0,0,0,,0,0
00-0023084,M.Harris,Marques Harris,LB,LB,"https://static.www.nfl.com/image/private/f_auto,q_auto/league/r8vckbvcsbxkc9n2s5d5",2007,REG+POST,LAC,12,0,0,0,0,0,0,0,0,0,0,0,0,,,0,,0,0,0,0,0,0,,0,0,0,0,0,0,0,0,0,0,,0,,,0,,0,9,7,5,0,0,0,1.5,13.5,2,0,0,1,0,0,0,0,0,0,1,1,0,1,5,0,0,0,0,0,0,0,0,,,0,0,0,0,0,0,0,0,0,0,0,0,,,,0,0,0,0,0,0,0,,0,0,0,0,,0,0
00-0023086,C.Lekkerkerker,Cory Lekkerkerker,G,OL,"https://static.www.nfl.com/image/private/f_auto,q_auto/league/qmkbjwcr5e9marihichk",2007,REG,MIA,3,0,0,0,0,0,0,0,0,0,0,0,0,,,0,,0,0,0,0,0,0,,0,0,0,0,0,0,0,0,0,0,,0,,,0,,0,0,0,0,0,0,0,0,0,0,0,0,0,0,0,0,0,0,0,0,0,0,3,35,0,0,0,0,0,0,0,0,,,0,0,0,0,0,0,0,0,0,0,0,0,,,,0,0,0,0,0,0,0,,0,0,0,0,,0,0
00-0023090,D.Robinson,Derreck Robinson,DE,DL,"https://static.www.nfl.com/image/private/f_auto,q_auto/league/hdnqpd5jwi5fobigu1g5",2007,REG,MIA,4,0,0,0,0,0,0,0,0,0,0,0,0,,,0,,0,0,0,0,0,0,,0,0,0,0,0,0,0,0,0,0,,0,,,0,,0,3,1,1,0,0,0,0,0,0,0,0,0,0,0,0,0,0,0,0,0,0,0,0,0,0,0,0,0,0,0,0,,,0,0,0,0,0,0,0,0,0,0,0,0,,,,0,0,0,0,0,0,0,,0,0,0,0,,0,0
00-0023102,H.Jones,Herana-Daze Jones,DB,DB,"https://static.www.nfl.com/image/private/f_auto,q_auto/league/mtdheq4r19ysgo3dhjzf",2007,REG,CIN,7,0,0,0,0,0,0,0,0,0,0,0,0,,,0,,0,0,0,0,0,0,,0,0,0,0,0,0,0,0,0,0,,0,,,0,,0,15,1,3,0,0,0,0,0,0,0,0,0,0,0,0,0,0,0,0,0,0,0,0,0,0,0,0,0,0,0,0,,,0,0,0,0,0,0,0,0,0,0,0,0,,,,0,0,0,0,0,0,0,,0,0,0,0,,0,0
00-0023107,B.Wilkerson,Ben Wilkerson,C,OL,"https://static.www.nfl.com/image/private/f_auto,q_auto/league/ugs0qgc1cbm0lhoejwgv",2007,REG,ATL,1,0,0,0,0,0,0,0,0,0,0,0,0,,,0,,0,0,0,0,0,0,,0,0,0,0,0,0,0,0,0,0,,0,,0,0,0,0,0,0,0,0,0,0,0,0,0,0,0,0,0,0,0,0,0,0,0,0,0,1,10,0,0,0,0,0,0,0,0,,,0,0,0,0,0,0,0,0,0,0,0,0,,,,0,0,0,0,0,0,0,,0,0,0,0,,0,0
00-0023114,D.Edwards,Dovonte Edwards,DB,DB,"https://static.www.nfl.com/image/private/f_auto,q_auto/league/ttdfmfigsmxtkolzailk",2007,REG,DET,5,0,0,0,0,0,0,0,0,0,0,0,0,,,0,,0,0,0,0,0,0,,0,0,0,0,0,0,0,0,0,0,,0,,,0,,0,14,0,6,0,0,0,0,0,0,0,0,2,0,0,0,0,0,0,0,0,0,1,14,0,0,0,0,0,0,0,0,,,0,0,0,0,0,0,0,0,0,0,0,0,,,,0,0,0,0,0,0,0,,0,0,0,0,,0,0
00-0023119,R.Manning,Roy Manning,LB,LB,"https://static.www.nfl.com/image/private/f_auto,q_auto/league/svhhdezuekyqi27nnljv",2007,REG,CIN,4,0,0,0,0,0,0,0,0,0,0,0,0,,,0,,0,0,0,0,0,0,,0,0,0,0,0,0,0,0,0,0,,0,,,0,,0,4,0,2,0,0,0,0,0,0,0,0,0,0,0,0,0,0,0,0,0,0,0,0,0,0,0,0,0,0,0,0,,,0,0,0,0,0,0,0,0,0,0,0,0,,,,0,0,0,0,0,0,0,,0,0,0,0,,0,0
00-0023136,A.Harris,Antoine Harris,DB,DB,"https://static.www.nfl.com/image/private/f_auto,q_auto/league/qnzbd2n3lzh21qkpncph",2007,REG,ATL,9,0,0,0,0,0,0,0,0,0,0,0,0,,,0,,0,0,0,0,0,0,,0,0,0,0,0,0,0,0,0,0,,0,,0,0,0,0,14,0,1,0,0,1,0,0,0,0,0,1,0,0,0,0,0,0,0,0,0,1,9,1,1,0,0,0,0,0,0,,,0,0,0,0,0,0,0,0,0,0,0,0,,,,0,0,0,0,0,0,0,,0,0,0,0,,0,0
00-0023158,B.Berlin,Brock Berlin,QB,QB,"https://static.www.nfl.com/image/private/f_auto,q_auto/league/oxkpflmrqjh6mb5h7fzw",2007,REG,LA,1,17,28,153,0,1,0,0,0,0,224,68,8,-0.527559571363489,3.20350170135498,0,0.683035714285714,3,-16,0,2,1,1,-8.23352026555222,0,0,0,0,0,0,0,0,0,0,,0,,,0,,0,1,0,0,0,0,0,0,0,0,0,0,0,0,0,0,0,0,1,0,0,0,0,0,0,0,0,0,0,0,0,0,,,0,0,0,0,0,0,0,0,0,0,0,0,,,,0,0,0,0,0,0,0,,0,0,0,0,,0.52,0.52
00-0023173,J.Denney,John Denney,LS,SPEC,"https://static.www.nfl.com/image/private/f_auto,q_auto/league/r592pzrlchblgsanedxc",2007,REG,MIA,2,0,0,0,0,0,0,0,0,0,0,0,0,,,0,,0,0,0,0,0,0,,0,0,0,0,0,0,0,0,0,0,,0,,,0,,0,2,0,0,0,0,0,0,0,0,0,0,0,0,0,0,0,0,0,0,0,0,1,5,0,0,0,0,0,0,0,0,,,0,0,0,0,0,0,0,0,0,0,0,0,,,,0,0,0,0,0,0,0,,0,0,0,0,,0,0
00-0023174,S.Fraser,Simon Fraser,DE,DL,"https://static.www.nfl.com/image/private/f_auto,q_auto/league/l05susv9xsub8byzhlwb",2007,REG,CLE,10,0,0,0,0,0,0,0,0,0,0,0,0,,,0,,0,0,0,0,0,0,,0,0,0,0,0,0,0,0,0,0,,0,,0,0,0,0,6,5,3,0,0,0,0,0,0,0,0,1,0,0,0,0,0,0,1,1,0,1,15,0,0,0,0,0,0,0,0,,,0,0,0,0,0,0,0,0,0,0,0,0,,,,0,0,0,0,0,0,0,,0,0,0,0,,0,0
00-0023176,J.Cribbs,Josh Cribbs,WR,WR,"https://static.www.nfl.com/image/private/f_auto,q_auto/league/biljapl7dpexygnojajq",2007,REG,CLE,16,0,0,0,0,0,0,0,0,0,0,0,0,1.053,,1,,9,61,0,0,0,3,2.69486741389846,0,3,0,37,0,1,0,0,19,3,3.92250236950349,0,0,0,0,0,3,16,1,3,0,0,0,0,0,0,0,0,0,0,3,0,0,2,2,0,0,0,3,35,30,405,59,1809,0,0,0,0,,,0,0,0,0,0,0,0,0,0,0,0,0,,,,0,0,0,0,0,0,0,,0,0,0,0,,29.8,32.8
00-0023177,J.Condo,Jon Condo,LS,SPEC,"https://static.www.nfl.com/image/private/f_auto,q_auto/league/pyy47jv0byo9lhyngja9",2007,REG,LV,7,0,0,0,0,0,0,0,0,0,0,0,0,,,0,,0,0,0,0,0,0,,0,0,0,0,0,0,0,0,0,0,,0,,,0,,0,5,1,2,0,0,0,0,0,0,0,0,0,0,0,0,0,0,0,0,0,0,0,0,0,0,0,0,0,0,0,0,,,0,0,0,0,0,0,0,0,0,0,0,0,,,,0,0,0,0,0,0,0,,0,0,0,0,,0,0
00-0023179,T.Curtis,Tony Curtis,TE,TE,"https://static.www.nfl.com/image/private/f_auto,q_auto/league/dpg0q9yx5tgtaf3ffdbw",2007,REG,DAL,8,0,0,0,0,0,0,0,0,0,0,0,0,,,0,,0,0,0,0,0,0,,0,3,0,18,3,0,0,0,0,3,4.39203085406916,0,0,,0,,0,3,0,1,0,0,1,0,0,0,0,0,0,0,0,0,0,0,0,0,0,0,0,0,0,0,3,27,0,0,0,0,,,0,0,0,0,0,0,0,0,0,0,0,0,,,,0,0,0,0,0,0,0,,0,0,0,0,,19.8,22.8
00-0023186,L.Torrence,Leigh Torrence,DB,DB,"https://static.www.nfl.com/image/private/f_auto,q_auto/league/bvmjfwa4ylwlgtdd0nmh",2007,REG+POST,WAS,13,0,0,0,0,0,0,0,0,0,0,0,0,,,0,,0,0,0,0,0,0,,0,0,0,0,0,0,0,0,0,0,,0,,,0,,0,28,9,9,0,0,0,1,8,1,0,0,1,0,0,0,0,0,0,0,0,0,4,27,0,0,0,0,0,0,0,0,,,0,0,0,0,0,0,0,0,0,0,0,0,,,,0,0,0,0,0,0,0,,0,0,0,0,,0,0
00-0023192,T.Thompson,Tyson Thompson,RB,RB,"https://static.www.nfl.com/image/private/f_auto,q_auto/league/ssakrcg2pwr60dq4dgge",2007,REG,DAL,8,0,0,0,0,0,0,0,0,0,0,0,0,,,0,,14,54,0,0,0,3,-3.50808906933526,0,0,0,0,0,0,0,0,0,0,,0,,,0,,0,0,0,0,0,0,0,0,0,0,0,0,0,0,0,0,0,0,0,0,0,0,0,0,0,0,20,471,0,0,0,0,,,0,0,0,0,0,0,0,0,0,0,0,0,,,,0,0,0,0,0,0,0,,0,0,0,0,,5.4,5.4
00-0023199,D.Reid,Darrell Reid,DE,DL,"https://static.www.nfl.com/image/private/f_auto,q_auto/league/sfycsrwr5la2npbjlzlk",2007,REG+POST,IND,14,0,0,0,0,0,0,0,0,0,0,0,0,,,0,,0,0,0,0,0,0,,0,0,0,0,0,0,0,0,0,0,,0,,,0,,0,22,4,6,0,0,0,0,0,1,0,0,0,0,0,0,0,0,0,2,2,0,1,15,0,0,1,15,0,0,0,0,,,0,0,0,0,0,0,0,0,0,0,0,0,,,,0,0,0,0,0,0,0,,0,0,0,0,,0,0
00-0023213,A.Francisco,Aaron Francisco,S,DB,"https://static.www.nfl.com/image/private/f_auto,q_auto/league/agt6bgudhdxc0hwyk9i8",2007,REG,ARI,10,0,0,0,0,0,0,0,0,0,0,0,0,,,0,,0,0,0,0,0,0,,0,0,0,0,0,0,0,0,0,0,,0,,,0,,0,21,6,4,0,0,0,0,0,0,0,0,0,0,0,0,0,0,0,0,0,0,1,8,0,0,0,0,0,0,0,0,,,0,0,0,0,0,0,0,0,0,0,0,0,,,,0,0,0,0,0,0,0,,0,0,0,0,,0,0
00-0023215,H.Farwell,Heath Farwell,LB,LB,"https://static.www.nfl.com/image/private/f_auto,q_auto/league/joqsz4ut9jmmquhtsdoh",2007,REG,MIN,13,0,0,0,0,0,0,0,0,0,0,0,0,,,0,,0,0,0,0,0,0,,0,0,0,0,0,0,0,0,0,0,,0,,,0,,0,24,1,5,0,0,0,0,0,0,0,0,0,0,0,0,0,1,1,0,0,0,1,4,0,0,0,0,0,0,0,0,,,0,0,0,0,0,0,0,0,0,0,0,0,,,,0,0,0,0,0,0,0,,0,0,0,0,,0,0
00-0023219,T.Bulman,Tim Bulman,DT,DL,"https://static.www.nfl.com/image/private/f_auto,q_auto/league/o1lspd0ptvvptjfvhffq",2007,REG,HOU,2,0,0,0,0,0,0,0,0,0,0,0,0,,,0,,0,0,0,0,0,0,,0,0,0,0,0,0,0,0,0,0,,0,,0,0,0,0,1,1,0,0,0,0,0,0,1,0,0,0,0,0,0,0,0,0,0,0,0,0,0,0,0,0,0,0,0,0,0,,,0,0,0,0,0,0,0,0,0,0,0,0,,,,0,0,0,0,0,0,0,,0,0,0,0,,0,0
00-0023234,M.Koenen,Michael Koenen,P,SPEC,"https://static.www.nfl.com/image/private/f_auto,q_auto/league/hu8j84jf4ytn55rny2w0",2007,REG,ATL,16,0,0,0,0,0,0,0,0,0,0,0,0,,,0,,1,0,0,1,1,1,-2.95684341050219,0,0,0,0,0,0,0,0,0,0,,0,,0,0,0,0,3,0,1,0,0,0,0,0,0,0,0,0,0,0,0,0,0,1,0,0,0,0,0,0,0,0,0,0,2,2,0,,0,0,0,0,0,0,0,0,0,0,0,2,0,,53;50,,0,103,0,0,0,0,0,,0,0,0,0,,-2,-2
00-0023241,D.Haley,Dennis Haley,LB,LB,"https://static.www.nfl.com/image/private/f_auto,q_auto/league/nm9pi9o6p2an1cv4cfxl",2007,REG,BAL,1,0,0,0,0,0,0,0,0,0,0,0,0,,,0,,0,0,0,0,0,0,,0,0,0,0,0,0,0,0,0,0,,0,,,0,,0,1,0,0,0,0,0,0,0,0,0,0,0,0,0,0,0,0,0,0,0,0,1,9,0,0,0,0,0,0,0,0,,,0,0,0,0,0,0,0,0,0,0,0,0,,,,0,0,0,0,0,0,0,,0,0,0,0,,0,0
00-0023251,K.Eckel,Kyle Eckel,RB,RB,"https://static.www.nfl.com/image/private/f_auto,q_auto/league/wfubjtrcapebpohtr1os",2007,REG+POST,NE,12,0,0,0,0,0,0,0,0,0,0,0,0,,,0,,32,87,2,0,0,5,-2.84252991067478,0,1,0,6,0,0,0,0,1,0,0.278625155217014,0,0,,0,,0,8,2,3,0,0,1,0,0,0,0,0,0,0,0,0,0,0,0,0,0,0,1,5,0,0,0,0,0,0,0,0,,,0,0,0,0,0,0,0,0,0,0,0,0,,,,0,0,0,0,0,0,0,,0,0,0,0,,21.3,22.3
00-0023252,R.Gould,Robbie Gould,K,SPEC,"https://static.www.nfl.com/image/private/f_auto,q_auto/league/uakpiwhnutg2rvoyrmgh",2007,REG,CHI,16,0,1,0,0,0,0,0,0,0,19,0,0,-2.18674096866744,-24.3717044591904,0,0,0,0,0,0,0,0,,0,0,0,0,0,0,0,0,0,0,,0,,,0,,0,0,0,0,0,0,0,0,0,0,0,0,0,0,0,0,0,0,0,0,0,0,0,0,0,0,0,0,31,36,3,2,49,0.861111111111111,0,7,12,12,0,0,0,0,1,1,1,0,27;47;38;20;49;41;44;36;32;31;22;41;45;32;31;47;48;24;44;39;35;46;41;30;22;21;29;47;31;35;39,39;40;53,52;48,1114,132,100,33,33,0,0,1,1,1,0,0,39,0,0
00-0023255,M.Wright,Mike Wright,DT,DL,"https://static.www.nfl.com/image/private/f_auto,q_auto/league/e8szvdxvpjrsttqk9jee",2007,REG,NE,5,0,0,0,0,0,0,0,0,0,0,0,0,,,0,,0,0,0,0,0,0,,0,0,0,0,0,0,0,0,0,0,,0,,,0,,0,7,1,1,0,0,0,0,0,0,0,0,0,0,0,0,0,0,0,0,0,0,0,0,0,0,0,0,0,0,0,0,,,0,0,0,0,0,0,0,0,0,0,0,0,,,,0,0,0,0,0,0,0,,0,0,0,0,,0,0
00-0023259,L.Alexander,Lorenzo Alexander,OLB,LB,"https://static.www.nfl.com/image/private/f_auto,q_auto/league/rr7kcy09b67a7q6ma6lx",2007,REG,WAS,6,0,0,0,0,0,0,0,0,0,0,0,0,,,0,,0,0,0,0,0,0,,0,0,0,0,0,0,0,0,0,0,,0,,,0,,0,1,1,2,0,0,0,0,0,1,0,0,0,0,0,0,0,0,0,0,0,0,3,20,0,0,1,10,0,0,0,0,,,0,0,0,0,0,0,0,0,0,0,0,0,,,,0,0,0,0,0,0,0,,0,0,0,0,,0,0
00-0023287,J.Leonhard,Jim Leonhard,FS,DB,"https://static.www.nfl.com/image/private/f_auto,q_auto/league/w9hmdrkndypmrxjoyqdn",2007,REG,BUF,11,0,0,0,0,0,0,0,0,0,0,0,0,,,0,,0,0,0,0,0,0,,0,0,0,0,0,0,0,0,0,0,,0,,0,0,0,0,37,7,10,0,0,0,0,0,0,2,60,3,0,2,0,0,0,0,0,0,0,0,0,4,36,2,32,0,0,0,0,,,0,0,0,0,0,0,0,0,0,0,0,0,,,,0,0,0,0,0,0,0,,0,0,0,0,,0,0
00-0023288,E.Oglesby,Evan Oglesby,DB,DB,"https://static.www.nfl.com/image/private/f_auto,q_auto/league/xhulhxigpuo1fhfbplsz",2007,REG,DAL,2,0,0,0,0,0,0,0,0,0,0,0,0,,,0,,0,0,0,0,0,0,,0,0,0,0,0,0,0,0,0,0,,0,,,0,,0,3,0,1,0,0,0,0,0,0,0,0,0,0,0,0,0,0,0,0,0,0,0,0,0,0,0,0,0,0,0,0,,,0,0,0,0,0,0,0,0,0,0,0,0,,,,0,0,0,0,0,0,0,,0,0,0,0,,0,0
00-0023298,L.Ladouceur,L.P. LaDouceur,LS,SPEC,"https://static.www.nfl.com/image/private/f_auto,q_auto/league/b9a7s0amdroxdktpmsgp",2007,REG,DAL,2,0,0,0,0,0,0,0,0,0,0,0,0,,,0,,0,0,0,0,0,0,,0,0,0,0,0,0,0,0,0,0,,0,,,0,,0,2,0,0,0,0,0,0,0,0,0,0,0,0,0,0,0,0,0,0,0,0,0,0,0,0,0,0,0,0,0,0,,,0,0,0,0,0,0,0,0,0,0,0,0,,,,0,0,0,0,0,0,0,,0,0,0,0,,0,0
00-0023310,L.Moore,Lance Moore,WR,WR,"https://static.www.nfl.com/image/private/f_auto,q_auto/league/bfjxc892mfkni8ywtheh",2007,REG,NO,16,0,0,0,0,0,0,0,0,0,0,0,0,,,0,,2,7,1,0,0,1,0.887896106112748,0,32,0,302,2,0,0,0,59,22,27.5255107311332,0,0,0,0,0,0,1,0,0,0,0,0,0,0,0,0,0,0,0,2,0,0,1,1,1,1,0,2,16,20,185,17,318,0,0,0,0,,,0,0,0,0,0,0,0,0,0,0,0,0,,,,0,0,0,0,0,0,0,,0,0,0,0,,48.9,80.9
00-0023313,I.Ekejiuba,Isaiah Ekejiuba,LB,LB,"https://static.www.nfl.com/image/private/f_auto,q_auto/league/gavri3gmc3gxkk4nhp7h",2007,REG,LV,8,0,0,0,0,0,0,0,0,0,0,0,0,,,0,,0,0,0,0,0,0,,0,0,0,0,0,0,0,0,0,0,,0,,,0,,0,11,0,1,0,0,0,0,0,0,0,0,0,0,0,0,0,0,0,0,0,0,0,0,0,0,0,0,0,0,0,0,,,0,0,0,0,0,0,0,0,0,0,0,0,,,,0,0,0,0,0,0,0,,0,0,0,0,,0,0
00-0023316,R.Ventrone,Raymond Ventrone,DB,DB,"https://static.www.nfl.com/image/private/f_auto,q_auto/league/nbfoh2iyim17lzihj1ra",2007,POST,NE,1,0,0,0,0,0,0,0,0,0,0,0,0,,,0,,0,0,0,0,0,0,,0,0,0,0,0,0,0,0,0,0,,0,,,0,,0,1,0,0,0,0,0,0,0,0,0,0,0,0,0,0,0,0,0,0,0,0,0,0,0,0,0,0,0,0,0,0,,,0,0,0,0,0,0,0,0,0,0,0,0,,,,0,0,0,0,0,0,0,,0,0,0,0,,0,0
00-0023327,G.Gibson,Gary Gibson,DT,DL,"https://static.www.nfl.com/image/private/f_auto,q_auto/league/idg307evtinrxpyw8w8g",2007,REG,CAR,1,0,0,0,0,0,0,0,0,0,0,0,0,,,0,,0,0,0,0,0,0,,0,0,0,0,0,0,0,0,0,0,,0,,0,0,0,0,1,0,0,0,0,0,0,0,0,0,0,0,0,0,0,0,0,0,0,0,0,0,0,0,0,0,0,0,0,0,0,,,0,0,0,0,0,0,0,0,0,0,0,0,,,,0,0,0,0,0,0,0,,0,0,0,0,,0,0
00-0023331,M.Katula,Matt Katula,LS,SPEC,"https://static.www.nfl.com/image/private/f_auto,q_auto/league/os6uzlr4e3qslkrlfdjm",2007,REG,BAL,5,0,0,0,0,0,0,0,0,0,0,0,0,,,0,,0,0,0,0,0,0,,0,0,0,0,0,0,0,0,0,0,,0,,,0,,0,3,0,1,0,0,0,0,0,0,0,0,0,0,0,0,0,0,0,0,0,0,1,5,0,0,0,0,0,0,0,0,,,0,0,0,0,0,0,0,0,0,0,0,0,,,,0,0,0,0,0,0,0,,0,0,0,0,,0,0
00-0023351,S.Thomas,Santonio Thomas,DT,DL,"https://static.www.nfl.com/image/private/f_auto,q_auto/league/s8djak3xxd6n7n5smlmq",2007,REG,NE,2,0,0,0,0,0,0,0,0,0,0,0,0,,,0,,0,0,0,0,0,0,,0,0,0,0,0,0,0,0,0,0,,0,,,0,,0,1,1,1,0,0,0,0,0,0,0,0,0,0,0,0,0,0,0,0,0,0,0,0,0,0,0,0,0,0,0,0,,,0,0,0,0,0,0,0,0,0,0,0,0,,,,0,0,0,0,0,0,0,,0,0,0,0,,0,0
00-0023354,B.McGowan,Brandon McGowan,FS,DB,"https://static.www.nfl.com/image/private/f_auto,q_auto/league/cebjkajuxls4wstpatwu",2007,REG,CHI,14,0,0,0,0,0,0,0,0,0,0,0,0,,,0,,0,0,0,0,0,0,,0,0,0,0,0,0,0,0,0,0,,0,,,0,,0,47,11,10,0,0,1,0,0,0,2,5,3,0,1,0,0,0,0,1,1,0,2,19,1,0,0,0,0,0,0,0,,,0,0,0,0,0,0,0,0,0,0,0,0,,,,0,0,0,0,0,0,0,,0,0,0,0,,0,0
00-0023361,J.Coston,Junius Coston,C,OL,"https://static.www.nfl.com/image/private/f_auto,q_auto/league/guo0v0wmvk1whovzenyq",2007,REG,GB,1,0,0,0,0,0,0,0,0,0,0,0,0,,,0,,0,0,0,0,0,0,,0,0,0,0,0,0,0,0,0,0,,0,,0,0,0,0,0,0,0,0,0,0,0,0,0,0,0,0,0,0,0,0,0,0,0,0,0,1,5,0,0,0,0,0,0,0,0,,,0,0,0,0,0,0,0,0,0,0,0,0,,,,0,0,0,0,0,0,0,,0,0,0,0,,0,0
00-0023362,C.Kemoeatu,Chris Kemoeatu,G,OL,"https://static.www.nfl.com/image/private/f_auto,q_auto/league/y7ipr0evw6irotqpnoyx",2007,REG,PIT,1,0,0,0,0,0,0,0,0,0,0,0,0,,,0,,0,0,0,0,0,0,,0,0,0,0,0,0,0,0,0,0,,0,,,0,,0,0,0,0,0,0,0,0,0,0,0,0,0,0,0,0,0,0,0,0,0,0,1,5,0,0,0,0,0,0,0,0,,,0,0,0,0,0,0,0,0,0,0,0,0,,,,0,0,0,0,0,0,0,,0,0,0,0,,0,0
00-0023363,R.Lloyd,Rhys Lloyd,K,SPEC,"https://static.www.nfl.com/image/private/f_auto,q_auto/league/wj41k7mmf8ggf9ptea9r",2007,REG,CAR,3,0,0,0,0,0,0,0,0,0,0,0,0,,,0,,0,0,0,0,0,0,,0,0,0,0,0,0,0,0,0,0,,0,,,0,,0,0,0,0,0,0,0,0,0,0,0,0,0,0,0,0,0,0,0,0,0,0,0,0,0,0,0,0,0,0,0,0,,,0,0,0,0,0,0,0,0,0,0,0,0,,,,0,0,0,0,0,0,0,,0,0,0,0,,0,0
00-0023367,N.Washington,Nate Washington,WR,WR,"https://static.www.nfl.com/image/private/f_auto,q_auto/league/tfd0wzddpwzhmhunbowa",2007,REG+POST,PIT,15,0,0,0,0,0,0,0,0,0,0,0,0,,,0,,1,0,0,0,0,0,-0.799402219709009,0,30,0,458,5,0,0,0,79,22,44.1705803753722,0,0,,0,,0,3,0,0,0,0,1,0,0,0,0,0,0,0,0,0,0,0,0,0,0,0,1,10,0,0,0,0,0,0,0,0,,,0,0,0,0,0,0,0,0,0,0,0,0,,,,0,0,0,0,0,0,0,,0,0,0,0,,75.8,105.8
00-0023376,A.Spann,Antwain Spann,DB,DB,"https://static.www.nfl.com/image/private/f_auto,q_auto/league/pbeprg83f6yh5gjzmc3m",2007,REG,NE,1,0,0,0,0,0,0,0,0,0,0,0,0,,,0,,0,0,0,0,0,0,,0,0,0,0,0,0,0,0,0,0,,0,,,0,,0,1,0,0,0,0,0,0,0,0,0,0,0,0,0,0,0,0,0,0,0,0,0,0,0,0,0,0,0,0,0,0,,,0,0,0,0,0,0,0,0,0,0,0,0,,,,0,0,0,0,0,0,0,,0,0,0,0,,0,0
00-0023384,Z.Keasey,Zak Keasey,FB,RB,"https://static.www.nfl.com/image/private/f_auto,q_auto/league/jryyt8zxqeohwhmns13q",2007,REG,SF,7,0,0,0,0,0,0,0,0,0,0,0,0,,,0,,2,4,0,0,0,0,-2.20917746509076,0,0,0,0,0,0,0,0,0,0,,0,,0,0,0,0,5,0,2,0,0,0,0,0,0,0,0,0,0,0,0,0,0,0,0,0,0,2,15,0,0,0,0,0,0,0,0,,,0,0,0,0,0,0,0,0,0,0,0,0,,,,0,0,0,0,0,0,0,,0,0,0,0,,0.4,0.4
00-0023404,A.Bigby,Atari Bigby,S,DB,"https://static.www.nfl.com/image/private/f_auto,q_auto/league/d9xlczamxtkszogwdkkr",2007,REG+POST,GB,18,0,0,0,0,0,0,0,0,0,0,0,0,,,0,,0,0,0,0,0,0,,0,0,0,0,0,0,0,0,0,0,,0,,0,0,0,0,70,8,24,0,0,4,0,0,0,5,50,10,0,0,0,0,0,0,0,0,0,8,121,0,0,0,0,0,0,0,0,,,0,0,0,0,0,0,0,0,0,0,0,0,,,,0,0,0,0,0,0,0,,0,0,0,0,,0,0
00-0023405,A.Elam,Abram Elam,FS,DB,"https://static.www.nfl.com/image/private/f_auto,q_auto/league/anr4w3fg4frespolru3v",2007,REG,NYJ,9,0,0,0,0,0,0,0,0,0,0,0,0,,,0,,0,0,0,0,0,0,,0,0,0,0,0,0,0,0,0,0,,0,,,0,,0,33,6,14,0,0,0,0,0,1,0,0,2,0,0,0,-2,0,0,0,0,0,3,28,0,0,0,0,0,0,0,0,,,0,0,0,0,0,0,0,0,0,0,0,0,,,,0,0,0,0,0,0,0,,0,0,0,0,,0,0
00-0023408,G.Camarillo,Greg Camarillo,WR,WR,"https://static.www.nfl.com/image/private/f_auto,q_auto/league/zugugljoxmiyzvlfmbfl",2007,REG,MIA,8,0,0,0,0,0,0,0,0,0,0,0,0,,,0,,0,0,0,0,0,0,,0,8,0,160,2,0,0,0,67,6,14.6311392667412,0,0,,0,,0,3,0,0,0,0,0,0,0,0,0,0,0,0,0,0,0,1,1,0,0,0,2,15,0,0,0,3,0,0,0,0,,,0,0,0,0,0,0,0,0,0,0,0,0,,,,0,0,0,0,0,0,0,,0,0,0,0,,28,36
00-0023429,R.Davis,Rashied Davis,WR,WR,"https://static.www.nfl.com/image/private/f_auto,q_auto/league/hsytv4zfwtmmo33ovjkq",2007,REG,CHI,14,0,0,0,0,0,0,0,0,0,0,0,0,,,0,,0,0,0,0,0,0,,0,17,0,165,0,0,0,0,61,8,6.9514059057467,0,0,,0,,0,9,1,0,0,0,0,0,0,0,0,0,0,0,0,0,0,0,0,0,0,0,2,19,0,0,12,168,0,0,0,0,,,0,0,0,0,0,0,0,0,0,0,0,0,,,,0,0,0,0,0,0,0,,0,0,0,0,,16.5,33.5
00-0023436,A.Smith,Alex Smith,QB,QB,"https://static.www.nfl.com/image/private/f_auto,q_auto/league/hinmlhyjffsmq6bwq6tk",2007,REG,SF,7,94,193,914,2,4,17,-121,6,5,1819,317,47,-72.6449797024912,-10.8420878490235,0,0.502473886750962,13,89,0,0,0,5,6.19720382970991,0,0,0,0,0,0,0,0,0,0,,0,,0,0,0,0,1,0,0,0,0,0,0,0,0,0,0,0,0,0,0,0,0,0,0,0,0,3,22,0,0,0,0,0,0,0,0,,,0,0,0,0,0,0,0,0,0,0,0,0,,,,0,0,0,0,0,0,0,,0,0,0,0,,35.46,35.46
00-0023437,R.Brown,Ronnie Brown,RB,RB,"https://static.www.nfl.com/image/private/f_auto,q_auto/league/hymv5mzqoztkacjoyitr",2007,REG,MIA,7,0,0,0,0,0,0,0,0,0,0,0,0,,,0,,119,602,4,0,0,39,23.5910036092499,1,39,0,389,1,0,0,0,361,18,21.2155065164552,0,0,,0,,0,1,0,0,0,0,0,0,0,0,0,0,0,0,0,0,0,0,0,0,0,0,0,0,0,0,0,0,0,0,0,0,,,0,0,0,0,0,0,0,0,0,0,0,0,,,,0,0,0,0,0,0,0,,0,0,0,0,,131.1,170.1
00-0023438,B.Edwards,Braylon Edwards,WR,WR,"https://static.www.nfl.com/image/private/f_auto,q_auto/league/ryuel7mxiqtyhyqn4lyn",2007,REG,CLE,16,0,0,0,0,0,0,0,0,0,0,0,0,,,0,,0,0,0,0,0,0,,0,80,0,1289,16,3,2,0,426,57,112.810348721024,0,0,0,0,0,0,6,0,0,0,0,0,0,0,0,0,0,0,0,0,0,0,0,0,0,0,0,5,38,0,0,0,0,0,0,0,0,,,0,0,0,0,0,0,0,0,0,0,0,0,,,,0,0,0,0,0,0,0,,0,0,0,0,,220.9,300.9
00-0023439,C.Benson,Cedric Benson,RB,RB,"https://static.www.nfl.com/image/private/f_auto,q_auto/league/zylz83taoocxvkphhyru",2007,REG,CHI,11,0,0,0,0,0,0,0,0,0,0,0,0,,,0,,197,678,4,3,2,33,-37.379237732299,0,17,0,123,0,0,0,0,119,5,6.90654161595739,0,0,,0,,0,0,0,0,0,0,0,0,0,0,0,0,0,0,0,0,0,2,2,0,0,0,0,0,0,0,0,0,0,0,0,0,,,0,0,0,0,0,0,0,0,0,0,0,0,,,,0,0,0,0,0,0,0,,0,0,0,0,,100.1,117.1
00-0023440,C.Williams,Cadillac Williams,RB,RB,"https://static.www.nfl.com/image/private/f_auto,q_auto/league/izl4babukq5ucpbmcx5l",2007,REG,TB,4,0,0,0,0,0,0,0,0,0,0,0,0,,,0,,54,208,3,1,1,12,-7.30339814847685,0,3,0,17,0,1,1,0,7,0,-5.36936672241427,0,0,0,0,0,0,0,0,0,0,0,0,0,0,0,0,0,0,0,0,0,0,0,0,0,0,0,0,0,0,0,0,0,0,0,0,0,,,0,0,0,0,0,0,0,0,0,0,0,0,,,,0,0,0,0,0,0,0,,0,0,0,0,,36.5,39.5
00-0023442,T.Williamson,Troy Williamson,WR,WR,"https://static.www.nfl.com/image/private/f_auto,q_auto/league/ws7mfewaatqhoa8qemqv",2007,REG,MIN,10,0,0,0,0,0,0,0,0,0,0,0,0,,,0,,2,29,0,0,0,1,1.34184685244691,0,18,0,240,1,0,0,0,51,9,19.8323086265009,0,0,,0,,0,1,0,0,0,0,0,0,0,0,0,0,0,0,0,0,0,0,0,0,0,0,1,5,0,0,17,387,0,0,0,0,,,0,0,0,0,0,0,0,0,0,0,0,0,,,,0,0,0,0,0,0,0,,0,0,0,0,,32.9,50.9
00-0023443,A.Rolle,Antrel Rolle,S,DB,"https://static.www.nfl.com/image/private/f_auto,q_auto/league/issrtvdibba1d0c1msjb",2007,REG,ARI,16,0,0,0,0,0,0,0,0,0,0,0,0,,,0,,0,0,0,0,0,0,,0,0,0,0,0,0,0,0,0,0,,0,,,0,,0,46,6,10,0,0,0,0,0,0,5,231,10,3,0,0,0,0,0,0,0,0,7,78,0,0,0,0,0,0,0,0,,,0,0,0,0,0,0,0,0,0,0,0,0,,,,0,0,0,0,0,0,0,,0,0,0,0,,0,0
00-0023444,C.Rogers,Carlos Rogers,CB,DB,"https://static.www.nfl.com/image/private/f_auto,q_auto/league/tznzojya9tls0yxe0kzg",2007,REG,WAS,7,0,0,0,0,0,0,0,0,0,0,0,0,,,0,,0,0,0,0,0,0,,0,0,0,0,0,0,0,0,0,0,,0,,,0,,0,14,6,5,0,0,0,0,0,0,1,61,7,1,0,0,0,0,0,0,0,0,3,38,0,0,0,0,0,0,0,0,,,0,0,0,0,0,0,0,0,0,0,0,0,,,,0,0,0,0,0,0,0,,0,0,0,0,,0,0
00-0023445,D.Ware,DeMarcus Ware,OLB,LB,"https://static.www.nfl.com/image/private/f_auto,q_auto/league/clnaq1ruhdz5wmquavs6",2007,REG+POST,DAL,17,0,0,0,0,0,0,0,0,0,0,0,0,,,0,,0,0,0,0,0,0,,0,0,0,0,0,0,0,0,0,0,,0,,,0,,0,61,2,25,0,0,4,15,119.5,25,0,0,4,0,0,0,0,0,0,0,0,0,9,60,0,0,0,0,0,0,0,0,,,0,0,0,0,0,0,0,0,0,0,0,0,,,,0,0,0,0,0,0,0,,0,0,0,0,,0,0
00-0023446,S.Merriman,Shawne Merriman,DE,DL,"https://static.www.nfl.com/image/private/f_auto,q_auto/league/ocadbyhissdjtvcsx47y",2007,REG+POST,LAC,18,0,0,0,0,0,0,0,0,0,0,0,0,,,0,,0,0,0,0,0,0,,0,0,0,0,0,0,0,0,0,0,,0,,,0,,0,48,16,16,0,0,3,13.5,85,19,0,0,6,0,0,0,0,0,0,2,2,0,3,15,0,0,0,0,0,0,0,0,,,0,0,0,0,0,0,0,0,0,0,0,0,,,,0,0,0,0,0,0,0,,0,0,0,0,,0,0
00-0023447,J.Brown,Jammal Brown,OT,OL,"https://static.www.nfl.com/image/private/f_auto,q_auto/league/fd0wtluyzg38iivdjt6o",2007,REG,NO,7,0,0,0,0,0,0,0,0,0,0,0,0,,,0,,0,0,0,0,0,0,,0,0,0,0,0,0,0,0,0,0,,0,,0,0,0,0,0,0,0,0,0,0,0,0,0,0,0,0,0,0,0,0,0,0,0,0,0,9,60,0,0,0,0,0,0,0,0,,,0,0,0,0,0,0,0,0,0,0,0,0,,,,0,0,0,0,0,0,0,,0,0,0,0,,0,0
00-0023448,T.Davis,Thomas Davis,OLB,LB,"https://static.www.nfl.com/image/private/f_auto,q_auto/league/jyvd92kxkrpnhltrzlhy",2007,REG,CAR,16,0,0,0,0,0,0,0,0,0,0,0,0,,,0,,0,0,0,0,0,0,,0,0,0,0,0,0,0,0,0,0,,0,,0,0,0,0,67,4,16,0,0,2,3,22,6,1,0,5,0,0,0,0,0,0,1,1,0,6,56,0,0,0,0,0,0,0,0,,,0,0,0,0,0,0,0,0,0,0,0,0,,,,0,0,0,0,0,0,0,,0,0,0,0,,0,0
00-0023449,D.Johnson,Derrick Johnson,LB,LB,"https://static.www.nfl.com/image/private/f_auto,q_auto/league/klf4il8dwq34bs30x9wk",2007,REG,KC,16,0,0,0,0,0,0,0,0,0,0,0,0,,,0,,0,0,0,0,0,0,,0,0,0,0,0,0,0,0,0,0,,0,,,0,,0,69,14,11,0,0,3,4,34,7,2,18,6,0,0,0,0,0,0,0,0,0,3,35,0,0,0,0,0,0,0,0,,,0,0,0,0,0,0,0,0,0,0,0,0,,,,0,0,0,0,0,0,0,,0,0,0,0,,0,0
00-0023450,Travis.Johnson,Travis Johnson,DE,DL,"https://static.www.nfl.com/image/private/f_auto,q_auto/league/mox5v2yi8btapx7kaplq",2007,REG,HOU,15,0,0,0,0,0,0,0,0,0,0,0,0,,,0,,0,0,0,0,0,0,,0,0,0,0,0,0,0,0,0,0,,0,,0,0,0,0,24,3,14,0,0,0,0,0,0,1,0,5,0,0,0,0,0,0,0,0,0,6,67,0,0,0,0,0,0,0,0,,,0,0,0,0,0,0,0,0,0,0,0,0,,,,0,0,0,0,0,0,0,,0,0,0,0,,0,0
00-0023452,M.Williams,Mike Williams,WR,WR,"https://static.www.nfl.com/image/private/f_auto,q_auto/league/eobfl1e207nhtozuksg6",2007,REG,LV,5,0,0,0,0,0,0,0,0,0,0,0,0,,,0,,0,0,0,0,0,0,,0,7,0,90,0,1,1,0,26,3,0.54264375398634,0,0,,0,,0,0,0,0,0,0,0,0,0,0,0,0,0,0,0,0,0,0,0,0,0,0,1,10,0,0,0,0,0,0,0,0,,,0,0,0,0,0,0,0,0,0,0,0,0,,,,0,0,0,0,0,0,0,,0,0,0,0,,7,14
00-0023453,E.James,Erasmus James,DE,DL,"https://static.www.nfl.com/image/private/f_auto,q_auto/league/blpguplf6ynvbb8aavk1",2007,REG,MIN,4,0,0,0,0,0,0,0,0,0,0,0,0,,,0,,0,0,0,0,0,0,,0,0,0,0,0,0,0,0,0,0,,0,,,0,,0,4,1,2,0,0,0,1,8,2,0,0,0,0,0,0,0,0,0,0,0,0,0,0,0,0,0,0,0,0,0,0,,,0,0,0,0,0,0,0,0,0,0,0,0,,,,0,0,0,0,0,0,0,,0,0,0,0,,0,0
00-0023454,A.Barron,Alex Barron,OT,OL,"https://static.www.nfl.com/image/private/f_auto,q_auto/league/skigm49lyeqzztks39ot",2007,REG,LA,10,0,0,0,0,0,0,0,0,0,0,0,0,,,0,,0,0,0,0,0,0,,0,0,0,0,0,0,0,0,0,0,,0,,,0,,0,3,0,0,0,0,0,0,0,0,0,0,0,0,0,0,0,0,0,0,0,0,13,81,0,0,0,0,0,0,0,0,,,0,0,0,0,0,0,0,0,0,0,0,0,,,,0,0,0,0,0,0,0,,0,0,0,0,,0,0
00-0023455,M.Spears,Marcus Spears,DE,DL,"https://static.www.nfl.com/image/private/f_auto,q_auto/league/h8qeiruegruwuxuqctjy",2007,REG+POST,DAL,16,0,0,0,0,0,0,0,0,0,0,0,0,,,0,,0,0,0,0,0,0,,0,0,0,0,0,0,0,0,0,0,,0,,,0,,0,16,3,13,0,0,2,2,8,1,0,0,3,0,0,0,0,0,0,0,0,0,1,5,0,0,0,0,0,0,0,0,,,0,0,0,0,0,0,0,0,0,0,0,0,,,,0,0,0,0,0,0,0,,0,0,0,0,,0,0
00-0023456,M.Jones,Matt Jones,WR,WR,"https://static.www.nfl.com/image/private/f_auto,q_auto/league/socigessend0odql283f",2007,REG+POST,JAX,11,0,0,0,0,0,0,0,0,0,0,0,0,,,0,,0,0,0,0,0,0,,0,27,0,365,5,0,0,0,101,18,40.8939247023663,0,0,,0,,0,0,0,0,0,0,0,0,0,0,0,0,0,0,0,0,0,0,0,0,0,0,1,5,0,0,0,0,0,0,0,0,,,0,0,0,0,0,0,0,0,0,0,0,0,,,,0,0,0,0,0,0,0,,0,0,0,0,,66.5,93.5
00-0023457,M.Clayton,Mark Clayton,WR,WR,"https://static.www.nfl.com/image/private/f_auto,q_auto/league/uldvbkuemila91mfp5th",2007,REG,BAL,15,0,1,0,0,0,0,0,0,0,14,0,0,-0.411272879107855,-30.0139904022217,0,0,0,0,0,0,0,0,,0,48,0,531,0,0,0,0,115,30,36.5689550459885,0,0,,0,,0,2,0,0,0,0,0,0,0,0,0,0,0,0,0,0,0,0,0,0,0,0,0,0,0,0,0,0,0,0,0,0,,,0,0,0,0,0,0,0,0,0,0,0,0,,,,0,0,0,0,0,0,0,,0,0,0,0,,53.1,101.1
00-0023458,F.Washington,Fabian Washington,DB,DB,"https://static.www.nfl.com/image/private/f_auto,q_auto/league/tqvnlpkmnkqoruoqfddp",2007,REG,LV,12,0,0,0,0,0,0,0,0,0,0,0,0,,,0,,0,0,0,0,0,0,,0,0,0,0,0,0,0,0,0,0,,0,,,0,,0,32,1,7,0,0,1,0,0,0,1,0,8,0,0,0,0,0,0,0,0,0,1,15,0,0,0,0,0,0,0,0,,,0,0,0,0,0,0,0,0,0,0,0,0,,,,0,0,0,0,0,0,0,,0,0,0,0,,0,0
00-0023459,A.Rodgers,Aaron Rodgers,QB,QB,"https://static.www.nfl.com/image/upload/f_auto,q_auto/league/dypvakakxhccxs67tb0y",2007,REG,GB,2,20,28,218,1,0,3,-24,0,0,162,133,9,7.16624789137859,12.441585585475,0,1.34567901234568,7,29,0,0,0,3,2.52779101755004,0,0,0,0,0,0,0,0,0,0,,0,,0,0,0,0,0,0,0,0,0,0,0,0,0,0,0,0,0,0,0,0,0,0,0,0,0,0,0,0,0,0,0,0,0,0,0,,,0,0,0,0,0,0,0,0,0,0,0,0,,,,0,0,0,0,0,0,0,,0,0,0,0,,15.62,15.62
00-0023460,J.Campbell,Jason Campbell,QB,QB,"https://static.www.nfl.com/image/private/f_auto,q_auto/league/z8bqudw5oqygrc6wumbh",2007,REG,WAS,13,250,417,2700,12,11,20,-110,7,6,3575,1155,149,18.1791918437201,1.64943230361795,2,0.755244755244755,37,186,1,6,2,20,-2.69068650880573,0,0,0,0,0,0,0,0,0,0,,0,,,0,,0,0,0,0,0,0,0,0,0,0,0,0,0,0,0,0,0,4,7,0,0,0,3,25,0,0,0,0,0,0,0,0,,,0,0,0,0,0,0,0,0,0,0,0,0,,,,0,0,0,0,0,0,0,,0,0,0,0,,146.6,146.6
00-0023461,C.Spencer,Chris Spencer,C,OL,"https://static.www.nfl.com/image/private/f_auto,q_auto/league/jytpdv0zg1e3zjsyq62j",2007,REG+POST,SEA,7,0,0,0,0,0,0,0,0,0,0,0,0,,,0,,0,0,0,0,0,0,,0,0,0,0,0,0,0,0,0,0,,0,,0,0,0,0,3,0,0,0,0,0,0,0,0,0,0,0,0,0,0,0,1,1,0,0,0,3,20,0,0,0,0,0,0,0,0,,,0,0,0,0,0,0,0,0,0,0,0,0,,,,0,0,0,0,0,0,0,,0,0,0,0,,0,0
00-0023462,R.White,Roddy White,WR,WR,"https://static.www.nfl.com/image/private/f_auto,q_auto/league/f7dgklg6z49fbdltwuki",2007,REG,ATL,16,0,0,0,0,0,0,0,0,0,0,0,0,,,0,,1,-2,0,0,0,0,-0.900585065595806,0,83,0,1202,6,3,2,0,459,53,93.5588913947505,0,0,0,0,0,0,3,0,0,0,0,1,0,0,0,0,0,0,0,0,0,0,0,0,0,0,0,7,60,0,0,1,0,0,0,0,0,,,0,0,0,0,0,0,0,0,0,0,0,0,,,,0,0,0,0,0,0,0,,0,0,0,0,,152,235
00-0023463,L.Castillo,Luis Castillo,DE,DL,"https://static.www.nfl.com/image/private/f_auto,q_auto/league/mgete2fjhotkttmgqdhl",2007,REG+POST,LAC,12,0,0,0,0,0,0,0,0,0,0,0,0,,,0,,0,0,0,0,0,0,,0,0,0,0,0,0,0,0,0,0,,0,,,0,,0,17,13,15,0,0,0,5.5,29.5,8,0,0,1,0,0,0,0,0,0,0,0,0,0,0,0,0,0,0,0,0,0,0,,,0,0,0,0,0,0,0,0,0,0,0,0,,,,0,0,0,0,0,0,0,,0,0,0,0,,0,0
00-0023464,M.Jackson,Marlin Jackson,DB,DB,"https://static.www.nfl.com/image/private/f_auto,q_auto/league/ugkjbqwktsw7tvisjjlx",2007,REG+POST,IND,17,0,0,0,0,0,0,0,0,0,0,0,0,,,0,,0,0,0,0,0,0,,0,0,0,0,0,0,0,0,0,0,,0,,,0,,0,55,18,19,0,0,2,0.5,5.5,2,1,0,4,0,0,0,0,0,0,2,2,0,2,40,0,0,0,0,0,0,0,0,,,0,0,0,0,0,0,0,0,0,0,0,0,,,,0,0,0,0,0,0,0,,0,0,0,0,,0,0
00-0023465,H.Miller,Heath Miller,TE,TE,"https://static.www.nfl.com/image/private/f_auto,q_auto/league/iqw8fry4hgfvegs9nfuf",2007,REG+POST,PIT,17,0,0,0,0,0,0,0,0,0,0,0,0,,,0,,0,0,0,0,0,0,,0,55,0,651,8,0,0,0,245,37,62.3985375374393,0,0,,0,,0,4,1,0,0,0,0,0,0,0,0,0,0,0,0,0,0,1,1,0,0,0,6,54,0,0,0,0,0,0,0,0,,,0,0,0,0,0,0,0,0,0,0,0,0,,,,0,0,0,0,0,0,0,,0,0,0,0,,113.1,168.1
00-0023466,M.Patterson,Mike Patterson,DT,DL,"https://static.www.nfl.com/image/private/f_auto,q_auto/league/i5ok2ahrwisnyh9odw9k",2007,REG,PHI,16,0,0,0,0,0,0,0,0,0,0,0,0,,,0,,0,0,0,0,0,0,,0,0,0,0,0,0,0,0,0,0,,0,,0,0,0,0,42,8,16,0,0,1,3.5,28.5,4,0,0,1,0,0,0,0,0,0,1,1,0,2,9,0,0,0,0,0,0,0,0,,,0,0,0,0,0,0,0,0,0,0,0,0,,,,0,0,0,0,0,0,0,,0,0,0,0,,0,0
00-0023467,L.Mankins,Logan Mankins,G,OL,"https://static.www.nfl.com/image/private/f_auto,q_auto/league/unf3wt7vrjde0crr3o6n",2007,REG,NE,4,0,0,0,0,0,0,0,0,0,0,0,0,,,0,,0,0,0,0,0,0,,0,1,0,-9,0,0,0,0,0,0,-1.33572819433175,0,0,,0,,0,0,0,0,0,0,0,0,0,0,0,0,0,0,0,0,0,0,0,0,0,0,5,25,0,0,0,0,0,0,0,0,,,0,0,0,0,0,0,0,0,0,0,0,0,,,,0,0,0,0,0,0,0,,0,0,0,0,,-0.9,0.1
00-0023468,D.Baas,David Baas,C,OL,"https://static.www.nfl.com/image/private/f_auto,q_auto/league/z330sna9pafdv5opwupp",2007,REG,SF,4,0,0,0,0,0,0,0,0,0,0,0,0,,,0,,0,0,0,0,0,0,,0,0,0,0,0,0,0,0,0,0,,0,,0,0,0,0,1,0,0,0,0,0,0,0,0,0,0,0,0,0,0,0,0,0,0,0,0,3,20,0,0,0,0,0,0,0,0,,,0,0,0,0,0,0,0,0,0,0,0,0,,,,0,0,0,0,0,0,0,,0,0,0,0,,0,0
00-0023469,B.Pool,Brodney Pool,S,DB,"https://static.www.nfl.com/image/private/f_auto,q_auto/league/qhlhbprdi2k25p9htzvy",2007,REG,CLE,15,0,0,0,0,0,0,0,0,0,0,0,0,,,0,,0,0,0,0,0,0,,0,0,0,0,0,0,0,0,0,0,,0,,0,0,0,0,38,9,12,0,0,0,0.5,0,4,2,103,6,1,0,0,0,0,0,0,0,0,3,51,0,0,0,0,0,0,0,0,,,0,0,0,0,0,0,0,0,0,0,0,0,,,,0,0,0,0,0,0,0,,0,0,0,0,,0,0
00-0023470,R.Brown,Reggie Brown,WR,WR,"https://static.www.nfl.com/image/private/f_auto,q_auto/league/m3ke4f6strkpry10kxkk",2007,REG,PHI,16,0,0,0,0,0,0,0,0,0,0,0,0,,,0,,5,36,0,0,0,2,1.26624703989364,0,61,0,780,4,1,0,0,177,38,71.0671342902341,0,0,0,0,0,0,5,0,0,0,0,0,0,0,0,0,0,0,0,0,0,0,0,0,0,0,0,0,0,0,0,0,0,0,0,0,0,,,0,0,0,0,0,0,0,0,0,0,0,0,,,,0,0,0,0,0,0,0,,0,0,0,0,,105.6,166.6
00-0023471,B.Ruud,Barrett Ruud,ILB,LB,"https://static.www.nfl.com/image/private/f_auto,q_auto/league/kjgl8mdjc7ewyhwadwov",2007,REG+POST,TB,16,0,0,0,0,0,0,0,0,0,0,0,0,,,0,,0,0,0,0,0,0,,0,0,0,0,0,0,0,0,0,0,,0,,0,0,0,0,65,22,34,0,0,4,0,0,2,2,7,3,0,0,0,0,0,0,3,3,0,0,0,0,0,0,0,0,0,0,0,,,0,0,0,0,0,0,0,0,0,0,0,0,,,,0,0,0,0,0,0,0,,0,0,0,0,,0,0
00-0023472,S.Cody,Shaun Cody,NT,DL,"https://static.www.nfl.com/image/private/f_auto,q_auto/league/h7yfatovskrp1ursgkr9",2007,REG,DET,11,0,0,0,0,0,0,0,0,0,0,0,0,,,0,,0,0,0,0,0,0,,0,0,0,0,0,0,0,0,0,0,,0,,,0,,0,13,0,4,0,0,0,0,0,0,1,-2,1,0,0,0,0,0,0,0,0,0,2,10,0,0,0,0,0,0,0,0,,,0,0,0,0,0,0,0,0,0,0,0,0,,,,0,0,0,0,0,0,0,,0,0,0,0,,0,0
00-0023473,S.Routt,Stanford Routt,CB,DB,"https://static.www.nfl.com/image/private/f_auto,q_auto/league/utch4mkiudcu7k2ggyfr",2007,REG,LV,16,0,0,0,0,0,0,0,0,0,0,0,0,,,0,,0,0,0,0,0,0,,0,0,0,0,0,0,0,0,0,0,,0,,,0,,0,34,1,7,0,0,0,0,0,0,3,31,7,0,0,0,0,0,0,0,0,0,0,0,0,0,0,0,0,0,0,0,,,0,0,0,0,0,0,0,0,0,0,0,0,,,,0,0,0,0,0,0,0,,0,0,0,0,,0,0
00-0023474,M.Bradley,Mark Bradley,WR,WR,"https://static.www.nfl.com/image/private/f_auto,q_auto/league/tevbfasdx5iudbvfc5it",2007,REG,CHI,8,0,0,0,0,0,0,0,0,0,0,0,0,,,0,,0,0,0,0,0,0,,0,6,0,71,1,0,0,0,20,3,4.84366558829788,0,0,,0,,0,1,0,0,0,0,0,0,0,0,0,0,0,0,0,0,0,0,0,0,0,0,1,4,0,0,0,0,0,0,0,0,,,0,0,0,0,0,0,0,0,0,0,0,0,,,,0,0,0,0,0,0,0,,0,0,0,0,,13.1,19.1
00-0023475,J.Bullocks,Josh Bullocks,S,DB,"https://static.www.nfl.com/image/private/f_auto,q_auto/league/gnd2vezlbbbkh96utk25",2007,REG,NO,14,0,0,0,0,0,0,0,0,0,0,0,0,,,0,,0,0,0,0,0,0,,0,0,0,0,0,0,0,0,0,0,,0,,0,0,0,0,55,10,12,0,0,2,1,7,4,2,6,8,0,0,0,0,0,0,0,0,0,0,0,0,0,0,0,0,0,0,0,,,0,0,0,0,0,0,0,0,0,0,0,0,,,,0,0,0,0,0,0,0,,0,0,0,0,,0,0
00-0023476,M.Roos,Michael Roos,OT,OL,"https://static.www.nfl.com/image/private/f_auto,q_auto/league/irc2yeqmvpih9xqcd6tf",2007,REG+POST,TEN,7,0,0,0,0,0,0,0,0,0,0,0,0,,,0,,0,0,0,0,0,0,,0,0,0,0,0,0,0,0,0,0,,0,,,0,,0,2,0,0,0,0,0,0,0,0,0,0,0,0,0,0,0,0,0,0,0,0,5,28,0,0,0,0,0,0,0,0,,,0,0,0,0,0,0,0,0,0,0,0,0,,,,0,0,0,0,0,0,0,,0,0,0,0,,0,0
00-0023477,K.Burnett,Kevin Burnett,OLB,LB,"https://static.www.nfl.com/image/private/f_auto,q_auto/league/ysgdarnbvsetfg1bxlda",2007,REG+POST,DAL,15,0,0,0,0,0,0,0,0,0,0,0,0,,,0,,0,0,0,0,0,0,,0,0,0,0,0,0,0,0,0,0,,0,,,0,,0,41,5,7,0,0,1,0,0,2,0,0,2,0,0,0,0,0,0,0,0,0,2,26,0,0,0,0,0,0,0,0,,,0,0,0,0,0,0,0,0,0,0,0,0,,,,0,0,0,0,0,0,0,,0,0,0,0,,0,0
00-0023478,C.Webster,Corey Webster,CB,DB,"https://static.www.nfl.com/image/private/f_auto,q_auto/league/ame7lfpayabc4syiu0c7",2007,REG+POST,NYG,14,0,0,0,0,0,0,0,0,0,0,0,0,,,0,,0,0,0,0,0,0,,0,0,0,0,0,0,0,0,0,0,,0,,0,0,0,0,19,4,5,0,0,0,0,0,0,3,43,8,1,0,0,0,0,0,1,1,0,4,37,0,0,0,0,0,0,0,0,,,0,0,0,0,0,0,0,0,0,0,0,0,,,,0,0,0,0,0,0,0,,0,0,0,0,,0,0
00-0023479,J.Arrington,J.J. Arrington,RB,RB,"https://static.www.nfl.com/image/private/f_auto,q_auto/league/ap5hhhat0phivdfilqve",2007,REG,ARI,15,0,0,0,0,0,0,0,0,0,0,0,0,,,0,,26,78,0,0,0,3,-9.44545168036711,0,29,0,241,1,0,0,0,269,9,4.38176492982893,0,0,,0,,0,3,0,0,0,0,0,0,0,0,0,0,0,0,0,0,30,0,0,0,0,0,3,27,1,10,11,251,0,0,0,0,,,0,0,0,0,0,0,0,0,0,0,0,0,,,,0,0,0,0,0,0,0,,0,0,0,0,,37.9,66.9
00-0023480,L.Tatupu,Lofa Tatupu,MLB,LB,"https://static.www.nfl.com/image/private/f_auto,q_auto/league/uw41ndvu1efk6bkmlgow",2007,REG+POST,SEA,18,0,0,0,0,0,0,0,0,0,0,0,0,,,0,,0,0,0,0,0,0,,0,0,0,0,0,0,0,0,0,0,,0,,0,0,0,0,84,9,34,0,0,3,1,8,4,4,116,11,0,0,0,0,0,0,1,1,0,2,10,0,0,0,0,0,0,0,0,,,0,0,0,0,0,0,0,0,0,0,0,0,,,,0,0,0,0,0,0,0,,0,0,0,0,,0,0
00-0023481,M.Roth,Matt Roth,DE,DL,"https://static.www.nfl.com/image/private/f_auto,q_auto/league/cphi77vaselh82ebel6v",2007,REG,MIA,13,0,0,0,0,0,0,0,0,0,0,0,0,,,0,,0,0,0,0,0,0,,0,0,0,0,0,0,0,0,0,0,,0,,,0,,0,28,7,9,0,0,1,3,17,4,0,0,1,0,0,0,0,0,0,0,0,0,0,0,0,0,0,0,0,0,0,0,,,0,0,0,0,0,0,0,0,0,0,0,0,,,,0,0,0,0,0,0,0,,0,0,0,0,,0,0
00-0023482,M.Nugent,Mike Nugent,K,SPEC,"https://static.www.nfl.com/image/private/f_auto,q_auto/league/kkmkvk3wzzsdzgstz0ez",2007,REG,NYJ,16,0,0,0,0,0,0,0,0,0,0,0,0,,,0,,0,0,0,0,0,0,,0,0,0,0,0,0,0,0,0,0,,0,,,0,,0,1,0,0,0,0,0,0,0,0,0,0,0,0,0,0,0,0,0,0,0,0,0,0,0,0,0,0,29,36,7,0,50,0.805555555555556,1,11,10,6,1,0,0,0,2,2,3,0,50;21;21;47;30;21;30;24;35;43;27;29;30;25;19;28;38;40;29;40;35;26;35;41;38;35;33;27;43,52;37;42;44;54;35;51,,940,315,0,23,24,0,1,0.958333333333333,2,2,0,0,38;43,0,0
00-0023485,R.Bartell,Ronald Bartell,CB,DB,"https://static.www.nfl.com/image/private/f_auto,q_auto/league/hfbgygdlksglcnvifoaq",2007,REG,LA,15,0,0,0,0,0,0,0,0,0,0,0,0,,,0,,0,0,0,0,0,0,,0,0,0,0,0,0,0,0,0,0,,0,,,0,,0,58,4,4,0,0,2,1,13,2,2,10,9,0,0,0,0,0,0,1,1,0,1,5,0,0,0,0,0,0,0,0,,,0,0,0,0,0,0,0,0,0,0,0,0,,,,0,0,0,0,0,0,0,,0,0,0,0,,0,0
00-0023486,N.Collins,Nick Collins,FS,DB,"https://static.www.nfl.com/image/private/f_auto,q_auto/league/st939dp22xvt4ngr5mpk",2007,REG+POST,GB,15,0,0,0,0,0,0,0,0,0,0,0,0,,,0,,0,0,0,0,0,0,,0,0,0,0,0,0,0,0,0,0,,0,,0,0,0,0,42,6,6,0,0,0,0,0,1,0,0,5,0,0,0,0,0,0,0,0,0,2,30,0,0,0,0,0,0,0,0,,,0,0,0,0,0,0,0,0,0,0,0,0,,,,0,0,0,0,0,0,0,,0,0,0,0,,0,0
00-0023487,K.Barnes,Khalif Barnes,OT,OL,"https://static.www.nfl.com/image/private/f_auto,q_auto/league/p4ratiy2u5rwyfmlgrvz",2007,REG+POST,JAX,3,0,0,0,0,0,0,0,0,0,0,0,0,,,0,,0,0,0,0,0,0,,0,0,0,0,0,0,0,0,0,0,,0,,,0,,0,0,0,0,0,0,0,0,0,0,0,0,0,0,0,0,0,0,0,0,0,0,4,25,0,0,0,0,0,0,0,0,,,0,0,0,0,0,0,0,0,0,0,0,0,,,,0,0,0,0,0,0,0,,0,0,0,0,,0,0
00-0023490,R.Parrish,Roscoe Parrish,WR,WR,"https://static.www.nfl.com/image/private/f_auto,q_auto/league/jxtnct2flkztk99nkeno",2007,REG,BUF,15,0,0,0,0,0,0,0,0,0,0,0,0,,,0,,3,19,1,0,0,1,-0.112905044807121,0,35,0,352,1,0,0,0,120,19,21.4286099774726,0,0,0,0,0,1,0,0,0,0,0,0,0,0,0,0,0,0,0,1,0,0,1,1,0,0,0,2,10,27,440,6,126,0,0,0,0,,,0,0,0,0,0,0,0,0,0,0,0,0,,,,0,0,0,0,0,0,0,,0,0,0,0,,55.1,90.1
00-0023492,J.Miller,Justin Miller,DB,DB,"https://static.www.nfl.com/image/private/f_auto,q_auto/league/rj9kdt6pvhec8sqqsabn",2007,REG,NYJ,2,0,0,0,0,0,0,0,0,0,0,0,0,,,0,,0,0,0,0,0,0,,0,0,0,0,0,0,0,0,0,0,,0,,,0,,0,1,0,1,0,0,0,0,0,0,0,0,0,0,0,0,0,0,0,0,0,0,0,0,0,0,2,48,0,0,0,0,,,0,0,0,0,0,0,0,0,0,0,0,0,,,,0,0,0,0,0,0,0,,0,0,0,0,,0,0
00-0023494,J.Babineaux,Jonathan Babineaux,DT,DL,"https://static.www.nfl.com/image/private/f_auto,q_auto/league/rfi3n3fnod61vk63r0u8",2007,REG,ATL,12,0,0,0,0,0,0,0,0,0,0,0,0,,,0,,0,0,0,0,0,0,,0,0,0,0,0,0,0,0,0,0,,0,,0,0,0,0,33,8,3,0,0,2,3,17,2,0,0,4,0,2,0,0,0,0,1,1,0,3,23,0,0,1,8,0,0,0,0,,,0,0,0,0,0,0,0,0,0,0,0,0,,,,0,0,0,0,0,0,0,,0,0,0,0,,0,0
00-0023495,K.Hayden,Kelvin Hayden,DB,DB,"https://static.www.nfl.com/image/private/f_auto,q_auto/league/jnczopafphgme2g0vkug",2007,REG+POST,IND,17,0,0,0,0,0,0,0,0,0,0,0,0,,,0,,0,0,0,0,0,0,,0,0,0,0,0,0,0,0,0,0,,0,,,0,,0,56,17,13,0,0,2,0,0,0,4,18,11,0,1,0,0,0,0,0,0,0,3,22,0,0,0,0,0,0,0,0,,,0,0,0,0,0,0,0,0,0,0,0,0,,,,0,0,0,0,0,0,0,,0,0,0,0,,0,0
00-0023496,V.Jackson,Vincent Jackson,WR,WR,"https://static.www.nfl.com/image/private/f_auto,q_auto/league/kdquag2thcfulvrs0cbz",2007,REG+POST,LAC,18,0,0,0,0,0,0,0,0,0,0,0,0,,,0,,0,0,0,0,0,0,,0,59,0,923,5,0,0,0,168,43,83.6668574753038,0,0,,0,,0,1,0,0,0,0,1,0,0,0,0,0,0,0,0,0,0,0,0,0,0,0,6,45,0,0,0,0,0,0,0,0,,,0,0,0,0,0,0,0,0,0,0,0,0,,,,0,0,0,0,0,0,0,,0,0,0,0,,122.3,181.3
00-0023497,B.McFadden,Bryant McFadden,CB,DB,"https://static.www.nfl.com/image/private/f_auto,q_auto/league/bgoaiebtjvyqxram7cd3",2007,REG+POST,PIT,11,0,0,0,0,0,0,0,0,0,0,0,0,,,0,,0,0,0,0,0,0,,0,0,0,0,0,0,0,0,0,0,,0,,,0,,0,16,5,2,0,0,0,0,0,0,1,50,3,1,0,0,0,0,0,1,1,0,2,13,0,0,0,0,0,0,0,0,,,0,0,0,0,0,0,0,0,0,0,0,0,,,,0,0,0,0,0,0,0,,0,0,0,0,,0,0
00-0023498,M.McCoy,Matt McCoy,LB,LB,"https://static.www.nfl.com/image/private/f_auto,q_auto/league/mkxw4hpglqryykki6pzh",2007,REG,NO,7,0,0,0,0,0,0,0,0,0,0,0,0,,,0,,0,0,0,0,0,0,,0,0,0,0,0,0,0,0,0,0,,0,,0,0,0,0,7,0,2,0,0,0,0,0,0,0,0,0,0,0,0,0,0,0,0,0,0,1,15,0,0,0,0,0,0,0,0,,,0,0,0,0,0,0,0,0,0,0,0,0,,,,0,0,0,0,0,0,0,,0,0,0,0,,0,0
00-0023499,A.Terry,Adam Terry,OT,OL,"https://static.www.nfl.com/image/private/f_auto,q_auto/league/pbilkdl6aat0cmc0nqg3",2007,REG,BAL,4,0,0,0,0,0,0,0,0,0,0,0,0,,,0,,0,0,0,0,0,0,,0,0,0,0,0,0,0,0,0,0,,0,,,0,,0,3,0,0,0,0,0,0,0,0,0,0,0,0,0,0,0,0,0,0,0,0,3,15,0,0,0,0,0,0,0,0,,,0,0,0,0,0,0,0,0,0,0,0,0,,,,0,0,0,0,0,0,0,,0,0,0,0,,0,0
00-0023500,F.Gore,Frank Gore,RB,RB,"https://static.www.nfl.com/image/private/f_auto,q_auto/league/gfuklcqmphmdy9ncwrdt",2007,REG,SF,15,0,0,0,0,0,0,0,0,0,0,0,0,,,0,,260,1102,5,3,2,45,-38.1785263553596,0,53,0,436,1,1,1,0,403,20,19.0379755593895,0,0,0,0,0,0,3,0,0,0,0,0,0,0,0,0,0,0,0,0,0,0,1,1,0,0,0,3,12,0,0,0,0,0,0,0,0,,,0,0,0,0,0,0,0,0,0,0,0,0,,,,0,0,0,0,0,0,0,,0,0,0,0,,183.8,236.8
00-0023501,O.Atogwe,Oshiomogho Atogwe,FS,DB,"https://static.www.nfl.com/image/private/f_auto,q_auto/league/obuy1pa0gxwkszei9fxz",2007,REG,LA,16,0,0,0,0,0,0,0,0,0,0,0,0,,,0,,0,0,0,0,0,0,,0,0,0,0,0,0,0,0,0,0,,0,,,0,,0,58,8,9,0,0,0,0,0,1,8,125,12,1,0,0,0,0,0,1,1,0,6,74,0,0,0,0,0,0,0,0,,,0,0,0,0,0,0,0,0,0,0,0,0,,,,0,0,0,0,0,0,0,,0,0,0,0,,0,0
00-0023502,C.Frye,Charlie Frye,QB,QB,"https://static.www.nfl.com/image/private/f_auto,q_auto/league/tzagnaxc5mk9gsgdfzch",2007,REG,CLE,1,4,10,34,0,1,5,-31,0,0,49,11,2,-13.6309193723137,-34.6861296229892,0,0.693877551020408,1,1,0,0,0,0,-0.508823020849377,0,0,0,0,0,0,0,0,0,0,,0,,0,0,0,0,0,0,0,0,0,0,0,0,0,0,0,0,0,0,0,0,0,0,0,0,0,0,0,0,0,0,0,0,0,0,0,,,0,0,0,0,0,0,0,0,0,0,0,0,,,,0,0,0,0,0,0,0,,0,0,0,0,,-0.54,-0.54
00-0023504,A.Walter,Andrew Walter,QB,QB,"https://static.www.nfl.com/image/private/f_auto,q_auto/league/vehhkkfmq2hmqimcudii",2007,REG,LV,1,5,8,38,0,0,0,0,0,0,58,25,2,0.285509185749106,-1.5799269080162,0,0.655172413793103,0,0,0,0,0,0,,0,0,0,0,0,0,0,0,0,0,,0,,,0,,0,0,0,0,0,0,0,0,0,0,0,0,0,0,0,0,0,0,0,0,0,0,1,5,0,0,0,0,0,0,0,0,,,0,0,0,0,0,0,0,0,0,0,0,0,,,,0,0,0,0,0,0,0,,0,0,0,0,,1.52,1.52
00-0023505,C.Crowder,Channing Crowder,ILB,LB,"https://static.www.nfl.com/image/private/f_auto,q_auto/league/laez0fyoix3nlxolb4db",2007,REG,MIA,11,0,0,0,0,0,0,0,0,0,0,0,0,,,0,,0,0,0,0,0,0,,0,0,0,0,0,0,0,0,0,0,,0,,,0,,0,49,12,17,0,0,0,0.5,0.5,2,0,0,0,0,0,0,0,0,0,0,0,0,2,26,0,0,0,0,0,0,0,0,,,0,0,0,0,0,0,0,0,0,0,0,0,,,,0,0,0,0,0,0,0,,0,0,0,0,,0,0
00-0023506,A.Smith,Alex Smith,TE,TE,"https://static.www.nfl.com/image/private/f_auto,q_auto/league/zcpxncjwcm6ggoiqt6ub",2007,REG+POST,TB,14,0,0,0,0,0,0,0,0,0,0,0,0,,,0,,0,0,0,0,0,0,,0,35,1,411,4,0,0,5,166,22,32.9230695873689,0,82.2,1,0.00132240148108966,1.50092568103676,0,0,0,0,0,0,0,0,0,0,0,0,0,0,0,0,0,1,1,0,0,0,2,10,0,0,0,0,0,0,0,0,,,0,0,0,0,0,0,0,0,0,0,0,0,,,,0,0,0,0,0,0,0,,0,0,0,0,,65.1,100.1
00-0023507,S.Wilson,Stanley Wilson,CB,DB,"https://static.www.nfl.com/image/private/f_auto,q_auto/league/xhiapnassetmvcif0xr5",2007,REG,DET,10,0,0,0,0,0,0,0,0,0,0,0,0,,,0,,0,0,0,0,0,0,,0,0,0,0,0,0,0,0,0,0,,0,,,0,,0,26,3,9,0,0,1,0,0,0,0,0,3,0,0,0,0,0,0,0,0,0,1,12,0,0,0,0,0,0,0,0,,,0,0,0,0,0,0,0,0,0,0,0,0,,,,0,0,0,0,0,0,0,,0,0,0,0,,0,0
00-0023508,V.Morency,Vernand Morency,RB,RB,"https://static.www.nfl.com/image/private/f_auto,q_auto/league/b10fmvvqsjncmmzc5r6g",2007,REG+POST,GB,14,0,0,0,0,0,0,0,0,0,0,0,0,,,0,,29,108,0,0,0,6,-6.33208638158976,0,32,0,208,0,1,0,0,230,9,2.38859277911388,0,0,0,0,0,0,3,0,1,0,0,0,0,0,0,0,0,0,0,0,0,0,0,0,0,0,0,2,20,0,0,0,0,0,0,0,0,,,0,0,0,0,0,0,0,0,0,0,0,0,,,,0,0,0,0,0,0,0,,0,0,0,0,,31.6,63.6
00-0023509,J.Tuck,Justin Tuck,DE,DL,"https://static.www.nfl.com/image/private/f_auto,q_auto/league/op7ydrgnbsajs2o5pv9w",2007,REG+POST,NYG,20,0,0,0,0,0,0,0,0,0,0,0,0,,,0,,0,0,0,0,0,0,,0,0,0,0,0,0,0,0,0,0,,0,,0,0,0,0,43,16,19,0,0,2,11.5,69,22,0,0,3,0,0,0,0,0,0,0,0,0,1,15,0,0,0,0,0,0,0,0,,,0,0,0,0,0,0,0,0,0,0,0,0,,,,0,0,0,0,0,0,0,,0,0,0,0,,0,0
00-0023510,E.Green,Eric Green,CB,DB,"https://static.www.nfl.com/image/private/f_auto,q_auto/league/ji2aspvpfc8jhgvzdxur",2007,REG,ARI,11,0,0,0,0,0,0,0,0,0,0,0,0,,,0,,0,0,0,0,0,0,,0,0,0,0,0,0,0,0,0,0,,0,,,0,,0,41,6,4,0,0,0,0,0,0,0,0,8,0,0,0,0,0,0,0,0,0,3,15,0,0,0,0,0,0,0,0,,,0,0,0,0,0,0,0,0,0,0,0,0,,,,0,0,0,0,0,0,0,,0,0,0,0,,0,0
00-0023511,K.Paymah,Karl Paymah,DB,DB,"https://static.www.nfl.com/image/private/f_auto,q_auto/league/iqppzwkbk6cbrmm6omt5",2007,REG,DEN,11,0,0,0,0,0,0,0,0,0,0,0,0,,,0,,0,0,0,0,0,0,,0,0,0,0,0,0,0,0,0,0,,0,,,0,,0,19,1,2,0,0,0,0,0,0,2,0,5,0,0,0,0,0,0,0,0,0,2,6,0,0,0,0,0,0,0,0,,,0,0,0,0,0,0,0,0,0,0,0,0,,,,0,0,0,0,0,0,0,,0,0,0,0,,0,0
00-0023513,K.Morrison,Kirk Morrison,LB,LB,"https://static.www.nfl.com/image/private/f_auto,q_auto/league/rdqyikbmimto5juu7bhr",2007,REG,LV,16,0,0,0,0,0,0,0,0,0,0,0,0,,,0,,0,0,0,0,0,0,,0,0,0,0,0,0,0,0,0,0,,0,,,0,,0,75,21,24,0,0,0,1,8,1,4,89,10,0,1,0,0,0,0,1,1,0,0,0,0,0,0,0,0,0,0,0,,,0,0,0,0,0,0,0,0,0,0,0,0,,,,0,0,0,0,0,0,0,,0,0,0,0,,0,0
00-0023514,E.Mathis,Evan Mathis,G,OL,"https://static.www.nfl.com/image/private/f_auto,q_auto/league/ocloudgctoznzjtb1bkr",2007,REG,CAR,1,0,0,0,0,0,0,0,0,0,0,0,0,,,0,,0,0,0,0,0,0,,0,0,0,0,0,0,0,0,0,0,,0,,0,0,0,0,0,0,0,0,0,0,0,0,0,0,0,0,0,0,0,0,0,0,0,0,0,1,5,0,0,0,0,0,0,0,0,,,0,0,0,0,0,0,0,0,0,0,0,0,,,,0,0,0,0,0,0,0,,0,0,0,0,,0,0
00-0023515,D.Fox,Dustin Fox,DB,DB,"https://static.www.nfl.com/image/private/f_auto,q_auto/league/dsr2svy765j0covdwses",2007,REG,BUF,2,0,0,0,0,0,0,0,0,0,0,0,0,,,0,,0,0,0,0,0,0,,0,0,0,0,0,0,0,0,0,0,,0,,0,0,0,0,2,1,0,0,0,0,0,0,0,0,0,0,0,0,0,0,0,0,0,0,0,1,10,0,0,0,0,0,0,0,0,,,0,0,0,0,0,0,0,0,0,0,0,0,,,,0,0,0,0,0,0,0,,0,0,0,0,,0,0
00-0023516,R.Incognito,Richie Incognito,G,OL,"https://static.www.nfl.com/image/private/f_auto,q_auto/league/dp4mjqbrnzbjgymabe0a",2007,REG,LA,1,0,0,0,0,0,0,0,0,0,0,0,0,,,0,,0,0,0,0,0,0,,0,0,0,0,0,0,0,0,0,0,,0,,,0,,0,0,0,0,0,0,0,0,0,0,0,0,0,0,0,0,0,0,0,0,0,0,4,50,0,0,0,0,0,0,0,0,,,0,0,0,0,0,0,0,0,0,0,0,0,,,,0,0,0,0,0,0,0,,0,0,0,0,,0,0
00-0023517,A.Fincher,Alfred Fincher,LB,LB,"https://static.www.nfl.com/image/private/f_auto,q_auto/league/ysts30ift3u1f4uih14u",2007,REG,NO,2,0,0,0,0,0,0,0,0,0,0,0,0,,,0,,0,0,0,0,0,0,,0,0,0,0,0,0,0,0,0,0,,0,,0,0,0,0,2,0,1,0,0,0,0,0,0,0,0,0,0,0,0,0,0,0,0,0,0,0,0,0,0,0,0,0,0,0,0,,,0,0,0,0,0,0,0,0,0,0,0,0,,,,0,0,0,0,0,0,0,,0,0,0,0,,0,0
00-0023518,C.Henry,Chris Henry,WR,WR,"https://static.www.nfl.com/image/private/f_auto,q_auto/league/sgvk6nbzj7vzn6vfh0xk",2007,REG,CIN,7,0,0,0,0,0,0,0,0,0,0,0,0,,,0,,0,0,0,0,0,0,,0,21,0,343,2,0,0,0,71,14,30.724811317632,0,0,,0,,0,1,0,0,0,0,0,0,0,0,0,0,0,0,0,0,0,0,0,0,0,0,0,0,0,0,0,0,0,0,0,0,,,0,0,0,0,0,0,0,0,0,0,0,0,,,,0,0,0,0,0,0,0,,0,0,0,0,,46.3,67.3
00-0023519,E.Hobbs,Ellis Hobbs,CB,DB,"https://static.www.nfl.com/image/private/f_auto,q_auto/league/fvxlg6rjuxrytbxgsmwh",2007,REG+POST,NE,19,0,0,0,0,0,0,0,0,0,0,0,0,,,0,,0,0,0,0,0,0,,0,0,0,0,0,0,0,0,0,0,,0,,,0,,1,51,8,14,0,0,1,1,9,0,3,20,16,0,1,0,0,0,0,1,1,1,3,82,0,0,37,950,0,0,0,0,,,0,0,0,0,0,0,0,0,0,0,0,0,,,,0,0,0,0,0,0,0,,0,0,0,0,,6,6
00-0023521,K.Everett,Kevin Everett,TE,TE,"https://static.www.nfl.com/image/private/f_auto,q_auto/league/ncblnpeap7bweashvrpy",2007,REG,BUF,1,0,0,0,0,0,0,0,0,0,0,0,0,,,0,,0,0,0,0,0,0,,0,1,0,3,0,0,0,0,0,0,-0.258576461405028,0,0,0,0,0,0,1,0,0,0,0,0,0,0,0,0,0,0,0,0,0,0,0,0,0,0,0,0,0,0,0,0,0,0,0,0,0,,,0,0,0,0,0,0,0,0,0,0,0,0,,,,0,0,0,0,0,0,0,,0,0,0,0,,0.3,1.3
00-0023522,S.Starks,Scott Starks,DB,DB,"https://static.www.nfl.com/image/private/f_auto,q_auto/league/nr9ieerhxmpkkvgrko5z",2007,REG+POST,JAX,13,0,0,0,0,0,0,0,0,0,0,0,0,,,0,,0,0,0,0,0,0,,0,0,0,0,0,0,0,0,0,0,,0,,,0,,0,19,4,3,0,0,0,0,0,0,1,7,3,0,0,0,0,0,0,0,0,0,0,0,0,56,7,112,0,0,0,0,,,0,0,0,0,0,0,0,0,0,0,0,0,,,,0,0,0,0,0,0,0,,0,0,0,0,,0,0
00-0023523,S.Pouha,Sione Po'uha,NT,DL,"https://static.www.nfl.com/image/private/f_auto,q_auto/league/o2u07nwnmrubn6nza4up",2007,REG,NYJ,15,0,0,0,0,0,0,0,0,0,0,0,0,,,0,,0,0,0,0,0,0,,0,0,0,0,0,0,0,0,0,0,,0,,,0,,0,20,15,5,0,0,0,0,0,0,0,0,1,0,0,0,0,0,0,0,0,0,0,0,0,0,0,0,0,0,0,0,,,0,0,0,0,0,0,0,0,0,0,0,0,,,,0,0,0,0,0,0,0,,0,0,0,0,,0,0
00-0023525,J.Beck,Jordan Beck,LB,LB,"https://static.www.nfl.com/image/private/f_auto,q_auto/league/ctbvt4egknvbnvpywpxn",2007,REG,DEN,7,0,0,0,0,0,0,0,0,0,0,0,0,,,0,,0,0,0,0,0,0,,0,0,0,0,0,0,0,0,0,0,,0,,,0,,0,8,0,2,0,0,0,0,0,0,0,0,0,0,0,0,0,0,0,0,0,0,0,0,0,0,0,0,0,0,0,0,,,0,0,0,0,0,0,0,0,0,0,0,0,,,,0,0,0,0,0,0,0,,0,0,0,0,,0,0
00-0023528,T.Essex,Trai Essex,OT,OL,"https://static.www.nfl.com/image/private/f_auto,q_auto/league/y61smrca90a2n771msre",2007,POST,PIT,1,0,0,0,0,0,0,0,0,0,0,0,0,,,0,,0,0,0,0,0,0,,0,0,0,0,0,0,0,0,0,0,,0,,,0,,0,1,0,0,0,0,0,0,0,0,0,0,0,0,0,0,0,0,0,0,0,0,1,5,0,0,0,0,0,0,0,0,,,0,0,0,0,0,0,0,0,0,0,0,0,,,,0,0,0,0,0,0,0,,0,0,0,0,,0,0
00-0023529,A.Snyder,Adam Snyder,G,OL,"https://static.www.nfl.com/image/private/f_auto,q_auto/league/xrv6eruox0fo5wwcnzwg",2007,REG,SF,3,0,0,0,0,0,0,0,0,0,0,0,0,,,0,,0,0,0,0,0,0,,0,0,0,0,0,0,0,0,0,0,,0,,0,0,0,0,1,0,0,0,0,0,0,0,0,0,0,0,0,0,0,0,0,0,0,0,0,2,10,0,0,0,0,0,0,0,0,,,0,0,0,0,0,0,0,0,0,0,0,0,,,,0,0,0,0,0,0,0,,0,0,0,0,,0,0
00-0023530,D.Blackstock,Darryl Blackstock,MLB,LB,"https://static.www.nfl.com/image/private/f_auto,q_auto/league/jkmpgkno52mxhhjk2ose",2007,REG,ARI,12,0,0,0,0,0,0,0,0,0,0,0,0,,,0,,0,0,0,0,0,0,,0,0,0,0,0,0,0,0,0,0,,0,,,0,,0,16,1,4,0,0,1,3,22,3,0,0,0,0,0,0,0,0,0,1,1,0,5,40,0,0,0,0,0,0,0,0,,,0,0,0,0,0,0,0,0,0,0,0,0,,,,0,0,0,0,0,0,0,,0,0,0,0,,0,0
00-0023531,B.Jones,Brandon Jones,WR,WR,"https://static.www.nfl.com/image/private/f_auto,q_auto/league/nvnsrddaiqfsorg2dpdf",2007,REG,TEN,8,0,0,0,0,0,0,0,0,0,0,0,0,,,0,,2,37,0,0,0,2,2.62605449021794,0,21,0,248,2,1,0,0,67,11,24.6493272957159,0,0,,0,,0,0,0,0,0,0,0,0,0,0,0,0,0,0,0,0,0,0,0,0,0,0,1,5,6,31,0,0,0,0,0,0,,,0,0,0,0,0,0,0,0,0,0,0,0,,,,0,0,0,0,0,0,0,,0,0,0,0,,40.5,61.5
00-0023532,D.Foxworth,Domonique Foxworth,DB,DB,"https://static.www.nfl.com/image/private/f_auto,q_auto/league/wxipuhwluzeto0ita5dj",2007,REG,DEN,12,0,0,0,0,0,0,0,0,0,0,0,0,,,0,,0,0,0,0,0,0,,0,0,0,0,0,0,0,0,0,0,,0,,,0,,0,28,3,11,0,0,1,0,0,0,0,0,4,0,0,0,0,0,0,0,0,0,3,25,0,0,0,0,0,0,0,0,,,0,0,0,0,0,0,0,0,0,0,0,0,,,,0,0,0,0,0,0,0,,0,0,0,0,,0,0
00-0023533,L.Hill,Leroy Hill,OLB,LB,"https://static.www.nfl.com/image/private/f_auto,q_auto/league/j2dewaah9m1xtqtxubgr",2007,REG+POST,SEA,16,0,0,0,0,0,0,0,0,0,0,0,0,,,0,,0,0,0,0,0,0,,0,0,0,0,0,0,0,0,0,0,,0,,0,0,0,0,68,11,26,0,0,4,5,41,6,0,0,4,0,0,0,0,0,0,1,1,1,2,18,0,0,0,0,0,0,0,0,,,0,0,0,0,0,0,0,0,0,0,0,0,,,,0,0,0,0,0,0,0,,0,0,0,0,,0,0
00-0023534,D.Colquitt,Dustin Colquitt,P,SPEC,"https://static.www.nfl.com/image/private/f_auto,q_auto/league/v1aymd6o0vpg73ytxzhu",2007,REG,KC,16,0,0,0,0,0,0,0,0,0,0,0,0,,,0,,0,0,0,0,0,0,,0,0,0,0,0,0,0,0,0,0,,0,,,0,,0,0,0,0,0,0,0,0,0,0,0,0,0,0,0,0,0,0,0,0,0,0,0,0,0,0,0,0,0,0,0,0,,,0,0,0,0,0,0,0,0,0,0,0,0,,,,0,0,0,0,0,0,0,,0,0,0,0,,0,0
00-0023535,N.Kaczur,Nick Kaczur,OT,OL,"https://static.www.nfl.com/image/private/f_auto,q_auto/league/apddooxdxrpaz600zfwn",2007,REG+POST,NE,2,0,0,0,0,0,0,0,0,0,0,0,0,,,0,,0,0,0,0,0,0,,0,0,0,0,0,0,0,0,0,0,,0,,,0,,0,1,0,0,0,0,0,0,0,0,0,0,0,0,0,0,0,0,0,0,0,0,1,5,0,0,0,0,0,0,0,0,,,0,0,0,0,0,0,0,0,0,0,0,0,,,,0,0,0,0,0,0,0,,0,0,0,0,,0,0
00-0023537,S.Considine,Sean Considine,DB,DB,"https://static.www.nfl.com/image/private/f_auto,q_auto/league/c09w3jlxm47du9qvgexe",2007,REG,PHI,8,0,0,0,0,0,0,0,0,0,0,0,0,,,0,,0,0,0,0,0,0,,0,0,0,0,0,0,0,0,0,0,,0,,0,0,0,0,21,6,8,0,0,0,0,0,2,1,0,3,0,0,0,0,0,0,0,0,0,0,0,0,0,0,0,0,0,0,0,,,0,0,0,0,0,0,0,0,0,0,0,0,,,,0,0,0,0,0,0,0,,0,0,0,0,,0,0
00-0023539,T.Daniels,Travis Daniels,DB,DB,"https://static.www.nfl.com/image/private/f_auto,q_auto/league/hlfumy3duacvjpgwbywh",2007,REG,MIA,11,0,0,0,0,0,0,0,0,0,0,0,0,,,0,,0,0,0,0,0,0,,0,0,0,0,0,0,0,0,0,0,,0,,,0,,0,15,5,8,0,0,0,0,0,1,1,29,4,0,0,0,0,0,0,0,0,0,4,39,0,0,0,0,0,0,0,0,,,0,0,0,0,0,0,0,0,0,0,0,0,,,,0,0,0,0,0,0,0,,0,0,0,0,,0,0
00-0023540,R.Willis,Ray Willis,OT,OL,"https://static.www.nfl.com/image/private/f_auto,q_auto/league/j9mupzcd2rhlidjyu0qd",2007,REG,SEA,1,0,0,0,0,0,0,0,0,0,0,0,0,,,0,,0,0,0,0,0,0,,0,0,0,0,0,0,0,0,0,0,,0,,0,0,0,0,0,0,0,0,0,0,0,0,0,0,0,0,0,0,0,0,0,0,0,0,0,1,5,0,0,0,0,0,0,0,0,,,0,0,0,0,0,0,0,0,0,0,0,0,,,,0,0,0,0,0,0,0,,0,0,0,0,,0,0
00-0023541,K.Orton,Kyle Orton,QB,QB,"https://static.www.nfl.com/image/private/f_auto,q_auto/league/tp8xryc1hpbldyjolsdc",2007,REG,CHI,3,42,79,475,3,2,2,-12,1,0,660,288,19,-10.6466001480216,-6.31971564385798,1,0.71969696969697,5,-1,0,1,0,3,-0.565340643981472,0,0,0,0,0,0,0,0,0,0,,0,,,0,,0,0,0,0,0,0,0,0,0,0,0,0,0,0,0,0,0,2,3,0,0,0,2,15,0,0,0,0,0,0,0,0,,,0,0,0,0,0,0,0,0,0,0,0,0,,,,0,0,0,0,0,0,0,,0,0,0,0,,28.9,28.9
00-0023543,V.Fuller,Vincent Fuller,DB,DB,"https://static.www.nfl.com/image/private/f_auto,q_auto/league/s0jg4zdsajyjamjaqbik",2007,REG+POST,TEN,16,0,0,0,0,0,0,0,0,0,0,0,0,,,0,,0,0,0,0,0,0,,0,0,0,0,0,0,0,0,0,0,,0,,,0,,0,26,3,3,0,0,0,1,7,1,2,137,4,2,0,0,0,0,0,1,1,0,2,10,0,0,0,0,0,0,0,0,,,0,0,0,0,0,0,0,0,0,0,0,0,,,,0,0,0,0,0,0,0,,0,0,0,0,,0,0
00-0023544,M.Barber,Marion Barber,RB,RB,"https://static.www.nfl.com/image/private/f_auto,q_auto/league/ejvk6u9g0w3jbfbwr6n3",2007,REG+POST,DAL,17,0,0,0,0,0,0,0,0,0,0,0,0,,,0,,230,1102,11,0,0,55,23.5127855300327,0,45,0,291,2,2,0,0,266,16,15.7134891654689,0,0,,0,,0,0,0,0,0,0,0,0,0,0,0,0,0,0,0,0,0,0,0,1,1,0,0,0,0,0,0,0,0,0,0,0,,,0,0,0,0,0,0,0,0,0,0,0,0,,,,0,0,0,0,0,0,0,,0,0,0,0,,217.3,262.3
00-0023545,B.Jacobs,Brandon Jacobs,RB,RB,"https://static.www.nfl.com/image/private/f_auto,q_auto/league/uqirxeaumckg6jrckfg3",2007,REG+POST,NYG,15,0,0,0,0,0,0,0,0,0,0,0,0,,,0,,262,1208,7,5,3,61,2.56396875667734,0,27,0,203,3,1,1,0,222,9,7.23562856465833,0,0,0,0,0,0,0,0,1,0,0,0,0,0,0,0,0,0,0,0,0,0,0,1,0,0,0,0,0,0,0,0,0,0,0,0,0,,,0,0,0,0,0,0,0,0,0,0,0,0,,,,0,0,0,0,0,0,0,,0,0,0,0,,193.1,220.1
00-0023546,E.Brown,Elton Brown,OT,OL,"https://static.www.nfl.com/image/private/f_auto,q_auto/league/da47yctefxv0hcw6cj9g",2007,REG,ARI,3,0,0,0,0,0,0,0,0,0,0,0,0,,,0,,0,0,0,0,0,0,,0,0,0,0,0,0,0,0,0,0,,0,,,0,,0,1,0,0,0,0,0,0,0,0,0,0,0,0,0,0,0,1,1,0,0,0,3,25,0,0,0,0,0,0,0,0,,,0,0,0,0,0,0,0,0,0,0,0,0,,,,0,0,0,0,0,0,0,,0,0,0,0,,0,0
00-0023548,D.Stewart,David Stewart,OT,OL,"https://static.www.nfl.com/image/private/f_auto,q_auto/league/lsnaveewrlu78pohgsdc",2007,REG+POST,TEN,4,0,0,0,0,0,0,0,0,0,0,0,0,,,0,,0,0,0,0,0,0,,0,0,0,0,0,0,0,0,0,0,,0,,,0,,0,2,0,0,0,0,0,0,0,0,0,0,0,0,0,0,0,1,1,0,0,0,2,20,0,0,0,0,0,0,0,0,,,0,0,0,0,0,0,0,0,0,0,0,0,,,,0,0,0,0,0,0,0,,0,0,0,0,,0,0
00-0023549,J.Mathis,Jerome Mathis,WR,WR,"https://static.www.nfl.com/image/private/f_auto,q_auto/league/nvpp1hts7v3qmf2v8aum",2007,REG,HOU,3,0,0,0,0,0,0,0,0,0,0,0,0,,,0,,0,0,0,0,0,0,,0,1,0,15,0,0,0,0,4,1,1.02547928947024,0,0,0,0,0,1,0,0,0,0,0,0,0,0,0,0,0,0,0,0,0,0,0,0,0,0,0,0,0,0,0,11,320,0,0,0,0,,,0,0,0,0,0,0,0,0,0,0,0,0,,,,0,0,0,0,0,0,0,,0,0,0,0,,7.5,8.5
00-0023551,C.Thorpe,Craphonso Thorpe,WR,WR,"https://static.www.nfl.com/image/private/f_auto,q_auto/league/xpvqyowlavleojd4p77b",2007,REG,IND,5,0,0,0,0,0,0,0,0,0,0,0,0,,,0,,0,0,0,0,0,0,,0,12,0,70,1,0,0,0,17,4,3.05803164752433,0,0,,0,,0,0,0,0,0,0,0,0,0,0,0,0,0,0,0,0,0,0,0,0,0,0,0,0,6,31,15,318,0,0,0,0,,,0,0,0,0,0,0,0,0,0,0,0,0,,,,0,0,0,0,0,0,0,,0,0,0,0,,13,25
00-0023553,E.Ghiaciuc,Eric Ghiaciuc,C,OL,"https://static.www.nfl.com/image/private/f_auto,q_auto/league/kcnvtbcqsu76cjtqdlje",2007,REG,CIN,3,0,0,0,0,0,0,0,0,0,0,0,0,,,0,,0,0,0,0,0,0,,0,0,0,0,0,0,0,0,0,0,,0,,,0,,0,0,0,0,0,0,0,0,0,0,0,0,0,0,0,0,0,0,0,0,0,0,4,25,0,0,0,0,0,0,0,0,,,0,0,0,0,0,0,0,0,0,0,0,0,,,,0,0,0,0,0,0,0,,0,0,0,0,,0,0
00-0023556,D.Preston,Duke Preston,C,OL,"https://static.www.nfl.com/image/private/f_auto,q_auto/league/b7sbbeobedveqymlwqrj",2007,REG,BUF,2,0,0,0,0,0,0,0,0,0,0,0,0,,,0,,0,0,0,0,0,0,,0,0,0,0,0,0,0,0,0,0,,0,,0,0,0,0,0,0,0,0,0,0,0,0,0,0,0,0,0,0,0,0,0,0,0,0,0,1,10,0,0,1,12,0,0,0,0,,,0,0,0,0,0,0,0,0,0,0,0,0,,,,0,0,0,0,0,0,0,,0,0,0,0,,0,0
00-0023557,K.Rhodes,Kerry Rhodes,FS,DB,"https://static.www.nfl.com/image/private/f_auto,q_auto/league/qc4ofipywnngkhltbjdn",2007,REG,NYJ,16,0,0,0,0,0,0,0,0,0,0,0,0,,,0,,0,0,0,0,0,0,,0,0,0,0,0,0,0,0,0,0,,0,,,0,,0,40,11,16,0,0,2,2,14,4,5,76,10,0,0,0,0,0,0,1,1,1,0,0,0,0,0,0,0,0,0,0,,,0,0,0,0,0,0,0,0,0,0,0,0,,,,0,0,0,0,0,0,0,,0,0,0,0,,0,0
00-0023558,J.Brown,Jason Brown,C,OL,"https://static.www.nfl.com/image/private/f_auto,q_auto/league/ymgndwdhsexv2aj6wuhx",2007,REG,BAL,6,0,0,0,0,0,0,0,0,0,0,0,0,,,0,,0,0,0,0,0,0,,0,0,0,0,0,0,0,0,0,0,,0,,,0,,0,3,0,1,0,0,0,0,0,0,0,0,0,0,0,0,0,1,1,0,0,0,5,25,0,0,0,0,0,0,0,0,,,0,0,0,0,0,0,0,0,0,0,0,0,,,,0,0,0,0,0,0,0,,0,0,0,0,,0,0
00-0023559,B.Poppinga,Brady Poppinga,ILB,LB,"https://static.www.nfl.com/image/private/f_auto,q_auto/league/lhuw9jrxvqxhb9wupdoo",2007,REG+POST,GB,18,0,0,0,0,0,0,0,0,0,0,0,0,,,0,,0,0,0,0,0,0,,0,0,0,0,0,0,0,0,0,0,,0,,0,0,0,0,36,11,9,0,0,0,0,0,2,1,0,1,0,0,0,0,0,0,0,0,0,3,25,0,0,0,0,0,0,0,0,,,0,0,0,0,0,0,0,0,0,0,0,0,,,,0,0,0,0,0,0,0,,0,0,0,0,,0,0
00-0023560,T.Herremans,Todd Herremans,G,OL,"https://static.www.nfl.com/image/private/f_auto,q_auto/league/cfpuccfslanowlsv1ljy",2007,REG,PHI,5,0,0,0,0,0,0,0,0,0,0,0,0,,,0,,0,0,0,0,0,0,,0,0,0,0,0,0,0,0,0,0,,0,,0,0,0,0,1,0,0,0,0,0,0,0,0,0,0,0,0,0,0,0,0,0,0,0,0,5,39,0,0,0,0,0,0,0,0,,,0,0,0,0,0,0,0,0,0,0,0,0,,,,0,0,0,0,0,0,0,,0,0,0,0,,0,0
00-0023561,A.Pearman,Alvin Pearman,RB,RB,"https://static.www.nfl.com/image/private/f_auto,q_auto/league/wepvsczdcsxmhx8djpzc",2007,REG,SEA,3,0,0,0,0,0,0,0,0,0,0,0,0,,,0,,0,0,0,0,0,0,,0,1,0,1,0,0,0,0,2,0,-0.588126414804719,0,0,0,0,0,0,3,0,1,0,0,0,0,0,0,0,0,0,0,0,0,0,0,0,0,0,0,0,0,0,0,3,71,0,0,0,0,,,0,0,0,0,0,0,0,0,0,0,0,0,,,,0,0,0,0,0,0,0,,0,0,0,0,,0.1,1.1
00-0023562,C.Davis,Chauncey Davis,DE,DL,"https://static.www.nfl.com/image/private/f_auto,q_auto/league/rbdqxqqc7fltydtnvcxx",2007,REG,ATL,16,0,0,0,0,0,0,0,0,0,0,0,0,,,0,,0,0,0,0,0,0,,0,0,0,0,0,0,0,0,0,0,,0,,0,0,0,0,21,5,4,0,0,0,2,12,5,0,0,0,0,0,0,0,0,0,1,1,0,0,0,0,0,0,0,0,0,0,0,,,0,0,0,0,0,0,0,0,0,0,0,0,,,,0,0,0,0,0,0,0,,0,0,0,0,,0,0
00-0023564,D.Sproles,Darren Sproles,RB,RB,"https://static.www.nfl.com/image/private/f_auto,q_auto/league/gvj5ng27blmwuz170aeo",2007,REG+POST,LAC,18,0,0,0,0,0,0,0,0,0,0,0,0,,,0,,41,199,2,0,0,7,-1.68017413889174,0,13,0,92,1,0,0,0,121,5,3.12252994615119,0,0,,0,,2,0,0,0,0,0,0,0,0,0,0,0,0,0,3,0,0,0,0,0,0,0,0,0,29,257,47,1231,0,0,0,0,,,0,0,0,0,0,0,0,0,0,0,0,0,,,,0,0,0,0,0,0,0,,0,0,0,0,,59.1,72.1
00-0023566,C.Canty,Chris Canty,DE,DL,"https://static.www.nfl.com/image/private/f_auto,q_auto/league/tflwvcipt8xqy6bmecxc",2007,REG+POST,DAL,16,0,0,0,0,0,0,0,0,0,0,0,0,,,0,,0,0,0,0,0,0,,0,0,0,0,0,0,0,0,0,0,,0,,,0,,0,26,6,14,0,0,0,4.5,35,8,0,0,3,0,0,0,0,0,0,1,1,0,1,5,0,0,0,0,0,0,0,0,,,0,0,0,0,0,0,0,0,0,0,0,0,,,,0,0,0,0,0,0,0,,0,0,0,0,,0,0
00-0023567,J.Sanders,James Sanders,DB,DB,"https://static.www.nfl.com/image/private/f_auto,q_auto/league/qcljxdlmjn8tc0lm9x6z",2007,REG+POST,NE,18,0,0,0,0,0,0,0,0,0,0,0,0,,,0,,0,0,0,0,0,0,,0,0,0,0,0,0,0,0,0,0,,0,,,0,,0,47,17,23,0,0,1,0,0,0,2,43,5,0,0,0,0,1,1,1,1,0,1,10,0,0,0,0,0,0,0,0,,,0,0,0,0,0,0,0,0,0,0,0,0,,,,0,0,0,0,0,0,0,,0,0,0,0,,0,0
00-0023568,C.Terrell,Claude Terrell,G,OL,"https://static.www.nfl.com/image/private/f_auto,q_auto/league/po5q5bqinz7tjtqfhz37",2007,REG,LA,2,0,0,0,0,0,0,0,0,0,0,0,0,,,0,,0,0,0,0,0,0,,0,0,0,0,0,0,0,0,0,0,,0,,,0,,0,1,0,0,0,0,0,0,0,0,0,0,0,0,0,0,0,0,0,0,0,0,1,5,0,0,0,0,0,0,0,0,,,0,0,0,0,0,0,0,0,0,0,0,0,,,,0,0,0,0,0,0,0,,0,0,0,0,,0,0
00-0023569,M.Giordano,Matt Giordano,FS,DB,"https://static.www.nfl.com/image/private/f_auto,q_auto/league/nvhjpzf0haftbvfhkzm6",2007,REG,IND,8,0,0,0,0,0,0,0,0,0,0,0,0,,,0,,0,0,0,0,0,0,,0,0,0,0,0,0,0,0,0,0,,0,,,0,,0,13,2,5,0,0,0,0,0,0,2,89,4,1,0,0,0,0,0,0,0,0,0,0,0,0,0,0,0,0,0,0,,,0,0,0,0,0,0,0,0,0,0,0,0,,,,0,0,0,0,0,0,0,,0,0,0,0,,0,0
00-0023570,R.Williams,Roydell Williams,WR,WR,"https://static.www.nfl.com/image/private/f_auto,q_auto/league/yvdm4zjxlsu5enx0w5a2",2007,REG,TEN,15,0,0,0,0,0,0,0,0,0,0,0,0,,,0,,2,-17,0,0,0,0,-2.85781712352764,0,55,0,719,4,0,0,0,207,38,61.1338638246841,0,0,,0,,0,3,0,0,0,0,0,0,0,0,0,0,0,0,0,0,0,0,0,0,0,0,0,0,0,0,0,0,0,0,0,0,,,0,0,0,0,0,0,0,0,0,0,0,0,,,,0,0,0,0,0,0,0,,0,0,0,0,,94.2,149.2
00-0023571,R.Fields,Ronald Fields,DT,DL,"https://static.www.nfl.com/image/private/f_auto,q_auto/league/pgwnrcrfhbqcukfiaqvv",2007,REG,SF,10,0,0,0,0,0,0,0,0,0,0,0,0,,,0,,0,0,0,0,0,0,,0,0,0,0,0,0,0,0,0,0,,0,,0,0,0,0,11,0,10,0,0,1,1,3,1,0,0,0,0,0,0,0,0,0,0,0,0,0,0,0,0,0,0,0,0,0,0,,,0,0,0,0,0,0,0,0,0,0,0,0,,,,0,0,0,0,0,0,0,,0,0,0,0,,0,0
00-0023572,B.Grigsby,Boomer Grigsby,LB,LB,"https://static.www.nfl.com/image/private/f_auto,q_auto/league/vllal9vsrjyhlvt4ggt7",2007,REG,KC,6,0,0,0,0,0,0,0,0,0,0,0,0,,,0,,0,0,0,0,0,0,,0,2,0,14,0,0,0,0,12,0,0.78918241453357,0,0,,0,,0,4,0,1,0,0,0,0,0,0,0,0,0,0,0,0,0,0,0,0,0,0,0,0,0,0,0,0,0,0,0,0,,,0,0,0,0,0,0,0,0,0,0,0,0,,,,0,0,0,0,0,0,0,,0,0,0,0,,1.4,3.4
00-0023573,D.McMillan,David McMillan,LB,LB,"https://static.www.nfl.com/image/private/f_auto,q_auto/league/izmxfbhx9cxh860bjtzx",2007,REG,CLE,5,0,0,0,0,0,0,0,0,0,0,0,0,,,0,,0,0,0,0,0,0,,0,0,0,0,0,0,0,0,0,0,,0,,0,0,0,0,3,0,1,0,0,0,0,0,0,0,0,0,0,0,0,0,0,0,1,1,0,1,5,0,0,0,0,0,0,0,0,,,0,0,0,0,0,0,0,0,0,0,0,0,,,,0,0,0,0,0,0,0,,0,0,0,0,,0,0
00-0023579,T.Cole,Trent Cole,OLB,LB,"https://static.www.nfl.com/image/private/f_auto,q_auto/league/t6glajny1uibkwph5qiq",2007,REG,PHI,16,0,0,0,0,0,0,0,0,0,0,0,0,,,0,,0,0,0,0,0,0,,0,0,0,0,0,0,0,0,0,0,,0,,0,0,0,0,44,5,20,0,0,4,12,97.5,15,0,0,2,0,0,0,0,0,0,2,2,0,6,40,0,0,0,0,0,0,0,0,,,0,0,0,0,0,0,0,0,0,0,0,0,,,,0,0,0,0,0,0,0,,0,0,0,0,,0,0
00-0023582,A.Seward,Adam Seward,LB,LB,"https://static.www.nfl.com/image/private/f_auto,q_auto/league/gjgkxhkoylpapocvbxc4",2007,REG,CAR,6,0,0,0,0,0,0,0,0,0,0,0,0,,,0,,0,0,0,0,0,0,,0,0,0,0,0,0,0,0,0,0,,0,,0,0,0,0,10,0,1,0,0,0,0,0,0,0,0,0,0,0,0,0,0,0,0,0,0,0,0,0,0,0,0,0,0,0,0,,,0,0,0,0,0,0,0,0,0,0,0,0,,,,0,0,0,0,0,0,0,,0,0,0,0,,0,0
00-0023583,D.Loper,Daniel Loper,OT,OL,"https://static.www.nfl.com/image/private/f_auto,q_auto/league/cfraz43tqvh7wtcllekt",2007,REG+POST,TEN,2,0,0,0,0,0,0,0,0,0,0,0,0,,,0,,0,0,0,0,0,0,,0,0,0,0,0,0,0,0,0,0,,0,,,0,,0,1,0,0,0,0,0,0,0,0,0,0,0,0,0,0,0,0,0,0,0,0,1,7,0,0,0,0,0,0,0,0,,,0,0,0,0,0,0,0,0,0,0,0,0,,,,0,0,0,0,0,0,0,,0,0,0,0,,0,0
00-0023584,D.Hodgdon,Drew Hodgdon,C,OL,"https://static.www.nfl.com/image/private/f_auto,q_auto/league/nb8cystxgk3hzxzfsw05",2007,REG,HOU,1,0,0,0,0,0,0,0,0,0,0,0,0,,,0,,0,0,0,0,0,0,,0,0,0,0,0,0,0,0,0,0,,0,,0,0,0,0,0,0,0,0,0,0,0,0,0,0,0,0,0,0,0,0,0,0,0,0,0,1,10,0,0,0,0,0,0,0,0,,,0,0,0,0,0,0,0,0,0,0,0,0,,,,0,0,0,0,0,0,0,,0,0,0,0,,0,0
00-0023587,R.McCune,Robert McCune,LB,LB,"https://static.www.nfl.com/image/private/f_auto,q_auto/league/nhnnpj7kabmdgszqewtg",2007,REG,BAL,2,0,0,0,0,0,0,0,0,0,0,0,0,,,0,,0,0,0,0,0,0,,0,0,0,0,0,0,0,0,0,0,,0,,,0,,0,4,0,0,0,0,0,0,0,0,0,0,0,0,0,0,0,0,0,0,0,0,0,0,0,0,0,0,0,0,0,0,,,0,0,0,0,0,0,0,0,0,0,0,0,,,,0,0,0,0,0,0,0,,0,0,0,0,,0,0
00-0023589,E.King,Eric King,DB,DB,"https://static.www.nfl.com/image/private/f_auto,q_auto/league/koxqcm0orndlx9rztb39",2007,REG,TEN,11,0,0,0,0,0,0,0,0,0,0,0,0,,,0,,0,0,0,0,0,0,,0,0,0,0,0,0,0,0,0,0,,0,,,0,,0,11,2,2,0,0,0,0,0,0,0,0,0,0,0,0,0,0,0,0,0,0,1,9,0,0,0,0,0,0,0,0,,,0,0,0,0,0,0,0,0,0,0,0,0,,,,0,0,0,0,0,0,0,,0,0,0,0,,0,0
00-0023590,G.Sensabaugh,Gerald Sensabaugh,FS,DB,"https://static.www.nfl.com/image/private/f_auto,q_auto/league/zsazt7zzew6yijmqpnyx",2007,REG,JAX,1,0,0,0,0,0,0,0,0,0,0,0,0,,,0,,0,0,0,0,0,0,,0,0,0,0,0,0,0,0,0,0,,0,,,0,,0,3,0,0,0,0,0,0,0,0,0,0,0,0,0,0,0,0,0,0,0,0,0,0,0,0,0,0,0,0,0,0,,,0,0,0,0,0,0,0,0,0,0,0,0,,,,0,0,0,0,0,0,0,,0,0,0,0,,0,0
00-0023591,J.Green,Justin Green,RB,RB,"https://static.www.nfl.com/image/private/f_auto,q_auto/league/vhknroauaorvzkxziret",2007,REG,BAL,8,0,0,0,0,0,0,0,0,0,0,0,0,,,0,,0,0,0,0,0,0,,0,2,0,16,0,0,0,0,7,1,1.36700724397087,0,0,,0,,0,12,0,1,0,0,0,0,0,0,0,0,0,0,0,0,0,0,0,0,0,0,0,0,0,0,0,0,0,0,0,0,,,0,0,0,0,0,0,0,0,0,0,0,0,,,,0,0,0,0,0,0,0,,0,0,0,0,,1.6,3.6
00-0023593,M.Boley,Michael Boley,LB,LB,"https://static.www.nfl.com/image/private/f_auto,q_auto/league/fotjx5fctiyvcwdzjjpv",2007,REG,ATL,16,0,0,0,0,0,0,0,0,0,0,0,0,,,0,,0,0,0,0,0,0,,0,0,0,0,0,0,0,0,0,0,,0,,0,0,0,0,84,8,16,0,0,4,3,20,4,2,12,7,0,0,0,0,0,0,0,0,0,1,15,0,0,0,0,0,0,0,0,,,0,0,0,0,0,0,0,0,0,0,0,0,,,,0,0,0,0,0,0,0,,0,0,0,0,,0,0
00-0023597,W.Britt,Wesley Britt,OT,OL,"https://static.www.nfl.com/image/private/f_auto,q_auto/league/oiezby5yoxsz0a1eu1vz",2007,REG,NE,2,0,0,0,0,0,0,0,0,0,0,0,0,,,0,,0,0,0,0,0,0,,0,0,0,0,0,0,0,0,0,0,,0,,,0,,0,0,0,0,0,0,0,0,0,0,0,0,0,0,0,0,0,0,0,0,0,0,2,15,0,0,0,0,0,0,0,0,,,0,0,0,0,0,0,0,0,0,0,0,0,,,,0,0,0,0,0,0,0,,0,0,0,0,,0,0
00-0023602,G.Hangartner,Geoff Hangartner,G,OL,"https://static.www.nfl.com/image/private/f_auto,q_auto/league/ljk0qwbwyoa1bskg01uq",2007,REG,CAR,4,0,0,0,0,0,0,0,0,0,0,0,0,,,0,,0,0,0,0,0,0,,0,0,0,0,0,0,0,0,0,0,,0,,0,0,0,0,0,0,0,0,0,0,0,0,0,0,0,0,0,0,0,0,0,0,0,0,0,2,15,0,0,3,42,0,0,0,0,,,0,0,0,0,0,0,0,0,0,0,0,0,,,,0,0,0,0,0,0,0,,0,0,0,0,,0,0
00-0023606,T.Hagler,Tyjuan Hagler,OLB,LB,"https://static.www.nfl.com/image/private/f_auto,q_auto/league/xaqkgvyinf79die102ds",2007,REG+POST,IND,12,0,0,0,0,0,0,0,0,0,0,0,0,,,0,,0,0,0,0,0,0,,0,0,0,0,0,0,0,0,0,0,,0,,,0,,0,33,13,13,0,0,0,1,2,1,0,0,2,0,0,0,0,0,0,1,1,0,1,5,0,0,0,0,0,0,0,0,,,0,0,0,0,0,0,0,0,0,0,0,0,,,,0,0,0,0,0,0,0,,0,0,0,0,,0,0
00-0023612,B.Scaife,Bo Scaife,TE,TE,"https://static.www.nfl.com/image/private/f_auto,q_auto/league/eboft3twopepfxs60yvw",2007,REG,TEN,15,0,0,0,0,0,0,0,0,0,0,0,0,,,0,,0,0,0,0,0,0,,0,46,0,421,1,2,2,0,150,27,27.3978323920823,0,0,,0,,0,1,0,0,0,0,0,0,0,0,0,0,0,0,0,0,0,0,0,0,0,0,2,10,0,0,0,0,0,0,0,0,,,0,0,0,0,0,0,0,0,0,0,0,0,,,,0,0,0,0,0,0,0,,0,0,0,0,,44.1,90.1
00-0023613,M.Montgomery,Mike Montgomery,DT,DL,"https://static.www.nfl.com/image/private/f_auto,q_auto/league/c0kdjoqmvxtzatf7dkb9",2007,REG+POST,GB,10,0,0,0,0,0,0,0,0,0,0,0,0,,,0,,0,0,0,0,0,0,,0,0,0,0,0,0,0,0,0,0,,0,,0,0,0,0,15,4,6,0,0,0,0,0,1,0,0,0,0,0,0,0,0,0,0,0,0,1,5,0,0,1,0,0,0,0,0,,,0,0,0,0,0,0,0,0,0,0,0,0,,,,0,0,0,0,0,0,0,,0,0,0,0,,0,0
00-0023614,C.Harris,Chris Harris,DB,DB,"https://static.www.nfl.com/image/private/f_auto,q_auto/league/kknar4ebbzugzlkpiqtx",2007,REG,CAR,15,0,0,0,0,0,0,0,0,0,0,0,0,,,0,,0,0,0,0,0,0,,0,0,0,0,0,0,0,0,0,0,,0,,0,0,0,0,70,6,20,0,0,8,0,0,0,1,30,5,0,1,0,0,0,0,3,3,0,3,35,0,0,0,0,0,0,0,0,,,0,0,0,0,0,0,0,0,0,0,0,0,,,,0,0,0,0,0,0,0,,0,0,0,0,,0,0
00-0023618,C.Owens,Chad Owens,WR,WR,"https://static.www.nfl.com/image/private/f_auto,q_auto/league/t55kulqriatpwf7ehuhc",2007,REG,JAX,1,0,0,0,0,0,0,0,0,0,0,0,0,,,0,,0,0,0,0,0,0,,0,0,0,0,0,0,0,0,0,0,,0,,,0,,0,2,0,0,0,0,0,0,0,0,0,0,0,0,1,0,0,0,0,0,0,0,0,0,1,0,5,94,0,0,0,0,,,0,0,0,0,0,0,0,0,0,0,0,0,,,,0,0,0,0,0,0,0,,0,0,0,0,,0,0
00-0023619,E.Moore,Eric Moore,DE,DL,"https://static.www.nfl.com/image/private/f_auto,q_auto/league/fgr8agzj848h9wawrcvk",2007,REG,LA,5,0,0,0,0,0,0,0,0,0,0,0,0,,,0,,0,0,0,0,0,0,,0,0,0,0,0,0,0,0,0,0,,0,,,0,,0,7,0,2,0,0,0,1,11,4,0,0,0,0,0,0,0,0,0,0,0,0,0,0,0,0,0,0,0,0,0,0,,,0,0,0,0,0,0,0,0,0,0,0,0,,,,0,0,0,0,0,0,0,,0,0,0,0,,0,0
00-0023620,W.Svitek,Will Svitek,OT,OL,"https://static.www.nfl.com/image/private/f_auto,q_auto/league/a645ynulfj3cv73i3xz6",2007,REG,KC,3,0,0,0,0,0,0,0,0,0,0,0,0,,,0,,0,0,0,0,0,0,,0,0,0,0,0,0,0,0,0,0,,0,,,0,,0,1,0,0,0,0,0,0,0,0,0,0,0,0,0,0,0,0,0,0,0,0,3,15,0,0,0,0,0,0,0,0,,,0,0,0,0,0,0,0,0,0,0,0,0,,,,0,0,0,0,0,0,0,,0,0,0,0,,0,0
00-0023621,C.Brown,C.C. Brown,DB,DB,"https://static.www.nfl.com/image/private/f_auto,q_auto/league/vq43zahk2e2jepswmkmi",2007,REG,HOU,16,0,0,0,0,0,0,0,0,0,0,0,0,,,0,,0,0,0,0,0,0,,0,0,0,0,0,0,0,0,0,0,,0,,0,0,0,0,48,16,20,0,0,2,0,0,0,1,9,8,0,0,0,0,0,0,3,3,0,1,10,0,0,0,0,0,0,0,0,,,0,0,0,0,0,0,0,0,0,0,0,0,,,,0,0,0,0,0,0,0,,0,0,0,0,,0,0
00-0023622,J.Haye,Jovan Haye,DE,DL,"https://static.www.nfl.com/image/private/f_auto,q_auto/league/he7lmz9otnk72tsnyqxj",2007,REG+POST,TB,17,0,0,0,0,0,0,0,0,0,0,0,0,,,0,,0,0,0,0,0,0,,0,0,0,0,0,0,0,0,0,0,,0,,0,0,0,0,36,15,22,0,0,1,6,30,12,0,0,3,0,0,0,0,0,0,4,4,0,0,0,0,0,0,0,0,0,0,0,,,0,0,0,0,0,0,0,0,0,0,0,0,,,,0,0,0,0,0,0,0,,0,0,0,0,,0,0
00-0023623,T.Perry,Tab Perry,WR,WR,"https://static.www.nfl.com/image/private/f_auto,q_auto/league/bcltsiyseey5zgi6y6hx",2007,REG,CIN,2,0,0,0,0,0,0,0,0,0,0,0,0,,,0,,1,9,0,0,0,0,0.734457622980699,0,1,0,7,0,0,0,0,7,1,0.855785178719088,0,0,,0,,0,0,0,1,0,0,0,0,0,0,0,0,0,0,0,0,0,0,0,0,0,0,0,0,0,0,7,145,0,0,0,0,,,0,0,0,0,0,0,0,0,0,0,0,0,,,,0,0,0,0,0,0,0,,0,0,0,0,,1.6,2.6
00-0023624,C.Mosley,C.J. Mosley,DT,DL,"https://static.www.nfl.com/image/private/f_auto,q_auto/league/lzcvdanfpcthuvldftrv",2007,REG,NYJ,9,0,0,0,0,0,0,0,0,0,0,0,0,,,0,,0,0,0,0,0,0,,0,0,0,0,0,0,0,0,0,0,,0,,,0,,0,5,5,5,0,0,2,2.5,13,2,0,0,0,0,0,0,0,0,0,0,0,0,0,0,0,0,0,0,0,0,0,0,,,0,0,0,0,0,0,0,0,0,0,0,0,,,,0,0,0,0,0,0,0,,0,0,0,0,,0,0
00-0023626,J.Jefferson,Jason Jefferson,DT,DL,"https://static.www.nfl.com/image/private/f_auto,q_auto/league/pre6whrumagmp8pfzjos",2007,REG,BUF,7,0,0,0,0,0,0,0,0,0,0,0,0,,,0,,0,0,0,0,0,0,,0,0,0,0,0,0,0,0,0,0,,0,,0,0,0,0,3,4,4,0,0,0,0,0,0,0,0,0,0,0,0,0,0,0,0,0,0,0,0,0,0,0,0,0,0,0,0,,,0,0,0,0,0,0,0,0,0,0,0,0,,,,0,0,0,0,0,0,0,,0,0,0,0,,0,0
00-0023630,J.Dreessen,Joel Dreessen,TE,TE,"https://static.www.nfl.com/image/private/f_auto,q_auto/league/xgva6t1dze5jwk1pcgwn",2007,REG,HOU,8,0,0,0,0,0,0,0,0,0,0,0,0,,,0,,0,0,0,0,0,0,,0,4,0,55,2,0,0,0,5,3,8.66317373001948,0,0,0,0,0,0,7,3,1,0,0,0,0,0,0,0,0,0,0,0,0,0,0,0,0,0,0,2,20,0,0,0,0,0,0,0,0,,,0,0,0,0,0,0,0,0,0,0,0,0,,,,0,0,0,0,0,0,0,,0,0,0,0,,17.5,21.5
00-0023631,P.Thomas,Pat Thomas,MLB,LB,"https://static.www.nfl.com/image/private/f_auto,q_auto/league/wz1rzcy9glhhurmhov6o",2007,REG,KC,4,0,0,0,0,0,0,0,0,0,0,0,0,,,0,,0,0,0,0,0,0,,0,0,0,0,0,0,0,0,0,0,,0,,,0,,0,7,1,4,0,0,0,0,0,0,0,0,0,0,0,0,0,0,0,0,0,0,0,0,0,0,0,0,0,0,0,0,,,0,0,0,0,0,0,0,0,0,0,0,0,,,,0,0,0,0,0,0,0,,0,0,0,0,,0,0
00-0023633,C.Myers,Chris Myers,C,OL,"https://static.www.nfl.com/image/private/f_auto,q_auto/league/avlyetdoyhzq2ifjdvfi",2007,REG,DEN,2,0,0,0,0,0,0,0,0,0,0,0,0,,,0,,0,0,0,0,0,0,,0,0,0,0,0,0,0,0,0,0,,0,,,0,,0,0,1,0,0,0,0,0,0,0,0,0,0,0,0,0,0,0,0,0,0,0,1,11,0,0,0,0,0,0,0,0,,,0,0,0,0,0,0,0,0,0,0,0,0,,,,0,0,0,0,0,0,0,,0,0,0,0,,0,0
00-0023635,D.Rayner,Dave Rayner,K,SPEC,"https://static.www.nfl.com/image/private/f_auto,q_auto/league/vfg6und5f9m7bnk7jntt",2007,REG+POST,LAC,13,0,0,0,0,0,0,0,0,0,0,0,0,,,0,,0,0,0,0,0,0,,0,0,0,0,0,0,0,0,0,0,,0,,,0,,0,1,0,0,0,0,0,0,0,0,0,0,0,0,0,0,0,0,0,0,0,0,0,0,0,0,0,0,15,22,6,1,49,0.681818181818182,0,3,7,5,0,0,0,0,3,2,1,0,45;39;49;21;25;41;32;20;41;31;38;36;39;47;30,31;30;53;43;45;33,48,534,235,48,14,14,0,0,1,0,0,0,0,,0,0
00-0023641,R.Petitti,Rob Petitti,OT,OL,"https://static.www.nfl.com/image/private/f_auto,q_auto/league/utagadhhoxjqgzhl8ocg",2007,REG,LA,1,0,0,0,0,0,0,0,0,0,0,0,0,,,0,,0,0,0,0,0,0,,0,0,0,0,0,0,0,0,0,0,,0,,,0,,0,0,0,0,0,0,0,0,0,0,0,0,0,0,0,0,0,1,1,0,0,0,0,0,0,0,0,0,0,0,0,0,,,0,0,0,0,0,0,0,0,0,0,0,0,,,,0,0,0,0,0,0,0,,0,0,0,0,,0,0
00-0023645,D.Anderson,Derek Anderson,QB,QB,"https://static.www.nfl.com/image/private/f_auto,q_auto/league/w191gsxivnqgdwgydka6",2007,REG,CLE,16,298,527,3786,29,19,15,-115,3,1,4201,1602,187,43.5093089928043,-1.23208428594585,1,0.90121399666746,30,77,3,1,1,13,-5.372117495368,0,0,0,0,0,0,0,0,0,0,,0,,0,0,0,0,1,0,0,0,0,0,0,0,0,0,0,0,0,0,0,0,1,2,0,0,0,7,46,0,0,0,0,0,0,0,0,,,0,0,0,0,0,0,0,0,0,0,0,0,,,,0,0,0,0,0,0,0,,0,0,0,0,,253.14,253.14
00-0023647,D.Holly,Daven Holly,DB,DB,"https://static.www.nfl.com/image/private/f_auto,q_auto/league/myou74x1nt33exoxpmh4",2007,REG,CLE,12,0,0,0,0,0,0,0,0,0,0,0,0,,,0,,0,0,0,0,0,0,,0,0,0,0,0,0,0,0,0,0,,0,,0,0,0,0,38,7,3,0,0,1,0,0,0,0,0,8,0,0,0,0,0,0,1,1,0,2,32,0,0,0,0,0,0,0,0,,,0,0,0,0,0,0,0,0,0,0,0,0,,,,0,0,0,0,0,0,0,,0,0,0,0,,0,0
00-0023648,K.Vickerson,Kevin Vickerson,DT,DL,"https://static.www.nfl.com/image/private/f_auto,q_auto/league/c2do067aejlogcd1aajx",2007,REG,TEN,3,0,0,0,0,0,0,0,0,0,0,0,0,,,0,,0,0,0,0,0,0,,0,0,0,0,0,0,0,0,0,0,,0,,,0,,0,0,1,2,0,0,0,0,0,1,0,0,0,0,0,0,0,0,0,0,0,0,0,0,0,0,0,0,0,0,0,0,,,0,0,0,0,0,0,0,0,0,0,0,0,,,,0,0,0,0,0,0,0,,0,0,0,0,,0,0
00-0023650,R.Hill,Reynaldo Hill,CB,DB,"https://static.www.nfl.com/image/private/f_auto,q_auto/league/az7fpxsfxzggdhv2izpa",2007,REG,TEN,10,0,0,0,0,0,0,0,0,0,0,0,0,,,0,,0,0,0,0,0,0,,0,0,0,0,0,0,0,0,0,0,,0,,,0,,0,12,3,4,0,0,0,0,0,0,1,0,2,0,0,0,0,0,0,1,1,0,0,0,0,0,0,0,0,0,0,0,,,0,0,0,0,0,0,0,0,0,0,0,0,,,,0,0,0,0,0,0,0,,0,0,0,0,,0,0
00-0023652,R.Wilson,Rod Wilson,LB,LB,"https://static.www.nfl.com/image/private/f_auto,q_auto/league/nenkyskuq48cqzl6xmvh",2007,REG,CHI,10,0,0,0,0,0,0,0,0,0,0,0,0,,,0,,0,0,0,0,0,0,,0,0,0,0,0,0,0,0,0,0,,0,,,0,,0,6,4,3,0,0,1,0,0,0,0,0,0,0,0,0,0,0,0,0,0,0,3,35,0,0,0,0,0,0,0,0,,,0,0,0,0,0,0,0,0,0,0,0,0,,,,0,0,0,0,0,0,0,,0,0,0,0,,0,0
00-0023655,M.Maxwell,Marcus Maxwell,WR,WR,"https://static.www.nfl.com/image/private/f_auto,q_auto/league/m5ziizcviovpkogbgkog",2007,REG,CIN,3,0,0,0,0,0,0,0,0,0,0,0,0,,,0,,0,0,0,0,0,0,,0,1,0,5,0,0,0,0,0,1,-0.109958099143114,0,0,,0,,0,3,0,0,0,0,0,0,0,0,0,0,0,0,0,0,0,0,0,0,0,0,1,9,0,0,0,0,0,0,0,0,,,0,0,0,0,0,0,0,0,0,0,0,0,,,,0,0,0,0,0,0,0,,0,0,0,0,,0.5,1.5
00-0023656,J.Ratliff,Jay Ratliff,DE,DL,"https://static.www.nfl.com/image/private/f_auto,q_auto/league/kjqck4lahmal9czcmgle",2007,REG+POST,DAL,15,0,0,0,0,0,0,0,0,0,0,0,0,,,0,,0,0,0,0,0,0,,0,0,0,0,0,0,0,0,0,0,,0,,,0,,0,19,2,11,0,0,0,3,18,8,0,0,4,0,0,0,0,1,1,1,1,0,1,5,0,0,0,0,0,0,0,0,,,0,0,0,0,0,0,0,0,0,0,0,0,,,,0,0,0,0,0,0,0,,0,0,0,0,,0,0
00-0023659,K.Pettway,Kenneth Pettway,LB,LB,"https://static.www.nfl.com/image/private/f_auto,q_auto/league/jq7bii8blus6jqth0fjg",2007,REG+POST,JAX,8,0,0,0,0,0,0,0,0,0,0,0,0,,,0,,0,0,0,0,0,0,,0,0,0,0,0,0,0,0,0,0,,0,,,0,,0,6,1,3,0,0,0,0,0,0,0,0,0,0,0,0,0,0,0,0,0,0,0,0,0,0,0,0,0,0,0,0,,,0,0,0,0,0,0,0,0,0,0,0,0,,,,0,0,0,0,0,0,0,,0,0,0,0,,0,0
00-0023662,M.Cassel,Matt Cassel,QB,QB,"https://static.www.nfl.com/image/private/f_auto,q_auto/league/n1ucqggyu5hlsqzuv5gj",2007,REG,NE,5,4,7,38,0,1,0,0,0,0,30,16,2,-4.35822812386323,-10.0510767527989,0,1.26666666666667,4,12,1,1,0,2,-2.82020216603996,0,0,0,0,0,0,0,0,0,0,,0,,,0,,0,0,0,0,0,0,0,0,0,0,0,0,0,0,0,0,0,1,2,0,0,0,0,0,0,0,0,0,0,0,0,0,,,0,0,0,0,0,0,0,0,0,0,0,0,,,,0,0,0,0,0,0,0,,0,0,0,0,,6.72,6.72
00-0023663,H.Abdullah,Hamza Abdullah,DB,DB,"https://static.www.nfl.com/image/private/f_auto,q_auto/league/jucikqcrbovbzuqeee1f",2007,REG,DEN,10,0,0,0,0,0,0,0,0,0,0,0,0,,,0,,0,0,0,0,0,0,,0,0,0,0,0,0,0,0,0,0,,0,,,0,,0,37,1,9,0,0,2,0,0,0,0,0,5,0,0,0,0,0,0,1,1,0,1,5,0,0,0,0,0,0,0,0,,,0,0,0,0,0,0,0,0,0,0,0,0,,,,0,0,0,0,0,0,0,,0,0,0,0,,0,0
00-0023665,J.Fanene,Jonathan Fanene,DE,DL,"https://static.www.nfl.com/image/private/f_auto,q_auto/league/cbwfpzupt53azcwqi5ch",2007,REG,CIN,6,0,0,0,0,0,0,0,0,0,0,0,0,,,0,,0,0,0,0,0,0,,0,0,0,0,0,0,0,0,0,0,,0,,,0,,0,3,1,1,0,0,0,1,8,4,0,0,1,0,0,0,0,0,0,1,1,0,0,0,0,0,0,0,0,0,0,0,,,0,0,0,0,0,0,0,0,0,0,0,0,,,,0,0,0,0,0,0,0,,0,0,0,0,,0,0
00-0023671,P.Ernster,Paul Ernster,P,SPEC,"https://static.www.nfl.com/image/private/f_auto,q_auto/league/hzp4p7zwakl6kvroiscy",2007,REG,DEN,2,0,0,0,0,0,0,0,0,0,0,0,0,,,0,,0,0,0,0,0,0,,0,0,0,0,0,0,0,0,0,0,,0,,0,0,0,0,0,0,0,0,0,0,0,0,0,0,0,0,0,0,0,0,0,0,0,0,0,0,0,0,0,0,0,0,0,0,0,,,0,0,0,0,0,0,0,0,0,0,0,0,,,,0,0,0,0,0,0,0,,0,0,0,0,,0,0
00-0023672,H.Williams,Harry Williams,WR,WR,"https://static.www.nfl.com/image/private/f_auto,q_auto/league/gg1hzcqzb2jon5aarkik",2007,REG,HOU,1,0,0,0,0,0,0,0,0,0,0,0,0,,,0,,0,0,0,0,0,0,,0,0,0,0,0,0,0,0,0,0,,0,,0,0,0,0,2,0,0,0,0,0,0,0,0,0,0,0,0,0,0,0,0,0,0,0,0,0,0,0,0,0,0,0,0,0,0,,,0,0,0,0,0,0,0,0,0,0,0,0,,,,0,0,0,0,0,0,0,,0,0,0,0,,0,0
00-0023679,B.Bajema,Billy Bajema,TE,TE,"https://static.www.nfl.com/image/private/f_auto,q_auto/league/foqcyf8umstrjndcqjwq",2007,REG,SF,3,0,0,0,0,0,0,0,0,0,0,0,0,,,0,,0,0,0,0,0,0,,0,0,0,0,0,0,0,0,0,0,,0,,0,0,0,0,1,1,1,0,0,0,0,0,0,0,0,0,0,0,0,0,0,0,0,0,0,0,0,0,0,0,0,0,0,0,0,,,0,0,0,0,0,0,0,0,0,0,0,0,,,,0,0,0,0,0,0,0,,0,0,0,0,,0,0
00-0023683,M.Hedgecock,Madison Hedgecock,FB,RB,"https://static.www.nfl.com/image/private/f_auto,q_auto/league/blaas99whnah5rvfaisy",2007,REG+POST,NYG,14,0,0,0,0,0,0,0,0,0,0,0,0,,,0,,0,0,0,0,0,0,,0,9,1,60,0,0,0,-2,41,0,2.64253802038729,0,-30,Inf,-0.000396904147648343,Inf,0,2,0,1,0,0,0,0,0,0,0,0,0,0,0,0,0,0,0,0,0,0,5,35,0,0,0,0,0,0,0,0,,,0,0,0,0,0,0,0,0,0,0,0,0,,,,0,0,0,0,0,0,0,,0,0,0,0,,6,15
00-0023693,C.Blackburn,Chase Blackburn,OLB,LB,"https://static.www.nfl.com/image/private/f_auto,q_auto/league/gvx7vi33djihgqde2rvn",2007,REG+POST,NYG,16,0,0,0,0,0,0,0,0,0,0,0,0,,,0,,0,0,0,0,0,0,,0,0,0,0,0,0,0,0,0,0,,0,,0,0,0,0,21,2,4,0,0,0,0,0,0,0,0,0,0,0,0,0,0,0,1,1,0,1,5,0,0,0,0,0,0,0,0,,,0,0,0,0,0,0,0,0,0,0,0,0,,,,0,0,0,0,0,0,0,,0,0,0,0,,0,0
00-0023696,M.Wright,Manuel Wright,DT,DL,"https://static.www.nfl.com/image/private/f_auto,q_auto/league/mtnf9egg4aygkbvwxnpy",2007,REG,NYG,2,0,0,0,0,0,0,0,0,0,0,0,0,,,0,,0,0,0,0,0,0,,0,0,0,0,0,0,0,0,0,0,,0,,0,0,0,0,1,0,1,0,0,0,0,0,0,0,0,0,0,0,0,0,0,0,0,0,0,0,0,0,0,0,0,0,0,0,0,,,0,0,0,0,0,0,0,0,0,0,0,0,,,,0,0,0,0,0,0,0,,0,0,0,0,,0,0
00-0023714,A.Haynes,Alex Haynes,RB,RB,"https://static.www.nfl.com/image/private/f_auto,q_auto/league/krd1j8vs5pu9qddfb5qy",2007,REG,CAR,5,0,0,0,0,0,0,0,0,0,0,0,0,,,0,,3,3,0,0,0,0,-0.806809675355908,0,3,0,14,0,0,0,0,7,2,0.450578775489703,0,0,0,0,0,0,3,0,0,0,0,0,0,0,0,0,0,0,0,0,0,0,0,0,0,0,0,0,0,0,0,0,0,0,0,0,0,,,0,0,0,0,0,0,0,0,0,0,0,0,,,,0,0,0,0,0,0,0,,0,0,0,0,,1.7,4.7
00-0023722,B.Ward,B.J. Ward,DB,DB,"https://static.www.nfl.com/image/private/f_auto,q_auto/league/grvgdrrwwu6sruxnhamv",2007,REG,LV,2,0,0,0,0,0,0,0,0,0,0,0,0,,,0,,0,0,0,0,0,0,,0,0,0,0,0,0,0,0,0,0,,0,,,0,,0,2,0,0,0,0,0,0,0,0,0,0,0,0,0,0,0,0,0,0,0,0,1,10,0,0,0,0,0,0,0,0,,,0,0,0,0,0,0,0,0,0,0,0,0,,,,0,0,0,0,0,0,0,,0,0,0,0,,0,0
00-0023727,D.Patterson,Dimitri Patterson,CB,DB,"https://static.www.nfl.com/image/private/f_auto,q_auto/league/hy2znwra9gmdhxrx37uc",2007,REG,KC,8,0,0,0,0,0,0,0,0,0,0,0,0,,,0,,0,0,0,0,0,0,,0,0,0,0,0,0,0,0,0,0,,0,,,0,,0,7,4,1,0,0,0,0,0,0,0,0,0,0,0,0,0,0,0,0,0,0,4,29,0,0,0,0,0,0,0,0,,,0,0,0,0,0,0,0,0,0,0,0,0,,,,0,0,0,0,0,0,0,,0,0,0,0,,0,0
00-0023729,R.Jeanty,Rashad Jeanty,OLB,LB,"https://static.www.nfl.com/image/private/f_auto,q_auto/league/qz44ygrdyjumoxveyo6q",2007,REG,CIN,10,0,0,0,0,0,0,0,0,0,0,0,0,,,0,,0,0,0,0,0,0,,0,0,0,0,0,0,0,0,0,0,,0,,,0,,0,24,3,12,0,0,2,0,0,0,0,0,1,0,0,0,0,0,0,2,2,0,0,0,0,0,0,0,0,0,0,0,,,0,0,0,0,0,0,0,0,0,0,0,0,,,,0,0,0,0,0,0,0,,0,0,0,0,,0,0
00-0023737,K.Huntley,Kevin Huntley,DE,DL,"https://static.www.nfl.com/image/private/f_auto,q_auto/league/xsowlljrzaeqw0hmwbkc",2007,REG,ATL,2,0,0,0,0,0,0,0,0,0,0,0,0,,,0,,0,0,0,0,0,0,,0,0,0,0,0,0,0,0,0,0,,0,,0,0,0,0,3,0,0,0,0,0,0,0,0,0,0,0,0,0,0,0,0,0,0,0,0,0,0,0,0,0,0,0,0,0,0,,,0,0,0,0,0,0,0,0,0,0,0,0,,,,0,0,0,0,0,0,0,,0,0,0,0,,0,0
00-0023742,J.Ryan,Jon Ryan,P,SPEC,"https://static.www.nfl.com/image/private/f_auto,q_auto/league/jarcsmohj6vbznthlni8",2007,REG+POST,GB,18,0,0,0,0,0,0,0,0,0,0,0,0,,,0,,2,7,0,1,0,2,0.629583522444591,0,0,0,0,0,0,0,0,0,0,,0,,0,0,0,0,0,0,0,0,0,0,0,0,0,0,0,0,0,0,0,0,1,2,0,0,0,1,5,0,0,0,0,0,0,0,0,,,0,0,0,0,0,0,0,0,0,0,0,0,,,,0,0,0,0,0,0,0,,0,0,0,0,,0.7,0.7
00-0023750,M.Williams,Mario Williams,DE,DL,"https://static.www.nfl.com/image/private/f_auto,q_auto/league/rkr8vhlxprfgajyaqe0x",2007,REG,HOU,16,0,0,0,0,0,0,0,0,0,0,0,0,,,0,,0,0,0,0,0,0,,0,0,0,0,0,0,0,0,0,0,,0,,0,0,0,0,34,9,16,0,0,2,14,82.5,16,0,0,1,0,0,0,0,0,0,1,1,1,1,2,0,0,0,0,0,0,0,0,,,0,0,0,0,0,0,0,0,0,0,0,0,,,,0,0,0,0,0,0,0,,0,0,0,0,,0,0
00-0023757,C.Reis,Chris Reis,FS,DB,"https://static.www.nfl.com/image/private/f_auto,q_auto/league/juhtxepj5bi2ng8rooqk",2007,REG,NO,7,0,0,0,0,0,0,0,0,0,0,0,0,,,0,,0,0,0,0,0,0,,0,0,0,0,0,0,0,0,0,0,,0,,0,0,0,0,12,0,1,0,0,0,0,0,0,0,0,0,0,0,0,0,0,0,0,0,0,1,15,0,0,0,0,0,0,0,0,,,0,0,0,0,0,0,0,0,0,0,0,0,,,,0,0,0,0,0,0,0,,0,0,0,0,,0,0
00-0023761,T.Williams,Travis Williams,LB,LB,"https://static.www.nfl.com/image/private/f_auto,q_auto/league/dyvnqqysm1foxj1vxcmg",2007,REG,ATL,5,0,0,0,0,0,0,0,0,0,0,0,0,,,0,,1,37,0,0,0,1,4.9423758337507,0,0,0,0,0,0,0,0,0,0,,0,,0,0,0,0,5,2,0,0,0,0,0,0,0,0,0,0,0,0,0,0,0,0,0,0,0,2,9,0,0,0,0,0,0,0,0,,,0,0,0,0,0,0,0,0,0,0,0,0,,,,0,0,0,0,0,0,0,,0,0,0,0,,3.7,3.7
00-0023764,A.Hall,Andre Hall,RB,RB,"https://static.www.nfl.com/image/private/f_auto,q_auto/league/mhd7wesc2cdywnt9odwj",2007,REG,DEN,9,0,0,0,0,0,0,0,0,0,0,0,0,,,0,,44,216,2,1,0,10,-2.26292909521726,0,2,0,69,0,0,0,0,69,1,4.29863374863635,0,0,,0,,0,4,1,0,0,0,0,0,0,0,0,0,0,0,0,0,0,2,2,0,0,0,0,0,0,0,19,475,0,0,0,0,,,0,0,0,0,0,0,0,0,0,0,0,0,,,,0,0,0,0,0,0,0,,0,0,0,0,,40.5,42.5
00-0023774,N.Tahi,Naufahu Tahi,FB,RB,"https://static.www.nfl.com/image/private/f_auto,q_auto/league/yyhkgpffkcbwiu0gb9o2",2007,REG,MIN,4,0,0,0,0,0,0,0,0,0,0,0,0,,,0,,6,15,0,0,0,0,-2.86627738748361,0,1,0,7,0,0,0,0,7,0,0.248291761381552,0,0,,0,,0,2,0,0,0,0,0,0,0,0,0,0,0,0,0,0,0,0,0,0,0,0,0,0,0,0,0,0,0,0,0,0,,,0,0,0,0,0,0,0,0,0,0,0,0,,,,0,0,0,0,0,0,0,,0,0,0,0,,2.2,3.2
00-0023781,A.Burton,Antwon Burton,DT,DL,"https://static.www.nfl.com/image/private/f_auto,q_auto/league/zfku6vpcmohx0pwdwnuw",2007,REG,DEN,3,0,0,0,0,0,0,0,0,0,0,0,0,,,0,,0,0,0,0,0,0,,0,0,0,0,0,0,0,0,0,0,,0,,,0,,0,4,0,0,0,0,0,0,0,0,0,0,1,0,0,0,0,0,0,0,0,0,0,0,0,0,0,0,0,0,0,0,,,0,0,0,0,0,0,0,0,0,0,0,0,,,,0,0,0,0,0,0,0,,0,0,0,0,,0,0
00-0023784,G.Estandia,Greg Estandia,TE,TE,"https://static.www.nfl.com/image/private/f_auto,q_auto/league/yaouq2qloioyskswcvkl",2007,REG,JAX,7,0,0,0,0,0,0,0,0,0,0,0,0,,,0,,0,0,0,0,0,0,,0,9,0,136,0,0,0,0,37,5,11.0334819303825,0,0,,0,,0,1,0,1,0,0,0,0,0,0,0,0,0,0,0,0,0,0,0,0,0,0,1,5,0,0,0,0,0,0,0,0,,,0,0,0,0,0,0,0,0,0,0,0,0,,,,0,0,0,0,0,0,0,,0,0,0,0,,13.6,22.6
00-0023790,B.Clark,Brian Clark,WR,WR,"https://static.www.nfl.com/image/private/f_auto,q_auto/league/pn1e1vuaf7bkrgboc1x1",2007,REG,TB,4,0,0,0,0,0,0,0,0,0,0,0,0,,,0,,0,0,0,0,0,0,,0,4,0,23,0,1,1,0,10,0,-5.64857290271903,0,0,,0,,0,5,0,0,0,0,0,0,0,0,0,0,0,0,0,0,0,0,0,0,0,0,0,0,0,0,3,70,0,0,0,0,,,0,0,0,0,0,0,0,0,0,0,0,0,,,,0,0,0,0,0,0,0,,0,0,0,0,,0.3,4.3
00-0023806,D.Dorsey,DeDe Dorsey,RB,RB,"https://static.www.nfl.com/image/private/f_auto,q_auto/league/ouexuulihchi2aniyvvq",2007,REG,CIN,9,0,0,0,0,0,0,0,0,0,0,0,0,,,0,,21,183,0,0,0,9,9.84896732744528,0,4,0,19,0,0,0,0,30,1,0.442571282677818,0,0,,0,,1,1,0,0,0,0,0,0,0,0,0,0,0,0,0,0,19,0,0,0,0,0,1,10,0,0,2,20,0,0,0,0,,,0,0,0,0,0,0,0,0,0,0,0,0,,,,0,0,0,0,0,0,0,,0,0,0,0,,26.2,30.2
00-0023807,J.Busing,John Busing,FS,DB,"https://static.www.nfl.com/image/private/f_auto,q_auto/league/kn9i1xsloptpvtlxrlqx",2007,REG,CIN,9,0,0,0,0,0,0,0,0,0,0,0,0,,,0,,0,0,0,0,0,0,,0,0,0,0,0,0,0,0,0,0,,0,,,0,,0,9,1,4,0,0,0,0,0,0,0,0,0,0,0,0,0,0,0,0,0,0,1,10,0,0,0,0,0,0,0,0,,,0,0,0,0,0,0,0,0,0,0,0,0,,,,0,0,0,0,0,0,0,,0,0,0,0,,0,0
00-0023812,C.Allred,Colin Allred,OLB,LB,"https://static.www.nfl.com/image/private/f_auto,q_auto/league/qffrqmhpvjgonyk2yy4b",2007,REG+POST,TEN,3,0,0,0,0,0,0,0,0,0,0,0,0,,,0,,0,0,0,0,0,0,,0,0,0,0,0,0,0,0,0,0,,0,,,0,,0,2,2,0,0,0,0,0,0,0,0,0,0,0,0,0,0,0,0,0,0,0,1,3,0,0,0,0,0,0,0,0,,,0,0,0,0,0,0,0,0,0,0,0,0,,,,0,0,0,0,0,0,0,,0,0,0,0,,0,0
00-0023814,C.Bryan,Copeland Bryan,DE,DL,"https://static.www.nfl.com/image/private/f_auto,q_auto/league/b9aiptxtgbzgipfqnbkh",2007,REG,BUF,1,0,0,0,0,0,0,0,0,0,0,0,0,,,0,,0,0,0,0,0,0,,0,0,0,0,0,0,0,0,0,0,,0,,0,0,0,0,0,0,0,0,0,0,0,0,0,0,0,0,0,0,0,0,0,0,0,0,0,1,15,0,0,0,0,0,0,0,0,,,0,0,0,0,0,0,0,0,0,0,0,0,,,,0,0,0,0,0,0,0,,0,0,0,0,,0,0
00-0023822,S.Bodiford,Shaun Bodiford,WR,WR,"https://static.www.nfl.com/image/private/f_auto,q_auto/league/gzpmcs7iuyl07lttupfb",2007,REG,GB,4,0,0,0,0,0,0,0,0,0,0,0,0,,,0,,0,0,0,0,0,0,,0,1,0,13,0,0,0,0,4,1,1.25172075489536,0,0,0,0,0,0,1,0,0,0,0,0,0,0,0,0,0,0,0,0,0,0,0,0,0,0,0,0,0,0,0,2,41,0,0,0,0,,,0,0,0,0,0,0,0,0,0,0,0,0,,,,0,0,0,0,0,0,0,,0,0,0,0,,1.3,2.3
00-0023823,L.Hicks,Lamarcus Hicks,DB,DB,"https://static.www.nfl.com/image/private/f_auto,q_auto/league/exx5v9vbiyvyzy5kqrt5",2007,REG,DET,3,0,0,0,0,0,0,0,0,0,0,0,0,,,0,,0,0,0,0,0,0,,0,0,0,0,0,0,0,0,0,0,,0,,,0,,0,5,0,2,0,0,0,0,0,0,0,0,0,0,0,0,0,0,0,0,0,0,1,22,0,0,0,0,0,0,0,0,,,0,0,0,0,0,0,0,0,0,0,0,0,,,,0,0,0,0,0,0,0,,0,0,0,0,,0,0
00-0023825,C.Gordon,Charles Gordon,DB,DB,"https://static.www.nfl.com/image/private/f_auto,q_auto/league/zebg1nyf20gmqg6lrqhs",2007,REG,MIN,13,0,0,0,0,0,0,0,0,0,0,0,0,,,0,,0,0,0,0,0,0,,0,0,0,0,0,0,0,0,0,0,,0,,,0,,0,27,3,9,0,0,0,0,0,1,1,0,5,0,0,0,0,0,0,0,0,0,1,15,0,0,2,48,0,0,0,0,,,0,0,0,0,0,0,0,0,0,0,0,0,,,,0,0,0,0,0,0,0,,0,0,0,0,,0,0
00-0023846,M.Brisiel,Mike Brisiel,G,OL,"https://static.www.nfl.com/image/private/f_auto,q_auto/league/vy7qjkpom1hzhcbw65lp",2007,REG,HOU,2,0,0,0,0,0,0,0,0,0,0,0,0,,,0,,0,0,0,0,0,0,,0,0,0,0,0,0,0,0,0,0,,0,,0,0,0,0,1,0,0,0,0,0,0,0,0,0,0,0,0,0,0,0,0,0,0,0,0,1,5,0,0,0,0,0,0,0,0,,,0,0,0,0,0,0,0,0,0,0,0,0,,,,0,0,0,0,0,0,0,,0,0,0,0,,0,0
00-0023847,J.Charleston,Jeff Charleston,DE,DL,"https://static.www.nfl.com/image/private/f_auto,q_auto/league/meqhieusg8cf1pna3tpe",2007,REG,IND,9,0,0,0,0,0,0,0,0,0,0,0,0,,,0,,0,0,0,0,0,0,,0,0,0,0,0,0,0,0,0,0,,0,,,0,,0,7,6,11,0,0,1,1,0,2,0,0,3,0,0,0,0,0,0,0,0,0,1,15,0,0,0,0,0,0,0,0,,,0,0,0,0,0,0,0,0,0,0,0,0,,,,0,0,0,0,0,0,0,,0,0,0,0,,0,0
00-0023853,M.Prater,Matt Prater,K,SPEC,"https://static.www.nfl.com/image/upload/f_auto,q_auto/league/mwlrdghrm5chsum2kzic",2007,REG,DEN,4,0,0,0,0,0,0,0,0,0,0,0,0,,,0,,0,0,0,0,0,0,,0,0,0,0,0,0,0,0,0,0,,0,,0,0,0,0,0,0,0,0,0,0,0,0,0,0,0,0,0,0,0,0,0,0,0,0,0,0,0,0,0,0,0,1,4,3,0,45,0.25,0,0,0,1,0,0,0,1,0,2,0,0,45,44;43;26,,45,113,0,1,1,0,0,1,0,0,0,0,,0,0
00-0023858,C.Barclay,Chris Barclay,RB,RB,"https://static.www.nfl.com/image/private/f_auto,q_auto/league/rpvdpjj5gte4qdpsn9ad",2007,REG,NO,5,0,0,0,0,0,0,0,0,0,0,0,0,,,0,,1,3,0,0,0,0,-0.271303949528374,0,2,0,13,0,0,0,0,13,0,0.0676551325575772,0,0,,0,,0,0,0,0,0,0,0,0,0,0,0,0,0,0,0,0,0,0,0,0,0,0,0,0,3,34,19,402,0,0,0,0,,,0,0,0,0,0,0,0,0,0,0,0,0,,,,0,0,0,0,0,0,0,,0,0,0,0,,1.6,3.6
00-0023871,S.Conover,Sean Conover,TE,TE,"https://static.www.nfl.com/image/private/f_auto,q_auto/league/aczg7tfvfo3z6acerwtm",2007,REG,TEN,1,0,0,0,0,0,0,0,0,0,0,0,0,,,0,,0,0,0,0,0,0,,0,0,0,0,0,0,0,0,0,0,,0,,,0,,0,0,1,0,0,0,0,0,0,0,0,0,0,0,0,0,0,0,0,0,0,0,0,0,0,0,0,0,0,0,0,0,,,0,0,0,0,0,0,0,0,0,0,0,0,,,,0,0,0,0,0,0,0,,0,0,0,0,,0,0
00-0023890,J.Hunter,Jason Hunter,DE,DL,"https://static.www.nfl.com/image/private/f_auto,q_auto/league/vxdgnsponmjhs2tkr9cm",2007,REG+POST,GB,16,0,0,0,0,0,0,0,0,0,0,0,0,,,0,,0,0,0,0,0,0,,0,0,0,0,0,0,0,0,0,0,,0,,0,0,0,0,10,1,8,0,0,1,0,0,1,0,0,0,0,0,0,0,0,0,0,0,0,3,25,0,0,0,0,0,0,0,0,,,0,0,0,0,0,0,0,0,0,0,0,0,,,,0,0,0,0,0,0,0,,0,0,0,0,,0,0
00-0023891,O.Hoyte,Oliver Hoyte,FB,RB,"https://static.www.nfl.com/image/private/f_auto,q_auto/league/l07wpxknfqrlyz09t9ib",2007,REG,DAL,3,0,0,0,0,0,0,0,0,0,0,0,0,,,0,,0,0,0,0,0,0,,0,1,0,2,0,0,0,0,1,1,0.0301027141977102,0,0,,0,,0,0,0,0,0,0,0,0,0,0,0,0,0,0,0,0,0,0,0,0,0,0,2,20,0,0,0,0,0,0,0,0,,,0,0,0,0,0,0,0,0,0,0,0,0,,,,0,0,0,0,0,0,0,,0,0,0,0,,0.2,1.2
00-0023893,J.Mitchell,Jayme Mitchell,DE,DL,"https://static.www.nfl.com/image/private/f_auto,q_auto/league/qwavqgs9j6sii8u5jivq",2007,REG,MIN,6,0,0,0,0,0,0,0,0,0,0,0,0,,,0,,0,0,0,0,0,0,,0,0,0,0,0,0,0,0,0,0,,0,,,0,,0,5,0,4,0,0,0,1,12,2,0,0,0,0,0,0,0,0,0,0,0,0,1,10,0,0,0,0,0,0,0,0,,,0,0,0,0,0,0,0,0,0,0,0,0,,,,0,0,0,0,0,0,0,,0,0,0,0,,0,0
00-0023894,D.Penn,Donald Penn,OT,OL,"https://static.www.nfl.com/image/private/f_auto,q_auto/league/lbarhx9omymxl236etax",2007,REG,TB,2,0,0,0,0,0,0,0,0,0,0,0,0,,,0,,0,0,0,0,0,0,,0,0,0,0,0,0,0,0,0,0,,0,,0,0,0,0,1,0,0,0,0,0,0,0,0,0,0,0,0,0,0,0,0,0,0,0,0,1,10,0,0,0,0,0,0,0,0,,,0,0,0,0,0,0,0,0,0,0,0,0,,,,0,0,0,0,0,0,0,,0,0,0,0,,0,0
00-0023897,J.Madsen,John Madsen,TE,TE,"https://static.www.nfl.com/image/private/f_auto,q_auto/league/fuvzyd4cqxjuc0vcttv9",2007,REG,LV,5,0,0,0,0,0,0,0,0,0,0,0,0,,,0,,0,0,0,0,0,0,,0,8,0,102,1,0,0,0,39,5,8.34724139643367,0,0,,0,,0,1,0,0,0,0,0,0,0,0,0,0,0,0,0,0,0,0,0,0,0,0,0,0,0,0,0,0,0,0,0,0,,,0,0,0,0,0,0,0,0,0,0,0,0,,,,0,0,0,0,0,0,0,,0,0,0,0,,16.2,24.2
00-0023902,K.Hobbs,Kevin Hobbs,DB,DB,"https://static.www.nfl.com/image/private/f_auto,q_auto/league/ngwufmsmdgezoodxzqvv",2007,REG,SEA,6,0,0,0,0,0,0,0,0,0,0,0,0,,,0,,0,0,0,0,0,0,,0,0,0,0,0,0,0,0,0,0,,0,,0,0,0,0,4,1,2,0,0,1,0,0,0,0,0,1,0,0,0,0,0,0,0,0,0,0,0,0,0,0,0,0,0,0,0,,,0,0,0,0,0,0,0,0,0,0,0,0,,,,0,0,0,0,0,0,0,,0,0,0,0,,0,0
00-0023903,L.Laury,Lance Laury,LB,LB,"https://static.www.nfl.com/image/private/f_auto,q_auto/league/apgkmzjk65gybaf3akqc",2007,REG+POST,SEA,13,0,0,0,0,0,0,0,0,0,0,0,0,,,0,,0,0,0,0,0,0,,0,0,0,0,0,0,0,0,0,0,,0,,0,0,0,0,12,4,5,0,0,1,0,0,0,0,0,0,0,0,0,0,0,0,0,0,0,1,10,0,0,0,0,0,0,0,0,,,0,0,0,0,0,0,0,0,0,0,0,0,,,,0,0,0,0,0,0,0,,0,0,0,0,,0,0
00-0023917,S.Fifita,Steve Fifita,DT,DL,"https://static.www.nfl.com/image/private/f_auto,q_auto/league/lub0xqyatpg0ewwhnx1z",2007,REG,MIA,8,0,0,0,0,0,0,0,0,0,0,0,0,,,0,,0,0,0,0,0,0,,0,0,0,0,0,0,0,0,0,0,,0,,,0,,0,4,3,4,0,0,0,0,0,1,0,0,0,0,0,0,0,0,0,0,0,0,1,15,0,0,1,0,0,0,0,0,,,0,0,0,0,0,0,0,0,0,0,0,0,,,,0,0,0,0,0,0,0,,0,0,0,0,,0,0
00-0023918,J.Bush,Jarrett Bush,CB,DB,"https://static.www.nfl.com/image/private/f_auto,q_auto/league/ze1vlrtovuitcjs8owxi",2007,REG,GB,13,0,0,0,0,0,0,0,0,0,0,0,0,,,0,,0,0,0,0,0,0,,0,0,0,0,0,0,0,0,0,0,,0,,0,0,0,0,20,4,6,0,0,0,0,0,0,0,0,7,0,1,0,0,0,0,1,1,0,6,86,1,0,0,0,0,0,0,0,,,0,0,0,0,0,0,0,0,0,0,0,0,,,,0,0,0,0,0,0,0,,0,0,0,0,,0,0
00-0023921,M.Austin,Miles Austin,WR,WR,"https://static.www.nfl.com/image/private/f_auto,q_auto/league/tuwhvxan7v0gisbei4an",2007,REG+POST,DAL,15,0,0,0,0,0,0,0,0,0,0,0,0,,,0,,0,0,0,0,0,0,,0,5,0,76,0,0,0,0,43,3,6.17697829921963,0,0,,0,,0,7,0,1,0,0,0,0,0,0,0,0,0,0,0,0,0,0,0,0,0,0,1,8,0,0,27,679,0,0,0,0,,,0,0,0,0,0,0,0,0,0,0,0,0,,,,0,0,0,0,0,0,0,,0,0,0,0,,7.6,12.6
00-0023928,A.Mix,Anthony Mix,WR,WR,"https://static.www.nfl.com/image/private/f_auto,q_auto/league/k1zcaa0mhrq0za6ma7d2",2007,REG+POST,WAS,6,0,0,0,0,0,0,0,0,0,0,0,0,,,0,,0,0,0,0,0,0,,0,3,0,39,0,0,0,0,17,2,2.32174261682667,0,0,0,0,0,0,5,2,0,0,0,1,0,0,0,0,0,0,0,0,0,0,0,0,0,0,0,0,0,0,0,0,0,0,0,0,0,,,0,0,0,0,0,0,0,0,0,0,0,0,,,,0,0,0,0,0,0,0,,0,0,0,0,,3.9,6.9
00-0023938,J.DiGiorgio,John DiGiorgio,MLB,LB,"https://static.www.nfl.com/image/private/f_auto,q_auto/league/ltyg0m1ankcgf9aqbdgp",2007,REG,BUF,16,0,0,0,0,0,0,0,0,0,0,0,0,,,0,,0,0,0,0,0,0,,0,0,0,0,0,0,0,0,0,0,,0,,0,0,0,0,66,20,27,0,0,0,2,12.5,4,1,38,6,0,0,0,0,0,0,2,2,0,2,15,0,0,0,0,0,0,0,0,,,0,0,0,0,0,0,0,0,0,0,0,0,,,,0,0,0,0,0,0,0,,0,0,0,0,,0,0
00-0023945,R.Brown,Ricky Brown,LB,LB,"https://static.www.nfl.com/image/private/f_auto,q_auto/league/xdkj0pfuwqhuwxcwxzxk",2007,REG,LV,9,0,0,0,0,0,0,0,0,0,0,0,0,,,0,,0,0,0,0,0,0,,0,0,0,0,0,0,0,0,0,0,,0,,,0,,0,8,1,4,0,0,0,0,0,0,0,0,0,0,0,0,0,0,0,0,0,0,1,10,0,0,0,0,0,0,0,0,,,0,0,0,0,0,0,0,0,0,0,0,0,,,,0,0,0,0,0,0,0,,0,0,0,0,,0,0
00-0023953,S.Hurd,Sam Hurd,WR,WR,"https://static.www.nfl.com/image/private/f_auto,q_auto/league/zhoytw3cbuljvubjwvtq",2007,REG+POST,DAL,16,0,0,0,0,0,0,0,0,0,0,0,0,,,0,,0,0,0,0,0,0,,0,19,0,314,1,0,0,0,98,17,29.7912994880462,0,0,,0,,0,9,0,3,0,0,1,0,0,0,0,0,0,0,0,0,0,0,0,0,0,0,2,19,0,0,0,0,0,0,0,0,,,0,0,0,0,0,0,0,0,0,0,0,0,,,,0,0,0,0,0,0,0,,0,0,0,0,,37.4,56.4
00-0023954,S.Bowen,Stephen Bowen,DE,DL,"https://static.www.nfl.com/image/private/f_auto,q_auto/league/o0suampqczcxl6rzj96u",2007,REG,DAL,12,0,0,0,0,0,0,0,0,0,0,0,0,,,0,,0,0,0,0,0,0,,0,0,0,0,0,0,0,0,0,0,,0,,,0,,0,8,1,5,0,0,0,0,0,5,0,0,0,0,0,0,0,0,0,0,0,0,1,5,0,0,0,0,0,0,0,0,,,0,0,0,0,0,0,0,0,0,0,0,0,,,,0,0,0,0,0,0,0,,0,0,0,0,,0,0
00-0023965,B.Stutz,Boone Stutz,LS,SPEC,"https://static.www.nfl.com/image/private/f_auto,q_auto/league/jipnnbuznyzgmujrau6s",2007,REG,SEA,1,0,0,0,0,0,0,0,0,0,0,0,0,,,0,,0,0,0,0,0,0,,0,0,0,0,0,0,0,0,0,0,,0,,0,0,0,0,0,0,0,0,0,0,0,0,0,0,0,0,0,0,0,0,0,1,0,0,0,0,0,0,0,0,0,0,0,0,0,,,0,0,0,0,0,0,0,0,0,0,0,0,,,,0,0,0,0,0,0,0,,0,0,0,0,,0,0
00-0023968,M.Spurlock,Micheal Spurlock,WR,WR,"https://static.www.nfl.com/image/private/f_auto,q_auto/league/dfq51bmg5fjbbwdj0q9u",2007,REG+POST,TB,8,0,0,0,0,0,0,0,0,0,0,0,0,,,0,,0,0,0,0,0,0,,0,0,0,0,0,0,0,0,0,0,,0,,0,0,0,1,2,0,0,0,0,0,0,0,0,0,0,0,0,0,0,0,0,0,0,0,0,1,10,4,30,21,550,0,0,0,0,,,0,0,0,0,0,0,0,0,0,0,0,0,,,,0,0,0,0,0,0,0,,0,0,0,0,,6,6
00-0023979,E.Bassey,Eric Bassey,DB,DB,"https://static.www.nfl.com/image/private/f_auto,q_auto/league/r161a9ea4yqekw65krzp",2007,REG,LA,7,0,0,0,0,0,0,0,0,0,0,0,0,,,0,,0,0,0,0,0,0,,0,0,0,0,0,0,0,0,0,0,,0,,,0,,0,9,0,2,0,0,0,0,0,0,0,0,0,0,0,0,0,0,0,1,1,0,1,10,0,0,0,0,0,0,0,0,,,0,0,0,0,0,0,0,0,0,0,0,0,,,,0,0,0,0,0,0,0,,0,0,0,0,,0,0
00-0023982,R.Neill,Ryan Neill,LS,SPEC,"https://static.www.nfl.com/image/private/f_auto,q_auto/league/zctugmzk360ulzx8vsvf",2007,REG,BUF,10,0,0,0,0,0,0,0,0,0,0,0,0,,,0,,0,0,0,0,0,0,,0,0,0,0,0,0,0,0,0,0,,0,,0,0,0,0,8,1,1,0,0,0,0,0,2,0,0,0,0,0,0,0,0,2,0,0,0,0,0,0,0,0,0,0,0,0,0,,,0,0,0,0,0,0,0,0,0,0,0,0,,,,0,0,0,0,0,0,0,,0,0,0,0,,0,0
00-0023998,S.Gregory,Steve Gregory,S,DB,"https://static.www.nfl.com/image/private/f_auto,q_auto/league/cpujmhfphn923vjittgw",2007,REG,LAC,9,0,0,0,0,0,0,0,0,0,0,0,0,,,0,,0,0,0,0,0,0,,0,0,0,0,0,0,0,0,0,0,,0,,,0,,0,10,0,1,0,0,0,0,0,0,0,0,1,0,0,0,0,0,0,0,0,0,1,10,0,0,0,0,0,0,0,0,,,0,0,0,0,0,0,0,0,0,0,0,0,,,,0,0,0,0,0,0,0,,0,0,0,0,,0,0
00-0024002,B.McKinney,Brandon McKinney,DT,DL,"https://static.www.nfl.com/image/private/f_auto,q_auto/league/e9b6ekknqqymoij4igu2",2007,REG,LAC,10,0,0,0,0,0,0,0,0,0,0,0,0,,,0,,0,0,0,0,0,0,,0,0,0,0,0,0,0,0,0,0,,0,,,0,,0,9,5,7,0,0,0,0,0,0,0,0,1,0,0,0,0,0,0,0,0,0,0,0,0,0,0,0,0,0,0,0,,,0,0,0,0,0,0,0,0,0,0,0,0,,,,0,0,0,0,0,0,0,,0,0,0,0,,0,0
00-0024011,M.Bell,Mike Bell,RB,RB,"https://static.www.nfl.com/image/private/f_auto,q_auto/league/n5am5rpzph1vsw8dmtng",2007,REG,DEN,4,0,0,0,0,0,0,0,0,0,0,0,0,,,0,,6,3,0,1,1,2,-6.29115928080864,0,1,0,7,0,0,0,0,5,0,0.277667077723891,0,0,,0,,0,1,0,1,0,0,0,0,0,0,0,0,0,0,0,0,0,0,0,0,0,0,0,0,0,0,0,0,0,0,0,0,,,0,0,0,0,0,0,0,0,0,0,0,0,,,,0,0,0,0,0,0,0,,0,0,0,0,,-1,0
00-0024013,H.Baskett,Hank Baskett,WR,WR,"https://static.www.nfl.com/image/private/f_auto,q_auto/league/bsgsx6yofx8dza4f5rh3",2007,REG,PHI,11,0,0,0,0,0,0,0,0,0,0,0,0,,,0,,0,0,0,0,0,0,,0,16,0,142,1,0,0,0,39,5,10.013453782362,0,0,0,0,0,0,2,2,1,0,0,0,0,0,0,0,0,0,0,0,0,0,0,0,0,0,0,1,10,0,0,0,4,0,0,0,0,,,0,0,0,0,0,0,0,0,0,0,0,0,,,,0,0,0,0,0,0,0,,0,0,0,0,,20.2,36.2
00-0024017,P.Woods,Pierre Woods,LB,LB,"https://static.www.nfl.com/image/private/f_auto,q_auto/league/pstpzyx3i42jo6jsghfd",2007,REG+POST,NE,15,0,0,0,0,0,0,0,0,0,0,0,0,,,0,,0,0,0,0,0,0,,0,0,0,0,0,0,0,0,0,0,,0,,,0,,0,9,9,7,0,0,0,0,0,0,0,0,0,0,0,0,0,0,0,0,0,0,1,5,0,0,0,0,0,0,0,0,,,0,0,0,0,0,0,0,0,0,0,0,0,,,,0,0,0,0,0,0,0,,0,0,0,0,,0,0
00-0024018,C.Mays,Corey Mays,ILB,LB,"https://static.www.nfl.com/image/private/f_auto,q_auto/league/uyttisicabafiiu13pst",2007,REG,CIN,9,0,0,0,0,0,0,0,0,0,0,0,0,,,0,,0,0,0,0,0,0,,0,0,0,0,0,0,0,0,0,0,,0,,,0,,0,5,1,9,0,0,0,0,0,0,0,0,1,0,0,0,0,0,0,0,0,0,0,0,0,0,0,0,0,0,0,0,,,0,0,0,0,0,0,0,0,0,0,0,0,,,,0,0,0,0,0,0,0,,0,0,0,0,,0,0
00-0024054,J.Perry,Jereme Perry,DB,DB,"https://static.www.nfl.com/image/private/f_auto,q_auto/league/rwyk9mqypdvhi9v5jdib",2007,REG,MIA,3,0,0,0,0,0,0,0,0,0,0,0,0,,,0,,0,0,0,0,0,0,,0,0,0,0,0,0,0,0,0,0,,0,,,0,,0,2,0,1,0,0,0,0,0,0,0,0,0,0,0,0,0,0,0,0,0,0,0,0,0,0,0,0,0,0,0,0,,,0,0,0,0,0,0,0,0,0,0,0,0,,,,0,0,0,0,0,0,0,,0,0,0,0,,0,0
00-0024061,T.Williams,Tramon Williams,CB,DB,"https://static.www.nfl.com/image/private/f_auto,q_auto/league/btv4xik81slb9h07rmkh",2007,REG+POST,GB,16,0,0,0,0,0,0,0,0,0,0,0,0,,,0,,0,0,0,0,0,0,,0,0,0,0,0,0,0,0,0,0,,0,,0,0,0,1,17,5,1,0,0,0,0,0,0,1,22,6,0,0,0,0,1,1,0,0,0,3,62,9,121,36,844,0,0,0,0,,,0,0,0,0,0,0,0,0,0,0,0,0,,,,0,0,0,0,0,0,0,,0,0,0,0,,6,6
00-0024067,L.Vickers,Lee Vickers,TE,TE,"https://static.www.nfl.com/image/private/f_auto,q_auto/league/lp2qcqiodtu5nazd3czl",2007,REG,BAL,2,0,0,0,0,0,0,0,0,0,0,0,0,,,0,,0,0,0,0,0,0,,0,2,0,4,0,0,0,0,6,0,-0.570471278158948,0,0,,0,,0,0,0,0,0,0,0,0,0,0,0,0,0,0,0,0,0,0,0,0,0,0,0,0,0,0,0,0,0,0,0,0,,,0,0,0,0,0,0,0,0,0,0,0,0,,,,0,0,0,0,0,0,0,,0,0,0,0,,0.4,2.4
00-0024069,T.Bienemann,Troy Bienemann,TE,TE,"https://static.www.nfl.com/image/private/f_auto,q_auto/league/wjwn0apitmeuyp1t4itr",2007,REG,ARI,9,0,0,0,0,0,0,0,0,0,0,0,0,,,0,,0,0,0,0,0,0,,0,7,0,46,1,0,0,0,19,2,5.20790318888612,0,0,,0,,0,5,0,1,0,0,0,0,0,0,0,0,0,0,0,0,0,0,0,0,0,0,3,20,0,0,0,0,0,0,0,0,,,0,0,0,0,0,0,0,0,0,0,0,0,,,,0,0,0,0,0,0,0,,0,0,0,0,,10.6,17.6
00-0024073,R.Ayodele,Remi Ayodele,DT,DL,"https://static.www.nfl.com/image/private/f_auto,q_auto/league/wq4bpvw2bo9ofm0fhipx",2007,REG,DAL,4,0,0,0,0,0,0,0,0,0,0,0,0,,,0,,0,0,0,0,0,0,,0,0,0,0,0,0,0,0,0,0,,0,,,0,,0,4,0,1,0,0,1,0,0,0,0,0,0,0,0,0,0,0,0,0,0,0,0,0,0,0,0,0,0,0,0,0,,,0,0,0,0,0,0,0,0,0,0,0,0,,,,0,0,0,0,0,0,0,,0,0,0,0,,0,0
00-0024075,C.Gordon,Cletis Gordon,DB,DB,"https://static.www.nfl.com/image/private/f_auto,q_auto/league/l816p5mahn54rownraje",2007,REG+POST,LAC,11,0,0,0,0,0,0,0,0,0,0,0,0,,,0,,0,0,0,0,0,0,,0,0,0,0,0,0,0,0,0,0,,0,,,0,,0,10,3,4,0,0,0,0,0,0,0,0,2,0,0,0,0,0,0,0,0,0,3,31,0,0,0,0,0,0,0,0,,,0,0,0,0,0,0,0,0,0,0,0,0,,,,0,0,0,0,0,0,0,,0,0,0,0,,0,0
00-0024077,I.Smolko,Isaac Smolko,TE,TE,"https://static.www.nfl.com/image/private/f_auto,q_auto/league/di0ptyyb9ntwwntpngyl",2007,REG+POST,JAX,3,0,0,0,0,0,0,0,0,0,0,0,0,,,0,,0,0,0,0,0,0,,0,2,0,12,0,0,0,0,12,0,0.512568239704706,0,0,,0,,0,1,0,0,0,0,0,0,0,0,0,0,0,0,0,0,0,0,0,0,0,0,0,0,0,0,1,12,0,0,0,0,,,0,0,0,0,0,0,0,0,0,0,0,0,,,,0,0,0,0,0,0,0,,0,0,0,0,,1.2,3.2
00-0024083,J.Eubanks,John Eubanks,DB,DB,"https://static.www.nfl.com/image/private/f_auto,q_auto/league/ruzdgxwyjflvx5bzjiuq",2007,REG,WAS,4,0,0,0,0,0,0,0,0,0,0,0,0,,,0,,0,0,0,0,0,0,,0,0,0,0,0,0,0,0,0,0,,0,,,0,,0,5,1,1,0,0,0,0,0,0,0,0,0,0,0,0,0,0,0,0,0,0,0,0,0,0,2,14,0,0,0,0,,,0,0,0,0,0,0,0,0,0,0,0,0,,,,0,0,0,0,0,0,0,,0,0,0,0,,0,0
00-0024095,A.Madison,Anthony Madison,DB,DB,"https://static.www.nfl.com/image/private/f_auto,q_auto/league/gcqscrldh7segwbyhjib",2007,REG+POST,PIT,8,0,0,0,0,0,0,0,0,0,0,0,0,,,0,,0,0,0,0,0,0,,0,0,0,0,0,0,0,0,0,0,,0,,,0,,0,10,1,1,0,0,0,0,0,0,0,0,0,0,0,0,0,1,1,0,0,0,0,0,0,0,0,0,0,0,0,0,,,0,0,0,0,0,0,0,0,0,0,0,0,,,,0,0,0,0,0,0,0,,0,0,0,0,,0,0
00-0024097,J.Fudge,Jamaal Fudge,DB,DB,"https://static.www.nfl.com/image/private/f_auto,q_auto/league/wrtvl5qfzf02i3yskdfc",2007,REG+POST,JAX,8,0,0,0,0,0,0,0,0,0,0,0,0,,,0,,0,0,0,0,0,0,,0,0,0,0,0,0,0,0,0,0,,0,,,0,,0,9,0,1,0,0,1,0,0,0,1,0,2,0,0,0,0,0,0,1,1,0,2,20,0,0,0,0,0,0,0,0,,,0,0,0,0,0,0,0,0,0,0,0,0,,,,0,0,0,0,0,0,0,,0,0,0,0,,0,0
00-0024100,B.Iwuh,Brian Iwuh,LB,LB,"https://static.www.nfl.com/image/private/f_auto,q_auto/league/nk2m406okjv0htxbxqzj",2007,REG+POST,JAX,16,0,0,0,0,0,0,0,0,0,0,0,0,,,0,,0,0,0,0,0,0,,0,0,0,0,0,0,0,0,0,0,,0,,,0,,0,24,2,9,0,0,0,0,0,0,0,0,0,0,0,0,0,0,0,1,1,0,0,0,0,0,0,0,0,0,0,0,,,0,0,0,0,0,0,0,0,0,0,0,0,,,,0,0,0,0,0,0,0,,0,0,0,0,,0,0
00-0024102,T.McDaniel,Tony McDaniel,DT,DL,"https://static.www.nfl.com/image/private/f_auto,q_auto/league/aii1gqgww8lytlngymkv",2007,REG,JAX,3,0,0,0,0,0,0,0,0,0,0,0,0,,,0,,0,0,0,0,0,0,,0,0,0,0,0,0,0,0,0,0,,0,,,0,,0,5,0,0,0,0,0,0,0,0,0,0,0,0,0,0,0,0,0,0,0,0,0,0,0,0,0,0,0,0,0,0,,,0,0,0,0,0,0,0,0,0,0,0,0,,,,0,0,0,0,0,0,0,,0,0,0,0,,0,0
00-0024103,M.Owens,Montell Owens,RB,RB,"https://static.www.nfl.com/image/private/f_auto,q_auto/league/uhbn4k9ucwwjdpgehocb",2007,REG+POST,JAX,11,0,0,0,0,0,0,0,0,0,0,0,0,,,0,,0,0,0,0,0,0,,0,0,0,0,0,0,0,0,0,0,,0,,,0,,0,14,0,2,0,0,0,0,0,0,0,0,0,0,0,0,0,0,0,0,0,0,0,0,0,0,2,15,0,0,0,0,,,0,0,0,0,0,0,0,0,0,0,0,0,,,,0,0,0,0,0,0,0,,0,0,0,0,,0,0
00-0024107,M.Boykin,McKinley Boykin,DT,DL,"https://static.www.nfl.com/image/private/f_auto,q_auto/league/xvkkmkxtp8lwv9srmslg",2007,REG,NO,2,0,0,0,0,0,0,0,0,0,0,0,0,,,0,,0,0,0,0,0,0,,0,0,0,0,0,0,0,0,0,0,,0,,0,0,0,0,3,4,3,0,0,0,0,0,0,0,0,0,0,0,0,0,0,0,0,0,0,0,0,0,0,0,0,0,0,0,0,,,0,0,0,0,0,0,0,0,0,0,0,0,,,,0,0,0,0,0,0,0,,0,0,0,0,,0,0
00-0024108,G.Mason,Grant Mason,DB,DB,"https://static.www.nfl.com/image/private/f_auto,q_auto/league/hhoa8oytsfr9brjqylwb",2007,REG,PIT,2,0,0,0,0,0,0,0,0,0,0,0,0,,,0,,0,0,0,0,0,0,,0,0,0,0,0,0,0,0,0,0,,0,,,0,,0,2,1,0,0,0,1,0,0,0,0,0,0,0,0,0,0,0,0,0,0,0,0,0,0,0,0,0,0,0,0,0,,,0,0,0,0,0,0,0,0,0,0,0,0,,,,0,0,0,0,0,0,0,,0,0,0,0,,0,0
00-0024110,S.Weatherford,Steve Weatherford,P,SPEC,"https://static.www.nfl.com/image/private/f_auto,q_auto/league/jkpdalshsrmuxdn1jj4h",2007,REG,NO,16,0,0,0,0,0,0,0,0,0,0,0,0,,,0,,1,5,0,0,0,1,2.92433844297193,0,0,0,0,0,0,0,0,0,0,,0,,0,0,0,0,1,0,0,0,0,0,0,0,0,0,0,0,0,0,0,0,0,0,0,0,0,0,0,0,0,0,0,0,0,0,0,,,0,0,0,0,0,0,0,0,0,0,0,0,,,,0,0,0,0,0,0,0,,0,0,0,0,,0.5,0.5
00-0024129,B.Costanzo,Blake Costanzo,OLB,LB,"https://static.www.nfl.com/image/private/f_auto,q_auto/league/ygbxy5o77ubo8gp4hjkm",2007,REG,BUF,3,0,0,0,0,0,0,0,0,0,0,0,0,,,0,,0,0,0,0,0,0,,0,0,0,0,0,0,0,0,0,0,,0,,0,0,0,0,6,0,0,0,0,0,0,0,0,0,0,0,0,0,0,0,0,0,0,0,0,0,0,0,0,0,0,0,0,0,0,,,0,0,0,0,0,0,0,0,0,0,0,0,,,,0,0,0,0,0,0,0,,0,0,0,0,,0,0
00-0024137,S.Tutt,Stacy Tutt,RB,RB,"https://static.www.nfl.com/image/private/f_auto,q_auto/league/b03vvczohcc4ovy26e8u",2007,REG,NYJ,2,0,0,0,0,0,0,0,0,0,0,0,0,,,0,,0,0,0,0,0,0,,0,0,0,0,0,0,0,0,0,0,,0,,,0,,0,2,0,0,0,0,0,0,0,0,0,0,0,0,0,0,0,0,0,0,0,0,0,0,0,0,0,0,0,0,0,0,,,0,0,0,0,0,0,0,0,0,0,0,0,,,,0,0,0,0,0,0,0,,0,0,0,0,,0,0
00-0024148,C.Ross,Cory Ross,RB,RB,"https://static.www.nfl.com/image/private/f_auto,q_auto/league/rrhjbdmvfqphbdcu6nr9",2007,REG,BAL,4,0,0,0,0,0,0,0,0,0,0,0,0,,,0,,12,72,1,0,0,3,1.59289804397849,0,0,0,0,0,0,0,0,0,0,,0,,,0,,0,0,0,0,0,0,0,0,0,0,0,0,0,0,1,0,0,1,1,0,0,0,0,0,5,36,9,148,0,0,0,0,,,0,0,0,0,0,0,0,0,0,0,0,0,,,,0,0,0,0,0,0,0,,0,0,0,0,,13.2,13.2
00-0024156,N.Cole,Nick Cole,G,OL,"https://static.www.nfl.com/image/private/f_auto,q_auto/league/aggcabfbz17qkznpbu1g",2007,REG,PHI,1,0,0,0,0,0,0,0,0,0,0,0,0,,,0,,0,0,0,0,0,0,,0,0,0,0,0,0,0,0,0,0,,0,,0,0,0,0,0,0,0,0,0,0,0,0,0,0,0,0,0,0,0,0,0,0,0,0,0,1,5,0,0,0,0,0,0,0,0,,,0,0,0,0,0,0,0,0,0,0,0,0,,,,0,0,0,0,0,0,0,,0,0,0,0,,0,0
00-0024157,T.Daniels,Torrance Daniels,LB,LB,"https://static.www.nfl.com/image/private/f_auto,q_auto/league/gjgsvkwg7kcfslhpanjo",2007,REG+POST,NYG,3,0,0,0,0,0,0,0,0,0,0,0,0,,,0,,0,0,0,0,0,0,,0,0,0,0,0,0,0,0,0,0,,0,,0,0,0,0,3,0,1,0,0,1,0,0,1,0,0,0,0,0,0,0,0,0,0,0,0,0,0,0,0,0,0,0,0,0,0,,,0,0,0,0,0,0,0,0,0,0,0,0,,,,0,0,0,0,0,0,0,,0,0,0,0,,0,0
00-0024166,R.Prude,Ronnie Prude,DB,DB,"https://static.www.nfl.com/image/private/f_auto,q_auto/league/puu7ygkl178wx0ir5wpt",2007,REG,BAL,8,0,0,0,0,0,0,0,0,0,0,0,0,,,0,,0,0,0,0,0,0,,0,0,0,0,0,0,0,0,0,0,,0,,,0,,0,9,3,1,0,0,0,0,0,0,0,0,3,0,0,0,0,0,0,0,0,0,0,0,0,0,0,0,0,0,0,0,,,0,0,0,0,0,0,0,0,0,0,0,0,,,,0,0,0,0,0,0,0,,0,0,0,0,,0,0
00-0024170,J.Kowalewski,Joe Kowalewski,TE,TE,"https://static.www.nfl.com/image/private/f_auto,q_auto/league/r8lkozcf0g8arh004gz7",2007,REG,NYJ,4,0,0,0,0,0,0,0,0,0,0,0,0,,,0,,0,0,0,0,0,0,,0,5,0,18,1,0,0,0,9,1,1.13084215129493,0,0,,0,,0,0,0,0,0,0,0,0,0,0,0,0,0,0,0,0,0,0,0,0,0,0,1,13,0,0,0,0,0,0,0,0,,,0,0,0,0,0,0,0,0,0,0,0,0,,,,0,0,0,0,0,0,0,,0,0,0,0,,7.8,12.8
00-0024171,W.Wright,Wallace Wright,WR,WR,"https://static.www.nfl.com/image/private/f_auto,q_auto/league/mwxiq2gjxb7rtm5vsseu",2007,REG,NYJ,11,0,0,0,0,0,0,0,0,0,0,0,0,,,0,,0,0,0,0,0,0,,0,6,0,87,0,0,0,0,33,4,6.66059322905494,0,0,,0,,0,12,2,1,0,0,0,0,0,0,0,0,0,0,0,0,0,0,0,0,0,0,0,0,0,0,2,31,0,0,0,0,,,0,0,0,0,0,0,0,0,0,0,0,0,,,,0,0,0,0,0,0,0,,0,0,0,0,,8.7,14.7
00-0024172,P.Cobbs,Patrick Cobbs,RB,RB,"https://static.www.nfl.com/image/private/f_auto,q_auto/league/val7hmlyfey2flz3693k",2007,REG,MIA,9,0,0,0,0,0,0,0,0,0,0,0,0,,,0,,15,47,1,0,0,3,0.165958935511298,0,2,0,20,0,0,0,0,1,0,0.0856073989125434,0,0,,0,,0,2,0,2,0,0,0,0,0,0,0,0,0,0,0,0,0,0,0,0,0,0,0,0,0,0,5,44,0,0,0,0,,,0,0,0,0,0,0,0,0,0,0,0,0,,,,0,0,0,0,0,0,0,,0,0,0,0,,12.7,14.7
00-0024174,G.Holt,Glenn Holt,WR,WR,"https://static.www.nfl.com/image/private/f_auto,q_auto/league/r9cq0f3pfy48wl0q5j6p",2007,REG,CIN,16,0,0,0,0,0,0,0,0,0,0,0,0,,,0,,2,2,0,0,0,0,-1.05968812934589,0,15,0,136,1,0,0,0,68,10,10.4905751817816,0,0,,0,,1,1,0,2,0,0,0,0,0,0,0,0,0,0,0,0,0,1,1,0,0,0,1,5,0,0,58,1400,0,0,0,0,,,0,0,0,0,0,0,0,0,0,0,0,0,,,,0,0,0,0,0,0,0,,0,0,0,0,,25.8,40.8
00-0024178,K.Dockery,Kevin Dockery,CB,DB,"https://static.www.nfl.com/image/private/f_auto,q_auto/league/nblwnnqcfbgzoyrqrz31",2007,REG+POST,NYG,14,0,0,0,0,0,0,0,0,0,0,0,0,,,0,,0,0,0,0,0,0,,0,0,0,0,0,0,0,0,0,0,,0,,0,0,0,0,31,6,16,0,0,1,0,0,1,0,0,9,0,0,0,0,0,0,1,1,0,0,0,0,0,0,0,0,0,0,0,,,0,0,0,0,0,0,0,0,0,0,0,0,,,,0,0,0,0,0,0,0,,0,0,0,0,,0,0
00-0024183,B.Grimes,Brent Grimes,CB,DB,"https://static.www.nfl.com/image/private/f_auto,q_auto/league/jdlknyziigmhmkkyihrm",2007,REG,ATL,2,0,0,0,0,0,0,0,0,0,0,0,0,,,0,,0,0,0,0,0,0,,0,0,0,0,0,0,0,0,0,0,,0,,0,0,0,0,10,1,1,0,0,0,0,0,0,0,0,0,0,0,0,0,0,0,0,0,0,0,0,0,0,0,0,0,0,0,0,,,0,0,0,0,0,0,0,0,0,0,0,0,,,,0,0,0,0,0,0,0,,0,0,0,0,,0,0
00-0024185,B.Jamison,Brandon Jamison,LB,LB,"https://static.www.nfl.com/image/private/f_auto,q_auto/league/coiicwhmspu5dkgzpg1y",2007,REG,CAR,4,0,0,0,0,0,0,0,0,0,0,0,0,,,0,,0,0,0,0,0,0,,0,0,0,0,0,0,0,0,0,0,,0,,0,0,0,0,4,0,0,0,0,0,0,0,0,0,0,0,0,0,0,0,0,0,0,0,0,0,0,0,0,0,0,0,0,0,0,,,0,0,0,0,0,0,0,0,0,0,0,0,,,,0,0,0,0,0,0,0,,0,0,0,0,,0,0
00-0024193,W.Colon,Willie Colon,G,OL,"https://static.www.nfl.com/image/private/f_auto,q_auto/league/wlrb5hzuqb6ac03w1lmo",2007,REG,PIT,7,0,0,0,0,0,0,0,0,0,0,0,0,,,0,,0,0,0,0,0,0,,0,0,0,0,0,0,0,0,0,0,,0,,,0,,0,0,1,0,0,0,0,0,0,0,0,0,0,0,0,0,0,0,0,0,0,0,7,45,0,0,0,0,0,0,0,0,,,0,0,0,0,0,0,0,0,0,0,0,0,,,,0,0,0,0,0,0,0,,0,0,0,0,,0,0
00-0024201,H.Eugene,Hiram Eugene,DB,DB,"https://static.www.nfl.com/image/private/f_auto,q_auto/league/lcvhcsd2gxgnrtie5zxg",2007,REG,LV,12,0,0,0,0,0,0,0,0,0,0,0,0,,,0,,0,0,0,0,0,0,,0,0,0,0,0,0,0,0,0,0,,0,,,0,,0,19,3,9,0,0,0,0,0,0,0,0,0,0,0,0,0,0,0,0,0,0,1,10,0,0,0,0,0,0,0,0,,,0,0,0,0,0,0,0,0,0,0,0,0,,,,0,0,0,0,0,0,0,,0,0,0,0,,0,0
00-0024204,F.Jackson,Fred Jackson,RB,RB,"https://static.www.nfl.com/image/private/f_auto,q_auto/league/ibu4ltouiplhatsn4ptq",2007,REG,BUF,8,0,0,0,0,0,0,0,0,0,0,0,0,,,0,,58,300,0,0,0,12,-2.32304910659432,0,22,0,190,0,0,0,0,189,7,5.89392286391385,0,0,0,0,0,0,0,0,0,0,0,0,0,0,0,0,0,0,0,0,0,0,2,2,0,0,0,0,0,0,0,3,46,0,0,0,0,,,0,0,0,0,0,0,0,0,0,0,0,0,,,,0,0,0,0,0,0,0,,0,0,0,0,,49,71
00-0024217,R.Bush,Reggie Bush,RB,RB,"https://static.www.nfl.com/image/private/f_auto,q_auto/league/z2m2heolqx9sgobdks9v",2007,REG,NO,12,0,0,0,0,0,0,0,0,0,0,0,0,,,0,,157,581,4,7,3,35,-18.0876222453376,3,73,0,417,2,0,0,0,405,24,15.5754627053561,0,0,0,0,0,0,4,0,0,0,0,0,0,0,0,0,0,0,0,1,0,0,3,4,0,0,0,1,15,3,12,0,0,0,0,0,0,,,0,0,0,0,0,0,0,0,0,0,0,0,,,,0,0,0,0,0,0,0,,0,0,0,0,,135.8,208.8
00-0024218,V.Young,Vince Young,QB,QB,"https://static.www.nfl.com/image/private/f_auto,q_auto/league/wwrmv8nloaoc4pstsm0y",2007,REG+POST,TEN,16,254,411,2684,9,18,28,-166,4,2,3635,1122,150,-17.1801143846622,1.61764814995872,0,0.73837689133425,95,407,3,5,1,34,-4.81901433061562,0,0,0,0,0,0,0,0,0,0,,0,,,0,,0,1,0,0,0,0,0,0,0,0,0,0,0,0,0,0,0,7,10,0,0,0,5,35,0,0,0,0,0,0,0,0,,,0,0,0,0,0,0,0,0,0,0,0,0,,,,0,0,0,0,0,0,0,,0,0,0,0,,160.06,160.06
00-0024219,D.Ferguson,D'Brickashaw Ferguson,OT,OL,"https://static.www.nfl.com/image/private/f_auto,q_auto/league/vyf0x3m5geok9vptx3dm",2007,REG,NYJ,6,0,0,0,0,0,0,0,0,0,0,0,0,,,0,,0,0,0,0,0,0,,0,0,0,0,0,0,0,0,0,0,,0,,,0,,0,2,0,0,0,0,0,0,0,0,0,0,0,0,0,0,0,1,1,0,0,0,4,30,0,0,0,0,0,0,0,0,,,0,0,0,0,0,0,0,0,0,0,0,0,,,,0,0,0,0,0,0,0,,0,0,0,0,,0,0
00-0024220,A.Hawk,A.J. Hawk,LB,LB,"https://static.www.nfl.com/image/private/f_auto,q_auto/league/nrfsifzzmvxtfkbb4c7c",2007,REG+POST,GB,18,0,0,0,0,0,0,0,0,0,0,0,0,,,0,,0,0,0,0,0,0,,0,0,0,0,0,0,0,0,0,0,,0,,0,0,0,0,64,18,30,0,0,1,2,10,4,1,10,4,0,0,0,0,0,0,1,1,0,2,20,0,0,0,0,0,0,0,0,,,0,0,0,0,0,0,0,0,0,0,0,0,,,,0,0,0,0,0,0,0,,0,0,0,0,,0,0
00-0024221,V.Davis,Vernon Davis,TE,TE,"https://static.www.nfl.com/image/private/f_auto,q_auto/league/so5ywayfeeu4zeijln5m",2007,REG,SF,14,0,0,0,0,0,0,0,0,0,0,0,0,,,0,,0,0,0,0,0,0,,0,52,0,509,4,1,1,0,200,30,34.7989080980159,0,0,0,0,0,0,2,0,0,0,0,0,0,0,0,0,0,0,0,0,0,0,1,1,0,0,0,9,55,0,0,0,0,0,0,0,0,,,0,0,0,0,0,0,0,0,0,0,0,0,,,,0,0,0,0,0,0,0,,0,0,0,0,,72.9,124.9
00-0024222,M.Huff,Michael Huff,FS,DB,"https://static.www.nfl.com/image/private/f_auto,q_auto/league/j6mduggoklc9st7uq36i",2007,REG,LV,16,0,0,0,0,0,0,0,0,0,0,0,0,,,0,,0,0,0,0,0,0,,0,0,0,0,0,0,0,0,0,0,,0,,,0,,0,61,13,11,0,0,1,1,0,1,1,4,11,0,0,0,0,1,1,0,0,0,3,30,0,0,0,0,0,0,0,0,,,0,0,0,0,0,0,0,0,0,0,0,0,,,,0,0,0,0,0,0,0,,0,0,0,0,,0,0
00-0024223,D.Whitner,Donte Whitner,S,DB,"https://static.www.nfl.com/image/private/f_auto,q_auto/league/tab2ojpswq75ucy2uc7a",2007,REG,BUF,15,0,0,0,0,0,0,0,0,0,0,0,0,,,0,,0,0,0,0,0,0,,0,0,0,0,0,0,0,0,0,0,,0,,0,0,0,0,50,18,21,0,0,1,0,0,0,1,29,1,0,0,0,0,0,0,0,0,0,1,15,0,0,0,0,0,0,0,0,,,0,0,0,0,0,0,0,0,0,0,0,0,,,,0,0,0,0,0,0,0,,0,0,0,0,,0,0
00-0024224,E.Sims,Ernie Sims,OLB,LB,"https://static.www.nfl.com/image/private/f_auto,q_auto/league/flfai1jsuwqjjf9zsfnh",2007,REG,DET,16,0,0,0,0,0,0,0,0,0,0,0,0,,,0,,0,0,0,0,0,0,,0,0,0,0,0,0,0,0,0,0,,0,,,0,,0,75,21,38,0,0,3,0.5,2.5,2,1,5,2,0,0,0,0,0,0,0,0,0,0,0,0,0,0,0,0,0,0,0,,,0,0,0,0,0,0,0,0,0,0,0,0,,,,0,0,0,0,0,0,0,,0,0,0,0,,0,0
00-0024225,M.Leinart,Matt Leinart,QB,QB,"https://static.www.nfl.com/image/private/f_auto,q_auto/league/y1vcveczcmnterc5qphn",2007,REG,ARI,5,60,112,647,2,4,4,-23,0,0,919,259,33,-10.7134490975788,-8.66085268833019,0,0.704026115342764,11,42,0,0,0,5,2.65022296295501,0,0,0,0,0,0,0,0,0,0,,0,,,0,,0,0,0,0,0,0,0,0,0,0,0,0,0,0,0,0,0,0,0,0,0,0,2,10,0,0,0,0,0,0,0,0,,,0,0,0,0,0,0,0,0,0,0,0,0,,,,0,0,0,0,0,0,0,,0,0,0,0,,30.08,30.08
00-0024226,J.Cutler,Jay Cutler,QB,QB,"https://static.www.nfl.com/image/private/f_auto,q_auto/league/ks6n7gvw4vccihlse6bn",2007,REG,DEN,16,297,467,3497,20,14,27,-153,4,2,3849,1580,175,55.3254155572112,2.08144542483384,0,0.908547674720707,44,205,1,6,2,21,-2.19735149860695,0,0,0,0,0,0,0,0,0,0,,0,,,0,,0,1,0,0,0,0,0,0,0,0,0,0,0,0,0,0,0,3,8,0,0,0,1,5,0,0,0,0,0,0,0,0,,,0,0,0,0,0,0,0,0,0,0,0,0,,,,0,0,0,0,0,0,0,,0,0,0,0,,210.38,210.38
00-0024227,H.Ngata,Haloti Ngata,DT,DL,"https://static.www.nfl.com/image/private/f_auto,q_auto/league/ga6ow47da8dsw0dcxct0",2007,REG,BAL,16,0,0,0,0,0,0,0,0,0,0,0,0,,,0,,0,0,0,0,0,0,,0,0,0,0,0,0,0,0,0,0,,0,,,0,,0,26,17,20,0,0,1,3,14,10,0,0,1,0,0,0,0,0,0,0,0,0,3,34,0,0,0,0,0,0,0,0,,,0,0,0,0,0,0,0,0,0,0,0,0,,,,0,0,0,0,0,0,0,,0,0,0,0,,0,0
00-0024228,K.Wimbley,Kamerion Wimbley,OLB,LB,"https://static.www.nfl.com/image/private/f_auto,q_auto/league/b5exsauwnaoy6uu88jiv",2007,REG,CLE,15,0,0,0,0,0,0,0,0,0,0,0,0,,,0,,0,0,0,0,0,0,,0,0,0,0,0,0,0,0,0,0,,0,,0,0,0,0,27,11,12,0,0,3,4,25,19,0,0,1,0,0,0,0,0,0,0,0,0,3,20,0,0,0,0,0,0,0,0,,,0,0,0,0,0,0,0,0,0,0,0,0,,,,0,0,0,0,0,0,0,,0,0,0,0,,0,0
00-0024229,B.Bunkley,Brodrick Bunkley,NT,DL,"https://static.www.nfl.com/image/private/f_auto,q_auto/league/p849zr1qnjgt6onpwr5g",2007,REG,PHI,15,0,0,0,0,0,0,0,0,0,0,0,0,,,0,,0,0,0,0,0,0,,0,0,0,0,0,0,0,0,0,0,,0,,0,0,0,0,22,2,7,0,0,0,3,20,4,0,0,0,0,0,0,0,0,0,0,0,0,1,4,0,0,0,0,0,0,0,0,,,0,0,0,0,0,0,0,0,0,0,0,0,,,,0,0,0,0,0,0,0,,0,0,0,0,,0,0
00-0024230,T.Hill,Tye Hill,DB,DB,"https://static.www.nfl.com/image/private/f_auto,q_auto/league/caobq3htrmnmuokkyvxp",2007,REG,LA,8,0,0,0,0,0,0,0,0,0,0,0,0,,,0,,0,0,0,0,0,0,,0,0,0,0,0,0,0,0,0,0,,0,,,0,,0,34,0,1,0,0,0,0,0,0,1,0,8,0,0,0,0,0,0,0,0,0,0,0,0,0,0,0,0,0,0,0,,,0,0,0,0,0,0,0,0,0,0,0,0,,,,0,0,0,0,0,0,0,,0,0,0,0,,0,0
00-0024231,J.Allen,Jason Allen,DB,DB,"https://static.www.nfl.com/image/private/f_auto,q_auto/league/n590gh1djhpdbrfga3l4",2007,REG,MIA,12,0,0,0,0,0,0,0,0,0,0,0,0,,,0,,0,0,0,0,0,0,,0,0,0,0,0,0,0,0,0,0,,0,,,0,,0,47,8,7,0,0,1,0,0,0,3,15,3,0,0,0,0,0,0,0,0,0,2,25,0,0,0,0,0,0,0,0,,,0,0,0,0,0,0,0,0,0,0,0,0,,,,0,0,0,0,0,0,0,,0,0,0,0,,0,0
00-0024232,C.Greenway,Chad Greenway,OLB,LB,"https://static.www.nfl.com/image/private/f_auto,q_auto/league/spdety7gpwzt3hrnoc7z",2007,REG,MIN,15,0,0,0,0,0,0,0,0,0,0,0,0,,,0,,0,0,0,0,0,0,,0,0,0,0,0,0,0,0,0,0,,0,,,0,,0,66,11,27,0,0,2,0,0,3,2,39,4,1,1,0,0,0,0,4,4,0,0,0,0,0,0,0,0,0,0,0,,,0,0,0,0,0,0,0,0,0,0,0,0,,,,0,0,0,0,0,0,0,,0,0,0,0,,0,0
00-0024233,B.Carpenter,Bobby Carpenter,LB,LB,"https://static.www.nfl.com/image/private/f_auto,q_auto/league/ysogltal9jnmcfuuthzd",2007,REG+POST,DAL,12,0,0,0,0,0,0,0,0,0,0,0,0,,,0,,0,0,0,0,0,0,,0,0,0,0,0,0,0,0,0,0,,0,,,0,,0,10,2,7,0,0,0,0,0,0,0,0,0,0,0,0,0,0,0,0,0,0,1,10,0,0,0,0,0,0,0,0,,,0,0,0,0,0,0,0,0,0,0,0,0,,,,0,0,0,0,0,0,0,,0,0,0,0,,0,0
00-0024234,A.Cromartie,Antonio Cromartie,CB,DB,"https://static.www.nfl.com/image/private/f_auto,q_auto/league/xlndx1ktvw4ubay7sl14",2007,REG+POST,LAC,16,0,0,0,0,0,0,0,0,0,0,0,0,,,0,,0,0,0,0,0,0,,0,0,0,0,0,0,0,0,0,0,,0,,,0,,1,47,6,7,0,0,1,0,0,0,12,163,20,1,0,0,109,0,0,2,2,1,7,55,0,0,3,71,0,0,0,0,,,0,0,0,0,0,0,0,0,0,0,0,0,,,,0,0,0,0,0,0,0,,0,0,0,0,,6,6
00-0024235,T.Hali,Tamba Hali,OLB,LB,"https://static.www.nfl.com/image/private/f_auto,q_auto/league/it2l8ervbkhxeqqtzjsl",2007,REG,KC,15,0,0,0,0,0,0,0,0,0,0,0,0,,,0,,0,0,0,0,0,0,,0,0,0,0,0,0,0,0,0,0,,0,,,0,,0,36,10,12,0,0,2,7.5,50,8,0,0,2,0,0,0,0,0,0,0,0,0,4,19,0,0,0,0,0,0,0,0,,,0,0,0,0,0,0,0,0,0,0,0,0,,,,0,0,0,0,0,0,0,,0,0,0,0,,0,0
00-0024236,L.Maroney,Laurence Maroney,RB,RB,"https://static.www.nfl.com/image/private/f_auto,q_auto/league/ojhdwgaoupkeqytd0cdf",2007,REG+POST,NE,16,0,0,0,0,0,0,0,0,0,0,0,0,,,0,,246,1115,9,0,0,71,8.22310052297698,1,9,0,177,0,0,0,0,189,5,14.0425576614798,0,0,,0,,0,0,0,0,0,0,0,0,0,0,0,0,0,0,0,0,0,0,0,0,0,0,1,5,0,0,6,137,0,0,0,0,,,0,0,0,0,0,0,0,0,0,0,0,0,,,,0,0,0,0,0,0,0,,0,0,0,0,,185.2,194.2
00-0024237,M.Lawson,Manny Lawson,OLB,LB,"https://static.www.nfl.com/image/private/f_auto,q_auto/league/dji2hrrtxsxkc9njrzhs",2007,REG,SF,2,0,0,0,0,0,0,0,0,0,0,0,0,,,0,,0,0,0,0,0,0,,0,0,0,0,0,0,0,0,0,0,,0,,0,0,0,0,7,2,3,0,0,0,1,1,1,0,0,1,0,0,0,0,0,0,0,0,0,1,5,0,0,0,0,0,0,0,0,,,0,0,0,0,0,0,0,0,0,0,0,0,,,,0,0,0,0,0,0,0,,0,0,0,0,,0,0
00-0024238,D.Joseph,Davin Joseph,G,OL,"https://static.www.nfl.com/image/private/f_auto,q_auto/league/ei2kzksy8fhvmxvpayxv",2007,REG,TB,6,0,0,0,0,0,0,0,0,0,0,0,0,,,0,,0,0,0,0,0,0,,0,0,0,0,0,0,0,0,0,0,,0,,0,0,0,0,2,0,0,0,0,0,0,0,0,0,0,0,0,0,0,0,0,0,0,0,0,5,50,0,0,0,0,0,0,0,0,,,0,0,0,0,0,0,0,0,0,0,0,0,,,,0,0,0,0,0,0,0,,0,0,0,0,,0,0
00-0024239,J.Joseph,Johnathan Joseph,CB,DB,"https://static.www.nfl.com/image/private/f_auto,q_auto/league/caovj6onwsoepaen8tjc",2007,REG,CIN,15,0,0,0,0,0,0,0,0,0,0,0,0,,,0,,0,0,0,0,0,0,,0,0,0,0,0,0,0,0,0,0,,0,,,0,,0,46,3,13,0,0,0,0,0,0,4,76,15,1,0,0,0,0,0,0,0,0,2,10,0,0,0,0,0,0,0,0,,,0,0,0,0,0,0,0,0,0,0,0,0,,,,0,0,0,0,0,0,0,,0,0,0,0,,0,0
00-0024240,S.Holmes,Santonio Holmes,WR,WR,"https://static.www.nfl.com/image/private/f_auto,q_auto/league/dxmxzb9pcyedlf99zejh",2007,REG+POST,PIT,14,0,0,0,0,0,0,0,0,0,0,0,0,,,0,,5,17,0,1,0,1,-1.99684703233652,0,55,0,991,9,1,0,0,327,44,98.1582488239075,1,0,,0,,0,2,0,0,0,0,0,0,0,0,0,0,0,0,0,0,0,0,0,0,0,0,0,0,0,0,0,0,0,0,0,0,,,0,0,0,0,0,0,0,0,0,0,0,0,,,,0,0,0,0,0,0,0,,0,0,0,0,,156.8,211.8
00-0024241,J.McCargo,John McCargo,DT,DL,"https://static.www.nfl.com/image/private/f_auto,q_auto/league/svhvlkprnjgenozsyhm5",2007,REG,BUF,14,0,0,0,0,0,0,0,0,0,0,0,0,,,0,,0,0,0,0,0,0,,0,0,0,0,0,0,0,0,0,0,,0,,0,0,0,0,15,5,9,0,0,1,2.5,14,3,0,0,4,0,0,0,0,0,0,1,1,0,1,5,0,0,0,0,0,0,0,0,,,0,0,0,0,0,0,0,0,0,0,0,0,,,,0,0,0,0,0,0,0,,0,0,0,0,,0,0
00-0024242,D.Williams,DeAngelo Williams,RB,RB,"https://static.www.nfl.com/image/private/f_auto,q_auto/league/oky9ooitgqa1fgwdll6b",2007,REG,CAR,16,0,0,0,0,0,0,0,0,0,0,0,0,,,0,,144,717,4,0,0,27,10.9063102173631,0,24,0,177,1,2,2,0,191,5,-5.19706860053419,0,0,0,0,0,0,1,0,0,0,0,0,0,0,0,0,0,0,0,0,0,0,0,0,0,0,0,1,5,0,0,13,231,0,0,0,0,,,0,0,0,0,0,0,0,0,0,0,0,0,,,,0,0,0,0,0,0,0,,0,0,0,0,,115.4,139.4
00-0024243,M.Lewis,Marcedes Lewis,TE,TE,"https://static.www.nfl.com/image/private/f_auto,q_auto/league/ppq07tipygpftz5csipx",2007,REG+POST,JAX,17,0,0,0,0,0,0,0,0,0,0,0,0,,,0,,0,0,0,0,0,0,,0,43,0,481,2,1,0,0,156,26,39.1968440351391,0,0,,0,,0,1,0,0,0,0,0,0,0,0,0,0,0,0,0,0,0,0,0,0,0,0,7,52,0,0,0,0,0,0,0,0,,,0,0,0,0,0,0,0,0,0,0,0,0,,,,0,0,0,0,0,0,0,,0,0,0,0,,60.1,103.1
00-0024244,N.Mangold,Nick Mangold,C,OL,"https://static.www.nfl.com/image/private/f_auto,q_auto/league/yzxxaw1a2t55cxhsbvx7",2007,REG,NYJ,3,0,0,0,0,0,0,0,0,0,0,0,0,,,0,,0,0,0,0,0,0,,0,1,0,-3,0,0,0,0,0,0,-0.953745676204562,0,0,,0,,0,1,0,0,0,0,1,0,0,0,0,0,0,0,0,0,0,0,0,0,0,0,1,10,0,0,0,0,0,0,0,0,,,0,0,0,0,0,0,0,0,0,0,0,0,,,,0,0,0,0,0,0,0,,0,0,0,0,,-0.3,0.7
00-0024245,J.Addai,Joseph Addai,RB,RB,"https://static.www.nfl.com/image/private/f_auto,q_auto/league/hh0ebpwy5udobw9gbqoe",2007,REG+POST,IND,16,0,0,0,0,0,0,0,0,0,0,0,0,,,0,,274,1115,12,0,0,69,4.85974928317762,1,50,0,431,3,0,0,0,380,17,27.0248348698927,0,0,,0,,0,1,0,0,0,0,0,0,0,0,0,0,0,0,0,0,0,0,0,0,0,0,0,0,0,0,0,0,0,0,0,0,,,0,0,0,0,0,0,0,0,0,0,0,0,,,,0,0,0,0,0,0,0,,0,0,0,0,,246.6,296.6
00-0024246,K.Jennings,Kelly Jennings,DB,DB,"https://static.www.nfl.com/image/private/f_auto,q_auto/league/a4bumo9idtkub4xhs4id",2007,REG+POST,SEA,18,0,0,0,0,0,0,0,0,0,0,0,0,,,0,,0,0,0,0,0,0,,0,0,0,0,0,0,0,0,0,0,,0,,0,0,0,0,48,5,6,0,0,0,0,0,0,0,0,14,0,0,0,0,0,0,2,2,0,3,25,0,0,0,0,0,0,0,0,,,0,0,0,0,0,0,0,0,0,0,0,0,,,,0,0,0,0,0,0,0,,0,0,0,0,,0,0
00-0024247,M.Kiwanuka,Mathias Kiwanuka,DE,DL,"https://static.www.nfl.com/image/private/f_auto,q_auto/league/pn81wl7batcgc11lunfd",2007,REG,NYG,10,0,0,0,0,0,0,0,0,0,0,0,0,,,0,,0,0,0,0,0,0,,0,0,0,0,0,0,0,0,0,0,,0,,0,0,0,0,30,5,11,0,0,1,5,18,6,0,0,4,0,0,0,0,0,0,0,0,0,2,30,0,0,0,0,0,0,0,0,,,0,0,0,0,0,0,0,0,0,0,0,0,,,,0,0,0,0,0,0,0,,0,0,0,0,,0,0
00-0024248,D.Ryans,DeMeco Ryans,ILB,LB,"https://static.www.nfl.com/image/private/f_auto,q_auto/league/t6mvombf11q4vxmiunom",2007,REG,HOU,16,0,0,0,0,0,0,0,0,0,0,0,0,,,0,,0,0,0,0,0,0,,0,0,0,0,0,0,0,0,0,0,,0,,0,0,0,0,68,31,29,0,0,2,2,18,3,1,1,7,0,0,0,0,0,0,3,3,1,1,3,0,0,0,0,0,0,0,0,,,0,0,0,0,0,0,0,0,0,0,0,0,,,,0,0,0,0,0,0,0,,0,0,0,0,,0,0
00-0024249,D.Jackson,D'Qwell Jackson,ILB,LB,"https://static.www.nfl.com/image/private/f_auto,q_auto/league/sc9zntfdfwzwtxwi4vph",2007,REG,CLE,13,0,0,0,0,0,0,0,0,0,0,0,0,,,0,,0,0,0,0,0,0,,0,0,0,0,0,0,0,0,0,0,,0,,0,0,0,0,56,19,26,0,0,0,1,7,1,1,1,3,0,0,0,0,0,0,1,1,0,2,25,0,0,0,0,0,0,0,0,,,0,0,0,0,0,0,0,0,0,0,0,0,,,,0,0,0,0,0,0,0,,0,0,0,0,,0,0
00-0024250,R.McIntosh,Rocky McIntosh,LB,LB,"https://static.www.nfl.com/image/private/f_auto,q_auto/league/ai14uem4xalid4qx9mxn",2007,REG,WAS,13,0,0,0,0,0,0,0,0,0,0,0,0,,,0,,0,0,0,0,0,0,,0,0,0,0,0,0,0,0,0,0,,0,,,0,,0,53,15,19,0,0,3,3,10,5,0,-4,5,0,0,0,0,0,0,1,1,0,1,10,0,0,0,0,0,0,0,0,,,0,0,0,0,0,0,0,0,0,0,0,0,,,,0,0,0,0,0,0,0,,0,0,0,0,,0,0
00-0024251,C.Jackson,Chad Jackson,WR,WR,"https://static.www.nfl.com/image/private/f_auto,q_auto/league/nxt0i9axkjpy9qqrzpiv",2007,REG+POST,NE,3,0,0,0,0,0,0,0,0,0,0,0,0,,,0,,0,0,0,0,0,0,,0,0,0,0,0,0,0,0,0,0,,0,,,0,,0,0,0,0,0,0,0,0,0,0,0,0,0,0,0,0,0,0,0,0,0,0,0,0,2,7,9,163,0,0,0,0,,,0,0,0,0,0,0,0,0,0,0,0,0,,,,0,0,0,0,0,0,0,,0,0,0,0,,0,0
00-0024252,J.Williams,Jimmy Williams,FS,DB,"https://static.www.nfl.com/image/private/f_auto,q_auto/league/x65phcidtr4w6i85v4mb",2007,REG,ATL,7,0,0,0,0,0,0,0,0,0,0,0,0,,,0,,0,0,0,0,0,0,,0,0,0,0,0,0,0,0,0,0,,0,,0,0,0,0,15,0,1,0,0,0,0,0,0,1,11,2,0,0,0,0,0,0,0,0,0,0,0,0,0,0,0,0,0,0,0,,,0,0,0,0,0,0,0,0,0,0,0,0,,,,0,0,0,0,0,0,0,,0,0,0,0,,0,0
00-0024253,T.Howard,Thomas Howard,LB,LB,"https://static.www.nfl.com/image/private/f_auto,q_auto/league/fpfeh8uott3nbmje3tzm",2007,REG,LV,16,0,0,0,0,0,0,0,0,0,0,0,0,,,0,,0,0,0,0,0,0,,0,0,0,0,0,0,0,0,0,0,,0,,,0,,0,64,13,18,0,0,0,1,0,1,6,172,11,2,0,0,0,1,1,0,0,0,0,0,0,0,0,0,0,0,0,0,,,0,0,0,0,0,0,0,0,0,0,0,0,,,,0,0,0,0,0,0,0,,0,0,0,0,,0,0
00-0024254,W.Justice,Winston Justice,OT,OL,"https://static.www.nfl.com/image/private/f_auto,q_auto/league/wwmgaohou53r5dfm0pcd",2007,REG,PHI,2,0,0,0,0,0,0,0,0,0,0,0,0,,,0,,0,0,0,0,0,0,,0,0,0,0,0,0,0,0,0,0,,0,,0,0,0,0,0,0,0,0,0,0,0,0,0,0,0,0,0,0,0,0,1,1,0,0,0,3,15,0,0,0,0,0,0,0,0,,,0,0,0,0,0,0,0,0,0,0,0,0,,,,0,0,0,0,0,0,0,,0,0,0,0,,0,0
00-0024256,D.Lutui,Deuce Lutui,G,OL,"https://static.www.nfl.com/image/private/f_auto,q_auto/league/pwlyknwtnzf0l0jmpume",2007,REG,ARI,6,0,0,0,0,0,0,0,0,0,0,0,0,,,0,,0,0,0,0,0,0,,0,0,0,0,0,0,0,0,0,0,,0,,,0,,0,1,0,0,0,0,0,0,0,0,0,0,0,0,0,0,0,0,0,0,0,0,9,78,0,0,0,0,0,0,0,0,,,0,0,0,0,0,0,0,0,0,0,0,0,,,,0,0,0,0,0,0,0,,0,0,0,0,,0,0
00-0024257,D.Manning,Danieal Manning,S,DB,"https://static.www.nfl.com/image/private/f_auto,q_auto/league/lok4w7szxej5vwxfzvmm",2007,REG,CHI,16,0,0,0,0,0,0,0,0,0,0,0,0,,,0,,0,0,0,0,0,0,,0,0,0,0,0,0,0,0,0,0,,0,,,0,,0,59,9,11,0,0,0,0,0,0,2,33,6,0,0,0,0,0,0,0,0,0,0,0,0,0,3,61,0,0,0,0,,,0,0,0,0,0,0,0,0,0,0,0,0,,,,0,0,0,0,0,0,0,,0,0,0,0,,0,0
00-0024258,R.Harper,Roman Harper,S,DB,"https://static.www.nfl.com/image/private/f_auto,q_auto/league/xzq0nteuhr52flsafbt3",2007,REG,NO,16,0,0,0,0,0,0,0,0,0,0,0,0,,,0,,0,0,0,0,0,0,,0,0,0,0,0,0,0,0,0,0,,0,,0,0,0,0,62,13,15,0,0,2,4,36,5,3,58,8,1,0,0,0,0,0,0,0,0,1,5,0,0,0,0,0,0,0,0,,,0,0,0,0,0,0,0,0,0,0,0,0,,,,0,0,0,0,0,0,0,,0,0,0,0,,0,0
00-0024259,S.Moss,Sinorice Moss,WR,WR,"https://static.www.nfl.com/image/private/f_auto,q_auto/league/llbb9b4gvn2nsez0il51",2007,REG,NYG,10,0,0,0,0,0,0,0,0,0,0,0,0,,,0,,1,4,0,0,0,0,-0.238379067974165,0,21,0,225,0,1,1,0,71,11,10.1039013180581,0,0,0,0,0,0,0,0,0,0,0,0,0,0,0,0,0,0,0,0,0,0,0,0,0,0,0,1,5,0,0,0,0,0,0,0,0,,,0,0,0,0,0,0,0,0,0,0,0,0,,,,0,0,0,0,0,0,0,,0,0,0,0,,20.9,41.9
00-0024260,L.White,LenDale White,RB,RB,"https://static.www.nfl.com/image/private/f_auto,q_auto/league/rgzuhhi6vebp8qaoss0s",2007,REG+POST,TEN,17,0,0,0,0,0,0,0,0,0,0,0,0,,,0,,323,1177,7,4,4,60,-52.4558246414528,0,21,0,111,0,0,0,0,129,7,2.51848671377123,0,0,,0,,0,2,0,1,0,0,0,0,0,0,0,0,0,0,0,0,0,0,0,0,0,0,0,0,0,0,0,0,0,0,0,0,,,0,0,0,0,0,0,0,0,0,0,0,0,,,,0,0,0,0,0,0,0,,0,0,0,0,,162.8,183.8
00-0024261,J.Klopfenstein,Joe Klopfenstein,TE,TE,"https://static.www.nfl.com/image/private/f_auto,q_auto/league/qyi8rko4uzvb2beecue5",2007,REG,LA,2,0,0,0,0,0,0,0,0,0,0,0,0,,,0,,0,0,0,0,0,0,,0,2,0,37,1,0,0,0,23,1,3.58122568228282,0,0,,0,,0,0,0,0,0,0,0,0,0,0,0,0,0,0,0,0,0,0,0,0,0,0,0,0,0,0,0,0,0,0,0,0,,,0,0,0,0,0,0,0,0,0,0,0,0,,,,0,0,0,0,0,0,0,,0,0,0,0,,9.7,11.7
00-0024262,D.Colledge,Daryn Colledge,G,OL,"https://static.www.nfl.com/image/private/f_auto,q_auto/league/owjwrvhj4yhqeeucrxpg",2007,REG,GB,2,0,0,0,0,0,0,0,0,0,0,0,0,,,0,,0,0,0,0,0,0,,0,0,0,0,0,0,0,0,0,0,,0,,0,0,0,0,1,0,0,0,0,0,0,0,0,0,0,0,0,0,0,0,0,0,0,0,0,4,25,0,0,0,0,0,0,0,0,,,0,0,0,0,0,0,0,0,0,0,0,0,,,,0,0,0,0,0,0,0,,0,0,0,0,,0,0
00-0024263,C.Griffin,Cedric Griffin,S,DB,"https://static.www.nfl.com/image/private/f_auto,q_auto/league/tpy2omnkqxwdbnvhotb4",2007,REG,MIN,16,0,0,0,0,0,0,0,0,0,0,0,0,,,0,,0,0,0,0,0,0,,0,0,0,0,0,0,0,0,0,0,,0,,,0,,0,79,3,10,0,0,2,0,0,0,0,0,10,0,1,0,0,1,1,1,2,1,3,44,0,0,0,0,0,0,0,0,,,0,0,0,0,0,0,0,0,0,0,0,0,,,,0,0,0,0,0,0,0,,0,0,0,0,,0,0
00-0024264,K.Clemens,Kellen Clemens,QB,QB,"https://static.www.nfl.com/image/private/f_auto,q_auto/league/pxungqbhh61ov73tzaxk",2007,REG,NYJ,10,130,250,1529,5,10,27,-138,3,1,2207,665,82,-51.2884007460496,-6.38587636252244,0,0.692795650203897,27,111,1,1,0,11,6.80384253108059,0,0,0,0,0,0,0,0,0,0,,0,,,0,,0,0,0,0,0,0,0,0,0,0,0,0,0,0,0,0,0,1,2,0,0,0,5,24,0,0,0,0,0,0,0,0,,,0,0,0,0,0,0,0,0,0,0,0,0,,,,0,0,0,0,0,0,0,,0,0,0,0,,76.26,76.26
00-0024265,M.McNeill,Marcus McNeill,OT,OL,"https://static.www.nfl.com/image/private/f_auto,q_auto/league/w9hlesh1kfqpkeqxqhve",2007,REG,LAC,5,0,0,0,0,0,0,0,0,0,0,0,0,,,0,,0,0,0,0,0,0,,0,0,0,0,0,0,0,0,0,0,,0,,,0,,0,1,0,0,0,0,0,0,0,0,0,0,0,0,0,0,0,0,0,0,0,0,4,15,0,0,0,0,0,0,0,0,,,0,0,0,0,0,0,0,0,0,0,0,0,,,,0,0,0,0,0,0,0,,0,0,0,0,,0,0
00-0024266,R.Cook,Ryan Cook,C,OL,"https://static.www.nfl.com/image/private/f_auto,q_auto/league/uh4sb6a9kdmzkh22besa",2007,REG,MIN,4,0,0,0,0,0,0,0,0,0,0,0,0,,,0,,0,0,0,0,0,0,,0,0,0,0,0,0,0,0,0,0,,0,,,0,,0,0,0,0,0,0,0,0,0,0,0,0,0,0,0,0,0,0,0,0,0,0,5,38,0,0,0,0,0,0,0,0,,,0,0,0,0,0,0,0,0,0,0,0,0,,,,0,0,0,0,0,0,0,,0,0,0,0,,0,0
00-0024267,G.Jennings,Greg Jennings,WR,WR,"https://static.www.nfl.com/image/private/f_auto,q_auto/league/jiemkcfkc893pfova8xv",2007,REG+POST,GB,15,0,0,0,0,0,0,0,0,0,0,0,0,,,0,,0,0,0,0,0,0,,0,60,0,1005,14,1,0,0,462,44,95.8262587707141,0,0,0,0,0,0,3,0,0,0,0,0,0,0,0,0,0,0,0,0,0,0,1,1,0,0,0,1,10,0,0,0,0,0,0,0,0,,,0,0,0,0,0,0,0,0,0,0,0,0,,,,0,0,0,0,0,0,0,,0,0,0,0,,184.5,244.5
00-0024268,A.Fasano,Anthony Fasano,TE,TE,"https://static.www.nfl.com/image/private/f_auto,q_auto/league/twcrap9uhjbazmplq5x3",2007,REG+POST,DAL,13,0,0,0,0,0,0,0,0,0,0,0,0,,,0,,0,0,0,0,0,0,,0,15,0,148,1,0,0,0,57,6,9.98780439683469,0,0,,0,,0,1,0,1,0,0,0,0,0,0,0,0,0,0,0,0,0,0,0,0,0,0,2,15,0,0,0,0,0,0,0,0,,,0,0,0,0,0,0,0,0,0,0,0,0,,,,0,0,0,0,0,0,0,,0,0,0,0,,20.8,35.8
00-0024269,B.Pollard,Bernard Pollard,S,DB,"https://static.www.nfl.com/image/private/f_auto,q_auto/league/y3odgxhrbui6bhy8oruu",2007,REG,KC,16,0,0,0,0,0,0,0,0,0,0,0,0,,,0,,0,0,0,0,0,0,,0,0,0,0,0,0,0,0,0,0,,0,,,0,,0,62,12,16,0,0,1,1,5,1,2,23,7,0,0,0,0,0,0,0,0,0,3,28,0,0,0,0,0,0,0,0,,,0,0,0,0,0,0,0,0,0,0,0,0,,,,0,0,0,0,0,0,0,,0,0,0,0,,0,0
00-0024270,A.Whitworth,Andrew Whitworth,OT,OL,"https://static.www.nfl.com/image/private/f_auto,q_auto/league/jcpd1mheqjofcqoy8bd5",2007,REG,CIN,6,0,0,0,0,0,0,0,0,0,0,0,0,,,0,,0,0,0,0,0,0,,0,0,0,0,0,0,0,0,0,0,,0,,,0,,0,0,0,0,0,0,0,0,0,0,0,0,0,0,0,0,0,1,1,0,0,0,7,50,0,0,0,0,0,0,0,0,,,0,0,0,0,0,0,0,0,0,0,0,0,,,,0,0,0,0,0,0,0,,0,0,0,0,,0,0
00-0024271,C.Chester,Chris Chester,G,OL,"https://static.www.nfl.com/image/private/f_auto,q_auto/league/re9ankjhi1ywkujtctec",2007,REG,BAL,2,0,0,0,0,0,0,0,0,0,0,0,0,,,0,,0,0,0,0,0,0,,0,0,0,0,0,0,0,0,0,0,,0,,,0,,0,1,0,0,0,0,0,0,0,0,0,0,0,0,0,0,0,0,0,0,0,0,2,15,0,0,0,0,0,0,0,0,,,0,0,0,0,0,0,0,0,0,0,0,0,,,,0,0,0,0,0,0,0,,0,0,0,0,,0,0
00-0024272,D.Hester,Devin Hester,WR,WR,"https://static.www.nfl.com/image/private/f_auto,q_auto/league/jtntm2ci9doez4qxbx0c",2007,REG,CHI,16,0,0,0,0,0,1,-15,0,0,0,0,0,-1.78429434914142,,0,,7,-10,0,0,0,0,-6.42086878302507,0,20,0,299,2,0,0,0,127,11,19.520392851322,0,0,,0,,6,1,1,0,0,0,0,0,0,0,0,0,0,0,7,0,0,2,2,0,0,0,3,25,42,651,43,934,0,0,0,0,,,0,0,0,0,0,0,0,0,0,0,0,0,,,,0,0,0,0,0,0,0,,0,0,0,0,,76.9,96.9
00-0024273,R.Marshall,Richard Marshall,CB,DB,"https://static.www.nfl.com/image/private/f_auto,q_auto/league/yesdbetwnshyytkudszk",2007,REG,CAR,16,0,0,0,0,0,0,0,0,0,0,0,0,,,0,,0,0,0,0,0,0,,0,0,0,0,0,0,0,0,0,0,,0,,0,0,0,0,70,9,10,0,0,0,1,14,3,3,101,11,1,0,0,2,0,0,2,2,0,9,89,0,0,1,0,0,0,0,0,,,0,0,0,0,0,0,0,0,0,0,0,0,,,,0,0,0,0,0,0,0,,0,0,0,0,,0,0
00-0024274,J.Trueblood,Jeremy Trueblood,OT,OL,"https://static.www.nfl.com/image/private/f_auto,q_auto/league/s6mamimmzun0awdrykvk",2007,REG+POST,TB,8,0,0,0,0,0,0,0,0,0,0,0,0,,,0,,0,0,0,0,0,0,,0,0,0,0,0,0,0,0,0,0,,0,,0,0,0,0,1,0,0,0,0,0,0,0,0,0,0,0,0,0,0,0,0,0,0,0,0,9,60,0,0,0,0,0,0,0,0,,,0,0,0,0,0,0,0,0,0,0,0,0,,,,0,0,0,0,0,0,0,,0,0,0,0,,0,0
00-0024275,M.Jones-Drew,Maurice Jones-Drew,RB,RB,"https://static.www.nfl.com/image/private/f_auto,q_auto/league/imza3kc0cmkjaym7sjsn",2007,REG+POST,JAX,17,0,0,0,0,0,0,0,0,0,0,0,0,,,0,,181,816,10,1,1,50,4.56052163343646,0,47,0,499,1,1,1,0,439,26,36.8456548737236,0,0,,0,,1,3,0,0,0,0,0,0,0,0,0,0,0,0,0,0,0,1,1,0,0,0,0,0,3,28,37,968,0,0,0,0,,,0,0,0,0,0,0,0,0,0,0,0,0,,,,0,0,0,0,0,0,0,,0,0,0,0,,199.5,246.5
00-0024276,T.Scheffler,Tony Scheffler,TE,TE,"https://static.www.nfl.com/image/private/f_auto,q_auto/league/bvrobiivrbwh25wjlhff",2007,REG,DEN,13,0,0,0,0,0,0,0,0,0,0,0,0,,,0,,0,0,0,0,0,0,,0,49,0,549,5,1,1,0,202,29,36.5327395912318,0,0,,0,,0,4,0,0,0,0,0,0,0,0,0,0,0,0,0,0,0,0,0,0,0,0,0,0,0,0,0,0,0,0,0,0,,,0,0,0,0,0,0,0,0,0,0,0,0,,,,0,0,0,0,0,0,0,,0,0,0,0,,82.9,131.9
00-0024277,T.Jennings,Tim Jennings,CB,DB,"https://static.www.nfl.com/image/private/f_auto,q_auto/league/bdr4sbdd4tjqwmkcyxd8",2007,REG+POST,IND,11,0,0,0,0,0,0,0,0,0,0,0,0,,,0,,0,0,0,0,0,0,,0,0,0,0,0,0,0,0,0,0,,0,,,0,,0,29,3,1,0,0,1,0,0,0,0,0,4,0,0,0,0,0,0,0,0,0,2,10,0,0,0,0,0,0,0,0,,,0,0,0,0,0,0,0,0,0,0,0,0,,,,0,0,0,0,0,0,0,,0,0,0,0,,0,0
00-0024278,D.Tapp,Darryl Tapp,DE,DL,"https://static.www.nfl.com/image/private/f_auto,q_auto/league/oyudusxpccwwebqo4xta",2007,REG+POST,SEA,18,0,0,0,0,0,0,0,0,0,0,0,0,,,0,,0,0,0,0,0,0,,0,0,0,0,0,0,0,0,0,0,,0,,0,0,0,0,41,5,10,0,0,3,7,44.5,17,1,-4,8,0,0,0,0,0,0,2,2,0,2,10,0,0,0,0,0,0,0,0,,,0,0,0,0,0,0,0,0,0,0,0,0,,,,0,0,0,0,0,0,0,,0,0,0,0,,0,0
00-0024279,T.Jackson,Tarvaris Jackson,QB,QB,"https://static.www.nfl.com/image/private/f_auto,q_auto/league/bqukmeneztibnhrjko0q",2007,REG,MIN,12,171,294,1911,9,12,19,-70,3,2,2610,889,95,-7.38011018389926,0.513074399156963,0,0.732183908045977,54,260,3,2,1,22,11.375812519371,2,0,0,0,0,0,0,0,0,0,,0,,,0,,0,2,0,0,0,0,0,0,0,0,0,0,0,0,0,0,0,0,2,0,0,0,4,21,0,0,0,0,0,0,0,0,,,0,0,0,0,0,0,0,0,0,0,0,0,,,,0,0,0,0,0,0,0,,0,0,0,0,,130.44,130.44
00-0024281,E.Winston,Eric Winston,OT,OL,"https://static.www.nfl.com/image/private/f_auto,q_auto/league/bfo3hdai7trjljzdmdn3",2007,REG,HOU,6,0,0,0,0,0,0,0,0,0,0,0,0,,,0,,0,0,0,0,0,0,,0,0,0,0,0,0,0,0,0,0,,0,,0,0,0,0,3,0,0,0,0,0,0,0,0,0,0,0,0,0,0,0,0,0,0,0,0,7,35,0,0,0,0,0,0,0,0,,,0,0,0,0,0,0,0,0,0,0,0,0,,,,0,0,0,0,0,0,0,,0,0,0,0,,0,0
00-0024283,C.Wroten,Claude Wroten,DT,DL,"https://static.www.nfl.com/image/private/f_auto,q_auto/league/avxke44gkavuf4pfa0p1",2007,REG,LA,7,0,0,0,0,0,0,0,0,0,0,0,0,,,0,,0,0,0,0,0,0,,0,0,0,0,0,0,0,0,0,0,,0,,,0,,0,10,1,1,0,0,1,0,0,3,0,0,0,0,0,0,0,0,0,0,0,0,2,20,0,0,0,0,0,0,0,0,,,0,0,0,0,0,0,0,0,0,0,0,0,,,,0,0,0,0,0,0,0,,0,0,0,0,,0,0
00-0024284,P.McQuistan,Paul McQuistan,G,OL,"https://static.www.nfl.com/image/private/f_auto,q_auto/league/lkjqj53tyo01pt6dk2ho",2007,REG,LV,4,0,0,0,0,0,0,0,0,0,0,0,0,,,0,,0,0,0,0,0,0,,0,0,0,0,0,0,0,0,0,0,,0,,,0,,0,1,0,0,0,0,0,0,0,0,0,0,0,0,0,0,0,0,0,1,1,0,7,42,0,0,0,0,0,0,0,0,,,0,0,0,0,0,0,0,0,0,0,0,0,,,,0,0,0,0,0,0,0,,0,0,0,0,,0,0
00-0024285,A.Youboty,Ashton Youboty,CB,DB,"https://static.www.nfl.com/image/private/f_auto,q_auto/league/jdq12g6eaqcbhwclnpbz",2007,REG,BUF,8,0,0,0,0,0,0,0,0,0,0,0,0,,,0,,0,0,0,0,0,0,,0,0,0,0,0,0,0,0,0,0,,0,,0,0,0,0,19,3,1,0,0,0,1,4,2,1,19,1,0,0,0,0,0,0,0,0,0,1,8,0,0,0,0,0,0,0,0,,,0,0,0,0,0,0,0,0,0,0,0,0,,,,0,0,0,0,0,0,0,,0,0,0,0,,0,0
00-0024286,C.Gocong,Chris Gocong,LB,LB,"https://static.www.nfl.com/image/private/f_auto,q_auto/league/ywzizqmnpho31z1y9dpg",2007,REG,PHI,16,0,0,0,0,0,0,0,0,0,0,0,0,,,0,,0,0,0,0,0,0,,0,0,0,0,0,0,0,0,0,0,,0,,0,0,0,0,47,4,15,0,0,0,1,3,1,0,0,1,0,0,0,0,0,0,0,0,0,0,0,0,0,0,0,0,0,0,0,,,0,0,0,0,0,0,0,0,0,0,0,0,,,,0,0,0,0,0,0,0,,0,0,0,0,,0,0
00-0024287,L.Pope,Leonard Pope,TE,TE,"https://static.www.nfl.com/image/private/f_auto,q_auto/league/a3rx3o6kxmzwxscjfilj",2007,REG,ARI,12,0,0,0,0,0,0,0,0,0,0,0,0,,,0,,0,0,0,0,0,0,,0,23,0,238,5,1,1,0,79,12,13.1435683377495,0,0,,0,,0,3,0,0,0,0,0,0,0,0,0,0,0,0,0,0,0,0,0,0,0,0,10,70,0,0,0,0,0,0,0,0,,,0,0,0,0,0,0,0,0,0,0,0,0,,,,0,0,0,0,0,0,0,,0,0,0,0,,51.8,74.8
00-0024288,D.Dvoracek,Dusty Dvoracek,NT,DL,"https://static.www.nfl.com/image/private/f_auto,q_auto/league/ksznvdtdaiyidd5lybmq",2007,REG,CHI,1,0,0,0,0,0,0,0,0,0,0,0,0,,,0,,0,0,0,0,0,0,,0,0,0,0,0,0,0,0,0,0,,0,,,0,,0,1,0,1,0,0,0,0,0,0,0,0,0,0,0,0,0,0,0,0,0,0,0,0,0,0,0,0,0,0,0,0,,,0,0,0,0,0,0,0,0,0,0,0,0,,,,0,0,0,0,0,0,0,,0,0,0,0,,0,0
00-0024289,B.Calhoun,Brian Calhoun,RB,RB,"https://static.www.nfl.com/image/private/f_auto,q_auto/league/eqcqvuofmn0r1ooc0hav",2007,REG,DET,4,0,0,0,0,0,0,0,0,0,0,0,0,,,0,,7,35,0,0,0,2,-1.9852968486463,0,5,0,35,0,0,0,0,14,1,1.48264303541509,0,0,,0,,0,1,0,0,0,0,0,0,0,0,0,0,0,0,0,0,0,0,0,0,0,0,0,0,0,0,10,221,0,0,0,0,,,0,0,0,0,0,0,0,0,0,0,0,0,,,,0,0,0,0,0,0,0,,0,0,0,0,,7,12
00-0024290,J.Spitz,Jason Spitz,C,OL,"https://static.www.nfl.com/image/private/f_auto,q_auto/league/zrnbbz1b87bwv4gzlt0w",2007,REG,GB,4,0,0,0,0,0,0,0,0,0,0,0,0,,,0,,0,0,0,0,0,0,,0,0,0,0,0,0,0,0,0,0,,0,,0,0,0,0,1,0,0,0,0,0,0,0,0,0,0,0,0,0,0,0,0,0,0,0,0,4,39,0,0,0,0,0,0,0,0,,,0,0,0,0,0,0,0,0,0,0,0,0,,,,0,0,0,0,0,0,0,,0,0,0,0,,0,0
00-0024291,A.Schlegel,Anthony Schlegel,MLB,LB,"https://static.www.nfl.com/image/private/f_auto,q_auto/league/zbvsfuhi9msqoticlylg",2007,REG,CIN,11,0,0,0,0,0,0,0,0,0,0,0,0,,,0,,0,0,0,0,0,0,,0,0,0,0,0,0,0,0,0,0,,0,,,0,,0,17,1,15,0,0,0,0,0,1,0,0,0,0,0,0,0,0,0,0,0,0,0,0,0,0,0,0,0,0,0,0,,,0,0,0,0,0,0,0,0,0,0,0,0,,,,0,0,0,0,0,0,0,,0,0,0,0,,0,0
00-0024292,J.Alston,Jon Alston,LB,LB,"https://static.www.nfl.com/image/private/f_auto,q_auto/league/zvfoyegwfec4joajq58s",2007,REG,LV,6,0,0,0,0,0,0,0,0,0,0,0,0,,,0,,0,0,0,0,0,0,,0,0,0,0,0,0,0,0,0,0,,0,,,0,,0,3,3,2,0,0,1,0,0,0,0,0,0,0,0,0,0,0,0,0,0,0,2,14,0,0,0,0,0,0,0,0,,,0,0,0,0,0,0,0,0,0,0,0,0,,,,0,0,0,0,0,0,0,,0,0,0,0,,0,0
00-0024294,J.Norwood,Jerious Norwood,RB,RB,"https://static.www.nfl.com/image/private/f_auto,q_auto/league/qw084awtby41mgiyoabo",2007,REG,ATL,15,0,0,0,0,0,0,0,0,0,0,0,0,,,0,,102,615,1,0,0,28,7.03690107626608,0,28,0,277,0,0,0,0,282,12,14.3880500961677,0,0,0,0,0,0,1,0,0,0,0,0,0,0,0,0,0,0,0,0,0,0,0,0,0,0,0,0,0,0,0,52,1317,0,0,0,0,,,0,0,0,0,0,0,0,0,0,0,0,0,,,,0,0,0,0,0,0,0,,0,0,0,0,,95.2,123.2
00-0024295,C.Ingram,Clint Ingram,LB,LB,"https://static.www.nfl.com/image/private/f_auto,q_auto/league/nbbbvsrhrzgrraaamdyd",2007,REG+POST,JAX,13,0,0,0,0,0,0,0,0,0,0,0,0,,,0,,0,0,0,0,0,0,,0,0,0,0,0,0,0,0,0,0,,0,,,0,,0,27,10,8,0,0,0,1,0,0,1,39,2,1,0,0,0,0,0,0,0,0,0,0,0,0,0,0,0,0,0,0,,,0,0,0,0,0,0,0,0,0,0,0,0,,,,0,0,0,0,0,0,0,,0,0,0,0,,0,0
00-0024297,D.Hagan,Derek Hagan,WR,WR,"https://static.www.nfl.com/image/private/f_auto,q_auto/league/mx7kvui7ktz6b0k37g3f",2007,REG,MIA,12,0,0,0,0,0,0,0,0,0,0,0,0,,,0,,0,0,0,0,0,0,,0,29,0,373,2,0,0,0,70,21,43.8288417022997,1,0,,0,,0,6,0,0,0,0,1,0,0,0,0,0,0,0,0,0,0,1,1,0,0,0,5,39,0,0,2,25,0,0,0,0,,,0,0,0,0,0,0,0,0,0,0,0,0,,,,0,0,0,0,0,0,0,,0,0,0,0,,51.3,80.3
00-0024298,An.Smith,Anthony Smith,DB,DB,"https://static.www.nfl.com/image/private/f_auto,q_auto/league/dgu8jddil3ui2dhi7oha",2007,REG,PIT,16,0,0,0,0,0,0,0,0,0,0,0,0,,,0,,0,0,0,0,0,0,,0,0,0,0,0,0,0,0,0,0,,0,,,0,,0,45,7,16,0,0,1,0,0,0,2,50,2,0,0,0,0,0,0,1,1,0,3,19,0,0,0,0,0,0,0,0,,,0,0,0,0,0,0,0,0,0,0,0,0,,,,0,0,0,0,0,0,0,,0,0,0,0,,0,0
00-0024299,B.Williams,Brandon Williams,WR,WR,"https://static.www.nfl.com/image/private/f_auto,q_auto/league/rs878bmcrferx7nykdgc",2007,REG,LA,9,0,0,0,0,0,0,0,0,0,0,0,0,,,0,,0,0,0,0,0,0,,0,0,0,0,0,0,0,0,0,0,,0,,0,0,0,0,1,0,0,0,0,0,0,0,0,0,0,0,0,3,0,0,0,0,0,0,0,0,0,12,88,22,508,0,0,0,0,,,0,0,0,0,0,0,0,0,0,0,0,0,,,,0,0,0,0,0,0,0,,0,0,0,0,,0,0
00-0024300,B.Croyle,Brodie Croyle,QB,QB,"https://static.www.nfl.com/image/private/f_auto,q_auto/league/ypraex2eb8whvtwzfgr9",2007,REG,KC,9,127,224,1227,6,6,16,-98,4,3,1598,543,58,-33.2457344620074,-4.90270213210752,0,0.767834793491865,7,18,0,0,0,1,1.03509190789315,0,0,0,0,0,0,0,0,0,0,,0,,,0,,0,1,0,0,0,0,0,0,0,0,0,0,0,0,0,0,0,1,1,0,0,0,4,35,0,0,0,0,0,0,0,0,,,0,0,0,0,0,0,0,0,0,0,0,0,,,,0,0,0,0,0,0,0,,0,0,0,0,,56.88,56.88
00-0024301,D.Thomas,David Thomas,TE,TE,"https://static.www.nfl.com/image/private/f_auto,q_auto/league/ckc8sclg2sh9qjr3t4mt",2007,REG,NE,1,0,0,0,0,0,0,0,0,0,0,0,0,,,0,,0,0,0,0,0,0,,0,1,0,9,0,0,0,0,3,1,0.48056037229253,0,0,,0,,0,0,0,0,0,0,0,0,0,0,0,0,0,0,0,0,0,0,0,0,0,0,0,0,0,0,0,0,0,0,0,0,,,0,0,0,0,0,0,0,0,0,0,0,0,,,,0,0,0,0,0,0,0,,0,0,0,0,,0.9,1.9
00-0024302,D.Pittman,David Pittman,DB,DB,"https://static.www.nfl.com/image/private/f_auto,q_auto/league/ajrw1mjgy78gvenyyv1r",2007,REG,BAL,3,0,0,0,0,0,0,0,0,0,0,0,0,,,0,,0,0,0,0,0,0,,0,0,0,0,0,0,0,0,0,0,,0,,,0,,0,7,2,1,0,0,0,0,0,0,2,21,3,0,1,0,0,0,0,0,0,0,0,0,0,0,0,0,0,0,0,0,,,0,0,0,0,0,0,0,0,0,0,0,0,,,,0,0,0,0,0,0,0,,0,0,0,0,,0,0
00-0024303,J.Anderson,James Anderson,OLB,LB,"https://static.www.nfl.com/image/private/f_auto,q_auto/league/uenhpsz6ms0ejzfhacch",2007,REG,CAR,7,0,0,0,0,0,0,0,0,0,0,0,0,,,0,,0,0,0,0,0,0,,0,0,0,0,0,0,0,0,0,0,,0,,0,0,0,0,14,0,3,0,0,0,0,0,0,0,0,0,0,0,0,0,0,0,0,0,0,0,0,0,0,0,0,0,0,0,0,,,0,0,0,0,0,0,0,0,0,0,0,0,,,,0,0,0,0,0,0,0,,0,0,0,0,,0,0
00-0024305,M.Stovall,Maurice Stovall,WR,WR,"https://static.www.nfl.com/image/private/f_auto,q_auto/league/qyhoqvhicjjzusyajhah",2007,REG,TB,10,0,0,0,0,0,0,0,0,0,0,0,0,,,0,,0,0,0,0,0,0,,0,10,0,86,1,0,0,0,24,6,5.60196046442962,0,0,0,0,0,0,10,1,1,0,0,0,0,0,0,0,0,0,0,0,0,0,0,0,0,0,0,4,30,0,0,1,22,0,0,0,0,,,0,0,0,0,0,0,0,0,0,0,0,0,,,,0,0,0,0,0,0,0,,0,0,0,0,,14.6,24.6
00-0024306,F.Rucker,Frostee Rucker,DE,DL,"https://static.www.nfl.com/image/private/f_auto,q_auto/league/hqcc0pswncgp31c39ysy",2007,REG,CIN,4,0,0,0,0,0,0,0,0,0,0,0,0,,,0,,0,0,0,0,0,0,,0,0,0,0,0,0,0,0,0,0,,0,,,0,,0,5,1,1,0,0,1,0,0,0,0,0,0,0,0,0,0,0,0,1,1,0,0,0,0,0,0,0,0,0,0,0,,,0,0,0,0,0,0,0,0,0,0,0,0,,,,0,0,0,0,0,0,0,,0,0,0,0,,0,0
00-0024307,J.Hatcher,Jason Hatcher,DE,DL,"https://static.www.nfl.com/image/private/f_auto,q_auto/league/zxqvnuvzs3yxi9q0qmkg",2007,REG+POST,DAL,15,0,0,0,0,0,0,0,0,0,0,0,0,,,0,,0,0,0,0,0,0,,0,0,0,0,0,0,0,0,0,0,,0,,,0,,0,19,4,6,0,0,1,2,19,6,0,0,0,0,0,0,0,0,0,1,1,1,1,15,0,0,0,0,0,0,0,0,,,0,0,0,0,0,0,0,0,0,0,0,0,,,,0,0,0,0,0,0,0,,0,0,0,0,,0,0
00-0024308,D.Byrd,Dominique Byrd,TE,TE,"https://static.www.nfl.com/image/private/f_auto,q_auto/league/qebddzeylakr5m4ujjh8",2007,REG,LA,1,0,0,0,0,0,0,0,0,0,0,0,0,,,0,,0,0,0,0,0,0,,0,4,0,44,0,0,0,0,20,2,2.81371863401728,0,0,,0,,0,0,0,0,0,0,0,0,0,0,0,0,0,0,0,0,0,0,0,0,0,0,0,0,0,0,0,0,0,0,0,0,,,0,0,0,0,0,0,0,0,0,0,0,0,,,,0,0,0,0,0,0,0,,0,0,0,0,,4.4,8.4
00-0024309,F.Keiaho,Freddy Keiaho,LB,LB,"https://static.www.nfl.com/image/private/f_auto,q_auto/league/sxbkh6tlf01rcexmj8oo",2007,REG+POST,IND,12,0,0,0,0,0,0,0,0,0,0,0,0,,,0,,0,0,0,0,0,0,,0,0,0,0,0,0,0,0,0,0,,0,,,0,,0,34,33,18,0,0,0,0.5,5.5,2,1,11,1,0,0,0,0,0,0,0,0,0,1,5,0,0,0,0,0,0,0,0,,,0,0,0,0,0,0,0,0,0,0,0,0,,,,0,0,0,0,0,0,0,,0,0,0,0,,0,0
00-0024310,W.Reid,Willie Reid,WR,WR,"https://static.www.nfl.com/image/private/f_auto,q_auto/league/g3yqmsljcdkrrbruoj4v",2007,REG,PIT,4,0,0,0,0,0,0,0,0,0,0,0,0,,,0,,0,0,0,0,0,0,,0,4,0,54,0,0,0,0,52,2,3.59965460730018,0,0,,0,,0,0,0,0,0,0,0,0,0,0,0,0,0,0,0,0,0,0,0,0,0,0,1,9,0,0,6,127,0,0,0,0,,,0,0,0,0,0,0,0,0,0,0,0,0,,,,0,0,0,0,0,0,0,,0,0,0,0,,5.4,9.4
00-0024311,G.Wilkinson,Gerris Wilkinson,OLB,LB,"https://static.www.nfl.com/image/private/f_auto,q_auto/league/qwvemuzwaryoyev5pjne",2007,REG+POST,NYG,7,0,0,0,0,0,0,0,0,0,0,0,0,,,0,,0,0,0,0,0,0,,0,0,0,0,0,0,0,0,0,0,,0,,0,0,0,0,11,5,7,0,0,0,0,0,0,0,0,1,0,0,0,0,0,0,0,0,0,1,13,0,0,0,0,0,0,0,0,,,0,0,0,0,0,0,0,0,0,0,0,0,,,,0,0,0,0,0,0,0,,0,0,0,0,,0,0
00-0024312,E.Smith,Eric Smith,FS,DB,"https://static.www.nfl.com/image/private/f_auto,q_auto/league/xlt8a5wvy5twxfvg0do4",2007,REG,NYJ,14,0,0,0,0,0,0,0,0,0,0,0,0,,,0,,0,0,0,0,0,0,,0,0,0,0,0,0,0,0,0,0,,0,,,0,,0,21,5,14,0,0,0,0,0,0,0,0,5,0,0,0,0,2,2,0,0,0,0,0,0,0,0,0,0,0,0,0,,,0,0,0,0,0,0,0,0,0,0,0,0,,,,0,0,0,0,0,0,0,,0,0,0,0,,0,0
00-0024313,O.Daniels,Owen Daniels,TE,TE,"https://static.www.nfl.com/image/private/f_auto,q_auto/league/ktxkz5tzddboxst5xfh8",2007,REG,HOU,16,0,0,0,0,0,0,0,0,0,0,0,0,,,0,,0,0,0,0,0,0,,0,63,0,768,3,4,3,0,209,44,53.0682672894036,0,0,0,0,0,0,1,0,0,0,0,0,0,0,0,0,0,0,0,0,0,0,1,1,0,0,0,6,35,0,0,0,0,0,0,0,0,,,0,0,0,0,0,0,0,0,0,0,0,0,,,,0,0,0,0,0,0,0,,0,0,0,0,,88.8,151.8
00-0024314,M.Jean-Gilles,Max Jean-Gilles,G,OL,"https://static.www.nfl.com/image/private/f_auto,q_auto/league/ospnkunb7ncz7wwf59xl",2007,REG,PHI,1,0,0,0,0,0,0,0,0,0,0,0,0,,,0,,0,0,0,0,0,0,,0,0,0,0,0,0,0,0,0,0,,0,,0,0,0,0,1,0,0,0,0,0,0,0,0,0,0,0,0,0,0,0,0,0,0,0,0,0,0,0,0,0,0,0,0,0,0,,,0,0,0,0,0,0,0,0,0,0,0,0,,,,0,0,0,0,0,0,0,,0,0,0,0,,0,0
00-0024315,M.Robinson,Michael Robinson,FB,RB,"https://static.www.nfl.com/image/private/f_auto,q_auto/league/ft3qwqtabyaptjs9cqvf",2007,REG,SF,15,0,0,0,0,0,0,0,0,0,0,0,0,,,0,,26,121,0,1,0,7,-5.02256438798581,0,11,0,73,0,0,0,0,71,4,1.71138268397772,0,0,0,0,0,0,8,2,2,0,0,0,0,0,0,0,0,0,0,0,0,0,0,0,0,0,0,1,5,0,0,2,51,0,0,0,0,,,0,0,0,0,0,0,0,0,0,0,0,0,,,,0,0,0,0,0,0,0,,0,0,0,0,,19.4,30.4
00-0024317,C.Lowry,Calvin Lowry,DB,DB,"https://static.www.nfl.com/image/private/f_auto,q_auto/league/m3lrrmekfu3r8lqkqmoj",2007,REG+POST,TEN,16,0,0,0,0,0,0,0,0,0,0,0,0,,,0,,0,0,0,0,0,0,,0,0,0,0,0,0,0,0,0,0,,0,,,0,,0,35,10,16,0,0,0,0,0,0,2,18,10,0,0,0,0,0,0,0,0,0,1,15,0,0,1,15,0,0,0,0,,,0,0,0,0,0,0,0,0,0,0,0,0,,,,0,0,0,0,0,0,0,,0,0,0,0,,0,0
00-0024318,B.Smith,Brad Smith,WR,WR,"https://static.www.nfl.com/image/private/f_auto,q_auto/league/bsr5rikxqhr1h8luu0ev",2007,REG,NYJ,15,0,1,0,0,0,0,0,0,0,10,0,0,-3.36469409492565,-45.4710274934769,0,0,12,45,0,1,0,3,-3.5439145222286,0,32,0,325,2,0,0,0,120,15,25.4549814939668,0,0,,0,,0,8,1,1,0,0,0,0,0,0,0,0,0,0,0,0,0,0,1,0,0,0,0,0,0,0,9,183,0,0,0,0,,,0,0,0,0,0,0,0,0,0,0,0,0,,,,0,0,0,0,0,0,0,,0,0,0,0,,49,81
00-0024320,K.Simpson,Ko Simpson,S,DB,"https://static.www.nfl.com/image/private/f_auto,q_auto/league/ekfuxifgzlmwigvb4q1c",2007,REG,BUF,1,0,0,0,0,0,0,0,0,0,0,0,0,,,0,,0,0,0,0,0,0,,0,0,0,0,0,0,0,0,0,0,,0,,0,0,0,0,0,1,0,0,0,0,0,0,0,0,0,0,0,0,0,0,0,0,0,0,0,0,0,0,0,0,0,0,0,0,0,,,0,0,0,0,0,0,0,0,0,0,0,0,,,,0,0,0,0,0,0,0,,0,0,0,0,,0,0
00-0024321,G.Mills,Garrett Mills,TE,TE,"https://static.www.nfl.com/image/private/f_auto,q_auto/league/uh9uukddxlh7znwh2jyu",2007,REG,MIN,1,0,0,0,0,0,0,0,0,0,0,0,0,,,0,,0,0,0,0,0,0,,0,2,0,26,0,0,0,0,11,2,3.31784281134605,0,0,,0,,0,0,0,0,0,0,0,0,0,0,0,0,0,0,0,0,0,0,0,0,0,0,0,0,0,0,0,0,0,0,0,0,,,0,0,0,0,0,0,0,0,0,0,0,0,,,,0,0,0,0,0,0,0,,0,0,0,0,,2.6,4.6
00-0024322,G.Watson,Gabe Watson,NT,DL,"https://static.www.nfl.com/image/private/f_auto,q_auto/league/swqi2pouxdeuuvk8i7xv",2007,REG,ARI,16,0,0,0,0,0,0,0,0,0,0,0,0,,,0,,0,0,0,0,0,0,,0,0,0,0,0,0,0,0,0,0,,0,,,0,,0,16,9,9,0,0,0,0,0,1,0,0,2,0,0,0,0,0,0,0,0,0,2,10,0,0,0,0,0,0,0,0,,,0,0,0,0,0,0,0,0,0,0,0,0,,,,0,0,0,0,0,0,0,,0,0,0,0,,0,0
00-0024323,J.Evans,Jahri Evans,G,OL,"https://static.www.nfl.com/image/private/f_auto,q_auto/league/qc8w4ddvwvhsxa5jrvne",2007,REG,NO,5,0,0,0,0,0,0,0,0,0,0,0,0,,,0,,0,0,0,0,0,0,,0,0,0,0,0,0,0,0,0,0,,0,,0,0,0,0,2,0,0,0,0,0,0,0,0,0,0,0,0,0,0,0,1,1,0,0,0,4,34,0,0,0,0,0,0,0,0,,,0,0,0,0,0,0,0,0,0,0,0,0,,,,0,0,0,0,0,0,0,,0,0,0,0,,0,0
00-0024324,J.Avant,Jason Avant,WR,WR,"https://static.www.nfl.com/image/private/f_auto,q_auto/league/nnis5ib42eoeu8bjjpdc",2007,REG,PHI,13,0,0,0,0,0,0,0,0,0,0,0,0,,,0,,1,1,0,0,0,0,-0.391526796855032,0,23,0,267,2,0,0,0,52,15,27.6907904706895,0,0,0,0,0,0,8,0,4,0,0,0,0,0,0,0,0,0,0,0,0,0,0,0,0,0,0,3,30,0,0,0,0,0,0,0,0,,,0,0,0,0,0,0,0,0,0,0,0,0,,,,0,0,0,0,0,0,0,,0,0,0,0,,38.8,61.8
00-0024325,L.Williams,Leon Williams,LB,LB,"https://static.www.nfl.com/image/private/f_auto,q_auto/league/hhkalpixkxw4rlfxwamg",2007,REG,CLE,16,0,0,0,0,0,0,0,0,0,0,0,0,,,0,,0,0,0,0,0,0,,0,0,0,0,0,0,0,0,0,0,,0,,0,0,0,0,48,15,22,0,0,0,4,20,7,0,0,3,0,0,0,0,0,0,0,0,0,2,19,0,0,0,0,0,0,0,0,,,0,0,0,0,0,0,0,0,0,0,0,0,,,,0,0,0,0,0,0,0,,0,0,0,0,,0,0
00-0024326,D.Williams,Demetrius Williams,WR,WR,"https://static.www.nfl.com/image/private/f_auto,q_auto/league/xntwqlnegaqr47enwajy",2007,REG,BAL,8,0,0,0,0,0,0,0,0,0,0,0,0,,,0,,0,0,0,0,0,0,,0,20,0,290,0,0,0,0,44,16,26.9029911609832,0,0,,0,,0,0,0,0,0,0,0,0,0,0,0,0,0,0,0,0,0,0,0,0,0,0,1,5,0,0,0,0,0,0,0,0,,,0,0,0,0,0,0,0,0,0,0,0,0,,,,0,0,0,0,0,0,0,,0,0,0,0,,29,49
00-0024328,V.Adeyanju,Victor Adeyanju,DE,DL,"https://static.www.nfl.com/image/private/f_auto,q_auto/league/i8npfprcpd92yeityymc",2007,REG,LA,11,0,0,0,0,0,0,0,0,0,0,0,0,,,0,,0,0,0,0,0,0,,0,0,0,0,0,0,0,0,0,0,,0,,,0,,0,19,2,8,0,0,0,0,0,3,0,0,1,0,0,0,0,0,0,1,1,0,0,0,0,0,0,0,0,0,0,0,,,0,0,0,0,0,0,0,0,0,0,0,0,,,,0,0,0,0,0,0,0,,0,0,0,0,,0,0
00-0024330,W.Blackmon,Will Blackmon,FS,DB,"https://static.www.nfl.com/image/private/f_auto,q_auto/league/asapp0ikmeuqjmvkmudb",2007,REG,GB,5,0,0,0,0,0,0,0,0,0,0,0,0,,,0,,0,0,0,0,0,0,,0,0,0,0,0,0,0,0,0,0,,0,,0,0,0,1,4,0,0,0,0,0,0,0,0,0,0,1,0,0,0,0,0,0,1,1,1,0,0,8,106,1,3,0,0,0,0,,,0,0,0,0,0,0,0,0,0,0,0,0,,,,0,0,0,0,0,0,0,,0,0,0,0,,6,6
00-0024331,S.Tulloch,Stephen Tulloch,OLB,LB,"https://static.www.nfl.com/image/private/f_auto,q_auto/league/yzqzzuqddo5pvohjcnx4",2007,REG+POST,TEN,15,0,0,0,0,0,0,0,0,0,0,0,0,,,0,,0,0,0,0,0,0,,0,0,0,0,0,0,0,0,0,0,,0,,,0,,0,27,13,12,0,0,0,0,0,0,0,0,0,0,0,0,0,0,0,0,0,0,3,32,0,0,0,0,0,0,0,0,,,0,0,0,0,0,0,0,0,0,0,0,0,,,,0,0,0,0,0,0,0,,0,0,0,0,,0,0
00-0024332,L.Washington,Leon Washington,RB,RB,"https://static.www.nfl.com/image/private/f_auto,q_auto/league/trlmin5m1btufziw17cz",2007,REG,NYJ,16,1,1,36,0,0,0,0,0,0,25,11,1,3.05219798046164,65.4895693063736,0,1.44,71,353,3,1,1,12,-2.5928556865405,0,36,0,213,0,0,0,0,179,15,8.5970353875747,1,0,,0,,3,0,0,0,0,0,0,0,0,0,0,0,0,0,1,0,0,1,1,0,0,0,1,3,20,183,47,1291,0,0,0,0,,,0,0,0,0,0,0,0,0,0,0,0,0,,,,0,0,0,0,0,0,0,,0,0,0,0,,94.04,130.04
00-0024333,S.Gostkowski,Stephen Gostkowski,K,SPEC,"https://static.www.nfl.com/image/private/f_auto,q_auto/league/nqi0psnge6kkglcspabo",2007,REG+POST,NE,19,0,0,0,0,0,0,0,0,0,0,0,0,,,0,,0,0,0,0,0,0,,0,0,0,0,0,0,0,0,0,0,,0,,,0,,0,2,1,1,0,0,0,0,0,0,0,0,0,0,0,0,0,0,0,0,0,0,0,0,0,0,0,0,22,26,4,0,45,0.846153846153846,0,10,9,3,0,0,0,0,2,2,0,0,22;24;24;31;36;20;25;45;22;36;34;23;21;38;42;28;26;34;37;45;37;35,41;32;48;35,,685,156,0,83,83,0,0,1,0,0,0,0,,0,0
00-0024334,B.Marshall,Brandon Marshall,WR,WR,"https://static.www.nfl.com/image/private/f_auto,q_auto/league/jhziqh0scfksvxen6f3s",2007,REG,DEN,16,0,0,0,0,0,2,-9,0,0,0,0,0,-2.79827361484058,,0,,5,57,0,0,0,4,3.99990120955044,0,102,0,1325,7,3,1,0,562,70,113.4126309089,0,0,,0,,0,6,0,0,0,0,0,0,0,0,0,0,0,0,0,0,0,3,3,0,0,0,7,70,0,0,0,0,0,0,0,0,,,0,0,0,0,0,0,0,0,0,0,0,0,,,,0,0,0,0,0,0,0,,0,0,0,0,,178.2,280.2
00-0024335,J.Williams,Jamar Williams,LB,LB,"https://static.www.nfl.com/image/private/f_auto,q_auto/league/oskewzlfazbfxmwauw7w",2007,REG,CHI,10,0,0,0,0,0,0,0,0,0,0,0,0,,,0,,0,0,0,0,0,0,,0,0,0,0,0,0,0,0,0,0,,0,,,0,,0,21,2,8,0,0,0,1,1,1,0,0,2,0,0,0,0,0,0,0,0,0,2,15,0,0,0,0,0,0,0,0,,,0,0,0,0,0,0,0,0,0,0,0,0,,,,0,0,0,0,0,0,0,,0,0,0,0,,0,0
00-0024338,D.Peko,Domata Peko Sr.,NT,DL,"https://static.www.nfl.com/image/private/f_auto,q_auto/league/ekk47kr5k5tj8bkixmun",2007,REG,CIN,16,0,0,0,0,0,0,0,0,0,0,0,0,,,0,,0,0,0,0,0,0,,0,0,0,0,0,0,0,0,0,0,,0,,,0,,0,29,7,16,0,0,0,1.5,3.5,6,0,0,1,0,0,0,0,0,0,1,1,0,0,0,0,0,0,0,0,0,0,0,,,0,0,0,0,0,0,0,0,0,0,0,0,,,,0,0,0,0,0,0,0,,0,0,0,0,,0,0
00-0024339,B.Cofield,Barry Cofield,NT,DL,"https://static.www.nfl.com/image/private/f_auto,q_auto/league/amszyazejbj8n0bz1naj",2007,REG+POST,NYG,17,0,0,0,0,0,0,0,0,0,0,0,0,,,0,,0,0,0,0,0,0,,0,0,0,0,0,0,0,0,0,0,,0,,0,0,0,0,18,13,6,0,0,0,1,7,4,0,0,1,0,0,0,0,0,0,0,0,0,2,20,0,0,0,0,0,0,0,0,,,0,0,0,0,0,0,0,0,0,0,0,0,,,,0,0,0,0,0,0,0,,0,0,0,0,,0,0
00-0024340,S.Green,Skyler Green,WR,WR,"https://static.www.nfl.com/image/private/f_auto,q_auto/league/ntbp18knwzkwmqaprete",2007,REG,CIN,7,0,0,0,0,0,0,0,0,0,0,0,0,,,0,,1,1,0,0,0,0,-0.455704306252301,0,4,0,40,0,0,0,0,27,1,2.98081200092565,0,0,,0,,0,0,0,0,0,0,0,0,0,0,0,0,0,0,0,0,0,0,0,0,0,0,0,0,9,38,1,32,0,0,0,0,,,0,0,0,0,0,0,0,0,0,0,0,0,,,,0,0,0,0,0,0,0,,0,0,0,0,,4.1,8.1
00-0024341,E.Dumervil,Elvis Dumervil,DE,DL,"https://static.www.nfl.com/image/private/f_auto,q_auto/league/roe8tanaqdc9jtyw4kfy",2007,REG,DEN,16,0,0,0,0,0,0,0,0,0,0,0,0,,,0,,0,0,0,0,0,0,,0,0,0,0,0,0,0,0,0,0,,0,,,0,,0,32,2,5,0,0,4,12,62.5,16,1,27,4,0,0,0,0,0,0,3,3,0,8,49,0,0,0,0,0,0,0,0,,,0,0,0,0,0,0,0,0,0,0,0,0,,,,0,0,0,0,0,0,0,,0,0,0,0,,0,0
00-0024342,R.Edwards,Ray Edwards,DE,DL,"https://static.www.nfl.com/image/private/f_auto,q_auto/league/ufcubhjvugyrgobuamda",2007,REG,MIN,12,0,0,0,0,0,0,0,0,0,0,0,0,,,0,,0,0,0,0,0,0,,0,0,0,0,0,0,0,0,0,0,,0,,,0,,0,21,5,3,0,0,2,3.5,30,5,0,0,3,0,0,0,0,0,0,1,1,1,3,20,0,0,0,0,0,0,0,0,,,0,0,0,0,0,0,0,0,0,0,0,0,,,,0,0,0,0,0,0,0,,0,0,0,0,,0,0
00-0024343,R.Sims,Rob Sims,G,OL,"https://static.www.nfl.com/image/private/f_auto,q_auto/league/rwwdmcw1uklkxbvoxepg",2007,REG+POST,SEA,2,0,0,0,0,0,0,0,0,0,0,0,0,,,0,,0,0,0,0,0,0,,0,0,0,0,0,0,0,0,0,0,,0,,0,0,0,0,1,0,0,0,0,0,0,0,0,0,0,0,0,0,0,0,0,0,0,0,0,2,20,0,0,0,0,0,0,0,0,,,0,0,0,0,0,0,0,0,0,0,0,0,,,,0,0,0,0,0,0,0,,0,0,0,0,,0,0
00-0024345,D.Hixon,Domenik Hixon,WR,WR,"https://static.www.nfl.com/image/private/f_auto,q_auto/league/ygyaqjbpy8tp6tcbeflb",2007,REG+POST,NYG,17,0,0,0,0,0,0,0,0,0,0,0,0,,,0,,1,-8,0,0,0,0,-1.40516434889287,0,1,0,5,0,0,0,0,1,0,0.0518296584486961,0,0,,0,,1,11,3,3,0,0,0,0,0,0,0,0,0,0,0,0,0,1,1,0,0,0,1,15,7,32,32,785,0,0,0,0,,,0,0,0,0,0,0,0,0,0,0,0,0,,,,0,0,0,0,0,0,0,,0,0,0,0,,5.7,6.7
00-0024348,K.Williams,Kyle Williams,DT,DL,"https://static.www.nfl.com/image/private/f_auto,q_auto/league/az6qa28sbmxfklqs9waz",2007,REG,BUF,16,0,0,0,0,0,0,0,0,0,0,0,0,,,0,,0,0,0,0,0,0,,0,0,0,0,0,0,0,0,0,0,,0,,0,0,0,0,20,8,12,0,0,0,1.5,9.5,5,0,0,0,0,0,0,0,0,0,1,1,0,2,15,0,0,0,0,0,0,0,0,,,0,0,0,0,0,0,0,0,0,0,0,0,,,,0,0,0,0,0,0,0,,0,0,0,0,,0,0
00-0024349,R.Ninkovich,Rob Ninkovich,OLB,LB,"https://static.www.nfl.com/image/private/f_auto,q_auto/league/qujoarpayc149rgohzxv",2007,REG,MIA,3,0,0,0,0,0,0,0,0,0,0,0,0,,,0,,0,0,0,0,0,0,,0,0,0,0,0,0,0,0,0,0,,0,,,0,,0,1,0,1,0,0,0,0,0,0,0,0,0,0,0,0,0,0,0,0,0,0,0,0,0,0,0,0,0,0,0,0,,,0,0,0,0,0,0,0,0,0,0,0,0,,,,0,0,0,0,0,0,0,,0,0,0,0,,0,0
00-0024352,P.Watkins,Pat Watkins,DB,DB,"https://static.www.nfl.com/image/private/f_auto,q_auto/league/ihywe3euumaeaxezi6zj",2007,REG,DAL,13,0,0,0,0,0,0,0,0,0,0,0,0,,,0,,0,0,0,0,0,0,,0,0,0,0,0,0,0,0,0,0,,0,,,0,,1,29,1,6,0,0,0,0,0,0,1,0,3,0,0,0,68,0,0,0,0,0,3,35,0,0,0,0,0,0,0,0,,,0,0,0,0,0,0,0,0,0,0,0,0,,,,0,0,0,0,0,0,0,,0,0,0,0,,6,6
00-0024353,Q.Ojinnaka,Quinn Ojinnaka,G,OL,"https://static.www.nfl.com/image/private/f_auto,q_auto/league/rwc02xo99whhhlra9zos",2007,REG,ATL,4,0,0,0,0,0,0,0,0,0,0,0,0,,,0,,0,0,0,0,0,0,,0,0,0,0,0,0,0,0,0,0,,0,,0,0,0,0,2,0,0,0,0,0,0,0,0,0,0,0,0,0,0,0,0,0,0,0,0,6,39,0,0,0,0,0,0,0,0,,,0,0,0,0,0,0,0,0,0,0,0,0,,,,0,0,0,0,0,0,0,,0,0,0,0,,0,0
00-0024354,P.Haralson,Parys Haralson,OLB,LB,"https://static.www.nfl.com/image/private/f_auto,q_auto/league/zucs9z4pi03wolxxzhvu",2007,REG,SF,13,0,0,0,0,0,0,0,0,0,0,0,0,,,0,,0,0,0,0,0,0,,0,0,0,0,0,0,0,0,0,0,,0,,0,0,0,0,23,4,14,0,0,0,2,11.5,5,0,0,0,0,0,0,0,0,0,0,0,0,3,23,0,0,0,0,0,0,0,0,,,0,0,0,0,0,0,0,0,0,0,0,0,,,,0,0,0,0,0,0,0,,0,0,0,0,,0,0
00-0024355,J.Scott,Jonathan Scott,OT,OL,"https://static.www.nfl.com/image/private/f_auto,q_auto/league/iayzbaqufvzecwqohptw",2007,REG,DET,2,0,0,0,0,0,0,0,0,0,0,0,0,,,0,,0,0,0,0,0,0,,0,0,0,0,0,0,0,0,0,0,,0,,,0,,0,0,0,0,0,0,0,0,0,0,0,0,0,0,0,0,0,0,0,0,0,0,2,15,0,0,0,0,0,0,0,0,,,0,0,0,0,0,0,0,0,0,0,0,0,,,,0,0,0,0,0,0,0,,0,0,0,0,,0,0
00-0024356,B.Johnson,Brandon Johnson,LB,LB,"https://static.www.nfl.com/image/private/f_auto,q_auto/league/idmjdvvb2zzbef35wgvm",2007,REG,ARI,2,0,0,0,0,0,0,0,0,0,0,0,0,,,0,,0,0,0,0,0,0,,0,0,0,0,0,0,0,0,0,0,,0,,,0,,0,2,0,0,0,0,0,0,0,0,0,0,0,0,0,0,0,0,0,0,0,0,1,10,0,0,0,0,0,0,0,0,,,0,0,0,0,0,0,0,0,0,0,0,0,,,,0,0,0,0,0,0,0,,0,0,0,0,,0,0
00-0024357,B.Butler,Brad Butler,OT,OL,"https://static.www.nfl.com/image/private/f_auto,q_auto/league/rnslmsbimnnahksnhi6l",2007,REG,BUF,2,0,0,0,0,0,0,0,0,0,0,0,0,,,0,,0,0,0,0,0,0,,0,0,0,0,0,0,0,0,0,0,,0,,0,0,0,0,0,0,0,0,0,0,0,0,0,0,0,0,0,0,0,0,0,0,0,0,0,2,10,0,0,0,0,0,0,0,0,,,0,0,0,0,0,0,0,0,0,0,0,0,,,,0,0,0,0,0,0,0,,0,0,0,0,,0,0
00-0024358,M.Hagans,Marques Hagans,WR,WR,"https://static.www.nfl.com/image/private/f_auto,q_auto/league/vsjaxsmagvm3qxay5tyv",2007,REG,LA,4,0,0,0,0,0,0,0,0,0,0,0,0,,,0,,2,-4,0,0,0,0,0,0,8,0,101,0,0,0,0,22,6,7.19362406345317,0,0,,0,,0,1,0,0,0,0,0,0,0,0,0,0,0,0,2,0,0,0,0,0,0,0,0,0,1,0,7,130,0,0,0,0,,,0,0,0,0,0,0,0,0,0,0,0,0,,,,0,0,0,0,0,0,0,,0,0,0,0,,9.7,17.7
00-0024359,J.Harrison,Jerome Harrison,RB,RB,"https://static.www.nfl.com/image/private/f_auto,q_auto/league/lmnola0pmzwchwanxapy",2007,REG,CLE,5,0,0,0,0,0,0,0,0,0,0,0,0,,,0,,23,142,0,0,0,8,6.05414371646475,0,2,0,19,0,0,0,0,30,1,0.873416795628145,0,0,0,0,0,0,0,0,0,0,0,0,0,0,0,0,0,0,0,0,0,0,0,0,0,0,0,1,10,0,0,0,0,0,0,0,0,,,0,0,0,0,0,0,0,0,0,0,0,0,,,,0,0,0,0,0,0,0,,0,0,0,0,,16.1,18.1
00-0024360,D.Landry,Dawan Landry,S,DB,"https://static.www.nfl.com/image/private/f_auto,q_auto/league/a8pomixtpmplyjbhbroq",2007,REG,BAL,16,0,0,0,0,0,0,0,0,0,0,0,0,,,0,,0,0,0,0,0,0,,0,0,0,0,0,0,0,0,0,0,,0,,,0,,0,53,14,15,0,0,0,1,9,1,0,0,6,0,0,0,5,0,0,0,0,0,1,15,0,0,0,0,0,0,0,0,,,0,0,0,0,0,0,0,0,0,0,0,0,,,,0,0,0,0,0,0,0,,0,0,0,0,,0,0
00-0024363,G.Blue,Greg Blue,DB,DB,"https://static.www.nfl.com/image/private/f_auto,q_auto/league/xwpvxovkewvsybv4ddp4",2007,REG,DET,4,0,0,0,0,0,0,0,0,0,0,0,0,,,0,,0,0,0,0,0,0,,0,0,0,0,0,0,0,0,0,0,,0,,,0,,0,6,0,3,0,0,0,0,0,0,0,0,1,0,0,0,0,0,0,1,1,0,0,0,0,0,0,0,0,0,0,0,,,0,0,0,0,0,0,0,0,0,0,0,0,,,,0,0,0,0,0,0,0,,0,0,0,0,,0,0
00-0024364,J.Pociask,Jason Pociask,TE,TE,"https://static.www.nfl.com/image/private/f_auto,q_auto/league/gdibgly7vb8ld2h1xllz",2007,REG,NYJ,1,0,0,0,0,0,0,0,0,0,0,0,0,,,0,,0,0,0,0,0,0,,0,1,0,7,0,0,0,0,4,0,0.278563302010298,0,0,,0,,0,0,0,0,0,0,0,0,0,0,0,0,0,0,0,0,0,0,0,0,0,0,0,0,0,0,0,0,0,0,0,0,,,0,0,0,0,0,0,0,0,0,0,0,0,,,,0,0,0,0,0,0,0,,0,0,0,0,,0.7,1.7
00-0024365,T.Dobbins,Tim Dobbins,LB,LB,"https://static.www.nfl.com/image/private/f_auto,q_auto/league/ap68hviue6gwrxkxaknk",2007,REG+POST,LAC,15,0,0,0,0,0,0,0,0,0,0,0,0,,,0,,0,0,0,0,0,0,,0,0,0,0,0,0,0,0,0,0,,0,,,0,,0,16,5,3,0,0,1,0,0,0,0,0,1,0,0,0,0,1,1,1,1,0,5,39,0,0,0,0,0,0,0,0,,,0,0,0,0,0,0,0,0,0,0,0,0,,,,0,0,0,0,0,0,0,,0,0,0,0,,0,0
00-0024367,A.Montgomery,Anthony Montgomery,DT,DL,"https://static.www.nfl.com/image/private/f_auto,q_auto/league/a2lxlve1tbzloocqxmik",2007,REG+POST,WAS,16,0,0,0,0,0,0,0,0,0,0,0,0,,,0,,0,0,0,0,0,0,,0,0,0,0,0,0,0,0,0,0,,0,,,0,,0,20,10,13,0,0,0,0.5,3.5,3,0,0,4,0,0,0,0,0,0,2,2,0,0,0,0,0,0,0,0,0,0,0,,,0,0,0,0,0,0,0,0,0,0,0,0,,,,0,0,0,0,0,0,0,,0,0,0,0,,0,0
00-0024369,J.King,Jeff King,TE,TE,"https://static.www.nfl.com/image/private/f_auto,q_auto/league/qhwgsgrmhstkrrgxllij",2007,REG,CAR,16,0,0,0,0,0,0,0,0,0,0,0,0,,,0,,0,0,0,0,0,0,,0,46,1,406,2,2,1,0,133,25,24.3726350312446,0,0,1,0,1.5,0,4,0,0,0,0,0,0,0,0,0,0,0,0,0,0,0,1,1,0,0,0,6,30,0,0,1,16,0,0,0,0,,,0,0,0,0,0,0,0,0,0,0,0,0,,,,0,0,0,0,0,0,0,,0,0,0,0,,50.6,96.6
00-0024372,C.Peprah,Charlie Peprah,S,DB,"https://static.www.nfl.com/image/private/f_auto,q_auto/league/bja27yph8ss7oxlic4hy",2007,REG+POST,GB,8,0,0,0,0,0,0,0,0,0,0,0,0,,,0,,0,0,0,0,0,0,,0,0,0,0,0,0,0,0,0,0,,0,,0,0,0,0,10,0,1,0,0,2,0,0,0,0,0,0,0,0,0,0,0,0,0,0,0,0,0,0,0,0,0,0,0,0,0,,,0,0,0,0,0,0,0,0,0,0,0,0,,,,0,0,0,0,0,0,0,,0,0,0,0,,0,0
00-0024373,M.Anderson,Mark Anderson,DE,DL,"https://static.www.nfl.com/image/private/f_auto,q_auto/league/fbtrfi7dfvcfmtpjdy4k",2007,REG,CHI,13,0,0,0,0,0,0,0,0,0,0,0,0,,,0,,0,0,0,0,0,0,,0,0,0,0,0,0,0,0,0,0,,0,,,0,,0,19,6,5,0,0,1,4.5,32,7,0,0,1,0,0,0,0,0,0,0,0,0,2,10,0,0,0,0,0,0,0,0,,,0,0,0,0,0,0,0,0,0,0,0,0,,,,0,0,0,0,0,0,0,,0,0,0,0,,0,0
00-0024374,B.Hawkins,Brent Hawkins,DE,DL,"https://static.www.nfl.com/image/private/f_auto,q_auto/league/kmfh8usfererbc4plg58",2007,REG+POST,JAX,10,0,0,0,0,0,0,0,0,0,0,0,0,,,0,,0,0,0,0,0,0,,0,0,0,0,0,0,0,0,0,0,,0,,,0,,0,12,2,3,0,0,0,4,28,4,0,0,0,0,1,0,0,0,0,1,1,0,2,15,1,0,0,0,0,0,0,0,,,0,0,0,0,0,0,0,0,0,0,0,0,,,,0,0,0,0,0,0,0,,0,0,0,0,,0,0
00-0024375,C.Kuper,Chris Kuper,G,OL,"https://static.www.nfl.com/image/private/f_auto,q_auto/league/iwjsnpochdovo4uyreie",2007,REG,DEN,5,0,0,0,0,0,0,0,0,0,0,0,0,,,0,,0,0,0,0,0,0,,0,0,0,0,0,0,0,0,0,0,,0,,,0,,0,2,0,0,0,0,0,0,0,0,0,0,0,0,0,0,0,0,0,0,0,0,3,20,0,0,0,0,0,0,0,0,,,0,0,0,0,0,0,0,0,0,0,0,0,,,,0,0,0,0,0,0,0,,0,0,0,0,,0,0
00-0024379,T.Moll,Tony Moll,G,OL,"https://static.www.nfl.com/image/private/f_auto,q_auto/league/dbqmlx6u04wcdw2oftrm",2007,REG,GB,4,0,0,0,0,0,0,0,0,0,0,0,0,,,0,,0,0,0,0,0,0,,0,0,0,0,0,0,0,0,0,0,,0,,0,0,0,0,0,0,0,0,0,0,0,0,0,0,0,0,0,0,0,0,2,2,0,0,0,2,14,0,0,0,0,0,0,0,0,,,0,0,0,0,0,0,0,0,0,0,0,0,,,,0,0,0,0,0,0,0,,0,0,0,0,,0,0
00-0024380,Q.Sypniewski,Quinn Sypniewski,TE,TE,"https://static.www.nfl.com/image/private/f_auto,q_auto/league/k6nhcsqr7b69wrug3twf",2007,REG,BAL,12,0,0,0,0,0,0,0,0,0,0,0,0,,,0,,0,0,0,0,0,0,,0,34,0,246,1,1,1,0,100,15,11.1726717005949,0,0,,0,,0,2,0,0,0,0,0,0,0,0,0,0,0,0,0,0,0,0,0,0,0,0,6,40,0,0,0,0,0,0,0,0,,,0,0,0,0,0,0,0,0,0,0,0,0,,,,0,0,0,0,0,0,0,,0,0,0,0,,28.6,62.6
00-0024382,O.Gaither,Omar Gaither,MLB,LB,"https://static.www.nfl.com/image/private/f_auto,q_auto/league/zkdadpjlknpv7oqh4wuu",2007,REG,PHI,16,0,0,0,0,0,0,0,0,0,0,0,0,,,0,,0,0,0,0,0,0,,0,0,0,0,0,0,0,0,0,0,,0,,0,0,0,0,55,14,33,0,0,1,0,0,2,1,49,8,0,0,0,0,0,0,0,0,0,3,33,0,0,0,0,0,0,0,0,,,0,0,0,0,0,0,0,0,0,0,0,0,,,,0,0,0,0,0,0,0,,0,0,0,0,,0,0
00-0024387,R.Doughty,Reed Doughty,S,DB,"https://static.www.nfl.com/image/private/f_auto,q_auto/league/f0zld8tgzfsx2qv6y9t6",2007,REG+POST,WAS,12,0,0,0,0,0,0,0,0,0,0,0,0,,,0,,0,0,0,0,0,0,,0,0,0,0,0,0,0,0,0,0,,0,,,0,,0,26,10,22,0,0,0,0.5,4,1,0,0,2,0,0,0,0,0,0,0,0,0,3,67,0,0,0,0,0,0,0,0,,,0,0,0,0,0,0,0,0,0,0,0,0,,,,0,0,0,0,0,0,0,,0,0,0,0,,0,0
00-0024389,D.Walker,Delanie Walker,TE,TE,"https://static.www.nfl.com/image/private/f_auto,q_auto/league/diknegkpqy0qnri7877z",2007,REG,SF,12,0,0,0,0,0,0,0,0,0,0,0,0,,,0,,0,0,0,0,0,0,,0,21,0,174,1,0,0,0,135,8,13.0702901385957,0,0,0,0,0,0,4,1,0,0,0,0,0,0,0,0,0,0,0,0,0,0,0,0,0,0,0,5,30,0,0,3,63,0,0,0,0,,,0,0,0,0,0,0,0,0,0,0,0,0,,,,0,0,0,0,0,0,0,,0,0,0,0,,23.4,44.4
00-0024392,K.Ellison,Keith Ellison,ILB,LB,"https://static.www.nfl.com/image/private/f_auto,q_auto/league/lgsec1v4qaow3u65s3zk",2007,REG,BUF,12,0,0,0,0,0,0,0,0,0,0,0,0,,,0,,0,0,0,0,0,0,,0,0,0,0,0,0,0,0,0,0,,0,,0,0,0,0,24,3,12,0,0,0,1,7,1,1,4,5,0,0,0,0,0,0,0,0,0,0,0,0,0,0,0,0,0,0,0,,,0,0,0,0,0,0,0,0,0,0,0,0,,,,0,0,0,0,0,0,0,,0,0,0,0,,0,0
00-0024394,L.Vickers,Lawrence Vickers,FB,RB,"https://static.www.nfl.com/image/private/f_auto,q_auto/league/uvonbussoelwmmrjalfc",2007,REG,CLE,13,0,0,0,0,0,0,0,0,0,0,0,0,,,0,,15,43,0,0,0,10,-2.66054597694338,0,13,0,91,2,0,0,0,75,7,7.90391643543262,0,0,0,0,0,0,3,0,0,0,0,0,0,0,0,0,0,0,0,0,0,0,0,0,0,0,0,0,0,0,0,0,0,0,0,0,0,,,0,0,0,0,0,0,0,0,0,0,0,0,,,,0,0,0,0,0,0,0,,0,0,0,0,,25.4,38.4
00-0024396,M.Stanley,Montavious Stanley,DT,DL,"https://static.www.nfl.com/image/private/f_auto,q_auto/league/woz3gv5jpvgq49chfdsj",2007,REG,ATL,12,0,0,0,0,0,0,0,0,0,0,0,0,,,0,,0,0,0,0,0,0,,0,0,0,0,0,0,0,0,0,0,,0,,0,0,0,0,19,6,4,0,0,0,0,0,0,0,0,0,0,0,0,0,0,0,2,2,0,1,5,0,0,0,0,0,0,0,0,,,0,0,0,0,0,0,0,0,0,0,0,0,,,,0,0,0,0,0,0,0,,0,0,0,0,,0,0
00-0024397,J.Jolly,Johnny Jolly,DE,DL,"https://static.www.nfl.com/image/private/f_auto,q_auto/league/d5qbey3e5cyjiu4o9rii",2007,REG,GB,10,0,0,0,0,0,0,0,0,0,0,0,0,,,0,,0,0,0,0,0,0,,0,0,0,0,0,0,0,0,0,0,,0,,0,0,0,0,11,2,8,0,0,0,1,7,2,0,0,4,0,0,0,0,0,0,1,1,0,1,15,0,0,0,0,0,0,0,0,,,0,0,0,0,0,0,0,0,0,0,0,0,,,,0,0,0,0,0,0,0,,0,0,0,0,,0,0
00-0024398,A.Jennings,Adam Jennings,WR,WR,"https://static.www.nfl.com/image/private/f_auto,q_auto/league/ykn2kfg4djovxwsuuymz",2007,REG,ATL,16,0,0,0,0,0,0,0,0,0,0,0,0,,,0,,0,0,0,0,0,0,,0,6,0,62,1,0,0,0,19,3,8.2891212006798,0,0,0,0,0,0,1,1,3,0,0,0,0,0,0,0,0,0,0,1,0,0,0,0,0,0,0,2,10,30,186,17,428,0,0,0,0,,,0,0,0,0,0,0,0,0,0,0,0,0,,,,0,0,0,0,0,0,0,,0,0,0,0,,12.2,18.2
00-0024400,T.Stallings,Tre' Stallings,G,OL,"https://static.www.nfl.com/image/private/f_auto,q_auto/league/kegabc31e8nd3t5mzuej",2007,REG,KC,1,0,0,0,0,0,0,0,0,0,0,0,0,,,0,,0,0,0,0,0,0,,0,0,0,0,0,0,0,0,0,0,,0,,,0,,0,0,0,0,0,0,0,0,0,0,0,0,0,0,0,0,0,0,0,0,0,0,1,5,0,0,0,0,0,0,0,0,,,0,0,0,0,0,0,0,0,0,0,0,0,,,,0,0,0,0,0,0,0,,0,0,0,0,,0,0
00-0024401,J.Clary,Jeromey Clary,G,OL,"https://static.www.nfl.com/image/private/f_auto,q_auto/league/gvfwkyciz1lye3dsqekx",2007,REG,LAC,6,0,0,0,0,0,0,0,0,0,0,0,0,,,0,,0,0,0,0,0,0,,0,0,0,0,0,0,0,0,0,0,,0,,,0,,0,1,0,0,0,0,0,0,0,0,0,0,0,0,0,0,0,0,0,0,0,0,5,35,0,0,0,0,0,0,0,0,,,0,0,0,0,0,0,0,0,0,0,0,0,,,,0,0,0,0,0,0,0,,0,0,0,0,,0,0
00-0024403,D.Coleman,Drew Coleman,DB,DB,"https://static.www.nfl.com/image/private/f_auto,q_auto/league/gezlrkv5tzhd4f8f2azs",2007,REG,NYJ,6,0,0,0,0,0,0,0,0,0,0,0,0,,,0,,0,0,0,0,0,0,,0,0,0,0,0,0,0,0,0,0,,0,,,0,,0,6,0,1,0,0,0,0,0,1,1,1,2,0,0,0,0,0,0,0,0,0,0,0,0,0,0,0,0,0,0,0,,,0,0,0,0,0,0,0,0,0,0,0,0,,,,0,0,0,0,0,0,0,,0,0,0,0,,0,0
00-0024404,J.Webb,Jeff Webb,WR,WR,"https://static.www.nfl.com/image/private/f_auto,q_auto/league/q6kpfiredunvnde3zywo",2007,REG,KC,14,0,0,0,0,0,0,0,0,0,0,0,0,,,0,,1,5,0,0,0,0,0.0510119423270226,0,28,0,315,1,1,1,0,98,13,15.1080681573367,0,0,,0,,0,2,0,1,0,0,0,0,0,0,0,0,0,0,0,0,0,1,1,0,0,0,1,10,0,0,10,204,0,0,0,0,,,0,0,0,0,0,0,0,0,0,0,0,0,,,,0,0,0,0,0,0,0,,0,0,0,0,,36,64
00-0024405,J.Mincey,Jeremy Mincey,DE,DL,"https://static.www.nfl.com/image/private/f_auto,q_auto/league/nx8osmwd4wzr9rydsegi",2007,REG+POST,JAX,7,0,0,0,0,0,0,0,0,0,0,0,0,,,0,,0,0,0,0,0,0,,0,0,0,0,0,0,0,0,0,0,,0,,,0,,0,8,1,5,0,0,0,2,11.5,4,0,0,1,0,0,0,0,0,0,0,0,0,0,0,0,0,0,0,0,0,0,0,,,0,0,0,0,0,0,0,0,0,0,0,0,,,,0,0,0,0,0,0,0,,0,0,0,0,,0,0
00-0024406,M.Hudson,Marcus Hudson,SAF,DB,"https://static.www.nfl.com/image/private/f_auto,q_auto/league/rq7ymkqgtytturxvt4eu",2007,REG,SF,8,0,0,0,0,0,0,0,0,0,0,0,0,,,0,,0,0,0,0,0,0,,0,0,0,0,0,0,0,0,0,0,,0,,0,0,0,0,17,1,7,0,0,0,0,0,0,0,0,2,0,0,0,0,1,1,1,1,0,1,15,0,0,0,0,0,0,0,0,,,0,0,0,0,0,0,0,0,0,0,0,0,,,,0,0,0,0,0,0,0,,0,0,0,0,,0,0
00-0024408,B.Gradkowski,Bruce Gradkowski,QB,QB,"https://static.www.nfl.com/image/private/f_auto,q_auto/league/mihpjxwfsrgjyqwikwsa",2007,REG,TB,4,13,24,130,0,1,2,-14,0,0,217,38,5,-10.1636801130503,-2.19058997251771,0,0.599078341013825,7,20,0,0,0,1,-1.10338425042573,0,0,0,0,0,0,0,0,0,0,,0,,0,0,0,0,0,0,0,0,0,0,0,0,0,0,0,0,0,0,0,0,0,0,0,0,0,1,10,0,0,0,0,0,0,0,0,,,0,0,0,0,0,0,0,0,0,0,0,0,,,,0,0,0,0,0,0,0,,0,0,0,0,,5.2,5.2
00-0024410,K.Golston,Kedric Golston,DE,DL,"https://static.www.nfl.com/image/private/f_auto,q_auto/league/wpnss6sqrtglizxsir9h",2007,REG+POST,WAS,9,0,0,0,0,0,0,0,0,0,0,0,0,,,0,,0,0,0,0,0,0,,0,0,0,0,0,0,0,0,0,0,,0,,,0,,0,7,3,4,0,0,0,1,0,1,0,0,0,0,0,1,0,0,0,1,1,0,1,5,0,0,0,0,0,0,0,0,,,0,0,0,0,0,0,0,0,0,0,0,0,,,,0,0,0,0,0,0,0,,0,0,0,0,,0,0
00-0024413,C.Johnson,Charlie Johnson,G,OL,"https://static.www.nfl.com/image/private/f_auto,q_auto/league/p3ytssw1i1iduzcloczc",2007,REG,IND,3,0,0,0,0,0,0,0,0,0,0,0,0,,,0,,0,0,0,0,0,0,,0,0,0,0,0,0,0,0,0,0,,0,,,0,,0,0,0,0,0,0,0,0,0,0,0,0,0,0,0,0,0,2,2,0,0,0,2,10,0,0,0,0,0,0,0,0,,,0,0,0,0,0,0,0,0,0,0,0,0,,,,0,0,0,0,0,0,0,,0,0,0,0,,0,0
00-0024417,S.Koch,Sam Koch,P,SPEC,"https://static.www.nfl.com/image/private/f_auto,q_auto/league/dw34lcf6qit1i1knjhpv",2007,REG,BAL,15,0,0,0,0,0,0,0,0,0,0,0,0,,,0,,0,0,0,0,0,0,,0,0,0,0,0,0,0,0,0,0,,0,,,0,,0,2,0,0,0,0,0,0,0,0,0,0,0,0,0,0,0,0,0,0,0,0,0,0,0,0,0,0,0,0,0,0,,,0,0,0,0,0,0,0,0,0,0,0,0,,,,0,0,0,0,0,0,0,,0,0,0,0,,0,0
00-0024418,L.Ramsey,LaJuan Ramsey,DT,DL,"https://static.www.nfl.com/image/private/f_auto,q_auto/league/vhrpbelkizl68kvqfitw",2007,REG,PHI,2,0,0,0,0,0,0,0,0,0,0,0,0,,,0,,0,0,0,0,0,0,,0,0,0,0,0,0,0,0,0,0,,0,,0,0,0,0,0,1,0,0,0,0,0,0,1,0,0,0,0,0,0,0,0,0,0,0,0,1,15,0,0,0,0,0,0,0,0,,,0,0,0,0,0,0,0,0,0,0,0,0,,,,0,0,0,0,0,0,0,,0,0,0,0,,0,0
00-0024420,L.Smith,Le Kevin Smith,DT,DL,"https://static.www.nfl.com/image/private/f_auto,q_auto/league/qijtb1onf8fcymzvwosw",2007,REG,NE,4,0,0,0,0,0,0,0,0,0,0,0,0,,,0,,0,0,0,0,0,0,,0,0,0,0,0,0,0,0,0,0,,0,,,0,,0,1,2,0,0,0,0,0,0,0,0,0,0,0,0,0,0,0,0,0,0,0,1,10,0,0,0,0,0,0,0,0,,,0,0,0,0,0,0,0,0,0,0,0,0,,,,0,0,0,0,0,0,0,,0,0,0,0,,0,0
00-0024421,A.Bethea,Antoine Bethea,FS,DB,"https://static.www.nfl.com/image/private/f_auto,q_auto/league/xirozqwhvfycz5m830yf",2007,REG+POST,IND,14,0,0,0,0,0,0,0,0,0,0,0,0,,,0,,0,0,0,0,0,0,,0,0,0,0,0,0,0,0,0,0,,0,,,0,,0,37,14,21,0,0,0,0,0,0,4,47,8,0,0,0,0,0,0,0,0,0,2,34,0,0,0,0,0,0,0,0,,,0,0,0,0,0,0,0,0,0,0,0,0,,,,0,0,0,0,0,0,0,,0,0,0,0,,0,0
00-0024422,D.Martin,Derrick Martin,DB,DB,"https://static.www.nfl.com/image/private/f_auto,q_auto/league/qrcew4kbn9aujdenm8bp",2007,REG,BAL,14,0,0,0,0,0,0,0,0,0,0,0,0,,,0,,0,0,0,0,0,0,,0,0,0,0,0,0,0,0,0,0,,0,,,0,,0,30,2,8,0,0,0,0,0,0,2,3,7,0,0,0,0,0,0,1,1,0,4,38,0,0,0,0,0,0,0,0,,,0,0,0,0,0,0,0,0,0,0,0,0,,,,0,0,0,0,0,0,0,,0,0,0,0,,0,0
00-0024424,Z.Strief,Zach Strief,OT,OL,"https://static.www.nfl.com/image/private/f_auto,q_auto/league/lsckapwvkijnzlivuskw",2007,REG,NO,1,0,0,0,0,0,0,0,0,0,0,0,0,,,0,,0,0,0,0,0,0,,0,0,0,0,0,0,0,0,0,0,,0,,0,0,0,0,0,0,0,0,0,0,0,0,0,0,0,0,0,0,0,0,0,0,0,0,0,1,5,0,0,0,0,0,0,0,0,,,0,0,0,0,0,0,0,0,0,0,0,0,,,,0,0,0,0,0,0,0,,0,0,0,0,,0,0
00-0024425,P.McQuistan,Pat McQuistan,OT,OL,"https://static.www.nfl.com/image/private/f_auto,q_auto/league/zbpc1u66asth7ywcxyx1",2007,REG,DAL,2,0,0,0,0,0,0,0,0,0,0,0,0,,,0,,0,0,0,0,0,0,,0,0,0,0,0,0,0,0,0,0,,0,,,0,,0,1,0,0,0,0,0,0,0,0,0,0,0,0,0,0,0,0,0,0,0,0,0,0,0,0,1,12,0,0,0,0,,,0,0,0,0,0,0,0,0,0,0,0,0,,,,0,0,0,0,0,0,0,,0,0,0,0,,0,0
00-0024426,F.Evans,Fred Evans,DT,DL,"https://static.www.nfl.com/image/private/f_auto,q_auto/league/uea7kej09rbvn49chras",2007,REG,MIN,3,0,0,0,0,0,0,0,0,0,0,0,0,,,0,,0,0,0,0,0,0,,0,0,0,0,0,0,0,0,0,0,,0,,,0,,0,1,2,0,0,0,0,1,8,1,0,0,0,0,0,0,0,0,0,0,0,0,1,0,0,0,0,0,0,0,0,0,,,0,0,0,0,0,0,0,0,0,0,0,0,,,,0,0,0,0,0,0,0,,0,0,0,0,,0,0
00-0024429,C.Finnegan,Cortland Finnegan,DB,DB,"https://static.www.nfl.com/image/private/f_auto,q_auto/league/aeg753bk3cpgsy5mmgdr",2007,REG+POST,TEN,17,0,0,0,0,0,0,0,0,0,0,0,0,,,0,,0,0,0,0,0,0,,0,0,0,0,0,0,0,0,0,0,,0,,,0,,0,67,17,18,0,0,2,2,17,2,2,14,14,0,0,0,0,0,0,0,0,0,7,99,2,11,0,0,0,0,0,0,,,0,0,0,0,0,0,0,0,0,0,0,0,,,,0,0,0,0,0,0,0,,0,0,0,0,,0,0
00-0024435,T.McGarigle,Tim McGarigle,LB,LB,"https://static.www.nfl.com/image/private/f_auto,q_auto/league/ultasmxa8kjubjtpxfmh",2007,REG,LA,4,0,0,0,0,0,0,0,0,0,0,0,0,,,0,,0,0,0,0,0,0,,0,0,0,0,0,0,0,0,0,0,,0,,,0,,0,5,1,0,0,0,0,0,0,0,0,0,0,0,0,0,0,0,0,0,0,0,0,0,0,0,0,0,0,0,0,0,,,0,0,0,0,0,0,0,0,0,0,0,0,,,,0,0,0,0,0,0,0,,0,0,0,0,,0,0
00-0024439,C.Page,Chase Page,DT,DL,"https://static.www.nfl.com/image/private/f_auto,q_auto/league/ho9upozgrovovtdtwcks",2007,REG,MIA,4,0,0,0,0,0,0,0,0,0,0,0,0,,,0,,0,0,0,0,0,0,,0,0,0,0,0,0,0,0,0,0,,0,,,0,,0,2,2,1,0,0,0,0,0,0,0,0,0,0,0,0,0,0,0,0,0,0,0,0,0,0,0,0,0,0,0,0,,,0,0,0,0,0,0,0,0,0,0,0,0,,,,0,0,0,0,0,0,0,,0,0,0,0,,0,0
00-0024440,R.Wright,Rodrique Wright,DE,DL,"https://static.www.nfl.com/image/private/f_auto,q_auto/league/zgfinjngeszvt6ipqxfm",2007,REG,MIA,12,0,0,0,0,0,0,0,0,0,0,0,0,,,0,,0,0,0,0,0,0,,0,0,0,0,0,0,0,0,0,0,,0,,,0,,0,24,4,10,0,0,0,1.5,5.5,3,0,0,1,0,0,0,0,0,0,1,1,0,0,0,0,0,0,0,0,0,0,0,,,0,0,0,0,0,0,0,0,0,0,0,0,,,,0,0,0,0,0,0,0,,0,0,0,0,,0,0
00-0024442,J.Page,Jarrad Page,S,DB,"https://static.www.nfl.com/image/private/f_auto,q_auto/league/zqcgkhyrxrdp4v1enuzl",2007,REG,KC,16,0,0,0,0,0,0,0,0,0,0,0,0,,,0,,0,0,0,0,0,0,,0,0,0,0,0,0,0,0,0,0,,0,,,0,,0,35,8,16,0,0,1,0,0,0,3,37,6,0,0,0,0,0,0,1,1,0,0,0,0,0,0,0,0,0,0,0,,,0,0,0,0,0,0,0,0,0,0,0,0,,,,0,0,0,0,0,0,0,,0,0,0,0,,0,0
00-0024443,W.Andrews,Willie Andrews,CB,DB,"https://static.www.nfl.com/image/private/f_auto,q_auto/league/l6js0dbyuvwue6vupmq9",2007,REG+POST,NE,12,0,0,0,0,0,0,0,0,0,0,0,0,,,0,,0,0,0,0,0,0,,0,0,0,0,0,0,0,0,0,0,,0,,,0,,1,2,2,4,0,0,0,0,0,0,0,0,0,0,0,0,0,0,0,0,0,0,2,9,0,0,6,172,0,0,0,0,,,0,0,0,0,0,0,0,0,0,0,0,0,,,,0,0,0,0,0,0,0,,0,0,0,0,,6,6
00-0024447,D.Aromashodu,Devin Aromashodu,WR,WR,"https://static.www.nfl.com/image/private/f_auto,q_auto/league/hfs3dxvebau20khe9vh9",2007,REG+POST,IND,5,0,0,0,0,0,0,0,0,0,0,0,0,,,0,,0,0,0,0,0,0,,0,8,0,109,0,0,0,0,36,6,9.47837965143844,0,0,,0,,0,0,0,1,0,0,0,0,0,0,0,0,0,0,0,0,0,0,0,0,0,0,1,9,0,0,0,0,0,0,0,0,,,0,0,0,0,0,0,0,0,0,0,0,0,,,,0,0,0,0,0,0,0,,0,0,0,0,,10.9,18.9
00-0024451,S.McClover,Stanley McClover,DE,DL,"https://static.www.nfl.com/image/private/f_auto,q_auto/league/wy0dhqo9j9i86eq1g111",2007,REG,CAR,6,0,0,0,0,0,0,0,0,0,0,0,0,,,0,,0,0,0,0,0,0,,0,0,0,0,0,0,0,0,0,0,,0,,0,0,0,0,7,0,1,0,0,0,1,9,2,0,0,0,0,0,0,0,0,0,0,0,0,0,0,0,0,1,0,0,0,0,0,,,0,0,0,0,0,0,0,0,0,0,0,0,,,,0,0,0,0,0,0,0,,0,0,0,0,,0,0
00-0024452,T.Rushing,T.J. Rushing,CB,DB,"https://static.www.nfl.com/image/private/f_auto,q_auto/league/sznd0u88l0hutzqycwg3",2007,REG+POST,IND,15,0,0,0,0,0,0,0,0,0,0,0,0,,,0,,0,0,0,0,0,0,,0,0,0,0,0,0,0,0,0,0,,0,,,0,,1,18,2,4,0,0,0,0,0,0,0,0,1,0,0,0,0,0,0,0,0,0,0,0,22,295,36,843,0,0,0,0,,,0,0,0,0,0,0,0,0,0,0,0,0,,,,0,0,0,0,0,0,0,,0,0,0,0,,6,6
00-0024453,R.Plackemeier,Ryan Plackemeier,P,SPEC,"https://static.www.nfl.com/image/private/f_auto,q_auto/league/zayzdagupbrqj1ir3nv5",2007,REG+POST,SEA,18,0,0,0,0,0,0,0,0,0,0,0,0,,,0,,1,0,0,0,0,1,-6.49794355267659,0,0,0,0,0,0,0,0,0,0,,0,,0,0,0,0,1,0,0,0,0,0,0,0,0,0,0,0,0,0,0,0,0,0,0,0,0,0,0,0,0,0,0,0,0,0,0,,,0,0,0,0,0,0,0,0,0,0,0,0,,,,0,0,0,0,0,0,0,,0,0,0,0,,0,0
00-0024456,M.Setterstrom,Mark Setterstrom,G,OL,"https://static.www.nfl.com/image/private/f_auto,q_auto/league/nhxqcxofwpimy1lpznqd",2007,REG,LA,1,0,0,0,0,0,0,0,0,0,0,0,0,,,0,,0,0,0,0,0,0,,0,0,0,0,0,0,0,0,0,0,,0,,,0,,0,0,0,0,0,0,0,0,0,0,0,0,0,0,0,0,0,0,0,0,0,0,1,5,0,0,0,0,0,0,0,0,,,0,0,0,0,0,0,0,0,0,0,0,0,,,,0,0,0,0,0,0,0,,0,0,0,0,,0,0
00-0024461,A.Cannon,Anthony Cannon,LB,LB,"https://static.www.nfl.com/image/private/f_auto,q_auto/league/behkzb5fiigu3re8k6jo",2007,REG,DET,5,0,0,0,0,0,0,0,0,0,0,0,0,,,0,,0,0,0,0,0,0,,0,0,0,0,0,0,0,0,0,0,,0,,,0,,0,5,0,1,0,0,0,0,0,0,0,0,0,0,0,0,0,0,0,0,0,0,0,0,0,0,0,0,0,0,0,0,,,0,0,0,0,0,0,0,0,0,0,0,0,,,,0,0,0,0,0,0,0,,0,0,0,0,,0,0
00-0024463,B.Obomanu,Ben Obomanu,WR,WR,"https://static.www.nfl.com/image/private/f_auto,q_auto/league/txlk0aevckbim8dvlnam",2007,REG+POST,SEA,11,0,0,0,0,0,0,0,0,0,0,0,0,,,0,,0,0,0,0,0,0,,0,16,0,243,1,0,0,0,71,12,19.7380556368153,0,0,0,0,0,0,4,1,0,0,0,0,0,0,0,0,0,0,0,0,0,0,0,0,0,0,0,0,0,0,0,4,88,0,0,0,0,,,0,0,0,0,0,0,0,0,0,0,0,0,,,,0,0,0,0,0,0,0,,0,0,0,0,,30.3,46.3
00-0024465,D.Anderson,David Anderson,WR,WR,"https://static.www.nfl.com/image/private/f_auto,q_auto/league/vgqehge1oceyp7qyu1du",2007,REG,HOU,5,0,0,0,0,0,0,0,0,0,0,0,0,,,0,,0,0,0,0,0,0,,0,12,1,131,1,0,0,3,22,9,9.48694070614874,0,43.6666666666667,1,0.000704060079793476,1.50049284205586,0,3,0,0,0,0,1,0,0,0,0,0,0,0,1,0,0,0,0,0,0,0,0,0,1,0,0,0,0,0,0,0,,,0,0,0,0,0,0,0,0,0,0,0,0,,,,0,0,0,0,0,0,0,,0,0,0,0,,19.1,31.1
00-0024466,M.Colston,Marques Colston,WR,WR,"https://static.www.nfl.com/image/private/f_auto,q_auto/league/hnnuo9nfwzwlakr2srdq",2007,REG,NO,16,0,0,0,0,0,0,0,0,0,0,0,0,,,0,,0,0,0,0,0,0,,0,98,0,1202,11,1,1,0,413,64,100.301960902475,0,0,0,0,0,0,0,0,0,0,0,0,0,0,0,0,0,0,0,0,0,0,0,0,0,0,0,3,25,0,0,0,0,0,0,0,0,,,0,0,0,0,0,0,0,0,0,0,0,0,,,,0,0,0,0,0,0,0,,0,0,0,0,,184.2,282.2
00-0024467,D.Tollefson,Dave Tollefson,DE,DL,"https://static.www.nfl.com/image/private/f_auto,q_auto/league/xcgpb7wgit5htm6kciut",2007,REG+POST,NYG,3,0,0,0,0,0,0,0,0,0,0,0,0,,,0,,0,0,0,0,0,0,,0,0,0,0,0,0,0,0,0,0,,0,,0,0,0,0,2,0,2,0,0,0,0,0,1,0,0,0,0,0,0,0,0,0,0,0,0,0,0,0,0,0,0,0,0,0,0,,,0,0,0,0,0,0,0,0,0,0,0,0,,,,0,0,0,0,0,0,0,,0,0,0,0,,0,0
00-0024483,D.Batiste,D'Anthony Batiste,OT,OL,"https://static.www.nfl.com/image/private/f_auto,q_auto/league/nl8wmbvi7fcekgjpewcq",2007,REG,ATL,4,0,0,0,0,0,0,0,0,0,0,0,0,,,0,,0,0,0,0,0,0,,0,0,0,0,0,0,0,0,0,0,,0,,0,0,0,0,3,0,0,0,0,0,0,0,0,0,0,0,0,0,0,0,1,1,0,0,0,2,15,0,0,0,0,0,0,0,0,,,0,0,0,0,0,0,0,0,0,0,0,0,,,,0,0,0,0,0,0,0,,0,0,0,0,,0,0
00-0024489,A.Hall,Ahmard Hall,FB,RB,"https://static.www.nfl.com/image/private/f_auto,q_auto/league/oz26baslawhgvld7rgyb",2007,REG+POST,TEN,10,0,0,0,0,0,0,0,0,0,0,0,0,,,0,,4,22,0,0,0,3,2.11434767348692,0,10,0,76,0,0,0,0,71,4,3.38667090382112,0,0,,0,,0,5,0,0,0,0,0,0,0,0,0,0,0,0,0,0,0,0,0,0,0,0,3,25,0,0,0,0,0,0,0,0,,,0,0,0,0,0,0,0,0,0,0,0,0,,,,0,0,0,0,0,0,0,,0,0,0,0,,9.8,19.8
00-0024495,A.Brooks,Ahmad Brooks,OLB,LB,"https://static.www.nfl.com/image/private/f_auto,q_auto/league/qxur1tfjyy0air33c3dn",2007,REG,CIN,1,0,0,0,0,0,0,0,0,0,0,0,0,,,0,,0,0,0,0,0,0,,0,0,0,0,0,0,0,0,0,0,,0,,,0,,0,5,0,1,0,0,1,1,7,1,0,0,0,0,0,0,0,0,0,0,0,0,0,0,0,0,0,0,0,0,0,0,,,0,0,0,0,0,0,0,0,0,0,0,0,,,,0,0,0,0,0,0,0,,0,0,0,0,,0,0
00-0024515,S.Rocca,Sav Rocca,P,SPEC,"https://static.www.nfl.com/image/private/f_auto,q_auto/league/mdyrd1qsoa2wvjciqczp",2007,REG,PHI,16,0,0,0,0,0,0,0,0,0,0,0,0,,,0,,0,0,0,0,0,0,,0,0,0,0,0,0,0,0,0,0,,0,,0,0,0,0,2,0,0,0,0,0,0,0,0,0,0,0,0,0,0,0,0,0,0,0,0,1,5,0,0,0,0,0,0,0,0,,,0,0,0,0,0,0,0,0,0,0,0,0,,,,0,0,0,0,0,0,0,,0,0,0,0,,0,0
00-0024517,C.Wilson,Chris Wilson,LB,LB,"https://static.www.nfl.com/image/private/f_auto,q_auto/league/bnowj4vp4ygwsvmpkc9f",2007,REG+POST,WAS,10,0,0,0,0,0,0,0,0,0,0,0,0,,,0,,0,0,0,0,0,0,,0,0,0,0,0,0,0,0,0,0,,0,,,0,,0,11,1,2,0,0,1,5,41,5,0,0,0,0,0,0,0,0,0,0,0,0,1,5,0,0,0,0,0,0,0,0,,,0,0,0,0,0,0,0,0,0,0,0,0,,,,0,0,0,0,0,0,0,,0,0,0,0,,0,0
00-0024533,R.Foster,Renardo Foster,OT,OL,"https://static.www.nfl.com/image/private/f_auto,q_auto/league/kehe9t5v8w6lmkf5lojd",2007,REG,ATL,2,0,0,0,0,0,0,0,0,0,0,0,0,,,0,,0,0,0,0,0,0,,0,0,0,0,0,0,0,0,0,0,,0,,0,0,0,0,0,1,0,0,0,0,0,0,0,0,0,0,0,0,0,0,0,0,0,0,0,1,10,0,0,0,0,0,0,0,0,,,0,0,0,0,0,0,0,0,0,0,0,0,,,,0,0,0,0,0,0,0,,0,0,0,0,,0,0
00-0024541,T.Taylor,Tony Taylor,LB,LB,"https://static.www.nfl.com/image/private/f_auto,q_auto/league/bfniyjiftrzadrfuoegg",2007,REG,ATL,7,0,0,0,0,0,0,0,0,0,0,0,0,,,0,,0,0,0,0,0,0,,0,0,0,0,0,0,0,0,0,0,,0,,0,0,0,0,10,1,1,0,0,0,0,0,0,0,0,0,0,0,0,0,0,0,0,0,0,1,9,0,0,0,0,0,0,0,0,,,0,0,0,0,0,0,0,0,0,0,0,0,,,,0,0,0,0,0,0,0,,0,0,0,0,,0,0
00-0024542,C.McFoy,Chris McFoy,WR,WR,"https://static.www.nfl.com/image/private/f_auto,q_auto/league/zz0vw157c8yy7xakrrfm",2007,REG,LV,2,0,0,0,0,0,0,0,0,0,0,0,0,,,0,,0,0,0,0,0,0,,0,1,0,19,0,0,0,0,17,1,1.71938831766602,0,0,,0,,0,1,0,0,0,0,0,0,0,0,0,0,0,0,0,0,0,0,0,0,0,0,0,0,0,0,0,0,0,0,0,0,,,0,0,0,0,0,0,0,0,0,0,0,0,,,,0,0,0,0,0,0,0,,0,0,0,0,,1.9,2.9
00-0024546,S.Harris,Steven Harris,DT,DL,"https://static.www.nfl.com/image/private/f_auto,q_auto/league/vcgx3pqdooqdcu3vhlfb",2007,REG,DEN,3,0,0,0,0,0,0,0,0,0,0,0,0,,,0,,0,0,0,0,0,0,,0,0,0,0,0,0,0,0,0,0,,0,,,0,,0,1,1,3,0,0,0,0,0,0,0,0,0,0,0,0,0,0,0,1,1,0,0,0,0,0,0,0,0,0,0,0,,,0,0,0,0,0,0,0,0,0,0,0,0,,,,0,0,0,0,0,0,0,,0,0,0,0,,0,0
00-0024549,S.Young,Selvin Young,RB,RB,"https://static.www.nfl.com/image/private/f_auto,q_auto/league/nx2zj5toomsappmxzosi",2007,REG,DEN,15,0,0,0,0,0,0,0,0,0,0,0,0,,,0,,140,729,1,1,0,25,-3.72328834605391,0,35,0,231,0,1,1,0,256,11,1.08017187668418,0,0,,0,,0,0,0,0,0,0,0,0,0,0,0,0,0,0,0,0,0,1,1,0,0,0,2,12,0,0,3,56,0,0,0,0,,,0,0,0,0,0,0,0,0,0,0,0,0,,,,0,0,0,0,0,0,0,,0,0,0,0,,100,135
00-0024553,B.Ealy,Biren Ealy,WR,WR,"https://static.www.nfl.com/image/private/f_auto,q_auto/league/kwz7ivegppz1hktccdm8",2007,REG+POST,TEN,5,0,0,0,0,0,0,0,0,0,0,0,0,,,0,,0,0,0,0,0,0,,0,3,0,23,0,0,0,0,5,2,2.23146982787875,0,0,,0,,0,3,1,1,0,0,0,0,0,0,0,0,0,0,0,0,0,0,0,0,0,0,0,0,0,0,0,0,0,0,0,0,,,0,0,0,0,0,0,0,0,0,0,0,0,,,,0,0,0,0,0,0,0,,0,0,0,0,,2.3,5.3
00-0024559,D.Ware,D.J. Ware,RB,RB,"https://static.www.nfl.com/image/private/f_auto,q_auto/league/liunjjobucn1b5ooyfod",2007,REG+POST,NYG,2,0,0,0,0,0,0,0,0,0,0,0,0,,,0,,0,0,0,0,0,0,,0,0,0,0,0,0,0,0,0,0,,0,,0,0,0,0,0,1,1,0,0,0,0,0,0,0,0,0,0,0,0,0,0,0,0,0,0,0,0,0,0,0,0,0,0,0,0,,,0,0,0,0,0,0,0,0,0,0,0,0,,,,0,0,0,0,0,0,0,,0,0,0,0,,0,0
00-0024565,Q.Culberson,Quinton Culberson,LB,LB,"https://static.www.nfl.com/image/private/f_auto,q_auto/league/sdjxgpwsp0o9qnr9n4i8",2007,REG,LA,9,0,0,0,0,0,0,0,0,0,0,0,0,,,0,,0,0,0,0,0,0,,0,0,0,0,0,0,0,0,0,0,,0,,,0,,0,22,1,1,0,0,2,0,0,0,0,0,0,0,0,0,0,0,0,0,0,0,0,0,0,0,0,0,0,0,0,0,,,0,0,0,0,0,0,0,0,0,0,0,0,,,,0,0,0,0,0,0,0,,0,0,0,0,,0,0
00-0024583,S.Heyer,Stephon Heyer,G,OL,"https://static.www.nfl.com/image/private/f_auto,q_auto/league/ntf56zhvqszaz99djhoi",2007,REG,WAS,4,0,0,0,0,0,0,0,0,0,0,0,0,,,0,,0,0,0,0,0,0,,0,0,0,0,0,0,0,0,0,0,,0,,,0,,0,0,0,0,0,0,0,0,0,0,0,0,0,0,0,0,0,1,1,0,0,0,3,20,0,0,0,0,0,0,0,0,,,0,0,0,0,0,0,0,0,0,0,0,0,,,,0,0,0,0,0,0,0,,0,0,0,0,,0,0
00-0024598,C.Wallace,C.J. Wallace,DB,DB,"https://static.www.nfl.com/image/private/f_auto,q_auto/league/tidkjw9q70bebqlnhtos",2007,REG,SEA,2,0,0,0,0,0,0,0,0,0,0,0,0,,,0,,0,0,0,0,0,0,,0,0,0,0,0,0,0,0,0,0,,0,,0,0,0,0,2,0,0,0,0,0,0,0,0,0,0,0,0,0,0,0,0,0,0,0,0,0,0,0,0,1,0,0,0,0,0,,,0,0,0,0,0,0,0,0,0,0,0,0,,,,0,0,0,0,0,0,0,,0,0,0,0,,0,0
00-0024607,D.Coats,Daniel Coats,TE,TE,"https://static.www.nfl.com/image/private/f_auto,q_auto/league/cry1p9kgoxthlrlk6ovi",2007,REG,CIN,10,0,0,0,0,0,0,0,0,0,0,0,0,,,0,,0,0,0,0,0,0,,0,12,0,122,0,0,0,0,53,7,9.66535796097014,0,0,,0,,0,5,1,0,0,0,0,0,0,0,0,0,0,0,0,0,0,0,0,0,0,0,0,0,0,0,0,0,0,0,0,0,,,0,0,0,0,0,0,0,0,0,0,0,0,,,,0,0,0,0,0,0,0,,0,0,0,0,,12.2,24.2
00-0024625,B.Storer,Byron Storer,RB,RB,"https://static.www.nfl.com/image/private/f_auto,q_auto/league/f7cdfruigb6ea6qznkji",2007,REG+POST,TB,6,0,0,0,0,0,0,0,0,0,0,0,0,,,0,,0,0,0,0,0,0,,0,2,0,3,0,0,0,0,3,0,-4.55171006629343,0,0,0,0,0,0,6,0,1,0,0,0,0,0,0,0,0,0,0,0,0,0,0,0,0,0,0,0,0,0,0,0,0,0,0,0,0,,,0,0,0,0,0,0,0,0,0,0,0,0,,,,0,0,0,0,0,0,0,,0,0,0,0,,0.3,2.3
00-0024631,C.Bryan,Courtney Bryan,DB,DB,"https://static.www.nfl.com/image/private/f_auto,q_auto/league/i1vopr0iii8pquic8ac9",2007,REG,MIA,4,0,0,0,0,0,0,0,0,0,0,0,0,,,0,,0,0,0,0,0,0,,0,0,0,0,0,0,0,0,0,0,,0,,,0,,0,6,1,4,0,0,0,0,0,1,0,0,0,0,0,0,0,0,0,1,1,0,2,25,0,0,0,0,0,0,0,0,,,0,0,0,0,0,0,0,0,0,0,0,0,,,,0,0,0,0,0,0,0,,0,0,0,0,,0,0
00-0024636,E.Miles,Edmond Miles,LB,LB,"https://static.www.nfl.com/image/private/f_auto,q_auto/league/hf56o9cwmlyrzkwb8pce",2007,REG,MIA,11,0,0,0,0,0,0,0,0,0,0,0,0,,,0,,0,0,0,0,0,0,,0,0,0,0,0,0,0,0,0,0,,0,,,0,,0,11,3,4,0,0,1,0,0,0,0,0,0,0,0,0,0,0,0,0,0,0,1,4,0,0,0,0,0,0,0,0,,,0,0,0,0,0,0,0,0,0,0,0,0,,,,0,0,0,0,0,0,0,,0,0,0,0,,0,0
00-0024638,G.Pope,Geoffrey Pope,CB,DB,"https://static.www.nfl.com/image/private/f_auto,q_auto/league/tay7blwxirony759eapt",2007,POST,NYG,2,0,0,0,0,0,0,0,0,0,0,0,0,,,0,,0,0,0,0,0,0,,0,0,0,0,0,0,0,0,0,0,,0,,0,0,0,0,1,1,0,0,0,0,0,0,0,0,0,0,0,0,0,0,0,0,0,0,0,0,0,0,0,0,0,0,0,0,0,,,0,0,0,0,0,0,0,0,0,0,0,0,,,,0,0,0,0,0,0,0,,0,0,0,0,,0,0
00-0024663,Q.Teal,Quinton Teal,DB,DB,"https://static.www.nfl.com/image/private/f_auto,q_auto/league/pukdwplwdtq0lyosa93t",2007,REG,CAR,11,0,0,0,0,0,0,0,0,0,0,0,0,,,0,,0,0,0,0,0,0,,0,0,0,0,0,0,0,0,0,0,,0,,0,0,0,0,16,1,2,0,0,0,0,0,0,0,0,0,0,0,0,0,0,0,0,0,0,0,0,0,0,0,0,0,0,0,0,,,0,0,0,0,0,0,0,0,0,0,0,0,,,,0,0,0,0,0,0,0,,0,0,0,0,,0,0
00-0024668,C.Bolston,Conrad Bolston,DT,DL,"https://static.www.nfl.com/image/private/f_auto,q_auto/league/vpeekegs7cha80hl1b5n",2007,REG,GB,2,0,0,0,0,0,0,0,0,0,0,0,0,,,0,,0,0,0,0,0,0,,0,0,0,0,0,0,0,0,0,0,,0,,,0,,0,1,0,2,0,0,1,0,0,0,0,0,0,0,0,0,0,0,0,0,0,0,0,0,0,0,0,0,0,0,0,0,,,0,0,0,0,0,0,0,0,0,0,0,0,,,,0,0,0,0,0,0,0,,0,0,0,0,,0,0
00-0024673,D.Herron,David Herron,LB,LB,"https://static.www.nfl.com/image/private/f_auto,q_auto/league/c6hmsuviuu3sysftv9cf",2007,REG,MIN,1,0,0,0,0,0,0,0,0,0,0,0,0,,,0,,0,0,0,0,0,0,,0,0,0,0,0,0,0,0,0,0,,0,,,0,,0,0,1,0,0,0,0,0,0,0,0,0,0,0,0,0,0,0,0,0,0,0,1,10,0,0,0,0,0,0,0,0,,,0,0,0,0,0,0,0,0,0,0,0,0,,,,0,0,0,0,0,0,0,,0,0,0,0,,0,0
00-0024682,M.Matthews,Michael Matthews,TE,TE,"https://static.www.nfl.com/image/private/f_auto,q_auto/league/uwhnamluafpllqxsk2de",2007,REG,NYG,8,0,0,0,0,0,0,0,0,0,0,0,0,,,0,,0,0,0,0,0,0,,0,6,0,28,0,0,0,0,13,0,-0.709198056953028,0,0,0,0,0,0,2,0,0,0,0,0,0,0,0,0,0,0,0,0,0,0,1,1,0,0,0,0,0,0,0,0,0,0,0,0,0,,,0,0,0,0,0,0,0,0,0,0,0,0,,,,0,0,0,0,0,0,0,,0,0,0,0,,2.8,8.8
00-0024692,D.Muir,Daniel Muir,DT,DL,"https://static.www.nfl.com/image/private/f_auto,q_auto/league/kdbue7qbg0c8f2xqowpt",2007,REG,GB,2,0,0,0,0,0,0,0,0,0,0,0,0,,,0,,0,0,0,0,0,0,,0,0,0,0,0,0,0,0,0,0,,0,,0,0,0,0,2,2,0,0,0,0,0,0,2,0,0,0,0,0,0,0,0,0,0,0,0,0,0,0,0,0,0,0,0,0,0,,,0,0,0,0,0,0,0,0,0,0,0,0,,,,0,0,0,0,0,0,0,,0,0,0,0,,0,0
00-0024697,M.Bullitt,Melvin Bullitt,S,DB,"https://static.www.nfl.com/image/private/f_auto,q_auto/league/lcnrsiilpprdf8nco52l",2007,REG+POST,IND,9,0,0,0,0,0,0,0,0,0,0,0,0,,,0,,0,0,0,0,0,0,,0,0,0,0,0,0,0,0,0,0,,0,,,0,,0,13,4,4,0,0,0,0,0,1,1,0,1,0,0,0,0,0,0,0,0,0,1,7,0,0,0,0,0,0,0,0,,,0,0,0,0,0,0,0,0,0,0,0,0,,,,0,0,0,0,0,0,0,,0,0,0,0,,0,0
00-0024698,C.Dawson,Clifton Dawson,RB,RB,"https://static.www.nfl.com/image/private/f_auto,q_auto/league/r2hwqnjlgu96ioratd8f",2007,REG,IND,8,0,0,0,0,0,0,0,0,0,0,0,0,,,0,,30,64,1,0,0,3,-7.46199970855378,0,2,0,15,0,0,0,0,16,1,1.52467904891819,0,0,,0,,0,4,0,0,0,0,0,0,0,0,0,0,0,0,0,0,0,0,0,0,0,0,0,0,0,0,0,0,0,0,0,0,,,0,0,0,0,0,0,0,0,0,0,0,0,,,,0,0,0,0,0,0,0,,0,0,0,0,,13.9,15.9
00-0024701,R.Guzman,Ramon Guzman,LB,LB,"https://static.www.nfl.com/image/private/f_auto,q_auto/league/ftmqlnfhvqwp2c5dkyr3",2007,REG,IND,9,0,0,0,0,0,0,0,0,0,0,0,0,,,0,,0,0,0,0,0,0,,0,0,0,0,0,0,0,0,0,0,,0,,,0,,0,7,2,2,0,0,0,0,0,0,0,0,0,0,0,0,0,1,1,1,1,0,2,10,0,0,0,0,0,0,0,0,,,0,0,0,0,0,0,0,0,0,0,0,0,,,,0,0,0,0,0,0,0,,0,0,0,0,,0,0
00-0024708,V.Worsley,Vic Worsley,LB,LB,"https://static.www.nfl.com/image/private/f_auto,q_auto/league/yh0qikjw2m2gd7wzeprc",2007,REG,IND,2,0,0,0,0,0,0,0,0,0,0,0,0,,,0,,0,0,0,0,0,0,,0,0,0,0,0,0,0,0,0,0,,0,,,0,,0,0,0,2,0,0,0,0,0,0,0,0,0,0,0,0,0,0,0,0,0,0,0,0,0,0,0,0,0,0,0,0,,,0,0,0,0,0,0,0,0,0,0,0,0,,,,0,0,0,0,0,0,0,,0,0,0,0,,0,0
00-0024712,W.Gaston,Willie Gaston,CB,DB,"https://static.www.nfl.com/image/private/f_auto,q_auto/league/anvyabnzua5riuoickxr",2007,REG,BAL,4,0,0,0,0,0,0,0,0,0,0,0,0,,,0,,0,0,0,0,0,0,,0,0,0,0,0,0,0,0,0,0,,0,,,0,,0,8,0,0,0,0,0,0,0,0,0,0,1,0,0,0,0,0,0,0,0,0,0,0,0,0,0,0,0,0,0,0,,,0,0,0,0,0,0,0,0,0,0,0,0,,,,0,0,0,0,0,0,0,,0,0,0,0,,0,0
00-0024714,E.Jones,Edgar Jones,DE,DL,"https://static.www.nfl.com/image/private/f_auto,q_auto/league/qomqcmxxprbqmkp0nh23",2007,REG,BAL,2,0,0,0,0,0,0,0,0,0,0,0,0,,,0,,0,0,0,0,0,0,,0,0,0,0,0,0,0,0,0,0,,0,,,0,,0,2,0,1,0,0,0,1,0,1,0,0,0,0,0,0,0,0,0,0,0,0,0,0,0,0,0,0,0,0,0,0,,,0,0,0,0,0,0,0,0,0,0,0,0,,,,0,0,0,0,0,0,0,,0,0,0,0,,0,0
00-0024750,N.Roach,Nick Roach,MLB,LB,"https://static.www.nfl.com/image/private/f_auto,q_auto/league/v0tygsqudkoikeuriurn",2007,REG,CHI,2,0,0,0,0,0,0,0,0,0,0,0,0,,,0,,0,0,0,0,0,0,,0,0,0,0,0,0,0,0,0,0,,0,,,0,,0,3,0,0,0,0,0,0,0,0,0,0,0,0,0,0,0,0,0,0,0,0,0,0,0,0,0,0,0,0,0,0,,,0,0,0,0,0,0,0,0,0,0,0,0,,,,0,0,0,0,0,0,0,,0,0,0,0,,0,0
00-0024755,J.Tucker,Jyles Tucker,OLB,LB,"https://static.www.nfl.com/image/private/f_auto,q_auto/league/cyd1idregwivaj0yijpn",2007,REG+POST,LAC,8,0,0,0,0,0,0,0,0,0,0,0,0,,,0,,0,0,0,0,0,0,,0,0,0,0,0,0,0,0,0,0,,0,,,0,,0,13,4,2,0,0,2,3.5,32,3,0,0,0,0,0,0,0,0,0,1,1,1,0,0,0,0,0,0,0,0,0,0,,,0,0,0,0,0,0,0,0,0,0,0,0,,,,0,0,0,0,0,0,0,,0,0,0,0,,0,0
00-0024756,M.Willis,Matt Willis,WR,WR,"https://static.www.nfl.com/image/private/f_auto,q_auto/league/mw1ccnlauktpvqri2a0o",2007,REG,BAL,2,0,0,0,0,0,0,0,0,0,0,0,0,,,0,,0,0,0,0,0,0,,0,1,0,11,0,0,0,0,0,1,0.946690301265335,0,0,,0,,0,1,0,0,0,0,0,0,0,0,0,0,0,0,0,0,0,0,0,0,0,0,0,0,0,0,0,0,0,0,0,0,,,0,0,0,0,0,0,0,0,0,0,0,0,,,,0,0,0,0,0,0,0,,0,0,0,0,,1.1,2.1
00-0024764,B.Archer,Brandon Archer,LB,LB,"https://static.www.nfl.com/image/private/f_auto,q_auto/league/duxsqdgwhq0hhbbo3zdy",2007,REG,IND,6,0,0,0,0,0,0,0,0,0,0,0,0,,,0,,0,0,0,0,0,0,,0,0,0,0,0,0,0,0,0,0,,0,,,0,,0,8,4,2,0,0,0,0,0,0,0,0,0,0,0,0,0,0,0,0,0,0,0,0,0,0,0,0,0,0,0,0,,,0,0,0,0,0,0,0,0,0,0,0,0,,,,0,0,0,0,0,0,0,,0,0,0,0,,0,0
00-0024765,E.Johnson,Ed Johnson,DT,DL,"https://static.www.nfl.com/image/private/f_auto,q_auto/league/z1ximl2jmfgast3j1j8s",2007,REG+POST,IND,16,0,0,0,0,0,0,0,0,0,0,0,0,,,0,,0,0,0,0,0,0,,0,0,0,0,0,0,0,0,0,0,,0,,,0,,0,21,14,15,0,0,1,1,6,5,0,0,1,0,0,0,0,0,0,0,0,0,0,0,0,0,0,0,0,0,0,0,,,0,0,0,0,0,0,0,0,0,0,0,0,,,,0,0,0,0,0,0,0,,0,0,0,0,,0,0
00-0024786,D.Vinnett,Darius Vinnett,DB,DB,"https://static.www.nfl.com/image/private/f_auto,q_auto/league/ehtmdpgpq3lcnsqp2r2n",2007,REG,LA,7,0,0,0,0,0,0,0,0,0,0,0,0,,,0,,0,0,0,0,0,0,,0,0,0,0,0,0,0,0,0,0,,0,,,0,,0,12,0,1,0,0,0,0,0,0,0,0,0,0,0,0,0,0,0,0,0,0,2,25,0,0,0,0,0,0,0,0,,,0,0,0,0,0,0,0,0,0,0,0,0,,,,0,0,0,0,0,0,0,,0,0,0,0,,0,0
00-0024796,C.Dahl,Craig Dahl,S,DB,"https://static.www.nfl.com/image/private/f_auto,q_auto/league/ikx6ey1gv9nbfwwpzq31",2007,REG,NYG,6,0,0,0,0,0,0,0,0,0,0,0,0,,,0,,0,0,0,0,0,0,,0,0,0,0,0,0,0,0,0,0,,0,,0,0,0,0,14,2,3,0,0,0,0,0,0,0,0,0,0,0,0,0,0,0,0,0,0,0,0,0,0,0,0,0,0,0,0,,,0,0,0,0,0,0,0,0,0,0,0,0,,,,0,0,0,0,0,0,0,,0,0,0,0,,0,0
00-0024813,P.Thomas,Pierre Thomas,RB,RB,"https://static.www.nfl.com/image/private/f_auto,q_auto/league/w58uf8rmlucv7qagwrfv",2007,REG,NO,12,0,0,0,0,0,0,0,0,0,0,0,0,,,0,,50,251,1,0,0,15,5.729732745138,1,19,0,152,1,0,0,0,161,9,11.2731997062577,0,0,0,0,0,0,4,0,1,0,0,1,0,0,0,0,0,0,0,0,0,0,0,0,1,1,1,0,0,0,0,36,865,0,0,0,0,,,0,0,0,0,0,0,0,0,0,0,0,0,,,,0,0,0,0,0,0,0,,0,0,0,0,,54.3,73.3
00-0024815,T.Brackenridge,Tyron Brackenridge,CB,DB,"https://static.www.nfl.com/image/private/f_auto,q_auto/league/pbypmj5gdqjjuum6h18y",2007,REG,KC,11,0,0,0,0,0,0,0,0,0,0,0,0,,,0,,0,0,0,0,0,0,,0,0,0,0,0,0,0,0,0,0,,0,,,0,,0,20,2,3,0,0,1,0,0,0,0,0,0,0,0,0,0,0,0,1,1,1,1,5,0,0,0,0,0,0,0,0,,,0,0,0,0,0,0,0,0,0,0,0,0,,,,0,0,0,0,0,0,0,,0,0,0,0,,0,0
00-0024824,M.Gutierrez,Matt Gutierrez,QB,QB,"https://static.www.nfl.com/image/private/f_auto,q_auto/league/vuoaozig4v78bxqzkjaw",2007,REG,NE,4,1,1,15,0,0,0,0,0,0,4,11,1,1.31804875528906,33.5449397563934,0,3.75,5,-13,0,0,0,0,-5.48046281389543,0,0,0,0,0,0,0,0,0,0,,0,,,0,,0,0,0,0,0,0,0,0,0,0,0,0,0,0,0,0,0,0,0,0,0,0,0,0,0,0,0,0,0,0,0,0,,,0,0,0,0,0,0,0,0,0,0,0,0,,,,0,0,0,0,0,0,0,,0,0,0,0,,-0.7,-0.7
00-0024846,G.Russell,Gary Russell,RB,RB,"https://static.www.nfl.com/image/private/f_auto,q_auto/league/k831yduw2lx797219drc",2007,REG+POST,PIT,4,0,0,0,0,0,0,0,0,0,0,0,0,,,0,,10,23,0,0,0,1,-3.61665706627537,0,1,0,6,0,0,0,0,1,1,0.490988751640543,0,0,,0,,0,1,1,0,0,0,0,0,0,0,0,0,0,0,0,0,0,0,0,0,0,0,1,15,0,0,0,0,0,0,0,0,,,0,0,0,0,0,0,0,0,0,0,0,0,,,,0,0,0,0,0,0,0,,0,0,0,0,,2.9,3.9
00-0024850,D.Walker,Darius Walker,RB,RB,"https://static.www.nfl.com/image/private/f_auto,q_auto/league/mscahsqlxn9orcs7whsp",2007,REG,HOU,4,0,0,0,0,0,0,0,0,0,0,0,0,,,0,,58,264,1,0,0,13,5.91462776855053,1,13,0,81,0,0,0,0,70,5,4.57516010658583,0,0,0,0,0,0,0,0,0,0,0,0,0,0,0,0,0,0,0,0,0,0,0,0,0,0,0,0,0,0,0,0,0,0,0,0,0,,,0,0,0,0,0,0,0,0,0,0,0,0,,,,0,0,0,0,0,0,0,,0,0,0,0,,42.5,55.5
00-0025337,G.Harris,Gilbert Harris,FB,RB,"https://static.www.nfl.com/image/private/f_auto,q_auto/league/azhpirzeyqlkqmoejyj5",2007,REG,KC,4,0,0,0,0,0,0,0,0,0,0,0,0,,,0,,9,9,0,1,0,1,-2.16361440275796,0,3,0,38,0,0,0,0,35,1,1.37454254404292,0,0,,0,,0,0,0,0,0,0,0,0,0,0,0,0,0,0,0,0,0,0,0,0,0,0,0,0,0,0,0,0,0,0,0,0,,,0,0,0,0,0,0,0,0,0,0,0,0,,,,0,0,0,0,0,0,0,,0,0,0,0,,4.7,7.7
00-0025388,J.Russell,JaMarcus Russell,QB,QB,"https://static.www.nfl.com/image/private/f_auto,q_auto/league/j9utxwp9846osapesksk",2007,REG,LV,4,36,66,373,2,4,6,-40,2,1,492,141,17,-18.3075635145032,-7.70566709339619,1,0.758130081300813,5,4,0,2,1,2,-6.95227394201399,0,0,0,0,0,0,0,0,0,0,,0,,,0,,0,0,0,0,0,0,0,0,0,0,0,0,0,0,0,0,0,1,2,0,0,0,1,10,0,0,0,0,0,0,0,0,,,0,0,0,0,0,0,0,0,0,0,0,0,,,,0,0,0,0,0,0,0,,0,0,0,0,,13.32,13.32
00-0025389,C.Johnson,Calvin Johnson,WR,WR,"https://static.www.nfl.com/image/private/f_auto,q_auto/league/z6dxib9sientn4m9cljh",2007,REG,DET,15,0,0,0,0,0,0,0,0,0,0,0,0,,,0,,4,52,1,0,0,3,5.47181642960641,0,48,0,756,4,1,0,0,183,39,60.8639559510585,0,0,,0,,0,3,0,0,0,0,0,0,0,0,0,0,0,0,0,0,0,0,0,0,0,0,2,10,0,0,0,0,0,0,0,0,,,0,0,0,0,0,0,0,0,0,0,0,0,,,,0,0,0,0,0,0,0,,0,0,0,0,,110.8,158.8
00-0025390,J.Thomas,Joe Thomas,OT,OL,"https://static.www.nfl.com/image/private/f_auto,q_auto/league/qf1ra7aphtmhkldgxg1s",2007,REG,CLE,7,0,0,0,0,0,0,0,0,0,0,0,0,,,0,,0,0,0,0,0,0,,0,0,0,0,0,0,0,0,0,0,,0,,0,0,0,0,1,0,0,0,0,0,0,0,0,0,0,0,0,0,0,0,1,1,0,0,0,7,40,0,0,0,0,0,0,0,0,,,0,0,0,0,0,0,0,0,0,0,0,0,,,,0,0,0,0,0,0,0,,0,0,0,0,,0,0
00-0025391,G.Adams,Gaines Adams,DE,DL,"https://static.www.nfl.com/image/private/f_auto,q_auto/league/s0wfqhtggx5qw5ihlpjx",2007,REG+POST,TB,16,0,0,0,0,0,0,0,0,0,0,0,0,,,0,,0,0,0,0,0,0,,0,0,0,0,0,0,0,0,0,0,,0,,0,0,0,0,24,7,10,0,0,1,5.5,37,13,0,0,2,0,0,0,0,0,0,0,0,0,3,16,0,0,0,0,0,0,0,0,,,0,0,0,0,0,0,0,0,0,0,0,0,,,,0,0,0,0,0,0,0,,0,0,0,0,,0,0
00-0025392,L.Brown,Levi Brown,OT,OL,"https://static.www.nfl.com/image/private/f_auto,q_auto/league/wpepdtwa1wwjiyamw3ym",2007,REG,ARI,6,0,0,0,0,0,0,0,0,0,0,0,0,,,0,,0,0,0,0,0,0,,0,0,0,0,0,0,0,0,0,0,,0,,,0,,0,2,0,0,0,0,0,0,0,0,0,0,0,0,0,0,0,0,0,0,0,0,5,25,0,0,0,0,0,0,0,0,,,0,0,0,0,0,0,0,0,0,0,0,0,,,,0,0,0,0,0,0,0,,0,0,0,0,,0,0
00-0025393,L.Landry,LaRon Landry,FS,DB,"https://static.www.nfl.com/image/private/f_auto,q_auto/league/nj4si0oeaklmjnjir0ax",2007,REG+POST,WAS,17,0,0,0,0,0,0,0,0,0,0,0,0,,,0,,0,0,0,0,0,0,,0,0,0,0,0,0,0,0,0,0,,0,,,0,,0,53,15,32,0,0,0,1.5,12,4,2,2,7,0,0,0,0,1,1,1,1,0,4,58,0,0,0,0,0,0,0,0,,,0,0,0,0,0,0,0,0,0,0,0,0,,,,0,0,0,0,0,0,0,,0,0,0,0,,0,0
00-0025394,A.Peterson,Adrian Peterson,RB,RB,"https://static.www.nfl.com/image/private/f_auto,q_auto/league/ug2ua3skqc9f6vkbowxc",2007,REG,MIN,14,0,0,0,0,0,0,0,0,0,0,0,0,,,0,,238,1341,12,4,3,63,10.9025361924016,0,19,0,268,1,0,0,0,267,13,24.188173113158,0,0,,0,,0,4,0,1,0,0,0,0,0,0,0,0,0,0,0,0,0,3,3,0,0,0,1,5,0,0,16,412,0,0,0,0,,,0,0,0,0,0,0,0,0,0,0,0,0,,,,0,0,0,0,0,0,0,,0,0,0,0,,232.9,251.9
00-0025395,J.Anderson,Jamaal Anderson,DE,DL,"https://static.www.nfl.com/image/private/f_auto,q_auto/league/nvwgzkpucehrxk4nal9t",2007,REG,ATL,14,0,0,0,0,0,0,0,0,0,0,0,0,,,0,,0,0,0,0,0,0,,0,0,0,0,0,0,0,0,0,0,,0,,0,0,0,0,23,3,4,0,0,1,0,0,4,0,0,3,0,0,0,0,0,0,0,0,0,2,24,0,0,0,0,0,0,0,0,,,0,0,0,0,0,0,0,0,0,0,0,0,,,,0,0,0,0,0,0,0,,0,0,0,0,,0,0
00-0025396,T.Ginn,Ted Ginn,WR,WR,"https://static.www.nfl.com/image/private/f_auto,q_auto/league/av3kbvba3bp4c6wrqz3g",2007,REG,MIA,16,0,0,0,0,0,0,0,0,0,0,0,0,,,0,,4,3,0,0,0,0,-2.12836213724222,0,34,0,420,2,0,0,0,181,18,36.8883146456792,0,0,,0,,1,6,0,0,0,0,0,0,0,0,0,0,0,0,3,0,0,2,2,0,0,0,0,0,24,230,63,1433,0,0,0,0,,,0,0,0,0,0,0,0,0,0,0,0,0,,,,0,0,0,0,0,0,0,,0,0,0,0,,60.3,94.3
00-0025397,A.Okoye,Amobi Okoye,DT,DL,"https://static.www.nfl.com/image/private/f_auto,q_auto/league/drzt1s6qqp6ojyzdltjw",2007,REG,HOU,16,0,0,0,0,0,0,0,0,0,0,0,0,,,0,,0,0,0,0,0,0,,0,0,0,0,0,0,0,0,0,0,,0,,0,0,0,0,16,7,9,0,0,1,5.5,33.5,9,0,0,1,0,0,0,0,0,0,0,0,0,4,20,0,0,0,0,0,0,0,0,,,0,0,0,0,0,0,0,0,0,0,0,0,,,,0,0,0,0,0,0,0,,0,0,0,0,,0,0
00-0025398,P.Willis,Patrick Willis,ILB,LB,"https://static.www.nfl.com/image/upload/f_auto,q_auto/league/z9z1pzm6qcukxgstmlhl",2007,REG,SF,16,0,0,0,0,0,0,0,0,0,0,0,0,,,0,,0,0,0,0,0,0,,0,0,0,0,0,0,0,0,0,0,,0,,0,0,0,0,122,15,37,0,0,2,4.5,12.5,7,0,0,5,0,0,0,0,0,0,1,1,0,2,9,0,0,0,0,0,0,0,0,,,0,0,0,0,0,0,0,0,0,0,0,0,,,,0,0,0,0,0,0,0,,0,0,0,0,,0,0
00-0025399,M.Lynch,Marshawn Lynch,RB,RB,"https://static.www.nfl.com/image/private/f_auto,q_auto/league/ddhpebfqtr9yxsnbx9ht",2007,REG,BUF,13,1,1,8,1,0,0,0,0,0,8,0,1,2.45555057527963,64.9581521749497,0,1,280,1115,7,1,1,54,-26.3824127878046,1,18,0,184,0,1,0,0,197,10,13.7116145389737,0,0,0,0,0,0,0,0,0,0,0,0,0,0,0,0,0,0,0,0,0,0,0,0,0,0,0,1,0,0,0,0,0,0,0,0,0,,,0,0,0,0,0,0,0,0,0,0,0,0,,,,0,0,0,0,0,0,0,,0,0,0,0,,176.22,194.22
00-0025400,A.Carriker,Adam Carriker,DE,DL,"https://static.www.nfl.com/image/private/f_auto,q_auto/league/ydtpyqlzxf5ido63wmjm",2007,REG,LA,16,0,0,0,0,0,0,0,0,0,0,0,0,,,0,,0,0,0,0,0,0,,0,0,0,0,0,0,0,0,0,0,,0,,,0,,0,16,5,9,0,0,0,2,13,4,0,0,2,0,0,1,0,0,0,1,1,0,2,19,0,0,0,0,0,0,0,0,,,0,0,0,0,0,0,0,0,0,0,0,0,,,,0,0,0,0,0,0,0,,0,0,0,0,,0,0
00-0025401,D.Revis,Darrelle Revis,DB,DB,"https://static.www.nfl.com/image/private/f_auto,q_auto/league/claknlaznleg3wcrdfig",2007,REG,NYJ,16,0,0,0,0,0,0,0,0,0,0,0,0,,,0,,0,0,0,0,0,0,,0,0,0,0,0,0,0,0,0,0,,0,,,0,,0,57,17,13,0,0,0,0,0,3,3,20,17,0,0,0,0,1,1,0,0,0,5,58,0,0,0,0,0,0,0,0,,,0,0,0,0,0,0,0,0,0,0,0,0,,,,0,0,0,0,0,0,0,,0,0,0,0,,0,0
00-0025402,L.Timmons,Lawrence Timmons,OLB,LB,"https://static.www.nfl.com/image/private/f_auto,q_auto/league/j2i2ing36tjepdr5p63u",2007,REG,PIT,13,0,0,0,0,0,0,0,0,0,0,0,0,,,0,,0,0,0,0,0,0,,0,0,0,0,0,0,0,0,0,0,,0,,,0,,0,8,3,2,0,0,0,0,0,0,0,0,0,0,0,0,0,0,0,2,2,0,5,28,0,0,0,0,0,0,0,0,,,0,0,0,0,0,0,0,0,0,0,0,0,,,,0,0,0,0,0,0,0,,0,0,0,0,,0,0
00-0025403,J.Harrell,Justin Harrell,DT,DL,"https://static.www.nfl.com/image/private/f_auto,q_auto/league/ikgsk1fxueyd8sben6gt",2007,REG+POST,GB,9,0,0,0,0,0,0,0,0,0,0,0,0,,,0,,0,0,0,0,0,0,,0,0,0,0,0,0,0,0,0,0,,0,,0,0,0,0,8,6,6,0,0,0,0,0,0,0,0,0,0,0,0,0,0,0,0,0,0,2,20,0,0,0,0,0,0,0,0,,,0,0,0,0,0,0,0,0,0,0,0,0,,,,0,0,0,0,0,0,0,,0,0,0,0,,0,0
00-0025404,J.Moss,Jarvis Moss,DE,DL,"https://static.www.nfl.com/image/private/f_auto,q_auto/league/meyfofmmsyhzmhcg9urj",2007,REG,DEN,6,0,0,0,0,0,0,0,0,0,0,0,0,,,0,,0,0,0,0,0,0,,0,0,0,0,0,0,0,0,0,0,,0,,,0,,0,5,4,3,0,0,1,1,7,0,0,0,0,0,0,0,0,0,0,0,0,0,0,0,0,0,0,0,0,0,0,0,,,0,0,0,0,0,0,0,0,0,0,0,0,,,,0,0,0,0,0,0,0,,0,0,0,0,,0,0
00-0025405,L.Hall,Leon Hall,DB,DB,"https://static.www.nfl.com/image/private/f_auto,q_auto/league/rajajwfcqsmonbqsblcl",2007,REG,CIN,16,0,0,0,0,0,0,0,0,0,0,0,0,,,0,,0,0,0,0,0,0,,0,0,0,0,0,0,0,0,0,0,,0,,,0,,0,49,6,14,0,0,1,0,0,0,5,16,12,0,0,0,0,0,0,0,0,0,1,5,0,0,0,0,0,0,0,0,,,0,0,0,0,0,0,0,0,0,0,0,0,,,,0,0,0,0,0,0,0,,0,0,0,0,,0,0
00-0025406,M.Griffin,Michael Griffin,FS,DB,"https://static.www.nfl.com/image/private/f_auto,q_auto/league/akzgpj0wv64wa1fwub99",2007,REG+POST,TEN,17,0,0,0,0,0,0,0,0,0,0,0,0,,,0,,0,0,0,0,0,0,,0,0,0,0,0,0,0,0,0,0,,0,,,0,,0,45,3,13,0,0,1,0,0,0,3,3,8,0,0,0,0,0,0,0,0,0,3,35,0,0,17,423,0,0,0,0,,,0,0,0,0,0,0,0,0,0,0,0,0,,,,0,0,0,0,0,0,0,,0,0,0,0,,0,0
00-0025407,A.Ross,Aaron Ross,DB,DB,"https://static.www.nfl.com/image/private/f_auto,q_auto/league/vqkm4ookikisimgyrkhx",2007,REG+POST,NYG,19,0,0,0,0,0,0,0,0,0,0,0,0,,,0,,0,0,0,0,0,0,,0,0,0,0,0,0,0,0,0,0,,0,,0,0,0,0,34,10,10,0,0,0,1.5,9,4,3,51,10,1,0,0,0,0,0,0,0,0,2,13,0,0,0,0,0,0,0,0,,,0,0,0,0,0,0,0,0,0,0,0,0,,,,0,0,0,0,0,0,0,,0,0,0,0,,0,0
00-0025408,R.Nelson,Reggie Nelson,FS,DB,"https://static.www.nfl.com/image/private/f_auto,q_auto/league/t5hcdwky7qazuhkwlzn5",2007,REG+POST,JAX,18,0,0,0,0,0,0,0,0,0,0,0,0,,,0,,0,0,0,0,0,0,,0,0,0,0,0,0,0,0,0,0,,0,,,0,,0,60,4,7,0,0,2,1,6,0,5,76,11,0,1,0,0,0,0,0,0,0,2,30,0,0,0,0,0,0,0,0,,,0,0,0,0,0,0,0,0,0,0,0,0,,,,0,0,0,0,0,0,0,,0,0,0,0,,0,0
00-0025409,B.Quinn,Brady Quinn,QB,QB,"https://static.www.nfl.com/image/private/f_auto,q_auto/league/ezqavugaagjzhsqhoicz",2007,REG,CLE,1,3,8,45,0,0,0,0,0,0,44,18,3,0.587793182240904,-21.3359411805868,0,1.02272727272727,0,0,0,0,0,0,,0,0,0,0,0,0,0,0,0,0,,0,,0,0,0,0,0,0,0,0,0,0,0,0,0,0,0,0,0,0,0,0,0,0,0,0,0,0,0,0,0,0,0,0,0,0,0,,,0,0,0,0,0,0,0,0,0,0,0,0,,,,0,0,0,0,0,0,0,,0,0,0,0,,1.8,1.8
00-0025410,D.Bowe,Dwayne Bowe,WR,WR,"https://static.www.nfl.com/image/private/f_auto,q_auto/league/ihvktvkw198qeclu6mtk",2007,REG,KC,15,0,0,0,0,0,0,0,0,0,0,0,0,,,0,,0,0,0,0,0,0,,0,70,0,995,5,0,0,0,367,51,98.8798273631697,0,0,,0,,0,2,0,0,0,0,0,0,0,0,0,0,0,0,0,0,0,0,0,0,0,0,1,5,0,0,0,0,0,0,0,0,,,0,0,0,0,0,0,0,0,0,0,0,0,,,,0,0,0,0,0,0,0,,0,0,0,0,,129.5,199.5
00-0025411,B.Meriweather,Brandon Meriweather,S,DB,"https://static.www.nfl.com/image/private/f_auto,q_auto/league/om6clautgyfic8aww4rq",2007,REG+POST,NE,14,0,0,0,0,0,0,0,0,0,0,0,0,,,0,,0,0,0,0,0,0,,0,0,0,0,0,0,0,0,0,0,,0,,,0,,0,22,2,14,0,0,1,0,0,1,0,0,4,0,0,0,0,0,0,0,0,0,1,7,0,0,0,0,0,0,0,0,,,0,0,0,0,0,0,0,0,0,0,0,0,,,,0,0,0,0,0,0,0,,0,0,0,0,,0,0
00-0025412,J.Beason,Jon Beason,MLB,LB,"https://static.www.nfl.com/image/private/f_auto,q_auto/league/bukxgrb2jlza2wfsbosg",2007,REG,CAR,16,0,0,0,0,0,0,0,0,0,0,0,0,,,0,,0,0,0,0,0,0,,0,0,0,0,0,0,0,0,0,0,,0,,0,0,0,0,91,15,34,0,0,0,0,0,0,1,0,6,0,0,0,0,0,0,1,1,0,2,29,0,0,0,0,0,0,0,0,,,0,0,0,0,0,0,0,0,0,0,0,0,,,,0,0,0,0,0,0,0,,0,0,0,0,,0,0
00-0025413,A.Spencer,Anthony Spencer,LB,LB,"https://static.www.nfl.com/image/private/f_auto,q_auto/league/vlxte4rwo7cds5d6wudn",2007,REG+POST,DAL,14,0,0,0,0,0,0,0,0,0,0,0,0,,,0,,0,0,0,0,0,0,,0,0,0,0,0,0,0,0,0,0,,0,,,0,,0,22,6,8,0,0,2,3,28,7,0,0,0,0,0,0,0,0,0,0,0,0,1,5,0,0,0,0,0,0,0,0,,,0,0,0,0,0,0,0,0,0,0,0,0,,,,0,0,0,0,0,0,0,,0,0,0,0,,0,0
00-0025415,J.Staley,Joe Staley,OT,OL,"https://static.www.nfl.com/image/private/f_auto,q_auto/league/vzmoz5duiuoocv4qnyhl",2007,REG,SF,6,0,0,0,0,0,0,0,0,0,0,0,0,,,0,,0,0,0,0,0,0,,0,0,0,0,0,0,0,0,0,0,,0,,0,0,0,0,2,0,0,0,0,0,0,0,0,0,0,0,0,0,0,0,1,1,0,0,0,4,25,0,0,0,0,0,0,0,0,,,0,0,0,0,0,0,0,0,0,0,0,0,,,,0,0,0,0,0,0,0,,0,0,0,0,,0,0
00-0025416,B.Grubbs,Ben Grubbs,G,OL,"https://static.www.nfl.com/image/private/f_auto,q_auto/league/laog2zi5dqxadgwbag6n",2007,REG,BAL,1,0,0,0,0,0,0,0,0,0,0,0,0,,,0,,0,0,0,0,0,0,,0,0,0,0,0,0,0,0,0,0,,0,,,0,,0,0,0,0,0,0,0,0,0,0,0,0,0,0,0,0,0,0,0,0,0,0,1,5,0,0,0,0,0,0,0,0,,,0,0,0,0,0,0,0,0,0,0,0,0,,,,0,0,0,0,0,0,0,,0,0,0,0,,0,0
00-0025417,C.Davis,Craig Davis,WR,WR,"https://static.www.nfl.com/image/private/f_auto,q_auto/league/xsch6mtrqbeadp7e6nw9",2007,REG+POST,LAC,12,0,0,0,0,0,0,0,0,0,0,0,0,,,0,,3,9,0,0,0,0,-0.744895057519898,0,22,0,211,1,0,0,0,73,13,21.1148862965347,0,0,,0,,0,1,0,0,0,0,0,0,0,0,0,0,0,0,1,0,0,0,0,0,0,0,0,0,6,52,0,0,0,0,0,0,,,0,0,0,0,0,0,0,0,0,0,0,0,,,,0,0,0,0,0,0,0,,0,0,0,0,,28,50
00-0025418,G.Olsen,Greg Olsen,TE,TE,"https://static.www.nfl.com/image/private/f_auto,q_auto/league/jevf1bubmrv2vvmiwq3r",2007,REG,CHI,12,0,0,0,0,0,0,0,0,0,0,0,0,,,0,,0,0,0,0,0,0,,0,39,0,391,2,0,0,0,146,19,30.4111480840705,1,0,,0,,0,1,0,0,0,0,0,0,0,0,0,0,0,0,0,0,0,0,0,0,0,0,2,15,0,0,0,0,0,0,0,0,,,0,0,0,0,0,0,0,0,0,0,0,0,,,,0,0,0,0,0,0,0,,0,0,0,0,,53.1,92.1
00-0025419,A.Gonzalez,Anthony Gonzalez,WR,WR,"https://static.www.nfl.com/image/private/f_auto,q_auto/league/rl6wxes3xbrukxmqzgtn",2007,REG+POST,IND,12,0,0,0,0,0,0,0,0,0,0,0,0,,,0,,0,0,0,0,0,0,,0,41,0,655,4,0,0,0,207,29,56.7921518407581,0,0,,0,,0,1,0,0,0,0,0,0,0,0,0,0,0,0,0,0,0,0,0,0,0,0,1,10,0,0,0,0,0,0,0,0,,,0,0,0,0,0,0,0,0,0,0,0,0,,,,0,0,0,0,0,0,0,,0,0,0,0,,89.5,130.5
00-0025420,A.Branch,Alan Branch,NT,DL,"https://static.www.nfl.com/image/private/f_auto,q_auto/league/p1vgxerrhwvr1eqqvbga",2007,REG,ARI,7,0,0,0,0,0,0,0,0,0,0,0,0,,,0,,0,0,0,0,0,0,,0,0,0,0,0,0,0,0,0,0,,0,,,0,,0,5,3,1,0,0,0,0,0,3,0,0,0,0,0,0,0,0,0,0,0,0,0,0,0,0,0,0,0,0,0,0,,,0,0,0,0,0,0,0,0,0,0,0,0,,,,0,0,0,0,0,0,0,,0,0,0,0,,0,0
00-0025421,P.Posluszny,Paul Posluszny,MLB,LB,"https://static.www.nfl.com/image/private/f_auto,q_auto/league/cn75t7mgmxes2w51b64y",2007,REG,BUF,3,0,0,0,0,0,0,0,0,0,0,0,0,,,0,,0,0,0,0,0,0,,0,0,0,0,0,0,0,0,0,0,,0,,0,0,0,0,10,7,9,0,0,0,0,0,0,0,0,0,0,0,0,0,0,0,0,0,0,0,0,0,0,0,0,0,0,0,0,,,0,0,0,0,0,0,0,0,0,0,0,0,,,,0,0,0,0,0,0,0,,0,0,0,0,,0,0
00-0025422,A.Sears,Arron Sears,OT,OL,"https://static.www.nfl.com/image/private/f_auto,q_auto/league/rsxiehh3i2ywdgbho2qw",2007,REG,TB,8,0,0,0,0,0,0,0,0,0,0,0,0,,,0,,0,0,0,0,0,0,,0,0,0,0,0,0,0,0,0,0,,0,,0,0,0,0,0,0,0,0,0,0,0,0,0,0,0,0,0,0,0,0,0,0,0,0,0,10,50,0,0,0,0,0,0,0,0,,,0,0,0,0,0,0,0,0,0,0,0,0,,,,0,0,0,0,0,0,0,,0,0,0,0,,0,0
00-0025423,K.Kolb,Kevin Kolb,QB,QB,"https://static.www.nfl.com/image/private/f_auto,q_auto/league/ebtp5o1rj5hosmncg7iz",2007,REG,PHI,1,0,0,0,0,0,2,-13,1,1,0,0,0,-5.05736778967548,,0,,3,-2,0,0,0,0,0,0,0,0,0,0,0,0,0,0,0,,0,,0,0,0,0,0,0,0,0,0,0,0,0,0,0,0,0,0,0,0,0,0,0,0,0,0,0,0,0,0,0,0,0,0,0,0,,,0,0,0,0,0,0,0,0,0,0,0,0,,,,0,0,0,0,0,0,0,,0,0,0,0,,-2.2,-2.2
00-0025424,E.Weddle,Eric Weddle,FS,DB,"https://static.www.nfl.com/image/private/f_auto,q_auto/league/zpf0d4cmeobcjjudzghs",2007,REG+POST,LAC,17,0,0,0,0,0,0,0,0,0,0,0,0,,,0,,0,0,0,0,0,0,,0,0,0,0,0,0,0,0,0,0,,0,,,0,,0,37,12,16,0,0,0,1,5,3,2,0,7,0,0,0,0,0,0,0,0,0,4,28,0,0,0,0,0,0,0,0,,,0,0,0,0,0,0,0,0,0,0,0,0,,,,0,0,0,0,0,0,0,,0,0,0,0,,0,0
00-0025425,Z.Miller,Zach Miller,TE,TE,"https://static.www.nfl.com/image/private/f_auto,q_auto/league/zzyshc4yuvfrkkbacm07",2007,REG,LV,15,0,0,0,0,0,0,0,0,0,0,0,0,,,0,,0,0,0,0,0,0,,0,44,0,444,3,1,1,0,147,24,32.4082167899412,0,0,,0,,0,6,0,0,0,0,1,0,0,0,0,0,0,0,0,0,0,2,2,1,1,0,2,12,0,0,0,0,0,0,0,0,,,0,0,0,0,0,0,0,0,0,0,0,0,,,,0,0,0,0,0,0,0,,0,0,0,0,,60.4,104.4
00-0025426,J.Blalock,Justin Blalock,G,OL,"https://static.www.nfl.com/image/private/f_auto,q_auto/league/kad4kyi9kdetr8neng4y",2007,REG,ATL,5,0,0,0,0,0,0,0,0,0,0,0,0,,,0,,0,0,0,0,0,0,,0,0,0,0,0,0,0,0,0,0,,0,,0,0,0,0,0,0,0,0,0,0,0,0,0,0,0,0,0,0,0,0,1,1,0,0,0,4,25,0,0,0,0,0,0,0,0,,,0,0,0,0,0,0,0,0,0,0,0,0,,,,0,0,0,0,0,0,0,,0,0,0,0,,0,0
00-0025427,J.Beck,John Beck,QB,QB,"https://static.www.nfl.com/image/private/f_auto,q_auto/league/bqodmof3pebek3cb1qx6",2007,REG,MIA,5,60,107,559,1,3,10,-69,5,4,793,192,24,-40.4741162052271,-5.39766988333534,1,0.704918032786885,9,12,1,2,1,6,-6.73128071805695,0,0,0,0,0,0,0,0,0,0,,0,,,0,,0,0,0,0,0,0,0,0,0,0,0,0,0,0,0,0,0,0,2,0,0,0,0,0,0,0,0,0,0,0,0,0,,,0,0,0,0,0,0,0,0,0,0,0,0,,,,0,0,0,0,0,0,0,,0,0,0,0,,19.56,19.56
00-0025428,C.Houston,Chris Houston,CB,DB,"https://static.www.nfl.com/image/private/f_auto,q_auto/league/x74taxhoyrmgm9nu8ryl",2007,REG,ATL,15,0,0,0,0,0,0,0,0,0,0,0,0,,,0,,0,0,0,0,0,0,,0,0,0,0,0,0,0,0,0,0,,0,,0,0,0,0,54,3,1,0,0,1,0,0,0,0,0,9,0,0,0,0,1,1,0,0,0,3,32,0,0,0,0,0,0,0,0,,,0,0,0,0,0,0,0,0,0,0,0,0,,,,0,0,0,0,0,0,0,,0,0,0,0,,0,0
00-0025429,T.Ugoh,Tony Ugoh,G,OL,"https://static.www.nfl.com/image/private/f_auto,q_auto/league/i8sjbrxmhdj71r0m4ljf",2007,REG,IND,1,0,0,0,0,0,0,0,0,0,0,0,0,,,0,,0,0,0,0,0,0,,0,0,0,0,0,0,0,0,0,0,,0,,,0,,0,0,0,0,0,0,0,0,0,0,0,0,0,0,0,0,0,0,0,0,0,0,1,5,0,0,0,0,0,0,0,0,,,0,0,0,0,0,0,0,0,0,0,0,0,,,,0,0,0,0,0,0,0,,0,0,0,0,,0,0
00-0025431,S.Rice,Sidney Rice,WR,WR,"https://static.www.nfl.com/image/private/f_auto,q_auto/league/gvm2tebxbsm7eajiwaad",2007,REG,MIN,11,2,2,94,0,0,0,0,0,0,62,32,2,5.1458935259725,62.0812028646469,0,1.51612903225806,0,0,0,0,0,0,,0,31,0,396,4,0,0,0,119,25,43.6483634708046,0,0,,0,,0,0,0,0,0,0,0,0,0,0,0,0,0,0,0,0,0,0,0,0,0,0,0,0,0,0,0,0,0,0,0,0,,,0,0,0,0,0,0,0,0,0,0,0,0,,,,0,0,0,0,0,0,0,,0,0,0,0,,67.36,98.36
00-0025432,D.Jarrett,Dwayne Jarrett,WR,WR,"https://static.www.nfl.com/image/private/f_auto,q_auto/league/ad7lwiigyrpzlofzo2kp",2007,REG,CAR,5,0,0,0,0,0,0,0,0,0,0,0,0,,,0,,1,11,0,0,0,1,1.02177845174447,0,6,0,73,0,0,0,0,1,2,2.42299099609954,0,0,0,0,0,0,2,0,0,0,0,0,0,0,0,0,0,0,0,0,0,0,0,0,0,0,0,0,0,0,0,0,0,0,0,0,0,,,0,0,0,0,0,0,0,0,0,0,0,0,,,,0,0,0,0,0,0,0,,0,0,0,0,,8.4,14.4
00-0025433,L.Woodley,LaMarr Woodley,OLB,LB,"https://static.www.nfl.com/image/private/f_auto,q_auto/league/maupa3sr7pddbh3nvlmd",2007,REG+POST,PIT,10,0,0,0,0,0,0,0,0,0,0,0,0,,,0,,0,0,0,0,0,0,,0,0,0,0,0,0,0,0,0,0,,0,,,0,,0,15,2,0,0,0,1,6,55,8,0,0,0,0,0,0,0,0,0,0,0,0,1,10,0,0,0,0,0,0,0,0,,,0,0,0,0,0,0,0,0,0,0,0,0,,,,0,0,0,0,0,0,0,,0,0,0,0,,0,0
00-0025434,D.Harris,David Harris,OLB,LB,"https://static.www.nfl.com/image/private/f_auto,q_auto/league/pfvyx4ftqbjkvgukdyue",2007,REG,NYJ,15,0,0,0,0,0,0,0,0,0,0,0,0,,,0,,0,0,0,0,0,0,,0,0,0,0,0,0,0,0,0,0,,0,,,0,,0,59,31,37,0,0,2,5,52,5,0,0,3,0,0,0,0,0,0,1,1,0,2,25,0,0,0,0,0,0,0,0,,,0,0,0,0,0,0,0,0,0,0,0,0,,,,0,0,0,0,0,0,0,,0,0,0,0,,0,0
00-0025435,J.Durant,Justin Durant,OLB,LB,"https://static.www.nfl.com/image/private/f_auto,q_auto/league/eedjpnwmpbsssvpufzpi",2007,REG+POST,JAX,13,0,0,0,0,0,0,0,0,0,0,0,0,,,0,,0,0,0,0,0,0,,0,0,0,0,0,0,0,0,0,0,,0,,,0,,0,42,8,18,0,0,0,1,6,3,1,2,3,0,0,0,0,0,0,0,0,0,0,0,0,0,0,0,0,0,0,0,,,0,0,0,0,0,0,0,0,0,0,0,0,,,,0,0,0,0,0,0,0,,0,0,0,0,,0,0
00-0025437,C.Henry,Chris Henry,RB,RB,"https://static.www.nfl.com/image/private/f_auto,q_auto/league/wv7yhfbi3c2cbepff3rg",2007,REG+POST,TEN,8,0,0,0,0,0,0,0,0,0,0,0,0,,,0,,32,119,2,0,0,5,-3.83492218229334,0,6,0,53,0,0,0,0,67,2,2.56785354169551,0,0,,0,,0,1,0,0,0,0,0,0,0,0,0,0,0,0,0,0,0,0,0,0,0,0,0,0,0,0,17,343,0,0,0,0,,,0,0,0,0,0,0,0,0,0,0,0,0,,,,0,0,0,0,0,0,0,,0,0,0,0,,29.2,35.2
00-0025438,S.Smith,Steve Smith,WR,WR,"https://static.www.nfl.com/image/private/f_auto,q_auto/league/lpt6yae9uhke1nn69gyi",2007,REG+POST,NYG,8,0,0,0,0,0,0,0,0,0,0,0,0,,,0,,0,0,0,0,0,0,,0,22,0,215,0,0,0,0,45,13,17.2236771289095,0,0,0,0,0,0,0,0,0,0,0,0,0,0,0,0,0,0,0,0,0,0,1,1,0,0,0,0,0,0,0,0,0,0,0,0,0,,,0,0,0,0,0,0,0,0,0,0,0,0,,,,0,0,0,0,0,0,0,,0,0,0,0,,21.5,43.5
00-0025439,B.Leonard,Brian Leonard,RB,RB,"https://static.www.nfl.com/image/private/f_auto,q_auto/league/a4ijk8zs4l7m3deikdib",2007,REG,LA,15,0,0,0,0,0,0,0,0,0,0,0,0,,,0,,86,303,0,0,0,14,-13.5157098370837,0,30,0,183,0,0,0,0,132,8,2.17692861735254,0,0,,0,,0,2,0,0,0,0,0,0,0,0,0,0,0,0,0,0,0,0,0,0,0,0,0,0,0,0,0,0,0,0,0,0,,,0,0,0,0,0,0,0,0,0,0,0,0,,,,0,0,0,0,0,0,0,,0,0,0,0,,48.6,78.6
00-0025440,E.Wright,Eric Wright,DB,DB,"https://static.www.nfl.com/image/private/f_auto,q_auto/league/jzwkai34i4ujy7wxy5pd",2007,REG,CLE,12,0,0,0,0,0,0,0,0,0,0,0,0,,,0,,0,0,0,0,0,0,,0,0,0,0,0,0,0,0,0,0,,0,,0,0,0,0,58,13,5,0,0,0,1,11,1,1,0,11,0,0,0,0,0,0,0,0,0,4,47,0,0,0,0,0,0,0,0,,,0,0,0,0,0,0,0,0,0,0,0,0,,,,0,0,0,0,0,0,0,,0,0,0,0,,0,0
00-0025441,T.McBride,Turk McBride,DE,DL,"https://static.www.nfl.com/image/private/f_auto,q_auto/league/ebyiqgewhfpsfiywcdlf",2007,REG,KC,15,0,0,0,0,0,0,0,0,0,0,0,0,,,0,,0,0,0,0,0,0,,0,0,0,0,0,0,0,0,0,0,,0,,,0,,0,8,3,3,0,0,0,1,0,3,0,0,1,0,0,0,0,0,0,0,0,0,4,29,0,0,4,40,0,0,0,0,,,0,0,0,0,0,0,0,0,0,0,0,0,,,,0,0,0,0,0,0,0,,0,0,0,0,,0,0
00-0025442,J.Wilson,Josh Wilson,DB,DB,"https://static.www.nfl.com/image/private/f_auto,q_auto/league/l4cxrhaf4xpnmdxapfrd",2007,REG+POST,SEA,13,0,0,0,0,0,0,0,0,0,0,0,0,,,0,,0,0,0,0,0,0,,0,0,0,0,0,0,0,0,0,0,,0,,0,0,0,1,8,0,4,0,0,0,0,0,1,0,0,0,0,0,0,0,0,0,0,0,0,0,0,0,0,16,384,0,0,0,0,,,0,0,0,0,0,0,0,0,0,0,0,0,,,,0,0,0,0,0,0,0,,0,0,0,0,,6,6
00-0025443,T.Crowder,Tim Crowder,DE,DL,"https://static.www.nfl.com/image/private/f_auto,q_auto/league/ljrzdsakid8qnccwoadj",2007,REG,DEN,10,0,0,0,0,0,0,0,0,0,0,0,0,,,0,,0,0,0,0,0,0,,0,0,0,0,0,0,0,0,0,0,,0,,,0,,0,13,0,4,0,0,1,4.5,39,4,0,0,0,0,0,0,0,0,0,2,2,1,2,10,0,0,0,0,0,0,0,0,,,0,0,0,0,0,0,0,0,0,0,0,0,,,,0,0,0,0,0,0,0,,0,0,0,0,,0,0
00-0025444,V.Abiamiri,Victor Abiamiri,DE,DL,"https://static.www.nfl.com/image/private/f_auto,q_auto/league/ngsgxzz45uknhixpfbq7",2007,REG,PHI,4,0,0,0,0,0,0,0,0,0,0,0,0,,,0,,0,0,0,0,0,0,,0,0,0,0,0,0,0,0,0,0,,0,,0,0,0,0,2,0,1,0,0,0,0,0,0,0,0,0,0,0,0,0,0,0,0,0,0,1,5,0,0,0,0,0,0,0,0,,,0,0,0,0,0,0,0,0,0,0,0,0,,,,0,0,0,0,0,0,0,,0,0,0,0,,0,0
00-0025445,I.Alama-Francis,Ikaika Alama-Francis,LB,LB,"https://static.www.nfl.com/image/private/f_auto,q_auto/league/garoys1ikj6jz3wcv8dz",2007,REG,DET,5,0,0,0,0,0,0,0,0,0,0,0,0,,,0,,0,0,0,0,0,0,,0,0,0,0,0,0,0,0,0,0,,0,,,0,,0,5,2,5,0,0,0,0,0,0,0,0,0,0,0,0,0,0,0,0,0,0,0,0,0,0,0,0,0,0,0,0,,,0,0,0,0,0,0,0,0,0,0,0,0,,,,0,0,0,0,0,0,0,,0,0,0,0,,0,0
00-0025446,R.Kalil,Ryan Kalil,C,OL,"https://static.www.nfl.com/image/private/f_auto,q_auto/league/ukuv7atmhwaudnccmfto",2007,REG,CAR,2,0,0,0,0,0,0,0,0,0,0,0,0,,,0,,0,0,0,0,0,0,,0,0,0,0,0,0,0,0,0,0,,0,,0,0,0,0,0,0,0,0,0,0,0,0,0,0,0,0,0,0,0,0,0,1,0,0,0,1,5,0,0,0,0,0,0,0,0,,,0,0,0,0,0,0,0,0,0,0,0,0,,,,0,0,0,0,0,0,0,,0,0,0,0,,0,0
00-0025447,S.Satele,Samson Satele,C,OL,"https://static.www.nfl.com/image/private/f_auto,q_auto/league/z2jkfkszkcpmojaziork",2007,REG,MIA,4,0,0,0,0,0,0,0,0,0,0,0,0,,,0,,0,0,0,0,0,0,,0,0,0,0,0,0,0,0,0,0,,0,,,0,,0,3,0,0,0,0,0,0,0,0,0,0,0,0,0,0,0,0,1,0,0,0,2,15,0,0,0,0,0,0,0,0,,,0,0,0,0,0,0,0,0,0,0,0,0,,,,0,0,0,0,0,0,0,,0,0,0,0,,0,0
00-0025448,G.Alexander,Gerald Alexander,DB,DB,"https://static.www.nfl.com/image/private/f_auto,q_auto/league/uwqbem4ky74lsyp9xa16",2007,REG,DET,16,0,0,0,0,0,0,0,0,0,0,0,0,,,0,,0,0,0,0,0,0,,0,0,0,0,0,0,0,0,0,0,,0,,,0,,0,50,9,22,0,0,0,2,22,2,2,70,6,0,0,0,0,0,0,2,2,0,1,5,0,0,0,0,0,0,0,0,,,0,0,0,0,0,0,0,0,0,0,0,0,,,,0,0,0,0,0,0,0,,0,0,0,0,,0,0
00-0025450,B.Jackson,Brandon Jackson,RB,RB,"https://static.www.nfl.com/image/private/f_auto,q_auto/league/uy3xpotebhao3y1ohedi",2007,REG+POST,GB,11,0,0,0,0,0,0,0,0,0,0,0,0,,,0,,83,301,1,0,0,12,-12.9925371669754,0,18,0,144,1,0,0,0,155,7,6.72112491180165,0,0,0,0,0,0,2,1,0,0,0,0,0,0,0,0,0,0,0,0,0,0,0,0,0,0,0,2,26,0,0,0,0,0,0,0,0,,,0,0,0,0,0,0,0,0,0,0,0,0,,,,0,0,0,0,0,0,0,,0,0,0,0,,56.5,74.5
00-0025451,S.Piscitelli,Sabby Piscitelli,S,DB,"https://static.www.nfl.com/image/private/f_auto,q_auto/league/one4ejiagvmvi7vyj7hu",2007,REG,TB,2,0,0,0,0,0,0,0,0,0,0,0,0,,,0,,0,0,0,0,0,0,,0,0,0,0,0,0,0,0,0,0,,0,,0,0,0,0,2,0,1,0,0,0,0,0,0,0,0,0,0,0,0,0,0,0,0,0,0,1,7,0,0,0,0,0,0,0,0,,,0,0,0,0,0,0,0,0,0,0,0,0,,,,0,0,0,0,0,0,0,,0,0,0,0,,0,0
00-0025452,Q.Moses,Quentin Moses,LB,LB,"https://static.www.nfl.com/image/private/f_auto,q_auto/league/ojve5fp64prq7adiydls",2007,REG,MIA,5,0,0,0,0,0,0,0,0,0,0,0,0,,,0,,0,0,0,0,0,0,,0,0,0,0,0,0,0,0,0,0,,0,,,0,,0,5,2,1,0,0,0,1,3,1,0,0,0,0,0,0,0,0,0,0,0,0,0,0,0,0,0,0,0,0,0,0,,,0,0,0,0,0,0,0,0,0,0,0,0,,,,0,0,0,0,0,0,0,,0,0,0,0,,0,0
00-0025453,U.Young,Usama Young,S,DB,"https://static.www.nfl.com/image/private/f_auto,q_auto/league/dzzzb21dzbohw6rfouzi",2007,REG,NO,12,0,0,0,0,0,0,0,0,0,0,0,0,,,0,,0,0,0,0,0,0,,0,0,0,0,0,0,0,0,0,0,,0,,0,0,0,0,20,3,2,0,0,0,0,0,0,0,0,2,0,0,0,0,0,0,0,0,0,1,5,0,0,0,0,0,0,0,0,,,0,0,0,0,0,0,0,0,0,0,0,0,,,,0,0,0,0,0,0,0,,0,0,0,0,,0,0
00-0025455,Q.Black,Quincy Black,OLB,LB,"https://static.www.nfl.com/image/private/f_auto,q_auto/league/dxqeuqztus59ykseyrhm",2007,REG+POST,TB,10,0,0,0,0,0,0,0,0,0,0,0,0,,,0,,0,0,0,0,0,0,,0,0,0,0,0,0,0,0,0,0,,0,,0,0,0,0,19,0,7,0,0,2,0,0,0,0,0,0,0,0,0,0,0,0,0,0,0,1,5,0,0,0,0,0,0,0,0,,,0,0,0,0,0,0,0,0,0,0,0,0,,,,0,0,0,0,0,0,0,,0,0,0,0,,0,0
00-0025456,B.Davis,Buster Davis,LB,LB,"https://static.www.nfl.com/image/private/f_auto,q_auto/league/ilibxbx4wtfcceyyf1hv",2007,REG,DET,1,0,0,0,0,0,0,0,0,0,0,0,0,,,0,,0,0,0,0,0,0,,0,0,0,0,0,0,0,0,0,0,,0,,,0,,0,0,0,0,0,0,0,0,0,0,0,0,0,0,0,0,0,0,0,0,0,0,0,0,0,0,1,1,0,0,0,0,,,0,0,0,0,0,0,0,0,0,0,0,0,,,,0,0,0,0,0,0,0,,0,0,0,0,,0,0
00-0025458,L.Booker,Lorenzo Booker,RB,RB,"https://static.www.nfl.com/image/private/f_auto,q_auto/league/vyk5owe8znzx5v2el2qy",2007,REG,MIA,5,0,0,0,0,0,0,0,0,0,0,0,0,,,0,,28,125,0,0,0,8,3.25689647565014,0,28,0,237,0,0,0,0,156,13,14.0378126555006,0,0,,0,,0,0,0,0,0,0,0,0,0,0,0,0,0,0,0,0,0,0,0,0,0,0,0,0,0,0,0,0,0,0,0,0,,,0,0,0,0,0,0,0,0,0,0,0,0,,,,0,0,0,0,0,0,0,,0,0,0,0,,36.2,64.2
00-0025459,M.McCauley,Marcus McCauley,DB,DB,"https://static.www.nfl.com/image/private/f_auto,q_auto/league/x1mooxvyhzic2rqaxwyx",2007,REG,MIN,14,0,0,0,0,0,0,0,0,0,0,0,0,,,0,,0,0,0,0,0,0,,0,0,0,0,0,0,0,0,0,0,,0,,,0,,0,49,5,10,0,0,0,0,0,0,0,0,8,0,0,0,0,0,0,0,0,0,3,31,0,0,0,0,0,0,0,0,,,0,0,0,0,0,0,0,0,0,0,0,0,,,,0,0,0,0,0,0,0,,0,0,0,0,,0,0
00-0025460,J.Jones,Jacoby Jones,WR,WR,"https://static.www.nfl.com/image/private/f_auto,q_auto/league/yhjtycrpq7jtfarxkhcx",2007,REG,HOU,13,0,0,0,0,0,0,0,0,0,0,0,0,,,0,,3,-1,0,0,0,1,-0.685157361789607,0,15,0,149,0,1,1,0,53,9,10.121854109806,0,0,0,0,0,0,0,0,0,0,0,0,0,0,0,0,0,0,0,1,0,12,1,1,0,0,0,0,0,30,286,4,78,0,0,0,0,,,0,0,0,0,0,0,0,0,0,0,0,0,,,,0,0,0,0,0,0,0,,0,0,0,0,,12.8,27.8
00-0025461,Y.Figurs,Yamon Figurs,WR,WR,"https://static.www.nfl.com/image/private/f_auto,q_auto/league/tudwv8wsrihfiyuc6d8j",2007,REG,BAL,14,0,0,0,0,0,0,0,0,0,0,0,0,,,0,,1,-1,0,0,0,0,-1.02926085324725,0,1,0,36,0,0,0,0,2,1,3.66972944291774,0,0,,0,,2,0,0,0,0,0,0,0,0,0,0,0,0,0,2,0,0,2,2,0,0,0,0,0,16,171,46,1138,0,0,0,0,,,0,0,0,0,0,0,0,0,0,0,0,0,,,,0,0,0,0,0,0,0,,0,0,0,0,,15.5,16.5
00-0025462,L.Robinson,Laurent Robinson,WR,WR,"https://static.www.nfl.com/image/private/f_auto,q_auto/league/nqnfkywjavrt1bukmhap",2007,REG,ATL,13,0,0,0,0,0,0,0,0,0,0,0,0,,,0,,0,0,0,0,0,0,,0,37,0,437,1,1,1,0,131,14,17.9923823687072,0,0,0,0,0,0,0,0,0,0,0,0,0,0,0,0,0,0,0,0,0,0,0,0,0,0,0,2,10,0,0,0,0,0,0,0,0,,,0,0,0,0,0,0,0,0,0,0,0,0,,,,0,0,0,0,0,0,0,,0,0,0,0,,47.7,84.7
00-0025463,J.Hill,Jason Hill,WR,WR,"https://static.www.nfl.com/image/private/f_auto,q_auto/league/pvl5reg9vgwtldn0ahj7",2007,REG,SF,2,0,0,0,0,0,0,0,0,0,0,0,0,,,0,,0,0,0,0,0,0,,0,1,0,6,0,0,0,0,0,0,-0.0237286342307925,0,0,0,0,0,0,1,0,1,0,0,0,0,0,0,0,0,0,0,0,0,0,0,0,0,0,0,1,5,0,0,0,0,0,0,0,0,,,0,0,0,0,0,0,0,0,0,0,0,0,,,,0,0,0,0,0,0,0,,0,0,0,0,,0.6,1.6
00-0025464,M.Spaeth,Matt Spaeth,TE,TE,"https://static.www.nfl.com/image/private/f_auto,q_auto/league/wywcnns8be7rzlrwnjwh",2007,REG+POST,PIT,6,0,0,0,0,0,0,0,0,0,0,0,0,,,0,,0,0,0,0,0,0,,0,6,0,41,3,0,0,0,20,4,7.35392568045063,0,0,,0,,0,1,0,0,0,0,0,0,0,0,0,0,0,0,0,0,0,0,0,0,0,0,0,0,0,0,0,0,0,0,0,0,,,0,0,0,0,0,0,0,0,0,0,0,0,,,,0,0,0,0,0,0,0,,0,0,0,0,,22.1,28.1
00-0025465,J.Jones,James Jones,WR,WR,"https://static.www.nfl.com/image/private/f_auto,q_auto/league/rgputh3d4brz7dtzf0wh",2007,REG+POST,GB,14,0,0,0,0,0,0,0,0,0,0,0,0,,,0,,0,0,0,0,0,0,,0,50,0,718,2,3,2,0,285,31,49.7020837634627,0,0,0,0,0,0,1,0,0,0,0,0,0,0,0,0,0,0,0,0,0,0,0,0,0,0,0,1,5,0,0,0,0,0,0,0,0,,,0,0,0,0,0,0,0,0,0,0,0,0,,,,0,0,0,0,0,0,0,,0,0,0,0,,79.8,129.8
00-0025468,J.Alford,Jay Alford,NT,DL,"https://static.www.nfl.com/image/private/f_auto,q_auto/league/nexywvkstf5c5aktdpnz",2007,REG+POST,NYG,6,0,0,0,0,0,0,0,0,0,0,0,0,,,0,,0,0,0,0,0,0,,0,0,0,0,0,0,0,0,0,0,,0,,0,0,0,0,3,0,2,0,0,0,2,11,4,0,0,0,0,0,0,0,0,0,0,0,0,1,5,0,0,0,0,0,0,0,0,,,0,0,0,0,0,0,0,0,0,0,0,0,,,,0,0,0,0,0,0,0,,0,0,0,0,,0,0
00-0025469,D.Tyler,Tank Tyler,DT,DL,"https://static.www.nfl.com/image/private/f_auto,q_auto/league/qo511lv14vcwq7ofdf7e",2007,REG,KC,9,0,0,0,0,0,0,0,0,0,0,0,0,,,0,,0,0,0,0,0,0,,0,0,0,0,0,0,0,0,0,0,,0,,,0,,0,4,4,3,0,0,0,0,0,0,0,0,0,0,0,0,0,0,0,0,0,0,2,10,0,0,0,0,0,0,0,0,,,0,0,0,0,0,0,0,0,0,0,0,0,,,,0,0,0,0,0,0,0,,0,0,0,0,,0,0
00-0025470,C.Johnson,Charles Johnson,DE,DL,"https://static.www.nfl.com/image/private/f_auto,q_auto/league/ymhie4lk7pifrufdoy9w",2007,REG,CAR,1,0,0,0,0,0,0,0,0,0,0,0,0,,,0,,0,0,0,0,0,0,,0,0,0,0,0,0,0,0,0,0,,0,,0,0,0,0,1,0,1,0,0,0,0,0,0,0,0,0,0,0,0,0,0,0,0,0,0,0,0,0,0,0,0,0,0,0,0,,,0,0,0,0,0,0,0,0,0,0,0,0,,,,0,0,0,0,0,0,0,,0,0,0,0,,0,0
00-0025471,J.Wade,Jonathan Wade,DB,DB,"https://static.www.nfl.com/image/private/f_auto,q_auto/league/ebafywiuxaoelkbjx6t3",2007,REG,LA,11,0,0,0,0,0,0,0,0,0,0,0,0,,,0,,0,0,0,0,0,0,,0,0,0,0,0,0,0,0,0,0,,0,,,0,,0,19,4,1,0,0,0,0,0,0,1,2,1,0,0,0,0,0,0,0,0,0,2,13,0,0,1,19,0,0,0,0,,,0,0,0,0,0,0,0,0,0,0,0,0,,,,0,0,0,0,0,0,0,,0,0,0,0,,0,0
00-0025472,B.Mebane,Brandon Mebane,DT,DL,"https://static.www.nfl.com/image/private/f_auto,q_auto/league/odajsobuczo0mvyzczsi",2007,REG+POST,SEA,15,0,0,0,0,0,0,0,0,0,0,0,0,,,0,,0,0,0,0,0,0,,0,0,0,0,0,0,0,0,0,0,,0,,0,0,0,0,22,5,8,0,0,0,2,11,2,0,0,0,0,0,0,0,1,1,1,1,0,0,0,0,0,0,0,0,0,0,0,,,0,0,0,0,0,0,0,0,0,0,0,0,,,,0,0,0,0,0,0,0,,0,0,0,0,,0,0
00-0025473,M.Yanda,Marshal Yanda,G,OL,"https://static.www.nfl.com/image/private/f_auto,q_auto/league/o2ug1uahjw1wfk4r0c2v",2007,REG,BAL,4,0,0,0,0,0,0,0,0,0,0,0,0,,,0,,0,0,0,0,0,0,,0,0,0,0,0,0,0,0,0,0,,0,,,0,,0,1,0,0,0,0,0,0,0,0,0,0,0,0,0,0,0,0,0,0,0,0,5,35,0,0,0,0,0,0,0,0,,,0,0,0,0,0,0,0,0,0,0,0,0,,,,0,0,0,0,0,0,0,,0,0,0,0,,0,0
00-0025474,S.Bradley,Stewart Bradley,LB,LB,"https://static.www.nfl.com/image/private/f_auto,q_auto/league/yeumukdguu5tt7enfbmw",2007,REG,PHI,8,0,0,0,0,0,0,0,0,0,0,0,0,,,0,,0,0,0,0,0,0,,0,0,0,0,0,0,0,0,0,0,,0,,0,0,0,0,10,4,4,0,0,0,1,8,1,1,13,1,0,0,0,0,0,0,0,0,0,2,24,0,0,0,0,0,0,0,0,,,0,0,0,0,0,0,0,0,0,0,0,0,,,,0,0,0,0,0,0,0,,0,0,0,0,,0,0
00-0025476,A.Rouse,Aaron Rouse,FS,DB,"https://static.www.nfl.com/image/private/f_auto,q_auto/league/jr3u8ukpquskqevozvpu",2007,REG+POST,GB,11,0,0,0,0,0,0,0,0,0,0,0,0,,,0,,0,0,0,0,0,0,,0,0,0,0,0,0,0,0,0,0,,0,,0,0,0,0,22,3,3,0,0,0,0,0,0,2,37,4,0,0,0,0,0,0,0,0,0,2,19,0,0,0,0,0,0,0,0,,,0,0,0,0,0,0,0,0,0,0,0,0,,,,0,0,0,0,0,0,0,,0,0,0,0,,0,0
00-0025477,T.Hunt,Tony Hunt,RB,RB,"https://static.www.nfl.com/image/private/f_auto,q_auto/league/mvrdy2fe7hxfovinzfh2",2007,REG,PHI,5,0,0,0,0,0,0,0,0,0,0,0,0,,,0,,10,16,1,0,0,5,-0.40516513469629,0,0,0,0,0,0,0,0,0,0,,0,,0,0,0,0,0,0,0,0,0,0,0,0,0,0,0,0,0,0,0,0,1,1,0,0,0,0,0,0,0,0,0,0,0,0,0,,,0,0,0,0,0,0,0,0,0,0,0,0,,,,0,0,0,0,0,0,0,,0,0,0,0,,7.6,7.6
00-0025479,T.Edwards,Trent Edwards,QB,QB,"https://static.www.nfl.com/image/private/f_auto,q_auto/league/vfm0tkszemtmfvpstc6j",2007,REG,BUF,10,151,269,1630,7,8,12,-105,3,0,1899,837,81,-41.9233145653312,-3.6452094598334,0,0.858346498156925,14,49,0,1,0,5,1.11056258986355,0,0,0,0,0,0,0,0,0,0,,0,,0,0,0,0,1,0,0,0,0,0,0,0,0,0,0,0,0,0,0,0,1,2,0,0,0,1,10,0,0,0,0,0,0,0,0,,,0,0,0,0,0,0,0,0,0,0,0,0,,,,0,0,0,0,0,0,0,,0,0,0,0,,82.1,82.1
00-0025480,G.Wolfe,Garrett Wolfe,RB,RB,"https://static.www.nfl.com/image/private/f_auto,q_auto/league/glq6igwsbpcxp8jugtsd",2007,REG,CHI,11,0,0,0,0,0,0,0,0,0,0,0,0,,,0,,31,85,0,0,0,4,-8.95137529668864,0,9,0,117,0,1,0,0,133,5,7.85381929833106,0,0,,0,,0,4,1,0,0,0,1,0,0,0,0,0,0,0,0,0,0,0,0,0,0,0,1,10,0,0,1,27,0,0,0,0,,,0,0,0,0,0,0,0,0,0,0,0,0,,,,0,0,0,0,0,0,0,,0,0,0,0,,20.2,29.2
00-0025482,D.Hughes,Dante Hughes,DB,DB,"https://static.www.nfl.com/image/private/f_auto,q_auto/league/eystmljy6a6tae97yjs5",2007,REG,IND,8,0,0,0,0,0,0,0,0,0,0,0,0,,,0,,0,0,0,0,0,0,,0,0,0,0,0,0,0,0,0,0,,0,,,0,,0,10,4,0,0,0,0,0,0,0,0,0,2,0,0,0,0,0,0,0,0,0,0,0,0,0,0,0,0,0,0,0,,,0,0,0,0,0,0,0,0,0,0,0,0,,,,0,0,0,0,0,0,0,,0,0,0,0,,0,0
00-0025484,R.McDonald,Ray McDonald,DE,DL,"https://static.www.nfl.com/image/private/f_auto,q_auto/league/rf8du3clvadsaddx3ifx",2007,REG,SF,3,0,0,0,0,0,0,0,0,0,0,0,0,,,0,,0,0,0,0,0,0,,0,0,0,0,0,0,0,0,0,0,,0,,0,0,0,0,3,0,0,0,0,0,1,6,2,0,0,0,0,0,0,0,0,0,0,0,0,2,9,0,0,0,0,0,0,0,0,,,0,0,0,0,0,0,0,0,0,0,0,0,,,,0,0,0,0,0,0,0,,0,0,0,0,,0,0
00-0025485,Q.Pitcock,Quinn Pitcock,DT,DL,"https://static.www.nfl.com/image/private/f_auto,q_auto/league/xeolc6j4ytuw5oqazuew",2007,REG+POST,IND,9,0,0,0,0,0,0,0,0,0,0,0,0,,,0,,0,0,0,0,0,0,,0,0,0,0,0,0,0,0,0,0,,0,,,0,,0,11,5,4,0,0,0,2,11,3,0,0,0,0,0,0,0,0,0,0,0,0,1,5,0,0,0,0,0,0,0,0,,,0,0,0,0,0,0,0,0,0,0,0,0,,,,0,0,0,0,0,0,0,,0,0,0,0,,0,0
00-0025486,J.Higgins,Johnnie Lee Higgins,WR,WR,"https://static.www.nfl.com/image/private/f_auto,q_auto/league/i10irrdawfkchgeqkkeb",2007,REG,LV,13,0,0,0,0,0,0,0,0,0,0,0,0,,,0,,2,3,0,0,0,0,-0.709052757127211,0,6,0,48,0,0,0,0,2,2,1.42122937971726,0,0,,0,,0,5,0,0,0,0,0,0,0,0,0,0,0,0,5,0,0,0,0,0,0,0,0,0,20,103,0,0,0,0,0,0,,,0,0,0,0,0,0,0,0,0,0,0,0,,,,0,0,0,0,0,0,0,,0,0,0,0,,5.1,11.1
00-0025488,A.Podlesh,Adam Podlesh,P,SPEC,"https://static.www.nfl.com/image/private/f_auto,q_auto/league/x0e297yhvswis55exynx",2007,REG+POST,JAX,16,0,0,0,0,0,0,0,0,0,0,0,0,,,0,,2,-2,0,1,1,1,-7.43781276675873,0,0,0,0,0,0,0,0,0,0,,0,,,0,,0,0,0,0,0,0,0,0,0,0,0,0,0,0,0,0,0,0,1,0,0,0,0,0,0,0,0,0,0,0,0,0,,,0,0,0,0,0,0,0,0,0,0,0,0,,,,0,0,0,0,0,0,0,,0,0,0,0,,-2.2,-2.2
00-0025489,B.Robison,Brian Robison,DE,DL,"https://static.www.nfl.com/image/private/f_auto,q_auto/league/ny17f80f3gd3kikvkllk",2007,REG,MIN,10,0,0,0,0,0,0,0,0,0,0,0,0,,,0,,0,0,0,0,0,0,,0,0,0,0,0,0,0,0,0,0,,0,,,0,,0,18,2,5,0,0,1,5,30,4,0,0,0,0,0,0,0,0,0,0,0,0,0,0,0,0,0,0,0,0,0,0,,,0,0,0,0,0,0,0,0,0,0,0,0,,,,0,0,0,0,0,0,0,,0,0,0,0,,0,0
00-0025490,I.Stanback,Isaiah Stanback,WR,WR,"https://static.www.nfl.com/image/private/f_auto,q_auto/league/rdqskdxoh5uhlerfpqsa",2007,REG,DAL,1,0,0,0,0,0,0,0,0,0,0,0,0,,,0,,0,0,0,0,0,0,,0,0,0,0,0,0,0,0,0,0,,0,,,0,,0,0,0,0,0,0,0,0,0,0,0,0,0,0,0,0,0,0,0,0,0,0,0,0,0,0,3,78,0,0,0,0,,,0,0,0,0,0,0,0,0,0,0,0,0,,,,0,0,0,0,0,0,0,,0,0,0,0,,0,0
00-0025493,T.Jackson,Tanard Jackson,DB,DB,"https://static.www.nfl.com/image/private/f_auto,q_auto/league/h4pltb1uca8u3azmcuwf",2007,REG+POST,TB,17,0,0,0,0,0,0,0,0,0,0,0,0,,,0,,0,0,0,0,0,0,,0,0,0,0,0,0,0,0,0,0,,0,,0,0,0,0,50,4,3,0,0,1,0,0,0,2,26,14,0,0,0,0,1,1,2,2,0,2,20,0,0,0,0,0,0,0,0,,,0,0,0,0,0,0,0,0,0,0,0,0,,,,0,0,0,0,0,0,0,,0,0,0,0,,0,0
00-0025494,A.Pittman,Antonio Pittman,RB,RB,"https://static.www.nfl.com/image/private/f_auto,q_auto/league/zxutnur563uvnkqythav",2007,REG,LA,10,0,0,0,0,0,0,0,0,0,0,0,0,,,0,,38,139,0,0,0,7,-5.59526891936548,0,3,0,15,0,0,0,0,15,0,-0.734800419071689,0,0,,0,,0,1,0,0,0,0,0,0,0,0,0,0,0,0,0,0,0,0,0,0,0,0,0,0,0,0,0,0,0,0,0,0,,,0,0,0,0,0,0,0,0,0,0,0,0,,,,0,0,0,0,0,0,0,,0,0,0,0,,15.4,18.4
00-0025495,P.Soliai,Paul Soliai,DE,DL,"https://static.www.nfl.com/image/private/f_auto,q_auto/league/l218njutsaqkr4t2ip0f",2007,REG,MIA,3,0,0,0,0,0,0,0,0,0,0,0,0,,,0,,0,0,0,0,0,0,,0,0,0,0,0,0,0,0,0,0,,0,,,0,,0,2,1,0,0,0,0,0,0,0,0,0,0,0,0,0,0,0,0,0,0,0,0,0,0,0,0,0,0,0,0,0,,,0,0,0,0,0,0,0,0,0,0,0,0,,,,0,0,0,0,0,0,0,,0,0,0,0,,0,0
00-0025496,S.Nicholas,Stephen Nicholas,OLB,LB,"https://static.www.nfl.com/image/private/f_auto,q_auto/league/u9xuxpl5o3touplue4ib",2007,REG,ATL,12,0,0,0,0,0,0,0,0,0,0,0,0,,,0,,0,0,0,0,0,0,,0,0,0,0,0,0,0,0,0,0,,0,,0,0,0,0,27,2,4,0,0,0,1,0,1,0,0,0,0,0,0,0,0,0,1,1,0,4,35,0,0,0,0,0,0,0,0,,,0,0,0,0,0,0,0,0,0,0,0,0,,,,0,0,0,0,0,0,0,,0,0,0,0,,0,0
00-0025497,J.Bowie,John Bowie,DB,DB,"https://static.www.nfl.com/image/private/f_auto,q_auto/league/pcjn7ydndmpvtlhiteew",2007,REG,LV,1,0,0,0,0,0,0,0,0,0,0,0,0,,,0,,0,0,0,0,0,0,,0,0,0,0,0,0,0,0,0,0,,0,,,0,,0,1,0,0,0,0,0,0,0,0,0,0,0,0,0,0,0,0,0,0,0,0,0,0,0,0,0,0,0,0,0,0,,,0,0,0,0,0,0,0,0,0,0,0,0,,,,0,0,0,0,0,0,0,,0,0,0,0,,0,0
00-0025498,D.Wright,Dwayne Wright,RB,RB,"https://static.www.nfl.com/image/private/f_auto,q_auto/league/ioknmdz4lzzkrekcejvc",2007,REG,BUF,12,0,0,0,0,0,0,0,0,0,0,0,0,,,0,,29,94,0,0,0,8,-5.88796071673454,0,3,0,17,0,1,1,0,19,1,-7.21311664604582,0,0,0,0,0,0,3,0,0,0,0,0,0,0,0,0,0,0,0,0,0,0,0,0,0,0,0,1,5,0,0,1,0,0,0,0,0,,,0,0,0,0,0,0,0,0,0,0,0,0,,,,0,0,0,0,0,0,0,,0,0,0,0,,9.1,12.1
00-0025499,D.Sepulveda,Daniel Sepulveda,P,SPEC,"https://static.www.nfl.com/image/private/f_auto,q_auto/league/zrhsrrvmj9zvvhwfs8ra",2007,REG+POST,PIT,17,1,1,32,0,0,0,0,0,0,9,23,1,5.25559338764288,32.5275540351868,0,3.55555555555556,0,0,0,0,0,0,,0,0,0,0,0,0,0,0,0,0,,0,,,0,,0,1,0,0,0,0,0,0,0,0,0,0,0,0,0,0,0,0,0,0,0,0,0,0,0,0,1,0,0,0,0,0,,,0,0,0,0,0,0,0,0,0,0,0,0,,,,0,0,0,0,0,0,0,,0,0,0,0,,1.28,1.28
00-0025501,M.White,Marvin White,DB,DB,"https://static.www.nfl.com/image/private/f_auto,q_auto/league/sgjyrkhhdorov8akhes8",2007,REG,CIN,10,0,0,0,0,0,0,0,0,0,0,0,0,,,0,,0,0,0,0,0,0,,0,0,0,0,0,0,0,0,0,0,,0,,,0,,0,14,1,5,0,0,0,0,0,0,0,0,4,0,0,0,0,0,0,1,1,0,2,20,0,0,0,0,0,0,0,0,,,0,0,0,0,0,0,0,0,0,0,0,0,,,,0,0,0,0,0,0,0,,0,0,0,0,,0,0
00-0025502,L.Harris,Leroy Harris,C,OL,"https://static.www.nfl.com/image/private/f_auto,q_auto/league/qg4f6uwyqlmrwjwcbndo",2007,REG,TEN,1,0,0,0,0,0,0,0,0,0,0,0,0,,,0,,0,0,0,0,0,0,,0,0,0,0,0,0,0,0,0,0,,0,,,0,,0,0,0,0,0,0,0,0,0,0,0,0,0,0,0,0,0,0,0,0,0,0,1,10,0,0,0,0,0,0,0,0,,,0,0,0,0,0,0,0,0,0,0,0,0,,,,0,0,0,0,0,0,0,,0,0,0,0,,0,0
00-0025503,Z.DeOssie,Zak DeOssie,LS,SPEC,"https://static.www.nfl.com/image/private/f_auto,q_auto/league/jfeouc6i51hitnjpw68u",2007,REG+POST,NYG,11,0,0,0,0,0,0,0,0,0,0,0,0,,,0,,0,0,0,0,0,0,,0,0,0,0,0,0,0,0,0,0,,0,,0,0,0,0,10,2,0,0,0,0,0,0,0,0,0,0,0,0,0,0,0,0,0,0,0,1,5,0,0,0,0,0,0,0,0,,,0,0,0,0,0,0,0,0,0,0,0,0,,,,0,0,0,0,0,0,0,,0,0,0,0,,0,0
00-0025505,R.Robinson,Ryne Robinson,WR,WR,"https://static.www.nfl.com/image/private/f_auto,q_auto/league/aod9k5aeuqlbzgf7ck7c",2007,REG,CAR,15,0,0,0,0,0,0,0,0,0,0,0,0,,,0,,0,0,0,0,0,0,,0,4,0,35,0,0,0,0,17,2,3.13780708805353,0,0,0,0,0,0,1,0,0,0,0,0,0,0,0,0,0,0,0,2,0,0,0,0,0,0,0,0,0,30,262,26,598,0,0,0,0,,,0,0,0,0,0,0,0,0,0,0,0,0,,,,0,0,0,0,0,0,0,,0,0,0,0,,3.5,7.5
00-0025507,B.Atkins,Baraka Atkins,DE,DL,"https://static.www.nfl.com/image/private/f_auto,q_auto/league/vasotf3ilvjdymtmpeqb",2007,REG,SEA,7,0,0,0,0,0,0,0,0,0,0,0,0,,,0,,0,0,0,0,0,0,,0,0,0,0,0,0,0,0,0,0,,0,,0,0,0,0,4,1,6,0,0,0,0,0,1,0,0,1,0,0,0,0,0,0,1,1,0,0,0,0,0,0,0,0,0,0,0,,,0,0,0,0,0,0,0,0,0,0,0,0,,,,0,0,0,0,0,0,0,,0,0,0,0,,0,0
00-0025508,M.Thomas,Marcus Thomas,DT,DL,"https://static.www.nfl.com/image/private/f_auto,q_auto/league/usbcpbt02r9edgy0wkqx",2007,REG,DEN,13,0,0,0,0,0,0,0,0,0,0,0,0,,,0,,0,0,0,0,0,0,,0,0,0,0,0,0,0,0,0,0,,0,,,0,,0,11,3,5,0,0,1,0,0,0,1,-2,1,0,0,0,0,0,0,1,1,0,0,0,0,0,0,0,0,0,0,0,,,0,0,0,0,0,0,0,0,0,0,0,0,,,,0,0,0,0,0,0,0,,0,0,0,0,,0,0
00-0025510,F.Bennett,Fred Bennett,DB,DB,"https://static.www.nfl.com/image/private/f_auto,q_auto/league/qyu3pkp7vsgzabdzw1dx",2007,REG,HOU,12,0,0,0,0,0,0,0,0,0,0,0,0,,,0,,0,0,0,0,0,0,,0,0,0,0,0,0,0,0,0,0,,0,,0,0,0,0,37,17,8,0,0,2,0,0,1,3,47,14,0,0,0,9,0,0,0,0,0,0,0,0,0,0,0,0,0,0,0,,,0,0,0,0,0,0,0,0,0,0,0,0,,,,0,0,0,0,0,0,0,,0,0,0,0,,0,0
00-0025513,D.Goldson,Dashon Goldson,DB,DB,"https://static.www.nfl.com/image/private/f_auto,q_auto/league/wkw6tgmp3xngaiqhe44h",2007,REG,SF,6,0,0,0,0,0,0,0,0,0,0,0,0,,,0,,0,0,0,0,0,0,,0,0,0,0,0,0,0,0,0,0,,0,,0,0,0,0,9,4,3,0,0,1,0,0,0,0,0,2,0,0,0,0,0,0,0,0,0,1,15,0,0,0,0,0,0,0,0,,,0,0,0,0,0,0,0,0,0,0,0,0,,,,0,0,0,0,0,0,0,,0,0,0,0,,0,0
00-0025515,Ch.Davis,Chris Davis,WR,WR,"https://static.www.nfl.com/image/private/f_auto,q_auto/league/jnzku6fdrld9utiwkgry",2007,REG+POST,TEN,13,0,0,0,0,0,0,0,0,0,0,0,0,,,0,,3,30,0,0,0,2,1.73353066807613,0,7,0,49,0,1,1,0,23,2,-1.68278260983061,0,0,,0,,0,2,0,0,0,0,0,0,0,0,0,0,0,0,6,0,0,2,2,0,0,0,0,0,33,308,2,37,0,0,0,0,,,0,0,0,0,0,0,0,0,0,0,0,0,,,,0,0,0,0,0,0,0,,0,0,0,0,,5.9,12.9
00-0025518,B.Condren,Brannon Condren,DB,DB,"https://static.www.nfl.com/image/private/f_auto,q_auto/league/bjza2vu7iglslovllcjt",2007,REG,IND,4,0,0,0,0,0,0,0,0,0,0,0,0,,,0,,0,0,0,0,0,0,,0,0,0,0,0,0,0,0,0,0,,0,,,0,,0,3,0,2,0,0,0,0,0,0,0,0,0,0,0,0,0,0,0,0,0,0,2,20,0,0,0,0,0,0,0,0,,,0,0,0,0,0,0,0,0,0,0,0,0,,,,0,0,0,0,0,0,0,,0,0,0,0,,0,0
00-0025520,M.Milner,Martrez Milner,TE,TE,"https://static.www.nfl.com/image/private/f_auto,q_auto/league/igjnoo3hkcoej4eqfl8x",2007,REG,ATL,6,0,0,0,0,0,0,0,0,0,0,0,0,,,0,,0,0,0,0,0,0,,0,9,0,50,0,0,0,0,25,2,1.24887569769793,0,0,0,0,0,0,0,0,0,0,0,0,0,0,0,0,0,0,0,0,0,0,0,0,0,0,0,2,12,0,0,0,0,0,0,0,0,,,0,0,0,0,0,0,0,0,0,0,0,0,,,,0,0,0,0,0,0,0,,0,0,0,0,,5,14
00-0025521,A.Barnes,Antwan Barnes,LB,LB,"https://static.www.nfl.com/image/private/f_auto,q_auto/league/dk8o27yvrpsubhzdiwg9",2007,REG,BAL,8,0,0,0,0,0,0,0,0,0,0,0,0,,,0,,0,0,0,0,0,0,,0,0,0,0,0,0,0,0,0,0,,0,,,0,,0,8,2,0,0,0,1,2,20,6,0,0,0,0,0,0,0,0,0,0,0,0,2,20,0,0,0,0,0,0,0,0,,,0,0,0,0,0,0,0,0,0,0,0,0,,,,0,0,0,0,0,0,0,,0,0,0,0,,0,0
00-0025523,C.Session,Clint Session,LB,LB,"https://static.www.nfl.com/image/private/f_auto,q_auto/league/e1fpapi5vpnazvgy788y",2007,REG,IND,9,0,0,0,0,0,0,0,0,0,0,0,0,,,0,,0,0,0,0,0,0,,0,0,0,0,0,0,0,0,0,0,,0,,,0,,0,14,5,7,0,0,1,0,0,0,2,3,2,0,0,0,0,0,0,0,0,0,1,5,0,0,0,0,0,0,0,0,,,0,0,0,0,0,0,0,0,0,0,0,0,,,,0,0,0,0,0,0,0,,0,0,0,0,,0,0
00-0025524,L.McClain,Le'Ron McClain,FB,RB,"https://static.www.nfl.com/image/private/f_auto,q_auto/league/ygt99dtmdeqkxq2unfbh",2007,REG,BAL,13,0,0,0,0,0,0,0,0,0,0,0,0,,,0,,8,18,0,0,0,2,-2.24370563792763,0,9,0,55,1,1,1,0,54,1,-0.815260615432635,0,0,,0,,0,3,0,0,0,0,0,0,0,0,0,0,0,0,0,0,0,1,1,0,0,0,4,35,0,0,0,0,0,0,0,0,,,0,0,0,0,0,0,0,0,0,0,0,0,,,,0,0,0,0,0,0,0,,0,0,0,0,,11.3,20.3
00-0025525,J.Richardson,Jay Richardson,LB,LB,"https://static.www.nfl.com/image/private/f_auto,q_auto/league/jsn4mpixfes1gmcnsvfp",2007,REG,LV,15,0,0,0,0,0,0,0,0,0,0,0,0,,,0,,0,0,0,0,0,0,,0,0,0,0,0,0,0,0,0,0,,0,,,0,,0,17,8,8,0,0,0,1,8,1,0,0,1,0,0,0,0,0,0,0,0,0,2,30,0,0,0,0,0,0,0,0,,,0,0,0,0,0,0,0,0,0,0,0,0,,,,0,0,0,0,0,0,0,,0,0,0,0,,0,0
00-0025527,B.McDonald,Brandon McDonald,DB,DB,"https://static.www.nfl.com/image/private/f_auto,q_auto/league/gaihsousc3dyr8xgodha",2007,REG,CLE,9,0,0,0,0,0,0,0,0,0,0,0,0,,,0,,0,0,0,0,0,0,,0,0,0,0,0,0,0,0,0,0,,0,,0,0,0,0,17,2,5,0,0,0,0,0,0,2,0,10,0,0,0,0,0,0,0,0,0,0,0,0,0,0,0,0,0,0,0,,,0,0,0,0,0,0,0,0,0,0,0,0,,,,0,0,0,0,0,0,0,,0,0,0,0,,0,0
00-0025528,G.Peterson,Greg Peterson,DT,DL,"https://static.www.nfl.com/image/private/f_auto,q_auto/league/jgflynsyjmgl2l06szbw",2007,REG,TB,5,0,0,0,0,0,0,0,0,0,0,0,0,,,0,,0,0,0,0,0,0,,0,0,0,0,0,0,0,0,0,0,,0,,0,0,0,0,11,0,3,0,0,0,1.5,9.5,3,0,0,0,0,0,0,0,0,0,1,1,0,0,0,0,0,0,0,0,0,0,0,,,0,0,0,0,0,0,0,0,0,0,0,0,,,,0,0,0,0,0,0,0,,0,0,0,0,,0,0
00-0025529,S.Breaston,Steve Breaston,WR,WR,"https://static.www.nfl.com/image/private/f_auto,q_auto/league/cozv5t87e6m17icz7dqk",2007,REG,ARI,16,0,0,0,0,0,0,0,0,0,0,0,0,,,0,,2,8,0,0,0,1,-0.952755143515163,0,8,0,92,0,0,0,0,37,3,7.12628160646367,0,0,,0,,1,1,0,0,0,0,0,0,0,0,0,0,0,0,0,0,0,0,0,0,0,0,0,0,41,385,61,1372,0,0,0,0,,,0,0,0,0,0,0,0,0,0,0,0,0,,,,0,0,0,0,0,0,0,,0,0,0,0,,16,24
00-0025532,Da.Jones,David Jones,DB,DB,"https://static.www.nfl.com/image/private/f_auto,q_auto/league/wjrkb0sdxfommbq8m7zr",2007,REG,CIN,2,0,0,0,0,0,0,0,0,0,0,0,0,,,0,,0,0,0,0,0,0,,0,0,0,0,0,0,0,0,0,0,,0,,,0,,0,2,0,0,0,0,0,0,0,0,0,0,0,0,0,0,0,0,0,0,0,0,0,0,0,0,0,0,0,0,0,0,,,0,0,0,0,0,0,0,0,0,0,0,0,,,,0,0,0,0,0,0,0,,0,0,0,0,,0,0
00-0025533,A.Allison,Aundrae Allison,WR,WR,"https://static.www.nfl.com/image/private/f_auto,q_auto/league/qrxwqugp1ezy82nztsve",2007,REG,MIN,10,0,0,0,0,0,0,0,0,0,0,0,0,,,0,,2,3,0,0,0,0,-0.7050626790151,0,8,0,113,0,1,1,0,48,5,3.00449185963953,0,0,,0,,1,1,0,0,0,0,0,0,0,0,0,0,0,0,0,0,0,0,0,0,0,0,0,0,0,0,20,573,0,0,0,0,,,0,0,0,0,0,0,0,0,0,0,0,0,,,,0,0,0,0,0,0,0,,0,0,0,0,,15.6,23.6
00-0025534,T.Brown,Tarell Brown,CB,DB,"https://static.www.nfl.com/image/private/f_auto,q_auto/league/dwqz9dzvnyjwudkhexb1",2007,REG,SF,2,0,0,0,0,0,0,0,0,0,0,0,0,,,0,,0,0,0,0,0,0,,0,0,0,0,0,0,0,0,0,0,,0,,0,0,0,0,1,0,1,0,0,0,0,0,0,0,0,0,0,0,0,0,0,0,0,0,0,0,0,0,0,0,0,0,0,0,0,,,0,0,0,0,0,0,0,0,0,0,0,0,,,,0,0,0,0,0,0,0,,0,0,0,0,,0,0
00-0025535,K.Smith,Kolby Smith,RB,RB,"https://static.www.nfl.com/image/private/f_auto,q_auto/league/lyxzn4kftvzgedrhvbsp",2007,REG,KC,11,0,0,0,0,0,0,0,0,0,0,0,0,,,0,,112,407,2,0,0,26,-4.49257051886525,0,22,0,148,0,0,0,0,154,7,-0.0133951863390394,0,0,,0,,0,3,0,0,0,0,0,0,0,0,0,0,0,0,0,0,0,0,0,0,0,0,1,10,0,0,0,0,0,0,0,0,,,0,0,0,0,0,0,0,0,0,0,0,0,,,,0,0,0,0,0,0,0,,0,0,0,0,,67.5,89.5
00-0025536,U.Nwaneri,Uche Nwaneri,G,OL,"https://static.www.nfl.com/image/private/f_auto,q_auto/league/ihigy0ogfv0yacwkxxs8",2007,REG,JAX,1,0,0,0,0,0,0,0,0,0,0,0,0,,,0,,0,0,0,0,0,0,,0,0,0,0,0,0,0,0,0,0,,0,,,0,,0,0,0,0,0,0,0,0,0,0,0,0,0,0,0,0,0,0,0,0,0,0,1,5,0,0,0,0,0,0,0,0,,,0,0,0,0,0,0,0,0,0,0,0,0,,,,0,0,0,0,0,0,0,,0,0,0,0,,0,0
00-0025537,J.Gattis,Josh Gattis,SAF,DB,"https://static.www.nfl.com/image/private/f_auto,q_auto/league/rwp50x7ckdfjg429azy4",2007,REG,CHI,2,0,0,0,0,0,0,0,0,0,0,0,0,,,0,,0,0,0,0,0,0,,0,0,0,0,0,0,0,0,0,0,,0,,,0,,0,1,0,0,0,0,0,0,0,0,0,0,0,0,0,0,0,0,0,0,0,0,1,10,0,0,0,0,0,0,0,0,,,0,0,0,0,0,0,0,0,0,0,0,0,,,,0,0,0,0,0,0,0,,0,0,0,0,,0,0
00-0025540,K.Boss,Kevin Boss,TE,TE,"https://static.www.nfl.com/image/private/f_auto,q_auto/league/svybmltx1c4rb3qwb8ki",2007,REG+POST,NYG,11,0,0,0,0,0,0,0,0,0,0,0,0,,,0,,0,0,0,0,0,0,,0,14,0,208,2,0,0,0,71,12,17.6202321503661,0,0,0,0,0,0,1,0,0,0,0,0,0,0,0,0,0,0,0,0,0,0,2,2,0,0,0,2,15,0,0,0,0,0,0,0,0,,,0,0,0,0,0,0,0,0,0,0,0,0,,,,0,0,0,0,0,0,0,,0,0,0,0,,32.8,46.8
00-0025541,C.Ryan,Clifton Ryan,DT,DL,"https://static.www.nfl.com/image/private/f_auto,q_auto/league/oya38moqcbngidh4h366",2007,REG,LA,11,0,0,0,0,0,0,0,0,0,0,0,0,,,0,,0,0,0,0,0,0,,0,0,0,0,0,0,0,0,0,0,,0,,,0,,0,19,5,6,0,0,3,2,11,2,0,0,0,0,0,0,0,0,0,1,1,0,3,25,0,0,0,0,0,0,0,0,,,0,0,0,0,0,0,0,0,0,0,0,0,,,,0,0,0,0,0,0,0,,0,0,0,0,,0,0
00-0025542,D.Rosario,Dante Rosario,TE,TE,"https://static.www.nfl.com/image/private/f_auto,q_auto/league/soq9rrcsvdsvwygnz7ih",2007,REG,CAR,9,0,0,0,0,0,0,0,0,0,0,0,0,,,0,,0,0,0,0,0,0,,0,6,0,108,2,0,0,0,36,5,11.5002538440749,0,0,0,0,0,0,4,1,0,0,0,0,0,0,0,0,0,0,0,0,0,0,0,0,1,1,0,0,0,0,0,2,39,0,0,0,0,,,0,0,0,0,0,0,0,0,0,0,0,0,,,,0,0,0,0,0,0,0,,0,0,0,0,,22.8,28.8
00-0025545,J.Baldwin,Johnny Baldwin,LB,LB,"https://static.www.nfl.com/image/private/f_auto,q_auto/league/fdpcpbxiwlfluoqdr36t",2007,REG,KC,2,0,0,0,0,0,0,0,0,0,0,0,0,,,0,,0,0,0,0,0,0,,0,0,0,0,0,0,0,0,0,0,,0,,,0,,0,1,1,1,0,0,0,0,0,0,0,0,0,0,0,0,0,0,0,0,0,0,0,0,0,0,0,0,0,0,0,0,,,0,0,0,0,0,0,0,0,0,0,0,0,,,,0,0,0,0,0,0,0,,0,0,0,0,,0,0
00-0025547,J.Medlock,Justin Medlock,K,SPEC,"https://static.www.nfl.com/image/private/f_auto,q_auto/league/fjsbbza86b5eahm9cic9",2007,REG,KC,1,0,0,0,0,0,0,0,0,0,0,0,0,,,0,,0,0,0,0,0,0,,0,0,0,0,0,0,0,0,0,0,,0,,,0,,0,0,0,0,0,0,0,0,0,0,0,0,0,0,0,0,0,0,0,0,0,0,0,0,0,0,0,0,1,2,1,0,27,0.5,0,1,0,0,0,0,0,0,1,0,0,0,27,30,,27,30,0,0,0,0,0,,0,0,0,0,,0,0
00-0025548,W.Herring,Will Herring,LB,LB,"https://static.www.nfl.com/image/private/f_auto,q_auto/league/bponnvfbzupdxf70rhnd",2007,REG+POST,SEA,11,0,0,0,0,0,0,0,0,0,0,0,0,,,0,,0,0,0,0,0,0,,0,0,0,0,0,0,0,0,0,0,,0,,0,0,0,0,9,2,5,0,0,0,0,0,0,0,0,0,0,0,0,0,0,0,0,0,0,0,0,0,0,0,0,0,0,0,0,,,0,0,0,0,0,0,0,0,0,0,0,0,,,,0,0,0,0,0,0,0,,0,0,0,0,,0,0
00-0025549,B.Celek,Brent Celek,TE,TE,"https://static.www.nfl.com/image/private/f_auto,q_auto/league/mit6ahic4gkdhy1hkejt",2007,REG,PHI,10,0,0,0,0,0,0,0,0,0,0,0,0,,,0,,0,0,0,0,0,0,,0,16,0,178,1,0,0,0,72,10,16.0061520161107,0,0,0,0,0,0,3,0,1,0,0,0,0,0,0,0,0,0,0,0,0,0,1,1,0,0,0,2,15,0,0,0,0,0,0,0,0,,,0,0,0,0,0,0,0,0,0,0,0,0,,,,0,0,0,0,0,0,0,,0,0,0,0,,23.8,39.8
00-0025551,T.Shaw,Tim Shaw,MLB,LB,"https://static.www.nfl.com/image/private/f_auto,q_auto/league/c01jipxpren4uztohmp8",2007,REG,CAR,10,0,0,0,0,0,0,0,0,0,0,0,0,,,0,,0,0,0,0,0,0,,0,0,0,0,0,0,0,0,0,0,,0,,0,0,0,0,12,0,2,0,0,0,0,0,0,0,0,0,0,0,0,0,0,0,0,0,0,1,10,0,0,0,0,0,0,0,0,,,0,0,0,0,0,0,0,0,0,0,0,0,,,,0,0,0,0,0,0,0,,0,0,0,0,,0,0
00-0025552,E.Frampton,Eric Frampton,S,DB,"https://static.www.nfl.com/image/private/f_auto,q_auto/league/h9g1yzspfbukgcfidxli",2007,REG,MIN,10,0,0,0,0,0,0,0,0,0,0,0,0,,,0,,0,0,0,0,0,0,,0,0,0,0,0,0,0,0,0,0,,0,,,0,,0,12,0,2,0,0,0,0,0,0,0,0,0,0,0,0,0,0,0,0,0,0,1,10,0,0,0,0,0,0,0,0,,,0,0,0,0,0,0,0,0,0,0,0,0,,,,0,0,0,0,0,0,0,,0,0,0,0,,0,0
00-0025553,D.Landri,Derek Landri,DT,DL,"https://static.www.nfl.com/image/private/f_auto,q_auto/league/rv4txdjsiiswwlefdqeq",2007,REG+POST,JAX,11,0,0,0,0,0,0,0,0,0,0,0,0,,,0,,0,0,0,0,0,0,,0,0,0,0,0,0,0,0,0,0,,0,,,0,,0,8,3,2,0,0,0,1,3,5,1,3,1,0,0,0,0,0,0,1,1,0,3,25,0,0,1,0,0,0,0,0,,,0,0,0,0,0,0,0,0,0,0,0,0,,,,0,0,0,0,0,0,0,,0,0,0,0,,0,0
00-0025554,K.Payne,Kevin Payne,FS,DB,"https://static.www.nfl.com/image/private/f_auto,q_auto/league/d7gn4wmzhdpgr88d92dq",2007,REG,CHI,1,0,0,0,0,0,0,0,0,0,0,0,0,,,0,,0,0,0,0,0,0,,0,0,0,0,0,0,0,0,0,0,,0,,,0,,0,1,0,1,0,0,0,0,0,0,0,0,0,0,0,0,0,0,0,0,0,0,0,0,0,0,0,0,0,0,0,0,,,0,0,0,0,0,0,0,0,0,0,0,0,,,,0,0,0,0,0,0,0,,0,0,0,0,,0,0
00-0025555,C.Graham,Corey Graham,FS,DB,"https://static.www.nfl.com/image/private/f_auto,q_auto/league/xay4nrpgnss2wevzwvw3",2007,REG,CHI,12,0,0,0,0,0,0,0,0,0,0,0,0,,,0,,0,0,0,0,0,0,,0,0,0,0,0,0,0,0,0,0,,0,,,0,,1,12,1,2,0,0,0,0,0,0,0,0,0,0,0,0,7,0,0,0,0,0,3,25,0,0,0,0,0,0,0,0,,,0,0,0,0,0,0,0,0,0,0,0,0,,,,0,0,0,0,0,0,0,,0,0,0,0,,6,6
00-0025556,R.Hall,Roy Hall,WR,WR,"https://static.www.nfl.com/image/private/f_auto,q_auto/league/s4cibfoqoidbamltcimr",2007,REG,IND,2,0,0,0,0,0,0,0,0,0,0,0,0,,,0,,0,0,0,0,0,0,,0,0,0,0,0,0,0,0,0,0,,0,,,0,,0,2,0,0,0,0,0,0,0,0,0,0,0,0,0,0,0,0,0,0,0,0,0,0,0,0,0,0,0,0,0,0,,,0,0,0,0,0,0,0,0,0,0,0,0,,,,0,0,0,0,0,0,0,,0,0,0,0,,0,0
00-0025557,W.Gay,William Gay,FS,DB,"https://static.www.nfl.com/image/private/f_auto,q_auto/league/fcsqfz4tqxk95aqcixsk",2007,REG,PIT,12,0,0,0,0,0,0,0,0,0,0,0,0,,,0,,0,0,0,0,0,0,,0,0,0,0,0,0,0,0,0,0,,0,,,0,,0,12,1,6,0,0,0,0,0,0,0,0,2,0,1,0,0,0,0,1,1,0,3,21,1,0,0,0,0,0,0,0,,,0,0,0,0,0,0,0,0,0,0,0,0,,,,0,0,0,0,0,0,0,,0,0,0,0,,0,0
00-0025559,L.Naanee,Legedu Naanee,WR,WR,"https://static.www.nfl.com/image/private/f_auto,q_auto/league/oxcw8smfodgos0ygmmjn",2007,REG+POST,LAC,9,0,0,0,0,0,0,0,0,0,0,0,0,,,0,,0,0,0,0,0,0,,0,9,0,96,0,0,0,0,82,5,8.66645480442094,0,0,,0,,0,3,1,2,0,0,0,0,0,0,0,0,0,0,0,0,0,0,0,0,0,0,1,5,0,0,0,0,0,0,0,0,,,0,0,0,0,0,0,0,0,0,0,0,0,,,,0,0,0,0,0,0,0,,0,0,0,0,,9.6,18.6
00-0025560,M.Coe,Michael Coe,CB,DB,"https://static.www.nfl.com/image/private/f_auto,q_auto/league/f42ii0edocqg1fmcv7s9",2007,REG,IND,4,0,0,0,0,0,0,0,0,0,0,0,0,,,0,,0,0,0,0,0,0,,0,0,0,0,0,0,0,0,0,0,,0,,,0,,0,6,2,2,0,0,0,0,0,0,0,0,1,0,0,0,0,0,0,1,1,0,1,37,0,0,0,0,0,0,0,0,,,0,0,0,0,0,0,0,0,0,0,0,0,,,,0,0,0,0,0,0,0,,0,0,0,0,,0,0
00-0025561,T.Smith,Troy Smith,QB,QB,"https://static.www.nfl.com/image/private/f_auto,q_auto/league/of29l0d8dptqlagnvmhl",2007,REG,BAL,4,40,76,452,2,0,4,-29,1,1,752,172,25,5.14282785268389,-6.49074209879522,0,0.601063829787234,12,54,1,2,1,7,0.593830477603474,0,0,0,0,0,0,0,0,0,0,,0,,,0,,0,1,0,0,0,0,0,0,0,0,0,0,0,0,0,0,0,1,2,0,0,0,1,5,0,0,0,0,0,0,0,0,,,0,0,0,0,0,0,0,0,0,0,0,0,,,,0,0,0,0,0,0,0,,0,0,0,0,,33.48,33.48
00-0025562,O.O'Neal,Oren O'Neal,FB,RB,"https://static.www.nfl.com/image/private/f_auto,q_auto/league/niadjdfhh2xfyannqg7n",2007,REG,LV,4,0,0,0,0,0,0,0,0,0,0,0,0,,,0,,0,0,0,0,0,0,,0,1,0,1,0,0,0,0,3,0,-0.482974898768589,0,0,,0,,0,3,0,0,0,0,0,0,0,0,0,0,0,0,0,0,0,0,0,0,0,0,2,18,0,0,0,0,0,0,0,0,,,0,0,0,0,0,0,0,0,0,0,0,0,,,,0,0,0,0,0,0,0,,0,0,0,0,,0.1,1.1
00-0025565,N.Folk,Nick Folk,K,SPEC,"https://static.www.nfl.com/image/upload/f_auto,q_auto/league/qcfiv2cc7ky37yq9iklp",2007,REG+POST,DAL,17,0,0,0,0,0,0,0,0,0,0,0,0,,,0,,0,0,0,0,0,0,,0,0,0,0,0,0,0,0,0,0,,0,,,0,,0,1,0,0,0,0,0,0,0,0,0,0,0,0,0,0,0,0,0,0,0,0,0,0,0,0,0,0,27,32,4,1,53,0.84375,0,10,8,7,2,0,0,1,0,0,3,0,31;26;28;47;30;44;47;29;37;53;38;23;45;22;44;46;27;26;51;25;33;23;42;23;37;30;34,50;51;50;28,23,941,179,23,55,55,0,0,1,1,1,0,0,53,0,0
00-0025566,H.Blades,H.B. Blades,ILB,LB,"https://static.www.nfl.com/image/private/f_auto,q_auto/league/cccqhkynoijfwjieuayg",2007,REG+POST,WAS,9,0,0,0,0,0,0,0,0,0,0,0,0,,,0,,0,0,0,0,0,0,,0,0,0,0,0,0,0,0,0,0,,0,,,0,,0,12,5,6,0,0,0,0,0,0,0,0,0,0,0,0,0,0,0,0,0,0,0,0,0,0,0,0,0,0,0,0,,,0,0,0,0,0,0,0,0,0,0,0,0,,,,0,0,0,0,0,0,0,,0,0,0,0,,0,0
00-0025567,J.Rogers,Justin Rogers,LB,LB,"https://static.www.nfl.com/image/private/f_auto,q_auto/league/qgy1o86pihmmj5j16vpq",2007,REG+POST,DAL,13,0,0,0,0,0,0,0,0,0,0,0,0,,,0,,0,0,0,0,0,0,,0,0,0,0,0,0,0,0,0,0,,0,,,0,,0,13,1,6,0,0,0,0,0,0,0,0,0,0,0,0,0,0,0,0,0,0,1,10,0,0,0,0,0,0,0,0,,,0,0,0,0,0,0,0,0,0,0,0,0,,,,0,0,0,0,0,0,0,,0,0,0,0,,0,0
00-0025568,R.Mauia,Reagan Maui'a,FB,RB,"https://static.www.nfl.com/image/private/f_auto,q_auto/league/o6c5tasqhczwbwdzpvwh",2007,REG,MIA,7,0,0,0,0,0,0,0,0,0,0,0,0,,,0,,4,5,0,0,0,0,-2.66193417017348,0,2,0,5,0,1,0,0,5,1,-0.605339790461585,0,0,,0,,0,1,0,0,0,0,0,0,0,0,0,0,0,0,0,0,0,0,0,0,0,0,1,10,0,0,1,4,0,0,0,0,,,0,0,0,0,0,0,0,0,0,0,0,0,,,,0,0,0,0,0,0,0,,0,0,0,0,,1,3
00-0025569,A.Hayward,Adam Hayward,OLB,LB,"https://static.www.nfl.com/image/private/f_auto,q_auto/league/jiexlkglpefvmf9irrxw",2007,REG,TB,6,0,0,0,0,0,0,0,0,0,0,0,0,,,0,,0,0,0,0,0,0,,0,0,0,0,0,0,0,0,0,0,,0,,0,0,0,0,11,1,3,0,0,0,0,0,0,0,0,0,0,0,0,0,0,0,0,0,0,0,0,0,0,0,0,0,0,0,0,,,0,0,0,0,0,0,0,0,0,0,0,0,,,,0,0,0,0,0,0,0,,0,0,0,0,,0,0
00-0025571,J.Wendling,John Wendling,FS,DB,"https://static.www.nfl.com/image/private/f_auto,q_auto/league/avsohfgslytxrfvhwwdk",2007,REG,BUF,6,0,0,0,0,0,0,0,0,0,0,0,0,,,0,,0,0,0,0,0,0,,0,0,0,0,0,0,0,0,0,0,,0,,0,0,0,0,8,2,0,0,0,0,0,0,0,0,0,0,0,0,0,0,0,0,1,1,0,1,10,0,0,0,0,0,0,0,0,,,0,0,0,0,0,0,0,0,0,0,0,0,,,,0,0,0,0,0,0,0,,0,0,0,0,,0,0
00-0025572,T.Lewis,Trey Lewis,DT,DL,"https://static.www.nfl.com/image/private/f_auto,q_auto/league/nqoir9hkqoeb6txi0fbg",2007,REG,ATL,9,0,0,0,0,0,0,0,0,0,0,0,0,,,0,,0,0,0,0,0,0,,0,0,0,0,0,0,0,0,0,0,,0,,0,0,0,0,14,3,2,0,0,0,0,0,0,1,4,1,0,0,0,0,0,0,0,0,0,0,0,0,0,0,0,0,0,0,0,,,0,0,0,0,0,0,0,0,0,0,0,0,,,,0,0,0,0,0,0,0,,0,0,0,0,,0,0
00-0025574,M.Toeaina,Matt Toeaina,DT,DL,"https://static.www.nfl.com/image/private/f_auto,q_auto/league/w7qdhrm4xy3qslwomoyj",2007,REG,CHI,3,0,0,0,0,0,0,0,0,0,0,0,0,,,0,,0,0,0,0,0,0,,0,0,0,0,0,0,0,0,0,0,,0,,,0,,0,4,1,1,0,0,0,0,0,0,0,0,0,0,0,0,0,0,0,0,0,0,0,0,0,0,0,0,0,0,0,0,,,0,0,0,0,0,0,0,0,0,0,0,0,,,,0,0,0,0,0,0,0,,0,0,0,0,,0,0
00-0025578,K.Hall,Korey Hall,RB,RB,"https://static.www.nfl.com/image/private/f_auto,q_auto/league/iifijnwu1c23we7h9fmt",2007,REG+POST,GB,11,0,0,0,0,0,0,0,0,0,0,0,0,,,0,,0,0,0,0,0,0,,0,9,0,61,0,0,0,0,43,4,4.5067595577566,0,0,0,0,0,0,11,1,2,0,0,0,0,0,0,0,0,0,0,0,0,0,1,1,0,0,0,1,10,0,0,0,0,0,0,0,0,,,0,0,0,0,0,0,0,0,0,0,0,0,,,,0,0,0,0,0,0,0,,0,0,0,0,,6.1,15.1
00-0025579,D.Bishop,Desmond Bishop,LB,LB,"https://static.www.nfl.com/image/private/f_auto,q_auto/league/j823hvvvkwxdpv4ywgcp",2007,REG+POST,GB,6,0,0,0,0,0,0,0,0,0,0,0,0,,,0,,0,0,0,0,0,0,,0,0,0,0,0,0,0,0,0,0,,0,,0,0,0,0,6,3,2,0,0,0,0,0,1,0,0,0,0,0,0,0,0,0,0,0,0,1,5,0,0,0,0,0,0,0,0,,,0,0,0,0,0,0,0,0,0,0,0,0,,,,0,0,0,0,0,0,0,,0,0,0,0,,0,0
00-0025580,M.Crosby,Mason Crosby,K,SPEC,"https://static.www.nfl.com/image/private/f_auto,q_auto/league/usbwgcjsdcugjafgjzvt",2007,REG+POST,GB,18,0,0,0,0,0,0,0,0,0,0,0,0,,,0,,0,0,0,0,0,0,,0,0,0,0,0,0,0,0,0,0,,0,,0,0,0,0,6,0,0,0,0,0,0,0,0,0,0,0,0,0,0,0,0,0,0,0,0,1,10,0,0,0,0,33,41,7,1,53,0.804878048780488,1,8,12,9,3,0,0,0,1,4,2,0,53;37;42;28;28;44;33;37;37;37;19;26;48;36;32;45;39;24;47;20;20;26;47;52;44;44;50;25;46;33;35;36;37,42;46;38;52;49;43;52,49,1207,322,49,56,56,0,0,1,1,1,0,0,42,0,0
00-0025581,D.Irons,David Irons,CB,DB,"https://static.www.nfl.com/image/private/f_auto,q_auto/league/erl8s8iq62pw2n2m0c6e",2007,REG,ATL,11,0,0,0,0,0,0,0,0,0,0,0,0,,,0,,0,0,0,0,0,0,,0,0,0,0,0,0,0,0,0,0,,0,,0,0,0,0,11,2,0,0,0,0,0,0,0,0,0,0,0,0,0,0,0,0,1,1,0,3,36,0,0,0,0,0,0,0,0,,,0,0,0,0,0,0,0,0,0,0,0,0,,,,0,0,0,0,0,0,0,,0,0,0,0,,0,0
00-0025582,D.Anderson,Deon Anderson,FB,RB,"https://static.www.nfl.com/image/private/f_auto,q_auto/league/xiqqvwjnf1ruaqajwzbi",2007,REG,DAL,6,0,0,0,0,0,0,0,0,0,0,0,0,,,0,,0,0,0,0,0,0,,0,6,0,55,0,0,0,0,41,3,3.3756210434949,0,0,,0,,0,4,0,1,0,0,0,0,0,0,0,0,0,0,0,0,0,0,0,0,0,0,0,0,0,0,1,10,0,0,0,0,,,0,0,0,0,0,0,0,0,0,0,0,0,,,,0,0,0,0,0,0,0,,0,0,0,0,,5.5,11.5
00-0025584,C.Taylor,Courtney Taylor,WR,WR,"https://static.www.nfl.com/image/private/f_auto,q_auto/league/eqtga9ao36vano7xfvpn",2007,REG,SEA,5,0,0,0,0,0,0,0,0,0,0,0,0,,,0,,0,0,0,0,0,0,,0,5,0,38,0,0,0,0,14,2,3.47757017752156,0,0,0,0,0,0,2,0,0,0,0,0,0,0,0,0,0,0,0,0,0,0,0,0,0,0,0,0,0,0,0,1,27,0,0,0,0,,,0,0,0,0,0,0,0,0,0,0,0,0,,,,0,0,0,0,0,0,0,,0,0,0,0,,3.8,8.8
00-0025588,R.Barksdale,Rashad Barksdale,DB,DB,"https://static.www.nfl.com/image/private/f_auto,q_auto/league/vvpoqzpvhxywchuxaz6p",2007,REG,KC,5,0,0,0,0,0,0,0,0,0,0,0,0,,,0,,0,0,0,0,0,0,,0,0,0,0,0,0,0,0,0,0,,0,,,0,,0,6,2,0,0,0,0,0,0,0,0,0,0,0,0,0,0,0,0,0,0,0,0,0,0,0,0,0,0,0,0,0,,,0,0,0,0,0,0,0,0,0,0,0,0,,,,0,0,0,0,0,0,0,,0,0,0,0,,0,0
00-0025590,D.Stone,Daren Stone,DB,DB,"https://static.www.nfl.com/image/private/f_auto,q_auto/league/eyogwxdharcz3dfakvju",2007,REG,ATL,6,0,0,0,0,0,0,0,0,0,0,0,0,,,0,,0,0,0,0,0,0,,0,0,0,0,0,0,0,0,0,0,,0,,0,0,0,0,9,0,1,0,0,0,0,0,0,0,0,0,0,0,0,0,0,0,0,0,0,1,15,0,0,0,0,0,0,0,0,,,0,0,0,0,0,0,0,0,0,0,0,0,,,,0,0,0,0,0,0,0,,0,0,0,0,,0,0
00-0025594,P.Burgess,Prescott Burgess,LB,LB,"https://static.www.nfl.com/image/private/f_auto,q_auto/league/tzbcoltn85bx2vnkmsmr",2007,REG,BAL,2,0,0,0,0,0,0,0,0,0,0,0,0,,,0,,0,0,0,0,0,0,,0,0,0,0,0,0,0,0,0,0,,0,,,0,,0,3,0,1,0,0,0,0,0,0,0,0,0,0,0,0,0,0,0,0,0,0,0,0,0,0,0,0,0,0,0,0,,,0,0,0,0,0,0,0,0,0,0,0,0,,,,0,0,0,0,0,0,0,,0,0,0,0,,0,0
00-0025596,C.Hilliard,Corey Hilliard,OT,OL,"https://static.www.nfl.com/image/private/f_auto,q_auto/league/pd7weisrhzniht4somxe",2007,REG,IND,1,0,0,0,0,0,0,0,0,0,0,0,0,,,0,,0,0,0,0,0,0,,0,0,0,0,0,0,0,0,0,0,,0,,,0,,0,0,0,0,0,0,0,0,0,0,0,0,0,0,0,0,0,0,0,0,0,0,1,5,0,0,0,0,0,0,0,0,,,0,0,0,0,0,0,0,0,0,0,0,0,,,,0,0,0,0,0,0,0,,0,0,0,0,,0,0
00-0025599,C.Brown,Courtney Brown,DB,DB,"https://static.www.nfl.com/image/private/f_auto,q_auto/league/tfip4iubbjppcthfpszf",2007,REG,DAL,5,0,0,0,0,0,0,0,0,0,0,0,0,,,0,,0,0,0,0,0,0,,0,0,0,0,0,0,0,0,0,0,,0,,,0,,0,4,0,2,0,0,0,0,0,0,0,0,0,0,0,0,0,0,0,1,1,0,0,0,0,0,0,0,0,0,0,0,,,0,0,0,0,0,0,0,0,0,0,0,0,,,,0,0,0,0,0,0,0,,0,0,0,0,,0,0
00-0025602,B.Patrick,Ben Patrick,TE,TE,"https://static.www.nfl.com/image/private/f_auto,q_auto/league/aagqw67vfvcar52kxwlq",2007,REG,ARI,5,0,0,0,0,0,0,0,0,0,0,0,0,,,0,,0,0,0,0,0,0,,0,7,0,73,2,0,0,0,44,6,12.4519039862207,0,0,,0,,0,1,0,0,0,0,0,0,0,0,0,0,0,0,0,0,0,0,0,0,0,0,3,26,0,0,0,0,0,0,0,0,,,0,0,0,0,0,0,0,0,0,0,0,0,,,,0,0,0,0,0,0,0,,0,0,0,0,,19.3,26.3
00-0025604,T.Thigpen,Tyler Thigpen,QB,QB,"https://static.www.nfl.com/image/private/f_auto,q_auto/league/t5hyo9kscmesf9ymrsnd",2007,REG,KC,1,2,6,41,0,1,1,-9,0,0,85,28,2,-5.09859441895969,-15.4092083374659,0,0.482352941176471,0,0,0,0,0,0,,0,0,0,0,0,0,0,0,0,0,,0,,,0,,0,0,0,0,0,0,0,0,0,0,0,0,0,0,0,0,0,0,0,0,0,0,0,0,0,0,0,0,0,0,0,0,,,0,0,0,0,0,0,0,0,0,0,0,0,,,,0,0,0,0,0,0,0,,0,0,0,0,,-0.36,-0.36
00-0025605,Z.Diles,Zac Diles,LB,LB,"https://static.www.nfl.com/image/private/f_auto,q_auto/league/ldjfwunzr9l7iepbx9pk",2007,REG,HOU,9,0,0,0,0,0,0,0,0,0,0,0,0,,,0,,0,0,0,0,0,0,,0,0,0,0,0,0,0,0,0,0,,0,,0,0,0,0,12,1,1,0,0,0,0,0,0,0,0,0,0,0,0,0,0,0,0,0,0,0,0,0,0,0,0,0,0,0,0,,,0,0,0,0,0,0,0,0,0,0,0,0,,,,0,0,0,0,0,0,0,,0,0,0,0,,0,0
00-0025606,K.Smith,Kelvin Smith,LB,LB,"https://static.www.nfl.com/image/private/f_auto,q_auto/league/yx7dk0z2iuf3oiygjqod",2007,REG,MIA,1,0,0,0,0,0,0,0,0,0,0,0,0,,,0,,0,0,0,0,0,0,,0,0,0,0,0,0,0,0,0,0,,0,,,0,,0,0,0,1,0,0,0,0,0,0,0,0,0,0,0,0,0,0,0,0,0,0,0,0,0,0,0,0,0,0,0,0,,,0,0,0,0,0,0,0,0,0,0,0,0,,,,0,0,0,0,0,0,0,,0,0,0,0,,0,0
00-0025607,M.Mitchell,Marvin Mitchell,OLB,LB,"https://static.www.nfl.com/image/private/f_auto,q_auto/league/wfg8lxbe3htnryiyo6hm",2007,REG,NO,7,0,0,0,0,0,0,0,0,0,0,0,0,,,0,,0,0,0,0,0,0,,0,0,0,0,0,0,0,0,0,0,,0,,0,0,0,0,8,0,1,0,0,0,0,0,0,0,0,0,0,0,0,0,0,0,0,0,0,1,5,0,0,0,0,0,0,0,0,,,0,0,0,0,0,0,0,0,0,0,0,0,,,,0,0,0,0,0,0,0,,0,0,0,0,,0,0
00-0025608,T.McBride,Trumaine McBride,CB,DB,"https://static.www.nfl.com/image/private/f_auto,q_auto/league/ob8ffjs9lxw2zxpa0xqr",2007,REG,CHI,11,0,0,0,0,0,0,0,0,0,0,0,0,,,0,,0,0,0,0,0,0,,0,0,0,0,0,0,0,0,0,0,,0,,,0,,0,35,0,6,0,0,1,0,0,0,0,0,5,0,0,0,0,0,0,1,1,0,2,10,0,0,0,0,0,0,0,0,,,0,0,0,0,0,0,0,0,0,0,0,0,,,,0,0,0,0,0,0,0,,0,0,0,0,,0,0
00-0025609,D.Schouman,Derek Schouman,TE,TE,"https://static.www.nfl.com/image/private/f_auto,q_auto/league/khby35br1mxgycwakqhp",2007,REG,BUF,2,0,0,0,0,0,0,0,0,0,0,0,0,,,0,,0,0,0,0,0,0,,0,3,0,19,0,0,0,0,15,1,1.31390835216735,0,0,0,0,0,0,0,0,0,0,0,0,0,0,0,0,0,0,0,0,0,0,0,0,0,0,0,0,0,0,0,0,0,0,0,0,0,,,0,0,0,0,0,0,0,0,0,0,0,0,,,,0,0,0,0,0,0,0,,0,0,0,0,,1.9,4.9
00-0025611,M.Johnson,Michael Johnson,FS,DB,"https://static.www.nfl.com/image/private/f_auto,q_auto/league/vr4nk7y5bggb0mghzcbq",2007,REG+POST,NYG,16,0,0,0,0,0,0,0,0,0,0,0,0,,,0,,0,0,0,0,0,0,,0,0,0,0,0,0,0,0,0,0,,0,,0,0,0,0,21,5,3,0,0,1,0,0,1,0,0,4,0,0,0,0,0,0,0,0,0,5,42,0,0,0,0,0,0,0,0,,,0,0,0,0,0,0,0,0,0,0,0,0,,,,0,0,0,0,0,0,0,,0,0,0,0,,0,0
00-0025612,B.Fields,Brandon Fields,P,SPEC,"https://static.www.nfl.com/image/private/f_auto,q_auto/league/wanoipfufy1xfdlzg5ex",2007,REG,MIA,16,0,0,0,0,0,0,0,0,0,0,0,0,,,0,,0,0,0,0,0,0,,0,0,0,0,0,0,0,0,0,0,,0,,,0,,0,0,0,1,0,0,0,0,0,0,0,0,0,0,0,0,0,0,0,0,0,0,1,5,0,0,0,0,0,0,0,0,,,0,0,0,0,0,0,0,0,0,0,0,0,,,,0,0,0,0,0,0,0,,0,0,0,0,,0,0
00-0025613,C.Wilson,C.J. Wilson,DB,DB,"https://static.www.nfl.com/image/private/f_auto,q_auto/league/ijdfvjeyobuojblbua6s",2007,REG,CAR,3,0,0,0,0,0,0,0,0,0,0,0,0,,,0,,0,0,0,0,0,0,,0,0,0,0,0,0,0,0,0,0,,0,,0,0,0,0,4,0,1,0,0,0,0,0,0,0,0,0,0,0,0,0,0,0,0,0,0,0,0,0,0,0,0,0,0,0,0,,,0,0,0,0,0,0,0,0,0,0,0,0,,,,0,0,0,0,0,0,0,,0,0,0,0,,0,0
00-0025615,D.Wynn,DeShawn Wynn,RB,RB,"https://static.www.nfl.com/image/private/f_auto,q_auto/league/a03bbuzkwbby2j4azumb",2007,REG,GB,7,0,0,0,0,0,0,0,0,0,0,0,0,,,0,,50,203,4,0,0,10,-1.64370107894113,0,9,0,73,0,0,0,0,90,4,4.08891634794418,0,0,0,0,0,0,0,0,0,0,0,0,0,0,0,0,0,0,0,0,0,0,0,0,0,0,0,1,5,0,0,1,15,0,0,0,0,,,0,0,0,0,0,0,0,0,0,0,0,0,,,,0,0,0,0,0,0,0,,0,0,0,0,,51.6,60.6
00-0025616,J.Broussard,John Broussard,WR,WR,"https://static.www.nfl.com/image/private/f_auto,q_auto/league/kyoe6bsbkntczk13wwhu",2007,REG,JAX,3,0,0,0,0,0,0,0,0,0,0,0,0,,,0,,0,0,0,0,0,0,,0,4,0,126,1,0,0,0,4,3,9.99404565931763,0,0,,0,,0,2,0,0,0,0,0,0,0,0,0,0,0,0,0,0,0,0,0,0,0,0,0,0,0,0,1,20,0,0,0,0,,,0,0,0,0,0,0,0,0,0,0,0,0,,,,0,0,0,0,0,0,0,,0,0,0,0,,18.6,22.6
00-0025624,A.Ball,Alan Ball,CB,DB,"https://static.www.nfl.com/image/private/f_auto,q_auto/league/l2oklwmzwgf5jvdgpe2i",2007,REG,DAL,2,0,0,0,0,0,0,0,0,0,0,0,0,,,0,,0,0,0,0,0,0,,0,0,0,0,0,0,0,0,0,0,,0,,,0,,0,3,0,0,0,0,0,0,0,0,0,0,0,0,0,0,0,0,0,0,0,0,1,20,0,0,0,0,0,0,0,0,,,0,0,0,0,0,0,0,0,0,0,0,0,,,,0,0,0,0,0,0,0,,0,0,0,0,,0,0
00-0025627,B.Siler,Brandon Siler,ILB,LB,"https://static.www.nfl.com/image/private/f_auto,q_auto/league/k9azlx4dxbdipnmjznxg",2007,REG+POST,LAC,16,0,0,0,0,0,0,0,0,0,0,0,0,,,0,,0,0,0,0,0,0,,0,0,0,0,0,0,0,0,0,0,,0,,,0,,0,17,8,6,0,0,0,0,0,0,0,0,0,0,0,0,0,1,1,1,1,1,0,0,0,0,0,0,0,0,0,0,,,0,0,0,0,0,0,0,0,0,0,0,0,,,,0,0,0,0,0,0,0,,0,0,0,0,,0,0
00-0025629,K.Dawson,Keyunta Dawson,DE,DL,"https://static.www.nfl.com/image/private/f_auto,q_auto/league/emmi1t3ja1njn7fhy0or",2007,REG+POST,IND,14,0,0,0,0,0,0,0,0,0,0,0,0,,,0,,0,0,0,0,0,0,,0,0,0,0,0,0,0,0,0,0,,0,,,0,,0,12,6,7,0,0,1,1,5,4,0,0,0,0,0,0,0,0,0,2,2,0,1,5,0,0,0,0,0,0,0,0,,,0,0,0,0,0,0,0,0,0,0,0,0,,,,0,0,0,0,0,0,0,,0,0,0,0,,0,0
00-0025631,J.Snelling,Jason Snelling,FB,RB,"https://static.www.nfl.com/image/private/f_auto,q_auto/league/zocjg37vnmgjggnvu6bz",2007,REG,ATL,7,0,0,0,0,0,0,0,0,0,0,0,0,,,0,,13,43,1,0,0,6,1.08185136085376,0,0,0,0,0,0,0,0,0,0,,0,,0,0,0,0,2,0,0,0,0,0,0,0,0,0,0,0,0,0,0,0,0,0,0,0,0,0,0,0,0,0,0,0,0,0,0,,,0,0,0,0,0,0,0,0,0,0,0,0,,,,0,0,0,0,0,0,0,,0,0,0,0,,10.3,10.3
00-0025633,K.Darby,Kenneth Darby,RB,RB,"https://static.www.nfl.com/image/private/f_auto,q_auto/league/gdwt5cnxwjspmw9g8sxe",2007,REG,TB,1,0,0,0,0,0,0,0,0,0,0,0,0,,,0,,2,9,0,0,0,1,0.356603338150308,0,2,0,16,0,0,0,0,15,0,0.902475075679831,0,0,0,0,0,0,1,0,0,0,0,0,0,0,0,0,0,0,0,0,0,0,0,0,0,0,0,0,0,0,0,2,11,0,0,0,0,,,0,0,0,0,0,0,0,0,0,0,0,0,,,,0,0,0,0,0,0,0,,0,0,0,0,,2.5,4.5
00-0025636,D.Stanley,Derek Stanley,WR,WR,"https://static.www.nfl.com/image/private/f_auto,q_auto/league/j4qps5vya2meirdjzoba",2007,REG,LA,3,0,0,0,0,0,0,0,0,0,0,0,0,,,0,,1,5,0,0,0,0,0.177565989783034,0,0,0,0,0,0,0,0,0,0,,0,,,0,,0,1,0,0,0,0,1,0,0,0,0,0,0,0,0,0,0,0,0,0,0,0,1,5,1,10,20,509,0,0,0,0,,,0,0,0,0,0,0,0,0,0,0,0,0,,,,0,0,0,0,0,0,0,,0,0,0,0,,0.5,0.5
00-0025637,A.Bradshaw,Ahmad Bradshaw,RB,RB,"https://static.www.nfl.com/image/private/f_auto,q_auto/league/vlgcz2so2urjgowxz3tz",2007,REG+POST,NYG,14,0,0,0,0,0,0,0,0,0,0,0,0,,,0,,71,398,2,0,0,16,6.52580866462085,0,6,0,39,0,0,0,0,27,2,1.10401918395655,0,0,0,0,0,0,9,1,0,0,0,1,0,0,0,0,0,0,0,0,0,0,2,2,0,0,0,2,25,1,1,39,934,0,0,0,0,,,0,0,0,0,0,0,0,0,0,0,0,0,,,,0,0,0,0,0,0,0,,0,0,0,0,,55.7,61.7
00-0025638,C.Nkang,Chad Nkang,DB,DB,"https://static.www.nfl.com/image/private/f_auto,q_auto/league/gahxzw9zuvqxw3vrtbmj",2007,REG+POST,JAX,12,0,0,0,0,0,0,0,0,0,0,0,0,,,0,,0,0,0,0,0,0,,0,0,0,0,0,0,0,0,0,0,,0,,,0,,0,15,0,4,0,0,0,0,0,0,0,0,0,0,1,0,0,0,0,0,0,0,3,22,1,0,0,0,0,0,0,0,,,0,0,0,0,0,0,0,0,0,0,0,0,,,,0,0,0,0,0,0,0,,0,0,0,0,,0,0
00-0025640,C.Ndukwe,Chinedum Ndukwe,DB,DB,"https://static.www.nfl.com/image/private/f_auto,q_auto/league/bx8rhxtpziy5g52tnpsq",2007,REG,CIN,13,0,0,0,0,0,0,0,0,0,0,0,0,,,0,,0,0,0,0,0,0,,0,0,0,0,0,0,0,0,0,0,,0,,,0,,0,30,4,10,0,0,2,2,15,3,3,44,6,0,0,0,0,0,0,1,1,1,1,5,0,0,0,0,0,0,0,0,,,0,0,0,0,0,0,0,0,0,0,0,0,,,,0,0,0,0,0,0,0,,0,0,0,0,,0,0
00-0025642,R.Robinson,Ramzee Robinson,CB,DB,"https://static.www.nfl.com/image/private/f_auto,q_auto/league/ujav9qtkhycrhvkav2ko",2007,REG,DET,5,0,0,0,0,0,0,0,0,0,0,0,0,,,0,,0,0,0,0,0,0,,0,0,0,0,0,0,0,0,0,0,,0,,,0,,0,5,0,2,0,0,0,0,0,0,0,0,0,0,0,0,0,0,0,0,0,0,0,0,0,0,0,0,0,0,0,0,,,0,0,0,0,0,0,0,0,0,0,0,0,,,,0,0,0,0,0,0,0,,0,0,0,0,,0,0
00-0025667,P.Togafau,Pago Togafau,LB,LB,"https://static.www.nfl.com/image/private/f_auto,q_auto/league/otpltojfdh51nwrgedpt",2007,REG,PHI,4,0,0,0,0,0,0,0,0,0,0,0,0,,,0,,0,0,0,0,0,0,,0,0,0,0,0,0,0,0,0,0,,0,,0,0,0,0,6,0,0,0,0,0,0,0,0,0,0,0,0,0,0,0,0,0,0,0,0,1,8,0,0,0,0,0,0,0,0,,,0,0,0,0,0,0,0,0,0,0,0,0,,,,0,0,0,0,0,0,0,,0,0,0,0,,0,0
00-0025668,M.Adams,Michael Adams,DB,DB,"https://static.www.nfl.com/image/private/f_auto,q_auto/league/c6ustof4db1od2scnmv6",2007,REG,ARI,7,0,0,0,0,0,0,0,0,0,0,0,0,,,0,,0,0,0,0,0,0,,0,0,0,0,0,0,0,0,0,0,,0,,,0,,0,8,2,0,0,0,0,0,0,0,0,0,1,0,0,0,0,0,0,0,0,0,1,5,0,0,0,0,0,0,0,0,,,0,0,0,0,0,0,0,0,0,0,0,0,,,,0,0,0,0,0,0,0,,0,0,0,0,,0,0
00-0025682,L.Sendlein,Lyle Sendlein,C,OL,"https://static.www.nfl.com/image/private/f_auto,q_auto/league/nrlnrmybzxhguoqgsdr2",2007,REG,ARI,1,0,0,0,0,0,0,0,0,0,0,0,0,,,0,,0,0,0,0,0,0,,0,0,0,0,0,0,0,0,0,0,,0,,,0,,0,1,0,0,0,0,0,0,0,0,0,0,0,0,0,0,0,0,0,0,0,0,0,0,0,0,0,0,0,0,0,0,,,0,0,0,0,0,0,0,0,0,0,0,0,,,,0,0,0,0,0,0,0,,0,0,0,0,,0,0
00-0025689,M.Devito,Mike DeVito,DE,DL,"https://static.www.nfl.com/image/private/f_auto,q_auto/league/nzwmmvnwevfqpfvhrfna",2007,REG,NYJ,3,0,0,0,0,0,0,0,0,0,0,0,0,,,0,,0,0,0,0,0,0,,0,0,0,0,0,0,0,0,0,0,,0,,,0,,0,3,0,2,0,0,0,0,0,0,0,0,0,0,0,0,0,0,0,0,0,0,0,0,0,0,0,0,0,0,0,0,,,0,0,0,0,0,0,0,0,0,0,0,0,,,,0,0,0,0,0,0,0,,0,0,0,0,,0,0
00-0025697,J.Trusnik,Jason Trusnik,LB,LB,"https://static.www.nfl.com/image/private/f_auto,q_auto/league/k2dklqbiwsxmegllvxb8",2007,REG,NYJ,6,0,0,0,0,0,0,0,0,0,0,0,0,,,0,,0,0,0,0,0,0,,0,0,0,0,0,0,0,0,0,0,,0,,,0,,0,2,2,4,0,0,0,0,0,0,0,0,0,0,0,0,0,0,0,0,0,0,0,0,0,0,0,0,0,0,0,0,,,0,0,0,0,0,0,0,0,0,0,0,0,,,,0,0,0,0,0,0,0,,0,0,0,0,,0,0
00-0025701,J.Battle,Jackie Battle,RB,RB,"https://static.www.nfl.com/image/private/f_auto,q_auto/league/ypo5sphlp225wrtjcwhl",2007,REG,KC,2,0,0,0,0,0,0,0,0,0,0,0,0,,,0,,14,47,1,0,0,3,-0.658274267421803,0,1,0,4,0,0,0,0,5,0,-0.161267597810365,0,0,,0,,0,0,0,0,0,0,0,0,0,0,0,0,0,0,0,0,0,0,0,0,0,0,0,0,0,0,0,0,0,0,0,0,,,0,0,0,0,0,0,0,0,0,0,0,0,,,,0,0,0,0,0,0,0,,0,0,0,0,,11.1,12.1
00-0025708,M.Moore,Matt Moore,QB,QB,"https://static.www.nfl.com/image/private/f_auto,q_auto/league/h04zarfikqlgerdftbgp",2007,REG,CAR,8,63,111,730,3,5,6,-40,0,0,1166,256,37,0.171518888103003,-3.53992392082472,0,0.626072041166381,3,5,0,1,0,2,-4.36738186131697,0,0,0,0,0,0,0,0,0,0,,0,,0,0,0,0,0,0,0,0,0,0,0,0,0,0,0,0,0,0,0,0,3,4,0,0,0,0,0,0,0,0,0,0,0,0,0,,,0,0,0,0,0,0,0,0,0,0,0,0,,,,0,0,0,0,0,0,0,,0,0,0,0,,31.7,31.7
00-0025717,N.Graham,Nick Graham,DB,DB,"https://static.www.nfl.com/image/private/f_auto,q_auto/league/lvulelryqzugefuxwcwk",2007,REG,PHI,10,0,0,0,0,0,0,0,0,0,0,0,0,,,0,,0,0,0,0,0,0,,0,0,0,0,0,0,0,0,0,0,,0,,0,0,0,0,7,1,3,0,0,0,0,0,0,0,0,0,0,1,0,0,1,1,0,0,0,0,0,1,0,0,0,0,0,0,0,,,0,0,0,0,0,0,0,0,0,0,0,0,,,,0,0,0,0,0,0,0,,0,0,0,0,,0,0
00-0025719,A.Jordan,Akeem Jordan,ILB,LB,"https://static.www.nfl.com/image/private/f_auto,q_auto/league/tf4bbmb7n4jkkfq6thuj",2007,REG,PHI,6,0,0,0,0,0,0,0,0,0,0,0,0,,,0,,0,0,0,0,0,0,,0,0,0,0,0,0,0,0,0,0,,0,,0,0,0,0,15,2,3,0,0,0,0,0,0,0,0,0,0,0,0,0,0,0,0,0,0,0,0,0,0,0,0,0,0,0,0,,,0,0,0,0,0,0,0,0,0,0,0,0,,,,0,0,0,0,0,0,0,,0,0,0,0,,0,0
00-0025721,M.Paschal,Marcus Paschal,DB,DB,"https://static.www.nfl.com/image/private/f_auto,q_auto/league/mct1qn4ushmjlee1zmz5",2007,REG,PHI,1,0,0,0,0,0,0,0,0,0,0,0,0,,,0,,0,0,0,0,0,0,,0,0,0,0,0,0,0,0,0,0,,0,,0,0,0,0,0,0,1,0,0,0,0,0,0,0,0,0,0,0,0,0,0,0,0,0,0,0,0,0,0,0,0,0,0,0,0,,,0,0,0,0,0,0,0,0,0,0,0,0,,,,0,0,0,0,0,0,0,,0,0,0,0,,0,0
00-0025728,S.Paulescu,Sam Paulescu,P,SPEC,"https://static.www.nfl.com/image/private/f_auto,q_auto/league/lqiuugekllmb3lac8dyx",2007,REG,DEN,1,0,0,0,0,0,0,0,0,0,0,0,0,,,0,,0,0,0,0,0,0,,0,0,0,0,0,0,0,0,0,0,,0,,,0,,0,0,0,0,0,0,0,0,0,0,0,0,0,0,0,0,0,0,0,0,0,0,0,0,0,0,0,0,0,0,0,0,,,0,0,0,0,0,0,0,0,0,0,0,0,,,,0,0,0,0,0,0,0,,0,0,0,0,,0,0
00-0025751,N.Harris,Nate Harris,LB,LB,"https://static.www.nfl.com/image/private/f_auto,q_auto/league/awwqpvxhzwygaeqbyhko",2007,REG,KC,8,0,0,0,0,0,0,0,0,0,0,0,0,,,0,,0,0,0,0,0,0,,0,0,0,0,0,0,0,0,0,0,,0,,,0,,0,7,3,3,0,0,0,0,0,0,0,0,0,0,0,0,0,0,0,0,0,0,5,46,0,0,0,0,0,0,0,0,,,0,0,0,0,0,0,0,0,0,0,0,0,,,,0,0,0,0,0,0,0,,0,0,0,0,,0,0
00-0025761,R.Turner,Robert Turner,C,OL,"https://static.www.nfl.com/image/private/f_auto,q_auto/league/mb8nr8rm9ezbuacoed5e",2007,REG,NYJ,1,0,0,0,0,0,0,0,0,0,0,0,0,,,0,,0,0,0,0,0,0,,0,0,0,0,0,0,0,0,0,0,,0,,,0,,0,0,0,0,0,0,0,0,0,0,0,0,0,0,0,0,0,0,0,0,0,0,1,5,0,0,0,0,0,0,0,0,,,0,0,0,0,0,0,0,0,0,0,0,0,,,,0,0,0,0,0,0,0,,0,0,0,0,,0,0
00-0025786,J.Kapinos,Jeremy Kapinos,P,SPEC,"https://static.www.nfl.com/image/private/f_auto,q_auto/league/qxsoa3ss5mqm9cu1efju",2007,REG,NYJ,1,0,0,0,0,0,0,0,0,0,0,0,0,,,0,,0,0,0,0,0,0,,0,0,0,0,0,0,0,0,0,0,,0,,,0,,0,0,0,0,0,0,0,0,0,0,0,0,0,0,0,0,0,0,0,0,0,0,0,0,0,0,0,0,0,0,0,0,,,0,0,0,0,0,0,0,0,0,0,0,0,,,,0,0,0,0,0,0,0,,0,0,0,0,,0,0
00-0025787,J.Gaither,Jared Gaither,OT,OL,"https://static.www.nfl.com/image/private/f_auto,q_auto/league/ihlmndgyzbmuwo6jwwcu",2007,REG,BAL,2,0,0,0,0,0,0,0,0,0,0,0,0,,,0,,0,0,0,0,0,0,,0,0,0,0,0,0,0,0,0,0,,0,,,0,,0,0,0,0,0,0,0,0,0,0,0,0,0,0,0,0,0,0,0,0,0,0,2,10,0,0,0,0,0,0,0,0,,,0,0,0,0,0,0,0,0,0,0,0,0,,,,0,0,0,0,0,0,0,,0,0,0,0,,0,0
00-0025790,M.Washington,Mark Washington,LB,LB,"https://static.www.nfl.com/image/private/f_auto,q_auto/league/rnboytmmifdpii2mszoi",2007,REG,MIA,1,0,0,0,0,0,0,0,0,0,0,0,0,,,0,,0,0,0,0,0,0,,0,0,0,0,0,0,0,0,0,0,,0,,,0,,0,0,1,0,0,0,0,0,0,0,0,0,0,0,0,0,0,0,0,0,0,0,0,0,0,0,0,0,0,0,0,0,,,0,0,0,0,0,0,0,0,0,0,0,0,,,,0,0,0,0,0,0,0,,0,0,0,0,,0,0
00-0025794,C.Davis,Chris Davis,WR,WR,"https://static.www.nfl.com/image/private/f_auto,q_auto/league/nxhb1v40joeau9kolm23",2007,REG,NYJ,2,0,0,0,0,0,0,0,0,0,0,0,0,,,0,,1,3,0,0,0,0,-0.18646852648817,0,1,0,3,0,0,0,0,3,0,-0.191217884421349,0,0,,0,,0,0,0,0,0,0,0,0,0,0,0,0,0,0,0,0,0,0,0,0,0,0,0,0,0,0,0,0,0,0,0,0,,,0,0,0,0,0,0,0,0,0,0,0,0,,,,0,0,0,0,0,0,0,,0,0,0,0,,0.6,1.6
,Team,,,,,2007,REG+POST,NE,267,0,0,0,0,0,0,0,0,0,0,0,0,,,0,,0,0,0,0,0,0,,0,0,0,0,0,0,0,0,0,0,,0,,,0,,0,38,1,0,0,0,1,2,10,2,0,0,0,0,0,6,0,1,1,0,0,0,175,1054,0,0,0,0,0,0,0,0,,,0,0,0,0,0,0,0,0,0,0,0,0,,,,0,0,0,0,0,0,0,,0,0,0,0,,0,0
