value_basis,format,year,pair_key,player_id_a,player_id_b
comp,hwang,2021,QB_vs_RB,5849,4029
comp,hwang,2021,QB_vs_RB,5849,4035
comp,hwang,2021,QB_vs_RB,4881,3164
comp,hwang,2021,QB_vs_RB,4881,6813
comp,hwang,2021,QB_vs_RB,3294,3164
comp,hwang,2021,QB_vs_RB,3294,6813
comp,hwang,2021,QB_vs_RB,3294,4663
comp,hwang,2021,QB_vs_RB,3294,4866
comp,hwang,2021,QB_vs_RB,1234,4199
comp,hwang,2021,QB_vs_RB,1234,4988
comp,hwang,2021,QB_vs_RB,1234,6945
comp,hwang,2021,QB_vs_RB,1234,7528
comp,hwang,2021,QB_vs_RB,96,4988
comp,hwang,2021,QB_vs_RB,96,6945
comp,hwang,2021,QB_vs_RB,96,7528
comp,hwang,2021,QB_vs_RB,96,4018
comp,hwang,2021,QB_vs_RB,96,6820
comp,hwang,2021,QB_vs_RB,6797,4018
comp,hwang,2021,QB_vs_RB,6797,6820
comp,hwang,2021,QB_vs_RB,6797,5892
comp,hwang,2021,QB_vs_RB,421,5892
comp,hwang,2021,QB_vs_RB,421,6790
comp,hwang,2021,QB_vs_RB,6904,6790
comp,hwang,2021,QB_vs_RB,1049,6790
comp,hwang,2021,QB_vs_RB,1049,5850
comp,hwang,2021,QB_vs_RB,6770,6955
comp,hwang,2021,QB_vs_RB,6770,7588
comp,hwang,2021,QB_vs_RB,7523,5980
comp,hwang,2021,QB_vs_RB,7591,5980
comp,hwang,2021,QB_vs_RB,7591,4098
comp,hwang,2021,QB_vs_RB,1166,5980
comp,hwang,2021,QB_vs_RB,1166,4098
comp,hwang,2021,QB_vs_RB,7610,4098
comp,hwang,2021,QB_vs_RB,4892,5000
comp,hwang,2021,QB_vs_RB,6768,7593
comp,hwang,2021,QB_vs_RB,2028,4137
comp,hwang,2021,QB_vs_RB,2306,4137
comp,hwang,2021,QB_vs_RB,2306,4149
comp,hwang,2021,QB_vs_RB,7538,4137
comp,hwang,2021,QB_vs_RB,7538,4149
comp,hwang,2021,QB_vs_RB,827,7567
comp,hwang,2021,QB_vs_WR,96,2133
comp,hwang,2021,QB_vs_WR,6797,2133
comp,hwang,2021,QB_vs_WR,6797,3321
comp,hwang,2021,QB_vs_WR,421,3321
comp,hwang,2021,QB_vs_WR,421,2449
comp,hwang,2021,QB_vs_WR,421,5846
comp,hwang,2021,QB_vs_WR,421,4981
comp,hwang,2021,QB_vs_WR,421,1426
comp,hwang,2021,QB_vs_WR,421,5859
comp,hwang,2021,QB_vs_WR,6904,5846
comp,hwang,2021,QB_vs_WR,6904,4981
comp,hwang,2021,QB_vs_WR,6904,1426
comp,hwang,2021,QB_vs_WR,6904,5859
comp,hwang,2021,QB_vs_WR,6904,6794
comp,hwang,2021,QB_vs_WR,1049,4981
comp,hwang,2021,QB_vs_WR,1049,1426
comp,hwang,2021,QB_vs_WR,1049,5859
comp,hwang,2021,QB_vs_WR,1049,6794
comp,hwang,2021,QB_vs_WR,6770,5927
comp,hwang,2021,QB_vs_WR,6770,6786
comp,hwang,2021,QB_vs_WR,6770,2216
comp,hwang,2021,QB_vs_WR,6770,1352
comp,hwang,2021,QB_vs_WR,6770,2309
comp,hwang,2021,QB_vs_WR,6770,4037
comp,hwang,2021,QB_vs_WR,7523,6786
comp,hwang,2021,QB_vs_WR,7523,2216
comp,hwang,2021,QB_vs_WR,7523,1352
comp,hwang,2021,QB_vs_WR,7523,2309
comp,hwang,2021,QB_vs_WR,7523,4037
comp,hwang,2021,QB_vs_WR,7523,2374
comp,hwang,2021,QB_vs_WR,7591,1352
comp,hwang,2021,QB_vs_WR,7591,2309
comp,hwang,2021,QB_vs_WR,7591,4037
comp,hwang,2021,QB_vs_WR,7591,2374
comp,hwang,2021,QB_vs_WR,7591,1689
comp,hwang,2021,QB_vs_WR,7591,4039
comp,hwang,2021,QB_vs_WR,7591,5937
comp,hwang,2021,QB_vs_WR,7591,4983
comp,hwang,2021,QB_vs_WR,1166,2374
comp,hwang,2021,QB_vs_WR,1166,1689
comp,hwang,2021,QB_vs_WR,1166,4039
comp,hwang,2021,QB_vs_WR,1166,5937
comp,hwang,2021,QB_vs_WR,1166,4983
comp,hwang,2021,QB_vs_WR,1166,6803
comp,hwang,2021,QB_vs_WR,1166,6886
comp,hwang,2021,QB_vs_WR,7610,2374
comp,hwang,2021,QB_vs_WR,7610,1689
comp,hwang,2021,QB_vs_WR,7610,4039
comp,hwang,2021,QB_vs_WR,7610,5937
comp,hwang,2021,QB_vs_WR,7610,4983
comp,hwang,2021,QB_vs_WR,7610,6803
comp,hwang,2021,QB_vs_WR,7610,6886
comp,hwang,2021,QB_vs_WR,4892,1689
comp,hwang,2021,QB_vs_WR,4892,4039
comp,hwang,2021,QB_vs_WR,4892,5937
comp,hwang,2021,QB_vs_WR,4892,4983
comp,hwang,2021,QB_vs_WR,4892,6803
comp,hwang,2021,QB_vs_WR,4892,6886
comp,hwang,2021,QB_vs_WR,4892,4040
comp,hwang,2021,QB_vs_WR,4892,6801
comp,hwang,2021,QB_vs_WR,6768,5045
comp,hwang,2021,QB_vs_WR,6768,6783
comp,hwang,2021,QB_vs_WR,6768,7564
comp,hwang,2021,QB_vs_WR,6768,7525
comp,hwang,2021,QB_vs_WR,6768,5872
comp,hwang,2021,QB_vs_WR,2028,6989
comp,hwang,2021,QB_vs_WR,2028,4082
comp,hwang,2021,QB_vs_WR,2028,2319
comp,hwang,2021,QB_vs_WR,2306,4082
comp,hwang,2021,QB_vs_WR,2306,2319
comp,hwang,2021,QB_vs_WR,7538,2319
comp,hwang,2021,QB_vs_WR,7538,7090
comp,hwang,2021,QB_vs_WR,4943,7090
comp,hwang,2021,QB_vs_WR,4943,5917
comp,hwang,2021,QB_vs_WR,5870,2325
comp,hwang,2021,QB_vs_WR,7527,7547
comp,hwang,2021,QB_vs_WR,3163,4950
comp,hwang,2021,QB_vs_WR,1837,5880
comp,hwang,2021,QB_vs_WR,1837,7569
comp,hwang,2021,QB_vs_WR,1837,5026
comp,hwang,2021,QB_vs_WR,6804,6805
comp,hwang,2021,QB_vs_WR,6804,6943
comp,hwang,2021,QB_vs_WR,6804,6853
comp,hwang,2021,QB_vs_WR,5854,6805
comp,hwang,2021,QB_vs_WR,5854,6943
comp,hwang,2021,QB_vs_WR,5854,6853
comp,hwang,2021,QB_vs_WR,6011,5955
comp,hwang,2021,QB_vs_WR,6011,4171
comp,hwang,2021,QB_vs_WR,6011,6927
comp,hwang,2021,QB_vs_WR,2307,5955
comp,hwang,2021,QB_vs_WR,2307,4171
comp,hwang,2021,QB_vs_WR,2307,6927
comp,hwang,2021,QB_vs_WR,2711,3286
comp,hwang,2021,QB_vs_WR,2711,4351
comp,hwang,2021,QB_vs_WR,7585,3286
comp,hwang,2021,QB_vs_WR,7585,4351
comp,hwang,2021,QB_vs_WR,7585,6421
comp,hwang,2021,QB_vs_WR,3976,7595
comp,hwang,2021,QB_vs_WR,3976,6271
comp,hwang,2021,QB_vs_WR,3976,4454
comp,hwang,2021,QB_vs_WR,3976,6960
comp,hwang,2021,QB_vs_WR,3976,6290
comp,hwang,2021,QB_vs_TE,1234,1466
comp,hwang,2021,QB_vs_TE,96,1466
comp,hwang,2021,QB_vs_TE,96,2505
comp,hwang,2021,QB_vs_TE,6797,2505
comp,hwang,2021,QB_vs_TE,6797,4217
comp,hwang,2021,QB_vs_TE,421,7553
comp,hwang,2021,QB_vs_TE,6904,7553
comp,hwang,2021,QB_vs_TE,1049,5012
comp,hwang,2021,QB_vs_TE,6768,5857
comp,hwang,2021,QB_vs_TE,2028,4144
comp,hwang,2021,QB_vs_TE,2306,3214
comp,hwang,2021,QB_vs_TE,7538,3214
comp,hwang,2021,QB_vs_TE,4943,4066
comp,hwang,2021,QB_vs_TE,5870,6826
comp,hwang,2021,QB_vs_TE,827,4381
comp,hwang,2021,QB_vs_TE,827,5906
comp,hwang,2021,QB_vs_TE,6804,7002
comp,hwang,2021,QB_vs_TE,5854,7002
comp,hwang,2021,QB_vs_TE,6011,4054
comp,hwang,2021,QB_vs_TE,6011,5010
comp,hwang,2021,QB_vs_TE,2307,4054
comp,hwang,2021,QB_vs_TE,2307,5010
comp,hwang,2021,QB_vs_TE,7585,7568
comp,hwang,2021,QB_vs_TE,7585,7694
comp,hwang,2021,QB_vs_TE,3976,7602
comp,hwang,2021,QB_vs_TE,3976,5985
comp,hwang,2021,QB_vs_TE,3976,7535
comp,hwang,2021,RB_vs_WR,6945,2133
comp,hwang,2021,RB_vs_WR,7528,2133
comp,hwang,2021,RB_vs_WR,4018,2133
comp,hwang,2021,RB_vs_WR,6820,2133
comp,hwang,2021,RB_vs_WR,5892,3321
comp,hwang,2021,RB_vs_WR,5892,2449
comp,hwang,2021,RB_vs_WR,6790,5846
comp,hwang,2021,RB_vs_WR,6790,4981
comp,hwang,2021,RB_vs_WR,6790,1426
comp,hwang,2021,RB_vs_WR,6790,5859
comp,hwang,2021,RB_vs_WR,5850,6794
comp,hwang,2021,RB_vs_WR,5850,1479
comp,hwang,2021,RB_vs_WR,5850,5927
comp,hwang,2021,RB_vs_WR,6151,6794
comp,hwang,2021,RB_vs_WR,6151,1479
comp,hwang,2021,RB_vs_WR,6151,5927
comp,hwang,2021,RB_vs_WR,6151,6786
comp,hwang,2021,RB_vs_WR,6955,6794
comp,hwang,2021,RB_vs_WR,6955,1479
comp,hwang,2021,RB_vs_WR,6955,5927
comp,hwang,2021,RB_vs_WR,6955,6786
comp,hwang,2021,RB_vs_WR,7588,6794
comp,hwang,2021,RB_vs_WR,7588,1479
comp,hwang,2021,RB_vs_WR,7588,5927
comp,hwang,2021,RB_vs_WR,7588,6786
comp,hwang,2021,RB_vs_WR,5980,2216
comp,hwang,2021,RB_vs_WR,5980,1352
comp,hwang,2021,RB_vs_WR,5980,2309
comp,hwang,2021,RB_vs_WR,5980,4037
comp,hwang,2021,RB_vs_WR,5980,2374
comp,hwang,2021,RB_vs_WR,4098,2374
comp,hwang,2021,RB_vs_WR,4098,1689
comp,hwang,2021,RB_vs_WR,4098,4039
comp,hwang,2021,RB_vs_WR,4098,5937
comp,hwang,2021,RB_vs_WR,4098,4983
comp,hwang,2021,RB_vs_WR,5000,5937
comp,hwang,2021,RB_vs_WR,5000,4983
comp,hwang,2021,RB_vs_WR,5000,6803
comp,hwang,2021,RB_vs_WR,5000,6886
comp,hwang,2021,RB_vs_WR,5000,4040
comp,hwang,2021,RB_vs_WR,5000,6801
comp,hwang,2021,RB_vs_WR,5000,2078
comp,hwang,2021,RB_vs_WR,2749,4040
comp,hwang,2021,RB_vs_WR,2749,6801
comp,hwang,2021,RB_vs_WR,2749,2078
comp,hwang,2021,RB_vs_WR,2749,5045
comp,hwang,2021,RB_vs_WR,2749,6783
comp,hwang,2021,RB_vs_WR,2749,7564
comp,hwang,2021,RB_vs_WR,7593,2078
comp,hwang,2021,RB_vs_WR,7593,5045
comp,hwang,2021,RB_vs_WR,7593,6783
comp,hwang,2021,RB_vs_WR,7593,7564
comp,hwang,2021,RB_vs_WR,7593,7525
comp,hwang,2021,RB_vs_WR,6845,6814
comp,hwang,2021,RB_vs_WR,6845,6819
comp,hwang,2021,RB_vs_WR,6845,4951
comp,hwang,2021,RB_vs_WR,6845,5848
comp,hwang,2021,RB_vs_WR,6845,7526
comp,hwang,2021,RB_vs_WR,6828,6819
comp,hwang,2021,RB_vs_WR,6828,4951
comp,hwang,2021,RB_vs_WR,6828,5848
comp,hwang,2021,RB_vs_WR,6828,7526
comp,hwang,2021,RB_vs_WR,7607,5038
comp,hwang,2021,RB_vs_WR,7607,4068
comp,hwang,2021,RB_vs_WR,7607,6989
comp,hwang,2021,RB_vs_WR,4137,6989
comp,hwang,2021,RB_vs_WR,4137,4082
comp,hwang,2021,RB_vs_WR,4137,2319
comp,hwang,2021,RB_vs_WR,4149,2319
comp,hwang,2021,RB_vs_WR,4149,7090
comp,hwang,2021,RB_vs_WR,6130,7596
comp,hwang,2021,RB_vs_WR,5967,5947
comp,hwang,2021,RB_vs_WR,7594,5086
comp,hwang,2021,RB_vs_WR,4985,6824
comp,hwang,2021,RB_vs_WR,2161,6234
comp,hwang,2021,RB_vs_WR,2161,7559
comp,hwang,2021,RB_vs_WR,2161,6847
comp,hwang,2021,RB_vs_WR,6039,6234
comp,hwang,2021,RB_vs_WR,6039,7559
comp,hwang,2021,RB_vs_WR,6039,6847
comp,hwang,2021,RB_vs_WR,6039,7713
comp,hwang,2021,RB_vs_WR,7045,6234
comp,hwang,2021,RB_vs_WR,7045,7559
comp,hwang,2021,RB_vs_WR,7045,6847
comp,hwang,2021,RB_vs_WR,7045,7713
comp,hwang,2021,RB_vs_WR,5122,7713
comp,hwang,2021,RB_vs_TE,4988,1466
comp,hwang,2021,RB_vs_TE,6945,1466
comp,hwang,2021,RB_vs_TE,7528,1466
comp,hwang,2021,RB_vs_TE,4018,1466
comp,hwang,2021,RB_vs_TE,4018,2505
comp,hwang,2021,RB_vs_TE,4018,4217
comp,hwang,2021,RB_vs_TE,6820,2505
comp,hwang,2021,RB_vs_TE,6820,4217
comp,hwang,2021,RB_vs_TE,5892,2505
comp,hwang,2021,RB_vs_TE,5892,4217
comp,hwang,2021,RB_vs_TE,6790,7553
comp,hwang,2021,RB_vs_TE,5850,5012
comp,hwang,2021,RB_vs_TE,5850,5844
comp,hwang,2021,RB_vs_TE,6151,5012
comp,hwang,2021,RB_vs_TE,6151,5844
comp,hwang,2021,RB_vs_TE,6955,5012
comp,hwang,2021,RB_vs_TE,6955,5844
comp,hwang,2021,RB_vs_TE,7588,5012
comp,hwang,2021,RB_vs_TE,7588,5844
comp,hwang,2021,RB_vs_TE,6845,3271
comp,hwang,2021,RB_vs_TE,6828,3271
comp,hwang,2021,RB_vs_TE,7607,4993
comp,hwang,2021,RB_vs_TE,7607,4144
comp,hwang,2021,RB_vs_TE,4137,3214
comp,hwang,2021,RB_vs_TE,4149,3214
comp,hwang,2021,RB_vs_TE,6130,4066
comp,hwang,2021,RB_vs_TE,7594,6074
comp,hwang,2021,RB_vs_TE,7611,4973
comp,hwang,2021,RB_vs_TE,5987,4973
comp,hwang,2021,RB_vs_TE,7567,4381
comp,hwang,2021,RB_vs_TE,7567,5906
comp,hwang,2021,RB_vs_TE,2161,6001
comp,hwang,2021,RB_vs_TE,6039,6001
comp,hwang,2021,RB_vs_TE,7045,6001
comp,hwang,2021,RB_vs_TE,5122,4995
comp,hwang,2021,WR_vs_TE,2133,1466
comp,hwang,2021,WR_vs_TE,2133,2505
comp,hwang,2021,WR_vs_TE,2133,4217
comp,hwang,2021,WR_vs_TE,3321,4217
comp,hwang,2021,WR_vs_TE,2449,4217
comp,hwang,2021,WR_vs_TE,2449,7553
comp,hwang,2021,WR_vs_TE,5846,7553
comp,hwang,2021,WR_vs_TE,4981,7553
comp,hwang,2021,WR_vs_TE,1426,7553
comp,hwang,2021,WR_vs_TE,5859,7553
comp,hwang,2021,WR_vs_TE,5859,5012
comp,hwang,2021,WR_vs_TE,6794,5012
comp,hwang,2021,WR_vs_TE,6794,5844
comp,hwang,2021,WR_vs_TE,1479,5012
comp,hwang,2021,WR_vs_TE,1479,5844
comp,hwang,2021,WR_vs_TE,5927,5012
comp,hwang,2021,WR_vs_TE,5927,5844
comp,hwang,2021,WR_vs_TE,7525,5857
comp,hwang,2021,WR_vs_TE,5872,5857
comp,hwang,2021,WR_vs_TE,3225,5857
comp,hwang,2021,WR_vs_TE,3225,5022
comp,hwang,2021,WR_vs_TE,2197,5022
comp,hwang,2021,WR_vs_TE,6814,5022
comp,hwang,2021,WR_vs_TE,6819,5022
comp,hwang,2021,WR_vs_TE,4951,5022
comp,hwang,2021,WR_vs_TE,5848,3271
comp,hwang,2021,WR_vs_TE,7526,3271
comp,hwang,2021,WR_vs_TE,5038,3271
comp,hwang,2021,WR_vs_TE,5038,4993
comp,hwang,2021,WR_vs_TE,5038,4144
comp,hwang,2021,WR_vs_TE,4068,3271
comp,hwang,2021,WR_vs_TE,4068,4993
comp,hwang,2021,WR_vs_TE,4068,4144
comp,hwang,2021,WR_vs_TE,6989,4144
comp,hwang,2021,WR_vs_TE,4082,4144
comp,hwang,2021,WR_vs_TE,2319,3214
comp,hwang,2021,WR_vs_TE,7090,3214
comp,hwang,2021,WR_vs_TE,5917,4066
comp,hwang,2021,WR_vs_TE,7596,4089
comp,hwang,2021,WR_vs_TE,5947,1339
comp,hwang,2021,WR_vs_TE,7565,1339
comp,hwang,2021,WR_vs_TE,5086,6074
comp,hwang,2021,WR_vs_TE,7571,6074
comp,hwang,2021,WR_vs_TE,5185,4973
comp,hwang,2021,WR_vs_TE,7587,4381
comp,hwang,2021,WR_vs_TE,7587,5906
comp,hwang,2021,WR_vs_TE,6805,7002
comp,hwang,2021,WR_vs_TE,6943,7002
comp,hwang,2021,WR_vs_TE,6853,7002
comp,hwang,2021,WR_vs_TE,6149,6850
comp,hwang,2021,WR_vs_TE,6149,4033
comp,hwang,2021,WR_vs_TE,7670,6850
comp,hwang,2021,WR_vs_TE,7670,4033
comp,hwang,2021,WR_vs_TE,5955,4033
comp,hwang,2021,WR_vs_TE,5955,4054
comp,hwang,2021,WR_vs_TE,4171,4054
comp,hwang,2021,WR_vs_TE,6927,4054
comp,hwang,2021,WR_vs_TE,6927,5010
comp,hwang,2021,WR_vs_TE,3286,7568
comp,hwang,2021,WR_vs_TE,4351,7568
comp,hwang,2021,WR_vs_TE,4351,7694
comp,hwang,2021,WR_vs_TE,6421,7568
comp,hwang,2021,WR_vs_TE,6421,7694
comp,hwang,2021,WR_vs_TE,6421,7828
comp,hwang,2021,WR_vs_TE,6421,6843
comp,hwang,2021,WR_vs_TE,7595,7828
comp,hwang,2021,WR_vs_TE,7595,6843
comp,hwang,2021,WR_vs_TE,7595,7602
comp,hwang,2021,WR_vs_TE,7595,5985
comp,hwang,2021,WR_vs_TE,6271,6843
comp,hwang,2021,WR_vs_TE,6271,7602
comp,hwang,2021,WR_vs_TE,6271,5985
comp,hwang,2021,WR_vs_TE,4454,6843
comp,hwang,2021,WR_vs_TE,4454,7602
comp,hwang,2021,WR_vs_TE,4454,5985
comp,hwang,2021,WR_vs_TE,6960,7602
comp,hwang,2021,WR_vs_TE,6960,5985
comp,hwang,2021,WR_vs_TE,6290,7535
comp,hwang,2021,WR_vs_TE,7533,7535
comp,hwang,2021,WR_vs_TE,6234,6001
comp,hwang,2021,WR_vs_TE,7559,6001
comp,hwang,2021,WR_vs_TE,6847,6001
comp,hwang,2021,WR_vs_TE,7713,4995
comp,hwang,2022,QB_vs_RB,4881,4663
comp,hwang,2022,QB_vs_RB,6904,4029
comp,hwang,2022,QB_vs_RB,6904,7528
comp,hwang,2022,QB_vs_RB,5849,7528
comp,hwang,2022,QB_vs_RB,5849,3198
comp,hwang,2022,QB_vs_RB,6770,4035
comp,hwang,2022,QB_vs_RB,6770,7588
comp,hwang,2022,QB_vs_RB,6770,4866
comp,hwang,2022,QB_vs_RB,6770,6790
comp,hwang,2022,QB_vs_RB,1234,4988
comp,hwang,2022,QB_vs_RB,1234,4137
comp,hwang,2022,QB_vs_RB,1234,4199
comp,hwang,2022,QB_vs_RB,7610,7543
comp,hwang,2022,QB_vs_RB,7610,3164
comp,hwang,2022,QB_vs_RB,7610,6938
comp,hwang,2022,QB_vs_RB,3294,3164
comp,hwang,2022,QB_vs_RB,3294,6938
comp,hwang,2022,QB_vs_RB,3294,5892
comp,hwang,2022,QB_vs_RB,421,8129
comp,hwang,2022,QB_vs_RB,421,8155
comp,hwang,2022,QB_vs_RB,421,6806
comp,hwang,2022,QB_vs_RB,96,6806
comp,hwang,2022,QB_vs_RB,96,6828
comp,hwang,2022,QB_vs_RB,96,7561
comp,hwang,2022,QB_vs_RB,96,5967
comp,hwang,2022,QB_vs_RB,96,5850
comp,hwang,2022,QB_vs_RB,2028,6806
comp,hwang,2022,QB_vs_RB,2028,6828
comp,hwang,2022,QB_vs_RB,2028,7561
comp,hwang,2022,QB_vs_RB,2028,5967
comp,hwang,2022,QB_vs_RB,2028,5850
comp,hwang,2022,QB_vs_RB,1166,6828
comp,hwang,2022,QB_vs_RB,1166,7561
comp,hwang,2022,QB_vs_RB,1166,5967
comp,hwang,2022,QB_vs_RB,1166,5850
comp,hwang,2022,QB_vs_RB,1166,5000
comp,hwang,2022,QB_vs_RB,7591,7561
comp,hwang,2022,QB_vs_RB,7591,5967
comp,hwang,2022,QB_vs_RB,7591,5850
comp,hwang,2022,QB_vs_RB,7591,5000
comp,hwang,2022,QB_vs_RB,7591,7611
comp,hwang,2022,QB_vs_RB,6768,5000
comp,hwang,2022,QB_vs_RB,6768,7611
comp,hwang,2022,QB_vs_RB,7523,5000
comp,hwang,2022,QB_vs_RB,7523,7611
comp,hwang,2022,QB_vs_RB,2306,6945
comp,hwang,2022,QB_vs_RB,2306,4985
comp,hwang,2022,QB_vs_RB,2306,6820
comp,hwang,2022,QB_vs_RB,5870,1535
comp,hwang,2022,QB_vs_RB,5870,4098
comp,hwang,2022,QB_vs_RB,5870,8138
comp,hwang,2022,QB_vs_RB,3163,8138
comp,hwang,2022,QB_vs_RB,3163,8136
comp,hwang,2022,QB_vs_RB,3163,8151
comp,hwang,2022,QB_vs_RB,1049,8151
comp,hwang,2022,QB_vs_RB,1049,6151
comp,hwang,2022,QB_vs_RB,7527,8151
comp,hwang,2022,QB_vs_RB,7527,6151
comp,hwang,2022,QB_vs_RB,4892,6151
comp,hwang,2022,QB_vs_RB,4892,7567
comp,hwang,2022,QB_vs_RB,7538,8132
comp,hwang,2022,QB_vs_RB,7538,7607
comp,hwang,2022,QB_vs_RB,4017,7608
comp,hwang,2022,QB_vs_RB,2307,7608
comp,hwang,2022,QB_vs_RB,8161,8139
comp,hwang,2022,QB_vs_RB,1373,8205
comp,hwang,2022,QB_vs_RB,1373,2749
comp,hwang,2022,QB_vs_RB,8159,2161
comp,hwang,2022,QB_vs_RB,8159,8154
comp,hwang,2022,QB_vs_RB,3257,8154
comp,hwang,2022,QB_vs_RB,3257,8211
comp,hwang,2022,QB_vs_RB,1837,8153
comp,hwang,2022,QB_vs_RB,1837,4111
comp,hwang,2022,QB_vs_RB,1837,6951
comp,hwang,2022,QB_vs_RB,6804,5980
comp,hwang,2022,QB_vs_RB,827,6885
comp,hwang,2022,QB_vs_RB,4943,8116
comp,hwang,2022,QB_vs_WR,6904,6794
comp,hwang,2022,QB_vs_WR,5849,6794
comp,hwang,2022,QB_vs_WR,5849,4039
comp,hwang,2022,QB_vs_WR,6770,7564
comp,hwang,2022,QB_vs_WR,1234,7564
comp,hwang,2022,QB_vs_WR,7610,2449
comp,hwang,2022,QB_vs_WR,7610,2133
comp,hwang,2022,QB_vs_WR,7610,5872
comp,hwang,2022,QB_vs_WR,7610,6786
comp,hwang,2022,QB_vs_WR,3294,2449
comp,hwang,2022,QB_vs_WR,3294,2133
comp,hwang,2022,QB_vs_WR,3294,5872
comp,hwang,2022,QB_vs_WR,3294,6786
comp,hwang,2022,QB_vs_WR,3294,3321
comp,hwang,2022,QB_vs_WR,3294,5859
comp,hwang,2022,QB_vs_WR,3294,2216
comp,hwang,2022,QB_vs_WR,3294,1479
comp,hwang,2022,QB_vs_WR,421,6819
comp,hwang,2022,QB_vs_WR,421,6801
comp,hwang,2022,QB_vs_WR,421,5045
comp,hwang,2022,QB_vs_WR,421,4983
comp,hwang,2022,QB_vs_WR,421,4068
comp,hwang,2022,QB_vs_WR,96,6801
comp,hwang,2022,QB_vs_WR,96,5045
comp,hwang,2022,QB_vs_WR,96,4983
comp,hwang,2022,QB_vs_WR,96,4068
comp,hwang,2022,QB_vs_WR,96,7526
comp,hwang,2022,QB_vs_WR,96,5848
comp,hwang,2022,QB_vs_WR,96,7547
comp,hwang,2022,QB_vs_WR,96,5927
comp,hwang,2022,QB_vs_WR,96,4037
comp,hwang,2022,QB_vs_WR,96,7090
comp,hwang,2022,QB_vs_WR,96,5937
comp,hwang,2022,QB_vs_WR,96,2197
comp,hwang,2022,QB_vs_WR,2028,4983
comp,hwang,2022,QB_vs_WR,2028,4068
comp,hwang,2022,QB_vs_WR,2028,7526
comp,hwang,2022,QB_vs_WR,2028,5848
comp,hwang,2022,QB_vs_WR,2028,7547
comp,hwang,2022,QB_vs_WR,2028,5927
comp,hwang,2022,QB_vs_WR,2028,4037
comp,hwang,2022,QB_vs_WR,2028,7090
comp,hwang,2022,QB_vs_WR,2028,5937
comp,hwang,2022,QB_vs_WR,2028,2197
comp,hwang,2022,QB_vs_WR,1166,7526
comp,hwang,2022,QB_vs_WR,1166,5848
comp,hwang,2022,QB_vs_WR,1166,7547
comp,hwang,2022,QB_vs_WR,1166,5927
comp,hwang,2022,QB_vs_WR,1166,4037
comp,hwang,2022,QB_vs_WR,1166,7090
comp,hwang,2022,QB_vs_WR,1166,5937
comp,hwang,2022,QB_vs_WR,1166,2197
comp,hwang,2022,QB_vs_WR,1166,5185
comp,hwang,2022,QB_vs_WR,1166,5846
comp,hwang,2022,QB_vs_WR,1166,3199
comp,hwang,2022,QB_vs_WR,1166,4040
comp,hwang,2022,QB_vs_WR,1166,7571
comp,hwang,2022,QB_vs_WR,1166,6783
comp,hwang,2022,QB_vs_WR,1166,1689
comp,hwang,2022,QB_vs_WR,7591,4037
comp,hwang,2022,QB_vs_WR,7591,7090
comp,hwang,2022,QB_vs_WR,7591,5937
comp,hwang,2022,QB_vs_WR,7591,2197
comp,hwang,2022,QB_vs_WR,7591,5185
comp,hwang,2022,QB_vs_WR,7591,5846
comp,hwang,2022,QB_vs_WR,7591,3199
comp,hwang,2022,QB_vs_WR,7591,4040
comp,hwang,2022,QB_vs_WR,7591,7571
comp,hwang,2022,QB_vs_WR,7591,6783
comp,hwang,2022,QB_vs_WR,7591,1689
comp,hwang,2022,QB_vs_WR,7591,7596
comp,hwang,2022,QB_vs_WR,6768,5185
comp,hwang,2022,QB_vs_WR,6768,5846
comp,hwang,2022,QB_vs_WR,6768,3199
comp,hwang,2022,QB_vs_WR,6768,4040
comp,hwang,2022,QB_vs_WR,6768,7571
comp,hwang,2022,QB_vs_WR,6768,6783
comp,hwang,2022,QB_vs_WR,6768,1689
comp,hwang,2022,QB_vs_WR,6768,7596
comp,hwang,2022,QB_vs_WR,6768,6803
comp,hwang,2022,QB_vs_WR,6768,7525
comp,hwang,2022,QB_vs_WR,7523,4040
comp,hwang,2022,QB_vs_WR,7523,7571
comp,hwang,2022,QB_vs_WR,7523,6783
comp,hwang,2022,QB_vs_WR,7523,1689
comp,hwang,2022,QB_vs_WR,7523,7596
comp,hwang,2022,QB_vs_WR,7523,6803
comp,hwang,2022,QB_vs_WR,7523,7525
comp,hwang,2022,QB_vs_WR,2306,7525
comp,hwang,2022,QB_vs_WR,2306,1426
comp,hwang,2022,QB_vs_WR,2306,4950
comp,hwang,2022,QB_vs_WR,2306,2309
comp,hwang,2022,QB_vs_WR,2306,8135
comp,hwang,2022,QB_vs_WR,5870,8144
comp,hwang,2022,QB_vs_WR,5870,5038
comp,hwang,2022,QB_vs_WR,5870,1352
comp,hwang,2022,QB_vs_WR,5870,8168
comp,hwang,2022,QB_vs_WR,5870,5955
comp,hwang,2022,QB_vs_WR,3163,7606
comp,hwang,2022,QB_vs_WR,3163,5947
comp,hwang,2022,QB_vs_WR,3163,2374
comp,hwang,2022,QB_vs_WR,1049,5947
comp,hwang,2022,QB_vs_WR,1049,2374
comp,hwang,2022,QB_vs_WR,1049,4951
comp,hwang,2022,QB_vs_WR,1049,3225
comp,hwang,2022,QB_vs_WR,1049,8137
comp,hwang,2022,QB_vs_WR,7527,2374
comp,hwang,2022,QB_vs_WR,7527,4951
comp,hwang,2022,QB_vs_WR,7527,3225
comp,hwang,2022,QB_vs_WR,7527,8137
comp,hwang,2022,QB_vs_WR,4892,8137
comp,hwang,2022,QB_vs_WR,4892,6886
comp,hwang,2022,QB_vs_WR,4892,8119
comp,hwang,2022,QB_vs_WR,7585,5086
comp,hwang,2022,QB_vs_WR,7585,7569
comp,hwang,2022,QB_vs_WR,7585,8146
comp,hwang,2022,QB_vs_WR,7538,8121
comp,hwang,2022,QB_vs_WR,4017,8142
comp,hwang,2022,QB_vs_WR,4017,5917
comp,hwang,2022,QB_vs_WR,2307,5917
comp,hwang,2022,QB_vs_WR,2307,8148
comp,hwang,2022,QB_vs_WR,2307,8117
comp,hwang,2022,QB_vs_WR,8160,5880
comp,hwang,2022,QB_vs_WR,8160,2319
comp,hwang,2022,QB_vs_WR,3976,5880
comp,hwang,2022,QB_vs_WR,3976,2319
comp,hwang,2022,QB_vs_WR,8161,8118
comp,hwang,2022,QB_vs_WR,1373,6824
comp,hwang,2022,QB_vs_WR,1373,6805
comp,hwang,2022,QB_vs_WR,8159,6853
comp,hwang,2022,QB_vs_WR,8159,4454
comp,hwang,2022,QB_vs_WR,3257,4454
comp,hwang,2022,QB_vs_WR,1837,8134
comp,hwang,2022,QB_vs_WR,1837,5113
comp,hwang,2022,QB_vs_WR,1837,4080
comp,hwang,2022,QB_vs_WR,7083,8171
comp,hwang,2022,QB_vs_WR,7083,7565
comp,hwang,2022,QB_vs_WR,827,3634
comp,hwang,2022,QB_vs_WR,827,5970
comp,hwang,2022,QB_vs_WR,4943,5970
comp,hwang,2022,QB_vs_TE,6904,1466
comp,hwang,2022,QB_vs_TE,5849,1466
comp,hwang,2022,QB_vs_TE,6770,5012
comp,hwang,2022,QB_vs_TE,1234,5012
comp,hwang,2022,QB_vs_TE,1234,7553
comp,hwang,2022,QB_vs_TE,7610,7553
comp,hwang,2022,QB_vs_TE,421,4217
comp,hwang,2022,QB_vs_TE,421,2505
comp,hwang,2022,QB_vs_TE,96,5001
comp,hwang,2022,QB_vs_TE,2028,5001
comp,hwang,2022,QB_vs_TE,1166,5001
comp,hwang,2022,QB_vs_TE,7591,5022
comp,hwang,2022,QB_vs_TE,6768,5022
comp,hwang,2022,QB_vs_TE,6768,5844
comp,hwang,2022,QB_vs_TE,7523,5022
comp,hwang,2022,QB_vs_TE,7523,5844
comp,hwang,2022,QB_vs_TE,2306,5906
comp,hwang,2022,QB_vs_TE,2306,1339
comp,hwang,2022,QB_vs_TE,5870,6826
comp,hwang,2022,QB_vs_TE,3163,7600
comp,hwang,2022,QB_vs_TE,1049,6126
comp,hwang,2022,QB_vs_TE,1049,3214
comp,hwang,2022,QB_vs_TE,7527,6126
comp,hwang,2022,QB_vs_TE,7527,3214
comp,hwang,2022,QB_vs_TE,4892,3214
comp,hwang,2022,QB_vs_TE,4892,6843
comp,hwang,2022,QB_vs_TE,4892,4993
comp,hwang,2022,QB_vs_TE,4892,4033
comp,hwang,2022,QB_vs_TE,7585,4089
comp,hwang,2022,QB_vs_TE,7538,3271
comp,hwang,2022,QB_vs_TE,4017,4066
comp,hwang,2022,QB_vs_TE,2307,4066
comp,hwang,2022,QB_vs_TE,2307,4973
comp,hwang,2022,QB_vs_TE,8160,7568
comp,hwang,2022,QB_vs_TE,3976,7568
comp,hwang,2022,QB_vs_TE,8161,4054
comp,hwang,2022,QB_vs_TE,1373,5133
comp,hwang,2022,QB_vs_TE,1373,4144
comp,hwang,2022,QB_vs_TE,8159,8225
comp,hwang,2022,QB_vs_TE,8159,8130
comp,hwang,2022,QB_vs_TE,3257,8130
comp,hwang,2022,QB_vs_TE,1837,6869
comp,hwang,2022,QB_vs_TE,1837,6074
comp,hwang,2022,QB_vs_TE,7083,7694
comp,hwang,2022,QB_vs_TE,6011,7828
comp,hwang,2022,QB_vs_TE,6011,7602
comp,hwang,2022,QB_vs_TE,6804,7602
comp,hwang,2022,QB_vs_TE,4943,7002
comp,hwang,2022,QB_vs_TE,2711,5973
comp,hwang,2022,QB_vs_TE,5089,5973
comp,hwang,2022,QB_vs_TE,8157,5973
comp,hwang,2022,RB_vs_WR,4029,6794
comp,hwang,2022,RB_vs_WR,7528,6794
comp,hwang,2022,RB_vs_WR,3198,4039
comp,hwang,2022,RB_vs_WR,4018,4039
comp,hwang,2022,RB_vs_WR,6790,7564
comp,hwang,2022,RB_vs_WR,4988,7564
comp,hwang,2022,RB_vs_WR,4137,7564
comp,hwang,2022,RB_vs_WR,4199,2449
comp,hwang,2022,RB_vs_WR,7543,2449
comp,hwang,2022,RB_vs_WR,7543,2133
comp,hwang,2022,RB_vs_WR,7543,5872
comp,hwang,2022,RB_vs_WR,3164,2449
comp,hwang,2022,RB_vs_WR,3164,2133
comp,hwang,2022,RB_vs_WR,3164,5872
comp,hwang,2022,RB_vs_WR,6938,2449
comp,hwang,2022,RB_vs_WR,6938,2133
comp,hwang,2022,RB_vs_WR,6938,5872
comp,hwang,2022,RB_vs_WR,6938,6786
comp,hwang,2022,RB_vs_WR,5892,2133
comp,hwang,2022,RB_vs_WR,5892,5872
comp,hwang,2022,RB_vs_WR,5892,6786
comp,hwang,2022,RB_vs_WR,5892,3321
comp,hwang,2022,RB_vs_WR,5892,5859
comp,hwang,2022,RB_vs_WR,5892,2216
comp,hwang,2022,RB_vs_WR,5892,1479
comp,hwang,2022,RB_vs_WR,8129,3321
comp,hwang,2022,RB_vs_WR,8129,5859
comp,hwang,2022,RB_vs_WR,8129,2216
comp,hwang,2022,RB_vs_WR,8129,1479
comp,hwang,2022,RB_vs_WR,8129,6819
comp,hwang,2022,RB_vs_WR,8129,6801
comp,hwang,2022,RB_vs_WR,8129,5045
comp,hwang,2022,RB_vs_WR,8129,4983
comp,hwang,2022,RB_vs_WR,8155,3321
comp,hwang,2022,RB_vs_WR,8155,5859
comp,hwang,2022,RB_vs_WR,8155,2216
comp,hwang,2022,RB_vs_WR,8155,1479
comp,hwang,2022,RB_vs_WR,8155,6819
comp,hwang,2022,RB_vs_WR,8155,6801
comp,hwang,2022,RB_vs_WR,8155,5045
comp,hwang,2022,RB_vs_WR,8155,4983
comp,hwang,2022,RB_vs_WR,6806,6819
comp,hwang,2022,RB_vs_WR,6806,6801
comp,hwang,2022,RB_vs_WR,6806,5045
comp,hwang,2022,RB_vs_WR,6806,4983
comp,hwang,2022,RB_vs_WR,6806,4068
comp,hwang,2022,RB_vs_WR,6806,7526
comp,hwang,2022,RB_vs_WR,6806,5848
comp,hwang,2022,RB_vs_WR,6806,7547
comp,hwang,2022,RB_vs_WR,6806,5927
comp,hwang,2022,RB_vs_WR,6806,4037
comp,hwang,2022,RB_vs_WR,6806,7090
comp,hwang,2022,RB_vs_WR,6806,5937
comp,hwang,2022,RB_vs_WR,6828,4983
comp,hwang,2022,RB_vs_WR,6828,4068
comp,hwang,2022,RB_vs_WR,6828,7526
comp,hwang,2022,RB_vs_WR,6828,5848
comp,hwang,2022,RB_vs_WR,6828,7547
comp,hwang,2022,RB_vs_WR,6828,5927
comp,hwang,2022,RB_vs_WR,6828,4037
comp,hwang,2022,RB_vs_WR,6828,7090
comp,hwang,2022,RB_vs_WR,6828,5937
comp,hwang,2022,RB_vs_WR,6828,2197
comp,hwang,2022,RB_vs_WR,7561,7526
comp,hwang,2022,RB_vs_WR,7561,5848
comp,hwang,2022,RB_vs_WR,7561,7547
comp,hwang,2022,RB_vs_WR,7561,5927
comp,hwang,2022,RB_vs_WR,7561,4037
comp,hwang,2022,RB_vs_WR,7561,7090
comp,hwang,2022,RB_vs_WR,7561,5937
comp,hwang,2022,RB_vs_WR,7561,2197
comp,hwang,2022,RB_vs_WR,7561,5185
comp,hwang,2022,RB_vs_WR,7561,5846
comp,hwang,2022,RB_vs_WR,7561,3199
comp,hwang,2022,RB_vs_WR,5967,7526
comp,hwang,2022,RB_vs_WR,5967,5848
comp,hwang,2022,RB_vs_WR,5967,7547
comp,hwang,2022,RB_vs_WR,5967,5927
comp,hwang,2022,RB_vs_WR,5967,4037
comp,hwang,2022,RB_vs_WR,5967,7090
comp,hwang,2022,RB_vs_WR,5967,5937
comp,hwang,2022,RB_vs_WR,5967,2197
comp,hwang,2022,RB_vs_WR,5967,5185
comp,hwang,2022,RB_vs_WR,5967,5846
comp,hwang,2022,RB_vs_WR,5967,3199
comp,hwang,2022,RB_vs_WR,5967,4040
comp,hwang,2022,RB_vs_WR,5967,7571
comp,hwang,2022,RB_vs_WR,5967,6783
comp,hwang,2022,RB_vs_WR,5850,7526
comp,hwang,2022,RB_vs_WR,5850,5848
comp,hwang,2022,RB_vs_WR,5850,7547
comp,hwang,2022,RB_vs_WR,5850,5927
comp,hwang,2022,RB_vs_WR,5850,4037
comp,hwang,2022,RB_vs_WR,5850,7090
comp,hwang,2022,RB_vs_WR,5850,5937
comp,hwang,2022,RB_vs_WR,5850,2197
comp,hwang,2022,RB_vs_WR,5850,5185
comp,hwang,2022,RB_vs_WR,5850,5846
comp,hwang,2022,RB_vs_WR,5850,3199
comp,hwang,2022,RB_vs_WR,5850,4040
comp,hwang,2022,RB_vs_WR,5850,7571
comp,hwang,2022,RB_vs_WR,5850,6783
comp,hwang,2022,RB_vs_WR,5000,2197
comp,hwang,2022,RB_vs_WR,5000,5185
comp,hwang,2022,RB_vs_WR,5000,5846
comp,hwang,2022,RB_vs_WR,5000,3199
comp,hwang,2022,RB_vs_WR,5000,4040
comp,hwang,2022,RB_vs_WR,5000,7571
comp,hwang,2022,RB_vs_WR,5000,6783
comp,hwang,2022,RB_vs_WR,5000,1689
comp,hwang,2022,RB_vs_WR,5000,7596
comp,hwang,2022,RB_vs_WR,5000,6803
comp,hwang,2022,RB_vs_WR,7611,5185
comp,hwang,2022,RB_vs_WR,7611,5846
comp,hwang,2022,RB_vs_WR,7611,3199
comp,hwang,2022,RB_vs_WR,7611,4040
comp,hwang,2022,RB_vs_WR,7611,7571
comp,hwang,2022,RB_vs_WR,7611,6783
comp,hwang,2022,RB_vs_WR,7611,1689
comp,hwang,2022,RB_vs_WR,7611,7596
comp,hwang,2022,RB_vs_WR,7611,6803
comp,hwang,2022,RB_vs_WR,7611,7525
comp,hwang,2022,RB_vs_WR,6945,6803
comp,hwang,2022,RB_vs_WR,6945,7525
comp,hwang,2022,RB_vs_WR,6945,1426
comp,hwang,2022,RB_vs_WR,6945,4950
comp,hwang,2022,RB_vs_WR,6945,2309
comp,hwang,2022,RB_vs_WR,6945,8135
comp,hwang,2022,RB_vs_WR,4985,7525
comp,hwang,2022,RB_vs_WR,4985,1426
comp,hwang,2022,RB_vs_WR,4985,4950
comp,hwang,2022,RB_vs_WR,4985,2309
comp,hwang,2022,RB_vs_WR,4985,8135
comp,hwang,2022,RB_vs_WR,6820,1426
comp,hwang,2022,RB_vs_WR,6820,4950
comp,hwang,2022,RB_vs_WR,6820,2309
comp,hwang,2022,RB_vs_WR,6820,8135
comp,hwang,2022,RB_vs_WR,6820,8112
comp,hwang,2022,RB_vs_WR,6130,4950
comp,hwang,2022,RB_vs_WR,6130,2309
comp,hwang,2022,RB_vs_WR,6130,8135
comp,hwang,2022,RB_vs_WR,6130,8112
comp,hwang,2022,RB_vs_WR,6130,8144
comp,hwang,2022,RB_vs_WR,6130,5038
comp,hwang,2022,RB_vs_WR,1535,8144
comp,hwang,2022,RB_vs_WR,1535,5038
comp,hwang,2022,RB_vs_WR,1535,1352
comp,hwang,2022,RB_vs_WR,1535,8168
comp,hwang,2022,RB_vs_WR,1535,5955
comp,hwang,2022,RB_vs_WR,4098,8144
comp,hwang,2022,RB_vs_WR,4098,5038
comp,hwang,2022,RB_vs_WR,4098,1352
comp,hwang,2022,RB_vs_WR,4098,8168
comp,hwang,2022,RB_vs_WR,4098,5955
comp,hwang,2022,RB_vs_WR,8138,1352
comp,hwang,2022,RB_vs_WR,8138,8168
comp,hwang,2022,RB_vs_WR,8138,5955
comp,hwang,2022,RB_vs_WR,8138,7606
comp,hwang,2022,RB_vs_WR,8136,7606
comp,hwang,2022,RB_vs_WR,8136,5947
comp,hwang,2022,RB_vs_WR,8136,2374
comp,hwang,2022,RB_vs_WR,8136,4951
comp,hwang,2022,RB_vs_WR,8151,5947
comp,hwang,2022,RB_vs_WR,8151,2374
comp,hwang,2022,RB_vs_WR,8151,4951
comp,hwang,2022,RB_vs_WR,8151,3225
comp,hwang,2022,RB_vs_WR,6151,4951
comp,hwang,2022,RB_vs_WR,6151,3225
comp,hwang,2022,RB_vs_WR,6151,8137
comp,hwang,2022,RB_vs_WR,6151,6886
comp,hwang,2022,RB_vs_WR,7567,8119
comp,hwang,2022,RB_vs_WR,7567,5086
comp,hwang,2022,RB_vs_WR,7567,7569
comp,hwang,2022,RB_vs_WR,8132,8121
comp,hwang,2022,RB_vs_WR,7607,4197
comp,hwang,2022,RB_vs_WR,7607,8142
comp,hwang,2022,RB_vs_WR,6955,4197
comp,hwang,2022,RB_vs_WR,6955,8142
comp,hwang,2022,RB_vs_WR,7608,5917
comp,hwang,2022,RB_vs_WR,7608,8148
comp,hwang,2022,RB_vs_WR,7608,8117
comp,hwang,2022,RB_vs_WR,5987,8126
comp,hwang,2022,RB_vs_WR,5987,7066
comp,hwang,2022,RB_vs_WR,4149,7066
comp,hwang,2022,RB_vs_WR,8139,8118
comp,hwang,2022,RB_vs_WR,8205,6824
comp,hwang,2022,RB_vs_WR,8205,6805
comp,hwang,2022,RB_vs_WR,2749,6824
comp,hwang,2022,RB_vs_WR,2749,6805
comp,hwang,2022,RB_vs_WR,2161,6853
comp,hwang,2022,RB_vs_WR,2161,4454
comp,hwang,2022,RB_vs_WR,8154,6853
comp,hwang,2022,RB_vs_WR,8154,4454
comp,hwang,2022,RB_vs_WR,8211,6814
comp,hwang,2022,RB_vs_WR,8211,7496
comp,hwang,2022,RB_vs_WR,8153,5113
comp,hwang,2022,RB_vs_WR,8153,4080
comp,hwang,2022,RB_vs_WR,4111,5113
comp,hwang,2022,RB_vs_WR,4111,4080
comp,hwang,2022,RB_vs_WR,6951,5113
comp,hwang,2022,RB_vs_WR,6951,4080
comp,hwang,2022,RB_vs_WR,6845,5121
comp,hwang,2022,RB_vs_WR,6845,6421
comp,hwang,2022,RB_vs_WR,6845,6943
comp,hwang,2022,RB_vs_WR,7594,5121
comp,hwang,2022,RB_vs_WR,7594,6421
comp,hwang,2022,RB_vs_WR,7594,6943
comp,hwang,2022,RB_vs_WR,6694,6847
comp,hwang,2022,RB_vs_WR,6694,7562
comp,hwang,2022,RB_vs_WR,6694,6989
comp,hwang,2022,RB_vs_WR,5122,7562
comp,hwang,2022,RB_vs_WR,5122,6989
comp,hwang,2022,RB_vs_WR,5122,8188
comp,hwang,2022,RB_vs_WR,8228,6989
comp,hwang,2022,RB_vs_WR,8228,8188
comp,hwang,2022,RB_vs_WR,7593,6271
comp,hwang,2022,RB_vs_WR,7593,5323
comp,hwang,2022,RB_vs_WR,7045,7533
comp,hwang,2022,RB_vs_WR,7045,7595
comp,hwang,2022,RB_vs_WR,7045,3286
comp,hwang,2022,RB_vs_WR,7045,6290
comp,hwang,2022,RB_vs_WR,7045,7713
comp,hwang,2022,RB_vs_WR,8150,3286
comp,hwang,2022,RB_vs_WR,8150,6290
comp,hwang,2022,RB_vs_WR,8150,7713
comp,hwang,2022,RB_vs_WR,6885,3634
comp,hwang,2022,RB_vs_WR,6885,5970
comp,hwang,2022,RB_vs_WR,8116,5970
comp,hwang,2022,RB_vs_TE,4029,1466
comp,hwang,2022,RB_vs_TE,7528,1466
comp,hwang,2022,RB_vs_TE,4866,5012
comp,hwang,2022,RB_vs_TE,6790,5012
comp,hwang,2022,RB_vs_TE,4988,5012
comp,hwang,2022,RB_vs_TE,4137,7553
comp,hwang,2022,RB_vs_TE,4199,7553
comp,hwang,2022,RB_vs_TE,7543,7553
comp,hwang,2022,RB_vs_TE,3164,7553
comp,hwang,2022,RB_vs_TE,6938,7553
comp,hwang,2022,RB_vs_TE,5892,4217
comp,hwang,2022,RB_vs_TE,8129,4217
comp,hwang,2022,RB_vs_TE,8129,2505
comp,hwang,2022,RB_vs_TE,8155,4217
comp,hwang,2022,RB_vs_TE,8155,2505
comp,hwang,2022,RB_vs_TE,6806,2505
comp,hwang,2022,RB_vs_TE,6806,5001
comp,hwang,2022,RB_vs_TE,6828,5001
comp,hwang,2022,RB_vs_TE,7561,5001
comp,hwang,2022,RB_vs_TE,5967,5001
comp,hwang,2022,RB_vs_TE,5850,5001
comp,hwang,2022,RB_vs_TE,5000,5022
comp,hwang,2022,RB_vs_TE,5000,5844
comp,hwang,2022,RB_vs_TE,7611,5022
comp,hwang,2022,RB_vs_TE,7611,5844
comp,hwang,2022,RB_vs_TE,6945,5844
comp,hwang,2022,RB_vs_TE,6945,5906
comp,hwang,2022,RB_vs_TE,4985,5906
comp,hwang,2022,RB_vs_TE,4985,1339
comp,hwang,2022,RB_vs_TE,6820,5906
comp,hwang,2022,RB_vs_TE,6820,1339
comp,hwang,2022,RB_vs_TE,6130,1339
comp,hwang,2022,RB_vs_TE,6130,6826
comp,hwang,2022,RB_vs_TE,1535,6826
comp,hwang,2022,RB_vs_TE,4098,6826
comp,hwang,2022,RB_vs_TE,8138,7600
comp,hwang,2022,RB_vs_TE,8136,7600
comp,hwang,2022,RB_vs_TE,8151,7600
comp,hwang,2022,RB_vs_TE,8151,6126
comp,hwang,2022,RB_vs_TE,6151,6126
comp,hwang,2022,RB_vs_TE,6151,3214
comp,hwang,2022,RB_vs_TE,6151,6843
comp,hwang,2022,RB_vs_TE,6151,4993
comp,hwang,2022,RB_vs_TE,7567,4993
comp,hwang,2022,RB_vs_TE,7567,4033
comp,hwang,2022,RB_vs_TE,8132,3271
comp,hwang,2022,RB_vs_TE,7607,5857
comp,hwang,2022,RB_vs_TE,6955,5857
comp,hwang,2022,RB_vs_TE,7608,4066
comp,hwang,2022,RB_vs_TE,5987,8131
comp,hwang,2022,RB_vs_TE,5987,3202
comp,hwang,2022,RB_vs_TE,4149,8131
comp,hwang,2022,RB_vs_TE,4149,3202
comp,hwang,2022,RB_vs_TE,8139,4054
comp,hwang,2022,RB_vs_TE,8205,5133
comp,hwang,2022,RB_vs_TE,8205,4144
comp,hwang,2022,RB_vs_TE,2749,5133
comp,hwang,2022,RB_vs_TE,2749,4144
comp,hwang,2022,RB_vs_TE,2161,4381
comp,hwang,2022,RB_vs_TE,2161,8225
comp,hwang,2022,RB_vs_TE,2161,8130
comp,hwang,2022,RB_vs_TE,8154,8130
comp,hwang,2022,RB_vs_TE,8211,8172
comp,hwang,2022,RB_vs_TE,8153,6074
comp,hwang,2022,RB_vs_TE,4111,6074
comp,hwang,2022,RB_vs_TE,6951,6074
comp,hwang,2022,RB_vs_TE,6951,8110
comp,hwang,2022,RB_vs_TE,6694,8219
comp,hwang,2022,RB_vs_TE,7593,8210
comp,hwang,2022,RB_vs_TE,7593,4995
comp,hwang,2022,RB_vs_TE,5980,7602
comp,hwang,2022,RB_vs_TE,8116,7002
comp,hwang,2022,RB_vs_TE,8221,7002
comp,hwang,2022,RB_vs_TE,8221,6001
comp,hwang,2022,RB_vs_TE,5347,6001
comp,hwang,2022,RB_vs_TE,6931,6001
comp,hwang,2022,RB_vs_TE,8123,6001
comp,hwang,2022,RB_vs_TE,8143,6001
comp,hwang,2022,RB_vs_TE,8408,5010
comp,hwang,2022,RB_vs_TE,7720,5010
comp,hwang,2022,RB_vs_TE,4147,5010
comp,hwang,2022,WR_vs_TE,6794,1466
comp,hwang,2022,WR_vs_TE,7564,5012
comp,hwang,2022,WR_vs_TE,2449,7553
comp,hwang,2022,WR_vs_TE,3321,4217
comp,hwang,2022,WR_vs_TE,5859,4217
comp,hwang,2022,WR_vs_TE,2216,4217
comp,hwang,2022,WR_vs_TE,1479,4217
comp,hwang,2022,WR_vs_TE,6819,4217
comp,hwang,2022,WR_vs_TE,6819,2505
comp,hwang,2022,WR_vs_TE,6801,4217
comp,hwang,2022,WR_vs_TE,6801,2505
comp,hwang,2022,WR_vs_TE,5045,4217
comp,hwang,2022,WR_vs_TE,5045,2505
comp,hwang,2022,WR_vs_TE,4983,4217
comp,hwang,2022,WR_vs_TE,4983,2505
comp,hwang,2022,WR_vs_TE,4983,5001
comp,hwang,2022,WR_vs_TE,4068,2505
comp,hwang,2022,WR_vs_TE,4068,5001
comp,hwang,2022,WR_vs_TE,7526,5001
comp,hwang,2022,WR_vs_TE,5848,5001
comp,hwang,2022,WR_vs_TE,7547,5001
comp,hwang,2022,WR_vs_TE,5927,5001
comp,hwang,2022,WR_vs_TE,4037,5001
comp,hwang,2022,WR_vs_TE,7090,5001
comp,hwang,2022,WR_vs_TE,5937,5001
comp,hwang,2022,WR_vs_TE,2197,5001
comp,hwang,2022,WR_vs_TE,3199,5022
comp,hwang,2022,WR_vs_TE,4040,5022
comp,hwang,2022,WR_vs_TE,7571,5022
comp,hwang,2022,WR_vs_TE,7571,5844
comp,hwang,2022,WR_vs_TE,6783,5022
comp,hwang,2022,WR_vs_TE,6783,5844
comp,hwang,2022,WR_vs_TE,1689,5022
comp,hwang,2022,WR_vs_TE,1689,5844
comp,hwang,2022,WR_vs_TE,7596,5022
comp,hwang,2022,WR_vs_TE,7596,5844
comp,hwang,2022,WR_vs_TE,6803,5022
comp,hwang,2022,WR_vs_TE,6803,5844
comp,hwang,2022,WR_vs_TE,7525,5022
comp,hwang,2022,WR_vs_TE,7525,5844
comp,hwang,2022,WR_vs_TE,1426,5844
comp,hwang,2022,WR_vs_TE,1426,5906
comp,hwang,2022,WR_vs_TE,4950,5906
comp,hwang,2022,WR_vs_TE,4950,1339
comp,hwang,2022,WR_vs_TE,2309,5906
comp,hwang,2022,WR_vs_TE,2309,1339
comp,hwang,2022,WR_vs_TE,8135,5906
comp,hwang,2022,WR_vs_TE,8135,1339
comp,hwang,2022,WR_vs_TE,8112,5906
comp,hwang,2022,WR_vs_TE,8112,1339
comp,hwang,2022,WR_vs_TE,8144,1339
comp,hwang,2022,WR_vs_TE,8144,6826
comp,hwang,2022,WR_vs_TE,5038,6826
comp,hwang,2022,WR_vs_TE,1352,6826
comp,hwang,2022,WR_vs_TE,8168,6826
comp,hwang,2022,WR_vs_TE,5955,6826
comp,hwang,2022,WR_vs_TE,7606,7600
comp,hwang,2022,WR_vs_TE,5947,7600
comp,hwang,2022,WR_vs_TE,2374,7600
comp,hwang,2022,WR_vs_TE,2374,6126
comp,hwang,2022,WR_vs_TE,4951,6126
comp,hwang,2022,WR_vs_TE,4951,3214
comp,hwang,2022,WR_vs_TE,3225,6126
comp,hwang,2022,WR_vs_TE,3225,3214
comp,hwang,2022,WR_vs_TE,3225,6843
comp,hwang,2022,WR_vs_TE,8137,6126
comp,hwang,2022,WR_vs_TE,8137,3214
comp,hwang,2022,WR_vs_TE,8137,6843
comp,hwang,2022,WR_vs_TE,8137,4993
comp,hwang,2022,WR_vs_TE,6886,6126
comp,hwang,2022,WR_vs_TE,6886,3214
comp,hwang,2022,WR_vs_TE,6886,6843
comp,hwang,2022,WR_vs_TE,6886,4993
comp,hwang,2022,WR_vs_TE,8119,6843
comp,hwang,2022,WR_vs_TE,8119,4993
comp,hwang,2022,WR_vs_TE,8119,4033
comp,hwang,2022,WR_vs_TE,5086,4033
comp,hwang,2022,WR_vs_TE,5086,4089
comp,hwang,2022,WR_vs_TE,7569,4089
comp,hwang,2022,WR_vs_TE,8146,4089
comp,hwang,2022,WR_vs_TE,8121,3271
comp,hwang,2022,WR_vs_TE,4197,5857
comp,hwang,2022,WR_vs_TE,8142,5857
comp,hwang,2022,WR_vs_TE,5917,4066
comp,hwang,2022,WR_vs_TE,5917,4973
comp,hwang,2022,WR_vs_TE,8148,4066
comp,hwang,2022,WR_vs_TE,8148,4973
comp,hwang,2022,WR_vs_TE,8117,4973
comp,hwang,2022,WR_vs_TE,8126,4973
comp,hwang,2022,WR_vs_TE,8126,8131
comp,hwang,2022,WR_vs_TE,8126,3202
comp,hwang,2022,WR_vs_TE,7066,8131
comp,hwang,2022,WR_vs_TE,7066,3202
comp,hwang,2022,WR_vs_TE,5880,7568
comp,hwang,2022,WR_vs_TE,2319,7568
comp,hwang,2022,WR_vs_TE,6824,5133
comp,hwang,2022,WR_vs_TE,6824,4144
comp,hwang,2022,WR_vs_TE,6805,5133
comp,hwang,2022,WR_vs_TE,6805,4144
comp,hwang,2022,WR_vs_TE,6853,4381
comp,hwang,2022,WR_vs_TE,6853,8225
comp,hwang,2022,WR_vs_TE,6853,8130
comp,hwang,2022,WR_vs_TE,4454,8225
comp,hwang,2022,WR_vs_TE,4454,8130
comp,hwang,2022,WR_vs_TE,6814,8172
comp,hwang,2022,WR_vs_TE,6814,6869
comp,hwang,2022,WR_vs_TE,7496,8172
comp,hwang,2022,WR_vs_TE,7496,6869
comp,hwang,2022,WR_vs_TE,8134,8172
comp,hwang,2022,WR_vs_TE,8134,6869
comp,hwang,2022,WR_vs_TE,5113,6869
comp,hwang,2022,WR_vs_TE,5113,6074
comp,hwang,2022,WR_vs_TE,4080,6074
comp,hwang,2022,WR_vs_TE,8171,7694
comp,hwang,2022,WR_vs_TE,7565,7694
comp,hwang,2022,WR_vs_TE,6943,8219
comp,hwang,2022,WR_vs_TE,6847,8219
comp,hwang,2022,WR_vs_TE,7562,8219
comp,hwang,2022,WR_vs_TE,7601,8111
comp,hwang,2022,WR_vs_TE,7601,6850
comp,hwang,2022,WR_vs_TE,7670,8111
comp,hwang,2022,WR_vs_TE,7670,6850
comp,hwang,2022,WR_vs_TE,6271,8210
comp,hwang,2022,WR_vs_TE,5323,8210
comp,hwang,2022,WR_vs_TE,5323,4995
comp,hwang,2022,WR_vs_TE,6149,8210
comp,hwang,2022,WR_vs_TE,6149,4995
comp,hwang,2022,WR_vs_TE,4198,7828
comp,hwang,2022,WR_vs_TE,5970,7002
comp,hwang,2022,WR_vs_TE,5938,5010
comp,hwang,2022,WR_vs_TE,5938,7716
comp,hwang,2023,QB_vs_RB,4046,4034
comp,hwang,2023,QB_vs_RB,4984,4034
comp,hwang,2023,QB_vs_RB,6904,4034
comp,hwang,2023,QB_vs_RB,4881,4663
comp,hwang,2023,QB_vs_RB,6770,9509
comp,hwang,2023,QB_vs_RB,6797,9509
comp,hwang,2023,QB_vs_RB,6797,4866
comp,hwang,2023,QB_vs_RB,6797,4988
comp,hwang,2023,QB_vs_RB,7591,4866
comp,hwang,2023,QB_vs_RB,7591,4988
comp,hwang,2023,QB_vs_RB,7523,5967
comp,hwang,2023,QB_vs_RB,7523,7611
comp,hwang,2023,QB_vs_RB,7523,7543
comp,hwang,2023,QB_vs_RB,7523,9221
comp,hwang,2023,QB_vs_RB,3294,7528
comp,hwang,2023,QB_vs_RB,3294,8155
comp,hwang,2023,QB_vs_RB,3294,8129
comp,hwang,2023,QB_vs_RB,6768,8155
comp,hwang,2023,QB_vs_RB,6768,8129
comp,hwang,2023,QB_vs_RB,6768,4199
comp,hwang,2023,QB_vs_RB,4017,8155
comp,hwang,2023,QB_vs_RB,4017,8129
comp,hwang,2023,QB_vs_RB,4017,4199
comp,hwang,2023,QB_vs_RB,4017,8138
comp,hwang,2023,QB_vs_RB,1166,4199
comp,hwang,2023,QB_vs_RB,1166,8138
comp,hwang,2023,QB_vs_RB,1166,5987
comp,hwang,2023,QB_vs_RB,1166,6813
comp,hwang,2023,QB_vs_RB,3163,8138
comp,hwang,2023,QB_vs_RB,3163,5987
comp,hwang,2023,QB_vs_RB,3163,6813
comp,hwang,2023,QB_vs_RB,3163,7588
comp,hwang,2023,QB_vs_RB,5870,5987
comp,hwang,2023,QB_vs_RB,5870,6813
comp,hwang,2023,QB_vs_RB,5870,7588
comp,hwang,2023,QB_vs_RB,5870,6151
comp,hwang,2023,QB_vs_RB,9229,5987
comp,hwang,2023,QB_vs_RB,9229,6813
comp,hwang,2023,QB_vs_RB,9229,7588
comp,hwang,2023,QB_vs_RB,9229,6151
comp,hwang,2023,QB_vs_RB,1373,6151
comp,hwang,2023,QB_vs_RB,1373,8136
comp,hwang,2023,QB_vs_RB,1373,6790
comp,hwang,2023,QB_vs_RB,1373,6938
comp,hwang,2023,QB_vs_RB,1373,8205
comp,hwang,2023,QB_vs_RB,1373,5892
comp,hwang,2023,QB_vs_RB,8183,9226
comp,hwang,2023,QB_vs_RB,8183,4029
comp,hwang,2023,QB_vs_RB,8183,4137
comp,hwang,2023,QB_vs_RB,421,4029
comp,hwang,2023,QB_vs_RB,421,4137
comp,hwang,2023,QB_vs_RB,421,8154
comp,hwang,2023,QB_vs_RB,421,7608
comp,hwang,2023,QB_vs_RB,421,6945
comp,hwang,2023,QB_vs_RB,6804,4137
comp,hwang,2023,QB_vs_RB,6804,8154
comp,hwang,2023,QB_vs_RB,6804,7608
comp,hwang,2023,QB_vs_RB,6804,6945
comp,hwang,2023,QB_vs_RB,6804,6828
comp,hwang,2023,QB_vs_RB,8160,7608
comp,hwang,2023,QB_vs_RB,8160,6945
comp,hwang,2023,QB_vs_RB,8160,6828
comp,hwang,2023,QB_vs_RB,8160,2749
comp,hwang,2023,QB_vs_RB,1234,6945
comp,hwang,2023,QB_vs_RB,1234,6828
comp,hwang,2023,QB_vs_RB,1234,2749
comp,hwang,2023,QB_vs_RB,2028,7561
comp,hwang,2023,QB_vs_RB,2028,9753
comp,hwang,2023,QB_vs_RB,2028,8228
comp,hwang,2023,QB_vs_RB,9758,9753
comp,hwang,2023,QB_vs_RB,9758,8228
comp,hwang,2023,QB_vs_RB,8162,4149
comp,hwang,2023,QB_vs_RB,9228,4147
comp,hwang,2023,QB_vs_RB,9228,2161
comp,hwang,2023,QB_vs_RB,4892,4147
comp,hwang,2023,QB_vs_RB,4892,2161
comp,hwang,2023,QB_vs_RB,5849,4985
comp,hwang,2023,QB_vs_RB,5849,7567
comp,hwang,2023,QB_vs_RB,1049,5248
comp,hwang,2023,QB_vs_RB,1049,8132
comp,hwang,2023,QB_vs_RB,1837,5248
comp,hwang,2023,QB_vs_RB,1837,8132
comp,hwang,2023,QB_vs_RB,1837,10235
comp,hwang,2023,QB_vs_RB,7527,4098
comp,hwang,2023,QB_vs_RB,8159,4098
comp,hwang,2023,QB_vs_RB,4943,9508
comp,hwang,2023,QB_vs_RB,4943,3164
comp,hwang,2023,QB_vs_RB,4179,4111
comp,hwang,2023,QB_vs_RB,4179,6820
comp,hwang,2023,QB_vs_RB,4179,9757
comp,hwang,2023,QB_vs_RB,10862,7594
comp,hwang,2023,QB_vs_RB,10862,6845
comp,hwang,2023,QB_vs_RB,5089,7594
comp,hwang,2023,QB_vs_RB,5089,6845
comp,hwang,2023,QB_vs_RB,8161,9505
comp,hwang,2023,QB_vs_RB,8161,8139
comp,hwang,2023,QB_vs_RB,10217,9506
comp,hwang,2023,QB_vs_RB,3257,7794
comp,hwang,2023,QB_vs_WR,6797,6794
comp,hwang,2023,QB_vs_WR,7591,6794
comp,hwang,2023,QB_vs_WR,7523,3321
comp,hwang,2023,QB_vs_WR,3294,7547
comp,hwang,2023,QB_vs_WR,3294,2133
comp,hwang,2023,QB_vs_WR,3294,8146
comp,hwang,2023,QB_vs_WR,3294,7526
comp,hwang,2023,QB_vs_WR,3294,8144
comp,hwang,2023,QB_vs_WR,6768,8146
comp,hwang,2023,QB_vs_WR,6768,7526
comp,hwang,2023,QB_vs_WR,6768,8144
comp,hwang,2023,QB_vs_WR,6768,7525
comp,hwang,2023,QB_vs_WR,4017,7526
comp,hwang,2023,QB_vs_WR,4017,8144
comp,hwang,2023,QB_vs_WR,4017,7525
comp,hwang,2023,QB_vs_WR,4017,4039
comp,hwang,2023,QB_vs_WR,4017,5872
comp,hwang,2023,QB_vs_WR,4017,4981
comp,hwang,2023,QB_vs_WR,1166,4039
comp,hwang,2023,QB_vs_WR,1166,5872
comp,hwang,2023,QB_vs_WR,1166,4981
comp,hwang,2023,QB_vs_WR,1166,6801
comp,hwang,2023,QB_vs_WR,1166,5846
comp,hwang,2023,QB_vs_WR,3163,4981
comp,hwang,2023,QB_vs_WR,3163,6801
comp,hwang,2023,QB_vs_WR,3163,5846
comp,hwang,2023,QB_vs_WR,3163,2309
comp,hwang,2023,QB_vs_WR,3163,1479
comp,hwang,2023,QB_vs_WR,3163,4068
comp,hwang,2023,QB_vs_WR,5870,6801
comp,hwang,2023,QB_vs_WR,5870,5846
comp,hwang,2023,QB_vs_WR,5870,2309
comp,hwang,2023,QB_vs_WR,5870,1479
comp,hwang,2023,QB_vs_WR,5870,4068
comp,hwang,2023,QB_vs_WR,5870,4983
comp,hwang,2023,QB_vs_WR,5870,6803
comp,hwang,2023,QB_vs_WR,9229,6801
comp,hwang,2023,QB_vs_WR,9229,5846
comp,hwang,2023,QB_vs_WR,9229,2309
comp,hwang,2023,QB_vs_WR,9229,1479
comp,hwang,2023,QB_vs_WR,9229,4068
comp,hwang,2023,QB_vs_WR,9229,4983
comp,hwang,2023,QB_vs_WR,9229,6803
comp,hwang,2023,QB_vs_WR,9229,1426
comp,hwang,2023,QB_vs_WR,1373,2309
comp,hwang,2023,QB_vs_WR,1373,1479
comp,hwang,2023,QB_vs_WR,1373,4068
comp,hwang,2023,QB_vs_WR,1373,4983
comp,hwang,2023,QB_vs_WR,1373,6803
comp,hwang,2023,QB_vs_WR,1373,1426
comp,hwang,2023,QB_vs_WR,1373,5927
comp,hwang,2023,QB_vs_WR,1373,8112
comp,hwang,2023,QB_vs_WR,1373,4950
comp,hwang,2023,QB_vs_WR,8183,2216
comp,hwang,2023,QB_vs_WR,8183,6783
comp,hwang,2023,QB_vs_WR,8183,6819
comp,hwang,2023,QB_vs_WR,8183,2374
comp,hwang,2023,QB_vs_WR,8183,8137
comp,hwang,2023,QB_vs_WR,8183,9997
comp,hwang,2023,QB_vs_WR,8183,5937
comp,hwang,2023,QB_vs_WR,421,5937
comp,hwang,2023,QB_vs_WR,421,2197
comp,hwang,2023,QB_vs_WR,421,9756
comp,hwang,2023,QB_vs_WR,421,8119
comp,hwang,2023,QB_vs_WR,421,9488
comp,hwang,2023,QB_vs_WR,6804,2197
comp,hwang,2023,QB_vs_WR,6804,9756
comp,hwang,2023,QB_vs_WR,6804,8119
comp,hwang,2023,QB_vs_WR,6804,9488
comp,hwang,2023,QB_vs_WR,8160,9756
comp,hwang,2023,QB_vs_WR,8160,8119
comp,hwang,2023,QB_vs_WR,8160,9488
comp,hwang,2023,QB_vs_WR,8160,5045
comp,hwang,2023,QB_vs_WR,8160,5848
comp,hwang,2023,QB_vs_WR,1234,8119
comp,hwang,2023,QB_vs_WR,1234,9488
comp,hwang,2023,QB_vs_WR,1234,5045
comp,hwang,2023,QB_vs_WR,1234,5848
comp,hwang,2023,QB_vs_WR,1234,2078
comp,hwang,2023,QB_vs_WR,2028,7606
comp,hwang,2023,QB_vs_WR,2028,8135
comp,hwang,2023,QB_vs_WR,2028,7596
comp,hwang,2023,QB_vs_WR,2028,8168
comp,hwang,2023,QB_vs_WR,9758,8168
comp,hwang,2023,QB_vs_WR,9758,4040
comp,hwang,2023,QB_vs_WR,9758,9754
comp,hwang,2023,QB_vs_WR,8162,4040
comp,hwang,2023,QB_vs_WR,8162,9754
comp,hwang,2023,QB_vs_WR,8162,7571
comp,hwang,2023,QB_vs_WR,9228,7571
comp,hwang,2023,QB_vs_WR,9228,3199
comp,hwang,2023,QB_vs_WR,9228,7569
comp,hwang,2023,QB_vs_WR,9228,8148
comp,hwang,2023,QB_vs_WR,4892,7569
comp,hwang,2023,QB_vs_WR,4892,8148
comp,hwang,2023,QB_vs_WR,4892,8121
comp,hwang,2023,QB_vs_WR,5849,5947
comp,hwang,2023,QB_vs_WR,5849,5038
comp,hwang,2023,QB_vs_WR,5849,7090
comp,hwang,2023,QB_vs_WR,1049,7090
comp,hwang,2023,QB_vs_WR,1049,5086
comp,hwang,2023,QB_vs_WR,1049,4080
comp,hwang,2023,QB_vs_WR,1049,3225
comp,hwang,2023,QB_vs_WR,1837,3225
comp,hwang,2023,QB_vs_WR,1837,9494
comp,hwang,2023,QB_vs_WR,1837,10222
comp,hwang,2023,QB_vs_WR,7527,6853
comp,hwang,2023,QB_vs_WR,7527,7066
comp,hwang,2023,QB_vs_WR,8159,6853
comp,hwang,2023,QB_vs_WR,8159,7066
comp,hwang,2023,QB_vs_WR,4943,8142
comp,hwang,2023,QB_vs_WR,4943,7049
comp,hwang,2023,QB_vs_WR,4943,5917
comp,hwang,2023,QB_vs_WR,4943,6824
comp,hwang,2023,QB_vs_WR,4179,5880
comp,hwang,2023,QB_vs_WR,4179,4951
comp,hwang,2023,QB_vs_WR,4179,6920
comp,hwang,2023,QB_vs_WR,9999,4171
comp,hwang,2023,QB_vs_WR,9999,5955
comp,hwang,2023,QB_vs_WR,10866,5955
comp,hwang,2023,QB_vs_WR,10866,5113
comp,hwang,2023,QB_vs_WR,10866,9502
comp,hwang,2023,QB_vs_WR,10866,6149
comp,hwang,2023,QB_vs_WR,10866,9486
comp,hwang,2023,QB_vs_WR,10866,2319
comp,hwang,2023,QB_vs_WR,10862,6149
comp,hwang,2023,QB_vs_WR,10862,9486
comp,hwang,2023,QB_vs_WR,10862,2319
comp,hwang,2023,QB_vs_WR,10862,6886
comp,hwang,2023,QB_vs_WR,5089,6886
comp,hwang,2023,QB_vs_WR,5089,10232
comp,hwang,2023,QB_vs_WR,5089,8117
comp,hwang,2023,QB_vs_WR,8161,2325
comp,hwang,2023,QB_vs_WR,8161,8126
comp,hwang,2023,QB_vs_WR,10217,8147
comp,hwang,2023,QB_vs_WR,10217,10444
comp,hwang,2023,QB_vs_WR,10217,7565
comp,hwang,2023,QB_vs_WR,10217,9492
comp,hwang,2023,QB_vs_WR,8157,6271
comp,hwang,2023,QB_vs_WR,8157,4198
comp,hwang,2023,QB_vs_WR,8157,3634
comp,hwang,2023,QB_vs_WR,8157,6814
comp,hwang,2023,QB_vs_WR,8157,6421
comp,hwang,2023,QB_vs_WR,8157,5121
comp,hwang,2023,QB_vs_WR,8157,6847
comp,hwang,2023,QB_vs_WR,3257,10226
comp,hwang,2023,QB_vs_WR,3257,6943
comp,hwang,2023,QB_vs_WR,3257,7670
comp,hwang,2023,QB_vs_WR,3257,8235
comp,hwang,2023,QB_vs_WR,3257,4197
comp,hwang,2023,QB_vs_WR,3257,7496
comp,hwang,2023,QB_vs_WR,3257,10213
comp,hwang,2023,QB_vs_TE,7523,1466
comp,hwang,2023,QB_vs_TE,3294,5844
comp,hwang,2023,QB_vs_TE,3294,4217
comp,hwang,2023,QB_vs_TE,6768,5844
comp,hwang,2023,QB_vs_TE,6768,4217
comp,hwang,2023,QB_vs_TE,4017,4217
comp,hwang,2023,QB_vs_TE,1166,2505
comp,hwang,2023,QB_vs_TE,3163,2505
comp,hwang,2023,QB_vs_TE,5870,2505
comp,hwang,2023,QB_vs_TE,9229,2505
comp,hwang,2023,QB_vs_TE,9229,5022
comp,hwang,2023,QB_vs_TE,1373,5022
comp,hwang,2023,QB_vs_TE,1373,7553
comp,hwang,2023,QB_vs_TE,8183,4033
comp,hwang,2023,QB_vs_TE,8183,4066
comp,hwang,2023,QB_vs_TE,8183,7600
comp,hwang,2023,QB_vs_TE,421,10236
comp,hwang,2023,QB_vs_TE,6804,10236
comp,hwang,2023,QB_vs_TE,6804,10859
comp,hwang,2023,QB_vs_TE,8160,10236
comp,hwang,2023,QB_vs_TE,8160,10859
comp,hwang,2023,QB_vs_TE,1234,10236
comp,hwang,2023,QB_vs_TE,1234,10859
comp,hwang,2023,QB_vs_TE,2028,3271
comp,hwang,2023,QB_vs_TE,2028,5001
comp,hwang,2023,QB_vs_TE,2028,8110
comp,hwang,2023,QB_vs_TE,9758,8110
comp,hwang,2023,QB_vs_TE,9758,5906
comp,hwang,2023,QB_vs_TE,9758,7002
comp,hwang,2023,QB_vs_TE,8162,5906
comp,hwang,2023,QB_vs_TE,8162,7002
comp,hwang,2023,QB_vs_TE,9228,8210
comp,hwang,2023,QB_vs_TE,9228,6826
comp,hwang,2023,QB_vs_TE,4892,8210
comp,hwang,2023,QB_vs_TE,4892,6826
comp,hwang,2023,QB_vs_TE,1049,9481
comp,hwang,2023,QB_vs_TE,1049,6126
comp,hwang,2023,QB_vs_TE,1049,8111
comp,hwang,2023,QB_vs_TE,1837,8111
comp,hwang,2023,QB_vs_TE,7527,5133
comp,hwang,2023,QB_vs_TE,7527,3214
comp,hwang,2023,QB_vs_TE,4943,4993
comp,hwang,2023,QB_vs_TE,4179,1339
comp,hwang,2023,QB_vs_TE,9999,9484
comp,hwang,2023,QB_vs_TE,10866,8214
comp,hwang,2023,QB_vs_TE,10862,8214
comp,hwang,2023,QB_vs_TE,8161,7602
comp,hwang,2023,QB_vs_TE,8161,10871
comp,hwang,2023,QB_vs_TE,8161,6869
comp,hwang,2023,QB_vs_TE,8161,9479
comp,hwang,2023,RB_vs_WR,4866,6794
comp,hwang,2023,RB_vs_WR,4988,6794
comp,hwang,2023,RB_vs_WR,4988,7564
comp,hwang,2023,RB_vs_WR,3198,7564
comp,hwang,2023,RB_vs_WR,5850,7564
comp,hwang,2023,RB_vs_WR,5967,3321
comp,hwang,2023,RB_vs_WR,7611,3321
comp,hwang,2023,RB_vs_WR,7543,3321
comp,hwang,2023,RB_vs_WR,9221,3321
comp,hwang,2023,RB_vs_WR,9221,6786
comp,hwang,2023,RB_vs_WR,8151,3321
comp,hwang,2023,RB_vs_WR,8151,6786
comp,hwang,2023,RB_vs_WR,8151,2449
comp,hwang,2023,RB_vs_WR,4018,6786
comp,hwang,2023,RB_vs_WR,4018,2449
comp,hwang,2023,RB_vs_WR,4018,5859
comp,hwang,2023,RB_vs_WR,4018,7547
comp,hwang,2023,RB_vs_WR,4018,2133
comp,hwang,2023,RB_vs_WR,7528,5859
comp,hwang,2023,RB_vs_WR,7528,7547
comp,hwang,2023,RB_vs_WR,7528,2133
comp,hwang,2023,RB_vs_WR,7528,8146
comp,hwang,2023,RB_vs_WR,7528,7526
comp,hwang,2023,RB_vs_WR,8155,8146
comp,hwang,2023,RB_vs_WR,8155,7526
comp,hwang,2023,RB_vs_WR,8155,8144
comp,hwang,2023,RB_vs_WR,8129,8146
comp,hwang,2023,RB_vs_WR,8129,7526
comp,hwang,2023,RB_vs_WR,8129,8144
comp,hwang,2023,RB_vs_WR,8129,7525
comp,hwang,2023,RB_vs_WR,4199,8144
comp,hwang,2023,RB_vs_WR,4199,7525
comp,hwang,2023,RB_vs_WR,4199,4039
comp,hwang,2023,RB_vs_WR,4199,5872
comp,hwang,2023,RB_vs_WR,4199,4981
comp,hwang,2023,RB_vs_WR,8138,7525
comp,hwang,2023,RB_vs_WR,8138,4039
comp,hwang,2023,RB_vs_WR,8138,5872
comp,hwang,2023,RB_vs_WR,8138,4981
comp,hwang,2023,RB_vs_WR,8138,6801
comp,hwang,2023,RB_vs_WR,8138,5846
comp,hwang,2023,RB_vs_WR,5987,4039
comp,hwang,2023,RB_vs_WR,5987,5872
comp,hwang,2023,RB_vs_WR,5987,4981
comp,hwang,2023,RB_vs_WR,5987,6801
comp,hwang,2023,RB_vs_WR,5987,5846
comp,hwang,2023,RB_vs_WR,6813,6801
comp,hwang,2023,RB_vs_WR,6813,5846
comp,hwang,2023,RB_vs_WR,6813,2309
comp,hwang,2023,RB_vs_WR,6813,1479
comp,hwang,2023,RB_vs_WR,6813,4068
comp,hwang,2023,RB_vs_WR,6813,4983
comp,hwang,2023,RB_vs_WR,6813,6803
comp,hwang,2023,RB_vs_WR,7588,6801
comp,hwang,2023,RB_vs_WR,7588,5846
comp,hwang,2023,RB_vs_WR,7588,2309
comp,hwang,2023,RB_vs_WR,7588,1479
comp,hwang,2023,RB_vs_WR,7588,4068
comp,hwang,2023,RB_vs_WR,7588,4983
comp,hwang,2023,RB_vs_WR,7588,6803
comp,hwang,2023,RB_vs_WR,7588,1426
comp,hwang,2023,RB_vs_WR,6151,2309
comp,hwang,2023,RB_vs_WR,6151,1479
comp,hwang,2023,RB_vs_WR,6151,4068
comp,hwang,2023,RB_vs_WR,6151,4983
comp,hwang,2023,RB_vs_WR,6151,6803
comp,hwang,2023,RB_vs_WR,6151,1426
comp,hwang,2023,RB_vs_WR,6151,5927
comp,hwang,2023,RB_vs_WR,6151,8112
comp,hwang,2023,RB_vs_WR,6151,4950
comp,hwang,2023,RB_vs_WR,8136,1479
comp,hwang,2023,RB_vs_WR,8136,4068
comp,hwang,2023,RB_vs_WR,8136,4983
comp,hwang,2023,RB_vs_WR,8136,6803
comp,hwang,2023,RB_vs_WR,8136,1426
comp,hwang,2023,RB_vs_WR,8136,5927
comp,hwang,2023,RB_vs_WR,8136,8112
comp,hwang,2023,RB_vs_WR,8136,4950
comp,hwang,2023,RB_vs_WR,6790,4983
comp,hwang,2023,RB_vs_WR,6790,6803
comp,hwang,2023,RB_vs_WR,6790,1426
comp,hwang,2023,RB_vs_WR,6790,5927
comp,hwang,2023,RB_vs_WR,6790,8112
comp,hwang,2023,RB_vs_WR,6790,4950
comp,hwang,2023,RB_vs_WR,6790,4037
comp,hwang,2023,RB_vs_WR,6790,8167
comp,hwang,2023,RB_vs_WR,6938,1426
comp,hwang,2023,RB_vs_WR,6938,5927
comp,hwang,2023,RB_vs_WR,6938,8112
comp,hwang,2023,RB_vs_WR,6938,4950
comp,hwang,2023,RB_vs_WR,6938,4037
comp,hwang,2023,RB_vs_WR,6938,8167
comp,hwang,2023,RB_vs_WR,8205,5927
comp,hwang,2023,RB_vs_WR,8205,8112
comp,hwang,2023,RB_vs_WR,8205,4950
comp,hwang,2023,RB_vs_WR,8205,4037
comp,hwang,2023,RB_vs_WR,8205,8167
comp,hwang,2023,RB_vs_WR,8205,2216
comp,hwang,2023,RB_vs_WR,5892,4950
comp,hwang,2023,RB_vs_WR,5892,4037
comp,hwang,2023,RB_vs_WR,5892,8167
comp,hwang,2023,RB_vs_WR,5892,2216
comp,hwang,2023,RB_vs_WR,5892,6783
comp,hwang,2023,RB_vs_WR,4035,4037
comp,hwang,2023,RB_vs_WR,4035,8167
comp,hwang,2023,RB_vs_WR,4035,2216
comp,hwang,2023,RB_vs_WR,4035,6783
comp,hwang,2023,RB_vs_WR,4035,6819
comp,hwang,2023,RB_vs_WR,4035,2374
comp,hwang,2023,RB_vs_WR,4035,8137
comp,hwang,2023,RB_vs_WR,9226,2216
comp,hwang,2023,RB_vs_WR,9226,6783
comp,hwang,2023,RB_vs_WR,9226,6819
comp,hwang,2023,RB_vs_WR,9226,2374
comp,hwang,2023,RB_vs_WR,9226,8137
comp,hwang,2023,RB_vs_WR,9226,9997
comp,hwang,2023,RB_vs_WR,9226,5937
comp,hwang,2023,RB_vs_WR,4029,6819
comp,hwang,2023,RB_vs_WR,4029,2374
comp,hwang,2023,RB_vs_WR,4029,8137
comp,hwang,2023,RB_vs_WR,4029,9997
comp,hwang,2023,RB_vs_WR,4029,5937
comp,hwang,2023,RB_vs_WR,4029,2197
comp,hwang,2023,RB_vs_WR,4137,2374
comp,hwang,2023,RB_vs_WR,4137,8137
comp,hwang,2023,RB_vs_WR,4137,9997
comp,hwang,2023,RB_vs_WR,4137,5937
comp,hwang,2023,RB_vs_WR,4137,2197
comp,hwang,2023,RB_vs_WR,4137,9756
comp,hwang,2023,RB_vs_WR,8154,9997
comp,hwang,2023,RB_vs_WR,8154,5937
comp,hwang,2023,RB_vs_WR,8154,2197
comp,hwang,2023,RB_vs_WR,8154,9756
comp,hwang,2023,RB_vs_WR,8154,8119
comp,hwang,2023,RB_vs_WR,8154,9488
comp,hwang,2023,RB_vs_WR,7608,5937
comp,hwang,2023,RB_vs_WR,7608,2197
comp,hwang,2023,RB_vs_WR,7608,9756
comp,hwang,2023,RB_vs_WR,7608,8119
comp,hwang,2023,RB_vs_WR,7608,9488
comp,hwang,2023,RB_vs_WR,6945,2197
comp,hwang,2023,RB_vs_WR,6945,9756
comp,hwang,2023,RB_vs_WR,6945,8119
comp,hwang,2023,RB_vs_WR,6945,9488
comp,hwang,2023,RB_vs_WR,6945,5045
comp,hwang,2023,RB_vs_WR,6945,5848
comp,hwang,2023,RB_vs_WR,6828,2197
comp,hwang,2023,RB_vs_WR,6828,9756
comp,hwang,2023,RB_vs_WR,6828,8119
comp,hwang,2023,RB_vs_WR,6828,9488
comp,hwang,2023,RB_vs_WR,6828,5045
comp,hwang,2023,RB_vs_WR,6828,5848
comp,hwang,2023,RB_vs_WR,2749,5045
comp,hwang,2023,RB_vs_WR,2749,5848
comp,hwang,2023,RB_vs_WR,2749,2078
comp,hwang,2023,RB_vs_WR,2749,7606
comp,hwang,2023,RB_vs_WR,2749,8135
comp,hwang,2023,RB_vs_WR,7561,8135
comp,hwang,2023,RB_vs_WR,7561,7596
comp,hwang,2023,RB_vs_WR,7561,8168
comp,hwang,2023,RB_vs_WR,9753,8135
comp,hwang,2023,RB_vs_WR,9753,7596
comp,hwang,2023,RB_vs_WR,9753,8168
comp,hwang,2023,RB_vs_WR,9753,4040
comp,hwang,2023,RB_vs_WR,8228,7596
comp,hwang,2023,RB_vs_WR,8228,8168
comp,hwang,2023,RB_vs_WR,8228,4040
comp,hwang,2023,RB_vs_WR,4149,4040
comp,hwang,2023,RB_vs_WR,4149,9754
comp,hwang,2023,RB_vs_WR,4149,7571
comp,hwang,2023,RB_vs_WR,4149,3199
comp,hwang,2023,RB_vs_WR,4147,7571
comp,hwang,2023,RB_vs_WR,4147,3199
comp,hwang,2023,RB_vs_WR,4147,7569
comp,hwang,2023,RB_vs_WR,4147,8148
comp,hwang,2023,RB_vs_WR,2161,3199
comp,hwang,2023,RB_vs_WR,2161,7569
comp,hwang,2023,RB_vs_WR,2161,8148
comp,hwang,2023,RB_vs_WR,2161,8121
comp,hwang,2023,RB_vs_WR,9225,10229
comp,hwang,2023,RB_vs_WR,9225,5185
comp,hwang,2023,RB_vs_WR,9225,1689
comp,hwang,2023,RB_vs_WR,4985,5947
comp,hwang,2023,RB_vs_WR,4985,5038
comp,hwang,2023,RB_vs_WR,7567,5038
comp,hwang,2023,RB_vs_WR,7567,7090
comp,hwang,2023,RB_vs_WR,7567,5086
comp,hwang,2023,RB_vs_WR,7567,4080
comp,hwang,2023,RB_vs_WR,5248,5086
comp,hwang,2023,RB_vs_WR,5248,4080
comp,hwang,2023,RB_vs_WR,5248,3225
comp,hwang,2023,RB_vs_WR,5248,9494
comp,hwang,2023,RB_vs_WR,8132,4080
comp,hwang,2023,RB_vs_WR,8132,3225
comp,hwang,2023,RB_vs_WR,8132,9494
comp,hwang,2023,RB_vs_WR,10235,3225
comp,hwang,2023,RB_vs_WR,10235,9494
comp,hwang,2023,RB_vs_WR,10235,10222
comp,hwang,2023,RB_vs_WR,4098,6853
comp,hwang,2023,RB_vs_WR,4098,7066
comp,hwang,2023,RB_vs_WR,6130,9493
comp,hwang,2023,RB_vs_WR,6130,10225
comp,hwang,2023,RB_vs_WR,8143,10225
comp,hwang,2023,RB_vs_WR,8143,8142
comp,hwang,2023,RB_vs_WR,8143,7049
comp,hwang,2023,RB_vs_WR,9508,5917
comp,hwang,2023,RB_vs_WR,9508,6824
comp,hwang,2023,RB_vs_WR,9508,9497
comp,hwang,2023,RB_vs_WR,3164,5917
comp,hwang,2023,RB_vs_WR,3164,6824
comp,hwang,2023,RB_vs_WR,3164,9497
comp,hwang,2023,RB_vs_WR,3164,8134
comp,hwang,2023,RB_vs_WR,8150,5137
comp,hwang,2023,RB_vs_WR,8150,8676
comp,hwang,2023,RB_vs_WR,8150,4082
comp,hwang,2023,RB_vs_WR,4111,5880
comp,hwang,2023,RB_vs_WR,4111,4951
comp,hwang,2023,RB_vs_WR,6820,5880
comp,hwang,2023,RB_vs_WR,6820,4951
comp,hwang,2023,RB_vs_WR,6820,6920
comp,hwang,2023,RB_vs_WR,9757,5880
comp,hwang,2023,RB_vs_WR,9757,4951
comp,hwang,2023,RB_vs_WR,9757,6920
comp,hwang,2023,RB_vs_WR,7594,6149
comp,hwang,2023,RB_vs_WR,7594,9486
comp,hwang,2023,RB_vs_WR,7594,2319
comp,hwang,2023,RB_vs_WR,7594,6886
comp,hwang,2023,RB_vs_WR,6845,6886
comp,hwang,2023,RB_vs_WR,6845,10232
comp,hwang,2023,RB_vs_WR,6845,8117
comp,hwang,2023,RB_vs_WR,5995,10232
comp,hwang,2023,RB_vs_WR,5995,8117
comp,hwang,2023,RB_vs_WR,5995,6927
comp,hwang,2023,RB_vs_WR,5995,3286
comp,hwang,2023,RB_vs_WR,5995,8140
comp,hwang,2023,RB_vs_WR,7021,8117
comp,hwang,2023,RB_vs_WR,7021,6927
comp,hwang,2023,RB_vs_WR,7021,3286
comp,hwang,2023,RB_vs_WR,7021,8140
comp,hwang,2023,RB_vs_WR,9505,3286
comp,hwang,2023,RB_vs_WR,9505,8140
comp,hwang,2023,RB_vs_WR,8139,2325
comp,hwang,2023,RB_vs_WR,8139,8126
comp,hwang,2023,RB_vs_WR,9220,2325
comp,hwang,2023,RB_vs_WR,9220,8126
comp,hwang,2023,RB_vs_WR,9220,9500
comp,hwang,2023,RB_vs_WR,9506,8147
comp,hwang,2023,RB_vs_WR,9506,10444
comp,hwang,2023,RB_vs_WR,9506,7565
comp,hwang,2023,RB_vs_WR,9506,9492
comp,hwang,2023,RB_vs_WR,8230,9492
comp,hwang,2023,RB_vs_WR,8230,1352
comp,hwang,2023,RB_vs_WR,8230,8125
comp,hwang,2023,RB_vs_WR,8230,4454
comp,hwang,2023,RB_vs_WR,9224,4454
comp,hwang,2023,RB_vs_WR,9224,8188
comp,hwang,2023,RB_vs_WR,9224,6234
comp,hwang,2023,RB_vs_WR,8408,6234
comp,hwang,2023,RB_vs_WR,8408,7562
comp,hwang,2023,RB_vs_WR,8408,10863
comp,hwang,2023,RB_vs_WR,8408,7587
comp,hwang,2023,RB_vs_WR,8408,4234
comp,hwang,2023,RB_vs_WR,7045,10863
comp,hwang,2023,RB_vs_WR,7045,7587
comp,hwang,2023,RB_vs_WR,7045,4234
comp,hwang,2023,RB_vs_WR,7045,5970
comp,hwang,2023,RB_vs_WR,7045,9490
comp,hwang,2023,RB_vs_WR,1535,9504
comp,hwang,2023,RB_vs_WR,1535,9501
comp,hwang,2023,RB_vs_WR,1535,10218
comp,hwang,2023,RB_vs_WR,8153,9501
comp,hwang,2023,RB_vs_WR,8153,10218
comp,hwang,2023,RB_vs_WR,8153,6271
comp,hwang,2023,RB_vs_WR,8221,6271
comp,hwang,2023,RB_vs_WR,8221,4198
comp,hwang,2023,RB_vs_WR,8221,3634
comp,hwang,2023,RB_vs_WR,8221,6814
comp,hwang,2023,RB_vs_WR,5000,5121
comp,hwang,2023,RB_vs_WR,5000,6847
comp,hwang,2023,RB_vs_WR,5000,8917
comp,hwang,2023,RB_vs_WR,5000,10226
comp,hwang,2023,RB_vs_WR,5000,6943
comp,hwang,2023,RB_vs_WR,5000,7670
comp,hwang,2023,RB_vs_WR,5000,8235
comp,hwang,2023,RB_vs_WR,7794,10226
comp,hwang,2023,RB_vs_WR,7794,6943
comp,hwang,2023,RB_vs_WR,7794,7670
comp,hwang,2023,RB_vs_WR,7794,8235
comp,hwang,2023,RB_vs_WR,7794,4197
comp,hwang,2023,RB_vs_WR,7794,7496
comp,hwang,2023,RB_vs_WR,7794,10213
comp,hwang,2023,RB_vs_TE,5967,1466
comp,hwang,2023,RB_vs_TE,7611,1466
comp,hwang,2023,RB_vs_TE,7543,1466
comp,hwang,2023,RB_vs_TE,9221,1466
comp,hwang,2023,RB_vs_TE,8151,1466
comp,hwang,2023,RB_vs_TE,8151,5012
comp,hwang,2023,RB_vs_TE,4018,5012
comp,hwang,2023,RB_vs_TE,7528,5844
comp,hwang,2023,RB_vs_TE,7528,4217
comp,hwang,2023,RB_vs_TE,8155,5844
comp,hwang,2023,RB_vs_TE,8155,4217
comp,hwang,2023,RB_vs_TE,8129,4217
comp,hwang,2023,RB_vs_TE,5987,2505
comp,hwang,2023,RB_vs_TE,6813,2505
comp,hwang,2023,RB_vs_TE,7588,2505
comp,hwang,2023,RB_vs_TE,7588,5022
comp,hwang,2023,RB_vs_TE,6151,5022
comp,hwang,2023,RB_vs_TE,8136,5022
comp,hwang,2023,RB_vs_TE,8136,7553
comp,hwang,2023,RB_vs_TE,6790,5022
comp,hwang,2023,RB_vs_TE,6790,7553
comp,hwang,2023,RB_vs_TE,6938,7553
comp,hwang,2023,RB_vs_TE,8205,7553
comp,hwang,2023,RB_vs_TE,5892,7553
comp,hwang,2023,RB_vs_TE,5892,4033
comp,hwang,2023,RB_vs_TE,4035,7553
comp,hwang,2023,RB_vs_TE,4035,4033
comp,hwang,2023,RB_vs_TE,4035,4066
comp,hwang,2023,RB_vs_TE,9226,4033
comp,hwang,2023,RB_vs_TE,9226,4066
comp,hwang,2023,RB_vs_TE,9226,7600
comp,hwang,2023,RB_vs_TE,4029,4066
comp,hwang,2023,RB_vs_TE,4029,7600
comp,hwang,2023,RB_vs_TE,4137,7600
comp,hwang,2023,RB_vs_TE,8154,10236
comp,hwang,2023,RB_vs_TE,7608,10236
comp,hwang,2023,RB_vs_TE,6945,10236
comp,hwang,2023,RB_vs_TE,6945,10859
comp,hwang,2023,RB_vs_TE,6828,10236
comp,hwang,2023,RB_vs_TE,6828,10859
comp,hwang,2023,RB_vs_TE,2749,10859
comp,hwang,2023,RB_vs_TE,2749,3271
comp,hwang,2023,RB_vs_TE,7561,3271
comp,hwang,2023,RB_vs_TE,7561,5001
comp,hwang,2023,RB_vs_TE,7561,8110
comp,hwang,2023,RB_vs_TE,9753,3271
comp,hwang,2023,RB_vs_TE,9753,5001
comp,hwang,2023,RB_vs_TE,9753,8110
comp,hwang,2023,RB_vs_TE,9753,5906
comp,hwang,2023,RB_vs_TE,9753,7002
comp,hwang,2023,RB_vs_TE,8228,8110
comp,hwang,2023,RB_vs_TE,8228,5906
comp,hwang,2023,RB_vs_TE,8228,7002
comp,hwang,2023,RB_vs_TE,4149,5906
comp,hwang,2023,RB_vs_TE,4149,7002
comp,hwang,2023,RB_vs_TE,4147,8210
comp,hwang,2023,RB_vs_TE,4147,6826
comp,hwang,2023,RB_vs_TE,2161,8210
comp,hwang,2023,RB_vs_TE,2161,6826
comp,hwang,2023,RB_vs_TE,9225,4089
comp,hwang,2023,RB_vs_TE,9225,8172
comp,hwang,2023,RB_vs_TE,9225,8131
comp,hwang,2023,RB_vs_TE,7567,9481
comp,hwang,2023,RB_vs_TE,7567,6126
comp,hwang,2023,RB_vs_TE,5248,8111
comp,hwang,2023,RB_vs_TE,8132,8111
comp,hwang,2023,RB_vs_TE,10235,5133
comp,hwang,2023,RB_vs_TE,4098,3214
comp,hwang,2023,RB_vs_TE,6130,4381
comp,hwang,2023,RB_vs_TE,6130,4973
comp,hwang,2023,RB_vs_TE,6130,7828
comp,hwang,2023,RB_vs_TE,8143,4973
comp,hwang,2023,RB_vs_TE,8143,7828
comp,hwang,2023,RB_vs_TE,8143,9482
comp,hwang,2023,RB_vs_TE,9508,4993
comp,hwang,2023,RB_vs_TE,3164,4993
comp,hwang,2023,RB_vs_TE,3164,8130
comp,hwang,2023,RB_vs_TE,8150,5008
comp,hwang,2023,RB_vs_TE,8150,5857
comp,hwang,2023,RB_vs_TE,4111,1339
comp,hwang,2023,RB_vs_TE,6820,1339
comp,hwang,2023,RB_vs_TE,9757,1339
comp,hwang,2023,RB_vs_TE,7594,8214
comp,hwang,2023,RB_vs_TE,5995,8225
comp,hwang,2023,RB_vs_TE,7021,8225
comp,hwang,2023,RB_vs_TE,7021,7602
comp,hwang,2023,RB_vs_TE,9505,7602
comp,hwang,2023,RB_vs_TE,9505,10871
comp,hwang,2023,RB_vs_TE,9505,6869
comp,hwang,2023,RB_vs_TE,8139,7602
comp,hwang,2023,RB_vs_TE,8139,10871
comp,hwang,2023,RB_vs_TE,8139,6869
comp,hwang,2023,RB_vs_TE,8139,9479
comp,hwang,2023,RB_vs_TE,9220,6869
comp,hwang,2023,RB_vs_TE,9220,9479
comp,hwang,2023,RB_vs_TE,7045,3202
comp,hwang,2023,RB_vs_TE,8153,7891
comp,hwang,2023,RB_vs_TE,8221,7891
comp,hwang,2023,WR_vs_TE,3321,1466
comp,hwang,2023,WR_vs_TE,6786,1466
comp,hwang,2023,WR_vs_TE,6786,5012
comp,hwang,2023,WR_vs_TE,2449,5012
comp,hwang,2023,WR_vs_TE,5859,5012
comp,hwang,2023,WR_vs_TE,5859,5844
comp,hwang,2023,WR_vs_TE,7547,5012
comp,hwang,2023,WR_vs_TE,7547,5844
comp,hwang,2023,WR_vs_TE,2133,5844
comp,hwang,2023,WR_vs_TE,8146,5844
comp,hwang,2023,WR_vs_TE,8146,4217
comp,hwang,2023,WR_vs_TE,7526,5844
comp,hwang,2023,WR_vs_TE,7526,4217
comp,hwang,2023,WR_vs_TE,8144,4217
comp,hwang,2023,WR_vs_TE,7525,4217
comp,hwang,2023,WR_vs_TE,6801,2505
comp,hwang,2023,WR_vs_TE,5846,2505
comp,hwang,2023,WR_vs_TE,2309,2505
comp,hwang,2023,WR_vs_TE,2309,5022
comp,hwang,2023,WR_vs_TE,1479,2505
comp,hwang,2023,WR_vs_TE,1479,5022
comp,hwang,2023,WR_vs_TE,4068,2505
comp,hwang,2023,WR_vs_TE,4068,5022
comp,hwang,2023,WR_vs_TE,4983,2505
comp,hwang,2023,WR_vs_TE,4983,5022
comp,hwang,2023,WR_vs_TE,6803,2505
comp,hwang,2023,WR_vs_TE,6803,5022
comp,hwang,2023,WR_vs_TE,1426,5022
comp,hwang,2023,WR_vs_TE,5927,5022
comp,hwang,2023,WR_vs_TE,8112,5022
comp,hwang,2023,WR_vs_TE,4950,5022
comp,hwang,2023,WR_vs_TE,4950,7553
comp,hwang,2023,WR_vs_TE,4037,7553
comp,hwang,2023,WR_vs_TE,4037,4033
comp,hwang,2023,WR_vs_TE,4037,4066
comp,hwang,2023,WR_vs_TE,8167,7553
comp,hwang,2023,WR_vs_TE,8167,4033
comp,hwang,2023,WR_vs_TE,8167,4066
comp,hwang,2023,WR_vs_TE,2216,7553
comp,hwang,2023,WR_vs_TE,2216,4033
comp,hwang,2023,WR_vs_TE,2216,4066
comp,hwang,2023,WR_vs_TE,2216,7600
comp,hwang,2023,WR_vs_TE,6783,7553
comp,hwang,2023,WR_vs_TE,6783,4033
comp,hwang,2023,WR_vs_TE,6783,4066
comp,hwang,2023,WR_vs_TE,6783,7600
comp,hwang,2023,WR_vs_TE,6819,4033
comp,hwang,2023,WR_vs_TE,6819,4066
comp,hwang,2023,WR_vs_TE,6819,7600
comp,hwang,2023,WR_vs_TE,2374,4033
comp,hwang,2023,WR_vs_TE,2374,4066
comp,hwang,2023,WR_vs_TE,2374,7600
comp,hwang,2023,WR_vs_TE,8137,4033
comp,hwang,2023,WR_vs_TE,8137,4066
comp,hwang,2023,WR_vs_TE,8137,7600
comp,hwang,2023,WR_vs_TE,9997,4033
comp,hwang,2023,WR_vs_TE,9997,4066
comp,hwang,2023,WR_vs_TE,9997,7600
comp,hwang,2023,WR_vs_TE,5937,7600
comp,hwang,2023,WR_vs_TE,2197,10236
comp,hwang,2023,WR_vs_TE,9756,10236
comp,hwang,2023,WR_vs_TE,9756,10859
comp,hwang,2023,WR_vs_TE,8119,10236
comp,hwang,2023,WR_vs_TE,8119,10859
comp,hwang,2023,WR_vs_TE,9488,10236
comp,hwang,2023,WR_vs_TE,9488,10859
comp,hwang,2023,WR_vs_TE,5045,10236
comp,hwang,2023,WR_vs_TE,5045,10859
comp,hwang,2023,WR_vs_TE,5848,10236
comp,hwang,2023,WR_vs_TE,5848,10859
comp,hwang,2023,WR_vs_TE,2078,10859
comp,hwang,2023,WR_vs_TE,2078,3271
comp,hwang,2023,WR_vs_TE,7606,3271
comp,hwang,2023,WR_vs_TE,7606,5001
comp,hwang,2023,WR_vs_TE,8135,3271
comp,hwang,2023,WR_vs_TE,8135,5001
comp,hwang,2023,WR_vs_TE,7596,3271
comp,hwang,2023,WR_vs_TE,7596,5001
comp,hwang,2023,WR_vs_TE,7596,8110
comp,hwang,2023,WR_vs_TE,8168,3271
comp,hwang,2023,WR_vs_TE,8168,5001
comp,hwang,2023,WR_vs_TE,8168,8110
comp,hwang,2023,WR_vs_TE,8168,5906
comp,hwang,2023,WR_vs_TE,8168,7002
comp,hwang,2023,WR_vs_TE,4040,8110
comp,hwang,2023,WR_vs_TE,4040,5906
comp,hwang,2023,WR_vs_TE,4040,7002
comp,hwang,2023,WR_vs_TE,9754,5906
comp,hwang,2023,WR_vs_TE,9754,7002
comp,hwang,2023,WR_vs_TE,3199,8210
comp,hwang,2023,WR_vs_TE,3199,6826
comp,hwang,2023,WR_vs_TE,7569,8210
comp,hwang,2023,WR_vs_TE,7569,6826
comp,hwang,2023,WR_vs_TE,8148,8210
comp,hwang,2023,WR_vs_TE,8148,6826
comp,hwang,2023,WR_vs_TE,8121,8210
comp,hwang,2023,WR_vs_TE,8121,6826
comp,hwang,2023,WR_vs_TE,10229,4089
comp,hwang,2023,WR_vs_TE,10229,8172
comp,hwang,2023,WR_vs_TE,10229,8131
comp,hwang,2023,WR_vs_TE,5185,4089
comp,hwang,2023,WR_vs_TE,5185,8172
comp,hwang,2023,WR_vs_TE,5185,8131
comp,hwang,2023,WR_vs_TE,1689,8172
comp,hwang,2023,WR_vs_TE,1689,8131
comp,hwang,2023,WR_vs_TE,5038,9481
comp,hwang,2023,WR_vs_TE,5038,6126
comp,hwang,2023,WR_vs_TE,7090,9481
comp,hwang,2023,WR_vs_TE,7090,6126
comp,hwang,2023,WR_vs_TE,5086,9481
comp,hwang,2023,WR_vs_TE,5086,6126
comp,hwang,2023,WR_vs_TE,4080,9481
comp,hwang,2023,WR_vs_TE,4080,6126
comp,hwang,2023,WR_vs_TE,4080,8111
comp,hwang,2023,WR_vs_TE,3225,8111
comp,hwang,2023,WR_vs_TE,9494,8111
comp,hwang,2023,WR_vs_TE,10222,5133
comp,hwang,2023,WR_vs_TE,6853,5133
comp,hwang,2023,WR_vs_TE,6853,3214
comp,hwang,2023,WR_vs_TE,9493,4381
comp,hwang,2023,WR_vs_TE,9493,4973
comp,hwang,2023,WR_vs_TE,9493,7828
comp,hwang,2023,WR_vs_TE,10225,4381
comp,hwang,2023,WR_vs_TE,10225,4973
comp,hwang,2023,WR_vs_TE,10225,7828
comp,hwang,2023,WR_vs_TE,10225,9482
comp,hwang,2023,WR_vs_TE,8142,7828
comp,hwang,2023,WR_vs_TE,8142,9482
comp,hwang,2023,WR_vs_TE,7049,7828
comp,hwang,2023,WR_vs_TE,7049,9482
comp,hwang,2023,WR_vs_TE,5917,4993
comp,hwang,2023,WR_vs_TE,6824,4993
comp,hwang,2023,WR_vs_TE,9497,4993
comp,hwang,2023,WR_vs_TE,9497,8130
comp,hwang,2023,WR_vs_TE,8134,8130
comp,hwang,2023,WR_vs_TE,5137,8130
comp,hwang,2023,WR_vs_TE,5137,5008
comp,hwang,2023,WR_vs_TE,8676,5008
comp,hwang,2023,WR_vs_TE,8676,5857
comp,hwang,2023,WR_vs_TE,4082,5008
comp,hwang,2023,WR_vs_TE,4082,5857
comp,hwang,2023,WR_vs_TE,5880,1339
comp,hwang,2023,WR_vs_TE,4951,1339
comp,hwang,2023,WR_vs_TE,6920,9484
comp,hwang,2023,WR_vs_TE,6149,8214
comp,hwang,2023,WR_vs_TE,9486,8214
comp,hwang,2023,WR_vs_TE,2319,8214
comp,hwang,2023,WR_vs_TE,6886,8214
comp,hwang,2023,WR_vs_TE,10232,8225
comp,hwang,2023,WR_vs_TE,8117,8225
comp,hwang,2023,WR_vs_TE,6927,8225
comp,hwang,2023,WR_vs_TE,3286,8225
comp,hwang,2023,WR_vs_TE,3286,7602
comp,hwang,2023,WR_vs_TE,8140,8225
comp,hwang,2023,WR_vs_TE,8140,7602
comp,hwang,2023,WR_vs_TE,2325,10871
comp,hwang,2023,WR_vs_TE,2325,6869
comp,hwang,2023,WR_vs_TE,2325,9479
comp,hwang,2023,WR_vs_TE,8126,10871
comp,hwang,2023,WR_vs_TE,8126,6869
comp,hwang,2023,WR_vs_TE,8126,9479
comp,hwang,2023,WR_vs_TE,9500,6869
comp,hwang,2023,WR_vs_TE,9500,9479
comp,hwang,2023,WR_vs_TE,10863,3202
comp,hwang,2023,WR_vs_TE,7587,3202
comp,hwang,2023,WR_vs_TE,4234,3202
comp,hwang,2023,WR_vs_TE,5970,3202
comp,hwang,2023,WR_vs_TE,9490,3202
comp,hwang,2023,WR_vs_TE,9504,3202
comp,hwang,2023,WR_vs_TE,9501,3202
comp,hwang,2023,WR_vs_TE,6271,7891
comp,hwang,2023,WR_vs_TE,4198,7891
comp,hwang,2023,WR_vs_TE,3634,7891
comp,hwang,2024,QB_vs_RB,4984,9509
comp,hwang,2024,QB_vs_RB,6904,9509
comp,hwang,2024,QB_vs_RB,4881,8155
comp,hwang,2024,QB_vs_RB,9229,4866
comp,hwang,2024,QB_vs_RB,9758,9221
comp,hwang,2024,QB_vs_RB,5849,9221
comp,hwang,2024,QB_vs_RB,5849,6813
comp,hwang,2024,QB_vs_RB,6770,6813
comp,hwang,2024,QB_vs_RB,6770,8150
comp,hwang,2024,QB_vs_RB,6804,8150
comp,hwang,2024,QB_vs_RB,3294,8150
comp,hwang,2024,QB_vs_RB,3294,9226
comp,hwang,2024,QB_vs_RB,3294,7543
comp,hwang,2024,QB_vs_RB,3294,5850
comp,hwang,2024,QB_vs_RB,11566,8150
comp,hwang,2024,QB_vs_RB,11566,9226
comp,hwang,2024,QB_vs_RB,11566,7543
comp,hwang,2024,QB_vs_RB,11566,5850
comp,hwang,2024,QB_vs_RB,11560,3198
comp,hwang,2024,QB_vs_RB,11560,8205
comp,hwang,2024,QB_vs_RB,11560,8138
comp,hwang,2024,QB_vs_RB,8183,8205
comp,hwang,2024,QB_vs_RB,8183,8138
comp,hwang,2024,QB_vs_RB,8183,8151
comp,hwang,2024,QB_vs_RB,3163,8136
comp,hwang,2024,QB_vs_RB,6768,8136
comp,hwang,2024,QB_vs_RB,6768,4035
comp,hwang,2024,QB_vs_RB,7523,8136
comp,hwang,2024,QB_vs_RB,7523,4035
comp,hwang,2024,QB_vs_RB,6797,4035
comp,hwang,2024,QB_vs_RB,6797,4018
comp,hwang,2024,QB_vs_RB,1166,4018
comp,hwang,2024,QB_vs_RB,1166,6790
comp,hwang,2024,QB_vs_RB,1166,4137
comp,hwang,2024,QB_vs_RB,421,4199
comp,hwang,2024,QB_vs_RB,421,5892
comp,hwang,2024,QB_vs_RB,421,7528
comp,hwang,2024,QB_vs_RB,421,7611
comp,hwang,2024,QB_vs_RB,421,8139
comp,hwang,2024,QB_vs_RB,421,2749
comp,hwang,2024,QB_vs_RB,96,7528
comp,hwang,2024,QB_vs_RB,96,7611
comp,hwang,2024,QB_vs_RB,96,8139
comp,hwang,2024,QB_vs_RB,96,2749
comp,hwang,2024,QB_vs_RB,4892,8154
comp,hwang,2024,QB_vs_RB,4892,6130
comp,hwang,2024,QB_vs_RB,4017,8154
comp,hwang,2024,QB_vs_RB,4017,6130
comp,hwang,2024,QB_vs_RB,4017,6845
comp,hwang,2024,QB_vs_RB,1373,6130
comp,hwang,2024,QB_vs_RB,1373,6845
comp,hwang,2024,QB_vs_RB,1373,8143
comp,hwang,2024,QB_vs_RB,1373,11583
comp,hwang,2024,QB_vs_RB,9999,11583
comp,hwang,2024,QB_vs_RB,9999,9224
comp,hwang,2024,QB_vs_RB,11563,9508
comp,hwang,2024,QB_vs_RB,11563,4663
comp,hwang,2024,QB_vs_RB,9228,11586
comp,hwang,2024,QB_vs_RB,2028,11586
comp,hwang,2024,QB_vs_RB,4943,7021
comp,hwang,2024,QB_vs_RB,4943,5248
comp,hwang,2024,QB_vs_RB,5870,11589
comp,hwang,2024,QB_vs_RB,5870,3164
comp,hwang,2024,QB_vs_RB,11564,4988
comp,hwang,2024,QB_vs_RB,11564,7594
comp,hwang,2024,QB_vs_RB,11564,8230
comp,hwang,2024,QB_vs_RB,7591,8230
comp,hwang,2024,QB_vs_RB,1234,6806
comp,hwang,2024,QB_vs_RB,1234,8132
comp,hwang,2024,QB_vs_RB,6011,8132
comp,hwang,2024,QB_vs_RB,6011,9753
comp,hwang,2024,QB_vs_RB,3257,11439
comp,hwang,2024,QB_vs_RB,3257,11643
comp,hwang,2024,QB_vs_RB,19,11584
comp,hwang,2024,QB_vs_RB,19,6945
comp,hwang,2024,QB_vs_RB,11559,11575
comp,hwang,2024,QB_vs_RB,11559,8408
comp,hwang,2024,QB_vs_RB,10866,7608
comp,hwang,2024,QB_vs_RB,10866,11576
comp,hwang,2024,QB_vs_RB,2306,11576
comp,hwang,2024,QB_vs_RB,8161,9757
comp,hwang,2024,QB_vs_RB,8161,5995
comp,hwang,2024,QB_vs_RB,11562,11577
comp,hwang,2024,QB_vs_RB,7610,4029
comp,hwang,2024,QB_vs_RB,7610,6938
comp,hwang,2024,QB_vs_RB,4179,9511
comp,hwang,2024,QB_vs_RB,4179,8129
comp,hwang,2024,QB_vs_RB,5854,4111
comp,hwang,2024,QB_vs_WR,5849,6786
comp,hwang,2024,QB_vs_WR,5849,3321
comp,hwang,2024,QB_vs_WR,6770,3321
comp,hwang,2024,QB_vs_WR,6770,7547
comp,hwang,2024,QB_vs_WR,6804,7547
comp,hwang,2024,QB_vs_WR,6804,7564
comp,hwang,2024,QB_vs_WR,3294,7547
comp,hwang,2024,QB_vs_WR,3294,7564
comp,hwang,2024,QB_vs_WR,3294,6794
comp,hwang,2024,QB_vs_WR,11566,7547
comp,hwang,2024,QB_vs_WR,11566,7564
comp,hwang,2024,QB_vs_WR,11566,6794
comp,hwang,2024,QB_vs_WR,11560,5859
comp,hwang,2024,QB_vs_WR,11560,8146
comp,hwang,2024,QB_vs_WR,11560,9493
comp,hwang,2024,QB_vs_WR,11560,11628
comp,hwang,2024,QB_vs_WR,8183,8146
comp,hwang,2024,QB_vs_WR,8183,9493
comp,hwang,2024,QB_vs_WR,8183,11628
comp,hwang,2024,QB_vs_WR,8183,8112
comp,hwang,2024,QB_vs_WR,3163,7569
comp,hwang,2024,QB_vs_WR,3163,2133
comp,hwang,2024,QB_vs_WR,3163,5872
comp,hwang,2024,QB_vs_WR,3163,8144
comp,hwang,2024,QB_vs_WR,3163,7526
comp,hwang,2024,QB_vs_WR,3163,4039
comp,hwang,2024,QB_vs_WR,6768,7569
comp,hwang,2024,QB_vs_WR,6768,2133
comp,hwang,2024,QB_vs_WR,6768,5872
comp,hwang,2024,QB_vs_WR,6768,8144
comp,hwang,2024,QB_vs_WR,6768,7526
comp,hwang,2024,QB_vs_WR,6768,4039
comp,hwang,2024,QB_vs_WR,6768,6803
comp,hwang,2024,QB_vs_WR,7523,7569
comp,hwang,2024,QB_vs_WR,7523,2133
comp,hwang,2024,QB_vs_WR,7523,5872
comp,hwang,2024,QB_vs_WR,7523,8144
comp,hwang,2024,QB_vs_WR,7523,7526
comp,hwang,2024,QB_vs_WR,7523,4039
comp,hwang,2024,QB_vs_WR,7523,6803
comp,hwang,2024,QB_vs_WR,6797,6803
comp,hwang,2024,QB_vs_WR,6797,11632
comp,hwang,2024,QB_vs_WR,6797,5846
comp,hwang,2024,QB_vs_WR,6797,6819
comp,hwang,2024,QB_vs_WR,6797,4983
comp,hwang,2024,QB_vs_WR,6797,7525
comp,hwang,2024,QB_vs_WR,6797,2449
comp,hwang,2024,QB_vs_WR,1166,5846
comp,hwang,2024,QB_vs_WR,1166,6819
comp,hwang,2024,QB_vs_WR,1166,4983
comp,hwang,2024,QB_vs_WR,1166,7525
comp,hwang,2024,QB_vs_WR,1166,2449
comp,hwang,2024,QB_vs_WR,1166,2216
comp,hwang,2024,QB_vs_WR,1166,10229
comp,hwang,2024,QB_vs_WR,1166,9502
comp,hwang,2024,QB_vs_WR,421,6801
comp,hwang,2024,QB_vs_WR,421,2309
comp,hwang,2024,QB_vs_WR,421,9997
comp,hwang,2024,QB_vs_WR,421,8137
comp,hwang,2024,QB_vs_WR,421,5927
comp,hwang,2024,QB_vs_WR,421,4950
comp,hwang,2024,QB_vs_WR,96,8137
comp,hwang,2024,QB_vs_WR,96,5927
comp,hwang,2024,QB_vs_WR,96,4950
comp,hwang,2024,QB_vs_WR,96,4981
comp,hwang,2024,QB_vs_WR,96,4037
comp,hwang,2024,QB_vs_WR,4892,10222
comp,hwang,2024,QB_vs_WR,4892,5937
comp,hwang,2024,QB_vs_WR,4892,11620
comp,hwang,2024,QB_vs_WR,4892,9488
comp,hwang,2024,QB_vs_WR,4892,8167
comp,hwang,2024,QB_vs_WR,4017,5937
comp,hwang,2024,QB_vs_WR,4017,11620
comp,hwang,2024,QB_vs_WR,4017,9488
comp,hwang,2024,QB_vs_WR,4017,8167
comp,hwang,2024,QB_vs_WR,4017,1426
comp,hwang,2024,QB_vs_WR,1373,5937
comp,hwang,2024,QB_vs_WR,1373,11620
comp,hwang,2024,QB_vs_WR,1373,9488
comp,hwang,2024,QB_vs_WR,1373,8167
comp,hwang,2024,QB_vs_WR,1373,1426
comp,hwang,2024,QB_vs_WR,1373,8148
comp,hwang,2024,QB_vs_WR,1373,11635
comp,hwang,2024,QB_vs_WR,1373,11631
comp,hwang,2024,QB_vs_WR,9999,11631
comp,hwang,2024,QB_vs_WR,9999,5045
comp,hwang,2024,QB_vs_WR,9999,11637
comp,hwang,2024,QB_vs_WR,9999,5848
comp,hwang,2024,QB_vs_WR,9999,8121
comp,hwang,2024,QB_vs_WR,11563,9756
comp,hwang,2024,QB_vs_WR,11563,8134
comp,hwang,2024,QB_vs_WR,11563,4082
comp,hwang,2024,QB_vs_WR,9228,8134
comp,hwang,2024,QB_vs_WR,9228,4082
comp,hwang,2024,QB_vs_WR,9228,5947
comp,hwang,2024,QB_vs_WR,2028,8134
comp,hwang,2024,QB_vs_WR,2028,4082
comp,hwang,2024,QB_vs_WR,2028,5947
comp,hwang,2024,QB_vs_WR,4943,8676
comp,hwang,2024,QB_vs_WR,4943,2374
comp,hwang,2024,QB_vs_WR,5870,6783
comp,hwang,2024,QB_vs_WR,5870,11625
comp,hwang,2024,QB_vs_WR,5870,9486
comp,hwang,2024,QB_vs_WR,11564,9486
comp,hwang,2024,QB_vs_WR,11564,2197
comp,hwang,2024,QB_vs_WR,11564,7090
comp,hwang,2024,QB_vs_WR,11564,11619
comp,hwang,2024,QB_vs_WR,7591,2197
comp,hwang,2024,QB_vs_WR,7591,7090
comp,hwang,2024,QB_vs_WR,7591,11619
comp,hwang,2024,QB_vs_WR,7591,10232
comp,hwang,2024,QB_vs_WR,1234,10232
comp,hwang,2024,QB_vs_WR,1234,9500
comp,hwang,2024,QB_vs_WR,1234,11626
comp,hwang,2024,QB_vs_WR,6011,11626
comp,hwang,2024,QB_vs_WR,6011,1689
comp,hwang,2024,QB_vs_WR,6011,9501
comp,hwang,2024,QB_vs_WR,3257,9754
comp,hwang,2024,QB_vs_WR,3257,8119
comp,hwang,2024,QB_vs_WR,3257,3286
comp,hwang,2024,QB_vs_WR,19,8126
comp,hwang,2024,QB_vs_WR,19,8117
comp,hwang,2024,QB_vs_WR,19,9494
comp,hwang,2024,QB_vs_WR,11559,9494
comp,hwang,2024,QB_vs_WR,11559,7571
comp,hwang,2024,QB_vs_WR,11559,11618
comp,hwang,2024,QB_vs_WR,11559,5970
comp,hwang,2024,QB_vs_WR,10866,3225
comp,hwang,2024,QB_vs_WR,10866,11617
comp,hwang,2024,QB_vs_WR,10866,11627
comp,hwang,2024,QB_vs_WR,2306,11627
comp,hwang,2024,QB_vs_WR,2306,11610
comp,hwang,2024,QB_vs_WR,4972,7596
comp,hwang,2024,QB_vs_WR,4972,4351
comp,hwang,2024,QB_vs_WR,4972,4951
comp,hwang,2024,QB_vs_WR,4972,7049
comp,hwang,2024,QB_vs_WR,8161,6853
comp,hwang,2024,QB_vs_WR,8161,8147
comp,hwang,2024,QB_vs_WR,8161,11629
comp,hwang,2024,QB_vs_WR,8161,3634
comp,hwang,2024,QB_vs_WR,11562,9487
comp,hwang,2024,QB_vs_WR,11562,8142
comp,hwang,2024,QB_vs_WR,11562,4454
comp,hwang,2024,QB_vs_WR,11562,4040
comp,hwang,2024,QB_vs_WR,11562,8135
comp,hwang,2024,QB_vs_WR,11562,6271
comp,hwang,2024,QB_vs_WR,7610,4454
comp,hwang,2024,QB_vs_WR,7610,4040
comp,hwang,2024,QB_vs_WR,7610,8135
comp,hwang,2024,QB_vs_WR,7610,6271
comp,hwang,2024,QB_vs_WR,4179,7066
comp,hwang,2024,QB_vs_WR,4179,11636
comp,hwang,2024,QB_vs_WR,4179,8188
comp,hwang,2024,QB_vs_WR,4179,5185
comp,hwang,2024,QB_vs_WR,4179,11306
comp,hwang,2024,QB_vs_WR,4179,8204
comp,hwang,2024,QB_vs_WR,4179,2078
comp,hwang,2024,QB_vs_WR,4179,10444
comp,hwang,2024,QB_vs_WR,5854,5113
comp,hwang,2024,QB_vs_WR,5854,10218
comp,hwang,2024,QB_vs_WR,5854,9490
comp,hwang,2024,QB_vs_WR,5854,5917
comp,hwang,2024,QB_vs_TE,5849,10859
comp,hwang,2024,QB_vs_TE,6770,10859
comp,hwang,2024,QB_vs_TE,6804,10859
comp,hwang,2024,QB_vs_TE,3294,1466
comp,hwang,2024,QB_vs_TE,11566,1466
comp,hwang,2024,QB_vs_TE,8183,8130
comp,hwang,2024,QB_vs_TE,3163,5012
comp,hwang,2024,QB_vs_TE,6768,5012
comp,hwang,2024,QB_vs_TE,7523,5012
comp,hwang,2024,QB_vs_TE,6797,7553
comp,hwang,2024,QB_vs_TE,1166,7553
comp,hwang,2024,QB_vs_TE,421,4217
comp,hwang,2024,QB_vs_TE,421,4066
comp,hwang,2024,QB_vs_TE,96,8110
comp,hwang,2024,QB_vs_TE,4892,4033
comp,hwang,2024,QB_vs_TE,4892,11604
comp,hwang,2024,QB_vs_TE,4892,5022
comp,hwang,2024,QB_vs_TE,4017,11604
comp,hwang,2024,QB_vs_TE,4017,5022
comp,hwang,2024,QB_vs_TE,1373,5022
comp,hwang,2024,QB_vs_TE,9999,5001
comp,hwang,2024,QB_vs_TE,9999,5844
comp,hwang,2024,QB_vs_TE,9999,7600
comp,hwang,2024,QB_vs_TE,9999,6826
comp,hwang,2024,QB_vs_TE,11563,6826
comp,hwang,2024,QB_vs_TE,11563,9481
comp,hwang,2024,QB_vs_TE,11563,4381
comp,hwang,2024,QB_vs_TE,9228,4381
comp,hwang,2024,QB_vs_TE,9228,5133
comp,hwang,2024,QB_vs_TE,2028,5133
comp,hwang,2024,QB_vs_TE,4943,3214
comp,hwang,2024,QB_vs_TE,4943,8131
comp,hwang,2024,QB_vs_TE,5870,8131
comp,hwang,2024,QB_vs_TE,5870,8111
comp,hwang,2024,QB_vs_TE,5870,4144
comp,hwang,2024,QB_vs_TE,11564,5857
comp,hwang,2024,QB_vs_TE,7591,7002
comp,hwang,2024,QB_vs_TE,1234,7002
comp,hwang,2024,QB_vs_TE,1234,11596
comp,hwang,2024,QB_vs_TE,1234,8210
comp,hwang,2024,QB_vs_TE,6011,11596
comp,hwang,2024,QB_vs_TE,6011,8210
comp,hwang,2024,QB_vs_TE,3257,6865
comp,hwang,2024,QB_vs_TE,3257,8172
comp,hwang,2024,QB_vs_TE,19,1339
comp,hwang,2024,QB_vs_TE,19,9484
comp,hwang,2024,QB_vs_TE,11559,4973
comp,hwang,2024,QB_vs_TE,11559,11597
comp,hwang,2024,QB_vs_TE,10866,4089
comp,hwang,2024,QB_vs_TE,10866,5010
comp,hwang,2024,QB_vs_TE,10866,8225
comp,hwang,2024,QB_vs_TE,2306,5010
comp,hwang,2024,QB_vs_TE,2306,8225
comp,hwang,2024,QB_vs_TE,2306,7602
comp,hwang,2024,QB_vs_TE,4972,11599
comp,hwang,2024,QB_vs_TE,4972,11592
comp,hwang,2024,QB_vs_TE,8161,11595
comp,hwang,2024,QB_vs_TE,4179,4995
comp,hwang,2024,RB_vs_WR,9221,6786
comp,hwang,2024,RB_vs_WR,6813,6786
comp,hwang,2024,RB_vs_WR,6813,3321
comp,hwang,2024,RB_vs_WR,8150,7547
comp,hwang,2024,RB_vs_WR,8150,7564
comp,hwang,2024,RB_vs_WR,9226,7547
comp,hwang,2024,RB_vs_WR,9226,7564
comp,hwang,2024,RB_vs_WR,9226,6794
comp,hwang,2024,RB_vs_WR,7543,7564
comp,hwang,2024,RB_vs_WR,7543,6794
comp,hwang,2024,RB_vs_WR,5850,7564
comp,hwang,2024,RB_vs_WR,5850,6794
comp,hwang,2024,RB_vs_WR,3198,5859
comp,hwang,2024,RB_vs_WR,3198,8146
comp,hwang,2024,RB_vs_WR,8205,5859
comp,hwang,2024,RB_vs_WR,8205,8146
comp,hwang,2024,RB_vs_WR,8205,9493
comp,hwang,2024,RB_vs_WR,8205,11628
comp,hwang,2024,RB_vs_WR,8138,5859
comp,hwang,2024,RB_vs_WR,8138,8146
comp,hwang,2024,RB_vs_WR,8138,9493
comp,hwang,2024,RB_vs_WR,8138,11628
comp,hwang,2024,RB_vs_WR,8138,8112
comp,hwang,2024,RB_vs_WR,8151,9493
comp,hwang,2024,RB_vs_WR,8151,11628
comp,hwang,2024,RB_vs_WR,8151,8112
comp,hwang,2024,RB_vs_WR,8151,7569
comp,hwang,2024,RB_vs_WR,8136,7569
comp,hwang,2024,RB_vs_WR,8136,2133
comp,hwang,2024,RB_vs_WR,8136,5872
comp,hwang,2024,RB_vs_WR,8136,8144
comp,hwang,2024,RB_vs_WR,8136,7526
comp,hwang,2024,RB_vs_WR,8136,4039
comp,hwang,2024,RB_vs_WR,4035,8144
comp,hwang,2024,RB_vs_WR,4035,7526
comp,hwang,2024,RB_vs_WR,4035,4039
comp,hwang,2024,RB_vs_WR,4035,6803
comp,hwang,2024,RB_vs_WR,4035,11632
comp,hwang,2024,RB_vs_WR,4035,5846
comp,hwang,2024,RB_vs_WR,4018,11632
comp,hwang,2024,RB_vs_WR,4018,5846
comp,hwang,2024,RB_vs_WR,4018,6819
comp,hwang,2024,RB_vs_WR,4018,4983
comp,hwang,2024,RB_vs_WR,4018,7525
comp,hwang,2024,RB_vs_WR,4018,2449
comp,hwang,2024,RB_vs_WR,4018,2216
comp,hwang,2024,RB_vs_WR,4018,10229
comp,hwang,2024,RB_vs_WR,6790,4983
comp,hwang,2024,RB_vs_WR,6790,7525
comp,hwang,2024,RB_vs_WR,6790,2449
comp,hwang,2024,RB_vs_WR,6790,2216
comp,hwang,2024,RB_vs_WR,6790,10229
comp,hwang,2024,RB_vs_WR,6790,9502
comp,hwang,2024,RB_vs_WR,6790,6801
comp,hwang,2024,RB_vs_WR,6790,2309
comp,hwang,2024,RB_vs_WR,6790,9997
comp,hwang,2024,RB_vs_WR,4137,4983
comp,hwang,2024,RB_vs_WR,4137,7525
comp,hwang,2024,RB_vs_WR,4137,2449
comp,hwang,2024,RB_vs_WR,4137,2216
comp,hwang,2024,RB_vs_WR,4137,10229
comp,hwang,2024,RB_vs_WR,4137,9502
comp,hwang,2024,RB_vs_WR,4137,6801
comp,hwang,2024,RB_vs_WR,4137,2309
comp,hwang,2024,RB_vs_WR,4137,9997
comp,hwang,2024,RB_vs_WR,4199,2449
comp,hwang,2024,RB_vs_WR,4199,2216
comp,hwang,2024,RB_vs_WR,4199,10229
comp,hwang,2024,RB_vs_WR,4199,9502
comp,hwang,2024,RB_vs_WR,4199,6801
comp,hwang,2024,RB_vs_WR,4199,2309
comp,hwang,2024,RB_vs_WR,4199,9997
comp,hwang,2024,RB_vs_WR,5892,2449
comp,hwang,2024,RB_vs_WR,5892,2216
comp,hwang,2024,RB_vs_WR,5892,10229
comp,hwang,2024,RB_vs_WR,5892,9502
comp,hwang,2024,RB_vs_WR,5892,6801
comp,hwang,2024,RB_vs_WR,5892,2309
comp,hwang,2024,RB_vs_WR,5892,9997
comp,hwang,2024,RB_vs_WR,7528,9502
comp,hwang,2024,RB_vs_WR,7528,6801
comp,hwang,2024,RB_vs_WR,7528,2309
comp,hwang,2024,RB_vs_WR,7528,9997
comp,hwang,2024,RB_vs_WR,7528,8137
comp,hwang,2024,RB_vs_WR,7528,5927
comp,hwang,2024,RB_vs_WR,7611,8137
comp,hwang,2024,RB_vs_WR,7611,5927
comp,hwang,2024,RB_vs_WR,7611,4950
comp,hwang,2024,RB_vs_WR,7611,4981
comp,hwang,2024,RB_vs_WR,7611,4037
comp,hwang,2024,RB_vs_WR,8139,8137
comp,hwang,2024,RB_vs_WR,8139,5927
comp,hwang,2024,RB_vs_WR,8139,4950
comp,hwang,2024,RB_vs_WR,8139,4981
comp,hwang,2024,RB_vs_WR,8139,4037
comp,hwang,2024,RB_vs_WR,8139,1479
comp,hwang,2024,RB_vs_WR,8139,11624
comp,hwang,2024,RB_vs_WR,2749,8137
comp,hwang,2024,RB_vs_WR,2749,5927
comp,hwang,2024,RB_vs_WR,2749,4950
comp,hwang,2024,RB_vs_WR,2749,4981
comp,hwang,2024,RB_vs_WR,2749,4037
comp,hwang,2024,RB_vs_WR,2749,1479
comp,hwang,2024,RB_vs_WR,2749,11624
comp,hwang,2024,RB_vs_WR,5967,8137
comp,hwang,2024,RB_vs_WR,5967,5927
comp,hwang,2024,RB_vs_WR,5967,4950
comp,hwang,2024,RB_vs_WR,5967,4981
comp,hwang,2024,RB_vs_WR,5967,4037
comp,hwang,2024,RB_vs_WR,5967,1479
comp,hwang,2024,RB_vs_WR,5967,11624
comp,hwang,2024,RB_vs_WR,5967,10222
comp,hwang,2024,RB_vs_WR,7588,8137
comp,hwang,2024,RB_vs_WR,7588,5927
comp,hwang,2024,RB_vs_WR,7588,4950
comp,hwang,2024,RB_vs_WR,7588,4981
comp,hwang,2024,RB_vs_WR,7588,4037
comp,hwang,2024,RB_vs_WR,7588,1479
comp,hwang,2024,RB_vs_WR,7588,11624
comp,hwang,2024,RB_vs_WR,7588,10222
comp,hwang,2024,RB_vs_WR,8228,4950
comp,hwang,2024,RB_vs_WR,8228,4981
comp,hwang,2024,RB_vs_WR,8228,4037
comp,hwang,2024,RB_vs_WR,8228,1479
comp,hwang,2024,RB_vs_WR,8228,11624
comp,hwang,2024,RB_vs_WR,8228,10222
comp,hwang,2024,RB_vs_WR,8154,10222
comp,hwang,2024,RB_vs_WR,8154,5937
comp,hwang,2024,RB_vs_WR,8154,11620
comp,hwang,2024,RB_vs_WR,8154,9488
comp,hwang,2024,RB_vs_WR,8154,8167
comp,hwang,2024,RB_vs_WR,6130,5937
comp,hwang,2024,RB_vs_WR,6130,11620
comp,hwang,2024,RB_vs_WR,6130,9488
comp,hwang,2024,RB_vs_WR,6130,8167
comp,hwang,2024,RB_vs_WR,6130,1426
comp,hwang,2024,RB_vs_WR,6845,5937
comp,hwang,2024,RB_vs_WR,6845,11620
comp,hwang,2024,RB_vs_WR,6845,9488
comp,hwang,2024,RB_vs_WR,6845,8167
comp,hwang,2024,RB_vs_WR,6845,1426
comp,hwang,2024,RB_vs_WR,6845,8148
comp,hwang,2024,RB_vs_WR,6845,11635
comp,hwang,2024,RB_vs_WR,6845,11631
comp,hwang,2024,RB_vs_WR,6845,5045
comp,hwang,2024,RB_vs_WR,8143,9488
comp,hwang,2024,RB_vs_WR,8143,8167
comp,hwang,2024,RB_vs_WR,8143,1426
comp,hwang,2024,RB_vs_WR,8143,8148
comp,hwang,2024,RB_vs_WR,8143,11635
comp,hwang,2024,RB_vs_WR,8143,11631
comp,hwang,2024,RB_vs_WR,8143,5045
comp,hwang,2024,RB_vs_WR,11583,1426
comp,hwang,2024,RB_vs_WR,11583,8148
comp,hwang,2024,RB_vs_WR,11583,11635
comp,hwang,2024,RB_vs_WR,11583,11631
comp,hwang,2024,RB_vs_WR,11583,5045
comp,hwang,2024,RB_vs_WR,11583,11637
comp,hwang,2024,RB_vs_WR,11583,5848
comp,hwang,2024,RB_vs_WR,9224,5045
comp,hwang,2024,RB_vs_WR,9224,11637
comp,hwang,2024,RB_vs_WR,9224,5848
comp,hwang,2024,RB_vs_WR,9224,8121
comp,hwang,2024,RB_vs_WR,9508,9756
comp,hwang,2024,RB_vs_WR,9508,8134
comp,hwang,2024,RB_vs_WR,4663,9756
comp,hwang,2024,RB_vs_WR,4663,8134
comp,hwang,2024,RB_vs_WR,4663,4082
comp,hwang,2024,RB_vs_WR,11586,8134
comp,hwang,2024,RB_vs_WR,11586,4082
comp,hwang,2024,RB_vs_WR,11586,5947
comp,hwang,2024,RB_vs_WR,7021,5947
comp,hwang,2024,RB_vs_WR,7021,4068
comp,hwang,2024,RB_vs_WR,7021,8676
comp,hwang,2024,RB_vs_WR,5248,4068
comp,hwang,2024,RB_vs_WR,5248,8676
comp,hwang,2024,RB_vs_WR,5248,2374
comp,hwang,2024,RB_vs_WR,11589,6783
comp,hwang,2024,RB_vs_WR,11589,11625
comp,hwang,2024,RB_vs_WR,3164,6783
comp,hwang,2024,RB_vs_WR,3164,11625
comp,hwang,2024,RB_vs_WR,3164,9486
comp,hwang,2024,RB_vs_WR,4988,11625
comp,hwang,2024,RB_vs_WR,4988,9486
comp,hwang,2024,RB_vs_WR,4988,2197
comp,hwang,2024,RB_vs_WR,4988,7090
comp,hwang,2024,RB_vs_WR,7594,9486
comp,hwang,2024,RB_vs_WR,7594,2197
comp,hwang,2024,RB_vs_WR,7594,7090
comp,hwang,2024,RB_vs_WR,8230,2197
comp,hwang,2024,RB_vs_WR,8230,7090
comp,hwang,2024,RB_vs_WR,8230,11619
comp,hwang,2024,RB_vs_WR,8230,10232
comp,hwang,2024,RB_vs_WR,6806,11619
comp,hwang,2024,RB_vs_WR,6806,10232
comp,hwang,2024,RB_vs_WR,6806,9500
comp,hwang,2024,RB_vs_WR,6806,11626
comp,hwang,2024,RB_vs_WR,8132,9500
comp,hwang,2024,RB_vs_WR,8132,11626
comp,hwang,2024,RB_vs_WR,8132,1689
comp,hwang,2024,RB_vs_WR,9753,1689
comp,hwang,2024,RB_vs_WR,9753,9501
comp,hwang,2024,RB_vs_WR,9753,9754
comp,hwang,2024,RB_vs_WR,11439,9754
comp,hwang,2024,RB_vs_WR,11439,8119
comp,hwang,2024,RB_vs_WR,11439,3286
comp,hwang,2024,RB_vs_WR,11643,9754
comp,hwang,2024,RB_vs_WR,11643,8119
comp,hwang,2024,RB_vs_WR,11643,3286
comp,hwang,2024,RB_vs_WR,11643,8126
comp,hwang,2024,RB_vs_WR,11584,8126
comp,hwang,2024,RB_vs_WR,11584,8117
comp,hwang,2024,RB_vs_WR,6945,8117
comp,hwang,2024,RB_vs_WR,6945,9494
comp,hwang,2024,RB_vs_WR,11575,9494
comp,hwang,2024,RB_vs_WR,11575,7571
comp,hwang,2024,RB_vs_WR,11575,11618
comp,hwang,2024,RB_vs_WR,11575,5970
comp,hwang,2024,RB_vs_WR,8408,11618
comp,hwang,2024,RB_vs_WR,8408,5970
comp,hwang,2024,RB_vs_WR,8408,11640
comp,hwang,2024,RB_vs_WR,11581,11638
comp,hwang,2024,RB_vs_WR,11581,11650
comp,hwang,2024,RB_vs_WR,11581,10226
comp,hwang,2024,RB_vs_WR,11581,7587
comp,hwang,2024,RB_vs_WR,7608,7587
comp,hwang,2024,RB_vs_WR,7608,3225
comp,hwang,2024,RB_vs_WR,7608,11617
comp,hwang,2024,RB_vs_WR,11576,11617
comp,hwang,2024,RB_vs_WR,11576,11627
comp,hwang,2024,RB_vs_WR,11576,11610
comp,hwang,2024,RB_vs_WR,9225,6149
comp,hwang,2024,RB_vs_WR,9225,4234
comp,hwang,2024,RB_vs_WR,9225,8180
comp,hwang,2024,RB_vs_WR,4147,4234
comp,hwang,2024,RB_vs_WR,4147,8180
comp,hwang,2024,RB_vs_WR,4147,4171
comp,hwang,2024,RB_vs_WR,10235,8180
comp,hwang,2024,RB_vs_WR,10235,4171
comp,hwang,2024,RB_vs_WR,10235,9497
comp,hwang,2024,RB_vs_WR,10235,10213
comp,hwang,2024,RB_vs_WR,11579,9497
comp,hwang,2024,RB_vs_WR,11579,10213
comp,hwang,2024,RB_vs_WR,11579,7596
comp,hwang,2024,RB_vs_WR,9757,7049
comp,hwang,2024,RB_vs_WR,9757,6853
comp,hwang,2024,RB_vs_WR,9757,8147
comp,hwang,2024,RB_vs_WR,5995,7049
comp,hwang,2024,RB_vs_WR,5995,6853
comp,hwang,2024,RB_vs_WR,5995,8147
comp,hwang,2024,RB_vs_WR,5995,11629
comp,hwang,2024,RB_vs_WR,5987,11629
comp,hwang,2024,RB_vs_WR,5987,3634
comp,hwang,2024,RB_vs_WR,5987,4080
comp,hwang,2024,RB_vs_WR,5987,9487
comp,hwang,2024,RB_vs_WR,5987,8142
comp,hwang,2024,RB_vs_WR,5987,4454
comp,hwang,2024,RB_vs_WR,5987,4040
comp,hwang,2024,RB_vs_WR,11577,11629
comp,hwang,2024,RB_vs_WR,11577,3634
comp,hwang,2024,RB_vs_WR,11577,4080
comp,hwang,2024,RB_vs_WR,11577,9487
comp,hwang,2024,RB_vs_WR,11577,8142
comp,hwang,2024,RB_vs_WR,11577,4454
comp,hwang,2024,RB_vs_WR,11577,4040
comp,hwang,2024,RB_vs_WR,4029,8135
comp,hwang,2024,RB_vs_WR,4029,6271
comp,hwang,2024,RB_vs_WR,4029,10225
comp,hwang,2024,RB_vs_WR,4029,5374
comp,hwang,2024,RB_vs_WR,6938,8135
comp,hwang,2024,RB_vs_WR,6938,6271
comp,hwang,2024,RB_vs_WR,6938,10225
comp,hwang,2024,RB_vs_WR,6938,5374
comp,hwang,2024,RB_vs_WR,9511,7066
comp,hwang,2024,RB_vs_WR,9511,11636
comp,hwang,2024,RB_vs_WR,9511,8188
comp,hwang,2024,RB_vs_WR,9511,5185
comp,hwang,2024,RB_vs_WR,9511,11306
comp,hwang,2024,RB_vs_WR,8129,7066
comp,hwang,2024,RB_vs_WR,8129,11636
comp,hwang,2024,RB_vs_WR,8129,8188
comp,hwang,2024,RB_vs_WR,8129,5185
comp,hwang,2024,RB_vs_WR,8129,11306
comp,hwang,2024,RB_vs_WR,4149,2325
comp,hwang,2024,RB_vs_WR,4149,10867
comp,hwang,2024,RB_vs_WR,4149,8125
comp,hwang,2024,RB_vs_WR,4149,9492
comp,hwang,2024,RB_vs_WR,4149,7562
comp,hwang,2024,RB_vs_WR,7567,2325
comp,hwang,2024,RB_vs_WR,7567,10867
comp,hwang,2024,RB_vs_WR,7567,8125
comp,hwang,2024,RB_vs_WR,7567,9492
comp,hwang,2024,RB_vs_WR,7567,7562
comp,hwang,2024,RB_vs_WR,4111,5113
comp,hwang,2024,RB_vs_WR,4111,10218
comp,hwang,2024,RB_vs_WR,4111,9490
comp,hwang,2024,RB_vs_WR,4111,5917
comp,hwang,2024,RB_vs_TE,6813,10859
comp,hwang,2024,RB_vs_TE,9226,1466
comp,hwang,2024,RB_vs_TE,7543,1466
comp,hwang,2024,RB_vs_TE,5850,1466
comp,hwang,2024,RB_vs_TE,3198,1466
comp,hwang,2024,RB_vs_TE,8138,8130
comp,hwang,2024,RB_vs_TE,8151,8130
comp,hwang,2024,RB_vs_TE,8151,10236
comp,hwang,2024,RB_vs_TE,8151,5012
comp,hwang,2024,RB_vs_TE,8136,10236
comp,hwang,2024,RB_vs_TE,8136,5012
comp,hwang,2024,RB_vs_TE,4035,7553
comp,hwang,2024,RB_vs_TE,4018,7553
comp,hwang,2024,RB_vs_TE,6790,4217
comp,hwang,2024,RB_vs_TE,6790,4066
comp,hwang,2024,RB_vs_TE,4137,4217
comp,hwang,2024,RB_vs_TE,4137,4066
comp,hwang,2024,RB_vs_TE,4199,4217
comp,hwang,2024,RB_vs_TE,4199,4066
comp,hwang,2024,RB_vs_TE,5892,4217
comp,hwang,2024,RB_vs_TE,5892,4066
comp,hwang,2024,RB_vs_TE,7528,4217
comp,hwang,2024,RB_vs_TE,7528,4066
comp,hwang,2024,RB_vs_TE,7611,8110
comp,hwang,2024,RB_vs_TE,8139,8110
comp,hwang,2024,RB_vs_TE,2749,8110
comp,hwang,2024,RB_vs_TE,5967,8110
comp,hwang,2024,RB_vs_TE,5967,4033
comp,hwang,2024,RB_vs_TE,5967,11604
comp,hwang,2024,RB_vs_TE,7588,8110
comp,hwang,2024,RB_vs_TE,7588,4033
comp,hwang,2024,RB_vs_TE,7588,11604
comp,hwang,2024,RB_vs_TE,8228,8110
comp,hwang,2024,RB_vs_TE,8228,4033
comp,hwang,2024,RB_vs_TE,8228,11604
comp,hwang,2024,RB_vs_TE,8154,4033
comp,hwang,2024,RB_vs_TE,8154,11604
comp,hwang,2024,RB_vs_TE,8154,5022
comp,hwang,2024,RB_vs_TE,6130,11604
comp,hwang,2024,RB_vs_TE,6130,5022
comp,hwang,2024,RB_vs_TE,6845,5022
comp,hwang,2024,RB_vs_TE,6845,5001
comp,hwang,2024,RB_vs_TE,8143,5001
comp,hwang,2024,RB_vs_TE,11583,5001
comp,hwang,2024,RB_vs_TE,9224,5001
comp,hwang,2024,RB_vs_TE,9224,5844
comp,hwang,2024,RB_vs_TE,9224,7600
comp,hwang,2024,RB_vs_TE,9224,6826
comp,hwang,2024,RB_vs_TE,9508,6826
comp,hwang,2024,RB_vs_TE,9508,9481
comp,hwang,2024,RB_vs_TE,9508,4381
comp,hwang,2024,RB_vs_TE,4663,6826
comp,hwang,2024,RB_vs_TE,4663,9481
comp,hwang,2024,RB_vs_TE,4663,4381
comp,hwang,2024,RB_vs_TE,11586,5133
comp,hwang,2024,RB_vs_TE,5248,3214
comp,hwang,2024,RB_vs_TE,11589,8131
comp,hwang,2024,RB_vs_TE,11589,8111
comp,hwang,2024,RB_vs_TE,11589,4144
comp,hwang,2024,RB_vs_TE,3164,8111
comp,hwang,2024,RB_vs_TE,3164,4144
comp,hwang,2024,RB_vs_TE,3164,5857
comp,hwang,2024,RB_vs_TE,4988,4144
comp,hwang,2024,RB_vs_TE,4988,5857
comp,hwang,2024,RB_vs_TE,7594,4144
comp,hwang,2024,RB_vs_TE,7594,5857
comp,hwang,2024,RB_vs_TE,6806,7002
comp,hwang,2024,RB_vs_TE,6806,11596
comp,hwang,2024,RB_vs_TE,8132,7002
comp,hwang,2024,RB_vs_TE,8132,11596
comp,hwang,2024,RB_vs_TE,8132,8210
comp,hwang,2024,RB_vs_TE,9753,8210
comp,hwang,2024,RB_vs_TE,11439,6865
comp,hwang,2024,RB_vs_TE,11439,8172
comp,hwang,2024,RB_vs_TE,11643,6865
comp,hwang,2024,RB_vs_TE,11643,8172
comp,hwang,2024,RB_vs_TE,11643,4993
comp,hwang,2024,RB_vs_TE,11584,1339
comp,hwang,2024,RB_vs_TE,11584,9484
comp,hwang,2024,RB_vs_TE,6945,1339
comp,hwang,2024,RB_vs_TE,6945,9484
comp,hwang,2024,RB_vs_TE,11575,9484
comp,hwang,2024,RB_vs_TE,11575,4973
comp,hwang,2024,RB_vs_TE,8408,4973
comp,hwang,2024,RB_vs_TE,8408,11597
comp,hwang,2024,RB_vs_TE,8408,5906
comp,hwang,2024,RB_vs_TE,11581,9482
comp,hwang,2024,RB_vs_TE,7608,4089
comp,hwang,2024,RB_vs_TE,7608,5010
comp,hwang,2024,RB_vs_TE,11576,4089
comp,hwang,2024,RB_vs_TE,11576,5010
comp,hwang,2024,RB_vs_TE,11576,8225
comp,hwang,2024,RB_vs_TE,9225,7602
comp,hwang,2024,RB_vs_TE,9225,7828
comp,hwang,2024,RB_vs_TE,9225,10214
comp,hwang,2024,RB_vs_TE,4147,7828
comp,hwang,2024,RB_vs_TE,4147,10214
comp,hwang,2024,RB_vs_TE,10235,3271
comp,hwang,2024,RB_vs_TE,11579,11599
comp,hwang,2024,RB_vs_TE,5987,11595
comp,hwang,2024,RB_vs_TE,11577,11595
comp,hwang,2024,RB_vs_TE,9511,4054
comp,hwang,2024,RB_vs_TE,9511,4995
comp,hwang,2024,RB_vs_TE,8129,4054
comp,hwang,2024,RB_vs_TE,8129,4995
comp,hwang,2024,RB_vs_TE,4149,9479
comp,hwang,2024,RB_vs_TE,4149,5973
comp,hwang,2024,RB_vs_TE,4149,7694
comp,hwang,2024,RB_vs_TE,7567,9479
comp,hwang,2024,RB_vs_TE,7567,5973
comp,hwang,2024,RB_vs_TE,7567,7694
comp,hwang,2024,WR_vs_TE,6786,10859
comp,hwang,2024,WR_vs_TE,3321,10859
comp,hwang,2024,WR_vs_TE,7564,1466
comp,hwang,2024,WR_vs_TE,6794,1466
comp,hwang,2024,WR_vs_TE,8146,8130
comp,hwang,2024,WR_vs_TE,9493,8130
comp,hwang,2024,WR_vs_TE,11628,8130
comp,hwang,2024,WR_vs_TE,8112,8130
comp,hwang,2024,WR_vs_TE,8112,10236
comp,hwang,2024,WR_vs_TE,7569,10236
comp,hwang,2024,WR_vs_TE,7569,5012
comp,hwang,2024,WR_vs_TE,2133,10236
comp,hwang,2024,WR_vs_TE,2133,5012
comp,hwang,2024,WR_vs_TE,5872,5012
comp,hwang,2024,WR_vs_TE,8144,5012
comp,hwang,2024,WR_vs_TE,7526,5012
comp,hwang,2024,WR_vs_TE,6803,7553
comp,hwang,2024,WR_vs_TE,11632,7553
comp,hwang,2024,WR_vs_TE,5846,7553
comp,hwang,2024,WR_vs_TE,6819,7553
comp,hwang,2024,WR_vs_TE,4983,7553
comp,hwang,2024,WR_vs_TE,7525,7553
comp,hwang,2024,WR_vs_TE,7525,4217
comp,hwang,2024,WR_vs_TE,2449,4217
comp,hwang,2024,WR_vs_TE,2449,4066
comp,hwang,2024,WR_vs_TE,2216,4217
comp,hwang,2024,WR_vs_TE,2216,4066
comp,hwang,2024,WR_vs_TE,10229,4217
comp,hwang,2024,WR_vs_TE,10229,4066
comp,hwang,2024,WR_vs_TE,9502,4217
comp,hwang,2024,WR_vs_TE,9502,4066
comp,hwang,2024,WR_vs_TE,6801,4217
comp,hwang,2024,WR_vs_TE,6801,4066
comp,hwang,2024,WR_vs_TE,2309,4217
comp,hwang,2024,WR_vs_TE,2309,4066
comp,hwang,2024,WR_vs_TE,9997,4217
comp,hwang,2024,WR_vs_TE,9997,4066
comp,hwang,2024,WR_vs_TE,8137,8110
comp,hwang,2024,WR_vs_TE,5927,8110
comp,hwang,2024,WR_vs_TE,4950,8110
comp,hwang,2024,WR_vs_TE,4981,8110
comp,hwang,2024,WR_vs_TE,4981,4033
comp,hwang,2024,WR_vs_TE,4037,8110
comp,hwang,2024,WR_vs_TE,4037,4033
comp,hwang,2024,WR_vs_TE,1479,8110
comp,hwang,2024,WR_vs_TE,1479,4033
comp,hwang,2024,WR_vs_TE,1479,11604
comp,hwang,2024,WR_vs_TE,11624,8110
comp,hwang,2024,WR_vs_TE,11624,4033
comp,hwang,2024,WR_vs_TE,11624,11604
comp,hwang,2024,WR_vs_TE,10222,8110
comp,hwang,2024,WR_vs_TE,10222,4033
comp,hwang,2024,WR_vs_TE,10222,11604
comp,hwang,2024,WR_vs_TE,5937,11604
comp,hwang,2024,WR_vs_TE,5937,5022
comp,hwang,2024,WR_vs_TE,11620,11604
comp,hwang,2024,WR_vs_TE,11620,5022
comp,hwang,2024,WR_vs_TE,9488,5022
comp,hwang,2024,WR_vs_TE,8167,5022
comp,hwang,2024,WR_vs_TE,1426,5022
comp,hwang,2024,WR_vs_TE,1426,5001
comp,hwang,2024,WR_vs_TE,8148,5022
comp,hwang,2024,WR_vs_TE,8148,5001
comp,hwang,2024,WR_vs_TE,11635,5001
comp,hwang,2024,WR_vs_TE,11631,5001
comp,hwang,2024,WR_vs_TE,5045,5001
comp,hwang,2024,WR_vs_TE,11637,5001
comp,hwang,2024,WR_vs_TE,11637,5844
comp,hwang,2024,WR_vs_TE,11637,7600
comp,hwang,2024,WR_vs_TE,5848,5001
comp,hwang,2024,WR_vs_TE,5848,5844
comp,hwang,2024,WR_vs_TE,5848,7600
comp,hwang,2024,WR_vs_TE,5848,6826
comp,hwang,2024,WR_vs_TE,8121,5844
comp,hwang,2024,WR_vs_TE,8121,7600
comp,hwang,2024,WR_vs_TE,8121,6826
comp,hwang,2024,WR_vs_TE,9756,7600
comp,hwang,2024,WR_vs_TE,9756,6826
comp,hwang,2024,WR_vs_TE,9756,9481
comp,hwang,2024,WR_vs_TE,9756,4381
comp,hwang,2024,WR_vs_TE,8134,9481
comp,hwang,2024,WR_vs_TE,8134,4381
comp,hwang,2024,WR_vs_TE,8134,5133
comp,hwang,2024,WR_vs_TE,4082,9481
comp,hwang,2024,WR_vs_TE,4082,4381
comp,hwang,2024,WR_vs_TE,4082,5133
comp,hwang,2024,WR_vs_TE,5947,5133
comp,hwang,2024,WR_vs_TE,8676,3214
comp,hwang,2024,WR_vs_TE,2374,3214
comp,hwang,2024,WR_vs_TE,2374,8131
comp,hwang,2024,WR_vs_TE,6783,8131
comp,hwang,2024,WR_vs_TE,6783,8111
comp,hwang,2024,WR_vs_TE,6783,4144
comp,hwang,2024,WR_vs_TE,11625,8111
comp,hwang,2024,WR_vs_TE,11625,4144
comp,hwang,2024,WR_vs_TE,11625,5857
comp,hwang,2024,WR_vs_TE,9486,8111
comp,hwang,2024,WR_vs_TE,9486,4144
comp,hwang,2024,WR_vs_TE,9486,5857
comp,hwang,2024,WR_vs_TE,2197,4144
comp,hwang,2024,WR_vs_TE,2197,5857
comp,hwang,2024,WR_vs_TE,7090,5857
comp,hwang,2024,WR_vs_TE,11619,7002
comp,hwang,2024,WR_vs_TE,10232,7002
comp,hwang,2024,WR_vs_TE,9500,7002
comp,hwang,2024,WR_vs_TE,9500,11596
comp,hwang,2024,WR_vs_TE,11626,11596
comp,hwang,2024,WR_vs_TE,11626,8210
comp,hwang,2024,WR_vs_TE,1689,8210
comp,hwang,2024,WR_vs_TE,9501,8210
comp,hwang,2024,WR_vs_TE,9754,6865
comp,hwang,2024,WR_vs_TE,9754,8172
comp,hwang,2024,WR_vs_TE,8119,6865
comp,hwang,2024,WR_vs_TE,8119,8172
comp,hwang,2024,WR_vs_TE,8119,4993
comp,hwang,2024,WR_vs_TE,3286,6865
comp,hwang,2024,WR_vs_TE,3286,8172
comp,hwang,2024,WR_vs_TE,3286,4993
comp,hwang,2024,WR_vs_TE,8126,4993
comp,hwang,2024,WR_vs_TE,8126,1339
comp,hwang,2024,WR_vs_TE,8117,1339
comp,hwang,2024,WR_vs_TE,8117,9484
comp,hwang,2024,WR_vs_TE,9494,9484
comp,hwang,2024,WR_vs_TE,9494,4973
comp,hwang,2024,WR_vs_TE,7571,9484
comp,hwang,2024,WR_vs_TE,7571,4973
comp,hwang,2024,WR_vs_TE,11618,4973
comp,hwang,2024,WR_vs_TE,11618,11597
comp,hwang,2024,WR_vs_TE,11618,5906
comp,hwang,2024,WR_vs_TE,5970,4973
comp,hwang,2024,WR_vs_TE,5970,11597
comp,hwang,2024,WR_vs_TE,5970,5906
comp,hwang,2024,WR_vs_TE,11640,11597
comp,hwang,2024,WR_vs_TE,11640,5906
comp,hwang,2024,WR_vs_TE,11640,11600
comp,hwang,2024,WR_vs_TE,11638,11600
comp,hwang,2024,WR_vs_TE,11638,9482
comp,hwang,2024,WR_vs_TE,11650,11600
comp,hwang,2024,WR_vs_TE,11650,9482
comp,hwang,2024,WR_vs_TE,10226,9482
comp,hwang,2024,WR_vs_TE,7587,4089
comp,hwang,2024,WR_vs_TE,3225,4089
comp,hwang,2024,WR_vs_TE,3225,5010
comp,hwang,2024,WR_vs_TE,11617,4089
comp,hwang,2024,WR_vs_TE,11617,5010
comp,hwang,2024,WR_vs_TE,11617,8225
comp,hwang,2024,WR_vs_TE,11627,5010
comp,hwang,2024,WR_vs_TE,11627,8225
comp,hwang,2024,WR_vs_TE,11610,8225
comp,hwang,2024,WR_vs_TE,11610,7602
comp,hwang,2024,WR_vs_TE,6149,7602
comp,hwang,2024,WR_vs_TE,6149,7828
comp,hwang,2024,WR_vs_TE,4234,7828
comp,hwang,2024,WR_vs_TE,4234,10214
comp,hwang,2024,WR_vs_TE,8180,7828
comp,hwang,2024,WR_vs_TE,8180,10214
comp,hwang,2024,WR_vs_TE,8180,3271
comp,hwang,2024,WR_vs_TE,4171,10214
comp,hwang,2024,WR_vs_TE,4171,3271
comp,hwang,2024,WR_vs_TE,9497,3271
comp,hwang,2024,WR_vs_TE,10213,3271
comp,hwang,2024,WR_vs_TE,7596,11599
comp,hwang,2024,WR_vs_TE,7596,11592
comp,hwang,2024,WR_vs_TE,4351,11599
comp,hwang,2024,WR_vs_TE,4351,11592
comp,hwang,2024,WR_vs_TE,4951,11599
comp,hwang,2024,WR_vs_TE,4951,11592
comp,hwang,2024,WR_vs_TE,7049,11592
comp,hwang,2024,WR_vs_TE,8147,11595
comp,hwang,2024,WR_vs_TE,11629,11595
comp,hwang,2024,WR_vs_TE,3634,11595
comp,hwang,2024,WR_vs_TE,4080,11595
comp,hwang,2024,WR_vs_TE,9487,11595
comp,hwang,2024,WR_vs_TE,10225,4054
comp,hwang,2024,WR_vs_TE,5374,4054
comp,hwang,2024,WR_vs_TE,7066,4054
comp,hwang,2024,WR_vs_TE,7066,4995
comp,hwang,2024,WR_vs_TE,11636,4054
comp,hwang,2024,WR_vs_TE,11636,4995
comp,hwang,2024,WR_vs_TE,8188,4054
comp,hwang,2024,WR_vs_TE,8188,4995
comp,hwang,2024,WR_vs_TE,5185,4995
comp,hwang,2024,WR_vs_TE,11306,4995
comp,hwang,2024,WR_vs_TE,8204,4995
comp,hwang,2024,WR_vs_TE,8204,9479
comp,hwang,2024,WR_vs_TE,8204,5973
comp,hwang,2024,WR_vs_TE,2078,4995
comp,hwang,2024,WR_vs_TE,2078,9479
comp,hwang,2024,WR_vs_TE,2078,5973
comp,hwang,2024,WR_vs_TE,10444,4995
comp,hwang,2024,WR_vs_TE,10444,9479
comp,hwang,2024,WR_vs_TE,10444,5973
comp,hwang,2024,WR_vs_TE,2325,9479
comp,hwang,2024,WR_vs_TE,2325,5973
comp,hwang,2024,WR_vs_TE,2325,7694
comp,hwang,2024,WR_vs_TE,10867,9479
comp,hwang,2024,WR_vs_TE,10867,5973
comp,hwang,2024,WR_vs_TE,10867,7694
comp,hwang,2024,WR_vs_TE,8125,9479
comp,hwang,2024,WR_vs_TE,8125,5973
comp,hwang,2024,WR_vs_TE,8125,7694
comp,hwang,2024,WR_vs_TE,9492,9479
comp,hwang,2024,WR_vs_TE,9492,5973
comp,hwang,2024,WR_vs_TE,9492,7694
comp,hwang,2024,WR_vs_TE,7562,9479
comp,hwang,2024,WR_vs_TE,7562,5973
comp,hwang,2024,WR_vs_TE,7562,7694
comp,hwang,2025,QB_vs_RB,4984,9221
comp,hwang,2025,QB_vs_RB,4881,9221
comp,hwang,2025,QB_vs_RB,11566,9221
comp,hwang,2025,QB_vs_RB,6904,4866
comp,hwang,2025,QB_vs_RB,4046,9224
comp,hwang,2025,QB_vs_RB,4046,11584
comp,hwang,2025,QB_vs_RB,4046,9226
comp,hwang,2025,QB_vs_RB,4046,5850
comp,hwang,2025,QB_vs_RB,4892,9224
comp,hwang,2025,QB_vs_RB,4892,11584
comp,hwang,2025,QB_vs_RB,4892,9226
comp,hwang,2025,QB_vs_RB,4892,5850
comp,hwang,2025,QB_vs_RB,4892,6813
comp,hwang,2025,QB_vs_RB,11563,9226
comp,hwang,2025,QB_vs_RB,11563,5850
comp,hwang,2025,QB_vs_RB,11563,6813
comp,hwang,2025,QB_vs_RB,3294,9226
comp,hwang,2025,QB_vs_RB,3294,5850
comp,hwang,2025,QB_vs_RB,3294,6813
comp,hwang,2025,QB_vs_RB,3294,8150
comp,hwang,2025,QB_vs_RB,5849,5850
comp,hwang,2025,QB_vs_RB,5849,6813
comp,hwang,2025,QB_vs_RB,5849,8150
comp,hwang,2025,QB_vs_RB,8183,8150
comp,hwang,2025,QB_vs_RB,8183,8138
comp,hwang,2025,QB_vs_RB,11564,8155
comp,hwang,2025,QB_vs_RB,6797,8155
comp,hwang,2025,QB_vs_RB,6797,8151
comp,hwang,2025,QB_vs_RB,11565,8155
comp,hwang,2025,QB_vs_RB,11565,8151
comp,hwang,2025,QB_vs_RB,9758,8151
comp,hwang,2025,QB_vs_RB,6804,7594
comp,hwang,2025,QB_vs_RB,6804,4035
comp,hwang,2025,QB_vs_RB,6804,4137
comp,hwang,2025,QB_vs_RB,7523,7594
comp,hwang,2025,QB_vs_RB,7523,4035
comp,hwang,2025,QB_vs_RB,7523,4137
comp,hwang,2025,QB_vs_RB,7523,6790
comp,hwang,2025,QB_vs_RB,11559,6790
comp,hwang,2025,QB_vs_RB,11559,8205
comp,hwang,2025,QB_vs_RB,11559,5967
comp,hwang,2025,QB_vs_RB,11559,4199
comp,hwang,2025,QB_vs_RB,11559,5892
comp,hwang,2025,QB_vs_RB,9228,8228
comp,hwang,2025,QB_vs_RB,9228,7588
comp,hwang,2025,QB_vs_RB,6768,8228
comp,hwang,2025,QB_vs_RB,6768,7588
comp,hwang,2025,QB_vs_RB,1373,7611
comp,hwang,2025,QB_vs_RB,96,9225
comp,hwang,2025,QB_vs_RB,96,8154
comp,hwang,2025,QB_vs_RB,5870,11589
comp,hwang,2025,QB_vs_RB,1234,9508
comp,hwang,2025,QB_vs_RB,1234,11576
comp,hwang,2025,QB_vs_RB,9229,11576
comp,hwang,2025,QB_vs_RB,9229,7021
comp,hwang,2025,QB_vs_RB,19,8143
comp,hwang,2025,QB_vs_RB,11562,10219
comp,hwang,2025,QB_vs_RB,1166,11577
comp,hwang,2025,QB_vs_RB,5854,11439
comp,hwang,2025,QB_vs_RB,2306,4098
comp,hwang,2025,QB_vs_RB,4972,9506
comp,hwang,2025,QB_vs_RB,11256,9757
comp,hwang,2025,QB_vs_WR,4046,6794
comp,hwang,2025,QB_vs_WR,4046,7569
comp,hwang,2025,QB_vs_WR,4892,6794
comp,hwang,2025,QB_vs_WR,4892,7569
comp,hwang,2025,QB_vs_WR,11563,7569
comp,hwang,2025,QB_vs_WR,11563,7547
comp,hwang,2025,QB_vs_WR,11563,11632
comp,hwang,2025,QB_vs_WR,3294,7569
comp,hwang,2025,QB_vs_WR,3294,7547
comp,hwang,2025,QB_vs_WR,3294,11632
comp,hwang,2025,QB_vs_WR,5849,7547
comp,hwang,2025,QB_vs_WR,5849,11632
comp,hwang,2025,QB_vs_WR,5849,11631
comp,hwang,2025,QB_vs_WR,5849,9493
comp,hwang,2025,QB_vs_WR,8183,11631
comp,hwang,2025,QB_vs_WR,8183,9493
comp,hwang,2025,QB_vs_WR,8183,8112
comp,hwang,2025,QB_vs_WR,11560,8112
comp,hwang,2025,QB_vs_WR,11560,5859
comp,hwang,2025,QB_vs_WR,11560,11635
comp,hwang,2025,QB_vs_WR,11560,9488
comp,hwang,2025,QB_vs_WR,7591,5859
comp,hwang,2025,QB_vs_WR,7591,11635
comp,hwang,2025,QB_vs_WR,7591,9488
comp,hwang,2025,QB_vs_WR,7591,8146
comp,hwang,2025,QB_vs_WR,7591,6801
comp,hwang,2025,QB_vs_WR,3163,11635
comp,hwang,2025,QB_vs_WR,3163,9488
comp,hwang,2025,QB_vs_WR,3163,8146
comp,hwang,2025,QB_vs_WR,3163,6801
comp,hwang,2025,QB_vs_WR,11564,8146
comp,hwang,2025,QB_vs_WR,11564,6801
comp,hwang,2025,QB_vs_WR,11564,3321
comp,hwang,2025,QB_vs_WR,6797,3321
comp,hwang,2025,QB_vs_WR,6797,5927
comp,hwang,2025,QB_vs_WR,6797,11628
comp,hwang,2025,QB_vs_WR,6797,2216
comp,hwang,2025,QB_vs_WR,11565,3321
comp,hwang,2025,QB_vs_WR,11565,5927
comp,hwang,2025,QB_vs_WR,11565,11628
comp,hwang,2025,QB_vs_WR,11565,2216
comp,hwang,2025,QB_vs_WR,9758,5927
comp,hwang,2025,QB_vs_WR,9758,11628
comp,hwang,2025,QB_vs_WR,9758,2216
comp,hwang,2025,QB_vs_WR,9758,2133
comp,hwang,2025,QB_vs_WR,6804,2133
comp,hwang,2025,QB_vs_WR,6804,4983
comp,hwang,2025,QB_vs_WR,6804,5045
comp,hwang,2025,QB_vs_WR,6804,11624
comp,hwang,2025,QB_vs_WR,6804,8148
comp,hwang,2025,QB_vs_WR,6804,7525
comp,hwang,2025,QB_vs_WR,6804,5846
comp,hwang,2025,QB_vs_WR,6804,8137
comp,hwang,2025,QB_vs_WR,7523,4983
comp,hwang,2025,QB_vs_WR,7523,5045
comp,hwang,2025,QB_vs_WR,7523,11624
comp,hwang,2025,QB_vs_WR,7523,8148
comp,hwang,2025,QB_vs_WR,7523,7525
comp,hwang,2025,QB_vs_WR,7523,5846
comp,hwang,2025,QB_vs_WR,7523,8137
comp,hwang,2025,QB_vs_WR,7523,9997
comp,hwang,2025,QB_vs_WR,11559,4981
comp,hwang,2025,QB_vs_WR,11559,10229
comp,hwang,2025,QB_vs_WR,11559,11638
comp,hwang,2025,QB_vs_WR,11559,6783
comp,hwang,2025,QB_vs_WR,11559,7526
comp,hwang,2025,QB_vs_WR,9228,5872
comp,hwang,2025,QB_vs_WR,9228,8144
comp,hwang,2025,QB_vs_WR,9228,2449
comp,hwang,2025,QB_vs_WR,9228,5947
comp,hwang,2025,QB_vs_WR,9228,8134
comp,hwang,2025,QB_vs_WR,6768,5872
comp,hwang,2025,QB_vs_WR,6768,8144
comp,hwang,2025,QB_vs_WR,6768,2449
comp,hwang,2025,QB_vs_WR,6768,5947
comp,hwang,2025,QB_vs_WR,6768,8134
comp,hwang,2025,QB_vs_WR,1373,4037
comp,hwang,2025,QB_vs_WR,1373,9500
comp,hwang,2025,QB_vs_WR,1373,10222
comp,hwang,2025,QB_vs_WR,1373,7090
comp,hwang,2025,QB_vs_WR,421,9494
comp,hwang,2025,QB_vs_WR,421,7571
comp,hwang,2025,QB_vs_WR,421,4950
comp,hwang,2025,QB_vs_WR,4943,7571
comp,hwang,2025,QB_vs_WR,4943,4950
comp,hwang,2025,QB_vs_WR,4943,8676
comp,hwang,2025,QB_vs_WR,1234,9501
comp,hwang,2025,QB_vs_WR,1234,11618
comp,hwang,2025,QB_vs_WR,9229,11618
comp,hwang,2025,QB_vs_WR,9229,11626
comp,hwang,2025,QB_vs_WR,19,8142
comp,hwang,2025,QB_vs_WR,11562,9504
comp,hwang,2025,QB_vs_WR,1166,6271
comp,hwang,2025,QB_vs_WR,5854,4040
comp,hwang,2025,QB_vs_WR,5854,10213
comp,hwang,2025,QB_vs_WR,2306,2197
comp,hwang,2025,QB_vs_WR,2306,8188
comp,hwang,2025,QB_vs_WR,2306,8167
comp,hwang,2025,QB_vs_WR,4972,7496
comp,hwang,2025,QB_vs_WR,4972,3286
comp,hwang,2025,QB_vs_WR,4972,9497
comp,hwang,2025,QB_vs_WR,4972,5185
comp,hwang,2025,QB_vs_WR,11256,10218
comp,hwang,2025,QB_vs_WR,11256,6920
comp,hwang,2025,QB_vs_WR,11256,6943
comp,hwang,2025,QB_vs_WR,11256,4454
comp,hwang,2025,QB_vs_WR,11256,8204
comp,hwang,2025,QB_vs_WR,11256,11629
comp,hwang,2025,QB_vs_WR,11256,6960
comp,hwang,2025,QB_vs_WR,11256,7595
comp,hwang,2025,QB_vs_WR,11256,10225
comp,hwang,2025,QB_vs_TE,6904,11604
comp,hwang,2025,QB_vs_TE,6770,11604
comp,hwang,2025,QB_vs_TE,5849,4217
comp,hwang,2025,QB_vs_TE,8183,4217
comp,hwang,2025,QB_vs_TE,11560,10859
comp,hwang,2025,QB_vs_TE,7591,10859
comp,hwang,2025,QB_vs_TE,7591,1466
comp,hwang,2025,QB_vs_TE,3163,10859
comp,hwang,2025,QB_vs_TE,3163,1466
comp,hwang,2025,QB_vs_TE,11564,1466
comp,hwang,2025,QB_vs_TE,11564,5844
comp,hwang,2025,QB_vs_TE,6797,5844
comp,hwang,2025,QB_vs_TE,11565,5844
comp,hwang,2025,QB_vs_TE,6804,12518
comp,hwang,2025,QB_vs_TE,7523,12518
comp,hwang,2025,QB_vs_TE,11559,5012
comp,hwang,2025,QB_vs_TE,11559,4066
comp,hwang,2025,QB_vs_TE,9228,4033
comp,hwang,2025,QB_vs_TE,9228,9484
comp,hwang,2025,QB_vs_TE,9228,12517
comp,hwang,2025,QB_vs_TE,9228,8110
comp,hwang,2025,QB_vs_TE,9228,10236
comp,hwang,2025,QB_vs_TE,9228,5022
comp,hwang,2025,QB_vs_TE,9228,7553
comp,hwang,2025,QB_vs_TE,6768,8110
comp,hwang,2025,QB_vs_TE,6768,10236
comp,hwang,2025,QB_vs_TE,6768,5022
comp,hwang,2025,QB_vs_TE,6768,7553
comp,hwang,2025,QB_vs_TE,1373,8210
comp,hwang,2025,QB_vs_TE,1373,4144
comp,hwang,2025,QB_vs_TE,421,8131
comp,hwang,2025,QB_vs_TE,421,12498
comp,hwang,2025,QB_vs_TE,421,8111
comp,hwang,2025,QB_vs_TE,4943,8131
comp,hwang,2025,QB_vs_TE,4943,12498
comp,hwang,2025,QB_vs_TE,4943,8111
comp,hwang,2025,QB_vs_TE,96,11600
comp,hwang,2025,QB_vs_TE,96,11597
comp,hwang,2025,QB_vs_TE,5870,7002
comp,hwang,2025,QB_vs_TE,1234,2505
comp,hwang,2025,QB_vs_TE,1234,3271
comp,hwang,2025,QB_vs_TE,1234,7828
comp,hwang,2025,QB_vs_TE,9229,7828
comp,hwang,2025,QB_vs_TE,9229,6826
comp,hwang,2025,QB_vs_TE,9229,12487
comp,hwang,2025,QB_vs_TE,19,12487
comp,hwang,2025,QB_vs_TE,19,5133
comp,hwang,2025,QB_vs_TE,19,5857
comp,hwang,2025,QB_vs_TE,11562,5985
comp,hwang,2025,QB_vs_TE,11562,9482
comp,hwang,2025,QB_vs_TE,11562,4381
comp,hwang,2025,QB_vs_TE,1166,9479
comp,hwang,2025,QB_vs_TE,1166,8177
comp,hwang,2025,QB_vs_TE,1166,10231
comp,hwang,2025,QB_vs_TE,4972,8127
comp,hwang,2025,QB_vs_TE,11256,11595
comp,hwang,2025,RB_vs_WR,4034,7564
comp,hwang,2025,RB_vs_WR,3198,6786
comp,hwang,2025,RB_vs_WR,3198,6794
comp,hwang,2025,RB_vs_WR,9224,6794
comp,hwang,2025,RB_vs_WR,9224,7569
comp,hwang,2025,RB_vs_WR,11584,6794
comp,hwang,2025,RB_vs_WR,11584,7569
comp,hwang,2025,RB_vs_WR,9226,7569
comp,hwang,2025,RB_vs_WR,9226,7547
comp,hwang,2025,RB_vs_WR,9226,11632
comp,hwang,2025,RB_vs_WR,5850,7569
comp,hwang,2025,RB_vs_WR,5850,7547
comp,hwang,2025,RB_vs_WR,5850,11632
comp,hwang,2025,RB_vs_WR,6813,7569
comp,hwang,2025,RB_vs_WR,6813,7547
comp,hwang,2025,RB_vs_WR,6813,11632
comp,hwang,2025,RB_vs_WR,8150,7547
comp,hwang,2025,RB_vs_WR,8150,11632
comp,hwang,2025,RB_vs_WR,8150,11631
comp,hwang,2025,RB_vs_WR,8150,9493
comp,hwang,2025,RB_vs_WR,8138,11631
comp,hwang,2025,RB_vs_WR,8138,9493
comp,hwang,2025,RB_vs_WR,8138,8112
comp,hwang,2025,RB_vs_WR,8138,5859
comp,hwang,2025,RB_vs_WR,8155,8146
comp,hwang,2025,RB_vs_WR,8155,6801
comp,hwang,2025,RB_vs_WR,8155,3321
comp,hwang,2025,RB_vs_WR,8155,5927
comp,hwang,2025,RB_vs_WR,8155,11628
comp,hwang,2025,RB_vs_WR,8155,2216
comp,hwang,2025,RB_vs_WR,8151,3321
comp,hwang,2025,RB_vs_WR,8151,5927
comp,hwang,2025,RB_vs_WR,8151,11628
comp,hwang,2025,RB_vs_WR,8151,2216
comp,hwang,2025,RB_vs_WR,7594,2133
comp,hwang,2025,RB_vs_WR,7594,4983
comp,hwang,2025,RB_vs_WR,7594,5045
comp,hwang,2025,RB_vs_WR,7594,11624
comp,hwang,2025,RB_vs_WR,7594,8148
comp,hwang,2025,RB_vs_WR,7594,7525
comp,hwang,2025,RB_vs_WR,7594,5846
comp,hwang,2025,RB_vs_WR,7594,8137
comp,hwang,2025,RB_vs_WR,4035,2133
comp,hwang,2025,RB_vs_WR,4035,4983
comp,hwang,2025,RB_vs_WR,4035,5045
comp,hwang,2025,RB_vs_WR,4035,11624
comp,hwang,2025,RB_vs_WR,4035,8148
comp,hwang,2025,RB_vs_WR,4035,7525
comp,hwang,2025,RB_vs_WR,4035,5846
comp,hwang,2025,RB_vs_WR,4035,8137
comp,hwang,2025,RB_vs_WR,4035,9997
comp,hwang,2025,RB_vs_WR,4137,4983
comp,hwang,2025,RB_vs_WR,4137,5045
comp,hwang,2025,RB_vs_WR,4137,11624
comp,hwang,2025,RB_vs_WR,4137,8148
comp,hwang,2025,RB_vs_WR,4137,7525
comp,hwang,2025,RB_vs_WR,4137,5846
comp,hwang,2025,RB_vs_WR,4137,8137
comp,hwang,2025,RB_vs_WR,4137,9997
comp,hwang,2025,RB_vs_WR,4137,4981
comp,hwang,2025,RB_vs_WR,6790,8137
comp,hwang,2025,RB_vs_WR,6790,9997
comp,hwang,2025,RB_vs_WR,6790,4981
comp,hwang,2025,RB_vs_WR,6790,10229
comp,hwang,2025,RB_vs_WR,8205,4981
comp,hwang,2025,RB_vs_WR,8205,10229
comp,hwang,2025,RB_vs_WR,8205,11638
comp,hwang,2025,RB_vs_WR,8205,6783
comp,hwang,2025,RB_vs_WR,8205,7526
comp,hwang,2025,RB_vs_WR,5967,4981
comp,hwang,2025,RB_vs_WR,5967,10229
comp,hwang,2025,RB_vs_WR,5967,11638
comp,hwang,2025,RB_vs_WR,5967,6783
comp,hwang,2025,RB_vs_WR,5967,7526
comp,hwang,2025,RB_vs_WR,4199,10229
comp,hwang,2025,RB_vs_WR,4199,11638
comp,hwang,2025,RB_vs_WR,4199,6783
comp,hwang,2025,RB_vs_WR,4199,7526
comp,hwang,2025,RB_vs_WR,4199,9756
comp,hwang,2025,RB_vs_WR,5892,11638
comp,hwang,2025,RB_vs_WR,5892,6783
comp,hwang,2025,RB_vs_WR,5892,7526
comp,hwang,2025,RB_vs_WR,5892,9756
comp,hwang,2025,RB_vs_WR,5892,11620
comp,hwang,2025,RB_vs_WR,8228,11620
comp,hwang,2025,RB_vs_WR,8228,5872
comp,hwang,2025,RB_vs_WR,8228,8144
comp,hwang,2025,RB_vs_WR,8228,2449
comp,hwang,2025,RB_vs_WR,8228,5947
comp,hwang,2025,RB_vs_WR,7588,5872
comp,hwang,2025,RB_vs_WR,7588,8144
comp,hwang,2025,RB_vs_WR,7588,2449
comp,hwang,2025,RB_vs_WR,7588,5947
comp,hwang,2025,RB_vs_WR,7588,8134
comp,hwang,2025,RB_vs_WR,9753,4039
comp,hwang,2025,RB_vs_WR,9753,7049
comp,hwang,2025,RB_vs_WR,9753,11637
comp,hwang,2025,RB_vs_WR,9753,6819
comp,hwang,2025,RB_vs_WR,9753,4037
comp,hwang,2025,RB_vs_WR,8408,4039
comp,hwang,2025,RB_vs_WR,8408,7049
comp,hwang,2025,RB_vs_WR,8408,11637
comp,hwang,2025,RB_vs_WR,8408,6819
comp,hwang,2025,RB_vs_WR,8408,4037
comp,hwang,2025,RB_vs_WR,7543,4039
comp,hwang,2025,RB_vs_WR,7543,7049
comp,hwang,2025,RB_vs_WR,7543,11637
comp,hwang,2025,RB_vs_WR,7543,6819
comp,hwang,2025,RB_vs_WR,7543,4037
comp,hwang,2025,RB_vs_WR,7611,10222
comp,hwang,2025,RB_vs_WR,7611,7090
comp,hwang,2025,RB_vs_WR,7611,9494
comp,hwang,2025,RB_vs_WR,6806,4950
comp,hwang,2025,RB_vs_WR,6806,8676
comp,hwang,2025,RB_vs_WR,8154,5848
comp,hwang,2025,RB_vs_WR,7528,10444
comp,hwang,2025,RB_vs_WR,7528,8121
comp,hwang,2025,RB_vs_WR,7528,1479
comp,hwang,2025,RB_vs_WR,8136,9754
comp,hwang,2025,RB_vs_WR,8136,8126
comp,hwang,2025,RB_vs_WR,9508,9754
comp,hwang,2025,RB_vs_WR,9508,8126
comp,hwang,2025,RB_vs_WR,9508,9501
comp,hwang,2025,RB_vs_WR,11576,9501
comp,hwang,2025,RB_vs_WR,11576,11618
comp,hwang,2025,RB_vs_WR,11576,11626
comp,hwang,2025,RB_vs_WR,7021,11626
comp,hwang,2025,RB_vs_WR,8143,8142
comp,hwang,2025,RB_vs_WR,8143,1689
comp,hwang,2025,RB_vs_WR,8132,9486
comp,hwang,2025,RB_vs_WR,8132,6149
comp,hwang,2025,RB_vs_WR,8132,10232
comp,hwang,2025,RB_vs_WR,4988,6149
comp,hwang,2025,RB_vs_WR,4988,10232
comp,hwang,2025,RB_vs_WR,4988,1426
comp,hwang,2025,RB_vs_WR,4988,8125
comp,hwang,2025,RB_vs_WR,11575,10232
comp,hwang,2025,RB_vs_WR,11575,1426
comp,hwang,2025,RB_vs_WR,11575,8125
comp,hwang,2025,RB_vs_WR,10219,9504
comp,hwang,2025,RB_vs_WR,10219,11630
comp,hwang,2025,RB_vs_WR,5995,8117
comp,hwang,2025,RB_vs_WR,5995,11610
comp,hwang,2025,RB_vs_WR,11586,2374
comp,hwang,2025,RB_vs_WR,11586,7587
comp,hwang,2025,RB_vs_WR,10235,7587
comp,hwang,2025,RB_vs_WR,11577,11627
comp,hwang,2025,RB_vs_WR,11577,6271
comp,hwang,2025,RB_vs_WR,11439,10213
comp,hwang,2025,RB_vs_WR,11439,2197
comp,hwang,2025,RB_vs_WR,4098,2197
comp,hwang,2025,RB_vs_WR,4098,8188
comp,hwang,2025,RB_vs_WR,11643,11650
comp,hwang,2025,RB_vs_WR,11643,8168
comp,hwang,2025,RB_vs_WR,11643,4082
comp,hwang,2025,RB_vs_WR,11643,8917
comp,hwang,2025,RB_vs_WR,11643,11617
comp,hwang,2025,RB_vs_WR,11643,4234
comp,hwang,2025,RB_vs_WR,11643,5086
comp,hwang,2025,RB_vs_WR,11643,4351
comp,hwang,2025,RB_vs_WR,8129,11650
comp,hwang,2025,RB_vs_WR,8129,8168
comp,hwang,2025,RB_vs_WR,8129,4082
comp,hwang,2025,RB_vs_WR,8129,8917
comp,hwang,2025,RB_vs_WR,8129,11617
comp,hwang,2025,RB_vs_WR,8129,4234
comp,hwang,2025,RB_vs_WR,8129,5086
comp,hwang,2025,RB_vs_WR,8129,4351
comp,hwang,2025,RB_vs_WR,8129,4171
comp,hwang,2025,RB_vs_WR,8129,7596
comp,hwang,2025,RB_vs_WR,8129,8119
comp,hwang,2025,RB_vs_WR,9511,8917
comp,hwang,2025,RB_vs_WR,9511,11617
comp,hwang,2025,RB_vs_WR,9511,4234
comp,hwang,2025,RB_vs_WR,9511,5086
comp,hwang,2025,RB_vs_WR,9511,4351
comp,hwang,2025,RB_vs_WR,9511,4171
comp,hwang,2025,RB_vs_WR,9511,7596
comp,hwang,2025,RB_vs_WR,9511,8119
comp,hwang,2025,RB_vs_WR,9511,8147
comp,hwang,2025,RB_vs_WR,9506,5086
comp,hwang,2025,RB_vs_WR,9506,4351
comp,hwang,2025,RB_vs_WR,9506,4171
comp,hwang,2025,RB_vs_WR,9506,7596
comp,hwang,2025,RB_vs_WR,9506,8119
comp,hwang,2025,RB_vs_WR,9506,8147
comp,hwang,2025,RB_vs_WR,9506,7496
comp,hwang,2025,RB_vs_WR,9506,3286
comp,hwang,2025,RB_vs_WR,6151,6853
comp,hwang,2025,RB_vs_WR,6151,4080
comp,hwang,2025,RB_vs_WR,6151,9487
comp,hwang,2025,RB_vs_WR,6151,10867
comp,hwang,2025,RB_vs_WR,6151,5970
comp,hwang,2025,RB_vs_WR,9757,10218
comp,hwang,2025,RB_vs_WR,9757,6920
comp,hwang,2025,RB_vs_WR,9757,6943
comp,hwang,2025,RB_vs_WR,9757,4454
comp,hwang,2025,RB_vs_WR,9757,8204
comp,hwang,2025,RB_vs_WR,9757,11629
comp,hwang,2025,RB_vs_WR,9757,6960
comp,hwang,2025,RB_vs_WR,9757,7595
comp,hwang,2025,RB_vs_WR,9757,10225
comp,hwang,2025,RB_vs_TE,4866,11604
comp,hwang,2025,RB_vs_TE,3198,8130
comp,hwang,2025,RB_vs_TE,9224,8130
comp,hwang,2025,RB_vs_TE,11584,8130
comp,hwang,2025,RB_vs_TE,8150,4217
comp,hwang,2025,RB_vs_TE,8138,4217
comp,hwang,2025,RB_vs_TE,8155,1466
comp,hwang,2025,RB_vs_TE,8155,5844
comp,hwang,2025,RB_vs_TE,8151,5844
comp,hwang,2025,RB_vs_TE,7594,12518
comp,hwang,2025,RB_vs_TE,4035,12518
comp,hwang,2025,RB_vs_TE,4137,12518
comp,hwang,2025,RB_vs_TE,6790,12518
comp,hwang,2025,RB_vs_TE,6790,5012
comp,hwang,2025,RB_vs_TE,8205,5012
comp,hwang,2025,RB_vs_TE,8205,4066
comp,hwang,2025,RB_vs_TE,5967,5012
comp,hwang,2025,RB_vs_TE,5967,4066
comp,hwang,2025,RB_vs_TE,4199,5012
comp,hwang,2025,RB_vs_TE,4199,4066
comp,hwang,2025,RB_vs_TE,5892,4066
comp,hwang,2025,RB_vs_TE,8228,4033
comp,hwang,2025,RB_vs_TE,8228,9484
comp,hwang,2025,RB_vs_TE,8228,12517
comp,hwang,2025,RB_vs_TE,8228,8110
comp,hwang,2025,RB_vs_TE,8228,10236
comp,hwang,2025,RB_vs_TE,8228,5022
comp,hwang,2025,RB_vs_TE,8228,7553
comp,hwang,2025,RB_vs_TE,7588,8110
comp,hwang,2025,RB_vs_TE,7588,10236
comp,hwang,2025,RB_vs_TE,7588,5022
comp,hwang,2025,RB_vs_TE,7588,7553
comp,hwang,2025,RB_vs_TE,9753,1339
comp,hwang,2025,RB_vs_TE,9753,9480
comp,hwang,2025,RB_vs_TE,9753,3214
comp,hwang,2025,RB_vs_TE,8408,1339
comp,hwang,2025,RB_vs_TE,8408,9480
comp,hwang,2025,RB_vs_TE,8408,3214
comp,hwang,2025,RB_vs_TE,7543,1339
comp,hwang,2025,RB_vs_TE,7543,9480
comp,hwang,2025,RB_vs_TE,7543,3214
comp,hwang,2025,RB_vs_TE,7611,8210
comp,hwang,2025,RB_vs_TE,7611,4144
comp,hwang,2025,RB_vs_TE,6806,8111
comp,hwang,2025,RB_vs_TE,6806,4993
comp,hwang,2025,RB_vs_TE,9225,4993
comp,hwang,2025,RB_vs_TE,9225,11600
comp,hwang,2025,RB_vs_TE,9225,11597
comp,hwang,2025,RB_vs_TE,8154,11600
comp,hwang,2025,RB_vs_TE,8154,11597
comp,hwang,2025,RB_vs_TE,7528,12521
comp,hwang,2025,RB_vs_TE,7528,12506
comp,hwang,2025,RB_vs_TE,7528,7600
comp,hwang,2025,RB_vs_TE,11589,7002
comp,hwang,2025,RB_vs_TE,8136,7002
comp,hwang,2025,RB_vs_TE,8136,5001
comp,hwang,2025,RB_vs_TE,8136,2505
comp,hwang,2025,RB_vs_TE,9508,5001
comp,hwang,2025,RB_vs_TE,9508,2505
comp,hwang,2025,RB_vs_TE,11576,3271
comp,hwang,2025,RB_vs_TE,11576,7828
comp,hwang,2025,RB_vs_TE,11576,6826
comp,hwang,2025,RB_vs_TE,7021,6826
comp,hwang,2025,RB_vs_TE,7021,12487
comp,hwang,2025,RB_vs_TE,8143,5133
comp,hwang,2025,RB_vs_TE,8143,5857
comp,hwang,2025,RB_vs_TE,8132,12493
comp,hwang,2025,RB_vs_TE,8132,11603
comp,hwang,2025,RB_vs_TE,4988,11603
comp,hwang,2025,RB_vs_TE,11575,11603
comp,hwang,2025,RB_vs_TE,10219,9482
comp,hwang,2025,RB_vs_TE,10219,4381
comp,hwang,2025,RB_vs_TE,10219,11596
comp,hwang,2025,RB_vs_TE,10219,5906
comp,hwang,2025,RB_vs_TE,5995,12502
comp,hwang,2025,RB_vs_TE,5995,9481
comp,hwang,2025,RB_vs_TE,11586,6865
comp,hwang,2025,RB_vs_TE,11586,11599
comp,hwang,2025,RB_vs_TE,10235,11599
comp,hwang,2025,RB_vs_TE,11577,9479
comp,hwang,2025,RB_vs_TE,11577,8177
comp,hwang,2025,RB_vs_TE,11577,10231
comp,hwang,2025,RB_vs_TE,8129,3202
comp,hwang,2025,RB_vs_TE,9511,3202
comp,hwang,2025,RB_vs_TE,9506,3202
comp,hwang,2025,RB_vs_TE,9506,8127
comp,hwang,2025,RB_vs_TE,6151,10871
comp,hwang,2025,RB_vs_TE,6151,7694
comp,hwang,2025,RB_vs_TE,6151,8172
comp,hwang,2025,RB_vs_TE,6151,8225
comp,hwang,2025,RB_vs_TE,9757,11595
comp,hwang,2025,WR_vs_TE,6786,8130
comp,hwang,2025,WR_vs_TE,6794,8130
comp,hwang,2025,WR_vs_TE,11631,4217
comp,hwang,2025,WR_vs_TE,9493,4217
comp,hwang,2025,WR_vs_TE,8112,4217
comp,hwang,2025,WR_vs_TE,5859,10859
comp,hwang,2025,WR_vs_TE,11635,10859
comp,hwang,2025,WR_vs_TE,9488,10859
comp,hwang,2025,WR_vs_TE,8146,10859
comp,hwang,2025,WR_vs_TE,8146,1466
comp,hwang,2025,WR_vs_TE,8146,5844
comp,hwang,2025,WR_vs_TE,6801,10859
comp,hwang,2025,WR_vs_TE,6801,1466
comp,hwang,2025,WR_vs_TE,6801,5844
comp,hwang,2025,WR_vs_TE,3321,1466
comp,hwang,2025,WR_vs_TE,3321,5844
comp,hwang,2025,WR_vs_TE,5927,5844
comp,hwang,2025,WR_vs_TE,11628,5844
comp,hwang,2025,WR_vs_TE,2216,5844
comp,hwang,2025,WR_vs_TE,2133,12518
comp,hwang,2025,WR_vs_TE,4983,12518
comp,hwang,2025,WR_vs_TE,5045,12518
comp,hwang,2025,WR_vs_TE,11624,12518
comp,hwang,2025,WR_vs_TE,8148,12518
comp,hwang,2025,WR_vs_TE,7525,12518
comp,hwang,2025,WR_vs_TE,5846,12518
comp,hwang,2025,WR_vs_TE,8137,12518
comp,hwang,2025,WR_vs_TE,9997,12518
comp,hwang,2025,WR_vs_TE,9997,5012
comp,hwang,2025,WR_vs_TE,4981,5012
comp,hwang,2025,WR_vs_TE,10229,5012
comp,hwang,2025,WR_vs_TE,10229,4066
comp,hwang,2025,WR_vs_TE,11638,5012
comp,hwang,2025,WR_vs_TE,11638,4066
comp,hwang,2025,WR_vs_TE,6783,5012
comp,hwang,2025,WR_vs_TE,6783,4066
comp,hwang,2025,WR_vs_TE,7526,4066
comp,hwang,2025,WR_vs_TE,7526,4033
comp,hwang,2025,WR_vs_TE,9756,4066
comp,hwang,2025,WR_vs_TE,9756,4033
comp,hwang,2025,WR_vs_TE,9756,9484
comp,hwang,2025,WR_vs_TE,9756,12517
comp,hwang,2025,WR_vs_TE,11620,4033
comp,hwang,2025,WR_vs_TE,11620,9484
comp,hwang,2025,WR_vs_TE,11620,12517
comp,hwang,2025,WR_vs_TE,5872,4033
comp,hwang,2025,WR_vs_TE,5872,9484
comp,hwang,2025,WR_vs_TE,5872,12517
comp,hwang,2025,WR_vs_TE,5872,8110
comp,hwang,2025,WR_vs_TE,5872,10236
comp,hwang,2025,WR_vs_TE,5872,5022
comp,hwang,2025,WR_vs_TE,5872,7553
comp,hwang,2025,WR_vs_TE,8144,9484
comp,hwang,2025,WR_vs_TE,8144,12517
comp,hwang,2025,WR_vs_TE,8144,8110
comp,hwang,2025,WR_vs_TE,8144,10236
comp,hwang,2025,WR_vs_TE,8144,5022
comp,hwang,2025,WR_vs_TE,8144,7553
comp,hwang,2025,WR_vs_TE,2449,12517
comp,hwang,2025,WR_vs_TE,2449,8110
comp,hwang,2025,WR_vs_TE,2449,10236
comp,hwang,2025,WR_vs_TE,2449,5022
comp,hwang,2025,WR_vs_TE,2449,7553
comp,hwang,2025,WR_vs_TE,5947,8110
comp,hwang,2025,WR_vs_TE,5947,10236
comp,hwang,2025,WR_vs_TE,5947,5022
comp,hwang,2025,WR_vs_TE,5947,7553
comp,hwang,2025,WR_vs_TE,5947,1339
comp,hwang,2025,WR_vs_TE,8134,8110
comp,hwang,2025,WR_vs_TE,8134,10236
comp,hwang,2025,WR_vs_TE,8134,5022
comp,hwang,2025,WR_vs_TE,8134,7553
comp,hwang,2025,WR_vs_TE,8134,1339
comp,hwang,2025,WR_vs_TE,4039,5022
comp,hwang,2025,WR_vs_TE,4039,7553
comp,hwang,2025,WR_vs_TE,4039,1339
comp,hwang,2025,WR_vs_TE,4039,9480
comp,hwang,2025,WR_vs_TE,4039,3214
comp,hwang,2025,WR_vs_TE,7049,1339
comp,hwang,2025,WR_vs_TE,7049,9480
comp,hwang,2025,WR_vs_TE,7049,3214
comp,hwang,2025,WR_vs_TE,11637,1339
comp,hwang,2025,WR_vs_TE,11637,9480
comp,hwang,2025,WR_vs_TE,11637,3214
comp,hwang,2025,WR_vs_TE,6819,9480
comp,hwang,2025,WR_vs_TE,6819,3214
comp,hwang,2025,WR_vs_TE,4037,9480
comp,hwang,2025,WR_vs_TE,4037,3214
comp,hwang,2025,WR_vs_TE,9500,8210
comp,hwang,2025,WR_vs_TE,9500,4144
comp,hwang,2025,WR_vs_TE,10222,8210
comp,hwang,2025,WR_vs_TE,10222,4144
comp,hwang,2025,WR_vs_TE,7090,8210
comp,hwang,2025,WR_vs_TE,7090,4144
comp,hwang,2025,WR_vs_TE,9494,4144
comp,hwang,2025,WR_vs_TE,9494,8131
comp,hwang,2025,WR_vs_TE,7571,8131
comp,hwang,2025,WR_vs_TE,7571,12498
comp,hwang,2025,WR_vs_TE,7571,8111
comp,hwang,2025,WR_vs_TE,4950,8131
comp,hwang,2025,WR_vs_TE,4950,12498
comp,hwang,2025,WR_vs_TE,4950,8111
comp,hwang,2025,WR_vs_TE,8676,8111
comp,hwang,2025,WR_vs_TE,8676,4993
comp,hwang,2025,WR_vs_TE,5848,11597
comp,hwang,2025,WR_vs_TE,5848,12521
comp,hwang,2025,WR_vs_TE,10444,12521
comp,hwang,2025,WR_vs_TE,10444,12506
comp,hwang,2025,WR_vs_TE,8121,12521
comp,hwang,2025,WR_vs_TE,8121,12506
comp,hwang,2025,WR_vs_TE,8121,7600
comp,hwang,2025,WR_vs_TE,1479,12506
comp,hwang,2025,WR_vs_TE,1479,7600
comp,hwang,2025,WR_vs_TE,9754,7002
comp,hwang,2025,WR_vs_TE,9754,5001
comp,hwang,2025,WR_vs_TE,9754,2505
comp,hwang,2025,WR_vs_TE,8126,5001
comp,hwang,2025,WR_vs_TE,8126,2505
comp,hwang,2025,WR_vs_TE,9501,2505
comp,hwang,2025,WR_vs_TE,9501,3271
comp,hwang,2025,WR_vs_TE,9501,7828
comp,hwang,2025,WR_vs_TE,9501,6826
comp,hwang,2025,WR_vs_TE,11618,3271
comp,hwang,2025,WR_vs_TE,11618,7828
comp,hwang,2025,WR_vs_TE,11618,6826
comp,hwang,2025,WR_vs_TE,11626,7828
comp,hwang,2025,WR_vs_TE,11626,6826
comp,hwang,2025,WR_vs_TE,11626,12487
comp,hwang,2025,WR_vs_TE,8142,12487
comp,hwang,2025,WR_vs_TE,8142,5133
comp,hwang,2025,WR_vs_TE,8142,5857
comp,hwang,2025,WR_vs_TE,1689,5133
comp,hwang,2025,WR_vs_TE,1689,5857
comp,hwang,2025,WR_vs_TE,9486,12493
comp,hwang,2025,WR_vs_TE,6149,12493
comp,hwang,2025,WR_vs_TE,6149,11603
comp,hwang,2025,WR_vs_TE,10232,12493
comp,hwang,2025,WR_vs_TE,10232,11603
comp,hwang,2025,WR_vs_TE,1426,11603
comp,hwang,2025,WR_vs_TE,9504,5985
comp,hwang,2025,WR_vs_TE,9504,9482
comp,hwang,2025,WR_vs_TE,9504,4381
comp,hwang,2025,WR_vs_TE,11630,4381
comp,hwang,2025,WR_vs_TE,11630,11596
comp,hwang,2025,WR_vs_TE,11630,5906
comp,hwang,2025,WR_vs_TE,11630,12502
comp,hwang,2025,WR_vs_TE,8117,12502
comp,hwang,2025,WR_vs_TE,8117,9481
comp,hwang,2025,WR_vs_TE,11610,12502
comp,hwang,2025,WR_vs_TE,11610,9481
comp,hwang,2025,WR_vs_TE,11625,5010
comp,hwang,2025,WR_vs_TE,11625,6865
comp,hwang,2025,WR_vs_TE,10226,5010
comp,hwang,2025,WR_vs_TE,10226,6865
comp,hwang,2025,WR_vs_TE,2374,5010
comp,hwang,2025,WR_vs_TE,2374,6865
comp,hwang,2025,WR_vs_TE,7587,6865
comp,hwang,2025,WR_vs_TE,8180,11599
comp,hwang,2025,WR_vs_TE,8180,7891
comp,hwang,2025,WR_vs_TE,8180,9479
comp,hwang,2025,WR_vs_TE,8180,8177
comp,hwang,2025,WR_vs_TE,11627,7891
comp,hwang,2025,WR_vs_TE,11627,9479
comp,hwang,2025,WR_vs_TE,11627,8177
comp,hwang,2025,WR_vs_TE,6271,9479
comp,hwang,2025,WR_vs_TE,6271,8177
comp,hwang,2025,WR_vs_TE,6271,10231
comp,hwang,2025,WR_vs_TE,8188,5973
comp,hwang,2025,WR_vs_TE,8167,5973
comp,hwang,2025,WR_vs_TE,7562,5973
comp,hwang,2025,WR_vs_TE,11617,3202
comp,hwang,2025,WR_vs_TE,4234,3202
comp,hwang,2025,WR_vs_TE,5086,3202
comp,hwang,2025,WR_vs_TE,4351,3202
comp,hwang,2025,WR_vs_TE,4171,3202
comp,hwang,2025,WR_vs_TE,7596,3202
comp,hwang,2025,WR_vs_TE,8119,3202
comp,hwang,2025,WR_vs_TE,8147,3202
comp,hwang,2025,WR_vs_TE,8147,8127
comp,hwang,2025,WR_vs_TE,7496,3202
comp,hwang,2025,WR_vs_TE,7496,8127
comp,hwang,2025,WR_vs_TE,3286,8127
comp,hwang,2025,WR_vs_TE,5185,10871
comp,hwang,2025,WR_vs_TE,6853,10871
comp,hwang,2025,WR_vs_TE,6853,7694
comp,hwang,2025,WR_vs_TE,6853,8172
comp,hwang,2025,WR_vs_TE,4080,10871
comp,hwang,2025,WR_vs_TE,4080,7694
comp,hwang,2025,WR_vs_TE,4080,8172
comp,hwang,2025,WR_vs_TE,4080,8225
comp,hwang,2025,WR_vs_TE,9487,10871
comp,hwang,2025,WR_vs_TE,9487,7694
comp,hwang,2025,WR_vs_TE,9487,8172
comp,hwang,2025,WR_vs_TE,9487,8225
comp,hwang,2025,WR_vs_TE,10867,10871
comp,hwang,2025,WR_vs_TE,10867,7694
comp,hwang,2025,WR_vs_TE,10867,8172
comp,hwang,2025,WR_vs_TE,10867,8225
comp,hwang,2025,WR_vs_TE,5970,10871
comp,hwang,2025,WR_vs_TE,5970,7694
comp,hwang,2025,WR_vs_TE,5970,8172
comp,hwang,2025,WR_vs_TE,5970,8225
comp,hwang,2025,WR_vs_TE,10218,8172
comp,hwang,2025,WR_vs_TE,10218,8225
comp,hwang,2025,WR_vs_TE,10218,11595
comp,hwang,2025,WR_vs_TE,6920,8172
comp,hwang,2025,WR_vs_TE,6920,8225
comp,hwang,2025,WR_vs_TE,6920,11595
comp,hwang,2025,WR_vs_TE,6943,8172
comp,hwang,2025,WR_vs_TE,6943,8225
comp,hwang,2025,WR_vs_TE,6943,11595
comp,hwang,2025,WR_vs_TE,4454,8172
comp,hwang,2025,WR_vs_TE,4454,8225
comp,hwang,2025,WR_vs_TE,4454,11595
comp,hwang,2025,WR_vs_TE,8204,8172
comp,hwang,2025,WR_vs_TE,8204,8225
comp,hwang,2025,WR_vs_TE,8204,11595
comp,hwang,2025,WR_vs_TE,11629,8225
comp,hwang,2025,WR_vs_TE,11629,11595
comp,hwang,2025,WR_vs_TE,6960,11595
comp,hwang,2025,WR_vs_TE,6960,8145
comp,hwang,2025,WR_vs_TE,7595,11595
comp,hwang,2025,WR_vs_TE,7595,8145
comp,hwang,2025,WR_vs_TE,10225,11595
comp,hwang,2025,WR_vs_TE,10225,8145
comp,hwang,2025,WR_vs_TE,6290,8145
comp,hwang,2025,WR_vs_TE,8135,8145
